Parallel sweep worker 4/4: 2 of 10 seeds assigned.
Sweep vine observation mode: zero

[1/2] Training seed 20260844
Loading configuration from: config/config.yaml 
Run mode: full | seed: 20260844 | CVaR simulations/step: 512 | vine simulation cores: 23
Loading synthetic return bundle: data/synthetic_returns.RData
Loaded 1000 pre-training and 61 fine-tuning episodes.
Fine-tuning selection: 37 fit episodes, 23 purged overlapping episodes, 1 validation episode; final refit uses all 61.
Run seed: 20260844
Run mode: full
PyTorch: 2.10.0+cu128
Device: cuda
Action schema: interior_rank_partition_leverage_gate_v5; projection temperature=1.5
GPU: NVIDIA A100-SXM4-80GB
PYTHON: Framework ready.
Action schema: interior_rank_partition_leverage_gate_v5 | gross=1.500 | net=1.000 | max_long=0.600 | max_short=0.200
Risk/training: entropy_coef=0.005 | leverage_target=0.800 | leverage_penalty=0.25 | direction_bound=5.000 | AMP=False

============================================================
Stage 1: Pre-training on Synthetic Data

============================================================
============================================================
STAGE 1: PRE-TRAINING
============================================================
============================================================
TRAIN STAGE STARTED: stage=pretrain, episodes=1000, batch_size=128, updates_per_step=1
============================================================
Episode 1  Reward:   0.048076  Wealth:    118235.05  Turnover: 1.1110  Gross: 1.2810  Gate: 0.5619
Episode 2  Reward:  -0.132832  Wealth:     96739.08  Turnover: 1.1480  Gross: 1.2369  Gate: 0.4739
Episode 3  Reward:   0.219085  Wealth:    147008.37  Turnover: 1.0462  Gross: 1.2509  Gate: 0.5019
Episode 4  Reward:  -0.672806  Wealth:     63646.46  Turnover: 1.0734  Gross: 1.2651  Gate: 0.5302
Episode 5  Reward:  -0.104808  Wealth:     99906.23  Turnover: 1.1877  Gross: 1.2835  Gate: 0.5670
Episode 6  Reward:  -0.144585  Wealth:     96545.15  Turnover: 1.1389  Gross: 1.2532  Gate: 0.5064
Episode 7  Reward:   0.025672  Wealth:    115502.78  Turnover: 1.0071  Gross: 1.2262  Gate: 0.4525
Episode 8  Reward:   0.026161  Wealth:    114213.76  Turnover: 1.0995  Gross: 1.2312  Gate: 0.4623
Episode 9  Reward:   0.085329  Wealth:    122146.14  Turnover: 0.9960  Gross: 1.2271  Gate: 0.4542
Episode 10  Reward:   0.113900  Wealth:    127924.73  Turnover: 1.0587  Gross: 1.2206  Gate: 0.4412
Episode     10  AvgReward:  -0.053681  Noise: 0.1473
Episode 11  Reward:   0.251015  Wealth:    154587.66  Turnover: 1.1426  Gross: 1.2274  Gate: 0.4549
Episode 12  Reward:   0.028283  Wealth:    114947.85  Turnover: 1.0254  Gross: 1.2635  Gate: 0.5271
Episode 13  Reward:  -0.644004  Wealth:     64989.49  Turnover: 1.0329  Gross: 1.2775  Gate: 0.5551
Episode 14  Reward:  -0.012183  Wealth:    109857.99  Turnover: 1.0473  Gross: 1.2161  Gate: 0.4322
Episode 15  Reward:   0.093967  Wealth:    123919.26  Turnover: 1.0303  Gross: 1.2409  Gate: 0.4818
Episode 16  Reward:  -0.032869  Wealth:    107279.89  Turnover: 1.1424  Gross: 1.2505  Gate: 0.5009
Episode 17  Reward:  -0.006705  Wealth:    110878.97  Turnover: 1.0322  Gross: 1.2320  Gate: 0.4640
Episode 18  Reward:  -0.056103  Wealth:    104206.58  Turnover: 1.2307  Gross: 1.2970  Gate: 0.5939
Episode 19  Reward:   0.227012  Wealth:    148938.41  Turnover: 1.0193  Gross: 1.2473  Gate: 0.4945
Episode 20  Reward:  -0.093341  Wealth:    100520.24  Turnover: 1.0761  Gross: 1.2574  Gate: 0.5148
Episode     20  AvgReward:  -0.024493  Noise: 0.1444
Episode 21  Reward:  -0.048206  Wealth:    105385.20  Turnover: 0.9263  Gross: 1.2360  Gate: 0.4721
Episode 22  Reward:  -0.157339  Wealth:     94010.39  Turnover: 1.1133  Gross: 1.2540  Gate: 0.5079
Episode 23  Reward:   0.089696  Wealth:    122948.82  Turnover: 0.9701  Gross: 1.2665  Gate: 0.5330
Episode 24  Reward:   0.165288  Wealth:    137372.65  Turnover: 1.0945  Gross: 1.2616  Gate: 0.5231
Episode 25  Reward:   0.232441  Wealth:    150075.23  Turnover: 1.0735  Gross: 1.2322  Gate: 0.4644
Episode 26  Reward:  -0.254098  Wealth:     86315.21  Turnover: 1.2295  Gross: 1.2530  Gate: 0.5060
Episode 27  Reward:  -0.053783  Wealth:    105162.15  Turnover: 1.0714  Gross: 1.2363  Gate: 0.4727
Episode 28  Reward:  -0.092139  Wealth:    100637.56  Turnover: 1.0502  Gross: 1.2606  Gate: 0.5212
Episode 29  Reward:  -0.195553  Wealth:     91341.03  Turnover: 1.1365  Gross: 1.2210  Gate: 0.4419
Episode 30  Reward:  -0.140550  Wealth:     96563.26  Turnover: 1.0224  Gross: 1.2143  Gate: 0.4287
Episode     30  AvgReward:  -0.045424  Noise: 0.1415
Episode 31  Reward:   0.178523  Wealth:    138560.78  Turnover: 1.0863  Gross: 1.2399  Gate: 0.4797
Episode 32  Reward:  -0.084283  Wealth:    101192.20  Turnover: 1.1114  Gross: 1.2497  Gate: 0.4993
Episode 33  Reward:  -0.016324  Wealth:    109474.46  Turnover: 1.1994  Gross: 1.2915  Gate: 0.5830
Episode 34  Reward:  -0.078566  Wealth:    102016.95  Turnover: 1.0815  Gross: 1.2787  Gate: 0.5574
Episode 35  Reward:   0.085120  Wealth:    123624.25  Turnover: 1.1475  Gross: 1.2448  Gate: 0.4896
Episode 36  Reward:  -0.053378  Wealth:    104759.62  Turnover: 1.0726  Gross: 1.2454  Gate: 0.4909
Episode 37  Reward:  -0.111917  Wealth:     98520.54  Turnover: 1.1082  Gross: 1.2049  Gate: 0.4099
Episode 38  Reward:  -0.035353  Wealth:    108301.46  Turnover: 1.0871  Gross: 1.2814  Gate: 0.5629
Episode 39  Reward:  -0.334137  Wealth:     80835.65  Turnover: 1.0606  Gross: 1.2603  Gate: 0.5206
Episode 40  Reward:  -0.066197  Wealth:    103525.32  Turnover: 1.1057  Gross: 1.2273  Gate: 0.4546
Episode     40  AvgReward:  -0.051651  Noise: 0.1387
Episode 41  Reward:  -0.008975  Wealth:    109961.41  Turnover: 1.0265  Gross: 1.2818  Gate: 0.5636
Episode 42  Reward:   0.092784  Wealth:    121320.64  Turnover: 0.8406  Gross: 1.2158  Gate: 0.4316
Episode 43  Reward:   0.069448  Wealth:    115701.45  Turnover: 0.2938  Gross: 1.0904  Gate: 0.1808
Episode 44  Reward:   0.102322  Wealth:    119904.52  Turnover: 0.2925  Gross: 1.0950  Gate: 0.1901
Episode 45  Reward:   0.145655  Wealth:    126831.10  Turnover: 0.3072  Gross: 1.1005  Gate: 0.2011
Episode 46  Reward:   0.007122  Wealth:    107880.43  Turnover: 0.2504  Gross: 1.0993  Gate: 0.1987
Episode 47  Reward:   0.009303  Wealth:    107889.84  Turnover: 0.2560  Gross: 1.1019  Gate: 0.2037
Episode 48  Reward:   0.052467  Wealth:    113417.98  Turnover: 0.3293  Gross: 1.1082  Gate: 0.2164
Episode 49  Reward:   0.247085  Wealth:    145714.56  Turnover: 0.2815  Gross: 1.1071  Gate: 0.2141
Episode 50  Reward:   0.198325  Wealth:    135355.06  Turnover: 0.3148  Gross: 1.1165  Gate: 0.2330
Episode     50  AvgReward:   0.091553  Noise: 0.1360
Episode 51  Reward:   0.104351  Wealth:    120462.80  Turnover: 0.3000  Gross: 1.1188  Gate: 0.2377
Episode 52  Reward:   0.122175  Wealth:    123041.47  Turnover: 0.2057  Gross: 1.1183  Gate: 0.2365
Episode 53  Reward:  -0.094616  Wealth:     97427.66  Turnover: 0.1608  Gross: 1.1257  Gate: 0.2513
Episode 54  Reward:  -0.095582  Wealth:     97111.62  Turnover: 0.2416  Gross: 1.1298  Gate: 0.2596
Episode 55  Reward:   0.063014  Wealth:    114772.21  Turnover: 0.2162  Gross: 1.1355  Gate: 0.2710
Episode 56  Reward:   0.064413  Wealth:    115122.69  Turnover: 0.2235  Gross: 1.1359  Gate: 0.2718
Episode 57  Reward:   0.074553  Wealth:    116627.47  Turnover: 0.2317  Gross: 1.1412  Gate: 0.2825
Episode 58  Reward:   0.289487  Wealth:    155817.73  Turnover: 0.2243  Gross: 1.1463  Gate: 0.2927
Episode 59  Reward:  -0.001784  Wealth:    107267.08  Turnover: 0.2060  Gross: 1.1513  Gate: 0.3026
Episode 60  Reward:   0.018758  Wealth:    109820.43  Turnover: 0.1786  Gross: 1.1556  Gate: 0.3112
Episode     60  AvgReward:   0.054477  Noise: 0.1333
Episode 61  Reward:   0.109493  Wealth:    121792.86  Turnover: 0.2110  Gross: 1.1587  Gate: 0.3173
Episode 62  Reward:   0.122246  Wealth:    123856.06  Turnover: 0.2251  Gross: 1.1674  Gate: 0.3348
Episode 63  Reward:   0.045929  Wealth:    113149.14  Turnover: 0.2121  Gross: 1.1696  Gate: 0.3392
Episode 64  Reward:   0.134998  Wealth:    126137.23  Turnover: 0.1980  Gross: 1.1719  Gate: 0.3437
Episode 65  Reward:   0.103567  Wealth:    121272.83  Turnover: 0.2345  Gross: 1.1779  Gate: 0.3558
Episode 66  Reward:   0.310370  Wealth:    162263.88  Turnover: 0.1981  Gross: 1.1828  Gate: 0.3656
Episode 67  Reward:  -0.207764  Wealth:     88071.77  Turnover: 0.2230  Gross: 1.1841  Gate: 0.3682
Episode 68  Reward:   0.268989  Wealth:    152175.49  Turnover: 0.2211  Gross: 1.1882  Gate: 0.3764
Episode 69  Reward:   0.206192  Wealth:    138746.82  Turnover: 0.2194  Gross: 1.1918  Gate: 0.3837
Episode 70  Reward:  -0.046891  Wealth:    102940.73  Turnover: 0.2185  Gross: 1.1838  Gate: 0.3675
Episode     70  AvgReward:   0.104713  Noise: 0.1306
Episode 71  Reward:   0.079113  Wealth:    118208.23  Turnover: 0.2759  Gross: 1.1996  Gate: 0.3991
Episode 72  Reward:   0.208787  Wealth:    140082.14  Turnover: 0.2106  Gross: 1.1933  Gate: 0.3865
Episode 73  Reward:   0.253913  Wealth:    149539.04  Turnover: 0.2195  Gross: 1.1949  Gate: 0.3897
Episode 74  Reward:   0.111650  Wealth:    123787.19  Turnover: 0.1995  Gross: 1.2025  Gate: 0.4049
Episode 75  Reward:   0.112640  Wealth:    124373.11  Turnover: 0.2215  Gross: 1.2031  Gate: 0.4061
Episode 76  Reward:   0.005240  Wealth:    109669.69  Turnover: 0.1489  Gross: 1.2098  Gate: 0.4196
Episode 77  Reward:   0.036201  Wealth:    113908.85  Turnover: 0.1452  Gross: 1.2046  Gate: 0.4092
Episode 78  Reward:   0.058605  Wealth:    117048.61  Turnover: 0.1436  Gross: 1.2054  Gate: 0.4109
Episode 79  Reward:   0.225199  Wealth:    145952.05  Turnover: 0.2155  Gross: 1.2213  Gate: 0.4427
Episode 80  Reward:  -0.121163  Wealth:     97114.32  Turnover: 0.1581  Gross: 1.2102  Gate: 0.4203
Episode     80  AvgReward:   0.097019  Noise: 0.1281
Episode 81  Reward:   0.148043  Wealth:    131783.15  Turnover: 0.1909  Gross: 1.2211  Gate: 0.4422
Episode 82  Reward:   0.112720  Wealth:    125928.34  Turnover: 0.1999  Gross: 1.2342  Gate: 0.4684
Episode 83  Reward:   0.246067  Wealth:    152336.15  Turnover: 0.1666  Gross: 1.2282  Gate: 0.4564
Episode 84  Reward:   0.069289  Wealth:    120151.63  Turnover: 0.1981  Gross: 1.2295  Gate: 0.4591
Episode 85  Reward:  -0.033647  Wealth:    106993.67  Turnover: 0.2347  Gross: 1.2489  Gate: 0.4978
Episode 86  Reward:   0.074860  Wealth:    120566.70  Turnover: 0.2095  Gross: 1.2305  Gate: 0.4610
Episode 87  Reward:   0.153602  Wealth:    133009.01  Turnover: 0.2099  Gross: 1.2634  Gate: 0.5268
Episode 88  Reward:  -0.020614  Wealth:    108680.13  Turnover: 0.2179  Gross: 1.2812  Gate: 0.5623
Episode 89  Reward:   0.239236  Wealth:    151051.85  Turnover: 0.2436  Gross: 1.2876  Gate: 0.5752
Episode 90  Reward:   0.010656  Wealth:    113282.21  Turnover: 0.2801  Gross: 1.2619  Gate: 0.5238
Episode     90  AvgReward:   0.100021  Noise: 0.1255
Episode 91  Reward:   0.080991  Wealth:    122661.49  Turnover: 0.1760  Gross: 1.2948  Gate: 0.5895
Episode 92  Reward:   0.065616  Wealth:    120175.09  Turnover: 0.2472  Gross: 1.3091  Gate: 0.6182
Episode 93  Reward:   0.083270  Wealth:    122321.81  Turnover: 0.1955  Gross: 1.3336  Gate: 0.6671
Episode 94  Reward:   0.082716  Wealth:    122346.59  Turnover: 0.1722  Gross: 1.3375  Gate: 0.6749
Episode 95  Reward:   0.225641  Wealth:    149243.02  Turnover: 0.1986  Gross: 1.3286  Gate: 0.6572
Episode 96  Reward:   0.149785  Wealth:    133348.40  Turnover: 0.1666  Gross: 1.3371  Gate: 0.6743
Episode 97  Reward:   0.258695  Wealth:    156370.48  Turnover: 0.1341  Gross: 1.3194  Gate: 0.6388
Episode 98  Reward:   0.167108  Wealth:    136975.07  Turnover: 0.3129  Gross: 1.3174  Gate: 0.6349
Episode 99  Reward:   0.008330  Wealth:    112319.86  Turnover: 0.2479  Gross: 1.3513  Gate: 0.7026
Episode 100  Reward:   0.304798  Wealth:    167741.72  Turnover: 0.2589  Gross: 1.3496  Gate: 0.6992
Episode    100  AvgReward:   0.142695  Noise: 0.1230
Episode 101  Reward:  -0.167137  Wealth:     92855.16  Turnover: 0.2468  Gross: 1.3723  Gate: 0.7446
Episode 102  Reward:   0.083099  Wealth:    123351.72  Turnover: 0.2049  Gross: 1.3718  Gate: 0.7437
Episode 103  Reward:   0.106265  Wealth:    126275.45  Turnover: 0.2997  Gross: 1.3706  Gate: 0.7412
Episode 104  Reward:   0.111279  Wealth:    127160.49  Turnover: 0.3217  Gross: 1.3505  Gate: 0.7009
Episode 105  Reward:   0.173737  Wealth:    138791.44  Turnover: 0.2975  Gross: 1.3735  Gate: 0.7470
Episode 106  Reward:   0.009100  Wealth:    112333.61  Turnover: 0.2950  Gross: 1.3872  Gate: 0.7744
Episode 107  Reward:   0.160028  Wealth:    135708.75  Turnover: 0.3678  Gross: 1.3691  Gate: 0.7382
Episode 108  Reward:  -0.123348  Wealth:     97099.89  Turnover: 0.2107  Gross: 1.4007  Gate: 0.8015
Episode 109  Reward:   0.147394  Wealth:    131589.79  Turnover: 0.3384  Gross: 1.3314  Gate: 0.6629
Episode 110  Reward:   0.023022  Wealth:    114335.10  Turnover: 0.3206  Gross: 1.3779  Gate: 0.7558
Episode    110  AvgReward:   0.052344  Noise: 0.1206
Episode 111  Reward:   0.171973  Wealth:    137736.77  Turnover: 0.2661  Gross: 1.3863  Gate: 0.7726
Episode 112  Reward:   0.173698  Wealth:    138709.97  Turnover: 0.4537  Gross: 1.3198  Gate: 0.6395
Episode 113  Reward:  -0.288401  Wealth:     83593.98  Turnover: 0.2813  Gross: 1.3361  Gate: 0.6723
Episode 114  Reward:   0.161403  Wealth:    135138.83  Turnover: 0.3649  Gross: 1.3388  Gate: 0.6776
Episode 115  Reward:   0.068379  Wealth:    118603.24  Turnover: 0.2892  Gross: 1.3546  Gate: 0.7092
Episode 116  Reward:   0.047071  Wealth:    117108.39  Turnover: 0.3600  Gross: 1.3215  Gate: 0.6430
Episode 117  Reward:   0.128546  Wealth:    130989.64  Turnover: 0.2943  Gross: 1.3058  Gate: 0.6115
Episode 118  Reward:   0.162303  Wealth:    133644.35  Turnover: 0.4079  Gross: 1.3431  Gate: 0.6862
Episode 119  Reward:   0.146573  Wealth:    132664.02  Turnover: 0.5224  Gross: 1.3373  Gate: 0.6747
Episode 120  Reward:   0.195890  Wealth:    143318.32  Turnover: 0.3312  Gross: 1.3370  Gate: 0.6740
Episode    120  AvgReward:   0.096744  Noise: 0.1182
Episode 121  Reward:   0.078864  Wealth:    118728.48  Turnover: 0.2110  Gross: 1.3098  Gate: 0.6196
Episode 122  Reward:   0.076671  Wealth:    122098.58  Turnover: 0.4124  Gross: 1.3393  Gate: 0.6786
Episode 123  Reward:   0.008570  Wealth:    111336.67  Turnover: 0.3983  Gross: 1.3553  Gate: 0.7106
Episode 124  Reward:   0.317372  Wealth:    171773.73  Turnover: 0.3755  Gross: 1.3029  Gate: 0.6059
Episode 125  Reward:  -0.104838  Wealth:     97821.59  Turnover: 0.4351  Gross: 1.3425  Gate: 0.6851
Episode 126  Reward:  -0.024298  Wealth:    107698.10  Turnover: 0.4166  Gross: 1.3162  Gate: 0.6323
Episode 127  Reward:  -0.059872  Wealth:    103999.46  Turnover: 0.5081  Gross: 1.3151  Gate: 0.6303
Episode 128  Reward:   0.172456  Wealth:    137426.69  Turnover: 0.4225  Gross: 1.2973  Gate: 0.5946
Episode 129  Reward:   0.250899  Wealth:    158391.55  Turnover: 0.2041  Gross: 1.3269  Gate: 0.6538
Episode 130  Reward:   0.115871  Wealth:    127144.06  Turnover: 0.5102  Gross: 1.3360  Gate: 0.6720
Episode    130  AvgReward:   0.083169  Noise: 0.1159
Episode 131  Reward:  -0.396375  Wealth:     77268.80  Turnover: 0.4267  Gross: 1.3863  Gate: 0.7727
Episode 132  Reward:  -0.041237  Wealth:    107975.29  Turnover: 0.3393  Gross: 1.3364  Gate: 0.6729
Episode 133  Reward:  -0.062524  Wealth:    104262.54  Turnover: 0.5185  Gross: 1.3962  Gate: 0.7924
Episode 134  Reward:  -0.698531  Wealth:     62322.02  Turnover: 0.6075  Gross: 1.3618  Gate: 0.7236
Episode 135  Reward:   0.109959  Wealth:    125661.10  Turnover: 0.4629  Gross: 1.3607  Gate: 0.7215
Episode 136  Reward:  -0.085521  Wealth:     99339.13  Turnover: 0.2436  Gross: 1.4137  Gate: 0.8275
Episode 137  Reward:  -0.081768  Wealth:    101523.42  Turnover: 0.4267  Gross: 1.4106  Gate: 0.8212
Episode 138  Reward:   0.103069  Wealth:    124819.15  Turnover: 0.5024  Gross: 1.3540  Gate: 0.7081
Episode 139  Reward:   0.119407  Wealth:    125744.66  Turnover: 0.5432  Gross: 1.4030  Gate: 0.8059
Episode 140  Reward:   0.225262  Wealth:    145982.67  Turnover: 0.4205  Gross: 1.3672  Gate: 0.7344
Episode    140  AvgReward:  -0.080826  Noise: 0.1136
Episode 141  Reward:   0.155333  Wealth:    136112.16  Turnover: 0.3877  Gross: 1.3415  Gate: 0.6830
Episode 142  Reward:  -0.107638  Wealth:     99139.38  Turnover: 0.2706  Gross: 1.3298  Gate: 0.6595
Episode 143  Reward:   0.222573  Wealth:    147186.34  Turnover: 0.4340  Gross: 1.2944  Gate: 0.5887
Episode 144  Reward:   0.169723  Wealth:    134472.57  Turnover: 0.3331  Gross: 1.3174  Gate: 0.6348
Episode 145  Reward:   0.194481  Wealth:    142366.32  Turnover: 0.4303  Gross: 1.3191  Gate: 0.6382
Episode 146  Reward:   0.187449  Wealth:    136543.62  Turnover: 0.5230  Gross: 1.3808  Gate: 0.7616
Episode 147  Reward:  -0.223807  Wealth:     87172.51  Turnover: 0.3558  Gross: 1.3753  Gate: 0.7505
Episode 148  Reward:  -0.053586  Wealth:    103662.95  Turnover: 0.3124  Gross: 1.3345  Gate: 0.6690
Episode 149  Reward:   0.175429  Wealth:    139282.39  Turnover: 0.3838  Gross: 1.2789  Gate: 0.5578
Episode 150  Reward:   0.137800  Wealth:    129529.04  Turnover: 0.4357  Gross: 1.3667  Gate: 0.7334
Episode    150  AvgReward:   0.085776  Noise: 0.1113
Episode 151  Reward:   0.055643  Wealth:    118485.50  Turnover: 0.3553  Gross: 1.3679  Gate: 0.7357
Episode 152  Reward:  -0.208498  Wealth:     89966.57  Turnover: 0.4543  Gross: 1.3715  Gate: 0.7430
Episode 153  Reward:   0.078819  Wealth:    120841.50  Turnover: 0.4550  Gross: 1.3503  Gate: 0.7005
Episode 154  Reward:   0.271075  Wealth:    158605.27  Turnover: 0.5305  Gross: 1.3486  Gate: 0.6972
Episode 155  Reward:   0.002444  Wealth:    109857.95  Turnover: 0.6246  Gross: 1.3139  Gate: 0.6278
Episode 156  Reward:  -0.213067  Wealth:     88465.55  Turnover: 0.5003  Gross: 1.4011  Gate: 0.8021
Episode 157  Reward:  -0.259947  Wealth:     86423.62  Turnover: 0.6866  Gross: 1.3949  Gate: 0.7898
Episode 158  Reward:   0.065940  Wealth:    121022.19  Turnover: 0.3593  Gross: 1.3670  Gate: 0.7340
Episode 159  Reward:  -0.121692  Wealth:     96953.55  Turnover: 0.6377  Gross: 1.3869  Gate: 0.7739
Episode 160  Reward:  -0.016954  Wealth:    109601.66  Turnover: 0.2858  Gross: 1.3483  Gate: 0.6967
Episode    160  AvgReward:  -0.034624  Noise: 0.1091
Episode 161  Reward:   0.323579  Wealth:    175663.71  Turnover: 0.5944  Gross: 1.2997  Gate: 0.5994
Episode 162  Reward:   0.048650  Wealth:    116245.95  Turnover: 0.6394  Gross: 1.4002  Gate: 0.8004
Episode 163  Reward:   0.096564  Wealth:    120104.78  Turnover: 0.2894  Gross: 1.3483  Gate: 0.6965
Episode 164  Reward:   0.233941  Wealth:    151045.34  Turnover: 0.6570  Gross: 1.3550  Gate: 0.7100
Episode 165  Reward:   0.050373  Wealth:    115146.83  Turnover: 0.4785  Gross: 1.3889  Gate: 0.7779
Episode 166  Reward:  -0.007429  Wealth:    110863.29  Turnover: 0.5080  Gross: 1.3166  Gate: 0.6332
Episode 167  Reward:  -0.071591  Wealth:    103545.40  Turnover: 0.3523  Gross: 1.3499  Gate: 0.6998
Episode 168  Reward:   0.098011  Wealth:    122439.62  Turnover: 0.3987  Gross: 1.3736  Gate: 0.7472
Episode 169  Reward:   0.127078  Wealth:    126087.19  Turnover: 0.3741  Gross: 1.3612  Gate: 0.7225
Episode 170  Reward:  -0.111457  Wealth:     96974.89  Turnover: 0.3432  Gross: 1.3972  Gate: 0.7944
Episode    170  AvgReward:   0.078772  Noise: 0.1069
Episode 171  Reward:   0.049576  Wealth:    118061.86  Turnover: 0.3453  Gross: 1.3056  Gate: 0.6112
Episode 172  Reward:   0.127051  Wealth:    124508.49  Turnover: 0.3326  Gross: 1.3735  Gate: 0.7470
Episode 173  Reward:   0.187653  Wealth:    141322.74  Turnover: 0.3196  Gross: 1.3484  Gate: 0.6968
Episode 174  Reward:   0.105048  Wealth:    123375.36  Turnover: 0.4105  Gross: 1.3025  Gate: 0.6049
Episode 175  Reward:   0.008852  Wealth:    109597.48  Turnover: 0.2120  Gross: 1.3423  Gate: 0.6845
Episode 176  Reward:  -0.062331  Wealth:    102085.81  Turnover: 0.2944  Gross: 1.3853  Gate: 0.7706
Episode 177  Reward:   0.067151  Wealth:    117854.88  Turnover: 0.6086  Gross: 1.3916  Gate: 0.7831
Episode 178  Reward:   0.112504  Wealth:    129105.62  Turnover: 0.3588  Gross: 1.2930  Gate: 0.5861
Episode 179  Reward:   0.038500  Wealth:    116917.81  Turnover: 0.5339  Gross: 1.3654  Gate: 0.7308
Episode 180  Reward:   0.304438  Wealth:    168447.76  Turnover: 0.4152  Gross: 1.3291  Gate: 0.6581
Episode    180  AvgReward:   0.093844  Noise: 0.1048
Episode 181  Reward:   0.048865  Wealth:    117024.29  Turnover: 0.2402  Gross: 1.3449  Gate: 0.6898
Episode 182  Reward:   0.244609  Wealth:    155694.61  Turnover: 0.5509  Gross: 1.3519  Gate: 0.7038
Episode 183  Reward:  -0.166856  Wealth:     94548.28  Turnover: 0.6040  Gross: 1.3064  Gate: 0.6128
Episode 184  Reward:   0.104948  Wealth:    124377.60  Turnover: 0.4409  Gross: 1.3776  Gate: 0.7552
Episode 185  Reward:  -0.091068  Wealth:     99262.38  Turnover: 0.3252  Gross: 1.3630  Gate: 0.7260
Episode 186  Reward:   0.032506  Wealth:    116513.56  Turnover: 0.5544  Gross: 1.3870  Gate: 0.7741
Episode 187  Reward:   0.071346  Wealth:    117958.10  Turnover: 0.4079  Gross: 1.3988  Gate: 0.7977
Episode 188  Reward:  -0.083738  Wealth:    101183.85  Turnover: 0.6269  Gross: 1.3762  Gate: 0.7523
Episode 189  Reward:   0.272269  Wealth:    160670.66  Turnover: 0.6044  Gross: 1.3180  Gate: 0.6361
Episode 190  Reward:  -0.072553  Wealth:    102510.68  Turnover: 0.3871  Gross: 1.4027  Gate: 0.8055
Episode    190  AvgReward:   0.036033  Noise: 0.1027
Episode 191  Reward:  -0.025453  Wealth:    105843.61  Turnover: 0.6170  Gross: 1.3404  Gate: 0.6809
Episode 192  Reward:   0.298127  Wealth:    164777.80  Turnover: 0.4040  Gross: 1.4000  Gate: 0.8000
Episode 193  Reward:   0.184468  Wealth:    138334.87  Turnover: 0.5125  Gross: 1.3736  Gate: 0.7473
Episode 194  Reward:   0.086693  Wealth:    119627.39  Turnover: 0.4885  Gross: 1.3800  Gate: 0.7600
Episode 195  Reward:  -0.036433  Wealth:    104864.94  Turnover: 0.3437  Gross: 1.3796  Gate: 0.7593
Episode 196  Reward:   0.172368  Wealth:    133819.21  Turnover: 0.7243  Gross: 1.3802  Gate: 0.7603
Episode 197  Reward:  -0.015998  Wealth:    107094.42  Turnover: 0.3417  Gross: 1.3630  Gate: 0.7260
Episode 198  Reward:   0.193703  Wealth:    137461.26  Turnover: 0.4619  Gross: 1.3863  Gate: 0.7726
Episode 199  Reward:   0.107959  Wealth:    124765.28  Turnover: 0.4026  Gross: 1.3913  Gate: 0.7826
Episode 200  Reward:  -0.010696  Wealth:    110858.47  Turnover: 0.5685  Gross: 1.3583  Gate: 0.7167
Episode    200  AvgReward:   0.095474  Noise: 0.1007
Episode 201  Reward:   0.166628  Wealth:    133671.87  Turnover: 0.4962  Gross: 1.3624  Gate: 0.7247
Episode 202  Reward:   0.262494  Wealth:    155337.84  Turnover: 0.6323  Gross: 1.4073  Gate: 0.8145
Episode 203  Reward:  -0.085734  Wealth:    100113.15  Turnover: 0.5584  Gross: 1.3998  Gate: 0.7996
Episode 204  Reward:  -0.195683  Wealth:     91306.21  Turnover: 0.4170  Gross: 1.3787  Gate: 0.7574
Episode 205  Reward:  -0.188943  Wealth:     91750.47  Turnover: 0.5664  Gross: 1.3836  Gate: 0.7672
Episode 206  Reward:   0.102316  Wealth:    124767.74  Turnover: 0.4660  Gross: 1.3864  Gate: 0.7727
Episode 207  Reward:   0.156325  Wealth:    134792.13  Turnover: 0.6127  Gross: 1.4140  Gate: 0.8280
Episode 208  Reward:  -0.159041  Wealth:     92440.25  Turnover: 0.5593  Gross: 1.3867  Gate: 0.7733
Episode 209  Reward:   0.128225  Wealth:    128924.44  Turnover: 0.5593  Gross: 1.3813  Gate: 0.7626
Episode 210  Reward:   0.047241  Wealth:    121384.70  Turnover: 0.3661  Gross: 1.3394  Gate: 0.6788
Episode    210  AvgReward:   0.023383  Noise: 0.0987
Episode 211  Reward:   0.263323  Wealth:    153002.47  Turnover: 0.4136  Gross: 1.3814  Gate: 0.7628
Episode 212  Reward:  -0.175318  Wealth:     92072.23  Turnover: 0.6652  Gross: 1.3934  Gate: 0.7868
Episode 213  Reward:  -0.188332  Wealth:     91864.21  Turnover: 0.4319  Gross: 1.4076  Gate: 0.8153
Episode 214  Reward:   0.176831  Wealth:    137880.12  Turnover: 0.6024  Gross: 1.3373  Gate: 0.6746
Episode 215  Reward:   0.083431  Wealth:    123917.14  Turnover: 0.6758  Gross: 1.3909  Gate: 0.7817
Episode 216  Reward:   0.096109  Wealth:    124128.66  Turnover: 0.3277  Gross: 1.3930  Gate: 0.7861
Episode 217  Reward:   0.053267  Wealth:    117190.63  Turnover: 0.4028  Gross: 1.4085  Gate: 0.8171
Episode 218  Reward:   0.121144  Wealth:    129006.69  Turnover: 0.6989  Gross: 1.4228  Gate: 0.8456
Episode 219  Reward:  -0.008440  Wealth:    108806.35  Turnover: 0.4742  Gross: 1.3788  Gate: 0.7576
Episode 220  Reward:   0.126870  Wealth:    127085.91  Turnover: 0.4049  Gross: 1.3854  Gate: 0.7707
Episode    220  AvgReward:   0.054889  Noise: 0.0968
Episode 221  Reward:   0.145090  Wealth:    130427.71  Turnover: 0.4064  Gross: 1.3965  Gate: 0.7929
Episode 222  Reward:   0.013647  Wealth:    110355.82  Turnover: 0.3859  Gross: 1.3761  Gate: 0.7521
Episode 223  Reward:   0.117039  Wealth:    125876.29  Turnover: 0.5737  Gross: 1.3688  Gate: 0.7375
Episode 224  Reward:   0.029099  Wealth:    112281.41  Turnover: 0.4394  Gross: 1.3591  Gate: 0.7182
Episode 225  Reward:   0.095578  Wealth:    123746.71  Turnover: 0.5227  Gross: 1.4173  Gate: 0.8347
Episode 226  Reward:   0.053585  Wealth:    118438.87  Turnover: 0.6319  Gross: 1.4004  Gate: 0.8008
Episode 227  Reward:   0.222709  Wealth:    148488.21  Turnover: 0.7148  Gross: 1.4068  Gate: 0.8136
Episode 228  Reward:   0.063883  Wealth:    119281.91  Turnover: 0.7924  Gross: 1.3774  Gate: 0.7548
Episode 229  Reward:  -0.024935  Wealth:    109127.53  Turnover: 0.4679  Gross: 1.3875  Gate: 0.7750
Episode 230  Reward:   0.133863  Wealth:    128090.49  Turnover: 0.4107  Gross: 1.3761  Gate: 0.7522
Episode    230  AvgReward:   0.084956  Noise: 0.0948
Episode 231  Reward:  -0.008813  Wealth:    109233.56  Turnover: 0.5138  Gross: 1.4063  Gate: 0.8125
Episode 232  Reward:  -0.055633  Wealth:    104914.25  Turnover: 0.4481  Gross: 1.3890  Gate: 0.7780
Episode 233  Reward:   0.020212  Wealth:    112164.43  Turnover: 0.2845  Gross: 1.3895  Gate: 0.7789
Episode 234  Reward:   0.146071  Wealth:    133543.34  Turnover: 0.3101  Gross: 1.3898  Gate: 0.7796
Episode 235  Reward:   0.302095  Wealth:    163351.96  Turnover: 0.4390  Gross: 1.4056  Gate: 0.8113
Episode 236  Reward:  -0.017528  Wealth:    108410.77  Turnover: 0.6513  Gross: 1.3959  Gate: 0.7918
Episode 237  Reward:  -0.163545  Wealth:     93784.91  Turnover: 0.5007  Gross: 1.4057  Gate: 0.8114
Episode 238  Reward:   0.108943  Wealth:    124327.96  Turnover: 0.2907  Gross: 1.3992  Gate: 0.7983
Episode 239  Reward:   0.055183  Wealth:    118092.83  Turnover: 0.3852  Gross: 1.4065  Gate: 0.8129
Episode 240  Reward:   0.014638  Wealth:    110726.27  Turnover: 0.4385  Gross: 1.4032  Gate: 0.8063
Episode    240  AvgReward:   0.040162  Noise: 0.0930
Episode 241  Reward:   0.012878  Wealth:    111350.80  Turnover: 0.7248  Gross: 1.3985  Gate: 0.7970
Episode 242  Reward:   0.192268  Wealth:    136468.11  Turnover: 0.6576  Gross: 1.3754  Gate: 0.7508
Episode 243  Reward:   0.292328  Wealth:    158461.96  Turnover: 0.4075  Gross: 1.3867  Gate: 0.7735
Episode 244  Reward:   0.037663  Wealth:    115460.17  Turnover: 0.5577  Gross: 1.3954  Gate: 0.7909
Episode 245  Reward:   0.236061  Wealth:    150231.67  Turnover: 0.2493  Gross: 1.3896  Gate: 0.7793
Episode 246  Reward:   0.287254  Wealth:    158057.90  Turnover: 0.5224  Gross: 1.3931  Gate: 0.7863
Episode 247  Reward:  -0.145293  Wealth:     95527.70  Turnover: 0.7562  Gross: 1.3739  Gate: 0.7479
Episode 248  Reward:   0.166269  Wealth:    134229.86  Turnover: 0.6909  Gross: 1.3810  Gate: 0.7621
Episode 249  Reward:   0.266948  Wealth:    156181.31  Turnover: 0.4452  Gross: 1.4017  Gate: 0.8034
Episode 250  Reward:  -0.137194  Wealth:     94153.90  Turnover: 0.4810  Gross: 1.3947  Gate: 0.7895
Episode    250  AvgReward:   0.120918  Noise: 0.0911
Episode 251  Reward:   0.095475  Wealth:    122970.41  Turnover: 0.4210  Gross: 1.4061  Gate: 0.8123
Episode 252  Reward:   0.186082  Wealth:    137361.15  Turnover: 0.5645  Gross: 1.4055  Gate: 0.8110
Episode 253  Reward:   0.212959  Wealth:    142838.03  Turnover: 0.4741  Gross: 1.3958  Gate: 0.7917
Episode 254  Reward:   0.063062  Wealth:    117917.97  Turnover: 0.5452  Gross: 1.4040  Gate: 0.8080
Episode 255  Reward:  -0.058755  Wealth:    104210.62  Turnover: 0.3994  Gross: 1.4129  Gate: 0.8257
Episode 256  Reward:  -0.068977  Wealth:    100123.33  Turnover: 0.4728  Gross: 1.4086  Gate: 0.8173
Episode 257  Reward:   0.086447  Wealth:    119253.47  Turnover: 0.3656  Gross: 1.3853  Gate: 0.7706
Episode 258  Reward:   0.094338  Wealth:    122855.79  Turnover: 0.5282  Gross: 1.4008  Gate: 0.8016
Episode 259  Reward:  -0.064125  Wealth:    102839.43  Turnover: 0.5980  Gross: 1.3875  Gate: 0.7749
Episode 260  Reward:   0.092557  Wealth:    121438.40  Turnover: 0.6607  Gross: 1.4108  Gate: 0.8216
Episode    260  AvgReward:   0.063906  Noise: 0.0893
Episode 261  Reward:  -0.004638  Wealth:    109299.82  Turnover: 0.6113  Gross: 1.3940  Gate: 0.7880
Episode 262  Reward:   0.040651  Wealth:    113947.52  Turnover: 0.3821  Gross: 1.3975  Gate: 0.7950
Episode 263  Reward:   0.083993  Wealth:    119966.56  Turnover: 0.4804  Gross: 1.3810  Gate: 0.7621
Episode 264  Reward:  -0.137520  Wealth:     97060.72  Turnover: 0.5185  Gross: 1.3978  Gate: 0.7955
Episode 265  Reward:  -0.030204  Wealth:    106055.41  Turnover: 0.5634  Gross: 1.3770  Gate: 0.7539
Episode 266  Reward:   0.058510  Wealth:    118514.63  Turnover: 0.5360  Gross: 1.3930  Gate: 0.7859
Episode 267  Reward:   0.042816  Wealth:    114218.02  Turnover: 0.5172  Gross: 1.3901  Gate: 0.7802
Episode 268  Reward:   0.135456  Wealth:    131083.23  Turnover: 0.6822  Gross: 1.4072  Gate: 0.8143
Episode 269  Reward:  -0.208738  Wealth:     89920.94  Turnover: 0.6312  Gross: 1.3842  Gate: 0.7684
Episode 270  Reward:   0.179690  Wealth:    135545.52  Turnover: 0.3368  Gross: 1.3933  Gate: 0.7866
Episode    270  AvgReward:   0.016002  Noise: 0.0875
Episode 271  Reward:   0.172836  Wealth:    134422.63  Turnover: 0.3499  Gross: 1.4066  Gate: 0.8131
Episode 272  Reward:  -0.148571  Wealth:     94338.45  Turnover: 0.6656  Gross: 1.3976  Gate: 0.7952
Episode 273  Reward:   0.220654  Wealth:    144240.28  Turnover: 0.7494  Gross: 1.4089  Gate: 0.8178
Episode 274  Reward:   0.289687  Wealth:    162602.37  Turnover: 0.5268  Gross: 1.4119  Gate: 0.8238
Episode 275  Reward:   0.075905  Wealth:    118232.06  Turnover: 0.3789  Gross: 1.3983  Gate: 0.7966
Episode 276  Reward:   0.170811  Wealth:    133586.03  Turnover: 0.4163  Gross: 1.4000  Gate: 0.7999
Episode 277  Reward:   0.248206  Wealth:    148688.70  Turnover: 0.6839  Gross: 1.3928  Gate: 0.7855
Episode 278  Reward:   0.214926  Wealth:    142239.05  Turnover: 0.3717  Gross: 1.3924  Gate: 0.7848
Episode 279  Reward:  -0.012554  Wealth:    107515.34  Turnover: 0.6006  Gross: 1.3863  Gate: 0.7727
Episode 280  Reward:  -0.017037  Wealth:    108696.72  Turnover: 0.6388  Gross: 1.3934  Gate: 0.7868
Episode    280  AvgReward:   0.121486  Noise: 0.0858
Episode 281  Reward:   0.163283  Wealth:    131420.55  Turnover: 0.6968  Gross: 1.3968  Gate: 0.7936
Episode 282  Reward:   0.061907  Wealth:    115527.60  Turnover: 0.6434  Gross: 1.3983  Gate: 0.7966
Episode 283  Reward:   0.093259  Wealth:    122163.35  Turnover: 0.6872  Gross: 1.3724  Gate: 0.7448
Episode 284  Reward:   0.001849  Wealth:    111390.82  Turnover: 0.3209  Gross: 1.3987  Gate: 0.7975
Episode 285  Reward:   0.145849  Wealth:    127776.36  Turnover: 0.5925  Gross: 1.4086  Gate: 0.8171
Episode 286  Reward:   0.166883  Wealth:    135259.76  Turnover: 0.5051  Gross: 1.4113  Gate: 0.8226
Episode 287  Reward:   0.191875  Wealth:    135815.55  Turnover: 0.3812  Gross: 1.4125  Gate: 0.8250
Episode 288  Reward:   0.216623  Wealth:    141958.81  Turnover: 0.7299  Gross: 1.3909  Gate: 0.7819
Episode 289  Reward:   0.338257  Wealth:    175409.43  Turnover: 0.4404  Gross: 1.3789  Gate: 0.7577
Episode 290  Reward:   0.110737  Wealth:    123033.96  Turnover: 0.4175  Gross: 1.4010  Gate: 0.8019
Episode    290  AvgReward:   0.149052  Noise: 0.0841
Episode 291  Reward:   0.118297  Wealth:    125770.14  Turnover: 0.3602  Gross: 1.4024  Gate: 0.8047
Episode 292  Reward:   0.064860  Wealth:    116832.91  Turnover: 0.6377  Gross: 1.3980  Gate: 0.7961
Episode 293  Reward:  -0.050795  Wealth:    103856.22  Turnover: 0.4836  Gross: 1.3959  Gate: 0.7919
Episode 294  Reward:   0.117069  Wealth:    124430.82  Turnover: 0.5103  Gross: 1.4041  Gate: 0.8082
Episode 295  Reward:   0.289405  Wealth:    156982.23  Turnover: 0.5719  Gross: 1.3876  Gate: 0.7751
Episode 296  Reward:  -0.080861  Wealth:    100720.86  Turnover: 0.4122  Gross: 1.3662  Gate: 0.7324
Episode 297  Reward:   0.029900  Wealth:    114566.49  Turnover: 0.5437  Gross: 1.4034  Gate: 0.8068
Episode 298  Reward:   0.209039  Wealth:    143183.97  Turnover: 0.5771  Gross: 1.4067  Gate: 0.8134
Episode 299  Reward:   0.123766  Wealth:    125943.76  Turnover: 0.5994  Gross: 1.4063  Gate: 0.8125
Episode 300  Reward:   0.114164  Wealth:    128629.78  Turnover: 0.5060  Gross: 1.3714  Gate: 0.7428
Episode    300  AvgReward:   0.093484  Noise: 0.0824
Episode 301  Reward:  -0.009798  Wealth:    107403.71  Turnover: 0.4757  Gross: 1.3921  Gate: 0.7842
Episode 302  Reward:   0.202429  Wealth:    138728.78  Turnover: 0.6652  Gross: 1.4024  Gate: 0.8048
Episode 303  Reward:   0.299659  Wealth:    161904.02  Turnover: 0.6131  Gross: 1.4019  Gate: 0.8038
Episode 304  Reward:   0.090939  Wealth:    120475.70  Turnover: 0.4627  Gross: 1.4065  Gate: 0.8131
Episode 305  Reward:   0.032733  Wealth:    112330.58  Turnover: 0.6944  Gross: 1.4010  Gate: 0.8019
Episode 306  Reward:  -0.055274  Wealth:    104797.28  Turnover: 0.4358  Gross: 1.4009  Gate: 0.8017
Episode 307  Reward:   0.059099  Wealth:    115974.84  Turnover: 0.4736  Gross: 1.4111  Gate: 0.8222
Episode 308  Reward:  -0.037191  Wealth:    105551.74  Turnover: 0.3619  Gross: 1.3862  Gate: 0.7725
Episode 309  Reward:   0.265378  Wealth:    154522.79  Turnover: 0.5983  Gross: 1.4092  Gate: 0.8185
Episode 310  Reward:  -0.038737  Wealth:    104920.79  Turnover: 0.5043  Gross: 1.3992  Gate: 0.7985
Episode    310  AvgReward:   0.080924  Noise: 0.0808
Episode 311  Reward:   0.131566  Wealth:    126082.11  Turnover: 0.7672  Gross: 1.4036  Gate: 0.8071
Episode 312  Reward:  -0.097736  Wealth:     99216.89  Turnover: 0.5771  Gross: 1.4047  Gate: 0.8095
Episode 313  Reward:   0.124687  Wealth:    127897.12  Turnover: 0.5208  Gross: 1.4043  Gate: 0.8086
Episode 314  Reward:  -0.248648  Wealth:     86831.94  Turnover: 0.3897  Gross: 1.3905  Gate: 0.7810
Episode 315  Reward:   0.077328  Wealth:    118003.00  Turnover: 0.6085  Gross: 1.3971  Gate: 0.7942
Episode 316  Reward:   0.036557  Wealth:    115743.60  Turnover: 0.4080  Gross: 1.4078  Gate: 0.8156
Episode 317  Reward:   0.237288  Wealth:    148246.92  Turnover: 0.3600  Gross: 1.4104  Gate: 0.8209
Episode 318  Reward:   0.137502  Wealth:    126301.76  Turnover: 0.6353  Gross: 1.3959  Gate: 0.7919
Episode 319  Reward:   0.104668  Wealth:    124559.20  Turnover: 0.4363  Gross: 1.3813  Gate: 0.7626
Episode 320  Reward:  -0.070432  Wealth:    101393.70  Turnover: 0.5759  Gross: 1.4062  Gate: 0.8124
Episode    320  AvgReward:   0.043278  Noise: 0.0792
Episode 321  Reward:   0.252584  Wealth:    154122.00  Turnover: 0.5724  Gross: 1.3923  Gate: 0.7846
Episode 322  Reward:   0.009211  Wealth:    110665.10  Turnover: 0.7298  Gross: 1.4003  Gate: 0.8006
Episode 323  Reward:  -0.100035  Wealth:    100453.49  Turnover: 0.3467  Gross: 1.3905  Gate: 0.7811
Episode 324  Reward:   0.142996  Wealth:    127939.60  Turnover: 0.6041  Gross: 1.3876  Gate: 0.7751
Episode 325  Reward:   0.252508  Wealth:    147492.14  Turnover: 0.5736  Gross: 1.3959  Gate: 0.7917
Episode 326  Reward:   0.065844  Wealth:    117849.22  Turnover: 0.4967  Gross: 1.4129  Gate: 0.8258
Episode 327  Reward:   0.260766  Wealth:    153006.30  Turnover: 0.7826  Gross: 1.3998  Gate: 0.7996
Episode 328  Reward:   0.203258  Wealth:    138427.25  Turnover: 0.8037  Gross: 1.4136  Gate: 0.8272
Episode 329  Reward:  -0.031106  Wealth:    104110.35  Turnover: 0.6288  Gross: 1.3946  Gate: 0.7893
Episode 330  Reward:   0.199514  Wealth:    139233.86  Turnover: 0.6183  Gross: 1.4113  Gate: 0.8227
Episode    330  AvgReward:   0.125554  Noise: 0.0776
Episode 331  Reward:   0.060302  Wealth:    116660.92  Turnover: 0.5966  Gross: 1.3817  Gate: 0.7633
Episode 332  Reward:   0.101773  Wealth:    123693.80  Turnover: 0.8126  Gross: 1.4073  Gate: 0.8146
Episode 333  Reward:   0.275043  Wealth:    159381.08  Turnover: 0.7212  Gross: 1.3966  Gate: 0.7933
Episode 334  Reward:   0.068684  Wealth:    118080.65  Turnover: 0.4651  Gross: 1.3842  Gate: 0.7684
Episode 335  Reward:  -0.055303  Wealth:    103366.92  Turnover: 0.7019  Gross: 1.4064  Gate: 0.8129
Episode 336  Reward:   0.126271  Wealth:    126787.11  Turnover: 0.5224  Gross: 1.3824  Gate: 0.7649
Episode 337  Reward:   0.180046  Wealth:    136746.54  Turnover: 0.8138  Gross: 1.4019  Gate: 0.8038
Episode 338  Reward:   0.229221  Wealth:    147286.34  Turnover: 0.4419  Gross: 1.3997  Gate: 0.7994
Episode 339  Reward:   0.379298  Wealth:    183716.42  Turnover: 0.6175  Gross: 1.3916  Gate: 0.7833
Episode 340  Reward:   0.123222  Wealth:    125756.96  Turnover: 0.5790  Gross: 1.3980  Gate: 0.7960
Episode    340  AvgReward:   0.148856  Noise: 0.0761
Episode 341  Reward:   0.327772  Wealth:    173722.62  Turnover: 0.6846  Gross: 1.4035  Gate: 0.8069
Episode 342  Reward:   0.093963  Wealth:    121185.52  Turnover: 0.5502  Gross: 1.3917  Gate: 0.7834
Episode 343  Reward:   0.091669  Wealth:    119998.29  Turnover: 0.6223  Gross: 1.4023  Gate: 0.8046
Episode 344  Reward:  -0.166059  Wealth:     94181.97  Turnover: 0.5167  Gross: 1.3824  Gate: 0.7648
Episode 345  Reward:   0.024245  Wealth:    113421.27  Turnover: 0.7159  Gross: 1.3998  Gate: 0.7996
Episode 346  Reward:   0.028435  Wealth:    111442.35  Turnover: 0.6431  Gross: 1.3940  Gate: 0.7880
Episode 347  Reward:   0.119067  Wealth:    127787.55  Turnover: 0.6129  Gross: 1.4088  Gate: 0.8176
Episode 348  Reward:  -0.238379  Wealth:     86217.84  Turnover: 0.7456  Gross: 1.3866  Gate: 0.7732
Episode 349  Reward:   0.311968  Wealth:    163951.63  Turnover: 0.5741  Gross: 1.4021  Gate: 0.8042
Episode 350  Reward:   0.064873  Wealth:    121092.08  Turnover: 0.3989  Gross: 1.4000  Gate: 0.7999
Episode    350  AvgReward:   0.065755  Noise: 0.0746
Episode 351  Reward:   0.018150  Wealth:    112026.41  Turnover: 0.7306  Gross: 1.3886  Gate: 0.7772
Episode 352  Reward:  -0.019467  Wealth:    107361.37  Turnover: 0.5172  Gross: 1.3892  Gate: 0.7784
Episode 353  Reward:   0.274437  Wealth:    151305.00  Turnover: 0.6015  Gross: 1.3977  Gate: 0.7953
Episode 354  Reward:  -0.158500  Wealth:     92571.63  Turnover: 0.5179  Gross: 1.3863  Gate: 0.7726
Episode 355  Reward:   0.248090  Wealth:    147875.01  Turnover: 0.4478  Gross: 1.3982  Gate: 0.7964
Episode 356  Reward:   0.194720  Wealth:    137120.35  Turnover: 0.5902  Gross: 1.3925  Gate: 0.7849
Episode 357  Reward:  -0.369754  Wealth:     78153.41  Turnover: 0.7042  Gross: 1.3918  Gate: 0.7837
Episode 358  Reward:  -0.009635  Wealth:    108417.19  Turnover: 0.4444  Gross: 1.3933  Gate: 0.7865
Episode 359  Reward:  -0.041533  Wealth:    105921.74  Turnover: 0.6880  Gross: 1.4000  Gate: 0.8000
Episode 360  Reward:   0.178654  Wealth:    134770.18  Turnover: 0.6655  Gross: 1.4058  Gate: 0.8117
Episode    360  AvgReward:   0.031516  Noise: 0.0731
Episode 361  Reward:   0.270755  Wealth:    155645.44  Turnover: 0.8908  Gross: 1.3956  Gate: 0.7913
Episode 362  Reward:   0.214837  Wealth:    140774.25  Turnover: 0.5528  Gross: 1.3989  Gate: 0.7977
Episode 363  Reward:   0.206886  Wealth:    139350.75  Turnover: 0.7362  Gross: 1.4053  Gate: 0.8105
Episode 364  Reward:   0.118696  Wealth:    122827.88  Turnover: 0.6194  Gross: 1.3828  Gate: 0.7656
Episode 365  Reward:   0.025660  Wealth:    110472.39  Turnover: 0.4301  Gross: 1.3992  Gate: 0.7984
Episode 366  Reward:   0.063237  Wealth:    117688.69  Turnover: 0.5480  Gross: 1.3999  Gate: 0.7999
Episode 367  Reward:   0.079254  Wealth:    118291.69  Turnover: 0.4836  Gross: 1.3887  Gate: 0.7774
Episode 368  Reward:  -0.164912  Wealth:     91389.11  Turnover: 0.4265  Gross: 1.3785  Gate: 0.7570
Episode 369  Reward:   0.343721  Wealth:    174451.88  Turnover: 0.6371  Gross: 1.4086  Gate: 0.8172
Episode 370  Reward:   0.032746  Wealth:    112442.03  Turnover: 0.5552  Gross: 1.3848  Gate: 0.7695
Episode    370  AvgReward:   0.119088  Noise: 0.0717
Episode 371  Reward:   0.277658  Wealth:    154135.78  Turnover: 0.5601  Gross: 1.3858  Gate: 0.7715
Episode 372  Reward:   0.190107  Wealth:    135982.25  Turnover: 0.5476  Gross: 1.4056  Gate: 0.8111
Episode 373  Reward:   0.074101  Wealth:    118757.15  Turnover: 0.7317  Gross: 1.4093  Gate: 0.8186
Episode 374  Reward:   0.181833  Wealth:    134579.25  Turnover: 0.8659  Gross: 1.3821  Gate: 0.7643
Episode 375  Reward:   0.267850  Wealth:    155256.62  Turnover: 0.5911  Gross: 1.3837  Gate: 0.7674
Episode 376  Reward:   0.118723  Wealth:    126200.22  Turnover: 0.5842  Gross: 1.4022  Gate: 0.8044
Episode 377  Reward:  -0.035111  Wealth:    103766.45  Turnover: 0.5943  Gross: 1.3853  Gate: 0.7706
Episode 378  Reward:   0.101187  Wealth:    120311.77  Turnover: 0.7405  Gross: 1.3944  Gate: 0.7888
Episode 379  Reward:   0.230700  Wealth:    144607.53  Turnover: 0.8535  Gross: 1.4114  Gate: 0.8228
Episode 380  Reward:   0.124257  Wealth:    124368.64  Turnover: 0.6483  Gross: 1.3980  Gate: 0.7960
Episode    380  AvgReward:   0.153131  Noise: 0.0702
Episode 381  Reward:  -0.054045  Wealth:    101343.91  Turnover: 0.7211  Gross: 1.3938  Gate: 0.7876
Episode 382  Reward:   0.117667  Wealth:    122924.10  Turnover: 0.7221  Gross: 1.3948  Gate: 0.7895
Episode 383  Reward:   0.064854  Wealth:    115812.48  Turnover: 0.6883  Gross: 1.4049  Gate: 0.8097
Episode 384  Reward:   0.104906  Wealth:    124885.14  Turnover: 0.4587  Gross: 1.3801  Gate: 0.7602
Episode 385  Reward:   0.098644  Wealth:    122608.52  Turnover: 0.5546  Gross: 1.3914  Gate: 0.7828
Episode 386  Reward:   0.065562  Wealth:    119850.31  Turnover: 0.4567  Gross: 1.3946  Gate: 0.7892
Episode 387  Reward:   0.037875  Wealth:    112834.08  Turnover: 0.6433  Gross: 1.3992  Gate: 0.7985
Episode 388  Reward:  -0.040042  Wealth:    103657.03  Turnover: 0.6444  Gross: 1.3888  Gate: 0.7776
Episode 389  Reward:  -0.017445  Wealth:    105966.10  Turnover: 0.4109  Gross: 1.3795  Gate: 0.7589
Episode 390  Reward:   0.347353  Wealth:    172908.25  Turnover: 0.7303  Gross: 1.4102  Gate: 0.8205
Episode    390  AvgReward:   0.072533  Noise: 0.0688
Episode 391  Reward:   0.042034  Wealth:    114781.97  Turnover: 0.6299  Gross: 1.4033  Gate: 0.8066
Episode 392  Reward:   0.337975  Wealth:    171090.91  Turnover: 0.9142  Gross: 1.3958  Gate: 0.7917
Episode 393  Reward:   0.342001  Wealth:    174544.83  Turnover: 0.6813  Gross: 1.3964  Gate: 0.7928
Episode 394  Reward:  -0.455365  Wealth:     73252.31  Turnover: 0.6691  Gross: 1.3856  Gate: 0.7711
Episode 395  Reward:   0.200587  Wealth:    144192.15  Turnover: 0.5409  Gross: 1.4015  Gate: 0.8031
Episode 396  Reward:   0.072976  Wealth:    118296.44  Turnover: 0.5525  Gross: 1.3889  Gate: 0.7778
Episode 397  Reward:   0.209913  Wealth:    141020.55  Turnover: 0.4924  Gross: 1.4073  Gate: 0.8146
Episode 398  Reward:   0.248218  Wealth:    148911.79  Turnover: 0.5765  Gross: 1.4080  Gate: 0.8160
Episode 399  Reward:   0.151137  Wealth:    130023.25  Turnover: 0.5872  Gross: 1.3857  Gate: 0.7715
Episode 400  Reward:   0.026383  Wealth:    110729.67  Turnover: 0.6692  Gross: 1.3897  Gate: 0.7794
Episode    400  AvgReward:   0.117586  Noise: 0.0675
Episode 401  Reward:   0.091368  Wealth:    124264.13  Turnover: 0.5033  Gross: 1.3773  Gate: 0.7546
Episode 402  Reward:  -0.115700  Wealth:     96876.13  Turnover: 0.5719  Gross: 1.3915  Gate: 0.7830
Episode 403  Reward:   0.245903  Wealth:    148421.62  Turnover: 0.7448  Gross: 1.4052  Gate: 0.8103
Episode 404  Reward:  -0.360762  Wealth:     78508.86  Turnover: 0.5898  Gross: 1.3792  Gate: 0.7584
Episode 405  Reward:   0.079909  Wealth:    119940.54  Turnover: 0.5565  Gross: 1.3880  Gate: 0.7760
Episode 406  Reward:   0.073995  Wealth:    117852.14  Turnover: 0.5473  Gross: 1.4029  Gate: 0.8057
Episode 407  Reward:   0.057307  Wealth:    115615.40  Turnover: 0.5701  Gross: 1.3988  Gate: 0.7976
Episode 408  Reward:   0.126511  Wealth:    130333.57  Turnover: 0.4574  Gross: 1.3979  Gate: 0.7957
Episode 409  Reward:  -0.007140  Wealth:    110487.07  Turnover: 0.6339  Gross: 1.4034  Gate: 0.8069
Episode 410  Reward:   0.091636  Wealth:    122509.10  Turnover: 0.3934  Gross: 1.3890  Gate: 0.7780
Episode    410  AvgReward:   0.028303  Noise: 0.0661
Episode 411  Reward:   0.195158  Wealth:    137213.38  Turnover: 0.4896  Gross: 1.3980  Gate: 0.7960
Episode 412  Reward:   0.203441  Wealth:    141150.57  Turnover: 0.7115  Gross: 1.4031  Gate: 0.8061
Episode 413  Reward:   0.086299  Wealth:    117638.85  Turnover: 0.4166  Gross: 1.3955  Gate: 0.7911
Episode 414  Reward:   0.344205  Wealth:    175275.05  Turnover: 0.6600  Gross: 1.4066  Gate: 0.8131
Episode 415  Reward:   0.317136  Wealth:    168600.24  Turnover: 0.7334  Gross: 1.3936  Gate: 0.7871
Episode 416  Reward:   0.285078  Wealth:    156602.72  Turnover: 0.5205  Gross: 1.3978  Gate: 0.7955
Episode 417  Reward:   0.213259  Wealth:    138734.71  Turnover: 0.5773  Gross: 1.3910  Gate: 0.7821
Episode 418  Reward:   0.003621  Wealth:    110859.26  Turnover: 0.4900  Gross: 1.4012  Gate: 0.8025
Episode 419  Reward:   0.196795  Wealth:    138925.48  Turnover: 0.5967  Gross: 1.4040  Gate: 0.8080
Episode 420  Reward:   0.184583  Wealth:    137026.50  Turnover: 0.5760  Gross: 1.4102  Gate: 0.8204
Episode    420  AvgReward:   0.202958  Noise: 0.0648
Episode 421  Reward:   0.011325  Wealth:    112705.50  Turnover: 0.4171  Gross: 1.4079  Gate: 0.8158
Episode 422  Reward:   0.052164  Wealth:    116117.09  Turnover: 0.6457  Gross: 1.3954  Gate: 0.7907
Episode 423  Reward:  -0.044487  Wealth:    106110.85  Turnover: 0.7011  Gross: 1.3924  Gate: 0.7847
Episode 424  Reward:   0.261808  Wealth:    152076.83  Turnover: 0.5005  Gross: 1.3910  Gate: 0.7820
Episode 425  Reward:   0.322700  Wealth:    171437.74  Turnover: 0.7097  Gross: 1.3938  Gate: 0.7876
Episode 426  Reward:   0.233231  Wealth:    145280.17  Turnover: 0.3678  Gross: 1.3616  Gate: 0.7231
Episode 427  Reward:   0.104722  Wealth:    122746.98  Turnover: 0.5343  Gross: 1.3906  Gate: 0.7811
Episode 428  Reward:  -0.014672  Wealth:    109865.47  Turnover: 0.4441  Gross: 1.4059  Gate: 0.8117
Episode 429  Reward:   0.027826  Wealth:    110885.65  Turnover: 0.4329  Gross: 1.3908  Gate: 0.7816
Episode 430  Reward:   0.108596  Wealth:    123129.51  Turnover: 0.5136  Gross: 1.4037  Gate: 0.8074
Episode    430  AvgReward:   0.106321  Noise: 0.0635
Episode 431  Reward:   0.124161  Wealth:    126189.44  Turnover: 0.5836  Gross: 1.3995  Gate: 0.7990
Episode 432  Reward:   0.060081  Wealth:    116106.39  Turnover: 0.6340  Gross: 1.4063  Gate: 0.8126
Episode 433  Reward:   0.151614  Wealth:    132090.55  Turnover: 0.6295  Gross: 1.3992  Gate: 0.7984
Episode 434  Reward:   0.181023  Wealth:    135108.63  Turnover: 0.5157  Gross: 1.4035  Gate: 0.8070
Episode 435  Reward:   0.169550  Wealth:    134765.66  Turnover: 0.6482  Gross: 1.4011  Gate: 0.8023
Episode 436  Reward:   0.061950  Wealth:    117822.87  Turnover: 0.5855  Gross: 1.4037  Gate: 0.8074
Episode 437  Reward:   0.075898  Wealth:    119465.26  Turnover: 0.7331  Gross: 1.3912  Gate: 0.7824
Episode 438  Reward:   0.094665  Wealth:    122360.49  Turnover: 0.7772  Gross: 1.3870  Gate: 0.7740
Episode 439  Reward:   0.053019  Wealth:    116495.48  Turnover: 0.9265  Gross: 1.4006  Gate: 0.8013
Episode 440  Reward:  -0.008796  Wealth:    108022.07  Turnover: 0.7803  Gross: 1.4020  Gate: 0.8040
Episode    440  AvgReward:   0.096317  Noise: 0.0623
Episode 441  Reward:   0.280767  Wealth:    158120.93  Turnover: 0.6514  Gross: 1.4049  Gate: 0.8098
Episode 442  Reward:   0.144606  Wealth:    127459.48  Turnover: 0.5031  Gross: 1.3959  Gate: 0.7918
Episode 443  Reward:   0.021569  Wealth:    111066.49  Turnover: 0.5516  Gross: 1.4027  Gate: 0.8055
Episode 444  Reward:   0.225286  Wealth:    143967.78  Turnover: 0.7438  Gross: 1.4055  Gate: 0.8111
Episode 445  Reward:   0.024190  Wealth:    111619.80  Turnover: 0.5463  Gross: 1.3892  Gate: 0.7784
Episode 446  Reward:   0.277496  Wealth:    157983.21  Turnover: 0.6954  Gross: 1.3978  Gate: 0.7957
Episode 447  Reward:   0.251846  Wealth:    147923.23  Turnover: 0.5136  Gross: 1.4065  Gate: 0.8131
Episode 448  Reward:   0.141995  Wealth:    131546.16  Turnover: 0.4808  Gross: 1.3884  Gate: 0.7768
Episode 449  Reward:   0.146307  Wealth:    129522.86  Turnover: 0.6082  Gross: 1.3971  Gate: 0.7942
Episode 450  Reward:   0.135069  Wealth:    125378.13  Turnover: 0.4008  Gross: 1.3959  Gate: 0.7918
Episode    450  AvgReward:   0.164913  Noise: 0.0611
Episode 451  Reward:   0.096942  Wealth:    121160.25  Turnover: 0.5872  Gross: 1.4034  Gate: 0.8069
Episode 452  Reward:  -0.292040  Wealth:     83064.62  Turnover: 0.4685  Gross: 1.3897  Gate: 0.7795
Episode 453  Reward:  -0.127928  Wealth:     95258.77  Turnover: 0.6342  Gross: 1.3948  Gate: 0.7896
Episode 454  Reward:   0.072224  Wealth:    119455.84  Turnover: 0.4882  Gross: 1.3953  Gate: 0.7907
Episode 455  Reward:   0.085748  Wealth:    120453.51  Turnover: 0.4794  Gross: 1.3947  Gate: 0.7893
Episode 456  Reward:   0.239989  Wealth:    146726.98  Turnover: 0.5204  Gross: 1.3925  Gate: 0.7850
Episode 457  Reward:   0.073892  Wealth:    119353.16  Turnover: 0.6701  Gross: 1.4079  Gate: 0.8158
Episode 458  Reward:   0.258074  Wealth:    153353.28  Turnover: 0.6832  Gross: 1.3925  Gate: 0.7851
Episode 459  Reward:   0.120061  Wealth:    123496.28  Turnover: 0.7444  Gross: 1.3905  Gate: 0.7810
Episode 460  Reward:   0.108830  Wealth:    125607.92  Turnover: 0.5822  Gross: 1.4000  Gate: 0.8000
Episode    460  AvgReward:   0.063579  Noise: 0.0598
Episode 461  Reward:   0.255240  Wealth:    155689.28  Turnover: 0.6468  Gross: 1.3923  Gate: 0.7845
Episode 462  Reward:   0.362238  Wealth:    175224.29  Turnover: 0.6026  Gross: 1.3982  Gate: 0.7965
Episode 463  Reward:   0.115795  Wealth:    123455.10  Turnover: 0.7193  Gross: 1.4056  Gate: 0.8112
Episode 464  Reward:   0.194911  Wealth:    143421.43  Turnover: 0.4004  Gross: 1.4000  Gate: 0.8001
Episode 465  Reward:  -0.025776  Wealth:    105798.51  Turnover: 0.6934  Gross: 1.3882  Gate: 0.7763
Episode 466  Reward:   0.117932  Wealth:    126549.89  Turnover: 0.8266  Gross: 1.3719  Gate: 0.7438
Episode 467  Reward:   0.000515  Wealth:    107972.12  Turnover: 0.5982  Gross: 1.3951  Gate: 0.7901
Episode 468  Reward:   0.131471  Wealth:    130216.15  Turnover: 0.4004  Gross: 1.4000  Gate: 0.8001
Episode 469  Reward:  -0.050540  Wealth:    103230.70  Turnover: 0.6167  Gross: 1.3972  Gate: 0.7944
Episode 470  Reward:  -0.020190  Wealth:    106280.19  Turnover: 0.5357  Gross: 1.3991  Gate: 0.7982
Episode    470  AvgReward:   0.108160  Noise: 0.0587
Episode 471  Reward:  -0.132702  Wealth:     95708.58  Turnover: 0.6612  Gross: 1.3970  Gate: 0.7939
Episode 472  Reward:   0.320746  Wealth:    168144.75  Turnover: 0.5087  Gross: 1.3845  Gate: 0.7690
Episode 473  Reward:   0.221940  Wealth:    143385.50  Turnover: 0.6291  Gross: 1.3946  Gate: 0.7893
Episode 474  Reward:   0.233521  Wealth:    145492.93  Turnover: 0.7102  Gross: 1.4051  Gate: 0.8102
Episode 475  Reward:   0.149052  Wealth:    131654.97  Turnover: 0.8938  Gross: 1.4014  Gate: 0.8028
Episode 476  Reward:   0.161537  Wealth:    130428.33  Turnover: 0.5279  Gross: 1.4075  Gate: 0.8151
Episode 477  Reward:   0.140903  Wealth:    129681.58  Turnover: 0.6279  Gross: 1.4027  Gate: 0.8054
Episode 478  Reward:   0.046403  Wealth:    114389.82  Turnover: 0.4856  Gross: 1.4004  Gate: 0.8008
Episode 479  Reward:   0.039744  Wealth:    114193.85  Turnover: 0.5380  Gross: 1.4047  Gate: 0.8093
Episode 480  Reward:   0.355506  Wealth:    177108.31  Turnover: 0.4910  Gross: 1.4060  Gate: 0.8119
Episode    480  AvgReward:   0.153665  Noise: 0.0575
Episode 481  Reward:   0.196232  Wealth:    143106.28  Turnover: 0.5687  Gross: 1.4002  Gate: 0.8003
Episode 482  Reward:   0.282809  Wealth:    158248.62  Turnover: 0.7692  Gross: 1.4004  Gate: 0.8008
Episode 483  Reward:   0.112819  Wealth:    124193.14  Turnover: 0.7914  Gross: 1.4008  Gate: 0.8015
Episode 484  Reward:   0.177941  Wealth:    134671.78  Turnover: 0.3677  Gross: 1.4003  Gate: 0.8006
Episode 485  Reward:  -0.089752  Wealth:    100100.62  Turnover: 0.5108  Gross: 1.3998  Gate: 0.7996
Episode 486  Reward:   0.166080  Wealth:    130552.07  Turnover: 0.5419  Gross: 1.3904  Gate: 0.7809
Episode 487  Reward:  -0.093604  Wealth:    101042.21  Turnover: 0.3836  Gross: 1.3999  Gate: 0.7999
Episode 488  Reward:   0.160295  Wealth:    131673.49  Turnover: 0.2852  Gross: 1.3921  Gate: 0.7842
Episode 489  Reward:   0.379860  Wealth:    189603.86  Turnover: 0.7129  Gross: 1.3854  Gate: 0.7708
Episode 490  Reward:   0.337560  Wealth:    177620.72  Turnover: 0.5176  Gross: 1.4015  Gate: 0.8029
Episode    490  AvgReward:   0.163024  Noise: 0.0564
Episode 491  Reward:   0.128752  Wealth:    126616.40  Turnover: 0.7880  Gross: 1.3962  Gate: 0.7925
Episode 492  Reward:   0.164309  Wealth:    136811.81  Turnover: 0.5958  Gross: 1.3983  Gate: 0.7967
Episode 493  Reward:   0.086165  Wealth:    119297.34  Turnover: 0.5141  Gross: 1.3869  Gate: 0.7739
Episode 494  Reward:  -0.014698  Wealth:    108254.14  Turnover: 0.6103  Gross: 1.4003  Gate: 0.8006
Episode 495  Reward:   0.154054  Wealth:    132309.35  Turnover: 0.5892  Gross: 1.3990  Gate: 0.7981
Episode 496  Reward:   0.253717  Wealth:    152621.59  Turnover: 0.6475  Gross: 1.4041  Gate: 0.8082
Episode 497  Reward:   0.049896  Wealth:    119434.12  Turnover: 0.4711  Gross: 1.4042  Gate: 0.8083
Episode 498  Reward:   0.181910  Wealth:    136432.94  Turnover: 0.6057  Gross: 1.4011  Gate: 0.8022
Episode 499  Reward:   0.217530  Wealth:    141670.79  Turnover: 0.7691  Gross: 1.3780  Gate: 0.7559
Episode 500  Reward:  -0.034964  Wealth:    104949.24  Turnover: 0.4632  Gross: 1.4046  Gate: 0.8093
Episode    500  AvgReward:   0.118667  Noise: 0.0552
Episode 501  Reward:  -0.001334  Wealth:    110051.67  Turnover: 0.6988  Gross: 1.3927  Gate: 0.7854
Episode 502  Reward:   0.169479  Wealth:    132935.35  Turnover: 0.5172  Gross: 1.4005  Gate: 0.8011
Episode 503  Reward:   0.104844  Wealth:    124732.56  Turnover: 0.5813  Gross: 1.3932  Gate: 0.7865
Episode 504  Reward:   0.188749  Wealth:    137667.57  Turnover: 0.4513  Gross: 1.4056  Gate: 0.8111
Episode 505  Reward:   0.087153  Wealth:    118708.96  Turnover: 0.4833  Gross: 1.3953  Gate: 0.7905
Episode 506  Reward:   0.182859  Wealth:    136213.13  Turnover: 0.6696  Gross: 1.4047  Gate: 0.8094
Episode 507  Reward:   0.298408  Wealth:    162555.89  Turnover: 0.6886  Gross: 1.3988  Gate: 0.7976
Episode 508  Reward:   0.123551  Wealth:    129136.11  Turnover: 0.5308  Gross: 1.3986  Gate: 0.7973
Episode 509  Reward:   0.104562  Wealth:    122218.91  Turnover: 0.4148  Gross: 1.3952  Gate: 0.7904
Episode 510  Reward:   0.171656  Wealth:    135379.02  Turnover: 0.6220  Gross: 1.4049  Gate: 0.8097
Episode    510  AvgReward:   0.142993  Noise: 0.0541
Episode 511  Reward:  -0.043047  Wealth:    103136.40  Turnover: 0.6388  Gross: 1.3909  Gate: 0.7818
Episode 512  Reward:  -0.024904  Wealth:    106707.74  Turnover: 0.5911  Gross: 1.3972  Gate: 0.7944
Episode 513  Reward:   0.030097  Wealth:    112287.58  Turnover: 0.4660  Gross: 1.3874  Gate: 0.7748
Episode 514  Reward:   0.139900  Wealth:    129074.02  Turnover: 0.7411  Gross: 1.4059  Gate: 0.8117
Episode 515  Reward:   0.118593  Wealth:    125469.35  Turnover: 0.6566  Gross: 1.3951  Gate: 0.7901
Episode 516  Reward:  -0.025207  Wealth:    106248.95  Turnover: 0.6280  Gross: 1.3946  Gate: 0.7893
Episode 517  Reward:  -0.300378  Wealth:     81977.03  Turnover: 0.5656  Gross: 1.3924  Gate: 0.7848
Episode 518  Reward:   0.132194  Wealth:    127304.42  Turnover: 0.5605  Gross: 1.4040  Gate: 0.8080
Episode 519  Reward:   0.239054  Wealth:    147737.09  Turnover: 0.7095  Gross: 1.3936  Gate: 0.7873
Episode 520  Reward:   0.200491  Wealth:    144870.30  Turnover: 0.5047  Gross: 1.4021  Gate: 0.8042
Episode    520  AvgReward:   0.046679  Noise: 0.0531
Episode 521  Reward:   0.108848  Wealth:    123857.22  Turnover: 0.6096  Gross: 1.3967  Gate: 0.7933
Episode 522  Reward:   0.344717  Wealth:    177208.39  Turnover: 0.6718  Gross: 1.4023  Gate: 0.8047
Episode 523  Reward:   0.264023  Wealth:    155314.17  Turnover: 0.5764  Gross: 1.4051  Gate: 0.8102
Episode 524  Reward:   0.125728  Wealth:    129909.68  Turnover: 0.5794  Gross: 1.4008  Gate: 0.8017
Episode 525  Reward:   0.247978  Wealth:    151164.50  Turnover: 0.8033  Gross: 1.3852  Gate: 0.7703
Episode 526  Reward:   0.184523  Wealth:    135902.49  Turnover: 0.5969  Gross: 1.4091  Gate: 0.8182
Episode 527  Reward:   0.159551  Wealth:    133084.35  Turnover: 0.4419  Gross: 1.3930  Gate: 0.7859
Episode 528  Reward:  -0.267626  Wealth:     84272.71  Turnover: 0.5388  Gross: 1.3972  Gate: 0.7944
Episode 529  Reward:   0.045409  Wealth:    118747.93  Turnover: 0.4600  Gross: 1.3702  Gate: 0.7405
Episode 530  Reward:   0.034027  Wealth:    115286.05  Turnover: 0.7219  Gross: 1.3986  Gate: 0.7971
Episode    530  AvgReward:   0.124718  Noise: 0.0520
Episode 531  Reward:   0.015792  Wealth:    111993.79  Turnover: 0.5228  Gross: 1.3899  Gate: 0.7798
Episode 532  Reward:   0.219478  Wealth:    141897.95  Turnover: 0.6311  Gross: 1.3935  Gate: 0.7871
Episode 533  Reward:   0.245692  Wealth:    148494.44  Turnover: 0.6769  Gross: 1.4075  Gate: 0.8151
Episode 534  Reward:   0.166253  Wealth:    138694.38  Turnover: 0.2450  Gross: 1.4003  Gate: 0.8005
Episode 535  Reward:   0.242829  Wealth:    146484.11  Turnover: 0.5989  Gross: 1.4016  Gate: 0.8033
Episode 536  Reward:   0.126048  Wealth:    127205.03  Turnover: 0.7063  Gross: 1.4039  Gate: 0.8078
Episode 537  Reward:   0.281108  Wealth:    156966.69  Turnover: 0.3512  Gross: 1.3998  Gate: 0.7996
Episode 538  Reward:   0.243508  Wealth:    148071.10  Turnover: 0.5955  Gross: 1.3978  Gate: 0.7955
Episode 539  Reward:   0.137772  Wealth:    127599.95  Turnover: 0.8326  Gross: 1.3957  Gate: 0.7914
Episode 540  Reward:   0.057113  Wealth:    116779.38  Turnover: 0.5252  Gross: 1.3862  Gate: 0.7724
Episode    540  AvgReward:   0.173559  Noise: 0.0510
Episode 541  Reward:   0.054480  Wealth:    119077.84  Turnover: 0.3783  Gross: 1.3992  Gate: 0.7984
Episode 542  Reward:   0.286804  Wealth:    157566.38  Turnover: 0.6860  Gross: 1.4012  Gate: 0.8023
Episode 543  Reward:   0.005281  Wealth:    111814.44  Turnover: 0.8334  Gross: 1.3741  Gate: 0.7483
Episode 544  Reward:   0.153545  Wealth:    130133.48  Turnover: 0.7384  Gross: 1.3968  Gate: 0.7937
Episode 545  Reward:   0.133617  Wealth:    128434.79  Turnover: 0.3567  Gross: 1.3982  Gate: 0.7963
Episode 546  Reward:  -0.069165  Wealth:    101592.15  Turnover: 0.5499  Gross: 1.3978  Gate: 0.7956
Episode 547  Reward:   0.197571  Wealth:    139461.16  Turnover: 0.6097  Gross: 1.4055  Gate: 0.8110
Episode 548  Reward:   0.039741  Wealth:    114383.34  Turnover: 0.6524  Gross: 1.3945  Gate: 0.7889
Episode 549  Reward:   0.017402  Wealth:    111335.00  Turnover: 0.4503  Gross: 1.4033  Gate: 0.8066
Episode 550  Reward:   0.193242  Wealth:    140745.21  Turnover: 0.5743  Gross: 1.3962  Gate: 0.7923
Episode    550  AvgReward:   0.101252  Noise: 0.0500
Episode 551  Reward:   0.280629  Wealth:    162410.40  Turnover: 0.4283  Gross: 1.4041  Gate: 0.8082
Episode 552  Reward:   0.250463  Wealth:    149849.57  Turnover: 0.6515  Gross: 1.3973  Gate: 0.7946
Episode 553  Reward:   0.158963  Wealth:    132889.57  Turnover: 0.5150  Gross: 1.3950  Gate: 0.7900
Episode 554  Reward:   0.126985  Wealth:    128310.00  Turnover: 0.8584  Gross: 1.3732  Gate: 0.7463
Episode 555  Reward:   0.211355  Wealth:    141447.01  Turnover: 0.5046  Gross: 1.3969  Gate: 0.7939
Episode 556  Reward:   0.392840  Wealth:    193403.07  Turnover: 0.8251  Gross: 1.3935  Gate: 0.7869
Episode 557  Reward:   0.202690  Wealth:    138849.23  Turnover: 0.6981  Gross: 1.4022  Gate: 0.8043
Episode 558  Reward:  -0.027269  Wealth:    105401.92  Turnover: 0.4760  Gross: 1.3924  Gate: 0.7848
Episode 559  Reward:  -0.130848  Wealth:     96397.92  Turnover: 0.4566  Gross: 1.3990  Gate: 0.7981
Episode 560  Reward:   0.299665  Wealth:    163733.34  Turnover: 0.7420  Gross: 1.4099  Gate: 0.8198
Episode    560  AvgReward:   0.176547  Noise: 0.0490
Episode 561  Reward:   0.098857  Wealth:    121524.23  Turnover: 0.6333  Gross: 1.3981  Gate: 0.7962
Episode 562  Reward:   0.062838  Wealth:    116569.04  Turnover: 0.5713  Gross: 1.4051  Gate: 0.8102
Episode 563  Reward:   0.099328  Wealth:    123971.35  Turnover: 0.6310  Gross: 1.3832  Gate: 0.7665
Episode 564  Reward:   0.315411  Wealth:    171225.37  Turnover: 0.5885  Gross: 1.3977  Gate: 0.7953
Episode 565  Reward:   0.239255  Wealth:    151223.57  Turnover: 0.6577  Gross: 1.3821  Gate: 0.7642
Episode 566  Reward:   0.214711  Wealth:    146405.46  Turnover: 0.5484  Gross: 1.3997  Gate: 0.7993
Episode 567  Reward:  -0.012387  Wealth:    107798.02  Turnover: 0.6655  Gross: 1.3929  Gate: 0.7858
Episode 568  Reward:   0.108886  Wealth:    125248.82  Turnover: 0.6814  Gross: 1.3901  Gate: 0.7802
Episode 569  Reward:   0.085261  Wealth:    121743.24  Turnover: 0.5631  Gross: 1.3926  Gate: 0.7852
Episode 570  Reward:   0.148340  Wealth:    131124.02  Turnover: 0.5606  Gross: 1.3952  Gate: 0.7904
Episode    570  AvgReward:   0.136050  Noise: 0.0480
Episode 571  Reward:   0.248365  Wealth:    149830.48  Turnover: 0.7926  Gross: 1.3945  Gate: 0.7889
Episode 572  Reward:   0.145676  Wealth:    130885.93  Turnover: 0.6386  Gross: 1.3963  Gate: 0.7925
Episode 573  Reward:   0.160230  Wealth:    135898.61  Turnover: 0.4119  Gross: 1.3966  Gate: 0.7933
Episode 574  Reward:  -0.250473  Wealth:     86298.73  Turnover: 0.7621  Gross: 1.3824  Gate: 0.7648
Episode 575  Reward:  -0.203931  Wealth:     90194.56  Turnover: 0.4645  Gross: 1.3823  Gate: 0.7646
Episode 576  Reward:   0.038672  Wealth:    114745.00  Turnover: 0.6746  Gross: 1.3861  Gate: 0.7721
Episode 577  Reward:  -0.086073  Wealth:     99662.43  Turnover: 0.7532  Gross: 1.3927  Gate: 0.7854
Episode 578  Reward:   0.160659  Wealth:    136681.11  Turnover: 0.6149  Gross: 1.3994  Gate: 0.7988
Episode 579  Reward:  -0.072312  Wealth:    103219.81  Turnover: 0.6568  Gross: 1.3970  Gate: 0.7939
Episode 580  Reward:   0.078907  Wealth:    120499.77  Turnover: 0.7542  Gross: 1.3707  Gate: 0.7414
Episode    580  AvgReward:   0.021972  Noise: 0.0471
Episode 581  Reward:   0.118043  Wealth:    129273.63  Turnover: 0.5061  Gross: 1.3954  Gate: 0.7907
Episode 582  Reward:   0.181084  Wealth:    136349.27  Turnover: 0.6413  Gross: 1.3941  Gate: 0.7883
Episode 583  Reward:   0.111536  Wealth:    126703.35  Turnover: 0.7593  Gross: 1.3866  Gate: 0.7732
Episode 584  Reward:   0.199505  Wealth:    141644.55  Turnover: 0.4804  Gross: 1.3967  Gate: 0.7935
Episode 585  Reward:   0.036517  Wealth:    115990.03  Turnover: 0.6386  Gross: 1.3869  Gate: 0.7737
Episode 586  Reward:   0.115734  Wealth:    125204.98  Turnover: 0.5310  Gross: 1.4047  Gate: 0.8095
Episode 587  Reward:   0.056371  Wealth:    115150.16  Turnover: 0.5808  Gross: 1.3960  Gate: 0.7921
Episode 588  Reward:  -0.039646  Wealth:    106353.83  Turnover: 0.6468  Gross: 1.4029  Gate: 0.8058
Episode 589  Reward:  -0.147005  Wealth:     94293.92  Turnover: 0.5533  Gross: 1.3923  Gate: 0.7846
Episode 590  Reward:   0.260436  Wealth:    152075.24  Turnover: 0.5716  Gross: 1.3989  Gate: 0.7978
Episode    590  AvgReward:   0.089258  Noise: 0.0461
Episode 591  Reward:   0.252920  Wealth:    150576.40  Turnover: 0.5616  Gross: 1.4058  Gate: 0.8117
Episode 592  Reward:  -0.024024  Wealth:    108212.41  Turnover: 0.5800  Gross: 1.4006  Gate: 0.8012
Episode 593  Reward:   0.055755  Wealth:    117116.48  Turnover: 0.7662  Gross: 1.3922  Gate: 0.7844
Episode 594  Reward:   0.414511  Wealth:    201186.26  Turnover: 0.6888  Gross: 1.3991  Gate: 0.7983
Episode 595  Reward:   0.191381  Wealth:    140460.90  Turnover: 0.7985  Gross: 1.4003  Gate: 0.8007
Episode 596  Reward:   0.232536  Wealth:    150965.05  Turnover: 0.6093  Gross: 1.3842  Gate: 0.7685
Episode 597  Reward:   0.265006  Wealth:    157874.83  Turnover: 0.7596  Gross: 1.3837  Gate: 0.7674
Episode 598  Reward:   0.351205  Wealth:    176898.52  Turnover: 1.0046  Gross: 1.3969  Gate: 0.7939
Episode 599  Reward:   0.099014  Wealth:    121639.73  Turnover: 0.8980  Gross: 1.3975  Gate: 0.7951
Episode 600  Reward:   0.066028  Wealth:    118889.78  Turnover: 0.6647  Gross: 1.4006  Gate: 0.8011
Episode    600  AvgReward:   0.190433  Noise: 0.0452
Episode 601  Reward:   0.112326  Wealth:    128738.67  Turnover: 0.4795  Gross: 1.4079  Gate: 0.8159
Episode 602  Reward:   0.203284  Wealth:    142193.83  Turnover: 0.9489  Gross: 1.3870  Gate: 0.7740
Episode 603  Reward:  -0.061778  Wealth:    102929.98  Turnover: 0.8079  Gross: 1.3920  Gate: 0.7840
Episode 604  Reward:   0.258866  Wealth:    153340.31  Turnover: 0.5973  Gross: 1.3962  Gate: 0.7924
Episode 605  Reward:   0.087357  Wealth:    122925.81  Turnover: 0.3823  Gross: 1.3955  Gate: 0.7910
Episode 606  Reward:  -0.198644  Wealth:     91238.90  Turnover: 0.7719  Gross: 1.3919  Gate: 0.7838
Episode 607  Reward:   0.186867  Wealth:    140029.61  Turnover: 0.9255  Gross: 1.3694  Gate: 0.7387
Episode 608  Reward:   0.185541  Wealth:    138369.08  Turnover: 0.5720  Gross: 1.3896  Gate: 0.7791
Episode 609  Reward:  -0.138438  Wealth:     96117.08  Turnover: 0.3661  Gross: 1.4038  Gate: 0.8076
Episode 610  Reward:   0.246692  Wealth:    149084.60  Turnover: 0.5081  Gross: 1.3847  Gate: 0.7694
Episode    610  AvgReward:   0.088207  Noise: 0.0443
Episode 611  Reward:   0.202882  Wealth:    140406.48  Turnover: 0.5587  Gross: 1.3998  Gate: 0.7997
Episode 612  Reward:   0.036220  Wealth:    116844.25  Turnover: 0.5865  Gross: 1.3957  Gate: 0.7915
Episode 613  Reward:   0.099063  Wealth:    125316.57  Turnover: 0.7023  Gross: 1.3999  Gate: 0.7998
Episode 614  Reward:   0.179823  Wealth:    138356.56  Turnover: 0.4905  Gross: 1.3893  Gate: 0.7785
Episode 615  Reward:   0.346772  Wealth:    176452.01  Turnover: 0.7073  Gross: 1.4003  Gate: 0.8006
Episode 616  Reward:  -0.110771  Wealth:     97537.08  Turnover: 0.6767  Gross: 1.4033  Gate: 0.8065
Episode 617  Reward:  -0.089775  Wealth:    101518.02  Turnover: 0.6077  Gross: 1.3876  Gate: 0.7753
Episode 618  Reward:   0.158816  Wealth:    136029.56  Turnover: 0.7171  Gross: 1.3921  Gate: 0.7841
Episode 619  Reward:   0.051427  Wealth:    116726.78  Turnover: 0.6881  Gross: 1.4080  Gate: 0.8160
Episode 620  Reward:   0.265547  Wealth:    156033.10  Turnover: 0.8984  Gross: 1.3986  Gate: 0.7972
Episode    620  AvgReward:   0.114000  Noise: 0.0434
Episode 621  Reward:   0.191050  Wealth:    140573.63  Turnover: 0.7473  Gross: 1.3816  Gate: 0.7633
Episode 622  Reward:   0.022738  Wealth:    111814.15  Turnover: 0.7781  Gross: 1.4012  Gate: 0.8024
Episode 623  Reward:   0.104817  Wealth:    123868.03  Turnover: 0.6415  Gross: 1.3891  Gate: 0.7781
Episode 624  Reward:   0.130351  Wealth:    128609.64  Turnover: 0.5363  Gross: 1.3891  Gate: 0.7782
Episode 625  Reward:  -0.074308  Wealth:    102440.14  Turnover: 0.5862  Gross: 1.4065  Gate: 0.8130
Episode 626  Reward:   0.190364  Wealth:    139665.52  Turnover: 0.7849  Gross: 1.3911  Gate: 0.7823
Episode 627  Reward:   0.033155  Wealth:    112290.14  Turnover: 0.5757  Gross: 1.3932  Gate: 0.7865
Episode 628  Reward:   0.231356  Wealth:    145988.06  Turnover: 0.6964  Gross: 1.3986  Gate: 0.7972
Episode 629  Reward:   0.207904  Wealth:    144127.02  Turnover: 0.6591  Gross: 1.3954  Gate: 0.7908
Episode 630  Reward:   0.125279  Wealth:    128351.53  Turnover: 0.4312  Gross: 1.3954  Gate: 0.7909
Episode    630  AvgReward:   0.116271  Noise: 0.0426
Episode 631  Reward:  -0.040400  Wealth:    104945.84  Turnover: 0.4997  Gross: 1.3892  Gate: 0.7783
Episode 632  Reward:   0.177011  Wealth:    137823.50  Turnover: 0.4833  Gross: 1.4070  Gate: 0.8140
Episode 633  Reward:   0.024474  Wealth:    115158.84  Turnover: 0.5062  Gross: 1.4055  Gate: 0.8111
Episode 634  Reward:   0.225157  Wealth:    147964.81  Turnover: 0.8042  Gross: 1.4049  Gate: 0.8098
Episode 635  Reward:  -0.023841  Wealth:    107225.52  Turnover: 0.4269  Gross: 1.3963  Gate: 0.7925
Episode 636  Reward:   0.145744  Wealth:    131091.84  Turnover: 0.5876  Gross: 1.3973  Gate: 0.7946
Episode 637  Reward:   0.187674  Wealth:    137398.42  Turnover: 0.4101  Gross: 1.3892  Gate: 0.7784
Episode 638  Reward:  -0.049768  Wealth:    104603.23  Turnover: 0.4982  Gross: 1.3957  Gate: 0.7915
Episode 639  Reward:   0.329673  Wealth:    176052.35  Turnover: 0.6159  Gross: 1.3969  Gate: 0.7939
Episode 640  Reward:   0.005848  Wealth:    112690.69  Turnover: 0.5061  Gross: 1.3979  Gate: 0.7958
Episode    640  AvgReward:   0.098157  Noise: 0.0417
Episode 641  Reward:  -0.027056  Wealth:    107678.89  Turnover: 0.8215  Gross: 1.3987  Gate: 0.7974
Episode 642  Reward:   0.392256  Wealth:    192290.20  Turnover: 0.8112  Gross: 1.3971  Gate: 0.7943
Episode 643  Reward:   0.077550  Wealth:    121035.15  Turnover: 0.8343  Gross: 1.3943  Gate: 0.7885
Episode 644  Reward:   0.154736  Wealth:    132583.96  Turnover: 0.7824  Gross: 1.4045  Gate: 0.8090
Episode 645  Reward:   0.257245  Wealth:    152334.24  Turnover: 0.7702  Gross: 1.4017  Gate: 0.8034
Episode 646  Reward:   0.197132  Wealth:    141189.68  Turnover: 0.6465  Gross: 1.4003  Gate: 0.8007
Episode 647  Reward:   0.224370  Wealth:    148451.25  Turnover: 0.7913  Gross: 1.3751  Gate: 0.7502
Episode 648  Reward:  -0.024042  Wealth:    106665.61  Turnover: 0.3686  Gross: 1.3959  Gate: 0.7918
Episode 649  Reward:   0.259389  Wealth:    151739.49  Turnover: 0.5771  Gross: 1.4014  Gate: 0.8029
Episode 650  Reward:  -0.100732  Wealth:     98218.60  Turnover: 0.5847  Gross: 1.3895  Gate: 0.7790
Episode    650  AvgReward:   0.141085  Noise: 0.0409
Episode 651  Reward:   0.290859  Wealth:    166385.96  Turnover: 0.8300  Gross: 1.3982  Gate: 0.7964
Episode 652  Reward:   0.021577  Wealth:    111973.80  Turnover: 0.6207  Gross: 1.4053  Gate: 0.8107
Episode 653  Reward:   0.158378  Wealth:    132264.89  Turnover: 0.4929  Gross: 1.3921  Gate: 0.7842
Episode 654  Reward:   0.171145  Wealth:    133916.84  Turnover: 0.6389  Gross: 1.3945  Gate: 0.7890
Episode 655  Reward:   0.039886  Wealth:    113997.57  Turnover: 0.8461  Gross: 1.4008  Gate: 0.8015
Episode 656  Reward:   0.211531  Wealth:    145309.26  Turnover: 1.0569  Gross: 1.3989  Gate: 0.7977
Episode 657  Reward:   0.130661  Wealth:    128405.43  Turnover: 0.5502  Gross: 1.4026  Gate: 0.8052
Episode 658  Reward:   0.149595  Wealth:    133669.05  Turnover: 1.0062  Gross: 1.3920  Gate: 0.7839
Episode 659  Reward:   0.271241  Wealth:    158446.00  Turnover: 0.8742  Gross: 1.4013  Gate: 0.8025
Episode 660  Reward:  -0.039467  Wealth:    104932.80  Turnover: 0.4511  Gross: 1.3892  Gate: 0.7783
Episode    660  AvgReward:   0.140541  Noise: 0.0401
Episode 661  Reward:   0.249939  Wealth:    149199.65  Turnover: 0.7675  Gross: 1.3932  Gate: 0.7864
Episode 662  Reward:   0.340718  Wealth:    172953.67  Turnover: 0.8986  Gross: 1.3984  Gate: 0.7968
Episode 663  Reward:   0.190176  Wealth:    137481.21  Turnover: 0.6839  Gross: 1.4008  Gate: 0.8016
Episode 664  Reward:  -0.025493  Wealth:    107577.43  Turnover: 0.5088  Gross: 1.4002  Gate: 0.8005
Episode 665  Reward:   0.091037  Wealth:    121713.41  Turnover: 0.8168  Gross: 1.3991  Gate: 0.7981
Episode 666  Reward:   0.063134  Wealth:    117752.15  Turnover: 0.6571  Gross: 1.4045  Gate: 0.8090
Episode 667  Reward:  -0.050085  Wealth:    102993.31  Turnover: 0.4452  Gross: 1.3985  Gate: 0.7970
Episode 668  Reward:   0.184304  Wealth:    140616.66  Turnover: 0.5110  Gross: 1.3995  Gate: 0.7990
Episode 669  Reward:   0.140784  Wealth:    130907.16  Turnover: 0.7664  Gross: 1.3957  Gate: 0.7914
Episode 670  Reward:   0.275559  Wealth:    157067.96  Turnover: 0.8029  Gross: 1.3935  Gate: 0.7871
Episode    670  AvgReward:   0.146007  Noise: 0.0393
Episode 671  Reward:   0.220370  Wealth:    146649.68  Turnover: 0.8594  Gross: 1.3950  Gate: 0.7899
Episode 672  Reward:   0.143171  Wealth:    132425.24  Turnover: 0.8151  Gross: 1.3907  Gate: 0.7814
Episode 673  Reward:  -0.008487  Wealth:    109653.44  Turnover: 0.5727  Gross: 1.4040  Gate: 0.8080
Episode 674  Reward:   0.294008  Wealth:    160662.52  Turnover: 0.7214  Gross: 1.3922  Gate: 0.7844
Episode 675  Reward:   0.073259  Wealth:    120282.58  Turnover: 0.5568  Gross: 1.3842  Gate: 0.7685
Episode 676  Reward:  -0.223329  Wealth:     90481.75  Turnover: 0.4924  Gross: 1.3949  Gate: 0.7897
Episode 677  Reward:   0.196737  Wealth:    139429.00  Turnover: 0.7625  Gross: 1.3967  Gate: 0.7933
Episode 678  Reward:  -0.060973  Wealth:    103899.37  Turnover: 0.6114  Gross: 1.3976  Gate: 0.7952
Episode 679  Reward:   0.175344  Wealth:    136016.82  Turnover: 0.7977  Gross: 1.4028  Gate: 0.8057
Episode 680  Reward:   0.350367  Wealth:    175952.45  Turnover: 0.5964  Gross: 1.3960  Gate: 0.7920
Episode    680  AvgReward:   0.116047  Noise: 0.0385
Episode 681  Reward:   0.368212  Wealth:    185021.45  Turnover: 0.5323  Gross: 1.3940  Gate: 0.7881
Episode 682  Reward:   0.149225  Wealth:    130485.37  Turnover: 0.5709  Gross: 1.4006  Gate: 0.8011
Episode 683  Reward:   0.219779  Wealth:    141439.23  Turnover: 0.5015  Gross: 1.4013  Gate: 0.8025
Episode 684  Reward:   0.034776  Wealth:    117227.90  Turnover: 0.3190  Gross: 1.3977  Gate: 0.7954
Episode 685  Reward:   0.260019  Wealth:    156864.31  Turnover: 0.6528  Gross: 1.4036  Gate: 0.8071
Episode 686  Reward:  -0.124663  Wealth:     95650.63  Turnover: 0.4134  Gross: 1.3947  Gate: 0.7893
Episode 687  Reward:   0.197771  Wealth:    139963.98  Turnover: 0.5532  Gross: 1.3919  Gate: 0.7838
Episode 688  Reward:   0.202895  Wealth:    141566.47  Turnover: 0.8380  Gross: 1.4053  Gate: 0.8106
Episode 689  Reward:   0.103892  Wealth:    125593.89  Turnover: 0.8824  Gross: 1.3977  Gate: 0.7954
Episode 690  Reward:   0.010604  Wealth:    112701.53  Turnover: 0.4912  Gross: 1.4033  Gate: 0.8066
Episode    690  AvgReward:   0.142251  Noise: 0.0378
Episode 691  Reward:   0.135218  Wealth:    129535.19  Turnover: 0.5727  Gross: 1.3835  Gate: 0.7669
Episode 692  Reward:   0.193272  Wealth:    138479.29  Turnover: 0.9224  Gross: 1.3932  Gate: 0.7865
Episode 693  Reward:  -0.029668  Wealth:    106272.58  Turnover: 0.7386  Gross: 1.4021  Gate: 0.8043
Episode 694  Reward:   0.341591  Wealth:    176024.53  Turnover: 0.5219  Gross: 1.3971  Gate: 0.7943
Episode 695  Reward:   0.283680  Wealth:    162329.03  Turnover: 0.5358  Gross: 1.3896  Gate: 0.7792
Episode 696  Reward:   0.185213  Wealth:    136101.79  Turnover: 0.6139  Gross: 1.3963  Gate: 0.7927
Episode 697  Reward:  -0.168208  Wealth:     91910.59  Turnover: 0.6053  Gross: 1.3877  Gate: 0.7754
Episode 698  Reward:   0.286350  Wealth:    157507.74  Turnover: 0.7570  Gross: 1.4007  Gate: 0.8014
Episode 699  Reward:   0.170193  Wealth:    132792.19  Turnover: 0.4580  Gross: 1.3980  Gate: 0.7960
Episode 700  Reward:   0.094841  Wealth:    122356.88  Turnover: 0.4818  Gross: 1.4004  Gate: 0.8007
Episode    700  AvgReward:   0.149248  Noise: 0.0370
Episode 701  Reward:   0.216638  Wealth:    144580.65  Turnover: 0.8576  Gross: 1.3904  Gate: 0.7807
Episode 702  Reward:   0.158629  Wealth:    133454.06  Turnover: 0.6282  Gross: 1.3783  Gate: 0.7565
Episode 703  Reward:  -0.064990  Wealth:    100874.81  Turnover: 0.6905  Gross: 1.4007  Gate: 0.8015
Episode 704  Reward:   0.268319  Wealth:    154632.20  Turnover: 1.0297  Gross: 1.3878  Gate: 0.7757
Episode 705  Reward:   0.098393  Wealth:    124403.01  Turnover: 0.4446  Gross: 1.3996  Gate: 0.7992
Episode 706  Reward:   0.150858  Wealth:    129130.57  Turnover: 0.9016  Gross: 1.3892  Gate: 0.7785
Episode 707  Reward:   0.217512  Wealth:    147194.49  Turnover: 0.4947  Gross: 1.4076  Gate: 0.8152
Episode 708  Reward:   0.069647  Wealth:    118243.83  Turnover: 0.9500  Gross: 1.4031  Gate: 0.8062
Episode 709  Reward:   0.185113  Wealth:    140879.21  Turnover: 0.5108  Gross: 1.4030  Gate: 0.8060
Episode 710  Reward:  -0.130515  Wealth:     95917.75  Turnover: 0.6209  Gross: 1.3848  Gate: 0.7695
Episode    710  AvgReward:   0.116960  Noise: 0.0363
Episode 711  Reward:   0.151903  Wealth:    132181.26  Turnover: 0.6226  Gross: 1.4016  Gate: 0.8032
Episode 712  Reward:   0.168553  Wealth:    134864.86  Turnover: 0.6902  Gross: 1.4015  Gate: 0.8031
Episode 713  Reward:  -0.214096  Wealth:     89213.55  Turnover: 0.5522  Gross: 1.3776  Gate: 0.7552
Episode 714  Reward:   0.009296  Wealth:    113115.59  Turnover: 0.4289  Gross: 1.3983  Gate: 0.7967
Episode 715  Reward:   0.084534  Wealth:    122625.37  Turnover: 0.7685  Gross: 1.3940  Gate: 0.7880
Episode 716  Reward:   0.371344  Wealth:    188954.24  Turnover: 0.8591  Gross: 1.3907  Gate: 0.7815
Episode 717  Reward:   0.191370  Wealth:    136371.35  Turnover: 0.8071  Gross: 1.3942  Gate: 0.7884
Episode 718  Reward:   0.183148  Wealth:    135894.07  Turnover: 0.5569  Gross: 1.3992  Gate: 0.7983
Episode 719  Reward:   0.078576  Wealth:    118405.09  Turnover: 0.3901  Gross: 1.3968  Gate: 0.7936
Episode 720  Reward:   0.114766  Wealth:    127414.41  Turnover: 0.4374  Gross: 1.3952  Gate: 0.7905
Episode    720  AvgReward:   0.113939  Noise: 0.0356
Episode 721  Reward:   0.123390  Wealth:    126121.51  Turnover: 0.6467  Gross: 1.3888  Gate: 0.7775
Episode 722  Reward:  -0.073868  Wealth:    102589.08  Turnover: 0.8411  Gross: 1.3949  Gate: 0.7897
Episode 723  Reward:   0.376078  Wealth:    185994.59  Turnover: 0.6282  Gross: 1.3996  Gate: 0.7993
Episode 724  Reward:  -0.028652  Wealth:    106335.89  Turnover: 0.6453  Gross: 1.3938  Gate: 0.7875
Episode 725  Reward:   0.205160  Wealth:    141099.30  Turnover: 0.5264  Gross: 1.3959  Gate: 0.7919
Episode 726  Reward:  -0.074385  Wealth:    100323.64  Turnover: 0.5654  Gross: 1.3908  Gate: 0.7815
Episode 727  Reward:   0.091269  Wealth:    120382.57  Turnover: 0.7683  Gross: 1.4053  Gate: 0.8106
Episode 728  Reward:   0.177190  Wealth:    137316.81  Turnover: 0.8798  Gross: 1.3826  Gate: 0.7653
Episode 729  Reward:  -0.019877  Wealth:    107250.99  Turnover: 0.6015  Gross: 1.3959  Gate: 0.7919
Episode 730  Reward:   0.099956  Wealth:    123523.40  Turnover: 0.7095  Gross: 1.3945  Gate: 0.7891
Episode    730  AvgReward:   0.087626  Noise: 0.0349
Episode 731  Reward:   0.090004  Wealth:    123559.21  Turnover: 0.6834  Gross: 1.4000  Gate: 0.8000
Episode 732  Reward:   0.184590  Wealth:    136026.62  Turnover: 0.6037  Gross: 1.3977  Gate: 0.7954
Episode 733  Reward:   0.146896  Wealth:    129859.74  Turnover: 0.7481  Gross: 1.3953  Gate: 0.7907
Episode 734  Reward:   0.098911  Wealth:    122006.76  Turnover: 0.6700  Gross: 1.4017  Gate: 0.8035
Episode 735  Reward:   0.166571  Wealth:    132942.31  Turnover: 0.7731  Gross: 1.3917  Gate: 0.7833
Episode 736  Reward:   0.119479  Wealth:    130128.83  Turnover: 0.4887  Gross: 1.3952  Gate: 0.7904
Episode 737  Reward:  -0.129433  Wealth:     95808.81  Turnover: 0.7163  Gross: 1.4057  Gate: 0.8113
Episode 738  Reward:   0.222516  Wealth:    144998.48  Turnover: 0.6442  Gross: 1.3983  Gate: 0.7965
Episode 739  Reward:   0.027506  Wealth:    111684.48  Turnover: 0.5263  Gross: 1.3941  Gate: 0.7881
Episode 740  Reward:   0.095252  Wealth:    123015.39  Turnover: 0.8332  Gross: 1.4046  Gate: 0.8093
Episode    740  AvgReward:   0.102229  Noise: 0.0342
Episode 741  Reward:   0.034986  Wealth:    116150.21  Turnover: 0.6068  Gross: 1.3995  Gate: 0.7991
Episode 742  Reward:   0.210616  Wealth:    142430.94  Turnover: 0.7422  Gross: 1.3993  Gate: 0.7987
Episode 743  Reward:   0.214662  Wealth:    142356.09  Turnover: 0.4780  Gross: 1.3903  Gate: 0.7806
Episode 744  Reward:   0.061775  Wealth:    119391.18  Turnover: 0.7790  Gross: 1.4034  Gate: 0.8068
Episode 745  Reward:   0.057691  Wealth:    117387.43  Turnover: 1.0819  Gross: 1.3906  Gate: 0.7813
Episode 746  Reward:  -0.262627  Wealth:     85034.14  Turnover: 0.5717  Gross: 1.4035  Gate: 0.8070
Episode 747  Reward:   0.122889  Wealth:    127342.57  Turnover: 0.6510  Gross: 1.3981  Gate: 0.7963
Episode 748  Reward:   0.013991  Wealth:    111795.50  Turnover: 0.5307  Gross: 1.4050  Gate: 0.8100
Episode 749  Reward:   0.055458  Wealth:    117059.32  Turnover: 0.6806  Gross: 1.4069  Gate: 0.8139
Episode 750  Reward:  -0.090783  Wealth:    100219.35  Turnover: 0.6472  Gross: 1.3833  Gate: 0.7665
Episode    750  AvgReward:   0.041866  Noise: 0.0335
Episode 751  Reward:   0.217514  Wealth:    143304.19  Turnover: 0.6701  Gross: 1.3971  Gate: 0.7941
Episode 752  Reward:  -0.046728  Wealth:    103641.36  Turnover: 0.4639  Gross: 1.3963  Gate: 0.7927
Episode 753  Reward:  -0.146185  Wealth:     95099.46  Turnover: 0.7954  Gross: 1.3996  Gate: 0.7993
Episode 754  Reward:   0.081355  Wealth:    120307.47  Turnover: 0.6332  Gross: 1.4062  Gate: 0.8123
Episode 755  Reward:   0.044144  Wealth:    115957.88  Turnover: 0.7113  Gross: 1.3770  Gate: 0.7540
Episode 756  Reward:   0.300141  Wealth:    165927.55  Turnover: 0.5889  Gross: 1.3880  Gate: 0.7761
Episode 757  Reward:   0.191355  Wealth:    142578.77  Turnover: 0.5682  Gross: 1.3949  Gate: 0.7899
Episode 758  Reward:   0.107101  Wealth:    124078.75  Turnover: 0.7050  Gross: 1.3922  Gate: 0.7845
Episode 759  Reward:   0.144929  Wealth:    130238.38  Turnover: 0.6157  Gross: 1.3916  Gate: 0.7832
Episode 760  Reward:  -0.020898  Wealth:    107473.15  Turnover: 0.5980  Gross: 1.3979  Gate: 0.7957
Episode    760  AvgReward:   0.087273  Noise: 0.0328
Episode 761  Reward:   0.151293  Wealth:    134229.56  Turnover: 0.6131  Gross: 1.3964  Gate: 0.7928
Episode 762  Reward:   0.069686  Wealth:    122534.40  Turnover: 0.3331  Gross: 1.4046  Gate: 0.8092
Episode 763  Reward:   0.128312  Wealth:    127866.45  Turnover: 0.8094  Gross: 1.4026  Gate: 0.8052
Episode 764  Reward:   0.101160  Wealth:    122800.39  Turnover: 0.7493  Gross: 1.3995  Gate: 0.7990
Episode 765  Reward:   0.189471  Wealth:    137095.31  Turnover: 0.6632  Gross: 1.4047  Gate: 0.8095
Episode 766  Reward:   0.218362  Wealth:    144965.65  Turnover: 0.6311  Gross: 1.3948  Gate: 0.7896
Episode 767  Reward:   0.178630  Wealth:    135658.72  Turnover: 0.7186  Gross: 1.4075  Gate: 0.8150
Episode 768  Reward:  -0.016057  Wealth:    107087.73  Turnover: 0.4512  Gross: 1.3924  Gate: 0.7847
Episode 769  Reward:   0.274327  Wealth:    155813.63  Turnover: 0.5170  Gross: 1.4042  Gate: 0.8084
Episode 770  Reward:   0.205206  Wealth:    141037.72  Turnover: 0.7411  Gross: 1.3986  Gate: 0.7971
Episode    770  AvgReward:   0.150039  Noise: 0.0322
Episode 771  Reward:  -0.142460  Wealth:     95007.10  Turnover: 0.8519  Gross: 1.4021  Gate: 0.8042
Episode 772  Reward:  -0.103392  Wealth:     99746.91  Turnover: 0.6667  Gross: 1.3814  Gate: 0.7627
Episode 773  Reward:   0.267069  Wealth:    153551.78  Turnover: 0.8147  Gross: 1.3922  Gate: 0.7844
Episode 774  Reward:   0.099146  Wealth:    124399.52  Turnover: 0.5214  Gross: 1.4015  Gate: 0.8031
Episode 775  Reward:   0.148576  Wealth:    131352.95  Turnover: 0.6481  Gross: 1.3984  Gate: 0.7968
Episode 776  Reward:  -0.074946  Wealth:    102790.80  Turnover: 0.6358  Gross: 1.3825  Gate: 0.7651
Episode 777  Reward:  -0.075363  Wealth:    101844.69  Turnover: 0.8713  Gross: 1.3965  Gate: 0.7929
Episode 778  Reward:   0.187612  Wealth:    139779.56  Turnover: 0.6495  Gross: 1.3983  Gate: 0.7965
Episode 779  Reward:   0.159518  Wealth:    133853.92  Turnover: 0.8363  Gross: 1.3957  Gate: 0.7913
Episode 780  Reward:  -0.016892  Wealth:    108138.45  Turnover: 0.8071  Gross: 1.4001  Gate: 0.8002
Episode    780  AvgReward:   0.044887  Noise: 0.0315
Episode 781  Reward:   0.153642  Wealth:    133242.83  Turnover: 0.5797  Gross: 1.4004  Gate: 0.8007
Episode 782  Reward:  -0.029543  Wealth:    106559.47  Turnover: 0.7704  Gross: 1.4022  Gate: 0.8044
Episode 783  Reward:   0.185891  Wealth:    136951.98  Turnover: 0.8709  Gross: 1.3964  Gate: 0.7928
Episode 784  Reward:   0.353246  Wealth:    176644.78  Turnover: 0.5887  Gross: 1.3939  Gate: 0.7877
Episode 785  Reward:   0.263948  Wealth:    154978.00  Turnover: 0.5133  Gross: 1.4037  Gate: 0.8074
Episode 786  Reward:   0.217509  Wealth:    143701.46  Turnover: 0.9628  Gross: 1.4047  Gate: 0.8095
Episode 787  Reward:  -0.003984  Wealth:    108181.32  Turnover: 0.7722  Gross: 1.4011  Gate: 0.8023
Episode 788  Reward:   0.222058  Wealth:    142005.75  Turnover: 0.4581  Gross: 1.3976  Gate: 0.7952
Episode 789  Reward:   0.104466  Wealth:    123988.30  Turnover: 0.8369  Gross: 1.3885  Gate: 0.7770
Episode 790  Reward:   0.090977  Wealth:    119421.22  Turnover: 0.6087  Gross: 1.3890  Gate: 0.7780
Episode    790  AvgReward:   0.155821  Noise: 0.0309
Episode 791  Reward:   0.171718  Wealth:    136027.35  Turnover: 0.7642  Gross: 1.3935  Gate: 0.7870
Episode 792  Reward:   0.088948  Wealth:    120085.57  Turnover: 0.5220  Gross: 1.3862  Gate: 0.7725
Episode 793  Reward:   0.088521  Wealth:    120577.50  Turnover: 0.5148  Gross: 1.3924  Gate: 0.7848
Episode 794  Reward:   0.173933  Wealth:    135915.84  Turnover: 0.5720  Gross: 1.3971  Gate: 0.7942
Episode 795  Reward:   0.003870  Wealth:    109982.80  Turnover: 0.7507  Gross: 1.3932  Gate: 0.7864
Episode 796  Reward:   0.049670  Wealth:    114404.25  Turnover: 0.7374  Gross: 1.3912  Gate: 0.7824
Episode 797  Reward:  -0.312444  Wealth:     82558.39  Turnover: 0.5280  Gross: 1.3976  Gate: 0.7953
Episode 798  Reward:   0.285695  Wealth:    159057.06  Turnover: 0.7062  Gross: 1.4049  Gate: 0.8099
Episode 799  Reward:   0.200531  Wealth:    140216.81  Turnover: 0.6186  Gross: 1.3992  Gate: 0.7984
Episode 800  Reward:   0.362967  Wealth:    181321.45  Turnover: 0.7544  Gross: 1.4056  Gate: 0.8111
Episode    800  AvgReward:   0.111341  Noise: 0.0303
Episode 801  Reward:   0.301693  Wealth:    163775.09  Turnover: 0.7746  Gross: 1.3959  Gate: 0.7918
Episode 802  Reward:   0.103155  Wealth:    122518.81  Turnover: 0.8520  Gross: 1.3966  Gate: 0.7932
Episode 803  Reward:   0.159062  Wealth:    136084.34  Turnover: 0.5059  Gross: 1.3916  Gate: 0.7833
Episode 804  Reward:   0.056049  Wealth:    114858.90  Turnover: 0.4657  Gross: 1.3951  Gate: 0.7901
Episode 805  Reward:   0.119627  Wealth:    125955.59  Turnover: 0.5067  Gross: 1.4000  Gate: 0.8000
Episode 806  Reward:   0.071533  Wealth:    120920.45  Turnover: 0.4937  Gross: 1.3987  Gate: 0.7974
Episode 807  Reward:   0.306215  Wealth:    163370.43  Turnover: 0.5657  Gross: 1.4024  Gate: 0.8047
Episode 808  Reward:   0.111261  Wealth:    123090.34  Turnover: 0.4170  Gross: 1.4027  Gate: 0.8053
Episode 809  Reward:   0.268146  Wealth:    156225.99  Turnover: 0.9806  Gross: 1.3778  Gate: 0.7555
Episode 810  Reward:  -0.021136  Wealth:    105246.62  Turnover: 0.5161  Gross: 1.3935  Gate: 0.7870
Episode    810  AvgReward:   0.147560  Noise: 0.0297
Episode 811  Reward:   0.203995  Wealth:    139988.79  Turnover: 0.6704  Gross: 1.3900  Gate: 0.7800
Episode 812  Reward:   0.265884  Wealth:    153996.98  Turnover: 0.6948  Gross: 1.4005  Gate: 0.8011
Episode 813  Reward:  -0.020531  Wealth:    106280.93  Turnover: 0.4378  Gross: 1.4007  Gate: 0.8014
Episode 814  Reward:   0.324107  Wealth:    167776.62  Turnover: 0.6150  Gross: 1.3976  Gate: 0.7952
Episode 815  Reward:   0.247645  Wealth:    149104.28  Turnover: 0.6324  Gross: 1.3923  Gate: 0.7847
Episode 816  Reward:   0.181010  Wealth:    134330.64  Turnover: 0.3892  Gross: 1.4019  Gate: 0.8038
Episode 817  Reward:   0.188096  Wealth:    137022.02  Turnover: 0.6264  Gross: 1.3970  Gate: 0.7941
Episode 818  Reward:   0.265737  Wealth:    156065.65  Turnover: 0.7339  Gross: 1.3969  Gate: 0.7937
Episode 819  Reward:  -0.134448  Wealth:     95086.94  Turnover: 1.0028  Gross: 1.3876  Gate: 0.7752
Episode 820  Reward:   0.270673  Wealth:    154358.79  Turnover: 0.7074  Gross: 1.4002  Gate: 0.8004
Episode    820  AvgReward:   0.179217  Noise: 0.0291
Episode 821  Reward:   0.080921  Wealth:    119667.54  Turnover: 0.7727  Gross: 1.3987  Gate: 0.7974
Episode 822  Reward:   0.164368  Wealth:    135194.23  Turnover: 1.0404  Gross: 1.3959  Gate: 0.7917
Episode 823  Reward:   0.083379  Wealth:    120929.17  Turnover: 0.6928  Gross: 1.3936  Gate: 0.7872
Episode 824  Reward:   0.137327  Wealth:    130196.95  Turnover: 0.6177  Gross: 1.3961  Gate: 0.7922
Episode 825  Reward:   0.229555  Wealth:    144436.81  Turnover: 0.6668  Gross: 1.3994  Gate: 0.7988
Episode 826  Reward:  -0.091541  Wealth:    102042.27  Turnover: 0.6404  Gross: 1.3887  Gate: 0.7774
Episode 827  Reward:   0.303731  Wealth:    163451.88  Turnover: 0.4338  Gross: 1.4026  Gate: 0.8052
Episode 828  Reward:   0.065787  Wealth:    117227.07  Turnover: 0.5278  Gross: 1.3866  Gate: 0.7732
Episode 829  Reward:   0.154878  Wealth:    132017.67  Turnover: 0.5616  Gross: 1.4018  Gate: 0.8037
Episode 830  Reward:   0.107757  Wealth:    123937.97  Turnover: 0.6504  Gross: 1.4026  Gate: 0.8052
Episode    830  AvgReward:   0.123616  Noise: 0.0285
Episode 831  Reward:   0.233742  Wealth:    151147.75  Turnover: 0.7355  Gross: 1.3835  Gate: 0.7671
Episode 832  Reward:   0.301438  Wealth:    163999.59  Turnover: 0.5525  Gross: 1.3900  Gate: 0.7800
Episode 833  Reward:   0.192247  Wealth:    138578.94  Turnover: 0.6052  Gross: 1.3978  Gate: 0.7957
Episode 834  Reward:   0.214555  Wealth:    144259.61  Turnover: 0.6710  Gross: 1.3996  Gate: 0.7992
Episode 835  Reward:   0.197883  Wealth:    138519.66  Turnover: 0.6959  Gross: 1.3978  Gate: 0.7957
Episode 836  Reward:   0.273640  Wealth:    157851.92  Turnover: 0.7154  Gross: 1.3973  Gate: 0.7945
Episode 837  Reward:  -0.177275  Wealth:     90466.48  Turnover: 0.5216  Gross: 1.3988  Gate: 0.7975
Episode 838  Reward:   0.164994  Wealth:    134307.89  Turnover: 0.9932  Gross: 1.3879  Gate: 0.7758
Episode 839  Reward:  -0.003852  Wealth:    109739.05  Turnover: 0.7054  Gross: 1.3922  Gate: 0.7845
Episode 840  Reward:   0.139609  Wealth:    129823.39  Turnover: 0.5030  Gross: 1.3977  Gate: 0.7953
Episode    840  AvgReward:   0.153698  Noise: 0.0280
Episode 841  Reward:   0.085804  Wealth:    122240.31  Turnover: 0.7068  Gross: 1.3964  Gate: 0.7928
Episode 842  Reward:   0.062881  Wealth:    116704.17  Turnover: 0.6408  Gross: 1.3933  Gate: 0.7867
Episode 843  Reward:  -0.139960  Wealth:     95461.45  Turnover: 0.5766  Gross: 1.3942  Gate: 0.7883
Episode 844  Reward:   0.122134  Wealth:    123934.84  Turnover: 0.4622  Gross: 1.3969  Gate: 0.7938
Episode 845  Reward:   0.013172  Wealth:    112314.71  Turnover: 0.5267  Gross: 1.3924  Gate: 0.7848
Episode 846  Reward:   0.094777  Wealth:    121574.62  Turnover: 0.6018  Gross: 1.3964  Gate: 0.7927
Episode 847  Reward:   0.282569  Wealth:    159638.13  Turnover: 0.6141  Gross: 1.4025  Gate: 0.8049
Episode 848  Reward:  -0.002960  Wealth:    109458.80  Turnover: 0.6707  Gross: 1.4064  Gate: 0.8128
Episode 849  Reward:   0.274704  Wealth:    159239.21  Turnover: 0.4497  Gross: 1.4031  Gate: 0.8063
Episode 850  Reward:   0.037932  Wealth:    114264.76  Turnover: 0.6019  Gross: 1.3845  Gate: 0.7689
Episode    850  AvgReward:   0.083105  Noise: 0.0274
Episode 851  Reward:  -0.001403  Wealth:    111817.79  Turnover: 0.3960  Gross: 1.4004  Gate: 0.8009
Episode 852  Reward:   0.299721  Wealth:    165222.60  Turnover: 0.9246  Gross: 1.3915  Gate: 0.7830
Episode 853  Reward:   0.204452  Wealth:    144032.64  Turnover: 0.5267  Gross: 1.3960  Gate: 0.7920
Episode 854  Reward:   0.105924  Wealth:    123822.36  Turnover: 0.4719  Gross: 1.3881  Gate: 0.7761
Episode 855  Reward:   0.322964  Wealth:    172434.92  Turnover: 0.8036  Gross: 1.3991  Gate: 0.7983
Episode 856  Reward:  -0.053978  Wealth:    104101.32  Turnover: 0.5249  Gross: 1.4010  Gate: 0.8019
Episode 857  Reward:   0.293238  Wealth:    165440.98  Turnover: 0.7564  Gross: 1.3934  Gate: 0.7869
Episode 858  Reward:   0.190480  Wealth:    138711.37  Turnover: 1.1322  Gross: 1.3862  Gate: 0.7723
Episode 859  Reward:   0.144513  Wealth:    130297.30  Turnover: 0.6385  Gross: 1.3957  Gate: 0.7914
Episode 860  Reward:   0.203996  Wealth:    140830.61  Turnover: 1.1586  Gross: 1.3858  Gate: 0.7717
Episode    860  AvgReward:   0.170991  Noise: 0.0269
Episode 861  Reward:   0.126175  Wealth:    127184.68  Turnover: 0.5953  Gross: 1.3946  Gate: 0.7893
Episode 862  Reward:  -0.051932  Wealth:    101858.25  Turnover: 0.5457  Gross: 1.3948  Gate: 0.7896
Episode 863  Reward:   0.050190  Wealth:    116046.75  Turnover: 0.5416  Gross: 1.4075  Gate: 0.8150
Episode 864  Reward:   0.077750  Wealth:    119551.02  Turnover: 0.8307  Gross: 1.3943  Gate: 0.7887
Episode 865  Reward:  -0.209217  Wealth:     90420.10  Turnover: 0.9049  Gross: 1.3913  Gate: 0.7826
Episode 866  Reward:   0.135053  Wealth:    130114.21  Turnover: 0.5913  Gross: 1.3938  Gate: 0.7875
Episode 867  Reward:   0.057178  Wealth:    117527.29  Turnover: 0.7339  Gross: 1.3941  Gate: 0.7881
Episode 868  Reward:   0.286499  Wealth:    159305.92  Turnover: 0.6639  Gross: 1.4009  Gate: 0.8019
Episode 869  Reward:   0.111357  Wealth:    123603.80  Turnover: 0.6840  Gross: 1.3915  Gate: 0.7830
Episode 870  Reward:   0.186437  Wealth:    137559.15  Turnover: 0.6654  Gross: 1.3603  Gate: 0.7206
Episode    870  AvgReward:   0.076949  Noise: 0.0263
Episode 871  Reward:  -0.132580  Wealth:     96246.15  Turnover: 0.6720  Gross: 1.3974  Gate: 0.7948
Episode 872  Reward:   0.001509  Wealth:    109509.26  Turnover: 0.8709  Gross: 1.3836  Gate: 0.7672
Episode 873  Reward:   0.117044  Wealth:    126496.07  Turnover: 0.5361  Gross: 1.3978  Gate: 0.7956
Episode 874  Reward:  -0.157342  Wealth:     93014.31  Turnover: 0.5104  Gross: 1.3992  Gate: 0.7984
Episode 875  Reward:   0.143057  Wealth:    132615.73  Turnover: 0.6235  Gross: 1.4037  Gate: 0.8073
Episode 876  Reward:  -0.150981  Wealth:     96478.63  Turnover: 0.5067  Gross: 1.3901  Gate: 0.7801
Episode 877  Reward:   0.304889  Wealth:    165110.81  Turnover: 0.8906  Gross: 1.3958  Gate: 0.7916
Episode 878  Reward:   0.040419  Wealth:    113305.06  Turnover: 0.4845  Gross: 1.3900  Gate: 0.7800
Episode 879  Reward:   0.137323  Wealth:    130853.61  Turnover: 0.6008  Gross: 1.4006  Gate: 0.8012
Episode 880  Reward:  -0.152328  Wealth:     93919.99  Turnover: 0.5892  Gross: 1.3904  Gate: 0.7808
Episode    880  AvgReward:   0.015101  Noise: 0.0258
Episode 881  Reward:   0.196597  Wealth:    143291.66  Turnover: 0.5446  Gross: 1.3956  Gate: 0.7912
Episode 882  Reward:   0.156880  Wealth:    132752.35  Turnover: 0.6024  Gross: 1.4000  Gate: 0.7999
Episode 883  Reward:   0.116535  Wealth:    123650.17  Turnover: 0.5423  Gross: 1.4025  Gate: 0.8049
Episode 884  Reward:  -0.157579  Wealth:     92885.72  Turnover: 0.7861  Gross: 1.3830  Gate: 0.7660
Episode 885  Reward:   0.182406  Wealth:    138048.04  Turnover: 0.5725  Gross: 1.4013  Gate: 0.8027
Episode 886  Reward:  -0.161677  Wealth:     94417.74  Turnover: 0.6530  Gross: 1.3953  Gate: 0.7905
Episode 887  Reward:   0.225389  Wealth:    144375.09  Turnover: 0.7608  Gross: 1.3882  Gate: 0.7764
Episode 888  Reward:   0.221004  Wealth:    145452.38  Turnover: 0.6980  Gross: 1.4018  Gate: 0.8035
Episode 889  Reward:   0.147133  Wealth:    128537.23  Turnover: 0.4414  Gross: 1.3961  Gate: 0.7922
Episode 890  Reward:  -0.048067  Wealth:    103929.56  Turnover: 0.7934  Gross: 1.3963  Gate: 0.7925
Episode    890  AvgReward:   0.087862  Noise: 0.0253
Episode 891  Reward:   0.034919  Wealth:    113401.13  Turnover: 0.5531  Gross: 1.4002  Gate: 0.8004
Episode 892  Reward:   0.214308  Wealth:    146048.77  Turnover: 0.4119  Gross: 1.3839  Gate: 0.7678
Episode 893  Reward:   0.033292  Wealth:    112788.27  Turnover: 0.6173  Gross: 1.3986  Gate: 0.7972
Episode 894  Reward:   0.027660  Wealth:    114054.41  Turnover: 0.9480  Gross: 1.3923  Gate: 0.7846
Episode 895  Reward:   0.202084  Wealth:    141589.97  Turnover: 0.9012  Gross: 1.3948  Gate: 0.7896
Episode 896  Reward:   0.243249  Wealth:    152053.61  Turnover: 0.4765  Gross: 1.4040  Gate: 0.8081
Episode 897  Reward:  -0.043401  Wealth:    105721.41  Turnover: 0.6439  Gross: 1.3993  Gate: 0.7987
Episode 898  Reward:   0.138200  Wealth:    127358.24  Turnover: 0.4908  Gross: 1.4024  Gate: 0.8049
Episode 899  Reward:   0.315126  Wealth:    169111.32  Turnover: 0.7490  Gross: 1.3999  Gate: 0.7999
Episode 900  Reward:   0.155472  Wealth:    136851.63  Turnover: 0.3622  Gross: 1.4003  Gate: 0.8006
Episode    900  AvgReward:   0.132091  Noise: 0.0248
Episode 901  Reward:   0.227488  Wealth:    143920.70  Turnover: 0.6143  Gross: 1.3969  Gate: 0.7937
Episode 902  Reward:   0.226047  Wealth:    145316.13  Turnover: 0.7072  Gross: 1.4057  Gate: 0.8115
Episode 903  Reward:  -0.113671  Wealth:     97965.52  Turnover: 0.7822  Gross: 1.3966  Gate: 0.7932
Episode 904  Reward:   0.121003  Wealth:    125440.32  Turnover: 0.4252  Gross: 1.4078  Gate: 0.8155
Episode 905  Reward:   0.121401  Wealth:    125349.62  Turnover: 0.5699  Gross: 1.4012  Gate: 0.8024
Episode 906  Reward:  -0.113810  Wealth:     97763.27  Turnover: 0.8005  Gross: 1.3861  Gate: 0.7722
Episode 907  Reward:   0.234262  Wealth:    147227.13  Turnover: 0.7840  Gross: 1.3983  Gate: 0.7966
Episode 908  Reward:   0.116020  Wealth:    124015.60  Turnover: 0.5076  Gross: 1.4093  Gate: 0.8185
Episode 909  Reward:   0.308099  Wealth:    164087.86  Turnover: 0.6275  Gross: 1.3985  Gate: 0.7970
Episode 910  Reward:   0.255800  Wealth:    152033.05  Turnover: 0.7840  Gross: 1.3874  Gate: 0.7749
Episode    910  AvgReward:   0.138264  Noise: 0.0243
Episode 911  Reward:   0.051348  Wealth:    116000.20  Turnover: 0.7014  Gross: 1.3941  Gate: 0.7883
Episode 912  Reward:   0.160637  Wealth:    133044.56  Turnover: 0.7335  Gross: 1.3994  Gate: 0.7988
Episode 913  Reward:   0.184209  Wealth:    135353.65  Turnover: 0.5966  Gross: 1.4020  Gate: 0.8040
Episode 914  Reward:  -0.005049  Wealth:    109657.55  Turnover: 0.5561  Gross: 1.3944  Gate: 0.7889
Episode 915  Reward:   0.231155  Wealth:    146880.02  Turnover: 0.6631  Gross: 1.3970  Gate: 0.7941
Episode 916  Reward:   0.175841  Wealth:    133786.34  Turnover: 0.5269  Gross: 1.4046  Gate: 0.8092
Episode 917  Reward:  -0.228227  Wealth:     88298.39  Turnover: 0.6688  Gross: 1.3854  Gate: 0.7709
Episode 918  Reward:   0.072922  Wealth:    119853.10  Turnover: 0.8101  Gross: 1.4019  Gate: 0.8039
Episode 919  Reward:   0.289957  Wealth:    157732.05  Turnover: 0.3923  Gross: 1.3892  Gate: 0.7785
Episode 920  Reward:   0.150817  Wealth:    129570.80  Turnover: 0.6669  Gross: 1.4022  Gate: 0.8044
Episode    920  AvgReward:   0.108361  Noise: 0.0238
Episode 921  Reward:   0.115516  Wealth:    124336.68  Turnover: 0.7012  Gross: 1.3780  Gate: 0.7559
Episode 922  Reward:  -0.168695  Wealth:     92593.77  Turnover: 0.9606  Gross: 1.3918  Gate: 0.7837
Episode 923  Reward:   0.271421  Wealth:    153261.54  Turnover: 0.5221  Gross: 1.4012  Gate: 0.8025
Episode 924  Reward:  -0.277052  Wealth:     83799.11  Turnover: 0.5331  Gross: 1.4011  Gate: 0.8022
Episode 925  Reward:   0.244257  Wealth:    148228.65  Turnover: 0.4952  Gross: 1.3990  Gate: 0.7980
Episode 926  Reward:   0.001613  Wealth:    109195.89  Turnover: 0.4450  Gross: 1.4025  Gate: 0.8051
Episode 927  Reward:  -0.000363  Wealth:    109025.37  Turnover: 0.6954  Gross: 1.4009  Gate: 0.8019
Episode 928  Reward:   0.020334  Wealth:    111278.97  Turnover: 0.5538  Gross: 1.3991  Gate: 0.7982
Episode 929  Reward:   0.225318  Wealth:    145583.73  Turnover: 0.6748  Gross: 1.4028  Gate: 0.8056
Episode 930  Reward:   0.069718  Wealth:    117608.79  Turnover: 0.5925  Gross: 1.3949  Gate: 0.7898
Episode    930  AvgReward:   0.050207  Noise: 0.0234
Episode 931  Reward:   0.175411  Wealth:    135789.02  Turnover: 0.6383  Gross: 1.4063  Gate: 0.8126
Episode 932  Reward:   0.077779  Wealth:    119520.99  Turnover: 0.6849  Gross: 1.4035  Gate: 0.8070
Episode 933  Reward:   0.114768  Wealth:    123616.93  Turnover: 0.7250  Gross: 1.3863  Gate: 0.7727
Episode 934  Reward:   0.179916  Wealth:    136620.56  Turnover: 0.7953  Gross: 1.4001  Gate: 0.8003
Episode 935  Reward:   0.011047  Wealth:    112146.35  Turnover: 0.7209  Gross: 1.3980  Gate: 0.7960
Episode 936  Reward:  -0.143799  Wealth:     96243.76  Turnover: 0.6308  Gross: 1.4069  Gate: 0.8138
Episode 937  Reward:   0.036069  Wealth:    113071.87  Turnover: 0.8466  Gross: 1.3969  Gate: 0.7938
Episode 938  Reward:  -0.013985  Wealth:    108177.07  Turnover: 0.5604  Gross: 1.3810  Gate: 0.7620
Episode 939  Reward:   0.175540  Wealth:    138156.31  Turnover: 0.5981  Gross: 1.3968  Gate: 0.7937
Episode 940  Reward:   0.240447  Wealth:    150040.32  Turnover: 0.7946  Gross: 1.3995  Gate: 0.7991
Episode    940  AvgReward:   0.085319  Noise: 0.0229
Episode 941  Reward:   0.358624  Wealth:    185277.41  Turnover: 0.8922  Gross: 1.3988  Gate: 0.7976
Episode 942  Reward:   0.324941  Wealth:    171818.16  Turnover: 0.8423  Gross: 1.4017  Gate: 0.8035
Episode 943  Reward:   0.051105  Wealth:    116488.39  Turnover: 0.7339  Gross: 1.3927  Gate: 0.7853
Episode 944  Reward:   0.234635  Wealth:    149787.23  Turnover: 0.4680  Gross: 1.4008  Gate: 0.8015
Episode 945  Reward:   0.100117  Wealth:    122405.04  Turnover: 0.7265  Gross: 1.3988  Gate: 0.7975
Episode 946  Reward:  -0.094177  Wealth:     99628.63  Turnover: 0.5808  Gross: 1.3976  Gate: 0.7951
Episode 947  Reward:   0.167320  Wealth:    136230.11  Turnover: 0.8382  Gross: 1.4052  Gate: 0.8105
Episode 948  Reward:   0.173132  Wealth:    136629.46  Turnover: 0.6443  Gross: 1.4059  Gate: 0.8118
Episode 949  Reward:   0.121639  Wealth:    125644.06  Turnover: 0.6514  Gross: 1.3906  Gate: 0.7811
Episode 950  Reward:   0.050962  Wealth:    119058.39  Turnover: 0.5141  Gross: 1.3934  Gate: 0.7868
Episode    950  AvgReward:   0.148830  Noise: 0.0224
Episode 951  Reward:   0.348936  Wealth:    180969.39  Turnover: 1.2839  Gross: 1.3929  Gate: 0.7858
Episode 952  Reward:   0.163493  Wealth:    132869.62  Turnover: 0.4827  Gross: 1.3950  Gate: 0.7900
Episode 953  Reward:   0.124115  Wealth:    127218.56  Turnover: 0.8411  Gross: 1.3890  Gate: 0.7781
Episode 954  Reward:   0.158398  Wealth:    135521.50  Turnover: 0.7659  Gross: 1.3863  Gate: 0.7725
Episode 955  Reward:   0.032734  Wealth:    113338.79  Turnover: 0.7957  Gross: 1.3998  Gate: 0.7996
Episode 956  Reward:   0.045203  Wealth:    116311.15  Turnover: 0.6635  Gross: 1.4035  Gate: 0.8070
Episode 957  Reward:   0.165134  Wealth:    133976.04  Turnover: 0.9203  Gross: 1.3941  Gate: 0.7883
Episode 958  Reward:   0.061374  Wealth:    116995.10  Turnover: 0.6261  Gross: 1.3957  Gate: 0.7913
Episode 959  Reward:   0.041527  Wealth:    116277.80  Turnover: 0.6992  Gross: 1.3965  Gate: 0.7929
Episode 960  Reward:   0.153182  Wealth:    132914.16  Turnover: 0.6686  Gross: 1.4060  Gate: 0.8120
Episode    960  AvgReward:   0.129410  Noise: 0.0220
Episode 961  Reward:   0.152366  Wealth:    131370.02  Turnover: 0.6449  Gross: 1.3969  Gate: 0.7938
Episode 962  Reward:   0.107267  Wealth:    126685.93  Turnover: 0.6594  Gross: 1.4029  Gate: 0.8057
Episode 963  Reward:  -0.166566  Wealth:     92136.45  Turnover: 0.6451  Gross: 1.3825  Gate: 0.7650
Episode 964  Reward:   0.036417  Wealth:    112918.38  Turnover: 0.7289  Gross: 1.3931  Gate: 0.7862
Episode 965  Reward:   0.149787  Wealth:    131487.16  Turnover: 0.7257  Gross: 1.4016  Gate: 0.8033
Episode 966  Reward:   0.198014  Wealth:    140089.83  Turnover: 0.6138  Gross: 1.3939  Gate: 0.7878
Episode 967  Reward:   0.259848  Wealth:    152957.82  Turnover: 0.5539  Gross: 1.3888  Gate: 0.7777
Episode 968  Reward:   0.193940  Wealth:    138313.64  Turnover: 0.6258  Gross: 1.4056  Gate: 0.8113
Episode 969  Reward:  -0.146357  Wealth:     94976.36  Turnover: 0.6543  Gross: 1.4027  Gate: 0.8054
Episode 970  Reward:   0.074474  Wealth:    119570.08  Turnover: 0.7175  Gross: 1.4002  Gate: 0.8005
Episode    970  AvgReward:   0.085919  Noise: 0.0216
Episode 971  Reward:   0.282375  Wealth:    156655.92  Turnover: 0.7080  Gross: 1.3915  Gate: 0.7830
Episode 972  Reward:   0.238170  Wealth:    146937.75  Turnover: 0.5917  Gross: 1.4010  Gate: 0.8020
Episode 973  Reward:   0.199074  Wealth:    138922.24  Turnover: 0.5010  Gross: 1.3975  Gate: 0.7950
Episode 974  Reward:  -0.101546  Wealth:     99005.65  Turnover: 0.7233  Gross: 1.3823  Gate: 0.7645
Episode 975  Reward:   0.120536  Wealth:    124568.89  Turnover: 0.4773  Gross: 1.3991  Gate: 0.7982
Episode 976  Reward:   0.305122  Wealth:    160992.58  Turnover: 0.5279  Gross: 1.4044  Gate: 0.8089
Episode 977  Reward:   0.098351  Wealth:    121996.64  Turnover: 0.7707  Gross: 1.3994  Gate: 0.7987
Episode 978  Reward:   0.372999  Wealth:    184204.33  Turnover: 0.7865  Gross: 1.4053  Gate: 0.8105
Episode 979  Reward:  -0.069979  Wealth:    102126.20  Turnover: 0.8537  Gross: 1.3903  Gate: 0.7806
Episode 980  Reward:   0.199337  Wealth:    136808.20  Turnover: 0.6453  Gross: 1.4050  Gate: 0.8100
Episode    980  AvgReward:   0.164444  Noise: 0.0211
Episode 981  Reward:  -0.184031  Wealth:     91418.06  Turnover: 1.0934  Gross: 1.3938  Gate: 0.7875
Episode 982  Reward:   0.279267  Wealth:    156900.64  Turnover: 0.7788  Gross: 1.4017  Gate: 0.8034
Episode 983  Reward:   0.121210  Wealth:    128383.28  Turnover: 0.8983  Gross: 1.3965  Gate: 0.7931
Episode 984  Reward:   0.293860  Wealth:    158616.36  Turnover: 0.7357  Gross: 1.3996  Gate: 0.7992
Episode 985  Reward:   0.204513  Wealth:    139049.85  Turnover: 0.3645  Gross: 1.4046  Gate: 0.8093
Episode 986  Reward:  -0.318286  Wealth:     81489.76  Turnover: 0.8196  Gross: 1.3874  Gate: 0.7747
Episode 987  Reward:   0.009483  Wealth:    113025.84  Turnover: 0.9752  Gross: 1.3841  Gate: 0.7682
Episode 988  Reward:  -0.064722  Wealth:    102312.04  Turnover: 0.6829  Gross: 1.3854  Gate: 0.7708
Episode 989  Reward:   0.093632  Wealth:    121160.31  Turnover: 0.6251  Gross: 1.3981  Gate: 0.7963
Episode 990  Reward:  -0.041246  Wealth:    106521.02  Turnover: 0.4839  Gross: 1.3931  Gate: 0.7861
Episode    990  AvgReward:   0.039368  Noise: 0.0207
Episode 991  Reward:   0.062728  Wealth:    117578.69  Turnover: 0.8029  Gross: 1.3909  Gate: 0.7817
Episode 992  Reward:   0.230745  Wealth:    148532.12  Turnover: 0.4729  Gross: 1.4045  Gate: 0.8091
Episode 993  Reward:   0.003677  Wealth:    110273.48  Turnover: 0.4762  Gross: 1.3858  Gate: 0.7716
Episode 994  Reward:   0.272412  Wealth:    154146.16  Turnover: 0.5288  Gross: 1.3948  Gate: 0.7896
Episode 995  Reward:   0.230885  Wealth:    149167.28  Turnover: 0.9184  Gross: 1.3928  Gate: 0.7856
Episode 996  Reward:   0.166842  Wealth:    132286.87  Turnover: 0.6970  Gross: 1.4001  Gate: 0.8002
Episode 997  Reward:   0.151348  Wealth:    131212.81  Turnover: 0.6313  Gross: 1.3997  Gate: 0.7993
Episode 998  Reward:   0.099148  Wealth:    126383.08  Turnover: 0.6273  Gross: 1.3992  Gate: 0.7985
Episode 999  Reward:   0.112618  Wealth:    126919.36  Turnover: 0.5785  Gross: 1.3932  Gate: 0.7864
Episode 1000  Reward:   0.009926  Wealth:    110301.86  Turnover: 0.6530  Gross: 1.4057  Gate: 0.8114
Episode   1000  AvgReward:   0.134033  Noise: 0.0203
TRAIN STAGE COMPLETE
PRE-TRAINING BEHAVIOUR GATE PASSED on deterministic held-in episodes: mean_leverage_gate=0.7922, fraction_at_gross_cap=0.0000, gate_gross_mae=0.0000, mean_turnover=0.6675, max_position_limit_violation=0.0000, mean_normalized_direction_entropy=0.8516, q05_normalized_direction_entropy=0.7736, mean_effective_positions=4.0154
Pre-training complete. Agent saved.

============================================================
Stage 2: Fine-tuning on Real Data

============================================================
============================================================
STAGE 2: FINE-TUNING
============================================================
============================================================
TRAIN STAGE STARTED: stage=finetune_selection, episodes=37, batch_size=64, updates_per_step=1
============================================================
Episode 1  Reward:   0.195931  Wealth:    140019.22  Turnover: 0.7764  Gross: 1.4012  Gate: 0.8025
Episode 2  Reward:   0.220525  Wealth:    142954.24  Turnover: 0.8271  Gross: 1.4049  Gate: 0.8099
Episode 3  Reward:   0.165035  Wealth:    133959.34  Turnover: 0.7009  Gross: 1.3871  Gate: 0.7742
Episode 4  Reward:   0.243787  Wealth:    148146.57  Turnover: 0.8614  Gross: 1.4035  Gate: 0.8070
Episode 5  Reward:   0.104873  Wealth:    125556.96  Turnover: 0.7681  Gross: 1.3921  Gate: 0.7841
Episode 6  Reward:   0.142989  Wealth:    132426.18  Turnover: 0.9525  Gross: 1.3909  Gate: 0.7818
Episode 7  Reward:   0.286375  Wealth:    161773.08  Turnover: 0.9961  Gross: 1.3988  Gate: 0.7977
Episode 8  Reward:   0.135374  Wealth:    129644.06  Turnover: 0.6927  Gross: 1.3973  Gate: 0.7947
Episode 9  Reward:   0.186104  Wealth:    139444.06  Turnover: 1.0132  Gross: 1.3952  Gate: 0.7905
Episode 10  Reward:   0.236643  Wealth:    149104.30  Turnover: 0.9531  Gross: 1.4037  Gate: 0.8073
Episode 11  Reward:   0.192826  Wealth:    142783.07  Turnover: 0.9297  Gross: 1.3916  Gate: 0.7832
Episode 12  Reward:   0.139245  Wealth:    131119.66  Turnover: 0.8566  Gross: 1.3956  Gate: 0.7911
Episode 13  Reward:   0.028990  Wealth:    114783.65  Turnover: 0.9341  Gross: 1.3935  Gate: 0.7869
Episode 14  Reward:   0.182584  Wealth:    139321.37  Turnover: 0.9435  Gross: 1.3939  Gate: 0.7877
Episode 15  Reward:   0.155427  Wealth:    135269.31  Turnover: 0.8883  Gross: 1.3999  Gate: 0.7998
Episode 16  Reward:   0.203100  Wealth:    143749.72  Turnover: 0.8488  Gross: 1.3930  Gate: 0.7860
Episode 17  Reward:   0.198213  Wealth:    142432.97  Turnover: 0.9122  Gross: 1.3983  Gate: 0.7967
Episode 18  Reward:   0.185445  Wealth:    138514.27  Turnover: 0.8989  Gross: 1.4053  Gate: 0.8106
Episode 19  Reward:   0.193863  Wealth:    141921.89  Turnover: 0.8180  Gross: 1.3963  Gate: 0.7926
Episode 20  Reward:   0.177743  Wealth:    138868.23  Turnover: 0.7515  Gross: 1.3968  Gate: 0.7936
Episode 21  Reward:   0.119871  Wealth:    128536.11  Turnover: 0.7783  Gross: 1.4012  Gate: 0.8024
Episode 22  Reward:   0.176654  Wealth:    137583.50  Turnover: 0.6931  Gross: 1.4000  Gate: 0.7999
Episode 23  Reward:   0.131015  Wealth:    131691.25  Turnover: 0.7722  Gross: 1.4027  Gate: 0.8053
Episode 24  Reward:   0.115572  Wealth:    128749.71  Turnover: 0.7140  Gross: 1.4037  Gate: 0.8074
Episode 25  Reward:   0.095987  Wealth:    125777.42  Turnover: 0.8538  Gross: 1.3973  Gate: 0.7946
Episode 26  Reward:   0.186776  Wealth:    138350.07  Turnover: 0.8251  Gross: 1.4103  Gate: 0.8205
Episode 27  Reward:   0.097203  Wealth:    125615.76  Turnover: 0.6897  Gross: 1.4044  Gate: 0.8088
Episode 28  Reward:   0.116567  Wealth:    128026.69  Turnover: 0.7042  Gross: 1.4043  Gate: 0.8086
Episode 29  Reward:   0.093145  Wealth:    125104.22  Turnover: 0.7054  Gross: 1.4011  Gate: 0.8022
Episode 30  Reward:   0.225942  Wealth:    147934.34  Turnover: 0.7417  Gross: 1.4016  Gate: 0.8031
Episode 31  Reward:   0.213027  Wealth:    144387.20  Turnover: 0.7890  Gross: 1.4001  Gate: 0.8002
Episode 32  Reward:   0.190677  Wealth:    140300.76  Turnover: 0.8250  Gross: 1.4024  Gate: 0.8048
Episode 33  Reward:   0.068921  Wealth:    118474.76  Turnover: 0.6847  Gross: 1.4003  Gate: 0.8006
Episode 34  Reward:   0.168314  Wealth:    134235.15  Turnover: 0.7365  Gross: 1.4006  Gate: 0.8012
Episode 35  Reward:   0.197588  Wealth:    140301.29  Turnover: 0.8097  Gross: 1.4028  Gate: 0.8055
Episode 36  Reward:   0.280050  Wealth:    157743.98  Turnover: 0.8257  Gross: 1.4008  Gate: 0.8015
Episode 37  Reward:   0.257934  Wealth:    151524.66  Turnover: 0.8120  Gross: 1.4066  Gate: 0.8131
Episode     37  AvgReward:   0.170549  Noise: 0.0417
TRAIN STAGE COMPLETE
VALIDATION pass=1 reward=0.274632 wealth=155000.11 turnover=0.6863 gross=1.3914
============================================================
TRAIN STAGE STARTED: stage=finetune_refit_all, episodes=61, batch_size=64, updates_per_step=1
============================================================
Episode 1  Reward:   0.207349  Wealth:    141688.59  Turnover: 0.8370  Gross: 1.3975  Gate: 0.7950
Episode 2  Reward:   0.183965  Wealth:    137648.13  Turnover: 0.7707  Gross: 1.3999  Gate: 0.7997
Episode 3  Reward:   0.182673  Wealth:    138083.33  Turnover: 0.7134  Gross: 1.3952  Gate: 0.7905
Episode 4  Reward:   0.302954  Wealth:    163124.37  Turnover: 0.8933  Gross: 1.4010  Gate: 0.8021
Episode 5  Reward:   0.226572  Wealth:    147323.60  Turnover: 0.8364  Gross: 1.3961  Gate: 0.7921
Episode 6  Reward:   0.138137  Wealth:    130228.32  Turnover: 0.7024  Gross: 1.3847  Gate: 0.7694
Episode 7  Reward:   0.188532  Wealth:    139563.39  Turnover: 0.9161  Gross: 1.4008  Gate: 0.8015
Episode 8  Reward:   0.154434  Wealth:    133894.26  Turnover: 0.9583  Gross: 1.3996  Gate: 0.7993
Episode 9  Reward:   0.178566  Wealth:    140147.38  Turnover: 0.7961  Gross: 1.3963  Gate: 0.7925
Episode 10  Reward:   0.091126  Wealth:    124570.62  Turnover: 0.8307  Gross: 1.3928  Gate: 0.7855
Episode 11  Reward:   0.082507  Wealth:    123280.94  Turnover: 0.9673  Gross: 1.3960  Gate: 0.7921
Episode 12  Reward:   0.027118  Wealth:    113945.38  Turnover: 0.8437  Gross: 1.3930  Gate: 0.7860
Episode 13  Reward:   0.237669  Wealth:    149415.39  Turnover: 0.7241  Gross: 1.3945  Gate: 0.7890
Episode 14  Reward:   0.216224  Wealth:    144407.81  Turnover: 0.8924  Gross: 1.3932  Gate: 0.7864
Episode 15  Reward:   0.210234  Wealth:    144308.90  Turnover: 0.9091  Gross: 1.3989  Gate: 0.7978
Episode 16  Reward:   0.145587  Wealth:    128982.94  Turnover: 0.8442  Gross: 1.3944  Gate: 0.7889
Episode 17  Reward:   0.132807  Wealth:    127093.68  Turnover: 0.8147  Gross: 1.3947  Gate: 0.7894
Episode 18  Reward:   0.159349  Wealth:    132951.23  Turnover: 0.8775  Gross: 1.4095  Gate: 0.8191
Episode 19  Reward:   0.167481  Wealth:    134863.21  Turnover: 0.7714  Gross: 1.3967  Gate: 0.7933
Episode 20  Reward:   0.030736  Wealth:    113386.65  Turnover: 0.8196  Gross: 1.4009  Gate: 0.8018
Episode 21  Reward:   0.065432  Wealth:    117936.06  Turnover: 0.7705  Gross: 1.4033  Gate: 0.8066
Episode 22  Reward:   0.026462  Wealth:    113437.04  Turnover: 0.8123  Gross: 1.4020  Gate: 0.8041
Episode 23  Reward:   0.110546  Wealth:    124785.08  Turnover: 0.6778  Gross: 1.4030  Gate: 0.8061
Episode 24  Reward:  -0.000362  Wealth:    110148.20  Turnover: 0.6915  Gross: 1.4019  Gate: 0.8038
Episode 25  Reward:   0.198042  Wealth:    142217.28  Turnover: 0.8586  Gross: 1.4021  Gate: 0.8041
Episode 26  Reward:   0.100262  Wealth:    123761.14  Turnover: 0.6925  Gross: 1.4032  Gate: 0.8064
Episode 27  Reward:   0.158119  Wealth:    132164.07  Turnover: 0.7013  Gross: 1.4002  Gate: 0.8005
Episode 28  Reward:  -0.014015  Wealth:    108486.76  Turnover: 0.7583  Gross: 1.4037  Gate: 0.8073
Episode 29  Reward:   0.068415  Wealth:    118245.33  Turnover: 0.6321  Gross: 1.4048  Gate: 0.8097
Episode 30  Reward:   0.139636  Wealth:    131131.98  Turnover: 0.9127  Gross: 1.4033  Gate: 0.8066
Episode 31  Reward:   0.168728  Wealth:    134850.64  Turnover: 0.7448  Gross: 1.4060  Gate: 0.8120
Episode 32  Reward:   0.176042  Wealth:    137369.77  Turnover: 0.8860  Gross: 1.4029  Gate: 0.8058
Episode 33  Reward:   0.156248  Wealth:    132450.00  Turnover: 0.7482  Gross: 1.4026  Gate: 0.8052
Episode 34  Reward:   0.307333  Wealth:    166472.57  Turnover: 0.8978  Gross: 1.4032  Gate: 0.8064
Episode 35  Reward:   0.050729  Wealth:    115385.57  Turnover: 0.6497  Gross: 1.4021  Gate: 0.8041
Episode 36  Reward:   0.139289  Wealth:    129641.77  Turnover: 0.8329  Gross: 1.4024  Gate: 0.8047
Episode 37  Reward:   0.133507  Wealth:    127556.45  Turnover: 0.7140  Gross: 1.4025  Gate: 0.8051
Episode 38  Reward:   0.206078  Wealth:    140076.63  Turnover: 0.8949  Gross: 1.4108  Gate: 0.8216
Episode 39  Reward:   0.051797  Wealth:    115794.73  Turnover: 0.7781  Gross: 1.4028  Gate: 0.8056
Episode 40  Reward:   0.117460  Wealth:    124905.51  Turnover: 0.7359  Gross: 1.4020  Gate: 0.8041
Episode 41  Reward:   0.168598  Wealth:    133996.12  Turnover: 0.8979  Gross: 1.4044  Gate: 0.8087
Episode 42  Reward:   0.227256  Wealth:    144246.44  Turnover: 0.8942  Gross: 1.4066  Gate: 0.8131
Episode 43  Reward:   0.334120  Wealth:    171878.02  Turnover: 0.7798  Gross: 1.3998  Gate: 0.7996
Episode 44  Reward:   0.184161  Wealth:    136525.67  Turnover: 0.8456  Gross: 1.3994  Gate: 0.7988
Episode 45  Reward:   0.166963  Wealth:    133495.97  Turnover: 0.7963  Gross: 1.4007  Gate: 0.8014
Episode 46  Reward:   0.215390  Wealth:    141616.84  Turnover: 0.8264  Gross: 1.4009  Gate: 0.8018
Episode 47  Reward:   0.154835  Wealth:    131548.63  Turnover: 1.0100  Gross: 1.4006  Gate: 0.8013
Episode 48  Reward:   0.154428  Wealth:    131913.70  Turnover: 0.8931  Gross: 1.4001  Gate: 0.8002
Episode 49  Reward:   0.130266  Wealth:    125796.70  Turnover: 0.7240  Gross: 1.3994  Gate: 0.7987
Episode 50  Reward:   0.112952  Wealth:    123161.01  Turnover: 0.7116  Gross: 1.4011  Gate: 0.8021
Episode 51  Reward:   0.166149  Wealth:    132486.05  Turnover: 0.7244  Gross: 1.4039  Gate: 0.8077
Episode 52  Reward:   0.097997  Wealth:    122498.69  Turnover: 0.8851  Gross: 1.4010  Gate: 0.8021
Episode 53  Reward:   0.149137  Wealth:    129540.43  Turnover: 0.8600  Gross: 1.3997  Gate: 0.7995
Episode 54  Reward:   0.181726  Wealth:    135591.10  Turnover: 0.7695  Gross: 1.4031  Gate: 0.8061
Episode 55  Reward:   0.218139  Wealth:    141798.42  Turnover: 0.8179  Gross: 1.4051  Gate: 0.8102
Episode 56  Reward:   0.198651  Wealth:    138301.82  Turnover: 0.7976  Gross: 1.4005  Gate: 0.8010
Episode 57  Reward:   0.066037  Wealth:    116083.85  Turnover: 0.6600  Gross: 1.4000  Gate: 0.8000
Episode 58  Reward:   0.127875  Wealth:    125574.98  Turnover: 0.7580  Gross: 1.4026  Gate: 0.8052
Episode 59  Reward:   0.068091  Wealth:    116760.53  Turnover: 0.6812  Gross: 1.3985  Gate: 0.7971
Episode 60  Reward:   0.196246  Wealth:    137653.14  Turnover: 0.7794  Gross: 1.4009  Gate: 0.8017
Episode 61  Reward:   0.010470  Wealth:    108544.45  Turnover: 0.5937  Gross: 1.3994  Gate: 0.7987
Episode     61  AvgReward:   0.146775  Noise: 0.0370
TRAIN STAGE COMPLETE
Fine-tuning complete. Selected 1 pass(es); final agent saved.

============================================================
TRAINING COMPLETE

============================================================

[2/2] Training seed 20260848
Loading configuration from: config/config.yaml 
Run mode: full | seed: 20260848 | CVaR simulations/step: 512 | vine simulation cores: 23
Loading synthetic return bundle: data/synthetic_returns.RData
Loaded 1000 pre-training and 61 fine-tuning episodes.
Fine-tuning selection: 37 fit episodes, 23 purged overlapping episodes, 1 validation episode; final refit uses all 61.
Run seed: 20260848
Run mode: full
PyTorch: 2.10.0+cu128
Device: cuda
Action schema: interior_rank_partition_leverage_gate_v5; projection temperature=1.5
GPU: NVIDIA A100-SXM4-80GB
PYTHON: Framework ready.
Action schema: interior_rank_partition_leverage_gate_v5 | gross=1.500 | net=1.000 | max_long=0.600 | max_short=0.200
Risk/training: entropy_coef=0.005 | leverage_target=0.800 | leverage_penalty=0.25 | direction_bound=5.000 | AMP=False

============================================================
Stage 1: Pre-training on Synthetic Data

============================================================
============================================================
STAGE 1: PRE-TRAINING
============================================================
============================================================
TRAIN STAGE STARTED: stage=pretrain, episodes=1000, batch_size=128, updates_per_step=1
============================================================
Episode 1  Reward:   0.033711  Wealth:    115900.87  Turnover: 1.1367  Gross: 1.2283  Gate: 0.4567
Episode 2  Reward:  -0.054421  Wealth:    104517.14  Turnover: 0.9905  Gross: 1.2579  Gate: 0.5159
Episode 3  Reward:   0.223570  Wealth:    149331.54  Turnover: 1.0030  Gross: 1.2505  Gate: 0.5010
Episode 4  Reward:  -0.556302  Wealth:     68762.58  Turnover: 1.1388  Gross: 1.2392  Gate: 0.4784
Episode 5  Reward:  -0.346983  Wealth:     80262.69  Turnover: 1.0483  Gross: 1.2985  Gate: 0.5970
Episode 6  Reward:  -0.093827  Wealth:    100295.32  Turnover: 1.0542  Gross: 1.2285  Gate: 0.4570
Episode 7  Reward:   0.212531  Wealth:    146018.51  Turnover: 1.1393  Gross: 1.2483  Gate: 0.4966
Episode 8  Reward:  -0.159642  Wealth:     94364.71  Turnover: 1.0777  Gross: 1.2129  Gate: 0.4259
Episode 9  Reward:   0.118361  Wealth:    128805.98  Turnover: 1.0122  Gross: 1.2397  Gate: 0.4794
Episode 10  Reward:   0.160904  Wealth:    135739.25  Turnover: 1.0556  Gross: 1.2557  Gate: 0.5115
Episode     10  AvgReward:  -0.046210  Noise: 0.1473
Episode 11  Reward:   0.302772  Wealth:    169057.05  Turnover: 1.0339  Gross: 1.2319  Gate: 0.4638
Episode 12  Reward:  -0.030213  Wealth:    108339.25  Turnover: 1.1820  Gross: 1.2665  Gate: 0.5331
Episode 13  Reward:  -0.384255  Wealth:     78110.40  Turnover: 1.1507  Gross: 1.2456  Gate: 0.4912
Episode 14  Reward:   0.023488  Wealth:    113952.01  Turnover: 1.0165  Gross: 1.2557  Gate: 0.5113
Episode 15  Reward:   0.163232  Wealth:    134654.39  Turnover: 1.1244  Gross: 1.2443  Gate: 0.4885
Episode 16  Reward:   0.164606  Wealth:    135591.39  Turnover: 1.1264  Gross: 1.2390  Gate: 0.4781
Episode 17  Reward:   0.000041  Wealth:    111022.76  Turnover: 1.1006  Gross: 1.2481  Gate: 0.4961
Episode 18  Reward:  -0.294815  Wealth:     83487.41  Turnover: 1.0069  Gross: 1.2257  Gate: 0.4513
Episode 19  Reward:   0.255897  Wealth:    154978.78  Turnover: 1.1098  Gross: 1.2281  Gate: 0.4563
Episode 20  Reward:  -0.170117  Wealth:     93878.22  Turnover: 1.0340  Gross: 1.2807  Gate: 0.5614
Episode     20  AvgReward:   0.003064  Noise: 0.1444
Episode 21  Reward:  -0.015736  Wealth:    109209.99  Turnover: 1.0341  Gross: 1.2333  Gate: 0.4666
Episode 22  Reward:  -0.228707  Wealth:     88329.76  Turnover: 1.0726  Gross: 1.2261  Gate: 0.4523
Episode 23  Reward:  -0.031898  Wealth:    107467.32  Turnover: 1.0644  Gross: 1.2621  Gate: 0.5241
Episode 24  Reward:   0.180453  Wealth:    140189.11  Turnover: 0.9479  Gross: 1.2400  Gate: 0.4800
Episode 25  Reward:   0.140112  Wealth:    131316.61  Turnover: 1.0224  Gross: 1.2496  Gate: 0.4992
Episode 26  Reward:  -0.193740  Wealth:     91459.95  Turnover: 1.2468  Gross: 1.2813  Gate: 0.5626
Episode 27  Reward:   0.098211  Wealth:    125186.81  Turnover: 1.1048  Gross: 1.2646  Gate: 0.5291
Episode 28  Reward:  -0.287068  Wealth:     84104.54  Turnover: 1.0495  Gross: 1.2608  Gate: 0.5215
Episode 29  Reward:  -0.082845  Wealth:    101345.16  Turnover: 1.1951  Gross: 1.2713  Gate: 0.5427
Episode 30  Reward:  -0.017442  Wealth:    108949.17  Turnover: 0.9964  Gross: 1.2410  Gate: 0.4821
Episode     30  AvgReward:  -0.043866  Noise: 0.1415
Episode 31  Reward:   0.306242  Wealth:    170159.58  Turnover: 1.1177  Gross: 1.2511  Gate: 0.5021
Episode 32  Reward:   0.017198  Wealth:    112404.27  Turnover: 1.1165  Gross: 1.2322  Gate: 0.4643
Episode 33  Reward:  -0.010520  Wealth:    110800.42  Turnover: 1.0617  Gross: 1.2443  Gate: 0.4885
Episode 34  Reward:   0.140527  Wealth:    131812.13  Turnover: 1.0257  Gross: 1.2126  Gate: 0.4251
Episode 35  Reward:   0.004870  Wealth:    111831.33  Turnover: 1.1076  Gross: 1.2450  Gate: 0.4900
Episode 36  Reward:  -0.234538  Wealth:     88465.16  Turnover: 1.0386  Gross: 1.2575  Gate: 0.5150
Episode 37  Reward:  -0.202541  Wealth:     90769.61  Turnover: 0.9867  Gross: 1.2528  Gate: 0.5056
Episode 38  Reward:  -0.254545  Wealth:     87035.86  Turnover: 1.1452  Gross: 1.2461  Gate: 0.4922
Episode 39  Reward:  -0.331826  Wealth:     81139.51  Turnover: 1.0983  Gross: 1.2381  Gate: 0.4762
Episode 40  Reward:  -0.110956  Wealth:     98138.33  Turnover: 1.0507  Gross: 1.2611  Gate: 0.5223
Episode     40  AvgReward:  -0.067609  Noise: 0.1387
Episode 41  Reward:  -0.163150  Wealth:     93822.47  Turnover: 1.0578  Gross: 1.2098  Gate: 0.4197
Episode 42  Reward:   0.143125  Wealth:    131112.43  Turnover: 0.8958  Gross: 1.2234  Gate: 0.4468
Episode 43  Reward:   0.032337  Wealth:    112372.43  Turnover: 0.1961  Gross: 1.0943  Gate: 0.1887
Episode 44  Reward:   0.069709  Wealth:    116958.24  Turnover: 0.2107  Gross: 1.0954  Gate: 0.1909
Episode 45  Reward:   0.074090  Wealth:    117610.50  Turnover: 0.1894  Gross: 1.0991  Gate: 0.1982
Episode 46  Reward:   0.062603  Wealth:    115912.44  Turnover: 0.2140  Gross: 1.0986  Gate: 0.1972
Episode 47  Reward:  -0.027375  Wealth:    104739.97  Turnover: 0.1919  Gross: 1.0979  Gate: 0.1958
Episode 48  Reward:   0.100199  Wealth:    121118.89  Turnover: 0.2067  Gross: 1.1036  Gate: 0.2072
Episode 49  Reward:   0.251459  Wealth:    148202.49  Turnover: 0.2400  Gross: 1.1065  Gate: 0.2129
Episode 50  Reward:   0.167877  Wealth:    131505.94  Turnover: 0.2303  Gross: 1.1091  Gate: 0.2182
Episode     50  AvgReward:   0.071088  Noise: 0.1360
Episode 51  Reward:   0.094993  Wealth:    119951.84  Turnover: 0.2266  Gross: 1.1159  Gate: 0.2319
Episode 52  Reward:   0.071540  Wealth:    116588.39  Turnover: 0.2122  Gross: 1.1215  Gate: 0.2429
Episode 53  Reward:  -0.085595  Wealth:     98561.11  Turnover: 0.2189  Gross: 1.1197  Gate: 0.2394
Episode 54  Reward:  -0.081140  Wealth:     98853.17  Turnover: 0.2661  Gross: 1.1260  Gate: 0.2519
Episode 55  Reward:   0.076756  Wealth:    116955.50  Turnover: 0.2125  Gross: 1.1308  Gate: 0.2616
Episode 56  Reward:   0.015278  Wealth:    109093.35  Turnover: 0.2186  Gross: 1.1355  Gate: 0.2711
Episode 57  Reward:  -0.006832  Wealth:    106505.14  Turnover: 0.2058  Gross: 1.1414  Gate: 0.2828
Episode 58  Reward:   0.318910  Wealth:    162976.57  Turnover: 0.2075  Gross: 1.1412  Gate: 0.2824
Episode 59  Reward:   0.033297  Wealth:    111113.57  Turnover: 0.1867  Gross: 1.1515  Gate: 0.3031
Episode 60  Reward:   0.103629  Wealth:    120611.44  Turnover: 0.2234  Gross: 1.1518  Gate: 0.3037
Episode     60  AvgReward:   0.054084  Noise: 0.1333
Episode 61  Reward:   0.071113  Wealth:    116039.26  Turnover: 0.2589  Gross: 1.1571  Gate: 0.3142
Episode 62  Reward:   0.171756  Wealth:    130988.58  Turnover: 0.1920  Gross: 1.1666  Gate: 0.3333
Episode 63  Reward:  -0.018763  Wealth:    104857.94  Turnover: 0.1823  Gross: 1.1701  Gate: 0.3402
Episode 64  Reward:   0.083912  Wealth:    117572.59  Turnover: 0.2338  Gross: 1.1737  Gate: 0.3474
Episode 65  Reward:   0.092381  Wealth:    118522.25  Turnover: 0.2058  Gross: 1.1786  Gate: 0.3572
Episode 66  Reward:   0.271525  Wealth:    150915.45  Turnover: 0.2210  Gross: 1.1951  Gate: 0.3901
Episode 67  Reward:  -0.191731  Wealth:     88640.49  Turnover: 0.2294  Gross: 1.1980  Gate: 0.3961
Episode 68  Reward:   0.274785  Wealth:    151198.25  Turnover: 0.2131  Gross: 1.2013  Gate: 0.4025
Episode 69  Reward:   0.217896  Wealth:    139137.10  Turnover: 0.2355  Gross: 1.2044  Gate: 0.4088
Episode 70  Reward:  -0.076666  Wealth:     98702.56  Turnover: 0.2281  Gross: 1.2199  Gate: 0.4397
Episode     70  AvgReward:   0.089621  Noise: 0.1306
Episode 71  Reward:   0.111322  Wealth:    121342.97  Turnover: 0.2078  Gross: 1.2227  Gate: 0.4455
Episode 72  Reward:   0.112296  Wealth:    121355.31  Turnover: 0.2005  Gross: 1.2320  Gate: 0.4640
Episode 73  Reward:   0.243532  Wealth:    144658.35  Turnover: 0.2132  Gross: 1.2454  Gate: 0.4908
Episode 74  Reward:   0.056289  Wealth:    113788.55  Turnover: 0.2292  Gross: 1.2564  Gate: 0.5128
Episode 75  Reward:   0.076461  Wealth:    116455.88  Turnover: 0.1805  Gross: 1.2584  Gate: 0.5168
Episode 76  Reward:  -0.029604  Wealth:    103450.56  Turnover: 0.2388  Gross: 1.2700  Gate: 0.5400
Episode 77  Reward:   0.034866  Wealth:    110984.01  Turnover: 0.2210  Gross: 1.2782  Gate: 0.5564
Episode 78  Reward:   0.066709  Wealth:    114882.08  Turnover: 0.2374  Gross: 1.2857  Gate: 0.5714
Episode 79  Reward:   0.216767  Wealth:    139256.27  Turnover: 0.1958  Gross: 1.2954  Gate: 0.5909
Episode 80  Reward:  -0.132723  Wealth:     93591.17  Turnover: 0.2106  Gross: 1.3037  Gate: 0.6074
Episode     80  AvgReward:   0.075592  Noise: 0.1281
Episode 81  Reward:   0.115195  Wealth:    121935.57  Turnover: 0.2158  Gross: 1.3122  Gate: 0.6243
Episode 82  Reward:   0.083402  Wealth:    117311.92  Turnover: 0.2018  Gross: 1.3144  Gate: 0.6288
Episode 83  Reward:   0.030846  Wealth:    110467.79  Turnover: 0.2401  Gross: 1.3289  Gate: 0.6578
Episode 84  Reward:   0.198103  Wealth:    135613.03  Turnover: 0.2166  Gross: 1.3355  Gate: 0.6710
Episode 85  Reward:   0.096142  Wealth:    119193.95  Turnover: 0.2602  Gross: 1.3416  Gate: 0.6833
Episode 86  Reward:   0.006694  Wealth:    107486.71  Turnover: 0.2100  Gross: 1.3451  Gate: 0.6902
Episode 87  Reward:   0.188005  Wealth:    133902.44  Turnover: 0.2255  Gross: 1.3547  Gate: 0.7095
Episode 88  Reward:   0.026398  Wealth:    109977.37  Turnover: 0.2915  Gross: 1.3667  Gate: 0.7335
Episode 89  Reward:   0.111402  Wealth:    121267.22  Turnover: 0.2010  Gross: 1.3703  Gate: 0.7405
Episode 90  Reward:  -0.109029  Wealth:     95527.50  Turnover: 0.1958  Gross: 1.3700  Gate: 0.7400
Episode     90  AvgReward:   0.074716  Noise: 0.1255
Episode 91  Reward:   0.038913  Wealth:    111607.49  Turnover: 0.2411  Gross: 1.3801  Gate: 0.7602
Episode 92  Reward:   0.036445  Wealth:    111216.59  Turnover: 0.2102  Gross: 1.3888  Gate: 0.7777
Episode 93  Reward:   0.129709  Wealth:    123962.45  Turnover: 0.2275  Gross: 1.3924  Gate: 0.7849
Episode 94  Reward:   0.045740  Wealth:    112222.65  Turnover: 0.2147  Gross: 1.4006  Gate: 0.8013
Episode 95  Reward:   0.254295  Wealth:    146336.10  Turnover: 0.1787  Gross: 1.4031  Gate: 0.8061
Episode 96  Reward:   0.153037  Wealth:    127808.41  Turnover: 0.1952  Gross: 1.4015  Gate: 0.8029
Episode 97  Reward:   0.012239  Wealth:    108252.32  Turnover: 0.2164  Gross: 1.4046  Gate: 0.8092
Episode 98  Reward:   0.066851  Wealth:    115006.62  Turnover: 0.2021  Gross: 1.3976  Gate: 0.7951
Episode 99  Reward:   0.175399  Wealth:    131564.35  Turnover: 0.2262  Gross: 1.4083  Gate: 0.8165
Episode 100  Reward:   0.314348  Wealth:    161121.86  Turnover: 0.2167  Gross: 1.3977  Gate: 0.7954
Episode    100  AvgReward:   0.122698  Noise: 0.1230
Episode 101  Reward:   0.035044  Wealth:    110864.86  Turnover: 0.1789  Gross: 1.4014  Gate: 0.8028
Episode 102  Reward:   0.052200  Wealth:    112934.17  Turnover: 0.1892  Gross: 1.4044  Gate: 0.8088
Episode 103  Reward:   0.047734  Wealth:    112437.17  Turnover: 0.2089  Gross: 1.4010  Gate: 0.8020
Episode 104  Reward:   0.051382  Wealth:    112778.64  Turnover: 0.2341  Gross: 1.3965  Gate: 0.7931
Episode 105  Reward:   0.235130  Wealth:    142726.07  Turnover: 0.2684  Gross: 1.4049  Gate: 0.8097
Episode 106  Reward:   0.147574  Wealth:    126388.95  Turnover: 0.1537  Gross: 1.4061  Gate: 0.8122
Episode 107  Reward:   0.155116  Wealth:    127868.98  Turnover: 0.2142  Gross: 1.4027  Gate: 0.8054
Episode 108  Reward:  -0.065456  Wealth:     99698.04  Turnover: 0.2637  Gross: 1.4060  Gate: 0.8121
Episode 109  Reward:   0.047113  Wealth:    112208.83  Turnover: 0.2248  Gross: 1.3938  Gate: 0.7877
Episode 110  Reward:  -0.069219  Wealth:     99322.07  Turnover: 0.2111  Gross: 1.4038  Gate: 0.8076
Episode    110  AvgReward:   0.063662  Noise: 0.1206
Episode 111  Reward:   0.129013  Wealth:    123751.03  Turnover: 0.2086  Gross: 1.4028  Gate: 0.8057
Episode 112  Reward:   0.176145  Wealth:    131562.75  Turnover: 0.2563  Gross: 1.4031  Gate: 0.8062
Episode 113  Reward:  -0.111945  Wealth:     95471.77  Turnover: 0.2043  Gross: 1.4005  Gate: 0.8010
Episode 114  Reward:   0.172866  Wealth:    130731.86  Turnover: 0.2336  Gross: 1.4002  Gate: 0.8004
Episode 115  Reward:   0.214194  Wealth:    138308.94  Turnover: 0.2874  Gross: 1.4013  Gate: 0.8026
Episode 116  Reward:   0.197046  Wealth:    135087.09  Turnover: 0.2480  Gross: 1.4053  Gate: 0.8105
Episode 117  Reward:   0.125356  Wealth:    122800.85  Turnover: 0.2758  Gross: 1.4011  Gate: 0.8022
Episode 118  Reward:   0.184519  Wealth:    132517.85  Turnover: 0.2522  Gross: 1.4023  Gate: 0.8047
Episode 119  Reward:   0.038732  Wealth:    111027.32  Turnover: 0.2426  Gross: 1.4019  Gate: 0.8038
Episode 120  Reward:   0.153894  Wealth:    127333.42  Turnover: 0.2100  Gross: 1.4040  Gate: 0.8079
Episode    120  AvgReward:   0.127982  Noise: 0.1182
Episode 121  Reward:   0.189971  Wealth:    133883.18  Turnover: 0.1963  Gross: 1.4008  Gate: 0.8016
Episode 122  Reward:   0.124773  Wealth:    123141.23  Turnover: 0.2372  Gross: 1.4085  Gate: 0.8169
Episode 123  Reward:   0.103729  Wealth:    119627.74  Turnover: 0.2697  Gross: 1.4020  Gate: 0.8039
Episode 124  Reward:   0.300788  Wealth:    156874.84  Turnover: 0.2118  Gross: 1.4026  Gate: 0.8052
Episode 125  Reward:   0.001084  Wealth:    106807.61  Turnover: 0.1978  Gross: 1.4041  Gate: 0.8082
Episode 126  Reward:   0.084009  Wealth:    117131.98  Turnover: 0.2744  Gross: 1.4064  Gate: 0.8128
Episode 127  Reward:   0.123533  Wealth:    122593.86  Turnover: 0.2408  Gross: 1.4031  Gate: 0.8063
Episode 128  Reward:   0.101318  Wealth:    119334.68  Turnover: 0.2753  Gross: 1.3987  Gate: 0.7973
Episode 129  Reward:   0.067798  Wealth:    114692.42  Turnover: 0.2458  Gross: 1.4011  Gate: 0.8023
Episode 130  Reward:   0.253376  Wealth:    145500.00  Turnover: 0.2144  Gross: 1.4038  Gate: 0.8076
Episode    130  AvgReward:   0.135038  Noise: 0.1159
Episode 131  Reward:   0.076999  Wealth:    115944.73  Turnover: 0.2290  Gross: 1.4024  Gate: 0.8048
Episode 132  Reward:   0.067150  Wealth:    114701.89  Turnover: 0.2106  Gross: 1.3990  Gate: 0.7980
Episode 133  Reward:   0.097650  Wealth:    118860.00  Turnover: 0.2121  Gross: 1.4026  Gate: 0.8052
Episode 134  Reward:  -0.264844  Wealth:     82959.82  Turnover: 0.2162  Gross: 1.3992  Gate: 0.7985
Episode 135  Reward:   0.158361  Wealth:    128508.00  Turnover: 0.2426  Gross: 1.4026  Gate: 0.8052
Episode 136  Reward:   0.017782  Wealth:    108408.83  Turnover: 0.2053  Gross: 1.4016  Gate: 0.8031
Episode 137  Reward:   0.008414  Wealth:    107386.39  Turnover: 0.2608  Gross: 1.4023  Gate: 0.8047
Episode 138  Reward:   0.112080  Wealth:    120609.37  Turnover: 0.1958  Gross: 1.4012  Gate: 0.8023
Episode 139  Reward:   0.124538  Wealth:    122442.87  Turnover: 0.1958  Gross: 1.3958  Gate: 0.7915
Episode 140  Reward:   0.199865  Wealth:    134817.07  Turnover: 0.2478  Gross: 1.3995  Gate: 0.7991
Episode    140  AvgReward:   0.059799  Noise: 0.1136
Episode 141  Reward:   0.201629  Wealth:    135601.56  Turnover: 0.1650  Gross: 1.3924  Gate: 0.7849
Episode 142  Reward:  -0.109865  Wealth:     95260.26  Turnover: 0.2219  Gross: 1.3978  Gate: 0.7956
Episode 143  Reward:  -0.027129  Wealth:    103128.12  Turnover: 0.2320  Gross: 1.4031  Gate: 0.8063
Episode 144  Reward:   0.135692  Wealth:    124222.10  Turnover: 0.2782  Gross: 1.3971  Gate: 0.7942
Episode 145  Reward:   0.137403  Wealth:    124480.16  Turnover: 0.2422  Gross: 1.3984  Gate: 0.7968
Episode 146  Reward:   0.213915  Wealth:    137705.18  Turnover: 0.1923  Gross: 1.3980  Gate: 0.7961
Episode 147  Reward:  -0.102908  Wealth:     95834.87  Turnover: 0.1983  Gross: 1.4040  Gate: 0.8079
Episode 148  Reward:   0.038117  Wealth:    110876.67  Turnover: 0.2252  Gross: 1.3900  Gate: 0.7800
Episode 149  Reward:   0.169425  Wealth:    129241.48  Turnover: 0.1614  Gross: 1.4014  Gate: 0.8027
Episode 150  Reward:  -0.062896  Wealth:     99752.93  Turnover: 0.1255  Gross: 1.3981  Gate: 0.7963
Episode    150  AvgReward:   0.059338  Noise: 0.1113
Episode 151  Reward:   0.066965  Wealth:    114578.33  Turnover: 0.1466  Gross: 1.3900  Gate: 0.7801
Episode 152  Reward:   0.008294  Wealth:    107334.92  Turnover: 0.1325  Gross: 1.3982  Gate: 0.7964
Episode 153  Reward:   0.036340  Wealth:    110237.45  Turnover: 0.1108  Gross: 1.3966  Gate: 0.7932
Episode 154  Reward:   0.157907  Wealth:    127890.63  Turnover: 0.1220  Gross: 1.3907  Gate: 0.7814
Episode 155  Reward:   0.058489  Wealth:    113473.71  Turnover: 0.1886  Gross: 1.3910  Gate: 0.7819
Episode 156  Reward:  -0.094213  Wealth:     96519.95  Turnover: 0.1393  Gross: 1.3784  Gate: 0.7567
Episode 157  Reward:   0.011495  Wealth:    107616.24  Turnover: 0.1646  Gross: 1.3844  Gate: 0.7689
Episode 158  Reward:   0.018036  Wealth:    108309.43  Turnover: 0.1457  Gross: 1.3844  Gate: 0.7687
Episode 159  Reward:   0.011521  Wealth:    107708.01  Turnover: 0.2287  Gross: 1.3882  Gate: 0.7764
Episode 160  Reward:   0.136421  Wealth:    124007.90  Turnover: 0.1052  Gross: 1.3845  Gate: 0.7691
Episode    160  AvgReward:   0.041126  Noise: 0.1091
Episode 161  Reward:   0.282513  Wealth:    151742.12  Turnover: 0.1638  Gross: 1.3827  Gate: 0.7654
Episode 162  Reward:   0.134627  Wealth:    123859.43  Turnover: 0.1389  Gross: 1.3849  Gate: 0.7697
Episode 163  Reward:  -0.041063  Wealth:    102024.88  Turnover: 0.2668  Gross: 1.3599  Gate: 0.7198
Episode 164  Reward:   0.051058  Wealth:    112405.35  Turnover: 0.1904  Gross: 1.3971  Gate: 0.7943
Episode 165  Reward:   0.061176  Wealth:    113626.33  Turnover: 0.1793  Gross: 1.3484  Gate: 0.6968
Episode 166  Reward:   0.067110  Wealth:    114962.53  Turnover: 0.2366  Gross: 1.3892  Gate: 0.7785
Episode 167  Reward:   0.012446  Wealth:    107571.55  Turnover: 0.1460  Gross: 1.3562  Gate: 0.7124
Episode 168  Reward:  -0.057449  Wealth:    100584.43  Turnover: 0.2079  Gross: 1.3621  Gate: 0.7242
Episode 169  Reward:   0.003837  Wealth:    106901.94  Turnover: 0.2905  Gross: 1.3872  Gate: 0.7744
Episode 170  Reward:  -0.124156  Wealth:     94202.95  Turnover: 0.2340  Gross: 1.3917  Gate: 0.7834
Episode    170  AvgReward:   0.039010  Noise: 0.1069
Episode 171  Reward:   0.141891  Wealth:    125621.57  Turnover: 0.2150  Gross: 1.3717  Gate: 0.7434
Episode 172  Reward:   0.082222  Wealth:    116336.96  Turnover: 0.1339  Gross: 1.3408  Gate: 0.6817
Episode 173  Reward:   0.105678  Wealth:    120122.03  Turnover: 0.2099  Gross: 1.3650  Gate: 0.7301
Episode 174  Reward:   0.279249  Wealth:    152842.05  Turnover: 0.1735  Gross: 1.3174  Gate: 0.6347
Episode 175  Reward:  -0.112041  Wealth:     96306.00  Turnover: 0.2685  Gross: 1.3041  Gate: 0.6082
Episode 176  Reward:  -0.069697  Wealth:     99503.26  Turnover: 0.2796  Gross: 1.3719  Gate: 0.7438
Episode 177  Reward:   0.119708  Wealth:    123264.31  Turnover: 0.2648  Gross: 1.3391  Gate: 0.6782
Episode 178  Reward:   0.192681  Wealth:    134389.64  Turnover: 0.1904  Gross: 1.3492  Gate: 0.6985
Episode 179  Reward:   0.082683  Wealth:    117137.36  Turnover: 0.2289  Gross: 1.3517  Gate: 0.7034
Episode 180  Reward:   0.230143  Wealth:    141566.32  Turnover: 0.2695  Gross: 1.3380  Gate: 0.6760
Episode    180  AvgReward:   0.105252  Noise: 0.1048
Episode 181  Reward:   0.120163  Wealth:    122862.09  Turnover: 0.3002  Gross: 1.3283  Gate: 0.6566
Episode 182  Reward:   0.155205  Wealth:    129308.84  Turnover: 0.2334  Gross: 1.3618  Gate: 0.7236
Episode 183  Reward:  -0.119808  Wealth:     95086.56  Turnover: 0.3345  Gross: 1.3897  Gate: 0.7793
Episode 184  Reward:   0.093880  Wealth:    119326.62  Turnover: 0.3161  Gross: 1.3651  Gate: 0.7303
Episode 185  Reward:  -0.203733  Wealth:     89507.78  Turnover: 0.2597  Gross: 1.3189  Gate: 0.6377
Episode 186  Reward:   0.082594  Wealth:    118258.91  Turnover: 0.3044  Gross: 1.3531  Gate: 0.7063
Episode 187  Reward:  -0.047222  Wealth:    105005.77  Turnover: 0.2668  Gross: 1.3142  Gate: 0.6283
Episode 188  Reward:   0.040024  Wealth:    111799.46  Turnover: 0.3741  Gross: 1.3844  Gate: 0.7687
Episode 189  Reward:   0.223581  Wealth:    142271.78  Turnover: 0.3830  Gross: 1.3576  Gate: 0.7151
Episode 190  Reward:  -0.046480  Wealth:    104324.64  Turnover: 0.3565  Gross: 1.3512  Gate: 0.7024
Episode    190  AvgReward:   0.029820  Noise: 0.1027
Episode 191  Reward:   0.106514  Wealth:    122749.84  Turnover: 0.3766  Gross: 1.3622  Gate: 0.7245
Episode 192  Reward:   0.171626  Wealth:    135950.19  Turnover: 0.3106  Gross: 1.3312  Gate: 0.6623
Episode 193  Reward:   0.150537  Wealth:    127992.86  Turnover: 0.2978  Gross: 1.3663  Gate: 0.7327
Episode 194  Reward:  -0.018475  Wealth:    106393.21  Turnover: 0.3506  Gross: 1.3689  Gate: 0.7378
Episode 195  Reward:  -0.024856  Wealth:    104380.53  Turnover: 0.2242  Gross: 1.3860  Gate: 0.7719
Episode 196  Reward:   0.064309  Wealth:    117508.69  Turnover: 0.3727  Gross: 1.3407  Gate: 0.6815
Episode 197  Reward:   0.002017  Wealth:    109904.25  Turnover: 0.4120  Gross: 1.3499  Gate: 0.6998
Episode 198  Reward:   0.222098  Wealth:    144050.46  Turnover: 0.4689  Gross: 1.3500  Gate: 0.7000
Episode 199  Reward:  -0.096725  Wealth:     99063.74  Turnover: 0.4886  Gross: 1.3374  Gate: 0.6748
Episode 200  Reward:   0.256742  Wealth:    152710.48  Turnover: 0.3876  Gross: 1.3682  Gate: 0.7365
Episode    200  AvgReward:   0.083379  Noise: 0.1007
Episode 201  Reward:   0.027980  Wealth:    112023.00  Turnover: 0.3804  Gross: 1.3260  Gate: 0.6520
Episode 202  Reward:   0.059883  Wealth:    114424.85  Turnover: 0.3471  Gross: 1.3984  Gate: 0.7967
Episode 203  Reward:  -0.162380  Wealth:     91805.85  Turnover: 0.5903  Gross: 1.3808  Gate: 0.7616
Episode 204  Reward:  -0.116049  Wealth:     97423.89  Turnover: 0.4122  Gross: 1.3366  Gate: 0.6733
Episode 205  Reward:   0.017181  Wealth:    110331.93  Turnover: 0.4780  Gross: 1.3806  Gate: 0.7613
Episode 206  Reward:   0.189288  Wealth:    134983.92  Turnover: 0.3984  Gross: 1.3749  Gate: 0.7497
Episode 207  Reward:   0.229362  Wealth:    143476.72  Turnover: 0.3937  Gross: 1.3907  Gate: 0.7814
Episode 208  Reward:  -0.370799  Wealth:     77961.97  Turnover: 0.5289  Gross: 1.3363  Gate: 0.6727
Episode 209  Reward:   0.175010  Wealth:    132868.62  Turnover: 0.3497  Gross: 1.3702  Gate: 0.7404
Episode 210  Reward:   0.087441  Wealth:    119003.37  Turnover: 0.4320  Gross: 1.3867  Gate: 0.7733
Episode    210  AvgReward:   0.013692  Noise: 0.0987
Episode 211  Reward:   0.184292  Wealth:    135072.09  Turnover: 0.2974  Gross: 1.3634  Gate: 0.7268
Episode 212  Reward:  -0.115766  Wealth:     96593.74  Turnover: 0.6756  Gross: 1.3750  Gate: 0.7499
Episode 213  Reward:  -0.102454  Wealth:     98317.59  Turnover: 0.4314  Gross: 1.3823  Gate: 0.7645
Episode 214  Reward:   0.060454  Wealth:    117353.27  Turnover: 0.5011  Gross: 1.3368  Gate: 0.6737
Episode 215  Reward:   0.132682  Wealth:    125842.91  Turnover: 0.4208  Gross: 1.3938  Gate: 0.7876
Episode 216  Reward:   0.088817  Wealth:    122556.98  Turnover: 0.4427  Gross: 1.3197  Gate: 0.6394
Episode 217  Reward:   0.062114  Wealth:    117452.28  Turnover: 0.5517  Gross: 1.3759  Gate: 0.7518
Episode 218  Reward:   0.148399  Wealth:    131640.27  Turnover: 0.5518  Gross: 1.3779  Gate: 0.7559
Episode 219  Reward:  -0.089375  Wealth:     98205.47  Turnover: 0.4350  Gross: 1.3821  Gate: 0.7642
Episode 220  Reward:   0.063216  Wealth:    115627.56  Turnover: 0.3107  Gross: 1.3857  Gate: 0.7714
Episode    220  AvgReward:   0.043238  Noise: 0.0968
Episode 221  Reward:   0.072152  Wealth:    119165.56  Turnover: 0.6549  Gross: 1.3704  Gate: 0.7407
Episode 222  Reward:  -0.006869  Wealth:    106354.23  Turnover: 0.4131  Gross: 1.3913  Gate: 0.7826
Episode 223  Reward:   0.177409  Wealth:    135090.61  Turnover: 0.5537  Gross: 1.3669  Gate: 0.7338
Episode 224  Reward:   0.027551  Wealth:    111132.99  Turnover: 0.5102  Gross: 1.3479  Gate: 0.6958
Episode 225  Reward:  -0.002144  Wealth:    109366.17  Turnover: 0.4239  Gross: 1.3831  Gate: 0.7663
Episode 226  Reward:   0.022253  Wealth:    110146.95  Turnover: 0.5003  Gross: 1.4111  Gate: 0.8223
Episode 227  Reward:   0.126642  Wealth:    125650.64  Turnover: 0.3866  Gross: 1.3867  Gate: 0.7734
Episode 228  Reward:   0.025362  Wealth:    110110.01  Turnover: 0.4761  Gross: 1.3938  Gate: 0.7876
Episode 229  Reward:   0.076143  Wealth:    116526.41  Turnover: 0.3806  Gross: 1.4051  Gate: 0.8103
Episode 230  Reward:   0.051683  Wealth:    116554.68  Turnover: 0.4507  Gross: 1.3596  Gate: 0.7192
Episode    230  AvgReward:   0.057018  Noise: 0.0948
Episode 231  Reward:  -0.016920  Wealth:    108905.33  Turnover: 0.3325  Gross: 1.3339  Gate: 0.6678
Episode 232  Reward:   0.006752  Wealth:    111180.41  Turnover: 0.4896  Gross: 1.3697  Gate: 0.7395
Episode 233  Reward:   0.055382  Wealth:    114688.04  Turnover: 0.2305  Gross: 1.3966  Gate: 0.7932
Episode 234  Reward:   0.136730  Wealth:    127341.52  Turnover: 0.4190  Gross: 1.3848  Gate: 0.7697
Episode 235  Reward:   0.221526  Wealth:    142012.34  Turnover: 0.3345  Gross: 1.3948  Gate: 0.7896
Episode 236  Reward:   0.193016  Wealth:    137689.56  Turnover: 0.5095  Gross: 1.3699  Gate: 0.7398
Episode 237  Reward:  -0.242245  Wealth:     85701.57  Turnover: 0.5031  Gross: 1.3899  Gate: 0.7798
Episode 238  Reward:   0.074837  Wealth:    117985.02  Turnover: 0.5509  Gross: 1.4044  Gate: 0.8089
Episode 239  Reward:   0.109058  Wealth:    125341.77  Turnover: 0.4763  Gross: 1.3914  Gate: 0.7827
Episode 240  Reward:  -0.065607  Wealth:    102063.96  Turnover: 0.4184  Gross: 1.3878  Gate: 0.7756
Episode    240  AvgReward:   0.047253  Noise: 0.0930
Episode 241  Reward:   0.009518  Wealth:    109559.96  Turnover: 0.5203  Gross: 1.3580  Gate: 0.7159
Episode 242  Reward:   0.209929  Wealth:    140447.17  Turnover: 0.4608  Gross: 1.3901  Gate: 0.7801
Episode 243  Reward:   0.299594  Wealth:    160182.85  Turnover: 0.6292  Gross: 1.3520  Gate: 0.7041
Episode 244  Reward:  -0.033682  Wealth:    105022.56  Turnover: 0.5869  Gross: 1.3786  Gate: 0.7572
Episode 245  Reward:   0.139220  Wealth:    127198.81  Turnover: 0.3407  Gross: 1.3800  Gate: 0.7600
Episode 246  Reward:   0.192703  Wealth:    136998.62  Turnover: 0.4174  Gross: 1.3829  Gate: 0.7658
Episode 247  Reward:   0.019892  Wealth:    111842.28  Turnover: 0.4893  Gross: 1.3358  Gate: 0.6716
Episode 248  Reward:   0.236341  Wealth:    151126.33  Turnover: 0.5382  Gross: 1.3664  Gate: 0.7327
Episode 249  Reward:   0.183118  Wealth:    134959.98  Turnover: 0.3266  Gross: 1.4107  Gate: 0.8213
Episode 250  Reward:  -0.023730  Wealth:    105367.09  Turnover: 0.6879  Gross: 1.3781  Gate: 0.7562
Episode    250  AvgReward:   0.123290  Noise: 0.0911
Episode 251  Reward:   0.155646  Wealth:    132136.49  Turnover: 0.4066  Gross: 1.3757  Gate: 0.7514
Episode 252  Reward:   0.125194  Wealth:    123974.09  Turnover: 0.3559  Gross: 1.4130  Gate: 0.8260
Episode 253  Reward:   0.194315  Wealth:    138923.16  Turnover: 0.4666  Gross: 1.3752  Gate: 0.7505
Episode 254  Reward:   0.098865  Wealth:    120573.77  Turnover: 0.3292  Gross: 1.4077  Gate: 0.8154
Episode 255  Reward:  -0.171568  Wealth:     93029.86  Turnover: 0.5127  Gross: 1.4069  Gate: 0.8138
Episode 256  Reward:  -0.003516  Wealth:    108330.91  Turnover: 0.5571  Gross: 1.3885  Gate: 0.7771
Episode 257  Reward:   0.033007  Wealth:    112036.56  Turnover: 0.4466  Gross: 1.4036  Gate: 0.8072
Episode 258  Reward:   0.063681  Wealth:    119223.17  Turnover: 0.5603  Gross: 1.3823  Gate: 0.7645
Episode 259  Reward:   0.004716  Wealth:    109983.71  Turnover: 0.4102  Gross: 1.3808  Gate: 0.7616
Episode 260  Reward:   0.068292  Wealth:    121007.14  Turnover: 0.4508  Gross: 1.3546  Gate: 0.7093
Episode    260  AvgReward:   0.056863  Noise: 0.0893
Episode 261  Reward:   0.052450  Wealth:    114461.51  Turnover: 0.2971  Gross: 1.4079  Gate: 0.8159
Episode 262  Reward:   0.065380  Wealth:    116384.65  Turnover: 0.4017  Gross: 1.3834  Gate: 0.7667
Episode 263  Reward:   0.018722  Wealth:    112923.76  Turnover: 0.5783  Gross: 1.3605  Gate: 0.7211
Episode 264  Reward:  -0.222178  Wealth:     91104.09  Turnover: 0.2395  Gross: 1.3844  Gate: 0.7688
Episode 265  Reward:   0.021077  Wealth:    113258.62  Turnover: 0.4927  Gross: 1.3909  Gate: 0.7818
Episode 266  Reward:   0.084893  Wealth:    121497.70  Turnover: 0.6433  Gross: 1.3875  Gate: 0.7751
Episode 267  Reward:   0.018335  Wealth:    112377.40  Turnover: 0.3571  Gross: 1.3747  Gate: 0.7494
Episode 268  Reward:  -0.159383  Wealth:     94025.31  Turnover: 0.4653  Gross: 1.4012  Gate: 0.8024
Episode 269  Reward:  -0.063089  Wealth:    104710.20  Turnover: 0.4171  Gross: 1.3866  Gate: 0.7732
Episode 270  Reward:   0.079380  Wealth:    120263.18  Turnover: 0.3962  Gross: 1.3870  Gate: 0.7741
Episode    270  AvgReward:  -0.010441  Noise: 0.0875
Episode 271  Reward:   0.108967  Wealth:    125140.37  Turnover: 0.5452  Gross: 1.3969  Gate: 0.7938
Episode 272  Reward:  -0.015884  Wealth:    107061.67  Turnover: 0.6385  Gross: 1.4079  Gate: 0.8159
Episode 273  Reward:   0.077358  Wealth:    118367.18  Turnover: 0.3884  Gross: 1.4127  Gate: 0.8254
Episode 274  Reward:  -0.097998  Wealth:    101702.46  Turnover: 0.6182  Gross: 1.4002  Gate: 0.8003
Episode 275  Reward:   0.069860  Wealth:    117582.61  Turnover: 0.3408  Gross: 1.3899  Gate: 0.7797
Episode 276  Reward:   0.056581  Wealth:    115772.35  Turnover: 0.3848  Gross: 1.4013  Gate: 0.8026
Episode 277  Reward:   0.166200  Wealth:    132954.96  Turnover: 0.4036  Gross: 1.3880  Gate: 0.7760
Episode 278  Reward:   0.287298  Wealth:    158675.53  Turnover: 0.4215  Gross: 1.3925  Gate: 0.7849
Episode 279  Reward:   0.014109  Wealth:    110275.06  Turnover: 0.4882  Gross: 1.3674  Gate: 0.7348
Episode 280  Reward:  -0.226076  Wealth:     89610.30  Turnover: 0.2145  Gross: 1.3679  Gate: 0.7357
Episode    280  AvgReward:   0.044042  Noise: 0.0858
Episode 281  Reward:   0.211348  Wealth:    145349.68  Turnover: 0.2348  Gross: 1.3629  Gate: 0.7259
Episode 282  Reward:   0.104941  Wealth:    123544.64  Turnover: 0.5873  Gross: 1.3773  Gate: 0.7546
Episode 283  Reward:   0.163134  Wealth:    133443.74  Turnover: 0.5008  Gross: 1.3893  Gate: 0.7785
Episode 284  Reward:   0.066199  Wealth:    116859.30  Turnover: 0.4883  Gross: 1.4037  Gate: 0.8075
Episode 285  Reward:   0.044837  Wealth:    114355.02  Turnover: 0.6537  Gross: 1.4008  Gate: 0.8017
Episode 286  Reward:   0.098901  Wealth:    124896.43  Turnover: 0.5471  Gross: 1.3894  Gate: 0.7788
Episode 287  Reward:   0.022079  Wealth:    112406.76  Turnover: 0.6084  Gross: 1.3790  Gate: 0.7581
Episode 288  Reward:   0.059875  Wealth:    119284.56  Turnover: 0.6723  Gross: 1.3736  Gate: 0.7472
Episode 289  Reward:   0.257219  Wealth:    161916.49  Turnover: 0.2527  Gross: 1.3881  Gate: 0.7763
Episode 290  Reward:  -0.152867  Wealth:     94190.69  Turnover: 0.5052  Gross: 1.3667  Gate: 0.7335
Episode    290  AvgReward:   0.087567  Noise: 0.0841
Episode 291  Reward:  -0.053658  Wealth:    105397.19  Turnover: 0.4844  Gross: 1.3895  Gate: 0.7789
Episode 292  Reward:   0.054601  Wealth:    115513.19  Turnover: 0.2819  Gross: 1.3954  Gate: 0.7909
Episode 293  Reward:  -0.232108  Wealth:     87296.33  Turnover: 0.4176  Gross: 1.3999  Gate: 0.7999
Episode 294  Reward:   0.111987  Wealth:    122011.01  Turnover: 0.2649  Gross: 1.3909  Gate: 0.7817
Episode 295  Reward:   0.279069  Wealth:    154707.04  Turnover: 0.3066  Gross: 1.3926  Gate: 0.7853
Episode 296  Reward:  -0.262041  Wealth:     86030.30  Turnover: 0.4296  Gross: 1.3619  Gate: 0.7238
Episode 297  Reward:  -0.229767  Wealth:     88832.32  Turnover: 0.3122  Gross: 1.3895  Gate: 0.7790
Episode 298  Reward:   0.267918  Wealth:    155916.31  Turnover: 0.3791  Gross: 1.3940  Gate: 0.7879
Episode 299  Reward:   0.211187  Wealth:    142749.55  Turnover: 0.4036  Gross: 1.3943  Gate: 0.7886
Episode 300  Reward:   0.099887  Wealth:    120702.88  Turnover: 0.1847  Gross: 1.3932  Gate: 0.7864
Episode    300  AvgReward:   0.024708  Noise: 0.0824
Episode 301  Reward:   0.006050  Wealth:    108309.84  Turnover: 0.2816  Gross: 1.4103  Gate: 0.8206
Episode 302  Reward:   0.261127  Wealth:    151130.42  Turnover: 0.5378  Gross: 1.3873  Gate: 0.7747
Episode 303  Reward:   0.157878  Wealth:    130758.84  Turnover: 0.4046  Gross: 1.3900  Gate: 0.7799
Episode 304  Reward:   0.108915  Wealth:    122682.86  Turnover: 0.6357  Gross: 1.4037  Gate: 0.8074
Episode 305  Reward:   0.101627  Wealth:    122359.52  Turnover: 0.4583  Gross: 1.3763  Gate: 0.7527
Episode 306  Reward:   0.032636  Wealth:    113550.44  Turnover: 0.4238  Gross: 1.4004  Gate: 0.8008
Episode 307  Reward:   0.026738  Wealth:    113735.12  Turnover: 0.5554  Gross: 1.3782  Gate: 0.7563
Episode 308  Reward:  -0.028374  Wealth:    106924.58  Turnover: 0.1882  Gross: 1.3910  Gate: 0.7820
Episode 309  Reward:   0.145618  Wealth:    131766.66  Turnover: 0.3460  Gross: 1.3945  Gate: 0.7889
Episode 310  Reward:   0.004760  Wealth:    108381.45  Turnover: 0.2815  Gross: 1.4135  Gate: 0.8269
Episode    310  AvgReward:   0.081698  Noise: 0.0808
Episode 311  Reward:   0.125545  Wealth:    126535.01  Turnover: 0.5049  Gross: 1.3955  Gate: 0.7909
Episode 312  Reward:  -0.062846  Wealth:    101797.28  Turnover: 0.6454  Gross: 1.4053  Gate: 0.8106
Episode 313  Reward:   0.141696  Wealth:    129764.52  Turnover: 0.5668  Gross: 1.4036  Gate: 0.8071
Episode 314  Reward:   0.159628  Wealth:    132896.58  Turnover: 0.2461  Gross: 1.3979  Gate: 0.7958
Episode 315  Reward:   0.042707  Wealth:    114575.70  Turnover: 0.2842  Gross: 1.3946  Gate: 0.7891
Episode 316  Reward:   0.112198  Wealth:    126910.10  Turnover: 0.4645  Gross: 1.3952  Gate: 0.7903
Episode 317  Reward:   0.169094  Wealth:    131239.59  Turnover: 0.5814  Gross: 1.4045  Gate: 0.8090
Episode 318  Reward:   0.110473  Wealth:    122838.38  Turnover: 0.4844  Gross: 1.3818  Gate: 0.7636
Episode 319  Reward:   0.107872  Wealth:    121588.08  Turnover: 0.2352  Gross: 1.4002  Gate: 0.8003
Episode 320  Reward:  -0.031851  Wealth:    106335.50  Turnover: 0.4823  Gross: 1.3765  Gate: 0.7530
Episode    320  AvgReward:   0.087452  Noise: 0.0792
Episode 321  Reward:   0.227410  Wealth:    150864.40  Turnover: 0.5401  Gross: 1.3956  Gate: 0.7912
Episode 322  Reward:   0.009090  Wealth:    110294.20  Turnover: 0.4112  Gross: 1.4045  Gate: 0.8090
Episode 323  Reward:   0.006345  Wealth:    111557.56  Turnover: 0.3573  Gross: 1.3992  Gate: 0.7983
Episode 324  Reward:   0.279878  Wealth:    159764.94  Turnover: 0.4660  Gross: 1.3621  Gate: 0.7243
Episode 325  Reward:   0.224860  Wealth:    143535.62  Turnover: 0.3784  Gross: 1.3867  Gate: 0.7734
Episode 326  Reward:   0.119231  Wealth:    125700.14  Turnover: 0.4706  Gross: 1.4014  Gate: 0.8027
Episode 327  Reward:  -0.009218  Wealth:    110738.91  Turnover: 0.2712  Gross: 1.3743  Gate: 0.7486
Episode 328  Reward:   0.121207  Wealth:    126883.91  Turnover: 0.5282  Gross: 1.3970  Gate: 0.7940
Episode 329  Reward:  -0.113882  Wealth:     97522.61  Turnover: 0.4494  Gross: 1.3854  Gate: 0.7707
Episode 330  Reward:   0.224309  Wealth:    145154.04  Turnover: 0.6325  Gross: 1.4056  Gate: 0.8111
Episode    330  AvgReward:   0.108923  Noise: 0.0776
Episode 331  Reward:   0.008979  Wealth:    108720.51  Turnover: 0.2514  Gross: 1.3814  Gate: 0.7629
Episode 332  Reward:   0.146349  Wealth:    127383.23  Turnover: 0.2081  Gross: 1.4003  Gate: 0.8007
Episode 333  Reward:   0.138078  Wealth:    131610.49  Turnover: 0.7289  Gross: 1.4072  Gate: 0.8143
Episode 334  Reward:   0.028302  Wealth:    113314.84  Turnover: 0.6154  Gross: 1.4002  Gate: 0.8005
Episode 335  Reward:  -0.082901  Wealth:    100194.43  Turnover: 0.4369  Gross: 1.4145  Gate: 0.8289
Episode 336  Reward:   0.024099  Wealth:    113730.17  Turnover: 0.3095  Gross: 1.3808  Gate: 0.7616
Episode 337  Reward:   0.100505  Wealth:    122408.20  Turnover: 0.2849  Gross: 1.4044  Gate: 0.8088
Episode 338  Reward:   0.202043  Wealth:    140004.44  Turnover: 0.3967  Gross: 1.3998  Gate: 0.7997
Episode 339  Reward:   0.422038  Wealth:    202959.59  Turnover: 0.2373  Gross: 1.3856  Gate: 0.7713
Episode 340  Reward:   0.074572  Wealth:    118919.82  Turnover: 0.4234  Gross: 1.3887  Gate: 0.7775
Episode    340  AvgReward:   0.106206  Noise: 0.0761
Episode 341  Reward:  -0.054767  Wealth:    104842.58  Turnover: 0.3693  Gross: 1.3800  Gate: 0.7601
Episode 342  Reward:   0.133679  Wealth:    129014.29  Turnover: 0.2459  Gross: 1.3898  Gate: 0.7797
Episode 343  Reward:  -0.032679  Wealth:    105317.35  Turnover: 0.2921  Gross: 1.3930  Gate: 0.7860
Episode 344  Reward:  -0.029064  Wealth:    106919.07  Turnover: 0.3167  Gross: 1.3943  Gate: 0.7885
Episode 345  Reward:  -0.076900  Wealth:    101470.12  Turnover: 0.4233  Gross: 1.4025  Gate: 0.8049
Episode 346  Reward:  -0.110356  Wealth:     97408.87  Turnover: 0.4546  Gross: 1.3826  Gate: 0.7652
Episode 347  Reward:  -0.125842  Wealth:     96780.17  Turnover: 0.5978  Gross: 1.3910  Gate: 0.7819
Episode 348  Reward:  -0.148467  Wealth:     94948.30  Turnover: 0.4277  Gross: 1.3870  Gate: 0.7740
Episode 349  Reward:   0.321550  Wealth:    166546.28  Turnover: 0.2379  Gross: 1.3959  Gate: 0.7919
Episode 350  Reward:   0.206031  Wealth:    143195.03  Turnover: 0.3380  Gross: 1.3981  Gate: 0.7962
Episode    350  AvgReward:   0.008318  Noise: 0.0746
Episode 351  Reward:   0.068068  Wealth:    118723.93  Turnover: 0.5399  Gross: 1.3852  Gate: 0.7704
Episode 352  Reward:  -0.066743  Wealth:    103556.62  Turnover: 0.2467  Gross: 1.3855  Gate: 0.7711
Episode 353  Reward:   0.219666  Wealth:    142820.22  Turnover: 0.3305  Gross: 1.4018  Gate: 0.8036
Episode 354  Reward:  -0.511296  Wealth:     70685.51  Turnover: 0.2832  Gross: 1.3789  Gate: 0.7579
Episode 355  Reward:   0.237690  Wealth:    146000.39  Turnover: 0.2225  Gross: 1.4071  Gate: 0.8142
Episode 356  Reward:   0.216244  Wealth:    140409.83  Turnover: 0.3085  Gross: 1.3949  Gate: 0.7897
Episode 357  Reward:  -0.254065  Wealth:     85367.93  Turnover: 0.6729  Gross: 1.3868  Gate: 0.7735
Episode 358  Reward:  -0.071932  Wealth:    102710.15  Turnover: 0.4983  Gross: 1.3916  Gate: 0.7831
Episode 359  Reward:  -0.085348  Wealth:    100574.32  Turnover: 0.4190  Gross: 1.4023  Gate: 0.8047
Episode 360  Reward:  -0.002486  Wealth:    109909.00  Turnover: 0.4419  Gross: 1.3870  Gate: 0.7739
Episode    360  AvgReward:  -0.025020  Noise: 0.0731
Episode 361  Reward:   0.105003  Wealth:    122864.56  Turnover: 0.5194  Gross: 1.3936  Gate: 0.7871
Episode 362  Reward:   0.221930  Wealth:    142372.36  Turnover: 0.5656  Gross: 1.3945  Gate: 0.7890
Episode 363  Reward:   0.069202  Wealth:    118991.46  Turnover: 0.5493  Gross: 1.3936  Gate: 0.7873
Episode 364  Reward:  -0.127846  Wealth:     97055.10  Turnover: 0.5101  Gross: 1.3888  Gate: 0.7775
Episode 365  Reward:   0.016034  Wealth:    111028.14  Turnover: 0.5506  Gross: 1.3892  Gate: 0.7785
Episode 366  Reward:   0.042346  Wealth:    112603.01  Turnover: 0.3897  Gross: 1.3755  Gate: 0.7509
Episode 367  Reward:   0.107887  Wealth:    121934.02  Turnover: 0.2342  Gross: 1.4069  Gate: 0.8139
Episode 368  Reward:  -0.178967  Wealth:     91822.62  Turnover: 0.4845  Gross: 1.3814  Gate: 0.7628
Episode 369  Reward:   0.148568  Wealth:    136021.67  Turnover: 0.3016  Gross: 1.3895  Gate: 0.7790
Episode 370  Reward:  -0.128968  Wealth:     97655.10  Turnover: 0.3313  Gross: 1.3819  Gate: 0.7638
Episode    370  AvgReward:   0.027519  Noise: 0.0717
Episode 371  Reward:   0.253009  Wealth:    150743.13  Turnover: 0.4641  Gross: 1.3702  Gate: 0.7404
Episode 372  Reward:   0.085857  Wealth:    120154.68  Turnover: 0.4395  Gross: 1.3902  Gate: 0.7804
Episode 373  Reward:   0.105764  Wealth:    123188.20  Turnover: 0.4390  Gross: 1.4037  Gate: 0.8074
Episode 374  Reward:   0.027024  Wealth:    113524.62  Turnover: 0.6770  Gross: 1.3870  Gate: 0.7740
Episode 375  Reward:   0.173832  Wealth:    138683.77  Turnover: 0.5419  Gross: 1.3913  Gate: 0.7825
Episode 376  Reward:   0.006261  Wealth:    113166.97  Turnover: 0.4240  Gross: 1.3875  Gate: 0.7751
Episode 377  Reward:   0.138760  Wealth:    131205.63  Turnover: 0.3693  Gross: 1.3837  Gate: 0.7673
Episode 378  Reward:   0.186038  Wealth:    137422.37  Turnover: 0.3975  Gross: 1.3839  Gate: 0.7677
Episode 379  Reward:   0.193810  Wealth:    140775.08  Turnover: 0.5410  Gross: 1.3938  Gate: 0.7875
Episode 380  Reward:   0.057674  Wealth:    115629.66  Turnover: 0.6311  Gross: 1.3960  Gate: 0.7919
Episode    380  AvgReward:   0.122803  Noise: 0.0702
Episode 381  Reward:  -0.153535  Wealth:     93037.89  Turnover: 0.3668  Gross: 1.3996  Gate: 0.7992
Episode 382  Reward:  -0.125000  Wealth:     95885.17  Turnover: 0.4086  Gross: 1.3929  Gate: 0.7858
Episode 383  Reward:  -0.060058  Wealth:    102943.69  Turnover: 0.6662  Gross: 1.4031  Gate: 0.8062
Episode 384  Reward:   0.156020  Wealth:    131841.33  Turnover: 0.2719  Gross: 1.4126  Gate: 0.8251
Episode 385  Reward:   0.143808  Wealth:    131974.29  Turnover: 0.3742  Gross: 1.3947  Gate: 0.7895
Episode 386  Reward:   0.059510  Wealth:    118999.61  Turnover: 0.2675  Gross: 1.3987  Gate: 0.7975
Episode 387  Reward:   0.170959  Wealth:    132400.10  Turnover: 0.4220  Gross: 1.4071  Gate: 0.8143
Episode 388  Reward:   0.103255  Wealth:    121932.19  Turnover: 0.3757  Gross: 1.3950  Gate: 0.7900
Episode 389  Reward:   0.065182  Wealth:    118373.60  Turnover: 0.3775  Gross: 1.3962  Gate: 0.7923
Episode 390  Reward:   0.381766  Wealth:    190522.95  Turnover: 0.5207  Gross: 1.3892  Gate: 0.7784
Episode    390  AvgReward:   0.074191  Noise: 0.0688
Episode 391  Reward:   0.092189  Wealth:    125006.61  Turnover: 0.3328  Gross: 1.3819  Gate: 0.7637
Episode 392  Reward:   0.293410  Wealth:    164275.43  Turnover: 0.3837  Gross: 1.3900  Gate: 0.7801
Episode 393  Reward:   0.255544  Wealth:    154193.69  Turnover: 0.4624  Gross: 1.4045  Gate: 0.8090
Episode 394  Reward:  -0.639369  Wealth:     63758.16  Turnover: 0.5855  Gross: 1.3818  Gate: 0.7637
Episode 395  Reward:   0.114944  Wealth:    125021.91  Turnover: 0.3999  Gross: 1.4001  Gate: 0.8002
Episode 396  Reward:   0.089749  Wealth:    122910.52  Turnover: 0.4133  Gross: 1.3978  Gate: 0.7956
Episode 397  Reward:   0.133442  Wealth:    127903.16  Turnover: 0.4661  Gross: 1.3909  Gate: 0.7817
Episode 398  Reward:   0.064270  Wealth:    120446.29  Turnover: 0.3855  Gross: 1.3947  Gate: 0.7893
Episode 399  Reward:   0.205613  Wealth:    141571.18  Turnover: 0.4027  Gross: 1.4068  Gate: 0.8136
Episode 400  Reward:   0.098910  Wealth:    122564.81  Turnover: 0.2552  Gross: 1.4018  Gate: 0.8037
Episode    400  AvgReward:   0.070870  Noise: 0.0675
Episode 401  Reward:   0.030934  Wealth:    114631.77  Turnover: 0.2509  Gross: 1.3970  Gate: 0.7939
Episode 402  Reward:  -0.077618  Wealth:    100953.98  Turnover: 0.5219  Gross: 1.3966  Gate: 0.7931
Episode 403  Reward:   0.233562  Wealth:    150217.33  Turnover: 0.3631  Gross: 1.3828  Gate: 0.7657
Episode 404  Reward:  -0.296000  Wealth:     84402.75  Turnover: 0.3813  Gross: 1.3979  Gate: 0.7959
Episode 405  Reward:  -0.179724  Wealth:     92210.85  Turnover: 0.5389  Gross: 1.3909  Gate: 0.7818
Episode 406  Reward:  -0.013239  Wealth:    109526.24  Turnover: 0.3653  Gross: 1.3957  Gate: 0.7915
Episode 407  Reward:   0.194670  Wealth:    137993.66  Turnover: 0.3224  Gross: 1.3827  Gate: 0.7655
Episode 408  Reward:   0.074816  Wealth:    121559.95  Turnover: 0.4373  Gross: 1.4064  Gate: 0.8128
Episode 409  Reward:  -0.017012  Wealth:    108305.13  Turnover: 0.5020  Gross: 1.3969  Gate: 0.7937
Episode 410  Reward:   0.004246  Wealth:    111634.04  Turnover: 0.4487  Gross: 1.3967  Gate: 0.7934
Episode    410  AvgReward:  -0.004536  Noise: 0.0661
Episode 411  Reward:  -0.088562  Wealth:    101120.40  Turnover: 0.4087  Gross: 1.3951  Gate: 0.7902
Episode 412  Reward:   0.168694  Wealth:    135463.78  Turnover: 0.4308  Gross: 1.4026  Gate: 0.8053
Episode 413  Reward:   0.139424  Wealth:    127097.85  Turnover: 0.2435  Gross: 1.3969  Gate: 0.7938
Episode 414  Reward:   0.341619  Wealth:    174276.82  Turnover: 0.3370  Gross: 1.3991  Gate: 0.7982
Episode 415  Reward:   0.253612  Wealth:    150766.54  Turnover: 0.3330  Gross: 1.4007  Gate: 0.8014
Episode 416  Reward:   0.259509  Wealth:    149036.16  Turnover: 0.4495  Gross: 1.3943  Gate: 0.7886
Episode 417  Reward:   0.150523  Wealth:    129943.20  Turnover: 0.4844  Gross: 1.3885  Gate: 0.7771
Episode 418  Reward:  -0.016968  Wealth:    106867.80  Turnover: 0.5018  Gross: 1.3912  Gate: 0.7824
Episode 419  Reward:   0.173306  Wealth:    134330.09  Turnover: 0.4271  Gross: 1.3981  Gate: 0.7962
Episode 420  Reward:   0.207889  Wealth:    143424.27  Turnover: 0.5227  Gross: 1.4121  Gate: 0.8243
Episode    420  AvgReward:   0.158905  Noise: 0.0648
Episode 421  Reward:  -0.081866  Wealth:    102585.94  Turnover: 0.3185  Gross: 1.4073  Gate: 0.8147
Episode 422  Reward:  -0.086888  Wealth:    100304.46  Turnover: 0.2297  Gross: 1.4061  Gate: 0.8122
Episode 423  Reward:  -0.198607  Wealth:     91024.13  Turnover: 0.4080  Gross: 1.3940  Gate: 0.7879
Episode 424  Reward:  -0.047235  Wealth:    105576.19  Turnover: 0.3413  Gross: 1.3867  Gate: 0.7734
Episode 425  Reward:   0.334249  Wealth:    176114.11  Turnover: 0.3600  Gross: 1.4087  Gate: 0.8175
Episode 426  Reward:   0.301530  Wealth:    165764.29  Turnover: 0.1831  Gross: 1.3875  Gate: 0.7750
Episode 427  Reward:  -0.049081  Wealth:    104810.52  Turnover: 0.4414  Gross: 1.3941  Gate: 0.7881
Episode 428  Reward:  -0.138463  Wealth:     95519.29  Turnover: 0.5641  Gross: 1.3961  Gate: 0.7921
Episode 429  Reward:   0.010245  Wealth:    112192.85  Turnover: 0.3888  Gross: 1.3932  Gate: 0.7864
Episode 430  Reward:   0.108069  Wealth:    124420.35  Turnover: 0.3510  Gross: 1.3882  Gate: 0.7764
Episode    430  AvgReward:   0.015195  Noise: 0.0635
Episode 431  Reward:   0.049401  Wealth:    116482.42  Turnover: 0.3582  Gross: 1.4022  Gate: 0.8044
Episode 432  Reward:   0.094587  Wealth:    121465.10  Turnover: 0.4009  Gross: 1.4015  Gate: 0.8031
Episode 433  Reward:  -0.093397  Wealth:    101086.86  Turnover: 0.4008  Gross: 1.3895  Gate: 0.7789
Episode 434  Reward:   0.004687  Wealth:    111528.12  Turnover: 0.3522  Gross: 1.3925  Gate: 0.7849
Episode 435  Reward:   0.019442  Wealth:    112495.41  Turnover: 0.3632  Gross: 1.4006  Gate: 0.8011
Episode 436  Reward:   0.012973  Wealth:    112233.05  Turnover: 0.6413  Gross: 1.3919  Gate: 0.7839
Episode 437  Reward:   0.102109  Wealth:    122608.13  Turnover: 0.3127  Gross: 1.3987  Gate: 0.7974
Episode 438  Reward:   0.034609  Wealth:    112990.64  Turnover: 0.3561  Gross: 1.3725  Gate: 0.7450
Episode 439  Reward:   0.078290  Wealth:    122328.27  Turnover: 0.4501  Gross: 1.3929  Gate: 0.7859
Episode 440  Reward:   0.016102  Wealth:    110814.95  Turnover: 0.4015  Gross: 1.3932  Gate: 0.7863
Episode    440  AvgReward:   0.031880  Noise: 0.0623
Episode 441  Reward:   0.258641  Wealth:    156799.54  Turnover: 0.5215  Gross: 1.3985  Gate: 0.7971
Episode 442  Reward:   0.140949  Wealth:    128097.23  Turnover: 0.3338  Gross: 1.3957  Gate: 0.7914
Episode 443  Reward:   0.184572  Wealth:    136856.75  Turnover: 0.4293  Gross: 1.4011  Gate: 0.8022
Episode 444  Reward:  -0.043282  Wealth:    103923.76  Turnover: 0.7204  Gross: 1.4076  Gate: 0.8152
Episode 445  Reward:  -0.007254  Wealth:    109300.04  Turnover: 0.1925  Gross: 1.4015  Gate: 0.8031
Episode 446  Reward:   0.170426  Wealth:    131327.04  Turnover: 0.2818  Gross: 1.3930  Gate: 0.7859
Episode 447  Reward:   0.256679  Wealth:    151498.45  Turnover: 0.4449  Gross: 1.3986  Gate: 0.7973
Episode 448  Reward:  -0.040261  Wealth:    108002.23  Turnover: 0.4062  Gross: 1.3865  Gate: 0.7730
Episode 449  Reward:   0.112464  Wealth:    121913.57  Turnover: 0.3802  Gross: 1.3887  Gate: 0.7774
Episode 450  Reward:   0.107485  Wealth:    121415.17  Turnover: 0.3116  Gross: 1.3994  Gate: 0.7989
Episode    450  AvgReward:   0.114042  Noise: 0.0611
Episode 451  Reward:   0.077666  Wealth:    118809.91  Turnover: 0.4014  Gross: 1.4019  Gate: 0.8038
Episode 452  Reward:  -0.428430  Wealth:     75467.60  Turnover: 0.6033  Gross: 1.3756  Gate: 0.7512
Episode 453  Reward:  -0.016563  Wealth:    108086.26  Turnover: 0.4370  Gross: 1.4004  Gate: 0.8008
Episode 454  Reward:   0.095080  Wealth:    122509.23  Turnover: 0.3837  Gross: 1.3876  Gate: 0.7751
Episode 455  Reward:   0.048329  Wealth:    116535.01  Turnover: 0.3785  Gross: 1.3954  Gate: 0.7908
Episode 456  Reward:   0.172986  Wealth:    136988.94  Turnover: 0.2350  Gross: 1.3952  Gate: 0.7903
Episode 457  Reward:   0.180581  Wealth:    138055.28  Turnover: 0.4868  Gross: 1.4053  Gate: 0.8105
Episode 458  Reward:   0.080621  Wealth:    118733.95  Turnover: 0.3175  Gross: 1.3661  Gate: 0.7322
Episode 459  Reward:   0.060287  Wealth:    116386.17  Turnover: 0.3154  Gross: 1.4008  Gate: 0.8015
Episode 460  Reward:   0.234454  Wealth:    145102.96  Turnover: 0.4340  Gross: 1.4135  Gate: 0.8270
Episode    460  AvgReward:   0.050501  Noise: 0.0598
Episode 461  Reward:   0.168706  Wealth:    131240.81  Turnover: 0.2574  Gross: 1.3919  Gate: 0.7838
Episode 462  Reward:   0.360263  Wealth:    180635.88  Turnover: 0.3135  Gross: 1.4043  Gate: 0.8086
Episode 463  Reward:   0.148156  Wealth:    131149.54  Turnover: 0.4710  Gross: 1.4008  Gate: 0.8016
Episode 464  Reward:  -0.216298  Wealth:     90522.79  Turnover: 0.3734  Gross: 1.3966  Gate: 0.7931
Episode 465  Reward:   0.025857  Wealth:    111587.82  Turnover: 0.4382  Gross: 1.4028  Gate: 0.8057
Episode 466  Reward:   0.020267  Wealth:    109981.50  Turnover: 0.2585  Gross: 1.3968  Gate: 0.7936
Episode 467  Reward:   0.110230  Wealth:    125098.45  Turnover: 0.3126  Gross: 1.4045  Gate: 0.8091
Episode 468  Reward:   0.169863  Wealth:    136108.58  Turnover: 0.2095  Gross: 1.4057  Gate: 0.8114
Episode 469  Reward:  -0.012315  Wealth:    108043.33  Turnover: 0.5453  Gross: 1.4013  Gate: 0.8026
Episode 470  Reward:   0.058455  Wealth:    115200.95  Turnover: 0.4495  Gross: 1.3963  Gate: 0.7926
Episode    470  AvgReward:   0.083318  Noise: 0.0587
Episode 471  Reward:  -0.058591  Wealth:    102561.84  Turnover: 0.5132  Gross: 1.4051  Gate: 0.8103
Episode 472  Reward:   0.304286  Wealth:    162347.13  Turnover: 0.3428  Gross: 1.4013  Gate: 0.8026
Episode 473  Reward:   0.219217  Wealth:    143164.71  Turnover: 0.3622  Gross: 1.4071  Gate: 0.8142
Episode 474  Reward:   0.227922  Wealth:    145459.93  Turnover: 0.4878  Gross: 1.3911  Gate: 0.7821
Episode 475  Reward:   0.105214  Wealth:    124262.81  Turnover: 0.4098  Gross: 1.4141  Gate: 0.8281
Episode 476  Reward:   0.164807  Wealth:    133310.54  Turnover: 0.2621  Gross: 1.4072  Gate: 0.8144
Episode 477  Reward:   0.141755  Wealth:    128648.09  Turnover: 0.3896  Gross: 1.4071  Gate: 0.8143
Episode 478  Reward:   0.003806  Wealth:    108791.45  Turnover: 0.3494  Gross: 1.4038  Gate: 0.8076
Episode 479  Reward:   0.059036  Wealth:    117377.50  Turnover: 0.4756  Gross: 1.4003  Gate: 0.8007
Episode 480  Reward:   0.337415  Wealth:    172082.08  Turnover: 0.4299  Gross: 1.4075  Gate: 0.8149
Episode    480  AvgReward:   0.150487  Noise: 0.0575
Episode 481  Reward:   0.069565  Wealth:    119155.14  Turnover: 0.3148  Gross: 1.4020  Gate: 0.8040
Episode 482  Reward:   0.161293  Wealth:    131718.59  Turnover: 0.3804  Gross: 1.4036  Gate: 0.8072
Episode 483  Reward:   0.073733  Wealth:    117071.54  Turnover: 0.2539  Gross: 1.4003  Gate: 0.8006
Episode 484  Reward:  -0.012955  Wealth:    108860.46  Turnover: 0.3514  Gross: 1.3919  Gate: 0.7837
Episode 485  Reward:   0.023318  Wealth:    112311.70  Turnover: 0.3587  Gross: 1.4056  Gate: 0.8112
Episode 486  Reward:   0.201581  Wealth:    141197.82  Turnover: 0.3263  Gross: 1.3903  Gate: 0.7806
Episode 487  Reward:  -0.150837  Wealth:     94611.00  Turnover: 0.3471  Gross: 1.4025  Gate: 0.8050
Episode 488  Reward:   0.253068  Wealth:    147746.97  Turnover: 0.0981  Gross: 1.3904  Gate: 0.7807
Episode 489  Reward:   0.210804  Wealth:    142699.30  Turnover: 0.2532  Gross: 1.4017  Gate: 0.8034
Episode 490  Reward:   0.070897  Wealth:    122504.47  Turnover: 0.3857  Gross: 1.3954  Gate: 0.7908
Episode    490  AvgReward:   0.090047  Noise: 0.0564
Episode 491  Reward:   0.265552  Wealth:    153773.84  Turnover: 0.2723  Gross: 1.3965  Gate: 0.7931
Episode 492  Reward:   0.236349  Wealth:    147851.00  Turnover: 0.3279  Gross: 1.4012  Gate: 0.8024
Episode 493  Reward:  -0.021931  Wealth:    107836.39  Turnover: 0.5155  Gross: 1.3817  Gate: 0.7633
Episode 494  Reward:   0.003799  Wealth:    110975.76  Turnover: 0.3471  Gross: 1.4041  Gate: 0.8083
Episode 495  Reward:   0.020222  Wealth:    111253.29  Turnover: 0.4981  Gross: 1.3986  Gate: 0.7971
Episode 496  Reward:   0.235419  Wealth:    151182.93  Turnover: 0.5067  Gross: 1.3981  Gate: 0.7962
Episode 497  Reward:  -0.284582  Wealth:     84342.39  Turnover: 0.5980  Gross: 1.3844  Gate: 0.7689
Episode 498  Reward:   0.127987  Wealth:    128128.86  Turnover: 0.4033  Gross: 1.4051  Gate: 0.8102
Episode 499  Reward:   0.198492  Wealth:    138894.18  Turnover: 0.1668  Gross: 1.4048  Gate: 0.8096
Episode 500  Reward:  -0.148878  Wealth:     94893.27  Turnover: 0.5983  Gross: 1.4006  Gate: 0.8012
Episode    500  AvgReward:   0.063243  Noise: 0.0552
Episode 501  Reward:   0.120051  Wealth:    125856.81  Turnover: 0.2320  Gross: 1.3978  Gate: 0.7957
Episode 502  Reward:   0.234982  Wealth:    147893.01  Turnover: 0.4635  Gross: 1.4023  Gate: 0.8047
Episode 503  Reward:  -0.299689  Wealth:     84281.01  Turnover: 0.3825  Gross: 1.3993  Gate: 0.7986
Episode 504  Reward:  -0.012864  Wealth:    110354.37  Turnover: 0.3663  Gross: 1.4010  Gate: 0.8020
Episode 505  Reward:   0.145937  Wealth:    128901.85  Turnover: 0.2894  Gross: 1.3985  Gate: 0.7971
Episode 506  Reward:   0.201952  Wealth:    138489.71  Turnover: 0.5283  Gross: 1.3892  Gate: 0.7784
Episode 507  Reward:  -0.114913  Wealth:     99354.41  Turnover: 0.6105  Gross: 1.3848  Gate: 0.7696
Episode 508  Reward:   0.129778  Wealth:    126424.08  Turnover: 0.3377  Gross: 1.3977  Gate: 0.7954
Episode 509  Reward:   0.086471  Wealth:    119692.16  Turnover: 0.2792  Gross: 1.3969  Gate: 0.7938
Episode 510  Reward:   0.111725  Wealth:    124966.76  Turnover: 0.4088  Gross: 1.3981  Gate: 0.7962
Episode    510  AvgReward:   0.060343  Noise: 0.0541
Episode 511  Reward:  -0.022587  Wealth:    106212.15  Turnover: 0.4784  Gross: 1.4010  Gate: 0.8020
Episode 512  Reward:   0.061953  Wealth:    118761.20  Turnover: 0.4310  Gross: 1.4012  Gate: 0.8025
Episode 513  Reward:   0.072497  Wealth:    116919.08  Turnover: 0.5122  Gross: 1.3968  Gate: 0.7937
Episode 514  Reward:   0.257865  Wealth:    151307.87  Turnover: 0.4150  Gross: 1.4031  Gate: 0.8063
Episode 515  Reward:   0.063834  Wealth:    116989.49  Turnover: 0.5051  Gross: 1.4016  Gate: 0.8033
Episode 516  Reward:  -0.033042  Wealth:    107523.62  Turnover: 0.3622  Gross: 1.3902  Gate: 0.7804
Episode 517  Reward:  -0.000581  Wealth:    109794.14  Turnover: 0.3874  Gross: 1.4063  Gate: 0.8125
Episode 518  Reward:   0.190483  Wealth:    139531.77  Turnover: 0.3226  Gross: 1.4048  Gate: 0.8096
Episode 519  Reward:   0.102726  Wealth:    121893.23  Turnover: 0.2982  Gross: 1.4080  Gate: 0.8159
Episode 520  Reward:   0.226163  Wealth:    142386.60  Turnover: 0.2088  Gross: 1.3874  Gate: 0.7748
Episode    520  AvgReward:   0.091931  Noise: 0.0531
Episode 521  Reward:   0.055471  Wealth:    115662.26  Turnover: 0.2860  Gross: 1.4011  Gate: 0.8023
Episode 522  Reward:   0.046876  Wealth:    116033.44  Turnover: 0.3933  Gross: 1.3885  Gate: 0.7770
Episode 523  Reward:   0.095453  Wealth:    123851.45  Turnover: 0.5689  Gross: 1.4001  Gate: 0.8003
Episode 524  Reward:   0.107504  Wealth:    127210.94  Turnover: 0.3647  Gross: 1.3923  Gate: 0.7845
Episode 525  Reward:   0.175954  Wealth:    133825.76  Turnover: 0.2058  Gross: 1.3990  Gate: 0.7979
Episode 526  Reward:   0.204711  Wealth:    141437.11  Turnover: 0.4112  Gross: 1.4030  Gate: 0.8060
Episode 527  Reward:   0.115154  Wealth:    126424.02  Turnover: 0.2206  Gross: 1.4060  Gate: 0.8119
Episode 528  Reward:  -0.100143  Wealth:     99033.07  Turnover: 0.6208  Gross: 1.3983  Gate: 0.7965
Episode 529  Reward:   0.116876  Wealth:    126908.37  Turnover: 0.2444  Gross: 1.3937  Gate: 0.7873
Episode 530  Reward:   0.145636  Wealth:    131365.63  Turnover: 0.4978  Gross: 1.3993  Gate: 0.7987
Episode    530  AvgReward:   0.096349  Noise: 0.0520
Episode 531  Reward:   0.031307  Wealth:    114419.85  Turnover: 0.4184  Gross: 1.3934  Gate: 0.7869
Episode 532  Reward:   0.186572  Wealth:    139397.38  Turnover: 0.3678  Gross: 1.3931  Gate: 0.7862
Episode 533  Reward:   0.153218  Wealth:    132753.21  Turnover: 0.4553  Gross: 1.4060  Gate: 0.8121
Episode 534  Reward:   0.164858  Wealth:    136214.21  Turnover: 0.2807  Gross: 1.4064  Gate: 0.8129
Episode 535  Reward:   0.167141  Wealth:    132848.42  Turnover: 0.4538  Gross: 1.4038  Gate: 0.8076
Episode 536  Reward:   0.008063  Wealth:    110082.26  Turnover: 0.3499  Gross: 1.4041  Gate: 0.8082
Episode 537  Reward:   0.004516  Wealth:    111640.96  Turnover: 0.3887  Gross: 1.3803  Gate: 0.7607
Episode 538  Reward:   0.311952  Wealth:    169432.44  Turnover: 0.3211  Gross: 1.3914  Gate: 0.7827
Episode 539  Reward:   0.236096  Wealth:    147044.82  Turnover: 0.4601  Gross: 1.3954  Gate: 0.7908
Episode 540  Reward:   0.249788  Wealth:    151073.16  Turnover: 0.3055  Gross: 1.4010  Gate: 0.8020
Episode    540  AvgReward:   0.151351  Noise: 0.0510
Episode 541  Reward:   0.069356  Wealth:    119143.75  Turnover: 0.5543  Gross: 1.4057  Gate: 0.8115
Episode 542  Reward:   0.194584  Wealth:    137931.54  Turnover: 0.3525  Gross: 1.3954  Gate: 0.7907
Episode 543  Reward:  -0.056460  Wealth:    103720.98  Turnover: 0.2575  Gross: 1.3956  Gate: 0.7912
Episode 544  Reward:   0.177148  Wealth:    135969.74  Turnover: 0.4316  Gross: 1.3991  Gate: 0.7983
Episode 545  Reward:   0.160026  Wealth:    132135.00  Turnover: 0.4275  Gross: 1.4046  Gate: 0.8092
Episode 546  Reward:   0.117092  Wealth:    123585.76  Turnover: 0.4969  Gross: 1.3987  Gate: 0.7974
Episode 547  Reward:   0.195439  Wealth:    138198.19  Turnover: 0.2952  Gross: 1.4072  Gate: 0.8144
Episode 548  Reward:   0.081821  Wealth:    118685.50  Turnover: 0.2589  Gross: 1.4040  Gate: 0.8080
Episode 549  Reward:   0.101553  Wealth:    123642.72  Turnover: 0.3686  Gross: 1.4006  Gate: 0.8011
Episode 550  Reward:   0.071402  Wealth:    118756.76  Turnover: 0.4083  Gross: 1.3987  Gate: 0.7975
Episode    550  AvgReward:   0.111196  Noise: 0.0500
Episode 551  Reward:   0.138970  Wealth:    129138.42  Turnover: 0.3973  Gross: 1.4021  Gate: 0.8042
Episode 552  Reward:   0.237851  Wealth:    147950.86  Turnover: 0.5209  Gross: 1.3988  Gate: 0.7976
Episode 553  Reward:   0.191943  Wealth:    138701.45  Turnover: 0.2498  Gross: 1.4018  Gate: 0.8037
Episode 554  Reward:   0.185024  Wealth:    138377.89  Turnover: 0.2391  Gross: 1.3994  Gate: 0.7989
Episode 555  Reward:   0.114155  Wealth:    127218.39  Turnover: 0.4426  Gross: 1.3898  Gate: 0.7796
Episode 556  Reward:   0.291185  Wealth:    164487.65  Turnover: 0.6408  Gross: 1.3988  Gate: 0.7977
Episode 557  Reward:   0.158321  Wealth:    132835.45  Turnover: 0.5435  Gross: 1.4012  Gate: 0.8023
Episode 558  Reward:  -0.200840  Wealth:     90485.53  Turnover: 0.3729  Gross: 1.3902  Gate: 0.7804
Episode 559  Reward:  -0.482436  Wealth:     72080.82  Turnover: 0.4407  Gross: 1.4069  Gate: 0.8138
Episode 560  Reward:   0.057486  Wealth:    116276.27  Turnover: 0.4373  Gross: 1.3935  Gate: 0.7870
Episode    560  AvgReward:   0.069166  Noise: 0.0490
Episode 561  Reward:   0.255798  Wealth:    150500.99  Turnover: 0.4071  Gross: 1.3992  Gate: 0.7983
Episode 562  Reward:  -0.033469  Wealth:    103852.51  Turnover: 0.2818  Gross: 1.4000  Gate: 0.8000
Episode 563  Reward:   0.017252  Wealth:    110697.42  Turnover: 0.2370  Gross: 1.4006  Gate: 0.8013
Episode 564  Reward:   0.207319  Wealth:    142412.12  Turnover: 0.3478  Gross: 1.4006  Gate: 0.8013
Episode 565  Reward:   0.161853  Wealth:    137235.54  Turnover: 0.3254  Gross: 1.4014  Gate: 0.8029
Episode 566  Reward:   0.245910  Wealth:    149501.29  Turnover: 0.3285  Gross: 1.4029  Gate: 0.8058
Episode 567  Reward:  -0.013100  Wealth:    106619.69  Turnover: 0.3252  Gross: 1.4063  Gate: 0.8127
Episode 568  Reward:   0.093090  Wealth:    121331.79  Turnover: 0.2360  Gross: 1.4103  Gate: 0.8207
Episode 569  Reward:   0.194050  Wealth:    139928.59  Turnover: 0.4617  Gross: 1.3964  Gate: 0.7928
Episode 570  Reward:   0.243651  Wealth:    147359.59  Turnover: 0.1769  Gross: 1.3986  Gate: 0.7972
Episode    570  AvgReward:   0.137235  Noise: 0.0480
Episode 571  Reward:   0.285048  Wealth:    158649.95  Turnover: 0.3915  Gross: 1.3934  Gate: 0.7867
Episode 572  Reward:   0.111353  Wealth:    124055.70  Turnover: 0.5481  Gross: 1.3980  Gate: 0.7961
Episode 573  Reward:   0.248081  Wealth:    152251.95  Turnover: 0.3021  Gross: 1.4057  Gate: 0.8114
Episode 574  Reward:  -0.180809  Wealth:     92340.25  Turnover: 0.4902  Gross: 1.3967  Gate: 0.7933
Episode 575  Reward:  -0.020686  Wealth:    104717.75  Turnover: 0.5090  Gross: 1.3849  Gate: 0.7698
Episode 576  Reward:   0.053557  Wealth:    119192.19  Turnover: 0.3341  Gross: 1.3896  Gate: 0.7793
Episode 577  Reward:   0.084258  Wealth:    120655.86  Turnover: 0.4485  Gross: 1.3992  Gate: 0.7985
Episode 578  Reward:   0.216579  Wealth:    142982.98  Turnover: 0.3109  Gross: 1.3985  Gate: 0.7970
Episode 579  Reward:   0.042125  Wealth:    113736.63  Turnover: 0.4635  Gross: 1.3980  Gate: 0.7960
Episode 580  Reward:   0.148693  Wealth:    133084.87  Turnover: 0.3612  Gross: 1.3912  Gate: 0.7824
Episode    580  AvgReward:   0.098820  Noise: 0.0471
Episode 581  Reward:   0.062973  Wealth:    117954.27  Turnover: 0.3227  Gross: 1.4063  Gate: 0.8126
Episode 582  Reward:  -0.126082  Wealth:     95556.71  Turnover: 0.4983  Gross: 1.3977  Gate: 0.7955
Episode 583  Reward:  -0.112493  Wealth:     97090.79  Turnover: 0.3391  Gross: 1.4013  Gate: 0.8027
Episode 584  Reward:   0.130278  Wealth:    125602.35  Turnover: 0.3915  Gross: 1.4021  Gate: 0.8042
Episode 585  Reward:   0.076012  Wealth:    120317.53  Turnover: 0.3762  Gross: 1.4032  Gate: 0.8065
Episode 586  Reward:   0.167162  Wealth:    131844.30  Turnover: 0.3275  Gross: 1.4012  Gate: 0.8025
Episode 587  Reward:   0.111367  Wealth:    122069.75  Turnover: 0.3224  Gross: 1.3968  Gate: 0.7936
Episode 588  Reward:   0.090714  Wealth:    123197.64  Turnover: 0.5847  Gross: 1.3943  Gate: 0.7886
Episode 589  Reward:  -0.034206  Wealth:    105948.63  Turnover: 0.2964  Gross: 1.3995  Gate: 0.7991
Episode 590  Reward:   0.189018  Wealth:    135017.40  Turnover: 0.2186  Gross: 1.4012  Gate: 0.8025
Episode    590  AvgReward:   0.055474  Noise: 0.0461
Episode 591  Reward:   0.234382  Wealth:    146589.98  Turnover: 0.4158  Gross: 1.3915  Gate: 0.7830
Episode 592  Reward:   0.089949  Wealth:    120441.77  Turnover: 0.5237  Gross: 1.3954  Gate: 0.7907
Episode 593  Reward:   0.042559  Wealth:    114059.27  Turnover: 0.4866  Gross: 1.3957  Gate: 0.7914
Episode 594  Reward:   0.238668  Wealth:    145214.78  Turnover: 0.4636  Gross: 1.3864  Gate: 0.7729
Episode 595  Reward:   0.260419  Wealth:    156858.76  Turnover: 0.6160  Gross: 1.4032  Gate: 0.8064
Episode 596  Reward:   0.269853  Wealth:    158589.28  Turnover: 0.3705  Gross: 1.4065  Gate: 0.8130
Episode 597  Reward:   0.224126  Wealth:    148757.13  Turnover: 0.3727  Gross: 1.4044  Gate: 0.8089
Episode 598  Reward:   0.299704  Wealth:    159806.31  Turnover: 0.3131  Gross: 1.3994  Gate: 0.7987
Episode 599  Reward:   0.004062  Wealth:    109521.23  Turnover: 0.3004  Gross: 1.4018  Gate: 0.8036
Episode 600  Reward:   0.014053  Wealth:    112080.99  Turnover: 0.4638  Gross: 1.3949  Gate: 0.7897
Episode    600  AvgReward:   0.167777  Noise: 0.0452
Episode 601  Reward:   0.127437  Wealth:    130250.01  Turnover: 0.4797  Gross: 1.4009  Gate: 0.8019
Episode 602  Reward:   0.279089  Wealth:    157314.95  Turnover: 0.2460  Gross: 1.3956  Gate: 0.7912
Episode 603  Reward:  -0.110844  Wealth:     97454.33  Turnover: 0.3799  Gross: 1.3969  Gate: 0.7937
Episode 604  Reward:   0.107511  Wealth:    124109.96  Turnover: 0.4133  Gross: 1.3903  Gate: 0.7806
Episode 605  Reward:   0.092614  Wealth:    121565.47  Turnover: 0.3248  Gross: 1.3967  Gate: 0.7933
Episode 606  Reward:  -0.062677  Wealth:    102395.27  Turnover: 0.3074  Gross: 1.3947  Gate: 0.7894
Episode 607  Reward:   0.166738  Wealth:    132870.14  Turnover: 0.3947  Gross: 1.3973  Gate: 0.7946
Episode 608  Reward:   0.216702  Wealth:    142126.60  Turnover: 0.4372  Gross: 1.3786  Gate: 0.7572
Episode 609  Reward:  -0.272189  Wealth:     84695.93  Turnover: 0.3821  Gross: 1.3972  Gate: 0.7945
Episode 610  Reward:   0.192523  Wealth:    134798.61  Turnover: 0.3352  Gross: 1.3967  Gate: 0.7934
Episode    610  AvgReward:   0.073690  Noise: 0.0443
Episode 611  Reward:   0.211961  Wealth:    141740.31  Turnover: 0.4691  Gross: 1.4014  Gate: 0.8028
Episode 612  Reward:   0.112257  Wealth:    124521.13  Turnover: 0.3724  Gross: 1.4033  Gate: 0.8067
Episode 613  Reward:  -0.053094  Wealth:    103512.48  Turnover: 0.4493  Gross: 1.3920  Gate: 0.7840
Episode 614  Reward:   0.246484  Wealth:    149700.95  Turnover: 0.4524  Gross: 1.3925  Gate: 0.7849
Episode 615  Reward:   0.280908  Wealth:    153068.15  Turnover: 0.5125  Gross: 1.4002  Gate: 0.8005
Episode 616  Reward:   0.043118  Wealth:    113711.49  Turnover: 0.4875  Gross: 1.4023  Gate: 0.8047
Episode 617  Reward:   0.057473  Wealth:    117481.39  Turnover: 0.4409  Gross: 1.3900  Gate: 0.7799
Episode 618  Reward:   0.215927  Wealth:    143713.93  Turnover: 0.3685  Gross: 1.4025  Gate: 0.8051
Episode 619  Reward:   0.021683  Wealth:    113331.54  Turnover: 0.4301  Gross: 1.4002  Gate: 0.8005
Episode 620  Reward:   0.205563  Wealth:    141097.99  Turnover: 0.5428  Gross: 1.4000  Gate: 0.7999
Episode    620  AvgReward:   0.134228  Noise: 0.0434
Episode 621  Reward:   0.232460  Wealth:    148408.99  Turnover: 0.3402  Gross: 1.3920  Gate: 0.7841
Episode 622  Reward:   0.081374  Wealth:    120715.35  Turnover: 0.6884  Gross: 1.3984  Gate: 0.7968
Episode 623  Reward:   0.124982  Wealth:    129731.48  Turnover: 0.3512  Gross: 1.3994  Gate: 0.7989
Episode 624  Reward:   0.199362  Wealth:    142769.58  Turnover: 0.2409  Gross: 1.3985  Gate: 0.7970
Episode 625  Reward:   0.026042  Wealth:    114063.05  Turnover: 0.5962  Gross: 1.4004  Gate: 0.8009
Episode 626  Reward:   0.212603  Wealth:    144569.43  Turnover: 0.4602  Gross: 1.3954  Gate: 0.7908
Episode 627  Reward:   0.114161  Wealth:    126149.90  Turnover: 0.3925  Gross: 1.3988  Gate: 0.7975
Episode 628  Reward:   0.115920  Wealth:    124201.80  Turnover: 0.4481  Gross: 1.3923  Gate: 0.7846
Episode 629  Reward:   0.193835  Wealth:    141988.25  Turnover: 0.3723  Gross: 1.4029  Gate: 0.8058
Episode 630  Reward:   0.128763  Wealth:    125445.57  Turnover: 0.3760  Gross: 1.4057  Gate: 0.8114
Episode    630  AvgReward:   0.142950  Noise: 0.0426
Episode 631  Reward:   0.078993  Wealth:    119608.36  Turnover: 0.4244  Gross: 1.4034  Gate: 0.8068
Episode 632  Reward:   0.235197  Wealth:    149367.52  Turnover: 0.3269  Gross: 1.4004  Gate: 0.8008
Episode 633  Reward:   0.114707  Wealth:    130485.70  Turnover: 0.2945  Gross: 1.4015  Gate: 0.8031
Episode 634  Reward:   0.184114  Wealth:    141024.70  Turnover: 0.3743  Gross: 1.4045  Gate: 0.8090
Episode 635  Reward:  -0.248230  Wealth:     85889.79  Turnover: 0.5054  Gross: 1.4011  Gate: 0.8021
Episode 636  Reward:   0.223360  Wealth:    147157.67  Turnover: 0.3915  Gross: 1.3909  Gate: 0.7818
Episode 637  Reward:  -0.071493  Wealth:     99017.25  Turnover: 0.4064  Gross: 1.3954  Gate: 0.7908
Episode 638  Reward:   0.059940  Wealth:    117947.00  Turnover: 0.4774  Gross: 1.4074  Gate: 0.8147
Episode 639  Reward:   0.296794  Wealth:    164482.50  Turnover: 0.3466  Gross: 1.4029  Gate: 0.8059
Episode 640  Reward:   0.004586  Wealth:    111528.80  Turnover: 0.4969  Gross: 1.3944  Gate: 0.7889
Episode    640  AvgReward:   0.087797  Noise: 0.0417
Episode 641  Reward:   0.012833  Wealth:    112558.21  Turnover: 0.6420  Gross: 1.4045  Gate: 0.8089
Episode 642  Reward:   0.463423  Wealth:    223946.55  Turnover: 0.5737  Gross: 1.3995  Gate: 0.7990
Episode 643  Reward:   0.060746  Wealth:    117533.13  Turnover: 0.5272  Gross: 1.3995  Gate: 0.7991
Episode 644  Reward:   0.118878  Wealth:    124644.21  Turnover: 0.4791  Gross: 1.3947  Gate: 0.7894
Episode 645  Reward:   0.239121  Wealth:    152756.57  Turnover: 0.4209  Gross: 1.4026  Gate: 0.8051
Episode 646  Reward:   0.136682  Wealth:    130349.35  Turnover: 0.5787  Gross: 1.4042  Gate: 0.8084
Episode 647  Reward:   0.121095  Wealth:    128069.48  Turnover: 0.2449  Gross: 1.3964  Gate: 0.7928
Episode 648  Reward:  -0.212199  Wealth:     91006.89  Turnover: 0.2858  Gross: 1.4051  Gate: 0.8101
Episode 649  Reward:   0.101628  Wealth:    123284.50  Turnover: 0.5648  Gross: 1.3949  Gate: 0.7898
Episode 650  Reward:  -0.111832  Wealth:     96614.00  Turnover: 0.6609  Gross: 1.3954  Gate: 0.7907
Episode    650  AvgReward:   0.093038  Noise: 0.0409
Episode 651  Reward:  -0.014920  Wealth:    109437.84  Turnover: 0.6157  Gross: 1.3981  Gate: 0.7961
Episode 652  Reward:   0.092672  Wealth:    120037.72  Turnover: 0.3938  Gross: 1.3973  Gate: 0.7945
Episode 653  Reward:   0.088105  Wealth:    119002.41  Turnover: 0.4707  Gross: 1.3969  Gate: 0.7938
Episode 654  Reward:   0.106817  Wealth:    122333.05  Turnover: 0.4911  Gross: 1.3882  Gate: 0.7764
Episode 655  Reward:   0.134793  Wealth:    128926.00  Turnover: 0.9344  Gross: 1.4019  Gate: 0.8037
Episode 656  Reward:   0.210124  Wealth:    145116.10  Turnover: 0.5954  Gross: 1.3952  Gate: 0.7905
Episode 657  Reward:   0.159842  Wealth:    136918.73  Turnover: 0.2937  Gross: 1.4022  Gate: 0.8045
Episode 658  Reward:   0.207280  Wealth:    147915.25  Turnover: 0.3334  Gross: 1.3974  Gate: 0.7948
Episode 659  Reward:   0.124409  Wealth:    130542.97  Turnover: 0.4011  Gross: 1.3953  Gate: 0.7906
Episode 660  Reward:  -0.063935  Wealth:    101511.83  Turnover: 0.4231  Gross: 1.3965  Gate: 0.7929
Episode    660  AvgReward:   0.104519  Noise: 0.0401
Episode 661  Reward:   0.257917  Wealth:    148655.85  Turnover: 0.6314  Gross: 1.3933  Gate: 0.7866
Episode 662  Reward:   0.327980  Wealth:    170677.47  Turnover: 0.5360  Gross: 1.3876  Gate: 0.7753
Episode 663  Reward:   0.123000  Wealth:    125777.30  Turnover: 0.5781  Gross: 1.4080  Gate: 0.8159
Episode 664  Reward:   0.055118  Wealth:    118528.23  Turnover: 0.2754  Gross: 1.3994  Gate: 0.7989
Episode 665  Reward:  -0.016101  Wealth:    109584.35  Turnover: 0.4332  Gross: 1.3984  Gate: 0.7967
Episode 666  Reward:  -0.000088  Wealth:    109998.91  Turnover: 0.4676  Gross: 1.4074  Gate: 0.8147
Episode 667  Reward:   0.130909  Wealth:    125120.22  Turnover: 0.3616  Gross: 1.3973  Gate: 0.7945
Episode 668  Reward:   0.178987  Wealth:    140532.62  Turnover: 0.5132  Gross: 1.4027  Gate: 0.8054
Episode 669  Reward:   0.096555  Wealth:    125635.04  Turnover: 0.3827  Gross: 1.3983  Gate: 0.7966
Episode 670  Reward:   0.252303  Wealth:    150068.42  Turnover: 0.2171  Gross: 1.3934  Gate: 0.7868
Episode    670  AvgReward:   0.140658  Noise: 0.0393
Episode 671  Reward:   0.115330  Wealth:    127920.02  Turnover: 0.3815  Gross: 1.4019  Gate: 0.8038
Episode 672  Reward:   0.185843  Wealth:    141928.72  Turnover: 0.3704  Gross: 1.4036  Gate: 0.8073
Episode 673  Reward:   0.129521  Wealth:    127339.80  Turnover: 0.2975  Gross: 1.4021  Gate: 0.8042
Episode 674  Reward:   0.239067  Wealth:    146348.91  Turnover: 0.7002  Gross: 1.3898  Gate: 0.7796
Episode 675  Reward:   0.176585  Wealth:    137080.43  Turnover: 0.3005  Gross: 1.3967  Gate: 0.7934
Episode 676  Reward:  -0.153853  Wealth:     96074.55  Turnover: 0.4925  Gross: 1.3963  Gate: 0.7927
Episode 677  Reward:   0.126351  Wealth:    127364.02  Turnover: 0.5946  Gross: 1.3956  Gate: 0.7913
Episode 678  Reward:  -0.015976  Wealth:    109640.36  Turnover: 0.3805  Gross: 1.4017  Gate: 0.8033
Episode 679  Reward:   0.187066  Wealth:    140260.24  Turnover: 0.4605  Gross: 1.3989  Gate: 0.7979
Episode 680  Reward:   0.196532  Wealth:    138639.62  Turnover: 0.5608  Gross: 1.3949  Gate: 0.7898
Episode    680  AvgReward:   0.118647  Noise: 0.0385
Episode 681  Reward:   0.239851  Wealth:    149481.61  Turnover: 0.5751  Gross: 1.3938  Gate: 0.7876
Episode 682  Reward:   0.112745  Wealth:    125101.82  Turnover: 0.4244  Gross: 1.4107  Gate: 0.8214
Episode 683  Reward:   0.296402  Wealth:    158888.16  Turnover: 0.5133  Gross: 1.3943  Gate: 0.7885
Episode 684  Reward:   0.049938  Wealth:    119884.80  Turnover: 0.3157  Gross: 1.4069  Gate: 0.8138
Episode 685  Reward:   0.185831  Wealth:    142228.70  Turnover: 0.4289  Gross: 1.4057  Gate: 0.8113
Episode 686  Reward:  -0.220745  Wealth:     87417.16  Turnover: 0.2841  Gross: 1.4029  Gate: 0.8058
Episode 687  Reward:   0.167558  Wealth:    133859.16  Turnover: 0.4304  Gross: 1.3994  Gate: 0.7987
Episode 688  Reward:   0.206587  Wealth:    140575.02  Turnover: 0.3886  Gross: 1.4042  Gate: 0.8085
Episode 689  Reward:   0.188383  Wealth:    139736.18  Turnover: 0.6165  Gross: 1.3955  Gate: 0.7909
Episode 690  Reward:   0.027011  Wealth:    116289.64  Turnover: 0.3606  Gross: 1.3980  Gate: 0.7959
Episode    690  AvgReward:   0.125356  Noise: 0.0378
Episode 691  Reward:   0.019454  Wealth:    112968.33  Turnover: 0.5906  Gross: 1.3820  Gate: 0.7641
Episode 692  Reward:  -0.069065  Wealth:    103241.38  Turnover: 0.5843  Gross: 1.4010  Gate: 0.8020
Episode 693  Reward:   0.012447  Wealth:    110461.47  Turnover: 0.5807  Gross: 1.4018  Gate: 0.8037
Episode 694  Reward:   0.222689  Wealth:    142928.60  Turnover: 0.5149  Gross: 1.3896  Gate: 0.7793
Episode 695  Reward:   0.175435  Wealth:    136783.80  Turnover: 0.3711  Gross: 1.3988  Gate: 0.7975
Episode 696  Reward:   0.173311  Wealth:    136259.52  Turnover: 0.5480  Gross: 1.3955  Gate: 0.7909
Episode 697  Reward:  -0.099581  Wealth:     98013.14  Turnover: 0.3011  Gross: 1.4008  Gate: 0.8015
Episode 698  Reward:   0.218618  Wealth:    141448.10  Turnover: 0.2735  Gross: 1.4035  Gate: 0.8071
Episode 699  Reward:   0.103212  Wealth:    126314.82  Turnover: 0.4382  Gross: 1.4037  Gate: 0.8073
Episode 700  Reward:   0.106420  Wealth:    126093.07  Turnover: 0.4401  Gross: 1.3973  Gate: 0.7945
Episode    700  AvgReward:   0.086294  Noise: 0.0370
Episode 701  Reward:   0.286247  Wealth:    161537.33  Turnover: 0.7813  Gross: 1.3973  Gate: 0.7945
Episode 702  Reward:   0.204427  Wealth:    141488.93  Turnover: 0.2377  Gross: 1.4033  Gate: 0.8066
Episode 703  Reward:   0.038908  Wealth:    113229.83  Turnover: 0.5749  Gross: 1.3974  Gate: 0.7948
Episode 704  Reward:  -0.055790  Wealth:    104695.29  Turnover: 0.7402  Gross: 1.3928  Gate: 0.7856
Episode 705  Reward:  -0.002986  Wealth:    113063.02  Turnover: 0.3368  Gross: 1.4078  Gate: 0.8156
Episode 706  Reward:   0.160045  Wealth:    132457.45  Turnover: 0.6430  Gross: 1.3967  Gate: 0.7935
Episode 707  Reward:   0.281969  Wealth:    157760.85  Turnover: 0.4251  Gross: 1.3974  Gate: 0.7947
Episode 708  Reward:  -0.020193  Wealth:    106581.63  Turnover: 0.5585  Gross: 1.3960  Gate: 0.7921
Episode 709  Reward:   0.153169  Wealth:    133691.77  Turnover: 0.2922  Gross: 1.4043  Gate: 0.8086
Episode 710  Reward:   0.168137  Wealth:    133024.06  Turnover: 0.3404  Gross: 1.3934  Gate: 0.7867
Episode    710  AvgReward:   0.121393  Noise: 0.0363
Episode 711  Reward:   0.064263  Wealth:    119224.74  Turnover: 0.5787  Gross: 1.3968  Gate: 0.7936
Episode 712  Reward:   0.154731  Wealth:    131668.79  Turnover: 0.4536  Gross: 1.4092  Gate: 0.8184
Episode 713  Reward:   0.102183  Wealth:    122308.79  Turnover: 0.2553  Gross: 1.3957  Gate: 0.7914
Episode 714  Reward:   0.034552  Wealth:    114738.79  Turnover: 0.2531  Gross: 1.3991  Gate: 0.7982
Episode 715  Reward:   0.109023  Wealth:    125196.25  Turnover: 0.3693  Gross: 1.3966  Gate: 0.7932
Episode 716  Reward:   0.283839  Wealth:    158562.46  Turnover: 0.5918  Gross: 1.3846  Gate: 0.7693
Episode 717  Reward:   0.301301  Wealth:    161861.39  Turnover: 0.5853  Gross: 1.3974  Gate: 0.7948
Episode 718  Reward:   0.154578  Wealth:    129577.53  Turnover: 0.5121  Gross: 1.4090  Gate: 0.8181
Episode 719  Reward:   0.020716  Wealth:    110610.44  Turnover: 0.5176  Gross: 1.4008  Gate: 0.8016
Episode 720  Reward:   0.102341  Wealth:    123335.57  Turnover: 0.2338  Gross: 1.3866  Gate: 0.7732
Episode    720  AvgReward:   0.132753  Noise: 0.0356
Episode 721  Reward:   0.215100  Wealth:    141885.39  Turnover: 0.4336  Gross: 1.3707  Gate: 0.7415
Episode 722  Reward:  -0.015282  Wealth:    109690.47  Turnover: 0.5960  Gross: 1.3959  Gate: 0.7918
Episode 723  Reward:   0.277564  Wealth:    159810.79  Turnover: 0.6700  Gross: 1.4015  Gate: 0.8029
Episode 724  Reward:   0.135946  Wealth:    131165.17  Turnover: 0.4141  Gross: 1.4062  Gate: 0.8125
Episode 725  Reward:   0.200882  Wealth:    140337.05  Turnover: 0.3514  Gross: 1.4054  Gate: 0.8107
Episode 726  Reward:  -0.016720  Wealth:    106830.86  Turnover: 0.6281  Gross: 1.3789  Gate: 0.7578
Episode 727  Reward:   0.021634  Wealth:    112137.54  Turnover: 0.4934  Gross: 1.4033  Gate: 0.8065
Episode 728  Reward:   0.195721  Wealth:    139441.15  Turnover: 0.3251  Gross: 1.4009  Gate: 0.8018
Episode 729  Reward:  -0.041236  Wealth:    105917.62  Turnover: 0.5670  Gross: 1.3957  Gate: 0.7914
Episode 730  Reward:  -0.020464  Wealth:    106943.77  Turnover: 0.6959  Gross: 1.4008  Gate: 0.8016
Episode    730  AvgReward:   0.095314  Noise: 0.0349
Episode 731  Reward:  -0.091487  Wealth:    100751.85  Turnover: 0.5430  Gross: 1.3998  Gate: 0.7996
Episode 732  Reward:   0.240030  Wealth:    146433.45  Turnover: 0.4506  Gross: 1.3984  Gate: 0.7969
Episode 733  Reward:   0.178329  Wealth:    134477.58  Turnover: 0.6999  Gross: 1.3984  Gate: 0.7968
Episode 734  Reward:   0.197684  Wealth:    140197.98  Turnover: 0.5747  Gross: 1.3988  Gate: 0.7976
Episode 735  Reward:   0.095954  Wealth:    122044.56  Turnover: 0.7485  Gross: 1.4017  Gate: 0.8035
Episode 736  Reward:   0.083674  Wealth:    121993.27  Turnover: 0.4994  Gross: 1.4025  Gate: 0.8051
Episode 737  Reward:   0.031926  Wealth:    112930.79  Turnover: 0.3790  Gross: 1.3989  Gate: 0.7978
Episode 738  Reward:   0.167785  Wealth:    135294.40  Turnover: 0.4680  Gross: 1.4014  Gate: 0.8028
Episode 739  Reward:   0.140785  Wealth:    127767.77  Turnover: 0.6604  Gross: 1.3986  Gate: 0.7972
Episode 740  Reward:   0.065030  Wealth:    117324.62  Turnover: 0.7393  Gross: 1.4043  Gate: 0.8086
Episode    740  AvgReward:   0.110971  Noise: 0.0342
Episode 741  Reward:   0.152737  Wealth:    133057.92  Turnover: 0.4430  Gross: 1.4043  Gate: 0.8087
Episode 742  Reward:   0.131759  Wealth:    127046.34  Turnover: 0.4594  Gross: 1.4028  Gate: 0.8056
Episode 743  Reward:  -0.022990  Wealth:    105726.76  Turnover: 0.4331  Gross: 1.3967  Gate: 0.7934
Episode 744  Reward:   0.054336  Wealth:    118673.43  Turnover: 0.5109  Gross: 1.3989  Gate: 0.7979
Episode 745  Reward:  -0.010997  Wealth:    109024.13  Turnover: 0.5913  Gross: 1.4026  Gate: 0.8053
Episode 746  Reward:   0.021050  Wealth:    111316.31  Turnover: 0.6064  Gross: 1.3991  Gate: 0.7981
Episode 747  Reward:   0.014112  Wealth:    111460.95  Turnover: 0.5432  Gross: 1.3934  Gate: 0.7867
Episode 748  Reward:   0.115416  Wealth:    125847.97  Turnover: 0.5456  Gross: 1.3994  Gate: 0.7988
Episode 749  Reward:  -0.063555  Wealth:    104015.51  Turnover: 0.5993  Gross: 1.3973  Gate: 0.7946
Episode 750  Reward:   0.011889  Wealth:    111779.75  Turnover: 0.5227  Gross: 1.4000  Gate: 0.7999
Episode    750  AvgReward:   0.040376  Noise: 0.0335
Episode 751  Reward:   0.324664  Wealth:    166642.61  Turnover: 0.6916  Gross: 1.3967  Gate: 0.7935
Episode 752  Reward:  -0.052640  Wealth:    103524.70  Turnover: 0.4951  Gross: 1.3955  Gate: 0.7909
Episode 753  Reward:  -0.136205  Wealth:     95186.33  Turnover: 0.6383  Gross: 1.3958  Gate: 0.7917
Episode 754  Reward:   0.128364  Wealth:    126011.29  Turnover: 0.5367  Gross: 1.3963  Gate: 0.7925
Episode 755  Reward:   0.047843  Wealth:    114720.16  Turnover: 0.2183  Gross: 1.3991  Gate: 0.7983
Episode 756  Reward:   0.222596  Wealth:    146629.53  Turnover: 0.4463  Gross: 1.3983  Gate: 0.7966
Episode 757  Reward:   0.155212  Wealth:    132059.60  Turnover: 0.4837  Gross: 1.3851  Gate: 0.7703
Episode 758  Reward:   0.267085  Wealth:    155106.55  Turnover: 0.5005  Gross: 1.4039  Gate: 0.8079
Episode 759  Reward:  -0.085288  Wealth:    101878.10  Turnover: 0.5204  Gross: 1.3930  Gate: 0.7860
Episode 760  Reward:  -0.014991  Wealth:    108474.34  Turnover: 0.5825  Gross: 1.4029  Gate: 0.8058
Episode    760  AvgReward:   0.085664  Noise: 0.0328
Episode 761  Reward:   0.157854  Wealth:    132072.25  Turnover: 0.6683  Gross: 1.3915  Gate: 0.7830
Episode 762  Reward:   0.153235  Wealth:    133533.99  Turnover: 0.3571  Gross: 1.4035  Gate: 0.8071
Episode 763  Reward:   0.089596  Wealth:    122481.26  Turnover: 0.6328  Gross: 1.4008  Gate: 0.8016
Episode 764  Reward:   0.140040  Wealth:    128212.10  Turnover: 0.8393  Gross: 1.4037  Gate: 0.8074
Episode 765  Reward:   0.201307  Wealth:    138666.39  Turnover: 0.5003  Gross: 1.3953  Gate: 0.7907
Episode 766  Reward:   0.171040  Wealth:    135072.16  Turnover: 0.6660  Gross: 1.3980  Gate: 0.7959
Episode 767  Reward:   0.215298  Wealth:    142953.14  Turnover: 0.6978  Gross: 1.3957  Gate: 0.7914
Episode 768  Reward:  -0.064182  Wealth:    101668.75  Turnover: 0.5583  Gross: 1.3926  Gate: 0.7852
Episode 769  Reward:   0.261042  Wealth:    154585.68  Turnover: 0.8265  Gross: 1.4032  Gate: 0.8063
Episode 770  Reward:   0.156371  Wealth:    131452.34  Turnover: 0.5023  Gross: 1.3999  Gate: 0.7997
Episode    770  AvgReward:   0.148160  Noise: 0.0322
Episode 771  Reward:  -0.065154  Wealth:    102541.29  Turnover: 0.6519  Gross: 1.3917  Gate: 0.7834
Episode 772  Reward:   0.017233  Wealth:    112238.24  Turnover: 0.3858  Gross: 1.3906  Gate: 0.7812
Episode 773  Reward:   0.244853  Wealth:    147248.54  Turnover: 0.6042  Gross: 1.3904  Gate: 0.7808
Episode 774  Reward:   0.080142  Wealth:    121922.12  Turnover: 0.5402  Gross: 1.3954  Gate: 0.7909
Episode 775  Reward:   0.043660  Wealth:    115755.39  Turnover: 0.4993  Gross: 1.3967  Gate: 0.7934
Episode 776  Reward:  -0.077489  Wealth:    101429.59  Turnover: 0.3507  Gross: 1.4067  Gate: 0.8135
Episode 777  Reward:  -0.043670  Wealth:    104998.92  Turnover: 0.5820  Gross: 1.4039  Gate: 0.8077
Episode 778  Reward:   0.139030  Wealth:    129012.39  Turnover: 0.2859  Gross: 1.3897  Gate: 0.7795
Episode 779  Reward:   0.266019  Wealth:    152868.39  Turnover: 0.4789  Gross: 1.4002  Gate: 0.8004
Episode 780  Reward:   0.043951  Wealth:    114325.74  Turnover: 0.4696  Gross: 1.4007  Gate: 0.8014
Episode    780  AvgReward:   0.064858  Noise: 0.0315
Episode 781  Reward:   0.116939  Wealth:    126677.62  Turnover: 0.5499  Gross: 1.4061  Gate: 0.8123
Episode 782  Reward:   0.091580  Wealth:    121095.11  Turnover: 0.6891  Gross: 1.3951  Gate: 0.7902
Episode 783  Reward:   0.164818  Wealth:    132890.68  Turnover: 0.4966  Gross: 1.4039  Gate: 0.8078
Episode 784  Reward:   0.210340  Wealth:    140751.72  Turnover: 0.5480  Gross: 1.3982  Gate: 0.7964
Episode 785  Reward:   0.246564  Wealth:    145754.33  Turnover: 0.3781  Gross: 1.3939  Gate: 0.7878
Episode 786  Reward:   0.116541  Wealth:    123821.97  Turnover: 0.5336  Gross: 1.4048  Gate: 0.8096
Episode 787  Reward:   0.058591  Wealth:    114028.66  Turnover: 0.3359  Gross: 1.3995  Gate: 0.7990
Episode 788  Reward:   0.218839  Wealth:    139826.49  Turnover: 0.3349  Gross: 1.3784  Gate: 0.7567
Episode 789  Reward:  -0.110949  Wealth:     96942.49  Turnover: 0.8042  Gross: 1.3932  Gate: 0.7864
Episode 790  Reward:   0.173659  Wealth:    131977.92  Turnover: 0.4142  Gross: 1.4002  Gate: 0.8003
Episode    790  AvgReward:   0.128692  Noise: 0.0309
Episode 791  Reward:   0.124464  Wealth:    129286.13  Turnover: 0.6875  Gross: 1.3900  Gate: 0.7800
Episode 792  Reward:   0.042733  Wealth:    113121.14  Turnover: 0.6314  Gross: 1.4041  Gate: 0.8083
Episode 793  Reward:   0.131651  Wealth:    124287.00  Turnover: 0.3523  Gross: 1.3822  Gate: 0.7643
Episode 794  Reward:   0.175766  Wealth:    133222.93  Turnover: 0.4570  Gross: 1.3992  Gate: 0.7983
Episode 795  Reward:  -0.130193  Wealth:     97747.77  Turnover: 0.5752  Gross: 1.3958  Gate: 0.7917
Episode 796  Reward:   0.212083  Wealth:    142272.10  Turnover: 0.5873  Gross: 1.4013  Gate: 0.8026
Episode 797  Reward:  -0.331241  Wealth:     81581.68  Turnover: 0.4524  Gross: 1.4001  Gate: 0.8001
Episode 798  Reward:   0.384490  Wealth:    193353.10  Turnover: 0.8460  Gross: 1.3913  Gate: 0.7825
Episode 799  Reward:   0.220603  Wealth:    144131.08  Turnover: 0.6986  Gross: 1.3999  Gate: 0.7998
Episode 800  Reward:   0.266101  Wealth:    150416.43  Turnover: 0.4306  Gross: 1.3992  Gate: 0.7984
Episode    800  AvgReward:   0.109646  Noise: 0.0303
Episode 801  Reward:   0.314803  Wealth:    167954.26  Turnover: 0.8128  Gross: 1.3940  Gate: 0.7881
Episode 802  Reward:   0.098225  Wealth:    121118.61  Turnover: 0.5191  Gross: 1.3943  Gate: 0.7885
Episode 803  Reward:   0.076830  Wealth:    121758.34  Turnover: 0.6391  Gross: 1.3928  Gate: 0.7856
Episode 804  Reward:  -0.005807  Wealth:    107130.59  Turnover: 0.5533  Gross: 1.3991  Gate: 0.7983
Episode 805  Reward:   0.051495  Wealth:    115052.95  Turnover: 0.3173  Gross: 1.4022  Gate: 0.8044
Episode 806  Reward:   0.254431  Wealth:    153121.78  Turnover: 0.7292  Gross: 1.3996  Gate: 0.7992
Episode 807  Reward:   0.301196  Wealth:    160975.11  Turnover: 0.6328  Gross: 1.3996  Gate: 0.7992
Episode 808  Reward:   0.232361  Wealth:    146132.63  Turnover: 0.5660  Gross: 1.3945  Gate: 0.7890
Episode 809  Reward:   0.270795  Wealth:    156734.12  Turnover: 1.0160  Gross: 1.3928  Gate: 0.7856
Episode 810  Reward:   0.062299  Wealth:    114397.46  Turnover: 0.3720  Gross: 1.3845  Gate: 0.7691
Episode    810  AvgReward:   0.165663  Noise: 0.0297
Episode 811  Reward:   0.115383  Wealth:    124437.59  Turnover: 0.5385  Gross: 1.3878  Gate: 0.7756
Episode 812  Reward:   0.339809  Wealth:    176994.16  Turnover: 0.6117  Gross: 1.4012  Gate: 0.8024
Episode 813  Reward:  -0.000583  Wealth:    108047.69  Turnover: 0.4086  Gross: 1.4034  Gate: 0.8069
Episode 814  Reward:   0.220614  Wealth:    141113.34  Turnover: 0.7668  Gross: 1.4003  Gate: 0.8007
Episode 815  Reward:   0.292190  Wealth:    157459.31  Turnover: 0.3957  Gross: 1.3886  Gate: 0.7771
Episode 816  Reward:   0.131874  Wealth:    126813.38  Turnover: 0.4639  Gross: 1.4008  Gate: 0.8016
Episode 817  Reward:   0.133344  Wealth:    126434.43  Turnover: 0.3211  Gross: 1.3975  Gate: 0.7950
Episode 818  Reward:   0.163561  Wealth:    134799.18  Turnover: 0.6144  Gross: 1.3953  Gate: 0.7906
Episode 819  Reward:   0.102101  Wealth:    123457.23  Turnover: 0.8064  Gross: 1.3983  Gate: 0.7966
Episode 820  Reward:   0.214949  Wealth:    140991.25  Turnover: 0.4487  Gross: 1.3988  Gate: 0.7975
Episode    820  AvgReward:   0.171324  Noise: 0.0291
Episode 821  Reward:   0.066876  Wealth:    118415.63  Turnover: 0.7956  Gross: 1.4012  Gate: 0.8024
Episode 822  Reward:   0.050076  Wealth:    116815.76  Turnover: 0.7200  Gross: 1.4014  Gate: 0.8029
Episode 823  Reward:   0.257681  Wealth:    152975.51  Turnover: 0.6540  Gross: 1.4073  Gate: 0.8146
Episode 824  Reward:   0.101532  Wealth:    121043.19  Turnover: 0.3295  Gross: 1.3939  Gate: 0.7878
Episode 825  Reward:   0.230251  Wealth:    145529.42  Turnover: 0.6730  Gross: 1.3998  Gate: 0.7996
Episode 826  Reward:  -0.036896  Wealth:    106641.92  Turnover: 0.7859  Gross: 1.3949  Gate: 0.7897
Episode 827  Reward:   0.263019  Wealth:    150419.56  Turnover: 0.5592  Gross: 1.4033  Gate: 0.8066
Episode 828  Reward:   0.058476  Wealth:    115124.01  Turnover: 0.2875  Gross: 1.3843  Gate: 0.7685
Episode 829  Reward:   0.170207  Wealth:    134113.35  Turnover: 0.5865  Gross: 1.3958  Gate: 0.7916
Episode 830  Reward:   0.226956  Wealth:    142646.96  Turnover: 0.5643  Gross: 1.3982  Gate: 0.7964
Episode    830  AvgReward:   0.138818  Noise: 0.0285
Episode 831  Reward:   0.249351  Wealth:    153736.75  Turnover: 0.7936  Gross: 1.3924  Gate: 0.7848
Episode 832  Reward:   0.299281  Wealth:    162440.54  Turnover: 0.5637  Gross: 1.3927  Gate: 0.7855
Episode 833  Reward:   0.115817  Wealth:    123380.28  Turnover: 0.5322  Gross: 1.3870  Gate: 0.7739
Episode 834  Reward:   0.233983  Wealth:    145324.57  Turnover: 0.4293  Gross: 1.3994  Gate: 0.7988
Episode 835  Reward:   0.273054  Wealth:    156137.85  Turnover: 0.6714  Gross: 1.3999  Gate: 0.7998
Episode 836  Reward:   0.246267  Wealth:    150711.14  Turnover: 0.7739  Gross: 1.3912  Gate: 0.7824
Episode 837  Reward:  -0.141671  Wealth:     94856.72  Turnover: 0.5649  Gross: 1.3912  Gate: 0.7825
Episode 838  Reward:   0.126180  Wealth:    129071.92  Turnover: 0.9926  Gross: 1.3925  Gate: 0.7849
Episode 839  Reward:  -0.020225  Wealth:    106507.29  Turnover: 0.6445  Gross: 1.3964  Gate: 0.7928
Episode 840  Reward:   0.292631  Wealth:    158667.01  Turnover: 0.2366  Gross: 1.4018  Gate: 0.8036
Episode    840  AvgReward:   0.167467  Noise: 0.0280
Episode 841  Reward:  -0.008575  Wealth:    109700.45  Turnover: 0.7129  Gross: 1.4098  Gate: 0.8197
Episode 842  Reward:   0.060888  Wealth:    116749.58  Turnover: 0.6031  Gross: 1.3951  Gate: 0.7902
Episode 843  Reward:  -0.192862  Wealth:     91460.95  Turnover: 0.5715  Gross: 1.3995  Gate: 0.7991
Episode 844  Reward:   0.152341  Wealth:    128701.78  Turnover: 0.6221  Gross: 1.3975  Gate: 0.7949
Episode 845  Reward:  -0.110604  Wealth:     99292.36  Turnover: 0.7491  Gross: 1.4024  Gate: 0.8049
Episode 846  Reward:   0.177828  Wealth:    137628.01  Turnover: 0.5639  Gross: 1.3869  Gate: 0.7738
Episode 847  Reward:   0.278188  Wealth:    161330.45  Turnover: 0.7926  Gross: 1.4003  Gate: 0.8005
Episode 848  Reward:   0.028909  Wealth:    113862.05  Turnover: 0.7429  Gross: 1.4069  Gate: 0.8138
Episode 849  Reward:   0.263034  Wealth:    152485.48  Turnover: 0.3570  Gross: 1.4007  Gate: 0.8014
Episode 850  Reward:   0.033225  Wealth:    111684.32  Turnover: 0.6518  Gross: 1.3868  Gate: 0.7736
Episode    850  AvgReward:   0.068237  Noise: 0.0274
Episode 851  Reward:   0.037184  Wealth:    113076.53  Turnover: 0.3353  Gross: 1.3966  Gate: 0.7933
Episode 852  Reward:   0.257774  Wealth:    156597.33  Turnover: 0.8155  Gross: 1.4028  Gate: 0.8056
Episode 853  Reward:   0.272379  Wealth:    157306.73  Turnover: 0.6148  Gross: 1.3987  Gate: 0.7973
Episode 854  Reward:   0.109251  Wealth:    123502.63  Turnover: 0.7714  Gross: 1.4019  Gate: 0.8037
Episode 855  Reward:   0.177773  Wealth:    136973.06  Turnover: 0.7361  Gross: 1.3924  Gate: 0.7848
Episode 856  Reward:  -0.092808  Wealth:     99891.26  Turnover: 0.4467  Gross: 1.3913  Gate: 0.7825
Episode 857  Reward:   0.264773  Wealth:    153763.63  Turnover: 0.5367  Gross: 1.4057  Gate: 0.8113
Episode 858  Reward:   0.172737  Wealth:    134270.90  Turnover: 0.4431  Gross: 1.4012  Gate: 0.8024
Episode 859  Reward:   0.230481  Wealth:    147402.75  Turnover: 0.5767  Gross: 1.3963  Gate: 0.7926
Episode 860  Reward:   0.244526  Wealth:    151388.89  Turnover: 0.6308  Gross: 1.3955  Gate: 0.7910
Episode    860  AvgReward:   0.167407  Noise: 0.0269
Episode 861  Reward:   0.173161  Wealth:    135480.29  Turnover: 0.6070  Gross: 1.3957  Gate: 0.7915
Episode 862  Reward:   0.080780  Wealth:    117675.45  Turnover: 0.5850  Gross: 1.4004  Gate: 0.8009
Episode 863  Reward:  -0.091980  Wealth:    100851.71  Turnover: 0.4657  Gross: 1.3989  Gate: 0.7977
Episode 864  Reward:  -0.045980  Wealth:    103654.14  Turnover: 0.9123  Gross: 1.4003  Gate: 0.8006
Episode 865  Reward:  -0.146407  Wealth:     94805.00  Turnover: 0.8654  Gross: 1.3897  Gate: 0.7794
Episode 866  Reward:   0.118529  Wealth:    125662.89  Turnover: 0.5800  Gross: 1.3961  Gate: 0.7923
Episode 867  Reward:   0.037054  Wealth:    114871.38  Turnover: 0.7805  Gross: 1.3867  Gate: 0.7734
Episode 868  Reward:   0.244866  Wealth:    149124.72  Turnover: 0.5203  Gross: 1.4021  Gate: 0.8042
Episode 869  Reward:   0.109889  Wealth:    121712.66  Turnover: 0.6173  Gross: 1.3860  Gate: 0.7719
Episode 870  Reward:   0.176150  Wealth:    135093.98  Turnover: 0.3433  Gross: 1.3994  Gate: 0.7987
Episode    870  AvgReward:   0.065606  Noise: 0.0263
Episode 871  Reward:   0.037328  Wealth:    113962.97  Turnover: 0.5025  Gross: 1.3956  Gate: 0.7911
Episode 872  Reward:   0.226699  Wealth:    145669.72  Turnover: 0.5233  Gross: 1.3975  Gate: 0.7950
Episode 873  Reward:   0.078382  Wealth:    119723.71  Turnover: 0.5473  Gross: 1.4003  Gate: 0.8005
Episode 874  Reward:  -0.226578  Wealth:     87348.88  Turnover: 0.6949  Gross: 1.3907  Gate: 0.7815
Episode 875  Reward:   0.125748  Wealth:    128411.87  Turnover: 0.5713  Gross: 1.3976  Gate: 0.7952
Episode 876  Reward:  -0.223977  Wealth:     88318.21  Turnover: 0.4627  Gross: 1.3983  Gate: 0.7966
Episode 877  Reward:   0.223001  Wealth:    143793.45  Turnover: 0.5691  Gross: 1.4028  Gate: 0.8056
Episode 878  Reward:  -0.126705  Wealth:     95824.53  Turnover: 0.6900  Gross: 1.3983  Gate: 0.7967
Episode 879  Reward:   0.193104  Wealth:    139868.90  Turnover: 0.7619  Gross: 1.3998  Gate: 0.7996
Episode 880  Reward:  -0.141174  Wealth:     95067.18  Turnover: 0.7825  Gross: 1.3978  Gate: 0.7955
Episode    880  AvgReward:   0.016583  Noise: 0.0258
Episode 881  Reward:   0.244990  Wealth:    150915.05  Turnover: 0.3588  Gross: 1.4070  Gate: 0.8140
Episode 882  Reward:   0.139416  Wealth:    129717.71  Turnover: 0.6698  Gross: 1.3970  Gate: 0.7939
Episode 883  Reward:   0.118100  Wealth:    124011.75  Turnover: 0.6499  Gross: 1.3973  Gate: 0.7946
Episode 884  Reward:   0.003943  Wealth:    110013.84  Turnover: 0.8204  Gross: 1.3936  Gate: 0.7872
Episode 885  Reward:   0.086645  Wealth:    122680.72  Turnover: 0.7048  Gross: 1.3991  Gate: 0.7983
Episode 886  Reward:  -0.110683  Wealth:     98540.45  Turnover: 0.6603  Gross: 1.3990  Gate: 0.7981
Episode 887  Reward:   0.286874  Wealth:    159086.64  Turnover: 0.9131  Gross: 1.4024  Gate: 0.8047
Episode 888  Reward:   0.254916  Wealth:    149481.33  Turnover: 0.5392  Gross: 1.4093  Gate: 0.8186
Episode 889  Reward:   0.061745  Wealth:    115569.68  Turnover: 0.6378  Gross: 1.4024  Gate: 0.8049
Episode 890  Reward:   0.022704  Wealth:    113390.26  Turnover: 0.7470  Gross: 1.3903  Gate: 0.7806
Episode    890  AvgReward:   0.110865  Noise: 0.0253
Episode 891  Reward:   0.147981  Wealth:    132384.62  Turnover: 1.0068  Gross: 1.3879  Gate: 0.7757
Episode 892  Reward:   0.235422  Wealth:    146679.16  Turnover: 0.6044  Gross: 1.3938  Gate: 0.7877
Episode 893  Reward:   0.041658  Wealth:    115690.25  Turnover: 0.7507  Gross: 1.3914  Gate: 0.7828
Episode 894  Reward:   0.000094  Wealth:    109803.82  Turnover: 0.8511  Gross: 1.3876  Gate: 0.7752
Episode 895  Reward:   0.291070  Wealth:    158182.60  Turnover: 0.9243  Gross: 1.3964  Gate: 0.7927
Episode 896  Reward:   0.268902  Wealth:    154660.71  Turnover: 0.5097  Gross: 1.4097  Gate: 0.8193
Episode 897  Reward:  -0.002575  Wealth:    110281.91  Turnover: 0.5863  Gross: 1.3886  Gate: 0.7772
Episode 898  Reward:   0.063986  Wealth:    116496.80  Turnover: 0.7655  Gross: 1.3982  Gate: 0.7964
Episode 899  Reward:   0.316302  Wealth:    169926.10  Turnover: 0.7878  Gross: 1.3961  Gate: 0.7923
Episode 900  Reward:   0.127975  Wealth:    129694.64  Turnover: 0.2928  Gross: 1.3995  Gate: 0.7989
Episode    900  AvgReward:   0.149082  Noise: 0.0248
Episode 901  Reward:   0.122596  Wealth:    126653.34  Turnover: 0.7894  Gross: 1.3983  Gate: 0.7965
Episode 902  Reward:   0.255877  Wealth:    156470.72  Turnover: 0.9381  Gross: 1.3956  Gate: 0.7912
Episode 903  Reward:  -0.044229  Wealth:    105082.80  Turnover: 0.8218  Gross: 1.4075  Gate: 0.8150
Episode 904  Reward:   0.097450  Wealth:    122137.79  Turnover: 0.6109  Gross: 1.4006  Gate: 0.8012
Episode 905  Reward:   0.048281  Wealth:    116305.76  Turnover: 0.9180  Gross: 1.3937  Gate: 0.7873
Episode 906  Reward:   0.129928  Wealth:    127684.40  Turnover: 0.6223  Gross: 1.3981  Gate: 0.7963
Episode 907  Reward:   0.152512  Wealth:    130454.87  Turnover: 0.5999  Gross: 1.3952  Gate: 0.7904
Episode 908  Reward:   0.091397  Wealth:    120616.43  Turnover: 0.7082  Gross: 1.3944  Gate: 0.7888
Episode 909  Reward:   0.327315  Wealth:    169354.74  Turnover: 0.7894  Gross: 1.4038  Gate: 0.8076
Episode 910  Reward:   0.211213  Wealth:    139097.91  Turnover: 0.6285  Gross: 1.3975  Gate: 0.7949
Episode    910  AvgReward:   0.139234  Noise: 0.0243
Episode 911  Reward:   0.182005  Wealth:    137302.57  Turnover: 0.8552  Gross: 1.4016  Gate: 0.8031
Episode 912  Reward:   0.184128  Wealth:    136189.58  Turnover: 0.7912  Gross: 1.3986  Gate: 0.7972
Episode 913  Reward:   0.116446  Wealth:    122900.10  Turnover: 0.6653  Gross: 1.3990  Gate: 0.7981
Episode 914  Reward:   0.138182  Wealth:    126649.69  Turnover: 0.3900  Gross: 1.3978  Gate: 0.7955
Episode 915  Reward:   0.137696  Wealth:    130516.87  Turnover: 0.8351  Gross: 1.3888  Gate: 0.7777
Episode 916  Reward:   0.223810  Wealth:    141145.58  Turnover: 0.4842  Gross: 1.4000  Gate: 0.8000
Episode 917  Reward:  -0.205779  Wealth:     88338.29  Turnover: 0.4055  Gross: 1.3971  Gate: 0.7941
Episode 918  Reward:   0.121243  Wealth:    127019.16  Turnover: 0.8233  Gross: 1.3939  Gate: 0.7877
Episode 919  Reward:   0.241168  Wealth:    148932.98  Turnover: 0.5984  Gross: 1.3992  Gate: 0.7984
Episode 920  Reward:   0.109283  Wealth:    123480.71  Turnover: 0.9249  Gross: 1.3888  Gate: 0.7775
Episode    920  AvgReward:   0.124818  Noise: 0.0238
Episode 921  Reward:   0.085046  Wealth:    117937.50  Turnover: 0.6011  Gross: 1.3917  Gate: 0.7835
Episode 922  Reward:  -0.218943  Wealth:     87937.43  Turnover: 0.7526  Gross: 1.3973  Gate: 0.7946
Episode 923  Reward:   0.260088  Wealth:    147718.52  Turnover: 0.2805  Gross: 1.3872  Gate: 0.7745
Episode 924  Reward:  -0.275942  Wealth:     84088.87  Turnover: 0.7338  Gross: 1.3980  Gate: 0.7961
Episode 925  Reward:   0.363928  Wealth:    182627.08  Turnover: 0.5860  Gross: 1.3935  Gate: 0.7871
Episode 926  Reward:   0.057606  Wealth:    117331.92  Turnover: 0.6422  Gross: 1.4003  Gate: 0.8006
Episode 927  Reward:   0.020856  Wealth:    110509.79  Turnover: 0.4465  Gross: 1.3957  Gate: 0.7913
Episode 928  Reward:   0.068202  Wealth:    116788.63  Turnover: 0.6980  Gross: 1.3981  Gate: 0.7963
Episode 929  Reward:   0.197190  Wealth:    137369.97  Turnover: 0.6018  Gross: 1.3923  Gate: 0.7845
Episode 930  Reward:   0.132483  Wealth:    131050.90  Turnover: 0.4573  Gross: 1.3886  Gate: 0.7771
Episode    930  AvgReward:   0.069051  Noise: 0.0234
Episode 931  Reward:   0.266119  Wealth:    153256.10  Turnover: 0.7801  Gross: 1.4022  Gate: 0.8043
Episode 932  Reward:  -0.025957  Wealth:    107020.84  Turnover: 0.9215  Gross: 1.4026  Gate: 0.8053
Episode 933  Reward:  -0.044291  Wealth:    103648.51  Turnover: 0.8705  Gross: 1.3943  Gate: 0.7886
Episode 934  Reward:   0.075696  Wealth:    119339.18  Turnover: 0.9161  Gross: 1.4027  Gate: 0.8054
Episode 935  Reward:  -0.035382  Wealth:    105309.62  Turnover: 0.8737  Gross: 1.4028  Gate: 0.8057
Episode 936  Reward:  -0.038691  Wealth:    106311.81  Turnover: 0.7139  Gross: 1.4003  Gate: 0.8007
Episode 937  Reward:   0.126965  Wealth:    125179.95  Turnover: 0.5967  Gross: 1.3912  Gate: 0.7824
Episode 938  Reward:  -0.171508  Wealth:     91956.90  Turnover: 0.5187  Gross: 1.3979  Gate: 0.7959
Episode 939  Reward:   0.146086  Wealth:    129553.75  Turnover: 0.5362  Gross: 1.3945  Gate: 0.7889
Episode 940  Reward:   0.208223  Wealth:    140027.88  Turnover: 0.5397  Gross: 1.3985  Gate: 0.7970
Episode    940  AvgReward:   0.050726  Noise: 0.0229
Episode 941  Reward:   0.265184  Wealth:    154168.88  Turnover: 0.7207  Gross: 1.4040  Gate: 0.8079
Episode 942  Reward:   0.327161  Wealth:    170275.85  Turnover: 0.5993  Gross: 1.4035  Gate: 0.8069
Episode 943  Reward:   0.055586  Wealth:    114824.18  Turnover: 0.8054  Gross: 1.3965  Gate: 0.7930
Episode 944  Reward:   0.285307  Wealth:    159095.59  Turnover: 0.7028  Gross: 1.3928  Gate: 0.7856
Episode 945  Reward:   0.077957  Wealth:    117116.35  Turnover: 0.4477  Gross: 1.3997  Gate: 0.7993
Episode 946  Reward:  -0.058038  Wealth:    104606.08  Turnover: 0.6205  Gross: 1.3965  Gate: 0.7931
Episode 947  Reward:   0.165532  Wealth:    136236.43  Turnover: 0.6935  Gross: 1.3967  Gate: 0.7933
Episode 948  Reward:   0.119905  Wealth:    127528.55  Turnover: 0.7895  Gross: 1.3964  Gate: 0.7928
Episode 949  Reward:   0.152598  Wealth:    133798.78  Turnover: 0.6444  Gross: 1.4016  Gate: 0.8031
Episode 950  Reward:   0.262513  Wealth:    150781.42  Turnover: 0.3168  Gross: 1.4011  Gate: 0.8022
Episode    950  AvgReward:   0.165370  Noise: 0.0224
Episode 951  Reward:   0.338958  Wealth:    176504.13  Turnover: 0.9567  Gross: 1.3978  Gate: 0.7957
Episode 952  Reward:   0.139803  Wealth:    128499.28  Turnover: 0.5155  Gross: 1.4040  Gate: 0.8079
Episode 953  Reward:   0.207288  Wealth:    140252.82  Turnover: 0.4715  Gross: 1.4014  Gate: 0.8027
Episode 954  Reward:   0.192268  Wealth:    137148.12  Turnover: 0.4178  Gross: 1.4017  Gate: 0.8035
Episode 955  Reward:   0.106104  Wealth:    122125.37  Turnover: 0.8305  Gross: 1.4040  Gate: 0.8080
Episode 956  Reward:   0.068201  Wealth:    117775.52  Turnover: 0.8284  Gross: 1.3997  Gate: 0.7995
Episode 957  Reward:   0.212490  Wealth:    141249.94  Turnover: 0.7606  Gross: 1.3950  Gate: 0.7901
Episode 958  Reward:   0.077269  Wealth:    118248.17  Turnover: 0.7695  Gross: 1.3960  Gate: 0.7920
Episode 959  Reward:  -0.049614  Wealth:    103978.78  Turnover: 0.6421  Gross: 1.3909  Gate: 0.7817
Episode 960  Reward:   0.190214  Wealth:    137174.62  Turnover: 0.6599  Gross: 1.4022  Gate: 0.8044
Episode    960  AvgReward:   0.148298  Noise: 0.0220
Episode 961  Reward:   0.247042  Wealth:    149387.41  Turnover: 0.7576  Gross: 1.3973  Gate: 0.7946
Episode 962  Reward:   0.091099  Wealth:    120331.53  Turnover: 0.4851  Gross: 1.3993  Gate: 0.7986
Episode 963  Reward:  -0.158234  Wealth:     91756.60  Turnover: 0.4286  Gross: 1.3928  Gate: 0.7856
Episode 964  Reward:   0.062133  Wealth:    116476.42  Turnover: 0.8072  Gross: 1.3996  Gate: 0.7992
Episode 965  Reward:   0.175451  Wealth:    137421.03  Turnover: 0.9334  Gross: 1.3957  Gate: 0.7914
Episode 966  Reward:   0.197708  Wealth:    139692.29  Turnover: 0.7470  Gross: 1.4008  Gate: 0.8015
Episode 967  Reward:   0.106242  Wealth:    124874.65  Turnover: 0.8925  Gross: 1.3871  Gate: 0.7742
Episode 968  Reward:   0.196333  Wealth:    137811.87  Turnover: 0.5893  Gross: 1.4071  Gate: 0.8142
Episode 969  Reward:  -0.072868  Wealth:    102340.20  Turnover: 0.5034  Gross: 1.3998  Gate: 0.7995
Episode 970  Reward:   0.091161  Wealth:    121469.42  Turnover: 0.7208  Gross: 1.3993  Gate: 0.7985
Episode    970  AvgReward:   0.093607  Noise: 0.0216
Episode 971  Reward:   0.311028  Wealth:    166520.37  Turnover: 0.6763  Gross: 1.4000  Gate: 0.7999
Episode 972  Reward:   0.202564  Wealth:    138230.86  Turnover: 0.4527  Gross: 1.3993  Gate: 0.7986
Episode 973  Reward:   0.209007  Wealth:    138360.42  Turnover: 0.4212  Gross: 1.3991  Gate: 0.7982
Episode 974  Reward:  -0.011481  Wealth:    106499.81  Turnover: 0.3114  Gross: 1.4021  Gate: 0.8042
Episode 975  Reward:   0.164915  Wealth:    132717.94  Turnover: 0.5908  Gross: 1.4025  Gate: 0.8050
Episode 976  Reward:   0.408713  Wealth:    194613.75  Turnover: 0.7043  Gross: 1.3958  Gate: 0.7917
Episode 977  Reward:   0.123435  Wealth:    124398.44  Turnover: 0.5621  Gross: 1.3981  Gate: 0.7962
Episode 978  Reward:   0.347327  Wealth:    173210.52  Turnover: 0.4525  Gross: 1.3989  Gate: 0.7978
Episode 979  Reward:   0.001886  Wealth:    109568.46  Turnover: 0.7599  Gross: 1.3969  Gate: 0.7938
Episode 980  Reward:   0.206906  Wealth:    139763.39  Turnover: 0.7503  Gross: 1.3993  Gate: 0.7985
Episode    980  AvgReward:   0.196430  Noise: 0.0211
Episode 981  Reward:  -0.215729  Wealth:     89575.37  Turnover: 1.0466  Gross: 1.3978  Gate: 0.7956
Episode 982  Reward:   0.249118  Wealth:    148819.58  Turnover: 0.7658  Gross: 1.3950  Gate: 0.7899
Episode 983  Reward:   0.131530  Wealth:    126794.76  Turnover: 0.5996  Gross: 1.4088  Gate: 0.8176
Episode 984  Reward:   0.264189  Wealth:    154228.26  Turnover: 0.6239  Gross: 1.4015  Gate: 0.8030
Episode 985  Reward:   0.174447  Wealth:    132372.87  Turnover: 0.4001  Gross: 1.3915  Gate: 0.7831
Episode 986  Reward:  -0.122919  Wealth:     95377.53  Turnover: 0.4810  Gross: 1.3990  Gate: 0.7979
Episode 987  Reward:   0.084657  Wealth:    118522.61  Turnover: 0.3707  Gross: 1.3996  Gate: 0.7992
Episode 988  Reward:  -0.135163  Wealth:     94907.48  Turnover: 0.6302  Gross: 1.3999  Gate: 0.7997
Episode 989  Reward:   0.112507  Wealth:    123936.03  Turnover: 0.7575  Gross: 1.4013  Gate: 0.8026
Episode 990  Reward:   0.115662  Wealth:    126305.01  Turnover: 0.4092  Gross: 1.4008  Gate: 0.8015
Episode    990  AvgReward:   0.065830  Noise: 0.0207
Episode 991  Reward:   0.052353  Wealth:    116137.90  Turnover: 0.8446  Gross: 1.3942  Gate: 0.7884
Episode 992  Reward:   0.186396  Wealth:    137452.61  Turnover: 0.4562  Gross: 1.4067  Gate: 0.8134
Episode 993  Reward:   0.038207  Wealth:    115438.53  Turnover: 0.6080  Gross: 1.3971  Gate: 0.7942
Episode 994  Reward:   0.218661  Wealth:    141188.08  Turnover: 0.7059  Gross: 1.3957  Gate: 0.7915
Episode 995  Reward:   0.179035  Wealth:    137042.05  Turnover: 0.8888  Gross: 1.3930  Gate: 0.7861
Episode 996  Reward:   0.174888  Wealth:    133688.53  Turnover: 0.7869  Gross: 1.4006  Gate: 0.8011
Episode 997  Reward:   0.120316  Wealth:    124112.12  Turnover: 0.4831  Gross: 1.4047  Gate: 0.8093
Episode 998  Reward:   0.075056  Wealth:    119953.93  Turnover: 0.5584  Gross: 1.4095  Gate: 0.8189
Episode 999  Reward:   0.062342  Wealth:    115933.97  Turnover: 0.4082  Gross: 1.3963  Gate: 0.7927
Episode 1000  Reward:  -0.028641  Wealth:    105786.87  Turnover: 0.7938  Gross: 1.4003  Gate: 0.8006
Episode   1000  AvgReward:   0.107861  Noise: 0.0203
TRAIN STAGE COMPLETE
PRE-TRAINING BEHAVIOUR GATE PASSED on deterministic held-in episodes: mean_leverage_gate=0.7982, fraction_at_gross_cap=0.0000, gate_gross_mae=0.0000, mean_turnover=0.6418, max_position_limit_violation=0.0000, mean_normalized_direction_entropy=0.8687, q05_normalized_direction_entropy=0.7845, mean_effective_positions=4.2674
Pre-training complete. Agent saved.

============================================================
Stage 2: Fine-tuning on Real Data

============================================================
============================================================
STAGE 2: FINE-TUNING
============================================================
============================================================
TRAIN STAGE STARTED: stage=finetune_selection, episodes=37, batch_size=64, updates_per_step=1
============================================================
Episode 1  Reward:   0.191619  Wealth:    136702.79  Turnover: 0.6504  Gross: 1.4027  Gate: 0.8053
Episode 2  Reward:   0.161548  Wealth:    131022.71  Turnover: 0.4976  Gross: 1.3991  Gate: 0.7981
Episode 3  Reward:   0.131842  Wealth:    126204.11  Turnover: 0.5645  Gross: 1.4043  Gate: 0.8086
Episode 4  Reward:   0.211220  Wealth:    142424.35  Turnover: 0.7806  Gross: 1.3963  Gate: 0.7925
Episode 5  Reward:   0.188953  Wealth:    138362.63  Turnover: 0.7988  Gross: 1.3986  Gate: 0.7972
Episode 6  Reward:   0.031893  Wealth:    113448.98  Turnover: 0.5887  Gross: 1.4025  Gate: 0.8051
Episode 7  Reward:   0.206927  Wealth:    139475.15  Turnover: 0.6502  Gross: 1.4035  Gate: 0.8069
Episode 8  Reward:   0.208217  Wealth:    141163.10  Turnover: 0.7255  Gross: 1.3991  Gate: 0.7982
Episode 9  Reward:   0.142914  Wealth:    128687.47  Turnover: 0.5155  Gross: 1.4032  Gate: 0.8063
Episode 10  Reward:   0.227877  Wealth:    143781.18  Turnover: 0.6037  Gross: 1.4027  Gate: 0.8054
Episode 11  Reward:   0.129356  Wealth:    125581.99  Turnover: 0.4345  Gross: 1.3970  Gate: 0.7940
Episode 12  Reward:   0.114413  Wealth:    123533.59  Turnover: 0.4496  Gross: 1.3948  Gate: 0.7896
Episode 13  Reward:   0.188663  Wealth:    136843.82  Turnover: 0.5997  Gross: 1.4078  Gate: 0.8156
Episode 14  Reward:   0.285087  Wealth:    158539.22  Turnover: 0.6884  Gross: 1.4020  Gate: 0.8040
Episode 15  Reward:   0.211500  Wealth:    141148.00  Turnover: 0.6046  Gross: 1.4109  Gate: 0.8218
Episode 16  Reward:   0.140118  Wealth:    129891.38  Turnover: 0.8631  Gross: 1.3973  Gate: 0.7946
Episode 17  Reward:   0.212462  Wealth:    141811.05  Turnover: 0.7209  Gross: 1.3990  Gate: 0.7981
Episode 18  Reward:   0.299980  Wealth:    162240.42  Turnover: 0.7694  Gross: 1.4018  Gate: 0.8037
Episode 19  Reward:   0.159429  Wealth:    132551.70  Turnover: 0.6749  Gross: 1.3983  Gate: 0.7967
Episode 20  Reward:   0.144581  Wealth:    127594.11  Turnover: 0.5324  Gross: 1.4015  Gate: 0.8030
Episode 21  Reward:   0.157136  Wealth:    130303.63  Turnover: 0.5434  Gross: 1.4068  Gate: 0.8137
Episode 22  Reward:   0.176190  Wealth:    135101.72  Turnover: 0.6634  Gross: 1.4084  Gate: 0.8169
Episode 23  Reward:   0.193011  Wealth:    138112.13  Turnover: 0.7313  Gross: 1.4080  Gate: 0.8160
Episode 24  Reward:   0.292971  Wealth:    159276.61  Turnover: 0.6943  Gross: 1.4037  Gate: 0.8073
Episode 25  Reward:   0.047092  Wealth:    115077.71  Turnover: 0.6063  Gross: 1.3991  Gate: 0.7982
Episode 26  Reward:   0.253371  Wealth:    149254.91  Turnover: 0.6270  Gross: 1.4030  Gate: 0.8059
Episode 27  Reward:   0.214882  Wealth:    143844.32  Turnover: 0.9225  Gross: 1.3991  Gate: 0.7982
Episode 28  Reward:   0.222594  Wealth:    144184.48  Turnover: 0.7584  Gross: 1.4028  Gate: 0.8057
Episode 29  Reward:   0.246623  Wealth:    148739.03  Turnover: 0.6397  Gross: 1.4025  Gate: 0.8051
Episode 30  Reward:   0.098836  Wealth:    121559.70  Turnover: 0.6346  Gross: 1.4054  Gate: 0.8108
Episode 31  Reward:   0.175640  Wealth:    136678.88  Turnover: 0.8459  Gross: 1.3981  Gate: 0.7962
Episode 32  Reward:   0.369146  Wealth:    184746.73  Turnover: 0.7700  Gross: 1.4013  Gate: 0.8025
Episode 33  Reward:   0.253980  Wealth:    151882.23  Turnover: 0.7311  Gross: 1.4003  Gate: 0.8005
Episode 34  Reward:   0.232672  Wealth:    145981.36  Turnover: 0.5766  Gross: 1.4022  Gate: 0.8044
Episode 35  Reward:   0.216709  Wealth:    142755.26  Turnover: 0.7605  Gross: 1.4057  Gate: 0.8114
Episode 36  Reward:   0.186418  Wealth:    136990.54  Turnover: 0.5181  Gross: 1.4037  Gate: 0.8074
Episode 37  Reward:   0.133630  Wealth:    128177.04  Turnover: 0.6515  Gross: 1.4004  Gate: 0.8009
Episode     37  AvgReward:   0.190797  Noise: 0.0417
TRAIN STAGE COMPLETE
VALIDATION pass=1 reward=0.289112 wealth=159272.88 turnover=0.5678 gross=1.4012
============================================================
TRAIN STAGE STARTED: stage=finetune_refit_all, episodes=61, batch_size=64, updates_per_step=1
============================================================
Episode 1  Reward:   0.265076  Wealth:    150912.22  Turnover: 0.6373  Gross: 1.4030  Gate: 0.8061
Episode 2  Reward:   0.143344  Wealth:    127093.62  Turnover: 0.3844  Gross: 1.3883  Gate: 0.7766
Episode 3  Reward:   0.105881  Wealth:    122880.05  Turnover: 0.6719  Gross: 1.4065  Gate: 0.8130
Episode 4  Reward:   0.142532  Wealth:    127767.40  Turnover: 0.5572  Gross: 1.3972  Gate: 0.7944
Episode 5  Reward:   0.116650  Wealth:    123105.70  Turnover: 0.5024  Gross: 1.4016  Gate: 0.8031
Episode 6  Reward:   0.038591  Wealth:    112212.52  Turnover: 0.4682  Gross: 1.4009  Gate: 0.8018
Episode 7  Reward:   0.203281  Wealth:    139639.80  Turnover: 0.7227  Gross: 1.3972  Gate: 0.7943
Episode 8  Reward:   0.050979  Wealth:    115615.54  Turnover: 0.7278  Gross: 1.3983  Gate: 0.7965
Episode 9  Reward:   0.072438  Wealth:    118293.78  Turnover: 0.6814  Gross: 1.3988  Gate: 0.7976
Episode 10  Reward:   0.087317  Wealth:    120543.93  Turnover: 0.7559  Gross: 1.4017  Gate: 0.8034
Episode 11  Reward:   0.102120  Wealth:    124355.68  Turnover: 0.8258  Gross: 1.4032  Gate: 0.8065
Episode 12  Reward:   0.293597  Wealth:    161825.58  Turnover: 0.7089  Gross: 1.4015  Gate: 0.8029
Episode 13  Reward:   0.126064  Wealth:    128552.57  Turnover: 0.8616  Gross: 1.3997  Gate: 0.7994
Episode 14  Reward:   0.184124  Wealth:    137440.59  Turnover: 0.6588  Gross: 1.4024  Gate: 0.8048
Episode 15  Reward:   0.280910  Wealth:    156815.32  Turnover: 0.7040  Gross: 1.4002  Gate: 0.8004
Episode 16  Reward:   0.186702  Wealth:    137961.89  Turnover: 0.6733  Gross: 1.3972  Gate: 0.7945
Episode 17  Reward:   0.101642  Wealth:    123764.36  Turnover: 0.8848  Gross: 1.4007  Gate: 0.8014
Episode 18  Reward:   0.157954  Wealth:    134594.11  Turnover: 1.0087  Gross: 1.3897  Gate: 0.7794
Episode 19  Reward:   0.049266  Wealth:    115995.22  Turnover: 0.7081  Gross: 1.3994  Gate: 0.7988
Episode 20  Reward:   0.253411  Wealth:    151704.17  Turnover: 0.8139  Gross: 1.3968  Gate: 0.7935
Episode 21  Reward:   0.083392  Wealth:    119671.73  Turnover: 0.7858  Gross: 1.4009  Gate: 0.8018
Episode 22  Reward:   0.267722  Wealth:    155380.81  Turnover: 0.8404  Gross: 1.3930  Gate: 0.7860
Episode 23  Reward:   0.121870  Wealth:    126047.78  Turnover: 0.9430  Gross: 1.3992  Gate: 0.7984
Episode 24  Reward:   0.298731  Wealth:    164187.41  Turnover: 0.9364  Gross: 1.3920  Gate: 0.7840
Episode 25  Reward:   0.140102  Wealth:    129693.04  Turnover: 0.9482  Gross: 1.3972  Gate: 0.7944
Episode 26  Reward:   0.104507  Wealth:    124078.21  Turnover: 0.7169  Gross: 1.3965  Gate: 0.7931
Episode 27  Reward:   0.131338  Wealth:    127617.77  Turnover: 0.9108  Gross: 1.3955  Gate: 0.7909
Episode 28  Reward:   0.141861  Wealth:    131612.69  Turnover: 1.0514  Gross: 1.3851  Gate: 0.7701
Episode 29  Reward:   0.109249  Wealth:    124898.97  Turnover: 0.7421  Gross: 1.4073  Gate: 0.8146
Episode 30  Reward:   0.056182  Wealth:    117529.86  Turnover: 0.6591  Gross: 1.4033  Gate: 0.8066
Episode 31  Reward:   0.159859  Wealth:    133460.48  Turnover: 0.8226  Gross: 1.4037  Gate: 0.8074
Episode 32  Reward:   0.350339  Wealth:    180582.03  Turnover: 0.9860  Gross: 1.3927  Gate: 0.7853
Episode 33  Reward:   0.211378  Wealth:    144064.29  Turnover: 1.1004  Gross: 1.3933  Gate: 0.7865
Episode 34  Reward:   0.152722  Wealth:    129506.32  Turnover: 0.8102  Gross: 1.3979  Gate: 0.7958
Episode 35  Reward:   0.198100  Wealth:    140073.35  Turnover: 0.9437  Gross: 1.3941  Gate: 0.7882
Episode 36  Reward:   0.238193  Wealth:    147301.91  Turnover: 0.8118  Gross: 1.3963  Gate: 0.7925
Episode 37  Reward:   0.206062  Wealth:    138665.06  Turnover: 0.7687  Gross: 1.3989  Gate: 0.7978
Episode 38  Reward:   0.117120  Wealth:    124390.98  Turnover: 0.6154  Gross: 1.3955  Gate: 0.7910
Episode 39  Reward:   0.132884  Wealth:    125827.97  Turnover: 0.7151  Gross: 1.3974  Gate: 0.7949
Episode 40  Reward:   0.285263  Wealth:    155323.50  Turnover: 0.7183  Gross: 1.3986  Gate: 0.7973
Episode 41  Reward:   0.037365  Wealth:    113201.00  Turnover: 0.6228  Gross: 1.3972  Gate: 0.7944
Episode 42  Reward:   0.032053  Wealth:    114051.70  Turnover: 0.8662  Gross: 1.4075  Gate: 0.8151
Episode 43  Reward:   0.367935  Wealth:    178753.60  Turnover: 0.7368  Gross: 1.3994  Gate: 0.7988
Episode 44  Reward:   0.095690  Wealth:    120794.59  Turnover: 0.6925  Gross: 1.4019  Gate: 0.8038
Episode 45  Reward:   0.159268  Wealth:    131182.77  Turnover: 0.9136  Gross: 1.4003  Gate: 0.8006
Episode 46  Reward:   0.234346  Wealth:    149722.74  Turnover: 0.9599  Gross: 1.3846  Gate: 0.7692
Episode 47  Reward:   0.170802  Wealth:    135584.70  Turnover: 0.8889  Gross: 1.4034  Gate: 0.8068
Episode 48  Reward:   0.123091  Wealth:    124953.84  Turnover: 0.6140  Gross: 1.4030  Gate: 0.8059
Episode 49  Reward:   0.021803  Wealth:    110064.05  Turnover: 0.5753  Gross: 1.4000  Gate: 0.8000
Episode 50  Reward:   0.187244  Wealth:    136427.56  Turnover: 0.7385  Gross: 1.3944  Gate: 0.7887
Episode 51  Reward:   0.190614  Wealth:    136258.51  Turnover: 0.8650  Gross: 1.4020  Gate: 0.8039
Episode 52  Reward:   0.184587  Wealth:    136652.25  Turnover: 0.7776  Gross: 1.4077  Gate: 0.8154
Episode 53  Reward:   0.125690  Wealth:    126578.59  Turnover: 0.7248  Gross: 1.4038  Gate: 0.8076
Episode 54  Reward:   0.260957  Wealth:    154275.87  Turnover: 0.9324  Gross: 1.3873  Gate: 0.7746
Episode 55  Reward:   0.175290  Wealth:    136962.67  Turnover: 0.9800  Gross: 1.3855  Gate: 0.7709
Episode 56  Reward:   0.252991  Wealth:    149847.67  Turnover: 0.7553  Gross: 1.3893  Gate: 0.7787
Episode 57  Reward:   0.204920  Wealth:    138749.85  Turnover: 0.7562  Gross: 1.4031  Gate: 0.8061
Episode 58  Reward:   0.268060  Wealth:    151803.97  Turnover: 0.7519  Gross: 1.4014  Gate: 0.8029
Episode 59  Reward:   0.011869  Wealth:    109566.32  Turnover: 0.6209  Gross: 1.4055  Gate: 0.8109
Episode 60  Reward:   0.247806  Wealth:    149708.49  Turnover: 0.7975  Gross: 1.3908  Gate: 0.7816
Episode 61  Reward:   0.262348  Wealth:    153149.80  Turnover: 0.8561  Gross: 1.3930  Gate: 0.7861
Episode     61  AvgReward:   0.165303  Noise: 0.0370
TRAIN STAGE COMPLETE
Fine-tuning complete. Selected 1 pass(es); final agent saved.

============================================================
TRAINING COMPLETE

============================================================
Warning messages:
1: Seed 20260844 wrote vine_observation_mode=''; expected 'zero'. Marking training invalid. 
2: Seed 20260848 wrote vine_observation_mode=''; expected 'zero'. Marking training invalid. 

No-holdout gate passed for 0/2 seeds.
Error: Worker shard failed closed: 0/2 assigned seeds passed training, sanity, and behavior gates.
Execution halted
