Parallel sweep worker 3/4: 2 of 10 seeds assigned.
Sweep vine observation mode: zero

[1/2] Training seed 20260843
Loading configuration from: config/config.yaml 
Run mode: full | seed: 20260843 | CVaR simulations/step: 512 | vine simulation cores: 23
Loading synthetic return bundle: data/synthetic_returns.RData
Loaded 1000 pre-training and 61 fine-tuning episodes.
Fine-tuning selection: 37 fit episodes, 23 purged overlapping episodes, 1 validation episode; final refit uses all 61.
Run seed: 20260843
Run mode: full
PyTorch: 2.10.0+cu128
Device: cuda
Action schema: interior_rank_partition_leverage_gate_v5; projection temperature=1.5
GPU: NVIDIA A100-SXM4-80GB
PYTHON: Framework ready.
Action schema: interior_rank_partition_leverage_gate_v5 | gross=1.500 | net=1.000 | max_long=0.600 | max_short=0.200
Risk/training: entropy_coef=0.005 | leverage_target=0.800 | leverage_penalty=0.25 | direction_bound=5.000 | AMP=False

============================================================
Stage 1: Pre-training on Synthetic Data

============================================================
============================================================
STAGE 1: PRE-TRAINING
============================================================
============================================================
TRAIN STAGE STARTED: stage=pretrain, episodes=1000, batch_size=128, updates_per_step=1
============================================================
Episode 1  Reward:   0.085305  Wealth:    122835.25  Turnover: 1.0015  Gross: 1.2800  Gate: 0.5600
Episode 2  Reward:  -0.297836  Wealth:     83232.89  Turnover: 1.0847  Gross: 1.2335  Gate: 0.4670
Episode 3  Reward:   0.189929  Wealth:    141436.42  Turnover: 1.0600  Gross: 1.2733  Gate: 0.5467
Episode 4  Reward:  -0.570447  Wealth:     68088.09  Turnover: 1.0475  Gross: 1.2380  Gate: 0.4759
Episode 5  Reward:  -0.184008  Wealth:     91827.16  Turnover: 0.9765  Gross: 1.2411  Gate: 0.4823
Episode 6  Reward:  -0.064042  Wealth:    103464.68  Turnover: 1.1374  Gross: 1.2270  Gate: 0.4541
Episode 7  Reward:   0.235177  Wealth:    149652.13  Turnover: 1.0380  Gross: 1.2320  Gate: 0.4641
Episode 8  Reward:  -0.165108  Wealth:     94393.10  Turnover: 1.0009  Gross: 1.2791  Gate: 0.5581
Episode 9  Reward:  -0.023225  Wealth:    107910.97  Turnover: 1.0679  Gross: 1.2615  Gate: 0.5231
Episode 10  Reward:   0.163910  Wealth:    136870.64  Turnover: 1.0828  Gross: 1.2766  Gate: 0.5532
Episode     10  AvgReward:  -0.063035  Noise: 0.1473
Episode 11  Reward:   0.262820  Wealth:    156903.60  Turnover: 1.1528  Gross: 1.2578  Gate: 0.5156
Episode 12  Reward:  -0.005125  Wealth:    111684.09  Turnover: 1.0297  Gross: 1.2517  Gate: 0.5035
Episode 13  Reward:  -0.427521  Wealth:     75524.17  Turnover: 1.1039  Gross: 1.2536  Gate: 0.5073
Episode 14  Reward:  -0.054199  Wealth:    104582.93  Turnover: 1.0969  Gross: 1.2427  Gate: 0.4854
Episode 15  Reward:  -0.036434  Wealth:    107145.20  Turnover: 1.0951  Gross: 1.2345  Gate: 0.4689
Episode 16  Reward:   0.033066  Wealth:    116014.32  Turnover: 1.0904  Gross: 1.2736  Gate: 0.5471
Episode 17  Reward:  -0.174945  Wealth:     93347.05  Turnover: 1.1121  Gross: 1.2542  Gate: 0.5083
Episode 18  Reward:  -0.190483  Wealth:     91338.46  Turnover: 0.9614  Gross: 1.2275  Gate: 0.4550
Episode 19  Reward:   0.203809  Wealth:    143199.99  Turnover: 1.0226  Gross: 1.2844  Gate: 0.5687
Episode 20  Reward:  -0.140345  Wealth:     96134.21  Turnover: 0.9846  Gross: 1.2932  Gate: 0.5865
Episode     20  AvgReward:  -0.052936  Noise: 0.1444
Episode 21  Reward:  -0.074276  Wealth:    101663.21  Turnover: 1.0629  Gross: 1.2464  Gate: 0.4927
Episode 22  Reward:  -0.259176  Wealth:     85593.29  Turnover: 1.1086  Gross: 1.2572  Gate: 0.5145
Episode 23  Reward:   0.106275  Wealth:    126111.92  Turnover: 1.1010  Gross: 1.2205  Gate: 0.4411
Episode 24  Reward:   0.048055  Wealth:    117554.91  Turnover: 1.0920  Gross: 1.2426  Gate: 0.4852
Episode 25  Reward:   0.233668  Wealth:    149621.02  Turnover: 1.0032  Gross: 1.2129  Gate: 0.4258
Episode 26  Reward:  -0.233826  Wealth:     87600.81  Turnover: 1.1252  Gross: 1.2424  Gate: 0.4847
Episode 27  Reward:   0.111336  Wealth:    127790.75  Turnover: 1.0660  Gross: 1.2459  Gate: 0.4917
Episode 28  Reward:  -0.142720  Wealth:     96063.66  Turnover: 1.0792  Gross: 1.2434  Gate: 0.4868
Episode 29  Reward:  -0.009529  Wealth:    109712.88  Turnover: 1.0067  Gross: 1.2295  Gate: 0.4591
Episode 30  Reward:  -0.012439  Wealth:    109284.10  Turnover: 1.0121  Gross: 1.2786  Gate: 0.5572
Episode     30  AvgReward:  -0.023263  Noise: 0.1415
Episode 31  Reward:   0.318263  Wealth:    172415.33  Turnover: 1.1165  Gross: 1.2564  Gate: 0.5128
Episode 32  Reward:   0.027284  Wealth:    114167.67  Turnover: 1.0457  Gross: 1.2198  Gate: 0.4396
Episode 33  Reward:   0.026411  Wealth:    115692.54  Turnover: 1.0912  Gross: 1.2569  Gate: 0.5138
Episode 34  Reward:  -0.014611  Wealth:    109640.09  Turnover: 1.1541  Gross: 1.2359  Gate: 0.4719
Episode 35  Reward:   0.083817  Wealth:    122751.78  Turnover: 1.0513  Gross: 1.2489  Gate: 0.4978
Episode 36  Reward:  -0.134044  Wealth:     96740.88  Turnover: 1.1199  Gross: 1.2738  Gate: 0.5476
Episode 37  Reward:  -0.416433  Wealth:     75679.91  Turnover: 1.1729  Gross: 1.2831  Gate: 0.5661
Episode 38  Reward:  -0.249966  Wealth:     87038.79  Turnover: 1.0546  Gross: 1.2009  Gate: 0.4017
Episode 39  Reward:  -0.203638  Wealth:     90843.18  Turnover: 1.0462  Gross: 1.2207  Gate: 0.4414
Episode 40  Reward:   0.059145  Wealth:    118563.80  Turnover: 1.0367  Gross: 1.2441  Gate: 0.4882
Episode     40  AvgReward:  -0.050377  Noise: 0.1387
Episode 41  Reward:   0.092565  Wealth:    123687.92  Turnover: 1.0836  Gross: 1.2284  Gate: 0.4569
Episode 42  Reward:   0.170748  Wealth:    134413.93  Turnover: 0.8383  Gross: 1.2034  Gate: 0.4067
Episode 43  Reward:  -0.062134  Wealth:    100162.89  Turnover: 0.2554  Gross: 1.0959  Gate: 0.1919
Episode 44  Reward:   0.085427  Wealth:    117162.86  Turnover: 0.1905  Gross: 1.1006  Gate: 0.2012
Episode 45  Reward:  -0.062233  Wealth:    100204.29  Turnover: 0.2461  Gross: 1.1034  Gate: 0.2068
Episode 46  Reward:  -0.030700  Wealth:    103364.93  Turnover: 0.2536  Gross: 1.1031  Gate: 0.2062
Episode 47  Reward:  -0.082523  Wealth:     97725.13  Turnover: 0.2634  Gross: 1.1101  Gate: 0.2203
Episode 48  Reward:   0.036421  Wealth:    111141.50  Turnover: 0.2519  Gross: 1.1119  Gate: 0.2238
Episode 49  Reward:   0.220737  Wealth:    140137.52  Turnover: 0.3183  Gross: 1.1091  Gate: 0.2182
Episode 50  Reward:   0.190338  Wealth:    133407.11  Turnover: 0.2469  Gross: 1.1188  Gate: 0.2376
Episode     50  AvgReward:   0.055865  Noise: 0.1360
Episode 51  Reward:   0.057592  Wealth:    113278.79  Turnover: 0.2787  Gross: 1.1216  Gate: 0.2431
Episode 52  Reward:   0.142325  Wealth:    125904.46  Turnover: 0.2914  Gross: 1.1244  Gate: 0.2487
Episode 53  Reward:  -0.331540  Wealth:     78785.34  Turnover: 0.2709  Gross: 1.1265  Gate: 0.2529
Episode 54  Reward:  -0.145706  Wealth:     92097.30  Turnover: 0.2172  Gross: 1.1249  Gate: 0.2498
Episode 55  Reward:   0.137193  Wealth:    124677.42  Turnover: 0.2475  Gross: 1.1342  Gate: 0.2684
Episode 56  Reward:   0.087455  Wealth:    117451.11  Turnover: 0.2400  Gross: 1.1362  Gate: 0.2723
Episode 57  Reward:  -0.064521  Wealth:     99733.91  Turnover: 0.3544  Gross: 1.1447  Gate: 0.2894
Episode 58  Reward:   0.255595  Wealth:    146154.04  Turnover: 0.3486  Gross: 1.1427  Gate: 0.2854
Episode 59  Reward:   0.011883  Wealth:    107856.39  Turnover: 0.2810  Gross: 1.1485  Gate: 0.2971
Episode 60  Reward:   0.065325  Wealth:    114399.06  Turnover: 0.2781  Gross: 1.1521  Gate: 0.3041
Episode     60  AvgReward:   0.021560  Noise: 0.1333
Episode 61  Reward:   0.177584  Wealth:    131661.24  Turnover: 0.3137  Gross: 1.1548  Gate: 0.3096
Episode 62  Reward:   0.112481  Wealth:    121203.55  Turnover: 0.3201  Gross: 1.1601  Gate: 0.3202
Episode 63  Reward:   0.027593  Wealth:    109870.40  Turnover: 0.3749  Gross: 1.1662  Gate: 0.3324
Episode 64  Reward:  -0.032417  Wealth:    103227.21  Turnover: 0.3426  Gross: 1.1717  Gate: 0.3433
Episode 65  Reward:   0.063649  Wealth:    114468.41  Turnover: 0.3572  Gross: 1.1709  Gate: 0.3418
Episode 66  Reward:   0.170288  Wealth:    130439.87  Turnover: 0.3776  Gross: 1.1771  Gate: 0.3542
Episode 67  Reward:  -0.246574  Wealth:     84461.84  Turnover: 0.3701  Gross: 1.1808  Gate: 0.3615
Episode 68  Reward:   0.127991  Wealth:    123579.92  Turnover: 0.3470  Gross: 1.1848  Gate: 0.3696
Episode 69  Reward:   0.059866  Wealth:    113727.48  Turnover: 0.4046  Gross: 1.1891  Gate: 0.3782
Episode 70  Reward:  -0.129713  Wealth:     93785.02  Turnover: 0.3680  Gross: 1.1998  Gate: 0.3996
Episode     70  AvgReward:   0.033075  Noise: 0.1306
Episode 71  Reward:   0.112765  Wealth:    121459.43  Turnover: 0.4263  Gross: 1.2004  Gate: 0.4009
Episode 72  Reward:  -0.030566  Wealth:    103294.86  Turnover: 0.3465  Gross: 1.2082  Gate: 0.4164
Episode 73  Reward:   0.169254  Wealth:    130358.21  Turnover: 0.3746  Gross: 1.2060  Gate: 0.4120
Episode 74  Reward:   0.014961  Wealth:    108758.94  Turnover: 0.3188  Gross: 1.2162  Gate: 0.4324
Episode 75  Reward:  -0.078844  Wealth:     98370.38  Turnover: 0.3529  Gross: 1.2212  Gate: 0.4425
Episode 76  Reward:  -0.053862  Wealth:    100737.98  Turnover: 0.3604  Gross: 1.2284  Gate: 0.4568
Episode 77  Reward:   0.106520  Wealth:    120771.58  Turnover: 0.3278  Gross: 1.2264  Gate: 0.4528
Episode 78  Reward:   0.024087  Wealth:    109245.90  Turnover: 0.3214  Gross: 1.2386  Gate: 0.4771
Episode 79  Reward:   0.098277  Wealth:    119294.67  Turnover: 0.3998  Gross: 1.2500  Gate: 0.5000
Episode 80  Reward:  -0.060619  Wealth:    100030.11  Turnover: 0.3946  Gross: 1.2541  Gate: 0.5082
Episode     80  AvgReward:   0.030197  Noise: 0.1281
Episode 81  Reward:   0.141860  Wealth:    125695.48  Turnover: 0.3867  Gross: 1.2589  Gate: 0.5178
Episode 82  Reward:  -0.040306  Wealth:    102285.78  Turnover: 0.3804  Gross: 1.2687  Gate: 0.5373
Episode 83  Reward:  -0.127038  Wealth:     93940.53  Turnover: 0.3724  Gross: 1.2761  Gate: 0.5522
Episode 84  Reward:   0.151284  Wealth:    127352.42  Turnover: 0.3542  Gross: 1.2770  Gate: 0.5540
Episode 85  Reward:   0.150041  Wealth:    126938.07  Turnover: 0.3690  Gross: 1.2933  Gate: 0.5866
Episode 86  Reward:  -0.037153  Wealth:    102874.27  Turnover: 0.4155  Gross: 1.2931  Gate: 0.5862
Episode 87  Reward:   0.108824  Wealth:    120951.76  Turnover: 0.3664  Gross: 1.2952  Gate: 0.5904
Episode 88  Reward:   0.023220  Wealth:    109529.43  Turnover: 0.3432  Gross: 1.3063  Gate: 0.6126
Episode 89  Reward:   0.044300  Wealth:    112665.43  Turnover: 0.4162  Gross: 1.3121  Gate: 0.6241
Episode 90  Reward:   0.145642  Wealth:    126683.52  Turnover: 0.3541  Gross: 1.3166  Gate: 0.6333
Episode     90  AvgReward:   0.056068  Noise: 0.1255
Episode 91  Reward:   0.147707  Wealth:    127452.74  Turnover: 0.4150  Gross: 1.3281  Gate: 0.6562
Episode 92  Reward:   0.081592  Wealth:    116970.95  Turnover: 0.4173  Gross: 1.3276  Gate: 0.6551
Episode 93  Reward:  -0.031449  Wealth:    103629.65  Turnover: 0.4839  Gross: 1.3427  Gate: 0.6855
Episode 94  Reward:  -0.100606  Wealth:     97013.27  Turnover: 0.3870  Gross: 1.3468  Gate: 0.6935
Episode 95  Reward:   0.260384  Wealth:    149146.16  Turnover: 0.3619  Gross: 1.3477  Gate: 0.6955
Episode 96  Reward:   0.139590  Wealth:    126398.45  Turnover: 0.3747  Gross: 1.3567  Gate: 0.7135
Episode 97  Reward:  -0.106747  Wealth:     96407.63  Turnover: 0.3744  Gross: 1.3641  Gate: 0.7281
Episode 98  Reward:   0.022204  Wealth:    109903.54  Turnover: 0.4446  Gross: 1.3657  Gate: 0.7314
Episode 99  Reward:   0.012201  Wealth:    108789.92  Turnover: 0.4402  Gross: 1.3772  Gate: 0.7543
Episode 100  Reward:  -0.181538  Wealth:     89828.94  Turnover: 0.3782  Gross: 1.3806  Gate: 0.7611
Episode    100  AvgReward:   0.024334  Noise: 0.1230
Episode 101  Reward:  -0.045843  Wealth:    102263.47  Turnover: 0.3862  Gross: 1.3782  Gate: 0.7565
Episode 102  Reward:  -0.039248  Wealth:    102951.56  Turnover: 0.4169  Gross: 1.3933  Gate: 0.7866
Episode 103  Reward:   0.227899  Wealth:    142454.00  Turnover: 0.3713  Gross: 1.3971  Gate: 0.7942
Episode 104  Reward:  -0.065264  Wealth:    100717.36  Turnover: 0.3498  Gross: 1.4047  Gate: 0.8093
Episode 105  Reward:   0.118200  Wealth:    123089.68  Turnover: 0.3467  Gross: 1.4080  Gate: 0.8160
Episode 106  Reward:   0.059360  Wealth:    114247.94  Turnover: 0.3146  Gross: 1.4031  Gate: 0.8063
Episode 107  Reward:   0.129811  Wealth:    124816.67  Turnover: 0.4314  Gross: 1.4026  Gate: 0.8053
Episode 108  Reward:  -0.165377  Wealth:     91455.49  Turnover: 0.4159  Gross: 1.4036  Gate: 0.8071
Episode 109  Reward:   0.126940  Wealth:    123584.26  Turnover: 0.2903  Gross: 1.3991  Gate: 0.7982
Episode 110  Reward:  -0.327617  Wealth:     79598.25  Turnover: 0.3619  Gross: 1.4071  Gate: 0.8141
Episode    110  AvgReward:   0.001886  Noise: 0.1206
Episode 111  Reward:   0.120307  Wealth:    123298.61  Turnover: 0.3794  Gross: 1.4037  Gate: 0.8074
Episode 112  Reward:   0.133118  Wealth:    125546.69  Turnover: 0.3111  Gross: 1.4036  Gate: 0.8072
Episode 113  Reward:  -0.015543  Wealth:    105809.24  Turnover: 0.2860  Gross: 1.4027  Gate: 0.8054
Episode 114  Reward:   0.187768  Wealth:    134932.90  Turnover: 0.2986  Gross: 1.4057  Gate: 0.8114
Episode 115  Reward:   0.154273  Wealth:    128682.25  Turnover: 0.2816  Gross: 1.4026  Gate: 0.8052
Episode 116  Reward:   0.065622  Wealth:    116491.56  Turnover: 0.4376  Gross: 1.4024  Gate: 0.8048
Episode 117  Reward:   0.137954  Wealth:    126691.16  Turnover: 0.3354  Gross: 1.4008  Gate: 0.8017
Episode 118  Reward:   0.197766  Wealth:    136801.01  Turnover: 0.3007  Gross: 1.4000  Gate: 0.8000
Episode 119  Reward:  -0.096954  Wealth:     97720.48  Turnover: 0.3329  Gross: 1.4022  Gate: 0.8044
Episode 120  Reward:   0.123628  Wealth:    124248.11  Turnover: 0.3565  Gross: 1.4021  Gate: 0.8042
Episode    120  AvgReward:   0.100794  Noise: 0.1182
Episode 121  Reward:   0.096919  Wealth:    120096.77  Turnover: 0.3152  Gross: 1.4028  Gate: 0.8055
Episode 122  Reward:  -0.136997  Wealth:     94009.81  Turnover: 0.3544  Gross: 1.4000  Gate: 0.8000
Episode 123  Reward:   0.028818  Wealth:    111115.48  Turnover: 0.3554  Gross: 1.4031  Gate: 0.8063
Episode 124  Reward:   0.405221  Wealth:    192333.10  Turnover: 0.3839  Gross: 1.4012  Gate: 0.8023
Episode 125  Reward:  -0.167619  Wealth:     91392.78  Turnover: 0.3643  Gross: 1.4046  Gate: 0.8091
Episode 126  Reward:  -0.353687  Wealth:     78283.38  Turnover: 0.3145  Gross: 1.4039  Gate: 0.8077
Episode 127  Reward:   0.029334  Wealth:    112153.76  Turnover: 0.3440  Gross: 1.4040  Gate: 0.8080
Episode 128  Reward:  -0.012885  Wealth:    107361.10  Turnover: 0.2731  Gross: 1.3977  Gate: 0.7955
Episode 129  Reward:   0.040468  Wealth:    113600.08  Turnover: 0.3683  Gross: 1.4074  Gate: 0.8149
Episode 130  Reward:   0.210615  Wealth:    139864.82  Turnover: 0.3476  Gross: 1.4003  Gate: 0.8006
Episode    130  AvgReward:   0.014019  Noise: 0.1159
Episode 131  Reward:  -0.300746  Wealth:     81570.30  Turnover: 0.3488  Gross: 1.4025  Gate: 0.8049
Episode 132  Reward:  -0.245212  Wealth:     85652.07  Turnover: 0.4042  Gross: 1.4044  Gate: 0.8088
Episode 133  Reward:  -0.085109  Wealth:     99736.24  Turnover: 0.3257  Gross: 1.4031  Gate: 0.8063
Episode 134  Reward:  -0.175046  Wealth:     91040.83  Turnover: 0.3560  Gross: 1.4003  Gate: 0.8005
Episode 135  Reward:  -0.098177  Wealth:     98345.43  Turnover: 0.3359  Gross: 1.4014  Gate: 0.8027
Episode 136  Reward:  -0.203184  Wealth:     88752.39  Turnover: 0.3227  Gross: 1.4031  Gate: 0.8061
Episode 137  Reward:   0.006080  Wealth:    109185.53  Turnover: 0.3451  Gross: 1.4044  Gate: 0.8088
Episode 138  Reward:   0.251985  Wealth:    149677.51  Turnover: 0.3194  Gross: 1.4007  Gate: 0.8013
Episode 139  Reward:   0.125287  Wealth:    125323.35  Turnover: 0.3429  Gross: 1.4047  Gate: 0.8095
Episode 140  Reward:   0.067315  Wealth:    117228.89  Turnover: 0.3717  Gross: 1.4022  Gate: 0.8044
Episode    140  AvgReward:  -0.065681  Noise: 0.1136
Episode 141  Reward:   0.205971  Wealth:    139254.29  Turnover: 0.3768  Gross: 1.3993  Gate: 0.7986
Episode 142  Reward:  -0.281688  Wealth:     83060.78  Turnover: 0.3755  Gross: 1.3990  Gate: 0.7979
Episode 143  Reward:  -0.042800  Wealth:    103424.91  Turnover: 0.2992  Gross: 1.3968  Gate: 0.7937
Episode 144  Reward:   0.069594  Wealth:    116815.45  Turnover: 0.4069  Gross: 1.3974  Gate: 0.7947
Episode 145  Reward:   0.143915  Wealth:    128604.21  Turnover: 0.3776  Gross: 1.3992  Gate: 0.7983
Episode 146  Reward:   0.208716  Wealth:    139928.30  Turnover: 0.3229  Gross: 1.3991  Gate: 0.7982
Episode 147  Reward:  -0.264017  Wealth:     84286.76  Turnover: 0.4550  Gross: 1.3994  Gate: 0.7989
Episode 148  Reward:  -0.039299  Wealth:    103657.31  Turnover: 0.3387  Gross: 1.3976  Gate: 0.7952
Episode 149  Reward:   0.077018  Wealth:    117874.92  Turnover: 0.2990  Gross: 1.3953  Gate: 0.7906
Episode 150  Reward:  -0.186948  Wealth:     90025.25  Turnover: 0.3507  Gross: 1.3951  Gate: 0.7901
Episode    150  AvgReward:  -0.010954  Noise: 0.1113
Episode 151  Reward:  -0.038923  Wealth:    104033.15  Turnover: 0.3267  Gross: 1.3959  Gate: 0.7918
Episode 152  Reward:  -0.094233  Wealth:     97783.22  Turnover: 0.3815  Gross: 1.3988  Gate: 0.7977
Episode 153  Reward:  -0.170511  Wealth:     91086.46  Turnover: 0.2940  Gross: 1.3974  Gate: 0.7948
Episode 154  Reward:   0.096690  Wealth:    120976.89  Turnover: 0.2971  Gross: 1.3878  Gate: 0.7756
Episode 155  Reward:  -0.070722  Wealth:    100035.63  Turnover: 0.3259  Gross: 1.3891  Gate: 0.7781
Episode 156  Reward:   0.070677  Wealth:    116493.43  Turnover: 0.3344  Gross: 1.4027  Gate: 0.8055
Episode 157  Reward:  -0.004712  Wealth:    107127.10  Turnover: 0.4268  Gross: 1.3975  Gate: 0.7950
Episode 158  Reward:  -0.079734  Wealth:     98995.66  Turnover: 0.3794  Gross: 1.3938  Gate: 0.7876
Episode 159  Reward:  -0.091698  Wealth:     97481.68  Turnover: 0.2258  Gross: 1.3903  Gate: 0.7807
Episode 160  Reward:   0.029319  Wealth:    110838.44  Turnover: 0.3842  Gross: 1.3952  Gate: 0.7904
Episode    160  AvgReward:  -0.035385  Noise: 0.1091
Episode 161  Reward:   0.133888  Wealth:    125405.28  Turnover: 0.4246  Gross: 1.3842  Gate: 0.7685
Episode 162  Reward:   0.104518  Wealth:    120895.11  Turnover: 0.3092  Gross: 1.3959  Gate: 0.7919
Episode 163  Reward:  -0.005964  Wealth:    106299.36  Turnover: 0.3482  Gross: 1.4027  Gate: 0.8055
Episode 164  Reward:  -0.053900  Wealth:    101168.57  Turnover: 0.3670  Gross: 1.3816  Gate: 0.7632
Episode 165  Reward:  -0.012568  Wealth:    105040.13  Turnover: 0.3312  Gross: 1.3931  Gate: 0.7862
Episode 166  Reward:   0.074197  Wealth:    116188.96  Turnover: 0.4041  Gross: 1.3837  Gate: 0.7674
Episode 167  Reward:  -0.007215  Wealth:    106110.04  Turnover: 0.4131  Gross: 1.3828  Gate: 0.7656
Episode 168  Reward:  -0.089545  Wealth:     97331.50  Turnover: 0.4237  Gross: 1.3920  Gate: 0.7840
Episode 169  Reward:  -0.034593  Wealth:    102906.52  Turnover: 0.3461  Gross: 1.3927  Gate: 0.7854
Episode 170  Reward:  -0.092713  Wealth:     96700.71  Turnover: 0.3345  Gross: 1.3951  Gate: 0.7902
Episode    170  AvgReward:   0.001610  Noise: 0.1069
Episode 171  Reward:   0.161077  Wealth:    128126.87  Turnover: 0.4858  Gross: 1.3731  Gate: 0.7463
Episode 172  Reward:   0.032920  Wealth:    109879.05  Turnover: 0.3806  Gross: 1.3998  Gate: 0.7997
Episode 173  Reward:   0.128326  Wealth:    123369.44  Turnover: 0.4682  Gross: 1.3821  Gate: 0.7642
Episode 174  Reward:   0.188714  Wealth:    133425.06  Turnover: 0.3564  Gross: 1.3903  Gate: 0.7806
Episode 175  Reward:   0.038374  Wealth:    110735.44  Turnover: 0.3438  Gross: 1.3962  Gate: 0.7923
Episode 176  Reward:  -0.060252  Wealth:    100187.73  Turnover: 0.3702  Gross: 1.3976  Gate: 0.7951
Episode 177  Reward:   0.144211  Wealth:    125719.59  Turnover: 0.4062  Gross: 1.3940  Gate: 0.7880
Episode 178  Reward:   0.267401  Wealth:    149024.63  Turnover: 0.2472  Gross: 1.3951  Gate: 0.7903
Episode 179  Reward:   0.113559  Wealth:    121221.53  Turnover: 0.3499  Gross: 1.3957  Gate: 0.7915
Episode 180  Reward:   0.241025  Wealth:    143640.29  Turnover: 0.3484  Gross: 1.4051  Gate: 0.8101
Episode    180  AvgReward:   0.125536  Noise: 0.1048
Episode 181  Reward:   0.157444  Wealth:    128339.48  Turnover: 0.3247  Gross: 1.3957  Gate: 0.7913
Episode 182  Reward:   0.052882  Wealth:    113295.89  Turnover: 0.3637  Gross: 1.4008  Gate: 0.8016
Episode 183  Reward:  -0.233230  Wealth:     85479.23  Turnover: 0.2671  Gross: 1.3927  Gate: 0.7855
Episode 184  Reward:   0.103107  Wealth:    120189.42  Turnover: 0.2775  Gross: 1.4014  Gate: 0.8027
Episode 185  Reward:   0.162932  Wealth:    129216.93  Turnover: 0.1850  Gross: 1.3976  Gate: 0.7952
Episode 186  Reward:   0.033874  Wealth:    110911.76  Turnover: 0.3274  Gross: 1.3992  Gate: 0.7984
Episode 187  Reward:   0.113367  Wealth:    121876.85  Turnover: 0.2534  Gross: 1.4037  Gate: 0.8074
Episode 188  Reward:   0.061543  Wealth:    114515.82  Turnover: 0.3554  Gross: 1.4002  Gate: 0.8005
Episode 189  Reward:   0.273580  Wealth:    151418.69  Turnover: 0.3181  Gross: 1.4017  Gate: 0.8033
Episode 190  Reward:   0.077534  Wealth:    116567.32  Turnover: 0.2960  Gross: 1.4022  Gate: 0.8043
Episode    190  AvgReward:   0.080303  Noise: 0.1027
Episode 191  Reward:  -0.020646  Wealth:    104694.21  Turnover: 0.2953  Gross: 1.3980  Gate: 0.7959
Episode 192  Reward:   0.160011  Wealth:    129165.65  Turnover: 0.1513  Gross: 1.4014  Gate: 0.8029
Episode 193  Reward:   0.158963  Wealth:    128672.11  Turnover: 0.3842  Gross: 1.4017  Gate: 0.8033
Episode 194  Reward:   0.069811  Wealth:    115709.14  Turnover: 0.2125  Gross: 1.4000  Gate: 0.8000
Episode 195  Reward:   0.056845  Wealth:    113683.63  Turnover: 0.1756  Gross: 1.3900  Gate: 0.7800
Episode 196  Reward:   0.151236  Wealth:    127898.68  Turnover: 0.3074  Gross: 1.4003  Gate: 0.8006
Episode 197  Reward:  -0.000032  Wealth:    106965.19  Turnover: 0.2127  Gross: 1.3968  Gate: 0.7936
Episode 198  Reward:   0.298565  Wealth:    157318.09  Turnover: 0.2177  Gross: 1.3940  Gate: 0.7880
Episode 199  Reward:   0.074627  Wealth:    116364.01  Turnover: 0.3193  Gross: 1.4027  Gate: 0.8054
Episode 200  Reward:   0.145047  Wealth:    127019.52  Turnover: 0.2859  Gross: 1.4024  Gate: 0.8048
Episode    200  AvgReward:   0.109443  Noise: 0.1007
Episode 201  Reward:   0.188340  Wealth:    133864.71  Turnover: 0.1427  Gross: 1.3565  Gate: 0.7130
Episode 202  Reward:   0.200938  Wealth:    136578.26  Turnover: 0.3738  Gross: 1.4054  Gate: 0.8108
Episode 203  Reward:   0.052231  Wealth:    113196.74  Turnover: 0.1734  Gross: 1.3991  Gate: 0.7981
Episode 204  Reward:  -0.092281  Wealth:     97781.76  Turnover: 0.2464  Gross: 1.4009  Gate: 0.8019
Episode 205  Reward:   0.120168  Wealth:    122866.08  Turnover: 0.1846  Gross: 1.3985  Gate: 0.7971
Episode 206  Reward:   0.179894  Wealth:    132181.11  Turnover: 0.1452  Gross: 1.3766  Gate: 0.7532
Episode 207  Reward:   0.282939  Wealth:    154362.69  Turnover: 0.2512  Gross: 1.4060  Gate: 0.8120
Episode 208  Reward:   0.015231  Wealth:    108835.35  Turnover: 0.1842  Gross: 1.3806  Gate: 0.7612
Episode 209  Reward:   0.155743  Wealth:    128559.42  Turnover: 0.1930  Gross: 1.3981  Gate: 0.7962
Episode 210  Reward:   0.166806  Wealth:    130527.06  Turnover: 0.1558  Gross: 1.3781  Gate: 0.7562
Episode    210  AvgReward:   0.127001  Noise: 0.0987
Episode 211  Reward:   0.208936  Wealth:    138349.81  Turnover: 0.2902  Gross: 1.3942  Gate: 0.7883
Episode 212  Reward:   0.049662  Wealth:    113417.55  Turnover: 0.3361  Gross: 1.4012  Gate: 0.8025
Episode 213  Reward:   0.121128  Wealth:    123472.89  Turnover: 0.2662  Gross: 1.4067  Gate: 0.8134
Episode 214  Reward:   0.114423  Wealth:    122899.76  Turnover: 0.2675  Gross: 1.3975  Gate: 0.7949
Episode 215  Reward:   0.271011  Wealth:    152203.78  Turnover: 0.3200  Gross: 1.4019  Gate: 0.8038
Episode 216  Reward:   0.313062  Wealth:    161812.75  Turnover: 0.2235  Gross: 1.4011  Gate: 0.8022
Episode 217  Reward:   0.277913  Wealth:    153262.73  Turnover: 0.3009  Gross: 1.4015  Gate: 0.8031
Episode 218  Reward:   0.030044  Wealth:    111198.31  Turnover: 0.3252  Gross: 1.4099  Gate: 0.8198
Episode 219  Reward:   0.020687  Wealth:    109850.59  Turnover: 0.2159  Gross: 1.3829  Gate: 0.7659
Episode 220  Reward:   0.155834  Wealth:    128829.44  Turnover: 0.1511  Gross: 1.3798  Gate: 0.7597
Episode    220  AvgReward:   0.156270  Noise: 0.0968
Episode 221  Reward:   0.104540  Wealth:    120808.67  Turnover: 0.2076  Gross: 1.4053  Gate: 0.8107
Episode 222  Reward:   0.017872  Wealth:    109504.06  Turnover: 0.2791  Gross: 1.3916  Gate: 0.7832
Episode 223  Reward:   0.164479  Wealth:    130758.60  Turnover: 0.2109  Gross: 1.3801  Gate: 0.7602
Episode 224  Reward:   0.089358  Wealth:    118977.63  Turnover: 0.2813  Gross: 1.3994  Gate: 0.7987
Episode 225  Reward:   0.269531  Wealth:    151331.11  Turnover: 0.1351  Gross: 1.3770  Gate: 0.7540
Episode 226  Reward:   0.175846  Wealth:    132837.28  Turnover: 0.3279  Gross: 1.4074  Gate: 0.8147
Episode 227  Reward:   0.181703  Wealth:    133970.92  Turnover: 0.3019  Gross: 1.3973  Gate: 0.7947
Episode 228  Reward:   0.023350  Wealth:    110459.92  Turnover: 0.3407  Gross: 1.3949  Gate: 0.7898
Episode 229  Reward:   0.049820  Wealth:    113859.58  Turnover: 0.2581  Gross: 1.3835  Gate: 0.7670
Episode 230  Reward:   0.079940  Wealth:    117998.69  Turnover: 0.3536  Gross: 1.3918  Gate: 0.7836
Episode    230  AvgReward:   0.115644  Noise: 0.0948
Episode 231  Reward:   0.050659  Wealth:    113877.30  Turnover: 0.2461  Gross: 1.3986  Gate: 0.7972
Episode 232  Reward:   0.152535  Wealth:    129087.08  Turnover: 0.3252  Gross: 1.4010  Gate: 0.8021
Episode 233  Reward:   0.072373  Wealth:    116787.26  Turnover: 0.2100  Gross: 1.3737  Gate: 0.7474
Episode 234  Reward:   0.133606  Wealth:    125597.58  Turnover: 0.2220  Gross: 1.4048  Gate: 0.8096
Episode 235  Reward:   0.284033  Wealth:    155692.19  Turnover: 0.3307  Gross: 1.3848  Gate: 0.7695
Episode 236  Reward:  -0.057004  Wealth:    101762.69  Turnover: 0.2555  Gross: 1.3972  Gate: 0.7943
Episode 237  Reward:  -0.120238  Wealth:     95428.40  Turnover: 0.3366  Gross: 1.3945  Gate: 0.7890
Episode 238  Reward:   0.106500  Wealth:    122212.77  Turnover: 0.2700  Gross: 1.3850  Gate: 0.7701
Episode 239  Reward:   0.102791  Wealth:    121589.05  Turnover: 0.2966  Gross: 1.4042  Gate: 0.8083
Episode 240  Reward:   0.057122  Wealth:    115110.61  Turnover: 0.3360  Gross: 1.4085  Gate: 0.8170
Episode    240  AvgReward:   0.078238  Noise: 0.0930
Episode 241  Reward:   0.292922  Wealth:    157976.38  Turnover: 0.4159  Gross: 1.3942  Gate: 0.7885
Episode 242  Reward:   0.216352  Wealth:    141080.73  Turnover: 0.4446  Gross: 1.4021  Gate: 0.8042
Episode 243  Reward:   0.201413  Wealth:    137832.60  Turnover: 0.3486  Gross: 1.3975  Gate: 0.7951
Episode 244  Reward:   0.205752  Wealth:    138687.41  Turnover: 0.4608  Gross: 1.4009  Gate: 0.8018
Episode 245  Reward:   0.185091  Wealth:    135159.26  Turnover: 0.2360  Gross: 1.3907  Gate: 0.7814
Episode 246  Reward:   0.139473  Wealth:    126716.73  Turnover: 0.3397  Gross: 1.4043  Gate: 0.8086
Episode 247  Reward:   0.047972  Wealth:    113911.86  Turnover: 0.3786  Gross: 1.3889  Gate: 0.7779
Episode 248  Reward:   0.192161  Wealth:    136114.93  Turnover: 0.2908  Gross: 1.3952  Gate: 0.7904
Episode 249  Reward:   0.224218  Wealth:    142804.42  Turnover: 0.3283  Gross: 1.3943  Gate: 0.7887
Episode 250  Reward:  -0.096281  Wealth:     97847.54  Turnover: 0.4065  Gross: 1.3847  Gate: 0.7693
Episode    250  AvgReward:   0.160907  Noise: 0.0911
Episode 251  Reward:   0.187226  Wealth:    135593.02  Turnover: 0.2954  Gross: 1.3860  Gate: 0.7720
Episode 252  Reward:   0.095064  Wealth:    120650.31  Turnover: 0.2664  Gross: 1.3723  Gate: 0.7445
Episode 253  Reward:   0.205921  Wealth:    138635.10  Turnover: 0.3018  Gross: 1.4020  Gate: 0.8040
Episode 254  Reward:   0.031716  Wealth:    112560.52  Turnover: 0.2689  Gross: 1.3700  Gate: 0.7400
Episode 255  Reward:  -0.085557  Wealth:     99172.96  Turnover: 0.2700  Gross: 1.3962  Gate: 0.7925
Episode 256  Reward:  -0.123127  Wealth:     95368.00  Turnover: 0.4184  Gross: 1.4035  Gate: 0.8070
Episode 257  Reward:   0.055053  Wealth:    114772.33  Turnover: 0.2667  Gross: 1.4002  Gate: 0.8005
Episode 258  Reward:   0.114420  Wealth:    123122.89  Turnover: 0.2995  Gross: 1.4015  Gate: 0.8031
Episode 259  Reward:   0.152168  Wealth:    130311.67  Turnover: 0.4584  Gross: 1.3733  Gate: 0.7465
Episode 260  Reward:   0.070182  Wealth:    116950.56  Turnover: 0.3221  Gross: 1.4041  Gate: 0.8083
Episode    260  AvgReward:   0.070307  Noise: 0.0893
Episode 261  Reward:   0.183531  Wealth:    135697.01  Turnover: 0.3767  Gross: 1.3904  Gate: 0.7808
Episode 262  Reward:   0.027999  Wealth:    111274.91  Turnover: 0.3941  Gross: 1.4090  Gate: 0.8181
Episode 263  Reward:  -0.031775  Wealth:    104279.41  Turnover: 0.4118  Gross: 1.3921  Gate: 0.7843
Episode 264  Reward:  -0.129086  Wealth:     94728.29  Turnover: 0.3089  Gross: 1.3995  Gate: 0.7989
Episode 265  Reward:   0.042767  Wealth:    114788.61  Turnover: 0.2727  Gross: 1.3499  Gate: 0.6998
Episode 266  Reward:   0.066284  Wealth:    116311.53  Turnover: 0.3107  Gross: 1.4004  Gate: 0.8009
Episode 267  Reward:   0.062829  Wealth:    115771.31  Turnover: 0.3541  Gross: 1.3927  Gate: 0.7855
Episode 268  Reward:   0.147247  Wealth:    129259.38  Turnover: 0.4918  Gross: 1.3972  Gate: 0.7944
Episode 269  Reward:   0.040129  Wealth:    112720.49  Turnover: 0.2477  Gross: 1.3974  Gate: 0.7949
Episode 270  Reward:   0.074260  Wealth:    117211.59  Turnover: 0.2865  Gross: 1.3928  Gate: 0.7855
Episode    270  AvgReward:   0.048419  Noise: 0.0875
Episode 271  Reward:   0.144479  Wealth:    127566.61  Turnover: 0.3199  Gross: 1.4079  Gate: 0.8157
Episode 272  Reward:  -0.110075  Wealth:     96472.99  Turnover: 0.4215  Gross: 1.4063  Gate: 0.8126
Episode 273  Reward:   0.223819  Wealth:    142914.11  Turnover: 0.3326  Gross: 1.4033  Gate: 0.8066
Episode 274  Reward:   0.237575  Wealth:    146203.10  Turnover: 0.4306  Gross: 1.4004  Gate: 0.8007
Episode 275  Reward:   0.040063  Wealth:    114867.79  Turnover: 0.3156  Gross: 1.3819  Gate: 0.7638
Episode 276  Reward:   0.060851  Wealth:    115731.30  Turnover: 0.3753  Gross: 1.4017  Gate: 0.8035
Episode 277  Reward:   0.205561  Wealth:    140173.73  Turnover: 0.5481  Gross: 1.3787  Gate: 0.7574
Episode 278  Reward:   0.271526  Wealth:    152513.00  Turnover: 0.3286  Gross: 1.4063  Gate: 0.8127
Episode 279  Reward:   0.058007  Wealth:    114931.23  Turnover: 0.3378  Gross: 1.3993  Gate: 0.7986
Episode 280  Reward:   0.118859  Wealth:    123776.96  Turnover: 0.3679  Gross: 1.4003  Gate: 0.8005
Episode    280  AvgReward:   0.125066  Noise: 0.0858
Episode 281  Reward:   0.169135  Wealth:    133226.53  Turnover: 0.5360  Gross: 1.3918  Gate: 0.7837
Episode 282  Reward:   0.056332  Wealth:    115139.01  Turnover: 0.4490  Gross: 1.3960  Gate: 0.7920
Episode 283  Reward:   0.251994  Wealth:    151050.45  Turnover: 0.2864  Gross: 1.3812  Gate: 0.7624
Episode 284  Reward:   0.117163  Wealth:    125263.57  Turnover: 0.2985  Gross: 1.4057  Gate: 0.8115
Episode 285  Reward:   0.090764  Wealth:    122027.61  Turnover: 0.4183  Gross: 1.3835  Gate: 0.7670
Episode 286  Reward:   0.272160  Wealth:    152415.26  Turnover: 0.2543  Gross: 1.3925  Gate: 0.7851
Episode 287  Reward:   0.089144  Wealth:    120540.17  Turnover: 0.3045  Gross: 1.3973  Gate: 0.7945
Episode 288  Reward:   0.236053  Wealth:    144804.11  Turnover: 0.4615  Gross: 1.3925  Gate: 0.7851
Episode 289  Reward:   0.210511  Wealth:    139661.63  Turnover: 0.2868  Gross: 1.4001  Gate: 0.8001
Episode 290  Reward:   0.046548  Wealth:    114889.98  Turnover: 0.4241  Gross: 1.4049  Gate: 0.8098
Episode    290  AvgReward:   0.153981  Noise: 0.0841
Episode 291  Reward:   0.081969  Wealth:    118053.24  Turnover: 0.2202  Gross: 1.4056  Gate: 0.8112
Episode 292  Reward:   0.042340  Wealth:    115458.45  Turnover: 0.3157  Gross: 1.3870  Gate: 0.7740
Episode 293  Reward:  -0.006699  Wealth:    108467.38  Turnover: 0.3398  Gross: 1.3889  Gate: 0.7777
Episode 294  Reward:   0.026976  Wealth:    111679.29  Turnover: 0.3386  Gross: 1.3899  Gate: 0.7798
Episode 295  Reward:   0.152950  Wealth:    131546.19  Turnover: 0.3795  Gross: 1.3786  Gate: 0.7572
Episode 296  Reward:   0.167275  Wealth:    130926.20  Turnover: 0.2257  Gross: 1.3666  Gate: 0.7332
Episode 297  Reward:   0.217449  Wealth:    141179.26  Turnover: 0.3621  Gross: 1.4044  Gate: 0.8087
Episode 298  Reward:   0.172542  Wealth:    133434.61  Turnover: 0.4059  Gross: 1.4001  Gate: 0.8003
Episode 299  Reward:   0.081267  Wealth:    118106.81  Turnover: 0.3109  Gross: 1.3924  Gate: 0.7848
Episode 300  Reward:   0.017345  Wealth:    110668.41  Turnover: 0.3252  Gross: 1.3855  Gate: 0.7711
Episode    300  AvgReward:   0.095341  Noise: 0.0824
Episode 301  Reward:   0.070952  Wealth:    119424.17  Turnover: 0.4307  Gross: 1.3850  Gate: 0.7701
Episode 302  Reward:   0.258150  Wealth:    149989.44  Turnover: 0.3612  Gross: 1.3913  Gate: 0.7826
Episode 303  Reward:   0.171788  Wealth:    132521.33  Turnover: 0.4224  Gross: 1.3938  Gate: 0.7877
Episode 304  Reward:   0.182062  Wealth:    135712.53  Turnover: 0.4555  Gross: 1.3971  Gate: 0.7942
Episode 305  Reward:   0.162171  Wealth:    131105.13  Turnover: 0.4251  Gross: 1.3944  Gate: 0.7888
Episode 306  Reward:   0.032323  Wealth:    111565.56  Turnover: 0.2829  Gross: 1.4097  Gate: 0.8193
Episode 307  Reward:   0.055821  Wealth:    117027.53  Turnover: 0.3481  Gross: 1.3834  Gate: 0.7667
Episode 308  Reward:   0.003030  Wealth:    109544.48  Turnover: 0.3267  Gross: 1.3857  Gate: 0.7715
Episode 309  Reward:   0.255969  Wealth:    148278.96  Turnover: 0.3170  Gross: 1.3880  Gate: 0.7759
Episode 310  Reward:  -0.016371  Wealth:    106456.61  Turnover: 0.3953  Gross: 1.3997  Gate: 0.7994
Episode    310  AvgReward:   0.117589  Noise: 0.0808
Episode 311  Reward:   0.168747  Wealth:    131928.82  Turnover: 0.5581  Gross: 1.4058  Gate: 0.8115
Episode 312  Reward:   0.008123  Wealth:    108848.42  Turnover: 0.5178  Gross: 1.3981  Gate: 0.7962
Episode 313  Reward:   0.117751  Wealth:    123552.76  Turnover: 0.4024  Gross: 1.3945  Gate: 0.7891
Episode 314  Reward:  -0.065102  Wealth:    101497.58  Turnover: 0.3334  Gross: 1.3924  Gate: 0.7847
Episode 315  Reward:   0.016905  Wealth:    112814.75  Turnover: 0.4521  Gross: 1.3813  Gate: 0.7625
Episode 316  Reward:   0.082813  Wealth:    118370.03  Turnover: 0.3581  Gross: 1.3917  Gate: 0.7834
Episode 317  Reward:   0.239940  Wealth:    145835.18  Turnover: 0.4100  Gross: 1.4042  Gate: 0.8084
Episode 318  Reward:   0.065388  Wealth:    115645.85  Turnover: 0.4348  Gross: 1.3954  Gate: 0.7909
Episode 319  Reward:   0.177038  Wealth:    135422.29  Turnover: 0.5181  Gross: 1.3791  Gate: 0.7583
Episode 320  Reward:  -0.149180  Wealth:     93076.00  Turnover: 0.3875  Gross: 1.3869  Gate: 0.7739
Episode    320  AvgReward:   0.066242  Noise: 0.0792
Episode 321  Reward:   0.173869  Wealth:    132683.47  Turnover: 0.4436  Gross: 1.3886  Gate: 0.7772
Episode 322  Reward:   0.005693  Wealth:    109528.12  Turnover: 0.3612  Gross: 1.3926  Gate: 0.7852
Episode 323  Reward:   0.025427  Wealth:    110741.95  Turnover: 0.3648  Gross: 1.3887  Gate: 0.7774
Episode 324  Reward:  -0.020959  Wealth:    105636.39  Turnover: 0.4297  Gross: 1.3923  Gate: 0.7845
Episode 325  Reward:   0.280727  Wealth:    155153.83  Turnover: 0.4483  Gross: 1.3909  Gate: 0.7817
Episode 326  Reward:   0.140419  Wealth:    129102.56  Turnover: 0.5256  Gross: 1.4005  Gate: 0.8010
Episode 327  Reward:   0.061137  Wealth:    115285.01  Turnover: 0.3975  Gross: 1.4059  Gate: 0.8117
Episode 328  Reward:   0.186421  Wealth:    134838.38  Turnover: 0.6129  Gross: 1.4082  Gate: 0.8164
Episode 329  Reward:   0.025782  Wealth:    111348.46  Turnover: 0.6055  Gross: 1.3978  Gate: 0.7956
Episode 330  Reward:   0.230384  Wealth:    143093.28  Turnover: 0.4010  Gross: 1.4003  Gate: 0.8006
Episode    330  AvgReward:   0.110890  Noise: 0.0776
Episode 331  Reward:   0.104744  Wealth:    125915.07  Turnover: 0.3310  Gross: 1.3833  Gate: 0.7665
Episode 332  Reward:   0.128258  Wealth:    127561.70  Turnover: 0.4808  Gross: 1.3830  Gate: 0.7659
Episode 333  Reward:   0.147534  Wealth:    127943.63  Turnover: 0.3869  Gross: 1.3937  Gate: 0.7874
Episode 334  Reward:   0.156997  Wealth:    129371.87  Turnover: 0.3979  Gross: 1.3994  Gate: 0.7988
Episode 335  Reward:  -0.012570  Wealth:    106083.72  Turnover: 0.3957  Gross: 1.4011  Gate: 0.8022
Episode 336  Reward:   0.078183  Wealth:    121009.15  Turnover: 0.3123  Gross: 1.3691  Gate: 0.7383
Episode 337  Reward:   0.044518  Wealth:    115118.48  Turnover: 0.3787  Gross: 1.3896  Gate: 0.7791
Episode 338  Reward:   0.213346  Wealth:    139721.69  Turnover: 0.2837  Gross: 1.3969  Gate: 0.7937
Episode 339  Reward:   0.356232  Wealth:    173590.30  Turnover: 0.2449  Gross: 1.3895  Gate: 0.7791
Episode 340  Reward:   0.051592  Wealth:    114133.05  Turnover: 0.3868  Gross: 1.3983  Gate: 0.7967
Episode    340  AvgReward:   0.126883  Noise: 0.0761
Episode 341  Reward:   0.342547  Wealth:    175691.11  Turnover: 0.3796  Gross: 1.3905  Gate: 0.7811
Episode 342  Reward:   0.156120  Wealth:    130372.96  Turnover: 0.4114  Gross: 1.3855  Gate: 0.7711
Episode 343  Reward:  -0.023561  Wealth:    105847.37  Turnover: 0.4543  Gross: 1.3987  Gate: 0.7974
Episode 344  Reward:   0.024737  Wealth:    110809.43  Turnover: 0.3005  Gross: 1.4019  Gate: 0.8037
Episode 345  Reward:   0.002923  Wealth:    108669.74  Turnover: 0.4319  Gross: 1.4049  Gate: 0.8098
Episode 346  Reward:   0.051449  Wealth:    114726.59  Turnover: 0.4880  Gross: 1.3918  Gate: 0.7836
Episode 347  Reward:   0.075852  Wealth:    120367.74  Turnover: 0.3557  Gross: 1.3966  Gate: 0.7932
Episode 348  Reward:   0.017851  Wealth:    112562.31  Turnover: 0.4990  Gross: 1.3902  Gate: 0.7805
Episode 349  Reward:   0.303457  Wealth:    162807.53  Turnover: 0.4774  Gross: 1.3868  Gate: 0.7737
Episode 350  Reward:   0.118284  Wealth:    123669.14  Turnover: 0.3933  Gross: 1.3936  Gate: 0.7871
Episode    350  AvgReward:   0.106966  Noise: 0.0746
Episode 351  Reward:  -0.003413  Wealth:    107317.10  Turnover: 0.2558  Gross: 1.4031  Gate: 0.8061
Episode 352  Reward:   0.003480  Wealth:    109073.41  Turnover: 0.4740  Gross: 1.3972  Gate: 0.7945
Episode 353  Reward:   0.228671  Wealth:    146325.06  Turnover: 0.4728  Gross: 1.3853  Gate: 0.7706
Episode 354  Reward:  -0.137617  Wealth:     96032.33  Turnover: 0.6384  Gross: 1.3907  Gate: 0.7813
Episode 355  Reward:   0.257582  Wealth:    149437.79  Turnover: 0.3606  Gross: 1.4094  Gate: 0.8187
Episode 356  Reward:   0.139873  Wealth:    126572.75  Turnover: 0.4246  Gross: 1.3798  Gate: 0.7596
Episode 357  Reward:  -0.166582  Wealth:     92193.80  Turnover: 0.5012  Gross: 1.3911  Gate: 0.7823
Episode 358  Reward:   0.072333  Wealth:    117575.70  Turnover: 0.5089  Gross: 1.4020  Gate: 0.8040
Episode 359  Reward:  -0.003531  Wealth:    107340.51  Turnover: 0.3825  Gross: 1.4036  Gate: 0.8072
Episode 360  Reward:   0.156363  Wealth:    131697.89  Turnover: 0.4181  Gross: 1.3900  Gate: 0.7800
Episode    360  AvgReward:   0.054716  Noise: 0.0731
Episode 361  Reward:   0.341619  Wealth:    171667.51  Turnover: 0.4817  Gross: 1.3830  Gate: 0.7661
Episode 362  Reward:   0.197840  Wealth:    141272.28  Turnover: 0.3662  Gross: 1.3895  Gate: 0.7789
Episode 363  Reward:   0.218656  Wealth:    142667.91  Turnover: 0.5880  Gross: 1.3986  Gate: 0.7971
Episode 364  Reward:   0.027836  Wealth:    111591.32  Turnover: 0.4262  Gross: 1.3920  Gate: 0.7839
Episode 365  Reward:   0.000790  Wealth:    108618.79  Turnover: 0.4013  Gross: 1.3767  Gate: 0.7534
Episode 366  Reward:   0.125155  Wealth:    125431.59  Turnover: 0.3264  Gross: 1.3924  Gate: 0.7848
Episode 367  Reward:   0.123940  Wealth:    124043.11  Turnover: 0.2812  Gross: 1.3859  Gate: 0.7718
Episode 368  Reward:  -0.237991  Wealth:     86088.20  Turnover: 0.4813  Gross: 1.4012  Gate: 0.8025
Episode 369  Reward:   0.441706  Wealth:    204626.79  Turnover: 0.4723  Gross: 1.3896  Gate: 0.7791
Episode 370  Reward:   0.224911  Wealth:    144407.97  Turnover: 0.4232  Gross: 1.3625  Gate: 0.7249
Episode    370  AvgReward:   0.146446  Noise: 0.0717
Episode 371  Reward:   0.380236  Wealth:    182349.65  Turnover: 0.4493  Gross: 1.3848  Gate: 0.7696
Episode 372  Reward:   0.241995  Wealth:    145490.65  Turnover: 0.4490  Gross: 1.3699  Gate: 0.7397
Episode 373  Reward:   0.061138  Wealth:    117782.80  Turnover: 0.4313  Gross: 1.3976  Gate: 0.7951
Episode 374  Reward:   0.098735  Wealth:    119799.27  Turnover: 0.4856  Gross: 1.3997  Gate: 0.7994
Episode 375  Reward:   0.312092  Wealth:    162842.33  Turnover: 0.3562  Gross: 1.3831  Gate: 0.7661
Episode 376  Reward:  -0.158251  Wealth:     92929.89  Turnover: 0.4180  Gross: 1.3890  Gate: 0.7781
Episode 377  Reward:  -0.099060  Wealth:     97273.96  Turnover: 0.4060  Gross: 1.4068  Gate: 0.8137
Episode 378  Reward:   0.143714  Wealth:    127308.50  Turnover: 0.4828  Gross: 1.3864  Gate: 0.7727
Episode 379  Reward:   0.142113  Wealth:    126745.72  Turnover: 0.4199  Gross: 1.3950  Gate: 0.7899
Episode 380  Reward:   0.130110  Wealth:    126826.88  Turnover: 0.4097  Gross: 1.3880  Gate: 0.7759
Episode    380  AvgReward:   0.125282  Noise: 0.0702
Episode 381  Reward:  -0.085015  Wealth:    100645.52  Turnover: 0.3938  Gross: 1.3921  Gate: 0.7842
Episode 382  Reward:  -0.009639  Wealth:    106857.86  Turnover: 0.4764  Gross: 1.3952  Gate: 0.7904
Episode 383  Reward:   0.174062  Wealth:    133270.83  Turnover: 0.7445  Gross: 1.3921  Gate: 0.7843
Episode 384  Reward:  -0.009633  Wealth:    106910.71  Turnover: 0.4072  Gross: 1.3802  Gate: 0.7603
Episode 385  Reward:   0.020161  Wealth:    110229.63  Turnover: 0.4206  Gross: 1.3878  Gate: 0.7756
Episode 386  Reward:   0.088676  Wealth:    121202.36  Turnover: 0.5845  Gross: 1.3921  Gate: 0.7842
Episode 387  Reward:   0.103755  Wealth:    120600.66  Turnover: 0.5241  Gross: 1.3886  Gate: 0.7772
Episode 388  Reward:  -0.023899  Wealth:    105825.01  Turnover: 0.5455  Gross: 1.3766  Gate: 0.7533
Episode 389  Reward:  -0.115178  Wealth:     95716.14  Turnover: 0.3450  Gross: 1.3928  Gate: 0.7855
Episode 390  Reward:   0.302498  Wealth:    166153.97  Turnover: 0.5728  Gross: 1.3826  Gate: 0.7652
Episode    390  AvgReward:   0.044579  Noise: 0.0688
Episode 391  Reward:  -0.017791  Wealth:    105621.71  Turnover: 0.3772  Gross: 1.3990  Gate: 0.7979
Episode 392  Reward:   0.261092  Wealth:    149664.99  Turnover: 0.4566  Gross: 1.3958  Gate: 0.7917
Episode 393  Reward:   0.192765  Wealth:    136377.08  Turnover: 0.5669  Gross: 1.3978  Gate: 0.7957
Episode 394  Reward:  -0.425375  Wealth:     73853.89  Turnover: 0.4889  Gross: 1.3936  Gate: 0.7873
Episode 395  Reward:   0.216606  Wealth:    140958.24  Turnover: 0.3827  Gross: 1.3970  Gate: 0.7939
Episode 396  Reward:  -0.024116  Wealth:    104678.87  Turnover: 0.5092  Gross: 1.4065  Gate: 0.8130
Episode 397  Reward:   0.122394  Wealth:    125323.47  Turnover: 0.4594  Gross: 1.3852  Gate: 0.7703
Episode 398  Reward:   0.194341  Wealth:    135943.43  Turnover: 0.4708  Gross: 1.3856  Gate: 0.7713
Episode 399  Reward:   0.196674  Wealth:    139949.83  Turnover: 0.4580  Gross: 1.3879  Gate: 0.7758
Episode 400  Reward:   0.130068  Wealth:    128639.90  Turnover: 0.5740  Gross: 1.3974  Gate: 0.7948
Episode    400  AvgReward:   0.084666  Noise: 0.0675
Episode 401  Reward:  -0.030486  Wealth:    105146.96  Turnover: 0.4901  Gross: 1.3895  Gate: 0.7789
Episode 402  Reward:   0.131962  Wealth:    127908.72  Turnover: 0.5009  Gross: 1.3833  Gate: 0.7666
Episode 403  Reward:   0.194012  Wealth:    135607.33  Turnover: 0.4457  Gross: 1.3757  Gate: 0.7515
Episode 404  Reward:   0.034955  Wealth:    110625.46  Turnover: 0.3799  Gross: 1.3900  Gate: 0.7801
Episode 405  Reward:  -0.187494  Wealth:     89474.84  Turnover: 0.6240  Gross: 1.4059  Gate: 0.8117
Episode 406  Reward:   0.123048  Wealth:    123341.42  Turnover: 0.4467  Gross: 1.4001  Gate: 0.8001
Episode 407  Reward:   0.091796  Wealth:    120109.34  Turnover: 0.4915  Gross: 1.3838  Gate: 0.7676
Episode 408  Reward:   0.103145  Wealth:    119904.48  Turnover: 0.3848  Gross: 1.3934  Gate: 0.7868
Episode 409  Reward:  -0.119703  Wealth:     96327.65  Turnover: 0.5229  Gross: 1.3917  Gate: 0.7833
Episode 410  Reward:   0.137869  Wealth:    126193.83  Turnover: 0.4597  Gross: 1.4003  Gate: 0.8006
Episode    410  AvgReward:   0.047910  Noise: 0.0661
Episode 411  Reward:   0.187956  Wealth:    134736.07  Turnover: 0.4945  Gross: 1.3940  Gate: 0.7881
Episode 412  Reward:   0.212542  Wealth:    138915.63  Turnover: 0.5028  Gross: 1.4034  Gate: 0.8068
Episode 413  Reward:   0.041727  Wealth:    112315.53  Turnover: 0.4630  Gross: 1.3860  Gate: 0.7720
Episode 414  Reward:   0.300647  Wealth:    161814.48  Turnover: 0.5105  Gross: 1.3983  Gate: 0.7966
Episode 415  Reward:   0.282348  Wealth:    152632.61  Turnover: 0.5055  Gross: 1.3888  Gate: 0.7776
Episode 416  Reward:   0.258363  Wealth:    149977.19  Turnover: 0.5133  Gross: 1.3812  Gate: 0.7625
Episode 417  Reward:   0.167221  Wealth:    132466.56  Turnover: 0.4235  Gross: 1.4024  Gate: 0.8047
Episode 418  Reward:  -0.137250  Wealth:     94256.22  Turnover: 0.4688  Gross: 1.3936  Gate: 0.7872
Episode 419  Reward:   0.112115  Wealth:    123812.33  Turnover: 0.4302  Gross: 1.3947  Gate: 0.7895
Episode 420  Reward:   0.190900  Wealth:    135571.29  Turnover: 0.3993  Gross: 1.3994  Gate: 0.7988
Episode    420  AvgReward:   0.161657  Noise: 0.0648
Episode 421  Reward:  -0.067056  Wealth:    100327.85  Turnover: 0.3285  Gross: 1.3986  Gate: 0.7972
Episode 422  Reward:  -0.025247  Wealth:    107042.86  Turnover: 0.4418  Gross: 1.3969  Gate: 0.7939
Episode 423  Reward:   0.105694  Wealth:    121377.67  Turnover: 0.5504  Gross: 1.4010  Gate: 0.8019
Episode 424  Reward:   0.223951  Wealth:    145018.74  Turnover: 0.5871  Gross: 1.3718  Gate: 0.7437
Episode 425  Reward:   0.201966  Wealth:    136895.76  Turnover: 0.3445  Gross: 1.4030  Gate: 0.8060
Episode 426  Reward:   0.269593  Wealth:    155371.04  Turnover: 0.3640  Gross: 1.3584  Gate: 0.7169
Episode 427  Reward:   0.049393  Wealth:    115696.42  Turnover: 0.5166  Gross: 1.3920  Gate: 0.7839
Episode 428  Reward:   0.062717  Wealth:    117032.65  Turnover: 0.4659  Gross: 1.4016  Gate: 0.8032
Episode 429  Reward:   0.044387  Wealth:    112773.58  Turnover: 0.2772  Gross: 1.3999  Gate: 0.7998
Episode 430  Reward:   0.180592  Wealth:    133443.35  Turnover: 0.5305  Gross: 1.3897  Gate: 0.7794
Episode    430  AvgReward:   0.104599  Noise: 0.0635
Episode 431  Reward:   0.099637  Wealth:    120008.83  Turnover: 0.3716  Gross: 1.4002  Gate: 0.8004
Episode 432  Reward:   0.050800  Wealth:    113663.85  Turnover: 0.4609  Gross: 1.4039  Gate: 0.8079
Episode 433  Reward:   0.135623  Wealth:    127861.88  Turnover: 0.4470  Gross: 1.3874  Gate: 0.7749
Episode 434  Reward:   0.216222  Wealth:    139871.96  Turnover: 0.4112  Gross: 1.4008  Gate: 0.8015
Episode 435  Reward:   0.099198  Wealth:    119897.49  Turnover: 0.5200  Gross: 1.3956  Gate: 0.7911
Episode 436  Reward:   0.046090  Wealth:    114154.50  Turnover: 0.6231  Gross: 1.3909  Gate: 0.7818
Episode 437  Reward:   0.100040  Wealth:    120215.30  Turnover: 0.5019  Gross: 1.3876  Gate: 0.7752
Episode 438  Reward:   0.098812  Wealth:    121071.57  Turnover: 0.5425  Gross: 1.3723  Gate: 0.7445
Episode 439  Reward:  -0.054657  Wealth:    101400.59  Turnover: 0.4816  Gross: 1.3959  Gate: 0.7918
Episode 440  Reward:   0.060910  Wealth:    114888.80  Turnover: 0.5760  Gross: 1.4008  Gate: 0.8015
Episode    440  AvgReward:   0.085267  Noise: 0.0623
Episode 441  Reward:   0.242226  Wealth:    146446.34  Turnover: 0.4790  Gross: 1.3912  Gate: 0.7823
Episode 442  Reward:   0.089936  Wealth:    122441.68  Turnover: 0.6471  Gross: 1.3846  Gate: 0.7693
Episode 443  Reward:   0.314257  Wealth:    167481.71  Turnover: 0.6828  Gross: 1.3890  Gate: 0.7779
Episode 444  Reward:   0.140627  Wealth:    128204.76  Turnover: 0.6196  Gross: 1.3929  Gate: 0.7857
Episode 445  Reward:  -0.071324  Wealth:    101437.19  Turnover: 0.4976  Gross: 1.3977  Gate: 0.7955
Episode 446  Reward:   0.113261  Wealth:    122875.13  Turnover: 0.5123  Gross: 1.3930  Gate: 0.7861
Episode 447  Reward:   0.291947  Wealth:    156025.59  Turnover: 0.5623  Gross: 1.3841  Gate: 0.7681
Episode 448  Reward:   0.165302  Wealth:    129585.69  Turnover: 0.3091  Gross: 1.3958  Gate: 0.7916
Episode 449  Reward:   0.120628  Wealth:    124901.55  Turnover: 0.4465  Gross: 1.3934  Gate: 0.7867
Episode 450  Reward:   0.156582  Wealth:    129371.69  Turnover: 0.5931  Gross: 1.3764  Gate: 0.7528
Episode    450  AvgReward:   0.156344  Noise: 0.0611
Episode 451  Reward:   0.064161  Wealth:    115550.44  Turnover: 0.5980  Gross: 1.4011  Gate: 0.8022
Episode 452  Reward:  -0.227382  Wealth:     89643.31  Turnover: 0.4342  Gross: 1.3911  Gate: 0.7823
Episode 453  Reward:   0.019294  Wealth:    110190.70  Turnover: 0.6574  Gross: 1.3998  Gate: 0.7995
Episode 454  Reward:   0.061217  Wealth:    116201.60  Turnover: 0.6332  Gross: 1.3881  Gate: 0.7762
Episode 455  Reward:   0.086909  Wealth:    119487.99  Turnover: 0.6764  Gross: 1.3891  Gate: 0.7782
Episode 456  Reward:   0.273182  Wealth:    155112.78  Turnover: 0.5358  Gross: 1.3928  Gate: 0.7857
Episode 457  Reward:   0.198132  Wealth:    136819.38  Turnover: 0.5050  Gross: 1.4032  Gate: 0.8064
Episode 458  Reward:   0.233400  Wealth:    141813.24  Turnover: 0.4564  Gross: 1.3792  Gate: 0.7585
Episode 459  Reward:   0.126558  Wealth:    125907.63  Turnover: 0.6054  Gross: 1.3933  Gate: 0.7866
Episode 460  Reward:   0.228352  Wealth:    142574.06  Turnover: 0.5322  Gross: 1.3933  Gate: 0.7867
Episode    460  AvgReward:   0.106382  Noise: 0.0598
Episode 461  Reward:   0.105197  Wealth:    123323.33  Turnover: 0.6444  Gross: 1.3899  Gate: 0.7798
Episode 462  Reward:   0.365831  Wealth:    177095.12  Turnover: 0.6338  Gross: 1.3892  Gate: 0.7785
Episode 463  Reward:   0.092358  Wealth:    120215.02  Turnover: 0.6123  Gross: 1.3994  Gate: 0.7988
Episode 464  Reward:   0.253976  Wealth:    147321.59  Turnover: 0.4275  Gross: 1.3940  Gate: 0.7879
Episode 465  Reward:  -0.009745  Wealth:    105628.97  Turnover: 0.5666  Gross: 1.4029  Gate: 0.8059
Episode 466  Reward:   0.063596  Wealth:    116579.59  Turnover: 0.6051  Gross: 1.3851  Gate: 0.7701
Episode 467  Reward:   0.028509  Wealth:    111359.80  Turnover: 0.5800  Gross: 1.3989  Gate: 0.7978
Episode 468  Reward:   0.173858  Wealth:    132190.57  Turnover: 0.3450  Gross: 1.3998  Gate: 0.7997
Episode 469  Reward:  -0.096796  Wealth:     98681.17  Turnover: 0.6721  Gross: 1.3949  Gate: 0.7898
Episode 470  Reward:  -0.065153  Wealth:    101748.04  Turnover: 0.5970  Gross: 1.3933  Gate: 0.7865
Episode    470  AvgReward:   0.091163  Noise: 0.0587
Episode 471  Reward:  -0.008350  Wealth:    106554.86  Turnover: 0.5601  Gross: 1.4077  Gate: 0.8153
Episode 472  Reward:   0.351069  Wealth:    170878.22  Turnover: 0.4053  Gross: 1.3984  Gate: 0.7968
Episode 473  Reward:   0.149696  Wealth:    127217.40  Turnover: 0.4769  Gross: 1.4026  Gate: 0.8051
Episode 474  Reward:   0.206346  Wealth:    139740.89  Turnover: 0.7500  Gross: 1.3971  Gate: 0.7942
Episode 475  Reward:   0.135733  Wealth:    127150.30  Turnover: 0.6491  Gross: 1.4032  Gate: 0.8064
Episode 476  Reward:   0.217706  Wealth:    144756.55  Turnover: 0.6430  Gross: 1.3924  Gate: 0.7849
Episode 477  Reward:   0.165054  Wealth:    132201.30  Turnover: 0.6913  Gross: 1.4010  Gate: 0.8021
Episode 478  Reward:  -0.032628  Wealth:    106516.95  Turnover: 0.6489  Gross: 1.3945  Gate: 0.7890
Episode 479  Reward:   0.132564  Wealth:    124744.03  Turnover: 0.5079  Gross: 1.4015  Gate: 0.8030
Episode 480  Reward:   0.322773  Wealth:    166594.45  Turnover: 0.5846  Gross: 1.4011  Gate: 0.8022
Episode    480  AvgReward:   0.163996  Noise: 0.0575
Episode 481  Reward:   0.113012  Wealth:    122186.74  Turnover: 0.3058  Gross: 1.4009  Gate: 0.8017
Episode 482  Reward:   0.297507  Wealth:    159077.57  Turnover: 0.8829  Gross: 1.4014  Gate: 0.8028
Episode 483  Reward:   0.171395  Wealth:    132801.03  Turnover: 0.7366  Gross: 1.3846  Gate: 0.7692
Episode 484  Reward:   0.233490  Wealth:    142861.30  Turnover: 0.4303  Gross: 1.3985  Gate: 0.7971
Episode 485  Reward:  -0.098462  Wealth:    100735.20  Turnover: 0.5223  Gross: 1.3993  Gate: 0.7985
Episode 486  Reward:   0.161290  Wealth:    130958.34  Turnover: 0.5404  Gross: 1.3916  Gate: 0.7832
Episode 487  Reward:   0.037662  Wealth:    111533.21  Turnover: 0.3702  Gross: 1.4056  Gate: 0.8112
Episode 488  Reward:   0.119914  Wealth:    125561.83  Turnover: 0.3537  Gross: 1.3913  Gate: 0.7825
Episode 489  Reward:   0.174574  Wealth:    131378.02  Turnover: 0.5873  Gross: 1.3972  Gate: 0.7945
Episode 490  Reward:   0.198199  Wealth:    135824.76  Turnover: 0.4836  Gross: 1.3842  Gate: 0.7684
Episode    490  AvgReward:   0.140858  Noise: 0.0564
Episode 491  Reward:   0.256490  Wealth:    147109.95  Turnover: 0.4076  Gross: 1.4005  Gate: 0.8010
Episode 492  Reward:   0.231305  Wealth:    142465.18  Turnover: 0.2706  Gross: 1.4034  Gate: 0.8068
Episode 493  Reward:   0.055598  Wealth:    114341.50  Turnover: 0.4044  Gross: 1.3999  Gate: 0.7998
Episode 494  Reward:   0.079687  Wealth:    119470.58  Turnover: 0.6504  Gross: 1.4053  Gate: 0.8107
Episode 495  Reward:   0.079058  Wealth:    117736.71  Turnover: 0.5790  Gross: 1.3990  Gate: 0.7979
Episode 496  Reward:   0.195043  Wealth:    135300.91  Turnover: 0.3380  Gross: 1.3998  Gate: 0.7995
Episode 497  Reward:  -0.032439  Wealth:    103731.83  Turnover: 0.5850  Gross: 1.3986  Gate: 0.7971
Episode 498  Reward:   0.065594  Wealth:    115449.41  Turnover: 0.6075  Gross: 1.4056  Gate: 0.8112
Episode 499  Reward:   0.202461  Wealth:    139251.15  Turnover: 0.4744  Gross: 1.3936  Gate: 0.7873
Episode 500  Reward:  -0.081232  Wealth:    100117.88  Turnover: 0.5093  Gross: 1.4005  Gate: 0.8010
Episode    500  AvgReward:   0.105156  Noise: 0.0552
Episode 501  Reward:   0.093605  Wealth:    122389.41  Turnover: 0.5094  Gross: 1.3923  Gate: 0.7847
Episode 502  Reward:   0.255080  Wealth:    149604.59  Turnover: 0.7433  Gross: 1.3919  Gate: 0.7838
Episode 503  Reward:   0.069892  Wealth:    115646.48  Turnover: 0.3735  Gross: 1.4056  Gate: 0.8113
Episode 504  Reward:   0.120104  Wealth:    123082.49  Turnover: 0.3582  Gross: 1.4009  Gate: 0.8018
Episode 505  Reward:   0.230934  Wealth:    144777.70  Turnover: 0.6754  Gross: 1.3889  Gate: 0.7779
Episode 506  Reward:   0.103056  Wealth:    120928.46  Turnover: 0.6834  Gross: 1.3808  Gate: 0.7617
Episode 507  Reward:   0.095336  Wealth:    122551.14  Turnover: 0.8561  Gross: 1.3784  Gate: 0.7567
Episode 508  Reward:   0.101939  Wealth:    121374.51  Turnover: 0.5092  Gross: 1.4016  Gate: 0.8032
Episode 509  Reward:   0.049979  Wealth:    113033.36  Turnover: 0.5009  Gross: 1.4052  Gate: 0.8104
Episode 510  Reward:   0.039850  Wealth:    112995.44  Turnover: 0.6009  Gross: 1.3974  Gate: 0.7948
Episode    510  AvgReward:   0.115977  Noise: 0.0541
Episode 511  Reward:   0.027500  Wealth:    111143.70  Turnover: 0.8292  Gross: 1.4002  Gate: 0.8004
Episode 512  Reward:   0.095966  Wealth:    120731.58  Turnover: 0.5539  Gross: 1.4034  Gate: 0.8069
Episode 513  Reward:   0.080621  Wealth:    117196.83  Turnover: 0.3970  Gross: 1.4003  Gate: 0.8007
Episode 514  Reward:   0.058449  Wealth:    114626.30  Turnover: 0.6200  Gross: 1.3877  Gate: 0.7754
Episode 515  Reward:   0.134415  Wealth:    127132.04  Turnover: 0.7399  Gross: 1.3826  Gate: 0.7651
Episode 516  Reward:   0.123326  Wealth:    124507.23  Turnover: 0.4689  Gross: 1.4034  Gate: 0.8067
Episode 517  Reward:  -0.115380  Wealth:     98525.41  Turnover: 0.6150  Gross: 1.4009  Gate: 0.8019
Episode 518  Reward:   0.167821  Wealth:    131755.35  Turnover: 0.3757  Gross: 1.4072  Gate: 0.8144
Episode 519  Reward:   0.197292  Wealth:    138003.70  Turnover: 0.7035  Gross: 1.4020  Gate: 0.8039
Episode 520  Reward:   0.033809  Wealth:    112299.04  Turnover: 0.5394  Gross: 1.3948  Gate: 0.7896
Episode    520  AvgReward:   0.080382  Noise: 0.0531
Episode 521  Reward:   0.113218  Wealth:    124094.68  Turnover: 0.5206  Gross: 1.3829  Gate: 0.7657
Episode 522  Reward:   0.293244  Wealth:    156643.80  Turnover: 0.7656  Gross: 1.3978  Gate: 0.7955
Episode 523  Reward:   0.204446  Wealth:    140364.21  Turnover: 0.7043  Gross: 1.4002  Gate: 0.8004
Episode 524  Reward:  -0.043092  Wealth:    104001.89  Turnover: 0.6144  Gross: 1.3951  Gate: 0.7901
Episode 525  Reward:   0.101755  Wealth:    121661.78  Turnover: 0.4688  Gross: 1.3820  Gate: 0.7640
Episode 526  Reward:   0.178091  Wealth:    132810.29  Turnover: 0.5217  Gross: 1.4073  Gate: 0.8146
Episode 527  Reward:   0.246699  Wealth:    150733.53  Turnover: 0.4846  Gross: 1.4002  Gate: 0.8003
Episode 528  Reward:  -0.141823  Wealth:     94016.41  Turnover: 0.6397  Gross: 1.4049  Gate: 0.8099
Episode 529  Reward:   0.143015  Wealth:    129874.40  Turnover: 0.5091  Gross: 1.3942  Gate: 0.7884
Episode 530  Reward:   0.110869  Wealth:    121853.62  Turnover: 0.6330  Gross: 1.3996  Gate: 0.7992
Episode    530  AvgReward:   0.120642  Noise: 0.0520
Episode 531  Reward:   0.022112  Wealth:    109269.05  Turnover: 0.4413  Gross: 1.4013  Gate: 0.8026
Episode 532  Reward:   0.154709  Wealth:    128896.83  Turnover: 0.4408  Gross: 1.3969  Gate: 0.7938
Episode 533  Reward:   0.210653  Wealth:    141400.73  Turnover: 0.6519  Gross: 1.4077  Gate: 0.8153
Episode 534  Reward:   0.222661  Wealth:    141269.40  Turnover: 0.2678  Gross: 1.3949  Gate: 0.7899
Episode 535  Reward:   0.222438  Wealth:    140093.24  Turnover: 0.6355  Gross: 1.4020  Gate: 0.8040
Episode 536  Reward:   0.049303  Wealth:    113439.35  Turnover: 0.4807  Gross: 1.4034  Gate: 0.8069
Episode 537  Reward:   0.224505  Wealth:    140648.30  Turnover: 0.3574  Gross: 1.4014  Gate: 0.8028
Episode 538  Reward:   0.257179  Wealth:    147511.31  Turnover: 0.4938  Gross: 1.3930  Gate: 0.7861
Episode 539  Reward:  -0.061175  Wealth:    104479.15  Turnover: 0.7245  Gross: 1.3786  Gate: 0.7571
Episode 540  Reward:   0.238734  Wealth:    145626.00  Turnover: 0.6812  Gross: 1.3960  Gate: 0.7920
Episode    540  AvgReward:   0.154112  Noise: 0.0510
Episode 541  Reward:   0.222450  Wealth:    140484.49  Turnover: 0.4280  Gross: 1.4028  Gate: 0.8056
Episode 542  Reward:   0.208765  Wealth:    142487.77  Turnover: 0.5397  Gross: 1.3960  Gate: 0.7920
Episode 543  Reward:  -0.102849  Wealth:     99092.70  Turnover: 0.7125  Gross: 1.3933  Gate: 0.7866
Episode 544  Reward:   0.198039  Wealth:    135410.14  Turnover: 0.6644  Gross: 1.4065  Gate: 0.8129
Episode 545  Reward:   0.229855  Wealth:    142370.41  Turnover: 0.4322  Gross: 1.4054  Gate: 0.8108
Episode 546  Reward:   0.083150  Wealth:    120609.60  Turnover: 0.8725  Gross: 1.3939  Gate: 0.7879
Episode 547  Reward:   0.211276  Wealth:    138201.68  Turnover: 0.3362  Gross: 1.4003  Gate: 0.8005
Episode 548  Reward:  -0.062773  Wealth:    102170.87  Turnover: 0.7105  Gross: 1.3893  Gate: 0.7785
Episode 549  Reward:   0.133152  Wealth:    125459.31  Turnover: 0.5286  Gross: 1.3998  Gate: 0.7996
Episode 550  Reward:   0.037145  Wealth:    111747.92  Turnover: 0.5353  Gross: 1.4004  Gate: 0.8009
Episode    550  AvgReward:   0.115821  Noise: 0.0500
Episode 551  Reward:   0.331215  Wealth:    165536.78  Turnover: 0.5053  Gross: 1.3883  Gate: 0.7765
Episode 552  Reward:   0.277823  Wealth:    154836.45  Turnover: 0.8894  Gross: 1.3924  Gate: 0.7848
Episode 553  Reward:   0.155919  Wealth:    132190.88  Turnover: 0.6447  Gross: 1.4009  Gate: 0.8017
Episode 554  Reward:   0.063821  Wealth:    116024.95  Turnover: 0.5780  Gross: 1.3985  Gate: 0.7970
Episode 555  Reward:   0.261400  Wealth:    148510.82  Turnover: 0.4585  Gross: 1.3996  Gate: 0.7992
Episode 556  Reward:   0.272613  Wealth:    152447.94  Turnover: 0.5896  Gross: 1.4015  Gate: 0.8030
Episode 557  Reward:   0.253198  Wealth:    146762.94  Turnover: 0.7253  Gross: 1.3968  Gate: 0.7936
Episode 558  Reward:  -0.134737  Wealth:     96032.37  Turnover: 0.5728  Gross: 1.3980  Gate: 0.7960
Episode 559  Reward:  -0.187355  Wealth:     89930.81  Turnover: 0.3655  Gross: 1.4045  Gate: 0.8090
Episode 560  Reward:   0.126522  Wealth:    124059.10  Turnover: 0.4889  Gross: 1.3868  Gate: 0.7737
Episode    560  AvgReward:   0.142042  Noise: 0.0490
Episode 561  Reward:   0.172232  Wealth:    131139.99  Turnover: 0.7031  Gross: 1.3907  Gate: 0.7814
Episode 562  Reward:   0.108331  Wealth:    121398.35  Turnover: 0.5906  Gross: 1.4018  Gate: 0.8036
Episode 563  Reward:   0.004711  Wealth:    108869.48  Turnover: 0.6024  Gross: 1.4050  Gate: 0.8099
Episode 564  Reward:   0.143540  Wealth:    128969.09  Turnover: 0.6230  Gross: 1.4023  Gate: 0.8046
Episode 565  Reward:   0.175640  Wealth:    135891.82  Turnover: 0.5292  Gross: 1.3984  Gate: 0.7969
Episode 566  Reward:   0.325606  Wealth:    164871.37  Turnover: 0.4208  Gross: 1.3917  Gate: 0.7833
Episode 567  Reward:  -0.009812  Wealth:    106233.65  Turnover: 0.4864  Gross: 1.4000  Gate: 0.7999
Episode 568  Reward:   0.154488  Wealth:    129653.97  Turnover: 0.8304  Gross: 1.4015  Gate: 0.8030
Episode 569  Reward:   0.216206  Wealth:    140646.25  Turnover: 0.6737  Gross: 1.4036  Gate: 0.8072
Episode 570  Reward:   0.261270  Wealth:    148842.45  Turnover: 0.4640  Gross: 1.4014  Gate: 0.8029
Episode    570  AvgReward:   0.155221  Noise: 0.0480
Episode 571  Reward:   0.151609  Wealth:    129193.27  Turnover: 0.5868  Gross: 1.4030  Gate: 0.8061
Episode 572  Reward:   0.111309  Wealth:    121966.22  Turnover: 0.5167  Gross: 1.4026  Gate: 0.8052
Episode 573  Reward:   0.220902  Wealth:    141487.05  Turnover: 0.4937  Gross: 1.4016  Gate: 0.8033
Episode 574  Reward:  -0.138709  Wealth:     95904.08  Turnover: 0.8767  Gross: 1.3936  Gate: 0.7872
Episode 575  Reward:  -0.090178  Wealth:     98791.89  Turnover: 0.6430  Gross: 1.3882  Gate: 0.7763
Episode 576  Reward:   0.057159  Wealth:    116161.00  Turnover: 0.6538  Gross: 1.3855  Gate: 0.7710
Episode 577  Reward:  -0.039339  Wealth:    103298.79  Turnover: 0.7362  Gross: 1.3989  Gate: 0.7978
Episode 578  Reward:   0.195540  Wealth:    135800.47  Turnover: 0.3787  Gross: 1.3912  Gate: 0.7823
Episode 579  Reward:   0.060419  Wealth:    115067.73  Turnover: 0.6048  Gross: 1.4086  Gate: 0.8172
Episode 580  Reward:  -0.025473  Wealth:    106370.66  Turnover: 0.6640  Gross: 1.3991  Gate: 0.7981
Episode    580  AvgReward:   0.050324  Noise: 0.0471
Episode 581  Reward:   0.046231  Wealth:    112801.99  Turnover: 0.4427  Gross: 1.4085  Gate: 0.8169
Episode 582  Reward:   0.196946  Wealth:    135551.47  Turnover: 0.5918  Gross: 1.3944  Gate: 0.7888
Episode 583  Reward:  -0.067510  Wealth:    100293.08  Turnover: 0.5505  Gross: 1.3918  Gate: 0.7836
Episode 584  Reward:   0.096088  Wealth:    120421.26  Turnover: 0.6523  Gross: 1.3954  Gate: 0.7908
Episode 585  Reward:   0.141131  Wealth:    127354.12  Turnover: 0.5790  Gross: 1.4003  Gate: 0.8007
Episode 586  Reward:   0.031549  Wealth:    110723.57  Turnover: 0.5031  Gross: 1.4068  Gate: 0.8135
Episode 587  Reward:  -0.064597  Wealth:    100163.36  Turnover: 0.4274  Gross: 1.3936  Gate: 0.7872
Episode 588  Reward:  -0.032220  Wealth:    104384.57  Turnover: 0.5148  Gross: 1.3911  Gate: 0.7822
Episode 589  Reward:   0.044927  Wealth:    114521.67  Turnover: 0.5664  Gross: 1.4031  Gate: 0.8061
Episode 590  Reward:   0.182128  Wealth:    132455.59  Turnover: 0.5260  Gross: 1.4001  Gate: 0.8002
Episode    590  AvgReward:   0.057467  Noise: 0.0461
Episode 591  Reward:   0.278111  Wealth:    152688.56  Turnover: 0.6692  Gross: 1.4041  Gate: 0.8083
Episode 592  Reward:   0.100101  Wealth:    121598.07  Turnover: 0.7292  Gross: 1.3992  Gate: 0.7984
Episode 593  Reward:   0.186063  Wealth:    134142.22  Turnover: 0.7272  Gross: 1.4022  Gate: 0.8045
Episode 594  Reward:   0.333977  Wealth:    165658.31  Turnover: 0.5249  Gross: 1.3948  Gate: 0.7895
Episode 595  Reward:   0.257549  Wealth:    148862.66  Turnover: 0.5026  Gross: 1.4014  Gate: 0.8028
Episode 596  Reward:   0.226840  Wealth:    141988.40  Turnover: 0.4216  Gross: 1.4013  Gate: 0.8026
Episode 597  Reward:   0.139513  Wealth:    126550.26  Turnover: 0.5177  Gross: 1.3928  Gate: 0.7856
Episode 598  Reward:   0.210875  Wealth:    138340.71  Turnover: 0.6456  Gross: 1.3991  Gate: 0.7981
Episode 599  Reward:   0.163605  Wealth:    133182.19  Turnover: 0.9451  Gross: 1.3955  Gate: 0.7911
Episode 600  Reward:   0.023598  Wealth:    110572.80  Turnover: 0.6570  Gross: 1.4054  Gate: 0.8109
Episode    600  AvgReward:   0.192023  Noise: 0.0452
Episode 601  Reward:   0.122823  Wealth:    124368.84  Turnover: 0.5326  Gross: 1.3994  Gate: 0.7988
Episode 602  Reward:   0.205929  Wealth:    137791.25  Turnover: 0.4440  Gross: 1.4002  Gate: 0.8004
Episode 603  Reward:  -0.054224  Wealth:    101816.86  Turnover: 0.6009  Gross: 1.4041  Gate: 0.8082
Episode 604  Reward:   0.258539  Wealth:    149074.26  Turnover: 0.5334  Gross: 1.3996  Gate: 0.7992
Episode 605  Reward:   0.059944  Wealth:    114835.75  Turnover: 0.4209  Gross: 1.3943  Gate: 0.7887
Episode 606  Reward:  -0.167112  Wealth:     92097.83  Turnover: 0.4686  Gross: 1.3913  Gate: 0.7825
Episode 607  Reward:   0.118842  Wealth:    123312.86  Turnover: 0.6832  Gross: 1.4001  Gate: 0.8003
Episode 608  Reward:   0.172160  Wealth:    131846.02  Turnover: 0.3112  Gross: 1.4038  Gate: 0.8077
Episode 609  Reward:   0.088770  Wealth:    119575.99  Turnover: 0.4326  Gross: 1.4055  Gate: 0.8110
Episode 610  Reward:   0.242938  Wealth:    144220.55  Turnover: 0.4118  Gross: 1.3899  Gate: 0.7798
Episode    610  AvgReward:   0.104861  Noise: 0.0443
Episode 611  Reward:   0.229039  Wealth:    145872.07  Turnover: 0.9117  Gross: 1.3827  Gate: 0.7653
Episode 612  Reward:   0.149476  Wealth:    128766.50  Turnover: 0.4138  Gross: 1.3998  Gate: 0.7996
Episode 613  Reward:   0.071518  Wealth:    116249.80  Turnover: 0.4889  Gross: 1.4007  Gate: 0.8014
Episode 614  Reward:   0.116290  Wealth:    122330.69  Turnover: 0.3911  Gross: 1.3894  Gate: 0.7787
Episode 615  Reward:   0.336542  Wealth:    165552.38  Turnover: 0.3897  Gross: 1.4039  Gate: 0.8079
Episode 616  Reward:  -0.296279  Wealth:     82772.33  Turnover: 0.6111  Gross: 1.3796  Gate: 0.7592
Episode 617  Reward:  -0.026353  Wealth:    105313.59  Turnover: 0.6380  Gross: 1.4027  Gate: 0.8055
Episode 618  Reward:   0.235501  Wealth:    146425.63  Turnover: 0.5556  Gross: 1.4069  Gate: 0.8137
Episode 619  Reward:   0.073674  Wealth:    118854.81  Turnover: 0.6519  Gross: 1.4095  Gate: 0.8190
Episode 620  Reward:   0.177407  Wealth:    132529.01  Turnover: 0.4244  Gross: 1.4013  Gate: 0.8026
Episode    620  AvgReward:   0.106681  Noise: 0.0434
Episode 621  Reward:   0.245380  Wealth:    148111.51  Turnover: 0.6137  Gross: 1.4003  Gate: 0.8006
Episode 622  Reward:   0.094394  Wealth:    123177.23  Turnover: 0.8629  Gross: 1.3957  Gate: 0.7914
Episode 623  Reward:   0.229375  Wealth:    144420.38  Turnover: 0.6197  Gross: 1.3948  Gate: 0.7897
Episode 624  Reward:   0.153348  Wealth:    130774.29  Turnover: 0.5246  Gross: 1.4044  Gate: 0.8087
Episode 625  Reward:  -0.063586  Wealth:    101004.71  Turnover: 0.5719  Gross: 1.3972  Gate: 0.7945
Episode 626  Reward:   0.113843  Wealth:    124341.99  Turnover: 0.7628  Gross: 1.4039  Gate: 0.8077
Episode 627  Reward:   0.112642  Wealth:    124789.64  Turnover: 0.8517  Gross: 1.3972  Gate: 0.7945
Episode 628  Reward:   0.235678  Wealth:    145760.47  Turnover: 0.6990  Gross: 1.3995  Gate: 0.7991
Episode 629  Reward:   0.118169  Wealth:    123606.83  Turnover: 0.6041  Gross: 1.4049  Gate: 0.8098
Episode 630  Reward:   0.087173  Wealth:    118058.27  Turnover: 0.3414  Gross: 1.3951  Gate: 0.7903
Episode    630  AvgReward:   0.132642  Noise: 0.0426
Episode 631  Reward:   0.154395  Wealth:    129899.96  Turnover: 0.6765  Gross: 1.3997  Gate: 0.7994
Episode 632  Reward:   0.330707  Wealth:    167059.52  Turnover: 0.4816  Gross: 1.4079  Gate: 0.8158
Episode 633  Reward:  -0.009194  Wealth:    108020.34  Turnover: 0.6043  Gross: 1.4022  Gate: 0.8044
Episode 634  Reward:   0.125337  Wealth:    124159.12  Turnover: 0.5383  Gross: 1.3986  Gate: 0.7972
Episode 635  Reward:  -0.005074  Wealth:    106957.46  Turnover: 0.4883  Gross: 1.3909  Gate: 0.7819
Episode 636  Reward:   0.189047  Wealth:    137060.17  Turnover: 0.5926  Gross: 1.3943  Gate: 0.7886
Episode 637  Reward:   0.131129  Wealth:    124521.55  Turnover: 0.5123  Gross: 1.3925  Gate: 0.7850
Episode 638  Reward:   0.090830  Wealth:    119721.93  Turnover: 0.6884  Gross: 1.4073  Gate: 0.8146
Episode 639  Reward:   0.229144  Wealth:    143422.15  Turnover: 0.4598  Gross: 1.3949  Gate: 0.7898
Episode 640  Reward:   0.123483  Wealth:    124422.93  Turnover: 0.5001  Gross: 1.4062  Gate: 0.8124
Episode    640  AvgReward:   0.135981  Noise: 0.0417
Episode 641  Reward:   0.190890  Wealth:    136701.79  Turnover: 0.7071  Gross: 1.4040  Gate: 0.8079
Episode 642  Reward:   0.313100  Wealth:    160632.09  Turnover: 0.4021  Gross: 1.4023  Gate: 0.8047
Episode 643  Reward:   0.054431  Wealth:    115189.29  Turnover: 0.5834  Gross: 1.4029  Gate: 0.8057
Episode 644  Reward:   0.168304  Wealth:    130886.20  Turnover: 0.5731  Gross: 1.4005  Gate: 0.8010
Episode 645  Reward:   0.243384  Wealth:    146732.27  Turnover: 0.6095  Gross: 1.4052  Gate: 0.8104
Episode 646  Reward:   0.109368  Wealth:    121720.69  Turnover: 0.5283  Gross: 1.4054  Gate: 0.8109
Episode 647  Reward:   0.127936  Wealth:    125358.18  Turnover: 0.5605  Gross: 1.4040  Gate: 0.8079
Episode 648  Reward:   0.012715  Wealth:    110258.07  Turnover: 0.4085  Gross: 1.4030  Gate: 0.8060
Episode 649  Reward:   0.285834  Wealth:    155217.30  Turnover: 0.6346  Gross: 1.3903  Gate: 0.7806
Episode 650  Reward:   0.132631  Wealth:    127009.10  Turnover: 0.5877  Gross: 1.3972  Gate: 0.7945
Episode    650  AvgReward:   0.163859  Noise: 0.0409
Episode 651  Reward:   0.179564  Wealth:    132917.79  Turnover: 0.4029  Gross: 1.4018  Gate: 0.8036
Episode 652  Reward:   0.091185  Wealth:    118722.19  Turnover: 0.4629  Gross: 1.3998  Gate: 0.7996
Episode 653  Reward:   0.079814  Wealth:    118111.80  Turnover: 0.6390  Gross: 1.3927  Gate: 0.7855
Episode 654  Reward:   0.068316  Wealth:    115689.28  Turnover: 0.3710  Gross: 1.3958  Gate: 0.7915
Episode 655  Reward:   0.038096  Wealth:    111364.84  Turnover: 0.5640  Gross: 1.3918  Gate: 0.7836
Episode 656  Reward:   0.118756  Wealth:    123261.10  Turnover: 0.6498  Gross: 1.4052  Gate: 0.8104
Episode 657  Reward:   0.159825  Wealth:    130461.93  Turnover: 0.2831  Gross: 1.4018  Gate: 0.8036
Episode 658  Reward:   0.000993  Wealth:    107724.93  Turnover: 0.5645  Gross: 1.3953  Gate: 0.7907
Episode 659  Reward:   0.126122  Wealth:    124185.64  Turnover: 0.6268  Gross: 1.4005  Gate: 0.8010
Episode 660  Reward:  -0.083795  Wealth:     98178.19  Turnover: 0.4188  Gross: 1.4009  Gate: 0.8019
Episode    660  AvgReward:   0.077888  Noise: 0.0401
Episode 661  Reward:   0.199651  Wealth:    135993.27  Turnover: 0.7028  Gross: 1.3993  Gate: 0.7986
Episode 662  Reward:   0.315654  Wealth:    161440.55  Turnover: 0.4725  Gross: 1.4046  Gate: 0.8091
Episode 663  Reward:   0.206827  Wealth:    137813.69  Turnover: 0.5568  Gross: 1.3969  Gate: 0.7938
Episode 664  Reward:   0.069360  Wealth:    116666.52  Turnover: 0.5698  Gross: 1.4061  Gate: 0.8123
Episode 665  Reward:  -0.061639  Wealth:    101699.78  Turnover: 0.5979  Gross: 1.4073  Gate: 0.8146
Episode 666  Reward:   0.117282  Wealth:    124040.28  Turnover: 0.5945  Gross: 1.4045  Gate: 0.8091
Episode 667  Reward:   0.119016  Wealth:    122803.00  Turnover: 0.4552  Gross: 1.3963  Gate: 0.7926
Episode 668  Reward:   0.088837  Wealth:    118504.52  Turnover: 0.4589  Gross: 1.3978  Gate: 0.7957
Episode 669  Reward:   0.119042  Wealth:    123532.41  Turnover: 0.4345  Gross: 1.3994  Gate: 0.7989
Episode 670  Reward:   0.128086  Wealth:    123138.66  Turnover: 0.4325  Gross: 1.3981  Gate: 0.7961
Episode    670  AvgReward:   0.130212  Noise: 0.0393
Episode 671  Reward:   0.065594  Wealth:    115580.74  Turnover: 0.4433  Gross: 1.4023  Gate: 0.8047
Episode 672  Reward:   0.073000  Wealth:    116171.19  Turnover: 0.5905  Gross: 1.4021  Gate: 0.8043
Episode 673  Reward:   0.078755  Wealth:    117348.66  Turnover: 0.4488  Gross: 1.4041  Gate: 0.8083
Episode 674  Reward:   0.268196  Wealth:    149825.00  Turnover: 0.5283  Gross: 1.4054  Gate: 0.8108
Episode 675  Reward:   0.256999  Wealth:    151032.74  Turnover: 0.5003  Gross: 1.4012  Gate: 0.8025
Episode 676  Reward:  -0.132531  Wealth:     94512.21  Turnover: 0.3852  Gross: 1.3987  Gate: 0.7974
Episode 677  Reward:   0.124827  Wealth:    123260.38  Turnover: 0.4870  Gross: 1.3998  Gate: 0.7996
Episode 678  Reward:   0.017162  Wealth:    110222.17  Turnover: 0.5286  Gross: 1.3981  Gate: 0.7963
Episode 679  Reward:   0.225145  Wealth:    141730.34  Turnover: 0.7350  Gross: 1.3997  Gate: 0.7995
Episode 680  Reward:   0.216366  Wealth:    138834.81  Turnover: 0.3883  Gross: 1.4041  Gate: 0.8082
Episode    680  AvgReward:   0.119351  Noise: 0.0385
Episode 681  Reward:   0.285805  Wealth:    154053.65  Turnover: 0.3492  Gross: 1.3996  Gate: 0.7992
Episode 682  Reward:   0.262851  Wealth:    150742.68  Turnover: 0.7189  Gross: 1.3973  Gate: 0.7945
Episode 683  Reward:   0.193592  Wealth:    134601.52  Turnover: 0.4303  Gross: 1.3983  Gate: 0.7966
Episode 684  Reward:   0.129393  Wealth:    126224.87  Turnover: 0.4606  Gross: 1.4006  Gate: 0.8013
Episode 685  Reward:   0.162500  Wealth:    130633.02  Turnover: 0.4974  Gross: 1.4064  Gate: 0.8127
Episode 686  Reward:  -0.044402  Wealth:    102269.34  Turnover: 0.4809  Gross: 1.4045  Gate: 0.8090
Episode 687  Reward:   0.181047  Wealth:    132826.11  Turnover: 0.4819  Gross: 1.4024  Gate: 0.8049
Episode 688  Reward:   0.157127  Wealth:    128611.94  Turnover: 0.5191  Gross: 1.4073  Gate: 0.8147
Episode 689  Reward:   0.117778  Wealth:    122473.12  Turnover: 0.4688  Gross: 1.4041  Gate: 0.8083
Episode 690  Reward:   0.032379  Wealth:    111154.16  Turnover: 0.3856  Gross: 1.4034  Gate: 0.8067
Episode    690  AvgReward:   0.147807  Noise: 0.0378
Episode 691  Reward:   0.012281  Wealth:    108449.14  Turnover: 0.3105  Gross: 1.3988  Gate: 0.7977
Episode 692  Reward:   0.076194  Wealth:    118862.95  Turnover: 0.8908  Gross: 1.3941  Gate: 0.7882
Episode 693  Reward:  -0.008497  Wealth:    107479.22  Turnover: 0.7755  Gross: 1.3979  Gate: 0.7958
Episode 694  Reward:   0.158568  Wealth:    128566.93  Turnover: 0.3688  Gross: 1.4012  Gate: 0.8025
Episode 695  Reward:   0.142992  Wealth:    128001.90  Turnover: 0.5635  Gross: 1.3974  Gate: 0.7948
Episode 696  Reward:   0.161670  Wealth:    130412.99  Turnover: 0.6259  Gross: 1.3998  Gate: 0.7996
Episode 697  Reward:  -0.056792  Wealth:    100928.44  Turnover: 0.5351  Gross: 1.3992  Gate: 0.7984
Episode 698  Reward:   0.140342  Wealth:    128214.88  Turnover: 0.7192  Gross: 1.4003  Gate: 0.8005
Episode 699  Reward:   0.108658  Wealth:    125598.74  Turnover: 0.6020  Gross: 1.3952  Gate: 0.7904
Episode 700  Reward:   0.121560  Wealth:    123908.42  Turnover: 0.3654  Gross: 1.4107  Gate: 0.8214
Episode    700  AvgReward:   0.085698  Noise: 0.0370
Episode 701  Reward:   0.217504  Wealth:    140171.15  Turnover: 0.6027  Gross: 1.4016  Gate: 0.8032
Episode 702  Reward:   0.215616  Wealth:    142094.45  Turnover: 0.5969  Gross: 1.4028  Gate: 0.8056
Episode 703  Reward:   0.073976  Wealth:    116399.10  Turnover: 0.6031  Gross: 1.3942  Gate: 0.7884
Episode 704  Reward:   0.119238  Wealth:    125411.12  Turnover: 0.8020  Gross: 1.3959  Gate: 0.7918
Episode 705  Reward:   0.067665  Wealth:    118939.33  Turnover: 0.4354  Gross: 1.3966  Gate: 0.7932
Episode 706  Reward:   0.270896  Wealth:    152503.10  Turnover: 0.8352  Gross: 1.4009  Gate: 0.8019
Episode 707  Reward:   0.282298  Wealth:    153596.33  Turnover: 0.2681  Gross: 1.4072  Gate: 0.8144
Episode 708  Reward:  -0.094173  Wealth:     97825.37  Turnover: 0.5945  Gross: 1.4044  Gate: 0.8089
Episode 709  Reward:   0.195343  Wealth:    137420.65  Turnover: 0.5948  Gross: 1.4003  Gate: 0.8007
Episode 710  Reward:   0.156348  Wealth:    130938.08  Turnover: 0.7818  Gross: 1.3994  Gate: 0.7988
Episode    710  AvgReward:   0.150471  Noise: 0.0363
Episode 711  Reward:  -0.010383  Wealth:    107863.69  Turnover: 0.4094  Gross: 1.3963  Gate: 0.7926
Episode 712  Reward:   0.140158  Wealth:    127707.04  Turnover: 0.6963  Gross: 1.4014  Gate: 0.8028
Episode 713  Reward:  -0.141648  Wealth:     96779.94  Turnover: 0.6056  Gross: 1.3937  Gate: 0.7874
Episode 714  Reward:   0.168101  Wealth:    132754.46  Turnover: 0.4794  Gross: 1.4090  Gate: 0.8180
Episode 715  Reward:   0.021487  Wealth:    109680.37  Turnover: 0.3981  Gross: 1.4005  Gate: 0.8011
Episode 716  Reward:   0.125640  Wealth:    123336.68  Turnover: 0.4935  Gross: 1.3986  Gate: 0.7972
Episode 717  Reward:   0.274880  Wealth:    154825.06  Turnover: 0.8283  Gross: 1.3925  Gate: 0.7850
Episode 718  Reward:   0.226499  Wealth:    141441.09  Turnover: 0.4266  Gross: 1.4011  Gate: 0.8022
Episode 719  Reward:   0.087339  Wealth:    117782.79  Turnover: 0.4145  Gross: 1.3977  Gate: 0.7955
Episode 720  Reward:   0.067603  Wealth:    115737.57  Turnover: 0.2197  Gross: 1.4086  Gate: 0.8172
Episode    720  AvgReward:   0.095968  Noise: 0.0356
Episode 721  Reward:   0.182292  Wealth:    133849.76  Turnover: 0.4798  Gross: 1.3961  Gate: 0.7921
Episode 722  Reward:  -0.011458  Wealth:    107457.14  Turnover: 0.7441  Gross: 1.4029  Gate: 0.8059
Episode 723  Reward:   0.361123  Wealth:    173746.60  Turnover: 0.5178  Gross: 1.4073  Gate: 0.8146
Episode 724  Reward:  -0.031513  Wealth:    106015.65  Turnover: 0.8619  Gross: 1.3954  Gate: 0.7909
Episode 725  Reward:   0.223173  Wealth:    145353.78  Turnover: 0.7398  Gross: 1.4038  Gate: 0.8077
Episode 726  Reward:  -0.246065  Wealth:     86795.19  Turnover: 0.6391  Gross: 1.3918  Gate: 0.7835
Episode 727  Reward:   0.064674  Wealth:    117127.55  Turnover: 0.9159  Gross: 1.4037  Gate: 0.8073
Episode 728  Reward:   0.194790  Wealth:    138879.53  Turnover: 0.6273  Gross: 1.4010  Gate: 0.8019
Episode 729  Reward:   0.065954  Wealth:    115728.01  Turnover: 0.5296  Gross: 1.4065  Gate: 0.8131
Episode 730  Reward:   0.062587  Wealth:    115036.52  Turnover: 0.5012  Gross: 1.4038  Gate: 0.8076
Episode    730  AvgReward:   0.086556  Noise: 0.0349
Episode 731  Reward:   0.037039  Wealth:    112032.66  Turnover: 0.5270  Gross: 1.4042  Gate: 0.8084
Episode 732  Reward:   0.208866  Wealth:    137859.55  Turnover: 0.5430  Gross: 1.3944  Gate: 0.7888
Episode 733  Reward:   0.172892  Wealth:    132069.63  Turnover: 0.6054  Gross: 1.3982  Gate: 0.7963
Episode 734  Reward:   0.077329  Wealth:    118122.28  Turnover: 0.5793  Gross: 1.4025  Gate: 0.8050
Episode 735  Reward:   0.221157  Wealth:    140504.86  Turnover: 0.5336  Gross: 1.4017  Gate: 0.8034
Episode 736  Reward:   0.088444  Wealth:    118724.38  Turnover: 0.4201  Gross: 1.3994  Gate: 0.7989
Episode 737  Reward:  -0.013254  Wealth:    106959.82  Turnover: 0.7512  Gross: 1.4022  Gate: 0.8045
Episode 738  Reward:   0.153996  Wealth:    128177.80  Turnover: 0.3839  Gross: 1.4002  Gate: 0.8004
Episode 739  Reward:   0.184400  Wealth:    135114.28  Turnover: 0.7323  Gross: 1.4046  Gate: 0.8093
Episode 740  Reward:   0.177029  Wealth:    132078.17  Turnover: 0.4575  Gross: 1.3922  Gate: 0.7844
Episode    740  AvgReward:   0.130790  Noise: 0.0342
Episode 741  Reward:   0.169641  Wealth:    131632.01  Turnover: 0.4874  Gross: 1.4057  Gate: 0.8114
Episode 742  Reward:   0.115265  Wealth:    122580.47  Turnover: 0.5696  Gross: 1.3997  Gate: 0.7993
Episode 743  Reward:   0.081171  Wealth:    116345.04  Turnover: 0.2606  Gross: 1.3968  Gate: 0.7936
Episode 744  Reward:  -0.077555  Wealth:     99101.60  Turnover: 0.4049  Gross: 1.4064  Gate: 0.8128
Episode 745  Reward:   0.019217  Wealth:    110221.63  Turnover: 0.7858  Gross: 1.3984  Gate: 0.7968
Episode 746  Reward:  -0.062830  Wealth:    101047.26  Turnover: 0.6267  Gross: 1.3942  Gate: 0.7884
Episode 747  Reward:   0.147341  Wealth:    128152.24  Turnover: 0.4909  Gross: 1.4035  Gate: 0.8069
Episode 748  Reward:   0.238313  Wealth:    145054.73  Turnover: 0.5256  Gross: 1.4072  Gate: 0.8144
Episode 749  Reward:   0.124393  Wealth:    124874.81  Turnover: 0.5058  Gross: 1.4042  Gate: 0.8084
Episode 750  Reward:  -0.072986  Wealth:    100340.02  Turnover: 0.7919  Gross: 1.3975  Gate: 0.7949
Episode    750  AvgReward:   0.068197  Noise: 0.0335
Episode 751  Reward:   0.190104  Wealth:    134892.59  Turnover: 0.4254  Gross: 1.3975  Gate: 0.7950
Episode 752  Reward:   0.030895  Wealth:    113318.64  Turnover: 0.6607  Gross: 1.4025  Gate: 0.8049
Episode 753  Reward:   0.086399  Wealth:    119918.41  Turnover: 0.9562  Gross: 1.4071  Gate: 0.8143
Episode 754  Reward:   0.107587  Wealth:    120523.67  Turnover: 0.5004  Gross: 1.4004  Gate: 0.8009
Episode 755  Reward:   0.048535  Wealth:    113925.04  Turnover: 0.5631  Gross: 1.3997  Gate: 0.7993
Episode 756  Reward:   0.206018  Wealth:    137720.00  Turnover: 0.4014  Gross: 1.3909  Gate: 0.7819
Episode 757  Reward:   0.023858  Wealth:    110118.19  Turnover: 0.3352  Gross: 1.4039  Gate: 0.8078
Episode 758  Reward:   0.116032  Wealth:    122769.12  Turnover: 0.7065  Gross: 1.3997  Gate: 0.7993
Episode 759  Reward:   0.044061  Wealth:    112912.88  Turnover: 0.5745  Gross: 1.4026  Gate: 0.8051
Episode 760  Reward:  -0.026557  Wealth:    106385.26  Turnover: 0.7664  Gross: 1.4014  Gate: 0.8028
Episode    760  AvgReward:   0.082693  Noise: 0.0328
Episode 761  Reward:   0.276460  Wealth:    152496.29  Turnover: 0.4354  Gross: 1.4012  Gate: 0.8024
Episode 762  Reward:   0.176439  Wealth:    132897.49  Turnover: 0.2382  Gross: 1.4019  Gate: 0.8037
Episode 763  Reward:   0.064746  Wealth:    116219.08  Turnover: 0.6209  Gross: 1.4004  Gate: 0.8009
Episode 764  Reward:   0.297904  Wealth:    159403.98  Turnover: 0.8469  Gross: 1.4070  Gate: 0.8141
Episode 765  Reward:   0.325418  Wealth:    167376.47  Turnover: 0.8366  Gross: 1.4048  Gate: 0.8097
Episode 766  Reward:   0.126418  Wealth:    123300.34  Turnover: 0.5034  Gross: 1.4057  Gate: 0.8114
Episode 767  Reward:   0.189688  Wealth:    135868.76  Turnover: 0.6995  Gross: 1.4037  Gate: 0.8075
Episode 768  Reward:  -0.131457  Wealth:     94829.85  Turnover: 0.4247  Gross: 1.4034  Gate: 0.8068
Episode 769  Reward:   0.242288  Wealth:    144870.61  Turnover: 0.4131  Gross: 1.3945  Gate: 0.7890
Episode 770  Reward:   0.093282  Wealth:    120182.64  Turnover: 0.7343  Gross: 1.4052  Gate: 0.8105
Episode    770  AvgReward:   0.166119  Noise: 0.0322
Episode 771  Reward:  -0.135668  Wealth:     93952.33  Turnover: 0.5590  Gross: 1.4050  Gate: 0.8100
Episode 772  Reward:  -0.095170  Wealth:     98685.97  Turnover: 0.7690  Gross: 1.3917  Gate: 0.7835
Episode 773  Reward:   0.346231  Wealth:    171925.51  Turnover: 0.7720  Gross: 1.3975  Gate: 0.7950
Episode 774  Reward:   0.123003  Wealth:    124325.33  Turnover: 0.5267  Gross: 1.4029  Gate: 0.8058
Episode 775  Reward:   0.044730  Wealth:    114069.70  Turnover: 0.5684  Gross: 1.4024  Gate: 0.8047
Episode 776  Reward:   0.028701  Wealth:    114381.15  Turnover: 0.7068  Gross: 1.3999  Gate: 0.7999
Episode 777  Reward:   0.116998  Wealth:    124410.10  Turnover: 0.6831  Gross: 1.4031  Gate: 0.8061
Episode 778  Reward:   0.111956  Wealth:    122498.05  Turnover: 0.4965  Gross: 1.4046  Gate: 0.8093
Episode 779  Reward:   0.353774  Wealth:    174632.93  Turnover: 0.6150  Gross: 1.4026  Gate: 0.8053
Episode 780  Reward:   0.073564  Wealth:    117475.73  Turnover: 0.6566  Gross: 1.4076  Gate: 0.8152
Episode    780  AvgReward:   0.096812  Noise: 0.0315
Episode 781  Reward:   0.138963  Wealth:    126257.57  Turnover: 0.4300  Gross: 1.4017  Gate: 0.8035
Episode 782  Reward:  -0.019250  Wealth:    106682.18  Turnover: 0.7338  Gross: 1.3919  Gate: 0.7839
Episode 783  Reward:   0.064198  Wealth:    116212.14  Turnover: 0.7420  Gross: 1.4053  Gate: 0.8106
Episode 784  Reward:   0.305637  Wealth:    159252.47  Turnover: 0.6184  Gross: 1.4018  Gate: 0.8035
Episode 785  Reward:   0.318910  Wealth:    162963.99  Turnover: 0.4009  Gross: 1.4079  Gate: 0.8157
Episode 786  Reward:   0.142763  Wealth:    126542.58  Turnover: 0.4908  Gross: 1.3995  Gate: 0.7991
Episode 787  Reward:  -0.024164  Wealth:    103955.68  Turnover: 0.4052  Gross: 1.4043  Gate: 0.8085
Episode 788  Reward:   0.237108  Wealth:    142812.47  Turnover: 0.3381  Gross: 1.4015  Gate: 0.8030
Episode 789  Reward:   0.052354  Wealth:    113644.97  Turnover: 0.4539  Gross: 1.4040  Gate: 0.8079
Episode 790  Reward:   0.048091  Wealth:    113257.43  Turnover: 0.6240  Gross: 1.3924  Gate: 0.7849
Episode    790  AvgReward:   0.126461  Noise: 0.0309
Episode 791  Reward:   0.177835  Wealth:    133328.98  Turnover: 0.4478  Gross: 1.3997  Gate: 0.7993
Episode 792  Reward:   0.167296  Wealth:    131134.06  Turnover: 0.5939  Gross: 1.3948  Gate: 0.7897
Episode 793  Reward:   0.153636  Wealth:    127862.02  Turnover: 0.3026  Gross: 1.4073  Gate: 0.8146
Episode 794  Reward:   0.186313  Wealth:    134205.91  Turnover: 0.3952  Gross: 1.4049  Gate: 0.8099
Episode 795  Reward:   0.010165  Wealth:    110519.22  Turnover: 0.9873  Gross: 1.3973  Gate: 0.7947
Episode 796  Reward:   0.240111  Wealth:    145438.09  Turnover: 0.6155  Gross: 1.4002  Gate: 0.8004
Episode 797  Reward:  -0.065069  Wealth:    101497.71  Turnover: 0.4527  Gross: 1.3968  Gate: 0.7936
Episode 798  Reward:   0.222819  Wealth:    140442.67  Turnover: 0.5486  Gross: 1.3978  Gate: 0.7957
Episode 799  Reward:   0.182517  Wealth:    133385.86  Turnover: 0.4491  Gross: 1.4027  Gate: 0.8054
Episode 800  Reward:   0.224419  Wealth:    140894.41  Turnover: 0.4748  Gross: 1.4056  Gate: 0.8113
Episode    800  AvgReward:   0.150004  Noise: 0.0303
Episode 801  Reward:   0.189084  Wealth:    134118.62  Turnover: 0.3747  Gross: 1.4037  Gate: 0.8075
Episode 802  Reward:   0.069851  Wealth:    116486.00  Turnover: 0.6489  Gross: 1.4018  Gate: 0.8036
Episode 803  Reward:   0.115621  Wealth:    122490.72  Turnover: 0.4289  Gross: 1.4011  Gate: 0.8023
Episode 804  Reward:   0.094134  Wealth:    118452.46  Turnover: 0.3986  Gross: 1.4049  Gate: 0.8099
Episode 805  Reward:   0.096581  Wealth:    119867.97  Turnover: 0.3077  Gross: 1.3994  Gate: 0.7988
Episode 806  Reward:   0.155373  Wealth:    128526.21  Turnover: 0.3920  Gross: 1.4066  Gate: 0.8131
Episode 807  Reward:   0.319347  Wealth:    163539.72  Turnover: 0.5680  Gross: 1.4010  Gate: 0.8019
Episode 808  Reward:   0.096274  Wealth:    119162.70  Turnover: 0.4831  Gross: 1.3920  Gate: 0.7841
Episode 809  Reward:   0.181167  Wealth:    133495.06  Turnover: 0.5438  Gross: 1.3971  Gate: 0.7942
Episode 810  Reward:   0.030747  Wealth:    111706.95  Turnover: 0.4930  Gross: 1.3996  Gate: 0.7992
Episode    810  AvgReward:   0.134818  Noise: 0.0297
Episode 811  Reward:   0.245645  Wealth:    145329.28  Turnover: 0.4749  Gross: 1.4019  Gate: 0.8037
Episode 812  Reward:   0.291262  Wealth:    155763.44  Turnover: 0.5218  Gross: 1.4003  Gate: 0.8006
Episode 813  Reward:   0.042428  Wealth:    113208.89  Turnover: 0.5243  Gross: 1.4060  Gate: 0.8121
Episode 814  Reward:   0.280049  Wealth:    152964.71  Turnover: 0.4527  Gross: 1.4044  Gate: 0.8088
Episode 815  Reward:   0.268425  Wealth:    152726.59  Turnover: 0.5202  Gross: 1.4038  Gate: 0.8077
Episode 816  Reward:   0.181403  Wealth:    133651.11  Turnover: 0.3675  Gross: 1.4032  Gate: 0.8064
Episode 817  Reward:   0.173904  Wealth:    133345.70  Turnover: 0.6559  Gross: 1.3981  Gate: 0.7961
Episode 818  Reward:   0.225139  Wealth:    143543.27  Turnover: 0.5605  Gross: 1.4013  Gate: 0.8026
Episode 819  Reward:   0.136985  Wealth:    127979.39  Turnover: 0.8150  Gross: 1.3901  Gate: 0.7801
Episode 820  Reward:   0.043488  Wealth:    112560.87  Turnover: 0.4812  Gross: 1.4034  Gate: 0.8068
Episode    820  AvgReward:   0.188873  Noise: 0.0291
Episode 821  Reward:   0.068645  Wealth:    117484.35  Turnover: 0.8391  Gross: 1.4038  Gate: 0.8075
Episode 822  Reward:   0.087787  Wealth:    118574.53  Turnover: 0.5793  Gross: 1.3980  Gate: 0.7960
Episode 823  Reward:   0.149228  Wealth:    129661.03  Turnover: 0.8307  Gross: 1.4047  Gate: 0.8094
Episode 824  Reward:   0.110235  Wealth:    121378.88  Turnover: 0.3257  Gross: 1.3988  Gate: 0.7976
Episode 825  Reward:   0.136410  Wealth:    125977.34  Turnover: 0.4993  Gross: 1.4034  Gate: 0.8069
Episode 826  Reward:   0.114439  Wealth:    121953.11  Turnover: 0.3759  Gross: 1.4088  Gate: 0.8176
Episode 827  Reward:   0.395090  Wealth:    187187.82  Turnover: 0.5536  Gross: 1.4002  Gate: 0.8005
Episode 828  Reward:   0.040594  Wealth:    114239.72  Turnover: 0.5502  Gross: 1.4029  Gate: 0.8058
Episode 829  Reward:   0.202330  Wealth:    137247.44  Turnover: 0.4312  Gross: 1.4014  Gate: 0.8029
Episode 830  Reward:   0.229605  Wealth:    142940.51  Turnover: 0.5265  Gross: 1.4044  Gate: 0.8087
Episode    830  AvgReward:   0.153436  Noise: 0.0285
Episode 831  Reward:   0.189376  Wealth:    134694.25  Turnover: 0.4923  Gross: 1.3974  Gate: 0.7947
Episode 832  Reward:   0.350972  Wealth:    174516.86  Turnover: 0.6605  Gross: 1.4034  Gate: 0.8067
Episode 833  Reward:   0.088176  Wealth:    117794.02  Turnover: 0.3621  Gross: 1.4010  Gate: 0.8021
Episode 834  Reward:   0.048871  Wealth:    113835.13  Turnover: 0.3910  Gross: 1.4022  Gate: 0.8044
Episode 835  Reward:   0.156779  Wealth:    127938.82  Turnover: 0.4929  Gross: 1.3943  Gate: 0.7886
Episode 836  Reward:   0.247180  Wealth:    145880.01  Turnover: 0.4971  Gross: 1.4055  Gate: 0.8109
Episode 837  Reward:  -0.129871  Wealth:     96162.93  Turnover: 0.7925  Gross: 1.3959  Gate: 0.7918
Episode 838  Reward:   0.080268  Wealth:    116768.92  Turnover: 0.5464  Gross: 1.3973  Gate: 0.7947
Episode 839  Reward:  -0.031090  Wealth:    103520.23  Turnover: 0.3466  Gross: 1.4027  Gate: 0.8055
Episode 840  Reward:   0.232621  Wealth:    144074.39  Turnover: 0.2980  Gross: 1.4060  Gate: 0.8120
Episode    840  AvgReward:   0.123328  Noise: 0.0280
Episode 841  Reward:   0.047399  Wealth:    112882.27  Turnover: 0.4248  Gross: 1.4047  Gate: 0.8093
Episode 842  Reward:   0.021613  Wealth:    110974.07  Turnover: 0.5420  Gross: 1.4038  Gate: 0.8077
Episode 843  Reward:  -0.015364  Wealth:    106060.97  Turnover: 0.6308  Gross: 1.4017  Gate: 0.8034
Episode 844  Reward:   0.243336  Wealth:    144264.74  Turnover: 0.5197  Gross: 1.3982  Gate: 0.7965
Episode 845  Reward:   0.044576  Wealth:    113058.28  Turnover: 0.4190  Gross: 1.4012  Gate: 0.8023
Episode 846  Reward:   0.062321  Wealth:    114640.60  Turnover: 0.4659  Gross: 1.3927  Gate: 0.7855
Episode 847  Reward:   0.252380  Wealth:    146501.33  Turnover: 0.5517  Gross: 1.4011  Gate: 0.8022
Episode 848  Reward:   0.045709  Wealth:    113189.71  Turnover: 0.5642  Gross: 1.4078  Gate: 0.8155
Episode 849  Reward:   0.271819  Wealth:    151325.98  Turnover: 0.3198  Gross: 1.4052  Gate: 0.8104
Episode 850  Reward:   0.017407  Wealth:    108710.57  Turnover: 0.3410  Gross: 1.4052  Gate: 0.8104
Episode    850  AvgReward:   0.099120  Noise: 0.0274
Episode 851  Reward:   0.021350  Wealth:    109852.36  Turnover: 0.2206  Gross: 1.4031  Gate: 0.8063
Episode 852  Reward:   0.288451  Wealth:    155179.57  Turnover: 0.4110  Gross: 1.3907  Gate: 0.7815
Episode 853  Reward:   0.254938  Wealth:    148140.44  Turnover: 0.3598  Gross: 1.3971  Gate: 0.7942
Episode 854  Reward:   0.268536  Wealth:    151663.47  Turnover: 0.5504  Gross: 1.4015  Gate: 0.8030
Episode 855  Reward:   0.261864  Wealth:    150478.89  Turnover: 0.7408  Gross: 1.4082  Gate: 0.8163
Episode 856  Reward:   0.105501  Wealth:    122702.32  Turnover: 0.5231  Gross: 1.4023  Gate: 0.8045
Episode 857  Reward:   0.219576  Wealth:    140993.66  Turnover: 0.4756  Gross: 1.4012  Gate: 0.8025
Episode 858  Reward:   0.018613  Wealth:    108899.14  Turnover: 0.4428  Gross: 1.4021  Gate: 0.8041
Episode 859  Reward:   0.260474  Wealth:    148621.57  Turnover: 0.4328  Gross: 1.4009  Gate: 0.8018
Episode 860  Reward:   0.229782  Wealth:    144625.13  Turnover: 0.7441  Gross: 1.4038  Gate: 0.8076
Episode    860  AvgReward:   0.192908  Noise: 0.0269
Episode 861  Reward:   0.105313  Wealth:    122393.50  Turnover: 0.4867  Gross: 1.4027  Gate: 0.8055
Episode 862  Reward:  -0.041586  Wealth:    102366.15  Turnover: 0.5938  Gross: 1.3988  Gate: 0.7976
Episode 863  Reward:   0.041764  Wealth:    113282.40  Turnover: 0.6768  Gross: 1.4058  Gate: 0.8116
Episode 864  Reward:   0.133192  Wealth:    125134.30  Turnover: 0.4686  Gross: 1.4047  Gate: 0.8093
Episode 865  Reward:  -0.361991  Wealth:     77633.83  Turnover: 0.4882  Gross: 1.4069  Gate: 0.8139
Episode 866  Reward:   0.161490  Wealth:    129356.18  Turnover: 0.3161  Gross: 1.4042  Gate: 0.8084
Episode 867  Reward:   0.089396  Wealth:    119490.78  Turnover: 0.5208  Gross: 1.4015  Gate: 0.8031
Episode 868  Reward:   0.162549  Wealth:    129519.11  Turnover: 0.4831  Gross: 1.4065  Gate: 0.8129
Episode 869  Reward:   0.026454  Wealth:    109983.95  Turnover: 0.3483  Gross: 1.3965  Gate: 0.7929
Episode 870  Reward:   0.269392  Wealth:    152609.89  Turnover: 0.4473  Gross: 1.3852  Gate: 0.7705
Episode    870  AvgReward:   0.058597  Noise: 0.0263
Episode 871  Reward:   0.098979  Wealth:    120166.43  Turnover: 0.4031  Gross: 1.4027  Gate: 0.8053
Episode 872  Reward:   0.023490  Wealth:    110980.87  Turnover: 0.7534  Gross: 1.4011  Gate: 0.8022
Episode 873  Reward:   0.185507  Wealth:    134885.22  Turnover: 0.6774  Gross: 1.4062  Gate: 0.8125
Episode 874  Reward:  -0.238812  Wealth:     85084.34  Turnover: 0.4208  Gross: 1.3844  Gate: 0.7687
Episode 875  Reward:   0.259802  Wealth:    148181.46  Turnover: 0.2977  Gross: 1.3979  Gate: 0.7957
Episode 876  Reward:  -0.188617  Wealth:     89852.72  Turnover: 0.3598  Gross: 1.3972  Gate: 0.7944
Episode 877  Reward:   0.227427  Wealth:    142071.23  Turnover: 0.4368  Gross: 1.4026  Gate: 0.8052
Episode 878  Reward:   0.023237  Wealth:    109393.33  Turnover: 0.4834  Gross: 1.3970  Gate: 0.7940
Episode 879  Reward:   0.112090  Wealth:    122167.04  Turnover: 0.2790  Gross: 1.3990  Gate: 0.7980
Episode 880  Reward:  -0.059738  Wealth:    101956.25  Turnover: 0.5335  Gross: 1.4074  Gate: 0.8148
Episode    880  AvgReward:   0.044336  Noise: 0.0258
Episode 881  Reward:   0.191701  Wealth:    135832.45  Turnover: 0.3399  Gross: 1.4022  Gate: 0.8043
Episode 882  Reward:   0.095225  Wealth:    121468.35  Turnover: 0.6170  Gross: 1.4053  Gate: 0.8105
Episode 883  Reward:   0.095080  Wealth:    119203.10  Turnover: 0.4352  Gross: 1.4074  Gate: 0.8147
Episode 884  Reward:  -0.180148  Wealth:     90023.34  Turnover: 0.4099  Gross: 1.4027  Gate: 0.8054
Episode 885  Reward:   0.218879  Wealth:    140215.43  Turnover: 0.4566  Gross: 1.3998  Gate: 0.7996
Episode 886  Reward:   0.040553  Wealth:    112419.62  Turnover: 0.2636  Gross: 1.4011  Gate: 0.8021
Episode 887  Reward:   0.267710  Wealth:    149682.07  Turnover: 0.5818  Gross: 1.4035  Gate: 0.8070
Episode 888  Reward:   0.259577  Wealth:    149895.12  Turnover: 0.3971  Gross: 1.4017  Gate: 0.8034
Episode 889  Reward:   0.102899  Wealth:    120051.33  Turnover: 0.4422  Gross: 1.4035  Gate: 0.8071
Episode 890  Reward:  -0.106681  Wealth:     96449.53  Turnover: 0.3436  Gross: 1.4002  Gate: 0.8005
Episode    890  AvgReward:   0.098479  Noise: 0.0253
Episode 891  Reward:  -0.092666  Wealth:     97394.63  Turnover: 0.5968  Gross: 1.3949  Gate: 0.7898
Episode 892  Reward:   0.122163  Wealth:    123436.90  Turnover: 0.3117  Gross: 1.4034  Gate: 0.8068
Episode 893  Reward:   0.051453  Wealth:    115223.28  Turnover: 0.5946  Gross: 1.4065  Gate: 0.8130
Episode 894  Reward:  -0.132571  Wealth:     94218.09  Turnover: 0.4523  Gross: 1.4010  Gate: 0.8020
Episode 895  Reward:   0.271028  Wealth:    151589.53  Turnover: 0.4226  Gross: 1.4044  Gate: 0.8089
Episode 896  Reward:   0.242547  Wealth:    144352.67  Turnover: 0.2767  Gross: 1.4091  Gate: 0.8181
Episode 897  Reward:  -0.021856  Wealth:    105675.77  Turnover: 0.5704  Gross: 1.4040  Gate: 0.8080
Episode 898  Reward:   0.206498  Wealth:    136064.98  Turnover: 0.2869  Gross: 1.3960  Gate: 0.7920
Episode 899  Reward:   0.146917  Wealth:    127562.59  Turnover: 0.3794  Gross: 1.3988  Gate: 0.7976
Episode 900  Reward:   0.198969  Wealth:    136632.22  Turnover: 0.2819  Gross: 1.4059  Gate: 0.8118
Episode    900  AvgReward:   0.099248  Noise: 0.0248
Episode 901  Reward:   0.323293  Wealth:    165623.67  Turnover: 0.7649  Gross: 1.3977  Gate: 0.7954
Episode 902  Reward:   0.222106  Wealth:    140690.70  Turnover: 0.4703  Gross: 1.4022  Gate: 0.8045
Episode 903  Reward:  -0.090257  Wealth:     98630.52  Turnover: 0.6403  Gross: 1.3981  Gate: 0.7962
Episode 904  Reward:   0.010687  Wealth:    108224.55  Turnover: 0.3775  Gross: 1.3979  Gate: 0.7958
Episode 905  Reward:   0.176489  Wealth:    132725.44  Turnover: 0.4444  Gross: 1.4043  Gate: 0.8087
Episode 906  Reward:   0.165922  Wealth:    132913.57  Turnover: 0.7954  Gross: 1.4018  Gate: 0.8037
Episode 907  Reward:  -0.041804  Wealth:    103185.75  Turnover: 0.6113  Gross: 1.4021  Gate: 0.8043
Episode 908  Reward:   0.026644  Wealth:    112175.07  Turnover: 0.5893  Gross: 1.4063  Gate: 0.8126
Episode 909  Reward:   0.315220  Wealth:    162940.88  Turnover: 0.5968  Gross: 1.4046  Gate: 0.8092
Episode 910  Reward:   0.142791  Wealth:    126635.54  Turnover: 0.3875  Gross: 1.4061  Gate: 0.8122
Episode    910  AvgReward:   0.125109  Noise: 0.0243
Episode 911  Reward:   0.141140  Wealth:    126291.36  Turnover: 0.3185  Gross: 1.4015  Gate: 0.8031
Episode 912  Reward:   0.137743  Wealth:    126213.14  Turnover: 0.4637  Gross: 1.4025  Gate: 0.8051
Episode 913  Reward:   0.131612  Wealth:    123672.95  Turnover: 0.3567  Gross: 1.4007  Gate: 0.8014
Episode 914  Reward:   0.176718  Wealth:    134067.21  Turnover: 0.5041  Gross: 1.4021  Gate: 0.8043
Episode 915  Reward:   0.148811  Wealth:    128103.34  Turnover: 0.5972  Gross: 1.3957  Gate: 0.7913
Episode 916  Reward:   0.254566  Wealth:    147176.02  Turnover: 0.3940  Gross: 1.4010  Gate: 0.8021
Episode 917  Reward:  -0.269434  Wealth:     83363.91  Turnover: 0.2734  Gross: 1.4002  Gate: 0.8005
Episode 918  Reward:  -0.013960  Wealth:    106465.72  Turnover: 0.5243  Gross: 1.4001  Gate: 0.8002
Episode 919  Reward:   0.229104  Wealth:    140695.19  Turnover: 0.3346  Gross: 1.4006  Gate: 0.8013
Episode 920  Reward:   0.110447  Wealth:    121168.85  Turnover: 0.4664  Gross: 1.3991  Gate: 0.7982
Episode    920  AvgReward:   0.104675  Noise: 0.0238
Episode 921  Reward:   0.019461  Wealth:    109127.61  Turnover: 0.4109  Gross: 1.4035  Gate: 0.8069
Episode 922  Reward:  -0.250811  Wealth:     85134.03  Turnover: 0.5000  Gross: 1.4089  Gate: 0.8177
Episode 923  Reward:   0.244377  Wealth:    144954.59  Turnover: 0.2875  Gross: 1.4019  Gate: 0.8037
Episode 924  Reward:  -0.251468  Wealth:     84782.07  Turnover: 0.6079  Gross: 1.4044  Gate: 0.8088
Episode 925  Reward:   0.024229  Wealth:    110346.72  Turnover: 0.3240  Gross: 1.4034  Gate: 0.8068
Episode 926  Reward:   0.139148  Wealth:    127288.26  Turnover: 0.4273  Gross: 1.4071  Gate: 0.8141
Episode 927  Reward:  -0.006197  Wealth:    107999.30  Turnover: 0.7790  Gross: 1.4023  Gate: 0.8047
Episode 928  Reward:   0.135587  Wealth:    125427.88  Turnover: 0.4317  Gross: 1.4032  Gate: 0.8064
Episode 929  Reward:   0.217415  Wealth:    140159.15  Turnover: 0.4639  Gross: 1.4046  Gate: 0.8092
Episode 930  Reward:   0.150330  Wealth:    133465.99  Turnover: 0.5683  Gross: 1.3931  Gate: 0.7861
Episode    930  AvgReward:   0.042207  Noise: 0.0234
Episode 931  Reward:   0.097692  Wealth:    119998.15  Turnover: 0.6285  Gross: 1.4060  Gate: 0.8120
Episode 932  Reward:   0.108060  Wealth:    120965.08  Turnover: 0.6316  Gross: 1.4044  Gate: 0.8088
Episode 933  Reward:   0.077573  Wealth:    116790.95  Turnover: 0.4675  Gross: 1.3978  Gate: 0.7956
Episode 934  Reward:   0.283494  Wealth:    153567.29  Turnover: 0.4592  Gross: 1.4020  Gate: 0.8041
Episode 935  Reward:   0.139663  Wealth:    125977.67  Turnover: 0.2881  Gross: 1.4035  Gate: 0.8069
Episode 936  Reward:  -0.020436  Wealth:    104861.95  Turnover: 0.4155  Gross: 1.4072  Gate: 0.8144
Episode 937  Reward:  -0.007519  Wealth:    106801.51  Turnover: 0.5419  Gross: 1.4026  Gate: 0.8053
Episode 938  Reward:  -0.177685  Wealth:     90930.76  Turnover: 0.5132  Gross: 1.4001  Gate: 0.8002
Episode 939  Reward:   0.103173  Wealth:    120749.39  Turnover: 0.3184  Gross: 1.4013  Gate: 0.8026
Episode 940  Reward:   0.135309  Wealth:    125125.17  Turnover: 0.3206  Gross: 1.3994  Gate: 0.7988
Episode    940  AvgReward:   0.073932  Noise: 0.0229
Episode 941  Reward:   0.282680  Wealth:    154810.73  Turnover: 0.5494  Gross: 1.3994  Gate: 0.7988
Episode 942  Reward:   0.220924  Wealth:    141059.23  Turnover: 0.6106  Gross: 1.4019  Gate: 0.8037
Episode 943  Reward:   0.054406  Wealth:    114010.77  Turnover: 0.4215  Gross: 1.4022  Gate: 0.8043
Episode 944  Reward:   0.239885  Wealth:    145796.04  Turnover: 0.6002  Gross: 1.3994  Gate: 0.7988
Episode 945  Reward:   0.068491  Wealth:    116188.49  Turnover: 0.2617  Gross: 1.4005  Gate: 0.8010
Episode 946  Reward:  -0.053841  Wealth:    102088.50  Turnover: 0.5085  Gross: 1.4022  Gate: 0.8044
Episode 947  Reward:   0.073254  Wealth:    116433.44  Turnover: 0.3901  Gross: 1.4019  Gate: 0.8038
Episode 948  Reward:   0.226681  Wealth:    141741.18  Turnover: 0.2111  Gross: 1.4006  Gate: 0.8011
Episode 949  Reward:   0.273712  Wealth:    152076.33  Turnover: 0.3167  Gross: 1.3988  Gate: 0.7977
Episode 950  Reward:   0.331481  Wealth:    167474.84  Turnover: 0.2109  Gross: 1.4009  Gate: 0.8017
Episode    950  AvgReward:   0.171767  Noise: 0.0224
Episode 951  Reward:   0.097159  Wealth:    120099.98  Turnover: 0.6332  Gross: 1.4007  Gate: 0.8015
Episode 952  Reward:   0.162826  Wealth:    131045.40  Turnover: 0.4178  Gross: 1.4037  Gate: 0.8074
Episode 953  Reward:   0.178459  Wealth:    133699.61  Turnover: 0.3162  Gross: 1.3990  Gate: 0.7981
Episode 954  Reward:   0.239439  Wealth:    145739.14  Turnover: 0.2970  Gross: 1.4010  Gate: 0.8020
Episode 955  Reward:   0.022513  Wealth:    109190.25  Turnover: 0.4202  Gross: 1.4043  Gate: 0.8087
Episode 956  Reward:   0.070474  Wealth:    115571.99  Turnover: 0.4355  Gross: 1.4005  Gate: 0.8010
Episode 957  Reward:   0.319926  Wealth:    163033.85  Turnover: 0.5034  Gross: 1.4050  Gate: 0.8100
Episode 958  Reward:   0.142780  Wealth:    125642.05  Turnover: 0.3969  Gross: 1.4002  Gate: 0.8003
Episode 959  Reward:  -0.145455  Wealth:     92527.27  Turnover: 0.3571  Gross: 1.3968  Gate: 0.7936
Episode 960  Reward:   0.171853  Wealth:    132435.01  Turnover: 0.4080  Gross: 1.4005  Gate: 0.8010
Episode    960  AvgReward:   0.125997  Noise: 0.0220
Episode 961  Reward:   0.083501  Wealth:    118577.52  Turnover: 0.5535  Gross: 1.4033  Gate: 0.8065
Episode 962  Reward:   0.041762  Wealth:    112561.06  Turnover: 0.3569  Gross: 1.4063  Gate: 0.8126
Episode 963  Reward:  -0.267208  Wealth:     83508.75  Turnover: 0.4195  Gross: 1.3946  Gate: 0.7892
Episode 964  Reward:  -0.012473  Wealth:    106290.15  Turnover: 0.7587  Gross: 1.4017  Gate: 0.8034
Episode 965  Reward:   0.179893  Wealth:    133948.93  Turnover: 0.4624  Gross: 1.3921  Gate: 0.7842
Episode 966  Reward:   0.160752  Wealth:    129577.39  Turnover: 0.4930  Gross: 1.3991  Gate: 0.7982
Episode 967  Reward:   0.205123  Wealth:    138303.60  Turnover: 0.5866  Gross: 1.3943  Gate: 0.7887
Episode 968  Reward:   0.051876  Wealth:    114038.84  Turnover: 0.6491  Gross: 1.4037  Gate: 0.8074
Episode 969  Reward:  -0.112536  Wealth:     96069.46  Turnover: 0.4040  Gross: 1.4030  Gate: 0.8059
Episode 970  Reward:   0.058353  Wealth:    114454.14  Turnover: 0.3473  Gross: 1.4009  Gate: 0.8018
Episode    970  AvgReward:   0.038904  Noise: 0.0216
Episode 971  Reward:   0.195269  Wealth:    137113.63  Turnover: 0.4979  Gross: 1.4054  Gate: 0.8108
Episode 972  Reward:   0.217654  Wealth:    142109.08  Turnover: 0.4737  Gross: 1.4039  Gate: 0.8077
Episode 973  Reward:   0.205902  Wealth:    136751.34  Turnover: 0.2208  Gross: 1.4004  Gate: 0.8008
Episode 974  Reward:   0.039699  Wealth:    113990.93  Turnover: 0.5787  Gross: 1.3923  Gate: 0.7845
Episode 975  Reward:   0.084729  Wealth:    118763.33  Turnover: 0.5551  Gross: 1.4012  Gate: 0.8025
Episode 976  Reward:   0.107291  Wealth:    121534.35  Turnover: 0.5831  Gross: 1.3944  Gate: 0.7888
Episode 977  Reward:  -0.004361  Wealth:    107559.94  Turnover: 0.4860  Gross: 1.3959  Gate: 0.7919
Episode 978  Reward:   0.293079  Wealth:    158547.29  Turnover: 0.6152  Gross: 1.3996  Gate: 0.7993
Episode 979  Reward:   0.076660  Wealth:    116920.36  Turnover: 0.6534  Gross: 1.4035  Gate: 0.8070
Episode 980  Reward:   0.227932  Wealth:    146663.20  Turnover: 0.7124  Gross: 1.4016  Gate: 0.8031
Episode    980  AvgReward:   0.144385  Noise: 0.0211
Episode 981  Reward:  -0.288578  Wealth:     82439.47  Turnover: 0.5669  Gross: 1.3975  Gate: 0.7950
Episode 982  Reward:   0.214120  Wealth:    139630.12  Turnover: 0.4471  Gross: 1.4023  Gate: 0.8046
Episode 983  Reward:   0.100050  Wealth:    120799.84  Turnover: 0.4634  Gross: 1.4046  Gate: 0.8091
Episode 984  Reward:   0.174077  Wealth:    135379.78  Turnover: 0.8363  Gross: 1.4033  Gate: 0.8066
Episode 985  Reward:   0.197612  Wealth:    135257.37  Turnover: 0.2702  Gross: 1.3976  Gate: 0.7952
Episode 986  Reward:  -0.128017  Wealth:     94918.79  Turnover: 0.5430  Gross: 1.4055  Gate: 0.8109
Episode 987  Reward:  -0.187707  Wealth:     89314.79  Turnover: 0.3695  Gross: 1.3988  Gate: 0.7977
Episode 988  Reward:  -0.086811  Wealth:     97968.02  Turnover: 0.3955  Gross: 1.3998  Gate: 0.7996
Episode 989  Reward:   0.083054  Wealth:    117255.74  Turnover: 0.4933  Gross: 1.4041  Gate: 0.8082
Episode 990  Reward:   0.101073  Wealth:    120572.16  Turnover: 0.3122  Gross: 1.4039  Gate: 0.8077
Episode    990  AvgReward:   0.017887  Noise: 0.0207
Episode 991  Reward:  -0.100403  Wealth:     98670.91  Turnover: 0.6162  Gross: 1.3989  Gate: 0.7977
Episode 992  Reward:   0.193881  Wealth:    135976.01  Turnover: 0.3695  Gross: 1.4041  Gate: 0.8082
Episode 993  Reward:   0.148376  Wealth:    129165.42  Turnover: 0.4428  Gross: 1.3973  Gate: 0.7946
Episode 994  Reward:   0.173607  Wealth:    130635.93  Turnover: 0.3559  Gross: 1.3977  Gate: 0.7954
Episode 995  Reward:   0.139207  Wealth:    125554.19  Turnover: 0.3879  Gross: 1.3967  Gate: 0.7934
Episode 996  Reward:   0.220953  Wealth:    142005.79  Turnover: 0.6399  Gross: 1.4020  Gate: 0.8039
Episode 997  Reward:   0.249729  Wealth:    147198.84  Turnover: 0.5619  Gross: 1.4070  Gate: 0.8140
Episode 998  Reward:   0.046860  Wealth:    113235.60  Turnover: 0.2456  Gross: 1.3996  Gate: 0.7992
Episode 999  Reward:   0.037389  Wealth:    111714.37  Turnover: 0.3418  Gross: 1.4029  Gate: 0.8058
Episode 1000  Reward:  -0.126200  Wealth:     94613.09  Turnover: 0.3506  Gross: 1.3992  Gate: 0.7984
Episode   1000  AvgReward:   0.098340  Noise: 0.0203
TRAIN STAGE COMPLETE
PRE-TRAINING BEHAVIOUR GATE PASSED on deterministic held-in episodes: mean_leverage_gate=0.8052, fraction_at_gross_cap=0.0000, gate_gross_mae=0.0000, mean_turnover=0.4572, max_position_limit_violation=0.0000, mean_normalized_direction_entropy=0.8512, q05_normalized_direction_entropy=0.7837, mean_effective_positions=3.9435
Pre-training complete. Agent saved.

============================================================
Stage 2: Fine-tuning on Real Data

============================================================
============================================================
STAGE 2: FINE-TUNING
============================================================
============================================================
TRAIN STAGE STARTED: stage=finetune_selection, episodes=37, batch_size=64, updates_per_step=1
============================================================
Episode 1  Reward:   0.170636  Wealth:    132789.83  Turnover: 0.5193  Gross: 1.4040  Gate: 0.8081
Episode 2  Reward:   0.260769  Wealth:    154650.56  Turnover: 0.7989  Gross: 1.4056  Gate: 0.8112
Episode 3  Reward:   0.186822  Wealth:    133793.24  Turnover: 0.4443  Gross: 1.4061  Gate: 0.8121
Episode 4  Reward:   0.223977  Wealth:    142535.54  Turnover: 0.4879  Gross: 1.4014  Gate: 0.8027
Episode 5  Reward:   0.270792  Wealth:    152204.95  Turnover: 0.5035  Gross: 1.3982  Gate: 0.7963
Episode 6  Reward:   0.139028  Wealth:    126025.25  Turnover: 0.3345  Gross: 1.4018  Gate: 0.8036
Episode 7  Reward:   0.067905  Wealth:    115837.71  Turnover: 0.3650  Gross: 1.4029  Gate: 0.8058
Episode 8  Reward:   0.250685  Wealth:    148610.00  Turnover: 0.4570  Gross: 1.4034  Gate: 0.8067
Episode 9  Reward:   0.201861  Wealth:    137187.37  Turnover: 0.4901  Gross: 1.3936  Gate: 0.7872
Episode 10  Reward:   0.194893  Wealth:    136763.61  Turnover: 0.5044  Gross: 1.3968  Gate: 0.7936
Episode 11  Reward:   0.210290  Wealth:    140961.83  Turnover: 0.6134  Gross: 1.3935  Gate: 0.7871
Episode 12  Reward:   0.212313  Wealth:    140689.37  Turnover: 0.5245  Gross: 1.4013  Gate: 0.8026
Episode 13  Reward:   0.170882  Wealth:    132055.02  Turnover: 0.6067  Gross: 1.3970  Gate: 0.7941
Episode 14  Reward:   0.198696  Wealth:    137238.37  Turnover: 0.6207  Gross: 1.3928  Gate: 0.7855
Episode 15  Reward:   0.151829  Wealth:    128936.35  Turnover: 0.5963  Gross: 1.3907  Gate: 0.7813
Episode 16  Reward:   0.362491  Wealth:    182204.79  Turnover: 0.6402  Gross: 1.4031  Gate: 0.8062
Episode 17  Reward:   0.172296  Wealth:    132815.26  Turnover: 0.6394  Gross: 1.3958  Gate: 0.7917
Episode 18  Reward:   0.157346  Wealth:    130035.50  Turnover: 0.6360  Gross: 1.3958  Gate: 0.7917
Episode 19  Reward:   0.323534  Wealth:    171298.09  Turnover: 0.8468  Gross: 1.3968  Gate: 0.7935
Episode 20  Reward:   0.187606  Wealth:    137575.10  Turnover: 0.7764  Gross: 1.3979  Gate: 0.7959
Episode 21  Reward:   0.361544  Wealth:    183300.40  Turnover: 0.8388  Gross: 1.3973  Gate: 0.7945
Episode 22  Reward:   0.348491  Wealth:    179035.43  Turnover: 0.7320  Gross: 1.4006  Gate: 0.8011
Episode 23  Reward:   0.244690  Wealth:    148625.66  Turnover: 0.4825  Gross: 1.4029  Gate: 0.8059
Episode 24  Reward:   0.345248  Wealth:    180262.45  Turnover: 0.7210  Gross: 1.3979  Gate: 0.7958
Episode 25  Reward:   0.211473  Wealth:    142049.00  Turnover: 0.4529  Gross: 1.4016  Gate: 0.8031
Episode 26  Reward:   0.124843  Wealth:    122854.05  Turnover: 0.3325  Gross: 1.4036  Gate: 0.8071
Episode 27  Reward:   0.268160  Wealth:    154948.15  Turnover: 0.5463  Gross: 1.4021  Gate: 0.8041
Episode 28  Reward:   0.258571  Wealth:    148551.61  Turnover: 0.3792  Gross: 1.4031  Gate: 0.8061
Episode 29  Reward:   0.395587  Wealth:    196736.40  Turnover: 0.7576  Gross: 1.3961  Gate: 0.7922
Episode 30  Reward:   0.201524  Wealth:    139220.60  Turnover: 0.4318  Gross: 1.4006  Gate: 0.8012
Episode 31  Reward:   0.428741  Wealth:    212799.17  Turnover: 0.6489  Gross: 1.3945  Gate: 0.7890
Episode 32  Reward:   0.062420  Wealth:    114475.52  Turnover: 0.4177  Gross: 1.4046  Gate: 0.8092
Episode 33  Reward:   0.304017  Wealth:    165819.38  Turnover: 0.5662  Gross: 1.3980  Gate: 0.7959
Episode 34  Reward:   0.209426  Wealth:    139365.80  Turnover: 0.5405  Gross: 1.4008  Gate: 0.8016
Episode 35  Reward:   0.337504  Wealth:    174354.85  Turnover: 0.7586  Gross: 1.3957  Gate: 0.7913
Episode 36  Reward:   0.349326  Wealth:    176505.28  Turnover: 0.4959  Gross: 1.3976  Gate: 0.7952
Episode 37  Reward:   0.216869  Wealth:    142484.59  Turnover: 0.4842  Gross: 1.3997  Gate: 0.7993
Episode     37  AvgReward:   0.237381  Noise: 0.0417
TRAIN STAGE COMPLETE
VALIDATION pass=1 reward=0.209575 wealth=138029.66 turnover=0.4883 gross=1.4062
============================================================
TRAIN STAGE STARTED: stage=finetune_refit_all, episodes=61, batch_size=64, updates_per_step=1
============================================================
Episode 1  Reward:   0.360132  Wealth:    175711.67  Turnover: 0.3831  Gross: 1.4037  Gate: 0.8074
Episode 2  Reward:   0.166220  Wealth:    131335.34  Turnover: 0.5060  Gross: 1.4052  Gate: 0.8105
Episode 3  Reward:   0.180148  Wealth:    133511.12  Turnover: 0.5432  Gross: 1.4053  Gate: 0.8107
Episode 4  Reward:   0.167381  Wealth:    131356.38  Turnover: 0.5583  Gross: 1.4021  Gate: 0.8041
Episode 5  Reward:   0.227080  Wealth:    141644.83  Turnover: 0.5189  Gross: 1.4016  Gate: 0.8032
Episode 6  Reward:   0.120451  Wealth:    122735.30  Turnover: 0.4098  Gross: 1.4007  Gate: 0.8013
Episode 7  Reward:   0.165948  Wealth:    130000.30  Turnover: 0.4588  Gross: 1.4020  Gate: 0.8041
Episode 8  Reward:   0.265677  Wealth:    149243.77  Turnover: 0.4412  Gross: 1.4028  Gate: 0.8056
Episode 9  Reward:   0.190058  Wealth:    133515.57  Turnover: 0.4328  Gross: 1.4057  Gate: 0.8114
Episode 10  Reward:   0.212513  Wealth:    139803.00  Turnover: 0.5062  Gross: 1.4040  Gate: 0.8080
Episode 11  Reward:   0.334704  Wealth:    172763.68  Turnover: 0.7712  Gross: 1.4015  Gate: 0.8030
Episode 12  Reward:   0.266057  Wealth:    151772.05  Turnover: 0.5112  Gross: 1.3975  Gate: 0.7951
Episode 13  Reward:   0.320397  Wealth:    167703.62  Turnover: 0.6151  Gross: 1.3967  Gate: 0.7934
Episode 14  Reward:   0.252015  Wealth:    148877.30  Turnover: 0.4726  Gross: 1.3983  Gate: 0.7966
Episode 15  Reward:   0.356059  Wealth:    176238.73  Turnover: 0.5307  Gross: 1.3965  Gate: 0.7931
Episode 16  Reward:   0.173610  Wealth:    133385.04  Turnover: 0.5238  Gross: 1.4040  Gate: 0.8080
Episode 17  Reward:   0.293886  Wealth:    163737.93  Turnover: 0.7752  Gross: 1.3988  Gate: 0.7975
Episode 18  Reward:   0.109771  Wealth:    122507.11  Turnover: 0.5452  Gross: 1.4052  Gate: 0.8105
Episode 19  Reward:   0.317177  Wealth:    172106.21  Turnover: 0.7292  Gross: 1.3983  Gate: 0.7966
Episode 20  Reward:   0.333968  Wealth:    173314.47  Turnover: 0.8336  Gross: 1.4030  Gate: 0.8060
Episode 21  Reward:   0.221896  Wealth:    144517.36  Turnover: 0.4914  Gross: 1.3994  Gate: 0.7988
Episode 22  Reward:   0.170612  Wealth:    132577.42  Turnover: 0.6503  Gross: 1.4029  Gate: 0.8058
Episode 23  Reward:   0.103529  Wealth:    121472.87  Turnover: 0.4986  Gross: 1.3981  Gate: 0.7963
Episode 24  Reward:   0.125405  Wealth:    127529.35  Turnover: 0.5424  Gross: 1.3981  Gate: 0.7961
Episode 25  Reward:   0.025395  Wealth:    110884.91  Turnover: 0.5215  Gross: 1.4019  Gate: 0.8038
Episode 26  Reward:   0.332368  Wealth:    174913.74  Turnover: 0.5353  Gross: 1.3975  Gate: 0.7950
Episode 27  Reward:   0.190220  Wealth:    135039.12  Turnover: 0.4871  Gross: 1.4038  Gate: 0.8076
Episode 28  Reward:   0.360878  Wealth:    185067.41  Turnover: 0.7848  Gross: 1.4037  Gate: 0.8074
Episode 29  Reward:   0.113411  Wealth:    122785.42  Turnover: 0.5255  Gross: 1.4044  Gate: 0.8088
Episode 30  Reward:   0.033391  Wealth:    112201.15  Turnover: 0.5295  Gross: 1.4010  Gate: 0.8020
Episode 31  Reward:   0.189408  Wealth:    135850.29  Turnover: 0.5713  Gross: 1.4023  Gate: 0.8046
Episode 32  Reward:   0.210113  Wealth:    140112.77  Turnover: 0.5871  Gross: 1.4047  Gate: 0.8093
Episode 33  Reward:   0.109993  Wealth:    122329.07  Turnover: 0.4270  Gross: 1.3999  Gate: 0.7999
Episode 34  Reward:   0.298578  Wealth:    158393.21  Turnover: 0.3671  Gross: 1.4050  Gate: 0.8099
Episode 35  Reward:   0.031471  Wealth:    111794.50  Turnover: 0.4277  Gross: 1.4038  Gate: 0.8076
Episode 36  Reward:   0.356801  Wealth:    179532.66  Turnover: 0.6430  Gross: 1.4006  Gate: 0.8013
Episode 37  Reward:   0.177397  Wealth:    133178.23  Turnover: 0.4396  Gross: 1.4059  Gate: 0.8119
Episode 38  Reward:   0.259220  Wealth:    149677.98  Turnover: 0.4235  Gross: 1.4040  Gate: 0.8080
Episode 39  Reward:   0.267243  Wealth:    153339.37  Turnover: 0.5805  Gross: 1.4008  Gate: 0.8016
Episode 40  Reward:   0.228159  Wealth:    144367.87  Turnover: 0.6206  Gross: 1.4068  Gate: 0.8136
Episode 41  Reward:   0.123840  Wealth:    123973.12  Turnover: 0.4413  Gross: 1.4055  Gate: 0.8110
Episode 42  Reward:   0.222042  Wealth:    141495.89  Turnover: 0.4851  Gross: 1.4033  Gate: 0.8067
Episode 43  Reward:   0.426040  Wealth:    211200.86  Turnover: 0.8576  Gross: 1.4039  Gate: 0.8078
Episode 44  Reward:   0.153816  Wealth:    128633.91  Turnover: 0.4549  Gross: 1.4068  Gate: 0.8135
Episode 45  Reward:   0.315976  Wealth:    167170.07  Turnover: 0.7072  Gross: 1.4018  Gate: 0.8037
Episode 46  Reward:   0.369455  Wealth:    185201.34  Turnover: 0.7735  Gross: 1.4058  Gate: 0.8116
Episode 47  Reward:   0.262134  Wealth:    151648.45  Turnover: 0.4718  Gross: 1.4036  Gate: 0.8073
Episode 48  Reward:   0.262319  Wealth:    151597.97  Turnover: 0.6293  Gross: 1.4086  Gate: 0.8173
Episode 49  Reward:   0.162764  Wealth:    130671.50  Turnover: 0.5626  Gross: 1.4056  Gate: 0.8111
Episode 50  Reward:   0.040836  Wealth:    112885.74  Turnover: 0.5060  Gross: 1.4026  Gate: 0.8052
Episode 51  Reward:   0.122799  Wealth:    123456.05  Turnover: 0.4081  Gross: 1.4070  Gate: 0.8139
Episode 52  Reward:   0.074408  Wealth:    116133.30  Turnover: 0.3492  Gross: 1.4051  Gate: 0.8101
Episode 53  Reward:   0.386387  Wealth:    190106.07  Turnover: 0.8594  Gross: 1.4085  Gate: 0.8170
Episode 54  Reward:   0.090302  Wealth:    118486.05  Turnover: 0.4090  Gross: 1.4044  Gate: 0.8088
Episode 55  Reward:   0.360456  Wealth:    184124.26  Turnover: 0.9088  Gross: 1.4046  Gate: 0.8093
Episode 56  Reward:   0.262802  Wealth:    152294.89  Turnover: 0.6806  Gross: 1.4104  Gate: 0.8208
Episode 57  Reward:   0.305282  Wealth:    162777.65  Turnover: 0.6094  Gross: 1.3999  Gate: 0.7998
Episode 58  Reward:   0.181493  Wealth:    134134.09  Turnover: 0.4663  Gross: 1.4007  Gate: 0.8013
Episode 59  Reward:   0.042484  Wealth:    111739.51  Turnover: 0.3624  Gross: 1.4036  Gate: 0.8071
Episode 60  Reward:   0.184608  Wealth:    136185.38  Turnover: 0.7211  Gross: 1.4107  Gate: 0.8213
Episode 61  Reward:   0.270355  Wealth:    154458.42  Turnover: 0.5312  Gross: 1.4043  Gate: 0.8086
Episode     61  AvgReward:   0.217038  Noise: 0.0370
TRAIN STAGE COMPLETE
Fine-tuning complete. Selected 1 pass(es); final agent saved.

============================================================
TRAINING COMPLETE

============================================================

[2/2] Training seed 20260847
Loading configuration from: config/config.yaml 
Run mode: full | seed: 20260847 | CVaR simulations/step: 512 | vine simulation cores: 23
Loading synthetic return bundle: data/synthetic_returns.RData
Loaded 1000 pre-training and 61 fine-tuning episodes.
Fine-tuning selection: 37 fit episodes, 23 purged overlapping episodes, 1 validation episode; final refit uses all 61.
Run seed: 20260847
Run mode: full
PyTorch: 2.10.0+cu128
Device: cuda
Action schema: interior_rank_partition_leverage_gate_v5; projection temperature=1.5
GPU: NVIDIA A100-SXM4-80GB
PYTHON: Framework ready.
Action schema: interior_rank_partition_leverage_gate_v5 | gross=1.500 | net=1.000 | max_long=0.600 | max_short=0.200
Risk/training: entropy_coef=0.005 | leverage_target=0.800 | leverage_penalty=0.25 | direction_bound=5.000 | AMP=False

============================================================
Stage 1: Pre-training on Synthetic Data

============================================================
============================================================
STAGE 1: PRE-TRAINING
============================================================
============================================================
TRAIN STAGE STARTED: stage=pretrain, episodes=1000, batch_size=128, updates_per_step=1
============================================================
Episode 1  Reward:  -0.011058  Wealth:    109927.45  Turnover: 1.1797  Gross: 1.3036  Gate: 0.6072
Episode 2  Reward:  -0.219658  Wealth:     89547.17  Turnover: 1.0475  Gross: 1.2434  Gate: 0.4868
Episode 3  Reward:   0.265882  Wealth:    158107.22  Turnover: 1.0995  Gross: 1.2435  Gate: 0.4871
Episode 4  Reward:  -0.658458  Wealth:     64203.60  Turnover: 0.9511  Gross: 1.2224  Gate: 0.4447
Episode 5  Reward:  -0.172737  Wealth:     93683.71  Turnover: 1.0582  Gross: 1.2689  Gate: 0.5378
Episode 6  Reward:  -0.233539  Wealth:     88516.12  Turnover: 1.0632  Gross: 1.2638  Gate: 0.5277
Episode 7  Reward:   0.301017  Wealth:    166616.67  Turnover: 1.1041  Gross: 1.2962  Gate: 0.5925
Episode 8  Reward:   0.097224  Wealth:    124032.42  Turnover: 1.1033  Gross: 1.2554  Gate: 0.5108
Episode 9  Reward:   0.140299  Wealth:    131877.88  Turnover: 1.2103  Gross: 1.2822  Gate: 0.5644
Episode 10  Reward:   0.065912  Wealth:    119639.61  Turnover: 1.1384  Gross: 1.2541  Gate: 0.5082
Episode     10  AvgReward:  -0.042512  Noise: 0.1473
Episode 11  Reward:   0.230068  Wealth:    149920.99  Turnover: 1.1637  Gross: 1.2445  Gate: 0.4891
Episode 12  Reward:  -0.060883  Wealth:    104426.21  Turnover: 1.0663  Gross: 1.2508  Gate: 0.5015
Episode 13  Reward:  -0.290386  Wealth:     83997.16  Turnover: 1.1308  Gross: 1.2627  Gate: 0.5254
Episode 14  Reward:  -0.225273  Wealth:     89058.72  Turnover: 1.1907  Gross: 1.2380  Gate: 0.4760
Episode 15  Reward:   0.086431  Wealth:    122193.46  Turnover: 1.0565  Gross: 1.2521  Gate: 0.5042
Episode 16  Reward:   0.013398  Wealth:    113318.53  Turnover: 1.0755  Gross: 1.2542  Gate: 0.5085
Episode 17  Reward:   0.103613  Wealth:    124674.33  Turnover: 1.0028  Gross: 1.2299  Gate: 0.4598
Episode 18  Reward:  -0.140901  Wealth:     96622.13  Turnover: 1.0206  Gross: 1.2677  Gate: 0.5354
Episode 19  Reward:   0.239094  Wealth:    150603.75  Turnover: 1.0470  Gross: 1.2406  Gate: 0.4813
Episode 20  Reward:  -0.154029  Wealth:     95115.92  Turnover: 1.1611  Gross: 1.2939  Gate: 0.5879
Episode     20  AvgReward:  -0.019887  Noise: 0.1444
Episode 21  Reward:  -0.045129  Wealth:    105990.37  Turnover: 1.0234  Gross: 1.2543  Gate: 0.5086
Episode 22  Reward:  -0.288520  Wealth:     84348.04  Turnover: 1.0808  Gross: 1.2572  Gate: 0.5143
Episode 23  Reward:   0.057530  Wealth:    118330.67  Turnover: 1.0450  Gross: 1.2493  Gate: 0.4986
Episode 24  Reward:   0.138623  Wealth:    130367.05  Turnover: 0.9774  Gross: 1.2310  Gate: 0.4620
Episode 25  Reward:   0.183675  Wealth:    139091.91  Turnover: 1.0733  Gross: 1.2521  Gate: 0.5042
Episode 26  Reward:  -0.230102  Wealth:     88677.38  Turnover: 1.1514  Gross: 1.2564  Gate: 0.5127
Episode 27  Reward:   0.115150  Wealth:    127850.46  Turnover: 1.0823  Gross: 1.2681  Gate: 0.5362
Episode 28  Reward:  -0.171878  Wealth:     93212.05  Turnover: 1.0547  Gross: 1.2428  Gate: 0.4857
Episode 29  Reward:  -0.203455  Wealth:     90846.89  Turnover: 1.1632  Gross: 1.2712  Gate: 0.5424
Episode 30  Reward:  -0.009448  Wealth:    109237.33  Turnover: 0.9663  Gross: 1.2270  Gate: 0.4540
Episode     30  AvgReward:  -0.045356  Noise: 0.1415
Episode 31  Reward:   0.225804  Wealth:    148417.07  Turnover: 1.0906  Gross: 1.2386  Gate: 0.4771
Episode 32  Reward:  -0.010010  Wealth:    109497.35  Turnover: 1.0791  Gross: 1.2220  Gate: 0.4439
Episode 33  Reward:  -0.003548  Wealth:    110437.61  Turnover: 1.1188  Gross: 1.2700  Gate: 0.5399
Episode 34  Reward:   0.088005  Wealth:    123580.07  Turnover: 1.1004  Gross: 1.2114  Gate: 0.4227
Episode 35  Reward:   0.007848  Wealth:    112492.30  Turnover: 1.0161  Gross: 1.2642  Gate: 0.5284
Episode 36  Reward:  -0.246560  Wealth:     87452.94  Turnover: 0.9594  Gross: 1.2338  Gate: 0.4677
Episode 37  Reward:  -0.252957  Wealth:     86969.89  Turnover: 1.1043  Gross: 1.2411  Gate: 0.4822
Episode 38  Reward:  -0.056214  Wealth:    104709.79  Turnover: 1.0584  Gross: 1.2488  Gate: 0.4976
Episode 39  Reward:  -0.180690  Wealth:     92369.22  Turnover: 0.9019  Gross: 1.2275  Gate: 0.4550
Episode 40  Reward:  -0.049127  Wealth:    104655.69  Turnover: 1.0753  Gross: 1.2389  Gate: 0.4778
Episode     40  AvgReward:  -0.047745  Noise: 0.1387
Episode 41  Reward:  -0.034402  Wealth:    106781.29  Turnover: 1.0561  Gross: 1.2663  Gate: 0.5326
Episode 42  Reward:   0.065809  Wealth:    119844.58  Turnover: 0.8915  Gross: 1.2165  Gate: 0.4329
Episode 43  Reward:  -0.113981  Wealth:     99121.93  Turnover: 0.1909  Gross: 1.0950  Gate: 0.1899
Episode 44  Reward:   0.055984  Wealth:    118895.99  Turnover: 0.1878  Gross: 1.1024  Gate: 0.2049
Episode 45  Reward:  -0.175706  Wealth:     93298.03  Turnover: 0.2669  Gross: 1.1018  Gate: 0.2037
Episode 46  Reward:   0.004669  Wealth:    111904.17  Turnover: 0.2614  Gross: 1.1090  Gate: 0.2181
Episode 47  Reward:  -0.202304  Wealth:     91168.38  Turnover: 0.2375  Gross: 1.1044  Gate: 0.2087
Episode 48  Reward:   0.030004  Wealth:    115578.62  Turnover: 0.2063  Gross: 1.1094  Gate: 0.2188
Episode 49  Reward:   0.235089  Wealth:    151900.45  Turnover: 0.2208  Gross: 1.1143  Gate: 0.2286
Episode 50  Reward:   0.166289  Wealth:    137439.33  Turnover: 0.2183  Gross: 1.1106  Gate: 0.2213
Episode     50  AvgReward:   0.003145  Noise: 0.1360
Episode 51  Reward:  -0.020965  Wealth:    109450.63  Turnover: 0.2518  Gross: 1.1131  Gate: 0.2261
Episode 52  Reward:   0.008457  Wealth:    112528.91  Turnover: 0.2215  Gross: 1.1166  Gate: 0.2332
Episode 53  Reward:  -0.173483  Wealth:     93869.45  Turnover: 0.2417  Gross: 1.1182  Gate: 0.2363
Episode 54  Reward:  -0.385204  Wealth:     78232.67  Turnover: 0.1719  Gross: 1.1177  Gate: 0.2354
Episode 55  Reward:   0.114911  Wealth:    128157.97  Turnover: 0.2497  Gross: 1.1207  Gate: 0.2414
Episode 56  Reward:  -0.186782  Wealth:     92630.99  Turnover: 0.2864  Gross: 1.1217  Gate: 0.2434
Episode 57  Reward:  -0.218371  Wealth:     89967.48  Turnover: 0.2329  Gross: 1.1242  Gate: 0.2484
Episode 58  Reward:   0.296111  Wealth:    168037.75  Turnover: 0.2190  Gross: 1.1233  Gate: 0.2465
Episode 59  Reward:   0.082411  Wealth:    123411.70  Turnover: 0.2301  Gross: 1.1316  Gate: 0.2632
Episode 60  Reward:   0.125763  Wealth:    130991.45  Turnover: 0.2387  Gross: 1.1304  Gate: 0.2608
Episode     60  AvgReward:  -0.035715  Noise: 0.1333
Episode 61  Reward:  -0.063940  Wealth:    104796.49  Turnover: 0.2379  Gross: 1.1263  Gate: 0.2527
Episode 62  Reward:  -0.148065  Wealth:     96207.22  Turnover: 0.2379  Gross: 1.1363  Gate: 0.2727
Episode 63  Reward:  -0.136849  Wealth:     97266.45  Turnover: 0.2285  Gross: 1.1345  Gate: 0.2690
Episode 64  Reward:   0.179984  Wealth:    141352.12  Turnover: 0.1628  Gross: 1.1339  Gate: 0.2679
Episode 65  Reward:   0.098479  Wealth:    126186.52  Turnover: 0.1803  Gross: 1.1413  Gate: 0.2826
Episode 66  Reward:   0.310435  Wealth:    173415.96  Turnover: 0.1609  Gross: 1.1494  Gate: 0.2988
Episode 67  Reward:  -0.226494  Wealth:     89613.26  Turnover: 0.1681  Gross: 1.1482  Gate: 0.2963
Episode 68  Reward:   0.200432  Wealth:    145309.39  Turnover: 0.2029  Gross: 1.1477  Gate: 0.2953
Episode 69  Reward:   0.308489  Wealth:    172153.12  Turnover: 0.1584  Gross: 1.1610  Gate: 0.3221
Episode 70  Reward:  -0.211000  Wealth:     90986.02  Turnover: 0.1878  Gross: 1.1567  Gate: 0.3135
Episode     70  AvgReward:   0.031147  Noise: 0.1306
Episode 71  Reward:   0.048773  Wealth:    119455.95  Turnover: 0.1764  Gross: 1.1606  Gate: 0.3212
Episode 72  Reward:   0.252352  Wealth:    158185.88  Turnover: 0.1087  Gross: 1.1700  Gate: 0.3399
Episode 73  Reward:   0.256276  Wealth:    159112.67  Turnover: 0.1315  Gross: 1.1717  Gate: 0.3434
Episode 74  Reward:   0.100781  Wealth:    127683.51  Turnover: 0.1445  Gross: 1.1712  Gate: 0.3423
Episode 75  Reward:   0.181209  Wealth:    142570.35  Turnover: 0.1337  Gross: 1.1822  Gate: 0.3644
Episode 76  Reward:  -0.006857  Wealth:    112288.29  Turnover: 0.0831  Gross: 1.1844  Gate: 0.3688
Episode 77  Reward:  -0.031275  Wealth:    109313.92  Turnover: 0.1368  Gross: 1.1959  Gate: 0.3918
Episode 78  Reward:   0.030434  Wealth:    116981.90  Turnover: 0.2148  Gross: 1.2042  Gate: 0.4085
Episode 79  Reward:   0.102203  Wealth:    127364.66  Turnover: 0.2766  Gross: 1.2111  Gate: 0.4222
Episode 80  Reward:  -0.179416  Wealth:     93998.70  Turnover: 0.1752  Gross: 1.2162  Gate: 0.4325
Episode     80  AvgReward:   0.075448  Noise: 0.1281
Episode 81  Reward:   0.151114  Wealth:    135837.77  Turnover: 0.2162  Gross: 1.2278  Gate: 0.4555
Episode 82  Reward:   0.160915  Wealth:    138135.23  Turnover: 0.2534  Gross: 1.2328  Gate: 0.4655
Episode 83  Reward:   0.265015  Wealth:    161133.22  Turnover: 0.2264  Gross: 1.2476  Gate: 0.4952
Episode 84  Reward:   0.026692  Wealth:    116952.03  Turnover: 0.2176  Gross: 1.2512  Gate: 0.5024
Episode 85  Reward:  -0.064366  Wealth:    106091.40  Turnover: 0.2295  Gross: 1.2550  Gate: 0.5100
Episode 86  Reward:   0.010191  Wealth:    114262.30  Turnover: 0.2400  Gross: 1.2727  Gate: 0.5455
Episode 87  Reward:   0.143859  Wealth:    135205.25  Turnover: 0.2445  Gross: 1.2786  Gate: 0.5573
Episode 88  Reward:  -0.053280  Wealth:    107051.76  Turnover: 0.2667  Gross: 1.2888  Gate: 0.5776
Episode 89  Reward:   0.256470  Wealth:    160138.71  Turnover: 0.2737  Gross: 1.2967  Gate: 0.5934
Episode 90  Reward:  -0.294899  Wealth:     85104.75  Turnover: 0.2817  Gross: 1.2933  Gate: 0.5866
Episode     90  AvgReward:   0.060171  Noise: 0.1255
Episode 91  Reward:   0.028928  Wealth:    117379.84  Turnover: 0.2535  Gross: 1.3069  Gate: 0.6138
Episode 92  Reward:   0.064601  Wealth:    122454.79  Turnover: 0.2692  Gross: 1.3172  Gate: 0.6344
Episode 93  Reward:   0.090291  Wealth:    126679.34  Turnover: 0.2810  Gross: 1.3306  Gate: 0.6612
Episode 94  Reward:   0.091660  Wealth:    127151.59  Turnover: 0.2844  Gross: 1.3383  Gate: 0.6765
Episode 95  Reward:   0.186317  Wealth:    144010.41  Turnover: 0.2586  Gross: 1.3396  Gate: 0.6792
Episode 96  Reward:   0.083242  Wealth:    125731.43  Turnover: 0.2946  Gross: 1.3421  Gate: 0.6842
Episode 97  Reward:   0.173713  Wealth:    142252.43  Turnover: 0.2600  Gross: 1.3508  Gate: 0.7017
Episode 98  Reward:   0.056193  Wealth:    121728.70  Turnover: 0.2755  Gross: 1.3587  Gate: 0.7174
Episode 99  Reward:   0.158428  Wealth:    138870.36  Turnover: 0.2743  Gross: 1.3646  Gate: 0.7293
Episode 100  Reward:   0.393060  Wealth:    204964.52  Turnover: 0.2300  Gross: 1.3737  Gate: 0.7474
Episode    100  AvgReward:   0.132643  Noise: 0.1230
Episode 101  Reward:  -0.211817  Wealth:     91804.79  Turnover: 0.2672  Gross: 1.3749  Gate: 0.7497
Episode 102  Reward:  -0.077086  Wealth:    104696.91  Turnover: 0.2985  Gross: 1.3780  Gate: 0.7559
Episode 103  Reward:   0.105686  Wealth:    129426.55  Turnover: 0.3005  Gross: 1.3865  Gate: 0.7729
Episode 104  Reward:   0.076202  Wealth:    124428.98  Turnover: 0.2307  Gross: 1.3914  Gate: 0.7828
Episode 105  Reward:   0.238615  Wealth:    155983.46  Turnover: 0.2867  Gross: 1.3922  Gate: 0.7845
Episode 106  Reward:   0.066901  Wealth:    123025.70  Turnover: 0.2545  Gross: 1.4023  Gate: 0.8046
Episode 107  Reward:   0.067516  Wealth:    123586.18  Turnover: 0.2797  Gross: 1.4025  Gate: 0.8050
Episode 108  Reward:  -0.042613  Wealth:    109507.79  Turnover: 0.2555  Gross: 1.4066  Gate: 0.8132
Episode 109  Reward:   0.082084  Wealth:    126012.78  Turnover: 0.2188  Gross: 1.4042  Gate: 0.8084
Episode 110  Reward:   0.090769  Wealth:    127867.11  Turnover: 0.2634  Gross: 1.4051  Gate: 0.8102
Episode    110  AvgReward:   0.039626  Noise: 0.1206
Episode 111  Reward:   0.155148  Wealth:    138917.63  Turnover: 0.2283  Gross: 1.4034  Gate: 0.8069
Episode 112  Reward:   0.225271  Wealth:    154437.31  Turnover: 0.2876  Gross: 1.4019  Gate: 0.8037
Episode 113  Reward:  -0.453930  Wealth:     75213.63  Turnover: 0.2884  Gross: 1.4005  Gate: 0.8010
Episode 114  Reward:   0.139687  Wealth:    135087.64  Turnover: 0.2657  Gross: 1.4064  Gate: 0.8128
Episode 115  Reward:   0.088153  Wealth:    126927.16  Turnover: 0.3125  Gross: 1.4043  Gate: 0.8086
Episode 116  Reward:   0.149947  Wealth:    137441.92  Turnover: 0.2609  Gross: 1.3999  Gate: 0.7999
Episode 117  Reward:   0.083506  Wealth:    126193.02  Turnover: 0.2825  Gross: 1.4019  Gate: 0.8038
Episode 118  Reward:   0.171392  Wealth:    141978.11  Turnover: 0.2737  Gross: 1.4024  Gate: 0.8048
Episode 119  Reward:   0.140975  Wealth:    136120.43  Turnover: 0.3447  Gross: 1.4032  Gate: 0.8064
Episode 120  Reward:   0.098282  Wealth:    129130.50  Turnover: 0.2862  Gross: 1.4035  Gate: 0.8070
Episode    120  AvgReward:   0.079843  Noise: 0.1182
Episode 121  Reward:  -0.029532  Wealth:    110732.71  Turnover: 0.2387  Gross: 1.4029  Gate: 0.8059
Episode 122  Reward:   0.208122  Wealth:    150186.58  Turnover: 0.2771  Gross: 1.4042  Gate: 0.8084
Episode 123  Reward:   0.109180  Wealth:    130612.13  Turnover: 0.2634  Gross: 1.4024  Gate: 0.8048
Episode 124  Reward:   0.226606  Wealth:    154030.55  Turnover: 0.2597  Gross: 1.3997  Gate: 0.7995
Episode 125  Reward:   0.074806  Wealth:    125327.00  Turnover: 0.2489  Gross: 1.4030  Gate: 0.8060
Episode 126  Reward:   0.121559  Wealth:    132065.63  Turnover: 0.2292  Gross: 1.4000  Gate: 0.8000
Episode 127  Reward:   0.130453  Wealth:    134557.21  Turnover: 0.2985  Gross: 1.4022  Gate: 0.8044
Episode 128  Reward:   0.186616  Wealth:    145222.93  Turnover: 0.2929  Gross: 1.4035  Gate: 0.8071
Episode 129  Reward:   0.206584  Wealth:    149151.79  Turnover: 0.2839  Gross: 1.4008  Gate: 0.8017
Episode 130  Reward:  -0.032833  Wealth:    110264.85  Turnover: 0.3192  Gross: 1.4016  Gate: 0.8033
Episode    130  AvgReward:   0.120156  Noise: 0.1159
Episode 131  Reward:  -0.152619  Wealth:     97447.76  Turnover: 0.2835  Gross: 1.4036  Gate: 0.8073
Episode 132  Reward:   0.130983  Wealth:    134707.65  Turnover: 0.2959  Gross: 1.4020  Gate: 0.8040
Episode 133  Reward:   0.041809  Wealth:    119833.19  Turnover: 0.2739  Gross: 1.4056  Gate: 0.8112
Episode 134  Reward:  -0.680981  Wealth:     64180.36  Turnover: 0.2147  Gross: 1.4032  Gate: 0.8064
Episode 135  Reward:   0.219756  Wealth:    152808.07  Turnover: 0.2952  Gross: 1.4028  Gate: 0.8056
Episode 136  Reward:  -0.041735  Wealth:    109176.40  Turnover: 0.2856  Gross: 1.4074  Gate: 0.8148
Episode 137  Reward:   0.009565  Wealth:    115475.27  Turnover: 0.2138  Gross: 1.4049  Gate: 0.8098
Episode 138  Reward:   0.161928  Wealth:    139903.96  Turnover: 0.2632  Gross: 1.4019  Gate: 0.8039
Episode 139  Reward:   0.041892  Wealth:    119862.54  Turnover: 0.3199  Gross: 1.4016  Gate: 0.8032
Episode 140  Reward:   0.312903  Wealth:    177127.78  Turnover: 0.2482  Gross: 1.4014  Gate: 0.8028
Episode    140  AvgReward:   0.004350  Noise: 0.1136
Episode 141  Reward:   0.085818  Wealth:    126724.08  Turnover: 0.2453  Gross: 1.4028  Gate: 0.8057
Episode 142  Reward:  -0.030192  Wealth:    110030.98  Turnover: 0.2495  Gross: 1.4018  Gate: 0.8035
Episode 143  Reward:   0.230793  Wealth:    154056.48  Turnover: 0.2984  Gross: 1.4027  Gate: 0.8055
Episode 144  Reward:   0.183783  Wealth:    143374.24  Turnover: 0.2606  Gross: 1.4038  Gate: 0.8076
Episode 145  Reward:   0.215246  Wealth:    150581.92  Turnover: 0.2842  Gross: 1.4010  Gate: 0.8020
Episode 146  Reward:  -0.058871  Wealth:    106829.18  Turnover: 0.3209  Gross: 1.4047  Gate: 0.8093
Episode 147  Reward:  -0.017196  Wealth:    111610.83  Turnover: 0.3329  Gross: 1.4026  Gate: 0.8052
Episode 148  Reward:  -0.107153  Wealth:    101702.82  Turnover: 0.3117  Gross: 1.4060  Gate: 0.8120
Episode 149  Reward:   0.140213  Wealth:    135525.65  Turnover: 0.2645  Gross: 1.4025  Gate: 0.8050
Episode 150  Reward:   0.051981  Wealth:    121403.07  Turnover: 0.3578  Gross: 1.4024  Gate: 0.8049
Episode    150  AvgReward:   0.069442  Noise: 0.1113
Episode 151  Reward:   0.140979  Wealth:    135475.95  Turnover: 0.2948  Gross: 1.4022  Gate: 0.8045
Episode 152  Reward:  -0.020537  Wealth:    111421.90  Turnover: 0.2752  Gross: 1.4051  Gate: 0.8101
Episode 153  Reward:   0.171248  Wealth:    141916.70  Turnover: 0.3110  Gross: 1.4064  Gate: 0.8128
Episode 154  Reward:   0.216676  Wealth:    151190.72  Turnover: 0.2657  Gross: 1.3998  Gate: 0.7997
Episode 155  Reward:   0.045779  Wealth:    120442.52  Turnover: 0.3678  Gross: 1.4045  Gate: 0.8091
Episode 156  Reward:  -0.555427  Wealth:     70173.83  Turnover: 0.3951  Gross: 1.4090  Gate: 0.8181
Episode 157  Reward:  -0.350349  Wealth:     81616.72  Turnover: 0.3568  Gross: 1.4056  Gate: 0.8112
Episode 158  Reward:   0.072559  Wealth:    124324.56  Turnover: 0.3302  Gross: 1.4061  Gate: 0.8121
Episode 159  Reward:  -0.220344  Wealth:     91329.44  Turnover: 0.3459  Gross: 1.4042  Gate: 0.8084
Episode 160  Reward:   0.232845  Wealth:    155240.87  Turnover: 0.3190  Gross: 1.4036  Gate: 0.8072
Episode    160  AvgReward:  -0.026657  Noise: 0.1091
Episode 161  Reward:   0.372591  Wealth:    198436.57  Turnover: 0.3432  Gross: 1.3997  Gate: 0.7994
Episode 162  Reward:   0.050553  Wealth:    121617.29  Turnover: 0.3207  Gross: 1.4034  Gate: 0.8067
Episode 163  Reward:   0.077832  Wealth:    125462.50  Turnover: 0.2701  Gross: 1.4059  Gate: 0.8118
Episode 164  Reward:   0.372657  Wealth:    198498.20  Turnover: 0.3161  Gross: 1.3989  Gate: 0.7978
Episode 165  Reward:  -0.060297  Wealth:    107083.47  Turnover: 0.3175  Gross: 1.4044  Gate: 0.8087
Episode 166  Reward:   0.095369  Wealth:    127431.85  Turnover: 0.2487  Gross: 1.4048  Gate: 0.8097
Episode 167  Reward:   0.002839  Wealth:    114371.87  Turnover: 0.3279  Gross: 1.4032  Gate: 0.8063
Episode 168  Reward:   0.155123  Wealth:    138130.57  Turnover: 0.2837  Gross: 1.4053  Gate: 0.8106
Episode 169  Reward:   0.153720  Wealth:    137870.58  Turnover: 0.2694  Gross: 1.4019  Gate: 0.8039
Episode 170  Reward:  -0.082316  Wealth:    104375.25  Turnover: 0.3178  Gross: 1.4046  Gate: 0.8093
Episode    170  AvgReward:   0.113807  Noise: 0.1069
Episode 171  Reward:   0.116759  Wealth:    130810.91  Turnover: 0.2008  Gross: 1.4003  Gate: 0.8006
Episode 172  Reward:   0.153824  Wealth:    137373.61  Turnover: 0.2120  Gross: 1.4047  Gate: 0.8094
Episode 173  Reward:   0.246038  Wealth:    157730.45  Turnover: 0.2699  Gross: 1.4006  Gate: 0.8012
Episode 174  Reward:   0.272418  Wealth:    164284.74  Turnover: 0.2239  Gross: 1.4032  Gate: 0.8063
Episode 175  Reward:  -0.023410  Wealth:    110590.35  Turnover: 0.1866  Gross: 1.4005  Gate: 0.8011
Episode 176  Reward:  -0.206397  Wealth:     91904.34  Turnover: 0.2354  Gross: 1.4047  Gate: 0.8094
Episode 177  Reward:  -0.192403  Wealth:     93236.57  Turnover: 0.2701  Gross: 1.4036  Gate: 0.8071
Episode 178  Reward:   0.319613  Wealth:    177638.10  Turnover: 0.1983  Gross: 1.4020  Gate: 0.8039
Episode 179  Reward:   0.222089  Wealth:    151486.69  Turnover: 0.2135  Gross: 1.4042  Gate: 0.8083
Episode 180  Reward:   0.110188  Wealth:    129082.15  Turnover: 0.2650  Gross: 1.3997  Gate: 0.7995
Episode    180  AvgReward:   0.101872  Noise: 0.1048
Episode 181  Reward:   0.125034  Wealth:    131872.07  Turnover: 0.1739  Gross: 1.3993  Gate: 0.7987
Episode 182  Reward:   0.087954  Wealth:    126371.32  Turnover: 0.2322  Gross: 1.4031  Gate: 0.8062
Episode 183  Reward:  -0.205969  Wealth:     92009.00  Turnover: 0.2448  Gross: 1.3988  Gate: 0.7977
Episode 184  Reward:   0.092923  Wealth:    126948.38  Turnover: 0.2014  Gross: 1.4037  Gate: 0.8073
Episode 185  Reward:   0.041104  Wealth:    119238.40  Turnover: 0.2206  Gross: 1.4027  Gate: 0.8054
Episode 186  Reward:   0.016185  Wealth:    115582.25  Turnover: 0.2476  Gross: 1.4028  Gate: 0.8056
Episode 187  Reward:   0.078596  Wealth:    124961.64  Turnover: 0.2445  Gross: 1.4023  Gate: 0.8045
Episode 188  Reward:   0.157921  Wealth:    138142.90  Turnover: 0.1839  Gross: 1.4027  Gate: 0.8053
Episode 189  Reward:   0.279270  Wealth:    165794.26  Turnover: 0.2485  Gross: 1.3997  Gate: 0.7993
Episode 190  Reward:   0.099288  Wealth:    127815.31  Turnover: 0.2706  Gross: 1.4047  Gate: 0.8095
Episode    190  AvgReward:   0.077231  Noise: 0.1027
Episode 191  Reward:  -0.011691  Wealth:    112061.26  Turnover: 0.2692  Gross: 1.4031  Gate: 0.8063
Episode 192  Reward:   0.344532  Wealth:    186296.17  Turnover: 0.2608  Gross: 1.4056  Gate: 0.8112
Episode 193  Reward:   0.368051  Wealth:    194385.67  Turnover: 0.2246  Gross: 1.4026  Gate: 0.8052
Episode 194  Reward:   0.186336  Wealth:    144344.35  Turnover: 0.2250  Gross: 1.4032  Gate: 0.8064
Episode 195  Reward:   0.039763  Wealth:    118948.71  Turnover: 0.1780  Gross: 1.4062  Gate: 0.8124
Episode 196  Reward:   0.271264  Wealth:    164513.88  Turnover: 0.2479  Gross: 1.4012  Gate: 0.8025
Episode 197  Reward:   0.017314  Wealth:    116190.10  Turnover: 0.2838  Gross: 1.4043  Gate: 0.8087
Episode 198  Reward:   0.162822  Wealth:    139956.42  Turnover: 0.3227  Gross: 1.4020  Gate: 0.8041
Episode 199  Reward:   0.005303  Wealth:    114559.61  Turnover: 0.2730  Gross: 1.4065  Gate: 0.8130
Episode 200  Reward:   0.173996  Wealth:    141781.28  Turnover: 0.2366  Gross: 1.4013  Gate: 0.8027
Episode    200  AvgReward:   0.155769  Noise: 0.1007
Episode 201  Reward:   0.108320  Wealth:    130386.18  Turnover: 0.2942  Gross: 1.4000  Gate: 0.7999
Episode 202  Reward:   0.369882  Wealth:    197754.17  Turnover: 0.3129  Gross: 1.4013  Gate: 0.8025
Episode 203  Reward:  -0.152196  Wealth:     97247.12  Turnover: 0.2954  Gross: 1.4049  Gate: 0.8099
Episode 204  Reward:  -0.274681  Wealth:     87095.09  Turnover: 0.3408  Gross: 1.4014  Gate: 0.8028
Episode 205  Reward:  -0.122839  Wealth:    100029.82  Turnover: 0.3408  Gross: 1.4030  Gate: 0.8060
Episode 206  Reward:   0.126084  Wealth:    133641.91  Turnover: 0.2906  Gross: 1.4006  Gate: 0.8012
Episode 207  Reward:   0.287813  Wealth:    169744.44  Turnover: 0.3173  Gross: 1.4041  Gate: 0.8082
Episode 208  Reward:  -0.156319  Wealth:     96781.20  Turnover: 0.3282  Gross: 1.4033  Gate: 0.8067
Episode 209  Reward:   0.130017  Wealth:    133921.18  Turnover: 0.3404  Gross: 1.4020  Gate: 0.8040
Episode 210  Reward:   0.012199  Wealth:    115930.78  Turnover: 0.3376  Gross: 1.3989  Gate: 0.7978
Episode    210  AvgReward:   0.032828  Noise: 0.0987
Episode 211  Reward:   0.230522  Wealth:    155112.79  Turnover: 0.3773  Gross: 1.4053  Gate: 0.8105
Episode 212  Reward:  -0.036329  Wealth:    109452.30  Turnover: 0.2705  Gross: 1.4030  Gate: 0.8059
Episode 213  Reward:  -0.103998  Wealth:    101922.91  Turnover: 0.3291  Gross: 1.4054  Gate: 0.8107
Episode 214  Reward:   0.138001  Wealth:    135005.79  Turnover: 0.2690  Gross: 1.3995  Gate: 0.7990
Episode 215  Reward:   0.147866  Wealth:    137265.96  Turnover: 0.2228  Gross: 1.4009  Gate: 0.8017
Episode 216  Reward:   0.236628  Wealth:    156251.01  Turnover: 0.3179  Gross: 1.4022  Gate: 0.8043
Episode 217  Reward:   0.081097  Wealth:    125909.50  Turnover: 0.2960  Gross: 1.4041  Gate: 0.8081
Episode 218  Reward:   0.138844  Wealth:    135395.41  Turnover: 0.2699  Gross: 1.4037  Gate: 0.8075
Episode 219  Reward:   0.069589  Wealth:    123670.50  Turnover: 0.2731  Gross: 1.4052  Gate: 0.8103
Episode 220  Reward:   0.032530  Wealth:    118038.22  Turnover: 0.2344  Gross: 1.4023  Gate: 0.8046
Episode    220  AvgReward:   0.093475  Noise: 0.0968
Episode 221  Reward:   0.064819  Wealth:    122713.91  Turnover: 0.3054  Gross: 1.4020  Gate: 0.8039
Episode 222  Reward:   0.080126  Wealth:    124635.24  Turnover: 0.2129  Gross: 1.4045  Gate: 0.8091
Episode 223  Reward:   0.121729  Wealth:    132063.11  Turnover: 0.2365  Gross: 1.3998  Gate: 0.7997
Episode 224  Reward:  -0.027917  Wealth:    110358.04  Turnover: 0.2227  Gross: 1.4046  Gate: 0.8093
Episode 225  Reward:   0.233793  Wealth:    154655.86  Turnover: 0.2208  Gross: 1.4027  Gate: 0.8053
Episode 226  Reward:   0.159267  Wealth:    138967.72  Turnover: 0.1994  Gross: 1.4021  Gate: 0.8043
Episode 227  Reward:   0.262948  Wealth:    162040.09  Turnover: 0.1956  Gross: 1.4035  Gate: 0.8070
Episode 228  Reward:   0.073255  Wealth:    123742.83  Turnover: 0.1536  Gross: 1.4018  Gate: 0.8036
Episode 229  Reward:  -0.013697  Wealth:    111777.55  Turnover: 0.1276  Gross: 1.4001  Gate: 0.8003
Episode 230  Reward:   0.171922  Wealth:    141180.86  Turnover: 0.2196  Gross: 1.4002  Gate: 0.8004
Episode    230  AvgReward:   0.112625  Noise: 0.0948
Episode 231  Reward:   0.026245  Wealth:    117121.21  Turnover: 0.1841  Gross: 1.4035  Gate: 0.8070
Episode 232  Reward:  -0.063758  Wealth:    106344.47  Turnover: 0.1950  Gross: 1.3994  Gate: 0.7987
Episode 233  Reward:  -0.088620  Wealth:    103427.75  Turnover: 0.1492  Gross: 1.4027  Gate: 0.8053
Episode 234  Reward:   0.136476  Wealth:    135363.16  Turnover: 0.2076  Gross: 1.4049  Gate: 0.8098
Episode 235  Reward:   0.302602  Wealth:    173052.76  Turnover: 0.1753  Gross: 1.4036  Gate: 0.8072
Episode 236  Reward:   0.043865  Wealth:    119892.88  Turnover: 0.1864  Gross: 1.4049  Gate: 0.8099
Episode 237  Reward:  -0.297981  Wealth:     85260.07  Turnover: 0.1826  Gross: 1.4054  Gate: 0.8108
Episode 238  Reward:   0.094538  Wealth:    127905.39  Turnover: 0.1602  Gross: 1.4036  Gate: 0.8072
Episode 239  Reward:  -0.168605  Wealth:     95828.05  Turnover: 0.1958  Gross: 1.4062  Gate: 0.8123
Episode 240  Reward:   0.131758  Wealth:    133761.18  Turnover: 0.1553  Gross: 1.4038  Gate: 0.8076
Episode    240  AvgReward:   0.011652  Noise: 0.0930
Episode 241  Reward:   0.124278  Wealth:    132636.50  Turnover: 0.1614  Gross: 1.4004  Gate: 0.8008
Episode 242  Reward:   0.294076  Wealth:    170466.85  Turnover: 0.1557  Gross: 1.4022  Gate: 0.8045
Episode 243  Reward:   0.269318  Wealth:    163197.10  Turnover: 0.1303  Gross: 1.3979  Gate: 0.7958
Episode 244  Reward:   0.080928  Wealth:    125166.96  Turnover: 0.1795  Gross: 1.4033  Gate: 0.8065
Episode 245  Reward:   0.165687  Wealth:    139841.83  Turnover: 0.1242  Gross: 1.4031  Gate: 0.8062
Episode 246  Reward:   0.335292  Wealth:    182670.56  Turnover: 0.0851  Gross: 1.4007  Gate: 0.8014
Episode 247  Reward:  -0.184451  Wealth:     93745.00  Turnover: 0.1101  Gross: 1.3938  Gate: 0.7875
Episode 248  Reward:   0.180117  Wealth:    142305.32  Turnover: 0.1829  Gross: 1.3899  Gate: 0.7799
Episode 249  Reward:   0.275259  Wealth:    164505.70  Turnover: 0.0948  Gross: 1.4018  Gate: 0.8036
Episode 250  Reward:  -0.047928  Wealth:    107519.32  Turnover: 0.1534  Gross: 1.4029  Gate: 0.8059
Episode    250  AvgReward:   0.149258  Noise: 0.0911
Episode 251  Reward:   0.087465  Wealth:    125677.75  Turnover: 0.1540  Gross: 1.3995  Gate: 0.7990
Episode 252  Reward:   0.212192  Wealth:    148961.95  Turnover: 0.1503  Gross: 1.4016  Gate: 0.8031
Episode 253  Reward:   0.232957  Wealth:    153627.46  Turnover: 0.1895  Gross: 1.3952  Gate: 0.7903
Episode 254  Reward:   0.086570  Wealth:    125515.33  Turnover: 0.1058  Gross: 1.3996  Gate: 0.7992
Episode 255  Reward:  -0.031539  Wealth:    109234.91  Turnover: 0.1733  Gross: 1.4000  Gate: 0.8000
Episode 256  Reward:   0.088894  Wealth:    125527.06  Turnover: 0.2269  Gross: 1.4010  Gate: 0.8019
Episode 257  Reward:   0.091883  Wealth:    125854.52  Turnover: 0.0844  Gross: 1.3942  Gate: 0.7884
Episode 258  Reward:   0.104230  Wealth:    127846.51  Turnover: 0.1687  Gross: 1.3939  Gate: 0.7877
Episode 259  Reward:   0.081628  Wealth:    124839.33  Turnover: 0.1740  Gross: 1.3964  Gate: 0.7928
Episode 260  Reward:   0.092214  Wealth:    126102.57  Turnover: 0.1771  Gross: 1.4030  Gate: 0.8061
Episode    260  AvgReward:   0.104649  Noise: 0.0893
Episode 261  Reward:   0.069795  Wealth:    123177.22  Turnover: 0.1683  Gross: 1.4029  Gate: 0.8059
Episode 262  Reward:   0.052012  Wealth:    119858.41  Turnover: 0.1628  Gross: 1.4020  Gate: 0.8040
Episode 263  Reward:  -0.222417  Wealth:     90288.31  Turnover: 0.2419  Gross: 1.3979  Gate: 0.7957
Episode 264  Reward:  -0.231924  Wealth:     89336.47  Turnover: 0.1954  Gross: 1.4018  Gate: 0.8037
Episode 265  Reward:   0.033682  Wealth:    116914.94  Turnover: 0.1424  Gross: 1.3956  Gate: 0.7912
Episode 266  Reward:   0.094475  Wealth:    126135.62  Turnover: 0.2154  Gross: 1.3975  Gate: 0.7950
Episode 267  Reward:   0.047909  Wealth:    119095.56  Turnover: 0.1918  Gross: 1.4009  Gate: 0.8018
Episode 268  Reward:   0.187433  Wealth:    142389.85  Turnover: 0.1512  Gross: 1.4011  Gate: 0.8022
Episode 269  Reward:   0.024407  Wealth:    115797.34  Turnover: 0.1706  Gross: 1.3885  Gate: 0.7770
Episode 270  Reward:   0.173735  Wealth:    140495.15  Turnover: 0.1845  Gross: 1.4053  Gate: 0.8105
Episode    270  AvgReward:   0.022911  Noise: 0.0875
Episode 271  Reward:   0.153408  Wealth:    135860.62  Turnover: 0.1430  Gross: 1.4045  Gate: 0.8089
Episode 272  Reward:  -0.294271  Wealth:     84456.14  Turnover: 0.2023  Gross: 1.4001  Gate: 0.8001
Episode 273  Reward:   0.192052  Wealth:    143138.45  Turnover: 0.1303  Gross: 1.4002  Gate: 0.8004
Episode 274  Reward:   0.219680  Wealth:    149028.70  Turnover: 0.1852  Gross: 1.4029  Gate: 0.8058
Episode 275  Reward:  -0.061710  Wealth:    105171.35  Turnover: 0.1633  Gross: 1.4026  Gate: 0.8051
Episode 276  Reward:   0.186253  Wealth:    141855.20  Turnover: 0.1236  Gross: 1.4070  Gate: 0.8140
Episode 277  Reward:   0.090111  Wealth:    124063.86  Turnover: 0.1580  Gross: 1.3773  Gate: 0.7545
Episode 278  Reward:   0.292712  Wealth:    167327.04  Turnover: 0.1505  Gross: 1.4057  Gate: 0.8113
Episode 279  Reward:  -0.036717  Wealth:    107507.71  Turnover: 0.1811  Gross: 1.4004  Gate: 0.8007
Episode 280  Reward:   0.076449  Wealth:    122468.72  Turnover: 0.1510  Gross: 1.4035  Gate: 0.8071
Episode    280  AvgReward:   0.081797  Noise: 0.0858
Episode 281  Reward:   0.259595  Wealth:    158235.84  Turnover: 0.2092  Gross: 1.3926  Gate: 0.7852
Episode 282  Reward:   0.128279  Wealth:    130348.88  Turnover: 0.1916  Gross: 1.3837  Gate: 0.7673
Episode 283  Reward:   0.209657  Wealth:    145989.28  Turnover: 0.1398  Gross: 1.3884  Gate: 0.7768
Episode 284  Reward:   0.088929  Wealth:    124780.53  Turnover: 0.1794  Gross: 1.4061  Gate: 0.8123
Episode 285  Reward:   0.200084  Wealth:    144622.88  Turnover: 0.2058  Gross: 1.3963  Gate: 0.7927
Episode 286  Reward:   0.215071  Wealth:    148156.69  Turnover: 0.1978  Gross: 1.3993  Gate: 0.7986
Episode 287  Reward:   0.149561  Wealth:    134396.39  Turnover: 0.1500  Gross: 1.4041  Gate: 0.8082
Episode 288  Reward:   0.105042  Wealth:    127455.75  Turnover: 0.2788  Gross: 1.3907  Gate: 0.7814
Episode 289  Reward:   0.275969  Wealth:    162141.28  Turnover: 0.1208  Gross: 1.3930  Gate: 0.7860
Episode 290  Reward:   0.015135  Wealth:    114326.38  Turnover: 0.2237  Gross: 1.4072  Gate: 0.8145
Episode    290  AvgReward:   0.164732  Noise: 0.0841
Episode 291  Reward:   0.076419  Wealth:    122953.35  Turnover: 0.1415  Gross: 1.4061  Gate: 0.8122
Episode 292  Reward:   0.014296  Wealth:    114510.19  Turnover: 0.1921  Gross: 1.4042  Gate: 0.8084
Episode 293  Reward:  -0.063817  Wealth:    105210.13  Turnover: 0.1855  Gross: 1.4021  Gate: 0.8043
Episode 294  Reward:   0.057954  Wealth:    119615.18  Turnover: 0.1001  Gross: 1.3789  Gate: 0.7577
Episode 295  Reward:   0.241658  Wealth:    153069.78  Turnover: 0.1549  Gross: 1.3729  Gate: 0.7458
Episode 296  Reward:  -0.037911  Wealth:    108270.28  Turnover: 0.1926  Gross: 1.3985  Gate: 0.7970
Episode 297  Reward:   0.030504  Wealth:    116630.49  Turnover: 0.1466  Gross: 1.4016  Gate: 0.8032
Episode 298  Reward:   0.179036  Wealth:    140660.45  Turnover: 0.2157  Gross: 1.3881  Gate: 0.7762
Episode 299  Reward:   0.118927  Wealth:    129923.67  Turnover: 0.2223  Gross: 1.3972  Gate: 0.7944
Episode 300  Reward:   0.058866  Wealth:    120155.68  Turnover: 0.0986  Gross: 1.3846  Gate: 0.7693
Episode    300  AvgReward:   0.067593  Noise: 0.0824
Episode 301  Reward:   0.082457  Wealth:    123909.09  Turnover: 0.1809  Gross: 1.3973  Gate: 0.7945
Episode 302  Reward:   0.438538  Wealth:    222602.28  Turnover: 0.1593  Gross: 1.3963  Gate: 0.7925
Episode 303  Reward:   0.180518  Wealth:    139734.40  Turnover: 0.1616  Gross: 1.3679  Gate: 0.7358
Episode 304  Reward:   0.116228  Wealth:    129120.82  Turnover: 0.1744  Gross: 1.4012  Gate: 0.8024
Episode 305  Reward:  -0.002346  Wealth:    112085.92  Turnover: 0.1843  Gross: 1.3991  Gate: 0.7982
Episode 306  Reward:  -0.029484  Wealth:    108926.47  Turnover: 0.2045  Gross: 1.4064  Gate: 0.8128
Episode 307  Reward:   0.077556  Wealth:    122905.02  Turnover: 0.1586  Gross: 1.3924  Gate: 0.7847
Episode 308  Reward:  -0.088996  Wealth:    102443.53  Turnover: 0.2181  Gross: 1.3990  Gate: 0.7980
Episode 309  Reward:   0.244253  Wealth:    155158.81  Turnover: 0.1614  Gross: 1.4053  Gate: 0.8106
Episode 310  Reward:  -0.172388  Wealth:     94194.30  Turnover: 0.1839  Gross: 1.4010  Gate: 0.8021
Episode    310  AvgReward:   0.084633  Noise: 0.0808
Episode 311  Reward:   0.127127  Wealth:    131397.82  Turnover: 0.2387  Gross: 1.4016  Gate: 0.8031
Episode 312  Reward:  -0.124400  Wealth:     98722.47  Turnover: 0.2257  Gross: 1.4014  Gate: 0.8029
Episode 313  Reward:   0.190922  Wealth:    142430.63  Turnover: 0.1687  Gross: 1.3990  Gate: 0.7980
Episode 314  Reward:  -0.239296  Wealth:     88661.91  Turnover: 0.1914  Gross: 1.3900  Gate: 0.7800
Episode 315  Reward:  -0.047219  Wealth:    106690.69  Turnover: 0.2323  Gross: 1.3842  Gate: 0.7683
Episode 316  Reward:  -0.108645  Wealth:    100232.59  Turnover: 0.2358  Gross: 1.4055  Gate: 0.8111
Episode 317  Reward:   0.139403  Wealth:    132814.22  Turnover: 0.1625  Gross: 1.4011  Gate: 0.8022
Episode 318  Reward:   0.132091  Wealth:    131198.13  Turnover: 0.1951  Gross: 1.3963  Gate: 0.7926
Episode 319  Reward:   0.156782  Wealth:    136211.13  Turnover: 0.2263  Gross: 1.3862  Gate: 0.7723
Episode 320  Reward:  -0.127650  Wealth:     97677.22  Turnover: 0.2809  Gross: 1.3757  Gate: 0.7513
Episode    320  AvgReward:   0.009912  Noise: 0.0792
Episode 321  Reward:   0.244119  Wealth:    153609.21  Turnover: 0.1862  Gross: 1.3754  Gate: 0.7507
Episode 322  Reward:  -0.033642  Wealth:    108156.03  Turnover: 0.2206  Gross: 1.3726  Gate: 0.7452
Episode 323  Reward:  -0.055303  Wealth:    105816.45  Turnover: 0.2268  Gross: 1.3862  Gate: 0.7724
Episode 324  Reward:   0.207775  Wealth:    145154.77  Turnover: 0.2059  Gross: 1.3714  Gate: 0.7428
Episode 325  Reward:   0.130458  Wealth:    131212.89  Turnover: 0.2251  Gross: 1.3994  Gate: 0.7988
Episode 326  Reward:   0.123431  Wealth:    130114.66  Turnover: 0.2210  Gross: 1.3874  Gate: 0.7748
Episode 327  Reward:   0.130596  Wealth:    129740.90  Turnover: 0.2658  Gross: 1.3512  Gate: 0.7024
Episode 328  Reward:   0.161715  Wealth:    136537.11  Turnover: 0.2958  Gross: 1.3942  Gate: 0.7884
Episode 329  Reward:  -0.020359  Wealth:    109911.61  Turnover: 0.3629  Gross: 1.3976  Gate: 0.7953
Episode 330  Reward:   0.252575  Wealth:    156214.93  Turnover: 0.2954  Gross: 1.3943  Gate: 0.7886
Episode    330  AvgReward:   0.114137  Noise: 0.0776
Episode 331  Reward:   0.108183  Wealth:    127457.25  Turnover: 0.2839  Gross: 1.3126  Gate: 0.6252
Episode 332  Reward:  -0.001469  Wealth:    111696.38  Turnover: 0.3645  Gross: 1.2990  Gate: 0.5979
Episode 333  Reward:   0.223984  Wealth:    149784.50  Turnover: 0.4176  Gross: 1.3816  Gate: 0.7632
Episode 334  Reward:   0.174350  Wealth:    140386.09  Turnover: 0.2708  Gross: 1.3934  Gate: 0.7868
Episode 335  Reward:  -0.318746  Wealth:     83237.09  Turnover: 0.1915  Gross: 1.3971  Gate: 0.7943
Episode 336  Reward:   0.125814  Wealth:    130924.92  Turnover: 0.2786  Gross: 1.3721  Gate: 0.7442
Episode 337  Reward:   0.132989  Wealth:    132505.84  Turnover: 0.3872  Gross: 1.3819  Gate: 0.7639
Episode 338  Reward:   0.293155  Wealth:    167169.83  Turnover: 0.2539  Gross: 1.3938  Gate: 0.7875
Episode 339  Reward:   0.409967  Wealth:    205918.41  Turnover: 0.2868  Gross: 1.3688  Gate: 0.7375
Episode 340  Reward:   0.154212  Wealth:    135768.72  Turnover: 0.3147  Gross: 1.3917  Gate: 0.7835
Episode    340  AvgReward:   0.130244  Noise: 0.0761
Episode 341  Reward:   0.146272  Wealth:    133922.32  Turnover: 0.4594  Gross: 1.3312  Gate: 0.6624
Episode 342  Reward:   0.141877  Wealth:    133684.78  Turnover: 0.3099  Gross: 1.3978  Gate: 0.7956
Episode 343  Reward:   0.091670  Wealth:    125622.15  Turnover: 0.2525  Gross: 1.3893  Gate: 0.7787
Episode 344  Reward:  -0.178447  Wealth:     93876.93  Turnover: 0.2476  Gross: 1.4015  Gate: 0.8030
Episode 345  Reward:   0.010450  Wealth:    114036.02  Turnover: 0.2581  Gross: 1.3881  Gate: 0.7761
Episode 346  Reward:   0.015750  Wealth:    114268.23  Turnover: 0.3690  Gross: 1.3929  Gate: 0.7859
Episode 347  Reward:   0.162420  Wealth:    137114.77  Turnover: 0.3519  Gross: 1.3943  Gate: 0.7886
Episode 348  Reward:  -0.043514  Wealth:    106657.33  Turnover: 0.4628  Gross: 1.3780  Gate: 0.7559
Episode 349  Reward:   0.353756  Wealth:    183437.52  Turnover: 0.3042  Gross: 1.3815  Gate: 0.7630
Episode 350  Reward:   0.169257  Wealth:    138995.55  Turnover: 0.3880  Gross: 1.3941  Gate: 0.7882
Episode    350  AvgReward:   0.086949  Noise: 0.0746
Episode 351  Reward:   0.103294  Wealth:    127136.18  Turnover: 0.2975  Gross: 1.3931  Gate: 0.7861
Episode 352  Reward:   0.007198  Wealth:    113822.32  Turnover: 0.3095  Gross: 1.3964  Gate: 0.7929
Episode 353  Reward:   0.174501  Wealth:    138883.16  Turnover: 0.4000  Gross: 1.3876  Gate: 0.7751
Episode 354  Reward:  -0.512183  Wealth:     71330.16  Turnover: 0.4170  Gross: 1.3769  Gate: 0.7537
Episode 355  Reward:   0.231603  Wealth:    152425.60  Turnover: 0.3052  Gross: 1.4019  Gate: 0.8038
Episode 356  Reward:   0.450984  Wealth:    236913.73  Turnover: 0.5172  Gross: 1.3033  Gate: 0.6067
Episode 357  Reward:  -0.502785  Wealth:     72087.72  Turnover: 0.5790  Gross: 1.3790  Gate: 0.7579
Episode 358  Reward:  -0.149191  Wealth:     96756.31  Turnover: 0.3242  Gross: 1.4022  Gate: 0.8044
Episode 359  Reward:   0.046358  Wealth:    119299.00  Turnover: 0.3249  Gross: 1.3998  Gate: 0.7997
Episode 360  Reward:   0.194636  Wealth:    144033.75  Turnover: 0.4008  Gross: 1.4024  Gate: 0.8048
Episode    360  AvgReward:   0.004442  Noise: 0.0731
Episode 361  Reward:   0.232124  Wealth:    151103.40  Turnover: 0.6361  Gross: 1.3703  Gate: 0.7406
Episode 362  Reward:   0.164503  Wealth:    139543.01  Turnover: 0.5032  Gross: 1.3178  Gate: 0.6356
Episode 363  Reward:   0.160987  Wealth:    136933.06  Turnover: 0.6833  Gross: 1.3713  Gate: 0.7427
Episode 364  Reward:  -0.184810  Wealth:     93646.85  Turnover: 0.3674  Gross: 1.3915  Gate: 0.7829
Episode 365  Reward:   0.213284  Wealth:    149498.93  Turnover: 0.4680  Gross: 1.3448  Gate: 0.6896
Episode 366  Reward:   0.080082  Wealth:    123702.39  Turnover: 0.3844  Gross: 1.3884  Gate: 0.7769
Episode 367  Reward:  -0.038846  Wealth:    108698.03  Turnover: 0.4690  Gross: 1.3449  Gate: 0.6897
Episode 368  Reward:  -0.059444  Wealth:    105888.73  Turnover: 0.3836  Gross: 1.3951  Gate: 0.7902
Episode 369  Reward:   0.400276  Wealth:    202932.38  Turnover: 0.5757  Gross: 1.3730  Gate: 0.7461
Episode 370  Reward:   0.165941  Wealth:    138617.18  Turnover: 0.3502  Gross: 1.3799  Gate: 0.7598
Episode    370  AvgReward:   0.113410  Noise: 0.0717
Episode 371  Reward:   0.270546  Wealth:    161745.59  Turnover: 0.4336  Gross: 1.3842  Gate: 0.7684
Episode 372  Reward:   0.251167  Wealth:    159343.74  Turnover: 0.6034  Gross: 1.3553  Gate: 0.7106
Episode 373  Reward:   0.022283  Wealth:    115377.11  Turnover: 0.5052  Gross: 1.3865  Gate: 0.7731
Episode 374  Reward:   0.083035  Wealth:    124940.64  Turnover: 0.4782  Gross: 1.3947  Gate: 0.7894
Episode 375  Reward:   0.288907  Wealth:    166894.57  Turnover: 0.3352  Gross: 1.3937  Gate: 0.7875
Episode 376  Reward:   0.076813  Wealth:    124405.90  Turnover: 0.6253  Gross: 1.3479  Gate: 0.6958
Episode 377  Reward:  -0.095615  Wealth:    101999.40  Turnover: 0.3912  Gross: 1.3876  Gate: 0.7752
Episode 378  Reward:   0.270535  Wealth:    160598.15  Turnover: 0.5095  Gross: 1.3800  Gate: 0.7601
Episode 379  Reward:   0.303008  Wealth:    170484.72  Turnover: 0.5628  Gross: 1.3966  Gate: 0.7932
Episode 380  Reward:   0.027925  Wealth:    115988.71  Turnover: 0.3832  Gross: 1.3886  Gate: 0.7773
Episode    380  AvgReward:   0.149860  Noise: 0.0702
Episode 381  Reward:  -0.090389  Wealth:    102459.43  Turnover: 0.4811  Gross: 1.3907  Gate: 0.7814
Episode 382  Reward:   0.036307  Wealth:    118098.94  Turnover: 0.5758  Gross: 1.3531  Gate: 0.7063
Episode 383  Reward:   0.113309  Wealth:    128649.22  Turnover: 0.6110  Gross: 1.3998  Gate: 0.7996
Episode 384  Reward:   0.091800  Wealth:    128606.75  Turnover: 0.5677  Gross: 1.3410  Gate: 0.6819
Episode 385  Reward:   0.254799  Wealth:    159505.04  Turnover: 0.4927  Gross: 1.3847  Gate: 0.7695
Episode 386  Reward:  -0.065057  Wealth:    105492.08  Turnover: 0.7112  Gross: 1.3470  Gate: 0.6940
Episode 387  Reward:   0.245074  Wealth:    156539.35  Turnover: 0.5755  Gross: 1.3898  Gate: 0.7797
Episode 388  Reward:   0.200939  Wealth:    149959.77  Turnover: 0.5684  Gross: 1.3454  Gate: 0.6907
Episode 389  Reward:  -0.091295  Wealth:    102727.90  Turnover: 0.3150  Gross: 1.3977  Gate: 0.7954
Episode 390  Reward:   0.241981  Wealth:    158128.59  Turnover: 0.7624  Gross: 1.3659  Gate: 0.7318
Episode    390  AvgReward:   0.093747  Noise: 0.0688
Episode 391  Reward:   0.021771  Wealth:    115696.91  Turnover: 0.4579  Gross: 1.3977  Gate: 0.7954
Episode 392  Reward:   0.309225  Wealth:    173515.29  Turnover: 0.7052  Gross: 1.3972  Gate: 0.7944
Episode 393  Reward:   0.340283  Wealth:    190495.11  Turnover: 0.6438  Gross: 1.3497  Gate: 0.6994
Episode 394  Reward:  -0.804950  Wealth:     59169.21  Turnover: 0.4794  Gross: 1.3901  Gate: 0.7802
Episode 395  Reward:   0.113816  Wealth:    128517.75  Turnover: 0.4990  Gross: 1.4014  Gate: 0.8027
Episode 396  Reward:   0.000734  Wealth:    113378.13  Turnover: 0.5383  Gross: 1.3960  Gate: 0.7921
Episode 397  Reward:   0.173628  Wealth:    142224.92  Turnover: 0.7718  Gross: 1.3867  Gate: 0.7734
Episode 398  Reward:   0.255936  Wealth:    159114.42  Turnover: 0.5526  Gross: 1.4038  Gate: 0.8076
Episode 399  Reward:   0.159219  Wealth:    138364.33  Turnover: 0.7365  Gross: 1.4021  Gate: 0.8043
Episode 400  Reward:  -0.204520  Wealth:     92091.20  Turnover: 0.8847  Gross: 1.3687  Gate: 0.7374
Episode    400  AvgReward:   0.036514  Noise: 0.0675
Episode 401  Reward:   0.180208  Wealth:    145879.47  Turnover: 0.6802  Gross: 1.3471  Gate: 0.6942
Episode 402  Reward:  -0.269923  Wealth:     86887.23  Turnover: 0.7825  Gross: 1.3757  Gate: 0.7515
Episode 403  Reward:   0.206291  Wealth:    147519.44  Turnover: 0.5448  Gross: 1.4042  Gate: 0.8083
Episode 404  Reward:  -0.238122  Wealth:     89247.11  Turnover: 0.3728  Gross: 1.3954  Gate: 0.7909
Episode 405  Reward:  -0.018151  Wealth:    111290.84  Turnover: 0.5452  Gross: 1.3895  Gate: 0.7790
Episode 406  Reward:   0.125073  Wealth:    131867.38  Turnover: 0.3461  Gross: 1.3941  Gate: 0.7882
Episode 407  Reward:   0.123251  Wealth:    130903.46  Turnover: 0.5720  Gross: 1.3781  Gate: 0.7561
Episode 408  Reward:   0.095381  Wealth:    128348.00  Turnover: 0.6231  Gross: 1.3910  Gate: 0.7820
Episode 409  Reward:  -0.077008  Wealth:    105262.24  Turnover: 0.8963  Gross: 1.3910  Gate: 0.7819
Episode 410  Reward:   0.071861  Wealth:    123434.73  Turnover: 0.4751  Gross: 1.3831  Gate: 0.7663
Episode    410  AvgReward:   0.019886  Noise: 0.0661
Episode 411  Reward:   0.136791  Wealth:    133782.05  Turnover: 0.4615  Gross: 1.3956  Gate: 0.7911
Episode 412  Reward:   0.225055  Wealth:    152355.54  Turnover: 0.6210  Gross: 1.4042  Gate: 0.8085
Episode 413  Reward:   0.027712  Wealth:    117887.79  Turnover: 0.5749  Gross: 1.3761  Gate: 0.7523
Episode 414  Reward:   0.247021  Wealth:    158529.72  Turnover: 0.7215  Gross: 1.3930  Gate: 0.7860
Episode 415  Reward:   0.112077  Wealth:    132199.34  Turnover: 0.7855  Gross: 1.3811  Gate: 0.7623
Episode 416  Reward:   0.290207  Wealth:    172578.29  Turnover: 0.7330  Gross: 1.3848  Gate: 0.7696
Episode 417  Reward:   0.145564  Wealth:    136770.98  Turnover: 0.4383  Gross: 1.3939  Gate: 0.7879
Episode 418  Reward:  -0.103950  Wealth:    101360.60  Turnover: 0.7183  Gross: 1.3962  Gate: 0.7924
Episode 419  Reward:   0.137255  Wealth:    134933.02  Turnover: 0.5377  Gross: 1.3952  Gate: 0.7904
Episode 420  Reward:   0.247410  Wealth:    158568.87  Turnover: 0.5642  Gross: 1.4032  Gate: 0.8064
Episode    420  AvgReward:   0.146514  Noise: 0.0648
Episode 421  Reward:  -0.060467  Wealth:    106905.43  Turnover: 0.3176  Gross: 1.3943  Gate: 0.7887
Episode 422  Reward:  -0.046453  Wealth:    110482.41  Turnover: 0.8831  Gross: 1.3677  Gate: 0.7354
Episode 423  Reward:   0.023915  Wealth:    116512.79  Turnover: 0.6194  Gross: 1.3938  Gate: 0.7876
Episode 424  Reward:   0.138186  Wealth:    132061.90  Turnover: 0.5177  Gross: 1.3812  Gate: 0.7624
Episode 425  Reward:   0.432491  Wealth:    221908.27  Turnover: 0.5261  Gross: 1.3975  Gate: 0.7951
Episode 426  Reward:   0.072271  Wealth:    125920.35  Turnover: 0.6311  Gross: 1.3156  Gate: 0.6312
Episode 427  Reward:  -0.074654  Wealth:    104472.97  Turnover: 0.8166  Gross: 1.4009  Gate: 0.8017
Episode 428  Reward:  -0.130996  Wealth:     98532.29  Turnover: 0.5373  Gross: 1.4130  Gate: 0.8260
Episode 429  Reward:   0.009384  Wealth:    115041.78  Turnover: 0.2627  Gross: 1.4005  Gate: 0.8010
Episode 430  Reward:  -0.034535  Wealth:    108955.46  Turnover: 0.7768  Gross: 1.3922  Gate: 0.7844
Episode    430  AvgReward:   0.032914  Noise: 0.0635
Episode 431  Reward:   0.174866  Wealth:    140559.62  Turnover: 0.4916  Gross: 1.3952  Gate: 0.7905
Episode 432  Reward:  -0.031185  Wealth:    108564.66  Turnover: 0.6041  Gross: 1.4008  Gate: 0.8016
Episode 433  Reward:   0.057503  Wealth:    120588.50  Turnover: 0.5232  Gross: 1.3871  Gate: 0.7741
Episode 434  Reward:   0.198013  Wealth:    145557.22  Turnover: 0.3256  Gross: 1.4013  Gate: 0.8025
Episode 435  Reward:   0.229212  Wealth:    152744.87  Turnover: 0.7186  Gross: 1.3964  Gate: 0.7928
Episode 436  Reward:   0.229605  Wealth:    151822.53  Turnover: 0.9438  Gross: 1.3967  Gate: 0.7934
Episode 437  Reward:   0.194390  Wealth:    149367.32  Turnover: 0.7938  Gross: 1.3694  Gate: 0.7388
Episode 438  Reward:   0.149995  Wealth:    137129.26  Turnover: 0.6605  Gross: 1.3769  Gate: 0.7539
Episode 439  Reward:   0.053660  Wealth:    119627.23  Turnover: 0.5101  Gross: 1.4052  Gate: 0.8104
Episode 440  Reward:   0.084672  Wealth:    122730.99  Turnover: 0.5965  Gross: 1.4012  Gate: 0.8023
Episode    440  AvgReward:   0.134073  Noise: 0.0623
Episode 441  Reward:   0.335169  Wealth:    180902.62  Turnover: 0.4584  Gross: 1.3981  Gate: 0.7961
Episode 442  Reward:   0.040419  Wealth:    117865.37  Turnover: 0.6647  Gross: 1.3798  Gate: 0.7597
Episode 443  Reward:   0.115868  Wealth:    128006.22  Turnover: 0.8943  Gross: 1.3954  Gate: 0.7908
Episode 444  Reward:   0.290718  Wealth:    168462.63  Turnover: 1.0311  Gross: 1.3935  Gate: 0.7871
Episode 445  Reward:  -0.000585  Wealth:    112987.16  Turnover: 0.6428  Gross: 1.3668  Gate: 0.7336
Episode 446  Reward:   0.262164  Wealth:    157319.84  Turnover: 0.7585  Gross: 1.3928  Gate: 0.7856
Episode 447  Reward:   0.282581  Wealth:    161676.44  Turnover: 0.5922  Gross: 1.4008  Gate: 0.8016
Episode 448  Reward:   0.190796  Wealth:    143013.15  Turnover: 0.2869  Gross: 1.4030  Gate: 0.8060
Episode 449  Reward:   0.151801  Wealth:    133782.04  Turnover: 0.6438  Gross: 1.3901  Gate: 0.7803
Episode 450  Reward:  -0.032766  Wealth:    109345.58  Turnover: 0.8512  Gross: 1.3726  Gate: 0.7452
Episode    450  AvgReward:   0.163616  Noise: 0.0611
Episode 451  Reward:   0.118906  Wealth:    129354.64  Turnover: 0.7803  Gross: 1.4029  Gate: 0.8059
Episode 452  Reward:  -0.364145  Wealth:     80094.26  Turnover: 0.9026  Gross: 1.3607  Gate: 0.7214
Episode 453  Reward:  -0.084632  Wealth:    101987.51  Turnover: 0.7086  Gross: 1.4052  Gate: 0.8104
Episode 454  Reward:   0.052374  Wealth:    120058.32  Turnover: 0.7941  Gross: 1.3764  Gate: 0.7528
Episode 455  Reward:   0.116074  Wealth:    125313.18  Turnover: 0.4352  Gross: 1.3965  Gate: 0.7931
Episode 456  Reward:   0.167523  Wealth:    136152.67  Turnover: 0.4494  Gross: 1.3942  Gate: 0.7885
Episode 457  Reward:   0.258795  Wealth:    154740.49  Turnover: 0.6283  Gross: 1.4063  Gate: 0.8125
Episode 458  Reward:   0.267116  Wealth:    155491.04  Turnover: 0.4572  Gross: 1.3671  Gate: 0.7342
Episode 459  Reward:   0.135007  Wealth:    132285.34  Turnover: 0.7546  Gross: 1.3900  Gate: 0.7800
Episode 460  Reward:   0.134656  Wealth:    131983.93  Turnover: 0.7395  Gross: 1.4010  Gate: 0.8019
Episode    460  AvgReward:   0.080167  Noise: 0.0598
Episode 461  Reward:   0.088904  Wealth:    124172.87  Turnover: 0.9263  Gross: 1.3970  Gate: 0.7939
Episode 462  Reward:   0.375652  Wealth:    187737.29  Turnover: 0.7017  Gross: 1.4036  Gate: 0.8072
Episode 463  Reward:   0.149053  Wealth:    132077.78  Turnover: 0.6913  Gross: 1.4120  Gate: 0.8240
Episode 464  Reward:   0.228362  Wealth:    145950.82  Turnover: 0.3266  Gross: 1.3989  Gate: 0.7978
Episode 465  Reward:   0.010031  Wealth:    111717.66  Turnover: 0.6633  Gross: 1.4036  Gate: 0.8071
Episode 466  Reward:   0.145939  Wealth:    135732.19  Turnover: 1.0319  Gross: 1.3782  Gate: 0.7565
Episode 467  Reward:   0.047430  Wealth:    116933.53  Turnover: 0.6453  Gross: 1.3990  Gate: 0.7979
Episode 468  Reward:   0.165083  Wealth:    135100.71  Turnover: 0.3624  Gross: 1.4024  Gate: 0.8048
Episode 469  Reward:  -0.197233  Wealth:     91134.04  Turnover: 0.5736  Gross: 1.4086  Gate: 0.8173
Episode 470  Reward:   0.008982  Wealth:    111856.42  Turnover: 0.6952  Gross: 1.4056  Gate: 0.8113
Episode    470  AvgReward:   0.102220  Noise: 0.0587
Episode 471  Reward:  -0.060631  Wealth:    104113.06  Turnover: 0.7855  Gross: 1.3935  Gate: 0.7870
Episode 472  Reward:   0.295602  Wealth:    163837.10  Turnover: 0.3719  Gross: 1.3987  Gate: 0.7974
Episode 473  Reward:   0.242497  Wealth:    150910.75  Turnover: 0.4980  Gross: 1.4019  Gate: 0.8037
Episode 474  Reward:   0.282516  Wealth:    163468.96  Turnover: 0.8855  Gross: 1.3978  Gate: 0.7955
Episode 475  Reward:   0.083940  Wealth:    123471.54  Turnover: 0.8309  Gross: 1.4074  Gate: 0.8148
Episode 476  Reward:  -0.024160  Wealth:    107708.17  Turnover: 0.7973  Gross: 1.3936  Gate: 0.7873
Episode 477  Reward:   0.109682  Wealth:    124912.90  Turnover: 0.7902  Gross: 1.4012  Gate: 0.8025
Episode 478  Reward:  -0.032095  Wealth:    106774.99  Turnover: 0.8192  Gross: 1.3756  Gate: 0.7512
Episode 479  Reward:   0.080453  Wealth:    120684.33  Turnover: 0.5480  Gross: 1.4070  Gate: 0.8139
Episode 480  Reward:   0.268455  Wealth:    157146.56  Turnover: 0.5669  Gross: 1.4158  Gate: 0.8317
Episode    480  AvgReward:   0.124626  Noise: 0.0575
Episode 481  Reward:   0.167041  Wealth:    134922.66  Turnover: 0.2946  Gross: 1.3947  Gate: 0.7895
Episode 482  Reward:   0.300468  Wealth:    167269.99  Turnover: 1.0133  Gross: 1.4055  Gate: 0.8109
Episode 483  Reward:   0.173079  Wealth:    138560.09  Turnover: 0.9747  Gross: 1.3927  Gate: 0.7853
Episode 484  Reward:   0.146044  Wealth:    131347.53  Turnover: 0.3979  Gross: 1.4050  Gate: 0.8100
Episode 485  Reward:  -0.123979  Wealth:     97567.01  Turnover: 0.8883  Gross: 1.3841  Gate: 0.7681
Episode 486  Reward:   0.209290  Wealth:    143494.62  Turnover: 0.5045  Gross: 1.3956  Gate: 0.7912
Episode 487  Reward:  -0.042464  Wealth:    106456.31  Turnover: 0.3424  Gross: 1.4115  Gate: 0.8230
Episode 488  Reward:   0.011700  Wealth:    111764.93  Turnover: 0.3508  Gross: 1.3768  Gate: 0.7536
Episode 489  Reward:   0.416509  Wealth:    209877.80  Turnover: 0.8617  Gross: 1.3856  Gate: 0.7711
Episode 490  Reward:   0.253886  Wealth:    152170.64  Turnover: 0.5856  Gross: 1.3952  Gate: 0.7903
Episode    490  AvgReward:   0.151157  Noise: 0.0564
Episode 491  Reward:   0.349690  Wealth:    182376.68  Turnover: 0.6945  Gross: 1.4025  Gate: 0.8050
Episode 492  Reward:   0.214118  Wealth:    145812.62  Turnover: 0.3899  Gross: 1.4025  Gate: 0.8049
Episode 493  Reward:   0.047692  Wealth:    117728.82  Turnover: 0.5265  Gross: 1.4102  Gate: 0.8203
Episode 494  Reward:   0.050892  Wealth:    117581.36  Turnover: 0.6361  Gross: 1.4023  Gate: 0.8047
Episode 495  Reward:   0.142209  Wealth:    130390.07  Turnover: 0.8227  Gross: 1.4099  Gate: 0.8198
Episode 496  Reward:   0.142125  Wealth:    131702.14  Turnover: 0.5434  Gross: 1.4060  Gate: 0.8119
Episode 497  Reward:   0.011758  Wealth:    110930.30  Turnover: 0.6526  Gross: 1.4012  Gate: 0.8024
Episode 498  Reward:   0.182238  Wealth:    138003.06  Turnover: 0.5154  Gross: 1.3968  Gate: 0.7937
Episode 499  Reward:   0.181083  Wealth:    145440.75  Turnover: 0.9536  Gross: 1.3894  Gate: 0.7788
Episode 500  Reward:   0.002403  Wealth:    110821.61  Turnover: 0.4758  Gross: 1.4034  Gate: 0.8069
Episode    500  AvgReward:   0.132421  Noise: 0.0552
Episode 501  Reward:   0.114970  Wealth:    127756.57  Turnover: 0.7123  Gross: 1.4018  Gate: 0.8035
Episode 502  Reward:   0.185925  Wealth:    138647.33  Turnover: 0.6690  Gross: 1.3965  Gate: 0.7930
Episode 503  Reward:   0.044373  Wealth:    116853.13  Turnover: 0.3209  Gross: 1.4125  Gate: 0.8250
Episode 504  Reward:   0.157837  Wealth:    133934.73  Turnover: 0.3977  Gross: 1.4077  Gate: 0.8154
Episode 505  Reward:   0.116279  Wealth:    128072.65  Turnover: 0.7958  Gross: 1.3835  Gate: 0.7670
Episode 506  Reward:   0.232084  Wealth:    150756.70  Turnover: 0.7937  Gross: 1.3869  Gate: 0.7739
Episode 507  Reward:   0.300416  Wealth:    169437.04  Turnover: 1.1258  Gross: 1.3966  Gate: 0.7932
Episode 508  Reward:   0.182822  Wealth:    141159.74  Turnover: 0.7284  Gross: 1.3899  Gate: 0.7798
Episode 509  Reward:   0.132888  Wealth:    129503.61  Turnover: 0.7431  Gross: 1.4004  Gate: 0.8008
Episode 510  Reward:   0.197934  Wealth:    145390.69  Turnover: 0.9160  Gross: 1.3991  Gate: 0.7983
Episode    510  AvgReward:   0.166553  Noise: 0.0541
Episode 511  Reward:  -0.121072  Wealth:     99603.12  Turnover: 1.0722  Gross: 1.3966  Gate: 0.7931
Episode 512  Reward:   0.098236  Wealth:    124432.24  Turnover: 0.7074  Gross: 1.3962  Gate: 0.7924
Episode 513  Reward:   0.031697  Wealth:    115146.66  Turnover: 0.7212  Gross: 1.3888  Gate: 0.7776
Episode 514  Reward:  -0.090395  Wealth:    102159.22  Turnover: 0.6129  Gross: 1.4018  Gate: 0.8036
Episode 515  Reward:   0.118225  Wealth:    131763.20  Turnover: 0.7960  Gross: 1.3886  Gate: 0.7771
Episode 516  Reward:  -0.067725  Wealth:    103513.64  Turnover: 0.5342  Gross: 1.4018  Gate: 0.8036
Episode 517  Reward:  -0.057182  Wealth:    104661.37  Turnover: 0.8008  Gross: 1.3878  Gate: 0.7755
Episode 518  Reward:   0.190648  Wealth:    142174.38  Turnover: 0.4799  Gross: 1.4012  Gate: 0.8024
Episode 519  Reward:   0.295653  Wealth:    175642.69  Turnover: 0.9763  Gross: 1.3918  Gate: 0.7835
Episode 520  Reward:  -0.225052  Wealth:     89887.68  Turnover: 0.5383  Gross: 1.3863  Gate: 0.7726
Episode    520  AvgReward:   0.017303  Noise: 0.0531
Episode 521  Reward:   0.198238  Wealth:    153237.77  Turnover: 0.5783  Gross: 1.3766  Gate: 0.7532
Episode 522  Reward:   0.321662  Wealth:    174395.56  Turnover: 0.7790  Gross: 1.3937  Gate: 0.7874
Episode 523  Reward:   0.082431  Wealth:    122319.45  Turnover: 0.8270  Gross: 1.4054  Gate: 0.8107
Episode 524  Reward:   0.037631  Wealth:    116254.27  Turnover: 0.7673  Gross: 1.4054  Gate: 0.8108
Episode 525  Reward:   0.390621  Wealth:    215748.78  Turnover: 0.5292  Gross: 1.3793  Gate: 0.7587
Episode 526  Reward:   0.163079  Wealth:    134844.75  Turnover: 0.7332  Gross: 1.4027  Gate: 0.8053
Episode 527  Reward:   0.214057  Wealth:    147827.76  Turnover: 0.7088  Gross: 1.3912  Gate: 0.7824
Episode 528  Reward:  -0.464029  Wealth:     74114.26  Turnover: 0.6438  Gross: 1.4022  Gate: 0.8044
Episode 529  Reward:  -0.021029  Wealth:    110383.67  Turnover: 0.6369  Gross: 1.3679  Gate: 0.7359
Episode 530  Reward:   0.185413  Wealth:    141973.17  Turnover: 0.6342  Gross: 1.3925  Gate: 0.7850
Episode    530  AvgReward:   0.110807  Noise: 0.0520
Episode 531  Reward:   0.018672  Wealth:    114881.67  Turnover: 0.4294  Gross: 1.4080  Gate: 0.8160
Episode 532  Reward:   0.254494  Wealth:    156907.73  Turnover: 0.5149  Gross: 1.3888  Gate: 0.7777
Episode 533  Reward:   0.175317  Wealth:    139891.05  Turnover: 0.6517  Gross: 1.4028  Gate: 0.8057
Episode 534  Reward:   0.246707  Wealth:    153918.05  Turnover: 0.2470  Gross: 1.4008  Gate: 0.8016
Episode 535  Reward:   0.176910  Wealth:    141364.37  Turnover: 1.0061  Gross: 1.4020  Gate: 0.8040
Episode 536  Reward:   0.193649  Wealth:    147053.32  Turnover: 0.8152  Gross: 1.3934  Gate: 0.7868
Episode 537  Reward:   0.252580  Wealth:    154526.27  Turnover: 0.2556  Gross: 1.4046  Gate: 0.8091
Episode 538  Reward:   0.331258  Wealth:    174995.95  Turnover: 0.5340  Gross: 1.4035  Gate: 0.8071
Episode 539  Reward:  -1.247936  Wealth:     47152.45  Turnover: 0.7731  Gross: 1.3842  Gate: 0.7685
Episode 540  Reward:   0.066840  Wealth:    121073.53  Turnover: 0.9847  Gross: 1.3898  Gate: 0.7797
Episode    540  AvgReward:   0.046849  Noise: 0.0510
Episode 541  Reward:   0.060887  Wealth:    120086.55  Turnover: 0.3303  Gross: 1.4068  Gate: 0.8136
Episode 542  Reward:   0.369848  Wealth:    190342.93  Turnover: 0.7363  Gross: 1.3952  Gate: 0.7905
Episode 543  Reward:   0.006008  Wealth:    116718.43  Turnover: 0.9190  Gross: 1.3866  Gate: 0.7731
Episode 544  Reward:   0.214719  Wealth:    144929.99  Turnover: 0.6989  Gross: 1.4080  Gate: 0.8159
Episode 545  Reward:   0.205508  Wealth:    143940.40  Turnover: 0.4479  Gross: 1.4035  Gate: 0.8070
Episode 546  Reward:  -0.217987  Wealth:     90331.24  Turnover: 0.8939  Gross: 1.3979  Gate: 0.7957
Episode 547  Reward:   0.184502  Wealth:    140246.01  Turnover: 0.5755  Gross: 1.4012  Gate: 0.8024
Episode 548  Reward:  -0.395070  Wealth:     79126.43  Turnover: 0.6493  Gross: 1.3891  Gate: 0.7781
Episode 549  Reward:   0.162622  Wealth:    136326.21  Turnover: 0.5041  Gross: 1.4043  Gate: 0.8086
Episode 550  Reward:   0.122980  Wealth:    130011.67  Turnover: 0.4190  Gross: 1.4052  Gate: 0.8104
Episode    550  AvgReward:   0.071402  Noise: 0.0500
Episode 551  Reward:   0.325612  Wealth:    170370.81  Turnover: 0.3516  Gross: 1.4080  Gate: 0.8161
Episode 552  Reward:   0.270092  Wealth:    159046.81  Turnover: 0.9284  Gross: 1.3983  Gate: 0.7966
Episode 553  Reward:  -0.049700  Wealth:    106760.52  Turnover: 0.8059  Gross: 1.4053  Gate: 0.8107
Episode 554  Reward:   0.214627  Wealth:    147532.50  Turnover: 0.8908  Gross: 1.3944  Gate: 0.7887
Episode 555  Reward:   0.185802  Wealth:    139999.44  Turnover: 0.3441  Gross: 1.4067  Gate: 0.8135
Episode 556  Reward:   0.237942  Wealth:    153150.29  Turnover: 0.6156  Gross: 1.3983  Gate: 0.7965
Episode 557  Reward:   0.300571  Wealth:    167386.92  Turnover: 0.8408  Gross: 1.4101  Gate: 0.8201
Episode 558  Reward:   0.039509  Wealth:    114556.05  Turnover: 0.4654  Gross: 1.3989  Gate: 0.7978
Episode 559  Reward:  -0.649243  Wealth:     64709.99  Turnover: 0.3356  Gross: 1.4057  Gate: 0.8113
Episode 560  Reward:   0.369459  Wealth:    192664.94  Turnover: 0.7053  Gross: 1.4023  Gate: 0.8047
Episode    560  AvgReward:   0.124467  Noise: 0.0490
Episode 561  Reward:   0.064903  Wealth:    119886.48  Turnover: 0.8905  Gross: 1.3987  Gate: 0.7974
Episode 562  Reward:   0.282969  Wealth:    167056.74  Turnover: 0.7458  Gross: 1.3914  Gate: 0.7828
Episode 563  Reward:   0.255279  Wealth:    160906.31  Turnover: 0.7596  Gross: 1.3916  Gate: 0.7832
Episode 564  Reward:   0.207216  Wealth:    147673.68  Turnover: 0.8295  Gross: 1.3966  Gate: 0.7933
Episode 565  Reward:   0.155137  Wealth:    133138.75  Turnover: 0.6027  Gross: 1.3809  Gate: 0.7619
Episode 566  Reward:   0.227499  Wealth:    150177.45  Turnover: 0.6767  Gross: 1.3993  Gate: 0.7987
Episode 567  Reward:  -0.253453  Wealth:     87745.52  Turnover: 0.5877  Gross: 1.4030  Gate: 0.8059
Episode 568  Reward:  -0.082432  Wealth:    104605.91  Turnover: 0.9797  Gross: 1.4049  Gate: 0.8098
Episode 569  Reward:   0.109452  Wealth:    126111.02  Turnover: 0.8447  Gross: 1.3933  Gate: 0.7865
Episode 570  Reward:   0.289378  Wealth:    164526.75  Turnover: 0.8553  Gross: 1.3882  Gate: 0.7764
Episode    570  AvgReward:   0.125595  Noise: 0.0480
Episode 571  Reward:   0.127482  Wealth:    129704.74  Turnover: 0.7232  Gross: 1.4011  Gate: 0.8022
Episode 572  Reward:   0.179656  Wealth:    137943.61  Turnover: 0.4767  Gross: 1.4114  Gate: 0.8229
Episode 573  Reward:   0.277582  Wealth:    160059.29  Turnover: 0.4405  Gross: 1.3988  Gate: 0.7976
Episode 574  Reward:  -0.280912  Wealth:     86019.71  Turnover: 1.2413  Gross: 1.3851  Gate: 0.7701
Episode 575  Reward:  -0.200884  Wealth:     91185.22  Turnover: 0.5014  Gross: 1.3889  Gate: 0.7779
Episode 576  Reward:   0.143262  Wealth:    132775.58  Turnover: 0.6946  Gross: 1.3839  Gate: 0.7678
Episode 577  Reward:  -0.114898  Wealth:     99239.55  Turnover: 0.9100  Gross: 1.4050  Gate: 0.8100
Episode 578  Reward:   0.335027  Wealth:    177370.65  Turnover: 0.4805  Gross: 1.3940  Gate: 0.7881
Episode 579  Reward:   0.028537  Wealth:    114768.23  Turnover: 0.7597  Gross: 1.3985  Gate: 0.7969
Episode 580  Reward:   0.174371  Wealth:    138033.20  Turnover: 0.9304  Gross: 1.3834  Gate: 0.7668
Episode    580  AvgReward:   0.066922  Noise: 0.0471
Episode 581  Reward:   0.158649  Wealth:    135428.32  Turnover: 0.5642  Gross: 1.4030  Gate: 0.8061
Episode 582  Reward:   0.222921  Wealth:    145797.16  Turnover: 0.7737  Gross: 1.4036  Gate: 0.8073
Episode 583  Reward:   0.238225  Wealth:    154732.46  Turnover: 0.6312  Gross: 1.4019  Gate: 0.8039
Episode 584  Reward:   0.052679  Wealth:    116572.21  Turnover: 0.7024  Gross: 1.4052  Gate: 0.8105
Episode 585  Reward:   0.102981  Wealth:    124696.32  Turnover: 0.5143  Gross: 1.4039  Gate: 0.8079
Episode 586  Reward:  -0.008305  Wealth:    110474.86  Turnover: 0.7899  Gross: 1.4050  Gate: 0.8100
Episode 587  Reward:   0.112877  Wealth:    127075.03  Turnover: 0.6980  Gross: 1.3974  Gate: 0.7948
Episode 588  Reward:   0.002747  Wealth:    111322.12  Turnover: 0.6066  Gross: 1.4053  Gate: 0.8105
Episode 589  Reward:   0.076793  Wealth:    120412.94  Turnover: 0.6052  Gross: 1.3916  Gate: 0.7831
Episode 590  Reward:   0.039250  Wealth:    119773.87  Turnover: 0.5893  Gross: 1.3983  Gate: 0.7966
Episode    590  AvgReward:   0.099882  Noise: 0.0461
Episode 591  Reward:   0.326721  Wealth:    171156.76  Turnover: 0.7820  Gross: 1.4072  Gate: 0.8143
Episode 592  Reward:   0.035473  Wealth:    115837.86  Turnover: 0.7994  Gross: 1.3981  Gate: 0.7962
Episode 593  Reward:   0.242568  Wealth:    155277.16  Turnover: 0.7810  Gross: 1.3924  Gate: 0.7847
Episode 594  Reward:   0.420576  Wealth:    205139.27  Turnover: 0.6914  Gross: 1.3963  Gate: 0.7926
Episode 595  Reward:   0.222686  Wealth:    146779.76  Turnover: 0.4824  Gross: 1.4112  Gate: 0.8224
Episode 596  Reward:   0.325819  Wealth:    173186.63  Turnover: 0.4932  Gross: 1.3946  Gate: 0.7893
Episode 597  Reward:   0.276382  Wealth:    162390.59  Turnover: 0.6952  Gross: 1.4022  Gate: 0.8044
Episode 598  Reward:   0.193119  Wealth:    144975.05  Turnover: 0.9110  Gross: 1.3926  Gate: 0.7852
Episode 599  Reward:   0.125039  Wealth:    134025.49  Turnover: 1.0890  Gross: 1.3883  Gate: 0.7766
Episode 600  Reward:   0.153662  Wealth:    134094.54  Turnover: 0.8235  Gross: 1.4012  Gate: 0.8025
Episode    600  AvgReward:   0.232204  Noise: 0.0452
Episode 601  Reward:   0.015412  Wealth:    112924.16  Turnover: 0.8669  Gross: 1.4075  Gate: 0.8151
Episode 602  Reward:   0.343461  Wealth:    186224.57  Turnover: 0.8517  Gross: 1.3987  Gate: 0.7973
Episode 603  Reward:  -0.066325  Wealth:    104226.12  Turnover: 0.8809  Gross: 1.3949  Gate: 0.7898
Episode 604  Reward:   0.238088  Wealth:    151085.90  Turnover: 0.4660  Gross: 1.4035  Gate: 0.8070
Episode 605  Reward:   0.059379  Wealth:    119412.40  Turnover: 0.8009  Gross: 1.3835  Gate: 0.7669
Episode 606  Reward:  -0.343073  Wealth:     82656.09  Turnover: 0.5266  Gross: 1.3832  Gate: 0.7664
Episode 607  Reward:   0.139683  Wealth:    133971.48  Turnover: 1.1874  Gross: 1.3957  Gate: 0.7913
Episode 608  Reward:   0.195121  Wealth:    141688.89  Turnover: 0.4782  Gross: 1.3973  Gate: 0.7946
Episode 609  Reward:   0.072747  Wealth:    119299.40  Turnover: 0.3310  Gross: 1.4090  Gate: 0.8179
Episode 610  Reward:   0.127420  Wealth:    128523.52  Turnover: 0.5978  Gross: 1.3926  Gate: 0.7853
Episode    610  AvgReward:   0.078191  Noise: 0.0443
Episode 611  Reward:   0.135459  Wealth:    134889.28  Turnover: 1.0647  Gross: 1.3992  Gate: 0.7983
Episode 612  Reward:   0.216523  Wealth:    146826.40  Turnover: 0.5426  Gross: 1.4067  Gate: 0.8134
Episode 613  Reward:   0.157030  Wealth:    138573.33  Turnover: 0.9531  Gross: 1.3945  Gate: 0.7889
Episode 614  Reward:   0.319708  Wealth:    171819.76  Turnover: 0.5403  Gross: 1.3815  Gate: 0.7631
Episode 615  Reward:   0.359306  Wealth:    181038.39  Turnover: 0.5546  Gross: 1.4040  Gate: 0.8081
Episode 616  Reward:  -0.400242  Wealth:     78340.41  Turnover: 0.9027  Gross: 1.3924  Gate: 0.7849
Episode 617  Reward:  -0.298153  Wealth:     84464.34  Turnover: 1.0036  Gross: 1.4085  Gate: 0.8170
Episode 618  Reward:   0.063705  Wealth:    119556.65  Turnover: 0.7170  Gross: 1.4064  Gate: 0.8127
Episode 619  Reward:   0.097896  Wealth:    123803.84  Turnover: 0.7823  Gross: 1.3994  Gate: 0.7988
Episode 620  Reward:   0.218608  Wealth:    146396.43  Turnover: 0.7103  Gross: 1.4040  Gate: 0.8080
Episode    620  AvgReward:   0.086984  Noise: 0.0434
Episode 621  Reward:   0.237218  Wealth:    150191.60  Turnover: 0.7741  Gross: 1.3946  Gate: 0.7891
Episode 622  Reward:  -0.100432  Wealth:    100565.88  Turnover: 0.9627  Gross: 1.3984  Gate: 0.7967
Episode 623  Reward:   0.173783  Wealth:    135022.28  Turnover: 0.4841  Gross: 1.3948  Gate: 0.7896
Episode 624  Reward:   0.201771  Wealth:    141392.77  Turnover: 0.6939  Gross: 1.3760  Gate: 0.7521
Episode 625  Reward:   0.087981  Wealth:    121710.54  Turnover: 0.8443  Gross: 1.4089  Gate: 0.8178
Episode 626  Reward:   0.156260  Wealth:    132732.58  Turnover: 0.6850  Gross: 1.4006  Gate: 0.8013
Episode 627  Reward:   0.123113  Wealth:    124215.95  Turnover: 0.5538  Gross: 1.4025  Gate: 0.8050
Episode 628  Reward:   0.188045  Wealth:    139941.77  Turnover: 0.9273  Gross: 1.3888  Gate: 0.7776
Episode 629  Reward:   0.132172  Wealth:    127166.22  Turnover: 0.5753  Gross: 1.3923  Gate: 0.7847
Episode 630  Reward:   0.230713  Wealth:    147556.89  Turnover: 0.4786  Gross: 1.4025  Gate: 0.8050
Episode    630  AvgReward:   0.143062  Noise: 0.0426
Episode 631  Reward:   0.011557  Wealth:    111106.34  Turnover: 0.4369  Gross: 1.4055  Gate: 0.8111
Episode 632  Reward:   0.306296  Wealth:    163376.42  Turnover: 0.4991  Gross: 1.4041  Gate: 0.8082
Episode 633  Reward:  -0.022990  Wealth:    106451.25  Turnover: 0.4625  Gross: 1.4056  Gate: 0.8113
Episode 634  Reward:   0.097953  Wealth:    123341.88  Turnover: 0.7781  Gross: 1.4037  Gate: 0.8074
Episode 635  Reward:  -0.092202  Wealth:     99040.84  Turnover: 0.6414  Gross: 1.4023  Gate: 0.8047
Episode 636  Reward:   0.244299  Wealth:    149235.97  Turnover: 0.6233  Gross: 1.3927  Gate: 0.7855
Episode 637  Reward:  -0.144718  Wealth:     96360.18  Turnover: 0.6726  Gross: 1.3701  Gate: 0.7402
Episode 638  Reward:   0.158009  Wealth:    135391.19  Turnover: 0.8620  Gross: 1.4032  Gate: 0.8064
Episode 639  Reward:   0.192363  Wealth:    139116.83  Turnover: 0.6379  Gross: 1.4000  Gate: 0.8000
Episode 640  Reward:   0.157798  Wealth:    131775.15  Turnover: 0.4160  Gross: 1.4035  Gate: 0.8071
Episode    640  AvgReward:   0.090837  Noise: 0.0417
Episode 641  Reward:  -0.107996  Wealth:     99201.86  Turnover: 0.7447  Gross: 1.4008  Gate: 0.8017
Episode 642  Reward:   0.400710  Wealth:    196712.92  Turnover: 0.6007  Gross: 1.3989  Gate: 0.7978
Episode 643  Reward:   0.048946  Wealth:    117843.59  Turnover: 0.8481  Gross: 1.4014  Gate: 0.8028
Episode 644  Reward:   0.226900  Wealth:    146739.45  Turnover: 0.6628  Gross: 1.4007  Gate: 0.8013
Episode 645  Reward:   0.228036  Wealth:    145353.63  Turnover: 0.4928  Gross: 1.4028  Gate: 0.8056
Episode 646  Reward:   0.120342  Wealth:    126539.51  Turnover: 0.5672  Gross: 1.4126  Gate: 0.8252
Episode 647  Reward:   0.247895  Wealth:    162631.27  Turnover: 0.6505  Gross: 1.4032  Gate: 0.8065
Episode 648  Reward:   0.058434  Wealth:    115958.62  Turnover: 0.2418  Gross: 1.4028  Gate: 0.8057
Episode 649  Reward:   0.257143  Wealth:    154698.89  Turnover: 0.7564  Gross: 1.3989  Gate: 0.7978
Episode 650  Reward:  -0.052387  Wealth:    103355.66  Turnover: 0.5818  Gross: 1.4014  Gate: 0.8028
Episode    650  AvgReward:   0.142802  Noise: 0.0409
Episode 651  Reward:   0.191834  Wealth:    138864.68  Turnover: 0.4378  Gross: 1.4051  Gate: 0.8103
Episode 652  Reward:   0.132581  Wealth:    132828.63  Turnover: 0.9458  Gross: 1.3928  Gate: 0.7857
Episode 653  Reward:   0.029121  Wealth:    114318.95  Turnover: 0.7879  Gross: 1.3861  Gate: 0.7722
Episode 654  Reward:   0.219769  Wealth:    145818.17  Turnover: 0.8571  Gross: 1.3993  Gate: 0.7986
Episode 655  Reward:   0.132980  Wealth:    129334.17  Turnover: 1.0933  Gross: 1.4083  Gate: 0.8166
Episode 656  Reward:   0.210856  Wealth:    142009.78  Turnover: 0.7785  Gross: 1.4040  Gate: 0.8081
Episode 657  Reward:   0.160801  Wealth:    131505.67  Turnover: 0.2286  Gross: 1.4054  Gate: 0.8108
Episode 658  Reward:  -0.207089  Wealth:     89640.55  Turnover: 1.0654  Gross: 1.4003  Gate: 0.8007
Episode 659  Reward:   0.229265  Wealth:    155180.88  Turnover: 0.9141  Gross: 1.4056  Gate: 0.8111
Episode 660  Reward:  -0.049952  Wealth:    103696.17  Turnover: 0.6524  Gross: 1.3900  Gate: 0.7801
Episode    660  AvgReward:   0.105017  Noise: 0.0401
Episode 661  Reward:   0.326602  Wealth:    168381.38  Turnover: 0.6992  Gross: 1.4075  Gate: 0.8150
Episode 662  Reward:   0.213218  Wealth:    142785.87  Turnover: 0.7200  Gross: 1.4081  Gate: 0.8161
Episode 663  Reward:   0.162565  Wealth:    133342.64  Turnover: 0.6123  Gross: 1.4006  Gate: 0.8013
Episode 664  Reward:  -0.086396  Wealth:    101807.48  Turnover: 0.9069  Gross: 1.3950  Gate: 0.7900
Episode 665  Reward:   0.080501  Wealth:    120610.90  Turnover: 0.7145  Gross: 1.4003  Gate: 0.8007
Episode 666  Reward:  -0.004187  Wealth:    108542.02  Turnover: 0.6692  Gross: 1.4091  Gate: 0.8182
Episode 667  Reward:   0.144236  Wealth:    130047.48  Turnover: 0.6307  Gross: 1.3959  Gate: 0.7918
Episode 668  Reward:   0.103233  Wealth:    124700.11  Turnover: 0.7334  Gross: 1.3984  Gate: 0.7968
Episode 669  Reward:   0.216032  Wealth:    155526.60  Turnover: 0.6138  Gross: 1.3903  Gate: 0.7807
Episode 670  Reward:   0.251359  Wealth:    159324.93  Turnover: 0.6639  Gross: 1.4016  Gate: 0.8031
Episode    670  AvgReward:   0.140716  Noise: 0.0393
Episode 671  Reward:   0.183271  Wealth:    141351.70  Turnover: 1.0619  Gross: 1.4013  Gate: 0.8026
Episode 672  Reward:   0.132328  Wealth:    133603.79  Turnover: 1.0818  Gross: 1.3956  Gate: 0.7912
Episode 673  Reward:   0.102567  Wealth:    124595.06  Turnover: 0.7944  Gross: 1.3925  Gate: 0.7850
Episode 674  Reward:   0.290297  Wealth:    159570.60  Turnover: 0.6264  Gross: 1.3997  Gate: 0.7993
Episode 675  Reward:   0.005161  Wealth:    111778.53  Turnover: 0.8852  Gross: 1.3950  Gate: 0.7900
Episode 676  Reward:  -0.264594  Wealth:     86848.43  Turnover: 0.8608  Gross: 1.3962  Gate: 0.7924
Episode 677  Reward:   0.206447  Wealth:    140951.59  Turnover: 0.7562  Gross: 1.4082  Gate: 0.8165
Episode 678  Reward:  -0.162871  Wealth:     95341.84  Turnover: 0.9228  Gross: 1.3947  Gate: 0.7895
Episode 679  Reward:   0.016953  Wealth:    111930.65  Turnover: 0.7561  Gross: 1.4084  Gate: 0.8169
Episode 680  Reward:   0.331917  Wealth:    171835.84  Turnover: 0.4930  Gross: 1.4008  Gate: 0.8017
Episode    680  AvgReward:   0.084148  Noise: 0.0385
Episode 681  Reward:   0.348984  Wealth:    176730.03  Turnover: 0.4853  Gross: 1.4027  Gate: 0.8054
Episode 682  Reward:  -0.072793  Wealth:    105078.81  Turnover: 0.8386  Gross: 1.3942  Gate: 0.7883
Episode 683  Reward:   0.303549  Wealth:    163604.15  Turnover: 0.7212  Gross: 1.3969  Gate: 0.7939
Episode 684  Reward:   0.096661  Wealth:    122616.49  Turnover: 0.4981  Gross: 1.4000  Gate: 0.7999
Episode 685  Reward:   0.127305  Wealth:    127245.97  Turnover: 0.3410  Gross: 1.4007  Gate: 0.8015
Episode 686  Reward:   0.094212  Wealth:    127669.89  Turnover: 0.8906  Gross: 1.3801  Gate: 0.7602
Episode 687  Reward:   0.129489  Wealth:    127580.18  Turnover: 0.5632  Gross: 1.3959  Gate: 0.7917
Episode 688  Reward:  -0.014705  Wealth:    112004.92  Turnover: 0.8403  Gross: 1.4027  Gate: 0.8053
Episode 689  Reward:   0.110884  Wealth:    125884.32  Turnover: 0.7636  Gross: 1.4000  Gate: 0.7999
Episode 690  Reward:   0.020905  Wealth:    113773.91  Turnover: 0.7587  Gross: 1.4059  Gate: 0.8117
Episode    690  AvgReward:   0.114449  Noise: 0.0378
Episode 691  Reward:  -0.022529  Wealth:    106733.19  Turnover: 0.2296  Gross: 1.4153  Gate: 0.8306
Episode 692  Reward:   0.260292  Wealth:    156238.39  Turnover: 0.9596  Gross: 1.3976  Gate: 0.7951
Episode 693  Reward:   0.090243  Wealth:    122091.51  Turnover: 0.8958  Gross: 1.3952  Gate: 0.7904
Episode 694  Reward:   0.162640  Wealth:    132371.37  Turnover: 0.5491  Gross: 1.3953  Gate: 0.7906
Episode 695  Reward:   0.174541  Wealth:    135792.38  Turnover: 0.6818  Gross: 1.3800  Gate: 0.7599
Episode 696  Reward:   0.205311  Wealth:    140688.98  Turnover: 0.6422  Gross: 1.4097  Gate: 0.8194
Episode 697  Reward:  -0.184526  Wealth:     92167.60  Turnover: 0.8115  Gross: 1.3862  Gate: 0.7723
Episode 698  Reward:  -0.133625  Wealth:     98112.45  Turnover: 0.8429  Gross: 1.3968  Gate: 0.7937
Episode 699  Reward:   0.186709  Wealth:    136577.17  Turnover: 0.8450  Gross: 1.3863  Gate: 0.7725
Episode 700  Reward:   0.102617  Wealth:    122287.71  Turnover: 0.3525  Gross: 1.4024  Gate: 0.8047
Episode    700  AvgReward:   0.084167  Noise: 0.0370
Episode 701  Reward:   0.263133  Wealth:    152314.01  Turnover: 0.5955  Gross: 1.3985  Gate: 0.7971
Episode 702  Reward:   0.242291  Wealth:    153556.54  Turnover: 0.9745  Gross: 1.3822  Gate: 0.7644
Episode 703  Reward:   0.028031  Wealth:    113703.44  Turnover: 0.8433  Gross: 1.3937  Gate: 0.7874
Episode 704  Reward:   0.143312  Wealth:    131815.69  Turnover: 1.0230  Gross: 1.3965  Gate: 0.7930
Episode 705  Reward:   0.141846  Wealth:    128298.92  Turnover: 0.4331  Gross: 1.3913  Gate: 0.7826
Episode 706  Reward:   0.229564  Wealth:    145207.43  Turnover: 0.9572  Gross: 1.3999  Gate: 0.7999
Episode 707  Reward:   0.308949  Wealth:    163554.67  Turnover: 0.2689  Gross: 1.4010  Gate: 0.8020
Episode 708  Reward:  -0.170863  Wealth:     93376.23  Turnover: 1.0982  Gross: 1.4051  Gate: 0.8101
Episode 709  Reward:   0.157451  Wealth:    132332.41  Turnover: 0.7200  Gross: 1.3893  Gate: 0.7785
Episode 710  Reward:  -0.213716  Wealth:     89792.11  Turnover: 0.9796  Gross: 1.3842  Gate: 0.7684
Episode    710  AvgReward:   0.113000  Noise: 0.0363
Episode 711  Reward:   0.100773  Wealth:    122897.80  Turnover: 0.5048  Gross: 1.4070  Gate: 0.8139
Episode 712  Reward:   0.111726  Wealth:    124610.99  Turnover: 0.7513  Gross: 1.3995  Gate: 0.7991
Episode 713  Reward:  -0.587068  Wealth:     68089.27  Turnover: 0.9176  Gross: 1.3893  Gate: 0.7786
Episode 714  Reward:   0.078169  Wealth:    119390.20  Turnover: 0.3766  Gross: 1.3865  Gate: 0.7729
Episode 715  Reward:   0.044578  Wealth:    114936.83  Turnover: 0.5702  Gross: 1.3983  Gate: 0.7965
Episode 716  Reward:   0.086044  Wealth:    120390.41  Turnover: 0.5290  Gross: 1.3953  Gate: 0.7906
Episode 717  Reward:   0.149005  Wealth:    132008.42  Turnover: 1.0872  Gross: 1.4028  Gate: 0.8055
Episode 718  Reward:   0.222186  Wealth:    142810.02  Turnover: 0.3637  Gross: 1.4064  Gate: 0.8128
Episode 719  Reward:   0.082351  Wealth:    120042.52  Turnover: 0.3848  Gross: 1.4041  Gate: 0.8082
Episode 720  Reward:   0.043097  Wealth:    114834.01  Turnover: 0.3400  Gross: 1.3975  Gate: 0.7950
Episode    720  AvgReward:   0.033086  Noise: 0.0356
Episode 721  Reward:   0.166015  Wealth:    133060.63  Turnover: 0.5368  Gross: 1.4007  Gate: 0.8014
Episode 722  Reward:   0.050676  Wealth:    117419.72  Turnover: 0.8843  Gross: 1.3963  Gate: 0.7927
Episode 723  Reward:   0.351426  Wealth:    177722.64  Turnover: 0.5706  Gross: 1.4062  Gate: 0.8123
Episode 724  Reward:  -0.276419  Wealth:     86139.36  Turnover: 0.9674  Gross: 1.4017  Gate: 0.8035
Episode 725  Reward:   0.268104  Wealth:    156543.11  Turnover: 0.6874  Gross: 1.3986  Gate: 0.7972
Episode 726  Reward:  -0.102915  Wealth:     97690.58  Turnover: 0.4569  Gross: 1.4003  Gate: 0.8006
Episode 727  Reward:  -0.075844  Wealth:    102197.37  Turnover: 0.9583  Gross: 1.3912  Gate: 0.7823
Episode 728  Reward:   0.205823  Wealth:    142913.88  Turnover: 0.8055  Gross: 1.3991  Gate: 0.7981
Episode 729  Reward:   0.017452  Wealth:    110901.72  Turnover: 0.6128  Gross: 1.4045  Gate: 0.8090
Episode 730  Reward:   0.065402  Wealth:    117611.08  Turnover: 0.4949  Gross: 1.4090  Gate: 0.8180
Episode    730  AvgReward:   0.066972  Noise: 0.0349
Episode 731  Reward:   0.121374  Wealth:    126003.71  Turnover: 0.5159  Gross: 1.4067  Gate: 0.8133
Episode 732  Reward:   0.132242  Wealth:    127167.31  Turnover: 0.6230  Gross: 1.3878  Gate: 0.7755
Episode 733  Reward:   0.116257  Wealth:    125238.67  Turnover: 0.5315  Gross: 1.4109  Gate: 0.8217
Episode 734  Reward:   0.181520  Wealth:    138386.82  Turnover: 0.9028  Gross: 1.4071  Gate: 0.8141
Episode 735  Reward:   0.231851  Wealth:    145652.06  Turnover: 0.3872  Gross: 1.4047  Gate: 0.8094
Episode 736  Reward:   0.199009  Wealth:    139150.37  Turnover: 0.4078  Gross: 1.3922  Gate: 0.7843
Episode 737  Reward:  -0.036025  Wealth:    106065.85  Turnover: 0.7483  Gross: 1.4047  Gate: 0.8095
Episode 738  Reward:   0.263804  Wealth:    154246.70  Turnover: 0.3962  Gross: 1.3995  Gate: 0.7990
Episode 739  Reward:   0.014483  Wealth:    111799.33  Turnover: 0.6310  Gross: 1.3905  Gate: 0.7810
Episode 740  Reward:   0.197119  Wealth:    139447.93  Turnover: 0.4507  Gross: 1.4067  Gate: 0.8134
Episode    740  AvgReward:   0.142163  Noise: 0.0342
Episode 741  Reward:   0.095543  Wealth:    122754.80  Turnover: 0.7177  Gross: 1.3899  Gate: 0.7798
Episode 742  Reward:   0.242737  Wealth:    148139.91  Turnover: 0.5668  Gross: 1.4015  Gate: 0.8029
Episode 743  Reward:   0.157237  Wealth:    130261.24  Turnover: 0.3711  Gross: 1.4015  Gate: 0.8030
Episode 744  Reward:  -0.032468  Wealth:    105512.59  Turnover: 0.4813  Gross: 1.4049  Gate: 0.8097
Episode 745  Reward:  -0.033946  Wealth:    107155.84  Turnover: 1.0033  Gross: 1.4113  Gate: 0.8226
Episode 746  Reward:   0.034722  Wealth:    114601.82  Turnover: 0.7589  Gross: 1.3916  Gate: 0.7831
Episode 747  Reward:   0.183222  Wealth:    135496.23  Turnover: 0.3528  Gross: 1.3973  Gate: 0.7946
Episode 748  Reward:   0.147517  Wealth:    128610.97  Turnover: 0.4322  Gross: 1.4043  Gate: 0.8085
Episode 749  Reward:   0.099091  Wealth:    122727.67  Turnover: 0.5303  Gross: 1.4053  Gate: 0.8106
Episode 750  Reward:   0.005558  Wealth:    116752.96  Turnover: 0.7160  Gross: 1.3952  Gate: 0.7905
Episode    750  AvgReward:   0.089921  Noise: 0.0335
Episode 751  Reward:   0.238817  Wealth:    147278.27  Turnover: 0.4488  Gross: 1.4079  Gate: 0.8159
Episode 752  Reward:   0.032839  Wealth:    112745.18  Turnover: 0.6946  Gross: 1.3904  Gate: 0.7809
Episode 753  Reward:   0.008919  Wealth:    113904.20  Turnover: 0.9932  Gross: 1.3926  Gate: 0.7852
Episode 754  Reward:   0.238221  Wealth:    151073.62  Turnover: 0.8858  Gross: 1.3959  Gate: 0.7918
Episode 755  Reward:   0.099779  Wealth:    130218.68  Turnover: 0.8321  Gross: 1.4020  Gate: 0.8039
Episode 756  Reward:   0.259387  Wealth:    153044.47  Turnover: 0.5471  Gross: 1.3936  Gate: 0.7872
Episode 757  Reward:   0.003696  Wealth:    109843.53  Turnover: 0.4959  Gross: 1.4073  Gate: 0.8146
Episode 758  Reward:   0.212140  Wealth:    144658.14  Turnover: 0.9067  Gross: 1.4037  Gate: 0.8075
Episode 759  Reward:   0.077922  Wealth:    118366.74  Turnover: 0.5647  Gross: 1.3999  Gate: 0.7998
Episode 760  Reward:  -0.004094  Wealth:    108951.36  Turnover: 0.5605  Gross: 1.4049  Gate: 0.8098
Episode    760  AvgReward:   0.116762  Noise: 0.0328
Episode 761  Reward:   0.234211  Wealth:    145588.17  Turnover: 0.3314  Gross: 1.4084  Gate: 0.8168
Episode 762  Reward:   0.177407  Wealth:    134560.85  Turnover: 0.2876  Gross: 1.3991  Gate: 0.7982
Episode 763  Reward:   0.101435  Wealth:    123565.38  Turnover: 0.7521  Gross: 1.4079  Gate: 0.8158
Episode 764  Reward:   0.163521  Wealth:    133143.24  Turnover: 0.7557  Gross: 1.4062  Gate: 0.8124
Episode 765  Reward:   0.222446  Wealth:    143207.53  Turnover: 0.5808  Gross: 1.3989  Gate: 0.7979
Episode 766  Reward:   0.162713  Wealth:    132915.29  Turnover: 0.5505  Gross: 1.3993  Gate: 0.7987
Episode 767  Reward:   0.160962  Wealth:    135741.88  Turnover: 0.8509  Gross: 1.3888  Gate: 0.7775
Episode 768  Reward:  -0.040702  Wealth:    103760.68  Turnover: 0.2779  Gross: 1.4066  Gate: 0.8132
Episode 769  Reward:   0.259684  Wealth:    152854.49  Turnover: 0.6586  Gross: 1.3972  Gate: 0.7945
Episode 770  Reward:   0.187959  Wealth:    138468.24  Turnover: 0.7783  Gross: 1.4043  Gate: 0.8086
Episode    770  AvgReward:   0.162964  Noise: 0.0322
Episode 771  Reward:  -0.166717  Wealth:     92848.64  Turnover: 0.6376  Gross: 1.4042  Gate: 0.8084
Episode 772  Reward:  -0.148409  Wealth:     95457.49  Turnover: 0.8954  Gross: 1.3883  Gate: 0.7766
Episode 773  Reward:   0.342569  Wealth:    172230.86  Turnover: 0.5148  Gross: 1.4023  Gate: 0.8046
Episode 774  Reward:   0.197436  Wealth:    138982.00  Turnover: 0.5280  Gross: 1.3985  Gate: 0.7971
Episode 775  Reward:   0.155255  Wealth:    130555.59  Turnover: 0.4440  Gross: 1.4058  Gate: 0.8117
Episode 776  Reward:  -0.103235  Wealth:     99723.92  Turnover: 0.7069  Gross: 1.3998  Gate: 0.7996
Episode 777  Reward:  -0.014587  Wealth:    108789.04  Turnover: 0.8500  Gross: 1.4114  Gate: 0.8228
Episode 778  Reward:   0.129427  Wealth:    127347.78  Turnover: 0.5601  Gross: 1.3969  Gate: 0.7938
Episode 779  Reward:   0.354384  Wealth:    179380.85  Turnover: 0.7034  Gross: 1.3996  Gate: 0.7992
Episode 780  Reward:   0.000465  Wealth:    112092.98  Turnover: 0.8193  Gross: 1.4016  Gate: 0.8032
Episode    780  AvgReward:   0.074659  Noise: 0.0315
Episode 781  Reward:   0.173493  Wealth:    134545.42  Turnover: 0.4331  Gross: 1.4057  Gate: 0.8114
Episode 782  Reward:  -0.023686  Wealth:    108418.75  Turnover: 0.8315  Gross: 1.4007  Gate: 0.8014
Episode 783  Reward:   0.073210  Wealth:    121514.93  Turnover: 1.0640  Gross: 1.3963  Gate: 0.7926
Episode 784  Reward:   0.368027  Wealth:    180530.47  Turnover: 0.4929  Gross: 1.4052  Gate: 0.8104
Episode 785  Reward:   0.308455  Wealth:    162782.28  Turnover: 0.4991  Gross: 1.4031  Gate: 0.8062
Episode 786  Reward:   0.096322  Wealth:    123400.27  Turnover: 0.9655  Gross: 1.4051  Gate: 0.8102
Episode 787  Reward:   0.006956  Wealth:    111506.60  Turnover: 0.8812  Gross: 1.3992  Gate: 0.7983
Episode 788  Reward:   0.259230  Wealth:    149326.93  Turnover: 0.3089  Gross: 1.4088  Gate: 0.8175
Episode 789  Reward:   0.019210  Wealth:    111867.37  Turnover: 0.6664  Gross: 1.4040  Gate: 0.8081
Episode 790  Reward:   0.099903  Wealth:    122307.11  Turnover: 0.6388  Gross: 1.3935  Gate: 0.7870
Episode    790  AvgReward:   0.138112  Noise: 0.0309
Episode 791  Reward:   0.256419  Wealth:    152652.15  Turnover: 0.8280  Gross: 1.3972  Gate: 0.7943
Episode 792  Reward:   0.141797  Wealth:    129433.98  Turnover: 0.4636  Gross: 1.4012  Gate: 0.8025
Episode 793  Reward:   0.172760  Wealth:    133301.79  Turnover: 0.2621  Gross: 1.4110  Gate: 0.8221
Episode 794  Reward:   0.217112  Wealth:    143072.93  Turnover: 0.6362  Gross: 1.4039  Gate: 0.8077
Episode 795  Reward:  -0.151849  Wealth:     96763.14  Turnover: 0.8607  Gross: 1.3876  Gate: 0.7752
Episode 796  Reward:   0.167659  Wealth:    132746.66  Turnover: 0.4985  Gross: 1.4048  Gate: 0.8097
Episode 797  Reward:  -0.064789  Wealth:    101408.47  Turnover: 0.4209  Gross: 1.3971  Gate: 0.7942
Episode 798  Reward:   0.274197  Wealth:    155117.73  Turnover: 0.7764  Gross: 1.3962  Gate: 0.7924
Episode 799  Reward:   0.186932  Wealth:    135795.33  Turnover: 0.4586  Gross: 1.4065  Gate: 0.8129
Episode 800  Reward:   0.284504  Wealth:    156337.64  Turnover: 0.4848  Gross: 1.4018  Gate: 0.8036
Episode    800  AvgReward:   0.148474  Noise: 0.0303
Episode 801  Reward:   0.267563  Wealth:    154307.45  Turnover: 0.6426  Gross: 1.4061  Gate: 0.8122
Episode 802  Reward:   0.185596  Wealth:    138459.04  Turnover: 0.7832  Gross: 1.3998  Gate: 0.7995
Episode 803  Reward:   0.035703  Wealth:    116322.57  Turnover: 0.9793  Gross: 1.3934  Gate: 0.7868
Episode 804  Reward:   0.006492  Wealth:    109640.61  Turnover: 0.5876  Gross: 1.3939  Gate: 0.7878
Episode 805  Reward:   0.001634  Wealth:    113678.68  Turnover: 0.9468  Gross: 1.3942  Gate: 0.7884
Episode 806  Reward:   0.249381  Wealth:    149199.08  Turnover: 0.3638  Gross: 1.4137  Gate: 0.8273
Episode 807  Reward:   0.310361  Wealth:    163206.76  Turnover: 0.5608  Gross: 1.4038  Gate: 0.8075
Episode 808  Reward:   0.255306  Wealth:    149461.69  Turnover: 0.5609  Gross: 1.3934  Gate: 0.7869
Episode 809  Reward:   0.177186  Wealth:    135406.29  Turnover: 0.6617  Gross: 1.3950  Gate: 0.7900
Episode 810  Reward:  -0.002869  Wealth:    107661.77  Turnover: 0.2568  Gross: 1.4060  Gate: 0.8120
Episode    810  AvgReward:   0.148635  Noise: 0.0297
Episode 811  Reward:   0.259336  Wealth:    149761.60  Turnover: 0.3070  Gross: 1.4003  Gate: 0.8007
Episode 812  Reward:   0.231829  Wealth:    145776.99  Turnover: 0.7999  Gross: 1.3970  Gate: 0.7940
Episode 813  Reward:   0.003151  Wealth:    109071.49  Turnover: 0.4555  Gross: 1.3989  Gate: 0.7978
Episode 814  Reward:   0.220253  Wealth:    142168.54  Turnover: 0.3035  Gross: 1.4123  Gate: 0.8245
Episode 815  Reward:   0.291276  Wealth:    156877.45  Turnover: 0.4473  Gross: 1.4023  Gate: 0.8045
Episode 816  Reward:   0.199091  Wealth:    138680.77  Turnover: 0.6604  Gross: 1.4037  Gate: 0.8074
Episode 817  Reward:  -0.103628  Wealth:    100722.70  Turnover: 1.3028  Gross: 1.3949  Gate: 0.7899
Episode 818  Reward:   0.341125  Wealth:    176930.95  Turnover: 0.7228  Gross: 1.3972  Gate: 0.7944
Episode 819  Reward:  -0.068055  Wealth:    103860.38  Turnover: 1.1015  Gross: 1.3974  Gate: 0.7948
Episode 820  Reward:   0.195180  Wealth:    144371.96  Turnover: 0.8450  Gross: 1.3900  Gate: 0.7800
Episode    820  AvgReward:   0.156956  Noise: 0.0291
Episode 821  Reward:  -0.071389  Wealth:    101260.57  Turnover: 0.7957  Gross: 1.3952  Gate: 0.7903
Episode 822  Reward:   0.084241  Wealth:    120368.81  Turnover: 0.9923  Gross: 1.4055  Gate: 0.8111
Episode 823  Reward:   0.229249  Wealth:    144727.39  Turnover: 0.7508  Gross: 1.4044  Gate: 0.8087
Episode 824  Reward:   0.144821  Wealth:    128543.63  Turnover: 0.3904  Gross: 1.3948  Gate: 0.7897
Episode 825  Reward:   0.245890  Wealth:    148203.95  Turnover: 0.6318  Gross: 1.4030  Gate: 0.8061
Episode 826  Reward:   0.095691  Wealth:    121250.05  Turnover: 0.3996  Gross: 1.4072  Gate: 0.8144
Episode 827  Reward:   0.343842  Wealth:    172312.70  Turnover: 0.5556  Gross: 1.4037  Gate: 0.8074
Episode 828  Reward:  -0.001901  Wealth:    108890.09  Turnover: 0.6134  Gross: 1.3875  Gate: 0.7750
Episode 829  Reward:   0.210773  Wealth:    140241.74  Turnover: 0.3839  Gross: 1.4015  Gate: 0.8030
Episode 830  Reward:   0.210263  Wealth:    140592.11  Turnover: 0.5878  Gross: 1.3986  Gate: 0.7971
Episode    830  AvgReward:   0.149148  Noise: 0.0285
Episode 831  Reward:   0.253777  Wealth:    151062.43  Turnover: 0.8688  Gross: 1.3914  Gate: 0.7827
Episode 832  Reward:   0.198784  Wealth:    139871.55  Turnover: 0.7716  Gross: 1.3924  Gate: 0.7848
Episode 833  Reward:   0.097165  Wealth:    120828.42  Turnover: 0.4258  Gross: 1.4020  Gate: 0.8039
Episode 834  Reward:   0.153948  Wealth:    133901.60  Turnover: 0.6355  Gross: 1.3944  Gate: 0.7888
Episode 835  Reward:   0.217640  Wealth:    140947.38  Turnover: 0.5792  Gross: 1.4050  Gate: 0.8100
Episode 836  Reward:   0.149291  Wealth:    128770.60  Turnover: 0.3992  Gross: 1.3965  Gate: 0.7930
Episode 837  Reward:  -0.116781  Wealth:     96964.05  Turnover: 1.0571  Gross: 1.3987  Gate: 0.7975
Episode 838  Reward:   0.161984  Wealth:    131731.33  Turnover: 0.9198  Gross: 1.3969  Gate: 0.7938
Episode 839  Reward:  -0.026082  Wealth:    105138.31  Turnover: 0.4555  Gross: 1.4000  Gate: 0.8001
Episode 840  Reward:   0.340228  Wealth:    181050.84  Turnover: 0.8976  Gross: 1.3938  Gate: 0.7876
Episode    840  AvgReward:   0.142995  Noise: 0.0280
Episode 841  Reward:   0.139749  Wealth:    128755.45  Turnover: 0.5419  Gross: 1.4051  Gate: 0.8103
Episode 842  Reward:   0.195425  Wealth:    141507.91  Turnover: 0.7574  Gross: 1.4027  Gate: 0.8054
Episode 843  Reward:  -0.071741  Wealth:    101313.72  Turnover: 0.6010  Gross: 1.3956  Gate: 0.7913
Episode 844  Reward:   0.242629  Wealth:    146000.77  Turnover: 0.4171  Gross: 1.4047  Gate: 0.8094
Episode 845  Reward:   0.157340  Wealth:    130893.69  Turnover: 0.4071  Gross: 1.3927  Gate: 0.7854
Episode 846  Reward:   0.098676  Wealth:    121043.52  Turnover: 0.6296  Gross: 1.3990  Gate: 0.7979
Episode 847  Reward:   0.374211  Wealth:    184901.74  Turnover: 0.5599  Gross: 1.3992  Gate: 0.7984
Episode 848  Reward:  -0.030570  Wealth:    106789.80  Turnover: 0.8747  Gross: 1.3956  Gate: 0.7912
Episode 849  Reward:   0.290985  Wealth:    157902.69  Turnover: 0.4313  Gross: 1.3855  Gate: 0.7711
Episode 850  Reward:   0.003655  Wealth:    109344.70  Turnover: 0.3418  Gross: 1.4171  Gate: 0.8342
Episode    850  AvgReward:   0.140036  Noise: 0.0274
Episode 851  Reward:   0.030667  Wealth:    112486.10  Turnover: 0.2415  Gross: 1.3988  Gate: 0.7975
Episode 852  Reward:   0.211426  Wealth:    142305.54  Turnover: 0.8098  Gross: 1.4004  Gate: 0.8009
Episode 853  Reward:   0.345678  Wealth:    175015.05  Turnover: 0.4694  Gross: 1.4009  Gate: 0.8018
Episode 854  Reward:   0.185755  Wealth:    136689.16  Turnover: 0.2955  Gross: 1.4083  Gate: 0.8167
Episode 855  Reward:   0.214661  Wealth:    143772.04  Turnover: 0.9445  Gross: 1.4009  Gate: 0.8018
Episode 856  Reward:  -0.014860  Wealth:    107624.57  Turnover: 0.5542  Gross: 1.4082  Gate: 0.8165
Episode 857  Reward:   0.229752  Wealth:    145109.75  Turnover: 0.4529  Gross: 1.3993  Gate: 0.7986
Episode 858  Reward:  -0.064877  Wealth:    102660.57  Turnover: 1.0231  Gross: 1.3992  Gate: 0.7984
Episode 859  Reward:   0.258777  Wealth:    150358.19  Turnover: 0.4289  Gross: 1.4045  Gate: 0.8089
Episode 860  Reward:   0.138248  Wealth:    131035.31  Turnover: 1.1383  Gross: 1.4064  Gate: 0.8128
Episode    860  AvgReward:   0.153523  Noise: 0.0269
Episode 861  Reward:   0.156833  Wealth:    133632.81  Turnover: 0.8747  Gross: 1.3995  Gate: 0.7990
Episode 862  Reward:  -0.001549  Wealth:    107743.86  Turnover: 0.6051  Gross: 1.3985  Gate: 0.7970
Episode 863  Reward:   0.032316  Wealth:    111728.72  Turnover: 0.5271  Gross: 1.3963  Gate: 0.7926
Episode 864  Reward:   0.160913  Wealth:    131559.80  Turnover: 0.4420  Gross: 1.4105  Gate: 0.8211
Episode 865  Reward:  -0.333663  Wealth:     80140.42  Turnover: 0.4318  Gross: 1.4071  Gate: 0.8141
Episode 866  Reward:   0.194628  Wealth:    138139.66  Turnover: 0.3306  Gross: 1.4075  Gate: 0.8150
Episode 867  Reward:   0.077553  Wealth:    119852.36  Turnover: 0.6649  Gross: 1.3939  Gate: 0.7877
Episode 868  Reward:   0.207118  Wealth:    139856.37  Turnover: 0.4839  Gross: 1.4040  Gate: 0.8080
Episode 869  Reward:   0.064349  Wealth:    116291.40  Turnover: 0.3511  Gross: 1.4052  Gate: 0.8104
Episode 870  Reward:   0.284219  Wealth:    156556.85  Turnover: 0.4038  Gross: 1.3786  Gate: 0.7572
Episode    870  AvgReward:   0.084272  Noise: 0.0263
Episode 871  Reward:   0.084536  Wealth:    120415.38  Turnover: 0.5332  Gross: 1.4034  Gate: 0.8068
Episode 872  Reward:   0.125766  Wealth:    132924.90  Turnover: 0.9729  Gross: 1.4019  Gate: 0.8037
Episode 873  Reward:   0.060598  Wealth:    117155.79  Turnover: 0.6342  Gross: 1.4062  Gate: 0.8123
Episode 874  Reward:  -0.206228  Wealth:     88559.82  Turnover: 0.5539  Gross: 1.3980  Gate: 0.7961
Episode 875  Reward:   0.259185  Wealth:    153037.55  Turnover: 0.6381  Gross: 1.4085  Gate: 0.8171
Episode 876  Reward:  -0.268123  Wealth:     86204.28  Turnover: 0.5466  Gross: 1.4009  Gate: 0.8017
Episode 877  Reward:   0.198606  Wealth:    142514.24  Turnover: 0.8711  Gross: 1.3918  Gate: 0.7836
Episode 878  Reward:   0.061834  Wealth:    115873.62  Turnover: 0.5267  Gross: 1.4023  Gate: 0.8046
Episode 879  Reward:   0.200448  Wealth:    139447.26  Turnover: 0.4549  Gross: 1.4049  Gate: 0.8097
Episode 880  Reward:  -0.044896  Wealth:    105797.89  Turnover: 0.5991  Gross: 1.3948  Gate: 0.7895
Episode    880  AvgReward:   0.047173  Noise: 0.0258
Episode 881  Reward:   0.174758  Wealth:    138158.48  Turnover: 0.7120  Gross: 1.3953  Gate: 0.7907
Episode 882  Reward:   0.129851  Wealth:    128392.64  Turnover: 0.7178  Gross: 1.4036  Gate: 0.8073
Episode 883  Reward:   0.106005  Wealth:    124456.36  Turnover: 0.7242  Gross: 1.3837  Gate: 0.7674
Episode 884  Reward:  -0.153578  Wealth:     93340.91  Turnover: 0.4512  Gross: 1.4046  Gate: 0.8091
Episode 885  Reward:   0.169248  Wealth:    133641.85  Turnover: 0.6002  Gross: 1.4005  Gate: 0.8011
Episode 886  Reward:   0.042027  Wealth:    114026.35  Turnover: 0.4119  Gross: 1.4050  Gate: 0.8101
Episode 887  Reward:   0.253685  Wealth:    150177.47  Turnover: 0.6214  Gross: 1.4052  Gate: 0.8105
Episode 888  Reward:   0.274790  Wealth:    157979.90  Turnover: 0.7364  Gross: 1.4000  Gate: 0.8000
Episode 889  Reward:   0.184510  Wealth:    135137.20  Turnover: 0.4355  Gross: 1.4037  Gate: 0.8075
Episode 890  Reward:   0.014585  Wealth:    112297.00  Turnover: 0.6427  Gross: 1.4074  Gate: 0.8147
Episode    890  AvgReward:   0.119588  Noise: 0.0253
Episode 891  Reward:   0.010461  Wealth:    110820.66  Turnover: 0.8780  Gross: 1.4011  Gate: 0.8022
Episode 892  Reward:   0.157531  Wealth:    130925.93  Turnover: 0.4716  Gross: 1.4063  Gate: 0.8127
Episode 893  Reward:  -0.043083  Wealth:    104549.84  Turnover: 0.6581  Gross: 1.4047  Gate: 0.8093
Episode 894  Reward:   0.091460  Wealth:    122217.02  Turnover: 0.6504  Gross: 1.3936  Gate: 0.7872
Episode 895  Reward:   0.345335  Wealth:    174992.73  Turnover: 0.6129  Gross: 1.4017  Gate: 0.8034
Episode 896  Reward:   0.214566  Wealth:    140860.78  Turnover: 0.5236  Gross: 1.3953  Gate: 0.7906
Episode 897  Reward:   0.134359  Wealth:    127177.43  Turnover: 0.5413  Gross: 1.4021  Gate: 0.8042
Episode 898  Reward:   0.167418  Wealth:    132210.51  Turnover: 0.4406  Gross: 1.4014  Gate: 0.8028
Episode 899  Reward:   0.244856  Wealth:    149949.36  Turnover: 0.6762  Gross: 1.4069  Gate: 0.8139
Episode 900  Reward:   0.231902  Wealth:    144741.64  Turnover: 0.2655  Gross: 1.3995  Gate: 0.7990
Episode    900  AvgReward:   0.155480  Noise: 0.0248
Episode 901  Reward:   0.253593  Wealth:    149118.66  Turnover: 0.6159  Gross: 1.3980  Gate: 0.7959
Episode 902  Reward:   0.215455  Wealth:    142927.32  Turnover: 0.6683  Gross: 1.3981  Gate: 0.7962
Episode 903  Reward:  -0.001823  Wealth:    108325.53  Turnover: 0.6203  Gross: 1.4059  Gate: 0.8117
Episode 904  Reward:   0.151440  Wealth:    128789.32  Turnover: 0.2979  Gross: 1.4033  Gate: 0.8066
Episode 905  Reward:   0.190625  Wealth:    137425.26  Turnover: 0.6802  Gross: 1.4004  Gate: 0.8008
Episode 906  Reward:   0.159792  Wealth:    134687.89  Turnover: 0.8790  Gross: 1.3975  Gate: 0.7950
Episode 907  Reward:   0.246607  Wealth:    153827.77  Turnover: 0.7910  Gross: 1.4028  Gate: 0.8056
Episode 908  Reward:   0.050948  Wealth:    115334.65  Turnover: 0.5555  Gross: 1.3966  Gate: 0.7932
Episode 909  Reward:   0.309857  Wealth:    165605.02  Turnover: 0.6802  Gross: 1.4032  Gate: 0.8065
Episode 910  Reward:   0.179506  Wealth:    135258.19  Turnover: 0.4081  Gross: 1.4082  Gate: 0.8163
Episode    910  AvgReward:   0.175600  Noise: 0.0243
Episode 911  Reward:   0.132285  Wealth:    126864.10  Turnover: 0.4569  Gross: 1.4020  Gate: 0.8040
Episode 912  Reward:   0.148460  Wealth:    130159.98  Turnover: 0.4920  Gross: 1.4012  Gate: 0.8024
Episode 913  Reward:   0.182189  Wealth:    134338.39  Turnover: 0.3483  Gross: 1.4020  Gate: 0.8040
Episode 914  Reward:   0.102511  Wealth:    122300.67  Turnover: 0.4230  Gross: 1.3940  Gate: 0.7881
Episode 915  Reward:   0.069738  Wealth:    118495.46  Turnover: 0.7449  Gross: 1.3927  Gate: 0.7853
Episode 916  Reward:   0.289156  Wealth:    158429.66  Turnover: 0.5449  Gross: 1.4012  Gate: 0.8024
Episode 917  Reward:  -0.308858  Wealth:     82031.47  Turnover: 0.5387  Gross: 1.3890  Gate: 0.7779
Episode 918  Reward:  -0.082963  Wealth:    101313.02  Turnover: 0.8139  Gross: 1.4046  Gate: 0.8092
Episode 919  Reward:   0.273908  Wealth:    153080.52  Turnover: 0.3233  Gross: 1.4026  Gate: 0.8053
Episode 920  Reward:   0.159800  Wealth:    131487.90  Turnover: 0.5109  Gross: 1.4029  Gate: 0.8057
Episode    920  AvgReward:   0.096623  Noise: 0.0238
Episode 921  Reward:   0.055714  Wealth:    115886.23  Turnover: 0.3130  Gross: 1.4130  Gate: 0.8261
Episode 922  Reward:  -0.338455  Wealth:     79956.29  Turnover: 0.5611  Gross: 1.4070  Gate: 0.8140
Episode 923  Reward:   0.230465  Wealth:    144513.16  Turnover: 0.2238  Gross: 1.4082  Gate: 0.8164
Episode 924  Reward:  -0.222766  Wealth:     88059.32  Turnover: 0.4391  Gross: 1.3983  Gate: 0.7967
Episode 925  Reward:   0.053711  Wealth:    116370.44  Turnover: 0.4133  Gross: 1.4014  Gate: 0.8027
Episode 926  Reward:   0.086930  Wealth:    120799.90  Turnover: 0.4087  Gross: 1.4014  Gate: 0.8028
Episode 927  Reward:  -0.003868  Wealth:    108721.21  Turnover: 0.7676  Gross: 1.3964  Gate: 0.7927
Episode 928  Reward:   0.057835  Wealth:    116466.07  Turnover: 0.5170  Gross: 1.4050  Gate: 0.8101
Episode 929  Reward:   0.262005  Wealth:    152008.44  Turnover: 0.4547  Gross: 1.4048  Gate: 0.8096
Episode 930  Reward:   0.027299  Wealth:    112254.21  Turnover: 0.4153  Gross: 1.3911  Gate: 0.7821
Episode    930  AvgReward:   0.020887  Noise: 0.0234
Episode 931  Reward:   0.101043  Wealth:    123099.93  Turnover: 0.6542  Gross: 1.4075  Gate: 0.8151
Episode 932  Reward:   0.158047  Wealth:    133414.53  Turnover: 0.7758  Gross: 1.3998  Gate: 0.7996
Episode 933  Reward:  -0.059443  Wealth:    103683.65  Turnover: 0.5121  Gross: 1.4050  Gate: 0.8100
Episode 934  Reward:   0.244056  Wealth:    149754.65  Turnover: 0.7114  Gross: 1.4054  Gate: 0.8109
Episode 935  Reward:   0.137195  Wealth:    129306.03  Turnover: 0.3802  Gross: 1.4047  Gate: 0.8095
Episode 936  Reward:   0.041652  Wealth:    115166.46  Turnover: 0.4769  Gross: 1.4017  Gate: 0.8035
Episode 937  Reward:  -0.007135  Wealth:    108356.33  Turnover: 0.3859  Gross: 1.4083  Gate: 0.8166
Episode 938  Reward:  -0.130963  Wealth:     96433.33  Turnover: 0.4926  Gross: 1.3997  Gate: 0.7994
Episode 939  Reward:   0.177101  Wealth:    138688.88  Turnover: 0.6705  Gross: 1.4044  Gate: 0.8089
Episode 940  Reward:   0.185023  Wealth:    138690.75  Turnover: 0.7592  Gross: 1.4006  Gate: 0.8012
Episode    940  AvgReward:   0.084658  Noise: 0.0229
Episode 941  Reward:   0.346386  Wealth:    179141.28  Turnover: 0.6781  Gross: 1.4002  Gate: 0.8004
Episode 942  Reward:   0.217542  Wealth:    147848.33  Turnover: 0.7828  Gross: 1.3954  Gate: 0.7907
Episode 943  Reward:   0.037096  Wealth:    114335.99  Turnover: 0.4700  Gross: 1.4049  Gate: 0.8098
Episode 944  Reward:   0.385493  Wealth:    198218.46  Turnover: 0.8747  Gross: 1.3969  Gate: 0.7939
Episode 945  Reward:   0.148226  Wealth:    131196.54  Turnover: 0.6574  Gross: 1.3956  Gate: 0.7912
Episode 946  Reward:  -0.002859  Wealth:    111881.21  Turnover: 0.7650  Gross: 1.4030  Gate: 0.8061
Episode 947  Reward:   0.082579  Wealth:    123199.51  Turnover: 0.7675  Gross: 1.3962  Gate: 0.7923
Episode 948  Reward:   0.156826  Wealth:    132652.80  Turnover: 0.5740  Gross: 1.4017  Gate: 0.8034
Episode 949  Reward:   0.138048  Wealth:    128700.98  Turnover: 0.7005  Gross: 1.3864  Gate: 0.7729
Episode 950  Reward:   0.219707  Wealth:    143207.58  Turnover: 0.4745  Gross: 1.3793  Gate: 0.7587
Episode    950  AvgReward:   0.172904  Noise: 0.0224
Episode 951  Reward:   0.156131  Wealth:    135422.80  Turnover: 1.0905  Gross: 1.3978  Gate: 0.7956
Episode 952  Reward:   0.117762  Wealth:    126547.19  Turnover: 0.7578  Gross: 1.3991  Gate: 0.7983
Episode 953  Reward:   0.221222  Wealth:    148970.70  Turnover: 0.9133  Gross: 1.3927  Gate: 0.7855
Episode 954  Reward:   0.096337  Wealth:    127286.36  Turnover: 0.7293  Gross: 1.3867  Gate: 0.7733
Episode 955  Reward:   0.010390  Wealth:    110276.00  Turnover: 0.4395  Gross: 1.4090  Gate: 0.8179
Episode 956  Reward:   0.112932  Wealth:    124124.01  Turnover: 0.4503  Gross: 1.4064  Gate: 0.8128
Episode 957  Reward:   0.113191  Wealth:    128677.95  Turnover: 0.9855  Gross: 1.4013  Gate: 0.8026
Episode 958  Reward:   0.038583  Wealth:    114041.59  Turnover: 0.6095  Gross: 1.3999  Gate: 0.7998
Episode 959  Reward:  -0.117203  Wealth:     97895.13  Turnover: 0.6245  Gross: 1.4015  Gate: 0.8031
Episode 960  Reward:   0.230530  Wealth:    147151.81  Turnover: 0.6233  Gross: 1.4031  Gate: 0.8063
Episode    960  AvgReward:   0.097988  Noise: 0.0220
Episode 961  Reward:  -0.138003  Wealth:     96768.57  Turnover: 0.7416  Gross: 1.3915  Gate: 0.7829
Episode 962  Reward:   0.079945  Wealth:    120701.24  Turnover: 0.6169  Gross: 1.4006  Gate: 0.8013
Episode 963  Reward:  -0.101358  Wealth:     98265.93  Turnover: 0.3768  Gross: 1.4100  Gate: 0.8200
Episode 964  Reward:   0.111205  Wealth:    123853.87  Turnover: 0.5141  Gross: 1.4030  Gate: 0.8060
Episode 965  Reward:   0.009036  Wealth:    111305.67  Turnover: 0.5607  Gross: 1.4082  Gate: 0.8163
Episode 966  Reward:   0.223360  Wealth:    144658.88  Turnover: 0.4365  Gross: 1.4038  Gate: 0.8076
Episode 967  Reward:   0.064120  Wealth:    117740.22  Turnover: 0.6421  Gross: 1.3969  Gate: 0.7939
Episode 968  Reward:   0.126960  Wealth:    126572.35  Turnover: 0.3894  Gross: 1.4076  Gate: 0.8152
Episode 969  Reward:   0.020779  Wealth:    115533.47  Turnover: 0.5458  Gross: 1.4028  Gate: 0.8056
Episode 970  Reward:   0.119116  Wealth:    127080.62  Turnover: 0.5953  Gross: 1.4049  Gate: 0.8098
Episode    970  AvgReward:   0.051516  Noise: 0.0216
Episode 971  Reward:   0.335808  Wealth:    174226.86  Turnover: 0.6284  Gross: 1.4010  Gate: 0.8019
Episode 972  Reward:   0.212460  Wealth:    141693.00  Turnover: 0.3049  Gross: 1.4061  Gate: 0.8122
Episode 973  Reward:   0.238431  Wealth:    146547.53  Turnover: 0.3652  Gross: 1.4068  Gate: 0.8137
Episode 974  Reward:  -0.158704  Wealth:     93345.32  Turnover: 0.5853  Gross: 1.3730  Gate: 0.7460
Episode 975  Reward:   0.152649  Wealth:    130576.64  Turnover: 0.5669  Gross: 1.3962  Gate: 0.7923
Episode 976  Reward:   0.222251  Wealth:    143482.83  Turnover: 0.5816  Gross: 1.3978  Gate: 0.7956
Episode 977  Reward:   0.145929  Wealth:    132359.88  Turnover: 0.6980  Gross: 1.3928  Gate: 0.7856
Episode 978  Reward:   0.374337  Wealth:    185788.32  Turnover: 0.7147  Gross: 1.3991  Gate: 0.7981
Episode 979  Reward:   0.032119  Wealth:    113376.38  Turnover: 0.4618  Gross: 1.4047  Gate: 0.8094
Episode 980  Reward:   0.300512  Wealth:    160948.69  Turnover: 0.8061  Gross: 1.3996  Gate: 0.7993
Episode    980  AvgReward:   0.185579  Noise: 0.0211
Episode 981  Reward:  -0.175068  Wealth:     94271.22  Turnover: 0.7955  Gross: 1.4015  Gate: 0.8030
Episode 982  Reward:   0.273801  Wealth:    154216.56  Turnover: 0.3419  Gross: 1.4006  Gate: 0.8013
Episode 983  Reward:   0.202773  Wealth:    140379.85  Turnover: 0.4655  Gross: 1.4053  Gate: 0.8105
Episode 984  Reward:   0.179241  Wealth:    134632.29  Turnover: 0.6394  Gross: 1.4005  Gate: 0.8009
Episode 985  Reward:   0.216475  Wealth:    140484.64  Turnover: 0.1503  Gross: 1.3943  Gate: 0.7885
Episode 986  Reward:  -0.378320  Wealth:     78852.38  Turnover: 0.6916  Gross: 1.3969  Gate: 0.7938
Episode 987  Reward:   0.004038  Wealth:    111629.96  Turnover: 0.6900  Gross: 1.3964  Gate: 0.7927
Episode 988  Reward:  -0.105865  Wealth:     98860.82  Turnover: 0.5382  Gross: 1.3968  Gate: 0.7937
Episode 989  Reward:   0.160087  Wealth:    132327.74  Turnover: 0.6304  Gross: 1.4015  Gate: 0.8029
Episode 990  Reward:   0.058417  Wealth:    116981.53  Turnover: 0.4095  Gross: 1.3931  Gate: 0.7862
Episode    990  AvgReward:   0.043558  Noise: 0.0207
Episode 991  Reward:  -0.015632  Wealth:    108055.27  Turnover: 0.5985  Gross: 1.3983  Gate: 0.7965
Episode 992  Reward:   0.178717  Wealth:    135424.68  Turnover: 0.4318  Gross: 1.4057  Gate: 0.8115
Episode 993  Reward:   0.023086  Wealth:    116240.50  Turnover: 0.7112  Gross: 1.3961  Gate: 0.7923
Episode 994  Reward:   0.286675  Wealth:    156208.13  Turnover: 0.4348  Gross: 1.4032  Gate: 0.8063
Episode 995  Reward:   0.215194  Wealth:    142718.24  Turnover: 0.5569  Gross: 1.4007  Gate: 0.8014
Episode 996  Reward:   0.219475  Wealth:    143946.13  Turnover: 0.7253  Gross: 1.3962  Gate: 0.7924
Episode 997  Reward:   0.167554  Wealth:    134168.93  Turnover: 0.7460  Gross: 1.3894  Gate: 0.7787
Episode 998  Reward:   0.047886  Wealth:    115195.13  Turnover: 0.4804  Gross: 1.4068  Gate: 0.8136
Episode 999  Reward:   0.000353  Wealth:    108525.43  Turnover: 0.3750  Gross: 1.4096  Gate: 0.8191
Episode 1000  Reward:  -0.000071  Wealth:    109603.69  Turnover: 0.6187  Gross: 1.3999  Gate: 0.7997
Episode   1000  AvgReward:   0.112324  Noise: 0.0203
TRAIN STAGE COMPLETE
PRE-TRAINING BEHAVIOUR GATE PASSED on deterministic held-in episodes: mean_leverage_gate=0.7981, fraction_at_gross_cap=0.0000, gate_gross_mae=0.0000, mean_turnover=0.5917, max_position_limit_violation=0.0000, mean_normalized_direction_entropy=0.8299, q05_normalized_direction_entropy=0.7446, mean_effective_positions=3.9588
Pre-training complete. Agent saved.

============================================================
Stage 2: Fine-tuning on Real Data

============================================================
============================================================
STAGE 2: FINE-TUNING
============================================================
============================================================
TRAIN STAGE STARTED: stage=finetune_selection, episodes=37, batch_size=64, updates_per_step=1
============================================================
Episode 1  Reward:   0.083479  Wealth:    121483.52  Turnover: 0.8268  Gross: 1.3971  Gate: 0.7942
Episode 2  Reward:   0.339545  Wealth:    173756.30  Turnover: 0.7055  Gross: 1.3910  Gate: 0.7820
Episode 3  Reward:   0.170541  Wealth:    133171.47  Turnover: 0.6460  Gross: 1.4010  Gate: 0.8020
Episode 4  Reward:   0.083959  Wealth:    122468.30  Turnover: 0.5375  Gross: 1.3714  Gate: 0.7429
Episode 5  Reward:   0.226575  Wealth:    143611.85  Turnover: 0.7191  Gross: 1.4014  Gate: 0.8027
Episode 6  Reward:   0.078025  Wealth:    122077.69  Turnover: 0.5075  Gross: 1.3823  Gate: 0.7646
Episode 7  Reward:   0.250398  Wealth:    148678.48  Turnover: 0.7666  Gross: 1.3977  Gate: 0.7955
Episode 8  Reward:   0.294446  Wealth:    160517.34  Turnover: 0.7845  Gross: 1.4004  Gate: 0.8008
Episode 9  Reward:   0.099390  Wealth:    121149.39  Turnover: 0.4900  Gross: 1.4052  Gate: 0.8104
Episode 10  Reward:   0.147245  Wealth:    129117.58  Turnover: 0.6234  Gross: 1.4006  Gate: 0.8013
Episode 11  Reward:   0.250949  Wealth:    149422.89  Turnover: 0.6678  Gross: 1.3978  Gate: 0.7955
Episode 12  Reward:   0.267345  Wealth:    152572.40  Turnover: 0.6814  Gross: 1.4011  Gate: 0.8023
Episode 13  Reward:   0.279010  Wealth:    156155.65  Turnover: 0.7291  Gross: 1.4017  Gate: 0.8034
Episode 14  Reward:  -0.006021  Wealth:    107464.18  Turnover: 0.4563  Gross: 1.4041  Gate: 0.8081
Episode 15  Reward:   0.249193  Wealth:    148338.25  Turnover: 0.6819  Gross: 1.3995  Gate: 0.7990
Episode 16  Reward:   0.236472  Wealth:    148728.69  Turnover: 0.7336  Gross: 1.4040  Gate: 0.8080
Episode 17  Reward:   0.232497  Wealth:    146954.03  Turnover: 0.6940  Gross: 1.4037  Gate: 0.8075
Episode 18  Reward:   0.248061  Wealth:    148272.71  Turnover: 0.7071  Gross: 1.4001  Gate: 0.8002
Episode 19  Reward:   0.248597  Wealth:    150184.54  Turnover: 0.6882  Gross: 1.4035  Gate: 0.8070
Episode 20  Reward:   0.130601  Wealth:    128321.27  Turnover: 0.4467  Gross: 1.4048  Gate: 0.8097
Episode 21  Reward:   0.320098  Wealth:    166569.19  Turnover: 0.7837  Gross: 1.3992  Gate: 0.7985
Episode 22  Reward:   0.284885  Wealth:    157430.57  Turnover: 0.7436  Gross: 1.3962  Gate: 0.7924
Episode 23  Reward:   0.292086  Wealth:    158998.44  Turnover: 0.6997  Gross: 1.3993  Gate: 0.7986
Episode 24  Reward:   0.264430  Wealth:    152133.38  Turnover: 0.6473  Gross: 1.4037  Gate: 0.8073
Episode 25  Reward:   0.221631  Wealth:    143495.80  Turnover: 0.5836  Gross: 1.3969  Gate: 0.7939
Episode 26  Reward:  -0.017694  Wealth:    106058.54  Turnover: 0.4764  Gross: 1.4045  Gate: 0.8090
Episode 27  Reward:   0.165049  Wealth:    133101.99  Turnover: 0.5333  Gross: 1.4061  Gate: 0.8121
Episode 28  Reward:   0.238576  Wealth:    146214.86  Turnover: 0.6699  Gross: 1.4004  Gate: 0.8007
Episode 29  Reward:   0.117323  Wealth:    125367.62  Turnover: 0.3539  Gross: 1.4055  Gate: 0.8110
Episode 30  Reward:   0.270510  Wealth:    152916.75  Turnover: 0.6029  Gross: 1.4000  Gate: 0.7999
Episode 31  Reward:   0.245979  Wealth:    147961.57  Turnover: 0.6613  Gross: 1.4038  Gate: 0.8076
Episode 32  Reward:   0.249743  Wealth:    148664.42  Turnover: 0.6660  Gross: 1.4026  Gate: 0.8052
Episode 33  Reward:   0.147751  Wealth:    128719.88  Turnover: 0.5480  Gross: 1.4037  Gate: 0.8073
Episode 34  Reward:   0.301588  Wealth:    160345.11  Turnover: 0.6462  Gross: 1.4008  Gate: 0.8016
Episode 35  Reward:   0.135619  Wealth:    127911.22  Turnover: 0.3448  Gross: 1.4081  Gate: 0.8161
Episode 36  Reward:   0.171340  Wealth:    133607.28  Turnover: 0.4539  Gross: 1.4072  Gate: 0.8144
Episode 37  Reward:   0.266549  Wealth:    152493.03  Turnover: 0.6145  Gross: 1.4029  Gate: 0.8058
Episode     37  AvgReward:   0.205021  Noise: 0.0417
TRAIN STAGE COMPLETE
VALIDATION pass=1 reward=0.254907 wealth=150036.84 turnover=0.4006 gross=1.4138
============================================================
TRAIN STAGE STARTED: stage=finetune_refit_all, episodes=61, batch_size=64, updates_per_step=1
============================================================
Episode 1  Reward:   0.298336  Wealth:    160788.66  Turnover: 0.7722  Gross: 1.3932  Gate: 0.7864
Episode 2  Reward:   0.062787  Wealth:    118916.89  Turnover: 0.5972  Gross: 1.3824  Gate: 0.7647
Episode 3  Reward:   0.066577  Wealth:    119382.06  Turnover: 0.5958  Gross: 1.3756  Gate: 0.7512
Episode 4  Reward:   0.336772  Wealth:    172962.63  Turnover: 0.6872  Gross: 1.3956  Gate: 0.7912
Episode 5  Reward:   0.000109  Wealth:    108610.83  Turnover: 0.3221  Gross: 1.4159  Gate: 0.8318
Episode 6  Reward:   0.235326  Wealth:    145636.60  Turnover: 0.6652  Gross: 1.3947  Gate: 0.7893
Episode 7  Reward:   0.167241  Wealth:    132933.95  Turnover: 0.6391  Gross: 1.4070  Gate: 0.8140
Episode 8  Reward:   0.019257  Wealth:    110623.34  Turnover: 0.4082  Gross: 1.4099  Gate: 0.8199
Episode 9  Reward:   0.111343  Wealth:    124261.35  Turnover: 0.8300  Gross: 1.4020  Gate: 0.8040
Episode 10  Reward:   0.058777  Wealth:    116229.56  Turnover: 0.7885  Gross: 1.4019  Gate: 0.8039
Episode 11  Reward:  -0.105819  Wealth:     96740.15  Turnover: 0.4494  Gross: 1.4037  Gate: 0.8074
Episode 12  Reward:   0.268924  Wealth:    151328.14  Turnover: 0.4340  Gross: 1.4066  Gate: 0.8132
Episode 13  Reward:   0.099214  Wealth:    122211.65  Turnover: 0.6097  Gross: 1.4033  Gate: 0.8066
Episode 14  Reward:   0.231696  Wealth:    143226.70  Turnover: 0.4271  Gross: 1.4059  Gate: 0.8118
Episode 15  Reward:   0.083806  Wealth:    117870.42  Turnover: 0.5858  Gross: 1.4031  Gate: 0.8061
Episode 16  Reward:   0.164352  Wealth:    132965.81  Turnover: 0.8343  Gross: 1.4095  Gate: 0.8190
Episode 17  Reward:   0.013366  Wealth:    109295.16  Turnover: 0.3891  Gross: 1.4030  Gate: 0.8059
Episode 18  Reward:  -0.055200  Wealth:    101358.33  Turnover: 0.4497  Gross: 1.4033  Gate: 0.8066
Episode 19  Reward:   0.197547  Wealth:    138182.18  Turnover: 0.7826  Gross: 1.4005  Gate: 0.8011
Episode 20  Reward:  -0.127826  Wealth:     94539.52  Turnover: 0.3636  Gross: 1.4059  Gate: 0.8117
Episode 21  Reward:   0.172126  Wealth:    131792.01  Turnover: 0.6670  Gross: 1.4026  Gate: 0.8052
Episode 22  Reward:   0.193825  Wealth:    135928.64  Turnover: 0.4099  Gross: 1.4057  Gate: 0.8114
Episode 23  Reward:   0.119917  Wealth:    123134.93  Turnover: 0.3874  Gross: 1.4076  Gate: 0.8152
Episode 24  Reward:   0.042749  Wealth:    113208.50  Turnover: 0.3919  Gross: 1.4058  Gate: 0.8116
Episode 25  Reward:   0.252012  Wealth:    147571.23  Turnover: 0.6290  Gross: 1.4012  Gate: 0.8025
Episode 26  Reward:   0.016795  Wealth:    109987.93  Turnover: 0.4256  Gross: 1.4061  Gate: 0.8122
Episode 27  Reward:  -0.033658  Wealth:    104107.62  Turnover: 0.3224  Gross: 1.4053  Gate: 0.8106
Episode 28  Reward:   0.168491  Wealth:    131619.82  Turnover: 0.5753  Gross: 1.4071  Gate: 0.8142
Episode 29  Reward:   0.171973  Wealth:    132160.12  Turnover: 0.5633  Gross: 1.4050  Gate: 0.8101
Episode 30  Reward:   0.231797  Wealth:    143875.89  Turnover: 0.6457  Gross: 1.4043  Gate: 0.8086
Episode 31  Reward:   0.254970  Wealth:    147928.18  Turnover: 0.6555  Gross: 1.4015  Gate: 0.8029
Episode 32  Reward:   0.172124  Wealth:    132079.90  Turnover: 0.5722  Gross: 1.4035  Gate: 0.8070
Episode 33  Reward:   0.127669  Wealth:    124056.89  Turnover: 0.3217  Gross: 1.4059  Gate: 0.8118
Episode 34  Reward:  -0.044605  Wealth:    103015.34  Turnover: 0.3703  Gross: 1.4045  Gate: 0.8091
Episode 35  Reward:   0.143293  Wealth:    127818.15  Turnover: 0.3820  Gross: 1.4089  Gate: 0.8177
Episode 36  Reward:   0.298177  Wealth:    159649.35  Turnover: 0.6860  Gross: 1.4011  Gate: 0.8023
Episode 37  Reward:   0.056667  Wealth:    114531.04  Turnover: 0.3559  Gross: 1.4042  Gate: 0.8085
Episode 38  Reward:   0.165031  Wealth:    131214.82  Turnover: 0.5356  Gross: 1.4046  Gate: 0.8092
Episode 39  Reward:   0.056128  Wealth:    115549.10  Turnover: 0.3738  Gross: 1.4090  Gate: 0.8180
Episode 40  Reward:   0.216500  Wealth:    140452.45  Turnover: 0.4175  Gross: 1.4032  Gate: 0.8064
Episode 41  Reward:   0.184273  Wealth:    134437.76  Turnover: 0.5021  Gross: 1.4020  Gate: 0.8039
Episode 42  Reward:   0.196792  Wealth:    136981.51  Turnover: 0.5609  Gross: 1.4052  Gate: 0.8104
Episode 43  Reward:   0.125933  Wealth:    125853.41  Turnover: 0.3529  Gross: 1.4095  Gate: 0.8190
Episode 44  Reward:   0.168370  Wealth:    131775.59  Turnover: 0.4804  Gross: 1.4032  Gate: 0.8063
Episode 45  Reward:  -0.030299  Wealth:    104949.25  Turnover: 0.3435  Gross: 1.4036  Gate: 0.8071
Episode 46  Reward:  -0.096761  Wealth:     97916.35  Turnover: 0.2737  Gross: 1.4041  Gate: 0.8082
Episode 47  Reward:   0.069074  Wealth:    117560.30  Turnover: 0.3823  Gross: 1.4083  Gate: 0.8166
Episode 48  Reward:   0.263691  Wealth:    150871.32  Turnover: 0.5827  Gross: 1.3993  Gate: 0.7987
Episode 49  Reward:   0.134316  Wealth:    126241.48  Turnover: 0.4221  Gross: 1.4032  Gate: 0.8064
Episode 50  Reward:  -0.001452  Wealth:    108418.78  Turnover: 0.3775  Gross: 1.4070  Gate: 0.8140
Episode 51  Reward:   0.329238  Wealth:    168476.98  Turnover: 0.3938  Gross: 1.4086  Gate: 0.8172
Episode 52  Reward:   0.279302  Wealth:    155380.94  Turnover: 0.6183  Gross: 1.4045  Gate: 0.8089
Episode 53  Reward:  -0.058628  Wealth:    101679.63  Turnover: 0.3250  Gross: 1.4052  Gate: 0.8105
Episode 54  Reward:   0.304552  Wealth:    161309.21  Turnover: 0.6218  Gross: 1.4016  Gate: 0.8031
Episode 55  Reward:   0.241785  Wealth:    146530.49  Turnover: 0.5881  Gross: 1.4044  Gate: 0.8088
Episode 56  Reward:   0.234365  Wealth:    145096.77  Turnover: 0.5172  Gross: 1.4049  Gate: 0.8098
Episode 57  Reward:  -0.025176  Wealth:    105375.24  Turnover: 0.2742  Gross: 1.4042  Gate: 0.8084
Episode 58  Reward:   0.131072  Wealth:    126341.02  Turnover: 0.3930  Gross: 1.4087  Gate: 0.8174
Episode 59  Reward:   0.043535  Wealth:    113646.80  Turnover: 0.3498  Gross: 1.4057  Gate: 0.8113
Episode 60  Reward:  -0.042182  Wealth:    103194.67  Turnover: 0.2815  Gross: 1.4040  Gate: 0.8079
Episode 61  Reward:   0.104985  Wealth:    121923.50  Turnover: 0.5153  Gross: 1.4051  Gate: 0.8102
Episode     61  AvgReward:   0.122383  Noise: 0.0370
TRAIN STAGE COMPLETE
Fine-tuning complete. Selected 1 pass(es); final agent saved.

============================================================
TRAINING COMPLETE

============================================================
Warning messages:
1: Seed 20260843 wrote vine_observation_mode=''; expected 'zero'. Marking training invalid. 
2: Seed 20260847 wrote vine_observation_mode=''; expected 'zero'. Marking training invalid. 

No-holdout gate passed for 0/2 seeds.
Error: Worker shard failed closed: 0/2 assigned seeds passed training, sanity, and behavior gates.
Execution halted
