Parallel sweep worker 1/4: 3 of 10 seeds assigned.
Sweep vine observation mode: zero

[1/3] Training seed 20260841
Loading configuration from: config/config.yaml 
Run mode: full | seed: 20260841 | CVaR simulations/step: 512 | vine simulation cores: 23
Loading synthetic return bundle: data/synthetic_returns.RData
Loaded 1000 pre-training and 61 fine-tuning episodes.
Fine-tuning selection: 37 fit episodes, 23 purged overlapping episodes, 1 validation episode; final refit uses all 61.
Run seed: 20260841
Run mode: full
PyTorch: 2.10.0+cu128
Device: cuda
Action schema: interior_rank_partition_leverage_gate_v5; projection temperature=1.5
GPU: NVIDIA A100-SXM4-80GB
PYTHON: Framework ready.
Action schema: interior_rank_partition_leverage_gate_v5 | gross=1.500 | net=1.000 | max_long=0.600 | max_short=0.200
Risk/training: entropy_coef=0.005 | leverage_target=0.800 | leverage_penalty=0.25 | direction_bound=5.000 | AMP=False

============================================================
Stage 1: Pre-training on Synthetic Data

============================================================
============================================================
STAGE 1: PRE-TRAINING
============================================================
============================================================
TRAIN STAGE STARTED: stage=pretrain, episodes=1000, batch_size=128, updates_per_step=1
============================================================
Episode 1  Reward:   0.125366  Wealth:    129180.12  Turnover: 1.0737  Gross: 1.2368  Gate: 0.4737
Episode 2  Reward:  -0.033984  Wealth:    106697.10  Turnover: 1.1747  Gross: 1.2494  Gate: 0.4988
Episode 3  Reward:   0.244376  Wealth:    154685.08  Turnover: 1.1080  Gross: 1.2725  Gate: 0.5451
Episode 4  Reward:  -0.431727  Wealth:     75319.26  Turnover: 1.0930  Gross: 1.2610  Gate: 0.5220
Episode 5  Reward:  -0.136350  Wealth:     96723.03  Turnover: 1.1240  Gross: 1.2767  Gate: 0.5534
Episode 6  Reward:   0.041147  Wealth:    116677.41  Turnover: 1.1834  Gross: 1.2502  Gate: 0.5004
Episode 7  Reward:   0.297654  Wealth:    165841.02  Turnover: 1.0718  Gross: 1.2355  Gate: 0.4711
Episode 8  Reward:   0.066418  Wealth:    120116.22  Turnover: 1.2116  Gross: 1.2812  Gate: 0.5624
Episode 9  Reward:   0.085867  Wealth:    121984.46  Turnover: 1.1406  Gross: 1.2655  Gate: 0.5311
Episode 10  Reward:   0.107771  Wealth:    126754.42  Turnover: 1.0398  Gross: 1.2290  Gate: 0.4580
Episode     10  AvgReward:   0.036654  Noise: 0.1473
Episode 11  Reward:   0.294737  Wealth:    164974.66  Turnover: 1.0030  Gross: 1.2445  Gate: 0.4891
Episode 12  Reward:  -0.126569  Wealth:     97595.67  Turnover: 1.1307  Gross: 1.2609  Gate: 0.5219
Episode 13  Reward:  -0.241440  Wealth:     87772.83  Turnover: 1.1344  Gross: 1.2335  Gate: 0.4670
Episode 14  Reward:   0.005547  Wealth:    111813.29  Turnover: 1.1145  Gross: 1.2330  Gate: 0.4659
Episode 15  Reward:   0.009651  Wealth:    111377.60  Turnover: 1.0885  Gross: 1.2253  Gate: 0.4507
Episode 16  Reward:   0.052947  Wealth:    118452.50  Turnover: 1.1627  Gross: 1.2291  Gate: 0.4582
Episode 17  Reward:   0.169576  Wealth:    137897.37  Turnover: 1.0857  Gross: 1.2562  Gate: 0.5124
Episode 18  Reward:  -0.189354  Wealth:     91444.85  Turnover: 1.0005  Gross: 1.2475  Gate: 0.4949
Episode 19  Reward:   0.199353  Wealth:    143847.46  Turnover: 1.0620  Gross: 1.2353  Gate: 0.4706
Episode 20  Reward:  -0.064501  Wealth:    103494.21  Turnover: 1.0877  Gross: 1.2445  Gate: 0.4889
Episode     20  AvgReward:   0.010995  Noise: 0.1444
Episode 21  Reward:   0.055893  Wealth:    118305.56  Turnover: 1.1675  Gross: 1.3112  Gate: 0.6223
Episode 22  Reward:  -0.321938  Wealth:     81461.71  Turnover: 1.1076  Gross: 1.2822  Gate: 0.5643
Episode 23  Reward:   0.085223  Wealth:    123862.66  Turnover: 1.1668  Gross: 1.2857  Gate: 0.5713
Episode 24  Reward:   0.243117  Wealth:    152647.51  Turnover: 1.1453  Gross: 1.2521  Gate: 0.5041
Episode 25  Reward:   0.170850  Wealth:    137058.88  Turnover: 1.0011  Gross: 1.2173  Gate: 0.4346
Episode 26  Reward:  -0.093417  Wealth:    100405.91  Turnover: 1.0821  Gross: 1.2764  Gate: 0.5527
Episode 27  Reward:   0.071236  Wealth:    120936.46  Turnover: 1.1077  Gross: 1.2638  Gate: 0.5276
Episode 28  Reward:  -0.016467  Wealth:    109102.26  Turnover: 1.0263  Gross: 1.2337  Gate: 0.4675
Episode 29  Reward:  -0.044181  Wealth:    105617.35  Turnover: 1.2420  Gross: 1.2686  Gate: 0.5371
Episode 30  Reward:   0.023117  Wealth:    114134.85  Turnover: 1.0068  Gross: 1.2385  Gate: 0.4769
Episode     30  AvgReward:   0.017343  Noise: 0.1415
Episode 31  Reward:   0.329602  Wealth:    174312.78  Turnover: 1.0469  Gross: 1.2195  Gate: 0.4390
Episode 32  Reward:  -0.023111  Wealth:    109273.01  Turnover: 1.0491  Gross: 1.2500  Gate: 0.5001
Episode 33  Reward:  -0.050013  Wealth:    105277.46  Turnover: 1.0519  Gross: 1.2179  Gate: 0.4358
Episode 34  Reward:   0.071872  Wealth:    121859.00  Turnover: 1.1426  Gross: 1.2408  Gate: 0.4817
Episode 35  Reward:  -0.051400  Wealth:    105508.52  Turnover: 1.0738  Gross: 1.2196  Gate: 0.4392
Episode 36  Reward:  -0.157778  Wealth:     94585.54  Turnover: 1.2400  Gross: 1.2997  Gate: 0.5993
Episode 37  Reward:  -0.297183  Wealth:     83763.71  Turnover: 1.0245  Gross: 1.2404  Gate: 0.4808
Episode 38  Reward:  -0.050880  Wealth:    105732.62  Turnover: 0.9810  Gross: 1.2076  Gate: 0.4153
Episode 39  Reward:  -0.348839  Wealth:     80353.60  Turnover: 1.0626  Gross: 1.2701  Gate: 0.5403
Episode 40  Reward:  -0.000928  Wealth:    111235.99  Turnover: 0.9219  Gross: 1.2176  Gate: 0.4351
Episode     40  AvgReward:  -0.057866  Noise: 0.1387
Episode 41  Reward:   0.087153  Wealth:    123823.39  Turnover: 1.0053  Gross: 1.2365  Gate: 0.4730
Episode 42  Reward:   0.115432  Wealth:    127552.12  Turnover: 0.8545  Gross: 1.1901  Gate: 0.3801
Episode 43  Reward:   0.182873  Wealth:    141425.00  Turnover: 0.2853  Gross: 1.1089  Gate: 0.2179
Episode 44  Reward:   0.130501  Wealth:    131407.25  Turnover: 0.2726  Gross: 1.1167  Gate: 0.2334
Episode 45  Reward:  -0.231877  Wealth:     89287.96  Turnover: 0.3075  Gross: 1.1124  Gate: 0.2248
Episode 46  Reward:  -0.250354  Wealth:     88093.65  Turnover: 0.2802  Gross: 1.1241  Gate: 0.2482
Episode 47  Reward:  -0.041336  Wealth:    107691.15  Turnover: 0.2705  Gross: 1.1376  Gate: 0.2751
Episode 48  Reward:   0.148925  Wealth:    136053.86  Turnover: 0.2700  Gross: 1.1330  Gate: 0.2660
Episode 49  Reward:   0.388238  Wealth:    202900.92  Turnover: 0.2381  Gross: 1.1380  Gate: 0.2760
Episode 50  Reward:   0.302458  Wealth:    172929.78  Turnover: 0.2923  Gross: 1.1513  Gate: 0.3025
Episode     50  AvgReward:   0.083201  Noise: 0.1360
Episode 51  Reward:   0.100915  Wealth:    128416.91  Turnover: 0.2221  Gross: 1.1546  Gate: 0.3092
Episode 52  Reward:  -0.025373  Wealth:    110689.13  Turnover: 0.3060  Gross: 1.1552  Gate: 0.3104
Episode 53  Reward:  -0.464330  Wealth:     74557.79  Turnover: 0.3173  Gross: 1.1575  Gate: 0.3149
Episode 54  Reward:  -1.225365  Wealth:     47501.55  Turnover: 0.3335  Gross: 1.1703  Gate: 0.3405
Episode 55  Reward:   0.239296  Wealth:    156442.00  Turnover: 0.2757  Gross: 1.1737  Gate: 0.3474
Episode 56  Reward:   0.106757  Wealth:    130836.16  Turnover: 0.2887  Gross: 1.1793  Gate: 0.3585
Episode 57  Reward:  -0.331762  Wealth:     82586.69  Turnover: 0.2917  Gross: 1.1871  Gate: 0.3743
Episode 58  Reward:  -0.035504  Wealth:    109673.35  Turnover: 0.3216  Gross: 1.1892  Gate: 0.3784
Episode 59  Reward:  -0.186146  Wealth:     94543.87  Turnover: 0.2731  Gross: 1.1907  Gate: 0.3814
Episode 60  Reward:  -0.124483  Wealth:    100395.51  Turnover: 0.2762  Gross: 1.1978  Gate: 0.3956
Episode     60  AvgReward:  -0.194599  Noise: 0.1333
Episode 61  Reward:   0.139191  Wealth:    136846.95  Turnover: 0.2907  Gross: 1.2097  Gate: 0.4194
Episode 62  Reward:  -0.360637  Wealth:     81184.88  Turnover: 0.2757  Gross: 1.2100  Gate: 0.4201
Episode 63  Reward:  -0.252480  Wealth:     89108.86  Turnover: 0.3049  Gross: 1.2053  Gate: 0.4106
Episode 64  Reward:   0.206368  Wealth:    151315.54  Turnover: 0.2265  Gross: 1.2117  Gate: 0.4233
Episode 65  Reward:  -0.097440  Wealth:    103405.63  Turnover: 0.2631  Gross: 1.2129  Gate: 0.4257
Episode 66  Reward:   0.318898  Wealth:    183212.54  Turnover: 0.1548  Gross: 1.2228  Gate: 0.4456
Episode 67  Reward:  -0.380965  Wealth:     80280.87  Turnover: 0.1558  Gross: 1.2269  Gate: 0.4537
Episode 68  Reward:  -0.021225  Wealth:    112700.14  Turnover: 0.1861  Gross: 1.2309  Gate: 0.4617
Episode 69  Reward:   0.021385  Wealth:    118540.08  Turnover: 0.1969  Gross: 1.2312  Gate: 0.4624
Episode 70  Reward:  -0.204620  Wealth:     93762.48  Turnover: 0.2755  Gross: 1.2316  Gate: 0.4632
Episode     70  AvgReward:  -0.063152  Noise: 0.1306
Episode 71  Reward:   0.084668  Wealth:    128506.48  Turnover: 0.2205  Gross: 1.2353  Gate: 0.4707
Episode 72  Reward:   0.138695  Wealth:    138896.43  Turnover: 0.1973  Gross: 1.2365  Gate: 0.4730
Episode 73  Reward:   0.033310  Wealth:    120994.21  Turnover: 0.2356  Gross: 1.2406  Gate: 0.4812
Episode 74  Reward:   0.135094  Wealth:    138812.34  Turnover: 0.1688  Gross: 1.2315  Gate: 0.4631
Episode 75  Reward:  -0.059622  Wealth:    109190.39  Turnover: 0.1835  Gross: 1.2359  Gate: 0.4719
Episode 76  Reward:  -0.125144  Wealth:    101173.36  Turnover: 0.1465  Gross: 1.2302  Gate: 0.4605
Episode 77  Reward:  -0.185306  Wealth:     95900.13  Turnover: 0.2738  Gross: 1.2364  Gate: 0.4727
Episode 78  Reward:  -0.135303  Wealth:    100462.39  Turnover: 0.1797  Gross: 1.2278  Gate: 0.4557
Episode 79  Reward:  -0.129259  Wealth:    101257.52  Turnover: 0.1815  Gross: 1.2333  Gate: 0.4666
Episode 80  Reward:   0.035248  Wealth:    120698.67  Turnover: 0.2160  Gross: 1.2271  Gate: 0.4543
Episode     80  AvgReward:  -0.020762  Noise: 0.1281
Episode 81  Reward:   0.117188  Wealth:    134338.69  Turnover: 0.2611  Gross: 1.2248  Gate: 0.4495
Episode 82  Reward:   0.119051  Wealth:    134811.77  Turnover: 0.2631  Gross: 1.2331  Gate: 0.4662
Episode 83  Reward:   0.224845  Wealth:    157636.75  Turnover: 0.2140  Gross: 1.2240  Gate: 0.4480
Episode 84  Reward:  -0.131338  Wealth:    101240.83  Turnover: 0.2247  Gross: 1.2234  Gate: 0.4468
Episode 85  Reward:   0.098018  Wealth:    131679.90  Turnover: 0.2572  Gross: 1.2232  Gate: 0.4464
Episode 86  Reward:   0.179572  Wealth:    146658.15  Turnover: 0.1834  Gross: 1.2200  Gate: 0.4399
Episode 87  Reward:  -0.338559  Wealth:     83184.73  Turnover: 0.2316  Gross: 1.2224  Gate: 0.4449
Episode 88  Reward:   0.002849  Wealth:    116565.05  Turnover: 0.1991  Gross: 1.2188  Gate: 0.4376
Episode 89  Reward:   0.199197  Wealth:    151252.15  Turnover: 0.1621  Gross: 1.2092  Gate: 0.4184
Episode 90  Reward:   0.405015  Wealth:    216900.63  Turnover: 0.1627  Gross: 1.2043  Gate: 0.4086
Episode     90  AvgReward:   0.087584  Noise: 0.1255
Episode 91  Reward:   0.174702  Wealth:    145648.89  Turnover: 0.1468  Gross: 1.2045  Gate: 0.4090
Episode 92  Reward:   0.176328  Wealth:    144985.89  Turnover: 0.1036  Gross: 1.2072  Gate: 0.4144
Episode 93  Reward:  -0.144509  Wealth:     98822.28  Turnover: 0.1541  Gross: 1.2026  Gate: 0.4052
Episode 94  Reward:  -0.250865  Wealth:     89355.92  Turnover: 0.0981  Gross: 1.1956  Gate: 0.3912
Episode 95  Reward:   0.165235  Wealth:    141646.50  Turnover: 0.0950  Gross: 1.1955  Gate: 0.3910
Episode 96  Reward:   0.054933  Wealth:    122325.81  Turnover: 0.0921  Gross: 1.1895  Gate: 0.3790
Episode 97  Reward:   0.185090  Wealth:    145625.83  Turnover: 0.0980  Gross: 1.1878  Gate: 0.3756
Episode 98  Reward:   0.043938  Wealth:    120486.55  Turnover: 0.0934  Gross: 1.1785  Gate: 0.3570
Episode 99  Reward:  -0.352647  Wealth:     81446.55  Turnover: 0.0886  Gross: 1.1796  Gate: 0.3593
Episode 100  Reward:  -0.023117  Wealth:    111081.62  Turnover: 0.0914  Gross: 1.1751  Gate: 0.3503
Episode    100  AvgReward:   0.002909  Noise: 0.1230
Episode 101  Reward:  -0.744375  Wealth:     61746.22  Turnover: 0.0930  Gross: 1.1691  Gate: 0.3382
Episode 102  Reward:  -0.145780  Wealth:     97826.36  Turnover: 0.0881  Gross: 1.1729  Gate: 0.3459
Episode 103  Reward:   0.275136  Wealth:    165268.02  Turnover: 0.0877  Gross: 1.1697  Gate: 0.3394
Episode 104  Reward:   0.044156  Wealth:    119893.43  Turnover: 0.0956  Gross: 1.1632  Gate: 0.3263
Episode 105  Reward:   0.084701  Wealth:    125707.83  Turnover: 0.1204  Gross: 1.1622  Gate: 0.3244
Episode 106  Reward:  -0.124554  Wealth:     99930.66  Turnover: 0.1535  Gross: 1.1607  Gate: 0.3214
Episode 107  Reward:   0.167156  Wealth:    139201.71  Turnover: 0.2682  Gross: 1.1590  Gate: 0.3179
Episode 108  Reward:  -0.202344  Wealth:     92435.65  Turnover: 0.2694  Gross: 1.1477  Gate: 0.2955
Episode 109  Reward:   0.261432  Wealth:    161484.02  Turnover: 0.2602  Gross: 1.1442  Gate: 0.2884
Episode 110  Reward:  -0.135668  Wealth:     98594.63  Turnover: 0.2350  Gross: 1.1464  Gate: 0.2927
Episode    110  AvgReward:  -0.052014  Noise: 0.1206
Episode 111  Reward:   0.116030  Wealth:    129912.89  Turnover: 0.2980  Gross: 1.1327  Gate: 0.2655
Episode 112  Reward:   0.209106  Wealth:    147736.08  Turnover: 0.3860  Gross: 1.1393  Gate: 0.2785
Episode 113  Reward:  -0.156487  Wealth:     95719.95  Turnover: 0.2559  Gross: 1.1419  Gate: 0.2837
Episode 114  Reward:   0.162504  Wealth:    136454.21  Turnover: 0.3251  Gross: 1.1302  Gate: 0.2603
Episode 115  Reward:  -0.014042  Wealth:    109330.80  Turnover: 0.3443  Gross: 1.1241  Gate: 0.2482
Episode 116  Reward:   0.123582  Wealth:    128728.74  Turnover: 0.2772  Gross: 1.1258  Gate: 0.2515
Episode 117  Reward:   0.217644  Wealth:    143819.13  Turnover: 0.1542  Gross: 1.1168  Gate: 0.2336
Episode 118  Reward:   0.182586  Wealth:    138096.12  Turnover: 0.2598  Gross: 1.1230  Gate: 0.2459
Episode 119  Reward:   0.103104  Wealth:    123880.86  Turnover: 0.1436  Gross: 1.1187  Gate: 0.2374
Episode 120  Reward:   0.218491  Wealth:    144167.94  Turnover: 0.2518  Gross: 1.1133  Gate: 0.2265
Episode    120  AvgReward:   0.116252  Noise: 0.1182
Episode 121  Reward:  -0.192049  Wealth:     90815.39  Turnover: 0.1877  Gross: 1.1134  Gate: 0.2268
Episode 122  Reward:   0.049647  Wealth:    116441.32  Turnover: 0.2322  Gross: 1.1159  Gate: 0.2318
Episode 123  Reward:   0.028456  Wealth:    113426.74  Turnover: 0.1950  Gross: 1.1095  Gate: 0.2190
Episode 124  Reward:   0.329839  Wealth:    172323.30  Turnover: 0.1703  Gross: 1.1087  Gate: 0.2173
Episode 125  Reward:  -0.045824  Wealth:    104485.94  Turnover: 0.2087  Gross: 1.1063  Gate: 0.2127
Episode 126  Reward:  -0.123447  Wealth:     96971.30  Turnover: 0.2258  Gross: 1.1166  Gate: 0.2332
Episode 127  Reward:   0.004936  Wealth:    110584.25  Turnover: 0.1683  Gross: 1.1108  Gate: 0.2215
Episode 128  Reward:   0.208871  Wealth:    142825.08  Turnover: 0.1708  Gross: 1.1157  Gate: 0.2315
Episode 129  Reward:   0.235098  Wealth:    148309.29  Turnover: 0.1752  Gross: 1.1207  Gate: 0.2414
Episode 130  Reward:   0.025199  Wealth:    113534.90  Turnover: 0.1272  Gross: 1.1183  Gate: 0.2366
Episode    130  AvgReward:   0.052073  Noise: 0.1159
Episode 131  Reward:  -0.318442  Wealth:     81860.47  Turnover: 0.1876  Gross: 1.1163  Gate: 0.2327
Episode 132  Reward:   0.004599  Wealth:    111283.69  Turnover: 0.2321  Gross: 1.1227  Gate: 0.2453
Episode 133  Reward:  -0.001151  Wealth:    110505.80  Turnover: 0.2465  Gross: 1.1207  Gate: 0.2414
Episode 134  Reward:  -0.352862  Wealth:     79415.38  Turnover: 0.2165  Gross: 1.1254  Gate: 0.2507
Episode 135  Reward:   0.067130  Wealth:    119588.52  Turnover: 0.2456  Gross: 1.1323  Gate: 0.2647
Episode 136  Reward:  -0.225440  Wealth:     88531.45  Turnover: 0.2348  Gross: 1.1383  Gate: 0.2766
Episode 137  Reward:  -0.005890  Wealth:    109806.96  Turnover: 0.2475  Gross: 1.1388  Gate: 0.2776
Episode 138  Reward:   0.218769  Wealth:    145951.60  Turnover: 0.2199  Gross: 1.1356  Gate: 0.2711
Episode 139  Reward:   0.081916  Wealth:    121855.95  Turnover: 0.2478  Gross: 1.1427  Gate: 0.2854
Episode 140  Reward:   0.239773  Wealth:    150668.34  Turnover: 0.3280  Gross: 1.1422  Gate: 0.2844
Episode    140  AvgReward:  -0.029160  Noise: 0.1136
Episode 141  Reward:   0.161381  Wealth:    135835.41  Turnover: 0.3475  Gross: 1.1458  Gate: 0.2916
Episode 142  Reward:  -0.088343  Wealth:    102094.36  Turnover: 0.2287  Gross: 1.1410  Gate: 0.2820
Episode 143  Reward:   0.170191  Wealth:    136701.58  Turnover: 0.3366  Gross: 1.1496  Gate: 0.2992
Episode 144  Reward:   0.178418  Wealth:    138437.26  Turnover: 0.3318  Gross: 1.1529  Gate: 0.3058
Episode 145  Reward:   0.253209  Wealth:    156061.43  Turnover: 0.3619  Gross: 1.1600  Gate: 0.3200
Episode 146  Reward:  -0.058368  Wealth:    105096.29  Turnover: 0.2819  Gross: 1.1609  Gate: 0.3219
Episode 147  Reward:  -0.171929  Wealth:     93988.35  Turnover: 0.2851  Gross: 1.1719  Gate: 0.3438
Episode 148  Reward:  -0.198843  Wealth:     91754.27  Turnover: 0.2816  Gross: 1.1789  Gate: 0.3578
Episode 149  Reward:   0.109556  Wealth:    126545.73  Turnover: 0.2317  Gross: 1.1846  Gate: 0.3691
Episode 150  Reward:  -0.025315  Wealth:    108674.38  Turnover: 0.3065  Gross: 1.1805  Gate: 0.3611
Episode    150  AvgReward:   0.032996  Noise: 0.1113
Episode 151  Reward:   0.076490  Wealth:    122807.26  Turnover: 0.2477  Gross: 1.1962  Gate: 0.3925
Episode 152  Reward:   0.057724  Wealth:    120211.23  Turnover: 0.2156  Gross: 1.2022  Gate: 0.4044
Episode 153  Reward:   0.031450  Wealth:    115643.04  Turnover: 0.2700  Gross: 1.2037  Gate: 0.4075
Episode 154  Reward:   0.189633  Wealth:    142230.99  Turnover: 0.2069  Gross: 1.2108  Gate: 0.4216
Episode 155  Reward:  -0.008330  Wealth:    111337.90  Turnover: 0.2422  Gross: 1.2188  Gate: 0.4377
Episode 156  Reward:  -0.576230  Wealth:     68381.84  Turnover: 0.1280  Gross: 1.2303  Gate: 0.4606
Episode 157  Reward:  -0.080267  Wealth:    103155.29  Turnover: 0.1945  Gross: 1.2334  Gate: 0.4668
Episode 158  Reward:   0.095796  Wealth:    126110.23  Turnover: 0.2069  Gross: 1.2428  Gate: 0.4857
Episode 159  Reward:  -0.334656  Wealth:     81832.97  Turnover: 0.1203  Gross: 1.2358  Gate: 0.4716
Episode 160  Reward:   0.120556  Wealth:    130032.86  Turnover: 0.2156  Gross: 1.2461  Gate: 0.4923
Episode    160  AvgReward:  -0.042783  Noise: 0.1091
Episode 161  Reward:   0.369875  Wealth:    193002.10  Turnover: 0.2197  Gross: 1.2493  Gate: 0.4987
Episode 162  Reward:   0.009211  Wealth:    113765.71  Turnover: 0.1601  Gross: 1.2511  Gate: 0.5022
Episode 163  Reward:  -0.097143  Wealth:    101792.62  Turnover: 0.1664  Gross: 1.2626  Gate: 0.5252
Episode 164  Reward:   0.291724  Wealth:    169126.07  Turnover: 0.2688  Gross: 1.2648  Gate: 0.5297
Episode 165  Reward:  -0.205142  Wealth:     91857.29  Turnover: 0.1613  Gross: 1.2793  Gate: 0.5587
Episode 166  Reward:   0.064275  Wealth:    122140.35  Turnover: 0.1551  Gross: 1.2819  Gate: 0.5637
Episode 167  Reward:  -0.038521  Wealth:    108307.34  Turnover: 0.1631  Gross: 1.2897  Gate: 0.5794
Episode 168  Reward:   0.004745  Wealth:    113808.82  Turnover: 0.2073  Gross: 1.2901  Gate: 0.5803
Episode 169  Reward:   0.041219  Wealth:    118666.09  Turnover: 0.1929  Gross: 1.2962  Gate: 0.5924
Episode 170  Reward:  -0.175676  Wealth:     94724.61  Turnover: 0.1478  Gross: 1.3048  Gate: 0.6096
Episode    170  AvgReward:   0.026457  Noise: 0.1069
Episode 171  Reward:   0.051763  Wealth:    120520.62  Turnover: 0.2028  Gross: 1.2974  Gate: 0.5948
Episode 172  Reward:  -0.101970  Wealth:    101571.83  Turnover: 0.1696  Gross: 1.3131  Gate: 0.6262
Episode 173  Reward:   0.279558  Wealth:    166711.90  Turnover: 0.2182  Gross: 1.3103  Gate: 0.6207
Episode 174  Reward:   0.204873  Wealth:    148032.27  Turnover: 0.2195  Gross: 1.3085  Gate: 0.6169
Episode 175  Reward:  -0.291675  Wealth:     85400.77  Turnover: 0.2164  Gross: 1.3079  Gate: 0.6158
Episode 176  Reward:  -0.380742  Wealth:     79188.54  Turnover: 0.2096  Gross: 1.3264  Gate: 0.6528
Episode 177  Reward:  -0.125248  Wealth:     99851.44  Turnover: 0.2066  Gross: 1.3326  Gate: 0.6651
Episode 178  Reward:   0.266245  Wealth:    163399.72  Turnover: 0.2866  Gross: 1.3314  Gate: 0.6629
Episode 179  Reward:   0.134562  Wealth:    134281.29  Turnover: 0.2846  Gross: 1.3390  Gate: 0.6780
Episode 180  Reward:   0.210613  Wealth:    149232.18  Turnover: 0.2356  Gross: 1.3361  Gate: 0.6722
Episode    180  AvgReward:   0.024798  Noise: 0.1048
Episode 181  Reward:   0.040649  Wealth:    118839.91  Turnover: 0.2169  Gross: 1.3419  Gate: 0.6838
Episode 182  Reward:   0.152385  Wealth:    138210.06  Turnover: 0.2484  Gross: 1.3537  Gate: 0.7075
Episode 183  Reward:  -0.212121  Wealth:     91571.93  Turnover: 0.2349  Gross: 1.3454  Gate: 0.6908
Episode 184  Reward:  -0.061826  Wealth:    105865.38  Turnover: 0.2438  Gross: 1.3541  Gate: 0.7082
Episode 185  Reward:  -0.120634  Wealth:     99834.98  Turnover: 0.2864  Gross: 1.3617  Gate: 0.7233
Episode 186  Reward:   0.068498  Wealth:    123353.93  Turnover: 0.1932  Gross: 1.3674  Gate: 0.7348
Episode 187  Reward:   0.008259  Wealth:    115477.09  Turnover: 0.1490  Gross: 1.3678  Gate: 0.7356
Episode 188  Reward:  -0.023483  Wealth:    110848.79  Turnover: 0.1760  Gross: 1.3719  Gate: 0.7439
Episode 189  Reward:   0.293390  Wealth:    168518.62  Turnover: 0.3095  Gross: 1.3623  Gate: 0.7246
Episode 190  Reward:   0.015579  Wealth:    115862.55  Turnover: 0.2955  Gross: 1.3726  Gate: 0.7452
Episode    190  AvgReward:   0.016070  Noise: 0.1027
Episode 191  Reward:  -0.059963  Wealth:    106447.86  Turnover: 0.2127  Gross: 1.3764  Gate: 0.7528
Episode 192  Reward:   0.182449  Wealth:    143780.08  Turnover: 0.2069  Gross: 1.3845  Gate: 0.7691
Episode 193  Reward:   0.345155  Wealth:    188075.17  Turnover: 0.2512  Gross: 1.3875  Gate: 0.7750
Episode 194  Reward:   0.162599  Wealth:    138659.32  Turnover: 0.3795  Gross: 1.3868  Gate: 0.7736
Episode 195  Reward:  -0.041022  Wealth:    109039.08  Turnover: 0.2376  Gross: 1.3972  Gate: 0.7945
Episode 196  Reward:   0.118237  Wealth:    131759.33  Turnover: 0.3094  Gross: 1.3901  Gate: 0.7802
Episode 197  Reward:  -0.128521  Wealth:     99664.58  Turnover: 0.2264  Gross: 1.3958  Gate: 0.7917
Episode 198  Reward:   0.013852  Wealth:    115242.75  Turnover: 0.2419  Gross: 1.3915  Gate: 0.7831
Episode 199  Reward:  -0.114262  Wealth:    100985.37  Turnover: 0.3458  Gross: 1.3936  Gate: 0.7872
Episode 200  Reward:   0.121300  Wealth:    131327.68  Turnover: 0.2409  Gross: 1.3838  Gate: 0.7677
Episode    200  AvgReward:   0.059982  Noise: 0.1007
Episode 201  Reward:  -0.186705  Wealth:     94271.94  Turnover: 0.1781  Gross: 1.3839  Gate: 0.7679
Episode 202  Reward:   0.250575  Wealth:    159389.46  Turnover: 0.2274  Gross: 1.3981  Gate: 0.7962
Episode 203  Reward:  -0.455431  Wealth:     74952.22  Turnover: 0.2352  Gross: 1.3993  Gate: 0.7986
Episode 204  Reward:  -0.176260  Wealth:     94927.46  Turnover: 0.2433  Gross: 1.3948  Gate: 0.7896
Episode 205  Reward:  -0.278326  Wealth:     86458.85  Turnover: 0.2187  Gross: 1.3979  Gate: 0.7959
Episode 206  Reward:  -0.430483  Wealth:     76309.46  Turnover: 0.1828  Gross: 1.3813  Gate: 0.7626
Episode 207  Reward:   0.113100  Wealth:    130150.54  Turnover: 0.2472  Gross: 1.3984  Gate: 0.7967
Episode 208  Reward:  -0.394731  Wealth:     78547.04  Turnover: 0.1836  Gross: 1.3961  Gate: 0.7923
Episode 209  Reward:   0.150829  Wealth:    138018.10  Turnover: 0.2648  Gross: 1.3749  Gate: 0.7498
Episode 210  Reward:  -0.021966  Wealth:    111437.83  Turnover: 0.1574  Gross: 1.3702  Gate: 0.7404
Episode    210  AvgReward:  -0.142940  Noise: 0.0987
Episode 211  Reward:   0.006604  Wealth:    115044.56  Turnover: 0.2546  Gross: 1.3878  Gate: 0.7756
Episode 212  Reward:   0.049939  Wealth:    120903.58  Turnover: 0.3726  Gross: 1.3839  Gate: 0.7677
Episode 213  Reward:  -0.280828  Wealth:     86593.45  Turnover: 0.3498  Gross: 1.3937  Gate: 0.7873
Episode 214  Reward:   0.136372  Wealth:    134840.91  Turnover: 0.2718  Gross: 1.3694  Gate: 0.7388
Episode 215  Reward:   0.026337  Wealth:    117687.67  Turnover: 0.2913  Gross: 1.3836  Gate: 0.7673
Episode 216  Reward:   0.100979  Wealth:    128471.98  Turnover: 0.2208  Gross: 1.3759  Gate: 0.7519
Episode 217  Reward:  -0.059806  Wealth:    106991.38  Turnover: 0.3367  Gross: 1.3836  Gate: 0.7673
Episode 218  Reward:   0.134285  Wealth:    134446.44  Turnover: 0.2243  Gross: 1.3983  Gate: 0.7965
Episode 219  Reward:  -0.031521  Wealth:    110722.56  Turnover: 0.3679  Gross: 1.3706  Gate: 0.7412
Episode 220  Reward:   0.058699  Wealth:    122235.63  Turnover: 0.3385  Gross: 1.3739  Gate: 0.7478
Episode    220  AvgReward:   0.014106  Noise: 0.0968
Episode 221  Reward:   0.011928  Wealth:    116274.25  Turnover: 0.3204  Gross: 1.3907  Gate: 0.7815
Episode 222  Reward:   0.078422  Wealth:    124709.52  Turnover: 0.3603  Gross: 1.3491  Gate: 0.6981
Episode 223  Reward:   0.245840  Wealth:    159684.20  Turnover: 0.2820  Gross: 1.3529  Gate: 0.7058
Episode 224  Reward:  -0.106876  Wealth:    101920.35  Turnover: 0.4433  Gross: 1.3370  Gate: 0.6739
Episode 225  Reward:  -0.123553  Wealth:    100288.11  Turnover: 0.2559  Gross: 1.3984  Gate: 0.7969
Episode 226  Reward:  -0.022246  Wealth:    111609.84  Turnover: 0.4852  Gross: 1.3845  Gate: 0.7691
Episode 227  Reward:  -0.077479  Wealth:    105024.94  Turnover: 0.2522  Gross: 1.3762  Gate: 0.7524
Episode 228  Reward:  -0.041321  Wealth:    109133.25  Turnover: 0.3186  Gross: 1.3685  Gate: 0.7371
Episode 229  Reward:  -0.080635  Wealth:    104224.30  Turnover: 0.1747  Gross: 1.3797  Gate: 0.7593
Episode 230  Reward:  -0.012688  Wealth:    112295.00  Turnover: 0.3247  Gross: 1.3761  Gate: 0.7523
Episode    230  AvgReward:  -0.012861  Noise: 0.0948
Episode 231  Reward:  -0.056091  Wealth:    106558.04  Turnover: 0.2104  Gross: 1.3645  Gate: 0.7291
Episode 232  Reward:  -0.227944  Wealth:     91157.34  Turnover: 0.2330  Gross: 1.3815  Gate: 0.7629
Episode 233  Reward:  -0.245054  Wealth:     89212.17  Turnover: 0.1347  Gross: 1.3721  Gate: 0.7442
Episode 234  Reward:  -0.037557  Wealth:    110470.29  Turnover: 0.1377  Gross: 1.3956  Gate: 0.7911
Episode 235  Reward:   0.050456  Wealth:    121377.11  Turnover: 0.2914  Gross: 1.3786  Gate: 0.7571
Episode 236  Reward:   0.164840  Wealth:    140524.40  Turnover: 0.3801  Gross: 1.3491  Gate: 0.6982
Episode 237  Reward:  -0.376124  Wealth:     79884.26  Turnover: 0.2726  Gross: 1.3824  Gate: 0.7647
Episode 238  Reward:   0.004680  Wealth:    116062.97  Turnover: 0.2019  Gross: 1.3817  Gate: 0.7634
Episode 239  Reward:  -0.120594  Wealth:    100371.09  Turnover: 0.3532  Gross: 1.3664  Gate: 0.7329
Episode 240  Reward:   0.195326  Wealth:    146936.83  Turnover: 0.4246  Gross: 1.3620  Gate: 0.7239
Episode    240  AvgReward:  -0.064806  Noise: 0.0930
Episode 241  Reward:  -0.163294  Wealth:     95688.19  Turnover: 0.4745  Gross: 1.3443  Gate: 0.6887
Episode 242  Reward:   0.272441  Wealth:    164944.58  Turnover: 0.4677  Gross: 1.3367  Gate: 0.6735
Episode 243  Reward:   0.366838  Wealth:    195038.20  Turnover: 0.4991  Gross: 1.3290  Gate: 0.6581
Episode 244  Reward:  -0.261304  Wealth:     87853.85  Turnover: 0.4897  Gross: 1.3647  Gate: 0.7294
Episode 245  Reward:  -0.046569  Wealth:    109373.90  Turnover: 0.1832  Gross: 1.3783  Gate: 0.7567
Episode 246  Reward:   0.351378  Wealth:    191860.98  Turnover: 0.4935  Gross: 1.3448  Gate: 0.6896
Episode 247  Reward:  -0.227667  Wealth:     89898.18  Turnover: 0.4503  Gross: 1.3027  Gate: 0.6053
Episode 248  Reward:   0.179157  Wealth:    142964.37  Turnover: 0.5423  Gross: 1.3360  Gate: 0.6719
Episode 249  Reward:  -0.091370  Wealth:    103837.49  Turnover: 0.3811  Gross: 1.3883  Gate: 0.7767
Episode 250  Reward:   0.029597  Wealth:    117309.02  Turnover: 0.6399  Gross: 1.3420  Gate: 0.6840
Episode    250  AvgReward:   0.040921  Noise: 0.0911
Episode 251  Reward:  -0.052684  Wealth:    108093.18  Turnover: 0.3251  Gross: 1.3488  Gate: 0.6976
Episode 252  Reward:   0.010632  Wealth:    115790.68  Turnover: 0.3368  Gross: 1.3752  Gate: 0.7505
Episode 253  Reward:   0.151634  Wealth:    138477.13  Turnover: 0.4321  Gross: 1.3367  Gate: 0.6734
Episode 254  Reward:   0.096248  Wealth:    127196.21  Turnover: 0.4079  Gross: 1.3856  Gate: 0.7711
Episode 255  Reward:  -0.372928  Wealth:     79764.18  Turnover: 0.3141  Gross: 1.4020  Gate: 0.8040
Episode 256  Reward:   0.057737  Wealth:    119615.13  Turnover: 0.6839  Gross: 1.3582  Gate: 0.7165
Episode 257  Reward:   0.112717  Wealth:    127814.66  Turnover: 0.5509  Gross: 1.3113  Gate: 0.6226
Episode 258  Reward:  -0.026593  Wealth:    109383.00  Turnover: 0.5403  Gross: 1.3510  Gate: 0.7020
Episode 259  Reward:  -0.120158  Wealth:    100369.60  Turnover: 0.4566  Gross: 1.3631  Gate: 0.7261
Episode 260  Reward:   0.089824  Wealth:    124672.62  Turnover: 0.5919  Gross: 1.3313  Gate: 0.6627
Episode    260  AvgReward:  -0.005357  Noise: 0.0893
Episode 261  Reward:  -0.230214  Wealth:     89015.01  Turnover: 0.5637  Gross: 1.3433  Gate: 0.6867
Episode 262  Reward:   0.085126  Wealth:    124088.73  Turnover: 0.5333  Gross: 1.3776  Gate: 0.7553
Episode 263  Reward:   0.057263  Wealth:    119629.24  Turnover: 0.6797  Gross: 1.2992  Gate: 0.5983
Episode 264  Reward:  -0.127126  Wealth:     98959.00  Turnover: 0.6626  Gross: 1.3752  Gate: 0.7504
Episode 265  Reward:  -0.031731  Wealth:    107860.12  Turnover: 0.4117  Gross: 1.3863  Gate: 0.7725
Episode 266  Reward:   0.135665  Wealth:    134373.38  Turnover: 0.6963  Gross: 1.3683  Gate: 0.7365
Episode 267  Reward:  -0.276292  Wealth:     86118.78  Turnover: 0.4500  Gross: 1.3452  Gate: 0.6904
Episode 268  Reward:  -0.095564  Wealth:    101669.86  Turnover: 0.5091  Gross: 1.3782  Gate: 0.7565
Episode 269  Reward:  -0.099175  Wealth:    101790.42  Turnover: 0.4876  Gross: 1.3413  Gate: 0.6826
Episode 270  Reward:   0.079729  Wealth:    124671.86  Turnover: 0.5393  Gross: 1.3549  Gate: 0.7099
Episode    270  AvgReward:  -0.050232  Noise: 0.0875
Episode 271  Reward:   0.039564  Wealth:    117054.73  Turnover: 0.7290  Gross: 1.3860  Gate: 0.7721
Episode 272  Reward:   0.038416  Wealth:    117086.52  Turnover: 0.6665  Gross: 1.3725  Gate: 0.7449
Episode 273  Reward:   0.079586  Wealth:    123430.01  Turnover: 0.5674  Gross: 1.3896  Gate: 0.7792
Episode 274  Reward:  -0.132365  Wealth:     99757.40  Turnover: 0.5704  Gross: 1.3964  Gate: 0.7929
Episode 275  Reward:  -0.298015  Wealth:     84643.31  Turnover: 0.4777  Gross: 1.3545  Gate: 0.7089
Episode 276  Reward:   0.107784  Wealth:    126602.48  Turnover: 0.6004  Gross: 1.3742  Gate: 0.7484
Episode 277  Reward:   0.259749  Wealth:    156076.11  Turnover: 0.5894  Gross: 1.3370  Gate: 0.6741
Episode 278  Reward:   0.105280  Wealth:    128881.75  Turnover: 0.5096  Gross: 1.3633  Gate: 0.7267
Episode 279  Reward:   0.073282  Wealth:    121618.13  Turnover: 0.6156  Gross: 1.3413  Gate: 0.6826
Episode 280  Reward:  -0.155944  Wealth:     96215.09  Turnover: 0.5241  Gross: 1.3722  Gate: 0.7443
Episode    280  AvgReward:   0.011734  Noise: 0.0858
Episode 281  Reward:   0.214537  Wealth:    147184.49  Turnover: 0.6703  Gross: 1.3783  Gate: 0.7566
Episode 282  Reward:   0.265031  Wealth:    156988.99  Turnover: 0.6804  Gross: 1.3702  Gate: 0.7404
Episode 283  Reward:   0.038949  Wealth:    117943.02  Turnover: 0.5372  Gross: 1.3840  Gate: 0.7679
Episode 284  Reward:  -0.251241  Wealth:     87831.72  Turnover: 0.4234  Gross: 1.3915  Gate: 0.7830
Episode 285  Reward:  -0.032552  Wealth:    108140.06  Turnover: 0.4486  Gross: 1.3784  Gate: 0.7569
Episode 286  Reward:   0.189794  Wealth:    141472.38  Turnover: 0.5032  Gross: 1.3598  Gate: 0.7197
Episode 287  Reward:   0.005898  Wealth:    112651.53  Turnover: 0.4342  Gross: 1.4002  Gate: 0.8004
Episode 288  Reward:   0.038524  Wealth:    116762.61  Turnover: 0.5731  Gross: 1.3627  Gate: 0.7253
Episode 289  Reward:   0.245649  Wealth:    153585.47  Turnover: 0.4503  Gross: 1.3784  Gate: 0.7567
Episode 290  Reward:  -0.265041  Wealth:     86290.96  Turnover: 0.5530  Gross: 1.3890  Gate: 0.7779
Episode    290  AvgReward:   0.044955  Noise: 0.0841
Episode 291  Reward:   0.078154  Wealth:    122391.77  Turnover: 0.5110  Gross: 1.3964  Gate: 0.7928
Episode 292  Reward:  -0.381969  Wealth:     79124.16  Turnover: 0.2521  Gross: 1.3779  Gate: 0.7558
Episode 293  Reward:  -0.643068  Wealth:     65915.84  Turnover: 0.3975  Gross: 1.3886  Gate: 0.7772
Episode 294  Reward:   0.197502  Wealth:    140585.79  Turnover: 0.5065  Gross: 1.3649  Gate: 0.7297
Episode 295  Reward:   0.305699  Wealth:    168680.03  Turnover: 0.4303  Gross: 1.3639  Gate: 0.7278
Episode 296  Reward:  -0.182584  Wealth:     93045.76  Turnover: 0.6354  Gross: 1.3351  Gate: 0.6703
Episode 297  Reward:  -0.082328  Wealth:    102076.46  Turnover: 0.5260  Gross: 1.4001  Gate: 0.8003
Episode 298  Reward:   0.133618  Wealth:    132200.90  Turnover: 0.4065  Gross: 1.3726  Gate: 0.7452
Episode 299  Reward:   0.137973  Wealth:    131754.56  Turnover: 0.5964  Gross: 1.3940  Gate: 0.7881
Episode 300  Reward:   0.086708  Wealth:    124067.75  Turnover: 0.4671  Gross: 1.3903  Gate: 0.7806
Episode    300  AvgReward:  -0.035029  Noise: 0.0824
Episode 301  Reward:  -0.496733  Wealth:     71798.02  Turnover: 0.4364  Gross: 1.3832  Gate: 0.7665
Episode 302  Reward:   0.366471  Wealth:    188469.93  Turnover: 0.4221  Gross: 1.3890  Gate: 0.7780
Episode 303  Reward:   0.257455  Wealth:    154072.98  Turnover: 0.4231  Gross: 1.3565  Gate: 0.7130
Episode 304  Reward:  -0.058623  Wealth:    105203.30  Turnover: 0.4900  Gross: 1.4075  Gate: 0.8150
Episode 305  Reward:  -0.156406  Wealth:     95214.35  Turnover: 0.4767  Gross: 1.3666  Gate: 0.7331
Episode 306  Reward:  -0.043526  Wealth:    106879.89  Turnover: 0.6711  Gross: 1.3982  Gate: 0.7964
Episode 307  Reward:   0.029054  Wealth:    114336.44  Turnover: 0.3432  Gross: 1.3892  Gate: 0.7784
Episode 308  Reward:  -0.285531  Wealth:     85364.53  Turnover: 0.4078  Gross: 1.3779  Gate: 0.7558
Episode 309  Reward:   0.319113  Wealth:    170975.43  Turnover: 0.4507  Gross: 1.3828  Gate: 0.7656
Episode 310  Reward:  -0.024807  Wealth:    107574.52  Turnover: 0.5116  Gross: 1.3894  Gate: 0.7788
Episode    310  AvgReward:  -0.009353  Noise: 0.0808
Episode 311  Reward:   0.074967  Wealth:    120265.33  Turnover: 0.5147  Gross: 1.3695  Gate: 0.7389
Episode 312  Reward:  -0.248790  Wealth:     86454.75  Turnover: 0.6142  Gross: 1.3913  Gate: 0.7825
Episode 313  Reward:   0.280627  Wealth:    160802.52  Turnover: 0.6044  Gross: 1.4106  Gate: 0.8213
Episode 314  Reward:   0.161254  Wealth:    133196.53  Turnover: 0.4605  Gross: 1.3993  Gate: 0.7987
Episode 315  Reward:  -0.000220  Wealth:    111207.21  Turnover: 0.4298  Gross: 1.3885  Gate: 0.7769
Episode 316  Reward:   0.090290  Wealth:    122698.31  Turnover: 0.4938  Gross: 1.3926  Gate: 0.7853
Episode 317  Reward:   0.260510  Wealth:    156570.08  Turnover: 0.5934  Gross: 1.4062  Gate: 0.8124
Episode 318  Reward:   0.105270  Wealth:    124713.54  Turnover: 0.6424  Gross: 1.3766  Gate: 0.7531
Episode 319  Reward:  -0.108745  Wealth:     99104.50  Turnover: 0.4190  Gross: 1.3761  Gate: 0.7523
Episode 320  Reward:  -0.081965  Wealth:    101266.82  Turnover: 0.4025  Gross: 1.3800  Gate: 0.7601
Episode    320  AvgReward:   0.053320  Noise: 0.0792
Episode 321  Reward:   0.231778  Wealth:    148493.67  Turnover: 0.5227  Gross: 1.4079  Gate: 0.8157
Episode 322  Reward:  -0.067909  Wealth:    103534.93  Turnover: 0.4888  Gross: 1.3835  Gate: 0.7669
Episode 323  Reward:  -0.137572  Wealth:     97016.12  Turnover: 0.3455  Gross: 1.3899  Gate: 0.7798
Episode 324  Reward:   0.142888  Wealth:    132171.64  Turnover: 0.5178  Gross: 1.3745  Gate: 0.7491
Episode 325  Reward:  -0.014170  Wealth:    109301.13  Turnover: 0.5533  Gross: 1.3556  Gate: 0.7112
Episode 326  Reward:   0.027316  Wealth:    114511.19  Turnover: 0.5243  Gross: 1.3953  Gate: 0.7906
Episode 327  Reward:   0.170808  Wealth:    135844.78  Turnover: 0.5148  Gross: 1.3675  Gate: 0.7349
Episode 328  Reward:   0.188220  Wealth:    140390.61  Turnover: 0.5888  Gross: 1.3697  Gate: 0.7394
Episode 329  Reward:   0.055211  Wealth:    118980.55  Turnover: 0.7052  Gross: 1.3722  Gate: 0.7444
Episode 330  Reward:   0.260905  Wealth:    156700.00  Turnover: 0.4066  Gross: 1.3949  Gate: 0.7898
Episode    330  AvgReward:   0.085748  Noise: 0.0776
Episode 331  Reward:  -0.098111  Wealth:    101160.66  Turnover: 0.2384  Gross: 1.3795  Gate: 0.7590
Episode 332  Reward:  -0.027679  Wealth:    107187.45  Turnover: 0.4699  Gross: 1.3790  Gate: 0.7580
Episode 333  Reward:   0.119065  Wealth:    126968.66  Turnover: 0.6018  Gross: 1.4032  Gate: 0.8064
Episode 334  Reward:   0.073737  Wealth:    119677.14  Turnover: 0.6989  Gross: 1.4032  Gate: 0.8063
Episode 335  Reward:  -0.058067  Wealth:    103995.09  Turnover: 0.6731  Gross: 1.3924  Gate: 0.7848
Episode 336  Reward:  -0.315147  Wealth:     83615.25  Turnover: 0.2082  Gross: 1.3754  Gate: 0.7508
Episode 337  Reward:   0.073867  Wealth:    121010.13  Turnover: 0.4802  Gross: 1.3925  Gate: 0.7850
Episode 338  Reward:   0.318053  Wealth:    168835.38  Turnover: 0.6107  Gross: 1.4037  Gate: 0.8075
Episode 339  Reward:   0.398154  Wealth:    193279.87  Turnover: 0.4622  Gross: 1.3679  Gate: 0.7358
Episode 340  Reward:   0.148624  Wealth:    132114.09  Turnover: 0.3807  Gross: 1.3727  Gate: 0.7454
Episode    340  AvgReward:   0.063249  Noise: 0.0761
Episode 341  Reward:   0.042956  Wealth:    117823.49  Turnover: 0.2517  Gross: 1.3884  Gate: 0.7769
Episode 342  Reward:  -0.069197  Wealth:    103788.86  Turnover: 0.3439  Gross: 1.3673  Gate: 0.7346
Episode 343  Reward:   0.065725  Wealth:    119748.09  Turnover: 0.4454  Gross: 1.3884  Gate: 0.7769
Episode 344  Reward:  -0.009935  Wealth:    110473.10  Turnover: 0.4475  Gross: 1.3870  Gate: 0.7740
Episode 345  Reward:  -0.100564  Wealth:    100656.38  Turnover: 0.4058  Gross: 1.3886  Gate: 0.7772
Episode 346  Reward:  -0.065770  Wealth:    103511.24  Turnover: 0.5259  Gross: 1.3428  Gate: 0.6855
Episode 347  Reward:  -0.484183  Wealth:     73044.31  Turnover: 0.3524  Gross: 1.3951  Gate: 0.7903
Episode 348  Reward:  -0.377882  Wealth:     79837.68  Turnover: 0.3401  Gross: 1.3931  Gate: 0.7861
Episode 349  Reward:   0.004942  Wealth:    112683.85  Turnover: 0.3869  Gross: 1.3766  Gate: 0.7532
Episode 350  Reward:  -0.040422  Wealth:    107433.80  Turnover: 0.3302  Gross: 1.3863  Gate: 0.7725
Episode    350  AvgReward:  -0.103433  Noise: 0.0746
Episode 351  Reward:   0.133929  Wealth:    129231.97  Turnover: 0.4002  Gross: 1.4011  Gate: 0.8023
Episode 352  Reward:  -0.280746  Wealth:     85577.71  Turnover: 0.5001  Gross: 1.3962  Gate: 0.7923
Episode 353  Reward:  -0.220407  Wealth:     90105.83  Turnover: 0.4202  Gross: 1.3621  Gate: 0.7243
Episode 354  Reward:  -0.391960  Wealth:     77740.31  Turnover: 0.3864  Gross: 1.3454  Gate: 0.6909
Episode 355  Reward:  -0.030791  Wealth:    109195.73  Turnover: 0.4972  Gross: 1.3689  Gate: 0.7379
Episode 356  Reward:   0.343883  Wealth:    179993.57  Turnover: 0.3117  Gross: 1.3733  Gate: 0.7465
Episode 357  Reward:  -0.474072  Wealth:     73832.22  Turnover: 0.3189  Gross: 1.3948  Gate: 0.7896
Episode 358  Reward:  -0.230104  Wealth:     89345.75  Turnover: 0.5570  Gross: 1.3906  Gate: 0.7811
Episode 359  Reward:  -0.255835  Wealth:     87876.04  Turnover: 0.4943  Gross: 1.3728  Gate: 0.7456
Episode 360  Reward:  -0.224155  Wealth:     90104.46  Turnover: 0.4032  Gross: 1.3910  Gate: 0.7820
Episode    360  AvgReward:  -0.163026  Noise: 0.0731
Episode 361  Reward:   0.110371  Wealth:    128281.63  Turnover: 0.4801  Gross: 1.3841  Gate: 0.7682
Episode 362  Reward:  -0.034568  Wealth:    107554.42  Turnover: 0.3004  Gross: 1.3711  Gate: 0.7422
Episode 363  Reward:  -0.043562  Wealth:    106984.05  Turnover: 0.5578  Gross: 1.3741  Gate: 0.7481
Episode 364  Reward:  -0.193480  Wealth:     92397.97  Turnover: 0.5229  Gross: 1.3634  Gate: 0.7268
Episode 365  Reward:  -0.139189  Wealth:     97267.75  Turnover: 0.5366  Gross: 1.3729  Gate: 0.7458
Episode 366  Reward:  -0.008855  Wealth:    111309.22  Turnover: 0.4105  Gross: 1.3989  Gate: 0.7978
Episode 367  Reward:  -0.027895  Wealth:    108268.74  Turnover: 0.4374  Gross: 1.3683  Gate: 0.7366
Episode 368  Reward:  -0.070555  Wealth:    104737.06  Turnover: 0.5685  Gross: 1.3721  Gate: 0.7441
Episode 369  Reward:   0.368845  Wealth:    189663.28  Turnover: 0.4523  Gross: 1.3795  Gate: 0.7589
Episode 370  Reward:   0.001639  Wealth:    113066.88  Turnover: 0.6016  Gross: 1.3615  Gate: 0.7230
Episode    370  AvgReward:  -0.003725  Noise: 0.0717
Episode 371  Reward:   0.280856  Wealth:    161742.67  Turnover: 0.5570  Gross: 1.3868  Gate: 0.7737
Episode 372  Reward:   0.273815  Wealth:    161571.17  Turnover: 0.4466  Gross: 1.3883  Gate: 0.7766
Episode 373  Reward:  -0.072110  Wealth:    104550.07  Turnover: 0.2490  Gross: 1.3967  Gate: 0.7933
Episode 374  Reward:   0.166570  Wealth:    135454.29  Turnover: 0.4912  Gross: 1.3913  Gate: 0.7826
Episode 375  Reward:  -0.003939  Wealth:    113589.33  Turnover: 0.3668  Gross: 1.3951  Gate: 0.7903
Episode 376  Reward:   0.215355  Wealth:    146280.31  Turnover: 0.4623  Gross: 1.4081  Gate: 0.8162
Episode 377  Reward:  -0.068213  Wealth:    103069.37  Turnover: 0.6450  Gross: 1.3820  Gate: 0.7641
Episode 378  Reward:   0.090472  Wealth:    124470.59  Turnover: 0.5032  Gross: 1.3691  Gate: 0.7382
Episode 379  Reward:   0.195767  Wealth:    140887.23  Turnover: 0.4541  Gross: 1.3825  Gate: 0.7649
Episode 380  Reward:  -0.118744  Wealth:     99319.86  Turnover: 0.6022  Gross: 1.3810  Gate: 0.7620
Episode    380  AvgReward:   0.095983  Noise: 0.0702
Episode 381  Reward:  -0.175535  Wealth:     93690.32  Turnover: 0.5549  Gross: 1.3900  Gate: 0.7799
Episode 382  Reward:   0.071726  Wealth:    119399.65  Turnover: 0.5688  Gross: 1.3766  Gate: 0.7531
Episode 383  Reward:  -0.273151  Wealth:     86905.94  Turnover: 0.4348  Gross: 1.3811  Gate: 0.7623
Episode 384  Reward:   0.106690  Wealth:    128183.22  Turnover: 0.3471  Gross: 1.3907  Gate: 0.7815
Episode 385  Reward:  -0.050501  Wealth:    106393.74  Turnover: 0.4065  Gross: 1.3889  Gate: 0.7778
Episode 386  Reward:  -0.200842  Wealth:     92256.84  Turnover: 0.4015  Gross: 1.3926  Gate: 0.7853
Episode 387  Reward:   0.261223  Wealth:    158139.58  Turnover: 0.5328  Gross: 1.3989  Gate: 0.7978
Episode 388  Reward:   0.262429  Wealth:    155946.58  Turnover: 0.5252  Gross: 1.3855  Gate: 0.7711
Episode 389  Reward:   0.071322  Wealth:    123101.73  Turnover: 0.3346  Gross: 1.3902  Gate: 0.7805
Episode 390  Reward:   0.101645  Wealth:    126621.30  Turnover: 0.4339  Gross: 1.3893  Gate: 0.7785
Episode    390  AvgReward:   0.017501  Noise: 0.0688
Episode 391  Reward:   0.105671  Wealth:    126017.47  Turnover: 0.4500  Gross: 1.3954  Gate: 0.7908
Episode 392  Reward:   0.232092  Wealth:    149273.64  Turnover: 0.6311  Gross: 1.4020  Gate: 0.8040
Episode 393  Reward:   0.251635  Wealth:    156435.77  Turnover: 0.4058  Gross: 1.3862  Gate: 0.7723
Episode 394  Reward:  -0.631948  Wealth:     65723.61  Turnover: 0.6656  Gross: 1.3642  Gate: 0.7283
Episode 395  Reward:  -0.217470  Wealth:     90971.34  Turnover: 0.3398  Gross: 1.3860  Gate: 0.7721
Episode 396  Reward:   0.054856  Wealth:    118672.21  Turnover: 0.4616  Gross: 1.3913  Gate: 0.7826
Episode 397  Reward:   0.111419  Wealth:    126739.10  Turnover: 0.3637  Gross: 1.3882  Gate: 0.7763
Episode 398  Reward:   0.199502  Wealth:    144560.29  Turnover: 0.5138  Gross: 1.3981  Gate: 0.7962
Episode 399  Reward:  -0.205747  Wealth:     91985.41  Turnover: 0.4237  Gross: 1.3813  Gate: 0.7626
Episode 400  Reward:  -0.705427  Wealth:     63341.51  Turnover: 0.4628  Gross: 1.3856  Gate: 0.7713
Episode    400  AvgReward:  -0.080542  Noise: 0.0675
Episode 401  Reward:   0.008985  Wealth:    113874.88  Turnover: 0.3512  Gross: 1.3982  Gate: 0.7964
Episode 402  Reward:  -0.204848  Wealth:     91077.77  Turnover: 0.6060  Gross: 1.3711  Gate: 0.7422
Episode 403  Reward:   0.269077  Wealth:    158253.09  Turnover: 0.3944  Gross: 1.3713  Gate: 0.7426
Episode 404  Reward:  -0.220319  Wealth:     90341.17  Turnover: 0.3847  Gross: 1.3868  Gate: 0.7736
Episode 405  Reward:  -0.280801  Wealth:     84974.09  Turnover: 0.6867  Gross: 1.3921  Gate: 0.7841
Episode 406  Reward:   0.115024  Wealth:    130350.14  Turnover: 0.4496  Gross: 1.3695  Gate: 0.7391
Episode 407  Reward:  -0.202186  Wealth:     92048.33  Turnover: 0.3849  Gross: 1.3864  Gate: 0.7728
Episode 408  Reward:   0.192223  Wealth:    142412.88  Turnover: 0.3558  Gross: 1.4028  Gate: 0.8056
Episode 409  Reward:  -0.572967  Wealth:     68406.89  Turnover: 0.3657  Gross: 1.3894  Gate: 0.7789
Episode 410  Reward:  -0.171077  Wealth:     95533.33  Turnover: 0.3905  Gross: 1.3831  Gate: 0.7661
Episode    410  AvgReward:  -0.106689  Noise: 0.0661
Episode 411  Reward:  -0.166844  Wealth:     95460.17  Turnover: 0.3989  Gross: 1.3812  Gate: 0.7624
Episode 412  Reward:   0.165513  Wealth:    138273.25  Turnover: 0.4954  Gross: 1.3888  Gate: 0.7776
Episode 413  Reward:   0.237849  Wealth:    150968.80  Turnover: 0.5230  Gross: 1.3808  Gate: 0.7616
Episode 414  Reward:  -0.105293  Wealth:    101470.80  Turnover: 0.3624  Gross: 1.3927  Gate: 0.7855
Episode 415  Reward:   0.182942  Wealth:    142188.76  Turnover: 0.4403  Gross: 1.3889  Gate: 0.7778
Episode 416  Reward:   0.248232  Wealth:    153297.70  Turnover: 0.4489  Gross: 1.3780  Gate: 0.7560
Episode 417  Reward:  -0.013782  Wealth:    110326.37  Turnover: 0.4468  Gross: 1.3797  Gate: 0.7594
Episode 418  Reward:   0.007215  Wealth:    113155.65  Turnover: 0.4524  Gross: 1.3963  Gate: 0.7926
Episode 419  Reward:  -0.203200  Wealth:     92622.59  Turnover: 0.4339  Gross: 1.3967  Gate: 0.7933
Episode 420  Reward:   0.157849  Wealth:    135484.26  Turnover: 0.5191  Gross: 1.3917  Gate: 0.7834
Episode    420  AvgReward:   0.051048  Noise: 0.0648
Episode 421  Reward:   0.151087  Wealth:    136692.23  Turnover: 0.4430  Gross: 1.4058  Gate: 0.8116
Episode 422  Reward:  -0.319985  Wealth:     83830.99  Turnover: 0.2766  Gross: 1.3780  Gate: 0.7560
Episode 423  Reward:  -0.144807  Wealth:     96656.97  Turnover: 0.4197  Gross: 1.4000  Gate: 0.8000
Episode 424  Reward:  -0.224711  Wealth:     90465.24  Turnover: 0.2599  Gross: 1.3960  Gate: 0.7921
Episode 425  Reward:   0.388652  Wealth:    199377.59  Turnover: 0.4459  Gross: 1.3960  Gate: 0.7920
Episode 426  Reward:   0.084040  Wealth:    124203.05  Turnover: 0.3084  Gross: 1.3704  Gate: 0.7408
Episode 427  Reward:  -0.152041  Wealth:     95972.80  Turnover: 0.4711  Gross: 1.3937  Gate: 0.7875
Episode 428  Reward:  -0.282916  Wealth:     85562.50  Turnover: 0.4570  Gross: 1.3939  Gate: 0.7879
Episode 429  Reward:   0.036953  Wealth:    117791.83  Turnover: 0.4094  Gross: 1.3863  Gate: 0.7725
Episode 430  Reward:   0.232148  Wealth:    150143.44  Turnover: 0.5007  Gross: 1.3892  Gate: 0.7784
Episode    430  AvgReward:  -0.023158  Noise: 0.0635
Episode 431  Reward:   0.025045  Wealth:    115829.26  Turnover: 0.3901  Gross: 1.3821  Gate: 0.7643
Episode 432  Reward:  -0.236229  Wealth:     88804.19  Turnover: 0.4446  Gross: 1.3905  Gate: 0.7811
Episode 433  Reward:  -0.037438  Wealth:    107866.30  Turnover: 0.3676  Gross: 1.3943  Gate: 0.7885
Episode 434  Reward:   0.041328  Wealth:    117329.42  Turnover: 0.4637  Gross: 1.3991  Gate: 0.7981
Episode 435  Reward:   0.097929  Wealth:    123767.34  Turnover: 0.5261  Gross: 1.3970  Gate: 0.7940
Episode 436  Reward:  -0.057826  Wealth:    104604.85  Turnover: 0.4629  Gross: 1.3818  Gate: 0.7637
Episode 437  Reward:   0.138521  Wealth:    130515.87  Turnover: 0.5455  Gross: 1.3981  Gate: 0.7963
Episode 438  Reward:   0.197750  Wealth:    141761.01  Turnover: 0.5430  Gross: 1.3764  Gate: 0.7528
Episode 439  Reward:   0.114339  Wealth:    128600.97  Turnover: 0.5419  Gross: 1.3972  Gate: 0.7944
Episode 440  Reward:   0.043187  Wealth:    117892.23  Turnover: 0.5164  Gross: 1.3843  Gate: 0.7687
Episode    440  AvgReward:   0.032661  Noise: 0.0623
Episode 441  Reward:   0.166362  Wealth:    136623.83  Turnover: 0.5751  Gross: 1.3962  Gate: 0.7925
Episode 442  Reward:   0.055806  Wealth:    118697.47  Turnover: 0.5634  Gross: 1.3850  Gate: 0.7699
Episode 443  Reward:   0.054659  Wealth:    119268.63  Turnover: 0.4822  Gross: 1.3867  Gate: 0.7733
Episode 444  Reward:   0.145666  Wealth:    132192.78  Turnover: 0.5753  Gross: 1.4037  Gate: 0.8074
Episode 445  Reward:  -0.139830  Wealth:     96020.05  Turnover: 0.4303  Gross: 1.3893  Gate: 0.7785
Episode 446  Reward:   0.207541  Wealth:    145549.36  Turnover: 0.4097  Gross: 1.3951  Gate: 0.7901
Episode 447  Reward:   0.235177  Wealth:    152728.76  Turnover: 0.4036  Gross: 1.3808  Gate: 0.7616
Episode 448  Reward:  -0.008556  Wealth:    111962.11  Turnover: 0.5185  Gross: 1.3835  Gate: 0.7671
Episode 449  Reward:   0.179912  Wealth:    139188.73  Turnover: 0.3566  Gross: 1.4029  Gate: 0.8058
Episode 450  Reward:   0.166614  Wealth:    136162.34  Turnover: 0.3568  Gross: 1.3857  Gate: 0.7714
Episode    450  AvgReward:   0.106335  Noise: 0.0611
Episode 451  Reward:   0.039052  Wealth:    115809.61  Turnover: 0.5521  Gross: 1.4005  Gate: 0.8010
Episode 452  Reward:  -0.503740  Wealth:     71886.67  Turnover: 0.4280  Gross: 1.3927  Gate: 0.7854
Episode 453  Reward:  -0.140197  Wealth:     96856.27  Turnover: 0.6049  Gross: 1.3862  Gate: 0.7724
Episode 454  Reward:   0.066092  Wealth:    118253.71  Turnover: 0.5071  Gross: 1.3817  Gate: 0.7633
Episode 455  Reward:  -0.174358  Wealth:     94359.78  Turnover: 0.4069  Gross: 1.3870  Gate: 0.7739
Episode 456  Reward:   0.210548  Wealth:    146865.67  Turnover: 0.3974  Gross: 1.3884  Gate: 0.7768
Episode 457  Reward:   0.115219  Wealth:    127173.48  Turnover: 0.6671  Gross: 1.3991  Gate: 0.7981
Episode 458  Reward:   0.084994  Wealth:    121801.41  Turnover: 0.5788  Gross: 1.3729  Gate: 0.7458
Episode 459  Reward:   0.055999  Wealth:    117508.82  Turnover: 0.6375  Gross: 1.3910  Gate: 0.7820
Episode 460  Reward:   0.119803  Wealth:    127196.80  Turnover: 0.4586  Gross: 1.3875  Gate: 0.7751
Episode    460  AvgReward:  -0.012659  Noise: 0.0598
Episode 461  Reward:  -0.098325  Wealth:    100992.35  Turnover: 0.4075  Gross: 1.3978  Gate: 0.7957
Episode 462  Reward:   0.253465  Wealth:    155203.05  Turnover: 0.5880  Gross: 1.3860  Gate: 0.7720
Episode 463  Reward:   0.088953  Wealth:    123159.98  Turnover: 0.4660  Gross: 1.3977  Gate: 0.7954
Episode 464  Reward:   0.144159  Wealth:    134353.19  Turnover: 0.4006  Gross: 1.3903  Gate: 0.7806
Episode 465  Reward:   0.087024  Wealth:    123825.04  Turnover: 0.6596  Gross: 1.3816  Gate: 0.7633
Episode 466  Reward:   0.236177  Wealth:    150669.34  Turnover: 0.3345  Gross: 1.3953  Gate: 0.7906
Episode 467  Reward:   0.182718  Wealth:    139148.11  Turnover: 0.6084  Gross: 1.3896  Gate: 0.7793
Episode 468  Reward:  -0.071564  Wealth:    103512.68  Turnover: 0.4150  Gross: 1.3899  Gate: 0.7798
Episode 469  Reward:  -0.280959  Wealth:     85685.76  Turnover: 0.7039  Gross: 1.4009  Gate: 0.8019
Episode 470  Reward:  -0.071971  Wealth:    103288.88  Turnover: 0.6009  Gross: 1.4002  Gate: 0.8004
Episode    470  AvgReward:   0.046968  Noise: 0.0587
Episode 471  Reward:  -0.092464  Wealth:     99756.21  Turnover: 0.6789  Gross: 1.4013  Gate: 0.8027
Episode 472  Reward:   0.047379  Wealth:    118138.83  Turnover: 0.4453  Gross: 1.3711  Gate: 0.7423
Episode 473  Reward:   0.156442  Wealth:    135668.25  Turnover: 0.5298  Gross: 1.3908  Gate: 0.7817
Episode 474  Reward:   0.198130  Wealth:    141577.45  Turnover: 0.5210  Gross: 1.3955  Gate: 0.7909
Episode 475  Reward:   0.164298  Wealth:    135116.48  Turnover: 0.5955  Gross: 1.3921  Gate: 0.7842
Episode 476  Reward:  -0.226454  Wealth:     89884.68  Turnover: 0.4713  Gross: 1.3944  Gate: 0.7889
Episode 477  Reward:  -0.034476  Wealth:    107490.91  Turnover: 0.4700  Gross: 1.4020  Gate: 0.8040
Episode 478  Reward:  -0.212405  Wealth:     90182.49  Turnover: 0.5160  Gross: 1.3896  Gate: 0.7792
Episode 479  Reward:  -0.001262  Wealth:    112783.25  Turnover: 0.5994  Gross: 1.4023  Gate: 0.8047
Episode 480  Reward:   0.207090  Wealth:    146078.58  Turnover: 0.5528  Gross: 1.4012  Gate: 0.8024
Episode    480  AvgReward:   0.020628  Noise: 0.0575
Episode 481  Reward:  -0.006913  Wealth:    110480.12  Turnover: 0.4580  Gross: 1.3928  Gate: 0.7856
Episode 482  Reward:   0.012089  Wealth:    111711.92  Turnover: 0.4674  Gross: 1.3861  Gate: 0.7722
Episode 483  Reward:   0.049338  Wealth:    115476.71  Turnover: 0.4646  Gross: 1.3865  Gate: 0.7730
Episode 484  Reward:  -0.018736  Wealth:    109380.88  Turnover: 0.4848  Gross: 1.3780  Gate: 0.7559
Episode 485  Reward:  -0.754602  Wealth:     61113.18  Turnover: 0.3405  Gross: 1.3868  Gate: 0.7737
Episode 486  Reward:  -0.064223  Wealth:    104325.06  Turnover: 0.4361  Gross: 1.3756  Gate: 0.7511
Episode 487  Reward:  -0.114076  Wealth:     97631.16  Turnover: 0.4554  Gross: 1.3947  Gate: 0.7894
Episode 488  Reward:  -0.078064  Wealth:    103215.65  Turnover: 0.1670  Gross: 1.3957  Gate: 0.7915
Episode 489  Reward:   0.256717  Wealth:    150127.43  Turnover: 0.4779  Gross: 1.3860  Gate: 0.7721
Episode 490  Reward:   0.217647  Wealth:    143132.60  Turnover: 0.5566  Gross: 1.3852  Gate: 0.7704
Episode    490  AvgReward:  -0.050082  Noise: 0.0564
Episode 491  Reward:   0.307222  Wealth:    166554.05  Turnover: 0.6410  Gross: 1.3921  Gate: 0.7842
Episode 492  Reward:   0.228830  Wealth:    145846.28  Turnover: 0.4877  Gross: 1.3891  Gate: 0.7782
Episode 493  Reward:  -0.042307  Wealth:    106550.86  Turnover: 0.4574  Gross: 1.3860  Gate: 0.7720
Episode 494  Reward:   0.088173  Wealth:    124223.26  Turnover: 0.6199  Gross: 1.3890  Gate: 0.7780
Episode 495  Reward:  -0.128127  Wealth:     96918.97  Turnover: 0.6857  Gross: 1.3868  Gate: 0.7736
Episode 496  Reward:   0.251493  Wealth:    151509.49  Turnover: 0.4077  Gross: 1.4026  Gate: 0.8051
Episode 497  Reward:  -0.161473  Wealth:     94194.59  Turnover: 0.4767  Gross: 1.3962  Gate: 0.7924
Episode 498  Reward:  -0.045870  Wealth:    105578.68  Turnover: 0.6717  Gross: 1.3972  Gate: 0.7944
Episode 499  Reward:   0.213355  Wealth:    144106.99  Turnover: 0.4644  Gross: 1.3825  Gate: 0.7650
Episode 500  Reward:  -0.253090  Wealth:     87109.55  Turnover: 0.5029  Gross: 1.4023  Gate: 0.8046
Episode    500  AvgReward:   0.045821  Noise: 0.0552
Episode 501  Reward:  -0.022896  Wealth:    108626.39  Turnover: 0.4438  Gross: 1.3882  Gate: 0.7763
Episode 502  Reward:  -0.249171  Wealth:     88564.42  Turnover: 0.5353  Gross: 1.3900  Gate: 0.7799
Episode 503  Reward:  -0.054025  Wealth:    103722.16  Turnover: 0.4616  Gross: 1.3932  Gate: 0.7863
Episode 504  Reward:  -0.155019  Wealth:     95359.67  Turnover: 0.4750  Gross: 1.3916  Gate: 0.7833
Episode 505  Reward:  -0.003243  Wealth:    110470.24  Turnover: 0.5363  Gross: 1.3675  Gate: 0.7349
Episode 506  Reward:   0.199567  Wealth:    142435.51  Turnover: 0.5257  Gross: 1.3755  Gate: 0.7510
Episode 507  Reward:   0.079619  Wealth:    121528.65  Turnover: 0.5707  Gross: 1.3844  Gate: 0.7689
Episode 508  Reward:  -0.003610  Wealth:    110405.45  Turnover: 0.3620  Gross: 1.3829  Gate: 0.7659
Episode 509  Reward:   0.032206  Wealth:    113731.93  Turnover: 0.4826  Gross: 1.3857  Gate: 0.7713
Episode 510  Reward:  -0.133486  Wealth:     95570.13  Turnover: 0.4522  Gross: 1.3958  Gate: 0.7916
Episode    510  AvgReward:  -0.031006  Noise: 0.0541
Episode 511  Reward:  -0.116248  Wealth:     96908.43  Turnover: 0.4839  Gross: 1.3781  Gate: 0.7562
Episode 512  Reward:  -0.064077  Wealth:    103242.24  Turnover: 0.5349  Gross: 1.3792  Gate: 0.7584
Episode 513  Reward:   0.096127  Wealth:    122154.46  Turnover: 0.3878  Gross: 1.3804  Gate: 0.7609
Episode 514  Reward:  -0.005477  Wealth:    110173.95  Turnover: 0.5550  Gross: 1.3955  Gate: 0.7910
Episode 515  Reward:   0.063316  Wealth:    116415.07  Turnover: 0.6840  Gross: 1.3873  Gate: 0.7746
Episode 516  Reward:  -0.229892  Wealth:     88468.71  Turnover: 0.6151  Gross: 1.3891  Gate: 0.7782
Episode 517  Reward:  -0.690416  Wealth:     63485.65  Turnover: 0.5018  Gross: 1.3852  Gate: 0.7703
Episode 518  Reward:   0.273749  Wealth:    159038.83  Turnover: 0.4860  Gross: 1.3987  Gate: 0.7974
Episode 519  Reward:   0.188024  Wealth:    140600.01  Turnover: 0.5425  Gross: 1.3960  Gate: 0.7920
Episode 520  Reward:  -0.048435  Wealth:    105598.41  Turnover: 0.3121  Gross: 1.3823  Gate: 0.7646
Episode    520  AvgReward:  -0.053333  Noise: 0.0531
Episode 521  Reward:   0.122427  Wealth:    128650.50  Turnover: 0.3135  Gross: 1.3952  Gate: 0.7904
Episode 522  Reward:   0.193677  Wealth:    140318.92  Turnover: 0.4462  Gross: 1.3905  Gate: 0.7810
Episode 523  Reward:  -0.031301  Wealth:    107224.47  Turnover: 0.4174  Gross: 1.3936  Gate: 0.7872
Episode 524  Reward:  -0.331677  Wealth:     81826.67  Turnover: 0.5096  Gross: 1.3853  Gate: 0.7706
Episode 525  Reward:   0.213794  Wealth:    143971.50  Turnover: 0.4998  Gross: 1.3882  Gate: 0.7763
Episode 526  Reward:  -0.035371  Wealth:    108351.22  Turnover: 0.5028  Gross: 1.4007  Gate: 0.8013
Episode 527  Reward:  -0.051983  Wealth:    108002.84  Turnover: 0.3256  Gross: 1.3913  Gate: 0.7825
Episode 528  Reward:  -0.047466  Wealth:    106136.74  Turnover: 0.5631  Gross: 1.3968  Gate: 0.7936
Episode 529  Reward:   0.167737  Wealth:    139570.89  Turnover: 0.3933  Gross: 1.3787  Gate: 0.7574
Episode 530  Reward:   0.310975  Wealth:    170354.62  Turnover: 0.4939  Gross: 1.3953  Gate: 0.7906
Episode    530  AvgReward:   0.051081  Noise: 0.0520
Episode 531  Reward:  -0.082589  Wealth:    102736.88  Turnover: 0.3571  Gross: 1.4072  Gate: 0.8144
Episode 532  Reward:   0.185661  Wealth:    138181.70  Turnover: 0.4395  Gross: 1.3843  Gate: 0.7685
Episode 533  Reward:   0.266648  Wealth:    158910.06  Turnover: 0.4399  Gross: 1.4029  Gate: 0.8059
Episode 534  Reward:  -0.089597  Wealth:    103425.59  Turnover: 0.3622  Gross: 1.3890  Gate: 0.7779
Episode 535  Reward:   0.078357  Wealth:    122770.08  Turnover: 0.5950  Gross: 1.4004  Gate: 0.8008
Episode 536  Reward:   0.023291  Wealth:    111900.04  Turnover: 0.4281  Gross: 1.3924  Gate: 0.7849
Episode 537  Reward:   0.114114  Wealth:    130254.13  Turnover: 0.3589  Gross: 1.3941  Gate: 0.7882
Episode 538  Reward:   0.306664  Wealth:    170627.37  Turnover: 0.4274  Gross: 1.4032  Gate: 0.8065
Episode 539  Reward:  -0.161575  Wealth:     96095.79  Turnover: 0.4473  Gross: 1.3964  Gate: 0.7928
Episode 540  Reward:   0.082411  Wealth:    124606.64  Turnover: 0.3430  Gross: 1.3956  Gate: 0.7912
Episode    540  AvgReward:   0.072338  Noise: 0.0510
Episode 541  Reward:   0.044428  Wealth:    116367.49  Turnover: 0.3762  Gross: 1.3953  Gate: 0.7906
Episode 542  Reward:  -0.043498  Wealth:    105920.96  Turnover: 0.4430  Gross: 1.3968  Gate: 0.7936
Episode 543  Reward:   0.141516  Wealth:    132231.92  Turnover: 0.4292  Gross: 1.3938  Gate: 0.7877
Episode 544  Reward:   0.146153  Wealth:    132350.48  Turnover: 0.5553  Gross: 1.3918  Gate: 0.7835
Episode 545  Reward:   0.044835  Wealth:    118649.15  Turnover: 0.3752  Gross: 1.4021  Gate: 0.8042
Episode 546  Reward:  -0.242100  Wealth:     87644.12  Turnover: 0.6611  Gross: 1.3963  Gate: 0.7925
Episode 547  Reward:   0.254048  Wealth:    158125.22  Turnover: 0.4022  Gross: 1.3999  Gate: 0.7998
Episode 548  Reward:  -0.358024  Wealth:     79634.81  Turnover: 0.4682  Gross: 1.3947  Gate: 0.7894
Episode 549  Reward:   0.166679  Wealth:    139929.53  Turnover: 0.3734  Gross: 1.3989  Gate: 0.7977
Episode 550  Reward:   0.186010  Wealth:    141269.11  Turnover: 0.4618  Gross: 1.4002  Gate: 0.8004
Episode    550  AvgReward:   0.034005  Noise: 0.0500
Episode 551  Reward:   0.020269  Wealth:    115205.24  Turnover: 0.4167  Gross: 1.4033  Gate: 0.8066
Episode 552  Reward:   0.039898  Wealth:    114931.43  Turnover: 0.6736  Gross: 1.3872  Gate: 0.7745
Episode 553  Reward:  -0.053004  Wealth:    104736.58  Turnover: 0.4243  Gross: 1.3984  Gate: 0.7968
Episode 554  Reward:   0.354637  Wealth:    184540.34  Turnover: 0.4566  Gross: 1.3943  Gate: 0.7887
Episode 555  Reward:  -0.023631  Wealth:    108026.69  Turnover: 0.4297  Gross: 1.3892  Gate: 0.7784
Episode 556  Reward:   0.183260  Wealth:    137110.15  Turnover: 0.4271  Gross: 1.3909  Gate: 0.7818
Episode 557  Reward:   0.121211  Wealth:    128627.99  Turnover: 0.6422  Gross: 1.3922  Gate: 0.7845
Episode 558  Reward:  -1.170669  Wealth:     48792.51  Turnover: 0.3632  Gross: 1.3916  Gate: 0.7833
Episode 559  Reward:  -0.528146  Wealth:     69638.94  Turnover: 0.4684  Gross: 1.3824  Gate: 0.7648
Episode 560  Reward:   0.015293  Wealth:    111734.96  Turnover: 0.3284  Gross: 1.3960  Gate: 0.7919
Episode    560  AvgReward:  -0.104088  Noise: 0.0490
Episode 561  Reward:   0.167902  Wealth:    136031.26  Turnover: 0.6525  Gross: 1.3893  Gate: 0.7787
Episode 562  Reward:   0.082689  Wealth:    120536.27  Turnover: 0.3808  Gross: 1.3941  Gate: 0.7881
Episode 563  Reward:   0.087893  Wealth:    121603.84  Turnover: 0.4426  Gross: 1.3908  Gate: 0.7816
Episode 564  Reward:  -0.065113  Wealth:    103872.63  Turnover: 0.4804  Gross: 1.3902  Gate: 0.7803
Episode 565  Reward:   0.051305  Wealth:    117519.35  Turnover: 0.6025  Gross: 1.3834  Gate: 0.7668
Episode 566  Reward:   0.165612  Wealth:    134811.51  Turnover: 0.6342  Gross: 1.3961  Gate: 0.7922
Episode 567  Reward:  -0.069869  Wealth:    102376.65  Turnover: 0.6005  Gross: 1.3880  Gate: 0.7760
Episode 568  Reward:  -0.067806  Wealth:    103853.37  Turnover: 0.4867  Gross: 1.4018  Gate: 0.8035
Episode 569  Reward:   0.156303  Wealth:    130563.44  Turnover: 0.4211  Gross: 1.3936  Gate: 0.7871
Episode 570  Reward:   0.363518  Wealth:    182545.11  Turnover: 0.3017  Gross: 1.3919  Gate: 0.7839
Episode    570  AvgReward:   0.087244  Noise: 0.0480
Episode 571  Reward:   0.216267  Wealth:    147547.68  Turnover: 0.5571  Gross: 1.3963  Gate: 0.7926
Episode 572  Reward:  -0.308933  Wealth:     83000.69  Turnover: 0.5187  Gross: 1.3924  Gate: 0.7848
Episode 573  Reward:   0.270629  Wealth:    162063.03  Turnover: 0.3333  Gross: 1.3878  Gate: 0.7756
Episode 574  Reward:   0.128494  Wealth:    127202.55  Turnover: 0.5536  Gross: 1.4057  Gate: 0.8114
Episode 575  Reward:  -0.422072  Wealth:     76264.79  Turnover: 0.3471  Gross: 1.3853  Gate: 0.7705
Episode 576  Reward:   0.121895  Wealth:    127394.52  Turnover: 0.3523  Gross: 1.3825  Gate: 0.7650
Episode 577  Reward:  -0.140669  Wealth:     96588.03  Turnover: 0.6804  Gross: 1.3949  Gate: 0.7898
Episode 578  Reward:  -0.076855  Wealth:    103948.72  Turnover: 0.2979  Gross: 1.3922  Gate: 0.7845
Episode 579  Reward:  -0.087444  Wealth:    100689.80  Turnover: 0.4054  Gross: 1.3926  Gate: 0.7853
Episode 580  Reward:   0.147471  Wealth:    132680.49  Turnover: 0.4455  Gross: 1.3900  Gate: 0.7800
Episode    580  AvgReward:  -0.015122  Noise: 0.0471
Episode 581  Reward:   0.022156  Wealth:    113971.08  Turnover: 0.4607  Gross: 1.3944  Gate: 0.7889
Episode 582  Reward:  -0.025937  Wealth:    107560.39  Turnover: 0.6439  Gross: 1.3967  Gate: 0.7934
Episode 583  Reward:   0.095436  Wealth:    122447.42  Turnover: 0.4465  Gross: 1.3947  Gate: 0.7894
Episode 584  Reward:  -0.239555  Wealth:     88743.46  Turnover: 0.3636  Gross: 1.3987  Gate: 0.7974
Episode 585  Reward:   0.106123  Wealth:    126537.47  Turnover: 0.6080  Gross: 1.3885  Gate: 0.7771
Episode 586  Reward:  -0.051321  Wealth:    103286.28  Turnover: 0.5318  Gross: 1.4009  Gate: 0.8018
Episode 587  Reward:   0.095883  Wealth:    125825.66  Turnover: 0.4504  Gross: 1.3820  Gate: 0.7639
Episode 588  Reward:   0.104356  Wealth:    127284.70  Turnover: 0.4573  Gross: 1.4020  Gate: 0.8039
Episode 589  Reward:  -0.193820  Wealth:     91086.25  Turnover: 0.5554  Gross: 1.3678  Gate: 0.7357
Episode 590  Reward:   0.214527  Wealth:    142755.58  Turnover: 0.5512  Gross: 1.3851  Gate: 0.7702
Episode    590  AvgReward:   0.012785  Noise: 0.0461
Episode 591  Reward:   0.197360  Wealth:    141245.04  Turnover: 0.6622  Gross: 1.3964  Gate: 0.7928
Episode 592  Reward:  -0.470674  Wealth:     73537.63  Turnover: 0.5028  Gross: 1.3923  Gate: 0.7846
Episode 593  Reward:  -0.076248  Wealth:    101592.89  Turnover: 0.5335  Gross: 1.3899  Gate: 0.7798
Episode 594  Reward:   0.250133  Wealth:    156066.65  Turnover: 0.5221  Gross: 1.4000  Gate: 0.7999
Episode 595  Reward:   0.099419  Wealth:    125483.22  Turnover: 0.4247  Gross: 1.3947  Gate: 0.7894
Episode 596  Reward:   0.321615  Wealth:    177514.13  Turnover: 0.4091  Gross: 1.3807  Gate: 0.7614
Episode 597  Reward:   0.104567  Wealth:    124613.29  Turnover: 0.5433  Gross: 1.3949  Gate: 0.7898
Episode 598  Reward:   0.306619  Wealth:    168878.72  Turnover: 0.5559  Gross: 1.3958  Gate: 0.7916
Episode 599  Reward:   0.127195  Wealth:    126206.61  Turnover: 0.5801  Gross: 1.3890  Gate: 0.7780
Episode 600  Reward:  -0.160987  Wealth:     94051.78  Turnover: 0.7331  Gross: 1.3890  Gate: 0.7780
Episode    600  AvgReward:   0.069900  Noise: 0.0452
Episode 601  Reward:  -0.130436  Wealth:     97522.31  Turnover: 0.3768  Gross: 1.3984  Gate: 0.7969
Episode 602  Reward:   0.335950  Wealth:    174849.56  Turnover: 0.4788  Gross: 1.3953  Gate: 0.7906
Episode 603  Reward:  -0.057971  Wealth:    106225.15  Turnover: 0.4224  Gross: 1.3926  Gate: 0.7852
Episode 604  Reward:   0.015726  Wealth:    111930.95  Turnover: 0.2924  Gross: 1.3928  Gate: 0.7857
Episode 605  Reward:   0.100498  Wealth:    126039.26  Turnover: 0.4843  Gross: 1.3859  Gate: 0.7719
Episode 606  Reward:   0.016898  Wealth:    113329.75  Turnover: 0.4336  Gross: 1.3857  Gate: 0.7714
Episode 607  Reward:   0.017678  Wealth:    112933.91  Turnover: 0.5313  Gross: 1.3978  Gate: 0.7955
Episode 608  Reward:   0.090565  Wealth:    124703.80  Turnover: 0.3414  Gross: 1.3936  Gate: 0.7872
Episode 609  Reward:  -0.214756  Wealth:     90272.56  Turnover: 0.4526  Gross: 1.3832  Gate: 0.7664
Episode 610  Reward:   0.070579  Wealth:    122349.29  Turnover: 0.5585  Gross: 1.3896  Gate: 0.7791
Episode    610  AvgReward:   0.024473  Noise: 0.0443
Episode 611  Reward:   0.236045  Wealth:    144965.41  Turnover: 0.5482  Gross: 1.3953  Gate: 0.7906
Episode 612  Reward:  -0.009307  Wealth:    108478.43  Turnover: 0.4695  Gross: 1.3928  Gate: 0.7855
Episode 613  Reward:   0.029962  Wealth:    112792.48  Turnover: 0.3751  Gross: 1.3914  Gate: 0.7827
Episode 614  Reward:   0.093880  Wealth:    124787.71  Turnover: 0.4352  Gross: 1.3939  Gate: 0.7877
Episode 615  Reward:   0.287740  Wealth:    168826.13  Turnover: 0.4553  Gross: 1.3930  Gate: 0.7861
Episode 616  Reward:  -0.038606  Wealth:    107457.94  Turnover: 0.4752  Gross: 1.3972  Gate: 0.7945
Episode 617  Reward:  -0.062050  Wealth:    104850.33  Turnover: 0.5446  Gross: 1.3958  Gate: 0.7916
Episode 618  Reward:   0.063160  Wealth:    119467.74  Turnover: 0.5306  Gross: 1.4056  Gate: 0.8112
Episode 619  Reward:   0.069826  Wealth:    118511.66  Turnover: 0.5521  Gross: 1.4020  Gate: 0.8039
Episode 620  Reward:   0.145661  Wealth:    133722.93  Turnover: 0.4952  Gross: 1.3966  Gate: 0.7931
Episode    620  AvgReward:   0.081631  Noise: 0.0434
Episode 621  Reward:   0.124135  Wealth:    128390.52  Turnover: 0.5459  Gross: 1.4015  Gate: 0.8030
Episode 622  Reward:  -0.195129  Wealth:     90437.61  Turnover: 0.4978  Gross: 1.3959  Gate: 0.7918
Episode 623  Reward:   0.164706  Wealth:    138288.72  Turnover: 0.4738  Gross: 1.3866  Gate: 0.7732
Episode 624  Reward:   0.091987  Wealth:    123159.70  Turnover: 0.4663  Gross: 1.3817  Gate: 0.7634
Episode 625  Reward:  -0.045789  Wealth:    106731.20  Turnover: 0.5694  Gross: 1.3958  Gate: 0.7916
Episode 626  Reward:   0.006598  Wealth:    110626.31  Turnover: 0.6423  Gross: 1.3968  Gate: 0.7936
Episode 627  Reward:  -0.209484  Wealth:     90757.19  Turnover: 0.7609  Gross: 1.3810  Gate: 0.7621
Episode 628  Reward:   0.066251  Wealth:    118244.38  Turnover: 0.3890  Gross: 1.3982  Gate: 0.7964
Episode 629  Reward:  -0.074262  Wealth:    103350.58  Turnover: 0.4860  Gross: 1.3957  Gate: 0.7913
Episode 630  Reward:   0.007193  Wealth:    114780.05  Turnover: 0.3495  Gross: 1.3902  Gate: 0.7803
Episode    630  AvgReward:  -0.006379  Noise: 0.0426
Episode 631  Reward:  -0.205591  Wealth:     90766.74  Turnover: 0.6395  Gross: 1.3699  Gate: 0.7398
Episode 632  Reward:   0.163819  Wealth:    135870.63  Turnover: 0.6112  Gross: 1.3881  Gate: 0.7762
Episode 633  Reward:  -0.363668  Wealth:     80116.57  Turnover: 0.6297  Gross: 1.4065  Gate: 0.8131
Episode 634  Reward:   0.152707  Wealth:    133890.44  Turnover: 0.4785  Gross: 1.4043  Gate: 0.8087
Episode 635  Reward:  -0.213884  Wealth:     89864.54  Turnover: 0.7086  Gross: 1.3954  Gate: 0.7907
Episode 636  Reward:   0.188749  Wealth:    142807.77  Turnover: 0.4635  Gross: 1.3892  Gate: 0.7785
Episode 637  Reward:   0.036335  Wealth:    116364.66  Turnover: 0.5108  Gross: 1.3643  Gate: 0.7287
Episode 638  Reward:   0.100720  Wealth:    125924.85  Turnover: 0.4622  Gross: 1.3970  Gate: 0.7939
Episode 639  Reward:   0.208268  Wealth:    147597.25  Turnover: 0.4301  Gross: 1.3968  Gate: 0.7936
Episode 640  Reward:  -0.061907  Wealth:    105021.95  Turnover: 0.6062  Gross: 1.3965  Gate: 0.7930
Episode    640  AvgReward:   0.000555  Noise: 0.0417
Episode 641  Reward:  -0.365633  Wealth:     80288.78  Turnover: 0.6378  Gross: 1.3921  Gate: 0.7842
Episode 642  Reward:   0.500796  Wealth:    267911.28  Turnover: 0.3336  Gross: 1.3968  Gate: 0.7937
Episode 643  Reward:  -0.040338  Wealth:    106348.47  Turnover: 0.7458  Gross: 1.3959  Gate: 0.7918
Episode 644  Reward:   0.060301  Wealth:    120737.96  Turnover: 0.5938  Gross: 1.3879  Gate: 0.7757
Episode 645  Reward:   0.211671  Wealth:    144817.48  Turnover: 0.6722  Gross: 1.3941  Gate: 0.7883
Episode 646  Reward:   0.092703  Wealth:    125367.40  Turnover: 0.5203  Gross: 1.4033  Gate: 0.8067
Episode 647  Reward:   0.229895  Wealth:    153713.47  Turnover: 0.3924  Gross: 1.3943  Gate: 0.7886
Episode 648  Reward:  -0.113046  Wealth:     98324.31  Turnover: 0.4922  Gross: 1.3866  Gate: 0.7732
Episode 649  Reward:   0.026841  Wealth:    114170.88  Turnover: 0.5155  Gross: 1.3805  Gate: 0.7609
Episode 650  Reward:  -0.097849  Wealth:    101081.43  Turnover: 0.5798  Gross: 1.3890  Gate: 0.7781
Episode    650  AvgReward:   0.050534  Noise: 0.0409
Episode 651  Reward:   0.225951  Wealth:    148607.03  Turnover: 0.5684  Gross: 1.3966  Gate: 0.7932
Episode 652  Reward:   0.337948  Wealth:    183686.66  Turnover: 0.4522  Gross: 1.3883  Gate: 0.7765
Episode 653  Reward:   0.161067  Wealth:    135847.98  Turnover: 0.5924  Gross: 1.3695  Gate: 0.7389
Episode 654  Reward:   0.190642  Wealth:    139538.45  Turnover: 0.4017  Gross: 1.3956  Gate: 0.7913
Episode 655  Reward:   0.269762  Wealth:    163488.57  Turnover: 0.5663  Gross: 1.3946  Gate: 0.7891
Episode 656  Reward:   0.260851  Wealth:    158724.79  Turnover: 0.5473  Gross: 1.3934  Gate: 0.7867
Episode 657  Reward:   0.170253  Wealth:    137438.91  Turnover: 0.6187  Gross: 1.3826  Gate: 0.7652
Episode 658  Reward:   0.223632  Wealth:    149306.72  Turnover: 0.5744  Gross: 1.3922  Gate: 0.7845
Episode 659  Reward:   0.102238  Wealth:    123643.26  Turnover: 0.4575  Gross: 1.3860  Gate: 0.7720
Episode 660  Reward:  -0.026623  Wealth:    108069.37  Turnover: 0.4954  Gross: 1.3878  Gate: 0.7757
Episode    660  AvgReward:   0.191572  Noise: 0.0401
Episode 661  Reward:   0.222421  Wealth:    150635.87  Turnover: 0.6718  Gross: 1.3936  Gate: 0.7873
Episode 662  Reward:   0.324701  Wealth:    170946.32  Turnover: 0.5359  Gross: 1.3933  Gate: 0.7865
Episode 663  Reward:  -0.044858  Wealth:    108911.74  Turnover: 0.4776  Gross: 1.3978  Gate: 0.7955
Episode 664  Reward:   0.002876  Wealth:    114038.83  Turnover: 0.3948  Gross: 1.3996  Gate: 0.7993
Episode 665  Reward:   0.051908  Wealth:    118240.53  Turnover: 0.4137  Gross: 1.4016  Gate: 0.8031
Episode 666  Reward:  -0.345749  Wealth:     81158.97  Turnover: 0.5676  Gross: 1.3960  Gate: 0.7919
Episode 667  Reward:  -0.059029  Wealth:    106334.86  Turnover: 0.4893  Gross: 1.3938  Gate: 0.7876
Episode 668  Reward:   0.120657  Wealth:    131629.63  Turnover: 0.5249  Gross: 1.3998  Gate: 0.7995
Episode 669  Reward:  -0.036778  Wealth:    106695.12  Turnover: 0.5208  Gross: 1.3969  Gate: 0.7937
Episode 670  Reward:   0.302242  Wealth:    167090.66  Turnover: 0.4928  Gross: 1.3947  Gate: 0.7895
Episode    670  AvgReward:   0.053839  Noise: 0.0393
Episode 671  Reward:   0.126989  Wealth:    130531.56  Turnover: 0.5047  Gross: 1.3976  Gate: 0.7951
Episode 672  Reward:   0.106018  Wealth:    124910.45  Turnover: 0.5326  Gross: 1.3910  Gate: 0.7821
Episode 673  Reward:  -0.050850  Wealth:    106726.99  Turnover: 0.6436  Gross: 1.3997  Gate: 0.7995
Episode 674  Reward:   0.253577  Wealth:    156860.34  Turnover: 0.6153  Gross: 1.3956  Gate: 0.7913
Episode 675  Reward:   0.130826  Wealth:    131350.71  Turnover: 0.6017  Gross: 1.3906  Gate: 0.7813
Episode 676  Reward:  -0.200877  Wealth:     91100.31  Turnover: 0.5215  Gross: 1.3865  Gate: 0.7729
Episode 677  Reward:   0.320674  Wealth:    178425.05  Turnover: 0.6383  Gross: 1.4033  Gate: 0.8066
Episode 678  Reward:  -0.211720  Wealth:     90895.14  Turnover: 0.4884  Gross: 1.3947  Gate: 0.7893
Episode 679  Reward:  -0.099529  Wealth:    100308.04  Turnover: 0.4988  Gross: 1.3878  Gate: 0.7756
Episode 680  Reward:   0.098376  Wealth:    125571.15  Turnover: 0.5325  Gross: 1.3901  Gate: 0.7802
Episode    680  AvgReward:   0.047348  Noise: 0.0385
Episode 681  Reward:   0.290006  Wealth:    166144.00  Turnover: 0.5144  Gross: 1.3962  Gate: 0.7923
Episode 682  Reward:   0.060477  Wealth:    119564.71  Turnover: 0.5000  Gross: 1.3912  Gate: 0.7824
Episode 683  Reward:   0.245132  Wealth:    157492.19  Turnover: 0.4613  Gross: 1.3865  Gate: 0.7729
Episode 684  Reward:   0.084617  Wealth:    123426.86  Turnover: 0.5392  Gross: 1.3955  Gate: 0.7910
Episode 685  Reward:   0.075600  Wealth:    123760.40  Turnover: 0.5041  Gross: 1.3956  Gate: 0.7912
Episode 686  Reward:  -0.042923  Wealth:    106649.35  Turnover: 0.4807  Gross: 1.3828  Gate: 0.7656
Episode 687  Reward:   0.206747  Wealth:    147858.79  Turnover: 0.4129  Gross: 1.3882  Gate: 0.7764
Episode 688  Reward:   0.080780  Wealth:    124715.04  Turnover: 0.4439  Gross: 1.3999  Gate: 0.7997
Episode 689  Reward:   0.021129  Wealth:    113754.23  Turnover: 0.5738  Gross: 1.3928  Gate: 0.7856
Episode 690  Reward:   0.123528  Wealth:    130013.10  Turnover: 0.3945  Gross: 1.3960  Gate: 0.7919
Episode    690  AvgReward:   0.114509  Noise: 0.0378
Episode 691  Reward:  -0.000517  Wealth:    110591.38  Turnover: 0.4816  Gross: 1.3902  Gate: 0.7804
Episode 692  Reward:   0.146119  Wealth:    131563.24  Turnover: 0.6996  Gross: 1.3929  Gate: 0.7857
Episode 693  Reward:  -0.129612  Wealth:     98336.40  Turnover: 0.5423  Gross: 1.3952  Gate: 0.7904
Episode 694  Reward:   0.275344  Wealth:    162498.59  Turnover: 0.4515  Gross: 1.3952  Gate: 0.7905
Episode 695  Reward:   0.179024  Wealth:    142557.35  Turnover: 0.4118  Gross: 1.3913  Gate: 0.7826
Episode 696  Reward:   0.103793  Wealth:    125969.85  Turnover: 0.4409  Gross: 1.4020  Gate: 0.8040
Episode 697  Reward:  -0.256670  Wealth:     88461.65  Turnover: 0.2634  Gross: 1.3874  Gate: 0.7749
Episode 698  Reward:  -0.146842  Wealth:     97530.43  Turnover: 0.3339  Gross: 1.3980  Gate: 0.7960
Episode 699  Reward:  -0.113118  Wealth:     99713.54  Turnover: 0.5646  Gross: 1.3821  Gate: 0.7642
Episode 700  Reward:   0.115074  Wealth:    126413.53  Turnover: 0.5086  Gross: 1.3876  Gate: 0.7751
Episode    700  AvgReward:   0.017260  Noise: 0.0370
Episode 701  Reward:   0.176488  Wealth:    139889.93  Turnover: 0.5542  Gross: 1.3829  Gate: 0.7657
Episode 702  Reward:   0.074780  Wealth:    124043.26  Turnover: 0.4717  Gross: 1.3937  Gate: 0.7873
Episode 703  Reward:   0.162961  Wealth:    137776.58  Turnover: 0.6876  Gross: 1.3913  Gate: 0.7826
Episode 704  Reward:   0.027852  Wealth:    116555.67  Turnover: 0.6239  Gross: 1.3857  Gate: 0.7715
Episode 705  Reward:  -0.076045  Wealth:    102477.03  Turnover: 0.5732  Gross: 1.3889  Gate: 0.7778
Episode 706  Reward:   0.029200  Wealth:    116535.21  Turnover: 0.5932  Gross: 1.3966  Gate: 0.7931
Episode 707  Reward:   0.350306  Wealth:    190627.54  Turnover: 0.3034  Gross: 1.4026  Gate: 0.8053
Episode 708  Reward:   0.139101  Wealth:    132727.99  Turnover: 0.7331  Gross: 1.3921  Gate: 0.7842
Episode 709  Reward:   0.178355  Wealth:    142051.02  Turnover: 0.5941  Gross: 1.3987  Gate: 0.7973
Episode 710  Reward:  -0.123323  Wealth:     99666.14  Turnover: 0.4099  Gross: 1.3905  Gate: 0.7810
Episode    710  AvgReward:   0.093967  Noise: 0.0363
Episode 711  Reward:  -0.373996  Wealth:     79616.66  Turnover: 0.5338  Gross: 1.3956  Gate: 0.7912
Episode 712  Reward:  -0.048754  Wealth:    107218.84  Turnover: 0.8218  Gross: 1.4020  Gate: 0.8039
Episode 713  Reward:  -0.629179  Wealth:     66060.06  Turnover: 0.4744  Gross: 1.4063  Gate: 0.8126
Episode 714  Reward:  -0.090174  Wealth:    101350.68  Turnover: 0.5556  Gross: 1.3841  Gate: 0.7681
Episode 715  Reward:  -0.116476  Wealth:    100226.59  Turnover: 0.5034  Gross: 1.3942  Gate: 0.7883
Episode 716  Reward:   0.162154  Wealth:    133898.51  Turnover: 0.4901  Gross: 1.3989  Gate: 0.7979
Episode 717  Reward:   0.176871  Wealth:    139647.71  Turnover: 0.6008  Gross: 1.3784  Gate: 0.7567
Episode 718  Reward:   0.033379  Wealth:    118301.42  Turnover: 0.4098  Gross: 1.3991  Gate: 0.7983
Episode 719  Reward:  -0.036880  Wealth:    107453.78  Turnover: 0.5447  Gross: 1.3858  Gate: 0.7715
Episode 720  Reward:   0.133781  Wealth:    133962.48  Turnover: 0.2734  Gross: 1.3882  Gate: 0.7764
Episode    720  AvgReward:  -0.078927  Noise: 0.0356
Episode 721  Reward:   0.077496  Wealth:    122220.75  Turnover: 0.7949  Gross: 1.3772  Gate: 0.7543
Episode 722  Reward:   0.169590  Wealth:    137806.47  Turnover: 0.5726  Gross: 1.3963  Gate: 0.7927
Episode 723  Reward:   0.167077  Wealth:    137811.08  Turnover: 0.6291  Gross: 1.3985  Gate: 0.7970
Episode 724  Reward:  -0.364514  Wealth:     79698.77  Turnover: 0.5174  Gross: 1.3919  Gate: 0.7838
Episode 725  Reward:   0.032824  Wealth:    116482.38  Turnover: 0.6571  Gross: 1.3938  Gate: 0.7876
Episode 726  Reward:  -0.007903  Wealth:    109985.74  Turnover: 0.7182  Gross: 1.3914  Gate: 0.7829
Episode 727  Reward:  -0.042780  Wealth:    108675.03  Turnover: 0.6625  Gross: 1.3969  Gate: 0.7938
Episode 728  Reward:   0.233001  Wealth:    151327.18  Turnover: 0.5738  Gross: 1.3878  Gate: 0.7757
Episode 729  Reward:  -0.087595  Wealth:    102408.19  Turnover: 0.5981  Gross: 1.3953  Gate: 0.7907
Episode 730  Reward:   0.035857  Wealth:    117159.32  Turnover: 0.5681  Gross: 1.3981  Gate: 0.7962
Episode    730  AvgReward:   0.021305  Noise: 0.0349
Episode 731  Reward:   0.030554  Wealth:    115537.06  Turnover: 0.8065  Gross: 1.3992  Gate: 0.7984
Episode 732  Reward:   0.058560  Wealth:    117818.84  Turnover: 0.6832  Gross: 1.3861  Gate: 0.7723
Episode 733  Reward:   0.133853  Wealth:    135216.57  Turnover: 0.5314  Gross: 1.4016  Gate: 0.8032
Episode 734  Reward:   0.060053  Wealth:    121111.31  Turnover: 0.5875  Gross: 1.3952  Gate: 0.7904
Episode 735  Reward:   0.186132  Wealth:    138690.38  Turnover: 0.5107  Gross: 1.3934  Gate: 0.7867
Episode 736  Reward:   0.027458  Wealth:    118083.76  Turnover: 0.4890  Gross: 1.3983  Gate: 0.7965
Episode 737  Reward:  -0.278754  Wealth:     86223.46  Turnover: 0.6242  Gross: 1.3954  Gate: 0.7907
Episode 738  Reward:   0.172125  Wealth:    140100.02  Turnover: 0.4013  Gross: 1.3980  Gate: 0.7959
Episode 739  Reward:  -0.001609  Wealth:    111633.08  Turnover: 0.6014  Gross: 1.3833  Gate: 0.7666
Episode 740  Reward:   0.091511  Wealth:    126784.37  Turnover: 0.6432  Gross: 1.3964  Gate: 0.7927
Episode    740  AvgReward:   0.047988  Noise: 0.0342
Episode 741  Reward:  -0.045278  Wealth:    107793.65  Turnover: 0.5136  Gross: 1.4016  Gate: 0.8032
Episode 742  Reward:   0.086648  Wealth:    126289.18  Turnover: 0.6390  Gross: 1.3989  Gate: 0.7977
Episode 743  Reward:   0.108502  Wealth:    129910.09  Turnover: 0.4684  Gross: 1.3989  Gate: 0.7979
Episode 744  Reward:  -0.001058  Wealth:    111283.32  Turnover: 0.5499  Gross: 1.4011  Gate: 0.8023
Episode 745  Reward:   0.150484  Wealth:    134092.25  Turnover: 0.6229  Gross: 1.3851  Gate: 0.7701
Episode 746  Reward:   0.001513  Wealth:    112288.06  Turnover: 0.6521  Gross: 1.3855  Gate: 0.7709
Episode 747  Reward:   0.147036  Wealth:    133302.98  Turnover: 0.4905  Gross: 1.3856  Gate: 0.7711
Episode 748  Reward:  -0.006886  Wealth:    109299.97  Turnover: 0.9843  Gross: 1.4027  Gate: 0.8054
Episode 749  Reward:   0.145197  Wealth:    129683.27  Turnover: 0.4607  Gross: 1.3959  Gate: 0.7918
Episode 750  Reward:   0.018221  Wealth:    115001.26  Turnover: 0.5723  Gross: 1.3840  Gate: 0.7681
Episode    750  AvgReward:   0.060438  Noise: 0.0335
Episode 751  Reward:   0.114438  Wealth:    129300.00  Turnover: 0.4244  Gross: 1.4003  Gate: 0.8007
Episode 752  Reward:  -0.537518  Wealth:     69575.71  Turnover: 0.5987  Gross: 1.3757  Gate: 0.7513
Episode 753  Reward:  -0.237645  Wealth:     87606.13  Turnover: 0.4559  Gross: 1.3881  Gate: 0.7761
Episode 754  Reward:   0.202587  Wealth:    147342.61  Turnover: 0.5511  Gross: 1.3989  Gate: 0.7979
Episode 755  Reward:   0.081181  Wealth:    124654.89  Turnover: 0.4205  Gross: 1.3923  Gate: 0.7846
Episode 756  Reward:  -0.161503  Wealth:     97230.24  Turnover: 0.4232  Gross: 1.3963  Gate: 0.7927
Episode 757  Reward:  -0.002004  Wealth:    110717.76  Turnover: 0.4004  Gross: 1.4002  Gate: 0.8004
Episode 758  Reward:   0.066234  Wealth:    123247.79  Turnover: 0.5437  Gross: 1.3976  Gate: 0.7953
Episode 759  Reward:   0.117784  Wealth:    126728.01  Turnover: 0.6895  Gross: 1.3850  Gate: 0.7701
Episode 760  Reward:  -0.239885  Wealth:     87400.43  Turnover: 0.8401  Gross: 1.3892  Gate: 0.7785
Episode    760  AvgReward:  -0.059633  Noise: 0.0328
Episode 761  Reward:  -0.094502  Wealth:    101495.47  Turnover: 0.5695  Gross: 1.3976  Gate: 0.7951
Episode 762  Reward:   0.181174  Wealth:    140842.35  Turnover: 0.4582  Gross: 1.3916  Gate: 0.7833
Episode 763  Reward:   0.160971  Wealth:    136173.90  Turnover: 0.8864  Gross: 1.4077  Gate: 0.8154
Episode 764  Reward:  -0.077113  Wealth:    104200.98  Turnover: 0.6857  Gross: 1.4039  Gate: 0.8077
Episode 765  Reward:  -0.011461  Wealth:    111421.82  Turnover: 0.6459  Gross: 1.3840  Gate: 0.7679
Episode 766  Reward:   0.105687  Wealth:    127770.94  Turnover: 0.4676  Gross: 1.3938  Gate: 0.7876
Episode 767  Reward:   0.109533  Wealth:    128317.00  Turnover: 0.6129  Gross: 1.3881  Gate: 0.7762
Episode 768  Reward:  -0.139982  Wealth:     96324.82  Turnover: 0.5369  Gross: 1.3808  Gate: 0.7616
Episode 769  Reward:   0.270815  Wealth:    162364.44  Turnover: 0.5101  Gross: 1.3947  Gate: 0.7893
Episode 770  Reward:   0.111277  Wealth:    129860.82  Turnover: 0.4832  Gross: 1.3985  Gate: 0.7970
Episode    770  AvgReward:   0.061640  Noise: 0.0322
Episode 771  Reward:   0.067339  Wealth:    122855.16  Turnover: 0.5324  Gross: 1.4031  Gate: 0.8062
Episode 772  Reward:  -0.043917  Wealth:    106728.72  Turnover: 0.5769  Gross: 1.3839  Gate: 0.7678
Episode 773  Reward:   0.309034  Wealth:    168760.85  Turnover: 0.6945  Gross: 1.3888  Gate: 0.7776
Episode 774  Reward:  -0.083324  Wealth:    102404.16  Turnover: 0.6414  Gross: 1.3974  Gate: 0.7947
Episode 775  Reward:  -0.097314  Wealth:    101890.54  Turnover: 0.5113  Gross: 1.3982  Gate: 0.7963
Episode 776  Reward:  -0.122669  Wealth:     98459.87  Turnover: 0.6208  Gross: 1.3891  Gate: 0.7782
Episode 777  Reward:  -0.103005  Wealth:    100757.60  Turnover: 0.7155  Gross: 1.3990  Gate: 0.7980
Episode 778  Reward:  -0.161781  Wealth:     95544.17  Turnover: 0.5566  Gross: 1.4004  Gate: 0.8009
Episode 779  Reward:   0.152129  Wealth:    136568.44  Turnover: 0.6835  Gross: 1.4023  Gate: 0.8045
Episode 780  Reward:  -0.026649  Wealth:    108643.02  Turnover: 0.5335  Gross: 1.4034  Gate: 0.8069
Episode    780  AvgReward:  -0.011016  Noise: 0.0315
Episode 781  Reward:  -0.021775  Wealth:    109415.72  Turnover: 0.4744  Gross: 1.3978  Gate: 0.7957
Episode 782  Reward:   0.241817  Wealth:    151284.56  Turnover: 0.5828  Gross: 1.3799  Gate: 0.7597
Episode 783  Reward:   0.109944  Wealth:    128430.91  Turnover: 0.5789  Gross: 1.3964  Gate: 0.7928
Episode 784  Reward:   0.010694  Wealth:    112641.17  Turnover: 0.6422  Gross: 1.3936  Gate: 0.7872
Episode 785  Reward:   0.053252  Wealth:    119662.13  Turnover: 0.5450  Gross: 1.3883  Gate: 0.7765
Episode 786  Reward:   0.156726  Wealth:    136562.04  Turnover: 0.5224  Gross: 1.4009  Gate: 0.8018
Episode 787  Reward:  -0.008694  Wealth:    111175.20  Turnover: 0.4929  Gross: 1.3986  Gate: 0.7972
Episode 788  Reward:   0.046908  Wealth:    117306.10  Turnover: 0.6783  Gross: 1.3746  Gate: 0.7492
Episode 789  Reward:  -0.100815  Wealth:    100954.69  Turnover: 0.6255  Gross: 1.3929  Gate: 0.7858
Episode 790  Reward:  -0.293319  Wealth:     85045.62  Turnover: 0.4243  Gross: 1.4002  Gate: 0.8004
Episode    790  AvgReward:   0.019474  Noise: 0.0309
Episode 791  Reward:   0.142356  Wealth:    129562.42  Turnover: 0.4980  Gross: 1.3941  Gate: 0.7881
Episode 792  Reward:  -0.424553  Wealth:     76080.56  Turnover: 0.4579  Gross: 1.3913  Gate: 0.7825
Episode 793  Reward:  -0.142832  Wealth:     95291.18  Turnover: 0.4503  Gross: 1.3816  Gate: 0.7631
Episode 794  Reward:   0.154570  Wealth:    136387.80  Turnover: 0.5481  Gross: 1.3984  Gate: 0.7968
Episode 795  Reward:  -0.410575  Wealth:     76234.62  Turnover: 0.4503  Gross: 1.3961  Gate: 0.7922
Episode 796  Reward:   0.298362  Wealth:    169954.48  Turnover: 0.5446  Gross: 1.3915  Gate: 0.7829
Episode 797  Reward:  -0.054085  Wealth:    105156.73  Turnover: 0.6696  Gross: 1.3858  Gate: 0.7715
Episode 798  Reward:   0.161938  Wealth:    135470.92  Turnover: 0.5048  Gross: 1.3994  Gate: 0.7988
Episode 799  Reward:   0.102797  Wealth:    124837.63  Turnover: 0.4645  Gross: 1.4015  Gate: 0.8030
Episode 800  Reward:   0.325662  Wealth:    178876.54  Turnover: 0.5113  Gross: 1.3951  Gate: 0.7903
Episode    800  AvgReward:   0.015364  Noise: 0.0303
Episode 801  Reward:   0.233354  Wealth:    152169.88  Turnover: 0.2370  Gross: 1.3974  Gate: 0.7948
Episode 802  Reward:   0.138423  Wealth:    131307.48  Turnover: 0.6854  Gross: 1.4009  Gate: 0.8019
Episode 803  Reward:  -0.082025  Wealth:    103252.29  Turnover: 0.5406  Gross: 1.3924  Gate: 0.7848
Episode 804  Reward:  -0.003841  Wealth:    112820.85  Turnover: 0.5989  Gross: 1.3930  Gate: 0.7859
Episode 805  Reward:  -0.047050  Wealth:    108890.86  Turnover: 0.3526  Gross: 1.3941  Gate: 0.7883
Episode 806  Reward:   0.032545  Wealth:    117181.93  Turnover: 0.4508  Gross: 1.3888  Gate: 0.7775
Episode 807  Reward:   0.265358  Wealth:    163037.35  Turnover: 0.4119  Gross: 1.4064  Gate: 0.8128
Episode 808  Reward:   0.115982  Wealth:    130318.36  Turnover: 0.3647  Gross: 1.3942  Gate: 0.7885
Episode 809  Reward:  -0.044247  Wealth:    106173.60  Turnover: 0.7259  Gross: 1.3975  Gate: 0.7950
Episode 810  Reward:  -0.696106  Wealth:     62580.96  Turnover: 0.5091  Gross: 1.3692  Gate: 0.7383
Episode    810  AvgReward:  -0.008761  Noise: 0.0297
Episode 811  Reward:  -0.053571  Wealth:    105937.43  Turnover: 0.5659  Gross: 1.3905  Gate: 0.7809
Episode 812  Reward:   0.219128  Wealth:    147720.68  Turnover: 0.5816  Gross: 1.3962  Gate: 0.7925
Episode 813  Reward:  -0.195404  Wealth:     92345.82  Turnover: 0.5597  Gross: 1.3975  Gate: 0.7951
Episode 814  Reward:  -0.041148  Wealth:    106467.60  Turnover: 0.7778  Gross: 1.3898  Gate: 0.7795
Episode 815  Reward:   0.211781  Wealth:    145924.42  Turnover: 0.6580  Gross: 1.3812  Gate: 0.7624
Episode 816  Reward:   0.094124  Wealth:    125613.54  Turnover: 0.4513  Gross: 1.4049  Gate: 0.8098
Episode 817  Reward:  -0.120342  Wealth:     99888.25  Turnover: 0.4738  Gross: 1.3975  Gate: 0.7950
Episode 818  Reward:   0.004875  Wealth:    111221.99  Turnover: 0.4705  Gross: 1.3975  Gate: 0.7949
Episode 819  Reward:   0.278019  Wealth:    163218.95  Turnover: 0.6901  Gross: 1.3931  Gate: 0.7862
Episode 820  Reward:   0.256961  Wealth:    158827.31  Turnover: 0.4925  Gross: 1.3936  Gate: 0.7873
Episode    820  AvgReward:   0.065442  Noise: 0.0291
Episode 821  Reward:   0.077261  Wealth:    121394.12  Turnover: 0.7953  Gross: 1.3933  Gate: 0.7866
Episode 822  Reward:   0.162588  Wealth:    136710.64  Turnover: 0.6329  Gross: 1.4006  Gate: 0.8011
Episode 823  Reward:   0.035134  Wealth:    115269.06  Turnover: 0.5504  Gross: 1.3992  Gate: 0.7984
Episode 824  Reward:  -0.434069  Wealth:     76304.59  Turnover: 0.4095  Gross: 1.3990  Gate: 0.7981
Episode 825  Reward:   0.314939  Wealth:    172444.32  Turnover: 0.5661  Gross: 1.3914  Gate: 0.7828
Episode 826  Reward:  -0.064913  Wealth:    102440.35  Turnover: 0.5563  Gross: 1.3944  Gate: 0.7888
Episode 827  Reward:   0.203940  Wealth:    145099.20  Turnover: 0.5320  Gross: 1.3946  Gate: 0.7892
Episode 828  Reward:   0.041994  Wealth:    114764.33  Turnover: 0.4407  Gross: 1.3873  Gate: 0.7747
Episode 829  Reward:   0.160133  Wealth:    136295.26  Turnover: 0.5200  Gross: 1.4014  Gate: 0.8028
Episode 830  Reward:   0.145385  Wealth:    133308.10  Turnover: 0.5987  Gross: 1.3964  Gate: 0.7928
Episode    830  AvgReward:   0.064239  Noise: 0.0285
Episode 831  Reward:   0.071374  Wealth:    121429.71  Turnover: 0.5622  Gross: 1.3917  Gate: 0.7835
Episode 832  Reward:   0.200470  Wealth:    139665.00  Turnover: 0.5421  Gross: 1.3900  Gate: 0.7800
Episode 833  Reward:   0.232316  Wealth:    155486.77  Turnover: 0.4466  Gross: 1.4017  Gate: 0.8034
Episode 834  Reward:   0.340462  Wealth:    181718.64  Turnover: 0.4900  Gross: 1.3987  Gate: 0.7974
Episode 835  Reward:   0.135217  Wealth:    131415.76  Turnover: 0.5719  Gross: 1.3885  Gate: 0.7769
Episode 836  Reward:  -0.038114  Wealth:    105953.94  Turnover: 0.4066  Gross: 1.3945  Gate: 0.7890
Episode 837  Reward:  -0.192222  Wealth:     93139.16  Turnover: 0.4213  Gross: 1.3921  Gate: 0.7842
Episode 838  Reward:   0.188493  Wealth:    141146.62  Turnover: 0.6133  Gross: 1.3947  Gate: 0.7894
Episode 839  Reward:  -0.035910  Wealth:    109102.48  Turnover: 0.4411  Gross: 1.3967  Gate: 0.7934
Episode 840  Reward:   0.150173  Wealth:    132727.06  Turnover: 0.5610  Gross: 1.3930  Gate: 0.7861
Episode    840  AvgReward:   0.105226  Noise: 0.0280
Episode 841  Reward:   0.128447  Wealth:    130277.44  Turnover: 0.5643  Gross: 1.3981  Gate: 0.7962
Episode 842  Reward:   0.051792  Wealth:    117924.86  Turnover: 0.6214  Gross: 1.3947  Gate: 0.7895
Episode 843  Reward:  -0.115952  Wealth:     97597.40  Turnover: 0.6256  Gross: 1.3965  Gate: 0.7931
Episode 844  Reward:  -0.007256  Wealth:    112777.43  Turnover: 0.3931  Gross: 1.3901  Gate: 0.7801
Episode 845  Reward:  -0.058341  Wealth:    102928.65  Turnover: 0.5379  Gross: 1.3932  Gate: 0.7865
Episode 846  Reward:   0.112530  Wealth:    127841.02  Turnover: 0.5640  Gross: 1.4013  Gate: 0.8026
Episode 847  Reward:   0.005956  Wealth:    113499.19  Turnover: 0.4687  Gross: 1.3957  Gate: 0.7913
Episode 848  Reward:   0.026889  Wealth:    115019.44  Turnover: 0.6079  Gross: 1.3981  Gate: 0.7963
Episode 849  Reward:   0.059848  Wealth:    121991.17  Turnover: 0.3837  Gross: 1.3857  Gate: 0.7714
Episode 850  Reward:  -0.004113  Wealth:    110919.48  Turnover: 0.4910  Gross: 1.4028  Gate: 0.8057
Episode    850  AvgReward:   0.019980  Noise: 0.0274
Episode 851  Reward:  -0.098275  Wealth:    102242.06  Turnover: 0.3541  Gross: 1.3833  Gate: 0.7666
Episode 852  Reward:   0.211889  Wealth:    143325.29  Turnover: 0.4525  Gross: 1.3919  Gate: 0.7839
Episode 853  Reward:   0.104027  Wealth:    126318.25  Turnover: 0.4140  Gross: 1.3914  Gate: 0.7828
Episode 854  Reward:   0.072395  Wealth:    120351.93  Turnover: 0.6064  Gross: 1.3948  Gate: 0.7897
Episode 855  Reward:   0.003747  Wealth:    111018.14  Turnover: 0.4847  Gross: 1.3965  Gate: 0.7929
Episode 856  Reward:  -0.376842  Wealth:     79484.10  Turnover: 0.3942  Gross: 1.3939  Gate: 0.7877
Episode 857  Reward:   0.201192  Wealth:    144295.13  Turnover: 0.4744  Gross: 1.3970  Gate: 0.7941
Episode 858  Reward:   0.283873  Wealth:    168116.79  Turnover: 0.5441  Gross: 1.3971  Gate: 0.7941
Episode 859  Reward:   0.281637  Wealth:    160090.26  Turnover: 0.6521  Gross: 1.3942  Gate: 0.7885
Episode 860  Reward:   0.264943  Wealth:    157026.60  Turnover: 0.7061  Gross: 1.3946  Gate: 0.7891
Episode    860  AvgReward:   0.094859  Noise: 0.0269
Episode 861  Reward:   0.204780  Wealth:    147107.47  Turnover: 0.6608  Gross: 1.3948  Gate: 0.7896
Episode 862  Reward:   0.002267  Wealth:    113772.68  Turnover: 0.4069  Gross: 1.3927  Gate: 0.7853
Episode 863  Reward:  -0.294630  Wealth:     83859.97  Turnover: 0.7559  Gross: 1.3976  Gate: 0.7952
Episode 864  Reward:  -0.044314  Wealth:    105773.69  Turnover: 0.4693  Gross: 1.3982  Gate: 0.7964
Episode 865  Reward:  -0.348848  Wealth:     79303.04  Turnover: 0.3453  Gross: 1.3959  Gate: 0.7917
Episode 866  Reward:  -0.008601  Wealth:    109633.82  Turnover: 0.4039  Gross: 1.3991  Gate: 0.7982
Episode 867  Reward:   0.027305  Wealth:    114280.19  Turnover: 0.5315  Gross: 1.3915  Gate: 0.7829
Episode 868  Reward:   0.088961  Wealth:    125516.81  Turnover: 0.5021  Gross: 1.4048  Gate: 0.8096
Episode 869  Reward:   0.245218  Wealth:    152090.10  Turnover: 0.4143  Gross: 1.3957  Gate: 0.7914
Episode 870  Reward:   0.077945  Wealth:    123269.26  Turnover: 0.4945  Gross: 1.3885  Gate: 0.7769
Episode    870  AvgReward:  -0.004992  Noise: 0.0263
Episode 871  Reward:  -0.216890  Wealth:     90507.11  Turnover: 0.5051  Gross: 1.4076  Gate: 0.8152
Episode 872  Reward:   0.338808  Wealth:    183187.30  Turnover: 0.5104  Gross: 1.3940  Gate: 0.7881
Episode 873  Reward:  -0.172122  Wealth:     94667.67  Turnover: 0.4749  Gross: 1.4069  Gate: 0.8138
Episode 874  Reward:  -0.164747  Wealth:     95126.75  Turnover: 0.4472  Gross: 1.3947  Gate: 0.7894
Episode 875  Reward:   0.106585  Wealth:    127809.13  Turnover: 0.4888  Gross: 1.4047  Gate: 0.8093
Episode 876  Reward:  -0.455393  Wealth:     74125.46  Turnover: 0.4412  Gross: 1.3924  Gate: 0.7848
Episode 877  Reward:   0.269036  Wealth:    159944.28  Turnover: 0.4540  Gross: 1.4006  Gate: 0.8011
Episode 878  Reward:  -0.113137  Wealth:    100284.14  Turnover: 0.4628  Gross: 1.3946  Gate: 0.7892
Episode 879  Reward:   0.124789  Wealth:    129576.08  Turnover: 0.4249  Gross: 1.3975  Gate: 0.7951
Episode 880  Reward:  -0.053644  Wealth:    105016.41  Turnover: 0.6910  Gross: 1.3911  Gate: 0.7823
Episode    880  AvgReward:  -0.033672  Noise: 0.0258
Episode 881  Reward:   0.171071  Wealth:    137340.98  Turnover: 0.4507  Gross: 1.3982  Gate: 0.7964
Episode 882  Reward:  -0.245364  Wealth:     87512.79  Turnover: 0.5904  Gross: 1.4091  Gate: 0.8182
Episode 883  Reward:   0.093100  Wealth:    126391.33  Turnover: 0.4450  Gross: 1.3890  Gate: 0.7780
Episode 884  Reward:   0.114172  Wealth:    126789.01  Turnover: 0.4497  Gross: 1.3891  Gate: 0.7782
Episode 885  Reward:  -0.165117  Wealth:     95839.97  Turnover: 0.3874  Gross: 1.3993  Gate: 0.7986
Episode 886  Reward:   0.033342  Wealth:    114576.06  Turnover: 0.3204  Gross: 1.4028  Gate: 0.8056
Episode 887  Reward:   0.045465  Wealth:    117788.21  Turnover: 0.6629  Gross: 1.3966  Gate: 0.7932
Episode 888  Reward:   0.231334  Wealth:    151741.25  Turnover: 0.6363  Gross: 1.3989  Gate: 0.7978
Episode 889  Reward:   0.252298  Wealth:    153691.24  Turnover: 0.7836  Gross: 1.3939  Gate: 0.7878
Episode 890  Reward:  -0.174784  Wealth:     92800.17  Turnover: 0.3782  Gross: 1.4005  Gate: 0.8010
Episode    890  AvgReward:   0.035552  Noise: 0.0253
Episode 891  Reward:   0.131933  Wealth:    129334.08  Turnover: 0.6627  Gross: 1.3894  Gate: 0.7787
Episode 892  Reward:   0.157446  Wealth:    133910.58  Turnover: 0.6095  Gross: 1.3946  Gate: 0.7891
Episode 893  Reward:   0.071908  Wealth:    119748.93  Turnover: 0.5918  Gross: 1.3951  Gate: 0.7902
Episode 894  Reward:   0.069798  Wealth:    120908.71  Turnover: 0.6116  Gross: 1.4038  Gate: 0.8075
Episode 895  Reward:   0.298857  Wealth:    168957.74  Turnover: 0.6333  Gross: 1.4053  Gate: 0.8107
Episode 896  Reward:   0.087940  Wealth:    126888.03  Turnover: 0.3157  Gross: 1.4053  Gate: 0.8107
Episode 897  Reward:  -0.259624  Wealth:     85712.45  Turnover: 0.5635  Gross: 1.4028  Gate: 0.8055
Episode 898  Reward:   0.119093  Wealth:    131414.53  Turnover: 0.5037  Gross: 1.3966  Gate: 0.7933
Episode 899  Reward:   0.202883  Wealth:    145344.53  Turnover: 0.5943  Gross: 1.3943  Gate: 0.7887
Episode 900  Reward:   0.155086  Wealth:    136960.61  Turnover: 0.4575  Gross: 1.3886  Gate: 0.7771
Episode    900  AvgReward:   0.103532  Noise: 0.0248
Episode 901  Reward:   0.134991  Wealth:    129063.32  Turnover: 0.6974  Gross: 1.3967  Gate: 0.7935
Episode 902  Reward:   0.118317  Wealth:    127420.47  Turnover: 0.5018  Gross: 1.4018  Gate: 0.8037
Episode 903  Reward:  -0.091660  Wealth:    102015.15  Turnover: 0.5582  Gross: 1.3996  Gate: 0.7993
Episode 904  Reward:   0.095458  Wealth:    124169.33  Turnover: 0.4701  Gross: 1.3922  Gate: 0.7844
Episode 905  Reward:   0.137043  Wealth:    130083.67  Turnover: 0.4707  Gross: 1.3895  Gate: 0.7790
Episode 906  Reward:  -0.086539  Wealth:    101335.79  Turnover: 0.5867  Gross: 1.3891  Gate: 0.7781
Episode 907  Reward:   0.290739  Wealth:    166013.44  Turnover: 0.4423  Gross: 1.3938  Gate: 0.7876
Episode 908  Reward:  -0.110604  Wealth:     98468.03  Turnover: 0.5130  Gross: 1.3901  Gate: 0.7802
Episode 909  Reward:   0.152006  Wealth:    133379.63  Turnover: 0.5500  Gross: 1.3904  Gate: 0.7807
Episode 910  Reward:   0.065555  Wealth:    116685.51  Turnover: 0.2793  Gross: 1.4027  Gate: 0.8055
Episode    910  AvgReward:   0.070531  Noise: 0.0243
Episode 911  Reward:   0.063878  Wealth:    118096.98  Turnover: 0.5915  Gross: 1.4032  Gate: 0.8064
Episode 912  Reward:   0.085151  Wealth:    125249.10  Turnover: 0.5239  Gross: 1.3913  Gate: 0.7827
Episode 913  Reward:  -0.008935  Wealth:    113005.14  Turnover: 0.3271  Gross: 1.4043  Gate: 0.8085
Episode 914  Reward:  -0.264127  Wealth:     87388.93  Turnover: 0.3746  Gross: 1.4012  Gate: 0.8024
Episode 915  Reward:   0.201849  Wealth:    140838.83  Turnover: 0.5593  Gross: 1.3882  Gate: 0.7763
Episode 916  Reward:   0.216112  Wealth:    149203.14  Turnover: 0.5716  Gross: 1.3945  Gate: 0.7891
Episode 917  Reward:  -0.089125  Wealth:    103235.16  Turnover: 0.5422  Gross: 1.3945  Gate: 0.7889
Episode 918  Reward:   0.047964  Wealth:    116803.14  Turnover: 0.5911  Gross: 1.3954  Gate: 0.7909
Episode 919  Reward:   0.268112  Wealth:    157484.65  Turnover: 0.4468  Gross: 1.3948  Gate: 0.7896
Episode 920  Reward:   0.024726  Wealth:    116624.83  Turnover: 0.4057  Gross: 1.3991  Gate: 0.7982
Episode    920  AvgReward:   0.054560  Noise: 0.0238
Episode 921  Reward:   0.038395  Wealth:    117923.56  Turnover: 0.7758  Gross: 1.3967  Gate: 0.7934
Episode 922  Reward:  -0.124111  Wealth:     97035.63  Turnover: 0.5831  Gross: 1.3961  Gate: 0.7923
Episode 923  Reward:   0.107140  Wealth:    123133.60  Turnover: 0.5784  Gross: 1.3839  Gate: 0.7677
Episode 924  Reward:  -0.451120  Wealth:     74028.83  Turnover: 0.6725  Gross: 1.3965  Gate: 0.7931
Episode 925  Reward:  -0.127906  Wealth:     98174.71  Turnover: 0.4958  Gross: 1.3834  Gate: 0.7668
Episode 926  Reward:  -0.237859  Wealth:     88665.96  Turnover: 0.5731  Gross: 1.3974  Gate: 0.7947
Episode 927  Reward:   0.007570  Wealth:    110881.84  Turnover: 0.6810  Gross: 1.3909  Gate: 0.7817
Episode 928  Reward:  -0.087684  Wealth:    101338.67  Turnover: 0.6406  Gross: 1.3986  Gate: 0.7972
Episode 929  Reward:   0.243971  Wealth:    152124.96  Turnover: 0.7329  Gross: 1.3980  Gate: 0.7961
Episode 930  Reward:  -0.221322  Wealth:     89246.85  Turnover: 0.5604  Gross: 1.3941  Gate: 0.7881
Episode    930  AvgReward:  -0.085292  Noise: 0.0234
Episode 931  Reward:   0.130030  Wealth:    133374.48  Turnover: 0.4162  Gross: 1.4010  Gate: 0.8020
Episode 932  Reward:  -0.022758  Wealth:    109812.06  Turnover: 0.6360  Gross: 1.3890  Gate: 0.7780
Episode 933  Reward:  -0.068223  Wealth:    103002.98  Turnover: 0.5523  Gross: 1.3858  Gate: 0.7715
Episode 934  Reward:   0.159371  Wealth:    133841.12  Turnover: 0.8371  Gross: 1.3951  Gate: 0.7902
Episode 935  Reward:  -0.134907  Wealth:     97325.54  Turnover: 0.6001  Gross: 1.3880  Gate: 0.7760
Episode 936  Reward:   0.099266  Wealth:    122832.99  Turnover: 0.5019  Gross: 1.3952  Gate: 0.7903
Episode 937  Reward:  -0.008440  Wealth:    108262.76  Turnover: 0.5688  Gross: 1.3884  Gate: 0.7768
Episode 938  Reward:  -0.397712  Wealth:     78203.98  Turnover: 0.4825  Gross: 1.3890  Gate: 0.7779
Episode 939  Reward:   0.256723  Wealth:    153707.26  Turnover: 0.5012  Gross: 1.3914  Gate: 0.7828
Episode 940  Reward:   0.175409  Wealth:    140413.67  Turnover: 0.4818  Gross: 1.3939  Gate: 0.7878
Episode    940  AvgReward:   0.018876  Noise: 0.0229
Episode 941  Reward:   0.152034  Wealth:    132917.96  Turnover: 0.6047  Gross: 1.3957  Gate: 0.7915
Episode 942  Reward:   0.053384  Wealth:    120199.62  Turnover: 0.4433  Gross: 1.3943  Gate: 0.7887
Episode 943  Reward:  -0.083270  Wealth:    101354.59  Turnover: 0.6485  Gross: 1.3925  Gate: 0.7850
Episode 944  Reward:   0.051564  Wealth:    118966.70  Turnover: 0.5236  Gross: 1.3891  Gate: 0.7782
Episode 945  Reward:   0.154838  Wealth:    136450.78  Turnover: 0.6206  Gross: 1.4015  Gate: 0.8029
Episode 946  Reward:  -0.379594  Wealth:     79611.33  Turnover: 0.3607  Gross: 1.3987  Gate: 0.7973
Episode 947  Reward:   0.166849  Wealth:    139093.60  Turnover: 0.5076  Gross: 1.4027  Gate: 0.8053
Episode 948  Reward:  -0.010431  Wealth:    110758.46  Turnover: 0.5459  Gross: 1.4024  Gate: 0.8049
Episode 949  Reward:   0.266677  Wealth:    157113.86  Turnover: 0.7176  Gross: 1.4051  Gate: 0.8102
Episode 950  Reward:  -0.130275  Wealth:     98240.19  Turnover: 0.4225  Gross: 1.3757  Gate: 0.7513
Episode    950  AvgReward:   0.024178  Noise: 0.0224
Episode 951  Reward:   0.039103  Wealth:    116462.11  Turnover: 0.6173  Gross: 1.3997  Gate: 0.7994
Episode 952  Reward:  -0.059805  Wealth:    104267.30  Turnover: 0.7562  Gross: 1.4004  Gate: 0.8008
Episode 953  Reward:   0.191925  Wealth:    144663.15  Turnover: 0.4307  Gross: 1.3958  Gate: 0.7915
Episode 954  Reward:   0.206440  Wealth:    145872.17  Turnover: 0.5129  Gross: 1.3922  Gate: 0.7844
Episode 955  Reward:  -0.018732  Wealth:    108165.52  Turnover: 0.6603  Gross: 1.4013  Gate: 0.8027
Episode 956  Reward:  -0.000529  Wealth:    109918.90  Turnover: 0.5912  Gross: 1.3948  Gate: 0.7895
Episode 957  Reward:   0.177715  Wealth:    139723.25  Turnover: 0.6600  Gross: 1.4025  Gate: 0.8049
Episode 958  Reward:   0.064415  Wealth:    122336.18  Turnover: 0.5088  Gross: 1.3939  Gate: 0.7879
Episode 959  Reward:   0.038880  Wealth:    119003.70  Turnover: 0.4391  Gross: 1.4008  Gate: 0.8017
Episode 960  Reward:  -0.065173  Wealth:    105457.27  Turnover: 0.4867  Gross: 1.4017  Gate: 0.8033
Episode    960  AvgReward:   0.057424  Noise: 0.0220
Episode 961  Reward:   0.099419  Wealth:    125797.28  Turnover: 0.4825  Gross: 1.3922  Gate: 0.7844
Episode 962  Reward:  -0.029771  Wealth:    109695.36  Turnover: 0.3677  Gross: 1.3950  Gate: 0.7901
Episode 963  Reward:  -0.219582  Wealth:     88888.46  Turnover: 0.6364  Gross: 1.3900  Gate: 0.7800
Episode 964  Reward:   0.108553  Wealth:    126365.80  Turnover: 0.6772  Gross: 1.3948  Gate: 0.7895
Episode 965  Reward:   0.141797  Wealth:    132882.67  Turnover: 0.4781  Gross: 1.3956  Gate: 0.7912
Episode 966  Reward:   0.088958  Wealth:    120454.67  Turnover: 0.4240  Gross: 1.4011  Gate: 0.8022
Episode 967  Reward:  -0.093181  Wealth:    100399.01  Turnover: 0.5847  Gross: 1.3872  Gate: 0.7744
Episode 968  Reward:  -0.073563  Wealth:    103970.69  Turnover: 0.5787  Gross: 1.3964  Gate: 0.7929
Episode 969  Reward:   0.126296  Wealth:    130040.39  Turnover: 0.4346  Gross: 1.3875  Gate: 0.7751
Episode 970  Reward:  -0.008278  Wealth:    110423.38  Turnover: 0.5276  Gross: 1.3973  Gate: 0.7947
Episode    970  AvgReward:   0.014065  Noise: 0.0216
Episode 971  Reward:   0.279905  Wealth:    161656.05  Turnover: 0.5890  Gross: 1.4028  Gate: 0.8055
Episode 972  Reward:   0.015406  Wealth:    111967.99  Turnover: 0.5643  Gross: 1.3918  Gate: 0.7836
Episode 973  Reward:   0.242614  Wealth:    154991.83  Turnover: 0.6099  Gross: 1.3909  Gate: 0.7819
Episode 974  Reward:  -0.180483  Wealth:     93826.42  Turnover: 0.4295  Gross: 1.3845  Gate: 0.7690
Episode 975  Reward:   0.013992  Wealth:    116786.56  Turnover: 0.4119  Gross: 1.3884  Gate: 0.7767
Episode 976  Reward:   0.175003  Wealth:    139069.05  Turnover: 0.4134  Gross: 1.3824  Gate: 0.7647
Episode 977  Reward:   0.312105  Wealth:    170200.43  Turnover: 0.6059  Gross: 1.3914  Gate: 0.7828
Episode 978  Reward:   0.316256  Wealth:    172344.57  Turnover: 0.6008  Gross: 1.3959  Gate: 0.7919
Episode 979  Reward:  -0.219808  Wealth:     89107.66  Turnover: 0.6983  Gross: 1.3918  Gate: 0.7837
Episode 980  Reward:   0.010703  Wealth:    111775.86  Turnover: 0.7497  Gross: 1.3943  Gate: 0.7887
Episode    980  AvgReward:   0.096569  Noise: 0.0211
Episode 981  Reward:  -0.062113  Wealth:    104651.88  Turnover: 0.4069  Gross: 1.3988  Gate: 0.7977
Episode 982  Reward:   0.131727  Wealth:    132470.69  Turnover: 0.4826  Gross: 1.3888  Gate: 0.7776
Episode 983  Reward:   0.112723  Wealth:    127324.43  Turnover: 0.6614  Gross: 1.4099  Gate: 0.8199
Episode 984  Reward:   0.117982  Wealth:    129177.36  Turnover: 0.7117  Gross: 1.3983  Gate: 0.7966
Episode 985  Reward:   0.237393  Wealth:    155592.95  Turnover: 0.4785  Gross: 1.4009  Gate: 0.8018
Episode 986  Reward:  -0.494493  Wealth:     72137.81  Turnover: 0.5168  Gross: 1.3854  Gate: 0.7709
Episode 987  Reward:   0.089139  Wealth:    124027.49  Turnover: 0.4645  Gross: 1.3860  Gate: 0.7720
Episode 988  Reward:  -0.331749  Wealth:     82615.90  Turnover: 0.5555  Gross: 1.3928  Gate: 0.7857
Episode 989  Reward:  -0.052389  Wealth:    106911.63  Turnover: 0.4770  Gross: 1.3945  Gate: 0.7890
Episode 990  Reward:  -0.007474  Wealth:    113406.12  Turnover: 0.3299  Gross: 1.3886  Gate: 0.7771
Episode    990  AvgReward:  -0.025925  Noise: 0.0207
Episode 991  Reward:   0.105502  Wealth:    124153.51  Turnover: 0.4006  Gross: 1.3987  Gate: 0.7974
Episode 992  Reward:  -0.035125  Wealth:    107715.78  Turnover: 0.5346  Gross: 1.4019  Gate: 0.8037
Episode 993  Reward:  -0.022917  Wealth:    110349.62  Turnover: 0.5125  Gross: 1.3911  Gate: 0.7821
Episode 994  Reward:   0.189559  Wealth:    146531.65  Turnover: 0.3269  Gross: 1.3920  Gate: 0.7841
Episode 995  Reward:   0.115636  Wealth:    127139.07  Turnover: 0.5160  Gross: 1.3850  Gate: 0.7700
Episode 996  Reward:   0.183641  Wealth:    139028.76  Turnover: 0.7615  Gross: 1.3929  Gate: 0.7859
Episode 997  Reward:   0.126690  Wealth:    130547.50  Turnover: 0.6636  Gross: 1.3993  Gate: 0.7986
Episode 998  Reward:   0.084619  Wealth:    124702.00  Turnover: 0.5362  Gross: 1.3972  Gate: 0.7944
Episode 999  Reward:   0.106765  Wealth:    127072.30  Turnover: 0.7538  Gross: 1.3924  Gate: 0.7848
Episode 1000  Reward:   0.022355  Wealth:    115146.97  Turnover: 0.5181  Gross: 1.3972  Gate: 0.7943
Episode   1000  AvgReward:   0.087673  Noise: 0.0203
TRAIN STAGE COMPLETE
PRE-TRAINING BEHAVIOUR GATE PASSED on deterministic held-in episodes: mean_leverage_gate=0.7846, fraction_at_gross_cap=0.0000, gate_gross_mae=0.0000, mean_turnover=0.5654, max_position_limit_violation=0.0000, mean_normalized_direction_entropy=0.8865, q05_normalized_direction_entropy=0.7945, mean_effective_positions=4.3985
Pre-training complete. Agent saved.

============================================================
Stage 2: Fine-tuning on Real Data

============================================================
============================================================
STAGE 2: FINE-TUNING
============================================================
============================================================
TRAIN STAGE STARTED: stage=finetune_selection, episodes=37, batch_size=64, updates_per_step=1
============================================================
Episode 1  Reward:  -0.012829  Wealth:    109653.56  Turnover: 0.6600  Gross: 1.3924  Gate: 0.7848
Episode 2  Reward:  -0.012579  Wealth:    109583.91  Turnover: 0.6230  Gross: 1.3905  Gate: 0.7810
Episode 3  Reward:   0.111148  Wealth:    126545.63  Turnover: 0.7284  Gross: 1.3909  Gate: 0.7818
Episode 4  Reward:   0.043421  Wealth:    116600.77  Turnover: 0.8546  Gross: 1.3944  Gate: 0.7887
Episode 5  Reward:  -0.094437  Wealth:    102212.86  Turnover: 0.4290  Gross: 1.3981  Gate: 0.7961
Episode 6  Reward:   0.000813  Wealth:    112257.97  Turnover: 0.8205  Gross: 1.4015  Gate: 0.8030
Episode 7  Reward:  -0.180870  Wealth:     93742.48  Turnover: 0.5904  Gross: 1.3967  Gate: 0.7935
Episode 8  Reward:  -0.140089  Wealth:     98192.85  Turnover: 0.4116  Gross: 1.3929  Gate: 0.7858
Episode 9  Reward:   0.106452  Wealth:    127579.39  Turnover: 0.6228  Gross: 1.3988  Gate: 0.7975
Episode 10  Reward:   0.179793  Wealth:    141553.42  Turnover: 0.5176  Gross: 1.3926  Gate: 0.7853
Episode 11  Reward:  -0.172522  Wealth:     94535.72  Turnover: 0.5077  Gross: 1.4039  Gate: 0.8078
Episode 12  Reward:   0.175854  Wealth:    139143.36  Turnover: 0.7041  Gross: 1.4059  Gate: 0.8119
Episode 13  Reward:   0.217718  Wealth:    149070.17  Turnover: 0.5348  Gross: 1.3974  Gate: 0.7948
Episode 14  Reward:  -0.037924  Wealth:    109063.25  Turnover: 0.2839  Gross: 1.3978  Gate: 0.7957
Episode 15  Reward:   0.241251  Wealth:    154639.23  Turnover: 0.5194  Gross: 1.3972  Gate: 0.7945
Episode 16  Reward:  -0.100552  Wealth:    101783.52  Turnover: 0.3191  Gross: 1.4049  Gate: 0.8098
Episode 17  Reward:   0.144055  Wealth:    134064.17  Turnover: 0.5993  Gross: 1.4057  Gate: 0.8113
Episode 18  Reward:   0.282183  Wealth:    163154.11  Turnover: 0.7038  Gross: 1.4059  Gate: 0.8119
Episode 19  Reward:   0.018632  Wealth:    115870.51  Turnover: 0.3873  Gross: 1.3994  Gate: 0.7989
Episode 20  Reward:   0.231795  Wealth:    153523.15  Turnover: 0.4139  Gross: 1.3992  Gate: 0.7985
Episode 21  Reward:   0.224522  Wealth:    149887.58  Turnover: 0.5544  Gross: 1.4048  Gate: 0.8096
Episode 22  Reward:   0.213560  Wealth:    147665.27  Turnover: 0.5159  Gross: 1.4032  Gate: 0.8063
Episode 23  Reward:   0.066710  Wealth:    120553.61  Turnover: 0.6897  Gross: 1.4054  Gate: 0.8108
Episode 24  Reward:  -0.065096  Wealth:    105872.91  Turnover: 0.3975  Gross: 1.3997  Gate: 0.7994
Episode 25  Reward:   0.197571  Wealth:    144432.86  Turnover: 0.5118  Gross: 1.4029  Gate: 0.8058
Episode 26  Reward:  -0.158269  Wealth:     95377.87  Turnover: 0.4449  Gross: 1.4039  Gate: 0.8079
Episode 27  Reward:   0.232767  Wealth:    151534.52  Turnover: 0.6535  Gross: 1.4022  Gate: 0.8044
Episode 28  Reward:  -0.067878  Wealth:    104732.20  Turnover: 0.3990  Gross: 1.4064  Gate: 0.8128
Episode 29  Reward:   0.099658  Wealth:    127153.96  Turnover: 0.4390  Gross: 1.3996  Gate: 0.7993
Episode 30  Reward:   0.266283  Wealth:    159323.91  Turnover: 0.4163  Gross: 1.3973  Gate: 0.7946
Episode 31  Reward:   0.038887  Wealth:    116438.93  Turnover: 0.5761  Gross: 1.4048  Gate: 0.8096
Episode 32  Reward:   0.176266  Wealth:    141106.28  Turnover: 0.4456  Gross: 1.4008  Gate: 0.8016
Episode 33  Reward:   0.209842  Wealth:    146245.17  Turnover: 0.6048  Gross: 1.4046  Gate: 0.8092
Episode 34  Reward:  -0.021383  Wealth:    108861.00  Turnover: 0.3794  Gross: 1.3976  Gate: 0.7952
Episode 35  Reward:   0.168933  Wealth:    138349.91  Turnover: 0.6867  Gross: 1.4035  Gate: 0.8070
Episode 36  Reward:  -0.078282  Wealth:    102960.01  Turnover: 0.2876  Gross: 1.3930  Gate: 0.7861
Episode 37  Reward:  -0.212679  Wealth:     90650.99  Turnover: 0.4991  Gross: 1.4027  Gate: 0.8054
Episode     37  AvgReward:   0.061966  Noise: 0.0417
TRAIN STAGE COMPLETE
VALIDATION pass=1 reward=0.023899 wealth=116948.18 turnover=0.4068 gross=1.4097
============================================================
TRAIN STAGE STARTED: stage=finetune_refit_all, episodes=61, batch_size=64, updates_per_step=1
============================================================
Episode 1  Reward:   0.277535  Wealth:    159565.27  Turnover: 0.8502  Gross: 1.3945  Gate: 0.7890
Episode 2  Reward:  -0.004571  Wealth:    110668.85  Turnover: 0.7555  Gross: 1.3904  Gate: 0.7808
Episode 3  Reward:  -0.145062  Wealth:     95673.05  Turnover: 0.6534  Gross: 1.3969  Gate: 0.7939
Episode 4  Reward:  -0.092112  Wealth:    100877.74  Turnover: 0.6755  Gross: 1.3909  Gate: 0.7819
Episode 5  Reward:  -0.225360  Wealth:     88852.87  Turnover: 0.6282  Gross: 1.3996  Gate: 0.7992
Episode 6  Reward:   0.110616  Wealth:    127853.28  Turnover: 0.6349  Gross: 1.3972  Gate: 0.7943
Episode 7  Reward:  -0.094487  Wealth:    102075.04  Turnover: 0.4277  Gross: 1.3936  Gate: 0.7873
Episode 8  Reward:   0.147068  Wealth:    134705.94  Turnover: 0.6544  Gross: 1.3990  Gate: 0.7981
Episode 9  Reward:  -0.185652  Wealth:     93016.52  Turnover: 0.6672  Gross: 1.3999  Gate: 0.7998
Episode 10  Reward:   0.180215  Wealth:    140011.90  Turnover: 0.6159  Gross: 1.3975  Gate: 0.7949
Episode 11  Reward:  -0.105099  Wealth:    100446.43  Turnover: 0.3720  Gross: 1.3766  Gate: 0.7531
Episode 12  Reward:   0.078032  Wealth:    120853.06  Turnover: 0.5554  Gross: 1.4022  Gate: 0.8043
Episode 13  Reward:   0.054421  Wealth:    115164.83  Turnover: 0.5978  Gross: 1.3841  Gate: 0.7682
Episode 14  Reward:  -0.153391  Wealth:     94437.91  Turnover: 0.4754  Gross: 1.3833  Gate: 0.7665
Episode 15  Reward:  -0.090406  Wealth:    101024.35  Turnover: 0.2716  Gross: 1.3725  Gate: 0.7451
Episode 16  Reward:  -0.158243  Wealth:     93956.39  Turnover: 0.4842  Gross: 1.3890  Gate: 0.7780
Episode 17  Reward:   0.039245  Wealth:    112487.75  Turnover: 0.4769  Gross: 1.3911  Gate: 0.7822
Episode 18  Reward:   0.045932  Wealth:    112991.68  Turnover: 0.5381  Gross: 1.4017  Gate: 0.8034
Episode 19  Reward:   0.094892  Wealth:    122707.78  Turnover: 0.8200  Gross: 1.4078  Gate: 0.8156
Episode 20  Reward:   0.123829  Wealth:    128326.95  Turnover: 0.6593  Gross: 1.4036  Gate: 0.8072
Episode 21  Reward:   0.095123  Wealth:    119816.64  Turnover: 0.5382  Gross: 1.4033  Gate: 0.8066
Episode 22  Reward:   0.117635  Wealth:    126839.69  Turnover: 0.5832  Gross: 1.3979  Gate: 0.7958
Episode 23  Reward:   0.141311  Wealth:    129634.25  Turnover: 0.6062  Gross: 1.4029  Gate: 0.8058
Episode 24  Reward:   0.098080  Wealth:    123964.60  Turnover: 0.5157  Gross: 1.3979  Gate: 0.7957
Episode 25  Reward:   0.244858  Wealth:    150279.24  Turnover: 0.6370  Gross: 1.4044  Gate: 0.8088
Episode 26  Reward:   0.147554  Wealth:    131098.26  Turnover: 0.6834  Gross: 1.4053  Gate: 0.8106
Episode 27  Reward:   0.020874  Wealth:    111171.65  Turnover: 0.4159  Gross: 1.4008  Gate: 0.8016
Episode 28  Reward:   0.021599  Wealth:    111625.49  Turnover: 0.6849  Gross: 1.4005  Gate: 0.8011
Episode 29  Reward:   0.174724  Wealth:    130464.20  Turnover: 0.4022  Gross: 1.4025  Gate: 0.8050
Episode 30  Reward:   0.112904  Wealth:    125372.23  Turnover: 0.5597  Gross: 1.4060  Gate: 0.8120
Episode 31  Reward:   0.170154  Wealth:    130485.99  Turnover: 0.3997  Gross: 1.3976  Gate: 0.7951
Episode 32  Reward:   0.132862  Wealth:    124721.68  Turnover: 0.4040  Gross: 1.4036  Gate: 0.8073
Episode 33  Reward:  -0.011709  Wealth:    108617.61  Turnover: 0.6556  Gross: 1.4019  Gate: 0.8038
Episode 34  Reward:  -0.034027  Wealth:    105618.60  Turnover: 0.5318  Gross: 1.4014  Gate: 0.8027
Episode 35  Reward:   0.161223  Wealth:    133080.13  Turnover: 0.4666  Gross: 1.4078  Gate: 0.8156
Episode 36  Reward:   0.103472  Wealth:    123423.79  Turnover: 0.5166  Gross: 1.4067  Gate: 0.8133
Episode 37  Reward:   0.151147  Wealth:    126696.64  Turnover: 0.4154  Gross: 1.4019  Gate: 0.8038
Episode 38  Reward:   0.159764  Wealth:    128257.85  Turnover: 0.4312  Gross: 1.4011  Gate: 0.8022
Episode 39  Reward:   0.194617  Wealth:    133973.41  Turnover: 0.4306  Gross: 1.4039  Gate: 0.8078
Episode 40  Reward:  -0.045829  Wealth:    103498.99  Turnover: 0.5103  Gross: 1.4103  Gate: 0.8205
Episode 41  Reward:   0.122439  Wealth:    128091.02  Turnover: 0.4838  Gross: 1.4037  Gate: 0.8074
Episode 42  Reward:   0.141495  Wealth:    125769.11  Turnover: 0.4116  Gross: 1.3995  Gate: 0.7990
Episode 43  Reward:   0.128480  Wealth:    125324.27  Turnover: 0.4284  Gross: 1.4062  Gate: 0.8124
Episode 44  Reward:   0.099731  Wealth:    120040.19  Turnover: 0.2942  Gross: 1.3967  Gate: 0.7934
Episode 45  Reward:  -0.037994  Wealth:    105548.56  Turnover: 0.6188  Gross: 1.3992  Gate: 0.7984
Episode 46  Reward:   0.113881  Wealth:    125302.91  Turnover: 0.3969  Gross: 1.4053  Gate: 0.8105
Episode 47  Reward:   0.075969  Wealth:    120225.77  Turnover: 0.4821  Gross: 1.4004  Gate: 0.8009
Episode 48  Reward:   0.238993  Wealth:    142521.81  Turnover: 0.3894  Gross: 1.4006  Gate: 0.8012
Episode 49  Reward:   0.175350  Wealth:    137097.23  Turnover: 0.4580  Gross: 1.4011  Gate: 0.8023
Episode 50  Reward:   0.175583  Wealth:    135610.11  Turnover: 0.4281  Gross: 1.4053  Gate: 0.8105
Episode 51  Reward:   0.286593  Wealth:    153475.81  Turnover: 0.4201  Gross: 1.4020  Gate: 0.8041
Episode 52  Reward:   0.082341  Wealth:    120794.26  Turnover: 0.4973  Gross: 1.3977  Gate: 0.7955
Episode 53  Reward:   0.089950  Wealth:    119505.89  Turnover: 0.3634  Gross: 1.4059  Gate: 0.8118
Episode 54  Reward:   0.109169  Wealth:    121524.18  Turnover: 0.3245  Gross: 1.3998  Gate: 0.7997
Episode 55  Reward:   0.153167  Wealth:    133705.99  Turnover: 0.6084  Gross: 1.3909  Gate: 0.7818
Episode 56  Reward:   0.086534  Wealth:    119177.68  Turnover: 0.3414  Gross: 1.4040  Gate: 0.8081
Episode 57  Reward:   0.278627  Wealth:    151237.86  Turnover: 0.4231  Gross: 1.4052  Gate: 0.8103
Episode 58  Reward:   0.099876  Wealth:    120608.48  Turnover: 0.3652  Gross: 1.4015  Gate: 0.8029
Episode 59  Reward:   0.134715  Wealth:    130173.34  Turnover: 0.5278  Gross: 1.4021  Gate: 0.8042
Episode 60  Reward:   0.191556  Wealth:    138956.32  Turnover: 0.4545  Gross: 1.3996  Gate: 0.7993
Episode 61  Reward:   0.040495  Wealth:    113725.84  Turnover: 0.4328  Gross: 1.4048  Gate: 0.8095
Episode     61  AvgReward:   0.079356  Noise: 0.0370
TRAIN STAGE COMPLETE
Fine-tuning complete. Selected 1 pass(es); final agent saved.

============================================================
TRAINING COMPLETE

============================================================

[2/3] Training seed 20260845
Loading configuration from: config/config.yaml 
Run mode: full | seed: 20260845 | CVaR simulations/step: 512 | vine simulation cores: 23
Loading synthetic return bundle: data/synthetic_returns.RData
Loaded 1000 pre-training and 61 fine-tuning episodes.
Fine-tuning selection: 37 fit episodes, 23 purged overlapping episodes, 1 validation episode; final refit uses all 61.
Run seed: 20260845
Run mode: full
PyTorch: 2.10.0+cu128
Device: cuda
Action schema: interior_rank_partition_leverage_gate_v5; projection temperature=1.5
GPU: NVIDIA A100-SXM4-80GB
PYTHON: Framework ready.
Action schema: interior_rank_partition_leverage_gate_v5 | gross=1.500 | net=1.000 | max_long=0.600 | max_short=0.200
Risk/training: entropy_coef=0.005 | leverage_target=0.800 | leverage_penalty=0.25 | direction_bound=5.000 | AMP=False

============================================================
Stage 1: Pre-training on Synthetic Data

============================================================
============================================================
STAGE 1: PRE-TRAINING
============================================================
============================================================
TRAIN STAGE STARTED: stage=pretrain, episodes=1000, batch_size=128, updates_per_step=1
============================================================
Episode 1  Reward:  -0.026205  Wealth:    108072.90  Turnover: 0.9050  Gross: 1.2614  Gate: 0.5229
Episode 2  Reward:  -0.171490  Wealth:     93690.29  Turnover: 0.9963  Gross: 1.2343  Gate: 0.4685
Episode 3  Reward:   0.248701  Wealth:    153321.35  Turnover: 1.0337  Gross: 1.2611  Gate: 0.5222
Episode 4  Reward:  -0.619617  Wealth:     66152.63  Turnover: 1.1590  Gross: 1.2466  Gate: 0.4932
Episode 5  Reward:  -0.042814  Wealth:    106714.21  Turnover: 1.0190  Gross: 1.2515  Gate: 0.5030
Episode 6  Reward:  -0.047121  Wealth:    106117.11  Turnover: 1.0582  Gross: 1.2587  Gate: 0.5174
Episode 7  Reward:   0.207466  Wealth:    144080.43  Turnover: 1.1245  Gross: 1.2833  Gate: 0.5665
Episode 8  Reward:   0.067035  Wealth:    120502.18  Turnover: 1.0785  Gross: 1.2403  Gate: 0.4806
Episode 9  Reward:   0.105330  Wealth:    125756.36  Turnover: 1.0903  Gross: 1.2867  Gate: 0.5735
Episode 10  Reward:   0.080647  Wealth:    121767.99  Turnover: 1.0448  Gross: 1.2609  Gate: 0.5219
Episode     10  AvgReward:  -0.019807  Noise: 0.1473
Episode 11  Reward:   0.260259  Wealth:    157956.32  Turnover: 1.0679  Gross: 1.2415  Gate: 0.4829
Episode 12  Reward:  -0.026722  Wealth:    109024.47  Turnover: 0.9146  Gross: 1.2614  Gate: 0.5227
Episode 13  Reward:  -0.442947  Wealth:     74946.74  Turnover: 1.0596  Gross: 1.2808  Gate: 0.5617
Episode 14  Reward:  -0.149056  Wealth:     95173.29  Turnover: 0.9793  Gross: 1.2408  Gate: 0.4816
Episode 15  Reward:  -0.003056  Wealth:    110121.81  Turnover: 0.9774  Gross: 1.2385  Gate: 0.4770
Episode 16  Reward:   0.068282  Wealth:    120871.49  Turnover: 1.0789  Gross: 1.2028  Gate: 0.4057
Episode 17  Reward:  -0.073832  Wealth:    103165.26  Turnover: 1.1304  Gross: 1.2688  Gate: 0.5377
Episode 18  Reward:  -0.245682  Wealth:     86904.07  Turnover: 1.1412  Gross: 1.2756  Gate: 0.5512
Episode 19  Reward:   0.198287  Wealth:    143398.12  Turnover: 1.0347  Gross: 1.2609  Gate: 0.5219
Episode 20  Reward:   0.026324  Wealth:    114746.92  Turnover: 1.1329  Gross: 1.2469  Gate: 0.4938
Episode     20  AvgReward:  -0.038814  Noise: 0.1444
Episode 21  Reward:  -0.169435  Wealth:     93198.33  Turnover: 1.0184  Gross: 1.2655  Gate: 0.5311
Episode 22  Reward:  -0.238068  Wealth:     87613.46  Turnover: 1.0818  Gross: 1.2393  Gate: 0.4786
Episode 23  Reward:   0.037534  Wealth:    116078.90  Turnover: 1.2754  Gross: 1.2804  Gate: 0.5608
Episode 24  Reward:   0.050773  Wealth:    117433.48  Turnover: 1.0670  Gross: 1.2578  Gate: 0.5157
Episode 25  Reward:   0.176836  Wealth:    137731.37  Turnover: 0.9774  Gross: 1.2133  Gate: 0.4266
Episode 26  Reward:  -0.114109  Wealth:     99237.67  Turnover: 1.1059  Gross: 1.2248  Gate: 0.4496
Episode 27  Reward:   0.055738  Wealth:    118604.78  Turnover: 1.1063  Gross: 1.2515  Gate: 0.5029
Episode 28  Reward:  -0.055225  Wealth:    104118.17  Turnover: 1.0703  Gross: 1.2428  Gate: 0.4856
Episode 29  Reward:  -0.121686  Wealth:     97549.29  Turnover: 1.0521  Gross: 1.2264  Gate: 0.4527
Episode 30  Reward:  -0.013075  Wealth:    108881.81  Turnover: 0.9613  Gross: 1.2189  Gate: 0.4379
Episode     30  AvgReward:  -0.039072  Noise: 0.1415
Episode 31  Reward:   0.232961  Wealth:    148361.61  Turnover: 1.0561  Gross: 1.2069  Gate: 0.4138
Episode 32  Reward:  -0.015309  Wealth:    109112.12  Turnover: 1.0545  Gross: 1.2563  Gate: 0.5127
Episode 33  Reward:   0.066233  Wealth:    121236.56  Turnover: 1.0338  Gross: 1.2482  Gate: 0.4963
Episode 34  Reward:   0.015385  Wealth:    113171.44  Turnover: 1.0148  Gross: 1.1960  Gate: 0.3920
Episode 35  Reward:  -0.062078  Wealth:    104016.15  Turnover: 1.1472  Gross: 1.2114  Gate: 0.4229
Episode 36  Reward:  -0.193085  Wealth:     91651.98  Turnover: 1.1220  Gross: 1.2975  Gate: 0.5949
Episode 37  Reward:  -0.087375  Wealth:    101097.32  Turnover: 0.9608  Gross: 1.2358  Gate: 0.4716
Episode 38  Reward:  -0.035849  Wealth:    107599.14  Turnover: 1.0465  Gross: 1.2668  Gate: 0.5336
Episode 39  Reward:  -0.267190  Wealth:     86041.15  Turnover: 1.1515  Gross: 1.2680  Gate: 0.5360
Episode 40  Reward:  -0.028737  Wealth:    107288.06  Turnover: 1.0101  Gross: 1.2287  Gate: 0.4573
Episode     40  AvgReward:  -0.037504  Noise: 0.1387
Episode 41  Reward:   0.157314  Wealth:    135834.17  Turnover: 1.1367  Gross: 1.2744  Gate: 0.5488
Episode 42  Reward:   0.147630  Wealth:    132827.96  Turnover: 0.6796  Gross: 1.2129  Gate: 0.4259
Episode 43  Reward:  -0.070830  Wealth:    103570.79  Turnover: 0.3114  Gross: 1.0960  Gate: 0.1920
Episode 44  Reward:   0.066849  Wealth:    120436.06  Turnover: 0.3114  Gross: 1.0988  Gate: 0.1975
Episode 45  Reward:  -0.224231  Wealth:     89568.98  Turnover: 0.3166  Gross: 1.0969  Gate: 0.1937
Episode 46  Reward:   0.031907  Wealth:    115474.70  Turnover: 0.2755  Gross: 1.1000  Gate: 0.1999
Episode 47  Reward:  -0.132651  Wealth:     97210.72  Turnover: 0.3615  Gross: 1.1035  Gate: 0.2070
Episode 48  Reward:   0.041387  Wealth:    117171.73  Turnover: 0.3257  Gross: 1.1057  Gate: 0.2115
Episode 49  Reward:   0.263150  Wealth:    158358.14  Turnover: 0.2813  Gross: 1.1061  Gate: 0.2122
Episode 50  Reward:   0.174032  Wealth:    138322.72  Turnover: 0.2957  Gross: 1.1051  Gate: 0.2101
Episode     50  AvgReward:   0.045456  Noise: 0.1360
Episode 51  Reward:   0.122745  Wealth:    129020.50  Turnover: 0.2948  Gross: 1.1094  Gate: 0.2188
Episode 52  Reward:  -0.007236  Wealth:    110306.40  Turnover: 0.3130  Gross: 1.1142  Gate: 0.2285
Episode 53  Reward:  -0.137644  Wealth:     97387.95  Turnover: 0.2790  Gross: 1.1146  Gate: 0.2293
Episode 54  Reward:  -0.318561  Wealth:     81997.88  Turnover: 0.2337  Gross: 1.1153  Gate: 0.2306
Episode 55  Reward:   0.113579  Wealth:    126994.21  Turnover: 0.2490  Gross: 1.1237  Gate: 0.2474
Episode 56  Reward:  -0.002255  Wealth:    110602.91  Turnover: 0.1520  Gross: 1.1259  Gate: 0.2518
Episode 57  Reward:  -0.316057  Wealth:     81890.49  Turnover: 0.2369  Gross: 1.1246  Gate: 0.2492
Episode 58  Reward:   0.290651  Wealth:    163155.55  Turnover: 0.2649  Gross: 1.1237  Gate: 0.2474
Episode 59  Reward:   0.058626  Wealth:    118173.90  Turnover: 0.2499  Gross: 1.1363  Gate: 0.2725
Episode 60  Reward:   0.106945  Wealth:    125581.51  Turnover: 0.2597  Gross: 1.1300  Gate: 0.2600
Episode     60  AvgReward:  -0.008921  Noise: 0.1333
Episode 61  Reward:   0.023748  Wealth:    113397.06  Turnover: 0.2726  Gross: 1.1364  Gate: 0.2729
Episode 62  Reward:  -0.041213  Wealth:    105446.59  Turnover: 0.2353  Gross: 1.1415  Gate: 0.2831
Episode 63  Reward:   0.014499  Wealth:    112413.19  Turnover: 0.3013  Gross: 1.1463  Gate: 0.2926
Episode 64  Reward:   0.061885  Wealth:    118803.68  Turnover: 0.2814  Gross: 1.1510  Gate: 0.3020
Episode 65  Reward:   0.017145  Wealth:    112241.21  Turnover: 0.2641  Gross: 1.1531  Gate: 0.3062
Episode 66  Reward:   0.128990  Wealth:    128823.71  Turnover: 0.2201  Gross: 1.1570  Gate: 0.3140
Episode 67  Reward:  -0.252411  Wealth:     86223.00  Turnover: 0.2559  Gross: 1.1628  Gate: 0.3257
Episode 68  Reward:   0.112049  Wealth:    125462.48  Turnover: 0.2222  Gross: 1.1634  Gate: 0.3268
Episode 69  Reward:   0.132080  Wealth:    128158.64  Turnover: 0.2426  Gross: 1.1720  Gate: 0.3440
Episode 70  Reward:  -0.249195  Wealth:     86270.22  Turnover: 0.1931  Gross: 1.1773  Gate: 0.3546
Episode     70  AvgReward:  -0.005242  Noise: 0.1306
Episode 71  Reward:   0.158331  Wealth:    133557.36  Turnover: 0.2808  Gross: 1.1841  Gate: 0.3681
Episode 72  Reward:  -0.038808  Wealth:    105575.86  Turnover: 0.2251  Gross: 1.1894  Gate: 0.3787
Episode 73  Reward:   0.138946  Wealth:    129910.02  Turnover: 0.2506  Gross: 1.1941  Gate: 0.3883
Episode 74  Reward:   0.037285  Wealth:    115254.98  Turnover: 0.3183  Gross: 1.2051  Gate: 0.4103
Episode 75  Reward:   0.002655  Wealth:    110100.67  Turnover: 0.3070  Gross: 1.2038  Gate: 0.4075
Episode 76  Reward:   0.020248  Wealth:    111958.77  Turnover: 0.2929  Gross: 1.2202  Gate: 0.4404
Episode 77  Reward:  -0.040536  Wealth:    105126.12  Turnover: 0.2697  Gross: 1.2269  Gate: 0.4538
Episode 78  Reward:   0.007530  Wealth:    110263.52  Turnover: 0.2337  Gross: 1.2301  Gate: 0.4602
Episode 79  Reward:  -0.116013  Wealth:     97548.69  Turnover: 0.3655  Gross: 1.2409  Gate: 0.4819
Episode 80  Reward:  -0.033700  Wealth:    105328.39  Turnover: 0.3069  Gross: 1.2467  Gate: 0.4934
Episode     80  AvgReward:   0.013594  Noise: 0.1281
Episode 81  Reward:   0.153398  Wealth:    130616.85  Turnover: 0.2124  Gross: 1.2581  Gate: 0.5163
Episode 82  Reward:   0.069575  Wealth:    118073.50  Turnover: 0.3031  Gross: 1.2675  Gate: 0.5350
Episode 83  Reward:   0.148614  Wealth:    130714.26  Turnover: 0.2488  Gross: 1.2754  Gate: 0.5508
Episode 84  Reward:   0.162433  Wealth:    132658.67  Turnover: 0.1475  Gross: 1.2834  Gate: 0.5668
Episode 85  Reward:   0.187120  Wealth:    137518.37  Turnover: 0.1952  Gross: 1.2951  Gate: 0.5903
Episode 86  Reward:   0.120138  Wealth:    126039.61  Turnover: 0.1976  Gross: 1.3110  Gate: 0.6219
Episode 87  Reward:  -0.007439  Wealth:    108453.16  Turnover: 0.2660  Gross: 1.3096  Gate: 0.6193
Episode 88  Reward:  -0.012598  Wealth:    107897.34  Turnover: 0.2266  Gross: 1.3280  Gate: 0.6559
Episode 89  Reward:   0.092589  Wealth:    122055.32  Turnover: 0.1805  Gross: 1.3368  Gate: 0.6736
Episode 90  Reward:   0.256987  Wealth:    151966.32  Turnover: 0.1109  Gross: 1.3430  Gate: 0.6861
Episode     90  AvgReward:   0.117082  Noise: 0.1255
Episode 91  Reward:   0.099151  Wealth:    123228.67  Turnover: 0.1633  Gross: 1.3502  Gate: 0.7003
Episode 92  Reward:   0.173500  Wealth:    134827.21  Turnover: 0.1291  Gross: 1.3610  Gate: 0.7221
Episode 93  Reward:  -0.010742  Wealth:    108258.08  Turnover: 0.1136  Gross: 1.3706  Gate: 0.7413
Episode 94  Reward:  -0.188280  Wealth:     90844.88  Turnover: 0.1283  Gross: 1.3796  Gate: 0.7592
Episode 95  Reward:   0.182750  Wealth:    136586.01  Turnover: 0.1380  Gross: 1.3800  Gate: 0.7601
Episode 96  Reward:   0.091104  Wealth:    121525.38  Turnover: 0.1416  Gross: 1.3938  Gate: 0.7876
Episode 97  Reward:   0.125718  Wealth:    126802.42  Turnover: 0.1395  Gross: 1.3856  Gate: 0.7712
Episode 98  Reward:   0.100309  Wealth:    123091.03  Turnover: 0.1451  Gross: 1.4014  Gate: 0.8028
Episode 99  Reward:  -0.112761  Wealth:     97196.75  Turnover: 0.1641  Gross: 1.4008  Gate: 0.8016
Episode 100  Reward:   0.201146  Wealth:    140174.33  Turnover: 0.1419  Gross: 1.3933  Gate: 0.7866
Episode    100  AvgReward:   0.066190  Noise: 0.1230
Episode 101  Reward:  -0.515742  Wealth:     69961.41  Turnover: 0.1405  Gross: 1.3833  Gate: 0.7666
Episode 102  Reward:   0.066537  Wealth:    118005.49  Turnover: 0.1515  Gross: 1.3914  Gate: 0.7828
Episode 103  Reward:   0.126439  Wealth:    126743.27  Turnover: 0.1629  Gross: 1.3926  Gate: 0.7852
Episode 104  Reward:   0.125020  Wealth:    126692.83  Turnover: 0.1558  Gross: 1.3966  Gate: 0.7932
Episode 105  Reward:   0.119288  Wealth:    125813.49  Turnover: 0.1416  Gross: 1.3893  Gate: 0.7786
Episode 106  Reward:   0.036701  Wealth:    114372.77  Turnover: 0.1487  Gross: 1.3930  Gate: 0.7861
Episode 107  Reward:   0.189916  Wealth:    138168.58  Turnover: 0.1505  Gross: 1.4036  Gate: 0.8073
Episode 108  Reward:  -0.291740  Wealth:     83296.23  Turnover: 0.1369  Gross: 1.3931  Gate: 0.7861
Episode 109  Reward:   0.130177  Wealth:    128283.95  Turnover: 0.1976  Gross: 1.4018  Gate: 0.8035
Episode 110  Reward:   0.038681  Wealth:    115338.59  Turnover: 0.1992  Gross: 1.4086  Gate: 0.8172
Episode    110  AvgReward:   0.002528  Noise: 0.1206
Episode 111  Reward:   0.192237  Wealth:    140121.97  Turnover: 0.1994  Gross: 1.3971  Gate: 0.7941
Episode 112  Reward:   0.208308  Wealth:    144079.08  Turnover: 0.2279  Gross: 1.4064  Gate: 0.8128
Episode 113  Reward:  -0.009757  Wealth:    108812.56  Turnover: 0.2566  Gross: 1.3908  Gate: 0.7816
Episode 114  Reward:   0.171757  Wealth:    136493.36  Turnover: 0.1678  Gross: 1.4049  Gate: 0.8098
Episode 115  Reward:   0.021695  Wealth:    113739.75  Turnover: 0.2947  Gross: 1.3972  Gate: 0.7945
Episode 116  Reward:   0.045847  Wealth:    116159.17  Turnover: 0.1745  Gross: 1.3806  Gate: 0.7612
Episode 117  Reward:   0.106202  Wealth:    125325.11  Turnover: 0.3811  Gross: 1.3881  Gate: 0.7762
Episode 118  Reward:   0.150780  Wealth:    132712.16  Turnover: 0.2666  Gross: 1.3941  Gate: 0.7882
Episode 119  Reward:   0.244787  Wealth:    152585.29  Turnover: 0.4004  Gross: 1.3908  Gate: 0.7817
Episode 120  Reward:   0.257117  Wealth:    154558.64  Turnover: 0.2931  Gross: 1.4074  Gate: 0.8148
Episode    120  AvgReward:   0.138897  Noise: 0.1182
Episode 121  Reward:  -0.198647  Wealth:     91692.49  Turnover: 0.4818  Gross: 1.3717  Gate: 0.7434
Episode 122  Reward:   0.092008  Wealth:    124061.88  Turnover: 0.4544  Gross: 1.3801  Gate: 0.7602
Episode 123  Reward:   0.003161  Wealth:    111062.63  Turnover: 0.3377  Gross: 1.3928  Gate: 0.7856
Episode 124  Reward:   0.383502  Wealth:    194069.95  Turnover: 0.2485  Gross: 1.3911  Gate: 0.7822
Episode 125  Reward:  -0.084968  Wealth:    101529.07  Turnover: 0.4166  Gross: 1.3790  Gate: 0.7579
Episode 126  Reward:  -0.186478  Wealth:     92206.05  Turnover: 0.3404  Gross: 1.3775  Gate: 0.7551
Episode 127  Reward:  -0.085531  Wealth:    101502.34  Turnover: 0.4737  Gross: 1.3716  Gate: 0.7431
Episode 128  Reward:   0.315432  Wealth:    170889.61  Turnover: 0.2216  Gross: 1.3983  Gate: 0.7965
Episode 129  Reward:   0.254896  Wealth:    154355.98  Turnover: 0.2857  Gross: 1.4076  Gate: 0.8151
Episode 130  Reward:   0.004267  Wealth:    112289.72  Turnover: 0.4453  Gross: 1.3764  Gate: 0.7528
Episode    130  AvgReward:   0.049764  Noise: 0.1159
Episode 131  Reward:  -0.065343  Wealth:    104236.51  Turnover: 0.4956  Gross: 1.3528  Gate: 0.7055
Episode 132  Reward:   0.009977  Wealth:    111870.29  Turnover: 0.4187  Gross: 1.3639  Gate: 0.7277
Episode 133  Reward:  -0.112560  Wealth:     98620.18  Turnover: 0.4164  Gross: 1.3629  Gate: 0.7258
Episode 134  Reward:  -0.374285  Wealth:     78923.55  Turnover: 0.5409  Gross: 1.3580  Gate: 0.7161
Episode 135  Reward:   0.097854  Wealth:    125416.28  Turnover: 0.4216  Gross: 1.3973  Gate: 0.7947
Episode 136  Reward:  -0.070865  Wealth:    104469.33  Turnover: 0.3804  Gross: 1.3502  Gate: 0.7004
Episode 137  Reward:   0.026577  Wealth:    114324.90  Turnover: 0.3895  Gross: 1.3901  Gate: 0.7801
Episode 138  Reward:   0.246994  Wealth:    152675.08  Turnover: 0.4441  Gross: 1.3904  Gate: 0.7807
Episode 139  Reward:  -0.023359  Wealth:    107546.89  Turnover: 0.4336  Gross: 1.3922  Gate: 0.7845
Episode 140  Reward:   0.146978  Wealth:    132612.28  Turnover: 0.4775  Gross: 1.3917  Gate: 0.7834
Episode    140  AvgReward:  -0.011803  Noise: 0.1136
Episode 141  Reward:   0.048568  Wealth:    116030.75  Turnover: 0.3558  Gross: 1.3640  Gate: 0.7281
Episode 142  Reward:   0.020248  Wealth:    113091.43  Turnover: 0.4277  Gross: 1.3232  Gate: 0.6465
Episode 143  Reward:   0.134527  Wealth:    129481.22  Turnover: 0.5709  Gross: 1.3939  Gate: 0.7879
Episode 144  Reward:   0.131576  Wealth:    127469.99  Turnover: 0.3788  Gross: 1.3892  Gate: 0.7785
Episode 145  Reward:   0.092015  Wealth:    122677.21  Turnover: 0.4535  Gross: 1.3773  Gate: 0.7547
Episode 146  Reward:   0.043526  Wealth:    116192.41  Turnover: 0.4215  Gross: 1.3848  Gate: 0.7695
Episode 147  Reward:  -0.169805  Wealth:     92994.45  Turnover: 0.5354  Gross: 1.3781  Gate: 0.7563
Episode 148  Reward:   0.014366  Wealth:    111102.16  Turnover: 0.5062  Gross: 1.3843  Gate: 0.7686
Episode 149  Reward:   0.221298  Wealth:    146674.45  Turnover: 0.4073  Gross: 1.3517  Gate: 0.7035
Episode 150  Reward:  -0.040748  Wealth:    105042.54  Turnover: 0.3985  Gross: 1.3865  Gate: 0.7729
Episode    150  AvgReward:   0.049557  Noise: 0.1113
Episode 151  Reward:  -0.019869  Wealth:    106968.62  Turnover: 0.4591  Gross: 1.3915  Gate: 0.7831
Episode 152  Reward:   0.021211  Wealth:    113156.53  Turnover: 0.5834  Gross: 1.3888  Gate: 0.7776
Episode 153  Reward:   0.052727  Wealth:    117803.90  Turnover: 0.5541  Gross: 1.3654  Gate: 0.7309
Episode 154  Reward:   0.266773  Wealth:    156527.75  Turnover: 0.5131  Gross: 1.3984  Gate: 0.7969
Episode 155  Reward:   0.181025  Wealth:    138811.18  Turnover: 0.7574  Gross: 1.3685  Gate: 0.7370
Episode 156  Reward:  -0.272134  Wealth:     85056.67  Turnover: 0.6961  Gross: 1.3958  Gate: 0.7915
Episode 157  Reward:  -0.272778  Wealth:     84726.58  Turnover: 0.8440  Gross: 1.3946  Gate: 0.7891
Episode 158  Reward:  -0.060749  Wealth:    103262.10  Turnover: 0.5175  Gross: 1.4031  Gate: 0.8062
Episode 159  Reward:  -0.033385  Wealth:    106153.70  Turnover: 0.5791  Gross: 1.3626  Gate: 0.7251
Episode 160  Reward:  -0.088306  Wealth:    100961.65  Turnover: 0.3963  Gross: 1.3920  Gate: 0.7840
Episode    160  AvgReward:  -0.022548  Noise: 0.1091
Episode 161  Reward:   0.331935  Wealth:    174761.85  Turnover: 0.5833  Gross: 1.3820  Gate: 0.7641
Episode 162  Reward:   0.088149  Wealth:    122657.91  Turnover: 0.7728  Gross: 1.3967  Gate: 0.7933
Episode 163  Reward:  -0.065476  Wealth:    103526.08  Turnover: 0.7354  Gross: 1.3801  Gate: 0.7603
Episode 164  Reward:   0.037659  Wealth:    115412.01  Turnover: 0.4619  Gross: 1.4016  Gate: 0.8031
Episode 165  Reward:  -0.130793  Wealth:     97298.85  Turnover: 0.7657  Gross: 1.3704  Gate: 0.7409
Episode 166  Reward:   0.188361  Wealth:    140296.87  Turnover: 0.5996  Gross: 1.3953  Gate: 0.7907
Episode 167  Reward:  -0.089249  Wealth:    101121.79  Turnover: 0.6318  Gross: 1.3660  Gate: 0.7321
Episode 168  Reward:  -0.167923  Wealth:     92635.74  Turnover: 0.6383  Gross: 1.3986  Gate: 0.7972
Episode 169  Reward:   0.137449  Wealth:    129621.88  Turnover: 0.4729  Gross: 1.3846  Gate: 0.7691
Episode 170  Reward:  -0.032334  Wealth:    106167.70  Turnover: 0.4765  Gross: 1.3670  Gate: 0.7340
Episode    170  AvgReward:   0.029778  Noise: 0.1069
Episode 171  Reward:   0.212734  Wealth:    145114.12  Turnover: 0.6127  Gross: 1.3364  Gate: 0.6728
Episode 172  Reward:   0.005821  Wealth:    111947.12  Turnover: 0.7800  Gross: 1.3878  Gate: 0.7756
Episode 173  Reward:  -0.036690  Wealth:    106998.20  Turnover: 0.6048  Gross: 1.3676  Gate: 0.7352
Episode 174  Reward:   0.185443  Wealth:    143148.18  Turnover: 0.5011  Gross: 1.3508  Gate: 0.7016
Episode 175  Reward:  -0.062968  Wealth:    103689.79  Turnover: 0.5249  Gross: 1.3591  Gate: 0.7182
Episode 176  Reward:  -0.217457  Wealth:     89184.05  Turnover: 0.4747  Gross: 1.3746  Gate: 0.7492
Episode 177  Reward:  -0.204459  Wealth:     90827.12  Turnover: 0.7529  Gross: 1.3885  Gate: 0.7770
Episode 178  Reward:   0.039441  Wealth:    119173.91  Turnover: 0.3053  Gross: 1.3384  Gate: 0.6768
Episode 179  Reward:  -0.101748  Wealth:    100809.49  Turnover: 0.6251  Gross: 1.3868  Gate: 0.7736
Episode 180  Reward:   0.260773  Wealth:    161163.15  Turnover: 0.4089  Gross: 1.3604  Gate: 0.7207
Episode    180  AvgReward:   0.008089  Noise: 0.1048
Episode 181  Reward:   0.187896  Wealth:    143878.23  Turnover: 0.6065  Gross: 1.3498  Gate: 0.6996
Episode 182  Reward:   0.195639  Wealth:    144160.28  Turnover: 0.5097  Gross: 1.3880  Gate: 0.7759
Episode 183  Reward:  -0.055611  Wealth:    106134.11  Turnover: 0.6693  Gross: 1.3628  Gate: 0.7255
Episode 184  Reward:  -0.147860  Wealth:     97244.17  Turnover: 0.6232  Gross: 1.3766  Gate: 0.7531
Episode 185  Reward:  -0.051349  Wealth:    106897.80  Turnover: 0.9186  Gross: 1.4038  Gate: 0.8077
Episode 186  Reward:   0.139902  Wealth:    133842.87  Turnover: 0.7826  Gross: 1.3954  Gate: 0.7908
Episode 187  Reward:  -0.137121  Wealth:     96756.71  Turnover: 0.7556  Gross: 1.4079  Gate: 0.8159
Episode 188  Reward:  -0.106473  Wealth:    101359.90  Turnover: 0.6409  Gross: 1.3793  Gate: 0.7586
Episode 189  Reward:   0.223077  Wealth:    149824.85  Turnover: 0.5481  Gross: 1.3871  Gate: 0.7741
Episode 190  Reward:   0.093976  Wealth:    123431.65  Turnover: 0.6300  Gross: 1.4028  Gate: 0.8056
Episode    190  AvgReward:   0.034208  Noise: 0.1027
Episode 191  Reward:   0.076027  Wealth:    122121.67  Turnover: 0.5534  Gross: 1.3900  Gate: 0.7800
Episode 192  Reward:   0.255776  Wealth:    160258.55  Turnover: 0.4875  Gross: 1.3927  Gate: 0.7854
Episode 193  Reward:   0.242410  Wealth:    155586.15  Turnover: 0.7324  Gross: 1.3892  Gate: 0.7784
Episode 194  Reward:   0.120234  Wealth:    128981.96  Turnover: 0.8037  Gross: 1.3875  Gate: 0.7750
Episode 195  Reward:  -0.187731  Wealth:     93298.21  Turnover: 0.6419  Gross: 1.3816  Gate: 0.7631
Episode 196  Reward:   0.208201  Wealth:    145477.39  Turnover: 0.6055  Gross: 1.3940  Gate: 0.7881
Episode 197  Reward:   0.042432  Wealth:    118276.56  Turnover: 0.6935  Gross: 1.3973  Gate: 0.7947
Episode 198  Reward:   0.150970  Wealth:    136124.37  Turnover: 0.7971  Gross: 1.3979  Gate: 0.7959
Episode 199  Reward:   0.011250  Wealth:    111920.94  Turnover: 0.7281  Gross: 1.4059  Gate: 0.8119
Episode 200  Reward:   0.088144  Wealth:    125246.16  Turnover: 0.5204  Gross: 1.3801  Gate: 0.7601
Episode    200  AvgReward:   0.100771  Noise: 0.1007
Episode 201  Reward:   0.111275  Wealth:    131199.48  Turnover: 0.4148  Gross: 1.3556  Gate: 0.7112
Episode 202  Reward:   0.027927  Wealth:    116866.77  Turnover: 0.7637  Gross: 1.3748  Gate: 0.7495
Episode 203  Reward:  -0.070521  Wealth:    103338.68  Turnover: 0.5467  Gross: 1.4011  Gate: 0.8021
Episode 204  Reward:  -0.120675  Wealth:     97629.59  Turnover: 0.5527  Gross: 1.3913  Gate: 0.7827
Episode 205  Reward:  -0.264752  Wealth:     86656.63  Turnover: 0.7412  Gross: 1.3567  Gate: 0.7133
Episode 206  Reward:  -0.205882  Wealth:     92169.86  Turnover: 0.4696  Gross: 1.3861  Gate: 0.7722
Episode 207  Reward:  -0.003641  Wealth:    111916.28  Turnover: 0.5950  Gross: 1.4072  Gate: 0.8144
Episode 208  Reward:  -0.066008  Wealth:    104417.69  Turnover: 0.6636  Gross: 1.3809  Gate: 0.7618
Episode 209  Reward:   0.118113  Wealth:    131418.12  Turnover: 0.6837  Gross: 1.3818  Gate: 0.7635
Episode 210  Reward:   0.119055  Wealth:    131325.50  Turnover: 0.4713  Gross: 1.3366  Gate: 0.6733
Episode    210  AvgReward:  -0.035511  Noise: 0.0987
Episode 211  Reward:   0.154408  Wealth:    132671.89  Turnover: 0.7876  Gross: 1.3952  Gate: 0.7905
Episode 212  Reward:  -0.081494  Wealth:    101365.98  Turnover: 0.7762  Gross: 1.3950  Gate: 0.7901
Episode 213  Reward:  -0.060633  Wealth:    103427.58  Turnover: 0.3911  Gross: 1.3997  Gate: 0.7995
Episode 214  Reward:   0.134669  Wealth:    127513.96  Turnover: 0.6074  Gross: 1.3812  Gate: 0.7625
Episode 215  Reward:   0.058736  Wealth:    120000.29  Turnover: 0.6919  Gross: 1.3878  Gate: 0.7757
Episode 216  Reward:   0.285231  Wealth:    160247.87  Turnover: 0.5472  Gross: 1.3934  Gate: 0.7868
Episode 217  Reward:   0.134112  Wealth:    129832.87  Turnover: 0.6950  Gross: 1.4050  Gate: 0.8100
Episode 218  Reward:   0.204813  Wealth:    142223.18  Turnover: 0.8605  Gross: 1.4120  Gate: 0.8240
Episode 219  Reward:   0.097478  Wealth:    127756.16  Turnover: 0.7004  Gross: 1.3619  Gate: 0.7238
Episode 220  Reward:   0.042625  Wealth:    118668.96  Turnover: 0.8502  Gross: 1.3701  Gate: 0.7402
Episode    220  AvgReward:   0.096995  Noise: 0.0968
Episode 221  Reward:   0.038376  Wealth:    114803.01  Turnover: 0.5316  Gross: 1.4051  Gate: 0.8103
Episode 222  Reward:  -0.030786  Wealth:    108561.06  Turnover: 0.8491  Gross: 1.3423  Gate: 0.6845
Episode 223  Reward:   0.163612  Wealth:    138533.92  Turnover: 0.7849  Gross: 1.3790  Gate: 0.7579
Episode 224  Reward:  -0.014592  Wealth:    107778.72  Turnover: 0.4908  Gross: 1.3961  Gate: 0.7923
Episode 225  Reward:   0.120134  Wealth:    130516.08  Turnover: 0.6694  Gross: 1.3886  Gate: 0.7773
Episode 226  Reward:   0.149832  Wealth:    133452.16  Turnover: 0.6391  Gross: 1.4033  Gate: 0.8067
Episode 227  Reward:   0.120920  Wealth:    129156.36  Turnover: 0.6433  Gross: 1.3855  Gate: 0.7709
Episode 228  Reward:  -0.027761  Wealth:    109538.81  Turnover: 0.7038  Gross: 1.3560  Gate: 0.7120
Episode 229  Reward:   0.043650  Wealth:    116660.42  Turnover: 0.7117  Gross: 1.3464  Gate: 0.6928
Episode 230  Reward:   0.107188  Wealth:    125772.00  Turnover: 0.6623  Gross: 1.3884  Gate: 0.7769
Episode    230  AvgReward:   0.067057  Noise: 0.0948
Episode 231  Reward:   0.002202  Wealth:    109903.71  Turnover: 0.5420  Gross: 1.3853  Gate: 0.7706
Episode 232  Reward:   0.021250  Wealth:    112349.71  Turnover: 0.5477  Gross: 1.4085  Gate: 0.8170
Episode 233  Reward:   0.027392  Wealth:    114308.51  Turnover: 0.4759  Gross: 1.3899  Gate: 0.7798
Episode 234  Reward:   0.132953  Wealth:    128796.24  Turnover: 0.6114  Gross: 1.4054  Gate: 0.8108
Episode 235  Reward:   0.168657  Wealth:    135901.71  Turnover: 0.7260  Gross: 1.4047  Gate: 0.8095
Episode 236  Reward:  -0.016883  Wealth:    107014.07  Turnover: 0.6149  Gross: 1.3845  Gate: 0.7691
Episode 237  Reward:  -0.322734  Wealth:     81094.78  Turnover: 0.5944  Gross: 1.3973  Gate: 0.7947
Episode 238  Reward:   0.028343  Wealth:    113045.62  Turnover: 0.4691  Gross: 1.3970  Gate: 0.7940
Episode 239  Reward:  -0.029063  Wealth:    105952.26  Turnover: 0.4661  Gross: 1.4019  Gate: 0.8037
Episode 240  Reward:   0.167595  Wealth:    133299.73  Turnover: 0.5994  Gross: 1.3969  Gate: 0.7937
Episode    240  AvgReward:   0.017971  Noise: 0.0930
Episode 241  Reward:   0.223546  Wealth:    145784.32  Turnover: 0.5613  Gross: 1.3924  Gate: 0.7847
Episode 242  Reward:   0.268254  Wealth:    156300.03  Turnover: 0.8156  Gross: 1.4084  Gate: 0.8168
Episode 243  Reward:   0.298081  Wealth:    163567.58  Turnover: 0.6324  Gross: 1.3925  Gate: 0.7849
Episode 244  Reward:   0.027695  Wealth:    112725.11  Turnover: 0.6207  Gross: 1.4086  Gate: 0.8172
Episode 245  Reward:   0.120740  Wealth:    127300.74  Turnover: 0.6795  Gross: 1.4047  Gate: 0.8093
Episode 246  Reward:   0.343651  Wealth:    175306.86  Turnover: 0.5984  Gross: 1.4103  Gate: 0.8207
Episode 247  Reward:  -0.034716  Wealth:    105916.43  Turnover: 0.7156  Gross: 1.3686  Gate: 0.7372
Episode 248  Reward:   0.216044  Wealth:    142370.58  Turnover: 0.6028  Gross: 1.3863  Gate: 0.7727
Episode 249  Reward:  -0.022863  Wealth:    107078.79  Turnover: 0.8150  Gross: 1.4010  Gate: 0.8020
Episode 250  Reward:  -0.220910  Wealth:     87404.82  Turnover: 0.6294  Gross: 1.3872  Gate: 0.7745
Episode    250  AvgReward:   0.121952  Noise: 0.0911
Episode 251  Reward:   0.155724  Wealth:    133389.48  Turnover: 0.5746  Gross: 1.3967  Gate: 0.7935
Episode 252  Reward:   0.015859  Wealth:    111590.73  Turnover: 0.5333  Gross: 1.3824  Gate: 0.7648
Episode 253  Reward:   0.280473  Wealth:    157500.64  Turnover: 0.4988  Gross: 1.4043  Gate: 0.8086
Episode 254  Reward:   0.045379  Wealth:    118535.84  Turnover: 0.5867  Gross: 1.3820  Gate: 0.7639
Episode 255  Reward:  -0.279302  Wealth:     84616.94  Turnover: 0.7140  Gross: 1.3914  Gate: 0.7829
Episode 256  Reward:   0.015142  Wealth:    110559.97  Turnover: 0.6998  Gross: 1.4006  Gate: 0.8011
Episode 257  Reward:   0.126540  Wealth:    127463.61  Turnover: 0.5624  Gross: 1.3818  Gate: 0.7637
Episode 258  Reward:  -0.034006  Wealth:    105710.54  Turnover: 0.4609  Gross: 1.3992  Gate: 0.7984
Episode 259  Reward:   0.180529  Wealth:    137362.29  Turnover: 0.6358  Gross: 1.4056  Gate: 0.8112
Episode 260  Reward:   0.119583  Wealth:    125269.46  Turnover: 0.5853  Gross: 1.3878  Gate: 0.7755
Episode    260  AvgReward:   0.062592  Noise: 0.0893
Episode 261  Reward:   0.060033  Wealth:    117929.70  Turnover: 0.5970  Gross: 1.3867  Gate: 0.7734
Episode 262  Reward:  -0.036487  Wealth:    104499.61  Turnover: 0.7162  Gross: 1.4054  Gate: 0.8108
Episode 263  Reward:   0.102736  Wealth:    121790.64  Turnover: 0.5258  Gross: 1.4087  Gate: 0.8174
Episode 264  Reward:  -0.114952  Wealth:     96207.65  Turnover: 0.4454  Gross: 1.3812  Gate: 0.7624
Episode 265  Reward:  -0.199833  Wealth:     91697.66  Turnover: 0.5622  Gross: 1.3910  Gate: 0.7821
Episode 266  Reward:   0.126812  Wealth:    126227.69  Turnover: 0.6817  Gross: 1.4111  Gate: 0.8222
Episode 267  Reward:  -0.109967  Wealth:     97486.91  Turnover: 0.3873  Gross: 1.4019  Gate: 0.8038
Episode 268  Reward:   0.207060  Wealth:    142633.43  Turnover: 0.7317  Gross: 1.4078  Gate: 0.8157
Episode 269  Reward:   0.119824  Wealth:    125574.86  Turnover: 0.5296  Gross: 1.4000  Gate: 0.8000
Episode 270  Reward:   0.038326  Wealth:    112995.96  Turnover: 0.3971  Gross: 1.4018  Gate: 0.8037
Episode    270  AvgReward:   0.019355  Noise: 0.0875
Episode 271  Reward:   0.060139  Wealth:    115620.75  Turnover: 0.4888  Gross: 1.4087  Gate: 0.8174
Episode 272  Reward:   0.160968  Wealth:    133479.62  Turnover: 0.8254  Gross: 1.3859  Gate: 0.7718
Episode 273  Reward:   0.182677  Wealth:    137959.88  Turnover: 0.6337  Gross: 1.3990  Gate: 0.7980
Episode 274  Reward:   0.205318  Wealth:    141285.61  Turnover: 0.6876  Gross: 1.4064  Gate: 0.8128
Episode 275  Reward:   0.072484  Wealth:    119862.06  Turnover: 0.4027  Gross: 1.3914  Gate: 0.7827
Episode 276  Reward:   0.101509  Wealth:    123800.65  Turnover: 0.6691  Gross: 1.3808  Gate: 0.7616
Episode 277  Reward:   0.152261  Wealth:    134327.90  Turnover: 0.7582  Gross: 1.3860  Gate: 0.7719
Episode 278  Reward:   0.267485  Wealth:    155444.49  Turnover: 0.4964  Gross: 1.4028  Gate: 0.8056
Episode 279  Reward:   0.034186  Wealth:    112190.47  Turnover: 0.5776  Gross: 1.3803  Gate: 0.7607
Episode 280  Reward:   0.046872  Wealth:    115617.33  Turnover: 0.4503  Gross: 1.3939  Gate: 0.7879
Episode    280  AvgReward:   0.128390  Noise: 0.0858
Episode 281  Reward:   0.053469  Wealth:    118391.27  Turnover: 0.8160  Gross: 1.3694  Gate: 0.7387
Episode 282  Reward:   0.223705  Wealth:    146947.57  Turnover: 0.6658  Gross: 1.3979  Gate: 0.7958
Episode 283  Reward:   0.163906  Wealth:    139003.83  Turnover: 0.5358  Gross: 1.3948  Gate: 0.7897
Episode 284  Reward:   0.030084  Wealth:    114245.92  Turnover: 0.4108  Gross: 1.3727  Gate: 0.7455
Episode 285  Reward:   0.016553  Wealth:    114422.08  Turnover: 0.7828  Gross: 1.3875  Gate: 0.7751
Episode 286  Reward:   0.198809  Wealth:    139989.49  Turnover: 0.3863  Gross: 1.4074  Gate: 0.8148
Episode 287  Reward:  -0.351183  Wealth:     79867.13  Turnover: 0.6021  Gross: 1.3812  Gate: 0.7624
Episode 288  Reward:   0.141705  Wealth:    128875.69  Turnover: 0.6055  Gross: 1.4087  Gate: 0.8174
Episode 289  Reward:   0.253198  Wealth:    151863.59  Turnover: 0.5181  Gross: 1.3994  Gate: 0.7988
Episode 290  Reward:  -0.027480  Wealth:    106775.13  Turnover: 0.4950  Gross: 1.3876  Gate: 0.7752
Episode    290  AvgReward:   0.070276  Noise: 0.0841
Episode 291  Reward:  -0.085364  Wealth:    100016.20  Turnover: 0.4356  Gross: 1.4001  Gate: 0.8002
Episode 292  Reward:  -0.058658  Wealth:    103769.66  Turnover: 0.5768  Gross: 1.3959  Gate: 0.7917
Episode 293  Reward:  -0.178201  Wealth:     92371.01  Turnover: 0.5381  Gross: 1.3949  Gate: 0.7899
Episode 294  Reward:   0.351299  Wealth:    194370.38  Turnover: 0.4449  Gross: 1.3780  Gate: 0.7560
Episode 295  Reward:   0.297885  Wealth:    171282.65  Turnover: 0.4264  Gross: 1.3985  Gate: 0.7971
Episode 296  Reward:   0.033795  Wealth:    113616.51  Turnover: 0.3214  Gross: 1.4077  Gate: 0.8155
Episode 297  Reward:   0.071898  Wealth:    122001.91  Turnover: 0.6312  Gross: 1.3960  Gate: 0.7921
Episode 298  Reward:   0.241468  Wealth:    153448.81  Turnover: 0.5033  Gross: 1.3916  Gate: 0.7832
Episode 299  Reward:   0.033817  Wealth:    113612.68  Turnover: 0.5867  Gross: 1.4071  Gate: 0.8141
Episode 300  Reward:   0.220750  Wealth:    151914.33  Turnover: 0.5465  Gross: 1.3858  Gate: 0.7717
Episode    300  AvgReward:   0.092869  Noise: 0.0824
Episode 301  Reward:  -0.322781  Wealth:     82861.77  Turnover: 0.6130  Gross: 1.3779  Gate: 0.7557
Episode 302  Reward:   0.255948  Wealth:    156633.96  Turnover: 0.7062  Gross: 1.3815  Gate: 0.7629
Episode 303  Reward:   0.211351  Wealth:    147917.78  Turnover: 0.5711  Gross: 1.3823  Gate: 0.7647
Episode 304  Reward:  -0.220595  Wealth:     89719.13  Turnover: 0.8220  Gross: 1.3830  Gate: 0.7660
Episode 305  Reward:   0.045094  Wealth:    114862.90  Turnover: 0.5010  Gross: 1.3999  Gate: 0.7999
Episode 306  Reward:  -0.011971  Wealth:    108166.83  Turnover: 0.5686  Gross: 1.3914  Gate: 0.7828
Episode 307  Reward:  -0.044050  Wealth:    107726.36  Turnover: 0.6111  Gross: 1.3901  Gate: 0.7802
Episode 308  Reward:   0.023984  Wealth:    114183.49  Turnover: 0.5700  Gross: 1.3867  Gate: 0.7734
Episode 309  Reward:   0.173492  Wealth:    136352.46  Turnover: 0.4843  Gross: 1.3892  Gate: 0.7784
Episode 310  Reward:  -0.217942  Wealth:     89922.87  Turnover: 0.7696  Gross: 1.3663  Gate: 0.7326
Episode    310  AvgReward:  -0.010747  Noise: 0.0808
Episode 311  Reward:   0.088301  Wealth:    120819.53  Turnover: 0.5956  Gross: 1.3957  Gate: 0.7913
Episode 312  Reward:  -0.354642  Wealth:     79839.31  Turnover: 0.8611  Gross: 1.3845  Gate: 0.7690
Episode 313  Reward:   0.144716  Wealth:    133829.87  Turnover: 0.6392  Gross: 1.4004  Gate: 0.8009
Episode 314  Reward:  -0.138652  Wealth:     94853.64  Turnover: 0.4482  Gross: 1.3910  Gate: 0.7820
Episode 315  Reward:   0.005812  Wealth:    111667.10  Turnover: 0.6314  Gross: 1.3942  Gate: 0.7884
Episode 316  Reward:  -0.143737  Wealth:     94508.44  Turnover: 0.6570  Gross: 1.4048  Gate: 0.8096
Episode 317  Reward:  -0.007160  Wealth:    111388.35  Turnover: 0.6523  Gross: 1.3832  Gate: 0.7664
Episode 318  Reward:   0.195464  Wealth:    139321.62  Turnover: 0.7389  Gross: 1.3990  Gate: 0.7979
Episode 319  Reward:  -0.080162  Wealth:    103935.76  Turnover: 0.7421  Gross: 1.3889  Gate: 0.7779
Episode 320  Reward:  -0.095338  Wealth:     99587.57  Turnover: 0.4974  Gross: 1.4024  Gate: 0.8048
Episode    320  AvgReward:  -0.038540  Noise: 0.0792
Episode 321  Reward:   0.103467  Wealth:    125593.67  Turnover: 0.5648  Gross: 1.4058  Gate: 0.8117
Episode 322  Reward:   0.110233  Wealth:    127647.68  Turnover: 0.7819  Gross: 1.4009  Gate: 0.8018
Episode 323  Reward:   0.032209  Wealth:    113023.66  Turnover: 0.5148  Gross: 1.3900  Gate: 0.7801
Episode 324  Reward:   0.059129  Wealth:    116884.82  Turnover: 0.5914  Gross: 1.3891  Gate: 0.7782
Episode 325  Reward:   0.211562  Wealth:    142080.58  Turnover: 0.3005  Gross: 1.4047  Gate: 0.8094
Episode 326  Reward:  -0.006704  Wealth:    108684.26  Turnover: 0.6934  Gross: 1.4048  Gate: 0.8096
Episode 327  Reward:   0.063524  Wealth:    115650.52  Turnover: 0.3190  Gross: 1.3953  Gate: 0.7905
Episode 328  Reward:   0.037070  Wealth:    113227.21  Turnover: 0.7207  Gross: 1.4042  Gate: 0.8084
Episode 329  Reward:  -0.009232  Wealth:    107213.99  Turnover: 0.3717  Gross: 1.4069  Gate: 0.8138
Episode 330  Reward:   0.261534  Wealth:    151100.19  Turnover: 0.6230  Gross: 1.3956  Gate: 0.7912
Episode    330  AvgReward:   0.086279  Noise: 0.0776
Episode 331  Reward:  -0.102677  Wealth:    102504.10  Turnover: 0.4691  Gross: 1.3893  Gate: 0.7787
Episode 332  Reward:  -0.070716  Wealth:    103794.65  Turnover: 0.5671  Gross: 1.4031  Gate: 0.8062
Episode 333  Reward:   0.169144  Wealth:    133339.50  Turnover: 0.6905  Gross: 1.4050  Gate: 0.8099
Episode 334  Reward:   0.086504  Wealth:    118806.67  Turnover: 0.6012  Gross: 1.3911  Gate: 0.7823
Episode 335  Reward:   0.026040  Wealth:    111545.86  Turnover: 0.5321  Gross: 1.4003  Gate: 0.8006
Episode 336  Reward:   0.082569  Wealth:    119925.16  Turnover: 0.4083  Gross: 1.3901  Gate: 0.7801
Episode 337  Reward:   0.063075  Wealth:    116730.62  Turnover: 0.6352  Gross: 1.3978  Gate: 0.7957
Episode 338  Reward:   0.174018  Wealth:    132502.75  Turnover: 0.4761  Gross: 1.3849  Gate: 0.7699
Episode 339  Reward:   0.385711  Wealth:    185184.16  Turnover: 0.3234  Gross: 1.3948  Gate: 0.7896
Episode 340  Reward:  -0.089204  Wealth:     99185.27  Turnover: 0.5312  Gross: 1.3894  Gate: 0.7788
Episode    340  AvgReward:   0.072446  Noise: 0.0761
Episode 341  Reward:   0.070102  Wealth:    120032.30  Turnover: 0.3958  Gross: 1.4117  Gate: 0.8235
Episode 342  Reward:   0.125150  Wealth:    125213.23  Turnover: 0.4684  Gross: 1.3900  Gate: 0.7800
Episode 343  Reward:   0.026202  Wealth:    111039.72  Turnover: 0.4678  Gross: 1.3992  Gate: 0.7985
Episode 344  Reward:  -0.024197  Wealth:    104755.34  Turnover: 0.4743  Gross: 1.3857  Gate: 0.7715
Episode 345  Reward:   0.101042  Wealth:    121285.82  Turnover: 0.4416  Gross: 1.3994  Gate: 0.7989
Episode 346  Reward:   0.067290  Wealth:    116599.77  Turnover: 0.4543  Gross: 1.3896  Gate: 0.7792
Episode 347  Reward:   0.021795  Wealth:    111496.49  Turnover: 0.4399  Gross: 1.3997  Gate: 0.7995
Episode 348  Reward:   0.004291  Wealth:    109995.58  Turnover: 0.4393  Gross: 1.3962  Gate: 0.7923
Episode 349  Reward:   0.300104  Wealth:    162481.94  Turnover: 0.3976  Gross: 1.4009  Gate: 0.8018
Episode 350  Reward:   0.119188  Wealth:    124065.52  Turnover: 0.4423  Gross: 1.4017  Gate: 0.8033
Episode    350  AvgReward:   0.081097  Noise: 0.0746
Episode 351  Reward:   0.048642  Wealth:    112292.96  Turnover: 0.3279  Gross: 1.3869  Gate: 0.7738
Episode 352  Reward:  -0.091356  Wealth:     98563.51  Turnover: 0.3999  Gross: 1.3975  Gate: 0.7951
Episode 353  Reward:   0.209720  Wealth:    141617.01  Turnover: 0.4442  Gross: 1.4027  Gate: 0.8054
Episode 354  Reward:  -0.143366  Wealth:     94470.70  Turnover: 0.3792  Gross: 1.3946  Gate: 0.7892
Episode 355  Reward:   0.207636  Wealth:    140060.72  Turnover: 0.3653  Gross: 1.4045  Gate: 0.8090
Episode 356  Reward:   0.387522  Wealth:    196388.90  Turnover: 0.3560  Gross: 1.3984  Gate: 0.7969
Episode 357  Reward:  -0.442818  Wealth:     74100.16  Turnover: 0.7402  Gross: 1.3718  Gate: 0.7436
Episode 358  Reward:   0.078944  Wealth:    118430.43  Turnover: 0.3750  Gross: 1.4063  Gate: 0.8127
Episode 359  Reward:  -0.056374  Wealth:    102108.93  Turnover: 0.3615  Gross: 1.3889  Gate: 0.7777
Episode 360  Reward:   0.213217  Wealth:    140823.49  Turnover: 0.4088  Gross: 1.3999  Gate: 0.7998
Episode    360  AvgReward:   0.041177  Noise: 0.0731
Episode 361  Reward:   0.075683  Wealth:    120038.72  Turnover: 0.4901  Gross: 1.4007  Gate: 0.8015
Episode 362  Reward:   0.071598  Wealth:    122134.99  Turnover: 0.3221  Gross: 1.3791  Gate: 0.7582
Episode 363  Reward:   0.197184  Wealth:    139083.99  Turnover: 0.5074  Gross: 1.3992  Gate: 0.7985
Episode 364  Reward:  -0.056288  Wealth:    102417.49  Turnover: 0.2629  Gross: 1.4077  Gate: 0.8155
Episode 365  Reward:  -0.106659  Wealth:     99662.54  Turnover: 0.5406  Gross: 1.3815  Gate: 0.7631
Episode 366  Reward:   0.029464  Wealth:    111983.81  Turnover: 0.5407  Gross: 1.3826  Gate: 0.7651
Episode 367  Reward:  -0.072663  Wealth:    102366.55  Turnover: 0.5260  Gross: 1.3794  Gate: 0.7588
Episode 368  Reward:  -0.183397  Wealth:     89669.37  Turnover: 0.2253  Gross: 1.3796  Gate: 0.7592
Episode 369  Reward:   0.302676  Wealth:    163350.95  Turnover: 0.4156  Gross: 1.4023  Gate: 0.8045
Episode 370  Reward:   0.190132  Wealth:    138154.05  Turnover: 0.3263  Gross: 1.3992  Gate: 0.7983
Episode    370  AvgReward:   0.044773  Noise: 0.0717
Episode 371  Reward:   0.299484  Wealth:    158741.15  Turnover: 0.3953  Gross: 1.3905  Gate: 0.7810
Episode 372  Reward:   0.150759  Wealth:    134503.12  Turnover: 0.4518  Gross: 1.3937  Gate: 0.7874
Episode 373  Reward:  -0.199605  Wealth:     91924.70  Turnover: 0.4937  Gross: 1.3860  Gate: 0.7719
Episode 374  Reward:  -0.004182  Wealth:    106939.79  Turnover: 0.4226  Gross: 1.4049  Gate: 0.8098
Episode 375  Reward:   0.182429  Wealth:    136472.10  Turnover: 0.5068  Gross: 1.4016  Gate: 0.8031
Episode 376  Reward:  -0.274287  Wealth:     84007.47  Turnover: 0.4838  Gross: 1.4048  Gate: 0.8097
Episode 377  Reward:  -0.099392  Wealth:     97540.71  Turnover: 0.3574  Gross: 1.3980  Gate: 0.7960
Episode 378  Reward:   0.110521  Wealth:    124109.98  Turnover: 0.4478  Gross: 1.3974  Gate: 0.7948
Episode 379  Reward:   0.140865  Wealth:    128698.25  Turnover: 0.5510  Gross: 1.3979  Gate: 0.7959
Episode 380  Reward:   0.151522  Wealth:    130458.51  Turnover: 0.5854  Gross: 1.3894  Gate: 0.7787
Episode    380  AvgReward:   0.045811  Noise: 0.0702
Episode 381  Reward:  -0.182546  Wealth:     91940.46  Turnover: 0.6790  Gross: 1.3836  Gate: 0.7672
Episode 382  Reward:   0.009419  Wealth:    111161.95  Turnover: 0.5180  Gross: 1.3844  Gate: 0.7687
Episode 383  Reward:   0.112111  Wealth:    124820.68  Turnover: 0.7030  Gross: 1.3910  Gate: 0.7821
Episode 384  Reward:   0.179109  Wealth:    139637.45  Turnover: 0.3877  Gross: 1.4074  Gate: 0.8149
Episode 385  Reward:   0.267009  Wealth:    157010.63  Turnover: 0.3652  Gross: 1.4083  Gate: 0.8166
Episode 386  Reward:  -0.074639  Wealth:    101736.90  Turnover: 0.5205  Gross: 1.4005  Gate: 0.8011
Episode 387  Reward:   0.135342  Wealth:    128801.04  Turnover: 0.5641  Gross: 1.4031  Gate: 0.8061
Episode 388  Reward:  -0.000237  Wealth:    112246.37  Turnover: 0.6149  Gross: 1.3831  Gate: 0.7663
Episode 389  Reward:  -0.103289  Wealth:     97343.58  Turnover: 0.3661  Gross: 1.3934  Gate: 0.7868
Episode 390  Reward:   0.338755  Wealth:    176475.20  Turnover: 0.4421  Gross: 1.4011  Gate: 0.8022
Episode    390  AvgReward:   0.068103  Noise: 0.0688
Episode 391  Reward:  -0.028570  Wealth:    105083.00  Turnover: 0.3593  Gross: 1.4017  Gate: 0.8033
Episode 392  Reward:   0.287008  Wealth:    159793.43  Turnover: 0.5391  Gross: 1.4074  Gate: 0.8147
Episode 393  Reward:   0.172109  Wealth:    136475.30  Turnover: 0.3810  Gross: 1.4025  Gate: 0.8051
Episode 394  Reward:  -0.764005  Wealth:     59702.96  Turnover: 0.7729  Gross: 1.3787  Gate: 0.7575
Episode 395  Reward:   0.157048  Wealth:    132441.23  Turnover: 0.5026  Gross: 1.3983  Gate: 0.7966
Episode 396  Reward:  -0.050577  Wealth:    101693.19  Turnover: 0.3741  Gross: 1.3992  Gate: 0.7984
Episode 397  Reward:   0.039333  Wealth:    118840.40  Turnover: 0.5546  Gross: 1.3811  Gate: 0.7622
Episode 398  Reward:   0.176308  Wealth:    132958.62  Turnover: 0.4456  Gross: 1.3947  Gate: 0.7894
Episode 399  Reward:   0.112074  Wealth:    123623.98  Turnover: 0.6435  Gross: 1.4002  Gate: 0.8003
Episode 400  Reward:  -0.033360  Wealth:    105646.60  Turnover: 0.5677  Gross: 1.3965  Gate: 0.7930
Episode    400  AvgReward:   0.006737  Noise: 0.0675
Episode 401  Reward:   0.026667  Wealth:    112572.62  Turnover: 0.5047  Gross: 1.4018  Gate: 0.8036
Episode 402  Reward:  -0.105111  Wealth:     99077.55  Turnover: 0.5110  Gross: 1.3984  Gate: 0.7967
Episode 403  Reward:   0.224196  Wealth:    141908.68  Turnover: 0.5229  Gross: 1.3939  Gate: 0.7878
Episode 404  Reward:   0.012725  Wealth:    108895.36  Turnover: 0.3301  Gross: 1.3840  Gate: 0.7680
Episode 405  Reward:  -0.092747  Wealth:     97814.07  Turnover: 0.4810  Gross: 1.3956  Gate: 0.7912
Episode 406  Reward:   0.091007  Wealth:    120110.15  Turnover: 0.3196  Gross: 1.3975  Gate: 0.7951
Episode 407  Reward:   0.001351  Wealth:    111529.24  Turnover: 0.6364  Gross: 1.3786  Gate: 0.7571
Episode 408  Reward:   0.060286  Wealth:    116796.15  Turnover: 0.3747  Gross: 1.4048  Gate: 0.8095
Episode 409  Reward:  -0.092130  Wealth:    100546.16  Turnover: 0.5923  Gross: 1.4063  Gate: 0.8126
Episode 410  Reward:   0.148366  Wealth:    129790.67  Turnover: 0.3706  Gross: 1.3937  Gate: 0.7875
Episode    410  AvgReward:   0.027461  Noise: 0.0661
Episode 411  Reward:   0.168291  Wealth:    133962.32  Turnover: 0.3482  Gross: 1.4097  Gate: 0.8193
Episode 412  Reward:   0.258468  Wealth:    150174.29  Turnover: 0.4983  Gross: 1.4077  Gate: 0.8155
Episode 413  Reward:   0.164726  Wealth:    137618.36  Turnover: 0.5007  Gross: 1.3686  Gate: 0.7371
Episode 414  Reward:   0.222968  Wealth:    148044.68  Turnover: 0.4245  Gross: 1.3979  Gate: 0.7958
Episode 415  Reward:   0.111997  Wealth:    125001.23  Turnover: 0.3742  Gross: 1.4067  Gate: 0.8134
Episode 416  Reward:   0.317360  Wealth:    169244.69  Turnover: 0.4512  Gross: 1.3919  Gate: 0.7838
Episode 417  Reward:   0.230621  Wealth:    144476.17  Turnover: 0.3171  Gross: 1.4069  Gate: 0.8137
Episode 418  Reward:  -0.033117  Wealth:    106311.57  Turnover: 0.5273  Gross: 1.3965  Gate: 0.7929
Episode 419  Reward:   0.076486  Wealth:    119172.57  Turnover: 0.3689  Gross: 1.4002  Gate: 0.8004
Episode 420  Reward:   0.236975  Wealth:    146185.84  Turnover: 0.4873  Gross: 1.3997  Gate: 0.7994
Episode    420  AvgReward:   0.175477  Noise: 0.0648
Episode 421  Reward:  -0.012409  Wealth:    107543.20  Turnover: 0.4515  Gross: 1.4045  Gate: 0.8091
Episode 422  Reward:  -0.030896  Wealth:    108225.05  Turnover: 0.3787  Gross: 1.3860  Gate: 0.7720
Episode 423  Reward:   0.079634  Wealth:    121206.22  Turnover: 0.5579  Gross: 1.3931  Gate: 0.7862
Episode 424  Reward:  -0.080857  Wealth:    103909.39  Turnover: 0.5582  Gross: 1.3744  Gate: 0.7487
Episode 425  Reward:   0.315290  Wealth:    167718.47  Turnover: 0.4016  Gross: 1.4079  Gate: 0.8159
Episode 426  Reward:   0.223246  Wealth:    147975.63  Turnover: 0.3262  Gross: 1.3858  Gate: 0.7715
Episode 427  Reward:  -0.069809  Wealth:    103575.00  Turnover: 0.4787  Gross: 1.3977  Gate: 0.7955
Episode 428  Reward:  -0.077831  Wealth:    102925.27  Turnover: 0.4720  Gross: 1.3986  Gate: 0.7972
Episode 429  Reward:   0.000702  Wealth:    108227.36  Turnover: 0.3791  Gross: 1.3924  Gate: 0.7849
Episode 430  Reward:   0.050290  Wealth:    118115.82  Turnover: 0.5572  Gross: 1.3784  Gate: 0.7568
Episode    430  AvgReward:   0.039736  Noise: 0.0635
Episode 431  Reward:   0.089483  Wealth:    123363.73  Turnover: 0.4438  Gross: 1.4000  Gate: 0.8000
Episode 432  Reward:  -0.189566  Wealth:     92676.12  Turnover: 0.5614  Gross: 1.3922  Gate: 0.7844
Episode 433  Reward:   0.016164  Wealth:    113730.09  Turnover: 0.5645  Gross: 1.3940  Gate: 0.7880
Episode 434  Reward:   0.187453  Wealth:    137276.15  Turnover: 0.3991  Gross: 1.3943  Gate: 0.7887
Episode 435  Reward:   0.089043  Wealth:    123089.04  Turnover: 0.4607  Gross: 1.4027  Gate: 0.8054
Episode 436  Reward:   0.159453  Wealth:    135486.19  Turnover: 0.6155  Gross: 1.3978  Gate: 0.7956
Episode 437  Reward:   0.087041  Wealth:    122808.84  Turnover: 0.5756  Gross: 1.4036  Gate: 0.8073
Episode 438  Reward:   0.150381  Wealth:    137696.11  Turnover: 0.3966  Gross: 1.3955  Gate: 0.7910
Episode 439  Reward:   0.002985  Wealth:    109577.07  Turnover: 0.6564  Gross: 1.4035  Gate: 0.8070
Episode 440  Reward:  -0.109368  Wealth:     98886.15  Turnover: 0.5853  Gross: 1.3934  Gate: 0.7868
Episode    440  AvgReward:   0.048307  Noise: 0.0623
Episode 441  Reward:   0.208224  Wealth:    141082.87  Turnover: 0.5202  Gross: 1.4051  Gate: 0.8103
Episode 442  Reward:   0.077110  Wealth:    119113.75  Turnover: 0.3652  Gross: 1.4041  Gate: 0.8082
Episode 443  Reward:   0.226849  Wealth:    150238.81  Turnover: 0.4910  Gross: 1.3945  Gate: 0.7889
Episode 444  Reward:   0.011494  Wealth:    112021.63  Turnover: 0.6835  Gross: 1.4019  Gate: 0.8038
Episode 445  Reward:  -0.148441  Wealth:     95080.90  Turnover: 0.3331  Gross: 1.3999  Gate: 0.7997
Episode 446  Reward:   0.114880  Wealth:    131855.50  Turnover: 0.7759  Gross: 1.3913  Gate: 0.7827
Episode 447  Reward:   0.265409  Wealth:    159081.75  Turnover: 0.4881  Gross: 1.3969  Gate: 0.7938
Episode 448  Reward:   0.174218  Wealth:    133916.95  Turnover: 0.3044  Gross: 1.4033  Gate: 0.8066
Episode 449  Reward:   0.149680  Wealth:    136560.73  Turnover: 0.5115  Gross: 1.3923  Gate: 0.7847
Episode 450  Reward:  -0.063510  Wealth:    105491.88  Turnover: 0.6863  Gross: 1.3641  Gate: 0.7282
Episode    450  AvgReward:   0.101591  Noise: 0.0611
Episode 451  Reward:   0.044189  Wealth:    117360.96  Turnover: 0.6285  Gross: 1.4010  Gate: 0.8019
Episode 452  Reward:  -0.230802  Wealth:     90288.35  Turnover: 0.5639  Gross: 1.3774  Gate: 0.7549
Episode 453  Reward:  -0.059387  Wealth:    102804.68  Turnover: 0.6581  Gross: 1.3969  Gate: 0.7938
Episode 454  Reward:   0.017976  Wealth:    114352.29  Turnover: 0.5745  Gross: 1.3906  Gate: 0.7812
Episode 455  Reward:  -0.246837  Wealth:     88730.65  Turnover: 0.6144  Gross: 1.3777  Gate: 0.7554
Episode 456  Reward:   0.177171  Wealth:    138844.85  Turnover: 0.4263  Gross: 1.3928  Gate: 0.7857
Episode 457  Reward:   0.020891  Wealth:    114082.73  Turnover: 0.5137  Gross: 1.4020  Gate: 0.8039
Episode 458  Reward:   0.303270  Wealth:    176051.75  Turnover: 0.5268  Gross: 1.3800  Gate: 0.7600
Episode 459  Reward:   0.091642  Wealth:    122587.37  Turnover: 0.5794  Gross: 1.3974  Gate: 0.7948
Episode 460  Reward:   0.136272  Wealth:    130071.53  Turnover: 0.5827  Gross: 1.4058  Gate: 0.8116
Episode    460  AvgReward:   0.025438  Noise: 0.0598
Episode 461  Reward:  -0.029990  Wealth:    108820.63  Turnover: 0.6244  Gross: 1.4034  Gate: 0.8069
Episode 462  Reward:   0.379653  Wealth:    189764.28  Turnover: 0.5238  Gross: 1.3979  Gate: 0.7958
Episode 463  Reward:   0.080318  Wealth:    120326.55  Turnover: 0.5227  Gross: 1.4063  Gate: 0.8126
Episode 464  Reward:   0.138233  Wealth:    127812.66  Turnover: 0.5657  Gross: 1.3690  Gate: 0.7381
Episode 465  Reward:  -0.046493  Wealth:    102943.10  Turnover: 0.5428  Gross: 1.3944  Gate: 0.7888
Episode 466  Reward:   0.119657  Wealth:    128275.16  Turnover: 0.5560  Gross: 1.4051  Gate: 0.8101
Episode 467  Reward:   0.012679  Wealth:    110264.32  Turnover: 0.5356  Gross: 1.4053  Gate: 0.8107
Episode 468  Reward:   0.092829  Wealth:    120714.39  Turnover: 0.4044  Gross: 1.4028  Gate: 0.8056
Episode 469  Reward:  -0.135352  Wealth:     94173.48  Turnover: 0.4785  Gross: 1.4037  Gate: 0.8074
Episode 470  Reward:  -0.246369  Wealth:     87375.35  Turnover: 0.7662  Gross: 1.3799  Gate: 0.7598
Episode    470  AvgReward:   0.036516  Noise: 0.0587
Episode 471  Reward:  -0.020050  Wealth:    106780.20  Turnover: 0.5405  Gross: 1.3994  Gate: 0.7988
Episode 472  Reward:   0.227501  Wealth:    144164.85  Turnover: 0.3890  Gross: 1.3983  Gate: 0.7967
Episode 473  Reward:   0.110679  Wealth:    122194.59  Turnover: 0.5615  Gross: 1.3896  Gate: 0.7793
Episode 474  Reward:   0.205401  Wealth:    139938.78  Turnover: 0.8301  Gross: 1.4029  Gate: 0.8057
Episode 475  Reward:   0.073375  Wealth:    118131.67  Turnover: 0.6087  Gross: 1.4001  Gate: 0.8002
Episode 476  Reward:   0.152877  Wealth:    131901.57  Turnover: 0.4883  Gross: 1.4000  Gate: 0.8000
Episode 477  Reward:   0.144078  Wealth:    129084.54  Turnover: 0.4353  Gross: 1.4061  Gate: 0.8122
Episode 478  Reward:   0.034723  Wealth:    115472.27  Turnover: 0.7118  Gross: 1.3870  Gate: 0.7740
Episode 479  Reward:   0.193647  Wealth:    137365.66  Turnover: 0.4979  Gross: 1.3972  Gate: 0.7944
Episode 480  Reward:   0.288740  Wealth:    157286.49  Turnover: 0.4676  Gross: 1.4042  Gate: 0.8084
Episode    480  AvgReward:   0.141097  Noise: 0.0575
Episode 481  Reward:   0.116725  Wealth:    123432.16  Turnover: 0.5581  Gross: 1.4050  Gate: 0.8100
Episode 482  Reward:   0.090133  Wealth:    120926.45  Turnover: 0.7531  Gross: 1.4065  Gate: 0.8129
Episode 483  Reward:   0.135209  Wealth:    128410.34  Turnover: 0.9818  Gross: 1.3958  Gate: 0.7916
Episode 484  Reward:   0.251893  Wealth:    146806.41  Turnover: 0.3583  Gross: 1.3911  Gate: 0.7822
Episode 485  Reward:  -0.159801  Wealth:     94389.51  Turnover: 0.5171  Gross: 1.3968  Gate: 0.7935
Episode 486  Reward:   0.191232  Wealth:    136502.68  Turnover: 0.4200  Gross: 1.4060  Gate: 0.8121
Episode 487  Reward:   0.023343  Wealth:    109627.91  Turnover: 0.3008  Gross: 1.3989  Gate: 0.7978
Episode 488  Reward:  -0.292053  Wealth:     86842.60  Turnover: 0.3252  Gross: 1.3744  Gate: 0.7489
Episode 489  Reward:   0.267656  Wealth:    150437.37  Turnover: 0.3773  Gross: 1.4004  Gate: 0.8009
Episode 490  Reward:   0.292082  Wealth:    155458.02  Turnover: 0.3713  Gross: 1.4058  Gate: 0.8115
Episode    490  AvgReward:   0.091642  Noise: 0.0564
Episode 491  Reward:   0.216676  Wealth:    139358.01  Turnover: 0.4122  Gross: 1.4030  Gate: 0.8059
Episode 492  Reward:   0.190666  Wealth:    134622.88  Turnover: 0.4854  Gross: 1.4015  Gate: 0.8030
Episode 493  Reward:   0.008453  Wealth:    108239.99  Turnover: 0.3867  Gross: 1.4032  Gate: 0.8064
Episode 494  Reward:   0.081914  Wealth:    119530.19  Turnover: 0.4470  Gross: 1.4071  Gate: 0.8143
Episode 495  Reward:   0.096832  Wealth:    120180.21  Turnover: 0.5752  Gross: 1.3941  Gate: 0.7883
Episode 496  Reward:   0.271568  Wealth:    150365.67  Turnover: 0.5239  Gross: 1.4029  Gate: 0.8058
Episode 497  Reward:   0.034814  Wealth:    113016.73  Turnover: 0.9220  Gross: 1.3985  Gate: 0.7969
Episode 498  Reward:   0.035590  Wealth:    112351.01  Turnover: 0.5670  Gross: 1.4075  Gate: 0.8150
Episode 499  Reward:   0.303492  Wealth:    165937.52  Turnover: 0.4933  Gross: 1.4096  Gate: 0.8192
Episode 500  Reward:  -0.027875  Wealth:    104331.33  Turnover: 0.6250  Gross: 1.3969  Gate: 0.7937
Episode    500  AvgReward:   0.121213  Noise: 0.0552
Episode 501  Reward:   0.057218  Wealth:    116770.84  Turnover: 0.4930  Gross: 1.4008  Gate: 0.8016
Episode 502  Reward:   0.263598  Wealth:    151900.27  Turnover: 0.3898  Gross: 1.4050  Gate: 0.8101
Episode 503  Reward:   0.024009  Wealth:    110266.31  Turnover: 0.3220  Gross: 1.4000  Gate: 0.8000
Episode 504  Reward:   0.128106  Wealth:    124852.60  Turnover: 0.3835  Gross: 1.3948  Gate: 0.7896
Episode 505  Reward:   0.196525  Wealth:    137729.74  Turnover: 0.4867  Gross: 1.3864  Gate: 0.7728
Episode 506  Reward:  -0.013153  Wealth:    109816.02  Turnover: 0.7119  Gross: 1.3882  Gate: 0.7763
Episode 507  Reward:   0.071869  Wealth:    118975.25  Turnover: 0.6482  Gross: 1.3947  Gate: 0.7894
Episode 508  Reward:   0.163914  Wealth:    131716.69  Turnover: 0.6042  Gross: 1.4015  Gate: 0.8030
Episode 509  Reward:   0.033865  Wealth:    111965.94  Turnover: 0.4615  Gross: 1.4013  Gate: 0.8027
Episode 510  Reward:   0.094386  Wealth:    121957.33  Turnover: 0.6486  Gross: 1.4024  Gate: 0.8047
Episode    510  AvgReward:   0.102034  Noise: 0.0541
Episode 511  Reward:   0.049991  Wealth:    113236.54  Turnover: 0.5416  Gross: 1.3908  Gate: 0.7816
Episode 512  Reward:   0.050808  Wealth:    114873.66  Turnover: 0.3516  Gross: 1.4082  Gate: 0.8164
Episode 513  Reward:   0.082155  Wealth:    117410.37  Turnover: 0.4110  Gross: 1.3905  Gate: 0.7810
Episode 514  Reward:  -0.021360  Wealth:    108653.52  Turnover: 0.5398  Gross: 1.4008  Gate: 0.8017
Episode 515  Reward:   0.211326  Wealth:    138641.36  Turnover: 0.6780  Gross: 1.3982  Gate: 0.7963
Episode 516  Reward:   0.131239  Wealth:    125621.82  Turnover: 0.3069  Gross: 1.4038  Gate: 0.8076
Episode 517  Reward:   0.062888  Wealth:    117836.92  Turnover: 0.3885  Gross: 1.4065  Gate: 0.8129
Episode 518  Reward:   0.126696  Wealth:    125696.42  Turnover: 0.2959  Gross: 1.4075  Gate: 0.8150
Episode 519  Reward:   0.155613  Wealth:    132522.45  Turnover: 0.4803  Gross: 1.4037  Gate: 0.8074
Episode 520  Reward:  -0.296508  Wealth:     86094.93  Turnover: 0.4898  Gross: 1.3940  Gate: 0.7881
Episode    520  AvgReward:   0.055285  Noise: 0.0531
Episode 521  Reward:   0.140186  Wealth:    132330.43  Turnover: 0.5302  Gross: 1.3846  Gate: 0.7693
Episode 522  Reward:   0.166143  Wealth:    134187.09  Turnover: 0.6261  Gross: 1.4007  Gate: 0.8013
Episode 523  Reward:   0.179405  Wealth:    137363.40  Turnover: 0.5240  Gross: 1.4064  Gate: 0.8127
Episode 524  Reward:   0.050314  Wealth:    116713.89  Turnover: 0.4840  Gross: 1.4000  Gate: 0.8000
Episode 525  Reward:   0.256975  Wealth:    153061.64  Turnover: 0.5280  Gross: 1.4035  Gate: 0.8071
Episode 526  Reward:   0.130675  Wealth:    125889.09  Turnover: 0.4314  Gross: 1.4053  Gate: 0.8105
Episode 527  Reward:   0.171801  Wealth:    135766.34  Turnover: 0.3839  Gross: 1.4011  Gate: 0.8022
Episode 528  Reward:  -0.153511  Wealth:     92569.05  Turnover: 0.4938  Gross: 1.4037  Gate: 0.8074
Episode 529  Reward:   0.078700  Wealth:    120065.84  Turnover: 0.4009  Gross: 1.3976  Gate: 0.7952
Episode 530  Reward:   0.244625  Wealth:    147109.57  Turnover: 0.6590  Gross: 1.4023  Gate: 0.8045
Episode    530  AvgReward:   0.126531  Noise: 0.0520
Episode 531  Reward:   0.053290  Wealth:    113942.59  Turnover: 0.4361  Gross: 1.3959  Gate: 0.7917
Episode 532  Reward:   0.135698  Wealth:    126770.18  Turnover: 0.3444  Gross: 1.4093  Gate: 0.8186
Episode 533  Reward:   0.166547  Wealth:    132598.90  Turnover: 0.3606  Gross: 1.4076  Gate: 0.8152
Episode 534  Reward:   0.230337  Wealth:    144534.85  Turnover: 0.3378  Gross: 1.3987  Gate: 0.7974
Episode 535  Reward:   0.132969  Wealth:    126596.85  Turnover: 0.4563  Gross: 1.4014  Gate: 0.8028
Episode 536  Reward:   0.007704  Wealth:    108682.15  Turnover: 0.4050  Gross: 1.4063  Gate: 0.8126
Episode 537  Reward:   0.218372  Wealth:    141896.30  Turnover: 0.2865  Gross: 1.4055  Gate: 0.8110
Episode 538  Reward:   0.224157  Wealth:    140851.67  Turnover: 0.4768  Gross: 1.3916  Gate: 0.7832
Episode 539  Reward:   0.119560  Wealth:    129468.99  Turnover: 0.4974  Gross: 1.3924  Gate: 0.7848
Episode 540  Reward:   0.180855  Wealth:    138179.38  Turnover: 0.4529  Gross: 1.4041  Gate: 0.8081
Episode    540  AvgReward:   0.146949  Noise: 0.0510
Episode 541  Reward:   0.165165  Wealth:    131065.29  Turnover: 0.2970  Gross: 1.4044  Gate: 0.8089
Episode 542  Reward:   0.241165  Wealth:    151084.39  Turnover: 0.4541  Gross: 1.4002  Gate: 0.8005
Episode 543  Reward:  -0.149801  Wealth:     95257.71  Turnover: 0.5232  Gross: 1.3937  Gate: 0.7875
Episode 544  Reward:   0.226467  Wealth:    144492.18  Turnover: 0.4334  Gross: 1.4062  Gate: 0.8123
Episode 545  Reward:   0.176665  Wealth:    133892.80  Turnover: 0.3304  Gross: 1.4042  Gate: 0.8084
Episode 546  Reward:   0.120976  Wealth:    126909.34  Turnover: 0.4772  Gross: 1.3927  Gate: 0.7854
Episode 547  Reward:   0.208934  Wealth:    140822.59  Turnover: 0.5534  Gross: 1.3969  Gate: 0.7939
Episode 548  Reward:  -0.211718  Wealth:     91145.19  Turnover: 0.6691  Gross: 1.3954  Gate: 0.7909
Episode 549  Reward:   0.106048  Wealth:    122781.89  Turnover: 0.4457  Gross: 1.3984  Gate: 0.7967
Episode 550  Reward:   0.016926  Wealth:    110238.31  Turnover: 0.3805  Gross: 1.4041  Gate: 0.8083
Episode    550  AvgReward:   0.090083  Noise: 0.0500
Episode 551  Reward:   0.323171  Wealth:    168741.63  Turnover: 0.4499  Gross: 1.3954  Gate: 0.7907
Episode 552  Reward:   0.198659  Wealth:    138155.50  Turnover: 0.5318  Gross: 1.3968  Gate: 0.7936
Episode 553  Reward:   0.021370  Wealth:    113746.32  Turnover: 0.4633  Gross: 1.4011  Gate: 0.8021
Episode 554  Reward:   0.151866  Wealth:    131837.91  Turnover: 0.3651  Gross: 1.3989  Gate: 0.7977
Episode 555  Reward:   0.222721  Wealth:    141975.98  Turnover: 0.3150  Gross: 1.4011  Gate: 0.8022
Episode 556  Reward:   0.192497  Wealth:    136965.27  Turnover: 0.4861  Gross: 1.4065  Gate: 0.8131
Episode 557  Reward:   0.258133  Wealth:    149601.81  Turnover: 0.6224  Gross: 1.4014  Gate: 0.8028
Episode 558  Reward:   0.050960  Wealth:    116043.93  Turnover: 0.3360  Gross: 1.4054  Gate: 0.8109
Episode 559  Reward:  -0.231161  Wealth:     86929.93  Turnover: 0.3228  Gross: 1.4046  Gate: 0.8091
Episode 560  Reward:   0.167394  Wealth:    131576.47  Turnover: 0.5280  Gross: 1.4031  Gate: 0.8061
Episode    560  AvgReward:   0.135561  Noise: 0.0490
Episode 561  Reward:   0.200821  Wealth:    137087.21  Turnover: 0.4881  Gross: 1.3742  Gate: 0.7484
Episode 562  Reward:   0.289770  Wealth:    161643.32  Turnover: 0.6792  Gross: 1.3977  Gate: 0.7953
Episode 563  Reward:   0.086265  Wealth:    120592.95  Turnover: 0.5831  Gross: 1.3874  Gate: 0.7747
Episode 564  Reward:   0.204577  Wealth:    142440.92  Turnover: 0.5059  Gross: 1.3961  Gate: 0.7923
Episode 565  Reward:   0.179274  Wealth:    139388.33  Turnover: 0.4111  Gross: 1.4034  Gate: 0.8068
Episode 566  Reward:   0.205588  Wealth:    141570.01  Turnover: 0.5226  Gross: 1.3975  Gate: 0.7950
Episode 567  Reward:  -0.048974  Wealth:    102823.52  Turnover: 0.5164  Gross: 1.3875  Gate: 0.7750
Episode 568  Reward:  -0.004147  Wealth:    111094.38  Turnover: 0.5540  Gross: 1.4026  Gate: 0.8053
Episode 569  Reward:   0.217349  Wealth:    141241.43  Turnover: 0.3306  Gross: 1.3894  Gate: 0.7787
Episode 570  Reward:   0.252937  Wealth:    149470.67  Turnover: 0.3429  Gross: 1.3962  Gate: 0.7924
Episode    570  AvgReward:   0.158346  Noise: 0.0480
Episode 571  Reward:   0.113103  Wealth:    124107.71  Turnover: 0.4653  Gross: 1.4068  Gate: 0.8136
Episode 572  Reward:   0.160561  Wealth:    132286.07  Turnover: 0.5497  Gross: 1.4051  Gate: 0.8101
Episode 573  Reward:   0.221820  Wealth:    142668.14  Turnover: 0.4007  Gross: 1.3986  Gate: 0.7972
Episode 574  Reward:  -0.117468  Wealth:     97747.18  Turnover: 0.5471  Gross: 1.3938  Gate: 0.7875
Episode 575  Reward:  -0.524296  Wealth:     70358.53  Turnover: 0.5816  Gross: 1.3863  Gate: 0.7725
Episode 576  Reward:   0.072244  Wealth:    118770.77  Turnover: 0.4058  Gross: 1.3976  Gate: 0.7952
Episode 577  Reward:  -0.153255  Wealth:     92194.54  Turnover: 0.6011  Gross: 1.3874  Gate: 0.7749
Episode 578  Reward:   0.233919  Wealth:    145232.09  Turnover: 0.4430  Gross: 1.4036  Gate: 0.8072
Episode 579  Reward:   0.058449  Wealth:    114766.07  Turnover: 0.5233  Gross: 1.3989  Gate: 0.7978
Episode 580  Reward:   0.067769  Wealth:    117423.03  Turnover: 0.4374  Gross: 1.4055  Gate: 0.8110
Episode    580  AvgReward:   0.013285  Noise: 0.0471
Episode 581  Reward:   0.049048  Wealth:    114285.86  Turnover: 0.4080  Gross: 1.4088  Gate: 0.8176
Episode 582  Reward:   0.174180  Wealth:    133384.19  Turnover: 0.7108  Gross: 1.3938  Gate: 0.7876
Episode 583  Reward:  -0.107223  Wealth:     97714.45  Turnover: 0.6433  Gross: 1.4032  Gate: 0.8064
Episode 584  Reward:   0.069667  Wealth:    119543.53  Turnover: 0.6044  Gross: 1.3856  Gate: 0.7712
Episode 585  Reward:  -0.036810  Wealth:    104206.36  Turnover: 0.4319  Gross: 1.4029  Gate: 0.8059
Episode 586  Reward:   0.102115  Wealth:    122746.32  Turnover: 0.6050  Gross: 1.3895  Gate: 0.7789
Episode 587  Reward:  -0.095827  Wealth:     97074.13  Turnover: 0.4405  Gross: 1.3833  Gate: 0.7666
Episode 588  Reward:   0.018118  Wealth:    110841.86  Turnover: 0.4071  Gross: 1.4024  Gate: 0.8048
Episode 589  Reward:   0.009865  Wealth:    111784.45  Turnover: 0.3096  Gross: 1.4024  Gate: 0.8048
Episode 590  Reward:   0.186780  Wealth:    142097.78  Turnover: 0.4295  Gross: 1.4014  Gate: 0.8029
Episode    590  AvgReward:   0.036991  Noise: 0.0461
Episode 591  Reward:   0.216415  Wealth:    143127.91  Turnover: 0.4033  Gross: 1.4090  Gate: 0.8179
Episode 592  Reward:   0.019632  Wealth:    112206.94  Turnover: 0.6583  Gross: 1.3977  Gate: 0.7955
Episode 593  Reward:  -0.059001  Wealth:    104168.57  Turnover: 0.6221  Gross: 1.3996  Gate: 0.7992
Episode 594  Reward:   0.319537  Wealth:    162673.67  Turnover: 0.5506  Gross: 1.3989  Gate: 0.7978
Episode 595  Reward:   0.200705  Wealth:    139954.75  Turnover: 0.4290  Gross: 1.4042  Gate: 0.8084
Episode 596  Reward:   0.212798  Wealth:    140252.45  Turnover: 0.3686  Gross: 1.3961  Gate: 0.7923
Episode 597  Reward:   0.268766  Wealth:    155189.69  Turnover: 0.4637  Gross: 1.4022  Gate: 0.8045
Episode 598  Reward:   0.073715  Wealth:    120962.07  Turnover: 0.6857  Gross: 1.3945  Gate: 0.7890
Episode 599  Reward:  -0.158302  Wealth:     94016.21  Turnover: 0.4097  Gross: 1.4003  Gate: 0.8007
Episode 600  Reward:  -0.125623  Wealth:     95989.49  Turnover: 0.4477  Gross: 1.4096  Gate: 0.8193
Episode    600  AvgReward:   0.096864  Noise: 0.0452
Episode 601  Reward:   0.083924  Wealth:    120639.26  Turnover: 0.4126  Gross: 1.3991  Gate: 0.7983
Episode 602  Reward:   0.275968  Wealth:    162119.73  Turnover: 0.3782  Gross: 1.3947  Gate: 0.7895
Episode 603  Reward:  -0.184421  Wealth:     90468.28  Turnover: 0.5434  Gross: 1.4021  Gate: 0.8042
Episode 604  Reward:   0.108312  Wealth:    122853.26  Turnover: 0.3709  Gross: 1.4068  Gate: 0.8136
Episode 605  Reward:   0.089941  Wealth:    120834.62  Turnover: 0.4257  Gross: 1.3882  Gate: 0.7765
Episode 606  Reward:  -0.288073  Wealth:     84552.69  Turnover: 0.5497  Gross: 1.3938  Gate: 0.7876
Episode 607  Reward:   0.144566  Wealth:    130918.95  Turnover: 0.7150  Gross: 1.3980  Gate: 0.7960
Episode 608  Reward:   0.184620  Wealth:    133877.88  Turnover: 0.3194  Gross: 1.3969  Gate: 0.7939
Episode 609  Reward:   0.084022  Wealth:    119772.64  Turnover: 0.3572  Gross: 1.4014  Gate: 0.8028
Episode 610  Reward:   0.262198  Wealth:    148916.39  Turnover: 0.4650  Gross: 1.3670  Gate: 0.7340
Episode    610  AvgReward:   0.076106  Noise: 0.0443
Episode 611  Reward:   0.037979  Wealth:    117266.65  Turnover: 0.4638  Gross: 1.3918  Gate: 0.7836
Episode 612  Reward:   0.100600  Wealth:    122929.27  Turnover: 0.4427  Gross: 1.4053  Gate: 0.8106
Episode 613  Reward:   0.059614  Wealth:    114459.69  Turnover: 0.4799  Gross: 1.3940  Gate: 0.7879
Episode 614  Reward:   0.048508  Wealth:    114960.73  Turnover: 0.4413  Gross: 1.3882  Gate: 0.7764
Episode 615  Reward:   0.328737  Wealth:    165689.08  Turnover: 0.4505  Gross: 1.3963  Gate: 0.7926
Episode 616  Reward:  -0.052039  Wealth:    105554.77  Turnover: 0.6586  Gross: 1.3946  Gate: 0.7893
Episode 617  Reward:  -0.096562  Wealth:    101228.20  Turnover: 0.6167  Gross: 1.3960  Gate: 0.7920
Episode 618  Reward:   0.127495  Wealth:    129609.54  Turnover: 0.4602  Gross: 1.3981  Gate: 0.7961
Episode 619  Reward:   0.025960  Wealth:    113320.17  Turnover: 0.4255  Gross: 1.3975  Gate: 0.7951
Episode 620  Reward:   0.187955  Wealth:    134311.01  Turnover: 0.3645  Gross: 1.4017  Gate: 0.8035
Episode    620  AvgReward:   0.076825  Noise: 0.0434
Episode 621  Reward:   0.175944  Wealth:    138036.41  Turnover: 0.3826  Gross: 1.4056  Gate: 0.8112
Episode 622  Reward:  -0.040881  Wealth:    104324.03  Turnover: 0.5257  Gross: 1.3936  Gate: 0.7872
Episode 623  Reward:   0.161122  Wealth:    134077.30  Turnover: 0.3640  Gross: 1.4030  Gate: 0.8060
Episode 624  Reward:   0.022551  Wealth:    113971.76  Turnover: 0.3122  Gross: 1.4054  Gate: 0.8108
Episode 625  Reward:  -0.015564  Wealth:    107743.29  Turnover: 0.5910  Gross: 1.3964  Gate: 0.7928
Episode 626  Reward:   0.026782  Wealth:    113150.11  Turnover: 0.5139  Gross: 1.4018  Gate: 0.8036
Episode 627  Reward:   0.115689  Wealth:    126751.35  Turnover: 0.5023  Gross: 1.4105  Gate: 0.8210
Episode 628  Reward:   0.106322  Wealth:    122534.79  Turnover: 0.7450  Gross: 1.3975  Gate: 0.7951
Episode 629  Reward:   0.064626  Wealth:    120077.56  Turnover: 0.5072  Gross: 1.3991  Gate: 0.7982
Episode 630  Reward:  -0.016260  Wealth:    108955.42  Turnover: 0.4909  Gross: 1.3907  Gate: 0.7814
Episode    630  AvgReward:   0.060033  Noise: 0.0426
Episode 631  Reward:   0.058677  Wealth:    115125.12  Turnover: 0.3822  Gross: 1.4009  Gate: 0.8018
Episode 632  Reward:   0.293345  Wealth:    160177.84  Turnover: 0.4477  Gross: 1.4017  Gate: 0.8035
Episode 633  Reward:   0.004139  Wealth:    111971.50  Turnover: 0.5149  Gross: 1.4013  Gate: 0.8027
Episode 634  Reward:   0.118148  Wealth:    124844.22  Turnover: 0.4414  Gross: 1.4074  Gate: 0.8149
Episode 635  Reward:  -0.026119  Wealth:    105104.27  Turnover: 0.6140  Gross: 1.3884  Gate: 0.7769
Episode 636  Reward:   0.180600  Wealth:    136342.11  Turnover: 0.5292  Gross: 1.4070  Gate: 0.8140
Episode 637  Reward:  -0.031903  Wealth:    110717.65  Turnover: 0.5278  Gross: 1.3780  Gate: 0.7561
Episode 638  Reward:   0.016635  Wealth:    109553.19  Turnover: 0.4468  Gross: 1.3987  Gate: 0.7975
Episode 639  Reward:   0.255569  Wealth:    155771.03  Turnover: 0.4815  Gross: 1.3960  Gate: 0.7920
Episode 640  Reward:   0.082085  Wealth:    118851.43  Turnover: 0.3746  Gross: 1.4047  Gate: 0.8095
Episode    640  AvgReward:   0.095118  Noise: 0.0417
Episode 641  Reward:   0.064802  Wealth:    117283.98  Turnover: 0.6923  Gross: 1.4007  Gate: 0.8013
Episode 642  Reward:   0.436969  Wealth:    215692.63  Turnover: 0.4517  Gross: 1.4080  Gate: 0.8161
Episode 643  Reward:   0.170914  Wealth:    134132.70  Turnover: 0.7888  Gross: 1.3964  Gate: 0.7929
Episode 644  Reward:   0.074747  Wealth:    118724.80  Turnover: 0.6750  Gross: 1.4014  Gate: 0.8028
Episode 645  Reward:   0.206595  Wealth:    141017.16  Turnover: 0.4031  Gross: 1.4082  Gate: 0.8165
Episode 646  Reward:   0.111688  Wealth:    122416.86  Turnover: 0.4666  Gross: 1.4070  Gate: 0.8139
Episode 647  Reward:   0.134330  Wealth:    132988.03  Turnover: 0.4709  Gross: 1.3948  Gate: 0.7896
Episode 648  Reward:  -0.073766  Wealth:    101637.89  Turnover: 0.2889  Gross: 1.4005  Gate: 0.8009
Episode 649  Reward:   0.251837  Wealth:    147030.78  Turnover: 0.6070  Gross: 1.3937  Gate: 0.7873
Episode 650  Reward:   0.014138  Wealth:    109185.03  Turnover: 0.5914  Gross: 1.3914  Gate: 0.7828
Episode    650  AvgReward:   0.139225  Noise: 0.0409
Episode 651  Reward:   0.101224  Wealth:    122176.63  Turnover: 0.5820  Gross: 1.4105  Gate: 0.8209
Episode 652  Reward:   0.080351  Wealth:    118604.73  Turnover: 0.6711  Gross: 1.3860  Gate: 0.7720
Episode 653  Reward:   0.016880  Wealth:    111305.09  Turnover: 0.5686  Gross: 1.3885  Gate: 0.7769
Episode 654  Reward:   0.064277  Wealth:    115452.58  Turnover: 0.4396  Gross: 1.4006  Gate: 0.8012
Episode 655  Reward:   0.095018  Wealth:    121639.54  Turnover: 0.7925  Gross: 1.4024  Gate: 0.8049
Episode 656  Reward:   0.054962  Wealth:    116571.09  Turnover: 0.5981  Gross: 1.3987  Gate: 0.7974
Episode 657  Reward:   0.154272  Wealth:    134319.07  Turnover: 0.3784  Gross: 1.3957  Gate: 0.7914
Episode 658  Reward:   0.140547  Wealth:    133131.50  Turnover: 0.5154  Gross: 1.3973  Gate: 0.7947
Episode 659  Reward:   0.099129  Wealth:    125749.90  Turnover: 0.5782  Gross: 1.3973  Gate: 0.7947
Episode 660  Reward:  -0.199188  Wealth:     89425.34  Turnover: 0.5950  Gross: 1.3886  Gate: 0.7772
Episode    660  AvgReward:   0.060747  Noise: 0.0401
Episode 661  Reward:   0.273297  Wealth:    153283.96  Turnover: 0.6439  Gross: 1.3953  Gate: 0.7907
Episode 662  Reward:   0.246736  Wealth:    147727.00  Turnover: 0.4767  Gross: 1.4020  Gate: 0.8040
Episode 663  Reward:   0.102930  Wealth:    121590.86  Turnover: 0.5641  Gross: 1.3971  Gate: 0.7942
Episode 664  Reward:  -0.039414  Wealth:    105127.05  Turnover: 0.4326  Gross: 1.3977  Gate: 0.7954
Episode 665  Reward:  -0.076096  Wealth:    100344.99  Turnover: 0.3821  Gross: 1.4062  Gate: 0.8125
Episode 666  Reward:   0.048373  Wealth:    115229.82  Turnover: 0.4837  Gross: 1.4005  Gate: 0.8011
Episode 667  Reward:   0.096178  Wealth:    119300.19  Turnover: 0.4354  Gross: 1.3889  Gate: 0.7779
Episode 668  Reward:  -0.018259  Wealth:    108805.71  Turnover: 0.6801  Gross: 1.3958  Gate: 0.7917
Episode 669  Reward:  -0.001594  Wealth:    111121.27  Turnover: 0.5203  Gross: 1.4016  Gate: 0.8032
Episode 670  Reward:   0.130777  Wealth:    131734.85  Turnover: 0.4235  Gross: 1.3984  Gate: 0.7967
Episode    670  AvgReward:   0.076293  Noise: 0.0393
Episode 671  Reward:   0.080928  Wealth:    120813.74  Turnover: 0.5368  Gross: 1.3989  Gate: 0.7979
Episode 672  Reward:   0.171395  Wealth:    133522.78  Turnover: 0.5234  Gross: 1.4032  Gate: 0.8065
Episode 673  Reward:   0.074725  Wealth:    118526.57  Turnover: 0.4772  Gross: 1.4000  Gate: 0.8000
Episode 674  Reward:   0.362146  Wealth:    176509.75  Turnover: 0.5342  Gross: 1.3991  Gate: 0.7982
Episode 675  Reward:   0.106293  Wealth:    126971.34  Turnover: 0.4146  Gross: 1.4033  Gate: 0.8066
Episode 676  Reward:  -0.155586  Wealth:     93974.73  Turnover: 0.6568  Gross: 1.4031  Gate: 0.8061
Episode 677  Reward:   0.209350  Wealth:    139259.68  Turnover: 0.4921  Gross: 1.3970  Gate: 0.7940
Episode 678  Reward:  -0.090613  Wealth:     99625.48  Turnover: 0.5861  Gross: 1.3925  Gate: 0.7851
Episode 679  Reward:   0.080980  Wealth:    121757.42  Turnover: 0.4923  Gross: 1.4048  Gate: 0.8095
Episode 680  Reward:   0.195375  Wealth:    135908.73  Turnover: 0.4812  Gross: 1.3941  Gate: 0.7882
Episode    680  AvgReward:   0.103499  Noise: 0.0385
Episode 681  Reward:   0.298734  Wealth:    156745.53  Turnover: 0.4031  Gross: 1.3957  Gate: 0.7914
Episode 682  Reward:   0.163909  Wealth:    130778.87  Turnover: 0.5151  Gross: 1.3881  Gate: 0.7762
Episode 683  Reward:   0.214992  Wealth:    140156.48  Turnover: 0.6100  Gross: 1.3915  Gate: 0.7830
Episode 684  Reward:  -0.058597  Wealth:    104315.82  Turnover: 0.4091  Gross: 1.4030  Gate: 0.8061
Episode 685  Reward:   0.111535  Wealth:    126314.67  Turnover: 0.4393  Gross: 1.4056  Gate: 0.8112
Episode 686  Reward:   0.014956  Wealth:    115787.58  Turnover: 0.7595  Gross: 1.3902  Gate: 0.7803
Episode 687  Reward:   0.169378  Wealth:    131842.01  Turnover: 0.4718  Gross: 1.3943  Gate: 0.7886
Episode 688  Reward:  -0.105076  Wealth:    101489.59  Turnover: 0.6892  Gross: 1.3924  Gate: 0.7848
Episode 689  Reward:   0.069278  Wealth:    118961.34  Turnover: 0.6218  Gross: 1.3906  Gate: 0.7813
Episode 690  Reward:  -0.031698  Wealth:    106178.72  Turnover: 0.4373  Gross: 1.3950  Gate: 0.7901
Episode    690  AvgReward:   0.084741  Noise: 0.0378
Episode 691  Reward:   0.009340  Wealth:    109086.47  Turnover: 0.3129  Gross: 1.4017  Gate: 0.8034
Episode 692  Reward:   0.135754  Wealth:    127751.64  Turnover: 0.5503  Gross: 1.3996  Gate: 0.7992
Episode 693  Reward:  -0.001689  Wealth:    108664.27  Turnover: 0.6730  Gross: 1.3970  Gate: 0.7940
Episode 694  Reward:   0.148219  Wealth:    130510.23  Turnover: 0.5176  Gross: 1.4008  Gate: 0.8016
Episode 695  Reward:   0.233919  Wealth:    148535.12  Turnover: 0.4221  Gross: 1.4014  Gate: 0.8028
Episode 696  Reward:   0.179380  Wealth:    133973.14  Turnover: 0.4736  Gross: 1.4033  Gate: 0.8066
Episode 697  Reward:  -0.235729  Wealth:     88263.71  Turnover: 0.8343  Gross: 1.3946  Gate: 0.7892
Episode 698  Reward:  -0.008369  Wealth:    109662.13  Turnover: 0.7191  Gross: 1.3932  Gate: 0.7863
Episode 699  Reward:   0.131204  Wealth:    129834.39  Turnover: 0.3441  Gross: 1.3978  Gate: 0.7956
Episode 700  Reward:   0.065355  Wealth:    116668.77  Turnover: 0.3135  Gross: 1.4058  Gate: 0.8116
Episode    700  AvgReward:   0.065738  Noise: 0.0370
Episode 701  Reward:   0.168241  Wealth:    133081.73  Turnover: 0.5570  Gross: 1.4017  Gate: 0.8034
Episode 702  Reward:   0.206828  Wealth:    144024.55  Turnover: 0.4889  Gross: 1.4044  Gate: 0.8087
Episode 703  Reward:   0.139028  Wealth:    125282.22  Turnover: 0.5486  Gross: 1.3865  Gate: 0.7729
Episode 704  Reward:   0.152337  Wealth:    130661.59  Turnover: 0.6446  Gross: 1.4004  Gate: 0.8007
Episode 705  Reward:  -0.090050  Wealth:    100192.35  Turnover: 0.4085  Gross: 1.4081  Gate: 0.8162
Episode 706  Reward:   0.164084  Wealth:    131844.77  Turnover: 0.5837  Gross: 1.4072  Gate: 0.8145
Episode 707  Reward:   0.306434  Wealth:    161250.91  Turnover: 0.3446  Gross: 1.4041  Gate: 0.8082
Episode 708  Reward:   0.077779  Wealth:    117470.36  Turnover: 0.5991  Gross: 1.4011  Gate: 0.8022
Episode 709  Reward:   0.118983  Wealth:    125785.69  Turnover: 0.4560  Gross: 1.4037  Gate: 0.8073
Episode 710  Reward:   0.163276  Wealth:    133565.74  Turnover: 0.6038  Gross: 1.3932  Gate: 0.7864
Episode    710  AvgReward:   0.140694  Noise: 0.0363
Episode 711  Reward:  -0.020190  Wealth:    106292.26  Turnover: 0.4473  Gross: 1.4058  Gate: 0.8116
Episode 712  Reward:   0.183978  Wealth:    135853.28  Turnover: 0.6501  Gross: 1.4040  Gate: 0.8079
Episode 713  Reward:  -0.301783  Wealth:     83830.44  Turnover: 0.3936  Gross: 1.3949  Gate: 0.7898
Episode 714  Reward:   0.177890  Wealth:    133525.48  Turnover: 0.4563  Gross: 1.4048  Gate: 0.8097
Episode 715  Reward:   0.051552  Wealth:    114042.48  Turnover: 0.5023  Gross: 1.4020  Gate: 0.8039
Episode 716  Reward:   0.166517  Wealth:    129591.82  Turnover: 0.4844  Gross: 1.4000  Gate: 0.8000
Episode 717  Reward:   0.267506  Wealth:    150172.32  Turnover: 0.5195  Gross: 1.3964  Gate: 0.7929
Episode 718  Reward:   0.139777  Wealth:    127103.68  Turnover: 0.6860  Gross: 1.3978  Gate: 0.7957
Episode 719  Reward:   0.058218  Wealth:    114265.22  Turnover: 0.6527  Gross: 1.3872  Gate: 0.7744
Episode 720  Reward:   0.057927  Wealth:    114149.78  Turnover: 0.2713  Gross: 1.3938  Gate: 0.7877
Episode    720  AvgReward:   0.078139  Noise: 0.0356
Episode 721  Reward:   0.130380  Wealth:    125945.74  Turnover: 0.4025  Gross: 1.4040  Gate: 0.8079
Episode 722  Reward:  -0.086583  Wealth:    100414.21  Turnover: 0.6168  Gross: 1.3968  Gate: 0.7935
Episode 723  Reward:   0.371930  Wealth:    178479.59  Turnover: 0.4065  Gross: 1.4045  Gate: 0.8090
Episode 724  Reward:  -0.056700  Wealth:    103589.14  Turnover: 0.5340  Gross: 1.4008  Gate: 0.8017
Episode 725  Reward:   0.199792  Wealth:    138080.03  Turnover: 0.4910  Gross: 1.4026  Gate: 0.8052
Episode 726  Reward:   0.005717  Wealth:    108387.47  Turnover: 0.3633  Gross: 1.4019  Gate: 0.8039
Episode 727  Reward:  -0.017094  Wealth:    106154.52  Turnover: 0.7224  Gross: 1.4022  Gate: 0.8045
Episode 728  Reward:   0.063605  Wealth:    117746.83  Turnover: 0.5806  Gross: 1.4072  Gate: 0.8143
Episode 729  Reward:  -0.058564  Wealth:    100537.00  Turnover: 0.3777  Gross: 1.4010  Gate: 0.8019
Episode 730  Reward:   0.054349  Wealth:    113381.65  Turnover: 0.3444  Gross: 1.4060  Gate: 0.8120
Episode    730  AvgReward:   0.060683  Noise: 0.0349
Episode 731  Reward:   0.140810  Wealth:    127395.87  Turnover: 0.5183  Gross: 1.3984  Gate: 0.7967
Episode 732  Reward:   0.125091  Wealth:    122529.50  Turnover: 0.3312  Gross: 1.3967  Gate: 0.7934
Episode 733  Reward:   0.170852  Wealth:    130247.72  Turnover: 0.5532  Gross: 1.4010  Gate: 0.8021
Episode 734  Reward:   0.069916  Wealth:    115100.47  Turnover: 0.3169  Gross: 1.3987  Gate: 0.7974
Episode 735  Reward:   0.149305  Wealth:    127093.46  Turnover: 0.4216  Gross: 1.4026  Gate: 0.8052
Episode 736  Reward:   0.031700  Wealth:    114793.46  Turnover: 0.7017  Gross: 1.3955  Gate: 0.7910
Episode 737  Reward:  -0.071374  Wealth:     99820.41  Turnover: 0.5624  Gross: 1.3949  Gate: 0.7898
Episode 738  Reward:   0.153644  Wealth:    128456.82  Turnover: 0.4255  Gross: 1.4010  Gate: 0.8021
Episode 739  Reward:   0.260675  Wealth:    148131.05  Turnover: 0.4854  Gross: 1.3983  Gate: 0.7965
Episode 740  Reward:   0.130081  Wealth:    126370.05  Turnover: 0.6308  Gross: 1.4006  Gate: 0.8013
Episode    740  AvgReward:   0.116070  Noise: 0.0342
Episode 741  Reward:   0.182497  Wealth:    134418.64  Turnover: 0.5327  Gross: 1.4060  Gate: 0.8120
Episode 742  Reward:   0.123242  Wealth:    123941.19  Turnover: 0.5996  Gross: 1.4030  Gate: 0.8060
Episode 743  Reward:   0.077347  Wealth:    116195.69  Turnover: 0.2952  Gross: 1.4026  Gate: 0.8051
Episode 744  Reward:   0.010590  Wealth:    108973.61  Turnover: 0.4076  Gross: 1.4034  Gate: 0.8068
Episode 745  Reward:   0.048096  Wealth:    114164.80  Turnover: 0.5054  Gross: 1.4010  Gate: 0.8020
Episode 746  Reward:  -0.120237  Wealth:     94977.57  Turnover: 0.5860  Gross: 1.3753  Gate: 0.7506
Episode 747  Reward:   0.016449  Wealth:    110374.41  Turnover: 0.5002  Gross: 1.3989  Gate: 0.7977
Episode 748  Reward:   0.144968  Wealth:    128297.71  Turnover: 0.3957  Gross: 1.4010  Gate: 0.8020
Episode 749  Reward:  -0.026882  Wealth:    106078.52  Turnover: 0.4029  Gross: 1.4069  Gate: 0.8138
Episode 750  Reward:   0.066559  Wealth:    120328.11  Turnover: 0.4824  Gross: 1.3826  Gate: 0.7653
Episode    750  AvgReward:   0.052263  Noise: 0.0335
Episode 751  Reward:   0.260596  Wealth:    149057.38  Turnover: 0.4715  Gross: 1.4007  Gate: 0.8015
Episode 752  Reward:  -0.016580  Wealth:    105578.35  Turnover: 0.3439  Gross: 1.4055  Gate: 0.8110
Episode 753  Reward:  -0.044148  Wealth:    102410.73  Turnover: 0.6798  Gross: 1.3990  Gate: 0.7981
Episode 754  Reward:   0.073486  Wealth:    116601.72  Turnover: 0.4951  Gross: 1.3984  Gate: 0.7968
Episode 755  Reward:   0.125292  Wealth:    128950.98  Turnover: 0.4803  Gross: 1.3979  Gate: 0.7959
Episode 756  Reward:   0.144888  Wealth:    133668.03  Turnover: 0.4306  Gross: 1.3964  Gate: 0.7929
Episode 757  Reward:   0.003785  Wealth:    107848.45  Turnover: 0.3324  Gross: 1.4033  Gate: 0.8067
Episode 758  Reward:   0.201077  Wealth:    138808.15  Turnover: 0.6701  Gross: 1.4029  Gate: 0.8059
Episode 759  Reward:   0.097597  Wealth:    119613.32  Turnover: 0.4512  Gross: 1.4065  Gate: 0.8130
Episode 760  Reward:   0.102589  Wealth:    120186.72  Turnover: 0.4258  Gross: 1.3999  Gate: 0.7998
Episode    760  AvgReward:   0.094858  Noise: 0.0328
Episode 761  Reward:   0.141249  Wealth:    126843.15  Turnover: 0.4007  Gross: 1.3988  Gate: 0.7977
Episode 762  Reward:   0.108747  Wealth:    123307.80  Turnover: 0.3697  Gross: 1.3953  Gate: 0.7907
Episode 763  Reward:   0.104160  Wealth:    122228.90  Turnover: 0.7053  Gross: 1.4041  Gate: 0.8082
Episode 764  Reward:   0.198039  Wealth:    136613.87  Turnover: 0.7955  Gross: 1.4063  Gate: 0.8126
Episode 765  Reward:   0.173893  Wealth:    133086.15  Turnover: 0.7227  Gross: 1.4024  Gate: 0.8047
Episode 766  Reward:   0.137634  Wealth:    125033.69  Turnover: 0.4494  Gross: 1.4057  Gate: 0.8114
Episode 767  Reward:   0.198224  Wealth:    136186.43  Turnover: 0.5708  Gross: 1.3947  Gate: 0.7893
Episode 768  Reward:  -0.120345  Wealth:     95284.75  Turnover: 0.2336  Gross: 1.3973  Gate: 0.7947
Episode 769  Reward:   0.133696  Wealth:    128192.06  Turnover: 0.5382  Gross: 1.3945  Gate: 0.7890
Episode 770  Reward:   0.088758  Wealth:    121167.73  Turnover: 0.6015  Gross: 1.4018  Gate: 0.8036
Episode    770  AvgReward:   0.116406  Noise: 0.0322
Episode 771  Reward:  -0.138394  Wealth:     93831.26  Turnover: 0.5892  Gross: 1.4010  Gate: 0.8021
Episode 772  Reward:   0.073318  Wealth:    118541.32  Turnover: 0.5686  Gross: 1.4012  Gate: 0.8023
Episode 773  Reward:   0.228758  Wealth:    146736.68  Turnover: 0.6096  Gross: 1.4056  Gate: 0.8112
Episode 774  Reward:   0.221909  Wealth:    142108.21  Turnover: 0.4600  Gross: 1.4067  Gate: 0.8133
Episode 775  Reward:  -0.054122  Wealth:    102998.35  Turnover: 0.4209  Gross: 1.4048  Gate: 0.8095
Episode 776  Reward:  -0.016377  Wealth:    110333.71  Turnover: 0.3725  Gross: 1.3979  Gate: 0.7957
Episode 777  Reward:  -0.001926  Wealth:    108558.55  Turnover: 0.6152  Gross: 1.4052  Gate: 0.8103
Episode 778  Reward:   0.122777  Wealth:    125601.85  Turnover: 0.5745  Gross: 1.4075  Gate: 0.8150
Episode 779  Reward:   0.285412  Wealth:    157969.48  Turnover: 0.6329  Gross: 1.4012  Gate: 0.8025
Episode 780  Reward:  -0.092890  Wealth:     99164.55  Turnover: 0.5235  Gross: 1.3976  Gate: 0.7952
Episode    780  AvgReward:   0.062846  Noise: 0.0315
Episode 781  Reward:   0.109563  Wealth:    123294.36  Turnover: 0.4076  Gross: 1.3973  Gate: 0.7945
Episode 782  Reward:   0.120228  Wealth:    123205.77  Turnover: 0.4720  Gross: 1.3887  Gate: 0.7775
Episode 783  Reward:   0.112618  Wealth:    122878.08  Turnover: 0.5403  Gross: 1.3992  Gate: 0.7985
Episode 784  Reward:   0.303134  Wealth:    158548.11  Turnover: 0.5543  Gross: 1.3987  Gate: 0.7974
Episode 785  Reward:   0.160178  Wealth:    129947.09  Turnover: 0.3422  Gross: 1.4019  Gate: 0.8038
Episode 786  Reward:   0.133173  Wealth:    125335.51  Turnover: 0.5294  Gross: 1.4016  Gate: 0.8033
Episode 787  Reward:  -0.191957  Wealth:     93110.47  Turnover: 0.7145  Gross: 1.3910  Gate: 0.7821
Episode 788  Reward:   0.167944  Wealth:    131890.20  Turnover: 0.2994  Gross: 1.4024  Gate: 0.8047
Episode 789  Reward:   0.170332  Wealth:    133255.07  Turnover: 0.5725  Gross: 1.3973  Gate: 0.7946
Episode 790  Reward:   0.149710  Wealth:    128642.50  Turnover: 0.6755  Gross: 1.3905  Gate: 0.7811
Episode    790  AvgReward:   0.123492  Noise: 0.0309
Episode 791  Reward:   0.067445  Wealth:    116708.60  Turnover: 0.4305  Gross: 1.3961  Gate: 0.7922
Episode 792  Reward:   0.105848  Wealth:    121557.26  Turnover: 0.5880  Gross: 1.3984  Gate: 0.7967
Episode 793  Reward:   0.165208  Wealth:    131031.88  Turnover: 0.2162  Gross: 1.4015  Gate: 0.8031
Episode 794  Reward:   0.088341  Wealth:    119029.44  Turnover: 0.4482  Gross: 1.4001  Gate: 0.8003
Episode 795  Reward:  -0.087396  Wealth:    100367.05  Turnover: 0.5842  Gross: 1.4019  Gate: 0.8038
Episode 796  Reward:   0.234674  Wealth:    147558.49  Turnover: 0.4605  Gross: 1.4020  Gate: 0.8041
Episode 797  Reward:  -0.035759  Wealth:    104984.65  Turnover: 0.5174  Gross: 1.3999  Gate: 0.7998
Episode 798  Reward:   0.238163  Wealth:    143429.21  Turnover: 0.5544  Gross: 1.3971  Gate: 0.7942
Episode 799  Reward:   0.215623  Wealth:    140200.15  Turnover: 0.4803  Gross: 1.4017  Gate: 0.8034
Episode 800  Reward:   0.230272  Wealth:    142295.26  Turnover: 0.4011  Gross: 1.3954  Gate: 0.7907
Episode    800  AvgReward:   0.122242  Noise: 0.0303
Episode 801  Reward:   0.150627  Wealth:    127957.86  Turnover: 0.3999  Gross: 1.4050  Gate: 0.8101
Episode 802  Reward:   0.062922  Wealth:    115529.66  Turnover: 0.4272  Gross: 1.3967  Gate: 0.7935
Episode 803  Reward:   0.160556  Wealth:    133201.33  Turnover: 0.4641  Gross: 1.3981  Gate: 0.7961
Episode 804  Reward:   0.111425  Wealth:    122158.08  Turnover: 0.5202  Gross: 1.4043  Gate: 0.8085
Episode 805  Reward:   0.122906  Wealth:    125697.80  Turnover: 0.5206  Gross: 1.4032  Gate: 0.8064
Episode 806  Reward:   0.211009  Wealth:    138798.81  Turnover: 0.3372  Gross: 1.4016  Gate: 0.8033
Episode 807  Reward:   0.298042  Wealth:    158280.44  Turnover: 0.4932  Gross: 1.4014  Gate: 0.8028
Episode 808  Reward:   0.177685  Wealth:    132182.02  Turnover: 0.5021  Gross: 1.3941  Gate: 0.7883
Episode 809  Reward:   0.210902  Wealth:    140584.71  Turnover: 0.5949  Gross: 1.3942  Gate: 0.7883
Episode 810  Reward:  -0.045916  Wealth:    103210.86  Turnover: 0.2717  Gross: 1.3983  Gate: 0.7966
Episode    810  AvgReward:   0.146016  Noise: 0.0297
Episode 811  Reward:   0.193481  Wealth:    137622.53  Turnover: 0.5474  Gross: 1.4010  Gate: 0.8021
Episode 812  Reward:   0.215197  Wealth:    140221.99  Turnover: 0.4279  Gross: 1.4010  Gate: 0.8019
Episode 813  Reward:  -0.102594  Wealth:     97453.84  Turnover: 0.5074  Gross: 1.3975  Gate: 0.7951
Episode 814  Reward:   0.200498  Wealth:    137355.03  Turnover: 0.2042  Gross: 1.3971  Gate: 0.7942
Episode 815  Reward:   0.314758  Wealth:    164628.90  Turnover: 0.4758  Gross: 1.4075  Gate: 0.8151
Episode 816  Reward:   0.125941  Wealth:    124226.50  Turnover: 0.3938  Gross: 1.4023  Gate: 0.8047
Episode 817  Reward:   0.186091  Wealth:    138833.88  Turnover: 0.5736  Gross: 1.3987  Gate: 0.7974
Episode 818  Reward:   0.156346  Wealth:    130072.35  Turnover: 0.3616  Gross: 1.4043  Gate: 0.8085
Episode 819  Reward:   0.131672  Wealth:    126938.74  Turnover: 0.5354  Gross: 1.3992  Gate: 0.7984
Episode 820  Reward:   0.217649  Wealth:    148724.07  Turnover: 0.5425  Gross: 1.3990  Gate: 0.7979
Episode    820  AvgReward:   0.163904  Noise: 0.0291
Episode 821  Reward:   0.070985  Wealth:    116676.66  Turnover: 0.6963  Gross: 1.4012  Gate: 0.8024
Episode 822  Reward:   0.016712  Wealth:    109836.92  Turnover: 0.6074  Gross: 1.4077  Gate: 0.8154
Episode 823  Reward:   0.201467  Wealth:    139883.12  Turnover: 0.5675  Gross: 1.4110  Gate: 0.8220
Episode 824  Reward:   0.036439  Wealth:    114625.04  Turnover: 0.4645  Gross: 1.3958  Gate: 0.7916
Episode 825  Reward:   0.178578  Wealth:    132263.57  Turnover: 0.4095  Gross: 1.3948  Gate: 0.7897
Episode 826  Reward:   0.050302  Wealth:    113568.10  Turnover: 0.4937  Gross: 1.4026  Gate: 0.8052
Episode 827  Reward:   0.363765  Wealth:    174537.43  Turnover: 0.2356  Gross: 1.3960  Gate: 0.7921
Episode 828  Reward:   0.004423  Wealth:    108176.66  Turnover: 0.2856  Gross: 1.3950  Gate: 0.7899
Episode 829  Reward:   0.167951  Wealth:    131557.15  Turnover: 0.4246  Gross: 1.4011  Gate: 0.8022
Episode 830  Reward:   0.198313  Wealth:    136463.15  Turnover: 0.4151  Gross: 1.3985  Gate: 0.7969
Episode    830  AvgReward:   0.128894  Noise: 0.0285
Episode 831  Reward:   0.188100  Wealth:    136716.05  Turnover: 0.6323  Gross: 1.3988  Gate: 0.7976
Episode 832  Reward:   0.194035  Wealth:    135650.43  Turnover: 0.2805  Gross: 1.3970  Gate: 0.7941
Episode 833  Reward:   0.079320  Wealth:    116566.54  Turnover: 0.4725  Gross: 1.4011  Gate: 0.8023
Episode 834  Reward:   0.170597  Wealth:    132247.71  Turnover: 0.3347  Gross: 1.3968  Gate: 0.7936
Episode 835  Reward:   0.193694  Wealth:    135265.45  Turnover: 0.4277  Gross: 1.3953  Gate: 0.7906
Episode 836  Reward:   0.139957  Wealth:    126673.12  Turnover: 0.5904  Gross: 1.4017  Gate: 0.8034
Episode 837  Reward:  -0.029316  Wealth:    105232.71  Turnover: 0.4905  Gross: 1.4020  Gate: 0.8040
Episode 838  Reward:   0.052050  Wealth:    113064.07  Turnover: 0.4052  Gross: 1.4057  Gate: 0.8115
Episode 839  Reward:   0.026762  Wealth:    111138.37  Turnover: 0.4526  Gross: 1.3986  Gate: 0.7971
Episode 840  Reward:   0.245149  Wealth:    146921.16  Turnover: 0.2628  Gross: 1.3970  Gate: 0.7940
Episode    840  AvgReward:   0.126035  Noise: 0.0280
Episode 841  Reward:   0.047672  Wealth:    114497.63  Turnover: 0.4061  Gross: 1.4053  Gate: 0.8106
Episode 842  Reward:   0.049529  Wealth:    114133.91  Turnover: 0.4668  Gross: 1.3998  Gate: 0.7996
Episode 843  Reward:  -0.069821  Wealth:    100260.85  Turnover: 0.4402  Gross: 1.4033  Gate: 0.8066
Episode 844  Reward:   0.258136  Wealth:    148211.17  Turnover: 0.4687  Gross: 1.4016  Gate: 0.8032
Episode 845  Reward:  -0.075295  Wealth:    100974.96  Turnover: 0.4133  Gross: 1.3954  Gate: 0.7908
Episode 846  Reward:   0.023766  Wealth:    110565.41  Turnover: 0.3994  Gross: 1.4045  Gate: 0.8091
Episode 847  Reward:   0.250453  Wealth:    151239.82  Turnover: 0.6557  Gross: 1.3968  Gate: 0.7936
Episode 848  Reward:  -0.012344  Wealth:    107477.76  Turnover: 0.6529  Gross: 1.4047  Gate: 0.8094
Episode 849  Reward:   0.209956  Wealth:    142134.77  Turnover: 0.3341  Gross: 1.4009  Gate: 0.8018
Episode 850  Reward:  -0.032449  Wealth:    103602.91  Turnover: 0.3285  Gross: 1.3998  Gate: 0.7996
Episode    850  AvgReward:   0.064960  Noise: 0.0274
Episode 851  Reward:   0.039039  Wealth:    112790.58  Turnover: 0.2780  Gross: 1.4015  Gate: 0.8029
Episode 852  Reward:   0.195874  Wealth:    137068.52  Turnover: 0.4288  Gross: 1.3990  Gate: 0.7981
Episode 853  Reward:   0.239733  Wealth:    144581.05  Turnover: 0.4514  Gross: 1.4055  Gate: 0.8110
Episode 854  Reward:   0.271141  Wealth:    152429.91  Turnover: 0.4089  Gross: 1.4004  Gate: 0.8008
Episode 855  Reward:   0.162902  Wealth:    130941.95  Turnover: 0.4168  Gross: 1.4021  Gate: 0.8043
Episode 856  Reward:  -0.047136  Wealth:    104871.88  Turnover: 0.4847  Gross: 1.3955  Gate: 0.7909
Episode 857  Reward:   0.148633  Wealth:    130485.34  Turnover: 0.4819  Gross: 1.4023  Gate: 0.8046
Episode 858  Reward:   0.095705  Wealth:    122903.55  Turnover: 0.4965  Gross: 1.3989  Gate: 0.7977
Episode 859  Reward:   0.190053  Wealth:    136692.87  Turnover: 0.3973  Gross: 1.4068  Gate: 0.8137
Episode 860  Reward:   0.153391  Wealth:    132124.41  Turnover: 0.5820  Gross: 1.4074  Gate: 0.8147
Episode    860  AvgReward:   0.144933  Noise: 0.0269
Episode 861  Reward:   0.159203  Wealth:    130676.29  Turnover: 0.4366  Gross: 1.4024  Gate: 0.8048
Episode 862  Reward:  -0.093798  Wealth:     97057.05  Turnover: 0.5581  Gross: 1.3949  Gate: 0.7897
Episode 863  Reward:  -0.030266  Wealth:    106142.96  Turnover: 0.4708  Gross: 1.4047  Gate: 0.8095
Episode 864  Reward:   0.083728  Wealth:    118740.96  Turnover: 0.5542  Gross: 1.3975  Gate: 0.7951
Episode 865  Reward:  -0.277959  Wealth:     83107.58  Turnover: 0.4790  Gross: 1.4048  Gate: 0.8095
Episode 866  Reward:   0.168506  Wealth:    131184.52  Turnover: 0.2905  Gross: 1.3990  Gate: 0.7980
Episode 867  Reward:   0.072050  Wealth:    116252.62  Turnover: 0.4454  Gross: 1.3993  Gate: 0.7986
Episode 868  Reward:   0.208952  Wealth:    139937.27  Turnover: 0.5243  Gross: 1.4050  Gate: 0.8101
Episode 869  Reward:   0.101915  Wealth:    120402.25  Turnover: 0.4141  Gross: 1.3964  Gate: 0.7928
Episode 870  Reward:   0.060536  Wealth:    119620.90  Turnover: 0.3593  Gross: 1.4025  Gate: 0.8050
Episode    870  AvgReward:   0.045287  Noise: 0.0263
Episode 871  Reward:   0.103151  Wealth:    122666.56  Turnover: 0.3906  Gross: 1.4062  Gate: 0.8124
Episode 872  Reward:   0.119249  Wealth:    124370.12  Turnover: 0.4342  Gross: 1.3931  Gate: 0.7862
Episode 873  Reward:   0.129640  Wealth:    127577.18  Turnover: 0.5284  Gross: 1.4071  Gate: 0.8142
Episode 874  Reward:  -0.164899  Wealth:     90642.88  Turnover: 0.3874  Gross: 1.3974  Gate: 0.7948
Episode 875  Reward:   0.224804  Wealth:    141803.33  Turnover: 0.3267  Gross: 1.4084  Gate: 0.8169
Episode 876  Reward:  -0.278531  Wealth:     85464.61  Turnover: 0.3023  Gross: 1.3907  Gate: 0.7813
Episode 877  Reward:   0.155601  Wealth:    130244.56  Turnover: 0.4578  Gross: 1.4003  Gate: 0.8006
Episode 878  Reward:  -0.005373  Wealth:    106238.29  Turnover: 0.4507  Gross: 1.3947  Gate: 0.7894
Episode 879  Reward:   0.144369  Wealth:    127589.19  Turnover: 0.4019  Gross: 1.4060  Gate: 0.8119
Episode 880  Reward:  -0.190547  Wealth:     90954.07  Turnover: 0.6761  Gross: 1.3966  Gate: 0.7932
Episode    880  AvgReward:   0.023746  Noise: 0.0258
Episode 881  Reward:   0.208744  Wealth:    140314.04  Turnover: 0.3454  Gross: 1.3993  Gate: 0.7985
Episode 882  Reward:   0.043151  Wealth:    114820.52  Turnover: 0.5779  Gross: 1.4032  Gate: 0.8065
Episode 883  Reward:   0.102831  Wealth:    125378.65  Turnover: 0.6604  Gross: 1.3952  Gate: 0.7903
Episode 884  Reward:  -0.205405  Wealth:     87686.24  Turnover: 0.4400  Gross: 1.3971  Gate: 0.7942
Episode 885  Reward:   0.177041  Wealth:    134179.63  Turnover: 0.5883  Gross: 1.4068  Gate: 0.8137
Episode 886  Reward:   0.122149  Wealth:    125260.70  Turnover: 0.4461  Gross: 1.3981  Gate: 0.7962
Episode 887  Reward:   0.240263  Wealth:    145164.36  Turnover: 0.5265  Gross: 1.3999  Gate: 0.7998
Episode 888  Reward:   0.178764  Wealth:    135273.18  Turnover: 0.5143  Gross: 1.4030  Gate: 0.8059
Episode 889  Reward:   0.131455  Wealth:    124973.63  Turnover: 0.3404  Gross: 1.3999  Gate: 0.7998
Episode 890  Reward:  -0.061422  Wealth:    100795.82  Turnover: 0.3196  Gross: 1.4031  Gate: 0.8062
Episode    890  AvgReward:   0.093757  Noise: 0.0253
Episode 891  Reward:  -0.024493  Wealth:    104238.99  Turnover: 0.4576  Gross: 1.3846  Gate: 0.7692
Episode 892  Reward:   0.047233  Wealth:    113233.03  Turnover: 0.3451  Gross: 1.4066  Gate: 0.8131
Episode 893  Reward:   0.069919  Wealth:    116793.06  Turnover: 0.4564  Gross: 1.3970  Gate: 0.7940
Episode 894  Reward:   0.076246  Wealth:    118863.19  Turnover: 0.4709  Gross: 1.3975  Gate: 0.7950
Episode 895  Reward:   0.214232  Wealth:    140033.72  Turnover: 0.4708  Gross: 1.4016  Gate: 0.8033
Episode 896  Reward:   0.260537  Wealth:    150799.99  Turnover: 0.4467  Gross: 1.4046  Gate: 0.8092
Episode 897  Reward:  -0.000486  Wealth:    109123.61  Turnover: 0.4296  Gross: 1.4085  Gate: 0.8170
Episode 898  Reward:   0.157851  Wealth:    128331.92  Turnover: 0.3220  Gross: 1.3999  Gate: 0.7999
Episode 899  Reward:   0.156399  Wealth:    128608.85  Turnover: 0.3897  Gross: 1.4030  Gate: 0.8060
Episode 900  Reward:   0.097826  Wealth:    122660.28  Turnover: 0.3541  Gross: 1.4028  Gate: 0.8057
Episode    900  AvgReward:   0.105526  Noise: 0.0248
Episode 901  Reward:   0.182650  Wealth:    133447.50  Turnover: 0.3464  Gross: 1.3969  Gate: 0.7938
Episode 902  Reward:   0.120773  Wealth:    123804.66  Turnover: 0.3355  Gross: 1.3970  Gate: 0.7940
Episode 903  Reward:   0.005340  Wealth:    108539.26  Turnover: 0.4259  Gross: 1.4031  Gate: 0.8062
Episode 904  Reward:   0.115159  Wealth:    122590.87  Turnover: 0.4788  Gross: 1.3827  Gate: 0.7653
Episode 905  Reward:   0.135312  Wealth:    126253.88  Turnover: 0.3386  Gross: 1.3966  Gate: 0.7931
Episode 906  Reward:   0.046380  Wealth:    115627.24  Turnover: 0.4934  Gross: 1.4013  Gate: 0.8026
Episode 907  Reward:   0.073676  Wealth:    116645.32  Turnover: 0.3467  Gross: 1.3953  Gate: 0.7907
Episode 908  Reward:   0.068097  Wealth:    115997.72  Turnover: 0.5839  Gross: 1.3990  Gate: 0.7979
Episode 909  Reward:   0.293460  Wealth:    159363.41  Turnover: 0.6239  Gross: 1.4025  Gate: 0.8050
Episode 910  Reward:   0.114199  Wealth:    122850.22  Turnover: 0.3763  Gross: 1.4038  Gate: 0.8075
Episode    910  AvgReward:   0.115505  Noise: 0.0243
Episode 911  Reward:   0.111267  Wealth:    123262.22  Turnover: 0.4927  Gross: 1.4004  Gate: 0.8008
Episode 912  Reward:   0.175291  Wealth:    133366.65  Turnover: 0.5577  Gross: 1.3997  Gate: 0.7994
Episode 913  Reward:   0.123599  Wealth:    123864.04  Turnover: 0.6037  Gross: 1.3967  Gate: 0.7933
Episode 914  Reward:  -0.011244  Wealth:    111072.61  Turnover: 0.2951  Gross: 1.3966  Gate: 0.7933
Episode 915  Reward:   0.104820  Wealth:    122175.25  Turnover: 0.3674  Gross: 1.3990  Gate: 0.7980
Episode 916  Reward:   0.166206  Wealth:    130771.75  Turnover: 0.4656  Gross: 1.4022  Gate: 0.8044
Episode 917  Reward:  -0.248237  Wealth:     85799.34  Turnover: 0.4809  Gross: 1.3968  Gate: 0.7937
Episode 918  Reward:   0.021310  Wealth:    111791.74  Turnover: 0.6049  Gross: 1.3970  Gate: 0.7941
Episode 919  Reward:   0.207048  Wealth:    137037.78  Turnover: 0.4332  Gross: 1.3883  Gate: 0.7766
Episode 920  Reward:   0.071131  Wealth:    116291.01  Turnover: 0.4630  Gross: 1.3975  Gate: 0.7951
Episode    920  AvgReward:   0.072119  Noise: 0.0238
Episode 921  Reward:   0.052117  Wealth:    114369.55  Turnover: 0.3581  Gross: 1.3990  Gate: 0.7979
Episode 922  Reward:  -0.381840  Wealth:     76994.71  Turnover: 0.5391  Gross: 1.4049  Gate: 0.8098
Episode 923  Reward:   0.125599  Wealth:    128454.97  Turnover: 0.2682  Gross: 1.4017  Gate: 0.8034
Episode 924  Reward:  -0.247890  Wealth:     86364.97  Turnover: 0.4497  Gross: 1.3955  Gate: 0.7910
Episode 925  Reward:   0.058475  Wealth:    115232.36  Turnover: 0.5507  Gross: 1.3972  Gate: 0.7944
Episode 926  Reward:   0.135994  Wealth:    128534.92  Turnover: 0.5798  Gross: 1.3988  Gate: 0.7976
Episode 927  Reward:  -0.068705  Wealth:    103139.89  Turnover: 0.4923  Gross: 1.4016  Gate: 0.8032
Episode 928  Reward:   0.099515  Wealth:    122370.84  Turnover: 0.7658  Gross: 1.3988  Gate: 0.7976
Episode 929  Reward:   0.141812  Wealth:    127066.33  Turnover: 0.4398  Gross: 1.4023  Gate: 0.8045
Episode 930  Reward:   0.090810  Wealth:    124477.78  Turnover: 0.3869  Gross: 1.4029  Gate: 0.8057
Episode    930  AvgReward:   0.000589  Noise: 0.0234
Episode 931  Reward:   0.147555  Wealth:    130552.07  Turnover: 0.6678  Gross: 1.4019  Gate: 0.8038
Episode 932  Reward:  -0.072287  Wealth:    100883.65  Turnover: 0.5664  Gross: 1.4005  Gate: 0.8011
Episode 933  Reward:   0.015205  Wealth:    108720.63  Turnover: 0.3660  Gross: 1.4047  Gate: 0.8093
Episode 934  Reward:   0.254347  Wealth:    149082.13  Turnover: 0.4996  Gross: 1.4056  Gate: 0.8113
Episode 935  Reward:   0.098330  Wealth:    122359.39  Turnover: 0.5601  Gross: 1.4023  Gate: 0.8047
Episode 936  Reward:  -0.077944  Wealth:    101634.05  Turnover: 0.5492  Gross: 1.3997  Gate: 0.7994
Episode 937  Reward:  -0.142915  Wealth:     95514.74  Turnover: 0.4402  Gross: 1.4045  Gate: 0.8090
Episode 938  Reward:  -0.209432  Wealth:     89611.95  Turnover: 0.5125  Gross: 1.4010  Gate: 0.8020
Episode 939  Reward:   0.046885  Wealth:    115577.84  Turnover: 0.4396  Gross: 1.3981  Gate: 0.7961
Episode 940  Reward:   0.126505  Wealth:    127374.66  Turnover: 0.5895  Gross: 1.4011  Gate: 0.8023
Episode    940  AvgReward:   0.018625  Noise: 0.0229
Episode 941  Reward:   0.161719  Wealth:    132632.60  Turnover: 0.5644  Gross: 1.4046  Gate: 0.8091
Episode 942  Reward:   0.219936  Wealth:    142573.57  Turnover: 0.6583  Gross: 1.4094  Gate: 0.8188
Episode 943  Reward:   0.161227  Wealth:    130592.14  Turnover: 0.5118  Gross: 1.4056  Gate: 0.8112
Episode 944  Reward:   0.068580  Wealth:    115205.73  Turnover: 0.4198  Gross: 1.3981  Gate: 0.7962
Episode 945  Reward:   0.175119  Wealth:    133527.03  Turnover: 0.3760  Gross: 1.4008  Gate: 0.8017
Episode 946  Reward:  -0.094306  Wealth:     98648.86  Turnover: 0.4572  Gross: 1.4016  Gate: 0.8033
Episode 947  Reward:   0.033773  Wealth:    111708.72  Turnover: 0.3526  Gross: 1.3985  Gate: 0.7970
Episode 948  Reward:   0.175551  Wealth:    136141.50  Turnover: 0.4281  Gross: 1.4015  Gate: 0.8030
Episode 949  Reward:   0.164038  Wealth:    134155.29  Turnover: 0.4432  Gross: 1.3998  Gate: 0.7995
Episode 950  Reward:   0.202699  Wealth:    142979.22  Turnover: 0.3535  Gross: 1.3995  Gate: 0.7991
Episode    950  AvgReward:   0.126834  Noise: 0.0224
Episode 951  Reward:   0.135617  Wealth:    127708.61  Turnover: 0.7062  Gross: 1.4018  Gate: 0.8035
Episode 952  Reward:   0.156708  Wealth:    131209.74  Turnover: 0.4687  Gross: 1.3978  Gate: 0.7955
Episode 953  Reward:   0.165401  Wealth:    133734.22  Turnover: 0.3921  Gross: 1.4009  Gate: 0.8019
Episode 954  Reward:   0.160869  Wealth:    133389.30  Turnover: 0.4711  Gross: 1.4019  Gate: 0.8038
Episode 955  Reward:   0.099208  Wealth:    122613.58  Turnover: 0.5176  Gross: 1.3978  Gate: 0.7956
Episode 956  Reward:  -0.026572  Wealth:    105752.88  Turnover: 0.5200  Gross: 1.3937  Gate: 0.7873
Episode 957  Reward:   0.217816  Wealth:    141324.91  Turnover: 0.6335  Gross: 1.4012  Gate: 0.8024
Episode 958  Reward:   0.098100  Wealth:    119927.23  Turnover: 0.6318  Gross: 1.3832  Gate: 0.7665
Episode 959  Reward:  -0.227342  Wealth:     86530.61  Turnover: 0.5640  Gross: 1.3988  Gate: 0.7975
Episode 960  Reward:   0.224669  Wealth:    142053.97  Turnover: 0.5107  Gross: 1.4047  Gate: 0.8094
Episode    960  AvgReward:   0.100447  Noise: 0.0220
Episode 961  Reward:   0.111158  Wealth:    122026.69  Turnover: 0.5969  Gross: 1.3888  Gate: 0.7776
Episode 962  Reward:  -0.103513  Wealth:    100232.19  Turnover: 0.5124  Gross: 1.3926  Gate: 0.7852
Episode 963  Reward:  -0.143001  Wealth:     94053.20  Turnover: 0.3487  Gross: 1.4043  Gate: 0.8086
Episode 964  Reward:   0.066267  Wealth:    115888.17  Turnover: 0.4494  Gross: 1.4028  Gate: 0.8056
Episode 965  Reward:   0.217594  Wealth:    140482.79  Turnover: 0.5367  Gross: 1.4024  Gate: 0.8049
Episode 966  Reward:   0.184283  Wealth:    134033.89  Turnover: 0.4958  Gross: 1.4054  Gate: 0.8108
Episode 967  Reward:   0.250362  Wealth:    150474.20  Turnover: 0.5077  Gross: 1.3968  Gate: 0.7936
Episode 968  Reward:   0.084207  Wealth:    123354.25  Turnover: 0.3891  Gross: 1.3930  Gate: 0.7860
Episode 969  Reward:  -0.173066  Wealth:     90896.31  Turnover: 0.3741  Gross: 1.4046  Gate: 0.8093
Episode 970  Reward:   0.001628  Wealth:    108126.60  Turnover: 0.6766  Gross: 1.3996  Gate: 0.7993
Episode    970  AvgReward:   0.049592  Noise: 0.0216
Episode 971  Reward:   0.188318  Wealth:    138920.13  Turnover: 0.5342  Gross: 1.4026  Gate: 0.8052
Episode 972  Reward:   0.142004  Wealth:    130263.42  Turnover: 0.3895  Gross: 1.3991  Gate: 0.7982
Episode 973  Reward:   0.128929  Wealth:    124424.71  Turnover: 0.3268  Gross: 1.4013  Gate: 0.8027
Episode 974  Reward:  -0.026036  Wealth:    108347.79  Turnover: 0.5557  Gross: 1.4014  Gate: 0.8028
Episode 975  Reward:   0.114292  Wealth:    123845.89  Turnover: 0.4558  Gross: 1.4059  Gate: 0.8118
Episode 976  Reward:   0.078083  Wealth:    116824.66  Turnover: 0.5001  Gross: 1.3894  Gate: 0.7787
Episode 977  Reward:   0.088643  Wealth:    118756.95  Turnover: 0.4445  Gross: 1.3935  Gate: 0.7870
Episode 978  Reward:   0.286251  Wealth:    157523.68  Turnover: 0.4982  Gross: 1.4043  Gate: 0.8086
Episode 979  Reward:  -0.057094  Wealth:    102222.86  Turnover: 0.4767  Gross: 1.4021  Gate: 0.8041
Episode 980  Reward:   0.231401  Wealth:    142998.30  Turnover: 0.4602  Gross: 1.3987  Gate: 0.7973
Episode    980  AvgReward:   0.117479  Noise: 0.0211
Episode 981  Reward:  -0.253896  Wealth:     85007.61  Turnover: 0.6413  Gross: 1.4016  Gate: 0.8032
Episode 982  Reward:   0.270828  Wealth:    152572.03  Turnover: 0.5668  Gross: 1.3976  Gate: 0.7952
Episode 983  Reward:   0.126923  Wealth:    126265.85  Turnover: 0.5727  Gross: 1.4001  Gate: 0.8001
Episode 984  Reward:   0.188792  Wealth:    137079.60  Turnover: 0.5977  Gross: 1.4017  Gate: 0.8035
Episode 985  Reward:   0.077267  Wealth:    116167.25  Turnover: 0.4348  Gross: 1.3988  Gate: 0.7976
Episode 986  Reward:  -0.307964  Wealth:     81918.52  Turnover: 0.6145  Gross: 1.4003  Gate: 0.8005
Episode 987  Reward:   0.010809  Wealth:    109779.51  Turnover: 0.3842  Gross: 1.3947  Gate: 0.7895
Episode 988  Reward:  -0.155662  Wealth:     92287.73  Turnover: 0.5277  Gross: 1.3999  Gate: 0.7997
Episode 989  Reward:   0.128058  Wealth:    123978.88  Turnover: 0.6008  Gross: 1.3967  Gate: 0.7934
Episode 990  Reward:   0.040067  Wealth:    114684.47  Turnover: 0.3919  Gross: 1.4000  Gate: 0.8001
Episode    990  AvgReward:   0.012522  Noise: 0.0207
Episode 991  Reward:   0.051135  Wealth:    114826.36  Turnover: 0.5252  Gross: 1.4027  Gate: 0.8055
Episode 992  Reward:   0.054487  Wealth:    114936.27  Turnover: 0.3743  Gross: 1.4000  Gate: 0.8000
Episode 993  Reward:   0.162825  Wealth:    131582.59  Turnover: 0.4095  Gross: 1.4014  Gate: 0.8027
Episode 994  Reward:   0.200956  Wealth:    135370.87  Turnover: 0.3992  Gross: 1.4021  Gate: 0.8043
Episode 995  Reward:   0.210131  Wealth:    138170.88  Turnover: 0.4379  Gross: 1.4059  Gate: 0.8119
Episode 996  Reward:   0.168421  Wealth:    130810.30  Turnover: 0.6829  Gross: 1.3995  Gate: 0.7990
Episode 997  Reward:   0.246613  Wealth:    147405.29  Turnover: 0.4633  Gross: 1.4062  Gate: 0.8124
Episode 998  Reward:   0.102550  Wealth:    121766.29  Turnover: 0.3953  Gross: 1.3986  Gate: 0.7972
Episode 999  Reward:   0.023107  Wealth:    110447.91  Turnover: 0.3881  Gross: 1.3980  Gate: 0.7960
Episode 1000  Reward:  -0.064363  Wealth:     99500.61  Turnover: 0.4627  Gross: 1.3946  Gate: 0.7891
Episode   1000  AvgReward:   0.115586  Noise: 0.0203
TRAIN STAGE COMPLETE
PRE-TRAINING BEHAVIOUR GATE PASSED on deterministic held-in episodes: mean_leverage_gate=0.7968, fraction_at_gross_cap=0.0000, gate_gross_mae=0.0000, mean_turnover=0.5129, max_position_limit_violation=0.0000, mean_normalized_direction_entropy=0.8508, q05_normalized_direction_entropy=0.7677, mean_effective_positions=3.9345
Pre-training complete. Agent saved.

============================================================
Stage 2: Fine-tuning on Real Data

============================================================
============================================================
STAGE 2: FINE-TUNING
============================================================
============================================================
TRAIN STAGE STARTED: stage=finetune_selection, episodes=37, batch_size=64, updates_per_step=1
============================================================
Episode 1  Reward:   0.228526  Wealth:    142685.70  Turnover: 0.5922  Gross: 1.3959  Gate: 0.7918
Episode 2  Reward:   0.029926  Wealth:    114048.30  Turnover: 0.5586  Gross: 1.4043  Gate: 0.8085
Episode 3  Reward:   0.121327  Wealth:    126115.88  Turnover: 0.4814  Gross: 1.4006  Gate: 0.8013
Episode 4  Reward:   0.177453  Wealth:    132823.94  Turnover: 0.5040  Gross: 1.3949  Gate: 0.7897
Episode 5  Reward:   0.142333  Wealth:    127153.14  Turnover: 0.5053  Gross: 1.4072  Gate: 0.8144
Episode 6  Reward:   0.207138  Wealth:    137712.15  Turnover: 0.4599  Gross: 1.3977  Gate: 0.7953
Episode 7  Reward:   0.143689  Wealth:    126290.07  Turnover: 0.3017  Gross: 1.4059  Gate: 0.8119
Episode 8  Reward:   0.217913  Wealth:    139614.77  Turnover: 0.3934  Gross: 1.3930  Gate: 0.7860
Episode 9  Reward:   0.137403  Wealth:    124907.97  Turnover: 0.2691  Gross: 1.4051  Gate: 0.8102
Episode 10  Reward:   0.194953  Wealth:    135616.28  Turnover: 0.3954  Gross: 1.3916  Gate: 0.7833
Episode 11  Reward:   0.214450  Wealth:    138882.28  Turnover: 0.3409  Gross: 1.3955  Gate: 0.7910
Episode 12  Reward:   0.109485  Wealth:    121015.06  Turnover: 0.2435  Gross: 1.4042  Gate: 0.8083
Episode 13  Reward:   0.144852  Wealth:    126197.03  Turnover: 0.2225  Gross: 1.4073  Gate: 0.8146
Episode 14  Reward:   0.016445  Wealth:    108928.50  Turnover: 0.3730  Gross: 1.3970  Gate: 0.7940
Episode 15  Reward:   0.116462  Wealth:    121898.24  Turnover: 0.3804  Gross: 1.3947  Gate: 0.7895
Episode 16  Reward:   0.180142  Wealth:    133110.99  Turnover: 0.3904  Gross: 1.3913  Gate: 0.7826
Episode 17  Reward:   0.150980  Wealth:    127269.51  Turnover: 0.2041  Gross: 1.4079  Gate: 0.8158
Episode 18  Reward:   0.197562  Wealth:    135896.04  Turnover: 0.2453  Gross: 1.4022  Gate: 0.8045
Episode 19  Reward:   0.196800  Wealth:    135334.80  Turnover: 0.3646  Gross: 1.3899  Gate: 0.7797
Episode 20  Reward:   0.268290  Wealth:    150570.67  Turnover: 0.3827  Gross: 1.3828  Gate: 0.7657
Episode 21  Reward:   0.133278  Wealth:    125256.40  Turnover: 0.4248  Gross: 1.3841  Gate: 0.7682
Episode 22  Reward:   0.129585  Wealth:    123680.73  Turnover: 0.2530  Gross: 1.4052  Gate: 0.8104
Episode 23  Reward:   0.183046  Wealth:    133135.79  Turnover: 0.3146  Gross: 1.3873  Gate: 0.7745
Episode 24  Reward:   0.226616  Wealth:    141481.30  Turnover: 0.3129  Gross: 1.4029  Gate: 0.8059
Episode 25  Reward:   0.173794  Wealth:    131979.62  Turnover: 0.3085  Gross: 1.3881  Gate: 0.7763
Episode 26  Reward:   0.258093  Wealth:    148206.80  Turnover: 0.4114  Gross: 1.3894  Gate: 0.7787
Episode 27  Reward:   0.282269  Wealth:    152892.04  Turnover: 0.4506  Gross: 1.3935  Gate: 0.7871
Episode 28  Reward:   0.253307  Wealth:    146772.91  Turnover: 0.4638  Gross: 1.3976  Gate: 0.7952
Episode 29  Reward:   0.116182  Wealth:    121892.96  Turnover: 0.2946  Gross: 1.4024  Gate: 0.8047
Episode 30  Reward:   0.300226  Wealth:    157794.85  Turnover: 0.4271  Gross: 1.3906  Gate: 0.7812
Episode 31  Reward:   0.132570  Wealth:    124517.87  Turnover: 0.3404  Gross: 1.3947  Gate: 0.7894
Episode 32  Reward:   0.197658  Wealth:    135816.34  Turnover: 0.3613  Gross: 1.3936  Gate: 0.7872
Episode 33  Reward:   0.097506  Wealth:    119800.83  Turnover: 0.3596  Gross: 1.3930  Gate: 0.7860
Episode 34  Reward:  -0.027101  Wealth:    103491.42  Turnover: 0.2975  Gross: 1.3967  Gate: 0.7933
Episode 35  Reward:   0.320939  Wealth:    164014.51  Turnover: 0.4572  Gross: 1.3940  Gate: 0.7879
Episode 36  Reward:   0.217660  Wealth:    139666.48  Turnover: 0.3627  Gross: 1.3930  Gate: 0.7860
Episode 37  Reward:   0.192200  Wealth:    134952.19  Turnover: 0.3720  Gross: 1.3951  Gate: 0.7901
Episode     37  AvgReward:   0.172539  Noise: 0.0417
TRAIN STAGE COMPLETE
VALIDATION pass=1 reward=0.158066 wealth=127774.09 turnover=0.4169 gross=1.4082
============================================================
TRAIN STAGE STARTED: stage=finetune_refit_all, episodes=61, batch_size=64, updates_per_step=1
============================================================
Episode 1  Reward:   0.134962  Wealth:    126365.43  Turnover: 0.2748  Gross: 1.4043  Gate: 0.8086
Episode 2  Reward:   0.017359  Wealth:    108909.25  Turnover: 0.4547  Gross: 1.4019  Gate: 0.8038
Episode 3  Reward:   0.005722  Wealth:    111369.05  Turnover: 0.6040  Gross: 1.4044  Gate: 0.8089
Episode 4  Reward:   0.256845  Wealth:    149394.73  Turnover: 0.2689  Gross: 1.4003  Gate: 0.8006
Episode 5  Reward:   0.179316  Wealth:    132991.65  Turnover: 0.5053  Gross: 1.3927  Gate: 0.7855
Episode 6  Reward:   0.213692  Wealth:    138901.75  Turnover: 0.4792  Gross: 1.3908  Gate: 0.7816
Episode 7  Reward:   0.074819  Wealth:    117105.55  Turnover: 0.3651  Gross: 1.4043  Gate: 0.8086
Episode 8  Reward:   0.190004  Wealth:    134750.64  Turnover: 0.4758  Gross: 1.3937  Gate: 0.7873
Episode 9  Reward:   0.117239  Wealth:    123060.00  Turnover: 0.4280  Gross: 1.4033  Gate: 0.8065
Episode 10  Reward:   0.112231  Wealth:    121780.04  Turnover: 0.4654  Gross: 1.3989  Gate: 0.7978
Episode 11  Reward:   0.218664  Wealth:    139762.67  Turnover: 0.5160  Gross: 1.3899  Gate: 0.7797
Episode 12  Reward:   0.075957  Wealth:    116696.08  Turnover: 0.3896  Gross: 1.3983  Gate: 0.7965
Episode 13  Reward:   0.114141  Wealth:    122996.83  Turnover: 0.3445  Gross: 1.3999  Gate: 0.7998
Episode 14  Reward:   0.140774  Wealth:    125736.38  Turnover: 0.4259  Gross: 1.3964  Gate: 0.7929
Episode 15  Reward:   0.217858  Wealth:    139526.31  Turnover: 0.5591  Gross: 1.3853  Gate: 0.7706
Episode 16  Reward:   0.252343  Wealth:    147160.63  Turnover: 0.5273  Gross: 1.3881  Gate: 0.7763
Episode 17  Reward:   0.127589  Wealth:    123930.80  Turnover: 0.5044  Gross: 1.3882  Gate: 0.7764
Episode 18  Reward:   0.201445  Wealth:    136229.92  Turnover: 0.4024  Gross: 1.4040  Gate: 0.8080
Episode 19  Reward:   0.076428  Wealth:    116066.54  Turnover: 0.5074  Gross: 1.4007  Gate: 0.8014
Episode 20  Reward:   0.042642  Wealth:    113152.57  Turnover: 0.4454  Gross: 1.4022  Gate: 0.8043
Episode 21  Reward:   0.157950  Wealth:    127716.32  Turnover: 0.3786  Gross: 1.4077  Gate: 0.8154
Episode 22  Reward:   0.057216  Wealth:    114053.71  Turnover: 0.4758  Gross: 1.4012  Gate: 0.8024
Episode 23  Reward:   0.226317  Wealth:    141329.44  Turnover: 0.4765  Gross: 1.3953  Gate: 0.7905
Episode 24  Reward:  -0.002758  Wealth:    107706.19  Turnover: 0.4479  Gross: 1.3994  Gate: 0.7988
Episode 25  Reward:   0.197927  Wealth:    136185.66  Turnover: 0.6289  Gross: 1.3888  Gate: 0.7775
Episode 26  Reward:  -0.014935  Wealth:    106584.28  Turnover: 0.4163  Gross: 1.4022  Gate: 0.8044
Episode 27  Reward:   0.212336  Wealth:    138714.24  Turnover: 0.3849  Gross: 1.3999  Gate: 0.7997
Episode 28  Reward:   0.108404  Wealth:    120136.28  Turnover: 0.3465  Gross: 1.4031  Gate: 0.8062
Episode 29  Reward:   0.168248  Wealth:    130874.57  Turnover: 0.5510  Gross: 1.3879  Gate: 0.7757
Episode 30  Reward:   0.104567  Wealth:    120789.22  Turnover: 0.5658  Gross: 1.3884  Gate: 0.7769
Episode 31  Reward:   0.146140  Wealth:    126118.78  Turnover: 0.3077  Gross: 1.4053  Gate: 0.8105
Episode 32  Reward:  -0.057123  Wealth:    100909.07  Turnover: 0.4913  Gross: 1.4007  Gate: 0.8014
Episode 33  Reward:   0.152566  Wealth:    127063.46  Turnover: 0.2783  Gross: 1.4038  Gate: 0.8075
Episode 34  Reward:  -0.002279  Wealth:    107272.22  Turnover: 0.4274  Gross: 1.4070  Gate: 0.8141
Episode 35  Reward:   0.015692  Wealth:    109581.82  Turnover: 0.3743  Gross: 1.4042  Gate: 0.8084
Episode 36  Reward:   0.207032  Wealth:    137627.76  Turnover: 0.4571  Gross: 1.3930  Gate: 0.7861
Episode 37  Reward:   0.144019  Wealth:    127008.54  Turnover: 0.4229  Gross: 1.4014  Gate: 0.8028
Episode 38  Reward:   0.072689  Wealth:    117768.32  Turnover: 0.3906  Gross: 1.4025  Gate: 0.8049
Episode 39  Reward:   0.177317  Wealth:    133313.58  Turnover: 0.3707  Gross: 1.3928  Gate: 0.7856
Episode 40  Reward:   0.289439  Wealth:    156199.49  Turnover: 0.4181  Gross: 1.3921  Gate: 0.7842
Episode 41  Reward:  -0.068956  Wealth:     99798.71  Turnover: 0.3699  Gross: 1.4006  Gate: 0.8011
Episode 42  Reward:   0.026484  Wealth:    111143.48  Turnover: 0.3860  Gross: 1.4064  Gate: 0.8129
Episode 43  Reward:   0.294081  Wealth:    156262.55  Turnover: 0.5073  Gross: 1.3963  Gate: 0.7925
Episode 44  Reward:   0.130399  Wealth:    125224.65  Turnover: 0.3564  Gross: 1.4019  Gate: 0.8038
Episode 45  Reward:   0.140190  Wealth:    125471.28  Turnover: 0.1931  Gross: 1.4051  Gate: 0.8102
Episode 46  Reward:   0.114031  Wealth:    121544.65  Turnover: 0.2302  Gross: 1.4090  Gate: 0.8180
Episode 47  Reward:  -0.023503  Wealth:    104438.12  Turnover: 0.3620  Gross: 1.4014  Gate: 0.8028
Episode 48  Reward:   0.067259  Wealth:    117021.92  Turnover: 0.3310  Gross: 1.4013  Gate: 0.8025
Episode 49  Reward:   0.243502  Wealth:    145117.74  Turnover: 0.4552  Gross: 1.3970  Gate: 0.7940
Episode 50  Reward:   0.019129  Wealth:    110156.16  Turnover: 0.3389  Gross: 1.4045  Gate: 0.8091
Episode 51  Reward:   0.155990  Wealth:    129489.85  Turnover: 0.3125  Gross: 1.4008  Gate: 0.8016
Episode 52  Reward:   0.207815  Wealth:    138586.82  Turnover: 0.3306  Gross: 1.4026  Gate: 0.8052
Episode 53  Reward:   0.211950  Wealth:    139006.77  Turnover: 0.2848  Gross: 1.4056  Gate: 0.8112
Episode 54  Reward:   0.097397  Wealth:    119226.38  Turnover: 0.3270  Gross: 1.4022  Gate: 0.8045
Episode 55  Reward:   0.244082  Wealth:    145458.84  Turnover: 0.4036  Gross: 1.3986  Gate: 0.7971
Episode 56  Reward:   0.126788  Wealth:    123828.91  Turnover: 0.3202  Gross: 1.4029  Gate: 0.8058
Episode 57  Reward:   0.184993  Wealth:    133294.40  Turnover: 0.4011  Gross: 1.3989  Gate: 0.7979
Episode 58  Reward:   0.198708  Wealth:    136720.81  Turnover: 0.2517  Gross: 1.4053  Gate: 0.8107
Episode 59  Reward:   0.165889  Wealth:    130928.59  Turnover: 0.1872  Gross: 1.4061  Gate: 0.8122
Episode 60  Reward:   0.038064  Wealth:    112975.29  Turnover: 0.3447  Gross: 1.4045  Gate: 0.8090
Episode 61  Reward:   0.113370  Wealth:    121746.26  Turnover: 0.1599  Gross: 1.4071  Gate: 0.8142
Episode     61  AvgReward:   0.128171  Noise: 0.0370
TRAIN STAGE COMPLETE
Fine-tuning complete. Selected 1 pass(es); final agent saved.

============================================================
TRAINING COMPLETE

============================================================

[3/3] Training seed 20260849
Loading configuration from: config/config.yaml 
Run mode: full | seed: 20260849 | CVaR simulations/step: 512 | vine simulation cores: 23
Loading synthetic return bundle: data/synthetic_returns.RData
Loaded 1000 pre-training and 61 fine-tuning episodes.
Fine-tuning selection: 37 fit episodes, 23 purged overlapping episodes, 1 validation episode; final refit uses all 61.
Run seed: 20260849
Run mode: full
PyTorch: 2.10.0+cu128
Device: cuda
Action schema: interior_rank_partition_leverage_gate_v5; projection temperature=1.5
GPU: NVIDIA A100-SXM4-80GB
PYTHON: Framework ready.
Action schema: interior_rank_partition_leverage_gate_v5 | gross=1.500 | net=1.000 | max_long=0.600 | max_short=0.200
Risk/training: entropy_coef=0.005 | leverage_target=0.800 | leverage_penalty=0.25 | direction_bound=5.000 | AMP=False

============================================================
Stage 1: Pre-training on Synthetic Data

============================================================
============================================================
STAGE 1: PRE-TRAINING
============================================================
============================================================
TRAIN STAGE STARTED: stage=pretrain, episodes=1000, batch_size=128, updates_per_step=1
============================================================
Episode 1  Reward:   0.075643  Wealth:    121510.67  Turnover: 1.1463  Gross: 1.2786  Gate: 0.5572
Episode 2  Reward:   0.022033  Wealth:    113701.59  Turnover: 1.1563  Gross: 1.2525  Gate: 0.5050
Episode 3  Reward:   0.183884  Wealth:    138886.17  Turnover: 1.1467  Gross: 1.2957  Gate: 0.5914
Episode 4  Reward:  -0.619747  Wealth:     65626.28  Turnover: 1.1606  Gross: 1.2378  Gate: 0.4756
Episode 5  Reward:  -0.424882  Wealth:     75513.92  Turnover: 1.0402  Gross: 1.2615  Gate: 0.5231
Episode 6  Reward:  -0.116818  Wealth:     98266.91  Turnover: 1.0613  Gross: 1.2418  Gate: 0.4837
Episode 7  Reward:   0.217759  Wealth:    144620.52  Turnover: 1.1607  Gross: 1.2570  Gate: 0.5139
Episode 8  Reward:  -0.106840  Wealth:     99062.57  Turnover: 1.0977  Gross: 1.2218  Gate: 0.4436
Episode 9  Reward:   0.076300  Wealth:    120890.08  Turnover: 1.0878  Gross: 1.2209  Gate: 0.4418
Episode 10  Reward:   0.113248  Wealth:    128605.21  Turnover: 1.0646  Gross: 1.2578  Gate: 0.5156
Episode     10  AvgReward:  -0.057942  Noise: 0.1473
Episode 11  Reward:   0.282959  Wealth:    163662.27  Turnover: 1.0923  Gross: 1.2846  Gate: 0.5692
Episode 12  Reward:   0.014229  Wealth:    113067.00  Turnover: 1.1968  Gross: 1.2706  Gate: 0.5412
Episode 13  Reward:  -0.373548  Wealth:     78486.61  Turnover: 1.0735  Gross: 1.2300  Gate: 0.4599
Episode 14  Reward:   0.005276  Wealth:    111550.29  Turnover: 1.1553  Gross: 1.2546  Gate: 0.5093
Episode 15  Reward:  -0.021535  Wealth:    108142.96  Turnover: 1.0207  Gross: 1.2720  Gate: 0.5439
Episode 16  Reward:   0.073025  Wealth:    121295.56  Turnover: 1.0204  Gross: 1.2061  Gate: 0.4122
Episode 17  Reward:   0.078865  Wealth:    121333.30  Turnover: 1.1688  Gross: 1.2754  Gate: 0.5507
Episode 18  Reward:  -0.218702  Wealth:     89886.73  Turnover: 1.1157  Gross: 1.3118  Gate: 0.6237
Episode 19  Reward:   0.065801  Wealth:    119809.77  Turnover: 1.1876  Gross: 1.2465  Gate: 0.4931
Episode 20  Reward:  -0.283809  Wealth:     84623.98  Turnover: 1.1174  Gross: 1.2371  Gate: 0.4742
Episode     20  AvgReward:  -0.037744  Noise: 0.1444
Episode 21  Reward:  -0.167100  Wealth:     93962.55  Turnover: 1.1266  Gross: 1.2374  Gate: 0.4749
Episode 22  Reward:  -0.344095  Wealth:     80510.98  Turnover: 1.2011  Gross: 1.2676  Gate: 0.5351
Episode 23  Reward:   0.171939  Wealth:    137304.73  Turnover: 1.1188  Gross: 1.2589  Gate: 0.5178
Episode 24  Reward:   0.103037  Wealth:    125069.83  Turnover: 1.0983  Gross: 1.2336  Gate: 0.4671
Episode 25  Reward:   0.214632  Wealth:    145131.05  Turnover: 1.1644  Gross: 1.2401  Gate: 0.4802
Episode 26  Reward:  -0.153308  Wealth:     94471.46  Turnover: 1.1356  Gross: 1.2611  Gate: 0.5223
Episode 27  Reward:   0.146477  Wealth:    132960.68  Turnover: 1.2132  Gross: 1.2458  Gate: 0.4915
Episode 28  Reward:  -0.154569  Wealth:     95339.69  Turnover: 1.0272  Gross: 1.2910  Gate: 0.5820
Episode 29  Reward:  -0.070309  Wealth:    103045.14  Turnover: 1.1549  Gross: 1.2616  Gate: 0.5232
Episode 30  Reward:  -0.027060  Wealth:    109284.86  Turnover: 1.0127  Gross: 1.2422  Gate: 0.4844
Episode     30  AvgReward:  -0.028036  Noise: 0.1415
Episode 31  Reward:   0.205261  Wealth:    142923.78  Turnover: 1.1625  Gross: 1.2324  Gate: 0.4647
Episode 32  Reward:  -0.010815  Wealth:    109279.33  Turnover: 1.1071  Gross: 1.2412  Gate: 0.4824
Episode 33  Reward:   0.027334  Wealth:    115405.51  Turnover: 0.9853  Gross: 1.2630  Gate: 0.5259
Episode 34  Reward:  -0.061765  Wealth:    103988.38  Turnover: 1.1188  Gross: 1.2424  Gate: 0.4847
Episode 35  Reward:  -0.035685  Wealth:    106841.10  Turnover: 1.0742  Gross: 1.2818  Gate: 0.5635
Episode 36  Reward:  -0.155323  Wealth:     95096.50  Turnover: 1.1466  Gross: 1.2501  Gate: 0.5002
Episode 37  Reward:  -0.187384  Wealth:     92670.83  Turnover: 1.0119  Gross: 1.3044  Gate: 0.6088
Episode 38  Reward:  -0.093657  Wealth:    101309.03  Turnover: 1.0661  Gross: 1.2537  Gate: 0.5075
Episode 39  Reward:  -0.227496  Wealth:     88648.25  Turnover: 1.0769  Gross: 1.2586  Gate: 0.5173
Episode 40  Reward:   0.047611  Wealth:    116663.72  Turnover: 1.0139  Gross: 1.2344  Gate: 0.4687
Episode     40  AvgReward:  -0.049192  Noise: 0.1387
Episode 41  Reward:   0.088264  Wealth:    122819.17  Turnover: 1.0906  Gross: 1.2575  Gate: 0.5149
Episode 42  Reward:   0.149307  Wealth:    130465.63  Turnover: 0.8586  Gross: 1.2032  Gate: 0.4064
Episode 43  Reward:  -0.002260  Wealth:    107376.19  Turnover: 0.2910  Gross: 1.0776  Gate: 0.1551
Episode 44  Reward:   0.074932  Wealth:    116927.96  Turnover: 0.3291  Gross: 1.0748  Gate: 0.1496
Episode 45  Reward:   0.010329  Wealth:    108591.57  Turnover: 0.3337  Gross: 1.0764  Gate: 0.1529
Episode 46  Reward:  -0.023045  Wealth:    104880.29  Turnover: 0.3343  Gross: 1.0768  Gate: 0.1535
Episode 47  Reward:  -0.106317  Wealth:     96109.03  Turnover: 0.3198  Gross: 1.0801  Gate: 0.1603
Episode 48  Reward:   0.011910  Wealth:    108647.13  Turnover: 0.2842  Gross: 1.0867  Gate: 0.1734
Episode 49  Reward:   0.253429  Wealth:    147252.71  Turnover: 0.3545  Gross: 1.0885  Gate: 0.1771
Episode 50  Reward:   0.174647  Wealth:    131340.54  Turnover: 0.3094  Gross: 1.0903  Gate: 0.1806
Episode     50  AvgReward:   0.063120  Noise: 0.1360
Episode 51  Reward:   0.146070  Wealth:    126781.42  Turnover: 0.3196  Gross: 1.0910  Gate: 0.1819
Episode 52  Reward:   0.060546  Wealth:    114402.67  Turnover: 0.3668  Gross: 1.0945  Gate: 0.1890
Episode 53  Reward:  -0.163528  Wealth:     91176.07  Turnover: 0.3211  Gross: 1.0979  Gate: 0.1958
Episode 54  Reward:  -0.250720  Wealth:     84237.95  Turnover: 0.3310  Gross: 1.0970  Gate: 0.1939
Episode 55  Reward:   0.115858  Wealth:    121731.28  Turnover: 0.3061  Gross: 1.1073  Gate: 0.2146
Episode 56  Reward:   0.097965  Wealth:    119193.35  Turnover: 0.3550  Gross: 1.1078  Gate: 0.2155
Episode 57  Reward:   0.025267  Wealth:    109475.08  Turnover: 0.3611  Gross: 1.1114  Gate: 0.2227
Episode 58  Reward:   0.265235  Wealth:    148523.69  Turnover: 0.2777  Gross: 1.1181  Gate: 0.2362
Episode 59  Reward:  -0.002207  Wealth:    106229.14  Turnover: 0.2974  Gross: 1.1189  Gate: 0.2377
Episode 60  Reward:   0.038530  Wealth:    111159.94  Turnover: 0.3353  Gross: 1.1270  Gate: 0.2540
Episode     60  AvgReward:   0.033301  Noise: 0.1333
Episode 61  Reward:   0.110091  Wealth:    120643.00  Turnover: 0.3486  Gross: 1.1214  Gate: 0.2428
Episode 62  Reward:   0.147150  Wealth:    126329.42  Turnover: 0.2534  Gross: 1.1287  Gate: 0.2575
Episode 63  Reward:   0.022018  Wealth:    109134.71  Turnover: 0.3212  Gross: 1.1371  Gate: 0.2742
Episode 64  Reward:   0.073995  Wealth:    115448.50  Turnover: 0.3120  Gross: 1.1398  Gate: 0.2796
Episode 65  Reward:   0.107010  Wealth:    119959.76  Turnover: 0.3471  Gross: 1.1451  Gate: 0.2903
Episode 66  Reward:   0.215598  Wealth:    137928.23  Turnover: 0.2879  Gross: 1.1476  Gate: 0.2951
Episode 67  Reward:  -0.194900  Wealth:     88101.64  Turnover: 0.3339  Gross: 1.1601  Gate: 0.3201
Episode 68  Reward:   0.204061  Wealth:    135677.37  Turnover: 0.3931  Gross: 1.1628  Gate: 0.3256
Episode 69  Reward:   0.142120  Wealth:    124745.26  Turnover: 0.3179  Gross: 1.1651  Gate: 0.3301
Episode 70  Reward:  -0.045597  Wealth:    101087.86  Turnover: 0.3156  Gross: 1.1715  Gate: 0.3430
Episode     70  AvgReward:   0.078155  Noise: 0.1306
Episode 71  Reward:   0.096462  Wealth:    118610.75  Turnover: 0.4104  Gross: 1.1789  Gate: 0.3578
Episode 72  Reward:   0.029055  Wealth:    109586.71  Turnover: 0.4802  Gross: 1.1838  Gate: 0.3675
Episode 73  Reward:   0.174646  Wealth:    130258.59  Turnover: 0.3135  Gross: 1.1917  Gate: 0.3833
Episode 74  Reward:   0.067003  Wealth:    114532.57  Turnover: 0.3850  Gross: 1.1948  Gate: 0.3896
Episode 75  Reward:   0.042078  Wealth:    111008.36  Turnover: 0.2864  Gross: 1.1935  Gate: 0.3871
Episode 76  Reward:   0.032024  Wealth:    109791.64  Turnover: 0.3609  Gross: 1.2137  Gate: 0.4274
Episode 77  Reward:  -0.000895  Wealth:    106152.67  Turnover: 0.3969  Gross: 1.2160  Gate: 0.4319
Episode 78  Reward:   0.066102  Wealth:    114210.95  Turnover: 0.3688  Gross: 1.2159  Gate: 0.4319
Episode 79  Reward:   0.167268  Wealth:    129138.51  Turnover: 0.3345  Gross: 1.2283  Gate: 0.4566
Episode 80  Reward:  -0.112635  Wealth:     94879.66  Turnover: 0.3712  Gross: 1.2337  Gate: 0.4674
Episode     80  AvgReward:   0.056111  Noise: 0.1281
Episode 81  Reward:   0.116343  Wealth:    120924.20  Turnover: 0.3760  Gross: 1.2371  Gate: 0.4741
Episode 82  Reward:   0.096412  Wealth:    117983.47  Turnover: 0.3529  Gross: 1.2412  Gate: 0.4824
Episode 83  Reward:   0.070668  Wealth:    114823.99  Turnover: 0.4069  Gross: 1.2541  Gate: 0.5081
Episode 84  Reward:   0.206108  Wealth:    135996.03  Turnover: 0.3450  Gross: 1.2469  Gate: 0.4938
Episode 85  Reward:   0.148945  Wealth:    126009.04  Turnover: 0.3595  Gross: 1.2624  Gate: 0.5248
Episode 86  Reward:   0.077635  Wealth:    115575.69  Turnover: 0.3517  Gross: 1.2683  Gate: 0.5366
Episode 87  Reward:   0.153745  Wealth:    126710.08  Turnover: 0.3928  Gross: 1.2764  Gate: 0.5529
Episode 88  Reward:   0.092777  Wealth:    117674.79  Turnover: 0.3953  Gross: 1.2865  Gate: 0.5731
Episode 89  Reward:   0.126498  Wealth:    122566.62  Turnover: 0.4162  Gross: 1.2976  Gate: 0.5951
Episode 90  Reward:   0.083659  Wealth:    116417.38  Turnover: 0.3555  Gross: 1.2984  Gate: 0.5968
Episode     90  AvgReward:   0.117279  Noise: 0.1255
Episode 91  Reward:   0.024503  Wealth:    109003.40  Turnover: 0.3599  Gross: 1.3027  Gate: 0.6053
Episode 92  Reward:   0.039597  Wealth:    110696.71  Turnover: 0.4179  Gross: 1.3103  Gate: 0.6205
Episode 93  Reward:   0.048995  Wealth:    112049.72  Turnover: 0.2531  Gross: 1.3187  Gate: 0.6374
Episode 94  Reward:   0.016022  Wealth:    108054.41  Turnover: 0.3113  Gross: 1.3223  Gate: 0.6447
Episode 95  Reward:   0.284872  Wealth:    151767.39  Turnover: 0.2213  Gross: 1.3285  Gate: 0.6569
Episode 96  Reward:   0.113842  Wealth:    120786.70  Turnover: 0.3171  Gross: 1.3416  Gate: 0.6833
Episode 97  Reward:   0.070895  Wealth:    114921.91  Turnover: 0.2857  Gross: 1.3407  Gate: 0.6813
Episode 98  Reward:   0.108272  Wealth:    120157.58  Turnover: 0.2470  Gross: 1.3455  Gate: 0.6911
Episode 99  Reward:   0.154393  Wealth:    127170.43  Turnover: 0.3693  Gross: 1.3558  Gate: 0.7115
Episode 100  Reward:   0.291526  Wealth:    154099.60  Turnover: 0.3489  Gross: 1.3580  Gate: 0.7160
Episode    100  AvgReward:   0.115292  Noise: 0.1230
Episode 101  Reward:   0.091906  Wealth:    118172.83  Turnover: 0.2681  Gross: 1.3710  Gate: 0.7420
Episode 102  Reward:   0.069452  Wealth:    114767.75  Turnover: 0.2888  Gross: 1.3766  Gate: 0.7531
Episode 103  Reward:   0.060599  Wealth:    113730.30  Turnover: 0.2635  Gross: 1.3831  Gate: 0.7662
Episode 104  Reward:   0.052860  Wealth:    112497.71  Turnover: 0.2531  Gross: 1.3861  Gate: 0.7722
Episode 105  Reward:   0.206088  Wealth:    136137.78  Turnover: 0.2813  Gross: 1.3905  Gate: 0.7810
Episode 106  Reward:   0.177605  Wealth:    131133.38  Turnover: 0.3112  Gross: 1.3971  Gate: 0.7941
Episode 107  Reward:   0.199232  Wealth:    135259.36  Turnover: 0.2685  Gross: 1.4040  Gate: 0.8081
Episode 108  Reward:  -0.083473  Wealth:     97752.65  Turnover: 0.3295  Gross: 1.4061  Gate: 0.8122
Episode 109  Reward:  -0.032033  Wealth:    102790.68  Turnover: 0.3413  Gross: 1.3992  Gate: 0.7983
Episode 110  Reward:   0.003645  Wealth:    107006.32  Turnover: 0.3200  Gross: 1.4040  Gate: 0.8079
Episode    110  AvgReward:   0.074588  Noise: 0.1206
Episode 111  Reward:   0.177531  Wealth:    131895.36  Turnover: 0.2196  Gross: 1.4057  Gate: 0.8114
Episode 112  Reward:   0.154485  Wealth:    127840.63  Turnover: 0.2913  Gross: 1.4067  Gate: 0.8134
Episode 113  Reward:  -0.040353  Wealth:    102355.74  Turnover: 0.2593  Gross: 1.3971  Gate: 0.7943
Episode 114  Reward:   0.146181  Wealth:    126047.85  Turnover: 0.3024  Gross: 1.4029  Gate: 0.8058
Episode 115  Reward:   0.257217  Wealth:    146946.87  Turnover: 0.3031  Gross: 1.4065  Gate: 0.8131
Episode 116  Reward:   0.227546  Wealth:    140947.44  Turnover: 0.2608  Gross: 1.4037  Gate: 0.8074
Episode 117  Reward:   0.083140  Wealth:    116901.76  Turnover: 0.2140  Gross: 1.3985  Gate: 0.7970
Episode 118  Reward:   0.199034  Wealth:    135548.22  Turnover: 0.1848  Gross: 1.4074  Gate: 0.8147
Episode 119  Reward:   0.072591  Wealth:    115739.98  Turnover: 0.2262  Gross: 1.4033  Gate: 0.8065
Episode 120  Reward:   0.151922  Wealth:    127329.98  Turnover: 0.2823  Gross: 1.4067  Gate: 0.8133
Episode    120  AvgReward:   0.142929  Noise: 0.1182
Episode 121  Reward:   0.219517  Wealth:    139232.77  Turnover: 0.2245  Gross: 1.3999  Gate: 0.7998
Episode 122  Reward:   0.136182  Wealth:    125087.06  Turnover: 0.2264  Gross: 1.4028  Gate: 0.8055
Episode 123  Reward:   0.088361  Wealth:    117639.67  Turnover: 0.2735  Gross: 1.4068  Gate: 0.8136
Episode 124  Reward:   0.246540  Wealth:    144888.93  Turnover: 0.1982  Gross: 1.4041  Gate: 0.8082
Episode 125  Reward:  -0.000498  Wealth:    106715.09  Turnover: 0.2775  Gross: 1.4065  Gate: 0.8130
Episode 126  Reward:   0.147096  Wealth:    126838.20  Turnover: 0.2849  Gross: 1.4050  Gate: 0.8100
Episode 127  Reward:   0.129081  Wealth:    123864.53  Turnover: 0.2809  Gross: 1.4019  Gate: 0.8039
Episode 128  Reward:   0.073952  Wealth:    116117.30  Turnover: 0.1678  Gross: 1.4042  Gate: 0.8083
Episode 129  Reward:   0.102758  Wealth:    119780.23  Turnover: 0.2928  Gross: 1.4069  Gate: 0.8138
Episode 130  Reward:   0.243051  Wealth:    144158.35  Turnover: 0.2379  Gross: 1.4035  Gate: 0.8070
Episode    130  AvgReward:   0.138604  Noise: 0.1159
Episode 131  Reward:   0.120097  Wealth:    122639.35  Turnover: 0.2474  Gross: 1.4058  Gate: 0.8117
Episode 132  Reward:   0.067670  Wealth:    115138.40  Turnover: 0.2901  Gross: 1.4004  Gate: 0.8008
Episode 133  Reward:   0.132258  Wealth:    124469.89  Turnover: 0.2870  Gross: 1.4045  Gate: 0.8091
Episode 134  Reward:  -0.236726  Wealth:     85157.95  Turnover: 0.2220  Gross: 1.3952  Gate: 0.7904
Episode 135  Reward:   0.170249  Wealth:    130667.03  Turnover: 0.2766  Gross: 1.3980  Gate: 0.7960
Episode 136  Reward:   0.113873  Wealth:    121510.59  Turnover: 0.1761  Gross: 1.4054  Gate: 0.8108
Episode 137  Reward:   0.120857  Wealth:    122528.93  Turnover: 0.2293  Gross: 1.4042  Gate: 0.8085
Episode 138  Reward:   0.080603  Wealth:    116513.26  Turnover: 0.2933  Gross: 1.4018  Gate: 0.8035
Episode 139  Reward:   0.164823  Wealth:    129055.12  Turnover: 0.2356  Gross: 1.3995  Gate: 0.7990
Episode 140  Reward:   0.241994  Wealth:    143838.62  Turnover: 0.2156  Gross: 1.3978  Gate: 0.7955
Episode    140  AvgReward:   0.097570  Noise: 0.1136
Episode 141  Reward:   0.169992  Wealth:    130433.59  Turnover: 0.1736  Gross: 1.3976  Gate: 0.7952
Episode 142  Reward:  -0.026683  Wealth:    103679.15  Turnover: 0.2076  Gross: 1.4037  Gate: 0.8073
Episode 143  Reward:   0.041786  Wealth:    111746.55  Turnover: 0.2973  Gross: 1.3991  Gate: 0.7982
Episode 144  Reward:   0.148449  Wealth:    126658.86  Turnover: 0.2261  Gross: 1.3959  Gate: 0.7918
Episode 145  Reward:   0.189057  Wealth:    134031.78  Turnover: 0.2591  Gross: 1.4064  Gate: 0.8129
Episode 146  Reward:   0.167738  Wealth:    129554.19  Turnover: 0.2039  Gross: 1.3971  Gate: 0.7942
Episode 147  Reward:   0.019238  Wealth:    108594.11  Turnover: 0.1789  Gross: 1.4019  Gate: 0.8038
Episode 148  Reward:   0.072483  Wealth:    115682.98  Turnover: 0.2915  Gross: 1.4019  Gate: 0.8039
Episode 149  Reward:   0.075129  Wealth:    115874.60  Turnover: 0.2806  Gross: 1.3999  Gate: 0.7998
Episode 150  Reward:  -0.043571  Wealth:    102050.21  Turnover: 0.2584  Gross: 1.4008  Gate: 0.8015
Episode    150  AvgReward:   0.081362  Noise: 0.1113
Episode 151  Reward:   0.094849  Wealth:    118313.66  Turnover: 0.2745  Gross: 1.4008  Gate: 0.8016
Episode 152  Reward:  -0.023469  Wealth:    104054.09  Turnover: 0.1882  Gross: 1.3979  Gate: 0.7958
Episode 153  Reward:   0.101691  Wealth:    119550.27  Turnover: 0.2190  Gross: 1.3997  Gate: 0.7994
Episode 154  Reward:   0.147968  Wealth:    126514.18  Turnover: 0.2459  Gross: 1.3929  Gate: 0.7857
Episode 155  Reward:   0.131604  Wealth:    123833.13  Turnover: 0.2840  Gross: 1.3958  Gate: 0.7916
Episode 156  Reward:   0.011257  Wealth:    107950.29  Turnover: 0.2656  Gross: 1.4014  Gate: 0.8027
Episode 157  Reward:  -0.011995  Wealth:    105257.77  Turnover: 0.2659  Gross: 1.4036  Gate: 0.8072
Episode 158  Reward:   0.005166  Wealth:    106932.99  Turnover: 0.1820  Gross: 1.3924  Gate: 0.7847
Episode 159  Reward:   0.014889  Wealth:    108272.88  Turnover: 0.2954  Gross: 1.4056  Gate: 0.8113
Episode 160  Reward:   0.216780  Wealth:    138668.28  Turnover: 0.2364  Gross: 1.4043  Gate: 0.8086
Episode    160  AvgReward:   0.068874  Noise: 0.1091
Episode 161  Reward:   0.198082  Wealth:    135191.17  Turnover: 0.2760  Gross: 1.3868  Gate: 0.7735
Episode 162  Reward:   0.124572  Wealth:    122973.20  Turnover: 0.2618  Gross: 1.4042  Gate: 0.8084
Episode 163  Reward:   0.081647  Wealth:    117061.67  Turnover: 0.1647  Gross: 1.3794  Gate: 0.7589
Episode 164  Reward:   0.082065  Wealth:    116817.13  Turnover: 0.2793  Gross: 1.4057  Gate: 0.8115
Episode 165  Reward:   0.094749  Wealth:    118349.78  Turnover: 0.2239  Gross: 1.3964  Gate: 0.7927
Episode 166  Reward:   0.030001  Wealth:    109987.82  Turnover: 0.3118  Gross: 1.3943  Gate: 0.7886
Episode 167  Reward:   0.079257  Wealth:    116110.44  Turnover: 0.2096  Gross: 1.4009  Gate: 0.8019
Episode 168  Reward:   0.047232  Wealth:    112245.48  Turnover: 0.2921  Gross: 1.3928  Gate: 0.7855
Episode 169  Reward:   0.152702  Wealth:    127239.52  Turnover: 0.2739  Gross: 1.4064  Gate: 0.8127
Episode 170  Reward:  -0.053752  Wealth:    100807.47  Turnover: 0.3086  Gross: 1.4007  Gate: 0.8014
Episode    170  AvgReward:   0.083656  Noise: 0.1069
Episode 171  Reward:   0.186104  Wealth:    132544.46  Turnover: 0.2921  Gross: 1.3650  Gate: 0.7299
Episode 172  Reward:   0.099789  Wealth:    119389.16  Turnover: 0.2677  Gross: 1.3856  Gate: 0.7713
Episode 173  Reward:   0.181472  Wealth:    132185.51  Turnover: 0.2753  Gross: 1.3804  Gate: 0.7609
Episode 174  Reward:   0.256437  Wealth:    146611.97  Turnover: 0.2611  Gross: 1.3641  Gate: 0.7281
Episode 175  Reward:   0.001218  Wealth:    107086.81  Turnover: 0.2157  Gross: 1.3492  Gate: 0.6983
Episode 176  Reward:  -0.052334  Wealth:    101140.93  Turnover: 0.2850  Gross: 1.3875  Gate: 0.7751
Episode 177  Reward:   0.106736  Wealth:    120082.99  Turnover: 0.2058  Gross: 1.3892  Gate: 0.7783
Episode 178  Reward:   0.245975  Wealth:    143931.39  Turnover: 0.1537  Gross: 1.3592  Gate: 0.7183
Episode 179  Reward:   0.058829  Wealth:    113483.35  Turnover: 0.2548  Gross: 1.4001  Gate: 0.8003
Episode 180  Reward:   0.161010  Wealth:    128492.38  Turnover: 0.2987  Gross: 1.3824  Gate: 0.7649
Episode    180  AvgReward:   0.124524  Noise: 0.1048
Episode 181  Reward:   0.189839  Wealth:    133197.05  Turnover: 0.2681  Gross: 1.3895  Gate: 0.7790
Episode 182  Reward:   0.054134  Wealth:    112780.37  Turnover: 0.1470  Gross: 1.3704  Gate: 0.7408
Episode 183  Reward:  -0.140434  Wealth:     92682.46  Turnover: 0.2540  Gross: 1.3553  Gate: 0.7105
Episode 184  Reward:   0.062136  Wealth:    114079.70  Turnover: 0.2990  Gross: 1.3945  Gate: 0.7889
Episode 185  Reward:   0.083242  Wealth:    117043.33  Turnover: 0.3097  Gross: 1.3824  Gate: 0.7649
Episode 186  Reward:   0.039067  Wealth:    110967.17  Turnover: 0.3061  Gross: 1.3957  Gate: 0.7914
Episode 187  Reward:   0.054567  Wealth:    113463.81  Turnover: 0.2872  Gross: 1.3745  Gate: 0.7491
Episode 188  Reward:   0.088324  Wealth:    117187.77  Turnover: 0.2680  Gross: 1.3881  Gate: 0.7762
Episode 189  Reward:   0.196760  Wealth:    134890.91  Turnover: 0.2461  Gross: 1.3558  Gate: 0.7117
Episode 190  Reward:   0.086741  Wealth:    117419.14  Turnover: 0.2110  Gross: 1.3865  Gate: 0.7730
Episode    190  AvgReward:   0.071438  Noise: 0.1027
Episode 191  Reward:   0.012850  Wealth:    108048.92  Turnover: 0.3382  Gross: 1.3973  Gate: 0.7945
Episode 192  Reward:   0.132095  Wealth:    124121.89  Turnover: 0.2889  Gross: 1.3825  Gate: 0.7651
Episode 193  Reward:   0.103214  Wealth:    119441.81  Turnover: 0.3027  Gross: 1.3926  Gate: 0.7851
Episode 194  Reward:   0.137785  Wealth:    125105.82  Turnover: 0.3187  Gross: 1.3923  Gate: 0.7846
Episode 195  Reward:   0.027197  Wealth:    109477.59  Turnover: 0.2751  Gross: 1.3863  Gate: 0.7727
Episode 196  Reward:   0.113294  Wealth:    121699.14  Turnover: 0.3477  Gross: 1.3812  Gate: 0.7624
Episode 197  Reward:   0.054294  Wealth:    113441.45  Turnover: 0.3042  Gross: 1.3921  Gate: 0.7843
Episode 198  Reward:   0.333162  Wealth:    165765.01  Turnover: 0.3780  Gross: 1.3910  Gate: 0.7820
Episode 199  Reward:   0.031919  Wealth:    110804.92  Turnover: 0.3347  Gross: 1.3860  Gate: 0.7721
Episode 200  Reward:   0.135628  Wealth:    125083.94  Turnover: 0.2639  Gross: 1.3858  Gate: 0.7716
Episode    200  AvgReward:   0.108144  Noise: 0.1007
Episode 201  Reward:   0.224281  Wealth:    140048.14  Turnover: 0.2124  Gross: 1.3600  Gate: 0.7201
Episode 202  Reward:   0.058269  Wealth:    113260.60  Turnover: 0.2340  Gross: 1.3988  Gate: 0.7975
Episode 203  Reward:  -0.001025  Wealth:    106541.01  Turnover: 0.3810  Gross: 1.3912  Gate: 0.7824
Episode 204  Reward:  -0.123566  Wealth:     94998.85  Turnover: 0.3065  Gross: 1.3464  Gate: 0.6928
Episode 205  Reward:   0.116184  Wealth:    121340.46  Turnover: 0.3198  Gross: 1.3885  Gate: 0.7770
Episode 206  Reward:   0.108974  Wealth:    120535.66  Turnover: 0.3257  Gross: 1.3735  Gate: 0.7471
Episode 207  Reward:   0.194321  Wealth:    134384.55  Turnover: 0.3081  Gross: 1.4029  Gate: 0.8057
Episode 208  Reward:   0.027094  Wealth:    109891.51  Turnover: 0.3203  Gross: 1.3740  Gate: 0.7481
Episode 209  Reward:   0.134094  Wealth:    123939.53  Turnover: 0.2725  Gross: 1.4008  Gate: 0.8016
Episode 210  Reward:   0.134226  Wealth:    124241.52  Turnover: 0.2029  Gross: 1.3787  Gate: 0.7574
Episode    210  AvgReward:   0.087285  Noise: 0.0987
Episode 211  Reward:   0.234089  Wealth:    142682.35  Turnover: 0.3425  Gross: 1.4033  Gate: 0.8066
Episode 212  Reward:  -0.006263  Wealth:    106375.83  Turnover: 0.3131  Gross: 1.3920  Gate: 0.7839
Episode 213  Reward:   0.148615  Wealth:    127405.31  Turnover: 0.2230  Gross: 1.4057  Gate: 0.8114
Episode 214  Reward:   0.110891  Wealth:    122550.32  Turnover: 0.3616  Gross: 1.3531  Gate: 0.7061
Episode 215  Reward:   0.231854  Wealth:    142520.61  Turnover: 0.3386  Gross: 1.3907  Gate: 0.7813
Episode 216  Reward:   0.243072  Wealth:    146495.43  Turnover: 0.4165  Gross: 1.3468  Gate: 0.6935
Episode 217  Reward:   0.202332  Wealth:    136993.14  Turnover: 0.3706  Gross: 1.3841  Gate: 0.7683
Episode 218  Reward:   0.023136  Wealth:    109790.92  Turnover: 0.4265  Gross: 1.4007  Gate: 0.8014
Episode 219  Reward:   0.089374  Wealth:    117473.35  Turnover: 0.2021  Gross: 1.4060  Gate: 0.8120
Episode 220  Reward:   0.156877  Wealth:    127577.91  Turnover: 0.2323  Gross: 1.4061  Gate: 0.8122
Episode    220  AvgReward:   0.143398  Noise: 0.0968
Episode 221  Reward:   0.099474  Wealth:    119522.95  Turnover: 0.4131  Gross: 1.4151  Gate: 0.8302
Episode 222  Reward:  -0.121857  Wealth:     94352.35  Turnover: 0.3564  Gross: 1.3866  Gate: 0.7732
Episode 223  Reward:   0.145501  Wealth:    126173.30  Turnover: 0.3437  Gross: 1.3914  Gate: 0.7829
Episode 224  Reward:   0.114829  Wealth:    123134.38  Turnover: 0.3871  Gross: 1.3497  Gate: 0.6995
Episode 225  Reward:   0.153434  Wealth:    127530.47  Turnover: 0.3146  Gross: 1.3933  Gate: 0.7865
Episode 226  Reward:   0.134018  Wealth:    125385.07  Turnover: 0.3518  Gross: 1.3915  Gate: 0.7830
Episode 227  Reward:   0.058721  Wealth:    114005.25  Turnover: 0.2511  Gross: 1.3856  Gate: 0.7712
Episode 228  Reward:  -0.032848  Wealth:    102865.65  Turnover: 0.2579  Gross: 1.3960  Gate: 0.7920
Episode 229  Reward:   0.024701  Wealth:    109890.84  Turnover: 0.1796  Gross: 1.3973  Gate: 0.7945
Episode 230  Reward:   0.120220  Wealth:    123444.55  Turnover: 0.4938  Gross: 1.3619  Gate: 0.7237
Episode    230  AvgReward:   0.069619  Noise: 0.0948
Episode 231  Reward:   0.003714  Wealth:    107391.54  Turnover: 0.3235  Gross: 1.4014  Gate: 0.8028
Episode 232  Reward:   0.120871  Wealth:    123358.53  Turnover: 0.4321  Gross: 1.3920  Gate: 0.7840
Episode 233  Reward:   0.087617  Wealth:    118095.09  Turnover: 0.3924  Gross: 1.4029  Gate: 0.8058
Episode 234  Reward:   0.103638  Wealth:    119554.45  Turnover: 0.2651  Gross: 1.4046  Gate: 0.8093
Episode 235  Reward:   0.236884  Wealth:    143131.76  Turnover: 0.4691  Gross: 1.4049  Gate: 0.8097
Episode 236  Reward:  -0.038251  Wealth:    103067.76  Turnover: 0.3785  Gross: 1.3903  Gate: 0.7806
Episode 237  Reward:  -0.100792  Wealth:     96565.99  Turnover: 0.3785  Gross: 1.3943  Gate: 0.7886
Episode 238  Reward:   0.146030  Wealth:    126385.26  Turnover: 0.2835  Gross: 1.4015  Gate: 0.8030
Episode 239  Reward:   0.145014  Wealth:    127262.48  Turnover: 0.4076  Gross: 1.4037  Gate: 0.8075
Episode 240  Reward:   0.098313  Wealth:    120425.55  Turnover: 0.4611  Gross: 1.3849  Gate: 0.7698
Episode    240  AvgReward:   0.080304  Noise: 0.0930
Episode 241  Reward:   0.184831  Wealth:    134298.25  Turnover: 0.5936  Gross: 1.3796  Gate: 0.7592
Episode 242  Reward:   0.112933  Wealth:    122143.90  Turnover: 0.6077  Gross: 1.3845  Gate: 0.7689
Episode 243  Reward:   0.368715  Wealth:    177165.98  Turnover: 0.4790  Gross: 1.3856  Gate: 0.7711
Episode 244  Reward:   0.041146  Wealth:    113106.11  Turnover: 0.5519  Gross: 1.3613  Gate: 0.7225
Episode 245  Reward:   0.147794  Wealth:    126398.64  Turnover: 0.3096  Gross: 1.4061  Gate: 0.8122
Episode 246  Reward:   0.202026  Wealth:    136309.47  Turnover: 0.4777  Gross: 1.4020  Gate: 0.8040
Episode 247  Reward:  -0.045030  Wealth:    102186.50  Turnover: 0.4952  Gross: 1.3709  Gate: 0.7418
Episode 248  Reward:   0.218918  Wealth:    141578.59  Turnover: 0.6383  Gross: 1.3816  Gate: 0.7632
Episode 249  Reward:   0.140709  Wealth:    125579.31  Turnover: 0.4569  Gross: 1.4055  Gate: 0.8110
Episode 250  Reward:  -0.102377  Wealth:     96437.89  Turnover: 0.5653  Gross: 1.3997  Gate: 0.7993
Episode    250  AvgReward:   0.126966  Noise: 0.0911
Episode 251  Reward:   0.161834  Wealth:    129996.35  Turnover: 0.5054  Gross: 1.3893  Gate: 0.7785
Episode 252  Reward:   0.134299  Wealth:    124223.37  Turnover: 0.3409  Gross: 1.3872  Gate: 0.7744
Episode 253  Reward:   0.163599  Wealth:    131086.06  Turnover: 0.4678  Gross: 1.3772  Gate: 0.7543
Episode 254  Reward:   0.103713  Wealth:    119372.71  Turnover: 0.1813  Gross: 1.4073  Gate: 0.8147
Episode 255  Reward:  -0.128551  Wealth:     94142.38  Turnover: 0.4838  Gross: 1.3911  Gate: 0.7823
Episode 256  Reward:   0.042967  Wealth:    112590.63  Turnover: 0.5803  Gross: 1.4042  Gate: 0.8084
Episode 257  Reward:   0.059187  Wealth:    114812.67  Turnover: 0.5482  Gross: 1.3977  Gate: 0.7953
Episode 258  Reward:  -0.017024  Wealth:    106130.90  Turnover: 0.5130  Gross: 1.3678  Gate: 0.7356
Episode 259  Reward:   0.092173  Wealth:    119455.96  Turnover: 0.5725  Gross: 1.3853  Gate: 0.7707
Episode 260  Reward:  -0.027884  Wealth:    104964.86  Turnover: 0.7495  Gross: 1.3790  Gate: 0.7581
Episode    260  AvgReward:   0.058431  Noise: 0.0893
Episode 261  Reward:  -0.030508  Wealth:    104086.31  Turnover: 0.3501  Gross: 1.3849  Gate: 0.7698
Episode 262  Reward:  -0.007118  Wealth:    106255.03  Turnover: 0.5176  Gross: 1.4045  Gate: 0.8089
Episode 263  Reward:  -0.076124  Wealth:    100544.46  Turnover: 0.5125  Gross: 1.3684  Gate: 0.7368
Episode 264  Reward:  -0.041086  Wealth:    102964.16  Turnover: 0.3130  Gross: 1.3835  Gate: 0.7671
Episode 265  Reward:  -0.004966  Wealth:    106065.48  Turnover: 0.3265  Gross: 1.3868  Gate: 0.7736
Episode 266  Reward:   0.053112  Wealth:    114206.73  Turnover: 0.5221  Gross: 1.3874  Gate: 0.7747
Episode 267  Reward:   0.028536  Wealth:    111629.64  Turnover: 0.5141  Gross: 1.4041  Gate: 0.8081
Episode 268  Reward:   0.127661  Wealth:    124279.35  Turnover: 0.3112  Gross: 1.3963  Gate: 0.7925
Episode 269  Reward:   0.008818  Wealth:    110721.09  Turnover: 0.4358  Gross: 1.3710  Gate: 0.7420
Episode 270  Reward:   0.142673  Wealth:    128543.34  Turnover: 0.5566  Gross: 1.4013  Gate: 0.8026
Episode    270  AvgReward:   0.020100  Noise: 0.0875
Episode 271  Reward:   0.195167  Wealth:    136655.61  Turnover: 0.3870  Gross: 1.4048  Gate: 0.8097
Episode 272  Reward:  -0.032544  Wealth:    103486.41  Turnover: 0.3572  Gross: 1.3968  Gate: 0.7937
Episode 273  Reward:   0.119198  Wealth:    122670.16  Turnover: 0.3626  Gross: 1.4025  Gate: 0.8050
Episode 274  Reward:   0.275685  Wealth:    152594.94  Turnover: 0.5693  Gross: 1.3832  Gate: 0.7665
Episode 275  Reward:   0.061122  Wealth:    115702.13  Turnover: 0.4449  Gross: 1.3881  Gate: 0.7761
Episode 276  Reward:   0.034966  Wealth:    110961.59  Turnover: 0.3031  Gross: 1.4008  Gate: 0.8015
Episode 277  Reward:   0.246585  Wealth:    146616.44  Turnover: 0.5050  Gross: 1.3732  Gate: 0.7463
Episode 278  Reward:   0.242906  Wealth:    146952.02  Turnover: 0.5813  Gross: 1.4056  Gate: 0.8111
Episode 279  Reward:   0.026698  Wealth:    110445.99  Turnover: 0.4074  Gross: 1.3852  Gate: 0.7703
Episode 280  Reward:   0.159258  Wealth:    130755.89  Turnover: 0.4301  Gross: 1.3932  Gate: 0.7865
Episode    280  AvgReward:   0.132904  Noise: 0.0858
Episode 281  Reward:   0.095685  Wealth:    120385.57  Turnover: 0.5925  Gross: 1.3730  Gate: 0.7461
Episode 282  Reward:   0.060443  Wealth:    115531.77  Turnover: 0.4031  Gross: 1.3779  Gate: 0.7559
Episode 283  Reward:   0.186900  Wealth:    133270.16  Turnover: 0.2929  Gross: 1.3938  Gate: 0.7876
Episode 284  Reward:   0.102817  Wealth:    120715.16  Turnover: 0.2890  Gross: 1.4012  Gate: 0.8023
Episode 285  Reward:   0.145389  Wealth:    128528.33  Turnover: 0.7323  Gross: 1.3723  Gate: 0.7447
Episode 286  Reward:   0.266854  Wealth:    154531.53  Turnover: 0.5451  Gross: 1.3975  Gate: 0.7951
Episode 287  Reward:   0.131767  Wealth:    123925.98  Turnover: 0.3724  Gross: 1.4048  Gate: 0.8096
Episode 288  Reward:   0.112790  Wealth:    124995.26  Turnover: 0.8639  Gross: 1.3835  Gate: 0.7670
Episode 289  Reward:   0.221297  Wealth:    141039.99  Turnover: 0.4349  Gross: 1.3744  Gate: 0.7489
Episode 290  Reward:   0.042164  Wealth:    113734.09  Turnover: 0.6933  Gross: 1.3817  Gate: 0.7634
Episode    290  AvgReward:   0.136611  Noise: 0.0841
Episode 291  Reward:   0.050827  Wealth:    113549.52  Turnover: 0.2868  Gross: 1.4047  Gate: 0.8095
Episode 292  Reward:   0.037112  Wealth:    111565.22  Turnover: 0.4631  Gross: 1.4069  Gate: 0.8138
Episode 293  Reward:   0.023903  Wealth:    110356.81  Turnover: 0.3163  Gross: 1.4050  Gate: 0.8100
Episode 294  Reward:   0.044230  Wealth:    112522.88  Turnover: 0.3034  Gross: 1.3988  Gate: 0.7977
Episode 295  Reward:   0.160191  Wealth:    128848.56  Turnover: 0.4200  Gross: 1.3888  Gate: 0.7775
Episode 296  Reward:   0.002882  Wealth:    110692.54  Turnover: 0.4063  Gross: 1.3837  Gate: 0.7674
Episode 297  Reward:   0.166562  Wealth:    131879.30  Turnover: 0.5350  Gross: 1.3776  Gate: 0.7553
Episode 298  Reward:   0.225890  Wealth:    141927.08  Turnover: 0.5332  Gross: 1.3922  Gate: 0.7843
Episode 299  Reward:   0.173692  Wealth:    133275.26  Turnover: 0.4131  Gross: 1.4026  Gate: 0.8052
Episode 300  Reward:   0.020050  Wealth:    109927.94  Turnover: 0.2533  Gross: 1.3878  Gate: 0.7756
Episode    300  AvgReward:   0.090534  Noise: 0.0824
Episode 301  Reward:   0.088772  Wealth:    117976.18  Turnover: 0.3206  Gross: 1.3940  Gate: 0.7881
Episode 302  Reward:   0.193591  Wealth:    136154.67  Turnover: 0.6233  Gross: 1.3893  Gate: 0.7786
Episode 303  Reward:   0.122255  Wealth:    123521.45  Turnover: 0.3777  Gross: 1.3920  Gate: 0.7841
Episode 304  Reward:   0.117569  Wealth:    122362.63  Turnover: 0.6868  Gross: 1.3987  Gate: 0.7975
Episode 305  Reward:   0.060449  Wealth:    115792.21  Turnover: 0.6420  Gross: 1.3878  Gate: 0.7757
Episode 306  Reward:   0.010542  Wealth:    108189.40  Turnover: 0.1622  Gross: 1.4041  Gate: 0.8082
Episode 307  Reward:   0.058358  Wealth:    113470.19  Turnover: 0.3430  Gross: 1.4060  Gate: 0.8120
Episode 308  Reward:   0.019445  Wealth:    109330.26  Turnover: 0.3239  Gross: 1.3917  Gate: 0.7833
Episode 309  Reward:   0.203688  Wealth:    138817.41  Turnover: 0.5161  Gross: 1.4043  Gate: 0.8087
Episode 310  Reward:  -0.022464  Wealth:    104312.49  Turnover: 0.2518  Gross: 1.4001  Gate: 0.8001
Episode    310  AvgReward:   0.085221  Noise: 0.0808
Episode 311  Reward:   0.181243  Wealth:    135294.79  Turnover: 0.8013  Gross: 1.3911  Gate: 0.7823
Episode 312  Reward:   0.002602  Wealth:    107392.23  Turnover: 0.2589  Gross: 1.3986  Gate: 0.7973
Episode 313  Reward:   0.136839  Wealth:    125980.10  Turnover: 0.3594  Gross: 1.4033  Gate: 0.8066
Episode 314  Reward:   0.110682  Wealth:    122522.12  Turnover: 0.2591  Gross: 1.3847  Gate: 0.7694
Episode 315  Reward:   0.193773  Wealth:    136253.37  Turnover: 0.5833  Gross: 1.3914  Gate: 0.7828
Episode 316  Reward:   0.080864  Wealth:    117889.06  Turnover: 0.5607  Gross: 1.4023  Gate: 0.8047
Episode 317  Reward:   0.255011  Wealth:    147863.04  Turnover: 0.5194  Gross: 1.3976  Gate: 0.7952
Episode 318  Reward:   0.174467  Wealth:    131699.04  Turnover: 0.7317  Gross: 1.4045  Gate: 0.8090
Episode 319  Reward:   0.174130  Wealth:    131829.00  Turnover: 0.3432  Gross: 1.3988  Gate: 0.7977
Episode 320  Reward:  -0.057527  Wealth:    102037.40  Turnover: 0.7348  Gross: 1.3793  Gate: 0.7586
Episode    320  AvgReward:   0.125208  Noise: 0.0792
Episode 321  Reward:   0.180223  Wealth:    134117.44  Turnover: 0.3925  Gross: 1.3863  Gate: 0.7726
Episode 322  Reward:   0.004847  Wealth:    107610.33  Turnover: 0.2949  Gross: 1.4025  Gate: 0.8051
Episode 323  Reward:   0.003023  Wealth:    107362.10  Turnover: 0.2485  Gross: 1.3952  Gate: 0.7903
Episode 324  Reward:   0.182308  Wealth:    135353.85  Turnover: 0.6022  Gross: 1.3835  Gate: 0.7671
Episode 325  Reward:   0.270537  Wealth:    154444.51  Turnover: 0.5655  Gross: 1.4039  Gate: 0.8079
Episode 326  Reward:   0.098577  Wealth:    119509.38  Turnover: 0.4818  Gross: 1.4092  Gate: 0.8184
Episode 327  Reward:   0.174158  Wealth:    137691.85  Turnover: 0.6805  Gross: 1.3773  Gate: 0.7545
Episode 328  Reward:   0.137221  Wealth:    125719.78  Turnover: 0.5998  Gross: 1.4135  Gate: 0.8270
Episode 329  Reward:  -0.005577  Wealth:    110869.65  Turnover: 0.9764  Gross: 1.3970  Gate: 0.7940
Episode 330  Reward:   0.199804  Wealth:    135418.00  Turnover: 0.1689  Gross: 1.4043  Gate: 0.8087
Episode    330  AvgReward:   0.124512  Noise: 0.0776
Episode 331  Reward:   0.099781  Wealth:    119509.08  Turnover: 0.2374  Gross: 1.4005  Gate: 0.8010
Episode 332  Reward:   0.149285  Wealth:    128289.51  Turnover: 0.4424  Gross: 1.3856  Gate: 0.7712
Episode 333  Reward:   0.096493  Wealth:    119885.19  Turnover: 0.2984  Gross: 1.4007  Gate: 0.8015
Episode 334  Reward:   0.101188  Wealth:    120716.55  Turnover: 0.4634  Gross: 1.3993  Gate: 0.7986
Episode 335  Reward:  -0.011441  Wealth:    105956.37  Turnover: 0.3690  Gross: 1.4100  Gate: 0.8201
Episode 336  Reward:   0.203946  Wealth:    138415.15  Turnover: 0.4844  Gross: 1.3841  Gate: 0.7681
Episode 337  Reward:   0.015651  Wealth:    109462.58  Turnover: 0.4946  Gross: 1.3991  Gate: 0.7981
Episode 338  Reward:   0.218953  Wealth:    140391.82  Turnover: 0.1647  Gross: 1.3997  Gate: 0.7994
Episode 339  Reward:   0.359832  Wealth:    174125.77  Turnover: 0.3923  Gross: 1.3985  Gate: 0.7970
Episode 340  Reward:   0.118243  Wealth:    124077.00  Turnover: 0.3246  Gross: 1.4090  Gate: 0.8179
Episode    340  AvgReward:   0.135193  Noise: 0.0761
Episode 341  Reward:   0.281769  Wealth:    153209.92  Turnover: 0.5533  Gross: 1.4027  Gate: 0.8055
Episode 342  Reward:   0.134089  Wealth:    125350.01  Turnover: 0.3934  Gross: 1.3947  Gate: 0.7895
Episode 343  Reward:   0.090056  Wealth:    119778.61  Turnover: 0.5654  Gross: 1.4049  Gate: 0.8098
Episode 344  Reward:  -0.036466  Wealth:    103671.14  Turnover: 0.2589  Gross: 1.3839  Gate: 0.7679
Episode 345  Reward:   0.050254  Wealth:    113341.27  Turnover: 0.4059  Gross: 1.4054  Gate: 0.8108
Episode 346  Reward:  -0.077172  Wealth:    102389.47  Turnover: 0.9225  Gross: 1.3770  Gate: 0.7540
Episode 347  Reward:   0.168458  Wealth:    131876.34  Turnover: 0.4697  Gross: 1.3978  Gate: 0.7956
Episode 348  Reward:  -0.029201  Wealth:    106922.11  Turnover: 0.7805  Gross: 1.4048  Gate: 0.8095
Episode 349  Reward:   0.341969  Wealth:    170416.83  Turnover: 0.4763  Gross: 1.3971  Gate: 0.7942
Episode 350  Reward:   0.006499  Wealth:    108374.75  Turnover: 0.2886  Gross: 1.3970  Gate: 0.7940
Episode    350  AvgReward:   0.093025  Noise: 0.0746
Episode 351  Reward:  -0.124482  Wealth:     94600.63  Turnover: 0.2121  Gross: 1.4001  Gate: 0.8002
Episode 352  Reward:  -0.059848  Wealth:    101975.75  Turnover: 0.3813  Gross: 1.4030  Gate: 0.8059
Episode 353  Reward:   0.204558  Wealth:    137336.44  Turnover: 0.5424  Gross: 1.3991  Gate: 0.7983
Episode 354  Reward:  -0.800666  Wealth:     59515.12  Turnover: 0.7415  Gross: 1.3898  Gate: 0.7796
Episode 355  Reward:   0.189193  Wealth:    134743.88  Turnover: 0.4742  Gross: 1.3953  Gate: 0.7906
Episode 356  Reward:   0.089717  Wealth:    118101.83  Turnover: 0.2681  Gross: 1.4040  Gate: 0.8080
Episode 357  Reward:  -0.190124  Wealth:     88953.85  Turnover: 0.3260  Gross: 1.4030  Gate: 0.8059
Episode 358  Reward:   0.041945  Wealth:    114042.11  Turnover: 0.5850  Gross: 1.4081  Gate: 0.8161
Episode 359  Reward:  -0.044545  Wealth:    103210.84  Turnover: 0.3794  Gross: 1.4060  Gate: 0.8121
Episode 360  Reward:   0.201983  Wealth:    137773.00  Turnover: 0.4355  Gross: 1.4017  Gate: 0.8035
Episode    360  AvgReward:  -0.049227  Noise: 0.0731
Episode 361  Reward:   0.171157  Wealth:    131224.80  Turnover: 0.5536  Gross: 1.4023  Gate: 0.8045
Episode 362  Reward:   0.217974  Wealth:    140540.87  Turnover: 0.5921  Gross: 1.3611  Gate: 0.7223
Episode 363  Reward:   0.144015  Wealth:    128508.02  Turnover: 0.9373  Gross: 1.3861  Gate: 0.7722
Episode 364  Reward:  -0.064887  Wealth:    101365.91  Turnover: 0.6200  Gross: 1.4040  Gate: 0.8080
Episode 365  Reward:   0.119348  Wealth:    123434.86  Turnover: 0.3824  Gross: 1.3840  Gate: 0.7679
Episode 366  Reward:   0.066494  Wealth:    115435.56  Turnover: 0.3195  Gross: 1.3975  Gate: 0.7949
Episode 367  Reward:   0.169726  Wealth:    130309.58  Turnover: 0.3476  Gross: 1.4026  Gate: 0.8053
Episode 368  Reward:  -0.084448  Wealth:    100136.37  Turnover: 0.6993  Gross: 1.3911  Gate: 0.7822
Episode 369  Reward:   0.417215  Wealth:    201020.87  Turnover: 0.6650  Gross: 1.3562  Gate: 0.7124
Episode 370  Reward:   0.038501  Wealth:    115155.97  Turnover: 0.7660  Gross: 1.3883  Gate: 0.7765
Episode    370  AvgReward:   0.119509  Noise: 0.0717
Episode 371  Reward:   0.272697  Wealth:    152161.26  Turnover: 0.6110  Gross: 1.3924  Gate: 0.7849
Episode 372  Reward:   0.206479  Wealth:    139353.68  Turnover: 0.4324  Gross: 1.3726  Gate: 0.7452
Episode 373  Reward:   0.043637  Wealth:    112081.78  Turnover: 0.4505  Gross: 1.4046  Gate: 0.8091
Episode 374  Reward:   0.071026  Wealth:    117965.90  Turnover: 0.6677  Gross: 1.3999  Gate: 0.7997
Episode 375  Reward:   0.243757  Wealth:    144116.64  Turnover: 0.4321  Gross: 1.3964  Gate: 0.7929
Episode 376  Reward:  -0.021571  Wealth:    107910.08  Turnover: 0.7749  Gross: 1.3773  Gate: 0.7547
Episode 377  Reward:  -0.044776  Wealth:    102356.50  Turnover: 0.6471  Gross: 1.4008  Gate: 0.8016
Episode 378  Reward:   0.099132  Wealth:    121742.71  Turnover: 0.7220  Gross: 1.4035  Gate: 0.8069
Episode 379  Reward:   0.259431  Wealth:    151995.12  Turnover: 0.7199  Gross: 1.3952  Gate: 0.7905
Episode 380  Reward:   0.109464  Wealth:    122061.81  Turnover: 0.6025  Gross: 1.4064  Gate: 0.8127
Episode    380  AvgReward:   0.123928  Noise: 0.0702
Episode 381  Reward:  -0.067183  Wealth:     99740.53  Turnover: 0.4066  Gross: 1.4094  Gate: 0.8189
Episode 382  Reward:   0.043206  Wealth:    113519.03  Turnover: 0.5146  Gross: 1.4055  Gate: 0.8111
Episode 383  Reward:   0.065963  Wealth:    117055.61  Turnover: 0.9044  Gross: 1.4024  Gate: 0.8048
Episode 384  Reward:   0.041504  Wealth:    111946.14  Turnover: 0.4345  Gross: 1.3980  Gate: 0.7960
Episode 385  Reward:   0.097096  Wealth:    119396.48  Turnover: 0.3589  Gross: 1.4032  Gate: 0.8065
Episode 386  Reward:   0.062577  Wealth:    114607.89  Turnover: 0.4435  Gross: 1.3775  Gate: 0.7549
Episode 387  Reward:   0.123482  Wealth:    124306.26  Turnover: 0.7488  Gross: 1.3962  Gate: 0.7924
Episode 388  Reward:   0.028943  Wealth:    111406.50  Turnover: 0.6466  Gross: 1.3952  Gate: 0.7904
Episode 389  Reward:  -0.060217  Wealth:    100800.04  Turnover: 0.4967  Gross: 1.4034  Gate: 0.8069
Episode 390  Reward:   0.238793  Wealth:    144838.88  Turnover: 0.8139  Gross: 1.3906  Gate: 0.7813
Episode    390  AvgReward:   0.057416  Noise: 0.0688
Episode 391  Reward:   0.086578  Wealth:    117706.71  Turnover: 0.5366  Gross: 1.3981  Gate: 0.7961
Episode 392  Reward:   0.181352  Wealth:    132401.79  Turnover: 0.5677  Gross: 1.4036  Gate: 0.8072
Episode 393  Reward:   0.267910  Wealth:    150797.78  Turnover: 0.6768  Gross: 1.3963  Gate: 0.7925
Episode 394  Reward:  -0.511586  Wealth:     69435.96  Turnover: 0.5229  Gross: 1.3910  Gate: 0.7820
Episode 395  Reward:   0.190927  Wealth:    134631.18  Turnover: 0.4216  Gross: 1.3983  Gate: 0.7967
Episode 396  Reward:   0.033008  Wealth:    112591.74  Turnover: 0.6834  Gross: 1.4080  Gate: 0.8160
Episode 397  Reward:   0.225165  Wealth:    141499.71  Turnover: 0.7037  Gross: 1.3942  Gate: 0.7884
Episode 398  Reward:   0.257937  Wealth:    151278.49  Turnover: 0.7458  Gross: 1.3983  Gate: 0.7966
Episode 399  Reward:   0.133152  Wealth:    124658.91  Turnover: 0.6075  Gross: 1.3980  Gate: 0.7961
Episode 400  Reward:   0.110133  Wealth:    122079.60  Turnover: 0.5604  Gross: 1.4006  Gate: 0.8012
Episode    400  AvgReward:   0.097458  Noise: 0.0675
Episode 401  Reward:   0.011787  Wealth:    109100.83  Turnover: 0.4520  Gross: 1.3874  Gate: 0.7748
Episode 402  Reward:   0.085223  Wealth:    118072.07  Turnover: 0.5233  Gross: 1.4053  Gate: 0.8105
Episode 403  Reward:   0.239715  Wealth:    145864.28  Turnover: 0.5062  Gross: 1.4026  Gate: 0.8052
Episode 404  Reward:  -0.062483  Wealth:    102687.93  Turnover: 0.5625  Gross: 1.3862  Gate: 0.7725
Episode 405  Reward:  -0.111646  Wealth:     96892.64  Turnover: 0.5133  Gross: 1.3959  Gate: 0.7917
Episode 406  Reward:  -0.015148  Wealth:    105823.60  Turnover: 0.4766  Gross: 1.3944  Gate: 0.7888
Episode 407  Reward:   0.142613  Wealth:    125634.15  Turnover: 0.3453  Gross: 1.3949  Gate: 0.7898
Episode 408  Reward:   0.175532  Wealth:    131083.98  Turnover: 0.1877  Gross: 1.3924  Gate: 0.7847
Episode 409  Reward:   0.120122  Wealth:    122263.31  Turnover: 0.5085  Gross: 1.4048  Gate: 0.8096
Episode 410  Reward:   0.204500  Wealth:    138508.29  Turnover: 0.5559  Gross: 1.3983  Gate: 0.7966
Episode    410  AvgReward:   0.079021  Noise: 0.0661
Episode 411  Reward:   0.154745  Wealth:    130061.37  Turnover: 0.5760  Gross: 1.4039  Gate: 0.8078
Episode 412  Reward:   0.149821  Wealth:    126882.40  Turnover: 0.7640  Gross: 1.4071  Gate: 0.8141
Episode 413  Reward:   0.083021  Wealth:    117894.86  Turnover: 0.6528  Gross: 1.3848  Gate: 0.7695
Episode 414  Reward:   0.216590  Wealth:    138474.58  Turnover: 0.4869  Gross: 1.4062  Gate: 0.8124
Episode 415  Reward:   0.222506  Wealth:    139797.86  Turnover: 0.4521  Gross: 1.3966  Gate: 0.7931
Episode 416  Reward:   0.305647  Wealth:    160480.30  Turnover: 0.6436  Gross: 1.3909  Gate: 0.7818
Episode 417  Reward:   0.228141  Wealth:    145659.05  Turnover: 0.7415  Gross: 1.4033  Gate: 0.8067
Episode 418  Reward:   0.057266  Wealth:    114242.09  Turnover: 0.5172  Gross: 1.3931  Gate: 0.7863
Episode 419  Reward:   0.293950  Wealth:    157685.24  Turnover: 0.5286  Gross: 1.3940  Gate: 0.7879
Episode 420  Reward:   0.187608  Wealth:    133485.82  Turnover: 0.5118  Gross: 1.4055  Gate: 0.8110
Episode    420  AvgReward:   0.189929  Noise: 0.0648
Episode 421  Reward:  -0.071757  Wealth:     99292.58  Turnover: 0.4970  Gross: 1.4015  Gate: 0.8031
Episode 422  Reward:   0.093605  Wealth:    118407.27  Turnover: 0.5293  Gross: 1.4034  Gate: 0.8068
Episode 423  Reward:   0.027953  Wealth:    111070.38  Turnover: 0.4776  Gross: 1.4060  Gate: 0.8119
Episode 424  Reward:   0.138134  Wealth:    127130.79  Turnover: 0.4503  Gross: 1.3738  Gate: 0.7475
Episode 425  Reward:   0.251819  Wealth:    146610.20  Turnover: 0.5030  Gross: 1.3918  Gate: 0.7836
Episode 426  Reward:   0.209441  Wealth:    137587.35  Turnover: 0.3402  Gross: 1.3661  Gate: 0.7321
Episode 427  Reward:   0.061484  Wealth:    113628.56  Turnover: 0.4591  Gross: 1.4018  Gate: 0.8036
Episode 428  Reward:   0.190629  Wealth:    133759.24  Turnover: 0.3152  Gross: 1.4054  Gate: 0.8108
Episode 429  Reward:  -0.008091  Wealth:    107712.75  Turnover: 0.5229  Gross: 1.3999  Gate: 0.7998
Episode 430  Reward:   0.064701  Wealth:    116704.86  Turnover: 0.8516  Gross: 1.3910  Gate: 0.7819
Episode    430  AvgReward:   0.095792  Noise: 0.0635
Episode 431  Reward:   0.058998  Wealth:    114433.14  Turnover: 0.4179  Gross: 1.4025  Gate: 0.8049
Episode 432  Reward:  -0.113004  Wealth:     96172.63  Turnover: 0.6437  Gross: 1.4053  Gate: 0.8107
Episode 433  Reward:  -0.089549  Wealth:    101587.81  Turnover: 0.9145  Gross: 1.3739  Gate: 0.7478
Episode 434  Reward:   0.179953  Wealth:    131998.42  Turnover: 0.4300  Gross: 1.4000  Gate: 0.8000
Episode 435  Reward:   0.055230  Wealth:    114000.65  Turnover: 0.2958  Gross: 1.4001  Gate: 0.8002
Episode 436  Reward:   0.118703  Wealth:    122540.32  Turnover: 0.4223  Gross: 1.3997  Gate: 0.7993
Episode 437  Reward:   0.087985  Wealth:    117749.51  Turnover: 0.3505  Gross: 1.4030  Gate: 0.8061
Episode 438  Reward:   0.124735  Wealth:    124780.18  Turnover: 0.4590  Gross: 1.3836  Gate: 0.7672
Episode 439  Reward:   0.105376  Wealth:    120978.13  Turnover: 0.6803  Gross: 1.4003  Gate: 0.8006
Episode 440  Reward:  -0.091861  Wealth:     97926.11  Turnover: 0.6802  Gross: 1.4029  Gate: 0.8058
Episode    440  AvgReward:   0.043657  Noise: 0.0623
Episode 441  Reward:   0.254729  Wealth:    146153.98  Turnover: 0.4605  Gross: 1.4023  Gate: 0.8045
Episode 442  Reward:   0.176098  Wealth:    133800.03  Turnover: 0.6405  Gross: 1.4007  Gate: 0.8014
Episode 443  Reward:   0.259245  Wealth:    149320.14  Turnover: 0.6179  Gross: 1.4102  Gate: 0.8204
Episode 444  Reward:   0.173287  Wealth:    133319.45  Turnover: 0.6639  Gross: 1.3954  Gate: 0.7907
Episode 445  Reward:   0.022361  Wealth:    109790.45  Turnover: 0.5141  Gross: 1.3946  Gate: 0.7891
Episode 446  Reward:   0.170164  Wealth:    133337.80  Turnover: 0.6966  Gross: 1.3767  Gate: 0.7534
Episode 447  Reward:   0.270402  Wealth:    152597.62  Turnover: 0.5349  Gross: 1.3936  Gate: 0.7871
Episode 448  Reward:   0.102077  Wealth:    122687.79  Turnover: 0.4583  Gross: 1.3949  Gate: 0.7898
Episode 449  Reward:   0.071378  Wealth:    115595.03  Turnover: 0.5014  Gross: 1.4029  Gate: 0.8057
Episode 450  Reward:   0.082764  Wealth:    120111.99  Turnover: 0.5597  Gross: 1.3763  Gate: 0.7526
Episode    450  AvgReward:   0.158250  Noise: 0.0611
Episode 451  Reward:   0.094893  Wealth:    119201.71  Turnover: 0.5679  Gross: 1.3996  Gate: 0.7991
Episode 452  Reward:  -0.013494  Wealth:    104981.32  Turnover: 0.4503  Gross: 1.3937  Gate: 0.7873
Episode 453  Reward:  -0.110835  Wealth:     96887.01  Turnover: 0.8439  Gross: 1.4032  Gate: 0.8065
Episode 454  Reward:   0.100853  Wealth:    123459.13  Turnover: 0.6152  Gross: 1.3877  Gate: 0.7755
Episode 455  Reward:  -0.041204  Wealth:    103050.92  Turnover: 0.5722  Gross: 1.4011  Gate: 0.8023
Episode 456  Reward:   0.175966  Wealth:    131450.84  Turnover: 0.4492  Gross: 1.3974  Gate: 0.7948
Episode 457  Reward:   0.250932  Wealth:    146164.66  Turnover: 0.6023  Gross: 1.4031  Gate: 0.8062
Episode 458  Reward:   0.260991  Wealth:    149363.59  Turnover: 0.4361  Gross: 1.3852  Gate: 0.7704
Episode 459  Reward:   0.066035  Wealth:    116184.76  Turnover: 0.6385  Gross: 1.4003  Gate: 0.8007
Episode 460  Reward:   0.170468  Wealth:    130579.57  Turnover: 0.5539  Gross: 1.4036  Gate: 0.8072
Episode    460  AvgReward:   0.095460  Noise: 0.0598
Episode 461  Reward:   0.114137  Wealth:    122674.12  Turnover: 0.6952  Gross: 1.3854  Gate: 0.7708
Episode 462  Reward:   0.360618  Wealth:    173699.93  Turnover: 0.4864  Gross: 1.3923  Gate: 0.7846
Episode 463  Reward:   0.120535  Wealth:    122918.72  Turnover: 0.5574  Gross: 1.4043  Gate: 0.8086
Episode 464  Reward:   0.270039  Wealth:    151116.71  Turnover: 0.4670  Gross: 1.3908  Gate: 0.7815
Episode 465  Reward:   0.016613  Wealth:    110734.75  Turnover: 0.5897  Gross: 1.3965  Gate: 0.7930
Episode 466  Reward:   0.072982  Wealth:    115600.59  Turnover: 0.4238  Gross: 1.3952  Gate: 0.7905
Episode 467  Reward:  -0.001137  Wealth:    106944.40  Turnover: 0.5043  Gross: 1.3973  Gate: 0.7946
Episode 468  Reward:   0.128038  Wealth:    123564.48  Turnover: 0.4029  Gross: 1.3975  Gate: 0.7949
Episode 469  Reward:  -0.071878  Wealth:    100154.84  Turnover: 0.7259  Gross: 1.4067  Gate: 0.8134
Episode 470  Reward:   0.152761  Wealth:    127937.30  Turnover: 0.6034  Gross: 1.3973  Gate: 0.7946
Episode    470  AvgReward:   0.116271  Noise: 0.0587
Episode 471  Reward:   0.031212  Wealth:    111172.53  Turnover: 0.7506  Gross: 1.4077  Gate: 0.8154
Episode 472  Reward:   0.369986  Wealth:    178201.19  Turnover: 0.4933  Gross: 1.3939  Gate: 0.7878
Episode 473  Reward:   0.080229  Wealth:    117561.08  Turnover: 0.6742  Gross: 1.3970  Gate: 0.7940
Episode 474  Reward:   0.198251  Wealth:    136364.91  Turnover: 0.6613  Gross: 1.4078  Gate: 0.8156
Episode 475  Reward:   0.048610  Wealth:    112723.17  Turnover: 0.6797  Gross: 1.3983  Gate: 0.7967
Episode 476  Reward:   0.064166  Wealth:    114540.80  Turnover: 0.5231  Gross: 1.4020  Gate: 0.8039
Episode 477  Reward:   0.109802  Wealth:    122173.32  Turnover: 0.6533  Gross: 1.4066  Gate: 0.8131
Episode 478  Reward:   0.183317  Wealth:    134424.81  Turnover: 0.6459  Gross: 1.4054  Gate: 0.8109
Episode 479  Reward:   0.003855  Wealth:    107615.52  Turnover: 0.6724  Gross: 1.4003  Gate: 0.8006
Episode 480  Reward:   0.228361  Wealth:    141694.82  Turnover: 0.5432  Gross: 1.4058  Gate: 0.8117
Episode    480  AvgReward:   0.131779  Noise: 0.0575
Episode 481  Reward:   0.079889  Wealth:    116293.45  Turnover: 0.3218  Gross: 1.4028  Gate: 0.8056
Episode 482  Reward:   0.268331  Wealth:    150517.31  Turnover: 0.8318  Gross: 1.4076  Gate: 0.8152
Episode 483  Reward:   0.126647  Wealth:    126026.39  Turnover: 0.8133  Gross: 1.3925  Gate: 0.7851
Episode 484  Reward:   0.164062  Wealth:    132721.99  Turnover: 0.6237  Gross: 1.3978  Gate: 0.7955
Episode 485  Reward:   0.007012  Wealth:    108043.93  Turnover: 0.5956  Gross: 1.4030  Gate: 0.8059
Episode 486  Reward:   0.167161  Wealth:    131479.39  Turnover: 0.6018  Gross: 1.3982  Gate: 0.7965
Episode 487  Reward:  -0.043867  Wealth:    103301.91  Turnover: 0.6457  Gross: 1.3996  Gate: 0.7993
Episode 488  Reward:   0.023106  Wealth:    110819.47  Turnover: 0.4166  Gross: 1.3834  Gate: 0.7668
Episode 489  Reward:   0.176559  Wealth:    131247.48  Turnover: 0.5051  Gross: 1.4001  Gate: 0.8002
Episode 490  Reward:   0.171701  Wealth:    132100.14  Turnover: 0.5762  Gross: 1.3936  Gate: 0.7871
Episode    490  AvgReward:   0.114060  Noise: 0.0564
Episode 491  Reward:   0.177641  Wealth:    132269.30  Turnover: 0.4808  Gross: 1.4038  Gate: 0.8075
Episode 492  Reward:   0.233844  Wealth:    141877.17  Turnover: 0.5508  Gross: 1.3945  Gate: 0.7889
Episode 493  Reward:   0.117710  Wealth:    126667.39  Turnover: 0.7078  Gross: 1.4004  Gate: 0.8009
Episode 494  Reward:  -0.047785  Wealth:    102124.58  Turnover: 0.6219  Gross: 1.4118  Gate: 0.8236
Episode 495  Reward:   0.053626  Wealth:    114737.48  Turnover: 0.8040  Gross: 1.4013  Gate: 0.8027
Episode 496  Reward:   0.305529  Wealth:    159863.90  Turnover: 0.6461  Gross: 1.3987  Gate: 0.7975
Episode 497  Reward:   0.090006  Wealth:    122076.86  Turnover: 0.7230  Gross: 1.3799  Gate: 0.7597
Episode 498  Reward:   0.049108  Wealth:    113033.78  Turnover: 0.6104  Gross: 1.4031  Gate: 0.8063
Episode 499  Reward:   0.275123  Wealth:    151425.36  Turnover: 0.3880  Gross: 1.4008  Gate: 0.8016
Episode 500  Reward:  -0.050470  Wealth:    102369.76  Turnover: 0.5667  Gross: 1.4008  Gate: 0.8017
Episode    500  AvgReward:   0.120433  Noise: 0.0552
Episode 501  Reward:   0.093282  Wealth:    118388.26  Turnover: 0.4150  Gross: 1.3998  Gate: 0.7995
Episode 502  Reward:   0.184914  Wealth:    134829.79  Turnover: 0.6883  Gross: 1.3980  Gate: 0.7961
Episode 503  Reward:   0.030310  Wealth:    113553.40  Turnover: 0.7224  Gross: 1.4078  Gate: 0.8155
Episode 504  Reward:   0.072026  Wealth:    118571.51  Turnover: 0.6877  Gross: 1.3987  Gate: 0.7973
Episode 505  Reward:   0.159830  Wealth:    132521.43  Turnover: 0.7666  Gross: 1.4003  Gate: 0.8007
Episode 506  Reward:   0.285779  Wealth:    160946.66  Turnover: 0.6299  Gross: 1.3828  Gate: 0.7656
Episode 507  Reward:   0.180209  Wealth:    134365.79  Turnover: 0.7873  Gross: 1.3911  Gate: 0.7821
Episode 508  Reward:   0.100624  Wealth:    118863.38  Turnover: 0.4780  Gross: 1.4001  Gate: 0.8001
Episode 509  Reward:   0.041548  Wealth:    111986.68  Turnover: 0.6106  Gross: 1.3976  Gate: 0.7951
Episode 510  Reward:   0.039886  Wealth:    111964.05  Turnover: 0.6648  Gross: 1.4080  Gate: 0.8160
Episode    510  AvgReward:   0.118841  Noise: 0.0541
Episode 511  Reward:   0.068515  Wealth:    116885.98  Turnover: 0.8219  Gross: 1.4062  Gate: 0.8125
Episode 512  Reward:  -0.006933  Wealth:    108119.94  Turnover: 0.8108  Gross: 1.4061  Gate: 0.8121
Episode 513  Reward:   0.101203  Wealth:    124058.71  Turnover: 0.7069  Gross: 1.3940  Gate: 0.7880
Episode 514  Reward:   0.012842  Wealth:    109172.01  Turnover: 0.6102  Gross: 1.4025  Gate: 0.8050
Episode 515  Reward:   0.084755  Wealth:    121442.01  Turnover: 0.7534  Gross: 1.3916  Gate: 0.7831
Episode 516  Reward:   0.036759  Wealth:    113339.08  Turnover: 0.6613  Gross: 1.3917  Gate: 0.7835
Episode 517  Reward:  -0.005167  Wealth:    108458.75  Turnover: 0.6105  Gross: 1.3958  Gate: 0.7916
Episode 518  Reward:   0.075620  Wealth:    116937.00  Turnover: 0.4402  Gross: 1.3990  Gate: 0.7981
Episode 519  Reward:   0.181850  Wealth:    133815.82  Turnover: 0.5846  Gross: 1.3911  Gate: 0.7822
Episode 520  Reward:   0.063038  Wealth:    115695.83  Turnover: 0.4312  Gross: 1.3983  Gate: 0.7967
Episode    520  AvgReward:   0.061248  Noise: 0.0531
Episode 521  Reward:   0.125313  Wealth:    123779.25  Turnover: 0.4534  Gross: 1.4015  Gate: 0.8030
Episode 522  Reward:   0.237564  Wealth:    148416.37  Turnover: 0.7184  Gross: 1.3990  Gate: 0.7979
Episode 523  Reward:   0.250036  Wealth:    149739.98  Turnover: 0.8567  Gross: 1.4010  Gate: 0.8021
Episode 524  Reward:  -0.001512  Wealth:    107434.06  Turnover: 0.4532  Gross: 1.4018  Gate: 0.8035
Episode 525  Reward:   0.177603  Wealth:    134100.37  Turnover: 0.4516  Gross: 1.3850  Gate: 0.7699
Episode 526  Reward:   0.133136  Wealth:    125681.87  Turnover: 0.5704  Gross: 1.3935  Gate: 0.7870
Episode 527  Reward:   0.189540  Wealth:    134579.95  Turnover: 0.4343  Gross: 1.3967  Gate: 0.7934
Episode 528  Reward:  -0.146113  Wealth:     93353.43  Turnover: 0.6918  Gross: 1.4002  Gate: 0.8005
Episode 529  Reward:  -0.068304  Wealth:     99487.08  Turnover: 0.5136  Gross: 1.3945  Gate: 0.7891
Episode 530  Reward:   0.054319  Wealth:    114619.86  Turnover: 0.8033  Gross: 1.4040  Gate: 0.8080
Episode    530  AvgReward:   0.095158  Noise: 0.0520
Episode 531  Reward:   0.087623  Wealth:    120607.55  Turnover: 0.7143  Gross: 1.3941  Gate: 0.7883
Episode 532  Reward:   0.170712  Wealth:    131203.86  Turnover: 0.4594  Gross: 1.3926  Gate: 0.7852
Episode 533  Reward:   0.219996  Wealth:    141746.01  Turnover: 0.6506  Gross: 1.4001  Gate: 0.8002
Episode 534  Reward:   0.192078  Wealth:    134633.28  Turnover: 0.4165  Gross: 1.3850  Gate: 0.7700
Episode 535  Reward:   0.263744  Wealth:    152415.82  Turnover: 0.7209  Gross: 1.3955  Gate: 0.7911
Episode 536  Reward:  -0.145616  Wealth:     92714.81  Turnover: 0.4509  Gross: 1.4027  Gate: 0.8053
Episode 537  Reward:   0.184455  Wealth:    137363.12  Turnover: 0.6084  Gross: 1.4088  Gate: 0.8177
Episode 538  Reward:   0.144541  Wealth:    129522.17  Turnover: 0.6190  Gross: 1.3957  Gate: 0.7915
Episode 539  Reward:  -0.269272  Wealth:     84875.71  Turnover: 0.8723  Gross: 1.3839  Gate: 0.7677
Episode 540  Reward:   0.117127  Wealth:    123819.54  Turnover: 0.5608  Gross: 1.3998  Gate: 0.7997
Episode    540  AvgReward:   0.096539  Noise: 0.0510
Episode 541  Reward:   0.302721  Wealth:    160877.84  Turnover: 0.7490  Gross: 1.3971  Gate: 0.7942
Episode 542  Reward:   0.185686  Wealth:    133325.64  Turnover: 0.4978  Gross: 1.4081  Gate: 0.8162
Episode 543  Reward:  -0.059646  Wealth:    100864.86  Turnover: 0.5547  Gross: 1.3988  Gate: 0.7975
Episode 544  Reward:   0.132438  Wealth:    126457.50  Turnover: 0.6364  Gross: 1.4064  Gate: 0.8128
Episode 545  Reward:   0.171249  Wealth:    132002.46  Turnover: 0.4839  Gross: 1.3889  Gate: 0.7778
Episode 546  Reward:   0.064708  Wealth:    116725.97  Turnover: 0.6727  Gross: 1.4054  Gate: 0.8107
Episode 547  Reward:   0.188394  Wealth:    135851.65  Turnover: 0.4968  Gross: 1.3969  Gate: 0.7938
Episode 548  Reward:   0.127689  Wealth:    126099.03  Turnover: 0.5879  Gross: 1.3931  Gate: 0.7862
Episode 549  Reward:   0.166767  Wealth:    131960.08  Turnover: 0.5181  Gross: 1.3867  Gate: 0.7735
Episode 550  Reward:   0.131064  Wealth:    125260.38  Turnover: 0.5616  Gross: 1.3962  Gate: 0.7924
Episode    550  AvgReward:   0.141107  Noise: 0.0500
Episode 551  Reward:   0.260027  Wealth:    148257.30  Turnover: 0.4743  Gross: 1.3982  Gate: 0.7963
Episode 552  Reward:   0.215523  Wealth:    139266.53  Turnover: 0.5572  Gross: 1.4072  Gate: 0.8144
Episode 553  Reward:   0.146820  Wealth:    127723.67  Turnover: 0.4275  Gross: 1.3996  Gate: 0.7992
Episode 554  Reward:   0.056668  Wealth:    115098.09  Turnover: 0.4996  Gross: 1.3960  Gate: 0.7920
Episode 555  Reward:   0.222554  Wealth:    147209.40  Turnover: 0.7254  Gross: 1.4131  Gate: 0.8262
Episode 556  Reward:   0.260203  Wealth:    148001.01  Turnover: 0.5228  Gross: 1.3952  Gate: 0.7904
Episode 557  Reward:   0.175220  Wealth:    132580.36  Turnover: 0.8074  Gross: 1.3977  Gate: 0.7954
Episode 558  Reward:  -0.188084  Wealth:     92358.97  Turnover: 0.5594  Gross: 1.4023  Gate: 0.8046
Episode 559  Reward:  -0.002327  Wealth:    108989.91  Turnover: 0.6419  Gross: 1.4022  Gate: 0.8045
Episode 560  Reward:   0.142961  Wealth:    127984.73  Turnover: 0.6213  Gross: 1.3964  Gate: 0.7929
Episode    560  AvgReward:   0.128957  Noise: 0.0490
Episode 561  Reward:   0.142720  Wealth:    130291.07  Turnover: 0.7570  Gross: 1.3866  Gate: 0.7732
Episode 562  Reward:  -0.085812  Wealth:     97451.87  Turnover: 0.5587  Gross: 1.4036  Gate: 0.8073
Episode 563  Reward:   0.066853  Wealth:    115021.60  Turnover: 0.4941  Gross: 1.3858  Gate: 0.7716
Episode 564  Reward:   0.165473  Wealth:    129973.00  Turnover: 0.4084  Gross: 1.4063  Gate: 0.8126
Episode 565  Reward:   0.177709  Wealth:    134145.16  Turnover: 0.4741  Gross: 1.3976  Gate: 0.7952
Episode 566  Reward:   0.230434  Wealth:    141322.69  Turnover: 0.4474  Gross: 1.3977  Gate: 0.7953
Episode 567  Reward:   0.033062  Wealth:    111414.95  Turnover: 0.7420  Gross: 1.3964  Gate: 0.7927
Episode 568  Reward:   0.066932  Wealth:    115308.10  Turnover: 0.5914  Gross: 1.4006  Gate: 0.8012
Episode 569  Reward:   0.092137  Wealth:    124039.74  Turnover: 1.0084  Gross: 1.4031  Gate: 0.8062
Episode 570  Reward:   0.103666  Wealth:    119992.49  Turnover: 0.5012  Gross: 1.3851  Gate: 0.7702
Episode    570  AvgReward:   0.099317  Noise: 0.0480
Episode 571  Reward:   0.265833  Wealth:    151496.84  Turnover: 0.5078  Gross: 1.3906  Gate: 0.7812
Episode 572  Reward:   0.040753  Wealth:    113423.77  Turnover: 0.7780  Gross: 1.4034  Gate: 0.8069
Episode 573  Reward:   0.143089  Wealth:    128047.67  Turnover: 0.5568  Gross: 1.3914  Gate: 0.7828
Episode 574  Reward:  -0.004879  Wealth:    107599.65  Turnover: 0.5690  Gross: 1.4015  Gate: 0.8030
Episode 575  Reward:  -0.047475  Wealth:    102395.79  Turnover: 0.4575  Gross: 1.3907  Gate: 0.7815
Episode 576  Reward:   0.057246  Wealth:    113983.30  Turnover: 0.4279  Gross: 1.3997  Gate: 0.7994
Episode 577  Reward:  -0.030074  Wealth:    106063.06  Turnover: 0.8772  Gross: 1.4017  Gate: 0.8035
Episode 578  Reward:   0.116093  Wealth:    123381.34  Turnover: 0.6794  Gross: 1.3956  Gate: 0.7912
Episode 579  Reward:  -0.057963  Wealth:    102107.59  Turnover: 0.7786  Gross: 1.4007  Gate: 0.8013
Episode 580  Reward:  -0.008215  Wealth:    106280.84  Turnover: 0.4024  Gross: 1.3955  Gate: 0.7910
Episode    580  AvgReward:   0.047441  Noise: 0.0471
Episode 581  Reward:   0.090378  Wealth:    118947.72  Turnover: 0.4769  Gross: 1.3989  Gate: 0.7977
Episode 582  Reward:  -0.148335  Wealth:     95220.73  Turnover: 0.8935  Gross: 1.4020  Gate: 0.8040
Episode 583  Reward:  -0.033535  Wealth:    103604.19  Turnover: 0.3785  Gross: 1.4044  Gate: 0.8087
Episode 584  Reward:   0.023432  Wealth:    111393.45  Turnover: 0.5856  Gross: 1.4024  Gate: 0.8047
Episode 585  Reward:   0.007876  Wealth:    108676.65  Turnover: 0.5094  Gross: 1.3930  Gate: 0.7860
Episode 586  Reward:   0.095366  Wealth:    118772.92  Turnover: 0.3100  Gross: 1.4063  Gate: 0.8126
Episode 587  Reward:   0.121696  Wealth:    123000.13  Turnover: 0.5439  Gross: 1.3963  Gate: 0.7926
Episode 588  Reward:  -0.029794  Wealth:    104054.97  Turnover: 0.6231  Gross: 1.4010  Gate: 0.8019
Episode 589  Reward:  -0.008754  Wealth:    107577.75  Turnover: 0.4020  Gross: 1.3990  Gate: 0.7981
Episode 590  Reward:   0.112694  Wealth:    123761.76  Turnover: 0.7007  Gross: 1.3948  Gate: 0.7897
Episode    590  AvgReward:   0.023102  Noise: 0.0461
Episode 591  Reward:   0.158031  Wealth:    131177.10  Turnover: 0.6041  Gross: 1.4079  Gate: 0.8157
Episode 592  Reward:  -0.004393  Wealth:    106815.13  Turnover: 0.5370  Gross: 1.3992  Gate: 0.7985
Episode 593  Reward:   0.116463  Wealth:    122423.58  Turnover: 0.5115  Gross: 1.4025  Gate: 0.8051
Episode 594  Reward:   0.431764  Wealth:    210547.30  Turnover: 0.7579  Gross: 1.3770  Gate: 0.7541
Episode 595  Reward:   0.270154  Wealth:    151982.05  Turnover: 0.5773  Gross: 1.4023  Gate: 0.8046
Episode 596  Reward:   0.196343  Wealth:    134452.80  Turnover: 0.3552  Gross: 1.3869  Gate: 0.7737
Episode 597  Reward:   0.007738  Wealth:    108347.47  Turnover: 0.5363  Gross: 1.4042  Gate: 0.8084
Episode 598  Reward:   0.233896  Wealth:    144453.98  Turnover: 0.6477  Gross: 1.3929  Gate: 0.7858
Episode 599  Reward:   0.060605  Wealth:    115501.67  Turnover: 0.5961  Gross: 1.4005  Gate: 0.8010
Episode 600  Reward:   0.006449  Wealth:    109165.22  Turnover: 0.6449  Gross: 1.4087  Gate: 0.8174
Episode    600  AvgReward:   0.147705  Noise: 0.0452
Episode 601  Reward:   0.064972  Wealth:    117283.87  Turnover: 0.7439  Gross: 1.4012  Gate: 0.8023
Episode 602  Reward:  -0.102500  Wealth:     96272.73  Turnover: 0.5513  Gross: 1.4024  Gate: 0.8048
Episode 603  Reward:  -0.015747  Wealth:    106733.42  Turnover: 0.5730  Gross: 1.3891  Gate: 0.7781
Episode 604  Reward:   0.293860  Wealth:    156212.45  Turnover: 0.5161  Gross: 1.3982  Gate: 0.7965
Episode 605  Reward:   0.135897  Wealth:    129738.93  Turnover: 0.6797  Gross: 1.3938  Gate: 0.7875
Episode 606  Reward:  -0.070473  Wealth:    101720.12  Turnover: 0.5466  Gross: 1.3879  Gate: 0.7758
Episode 607  Reward:   0.154335  Wealth:    129672.33  Turnover: 0.8657  Gross: 1.3969  Gate: 0.7939
Episode 608  Reward:   0.264262  Wealth:    151823.36  Turnover: 0.4415  Gross: 1.3828  Gate: 0.7656
Episode 609  Reward:  -0.041909  Wealth:    105528.62  Turnover: 0.4591  Gross: 1.4146  Gate: 0.8292
Episode 610  Reward:   0.123875  Wealth:    129178.28  Turnover: 0.5680  Gross: 1.3798  Gate: 0.7595
Episode    610  AvgReward:   0.080657  Noise: 0.0443
Episode 611  Reward:   0.192778  Wealth:    135322.66  Turnover: 0.7091  Gross: 1.3929  Gate: 0.7858
Episode 612  Reward:   0.096731  Wealth:    119193.72  Turnover: 0.5542  Gross: 1.3987  Gate: 0.7974
Episode 613  Reward:   0.123354  Wealth:    126476.76  Turnover: 0.9159  Gross: 1.3927  Gate: 0.7855
Episode 614  Reward:   0.254603  Wealth:    147847.64  Turnover: 0.2788  Gross: 1.3992  Gate: 0.7984
Episode 615  Reward:   0.332819  Wealth:    168453.57  Turnover: 0.6165  Gross: 1.3920  Gate: 0.7840
Episode 616  Reward:  -0.225610  Wealth:     87138.18  Turnover: 0.6835  Gross: 1.3956  Gate: 0.7912
Episode 617  Reward:   0.000532  Wealth:    107061.03  Turnover: 0.5077  Gross: 1.3955  Gate: 0.7909
Episode 618  Reward:   0.202221  Wealth:    136897.84  Turnover: 0.3722  Gross: 1.4007  Gate: 0.8014
Episode 619  Reward:   0.078618  Wealth:    117215.86  Turnover: 0.5797  Gross: 1.4029  Gate: 0.8058
Episode 620  Reward:   0.161338  Wealth:    129910.60  Turnover: 0.7347  Gross: 1.3900  Gate: 0.7800
Episode    620  AvgReward:   0.121738  Noise: 0.0434
Episode 621  Reward:   0.188935  Wealth:    134151.24  Turnover: 0.3680  Gross: 1.4019  Gate: 0.8037
Episode 622  Reward:   0.128663  Wealth:    126389.75  Turnover: 0.7944  Gross: 1.3989  Gate: 0.7977
Episode 623  Reward:   0.191572  Wealth:    137547.99  Turnover: 0.5084  Gross: 1.4084  Gate: 0.8168
Episode 624  Reward:   0.275958  Wealth:    152513.08  Turnover: 0.4084  Gross: 1.3936  Gate: 0.7871
Episode 625  Reward:  -0.071605  Wealth:    100881.52  Turnover: 0.6947  Gross: 1.4014  Gate: 0.8028
Episode 626  Reward:   0.224242  Wealth:    143407.42  Turnover: 0.6296  Gross: 1.3990  Gate: 0.7981
Episode 627  Reward:   0.104569  Wealth:    124813.94  Turnover: 0.5268  Gross: 1.4017  Gate: 0.8034
Episode 628  Reward:   0.208409  Wealth:    140319.40  Turnover: 0.5138  Gross: 1.3926  Gate: 0.7852
Episode 629  Reward:   0.070481  Wealth:    116132.17  Turnover: 0.4762  Gross: 1.4043  Gate: 0.8086
Episode 630  Reward:   0.074981  Wealth:    117621.99  Turnover: 0.4920  Gross: 1.3997  Gate: 0.7994
Episode    630  AvgReward:   0.139621  Noise: 0.0426
Episode 631  Reward:  -0.005294  Wealth:    109469.49  Turnover: 0.6162  Gross: 1.3897  Gate: 0.7794
Episode 632  Reward:   0.175734  Wealth:    134460.77  Turnover: 0.6236  Gross: 1.4005  Gate: 0.8009
Episode 633  Reward:  -0.054154  Wealth:    102525.03  Turnover: 0.6292  Gross: 1.4114  Gate: 0.8228
Episode 634  Reward:   0.175332  Wealth:    131894.17  Turnover: 0.6639  Gross: 1.4013  Gate: 0.8026
Episode 635  Reward:  -0.117808  Wealth:     96765.62  Turnover: 0.7285  Gross: 1.3952  Gate: 0.7904
Episode 636  Reward:   0.250710  Wealth:    146476.82  Turnover: 0.5685  Gross: 1.3989  Gate: 0.7978
Episode 637  Reward:   0.017605  Wealth:    112525.13  Turnover: 0.5438  Gross: 1.3795  Gate: 0.7590
Episode 638  Reward:   0.260512  Wealth:    150296.06  Turnover: 0.5921  Gross: 1.3978  Gate: 0.7955
Episode 639  Reward:   0.109059  Wealth:    120664.75  Turnover: 0.4863  Gross: 1.4034  Gate: 0.8067
Episode 640  Reward:   0.148009  Wealth:    130384.11  Turnover: 0.5416  Gross: 1.3965  Gate: 0.7930
Episode    640  AvgReward:   0.095970  Noise: 0.0417
Episode 641  Reward:   0.072307  Wealth:    117098.38  Turnover: 0.9180  Gross: 1.3915  Gate: 0.7831
Episode 642  Reward:   0.277897  Wealth:    154203.99  Turnover: 0.6661  Gross: 1.3926  Gate: 0.7853
Episode 643  Reward:   0.012122  Wealth:    109387.57  Turnover: 0.8338  Gross: 1.4040  Gate: 0.8081
Episode 644  Reward:   0.148926  Wealth:    129144.42  Turnover: 0.6894  Gross: 1.4002  Gate: 0.8004
Episode 645  Reward:   0.260318  Wealth:    150634.49  Turnover: 0.6435  Gross: 1.4005  Gate: 0.8009
Episode 646  Reward:   0.085772  Wealth:    118665.04  Turnover: 0.7037  Gross: 1.4041  Gate: 0.8082
Episode 647  Reward:   0.078295  Wealth:    116801.43  Turnover: 0.5441  Gross: 1.3972  Gate: 0.7944
Episode 648  Reward:  -0.094755  Wealth:     99442.21  Turnover: 0.5368  Gross: 1.4052  Gate: 0.8104
Episode 649  Reward:   0.227806  Wealth:    144370.29  Turnover: 0.6427  Gross: 1.3909  Gate: 0.7819
Episode 650  Reward:   0.055673  Wealth:    116508.18  Turnover: 0.7570  Gross: 1.3901  Gate: 0.7801
Episode    650  AvgReward:   0.112436  Noise: 0.0409
Episode 651  Reward:   0.140060  Wealth:    127698.17  Turnover: 0.8554  Gross: 1.4021  Gate: 0.8042
Episode 652  Reward:   0.109342  Wealth:    121594.10  Turnover: 0.4977  Gross: 1.3948  Gate: 0.7896
Episode 653  Reward:   0.130048  Wealth:    130198.14  Turnover: 0.5967  Gross: 1.3786  Gate: 0.7572
Episode 654  Reward:   0.179346  Wealth:    133939.57  Turnover: 0.7187  Gross: 1.3920  Gate: 0.7840
Episode 655  Reward:   0.016099  Wealth:    111397.25  Turnover: 1.1156  Gross: 1.3988  Gate: 0.7975
Episode 656  Reward:   0.200841  Wealth:    136344.29  Turnover: 0.6708  Gross: 1.3957  Gate: 0.7915
Episode 657  Reward:   0.210833  Wealth:    143990.63  Turnover: 0.4234  Gross: 1.4085  Gate: 0.8170
Episode 658  Reward:  -0.095274  Wealth:     97493.51  Turnover: 0.7031  Gross: 1.3999  Gate: 0.7999
Episode 659  Reward:  -0.033266  Wealth:    103600.64  Turnover: 0.5915  Gross: 1.3968  Gate: 0.7936
Episode 660  Reward:  -0.097917  Wealth:     96455.45  Turnover: 0.3989  Gross: 1.3917  Gate: 0.7834
Episode    660  AvgReward:   0.076011  Noise: 0.0401
Episode 661  Reward:   0.347095  Wealth:    174405.32  Turnover: 0.9528  Gross: 1.3953  Gate: 0.7906
Episode 662  Reward:   0.277599  Wealth:    153943.25  Turnover: 0.7988  Gross: 1.3977  Gate: 0.7954
Episode 663  Reward:   0.024163  Wealth:    110369.47  Turnover: 0.7276  Gross: 1.4005  Gate: 0.8010
Episode 664  Reward:   0.151219  Wealth:    127513.41  Turnover: 0.3953  Gross: 1.4012  Gate: 0.8024
Episode 665  Reward:  -0.023499  Wealth:    105685.64  Turnover: 0.5343  Gross: 1.4023  Gate: 0.8046
Episode 666  Reward:   0.055949  Wealth:    115879.66  Turnover: 0.7379  Gross: 1.4059  Gate: 0.8118
Episode 667  Reward:   0.128854  Wealth:    125850.74  Turnover: 0.6024  Gross: 1.3933  Gate: 0.7866
Episode 668  Reward:   0.056288  Wealth:    114204.33  Turnover: 0.5501  Gross: 1.4042  Gate: 0.8084
Episode 669  Reward:   0.013682  Wealth:    109209.22  Turnover: 0.6218  Gross: 1.3972  Gate: 0.7945
Episode 670  Reward:   0.171441  Wealth:    131062.67  Turnover: 0.4085  Gross: 1.4007  Gate: 0.8014
Episode    670  AvgReward:   0.120279  Noise: 0.0393
Episode 671  Reward:  -0.028925  Wealth:    103787.11  Turnover: 0.5985  Gross: 1.4010  Gate: 0.8020
Episode 672  Reward:   0.201506  Wealth:    137315.72  Turnover: 0.6729  Gross: 1.3893  Gate: 0.7787
Episode 673  Reward:   0.107848  Wealth:    121183.91  Turnover: 0.5163  Gross: 1.3970  Gate: 0.7939
Episode 674  Reward:   0.187935  Wealth:    136592.41  Turnover: 0.6764  Gross: 1.3928  Gate: 0.7856
Episode 675  Reward:   0.171564  Wealth:    131736.67  Turnover: 0.5172  Gross: 1.3972  Gate: 0.7943
Episode 676  Reward:  -0.014556  Wealth:    105892.70  Turnover: 0.7386  Gross: 1.4053  Gate: 0.8105
Episode 677  Reward:   0.122289  Wealth:    125633.15  Turnover: 0.8671  Gross: 1.3973  Gate: 0.7946
Episode 678  Reward:   0.027353  Wealth:    112799.82  Turnover: 0.6350  Gross: 1.4015  Gate: 0.8030
Episode 679  Reward:   0.133453  Wealth:    126482.76  Turnover: 0.7836  Gross: 1.4022  Gate: 0.8045
Episode 680  Reward:   0.212884  Wealth:    139540.12  Turnover: 0.5601  Gross: 1.3933  Gate: 0.7867
Episode    680  AvgReward:   0.112135  Noise: 0.0385
Episode 681  Reward:   0.202846  Wealth:    142187.54  Turnover: 0.7118  Gross: 1.3900  Gate: 0.7801
Episode 682  Reward:   0.233814  Wealth:    144400.32  Turnover: 0.7138  Gross: 1.4033  Gate: 0.8067
Episode 683  Reward:   0.337369  Wealth:    169303.26  Turnover: 0.6600  Gross: 1.3886  Gate: 0.7773
Episode 684  Reward:   0.064572  Wealth:    117031.06  Turnover: 0.6230  Gross: 1.4039  Gate: 0.8078
Episode 685  Reward:   0.179574  Wealth:    134788.07  Turnover: 0.6326  Gross: 1.3998  Gate: 0.7996
Episode 686  Reward:   0.017575  Wealth:    109506.41  Turnover: 0.5912  Gross: 1.3997  Gate: 0.7995
Episode 687  Reward:   0.178929  Wealth:    133657.23  Turnover: 0.5413  Gross: 1.3845  Gate: 0.7690
Episode 688  Reward:  -0.047047  Wealth:    101717.68  Turnover: 0.6991  Gross: 1.4019  Gate: 0.8037
Episode 689  Reward:   0.177476  Wealth:    132005.84  Turnover: 0.6230  Gross: 1.3976  Gate: 0.7952
Episode 690  Reward:   0.087582  Wealth:    118423.15  Turnover: 0.4097  Gross: 1.4010  Gate: 0.8019
Episode    690  AvgReward:   0.143269  Noise: 0.0378
Episode 691  Reward:   0.017082  Wealth:    112385.02  Turnover: 0.4744  Gross: 1.4058  Gate: 0.8116
Episode 692  Reward:   0.176709  Wealth:    134026.20  Turnover: 0.6305  Gross: 1.3924  Gate: 0.7848
Episode 693  Reward:   0.147286  Wealth:    129460.58  Turnover: 0.8932  Gross: 1.3959  Gate: 0.7918
Episode 694  Reward:   0.270105  Wealth:    152487.05  Turnover: 0.6529  Gross: 1.3927  Gate: 0.7855
Episode 695  Reward:   0.116083  Wealth:    122655.90  Turnover: 0.5138  Gross: 1.4037  Gate: 0.8075
Episode 696  Reward:   0.195773  Wealth:    137613.04  Turnover: 0.5239  Gross: 1.3916  Gate: 0.7832
Episode 697  Reward:  -0.069750  Wealth:    100077.55  Turnover: 0.6128  Gross: 1.3905  Gate: 0.7809
Episode 698  Reward:   0.055455  Wealth:    113764.82  Turnover: 0.5834  Gross: 1.3970  Gate: 0.7939
Episode 699  Reward:   0.204996  Wealth:    139937.52  Turnover: 0.5632  Gross: 1.4025  Gate: 0.8050
Episode 700  Reward:   0.044901  Wealth:    116254.07  Turnover: 0.4955  Gross: 1.4022  Gate: 0.8044
Episode    700  AvgReward:   0.115864  Noise: 0.0370
Episode 701  Reward:   0.131184  Wealth:    125163.26  Turnover: 0.6935  Gross: 1.3966  Gate: 0.7933
Episode 702  Reward:   0.185856  Wealth:    133234.67  Turnover: 0.3725  Gross: 1.4042  Gate: 0.8083
Episode 703  Reward:   0.089598  Wealth:    119363.04  Turnover: 0.8480  Gross: 1.3959  Gate: 0.7918
Episode 704  Reward:   0.146013  Wealth:    129730.06  Turnover: 0.8078  Gross: 1.3992  Gate: 0.7984
Episode 705  Reward:   0.124461  Wealth:    127071.16  Turnover: 0.7182  Gross: 1.3995  Gate: 0.7990
Episode 706  Reward:   0.066761  Wealth:    116617.65  Turnover: 0.8899  Gross: 1.4013  Gate: 0.8025
Episode 707  Reward:   0.194848  Wealth:    134567.28  Turnover: 0.4729  Gross: 1.3944  Gate: 0.7888
Episode 708  Reward:  -0.024518  Wealth:    105011.40  Turnover: 0.7388  Gross: 1.3985  Gate: 0.7969
Episode 709  Reward:   0.079836  Wealth:    117743.32  Turnover: 0.6679  Gross: 1.4056  Gate: 0.8113
Episode 710  Reward:   0.060131  Wealth:    115620.29  Turnover: 0.5881  Gross: 1.3904  Gate: 0.7807
Episode    710  AvgReward:   0.105417  Noise: 0.0363
Episode 711  Reward:   0.160972  Wealth:    131344.49  Turnover: 0.7431  Gross: 1.3956  Gate: 0.7912
Episode 712  Reward:   0.047466  Wealth:    113152.48  Turnover: 0.5613  Gross: 1.4039  Gate: 0.8078
Episode 713  Reward:   0.017999  Wealth:    109825.02  Turnover: 0.5765  Gross: 1.3958  Gate: 0.7915
Episode 714  Reward:   0.167715  Wealth:    132683.36  Turnover: 0.6309  Gross: 1.3992  Gate: 0.7983
Episode 715  Reward:  -0.196767  Wealth:     88640.97  Turnover: 0.6279  Gross: 1.3975  Gate: 0.7950
Episode 716  Reward:   0.096217  Wealth:    119087.27  Turnover: 0.6792  Gross: 1.3986  Gate: 0.7972
Episode 717  Reward:   0.237766  Wealth:    147257.14  Turnover: 0.8805  Gross: 1.3966  Gate: 0.7931
Episode 718  Reward:   0.112261  Wealth:    121155.97  Turnover: 0.5881  Gross: 1.3881  Gate: 0.7762
Episode 719  Reward:   0.064666  Wealth:    114034.85  Turnover: 0.2836  Gross: 1.3792  Gate: 0.7584
Episode 720  Reward:   0.077954  Wealth:    118243.11  Turnover: 0.4913  Gross: 1.3864  Gate: 0.7728
Episode    720  AvgReward:   0.078625  Noise: 0.0356
Episode 721  Reward:   0.161042  Wealth:    132236.45  Turnover: 0.5381  Gross: 1.4034  Gate: 0.8068
Episode 722  Reward:   0.104967  Wealth:    122020.56  Turnover: 0.6751  Gross: 1.4002  Gate: 0.8005
Episode 723  Reward:   0.260386  Wealth:    150123.50  Turnover: 0.7716  Gross: 1.3967  Gate: 0.7933
Episode 724  Reward:   0.045810  Wealth:    113859.93  Turnover: 0.6136  Gross: 1.4030  Gate: 0.8059
Episode 725  Reward:   0.129740  Wealth:    125774.53  Turnover: 0.5816  Gross: 1.3972  Gate: 0.7943
Episode 726  Reward:  -0.203426  Wealth:     89652.61  Turnover: 0.5739  Gross: 1.3971  Gate: 0.7943
Episode 727  Reward:   0.072743  Wealth:    117130.17  Turnover: 0.6759  Gross: 1.3983  Gate: 0.7967
Episode 728  Reward:   0.112491  Wealth:    122249.87  Turnover: 0.5134  Gross: 1.4011  Gate: 0.8023
Episode 729  Reward:  -0.016028  Wealth:    106940.43  Turnover: 0.5455  Gross: 1.3998  Gate: 0.7996
Episode 730  Reward:   0.039602  Wealth:    115048.39  Turnover: 0.8699  Gross: 1.4007  Gate: 0.8015
Episode    730  AvgReward:   0.070733  Noise: 0.0349
Episode 731  Reward:   0.217992  Wealth:    143820.99  Turnover: 0.7027  Gross: 1.4098  Gate: 0.8195
Episode 732  Reward:   0.210967  Wealth:    142690.31  Turnover: 0.6173  Gross: 1.3969  Gate: 0.7938
Episode 733  Reward:   0.102429  Wealth:    123089.63  Turnover: 0.7975  Gross: 1.4084  Gate: 0.8167
Episode 734  Reward:   0.032938  Wealth:    112566.50  Turnover: 0.6428  Gross: 1.3969  Gate: 0.7938
Episode 735  Reward:   0.246007  Wealth:    147297.94  Turnover: 0.6354  Gross: 1.3956  Gate: 0.7912
Episode 736  Reward:  -0.069764  Wealth:    100565.17  Turnover: 0.7354  Gross: 1.4044  Gate: 0.8089
Episode 737  Reward:  -0.010644  Wealth:    106408.03  Turnover: 0.6524  Gross: 1.4026  Gate: 0.8051
Episode 738  Reward:   0.091176  Wealth:    119127.95  Turnover: 0.6462  Gross: 1.3964  Gate: 0.7927
Episode 739  Reward:   0.118050  Wealth:    126144.49  Turnover: 0.9164  Gross: 1.3951  Gate: 0.7902
Episode 740  Reward:   0.135197  Wealth:    124982.40  Turnover: 0.6024  Gross: 1.4039  Gate: 0.8079
Episode    740  AvgReward:   0.107435  Noise: 0.0342
Episode 741  Reward:   0.132705  Wealth:    126185.68  Turnover: 0.6464  Gross: 1.3987  Gate: 0.7974
Episode 742  Reward:   0.025392  Wealth:    110681.43  Turnover: 0.7064  Gross: 1.3996  Gate: 0.7991
Episode 743  Reward:   0.115454  Wealth:    125321.20  Turnover: 0.8082  Gross: 1.3843  Gate: 0.7686
Episode 744  Reward:  -0.033718  Wealth:    104679.00  Turnover: 0.5915  Gross: 1.4061  Gate: 0.8122
Episode 745  Reward:   0.197711  Wealth:    136053.02  Turnover: 0.7264  Gross: 1.4072  Gate: 0.8144
Episode 746  Reward:  -0.056587  Wealth:    101253.70  Turnover: 0.5141  Gross: 1.3902  Gate: 0.7805
Episode 747  Reward:   0.140976  Wealth:    126968.25  Turnover: 0.4104  Gross: 1.4010  Gate: 0.8020
Episode 748  Reward:   0.133818  Wealth:    129612.02  Turnover: 0.7493  Gross: 1.4084  Gate: 0.8169
Episode 749  Reward:   0.029832  Wealth:    111697.55  Turnover: 0.4229  Gross: 1.4049  Gate: 0.8098
Episode 750  Reward:  -0.102922  Wealth:     96700.62  Turnover: 0.5181  Gross: 1.3929  Gate: 0.7859
Episode    750  AvgReward:   0.058266  Noise: 0.0335
Episode 751  Reward:   0.325760  Wealth:    167334.15  Turnover: 0.7277  Gross: 1.3855  Gate: 0.7710
Episode 752  Reward:  -0.092837  Wealth:    101783.79  Turnover: 0.4489  Gross: 1.3888  Gate: 0.7775
Episode 753  Reward:   0.005148  Wealth:    107597.34  Turnover: 0.5380  Gross: 1.3892  Gate: 0.7785
Episode 754  Reward:  -0.033245  Wealth:    104306.89  Turnover: 0.6558  Gross: 1.3897  Gate: 0.7795
Episode 755  Reward:   0.062839  Wealth:    114460.51  Turnover: 0.3178  Gross: 1.4033  Gate: 0.8066
Episode 756  Reward:   0.268248  Wealth:    150282.65  Turnover: 0.4667  Gross: 1.3978  Gate: 0.7957
Episode 757  Reward:   0.245837  Wealth:    149206.81  Turnover: 0.5784  Gross: 1.3977  Gate: 0.7954
Episode 758  Reward:   0.277550  Wealth:    154701.66  Turnover: 0.7205  Gross: 1.3982  Gate: 0.7964
Episode 759  Reward:  -0.004456  Wealth:    110798.18  Turnover: 0.8330  Gross: 1.3897  Gate: 0.7794
Episode 760  Reward:   0.032765  Wealth:    111921.24  Turnover: 0.6095  Gross: 1.4004  Gate: 0.8008
Episode    760  AvgReward:   0.108761  Noise: 0.0328
Episode 761  Reward:   0.150975  Wealth:    129123.17  Turnover: 0.7215  Gross: 1.3791  Gate: 0.7581
Episode 762  Reward:   0.084687  Wealth:    118819.47  Turnover: 0.3870  Gross: 1.3949  Gate: 0.7898
Episode 763  Reward:   0.104728  Wealth:    121625.58  Turnover: 0.6977  Gross: 1.4060  Gate: 0.8119
Episode 764  Reward:  -0.045913  Wealth:    102613.94  Turnover: 0.8307  Gross: 1.4010  Gate: 0.8019
Episode 765  Reward:   0.170085  Wealth:    134603.48  Turnover: 0.6257  Gross: 1.3970  Gate: 0.7940
Episode 766  Reward:   0.225467  Wealth:    145175.71  Turnover: 0.7804  Gross: 1.3900  Gate: 0.7800
Episode 767  Reward:   0.209684  Wealth:    140331.90  Turnover: 0.7330  Gross: 1.3899  Gate: 0.7799
Episode 768  Reward:  -0.264127  Wealth:     86052.84  Turnover: 0.6792  Gross: 1.4036  Gate: 0.8073
Episode 769  Reward:   0.161912  Wealth:    130276.86  Turnover: 0.5544  Gross: 1.3894  Gate: 0.7788
Episode 770  Reward:   0.119063  Wealth:    123190.58  Turnover: 0.5586  Gross: 1.3989  Gate: 0.7979
Episode    770  AvgReward:   0.091656  Noise: 0.0322
Episode 771  Reward:  -0.065960  Wealth:    100697.90  Turnover: 0.5957  Gross: 1.3992  Gate: 0.7984
Episode 772  Reward:  -0.066427  Wealth:    101488.41  Turnover: 0.4719  Gross: 1.3906  Gate: 0.7812
Episode 773  Reward:   0.170942  Wealth:    132697.75  Turnover: 0.5566  Gross: 1.3990  Gate: 0.7981
Episode 774  Reward:   0.196767  Wealth:    139191.34  Turnover: 0.6533  Gross: 1.4002  Gate: 0.8003
Episode 775  Reward:   0.063560  Wealth:    114918.26  Turnover: 0.5096  Gross: 1.3929  Gate: 0.7858
Episode 776  Reward:   0.059966  Wealth:    114774.44  Turnover: 0.4904  Gross: 1.3908  Gate: 0.7815
Episode 777  Reward:  -0.049877  Wealth:    102001.36  Turnover: 0.7580  Gross: 1.4056  Gate: 0.8113
Episode 778  Reward:   0.090648  Wealth:    118800.14  Turnover: 0.4589  Gross: 1.3975  Gate: 0.7951
Episode 779  Reward:   0.116751  Wealth:    122405.19  Turnover: 0.5791  Gross: 1.3935  Gate: 0.7869
Episode 780  Reward:   0.146996  Wealth:    126894.60  Turnover: 0.5585  Gross: 1.3948  Gate: 0.7896
Episode    780  AvgReward:   0.066337  Noise: 0.0315
Episode 781  Reward:   0.058811  Wealth:    113807.10  Turnover: 0.3897  Gross: 1.3994  Gate: 0.7988
Episode 782  Reward:   0.114478  Wealth:    123372.78  Turnover: 0.7483  Gross: 1.3910  Gate: 0.7821
Episode 783  Reward:   0.036185  Wealth:    112488.28  Turnover: 0.7730  Gross: 1.4019  Gate: 0.8037
Episode 784  Reward:   0.318780  Wealth:    167321.98  Turnover: 0.7933  Gross: 1.3939  Gate: 0.7877
Episode 785  Reward:   0.191379  Wealth:    137379.27  Turnover: 0.6571  Gross: 1.4034  Gate: 0.8069
Episode 786  Reward:   0.075774  Wealth:    115961.26  Turnover: 0.5453  Gross: 1.4003  Gate: 0.8006
Episode 787  Reward:   0.036167  Wealth:    110535.66  Turnover: 0.4748  Gross: 1.3941  Gate: 0.7881
Episode 788  Reward:   0.227278  Wealth:    150962.72  Turnover: 0.4885  Gross: 1.4073  Gate: 0.8146
Episode 789  Reward:   0.029798  Wealth:    110594.47  Turnover: 0.6490  Gross: 1.3811  Gate: 0.7622
Episode 790  Reward:   0.038384  Wealth:    112251.53  Turnover: 0.7914  Gross: 1.3923  Gate: 0.7846
Episode    790  AvgReward:   0.112704  Noise: 0.0309
Episode 791  Reward:   0.085994  Wealth:    118862.45  Turnover: 0.5086  Gross: 1.3950  Gate: 0.7900
Episode 792  Reward:   0.144348  Wealth:    127784.84  Turnover: 0.6775  Gross: 1.3927  Gate: 0.7854
Episode 793  Reward:   0.136141  Wealth:    130555.75  Turnover: 0.4419  Gross: 1.4147  Gate: 0.8293
Episode 794  Reward:   0.089405  Wealth:    119696.47  Turnover: 0.6897  Gross: 1.3966  Gate: 0.7932
Episode 795  Reward:  -0.001752  Wealth:    109458.67  Turnover: 0.7023  Gross: 1.3959  Gate: 0.7919
Episode 796  Reward:   0.160974  Wealth:    130790.09  Turnover: 0.5060  Gross: 1.3928  Gate: 0.7857
Episode 797  Reward:  -0.138357  Wealth:     94219.99  Turnover: 0.6631  Gross: 1.3977  Gate: 0.7953
Episode 798  Reward:   0.315670  Wealth:    166280.53  Turnover: 0.7479  Gross: 1.3814  Gate: 0.7629
Episode 799  Reward:   0.206266  Wealth:    138011.49  Turnover: 0.4666  Gross: 1.3970  Gate: 0.7940
Episode 800  Reward:   0.269447  Wealth:    149586.61  Turnover: 0.4207  Gross: 1.3806  Gate: 0.7612
Episode    800  AvgReward:   0.126813  Noise: 0.0303
Episode 801  Reward:   0.253660  Wealth:    149821.72  Turnover: 0.6594  Gross: 1.3913  Gate: 0.7825
Episode 802  Reward:   0.099074  Wealth:    119636.68  Turnover: 0.4225  Gross: 1.4010  Gate: 0.8019
Episode 803  Reward:   0.144840  Wealth:    127947.54  Turnover: 0.6135  Gross: 1.3976  Gate: 0.7952
Episode 804  Reward:   0.094804  Wealth:    122976.69  Turnover: 0.7059  Gross: 1.3915  Gate: 0.7829
Episode 805  Reward:  -0.016383  Wealth:    105261.22  Turnover: 0.4525  Gross: 1.3867  Gate: 0.7734
Episode 806  Reward:   0.191594  Wealth:    139153.89  Turnover: 0.6319  Gross: 1.4031  Gate: 0.8061
Episode 807  Reward:   0.290778  Wealth:    156512.05  Turnover: 0.5130  Gross: 1.3927  Gate: 0.7854
Episode 808  Reward:   0.216051  Wealth:    142983.08  Turnover: 0.6746  Gross: 1.3886  Gate: 0.7771
Episode 809  Reward:   0.149065  Wealth:    128194.03  Turnover: 0.7678  Gross: 1.4015  Gate: 0.8030
Episode 810  Reward:  -0.206150  Wealth:     90781.50  Turnover: 0.3662  Gross: 1.4091  Gate: 0.8182
Episode    810  AvgReward:   0.121733  Noise: 0.0297
Episode 811  Reward:   0.299498  Wealth:    165006.41  Turnover: 0.4278  Gross: 1.3975  Gate: 0.7950
Episode 812  Reward:   0.218984  Wealth:    142258.01  Turnover: 0.6407  Gross: 1.4005  Gate: 0.8010
Episode 813  Reward:   0.005565  Wealth:    108280.78  Turnover: 0.5331  Gross: 1.3953  Gate: 0.7906
Episode 814  Reward:   0.304934  Wealth:    170275.16  Turnover: 1.0048  Gross: 1.4039  Gate: 0.8078
Episode 815  Reward:   0.277244  Wealth:    154779.23  Turnover: 0.4396  Gross: 1.4025  Gate: 0.8049
Episode 816  Reward:   0.176435  Wealth:    131852.95  Turnover: 0.4449  Gross: 1.3918  Gate: 0.7836
Episode 817  Reward:   0.153867  Wealth:    128339.03  Turnover: 0.5279  Gross: 1.3932  Gate: 0.7865
Episode 818  Reward:   0.162102  Wealth:    131063.59  Turnover: 0.6381  Gross: 1.3940  Gate: 0.7881
Episode 819  Reward:   0.140879  Wealth:    127936.66  Turnover: 0.6132  Gross: 1.3949  Gate: 0.7899
Episode 820  Reward:   0.054454  Wealth:    114105.99  Turnover: 0.5923  Gross: 1.3981  Gate: 0.7962
Episode    820  AvgReward:   0.179396  Noise: 0.0291
Episode 821  Reward:   0.096544  Wealth:    123385.52  Turnover: 0.8024  Gross: 1.3963  Gate: 0.7926
Episode 822  Reward:   0.092573  Wealth:    120749.29  Turnover: 0.6269  Gross: 1.3988  Gate: 0.7976
Episode 823  Reward:   0.214541  Wealth:    139689.45  Turnover: 0.7279  Gross: 1.4061  Gate: 0.8121
Episode 824  Reward:   0.064438  Wealth:    114240.81  Turnover: 0.3689  Gross: 1.3735  Gate: 0.7470
Episode 825  Reward:   0.252734  Wealth:    147074.24  Turnover: 0.6746  Gross: 1.3980  Gate: 0.7960
Episode 826  Reward:  -0.024571  Wealth:    105919.32  Turnover: 0.7665  Gross: 1.4059  Gate: 0.8118
Episode 827  Reward:   0.293544  Wealth:    161127.25  Turnover: 0.7337  Gross: 1.3860  Gate: 0.7720
Episode 828  Reward:   0.059514  Wealth:    116631.20  Turnover: 0.4262  Gross: 1.3972  Gate: 0.7943
Episode 829  Reward:   0.185467  Wealth:    138648.48  Turnover: 0.5398  Gross: 1.4029  Gate: 0.8059
Episode 830  Reward:   0.203772  Wealth:    138445.98  Turnover: 0.6828  Gross: 1.3882  Gate: 0.7763
Episode    830  AvgReward:   0.143855  Noise: 0.0285
Episode 831  Reward:   0.061216  Wealth:    115561.86  Turnover: 0.8304  Gross: 1.4003  Gate: 0.8006
Episode 832  Reward:   0.416578  Wealth:    198936.94  Turnover: 0.6658  Gross: 1.3893  Gate: 0.7785
Episode 833  Reward:   0.143416  Wealth:    127084.44  Turnover: 0.5893  Gross: 1.3769  Gate: 0.7539
Episode 834  Reward:   0.187273  Wealth:    133802.62  Turnover: 0.4579  Gross: 1.3928  Gate: 0.7855
Episode 835  Reward:   0.200773  Wealth:    137398.69  Turnover: 0.5741  Gross: 1.3995  Gate: 0.7989
Episode 836  Reward:   0.042259  Wealth:    111952.64  Turnover: 0.4842  Gross: 1.3933  Gate: 0.7865
Episode 837  Reward:  -0.069756  Wealth:    101870.22  Turnover: 0.6256  Gross: 1.3967  Gate: 0.7934
Episode 838  Reward:   0.199504  Wealth:    139583.68  Turnover: 0.7893  Gross: 1.3950  Gate: 0.7900
Episode 839  Reward:   0.051585  Wealth:    113783.45  Turnover: 0.6423  Gross: 1.3928  Gate: 0.7856
Episode 840  Reward:   0.206282  Wealth:    139103.40  Turnover: 0.4139  Gross: 1.3940  Gate: 0.7879
Episode    840  AvgReward:   0.143913  Noise: 0.0280
Episode 841  Reward:   0.066113  Wealth:    117372.93  Turnover: 0.6510  Gross: 1.4067  Gate: 0.8134
Episode 842  Reward:   0.147930  Wealth:    129407.54  Turnover: 0.6966  Gross: 1.4002  Gate: 0.8004
Episode 843  Reward:  -0.061119  Wealth:    101913.73  Turnover: 0.6780  Gross: 1.4000  Gate: 0.8000
Episode 844  Reward:   0.096138  Wealth:    121694.92  Turnover: 0.4847  Gross: 1.3949  Gate: 0.7897
Episode 845  Reward:   0.011786  Wealth:    109922.97  Turnover: 0.4153  Gross: 1.3959  Gate: 0.7918
Episode 846  Reward:   0.209998  Wealth:    138776.13  Turnover: 0.4215  Gross: 1.3966  Gate: 0.7933
Episode 847  Reward:   0.213765  Wealth:    138415.21  Turnover: 0.4683  Gross: 1.3967  Gate: 0.7933
Episode 848  Reward:  -0.020160  Wealth:    105947.29  Turnover: 0.4589  Gross: 1.3974  Gate: 0.7948
Episode 849  Reward:   0.276014  Wealth:    154399.56  Turnover: 0.4459  Gross: 1.3947  Gate: 0.7893
Episode 850  Reward:   0.096634  Wealth:    123023.54  Turnover: 0.4796  Gross: 1.3927  Gate: 0.7854
Episode    850  AvgReward:   0.103710  Noise: 0.0274
Episode 851  Reward:  -0.040159  Wealth:    103738.51  Turnover: 0.3833  Gross: 1.3985  Gate: 0.7970
Episode 852  Reward:   0.093567  Wealth:    119504.90  Turnover: 0.4674  Gross: 1.3934  Gate: 0.7867
Episode 853  Reward:   0.260359  Wealth:    151163.05  Turnover: 0.5375  Gross: 1.4005  Gate: 0.8010
Episode 854  Reward:   0.332747  Wealth:    171790.94  Turnover: 0.7306  Gross: 1.3951  Gate: 0.7902
Episode 855  Reward:   0.181041  Wealth:    133559.55  Turnover: 0.5228  Gross: 1.3945  Gate: 0.7890
Episode 856  Reward:   0.226545  Wealth:    140721.71  Turnover: 0.4727  Gross: 1.4048  Gate: 0.8097
Episode 857  Reward:   0.131571  Wealth:    124422.44  Turnover: 0.4335  Gross: 1.3996  Gate: 0.7992
Episode 858  Reward:   0.038415  Wealth:    111785.92  Turnover: 0.4242  Gross: 1.4011  Gate: 0.8023
Episode 859  Reward:   0.224032  Wealth:    144199.28  Turnover: 0.4939  Gross: 1.4011  Gate: 0.8023
Episode 860  Reward:   0.206474  Wealth:    138817.93  Turnover: 0.5585  Gross: 1.4026  Gate: 0.8053
Episode    860  AvgReward:   0.165459  Noise: 0.0269
Episode 861  Reward:   0.133684  Wealth:    126253.19  Turnover: 0.6501  Gross: 1.3990  Gate: 0.7979
Episode 862  Reward:   0.013849  Wealth:    109643.89  Turnover: 0.6295  Gross: 1.3868  Gate: 0.7736
Episode 863  Reward:   0.060976  Wealth:    118318.04  Turnover: 0.7318  Gross: 1.4006  Gate: 0.8013
Episode 864  Reward:   0.122801  Wealth:    123030.22  Turnover: 0.7216  Gross: 1.3906  Gate: 0.7811
Episode 865  Reward:  -0.148575  Wealth:     93075.68  Turnover: 0.5503  Gross: 1.4026  Gate: 0.8051
Episode 866  Reward:   0.214288  Wealth:    142807.54  Turnover: 0.6952  Gross: 1.4005  Gate: 0.8009
Episode 867  Reward:   0.102653  Wealth:    123857.21  Turnover: 0.7824  Gross: 1.3950  Gate: 0.7900
Episode 868  Reward:   0.219077  Wealth:    141673.63  Turnover: 0.5577  Gross: 1.4001  Gate: 0.8002
Episode 869  Reward:   0.013715  Wealth:    108355.52  Turnover: 0.5294  Gross: 1.3828  Gate: 0.7656
Episode 870  Reward:   0.224069  Wealth:    140506.40  Turnover: 0.4133  Gross: 1.3929  Gate: 0.7857
Episode    870  AvgReward:   0.095654  Noise: 0.0263
Episode 871  Reward:   0.118172  Wealth:    123524.54  Turnover: 0.5949  Gross: 1.4004  Gate: 0.8009
Episode 872  Reward:   0.218661  Wealth:    142091.58  Turnover: 0.5205  Gross: 1.3970  Gate: 0.7940
Episode 873  Reward:   0.058178  Wealth:    114463.21  Turnover: 0.5548  Gross: 1.4004  Gate: 0.8009
Episode 874  Reward:  -0.004408  Wealth:    109078.84  Turnover: 0.7001  Gross: 1.3774  Gate: 0.7548
Episode 875  Reward:   0.208779  Wealth:    142082.40  Turnover: 0.6490  Gross: 1.3982  Gate: 0.7965
Episode 876  Reward:  -0.249908  Wealth:     84247.41  Turnover: 0.3886  Gross: 1.3900  Gate: 0.7800
Episode 877  Reward:   0.162044  Wealth:    129457.49  Turnover: 0.5255  Gross: 1.4002  Gate: 0.8004
Episode 878  Reward:  -0.056355  Wealth:    104683.95  Turnover: 0.8570  Gross: 1.3899  Gate: 0.7799
Episode 879  Reward:   0.162851  Wealth:    129167.80  Turnover: 0.4953  Gross: 1.3927  Gate: 0.7855
Episode 880  Reward:  -0.058233  Wealth:    100414.17  Turnover: 0.4490  Gross: 1.3884  Gate: 0.7767
Episode    880  AvgReward:   0.055978  Noise: 0.0258
Episode 881  Reward:   0.122990  Wealth:    125254.12  Turnover: 0.4721  Gross: 1.3987  Gate: 0.7975
Episode 882  Reward:   0.180535  Wealth:    132930.86  Turnover: 0.6304  Gross: 1.4032  Gate: 0.8063
Episode 883  Reward:   0.072628  Wealth:    116688.83  Turnover: 0.4465  Gross: 1.3987  Gate: 0.7973
Episode 884  Reward:  -0.027966  Wealth:    105431.75  Turnover: 0.7290  Gross: 1.3712  Gate: 0.7424
Episode 885  Reward:   0.041391  Wealth:    113946.81  Turnover: 0.6289  Gross: 1.3987  Gate: 0.7973
Episode 886  Reward:  -0.032250  Wealth:    104114.95  Turnover: 0.6252  Gross: 1.3925  Gate: 0.7851
Episode 887  Reward:   0.203942  Wealth:    143372.66  Turnover: 1.0112  Gross: 1.4019  Gate: 0.8037
Episode 888  Reward:   0.159233  Wealth:    128978.23  Turnover: 0.5160  Gross: 1.3958  Gate: 0.7915
Episode 889  Reward:   0.134342  Wealth:    128710.02  Turnover: 0.6478  Gross: 1.4023  Gate: 0.8046
Episode 890  Reward:   0.092225  Wealth:    118759.70  Turnover: 0.4922  Gross: 1.3998  Gate: 0.7996
Episode    890  AvgReward:   0.094707  Noise: 0.0253
Episode 891  Reward:   0.062985  Wealth:    114491.90  Turnover: 0.3973  Gross: 1.3894  Gate: 0.7787
Episode 892  Reward:   0.096424  Wealth:    121848.48  Turnover: 0.6170  Gross: 1.3943  Gate: 0.7886
Episode 893  Reward:   0.051808  Wealth:    113794.67  Turnover: 0.6200  Gross: 1.3982  Gate: 0.7964
Episode 894  Reward:  -0.007074  Wealth:    105877.71  Turnover: 0.4270  Gross: 1.4068  Gate: 0.8136
Episode 895  Reward:   0.102661  Wealth:    120640.62  Turnover: 0.6800  Gross: 1.3982  Gate: 0.7964
Episode 896  Reward:   0.192631  Wealth:    134961.31  Turnover: 0.4459  Gross: 1.3987  Gate: 0.7975
Episode 897  Reward:   0.059812  Wealth:    115262.58  Turnover: 0.5244  Gross: 1.3948  Gate: 0.7895
Episode 898  Reward:  -0.206947  Wealth:     90773.55  Turnover: 0.8284  Gross: 1.3853  Gate: 0.7706
Episode 899  Reward:   0.113503  Wealth:    122759.34  Turnover: 0.6560  Gross: 1.3994  Gate: 0.7987
Episode 900  Reward:   0.172629  Wealth:    134545.84  Turnover: 0.4321  Gross: 1.3950  Gate: 0.7900
Episode    900  AvgReward:   0.063843  Noise: 0.0248
Episode 901  Reward:   0.220166  Wealth:    143558.88  Turnover: 0.6829  Gross: 1.3954  Gate: 0.7908
Episode 902  Reward:   0.186792  Wealth:    132741.63  Turnover: 0.4142  Gross: 1.3999  Gate: 0.7999
Episode 903  Reward:  -0.079272  Wealth:    100919.83  Turnover: 0.7584  Gross: 1.4001  Gate: 0.8001
Episode 904  Reward:   0.116226  Wealth:    121636.98  Turnover: 0.4706  Gross: 1.3902  Gate: 0.7804
Episode 905  Reward:   0.156677  Wealth:    129965.31  Turnover: 0.6929  Gross: 1.3976  Gate: 0.7953
Episode 906  Reward:   0.152548  Wealth:    129163.98  Turnover: 0.5522  Gross: 1.3978  Gate: 0.7956
Episode 907  Reward:   0.078793  Wealth:    116957.51  Turnover: 0.4897  Gross: 1.4014  Gate: 0.8027
Episode 908  Reward:   0.186493  Wealth:    132684.05  Turnover: 0.4170  Gross: 1.3931  Gate: 0.7862
Episode 909  Reward:   0.187103  Wealth:    133687.93  Turnover: 0.6453  Gross: 1.4014  Gate: 0.8029
Episode 910  Reward:   0.239082  Wealth:    147848.82  Turnover: 0.5422  Gross: 1.3981  Gate: 0.7961
Episode    910  AvgReward:   0.144461  Noise: 0.0243
Episode 911  Reward:   0.077127  Wealth:    118369.65  Turnover: 0.7249  Gross: 1.4048  Gate: 0.8097
Episode 912  Reward:   0.105569  Wealth:    122423.50  Turnover: 0.5761  Gross: 1.4014  Gate: 0.8027
Episode 913  Reward:   0.023136  Wealth:    109648.87  Turnover: 0.5567  Gross: 1.3974  Gate: 0.7948
Episode 914  Reward:   0.166069  Wealth:    129029.58  Turnover: 0.3794  Gross: 1.3897  Gate: 0.7793
Episode 915  Reward:   0.237412  Wealth:    145057.62  Turnover: 0.4825  Gross: 1.3874  Gate: 0.7747
Episode 916  Reward:   0.234821  Wealth:    144365.52  Turnover: 0.6216  Gross: 1.3947  Gate: 0.7894
Episode 917  Reward:  -0.186052  Wealth:     89124.37  Turnover: 0.4159  Gross: 1.3908  Gate: 0.7816
Episode 918  Reward:   0.207596  Wealth:    137913.32  Turnover: 0.4706  Gross: 1.3981  Gate: 0.7961
Episode 919  Reward:   0.230935  Wealth:    140978.64  Turnover: 0.3679  Gross: 1.3925  Gate: 0.7849
Episode 920  Reward:   0.156590  Wealth:    128644.23  Turnover: 0.6503  Gross: 1.3997  Gate: 0.7994
Episode    920  AvgReward:   0.125320  Noise: 0.0238
Episode 921  Reward:   0.077886  Wealth:    120260.51  Turnover: 0.4178  Gross: 1.3863  Gate: 0.7726
Episode 922  Reward:  -0.171648  Wealth:     91437.63  Turnover: 0.5606  Gross: 1.4001  Gate: 0.8002
Episode 923  Reward:   0.175457  Wealth:    138484.85  Turnover: 0.4436  Gross: 1.4098  Gate: 0.8195
Episode 924  Reward:  -0.272368  Wealth:     83495.40  Turnover: 0.4836  Gross: 1.3991  Gate: 0.7982
Episode 925  Reward:   0.337555  Wealth:    167957.92  Turnover: 0.3823  Gross: 1.3954  Gate: 0.7907
Episode 926  Reward:   0.029502  Wealth:    112030.56  Turnover: 0.7295  Gross: 1.4017  Gate: 0.8034
Episode 927  Reward:   0.056110  Wealth:    116222.26  Turnover: 0.7027  Gross: 1.4022  Gate: 0.8044
Episode 928  Reward:   0.072639  Wealth:    115073.39  Turnover: 0.4001  Gross: 1.3966  Gate: 0.7933
Episode 929  Reward:   0.208377  Wealth:    137589.82  Turnover: 0.4972  Gross: 1.3882  Gate: 0.7765
Episode 930  Reward:   0.172608  Wealth:    135189.70  Turnover: 0.7476  Gross: 1.3987  Gate: 0.7975
Episode    930  AvgReward:   0.068612  Noise: 0.0234
Episode 931  Reward:   0.018716  Wealth:    109289.20  Turnover: 0.6265  Gross: 1.3997  Gate: 0.7994
Episode 932  Reward:   0.073475  Wealth:    116276.84  Turnover: 0.6072  Gross: 1.4011  Gate: 0.8023
Episode 933  Reward:  -0.022425  Wealth:    109274.65  Turnover: 1.0077  Gross: 1.3943  Gate: 0.7886
Episode 934  Reward:   0.213917  Wealth:    138914.08  Turnover: 0.6960  Gross: 1.3958  Gate: 0.7916
Episode 935  Reward:   0.208493  Wealth:    140697.03  Turnover: 0.7165  Gross: 1.4057  Gate: 0.8114
Episode 936  Reward:   0.114169  Wealth:    123037.47  Turnover: 0.5750  Gross: 1.4055  Gate: 0.8110
Episode 937  Reward:  -0.031429  Wealth:    105349.13  Turnover: 0.5170  Gross: 1.4028  Gate: 0.8057
Episode 938  Reward:   0.022152  Wealth:    110833.94  Turnover: 0.5829  Gross: 1.3941  Gate: 0.7882
Episode 939  Reward:   0.056980  Wealth:    113550.36  Turnover: 0.3124  Gross: 1.3993  Gate: 0.7986
Episode 940  Reward:   0.210363  Wealth:    137610.84  Turnover: 0.4547  Gross: 1.4004  Gate: 0.8008
Episode    940  AvgReward:   0.086441  Noise: 0.0229
Episode 941  Reward:   0.131153  Wealth:    123880.46  Turnover: 0.5142  Gross: 1.4001  Gate: 0.8003
Episode 942  Reward:   0.256969  Wealth:    150617.47  Turnover: 0.4773  Gross: 1.4025  Gate: 0.8051
Episode 943  Reward:   0.102287  Wealth:    121107.59  Turnover: 0.4761  Gross: 1.3843  Gate: 0.7685
Episode 944  Reward:   0.143446  Wealth:    127575.02  Turnover: 0.5425  Gross: 1.3863  Gate: 0.7726
Episode 945  Reward:   0.106352  Wealth:    120117.78  Turnover: 0.4205  Gross: 1.3922  Gate: 0.7843
Episode 946  Reward:  -0.021401  Wealth:    106309.79  Turnover: 0.5174  Gross: 1.3955  Gate: 0.7911
Episode 947  Reward:   0.048468  Wealth:    113966.36  Turnover: 0.5135  Gross: 1.4004  Gate: 0.8009
Episode 948  Reward:   0.126541  Wealth:    123110.13  Turnover: 0.3871  Gross: 1.3947  Gate: 0.7894
Episode 949  Reward:   0.181360  Wealth:    133308.67  Turnover: 0.4792  Gross: 1.3921  Gate: 0.7842
Episode 950  Reward:   0.195370  Wealth:    133644.32  Turnover: 0.3411  Gross: 1.3988  Gate: 0.7976
Episode    950  AvgReward:   0.127054  Noise: 0.0224
Episode 951  Reward:  -0.017615  Wealth:    106242.97  Turnover: 0.8603  Gross: 1.4032  Gate: 0.8064
Episode 952  Reward:   0.138369  Wealth:    128246.85  Turnover: 0.5240  Gross: 1.3970  Gate: 0.7939
Episode 953  Reward:   0.172540  Wealth:    130770.93  Turnover: 0.4265  Gross: 1.4001  Gate: 0.8002
Episode 954  Reward:   0.210039  Wealth:    139012.12  Turnover: 0.4000  Gross: 1.3971  Gate: 0.7943
Episode 955  Reward:   0.109730  Wealth:    123364.25  Turnover: 0.6883  Gross: 1.4051  Gate: 0.8102
Episode 956  Reward:   0.074033  Wealth:    115689.61  Turnover: 0.3807  Gross: 1.3964  Gate: 0.7929
Episode 957  Reward:   0.051196  Wealth:    113248.01  Turnover: 0.5733  Gross: 1.4030  Gate: 0.8059
Episode 958  Reward:  -0.020858  Wealth:    105506.21  Turnover: 0.6593  Gross: 1.3999  Gate: 0.7998
Episode 959  Reward:  -0.148675  Wealth:     92039.37  Turnover: 0.5461  Gross: 1.3873  Gate: 0.7746
Episode 960  Reward:   0.202098  Wealth:    137756.23  Turnover: 0.5132  Gross: 1.4013  Gate: 0.8026
Episode    960  AvgReward:   0.077086  Noise: 0.0220
Episode 961  Reward:   0.103516  Wealth:    121045.53  Turnover: 0.6914  Gross: 1.3954  Gate: 0.7907
Episode 962  Reward:  -0.098499  Wealth:     96190.55  Turnover: 0.3988  Gross: 1.3974  Gate: 0.7947
Episode 963  Reward:   0.047270  Wealth:    119518.53  Turnover: 0.5381  Gross: 1.3960  Gate: 0.7920
Episode 964  Reward:   0.174114  Wealth:    135832.27  Turnover: 0.8184  Gross: 1.3917  Gate: 0.7834
Episode 965  Reward:   0.270075  Wealth:    155977.87  Turnover: 0.7574  Gross: 1.3998  Gate: 0.7996
Episode 966  Reward:   0.169992  Wealth:    134776.71  Turnover: 0.9865  Gross: 1.3926  Gate: 0.7852
Episode 967  Reward:   0.264358  Wealth:    149104.81  Turnover: 0.5871  Gross: 1.3903  Gate: 0.7807
Episode 968  Reward:   0.129033  Wealth:    127604.02  Turnover: 0.6029  Gross: 1.4025  Gate: 0.8049
Episode 969  Reward:   0.006962  Wealth:    108857.52  Turnover: 0.5406  Gross: 1.4009  Gate: 0.8017
Episode 970  Reward:   0.051494  Wealth:    112790.61  Turnover: 0.3634  Gross: 1.4030  Gate: 0.8060
Episode    970  AvgReward:   0.111832  Noise: 0.0216
Episode 971  Reward:   0.249102  Wealth:    145623.33  Turnover: 0.6228  Gross: 1.3976  Gate: 0.7952
Episode 972  Reward:   0.101650  Wealth:    122199.43  Turnover: 0.5360  Gross: 1.4007  Gate: 0.8014
Episode 973  Reward:   0.057121  Wealth:    115271.21  Turnover: 0.6572  Gross: 1.3841  Gate: 0.7683
Episode 974  Reward:   0.018179  Wealth:    108856.25  Turnover: 0.4285  Gross: 1.3947  Gate: 0.7894
Episode 975  Reward:   0.074066  Wealth:    119754.51  Turnover: 0.6840  Gross: 1.3979  Gate: 0.7958
Episode 976  Reward:   0.370672  Wealth:    179836.60  Turnover: 0.5822  Gross: 1.3845  Gate: 0.7690
Episode 977  Reward:   0.110362  Wealth:    121911.58  Turnover: 0.6578  Gross: 1.3891  Gate: 0.7782
Episode 978  Reward:   0.289183  Wealth:    156391.65  Turnover: 0.4878  Gross: 1.3975  Gate: 0.7950
Episode 979  Reward:  -0.138952  Wealth:     93823.23  Turnover: 0.7742  Gross: 1.4001  Gate: 0.8001
Episode 980  Reward:   0.232398  Wealth:    145419.24  Turnover: 0.6726  Gross: 1.3920  Gate: 0.7840
Episode    980  AvgReward:   0.136378  Noise: 0.0211
Episode 981  Reward:  -0.117805  Wealth:     94770.26  Turnover: 0.5520  Gross: 1.4049  Gate: 0.8098
Episode 982  Reward:   0.272809  Wealth:    150668.02  Turnover: 0.6027  Gross: 1.3849  Gate: 0.7697
Episode 983  Reward:   0.167671  Wealth:    132138.98  Turnover: 0.4515  Gross: 1.3980  Gate: 0.7959
Episode 984  Reward:   0.161802  Wealth:    133658.48  Turnover: 0.5432  Gross: 1.4026  Gate: 0.8051
Episode 985  Reward:   0.080490  Wealth:    116154.68  Turnover: 0.3079  Gross: 1.3936  Gate: 0.7872
Episode 986  Reward:  -0.015438  Wealth:    104615.51  Turnover: 0.4742  Gross: 1.3938  Gate: 0.7876
Episode 987  Reward:  -0.049950  Wealth:    100954.08  Turnover: 0.3897  Gross: 1.3962  Gate: 0.7924
Episode 988  Reward:  -0.083187  Wealth:     99705.10  Turnover: 0.7159  Gross: 1.3998  Gate: 0.7997
Episode 989  Reward:   0.063418  Wealth:    116986.77  Turnover: 0.7514  Gross: 1.4063  Gate: 0.8126
Episode 990  Reward:   0.101281  Wealth:    121343.12  Turnover: 0.3726  Gross: 1.3994  Gate: 0.7988
Episode    990  AvgReward:   0.058109  Noise: 0.0207
Episode 991  Reward:   0.153697  Wealth:    128262.48  Turnover: 0.5877  Gross: 1.3995  Gate: 0.7990
Episode 992  Reward:   0.122354  Wealth:    124745.21  Turnover: 0.4875  Gross: 1.3964  Gate: 0.7928
Episode 993  Reward:   0.209111  Wealth:    138995.72  Turnover: 0.4339  Gross: 1.3997  Gate: 0.7994
Episode 994  Reward:   0.106989  Wealth:    126581.21  Turnover: 0.6820  Gross: 1.3918  Gate: 0.7837
Episode 995  Reward:   0.247654  Wealth:    148706.94  Turnover: 0.8238  Gross: 1.4016  Gate: 0.8033
Episode 996  Reward:   0.116998  Wealth:    122871.61  Turnover: 0.6709  Gross: 1.3966  Gate: 0.7931
Episode 997  Reward:   0.226721  Wealth:    142687.45  Turnover: 0.5347  Gross: 1.4018  Gate: 0.8036
Episode 998  Reward:   0.078462  Wealth:    116699.45  Turnover: 0.5939  Gross: 1.3969  Gate: 0.7937
Episode 999  Reward:   0.014856  Wealth:    111282.53  Turnover: 0.4083  Gross: 1.4040  Gate: 0.8080
Episode 1000  Reward:  -0.002233  Wealth:    106130.63  Turnover: 0.3754  Gross: 1.3996  Gate: 0.7992
Episode   1000  AvgReward:   0.127461  Noise: 0.0203
TRAIN STAGE COMPLETE
PRE-TRAINING BEHAVIOUR GATE PASSED on deterministic held-in episodes: mean_leverage_gate=0.7933, fraction_at_gross_cap=0.0000, gate_gross_mae=0.0000, mean_turnover=0.5343, max_position_limit_violation=0.0000, mean_normalized_direction_entropy=0.8599, q05_normalized_direction_entropy=0.7847, mean_effective_positions=3.9920
Pre-training complete. Agent saved.

============================================================
Stage 2: Fine-tuning on Real Data

============================================================
============================================================
STAGE 2: FINE-TUNING
============================================================
============================================================
TRAIN STAGE STARTED: stage=finetune_selection, episodes=37, batch_size=64, updates_per_step=1
============================================================
Episode 1  Reward:   0.254732  Wealth:    152125.96  Turnover: 0.5973  Gross: 1.3917  Gate: 0.7835
Episode 2  Reward:   0.010502  Wealth:    110717.29  Turnover: 0.7152  Gross: 1.3897  Gate: 0.7794
Episode 3  Reward:   0.228884  Wealth:    142679.41  Turnover: 0.5856  Gross: 1.3979  Gate: 0.7959
Episode 4  Reward:   0.147884  Wealth:    126684.33  Turnover: 0.4376  Gross: 1.4032  Gate: 0.8064
Episode 5  Reward:   0.240800  Wealth:    152000.41  Turnover: 0.8682  Gross: 1.3910  Gate: 0.7820
Episode 6  Reward:   0.249769  Wealth:    150786.50  Turnover: 0.7683  Gross: 1.3955  Gate: 0.7909
Episode 7  Reward:   0.082922  Wealth:    116540.27  Turnover: 0.4174  Gross: 1.4032  Gate: 0.8065
Episode 8  Reward:   0.128261  Wealth:    126491.50  Turnover: 0.6908  Gross: 1.4038  Gate: 0.8076
Episode 9  Reward:   0.150521  Wealth:    132253.89  Turnover: 0.6583  Gross: 1.4041  Gate: 0.8082
Episode 10  Reward:   0.158103  Wealth:    130933.91  Turnover: 0.6161  Gross: 1.4011  Gate: 0.8023
Episode 11  Reward:   0.189786  Wealth:    137383.04  Turnover: 0.5719  Gross: 1.4026  Gate: 0.8052
Episode 12  Reward:   0.219102  Wealth:    142246.58  Turnover: 0.5940  Gross: 1.4051  Gate: 0.8102
Episode 13  Reward:   0.184122  Wealth:    135304.25  Turnover: 0.5595  Gross: 1.4038  Gate: 0.8076
Episode 14  Reward:   0.186465  Wealth:    138373.71  Turnover: 0.5890  Gross: 1.4027  Gate: 0.8053
Episode 15  Reward:   0.209589  Wealth:    140600.29  Turnover: 0.5422  Gross: 1.4057  Gate: 0.8113
Episode 16  Reward:   0.203746  Wealth:    140367.10  Turnover: 0.5591  Gross: 1.4054  Gate: 0.8108
Episode 17  Reward:   0.271461  Wealth:    154934.65  Turnover: 0.5580  Gross: 1.4048  Gate: 0.8096
Episode 18  Reward:   0.174592  Wealth:    138233.38  Turnover: 0.5789  Gross: 1.4053  Gate: 0.8106
Episode 19  Reward:   0.234023  Wealth:    146991.15  Turnover: 0.5091  Gross: 1.4052  Gate: 0.8105
Episode 20  Reward:   0.153304  Wealth:    127601.77  Turnover: 0.3611  Gross: 1.4051  Gate: 0.8101
Episode 21  Reward:   0.141042  Wealth:    131669.97  Turnover: 0.5625  Gross: 1.4042  Gate: 0.8083
Episode 22  Reward:   0.115852  Wealth:    120485.36  Turnover: 0.3138  Gross: 1.4006  Gate: 0.8012
Episode 23  Reward:   0.067918  Wealth:    114117.28  Turnover: 0.2711  Gross: 1.4008  Gate: 0.8016
Episode 24  Reward:   0.154220  Wealth:    127504.89  Turnover: 0.4027  Gross: 1.4038  Gate: 0.8076
Episode 25  Reward:   0.266999  Wealth:    153499.94  Turnover: 0.5224  Gross: 1.4074  Gate: 0.8149
Episode 26  Reward:   0.155442  Wealth:    134243.51  Turnover: 0.5763  Gross: 1.4042  Gate: 0.8085
Episode 27  Reward:   0.104429  Wealth:    119036.22  Turnover: 0.2505  Gross: 1.4018  Gate: 0.8036
Episode 28  Reward:   0.081087  Wealth:    116234.27  Turnover: 0.3463  Gross: 1.4024  Gate: 0.8049
Episode 29  Reward:   0.200274  Wealth:    141129.39  Turnover: 0.5175  Gross: 1.4033  Gate: 0.8066
Episode 30  Reward:   0.205541  Wealth:    140589.96  Turnover: 0.5189  Gross: 1.4055  Gate: 0.8110
Episode 31  Reward:   0.134168  Wealth:    127786.38  Turnover: 0.4615  Gross: 1.4037  Gate: 0.8074
Episode 32  Reward:   0.221430  Wealth:    143231.24  Turnover: 0.5584  Gross: 1.4051  Gate: 0.8102
Episode 33  Reward:   0.213610  Wealth:    141853.42  Turnover: 0.5437  Gross: 1.4037  Gate: 0.8073
Episode 34  Reward:   0.063798  Wealth:    114015.33  Turnover: 0.3655  Gross: 1.4063  Gate: 0.8126
Episode 35  Reward:   0.118515  Wealth:    121382.24  Turnover: 0.4182  Gross: 1.4053  Gate: 0.8107
Episode 36  Reward:   0.107889  Wealth:    119718.94  Turnover: 0.3403  Gross: 1.4003  Gate: 0.8007
Episode 37  Reward:  -0.006243  Wealth:    111801.09  Turnover: 0.5749  Gross: 1.4007  Gate: 0.8014
Episode     37  AvgReward:   0.162825  Noise: 0.0417
TRAIN STAGE COMPLETE
VALIDATION pass=1 reward=0.184839 wealth=141428.95 turnover=0.4013 gross=1.4103
============================================================
TRAIN STAGE STARTED: stage=finetune_refit_all, episodes=61, batch_size=64, updates_per_step=1
============================================================
Episode 1  Reward:   0.000556  Wealth:    111174.45  Turnover: 0.6684  Gross: 1.4054  Gate: 0.8109
Episode 2  Reward:   0.130377  Wealth:    123084.56  Turnover: 0.3458  Gross: 1.4003  Gate: 0.8007
Episode 3  Reward:  -0.008586  Wealth:    109683.46  Turnover: 0.6135  Gross: 1.4086  Gate: 0.8172
Episode 4  Reward:   0.157474  Wealth:    128344.31  Turnover: 0.5369  Gross: 1.3984  Gate: 0.7969
Episode 5  Reward:  -0.080046  Wealth:    103101.58  Turnover: 0.6514  Gross: 1.3975  Gate: 0.7950
Episode 6  Reward:   0.284145  Wealth:    161061.62  Turnover: 0.6310  Gross: 1.3969  Gate: 0.7937
Episode 7  Reward:   0.104241  Wealth:    119641.69  Turnover: 0.2577  Gross: 1.4001  Gate: 0.8003
Episode 8  Reward:  -0.028306  Wealth:    108849.74  Turnover: 0.5615  Gross: 1.4041  Gate: 0.8082
Episode 9  Reward:   0.195957  Wealth:    135466.58  Turnover: 0.5206  Gross: 1.4003  Gate: 0.8005
Episode 10  Reward:   0.195477  Wealth:    139695.14  Turnover: 0.5927  Gross: 1.3982  Gate: 0.7965
Episode 11  Reward:   0.177903  Wealth:    137293.59  Turnover: 0.6393  Gross: 1.3989  Gate: 0.7978
Episode 12  Reward:   0.230878  Wealth:    146146.81  Turnover: 0.7169  Gross: 1.3959  Gate: 0.7918
Episode 13  Reward:   0.058584  Wealth:    121124.87  Turnover: 0.4552  Gross: 1.4067  Gate: 0.8134
Episode 14  Reward:   0.170508  Wealth:    136760.08  Turnover: 0.7275  Gross: 1.3964  Gate: 0.7929
Episode 15  Reward:  -0.098062  Wealth:    102391.87  Turnover: 0.4518  Gross: 1.3963  Gate: 0.7926
Episode 16  Reward:   0.199750  Wealth:    140846.13  Turnover: 0.7809  Gross: 1.3889  Gate: 0.7778
Episode 17  Reward:   0.226573  Wealth:    151630.54  Turnover: 0.5209  Gross: 1.3957  Gate: 0.7913
Episode 18  Reward:   0.227266  Wealth:    146097.85  Turnover: 0.7399  Gross: 1.3893  Gate: 0.7786
Episode 19  Reward:  -0.098423  Wealth:    102253.09  Turnover: 0.6029  Gross: 1.3870  Gate: 0.7740
Episode 20  Reward:   0.063070  Wealth:    120694.91  Turnover: 0.6664  Gross: 1.3921  Gate: 0.7843
Episode 21  Reward:   0.187814  Wealth:    137753.94  Turnover: 0.7324  Gross: 1.3888  Gate: 0.7776
Episode 22  Reward:  -0.018412  Wealth:    109314.63  Turnover: 0.8195  Gross: 1.3863  Gate: 0.7725
Episode 23  Reward:   0.169683  Wealth:    131951.69  Turnover: 0.5153  Gross: 1.4071  Gate: 0.8142
Episode 24  Reward:   0.034219  Wealth:    115053.93  Turnover: 0.6067  Gross: 1.3978  Gate: 0.7956
Episode 25  Reward:   0.052202  Wealth:    114845.91  Turnover: 0.4714  Gross: 1.4058  Gate: 0.8116
Episode 26  Reward:   0.216913  Wealth:    145589.92  Turnover: 0.6756  Gross: 1.3963  Gate: 0.7926
Episode 27  Reward:  -0.106987  Wealth:     98976.49  Turnover: 0.6218  Gross: 1.4002  Gate: 0.8005
Episode 28  Reward:   0.348187  Wealth:    179229.97  Turnover: 0.6724  Gross: 1.3966  Gate: 0.7932
Episode 29  Reward:   0.202526  Wealth:    138327.05  Turnover: 0.5499  Gross: 1.4027  Gate: 0.8053
Episode 30  Reward:   0.248536  Wealth:    152686.22  Turnover: 0.6576  Gross: 1.4002  Gate: 0.8003
Episode 31  Reward:   0.253169  Wealth:    154291.00  Turnover: 0.6608  Gross: 1.3984  Gate: 0.7969
Episode 32  Reward:   0.106443  Wealth:    125472.90  Turnover: 0.8102  Gross: 1.3934  Gate: 0.7868
Episode 33  Reward:   0.127014  Wealth:    130807.30  Turnover: 0.8046  Gross: 1.3947  Gate: 0.7894
Episode 34  Reward:  -0.000733  Wealth:    111491.03  Turnover: 0.7848  Gross: 1.3926  Gate: 0.7852
Episode 35  Reward:   0.140463  Wealth:    128781.66  Turnover: 0.5687  Gross: 1.4021  Gate: 0.8041
Episode 36  Reward:   0.180334  Wealth:    139976.11  Turnover: 0.7266  Gross: 1.3972  Gate: 0.7944
Episode 37  Reward:  -0.021138  Wealth:    106846.72  Turnover: 0.7503  Gross: 1.3950  Gate: 0.7899
Episode 38  Reward:  -0.172391  Wealth:     92475.73  Turnover: 0.7388  Gross: 1.3996  Gate: 0.7992
Episode 39  Reward:   0.170474  Wealth:    137786.05  Turnover: 0.7346  Gross: 1.3957  Gate: 0.7913
Episode 40  Reward:  -0.043967  Wealth:    105960.97  Turnover: 0.7778  Gross: 1.3969  Gate: 0.7937
Episode 41  Reward:  -0.023683  Wealth:    108286.15  Turnover: 0.7087  Gross: 1.3917  Gate: 0.7833
Episode 42  Reward:   0.059909  Wealth:    116564.47  Turnover: 0.8113  Gross: 1.3943  Gate: 0.7887
Episode 43  Reward:   0.179505  Wealth:    136419.39  Turnover: 0.7045  Gross: 1.4018  Gate: 0.8036
Episode 44  Reward:   0.288588  Wealth:    164793.10  Turnover: 0.7145  Gross: 1.3980  Gate: 0.7961
Episode 45  Reward:   0.232187  Wealth:    143957.49  Turnover: 0.6683  Gross: 1.3938  Gate: 0.7876
Episode 46  Reward:   0.108202  Wealth:    121205.86  Turnover: 0.3179  Gross: 1.4000  Gate: 0.7999
Episode 47  Reward:  -0.079444  Wealth:    101635.49  Turnover: 0.6100  Gross: 1.3990  Gate: 0.7980
Episode 48  Reward:   0.259156  Wealth:    156844.87  Turnover: 0.6705  Gross: 1.3984  Gate: 0.7968
Episode 49  Reward:  -0.130560  Wealth:     95840.40  Turnover: 0.6123  Gross: 1.4033  Gate: 0.8066
Episode 50  Reward:   0.174890  Wealth:    131681.87  Turnover: 0.7081  Gross: 1.3960  Gate: 0.7919
Episode 51  Reward:   0.012101  Wealth:    112098.06  Turnover: 0.6631  Gross: 1.3956  Gate: 0.7911
Episode 52  Reward:   0.293929  Wealth:    163602.14  Turnover: 0.8162  Gross: 1.3984  Gate: 0.7967
Episode 53  Reward:   0.035326  Wealth:    114514.46  Turnover: 0.6004  Gross: 1.3976  Gate: 0.7952
Episode 54  Reward:   0.273462  Wealth:    159349.15  Turnover: 0.8218  Gross: 1.3950  Gate: 0.7901
Episode 55  Reward:  -0.004635  Wealth:    109087.39  Turnover: 0.6121  Gross: 1.4006  Gate: 0.8011
Episode 56  Reward:   0.263558  Wealth:    157445.21  Turnover: 0.7134  Gross: 1.3956  Gate: 0.7911
Episode 57  Reward:   0.184993  Wealth:    139024.58  Turnover: 0.5673  Gross: 1.4001  Gate: 0.8001
Episode 58  Reward:   0.169974  Wealth:    130810.88  Turnover: 0.4303  Gross: 1.3974  Gate: 0.7948
Episode 59  Reward:   0.156481  Wealth:    128764.05  Turnover: 0.4020  Gross: 1.3949  Gate: 0.7898
Episode 60  Reward:  -0.048580  Wealth:    103138.96  Turnover: 0.5698  Gross: 1.4043  Gate: 0.8086
Episode 61  Reward:   0.287051  Wealth:    162704.24  Turnover: 0.6421  Gross: 1.3972  Gate: 0.7944
Episode     61  AvgReward:   0.112723  Noise: 0.0370
TRAIN STAGE COMPLETE
Fine-tuning complete. Selected 1 pass(es); final agent saved.

============================================================
TRAINING COMPLETE

============================================================
Warning messages:
1: Seed 20260841 wrote vine_observation_mode=''; expected 'zero'. Marking training invalid. 
2: Seed 20260845 wrote vine_observation_mode=''; expected 'zero'. Marking training invalid. 
3: Seed 20260849 wrote vine_observation_mode=''; expected 'zero'. Marking training invalid. 

No-holdout gate passed for 0/3 seeds.
Error: Worker shard failed closed: 0/3 assigned seeds passed training, sanity, and behavior gates.
Execution halted
