Parallel sweep worker 2/4: 3 of 10 seeds assigned.
Sweep vine observation mode: zero

[1/3] Training seed 20260842
Loading configuration from: config/config.yaml 
Run mode: full | seed: 20260842 | CVaR simulations/step: 512 | vine simulation cores: 23
Loading synthetic return bundle: data/synthetic_returns.RData
Loaded 1000 pre-training and 61 fine-tuning episodes.
Fine-tuning selection: 37 fit episodes, 23 purged overlapping episodes, 1 validation episode; final refit uses all 61.
Run seed: 20260842
Run mode: full
PyTorch: 2.10.0+cu128
Device: cuda
Action schema: interior_rank_partition_leverage_gate_v5; projection temperature=1.5
GPU: NVIDIA A100-SXM4-80GB
PYTHON: Framework ready.
Action schema: interior_rank_partition_leverage_gate_v5 | gross=1.500 | net=1.000 | max_long=0.600 | max_short=0.200
Risk/training: entropy_coef=0.005 | leverage_target=0.800 | leverage_penalty=0.25 | direction_bound=5.000 | AMP=False

============================================================
Stage 1: Pre-training on Synthetic Data

============================================================
============================================================
STAGE 1: PRE-TRAINING
============================================================
============================================================
TRAIN STAGE STARTED: stage=pretrain, episodes=1000, batch_size=128, updates_per_step=1
============================================================
Episode 1  Reward:   0.019337  Wealth:    114167.07  Turnover: 1.0767  Gross: 1.2689  Gate: 0.5378
Episode 2  Reward:  -0.121888  Wealth:     97565.39  Turnover: 1.0723  Gross: 1.2448  Gate: 0.4896
Episode 3  Reward:   0.086870  Wealth:    122344.02  Turnover: 1.1638  Gross: 1.2439  Gate: 0.4877
Episode 4  Reward:  -0.305660  Wealth:     82906.39  Turnover: 1.1513  Gross: 1.2267  Gate: 0.4534
Episode 5  Reward:  -0.337791  Wealth:     80823.59  Turnover: 0.9547  Gross: 1.2403  Gate: 0.4806
Episode 6  Reward:  -0.082602  Wealth:    101956.51  Turnover: 1.1119  Gross: 1.2801  Gate: 0.5602
Episode 7  Reward:   0.125270  Wealth:    128049.46  Turnover: 0.9995  Gross: 1.2315  Gate: 0.4631
Episode 8  Reward:   0.032386  Wealth:    115698.07  Turnover: 1.0889  Gross: 1.2495  Gate: 0.4990
Episode 9  Reward:   0.189473  Wealth:    141159.37  Turnover: 1.0375  Gross: 1.2421  Gate: 0.4841
Episode 10  Reward:   0.183909  Wealth:    140714.14  Turnover: 1.0919  Gross: 1.2503  Gate: 0.5006
Episode     10  AvgReward:  -0.021070  Noise: 0.1473
Episode 11  Reward:   0.251929  Wealth:    153521.63  Turnover: 1.0586  Gross: 1.2490  Gate: 0.4980
Episode 12  Reward:   0.104050  Wealth:    126560.60  Turnover: 1.0591  Gross: 1.2621  Gate: 0.5242
Episode 13  Reward:  -0.256553  Wealth:     86229.08  Turnover: 1.1042  Gross: 1.2598  Gate: 0.5197
Episode 14  Reward:  -0.002890  Wealth:    110970.94  Turnover: 1.1662  Gross: 1.2674  Gate: 0.5347
Episode 15  Reward:  -0.018046  Wealth:    109204.91  Turnover: 1.0834  Gross: 1.2350  Gate: 0.4701
Episode 16  Reward:   0.068206  Wealth:    120561.33  Turnover: 1.0155  Gross: 1.2529  Gate: 0.5059
Episode 17  Reward:  -0.152643  Wealth:     94935.43  Turnover: 1.1604  Gross: 1.2367  Gate: 0.4733
Episode 18  Reward:  -0.060015  Wealth:    103918.71  Turnover: 1.0028  Gross: 1.2313  Gate: 0.4627
Episode 19  Reward:   0.142109  Wealth:    131876.31  Turnover: 0.9892  Gross: 1.2692  Gate: 0.5383
Episode 20  Reward:  -0.085577  Wealth:    101541.36  Turnover: 1.0705  Gross: 1.2481  Gate: 0.4963
Episode     20  AvgReward:  -0.000943  Noise: 0.1444
Episode 21  Reward:  -0.079694  Wealth:    101892.59  Turnover: 1.0160  Gross: 1.2625  Gate: 0.5249
Episode 22  Reward:  -0.351277  Wealth:     80013.95  Turnover: 1.0452  Gross: 1.2917  Gate: 0.5833
Episode 23  Reward:   0.039296  Wealth:    115915.78  Turnover: 1.0066  Gross: 1.2589  Gate: 0.5178
Episode 24  Reward:   0.051283  Wealth:    118777.23  Turnover: 1.1332  Gross: 1.2650  Gate: 0.5301
Episode 25  Reward:   0.223831  Wealth:    147007.20  Turnover: 1.1172  Gross: 1.2689  Gate: 0.5378
Episode 26  Reward:  -0.201426  Wealth:     90887.10  Turnover: 1.0582  Gross: 1.2637  Gate: 0.5274
Episode 27  Reward:   0.086012  Wealth:    124440.86  Turnover: 1.0765  Gross: 1.2731  Gate: 0.5462
Episode 28  Reward:  -0.083343  Wealth:    101951.56  Turnover: 1.0944  Gross: 1.2515  Gate: 0.5030
Episode 29  Reward:  -0.237862  Wealth:     87662.66  Turnover: 1.1109  Gross: 1.2746  Gate: 0.5491
Episode 30  Reward:  -0.067373  Wealth:    103303.61  Turnover: 1.0287  Gross: 1.2295  Gate: 0.4591
Episode     30  AvgReward:  -0.062055  Noise: 0.1415
Episode 31  Reward:   0.286951  Wealth:    163946.34  Turnover: 0.9912  Gross: 1.2519  Gate: 0.5038
Episode 32  Reward:  -0.047760  Wealth:    104430.81  Turnover: 0.9435  Gross: 1.2195  Gate: 0.4389
Episode 33  Reward:  -0.021427  Wealth:    108907.04  Turnover: 1.1327  Gross: 1.2074  Gate: 0.4147
Episode 34  Reward:   0.037003  Wealth:    116990.74  Turnover: 1.0107  Gross: 1.2415  Gate: 0.4829
Episode 35  Reward:   0.023996  Wealth:    113769.10  Turnover: 1.1676  Gross: 1.2515  Gate: 0.5030
Episode 36  Reward:  -0.141561  Wealth:     95559.47  Turnover: 1.0403  Gross: 1.2543  Gate: 0.5086
Episode 37  Reward:  -0.187458  Wealth:     92065.29  Turnover: 1.0453  Gross: 1.2712  Gate: 0.5424
Episode 38  Reward:  -0.100199  Wealth:    100136.34  Turnover: 1.0683  Gross: 1.2745  Gate: 0.5491
Episode 39  Reward:  -0.069730  Wealth:    103316.47  Turnover: 1.0292  Gross: 1.2135  Gate: 0.4269
Episode 40  Reward:  -0.152136  Wealth:     95318.19  Turnover: 1.0902  Gross: 1.2793  Gate: 0.5586
Episode     40  AvgReward:  -0.037232  Noise: 0.1387
Episode 41  Reward:   0.023864  Wealth:    114863.74  Turnover: 1.0775  Gross: 1.2627  Gate: 0.5253
Episode 42  Reward:   0.226610  Wealth:    147037.54  Turnover: 0.7177  Gross: 1.2168  Gate: 0.4337
Episode 43  Reward:   0.034814  Wealth:    114418.79  Turnover: 0.2665  Gross: 1.0886  Gate: 0.1771
Episode 44  Reward:   0.079461  Wealth:    119854.61  Turnover: 0.2145  Gross: 1.0941  Gate: 0.1883
Episode 45  Reward:  -0.159756  Wealth:     93012.03  Turnover: 0.2275  Gross: 1.0955  Gate: 0.1911
Episode 46  Reward:  -0.128387  Wealth:     95764.57  Turnover: 0.2105  Gross: 1.0956  Gate: 0.1913
Episode 47  Reward:  -0.058188  Wealth:    102288.91  Turnover: 0.1586  Gross: 1.0990  Gate: 0.1979
Episode 48  Reward:   0.032473  Wealth:    112840.07  Turnover: 0.2041  Gross: 1.1084  Gate: 0.2167
Episode 49  Reward:   0.274638  Wealth:    154831.27  Turnover: 0.2299  Gross: 1.1054  Gate: 0.2108
Episode 50  Reward:   0.251509  Wealth:    148819.81  Turnover: 0.1546  Gross: 1.1056  Gate: 0.2112
Episode     50  AvgReward:   0.057704  Noise: 0.1360
Episode 51  Reward:   0.136399  Wealth:    126907.28  Turnover: 0.1515  Gross: 1.1102  Gate: 0.2204
Episode 52  Reward:   0.086793  Wealth:    119117.91  Turnover: 0.1792  Gross: 1.1071  Gate: 0.2142
Episode 53  Reward:  -0.189331  Wealth:     89796.04  Turnover: 0.1181  Gross: 1.1128  Gate: 0.2257
Episode 54  Reward:  -0.417514  Wealth:     74353.27  Turnover: 0.2355  Gross: 1.1151  Gate: 0.2301
Episode 55  Reward:   0.195221  Wealth:    135921.34  Turnover: 0.2371  Gross: 1.1123  Gate: 0.2245
Episode 56  Reward:   0.139824  Wealth:    126351.33  Turnover: 0.2770  Gross: 1.1149  Gate: 0.2298
Episode 57  Reward:  -0.071889  Wealth:     99688.92  Turnover: 0.2247  Gross: 1.1200  Gate: 0.2400
Episode 58  Reward:   0.303636  Wealth:    159510.74  Turnover: 0.2237  Gross: 1.1282  Gate: 0.2565
Episode 59  Reward:  -0.000073  Wealth:    107425.14  Turnover: 0.2204  Gross: 1.1248  Gate: 0.2495
Episode 60  Reward:   0.055636  Wealth:    114333.18  Turnover: 0.2349  Gross: 1.1276  Gate: 0.2552
Episode     60  AvgReward:   0.023870  Noise: 0.1333
Episode 61  Reward:   0.056661  Wealth:    114506.23  Turnover: 0.2485  Gross: 1.1327  Gate: 0.2654
Episode 62  Reward:   0.088591  Wealth:    118585.33  Turnover: 0.2537  Gross: 1.1351  Gate: 0.2702
Episode 63  Reward:   0.077753  Wealth:    117409.95  Turnover: 0.2405  Gross: 1.1371  Gate: 0.2742
Episode 64  Reward:   0.138145  Wealth:    126280.89  Turnover: 0.2142  Gross: 1.1376  Gate: 0.2752
Episode 65  Reward:   0.065021  Wealth:    115464.37  Turnover: 0.2218  Gross: 1.1371  Gate: 0.2742
Episode 66  Reward:   0.243736  Wealth:    146113.67  Turnover: 0.3018  Gross: 1.1463  Gate: 0.2925
Episode 67  Reward:  -0.177813  Wealth:     90181.30  Turnover: 0.2749  Gross: 1.1535  Gate: 0.3071
Episode 68  Reward:   0.264299  Wealth:    150285.15  Turnover: 0.2381  Gross: 1.1582  Gate: 0.3164
Episode 69  Reward:   0.195698  Wealth:    136094.94  Turnover: 0.2599  Gross: 1.1596  Gate: 0.3192
Episode 70  Reward:  -0.095019  Wealth:     97577.19  Turnover: 0.2312  Gross: 1.1588  Gate: 0.3177
Episode     70  AvgReward:   0.085707  Noise: 0.1306
Episode 71  Reward:   0.123775  Wealth:    124485.73  Turnover: 0.2558  Gross: 1.1654  Gate: 0.3309
Episode 72  Reward:   0.152336  Wealth:    128859.03  Turnover: 0.2681  Gross: 1.1724  Gate: 0.3447
Episode 73  Reward:   0.260134  Wealth:    149744.90  Turnover: 0.2325  Gross: 1.1773  Gate: 0.3546
Episode 74  Reward:   0.100578  Wealth:    121122.97  Turnover: 0.2355  Gross: 1.1845  Gate: 0.3690
Episode 75  Reward:   0.110526  Wealth:    122365.18  Turnover: 0.2712  Gross: 1.1879  Gate: 0.3759
Episode 76  Reward:  -0.045227  Wealth:    102691.48  Turnover: 0.2105  Gross: 1.1927  Gate: 0.3855
Episode 77  Reward:   0.025904  Wealth:    111123.30  Turnover: 0.2419  Gross: 1.2001  Gate: 0.4002
Episode 78  Reward:   0.084318  Wealth:    119044.85  Turnover: 0.1965  Gross: 1.2051  Gate: 0.4101
Episode 79  Reward:   0.197295  Wealth:    137651.04  Turnover: 0.2839  Gross: 1.2133  Gate: 0.4267
Episode 80  Reward:  -0.122772  Wealth:     95424.67  Turnover: 0.2169  Gross: 1.2167  Gate: 0.4334
Episode     80  AvgReward:   0.088687  Noise: 0.1281
Episode 81  Reward:   0.173928  Wealth:    133209.01  Turnover: 0.2576  Gross: 1.2226  Gate: 0.4452
Episode 82  Reward:   0.123095  Wealth:    125180.09  Turnover: 0.2712  Gross: 1.2256  Gate: 0.4511
Episode 83  Reward:   0.191728  Wealth:    136938.16  Turnover: 0.3036  Gross: 1.2338  Gate: 0.4676
Episode 84  Reward:   0.151468  Wealth:    130017.06  Turnover: 0.2746  Gross: 1.2382  Gate: 0.4764
Episode 85  Reward:   0.076069  Wealth:    118399.98  Turnover: 0.2812  Gross: 1.2424  Gate: 0.4848
Episode 86  Reward:   0.024906  Wealth:    111632.04  Turnover: 0.2816  Gross: 1.2491  Gate: 0.4982
Episode 87  Reward:   0.186260  Wealth:    136237.37  Turnover: 0.2951  Gross: 1.2588  Gate: 0.5177
Episode 88  Reward:   0.056212  Wealth:    115879.48  Turnover: 0.2761  Gross: 1.2597  Gate: 0.5193
Episode 89  Reward:   0.172451  Wealth:    134100.36  Turnover: 0.2316  Gross: 1.2667  Gate: 0.5334
Episode 90  Reward:   0.054373  Wealth:    115848.16  Turnover: 0.2804  Gross: 1.2641  Gate: 0.5281
Episode     90  AvgReward:   0.121049  Noise: 0.1255
Episode 91  Reward:   0.058807  Wealth:    116232.78  Turnover: 0.2937  Gross: 1.2845  Gate: 0.5691
Episode 92  Reward:   0.166109  Wealth:    132922.68  Turnover: 0.2872  Gross: 1.2916  Gate: 0.5832
Episode 93  Reward:   0.145517  Wealth:    129632.31  Turnover: 0.2776  Gross: 1.2952  Gate: 0.5904
Episode 94  Reward:   0.013327  Wealth:    110520.48  Turnover: 0.2920  Gross: 1.3002  Gate: 0.6004
Episode 95  Reward:   0.260640  Wealth:    152317.20  Turnover: 0.2848  Gross: 1.3069  Gate: 0.6138
Episode 96  Reward:   0.137640  Wealth:    128688.85  Turnover: 0.2365  Gross: 1.3035  Gate: 0.6071
Episode 97  Reward:   0.146496  Wealth:    129714.77  Turnover: 0.2669  Gross: 1.3120  Gate: 0.6241
Episode 98  Reward:   0.134387  Wealth:    128301.40  Turnover: 0.1965  Gross: 1.3108  Gate: 0.6217
Episode 99  Reward:   0.125143  Wealth:    126565.41  Turnover: 0.2525  Gross: 1.3221  Gate: 0.6442
Episode 100  Reward:   0.278986  Wealth:    157688.64  Turnover: 0.2184  Gross: 1.3228  Gate: 0.6456
Episode    100  AvgReward:   0.146705  Noise: 0.1230
Episode 101  Reward:  -0.129812  Wealth:     95961.41  Turnover: 0.2477  Gross: 1.3268  Gate: 0.6535
Episode 102  Reward:   0.026496  Wealth:    112686.13  Turnover: 0.2595  Gross: 1.3401  Gate: 0.6803
Episode 103  Reward:   0.137231  Wealth:    129041.77  Turnover: 0.3031  Gross: 1.3425  Gate: 0.6850
Episode 104  Reward:   0.084424  Wealth:    121010.96  Turnover: 0.3034  Gross: 1.3393  Gate: 0.6786
Episode 105  Reward:   0.226096  Wealth:    145978.82  Turnover: 0.3014  Gross: 1.3511  Gate: 0.7022
Episode 106  Reward:   0.111266  Wealth:    124865.40  Turnover: 0.2855  Gross: 1.3531  Gate: 0.7062
Episode 107  Reward:   0.144405  Wealth:    130270.67  Turnover: 0.2755  Gross: 1.3575  Gate: 0.7150
Episode 108  Reward:  -0.085034  Wealth:    100506.30  Turnover: 0.2747  Gross: 1.3692  Gate: 0.7384
Episode 109  Reward:   0.086137  Wealth:    121340.08  Turnover: 0.3220  Gross: 1.3599  Gate: 0.7197
Episode 110  Reward:   0.043499  Wealth:    115744.66  Turnover: 0.2477  Gross: 1.3711  Gate: 0.7422
Episode    110  AvgReward:   0.064471  Noise: 0.1206
Episode 111  Reward:   0.070752  Wealth:    118977.15  Turnover: 0.2771  Gross: 1.3756  Gate: 0.7513
Episode 112  Reward:   0.194437  Wealth:    140243.62  Turnover: 0.3051  Gross: 1.3809  Gate: 0.7617
Episode 113  Reward:  -0.242042  Wealth:     87003.18  Turnover: 0.3578  Gross: 1.3805  Gate: 0.7611
Episode 114  Reward:   0.191551  Wealth:    139650.21  Turnover: 0.3288  Gross: 1.3912  Gate: 0.7824
Episode 115  Reward:   0.116528  Wealth:    126517.78  Turnover: 0.3134  Gross: 1.3926  Gate: 0.7852
Episode 116  Reward:   0.131452  Wealth:    128880.17  Turnover: 0.2725  Gross: 1.3920  Gate: 0.7840
Episode 117  Reward:   0.125325  Wealth:    127720.93  Turnover: 0.3051  Gross: 1.3980  Gate: 0.7959
Episode 118  Reward:   0.144744  Wealth:    131126.95  Turnover: 0.2324  Gross: 1.4032  Gate: 0.8064
Episode 119  Reward:   0.126501  Wealth:    128282.27  Turnover: 0.3434  Gross: 1.3974  Gate: 0.7948
Episode 120  Reward:   0.126194  Wealth:    128292.81  Turnover: 0.2526  Gross: 1.4025  Gate: 0.8050
Episode    120  AvgReward:   0.098544  Noise: 0.1182
Episode 121  Reward:   0.079512  Wealth:    121335.59  Turnover: 0.2779  Gross: 1.3950  Gate: 0.7901
Episode 122  Reward:   0.073845  Wealth:    120519.42  Turnover: 0.2166  Gross: 1.4048  Gate: 0.8096
Episode 123  Reward:   0.046636  Wealth:    116553.45  Turnover: 0.3243  Gross: 1.4031  Gate: 0.8062
Episode 124  Reward:   0.286694  Wealth:    161989.38  Turnover: 0.3032  Gross: 1.4036  Gate: 0.8072
Episode 125  Reward:   0.019058  Wealth:    113342.57  Turnover: 0.1927  Gross: 1.3983  Gate: 0.7967
Episode 126  Reward:   0.027740  Wealth:    114179.45  Turnover: 0.2410  Gross: 1.4004  Gate: 0.8007
Episode 127  Reward:   0.138565  Wealth:    130706.37  Turnover: 0.2782  Gross: 1.4053  Gate: 0.8106
Episode 128  Reward:   0.232472  Wealth:    149246.33  Turnover: 0.3260  Gross: 1.3998  Gate: 0.7996
Episode 129  Reward:   0.126108  Wealth:    128650.63  Turnover: 0.3211  Gross: 1.4029  Gate: 0.8059
Episode 130  Reward:   0.101393  Wealth:    124440.20  Turnover: 0.1975  Gross: 1.4054  Gate: 0.8108
Episode    130  AvgReward:   0.113202  Noise: 0.1159
Episode 131  Reward:  -0.106444  Wealth:     99007.37  Turnover: 0.2652  Gross: 1.4050  Gate: 0.8101
Episode 132  Reward:   0.065768  Wealth:    119938.95  Turnover: 0.2670  Gross: 1.3943  Gate: 0.7886
Episode 133  Reward:   0.023720  Wealth:    113712.40  Turnover: 0.2453  Gross: 1.3996  Gate: 0.7992
Episode 134  Reward:  -0.508949  Wealth:     70838.13  Turnover: 0.2352  Gross: 1.4008  Gate: 0.8017
Episode 135  Reward:   0.156537  Wealth:    134209.45  Turnover: 0.2694  Gross: 1.4026  Gate: 0.8052
Episode 136  Reward:  -0.032262  Wealth:    106926.89  Turnover: 0.2241  Gross: 1.4047  Gate: 0.8094
Episode 137  Reward:  -0.031478  Wealth:    106971.87  Turnover: 0.2188  Gross: 1.3996  Gate: 0.7992
Episode 138  Reward:   0.148847  Wealth:    132562.49  Turnover: 0.2598  Gross: 1.3982  Gate: 0.7964
Episode 139  Reward:   0.136011  Wealth:    130203.48  Turnover: 0.1666  Gross: 1.3997  Gate: 0.7994
Episode 140  Reward:   0.276626  Wealth:    159434.33  Turnover: 0.2496  Gross: 1.4042  Gate: 0.8085
Episode    140  AvgReward:   0.012838  Noise: 0.1136
Episode 141  Reward:   0.118316  Wealth:    127789.45  Turnover: 0.2142  Gross: 1.3872  Gate: 0.7744
Episode 142  Reward:   0.005171  Wealth:    111233.00  Turnover: 0.3055  Gross: 1.3856  Gate: 0.7713
Episode 143  Reward:   0.151794  Wealth:    132591.42  Turnover: 0.2443  Gross: 1.3977  Gate: 0.7953
Episode 144  Reward:   0.165088  Wealth:    135293.15  Turnover: 0.2567  Gross: 1.3926  Gate: 0.7852
Episode 145  Reward:   0.236039  Wealth:    149508.17  Turnover: 0.2661  Gross: 1.3921  Gate: 0.7842
Episode 146  Reward:   0.093090  Wealth:    122902.17  Turnover: 0.2539  Gross: 1.3997  Gate: 0.7995
Episode 147  Reward:   0.015809  Wealth:    112422.19  Turnover: 0.2908  Gross: 1.4074  Gate: 0.8147
Episode 148  Reward:  -0.045482  Wealth:    105286.00  Turnover: 0.2395  Gross: 1.3916  Gate: 0.7832
Episode 149  Reward:   0.175100  Wealth:    135588.63  Turnover: 0.2214  Gross: 1.3968  Gate: 0.7936
Episode 150  Reward:   0.025418  Wealth:    113333.32  Turnover: 0.2720  Gross: 1.3899  Gate: 0.7799
Episode    150  AvgReward:   0.094034  Noise: 0.1113
Episode 151  Reward:   0.119324  Wealth:    126782.40  Turnover: 0.2278  Gross: 1.3782  Gate: 0.7564
Episode 152  Reward:   0.023169  Wealth:    112563.93  Turnover: 0.3098  Gross: 1.3954  Gate: 0.7908
Episode 153  Reward:   0.121570  Wealth:    125825.64  Turnover: 0.2661  Gross: 1.3976  Gate: 0.7951
Episode 154  Reward:   0.244226  Wealth:    149723.47  Turnover: 0.2984  Gross: 1.3732  Gate: 0.7464
Episode 155  Reward:   0.070947  Wealth:    118637.42  Turnover: 0.2144  Gross: 1.3961  Gate: 0.7923
Episode 156  Reward:  -0.151452  Wealth:     93619.94  Turnover: 0.3206  Gross: 1.4103  Gate: 0.8206
Episode 157  Reward:  -0.206596  Wealth:     89077.56  Turnover: 0.2989  Gross: 1.4025  Gate: 0.8051
Episode 158  Reward:   0.036824  Wealth:    113645.49  Turnover: 0.2777  Gross: 1.3983  Gate: 0.7965
Episode 159  Reward:  -0.039617  Wealth:    104957.78  Turnover: 0.2996  Gross: 1.3911  Gate: 0.7822
Episode 160  Reward:   0.222816  Wealth:    143665.05  Turnover: 0.1843  Gross: 1.3970  Gate: 0.7941
Episode    160  AvgReward:   0.044121  Noise: 0.1091
Episode 161  Reward:   0.293815  Wealth:    160267.90  Turnover: 0.3527  Gross: 1.3722  Gate: 0.7444
Episode 162  Reward:   0.152307  Wealth:    130806.56  Turnover: 0.3139  Gross: 1.3982  Gate: 0.7964
Episode 163  Reward:   0.035502  Wealth:    113648.02  Turnover: 0.2457  Gross: 1.4026  Gate: 0.8053
Episode 164  Reward:   0.234272  Wealth:    146400.03  Turnover: 0.2711  Gross: 1.3849  Gate: 0.7699
Episode 165  Reward:   0.083618  Wealth:    119708.68  Turnover: 0.3790  Gross: 1.4094  Gate: 0.8189
Episode 166  Reward:   0.072515  Wealth:    118468.73  Turnover: 0.2450  Gross: 1.3925  Gate: 0.7850
Episode 167  Reward:   0.056593  Wealth:    115415.07  Turnover: 0.2407  Gross: 1.3976  Gate: 0.7952
Episode 168  Reward:   0.107302  Wealth:    123027.43  Turnover: 0.3090  Gross: 1.3924  Gate: 0.7849
Episode 169  Reward:   0.165911  Wealth:    133070.67  Turnover: 0.2507  Gross: 1.3899  Gate: 0.7797
Episode 170  Reward:  -0.028807  Wealth:    105430.63  Turnover: 0.3626  Gross: 1.4011  Gate: 0.8022
Episode    170  AvgReward:   0.117303  Noise: 0.1069
Episode 171  Reward:   0.157103  Wealth:    131430.26  Turnover: 0.2893  Gross: 1.3623  Gate: 0.7245
Episode 172  Reward:   0.143054  Wealth:    128392.39  Turnover: 0.2870  Gross: 1.4061  Gate: 0.8122
Episode 173  Reward:   0.218450  Wealth:    142724.23  Turnover: 0.3047  Gross: 1.3755  Gate: 0.7510
Episode 174  Reward:   0.289712  Wealth:    158297.32  Turnover: 0.2391  Gross: 1.3737  Gate: 0.7474
Episode 175  Reward:  -0.075415  Wealth:    100851.83  Turnover: 0.2997  Gross: 1.3873  Gate: 0.7747
Episode 176  Reward:   0.000830  Wealth:    108694.83  Turnover: 0.2991  Gross: 1.4022  Gate: 0.8045
Episode 177  Reward:   0.109595  Wealth:    123130.66  Turnover: 0.4065  Gross: 1.4005  Gate: 0.8009
Episode 178  Reward:   0.310208  Wealth:    162811.78  Turnover: 0.3288  Gross: 1.3844  Gate: 0.7687
Episode 179  Reward:   0.162309  Wealth:    131524.21  Turnover: 0.2969  Gross: 1.3927  Gate: 0.7854
Episode 180  Reward:   0.214565  Wealth:    141030.86  Turnover: 0.3807  Gross: 1.3862  Gate: 0.7724
Episode    180  AvgReward:   0.153041  Noise: 0.1048
Episode 181  Reward:   0.157298  Wealth:    130231.46  Turnover: 0.3806  Gross: 1.3929  Gate: 0.7858
Episode 182  Reward:   0.097085  Wealth:    121265.17  Turnover: 0.3942  Gross: 1.3982  Gate: 0.7964
Episode 183  Reward:  -0.173921  Wealth:     91164.92  Turnover: 0.3964  Gross: 1.3985  Gate: 0.7971
Episode 184  Reward:   0.070827  Wealth:    117046.22  Turnover: 0.3024  Gross: 1.3931  Gate: 0.7861
Episode 185  Reward:   0.103232  Wealth:    121735.51  Turnover: 0.3281  Gross: 1.4009  Gate: 0.8017
Episode 186  Reward:   0.035452  Wealth:    112293.92  Turnover: 0.3155  Gross: 1.3877  Gate: 0.7754
Episode 187  Reward:   0.136802  Wealth:    127177.16  Turnover: 0.2423  Gross: 1.3921  Gate: 0.7841
Episode 188  Reward:   0.069329  Wealth:    116874.56  Turnover: 0.3460  Gross: 1.3980  Gate: 0.7961
Episode 189  Reward:   0.293380  Wealth:    159113.76  Turnover: 0.3777  Gross: 1.3743  Gate: 0.7485
Episode 190  Reward:   0.160376  Wealth:    130926.55  Turnover: 0.3032  Gross: 1.3940  Gate: 0.7879
Episode    190  AvgReward:   0.094986  Noise: 0.1027
Episode 191  Reward:  -0.058885  Wealth:    102036.41  Turnover: 0.2533  Gross: 1.4042  Gate: 0.8084
Episode 192  Reward:   0.278245  Wealth:    154720.70  Turnover: 0.2136  Gross: 1.3954  Gate: 0.7907
Episode 193  Reward:   0.286320  Wealth:    155782.83  Turnover: 0.3695  Gross: 1.3916  Gate: 0.7833
Episode 194  Reward:   0.102699  Wealth:    121562.24  Turnover: 0.3654  Gross: 1.3880  Gate: 0.7759
Episode 195  Reward:   0.029359  Wealth:    111371.85  Turnover: 0.3946  Gross: 1.3989  Gate: 0.7979
Episode 196  Reward:   0.155606  Wealth:    129974.56  Turnover: 0.3660  Gross: 1.3935  Gate: 0.7870
Episode 197  Reward:   0.048181  Wealth:    113948.92  Turnover: 0.3290  Gross: 1.4064  Gate: 0.8128
Episode 198  Reward:   0.248775  Wealth:    147772.78  Turnover: 0.4184  Gross: 1.3973  Gate: 0.7946
Episode 199  Reward:   0.122343  Wealth:    124062.28  Turnover: 0.3821  Gross: 1.3986  Gate: 0.7971
Episode 200  Reward:   0.242413  Wealth:    145827.58  Turnover: 0.1766  Gross: 1.3818  Gate: 0.7636
Episode    200  AvgReward:   0.145506  Noise: 0.1007
Episode 201  Reward:   0.148395  Wealth:    128921.49  Turnover: 0.3438  Gross: 1.3799  Gate: 0.7597
Episode 202  Reward:   0.229797  Wealth:    142265.58  Turnover: 0.3514  Gross: 1.4010  Gate: 0.8020
Episode 203  Reward:   0.076050  Wealth:    116998.89  Turnover: 0.3453  Gross: 1.3971  Gate: 0.7942
Episode 204  Reward:  -0.261139  Wealth:     84229.26  Turnover: 0.3945  Gross: 1.3898  Gate: 0.7796
Episode 205  Reward:   0.094052  Wealth:    119771.19  Turnover: 0.2757  Gross: 1.3982  Gate: 0.7965
Episode 206  Reward:  -0.018541  Wealth:    105485.22  Turnover: 0.3237  Gross: 1.3558  Gate: 0.7117
Episode 207  Reward:   0.251631  Wealth:    147486.18  Turnover: 0.3422  Gross: 1.3879  Gate: 0.7758
Episode 208  Reward:  -0.041073  Wealth:    103034.64  Turnover: 0.2685  Gross: 1.3912  Gate: 0.7824
Episode 209  Reward:   0.171698  Wealth:    131618.41  Turnover: 0.3937  Gross: 1.3870  Gate: 0.7739
Episode 210  Reward:   0.149607  Wealth:    128036.73  Turnover: 0.3926  Gross: 1.3925  Gate: 0.7851
Episode    210  AvgReward:   0.080048  Noise: 0.0987
Episode 211  Reward:   0.133988  Wealth:    125396.92  Turnover: 0.3841  Gross: 1.3807  Gate: 0.7613
Episode 212  Reward:   0.108760  Wealth:    122062.97  Turnover: 0.4281  Gross: 1.3765  Gate: 0.7529
Episode 213  Reward:   0.079026  Wealth:    117271.70  Turnover: 0.2559  Gross: 1.3985  Gate: 0.7970
Episode 214  Reward:   0.070156  Wealth:    116735.76  Turnover: 0.4525  Gross: 1.3759  Gate: 0.7517
Episode 215  Reward:   0.195816  Wealth:    136167.67  Turnover: 0.4344  Gross: 1.3772  Gate: 0.7545
Episode 216  Reward:   0.234054  Wealth:    144125.45  Turnover: 0.3278  Gross: 1.3625  Gate: 0.7250
Episode 217  Reward:   0.149600  Wealth:    128641.78  Turnover: 0.3818  Gross: 1.3845  Gate: 0.7689
Episode 218  Reward:   0.096937  Wealth:    119705.51  Turnover: 0.3737  Gross: 1.3980  Gate: 0.7960
Episode 219  Reward:   0.078094  Wealth:    117299.54  Turnover: 0.4304  Gross: 1.3906  Gate: 0.7812
Episode 220  Reward:   0.120802  Wealth:    123664.66  Turnover: 0.3975  Gross: 1.3987  Gate: 0.7973
Episode    220  AvgReward:   0.126723  Noise: 0.0968
Episode 221  Reward:   0.084049  Wealth:    119128.61  Turnover: 0.3492  Gross: 1.3930  Gate: 0.7861
Episode 222  Reward:   0.057095  Wealth:    114136.10  Turnover: 0.4802  Gross: 1.3905  Gate: 0.7811
Episode 223  Reward:   0.161950  Wealth:    131470.62  Turnover: 0.3786  Gross: 1.3603  Gate: 0.7206
Episode 224  Reward:   0.130530  Wealth:    124625.13  Turnover: 0.3770  Gross: 1.3655  Gate: 0.7310
Episode 225  Reward:   0.093912  Wealth:    120585.48  Turnover: 0.3527  Gross: 1.3851  Gate: 0.7701
Episode 226  Reward:   0.103711  Wealth:    121455.78  Turnover: 0.4822  Gross: 1.3835  Gate: 0.7670
Episode 227  Reward:   0.089228  Wealth:    119104.52  Turnover: 0.4583  Gross: 1.3719  Gate: 0.7439
Episode 228  Reward:   0.004366  Wealth:    107897.83  Turnover: 0.5363  Gross: 1.3975  Gate: 0.7950
Episode 229  Reward:   0.008554  Wealth:    108593.44  Turnover: 0.4524  Gross: 1.3802  Gate: 0.7604
Episode 230  Reward:   0.159323  Wealth:    131151.67  Turnover: 0.5242  Gross: 1.3569  Gate: 0.7138
Episode    230  AvgReward:   0.089272  Noise: 0.0948
Episode 231  Reward:   0.016153  Wealth:    109474.66  Turnover: 0.5139  Gross: 1.3906  Gate: 0.7812
Episode 232  Reward:   0.076393  Wealth:    117860.75  Turnover: 0.4183  Gross: 1.3711  Gate: 0.7422
Episode 233  Reward:  -0.029587  Wealth:    105874.32  Turnover: 0.3669  Gross: 1.3713  Gate: 0.7427
Episode 234  Reward:   0.027252  Wealth:    112646.07  Turnover: 0.2240  Gross: 1.3872  Gate: 0.7744
Episode 235  Reward:   0.261684  Wealth:    152421.35  Turnover: 0.5419  Gross: 1.3808  Gate: 0.7617
Episode 236  Reward:   0.080592  Wealth:    117933.52  Turnover: 0.5455  Gross: 1.3895  Gate: 0.7789
Episode 237  Reward:  -0.329283  Wealth:     80200.93  Turnover: 0.3503  Gross: 1.3958  Gate: 0.7916
Episode 238  Reward:   0.001146  Wealth:    109462.27  Turnover: 0.3477  Gross: 1.3935  Gate: 0.7871
Episode 239  Reward:   0.088283  Wealth:    120949.74  Turnover: 0.3910  Gross: 1.3825  Gate: 0.7650
Episode 240  Reward:   0.132392  Wealth:    126494.03  Turnover: 0.4409  Gross: 1.4123  Gate: 0.8246
Episode    240  AvgReward:   0.032503  Noise: 0.0930
Episode 241  Reward:   0.190266  Wealth:    135603.80  Turnover: 0.4437  Gross: 1.3608  Gate: 0.7217
Episode 242  Reward:   0.197799  Wealth:    139665.61  Turnover: 0.6555  Gross: 1.3874  Gate: 0.7748
Episode 243  Reward:   0.404950  Wealth:    191875.22  Turnover: 0.5506  Gross: 1.3890  Gate: 0.7781
Episode 244  Reward:   0.057681  Wealth:    116524.25  Turnover: 0.6766  Gross: 1.3660  Gate: 0.7320
Episode 245  Reward:   0.095389  Wealth:    126145.19  Turnover: 0.2515  Gross: 1.3690  Gate: 0.7380
Episode 246  Reward:   0.320661  Wealth:    168560.52  Turnover: 0.5267  Gross: 1.3901  Gate: 0.7802
Episode 247  Reward:   0.026774  Wealth:    110969.28  Turnover: 0.5966  Gross: 1.3466  Gate: 0.6931
Episode 248  Reward:   0.262757  Wealth:    151403.32  Turnover: 0.5129  Gross: 1.3786  Gate: 0.7572
Episode 249  Reward:   0.130111  Wealth:    127652.62  Turnover: 0.4634  Gross: 1.4055  Gate: 0.8110
Episode 250  Reward:   0.029624  Wealth:    111782.01  Turnover: 0.4240  Gross: 1.3976  Gate: 0.7952
Episode    250  AvgReward:   0.171601  Noise: 0.0911
Episode 251  Reward:   0.004843  Wealth:    112426.64  Turnover: 0.3609  Gross: 1.3634  Gate: 0.7269
Episode 252  Reward:   0.099772  Wealth:    121877.58  Turnover: 0.4498  Gross: 1.3920  Gate: 0.7840
Episode 253  Reward:   0.193709  Wealth:    140304.27  Turnover: 0.4838  Gross: 1.3745  Gate: 0.7489
Episode 254  Reward:   0.081810  Wealth:    121509.29  Turnover: 0.4266  Gross: 1.3960  Gate: 0.7921
Episode 255  Reward:  -0.193599  Wealth:     91472.55  Turnover: 0.3937  Gross: 1.4033  Gate: 0.8067
Episode 256  Reward:   0.055009  Wealth:    116159.07  Turnover: 0.5153  Gross: 1.4050  Gate: 0.8099
Episode 257  Reward:   0.059425  Wealth:    116405.33  Turnover: 0.6049  Gross: 1.3838  Gate: 0.7676
Episode 258  Reward:  -0.034250  Wealth:    105784.84  Turnover: 0.4892  Gross: 1.3911  Gate: 0.7823
Episode 259  Reward:   0.018486  Wealth:    114203.68  Turnover: 0.5468  Gross: 1.3812  Gate: 0.7625
Episode 260  Reward:   0.173925  Wealth:    133390.13  Turnover: 0.4915  Gross: 1.3852  Gate: 0.7703
Episode    260  AvgReward:   0.045913  Noise: 0.0893
Episode 261  Reward:  -0.028739  Wealth:    106253.47  Turnover: 0.3996  Gross: 1.3837  Gate: 0.7673
Episode 262  Reward:   0.104552  Wealth:    125652.03  Turnover: 0.6406  Gross: 1.3977  Gate: 0.7954
Episode 263  Reward:   0.079707  Wealth:    118925.06  Turnover: 0.5864  Gross: 1.3664  Gate: 0.7328
Episode 264  Reward:  -0.169573  Wealth:     91317.61  Turnover: 0.4540  Gross: 1.3732  Gate: 0.7465
Episode 265  Reward:  -0.120834  Wealth:     97434.28  Turnover: 0.4253  Gross: 1.3942  Gate: 0.7885
Episode 266  Reward:   0.107510  Wealth:    126703.66  Turnover: 0.6370  Gross: 1.3896  Gate: 0.7792
Episode 267  Reward:  -0.115401  Wealth:     97498.72  Turnover: 0.5134  Gross: 1.3825  Gate: 0.7650
Episode 268  Reward:   0.059482  Wealth:    118827.07  Turnover: 0.5204  Gross: 1.3974  Gate: 0.7949
Episode 269  Reward:  -0.116558  Wealth:     97376.68  Turnover: 0.6449  Gross: 1.3648  Gate: 0.7297
Episode 270  Reward:   0.109378  Wealth:    123380.25  Turnover: 0.5388  Gross: 1.3843  Gate: 0.7685
Episode    270  AvgReward:  -0.009048  Noise: 0.0875
Episode 271  Reward:   0.136817  Wealth:    128874.30  Turnover: 0.4482  Gross: 1.4167  Gate: 0.8334
Episode 272  Reward:   0.008598  Wealth:    111228.77  Turnover: 0.6673  Gross: 1.4066  Gate: 0.8133
Episode 273  Reward:   0.180700  Wealth:    136084.91  Turnover: 0.5667  Gross: 1.3989  Gate: 0.7978
Episode 274  Reward:   0.184612  Wealth:    137383.05  Turnover: 0.4690  Gross: 1.4124  Gate: 0.8248
Episode 275  Reward:  -0.114637  Wealth:     97434.49  Turnover: 0.4695  Gross: 1.3878  Gate: 0.7756
Episode 276  Reward:   0.088917  Wealth:    120312.22  Turnover: 0.5214  Gross: 1.3847  Gate: 0.7694
Episode 277  Reward:   0.232182  Wealth:    146006.22  Turnover: 0.4866  Gross: 1.3827  Gate: 0.7654
Episode 278  Reward:   0.198398  Wealth:    140142.36  Turnover: 0.5704  Gross: 1.3837  Gate: 0.7673
Episode 279  Reward:   0.021592  Wealth:    110408.08  Turnover: 0.6637  Gross: 1.3572  Gate: 0.7143
Episode 280  Reward:   0.076077  Wealth:    117757.41  Turnover: 0.4846  Gross: 1.3664  Gate: 0.7328
Episode    280  AvgReward:   0.101326  Noise: 0.0858
Episode 281  Reward:   0.189484  Wealth:    136514.90  Turnover: 0.4269  Gross: 1.3806  Gate: 0.7613
Episode 282  Reward:   0.133024  Wealth:    127336.43  Turnover: 0.6872  Gross: 1.4033  Gate: 0.8066
Episode 283  Reward:   0.109486  Wealth:    126764.29  Turnover: 0.3410  Gross: 1.3881  Gate: 0.7761
Episode 284  Reward:  -0.243368  Wealth:     87728.51  Turnover: 0.4560  Gross: 1.3872  Gate: 0.7744
Episode 285  Reward:   0.054456  Wealth:    116073.87  Turnover: 0.4665  Gross: 1.4011  Gate: 0.8023
Episode 286  Reward:   0.178790  Wealth:    135791.35  Turnover: 0.6210  Gross: 1.3905  Gate: 0.7810
Episode 287  Reward:   0.177510  Wealth:    135496.33  Turnover: 0.3431  Gross: 1.4009  Gate: 0.8017
Episode 288  Reward:   0.173339  Wealth:    135005.43  Turnover: 0.7458  Gross: 1.3790  Gate: 0.7581
Episode 289  Reward:   0.231720  Wealth:    144940.37  Turnover: 0.3797  Gross: 1.3945  Gate: 0.7889
Episode 290  Reward:   0.044194  Wealth:    114197.66  Turnover: 0.4169  Gross: 1.3872  Gate: 0.7745
Episode    290  AvgReward:   0.104864  Noise: 0.0841
Episode 291  Reward:   0.045069  Wealth:    114986.78  Turnover: 0.4646  Gross: 1.3968  Gate: 0.7937
Episode 292  Reward:  -0.171231  Wealth:     92893.53  Turnover: 0.3957  Gross: 1.4051  Gate: 0.8102
Episode 293  Reward:  -0.070135  Wealth:    102314.22  Turnover: 0.4274  Gross: 1.3882  Gate: 0.7765
Episode 294  Reward:   0.181498  Wealth:    137066.05  Turnover: 0.3868  Gross: 1.3865  Gate: 0.7730
Episode 295  Reward:   0.341483  Wealth:    179444.71  Turnover: 0.4115  Gross: 1.3716  Gate: 0.7433
Episode 296  Reward:   0.051339  Wealth:    113882.25  Turnover: 0.3166  Gross: 1.3453  Gate: 0.6905
Episode 297  Reward:   0.175243  Wealth:    133964.82  Turnover: 0.4014  Gross: 1.3935  Gate: 0.7869
Episode 298  Reward:   0.284680  Wealth:    162557.74  Turnover: 0.5363  Gross: 1.3910  Gate: 0.7819
Episode 299  Reward:   0.089298  Wealth:    120673.97  Turnover: 0.5840  Gross: 1.4058  Gate: 0.8116
Episode 300  Reward:   0.042218  Wealth:    117917.38  Turnover: 0.3833  Gross: 1.3710  Gate: 0.7420
Episode    300  AvgReward:   0.096946  Noise: 0.0824
Episode 301  Reward:  -0.039428  Wealth:    105054.42  Turnover: 0.3688  Gross: 1.3962  Gate: 0.7924
Episode 302  Reward:   0.276360  Wealth:    154471.40  Turnover: 0.3775  Gross: 1.3841  Gate: 0.7682
Episode 303  Reward:   0.235185  Wealth:    145968.78  Turnover: 0.4601  Gross: 1.3895  Gate: 0.7791
Episode 304  Reward:   0.093318  Wealth:    120908.01  Turnover: 0.4831  Gross: 1.4036  Gate: 0.8072
Episode 305  Reward:   0.130761  Wealth:    126129.98  Turnover: 0.3932  Gross: 1.3934  Gate: 0.7867
Episode 306  Reward:  -0.074096  Wealth:    102424.22  Turnover: 0.4923  Gross: 1.3999  Gate: 0.7998
Episode 307  Reward:  -0.010495  Wealth:    108992.44  Turnover: 0.3018  Gross: 1.3911  Gate: 0.7822
Episode 308  Reward:  -0.114429  Wealth:     98148.33  Turnover: 0.4579  Gross: 1.4028  Gate: 0.8056
Episode 309  Reward:   0.233034  Wealth:    145242.64  Turnover: 0.6379  Gross: 1.3916  Gate: 0.7832
Episode 310  Reward:  -0.099766  Wealth:     98428.70  Turnover: 0.4184  Gross: 1.3993  Gate: 0.7987
Episode    310  AvgReward:   0.063045  Noise: 0.0808
Episode 311  Reward:   0.196635  Wealth:    137759.76  Turnover: 0.6003  Gross: 1.4076  Gate: 0.8152
Episode 312  Reward:  -0.094003  Wealth:     99541.82  Turnover: 0.4999  Gross: 1.4006  Gate: 0.8011
Episode 313  Reward:   0.239841  Wealth:    149109.69  Turnover: 0.4486  Gross: 1.4089  Gate: 0.8179
Episode 314  Reward:   0.078808  Wealth:    122412.30  Turnover: 0.3364  Gross: 1.3778  Gate: 0.7555
Episode 315  Reward:  -0.022790  Wealth:    107673.40  Turnover: 0.4652  Gross: 1.3943  Gate: 0.7887
Episode 316  Reward:   0.061691  Wealth:    118342.34  Turnover: 0.5520  Gross: 1.4026  Gate: 0.8052
Episode 317  Reward:   0.209862  Wealth:    140733.29  Turnover: 0.4685  Gross: 1.3926  Gate: 0.7852
Episode 318  Reward:   0.079806  Wealth:    118540.03  Turnover: 0.5592  Gross: 1.3926  Gate: 0.7853
Episode 319  Reward:   0.021316  Wealth:    113088.23  Turnover: 0.4852  Gross: 1.3953  Gate: 0.7906
Episode 320  Reward:  -0.104705  Wealth:     97187.93  Turnover: 0.4669  Gross: 1.3962  Gate: 0.7924
Episode    320  AvgReward:   0.066646  Noise: 0.0792
Episode 321  Reward:   0.287417  Wealth:    160334.65  Turnover: 0.4841  Gross: 1.4103  Gate: 0.8206
Episode 322  Reward:  -0.108806  Wealth:     99326.11  Turnover: 0.4753  Gross: 1.3946  Gate: 0.7892
Episode 323  Reward:  -0.091567  Wealth:    100357.14  Turnover: 0.3895  Gross: 1.4044  Gate: 0.8088
Episode 324  Reward:   0.019595  Wealth:    109800.09  Turnover: 0.4752  Gross: 1.3856  Gate: 0.7711
Episode 325  Reward:   0.281994  Wealth:    155093.92  Turnover: 0.4043  Gross: 1.3915  Gate: 0.7830
Episode 326  Reward:   0.139064  Wealth:    128041.45  Turnover: 0.5457  Gross: 1.3980  Gate: 0.7959
Episode 327  Reward:   0.112104  Wealth:    122221.25  Turnover: 0.3209  Gross: 1.3942  Gate: 0.7883
Episode 328  Reward:   0.238710  Wealth:    145932.31  Turnover: 0.7380  Gross: 1.4134  Gate: 0.8269
Episode 329  Reward:   0.081962  Wealth:    117740.46  Turnover: 0.3976  Gross: 1.3903  Gate: 0.7806
Episode 330  Reward:   0.277947  Wealth:    156386.44  Turnover: 0.6283  Gross: 1.4067  Gate: 0.8135
Episode    330  AvgReward:   0.123842  Noise: 0.0776
Episode 331  Reward:   0.109204  Wealth:    126217.01  Turnover: 0.2531  Gross: 1.3900  Gate: 0.7799
Episode 332  Reward:  -0.032263  Wealth:    106478.45  Turnover: 0.5407  Gross: 1.3956  Gate: 0.7912
Episode 333  Reward:   0.062412  Wealth:    119293.94  Turnover: 0.6072  Gross: 1.4080  Gate: 0.8160
Episode 334  Reward:   0.075181  Wealth:    119297.10  Turnover: 0.5307  Gross: 1.3855  Gate: 0.7710
Episode 335  Reward:  -0.015837  Wealth:    107883.31  Turnover: 0.4608  Gross: 1.3932  Gate: 0.7865
Episode 336  Reward:  -0.018079  Wealth:    108313.28  Turnover: 0.3830  Gross: 1.3816  Gate: 0.7633
Episode 337  Reward:   0.067992  Wealth:    118714.99  Turnover: 0.5781  Gross: 1.4073  Gate: 0.8147
Episode 338  Reward:   0.255531  Wealth:    149876.30  Turnover: 0.4234  Gross: 1.4020  Gate: 0.8040
Episode 339  Reward:   0.443236  Wealth:    209508.88  Turnover: 0.4671  Gross: 1.3902  Gate: 0.7805
Episode 340  Reward:   0.102934  Wealth:    122650.13  Turnover: 0.5499  Gross: 1.3927  Gate: 0.7853
Episode    340  AvgReward:   0.105031  Noise: 0.0761
Episode 341  Reward:   0.096526  Wealth:    122941.07  Turnover: 0.4182  Gross: 1.4070  Gate: 0.8140
Episode 342  Reward:   0.040147  Wealth:    113644.11  Turnover: 0.4128  Gross: 1.3972  Gate: 0.7944
Episode 343  Reward:   0.060868  Wealth:    116378.96  Turnover: 0.4063  Gross: 1.3988  Gate: 0.7976
Episode 344  Reward:  -0.111402  Wealth:     96510.10  Turnover: 0.5066  Gross: 1.3775  Gate: 0.7549
Episode 345  Reward:   0.043028  Wealth:    114904.87  Turnover: 0.4793  Gross: 1.4133  Gate: 0.8265
Episode 346  Reward:   0.043385  Wealth:    113335.25  Turnover: 0.2355  Gross: 1.3780  Gate: 0.7560
Episode 347  Reward:   0.128524  Wealth:    126016.75  Turnover: 0.3687  Gross: 1.4110  Gate: 0.8220
Episode 348  Reward:   0.104583  Wealth:    121999.62  Turnover: 0.3566  Gross: 1.3922  Gate: 0.7844
Episode 349  Reward:   0.278292  Wealth:    154834.24  Turnover: 0.4055  Gross: 1.3930  Gate: 0.7861
Episode 350  Reward:   0.046516  Wealth:    117902.85  Turnover: 0.5204  Gross: 1.3851  Gate: 0.7701
Episode    350  AvgReward:   0.073047  Noise: 0.0746
Episode 351  Reward:   0.140616  Wealth:    128613.25  Turnover: 0.5023  Gross: 1.3901  Gate: 0.7802
Episode 352  Reward:  -0.128039  Wealth:     96264.45  Turnover: 0.5295  Gross: 1.3922  Gate: 0.7843
Episode 353  Reward:   0.266633  Wealth:    151735.84  Turnover: 0.3339  Gross: 1.3997  Gate: 0.7994
Episode 354  Reward:  -0.180830  Wealth:     90387.21  Turnover: 0.3187  Gross: 1.3833  Gate: 0.7666
Episode 355  Reward:   0.188481  Wealth:    135166.52  Turnover: 0.4476  Gross: 1.4043  Gate: 0.8086
Episode 356  Reward:   0.343993  Wealth:    180705.85  Turnover: 0.3617  Gross: 1.3861  Gate: 0.7722
Episode 357  Reward:  -0.310732  Wealth:     81522.09  Turnover: 0.4357  Gross: 1.3934  Gate: 0.7868
Episode 358  Reward:   0.017246  Wealth:    110198.84  Turnover: 0.5809  Gross: 1.3866  Gate: 0.7733
Episode 359  Reward:   0.010379  Wealth:    109110.57  Turnover: 0.4223  Gross: 1.4045  Gate: 0.8091
Episode 360  Reward:   0.109086  Wealth:    121950.78  Turnover: 0.4360  Gross: 1.3983  Gate: 0.7965
Episode    360  AvgReward:   0.045683  Noise: 0.0731
Episode 361  Reward:   0.301717  Wealth:    163754.75  Turnover: 0.6224  Gross: 1.4015  Gate: 0.8030
Episode 362  Reward:   0.211643  Wealth:    141911.12  Turnover: 0.3005  Gross: 1.3876  Gate: 0.7752
Episode 363  Reward:   0.142704  Wealth:    128351.50  Turnover: 0.5553  Gross: 1.4010  Gate: 0.8021
Episode 364  Reward:   0.087813  Wealth:    118699.61  Turnover: 0.3965  Gross: 1.3916  Gate: 0.7833
Episode 365  Reward:   0.087996  Wealth:    121271.68  Turnover: 0.3336  Gross: 1.3937  Gate: 0.7875
Episode 366  Reward:   0.073741  Wealth:    117955.90  Turnover: 0.4419  Gross: 1.3924  Gate: 0.7848
Episode 367  Reward:  -0.003650  Wealth:    109352.22  Turnover: 0.3201  Gross: 1.3959  Gate: 0.7918
Episode 368  Reward:  -0.139195  Wealth:     93057.73  Turnover: 0.2988  Gross: 1.3854  Gate: 0.7709
Episode 369  Reward:   0.412150  Wealth:    197761.38  Turnover: 0.4177  Gross: 1.4037  Gate: 0.8074
Episode 370  Reward:   0.200173  Wealth:    137193.02  Turnover: 0.2670  Gross: 1.3898  Gate: 0.7797
Episode    370  AvgReward:   0.137509  Noise: 0.0717
Episode 371  Reward:   0.292608  Wealth:    156159.50  Turnover: 0.5064  Gross: 1.3826  Gate: 0.7652
Episode 372  Reward:   0.251392  Wealth:    150348.38  Turnover: 0.4027  Gross: 1.3896  Gate: 0.7791
Episode 373  Reward:   0.128316  Wealth:    126977.37  Turnover: 0.2579  Gross: 1.3950  Gate: 0.7900
Episode 374  Reward:   0.093502  Wealth:    121027.89  Turnover: 0.6254  Gross: 1.3983  Gate: 0.7967
Episode 375  Reward:   0.230006  Wealth:    146446.53  Turnover: 0.4413  Gross: 1.4063  Gate: 0.8127
Episode 376  Reward:   0.040838  Wealth:    115792.45  Turnover: 0.5223  Gross: 1.3925  Gate: 0.7850
Episode 377  Reward:  -0.010447  Wealth:    106908.19  Turnover: 0.3834  Gross: 1.3979  Gate: 0.7958
Episode 378  Reward:   0.221113  Wealth:    141060.05  Turnover: 0.3944  Gross: 1.3915  Gate: 0.7829
Episode 379  Reward:   0.154984  Wealth:    131315.02  Turnover: 0.4950  Gross: 1.3987  Gate: 0.7974
Episode 380  Reward:   0.188428  Wealth:    135547.11  Turnover: 0.2851  Gross: 1.3883  Gate: 0.7766
Episode    380  AvgReward:   0.159074  Noise: 0.0702
Episode 381  Reward:  -0.039446  Wealth:    104482.29  Turnover: 0.3119  Gross: 1.4100  Gate: 0.8200
Episode 382  Reward:  -0.135924  Wealth:     95598.80  Turnover: 0.4389  Gross: 1.3991  Gate: 0.7982
Episode 383  Reward:   0.100055  Wealth:    121076.74  Turnover: 0.5335  Gross: 1.3946  Gate: 0.7892
Episode 384  Reward:   0.171191  Wealth:    141530.42  Turnover: 0.3103  Gross: 1.3971  Gate: 0.7942
Episode 385  Reward:   0.169799  Wealth:    138565.58  Turnover: 0.4365  Gross: 1.3894  Gate: 0.7789
Episode 386  Reward:  -0.112329  Wealth:     99390.26  Turnover: 0.4817  Gross: 1.4094  Gate: 0.8187
Episode 387  Reward:   0.221411  Wealth:    145979.91  Turnover: 0.5575  Gross: 1.3916  Gate: 0.7833
Episode 388  Reward:   0.110444  Wealth:    126241.85  Turnover: 0.4735  Gross: 1.3805  Gate: 0.7610
Episode 389  Reward:  -0.019660  Wealth:    107104.08  Turnover: 0.4840  Gross: 1.3761  Gate: 0.7521
Episode 390  Reward:   0.363710  Wealth:    180935.24  Turnover: 0.4870  Gross: 1.3920  Gate: 0.7840
Episode    390  AvgReward:   0.082925  Noise: 0.0688
Episode 391  Reward:   0.032436  Wealth:    112948.92  Turnover: 0.6194  Gross: 1.4070  Gate: 0.8140
Episode 392  Reward:   0.330869  Wealth:    176633.28  Turnover: 0.5965  Gross: 1.4014  Gate: 0.8028
Episode 393  Reward:   0.206960  Wealth:    144313.99  Turnover: 0.5782  Gross: 1.4049  Gate: 0.8097
Episode 394  Reward:  -0.565950  Wealth:     67639.91  Turnover: 0.4933  Gross: 1.3863  Gate: 0.7725
Episode 395  Reward:  -0.009346  Wealth:    109565.61  Turnover: 0.5733  Gross: 1.4091  Gate: 0.8183
Episode 396  Reward:   0.106593  Wealth:    123015.03  Turnover: 0.5412  Gross: 1.3921  Gate: 0.7843
Episode 397  Reward:   0.040381  Wealth:    115843.74  Turnover: 0.4282  Gross: 1.3958  Gate: 0.7916
Episode 398  Reward:   0.153789  Wealth:    130539.03  Turnover: 0.4796  Gross: 1.3925  Gate: 0.7851
Episode 399  Reward:   0.179271  Wealth:    135762.94  Turnover: 0.4177  Gross: 1.4014  Gate: 0.8028
Episode 400  Reward:   0.086848  Wealth:    120177.24  Turnover: 0.4704  Gross: 1.3954  Gate: 0.7908
Episode    400  AvgReward:   0.056185  Noise: 0.0675
Episode 401  Reward:   0.026941  Wealth:    116441.22  Turnover: 0.4381  Gross: 1.3994  Gate: 0.7988
Episode 402  Reward:  -0.002870  Wealth:    108778.27  Turnover: 0.3980  Gross: 1.3967  Gate: 0.7935
Episode 403  Reward:   0.229632  Wealth:    144686.45  Turnover: 0.4133  Gross: 1.3978  Gate: 0.7956
Episode 404  Reward:  -0.125216  Wealth:     95227.48  Turnover: 0.4698  Gross: 1.3482  Gate: 0.6965
Episode 405  Reward:  -0.077730  Wealth:    100855.80  Turnover: 0.7083  Gross: 1.3879  Gate: 0.7757
Episode 406  Reward:   0.145052  Wealth:    128310.04  Turnover: 0.7055  Gross: 1.4029  Gate: 0.8058
Episode 407  Reward:   0.112250  Wealth:    125845.73  Turnover: 0.3813  Gross: 1.3843  Gate: 0.7686
Episode 408  Reward:   0.045474  Wealth:    118495.84  Turnover: 0.2887  Gross: 1.4039  Gate: 0.8077
Episode 409  Reward:  -0.259216  Wealth:     86739.63  Turnover: 0.3659  Gross: 1.4069  Gate: 0.8138
Episode 410  Reward:  -0.057183  Wealth:    103281.44  Turnover: 0.4956  Gross: 1.3849  Gate: 0.7698
Episode    410  AvgReward:   0.003713  Noise: 0.0661
Episode 411  Reward:   0.126390  Wealth:    125303.93  Turnover: 0.5160  Gross: 1.4005  Gate: 0.8010
Episode 412  Reward:   0.297856  Wealth:    165950.59  Turnover: 0.6837  Gross: 1.4051  Gate: 0.8101
Episode 413  Reward:   0.156832  Wealth:    133528.53  Turnover: 0.3889  Gross: 1.3785  Gate: 0.7569
Episode 414  Reward:   0.288058  Wealth:    159086.00  Turnover: 0.3158  Gross: 1.4100  Gate: 0.8201
Episode 415  Reward:   0.220708  Wealth:    149235.45  Turnover: 0.4469  Gross: 1.4019  Gate: 0.8039
Episode 416  Reward:   0.291587  Wealth:    161285.88  Turnover: 0.2952  Gross: 1.3948  Gate: 0.7895
Episode 417  Reward:   0.235395  Wealth:    145337.46  Turnover: 0.3865  Gross: 1.4005  Gate: 0.8010
Episode 418  Reward:  -0.074337  Wealth:    101865.68  Turnover: 0.3575  Gross: 1.4006  Gate: 0.8011
Episode 419  Reward:   0.227915  Wealth:    146649.64  Turnover: 0.3081  Gross: 1.4041  Gate: 0.8082
Episode 420  Reward:   0.238474  Wealth:    151785.07  Turnover: 0.5437  Gross: 1.4051  Gate: 0.8102
Episode    420  AvgReward:   0.200888  Noise: 0.0648
Episode 421  Reward:   0.018499  Wealth:    114852.69  Turnover: 0.4171  Gross: 1.4099  Gate: 0.8198
Episode 422  Reward:   0.053664  Wealth:    117614.25  Turnover: 0.2169  Gross: 1.3880  Gate: 0.7760
Episode 423  Reward:   0.047883  Wealth:    117142.15  Turnover: 0.5006  Gross: 1.3931  Gate: 0.7862
Episode 424  Reward:   0.250597  Wealth:    150716.80  Turnover: 0.2274  Gross: 1.3951  Gate: 0.7903
Episode 425  Reward:   0.307660  Wealth:    168596.48  Turnover: 0.6236  Gross: 1.4024  Gate: 0.8048
Episode 426  Reward:   0.254247  Wealth:    152522.81  Turnover: 0.3084  Gross: 1.3611  Gate: 0.7223
Episode 427  Reward:   0.083599  Wealth:    120311.86  Turnover: 0.2637  Gross: 1.4082  Gate: 0.8164
Episode 428  Reward:   0.005403  Wealth:    110217.09  Turnover: 0.2859  Gross: 1.4086  Gate: 0.8172
Episode 429  Reward:   0.090167  Wealth:    119762.82  Turnover: 0.5617  Gross: 1.3811  Gate: 0.7623
Episode 430  Reward:   0.192443  Wealth:    138359.79  Turnover: 0.3144  Gross: 1.3943  Gate: 0.7886
Episode    430  AvgReward:   0.130416  Noise: 0.0635
Episode 431  Reward:   0.100556  Wealth:    122447.04  Turnover: 0.3648  Gross: 1.4062  Gate: 0.8123
Episode 432  Reward:   0.113476  Wealth:    124811.26  Turnover: 0.4005  Gross: 1.4027  Gate: 0.8053
Episode 433  Reward:   0.079485  Wealth:    120116.15  Turnover: 0.6278  Gross: 1.3750  Gate: 0.7500
Episode 434  Reward:   0.131814  Wealth:    126324.96  Turnover: 0.3868  Gross: 1.4064  Gate: 0.8127
Episode 435  Reward:   0.191917  Wealth:    141773.73  Turnover: 0.4348  Gross: 1.4042  Gate: 0.8083
Episode 436  Reward:   0.105091  Wealth:    124330.64  Turnover: 0.4442  Gross: 1.4054  Gate: 0.8108
Episode 437  Reward:   0.133097  Wealth:    129892.37  Turnover: 0.4069  Gross: 1.4012  Gate: 0.8025
Episode 438  Reward:   0.223419  Wealth:    148697.11  Turnover: 0.3781  Gross: 1.3907  Gate: 0.7814
Episode 439  Reward:  -0.023373  Wealth:    108309.07  Turnover: 0.5691  Gross: 1.3939  Gate: 0.7878
Episode 440  Reward:   0.131315  Wealth:    127659.88  Turnover: 0.5027  Gross: 1.3962  Gate: 0.7923
Episode    440  AvgReward:   0.118680  Noise: 0.0623
Episode 441  Reward:   0.269107  Wealth:    155204.52  Turnover: 0.5379  Gross: 1.4073  Gate: 0.8146
Episode 442  Reward:   0.161713  Wealth:    130622.15  Turnover: 0.3217  Gross: 1.3899  Gate: 0.7799
Episode 443  Reward:   0.296741  Wealth:    161010.13  Turnover: 0.3697  Gross: 1.4049  Gate: 0.8099
Episode 444  Reward:   0.034794  Wealth:    114339.93  Turnover: 0.4196  Gross: 1.3988  Gate: 0.7976
Episode 445  Reward:  -0.010979  Wealth:    108601.78  Turnover: 0.4125  Gross: 1.3902  Gate: 0.7804
Episode 446  Reward:   0.282371  Wealth:    162765.08  Turnover: 0.3877  Gross: 1.3897  Gate: 0.7794
Episode 447  Reward:   0.354051  Wealth:    180326.42  Turnover: 0.4537  Gross: 1.3888  Gate: 0.7777
Episode 448  Reward:  -0.320016  Wealth:     81752.98  Turnover: 0.3437  Gross: 1.3741  Gate: 0.7483
Episode 449  Reward:   0.138803  Wealth:    130641.91  Turnover: 0.4428  Gross: 1.4037  Gate: 0.8074
Episode 450  Reward:   0.157549  Wealth:    133842.31  Turnover: 0.3996  Gross: 1.3794  Gate: 0.7587
Episode    450  AvgReward:   0.136413  Noise: 0.0611
Episode 451  Reward:   0.105069  Wealth:    124056.58  Turnover: 0.5319  Gross: 1.4021  Gate: 0.8042
Episode 452  Reward:  -0.135453  Wealth:     95136.84  Turnover: 0.1767  Gross: 1.3965  Gate: 0.7931
Episode 453  Reward:   0.038863  Wealth:    113321.70  Turnover: 0.3125  Gross: 1.4077  Gate: 0.8154
Episode 454  Reward:   0.091049  Wealth:    121799.89  Turnover: 0.3995  Gross: 1.3944  Gate: 0.7887
Episode 455  Reward:   0.178062  Wealth:    134741.41  Turnover: 0.2691  Gross: 1.3886  Gate: 0.7772
Episode 456  Reward:   0.223121  Wealth:    144580.77  Turnover: 0.4756  Gross: 1.3959  Gate: 0.7918
Episode 457  Reward:   0.237864  Wealth:    148291.48  Turnover: 0.4465  Gross: 1.4053  Gate: 0.8107
Episode 458  Reward:   0.305120  Wealth:    172548.84  Turnover: 0.4335  Gross: 1.3776  Gate: 0.7552
Episode 459  Reward:   0.127318  Wealth:    126999.38  Turnover: 0.3823  Gross: 1.3988  Gate: 0.7976
Episode 460  Reward:   0.066924  Wealth:    121466.87  Turnover: 0.4230  Gross: 1.3996  Gate: 0.7992
Episode    460  AvgReward:   0.123794  Noise: 0.0598
Episode 461  Reward:   0.149058  Wealth:    133697.08  Turnover: 0.5307  Gross: 1.4052  Gate: 0.8103
Episode 462  Reward:   0.399731  Wealth:    192333.20  Turnover: 0.3919  Gross: 1.3924  Gate: 0.7849
Episode 463  Reward:   0.090346  Wealth:    120072.24  Turnover: 0.4469  Gross: 1.4072  Gate: 0.8145
Episode 464  Reward:  -0.015307  Wealth:    109037.28  Turnover: 0.3810  Gross: 1.3816  Gate: 0.7632
Episode 465  Reward:  -0.162721  Wealth:     93276.38  Turnover: 0.5945  Gross: 1.3995  Gate: 0.7990
Episode 466  Reward:   0.064612  Wealth:    119520.22  Turnover: 0.3001  Gross: 1.4028  Gate: 0.8056
Episode 467  Reward:   0.156459  Wealth:    130857.45  Turnover: 0.5458  Gross: 1.4071  Gate: 0.8142
Episode 468  Reward:   0.103143  Wealth:    123332.57  Turnover: 0.4510  Gross: 1.4085  Gate: 0.8171
Episode 469  Reward:  -0.040506  Wealth:    103512.47  Turnover: 0.4947  Gross: 1.4070  Gate: 0.8139
Episode 470  Reward:   0.025596  Wealth:    112550.95  Turnover: 0.3155  Gross: 1.3955  Gate: 0.7910
Episode    470  AvgReward:   0.077041  Noise: 0.0587
Episode 471  Reward:  -0.015929  Wealth:    108430.09  Turnover: 0.5462  Gross: 1.4033  Gate: 0.8066
Episode 472  Reward:   0.215954  Wealth:    145383.06  Turnover: 0.5092  Gross: 1.3981  Gate: 0.7961
Episode 473  Reward:   0.153579  Wealth:    134892.66  Turnover: 0.5749  Gross: 1.3981  Gate: 0.7963
Episode 474  Reward:   0.187418  Wealth:    138917.56  Turnover: 0.4494  Gross: 1.3946  Gate: 0.7891
Episode 475  Reward:   0.100884  Wealth:    124261.83  Turnover: 0.5008  Gross: 1.4050  Gate: 0.8099
Episode 476  Reward:   0.166203  Wealth:    132706.46  Turnover: 0.2769  Gross: 1.4051  Gate: 0.8102
Episode 477  Reward:  -0.102411  Wealth:     97873.19  Turnover: 0.5436  Gross: 1.4037  Gate: 0.8073
Episode 478  Reward:  -0.060770  Wealth:    102032.59  Turnover: 0.2998  Gross: 1.4002  Gate: 0.8005
Episode 479  Reward:   0.028624  Wealth:    112440.38  Turnover: 0.5382  Gross: 1.4075  Gate: 0.8150
Episode 480  Reward:   0.364112  Wealth:    181156.58  Turnover: 0.4541  Gross: 1.4061  Gate: 0.8121
Episode    480  AvgReward:   0.103766  Noise: 0.0575
Episode 481  Reward:   0.179690  Wealth:    138698.13  Turnover: 0.3932  Gross: 1.4028  Gate: 0.8056
Episode 482  Reward:   0.099295  Wealth:    125283.25  Turnover: 0.4225  Gross: 1.4028  Gate: 0.8055
Episode 483  Reward:   0.069364  Wealth:    120932.07  Turnover: 0.5027  Gross: 1.3929  Gate: 0.7859
Episode 484  Reward:   0.083122  Wealth:    120589.71  Turnover: 0.5466  Gross: 1.3978  Gate: 0.7956
Episode 485  Reward:  -0.149420  Wealth:     94559.10  Turnover: 0.2964  Gross: 1.4062  Gate: 0.8124
Episode 486  Reward:   0.100918  Wealth:    121736.27  Turnover: 0.5350  Gross: 1.3971  Gate: 0.7942
Episode 487  Reward:  -0.104930  Wealth:     99247.60  Turnover: 0.4711  Gross: 1.4040  Gate: 0.8079
Episode 488  Reward:   0.134771  Wealth:    130714.07  Turnover: 0.2383  Gross: 1.3863  Gate: 0.7727
Episode 489  Reward:   0.302556  Wealth:    171417.46  Turnover: 0.3893  Gross: 1.4071  Gate: 0.8143
Episode 490  Reward:   0.256540  Wealth:    156328.67  Turnover: 0.4987  Gross: 1.3983  Gate: 0.7966
Episode    490  AvgReward:   0.097191  Noise: 0.0564
Episode 491  Reward:   0.293151  Wealth:    166428.41  Turnover: 0.5423  Gross: 1.4013  Gate: 0.8027
Episode 492  Reward:   0.185724  Wealth:    138929.42  Turnover: 0.5279  Gross: 1.4059  Gate: 0.8119
Episode 493  Reward:   0.107701  Wealth:    124580.91  Turnover: 0.5770  Gross: 1.3945  Gate: 0.7890
Episode 494  Reward:   0.088378  Wealth:    121474.24  Turnover: 0.6204  Gross: 1.4002  Gate: 0.8004
Episode 495  Reward:   0.159828  Wealth:    133086.83  Turnover: 0.4605  Gross: 1.3951  Gate: 0.7903
Episode 496  Reward:   0.154857  Wealth:    132911.72  Turnover: 0.5818  Gross: 1.4023  Gate: 0.8046
Episode 497  Reward:  -0.167939  Wealth:     93781.63  Turnover: 0.3943  Gross: 1.3906  Gate: 0.7812
Episode 498  Reward:   0.055752  Wealth:    115846.82  Turnover: 0.5393  Gross: 1.3994  Gate: 0.7987
Episode 499  Reward:   0.283812  Wealth:    163465.34  Turnover: 0.2945  Gross: 1.4057  Gate: 0.8115
Episode 500  Reward:  -0.025819  Wealth:    106738.00  Turnover: 0.3888  Gross: 1.3968  Gate: 0.7937
Episode    500  AvgReward:   0.113545  Noise: 0.0552
Episode 501  Reward:   0.073064  Wealth:    120100.39  Turnover: 0.3499  Gross: 1.4022  Gate: 0.8043
Episode 502  Reward:   0.175834  Wealth:    133457.80  Turnover: 0.4811  Gross: 1.4029  Gate: 0.8058
Episode 503  Reward:  -0.188872  Wealth:     90804.41  Turnover: 0.5229  Gross: 1.3957  Gate: 0.7915
Episode 504  Reward:   0.038316  Wealth:    114341.58  Turnover: 0.5098  Gross: 1.3989  Gate: 0.7977
Episode 505  Reward:   0.185847  Wealth:    136945.55  Turnover: 0.4285  Gross: 1.3897  Gate: 0.7793
Episode 506  Reward:   0.283205  Wealth:    162506.60  Turnover: 0.4251  Gross: 1.3915  Gate: 0.7830
Episode 507  Reward:   0.280658  Wealth:    160504.05  Turnover: 0.5798  Gross: 1.3988  Gate: 0.7975
Episode 508  Reward:   0.172831  Wealth:    138263.03  Turnover: 0.4638  Gross: 1.4042  Gate: 0.8085
Episode 509  Reward:   0.049713  Wealth:    116214.05  Turnover: 0.5764  Gross: 1.3950  Gate: 0.7900
Episode 510  Reward:   0.177945  Wealth:    138462.96  Turnover: 0.4934  Gross: 1.4038  Gate: 0.8075
Episode    510  AvgReward:   0.124854  Noise: 0.0541
Episode 511  Reward:  -0.230666  Wealth:     87926.50  Turnover: 0.3951  Gross: 1.3979  Gate: 0.7957
Episode 512  Reward:  -0.048246  Wealth:    104181.68  Turnover: 0.7018  Gross: 1.3980  Gate: 0.7959
Episode 513  Reward:   0.078967  Wealth:    122232.13  Turnover: 0.5452  Gross: 1.3847  Gate: 0.7694
Episode 514  Reward:   0.187391  Wealth:    139618.85  Turnover: 0.3641  Gross: 1.4065  Gate: 0.8129
Episode 515  Reward:  -0.047782  Wealth:    105677.76  Turnover: 0.4586  Gross: 1.3892  Gate: 0.7784
Episode 516  Reward:   0.055334  Wealth:    115588.31  Turnover: 0.5354  Gross: 1.3913  Gate: 0.7826
Episode 517  Reward:  -0.017333  Wealth:    106068.75  Turnover: 0.3478  Gross: 1.3978  Gate: 0.7956
Episode 518  Reward:   0.155593  Wealth:    132891.88  Turnover: 0.5975  Gross: 1.4063  Gate: 0.8126
Episode 519  Reward:   0.255318  Wealth:    157419.65  Turnover: 0.5429  Gross: 1.4027  Gate: 0.8055
Episode 520  Reward:   0.073836  Wealth:    123387.53  Turnover: 0.2999  Gross: 1.3999  Gate: 0.7998
Episode    520  AvgReward:   0.046241  Noise: 0.0531
Episode 521  Reward:   0.189601  Wealth:    139277.92  Turnover: 0.2607  Gross: 1.4069  Gate: 0.8137
Episode 522  Reward:   0.306744  Wealth:    166843.97  Turnover: 0.5233  Gross: 1.3921  Gate: 0.7842
Episode 523  Reward:   0.121415  Wealth:    128347.01  Turnover: 0.3814  Gross: 1.3980  Gate: 0.7960
Episode 524  Reward:   0.031479  Wealth:    114872.92  Turnover: 0.3808  Gross: 1.4038  Gate: 0.8076
Episode 525  Reward:   0.247098  Wealth:    155559.84  Turnover: 0.3758  Gross: 1.4050  Gate: 0.8101
Episode 526  Reward:   0.128539  Wealth:    125922.77  Turnover: 0.3971  Gross: 1.4067  Gate: 0.8133
Episode 527  Reward:   0.049079  Wealth:    117738.42  Turnover: 0.4130  Gross: 1.3946  Gate: 0.7892
Episode 528  Reward:  -0.058596  Wealth:    102858.02  Turnover: 0.4844  Gross: 1.3979  Gate: 0.7957
Episode 529  Reward:   0.073590  Wealth:    121865.98  Turnover: 0.3697  Gross: 1.3911  Gate: 0.7823
Episode 530  Reward:   0.143981  Wealth:    133136.33  Turnover: 0.6272  Gross: 1.4048  Gate: 0.8097
Episode    530  AvgReward:   0.123293  Noise: 0.0520
Episode 531  Reward:  -0.023488  Wealth:    108425.02  Turnover: 0.3976  Gross: 1.3938  Gate: 0.7876
Episode 532  Reward:   0.200103  Wealth:    139792.79  Turnover: 0.4020  Gross: 1.3962  Gate: 0.7924
Episode 533  Reward:   0.205040  Wealth:    139533.35  Turnover: 0.4741  Gross: 1.4068  Gate: 0.8137
Episode 534  Reward:  -0.093514  Wealth:     99725.82  Turnover: 0.5166  Gross: 1.3940  Gate: 0.7880
Episode 535  Reward:   0.279229  Wealth:    159363.14  Turnover: 0.5035  Gross: 1.4027  Gate: 0.8053
Episode 536  Reward:   0.077294  Wealth:    123832.86  Turnover: 0.4473  Gross: 1.4006  Gate: 0.8011
Episode 537  Reward:  -0.072025  Wealth:    101253.10  Turnover: 0.4797  Gross: 1.3989  Gate: 0.7977
Episode 538  Reward:   0.346115  Wealth:    179449.39  Turnover: 0.4216  Gross: 1.3933  Gate: 0.7865
Episode 539  Reward:   0.306418  Wealth:    165566.29  Turnover: 0.3373  Gross: 1.3942  Gate: 0.7885
Episode 540  Reward:   0.126996  Wealth:    127231.46  Turnover: 0.5340  Gross: 1.3913  Gate: 0.7826
Episode    540  AvgReward:   0.135217  Noise: 0.0510
Episode 541  Reward:   0.118985  Wealth:    127460.23  Turnover: 0.6049  Gross: 1.4033  Gate: 0.8067
Episode 542  Reward:   0.266667  Wealth:    155246.44  Turnover: 0.3184  Gross: 1.4025  Gate: 0.8050
Episode 543  Reward:  -0.136494  Wealth:     96990.72  Turnover: 0.4490  Gross: 1.4030  Gate: 0.8061
Episode 544  Reward:   0.168297  Wealth:    134617.76  Turnover: 0.7444  Gross: 1.4010  Gate: 0.8021
Episode 545  Reward:   0.053116  Wealth:    116924.15  Turnover: 0.5262  Gross: 1.4001  Gate: 0.8003
Episode 546  Reward:   0.036401  Wealth:    113254.76  Turnover: 0.2838  Gross: 1.3986  Gate: 0.7973
Episode 547  Reward:   0.243788  Wealth:    152411.09  Turnover: 0.3992  Gross: 1.4033  Gate: 0.8067
Episode 548  Reward:   0.042699  Wealth:    116200.60  Turnover: 0.2152  Gross: 1.4027  Gate: 0.8053
Episode 549  Reward:   0.190028  Wealth:    137498.67  Turnover: 0.6006  Gross: 1.3951  Gate: 0.7901
Episode 550  Reward:   0.229253  Wealth:    146870.02  Turnover: 0.6045  Gross: 1.4028  Gate: 0.8057
Episode    550  AvgReward:   0.121274  Noise: 0.0500
Episode 551  Reward:   0.302579  Wealth:    163139.44  Turnover: 0.3163  Gross: 1.4008  Gate: 0.8017
Episode 552  Reward:   0.256045  Wealth:    151352.31  Turnover: 0.3490  Gross: 1.3999  Gate: 0.7998
Episode 553  Reward:   0.063041  Wealth:    119312.57  Turnover: 0.4022  Gross: 1.4057  Gate: 0.8115
Episode 554  Reward:   0.158274  Wealth:    132409.04  Turnover: 0.4574  Gross: 1.3991  Gate: 0.7982
Episode 555  Reward:   0.183143  Wealth:    134019.90  Turnover: 0.6350  Gross: 1.3975  Gate: 0.7951
Episode 556  Reward:   0.187149  Wealth:    139666.64  Turnover: 0.5808  Gross: 1.3962  Gate: 0.7925
Episode 557  Reward:   0.260832  Wealth:    152313.52  Turnover: 0.4504  Gross: 1.4028  Gate: 0.8056
Episode 558  Reward:  -0.100316  Wealth:     97012.61  Turnover: 0.2992  Gross: 1.3973  Gate: 0.7947
Episode 559  Reward:  -0.429305  Wealth:     74444.60  Turnover: 0.5631  Gross: 1.3938  Gate: 0.7876
Episode 560  Reward:   0.223873  Wealth:    148322.68  Turnover: 0.3844  Gross: 1.4042  Gate: 0.8084
Episode    560  AvgReward:   0.110532  Noise: 0.0490
Episode 561  Reward:   0.228428  Wealth:    145319.31  Turnover: 0.3861  Gross: 1.3921  Gate: 0.7841
Episode 562  Reward:   0.000053  Wealth:    111110.79  Turnover: 0.3881  Gross: 1.4012  Gate: 0.8025
Episode 563  Reward:   0.142565  Wealth:    133769.31  Turnover: 0.4506  Gross: 1.3992  Gate: 0.7984
Episode 564  Reward:   0.204941  Wealth:    141222.77  Turnover: 0.4723  Gross: 1.4016  Gate: 0.8033
Episode 565  Reward:   0.125350  Wealth:    124886.25  Turnover: 0.4641  Gross: 1.3887  Gate: 0.7773
Episode 566  Reward:   0.205451  Wealth:    145826.58  Turnover: 0.4810  Gross: 1.4014  Gate: 0.8028
Episode 567  Reward:  -0.075513  Wealth:    101527.40  Turnover: 0.3807  Gross: 1.4005  Gate: 0.8010
Episode 568  Reward:   0.145883  Wealth:    131112.77  Turnover: 0.4260  Gross: 1.4061  Gate: 0.8122
Episode 569  Reward:   0.027761  Wealth:    113669.09  Turnover: 0.6206  Gross: 1.3943  Gate: 0.7885
Episode 570  Reward:   0.257778  Wealth:    157410.82  Turnover: 0.4761  Gross: 1.3941  Gate: 0.7883
Episode    570  AvgReward:   0.126270  Noise: 0.0480
Episode 571  Reward:   0.319507  Wealth:    167097.26  Turnover: 0.5740  Gross: 1.3993  Gate: 0.7986
Episode 572  Reward:   0.066204  Wealth:    116638.88  Turnover: 0.5028  Gross: 1.3971  Gate: 0.7942
Episode 573  Reward:   0.131655  Wealth:    129869.76  Turnover: 0.4491  Gross: 1.3908  Gate: 0.7816
Episode 574  Reward:  -0.127366  Wealth:     96032.64  Turnover: 0.3964  Gross: 1.4009  Gate: 0.8017
Episode 575  Reward:  -0.160657  Wealth:     93973.83  Turnover: 0.2344  Gross: 1.3814  Gate: 0.7628
Episode 576  Reward:   0.078917  Wealth:    120246.90  Turnover: 0.3461  Gross: 1.3971  Gate: 0.7941
Episode 577  Reward:  -0.006695  Wealth:    109136.28  Turnover: 0.3871  Gross: 1.3875  Gate: 0.7751
Episode 578  Reward:   0.175883  Wealth:    140095.04  Turnover: 0.4739  Gross: 1.3974  Gate: 0.7949
Episode 579  Reward:  -0.073930  Wealth:    102206.82  Turnover: 0.6123  Gross: 1.3985  Gate: 0.7970
Episode 580  Reward:   0.034382  Wealth:    112541.32  Turnover: 0.4769  Gross: 1.3908  Gate: 0.7816
Episode    580  AvgReward:   0.043790  Noise: 0.0471
Episode 581  Reward:   0.055415  Wealth:    116954.85  Turnover: 0.5655  Gross: 1.3989  Gate: 0.7979
Episode 582  Reward:   0.183655  Wealth:    139112.05  Turnover: 0.4024  Gross: 1.3856  Gate: 0.7712
Episode 583  Reward:  -0.066160  Wealth:    104289.18  Turnover: 0.3989  Gross: 1.4036  Gate: 0.8072
Episode 584  Reward:   0.144163  Wealth:    130486.39  Turnover: 0.3507  Gross: 1.3943  Gate: 0.7887
Episode 585  Reward:   0.035767  Wealth:    113683.54  Turnover: 0.6832  Gross: 1.3987  Gate: 0.7975
Episode 586  Reward:   0.183461  Wealth:    137248.94  Turnover: 0.2782  Gross: 1.4032  Gate: 0.8063
Episode 587  Reward:   0.140028  Wealth:    129355.28  Turnover: 0.3633  Gross: 1.3868  Gate: 0.7736
Episode 588  Reward:   0.096171  Wealth:    122401.81  Turnover: 0.2824  Gross: 1.3990  Gate: 0.7980
Episode 589  Reward:  -0.034654  Wealth:    104503.17  Turnover: 0.4573  Gross: 1.3966  Gate: 0.7932
Episode 590  Reward:   0.200656  Wealth:    144851.04  Turnover: 0.3480  Gross: 1.3935  Gate: 0.7869
Episode    590  AvgReward:   0.093850  Noise: 0.0461
Episode 591  Reward:   0.256125  Wealth:    150429.67  Turnover: 0.6319  Gross: 1.3948  Gate: 0.7896
Episode 592  Reward:  -0.062246  Wealth:    102797.75  Turnover: 0.2633  Gross: 1.4068  Gate: 0.8137
Episode 593  Reward:   0.157647  Wealth:    134475.01  Turnover: 0.4095  Gross: 1.4027  Gate: 0.8055
Episode 594  Reward:   0.389620  Wealth:    195180.90  Turnover: 0.6596  Gross: 1.3764  Gate: 0.7529
Episode 595  Reward:   0.246771  Wealth:    150562.70  Turnover: 0.5844  Gross: 1.4006  Gate: 0.8011
Episode 596  Reward:   0.330826  Wealth:    176563.09  Turnover: 0.5856  Gross: 1.3823  Gate: 0.7645
Episode 597  Reward:   0.080108  Wealth:    121207.41  Turnover: 0.6453  Gross: 1.3994  Gate: 0.7989
Episode 598  Reward:   0.281855  Wealth:    164129.37  Turnover: 0.5623  Gross: 1.3999  Gate: 0.7998
Episode 599  Reward:   0.093558  Wealth:    122362.33  Turnover: 0.4109  Gross: 1.4009  Gate: 0.8018
Episode 600  Reward:   0.065971  Wealth:    118294.53  Turnover: 0.7247  Gross: 1.4009  Gate: 0.8018
Episode    600  AvgReward:   0.184024  Noise: 0.0452
Episode 601  Reward:   0.023817  Wealth:    115816.67  Turnover: 0.4314  Gross: 1.4030  Gate: 0.8061
Episode 602  Reward:   0.320496  Wealth:    175886.03  Turnover: 0.6031  Gross: 1.3979  Gate: 0.7958
Episode 603  Reward:   0.085712  Wealth:    121447.14  Turnover: 0.6681  Gross: 1.3912  Gate: 0.7825
Episode 604  Reward:   0.342165  Wealth:    176172.87  Turnover: 0.7605  Gross: 1.3987  Gate: 0.7974
Episode 605  Reward:   0.079583  Wealth:    120427.91  Turnover: 0.7314  Gross: 1.3907  Gate: 0.7814
Episode 606  Reward:  -0.012322  Wealth:    110323.23  Turnover: 0.4147  Gross: 1.4010  Gate: 0.8020
Episode 607  Reward:   0.127035  Wealth:    128987.80  Turnover: 0.6876  Gross: 1.3950  Gate: 0.7900
Episode 608  Reward:   0.252801  Wealth:    153537.46  Turnover: 0.4612  Gross: 1.3865  Gate: 0.7730
Episode 609  Reward:  -0.216342  Wealth:     88114.72  Turnover: 0.5000  Gross: 1.3959  Gate: 0.7917
Episode 610  Reward:   0.081831  Wealth:    123973.61  Turnover: 0.3329  Gross: 1.3645  Gate: 0.7289
Episode    610  AvgReward:   0.108478  Noise: 0.0443
Episode 611  Reward:   0.137883  Wealth:    130304.51  Turnover: 0.3686  Gross: 1.4018  Gate: 0.8036
Episode 612  Reward:   0.014469  Wealth:    113660.86  Turnover: 0.4111  Gross: 1.4051  Gate: 0.8103
Episode 613  Reward:   0.029368  Wealth:    115819.50  Turnover: 0.6117  Gross: 1.3999  Gate: 0.7998
Episode 614  Reward:   0.276679  Wealth:    159177.58  Turnover: 0.3845  Gross: 1.3921  Gate: 0.7841
Episode 615  Reward:   0.376415  Wealth:    189912.75  Turnover: 0.5700  Gross: 1.3936  Gate: 0.7872
Episode 616  Reward:   0.063960  Wealth:    117613.44  Turnover: 0.3188  Gross: 1.4059  Gate: 0.8118
Episode 617  Reward:  -0.013125  Wealth:    108283.77  Turnover: 0.4595  Gross: 1.4065  Gate: 0.8131
Episode 618  Reward:   0.165265  Wealth:    134278.69  Turnover: 0.2871  Gross: 1.4023  Gate: 0.8045
Episode 619  Reward:   0.056648  Wealth:    116440.37  Turnover: 0.3936  Gross: 1.4016  Gate: 0.8032
Episode 620  Reward:   0.247987  Wealth:    153918.58  Turnover: 0.5666  Gross: 1.4040  Gate: 0.8080
Episode    620  AvgReward:   0.135555  Noise: 0.0434
Episode 621  Reward:   0.213029  Wealth:    142855.79  Turnover: 0.4765  Gross: 1.3921  Gate: 0.7841
Episode 622  Reward:  -0.028411  Wealth:    105755.86  Turnover: 0.3043  Gross: 1.4038  Gate: 0.8076
Episode 623  Reward:   0.101643  Wealth:    121227.72  Turnover: 0.5927  Gross: 1.3908  Gate: 0.7816
Episode 624  Reward:   0.110496  Wealth:    124445.65  Turnover: 0.5064  Gross: 1.3854  Gate: 0.7707
Episode 625  Reward:   0.005641  Wealth:    109706.48  Turnover: 0.3785  Gross: 1.4013  Gate: 0.8025
Episode 626  Reward:   0.149247  Wealth:    130096.00  Turnover: 0.5695  Gross: 1.4009  Gate: 0.8018
Episode 627  Reward:  -0.079906  Wealth:     98971.72  Turnover: 0.5409  Gross: 1.4001  Gate: 0.8002
Episode 628  Reward:  -0.059745  Wealth:    103922.00  Turnover: 0.4930  Gross: 1.3901  Gate: 0.7801
Episode 629  Reward:   0.026745  Wealth:    111792.00  Turnover: 0.5565  Gross: 1.3984  Gate: 0.7968
Episode 630  Reward:   0.232782  Wealth:    150367.95  Turnover: 0.3396  Gross: 1.3867  Gate: 0.7734
Episode    630  AvgReward:   0.067152  Noise: 0.0426
Episode 631  Reward:   0.063076  Wealth:    116383.46  Turnover: 0.6313  Gross: 1.3990  Gate: 0.7980
Episode 632  Reward:   0.115210  Wealth:    123971.52  Turnover: 0.5897  Gross: 1.4064  Gate: 0.8127
Episode 633  Reward:  -0.044876  Wealth:    102872.25  Turnover: 0.3587  Gross: 1.4022  Gate: 0.8044
Episode 634  Reward:   0.169777  Wealth:    134558.69  Turnover: 0.5692  Gross: 1.4045  Gate: 0.8089
Episode 635  Reward:  -0.050312  Wealth:    103348.79  Turnover: 0.4948  Gross: 1.3917  Gate: 0.7835
Episode 636  Reward:   0.173472  Wealth:    133523.38  Turnover: 0.4642  Gross: 1.3971  Gate: 0.7942
Episode 637  Reward:   0.033924  Wealth:    117597.31  Turnover: 0.2782  Gross: 1.3469  Gate: 0.6939
Episode 638  Reward:   0.033514  Wealth:    114892.17  Turnover: 0.4112  Gross: 1.4026  Gate: 0.8052
Episode 639  Reward:   0.238349  Wealth:    149377.07  Turnover: 0.4414  Gross: 1.4038  Gate: 0.8077
Episode 640  Reward:   0.053316  Wealth:    115439.55  Turnover: 0.5910  Gross: 1.3987  Gate: 0.7975
Episode    640  AvgReward:   0.078545  Noise: 0.0417
Episode 641  Reward:  -0.061500  Wealth:    102909.44  Turnover: 0.5343  Gross: 1.3979  Gate: 0.7959
Episode 642  Reward:   0.439725  Wealth:    216204.32  Turnover: 0.6330  Gross: 1.4069  Gate: 0.8138
Episode 643  Reward:   0.089377  Wealth:    122458.33  Turnover: 0.5787  Gross: 1.4048  Gate: 0.8095
Episode 644  Reward:   0.290394  Wealth:    162259.29  Turnover: 0.5761  Gross: 1.4012  Gate: 0.8024
Episode 645  Reward:   0.246426  Wealth:    146646.67  Turnover: 0.6562  Gross: 1.3976  Gate: 0.7952
Episode 646  Reward:   0.159434  Wealth:    130902.07  Turnover: 0.6554  Gross: 1.4069  Gate: 0.8138
Episode 647  Reward:   0.140340  Wealth:    131073.19  Turnover: 0.3934  Gross: 1.3958  Gate: 0.7916
Episode 648  Reward:  -0.066140  Wealth:    100647.10  Turnover: 0.5553  Gross: 1.3960  Gate: 0.7921
Episode 649  Reward:   0.235121  Wealth:    150151.46  Turnover: 0.4180  Gross: 1.3927  Gate: 0.7855
Episode 650  Reward:  -0.002049  Wealth:    108648.85  Turnover: 0.4305  Gross: 1.3843  Gate: 0.7686
Episode    650  AvgReward:   0.147113  Noise: 0.0409
Episode 651  Reward:   0.128669  Wealth:    128812.37  Turnover: 0.6895  Gross: 1.4017  Gate: 0.8033
Episode 652  Reward:   0.143346  Wealth:    134247.46  Turnover: 0.4519  Gross: 1.3930  Gate: 0.7860
Episode 653  Reward:   0.048290  Wealth:    119305.19  Turnover: 0.3375  Gross: 1.3717  Gate: 0.7433
Episode 654  Reward:   0.121249  Wealth:    129104.77  Turnover: 0.4446  Gross: 1.3826  Gate: 0.7653
Episode 655  Reward:   0.291556  Wealth:    163418.11  Turnover: 0.4892  Gross: 1.3981  Gate: 0.7963
Episode 656  Reward:   0.187430  Wealth:    138968.57  Turnover: 0.5834  Gross: 1.4053  Gate: 0.8106
Episode 657  Reward:   0.002149  Wealth:    109260.92  Turnover: 0.6463  Gross: 1.3920  Gate: 0.7840
Episode 658  Reward:   0.033854  Wealth:    114031.11  Turnover: 0.6513  Gross: 1.4012  Gate: 0.8024
Episode 659  Reward:   0.078946  Wealth:    121739.52  Turnover: 0.5078  Gross: 1.4057  Gate: 0.8113
Episode 660  Reward:   0.033632  Wealth:    114480.01  Turnover: 0.3532  Gross: 1.3729  Gate: 0.7457
Episode    660  AvgReward:   0.106912  Noise: 0.0401
Episode 661  Reward:   0.281078  Wealth:    157369.65  Turnover: 0.5902  Gross: 1.3947  Gate: 0.7895
Episode 662  Reward:   0.322944  Wealth:    173001.96  Turnover: 0.7565  Gross: 1.3920  Gate: 0.7840
Episode 663  Reward:  -0.052577  Wealth:    105799.53  Turnover: 0.5026  Gross: 1.3915  Gate: 0.7831
Episode 664  Reward:   0.063457  Wealth:    118425.14  Turnover: 0.5312  Gross: 1.4009  Gate: 0.8019
Episode 665  Reward:   0.124384  Wealth:    127061.89  Turnover: 0.5752  Gross: 1.3997  Gate: 0.7995
Episode 666  Reward:   0.005238  Wealth:    109743.60  Turnover: 0.6100  Gross: 1.4035  Gate: 0.8070
Episode 667  Reward:   0.038723  Wealth:    116383.91  Turnover: 0.3491  Gross: 1.3723  Gate: 0.7446
Episode 668  Reward:   0.136232  Wealth:    128751.88  Turnover: 0.3887  Gross: 1.3997  Gate: 0.7994
Episode 669  Reward:   0.021213  Wealth:    114076.33  Turnover: 0.4447  Gross: 1.4044  Gate: 0.8088
Episode 670  Reward:   0.264339  Wealth:    159747.28  Turnover: 0.5010  Gross: 1.4043  Gate: 0.8086
Episode    670  AvgReward:   0.120503  Noise: 0.0393
Episode 671  Reward:   0.150346  Wealth:    132391.42  Turnover: 0.6532  Gross: 1.4013  Gate: 0.8027
Episode 672  Reward:   0.062081  Wealth:    120608.96  Turnover: 0.6506  Gross: 1.3972  Gate: 0.7945
Episode 673  Reward:   0.169921  Wealth:    136123.54  Turnover: 0.5986  Gross: 1.4034  Gate: 0.8067
Episode 674  Reward:   0.329942  Wealth:    176014.31  Turnover: 0.6426  Gross: 1.3861  Gate: 0.7721
Episode 675  Reward:   0.109150  Wealth:    125545.20  Turnover: 0.6572  Gross: 1.3924  Gate: 0.7848
Episode 676  Reward:  -0.244054  Wealth:     88913.19  Turnover: 0.3912  Gross: 1.3991  Gate: 0.7982
Episode 677  Reward:   0.248579  Wealth:    151556.89  Turnover: 0.5981  Gross: 1.3980  Gate: 0.7959
Episode 678  Reward:  -0.059797  Wealth:    104934.89  Turnover: 0.5150  Gross: 1.4055  Gate: 0.8110
Episode 679  Reward:   0.161502  Wealth:    132354.36  Turnover: 0.6064  Gross: 1.4032  Gate: 0.8064
Episode 680  Reward:   0.207209  Wealth:    147775.51  Turnover: 0.4102  Gross: 1.3824  Gate: 0.7647
Episode    680  AvgReward:   0.113488  Noise: 0.0385
Episode 681  Reward:   0.377752  Wealth:    198898.78  Turnover: 0.4670  Gross: 1.3809  Gate: 0.7619
Episode 682  Reward:   0.071359  Wealth:    120508.49  Turnover: 0.4426  Gross: 1.3965  Gate: 0.7929
Episode 683  Reward:   0.310863  Wealth:    165703.95  Turnover: 0.4227  Gross: 1.3947  Gate: 0.7894
Episode 684  Reward:   0.188706  Wealth:    137920.60  Turnover: 0.5199  Gross: 1.3904  Gate: 0.7809
Episode 685  Reward:   0.146120  Wealth:    130116.56  Turnover: 0.6639  Gross: 1.3951  Gate: 0.7902
Episode 686  Reward:  -0.058956  Wealth:    106796.20  Turnover: 0.2300  Gross: 1.3852  Gate: 0.7704
Episode 687  Reward:   0.164091  Wealth:    134120.56  Turnover: 0.7235  Gross: 1.3983  Gate: 0.7967
Episode 688  Reward:   0.286108  Wealth:    164929.57  Turnover: 0.4242  Gross: 1.4025  Gate: 0.8051
Episode 689  Reward:   0.155839  Wealth:    133495.47  Turnover: 0.4161  Gross: 1.3942  Gate: 0.7884
Episode 690  Reward:   0.101567  Wealth:    126151.05  Turnover: 0.3316  Gross: 1.3995  Gate: 0.7989
Episode    690  AvgReward:   0.174345  Noise: 0.0378
Episode 691  Reward:   0.026531  Wealth:    113475.60  Turnover: 0.7209  Gross: 1.3898  Gate: 0.7795
Episode 692  Reward:   0.163596  Wealth:    133157.01  Turnover: 0.5645  Gross: 1.4016  Gate: 0.8032
Episode 693  Reward:  -0.022054  Wealth:    107425.63  Turnover: 0.6070  Gross: 1.4014  Gate: 0.8028
Episode 694  Reward:   0.352387  Wealth:    188560.67  Turnover: 0.5959  Gross: 1.3867  Gate: 0.7733
Episode 695  Reward:   0.085651  Wealth:    120775.64  Turnover: 0.5631  Gross: 1.3911  Gate: 0.7822
Episode 696  Reward:   0.181742  Wealth:    136767.61  Turnover: 0.6043  Gross: 1.3986  Gate: 0.7972
Episode 697  Reward:  -0.073953  Wealth:    105603.77  Turnover: 0.2284  Gross: 1.3880  Gate: 0.7761
Episode 698  Reward:   0.158562  Wealth:    135015.82  Turnover: 0.3155  Gross: 1.4008  Gate: 0.8017
Episode 699  Reward:   0.211415  Wealth:    140704.98  Turnover: 0.3580  Gross: 1.3995  Gate: 0.7990
Episode 700  Reward:  -0.023554  Wealth:    106071.40  Turnover: 0.7183  Gross: 1.4005  Gate: 0.8009
Episode    700  AvgReward:   0.106032  Noise: 0.0370
Episode 701  Reward:   0.235878  Wealth:    148025.57  Turnover: 0.7034  Gross: 1.4006  Gate: 0.8012
Episode 702  Reward:   0.201955  Wealth:    140626.59  Turnover: 0.5080  Gross: 1.3933  Gate: 0.7866
Episode 703  Reward:   0.005532  Wealth:    112995.38  Turnover: 0.4324  Gross: 1.3917  Gate: 0.7835
Episode 704  Reward:   0.187745  Wealth:    140329.91  Turnover: 0.7524  Gross: 1.3958  Gate: 0.7915
Episode 705  Reward:  -0.015309  Wealth:    107669.84  Turnover: 0.6633  Gross: 1.3807  Gate: 0.7614
Episode 706  Reward:   0.261483  Wealth:    153977.24  Turnover: 0.6692  Gross: 1.4023  Gate: 0.8047
Episode 707  Reward:   0.169825  Wealth:    137531.95  Turnover: 0.6465  Gross: 1.4024  Gate: 0.8047
Episode 708  Reward:   0.061624  Wealth:    120503.01  Turnover: 0.8225  Gross: 1.3944  Gate: 0.7887
Episode 709  Reward:   0.245328  Wealth:    149985.27  Turnover: 0.6944  Gross: 1.3982  Gate: 0.7964
Episode 710  Reward:   0.040068  Wealth:    114428.30  Turnover: 0.4881  Gross: 1.4025  Gate: 0.8051
Episode    710  AvgReward:   0.139413  Noise: 0.0363
Episode 711  Reward:   0.001767  Wealth:    110155.97  Turnover: 0.5724  Gross: 1.3885  Gate: 0.7769
Episode 712  Reward:   0.063226  Wealth:    116675.77  Turnover: 0.4606  Gross: 1.4025  Gate: 0.8051
Episode 713  Reward:   0.017356  Wealth:    111640.20  Turnover: 0.3709  Gross: 1.3957  Gate: 0.7914
Episode 714  Reward:  -0.086590  Wealth:    100399.39  Turnover: 0.6207  Gross: 1.3881  Gate: 0.7762
Episode 715  Reward:  -0.083587  Wealth:    101756.39  Turnover: 0.5699  Gross: 1.3944  Gate: 0.7889
Episode 716  Reward:   0.323501  Wealth:    173776.42  Turnover: 0.6858  Gross: 1.4014  Gate: 0.8029
Episode 717  Reward:   0.237439  Wealth:    149016.12  Turnover: 0.4870  Gross: 1.3986  Gate: 0.7971
Episode 718  Reward:   0.125080  Wealth:    128728.94  Turnover: 0.4932  Gross: 1.3977  Gate: 0.7953
Episode 719  Reward:  -0.036560  Wealth:    108273.57  Turnover: 0.3428  Gross: 1.3947  Gate: 0.7894
Episode 720  Reward:   0.079366  Wealth:    119891.13  Turnover: 0.4999  Gross: 1.4066  Gate: 0.8132
Episode    720  AvgReward:   0.064100  Noise: 0.0356
Episode 721  Reward:   0.267372  Wealth:    155319.87  Turnover: 0.6566  Gross: 1.3926  Gate: 0.7852
Episode 722  Reward:  -0.110382  Wealth:     98553.87  Turnover: 0.5148  Gross: 1.4004  Gate: 0.8007
Episode 723  Reward:   0.275017  Wealth:    159442.04  Turnover: 0.4924  Gross: 1.4018  Gate: 0.8035
Episode 724  Reward:   0.093198  Wealth:    121259.28  Turnover: 0.3189  Gross: 1.4064  Gate: 0.8129
Episode 725  Reward:   0.150543  Wealth:    132131.90  Turnover: 0.4762  Gross: 1.4004  Gate: 0.8008
Episode 726  Reward:   0.017957  Wealth:    111491.31  Turnover: 0.6044  Gross: 1.3990  Gate: 0.7981
Episode 727  Reward:   0.136826  Wealth:    129694.91  Turnover: 0.6823  Gross: 1.4019  Gate: 0.8037
Episode 728  Reward:   0.136244  Wealth:    129326.76  Turnover: 0.6413  Gross: 1.3966  Gate: 0.7932
Episode 729  Reward:  -0.057007  Wealth:    104728.87  Turnover: 0.6199  Gross: 1.3987  Gate: 0.7975
Episode 730  Reward:  -0.010184  Wealth:    109255.14  Turnover: 0.6331  Gross: 1.4010  Gate: 0.8021
Episode    730  AvgReward:   0.089958  Noise: 0.0349
Episode 731  Reward:   0.053310  Wealth:    117342.18  Turnover: 0.8042  Gross: 1.3977  Gate: 0.7955
Episode 732  Reward:   0.149166  Wealth:    131935.05  Turnover: 0.5846  Gross: 1.3835  Gate: 0.7671
Episode 733  Reward:   0.115954  Wealth:    128722.65  Turnover: 0.6614  Gross: 1.3933  Gate: 0.7866
Episode 734  Reward:   0.173251  Wealth:    139593.96  Turnover: 0.5657  Gross: 1.4039  Gate: 0.8079
Episode 735  Reward:   0.200314  Wealth:    140162.69  Turnover: 0.6610  Gross: 1.3964  Gate: 0.7928
Episode 736  Reward:   0.049033  Wealth:    115156.48  Turnover: 0.4886  Gross: 1.3862  Gate: 0.7724
Episode 737  Reward:   0.032340  Wealth:    115871.79  Turnover: 0.5120  Gross: 1.4006  Gate: 0.8011
Episode 738  Reward:   0.250342  Wealth:    156852.52  Turnover: 0.4466  Gross: 1.3976  Gate: 0.7953
Episode 739  Reward:   0.006050  Wealth:    112794.98  Turnover: 0.3951  Gross: 1.3842  Gate: 0.7684
Episode 740  Reward:   0.143666  Wealth:    131077.49  Turnover: 0.4710  Gross: 1.3989  Gate: 0.7978
Episode    740  AvgReward:   0.117343  Noise: 0.0342
Episode 741  Reward:   0.024652  Wealth:    114282.45  Turnover: 0.6090  Gross: 1.4010  Gate: 0.8019
Episode 742  Reward:   0.177720  Wealth:    139160.09  Turnover: 0.5147  Gross: 1.3896  Gate: 0.7793
Episode 743  Reward:   0.212485  Wealth:    148992.62  Turnover: 0.4319  Gross: 1.3746  Gate: 0.7493
Episode 744  Reward:   0.056803  Wealth:    118785.77  Turnover: 0.6148  Gross: 1.4006  Gate: 0.8012
Episode 745  Reward:  -0.003940  Wealth:    110048.36  Turnover: 0.5305  Gross: 1.4050  Gate: 0.8099
Episode 746  Reward:  -0.061394  Wealth:    105176.36  Turnover: 0.4247  Gross: 1.3862  Gate: 0.7723
Episode 747  Reward:   0.147990  Wealth:    133028.07  Turnover: 0.4561  Gross: 1.4003  Gate: 0.8005
Episode 748  Reward:   0.115110  Wealth:    124476.43  Turnover: 0.6186  Gross: 1.4004  Gate: 0.8008
Episode 749  Reward:   0.058407  Wealth:    117661.65  Turnover: 0.4616  Gross: 1.3910  Gate: 0.7819
Episode 750  Reward:   0.107598  Wealth:    126033.82  Turnover: 0.4613  Gross: 1.4049  Gate: 0.8098
Episode    750  AvgReward:   0.083543  Noise: 0.0335
Episode 751  Reward:   0.236792  Wealth:    148856.28  Turnover: 0.6264  Gross: 1.3932  Gate: 0.7865
Episode 752  Reward:  -0.037822  Wealth:    105418.41  Turnover: 0.4582  Gross: 1.3845  Gate: 0.7690
Episode 753  Reward:  -0.389458  Wealth:     77788.35  Turnover: 0.3910  Gross: 1.4066  Gate: 0.8132
Episode 754  Reward:   0.198545  Wealth:    145531.50  Turnover: 0.4345  Gross: 1.4012  Gate: 0.8024
Episode 755  Reward:   0.110045  Wealth:    125840.83  Turnover: 0.3623  Gross: 1.3972  Gate: 0.7945
Episode 756  Reward:   0.281633  Wealth:    157732.16  Turnover: 0.3329  Gross: 1.3897  Gate: 0.7794
Episode 757  Reward:   0.188440  Wealth:    142275.43  Turnover: 0.5704  Gross: 1.4000  Gate: 0.7999
Episode 758  Reward:   0.312414  Wealth:    168884.83  Turnover: 0.5523  Gross: 1.4008  Gate: 0.8015
Episode 759  Reward:   0.031406  Wealth:    113465.07  Turnover: 0.5795  Gross: 1.3880  Gate: 0.7760
Episode 760  Reward:  -0.011365  Wealth:    108380.78  Turnover: 0.2907  Gross: 1.3995  Gate: 0.7990
Episode    760  AvgReward:   0.092063  Noise: 0.0328
Episode 761  Reward:   0.118466  Wealth:    124807.04  Turnover: 0.5083  Gross: 1.3899  Gate: 0.7798
Episode 762  Reward:   0.164975  Wealth:    133454.51  Turnover: 0.4835  Gross: 1.3964  Gate: 0.7928
Episode 763  Reward:  -0.110718  Wealth:     97438.12  Turnover: 0.5520  Gross: 1.4042  Gate: 0.8083
Episode 764  Reward:   0.109397  Wealth:    124160.78  Turnover: 0.5793  Gross: 1.4054  Gate: 0.8107
Episode 765  Reward:   0.255010  Wealth:    150975.38  Turnover: 0.6869  Gross: 1.3959  Gate: 0.7918
Episode 766  Reward:   0.172013  Wealth:    139643.71  Turnover: 0.5946  Gross: 1.3963  Gate: 0.7926
Episode 767  Reward:   0.230953  Wealth:    149560.06  Turnover: 0.3793  Gross: 1.3949  Gate: 0.7899
Episode 768  Reward:   0.008912  Wealth:    110428.26  Turnover: 0.5971  Gross: 1.3885  Gate: 0.7771
Episode 769  Reward:   0.283933  Wealth:    161705.51  Turnover: 0.5136  Gross: 1.3968  Gate: 0.7936
Episode 770  Reward:   0.130267  Wealth:    127189.87  Turnover: 0.4841  Gross: 1.4063  Gate: 0.8125
Episode    770  AvgReward:   0.136321  Noise: 0.0322
Episode 771  Reward:  -0.027277  Wealth:    107320.42  Turnover: 0.5297  Gross: 1.3977  Gate: 0.7953
Episode 772  Reward:  -0.056173  Wealth:    104267.73  Turnover: 0.6057  Gross: 1.3858  Gate: 0.7716
Episode 773  Reward:   0.219526  Wealth:    144325.75  Turnover: 0.8027  Gross: 1.3969  Gate: 0.7939
Episode 774  Reward:   0.129454  Wealth:    127294.76  Turnover: 0.5347  Gross: 1.4015  Gate: 0.8031
Episode 775  Reward:   0.198769  Wealth:    138614.50  Turnover: 0.3902  Gross: 1.4030  Gate: 0.8060
Episode 776  Reward:  -0.131036  Wealth:     95562.67  Turnover: 0.4506  Gross: 1.3888  Gate: 0.7775
Episode 777  Reward:  -0.052293  Wealth:    104940.80  Turnover: 0.5881  Gross: 1.3983  Gate: 0.7967
Episode 778  Reward:   0.062575  Wealth:    117387.84  Turnover: 0.4614  Gross: 1.4033  Gate: 0.8067
Episode 779  Reward:   0.313715  Wealth:    169347.20  Turnover: 0.7551  Gross: 1.4017  Gate: 0.8033
Episode 780  Reward:  -0.078008  Wealth:    103493.24  Turnover: 0.6110  Gross: 1.4018  Gate: 0.8037
Episode    780  AvgReward:   0.057925  Noise: 0.0315
Episode 781  Reward:   0.178276  Wealth:    139037.84  Turnover: 0.4221  Gross: 1.4014  Gate: 0.8027
Episode 782  Reward:   0.015088  Wealth:    114350.06  Turnover: 0.6699  Gross: 1.3904  Gate: 0.7809
Episode 783  Reward:   0.193970  Wealth:    142100.90  Turnover: 0.5381  Gross: 1.3981  Gate: 0.7963
Episode 784  Reward:   0.232940  Wealth:    153658.34  Turnover: 0.4638  Gross: 1.3829  Gate: 0.7659
Episode 785  Reward:   0.315210  Wealth:    168638.09  Turnover: 0.6102  Gross: 1.3988  Gate: 0.7976
Episode 786  Reward:   0.089501  Wealth:    123885.48  Turnover: 0.4144  Gross: 1.4010  Gate: 0.8020
Episode 787  Reward:   0.118259  Wealth:    129765.04  Turnover: 0.4472  Gross: 1.3953  Gate: 0.7905
Episode 788  Reward:  -0.011596  Wealth:    107179.76  Turnover: 0.5411  Gross: 1.3930  Gate: 0.7859
Episode 789  Reward:  -0.027502  Wealth:    109038.63  Turnover: 0.5459  Gross: 1.3944  Gate: 0.7889
Episode 790  Reward:   0.252724  Wealth:    152162.71  Turnover: 0.5673  Gross: 1.3924  Gate: 0.7848
Episode    790  AvgReward:   0.135687  Noise: 0.0309
Episode 791  Reward:   0.179912  Wealth:    136585.79  Turnover: 0.4813  Gross: 1.4036  Gate: 0.8072
Episode 792  Reward:  -0.025400  Wealth:    107369.04  Turnover: 0.3535  Gross: 1.3942  Gate: 0.7884
Episode 793  Reward:   0.059623  Wealth:    116468.69  Turnover: 0.4878  Gross: 1.3886  Gate: 0.7772
Episode 794  Reward:   0.227488  Wealth:    148224.08  Turnover: 0.5534  Gross: 1.4027  Gate: 0.8054
Episode 795  Reward:   0.020927  Wealth:    111624.36  Turnover: 0.3652  Gross: 1.3976  Gate: 0.7952
Episode 796  Reward:   0.143710  Wealth:    129612.82  Turnover: 0.5240  Gross: 1.4003  Gate: 0.8006
Episode 797  Reward:  -0.005691  Wealth:    108017.40  Turnover: 0.4199  Gross: 1.3936  Gate: 0.7871
Episode 798  Reward:   0.338626  Wealth:    181860.90  Turnover: 0.6378  Gross: 1.3920  Gate: 0.7840
Episode 799  Reward:   0.211864  Wealth:    144170.30  Turnover: 0.5778  Gross: 1.3936  Gate: 0.7872
Episode 800  Reward:   0.256156  Wealth:    154505.29  Turnover: 0.5492  Gross: 1.3998  Gate: 0.7996
Episode    800  AvgReward:   0.140721  Noise: 0.0303
Episode 801  Reward:   0.304962  Wealth:    173672.14  Turnover: 0.5129  Gross: 1.3880  Gate: 0.7760
Episode 802  Reward:   0.170080  Wealth:    135164.39  Turnover: 0.5083  Gross: 1.4026  Gate: 0.8053
Episode 803  Reward:   0.084913  Wealth:    120635.40  Turnover: 0.3889  Gross: 1.4042  Gate: 0.8085
Episode 804  Reward:  -0.024574  Wealth:    108800.32  Turnover: 0.6374  Gross: 1.3876  Gate: 0.7751
Episode 805  Reward:   0.146326  Wealth:    135538.25  Turnover: 0.4034  Gross: 1.4030  Gate: 0.8059
Episode 806  Reward:   0.147492  Wealth:    132415.19  Turnover: 0.6140  Gross: 1.4064  Gate: 0.8129
Episode 807  Reward:   0.316752  Wealth:    175157.86  Turnover: 0.6300  Gross: 1.3959  Gate: 0.7917
Episode 808  Reward:   0.296620  Wealth:    168327.62  Turnover: 0.4339  Gross: 1.3886  Gate: 0.7772
Episode 809  Reward:   0.157749  Wealth:    132691.00  Turnover: 0.5120  Gross: 1.3871  Gate: 0.7741
Episode 810  Reward:  -0.075622  Wealth:    100040.50  Turnover: 0.5295  Gross: 1.3807  Gate: 0.7615
Episode    810  AvgReward:   0.152470  Noise: 0.0297
Episode 811  Reward:   0.138451  Wealth:    128377.44  Turnover: 0.6339  Gross: 1.3942  Gate: 0.7884
Episode 812  Reward:   0.356615  Wealth:    186527.94  Turnover: 0.5542  Gross: 1.3987  Gate: 0.7973
Episode 813  Reward:  -0.028824  Wealth:    107168.47  Turnover: 0.4720  Gross: 1.4041  Gate: 0.8082
Episode 814  Reward:   0.218202  Wealth:    142979.30  Turnover: 0.8766  Gross: 1.3826  Gate: 0.7652
Episode 815  Reward:   0.282639  Wealth:    160515.04  Turnover: 0.6500  Gross: 1.3941  Gate: 0.7882
Episode 816  Reward:   0.124155  Wealth:    132823.67  Turnover: 0.3420  Gross: 1.4008  Gate: 0.8015
Episode 817  Reward:   0.152423  Wealth:    134254.37  Turnover: 0.5834  Gross: 1.3948  Gate: 0.7897
Episode 818  Reward:   0.119362  Wealth:    129432.73  Turnover: 0.6128  Gross: 1.3984  Gate: 0.7968
Episode 819  Reward:   0.209306  Wealth:    143559.27  Turnover: 0.5961  Gross: 1.4016  Gate: 0.8032
Episode 820  Reward:   0.224098  Wealth:    153354.71  Turnover: 0.4966  Gross: 1.4002  Gate: 0.8004
Episode    820  AvgReward:   0.179643  Noise: 0.0291
Episode 821  Reward:   0.019402  Wealth:    113451.24  Turnover: 0.5935  Gross: 1.3908  Gate: 0.7817
Episode 822  Reward:   0.114640  Wealth:    126195.61  Turnover: 0.5113  Gross: 1.4000  Gate: 0.8001
Episode 823  Reward:   0.260510  Wealth:    153839.72  Turnover: 0.6216  Gross: 1.4035  Gate: 0.8070
Episode 824  Reward:  -0.002398  Wealth:    110922.41  Turnover: 0.2921  Gross: 1.3874  Gate: 0.7747
Episode 825  Reward:   0.346032  Wealth:    182368.16  Turnover: 0.5115  Gross: 1.3969  Gate: 0.7937
Episode 826  Reward:  -0.266719  Wealth:     86473.19  Turnover: 0.7414  Gross: 1.4078  Gate: 0.8156
Episode 827  Reward:   0.222322  Wealth:    151232.64  Turnover: 0.3872  Gross: 1.3916  Gate: 0.7832
Episode 828  Reward:   0.026863  Wealth:    114201.49  Turnover: 0.4352  Gross: 1.3869  Gate: 0.7739
Episode 829  Reward:   0.087182  Wealth:    122399.67  Turnover: 0.6105  Gross: 1.3866  Gate: 0.7732
Episode 830  Reward:   0.074503  Wealth:    119953.43  Turnover: 0.6778  Gross: 1.3971  Gate: 0.7942
Episode    830  AvgReward:   0.088234  Noise: 0.0285
Episode 831  Reward:   0.139898  Wealth:    131936.62  Turnover: 0.7632  Gross: 1.3971  Gate: 0.7942
Episode 832  Reward:   0.174881  Wealth:    140970.90  Turnover: 0.5085  Gross: 1.3928  Gate: 0.7856
Episode 833  Reward:   0.137494  Wealth:    133757.51  Turnover: 0.4520  Gross: 1.3863  Gate: 0.7725
Episode 834  Reward:   0.335620  Wealth:    183112.24  Turnover: 0.5526  Gross: 1.4003  Gate: 0.8006
Episode 835  Reward:   0.269538  Wealth:    157317.60  Turnover: 0.4125  Gross: 1.3972  Gate: 0.7944
Episode 836  Reward:   0.233942  Wealth:    150714.17  Turnover: 0.5714  Gross: 1.3902  Gate: 0.7804
Episode 837  Reward:  -0.046717  Wealth:    103764.30  Turnover: 0.4582  Gross: 1.3909  Gate: 0.7818
Episode 838  Reward:   0.218342  Wealth:    148748.69  Turnover: 0.7447  Gross: 1.3897  Gate: 0.7794
Episode 839  Reward:   0.019788  Wealth:    111795.34  Turnover: 0.4869  Gross: 1.3939  Gate: 0.7877
Episode 840  Reward:   0.023396  Wealth:    116730.80  Turnover: 0.4571  Gross: 1.3922  Gate: 0.7845
Episode    840  AvgReward:   0.150618  Noise: 0.0280
Episode 841  Reward:   0.168954  Wealth:    137339.22  Turnover: 0.6134  Gross: 1.4006  Gate: 0.8012
Episode 842  Reward:   0.136979  Wealth:    130840.35  Turnover: 0.5476  Gross: 1.3983  Gate: 0.7966
Episode 843  Reward:  -0.160476  Wealth:     93581.79  Turnover: 0.4786  Gross: 1.4022  Gate: 0.8044
Episode 844  Reward:   0.163267  Wealth:    137052.90  Turnover: 0.4980  Gross: 1.3913  Gate: 0.7826
Episode 845  Reward:   0.110372  Wealth:    123966.08  Turnover: 0.3908  Gross: 1.3878  Gate: 0.7755
Episode 846  Reward:   0.213307  Wealth:    144488.02  Turnover: 0.4714  Gross: 1.3991  Gate: 0.7982
Episode 847  Reward:   0.332854  Wealth:    176124.36  Turnover: 0.5230  Gross: 1.4049  Gate: 0.8098
Episode 848  Reward:  -0.013258  Wealth:    110835.78  Turnover: 0.4308  Gross: 1.4026  Gate: 0.8052
Episode 849  Reward:   0.211597  Wealth:    141061.99  Turnover: 0.3496  Gross: 1.3991  Gate: 0.7981
Episode 850  Reward:   0.004492  Wealth:    110347.60  Turnover: 0.5950  Gross: 1.3907  Gate: 0.7814
Episode    850  AvgReward:   0.116809  Noise: 0.0274
Episode 851  Reward:  -0.075824  Wealth:    100583.10  Turnover: 0.4278  Gross: 1.4050  Gate: 0.8100
Episode 852  Reward:   0.204474  Wealth:    145072.80  Turnover: 0.5450  Gross: 1.3930  Gate: 0.7860
Episode 853  Reward:   0.144119  Wealth:    134097.02  Turnover: 0.3376  Gross: 1.3981  Gate: 0.7962
Episode 854  Reward:   0.206473  Wealth:    142118.62  Turnover: 0.4300  Gross: 1.3972  Gate: 0.7944
Episode 855  Reward:   0.179228  Wealth:    139713.79  Turnover: 0.6840  Gross: 1.3968  Gate: 0.7936
Episode 856  Reward:  -0.135790  Wealth:     96635.82  Turnover: 0.4453  Gross: 1.4036  Gate: 0.8071
Episode 857  Reward:   0.182176  Wealth:    136854.18  Turnover: 0.2997  Gross: 1.4007  Gate: 0.8014
Episode 858  Reward:   0.222285  Wealth:    144263.10  Turnover: 0.3476  Gross: 1.3987  Gate: 0.7975
Episode 859  Reward:   0.227556  Wealth:    146759.58  Turnover: 0.5075  Gross: 1.3965  Gate: 0.7929
Episode 860  Reward:   0.259820  Wealth:    153560.91  Turnover: 0.4920  Gross: 1.4011  Gate: 0.8023
Episode    860  AvgReward:   0.141452  Noise: 0.0269
Episode 861  Reward:   0.213831  Wealth:    147701.04  Turnover: 0.4783  Gross: 1.4006  Gate: 0.8013
Episode 862  Reward:   0.083927  Wealth:    122913.54  Turnover: 0.3547  Gross: 1.3911  Gate: 0.7822
Episode 863  Reward:   0.104644  Wealth:    122620.34  Turnover: 0.5068  Gross: 1.4020  Gate: 0.8041
Episode 864  Reward:   0.019362  Wealth:    113813.64  Turnover: 0.4886  Gross: 1.4009  Gate: 0.8018
Episode 865  Reward:  -0.173889  Wealth:     93431.58  Turnover: 0.5180  Gross: 1.3997  Gate: 0.7995
Episode 866  Reward:   0.010444  Wealth:    114146.31  Turnover: 0.4584  Gross: 1.4016  Gate: 0.8033
Episode 867  Reward:  -0.036888  Wealth:    108256.03  Turnover: 0.4976  Gross: 1.3908  Gate: 0.7816
Episode 868  Reward:   0.238370  Wealth:    149040.29  Turnover: 0.3726  Gross: 1.4028  Gate: 0.8057
Episode 869  Reward:   0.213667  Wealth:    146290.93  Turnover: 0.4178  Gross: 1.3925  Gate: 0.7851
Episode 870  Reward:   0.259666  Wealth:    152369.89  Turnover: 0.2658  Gross: 1.3865  Gate: 0.7731
Episode    870  AvgReward:   0.093313  Noise: 0.0263
Episode 871  Reward:   0.060209  Wealth:    117820.36  Turnover: 0.3829  Gross: 1.4011  Gate: 0.8023
Episode 872  Reward:   0.293195  Wealth:    165060.51  Turnover: 0.5272  Gross: 1.3991  Gate: 0.7982
Episode 873  Reward:   0.034012  Wealth:    115199.01  Turnover: 0.4130  Gross: 1.4062  Gate: 0.8124
Episode 874  Reward:  -0.039636  Wealth:    108774.85  Turnover: 0.4377  Gross: 1.3791  Gate: 0.7581
Episode 875  Reward:   0.180111  Wealth:    142869.48  Turnover: 0.4182  Gross: 1.3965  Gate: 0.7930
Episode 876  Reward:  -0.128802  Wealth:     96741.87  Turnover: 0.2980  Gross: 1.3997  Gate: 0.7994
Episode 877  Reward:   0.301906  Wealth:    167619.94  Turnover: 0.3557  Gross: 1.4001  Gate: 0.8001
Episode 878  Reward:  -0.038007  Wealth:    109221.61  Turnover: 0.3120  Gross: 1.3850  Gate: 0.7699
Episode 879  Reward:   0.141806  Wealth:    133601.80  Turnover: 0.3273  Gross: 1.3970  Gate: 0.7939
Episode 880  Reward:  -0.334751  Wealth:     82045.22  Turnover: 0.4332  Gross: 1.3985  Gate: 0.7970
Episode    880  AvgReward:   0.047004  Noise: 0.0258
Episode 881  Reward:   0.127197  Wealth:    129432.38  Turnover: 0.3587  Gross: 1.3999  Gate: 0.7998
Episode 882  Reward:   0.147962  Wealth:    130160.53  Turnover: 0.3772  Gross: 1.4037  Gate: 0.8075
Episode 883  Reward:   0.153425  Wealth:    136487.49  Turnover: 0.3329  Gross: 1.3845  Gate: 0.7690
Episode 884  Reward:  -0.132245  Wealth:     97019.77  Turnover: 0.3639  Gross: 1.3844  Gate: 0.7688
Episode 885  Reward:   0.084671  Wealth:    125694.19  Turnover: 0.4247  Gross: 1.4034  Gate: 0.8068
Episode 886  Reward:   0.003072  Wealth:    112045.00  Turnover: 0.3514  Gross: 1.3948  Gate: 0.7896
Episode 887  Reward:   0.229039  Wealth:    152067.48  Turnover: 0.6098  Gross: 1.3983  Gate: 0.7966
Episode 888  Reward:   0.321951  Wealth:    175184.92  Turnover: 0.4378  Gross: 1.4003  Gate: 0.8006
Episode 889  Reward:   0.178637  Wealth:    136107.05  Turnover: 0.4234  Gross: 1.3957  Gate: 0.7914
Episode 890  Reward:  -0.168083  Wealth:     95312.49  Turnover: 0.3273  Gross: 1.3954  Gate: 0.7907
Episode    890  AvgReward:   0.094563  Noise: 0.0253
Episode 891  Reward:   0.203753  Wealth:    144434.34  Turnover: 0.5482  Gross: 1.3898  Gate: 0.7796
Episode 892  Reward:   0.196782  Wealth:    141340.51  Turnover: 0.4866  Gross: 1.3969  Gate: 0.7938
Episode 893  Reward:  -0.072779  Wealth:    103384.51  Turnover: 0.4326  Gross: 1.3954  Gate: 0.7909
Episode 894  Reward:   0.035361  Wealth:    114828.37  Turnover: 0.4516  Gross: 1.4080  Gate: 0.8161
Episode 895  Reward:   0.296446  Wealth:    171295.32  Turnover: 0.4549  Gross: 1.3943  Gate: 0.7886
Episode 896  Reward:   0.199309  Wealth:    142175.69  Turnover: 0.4433  Gross: 1.4075  Gate: 0.8150
Episode 897  Reward:   0.003461  Wealth:    109338.48  Turnover: 0.3990  Gross: 1.4012  Gate: 0.8024
Episode 898  Reward:   0.150620  Wealth:    137344.10  Turnover: 0.4311  Gross: 1.3870  Gate: 0.7739
Episode 899  Reward:   0.281863  Wealth:    166941.34  Turnover: 0.6708  Gross: 1.3998  Gate: 0.7995
Episode 900  Reward:   0.000210  Wealth:    109614.36  Turnover: 0.3980  Gross: 1.4029  Gate: 0.8058
Episode    900  AvgReward:   0.129503  Noise: 0.0248
Episode 901  Reward:   0.138816  Wealth:    132084.77  Turnover: 0.5118  Gross: 1.3893  Gate: 0.7787
Episode 902  Reward:   0.189579  Wealth:    143765.05  Turnover: 0.4229  Gross: 1.3985  Gate: 0.7971
Episode 903  Reward:  -0.077179  Wealth:    101293.62  Turnover: 0.4401  Gross: 1.3953  Gate: 0.7905
Episode 904  Reward:   0.190568  Wealth:    142444.96  Turnover: 0.4127  Gross: 1.3879  Gate: 0.7757
Episode 905  Reward:  -0.047417  Wealth:    108318.37  Turnover: 0.3577  Gross: 1.3973  Gate: 0.7946
Episode 906  Reward:  -0.197617  Wealth:     90886.90  Turnover: 0.4315  Gross: 1.4006  Gate: 0.8013
Episode 907  Reward:   0.247020  Wealth:    154105.50  Turnover: 0.4249  Gross: 1.4014  Gate: 0.8028
Episode 908  Reward:  -0.110553  Wealth:    100529.57  Turnover: 0.4103  Gross: 1.3881  Gate: 0.7763
Episode 909  Reward:   0.126880  Wealth:    129011.54  Turnover: 0.3851  Gross: 1.4049  Gate: 0.8099
Episode 910  Reward:   0.030104  Wealth:    115116.60  Turnover: 0.5606  Gross: 1.3919  Gate: 0.7839
Episode    910  AvgReward:   0.049020  Noise: 0.0243
Episode 911  Reward:   0.157392  Wealth:    133479.27  Turnover: 0.4637  Gross: 1.3977  Gate: 0.7953
Episode 912  Reward:   0.104210  Wealth:    129403.05  Turnover: 0.3695  Gross: 1.4013  Gate: 0.8026
Episode 913  Reward:   0.180145  Wealth:    142173.94  Turnover: 0.4789  Gross: 1.3916  Gate: 0.7832
Episode 914  Reward:   0.177371  Wealth:    135142.16  Turnover: 0.3055  Gross: 1.3978  Gate: 0.7955
Episode 915  Reward:   0.114398  Wealth:    128328.71  Turnover: 0.4604  Gross: 1.3847  Gate: 0.7693
Episode 916  Reward:   0.118912  Wealth:    128274.64  Turnover: 0.5983  Gross: 1.4024  Gate: 0.8047
Episode 917  Reward:  -0.162426  Wealth:     94168.48  Turnover: 0.3235  Gross: 1.3936  Gate: 0.7872
Episode 918  Reward:   0.213543  Wealth:    145954.54  Turnover: 0.4922  Gross: 1.3969  Gate: 0.7938
Episode 919  Reward:   0.358679  Wealth:    191949.97  Turnover: 0.4147  Gross: 1.3901  Gate: 0.7801
Episode 920  Reward:   0.152179  Wealth:    136659.97  Turnover: 0.4373  Gross: 1.3990  Gate: 0.7979
Episode    920  AvgReward:   0.141440  Noise: 0.0238
Episode 921  Reward:   0.057353  Wealth:    116349.69  Turnover: 0.5601  Gross: 1.3789  Gate: 0.7578
Episode 922  Reward:  -0.144860  Wealth:     94778.31  Turnover: 0.3868  Gross: 1.4052  Gate: 0.8104
Episode 923  Reward:   0.270340  Wealth:    154023.73  Turnover: 0.5234  Gross: 1.3873  Gate: 0.7746
Episode 924  Reward:  -0.242709  Wealth:     86030.21  Turnover: 0.3436  Gross: 1.3939  Gate: 0.7877
Episode 925  Reward:   0.132840  Wealth:    134230.16  Turnover: 0.4570  Gross: 1.3819  Gate: 0.7637
Episode 926  Reward:  -0.091385  Wealth:    100525.64  Turnover: 0.3739  Gross: 1.3967  Gate: 0.7933
Episode 927  Reward:   0.075987  Wealth:    119191.24  Turnover: 0.4302  Gross: 1.4039  Gate: 0.8078
Episode 928  Reward:  -0.016258  Wealth:    109476.19  Turnover: 0.4300  Gross: 1.3997  Gate: 0.7993
Episode 929  Reward:   0.281717  Wealth:    164533.44  Turnover: 0.6968  Gross: 1.3991  Gate: 0.7982
Episode 930  Reward:   0.122567  Wealth:    125241.87  Turnover: 0.5366  Gross: 1.4013  Gate: 0.8027
Episode    930  AvgReward:   0.044559  Noise: 0.0234
Episode 931  Reward:   0.134675  Wealth:    127952.04  Turnover: 0.4670  Gross: 1.4036  Gate: 0.8073
Episode 932  Reward:   0.131475  Wealth:    128605.55  Turnover: 0.3949  Gross: 1.4046  Gate: 0.8092
Episode 933  Reward:  -0.139812  Wealth:     99009.34  Turnover: 0.5455  Gross: 1.3829  Gate: 0.7658
Episode 934  Reward:   0.129500  Wealth:    129877.45  Turnover: 0.6127  Gross: 1.4025  Gate: 0.8050
Episode 935  Reward:  -0.092192  Wealth:     99708.49  Turnover: 0.5684  Gross: 1.4026  Gate: 0.8051
Episode 936  Reward:  -0.002511  Wealth:    109543.78  Turnover: 0.4732  Gross: 1.4035  Gate: 0.8070
Episode 937  Reward:   0.057817  Wealth:    117562.28  Turnover: 0.7118  Gross: 1.3961  Gate: 0.7921
Episode 938  Reward:  -0.167243  Wealth:     92997.95  Turnover: 0.4291  Gross: 1.3958  Gate: 0.7916
Episode 939  Reward:   0.235224  Wealth:    150325.75  Turnover: 0.3155  Gross: 1.3991  Gate: 0.7982
Episode 940  Reward:   0.163211  Wealth:    138611.42  Turnover: 0.3190  Gross: 1.4005  Gate: 0.8009
Episode    940  AvgReward:   0.045014  Noise: 0.0229
Episode 941  Reward:   0.292830  Wealth:    165988.19  Turnover: 0.4178  Gross: 1.4019  Gate: 0.8038
Episode 942  Reward:   0.146040  Wealth:    135451.20  Turnover: 0.4914  Gross: 1.4034  Gate: 0.8068
Episode 943  Reward:  -0.192056  Wealth:     91594.79  Turnover: 0.4836  Gross: 1.3978  Gate: 0.7956
Episode 944  Reward:   0.260146  Wealth:    161853.67  Turnover: 0.5964  Gross: 1.3902  Gate: 0.7803
Episode 945  Reward:   0.146645  Wealth:    134348.34  Turnover: 0.3575  Gross: 1.3961  Gate: 0.7922
Episode 946  Reward:  -0.167978  Wealth:     94396.75  Turnover: 0.5354  Gross: 1.3918  Gate: 0.7837
Episode 947  Reward:   0.135196  Wealth:    130715.31  Turnover: 0.5216  Gross: 1.3975  Gate: 0.7950
Episode 948  Reward:   0.182138  Wealth:    138545.20  Turnover: 0.3442  Gross: 1.4034  Gate: 0.8068
Episode 949  Reward:   0.269016  Wealth:    154176.25  Turnover: 0.4593  Gross: 1.3992  Gate: 0.7984
Episode 950  Reward:   0.246843  Wealth:    149187.62  Turnover: 0.2263  Gross: 1.3950  Gate: 0.7901
Episode    950  AvgReward:   0.131882  Noise: 0.0224
Episode 951  Reward:   0.065065  Wealth:    119644.55  Turnover: 0.5053  Gross: 1.4026  Gate: 0.8052
Episode 952  Reward:   0.194521  Wealth:    139543.17  Turnover: 0.4332  Gross: 1.3987  Gate: 0.7973
Episode 953  Reward:   0.239158  Wealth:    149847.37  Turnover: 0.3228  Gross: 1.3998  Gate: 0.7996
Episode 954  Reward:   0.094480  Wealth:    124936.02  Turnover: 0.5263  Gross: 1.3953  Gate: 0.7906
Episode 955  Reward:   0.002378  Wealth:    108496.98  Turnover: 0.5563  Gross: 1.3960  Gate: 0.7921
Episode 956  Reward:   0.082463  Wealth:    121500.25  Turnover: 0.3909  Gross: 1.4006  Gate: 0.8011
Episode 957  Reward:   0.207654  Wealth:    146781.45  Turnover: 0.6171  Gross: 1.4034  Gate: 0.8068
Episode 958  Reward:  -0.126134  Wealth:     99338.31  Turnover: 0.5027  Gross: 1.3811  Gate: 0.7623
Episode 959  Reward:   0.001757  Wealth:    112648.88  Turnover: 0.3756  Gross: 1.3955  Gate: 0.7910
Episode 960  Reward:   0.144207  Wealth:    135718.80  Turnover: 0.4897  Gross: 1.4025  Gate: 0.8051
Episode    960  AvgReward:   0.090555  Noise: 0.0220
Episode 961  Reward:  -0.048598  Wealth:    106146.73  Turnover: 0.6092  Gross: 1.3881  Gate: 0.7762
Episode 962  Reward:   0.145926  Wealth:    132136.35  Turnover: 0.3526  Gross: 1.4066  Gate: 0.8132
Episode 963  Reward:  -0.091480  Wealth:    100854.28  Turnover: 0.6484  Gross: 1.3798  Gate: 0.7596
Episode 964  Reward:   0.030796  Wealth:    113589.31  Turnover: 0.5815  Gross: 1.3884  Gate: 0.7767
Episode 965  Reward:   0.146770  Wealth:    136615.58  Turnover: 0.6172  Gross: 1.3935  Gate: 0.7869
Episode 966  Reward:   0.211070  Wealth:    144728.74  Turnover: 0.4596  Gross: 1.3907  Gate: 0.7814
Episode 967  Reward:   0.067641  Wealth:    120533.56  Turnover: 0.5406  Gross: 1.3851  Gate: 0.7701
Episode 968  Reward:   0.144234  Wealth:    128487.03  Turnover: 0.3366  Gross: 1.4026  Gate: 0.8052
Episode 969  Reward:   0.001434  Wealth:    113317.65  Turnover: 0.3462  Gross: 1.4036  Gate: 0.8071
Episode 970  Reward:   0.021450  Wealth:    114495.27  Turnover: 0.4771  Gross: 1.4013  Gate: 0.8026
Episode    970  AvgReward:   0.062924  Noise: 0.0216
Episode 971  Reward:   0.326258  Wealth:    170346.22  Turnover: 0.6057  Gross: 1.3957  Gate: 0.7913
Episode 972  Reward:   0.227911  Wealth:    146447.03  Turnover: 0.4299  Gross: 1.3964  Gate: 0.7928
Episode 973  Reward:   0.235495  Wealth:    152299.29  Turnover: 0.4242  Gross: 1.3897  Gate: 0.7793
Episode 974  Reward:   0.030711  Wealth:    112109.54  Turnover: 0.2877  Gross: 1.3928  Gate: 0.7855
Episode 975  Reward:   0.092117  Wealth:    125749.89  Turnover: 0.4895  Gross: 1.3985  Gate: 0.7970
Episode 976  Reward:   0.284705  Wealth:    170316.74  Turnover: 0.3756  Gross: 1.3768  Gate: 0.7536
Episode 977  Reward:   0.107788  Wealth:    129131.48  Turnover: 0.4546  Gross: 1.3994  Gate: 0.7988
Episode 978  Reward:   0.335209  Wealth:    177278.06  Turnover: 0.8222  Gross: 1.3963  Gate: 0.7926
Episode 979  Reward:  -0.005978  Wealth:    109285.28  Turnover: 0.5581  Gross: 1.3990  Gate: 0.7980
Episode 980  Reward:   0.232334  Wealth:    148285.26  Turnover: 0.5491  Gross: 1.3843  Gate: 0.7686
Episode    980  AvgReward:   0.186655  Noise: 0.0211
Episode 981  Reward:  -0.101892  Wealth:    100421.27  Turnover: 0.4774  Gross: 1.4071  Gate: 0.8142
Episode 982  Reward:   0.274709  Wealth:    164879.76  Turnover: 0.6282  Gross: 1.3950  Gate: 0.7900
Episode 983  Reward:   0.117155  Wealth:    125160.19  Turnover: 0.6164  Gross: 1.4009  Gate: 0.8017
Episode 984  Reward:   0.182585  Wealth:    135968.64  Turnover: 0.5865  Gross: 1.4009  Gate: 0.8018
Episode 985  Reward:   0.312874  Wealth:    177870.61  Turnover: 0.2579  Gross: 1.3930  Gate: 0.7860
Episode 986  Reward:  -0.406384  Wealth:     76816.29  Turnover: 0.4752  Gross: 1.3952  Gate: 0.7903
Episode 987  Reward:   0.009846  Wealth:    112454.93  Turnover: 0.2630  Gross: 1.3938  Gate: 0.7876
Episode 988  Reward:  -0.234340  Wealth:     89537.55  Turnover: 0.6289  Gross: 1.4040  Gate: 0.8081
Episode 989  Reward:   0.142807  Wealth:    132380.38  Turnover: 0.6411  Gross: 1.4053  Gate: 0.8106
Episode 990  Reward:   0.059397  Wealth:    116975.95  Turnover: 0.3148  Gross: 1.3952  Gate: 0.7903
Episode    990  AvgReward:   0.035676  Noise: 0.0207
Episode 991  Reward:   0.048784  Wealth:    115556.86  Turnover: 0.4166  Gross: 1.3964  Gate: 0.7929
Episode 992  Reward:   0.127355  Wealth:    127866.88  Turnover: 0.4322  Gross: 1.4006  Gate: 0.8012
Episode 993  Reward:   0.035605  Wealth:    115763.34  Turnover: 0.4571  Gross: 1.3976  Gate: 0.7952
Episode 994  Reward:   0.245354  Wealth:    159495.68  Turnover: 0.5113  Gross: 1.3942  Gate: 0.7883
Episode 995  Reward:   0.213666  Wealth:    144503.21  Turnover: 0.6310  Gross: 1.3990  Gate: 0.7980
Episode 996  Reward:   0.205512  Wealth:    141684.32  Turnover: 0.5243  Gross: 1.3980  Gate: 0.7961
Episode 997  Reward:   0.154174  Wealth:    129728.32  Turnover: 0.2749  Gross: 1.4044  Gate: 0.8087
Episode 998  Reward:   0.020055  Wealth:    110998.73  Turnover: 0.4208  Gross: 1.3965  Gate: 0.7930
Episode 999  Reward:   0.019573  Wealth:    111449.88  Turnover: 0.5162  Gross: 1.4001  Gate: 0.8001
Episode 1000  Reward:   0.024441  Wealth:    117470.15  Turnover: 0.3376  Gross: 1.3955  Gate: 0.7910
Episode   1000  AvgReward:   0.109452  Noise: 0.0203
TRAIN STAGE COMPLETE
PRE-TRAINING BEHAVIOUR GATE PASSED on deterministic held-in episodes: mean_leverage_gate=0.7942, fraction_at_gross_cap=0.0000, gate_gross_mae=0.0000, mean_turnover=0.4975, max_position_limit_violation=0.0000, mean_normalized_direction_entropy=0.8429, q05_normalized_direction_entropy=0.7517, mean_effective_positions=3.9941
Pre-training complete. Agent saved.

============================================================
Stage 2: Fine-tuning on Real Data

============================================================
============================================================
STAGE 2: FINE-TUNING
============================================================
============================================================
TRAIN STAGE STARTED: stage=finetune_selection, episodes=37, batch_size=64, updates_per_step=1
============================================================
Episode 1  Reward:   0.172994  Wealth:    136522.53  Turnover: 0.8379  Gross: 1.3931  Gate: 0.7862
Episode 2  Reward:   0.080771  Wealth:    122706.61  Turnover: 0.7463  Gross: 1.3967  Gate: 0.7935
Episode 3  Reward:   0.164215  Wealth:    136201.69  Turnover: 0.7609  Gross: 1.3955  Gate: 0.7910
Episode 4  Reward:   0.003636  Wealth:    109339.82  Turnover: 0.4437  Gross: 1.3985  Gate: 0.7969
Episode 5  Reward:   0.074568  Wealth:    119532.94  Turnover: 0.4723  Gross: 1.3982  Gate: 0.7964
Episode 6  Reward:   0.106915  Wealth:    125627.02  Turnover: 0.7030  Gross: 1.3949  Gate: 0.7899
Episode 7  Reward:   0.175838  Wealth:    140638.74  Turnover: 0.7312  Gross: 1.3953  Gate: 0.7906
Episode 8  Reward:   0.087004  Wealth:    123417.71  Turnover: 0.7463  Gross: 1.3907  Gate: 0.7814
Episode 9  Reward:   0.122386  Wealth:    128096.07  Turnover: 0.8707  Gross: 1.3807  Gate: 0.7614
Episode 10  Reward:   0.275934  Wealth:    165033.53  Turnover: 0.7426  Gross: 1.3825  Gate: 0.7651
Episode 11  Reward:   0.063378  Wealth:    117940.44  Turnover: 0.6881  Gross: 1.4038  Gate: 0.8077
Episode 12  Reward:   0.071549  Wealth:    118821.37  Turnover: 0.5163  Gross: 1.4019  Gate: 0.8039
Episode 13  Reward:   0.204298  Wealth:    147870.73  Turnover: 0.6306  Gross: 1.3964  Gate: 0.7928
Episode 14  Reward:   0.101767  Wealth:    127404.87  Turnover: 0.7234  Gross: 1.3951  Gate: 0.7902
Episode 15  Reward:   0.157393  Wealth:    137068.75  Turnover: 0.7209  Gross: 1.3985  Gate: 0.7970
Episode 16  Reward:   0.194547  Wealth:    141536.98  Turnover: 0.7765  Gross: 1.3941  Gate: 0.7882
Episode 17  Reward:   0.110061  Wealth:    123996.04  Turnover: 0.3445  Gross: 1.3953  Gate: 0.7906
Episode 18  Reward:   0.166530  Wealth:    137224.54  Turnover: 0.7026  Gross: 1.4049  Gate: 0.8098
Episode 19  Reward:   0.141506  Wealth:    127981.09  Turnover: 0.4512  Gross: 1.4005  Gate: 0.8010
Episode 20  Reward:   0.089769  Wealth:    123999.84  Turnover: 0.7784  Gross: 1.4019  Gate: 0.8038
Episode 21  Reward:   0.089001  Wealth:    120586.36  Turnover: 0.4046  Gross: 1.3984  Gate: 0.7967
Episode 22  Reward:   0.108139  Wealth:    123049.68  Turnover: 0.3350  Gross: 1.3948  Gate: 0.7897
Episode 23  Reward:   0.128713  Wealth:    127962.44  Turnover: 0.7037  Gross: 1.4032  Gate: 0.8065
Episode 24  Reward:   0.160739  Wealth:    137918.35  Turnover: 0.6248  Gross: 1.4017  Gate: 0.8034
Episode 25  Reward:   0.092756  Wealth:    121305.27  Turnover: 0.5170  Gross: 1.4036  Gate: 0.8073
Episode 26  Reward:   0.186806  Wealth:    140454.40  Turnover: 0.6209  Gross: 1.4019  Gate: 0.8037
Episode 27  Reward:   0.072825  Wealth:    121722.78  Turnover: 0.6723  Gross: 1.4024  Gate: 0.8049
Episode 28  Reward:   0.108850  Wealth:    128531.30  Turnover: 0.7005  Gross: 1.4022  Gate: 0.8044
Episode 29  Reward:   0.150188  Wealth:    128837.42  Turnover: 0.3803  Gross: 1.3996  Gate: 0.7992
Episode 30  Reward:   0.108729  Wealth:    123528.48  Turnover: 0.3952  Gross: 1.3990  Gate: 0.7981
Episode 31  Reward:   0.224072  Wealth:    147252.91  Turnover: 0.7168  Gross: 1.4042  Gate: 0.8083
Episode 32  Reward:   0.124947  Wealth:    126196.70  Turnover: 0.4088  Gross: 1.4032  Gate: 0.8063
Episode 33  Reward:   0.086129  Wealth:    121909.89  Turnover: 0.7323  Gross: 1.4012  Gate: 0.8025
Episode 34  Reward:   0.121660  Wealth:    130102.24  Turnover: 0.6507  Gross: 1.4014  Gate: 0.8028
Episode 35  Reward:   0.079652  Wealth:    122815.07  Turnover: 0.7133  Gross: 1.3970  Gate: 0.7939
Episode 36  Reward:   0.153937  Wealth:    135180.92  Turnover: 0.6803  Gross: 1.3992  Gate: 0.7983
Episode 37  Reward:   0.180956  Wealth:    139351.78  Turnover: 0.8079  Gross: 1.4052  Gate: 0.8104
Episode     37  AvgReward:   0.128193  Noise: 0.0417
TRAIN STAGE COMPLETE
VALIDATION pass=1 reward=0.176556 wealth=134248.47 turnover=0.7075 gross=1.4146
============================================================
TRAIN STAGE STARTED: stage=finetune_refit_all, episodes=61, batch_size=64, updates_per_step=1
============================================================
Episode 1  Reward:   0.109447  Wealth:    123215.44  Turnover: 0.4319  Gross: 1.3973  Gate: 0.7947
Episode 2  Reward:  -0.018905  Wealth:    107308.25  Turnover: 0.5909  Gross: 1.3983  Gate: 0.7967
Episode 3  Reward:   0.077943  Wealth:    122293.94  Turnover: 0.7226  Gross: 1.3960  Gate: 0.7920
Episode 4  Reward:   0.058341  Wealth:    117704.33  Turnover: 0.6443  Gross: 1.3980  Gate: 0.7959
Episode 5  Reward:   0.282410  Wealth:    157036.95  Turnover: 0.4457  Gross: 1.3936  Gate: 0.7871
Episode 6  Reward:   0.147346  Wealth:    129775.35  Turnover: 0.4746  Gross: 1.3951  Gate: 0.7901
Episode 7  Reward:   0.059656  Wealth:    117396.99  Turnover: 0.4283  Gross: 1.4119  Gate: 0.8238
Episode 8  Reward:   0.111298  Wealth:    127871.50  Turnover: 0.6227  Gross: 1.3877  Gate: 0.7754
Episode 9  Reward:  -0.004128  Wealth:    109535.92  Turnover: 0.4187  Gross: 1.4097  Gate: 0.8194
Episode 10  Reward:   0.121053  Wealth:    129043.24  Turnover: 0.4351  Gross: 1.3911  Gate: 0.7821
Episode 11  Reward:   0.096918  Wealth:    122398.73  Turnover: 0.4630  Gross: 1.4085  Gate: 0.8171
Episode 12  Reward:  -0.027827  Wealth:    107293.65  Turnover: 0.4842  Gross: 1.4036  Gate: 0.8072
Episode 13  Reward:   0.008534  Wealth:    111520.69  Turnover: 0.4970  Gross: 1.3972  Gate: 0.7945
Episode 14  Reward:   0.205052  Wealth:    145635.34  Turnover: 0.4377  Gross: 1.3906  Gate: 0.7812
Episode 15  Reward:   0.222709  Wealth:    150061.52  Turnover: 0.5988  Gross: 1.3973  Gate: 0.7946
Episode 16  Reward:   0.089838  Wealth:    123795.06  Turnover: 0.5125  Gross: 1.3942  Gate: 0.7884
Episode 17  Reward:   0.225340  Wealth:    147788.15  Turnover: 0.7585  Gross: 1.4015  Gate: 0.8031
Episode 18  Reward:   0.111471  Wealth:    123158.21  Turnover: 0.3728  Gross: 1.3926  Gate: 0.7852
Episode 19  Reward:   0.034251  Wealth:    115292.29  Turnover: 0.4922  Gross: 1.3967  Gate: 0.7933
Episode 20  Reward:   0.141889  Wealth:    131650.71  Turnover: 0.5564  Gross: 1.3976  Gate: 0.7952
Episode 21  Reward:   0.163360  Wealth:    132865.39  Turnover: 0.6951  Gross: 1.4075  Gate: 0.8150
Episode 22  Reward:   0.208570  Wealth:    140679.36  Turnover: 0.5601  Gross: 1.4084  Gate: 0.8169
Episode 23  Reward:   0.258556  Wealth:    156842.83  Turnover: 0.6746  Gross: 1.3990  Gate: 0.7981
Episode 24  Reward:   0.152093  Wealth:    130130.75  Turnover: 0.5272  Gross: 1.4081  Gate: 0.8163
Episode 25  Reward:   0.247032  Wealth:    153542.13  Turnover: 0.7084  Gross: 1.4016  Gate: 0.8032
Episode 26  Reward:   0.075623  Wealth:    117843.63  Turnover: 0.5995  Gross: 1.4071  Gate: 0.8142
Episode 27  Reward:   0.170976  Wealth:    135669.42  Turnover: 0.8312  Gross: 1.4014  Gate: 0.8029
Episode 28  Reward:   0.133324  Wealth:    125279.93  Turnover: 0.2511  Gross: 1.3880  Gate: 0.7759
Episode 29  Reward:   0.069123  Wealth:    116485.32  Turnover: 0.6308  Gross: 1.4044  Gate: 0.8089
Episode 30  Reward:   0.156587  Wealth:    131538.57  Turnover: 0.6202  Gross: 1.4006  Gate: 0.8012
Episode 31  Reward:   0.225853  Wealth:    146649.25  Turnover: 0.6295  Gross: 1.3991  Gate: 0.7982
Episode 32  Reward:   0.227870  Wealth:    147656.63  Turnover: 0.7274  Gross: 1.3970  Gate: 0.7940
Episode 33  Reward:   0.218046  Wealth:    144022.36  Turnover: 0.8186  Gross: 1.4023  Gate: 0.8046
Episode 34  Reward:   0.282795  Wealth:    159579.29  Turnover: 0.6974  Gross: 1.4012  Gate: 0.8024
Episode 35  Reward:   0.169660  Wealth:    130796.67  Turnover: 0.3125  Gross: 1.3987  Gate: 0.7975
Episode 36  Reward:   0.047975  Wealth:    114031.39  Turnover: 0.5715  Gross: 1.4028  Gate: 0.8056
Episode 37  Reward:   0.149627  Wealth:    130615.18  Turnover: 0.6396  Gross: 1.3969  Gate: 0.7938
Episode 38  Reward:   0.211918  Wealth:    139237.99  Turnover: 0.5999  Gross: 1.4022  Gate: 0.8045
Episode 39  Reward:   0.160389  Wealth:    129092.49  Turnover: 0.2428  Gross: 1.3963  Gate: 0.7926
Episode 40  Reward:   0.164783  Wealth:    133802.45  Turnover: 0.6881  Gross: 1.3984  Gate: 0.7967
Episode 41  Reward:   0.278373  Wealth:    161295.05  Turnover: 0.8040  Gross: 1.3960  Gate: 0.7921
Episode 42  Reward:   0.184941  Wealth:    132395.89  Turnover: 0.5494  Gross: 1.4015  Gate: 0.8029
Episode 43  Reward:   0.197550  Wealth:    138527.12  Turnover: 0.5967  Gross: 1.3966  Gate: 0.7932
Episode 44  Reward:   0.232954  Wealth:    142869.09  Turnover: 0.5814  Gross: 1.4034  Gate: 0.8067
Episode 45  Reward:   0.194339  Wealth:    140600.95  Turnover: 0.6915  Gross: 1.3999  Gate: 0.7998
Episode 46  Reward:   0.163215  Wealth:    132315.44  Turnover: 0.6458  Gross: 1.3979  Gate: 0.7958
Episode 47  Reward:   0.254326  Wealth:    154621.10  Turnover: 0.8088  Gross: 1.3986  Gate: 0.7971
Episode 48  Reward:   0.222925  Wealth:    143743.11  Turnover: 0.7197  Gross: 1.4041  Gate: 0.8082
Episode 49  Reward:   0.100189  Wealth:    120358.93  Turnover: 0.3397  Gross: 1.3995  Gate: 0.7990
Episode 50  Reward:   0.107431  Wealth:    120670.70  Turnover: 0.5118  Gross: 1.3994  Gate: 0.7987
Episode 51  Reward:   0.109490  Wealth:    121559.25  Turnover: 0.2679  Gross: 1.3931  Gate: 0.7861
Episode 52  Reward:   0.100531  Wealth:    120212.24  Turnover: 0.2353  Gross: 1.3888  Gate: 0.7776
Episode 53  Reward:   0.164327  Wealth:    130108.08  Turnover: 0.3773  Gross: 1.3959  Gate: 0.7918
Episode 54  Reward:   0.195027  Wealth:    137916.28  Turnover: 0.6901  Gross: 1.4061  Gate: 0.8121
Episode 55  Reward:   0.322237  Wealth:    172784.15  Turnover: 0.7695  Gross: 1.3979  Gate: 0.7958
Episode 56  Reward:   0.064806  Wealth:    115039.63  Turnover: 0.5905  Gross: 1.4019  Gate: 0.8038
Episode 57  Reward:   0.316061  Wealth:    167754.72  Turnover: 0.7234  Gross: 1.4020  Gate: 0.8040
Episode 58  Reward:   0.010679  Wealth:    108296.25  Turnover: 0.5364  Gross: 1.4010  Gate: 0.8021
Episode 59  Reward:   0.356705  Wealth:    186288.69  Turnover: 0.6686  Gross: 1.3935  Gate: 0.7869
Episode 60  Reward:   0.210410  Wealth:    141727.05  Turnover: 0.7516  Gross: 1.4051  Gate: 0.8102
Episode 61  Reward:   0.262000  Wealth:    155630.21  Turnover: 0.7573  Gross: 1.4029  Gate: 0.8058
Episode     61  AvgReward:   0.157300  Noise: 0.0370
TRAIN STAGE COMPLETE
Fine-tuning complete. Selected 1 pass(es); final agent saved.

============================================================
TRAINING COMPLETE

============================================================

[2/3] Training seed 20260846
Loading configuration from: config/config.yaml 
Run mode: full | seed: 20260846 | CVaR simulations/step: 512 | vine simulation cores: 23
Loading synthetic return bundle: data/synthetic_returns.RData
Loaded 1000 pre-training and 61 fine-tuning episodes.
Fine-tuning selection: 37 fit episodes, 23 purged overlapping episodes, 1 validation episode; final refit uses all 61.
Run seed: 20260846
Run mode: full
PyTorch: 2.10.0+cu128
Device: cuda
Action schema: interior_rank_partition_leverage_gate_v5; projection temperature=1.5
GPU: NVIDIA A100-SXM4-80GB
PYTHON: Framework ready.
Action schema: interior_rank_partition_leverage_gate_v5 | gross=1.500 | net=1.000 | max_long=0.600 | max_short=0.200
Risk/training: entropy_coef=0.005 | leverage_target=0.800 | leverage_penalty=0.25 | direction_bound=5.000 | AMP=False

============================================================
Stage 1: Pre-training on Synthetic Data

============================================================
============================================================
STAGE 1: PRE-TRAINING
============================================================
============================================================
TRAIN STAGE STARTED: stage=pretrain, episodes=1000, batch_size=128, updates_per_step=1
============================================================
Episode 1  Reward:   0.070009  Wealth:    121697.17  Turnover: 1.1110  Gross: 1.2352  Gate: 0.4704
Episode 2  Reward:  -0.097250  Wealth:    100057.22  Turnover: 1.0289  Gross: 1.2499  Gate: 0.4998
Episode 3  Reward:   0.205197  Wealth:    144727.00  Turnover: 1.1033  Gross: 1.2391  Gate: 0.4783
Episode 4  Reward:  -0.223935  Wealth:     88711.99  Turnover: 1.0911  Gross: 1.2361  Gate: 0.4723
Episode 5  Reward:  -0.339320  Wealth:     80837.05  Turnover: 1.0792  Gross: 1.2336  Gate: 0.4672
Episode 6  Reward:  -0.322449  Wealth:     81990.53  Turnover: 0.9455  Gross: 1.2339  Gate: 0.4678
Episode 7  Reward:   0.261967  Wealth:    156395.75  Turnover: 1.1055  Gross: 1.2615  Gate: 0.5229
Episode 8  Reward:  -0.107763  Wealth:    100027.27  Turnover: 1.0828  Gross: 1.2537  Gate: 0.5074
Episode 9  Reward:   0.166601  Wealth:    134837.18  Turnover: 1.0494  Gross: 1.2264  Gate: 0.4529
Episode 10  Reward:   0.151394  Wealth:    133870.04  Turnover: 1.0895  Gross: 1.2441  Gate: 0.4882
Episode     10  AvgReward:  -0.023555  Noise: 0.1473
Episode 11  Reward:   0.306220  Wealth:    170214.16  Turnover: 0.9869  Gross: 1.2082  Gate: 0.4164
Episode 12  Reward:   0.037716  Wealth:    116448.76  Turnover: 1.0924  Gross: 1.2209  Gate: 0.4418
Episode 13  Reward:  -0.266806  Wealth:     85543.00  Turnover: 1.0793  Gross: 1.2533  Gate: 0.5067
Episode 14  Reward:   0.018777  Wealth:    113120.03  Turnover: 1.0149  Gross: 1.2534  Gate: 0.5068
Episode 15  Reward:   0.069393  Wealth:    119678.17  Turnover: 1.0491  Gross: 1.2325  Gate: 0.4651
Episode 16  Reward:   0.033103  Wealth:    114970.27  Turnover: 1.1399  Gross: 1.2532  Gate: 0.5065
Episode 17  Reward:  -0.145180  Wealth:     95651.83  Turnover: 1.0142  Gross: 1.2524  Gate: 0.5047
Episode 18  Reward:  -0.315590  Wealth:     82274.43  Turnover: 0.9645  Gross: 1.2568  Gate: 0.5135
Episode 19  Reward:   0.218582  Wealth:    146086.12  Turnover: 1.1478  Gross: 1.2086  Gate: 0.4172
Episode 20  Reward:  -0.140711  Wealth:     96275.73  Turnover: 1.1591  Gross: 1.2922  Gate: 0.5844
Episode     20  AvgReward:  -0.018450  Noise: 0.1444
Episode 21  Reward:   0.064613  Wealth:    120292.39  Turnover: 1.0755  Gross: 1.2459  Gate: 0.4917
Episode 22  Reward:  -0.214029  Wealth:     89869.73  Turnover: 0.9844  Gross: 1.2306  Gate: 0.4612
Episode 23  Reward:   0.085629  Wealth:    122248.89  Turnover: 1.0417  Gross: 1.2447  Gate: 0.4894
Episode 24  Reward:   0.098122  Wealth:    124774.65  Turnover: 1.0687  Gross: 1.2584  Gate: 0.5168
Episode 25  Reward:   0.156717  Wealth:    134645.28  Turnover: 1.0583  Gross: 1.2954  Gate: 0.5907
Episode 26  Reward:  -0.148542  Wealth:     94704.90  Turnover: 0.9141  Gross: 1.2141  Gate: 0.4283
Episode 27  Reward:   0.041201  Wealth:    117584.35  Turnover: 1.0837  Gross: 1.2846  Gate: 0.5692
Episode 28  Reward:  -0.015038  Wealth:    109397.81  Turnover: 1.0586  Gross: 1.2428  Gate: 0.4855
Episode 29  Reward:  -0.186589  Wealth:     91811.70  Turnover: 1.0377  Gross: 1.2883  Gate: 0.5766
Episode 30  Reward:  -0.044780  Wealth:    105619.02  Turnover: 0.9837  Gross: 1.2626  Gate: 0.5252
Episode     30  AvgReward:  -0.016269  Noise: 0.1415
Episode 31  Reward:   0.286383  Wealth:    162732.29  Turnover: 1.1389  Gross: 1.2471  Gate: 0.4942
Episode 32  Reward:  -0.124195  Wealth:     97977.44  Turnover: 1.1414  Gross: 1.2913  Gate: 0.5826
Episode 33  Reward:  -0.056367  Wealth:    104562.03  Turnover: 1.0844  Gross: 1.2325  Gate: 0.4651
Episode 34  Reward:  -0.008561  Wealth:    110864.12  Turnover: 1.0396  Gross: 1.2433  Gate: 0.4867
Episode 35  Reward:  -0.106167  Wealth:     99815.31  Turnover: 1.0635  Gross: 1.2540  Gate: 0.5081
Episode 36  Reward:  -0.209799  Wealth:     90131.98  Turnover: 1.0472  Gross: 1.2454  Gate: 0.4909
Episode 37  Reward:  -0.081683  Wealth:    101692.60  Turnover: 1.0725  Gross: 1.2128  Gate: 0.4257
Episode 38  Reward:  -0.017407  Wealth:    109108.01  Turnover: 1.1047  Gross: 1.2401  Gate: 0.4801
Episode 39  Reward:  -0.276067  Wealth:     85209.58  Turnover: 1.0384  Gross: 1.2401  Gate: 0.4801
Episode 40  Reward:  -0.059617  Wealth:    104198.48  Turnover: 0.9827  Gross: 1.2649  Gate: 0.5298
Episode     40  AvgReward:  -0.065348  Noise: 0.1387
Episode 41  Reward:   0.116565  Wealth:    128713.44  Turnover: 0.9917  Gross: 1.2695  Gate: 0.5390
Episode 42  Reward:   0.137423  Wealth:    130921.14  Turnover: 0.7887  Gross: 1.1712  Gate: 0.3425
Episode 43  Reward:  -0.027818  Wealth:    107900.64  Turnover: 0.2892  Gross: 1.0718  Gate: 0.1435
Episode 44  Reward:   0.128573  Wealth:    128784.51  Turnover: 0.2922  Gross: 1.0737  Gate: 0.1474
Episode 45  Reward:  -0.062040  Wealth:    103682.44  Turnover: 0.2988  Gross: 1.0733  Gate: 0.1467
Episode 46  Reward:   0.056161  Wealth:    118238.54  Turnover: 0.2859  Gross: 1.0730  Gate: 0.1461
Episode 47  Reward:  -0.079239  Wealth:    101445.67  Turnover: 0.1900  Gross: 1.0790  Gate: 0.1579
Episode 48  Reward:   0.110100  Wealth:    126207.56  Turnover: 0.2623  Gross: 1.0807  Gate: 0.1613
Episode 49  Reward:   0.272889  Wealth:    158797.02  Turnover: 0.2943  Gross: 1.0795  Gate: 0.1591
Episode 50  Reward:   0.159129  Wealth:    133701.16  Turnover: 0.2037  Gross: 1.0801  Gate: 0.1602
Episode     50  AvgReward:   0.081174  Noise: 0.1360
Episode 51  Reward:   0.044691  Wealth:    115806.30  Turnover: 0.1689  Gross: 1.0826  Gate: 0.1652
Episode 52  Reward:  -0.024810  Wealth:    107381.68  Turnover: 0.2338  Gross: 1.0850  Gate: 0.1699
Episode 53  Reward:  -0.157075  Wealth:     94046.50  Turnover: 0.1618  Gross: 1.0843  Gate: 0.1685
Episode 54  Reward:  -0.220296  Wealth:     88577.83  Turnover: 0.1740  Gross: 1.0828  Gate: 0.1655
Episode 55  Reward:   0.098001  Wealth:    123434.14  Turnover: 0.2408  Gross: 1.0810  Gate: 0.1620
Episode 56  Reward:  -0.123855  Wealth:     96867.33  Turnover: 0.1843  Gross: 1.0876  Gate: 0.1752
Episode 57  Reward:  -0.161023  Wealth:     93387.52  Turnover: 0.1922  Gross: 1.0889  Gate: 0.1779
Episode 58  Reward:   0.326485  Wealth:    172342.62  Turnover: 0.2438  Gross: 1.0907  Gate: 0.1813
Episode 59  Reward:   0.108164  Wealth:    124832.40  Turnover: 0.2481  Gross: 1.0895  Gate: 0.1790
Episode 60  Reward:   0.052667  Wealth:    117061.28  Turnover: 0.3044  Gross: 1.0945  Gate: 0.1889
Episode     60  AvgReward:  -0.005705  Noise: 0.1333
Episode 61  Reward:   0.033241  Wealth:    114006.67  Turnover: 0.2984  Gross: 1.0985  Gate: 0.1970
Episode 62  Reward:  -0.008877  Wealth:    108822.10  Turnover: 0.3847  Gross: 1.0973  Gate: 0.1947
Episode 63  Reward:  -0.085039  Wealth:    100571.25  Turnover: 0.3072  Gross: 1.0973  Gate: 0.1946
Episode 64  Reward:   0.206133  Wealth:    142267.72  Turnover: 0.3372  Gross: 1.0980  Gate: 0.1961
Episode 65  Reward:   0.119437  Wealth:    126446.42  Turnover: 0.3364  Gross: 1.0985  Gate: 0.1969
Episode 66  Reward:   0.338117  Wealth:    174476.73  Turnover: 0.3967  Gross: 1.1031  Gate: 0.2061
Episode 67  Reward:  -0.255089  Wealth:     85694.65  Turnover: 0.3538  Gross: 1.1033  Gate: 0.2065
Episode 68  Reward:   0.266416  Wealth:    154811.00  Turnover: 0.3976  Gross: 1.1063  Gate: 0.2125
Episode 69  Reward:   0.214372  Wealth:    142950.70  Turnover: 0.2980  Gross: 1.1094  Gate: 0.2187
Episode 70  Reward:  -0.141936  Wealth:     94708.21  Turnover: 0.3357  Gross: 1.1070  Gate: 0.2140
Episode     70  AvgReward:   0.068678  Noise: 0.1306
Episode 71  Reward:   0.077070  Wealth:    119589.85  Turnover: 0.2830  Gross: 1.1179  Gate: 0.2358
Episode 72  Reward:   0.248368  Wealth:    150118.18  Turnover: 0.3491  Gross: 1.1159  Gate: 0.2318
Episode 73  Reward:   0.273462  Wealth:    155643.92  Turnover: 0.3317  Gross: 1.1178  Gate: 0.2356
Episode 74  Reward:   0.138333  Wealth:    128859.85  Turnover: 0.3341  Gross: 1.1236  Gate: 0.2471
Episode 75  Reward:   0.119456  Wealth:    125909.33  Turnover: 0.3288  Gross: 1.1237  Gate: 0.2475
Episode 76  Reward:  -0.014820  Wealth:    107118.52  Turnover: 0.3632  Gross: 1.1268  Gate: 0.2537
Episode 77  Reward:   0.003447  Wealth:    109721.26  Turnover: 0.3792  Gross: 1.1273  Gate: 0.2546
Episode 78  Reward:   0.068424  Wealth:    117885.98  Turnover: 0.3360  Gross: 1.1369  Gate: 0.2739
Episode 79  Reward:   0.211494  Wealth:    141978.50  Turnover: 0.3249  Gross: 1.1384  Gate: 0.2768
Episode 80  Reward:  -0.116909  Wealth:     96617.08  Turnover: 0.3646  Gross: 1.1457  Gate: 0.2914
Episode     80  AvgReward:   0.100832  Noise: 0.1281
Episode 81  Reward:   0.126232  Wealth:    126050.93  Turnover: 0.2600  Gross: 1.1453  Gate: 0.2906
Episode 82  Reward:   0.113846  Wealth:    124590.20  Turnover: 0.3243  Gross: 1.1536  Gate: 0.3072
Episode 83  Reward:   0.155144  Wealth:    130841.21  Turnover: 0.3454  Gross: 1.1554  Gate: 0.3109
Episode 84  Reward:   0.122425  Wealth:    125633.11  Turnover: 0.2919  Gross: 1.1645  Gate: 0.3289
Episode 85  Reward:  -0.008234  Wealth:    107958.42  Turnover: 0.3079  Gross: 1.1662  Gate: 0.3324
Episode 86  Reward:   0.098516  Wealth:    121703.84  Turnover: 0.2421  Gross: 1.1670  Gate: 0.3340
Episode 87  Reward:   0.199589  Wealth:    139009.50  Turnover: 0.2964  Gross: 1.1745  Gate: 0.3490
Episode 88  Reward:   0.060448  Wealth:    116486.21  Turnover: 0.3249  Gross: 1.1852  Gate: 0.3704
Episode 89  Reward:   0.241141  Wealth:    147547.75  Turnover: 0.2933  Gross: 1.1938  Gate: 0.3876
Episode 90  Reward:  -0.063420  Wealth:    101504.06  Turnover: 0.3606  Gross: 1.1844  Gate: 0.3689
Episode     90  AvgReward:   0.104569  Noise: 0.1255
Episode 91  Reward:   0.100964  Wealth:    122040.74  Turnover: 0.3268  Gross: 1.2004  Gate: 0.4008
Episode 92  Reward:  -0.016238  Wealth:    106842.77  Turnover: 0.3009  Gross: 1.2082  Gate: 0.4163
Episode 93  Reward:   0.075735  Wealth:    118450.85  Turnover: 0.3491  Gross: 1.2154  Gate: 0.4307
Episode 94  Reward:   0.070891  Wealth:    117978.24  Turnover: 0.3706  Gross: 1.2284  Gate: 0.4569
Episode 95  Reward:   0.251520  Wealth:    149514.27  Turnover: 0.3168  Gross: 1.2288  Gate: 0.4575
Episode 96  Reward:   0.160230  Wealth:    131323.27  Turnover: 0.2795  Gross: 1.2420  Gate: 0.4840
Episode 97  Reward:   0.154111  Wealth:    130777.93  Turnover: 0.3054  Gross: 1.2396  Gate: 0.4791
Episode 98  Reward:   0.128518  Wealth:    126412.79  Turnover: 0.3376  Gross: 1.2531  Gate: 0.5061
Episode 99  Reward:   0.198539  Wealth:    138962.44  Turnover: 0.2509  Gross: 1.2598  Gate: 0.5197
Episode 100  Reward:   0.304751  Wealth:    162508.64  Turnover: 0.2904  Gross: 1.2691  Gate: 0.5382
Episode    100  AvgReward:   0.142902  Noise: 0.1230
Episode 101  Reward:  -0.026154  Wealth:    105829.79  Turnover: 0.3071  Gross: 1.2765  Gate: 0.5530
Episode 102  Reward:   0.066228  Wealth:    117484.63  Turnover: 0.2555  Gross: 1.2786  Gate: 0.5573
Episode 103  Reward:   0.067317  Wealth:    117582.16  Turnover: 0.3387  Gross: 1.2970  Gate: 0.5941
Episode 104  Reward:   0.117864  Wealth:    124796.29  Turnover: 0.3067  Gross: 1.3017  Gate: 0.6033
Episode 105  Reward:   0.281475  Wealth:    157073.60  Turnover: 0.3096  Gross: 1.3090  Gate: 0.6179
Episode 106  Reward:   0.108900  Wealth:    123670.42  Turnover: 0.2422  Gross: 1.3162  Gate: 0.6325
Episode 107  Reward:   0.194662  Wealth:    138217.41  Turnover: 0.2779  Gross: 1.3241  Gate: 0.6481
Episode 108  Reward:  -0.036052  Wealth:    105088.01  Turnover: 0.2356  Gross: 1.3346  Gate: 0.6692
Episode 109  Reward:  -0.062616  Wealth:    101898.50  Turnover: 0.3350  Gross: 1.3339  Gate: 0.6677
Episode 110  Reward:   0.091717  Wealth:    121248.10  Turnover: 0.2876  Gross: 1.3510  Gate: 0.7020
Episode    110  AvgReward:   0.080334  Noise: 0.1206
Episode 111  Reward:   0.246435  Wealth:    149482.82  Turnover: 0.2339  Gross: 1.3568  Gate: 0.7135
Episode 112  Reward:   0.204504  Wealth:    140802.32  Turnover: 0.2967  Gross: 1.3659  Gate: 0.7319
Episode 113  Reward:  -0.180362  Wealth:     91223.38  Turnover: 0.2338  Gross: 1.3703  Gate: 0.7406
Episode 114  Reward:   0.153634  Wealth:    131248.20  Turnover: 0.2969  Gross: 1.3787  Gate: 0.7573
Episode 115  Reward:   0.238287  Wealth:    147641.16  Turnover: 0.2288  Gross: 1.3860  Gate: 0.7720
Episode 116  Reward:   0.215730  Wealth:    142639.82  Turnover: 0.2681  Gross: 1.3890  Gate: 0.7780
Episode 117  Reward:   0.002651  Wealth:    109554.02  Turnover: 0.2607  Gross: 1.3858  Gate: 0.7715
Episode 118  Reward:   0.247774  Wealth:    149547.69  Turnover: 0.2456  Gross: 1.4010  Gate: 0.8021
Episode 119  Reward:   0.094172  Wealth:    121897.38  Turnover: 0.2857  Gross: 1.4001  Gate: 0.8001
Episode 120  Reward:   0.222461  Wealth:    144007.00  Turnover: 0.3301  Gross: 1.4064  Gate: 0.8129
Episode    120  AvgReward:   0.144528  Noise: 0.1182
Episode 121  Reward:   0.146176  Wealth:    129715.60  Turnover: 0.3111  Gross: 1.4022  Gate: 0.8044
Episode 122  Reward:   0.262977  Wealth:    153673.46  Turnover: 0.2861  Gross: 1.4039  Gate: 0.8078
Episode 123  Reward:   0.149195  Wealth:    130582.94  Turnover: 0.2548  Gross: 1.4028  Gate: 0.8055
Episode 124  Reward:   0.199877  Wealth:    140418.44  Turnover: 0.2942  Gross: 1.3995  Gate: 0.7991
Episode 125  Reward:   0.006708  Wealth:    110180.77  Turnover: 0.2823  Gross: 1.4050  Gate: 0.8100
Episode 126  Reward:   0.153760  Wealth:    131993.36  Turnover: 0.2696  Gross: 1.4044  Gate: 0.8088
Episode 127  Reward:   0.058783  Wealth:    116959.52  Turnover: 0.2859  Gross: 1.4045  Gate: 0.8089
Episode 128  Reward:   0.135217  Wealth:    128820.15  Turnover: 0.2523  Gross: 1.3992  Gate: 0.7983
Episode 129  Reward:   0.179901  Wealth:    136543.74  Turnover: 0.2019  Gross: 1.4036  Gate: 0.8071
Episode 130  Reward:   0.193467  Wealth:    139332.17  Turnover: 0.2469  Gross: 1.4019  Gate: 0.8038
Episode    130  AvgReward:   0.148606  Noise: 0.1159
Episode 131  Reward:   0.002467  Wealth:    109888.91  Turnover: 0.2359  Gross: 1.4039  Gate: 0.8078
Episode 132  Reward:   0.107010  Wealth:    124157.62  Turnover: 0.2142  Gross: 1.4024  Gate: 0.8048
Episode 133  Reward:   0.175912  Wealth:    135976.24  Turnover: 0.1917  Gross: 1.4058  Gate: 0.8115
Episode 134  Reward:  -0.494442  Wealth:     71148.18  Turnover: 0.2880  Gross: 1.3983  Gate: 0.7966
Episode 135  Reward:   0.259187  Wealth:    153982.13  Turnover: 0.2227  Gross: 1.4052  Gate: 0.8103
Episode 136  Reward:   0.041803  Wealth:    114695.87  Turnover: 0.2673  Gross: 1.4054  Gate: 0.8108
Episode 137  Reward:   0.115804  Wealth:    125527.59  Turnover: 0.2203  Gross: 1.4036  Gate: 0.8071
Episode 138  Reward:   0.105137  Wealth:    124218.91  Turnover: 0.1667  Gross: 1.3941  Gate: 0.7882
Episode 139  Reward:   0.076564  Wealth:    120173.74  Turnover: 0.2264  Gross: 1.4047  Gate: 0.8094
Episode 140  Reward:   0.283117  Wealth:    159633.88  Turnover: 0.2074  Gross: 1.3965  Gate: 0.7929
Episode    140  AvgReward:   0.067256  Noise: 0.1136
Episode 141  Reward:   0.183097  Wealth:    138390.62  Turnover: 0.2120  Gross: 1.4033  Gate: 0.8066
Episode 142  Reward:   0.000949  Wealth:    109979.74  Turnover: 0.3192  Gross: 1.4030  Gate: 0.8060
Episode 143  Reward:   0.202568  Wealth:    142089.19  Turnover: 0.2321  Gross: 1.3945  Gate: 0.7890
Episode 144  Reward:   0.193647  Wealth:    140217.46  Turnover: 0.2636  Gross: 1.4027  Gate: 0.8053
Episode 145  Reward:   0.241888  Wealth:    150984.21  Turnover: 0.2524  Gross: 1.3957  Gate: 0.7915
Episode 146  Reward:   0.062619  Wealth:    118757.20  Turnover: 0.2246  Gross: 1.3956  Gate: 0.7911
Episode 147  Reward:  -0.005464  Wealth:    109819.41  Turnover: 0.2612  Gross: 1.4024  Gate: 0.8049
Episode 148  Reward:   0.062201  Wealth:    118826.98  Turnover: 0.2746  Gross: 1.4007  Gate: 0.8014
Episode 149  Reward:   0.126677  Wealth:    129151.43  Turnover: 0.1797  Gross: 1.3842  Gate: 0.7683
Episode 150  Reward:   0.086277  Wealth:    122734.87  Turnover: 0.2401  Gross: 1.3925  Gate: 0.7851
Episode    150  AvgReward:   0.115446  Noise: 0.1113
Episode 151  Reward:   0.155571  Wealth:    133920.31  Turnover: 0.2793  Gross: 1.4018  Gate: 0.8035
Episode 152  Reward:  -0.083911  Wealth:    101523.22  Turnover: 0.2970  Gross: 1.3960  Gate: 0.7919
Episode 153  Reward:   0.175258  Wealth:    137850.20  Turnover: 0.3369  Gross: 1.3948  Gate: 0.7896
Episode 154  Reward:   0.255954  Wealth:    155308.16  Turnover: 0.2318  Gross: 1.3897  Gate: 0.7793
Episode 155  Reward:   0.068889  Wealth:    120408.58  Turnover: 0.2263  Gross: 1.3923  Gate: 0.7846
Episode 156  Reward:  -0.321918  Wealth:     81877.95  Turnover: 0.2590  Gross: 1.3994  Gate: 0.7988
Episode 157  Reward:  -0.173795  Wealth:     93296.52  Turnover: 0.2766  Gross: 1.3930  Gate: 0.7859
Episode 158  Reward:   0.095744  Wealth:    124839.63  Turnover: 0.2657  Gross: 1.3902  Gate: 0.7804
Episode 159  Reward:  -0.071726  Wealth:    103059.44  Turnover: 0.1597  Gross: 1.4050  Gate: 0.8099
Episode 160  Reward:   0.294904  Wealth:    166578.99  Turnover: 0.2174  Gross: 1.3914  Gate: 0.7828
Episode    160  AvgReward:   0.039497  Noise: 0.1091
Episode 161  Reward:   0.415260  Wealth:    209784.80  Turnover: 0.2273  Gross: 1.3852  Gate: 0.7704
Episode 162  Reward:   0.052470  Wealth:    119082.89  Turnover: 0.1982  Gross: 1.3947  Gate: 0.7894
Episode 163  Reward:   0.074759  Wealth:    122236.06  Turnover: 0.1803  Gross: 1.4004  Gate: 0.8009
Episode 164  Reward:   0.307868  Wealth:    171738.55  Turnover: 0.2424  Gross: 1.3923  Gate: 0.7846
Episode 165  Reward:   0.075500  Wealth:    122504.12  Turnover: 0.1621  Gross: 1.4089  Gate: 0.8178
Episode 166  Reward:   0.087050  Wealth:    123617.98  Turnover: 0.1866  Gross: 1.4031  Gate: 0.8062
Episode 167  Reward:   0.084383  Wealth:    123298.84  Turnover: 0.1771  Gross: 1.3998  Gate: 0.7996
Episode 168  Reward:   0.157386  Wealth:    135136.55  Turnover: 0.1436  Gross: 1.3970  Gate: 0.7940
Episode 169  Reward:   0.182547  Wealth:    140218.81  Turnover: 0.1382  Gross: 1.4023  Gate: 0.8045
Episode 170  Reward:  -0.032377  Wealth:    107533.79  Turnover: 0.1999  Gross: 1.4033  Gate: 0.8067
Episode    170  AvgReward:   0.140485  Noise: 0.1069
Episode 171  Reward:   0.052618  Wealth:    118510.67  Turnover: 0.1826  Gross: 1.3996  Gate: 0.7991
Episode 172  Reward:   0.203268  Wealth:    144701.28  Turnover: 0.2409  Gross: 1.3906  Gate: 0.7812
Episode 173  Reward:   0.301730  Wealth:    168347.75  Turnover: 0.2198  Gross: 1.3937  Gate: 0.7873
Episode 174  Reward:   0.243736  Wealth:    154428.18  Turnover: 0.3084  Gross: 1.3837  Gate: 0.7673
Episode 175  Reward:  -0.009420  Wealth:    109326.20  Turnover: 0.2361  Gross: 1.3823  Gate: 0.7646
Episode 176  Reward:  -0.141551  Wealth:     95707.78  Turnover: 0.3389  Gross: 1.3917  Gate: 0.7835
Episode 177  Reward:  -0.068573  Wealth:    103309.88  Turnover: 0.2534  Gross: 1.4023  Gate: 0.8046
Episode 178  Reward:   0.333844  Wealth:    178145.10  Turnover: 0.1435  Gross: 1.3862  Gate: 0.7725
Episode 179  Reward:   0.185252  Wealth:    140631.81  Turnover: 0.2733  Gross: 1.3907  Gate: 0.7814
Episode 180  Reward:   0.158471  Wealth:    135488.88  Turnover: 0.2459  Gross: 1.3875  Gate: 0.7750
Episode    180  AvgReward:   0.125937  Noise: 0.1048
Episode 181  Reward:   0.135440  Wealth:    131162.23  Turnover: 0.2821  Gross: 1.3842  Gate: 0.7684
Episode 182  Reward:   0.102158  Wealth:    126339.28  Turnover: 0.3631  Gross: 1.3909  Gate: 0.7818
Episode 183  Reward:  -0.263251  Wealth:     85903.22  Turnover: 0.2612  Gross: 1.3921  Gate: 0.7842
Episode 184  Reward:   0.031819  Wealth:    115706.89  Turnover: 0.4143  Gross: 1.3837  Gate: 0.7675
Episode 185  Reward:   0.060675  Wealth:    119084.21  Turnover: 0.3663  Gross: 1.3980  Gate: 0.7960
Episode 186  Reward:   0.041541  Wealth:    116811.28  Turnover: 0.3765  Gross: 1.4001  Gate: 0.8003
Episode 187  Reward:   0.021910  Wealth:    113910.33  Turnover: 0.4329  Gross: 1.4046  Gate: 0.8092
Episode 188  Reward:   0.142765  Wealth:    132669.79  Turnover: 0.3065  Gross: 1.3807  Gate: 0.7614
Episode 189  Reward:   0.236592  Wealth:    152081.26  Turnover: 0.3945  Gross: 1.3913  Gate: 0.7825
Episode 190  Reward:   0.073384  Wealth:    119630.85  Turnover: 0.3284  Gross: 1.3775  Gate: 0.7551
Episode    190  AvgReward:   0.058303  Noise: 0.1027
Episode 191  Reward:   0.013176  Wealth:    111734.25  Turnover: 0.3512  Gross: 1.3969  Gate: 0.7938
Episode 192  Reward:   0.285924  Wealth:    161576.19  Turnover: 0.2524  Gross: 1.3832  Gate: 0.7663
Episode 193  Reward:   0.285241  Wealth:    161111.93  Turnover: 0.3708  Gross: 1.3947  Gate: 0.7894
Episode 194  Reward:   0.129530  Wealth:    127524.35  Turnover: 0.3196  Gross: 1.3936  Gate: 0.7872
Episode 195  Reward:   0.074079  Wealth:    119776.88  Turnover: 0.2654  Gross: 1.3659  Gate: 0.7317
Episode 196  Reward:   0.132324  Wealth:    127591.46  Turnover: 0.3258  Gross: 1.3817  Gate: 0.7634
Episode 197  Reward:  -0.014084  Wealth:    107823.88  Turnover: 0.3702  Gross: 1.3795  Gate: 0.7589
Episode 198  Reward:   0.224851  Wealth:    145626.32  Turnover: 0.4408  Gross: 1.3965  Gate: 0.7930
Episode 199  Reward:   0.017811  Wealth:    110643.88  Turnover: 0.3879  Gross: 1.3803  Gate: 0.7606
Episode 200  Reward:   0.170067  Wealth:    134631.22  Turnover: 0.3458  Gross: 1.3900  Gate: 0.7800
Episode    200  AvgReward:   0.131892  Noise: 0.1007
Episode 201  Reward:   0.148073  Wealth:    132134.81  Turnover: 0.2596  Gross: 1.3268  Gate: 0.6537
Episode 202  Reward:   0.246451  Wealth:    149242.41  Turnover: 0.3724  Gross: 1.3941  Gate: 0.7883
Episode 203  Reward:  -0.125407  Wealth:     95448.93  Turnover: 0.5119  Gross: 1.3919  Gate: 0.7838
Episode 204  Reward:  -0.143248  Wealth:     93808.08  Turnover: 0.3490  Gross: 1.3682  Gate: 0.7363
Episode 205  Reward:   0.063471  Wealth:    116788.68  Turnover: 0.3129  Gross: 1.3966  Gate: 0.7933
Episode 206  Reward:   0.153430  Wealth:    133966.16  Turnover: 0.3738  Gross: 1.3222  Gate: 0.6444
Episode 207  Reward:   0.275420  Wealth:    158740.58  Turnover: 0.4541  Gross: 1.3909  Gate: 0.7818
Episode 208  Reward:  -0.073283  Wealth:    100162.30  Turnover: 0.4132  Gross: 1.3799  Gate: 0.7597
Episode 209  Reward:   0.124960  Wealth:    129072.67  Turnover: 0.5653  Gross: 1.3707  Gate: 0.7414
Episode 210  Reward:   0.063263  Wealth:    118439.50  Turnover: 0.2931  Gross: 1.3800  Gate: 0.7600
Episode    210  AvgReward:   0.073313  Noise: 0.0987
Episode 211  Reward:   0.204944  Wealth:    139492.55  Turnover: 0.3158  Gross: 1.3827  Gate: 0.7653
Episode 212  Reward:   0.000984  Wealth:    110071.82  Turnover: 0.4999  Gross: 1.3802  Gate: 0.7603
Episode 213  Reward:   0.027091  Wealth:    111460.43  Turnover: 0.2802  Gross: 1.3949  Gate: 0.7898
Episode 214  Reward:   0.116774  Wealth:    124277.16  Turnover: 0.3661  Gross: 1.3691  Gate: 0.7382
Episode 215  Reward:   0.189777  Wealth:    138473.21  Turnover: 0.3613  Gross: 1.3969  Gate: 0.7939
Episode 216  Reward:   0.227904  Wealth:    143401.96  Turnover: 0.3725  Gross: 1.3572  Gate: 0.7144
Episode 217  Reward:   0.235680  Wealth:    147231.50  Turnover: 0.4094  Gross: 1.3862  Gate: 0.7723
Episode 218  Reward:   0.019783  Wealth:    112291.78  Turnover: 0.5559  Gross: 1.3993  Gate: 0.7985
Episode 219  Reward:   0.041547  Wealth:    115708.61  Turnover: 0.5727  Gross: 1.3793  Gate: 0.7585
Episode 220  Reward:   0.148350  Wealth:    132319.19  Turnover: 0.5621  Gross: 1.3698  Gate: 0.7395
Episode    220  AvgReward:   0.121283  Noise: 0.0968
Episode 221  Reward:   0.091954  Wealth:    121634.20  Turnover: 0.4528  Gross: 1.3864  Gate: 0.7728
Episode 222  Reward:   0.106229  Wealth:    124193.99  Turnover: 0.4411  Gross: 1.3852  Gate: 0.7703
Episode 223  Reward:   0.141232  Wealth:    132073.41  Turnover: 0.5698  Gross: 1.3492  Gate: 0.6984
Episode 224  Reward:  -0.022088  Wealth:    105478.34  Turnover: 0.3981  Gross: 1.3570  Gate: 0.7139
Episode 225  Reward:   0.200485  Wealth:    141398.02  Turnover: 0.5324  Gross: 1.3912  Gate: 0.7824
Episode 226  Reward:   0.140917  Wealth:    130248.75  Turnover: 0.5100  Gross: 1.3963  Gate: 0.7927
Episode 227  Reward:   0.172034  Wealth:    134053.81  Turnover: 0.3382  Gross: 1.3945  Gate: 0.7890
Episode 228  Reward:   0.028285  Wealth:    113262.96  Turnover: 0.4376  Gross: 1.3987  Gate: 0.7975
Episode 229  Reward:  -0.024292  Wealth:    106275.97  Turnover: 0.3029  Gross: 1.3895  Gate: 0.7790
Episode 230  Reward:   0.071290  Wealth:    118440.85  Turnover: 0.4228  Gross: 1.3785  Gate: 0.7570
Episode    230  AvgReward:   0.090605  Noise: 0.0948
Episode 231  Reward:   0.020458  Wealth:    110401.26  Turnover: 0.4350  Gross: 1.3842  Gate: 0.7684
Episode 232  Reward:   0.132231  Wealth:    126741.91  Turnover: 0.4396  Gross: 1.3873  Gate: 0.7746
Episode 233  Reward:   0.019286  Wealth:    112012.32  Turnover: 0.3735  Gross: 1.3772  Gate: 0.7544
Episode 234  Reward:   0.123032  Wealth:    125653.56  Turnover: 0.3942  Gross: 1.3861  Gate: 0.7721
Episode 235  Reward:   0.279390  Wealth:    158171.10  Turnover: 0.5482  Gross: 1.3930  Gate: 0.7860
Episode 236  Reward:   0.019372  Wealth:    110632.98  Turnover: 0.4012  Gross: 1.3751  Gate: 0.7503
Episode 237  Reward:  -0.144118  Wealth:     93938.66  Turnover: 0.4428  Gross: 1.3956  Gate: 0.7912
Episode 238  Reward:   0.120461  Wealth:    125099.70  Turnover: 0.3385  Gross: 1.3919  Gate: 0.7838
Episode 239  Reward:   0.115370  Wealth:    124617.03  Turnover: 0.3499  Gross: 1.3962  Gate: 0.7923
Episode 240  Reward:   0.077694  Wealth:    118553.02  Turnover: 0.5402  Gross: 1.4005  Gate: 0.8010
Episode    240  AvgReward:   0.076317  Noise: 0.0930
Episode 241  Reward:   0.223977  Wealth:    143260.63  Turnover: 0.5068  Gross: 1.3857  Gate: 0.7714
Episode 242  Reward:   0.230137  Wealth:    149281.99  Turnover: 0.7438  Gross: 1.3667  Gate: 0.7335
Episode 243  Reward:   0.279098  Wealth:    158564.45  Turnover: 0.6043  Gross: 1.3835  Gate: 0.7669
Episode 244  Reward:   0.064572  Wealth:    118136.30  Turnover: 0.6788  Gross: 1.3822  Gate: 0.7644
Episode 245  Reward:   0.240056  Wealth:    150417.89  Turnover: 0.5391  Gross: 1.3870  Gate: 0.7740
Episode 246  Reward:   0.223117  Wealth:    145765.34  Turnover: 0.5715  Gross: 1.3830  Gate: 0.7660
Episode 247  Reward:  -0.156316  Wealth:     92964.50  Turnover: 0.5248  Gross: 1.3784  Gate: 0.7567
Episode 248  Reward:   0.200053  Wealth:    139349.45  Turnover: 0.5342  Gross: 1.3825  Gate: 0.7650
Episode 249  Reward:   0.267966  Wealth:    155167.03  Turnover: 0.5105  Gross: 1.4044  Gate: 0.8088
Episode 250  Reward:  -0.159387  Wealth:     92504.85  Turnover: 0.5128  Gross: 1.3836  Gate: 0.7671
Episode    250  AvgReward:   0.141327  Noise: 0.0911
Episode 251  Reward:   0.137047  Wealth:    131013.49  Turnover: 0.4632  Gross: 1.3766  Gate: 0.7531
Episode 252  Reward:   0.242158  Wealth:    149421.94  Turnover: 0.3994  Gross: 1.3951  Gate: 0.7902
Episode 253  Reward:   0.291961  Wealth:    165332.33  Turnover: 0.6119  Gross: 1.3629  Gate: 0.7258
Episode 254  Reward:   0.052474  Wealth:    117035.31  Turnover: 0.4275  Gross: 1.3980  Gate: 0.7960
Episode 255  Reward:  -0.093445  Wealth:     99416.33  Turnover: 0.4528  Gross: 1.4042  Gate: 0.8084
Episode 256  Reward:  -0.068872  Wealth:    101860.16  Turnover: 0.6548  Gross: 1.4011  Gate: 0.8022
Episode 257  Reward:   0.068006  Wealth:    118448.77  Turnover: 0.5030  Gross: 1.3887  Gate: 0.7774
Episode 258  Reward:   0.080494  Wealth:    121667.59  Turnover: 0.5751  Gross: 1.3781  Gate: 0.7562
Episode 259  Reward:  -0.019290  Wealth:    108895.36  Turnover: 0.5622  Gross: 1.3776  Gate: 0.7552
Episode 260  Reward:   0.077613  Wealth:    119347.40  Turnover: 0.5215  Gross: 1.4000  Gate: 0.8001
Episode    260  AvgReward:   0.076814  Noise: 0.0893
Episode 261  Reward:   0.149582  Wealth:    130865.82  Turnover: 0.4168  Gross: 1.3920  Gate: 0.7840
Episode 262  Reward:   0.046314  Wealth:    116270.20  Turnover: 0.6424  Gross: 1.3948  Gate: 0.7897
Episode 263  Reward:  -0.067810  Wealth:    101350.06  Turnover: 0.5417  Gross: 1.3670  Gate: 0.7340
Episode 264  Reward:  -0.214914  Wealth:     87686.24  Turnover: 0.4280  Gross: 1.3896  Gate: 0.7792
Episode 265  Reward:  -0.067073  Wealth:    102440.35  Turnover: 0.4009  Gross: 1.3912  Gate: 0.7824
Episode 266  Reward:   0.101936  Wealth:    125136.95  Turnover: 0.7845  Gross: 1.3854  Gate: 0.7708
Episode 267  Reward:   0.022846  Wealth:    112516.64  Turnover: 0.5679  Gross: 1.3732  Gate: 0.7464
Episode 268  Reward:   0.170520  Wealth:    136110.54  Turnover: 0.4999  Gross: 1.3931  Gate: 0.7862
Episode 269  Reward:  -0.029007  Wealth:    107527.56  Turnover: 0.7243  Gross: 1.3605  Gate: 0.7209
Episode 270  Reward:  -0.006919  Wealth:    107333.24  Turnover: 0.4558  Gross: 1.3929  Gate: 0.7858
Episode    270  AvgReward:   0.010548  Noise: 0.0875
Episode 271  Reward:   0.203595  Wealth:    140538.19  Turnover: 0.4258  Gross: 1.4050  Gate: 0.8101
Episode 272  Reward:  -0.171275  Wealth:     92454.47  Turnover: 0.6476  Gross: 1.3922  Gate: 0.7844
Episode 273  Reward:   0.218894  Wealth:    144620.35  Turnover: 0.4300  Gross: 1.3992  Gate: 0.7985
Episode 274  Reward:   0.246361  Wealth:    150441.50  Turnover: 0.7281  Gross: 1.4053  Gate: 0.8106
Episode 275  Reward:  -0.034678  Wealth:    105717.63  Turnover: 0.4264  Gross: 1.3903  Gate: 0.7805
Episode 276  Reward:   0.139931  Wealth:    129354.91  Turnover: 0.5379  Gross: 1.4022  Gate: 0.8045
Episode 277  Reward:   0.252277  Wealth:    154241.88  Turnover: 0.5726  Gross: 1.3786  Gate: 0.7572
Episode 278  Reward:   0.238016  Wealth:    148871.69  Turnover: 0.5807  Gross: 1.3881  Gate: 0.7762
Episode 279  Reward:  -0.019879  Wealth:    105962.43  Turnover: 0.3980  Gross: 1.3883  Gate: 0.7766
Episode 280  Reward:   0.132050  Wealth:    126628.60  Turnover: 0.4448  Gross: 1.3953  Gate: 0.7906
Episode    280  AvgReward:   0.120529  Noise: 0.0858
Episode 281  Reward:   0.201690  Wealth:    139908.89  Turnover: 0.5850  Gross: 1.3896  Gate: 0.7793
Episode 282  Reward:   0.134484  Wealth:    129183.85  Turnover: 0.6595  Gross: 1.3882  Gate: 0.7765
Episode 283  Reward:   0.213534  Wealth:    144210.31  Turnover: 0.4669  Gross: 1.4010  Gate: 0.8020
Episode 284  Reward:   0.056387  Wealth:    116272.20  Turnover: 0.5007  Gross: 1.3978  Gate: 0.7955
Episode 285  Reward:   0.208178  Wealth:    142361.88  Turnover: 0.7577  Gross: 1.3975  Gate: 0.7950
Episode 286  Reward:   0.251606  Wealth:    150753.46  Turnover: 0.5610  Gross: 1.3681  Gate: 0.7363
Episode 287  Reward:   0.149857  Wealth:    130557.07  Turnover: 0.3540  Gross: 1.4029  Gate: 0.8057
Episode 288  Reward:  -0.001421  Wealth:    109725.66  Turnover: 0.8941  Gross: 1.3731  Gate: 0.7462
Episode 289  Reward:   0.276152  Wealth:    155145.26  Turnover: 0.2844  Gross: 1.3775  Gate: 0.7550
Episode 290  Reward:   0.024774  Wealth:    111526.92  Turnover: 0.5362  Gross: 1.3993  Gate: 0.7987
Episode    290  AvgReward:   0.151524  Noise: 0.0841
Episode 291  Reward:   0.063959  Wealth:    115977.75  Turnover: 0.4229  Gross: 1.4074  Gate: 0.8148
Episode 292  Reward:  -0.086323  Wealth:    100232.27  Turnover: 0.4954  Gross: 1.3916  Gate: 0.7831
Episode 293  Reward:   0.019987  Wealth:    111882.10  Turnover: 0.5435  Gross: 1.3934  Gate: 0.7868
Episode 294  Reward:   0.060913  Wealth:    119166.09  Turnover: 0.4569  Gross: 1.3848  Gate: 0.7696
Episode 295  Reward:   0.316045  Wealth:    172597.17  Turnover: 0.4506  Gross: 1.3800  Gate: 0.7600
Episode 296  Reward:   0.100072  Wealth:    120297.89  Turnover: 0.3083  Gross: 1.3661  Gate: 0.7322
Episode 297  Reward:   0.187635  Wealth:    136031.21  Turnover: 0.4235  Gross: 1.4085  Gate: 0.8171
Episode 298  Reward:   0.259725  Wealth:    156299.38  Turnover: 0.7423  Gross: 1.3757  Gate: 0.7514
Episode 299  Reward:   0.079207  Wealth:    119973.13  Turnover: 0.6432  Gross: 1.3946  Gate: 0.7892
Episode 300  Reward:   0.079192  Wealth:    121760.14  Turnover: 0.4822  Gross: 1.3771  Gate: 0.7542
Episode    300  AvgReward:   0.108041  Noise: 0.0824
Episode 301  Reward:   0.099429  Wealth:    123093.82  Turnover: 0.5460  Gross: 1.4005  Gate: 0.8010
Episode 302  Reward:   0.362178  Wealth:    181235.73  Turnover: 0.5454  Gross: 1.3948  Gate: 0.7896
Episode 303  Reward:   0.187899  Wealth:    139624.94  Turnover: 0.4737  Gross: 1.3767  Gate: 0.7534
Episode 304  Reward:   0.109188  Wealth:    124505.98  Turnover: 0.6155  Gross: 1.4083  Gate: 0.8166
Episode 305  Reward:   0.014248  Wealth:    110931.91  Turnover: 0.4469  Gross: 1.4012  Gate: 0.8025
Episode 306  Reward:  -0.049538  Wealth:    104982.47  Turnover: 0.6528  Gross: 1.3933  Gate: 0.7867
Episode 307  Reward:   0.106055  Wealth:    124945.35  Turnover: 0.6009  Gross: 1.4039  Gate: 0.8078
Episode 308  Reward:  -0.028617  Wealth:    106732.10  Turnover: 0.4872  Gross: 1.3863  Gate: 0.7726
Episode 309  Reward:   0.254211  Wealth:    150757.85  Turnover: 0.3718  Gross: 1.3942  Gate: 0.7884
Episode 310  Reward:   0.052836  Wealth:    116645.55  Turnover: 0.4816  Gross: 1.3984  Gate: 0.7969
Episode    310  AvgReward:   0.110789  Noise: 0.0808
Episode 311  Reward:   0.022472  Wealth:    112719.74  Turnover: 0.8122  Gross: 1.3940  Gate: 0.7881
Episode 312  Reward:  -0.167183  Wealth:     93307.64  Turnover: 0.7163  Gross: 1.3978  Gate: 0.7955
Episode 313  Reward:   0.216726  Wealth:    145099.67  Turnover: 0.5035  Gross: 1.3995  Gate: 0.7989
Episode 314  Reward:   0.191265  Wealth:    141173.32  Turnover: 0.4263  Gross: 1.3670  Gate: 0.7340
Episode 315  Reward:   0.105960  Wealth:    125367.01  Turnover: 0.5083  Gross: 1.3876  Gate: 0.7752
Episode 316  Reward:  -0.013743  Wealth:    108272.67  Turnover: 0.6497  Gross: 1.3918  Gate: 0.7836
Episode 317  Reward:   0.357388  Wealth:    181016.40  Turnover: 0.5074  Gross: 1.3975  Gate: 0.7949
Episode 318  Reward:   0.014406  Wealth:    111438.77  Turnover: 0.6103  Gross: 1.3972  Gate: 0.7945
Episode 319  Reward:   0.100196  Wealth:    124198.18  Turnover: 0.5248  Gross: 1.3987  Gate: 0.7974
Episode 320  Reward:  -0.049057  Wealth:    103839.28  Turnover: 0.4457  Gross: 1.3864  Gate: 0.7729
Episode    320  AvgReward:   0.077843  Noise: 0.0792
Episode 321  Reward:   0.377544  Wealth:    190025.96  Turnover: 0.5312  Gross: 1.3968  Gate: 0.7936
Episode 322  Reward:  -0.047794  Wealth:    105380.83  Turnover: 0.6032  Gross: 1.3915  Gate: 0.7830
Episode 323  Reward:   0.030510  Wealth:    113919.31  Turnover: 0.5716  Gross: 1.3890  Gate: 0.7781
Episode 324  Reward:   0.139054  Wealth:    128866.11  Turnover: 0.4743  Gross: 1.3916  Gate: 0.7833
Episode 325  Reward:   0.270705  Wealth:    154724.22  Turnover: 0.4478  Gross: 1.3812  Gate: 0.7625
Episode 326  Reward:   0.120669  Wealth:    126327.75  Turnover: 0.5783  Gross: 1.3974  Gate: 0.7947
Episode 327  Reward:   0.177785  Wealth:    135978.83  Turnover: 0.4365  Gross: 1.3848  Gate: 0.7696
Episode 328  Reward:   0.086031  Wealth:    120660.43  Turnover: 0.5659  Gross: 1.3973  Gate: 0.7946
Episode 329  Reward:  -0.095091  Wealth:     98525.26  Turnover: 0.7659  Gross: 1.3765  Gate: 0.7530
Episode 330  Reward:   0.135590  Wealth:    128693.64  Turnover: 0.5379  Gross: 1.4008  Gate: 0.8016
Episode    330  AvgReward:   0.119500  Noise: 0.0776
Episode 331  Reward:   0.187519  Wealth:    138105.68  Turnover: 0.4388  Gross: 1.3938  Gate: 0.7875
Episode 332  Reward:   0.064847  Wealth:    119417.68  Turnover: 0.4890  Gross: 1.3978  Gate: 0.7955
Episode 333  Reward:   0.249441  Wealth:    154121.76  Turnover: 0.8035  Gross: 1.3960  Gate: 0.7920
Episode 334  Reward:   0.163167  Wealth:    135535.32  Turnover: 0.7004  Gross: 1.3862  Gate: 0.7725
Episode 335  Reward:  -0.277967  Wealth:     84577.20  Turnover: 0.7524  Gross: 1.4035  Gate: 0.8071
Episode 336  Reward:   0.102450  Wealth:    125171.89  Turnover: 0.6877  Gross: 1.3741  Gate: 0.7482
Episode 337  Reward:   0.031276  Wealth:    114448.30  Turnover: 0.8727  Gross: 1.3947  Gate: 0.7894
Episode 338  Reward:   0.235895  Wealth:    146675.22  Turnover: 0.3334  Gross: 1.3960  Gate: 0.7920
Episode 339  Reward:   0.497455  Wealth:    243710.64  Turnover: 0.5179  Gross: 1.3809  Gate: 0.7618
Episode 340  Reward:   0.035200  Wealth:    115083.14  Turnover: 0.4940  Gross: 1.3978  Gate: 0.7957
Episode    340  AvgReward:   0.128928  Noise: 0.0761
Episode 341  Reward:   0.226785  Wealth:    146635.47  Turnover: 0.5197  Gross: 1.3993  Gate: 0.7985
Episode 342  Reward:   0.040159  Wealth:    115097.27  Turnover: 0.7148  Gross: 1.3834  Gate: 0.7667
Episode 343  Reward:   0.133443  Wealth:    128857.53  Turnover: 0.6008  Gross: 1.3889  Gate: 0.7778
Episode 344  Reward:   0.007329  Wealth:    109782.87  Turnover: 0.3752  Gross: 1.4008  Gate: 0.8017
Episode 345  Reward:  -0.065510  Wealth:    102783.00  Turnover: 0.6529  Gross: 1.3979  Gate: 0.7958
Episode 346  Reward:   0.024527  Wealth:    111451.83  Turnover: 0.4080  Gross: 1.3913  Gate: 0.7827
Episode 347  Reward:   0.107071  Wealth:    123821.06  Turnover: 0.7025  Gross: 1.4028  Gate: 0.8056
Episode 348  Reward:   0.000224  Wealth:    109419.25  Turnover: 0.6725  Gross: 1.3769  Gate: 0.7538
Episode 349  Reward:   0.318319  Wealth:    170564.97  Turnover: 0.6820  Gross: 1.3854  Gate: 0.7708
Episode 350  Reward:   0.119074  Wealth:    127987.81  Turnover: 0.7236  Gross: 1.3998  Gate: 0.7997
Episode    350  AvgReward:   0.091142  Noise: 0.0746
Episode 351  Reward:   0.102456  Wealth:    124198.68  Turnover: 0.4240  Gross: 1.4009  Gate: 0.8018
Episode 352  Reward:  -0.062370  Wealth:    103285.40  Turnover: 0.7135  Gross: 1.3844  Gate: 0.7688
Episode 353  Reward:   0.226293  Wealth:    146020.52  Turnover: 0.6620  Gross: 1.3991  Gate: 0.7982
Episode 354  Reward:  -0.282196  Wealth:     83134.14  Turnover: 0.7731  Gross: 1.3896  Gate: 0.7791
Episode 355  Reward:   0.180821  Wealth:    136640.56  Turnover: 0.5289  Gross: 1.3887  Gate: 0.7774
Episode 356  Reward:   0.248283  Wealth:    155116.63  Turnover: 0.7207  Gross: 1.3793  Gate: 0.7586
Episode 357  Reward:  -0.272092  Wealth:     84288.69  Turnover: 0.6133  Gross: 1.4041  Gate: 0.8081
Episode 358  Reward:  -0.037993  Wealth:    104943.94  Turnover: 0.5962  Gross: 1.3890  Gate: 0.7780
Episode 359  Reward:   0.020061  Wealth:    111181.64  Turnover: 0.4249  Gross: 1.4001  Gate: 0.8002
Episode 360  Reward:   0.232908  Wealth:    147151.98  Turnover: 0.4877  Gross: 1.3962  Gate: 0.7924
Episode    360  AvgReward:   0.035617  Noise: 0.0731
Episode 361  Reward:   0.261770  Wealth:    156094.65  Turnover: 0.7834  Gross: 1.3875  Gate: 0.7749
Episode 362  Reward:   0.231172  Wealth:    147223.59  Turnover: 0.6185  Gross: 1.4001  Gate: 0.8003
Episode 363  Reward:   0.100310  Wealth:    123384.42  Turnover: 0.7987  Gross: 1.3992  Gate: 0.7984
Episode 364  Reward:   0.097570  Wealth:    122225.00  Turnover: 0.4204  Gross: 1.3834  Gate: 0.7669
Episode 365  Reward:   0.096290  Wealth:    124008.80  Turnover: 0.4526  Gross: 1.3977  Gate: 0.7955
Episode 366  Reward:   0.083267  Wealth:    120595.15  Turnover: 0.4452  Gross: 1.4016  Gate: 0.8032
Episode 367  Reward:   0.189567  Wealth:    138217.45  Turnover: 0.5165  Gross: 1.3942  Gate: 0.7885
Episode 368  Reward:  -0.231037  Wealth:     86767.13  Turnover: 0.3808  Gross: 1.4011  Gate: 0.8021
Episode 369  Reward:   0.468782  Wealth:    229804.64  Turnover: 0.5065  Gross: 1.3976  Gate: 0.7953
Episode 370  Reward:   0.173212  Wealth:    133876.32  Turnover: 0.5084  Gross: 1.3792  Gate: 0.7584
Episode    370  AvgReward:   0.147090  Noise: 0.0717
Episode 371  Reward:   0.282056  Wealth:    160770.93  Turnover: 0.6434  Gross: 1.3904  Gate: 0.7808
Episode 372  Reward:   0.286991  Wealth:    161941.37  Turnover: 0.5452  Gross: 1.3966  Gate: 0.7931
Episode 373  Reward:   0.206014  Wealth:    141004.47  Turnover: 0.4309  Gross: 1.4080  Gate: 0.8161
Episode 374  Reward:   0.040950  Wealth:    116434.03  Turnover: 0.7184  Gross: 1.3930  Gate: 0.7859
Episode 375  Reward:   0.325741  Wealth:    170642.15  Turnover: 0.5809  Gross: 1.3983  Gate: 0.7967
Episode 376  Reward:  -0.088516  Wealth:    100559.26  Turnover: 0.7391  Gross: 1.3892  Gate: 0.7784
Episode 377  Reward:  -0.088499  Wealth:     98994.17  Turnover: 0.4937  Gross: 1.3931  Gate: 0.7862
Episode 378  Reward:   0.235448  Wealth:    148643.45  Turnover: 0.5881  Gross: 1.3840  Gate: 0.7681
Episode 379  Reward:   0.205850  Wealth:    144013.17  Turnover: 0.7069  Gross: 1.4018  Gate: 0.8036
Episode 380  Reward:   0.146983  Wealth:    129775.85  Turnover: 0.4849  Gross: 1.4021  Gate: 0.8041
Episode    380  AvgReward:   0.155302  Noise: 0.0702
Episode 381  Reward:  -0.112284  Wealth:     96938.71  Turnover: 0.5593  Gross: 1.4064  Gate: 0.8129
Episode 382  Reward:  -0.189389  Wealth:     91184.57  Turnover: 0.5819  Gross: 1.3898  Gate: 0.7796
Episode 383  Reward:  -0.012651  Wealth:    107749.04  Turnover: 0.7433  Gross: 1.4032  Gate: 0.8064
Episode 384  Reward:   0.146926  Wealth:    132145.68  Turnover: 0.6684  Gross: 1.3889  Gate: 0.7779
Episode 385  Reward:   0.199010  Wealth:    142429.94  Turnover: 0.4864  Gross: 1.3934  Gate: 0.7867
Episode 386  Reward:  -0.131815  Wealth:     96672.48  Turnover: 0.7534  Gross: 1.3892  Gate: 0.7784
Episode 387  Reward:   0.217183  Wealth:    146332.66  Turnover: 0.6892  Gross: 1.3971  Gate: 0.7943
Episode 388  Reward:   0.089458  Wealth:    124128.16  Turnover: 0.6602  Gross: 1.3867  Gate: 0.7734
Episode 389  Reward:  -0.113956  Wealth:     98187.26  Turnover: 0.3667  Gross: 1.4059  Gate: 0.8118
Episode 390  Reward:   0.280397  Wealth:    162326.75  Turnover: 0.7912  Gross: 1.3962  Gate: 0.7923
Episode    390  AvgReward:   0.037288  Noise: 0.0688
Episode 391  Reward:   0.138767  Wealth:    131796.15  Turnover: 0.5482  Gross: 1.3959  Gate: 0.7917
Episode 392  Reward:   0.270998  Wealth:    159679.58  Turnover: 0.6077  Gross: 1.4018  Gate: 0.8036
Episode 393  Reward:   0.267882  Wealth:    158489.84  Turnover: 0.6865  Gross: 1.3953  Gate: 0.7907
Episode 394  Reward:  -0.563360  Wealth:     67867.16  Turnover: 0.5268  Gross: 1.4048  Gate: 0.8096
Episode 395  Reward:   0.073116  Wealth:    120232.80  Turnover: 0.4907  Gross: 1.3924  Gate: 0.7849
Episode 396  Reward:   0.033787  Wealth:    114899.92  Turnover: 0.4858  Gross: 1.4004  Gate: 0.8008
Episode 397  Reward:   0.090184  Wealth:    123347.20  Turnover: 0.5812  Gross: 1.4026  Gate: 0.8053
Episode 398  Reward:   0.249914  Wealth:    153084.11  Turnover: 0.6179  Gross: 1.3992  Gate: 0.7984
Episode 399  Reward:   0.187325  Wealth:    139092.80  Turnover: 0.6011  Gross: 1.3997  Gate: 0.7994
Episode 400  Reward:  -0.027557  Wealth:    106748.22  Turnover: 0.6442  Gross: 1.3950  Gate: 0.7900
Episode    400  AvgReward:   0.072106  Noise: 0.0675
Episode 401  Reward:   0.081062  Wealth:    123223.15  Turnover: 0.6126  Gross: 1.3839  Gate: 0.7678
Episode 402  Reward:  -0.025947  Wealth:    106955.65  Turnover: 0.7076  Gross: 1.3968  Gate: 0.7936
Episode 403  Reward:   0.181568  Wealth:    138206.85  Turnover: 0.5976  Gross: 1.3953  Gate: 0.7905
Episode 404  Reward:  -0.058071  Wealth:    103541.96  Turnover: 0.5067  Gross: 1.3953  Gate: 0.7906
Episode 405  Reward:  -0.147790  Wealth:     95685.34  Turnover: 0.7219  Gross: 1.3875  Gate: 0.7750
Episode 406  Reward:   0.179721  Wealth:    138079.38  Turnover: 0.5334  Gross: 1.3919  Gate: 0.7839
Episode 407  Reward:   0.160446  Wealth:    134134.33  Turnover: 0.5117  Gross: 1.3992  Gate: 0.7984
Episode 408  Reward:   0.125359  Wealth:    129203.64  Turnover: 0.5801  Gross: 1.3909  Gate: 0.7818
Episode 409  Reward:  -0.035678  Wealth:    106593.55  Turnover: 0.7954  Gross: 1.4025  Gate: 0.8049
Episode 410  Reward:   0.105088  Wealth:    125394.48  Turnover: 0.6790  Gross: 1.3830  Gate: 0.7660
Episode    410  AvgReward:   0.056576  Noise: 0.0661
Episode 411  Reward:   0.137505  Wealth:    129857.35  Turnover: 0.6109  Gross: 1.3936  Gate: 0.7872
Episode 412  Reward:   0.121450  Wealth:    129312.16  Turnover: 0.8823  Gross: 1.4017  Gate: 0.8034
Episode 413  Reward:   0.192479  Wealth:    140813.96  Turnover: 0.6268  Gross: 1.3953  Gate: 0.7907
Episode 414  Reward:   0.317925  Wealth:    167842.46  Turnover: 0.6231  Gross: 1.4016  Gate: 0.8033
Episode 415  Reward:   0.188201  Wealth:    141826.58  Turnover: 0.7181  Gross: 1.3945  Gate: 0.7889
Episode 416  Reward:   0.329904  Wealth:    173537.98  Turnover: 0.6816  Gross: 1.3948  Gate: 0.7895
Episode 417  Reward:   0.252308  Wealth:    153806.33  Turnover: 0.6589  Gross: 1.3970  Gate: 0.7940
Episode 418  Reward:  -0.030632  Wealth:    106994.31  Turnover: 0.6209  Gross: 1.3966  Gate: 0.7932
Episode 419  Reward:   0.301716  Wealth:    166454.19  Turnover: 0.5058  Gross: 1.4017  Gate: 0.8035
Episode 420  Reward:   0.194541  Wealth:    142829.55  Turnover: 0.8346  Gross: 1.4048  Gate: 0.8096
Episode    420  AvgReward:   0.200540  Noise: 0.0648
Episode 421  Reward:  -0.100548  Wealth:     99218.85  Turnover: 0.7039  Gross: 1.3969  Gate: 0.7938
Episode 422  Reward:   0.078139  Wealth:    120183.23  Turnover: 0.5720  Gross: 1.3958  Gate: 0.7917
Episode 423  Reward:  -0.050548  Wealth:    104439.84  Turnover: 0.6400  Gross: 1.3935  Gate: 0.7871
Episode 424  Reward:   0.277403  Wealth:    157113.77  Turnover: 0.4160  Gross: 1.4037  Gate: 0.8075
Episode 425  Reward:   0.399346  Wealth:    205697.06  Turnover: 0.6567  Gross: 1.3846  Gate: 0.7692
Episode 426  Reward:   0.175356  Wealth:    138681.92  Turnover: 0.5956  Gross: 1.3697  Gate: 0.7393
Episode 427  Reward:   0.068529  Wealth:    119000.92  Turnover: 0.6432  Gross: 1.4037  Gate: 0.8073
Episode 428  Reward:   0.061090  Wealth:    117398.82  Turnover: 0.5890  Gross: 1.4071  Gate: 0.8142
Episode 429  Reward:  -0.024935  Wealth:    107063.27  Turnover: 0.5168  Gross: 1.3908  Gate: 0.7817
Episode 430  Reward:   0.131142  Wealth:    128725.26  Turnover: 0.7293  Gross: 1.3953  Gate: 0.7906
Episode    430  AvgReward:   0.101497  Noise: 0.0635
Episode 431  Reward:   0.036128  Wealth:    115037.78  Turnover: 0.7314  Gross: 1.3992  Gate: 0.7984
Episode 432  Reward:  -0.126611  Wealth:     96601.09  Turnover: 0.5736  Gross: 1.3997  Gate: 0.7993
Episode 433  Reward:   0.123832  Wealth:    128451.93  Turnover: 0.6479  Gross: 1.4029  Gate: 0.8058
Episode 434  Reward:   0.170451  Wealth:    134542.71  Turnover: 0.4291  Gross: 1.3991  Gate: 0.7982
Episode 435  Reward:   0.250065  Wealth:    156024.44  Turnover: 0.5501  Gross: 1.3970  Gate: 0.7940
Episode 436  Reward:   0.117234  Wealth:    127911.79  Turnover: 0.7707  Gross: 1.3931  Gate: 0.7863
Episode 437  Reward:   0.173038  Wealth:    140388.62  Turnover: 0.6516  Gross: 1.3894  Gate: 0.7787
Episode 438  Reward:   0.217327  Wealth:    148640.90  Turnover: 0.4627  Gross: 1.3834  Gate: 0.7668
Episode 439  Reward:   0.052256  Wealth:    120373.76  Turnover: 0.6537  Gross: 1.4023  Gate: 0.8046
Episode 440  Reward:   0.064613  Wealth:    119193.39  Turnover: 0.6980  Gross: 1.3967  Gate: 0.7935
Episode    440  AvgReward:   0.107833  Noise: 0.0623
Episode 441  Reward:   0.288529  Wealth:    163640.79  Turnover: 0.6779  Gross: 1.3947  Gate: 0.7893
Episode 442  Reward:   0.162687  Wealth:    133235.72  Turnover: 0.7723  Gross: 1.3961  Gate: 0.7922
Episode 443  Reward:   0.313418  Wealth:    167237.59  Turnover: 0.5778  Gross: 1.3960  Gate: 0.7919
Episode 444  Reward:   0.003899  Wealth:    112547.56  Turnover: 0.8012  Gross: 1.4077  Gate: 0.8154
Episode 445  Reward:   0.041332  Wealth:    116786.38  Turnover: 0.6825  Gross: 1.3769  Gate: 0.7537
Episode 446  Reward:   0.258944  Wealth:    156440.38  Turnover: 0.5136  Gross: 1.3880  Gate: 0.7760
Episode 447  Reward:   0.350216  Wealth:    183753.01  Turnover: 0.5570  Gross: 1.4022  Gate: 0.8044
Episode 448  Reward:   0.139772  Wealth:    131790.00  Turnover: 0.5659  Gross: 1.3925  Gate: 0.7851
Episode 449  Reward:   0.173041  Wealth:    136239.77  Turnover: 0.5565  Gross: 1.3899  Gate: 0.7799
Episode 450  Reward:   0.103190  Wealth:    123989.20  Turnover: 0.4703  Gross: 1.3920  Gate: 0.7840
Episode    450  AvgReward:   0.183503  Noise: 0.0611
Episode 451  Reward:   0.095538  Wealth:    123334.88  Turnover: 0.6018  Gross: 1.4053  Gate: 0.8107
Episode 452  Reward:  -0.049595  Wealth:    103036.74  Turnover: 0.2841  Gross: 1.4040  Gate: 0.8079
Episode 453  Reward:  -0.015641  Wealth:    107537.22  Turnover: 0.7357  Gross: 1.4007  Gate: 0.8015
Episode 454  Reward:   0.139918  Wealth:    130638.08  Turnover: 0.6015  Gross: 1.4023  Gate: 0.8046
Episode 455  Reward:   0.196624  Wealth:    138509.52  Turnover: 0.4208  Gross: 1.4043  Gate: 0.8086
Episode 456  Reward:   0.193818  Wealth:    138531.33  Turnover: 0.6394  Gross: 1.3886  Gate: 0.7772
Episode 457  Reward:   0.319175  Wealth:    171703.68  Turnover: 0.7217  Gross: 1.3976  Gate: 0.7952
Episode 458  Reward:   0.236662  Wealth:    153389.30  Turnover: 0.4547  Gross: 1.3708  Gate: 0.7417
Episode 459  Reward:   0.074982  Wealth:    120624.48  Turnover: 0.7873  Gross: 1.3896  Gate: 0.7791
Episode 460  Reward:   0.019426  Wealth:    114120.82  Turnover: 0.6619  Gross: 1.4058  Gate: 0.8117
Episode    460  AvgReward:   0.121091  Noise: 0.0598
Episode 461  Reward:   0.201734  Wealth:    141955.38  Turnover: 0.6939  Gross: 1.4035  Gate: 0.8069
Episode 462  Reward:   0.351949  Wealth:    179574.47  Turnover: 0.8108  Gross: 1.3996  Gate: 0.7992
Episode 463  Reward:   0.154752  Wealth:    132967.86  Turnover: 0.7005  Gross: 1.4033  Gate: 0.8066
Episode 464  Reward:   0.227394  Wealth:    148546.94  Turnover: 0.4026  Gross: 1.3936  Gate: 0.7872
Episode 465  Reward:  -0.140118  Wealth:     97377.86  Turnover: 0.8066  Gross: 1.4005  Gate: 0.8009
Episode 466  Reward:   0.089557  Wealth:    123700.17  Turnover: 0.6323  Gross: 1.3886  Gate: 0.7772
Episode 467  Reward:   0.102195  Wealth:    125486.53  Turnover: 0.6592  Gross: 1.3984  Gate: 0.7969
Episode 468  Reward:   0.133943  Wealth:    128785.29  Turnover: 0.5453  Gross: 1.3990  Gate: 0.7981
Episode 469  Reward:  -0.259290  Wealth:     86092.37  Turnover: 0.8006  Gross: 1.4060  Gate: 0.8119
Episode 470  Reward:   0.086760  Wealth:    121492.99  Turnover: 0.5231  Gross: 1.4076  Gate: 0.8151
Episode    470  AvgReward:   0.094888  Noise: 0.0587
Episode 471  Reward:  -0.018670  Wealth:    109047.20  Turnover: 0.8176  Gross: 1.3966  Gate: 0.7933
Episode 472  Reward:   0.297588  Wealth:    167578.90  Turnover: 0.6176  Gross: 1.3915  Gate: 0.7830
Episode 473  Reward:   0.151703  Wealth:    136025.30  Turnover: 0.8359  Gross: 1.4024  Gate: 0.8048
Episode 474  Reward:   0.273359  Wealth:    160099.93  Turnover: 0.6294  Gross: 1.4023  Gate: 0.8047
Episode 475  Reward:   0.008024  Wealth:    112398.44  Turnover: 0.8787  Gross: 1.4048  Gate: 0.8096
Episode 476  Reward:   0.112103  Wealth:    124006.30  Turnover: 0.5630  Gross: 1.4032  Gate: 0.8065
Episode 477  Reward:  -0.020384  Wealth:    107723.62  Turnover: 0.7789  Gross: 1.3989  Gate: 0.7978
Episode 478  Reward:   0.046551  Wealth:    115296.40  Turnover: 0.5179  Gross: 1.4052  Gate: 0.8103
Episode 479  Reward:   0.061095  Wealth:    118409.31  Turnover: 0.6763  Gross: 1.4082  Gate: 0.8163
Episode 480  Reward:   0.215669  Wealth:    144737.75  Turnover: 0.6848  Gross: 1.4065  Gate: 0.8130
Episode    480  AvgReward:   0.112704  Noise: 0.0575
Episode 481  Reward:   0.213128  Wealth:    145504.46  Turnover: 0.4574  Gross: 1.3978  Gate: 0.7957
Episode 482  Reward:   0.160572  Wealth:    135800.42  Turnover: 0.8379  Gross: 1.4021  Gate: 0.8042
Episode 483  Reward:   0.070248  Wealth:    120507.45  Turnover: 0.8654  Gross: 1.3986  Gate: 0.7972
Episode 484  Reward:   0.121006  Wealth:    127059.40  Turnover: 0.6541  Gross: 1.3967  Gate: 0.7933
Episode 485  Reward:  -0.142833  Wealth:     94257.85  Turnover: 0.5068  Gross: 1.4006  Gate: 0.8011
Episode 486  Reward:   0.104673  Wealth:    125069.40  Turnover: 0.7969  Gross: 1.3882  Gate: 0.7764
Episode 487  Reward:  -0.042916  Wealth:    105351.40  Turnover: 0.5027  Gross: 1.4054  Gate: 0.8107
Episode 488  Reward:   0.218264  Wealth:    143148.05  Turnover: 0.2237  Gross: 1.3922  Gate: 0.7844
Episode 489  Reward:   0.342579  Wealth:    186307.78  Turnover: 0.6364  Gross: 1.3961  Gate: 0.7922
Episode 490  Reward:   0.218496  Wealth:    148463.51  Turnover: 0.8821  Gross: 1.3979  Gate: 0.7957
Episode    490  AvgReward:   0.126322  Noise: 0.0564
Episode 491  Reward:   0.419507  Wealth:    215784.08  Turnover: 0.6994  Gross: 1.4006  Gate: 0.8013
Episode 492  Reward:   0.180237  Wealth:    137192.24  Turnover: 0.7133  Gross: 1.4023  Gate: 0.8045
Episode 493  Reward:  -0.007775  Wealth:    110301.00  Turnover: 0.8073  Gross: 1.3860  Gate: 0.7720
Episode 494  Reward:  -0.090870  Wealth:    100279.92  Turnover: 0.9812  Gross: 1.4011  Gate: 0.8022
Episode 495  Reward:   0.102365  Wealth:    124334.30  Turnover: 0.6673  Gross: 1.3993  Gate: 0.7985
Episode 496  Reward:   0.085106  Wealth:    123206.16  Turnover: 0.7041  Gross: 1.3986  Gate: 0.7973
Episode 497  Reward:  -0.054068  Wealth:    106201.06  Turnover: 0.7286  Gross: 1.3930  Gate: 0.7859
Episode 498  Reward:  -0.109190  Wealth:     98608.19  Turnover: 0.9171  Gross: 1.4141  Gate: 0.8282
Episode 499  Reward:   0.319681  Wealth:    170585.11  Turnover: 0.6752  Gross: 1.3970  Gate: 0.7941
Episode 500  Reward:  -0.082530  Wealth:    100545.60  Turnover: 0.5848  Gross: 1.4008  Gate: 0.8016
Episode    500  AvgReward:   0.076246  Noise: 0.0552
Episode 501  Reward:   0.114986  Wealth:    125652.40  Turnover: 0.6246  Gross: 1.3958  Gate: 0.7915
Episode 502  Reward:   0.107895  Wealth:    124012.51  Turnover: 0.8145  Gross: 1.3978  Gate: 0.7956
Episode 503  Reward:  -0.155052  Wealth:     94506.90  Turnover: 0.6423  Gross: 1.4055  Gate: 0.8110
Episode 504  Reward:   0.112068  Wealth:    126924.17  Turnover: 0.4901  Gross: 1.4030  Gate: 0.8059
Episode 505  Reward:   0.152978  Wealth:    133280.69  Turnover: 0.7061  Gross: 1.3938  Gate: 0.7875
Episode 506  Reward:   0.316906  Wealth:    172110.11  Turnover: 0.6167  Gross: 1.3945  Gate: 0.7889
Episode 507  Reward:   0.282800  Wealth:    161011.57  Turnover: 0.7179  Gross: 1.4043  Gate: 0.8087
Episode 508  Reward:   0.167182  Wealth:    137018.50  Turnover: 0.4909  Gross: 1.4003  Gate: 0.8007
Episode 509  Reward:   0.003605  Wealth:    111243.65  Turnover: 0.6798  Gross: 1.3924  Gate: 0.7849
Episode 510  Reward:   0.123529  Wealth:    127705.09  Turnover: 0.7496  Gross: 1.4115  Gate: 0.8231
Episode    510  AvgReward:   0.122690  Noise: 0.0541
Episode 511  Reward:  -0.111386  Wealth:     97930.90  Turnover: 0.7410  Gross: 1.3965  Gate: 0.7931
Episode 512  Reward:  -0.104265  Wealth:     99143.74  Turnover: 0.8846  Gross: 1.3907  Gate: 0.7813
Episode 513  Reward:   0.052144  Wealth:    119588.99  Turnover: 0.5030  Gross: 1.3959  Gate: 0.7918
Episode 514  Reward:   0.177563  Wealth:    136264.20  Turnover: 0.7532  Gross: 1.4026  Gate: 0.8053
Episode 515  Reward:   0.066093  Wealth:    118480.63  Turnover: 0.6348  Gross: 1.3996  Gate: 0.7992
Episode 516  Reward:   0.017225  Wealth:    111334.79  Turnover: 0.5127  Gross: 1.4016  Gate: 0.8032
Episode 517  Reward:  -0.004605  Wealth:    107620.44  Turnover: 0.6347  Gross: 1.4041  Gate: 0.8082
Episode 518  Reward:   0.090564  Wealth:    121628.02  Turnover: 0.6424  Gross: 1.3987  Gate: 0.7973
Episode 519  Reward:   0.242259  Wealth:    150943.32  Turnover: 0.6352  Gross: 1.4026  Gate: 0.8052
Episode 520  Reward:   0.237615  Wealth:    146714.05  Turnover: 0.2408  Gross: 1.3991  Gate: 0.7981
Episode    520  AvgReward:   0.066321  Noise: 0.0531
Episode 521  Reward:   0.197221  Wealth:    137873.44  Turnover: 0.3251  Gross: 1.4050  Gate: 0.8100
Episode 522  Reward:   0.278789  Wealth:    160104.28  Turnover: 0.8732  Gross: 1.3940  Gate: 0.7880
Episode 523  Reward:   0.275619  Wealth:    156597.56  Turnover: 0.6527  Gross: 1.3975  Gate: 0.7950
Episode 524  Reward:   0.140175  Wealth:    129766.53  Turnover: 0.5567  Gross: 1.3948  Gate: 0.7896
Episode 525  Reward:   0.293445  Wealth:    163885.11  Turnover: 0.6400  Gross: 1.3957  Gate: 0.7914
Episode 526  Reward:   0.136935  Wealth:    127612.81  Turnover: 0.6490  Gross: 1.4011  Gate: 0.8023
Episode 527  Reward:   0.031253  Wealth:    112031.90  Turnover: 0.4779  Gross: 1.3947  Gate: 0.7894
Episode 528  Reward:  -0.132825  Wealth:     95390.94  Turnover: 0.5823  Gross: 1.4007  Gate: 0.8015
Episode 529  Reward:  -0.092359  Wealth:     99146.89  Turnover: 0.5890  Gross: 1.3716  Gate: 0.7432
Episode 530  Reward:   0.169815  Wealth:    137542.07  Turnover: 0.6351  Gross: 1.4038  Gate: 0.8076
Episode    530  AvgReward:   0.129807  Noise: 0.0520
Episode 531  Reward:  -0.081895  Wealth:    102877.24  Turnover: 0.5846  Gross: 1.3966  Gate: 0.7933
Episode 532  Reward:   0.285890  Wealth:    160104.62  Turnover: 0.6760  Gross: 1.3901  Gate: 0.7803
Episode 533  Reward:   0.139471  Wealth:    128722.27  Turnover: 0.6670  Gross: 1.3962  Gate: 0.7924
Episode 534  Reward:   0.135972  Wealth:    128889.84  Turnover: 0.3989  Gross: 1.3931  Gate: 0.7861
Episode 535  Reward:   0.154994  Wealth:    132230.67  Turnover: 0.6384  Gross: 1.3986  Gate: 0.7973
Episode 536  Reward:   0.021118  Wealth:    114931.87  Turnover: 0.4879  Gross: 1.4061  Gate: 0.8121
Episode 537  Reward:   0.207774  Wealth:    141220.78  Turnover: 0.5822  Gross: 1.4006  Gate: 0.8013
Episode 538  Reward:   0.351460  Wealth:    180604.91  Turnover: 0.5096  Gross: 1.4063  Gate: 0.8126
Episode 539  Reward:   0.050893  Wealth:    114727.56  Turnover: 0.6284  Gross: 1.3975  Gate: 0.7950
Episode 540  Reward:  -0.125504  Wealth:     95901.91  Turnover: 0.6700  Gross: 1.3987  Gate: 0.7974
Episode    540  AvgReward:   0.114017  Noise: 0.0510
Episode 541  Reward:   0.096021  Wealth:    124304.07  Turnover: 0.6410  Gross: 1.4005  Gate: 0.8009
Episode 542  Reward:   0.314649  Wealth:    168070.10  Turnover: 0.4362  Gross: 1.3995  Gate: 0.7989
Episode 543  Reward:   0.024398  Wealth:    112293.00  Turnover: 0.5683  Gross: 1.3922  Gate: 0.7843
Episode 544  Reward:   0.130535  Wealth:    131873.84  Turnover: 0.8204  Gross: 1.4014  Gate: 0.8028
Episode 545  Reward:   0.172029  Wealth:    135701.01  Turnover: 0.6273  Gross: 1.3968  Gate: 0.7935
Episode 546  Reward:  -0.112531  Wealth:     96808.78  Turnover: 0.5525  Gross: 1.4074  Gate: 0.8148
Episode 547  Reward:   0.252194  Wealth:    151935.63  Turnover: 0.4573  Gross: 1.4021  Gate: 0.8042
Episode 548  Reward:   0.015935  Wealth:    110769.80  Turnover: 0.4155  Gross: 1.4024  Gate: 0.8048
Episode 549  Reward:   0.077262  Wealth:    119546.16  Turnover: 0.7079  Gross: 1.4046  Gate: 0.8092
Episode 550  Reward:   0.122851  Wealth:    129882.97  Turnover: 0.4651  Gross: 1.4041  Gate: 0.8082
Episode    550  AvgReward:   0.109334  Noise: 0.0500
Episode 551  Reward:   0.367460  Wealth:    180102.72  Turnover: 0.3863  Gross: 1.3999  Gate: 0.7997
Episode 552  Reward:   0.227570  Wealth:    145224.98  Turnover: 0.6650  Gross: 1.4047  Gate: 0.8094
Episode 553  Reward:   0.143745  Wealth:    128520.94  Turnover: 0.5199  Gross: 1.4054  Gate: 0.8109
Episode 554  Reward:   0.255497  Wealth:    152450.20  Turnover: 0.6814  Gross: 1.3993  Gate: 0.7986
Episode 555  Reward:   0.152378  Wealth:    131704.28  Turnover: 0.5020  Gross: 1.3902  Gate: 0.7805
Episode 556  Reward:   0.271865  Wealth:    161685.92  Turnover: 0.7586  Gross: 1.3946  Gate: 0.7893
Episode 557  Reward:   0.284445  Wealth:    161955.92  Turnover: 0.7346  Gross: 1.4015  Gate: 0.8031
Episode 558  Reward:  -0.007546  Wealth:    106657.37  Turnover: 0.5609  Gross: 1.4062  Gate: 0.8124
Episode 559  Reward:  -0.403482  Wealth:     76001.32  Turnover: 0.7415  Gross: 1.4005  Gate: 0.8010
Episode 560  Reward:   0.118478  Wealth:    126830.74  Turnover: 0.6172  Gross: 1.3964  Gate: 0.7927
Episode    560  AvgReward:   0.141041  Noise: 0.0490
Episode 561  Reward:   0.203637  Wealth:    139660.48  Turnover: 0.6257  Gross: 1.3958  Gate: 0.7916
Episode 562  Reward:  -0.048674  Wealth:    105900.66  Turnover: 0.5190  Gross: 1.3978  Gate: 0.7956
Episode 563  Reward:   0.159429  Wealth:    135191.67  Turnover: 0.5427  Gross: 1.3958  Gate: 0.7916
Episode 564  Reward:   0.233309  Wealth:    145582.84  Turnover: 0.6323  Gross: 1.4010  Gate: 0.8021
Episode 565  Reward:   0.132902  Wealth:    128140.97  Turnover: 0.8243  Gross: 1.3940  Gate: 0.7880
Episode 566  Reward:   0.277024  Wealth:    160086.83  Turnover: 0.6550  Gross: 1.3966  Gate: 0.7931
Episode 567  Reward:  -0.218646  Wealth:     88959.06  Turnover: 0.4756  Gross: 1.4026  Gate: 0.8052
Episode 568  Reward:   0.062133  Wealth:    116032.69  Turnover: 0.7114  Gross: 1.3949  Gate: 0.7897
Episode 569  Reward:   0.096536  Wealth:    126080.64  Turnover: 0.9157  Gross: 1.3899  Gate: 0.7797
Episode 570  Reward:   0.208428  Wealth:    145436.91  Turnover: 0.7962  Gross: 1.3896  Gate: 0.7792
Episode    570  AvgReward:   0.110608  Noise: 0.0480
Episode 571  Reward:   0.250189  Wealth:    153133.12  Turnover: 0.6126  Gross: 1.4031  Gate: 0.8063
Episode 572  Reward:   0.107203  Wealth:    124178.88  Turnover: 0.5562  Gross: 1.4030  Gate: 0.8059
Episode 573  Reward:   0.248156  Wealth:    152268.02  Turnover: 0.7454  Gross: 1.3856  Gate: 0.7712
Episode 574  Reward:  -0.088387  Wealth:     99066.33  Turnover: 0.7842  Gross: 1.4023  Gate: 0.8046
Episode 575  Reward:  -0.089733  Wealth:     99274.37  Turnover: 0.3619  Gross: 1.4060  Gate: 0.8120
Episode 576  Reward:   0.200134  Wealth:    138806.52  Turnover: 0.5134  Gross: 1.3840  Gate: 0.7680
Episode 577  Reward:  -0.039933  Wealth:    105516.72  Turnover: 0.5843  Gross: 1.4106  Gate: 0.8212
Episode 578  Reward:   0.195160  Wealth:    140377.17  Turnover: 0.6208  Gross: 1.3884  Gate: 0.7767
Episode 579  Reward:   0.020048  Wealth:    114900.47  Turnover: 0.6055  Gross: 1.4031  Gate: 0.8061
Episode 580  Reward:   0.256278  Wealth:    151276.66  Turnover: 0.7841  Gross: 1.3852  Gate: 0.7704
Episode    580  AvgReward:   0.105912  Noise: 0.0471
Episode 581  Reward:   0.203846  Wealth:    143319.13  Turnover: 0.6052  Gross: 1.4013  Gate: 0.8025
Episode 582  Reward:   0.116030  Wealth:    126374.39  Turnover: 0.5545  Gross: 1.3952  Gate: 0.7903
Episode 583  Reward:   0.100575  Wealth:    124979.35  Turnover: 0.4458  Gross: 1.4036  Gate: 0.8072
Episode 584  Reward:   0.191376  Wealth:    135984.33  Turnover: 0.4870  Gross: 1.4065  Gate: 0.8129
Episode 585  Reward:  -0.008882  Wealth:    109283.31  Turnover: 0.6727  Gross: 1.4032  Gate: 0.8065
Episode 586  Reward:   0.136278  Wealth:    127008.45  Turnover: 0.4700  Gross: 1.4037  Gate: 0.8074
Episode 587  Reward:   0.106637  Wealth:    123814.97  Turnover: 0.4976  Gross: 1.3984  Gate: 0.7968
Episode 588  Reward:   0.054885  Wealth:    117077.69  Turnover: 0.3964  Gross: 1.4014  Gate: 0.8028
Episode 589  Reward:  -0.004067  Wealth:    106843.56  Turnover: 0.5343  Gross: 1.3985  Gate: 0.7971
Episode 590  Reward:   0.152311  Wealth:    132114.41  Turnover: 0.5417  Gross: 1.3966  Gate: 0.7932
Episode    590  AvgReward:   0.104899  Noise: 0.0461
Episode 591  Reward:   0.293641  Wealth:    164191.95  Turnover: 0.8866  Gross: 1.4070  Gate: 0.8140
Episode 592  Reward:   0.036227  Wealth:    113085.73  Turnover: 0.3629  Gross: 1.4104  Gate: 0.8208
Episode 593  Reward:   0.088239  Wealth:    123453.88  Turnover: 0.5799  Gross: 1.3999  Gate: 0.7997
Episode 594  Reward:   0.363141  Wealth:    189626.30  Turnover: 0.3911  Gross: 1.3949  Gate: 0.7897
Episode 595  Reward:   0.277806  Wealth:    155871.79  Turnover: 0.5286  Gross: 1.3973  Gate: 0.7946
Episode 596  Reward:   0.287336  Wealth:    158725.97  Turnover: 0.8721  Gross: 1.3891  Gate: 0.7781
Episode 597  Reward:   0.144171  Wealth:    129539.97  Turnover: 0.7453  Gross: 1.3920  Gate: 0.7840
Episode 598  Reward:   0.377754  Wealth:    189279.67  Turnover: 0.6038  Gross: 1.3999  Gate: 0.7998
Episode 599  Reward:   0.155237  Wealth:    130312.89  Turnover: 0.7368  Gross: 1.3975  Gate: 0.7949
Episode 600  Reward:   0.001180  Wealth:    109483.57  Turnover: 0.6366  Gross: 1.4067  Gate: 0.8134
Episode    600  AvgReward:   0.202473  Noise: 0.0452
Episode 601  Reward:   0.134285  Wealth:    126263.74  Turnover: 0.4985  Gross: 1.4013  Gate: 0.8026
Episode 602  Reward:   0.252303  Wealth:    154851.36  Turnover: 0.8408  Gross: 1.3878  Gate: 0.7755
Episode 603  Reward:  -0.057822  Wealth:    103019.96  Turnover: 0.7146  Gross: 1.4009  Gate: 0.8017
Episode 604  Reward:   0.319916  Wealth:    168426.00  Turnover: 0.5500  Gross: 1.3971  Gate: 0.7942
Episode 605  Reward:  -0.010865  Wealth:    106886.48  Turnover: 0.6740  Gross: 1.3969  Gate: 0.7938
Episode 606  Reward:  -0.058883  Wealth:    101849.02  Turnover: 0.6229  Gross: 1.3991  Gate: 0.7982
Episode 607  Reward:   0.188245  Wealth:    138862.40  Turnover: 0.9853  Gross: 1.3929  Gate: 0.7858
Episode 608  Reward:   0.181118  Wealth:    139352.78  Turnover: 0.4380  Gross: 1.3978  Gate: 0.7956
Episode 609  Reward:  -0.044268  Wealth:    103294.23  Turnover: 0.4927  Gross: 1.4040  Gate: 0.8081
Episode 610  Reward:   0.171409  Wealth:    135441.96  Turnover: 0.2959  Gross: 1.3893  Gate: 0.7786
Episode    610  AvgReward:   0.107544  Noise: 0.0443
Episode 611  Reward:   0.054156  Wealth:    114984.40  Turnover: 0.7263  Gross: 1.4067  Gate: 0.8134
Episode 612  Reward:   0.094160  Wealth:    121845.35  Turnover: 0.6141  Gross: 1.4020  Gate: 0.8041
Episode 613  Reward:   0.047441  Wealth:    118616.31  Turnover: 0.5850  Gross: 1.3957  Gate: 0.7913
Episode 614  Reward:   0.247796  Wealth:    153004.97  Turnover: 0.3999  Gross: 1.4016  Gate: 0.8031
Episode 615  Reward:   0.386937  Wealth:    195855.92  Turnover: 0.5325  Gross: 1.3978  Gate: 0.7957
Episode 616  Reward:  -0.005966  Wealth:    107387.88  Turnover: 0.6312  Gross: 1.4077  Gate: 0.8155
Episode 617  Reward:   0.039751  Wealth:    112847.29  Turnover: 0.6979  Gross: 1.3960  Gate: 0.7920
Episode 618  Reward:   0.149753  Wealth:    127533.89  Turnover: 0.4785  Gross: 1.3927  Gate: 0.7853
Episode 619  Reward:   0.008582  Wealth:    109074.04  Turnover: 0.6300  Gross: 1.3995  Gate: 0.7990
Episode 620  Reward:   0.199887  Wealth:    146062.13  Turnover: 0.4739  Gross: 1.4002  Gate: 0.8004
Episode    620  AvgReward:   0.122250  Noise: 0.0434
Episode 621  Reward:   0.232625  Wealth:    146382.24  Turnover: 0.8247  Gross: 1.3918  Gate: 0.7836
Episode 622  Reward:  -0.040807  Wealth:    104306.48  Turnover: 0.5991  Gross: 1.4012  Gate: 0.8023
Episode 623  Reward:   0.156984  Wealth:    130798.72  Turnover: 0.6875  Gross: 1.3934  Gate: 0.7868
Episode 624  Reward:   0.126663  Wealth:    125706.34  Turnover: 0.5518  Gross: 1.3975  Gate: 0.7951
Episode 625  Reward:  -0.088267  Wealth:     98938.60  Turnover: 0.7307  Gross: 1.4031  Gate: 0.8062
Episode 626  Reward:   0.313027  Wealth:    165175.43  Turnover: 0.7273  Gross: 1.4017  Gate: 0.8033
Episode 627  Reward:   0.021397  Wealth:    111263.13  Turnover: 0.6185  Gross: 1.4007  Gate: 0.8014
Episode 628  Reward:   0.070711  Wealth:    121448.48  Turnover: 0.4656  Gross: 1.3950  Gate: 0.7900
Episode 629  Reward:  -0.006848  Wealth:    108023.39  Turnover: 0.6297  Gross: 1.4053  Gate: 0.8106
Episode 630  Reward:   0.204088  Wealth:    141855.26  Turnover: 0.3582  Gross: 1.4030  Gate: 0.8060
Episode    630  AvgReward:   0.098957  Noise: 0.0426
Episode 631  Reward:   0.152317  Wealth:    129871.00  Turnover: 0.6132  Gross: 1.3961  Gate: 0.7921
Episode 632  Reward:   0.197197  Wealth:    138603.01  Turnover: 0.6504  Gross: 1.4042  Gate: 0.8083
Episode 633  Reward:  -0.120799  Wealth:     95106.73  Turnover: 0.4044  Gross: 1.4093  Gate: 0.8186
Episode 634  Reward:   0.132861  Wealth:    128300.77  Turnover: 0.7644  Gross: 1.4033  Gate: 0.8065
Episode 635  Reward:   0.051669  Wealth:    116073.27  Turnover: 0.7393  Gross: 1.4009  Gate: 0.8019
Episode 636  Reward:   0.216773  Wealth:    142368.53  Turnover: 0.6707  Gross: 1.3966  Gate: 0.7931
Episode 637  Reward:  -0.007566  Wealth:    110736.06  Turnover: 0.3684  Gross: 1.3828  Gate: 0.7655
Episode 638  Reward:   0.137542  Wealth:    129495.82  Turnover: 0.5536  Gross: 1.4068  Gate: 0.8136
Episode 639  Reward:   0.191126  Wealth:    137561.44  Turnover: 0.5987  Gross: 1.3979  Gate: 0.7957
Episode 640  Reward:   0.134461  Wealth:    130408.83  Turnover: 0.6023  Gross: 1.4040  Gate: 0.8080
Episode    640  AvgReward:   0.108558  Noise: 0.0417
Episode 641  Reward:   0.002246  Wealth:    109271.56  Turnover: 0.7226  Gross: 1.3965  Gate: 0.7930
Episode 642  Reward:   0.389000  Wealth:    195144.08  Turnover: 0.7515  Gross: 1.4000  Gate: 0.8000
Episode 643  Reward:   0.077127  Wealth:    120679.65  Turnover: 0.8496  Gross: 1.3995  Gate: 0.7990
Episode 644  Reward:   0.332679  Wealth:    176374.76  Turnover: 0.6242  Gross: 1.4011  Gate: 0.8022
Episode 645  Reward:   0.143376  Wealth:    129693.98  Turnover: 0.9113  Gross: 1.3964  Gate: 0.7929
Episode 646  Reward:   0.050362  Wealth:    118056.55  Turnover: 0.6272  Gross: 1.4057  Gate: 0.8113
Episode 647  Reward:   0.118732  Wealth:    125280.57  Turnover: 0.6913  Gross: 1.3882  Gate: 0.7764
Episode 648  Reward:   0.004608  Wealth:    108510.29  Turnover: 0.5952  Gross: 1.3945  Gate: 0.7890
Episode 649  Reward:   0.164424  Wealth:    138248.70  Turnover: 0.4666  Gross: 1.3978  Gate: 0.7957
Episode 650  Reward:  -0.034613  Wealth:    107155.44  Turnover: 0.5505  Gross: 1.3950  Gate: 0.7900
Episode    650  AvgReward:   0.124794  Noise: 0.0409
Episode 651  Reward:   0.235183  Wealth:    154923.75  Turnover: 0.5647  Gross: 1.4032  Gate: 0.8064
Episode 652  Reward:   0.165132  Wealth:    135952.66  Turnover: 0.6211  Gross: 1.3983  Gate: 0.7965
Episode 653  Reward:   0.086151  Wealth:    125296.48  Turnover: 0.3780  Gross: 1.3899  Gate: 0.7797
Episode 654  Reward:   0.162163  Wealth:    138012.35  Turnover: 0.4720  Gross: 1.3960  Gate: 0.7920
Episode 655  Reward:   0.224322  Wealth:    148117.43  Turnover: 0.8809  Gross: 1.4016  Gate: 0.8032
Episode 656  Reward:   0.177965  Wealth:    138299.96  Turnover: 0.7001  Gross: 1.3977  Gate: 0.7954
Episode 657  Reward:   0.203731  Wealth:    141033.96  Turnover: 0.6686  Gross: 1.3951  Gate: 0.7903
Episode 658  Reward:  -0.070181  Wealth:    102130.08  Turnover: 0.8594  Gross: 1.4020  Gate: 0.8040
Episode 659  Reward:   0.102143  Wealth:    126794.46  Turnover: 0.6342  Gross: 1.4038  Gate: 0.8075
Episode 660  Reward:  -0.063882  Wealth:    104934.66  Turnover: 0.3500  Gross: 1.3928  Gate: 0.7857
Episode    660  AvgReward:   0.122273  Noise: 0.0401
Episode 661  Reward:   0.347892  Wealth:    181025.04  Turnover: 0.7841  Gross: 1.4014  Gate: 0.8028
Episode 662  Reward:   0.271382  Wealth:    163408.20  Turnover: 0.5790  Gross: 1.3953  Gate: 0.7906
Episode 663  Reward:  -0.043264  Wealth:    106784.78  Turnover: 0.5964  Gross: 1.3996  Gate: 0.7991
Episode 664  Reward:   0.119365  Wealth:    124953.31  Turnover: 0.6823  Gross: 1.3960  Gate: 0.7921
Episode 665  Reward:   0.054747  Wealth:    118671.59  Turnover: 0.6769  Gross: 1.4010  Gate: 0.8019
Episode 666  Reward:   0.071799  Wealth:    119953.06  Turnover: 1.0150  Gross: 1.4013  Gate: 0.8026
Episode 667  Reward:   0.093184  Wealth:    125136.62  Turnover: 0.3595  Gross: 1.3906  Gate: 0.7813
Episode 668  Reward:   0.066323  Wealth:    118447.84  Turnover: 0.6834  Gross: 1.3997  Gate: 0.7995
Episode 669  Reward:   0.107845  Wealth:    125684.12  Turnover: 0.7898  Gross: 1.4002  Gate: 0.8003
Episode 670  Reward:   0.335588  Wealth:    178865.03  Turnover: 0.7275  Gross: 1.3969  Gate: 0.7938
Episode    670  AvgReward:   0.142486  Noise: 0.0393
Episode 671  Reward:   0.203944  Wealth:    142360.49  Turnover: 0.8973  Gross: 1.3937  Gate: 0.7873
Episode 672  Reward:   0.038191  Wealth:    117726.29  Turnover: 0.7177  Gross: 1.3956  Gate: 0.7912
Episode 673  Reward:   0.131985  Wealth:    128383.06  Turnover: 0.8501  Gross: 1.4009  Gate: 0.8018
Episode 674  Reward:   0.385759  Wealth:    198539.09  Turnover: 0.5071  Gross: 1.3990  Gate: 0.7979
Episode 675  Reward:  -0.035018  Wealth:    106223.04  Turnover: 0.5911  Gross: 1.3925  Gate: 0.7849
Episode 676  Reward:  -0.217147  Wealth:     90051.10  Turnover: 0.6086  Gross: 1.3950  Gate: 0.7899
Episode 677  Reward:   0.179112  Wealth:    138514.12  Turnover: 0.6534  Gross: 1.3990  Gate: 0.7980
Episode 678  Reward:  -0.171603  Wealth:     93070.42  Turnover: 0.7324  Gross: 1.4004  Gate: 0.8007
Episode 679  Reward:   0.011653  Wealth:    111013.19  Turnover: 0.7383  Gross: 1.4025  Gate: 0.8051
Episode 680  Reward:   0.237832  Wealth:    154597.67  Turnover: 0.3588  Gross: 1.3970  Gate: 0.7939
Episode    680  AvgReward:   0.076471  Noise: 0.0385
Episode 681  Reward:   0.333167  Wealth:    181306.65  Turnover: 0.3075  Gross: 1.4016  Gate: 0.8032
Episode 682  Reward:   0.223859  Wealth:    144173.38  Turnover: 0.6065  Gross: 1.4008  Gate: 0.8016
Episode 683  Reward:   0.309697  Wealth:    167354.09  Turnover: 0.5583  Gross: 1.3987  Gate: 0.7975
Episode 684  Reward:   0.130748  Wealth:    124768.04  Turnover: 0.6138  Gross: 1.4026  Gate: 0.8052
Episode 685  Reward:   0.109638  Wealth:    122779.04  Turnover: 0.5937  Gross: 1.3979  Gate: 0.7958
Episode 686  Reward:  -0.138908  Wealth:     96857.04  Turnover: 0.3467  Gross: 1.3983  Gate: 0.7966
Episode 687  Reward:   0.174888  Wealth:    137121.43  Turnover: 0.7618  Gross: 1.3963  Gate: 0.7926
Episode 688  Reward:   0.189757  Wealth:    140652.39  Turnover: 0.5912  Gross: 1.3980  Gate: 0.7960
Episode 689  Reward:   0.104315  Wealth:    124790.65  Turnover: 0.5524  Gross: 1.3925  Gate: 0.7850
Episode 690  Reward:   0.119351  Wealth:    126227.27  Turnover: 0.4174  Gross: 1.4020  Gate: 0.8039
Episode    690  AvgReward:   0.155651  Noise: 0.0378
Episode 691  Reward:   0.064833  Wealth:    120069.85  Turnover: 0.3012  Gross: 1.3997  Gate: 0.7995
Episode 692  Reward:   0.218519  Wealth:    145700.20  Turnover: 0.7210  Gross: 1.4076  Gate: 0.8153
Episode 693  Reward:   0.072060  Wealth:    120954.15  Turnover: 0.5402  Gross: 1.4016  Gate: 0.8031
Episode 694  Reward:   0.370545  Wealth:    196114.89  Turnover: 0.3802  Gross: 1.3976  Gate: 0.7951
Episode 695  Reward:   0.125258  Wealth:    126028.21  Turnover: 0.5858  Gross: 1.3918  Gate: 0.7837
Episode 696  Reward:   0.128541  Wealth:    129634.82  Turnover: 0.6264  Gross: 1.4056  Gate: 0.8112
Episode 697  Reward:  -0.052977  Wealth:    106022.52  Turnover: 0.5282  Gross: 1.3940  Gate: 0.7881
Episode 698  Reward:   0.237923  Wealth:    149424.05  Turnover: 0.5935  Gross: 1.3977  Gate: 0.7953
Episode 699  Reward:   0.162562  Wealth:    132073.15  Turnover: 0.6045  Gross: 1.4011  Gate: 0.8021
Episode 700  Reward:   0.125975  Wealth:    125317.85  Turnover: 0.5868  Gross: 1.4042  Gate: 0.8083
Episode    700  AvgReward:   0.145324  Noise: 0.0370
Episode 701  Reward:   0.347347  Wealth:    183797.67  Turnover: 0.6783  Gross: 1.3981  Gate: 0.7962
Episode 702  Reward:   0.204470  Wealth:    138835.55  Turnover: 0.5505  Gross: 1.3947  Gate: 0.7894
Episode 703  Reward:  -0.032895  Wealth:    106948.04  Turnover: 0.5581  Gross: 1.3972  Gate: 0.7943
Episode 704  Reward:   0.220529  Wealth:    147012.07  Turnover: 0.8571  Gross: 1.3871  Gate: 0.7741
Episode 705  Reward:   0.061404  Wealth:    117580.42  Turnover: 0.7117  Gross: 1.3978  Gate: 0.7956
Episode 706  Reward:   0.130286  Wealth:    128733.81  Turnover: 0.9813  Gross: 1.3976  Gate: 0.7951
Episode 707  Reward:   0.251784  Wealth:    151677.11  Turnover: 0.7075  Gross: 1.3962  Gate: 0.7925
Episode 708  Reward:   0.049833  Wealth:    120765.82  Turnover: 0.8224  Gross: 1.4014  Gate: 0.8027
Episode 709  Reward:   0.010354  Wealth:    109464.57  Turnover: 0.6448  Gross: 1.4049  Gate: 0.8099
Episode 710  Reward:  -0.283101  Wealth:     83937.16  Turnover: 0.5607  Gross: 1.3960  Gate: 0.7921
Episode    710  AvgReward:   0.096001  Noise: 0.0363
Episode 711  Reward:   0.080786  Wealth:    121713.15  Turnover: 0.5085  Gross: 1.4044  Gate: 0.8089
Episode 712  Reward:   0.123138  Wealth:    124941.18  Turnover: 0.6765  Gross: 1.4037  Gate: 0.8074
Episode 713  Reward:  -0.285396  Wealth:     83477.90  Turnover: 0.4629  Gross: 1.3990  Gate: 0.7980
Episode 714  Reward:   0.097951  Wealth:    122889.67  Turnover: 0.7404  Gross: 1.4061  Gate: 0.8121
Episode 715  Reward:   0.068752  Wealth:    123032.74  Turnover: 0.5672  Gross: 1.4044  Gate: 0.8088
Episode 716  Reward:   0.161040  Wealth:    138808.90  Turnover: 0.3868  Gross: 1.4021  Gate: 0.8042
Episode 717  Reward:   0.259456  Wealth:    153926.27  Turnover: 0.7226  Gross: 1.3934  Gate: 0.7868
Episode 718  Reward:   0.109971  Wealth:    126804.32  Turnover: 0.5751  Gross: 1.3982  Gate: 0.7964
Episode 719  Reward:   0.000990  Wealth:    112740.69  Turnover: 0.4039  Gross: 1.3980  Gate: 0.7960
Episode 720  Reward:   0.118787  Wealth:    128114.11  Turnover: 0.3960  Gross: 1.4009  Gate: 0.8017
Episode    720  AvgReward:   0.073547  Noise: 0.0356
Episode 721  Reward:   0.213416  Wealth:    144693.27  Turnover: 0.5883  Gross: 1.3890  Gate: 0.7781
Episode 722  Reward:  -0.098888  Wealth:    100868.77  Turnover: 0.5019  Gross: 1.3977  Gate: 0.7954
Episode 723  Reward:   0.332664  Wealth:    176630.30  Turnover: 0.5782  Gross: 1.4002  Gate: 0.8004
Episode 724  Reward:   0.050861  Wealth:    116330.02  Turnover: 0.7280  Gross: 1.4044  Gate: 0.8089
Episode 725  Reward:   0.097873  Wealth:    123833.73  Turnover: 0.6311  Gross: 1.4055  Gate: 0.8109
Episode 726  Reward:  -0.085560  Wealth:    100121.39  Turnover: 0.7093  Gross: 1.3964  Gate: 0.7928
Episode 727  Reward:   0.068497  Wealth:    118479.24  Turnover: 0.7724  Gross: 1.3992  Gate: 0.7983
Episode 728  Reward:   0.262473  Wealth:    156343.81  Turnover: 0.7055  Gross: 1.3966  Gate: 0.7932
Episode 729  Reward:   0.019937  Wealth:    114219.74  Turnover: 0.5614  Gross: 1.3991  Gate: 0.7981
Episode 730  Reward:   0.052141  Wealth:    118906.90  Turnover: 0.5279  Gross: 1.4020  Gate: 0.8040
Episode    730  AvgReward:   0.091341  Noise: 0.0349
Episode 731  Reward:   0.244224  Wealth:    154547.09  Turnover: 0.7681  Gross: 1.3942  Gate: 0.7883
Episode 732  Reward:   0.211749  Wealth:    146588.30  Turnover: 0.5216  Gross: 1.3885  Gate: 0.7770
Episode 733  Reward:   0.146919  Wealth:    135133.90  Turnover: 0.4216  Gross: 1.4017  Gate: 0.8035
Episode 734  Reward:   0.173803  Wealth:    138323.90  Turnover: 0.8067  Gross: 1.4076  Gate: 0.8152
Episode 735  Reward:   0.118297  Wealth:    129918.66  Turnover: 0.4466  Gross: 1.3969  Gate: 0.7938
Episode 736  Reward:  -0.198883  Wealth:     90290.07  Turnover: 0.6909  Gross: 1.3871  Gate: 0.7742
Episode 737  Reward:   0.069685  Wealth:    120468.05  Turnover: 0.4944  Gross: 1.4069  Gate: 0.8137
Episode 738  Reward:   0.243616  Wealth:    154281.77  Turnover: 0.4359  Gross: 1.4050  Gate: 0.8100
Episode 739  Reward:   0.057372  Wealth:    119308.53  Turnover: 0.5193  Gross: 1.3922  Gate: 0.7844
Episode 740  Reward:   0.180716  Wealth:    139310.16  Turnover: 0.5808  Gross: 1.3927  Gate: 0.7854
Episode    740  AvgReward:   0.124750  Noise: 0.0342
Episode 741  Reward:   0.121505  Wealth:    125472.10  Turnover: 0.7674  Gross: 1.3972  Gate: 0.7945
Episode 742  Reward:   0.246544  Wealth:    152879.95  Turnover: 0.5889  Gross: 1.4041  Gate: 0.8082
Episode 743  Reward:   0.213948  Wealth:    147889.92  Turnover: 0.3768  Gross: 1.3962  Gate: 0.7925
Episode 744  Reward:   0.185670  Wealth:    141975.75  Turnover: 0.6412  Gross: 1.4059  Gate: 0.8119
Episode 745  Reward:  -0.022725  Wealth:    107803.06  Turnover: 0.6469  Gross: 1.4003  Gate: 0.8006
Episode 746  Reward:  -0.170266  Wealth:     93328.68  Turnover: 0.5074  Gross: 1.3992  Gate: 0.7984
Episode 747  Reward:   0.148016  Wealth:    133610.77  Turnover: 0.4506  Gross: 1.3946  Gate: 0.7892
Episode 748  Reward:   0.023613  Wealth:    110896.56  Turnover: 0.6504  Gross: 1.4045  Gate: 0.8090
Episode 749  Reward:  -0.061837  Wealth:    104344.19  Turnover: 0.4938  Gross: 1.3985  Gate: 0.7970
Episode 750  Reward:  -0.119889  Wealth:     97365.43  Turnover: 0.5724  Gross: 1.4037  Gate: 0.8073
Episode    750  AvgReward:   0.056458  Noise: 0.0335
Episode 751  Reward:   0.157863  Wealth:    133329.35  Turnover: 0.4377  Gross: 1.3984  Gate: 0.7968
Episode 752  Reward:   0.014996  Wealth:    111346.37  Turnover: 0.5198  Gross: 1.4062  Gate: 0.8125
Episode 753  Reward:  -0.291874  Wealth:     84445.92  Turnover: 0.5181  Gross: 1.4045  Gate: 0.8089
Episode 754  Reward:   0.216144  Wealth:    148440.39  Turnover: 0.4130  Gross: 1.4022  Gate: 0.8045
Episode 755  Reward:   0.023904  Wealth:    112151.25  Turnover: 0.5425  Gross: 1.3892  Gate: 0.7785
Episode 756  Reward:   0.302439  Wealth:    160226.94  Turnover: 0.4722  Gross: 1.3901  Gate: 0.7801
Episode 757  Reward:   0.059818  Wealth:    119497.28  Turnover: 0.4541  Gross: 1.4058  Gate: 0.8116
Episode 758  Reward:   0.380693  Wealth:    189115.79  Turnover: 0.7705  Gross: 1.3979  Gate: 0.7957
Episode 759  Reward:   0.027770  Wealth:    114211.54  Turnover: 0.6752  Gross: 1.3965  Gate: 0.7930
Episode 760  Reward:   0.009589  Wealth:    110931.24  Turnover: 0.4159  Gross: 1.4021  Gate: 0.8042
Episode    760  AvgReward:   0.090134  Noise: 0.0328
Episode 761  Reward:   0.066970  Wealth:    118538.28  Turnover: 0.5266  Gross: 1.4008  Gate: 0.8017
Episode 762  Reward:   0.205286  Wealth:    139638.32  Turnover: 0.6077  Gross: 1.3938  Gate: 0.7876
Episode 763  Reward:   0.110162  Wealth:    125193.79  Turnover: 0.7307  Gross: 1.4008  Gate: 0.8017
Episode 764  Reward:   0.077558  Wealth:    121703.50  Turnover: 0.6447  Gross: 1.4019  Gate: 0.8039
Episode 765  Reward:   0.101512  Wealth:    123636.21  Turnover: 0.6930  Gross: 1.4016  Gate: 0.8033
Episode 766  Reward:   0.136170  Wealth:    132098.33  Turnover: 0.5554  Gross: 1.4075  Gate: 0.8149
Episode 767  Reward:   0.251194  Wealth:    153358.02  Turnover: 0.4290  Gross: 1.3961  Gate: 0.7922
Episode 768  Reward:  -0.070708  Wealth:    102341.94  Turnover: 0.4721  Gross: 1.3989  Gate: 0.7977
Episode 769  Reward:   0.293835  Wealth:    169261.07  Turnover: 0.5279  Gross: 1.4013  Gate: 0.8025
Episode 770  Reward:   0.168556  Wealth:    134750.70  Turnover: 0.6037  Gross: 1.4100  Gate: 0.8200
Episode    770  AvgReward:   0.134054  Noise: 0.0322
Episode 771  Reward:  -0.098334  Wealth:     99013.05  Turnover: 0.4758  Gross: 1.4058  Gate: 0.8116
Episode 772  Reward:  -0.165137  Wealth:     94455.51  Turnover: 0.6349  Gross: 1.3875  Gate: 0.7751
Episode 773  Reward:   0.294182  Wealth:    163800.56  Turnover: 0.6872  Gross: 1.3993  Gate: 0.7986
Episode 774  Reward:   0.203425  Wealth:    140335.06  Turnover: 0.5347  Gross: 1.4015  Gate: 0.8030
Episode 775  Reward:   0.146517  Wealth:    129666.34  Turnover: 0.6046  Gross: 1.4019  Gate: 0.8039
Episode 776  Reward:  -0.079478  Wealth:    100338.84  Turnover: 0.6606  Gross: 1.3814  Gate: 0.7627
Episode 777  Reward:   0.191753  Wealth:    138678.49  Turnover: 0.6825  Gross: 1.3970  Gate: 0.7940
Episode 778  Reward:   0.066736  Wealth:    115794.49  Turnover: 0.4855  Gross: 1.4058  Gate: 0.8116
Episode 779  Reward:   0.249232  Wealth:    153324.31  Turnover: 0.6506  Gross: 1.3992  Gate: 0.7983
Episode 780  Reward:  -0.026590  Wealth:    108494.10  Turnover: 0.4400  Gross: 1.3948  Gate: 0.7896
Episode    780  AvgReward:   0.078231  Noise: 0.0315
Episode 781  Reward:   0.159060  Wealth:    135011.66  Turnover: 0.3996  Gross: 1.3995  Gate: 0.7989
Episode 782  Reward:   0.045297  Wealth:    117633.18  Turnover: 0.6267  Gross: 1.4021  Gate: 0.8042
Episode 783  Reward:   0.111375  Wealth:    124812.45  Turnover: 0.6544  Gross: 1.3989  Gate: 0.7978
Episode 784  Reward:   0.307730  Wealth:    173034.53  Turnover: 0.3795  Gross: 1.4032  Gate: 0.8064
Episode 785  Reward:   0.265508  Wealth:    153847.22  Turnover: 0.5313  Gross: 1.3995  Gate: 0.7989
Episode 786  Reward:   0.071863  Wealth:    120670.20  Turnover: 0.5202  Gross: 1.3936  Gate: 0.7871
Episode 787  Reward:   0.164164  Wealth:    138657.37  Turnover: 0.3620  Gross: 1.3938  Gate: 0.7875
Episode 788  Reward:   0.192964  Wealth:    136163.43  Turnover: 0.4166  Gross: 1.3960  Gate: 0.7920
Episode 789  Reward:  -0.109954  Wealth:    101132.82  Turnover: 0.2492  Gross: 1.4028  Gate: 0.8056
Episode 790  Reward:   0.158300  Wealth:    134187.53  Turnover: 0.5723  Gross: 1.4019  Gate: 0.8039
Episode    790  AvgReward:   0.136631  Noise: 0.0309
Episode 791  Reward:   0.194148  Wealth:    140466.92  Turnover: 0.5351  Gross: 1.4006  Gate: 0.8012
Episode 792  Reward:  -0.005423  Wealth:    110602.18  Turnover: 0.3617  Gross: 1.4034  Gate: 0.8069
Episode 793  Reward:   0.163270  Wealth:    134385.61  Turnover: 0.4128  Gross: 1.3976  Gate: 0.7953
Episode 794  Reward:   0.266624  Wealth:    159133.29  Turnover: 0.4209  Gross: 1.4024  Gate: 0.8048
Episode 795  Reward:  -0.031403  Wealth:    105879.04  Turnover: 0.6044  Gross: 1.3910  Gate: 0.7821
Episode 796  Reward:   0.006493  Wealth:    110999.52  Turnover: 0.7888  Gross: 1.4017  Gate: 0.8034
Episode 797  Reward:  -0.062927  Wealth:    101825.52  Turnover: 0.6794  Gross: 1.3787  Gate: 0.7574
Episode 798  Reward:   0.360247  Wealth:    189374.91  Turnover: 0.5670  Gross: 1.3980  Gate: 0.7960
Episode 799  Reward:   0.264420  Wealth:    154781.26  Turnover: 0.3929  Gross: 1.3983  Gate: 0.7966
Episode 800  Reward:   0.201558  Wealth:    141046.88  Turnover: 0.7018  Gross: 1.3946  Gate: 0.7892
Episode    800  AvgReward:   0.135701  Noise: 0.0303
Episode 801  Reward:   0.291428  Wealth:    170859.61  Turnover: 0.2782  Gross: 1.4065  Gate: 0.8130
Episode 802  Reward:   0.129671  Wealth:    129269.76  Turnover: 0.5153  Gross: 1.4016  Gate: 0.8033
Episode 803  Reward:   0.127743  Wealth:    129309.07  Turnover: 0.4084  Gross: 1.3926  Gate: 0.7852
Episode 804  Reward:   0.029368  Wealth:    114652.09  Turnover: 0.4580  Gross: 1.3989  Gate: 0.7979
Episode 805  Reward:  -0.060729  Wealth:    103264.55  Turnover: 0.6440  Gross: 1.3847  Gate: 0.7693
Episode 806  Reward:   0.271353  Wealth:    159339.04  Turnover: 0.4120  Gross: 1.4022  Gate: 0.8044
Episode 807  Reward:   0.317831  Wealth:    171983.87  Turnover: 0.4205  Gross: 1.4045  Gate: 0.8089
Episode 808  Reward:   0.259760  Wealth:    155851.14  Turnover: 0.4590  Gross: 1.3991  Gate: 0.7981
Episode 809  Reward:   0.177869  Wealth:    142251.39  Turnover: 0.5756  Gross: 1.3979  Gate: 0.7958
Episode 810  Reward:  -0.141724  Wealth:     93951.59  Turnover: 0.3647  Gross: 1.3998  Gate: 0.7997
Episode    810  AvgReward:   0.140257  Noise: 0.0297
Episode 811  Reward:   0.215328  Wealth:    143451.50  Turnover: 0.5704  Gross: 1.4070  Gate: 0.8139
Episode 812  Reward:   0.315790  Wealth:    170754.59  Turnover: 0.6643  Gross: 1.4029  Gate: 0.8058
Episode 813  Reward:   0.054005  Wealth:    115208.30  Turnover: 0.4283  Gross: 1.4030  Gate: 0.8060
Episode 814  Reward:   0.166442  Wealth:    135269.66  Turnover: 0.6133  Gross: 1.4013  Gate: 0.8026
Episode 815  Reward:   0.262965  Wealth:    152356.37  Turnover: 0.7911  Gross: 1.3992  Gate: 0.7985
Episode 816  Reward:   0.189446  Wealth:    140702.49  Turnover: 0.4166  Gross: 1.4020  Gate: 0.8041
Episode 817  Reward:   0.059292  Wealth:    118063.99  Turnover: 0.6429  Gross: 1.3921  Gate: 0.7842
Episode 818  Reward:   0.093346  Wealth:    125647.06  Turnover: 0.6147  Gross: 1.3985  Gate: 0.7970
Episode 819  Reward:  -0.006939  Wealth:    111007.52  Turnover: 0.6977  Gross: 1.3918  Gate: 0.7836
Episode 820  Reward:   0.270169  Wealth:    161758.42  Turnover: 0.4740  Gross: 1.4015  Gate: 0.8029
Episode    820  AvgReward:   0.161985  Noise: 0.0291
Episode 821  Reward:   0.066059  Wealth:    121805.57  Turnover: 0.7526  Gross: 1.4010  Gate: 0.8020
Episode 822  Reward:   0.036121  Wealth:    114882.17  Turnover: 0.8479  Gross: 1.3978  Gate: 0.7956
Episode 823  Reward:   0.332321  Wealth:    174215.56  Turnover: 0.6460  Gross: 1.3978  Gate: 0.7955
Episode 824  Reward:   0.048509  Wealth:    115257.40  Turnover: 0.4979  Gross: 1.3849  Gate: 0.7699
Episode 825  Reward:   0.307648  Wealth:    168119.50  Turnover: 0.5508  Gross: 1.4008  Gate: 0.8015
Episode 826  Reward:  -0.002126  Wealth:    113373.06  Turnover: 0.3277  Gross: 1.4043  Gate: 0.8085
Episode 827  Reward:   0.300612  Wealth:    169085.27  Turnover: 0.4622  Gross: 1.3908  Gate: 0.7816
Episode 828  Reward:   0.047923  Wealth:    114945.39  Turnover: 0.5418  Gross: 1.3972  Gate: 0.7944
Episode 829  Reward:   0.223073  Wealth:    144803.72  Turnover: 0.6418  Gross: 1.4044  Gate: 0.8088
Episode 830  Reward:   0.148787  Wealth:    132219.77  Turnover: 0.6153  Gross: 1.4051  Gate: 0.8102
Episode    830  AvgReward:   0.150893  Noise: 0.0285
Episode 831  Reward:   0.124787  Wealth:    129307.45  Turnover: 0.7199  Gross: 1.3952  Gate: 0.7903
Episode 832  Reward:   0.280551  Wealth:    161774.99  Turnover: 0.6692  Gross: 1.3966  Gate: 0.7933
Episode 833  Reward:   0.182088  Wealth:    138582.02  Turnover: 0.3744  Gross: 1.4047  Gate: 0.8095
Episode 834  Reward:   0.287418  Wealth:    159418.34  Turnover: 0.7145  Gross: 1.3878  Gate: 0.7757
Episode 835  Reward:   0.278567  Wealth:    157823.94  Turnover: 0.4564  Gross: 1.4034  Gate: 0.8067
Episode 836  Reward:   0.210136  Wealth:    146957.99  Turnover: 0.3388  Gross: 1.3909  Gate: 0.7817
Episode 837  Reward:  -0.180059  Wealth:     91180.76  Turnover: 0.6441  Gross: 1.3994  Gate: 0.7988
Episode 838  Reward:   0.229374  Wealth:    154378.45  Turnover: 0.3494  Gross: 1.3997  Gate: 0.7993
Episode 839  Reward:   0.109315  Wealth:    127617.91  Turnover: 0.4505  Gross: 1.4060  Gate: 0.8119
Episode 840  Reward:   0.248006  Wealth:    150771.70  Turnover: 0.8154  Gross: 1.3882  Gate: 0.7764
Episode    840  AvgReward:   0.177018  Noise: 0.0280
Episode 841  Reward:   0.057731  Wealth:    118149.85  Turnover: 0.7071  Gross: 1.3983  Gate: 0.7966
Episode 842  Reward:   0.120099  Wealth:    127672.91  Turnover: 0.5167  Gross: 1.4033  Gate: 0.8065
Episode 843  Reward:  -0.071817  Wealth:    101874.97  Turnover: 0.5957  Gross: 1.4018  Gate: 0.8037
Episode 844  Reward:   0.246151  Wealth:    151667.48  Turnover: 0.4497  Gross: 1.3922  Gate: 0.7844
Episode 845  Reward:  -0.007545  Wealth:    109474.65  Turnover: 0.6830  Gross: 1.3946  Gate: 0.7893
Episode 846  Reward:   0.249366  Wealth:    152331.61  Turnover: 0.7136  Gross: 1.4039  Gate: 0.8078
Episode 847  Reward:   0.321699  Wealth:    174386.36  Turnover: 0.5721  Gross: 1.3936  Gate: 0.7873
Episode 848  Reward:   0.020569  Wealth:    116129.01  Turnover: 0.4425  Gross: 1.3998  Gate: 0.7996
Episode 849  Reward:   0.158599  Wealth:    130891.65  Turnover: 0.5515  Gross: 1.4039  Gate: 0.8078
Episode 850  Reward:  -0.030976  Wealth:    108251.91  Turnover: 0.2723  Gross: 1.4017  Gate: 0.8034
Episode    850  AvgReward:   0.106388  Noise: 0.0274
Episode 851  Reward:   0.055316  Wealth:    115193.90  Turnover: 0.4656  Gross: 1.3973  Gate: 0.7946
Episode 852  Reward:   0.184727  Wealth:    141486.47  Turnover: 0.7232  Gross: 1.4012  Gate: 0.8025
Episode 853  Reward:   0.231880  Wealth:    149459.40  Turnover: 0.7967  Gross: 1.3971  Gate: 0.7942
Episode 854  Reward:   0.034098  Wealth:    115700.69  Turnover: 0.3408  Gross: 1.4018  Gate: 0.8036
Episode 855  Reward:   0.096411  Wealth:    126351.59  Turnover: 0.6664  Gross: 1.3979  Gate: 0.7959
Episode 856  Reward:   0.075931  Wealth:    119020.23  Turnover: 0.2971  Gross: 1.3974  Gate: 0.7949
Episode 857  Reward:   0.179847  Wealth:    135670.08  Turnover: 0.6002  Gross: 1.3963  Gate: 0.7926
Episode 858  Reward:   0.174071  Wealth:    134540.50  Turnover: 0.5477  Gross: 1.3964  Gate: 0.7929
Episode 859  Reward:   0.296209  Wealth:    160920.67  Turnover: 0.5663  Gross: 1.4002  Gate: 0.8005
Episode 860  Reward:   0.242536  Wealth:    152515.32  Turnover: 0.8089  Gross: 1.3983  Gate: 0.7965
Episode    860  AvgReward:   0.157102  Noise: 0.0269
Episode 861  Reward:   0.209191  Wealth:    143354.64  Turnover: 0.6397  Gross: 1.3994  Gate: 0.7989
Episode 862  Reward:   0.128559  Wealth:    130344.75  Turnover: 0.4892  Gross: 1.4009  Gate: 0.8018
Episode 863  Reward:  -0.057398  Wealth:    102697.58  Turnover: 0.5920  Gross: 1.4056  Gate: 0.8112
Episode 864  Reward:   0.019885  Wealth:    116344.85  Turnover: 0.4182  Gross: 1.4008  Gate: 0.8016
Episode 865  Reward:  -0.038435  Wealth:    109147.88  Turnover: 0.5892  Gross: 1.3982  Gate: 0.7964
Episode 866  Reward:   0.035265  Wealth:    118275.73  Turnover: 0.3210  Gross: 1.4027  Gate: 0.8054
Episode 867  Reward:  -0.097010  Wealth:    102826.89  Turnover: 0.3659  Gross: 1.3884  Gate: 0.7768
Episode 868  Reward:   0.184567  Wealth:    137110.18  Turnover: 0.6210  Gross: 1.4006  Gate: 0.8012
Episode 869  Reward:   0.177965  Wealth:    140689.78  Turnover: 0.3681  Gross: 1.3948  Gate: 0.7897
Episode 870  Reward:   0.171602  Wealth:    136343.22  Turnover: 0.6667  Gross: 1.3747  Gate: 0.7495
Episode    870  AvgReward:   0.073419  Noise: 0.0263
Episode 871  Reward:   0.022538  Wealth:    113184.16  Turnover: 0.7523  Gross: 1.3971  Gate: 0.7941
Episode 872  Reward:   0.365333  Wealth:    188913.81  Turnover: 0.6503  Gross: 1.4044  Gate: 0.8088
Episode 873  Reward:   0.095269  Wealth:    122782.78  Turnover: 0.4768  Gross: 1.4055  Gate: 0.8111
Episode 874  Reward:  -0.092066  Wealth:    103058.80  Turnover: 0.2685  Gross: 1.3974  Gate: 0.7947
Episode 875  Reward:   0.239061  Wealth:    150356.05  Turnover: 0.6420  Gross: 1.3940  Gate: 0.7881
Episode 876  Reward:  -0.210288  Wealth:     90601.94  Turnover: 0.3804  Gross: 1.3892  Gate: 0.7784
Episode 877  Reward:   0.126227  Wealth:    127171.24  Turnover: 0.8396  Gross: 1.3898  Gate: 0.7795
Episode 878  Reward:   0.032179  Wealth:    117719.80  Turnover: 0.2225  Gross: 1.4001  Gate: 0.8001
Episode 879  Reward:   0.121611  Wealth:    129125.20  Turnover: 0.5307  Gross: 1.3971  Gate: 0.7942
Episode 880  Reward:  -0.351301  Wealth:     81450.22  Turnover: 0.3512  Gross: 1.3983  Gate: 0.7966
Episode    880  AvgReward:   0.034856  Noise: 0.0258
Episode 881  Reward:   0.064166  Wealth:    116882.83  Turnover: 0.5499  Gross: 1.3943  Gate: 0.7886
Episode 882  Reward:   0.128597  Wealth:    127052.79  Turnover: 0.4991  Gross: 1.4027  Gate: 0.8054
Episode 883  Reward:   0.160537  Wealth:    138522.02  Turnover: 0.3435  Gross: 1.3981  Gate: 0.7962
Episode 884  Reward:  -0.189374  Wealth:     92321.79  Turnover: 0.2385  Gross: 1.4018  Gate: 0.8036
Episode 885  Reward:   0.185525  Wealth:    140529.70  Turnover: 0.5457  Gross: 1.4103  Gate: 0.8205
Episode 886  Reward:   0.012462  Wealth:    110574.28  Turnover: 0.4984  Gross: 1.3987  Gate: 0.7973
Episode 887  Reward:   0.275096  Wealth:    159453.68  Turnover: 0.4930  Gross: 1.4029  Gate: 0.8058
Episode 888  Reward:   0.278793  Wealth:    159092.69  Turnover: 0.5999  Gross: 1.3977  Gate: 0.7954
Episode 889  Reward:   0.212274  Wealth:    141844.70  Turnover: 0.3867  Gross: 1.3945  Gate: 0.7890
Episode 890  Reward:  -0.069627  Wealth:    103991.43  Turnover: 0.3857  Gross: 1.4013  Gate: 0.8026
Episode    890  AvgReward:   0.105845  Noise: 0.0253
Episode 891  Reward:   0.174106  Wealth:    139558.92  Turnover: 0.3963  Gross: 1.3950  Gate: 0.7900
Episode 892  Reward:   0.140809  Wealth:    129243.62  Turnover: 0.3886  Gross: 1.4011  Gate: 0.8022
Episode 893  Reward:  -0.031512  Wealth:    107196.83  Turnover: 0.4604  Gross: 1.4026  Gate: 0.8052
Episode 894  Reward:   0.077943  Wealth:    119901.47  Turnover: 0.6351  Gross: 1.4006  Gate: 0.8011
Episode 895  Reward:   0.232773  Wealth:    152360.36  Turnover: 0.5132  Gross: 1.4074  Gate: 0.8149
Episode 896  Reward:   0.275456  Wealth:    155090.78  Turnover: 0.5827  Gross: 1.4032  Gate: 0.8064
Episode 897  Reward:  -0.002890  Wealth:    109356.41  Turnover: 0.6126  Gross: 1.4003  Gate: 0.8007
Episode 898  Reward:   0.151257  Wealth:    133607.78  Turnover: 0.3380  Gross: 1.3974  Gate: 0.7947
Episode 899  Reward:   0.361955  Wealth:    194109.40  Turnover: 0.6351  Gross: 1.3995  Gate: 0.7990
Episode 900  Reward:   0.148782  Wealth:    128420.33  Turnover: 0.5093  Gross: 1.4007  Gate: 0.8015
Episode    900  AvgReward:   0.152868  Noise: 0.0248
Episode 901  Reward:   0.193256  Wealth:    140703.84  Turnover: 0.5792  Gross: 1.3977  Gate: 0.7954
Episode 902  Reward:   0.136085  Wealth:    130324.08  Turnover: 0.5195  Gross: 1.4015  Gate: 0.8029
Episode 903  Reward:  -0.019897  Wealth:    107485.76  Turnover: 0.4687  Gross: 1.4068  Gate: 0.8135
Episode 904  Reward:   0.164252  Wealth:    138179.57  Turnover: 0.3247  Gross: 1.3985  Gate: 0.7970
Episode 905  Reward:   0.013074  Wealth:    113398.84  Turnover: 0.4399  Gross: 1.4029  Gate: 0.8059
Episode 906  Reward:  -0.008214  Wealth:    108854.24  Turnover: 0.4733  Gross: 1.4022  Gate: 0.8045
Episode 907  Reward:   0.171994  Wealth:    134153.89  Turnover: 0.5729  Gross: 1.3971  Gate: 0.7943
Episode 908  Reward:  -0.036048  Wealth:    108975.68  Turnover: 0.2921  Gross: 1.3955  Gate: 0.7909
Episode 909  Reward:   0.215975  Wealth:    144261.08  Turnover: 0.5036  Gross: 1.4023  Gate: 0.8046
Episode 910  Reward:   0.162167  Wealth:    134764.38  Turnover: 0.4459  Gross: 1.4037  Gate: 0.8074
Episode    910  AvgReward:   0.099264  Noise: 0.0243
Episode 911  Reward:   0.075593  Wealth:    120434.80  Turnover: 0.5472  Gross: 1.3986  Gate: 0.7972
Episode 912  Reward:   0.051735  Wealth:    121240.33  Turnover: 0.3283  Gross: 1.4030  Gate: 0.8059
Episode 913  Reward:   0.243271  Wealth:    154363.70  Turnover: 0.3466  Gross: 1.4005  Gate: 0.8009
Episode 914  Reward:   0.016949  Wealth:    111972.07  Turnover: 0.4817  Gross: 1.3969  Gate: 0.7938
Episode 915  Reward:   0.268936  Wealth:    160508.25  Turnover: 0.6202  Gross: 1.3940  Gate: 0.7881
Episode 916  Reward:   0.089215  Wealth:    121009.35  Turnover: 0.4651  Gross: 1.4031  Gate: 0.8061
Episode 917  Reward:  -0.229893  Wealth:     87619.19  Turnover: 0.6449  Gross: 1.3912  Gate: 0.7825
Episode 918  Reward:   0.144818  Wealth:    134504.19  Turnover: 0.4798  Gross: 1.4009  Gate: 0.8019
Episode 919  Reward:   0.288485  Wealth:    166330.51  Turnover: 0.3563  Gross: 1.3984  Gate: 0.7969
Episode 920  Reward:   0.156238  Wealth:    133874.14  Turnover: 0.4941  Gross: 1.4037  Gate: 0.8073
Episode    920  AvgReward:   0.110535  Noise: 0.0238
Episode 921  Reward:   0.130697  Wealth:    127666.78  Turnover: 0.4450  Gross: 1.4046  Gate: 0.8092
Episode 922  Reward:  -0.268481  Wealth:     84796.96  Turnover: 0.5628  Gross: 1.4036  Gate: 0.8071
Episode 923  Reward:   0.249862  Wealth:    146235.55  Turnover: 0.3137  Gross: 1.4039  Gate: 0.8079
Episode 924  Reward:  -0.152347  Wealth:     93370.25  Turnover: 0.4340  Gross: 1.4014  Gate: 0.8028
Episode 925  Reward:   0.107740  Wealth:    128777.37  Turnover: 0.4312  Gross: 1.4019  Gate: 0.8039
Episode 926  Reward:   0.108463  Wealth:    122682.87  Turnover: 0.3950  Gross: 1.3996  Gate: 0.7992
Episode 927  Reward:   0.118025  Wealth:    123508.44  Turnover: 0.8142  Gross: 1.3946  Gate: 0.7892
Episode 928  Reward:   0.004029  Wealth:    109527.10  Turnover: 0.4696  Gross: 1.4025  Gate: 0.8050
Episode 929  Reward:   0.322954  Wealth:    167846.18  Turnover: 0.5676  Gross: 1.3942  Gate: 0.7884
Episode 930  Reward:   0.229211  Wealth:    144977.27  Turnover: 0.6924  Gross: 1.3969  Gate: 0.7938
Episode    930  AvgReward:   0.085015  Noise: 0.0234
Episode 931  Reward:   0.204596  Wealth:    138985.14  Turnover: 0.5830  Gross: 1.4039  Gate: 0.8079
Episode 932  Reward:   0.084949  Wealth:    120375.81  Turnover: 0.5484  Gross: 1.4046  Gate: 0.8091
Episode 933  Reward:  -0.336735  Wealth:     81557.20  Turnover: 0.4925  Gross: 1.3968  Gate: 0.7935
Episode 934  Reward:   0.183209  Wealth:    139989.50  Turnover: 0.7594  Gross: 1.4021  Gate: 0.8043
Episode 935  Reward:   0.125307  Wealth:    129354.71  Turnover: 0.6573  Gross: 1.4029  Gate: 0.8059
Episode 936  Reward:   0.157731  Wealth:    132122.80  Turnover: 0.5422  Gross: 1.4015  Gate: 0.8029
Episode 937  Reward:   0.216674  Wealth:    145007.87  Turnover: 0.7492  Gross: 1.3959  Gate: 0.7917
Episode 938  Reward:  -0.102235  Wealth:     97976.77  Turnover: 0.5508  Gross: 1.3979  Gate: 0.7958
Episode 939  Reward:   0.100021  Wealth:    122341.21  Turnover: 0.5327  Gross: 1.3851  Gate: 0.7702
Episode 940  Reward:   0.259859  Wealth:    155800.63  Turnover: 0.5417  Gross: 1.3938  Gate: 0.7876
Episode    940  AvgReward:   0.089338  Noise: 0.0229
Episode 941  Reward:   0.121617  Wealth:    125372.91  Turnover: 0.6165  Gross: 1.3980  Gate: 0.7960
Episode 942  Reward:   0.168748  Wealth:    138634.00  Turnover: 0.5156  Gross: 1.4042  Gate: 0.8084
Episode 943  Reward:  -0.128151  Wealth:     98977.09  Turnover: 0.3230  Gross: 1.4000  Gate: 0.7999
Episode 944  Reward:   0.125538  Wealth:    130715.69  Turnover: 0.5398  Gross: 1.4024  Gate: 0.8047
Episode 945  Reward:   0.172664  Wealth:    135132.03  Turnover: 0.6451  Gross: 1.3945  Gate: 0.7889
Episode 946  Reward:  -0.037939  Wealth:    104278.91  Turnover: 0.5141  Gross: 1.3990  Gate: 0.7979
Episode 947  Reward:  -0.077973  Wealth:    101738.45  Turnover: 0.7766  Gross: 1.4008  Gate: 0.8016
Episode 948  Reward:   0.206144  Wealth:    140405.77  Turnover: 0.4825  Gross: 1.3981  Gate: 0.7962
Episode 949  Reward:   0.111383  Wealth:    124444.91  Turnover: 0.7050  Gross: 1.3993  Gate: 0.7986
Episode 950  Reward:   0.269506  Wealth:    154537.27  Turnover: 0.5585  Gross: 1.3867  Gate: 0.7734
Episode    950  AvgReward:   0.093154  Noise: 0.0224
Episode 951  Reward:   0.000457  Wealth:    110414.23  Turnover: 0.7098  Gross: 1.4009  Gate: 0.8019
Episode 952  Reward:   0.174776  Wealth:    133942.43  Turnover: 0.3989  Gross: 1.3991  Gate: 0.7982
Episode 953  Reward:   0.225961  Wealth:    144665.45  Turnover: 0.6543  Gross: 1.3943  Gate: 0.7886
Episode 954  Reward:   0.199757  Wealth:    141294.98  Turnover: 0.7264  Gross: 1.3856  Gate: 0.7713
Episode 955  Reward:   0.079260  Wealth:    119740.36  Turnover: 0.6475  Gross: 1.4013  Gate: 0.8026
Episode 956  Reward:   0.077437  Wealth:    120612.99  Turnover: 0.3852  Gross: 1.4073  Gate: 0.8147
Episode 957  Reward:   0.190342  Wealth:    140429.21  Turnover: 0.8289  Gross: 1.4060  Gate: 0.8121
Episode 958  Reward:   0.089873  Wealth:    124494.67  Turnover: 0.4275  Gross: 1.3915  Gate: 0.7830
Episode 959  Reward:  -0.094462  Wealth:     98293.12  Turnover: 0.5816  Gross: 1.3923  Gate: 0.7846
Episode 960  Reward:   0.223788  Wealth:    144530.46  Turnover: 0.6162  Gross: 1.4000  Gate: 0.8000
Episode    960  AvgReward:   0.116719  Noise: 0.0220
Episode 961  Reward:  -0.037294  Wealth:    108614.81  Turnover: 0.3957  Gross: 1.3946  Gate: 0.7893
Episode 962  Reward:   0.104307  Wealth:    122835.82  Turnover: 0.3927  Gross: 1.3965  Gate: 0.7930
Episode 963  Reward:  -0.150896  Wealth:     93648.49  Turnover: 0.4599  Gross: 1.3942  Gate: 0.7884
Episode 964  Reward:   0.110216  Wealth:    125114.00  Turnover: 0.4637  Gross: 1.4006  Gate: 0.8012
Episode 965  Reward:   0.161451  Wealth:    137452.39  Turnover: 0.6390  Gross: 1.4033  Gate: 0.8067
Episode 966  Reward:   0.191769  Wealth:    137087.38  Turnover: 0.5215  Gross: 1.4010  Gate: 0.8020
Episode 967  Reward:   0.233496  Wealth:    150560.64  Turnover: 0.7870  Gross: 1.4000  Gate: 0.7999
Episode 968  Reward:   0.165714  Wealth:    131485.53  Turnover: 0.5813  Gross: 1.4064  Gate: 0.8127
Episode 969  Reward:  -0.103659  Wealth:     97683.83  Turnover: 0.4996  Gross: 1.4040  Gate: 0.8080
Episode 970  Reward:   0.030324  Wealth:    114003.21  Turnover: 0.5070  Gross: 1.4032  Gate: 0.8065
Episode    970  AvgReward:   0.070543  Noise: 0.0216
Episode 971  Reward:   0.339285  Wealth:    175158.18  Turnover: 0.9181  Gross: 1.4071  Gate: 0.8142
Episode 972  Reward:   0.293426  Wealth:    159563.61  Turnover: 0.4888  Gross: 1.4047  Gate: 0.8094
Episode 973  Reward:   0.215373  Wealth:    141536.29  Turnover: 0.4196  Gross: 1.3961  Gate: 0.7922
Episode 974  Reward:  -0.179669  Wealth:     90983.40  Turnover: 0.7438  Gross: 1.3742  Gate: 0.7484
Episode 975  Reward:   0.093119  Wealth:    119694.14  Turnover: 0.4844  Gross: 1.4008  Gate: 0.8017
Episode 976  Reward:   0.250787  Wealth:    157066.65  Turnover: 0.3393  Gross: 1.3953  Gate: 0.7906
Episode 977  Reward:   0.060465  Wealth:    116713.91  Turnover: 0.7486  Gross: 1.4000  Gate: 0.7999
Episode 978  Reward:   0.347611  Wealth:    174498.69  Turnover: 0.8202  Gross: 1.4032  Gate: 0.8064
Episode 979  Reward:   0.041717  Wealth:    113773.66  Turnover: 0.5650  Gross: 1.4063  Gate: 0.8126
Episode 980  Reward:   0.235277  Wealth:    146943.50  Turnover: 0.5286  Gross: 1.3973  Gate: 0.7946
Episode    980  AvgReward:   0.169739  Noise: 0.0211
Episode 981  Reward:  -0.150596  Wealth:     95243.95  Turnover: 0.4820  Gross: 1.4076  Gate: 0.8153
Episode 982  Reward:   0.274637  Wealth:    161838.14  Turnover: 0.3978  Gross: 1.3991  Gate: 0.7983
Episode 983  Reward:   0.158394  Wealth:    131481.65  Turnover: 0.7742  Gross: 1.4018  Gate: 0.8036
Episode 984  Reward:   0.388658  Wealth:    188860.93  Turnover: 0.8165  Gross: 1.3974  Gate: 0.7948
Episode 985  Reward:   0.238616  Wealth:    146273.24  Turnover: 0.2288  Gross: 1.3988  Gate: 0.7977
Episode 986  Reward:  -0.411240  Wealth:     75756.04  Turnover: 0.7066  Gross: 1.3970  Gate: 0.7939
Episode 987  Reward:   0.080084  Wealth:    119500.61  Turnover: 0.5936  Gross: 1.3902  Gate: 0.7804
Episode 988  Reward:   0.077385  Wealth:    119464.65  Turnover: 0.7090  Gross: 1.4015  Gate: 0.8030
Episode 989  Reward:   0.215996  Wealth:    144181.62  Turnover: 0.5294  Gross: 1.4033  Gate: 0.8065
Episode 990  Reward:   0.218985  Wealth:    142404.37  Turnover: 0.3990  Gross: 1.3973  Gate: 0.7947
Episode    990  AvgReward:   0.109092  Noise: 0.0207
Episode 991  Reward:   0.086148  Wealth:    120663.55  Turnover: 0.4315  Gross: 1.3964  Gate: 0.7928
Episode 992  Reward:   0.129500  Wealth:    125014.25  Turnover: 0.4450  Gross: 1.4053  Gate: 0.8106
Episode 993  Reward:   0.215934  Wealth:    142797.98  Turnover: 0.5662  Gross: 1.3897  Gate: 0.7795
Episode 994  Reward:   0.284344  Wealth:    156726.72  Turnover: 0.3236  Gross: 1.3987  Gate: 0.7974
Episode 995  Reward:   0.251536  Wealth:    152636.44  Turnover: 0.6246  Gross: 1.4022  Gate: 0.8045
Episode 996  Reward:   0.167290  Wealth:    134608.44  Turnover: 0.6214  Gross: 1.3983  Gate: 0.7967
Episode 997  Reward:   0.207506  Wealth:    138653.34  Turnover: 0.6586  Gross: 1.4046  Gate: 0.8093
Episode 998  Reward:   0.133940  Wealth:    126053.39  Turnover: 0.5335  Gross: 1.4018  Gate: 0.8035
Episode 999  Reward:   0.059198  Wealth:    114332.54  Turnover: 0.6084  Gross: 1.4029  Gate: 0.8057
Episode 1000  Reward:  -0.102415  Wealth:     98304.58  Turnover: 0.4367  Gross: 1.4059  Gate: 0.8117
Episode   1000  AvgReward:   0.143298  Noise: 0.0203
TRAIN STAGE COMPLETE
PRE-TRAINING BEHAVIOUR GATE PASSED on deterministic held-in episodes: mean_leverage_gate=0.8009, fraction_at_gross_cap=0.0000, gate_gross_mae=0.0000, mean_turnover=0.5339, max_position_limit_violation=0.0000, mean_normalized_direction_entropy=0.8486, q05_normalized_direction_entropy=0.7691, mean_effective_positions=4.0245
Pre-training complete. Agent saved.

============================================================
Stage 2: Fine-tuning on Real Data

============================================================
============================================================
STAGE 2: FINE-TUNING
============================================================
============================================================
TRAIN STAGE STARTED: stage=finetune_selection, episodes=37, batch_size=64, updates_per_step=1
============================================================
Episode 1  Reward:   0.175048  Wealth:    135030.42  Turnover: 0.7970  Gross: 1.3980  Gate: 0.7961
Episode 2  Reward:   0.248715  Wealth:    151260.35  Turnover: 0.8769  Gross: 1.3969  Gate: 0.7939
Episode 3  Reward:   0.198764  Wealth:    140443.63  Turnover: 0.8127  Gross: 1.3955  Gate: 0.7910
Episode 4  Reward:   0.181018  Wealth:    133789.49  Turnover: 0.4933  Gross: 1.4020  Gate: 0.8040
Episode 5  Reward:   0.322530  Wealth:    169649.38  Turnover: 0.9903  Gross: 1.3919  Gate: 0.7838
Episode 6  Reward:   0.349039  Wealth:    179988.07  Turnover: 0.8693  Gross: 1.3831  Gate: 0.7662
Episode 7  Reward:   0.278274  Wealth:    159062.41  Turnover: 0.7497  Gross: 1.3851  Gate: 0.7702
Episode 8  Reward:   0.197893  Wealth:    138030.40  Turnover: 0.6288  Gross: 1.3911  Gate: 0.7823
Episode 9  Reward:   0.236738  Wealth:    145895.02  Turnover: 0.6424  Gross: 1.3960  Gate: 0.7920
Episode 10  Reward:   0.278329  Wealth:    157950.04  Turnover: 0.6369  Gross: 1.3935  Gate: 0.7870
Episode 11  Reward:   0.176005  Wealth:    133984.46  Turnover: 0.4378  Gross: 1.3901  Gate: 0.7801
Episode 12  Reward:   0.190738  Wealth:    137176.78  Turnover: 0.5176  Gross: 1.3870  Gate: 0.7739
Episode 13  Reward:   0.232739  Wealth:    146850.30  Turnover: 0.6434  Gross: 1.3964  Gate: 0.7927
Episode 14  Reward:   0.065813  Wealth:    116183.58  Turnover: 0.3757  Gross: 1.3911  Gate: 0.7822
Episode 15  Reward:  -0.007988  Wealth:    106868.05  Turnover: 0.3776  Gross: 1.3903  Gate: 0.7806
Episode 16  Reward:   0.202501  Wealth:    139122.08  Turnover: 0.5114  Gross: 1.3947  Gate: 0.7894
Episode 17  Reward:   0.246712  Wealth:    149047.97  Turnover: 0.5502  Gross: 1.3915  Gate: 0.7830
Episode 18  Reward:   0.212533  Wealth:    140759.53  Turnover: 0.5806  Gross: 1.3967  Gate: 0.7934
Episode 19  Reward:   0.168118  Wealth:    133596.51  Turnover: 0.3729  Gross: 1.3947  Gate: 0.7895
Episode 20  Reward:   0.255627  Wealth:    150529.23  Turnover: 0.6092  Gross: 1.3908  Gate: 0.7817
Episode 21  Reward:   0.286415  Wealth:    159222.59  Turnover: 0.7285  Gross: 1.3909  Gate: 0.7817
Episode 22  Reward:   0.165729  Wealth:    133391.07  Turnover: 0.4129  Gross: 1.4004  Gate: 0.8007
Episode 23  Reward:   0.180726  Wealth:    135914.46  Turnover: 0.6874  Gross: 1.3981  Gate: 0.7962
Episode 24  Reward:   0.264368  Wealth:    154665.65  Turnover: 0.8023  Gross: 1.3879  Gate: 0.7759
Episode 25  Reward:   0.202350  Wealth:    139989.26  Turnover: 0.7651  Gross: 1.3889  Gate: 0.7779
Episode 26  Reward:   0.174087  Wealth:    133999.42  Turnover: 0.5607  Gross: 1.3908  Gate: 0.7816
Episode 27  Reward:   0.242229  Wealth:    150556.22  Turnover: 0.8610  Gross: 1.3882  Gate: 0.7763
Episode 28  Reward:   0.179253  Wealth:    135017.81  Turnover: 0.5728  Gross: 1.3922  Gate: 0.7844
Episode 29  Reward:   0.124511  Wealth:    125707.87  Turnover: 0.5524  Gross: 1.3936  Gate: 0.7873
Episode 30  Reward:   0.230354  Wealth:    143943.97  Turnover: 0.5079  Gross: 1.3951  Gate: 0.7902
Episode 31  Reward:   0.140340  Wealth:    129257.51  Turnover: 0.4372  Gross: 1.4010  Gate: 0.8021
Episode 32  Reward:   0.083720  Wealth:    119768.41  Turnover: 0.8050  Gross: 1.4035  Gate: 0.8070
Episode 33  Reward:   0.165729  Wealth:    132817.61  Turnover: 0.6622  Gross: 1.4017  Gate: 0.8033
Episode 34  Reward:   0.117856  Wealth:    125626.47  Turnover: 0.6739  Gross: 1.3938  Gate: 0.7876
Episode 35  Reward:   0.217886  Wealth:    142481.42  Turnover: 0.9445  Gross: 1.4056  Gate: 0.8113
Episode 36  Reward:   0.167605  Wealth:    134124.05  Turnover: 0.6567  Gross: 1.3950  Gate: 0.7900
Episode 37  Reward:   0.340634  Wealth:    176670.38  Turnover: 0.9145  Gross: 1.3964  Gate: 0.7928
Episode     37  AvgReward:   0.202512  Noise: 0.0417
TRAIN STAGE COMPLETE
VALIDATION pass=1 reward=0.241535 wealth=144301.77 turnover=0.6642 gross=1.4034
============================================================
TRAIN STAGE STARTED: stage=finetune_refit_all, episodes=61, batch_size=64, updates_per_step=1
============================================================
Episode 1  Reward:   0.110585  Wealth:    122116.62  Turnover: 0.6001  Gross: 1.3990  Gate: 0.7981
Episode 2  Reward:   0.156601  Wealth:    131858.28  Turnover: 0.7648  Gross: 1.4014  Gate: 0.8028
Episode 3  Reward:   0.214526  Wealth:    139707.40  Turnover: 0.5141  Gross: 1.4018  Gate: 0.8035
Episode 4  Reward:   0.233658  Wealth:    143260.71  Turnover: 0.5333  Gross: 1.3988  Gate: 0.7975
Episode 5  Reward:   0.084109  Wealth:    119863.34  Turnover: 0.6307  Gross: 1.3978  Gate: 0.7957
Episode 6  Reward:   0.215437  Wealth:    142323.64  Turnover: 0.6256  Gross: 1.4029  Gate: 0.8059
Episode 7  Reward:   0.183534  Wealth:    135292.79  Turnover: 0.5474  Gross: 1.4024  Gate: 0.8049
Episode 8  Reward:   0.240045  Wealth:    146115.91  Turnover: 0.6475  Gross: 1.4083  Gate: 0.8165
Episode 9  Reward:   0.226090  Wealth:    142812.38  Turnover: 0.4854  Gross: 1.3993  Gate: 0.7987
Episode 10  Reward:   0.215278  Wealth:    139705.89  Turnover: 0.3965  Gross: 1.4019  Gate: 0.8039
Episode 11  Reward:   0.165037  Wealth:    130674.80  Turnover: 0.3767  Gross: 1.3778  Gate: 0.7556
Episode 12  Reward:   0.173420  Wealth:    135015.69  Turnover: 0.5565  Gross: 1.3997  Gate: 0.7994
Episode 13  Reward:   0.085068  Wealth:    119525.84  Turnover: 0.4887  Gross: 1.4045  Gate: 0.8090
Episode 14  Reward:   0.138786  Wealth:    128827.56  Turnover: 0.4203  Gross: 1.4032  Gate: 0.8065
Episode 15  Reward:   0.007658  Wealth:    109199.92  Turnover: 0.4672  Gross: 1.4060  Gate: 0.8120
Episode 16  Reward:   0.171534  Wealth:    132136.53  Turnover: 0.3565  Gross: 1.3857  Gate: 0.7713
Episode 17  Reward:   0.044377  Wealth:    113863.07  Turnover: 0.4558  Gross: 1.4068  Gate: 0.8136
Episode 18  Reward:   0.400597  Wealth:    198095.39  Turnover: 0.6040  Gross: 1.4090  Gate: 0.8180
Episode 19  Reward:   0.037921  Wealth:    112512.65  Turnover: 0.4370  Gross: 1.4073  Gate: 0.8147
Episode 20  Reward:   0.012853  Wealth:    109787.43  Turnover: 0.4328  Gross: 1.4058  Gate: 0.8116
Episode 21  Reward:   0.294411  Wealth:    163975.21  Turnover: 0.5529  Gross: 1.4092  Gate: 0.8185
Episode 22  Reward:  -0.019295  Wealth:    106524.65  Turnover: 0.4228  Gross: 1.4079  Gate: 0.8157
Episode 23  Reward:   0.168942  Wealth:    133683.82  Turnover: 0.3926  Gross: 1.4090  Gate: 0.8180
Episode 24  Reward:   0.156349  Wealth:    128889.84  Turnover: 0.2637  Gross: 1.3811  Gate: 0.7621
Episode 25  Reward:   0.346444  Wealth:    175318.78  Turnover: 0.6287  Gross: 1.4121  Gate: 0.8242
Episode 26  Reward:   0.054918  Wealth:    115232.11  Turnover: 0.3874  Gross: 1.4083  Gate: 0.8165
Episode 27  Reward:   0.096484  Wealth:    119569.42  Turnover: 0.3180  Gross: 1.4023  Gate: 0.8046
Episode 28  Reward:   0.210975  Wealth:    138746.43  Turnover: 0.3523  Gross: 1.3943  Gate: 0.7886
Episode 29  Reward:   0.062310  Wealth:    116620.78  Turnover: 0.3895  Gross: 1.4091  Gate: 0.8183
Episode 30  Reward:   0.293101  Wealth:    162669.11  Turnover: 0.5198  Gross: 1.4055  Gate: 0.8109
Episode 31  Reward:   0.343254  Wealth:    176523.97  Turnover: 0.6910  Gross: 1.4099  Gate: 0.8198
Episode 32  Reward:   0.198373  Wealth:    136260.56  Turnover: 0.3857  Gross: 1.4046  Gate: 0.8093
Episode 33  Reward:   0.216245  Wealth:    139606.09  Turnover: 0.4037  Gross: 1.4072  Gate: 0.8144
Episode 34  Reward:   0.016685  Wealth:    110127.34  Turnover: 0.4233  Gross: 1.4064  Gate: 0.8129
Episode 35  Reward:   0.090695  Wealth:    119740.03  Turnover: 0.4126  Gross: 1.4061  Gate: 0.8122
Episode 36  Reward:   0.025644  Wealth:    110272.99  Turnover: 0.3461  Gross: 1.4026  Gate: 0.8051
Episode 37  Reward:   0.037190  Wealth:    111999.52  Turnover: 0.3454  Gross: 1.4043  Gate: 0.8086
Episode 38  Reward:   0.176473  Wealth:    133527.75  Turnover: 0.3528  Gross: 1.3934  Gate: 0.7869
Episode 39  Reward:   0.317414  Wealth:    171048.73  Turnover: 0.5082  Gross: 1.4038  Gate: 0.8076
Episode 40  Reward:   0.025715  Wealth:    111072.55  Turnover: 0.4188  Gross: 1.4079  Gate: 0.8157
Episode 41  Reward:   0.270489  Wealth:    153372.43  Turnover: 0.5471  Gross: 1.4029  Gate: 0.8058
Episode 42  Reward:   0.257415  Wealth:    154969.64  Turnover: 0.5086  Gross: 1.4052  Gate: 0.8103
Episode 43  Reward:   0.168235  Wealth:    132334.82  Turnover: 0.3571  Gross: 1.3989  Gate: 0.7977
Episode 44  Reward:   0.359049  Wealth:    182092.54  Turnover: 0.5659  Gross: 1.4105  Gate: 0.8210
Episode 45  Reward:   0.285951  Wealth:    160974.61  Turnover: 0.5016  Gross: 1.4054  Gate: 0.8108
Episode 46  Reward:   0.015662  Wealth:    110497.21  Turnover: 0.4409  Gross: 1.4087  Gate: 0.8175
Episode 47  Reward:   0.254479  Wealth:    154318.16  Turnover: 0.6116  Gross: 1.4072  Gate: 0.8143
Episode 48  Reward:   0.352298  Wealth:    180086.38  Turnover: 0.7186  Gross: 1.4121  Gate: 0.8242
Episode 49  Reward:   0.215483  Wealth:    140975.19  Turnover: 0.4128  Gross: 1.3998  Gate: 0.7995
Episode 50  Reward:  -0.002861  Wealth:    108117.73  Turnover: 0.4288  Gross: 1.4091  Gate: 0.8183
Episode 51  Reward:   0.017791  Wealth:    109390.76  Turnover: 0.4426  Gross: 1.4042  Gate: 0.8083
Episode 52  Reward:   0.355998  Wealth:    179817.07  Turnover: 0.6975  Gross: 1.4154  Gate: 0.8307
Episode 53  Reward:   0.226266  Wealth:    142476.81  Turnover: 0.4733  Gross: 1.4003  Gate: 0.8005
Episode 54  Reward:   0.277481  Wealth:    160718.99  Turnover: 0.4779  Gross: 1.4049  Gate: 0.8099
Episode 55  Reward:   0.199624  Wealth:    141595.96  Turnover: 0.5014  Gross: 1.4067  Gate: 0.8133
Episode 56  Reward:   0.086918  Wealth:    118023.45  Turnover: 0.3626  Gross: 1.4029  Gate: 0.8058
Episode 57  Reward:  -0.003339  Wealth:    107727.37  Turnover: 0.4467  Gross: 1.4086  Gate: 0.8172
Episode 58  Reward:   0.050515  Wealth:    114180.74  Turnover: 0.4786  Gross: 1.4103  Gate: 0.8206
Episode 59  Reward:   0.409827  Wealth:    203304.64  Turnover: 0.5571  Gross: 1.4084  Gate: 0.8168
Episode 60  Reward:   0.359503  Wealth:    183506.87  Turnover: 0.6392  Gross: 1.4103  Gate: 0.8206
Episode 61  Reward:   0.326141  Wealth:    173533.30  Turnover: 0.4697  Gross: 1.4053  Gate: 0.8105
Episode     61  AvgReward:   0.175613  Noise: 0.0370
TRAIN STAGE COMPLETE
Fine-tuning complete. Selected 1 pass(es); final agent saved.

============================================================
TRAINING COMPLETE

============================================================

[3/3] Training seed 20260850
Loading configuration from: config/config.yaml 
Run mode: full | seed: 20260850 | CVaR simulations/step: 512 | vine simulation cores: 23
Loading synthetic return bundle: data/synthetic_returns.RData
Loaded 1000 pre-training and 61 fine-tuning episodes.
Fine-tuning selection: 37 fit episodes, 23 purged overlapping episodes, 1 validation episode; final refit uses all 61.
Run seed: 20260850
Run mode: full
PyTorch: 2.10.0+cu128
Device: cuda
Action schema: interior_rank_partition_leverage_gate_v5; projection temperature=1.5
GPU: NVIDIA A100-SXM4-80GB
PYTHON: Framework ready.
Action schema: interior_rank_partition_leverage_gate_v5 | gross=1.500 | net=1.000 | max_long=0.600 | max_short=0.200
Risk/training: entropy_coef=0.005 | leverage_target=0.800 | leverage_penalty=0.25 | direction_bound=5.000 | AMP=False

============================================================
Stage 1: Pre-training on Synthetic Data

============================================================
============================================================
STAGE 1: PRE-TRAINING
============================================================
============================================================
TRAIN STAGE STARTED: stage=pretrain, episodes=1000, batch_size=128, updates_per_step=1
============================================================
Episode 1  Reward:   0.189162  Wealth:    140224.48  Turnover: 1.0325  Gross: 1.2275  Gate: 0.4550
Episode 2  Reward:  -0.259414  Wealth:     86479.09  Turnover: 1.0202  Gross: 1.2592  Gate: 0.5184
Episode 3  Reward:   0.128799  Wealth:    130066.85  Turnover: 1.1192  Gross: 1.2586  Gate: 0.5173
Episode 4  Reward:  -0.694349  Wealth:     63026.43  Turnover: 1.0383  Gross: 1.2675  Gate: 0.5349
Episode 5  Reward:  -0.279074  Wealth:     84702.50  Turnover: 1.0849  Gross: 1.2352  Gate: 0.4703
Episode 6  Reward:  -0.179043  Wealth:     92727.91  Turnover: 1.0806  Gross: 1.2425  Gate: 0.4850
Episode 7  Reward:  -0.007136  Wealth:    110721.44  Turnover: 1.1000  Gross: 1.2764  Gate: 0.5528
Episode 8  Reward:  -0.035163  Wealth:    106166.32  Turnover: 0.9774  Gross: 1.2357  Gate: 0.4715
Episode 9  Reward:   0.088735  Wealth:    123467.74  Turnover: 1.0713  Gross: 1.2513  Gate: 0.5026
Episode 10  Reward:   0.193716  Wealth:    143551.88  Turnover: 1.1675  Gross: 1.2862  Gate: 0.5725
Episode     10  AvgReward:  -0.085377  Noise: 0.1473
Episode 11  Reward:   0.300651  Wealth:    166547.41  Turnover: 1.1292  Gross: 1.2428  Gate: 0.4856
Episode 12  Reward:   0.029461  Wealth:    115881.00  Turnover: 1.0226  Gross: 1.2171  Gate: 0.4342
Episode 13  Reward:  -0.300417  Wealth:     83226.34  Turnover: 1.1089  Gross: 1.2921  Gate: 0.5843
Episode 14  Reward:   0.007677  Wealth:    112068.57  Turnover: 1.0566  Gross: 1.2125  Gate: 0.4251
Episode 15  Reward:   0.068601  Wealth:    120045.84  Turnover: 1.1407  Gross: 1.2714  Gate: 0.5427
Episode 16  Reward:   0.085174  Wealth:    122668.84  Turnover: 1.0401  Gross: 1.2853  Gate: 0.5706
Episode 17  Reward:  -0.070933  Wealth:    102806.21  Turnover: 0.9826  Gross: 1.2340  Gate: 0.4679
Episode 18  Reward:  -0.173853  Wealth:     92707.27  Turnover: 1.1804  Gross: 1.2369  Gate: 0.4739
Episode 19  Reward:   0.271548  Wealth:    158612.86  Turnover: 1.0383  Gross: 1.2175  Gate: 0.4350
Episode 20  Reward:  -0.144548  Wealth:     95156.70  Turnover: 1.0507  Gross: 1.2421  Gate: 0.4842
Episode     20  AvgReward:   0.007336  Noise: 0.1444
Episode 21  Reward:  -0.039783  Wealth:    106512.89  Turnover: 1.0920  Gross: 1.2686  Gate: 0.5373
Episode 22  Reward:  -0.303156  Wealth:     83396.23  Turnover: 1.0260  Gross: 1.2656  Gate: 0.5311
Episode 23  Reward:   0.091606  Wealth:    123783.39  Turnover: 1.0814  Gross: 1.2706  Gate: 0.5412
Episode 24  Reward:   0.223850  Wealth:    148740.53  Turnover: 1.0376  Gross: 1.2754  Gate: 0.5508
Episode 25  Reward:   0.010085  Wealth:    111875.77  Turnover: 1.0089  Gross: 1.2579  Gate: 0.5158
Episode 26  Reward:  -0.025984  Wealth:    107592.89  Turnover: 1.1906  Gross: 1.2546  Gate: 0.5093
Episode 27  Reward:   0.088464  Wealth:    123334.80  Turnover: 1.1358  Gross: 1.2451  Gate: 0.4902
Episode 28  Reward:  -0.119693  Wealth:     97989.72  Turnover: 1.0175  Gross: 1.2290  Gate: 0.4581
Episode 29  Reward:  -0.054985  Wealth:    104643.08  Turnover: 1.1023  Gross: 1.2455  Gate: 0.4911
Episode 30  Reward:   0.134065  Wealth:    130310.93  Turnover: 1.1258  Gross: 1.2180  Gate: 0.4360
Episode     30  AvgReward:   0.000447  Noise: 0.1415
Episode 31  Reward:   0.309050  Wealth:    169683.15  Turnover: 1.1201  Gross: 1.2612  Gate: 0.5224
Episode 32  Reward:   0.017217  Wealth:    113182.40  Turnover: 1.0552  Gross: 1.2614  Gate: 0.5228
Episode 33  Reward:  -0.105160  Wealth:    100124.20  Turnover: 1.0742  Gross: 1.2636  Gate: 0.5273
Episode 34  Reward:   0.113206  Wealth:    127681.83  Turnover: 1.0880  Gross: 1.2549  Gate: 0.5098
Episode 35  Reward:  -0.046426  Wealth:    105699.62  Turnover: 0.9578  Gross: 1.2398  Gate: 0.4795
Episode 36  Reward:  -0.222802  Wealth:     88710.92  Turnover: 1.1307  Gross: 1.2691  Gate: 0.5381
Episode 37  Reward:  -0.258343  Wealth:     86371.77  Turnover: 1.1586  Gross: 1.2479  Gate: 0.4959
Episode 38  Reward:  -0.033570  Wealth:    107213.02  Turnover: 1.0631  Gross: 1.2620  Gate: 0.5240
Episode 39  Reward:  -0.258812  Wealth:     86039.59  Turnover: 1.0990  Gross: 1.2255  Gate: 0.4511
Episode 40  Reward:  -0.042212  Wealth:    106077.88  Turnover: 1.1204  Gross: 1.2197  Gate: 0.4394
Episode     40  AvgReward:  -0.052785  Noise: 0.1387
Episode 41  Reward:   0.009840  Wealth:    112485.93  Turnover: 1.1403  Gross: 1.2635  Gate: 0.5269
Episode 42  Reward:   0.246329  Wealth:    148928.91  Turnover: 0.7675  Gross: 1.1832  Gate: 0.3663
Episode 43  Reward:   0.014747  Wealth:    108569.59  Turnover: 0.2615  Gross: 1.1034  Gate: 0.2068
Episode 44  Reward:   0.130490  Wealth:    123483.35  Turnover: 0.2725  Gross: 1.1058  Gate: 0.2115
Episode 45  Reward:   0.021074  Wealth:    109191.46  Turnover: 0.2151  Gross: 1.1066  Gate: 0.2131
Episode 46  Reward:   0.052759  Wealth:    113021.38  Turnover: 0.2355  Gross: 1.1110  Gate: 0.2221
Episode 47  Reward:  -0.036296  Wealth:    102492.44  Turnover: 0.2758  Gross: 1.1152  Gate: 0.2304
Episode 48  Reward:   0.095975  Wealth:    118869.11  Turnover: 0.2904  Gross: 1.1177  Gate: 0.2355
Episode 49  Reward:   0.159432  Wealth:    128627.14  Turnover: 0.2668  Gross: 1.1186  Gate: 0.2372
Episode 50  Reward:   0.205899  Wealth:    136099.14  Turnover: 0.2750  Gross: 1.1238  Gate: 0.2476
Episode     50  AvgReward:   0.090025  Noise: 0.1360
Episode 51  Reward:   0.121190  Wealth:    122166.90  Turnover: 0.1944  Gross: 1.1232  Gate: 0.2464
Episode 52  Reward:   0.083075  Wealth:    117015.69  Turnover: 0.2583  Gross: 1.1247  Gate: 0.2494
Episode 53  Reward:  -0.159868  Wealth:     90988.20  Turnover: 0.2662  Gross: 1.1347  Gate: 0.2695
Episode 54  Reward:  -0.196235  Wealth:     88144.79  Turnover: 0.2535  Gross: 1.1374  Gate: 0.2747
Episode 55  Reward:   0.155755  Wealth:    127718.93  Turnover: 0.2748  Gross: 1.1361  Gate: 0.2723
Episode 56  Reward:   0.082281  Wealth:    116757.17  Turnover: 0.2688  Gross: 1.1378  Gate: 0.2756
Episode 57  Reward:   0.011294  Wealth:    107830.87  Turnover: 0.2233  Gross: 1.1482  Gate: 0.2964
Episode 58  Reward:   0.249076  Wealth:    145015.73  Turnover: 0.3639  Gross: 1.1491  Gate: 0.2981
Episode 59  Reward:   0.024781  Wealth:    109311.40  Turnover: 0.2924  Gross: 1.1553  Gate: 0.3107
Episode 60  Reward:  -0.042328  Wealth:    102042.56  Turnover: 0.3523  Gross: 1.1553  Gate: 0.3107
Episode     60  AvgReward:   0.032902  Noise: 0.1333
Episode 61  Reward:   0.078360  Wealth:    116253.99  Turnover: 0.2685  Gross: 1.1615  Gate: 0.3230
Episode 62  Reward:   0.196287  Wealth:    134507.04  Turnover: 0.3091  Gross: 1.1638  Gate: 0.3277
Episode 63  Reward:   0.040433  Wealth:    111302.09  Turnover: 0.3318  Gross: 1.1749  Gate: 0.3498
Episode 64  Reward:   0.128823  Wealth:    123307.27  Turnover: 0.2959  Gross: 1.1710  Gate: 0.3421
Episode 65  Reward:   0.061392  Wealth:    113976.08  Turnover: 0.3130  Gross: 1.1802  Gate: 0.3603
Episode 66  Reward:   0.260870  Wealth:    147568.77  Turnover: 0.3857  Gross: 1.1736  Gate: 0.3472
Episode 67  Reward:  -0.135036  Wealth:     93093.20  Turnover: 0.3351  Gross: 1.1929  Gate: 0.3858
Episode 68  Reward:   0.196723  Wealth:    134448.85  Turnover: 0.4021  Gross: 1.1950  Gate: 0.3901
Episode 69  Reward:   0.152538  Wealth:    126939.65  Turnover: 0.2953  Gross: 1.1973  Gate: 0.3946
Episode 70  Reward:  -0.065201  Wealth:     99386.88  Turnover: 0.4662  Gross: 1.1990  Gate: 0.3981
Episode     70  AvgReward:   0.091519  Noise: 0.1306
Episode 71  Reward:   0.061521  Wealth:    114112.12  Turnover: 0.3506  Gross: 1.2081  Gate: 0.4163
Episode 72  Reward:   0.113312  Wealth:    120940.50  Turnover: 0.3079  Gross: 1.2148  Gate: 0.4297
Episode 73  Reward:   0.285174  Wealth:    152514.05  Turnover: 0.4377  Gross: 1.2197  Gate: 0.4394
Episode 74  Reward:   0.036035  Wealth:    110795.67  Turnover: 0.4436  Gross: 1.2249  Gate: 0.4498
Episode 75  Reward:  -0.008379  Wealth:    105555.83  Turnover: 0.4250  Gross: 1.2322  Gate: 0.4645
Episode 76  Reward:  -0.002324  Wealth:    106163.35  Turnover: 0.3326  Gross: 1.2322  Gate: 0.4645
Episode 77  Reward:   0.026392  Wealth:    109694.58  Turnover: 0.4351  Gross: 1.2325  Gate: 0.4649
Episode 78  Reward:   0.059579  Wealth:    113770.71  Turnover: 0.4818  Gross: 1.2471  Gate: 0.4941
Episode 79  Reward:   0.280646  Wealth:    152651.43  Turnover: 0.4328  Gross: 1.2472  Gate: 0.4945
Episode 80  Reward:  -0.083313  Wealth:     97843.61  Turnover: 0.4060  Gross: 1.2535  Gate: 0.5070
Episode     80  AvgReward:   0.076864  Noise: 0.1281
Episode 81  Reward:   0.086703  Wealth:    117498.51  Turnover: 0.3929  Gross: 1.2591  Gate: 0.5182
Episode 82  Reward:   0.070688  Wealth:    115506.85  Turnover: 0.3803  Gross: 1.2642  Gate: 0.5284
Episode 83  Reward:   0.035838  Wealth:    110891.15  Turnover: 0.2823  Gross: 1.2663  Gate: 0.5326
Episode 84  Reward:   0.144654  Wealth:    126223.99  Turnover: 0.3853  Gross: 1.2768  Gate: 0.5535
Episode 85  Reward:   0.053021  Wealth:    113271.81  Turnover: 0.3583  Gross: 1.2809  Gate: 0.5619
Episode 86  Reward:  -0.011844  Wealth:    105330.06  Turnover: 0.3261  Gross: 1.2890  Gate: 0.5779
Episode 87  Reward:   0.187564  Wealth:    133662.99  Turnover: 0.2876  Gross: 1.2875  Gate: 0.5751
Episode 88  Reward:   0.068713  Wealth:    115198.26  Turnover: 0.2728  Gross: 1.2906  Gate: 0.5812
Episode 89  Reward:   0.079529  Wealth:    116662.03  Turnover: 0.3359  Gross: 1.3025  Gate: 0.6050
Episode 90  Reward:   0.128027  Wealth:    123772.43  Turnover: 0.2919  Gross: 1.3052  Gate: 0.6103
Episode     90  AvgReward:   0.084289  Noise: 0.1255
Episode 91  Reward:   0.060762  Wealth:    114384.50  Turnover: 0.2253  Gross: 1.3029  Gate: 0.6058
Episode 92  Reward:   0.029735  Wealth:    110373.92  Turnover: 0.3125  Gross: 1.3167  Gate: 0.6334
Episode 93  Reward:   0.088925  Wealth:    118143.00  Turnover: 0.3045  Gross: 1.3275  Gate: 0.6551
Episode 94  Reward:   0.109696  Wealth:    121474.05  Turnover: 0.2583  Gross: 1.3288  Gate: 0.6575
Episode 95  Reward:   0.362984  Wealth:    174763.99  Turnover: 0.2686  Gross: 1.3239  Gate: 0.6478
Episode 96  Reward:   0.149728  Wealth:    127249.89  Turnover: 0.3443  Gross: 1.3319  Gate: 0.6639
Episode 97  Reward:   0.018006  Wealth:    109086.58  Turnover: 0.2449  Gross: 1.3366  Gate: 0.6733
Episode 98  Reward:   0.189161  Wealth:    134277.01  Turnover: 0.1652  Gross: 1.3514  Gate: 0.7028
Episode 99  Reward:   0.229059  Wealth:    141723.24  Turnover: 0.2759  Gross: 1.3499  Gate: 0.6999
Episode 100  Reward:   0.166930  Wealth:    130090.30  Turnover: 0.3464  Gross: 1.3535  Gate: 0.7070
Episode    100  AvgReward:   0.140498  Noise: 0.1230
Episode 101  Reward:  -0.039882  Wealth:    102642.14  Turnover: 0.3170  Gross: 1.3619  Gate: 0.7237
Episode 102  Reward:   0.112211  Wealth:    121473.50  Turnover: 0.4050  Gross: 1.3632  Gate: 0.7264
Episode 103  Reward:   0.102402  Wealth:    120020.41  Turnover: 0.4219  Gross: 1.3670  Gate: 0.7339
Episode 104  Reward:   0.098521  Wealth:    119526.34  Turnover: 0.3418  Gross: 1.3791  Gate: 0.7582
Episode 105  Reward:   0.254686  Wealth:    147300.67  Turnover: 0.4259  Gross: 1.3779  Gate: 0.7558
Episode 106  Reward:   0.110384  Wealth:    120979.48  Turnover: 0.4355  Gross: 1.3781  Gate: 0.7562
Episode 107  Reward:   0.211604  Wealth:    137804.76  Turnover: 0.4144  Gross: 1.3891  Gate: 0.7783
Episode 108  Reward:  -0.213681  Wealth:     87286.54  Turnover: 0.3796  Gross: 1.3920  Gate: 0.7841
Episode 109  Reward:  -0.039640  Wealth:    102628.17  Turnover: 0.4030  Gross: 1.3931  Gate: 0.7862
Episode 110  Reward:   0.092022  Wealth:    118882.48  Turnover: 0.2661  Gross: 1.3983  Gate: 0.7966
Episode    110  AvgReward:   0.068863  Noise: 0.1206
Episode 111  Reward:   0.222392  Wealth:    140424.42  Turnover: 0.4377  Gross: 1.3995  Gate: 0.7990
Episode 112  Reward:   0.209907  Wealth:    138035.93  Turnover: 0.3325  Gross: 1.4020  Gate: 0.8040
Episode 113  Reward:   0.065643  Wealth:    115249.96  Turnover: 0.3441  Gross: 1.4036  Gate: 0.8071
Episode 114  Reward:   0.171699  Wealth:    131195.71  Turnover: 0.3384  Gross: 1.4026  Gate: 0.8052
Episode 115  Reward:   0.171670  Wealth:    131260.64  Turnover: 0.4139  Gross: 1.4027  Gate: 0.8053
Episode 116  Reward:   0.215778  Wealth:    139316.78  Turnover: 0.3650  Gross: 1.4019  Gate: 0.8039
Episode 117  Reward:   0.142088  Wealth:    126223.48  Turnover: 0.4143  Gross: 1.4024  Gate: 0.8047
Episode 118  Reward:   0.252750  Wealth:    146886.94  Turnover: 0.3253  Gross: 1.4081  Gate: 0.8161
Episode 119  Reward:   0.093501  Wealth:    119018.31  Turnover: 0.4561  Gross: 1.4028  Gate: 0.8056
Episode 120  Reward:   0.299838  Wealth:    158043.41  Turnover: 0.4479  Gross: 1.3999  Gate: 0.7999
Episode    120  AvgReward:   0.184527  Noise: 0.1182
Episode 121  Reward:   0.109739  Wealth:    121363.26  Turnover: 0.4128  Gross: 1.3961  Gate: 0.7923
Episode 122  Reward:   0.128749  Wealth:    124689.15  Turnover: 0.3722  Gross: 1.3985  Gate: 0.7971
Episode 123  Reward:   0.085119  Wealth:    117738.53  Turnover: 0.4096  Gross: 1.4046  Gate: 0.8091
Episode 124  Reward:   0.252021  Wealth:    147112.60  Turnover: 0.4205  Gross: 1.4008  Gate: 0.8017
Episode 125  Reward:  -0.101674  Wealth:     96426.20  Turnover: 0.4498  Gross: 1.4013  Gate: 0.8027
Episode 126  Reward:  -0.090248  Wealth:     97946.35  Turnover: 0.4564  Gross: 1.4021  Gate: 0.8042
Episode 127  Reward:  -0.038069  Wealth:    103059.52  Turnover: 0.3890  Gross: 1.3949  Gate: 0.7898
Episode 128  Reward:   0.155429  Wealth:    128967.00  Turnover: 0.3799  Gross: 1.4035  Gate: 0.8070
Episode 129  Reward:   0.188886  Wealth:    135217.11  Turnover: 0.3945  Gross: 1.4042  Gate: 0.8085
Episode 130  Reward:   0.272839  Wealth:    152035.24  Turnover: 0.3629  Gross: 1.3918  Gate: 0.7836
Episode    130  AvgReward:   0.096279  Noise: 0.1159
Episode 131  Reward:  -0.020092  Wealth:    105325.96  Turnover: 0.3355  Gross: 1.3967  Gate: 0.7935
Episode 132  Reward:   0.173555  Wealth:    132255.52  Turnover: 0.3822  Gross: 1.4030  Gate: 0.8060
Episode 133  Reward:   0.155024  Wealth:    129159.97  Turnover: 0.2466  Gross: 1.4042  Gate: 0.8085
Episode 134  Reward:  -0.187697  Wealth:     89348.49  Turnover: 0.3643  Gross: 1.3877  Gate: 0.7755
Episode 135  Reward:   0.178033  Wealth:    133565.09  Turnover: 0.1873  Gross: 1.4003  Gate: 0.8006
Episode 136  Reward:  -0.064966  Wealth:    100479.66  Turnover: 0.2430  Gross: 1.3954  Gate: 0.7909
Episode 137  Reward:   0.126865  Wealth:    124506.29  Turnover: 0.2950  Gross: 1.4024  Gate: 0.8048
Episode 138  Reward:   0.144248  Wealth:    127190.77  Turnover: 0.3121  Gross: 1.3972  Gate: 0.7943
Episode 139  Reward:   0.097597  Wealth:    120107.18  Turnover: 0.2802  Gross: 1.4012  Gate: 0.8024
Episode 140  Reward:   0.202853  Wealth:    137298.14  Turnover: 0.2674  Gross: 1.3955  Gate: 0.7909
Episode    140  AvgReward:   0.080542  Noise: 0.1136
Episode 141  Reward:   0.228530  Wealth:    142118.56  Turnover: 0.2958  Gross: 1.3985  Gate: 0.7970
Episode 142  Reward:  -0.043904  Wealth:    102782.18  Turnover: 0.1224  Gross: 1.3756  Gate: 0.7513
Episode 143  Reward:   0.081988  Wealth:    117928.89  Turnover: 0.2181  Gross: 1.3896  Gate: 0.7792
Episode 144  Reward:   0.096199  Wealth:    119673.90  Turnover: 0.3473  Gross: 1.3964  Gate: 0.7928
Episode 145  Reward:   0.197359  Wealth:    136821.33  Turnover: 0.1625  Gross: 1.3675  Gate: 0.7350
Episode 146  Reward:   0.138072  Wealth:    126630.75  Turnover: 0.2051  Gross: 1.3775  Gate: 0.7551
Episode 147  Reward:  -0.172028  Wealth:     91061.04  Turnover: 0.2334  Gross: 1.3580  Gate: 0.7159
Episode 148  Reward:   0.030242  Wealth:    110933.00  Turnover: 0.2948  Gross: 1.3908  Gate: 0.7817
Episode 149  Reward:   0.174798  Wealth:    132590.57  Turnover: 0.3002  Gross: 1.3090  Gate: 0.6180
Episode 150  Reward:   0.029075  Wealth:    111136.12  Turnover: 0.2607  Gross: 1.3898  Gate: 0.7796
Episode    150  AvgReward:   0.076033  Noise: 0.1113
Episode 151  Reward:   0.119097  Wealth:    123078.77  Turnover: 0.3184  Gross: 1.3860  Gate: 0.7720
Episode 152  Reward:  -0.010880  Wealth:    106991.77  Turnover: 0.3253  Gross: 1.3511  Gate: 0.7022
Episode 153  Reward:   0.122498  Wealth:    125390.68  Turnover: 0.3299  Gross: 1.2858  Gate: 0.5716
Episode 154  Reward:   0.220299  Wealth:    141876.17  Turnover: 0.3755  Gross: 1.3622  Gate: 0.7244
Episode 155  Reward:   0.036716  Wealth:    113516.16  Turnover: 0.2989  Gross: 1.3648  Gate: 0.7295
Episode 156  Reward:  -0.262205  Wealth:     85240.07  Turnover: 0.3343  Gross: 1.3076  Gate: 0.6152
Episode 157  Reward:  -0.013625  Wealth:    107508.28  Turnover: 0.3151  Gross: 1.3416  Gate: 0.6832
Episode 158  Reward:   0.125400  Wealth:    125384.00  Turnover: 0.2554  Gross: 1.3831  Gate: 0.7661
Episode 159  Reward:  -0.150463  Wealth:     93842.98  Turnover: 0.3814  Gross: 1.3404  Gate: 0.6808
Episode 160  Reward:   0.080875  Wealth:    120107.04  Turnover: 0.2832  Gross: 1.3396  Gate: 0.6791
Episode    160  AvgReward:   0.026771  Noise: 0.1091
Episode 161  Reward:   0.323130  Wealth:    168320.72  Turnover: 0.3061  Gross: 1.3551  Gate: 0.7103
Episode 162  Reward:   0.143735  Wealth:    129690.50  Turnover: 0.3892  Gross: 1.3479  Gate: 0.6957
Episode 163  Reward:  -0.081636  Wealth:    101121.68  Turnover: 0.3101  Gross: 1.3101  Gate: 0.6202
Episode 164  Reward:   0.166407  Wealth:    131873.03  Turnover: 0.3088  Gross: 1.3758  Gate: 0.7517
Episode 165  Reward:  -0.034770  Wealth:    106359.04  Turnover: 0.2347  Gross: 1.3313  Gate: 0.6627
Episode 166  Reward:   0.126693  Wealth:    124980.50  Turnover: 0.2409  Gross: 1.4016  Gate: 0.8032
Episode 167  Reward:   0.055395  Wealth:    116424.74  Turnover: 0.2788  Gross: 1.3532  Gate: 0.7063
Episode 168  Reward:   0.056175  Wealth:    114648.56  Turnover: 0.2815  Gross: 1.3788  Gate: 0.7576
Episode 169  Reward:  -0.041107  Wealth:    103711.79  Turnover: 0.3456  Gross: 1.3848  Gate: 0.7695
Episode 170  Reward:  -0.145580  Wealth:     94458.22  Turnover: 0.3227  Gross: 1.3594  Gate: 0.7189
Episode    170  AvgReward:   0.056844  Noise: 0.1069
Episode 171  Reward:   0.119444  Wealth:    124763.56  Turnover: 0.2852  Gross: 1.3903  Gate: 0.7806
Episode 172  Reward:   0.037351  Wealth:    114772.93  Turnover: 0.2878  Gross: 1.3356  Gate: 0.6712
Episode 173  Reward:   0.134946  Wealth:    127376.69  Turnover: 0.2730  Gross: 1.3979  Gate: 0.7959
Episode 174  Reward:   0.340451  Wealth:    174471.94  Turnover: 0.2876  Gross: 1.3391  Gate: 0.6783
Episode 175  Reward:  -0.200698  Wealth:     89433.92  Turnover: 0.2340  Gross: 1.3287  Gate: 0.6574
Episode 176  Reward:   0.073896  Wealth:    118049.65  Turnover: 0.3487  Gross: 1.3715  Gate: 0.7431
Episode 177  Reward:   0.047824  Wealth:    115101.02  Turnover: 0.2964  Gross: 1.3909  Gate: 0.7819
Episode 178  Reward:   0.286681  Wealth:    158522.74  Turnover: 0.3283  Gross: 1.3897  Gate: 0.7795
Episode 179  Reward:   0.147834  Wealth:    129483.51  Turnover: 0.4291  Gross: 1.3981  Gate: 0.7961
Episode 180  Reward:   0.229224  Wealth:    147009.94  Turnover: 0.3274  Gross: 1.3480  Gate: 0.6960
Episode    180  AvgReward:   0.121695  Noise: 0.1048
Episode 181  Reward:   0.115047  Wealth:    124319.77  Turnover: 0.2967  Gross: 1.3698  Gate: 0.7395
Episode 182  Reward:   0.145086  Wealth:    129511.28  Turnover: 0.2987  Gross: 1.3855  Gate: 0.7709
Episode 183  Reward:  -0.229150  Wealth:     87198.96  Turnover: 0.2649  Gross: 1.3668  Gate: 0.7336
Episode 184  Reward:  -0.096204  Wealth:     99788.29  Turnover: 0.3276  Gross: 1.3510  Gate: 0.7021
Episode 185  Reward:   0.009921  Wealth:    110716.48  Turnover: 0.3500  Gross: 1.3637  Gate: 0.7275
Episode 186  Reward:   0.127517  Wealth:    125070.20  Turnover: 0.3375  Gross: 1.3963  Gate: 0.7926
Episode 187  Reward:   0.085059  Wealth:    120062.42  Turnover: 0.3664  Gross: 1.3925  Gate: 0.7851
Episode 188  Reward:   0.154362  Wealth:    130635.63  Turnover: 0.4048  Gross: 1.3878  Gate: 0.7756
Episode 189  Reward:   0.272615  Wealth:    153414.26  Turnover: 0.2982  Gross: 1.3681  Gate: 0.7363
Episode 190  Reward:   0.071121  Wealth:    118185.43  Turnover: 0.3260  Gross: 1.3805  Gate: 0.7610
Episode    190  AvgReward:   0.065537  Noise: 0.1027
Episode 191  Reward:  -0.025389  Wealth:    105307.96  Turnover: 0.2344  Gross: 1.3920  Gate: 0.7840
Episode 192  Reward:   0.283865  Wealth:    159663.25  Turnover: 0.4008  Gross: 1.3818  Gate: 0.7637
Episode 193  Reward:   0.246308  Wealth:    148162.31  Turnover: 0.3800  Gross: 1.3820  Gate: 0.7639
Episode 194  Reward:   0.078918  Wealth:    119234.94  Turnover: 0.4313  Gross: 1.3865  Gate: 0.7731
Episode 195  Reward:  -0.012854  Wealth:    108218.80  Turnover: 0.2825  Gross: 1.3676  Gate: 0.7351
Episode 196  Reward:  -0.064953  Wealth:    101272.16  Turnover: 0.3868  Gross: 1.3852  Gate: 0.7705
Episode 197  Reward:  -0.027751  Wealth:    106210.49  Turnover: 0.3066  Gross: 1.3829  Gate: 0.7658
Episode 198  Reward:   0.301363  Wealth:    162696.64  Turnover: 0.4058  Gross: 1.3794  Gate: 0.7588
Episode 199  Reward:   0.066834  Wealth:    117192.17  Turnover: 0.3050  Gross: 1.3904  Gate: 0.7809
Episode 200  Reward:   0.268486  Wealth:    151620.19  Turnover: 0.2446  Gross: 1.3961  Gate: 0.7922
Episode    200  AvgReward:   0.111483  Noise: 0.1007
Episode 201  Reward:  -0.014579  Wealth:    108644.01  Turnover: 0.2583  Gross: 1.3620  Gate: 0.7240
Episode 202  Reward:   0.237109  Wealth:    146600.25  Turnover: 0.2198  Gross: 1.3903  Gate: 0.7806
Episode 203  Reward:   0.102056  Wealth:    123653.85  Turnover: 0.4690  Gross: 1.3802  Gate: 0.7605
Episode 204  Reward:  -0.163601  Wealth:     92615.08  Turnover: 0.3072  Gross: 1.3927  Gate: 0.7854
Episode 205  Reward:   0.103826  Wealth:    122516.35  Turnover: 0.1672  Gross: 1.3886  Gate: 0.7773
Episode 206  Reward:   0.122231  Wealth:    128259.24  Turnover: 0.3950  Gross: 1.3751  Gate: 0.7501
Episode 207  Reward:   0.288126  Wealth:    158341.74  Turnover: 0.2696  Gross: 1.4065  Gate: 0.8130
Episode 208  Reward:  -0.071657  Wealth:    100998.94  Turnover: 0.2671  Gross: 1.3884  Gate: 0.7768
Episode 209  Reward:   0.124586  Wealth:    126202.55  Turnover: 0.3164  Gross: 1.3931  Gate: 0.7862
Episode 210  Reward:   0.178701  Wealth:    134494.46  Turnover: 0.2811  Gross: 1.3992  Gate: 0.7984
Episode    210  AvgReward:   0.090680  Noise: 0.0987
Episode 211  Reward:   0.201887  Wealth:    140069.61  Turnover: 0.2777  Gross: 1.3935  Gate: 0.7870
Episode 212  Reward:   0.042341  Wealth:    114511.91  Turnover: 0.3619  Gross: 1.3829  Gate: 0.7658
Episode 213  Reward:  -0.005443  Wealth:    108510.49  Turnover: 0.2569  Gross: 1.4017  Gate: 0.8034
Episode 214  Reward:   0.168210  Wealth:    132487.11  Turnover: 0.2219  Gross: 1.3821  Gate: 0.7642
Episode 215  Reward:   0.270271  Wealth:    154110.14  Turnover: 0.3244  Gross: 1.4047  Gate: 0.8094
Episode 216  Reward:   0.236348  Wealth:    145278.91  Turnover: 0.2551  Gross: 1.3802  Gate: 0.7605
Episode 217  Reward:   0.170465  Wealth:    134131.96  Turnover: 0.2857  Gross: 1.3985  Gate: 0.7971
Episode 218  Reward:   0.153286  Wealth:    129826.93  Turnover: 0.2308  Gross: 1.4015  Gate: 0.8029
Episode 219  Reward:   0.031778  Wealth:    113078.92  Turnover: 0.3455  Gross: 1.3925  Gate: 0.7851
Episode 220  Reward:   0.092355  Wealth:    121196.37  Turnover: 0.2228  Gross: 1.3931  Gate: 0.7863
Episode    220  AvgReward:   0.136150  Noise: 0.0968
Episode 221  Reward:   0.026905  Wealth:    112222.02  Turnover: 0.2725  Gross: 1.3994  Gate: 0.7989
Episode 222  Reward:   0.079942  Wealth:    118915.21  Turnover: 0.2621  Gross: 1.3841  Gate: 0.7681
Episode 223  Reward:   0.117952  Wealth:    125823.50  Turnover: 0.2369  Gross: 1.3826  Gate: 0.7652
Episode 224  Reward:   0.045678  Wealth:    114830.32  Turnover: 0.3640  Gross: 1.3900  Gate: 0.7800
Episode 225  Reward:   0.212460  Wealth:    142807.78  Turnover: 0.2543  Gross: 1.3822  Gate: 0.7644
Episode 226  Reward:   0.177006  Wealth:    135172.59  Turnover: 0.2847  Gross: 1.3934  Gate: 0.7867
Episode 227  Reward:   0.131131  Wealth:    127631.30  Turnover: 0.2491  Gross: 1.3889  Gate: 0.7777
Episode 228  Reward:  -0.001366  Wealth:    109152.99  Turnover: 0.2563  Gross: 1.3972  Gate: 0.7943
Episode 229  Reward:   0.010041  Wealth:    110582.32  Turnover: 0.2668  Gross: 1.3900  Gate: 0.7800
Episode 230  Reward:   0.129320  Wealth:    127168.97  Turnover: 0.3200  Gross: 1.3656  Gate: 0.7312
Episode    230  AvgReward:   0.092907  Noise: 0.0948
Episode 231  Reward:   0.032185  Wealth:    111330.97  Turnover: 0.2359  Gross: 1.4074  Gate: 0.8148
Episode 232  Reward:   0.208065  Wealth:    139127.87  Turnover: 0.3143  Gross: 1.3884  Gate: 0.7767
Episode 233  Reward:  -0.082217  Wealth:    101052.01  Turnover: 0.2751  Gross: 1.3863  Gate: 0.7726
Episode 234  Reward:   0.146179  Wealth:    129427.06  Turnover: 0.1693  Gross: 1.4044  Gate: 0.8088
Episode 235  Reward:   0.232818  Wealth:    149310.04  Turnover: 0.3887  Gross: 1.3967  Gate: 0.7934
Episode 236  Reward:   0.140879  Wealth:    128347.11  Turnover: 0.3622  Gross: 1.4053  Gate: 0.8106
Episode 237  Reward:  -0.217964  Wealth:     88534.89  Turnover: 0.3343  Gross: 1.3882  Gate: 0.7765
Episode 238  Reward:  -0.084190  Wealth:    101046.67  Turnover: 0.2164  Gross: 1.3949  Gate: 0.7898
Episode 239  Reward:   0.127018  Wealth:    125348.03  Turnover: 0.2238  Gross: 1.4024  Gate: 0.8049
Episode 240  Reward:   0.063763  Wealth:    116667.07  Turnover: 0.2774  Gross: 1.4092  Gate: 0.8185
Episode    240  AvgReward:   0.056654  Noise: 0.0930
Episode 241  Reward:   0.283480  Wealth:    157519.60  Turnover: 0.3893  Gross: 1.4060  Gate: 0.8121
Episode 242  Reward:   0.239666  Wealth:    148594.78  Turnover: 0.2973  Gross: 1.3898  Gate: 0.7796
Episode 243  Reward:   0.145818  Wealth:    130128.34  Turnover: 0.2528  Gross: 1.3977  Gate: 0.7953
Episode 244  Reward:   0.207978  Wealth:    141929.48  Turnover: 0.4025  Gross: 1.4055  Gate: 0.8110
Episode 245  Reward:   0.150571  Wealth:    132269.17  Turnover: 0.2507  Gross: 1.3965  Gate: 0.7929
Episode 246  Reward:   0.083214  Wealth:    120335.08  Turnover: 0.2835  Gross: 1.3955  Gate: 0.7910
Episode 247  Reward:  -0.006437  Wealth:    107786.53  Turnover: 0.3202  Gross: 1.3888  Gate: 0.7776
Episode 248  Reward:   0.210878  Wealth:    140730.81  Turnover: 0.2624  Gross: 1.3894  Gate: 0.7787
Episode 249  Reward:   0.212080  Wealth:    144080.76  Turnover: 0.3247  Gross: 1.3989  Gate: 0.7978
Episode 250  Reward:  -0.133104  Wealth:     95638.03  Turnover: 0.4056  Gross: 1.3953  Gate: 0.7907
Episode    250  AvgReward:   0.139414  Noise: 0.0911
Episode 251  Reward:   0.123132  Wealth:    127119.55  Turnover: 0.2511  Gross: 1.3843  Gate: 0.7687
Episode 252  Reward:   0.080156  Wealth:    120794.04  Turnover: 0.2392  Gross: 1.3927  Gate: 0.7854
Episode 253  Reward:   0.231911  Wealth:    147731.76  Turnover: 0.2962  Gross: 1.3852  Gate: 0.7704
Episode 254  Reward:  -0.034770  Wealth:    106461.14  Turnover: 0.2565  Gross: 1.3941  Gate: 0.7882
Episode 255  Reward:  -0.056827  Wealth:    103948.78  Turnover: 0.2771  Gross: 1.3968  Gate: 0.7935
Episode 256  Reward:  -0.098077  Wealth:     98374.62  Turnover: 0.3220  Gross: 1.4093  Gate: 0.8187
Episode 257  Reward:   0.148091  Wealth:    129738.91  Turnover: 0.2189  Gross: 1.3862  Gate: 0.7723
Episode 258  Reward:   0.205775  Wealth:    142711.09  Turnover: 0.2701  Gross: 1.3734  Gate: 0.7469
Episode 259  Reward:   0.046634  Wealth:    117008.98  Turnover: 0.3310  Gross: 1.3913  Gate: 0.7826
Episode 260  Reward:   0.138736  Wealth:    128660.97  Turnover: 0.2688  Gross: 1.3980  Gate: 0.7959
Episode    260  AvgReward:   0.078476  Noise: 0.0893
Episode 261  Reward:   0.213086  Wealth:    144402.35  Turnover: 0.3359  Gross: 1.3911  Gate: 0.7822
Episode 262  Reward:   0.076289  Wealth:    120854.12  Turnover: 0.3107  Gross: 1.3965  Gate: 0.7930
Episode 263  Reward:   0.146512  Wealth:    131455.37  Turnover: 0.2726  Gross: 1.3890  Gate: 0.7780
Episode 264  Reward:  -0.190946  Wealth:     90230.13  Turnover: 0.2102  Gross: 1.3953  Gate: 0.7906
Episode 265  Reward:  -0.094443  Wealth:    100497.07  Turnover: 0.2687  Gross: 1.3940  Gate: 0.7880
Episode 266  Reward:   0.191397  Wealth:    141598.61  Turnover: 0.2844  Gross: 1.3976  Gate: 0.7953
Episode 267  Reward:  -0.058987  Wealth:    103944.26  Turnover: 0.3014  Gross: 1.3850  Gate: 0.7700
Episode 268  Reward:   0.104254  Wealth:    125675.11  Turnover: 0.3471  Gross: 1.4005  Gate: 0.8010
Episode 269  Reward:   0.198556  Wealth:    141155.01  Turnover: 0.3151  Gross: 1.3843  Gate: 0.7685
Episode 270  Reward:   0.065571  Wealth:    119181.87  Turnover: 0.2712  Gross: 1.3894  Gate: 0.7788
Episode    270  AvgReward:   0.065129  Noise: 0.0875
Episode 271  Reward:   0.156966  Wealth:    132563.32  Turnover: 0.2771  Gross: 1.3925  Gate: 0.7851
Episode 272  Reward:  -0.019480  Wealth:    107631.29  Turnover: 0.3383  Gross: 1.4012  Gate: 0.8024
Episode 273  Reward:   0.250279  Wealth:    153799.38  Turnover: 0.3249  Gross: 1.3978  Gate: 0.7956
Episode 274  Reward:   0.255176  Wealth:    153864.03  Turnover: 0.3384  Gross: 1.4052  Gate: 0.8103
Episode 275  Reward:  -0.507636  Wealth:     71712.79  Turnover: 0.2488  Gross: 1.3876  Gate: 0.7751
Episode 276  Reward:   0.107593  Wealth:    126178.12  Turnover: 0.2413  Gross: 1.3932  Gate: 0.7864
Episode 277  Reward:   0.224252  Wealth:    149435.65  Turnover: 0.4350  Gross: 1.3938  Gate: 0.7876
Episode 278  Reward:   0.314944  Wealth:    169767.61  Turnover: 0.3082  Gross: 1.3937  Gate: 0.7873
Episode 279  Reward:   0.122503  Wealth:    125876.59  Turnover: 0.3256  Gross: 1.3810  Gate: 0.7621
Episode 280  Reward:   0.149611  Wealth:    130998.53  Turnover: 0.2703  Gross: 1.3892  Gate: 0.7784
Episode    280  AvgReward:   0.105421  Noise: 0.0858
Episode 281  Reward:   0.278632  Wealth:    160643.29  Turnover: 0.3064  Gross: 1.3993  Gate: 0.7987
Episode 282  Reward:   0.256848  Wealth:    153632.48  Turnover: 0.3305  Gross: 1.4050  Gate: 0.8100
Episode 283  Reward:   0.321828  Wealth:    176554.87  Turnover: 0.3192  Gross: 1.3911  Gate: 0.7823
Episode 284  Reward:   0.169294  Wealth:    138133.91  Turnover: 0.2120  Gross: 1.3921  Gate: 0.7842
Episode 285  Reward:   0.043438  Wealth:    117941.81  Turnover: 0.3025  Gross: 1.3978  Gate: 0.7955
Episode 286  Reward:   0.284609  Wealth:    161810.21  Turnover: 0.2263  Gross: 1.3958  Gate: 0.7915
Episode 287  Reward:  -0.057155  Wealth:    104741.22  Turnover: 0.2423  Gross: 1.3986  Gate: 0.7971
Episode 288  Reward:   0.115700  Wealth:    127213.81  Turnover: 0.3232  Gross: 1.4054  Gate: 0.8108
Episode 289  Reward:   0.242363  Wealth:    148471.62  Turnover: 0.2158  Gross: 1.3913  Gate: 0.7827
Episode 290  Reward:  -0.154906  Wealth:     95500.58  Turnover: 0.2751  Gross: 1.3998  Gate: 0.7996
Episode    290  AvgReward:   0.150065  Noise: 0.0841
Episode 291  Reward:  -0.024774  Wealth:    107817.31  Turnover: 0.2352  Gross: 1.3905  Gate: 0.7811
Episode 292  Reward:  -0.040366  Wealth:    108412.13  Turnover: 0.2171  Gross: 1.4034  Gate: 0.8067
Episode 293  Reward:  -0.194417  Wealth:     93013.92  Turnover: 0.3308  Gross: 1.4019  Gate: 0.8038
Episode 294  Reward:   0.092738  Wealth:    122733.90  Turnover: 0.2720  Gross: 1.3879  Gate: 0.7758
Episode 295  Reward:   0.277813  Wealth:    163117.43  Turnover: 0.2657  Gross: 1.3784  Gate: 0.7568
Episode 296  Reward:  -0.006545  Wealth:    110341.11  Turnover: 0.2202  Gross: 1.3777  Gate: 0.7554
Episode 297  Reward:   0.142321  Wealth:    131464.20  Turnover: 0.2306  Gross: 1.3885  Gate: 0.7770
Episode 298  Reward:   0.360093  Wealth:    188610.08  Turnover: 0.2665  Gross: 1.3985  Gate: 0.7970
Episode 299  Reward:   0.217593  Wealth:    148028.92  Turnover: 0.2864  Gross: 1.3961  Gate: 0.7921
Episode 300  Reward:   0.020833  Wealth:    114144.64  Turnover: 0.2242  Gross: 1.3924  Gate: 0.7848
Episode    300  AvgReward:   0.084529  Noise: 0.0824
Episode 301  Reward:  -0.206706  Wealth:     91823.82  Turnover: 0.2682  Gross: 1.3964  Gate: 0.7927
Episode 302  Reward:   0.282486  Wealth:    162691.54  Turnover: 0.2614  Gross: 1.3961  Gate: 0.7921
Episode 303  Reward:   0.247993  Wealth:    153090.00  Turnover: 0.2905  Gross: 1.4039  Gate: 0.8077
Episode 304  Reward:   0.091680  Wealth:    125033.76  Turnover: 0.3003  Gross: 1.3959  Gate: 0.7919
Episode 305  Reward:  -0.346103  Wealth:     80700.93  Turnover: 0.3095  Gross: 1.3951  Gate: 0.7901
Episode 306  Reward:   0.151551  Wealth:    135774.24  Turnover: 0.2953  Gross: 1.3936  Gate: 0.7872
Episode 307  Reward:  -0.084534  Wealth:    103179.34  Turnover: 0.2331  Gross: 1.3874  Gate: 0.7748
Episode 308  Reward:  -0.134423  Wealth:     98303.91  Turnover: 0.2720  Gross: 1.3853  Gate: 0.7705
Episode 309  Reward:   0.292618  Wealth:    162240.24  Turnover: 0.2499  Gross: 1.3975  Gate: 0.7950
Episode 310  Reward:  -0.018126  Wealth:    110769.41  Turnover: 0.2688  Gross: 1.3930  Gate: 0.7860
Episode    310  AvgReward:   0.027644  Noise: 0.0808
Episode 311  Reward:   0.201254  Wealth:    143831.79  Turnover: 0.3112  Gross: 1.3976  Gate: 0.7953
Episode 312  Reward:   0.035261  Wealth:    116941.39  Turnover: 0.3031  Gross: 1.4031  Gate: 0.8062
Episode 313  Reward:   0.236182  Wealth:    150411.12  Turnover: 0.2666  Gross: 1.4047  Gate: 0.8095
Episode 314  Reward:   0.134061  Wealth:    132007.99  Turnover: 0.2512  Gross: 1.3992  Gate: 0.7984
Episode 315  Reward:   0.051890  Wealth:    121006.45  Turnover: 0.3188  Gross: 1.3932  Gate: 0.7865
Episode 316  Reward:   0.123072  Wealth:    129104.31  Turnover: 0.2463  Gross: 1.3994  Gate: 0.7989
Episode 317  Reward:   0.063560  Wealth:    119864.91  Turnover: 0.2493  Gross: 1.4006  Gate: 0.8012
Episode 318  Reward:   0.104356  Wealth:    126244.72  Turnover: 0.3331  Gross: 1.3957  Gate: 0.7913
Episode 319  Reward:   0.133442  Wealth:    134178.01  Turnover: 0.2623  Gross: 1.3941  Gate: 0.7883
Episode 320  Reward:  -0.125405  Wealth:     97587.58  Turnover: 0.2783  Gross: 1.3995  Gate: 0.7989
Episode    320  AvgReward:   0.095767  Noise: 0.0792
Episode 321  Reward:   0.347420  Wealth:    183343.26  Turnover: 0.3001  Gross: 1.3990  Gate: 0.7981
Episode 322  Reward:  -0.099019  Wealth:    101142.52  Turnover: 0.2832  Gross: 1.3948  Gate: 0.7897
Episode 323  Reward:   0.138651  Wealth:    133564.24  Turnover: 0.2529  Gross: 1.3949  Gate: 0.7899
Episode 324  Reward:   0.088802  Wealth:    122499.19  Turnover: 0.3040  Gross: 1.3941  Gate: 0.7882
Episode 325  Reward:   0.050886  Wealth:    119266.25  Turnover: 0.2579  Gross: 1.3861  Gate: 0.7722
Episode 326  Reward:   0.109488  Wealth:    128516.46  Turnover: 0.2651  Gross: 1.4004  Gate: 0.8007
Episode 327  Reward:   0.022313  Wealth:    112757.38  Turnover: 0.3404  Gross: 1.3960  Gate: 0.7921
Episode 328  Reward:   0.161538  Wealth:    135404.04  Turnover: 0.2864  Gross: 1.4007  Gate: 0.8014
Episode 329  Reward:  -0.098185  Wealth:    101563.86  Turnover: 0.3504  Gross: 1.3960  Gate: 0.7920
Episode 330  Reward:   0.230564  Wealth:    145677.85  Turnover: 0.2469  Gross: 1.3955  Gate: 0.7911
Episode    330  AvgReward:   0.095246  Noise: 0.0776
Episode 331  Reward:   0.012645  Wealth:    115030.43  Turnover: 0.2077  Gross: 1.3917  Gate: 0.7834
Episode 332  Reward:   0.134672  Wealth:    132032.67  Turnover: 0.3106  Gross: 1.3944  Gate: 0.7888
Episode 333  Reward:   0.185222  Wealth:    137990.05  Turnover: 0.3078  Gross: 1.4091  Gate: 0.8182
Episode 334  Reward:   0.060485  Wealth:    119810.42  Turnover: 0.3238  Gross: 1.3974  Gate: 0.7949
Episode 335  Reward:  -0.209361  Wealth:     90673.13  Turnover: 0.2670  Gross: 1.4007  Gate: 0.8014
Episode 336  Reward:  -0.159043  Wealth:     96376.50  Turnover: 0.2831  Gross: 1.3843  Gate: 0.7685
Episode 337  Reward:   0.138274  Wealth:    134758.61  Turnover: 0.2638  Gross: 1.3951  Gate: 0.7903
Episode 338  Reward:   0.337291  Wealth:    176281.95  Turnover: 0.2184  Gross: 1.3976  Gate: 0.7952
Episode 339  Reward:   0.476594  Wealth:    235049.08  Turnover: 0.1855  Gross: 1.3986  Gate: 0.7972
Episode 340  Reward:   0.239695  Wealth:    154534.53  Turnover: 0.2492  Gross: 1.3988  Gate: 0.7976
Episode    340  AvgReward:   0.121647  Noise: 0.0761
Episode 341  Reward:   0.256527  Wealth:    159751.99  Turnover: 0.2319  Gross: 1.4019  Gate: 0.8038
Episode 342  Reward:   0.071823  Wealth:    123641.22  Turnover: 0.2581  Gross: 1.3879  Gate: 0.7758
Episode 343  Reward:  -0.080097  Wealth:    103070.46  Turnover: 0.2859  Gross: 1.3943  Gate: 0.7887
Episode 344  Reward:   0.039384  Wealth:    114696.94  Turnover: 0.2211  Gross: 1.3863  Gate: 0.7726
Episode 345  Reward:  -0.172572  Wealth:     93882.18  Turnover: 0.2668  Gross: 1.4019  Gate: 0.8038
Episode 346  Reward:  -0.104192  Wealth:    100203.86  Turnover: 0.3122  Gross: 1.3995  Gate: 0.7991
Episode 347  Reward:  -0.081782  Wealth:    103870.19  Turnover: 0.2137  Gross: 1.3994  Gate: 0.7988
Episode 348  Reward:   0.029927  Wealth:    118250.57  Turnover: 0.2510  Gross: 1.3801  Gate: 0.7602
Episode 349  Reward:   0.214854  Wealth:    149910.20  Turnover: 0.2736  Gross: 1.3875  Gate: 0.7750
Episode 350  Reward:  -0.018461  Wealth:    110431.98  Turnover: 0.2480  Gross: 1.3995  Gate: 0.7991
Episode    350  AvgReward:   0.015541  Noise: 0.0746
Episode 351  Reward:   0.081493  Wealth:    119304.35  Turnover: 0.2088  Gross: 1.3954  Gate: 0.7908
Episode 352  Reward:  -0.192632  Wealth:     93136.12  Turnover: 0.2440  Gross: 1.3875  Gate: 0.7750
Episode 353  Reward:   0.055827  Wealth:    121143.19  Turnover: 0.2658  Gross: 1.3912  Gate: 0.7824
Episode 354  Reward:  -0.422923  Wealth:     76961.69  Turnover: 0.3539  Gross: 1.3747  Gate: 0.7495
Episode 355  Reward:   0.166895  Wealth:    139970.18  Turnover: 0.2891  Gross: 1.3892  Gate: 0.7785
Episode 356  Reward:   0.220192  Wealth:    147111.75  Turnover: 0.2357  Gross: 1.3835  Gate: 0.7670
Episode 357  Reward:  -0.483588  Wealth:     72631.89  Turnover: 0.3787  Gross: 1.3947  Gate: 0.7895
Episode 358  Reward:  -0.179379  Wealth:     94441.83  Turnover: 0.3562  Gross: 1.3933  Gate: 0.7866
Episode 359  Reward:   0.066693  Wealth:    121936.43  Turnover: 0.2418  Gross: 1.3988  Gate: 0.7975
Episode 360  Reward:  -0.210529  Wealth:     91125.52  Turnover: 0.3231  Gross: 1.3964  Gate: 0.7928
Episode    360  AvgReward:  -0.089795  Noise: 0.0731
Episode 361  Reward:   0.323451  Wealth:    177658.65  Turnover: 0.3478  Gross: 1.3986  Gate: 0.7972
Episode 362  Reward:   0.124227  Wealth:    130656.69  Turnover: 0.2497  Gross: 1.3895  Gate: 0.7791
Episode 363  Reward:   0.135174  Wealth:    133236.97  Turnover: 0.3170  Gross: 1.3932  Gate: 0.7864
Episode 364  Reward:  -0.100577  Wealth:    101342.63  Turnover: 0.2832  Gross: 1.3927  Gate: 0.7855
Episode 365  Reward:   0.000668  Wealth:    111069.72  Turnover: 0.2944  Gross: 1.4026  Gate: 0.8052
Episode 366  Reward:   0.140547  Wealth:    130251.27  Turnover: 0.2304  Gross: 1.3971  Gate: 0.7941
Episode 367  Reward:   0.036106  Wealth:    117089.50  Turnover: 0.2302  Gross: 1.3935  Gate: 0.7870
Episode 368  Reward:  -0.183100  Wealth:     91821.77  Turnover: 0.3293  Gross: 1.3950  Gate: 0.7900
Episode 369  Reward:   0.504461  Wealth:    245801.66  Turnover: 0.3127  Gross: 1.3993  Gate: 0.7987
Episode 370  Reward:   0.245222  Wealth:    153794.82  Turnover: 0.3414  Gross: 1.3992  Gate: 0.7983
Episode    370  AvgReward:   0.122618  Noise: 0.0717
Episode 371  Reward:   0.299636  Wealth:    162666.97  Turnover: 0.3062  Gross: 1.3914  Gate: 0.7827
Episode 372  Reward:   0.312217  Wealth:    171006.08  Turnover: 0.2953  Gross: 1.3927  Gate: 0.7854
Episode 373  Reward:   0.094754  Wealth:    124365.14  Turnover: 0.2206  Gross: 1.4010  Gate: 0.8020
Episode 374  Reward:   0.147977  Wealth:    133350.57  Turnover: 0.3258  Gross: 1.4019  Gate: 0.8038
Episode 375  Reward:   0.381811  Wealth:    189983.32  Turnover: 0.3064  Gross: 1.4031  Gate: 0.8061
Episode 376  Reward:   0.202116  Wealth:    144655.36  Turnover: 0.3150  Gross: 1.4025  Gate: 0.8050
Episode 377  Reward:  -0.043396  Wealth:    104387.44  Turnover: 0.2382  Gross: 1.4061  Gate: 0.8122
Episode 378  Reward:   0.112167  Wealth:    127500.92  Turnover: 0.3671  Gross: 1.3905  Gate: 0.7810
Episode 379  Reward:   0.282100  Wealth:    161668.27  Turnover: 0.2683  Gross: 1.4030  Gate: 0.8061
Episode 380  Reward:  -0.035646  Wealth:    107551.54  Turnover: 0.3124  Gross: 1.3984  Gate: 0.7967
Episode    380  AvgReward:   0.175373  Noise: 0.0702
Episode 381  Reward:  -0.133255  Wealth:     98031.58  Turnover: 0.3006  Gross: 1.3917  Gate: 0.7834
Episode 382  Reward:   0.030990  Wealth:    116215.81  Turnover: 0.2614  Gross: 1.3855  Gate: 0.7709
Episode 383  Reward:   0.055077  Wealth:    119412.28  Turnover: 0.4023  Gross: 1.4069  Gate: 0.8139
Episode 384  Reward:   0.118718  Wealth:    128852.34  Turnover: 0.2766  Gross: 1.3933  Gate: 0.7866
Episode 385  Reward:   0.033489  Wealth:    115065.92  Turnover: 0.2452  Gross: 1.3968  Gate: 0.7937
Episode 386  Reward:   0.029212  Wealth:    117994.33  Turnover: 0.3577  Gross: 1.3852  Gate: 0.7704
Episode 387  Reward:   0.052951  Wealth:    115790.65  Turnover: 0.3354  Gross: 1.4025  Gate: 0.8050
Episode 388  Reward:   0.327664  Wealth:    176270.89  Turnover: 0.4335  Gross: 1.3822  Gate: 0.7644
Episode 389  Reward:  -0.139739  Wealth:     94998.85  Turnover: 0.2449  Gross: 1.3973  Gate: 0.7946
Episode 390  Reward:   0.241970  Wealth:    155142.27  Turnover: 0.3516  Gross: 1.3837  Gate: 0.7675
Episode    390  AvgReward:   0.061708  Noise: 0.0688
Episode 391  Reward:   0.178714  Wealth:    138701.44  Turnover: 0.2740  Gross: 1.3983  Gate: 0.7966
Episode 392  Reward:   0.339941  Wealth:    179996.57  Turnover: 0.3446  Gross: 1.3963  Gate: 0.7926
Episode 393  Reward:   0.356723  Wealth:    185903.64  Turnover: 0.3398  Gross: 1.3932  Gate: 0.7864
Episode 394  Reward:  -0.421176  Wealth:     75089.87  Turnover: 0.3537  Gross: 1.3940  Gate: 0.7881
Episode 395  Reward:   0.150170  Wealth:    134921.84  Turnover: 0.2761  Gross: 1.3980  Gate: 0.7960
Episode 396  Reward:   0.181406  Wealth:    139099.69  Turnover: 0.3181  Gross: 1.4037  Gate: 0.8075
Episode 397  Reward:   0.045805  Wealth:    116125.00  Turnover: 0.2930  Gross: 1.3954  Gate: 0.7908
Episode 398  Reward:   0.238154  Wealth:    147985.90  Turnover: 0.2982  Gross: 1.4027  Gate: 0.8054
Episode 399  Reward:  -0.011537  Wealth:    111034.04  Turnover: 0.3693  Gross: 1.3930  Gate: 0.7859
Episode 400  Reward:  -0.118930  Wealth:    100273.90  Turnover: 0.3303  Gross: 1.3866  Gate: 0.7732
Episode    400  AvgReward:   0.093927  Noise: 0.0675
Episode 401  Reward:  -0.018451  Wealth:    109204.69  Turnover: 0.3347  Gross: 1.3950  Gate: 0.7900
Episode 402  Reward:  -0.323732  Wealth:     82073.26  Turnover: 0.3438  Gross: 1.3900  Gate: 0.7801
Episode 403  Reward:   0.310884  Wealth:    168581.58  Turnover: 0.2226  Gross: 1.3906  Gate: 0.7813
Episode 404  Reward:   0.099811  Wealth:    122679.33  Turnover: 0.2703  Gross: 1.3899  Gate: 0.7799
Episode 405  Reward:  -0.202927  Wealth:     90286.76  Turnover: 0.2998  Gross: 1.3971  Gate: 0.7942
Episode 406  Reward:   0.129120  Wealth:    129051.60  Turnover: 0.3260  Gross: 1.3978  Gate: 0.7955
Episode 407  Reward:   0.130091  Wealth:    127806.32  Turnover: 0.3087  Gross: 1.3946  Gate: 0.7891
Episode 408  Reward:   0.228098  Wealth:    147146.48  Turnover: 0.2581  Gross: 1.3953  Gate: 0.7905
Episode 409  Reward:  -0.130432  Wealth:     96545.26  Turnover: 0.3417  Gross: 1.3988  Gate: 0.7976
Episode 410  Reward:   0.126595  Wealth:    129772.23  Turnover: 0.2569  Gross: 1.3980  Gate: 0.7960
Episode    410  AvgReward:   0.034906  Noise: 0.0661
Episode 411  Reward:   0.033013  Wealth:    115937.87  Turnover: 0.3212  Gross: 1.3943  Gate: 0.7885
Episode 412  Reward:   0.275843  Wealth:    156290.22  Turnover: 0.2924  Gross: 1.4040  Gate: 0.8080
Episode 413  Reward:   0.055221  Wealth:    115975.00  Turnover: 0.3577  Gross: 1.3916  Gate: 0.7832
Episode 414  Reward:   0.210316  Wealth:    144099.23  Turnover: 0.3013  Gross: 1.4061  Gate: 0.8122
Episode 415  Reward:   0.377109  Wealth:    191036.09  Turnover: 0.3500  Gross: 1.3888  Gate: 0.7776
Episode 416  Reward:   0.259071  Wealth:    152782.36  Turnover: 0.2792  Gross: 1.3956  Gate: 0.7911
Episode 417  Reward:  -0.094363  Wealth:    100057.74  Turnover: 0.3342  Gross: 1.3837  Gate: 0.7674
Episode 418  Reward:   0.040097  Wealth:    113894.78  Turnover: 0.2771  Gross: 1.3986  Gate: 0.7973
Episode 419  Reward:   0.194416  Wealth:    140531.73  Turnover: 0.3312  Gross: 1.3980  Gate: 0.7961
Episode 420  Reward:   0.102975  Wealth:    122176.93  Turnover: 0.2200  Gross: 1.4016  Gate: 0.8032
Episode    420  AvgReward:   0.145370  Noise: 0.0648
Episode 421  Reward:  -0.028938  Wealth:    104548.85  Turnover: 0.2060  Gross: 1.4028  Gate: 0.8057
Episode 422  Reward:  -0.218740  Wealth:     89695.17  Turnover: 0.2927  Gross: 1.3943  Gate: 0.7886
Episode 423  Reward:   0.065504  Wealth:    116988.84  Turnover: 0.2918  Gross: 1.4029  Gate: 0.8059
Episode 424  Reward:   0.231163  Wealth:    148305.98  Turnover: 0.2614  Gross: 1.4005  Gate: 0.8010
Episode 425  Reward:   0.329608  Wealth:    170633.61  Turnover: 0.3311  Gross: 1.3998  Gate: 0.7997
Episode 426  Reward:   0.303771  Wealth:    170828.39  Turnover: 0.3118  Gross: 1.3658  Gate: 0.7317
Episode 427  Reward:   0.058800  Wealth:    117747.17  Turnover: 0.3586  Gross: 1.3953  Gate: 0.7906
Episode 428  Reward:  -0.060615  Wealth:    103617.72  Turnover: 0.3465  Gross: 1.3958  Gate: 0.7916
Episode 429  Reward:  -0.186889  Wealth:     90028.55  Turnover: 0.2606  Gross: 1.3995  Gate: 0.7991
Episode 430  Reward:   0.155224  Wealth:    129573.84  Turnover: 0.3044  Gross: 1.4015  Gate: 0.8030
Episode    430  AvgReward:   0.064889  Noise: 0.0635
Episode 431  Reward:   0.077251  Wealth:    121439.49  Turnover: 0.3620  Gross: 1.3947  Gate: 0.7894
Episode 432  Reward:   0.074444  Wealth:    118607.75  Turnover: 0.3377  Gross: 1.4018  Gate: 0.8036
Episode 433  Reward:   0.028764  Wealth:    112937.97  Turnover: 0.2801  Gross: 1.3944  Gate: 0.7889
Episode 434  Reward:   0.125041  Wealth:    125643.74  Turnover: 0.2712  Gross: 1.4038  Gate: 0.8077
Episode 435  Reward:   0.058528  Wealth:    115970.14  Turnover: 0.2893  Gross: 1.3982  Gate: 0.7965
Episode 436  Reward:   0.066214  Wealth:    117103.06  Turnover: 0.3001  Gross: 1.3972  Gate: 0.7944
Episode 437  Reward:   0.208135  Wealth:    139816.25  Turnover: 0.3078  Gross: 1.3914  Gate: 0.7828
Episode 438  Reward:   0.260733  Wealth:    152297.16  Turnover: 0.3056  Gross: 1.3932  Gate: 0.7864
Episode 439  Reward:   0.143562  Wealth:    128135.51  Turnover: 0.2968  Gross: 1.3971  Gate: 0.7942
Episode 440  Reward:   0.043668  Wealth:    114640.93  Turnover: 0.3979  Gross: 1.3971  Gate: 0.7942
Episode    440  AvgReward:   0.108634  Noise: 0.0623
Episode 441  Reward:   0.199421  Wealth:    136887.48  Turnover: 0.2496  Gross: 1.4079  Gate: 0.8157
Episode 442  Reward:  -0.181462  Wealth:     92098.55  Turnover: 0.3751  Gross: 1.3953  Gate: 0.7907
Episode 443  Reward:   0.174991  Wealth:    138225.60  Turnover: 0.3506  Gross: 1.3954  Gate: 0.7907
Episode 444  Reward:   0.125117  Wealth:    125220.61  Turnover: 0.3656  Gross: 1.4003  Gate: 0.8006
Episode 445  Reward:  -0.135325  Wealth:     95557.46  Turnover: 0.4193  Gross: 1.3967  Gate: 0.7934
Episode 446  Reward:   0.204693  Wealth:    140169.69  Turnover: 0.2356  Gross: 1.3979  Gate: 0.7958
Episode 447  Reward:   0.335785  Wealth:    168730.31  Turnover: 0.2945  Gross: 1.4018  Gate: 0.8035
Episode 448  Reward:   0.100569  Wealth:    120680.11  Turnover: 0.2963  Gross: 1.3991  Gate: 0.7982
Episode 449  Reward:   0.143984  Wealth:    128386.97  Turnover: 0.2347  Gross: 1.3950  Gate: 0.7899
Episode 450  Reward:   0.117667  Wealth:    123317.06  Turnover: 0.2500  Gross: 1.3938  Gate: 0.7876
Episode    450  AvgReward:   0.108544  Noise: 0.0611
Episode 451  Reward:  -0.020872  Wealth:    106028.65  Turnover: 0.3286  Gross: 1.4010  Gate: 0.8019
Episode 452  Reward:  -0.199398  Wealth:     90741.51  Turnover: 0.3317  Gross: 1.3994  Gate: 0.7989
Episode 453  Reward:   0.022631  Wealth:    110941.25  Turnover: 0.3345  Gross: 1.4046  Gate: 0.8092
Episode 454  Reward:   0.157030  Wealth:    133983.48  Turnover: 0.3117  Gross: 1.3855  Gate: 0.7709
Episode 455  Reward:   0.183036  Wealth:    136360.58  Turnover: 0.2514  Gross: 1.3945  Gate: 0.7891
Episode 456  Reward:   0.190026  Wealth:    136871.31  Turnover: 0.3273  Gross: 1.4016  Gate: 0.8032
Episode 457  Reward:   0.256824  Wealth:    152725.39  Turnover: 0.3872  Gross: 1.4018  Gate: 0.8037
Episode 458  Reward:   0.238487  Wealth:    144008.30  Turnover: 0.3094  Gross: 1.3887  Gate: 0.7774
Episode 459  Reward:   0.048808  Wealth:    115106.64  Turnover: 0.3353  Gross: 1.3994  Gate: 0.7987
Episode 460  Reward:   0.224828  Wealth:    141075.47  Turnover: 0.2752  Gross: 1.3933  Gate: 0.7867
Episode    460  AvgReward:   0.110140  Noise: 0.0598
Episode 461  Reward:   0.126358  Wealth:    126523.56  Turnover: 0.3856  Gross: 1.4015  Gate: 0.8030
Episode 462  Reward:   0.357537  Wealth:    178086.77  Turnover: 0.3700  Gross: 1.3978  Gate: 0.7956
Episode 463  Reward:  -0.018134  Wealth:    106532.73  Turnover: 0.3705  Gross: 1.4016  Gate: 0.8032
Episode 464  Reward:   0.255215  Wealth:    148289.85  Turnover: 0.2514  Gross: 1.3988  Gate: 0.7976
Episode 465  Reward:   0.086428  Wealth:    120244.86  Turnover: 0.3706  Gross: 1.3951  Gate: 0.7903
Episode 466  Reward:   0.106202  Wealth:    121724.48  Turnover: 0.2725  Gross: 1.3917  Gate: 0.7835
Episode 467  Reward:   0.130984  Wealth:    124822.81  Turnover: 0.2223  Gross: 1.4042  Gate: 0.8083
Episode 468  Reward:   0.133327  Wealth:    124134.54  Turnover: 0.1986  Gross: 1.4052  Gate: 0.8104
Episode 469  Reward:  -0.058690  Wealth:    101743.36  Turnover: 0.3585  Gross: 1.4054  Gate: 0.8107
Episode 470  Reward:   0.042332  Wealth:    112981.02  Turnover: 0.3622  Gross: 1.4012  Gate: 0.8025
Episode    470  AvgReward:   0.116156  Noise: 0.0587
Episode 471  Reward:  -0.023030  Wealth:    105339.50  Turnover: 0.3409  Gross: 1.4034  Gate: 0.8067
Episode 472  Reward:   0.296567  Wealth:    158985.32  Turnover: 0.3233  Gross: 1.4039  Gate: 0.8077
Episode 473  Reward:   0.048179  Wealth:    112712.34  Turnover: 0.3045  Gross: 1.4009  Gate: 0.8017
Episode 474  Reward:   0.183739  Wealth:    134516.24  Turnover: 0.3902  Gross: 1.3967  Gate: 0.7933
Episode 475  Reward:   0.094893  Wealth:    120134.01  Turnover: 0.3521  Gross: 1.3994  Gate: 0.7987
Episode 476  Reward:   0.025051  Wealth:    112206.20  Turnover: 0.4135  Gross: 1.4077  Gate: 0.8154
Episode 477  Reward:   0.106349  Wealth:    123948.22  Turnover: 0.4032  Gross: 1.4070  Gate: 0.8140
Episode 478  Reward:  -0.147797  Wealth:     94426.99  Turnover: 0.4356  Gross: 1.3961  Gate: 0.7923
Episode 479  Reward:   0.124078  Wealth:    122991.11  Turnover: 0.2464  Gross: 1.4023  Gate: 0.8045
Episode 480  Reward:   0.234586  Wealth:    145082.92  Turnover: 0.3948  Gross: 1.4056  Gate: 0.8112
Episode    480  AvgReward:   0.094261  Noise: 0.0575
Episode 481  Reward:   0.174307  Wealth:    131937.38  Turnover: 0.2584  Gross: 1.3986  Gate: 0.7973
Episode 482  Reward:   0.209403  Wealth:    139498.44  Turnover: 0.4465  Gross: 1.3945  Gate: 0.7890
Episode 483  Reward:   0.118796  Wealth:    123721.33  Turnover: 0.3882  Gross: 1.3944  Gate: 0.7888
Episode 484  Reward:   0.149868  Wealth:    128053.24  Turnover: 0.3261  Gross: 1.4070  Gate: 0.8139
Episode 485  Reward:  -0.158150  Wealth:     93673.52  Turnover: 0.3902  Gross: 1.3995  Gate: 0.7991
Episode 486  Reward:  -0.035315  Wealth:    105378.36  Turnover: 0.3487  Gross: 1.3872  Gate: 0.7743
Episode 487  Reward:   0.045216  Wealth:    112095.64  Turnover: 0.2574  Gross: 1.4042  Gate: 0.8084
Episode 488  Reward:   0.115185  Wealth:    126021.56  Turnover: 0.2261  Gross: 1.3949  Gate: 0.7899
Episode 489  Reward:   0.304301  Wealth:    160120.84  Turnover: 0.3160  Gross: 1.3916  Gate: 0.7832
Episode 490  Reward:   0.309000  Wealth:    162378.55  Turnover: 0.2693  Gross: 1.4016  Gate: 0.8032
Episode    490  AvgReward:   0.123261  Noise: 0.0564
Episode 491  Reward:   0.220616  Wealth:    140894.70  Turnover: 0.2306  Gross: 1.4072  Gate: 0.8143
Episode 492  Reward:   0.286042  Wealth:    154552.70  Turnover: 0.2271  Gross: 1.4090  Gate: 0.8179
Episode 493  Reward:   0.059024  Wealth:    114703.31  Turnover: 0.2753  Gross: 1.4025  Gate: 0.8050
Episode 494  Reward:   0.040301  Wealth:    113358.34  Turnover: 0.4103  Gross: 1.4067  Gate: 0.8133
Episode 495  Reward:   0.081890  Wealth:    118216.36  Turnover: 0.4363  Gross: 1.4078  Gate: 0.8157
Episode 496  Reward:   0.247547  Wealth:    144487.65  Turnover: 0.1783  Gross: 1.4057  Gate: 0.8114
Episode 497  Reward:   0.034025  Wealth:    111232.09  Turnover: 0.2392  Gross: 1.3999  Gate: 0.7999
Episode 498  Reward:  -0.034608  Wealth:    103464.80  Turnover: 0.3615  Gross: 1.4086  Gate: 0.8172
Episode 499  Reward:   0.246441  Wealth:    145101.82  Turnover: 0.2335  Gross: 1.3848  Gate: 0.7697
Episode 500  Reward:  -0.193843  Wealth:     88612.27  Turnover: 0.2817  Gross: 1.4000  Gate: 0.7999
Episode    500  AvgReward:   0.098743  Noise: 0.0552
Episode 501  Reward:   0.149243  Wealth:    130182.97  Turnover: 0.4534  Gross: 1.3974  Gate: 0.7947
Episode 502  Reward:   0.187821  Wealth:    136109.05  Turnover: 0.3840  Gross: 1.4031  Gate: 0.8062
Episode 503  Reward:   0.018261  Wealth:    108952.02  Turnover: 0.2284  Gross: 1.3989  Gate: 0.7978
Episode 504  Reward:   0.183973  Wealth:    132675.28  Turnover: 0.2238  Gross: 1.4042  Gate: 0.8083
Episode 505  Reward:   0.146164  Wealth:    128197.77  Turnover: 0.4083  Gross: 1.3985  Gate: 0.7971
Episode 506  Reward:   0.205981  Wealth:    137044.56  Turnover: 0.2932  Gross: 1.3986  Gate: 0.7973
Episode 507  Reward:   0.169346  Wealth:    130970.76  Turnover: 0.4350  Gross: 1.3950  Gate: 0.7901
Episode 508  Reward:   0.024649  Wealth:    109888.39  Turnover: 0.3053  Gross: 1.4014  Gate: 0.8028
Episode 509  Reward:   0.082661  Wealth:    117511.22  Turnover: 0.3101  Gross: 1.4028  Gate: 0.8055
Episode 510  Reward:   0.053376  Wealth:    114025.98  Turnover: 0.3721  Gross: 1.4009  Gate: 0.8017
Episode    510  AvgReward:   0.122147  Noise: 0.0541
Episode 511  Reward:  -0.029423  Wealth:    103420.18  Turnover: 0.2694  Gross: 1.4003  Gate: 0.8007
Episode 512  Reward:  -0.067057  Wealth:    100993.84  Turnover: 0.3976  Gross: 1.4038  Gate: 0.8076
Episode 513  Reward:   0.171691  Wealth:    130393.73  Turnover: 0.2328  Gross: 1.3931  Gate: 0.7863
Episode 514  Reward:   0.037988  Wealth:    112830.81  Turnover: 0.3421  Gross: 1.4011  Gate: 0.8022
Episode 515  Reward:   0.113095  Wealth:    121169.68  Turnover: 0.2927  Gross: 1.3864  Gate: 0.7727
Episode 516  Reward:   0.156318  Wealth:    128811.30  Turnover: 0.3255  Gross: 1.4097  Gate: 0.8193
Episode 517  Reward:  -0.142014  Wealth:     94508.90  Turnover: 0.3583  Gross: 1.4046  Gate: 0.8092
Episode 518  Reward:   0.154601  Wealth:    128368.91  Turnover: 0.2953  Gross: 1.4080  Gate: 0.8159
Episode 519  Reward:   0.105869  Wealth:    120318.41  Turnover: 0.2192  Gross: 1.3956  Gate: 0.7912
Episode 520  Reward:   0.188804  Wealth:    134529.13  Turnover: 0.2097  Gross: 1.3921  Gate: 0.7843
Episode    520  AvgReward:   0.068987  Noise: 0.0531
Episode 521  Reward:   0.111546  Wealth:    121863.35  Turnover: 0.3729  Gross: 1.3847  Gate: 0.7693
Episode 522  Reward:   0.095601  Wealth:    121109.51  Turnover: 0.4343  Gross: 1.3930  Gate: 0.7860
Episode 523  Reward:   0.318134  Wealth:    165686.84  Turnover: 0.4245  Gross: 1.4044  Gate: 0.8089
Episode 524  Reward:   0.006113  Wealth:    107851.54  Turnover: 0.2600  Gross: 1.3962  Gate: 0.7925
Episode 525  Reward:   0.296523  Wealth:    159233.91  Turnover: 0.3052  Gross: 1.3744  Gate: 0.7489
Episode 526  Reward:   0.097878  Wealth:    119994.99  Turnover: 0.3576  Gross: 1.4081  Gate: 0.8162
Episode 527  Reward:  -0.002519  Wealth:    106678.56  Turnover: 0.2805  Gross: 1.3941  Gate: 0.7883
Episode 528  Reward:  -0.186384  Wealth:     88999.18  Turnover: 0.2640  Gross: 1.3993  Gate: 0.7987
Episode 529  Reward:   0.075686  Wealth:    116192.06  Turnover: 0.2980  Gross: 1.3838  Gate: 0.7676
Episode 530  Reward:   0.244702  Wealth:    144766.69  Turnover: 0.2841  Gross: 1.4011  Gate: 0.8023
Episode    530  AvgReward:   0.105728  Noise: 0.0520
Episode 531  Reward:   0.053143  Wealth:    112860.97  Turnover: 0.1509  Gross: 1.3936  Gate: 0.7872
Episode 532  Reward:   0.221355  Wealth:    140999.87  Turnover: 0.2078  Gross: 1.4005  Gate: 0.8010
Episode 533  Reward:   0.241613  Wealth:    145668.87  Turnover: 0.4616  Gross: 1.4133  Gate: 0.8266
Episode 534  Reward:   0.147184  Wealth:    126133.07  Turnover: 0.1877  Gross: 1.3996  Gate: 0.7992
Episode 535  Reward:   0.144659  Wealth:    126384.55  Turnover: 0.3368  Gross: 1.3962  Gate: 0.7925
Episode 536  Reward:   0.084511  Wealth:    117306.49  Turnover: 0.2390  Gross: 1.3989  Gate: 0.7978
Episode 537  Reward:   0.130442  Wealth:    123885.51  Turnover: 0.2837  Gross: 1.3973  Gate: 0.7947
Episode 538  Reward:   0.232281  Wealth:    142647.70  Turnover: 0.3315  Gross: 1.4026  Gate: 0.8052
Episode 539  Reward:   0.072696  Wealth:    119273.20  Turnover: 0.5569  Gross: 1.3758  Gate: 0.7516
Episode 540  Reward:   0.108942  Wealth:    121462.26  Turnover: 0.3789  Gross: 1.3968  Gate: 0.7936
Episode    540  AvgReward:   0.143683  Noise: 0.0510
Episode 541  Reward:   0.264552  Wealth:    148253.20  Turnover: 0.2108  Gross: 1.4034  Gate: 0.8067
Episode 542  Reward:   0.167618  Wealth:    131191.33  Turnover: 0.3857  Gross: 1.4006  Gate: 0.8012
Episode 543  Reward:  -0.063553  Wealth:    100881.16  Turnover: 0.2952  Gross: 1.3849  Gate: 0.7698
Episode 544  Reward:   0.116154  Wealth:    122372.72  Turnover: 0.4040  Gross: 1.3997  Gate: 0.7994
Episode 545  Reward:   0.135236  Wealth:    124628.69  Turnover: 0.1836  Gross: 1.4041  Gate: 0.8082
Episode 546  Reward:  -0.068753  Wealth:    100532.78  Turnover: 0.4851  Gross: 1.3954  Gate: 0.7907
Episode 547  Reward:   0.183212  Wealth:    133098.12  Turnover: 0.2277  Gross: 1.4036  Gate: 0.8072
Episode 548  Reward:   0.082885  Wealth:    118260.26  Turnover: 0.3222  Gross: 1.3865  Gate: 0.7731
Episode 549  Reward:   0.057194  Wealth:    113696.73  Turnover: 0.3131  Gross: 1.4022  Gate: 0.8044
Episode 550  Reward:   0.108576  Wealth:    120696.91  Turnover: 0.2132  Gross: 1.4009  Gate: 0.8017
Episode    550  AvgReward:   0.098312  Noise: 0.0500
Episode 551  Reward:   0.358772  Wealth:    175203.81  Turnover: 0.2673  Gross: 1.4094  Gate: 0.8188
Episode 552  Reward:   0.185898  Wealth:    134147.48  Turnover: 0.4027  Gross: 1.4056  Gate: 0.8113
Episode 553  Reward:   0.046964  Wealth:    112928.21  Turnover: 0.3510  Gross: 1.3927  Gate: 0.7854
Episode 554  Reward:   0.081492  Wealth:    117402.49  Turnover: 0.2760  Gross: 1.3992  Gate: 0.7985
Episode 555  Reward:   0.159821  Wealth:    128432.30  Turnover: 0.1780  Gross: 1.3994  Gate: 0.7987
Episode 556  Reward:   0.296369  Wealth:    155923.31  Turnover: 0.2269  Gross: 1.4030  Gate: 0.8059
Episode 557  Reward:   0.230291  Wealth:    142390.29  Turnover: 0.3147  Gross: 1.4075  Gate: 0.8149
Episode 558  Reward:  -0.237955  Wealth:     86601.31  Turnover: 0.3774  Gross: 1.4022  Gate: 0.8044
Episode 559  Reward:  -0.091188  Wealth:     97343.35  Turnover: 0.2455  Gross: 1.4006  Gate: 0.8013
Episode 560  Reward:   0.172340  Wealth:    131167.55  Turnover: 0.2923  Gross: 1.4075  Gate: 0.8149
Episode    560  AvgReward:   0.120280  Noise: 0.0490
Episode 561  Reward:   0.183133  Wealth:    132375.75  Turnover: 0.2701  Gross: 1.4017  Gate: 0.8034
Episode 562  Reward:   0.049341  Wealth:    112640.00  Turnover: 0.2695  Gross: 1.4052  Gate: 0.8105
Episode 563  Reward:   0.124017  Wealth:    123226.12  Turnover: 0.2949  Gross: 1.3946  Gate: 0.7891
Episode 564  Reward:   0.201713  Wealth:    136552.97  Turnover: 0.2970  Gross: 1.4065  Gate: 0.8131
Episode 565  Reward:   0.131875  Wealth:    125789.98  Turnover: 0.4033  Gross: 1.4060  Gate: 0.8119
Episode 566  Reward:   0.243916  Wealth:    145138.98  Turnover: 0.3085  Gross: 1.4019  Gate: 0.8039
Episode 567  Reward:  -0.018668  Wealth:    105385.63  Turnover: 0.2815  Gross: 1.3947  Gate: 0.7893
Episode 568  Reward:   0.043103  Wealth:    111778.09  Turnover: 0.2491  Gross: 1.3918  Gate: 0.7835
Episode 569  Reward:   0.184822  Wealth:    134486.34  Turnover: 0.4344  Gross: 1.3983  Gate: 0.7965
Episode 570  Reward:   0.194670  Wealth:    134977.62  Turnover: 0.2151  Gross: 1.3957  Gate: 0.7913
Episode    570  AvgReward:   0.133792  Noise: 0.0480
Episode 571  Reward:   0.154068  Wealth:    127588.60  Turnover: 0.2494  Gross: 1.4043  Gate: 0.8086
Episode 572  Reward:   0.028148  Wealth:    111220.47  Turnover: 0.3457  Gross: 1.3985  Gate: 0.7970
Episode 573  Reward:   0.239904  Wealth:    143374.51  Turnover: 0.2275  Gross: 1.3971  Gate: 0.7942
Episode 574  Reward:   0.078332  Wealth:    117621.17  Turnover: 0.4447  Gross: 1.3852  Gate: 0.7704
Episode 575  Reward:  -0.147238  Wealth:     92716.18  Turnover: 0.1865  Gross: 1.3899  Gate: 0.7797
Episode 576  Reward:   0.097160  Wealth:    119429.58  Turnover: 0.1998  Gross: 1.3962  Gate: 0.7924
Episode 577  Reward:   0.135550  Wealth:    125979.21  Turnover: 0.4284  Gross: 1.3904  Gate: 0.7808
Episode 578  Reward:   0.241715  Wealth:    144221.36  Turnover: 0.2286  Gross: 1.4040  Gate: 0.8081
Episode 579  Reward:   0.055388  Wealth:    113655.20  Turnover: 0.2435  Gross: 1.4011  Gate: 0.8023
Episode 580  Reward:   0.016976  Wealth:    109068.85  Turnover: 0.2781  Gross: 1.3987  Gate: 0.7975
Episode    580  AvgReward:   0.090000  Noise: 0.0471
Episode 581  Reward:   0.090827  Wealth:    118040.91  Turnover: 0.2163  Gross: 1.4040  Gate: 0.8081
Episode 582  Reward:   0.197634  Wealth:    136440.95  Turnover: 0.3242  Gross: 1.4010  Gate: 0.8020
Episode 583  Reward:   0.134388  Wealth:    125770.82  Turnover: 0.2753  Gross: 1.3975  Gate: 0.7951
Episode 584  Reward:   0.218528  Wealth:    142588.34  Turnover: 0.3007  Gross: 1.4066  Gate: 0.8132
Episode 585  Reward:   0.084411  Wealth:    117066.37  Turnover: 0.2890  Gross: 1.3999  Gate: 0.7998
Episode 586  Reward:   0.081151  Wealth:    117131.48  Turnover: 0.3476  Gross: 1.3995  Gate: 0.7990
Episode 587  Reward:   0.044386  Wealth:    112257.38  Turnover: 0.3204  Gross: 1.3984  Gate: 0.7968
Episode 588  Reward:  -0.035799  Wealth:    102802.46  Turnover: 0.2534  Gross: 1.4036  Gate: 0.8072
Episode 589  Reward:  -0.173403  Wealth:     90371.07  Turnover: 0.3567  Gross: 1.4012  Gate: 0.8025
Episode 590  Reward:   0.204519  Wealth:    137953.38  Turnover: 0.3208  Gross: 1.3819  Gate: 0.7638
Episode    590  AvgReward:   0.084664  Noise: 0.0461
Episode 591  Reward:   0.088739  Wealth:    118828.51  Turnover: 0.4118  Gross: 1.3939  Gate: 0.7878
Episode 592  Reward:  -0.036736  Wealth:    103586.56  Turnover: 0.2518  Gross: 1.3940  Gate: 0.7881
Episode 593  Reward:   0.201833  Wealth:    137142.27  Turnover: 0.3685  Gross: 1.3965  Gate: 0.7931
Episode 594  Reward:   0.288771  Wealth:    155046.54  Turnover: 0.2878  Gross: 1.3998  Gate: 0.7996
Episode 595  Reward:   0.270394  Wealth:    149921.81  Turnover: 0.2370  Gross: 1.4058  Gate: 0.8115
Episode 596  Reward:   0.161543  Wealth:    128432.50  Turnover: 0.2293  Gross: 1.3914  Gate: 0.7827
Episode 597  Reward:   0.086769  Wealth:    118237.65  Turnover: 0.2885  Gross: 1.4011  Gate: 0.8022
Episode 598  Reward:   0.326489  Wealth:    165732.62  Turnover: 0.3925  Gross: 1.3967  Gate: 0.7934
Episode 599  Reward:   0.213274  Wealth:    140341.01  Turnover: 0.3875  Gross: 1.3935  Gate: 0.7870
Episode 600  Reward:  -0.133516  Wealth:     93543.26  Turnover: 0.3496  Gross: 1.4094  Gate: 0.8187
Episode    600  AvgReward:   0.146756  Noise: 0.0452
Episode 601  Reward:   0.133808  Wealth:    125712.31  Turnover: 0.2692  Gross: 1.4050  Gate: 0.8099
Episode 602  Reward:   0.178327  Wealth:    133114.49  Turnover: 0.3679  Gross: 1.3996  Gate: 0.7992
Episode 603  Reward:   0.021927  Wealth:    109531.69  Turnover: 0.2880  Gross: 1.3947  Gate: 0.7894
Episode 604  Reward:   0.191945  Wealth:    134044.28  Turnover: 0.2012  Gross: 1.4023  Gate: 0.8046
Episode 605  Reward:   0.056587  Wealth:    114685.06  Turnover: 0.3612  Gross: 1.3811  Gate: 0.7622
Episode 606  Reward:  -0.013978  Wealth:    106915.05  Turnover: 0.3268  Gross: 1.3891  Gate: 0.7783
Episode 607  Reward:   0.182826  Wealth:    133941.31  Turnover: 0.4665  Gross: 1.4005  Gate: 0.8009
Episode 608  Reward:   0.225266  Wealth:    140687.15  Turnover: 0.2383  Gross: 1.3922  Gate: 0.7845
Episode 609  Reward:  -0.050818  Wealth:    103739.93  Turnover: 0.3204  Gross: 1.3937  Gate: 0.7873
Episode 610  Reward:   0.224586  Wealth:    142102.23  Turnover: 0.2349  Gross: 1.3886  Gate: 0.7772
Episode    610  AvgReward:   0.115048  Noise: 0.0443
Episode 611  Reward:   0.258603  Wealth:    150771.48  Turnover: 0.4837  Gross: 1.3807  Gate: 0.7613
Episode 612  Reward:   0.164101  Wealth:    129775.12  Turnover: 0.2820  Gross: 1.4028  Gate: 0.8056
Episode 613  Reward:   0.051092  Wealth:    113353.98  Turnover: 0.3345  Gross: 1.4033  Gate: 0.8067
Episode 614  Reward:   0.140580  Wealth:    126185.18  Turnover: 0.2139  Gross: 1.3979  Gate: 0.7959
Episode 615  Reward:   0.387171  Wealth:    183335.42  Turnover: 0.2880  Gross: 1.4001  Gate: 0.8002
Episode 616  Reward:   0.121676  Wealth:    125683.39  Turnover: 0.5600  Gross: 1.3893  Gate: 0.7786
Episode 617  Reward:   0.125917  Wealth:    125452.55  Turnover: 0.3956  Gross: 1.4021  Gate: 0.8043
Episode 618  Reward:   0.176751  Wealth:    132709.80  Turnover: 0.3170  Gross: 1.3961  Gate: 0.7921
Episode 619  Reward:   0.073556  Wealth:    116686.44  Turnover: 0.3387  Gross: 1.4004  Gate: 0.8007
Episode 620  Reward:   0.230714  Wealth:    142062.16  Turnover: 0.2809  Gross: 1.3975  Gate: 0.7949
Episode    620  AvgReward:   0.173016  Noise: 0.0434
Episode 621  Reward:   0.200841  Wealth:    137477.40  Turnover: 0.3690  Gross: 1.3978  Gate: 0.7956
Episode 622  Reward:  -0.076902  Wealth:     99658.63  Turnover: 0.3820  Gross: 1.3971  Gate: 0.7943
Episode 623  Reward:  -0.034277  Wealth:    103373.41  Turnover: 0.3451  Gross: 1.4005  Gate: 0.8011
Episode 624  Reward:   0.096276  Wealth:    119320.61  Turnover: 0.2494  Gross: 1.3876  Gate: 0.7752
Episode 625  Reward:   0.076609  Wealth:    117892.78  Turnover: 0.3587  Gross: 1.4009  Gate: 0.8018
Episode 626  Reward:   0.292172  Wealth:    156726.26  Turnover: 0.3458  Gross: 1.4012  Gate: 0.8024
Episode 627  Reward:   0.102913  Wealth:    124122.26  Turnover: 0.3728  Gross: 1.3979  Gate: 0.7957
Episode 628  Reward:   0.108389  Wealth:    121623.41  Turnover: 0.3347  Gross: 1.4003  Gate: 0.8005
Episode 629  Reward:   0.081820  Wealth:    117489.99  Turnover: 0.2916  Gross: 1.4014  Gate: 0.8027
Episode 630  Reward:   0.196244  Wealth:    136762.69  Turnover: 0.2381  Gross: 1.4011  Gate: 0.8022
Episode    630  AvgReward:   0.104409  Noise: 0.0426
Episode 631  Reward:   0.132496  Wealth:    125596.47  Turnover: 0.3338  Gross: 1.4005  Gate: 0.8011
Episode 632  Reward:   0.236604  Wealth:    143842.52  Turnover: 0.3891  Gross: 1.4044  Gate: 0.8088
Episode 633  Reward:  -0.012483  Wealth:    106118.38  Turnover: 0.3682  Gross: 1.4046  Gate: 0.8092
Episode 634  Reward:   0.118178  Wealth:    122456.80  Turnover: 0.2628  Gross: 1.4063  Gate: 0.8125
Episode 635  Reward:  -0.095320  Wealth:     97884.37  Turnover: 0.3714  Gross: 1.3991  Gate: 0.7981
Episode 636  Reward:   0.174075  Wealth:    131592.29  Turnover: 0.3776  Gross: 1.4008  Gate: 0.8015
Episode 637  Reward:   0.080150  Wealth:    118470.01  Turnover: 0.3071  Gross: 1.3781  Gate: 0.7562
Episode 638  Reward:   0.192049  Wealth:    135506.29  Turnover: 0.2912  Gross: 1.4035  Gate: 0.8069
Episode 639  Reward:   0.191504  Wealth:    134530.77  Turnover: 0.2008  Gross: 1.4008  Gate: 0.8016
Episode 640  Reward:   0.128447  Wealth:    124714.35  Turnover: 0.3527  Gross: 1.3984  Gate: 0.7968
Episode    640  AvgReward:   0.114570  Noise: 0.0417
Episode 641  Reward:   0.056035  Wealth:    114007.23  Turnover: 0.3378  Gross: 1.3989  Gate: 0.7979
Episode 642  Reward:   0.413554  Wealth:    192752.81  Turnover: 0.2597  Gross: 1.4033  Gate: 0.8067
Episode 643  Reward:   0.128686  Wealth:    126270.03  Turnover: 0.4794  Gross: 1.4036  Gate: 0.8072
Episode 644  Reward:   0.309154  Wealth:    163633.88  Turnover: 0.4680  Gross: 1.3930  Gate: 0.7860
Episode 645  Reward:   0.245813  Wealth:    145983.37  Turnover: 0.3392  Gross: 1.4007  Gate: 0.8014
Episode 646  Reward:   0.063248  Wealth:    114808.84  Turnover: 0.3531  Gross: 1.3969  Gate: 0.7939
Episode 647  Reward:   0.083747  Wealth:    118322.72  Turnover: 0.3435  Gross: 1.3863  Gate: 0.7725
Episode 648  Reward:   0.077043  Wealth:    116100.79  Turnover: 0.2745  Gross: 1.3973  Gate: 0.7945
Episode 649  Reward:   0.327893  Wealth:    166202.09  Turnover: 0.3854  Gross: 1.4004  Gate: 0.8009
Episode 650  Reward:   0.034096  Wealth:    112123.70  Turnover: 0.4362  Gross: 1.3956  Gate: 0.7913
Episode    650  AvgReward:   0.173927  Noise: 0.0409
Episode 651  Reward:   0.234214  Wealth:    144885.30  Turnover: 0.3301  Gross: 1.4046  Gate: 0.8093
Episode 652  Reward:   0.161283  Wealth:    129844.53  Turnover: 0.3529  Gross: 1.3967  Gate: 0.7934
Episode 653  Reward:   0.189157  Wealth:    136229.49  Turnover: 0.3063  Gross: 1.3894  Gate: 0.7789
Episode 654  Reward:   0.098646  Wealth:    119989.04  Turnover: 0.3365  Gross: 1.4049  Gate: 0.8097
Episode 655  Reward:   0.057751  Wealth:    114772.29  Turnover: 0.5032  Gross: 1.4059  Gate: 0.8118
Episode 656  Reward:   0.205095  Wealth:    137254.02  Turnover: 0.2511  Gross: 1.4030  Gate: 0.8061
Episode 657  Reward:   0.145937  Wealth:    127854.34  Turnover: 0.3238  Gross: 1.3927  Gate: 0.7855
Episode 658  Reward:   0.072396  Wealth:    116558.00  Turnover: 0.3595  Gross: 1.3971  Gate: 0.7941
Episode 659  Reward:   0.279272  Wealth:    155231.22  Turnover: 0.3507  Gross: 1.3951  Gate: 0.7901
Episode 660  Reward:   0.020380  Wealth:    109910.59  Turnover: 0.3460  Gross: 1.3977  Gate: 0.7955
Episode    660  AvgReward:   0.146413  Noise: 0.0401
Episode 661  Reward:   0.193128  Wealth:    134549.67  Turnover: 0.3229  Gross: 1.4036  Gate: 0.8071
Episode 662  Reward:   0.368411  Wealth:    177097.40  Turnover: 0.2793  Gross: 1.4052  Gate: 0.8104
Episode 663  Reward:   0.088156  Wealth:    119793.79  Turnover: 0.4019  Gross: 1.4002  Gate: 0.8003
Episode 664  Reward:   0.046726  Wealth:    113069.98  Turnover: 0.3477  Gross: 1.3975  Gate: 0.7950
Episode 665  Reward:   0.046079  Wealth:    112644.54  Turnover: 0.3206  Gross: 1.4018  Gate: 0.8037
Episode 666  Reward:  -0.096458  Wealth:    100119.24  Turnover: 0.4566  Gross: 1.3927  Gate: 0.7853
Episode 667  Reward:   0.073027  Wealth:    117296.20  Turnover: 0.3484  Gross: 1.3938  Gate: 0.7876
Episode 668  Reward:   0.086687  Wealth:    120439.15  Turnover: 0.3894  Gross: 1.4082  Gate: 0.8163
Episode 669  Reward:   0.084108  Wealth:    119147.85  Turnover: 0.2927  Gross: 1.3929  Gate: 0.7858
Episode 670  Reward:   0.293657  Wealth:    159515.12  Turnover: 0.4046  Gross: 1.3903  Gate: 0.7807
Episode    670  AvgReward:   0.118352  Noise: 0.0393
Episode 671  Reward:   0.107075  Wealth:    121395.54  Turnover: 0.3261  Gross: 1.4007  Gate: 0.8013
Episode 672  Reward:   0.206718  Wealth:    138789.11  Turnover: 0.3281  Gross: 1.3944  Gate: 0.7889
Episode 673  Reward:   0.051174  Wealth:    114173.50  Turnover: 0.3407  Gross: 1.3996  Gate: 0.7992
Episode 674  Reward:   0.311222  Wealth:    161714.22  Turnover: 0.2522  Gross: 1.4075  Gate: 0.8150
Episode 675  Reward:   0.200312  Wealth:    137734.44  Turnover: 0.3310  Gross: 1.3915  Gate: 0.7830
Episode 676  Reward:  -0.146377  Wealth:     93499.22  Turnover: 0.2849  Gross: 1.3995  Gate: 0.7991
Episode 677  Reward:   0.182594  Wealth:    134166.60  Turnover: 0.4102  Gross: 1.4008  Gate: 0.8015
Episode 678  Reward:  -0.001338  Wealth:    110175.50  Turnover: 0.4179  Gross: 1.3978  Gate: 0.7955
Episode 679  Reward:   0.118928  Wealth:    126119.24  Turnover: 0.4912  Gross: 1.3937  Gate: 0.7874
Episode 680  Reward:   0.272013  Wealth:    153761.80  Turnover: 0.3384  Gross: 1.3989  Gate: 0.7978
Episode    680  AvgReward:   0.130232  Noise: 0.0385
Episode 681  Reward:   0.374934  Wealth:    181222.67  Turnover: 0.3102  Gross: 1.3980  Gate: 0.7961
Episode 682  Reward:   0.185813  Wealth:    136222.16  Turnover: 0.4157  Gross: 1.3938  Gate: 0.7875
Episode 683  Reward:   0.279985  Wealth:    155054.97  Turnover: 0.3591  Gross: 1.3973  Gate: 0.7947
Episode 684  Reward:   0.099605  Wealth:    121127.79  Turnover: 0.3349  Gross: 1.4043  Gate: 0.8087
Episode 685  Reward:   0.123147  Wealth:    124172.75  Turnover: 0.3409  Gross: 1.3960  Gate: 0.7921
Episode 686  Reward:  -0.127718  Wealth:     95744.44  Turnover: 0.2786  Gross: 1.3900  Gate: 0.7801
Episode 687  Reward:   0.232688  Wealth:    144762.83  Turnover: 0.4050  Gross: 1.3953  Gate: 0.7905
Episode 688  Reward:   0.287660  Wealth:    159983.80  Turnover: 0.4364  Gross: 1.4011  Gate: 0.8022
Episode 689  Reward:   0.143017  Wealth:    126756.19  Turnover: 0.2603  Gross: 1.3999  Gate: 0.7998
Episode 690  Reward:   0.107434  Wealth:    121650.30  Turnover: 0.2507  Gross: 1.4001  Gate: 0.8001
Episode    690  AvgReward:   0.170656  Noise: 0.0378
Episode 691  Reward:   0.084293  Wealth:    117747.13  Turnover: 0.2575  Gross: 1.3846  Gate: 0.7693
Episode 692  Reward:   0.069910  Wealth:    116688.73  Turnover: 0.4134  Gross: 1.4022  Gate: 0.8044
Episode 693  Reward:   0.053663  Wealth:    116345.93  Turnover: 0.4393  Gross: 1.4000  Gate: 0.8000
Episode 694  Reward:   0.220150  Wealth:    141895.87  Turnover: 0.3352  Gross: 1.3992  Gate: 0.7984
Episode 695  Reward:   0.058902  Wealth:    114609.43  Turnover: 0.3314  Gross: 1.3952  Gate: 0.7905
Episode 696  Reward:   0.175799  Wealth:    133103.12  Turnover: 0.3278  Gross: 1.4021  Gate: 0.8041
Episode 697  Reward:  -0.022740  Wealth:    107263.23  Turnover: 0.2565  Gross: 1.3919  Gate: 0.7838
Episode 698  Reward:   0.191155  Wealth:    139612.19  Turnover: 0.4008  Gross: 1.3938  Gate: 0.7877
Episode 699  Reward:   0.079010  Wealth:    121566.32  Turnover: 0.4694  Gross: 1.3959  Gate: 0.7919
Episode 700  Reward:  -0.003662  Wealth:    107440.56  Turnover: 0.2725  Gross: 1.3972  Gate: 0.7943
Episode    700  AvgReward:   0.090648  Noise: 0.0370
Episode 701  Reward:   0.141531  Wealth:    128288.88  Turnover: 0.4021  Gross: 1.3924  Gate: 0.7847
Episode 702  Reward:   0.143220  Wealth:    127702.74  Turnover: 0.2619  Gross: 1.3941  Gate: 0.7882
Episode 703  Reward:   0.025164  Wealth:    112369.86  Turnover: 0.3753  Gross: 1.3998  Gate: 0.7997
Episode 704  Reward:   0.211439  Wealth:    142753.64  Turnover: 0.5361  Gross: 1.4059  Gate: 0.8118
Episode 705  Reward:   0.028345  Wealth:    112757.03  Turnover: 0.5087  Gross: 1.4024  Gate: 0.8049
Episode 706  Reward:   0.203690  Wealth:    140200.96  Turnover: 0.5001  Gross: 1.4030  Gate: 0.8060
Episode 707  Reward:   0.287448  Wealth:    156427.24  Turnover: 0.2615  Gross: 1.3937  Gate: 0.7875
Episode 708  Reward:   0.094529  Wealth:    122405.15  Turnover: 0.4704  Gross: 1.3932  Gate: 0.7864
Episode 709  Reward:   0.083458  Wealth:    118712.48  Turnover: 0.3204  Gross: 1.4012  Gate: 0.8024
Episode 710  Reward:   0.023401  Wealth:    114868.39  Turnover: 0.3427  Gross: 1.3958  Gate: 0.7917
Episode    710  AvgReward:   0.124223  Noise: 0.0363
Episode 711  Reward:   0.039827  Wealth:    113598.76  Turnover: 0.3402  Gross: 1.3876  Gate: 0.7753
Episode 712  Reward:   0.107175  Wealth:    121407.99  Turnover: 0.3073  Gross: 1.4026  Gate: 0.8052
Episode 713  Reward:  -0.395423  Wealth:     77803.27  Turnover: 0.5079  Gross: 1.3909  Gate: 0.7818
Episode 714  Reward:   0.153130  Wealth:    129019.96  Turnover: 0.3472  Gross: 1.3916  Gate: 0.7833
Episode 715  Reward:   0.007222  Wealth:    109582.01  Turnover: 0.3278  Gross: 1.3967  Gate: 0.7934
Episode 716  Reward:   0.078578  Wealth:    117020.88  Turnover: 0.2407  Gross: 1.3947  Gate: 0.7894
Episode 717  Reward:   0.209005  Wealth:    139929.21  Turnover: 0.3898  Gross: 1.4007  Gate: 0.8015
Episode 718  Reward:   0.238659  Wealth:    148053.37  Turnover: 0.3083  Gross: 1.4020  Gate: 0.8039
Episode 719  Reward:   0.090989  Wealth:    121568.89  Turnover: 0.2690  Gross: 1.3935  Gate: 0.7871
Episode 720  Reward:   0.114350  Wealth:    122269.92  Turnover: 0.2187  Gross: 1.4011  Gate: 0.8021
Episode    720  AvgReward:   0.064351  Noise: 0.0356
Episode 721  Reward:   0.066173  Wealth:    115023.09  Turnover: 0.2401  Gross: 1.4036  Gate: 0.8072
Episode 722  Reward:   0.091935  Wealth:    120951.65  Turnover: 0.4223  Gross: 1.3995  Gate: 0.7991
Episode 723  Reward:   0.449925  Wealth:    212293.45  Turnover: 0.3537  Gross: 1.4019  Gate: 0.8038
Episode 724  Reward:   0.005130  Wealth:    111322.85  Turnover: 0.4909  Gross: 1.3940  Gate: 0.7880
Episode 725  Reward:   0.215316  Wealth:    140680.25  Turnover: 0.3372  Gross: 1.3949  Gate: 0.7899
Episode 726  Reward:  -0.047293  Wealth:    102342.26  Turnover: 0.3760  Gross: 1.4004  Gate: 0.8008
Episode 727  Reward:  -0.021815  Wealth:    105710.37  Turnover: 0.4788  Gross: 1.4030  Gate: 0.8060
Episode 728  Reward:   0.197209  Wealth:    137104.20  Turnover: 0.3252  Gross: 1.4003  Gate: 0.8005
Episode 729  Reward:  -0.001409  Wealth:    108992.96  Turnover: 0.3117  Gross: 1.4013  Gate: 0.8026
Episode 730  Reward:   0.007473  Wealth:    109149.57  Turnover: 0.2781  Gross: 1.4001  Gate: 0.8002
Episode    730  AvgReward:   0.096264  Noise: 0.0349
Episode 731  Reward:   0.182074  Wealth:    135534.02  Turnover: 0.3875  Gross: 1.3919  Gate: 0.7838
Episode 732  Reward:   0.258885  Wealth:    153508.22  Turnover: 0.3411  Gross: 1.3896  Gate: 0.7793
Episode 733  Reward:   0.154455  Wealth:    131401.34  Turnover: 0.2890  Gross: 1.4004  Gate: 0.8009
Episode 734  Reward:   0.149363  Wealth:    129138.63  Turnover: 0.3373  Gross: 1.4034  Gate: 0.8068
Episode 735  Reward:   0.177493  Wealth:    132778.22  Turnover: 0.3152  Gross: 1.4049  Gate: 0.8099
Episode 736  Reward:   0.229738  Wealth:    145759.95  Turnover: 0.3745  Gross: 1.3993  Gate: 0.7986
Episode 737  Reward:   0.001072  Wealth:    108072.12  Turnover: 0.2989  Gross: 1.4017  Gate: 0.8035
Episode 738  Reward:   0.221560  Wealth:    142563.29  Turnover: 0.2917  Gross: 1.3989  Gate: 0.7977
Episode 739  Reward:   0.196498  Wealth:    137761.72  Turnover: 0.3619  Gross: 1.3962  Gate: 0.7924
Episode 740  Reward:   0.194158  Wealth:    137340.76  Turnover: 0.3116  Gross: 1.3970  Gate: 0.7940
Episode    740  AvgReward:   0.176530  Noise: 0.0342
Episode 741  Reward:   0.180295  Wealth:    133546.82  Turnover: 0.3253  Gross: 1.3983  Gate: 0.7966
Episode 742  Reward:   0.266846  Wealth:    154253.11  Turnover: 0.3357  Gross: 1.3984  Gate: 0.7967
Episode 743  Reward:   0.197641  Wealth:    138342.67  Turnover: 0.2740  Gross: 1.3971  Gate: 0.7942
Episode 744  Reward:   0.018010  Wealth:    109376.04  Turnover: 0.2474  Gross: 1.3943  Gate: 0.7886
Episode 745  Reward:   0.150015  Wealth:    128332.20  Turnover: 0.3763  Gross: 1.4047  Gate: 0.8094
Episode 746  Reward:  -0.185754  Wealth:     90239.65  Turnover: 0.3666  Gross: 1.3877  Gate: 0.7753
Episode 747  Reward:   0.109838  Wealth:    123206.13  Turnover: 0.2469  Gross: 1.4010  Gate: 0.8020
Episode 748  Reward:   0.139418  Wealth:    126201.94  Turnover: 0.4051  Gross: 1.3969  Gate: 0.7939
Episode 749  Reward:   0.184783  Wealth:    134026.76  Turnover: 0.3611  Gross: 1.3996  Gate: 0.7991
Episode 750  Reward:  -0.164662  Wealth:     92234.18  Turnover: 0.3361  Gross: 1.3924  Gate: 0.7847
Episode    750  AvgReward:   0.089643  Noise: 0.0335
Episode 751  Reward:   0.225970  Wealth:    142232.08  Turnover: 0.2101  Gross: 1.4053  Gate: 0.8107
Episode 752  Reward:  -0.066673  Wealth:    101791.80  Turnover: 0.3829  Gross: 1.4038  Gate: 0.8076
Episode 753  Reward:  -0.201713  Wealth:     89561.81  Turnover: 0.3744  Gross: 1.3996  Gate: 0.7993
Episode 754  Reward:   0.146286  Wealth:    129178.18  Turnover: 0.3142  Gross: 1.4042  Gate: 0.8085
Episode 755  Reward:   0.070897  Wealth:    117485.46  Turnover: 0.2991  Gross: 1.3924  Gate: 0.7848
Episode 756  Reward:   0.293607  Wealth:    158789.02  Turnover: 0.3163  Gross: 1.3951  Gate: 0.7901
Episode 757  Reward:   0.176712  Wealth:    131673.88  Turnover: 0.2134  Gross: 1.3963  Gate: 0.7925
Episode 758  Reward:   0.252437  Wealth:    149010.05  Turnover: 0.4478  Gross: 1.4005  Gate: 0.8009
Episode 759  Reward:   0.070526  Wealth:    116864.67  Turnover: 0.2958  Gross: 1.4000  Gate: 0.7999
Episode 760  Reward:   0.034943  Wealth:    114174.55  Turnover: 0.3708  Gross: 1.3985  Gate: 0.7971
Episode    760  AvgReward:   0.100299  Noise: 0.0328
Episode 761  Reward:   0.199768  Wealth:    136878.76  Turnover: 0.3298  Gross: 1.3852  Gate: 0.7703
Episode 762  Reward:   0.204120  Wealth:    137534.26  Turnover: 0.2792  Gross: 1.3952  Gate: 0.7904
Episode 763  Reward:   0.086889  Wealth:    118468.98  Turnover: 0.3461  Gross: 1.4033  Gate: 0.8066
Episode 764  Reward:   0.135494  Wealth:    126662.10  Turnover: 0.3079  Gross: 1.4000  Gate: 0.8000
Episode 765  Reward:   0.105625  Wealth:    121765.92  Turnover: 0.4549  Gross: 1.3910  Gate: 0.7820
Episode 766  Reward:   0.210900  Wealth:    140178.46  Turnover: 0.3474  Gross: 1.3915  Gate: 0.7829
Episode 767  Reward:   0.269119  Wealth:    153799.27  Turnover: 0.4097  Gross: 1.4025  Gate: 0.8049
Episode 768  Reward:   0.010089  Wealth:    109185.35  Turnover: 0.3843  Gross: 1.3887  Gate: 0.7774
Episode 769  Reward:   0.241061  Wealth:    146358.50  Turnover: 0.2944  Gross: 1.4022  Gate: 0.8043
Episode 770  Reward:   0.115512  Wealth:    122711.10  Turnover: 0.4253  Gross: 1.3911  Gate: 0.7822
Episode    770  AvgReward:   0.157858  Noise: 0.0322
Episode 771  Reward:  -0.099324  Wealth:     97244.36  Turnover: 0.3179  Gross: 1.3993  Gate: 0.7987
Episode 772  Reward:  -0.040629  Wealth:    104055.52  Turnover: 0.4279  Gross: 1.3929  Gate: 0.7859
Episode 773  Reward:   0.218260  Wealth:    140430.10  Turnover: 0.4640  Gross: 1.4019  Gate: 0.8037
Episode 774  Reward:   0.126931  Wealth:    124375.42  Turnover: 0.3604  Gross: 1.4013  Gate: 0.8025
Episode 775  Reward:   0.119848  Wealth:    122969.71  Turnover: 0.3492  Gross: 1.3963  Gate: 0.7926
Episode 776  Reward:  -0.067026  Wealth:    101154.15  Turnover: 0.5324  Gross: 1.3915  Gate: 0.7830
Episode 777  Reward:   0.046415  Wealth:    113478.48  Turnover: 0.3325  Gross: 1.4030  Gate: 0.8061
Episode 778  Reward:   0.065544  Wealth:    115350.55  Turnover: 0.2840  Gross: 1.4017  Gate: 0.8034
Episode 779  Reward:   0.283599  Wealth:    154081.09  Turnover: 0.4084  Gross: 1.3968  Gate: 0.7935
Episode 780  Reward:   0.065707  Wealth:    117647.62  Turnover: 0.3139  Gross: 1.4011  Gate: 0.8021
Episode    780  AvgReward:   0.071932  Noise: 0.0315
Episode 781  Reward:   0.152197  Wealth:    130534.07  Turnover: 0.2838  Gross: 1.4055  Gate: 0.8111
Episode 782  Reward:   0.065315  Wealth:    116316.92  Turnover: 0.4896  Gross: 1.3999  Gate: 0.7998
Episode 783  Reward:   0.138100  Wealth:    127871.77  Turnover: 0.2941  Gross: 1.4024  Gate: 0.8048
Episode 784  Reward:   0.266748  Wealth:    153252.42  Turnover: 0.4065  Gross: 1.3970  Gate: 0.7939
Episode 785  Reward:   0.280628  Wealth:    152471.23  Turnover: 0.4010  Gross: 1.3969  Gate: 0.7938
Episode 786  Reward:   0.126812  Wealth:    124541.57  Turnover: 0.2914  Gross: 1.4068  Gate: 0.8135
Episode 787  Reward:   0.157722  Wealth:    131694.59  Turnover: 0.2503  Gross: 1.4003  Gate: 0.8006
Episode 788  Reward:   0.154644  Wealth:    127670.73  Turnover: 0.2998  Gross: 1.3906  Gate: 0.7811
Episode 789  Reward:  -0.076728  Wealth:    100326.68  Turnover: 0.3109  Gross: 1.3976  Gate: 0.7951
Episode 790  Reward:   0.204247  Wealth:    141299.70  Turnover: 0.3343  Gross: 1.4030  Gate: 0.8060
Episode    790  AvgReward:   0.146969  Noise: 0.0309
Episode 791  Reward:   0.190968  Wealth:    135336.58  Turnover: 0.3087  Gross: 1.4025  Gate: 0.8050
Episode 792  Reward:   0.119573  Wealth:    125784.84  Turnover: 0.2804  Gross: 1.4028  Gate: 0.8055
Episode 793  Reward:   0.192223  Wealth:    135331.34  Turnover: 0.2993  Gross: 1.3951  Gate: 0.7901
Episode 794  Reward:   0.181429  Wealth:    135228.09  Turnover: 0.3048  Gross: 1.4048  Gate: 0.8096
Episode 795  Reward:  -0.005026  Wealth:    108340.77  Turnover: 0.4086  Gross: 1.4055  Gate: 0.8111
Episode 796  Reward:   0.156857  Wealth:    128520.04  Turnover: 0.3239  Gross: 1.3986  Gate: 0.7973
Episode 797  Reward:   0.039392  Wealth:    113107.50  Turnover: 0.5177  Gross: 1.4021  Gate: 0.8043
Episode 798  Reward:   0.256964  Wealth:    148296.01  Turnover: 0.3865  Gross: 1.4001  Gate: 0.8003
Episode 799  Reward:   0.221101  Wealth:    140116.88  Turnover: 0.2892  Gross: 1.4059  Gate: 0.8117
Episode 800  Reward:   0.170232  Wealth:    130053.16  Turnover: 0.2103  Gross: 1.3977  Gate: 0.7954
Episode    800  AvgReward:   0.152371  Noise: 0.0303
Episode 801  Reward:   0.234227  Wealth:    144071.66  Turnover: 0.2702  Gross: 1.3980  Gate: 0.7959
Episode 802  Reward:   0.077486  Wealth:    117648.59  Turnover: 0.3856  Gross: 1.4014  Gate: 0.8029
Episode 803  Reward:   0.134182  Wealth:    128530.64  Turnover: 0.3860  Gross: 1.4102  Gate: 0.8205
Episode 804  Reward:   0.055143  Wealth:    114698.86  Turnover: 0.3772  Gross: 1.3961  Gate: 0.7922
Episode 805  Reward:   0.084063  Wealth:    119809.61  Turnover: 0.3326  Gross: 1.3982  Gate: 0.7964
Episode 806  Reward:   0.356370  Wealth:    175818.25  Turnover: 0.2686  Gross: 1.3960  Gate: 0.7920
Episode 807  Reward:   0.257102  Wealth:    148253.15  Turnover: 0.3111  Gross: 1.3991  Gate: 0.7982
Episode 808  Reward:   0.163550  Wealth:    131781.88  Turnover: 0.3232  Gross: 1.3965  Gate: 0.7930
Episode 809  Reward:   0.202100  Wealth:    138686.60  Turnover: 0.4110  Gross: 1.3980  Gate: 0.7960
Episode 810  Reward:  -0.266057  Wealth:     85069.32  Turnover: 0.3014  Gross: 1.3887  Gate: 0.7774
Episode    810  AvgReward:   0.129817  Noise: 0.0297
Episode 811  Reward:   0.058652  Wealth:    115384.79  Turnover: 0.3466  Gross: 1.3888  Gate: 0.7777
Episode 812  Reward:   0.275314  Wealth:    151792.66  Turnover: 0.2968  Gross: 1.4020  Gate: 0.8040
Episode 813  Reward:   0.018573  Wealth:    110828.62  Turnover: 0.3937  Gross: 1.4015  Gate: 0.8030
Episode 814  Reward:   0.115301  Wealth:    122505.17  Turnover: 0.3584  Gross: 1.3912  Gate: 0.7824
Episode 815  Reward:   0.152310  Wealth:    127294.71  Turnover: 0.2837  Gross: 1.3976  Gate: 0.7952
Episode 816  Reward:   0.131849  Wealth:    125527.69  Turnover: 0.2611  Gross: 1.4066  Gate: 0.8131
Episode 817  Reward:   0.159337  Wealth:    130402.83  Turnover: 0.4474  Gross: 1.3941  Gate: 0.7881
Episode 818  Reward:   0.222534  Wealth:    141680.97  Turnover: 0.3911  Gross: 1.4007  Gate: 0.8014
Episode 819  Reward:   0.229464  Wealth:    144496.49  Turnover: 0.6223  Gross: 1.3982  Gate: 0.7963
Episode 820  Reward:   0.297041  Wealth:    162937.08  Turnover: 0.2741  Gross: 1.3944  Gate: 0.7887
Episode    820  AvgReward:   0.166038  Noise: 0.0291
Episode 821  Reward:   0.082981  Wealth:    118977.73  Turnover: 0.4768  Gross: 1.3993  Gate: 0.7987
Episode 822  Reward:   0.010766  Wealth:    108085.82  Turnover: 0.2984  Gross: 1.4020  Gate: 0.8040
Episode 823  Reward:   0.269513  Wealth:    151827.93  Turnover: 0.4353  Gross: 1.4036  Gate: 0.8071
Episode 824  Reward:   0.162930  Wealth:    131145.06  Turnover: 0.2304  Gross: 1.3952  Gate: 0.7905
Episode 825  Reward:   0.219301  Wealth:    140797.00  Turnover: 0.3426  Gross: 1.4058  Gate: 0.8116
Episode 826  Reward:   0.143080  Wealth:    126734.98  Turnover: 0.3102  Gross: 1.3965  Gate: 0.7930
Episode 827  Reward:   0.321144  Wealth:    164516.39  Turnover: 0.2519  Gross: 1.3998  Gate: 0.7995
Episode 828  Reward:  -0.029895  Wealth:    103587.77  Turnover: 0.2404  Gross: 1.4023  Gate: 0.8046
Episode 829  Reward:   0.184164  Wealth:    132056.90  Turnover: 0.2855  Gross: 1.4002  Gate: 0.8003
Episode 830  Reward:   0.244664  Wealth:    145610.88  Turnover: 0.2932  Gross: 1.3934  Gate: 0.7868
Episode    830  AvgReward:   0.160865  Noise: 0.0285
Episode 831  Reward:   0.320247  Wealth:    165627.29  Turnover: 0.4380  Gross: 1.3992  Gate: 0.7984
Episode 832  Reward:   0.373836  Wealth:    181467.18  Turnover: 0.4057  Gross: 1.3939  Gate: 0.7878
Episode 833  Reward:   0.116561  Wealth:    121854.51  Turnover: 0.2288  Gross: 1.3925  Gate: 0.7851
Episode 834  Reward:   0.189699  Wealth:    135012.14  Turnover: 0.3237  Gross: 1.4024  Gate: 0.8048
Episode 835  Reward:   0.236552  Wealth:    144510.06  Turnover: 0.3613  Gross: 1.4021  Gate: 0.8041
Episode 836  Reward:   0.262599  Wealth:    149589.06  Turnover: 0.3043  Gross: 1.4022  Gate: 0.8043
Episode 837  Reward:  -0.110849  Wealth:     95952.44  Turnover: 0.5007  Gross: 1.3927  Gate: 0.7853
Episode 838  Reward:   0.136995  Wealth:    125476.90  Turnover: 0.3189  Gross: 1.3992  Gate: 0.7984
Episode 839  Reward:  -0.004232  Wealth:    107997.35  Turnover: 0.3475  Gross: 1.3973  Gate: 0.7947
Episode 840  Reward:   0.348120  Wealth:    171418.47  Turnover: 0.2979  Gross: 1.3938  Gate: 0.7876
Episode    840  AvgReward:   0.186953  Noise: 0.0280
Episode 841  Reward:   0.108747  Wealth:    120994.78  Turnover: 0.3418  Gross: 1.4028  Gate: 0.8056
Episode 842  Reward:  -0.007962  Wealth:    107474.58  Turnover: 0.4329  Gross: 1.3994  Gate: 0.7988
Episode 843  Reward:  -0.042325  Wealth:    103163.37  Turnover: 0.3661  Gross: 1.4016  Gate: 0.8031
Episode 844  Reward:   0.267547  Wealth:    151317.65  Turnover: 0.3387  Gross: 1.3936  Gate: 0.7873
Episode 845  Reward:   0.022238  Wealth:    110998.15  Turnover: 0.3841  Gross: 1.4013  Gate: 0.8027
Episode 846  Reward:   0.099590  Wealth:    120004.42  Turnover: 0.2564  Gross: 1.4036  Gate: 0.8072
Episode 847  Reward:   0.278613  Wealth:    157359.08  Turnover: 0.3092  Gross: 1.4027  Gate: 0.8054
Episode 848  Reward:   0.016491  Wealth:    111944.92  Turnover: 0.3251  Gross: 1.3994  Gate: 0.7988
Episode 849  Reward:   0.194768  Wealth:    134299.44  Turnover: 0.2388  Gross: 1.3895  Gate: 0.7790
Episode 850  Reward:  -0.001343  Wealth:    106300.08  Turnover: 0.2400  Gross: 1.3824  Gate: 0.7647
Episode    850  AvgReward:   0.093636  Noise: 0.0274
Episode 851  Reward:   0.051826  Wealth:    112585.06  Turnover: 0.2109  Gross: 1.3886  Gate: 0.7773
Episode 852  Reward:   0.220825  Wealth:    140695.71  Turnover: 0.3631  Gross: 1.4021  Gate: 0.8042
Episode 853  Reward:   0.287846  Wealth:    155662.19  Turnover: 0.3300  Gross: 1.3981  Gate: 0.7961
Episode 854  Reward:   0.210143  Wealth:    140499.45  Turnover: 0.3079  Gross: 1.3943  Gate: 0.7886
Episode 855  Reward:   0.197589  Wealth:    137078.95  Turnover: 0.4321  Gross: 1.3930  Gate: 0.7860
Episode 856  Reward:  -0.036297  Wealth:    105465.45  Turnover: 0.2726  Gross: 1.3969  Gate: 0.7939
Episode 857  Reward:   0.212687  Wealth:    138305.16  Turnover: 0.3233  Gross: 1.3994  Gate: 0.7988
Episode 858  Reward:   0.148459  Wealth:    128067.62  Turnover: 0.4441  Gross: 1.4035  Gate: 0.8070
Episode 859  Reward:   0.204462  Wealth:    136471.80  Turnover: 0.3413  Gross: 1.4003  Gate: 0.8007
Episode 860  Reward:   0.185126  Wealth:    134396.62  Turnover: 0.4759  Gross: 1.4019  Gate: 0.8038
Episode    860  AvgReward:   0.168267  Noise: 0.0269
Episode 861  Reward:   0.117984  Wealth:    123764.31  Turnover: 0.3300  Gross: 1.4058  Gate: 0.8115
Episode 862  Reward:   0.023899  Wealth:    111480.08  Turnover: 0.3279  Gross: 1.3998  Gate: 0.7996
Episode 863  Reward:  -0.200831  Wealth:     90694.68  Turnover: 0.3681  Gross: 1.3989  Gate: 0.7977
Episode 864  Reward:   0.124740  Wealth:    125199.08  Turnover: 0.3466  Gross: 1.3989  Gate: 0.7978
Episode 865  Reward:   0.009461  Wealth:    108401.65  Turnover: 0.2757  Gross: 1.3968  Gate: 0.7937
Episode 866  Reward:   0.257263  Wealth:    150078.02  Turnover: 0.3245  Gross: 1.3965  Gate: 0.7930
Episode 867  Reward:   0.078866  Wealth:    120611.17  Turnover: 0.3487  Gross: 1.3979  Gate: 0.7958
Episode 868  Reward:   0.141763  Wealth:    126141.54  Turnover: 0.3457  Gross: 1.4061  Gate: 0.8122
Episode 869  Reward:   0.181815  Wealth:    132907.26  Turnover: 0.3588  Gross: 1.3972  Gate: 0.7945
Episode 870  Reward:   0.216945  Wealth:    138783.23  Turnover: 0.3158  Gross: 1.3842  Gate: 0.7684
Episode    870  AvgReward:   0.095190  Noise: 0.0263
Episode 871  Reward:   0.036520  Wealth:    112545.41  Turnover: 0.3544  Gross: 1.4016  Gate: 0.8033
Episode 872  Reward:   0.233699  Wealth:    146421.75  Turnover: 0.4630  Gross: 1.3943  Gate: 0.7886
Episode 873  Reward:   0.141577  Wealth:    130505.81  Turnover: 0.3563  Gross: 1.4074  Gate: 0.8148
Episode 874  Reward:  -0.051962  Wealth:    103074.60  Turnover: 0.3183  Gross: 1.3969  Gate: 0.7937
Episode 875  Reward:   0.164034  Wealth:    131614.64  Turnover: 0.2439  Gross: 1.4035  Gate: 0.8070
Episode 876  Reward:  -0.174107  Wealth:     93361.50  Turnover: 0.2405  Gross: 1.4034  Gate: 0.8068
Episode 877  Reward:   0.162505  Wealth:    129349.82  Turnover: 0.2482  Gross: 1.4058  Gate: 0.8115
Episode 878  Reward:   0.078322  Wealth:    120818.42  Turnover: 0.2776  Gross: 1.3955  Gate: 0.7909
Episode 879  Reward:   0.094293  Wealth:    119612.64  Turnover: 0.2665  Gross: 1.3983  Gate: 0.7967
Episode 880  Reward:  -0.204517  Wealth:     90700.32  Turnover: 0.3507  Gross: 1.4015  Gate: 0.8029
Episode    880  AvgReward:   0.048037  Noise: 0.0258
Episode 881  Reward:   0.234749  Wealth:    142272.68  Turnover: 0.2472  Gross: 1.4056  Gate: 0.8113
Episode 882  Reward:   0.150006  Wealth:    131678.15  Turnover: 0.3542  Gross: 1.3973  Gate: 0.7945
Episode 883  Reward:   0.215402  Wealth:    143830.58  Turnover: 0.2041  Gross: 1.3956  Gate: 0.7912
Episode 884  Reward:  -0.024973  Wealth:    104829.32  Turnover: 0.2695  Gross: 1.3863  Gate: 0.7726
Episode 885  Reward:   0.186644  Wealth:    138160.13  Turnover: 0.2438  Gross: 1.4030  Gate: 0.8060
Episode 886  Reward:   0.090638  Wealth:    118436.56  Turnover: 0.1974  Gross: 1.4009  Gate: 0.8018
Episode 887  Reward:   0.287501  Wealth:    157247.02  Turnover: 0.5006  Gross: 1.4002  Gate: 0.8004
Episode 888  Reward:   0.268056  Wealth:    153266.12  Turnover: 0.3157  Gross: 1.4044  Gate: 0.8088
Episode 889  Reward:   0.199580  Wealth:    138479.58  Turnover: 0.3723  Gross: 1.3952  Gate: 0.7905
Episode 890  Reward:  -0.084881  Wealth:     98569.77  Turnover: 0.2658  Gross: 1.4014  Gate: 0.8028
Episode    890  AvgReward:   0.152272  Noise: 0.0253
Episode 891  Reward:   0.134280  Wealth:    128765.94  Turnover: 0.4031  Gross: 1.3956  Gate: 0.7912
Episode 892  Reward:   0.141903  Wealth:    125837.29  Turnover: 0.2893  Gross: 1.4008  Gate: 0.8016
Episode 893  Reward:   0.024181  Wealth:    112643.46  Turnover: 0.2744  Gross: 1.3915  Gate: 0.7830
Episode 894  Reward:  -0.033149  Wealth:    104006.16  Turnover: 0.3146  Gross: 1.3983  Gate: 0.7966
Episode 895  Reward:   0.283053  Wealth:    156424.83  Turnover: 0.3641  Gross: 1.4003  Gate: 0.8007
Episode 896  Reward:   0.268709  Wealth:    151092.82  Turnover: 0.2562  Gross: 1.4008  Gate: 0.8015
Episode 897  Reward:   0.093933  Wealth:    120675.00  Turnover: 0.3787  Gross: 1.4017  Gate: 0.8034
Episode 898  Reward:   0.232188  Wealth:    147969.51  Turnover: 0.3060  Gross: 1.3957  Gate: 0.7913
Episode 899  Reward:   0.221035  Wealth:    141469.13  Turnover: 0.3196  Gross: 1.3998  Gate: 0.7995
Episode 900  Reward:   0.169397  Wealth:    132129.11  Turnover: 0.2690  Gross: 1.3995  Gate: 0.7989
Episode    900  AvgReward:   0.153553  Noise: 0.0248
Episode 901  Reward:   0.190494  Wealth:    135365.31  Turnover: 0.2941  Gross: 1.3986  Gate: 0.7973
Episode 902  Reward:   0.113673  Wealth:    122489.17  Turnover: 0.2916  Gross: 1.4017  Gate: 0.8034
Episode 903  Reward:  -0.027555  Wealth:    104753.04  Turnover: 0.3423  Gross: 1.4038  Gate: 0.8076
Episode 904  Reward:   0.159123  Wealth:    132847.52  Turnover: 0.2830  Gross: 1.3968  Gate: 0.7936
Episode 905  Reward:   0.158328  Wealth:    132398.63  Turnover: 0.2659  Gross: 1.3927  Gate: 0.7855
Episode 906  Reward:   0.041294  Wealth:    114841.20  Turnover: 0.3768  Gross: 1.3952  Gate: 0.7905
Episode 907  Reward:   0.078626  Wealth:    117330.50  Turnover: 0.2756  Gross: 1.4008  Gate: 0.8016
Episode 908  Reward:   0.026639  Wealth:    113707.56  Turnover: 0.3122  Gross: 1.3980  Gate: 0.7960
Episode 909  Reward:   0.254311  Wealth:    151759.53  Turnover: 0.3038  Gross: 1.3999  Gate: 0.7998
Episode 910  Reward:   0.059174  Wealth:    113748.16  Turnover: 0.2436  Gross: 1.3942  Gate: 0.7884
Episode    910  AvgReward:   0.105411  Noise: 0.0243
Episode 911  Reward:   0.205517  Wealth:    137139.31  Turnover: 0.4123  Gross: 1.3993  Gate: 0.7986
Episode 912  Reward:   0.210454  Wealth:    141745.49  Turnover: 0.3438  Gross: 1.3982  Gate: 0.7965
Episode 913  Reward:   0.310051  Wealth:    165623.07  Turnover: 0.3314  Gross: 1.4007  Gate: 0.8015
Episode 914  Reward:   0.176421  Wealth:    136966.31  Turnover: 0.3470  Gross: 1.4021  Gate: 0.8042
Episode 915  Reward:   0.299061  Wealth:    162958.99  Turnover: 0.3909  Gross: 1.3910  Gate: 0.7819
Episode 916  Reward:   0.151074  Wealth:    127667.97  Turnover: 0.2726  Gross: 1.3982  Gate: 0.7964
Episode 917  Reward:  -0.262783  Wealth:     83990.10  Turnover: 0.3207  Gross: 1.3894  Gate: 0.7789
Episode 918  Reward:   0.133595  Wealth:    129532.34  Turnover: 0.3547  Gross: 1.3972  Gate: 0.7943
Episode 919  Reward:   0.284520  Wealth:    157379.01  Turnover: 0.2306  Gross: 1.3990  Gate: 0.7980
Episode 920  Reward:   0.137161  Wealth:    127911.33  Turnover: 0.3491  Gross: 1.4000  Gate: 0.8000
Episode    920  AvgReward:   0.164507  Noise: 0.0238
Episode 921  Reward:   0.113358  Wealth:    122034.78  Turnover: 0.2921  Gross: 1.3900  Gate: 0.7800
Episode 922  Reward:  -0.220427  Wealth:     87088.61  Turnover: 0.3663  Gross: 1.3971  Gate: 0.7942
Episode 923  Reward:   0.222907  Wealth:    138897.13  Turnover: 0.2075  Gross: 1.4051  Gate: 0.8102
Episode 924  Reward:  -0.183833  Wealth:     90865.14  Turnover: 0.3473  Gross: 1.3984  Gate: 0.7968
Episode 925  Reward:   0.176409  Wealth:    137038.42  Turnover: 0.2686  Gross: 1.3932  Gate: 0.7864
Episode 926  Reward:   0.055797  Wealth:    116408.01  Turnover: 0.3076  Gross: 1.4009  Gate: 0.8018
Episode 927  Reward:   0.083306  Wealth:    117237.64  Turnover: 0.3872  Gross: 1.4013  Gate: 0.8026
Episode 928  Reward:  -0.022301  Wealth:    106880.49  Turnover: 0.2770  Gross: 1.4019  Gate: 0.8038
Episode 929  Reward:   0.172366  Wealth:    130613.13  Turnover: 0.2751  Gross: 1.3965  Gate: 0.7931
Episode 930  Reward:   0.181785  Wealth:    133469.03  Turnover: 0.4048  Gross: 1.4022  Gate: 0.8044
Episode    930  AvgReward:   0.057937  Noise: 0.0234
Episode 931  Reward:   0.144953  Wealth:    126837.82  Turnover: 0.3441  Gross: 1.4024  Gate: 0.8048
Episode 932  Reward:  -0.013471  Wealth:    107041.54  Turnover: 0.3823  Gross: 1.4044  Gate: 0.8088
Episode 933  Reward:  -0.106324  Wealth:     97120.27  Turnover: 0.2863  Gross: 1.3927  Gate: 0.7854
Episode 934  Reward:   0.166856  Wealth:    133099.08  Turnover: 0.4061  Gross: 1.4032  Gate: 0.8065
Episode 935  Reward:   0.119842  Wealth:    126324.76  Turnover: 0.3991  Gross: 1.4030  Gate: 0.8061
Episode 936  Reward:   0.124609  Wealth:    125095.67  Turnover: 0.4420  Gross: 1.3944  Gate: 0.7889
Episode 937  Reward:   0.103166  Wealth:    121224.21  Turnover: 0.3847  Gross: 1.4046  Gate: 0.8093
Episode 938  Reward:  -0.411245  Wealth:     75565.54  Turnover: 0.3781  Gross: 1.4029  Gate: 0.8058
Episode 939  Reward:   0.170247  Wealth:    133548.80  Turnover: 0.2141  Gross: 1.4060  Gate: 0.8120
Episode 940  Reward:   0.219330  Wealth:    144638.10  Turnover: 0.2930  Gross: 1.4026  Gate: 0.8052
Episode    940  AvgReward:   0.051796  Noise: 0.0229
Episode 941  Reward:   0.176882  Wealth:    132718.07  Turnover: 0.3539  Gross: 1.4051  Gate: 0.8103
Episode 942  Reward:   0.142042  Wealth:    128581.35  Turnover: 0.2234  Gross: 1.3989  Gate: 0.7978
Episode 943  Reward:  -0.007198  Wealth:    108905.66  Turnover: 0.3432  Gross: 1.3972  Gate: 0.7945
Episode 944  Reward:   0.080815  Wealth:    119251.88  Turnover: 0.2923  Gross: 1.4002  Gate: 0.8004
Episode 945  Reward:   0.215949  Wealth:    140114.02  Turnover: 0.3157  Gross: 1.3964  Gate: 0.7928
Episode 946  Reward:  -0.141092  Wealth:     94182.55  Turnover: 0.2909  Gross: 1.4060  Gate: 0.8120
Episode 947  Reward:   0.051707  Wealth:    114853.21  Turnover: 0.3667  Gross: 1.3985  Gate: 0.7971
Episode 948  Reward:   0.218785  Wealth:    144017.85  Turnover: 0.2974  Gross: 1.4037  Gate: 0.8075
Episode 949  Reward:   0.131888  Wealth:    125358.11  Turnover: 0.4310  Gross: 1.4005  Gate: 0.8010
Episode 950  Reward:   0.320100  Wealth:    164574.88  Turnover: 0.2899  Gross: 1.3939  Gate: 0.7878
Episode    950  AvgReward:   0.118988  Noise: 0.0224
Episode 951  Reward:   0.165740  Wealth:    130906.84  Turnover: 0.5176  Gross: 1.4042  Gate: 0.8084
Episode 952  Reward:   0.185586  Wealth:    133957.18  Turnover: 0.3570  Gross: 1.4056  Gate: 0.8113
Episode 953  Reward:   0.251893  Wealth:    147854.72  Turnover: 0.3494  Gross: 1.3960  Gate: 0.7921
Episode 954  Reward:   0.190916  Wealth:    137263.23  Turnover: 0.3145  Gross: 1.3983  Gate: 0.7966
Episode 955  Reward:   0.053663  Wealth:    113935.51  Turnover: 0.4328  Gross: 1.3971  Gate: 0.7942
Episode 956  Reward:   0.084898  Wealth:    120393.92  Turnover: 0.2874  Gross: 1.3973  Gate: 0.7947
Episode 957  Reward:   0.184764  Wealth:    135792.38  Turnover: 0.4036  Gross: 1.4029  Gate: 0.8058
Episode 958  Reward:   0.200152  Wealth:    142091.11  Turnover: 0.3598  Gross: 1.3932  Gate: 0.7863
Episode 959  Reward:  -0.099722  Wealth:     97352.68  Turnover: 0.3274  Gross: 1.3999  Gate: 0.7998
Episode 960  Reward:   0.213302  Wealth:    140750.44  Turnover: 0.3880  Gross: 1.4031  Gate: 0.8063
Episode    960  AvgReward:   0.143119  Noise: 0.0220
Episode 961  Reward:   0.176842  Wealth:    136564.78  Turnover: 0.3633  Gross: 1.3885  Gate: 0.7771
Episode 962  Reward:   0.120115  Wealth:    126125.92  Turnover: 0.2831  Gross: 1.4006  Gate: 0.8013
Episode 963  Reward:  -0.122320  Wealth:     95308.97  Turnover: 0.3567  Gross: 1.3898  Gate: 0.7797
Episode 964  Reward:   0.156751  Wealth:    130990.39  Turnover: 0.3740  Gross: 1.3933  Gate: 0.7866
Episode 965  Reward:   0.127212  Wealth:    125638.46  Turnover: 0.3948  Gross: 1.3961  Gate: 0.7921
Episode 966  Reward:   0.214061  Wealth:    141089.60  Turnover: 0.4024  Gross: 1.3961  Gate: 0.7922
Episode 967  Reward:   0.200750  Wealth:    140558.22  Turnover: 0.4552  Gross: 1.3982  Gate: 0.7964
Episode 968  Reward:   0.078233  Wealth:    116828.16  Turnover: 0.3345  Gross: 1.3986  Gate: 0.7973
Episode 969  Reward:   0.061276  Wealth:    115600.61  Turnover: 0.2423  Gross: 1.3926  Gate: 0.7853
Episode 970  Reward:   0.095958  Wealth:    121073.55  Turnover: 0.3368  Gross: 1.4003  Gate: 0.8006
Episode    970  AvgReward:   0.110888  Noise: 0.0216
Episode 971  Reward:   0.237288  Wealth:    143576.36  Turnover: 0.4082  Gross: 1.3994  Gate: 0.7987
Episode 972  Reward:   0.220177  Wealth:    139991.77  Turnover: 0.3698  Gross: 1.4038  Gate: 0.8076
Episode 973  Reward:   0.239780  Wealth:    146145.66  Turnover: 0.3090  Gross: 1.3974  Gate: 0.7948
Episode 974  Reward:   0.085784  Wealth:    118478.49  Turnover: 0.4087  Gross: 1.3861  Gate: 0.7722
Episode 975  Reward:   0.106361  Wealth:    121764.78  Turnover: 0.3015  Gross: 1.3993  Gate: 0.7987
Episode 976  Reward:   0.232876  Wealth:    146539.82  Turnover: 0.3200  Gross: 1.3923  Gate: 0.7846
Episode 977  Reward:   0.109521  Wealth:    121999.94  Turnover: 0.3328  Gross: 1.3988  Gate: 0.7976
Episode 978  Reward:   0.274450  Wealth:    150743.45  Turnover: 0.2653  Gross: 1.4024  Gate: 0.8049
Episode 979  Reward:   0.093668  Wealth:    121627.86  Turnover: 0.3632  Gross: 1.3998  Gate: 0.7996
Episode 980  Reward:   0.251151  Wealth:    148118.55  Turnover: 0.3460  Gross: 1.3992  Gate: 0.7984
Episode    980  AvgReward:   0.185106  Noise: 0.0211
Episode 981  Reward:  -0.197631  Wealth:     89131.02  Turnover: 0.3080  Gross: 1.4006  Gate: 0.8011
Episode 982  Reward:   0.302568  Wealth:    161594.05  Turnover: 0.3380  Gross: 1.3986  Gate: 0.7972
Episode 983  Reward:   0.129914  Wealth:    124217.38  Turnover: 0.3450  Gross: 1.4006  Gate: 0.8011
Episode 984  Reward:   0.172771  Wealth:    131392.29  Turnover: 0.3255  Gross: 1.4013  Gate: 0.8026
Episode 985  Reward:   0.246943  Wealth:    149309.67  Turnover: 0.1596  Gross: 1.4022  Gate: 0.8043
Episode 986  Reward:  -0.143568  Wealth:     93607.43  Turnover: 0.3174  Gross: 1.3918  Gate: 0.7837
Episode 987  Reward:  -0.027204  Wealth:    104516.68  Turnover: 0.2638  Gross: 1.3920  Gate: 0.7840
Episode 988  Reward:  -0.037508  Wealth:    103876.07  Turnover: 0.3761  Gross: 1.3937  Gate: 0.7874
Episode 989  Reward:   0.206335  Wealth:    140645.40  Turnover: 0.4184  Gross: 1.4009  Gate: 0.8018
Episode 990  Reward:   0.140111  Wealth:    126961.62  Turnover: 0.2221  Gross: 1.3959  Gate: 0.7917
Episode    990  AvgReward:   0.079273  Noise: 0.0207
Episode 991  Reward:   0.131429  Wealth:    126276.33  Turnover: 0.3551  Gross: 1.3952  Gate: 0.7905
Episode 992  Reward:   0.157632  Wealth:    128756.78  Turnover: 0.3109  Gross: 1.4036  Gate: 0.8071
Episode 993  Reward:   0.167682  Wealth:    133423.98  Turnover: 0.2416  Gross: 1.4016  Gate: 0.8032
Episode 994  Reward:   0.302783  Wealth:    160370.04  Turnover: 0.2494  Gross: 1.3956  Gate: 0.7911
Episode 995  Reward:   0.206055  Wealth:    139602.95  Turnover: 0.2619  Gross: 1.3920  Gate: 0.7841
Episode 996  Reward:   0.190617  Wealth:    136871.97  Turnover: 0.4178  Gross: 1.4036  Gate: 0.8071
Episode 997  Reward:   0.205603  Wealth:    137570.07  Turnover: 0.2623  Gross: 1.4008  Gate: 0.8015
Episode 998  Reward:  -0.013282  Wealth:    105338.50  Turnover: 0.2986  Gross: 1.3966  Gate: 0.7932
Episode 999  Reward:   0.017914  Wealth:    108167.56  Turnover: 0.3214  Gross: 1.4029  Gate: 0.8058
Episode 1000  Reward:  -0.039311  Wealth:    105002.04  Turnover: 0.2673  Gross: 1.4005  Gate: 0.8011
Episode   1000  AvgReward:   0.132712  Noise: 0.0203
TRAIN STAGE COMPLETE
PRE-TRAINING BEHAVIOUR GATE PASSED on deterministic held-in episodes: mean_leverage_gate=0.7971, fraction_at_gross_cap=0.0000, gate_gross_mae=0.0000, mean_turnover=0.3411, max_position_limit_violation=0.0000, mean_normalized_direction_entropy=0.8449, q05_normalized_direction_entropy=0.7873, mean_effective_positions=3.9176
Pre-training complete. Agent saved.

============================================================
Stage 2: Fine-tuning on Real Data

============================================================
============================================================
STAGE 2: FINE-TUNING
============================================================
============================================================
TRAIN STAGE STARTED: stage=finetune_selection, episodes=37, batch_size=64, updates_per_step=1
============================================================
Episode 1  Reward:   0.175323  Wealth:    131315.97  Turnover: 0.3689  Gross: 1.3914  Gate: 0.7828
Episode 2  Reward:   0.085590  Wealth:    117431.43  Turnover: 0.3061  Gross: 1.3954  Gate: 0.7908
Episode 3  Reward:   0.111055  Wealth:    121093.49  Turnover: 0.4654  Gross: 1.3962  Gate: 0.7925
Episode 4  Reward:   0.167304  Wealth:    131308.83  Turnover: 0.5518  Gross: 1.3989  Gate: 0.7978
Episode 5  Reward:   0.162812  Wealth:    130237.75  Turnover: 0.4935  Gross: 1.4008  Gate: 0.8017
Episode 6  Reward:   0.079200  Wealth:    117209.12  Turnover: 0.4091  Gross: 1.3972  Gate: 0.7945
Episode 7  Reward:   0.144493  Wealth:    129809.90  Turnover: 0.3359  Gross: 1.3998  Gate: 0.7996
Episode 8  Reward:   0.186454  Wealth:    135808.97  Turnover: 0.6133  Gross: 1.4053  Gate: 0.8106
Episode 9  Reward:   0.177697  Wealth:    134517.13  Turnover: 0.5573  Gross: 1.4047  Gate: 0.8094
Episode 10  Reward:   0.118354  Wealth:    122972.94  Turnover: 0.3248  Gross: 1.4027  Gate: 0.8053
Episode 11  Reward:   0.209782  Wealth:    140355.99  Turnover: 0.5027  Gross: 1.4015  Gate: 0.8029
Episode 12  Reward:   0.202951  Wealth:    137469.62  Turnover: 0.3564  Gross: 1.4007  Gate: 0.8014
Episode 13  Reward:   0.221506  Wealth:    141352.44  Turnover: 0.3633  Gross: 1.4048  Gate: 0.8096
Episode 14  Reward:   0.249720  Wealth:    148052.79  Turnover: 0.4624  Gross: 1.3984  Gate: 0.7968
Episode 15  Reward:   0.207982  Wealth:    140245.21  Turnover: 0.4087  Gross: 1.4001  Gate: 0.8002
Episode 16  Reward:   0.158629  Wealth:    131465.72  Turnover: 0.2704  Gross: 1.4029  Gate: 0.8057
Episode 17  Reward:   0.216387  Wealth:    141644.88  Turnover: 0.4516  Gross: 1.4008  Gate: 0.8016
Episode 18  Reward:   0.160281  Wealth:    131453.34  Turnover: 0.2831  Gross: 1.4050  Gate: 0.8100
Episode 19  Reward:  -0.033159  Wealth:    103513.26  Turnover: 0.2933  Gross: 1.4014  Gate: 0.8028
Episode 20  Reward:   0.164920  Wealth:    132077.51  Turnover: 0.2136  Gross: 1.4025  Gate: 0.8051
Episode 21  Reward:   0.191662  Wealth:    135672.16  Turnover: 0.3722  Gross: 1.4039  Gate: 0.8078
Episode 22  Reward:   0.205439  Wealth:    138194.64  Turnover: 0.3738  Gross: 1.4014  Gate: 0.8028
Episode 23  Reward:   0.183904  Wealth:    134429.53  Turnover: 0.3173  Gross: 1.4015  Gate: 0.8030
Episode 24  Reward:   0.008442  Wealth:    108336.36  Turnover: 0.2820  Gross: 1.4025  Gate: 0.8050
Episode 25  Reward:   0.178745  Wealth:    133296.47  Turnover: 0.3338  Gross: 1.4040  Gate: 0.8079
Episode 26  Reward:   0.136253  Wealth:    126630.04  Turnover: 0.3487  Gross: 1.4015  Gate: 0.8029
Episode 27  Reward:   0.225135  Wealth:    142585.75  Turnover: 0.3552  Gross: 1.4039  Gate: 0.8079
Episode 28  Reward:   0.180769  Wealth:    134361.61  Turnover: 0.2648  Gross: 1.4027  Gate: 0.8054
Episode 29  Reward:   0.128481  Wealth:    125320.50  Turnover: 0.3362  Gross: 1.4022  Gate: 0.8044
Episode 30  Reward:   0.251844  Wealth:    148012.76  Turnover: 0.3915  Gross: 1.4036  Gate: 0.8071
Episode 31  Reward:   0.203055  Wealth:    137913.39  Turnover: 0.3389  Gross: 1.4026  Gate: 0.8053
Episode 32  Reward:   0.216919  Wealth:    141796.07  Turnover: 0.4051  Gross: 1.4028  Gate: 0.8056
Episode 33  Reward:   0.192243  Wealth:    136411.17  Turnover: 0.3219  Gross: 1.4036  Gate: 0.8073
Episode 34  Reward:   0.275909  Wealth:    155238.93  Turnover: 0.4161  Gross: 1.4043  Gate: 0.8086
Episode 35  Reward:   0.216100  Wealth:    140730.35  Turnover: 0.3523  Gross: 1.4010  Gate: 0.8020
Episode 36  Reward:   0.203192  Wealth:    138671.05  Turnover: 0.4782  Gross: 1.4032  Gate: 0.8065
Episode 37  Reward:   0.157307  Wealth:    130113.14  Turnover: 0.2538  Gross: 1.4007  Gate: 0.8014
Episode     37  AvgReward:   0.170883  Noise: 0.0417
TRAIN STAGE COMPLETE
VALIDATION pass=1 reward=0.274494 wealth=152309.07 turnover=0.2477 gross=1.3997
============================================================
TRAIN STAGE STARTED: stage=finetune_refit_all, episodes=61, batch_size=64, updates_per_step=1
============================================================
Episode 1  Reward:   0.135605  Wealth:    124874.56  Turnover: 0.2936  Gross: 1.4000  Gate: 0.8001
Episode 2  Reward:   0.136870  Wealth:    128808.63  Turnover: 0.3008  Gross: 1.3987  Gate: 0.7975
Episode 3  Reward:   0.128951  Wealth:    124318.86  Turnover: 0.5499  Gross: 1.3964  Gate: 0.7928
Episode 4  Reward:   0.163160  Wealth:    131032.46  Turnover: 0.3962  Gross: 1.4049  Gate: 0.8098
Episode 5  Reward:   0.104567  Wealth:    120021.22  Turnover: 0.3557  Gross: 1.4010  Gate: 0.8020
Episode 6  Reward:   0.092455  Wealth:    118600.34  Turnover: 0.2584  Gross: 1.4007  Gate: 0.8014
Episode 7  Reward:   0.087793  Wealth:    118053.65  Turnover: 0.3374  Gross: 1.4041  Gate: 0.8082
Episode 8  Reward:   0.163296  Wealth:    129211.60  Turnover: 0.2915  Gross: 1.3989  Gate: 0.7978
Episode 9  Reward:   0.138780  Wealth:    126876.99  Turnover: 0.5871  Gross: 1.3963  Gate: 0.7927
Episode 10  Reward:   0.127534  Wealth:    123487.01  Turnover: 0.4129  Gross: 1.4011  Gate: 0.8023
Episode 11  Reward:   0.123987  Wealth:    122738.59  Turnover: 0.4060  Gross: 1.4048  Gate: 0.8096
Episode 12  Reward:   0.143742  Wealth:    130071.35  Turnover: 0.4525  Gross: 1.4043  Gate: 0.8085
Episode 13  Reward:   0.180829  Wealth:    134922.47  Turnover: 0.6131  Gross: 1.3960  Gate: 0.7921
Episode 14  Reward:   0.090456  Wealth:    118482.16  Turnover: 0.4004  Gross: 1.4001  Gate: 0.8001
Episode 15  Reward:   0.209627  Wealth:    138543.87  Turnover: 0.4935  Gross: 1.3967  Gate: 0.7933
Episode 16  Reward:  -0.039823  Wealth:    102364.33  Turnover: 0.4054  Gross: 1.4024  Gate: 0.8047
Episode 17  Reward:   0.173100  Wealth:    133132.14  Turnover: 0.4134  Gross: 1.3997  Gate: 0.7993
Episode 18  Reward:   0.156502  Wealth:    130198.15  Turnover: 0.6372  Gross: 1.3938  Gate: 0.7876
Episode 19  Reward:   0.035994  Wealth:    110824.35  Turnover: 0.4412  Gross: 1.4046  Gate: 0.8093
Episode 20  Reward:   0.166658  Wealth:    130955.56  Turnover: 0.3533  Gross: 1.3964  Gate: 0.7928
Episode 21  Reward:   0.223205  Wealth:    143195.39  Turnover: 0.6890  Gross: 1.3959  Gate: 0.7919
Episode 22  Reward:   0.091798  Wealth:    118792.56  Turnover: 0.4452  Gross: 1.3959  Gate: 0.7919
Episode 23  Reward:   0.183955  Wealth:    133299.12  Turnover: 0.4925  Gross: 1.3975  Gate: 0.7950
Episode 24  Reward:   0.099620  Wealth:    120718.17  Turnover: 0.5645  Gross: 1.3999  Gate: 0.7998
Episode 25  Reward:   0.148847  Wealth:    127615.27  Turnover: 0.4944  Gross: 1.3965  Gate: 0.7930
Episode 26  Reward:   0.080306  Wealth:    117579.79  Turnover: 0.5399  Gross: 1.4001  Gate: 0.8002
Episode 27  Reward:   0.222436  Wealth:    142962.43  Turnover: 0.5951  Gross: 1.3978  Gate: 0.7956
Episode 28  Reward:   0.247642  Wealth:    148928.91  Turnover: 0.7647  Gross: 1.3943  Gate: 0.7887
Episode 29  Reward:   0.095745  Wealth:    119478.16  Turnover: 0.5040  Gross: 1.3974  Gate: 0.7948
Episode 30  Reward:   0.130210  Wealth:    125490.83  Turnover: 0.5434  Gross: 1.4018  Gate: 0.8037
Episode 31  Reward:   0.180424  Wealth:    133010.21  Turnover: 0.5350  Gross: 1.3985  Gate: 0.7971
Episode 32  Reward:   0.156959  Wealth:    130035.79  Turnover: 0.3489  Gross: 1.4003  Gate: 0.8005
Episode 33  Reward:   0.173595  Wealth:    131152.84  Turnover: 0.4489  Gross: 1.4033  Gate: 0.8066
Episode 34  Reward:   0.110266  Wealth:    120766.14  Turnover: 0.4774  Gross: 1.4015  Gate: 0.8031
Episode 35  Reward:  -0.047080  Wealth:    101494.88  Turnover: 0.3724  Gross: 1.4051  Gate: 0.8102
Episode 36  Reward:   0.083358  Wealth:    116994.13  Turnover: 0.4501  Gross: 1.4043  Gate: 0.8086
Episode 37  Reward:   0.174962  Wealth:    132235.58  Turnover: 0.4782  Gross: 1.3992  Gate: 0.7983
Episode 38  Reward:   0.178259  Wealth:    131257.23  Turnover: 0.4191  Gross: 1.4027  Gate: 0.8055
Episode 39  Reward:   0.151539  Wealth:    127179.95  Turnover: 0.3464  Gross: 1.4012  Gate: 0.8025
Episode 40  Reward:   0.101248  Wealth:    119574.20  Turnover: 0.4406  Gross: 1.4042  Gate: 0.8084
Episode 41  Reward:   0.150164  Wealth:    126759.45  Turnover: 0.4318  Gross: 1.4002  Gate: 0.8005
Episode 42  Reward:   0.110469  Wealth:    121148.89  Turnover: 0.4319  Gross: 1.4008  Gate: 0.8015
Episode 43  Reward:  -0.026454  Wealth:    103563.68  Turnover: 0.3312  Gross: 1.4020  Gate: 0.8039
Episode 44  Reward:   0.143328  Wealth:    126238.32  Turnover: 0.4139  Gross: 1.4027  Gate: 0.8054
Episode 45  Reward:   0.221994  Wealth:    141887.98  Turnover: 0.6017  Gross: 1.3958  Gate: 0.7916
Episode 46  Reward:   0.039443  Wealth:    111336.18  Turnover: 0.3199  Gross: 1.4024  Gate: 0.8048
Episode 47  Reward:   0.235155  Wealth:    144571.08  Turnover: 0.5040  Gross: 1.3971  Gate: 0.7941
Episode 48  Reward:   0.181348  Wealth:    133104.14  Turnover: 0.4741  Gross: 1.3993  Gate: 0.7985
Episode 49  Reward:   0.188442  Wealth:    134539.84  Turnover: 0.5775  Gross: 1.3983  Gate: 0.7967
Episode 50  Reward:   0.091971  Wealth:    118393.11  Turnover: 0.3962  Gross: 1.4012  Gate: 0.8024
Episode 51  Reward:   0.143362  Wealth:    126388.73  Turnover: 0.4639  Gross: 1.4006  Gate: 0.8012
Episode 52  Reward:   0.208665  Wealth:    140159.21  Turnover: 0.5963  Gross: 1.3956  Gate: 0.7912
Episode 53  Reward:   0.207511  Wealth:    137561.37  Turnover: 0.4311  Gross: 1.3974  Gate: 0.7948
Episode 54  Reward:   0.027866  Wealth:    109947.23  Turnover: 0.3924  Gross: 1.4005  Gate: 0.8011
Episode 55  Reward:   0.163224  Wealth:    129342.74  Turnover: 0.4508  Gross: 1.4017  Gate: 0.8034
Episode 56  Reward:   0.158397  Wealth:    128718.96  Turnover: 0.4688  Gross: 1.3986  Gate: 0.7971
Episode 57  Reward:   0.190108  Wealth:    133582.77  Turnover: 0.4399  Gross: 1.4026  Gate: 0.8053
Episode 58  Reward:   0.164934  Wealth:    130367.16  Turnover: 0.2776  Gross: 1.4002  Gate: 0.8003
Episode 59  Reward:   0.196073  Wealth:    133931.59  Turnover: 0.4736  Gross: 1.4022  Gate: 0.8043
Episode 60  Reward:   0.158974  Wealth:    130201.72  Turnover: 0.5072  Gross: 1.3964  Gate: 0.7928
Episode 61  Reward:   0.210361  Wealth:    136716.08  Turnover: 0.4282  Gross: 1.4013  Gate: 0.8026
Episode     61  AvgReward:   0.138897  Noise: 0.0370
TRAIN STAGE COMPLETE
Fine-tuning complete. Selected 1 pass(es); final agent saved.

============================================================
TRAINING COMPLETE

============================================================
Warning messages:
1: Seed 20260842 wrote vine_observation_mode=''; expected 'zero'. Marking training invalid. 
2: Seed 20260846 wrote vine_observation_mode=''; expected 'zero'. Marking training invalid. 
3: Seed 20260850 wrote vine_observation_mode=''; expected 'zero'. Marking training invalid. 

No-holdout gate passed for 0/3 seeds.
Error: Worker shard failed closed: 0/3 assigned seeds passed training, sanity, and behavior gates.
Execution halted
