episode,step,reward,leverage_gate,gross_exposure,turnover,gate_gross_error,position_limit_violation,at_position_cap,direction_entropy,normalized_direction_entropy,effective_positions,long_hhi,short_hhi,dominant_long_asset
1,1,-0.0035453993989437507,0.8055428862571716,1.4027714729309082,1.1007501355239324,2.9802322387695312e-08,0.0,False,1.0875248908996582,0.9446121181003152,5.189103603363037,0.24865782260894775,0.5009534955024719,2
1,2,0.03109283973852191,0.8257215023040771,1.4128607511520386,0.29673172107764656,0.0,0.0,False,1.115262746810913,0.9687049136244862,5.691959381103516,0.22626125812530518,0.5018013715744019,2
1,3,0.008056603361733857,0.8187659978866577,1.4093830585479736,0.6041024465646063,5.960464477539063e-08,0.0,False,1.0292446613311768,0.8939905538890227,4.565680980682373,0.28532785177230835,0.5005509853363037,2
1,4,0.010387157441386222,0.8119567036628723,1.4059783220291138,0.28536193179232733,2.9802322387695312e-08,0.0,False,1.0157053470611572,0.8822304549365758,4.38712739944458,0.2971169054508209,0.50001060962677,2
1,5,0.040259405431849526,0.8065197467803955,1.4032598733901978,0.3826259864228112,0.0,0.0,False,1.0434813499450684,0.9063563845001986,4.6382551193237305,0.27992087602615356,0.5008310675621033,3
1,6,-0.005266721277888966,0.7955119013786316,1.3977558612823486,0.4142581330878393,8.940696716308594e-08,0.0,False,0.980366587638855,0.851535598507751,4.073349475860596,0.3199399411678314,0.5001648664474487,2
1,7,0.035135700994555034,0.8192183971405029,1.409609317779541,1.03300425942455,1.1920928955078125e-07,0.0,False,1.0803685188293457,0.9383961722991486,5.167248249053955,0.2502821087837219,0.506354570388794,7
1,8,0.041442691056554654,0.7743892073631287,1.3871946334838867,0.4503881335258484,2.9802322387695312e-08,0.0,False,1.0189409255981445,0.8850408427453322,4.193088531494141,0.30894458293914795,0.5010284185409546,7
1,9,0.013589200641453324,0.7464993000030518,1.3732495307922363,0.2035142598407608,1.1920928955078125e-07,0.0,False,0.9663670063018799,0.8393757166605429,3.742826461791992,0.34538328647613525,0.5030597448348999,7
1,10,0.010472799313409852,0.7478371858596802,1.3739185333251953,0.8071359555636134,5.960464477539063e-08,0.0,False,1.0373469591140747,0.9010281203247218,4.302386283874512,0.2990102767944336,0.5000355243682861,7
1,11,0.033842643170481454,0.7429658770561218,1.3714828491210938,0.08712213167122429,8.940696716308594e-08,0.0,False,1.0317356586456299,0.8961542066652283,4.344387531280518,0.29567527770996094,0.5000036954879761,7
1,12,-0.001699764917554825,0.7455536723136902,1.3727768659591675,0.5146498371447836,2.9802322387695312e-08,0.0,False,1.024232268333435,0.8896368446489232,4.538890361785889,0.28263890743255615,0.5001062154769897,7
1,13,0.010035329022045755,0.765036940574646,1.3825184106826782,0.4528240923370634,5.960464477539063e-08,0.0,False,1.0310163497924805,0.8955294229338144,4.652543067932129,0.27639666199684143,0.5080847144126892,2
1,14,0.02280213849801025,0.7758446931838989,1.3879222869873047,0.5530788084225995,5.960464477539063e-08,0.0,False,0.9733566045761108,0.8454468045829809,4.023318290710449,0.3226357102394104,0.5013089179992676,2
1,15,0.020054614264524307,0.7486326694488525,1.3743160963058472,0.9200362217213427,2.384185791015625e-07,0.0,False,0.9328039288520813,0.810223197996265,3.4728965759277344,0.3734453320503235,0.5007333159446716,2
1,16,-0.017739605201601987,0.8046219348907471,1.402310848236084,0.3939359539321491,1.1920928955078125e-07,0.0,False,1.0198017358779907,0.8857885330543378,4.150820732116699,0.3142692744731903,0.5025819540023804,2
1,17,0.021998000628908627,0.803297758102417,1.401648998260498,0.550573049911431,1.1920928955078125e-07,0.0,False,1.0302972793579102,0.8949048462901471,4.157562255859375,0.31371793150901794,0.5000334978103638,2
1,18,-0.01340494841447416,0.7919865846633911,1.3959932327270508,1.4181640105588094,5.960464477539063e-08,0.0,False,1.0191235542297363,0.8851994719592079,4.492783546447754,0.2881568372249603,0.5152738690376282,6
1,19,-0.016830551331821514,0.7993505597114563,1.3996753692626953,0.4288305171898432,8.940696716308594e-08,0.0,False,1.0421141386032104,0.9051688398174698,4.779697895050049,0.2705572843551636,0.5103410482406616,2
1,20,-0.05641539671456083,0.8124843835830688,1.4062420129776,0.7092536070517131,1.7881393432617188e-07,0.0,False,0.9891833662986755,0.8591937551479958,4.016254901885986,0.3258970379829407,0.5003184676170349,2
1,21,0.0041360857949343174,0.7857191562652588,1.3928594589233398,0.845084098832948,1.1920928955078125e-07,0.0,False,1.017448902130127,0.8837448876272718,4.129621505737305,0.31450527906417847,0.5078153610229492,2
1,22,-0.0031236137866255346,0.8042516708374023,1.4021258354187012,0.7781516036817006,0.0,0.0,False,1.013683557510376,0.8804743508456279,4.098159313201904,0.31853464245796204,0.5000269412994385,2
1,23,0.017806358562698372,0.806867778301239,1.403433918952942,1.142884929265295,2.9802322387695312e-08,0.0,False,1.0510982275009155,0.912972320283873,4.8588056564331055,0.26645082235336304,0.5058942437171936,6
1,24,0.0007107335397477832,0.8045802116394043,1.4022901058197021,0.6813199105007306,0.0,0.0,False,0.9761334657669067,0.8478587555673288,3.844057559967041,0.3405425250530243,0.5000048875808716,2
2,1,0.04384915418796263,0.7908491492271423,1.3954246044158936,1.2469256360616003,2.9802322387695312e-08,0.0,False,1.0073555707931519,0.8749779314199329,4.069442272186279,0.3199339210987091,0.5000141859054565,2
2,2,0.041771902995766955,0.7873525619506836,1.3936762809753418,0.09807753137179792,0.0,0.0,False,1.0157291889190674,0.8822511637112332,4.118016242980957,0.315755158662796,0.5000061392784119,2
2,3,0.023061206821654162,0.7826759815216064,1.3913379907608032,0.5957716426679067,0.0,0.0,False,0.9915909171104431,0.8612849272129005,4.008640766143799,0.32438090443611145,0.5006841421127319,2
2,4,0.014845455524533757,0.7882360816001892,1.3941179513931274,0.621448699917112,8.940696716308594e-08,0.0,False,1.0162937641143799,0.8827415474951206,4.115344524383545,0.3159671127796173,0.5023531317710876,2
2,5,0.07951815915398168,0.7859422564506531,1.3929712772369385,0.05631618840353814,1.4901161193847656e-07,0.0,False,1.0152347087860107,0.8818216637248386,4.078943252563477,0.31879496574401855,0.5005380511283875,2
2,6,-0.09465694532514578,0.7736254334449768,1.386812686920166,0.7341669691460473,2.9802322387695312e-08,0.0,False,0.9774430394172668,0.8489962367873234,3.8756656646728516,0.3352954089641571,0.500004768371582,2
2,7,0.07875255307381976,0.7590874433517456,1.3795437812805176,0.6538767346314022,5.960464477539063e-08,0.0,False,1.017703890800476,0.8839663679722327,4.066115379333496,0.3179011642932892,0.5009721517562866,2
2,8,-0.0073010521537174924,0.7470067739486694,1.3735034465789795,0.8582794261830193,5.960464477539063e-08,0.0,False,1.0418541431427002,0.9049430106298307,4.437000274658203,0.28949999809265137,0.5003827810287476,1
2,9,0.025255997726036344,0.7772327661514282,1.3886163234710693,0.8220525799053057,5.960464477539063e-08,0.0,False,0.9900959730148315,0.8599864352699447,3.9026193618774414,0.33316150307655334,0.5000669956207275,2
2,10,0.0030592670600789887,0.7906093001365662,1.3953046798706055,0.19630509614944458,2.9802322387695312e-08,0.0,False,0.9889267086982727,0.8589708251888089,4.012712478637695,0.3246136009693146,0.5006985068321228,2
2,11,-0.09701517992501266,0.7874329090118408,1.3937163352966309,0.28588759154081345,1.1920928955078125e-07,0.0,False,1.0203030109405518,0.8862239350415096,4.214458465576172,0.30817967653274536,0.5016967058181763,2
2,12,0.05246716128343162,0.7564225196838379,1.378211259841919,0.6203475211347853,0.0,0.0,False,0.9929988980293274,0.8625078839002935,3.969642162322998,0.3257223665714264,0.5015437602996826,2
2,13,-0.02246687284810766,0.8011611104011536,1.400580644607544,0.6817253519381796,8.940696716308594e-08,0.0,False,1.0044984817504883,0.8724962954088629,4.3951802253723145,0.2958424389362335,0.5008893013000488,2
2,14,0.006791316757716726,0.7894551753997803,1.3947277069091797,0.5549131567989076,1.1920928955078125e-07,0.0,False,1.0328454971313477,0.8971182001255305,4.606906414031982,0.2808372378349304,0.5036657452583313,7
2,15,-0.016524871623571635,0.7779894471168518,1.3889946937561035,0.6534078855599676,2.9802322387695312e-08,0.0,False,0.9798927307128906,0.851124011611435,4.075275897979736,0.31847792863845825,0.5024012327194214,2
2,16,0.00889355310718852,0.7694548964500427,1.3847274780273438,0.4884907832103116,2.9802322387695312e-08,0.0,False,1.012399435043335,0.8793589762425801,4.162201404571533,0.31085604429244995,0.5062389373779297,2
2,17,0.023682080142041304,0.7912151217460632,1.3956074714660645,0.19247084430285874,8.940696716308594e-08,0.0,False,0.9746904373168945,0.8466053569811894,3.955517292022705,0.32936859130859375,0.5073238611221313,2
2,18,-0.010319657244431794,0.7969229817390442,1.3984614610671997,0.33789039935384474,2.9802322387695312e-08,0.0,False,0.9999467134475708,0.8685426796951444,4.103437900543213,0.3174624443054199,0.5048515796661377,2
2,19,-0.01103354209739466,0.7883402705192566,1.3941699266433716,0.3874809263007982,2.086162567138672e-07,0.0,False,0.9989416599273682,0.8676697012994615,3.998431444168091,0.3255916237831116,0.5030879974365234,2
2,20,0.03632325506861803,0.7872921228408813,1.393646001815796,0.582752138376236,5.960464477539063e-08,0.0,False,1.0143837928771973,0.8810825675573158,4.266562461853027,0.3038235902786255,0.5171318650245667,2
2,21,-0.01798711135339754,0.7871197462081909,1.3935599327087402,0.7762751691043377,5.960464477539063e-08,0.0,False,0.9886704683303833,0.8587482576331784,4.340200901031494,0.29849207401275635,0.5144830942153931,1
2,22,0.019330998566589888,0.8006537556648254,1.4003269672393799,0.4854815187198775,8.940696716308594e-08,0.0,False,0.9770077466964722,0.8486181463340159,4.15275764465332,0.31341031193733215,0.5182084441184998,2
2,23,-0.009709235305370814,0.8177363872528076,1.4088680744171143,0.29453606211713373,1.1920928955078125e-07,0.0,False,0.9629499912261963,0.8364077350766437,4.021462440490723,0.3257526159286499,0.503004252910614,2
2,24,0.02581463105568339,0.7999695539474487,1.3999848365783691,0.31307338071720936,5.960464477539063e-08,0.0,False,0.9720725417137146,0.8443314817518698,4.162827491760254,0.3129338324069977,0.5051548480987549,1
3,1,-0.01283705663325352,0.813301682472229,1.4066507816314697,1.3113646331642355,5.960464477539063e-08,0.0,False,1.004488468170166,0.8724875977235067,4.387150287628174,0.29702866077423096,0.5060047507286072,2
3,2,-0.007597064478456207,0.8141582608222961,1.4070791006088257,0.15312910079956055,2.9802322387695312e-08,0.0,False,0.9897717833518982,0.8597048477065405,4.3196845054626465,0.30192819237709045,0.5067005157470703,2
3,3,0.009805091294477222,0.8210586309432983,1.410529375076294,0.17600971194250242,5.960464477539063e-08,0.0,False,0.988020122051239,0.858183374032461,4.253734111785889,0.30733421444892883,0.5049551725387573,1
3,4,-0.009173496882130525,0.8361250758171082,1.418062686920166,1.1196574653897966,1.4901161193847656e-07,0.0,False,1.024095892906189,0.889518390457883,4.309718608856201,0.30388280749320984,0.5125250816345215,1
3,5,-0.01249990362582217,0.8461326956748962,1.42306649684906,0.5874609638537681,1.4901161193847656e-07,0.0,False,1.0059046745300293,0.8737176989381565,4.225257396697998,0.31096383929252625,0.5107028484344482,1
3,6,0.04901761271611304,0.8295193314552307,1.414759635925293,0.41671008829559586,2.9802322387695312e-08,0.0,False,0.9961639642715454,0.8652570255080007,4.220608711242676,0.31041449308395386,0.5050308704376221,1
3,7,0.03396830081204264,0.8400358557701111,1.4200180768966675,0.9787342495151927,1.4901161193847656e-07,0.0,False,1.032423496246338,0.8967516548140945,4.294753551483154,0.3054654598236084,0.5050914883613586,1
3,8,0.02413149916066735,0.8249674439430237,1.4124836921691895,0.7157014374222073,2.9802322387695312e-08,0.0,False,0.99175626039505,0.8614285425651497,3.973684549331665,0.3304371237754822,0.5004781484603882,1
3,9,-0.007382839357440347,0.8061103820800781,1.4030553102493286,0.4971167934792383,1.1920928955078125e-07,0.0,False,0.9338873624801636,0.811164256488634,3.5611982345581055,0.368831604719162,0.5001020431518555,1
3,10,-0.0724803088211749,0.7953904867172241,1.3976954221725464,0.2165023514202663,1.7881393432617188e-07,0.0,False,0.9304258823394775,0.8081576530399988,3.561962604522705,0.36783653497695923,0.5002620220184326,2
3,11,-0.028476619538030386,0.762818455696106,1.3814091682434082,0.4548775319542204,5.960464477539063e-08,0.0,False,0.969861626625061,0.842411105305952,3.7515947818756104,0.34594565629959106,0.5000908970832825,2
3,12,0.0333162723940274,0.7887377142906189,1.3943688869476318,0.8261538435305869,2.9802322387695312e-08,0.0,False,1.0133763551712036,0.8802075182841672,4.49616813659668,0.2879851460456848,0.505949079990387,1
3,13,-0.06465849209697772,0.7661034464836121,1.3830516338348389,0.8650658641542707,8.940696716308594e-08,0.0,False,1.0480164289474487,0.9102955040716568,4.578927040100098,0.28096699714660645,0.5138302445411682,1
3,14,0.014332374186028398,0.7899851202964783,1.3949925899505615,1.2447880623596055,2.9802322387695312e-08,0.0,False,0.927249014377594,0.8053982605888362,3.499295711517334,0.3741818368434906,0.5008971095085144,2
3,15,0.018457619582827146,0.8145993947982788,1.4072996377944946,0.34186293610504703,5.960464477539063e-08,0.0,False,0.9135847091674805,0.793529595885248,3.44663667678833,0.382251501083374,0.5020179748535156,2
3,16,0.024057154577510585,0.8125651478767395,1.4062827825546265,0.07578061521053314,2.086162567138672e-07,0.0,False,0.9253845810890198,0.8037788344106273,3.5191221237182617,0.3738490343093872,0.504098653793335,2
3,17,0.011927094393011522,0.7961575984954834,1.3980789184570312,0.4050528066498893,1.1920928955078125e-07,0.0,False,0.9373196363449097,0.814145491688314,3.567488670349121,0.36722245812416077,0.5034562349319458,2
3,18,-0.07826260694286573,0.772051215171814,1.3860255479812622,0.7863955593534878,5.960464477539063e-08,0.0,False,1.0161007642745972,0.8825739099642689,4.041572093963623,0.3208392858505249,0.5014937520027161,2
3,19,0.029309642699133512,0.7792496085166931,1.389624834060669,0.5709606558084488,2.9802322387695312e-08,0.0,False,1.0195791721343994,0.8855952166429109,4.061622142791748,0.31974396109580994,0.5001296997070312,2
3,20,-0.04421412946341619,0.8322196006774902,1.4161098003387451,0.6652311001505172,0.0,0.0,False,0.9889497756958008,0.8589908609282899,4.134984493255615,0.3171398937702179,0.5115365982055664,2
3,21,-0.01559554869718582,0.8187860250473022,1.409393072128296,0.4172386090670315,5.960464477539063e-08,0.0,False,0.9813559055328369,0.85239490911216,3.9437255859375,0.33262091875076294,0.5000560879707336,2
3,22,-0.004578058891729745,0.8090673685073853,1.4045337438583374,0.3744841324431555,5.960464477539063e-08,0.0,False,0.9953066110610962,0.8645123379713203,3.9759063720703125,0.3290576934814453,0.5018700361251831,2
3,23,0.008545414898889069,0.8188654184341431,1.4094325304031372,0.17032317391463697,1.7881393432617188e-07,0.0,False,0.9625022411346436,0.8360188242885777,3.741511344909668,0.35138434171676636,0.5000506043434143,2
3,24,-0.039087657680996646,0.8036133050918579,1.4018067121505737,0.10608050759349552,5.960464477539063e-08,0.0,False,0.939918577671051,0.816402903441781,3.564673900604248,0.3681955933570862,0.5019501447677612,2
4,1,-0.030936489247146266,0.7075061202049255,1.3537532091140747,1.2531434382711137,1.4901161193847656e-07,0.0,False,1.0017613172531128,0.8701188245343195,4.001481533050537,0.31933239102363586,0.5019797682762146,2
4,2,0.04546639705524706,0.7429682612419128,1.3714841604232788,0.3014795035123825,2.9802322387695312e-08,0.0,False,1.0205488204956055,0.8864374425082275,4.128078937530518,0.3116774559020996,0.5054702162742615,2
4,3,-0.02065377471851852,0.7195469737052917,1.3597735166549683,0.442952672285693,2.9802322387695312e-08,0.0,False,1.0100280046463013,0.8772991779712813,4.1719651222229,0.3066501319408417,0.5035644173622131,2
4,4,0.07326901929969715,0.7095164060592651,1.3547581434249878,0.4385569478784289,5.960464477539063e-08,0.0,False,1.0435614585876465,0.9064259659830475,4.4639787673950195,0.28512412309646606,0.505536675453186,2
4,5,-0.017435267968809502,0.6682295799255371,1.3341147899627686,0.5090772828885488,0.0,0.0,False,1.1089668273925781,0.9632363475007053,5.511419296264648,0.22680702805519104,0.5025221705436707,1
4,6,-0.01871003461945717,0.6830773949623108,1.341538667678833,1.1439115234783719,2.9802322387695312e-08,0.0,False,1.005170464515686,0.8730799722225818,4.012158393859863,0.3165636360645294,0.5024974942207336,2
4,7,-0.02891423538614872,0.6985570192337036,1.3492785692214966,0.6723654163735253,5.960464477539063e-08,0.0,False,1.0471733808517456,0.909563241799771,4.474921703338623,0.28379493951797485,0.5003678798675537,3
4,8,0.059722238410084325,0.7163717746734619,1.3581857681274414,0.2243732927100999,1.1920928955078125e-07,0.0,False,1.0719821453094482,0.9311118608134066,4.857377052307129,0.261625736951828,0.500045895576477,3
4,9,0.042530156629196215,0.6716365814208984,1.3358182907104492,0.7165589204856329,0.0,0.0,False,1.0500450134277344,0.9120575101633821,4.4498796463012695,0.2836163640022278,0.5017439126968384,7
4,10,-0.042265813624888376,0.6596999168395996,1.3298500776290894,0.9149863379342215,1.1920928955078125e-07,0.0,False,1.062962532043457,0.9232775242727639,4.555174827575684,0.2759058177471161,0.5081546306610107,7
4,11,0.00937307508976756,0.7121666669845581,1.3560833930969238,1.5140864657504218,5.960464477539063e-08,0.0,False,1.0466219186782837,0.9090842478419453,4.659990310668945,0.27262791991233826,0.5135759115219116,2
4,12,-0.05595187116576369,0.745411217212677,1.3727056980133057,0.8655532790081841,8.940696716308594e-08,0.0,False,1.0302119255065918,0.8948307088768735,4.180544853210449,0.30778369307518005,0.505387008190155,2
4,13,-0.024654271123960285,0.7320721745491028,1.366036057472229,0.7572521684425216,2.9802322387695312e-08,0.0,False,0.9420217275619507,0.8182296762262473,3.556215286254883,0.3629453778266907,0.5008664131164551,2
4,14,0.006538264184773761,0.7621236443519592,1.3810617923736572,0.1600194999149868,2.9802322387695312e-08,0.0,False,0.8850140571594238,0.7687134428622938,3.2586328983306885,0.39994776248931885,0.5080982446670532,2
4,15,0.0047865113300466396,0.81283038854599,1.4064152240753174,0.3888297591890607,2.9802322387695312e-08,0.0,False,0.876805305480957,0.7615834117477495,3.240321636199951,0.4073632061481476,0.5010784268379211,6
4,16,-3.779634948796861e-05,0.8297427296638489,1.4148714542388916,0.060528374144009384,8.940696716308594e-08,0.0,False,0.9031527042388916,0.7844684715339006,3.3945093154907227,0.3896973729133606,0.501861035823822,6
4,17,-0.013158912332217252,0.8331032395362854,1.4165515899658203,0.08036763433899169,2.9802322387695312e-08,0.0,False,0.9335627555847168,0.8108823065216735,3.604588747024536,0.3663860261440277,0.5022356510162354,6
4,18,0.007669267554227877,0.8170472979545593,1.408523678779602,0.28656747777547165,2.9802322387695312e-08,0.0,False,0.9853509664535522,0.8558649749376279,4.176318645477295,0.31296271085739136,0.5074406266212463,2
4,19,0.040057720726532985,0.8263776898384094,1.4131889343261719,0.4814379247171536,8.940696716308594e-08,0.0,False,0.9335364699363708,0.8108594750976137,3.6682233810424805,0.35922741889953613,0.5024410486221313,2
4,20,0.00588486912135948,0.8143725991249084,1.407186508178711,0.2990575752088001,2.086162567138672e-07,0.0,False,0.9658380150794983,0.8389162407228318,4.063765525817871,0.32204166054725647,0.5007058382034302,2
4,21,0.00351304875010017,0.7981818318367004,1.3990910053253174,0.5131211440478054,8.940696716308594e-08,0.0,False,0.9604066610336304,0.834198626540065,3.9008994102478027,0.3347886800765991,0.5039229393005371,2
4,22,0.0007018397636132396,0.7968311905860901,1.3984155654907227,0.5197158966745649,2.9802322387695312e-08,0.0,False,0.9868948459625244,0.8572059716405682,3.9734582901000977,0.3284265100955963,0.5001368522644043,2
4,23,0.004137048652606581,0.8028580546379089,1.4014290571212769,0.4305793068238666,2.9802322387695312e-08,0.0,False,0.9798244833946228,0.8510647327439782,3.905935525894165,0.33468112349510193,0.5041537284851074,2
4,24,-0.09649585819459779,0.8125082850456238,1.4062542915344238,0.25784625325884136,1.4901161193847656e-07,0.0,False,0.9597592353820801,0.8336362797642433,3.7799463272094727,0.34689465165138245,0.5097841620445251,2
5,1,0.035862035775897846,0.7878589034080505,1.3939294815063477,1.26245612810765,2.9802322387695312e-08,0.0,False,1.0069098472595215,0.8745907808777127,4.236727237701416,0.30630338191986084,0.5095903873443604,2
5,2,0.014580015920912973,0.7993776202201843,1.399688720703125,0.16255518900496618,8.940696716308594e-08,0.0,False,1.0021096467971802,0.8704213797320641,4.177317142486572,0.31168121099472046,0.5079784393310547,2
5,3,-0.10069017879767685,0.787390947341919,1.39369535446167,0.059342228940555075,1.1920928955078125e-07,0.0,False,1.0129142999649048,0.8798061822313068,4.22630500793457,0.30719736218452454,0.5045658349990845,2
5,4,0.032872566234912574,0.7788869738578796,1.3894433975219727,0.3086704611778259,8.940696716308594e-08,0.0,False,0.9555470943450928,0.8299776605455196,3.7164723873138428,0.3504457473754883,0.5075950622558594,2
5,5,-0.041514256425383665,0.738614022731781,1.369307041168213,0.8317158786313874,2.9802322387695312e-08,0.0,False,1.0773639678955078,0.9357864525168225,5.110805988311768,0.24926365911960602,0.5001178979873657,2
5,6,0.03238456709854311,0.7493655681610107,1.3746826648712158,0.7463939966900008,1.1920928955078125e-07,0.0,False,0.9819164872169495,0.8528818241762922,3.923274278640747,0.3292049169540405,0.5006425976753235,2
5,7,-0.02185482141400021,0.7300707101821899,1.3650354146957397,0.46396132984331684,5.960464477539063e-08,0.0,False,1.0482152700424194,0.9104682152522996,4.551275730133057,0.28081196546554565,0.5023206472396851,3
5,8,0.013739584695882254,0.7434875965118408,1.37174391746521,0.21937636179583417,1.1920928955078125e-07,0.0,False,1.0058207511901855,0.8736448040513625,4.10591459274292,0.3135007321834564,0.5039854049682617,3
5,9,-0.022365572479027693,0.7324269413948059,1.3662135601043701,0.8671546738062585,8.940696716308594e-08,0.0,False,1.066565752029419,0.9264072413867375,4.695092678070068,0.2720109820365906,0.5012534260749817,7
5,10,0.03066771545120783,0.7197946906089783,1.3598973751068115,0.8787998620952878,2.9802322387695312e-08,0.0,False,1.0520738363265991,0.913819723342854,4.494719982147217,0.2838626205921173,0.501120924949646,2
5,11,0.007288218248980046,0.7495443224906921,1.374772071838379,0.630602162863527,8.940696716308594e-08,0.0,False,0.9684913158416748,0.8412208684825176,3.830833911895752,0.3372855484485626,0.5077999830245972,2
5,12,-0.0004788472063869042,0.7503693699836731,1.3751847743988037,0.4140439938221659,8.940696716308594e-08,0.0,False,1.001070499420166,0.8695187877886212,3.99257755279541,0.32335516810417175,0.5004115700721741,7
5,13,0.00656667529421371,0.7514642477035522,1.375732183456421,0.21542374151093618,5.960464477539063e-08,0.0,False,0.9574451446533203,0.8316262860959955,3.730376720428467,0.3468947410583496,0.5066425800323486,7
5,14,-0.04407602342488459,0.7579903602600098,1.3789951801300049,0.17668911708252774,0.0,0.0,False,0.9396985769271851,0.8162118132236298,3.585047483444214,0.3619442582130432,0.5100762248039246,2
5,15,-0.020145481848626946,0.737907350063324,1.3689537048339844,0.06438500753470833,2.9802322387695312e-08,0.0,False,0.9314854145050049,0.8090779509857738,3.511911392211914,0.36786913871765137,0.514438271522522,2
5,16,0.07307611332719115,0.7096287608146667,1.3548144102096558,0.06725304786648084,2.9802322387695312e-08,0.0,False,0.9230956435203552,0.8017906884996431,3.4495227336883545,0.3721471130847931,0.514914870262146,2
5,17,0.037675694489673416,0.7687497735023499,1.3843748569488525,0.5415323057344981,2.9802322387695312e-08,0.0,False,0.9971702694892883,0.866131091114353,4.1377716064453125,0.31281328201293945,0.5026423931121826,2
5,18,-0.007436067920519381,0.7593288421630859,1.379664421081543,0.8296992065651076,0.0,0.0,False,0.9958174824714661,0.8649560752402919,3.9264743328094482,0.32958003878593445,0.5048430562019348,2
5,19,0.015363021755257795,0.7869976758956909,1.3934988975524902,0.5316177138260432,5.960464477539063e-08,0.0,False,1.0286128520965576,0.8934417713606014,4.193629741668701,0.3097136318683624,0.5029721260070801,2
5,20,0.04596677257519991,0.7858473658561707,1.3929235935211182,0.07821818334715713,8.940696716308594e-08,0.0,False,1.0273321866989136,0.892329399529879,4.135681629180908,0.3142410218715668,0.5001116394996643,2
5,21,0.028780055810781836,0.8033927083015442,1.4016964435577393,0.24741641325610034,8.940696716308594e-08,0.0,False,1.0363069772720337,0.9001248035741658,4.307096004486084,0.3022821545600891,0.5023452639579773,2
5,22,-0.05538988361937995,0.8046277761459351,1.4023139476776123,0.599596144897597,5.960464477539063e-08,0.0,False,1.0391149520874023,0.9025637795094416,4.520663261413574,0.2872520983219147,0.508056104183197,2
5,23,0.010046892580861616,0.7843520045280457,1.3921759128570557,0.740091581429754,8.940696716308594e-08,0.0,False,1.0298302173614502,0.8944991613946085,4.193447113037109,0.30953383445739746,0.5034770965576172,2
5,24,0.018971335690539038,0.7845908403396606,1.3922953605651855,0.5247296627078737,5.960464477539063e-08,0.0,False,0.9987715482711792,0.867521944192281,3.9460973739624023,0.3298216164112091,0.5027501583099365,2
6,1,0.02347629540212748,0.7637311220169067,1.3818656206130981,1.3206410418663705,5.960464477539063e-08,0.0,False,0.9740934371948242,0.846086809263768,3.8648407459259033,0.33529898524284363,0.5080605745315552,2
6,2,0.005262332002148254,0.7812977433204651,1.3906488418579102,0.161394898380552,2.9802322387695312e-08,0.0,False,1.005454421043396,0.8733266137287514,4.063806056976318,0.3194124102592468,0.5113390684127808,2
6,3,0.03629024546784808,0.7972801923751831,1.3986401557922363,0.21555875667503915,5.960464477539063e-08,0.0,False,0.9534426331520081,0.8281497487784472,3.686134099960327,0.3547924757003784,0.5126695036888123,2
6,4,-0.10468517281134496,0.8075137734413147,1.403756856918335,0.06046795525721127,2.9802322387695312e-08,0.0,False,0.9356902241706848,0.8127302022562903,3.5801475048065186,0.3666244149208069,0.510671079158783,2
6,5,-0.12069875311354417,0.7951867580413818,1.3975934982299805,0.421765756394182,1.1920928955078125e-07,0.0,False,0.9125113487243652,0.7925972868501716,3.432159185409546,0.3821084201335907,0.5054196715354919,2
6,6,-0.029516154093493823,0.7857112884521484,1.3928557634353638,0.11355966755322044,1.1920928955078125e-07,0.0,False,0.9266461133956909,0.8048745874496871,3.5187671184539795,0.37150874733924866,0.5067011713981628,3
6,7,-0.04975233433195739,0.7777256965637207,1.3888628482818604,0.4127583961401666,0.0,0.0,False,0.9649980664253235,0.8381866705916514,3.7424261569976807,0.3479060232639313,0.5046918988227844,3
6,8,-0.0033154946613859716,0.7792289853096008,1.389614462852478,0.37247467041015625,2.9802322387695312e-08,0.0,False,0.9842032194137573,0.8548680545256205,3.8709137439727783,0.33609387278556824,0.50224769115448,3
6,9,0.021297786144671496,0.8039966225624084,1.4019984006881714,0.3434524280684334,8.940696716308594e-08,0.0,False,1.053684949874878,0.915219118790328,4.738327503204346,0.27338093519210815,0.507551908493042,3
6,10,-0.015695778737274242,0.798556387424469,1.399278163909912,0.40544912431921276,2.9802322387695312e-08,0.0,False,0.9531167149543762,0.8278666598288804,3.7243881225585938,0.35135963559150696,0.5034375190734863,2
6,11,0.055203751973491685,0.812775731086731,1.4063878059387207,0.5343979032976287,5.960464477539063e-08,0.0,False,0.9649388194084167,0.8381352092866278,3.98836088180542,0.3282734155654907,0.5011471509933472,2
6,12,0.0291554794240891,0.8117480278015137,1.4058740139007568,0.38197530007788116,0.0,0.0,False,0.9369539618492126,0.813827870857006,3.7356319427490234,0.35131949186325073,0.5028594732284546,2
6,13,0.046313970330618695,0.8065036535263062,1.4032518863677979,0.11694012901612699,5.960464477539063e-08,0.0,False,0.9086592197418213,0.7892513701287748,3.481898069381714,0.3775269389152527,0.5022119879722595,2
6,14,0.04904795376229778,0.8003740906715393,1.4001870155334473,0.33317589919481966,2.9802322387695312e-08,0.0,False,0.9356352686882019,0.812682468530705,3.632237434387207,0.3607543110847473,0.5042617321014404,2
6,15,0.019170476412278772,0.7775776982307434,1.3887889385223389,0.34395040305597446,8.940696716308594e-08,0.0,False,0.9327202439308167,0.8101505101972174,3.5355255603790283,0.3691405653953552,0.500724196434021,2
6,16,0.053907374380443115,0.7893748879432678,1.3946874141693115,0.37592001365763794,2.9802322387695312e-08,0.0,False,0.9651807546615601,0.8383453515774637,3.759892225265503,0.3471395671367645,0.5051365494728088,2
6,17,0.026465055986403023,0.7770090103149414,1.3885045051574707,0.34283294422285904,0.0,0.0,False,0.9407113194465637,0.8170914701991397,3.565423011779785,0.3658456802368164,0.5022164583206177,2
6,18,-0.04174635699672885,0.7599881887435913,1.3799941539764404,0.3752361567957061,5.960464477539063e-08,0.0,False,0.904461681842804,0.7856054350345287,3.3583998680114746,0.3875894546508789,0.5038433074951172,2
6,19,0.024591486774957632,0.7804550528526306,1.3902275562286377,0.21378608580146521,2.9802322387695312e-08,0.0,False,0.9670041799545288,0.839929158663262,3.7103607654571533,0.3512170910835266,0.5058985352516174,2
6,20,-0.12002643488535036,0.7897888422012329,1.3948944807052612,0.35320091992616653,5.960464477539063e-08,0.0,False,1.0229079723358154,0.8884865757605778,4.1385345458984375,0.3142904043197632,0.5000590085983276,2
6,21,0.09410587547547122,0.778473436832428,1.389236569404602,0.3037006514413017,1.4901161193847656e-07,0.0,False,1.0355651378631592,0.8994804500507007,4.161733627319336,0.311611145734787,0.5026781558990479,2
6,22,0.044159708653025355,0.7930442690849304,1.3965221643447876,0.7222446777990887,2.9802322387695312e-08,0.0,False,0.9846627116203308,0.8552671643852053,3.8329687118530273,0.3406676650047302,0.5005394220352173,2
6,23,-0.0073942849990101455,0.8011602759361267,1.4005801677703857,0.3084014398711069,2.9802322387695312e-08,0.0,False,1.0296722650527954,0.8943619657625033,4.1531572341918945,0.3139042854309082,0.5005596280097961,2
6,24,-0.058706804008549024,0.7939140796661377,1.3969569206237793,0.12751497754028862,1.1920928955078125e-07,0.0,False,1.030985713005066,0.8955028121583797,4.150190353393555,0.3136075735092163,0.5017611384391785,2
7,1,-0.007452941105820328,0.7648057341575623,1.3824028968811035,1.3632795746837343,2.9802322387695312e-08,0.0,False,0.9582854509353638,0.8323561668587958,3.682389259338379,0.3528243899345398,0.501197099685669,2
7,2,0.08576438831220896,0.779461681842804,1.3897308111190796,0.3959755588855061,2.9802322387695312e-08,0.0,False,0.9700744152069092,0.8425959311197693,3.7403407096862793,0.34833037853240967,0.5015385150909424,2
7,3,0.011499896036776456,0.7712376713752747,1.3856189250946045,0.6799258227859225,8.940696716308594e-08,0.0,False,1.0811136960983276,0.9390434250510657,5.053893566131592,0.2533532679080963,0.5224827527999878,2
7,4,0.012522162937019611,0.7799412608146667,1.3899705410003662,0.7362546197005682,8.940696716308594e-08,0.0,False,1.0640853643417358,0.9242528040152543,4.808379650115967,0.26792997121810913,0.5050373077392578,2
7,5,-0.01982100235656696,0.7800835371017456,1.3900418281555176,0.680174236851079,5.960464477539063e-08,0.0,False,0.946784496307373,0.8223665645956837,3.6515018939971924,0.35720527172088623,0.5006355047225952,2
7,6,0.010057544986274801,0.7824866771697998,1.3912433385849,0.09955345519951408,0.0,0.0,False,0.9731088876724243,0.8452316404142904,3.8606128692626953,0.3372895419597626,0.5017549991607666,2
7,7,0.027959508028656422,0.7839545011520386,1.391977310180664,0.7485626148326056,5.960464477539063e-08,0.0,False,1.0525004863739014,0.9141903068653482,4.794852256774902,0.2690800130367279,0.5001410245895386,7
7,8,-0.0017780388551969627,0.7799399495124817,1.389970064163208,0.3875666431018284,8.940696716308594e-08,0.0,False,1.013453722000122,0.8802747182579306,4.448101997375488,0.2908255457878113,0.5010790824890137,2
7,9,0.004187073517781235,0.803593635559082,1.401796817779541,0.4091058916279247,0.0,0.0,False,1.0016921758651733,0.870058769087813,4.156247138977051,0.3136308193206787,0.5075695514678955,2
7,10,0.007460954880620575,0.8038777112960815,1.4019389152526855,0.14741430325167526,5.960464477539063e-08,0.0,False,0.9861130118370056,0.8565268791476153,4.0379743576049805,0.32325106859207153,0.5076513290405273,2
7,11,0.03137935936206256,0.7928493618965149,1.3964247703552246,0.13991078308650418,8.940696716308594e-08,0.0,False,1.001093864440918,0.8695390823877854,4.068162441253662,0.3198835551738739,0.5108767747879028,2
7,12,0.019667018750545315,0.7868770956993103,1.3934385776519775,0.2449669986963272,2.9802322387695312e-08,0.0,False,1.0012874603271484,0.8697072376380036,3.9802134037017822,0.32695093750953674,0.5062801837921143,2
7,13,-0.011222550069530214,0.7797708511352539,1.389885425567627,0.08185734493391869,0.0,0.0,False,0.9914667010307312,0.8611770344969355,3.8650455474853516,0.3366538882255554,0.5027047395706177,2
7,14,0.03511966814935669,0.7746646404266357,1.3873323202133179,0.7791402978556496,0.0,0.0,False,0.9672996997833252,0.8401858439251406,3.715291976928711,0.3503846526145935,0.5013505816459656,2
7,15,-0.058514366341296836,0.7820398211479187,1.3910199403762817,0.5915158241987228,2.9802322387695312e-08,0.0,False,0.9672667384147644,0.8401572140441768,3.903045177459717,0.3332805037498474,0.5078292489051819,1
7,16,0.04767356194106866,0.7885444760322571,1.3942723274230957,0.9472340952072824,8.940696716308594e-08,0.0,False,0.9622828960418701,0.8358283035617295,3.6797618865966797,0.3550680875778198,0.5000497102737427,2
7,17,-0.004772970945975698,0.7781607508659363,1.3890804052352905,1.1404524722269604,2.9802322387695312e-08,0.0,False,0.9948177933692932,0.8640877563189069,4.088653087615967,0.3172825574874878,0.5069987177848816,1
7,18,0.04083594955899422,0.7915536761283875,1.3957767486572266,0.2832346452133996,8.940696716308594e-08,0.0,False,0.9232614636421204,0.8019347180273854,3.4885401725769043,0.37550023198127747,0.5014315843582153,1
7,19,0.013634300578642792,0.7861602902412415,1.3930803537368774,0.16984794075999934,2.086162567138672e-07,0.0,False,0.9617437124252319,0.8353599746228523,3.750666379928589,0.3478315770626068,0.5029381513595581,1
7,20,0.00493640655669832,0.7930373549461365,1.3965187072753906,0.1325352436729839,2.9802322387695312e-08,0.0,False,0.9362041354179382,0.8131765798940307,3.554980754852295,0.3683854639530182,0.5002525448799133,1
7,21,0.03310419770842504,0.797704815864563,1.3988524675369263,0.13789147564343043,5.960464477539063e-08,0.0,False,0.8816167712211609,0.7657625977894236,3.2536025047302246,0.40418943762779236,0.5015171766281128,1
7,22,0.03447179595118892,0.7898701429367065,1.3949350118637085,0.4041885776179178,5.960464477539063e-08,0.0,False,0.8995676040649414,0.7813544930886667,3.33781099319458,0.3929564654827118,0.5000455379486084,2
7,23,0.004410738773264069,0.7985936403274536,1.3992968797683716,0.05902291515043806,5.960464477539063e-08,0.0,False,0.9006966352462769,0.7823351571125681,3.3458499908447266,0.3927863836288452,0.5000338554382324,2
7,24,0.011011726734242416,0.7860042452812195,1.3930021524429321,0.42265955678054257,2.9802322387695312e-08,0.0,False,0.9431086778640747,0.8191737892628784,3.5721049308776855,0.36595091223716736,0.5004544854164124,2
8,1,-0.01006324799059604,0.7258238196372986,1.3629119396209717,1.3482173021350587,2.9802322387695312e-08,0.0,False,0.9581833481788635,0.8322674815313255,3.7746565341949463,0.3406670093536377,0.5038337111473083,2
8,2,0.0047317713848638535,0.7354776263237,1.3677386045455933,0.3627965897321701,2.086162567138672e-07,0.0,False,0.951400637626648,0.8263760940009771,3.6843419075012207,0.3501529097557068,0.5025478601455688,3
8,3,-0.029186065012945423,0.7700682878494263,1.3850339651107788,0.42941225000790184,1.7881393432617188e-07,0.0,False,0.9795587658882141,0.8508339334504215,3.9581587314605713,0.32774510979652405,0.500879168510437,3
8,4,-0.004189933333897002,0.7789168953895569,1.389458417892456,0.6503938330071314,2.9802322387695312e-08,0.0,False,1.0361504554748535,0.8999888504685399,4.397688388824463,0.2942254841327667,0.5018836259841919,3
8,5,-0.05468769206444296,0.786689281463623,1.393344759941101,0.40908282995224,1.1920928955078125e-07,0.0,False,1.0565202236175537,0.9176818062725866,4.8028340339660645,0.2686002254486084,0.5061942934989929,3
8,6,-0.016220077293144484,0.7980783581733704,1.3990392684936523,0.3635629905121668,8.940696716308594e-08,0.0,False,1.0440468788146973,0.9068475966350723,4.877808094024658,0.2646106481552124,0.5158295631408691,6
8,7,0.05182460181012717,0.7838592529296875,1.3919296264648438,0.07269995553152905,0.0,0.0,False,1.037503957748413,0.9011644876058408,4.791813850402832,0.26880261301994324,0.5169450640678406,6
8,8,0.06036809401682192,0.7582412362098694,1.3791205883026123,0.47535768044846394,2.9802322387695312e-08,0.0,False,1.0388624668121338,0.9023444735858197,4.373504161834717,0.2946036458015442,0.5010836124420166,7
8,9,0.03792298036854477,0.7137309312820435,1.356865406036377,0.3281901223318917,5.960464477539063e-08,0.0,False,1.046008825302124,0.9085517217016301,4.283185005187988,0.2979307174682617,0.5057554841041565,7
8,10,0.01878357047483216,0.7253230810165405,1.362661600112915,0.4965277420622962,5.960464477539063e-08,0.0,False,1.04495108127594,0.9076329769139544,4.272663593292236,0.29942333698272705,0.5087957978248596,7
8,11,0.020674690232190568,0.7270960211753845,1.3635480403900146,0.4883417103971755,2.9802322387695312e-08,0.0,False,0.9677248597145081,0.8405551331492187,3.702815055847168,0.3476770520210266,0.5011643171310425,7
8,12,-0.003112116270743617,0.7533690929412842,1.3766846656799316,0.13166317343711853,1.1920928955078125e-07,0.0,False,0.9220497012138367,0.8008821945554228,3.439863681793213,0.37755513191223145,0.5018593072891235,7
8,13,0.033224851219124926,0.7562767267227173,1.3781384229660034,0.22566087543964375,5.960464477539063e-08,0.0,False,0.9324265122413635,0.8098953780934383,3.519766330718994,0.36897289752960205,0.5011457204818726,2
8,14,-0.01373263381482286,0.7795777916908264,1.3897888660430908,0.7005790514605386,2.9802322387695312e-08,0.0,False,1.0163874626159668,0.8828229329795242,4.194186687469482,0.30922484397888184,0.5007043480873108,7
8,15,0.0316329219001444,0.7707528471946716,1.3853764533996582,0.5996094612138613,2.9802322387695312e-08,0.0,False,0.9553870558738708,0.8298386528956317,3.646761894226074,0.35692447423934937,0.5000646114349365,2
8,16,-0.0005105084789803387,0.7771283388137817,1.3885642290115356,0.9485870365585602,5.960464477539063e-08,0.0,False,1.0389986038208008,0.9024627206891135,4.376422882080078,0.2955796718597412,0.5028299689292908,2
8,17,0.029203032231288964,0.7664457559585571,1.3832228183746338,0.8442256344216211,5.960464477539063e-08,0.0,False,1.0172038078308105,0.8835320014237937,4.020625114440918,0.32219362258911133,0.5005512237548828,2
8,18,0.018541071723418,0.7747035026550293,1.3873518705368042,0.13596675012792847,1.1920928955078125e-07,0.0,False,1.0292916297912598,0.8940313501750978,4.135507583618164,0.31343981623649597,0.5014846324920654,2
8,19,-0.02741518076252355,0.7713841795921326,1.3856920003890991,0.6214029639959335,8.940696716308594e-08,0.0,False,1.038009524345398,0.9016036171724511,4.1623382568359375,0.31109854578971863,0.5016696453094482,2
8,20,0.024225741085959915,0.7704816460609436,1.3852407932281494,0.9465254577142852,2.9802322387695312e-08,0.0,False,0.9183502793312073,0.7976689175357066,3.4070770740509033,0.38292819261550903,0.500027060508728,2
8,21,-0.08695895073965858,0.7825522422790527,1.3912760019302368,1.1702481859496663,1.1920928955078125e-07,0.0,False,1.03939950466156,0.9028109387349778,4.2147536277771,0.30782395601272583,0.5017899870872498,2
8,22,-0.05194717173982145,0.7512763738632202,1.3756381273269653,0.619476454598563,5.960464477539063e-08,0.0,False,1.0364493131637573,0.9002484349588705,4.135486602783203,0.3118205964565277,0.500154435634613,2
8,23,0.020367525296785798,0.7347235083580017,1.3673617839813232,0.1424116939306259,2.9802322387695312e-08,0.0,False,1.0249547958374023,0.8902644240649159,4.087498664855957,0.3144267201423645,0.5000306367874146,2
8,24,-0.046252904310259337,0.7862238883972168,1.3931118249893188,0.7522232064179013,1.1920928955078125e-07,0.0,False,1.0383470058441162,0.9018967498777266,4.362176895141602,0.29680588841438293,0.5165290236473083,2
9,1,0.022864209343280865,0.8085759878158569,1.4042880535125732,1.378290397780282,5.960464477539063e-08,0.0,False,0.9535658955574036,0.8282568131434259,3.736036539077759,0.35061341524124146,0.5175843238830566,2
9,2,-0.010958427838840603,0.8216844797134399,1.4108421802520752,0.18191967904567724,5.960464477539063e-08,0.0,False,1.004108190536499,0.8721572927677211,4.104405403137207,0.31876975297927856,0.5160357356071472,2
9,3,0.09097914447045319,0.8199080228805542,1.4099541902542114,0.13309978587286814,1.7881393432617188e-07,0.0,False,1.0115580558776855,0.8786281635849204,4.185796737670898,0.3119720220565796,0.5226279497146606,2
9,4,-0.03568869757227429,0.7994301319122314,1.3997149467468262,0.6328997548137393,1.1920928955078125e-07,0.0,False,1.0773472785949707,0.9357719563745623,5.017928123474121,0.25696760416030884,0.5131045579910278,2
9,5,-0.03484607051537928,0.8006357550621033,1.4003177881240845,0.431345733148711,8.940696716308594e-08,0.0,False,1.0605812072753906,0.9212091318599823,4.961925506591797,0.2600189447402954,0.5156999826431274,2
9,6,-0.11134475602429832,0.7831975221633911,1.3915987014770508,0.6129525346415383,5.960464477539063e-08,0.0,False,0.9356329441070557,0.8126804494251759,3.591223955154419,0.36342644691467285,0.5104108452796936,3
9,7,0.03268813301160047,0.7638538479804993,1.3819271326065063,0.38420864513942166,2.086162567138672e-07,0.0,False,0.9612293839454651,0.8349132345815554,3.7118988037109375,0.3497718274593353,0.5038098096847534,3
9,8,-0.0639733440385289,0.7904607057571411,1.3952302932739258,0.6239286320550101,5.960464477539063e-08,0.0,False,1.0494786500930786,0.9115655732213954,4.627930641174316,0.27965760231018066,0.5000205039978027,2
9,9,0.04522562721794109,0.7813411951065063,1.3906705379486084,0.9006891697645187,5.960464477539063e-08,0.0,False,1.0199086666107178,0.8858814119086762,4.273075103759766,0.30330291390419006,0.503878116607666,2
9,10,0.01706171545638511,0.7833619117736816,1.3916809558868408,1.0353833096367973,0.0,0.0,False,1.0434694290161133,0.90634603011287,4.585415840148926,0.2819494307041168,0.5000823736190796,2
9,11,0.07050706312003872,0.7920211553573608,1.3960106372833252,0.5466378437621253,5.960464477539063e-08,0.0,False,0.9740303158760071,0.8460319827828625,3.9923014640808105,0.32641035318374634,0.5019955635070801,2
9,12,0.017848109806301842,0.7873417735099792,1.393670916557312,0.48443782648869915,2.9802322387695312e-08,0.0,False,1.0093917846679688,0.8767465643195486,4.067803859710693,0.3197036385536194,0.5042688846588135,2
9,13,-0.004471491715291419,0.8020933270454407,1.4010467529296875,0.4343380630016327,8.940696716308594e-08,0.0,False,0.8935317993164062,0.7761118596963982,3.3580429553985596,0.3914581537246704,0.506217896938324,7
9,14,0.04112654387174435,0.7776889801025391,1.3888444900512695,0.04912591832024715,0.0,0.0,False,0.8984408378601074,0.7803757963983577,3.3821520805358887,0.3862684965133667,0.5091604590415955,2
9,15,0.03980596288424927,0.7985122799873352,1.3992562294006348,0.09485613235405516,8.940696716308594e-08,0.0,False,0.8942986130714417,0.7767779056613169,3.3370964527130127,0.39368289709091187,0.5059056282043457,7
9,16,0.030227725677692996,0.794650673866272,1.3973253965377808,0.07494708257062094,5.960464477539063e-08,0.0,False,0.8926163911819458,0.7753167462934271,3.316563129425049,0.39586353302001953,0.5053294897079468,2
9,17,0.029273954960213892,0.8080457448959351,1.4040229320526123,0.15767092896359308,5.960464477539063e-08,0.0,False,0.9319238662719727,0.8094587853517234,3.532491683959961,0.3719561994075775,0.5054918527603149,2
9,18,-0.020545182548720644,0.795620858669281,1.397810459136963,0.14491653442382812,2.9802322387695312e-08,0.0,False,0.8784023523330688,0.7629705890181757,3.2357969284057617,0.406233549118042,0.5035334229469299,2
9,19,0.03448102689658286,0.8097723126411438,1.404886245727539,0.5538544335535593,8.940696716308594e-08,0.0,False,0.9760213494300842,0.8477613725545023,3.781116008758545,0.3467884361743927,0.5021413564682007,2
9,20,-0.019671990043897764,0.8088706135749817,1.404435396194458,0.40528381722314044,8.940696716308594e-08,0.0,False,0.9875690340995789,0.8577915640159429,3.8465516567230225,0.3406391143798828,0.5,2
9,21,0.04085031288054624,0.8062271475791931,1.403113603591919,1.0365078215088162,2.9802322387695312e-08,0.0,False,1.0383169651031494,0.9018706568216582,4.204321384429932,0.3102543354034424,0.5005943775177002,2
9,22,0.01039435631839137,0.7963292002677917,1.3981645107269287,0.962186153445925,8.940696716308594e-08,0.0,False,1.0370237827301025,0.9007474128842407,4.188008785247803,0.31085261702537537,0.5004094243049622,2
9,23,-0.020704035864036865,0.7858701944351196,1.392935037612915,0.18229033478668766,5.960464477539063e-08,0.0,False,1.0316693782806396,0.8960966362716807,4.135261058807373,0.3142784833908081,0.5000148415565491,2
9,24,0.03955228665630242,0.7870766520500183,1.3935383558273315,1.0428321531840732,2.9802322387695312e-08,0.0,False,1.0398659706115723,0.9032161059111499,4.193295955657959,0.30982494354248047,0.5000073909759521,2
10,1,0.024384488536119842,0.7775551676750183,1.3887776136398315,1.3424566643578666,2.9802322387695312e-08,0.0,False,0.9799838066101074,0.8512031191306264,3.9739842414855957,0.3268786072731018,0.5033202171325684,1
10,2,-0.15374315471360323,0.786336362361908,1.393168330192566,0.5401840635708401,1.4901161193847656e-07,0.0,False,0.9843183159828186,0.8549680261352791,3.94687819480896,0.32977113127708435,0.5069080591201782,1
10,3,0.03352542829292077,0.7602996230125427,1.3801498413085938,0.2867596277168819,2.9802322387695312e-08,0.0,False,1.0324170589447021,0.8967460634449369,4.177333354949951,0.3089246153831482,0.5110846161842346,1
10,4,-0.0034270415492071897,0.7778945565223694,1.3889474868774414,0.0881201880318778,2.086162567138672e-07,0.0,False,1.0251332521438599,0.8904194292432266,4.128888130187988,0.3140709698200226,0.5058752298355103,1
10,5,-0.010049705295230622,0.7789780497550964,1.3894888162612915,0.12741026708057943,2.086162567138672e-07,0.0,False,1.0391273498535156,0.9025745480722634,4.213736534118652,0.30753588676452637,0.5064092874526978,1
10,6,-0.008899454964774685,0.7756838202476501,1.3878419399261475,0.12129986499037063,2.9802322387695312e-08,0.0,False,1.0379064083099365,0.9015140517220578,4.185157299041748,0.3096126914024353,0.5022245049476624,1
10,7,-0.010146125255680902,0.7677432298660278,1.3838715553283691,0.22360217571258545,5.960464477539063e-08,0.0,False,1.0396225452423096,0.9030046693218977,4.230093955993652,0.30543041229248047,0.5104333758354187,1
10,8,0.03498071993997787,0.7865338921546936,1.393267035484314,0.6834269165992737,8.940696716308594e-08,0.0,False,1.0232110023498535,0.8887497842864733,4.097386360168457,0.317343533039093,0.50044184923172,1
10,9,0.04619734702769478,0.7853267788887024,1.3926634788513184,0.4668751593147006,8.940696716308594e-08,0.0,False,0.9902486801147461,0.8601190749716253,3.9003021717071533,0.33396899700164795,0.5005050897598267,1
10,10,0.06701279655857055,0.7798314094543457,1.3899158239364624,0.16418681187289097,1.1920928955078125e-07,0.0,False,0.9815412163734436,0.8525558680631846,3.8768930435180664,0.33566081523895264,0.5,1
10,11,-0.0028203113622966187,0.7580647468566895,1.3790323734283447,0.12479555926152641,0.0,0.0,False,0.985355019569397,0.8558684954293198,3.949070692062378,0.32759588956832886,0.5020720958709717,1
10,12,-0.040221169447814765,0.7675496339797974,1.3837746381759644,0.1985810713044236,1.7881393432617188e-07,0.0,False,0.949729323387146,0.8249244088974931,3.647080421447754,0.3564304709434509,0.5075371861457825,1
10,13,0.12784401362747838,0.7548234462738037,1.3774118423461914,0.4156151701297077,1.1920928955078125e-07,0.0,False,0.9815289974212646,0.8525452548161727,3.7902612686157227,0.3415740728378296,0.5029795169830322,1
10,14,0.00048510955295244605,0.7727382779121399,1.3863691091537476,0.5014609252767903,2.9802322387695312e-08,0.0,False,0.9220898151397705,0.8009170370687838,3.5675978660583496,0.36517515778541565,0.5050126314163208,1
10,15,0.03361227639061295,0.7868791222572327,1.3934396505355835,0.13001891544886998,8.940696716308594e-08,0.0,False,0.9186148643493652,0.7978987331624672,3.4718289375305176,0.3769252598285675,0.502766489982605,1
10,16,-0.00802482082724214,0.7850926518440247,1.3925464153289795,0.03137592119829996,8.940696716308594e-08,0.0,False,0.9064465761184692,0.7873294922966944,3.4114856719970703,0.38366082310676575,0.5031565427780151,1
10,17,0.10061293454925077,0.7858995199203491,1.3929497003555298,0.3182498237916402,5.960464477539063e-08,0.0,False,0.9040776491165161,0.7852718684467346,3.359353542327881,0.38996240496635437,0.5008111000061035,1
10,18,0.04242188580165887,0.7808418273925781,1.390420913696289,0.3337526353342193,0.0,0.0,False,0.8888375759124756,0.7720345090541018,3.334855556488037,0.3922598958015442,0.5080966353416443,1
10,19,-0.0031625074864056616,0.7800841927528381,1.3900420665740967,0.03730721186314312,2.9802322387695312e-08,0.0,False,0.8940739035606384,0.7765827254601709,3.3323323726654053,0.3925892114639282,0.5046188831329346,1
10,20,0.021013421404271995,0.7787925601005554,1.3893963098526,0.29944958537817,2.9802322387695312e-08,0.0,False,0.8873043060302734,0.7707027277558841,3.2815613746643066,0.3986852467060089,0.5069835782051086,1
10,21,-0.034503561468970656,0.7860433459281921,1.393021583557129,0.2816676220723561,8.940696716308594e-08,0.0,False,0.8865816593170166,0.7700750447960182,3.2841711044311523,0.39905545115470886,0.5066293478012085,1
10,22,-0.015535070142437211,0.7812660932540894,1.3906331062316895,0.36107758964811043,5.960464477539063e-08,0.0,False,0.9198611378669739,0.7989812325857463,3.4577279090881348,0.3780185580253601,0.5027833580970764,1
10,23,0.010690264657009733,0.7922465801239014,1.3961232900619507,0.3056069080318724,0.0,0.0,False,0.906680166721344,0.7875323865164002,3.403341770172119,0.3852452039718628,0.5036432147026062,1
10,24,0.060453395933372844,0.7995720505714417,1.3997859954833984,0.060423112341335794,2.9802322387695312e-08,0.0,False,0.8925343751907349,0.7752455081086056,3.3181095123291016,0.3961872160434723,0.5032709240913391,1
11,1,-0.0004983799822033796,0.7962837219238281,1.398141860961914,1.164420498268945,0.0,0.0,False,1.0228983163833618,0.8884781887068415,4.184078216552734,0.31116583943367004,0.5,2
11,2,0.03309640755645469,0.7841232419013977,1.3920618295669556,0.737197912165097,2.086162567138672e-07,0.0,False,1.0022475719451904,0.8705411799934573,4.17385721206665,0.3111279606819153,0.5000039339065552,2
11,3,-0.005878868542971312,0.7913170456886292,1.3956584930419922,0.0751480481454305,2.9802322387695312e-08,0.0,False,0.9890533685684204,0.8590808405541763,4.052591323852539,0.32132580876350403,0.5010563135147095,2
11,4,0.027517357128528933,0.7988902926445007,1.3994450569152832,0.2321770223123686,8.940696716308594e-08,0.0,False,0.9903602600097656,0.8602159920370219,4.00368595123291,0.325937956571579,0.502072811126709,2
11,5,-0.018601266262296447,0.7897798418998718,1.3948899507522583,0.26908644182341446,2.9802322387695312e-08,0.0,False,0.9595011472702026,0.8334121072785768,3.705209732055664,0.35263729095458984,0.5000126957893372,1
11,6,0.017072959175862004,0.803909420967102,1.4019546508789062,0.5898445653063911,5.960464477539063e-08,0.0,False,1.0092462301254272,0.8766201372502651,4.063107013702393,0.32137763500213623,0.5000885725021362,1
11,7,0.001526912757623287,0.7737845778465271,1.3868921995162964,0.6379638612270355,8.940696716308594e-08,0.0,False,0.9274743795394897,0.8055940102812854,3.517087936401367,0.37052926421165466,0.5115474462509155,1
11,8,-0.006385040398522156,0.7936906218528748,1.3968453407287598,0.24432586452790656,2.9802322387695312e-08,0.0,False,0.9835948944091797,0.8543396701402368,3.898989200592041,0.33461296558380127,0.5042914748191833,1
11,9,-0.04310432056957645,0.7914798259735107,1.395740032196045,0.23719250942979556,1.1920928955078125e-07,0.0,False,1.004596471786499,0.8725814084727047,4.115839958190918,0.31615108251571655,0.5024584531784058,1
11,10,-0.09866006081865383,0.7833516597747803,1.3916758298873901,0.9782089612313679,0.0,0.0,False,0.9930508136749268,0.86255297725711,3.9795048236846924,0.32686489820480347,0.5021318793296814,2
11,11,0.03820095766732608,0.7603119015693665,1.3801560401916504,0.8213831803628378,8.940696716308594e-08,0.0,False,1.0052648782730103,0.8731619789702251,4.188222408294678,0.30790793895721436,0.5181554555892944,2
11,12,-0.08341290526281295,0.8186776638031006,1.4093389511108398,1.2707892954349516,1.1920928955078125e-07,0.0,False,0.9372431039810181,0.8140790165216637,3.6624059677124023,0.3592568039894104,0.5005362033843994,6
11,13,-0.0028379624676576455,0.8026252388954163,1.4013125896453857,1.1744525539023534,2.9802322387695312e-08,0.0,False,0.8869659304618835,0.7704088184715588,3.2854278087615967,0.40062597393989563,0.5007160305976868,2
11,14,-0.046215673794311206,0.8325890898704529,1.4162946939468384,0.2989039782966887,1.4901161193847656e-07,0.0,False,0.8807346224784851,0.7649963731270997,3.274998426437378,0.4047788679599762,0.5000002384185791,2
11,15,0.08499181271678857,0.8261055946350098,1.4130527973175049,0.06402661970683513,0.0,0.0,False,0.8946749567985535,0.7771047936692841,3.365842342376709,0.39271700382232666,0.5052247643470764,2
11,16,0.11918207172140656,0.8443004488945007,1.4221501350402832,1.0265726755772318,8.940696716308594e-08,0.0,False,0.9975817203521729,0.8664884727930032,3.999955654144287,0.32935696840286255,0.5064671039581299,6
11,17,-0.016767418714341415,0.820377767086029,1.410188913345337,0.4490208498069217,2.9802322387695312e-08,0.0,False,1.0491957664489746,0.9113198636100853,4.44047737121582,0.2938171625137329,0.5026994943618774,6
11,18,0.03250290001346676,0.8381714820861816,1.4190857410430908,1.0953261064631599,0.0,0.0,False,1.028733491897583,0.893546557760368,4.634676456451416,0.2819783389568329,0.5004868507385254,2
11,19,0.032577476074139106,0.8228100538253784,1.411405086517334,0.7955532308135713,5.960464477539063e-08,0.0,False,1.041358232498169,0.9045122681169567,4.564060211181641,0.2856806516647339,0.5002735257148743,7
11,20,-0.012422794477858575,0.8076793551445007,1.4038395881652832,0.46248407236167355,8.940696716308594e-08,0.0,False,1.0518453121185303,0.9136212297377627,4.671768665313721,0.277884840965271,0.500597357749939,7
11,21,-0.008288633324787749,0.7960821986198425,1.3980411291122437,0.8779620017324175,2.9802322387695312e-08,0.0,False,1.005552053451538,0.8734114161609735,4.051117420196533,0.32181602716445923,0.5000183582305908,2
11,22,-0.015790333780648477,0.7923519015312195,1.3961758613586426,0.3622612293277468,8.940696716308594e-08,0.0,False,0.9993371963500977,0.8680132598710278,4.026575565338135,0.32358548045158386,0.5002950429916382,2
11,23,0.009503200271069441,0.7970979809761047,1.398549199104309,0.5960464988436018,2.086162567138672e-07,0.0,False,1.0287140607833862,0.8935296801090221,4.135410785675049,0.31500673294067383,0.5014348030090332,2
11,24,0.03646364317555719,0.7981483936309814,1.3990741968154907,0.4562624799353736,0.0,0.0,False,1.036815881729126,0.9005668323692281,4.192129135131836,0.31062641739845276,0.5015113949775696,2
12,1,0.06426645947824962,0.7755250930786133,1.3877626657485962,1.1245438797133311,1.1920928955078125e-07,0.0,False,1.0707124471664429,0.9300090150190264,5.240055084228516,0.2437814474105835,0.5335748195648193,6
12,2,-0.027665399488675635,0.7982178330421448,1.39910888671875,0.8128817528486252,2.9802322387695312e-08,0.0,False,1.0914769172668457,0.9480448045875265,5.266197204589844,0.24406561255455017,0.5152397155761719,2
12,3,0.05450770918006274,0.7978200316429138,1.3989101648330688,0.6483652793935367,1.4901161193847656e-07,0.0,False,0.9600254893302917,0.8338675450052299,3.784597158432007,0.3451574444770813,0.5154882669448853,3
12,4,0.07300836745938866,0.7839972972869873,1.3919988870620728,1.2972248356257166,2.384185791015625e-07,0.0,False,1.081024169921875,0.9389656636022272,5.1412882804870605,0.2500370144844055,0.500465989112854,6
12,5,-0.06918888515056347,0.7578607797622681,1.3789305686950684,0.24153602442571095,1.7881393432617188e-07,0.0,False,1.1002461910247803,0.9556616989942665,5.468936920166016,0.23302705585956573,0.5011177659034729,3
12,6,-0.02245509848331203,0.7846978306770325,1.3923490047454834,0.8954684202160154,8.940696716308594e-08,0.0,False,1.0270030498504639,0.8920435148957335,4.219160556793213,0.30761581659317017,0.5024569630622864,3
12,7,0.004571542697300308,0.791061520576477,1.3955308198928833,0.21729020774364474,5.960464477539063e-08,0.0,False,1.0436071157455444,0.9064656232865165,4.351539611816406,0.29831555485725403,0.5003219842910767,3
12,8,0.00026998968782746815,0.7957940697669983,1.3978971242904663,0.8139732543911252,8.940696716308594e-08,0.0,False,1.0376673936843872,0.9013064462561172,4.3669514656066895,0.297348290681839,0.5064851641654968,3
12,9,0.007272768417017929,0.8018752932548523,1.400937557220459,0.3213644347020557,8.940696716308594e-08,0.0,False,1.0600521564483643,0.9207496041503345,4.75764799118042,0.27220869064331055,0.5034704804420471,7
12,10,0.05106018275767033,0.7851817011833191,1.392590880393982,0.5788182616233826,2.9802322387695312e-08,0.0,False,1.0674870014190674,0.9272074284394995,4.945178508758545,0.26055335998535156,0.5003076791763306,7
12,11,0.03992084330023781,0.7619879245758057,1.3809938430786133,1.2777406881962505,1.1920928955078125e-07,0.0,False,1.0267623662948608,0.891834459815567,4.390068054199219,0.2937074899673462,0.5003095865249634,1
12,12,-0.07378248525649567,0.7457115054130554,1.372855544090271,0.4355932059032577,2.086162567138672e-07,0.0,False,1.0364906787872314,0.9002843646829011,4.5250749588012695,0.28354141116142273,0.5004278421401978,1
12,13,-0.024129289676740665,0.7491672039031982,1.3745836019515991,0.869990060372012,0.0,0.0,False,1.0020310878753662,0.870353144319568,4.226619720458984,0.304572194814682,0.5045566558837891,2
12,14,-0.059742736083699496,0.750541090965271,1.3752706050872803,0.1695524869220598,5.960464477539063e-08,0.0,False,0.9972434043884277,0.8661946152806146,4.187427520751953,0.3075886070728302,0.5064690113067627,2
12,15,0.004216879847696884,0.6971158385276794,1.3485578298568726,0.33462243420737126,8.940696716308594e-08,0.0,False,0.9969059228897095,0.865901482575339,4.068363189697266,0.3130281865596771,0.5059723854064941,2
12,16,-0.003276181113471336,0.7713948488235474,1.385697364807129,0.656318941286632,5.960464477539063e-08,0.0,False,1.0059239864349365,0.873734473045629,4.289464473724365,0.3015337884426117,0.5000231862068176,2
12,17,-0.011159069923545178,0.7836171984672546,1.3918083906173706,0.6029348054102488,2.086162567138672e-07,0.0,False,1.0463793277740479,0.9088735360598061,4.660096645355225,0.2769641876220703,0.5100280046463013,1
12,18,0.03291889876922033,0.7891348600387573,1.3945674896240234,0.8050768290247236,5.960464477539063e-08,0.0,False,0.9952622652053833,0.8644738196504576,4.022642135620117,0.32365456223487854,0.5013461709022522,2
12,19,-0.01174880107740205,0.8093158602714539,1.4046578407287598,0.45420456996985836,8.940696716308594e-08,0.0,False,1.007256031036377,0.8748914722857383,4.236693382263184,0.30786949396133423,0.5045267343521118,2
12,20,0.022985515377838744,0.806439995765686,1.4032200574874878,0.567180180123874,5.960464477539063e-08,0.0,False,0.9820855855941772,0.8530287011605499,3.839433431625366,0.34105968475341797,0.5018445253372192,2
12,21,0.02753947266403402,0.8170642256736755,1.4085321426391602,0.4947142388139452,2.9802322387695312e-08,0.0,False,0.9720472097396851,0.8443094786787962,3.888054609298706,0.3374493718147278,0.5004966259002686,2
12,22,-0.040323623738841914,0.8199477791786194,1.4099738597869873,0.16644115107400068,2.9802322387695312e-08,0.0,False,0.9829795360565186,0.8538051766663293,3.999922275543213,0.3278236985206604,0.5002025365829468,2
12,23,0.03954013482075622,0.8332445025444031,1.416622281074524,0.8039830795356205,2.9802322387695312e-08,0.0,False,1.0475716590881348,0.9099091818804229,4.670843601226807,0.2793690860271454,0.5015660524368286,2
12,24,-0.00512788629278325,0.8479715585708618,1.4239858388900757,0.8434403176818576,5.960464477539063e-08,0.0,False,1.0170812606811523,0.8834255583220546,4.585389614105225,0.2855686545372009,0.5059348940849304,1
13,1,-0.037041446919034896,0.8268877267837524,1.413443922996521,1.2881740980914662,5.960464477539063e-08,0.0,False,1.0064382553100586,0.8741811613149892,4.245511531829834,0.3081059455871582,0.5128514766693115,2
13,2,0.0879656158552113,0.8322817087173462,1.4161407947540283,0.3978315623743194,5.960464477539063e-08,0.0,False,1.0227735042572021,0.88836977827151,4.26873254776001,0.30672377347946167,0.5118069648742676,2
13,3,-0.1540597091297421,0.8054781556129456,1.4027390480041504,0.6740932283656937,2.9802322387695312e-08,0.0,False,1.025930643081665,0.8911120342116434,4.553488254547119,0.2850433886051178,0.5111077427864075,1
13,4,-0.020725240842938582,0.8207865953445435,1.4103933572769165,0.8373219849807876,5.960464477539063e-08,0.0,False,1.0025608539581299,0.8708132932924556,4.235810279846191,0.3084025979042053,0.514484167098999,2
13,5,0.0466923018991011,0.8346111178398132,1.417305588722229,0.3884640644703591,2.9802322387695312e-08,0.0,False,1.0337382555007935,0.897893640192577,4.732295513153076,0.2750893533229828,0.5194790959358215,2
13,6,0.07335346261842501,0.840364396572113,1.420182228088379,0.26209324864404543,2.9802322387695312e-08,0.0,False,1.0135014057159424,0.8803161358072453,4.530892848968506,0.28833866119384766,0.5194521546363831,2
13,7,0.020108332272150913,0.8216314911842346,1.410815715789795,0.4885452309889452,2.9802322387695312e-08,0.0,False,1.0289157629013062,0.8937048763426237,4.392750263214111,0.2966307997703552,0.5238736867904663,6
13,8,0.0041763805734436115,0.8197919726371765,1.409895896911621,0.7486949461911406,8.940696716308594e-08,0.0,False,0.9982720613479614,0.8670880953632083,4.4391279220581055,0.29356396198272705,0.5134482383728027,6
13,9,-0.03749735829617047,0.7984498739242554,1.3992249965667725,0.2098626340074198,5.960464477539063e-08,0.0,False,0.9890272617340088,0.8590581644459264,4.330051898956299,0.30034250020980835,0.500325083732605,3
13,10,-0.01655512754280618,0.7899221777915955,1.3949611186981201,0.22314451209136404,2.9802322387695312e-08,0.0,False,0.9680332541465759,0.8408230011494123,4.0761399269104,0.3193151652812958,0.5001952648162842,2
13,11,-0.010825210602991298,0.7930513024330139,1.396525502204895,0.5879003772778171,1.4901161193847656e-07,0.0,False,1.0433348417282104,0.9062291290799289,4.652868270874023,0.27817633748054504,0.5022428035736084,2
13,12,-0.00792447716102667,0.7766210436820984,1.388310432434082,0.23321195585387092,8.940696716308594e-08,0.0,False,1.028026819229126,0.8929327496795225,4.2241644859313965,0.3067079186439514,0.5017328262329102,2
13,13,-0.05530911204458951,0.7619301080703735,1.3809651136398315,0.17499944354806618,5.960464477539063e-08,0.0,False,0.9957867860794067,0.8649294126929205,3.8853862285614014,0.3335181474685669,0.5002816915512085,2
13,14,0.027115464791518034,0.7635748386383057,1.3817874193191528,0.28483185384954723,0.0,0.0,False,1.0194740295410156,0.8855038909466717,4.1726861000061035,0.3095284104347229,0.5103664398193359,2
13,15,0.01892747383683426,0.7839093804359436,1.391954779624939,0.593323132821492,8.940696716308594e-08,0.0,False,0.9913081526756287,0.8610393211454637,3.9221174716949463,0.33179062604904175,0.505699634552002,2
13,16,0.018784703702316205,0.7777305841445923,1.388865351676941,0.08445178398064201,5.960464477539063e-08,0.0,False,1.0055124759674072,0.8733770395950422,3.9802756309509277,0.3264292776584625,0.5004717707633972,2
13,17,0.006689599486192274,0.7773364782333374,1.3886682987213135,0.3923630671841757,5.960464477539063e-08,0.0,False,1.0133984088897705,0.8802266739007254,4.113544464111328,0.3150436580181122,0.5137939453125,2
13,18,0.020508758826209464,0.776739776134491,1.3883697986602783,0.13409353579793643,8.940696716308594e-08,0.0,False,1.029184103012085,0.8939379536013928,4.2422566413879395,0.30502811074256897,0.5139570832252502,2
13,19,-0.06713745688038666,0.7825061082839966,1.391253113746643,0.21574055935655312,5.960464477539063e-08,0.0,False,1.0100476741790771,0.8773162627103738,4.14268684387207,0.31310778856277466,0.5130630135536194,2
13,20,-0.0014577062888755134,0.749448835849762,1.3747243881225586,0.6153930319207055,2.9802322387695312e-08,0.0,False,0.9999443292617798,0.8685406088176787,3.9160284996032715,0.3296752870082855,0.5074008107185364,2
13,21,-0.0007375788221633305,0.7721744179725647,1.3860872983932495,0.4947412578122957,8.940696716308594e-08,0.0,False,0.9388542771339417,0.8154784637410745,3.547006845474243,0.3672669529914856,0.5071648359298706,2
13,22,0.043997248185235024,0.7842388153076172,1.3921195268630981,0.14078672443117413,1.1920928955078125e-07,0.0,False,0.8958066701889038,0.7780877874303344,3.307739734649658,0.39607688784599304,0.5017329454421997,2
13,23,0.019724107281783483,0.7869396209716797,1.3934698104858398,0.0577227281672614,0.0,0.0,False,0.8856817483901978,0.7692933920965744,3.2713236808776855,0.40085431933403015,0.5032002925872803,2
13,24,-0.0034727147133480213,0.7788205742835999,1.389410376548767,0.02495735777275901,8.940696716308594e-08,0.0,False,0.8872853517532349,0.7706862642800315,3.2791860103607178,0.3990182876586914,0.5057867765426636,2
14,1,0.006975788390646611,0.7977524399757385,1.3988763093948364,1.340342144880976,8.940696716308594e-08,0.0,False,0.9672756791114807,0.8401649798346732,3.911285877227783,0.3332858383655548,0.5236296653747559,2
14,2,-0.1638385563321939,0.7932702302932739,1.3966350555419922,0.7517572886177472,5.960464477539063e-08,0.0,False,1.0408731698989868,0.9040909480965519,4.700994491577148,0.2744942903518677,0.5280231237411499,3
14,3,-0.002825748742865699,0.8103366494178772,1.4051682949066162,0.6581155434250832,2.9802322387695312e-08,0.0,False,1.0027940273284912,0.871015825108605,4.211805820465088,0.3092416524887085,0.5256531238555908,3
14,4,-0.0064641958413826275,0.7855851054191589,1.3927924633026123,0.35914129231657294,8.940696716308594e-08,0.0,False,1.0060999393463135,0.8738873038026007,4.16046667098999,0.3115702271461487,0.526098370552063,3
14,5,-0.07596616013383473,0.7724699974060059,1.3862351179122925,0.5039319757904326,1.1920928955078125e-07,0.0,False,0.9750343561172485,0.8469040810556224,3.8171396255493164,0.34013500809669495,0.5157343745231628,3
14,6,-0.00017501708314501818,0.7761867046356201,1.3880934715270996,0.0840100922754832,1.1920928955078125e-07,0.0,False,0.9727089405059814,0.8448842507194125,3.745359420776367,0.3476237654685974,0.5000014901161194,3
14,7,-0.1760861405966915,0.7793731093406677,1.3896865844726562,0.47870095712798,2.9802322387695312e-08,0.0,False,1.005750060081482,0.8735834025345033,3.97859263420105,0.32668420672416687,0.5008493661880493,3
14,8,-0.12564510772424306,0.7730608582496643,1.3865303993225098,0.3987496729407991,2.9802322387695312e-08,0.0,False,1.005507230758667,0.8733724836646176,3.955533742904663,0.32821792364120483,0.5000060796737671,3
14,9,0.01742627389336202,0.7508531808853149,1.3754266500473022,0.03657450207642152,5.960464477539063e-08,0.0,False,0.9990226030349731,0.8677400075894235,3.891388177871704,0.33213019371032715,0.5002323389053345,3
14,10,0.017498701273866768,0.7827746868133545,1.3913873434066772,0.4351751165730612,0.0,0.0,False,1.000864863395691,0.8693401746072011,3.9848010540008545,0.3264259099960327,0.5000507235527039,3
14,11,-0.04878356021473271,0.7883355617523193,1.3941679000854492,0.6787317182336535,1.1920928955078125e-07,0.0,False,1.0440627336502075,0.9068613679702194,4.294144630432129,0.30229079723358154,0.5008730292320251,3
14,12,-0.019493697705454213,0.8087541460990906,1.4043769836425781,0.19225528836250305,8.940696716308594e-08,0.0,False,1.0313640832901,0.8958314604121926,4.244427680969238,0.3073733448982239,0.5000078082084656,3
14,13,0.04769324362466452,0.8155072927474976,1.4077537059783936,0.23905498215130402,5.960464477539063e-08,0.0,False,1.0070548057556152,0.8747166902276298,4.100546836853027,0.3190998136997223,0.5008136034011841,3
14,14,0.05169647210422315,0.8247203826904297,1.4123603105545044,0.4144792024578367,1.1920928955078125e-07,0.0,False,0.9891236424446106,0.859141879667479,4.049989223480225,0.32392454147338867,0.5002734065055847,3
14,15,-0.011249983963474262,0.8147878646850586,1.4073939323425293,0.41147591386522564,0.0,0.0,False,0.980050265789032,0.8512608448399839,4.208642959594727,0.3104904294013977,0.5006964206695557,2
14,16,0.006901310205936757,0.7879857420921326,1.3939929008483887,0.35967198014259333,2.9802322387695312e-08,0.0,False,0.9778563380241394,0.8493552233960096,3.978170871734619,0.32726383209228516,0.5041788816452026,2
14,17,0.024119492263695266,0.7882314920425415,1.394115686416626,0.19849525392055511,5.960464477539063e-08,0.0,False,0.9301930665969849,0.8079554318554693,3.583413600921631,0.36475569009780884,0.5073312520980835,2
14,18,0.09923964344698938,0.796309769153595,1.398154854774475,0.1768198236823082,2.9802322387695312e-08,0.0,False,0.9771361351013184,0.848729663085546,3.843648910522461,0.33970487117767334,0.5088247060775757,2
14,19,0.04863405735647831,0.804081916809082,1.402040958404541,0.5893900288002832,0.0,0.0,False,1.0230169296264648,0.888581214860762,4.125627040863037,0.3162669539451599,0.5015225410461426,2
14,20,0.026684922233018594,0.8003646731376648,1.4001822471618652,0.8400958286864417,8.940696716308594e-08,0.0,False,1.0332920551300049,0.8975060754748637,4.16535758972168,0.31290531158447266,0.5000004172325134,2
14,21,0.0037788999758453555,0.7845479846000671,1.3922739028930664,0.513726389833859,8.940696716308594e-08,0.0,False,1.0394808053970337,0.9028815556565595,4.184755325317383,0.3102879822254181,0.5008844137191772,2
14,22,0.08712053672598152,0.7754330635070801,1.38771653175354,0.477416225842067,0.0,0.0,False,1.0358093976974487,0.8996926114470657,4.150866508483887,0.3123188316822052,0.5000854730606079,2
14,23,-0.008798429490570029,0.773368239402771,1.3866841793060303,0.1446053726332529,5.960464477539063e-08,0.0,False,1.0180656909942627,0.8842806236276589,4.054855823516846,0.3198600709438324,0.5007389783859253,2
14,24,-0.05839055894778396,0.771560788154602,1.3857803344726562,0.14653271223817554,5.960464477539063e-08,0.0,False,1.0357081890106201,0.899604702698645,4.151803970336914,0.3119770288467407,0.5000075101852417,2
15,1,0.013606995284711862,0.8050528764724731,1.4025264978408813,1.2279379538127355,5.960464477539063e-08,0.0,False,1.013117790222168,0.8799829316230077,4.346670150756836,0.2995739281177521,0.5000065565109253,2
15,2,-0.025534036503921734,0.7926346063613892,1.3963173627853394,0.8955507523247174,5.960464477539063e-08,0.0,False,0.9592956304550171,0.83323359764103,4.078138828277588,0.31933462619781494,0.5005375146865845,1
15,3,-0.03538136974700806,0.8189052939414978,1.4094526767730713,0.7528254980487482,2.9802322387695312e-08,0.0,False,0.984710156917572,0.8553083748467736,4.09544563293457,0.3197517395019531,0.5007596611976624,2
15,4,0.025457345876352743,0.8132849931716919,1.4066424369812012,0.19158410706690374,5.960464477539063e-08,0.0,False,0.9803330898284912,0.8515065026793573,4.121978759765625,0.31723645329475403,0.5000039935112,2
15,5,-0.022406136963390198,0.8011724352836609,1.4005860090255737,1.0331108586064408,2.086162567138672e-07,0.0,False,0.9700334072113037,0.8425603120273586,4.037586688995361,0.32329854369163513,0.5002235770225525,1
15,6,-0.02042331830626157,0.7568746209144592,1.3784371614456177,0.5563993927623542,1.4901161193847656e-07,0.0,False,1.025151252746582,0.8904350643680929,4.239509582519531,0.30424848198890686,0.5000987648963928,1
15,7,0.019935255358379325,0.7734392881393433,1.3867195844650269,0.17364007447447102,5.960464477539063e-08,0.0,False,1.032273530960083,0.8966213966214993,4.238868713378906,0.30542492866516113,0.5001258254051208,1
15,8,-0.003410281256828529,0.7992360591888428,1.3996180295944214,0.8008525148034096,0.0,0.0,False,0.9552805423736572,0.8297461364448498,3.765054702758789,0.34751424193382263,0.5017406344413757,1
15,9,0.053434135255153635,0.7913342118263245,1.3956670761108398,0.12431809944765904,2.9802322387695312e-08,0.0,False,0.9759435057640076,0.847693758405246,3.87688946723938,0.336468368768692,0.5025507807731628,1
15,10,0.0312469556090513,0.7745130658149719,1.3872566223144531,0.21244874064411431,8.940696716308594e-08,0.0,False,0.980817437171936,0.8519272014365225,3.9010376930236816,0.33300143480300903,0.5036313533782959,2
15,11,-0.018573013252760135,0.7642148733139038,1.3821074962615967,0.27080208595309946,5.960464477539063e-08,0.0,False,1.028723955154419,0.893538274250505,4.247955322265625,0.3039904534816742,0.5050907731056213,2
15,12,-0.017041390128755166,0.7663031816482544,1.3831515312194824,0.14817452643598825,5.960464477539063e-08,0.0,False,1.026025414466858,0.8911943515909067,4.168885707855225,0.310065895318985,0.5082559585571289,2
15,13,-0.0020574500567100123,0.7587043046951294,1.37935209274292,0.22886875058923462,5.960464477539063e-08,0.0,False,1.025820016860962,0.8910159454972331,4.112706184387207,0.31399574875831604,0.5061764121055603,2
15,14,0.0144173668161765,0.7559034824371338,1.3779516220092773,0.4173396208456585,1.1920928955078125e-07,0.0,False,1.0068767070770264,0.874561995680939,3.974433422088623,0.32514140009880066,0.5068556070327759,2
15,15,-0.015161183991269915,0.7427620887756348,1.3713810443878174,0.16596409465585438,0.0,0.0,False,0.9832192659378052,0.8540134033955095,3.8192145824432373,0.3378770649433136,0.5051746964454651,2
15,16,0.0413490534164487,0.7332226037979126,1.3666112422943115,0.4023928578410829,5.960464477539063e-08,0.0,False,0.9643917083740234,0.8376599946801769,3.6519923210144043,0.3532163202762604,0.500625729560852,2
15,17,0.05816309573318164,0.740385115146637,1.370192527770996,0.054883063903876816,2.9802322387695312e-08,0.0,False,0.9663748741149902,0.8393825505561798,3.678657293319702,0.3511815369129181,0.5002462863922119,2
15,18,-0.04590131936577278,0.7461308836936951,1.3730655908584595,0.159736360822405,1.4901161193847656e-07,0.0,False,1.001531720161438,0.8699193990343687,3.9036121368408203,0.33068546652793884,0.5002636909484863,2
15,19,0.018425152133357693,0.7642479538917542,1.3821240663528442,0.6148661545344762,8.940696716308594e-08,0.0,False,1.0383353233337402,0.9018866025781445,4.1854023933410645,0.30864691734313965,0.5083295106887817,2
15,20,0.010257325523774452,0.7583545446395874,1.3791773319244385,0.09560472198895043,5.960464477539063e-08,0.0,False,1.030200719833374,0.8948209757527846,4.129896640777588,0.31259381771087646,0.5068367719650269,2
15,21,-0.02611272986861571,0.7676867842674255,1.3838433027267456,0.4777626288788659,8.940696716308594e-08,0.0,False,1.019538164138794,0.8855595975505002,4.046343803405762,0.32005631923675537,0.5043034553527832,2
15,22,0.00040906955613547163,0.7786979675292969,1.3893489837646484,0.8956532648631506,0.0,0.0,False,0.9670023918151855,0.8399276055051628,3.70206618309021,0.35193103551864624,0.5044137239456177,2
15,23,0.06677744391822489,0.7727694511413574,1.3863847255706787,0.39308100513049526,0.0,0.0,False,0.9404011964797974,0.8168221008127835,3.526761293411255,0.36969098448753357,0.5000004172325134,2
15,24,0.049383697219825384,0.7254043817520142,1.3627021312713623,0.5459031569106237,5.960464477539063e-08,0.0,False,0.9697251915931702,0.842292599342975,3.7926063537597656,0.338955819606781,0.5041962265968323,2
16,1,-0.09480432170981777,0.8055955767631531,1.4027979373931885,1.4008924088307788,1.4901161193847656e-07,0.0,False,0.9496060609817505,0.8248173445325142,3.6764326095581055,0.35641586780548096,0.5133558511734009,2
16,2,0.01392013550338567,0.8184468746185303,1.4092235565185547,0.13726913609674996,1.1920928955078125e-07,0.0,False,0.9156228303909302,0.7952998854868362,3.5165750980377197,0.37426289916038513,0.516880989074707,2
16,3,0.016998953278040976,0.8071844577789307,1.4035919904708862,0.055237761565617105,2.384185791015625e-07,0.0,False,0.9354216456413269,0.8124969179097746,3.640174388885498,0.36022382974624634,0.5138790607452393,2
16,4,0.016818445818726244,0.7982857823371887,1.399142861366272,0.02634193428925108,2.9802322387695312e-08,0.0,False,0.9445775747299194,0.8204496568695211,3.6924099922180176,0.3542737662792206,0.5116623640060425,2
16,5,-0.04504750850133937,0.7967861294746399,1.398393154144287,0.060005997972828906,8.940696716308594e-08,0.0,False,0.9266252517700195,0.8048564672718619,3.584745407104492,0.3653181493282318,0.5078976154327393,2
16,6,0.05692363889725069,0.7766701579093933,1.388335108757019,0.33740410847323277,2.9802322387695312e-08,0.0,False,0.9300799369812012,0.8078571687197198,3.5717341899871826,0.3650880753993988,0.504438579082489,3
16,7,-0.012669336839591507,0.7782077789306641,1.389103889465332,0.7059830469744545,0.0,0.0,False,1.0161755084991455,0.8826388319728198,4.3846611976623535,0.29513877630233765,0.5001853704452515,2
16,8,0.014510867848569406,0.7705606818199158,1.3852802515029907,0.7675391488841602,8.940696716308594e-08,0.0,False,0.9818112254142761,0.8527903949361798,4.118109226226807,0.31456542015075684,0.5000234842300415,2
16,9,0.031410078522875695,0.7651315927505493,1.3825657367706299,0.2231235504150391,5.960464477539063e-08,0.0,False,0.9900913834571838,0.8599824488308231,4.217466354370117,0.3064631521701813,0.5004925727844238,2
16,10,0.023075488921848193,0.7563254237174988,1.3781627416610718,0.5500242401446614,2.9802322387695312e-08,0.0,False,0.9797327518463135,0.8509850557334839,3.925194263458252,0.3295459747314453,0.5015861392021179,2
16,11,0.027229028908551323,0.744995653629303,1.3724980354309082,0.18226798943110856,2.086162567138672e-07,0.0,False,0.9587517380714417,0.832761178719158,3.67975115776062,0.3514246940612793,0.5017006397247314,2
16,12,0.021741147472045818,0.7557272911071777,1.3778636455535889,0.15850904158183513,0.0,0.0,False,0.9596508145332336,0.8335421066114888,3.7177369594573975,0.34862399101257324,0.5003960132598877,2
16,13,0.07741193599290247,0.7545510530471802,1.3772755861282349,0.3050476035901478,5.960464477539063e-08,0.0,False,0.9669100046157837,0.8398473590033653,4.064723968505859,0.3177073895931244,0.500075101852417,2
16,14,0.09881878828976623,0.7672909498214722,1.3836455345153809,1.0453882589936259,5.960464477539063e-08,0.0,False,0.9109966158866882,0.7912816066242501,3.406859874725342,0.38253527879714966,0.504895806312561,1
16,15,-0.037706920654055134,0.7581595778465271,1.379079818725586,0.09808598778077535,2.9802322387695312e-08,0.0,False,0.890084445476532,0.7731175261967473,3.327871561050415,0.3905858099460602,0.5236904621124268,1
16,16,-0.00943707962460242,0.7683259844779968,1.3841629028320312,0.31627980406795225,8.940696716308594e-08,0.0,False,0.9150832295417786,0.7948311941444025,3.462012529373169,0.3759360909461975,0.5198861360549927,1
16,17,-0.03171002384709051,0.8068041205406189,1.4034020900726318,0.7085049349282468,2.9802322387695312e-08,0.0,False,0.9641276001930237,0.8374305932289096,3.9740374088287354,0.3291071057319641,0.500016987323761,1
16,18,0.01900737995290329,0.8054575324058533,1.402728796005249,0.5743678627269608,2.9802322387695312e-08,0.0,False,0.934333860874176,0.8115520800660306,3.782480001449585,0.34631112217903137,0.5025638341903687,1
16,19,-0.009604385278546089,0.8023772835731506,1.401188611984253,0.9346869949783598,2.9802322387695312e-08,0.0,False,0.923576295375824,0.8022081773967363,3.5647428035736084,0.36809179186820984,0.5016627907752991,1
16,20,-0.014274972974564589,0.8002325296401978,1.400116205215454,0.03562707400747703,5.960464477539063e-08,0.0,False,0.9275561571121216,0.8056650413783603,3.591475009918213,0.36509883403778076,0.5005624294281006,1
16,21,0.04870791350256042,0.779750406742096,1.3898752927780151,0.0641646608710289,8.940696716308594e-08,0.0,False,0.9421740174293518,0.8183619535243715,3.7003917694091797,0.3521815240383148,0.5044306516647339,1
16,22,-0.015403210063386436,0.7823647260665894,1.3911824226379395,0.20637059477823128,5.960464477539063e-08,0.0,False,0.8975012898445129,0.7795597153610461,3.354498863220215,0.38989967107772827,0.5127443671226501,1
16,23,0.008211385086555504,0.76253741979599,1.3812687397003174,0.08268366434744412,2.9802322387695312e-08,0.0,False,0.9227994084358215,0.8015333819745248,3.490600347518921,0.3723623752593994,0.5150716304779053,1
16,24,-0.022334178524817776,0.7928302884101868,1.3964152336120605,0.09242604247161329,8.940696716308594e-08,0.0,False,0.9360904693603516,0.8130778508108515,3.5936813354492188,0.36411458253860474,0.5053279995918274,1
17,1,-0.03020250946765283,0.7913906574249268,1.3956953287124634,1.3810545759541648,0.0,0.0,False,0.948436975479126,0.8238018897671884,3.686624765396118,0.3542589247226715,0.513051450252533,2
17,2,-0.029755028645599257,0.7912437319755554,1.3956218957901,0.30188895549092976,2.9802322387695312e-08,0.0,False,0.9510564804077148,0.8260771628387975,3.753793478012085,0.3475355803966522,0.5175415277481079,2
17,3,-0.020683281941941488,0.8020709156990051,1.4010354280471802,0.13527601212263107,2.9802322387695312e-08,0.0,False,0.9370385408401489,0.8139013352351032,3.7063450813293457,0.35308653116226196,0.5153778791427612,2
17,4,-0.06643634524514433,0.7883496880531311,1.3941746950149536,0.15761940819876524,1.4901161193847656e-07,0.0,False,0.9739677309989929,0.8459776222493869,4.031539440155029,0.3222549259662628,0.5234352946281433,2
17,5,0.0730329773271849,0.7732882499694824,1.3866441249847412,0.28580186622483394,0.0,0.0,False,1.0014259815216064,0.8698275556187631,4.324646949768066,0.29815858602523804,0.5358643531799316,3
17,6,-0.00527877847873694,0.7390576004981995,1.3695287704467773,0.3654828603778567,2.9802322387695312e-08,0.0,False,1.0188963413238525,0.8850021173367228,4.210048198699951,0.30472707748413086,0.5206097364425659,3
17,7,-0.022099416313031223,0.7922775149345398,1.3961386680603027,1.2867881464106696,8.940696716308594e-08,0.0,False,1.066701889038086,0.9265254884900312,4.900444507598877,0.26315736770629883,0.5106173753738403,6
17,8,0.01753736855954781,0.8048405647277832,1.402420163154602,1.157460474542209,1.1920928955078125e-07,0.0,False,1.0523697137832642,0.9140767192363524,4.499767780303955,0.2887713313102722,0.5042664408683777,3
17,9,0.012067083478728678,0.8113573789596558,1.4056787490844727,1.0643562270062312,5.960464477539063e-08,0.0,False,1.0893911123275757,0.9462330974366235,5.114336967468262,0.2527150511741638,0.503547191619873,1
17,10,0.028206523876727507,0.7909182906150818,1.3954591751098633,0.3870846842016493,2.9802322387695312e-08,0.0,False,1.0339211225509644,0.8980524764941993,4.3547492027282715,0.2980632483959198,0.5008041858673096,1
17,11,0.03072202348662299,0.7977973818778992,1.3988986015319824,0.6215285275663648,8.940696716308594e-08,0.0,False,0.9875909090042114,0.8578105643166911,4.019449234008789,0.3244648873806,0.5043067932128906,1
17,12,-0.020975759105487834,0.8009910583496094,1.4004955291748047,0.18966618925333023,0.0,0.0,False,0.9282805323600769,0.8062942257243889,3.5289347171783447,0.3718450665473938,0.5018442273139954,1
17,13,-0.02507619484337526,0.795997142791748,1.397998571395874,0.4283417740038463,0.0,0.0,False,0.9189618825912476,0.7982001493776056,3.460463523864746,0.37899526953697205,0.5034410357475281,2
17,14,0.02337952675330839,0.7895902395248413,1.3947951793670654,0.08446094713040767,5.960464477539063e-08,0.0,False,0.9205721020698547,0.7995987682460302,3.472722291946411,0.37711864709854126,0.5007486343383789,2
17,15,-0.025682817432349535,0.7870460152626038,1.3935229778289795,0.34181182618652073,2.9802322387695312e-08,0.0,False,0.9105548858642578,0.790897924801785,3.3943588733673096,0.3859246075153351,0.5001178979873657,2
17,16,-0.03306173880596803,0.7834568023681641,1.391728401184082,0.43283553208623604,0.0,0.0,False,0.9340644478797913,0.8113180709124019,3.50351881980896,0.3731587827205658,0.5003666281700134,2
17,17,0.00010445296857685901,0.7711760401725769,1.3855879306793213,0.14487914953913014,8.940696716308594e-08,0.0,False,0.9772981405258179,0.848870379209343,3.7538304328918457,0.3464061915874481,0.5000514984130859,2
17,18,0.04978682007484752,0.7752717733383179,1.3876358270645142,0.09500095886843554,5.960464477539063e-08,0.0,False,0.9783774018287659,0.8498078136661471,3.8035500049591064,0.3420219421386719,0.5003570318222046,2
17,19,0.015173645107228167,0.7707073092460632,1.385353684425354,1.3154970332980154,2.9802322387695312e-08,0.0,False,0.977713406085968,0.8492310742919383,4.125649929046631,0.31350207328796387,0.5182218551635742,1
17,20,0.02719186574263693,0.7915483117103577,1.395774006843567,0.8355736274804387,1.4901161193847656e-07,0.0,False,0.9404754638671875,0.8168866086458414,3.663858652114868,0.356892853975296,0.5008494853973389,2
17,21,0.02705428298618711,0.7821004986763,1.3910503387451172,0.07366011823926649,8.940696716308594e-08,0.0,False,0.9234248399734497,0.8020766249057252,3.5049898624420166,0.37283965945243835,0.5017935037612915,2
17,22,-0.06676813222811351,0.7729708552360535,1.3864854574203491,0.1030381811516625,2.9802322387695312e-08,0.0,False,0.9301562309265137,0.8079234367986236,3.4903950691223145,0.3736937642097473,0.5001318454742432,2
17,23,-0.07771738764669163,0.7614374160766602,1.38071870803833,0.7310230157205037,0.0,0.0,False,0.9551477432250977,0.829630788570008,3.609684467315674,0.35992926359176636,0.5002298951148987,2
17,24,-0.05466966418304932,0.75901198387146,1.3795061111450195,0.4327634828431265,1.1920928955078125e-07,0.0,False,0.9313585758209229,0.8089677803045965,3.487431764602661,0.37277698516845703,0.5003008842468262,2
18,1,0.1541329189697874,0.7522923350334167,1.3761460781097412,1.0064232647418976,8.940696716308594e-08,0.0,False,1.0425012111663818,0.9055050467740328,4.326571941375732,0.297200083732605,0.5146955251693726,6
18,2,0.06851370528278758,0.6694528460502625,1.334726333618164,0.9486907869577408,8.940696716308594e-08,0.0,False,0.9932475686073303,0.8627238764199703,4.010108470916748,0.31569042801856995,0.50152587890625,6
18,3,0.08173348605718606,0.6901451349258423,1.345072627067566,0.21878743171691895,5.960464477539063e-08,0.0,False,0.992932140827179,0.8624498993312528,3.9477739334106445,0.32231128215789795,0.5093225836753845,6
18,4,-0.009820575797159156,0.6920241713523865,1.346011996269226,0.3241253112043653,8.940696716308594e-08,0.0,False,1.0062270164489746,0.8739976815715247,4.094550609588623,0.3104827404022217,0.5102161765098572,6
18,5,-0.01745539692723458,0.7432368993759155,1.371618390083313,0.44703466764518196,5.960464477539063e-08,0.0,False,1.063625454902649,0.923853331752113,4.818424701690674,0.2653636336326599,0.5012933611869812,6
18,6,0.028974307703759576,0.7761349081993103,1.3880674839019775,0.987908369728497,2.9802322387695312e-08,0.0,False,1.0689444541931152,0.9284733558343067,4.729544639587402,0.2724369466304779,0.5037076473236084,3
18,7,0.01949947637154606,0.7704910635948181,1.3852455615997314,0.19981665270669122,2.9802322387695312e-08,0.0,False,1.0817675590515137,0.9396113631960451,4.899881839752197,0.26202353835105896,0.5102961659431458,3
18,8,0.0050834614124398905,0.7862544059753418,1.393127202987671,0.49880457350185936,0.0,0.0,False,1.0530757904052734,0.9146900095978314,4.650063991546631,0.27790567278862,0.5040689706802368,3
18,9,-0.002882318774148334,0.8115158081054688,1.4057579040527344,0.3112021652715547,0.0,0.0,False,0.9636535048484802,0.837018799244847,3.9470856189727783,0.33173322677612305,0.5022168755531311,3
18,10,-0.031017559856803364,0.7935168147087097,1.3967584371566772,1.2105646527239255,2.9802322387695312e-08,0.0,False,1.0389816761016846,0.9024480174591067,4.407210826873779,0.2943496108055115,0.5069204568862915,7
18,11,0.02042502556097475,0.8089326620101929,1.4044663906097412,1.139383701341493,5.960464477539063e-08,0.0,False,0.9745769500732422,0.8465067832138201,4.0245890617370605,0.3248920440673828,0.5020045042037964,7
18,12,0.004326337771030634,0.7987782955169678,1.3993892669677734,0.5654326890196119,1.1920928955078125e-07,0.0,False,1.0453816652297974,0.9080069773842671,4.375247955322266,0.29678091406822205,0.5124858617782593,7
18,13,0.000501610065312315,0.8084598183631897,1.404229760169983,0.9136987743633134,1.4901161193847656e-07,0.0,False,0.9701714515686035,0.842680215832625,4.170958042144775,0.312995970249176,0.5007414817810059,7
18,14,0.0008918543677135272,0.833763062953949,1.4168815612792969,0.717287115752697,2.9802322387695312e-08,0.0,False,0.9813172221183777,0.8523613091252783,3.997312068939209,0.3289838433265686,0.5017818212509155,2
18,15,-0.02177090256776109,0.8399826884269714,1.4199912548065186,0.17890022056443355,8.940696716308594e-08,0.0,False,1.0159237384796143,0.8824201473124377,4.149461269378662,0.31681060791015625,0.5011014938354492,2
18,16,0.014666333708771514,0.8014299869537354,1.4007149934768677,0.4761029077427727,0.0,0.0,False,0.9547150135040283,0.8292549243099762,3.8137590885162354,0.34291622042655945,0.507188618183136,2
18,17,-0.004117306284904772,0.8011175990104675,1.4005587100982666,0.1864520896758352,8.940696716308594e-08,0.0,False,0.9237318634986877,0.802343302151376,3.5046451091766357,0.3744499981403351,0.504719078540802,2
18,18,-0.033955618675372355,0.7901456356048584,1.3950728178024292,0.352975470679147,0.0,0.0,False,0.9497837424278259,0.8249716766756485,3.6411852836608887,0.3589856028556824,0.5044785737991333,2
18,19,-0.03383896451721445,0.7945376038551331,1.3972687721252441,0.2595750529851231,2.9802322387695312e-08,0.0,False,1.0080199241638184,0.8755549814257615,4.0357818603515625,0.32287031412124634,0.5040310621261597,2
18,20,-0.03414604336142953,0.7671646475791931,1.383582353591919,0.09387820107596254,2.9802322387695312e-08,0.0,False,0.9948690533638,0.8641322801844203,3.907207727432251,0.331904798746109,0.503326416015625,2
18,21,0.03304869671934113,0.759888231754303,1.3799442052841187,0.08948512801102229,8.940696716308594e-08,0.0,False,0.9802640676498413,0.8514465507767242,3.786043882369995,0.34240591526031494,0.501706600189209,2
18,22,0.004196061883555051,0.758341908454895,1.3791710138320923,0.760319946067674,5.960464477539063e-08,0.0,False,0.9775018692016602,0.8490473356887905,3.8170127868652344,0.33944329619407654,0.5000775456428528,2
18,23,0.016398400594696567,0.7939072847366333,1.3969535827636719,0.7608944858823505,5.960464477539063e-08,0.0,False,1.0294967889785767,0.8942095491810247,4.156923770904541,0.31298449635505676,0.505128026008606,2
18,24,-0.01071188987025553,0.7898861169815063,1.3949429988861084,0.4140273545469556,5.960464477539063e-08,0.0,False,1.0327565670013428,0.8970409563960584,4.1593427658081055,0.3125664293766022,0.5033801794052124,2
19,1,0.051891618689477406,0.7141541838645935,1.3570770025253296,1.1474254642214095,8.940696716308594e-08,0.0,False,1.0469697713851929,0.9093863888641968,4.743285179138184,0.26786625385284424,0.5086163282394409,1
19,2,0.007741768796931031,0.7164964079856873,1.358248233795166,0.3571236580610275,2.9802322387695312e-08,0.0,False,1.0413169860839844,0.9044764419367994,4.714416027069092,0.26957616209983826,0.5148032903671265,1
19,3,0.042486986687294837,0.7101107239723206,1.355055332183838,0.7721355397786414,2.9802322387695312e-08,0.0,False,1.0120247602462769,0.879033537848839,4.334559440612793,0.293978214263916,0.5073933601379395,6
19,4,-0.023888197957626117,0.6813132166862488,1.3406566381454468,0.3410167204482215,2.9802322387695312e-08,0.0,False,1.0289562940597534,0.8937400812595414,4.491839408874512,0.2813616096973419,0.5090007781982422,1
19,5,0.040556766321132115,0.7183159589767456,1.359157919883728,0.5249512600047248,5.960464477539063e-08,0.0,False,1.097883939743042,0.9536098736012109,5.388218879699707,0.23443689942359924,0.5161581039428711,6
19,6,-0.008745968419684245,0.7441885471343994,1.3720941543579102,0.73923545224326,1.1920928955078125e-07,0.0,False,1.00888991355896,0.8763106446130101,4.113279819488525,0.3130638301372528,0.5000728368759155,6
19,7,-0.028671948817473408,0.7650826573371887,1.3825414180755615,0.5267157575913839,8.940696716308594e-08,0.0,False,1.0322105884552002,0.8965667254564038,4.409372806549072,0.2925586998462677,0.5005600452423096,6
19,8,-0.011863890314520127,0.7803210616111755,1.3901605606079102,0.9596138788121087,2.9802322387695312e-08,0.0,False,1.0726525783538818,0.9316941915567728,4.902914047241211,0.26265382766723633,0.5002115368843079,3
19,9,0.04984676358740603,0.780291736125946,1.3901457786560059,0.4048577930246081,8.940696716308594e-08,0.0,False,1.063137412071228,0.923429423134876,4.908282279968262,0.2623494863510132,0.5002431869506836,3
19,10,0.010778538060824487,0.7701020836830139,1.3850510120391846,0.9959713625056403,2.9802322387695312e-08,0.0,False,1.0491032600402832,0.9112395135644147,4.454953670501709,0.2895476222038269,0.508377194404602,7
19,11,0.010666994494341627,0.7186141014099121,1.359307050704956,0.8804027714899608,0.0,0.0,False,1.0447561740875244,0.9074636826811301,4.458590984344482,0.2858564257621765,0.5150719285011292,7
19,12,0.005422870159301015,0.7338785529136658,1.3669393062591553,0.28868871714387623,2.9802322387695312e-08,0.0,False,1.0396552085876465,0.9030330403431783,4.306680202484131,0.2976209223270416,0.5055743455886841,7
19,13,0.011793692122226987,0.7272331118583679,1.3636164665222168,0.4525938928127289,8.940696716308594e-08,0.0,False,0.9718132615089417,0.8441062738274705,3.803204298019409,0.33822521567344666,0.5000076293945312,7
19,14,0.010923300319528031,0.7698081731796265,1.384904146194458,0.47980020514556343,5.960464477539063e-08,0.0,False,1.0169597864151,0.8833200471151752,4.354201316833496,0.2966858148574829,0.5025895237922668,7
19,15,0.016591657217678905,0.768770158290863,1.384385108947754,1.08172748450722,2.9802322387695312e-08,0.0,False,1.0605323314666748,0.9211666788719346,4.908875942230225,0.2612955570220947,0.5153054594993591,1
19,16,-0.01881387560682896,0.7758468985557556,1.3879234790802002,0.5919910264866692,2.9802322387695312e-08,0.0,False,1.0564051866531372,0.9175818864348646,4.731213569641113,0.2722088098526001,0.5079055428504944,1
19,17,0.011139193553934338,0.7667310833930969,1.383365511894226,0.4860708713531494,2.9802322387695312e-08,0.0,False,1.0044918060302734,0.8724904969519588,4.014420032501221,0.32267871499061584,0.5026315450668335,2
19,18,0.003530032454388295,0.7782608866691589,1.3891304731369019,0.1962414426462991,2.9802322387695312e-08,0.0,False,1.0093988180160522,0.8767526734080725,4.094667911529541,0.3168998956680298,0.5033777952194214,2
19,19,0.014238076275677473,0.8042702078819275,1.4021351337432861,0.6207371694701058,2.9802322387695312e-08,0.0,False,0.9610964059829712,0.8347977313909037,4.0920491218566895,0.3186957538127899,0.512042760848999,2
19,20,0.03385506312627541,0.8071038722991943,1.4035520553588867,0.240003831152405,1.1920928955078125e-07,0.0,False,0.9587932825088501,0.8327972637589985,4.109724521636963,0.31762057542800903,0.5062756538391113,6
19,21,-0.016140123384930084,0.7997475266456604,1.3998738527297974,0.04237910572971615,8.940696716308594e-08,0.0,False,0.9544333219528198,0.8290102501373989,4.059192180633545,0.3213704824447632,0.5013886094093323,6
19,22,0.002453961586394534,0.8105935454368591,1.4052969217300415,0.38407389021345545,1.4901161193847656e-07,0.0,False,0.9613391160964966,0.8350085467169162,3.976534128189087,0.3289380669593811,0.5080682039260864,6
19,23,-0.030940290030935128,0.8137892484664917,1.4068946838378906,0.14329485914536882,5.960464477539063e-08,0.0,False,1.0053892135620117,0.8732699752300634,4.215656757354736,0.3097767233848572,0.5044348239898682,6
19,24,0.008670448607035357,0.8003382086753845,1.4001691341400146,0.35905791606221876,2.9802322387695312e-08,0.0,False,1.0364713668823242,0.9002675905754286,4.375805854797363,0.2971022129058838,0.50303053855896,6
20,1,-0.07788402526879455,0.7485125064849854,1.3742561340332031,1.1874480779681886,1.1920928955078125e-07,0.0,False,1.025815486907959,0.8910120108300482,4.491846084594727,0.28591644763946533,0.5000970363616943,1
20,2,-0.04805295003450645,0.7880061864852905,1.3940030336380005,0.557495149650744,5.960464477539063e-08,0.0,False,0.966641366481781,0.839614022884913,3.7962441444396973,0.34363099932670593,0.503154456615448,2
20,3,-0.004841771793464807,0.8041362762451172,1.4020682573318481,0.20685106515884402,1.1920928955078125e-07,0.0,False,0.9495973587036133,0.8248097858297643,3.7076220512390137,0.35337716341018677,0.506331205368042,2
20,4,0.07671277112509615,0.8133377432823181,1.4066689014434814,0.06060713848897392,2.9802322387695312e-08,0.0,False,0.9478874206542969,0.8233245525113353,3.7125747203826904,0.3535532057285309,0.5085800886154175,2
20,5,-0.003784261195402966,0.8165687322616577,1.4082844257354736,0.0666065641811916,5.960464477539063e-08,0.0,False,0.9464018940925598,0.822034240534369,3.726468324661255,0.3525608479976654,0.5041938424110413,2
20,6,0.016250992180627942,0.7973370552062988,1.3986685276031494,0.3164809261049543,0.0,0.0,False,0.9633373618125916,0.8367442008928899,3.8545472621917725,0.33885982632637024,0.506030797958374,2
20,7,0.024619973320192737,0.7789815664291382,1.3894906044006348,0.6049466143761363,1.7881393432617188e-07,0.0,False,0.9853404760360718,0.8558558630767787,4.196267604827881,0.3090391457080841,0.5001338124275208,2
20,8,-0.11745487016299078,0.7708809971809387,1.3854405879974365,0.4965975263289043,8.940696716308594e-08,0.0,False,1.0157864093780518,0.882300864770411,4.346706390380859,0.29734504222869873,0.5004859566688538,2
20,9,-0.019025593728070573,0.7878809571266174,1.3939403295516968,0.6542327851057053,1.4901161193847656e-07,0.0,False,0.9675441980361938,0.8403982124092523,4.052974700927734,0.320912629365921,0.5060804486274719,2
20,10,0.019813295981936867,0.7775521278381348,1.3887760639190674,0.5288012799407754,0.0,0.0,False,0.9861534833908081,0.8565620322925962,3.9646928310394287,0.3277195990085602,0.5016598701477051,2
20,11,-0.026732745255543457,0.7751507759094238,1.387575387954712,1.5095638717923845,0.0,0.0,False,1.0697004795074463,0.929130031078693,4.916939735412598,0.2613998353481293,0.5072587132453918,1
20,12,0.02107328302153723,0.7850808501243591,1.392540454864502,1.0196652561426163,2.9802322387695312e-08,0.0,False,0.9814662933349609,0.8524907907388237,3.8535964488983154,0.33805355429649353,0.5045017004013062,2
20,13,-0.043948121918867204,0.7898820042610168,1.394940972328186,0.7370263359376362,2.9802322387695312e-08,0.0,False,1.0159821510314941,0.8824708838103483,4.328619003295898,0.2995215356349945,0.5138941407203674,1
20,14,0.0722427058406905,0.7640649080276489,1.3820323944091797,0.5541728692395346,5.960464477539063e-08,0.0,False,1.063568353652954,0.9238037342368085,4.851564407348633,0.26437148451805115,0.5118001699447632,1
20,15,0.05622572345076413,0.7720810174942017,1.386040449142456,0.6388653772217887,5.960464477539063e-08,0.0,False,1.046826958656311,0.9092623433039989,4.500576496124268,0.286536306142807,0.5108292102813721,1
20,16,0.08267124708503445,0.747512936592102,1.3737565279006958,0.5117657589060919,5.960464477539063e-08,0.0,False,1.0278639793395996,0.8927913087486123,4.268971920013428,0.3010116219520569,0.5167382955551147,1
20,17,-0.028177895764582406,0.750401496887207,1.3752007484436035,0.13293444045952396,0.0,0.0,False,1.0481963157653809,0.910451751776447,4.395598888397217,0.29227760434150696,0.5119220018386841,1
20,18,-0.04532421659273768,0.79226154088974,1.3961308002471924,0.8617581107786724,2.9802322387695312e-08,0.0,False,0.8921812772750854,0.7749388111559294,3.307924509048462,0.39685484766960144,0.5000283718109131,1
20,19,0.052767207383861175,0.7869070172309875,1.3934537172317505,0.6179724601762635,2.086162567138672e-07,0.0,False,0.8927080631256104,0.7753963715319848,3.298938274383545,0.3974456191062927,0.500849187374115,2
20,20,0.01885667857835004,0.8113905787467957,1.4056950807571411,0.31998860942465923,2.086162567138672e-07,0.0,False,0.8840227723121643,0.7678524237839756,3.2751805782318115,0.402770459651947,0.5000001192092896,2
20,21,-0.020953860914784683,0.7944270372390747,1.3972134590148926,0.7542934343218803,5.960464477539063e-08,0.0,False,1.020153284072876,0.8860938839366612,4.235584735870361,0.3067643642425537,0.5118630528450012,1
20,22,0.08172959378516627,0.7962923645973206,1.398146152496338,0.7346191768135344,2.9802322387695312e-08,0.0,False,0.9002100825309753,0.7819125427937471,3.349184513092041,0.39217010140419006,0.5000077486038208,2
20,23,-0.010354180996845156,0.8153886198997498,1.4076944589614868,0.10741232867751804,1.4901161193847656e-07,0.0,False,0.9182600975036621,0.7975905865955649,3.5002338886260986,0.3762350082397461,0.502403974533081,1
20,24,0.041211204236507246,0.8009103536605835,1.400455117225647,0.1655196345278195,5.960464477539063e-08,0.0,False,0.8931655883789062,0.7757937729176604,3.3155629634857178,0.39669692516326904,0.5007503628730774,2
21,1,0.0023105032472597624,0.7473710775375366,1.3736857175827026,1.1614560463598798,1.7881393432617188e-07,0.0,False,1.017589807510376,0.8838672764854971,4.297261714935303,0.29870861768722534,0.525920569896698,1
21,2,-0.07502594978730893,0.7594655156135559,1.3797328472137451,0.45354568532535,8.940696716308594e-08,0.0,False,1.0269801616668701,0.8920236344720625,4.272454738616943,0.3012462854385376,0.5289258360862732,1
21,3,0.08809313153879708,0.7466878294944763,1.373343825340271,0.2727924862078258,8.940696716308594e-08,0.0,False,1.010510802268982,0.8777185306580938,4.2173285484313965,0.30431750416755676,0.536151647567749,1
21,4,0.016938178013947557,0.8129538893699646,1.4064769744873047,0.5070892636265073,2.9802322387695312e-08,0.0,False,1.028789758682251,0.8935954304685594,4.334377765655518,0.30020618438720703,0.5267803072929382,1
21,5,0.06648597605053143,0.8039268255233765,1.401963472366333,0.22827142477035522,5.960464477539063e-08,0.0,False,1.001431941986084,0.8698327328124275,4.147747039794922,0.3133402466773987,0.5427472591400146,1
21,6,0.031564851387928666,0.8107887506484985,1.4053943157196045,0.5572700606925147,5.960464477539063e-08,0.0,False,0.9467746019363403,0.8223579704542009,3.7465617656707764,0.3501683175563812,0.5031874179840088,1
21,7,0.04923352629133159,0.8001625537872314,1.4000810384750366,0.28334229971681324,2.384185791015625e-07,0.0,False,0.9600972533226013,0.8339298784169487,3.782679557800293,0.3458753824234009,0.5027198791503906,1
21,8,0.023549729538516435,0.7673956751823425,1.3836978673934937,0.32432319064225457,2.9802322387695312e-08,0.0,False,0.9526931047439575,0.827498716675155,3.7724223136901855,0.3443076014518738,0.5010149478912354,1
21,9,-0.045309405637443276,0.7743135690689087,1.3871567249298096,0.46331042743154927,5.960464477539063e-08,0.0,False,0.9794632196426392,0.850750943035982,3.927328109741211,0.33074307441711426,0.5007941126823425,1
21,10,0.009245471946268029,0.7967057228088379,1.398352861404419,0.5749036212052617,0.0,0.0,False,1.0197854042053223,0.8857743475436974,4.200832843780518,0.30907896161079407,0.5296996831893921,1
21,11,-0.08273124038607511,0.798412561416626,1.3992061614990234,0.15720346144267497,1.1920928955078125e-07,0.0,False,1.0047035217285156,0.8726743908709165,4.127641201019287,0.31491324305534363,0.5304512977600098,1
21,12,-0.031352540158135815,0.7905301451683044,1.3952651023864746,0.5177789202758243,2.9802322387695312e-08,0.0,False,1.0019376277923584,0.870271965922911,4.280843257904053,0.30199921131134033,0.5529466867446899,1
21,13,0.10316365975908322,0.8027026057243347,1.4013512134552002,0.1915180576699122,8.940696716308594e-08,0.0,False,0.9545513391494751,0.8291127585719531,3.907978057861328,0.33290791511535645,0.560688853263855,1
21,14,-0.15543865308503718,0.7982764840126038,1.399138331413269,0.5878976264170238,8.940696716308594e-08,0.0,False,0.920434296131134,0.7994790715285103,3.5923826694488525,0.3648151159286499,0.5014301538467407,1
21,15,-0.014417365184361347,0.8220072388648987,1.4110037088394165,0.5463978637542044,8.940696716308594e-08,0.0,False,0.9360867738723755,0.8130746409507796,3.746579647064209,0.3496944308280945,0.5496357679367065,6
21,16,0.11184379722547134,0.8239723443984985,1.4119863510131836,0.42018129144396105,1.7881393432617188e-07,0.0,False,0.9426339864730835,0.8187614775594495,3.886446475982666,0.336916446685791,0.5413590669631958,6
21,17,-0.03946472726530395,0.8132038116455078,1.406601905822754,0.5512331298419407,0.0,0.0,False,0.911354124546051,0.7915921347002378,3.448946952819824,0.3819087743759155,0.5004287958145142,6
21,18,0.015495520368165441,0.8178601264953613,1.4089300632476807,0.10391675255128321,0.0,0.0,False,0.9194907546043396,0.7986595217714435,3.475515365600586,0.3792307376861572,0.5022907257080078,6
21,19,-0.028338821457169577,0.8122618198394775,1.4061309099197388,0.06140203986849113,0.0,0.0,False,0.9178578853607178,0.7972412295670945,3.471879720687866,0.37904247641563416,0.506301999092102,6
21,20,-0.004009408167977165,0.8064677119255066,1.4032338857650757,0.03415783814021528,2.9802322387695312e-08,0.0,False,0.9218407273292542,0.8007006821455506,3.483036994934082,0.37733685970306396,0.5043057203292847,6
21,21,-0.03479777583793123,0.8003426194190979,1.4001713991165161,0.04388072341680527,8.940696716308594e-08,0.0,False,0.9124796986579895,0.7925697959518139,3.4264495372772217,0.38328397274017334,0.5033945441246033,6
21,22,-0.007486584276211703,0.7902682423591614,1.3951342105865479,0.5294572466186115,8.940696716308594e-08,0.0,False,0.974692165851593,0.846606858367352,3.944424629211426,0.3301483988761902,0.5115684270858765,6
21,23,-0.005996428804452231,0.7899217009544373,1.3949607610702515,0.29118259570428306,8.940696716308594e-08,0.0,False,0.9657616019248962,0.8388498691000548,3.8550171852111816,0.33830398321151733,0.5041369199752808,6
21,24,-0.008855352693373855,0.8092662692070007,1.4046330451965332,0.18410572835377276,8.940696716308594e-08,0.0,False,0.959415078163147,0.8333373486020637,3.708447217941284,0.3538767099380493,0.5002246499061584,6
22,1,0.027596731495561348,0.7828615307807922,1.3914307355880737,1.3575362552489554,2.9802322387695312e-08,0.0,False,0.994182288646698,0.8635357639304139,4.330794811248779,0.29904741048812866,0.5088392496109009,1
22,2,0.05592070399453013,0.8101027011871338,1.405051350593567,0.2553540420319353,0.0,0.0,False,0.9996762871742249,0.8683077904185929,4.365792274475098,0.29826614260673523,0.5089967250823975,1
22,3,0.01550014412988968,0.8161298632621765,1.4080649614334106,0.393730319504227,2.9802322387695312e-08,0.0,False,0.9861756563186646,0.8565812914530276,4.121943473815918,0.31710466742515564,0.5115001797676086,1
22,4,0.002871813592557014,0.8196585774421692,1.4098293781280518,0.5745378647531783,8.940696716308594e-08,0.0,False,0.9725383520126343,0.8447360794367388,3.9763169288635254,0.329578697681427,0.5090621709823608,1
22,5,0.025251394095060758,0.8158421516418457,1.4079211950302124,0.20412903279066086,1.1920928955078125e-07,0.0,False,0.9817551374435425,0.8527416775437983,4.068440914154053,0.32147446274757385,0.5105793476104736,1
22,6,0.025172334852244266,0.8132763504981995,1.406638264656067,0.19221885449119977,8.940696716308594e-08,0.0,False,0.9699938297271729,0.8425259354614273,4.1512770652771,0.3146798312664032,0.5075843334197998,1
22,7,0.01956255033179431,0.8174160718917847,1.4087079763412476,0.5631875869418893,5.960464477539063e-08,0.0,False,1.0575107336044312,0.9185421523157284,4.598179340362549,0.2830201983451843,0.504371702671051,1
22,8,-0.04266213587112431,0.8189345002174377,1.4094672203063965,0.6597662823540824,2.9802322387695312e-08,0.0,False,1.041229248046875,0.9044002336460603,4.395140647888184,0.29688093066215515,0.5036461353302002,1
22,9,0.024552613821415898,0.8081352710723877,1.4040675163269043,1.0020559132099152,1.1920928955078125e-07,0.0,False,1.0813016891479492,0.9392067137392395,5.107885360717773,0.25297877192497253,0.5004720687866211,1
22,10,-0.07115470768378014,0.8143515586853027,1.4071757793426514,0.7698083370923996,0.0,0.0,False,1.0166594982147217,0.8830592200983651,4.149921417236328,0.31495243310928345,0.5043547749519348,1
22,11,-0.027333644012369335,0.7561764121055603,1.3780882358551025,0.8038090105567659,2.9802322387695312e-08,0.0,False,1.0800273418426514,0.9380998297338011,5.2052812576293945,0.24534155428409576,0.5029986500740051,1
22,12,0.0007381764914238618,0.77801913022995,1.3890095949172974,0.6948406408940043,2.9802322387695312e-08,0.0,False,1.0117207765579224,0.878769500971957,4.289096832275391,0.30199652910232544,0.5002347826957703,7
22,13,0.0030371993382003444,0.7539055347442627,1.3769526481628418,1.4559184515050478,1.1920928955078125e-07,0.0,False,0.9888625144958496,0.8589150668130437,4.078607082366943,0.3162050247192383,0.513249397277832,1
22,14,-0.046185723376512645,0.8118268847465515,1.4059134721755981,0.8385813342673437,2.9802322387695312e-08,0.0,False,1.0304627418518066,0.8950485651862695,4.3187432289123535,0.3019810914993286,0.5020341277122498,1
22,15,0.012889047917995292,0.7843642830848694,1.3921821117401123,0.4934833688395363,2.9802322387695312e-08,0.0,False,1.0173438787460327,0.883653665474906,4.27294397354126,0.3036094009876251,0.5003052353858948,1
22,16,-0.015347332002563649,0.7778410315513611,1.388920545578003,1.0912770884377614,2.9802322387695312e-08,0.0,False,0.9818552136421204,0.8528286026254227,3.9473869800567627,0.328926682472229,0.5133371949195862,1
22,17,-0.011251909445311107,0.7888158559799194,1.3944079875946045,0.36809950109039036,5.960464477539063e-08,0.0,False,0.9997827410697937,0.8684002550974381,4.050830841064453,0.3210848867893219,0.5087156295776367,1
22,18,-0.08348303873876989,0.8020845055580139,1.4010422229766846,0.7439114334327834,2.9802322387695312e-08,0.0,False,0.9476666450500488,0.8231327892580077,3.6534976959228516,0.3587844669818878,0.5017016530036926,1
22,19,-0.10746046721896099,0.7871381044387817,1.3935691118240356,0.8220703537975038,5.960464477539063e-08,0.0,False,0.9273236989974976,0.8054631308254506,3.508981943130493,0.3728872537612915,0.5000236630439758,1
22,20,-0.0912147705571367,0.7683883905410767,1.3841941356658936,0.06681695793356215,5.960464477539063e-08,0.0,False,0.952538251876831,0.8273642131837552,3.6637895107269287,0.3550102412700653,0.5000007748603821,1
22,21,-0.08136487609964206,0.7387831807136536,1.3693915605545044,0.14917505851813717,2.9802322387695312e-08,0.0,False,1.002994179725647,0.8711896752718539,4.057587623596191,0.31712478399276733,0.5003653764724731,1
22,22,-0.0008723369235808243,0.7176907658576965,1.3588453531265259,0.5358967142445701,2.9802322387695312e-08,0.0,False,0.9720215797424316,0.8442872167460396,3.867582321166992,0.3316366374492645,0.5001363754272461,2
22,23,-0.023003771090696703,0.7700251936912537,1.3850125074386597,0.4729440361261368,8.940696716308594e-08,0.0,False,0.9881274104118347,0.8582765635184194,4.0459136962890625,0.3196338415145874,0.528367280960083,2
22,24,0.030579758298370712,0.7884760499000549,1.394237995147705,0.5237731050167764,2.9802322387695312e-08,0.0,False,0.9999471306800842,0.8685430420987009,4.067960262298584,0.3195725381374359,0.5116000175476074,2
23,1,0.027682699986125443,0.7867553234100342,1.3933779001235962,1.2014432741062981,2.384185791015625e-07,0.0,False,1.005044937133789,0.8729709405240106,4.239850044250488,0.305822491645813,0.5159439444541931,1
23,2,-0.007183538143769412,0.7740660309791565,1.3870329856872559,0.0880422315427235,2.9802322387695312e-08,0.0,False,0.9996732473373413,0.868305150049824,4.072525978088379,0.3183026611804962,0.50692218542099,1
23,3,0.001839798085568686,0.7831428050994873,1.3915715217590332,0.15200840149606976,1.1920928955078125e-07,0.0,False,1.000396966934204,0.8689337649045495,4.0441365242004395,0.32107019424438477,0.5148407816886902,1
23,4,0.010798757210285176,0.7718183994293213,1.3859091997146606,0.3770684536014283,0.0,0.0,False,0.9919207692146301,0.8615714331102857,4.1155171394348145,0.31471896171569824,0.5054483413696289,1
23,5,0.03826331377343753,0.7654672861099243,1.3827334642410278,0.08477555641106174,1.7881393432617188e-07,0.0,False,0.997572124004364,0.8664801375112036,4.064401149749756,0.3183947205543518,0.5051472187042236,1
23,6,0.0006550867958906373,0.7771650552749634,1.388582468032837,0.40123340913227634,5.960464477539063e-08,0.0,False,1.0460214614868164,0.9085626973521985,4.263983726501465,0.3038007318973541,0.5000513195991516,1
23,7,0.0334419017525414,0.7668377161026001,1.3834187984466553,0.6463154490504947,5.960464477539063e-08,0.0,False,1.0333045721054077,0.8975169475815589,4.1499104499816895,0.31179267168045044,0.5000759959220886,1
23,8,0.020965291474412406,0.7780210971832275,1.3890104293823242,0.5900312417319844,1.1920928955078125e-07,0.0,False,0.9725138545036316,0.8447148011707784,3.776576042175293,0.34469059109687805,0.5036346912384033,1
23,9,0.03952798120314836,0.7589505910873413,1.3794753551483154,0.32610149575131286,5.960464477539063e-08,0.0,False,0.975121021270752,0.8469793574515021,3.7827682495117188,0.34239283204078674,0.5113661885261536,1
23,10,0.026151625594268847,0.7516880035400391,1.3758440017700195,0.3558654827730997,0.0,0.0,False,0.9872211217880249,0.8574893712217548,3.858842372894287,0.33487468957901,0.509321928024292,1
23,11,-0.011494526560581118,0.7558082342147827,1.3779041767120361,0.4840572625398636,5.960464477539063e-08,0.0,False,0.9588080644607544,0.8328101031992861,3.7055296897888184,0.3494328558444977,0.5157550573348999,1
23,12,-0.003298910531138826,0.7438631653785706,1.3719314336776733,0.17945229155676715,1.4901161193847656e-07,0.0,False,0.9845488667488098,0.8551682799862163,3.8137400150299072,0.3383857011795044,0.508502185344696,1
23,13,0.004705898476545547,0.7291043996810913,1.3645522594451904,0.1192954672234399,5.960464477539063e-08,0.0,False,1.0013903379440308,0.8697965960006503,3.930164098739624,0.32690179347991943,0.5067498683929443,1
23,14,-0.0068764963213027155,0.748021125793457,1.3740105628967285,0.37926401730094617,0.0,0.0,False,0.9716486930847168,0.8439633315103977,3.786045789718628,0.3414301574230194,0.5026892423629761,1
23,15,-0.10474218974342128,0.7406347393989563,1.3703174591064453,0.16586656549147208,8.940696716308594e-08,0.0,False,0.9372777938842773,0.8141091477887903,3.544591188430786,0.36466026306152344,0.5120252966880798,1
23,16,0.022554889504439575,0.7248193621635437,1.3624097108840942,0.4077792721135276,2.9802322387695312e-08,0.0,False,0.9820346236228943,0.8529844361547196,3.9765963554382324,0.32266902923583984,0.5046051144599915,1
23,17,-0.03607301627054751,0.7289748191833496,1.3644875288009644,0.46337734375681205,1.1920928955078125e-07,0.0,False,0.9128040075302124,0.7928514870590913,3.412442684173584,0.3780149817466736,0.5193092823028564,1
23,18,-0.006422733230582302,0.7136955261230469,1.3568477630615234,0.13890900143555238,0.0,0.0,False,0.9396006464958191,0.8161267519317246,3.578087568283081,0.3590187430381775,0.5015713572502136,1
23,19,0.027072253361886005,0.7114333510398865,1.3557167053222656,0.1793542270149503,2.9802322387695312e-08,0.0,False,0.9567261934280396,0.8310018129962016,3.839582681655884,0.33362990617752075,0.5003547072410583,6
23,20,-0.022028866720873758,0.7433210015296936,1.3716604709625244,0.16225263529590198,2.9802322387695312e-08,0.0,False,0.930601954460144,0.8083105873408437,3.5784530639648438,0.36156243085861206,0.5022993683815002,6
23,21,0.003478131203283506,0.7329978942871094,1.3664989471435547,0.10956769862345295,0.0,0.0,False,0.9182242751121521,0.7975594716616422,3.464137077331543,0.37262243032455444,0.5164395570755005,6
23,22,0.013373039664116317,0.7332605719566345,1.3666303157806396,0.040806956589221954,2.9802322387695312e-08,0.0,False,0.9018588066101074,0.7833446063332432,3.380476236343384,0.38200873136520386,0.5233796238899231,6
23,23,0.051507594790556215,0.7450984716415405,1.372549295425415,0.0435774507267134,5.960464477539063e-08,0.0,False,0.910718560218811,0.7910400905398081,3.3982367515563965,0.3815188407897949,0.5038255453109741,6
23,24,0.07527312334613093,0.761401355266571,1.3807004690170288,0.33759989908763344,2.086162567138672e-07,0.0,False,0.8911359310150146,0.7740308349310756,3.3302924633026123,0.3905985951423645,0.5235499143600464,6
24,1,-0.0635290431232491,0.7938700914382935,1.3969351053237915,1.2455375657549927,5.960464477539063e-08,0.0,False,1.0002315044403076,0.8687900460084271,4.147242546081543,0.31369084119796753,0.5071021318435669,2
24,2,0.11211654418815321,0.8192775249481201,1.4096388816833496,0.8074978574046067,1.1920928955078125e-07,0.0,False,0.9675558805465698,0.8404083597088344,3.8591582775115967,0.3400801420211792,0.5063871741294861,2
24,3,0.010614772141113261,0.8104792833328247,1.405239462852478,0.48490337175982334,1.7881393432617188e-07,0.0,False,1.0010497570037842,0.8695007711546693,4.226778030395508,0.308682918548584,0.505206823348999,2
24,4,-0.11566099508793125,0.8124191761016846,1.4062097072601318,0.24981069032635006,1.1920928955078125e-07,0.0,False,0.9572685360908508,0.8314728858477208,3.854743480682373,0.33989590406417847,0.5090464353561401,2
24,5,0.017710294053458607,0.7745654582977295,1.3872827291488647,0.18149301303284504,0.0,0.0,False,0.9521473050117493,0.8270246410513103,3.815380811691284,0.3403880298137665,0.5184879899024963,2
24,6,-0.008662803157834083,0.7870265245437622,1.3935133218765259,0.1509923934936524,5.960464477539063e-08,0.0,False,0.9630267024040222,0.8364743655591039,3.839738368988037,0.33914291858673096,0.5166921019554138,2
24,7,-0.06130085275282268,0.7618243098258972,1.3809120655059814,0.2396803711141859,8.940696716308594e-08,0.0,False,0.9883714318275452,0.858488517827038,3.9254934787750244,0.32982710003852844,0.5059242844581604,3
24,8,-0.03068158498993263,0.739700198173523,1.3698501586914062,0.22743517799036847,5.960464477539063e-08,0.0,False,1.0175154209136963,0.883802665108566,4.1129913330078125,0.31271448731422424,0.502051830291748,3
24,9,-0.03293844708950976,0.8025612831115723,1.4012805223464966,1.3881539425679617,1.1920928955078125e-07,0.0,False,1.0499168634414673,0.9119462004995985,4.724792003631592,0.27412012219429016,0.5076932311058044,6
24,10,0.01760057465425369,0.8128944039344788,1.4064472913742065,0.8765656458480018,8.940696716308594e-08,0.0,False,1.0909351110458374,0.947574197683437,5.204032897949219,0.24828046560287476,0.50025874376297,3
24,11,0.009404722783804477,0.8220539689064026,1.411026954650879,0.6594900212117605,2.9802322387695312e-08,0.0,False,1.0899524688720703,0.946720685535932,5.106374740600586,0.25373587012290955,0.5009803175926208,7
24,12,0.013442345669110074,0.8194305300712585,1.409715175628662,0.6565027151788985,8.940696716308594e-08,0.0,False,1.0516413450241089,0.9134440661705686,4.736208438873291,0.2745540738105774,0.5011469721794128,7
24,13,0.009123006448342765,0.8096930384635925,1.404846429824829,0.5230845553534371,8.940696716308594e-08,0.0,False,1.020697832107544,0.8865668723498363,4.506775856018066,0.2887113690376282,0.5001040101051331,7
24,14,0.006047382852601148,0.7954294085502625,1.397714614868164,0.5233398431113788,8.940696716308594e-08,0.0,False,0.9909918308258057,0.8607645674776966,4.169221878051758,0.3122624158859253,0.500101625919342,2
24,15,0.025822881866643707,0.7921305894851685,1.396065354347229,0.37422730667250487,5.960464477539063e-08,0.0,False,0.9994179010391235,0.8680833590732432,4.183389663696289,0.310905784368515,0.5011175870895386,2
24,16,-0.08392286289377204,0.7815217971801758,1.390760898590088,0.6386121298585621,0.0,0.0,False,0.9296056032180786,0.8074451676479107,3.487971067428589,0.37466421723365784,0.5021373629570007,2
24,17,-0.049383657775615174,0.7838481664657593,1.3919241428375244,0.4528941746268955,5.960464477539063e-08,0.0,False,0.9767217636108398,0.8483697445820003,3.809596538543701,0.3419967591762543,0.5053224563598633,2
24,18,-0.023593707347174458,0.7779753804206848,1.3889877796173096,0.26875674724578846,8.940696716308594e-08,0.0,False,1.0110856294631958,0.8782178192150838,4.308494567871094,0.29999762773513794,0.5219836235046387,2
24,19,-0.017941582010344,0.7898126244544983,1.3949062824249268,0.47605477805648544,2.9802322387695312e-08,0.0,False,0.9521332383155823,0.8270124228742625,3.706897497177124,0.35245782136917114,0.5005786418914795,2
24,20,-0.1103112848206144,0.7909189462661743,1.3954594135284424,0.14315844433648264,5.960464477539063e-08,0.0,False,0.9455147981643677,0.8212637188013037,3.797070264816284,0.34353840351104736,0.5120443105697632,2
24,21,0.0043604381957848045,0.764411449432373,1.3822057247161865,0.44657531061342776,0.0,0.0,False,0.9952749013900757,0.8644847953010261,4.199405670166016,0.3075120747089386,0.511175811290741,2
24,22,-0.0897621249547467,0.7714282274246216,1.3857141733169556,0.6999536720769747,5.960464477539063e-08,0.0,False,0.9913375377655029,0.8610648447102289,4.227786064147949,0.3061201572418213,0.500238299369812,6
24,23,-0.00843318367241705,0.7903817892074585,1.395190954208374,0.5335213243961334,5.960464477539063e-08,0.0,False,0.9743002653121948,0.846266457883921,4.200906276702881,0.30911117792129517,0.5129623413085938,2
24,24,-0.05509935730455469,0.7905398607254028,1.3952698707580566,0.33725634643009705,5.960464477539063e-08,0.0,False,0.9390360116958618,0.8156363163759005,3.669208526611328,0.35610008239746094,0.5070915222167969,6
25,1,0.042249341296711415,0.8361932635307312,1.4180965423583984,1.1762725093535016,8.940696716308594e-08,0.0,False,1.0242609977722168,0.8896617987223854,4.267251014709473,0.3071514368057251,0.5095921754837036,2
25,2,0.07673090688830947,0.8406866788864136,1.420343279838562,0.5856405688183648,5.960464477539063e-08,0.0,False,1.038258671760559,0.901820023867621,4.631964683532715,0.28189757466316223,0.5136716961860657,2
25,3,0.04508639301382334,0.7724959850311279,1.386247992515564,0.36683936629976543,0.0,0.0,False,1.061110496520996,0.9216688666573767,5.099691390991211,0.2514822781085968,0.5047914981842041,2
25,4,0.040940119910340966,0.7226622104644775,1.3613309860229492,0.6846740825900011,1.1920928955078125e-07,0.0,False,1.0456750392913818,0.9082617988564264,4.711635589599609,0.27045661211013794,0.5000048875808716,1
25,5,0.0654541144430362,0.6817339062690735,1.3408669233322144,0.5211899376341275,2.9802322387695312e-08,0.0,False,1.0034540891647339,0.8715891475349952,4.137523174285889,0.30653655529022217,0.5030436515808105,6
25,6,0.006259378508785194,0.6387954354286194,1.3193976879119873,0.28034183702298576,2.9802322387695312e-08,0.0,False,0.9971356987953186,0.8661010633910998,4.062313556671143,0.30909013748168945,0.5031054019927979,1
25,7,-0.020342837158985203,0.6700960397720337,1.3350480794906616,0.4010872542858124,5.960464477539063e-08,0.0,False,1.0289032459259033,0.8936940042359287,4.25924825668335,0.2966647446155548,0.5016804933547974,1
25,8,0.023335014204894707,0.7252011299133301,1.362600564956665,0.9906596967152186,0.0,0.0,False,1.0408940315246582,0.9041090682743771,4.333996772766113,0.2952139377593994,0.5000596642494202,1
25,9,0.019558257214231062,0.7522175312042236,1.3761086463928223,1.025477735059602,1.1920928955078125e-07,0.0,False,1.0685176849365234,0.9281026687679391,4.899372100830078,0.2610757648944855,0.5093376040458679,1
25,10,-0.012220387193794088,0.7393394708633423,1.3696696758270264,0.08282326800482614,5.960464477539063e-08,0.0,False,1.069648027420044,0.9290844717744466,4.9372148513793945,0.25836414098739624,0.5055058002471924,1
25,11,0.007042889678665616,0.7453129291534424,1.3726563453674316,1.331050755722182,1.1920928955078125e-07,0.0,False,1.1023213863372803,0.957464190740447,5.495389938354492,0.23112696409225464,0.5064871907234192,2
25,12,0.0005257531443114668,0.7461345791816711,1.3730673789978027,0.25273366059575764,8.940696716308594e-08,0.0,False,1.0684113502502441,0.9280103076329671,4.910980701446533,0.26030370593070984,0.500821590423584,2
25,13,0.009162665494356782,0.7333112359046936,1.3666555881500244,0.4261409427438463,2.9802322387695312e-08,0.0,False,1.0733768939971924,0.9323233241308647,4.8955979347229,0.26031288504600525,0.5060762166976929,7
25,14,-0.02395396863879721,0.7312322854995728,1.3656162023544312,0.4280704110860824,5.960464477539063e-08,0.0,False,1.0250966548919678,0.8903876412741275,4.170159339904785,0.30769777297973633,0.5004088878631592,2
25,15,-0.024696399900671222,0.7343271374702454,1.3671636581420898,0.16414409024374824,8.940696716308594e-08,0.0,False,1.0141147375106812,0.8808488690353071,4.063505172729492,0.31632235646247864,0.5001469850540161,2
25,16,0.010671598101632256,0.7344422340393066,1.3672211170196533,0.6905215723173959,0.0,0.0,False,1.0207842588424683,0.8866419416579694,4.032702445983887,0.31881988048553467,0.5009394288063049,2
25,17,-0.010636975355922042,0.7732215523719788,1.386610746383667,0.5141916956220355,2.9802322387695312e-08,0.0,False,1.0335731506347656,0.8977502319280745,4.207151889801025,0.3076567053794861,0.5060259103775024,2
25,18,0.022008385699043093,0.7671585083007812,1.3835792541503906,0.1101729976279395,0.0,0.0,False,1.0298138856887817,0.8944849758839682,4.185787677764893,0.30876675248146057,0.5103011131286621,2
25,19,-0.027174784021489866,0.7521946430206299,1.376097321510315,0.14203492445605137,0.0,0.0,False,1.0199089050292969,0.8858816189964228,4.111160755157471,0.31335127353668213,0.5182891488075256,2
25,20,-0.034357112389621816,0.7550121545791626,1.3775060176849365,0.18077575096062243,5.960464477539063e-08,0.0,False,1.0073497295379639,0.8749728577701418,4.149470806121826,0.3103103041648865,0.5271941423416138,2
25,21,0.008149988080804938,0.7405779361724854,1.3702889680862427,0.4086018673011236,0.0,0.0,False,1.012556552886963,0.8794954470675724,4.165829658508301,0.30816876888275146,0.5219852924346924,2
25,22,0.0277565573318437,0.7336199283599854,1.3668099641799927,0.5062360486813955,0.0,0.0,False,1.0345821380615234,0.8986266272715758,4.207442283630371,0.3047179579734802,0.5135375261306763,2
25,23,0.027386231089892986,0.7282494902610779,1.3641247749328613,0.5288430878094262,2.9802322387695312e-08,0.0,False,1.0293476581573486,0.8940800157955426,4.141902923583984,0.30961596965789795,0.5024135708808899,2
25,24,0.00471225576230207,0.7206979990005493,1.3603488206863403,0.37528389053685346,1.7881393432617188e-07,0.0,False,1.0359524488449097,0.8998168640950102,4.243082046508789,0.3013121783733368,0.5071050524711609,2
26,1,0.020013175974636265,0.7872648239135742,1.393632411956787,1.4757541056190218,0.0,0.0,False,0.9229088425636292,0.8016284352502023,3.502918243408203,0.37341630458831787,0.5056012868881226,3
26,2,0.04595621309733496,0.80809086561203,1.404045581817627,0.30736672558954786,1.4901161193847656e-07,0.0,False,0.9217028617858887,0.8005809336560942,3.515427827835083,0.37386366724967957,0.5044760704040527,3
26,3,-0.01654570732567596,0.8143659830093384,1.407183051109314,0.051179191895893705,5.960464477539063e-08,0.0,False,0.9162847399711609,0.7958748128432623,3.486985921859741,0.3775691092014313,0.5045630931854248,3
26,4,-0.048039761407384626,0.8113452196121216,1.4056726694107056,0.08428527734109331,5.960464477539063e-08,0.0,False,0.8985607028007507,0.7804799097629478,3.3631885051727295,0.3916805386543274,0.5061241984367371,3
26,5,-0.02193333585663776,0.8058101534843445,1.4029051065444946,0.07145203011376511,2.9802322387695312e-08,0.0,False,0.9165719747543335,0.7961243018059474,3.492600440979004,0.3759416341781616,0.5137737393379211,3
26,6,0.09116330160134471,0.7928006649017334,1.3964004516601562,0.2836405634880066,1.1920928955078125e-07,0.0,False,0.9136213660240173,0.7935614356262837,3.4579386711120605,0.3787757158279419,0.5116325616836548,3
26,7,0.010446337426144741,0.8057600855827332,1.402880072593689,0.3544439396687916,2.9802322387695312e-08,0.0,False,0.9176979660987854,0.7971023254610801,3.4555184841156006,0.3805035650730133,0.5003662705421448,2
26,8,-0.04543662739875437,0.7830925583839417,1.391546368598938,0.4295757977025849,8.940696716308594e-08,0.0,False,0.9391144514083862,0.8157044482445234,3.5577361583709717,0.3672369420528412,0.5003439784049988,2
26,9,-0.01775666270565083,0.7901902794837952,1.3950951099395752,0.44774184695311947,2.9802322387695312e-08,0.0,False,0.9431214928627014,0.8191849202292567,3.625732183456421,0.36060845851898193,0.5033539533615112,2
26,10,-0.034355371942599314,0.7773007750511169,1.3886504173278809,0.5581729380147799,2.9802322387695312e-08,0.0,False,1.023769497871399,0.8892348873328231,4.501847267150879,0.28677454590797424,0.5107618570327759,2
26,11,0.013978530851620034,0.7653312087059021,1.3826656341552734,0.21574186214378901,2.9802322387695312e-08,0.0,False,1.02970552444458,0.8943908545031504,4.471319675445557,0.2880387008190155,0.5123355388641357,2
26,12,-0.007097582713999615,0.7574201822280884,1.3787100315093994,0.7587924503854344,5.960464477539063e-08,0.0,False,1.0068025588989258,0.8744975913917544,4.089148044586182,0.31548431515693665,0.518109917640686,2
26,13,-0.024645832215675744,0.7661222219467163,1.383061170578003,0.609791955777577,5.960464477539063e-08,0.0,False,0.9761333465576172,0.8478586520234556,3.886984348297119,0.3335784077644348,0.5049208998680115,2
26,14,0.000694317260479623,0.7663168907165527,1.3831583261489868,0.20138492328780033,1.1920928955078125e-07,0.0,False,1.001786708831787,0.8701408793793296,4.235615253448486,0.30508333444595337,0.5040596723556519,2
26,15,-0.03489794652737854,0.7763257622718811,1.3881627321243286,0.1946731060743332,1.4901161193847656e-07,0.0,False,0.9654923677444458,0.8386160152622361,3.8060152530670166,0.3418552279472351,0.5010963082313538,2
26,16,-0.007818143734876135,0.766727089881897,1.3833634853363037,0.20644975560052056,5.960464477539063e-08,0.0,False,0.9965780973434448,0.8656167369237998,4.198066234588623,0.30805182456970215,0.5003920793533325,2
26,17,0.027161591003232205,0.7868974804878235,1.393448829650879,0.31612507679632734,8.940696716308594e-08,0.0,False,0.9435590505599976,0.8195649780161568,3.635023355484009,0.3593975007534027,0.5026670098304749,1
26,18,-0.06809258291021333,0.7982029914855957,1.3991013765335083,0.3713153930647033,1.1920928955078125e-07,0.0,False,0.892339825630188,0.7750765245074012,3.3309924602508545,0.3944367468357086,0.5046248435974121,1
26,19,0.011872892674934698,0.7684440016746521,1.3842220306396484,0.4133095177156585,2.9802322387695312e-08,0.0,False,0.943768322467804,0.8197467492857121,3.6256842613220215,0.35876306891441345,0.5045931339263916,2
26,20,-0.04683336153074737,0.7805445790290833,1.3902722597122192,0.14473538313593198,2.9802322387695312e-08,0.0,False,0.8921241164207458,0.7748891618686884,3.2917661666870117,0.39774182438850403,0.5006700754165649,2
26,21,0.03921645395655534,0.7868374586105347,1.3934189081192017,0.6195319699389594,1.7881393432617188e-07,0.0,False,0.906919002532959,0.7877398366665308,3.382474899291992,0.38712480664253235,0.5069383382797241,2
26,22,-0.08929568330633862,0.8192582726478577,1.4096291065216064,0.37827952738319137,2.9802322387695312e-08,0.0,False,0.9255929589271545,0.803959829101133,3.5432989597320557,0.3718830943107605,0.5000060796737671,2
26,23,0.00466585543418204,0.7643405795097351,1.38217031955719,0.29927728005817966,2.9802322387695312e-08,0.0,False,0.9979758858680725,0.8668308406100267,3.9450104236602783,0.3284648060798645,0.5003154873847961,2
26,24,-0.029626906691410937,0.7919694185256958,1.3959845304489136,0.27299838087388456,1.7881393432617188e-07,0.0,False,0.9907606840133667,0.8605637959073931,4.166601181030273,0.3121786415576935,0.5019915103912354,2
27,1,0.03511281636452509,0.7749505043029785,1.3874752521514893,1.2371881625482015,0.0,0.0,False,1.0125415325164795,0.8794824005395382,4.190580368041992,0.30896690487861633,0.5089665651321411,2
27,2,-0.03274613906795574,0.791970431804657,1.3959851264953613,0.6305169825042998,8.940696716308594e-08,0.0,False,1.0673739910125732,0.9271092688476235,4.912329196929932,0.2627279758453369,0.5011940002441406,2
27,3,-0.0058130681918242685,0.7692475318908691,1.3846237659454346,0.9923120545489448,0.0,0.0,False,1.0181758403778076,0.884376298166576,4.2296833992004395,0.3058323264122009,0.5000858902931213,3
27,4,-0.0401809191833233,0.7407848238945007,1.3703924417495728,0.32874693827969675,2.9802322387695312e-08,0.0,False,1.0134271383285522,0.8802516279741875,4.035153865814209,0.31903690099716187,0.5031173229217529,3
27,5,0.028721481978675672,0.7575781941413879,1.3787890672683716,0.1225425132683344,2.9802322387695312e-08,0.0,False,0.996760368347168,0.8657750555060556,3.9203298091888428,0.3301061987876892,0.5000062584877014,3
27,6,-0.0061258399616071916,0.7582064867019653,1.3791033029556274,0.5848766778196608,5.960464477539063e-08,0.0,False,1.0259110927581787,0.8910950530164244,4.483407974243164,0.2870529294013977,0.5016708970069885,3
27,7,-0.07979111166004157,0.7515138387680054,1.3757569789886475,0.4383635542222431,5.960464477539063e-08,0.0,False,0.9786472320556641,0.8500421852233323,4.132981777191162,0.31200122833251953,0.5014703869819641,7
27,8,0.025715023909574582,0.7345947623252869,1.3672974109649658,0.4376549231154578,2.9802322387695312e-08,0.0,False,0.9865970611572266,0.8569473190450972,4.18426513671875,0.3068600296974182,0.5003443360328674,7
27,9,0.017543582465703603,0.7457410097122192,1.3728704452514648,0.6471849445785796,5.960464477539063e-08,0.0,False,1.025700330734253,0.8909119874484529,4.278799057006836,0.30053120851516724,0.5021810531616211,7
27,10,0.08068249744196727,0.7508359551429749,1.3754180669784546,0.9680104415331566,8.940696716308594e-08,0.0,False,0.9777294993400574,0.8492450527148321,3.847132921218872,0.33597880601882935,0.504811704158783,2
27,11,-0.05944767284896524,0.7895939350128174,1.3947968482971191,0.6738817585366113,1.1920928955078125e-07,0.0,False,1.025031566619873,0.8903311063193128,4.172561168670654,0.3116002082824707,0.5001659393310547,2
27,12,0.01342703740934554,0.7799761295318604,1.3899880647659302,0.7395898050495556,0.0,0.0,False,1.052628993988037,0.9143019271607516,4.702200412750244,0.27438491582870483,0.5013096332550049,2
27,13,-0.020326189600586186,0.7921030521392822,1.3960514068603516,0.8461382538080215,1.1920928955078125e-07,0.0,False,0.962873101234436,0.8363409492783735,3.7629311084747314,0.34705206751823425,0.505547046661377,2
27,14,0.026006963569310836,0.8069024682044983,1.4034512042999268,0.23468892489160809,2.9802322387695312e-08,0.0,False,0.988987922668457,0.8590239949677417,4.010943412780762,0.32587534189224243,0.5028906464576721,2
27,15,-0.014710886324818808,0.8014562129974365,1.4007282257080078,0.09772945088999621,1.1920928955078125e-07,0.0,False,0.9882498979568481,0.8583829548482218,4.0633721351623535,0.32115355134010315,0.5011282563209534,2
27,16,0.08594632957164713,0.7987609505653381,1.3993804454803467,0.5841308512857984,2.9802322387695312e-08,0.0,False,1.0104941129684448,0.8777040345158337,4.0796685218811035,0.3194994330406189,0.5056750178337097,2
27,17,0.018503747831244685,0.8036071062088013,1.4018036127090454,0.5476517602801324,5.960464477539063e-08,0.0,False,0.9801942110061646,0.851385874066978,3.8739559650421143,0.33769679069519043,0.5012884140014648,2
27,18,0.027520862098072828,0.7868415713310242,1.393420696258545,0.3094714326517924,8.940696716308594e-08,0.0,False,1.003737449645996,0.8718352713217985,3.9765830039978027,0.3274190127849579,0.5003706216812134,2
27,19,-0.008016418651074013,0.7816468477249146,1.3908233642578125,0.5078752509185245,5.960464477539063e-08,0.0,False,1.018897294998169,0.8850029456877091,4.065930366516113,0.31956303119659424,0.5001125931739807,2
27,20,-0.013476456600011389,0.7927885055541992,1.3963943719863892,0.16924525584493366,1.1920928955078125e-07,0.0,False,1.01228928565979,0.8792633017036628,4.007292747497559,0.3252406120300293,0.5002753138542175,2
27,21,0.024880577835372827,0.7858022451400757,1.3929013013839722,0.7639967948198318,1.7881393432617188e-07,0.0,False,1.0308798551559448,0.8954108651989008,4.1547064781188965,0.3127115070819855,0.5010668635368347,2
27,22,-0.048221940161442954,0.7834042310714722,1.3917021751403809,0.710962963955743,5.960464477539063e-08,0.0,False,1.0368248224258423,0.9005745981597246,4.1690897941589355,0.3114425837993622,0.5002566576004028,2
27,23,0.0686159840880523,0.7491976022720337,1.3745988607406616,0.09150208532810211,5.960464477539063e-08,0.0,False,1.0278105735778809,0.8927449210933798,4.0836591720581055,0.31568384170532227,0.5042628049850464,2
27,24,-0.09924477355025388,0.7699267864227295,1.3849633932113647,0.7316929719277792,0.0,0.0,False,1.0179314613342285,0.8841640332263376,4.024208068847656,0.32216376066207886,0.5000169277191162,2
28,1,-0.026087594453855775,0.8219037055969238,1.410951852798462,1.4670827559062412,0.0,0.0,False,0.9312089681625366,0.8088378327436212,3.565398931503296,0.36956191062927246,0.5050979852676392,2
28,2,0.012055739216008863,0.8242348432540894,1.4121173620224,0.0915738088744027,5.960464477539063e-08,0.0,False,0.9097280502319336,0.7901797444966662,3.4423158168792725,0.3833933174610138,0.5088942050933838,2
28,3,-0.06496826424039029,0.8315249085426331,1.4157625436782837,0.10654580805982866,8.940696716308594e-08,0.0,False,0.926513671875,0.8047595502064653,3.5698304176330566,0.3698861598968506,0.5049964189529419,2
28,4,-0.024173820164915386,0.8083409667015076,1.4041705131530762,0.14269289161477772,2.9802322387695312e-08,0.0,False,0.9270031452178955,0.8051847013501817,3.596680164337158,0.3650444746017456,0.5070238709449768,3
28,5,-0.0007150230740948374,0.800808310508728,1.4004042148590088,0.5250386734093938,5.960464477539063e-08,0.0,False,0.9900453090667725,0.8599424291237976,3.9781885147094727,0.3283093571662903,0.5001463294029236,3
28,6,-0.015120719504842586,0.7989256381988525,1.3994626998901367,0.18239102193287446,1.1920928955078125e-07,0.0,False,1.0390591621398926,0.9025153209767433,4.442314147949219,0.29242008924484253,0.5007581114768982,3
28,7,0.046219908666248484,0.7899805903434753,1.3949902057647705,0.6270162910223007,8.940696716308594e-08,0.0,False,1.082557201385498,0.9402972378126984,5.204299449920654,0.2471407949924469,0.5005238652229309,3
28,8,0.013304598562173107,0.7786608338356018,1.3893306255340576,1.1571993327566554,2.086162567138672e-07,0.0,False,1.0017080307006836,0.8700725404229602,4.2798991203308105,0.3026964068412781,0.5010043978691101,7
28,9,0.05870742120665231,0.7639670372009277,1.3819835186004639,0.32296185834067204,0.0,0.0,False,0.9451665878295898,0.8209612671474322,3.6582138538360596,0.3551449179649353,0.5022259950637817,7
28,10,0.07103002839762469,0.7636629343032837,1.3818315267562866,0.32211243786982113,5.960464477539063e-08,0.0,False,0.9784768223762512,0.8498941692564684,3.825775146484375,0.338945597410202,0.5043734908103943,2
28,11,0.015425754624932727,0.7706643342971802,1.3853321075439453,0.1679566247122629,5.960464477539063e-08,0.0,False,1.0012775659561157,0.8696986434965207,3.95727276802063,0.3277985751628876,0.5034643411636353,2
28,12,-0.042572099647204806,0.7659257650375366,1.382962942123413,0.7950875056641442,5.960464477539063e-08,0.0,False,1.0511970520019531,0.9130581581548279,4.8153581619262695,0.2667756676673889,0.5035426616668701,2
28,13,-0.02896505865817309,0.761616587638855,1.3808083534240723,0.6050944168652806,5.960464477539063e-08,0.0,False,0.9775971174240112,0.8491300672435469,3.99873685836792,0.3236788213253021,0.5002395510673523,2
28,14,0.04140316367152834,0.7655542492866516,1.3827773332595825,0.8412354066967964,2.086162567138672e-07,0.0,False,0.9987844228744507,0.8675331269305959,3.931133270263672,0.3296489119529724,0.5046873092651367,2
28,15,-0.039542921531480715,0.7980160117149353,1.3990081548690796,0.4649500357253211,1.4901161193847656e-07,0.0,False,0.9869811534881592,0.857280937404828,3.8402962684631348,0.3403833210468292,0.5001636743545532,2
28,16,-0.07445323659469547,0.7887640595436096,1.3943819999694824,0.5850436261722018,2.9802322387695312e-08,0.0,False,1.0308830738067627,0.8954136608834795,4.156747817993164,0.3127366304397583,0.5017691850662231,2
28,17,0.0386689983097019,0.7654618620872498,1.3827309608459473,0.6746046394109726,2.9802322387695312e-08,0.0,False,1.0368406772613525,0.9005883694948718,4.171034812927246,0.31003016233444214,0.500928521156311,2
28,18,0.06476533227630075,0.8248375058174133,1.4124188423156738,0.3427513326917377,8.940696716308594e-08,0.0,False,0.9945008754730225,0.8638124849317734,3.9765379428863525,0.33011889457702637,0.5025771856307983,2
28,19,-0.05983087416781242,0.8255284428596497,1.4127641916275024,0.6011498602373259,2.9802322387695312e-08,0.0,False,0.959337592124939,0.833270045084427,3.913672685623169,0.33577024936676025,0.5004540681838989,2
28,20,-0.05012505239662981,0.7939687967300415,1.3969844579696655,0.5057953377919537,5.960464477539063e-08,0.0,False,0.9977235794067383,0.8666116900022147,4.049278736114502,0.32171884179115295,0.5036197304725647,2
28,21,-0.10894784589274069,0.8092347383499146,1.404617428779602,0.5360666492155621,5.960464477539063e-08,0.0,False,0.9522600769996643,0.8271225935554399,3.702084541320801,0.35425710678100586,0.5090437531471252,2
28,22,-0.05881737201170839,0.8004737496376038,1.40023672580719,0.15182001888751984,1.4901161193847656e-07,0.0,False,0.905540943145752,0.7865428694913328,3.4463934898376465,0.38052675127983093,0.520286500453949,2
28,23,-0.0024034923873119743,0.7969183325767517,1.3984591960906982,0.33303304016590124,2.9802322387695312e-08,0.0,False,0.885223925113678,0.7688957318512156,3.291112184524536,0.39924201369285583,0.505452573299408,2
28,24,-0.010755486876797742,0.8207504749298096,1.4103752374649048,0.06547596518482482,0.0,0.0,False,0.8789771795272827,0.7634698775751657,3.2562332153320312,0.4060709476470947,0.5004141330718994,6
29,1,-0.007222542791206264,0.7557237148284912,1.3778619766235352,1.1887578240462713,1.1920928955078125e-07,0.0,False,1.0101808309555054,0.8774319212168353,4.076056957244873,0.316873699426651,0.5000894069671631,2
29,2,-0.08314343728642763,0.7944111824035645,1.3972055912017822,0.12676049662487837,0.0,0.0,False,0.9910651445388794,0.8608282469597681,3.982942581176758,0.3274373412132263,0.5000509023666382,2
29,3,0.04902601398879815,0.81098473072052,1.4054923057556152,0.2626850647585731,5.960464477539063e-08,0.0,False,0.9349421262741089,0.8120804126794776,3.687073230743408,0.35609209537506104,0.5022066831588745,2
29,4,-0.03783310556250803,0.8478456735610962,1.423923134803772,0.8682077346103533,2.980232238769531e-07,0.0,False,0.996504008769989,0.8655523844065519,4.284693717956543,0.3068692088127136,0.500011682510376,2
29,5,0.06745753378239845,0.8097766041755676,1.404888391494751,0.6785798487918717,8.940696716308594e-08,0.0,False,0.9715617895126343,0.8438878480267715,4.195553779602051,0.3111836016178131,0.5001406669616699,3
29,6,0.016655153558291492,0.8130346536636353,1.4065172672271729,0.5560922750404904,5.960464477539063e-08,0.0,False,1.0493121147155762,0.9114209224304135,4.699925899505615,0.27645647525787354,0.5000063180923462,1
29,7,0.045210277171562514,0.8031244874000549,1.4015623331069946,0.36657585043992325,8.940696716308594e-08,0.0,False,0.9967938661575317,0.8658041513344493,4.329166412353516,0.3006962239742279,0.5007708072662354,3
29,8,0.00045142176372649397,0.7898516058921814,1.394925832748413,0.07059790566563606,2.9802322387695312e-08,0.0,False,1.0076252222061157,0.8752121476613082,4.422378063201904,0.2932358980178833,0.5005573034286499,3
29,9,0.04080170074621828,0.8143736720085144,1.40718674659729,1.0427467131188939,8.940696716308594e-08,0.0,False,1.0091434717178345,0.8765308824314917,4.115939140319824,0.3176408112049103,0.5054928064346313,1
29,10,0.06423720894362464,0.7781909108161926,1.389095425605774,1.046900138258934,2.9802322387695312e-08,0.0,False,1.0203838348388672,0.8862941377875984,4.295585632324219,0.3015071749687195,0.501153290271759,1
29,11,0.06683824048009686,0.7697131037712097,1.3848564624786377,0.12967155873775482,8.940696716308594e-08,0.0,False,1.012980580329895,0.8798637526248544,4.237546920776367,0.3052036166191101,0.5027252435684204,1
29,12,-0.09484236758365196,0.7591806054115295,1.3795902729034424,0.1401568427681923,2.9802322387695312e-08,0.0,False,0.9905201196670532,0.8603548443710999,4.010957717895508,0.3223588466644287,0.5047511458396912,1
29,13,-0.007285799265240749,0.8071536421775818,1.4035768508911133,1.4574399260537965,2.9802322387695312e-08,0.0,False,0.9287585020065308,0.8067093848843332,3.515106439590454,0.3739180862903595,0.5009496212005615,1
29,14,0.04162153666295916,0.8198438882827759,1.4099220037460327,0.13688626353229802,5.960464477539063e-08,0.0,False,0.9024718999862671,0.7838771324735584,3.4137589931488037,0.38643649220466614,0.5054881572723389,1
29,15,-0.01846811864469449,0.8133542537689209,1.4066771268844604,1.0578868921313969,0.0,0.0,False,0.9464824199676514,0.8221041844207744,3.678658962249756,0.35711127519607544,0.5028619766235352,1
29,16,0.022222263514315554,0.8215724229812622,1.4107862710952759,0.5826192551425526,5.960464477539063e-08,0.0,False,0.958914041519165,0.8329021537026383,3.879293203353882,0.3385668396949768,0.5009596347808838,1
29,17,0.014675500495436332,0.8167768716812134,1.408388376235962,0.0830408547605786,5.960464477539063e-08,0.0,False,0.9386385679244995,0.8152911011023616,3.742605686187744,0.3510577380657196,0.5019927620887756,1
29,18,0.010257029532923161,0.8095719218254089,1.4047859907150269,0.05923363832490791,2.9802322387695312e-08,0.0,False,0.9435031414031982,0.8195164159395851,3.8152151107788086,0.34353944659233093,0.5023839473724365,1
29,19,-0.01148795729759519,0.8085308074951172,1.4042655229568481,0.23828886821866035,1.1920928955078125e-07,0.0,False,0.9646744132041931,0.8379055489756772,4.008162975311279,0.3263095021247864,0.5000036954879761,1
29,20,-0.017658552404417646,0.8079311847686768,1.4039654731750488,0.26309991095747276,1.1920928955078125e-07,0.0,False,0.9489092826843262,0.8242121305931516,3.823662042617798,0.34266525506973267,0.5009105205535889,1
29,21,-0.02398660892209587,0.8040781617164612,1.4020390510559082,0.13861580725227093,2.9802322387695312e-08,0.0,False,0.9301437139511108,0.8079125646919284,3.5959620475769043,0.36494624614715576,0.5005983710289001,1
29,22,-0.07512464872134512,0.8148545622825623,1.407427191734314,0.4380462180290902,8.940696716308594e-08,0.0,False,0.9188984632492065,0.798145064037017,3.500235080718994,0.37607282400131226,0.5064598321914673,2
29,23,0.0417513445486664,0.7862933278083801,1.3931466341018677,0.12852612031357638,2.9802322387695312e-08,0.0,False,0.9564825892448425,0.8307902210911395,3.678349733352661,0.35501986742019653,0.500256359577179,2
29,24,-0.0011247520805712516,0.8319908976554871,1.4159953594207764,0.529822698129075,8.940696716308594e-08,0.0,False,0.9379387497901917,0.8146832467942301,3.731574773788452,0.35331928730010986,0.5023717880249023,1
30,1,0.03651447377586642,0.7931732535362244,1.3965866565704346,1.4598550072738101,2.9802322387695312e-08,0.0,False,0.9247102737426758,0.8031931384913792,3.5394136905670166,0.37005195021629333,0.5011888742446899,2
30,2,-0.016955970199489693,0.793520450592041,1.3967602252960205,0.21783193307263526,0.0,0.0,False,0.9811686277389526,0.8522322416872261,3.9668498039245605,0.3287411034107208,0.5005921721458435,2
30,3,-0.025952436012196663,0.8154371380805969,1.4077186584472656,0.22793750252042508,8.940696716308594e-08,0.0,False,0.9196627140045166,0.7988088838086601,3.494964361190796,0.37689709663391113,0.5000026226043701,2
30,4,0.00539865072889989,0.8216508030891418,1.410825490951538,0.09831740121756283,8.940696716308594e-08,0.0,False,0.9115765690803528,0.7917853475677914,3.461308240890503,0.38115963339805603,0.5028741359710693,2
30,5,0.010912552182319468,0.8020890355110168,1.401044487953186,0.5010036485535758,2.9802322387695312e-08,0.0,False,0.9749343991279602,0.8468172595178713,3.8188602924346924,0.34267574548721313,0.5005186200141907,3
30,6,-0.015285998322334961,0.8019754886627197,1.4009877443313599,0.12708693955625788,0.0,0.0,False,1.0050143003463745,0.8729443297485757,4.030853271484375,0.3239065408706665,0.5006842613220215,3
30,7,0.0549059719512286,0.8069294691085815,1.4034647941589355,0.07757188805512025,5.960464477539063e-08,0.0,False,1.0148823261260986,0.8815155880354022,4.133342266082764,0.31586405634880066,0.5008859634399414,3
30,8,-0.024494979610942505,0.7898187637329102,1.394909381866455,0.5101028670157705,0.0,0.0,False,1.0047688484191895,0.8727311329134778,4.300093650817871,0.301921010017395,0.5019809007644653,3
30,9,0.022008087267609493,0.810165286064148,1.4050827026367188,0.39759122686726706,5.960464477539063e-08,0.0,False,0.9727615118026733,0.8449299135675321,4.081258296966553,0.3202362656593323,0.5031806230545044,3
30,10,0.00246709234190963,0.8010045289993286,1.4005022048950195,0.41556891000696594,5.960464477539063e-08,0.0,False,0.965446412563324,0.8385760990990839,4.124608039855957,0.3160342574119568,0.5051765441894531,7
30,11,0.02954638470178801,0.8050430417060852,1.4025216102600098,0.613815287394183,8.940696716308594e-08,0.0,False,0.9706724286079407,0.8431153589601137,3.820148229598999,0.3426772356033325,0.5042809844017029,2
30,12,0.0007188999716431711,0.7933863997459412,1.396693229675293,0.6594718556318964,2.9802322387695312e-08,0.0,False,0.9403560757637024,0.8167829094567444,3.6134064197540283,0.36215266585350037,0.5033196210861206,2
30,13,0.027750870433905186,0.8118886947631836,1.4059442281723022,0.5117007536547524,1.1920928955078125e-07,0.0,False,0.9915010929107666,0.8612069069043787,3.9892992973327637,0.3280388116836548,0.5043144226074219,2
30,14,-0.01937224964935297,0.807360827922821,1.4036803245544434,0.1494462862610817,8.940696716308594e-08,0.0,False,1.0133428573608398,0.8801784224557736,4.054502964019775,0.32228463888168335,0.5018172860145569,2
30,15,0.02862798794945807,0.7916227579116821,1.3958113193511963,0.4359806882483619,5.960464477539063e-08,0.0,False,1.0153801441192627,0.8819479872502488,4.021502494812012,0.3239467442035675,0.5007194876670837,2
30,16,0.024590053185144293,0.7672250866889954,1.3836126327514648,0.4805869694267,8.940696716308594e-08,0.0,False,1.0277955532073975,0.8927318745653456,4.076691150665283,0.3176524043083191,0.5000976324081421,2
30,17,-0.14495151262812977,0.7557725310325623,1.377886176109314,0.46987734309264595,8.940696716308594e-08,0.0,False,1.0314903259277344,0.8959411133740036,4.094154357910156,0.31541088223457336,0.5004754662513733,2
30,18,-0.059173057351863775,0.7367729544639587,1.3683865070343018,0.0682643886123383,2.9802322387695312e-08,0.0,False,1.0275542736053467,0.8925223017658127,4.081265926361084,0.31495732069015503,0.5049126148223877,2
30,19,-0.013242592907856178,0.7840174436569214,1.392008900642395,0.11179384589195249,1.7881393432617188e-07,0.0,False,1.0217921733856201,0.8875174051066111,4.107793807983398,0.31627729535102844,0.5023432374000549,2
30,20,0.0189378121154788,0.7738968729972839,1.3869483470916748,0.5134460500308444,8.940696716308594e-08,0.0,False,1.0226759910583496,0.8882850793831611,4.155848503112793,0.311200886964798,0.5237049460411072,2
30,21,-0.02976271473128086,0.7670875191688538,1.3835439682006836,0.456784284540585,2.086162567138672e-07,0.0,False,1.0270838737487793,0.8921137176418221,4.178692817687988,0.309050589799881,0.5202696323394775,2
30,22,-0.020507024353507274,0.7822281122207642,1.3911139965057373,0.527879012482507,5.960464477539063e-08,0.0,False,1.0107505321502686,0.877926757387274,4.0494303703308105,0.3208770751953125,0.5032662153244019,2
30,23,-0.004755659079901116,0.7840896248817444,1.3920449018478394,0.14844249827521194,8.940696716308594e-08,0.0,False,1.025375485420227,0.8906298303937458,4.127358436584473,0.3147728145122528,0.5003476142883301,2
30,24,0.07682437903146655,0.7964653372764587,1.3982326984405518,0.10763097873755856,2.9802322387695312e-08,0.0,False,1.018676519393921,0.8848111824343816,4.132763385772705,0.3148444890975952,0.5133718252182007,2
31,1,0.05175185137673626,0.8130381107330322,1.4065189361572266,1.383590311876365,1.1920928955078125e-07,0.0,False,0.9534338116645813,0.8281420865318239,3.7323155403137207,0.35164904594421387,0.5062575340270996,2
31,2,0.015819669019273036,0.8177498579025269,1.4088751077651978,0.6920258849859238,1.7881393432617188e-07,0.0,False,1.0148241519927979,0.8814650586252382,4.183626174926758,0.31240060925483704,0.5087178349494934,2
31,3,-0.08336392333471329,0.8110105395317078,1.4055050611495972,0.22939460618155338,2.086162567138672e-07,0.0,False,1.01930832862854,0.8853599649628028,4.196483135223389,0.31088972091674805,0.510859489440918,2
31,4,0.04645790448368421,0.7952941060066223,1.3976470232009888,0.570132287485259,2.9802322387695312e-08,0.0,False,0.9744716882705688,0.8464153539737077,3.87760329246521,0.3365025222301483,0.5098598599433899,2
31,5,0.007067009055122704,0.8162603378295898,1.408130168914795,0.4921922875302179,0.0,0.0,False,0.9811784029006958,0.8522407322848357,3.945615768432617,0.3320924639701843,0.506250262260437,2
31,6,-0.03873778129654092,0.8194515705108643,1.4097259044647217,0.4894624820777348,1.1920928955078125e-07,0.0,False,0.9595575332641602,0.8334610835306416,3.8761134147644043,0.33850225806236267,0.5077447891235352,2
31,7,0.0872821104912075,0.7888354063034058,1.394417643547058,0.41520980426243387,5.960464477539063e-08,0.0,False,0.9950425624847412,0.8642829882919896,4.015957832336426,0.3239208161830902,0.5114221572875977,2
31,8,0.007220363112422141,0.7850808501243591,1.392540454864502,0.4807692883270127,2.9802322387695312e-08,0.0,False,1.015531063079834,0.8820790737938302,4.111199378967285,0.3159162998199463,0.5083761215209961,2
31,9,-0.1330701131402966,0.7807081341743469,1.390354037284851,0.631210180265563,2.9802322387695312e-08,0.0,False,0.976723313331604,0.848371090652353,3.779736280441284,0.3446710407733917,0.5010993480682373,2
31,10,0.08845881116126712,0.7503116726875305,1.3751559257507324,0.10493689349719443,8.940696716308594e-08,0.0,False,0.970992922782898,0.8433937366634459,3.7045187950134277,0.34942418336868286,0.5020447969436646,2
31,11,0.0764323395549709,0.780021607875824,1.3900107145309448,1.1321924584252492,8.940696716308594e-08,0.0,False,1.0308828353881836,0.895413453795733,4.16042423248291,0.31187352538108826,0.5006868839263916,2
31,12,-0.08099198370960525,0.7800823450088501,1.3900411128997803,0.09803643396922526,5.960464477539063e-08,0.0,False,1.013631820678711,0.8804294128046214,4.022434711456299,0.32302314043045044,0.5010997653007507,2
31,13,-0.01396483468193077,0.7746367454528809,1.38731849193573,0.694420880505017,1.1920928955078125e-07,0.0,False,1.032956600189209,0.897214703015434,4.1712727546691895,0.3106580376625061,0.5005892515182495,2
31,14,0.0190398030616767,0.7767784595489502,1.3883891105651855,0.12227770473275862,1.1920928955078125e-07,0.0,False,1.0382792949676514,0.9018379369576995,4.218395233154297,0.3071737587451935,0.5010694861412048,2
31,15,0.013627139942734592,0.8025108575820923,1.4012556076049805,0.22896955481597348,1.7881393432617188e-07,0.0,False,1.0107126235961914,0.8778938304355688,4.074182987213135,0.32019364833831787,0.5063179731369019,2
31,16,0.041426831910829034,0.8096989393234253,1.4048495292663574,0.48675161387239174,5.960464477539063e-08,0.0,False,0.9973704218864441,0.8663049412776019,3.951414108276367,0.33128368854522705,0.5000263452529907,2
31,17,0.010998747071777962,0.8037843108177185,1.4018921852111816,0.4279378056526184,2.9802322387695312e-08,0.0,False,0.9922972321510315,0.8618984246621262,3.882814884185791,0.3369234502315521,0.50072181224823,2
31,18,-0.05407886756862143,0.7822526097297668,1.3911263942718506,0.09205832864556976,8.940696716308594e-08,0.0,False,0.9863296747207642,0.8567150701373144,3.8315470218658447,0.3399658501148224,0.5004899501800537,2
31,19,0.0920431782353406,0.7833890914916992,1.3916945457458496,0.12963655165263574,0.0,0.0,False,1.012819766998291,0.8797240719397902,4.011338233947754,0.3242126703262329,0.5004208087921143,2
31,20,0.0729258579425287,0.8030325174331665,1.401516318321228,0.5410935442362513,5.960464477539063e-08,0.0,False,0.9588391184806824,0.8328370763782774,3.7561306953430176,0.348470002412796,0.50897216796875,2
31,21,2.3534025734850417e-05,0.7977498769760132,1.3988749980926514,0.4058315897626536,5.960464477539063e-08,0.0,False,0.9471448659896851,0.8226795777246304,3.843268394470215,0.3400149345397949,0.5028446316719055,2
31,22,-0.04020694334363025,0.7809115648269653,1.3904558420181274,0.5319621727934907,5.960464477539063e-08,0.0,False,0.9962684512138367,0.8653477817129367,3.985769033432007,0.32611119747161865,0.503623902797699,2
31,23,-0.017819290353632673,0.7956903576850891,1.3978451490402222,0.24277919743742254,2.9802322387695312e-08,0.0,False,0.9598568081855774,0.8337210304245287,3.7477991580963135,0.34869980812072754,0.5089304447174072,2
31,24,-0.050057990985553635,0.7897567749023438,1.3948783874511719,0.1819249572498457,0.0,0.0,False,0.9048339128494263,0.7859287507788675,3.374932050704956,0.38825923204421997,0.5079609155654907,2
32,1,0.042261503393861935,0.7795268297195435,1.3897632360458374,1.3494213074445724,1.7881393432617188e-07,0.0,False,0.9616198539733887,0.8352523925385071,3.7641637325286865,0.34595876932144165,0.5048390626907349,2
32,2,-0.0454218945185898,0.7832725644111633,1.3916362524032593,0.6719684824347496,2.9802322387695312e-08,0.0,False,1.0264500379562378,0.891563174867555,4.221462726593018,0.30721917748451233,0.5071236491203308,2
32,3,-0.014583742723688804,0.7712265253067017,1.3856133222579956,0.5279171700988496,5.960464477539063e-08,0.0,False,0.9339394569396973,0.8112095051612604,3.538395881652832,0.3680424690246582,0.5097877979278564,2
32,4,-0.00848375366751061,0.7792671322822571,1.3896336555480957,0.09705019848687313,8.940696716308594e-08,0.0,False,0.9700707197189331,0.8425927212596974,3.774364471435547,0.3450874388217926,0.5003097057342529,2
32,5,0.028126995598629502,0.7634192705154419,1.3817096948623657,0.4702550555978502,5.960464477539063e-08,0.0,False,0.9474808573722839,0.8229714161314898,3.617676258087158,0.3592616021633148,0.5007184743881226,3
32,6,-0.04099996519866648,0.7811971306800842,1.3905985355377197,0.4362011168684279,2.9802322387695312e-08,0.0,False,1.064597249031067,0.9246974214071488,4.883346080780029,0.26364225149154663,0.5064100027084351,3
32,7,-0.00535347082973639,0.7775679230690002,1.3887839317321777,0.6986936128565244,2.9802322387695312e-08,0.0,False,0.9987906217575073,0.8675385112120069,4.314005374908447,0.300121545791626,0.5011746883392334,7
32,8,0.009420881663549959,0.7834617495536804,1.391730785369873,0.6269129269889422,8.940696716308594e-08,0.0,False,0.9935396313667297,0.8629775589095234,4.081776142120361,0.3183843791484833,0.5006822347640991,7
32,9,0.060049360480168845,0.7635329365730286,1.381766676902771,0.34589599285806916,2.086162567138672e-07,0.0,False,0.9578592777252197,0.8319859975117947,3.7070024013519287,0.3502540588378906,0.5026654005050659,7
32,10,-0.04408608417136076,0.7667180299758911,1.3833589553833008,0.488129660487175,5.960464477539063e-08,0.0,False,1.0313694477081299,0.8958361198864906,4.214018821716309,0.30679336190223694,0.5020440816879272,2
32,11,0.01582916025343524,0.7693652510643005,1.3846826553344727,0.5453566270215171,2.9802322387695312e-08,0.0,False,1.0188703536987305,0.8849795447723463,4.057548999786377,0.3192571997642517,0.5043114423751831,2
32,12,0.024350055345189137,0.7945762872695923,1.397288203239441,0.6383642788444246,5.960464477539063e-08,0.0,False,1.0432555675506592,0.9061602724041931,4.223947048187256,0.30798038840293884,0.500133752822876,2
32,13,0.009980146935313142,0.8013448715209961,1.400672435760498,0.14766752932752875,0.0,0.0,False,1.0377124547958374,0.9013455858402197,4.197229862213135,0.31048905849456787,0.5000327229499817,2
32,14,-0.0394359786435533,0.7966583967208862,1.398329257965088,0.10657062275069104,5.960464477539063e-08,0.0,False,1.027908205986023,0.8928297235256019,4.119481086730957,0.31626632809638977,0.5007628798484802,2
32,15,0.039447153065541314,0.8184747099876404,1.4092373847961426,0.6329918003508025,2.9802322387695312e-08,0.0,False,1.000690221786499,0.8691884828328356,4.129166126251221,0.3169255256652832,0.5030992031097412,2
32,16,-0.02522218309696985,0.8125951886177063,1.4062978029251099,0.7971661665609906,2.086162567138672e-07,0.0,False,1.0216906070709229,0.8874291857265706,4.162205219268799,0.31391096115112305,0.5026288032531738,2
32,17,-0.013281010979226755,0.8030223846435547,1.4015111923217773,0.8101133746760232,0.0,0.0,False,0.9916915893554688,0.8613723700138914,3.927541971206665,0.33285287022590637,0.5013521909713745,2
32,18,-0.012979522661103582,0.8132057189941406,1.4066027402877808,0.452309644648007,1.1920928955078125e-07,0.0,False,1.0369281768798828,0.9006643706978644,4.2188544273376465,0.30960777401924133,0.5003896951675415,2
32,19,0.07057378780914475,0.8059450387954712,1.4029724597930908,0.5027246560369218,5.960464477539063e-08,0.0,False,1.0385456085205078,0.9020692539706228,4.21400260925293,0.3095068633556366,0.5000057220458984,2
32,20,0.04931564079577586,0.8063768148422241,1.4031884670257568,1.2327335737645626,5.960464477539063e-08,0.0,False,0.9789283275604248,0.850286341676543,4.280429363250732,0.3041756749153137,0.5120174288749695,2
32,21,-0.09548729628810566,0.787617027759552,1.3938084840774536,0.5383851240788188,2.9802322387695312e-08,0.0,False,1.00912344455719,0.8765134870607795,4.25446891784668,0.3047600984573364,0.516697347164154,6
32,22,-0.09477022059493478,0.8028399348258972,1.4014198780059814,1.1042380673544747,8.940696716308594e-08,0.0,False,0.9347034096717834,0.8118730660732204,3.659442901611328,0.3580869436264038,0.5071926116943359,2
32,23,-0.1160928535512332,0.823901891708374,1.4119510650634766,0.6933971249631474,1.1920928955078125e-07,0.0,False,1.0018917322158813,0.8702321015316955,4.114389419555664,0.3182307481765747,0.5118890404701233,2
32,24,-0.06034053471020268,0.8089995980262756,1.4044997692108154,0.3213352454560143,2.9802322387695312e-08,0.0,False,0.9349676370620728,0.812102571068361,3.6302525997161865,0.3611200153827667,0.5236259698867798,2
33,1,0.0064877158005583885,0.7717025876045227,1.385851502418518,1.2842930778861046,2.086162567138672e-07,0.0,False,1.0060735940933228,0.8738644206066043,4.173199653625488,0.3102341890335083,0.5033038258552551,1
33,2,-0.09469024220713398,0.7649543285369873,1.3824772834777832,0.8764426176037108,1.1920928955078125e-07,0.0,False,0.9673037528991699,0.8401893644168323,3.734097957611084,0.3477654755115509,0.5014461278915405,1
33,3,-0.09950033081817647,0.7917773723602295,1.3958888053894043,0.9330776035785675,1.1920928955078125e-07,0.0,False,1.0055971145629883,0.873450555745076,4.20933198928833,0.3084894120693207,0.5154717564582825,1
33,4,-0.04795829453069455,0.7409676909446716,1.3704839944839478,0.5794112490756171,1.4901161193847656e-07,0.0,False,1.0190162658691406,0.8851062824732496,4.207369804382324,0.3050369620323181,0.5215842127799988,1
33,5,-0.0644173910596511,0.7509717345237732,1.3754857778549194,1.0911619939974375,8.940696716308594e-08,0.0,False,0.9842302799224854,0.8548915589848567,3.9024083614349365,0.3309929072856903,0.5071618556976318,1
33,6,0.13129410653066662,0.771324634552002,1.3856620788574219,1.0806455814412663,2.384185791015625e-07,0.0,False,1.0257169008255005,0.8909263800468399,4.265345096588135,0.30278509855270386,0.5200300812721252,1
33,7,-0.03564787496562663,0.7796136140823364,1.3898069858551025,0.8688549335513797,1.7881393432617188e-07,0.0,False,0.9596182107925415,0.8335137873621448,3.874926805496216,0.3358192443847656,0.5000761151313782,1
33,8,0.033949078945604096,0.7526760697364807,1.3763378858566284,0.5846275889447756,1.4901161193847656e-07,0.0,False,0.9685969948768616,0.8413126601261866,3.832892894744873,0.3375393748283386,0.5,1
33,9,-0.03602353633797971,0.7577730417251587,1.3788865804672241,0.6026408917137555,5.960464477539063e-08,0.0,False,0.9978958964347839,0.8667613626710512,3.9728102684020996,0.32559293508529663,0.5000017285346985,1
33,10,0.03879448064275919,0.754727840423584,1.377363920211792,0.29826727935246067,0.0,0.0,False,1.0139470100402832,0.8807031828055922,4.07265043258667,0.31680071353912354,0.5110565423965454,1
33,11,0.05294218240081745,0.7415127158164978,1.3707562685012817,0.6456220948270389,8.940696716308594e-08,0.0,False,0.9543597102165222,0.8289463117956443,3.6756443977355957,0.35156136751174927,0.5007686018943787,1
33,12,0.03826277360873209,0.73446124792099,1.367230772972107,0.11503514753920688,1.4901161193847656e-07,0.0,False,0.9791783690452576,0.8505035249507625,3.879115581512451,0.33193862438201904,0.5002457499504089,1
33,13,0.03454974969404601,0.7445446252822876,1.3722723722457886,0.05223615786858962,5.960464477539063e-08,0.0,False,0.9755756855010986,0.8473742737842188,3.8595235347747803,0.33438247442245483,0.5042070746421814,1
33,14,-0.011899364096299358,0.7492415904998779,1.374620795249939,0.07062056979962758,0.0,0.0,False,0.9514754414558411,0.8264410677814648,3.706810235977173,0.34882107377052307,0.5137344598770142,1
33,15,0.09720004919639047,0.7465977668762207,1.3732990026474,0.4746774328606469,1.1920928955078125e-07,0.0,False,0.9901599287986755,0.8600419865579632,3.896665573120117,0.3312343955039978,0.5042605400085449,1
33,16,-0.01987117432344029,0.7592690587043762,1.3796346187591553,0.5101026115672929,8.940696716308594e-08,0.0,False,0.9420425891876221,0.8182477964040725,3.6499764919281006,0.35538268089294434,0.5100563764572144,1
33,17,0.03888167730617646,0.7537807822227478,1.3768903017044067,0.16224837196724748,8.940696716308594e-08,0.0,False,0.9666429758071899,0.8396154207272024,3.7797129154205322,0.3423629403114319,0.5075933933258057,1
33,18,0.0054791575469522544,0.754422128200531,1.377211093902588,0.5876074241740362,2.9802322387695312e-08,0.0,False,1.023201584815979,0.8887416043204837,4.221574306488037,0.3051435351371765,0.5113045573234558,1
33,19,-0.011519508894737901,0.7601826786994934,1.3800914287567139,0.5528603164213044,8.940696716308594e-08,0.0,False,0.9897884130477905,0.8597192920768641,4.020211219787598,0.3217114210128784,0.5027700662612915,1
33,20,0.004708899062413329,0.7385187149047852,1.3692593574523926,0.4733896840895925,0.0,0.0,False,1.016623854637146,0.8830282604802523,4.157073020935059,0.3088153302669525,0.5172576308250427,1
33,21,0.010578729589694368,0.7441744208335876,1.3720872402191162,0.30888979136943817,2.9802322387695312e-08,0.0,False,1.0526328086853027,0.9143052405646968,4.48939847946167,0.285500168800354,0.5124140977859497,1
33,22,0.02092943039323196,0.7512709498405457,1.3756353855133057,0.4641164072922298,8.940696716308594e-08,0.0,False,1.0173742771148682,0.8836800691625941,4.27410888671875,0.3009432852268219,0.5144773721694946,1
33,23,-0.058665680630600785,0.7705742120742798,1.3852871656417847,0.3990323330674852,5.960464477539063e-08,0.0,False,1.0133867263793945,0.8802165266011432,4.270727157592773,0.30217814445495605,0.5261176824569702,1
33,24,-0.00947460720893973,0.7549348473548889,1.377467393875122,0.8667540390576634,2.9802322387695312e-08,0.0,False,0.9932839274406433,0.8627554573013229,4.033945560455322,0.320236474275589,0.5008424520492554,2
34,1,-0.009237922893030331,0.7917360663414001,1.395867943763733,1.1918948250157493,8.940696716308594e-08,0.0,False,1.0071195363998413,0.8747729145508246,4.11378288269043,0.3158232271671295,0.5211628675460815,2
34,2,0.0585989717958488,0.7936531901359558,1.3968265056610107,0.2209497232522284,8.940696716308594e-08,0.0,False,0.9736866354942322,0.845733465796176,3.906637668609619,0.33357056975364685,0.517325758934021,2
34,3,0.062223089550612884,0.8291418552398682,1.4145708084106445,0.9819158975567136,1.1920928955078125e-07,0.0,False,1.099578619003296,0.9550818533038592,5.528235912322998,0.2333020269870758,0.5100466012954712,2
34,4,0.005511614810675895,0.7683993577957153,1.3841995000839233,1.0201141951339587,1.7881393432617188e-07,0.0,False,0.9812610745429993,0.8523125399609601,3.969510078430176,0.3266650438308716,0.5001553297042847,6
34,5,-0.008804867944163682,0.8084197044372559,1.4042099714279175,1.1566685533949308,1.1920928955078125e-07,0.0,False,1.0483272075653076,0.9105654429493161,4.544120788574219,0.28614532947540283,0.5001286268234253,1
34,6,0.05692952880796554,0.7999444603919983,1.3999722003936768,1.0858549518244607,2.9802322387695312e-08,0.0,False,1.0069721937179565,0.8746449343234418,4.300583839416504,0.3026009202003479,0.500037670135498,2
34,7,0.014488862639255534,0.7882055044174194,1.3941028118133545,0.5986859372683934,5.960464477539063e-08,0.0,False,1.062976360321045,0.9232895353620652,4.951675891876221,0.26035624742507935,0.5002713203430176,2
34,8,-0.008246744038946008,0.7920675277709961,1.396033763885498,0.7914960735610553,0.0,0.0,False,1.0388299226760864,0.9023162061084123,4.3295769691467285,0.2999272346496582,0.5016448497772217,7
34,9,0.01579988204717033,0.7833975553512573,1.3916988372802734,0.3693023302725382,5.960464477539063e-08,0.0,False,1.0142158269882202,0.8809366742398544,4.265239238739014,0.30406761169433594,0.5021721124649048,7
34,10,0.009192342893871748,0.8015866875648499,1.4007933139801025,0.3240842861788614,2.9802322387695312e-08,0.0,False,0.9765232801437378,0.8481973440329774,3.9468209743499756,0.331015944480896,0.5026794075965881,2
34,11,0.009502759415061169,0.8060588240623474,1.403029441833496,0.8873714623706682,2.9802322387695312e-08,0.0,False,0.9951542615890503,0.8643800089012595,4.166755199432373,0.313183069229126,0.5000245571136475,7
34,12,0.0030118528720136932,0.7996319532394409,1.3998161554336548,0.16653682930128896,1.7881393432617188e-07,0.0,False,1.007352352142334,0.8749751357353541,4.224103927612305,0.30828049778938293,0.5011109113693237,7
34,13,0.005426996131659383,0.7967860102653503,1.398392915725708,0.8301028992448534,8.940696716308594e-08,0.0,False,0.9760753512382507,0.8478082779291014,3.991910696029663,0.3267843425273895,0.5021988749504089,2
34,14,-0.06055665307043132,0.7896719574928284,1.3948359489440918,0.3869214696543557,2.9802322387695312e-08,0.0,False,0.936286449432373,0.8132480769385354,3.5438106060028076,0.3692496418952942,0.5021467804908752,2
34,15,-0.01640315060727283,0.7685133814811707,1.3842566013336182,0.5554430325116431,8.940696716308594e-08,0.0,False,1.008030652999878,0.8755643003743573,3.967297315597534,0.326723575592041,0.5055290460586548,2
34,16,0.023886885536874854,0.7833985090255737,1.391699194908142,0.12691152521542134,5.960464477539063e-08,0.0,False,1.0298131704330444,0.8944843546207285,4.12169885635376,0.3151562213897705,0.5010458827018738,2
34,17,0.055265180051346424,0.8209121823310852,1.4104560613632202,1.1272280386516025,2.9802322387695312e-08,0.0,False,1.0487953424453735,0.9109720597397143,4.455322265625,0.29265183210372925,0.5085711479187012,2
34,18,0.008053586397367463,0.7631529569625854,1.381576657295227,0.7798770538398198,1.7881393432617188e-07,0.0,False,1.0879402160644531,0.9449728649548471,5.175667762756348,0.24685785174369812,0.5152462720870972,1
34,19,0.0006569409539726109,0.8248753547668457,1.4124376773834229,0.751332086111818,0.0,0.0,False,0.9659771919250488,0.8390371281948944,3.836982250213623,0.3426360785961151,0.5034905076026917,2
34,20,-0.014125455703548132,0.8169514536857605,1.408475637435913,0.4629807631884302,8.940696716308594e-08,0.0,False,0.9403313994407654,0.8167614758749739,3.5732734203338623,0.3684464991092682,0.5001136064529419,2
34,21,-0.03328115464234356,0.7782708406448364,1.389135479927063,1.2826772342835153,5.960464477539063e-08,0.0,False,0.9931527972221375,0.862641559040707,4.055564880371094,0.31981852650642395,0.5134174823760986,1
34,22,-0.03753154146270649,0.8104693293571472,1.4052345752716064,1.355765461921692,8.940696716308594e-08,0.0,False,0.9869215488433838,0.8572291654681845,3.87722110748291,0.33794906735420227,0.5001298189163208,2
34,23,0.036269896621052386,0.7830305099487305,1.3915152549743652,1.0463377588561604,0.0,0.0,False,0.9392715692520142,0.8158409190695157,3.551772356033325,0.367875874042511,0.5001503229141235,2
34,24,-0.006025917936126335,0.8347057104110718,1.4173529148101807,0.35641592741012573,5.960464477539063e-08,0.0,False,0.9390661120414734,0.8156624612039055,3.590193033218384,0.3681103587150574,0.500096321105957,2
35,1,-0.034082076224095106,0.8094794750213623,1.4047397375106812,1.2014798053673335,0.0,0.0,False,1.0224368572235107,0.8880773703733474,4.613012790679932,0.2809506356716156,0.5273863077163696,2
35,2,0.009515590997178497,0.803958535194397,1.4019792079925537,0.1700879122529711,5.960464477539063e-08,0.0,False,0.9904970526695251,0.8603348086316188,4.244555950164795,0.3063553273677826,0.5246676206588745,3
35,3,0.06946974246592416,0.8011394739151001,1.4005697965621948,0.8633395092827933,5.960464477539063e-08,0.0,False,1.0921143293380737,0.9485984536779922,5.425215244293213,0.2364492118358612,0.5215524435043335,1
35,4,0.057160066182949346,0.7751842737197876,1.3875921964645386,0.63318860743727,5.960464477539063e-08,0.0,False,1.0288079977035522,0.8936112726811724,4.461419105529785,0.28933680057525635,0.511795163154602,1
35,5,-0.007863629256984004,0.7760012149810791,1.3880006074905396,0.13714919984340673,0.0,0.0,False,1.0427378416061401,0.9057105813625075,4.498809814453125,0.28701767325401306,0.5062075257301331,1
35,6,-0.006470344235411711,0.8039106130599976,1.4019553661346436,1.146545872092247,5.960464477539063e-08,0.0,False,0.9944644570350647,0.8637808522784842,4.223521709442139,0.3084268569946289,0.5076793432235718,2
35,7,-0.018899093413025026,0.8156132102012634,1.4078067541122437,0.13681127822824896,1.4901161193847656e-07,0.0,False,1.012415885925293,0.8793732652970937,4.317551136016846,0.30232661962509155,0.5015038847923279,1
35,8,-0.07404210116748651,0.7885763645172119,1.3942883014678955,0.4861095004848071,1.1920928955078125e-07,0.0,False,0.9880830645561218,0.8582380451975566,4.298635005950928,0.30199968814849854,0.5000251531600952,3
35,9,-0.01517923698631539,0.7305801510810852,1.3652902841567993,0.43089013866015835,2.086162567138672e-07,0.0,False,1.0160300731658936,0.8825125084474097,4.309900760650635,0.2972288429737091,0.5029425621032715,3
35,10,0.011011568476167074,0.7924360632896423,1.3962180614471436,0.5106596989291055,2.9802322387695312e-08,0.0,False,1.0548542737960815,0.9162347806434005,4.651975631713867,0.2782154977321625,0.501551628112793,1
35,11,0.02084337366402292,0.7820203304290771,1.3910102844238281,0.5024808943271637,1.1920928955078125e-07,0.0,False,1.082641363143921,0.9403703397872389,5.062638282775879,0.2539917230606079,0.5018216967582703,1
35,12,-0.042109765525556765,0.7691428661346436,1.3845715522766113,0.35175174474716187,1.1920928955078125e-07,0.0,False,1.0015226602554321,0.8699115296999989,4.140674114227295,0.3126811385154724,0.5000002384185791,1
35,13,0.024774246261766483,0.758436918258667,1.3792184591293335,0.5617555528879166,0.0,0.0,False,1.0308911800384521,0.8954207018668631,4.51668119430542,0.2847152352333069,0.5073223114013672,7
35,14,-0.008590351157930005,0.7788406610488892,1.3894202709197998,0.4772382495658739,5.960464477539063e-08,0.0,False,1.005789041519165,0.8736172613810681,4.362558841705322,0.29661041498184204,0.5051507353782654,1
35,15,0.010779651963799089,0.7850048542022705,1.3925024271011353,0.48384560963937207,0.0,0.0,False,0.9728307723999023,0.8449900725579118,3.9450104236602783,0.3299493193626404,0.5026636123657227,2
35,16,0.024902048229057755,0.7951648235321045,1.3975825309753418,0.8597007979239736,1.1920928955078125e-07,0.0,False,1.02492094039917,0.8902350176049024,4.487658977508545,0.28890517354011536,0.5076301693916321,1
35,17,-0.03553883569259655,0.7950958013534546,1.397547960281372,0.13287836100373943,5.960464477539063e-08,0.0,False,1.0243170261383057,0.8897104643428303,4.5385355949401855,0.2855968177318573,0.5043239593505859,1
35,18,0.004682148279670031,0.7791056036949158,1.3895528316497803,0.7980166907821382,2.9802322387695312e-08,0.0,False,0.9725726842880249,0.8447659000722455,4.01051664352417,0.3238510489463806,0.5048824548721313,2
35,19,-0.039054410493389244,0.7931212782859802,1.396560788154602,0.5849132261105945,1.4901161193847656e-07,0.0,False,0.9948776364326477,0.864139735343297,3.8993730545043945,0.3346104919910431,0.5015690326690674,2
35,20,0.009428001129776223,0.7736460566520691,1.386823058128357,0.3426437782389778,2.9802322387695312e-08,0.0,False,1.0391530990600586,0.9025969135488934,4.1836137771606445,0.30964580178260803,0.500156044960022,2
35,21,-0.08825674056317913,0.8214922547340393,1.4107462167739868,0.7059277636664253,8.940696716308594e-08,0.0,False,1.0150575637817383,0.8816677975291342,4.1228556632995605,0.3176383674144745,0.5031136274337769,2
35,22,0.030020773319038473,0.8199908137321472,1.409995436668396,0.8711431856666292,2.9802322387695312e-08,0.0,False,1.0295544862747192,0.8942596644156957,4.196741104125977,0.3115454316139221,0.5080804228782654,2
35,23,-0.014464875616904689,0.8326513767242432,1.416325569152832,0.6798792396272931,1.1920928955078125e-07,0.0,False,0.9565290212631226,0.8308305514297848,3.676130771636963,0.3589884340763092,0.5002425909042358,2
35,24,-0.052709877021541424,0.8248155117034912,1.4124077558517456,0.41545818533216194,0.0,0.0,False,0.9699912071228027,0.8425236574962149,3.756951093673706,0.3502839207649231,0.5021166801452637,2
36,1,-0.13200848159327863,0.7741726636886597,1.3870865106582642,1.3092634550162723,1.7881393432617188e-07,0.0,False,0.9741814136505127,0.8461632246422538,3.796128511428833,0.34263336658477783,0.5002198219299316,2
36,2,-0.12933760176384404,0.7604320049285889,1.3802162408828735,0.38508003205060953,2.384185791015625e-07,0.0,False,0.9516444802284241,0.8265878929937857,3.6419692039489746,0.3563552498817444,0.5074973106384277,2
36,3,0.11141547635935227,0.7516626119613647,1.3758312463760376,0.0672403084380285,5.960464477539063e-08,0.0,False,0.968571126461029,0.8412901911056834,3.791663408279419,0.3409455716609955,0.5127607583999634,2
36,4,0.058726356628104846,0.8004090785980225,1.4002045392990112,1.655439348093101,0.0,0.0,False,1.075981616973877,0.9345857577621862,5.105353832244873,0.2523048222064972,0.5155228972434998,1
36,5,-0.058758852820338055,0.7840934991836548,1.392046570777893,0.4092363928045546,1.7881393432617188e-07,0.0,False,1.0475261211395264,0.9098696281208273,4.527381896972656,0.2857641577720642,0.5006831288337708,1
36,6,-0.04061470068161015,0.8004074096679688,1.4002037048339844,1.580319019300597,0.0,0.0,False,1.0414750576019287,0.904613741112778,4.702600955963135,0.27557095885276794,0.5000497102737427,2
36,7,-0.00352673326016984,0.8237939476966858,1.4118969440460205,0.895916695041316,2.9802322387695312e-08,0.0,False,1.0883829593658447,0.9453574269002352,5.284852027893066,0.24476850032806396,0.5005705952644348,1
36,8,0.022071125948399925,0.8183730840682983,1.409186601638794,0.26966458133288784,5.960464477539063e-08,0.0,False,1.0651772022247314,0.9252011623506902,5.028537750244141,0.25772625207901,0.5001398324966431,7
36,9,-0.044519756709075146,0.7929720878601074,1.3964861631393433,0.60054697734969,1.1920928955078125e-07,0.0,False,1.0282385349273682,0.8931166435984802,4.501877784729004,0.287972629070282,0.5018794536590576,7
36,10,-0.054281756179381344,0.8021661639213562,1.401082992553711,0.30175602116755074,8.940696716308594e-08,0.0,False,0.9901256561279297,0.8600122176943931,4.121318817138672,0.31647294759750366,0.5017661452293396,7
36,11,0.017078131799935094,0.7984539866447449,1.3992269039154053,0.456295358283179,8.940696716308594e-08,0.0,False,0.9771987795829773,0.8487840753909582,3.9906179904937744,0.32707539200782776,0.5000448226928711,7
36,12,-0.020076049271602094,0.8096573352813721,1.4048285484313965,0.21132442780903407,1.1920928955078125e-07,0.0,False,0.9887986183166504,0.858859567296962,4.099498748779297,0.31876713037490845,0.5012580752372742,1
36,13,0.03997738642391682,0.7905691862106323,1.395284652709961,0.3775649528418268,5.960464477539063e-08,0.0,False,0.9803377389907837,0.8515105408904156,4.247020244598389,0.30582934617996216,0.5051156282424927,1
36,14,-0.005282348984698549,0.8071506023406982,1.4035753011703491,0.26492558951888767,0.0,0.0,False,0.9888556003570557,0.8589090612683932,4.214562892913818,0.30953705310821533,0.5002679824829102,1
36,15,0.03482602458322511,0.7968457341194153,1.3984228372573853,0.16440315917134288,2.9802322387695312e-08,0.0,False,0.9906142950057983,0.8604366440309966,4.214941024780273,0.30874380469322205,0.5029170513153076,1
36,16,-0.001214943657222441,0.7916790843009949,1.3958396911621094,0.31684356129595204,1.4901161193847656e-07,0.0,False,0.9614241719245911,0.8350824252705065,3.8696675300598145,0.3372074067592621,0.5003834366798401,1
36,17,0.02469138379110779,0.7850174903869629,1.3925087451934814,0.6209649076419216,0.0,0.0,False,0.9139813184738159,0.7938740863516739,3.407118320465088,0.3842448592185974,0.5001221299171448,2
36,18,0.005238072426137521,0.8022683262825012,1.4011344909667969,0.38935916125774384,3.2782554626464844e-07,0.0,False,0.9470367431640625,0.822585663431559,3.615499258041382,0.3626779019832611,0.5031290650367737,2
36,19,-0.06244226717431709,0.8154445886611938,1.4077222347259521,0.4969664120248385,5.960464477539063e-08,0.0,False,0.9549395442008972,0.8294499491953123,3.823435068130493,0.34326618909835815,0.5007153749465942,2
36,20,-0.030515717060707243,0.7951250076293945,1.3975625038146973,0.6585159003734589,0.0,0.0,False,1.012161374092102,0.8791521991276259,4.075074195861816,0.3197457194328308,0.501101016998291,2
36,21,0.05620921568137044,0.7930012345314026,1.396500587463379,0.07708966944898865,2.9802322387695312e-08,0.0,False,1.001144528388977,0.8695830885339324,3.9756016731262207,0.32791951298713684,0.5016781091690063,2
36,22,-0.09708904463306357,0.8103184103965759,1.4051592350006104,0.18819753825664523,2.9802322387695312e-08,0.0,False,0.9698643684387207,0.8424134868150376,3.863858699798584,0.338997483253479,0.5056994557380676,2
36,23,0.1268426555495867,0.78523188829422,1.3926160335540771,0.7909020792160715,8.940696716308594e-08,0.0,False,0.8918851017951965,0.7746815564027478,3.312187910079956,0.3953630328178406,0.5112848281860352,2
36,24,0.1662550472666959,0.8116756081581116,1.4058377742767334,0.9502147670303073,2.9802322387695312e-08,0.0,False,1.0010229349136353,0.8694774737831796,4.106523036956787,0.3181041479110718,0.5094472169876099,6
37,1,0.02360439155013057,0.753517746925354,1.3767590522766113,1.2409081320677484,1.7881393432617188e-07,0.0,False,1.0322258472442627,0.8965799790721846,4.68494987487793,0.2733335494995117,0.5233482122421265,2
37,2,0.07915376255805368,0.7879969477653503,1.393998622894287,0.5929467539702142,1.4901161193847656e-07,0.0,False,1.0678479671478271,0.9275209592878126,4.946422100067139,0.2604365050792694,0.5076402425765991,1
37,3,0.03731238796007012,0.816658616065979,1.4083294868469238,0.3692289846284048,1.7881393432617188e-07,0.0,False,1.0598773956298828,0.9205978088320957,4.6414408683776855,0.28020206093788147,0.5044235587120056,1
37,4,0.016122258592393447,0.8184370398521423,1.409218668937683,0.2801893438611711,1.4901161193847656e-07,0.0,False,1.0543105602264404,0.9157625170373384,4.607214450836182,0.2825455367565155,0.5026551485061646,1
37,5,0.006167866810611582,0.7885501980781555,1.394275188446045,0.4899104003395353,8.940696716308594e-08,0.0,False,1.0020952224731445,0.8704088509233965,4.380399703979492,0.29607266187667847,0.5013160109519958,3
37,6,0.07034350202161202,0.8268129229545593,1.413406491279602,1.2331126002328736,2.9802322387695312e-08,0.0,False,1.0742570161819458,0.9330877885473429,4.946954727172852,0.26265788078308105,0.5000002384185791,1
37,7,-0.00039069441036880537,0.7946412563323975,1.3973206281661987,0.37503402839813926,0.0,0.0,False,1.0150163173675537,0.8816319713489769,4.309035778045654,0.301584929227829,0.501838207244873,1
37,8,0.03648474908796383,0.8280288577079773,1.4140143394470215,0.525481561997107,8.940696716308594e-08,0.0,False,1.0104658603668213,0.8776794946178647,4.143397808074951,0.3163846731185913,0.5047499537467957,1
37,9,-0.030080795329536496,0.7953469157218933,1.3976733684539795,0.6728800466018062,8.940696716308594e-08,0.0,False,1.0163604021072388,0.882799428520288,4.288851737976074,0.3031148910522461,0.5018601417541504,1
37,10,0.019930980618764575,0.7937065958976746,1.3968532085418701,1.4516435494380338,8.940696716308594e-08,0.0,False,0.9599752426147461,0.8338239012626394,3.6969003677368164,0.35373565554618835,0.5015766620635986,1
37,11,-0.018663021148255136,0.7934215664863586,1.3967106342315674,0.5052633604833058,1.4901161193847656e-07,0.0,False,0.8959504961967468,0.7782127131134552,3.347916841506958,0.3920438885688782,0.5005478858947754,2
37,12,-0.012263526704361087,0.8086555600166321,1.4043277502059937,0.5029937199183873,2.9802322387695312e-08,0.0,False,0.9592463970184326,0.8331908340213625,3.814361572265625,0.3436165452003479,0.500004768371582,2
37,13,0.006556396331328608,0.8313114047050476,1.4156556129455566,0.828896654503686,8.940696716308594e-08,0.0,False,1.0176866054534912,0.8839513541106061,4.328501224517822,0.3025262653827667,0.5013982057571411,1
37,14,0.03226707642878608,0.8011052012443542,1.4005526304244995,0.45669712977749954,2.9802322387695312e-08,0.0,False,1.0090322494506836,0.8764342759977148,4.372696399688721,0.29718005657196045,0.5099300742149353,1
37,15,0.05368410996571735,0.7741714715957642,1.3870856761932373,0.6292232328227589,5.960464477539063e-08,0.0,False,0.9717411994934082,0.8440436815560685,3.9768173694610596,0.32611149549484253,0.5137728452682495,1
37,16,0.044966686901722626,0.7683534622192383,1.3841766119003296,0.06150318043572564,1.1920928955078125e-07,0.0,False,0.9728045463562012,0.8449672929057888,3.961512565612793,0.32719486951828003,0.5060280561447144,1
37,17,0.0009310012785675847,0.7718425393104553,1.3859212398529053,0.08214263458337101,2.9802322387695312e-08,0.0,False,0.9799274206161499,0.8511541428785616,4.010073661804199,0.32333236932754517,0.5058863759040833,1
37,18,0.04960793684824818,0.790234386920929,1.395117163658142,0.6616629298244203,2.9802322387695312e-08,0.0,False,1.0416804552078247,0.9047921472064516,4.267271518707275,0.3043644428253174,0.5023978352546692,1
37,19,-0.06642209695488463,0.7856301069259644,1.392815113067627,0.2656475284269877,5.960464477539063e-08,0.0,False,1.0347270965576172,0.8987525366214929,4.328335285186768,0.29958203434944153,0.5022552013397217,1
37,20,-0.09200516963685017,0.7963829040527344,1.3981914520263672,1.2054320169346673,0.0,0.0,False,0.9127393960952759,0.7927953662797697,3.41904354095459,0.38386884331703186,0.5005472898483276,1
37,21,-0.05083401906439533,0.8089746832847595,1.4044873714447021,0.2788002746445793,2.9802322387695312e-08,0.0,False,0.9622963070869446,0.8358399522474743,3.831477403640747,0.341717392206192,0.5115043520927429,2
37,22,-0.09631020953559016,0.8104953169822693,1.405247688293457,0.8593507414417609,2.9802322387695312e-08,0.0,False,0.97865229845047,0.850046585837947,4.274448871612549,0.30505648255348206,0.5060880184173584,6
37,23,0.06367886092687171,0.753503680229187,1.3767518997192383,0.5341727185462203,5.960464477539063e-08,0.0,False,1.0123893022537231,0.8793501750133507,4.3400797843933105,0.29625144600868225,0.5172033309936523,2
37,24,0.0011946203213987865,0.8329471349716187,1.416473627090454,1.0830056646040507,5.960464477539063e-08,0.0,False,0.95756995677948,0.831734696531327,3.808079957962036,0.3460395336151123,0.5008473992347717,6
38,1,0.010174323687386896,0.8006329536437988,1.4003163576126099,1.3338754837002074,1.1920928955078125e-07,0.0,False,0.9596146941184998,0.8335107328178828,3.914088487625122,0.3325938284397125,0.5471373796463013,2
38,2,-0.0991873865304132,0.8090673685073853,1.4045336246490479,0.14895914282117573,5.960464477539063e-08,0.0,False,0.9501194953918457,0.8252633079947614,3.7613542079925537,0.34790733456611633,0.5276755094528198,2
38,3,0.00985648369310434,0.7767574787139893,1.388378620147705,0.31351784510271874,1.1920928955078125e-07,0.0,False,0.9957466125488281,0.8648945184076228,4.108314514160156,0.31479519605636597,0.5374764800071716,3
38,4,0.006711259802717029,0.7757986187934875,1.387899398803711,0.20593879052570904,8.940696716308594e-08,0.0,False,1.0312873125076294,0.8957647781577959,4.3234333992004395,0.2986626625061035,0.526155412197113,3
38,5,-0.004061528810045403,0.7796851992607117,1.3898426294326782,0.0858881303242276,2.9802322387695312e-08,0.0,False,1.026815414428711,0.8918805368391798,4.263740539550781,0.3034076690673828,0.5218545794487,3
38,6,-0.060553229313072346,0.7756165862083435,1.3878083229064941,0.0930528257574352,2.9802322387695312e-08,0.0,False,1.0375173091888428,0.9011760845196489,4.233946800231934,0.30581676959991455,0.5049147605895996,3
38,7,-0.094974550548514,0.7662084698677063,1.3831042051315308,0.5211038866213391,2.9802322387695312e-08,0.0,False,1.0331436395645142,0.8973771633526213,4.16117525100708,0.31086844205856323,0.5001184344291687,3
38,8,0.0037631623143111895,0.7440610527992249,1.3720306158065796,0.058633267879486084,8.940696716308594e-08,0.0,False,1.037381649017334,0.9010582515918483,4.1616597175598145,0.30927416682243347,0.5000008344650269,3
38,9,-0.25245433797411576,0.6972051858901978,1.348602533340454,0.6055504679679871,5.960464477539063e-08,0.0,False,1.05112624168396,0.9129966530940954,4.278087615966797,0.29718437790870667,0.5040733814239502,3
38,10,0.0003451154653919871,0.606094479560852,1.3030472993850708,0.26771286129951477,5.960464477539063e-08,0.0,False,1.0471389293670654,0.909533317620391,4.3690056800842285,0.2839853763580322,0.5254876017570496,3
38,11,-0.04247042952248445,0.6777618527412415,1.3388808965682983,0.17255866314683643,2.9802322387695312e-08,0.0,False,1.0591371059417725,0.9199548013789833,4.590085983276367,0.27471473813056946,0.516903817653656,3
38,12,0.09006571268200285,0.7418948411941528,1.3709474802017212,0.6177421723093306,5.960464477539063e-08,0.0,False,1.0457123517990112,0.9082942080887653,4.688697338104248,0.27275681495666504,0.5098414421081543,3
38,13,0.12296324300041793,0.7723363637924194,1.3861682415008545,0.9224029396261488,5.960464477539063e-08,0.0,False,1.1026228666305542,0.9577260531959898,5.354679107666016,0.23883700370788574,0.5060296058654785,6
38,14,0.0855185027608825,0.6917309761047363,1.3458653688430786,1.092625428523336,1.1920928955078125e-07,0.0,False,1.0715336799621582,0.9307223287621008,4.618627071380615,0.2741204500198364,0.5034945011138916,2
38,15,-0.029205216597137387,0.7268280982971191,1.3634140491485596,1.620924215231623,0.0,0.0,False,1.047347068786621,0.9097141052231502,4.637250900268555,0.27483364939689636,0.5171728730201721,1
38,16,0.059000471840649445,0.796906590461731,1.3984531164169312,0.9457104727625847,1.7881393432617188e-07,0.0,False,0.9907981753349304,0.8605963604555418,4.0765275955200195,0.3197644054889679,0.5006642937660217,1
38,17,0.020815020677158944,0.8033829927444458,1.4016915559768677,0.27898460626602173,5.960464477539063e-08,0.0,False,0.914931058883667,0.7946990203901516,3.4485065937042236,0.38110512495040894,0.500041127204895,2
38,18,0.015201920302784826,0.7953026294708252,1.397651195526123,0.3335837657962527,1.1920928955078125e-07,0.0,False,0.9077907800674438,0.7884970530118788,3.3906500339508057,0.3870975077152252,0.5006709098815918,2
38,19,0.01765524744688639,0.7900758385658264,1.3950378894805908,0.04054238434348803,2.9802322387695312e-08,0.0,False,0.9016639590263367,0.7831753638723556,3.3468751907348633,0.3918743431568146,0.5000550150871277,2
38,20,-0.14500720334059147,0.7836294770240784,1.3918148279190063,0.3062348993761199,8.940696716308594e-08,0.0,False,0.9003572463989258,0.7820403677053199,3.335754632949829,0.392623633146286,0.5001251101493835,2
38,21,-0.03987017665850814,0.7820723652839661,1.3910361528396606,0.5428218681897435,2.9802322387695312e-08,0.0,False,0.9608175754547119,0.8345555422712855,3.7841999530792236,0.34430092573165894,0.5031728744506836,2
38,22,0.011308859420970596,0.7759756445884705,1.3879879713058472,0.07959951886108943,1.4901161193847656e-07,0.0,False,0.9626267552375793,0.8361269758642259,3.760686159133911,0.3460130989551544,0.5046716928482056,2
38,23,-0.00430431777482342,0.7721282839775085,1.386064052581787,0.41129041569573543,8.940696716308594e-08,0.0,False,0.9321427345275879,0.8096488919030784,3.5105783939361572,0.3713033199310303,0.5036650896072388,2
38,24,0.0498604222963309,0.7677869200706482,1.3838934898376465,0.4227863731128829,2.9802322387695312e-08,0.0,False,0.9734597206115723,0.8455363700333742,3.783033847808838,0.3431623578071594,0.5077295303344727,2
39,1,0.020706082861530785,0.7887011170387268,1.3943504095077515,1.331932287131037,1.4901161193847656e-07,0.0,False,0.972449779510498,0.8446591463388865,3.8609652519226074,0.33777275681495667,0.5003011226654053,3
39,2,0.05906340119654992,0.802763044834137,1.4013816118240356,0.6914996089679853,8.940696716308594e-08,0.0,False,1.010352373123169,0.8775809208504953,4.256728172302246,0.3058674931526184,0.5065051317214966,3
39,3,-0.006576868560726538,0.7921066880226135,1.396053433418274,0.32194148749113083,8.940696716308594e-08,0.0,False,1.030564546585083,0.8951369916540566,4.350196361541748,0.2984182834625244,0.5025562644004822,3
39,4,0.00030344999003894656,0.8241944909095764,1.4120972156524658,0.4063386895826884,2.9802322387695312e-08,0.0,False,1.0252515077590942,0.8905221447655273,4.329299449920654,0.30191054940223694,0.5050374269485474,3
39,5,-0.0065244807520397855,0.8252046704292297,1.412602424621582,0.11663253392492023,8.940696716308594e-08,0.0,False,1.026047945022583,0.8912139213829579,4.314149856567383,0.30313640832901,0.5033423900604248,3
39,6,0.014442382939737309,0.8285945057868958,1.4142972230911255,0.13170015492609566,2.9802322387695312e-08,0.0,False,1.0161081552505493,0.8825803296844127,4.220144748687744,0.3104824721813202,0.5018817186355591,3
39,7,-0.00953032371985824,0.8246570825576782,1.4123284816741943,0.2507585787347386,5.960464477539063e-08,0.0,False,1.0058563947677612,0.8736757636694753,4.304899215698242,0.30378761887550354,0.5032323598861694,3
39,8,-0.006866223615571602,0.8242719173431396,1.4121360778808594,0.347837380000523,1.1920928955078125e-07,0.0,False,0.9909893274307251,0.8607623930563576,4.383181095123291,0.2979947626590729,0.5059998035430908,2
39,9,-0.02819706254698933,0.8210816979408264,1.4105409383773804,0.19503465560930103,8.940696716308594e-08,0.0,False,0.9659038782119751,0.8389734487128229,4.116468906402588,0.31805866956710815,0.5054284334182739,2
39,10,0.022047851255367054,0.8129300475120544,1.4064651727676392,0.27611856428640236,1.4901161193847656e-07,0.0,False,0.9381141662597656,0.814835611603772,3.7740418910980225,0.3475324511528015,0.5083886981010437,2
39,11,0.014024223306141746,0.7954965829849243,1.3977482318878174,0.38642117434314294,5.960464477539063e-08,0.0,False,0.9154576659202576,0.795156425450397,3.4959657192230225,0.3750546872615814,0.5000748634338379,2
39,12,0.052687983570729055,0.7909321188926697,1.3954660892486572,0.0795843973755836,2.9802322387695312e-08,0.0,False,0.9014883637428284,0.7830228437470038,3.373687744140625,0.38870546221733093,0.5009610652923584,2
39,13,-0.05795521416204314,0.7524988651275635,1.3762494325637817,0.309473343193531,0.0,0.0,False,0.9134578108787537,0.7934193734321339,3.41330623626709,0.38043880462646484,0.5047285556793213,2
39,14,-0.0028069215266480043,0.7805026173591614,1.3902513980865479,0.3944026689444269,8.940696716308594e-08,0.0,False,0.9243565201759338,0.8028858720473999,3.487074375152588,0.374457985162735,0.5102528929710388,2
39,15,0.010679719795091322,0.7839169502258301,1.391958475112915,0.36132514370339264,0.0,0.0,False,0.9624819159507751,0.8360011700581822,3.7031497955322266,0.3521342873573303,0.5086296200752258,2
39,16,0.03350545038638071,0.776732325553894,1.3883662223815918,0.12817483927522383,5.960464477539063e-08,0.0,False,0.9947153329849243,0.8639987603598167,3.9044575691223145,0.3327871263027191,0.5066231489181519,2
39,17,0.0017387146140062917,0.792435348033905,1.396217703819275,0.27972131328923355,2.9802322387695312e-08,0.0,False,1.0376561880111694,0.9012967131320283,4.213091850280762,0.30851835012435913,0.5054908990859985,2
39,18,0.009821708329308202,0.787195086479187,1.3935974836349487,0.04015257954597473,5.960464477539063e-08,0.0,False,1.034331202507019,0.8984086674183066,4.182277679443359,0.310514360666275,0.5063113570213318,2
39,19,0.005127516541358186,0.7852733731269836,1.392636775970459,0.08203404716083001,8.940696716308594e-08,0.0,False,1.0383334159851074,0.9018849458761719,4.198441982269287,0.30918002128601074,0.5046728849411011,2
39,20,0.04666443091160327,0.7829258441925049,1.391463041305542,0.03191269934177396,1.1920928955078125e-07,0.0,False,1.037262201309204,0.9009545006308147,4.186488628387451,0.30995461344718933,0.5041813254356384,2
39,21,0.013985382064285658,0.7760792970657349,1.3880395889282227,0.22824464738368985,5.960464477539063e-08,0.0,False,1.0221315622329712,0.8878121945138593,4.079010963439941,0.31799471378326416,0.5040398240089417,2
39,22,0.004621396162348276,0.7745739221572876,1.387286901473999,0.16294606029987332,5.960464477539063e-08,0.0,False,1.0376192331314087,0.9012646145313093,4.177300930023193,0.31010621786117554,0.5036338567733765,2
39,23,0.038274904627952175,0.7752785086631775,1.3876392841339111,0.06839851609298153,2.9802322387695312e-08,0.0,False,1.033496618270874,0.8976837567614242,4.155008316040039,0.31185224652290344,0.5050709247589111,2
39,24,-0.013083919753468811,0.7564050555229187,1.3782025575637817,0.8072227367333004,2.9802322387695312e-08,0.0,False,1.0216560363769531,0.8873991580033174,4.123320579528809,0.31311938166618347,0.501118540763855,2
40,1,0.005846514532086911,0.8350635766983032,1.4175318479537964,1.4418023590530669,5.960464477539063e-08,0.0,False,0.932644784450531,0.8100849669254268,3.6621158123016357,0.3600015640258789,0.5207175016403198,2
40,2,-0.016448481558705624,0.8247788548469543,1.4123895168304443,0.26250978027071287,8.940696716308594e-08,0.0,False,1.0006439685821533,0.8691483078100002,4.1791510581970215,0.31271544098854065,0.5259374380111694,2
40,3,-0.02448221661751341,0.8248205184936523,1.4124102592468262,0.2604630546910421,0.0,0.0,False,0.9247215986251831,0.8032029751593415,3.6034727096557617,0.3651401102542877,0.5256747007369995,2
40,4,0.02936152210598421,0.7957593202590942,1.3978796005249023,0.41803141257592613,5.960464477539063e-08,0.0,False,0.9651113748550415,0.8382850890432108,3.993844985961914,0.3257371485233307,0.5315343141555786,3
40,5,0.09441394371292339,0.7784416675567627,1.3892207145690918,0.8364469696368491,1.1920928955078125e-07,0.0,False,1.0374748706817627,0.9011392229007588,4.7268524169921875,0.2721354067325592,0.5261976718902588,6
40,6,0.03506715398815381,0.7532128095626831,1.3766064643859863,0.32627967000007635,5.960464477539063e-08,0.0,False,1.1037795543670654,0.9587307393984938,5.357975006103516,0.23791944980621338,0.5000044107437134,3
40,7,0.0018340256183143723,0.7601915001869202,1.3800957202911377,0.24357321858406067,2.9802322387695312e-08,0.0,False,1.1141357421875,0.9677260098464306,5.556999683380127,0.2292586863040924,0.5003336668014526,3
40,8,-0.00938972962156091,0.7586722373962402,1.3793361186981201,0.40073929939951225,0.0,0.0,False,1.030409812927246,0.8950025917065301,4.4337897300720215,0.29040899872779846,0.5028008222579956,3
40,9,0.03285223547568692,0.7787576913833618,1.3893787860870361,0.5638684843267714,5.960464477539063e-08,0.0,False,0.9605368971824646,0.8343117482216311,3.7487120628356934,0.34750476479530334,0.5000935792922974,3
40,10,-0.05871288356554799,0.7561854720115662,1.3780927658081055,1.577350614326341,2.9802322387695312e-08,0.0,False,1.0979255437850952,0.953646010412988,5.356997489929199,0.23753979802131653,0.5225316286087036,1
40,11,0.02242747172351517,0.7829275131225586,1.3914636373519897,1.4483625548226493,1.1920928955078125e-07,0.0,False,1.0073356628417969,0.874960639593094,4.215083122253418,0.3078612983226776,0.5004104375839233,2
40,12,-0.07557598977998875,0.7728008031845093,1.3864004611968994,0.514883174427918,5.960464477539063e-08,0.0,False,1.0435333251953125,0.9064015296289518,4.5854172706604,0.2812696397304535,0.5017083287239075,2
40,13,0.027197693271351936,0.7709549069404602,1.3854775428771973,0.36034799154315666,8.940696716308594e-08,0.0,False,1.0243254899978638,0.8897178159578337,4.349996089935303,0.2970755100250244,0.5020028352737427,2
40,14,0.017441495425655682,0.7826912999153137,1.3913458585739136,0.34621498095137737,2.086162567138672e-07,0.0,False,1.014264464378357,0.8809789201401556,4.194429874420166,0.30930158495903015,0.5051008462905884,2
40,15,0.029136613193643905,0.7993029952049255,1.3996515274047852,0.18858490884304047,2.9802322387695312e-08,0.0,False,0.9748358726501465,0.8467316805065995,3.835148572921753,0.3408459424972534,0.5041855573654175,2
40,16,0.01041308237855015,0.8023746013641357,1.4011873006820679,0.28752201795578003,0.0,0.0,False,0.997852623462677,0.8667237762450479,4.071203231811523,0.32049310207366943,0.5040099620819092,2
40,17,0.03046011807282058,0.7723981142044067,1.3861991167068481,0.44766870673213677,5.960464477539063e-08,0.0,False,0.9652987718582153,0.8384478600120179,3.758601188659668,0.3460461497306824,0.5001190900802612,2
40,18,0.009135183672328264,0.7902665734291077,1.3951332569122314,0.2570169174245425,2.9802322387695312e-08,0.0,False,0.9955469369888306,0.864721082419867,4.000008583068848,0.3255974352359772,0.5031041502952576,2
40,19,0.021678877669258204,0.8032153844833374,1.401607632637024,0.3127134314605168,5.960464477539063e-08,0.0,False,1.0010623931884766,0.8695117468052377,4.012957572937012,0.32541370391845703,0.5038516521453857,2
40,20,0.010006442155301588,0.8071243762969971,1.403562068939209,0.17097789900643479,1.1920928955078125e-07,0.0,False,0.9969741106033325,0.8659607096708593,4.010298252105713,0.3259333372116089,0.5033350586891174,2
40,21,0.023497142617320936,0.8006848096847534,1.4003424644470215,0.1317123004368373,5.960464477539063e-08,0.0,False,1.0138514041900635,0.880620140619216,4.074155807495117,0.32018908858299255,0.5019589066505432,2
40,22,-0.02378827381851822,0.8024477958679199,1.40122389793396,0.5798870367663247,0.0,0.0,False,0.9739725589752197,0.845981815776255,3.8389062881469727,0.34082382917404175,0.5011337995529175,2
40,23,0.0016234988400508936,0.8006402850151062,1.4003201723098755,0.05338061600923538,2.9802322387695312e-08,0.0,False,0.9770993590354919,0.8486977198006369,3.8794655799865723,0.3370094299316406,0.500008761882782,2
40,24,0.0016432047734032985,0.8087919354438782,1.4043960571289062,0.4526587426662445,8.940696716308594e-08,0.0,False,0.9825004935264587,0.8533890856115254,3.8309359550476074,0.3420739769935608,0.5001910328865051,2
41,1,0.024353803166829786,0.7860689759254456,1.3930344581604004,1.3463571518659592,2.9802322387695312e-08,0.0,False,0.9657496213912964,0.8388394629407895,3.7868006229400635,0.3442045748233795,0.5092862248420715,2
41,2,0.03291853153193185,0.7878579497337341,1.393929123878479,0.16470509661095478,1.4901161193847656e-07,0.0,False,0.9964970946311951,0.8655463788619012,4.068065643310547,0.31960877776145935,0.5083333849906921,2
41,3,0.006714062563631702,0.7918103933334351,1.3959052562713623,0.7359760446207866,5.960464477539063e-08,0.0,False,1.037214756011963,0.9009132901692465,4.3991827964782715,0.294757604598999,0.5086365938186646,2
41,4,-0.004534674301249532,0.7914873361587524,1.395743489265442,0.9368388274950642,1.7881393432617188e-07,0.0,False,0.9451589584350586,0.8209546403395419,3.6620805263519287,0.35697153210639954,0.5043762922286987,2
41,5,0.003992208937012468,0.7821714878082275,1.3910857439041138,0.08092292557869654,0.0,0.0,False,0.9367265105247498,0.8136303091467744,3.5579872131347656,0.3671400547027588,0.5000108480453491,2
41,6,0.050419401696581906,0.7825427651405334,1.3912713527679443,0.32243427847112927,2.9802322387695312e-08,0.0,False,0.9422415494918823,0.8184206111285885,3.584157943725586,0.3643135130405426,0.5029832720756531,2
41,7,0.04332986359015667,0.7856235504150391,1.3928117752075195,0.023326215999466965,0.0,0.0,False,0.9486258029937744,0.8239659032624751,3.627025842666626,0.3601139187812805,0.5026615262031555,2
41,8,0.027049298682783253,0.7595353126525879,1.3797675371170044,0.2206199467182159,1.1920928955078125e-07,0.0,False,0.9944820404052734,0.8637961249997941,3.874075412750244,0.3342627286911011,0.5034615993499756,2
41,9,0.026548842176282613,0.771565854549408,1.3857829570770264,0.4052174602236069,2.9802322387695312e-08,0.0,False,1.0021998882293701,0.8704997624441424,3.93682861328125,0.3296188712120056,0.5041518211364746,2
41,10,0.05926061846955265,0.783463716506958,1.391731858253479,0.3332630608763014,0.0,0.0,False,1.0040333271026611,0.8720922672152969,4.027205467224121,0.3227556645870209,0.5053477883338928,2
41,11,0.061131027246907346,0.7542009353637695,1.3771004676818848,1.1629385948181152,0.0,0.0,False,1.0255014896392822,0.8907392762678101,4.444674491882324,0.2894444167613983,0.5002663731575012,2
41,12,-0.06305094292330393,0.7462000846862793,1.3731001615524292,0.39609894156455994,1.1920928955078125e-07,0.0,False,1.0457218885421753,0.9083024915986282,4.513334274291992,0.28431499004364014,0.5015257596969604,1
41,13,0.06474808237874854,0.7849117517471313,1.3924559354782104,0.7800822960478918,5.960464477539063e-08,0.0,False,0.9791132211685181,0.8504469382240112,3.982264280319214,0.32674452662467957,0.502098798751831,2
41,14,-0.08743199019891594,0.8137127757072449,1.4068564176559448,0.2992379037397248,2.9802322387695312e-08,0.0,False,0.9182002544403076,0.7975386075711749,3.484874963760376,0.3778773844242096,0.5001082420349121,2
41,15,0.05216008835594881,0.7854313850402832,1.3927156925201416,0.5587708950042725,0.0,0.0,False,0.964850664138794,0.838058638592332,3.976802349090576,0.32728835940361023,0.5006730556488037,2
41,16,-0.06848879720399059,0.8090133666992188,1.4045065641403198,0.5933389653052603,1.1920928955078125e-07,0.0,False,0.9119065403938293,0.7920719570090499,3.425593137741089,0.38424018025398254,0.5003475546836853,2
41,17,-0.05025661032906108,0.7946106195449829,1.3973052501678467,0.517986926649298,5.960464477539063e-08,0.0,False,0.9680472016334534,0.8408351157825869,3.801835775375366,0.34361371397972107,0.5033708810806274,2
41,18,-0.024307770657860335,0.7762187123298645,1.388109564781189,0.13973531765597202,2.086162567138672e-07,0.0,False,0.9964635968208313,0.8655172830335076,4.001549243927002,0.3244472146034241,0.5029438734054565,2
41,19,0.026102402425663893,0.7806429266929626,1.3903214931488037,0.9211094070758138,2.9802322387695312e-08,0.0,False,0.9535166621208191,0.8282140495237584,3.717241048812866,0.3505690395832062,0.505455732345581,2
41,20,0.049077968279676656,0.7955019474029541,1.397750973701477,0.2335781316672052,0.0,0.0,False,0.9677164554595947,0.840547833306152,3.815936326980591,0.34219327569007874,0.5094972252845764,1
41,21,-0.06339103514028371,0.8049172759056091,1.4024585485458374,0.12383171756352696,8.940696716308594e-08,0.0,False,0.9207721948623657,0.7997725666373424,3.505765199661255,0.37465840578079224,0.5045367479324341,1
41,22,-0.011052937788266527,0.7877264022827148,1.3938632011413574,0.47800316501941,0.0,0.0,False,0.9101316928863525,0.790530344051616,3.392667293548584,0.3861866295337677,0.5000913739204407,2
41,23,0.009808483993009365,0.8017588257789612,1.4008792638778687,0.3932398419295038,1.4901161193847656e-07,0.0,False,0.9073830842971802,0.7881429329652372,3.398423671722412,0.38668832182884216,0.5033680200576782,1
41,24,0.01287515517880653,0.7959111928939819,1.3979556560516357,0.3516354795013154,5.960464477539063e-08,0.0,False,1.0035195350646973,0.8716459931214298,4.044816970825195,0.3220619261264801,0.5096262693405151,1
42,1,0.06886098831781133,0.7855254411697388,1.3927627801895142,1.1643445364066534,5.960464477539063e-08,0.0,False,1.02681565284729,0.8918807439269263,4.428793907165527,0.29199209809303284,0.520104169845581,2
42,2,-0.01780909987505928,0.7600542902946472,1.380027174949646,0.5844108047229903,2.9802322387695312e-08,0.0,False,1.0501395463943481,0.9121396204548987,4.6429219245910645,0.27645689249038696,0.5176364779472351,2
42,3,0.026713431304215683,0.7996340990066528,1.3998169898986816,0.5668149909802845,5.960464477539063e-08,0.0,False,0.9689637422561646,0.8416312128523541,3.876758337020874,0.33671626448631287,0.5166581869125366,2
42,4,-0.03164441304747595,0.7997444868087769,1.3998723030090332,0.11610225268772667,5.960464477539063e-08,0.0,False,0.9290010929107666,0.8069200966664722,3.579397201538086,0.36596035957336426,0.5141157507896423,2
42,5,0.022456002248595466,0.8055370450019836,1.402768611907959,0.3890110115919793,8.940696716308594e-08,0.0,False,0.9150270223617554,0.7947823732081476,3.5083742141723633,0.37399572134017944,0.5197279453277588,3
42,6,-0.07123562245663032,0.8004622459411621,1.400230884552002,0.05877702044589167,2.384185791015625e-07,0.0,False,0.9227696061134338,0.8015074960062031,3.5218732357025146,0.3722933232784271,0.5119069814682007,3
42,7,0.06956759880701897,0.793035626411438,1.3965177536010742,0.07870252856186466,5.960464477539063e-08,0.0,False,0.9388277530670166,0.8154554252292681,3.5887880325317383,0.364745557308197,0.5017297267913818,3
42,8,-0.05851525069659199,0.7960702180862427,1.3980350494384766,0.44331708231142586,5.960464477539063e-08,0.0,False,0.9811054468154907,0.852177363434384,3.869569778442383,0.3375602066516876,0.5000094175338745,3
42,9,0.03481055655223646,0.820183515548706,1.410091757774353,0.5529784794364657,0.0,0.0,False,1.0241297483444214,0.8895477969178964,4.390697002410889,0.2971928119659424,0.5064460039138794,3
42,10,0.014565830000109074,0.8046180009841919,1.4023090600967407,0.5470128474490983,5.960464477539063e-08,0.0,False,0.9924343824386597,0.8620175518883428,4.150992393493652,0.3143235146999359,0.5001575946807861,3
42,11,0.013190412454758865,0.7955425381660461,1.3977713584899902,0.5712962608252254,8.940696716308594e-08,0.0,False,1.0154905319213867,0.8820438688769126,4.321229457855225,0.30079755187034607,0.500240683555603,7
42,12,-0.03231728767102724,0.7746663689613342,1.3873331546783447,0.5359198780996458,2.9802322387695312e-08,0.0,False,0.9962151646614075,0.8653014976015774,4.033673286437988,0.32170578837394714,0.5006382465362549,2
42,13,0.01870112837675915,0.767480731010437,1.3837404251098633,0.199144575212683,5.960464477539063e-08,0.0,False,1.0053300857543945,0.873218617468913,4.167083263397217,0.3104894757270813,0.5004539489746094,2
42,14,0.027888506191887888,0.7335972189903259,1.3667986392974854,1.0937791637011935,2.9802322387695312e-08,0.0,False,1.0595101118087769,0.9202787901584984,4.663339138031006,0.2740255892276764,0.5008517503738403,1
42,15,0.029852030010189778,0.7658698558807373,1.3829350471496582,0.4250464391495501,1.1920928955078125e-07,0.0,False,0.9697211980819702,0.8422891306232199,3.846619129180908,0.33731982111930847,0.5001327395439148,1
42,16,0.013864659445447567,0.7504597306251526,1.3752299547195435,0.25301922325577064,8.940696716308594e-08,0.0,False,1.0203137397766113,0.8862332539901056,4.185272693634033,0.30787456035614014,0.5013911724090576,1
42,17,-0.0016779990735617872,0.7776714563369751,1.3888356685638428,0.2985084120716368,5.960464477539063e-08,0.0,False,0.9395009279251099,0.8160401374817199,3.5933468341827393,0.3630143702030182,0.5000030398368835,1
42,18,0.05292180154677863,0.8018118739128113,1.400905966758728,0.45974836604935776,2.9802322387695312e-08,0.0,False,0.8952627182006836,0.7776153167365257,3.326688051223755,0.3953855633735657,0.5015318393707275,2
42,19,-0.07587871205805237,0.8178027868270874,1.408901333808899,0.07800311275890895,5.960464477539063e-08,0.0,False,0.8872349858283997,0.7706425169935677,3.298428535461426,0.40042543411254883,0.5001150369644165,1
42,20,0.021951937222373586,0.8007610440254211,1.4003804922103882,0.21398718655109406,2.9802322387695312e-08,0.0,False,0.9311623573303223,0.808797347089166,3.5379209518432617,0.37077420949935913,0.5044053792953491,2
42,21,-0.00603353918379916,0.812171459197998,1.4060856103897095,0.7077596347246851,1.1920928955078125e-07,0.0,False,0.9745312929153442,0.8464671259103512,3.8216123580932617,0.3431410491466522,0.5023183822631836,1
42,22,-0.07352251649371533,0.8084444999694824,1.4042222499847412,0.10928684047290257,0.0,0.0,False,0.9400888681411743,0.8165508158647715,3.5777194499969482,0.36723825335502625,0.500845193862915,1
42,23,0.032661247747586344,0.7983831167221069,1.3991914987564087,0.5587629846164158,5.960464477539063e-08,0.0,False,0.9042856693267822,0.7854525525056204,3.3943185806274414,0.38687169551849365,0.5032511353492737,2
42,24,0.014811695477878233,0.8156282901763916,1.4078142642974854,0.30672417368207655,1.1920928955078125e-07,0.0,False,0.8875078558921814,0.7708795289195217,3.3007943630218506,0.3998875916004181,0.5014564990997314,2
43,1,0.03218357974945183,0.7665787935256958,1.3832893371582031,1.189229927957058,5.960464477539063e-08,0.0,False,1.015150785446167,0.8817487688380445,4.412433624267578,0.2915225625038147,0.5361489057540894,6
43,2,0.014092140994657814,0.779354989528656,1.3896775245666504,0.6199065329773086,2.9802322387695312e-08,0.0,False,1.119593858718872,0.9724668696287503,5.672295570373535,0.2250998616218567,0.5031574964523315,2
43,3,0.03658947335094875,0.7979423403739929,1.3989711999893188,0.7313134883131299,2.9802322387695312e-08,0.0,False,1.0742121934890747,0.9330488560509869,4.882078170776367,0.2647291421890259,0.5024661421775818,6
43,4,0.018231218709747206,0.7844056487083435,1.3922028541564941,0.4026919156312942,2.9802322387695312e-08,0.0,False,1.0049407482147217,0.8728804431787577,4.108187198638916,0.3162989914417267,0.5013733506202698,3
43,5,0.00992401094903188,0.786472737789154,1.393236517906189,0.551123987351145,1.4901161193847656e-07,0.0,False,1.015043020248413,0.8816551651765931,4.1323933601379395,0.31442248821258545,0.504665195941925,3
43,6,-0.03284144573963674,0.787070631980896,1.3935353755950928,0.353006865297045,5.960464477539063e-08,0.0,False,1.0238111019134521,0.8892710241446002,4.217470645904541,0.30792999267578125,0.5015271306037903,3
43,7,0.02301585670161041,0.7749382853507996,1.3874690532684326,0.3894129736082895,8.940696716308594e-08,0.0,False,1.021653413772583,0.8873968800381051,4.1774420738220215,0.3102159798145294,0.5000033378601074,3
43,8,0.03721579433663993,0.8077948093414307,1.4038974046707153,0.7166348780904497,0.0,0.0,False,1.0625717639923096,0.922938107456129,4.947223663330078,0.2614347040653229,0.5075873136520386,7
43,9,-0.003508323554948186,0.798035204410553,1.399017572402954,0.5030911564826965,2.9802322387695312e-08,0.0,False,1.072524070739746,0.9315825712613693,4.967711925506592,0.2599027752876282,0.5034868717193604,7
43,10,-0.004321274028704514,0.777604341506958,1.3888022899627686,0.400101159300123,1.1920928955078125e-07,0.0,False,1.0511901378631592,0.9130521526101772,4.499073505401611,0.287242591381073,0.5007882714271545,7
43,11,-0.013066735083458523,0.7411325573921204,1.3705662488937378,0.5164220780134201,2.9802322387695312e-08,0.0,False,1.0585987567901611,0.9194871972472192,4.682976245880127,0.2733001112937927,0.5000085830688477,7
43,12,0.025583243708161965,0.7621240615844727,1.3810620307922363,0.34111271372863217,0.0,0.0,False,1.0198187828063965,0.8858033398282178,4.210273265838623,0.30681318044662476,0.5000453591346741,7
43,13,-0.012364060088981298,0.7677960991859436,1.3838980197906494,0.4735889647688185,2.9802322387695312e-08,0.0,False,1.0217716693878174,0.8874995955604058,4.446645259857178,0.29014062881469727,0.5017221570014954,1
43,14,0.0004228735496198434,0.7688278555870056,1.3844139575958252,0.09661950596741264,2.9802322387695312e-08,0.0,False,1.01066255569458,0.8778503420087882,4.37970495223999,0.2948150038719177,0.5027221441268921,1
43,15,-0.007495120359821902,0.7896255850791931,1.3948129415512085,0.7702260379280363,1.4901161193847656e-07,0.0,False,0.9909300804138184,0.860710931751334,4.038146018981934,0.322306752204895,0.5045928955078125,1
43,16,-0.017837266514046858,0.7543340921401978,1.377166986465454,0.2949593695146696,5.960464477539063e-08,0.0,False,0.9856793880462646,0.8561502383085338,3.999506950378418,0.32307153940200806,0.5003026723861694,1
43,17,-5.729471933038112e-06,0.72572922706604,1.36286461353302,0.38235689273902346,0.0,0.0,False,0.9962728023529053,0.8653515610643117,4.095083236694336,0.31315872073173523,0.5002477169036865,7
43,18,-0.000665944948250652,0.7127376198768616,1.3563687801361084,0.33786789221423014,2.9802322387695312e-08,0.0,False,1.0045735836029053,0.8725615280490336,4.127145767211914,0.3096885681152344,0.5001732110977173,7
43,19,-0.049058048297333255,0.778968334197998,1.3894844055175781,0.6633172599332673,2.384185791015625e-07,0.0,False,1.0404901504516602,0.9037582616316807,4.477836608886719,0.2882916033267975,0.5181546807289124,1
43,20,-0.03234085646755362,0.7360917925834656,1.3680459260940552,0.5169666026319777,2.9802322387695312e-08,0.0,False,1.0836992263793945,0.941289188118788,4.982018947601318,0.2558242678642273,0.5025392174720764,1
43,21,0.06139748889795641,0.7752519249916077,1.387626051902771,0.9764239394239016,8.940696716308594e-08,0.0,False,0.9986754655838013,0.8674384878304117,4.289592266082764,0.3014165759086609,0.513872504234314,2
43,22,-0.040078420430650706,0.8298038840293884,1.4149019718170166,1.485323277967317,2.9802322387695312e-08,0.0,False,0.9190471172332764,0.7982741832470059,3.5775294303894043,0.368484228849411,0.5196211338043213,6
43,23,-0.010404657429528924,0.8260963559150696,1.413048267364502,1.325845560857228,8.940696716308594e-08,0.0,False,0.9952727556228638,0.8644829315113068,4.19204044342041,0.3124440908432007,0.5036944150924683,6
43,24,-0.029322948618979244,0.831138551235199,1.4155694246292114,0.1557316673653467,1.4901161193847656e-07,0.0,False,0.9794495105743408,0.850739035490554,3.917701005935669,0.335824191570282,0.5003281831741333,6
44,1,0.044392051489927586,0.7799193263053894,1.3899595737457275,1.2531773841806821,8.940696716308594e-08,0.0,False,1.0094764232635498,0.8768200804695823,4.272502899169922,0.3033464252948761,0.5002851486206055,2
44,2,0.016176371083499994,0.800786018371582,1.4003931283950806,0.20724871275680393,1.1920928955078125e-07,0.0,False,1.0040720701217651,0.8721259189741152,4.234899044036865,0.3075474500656128,0.5007041096687317,2
44,3,0.009951258613304367,0.7893588542938232,1.3946795463562012,0.31367194013936167,1.1920928955078125e-07,0.0,False,1.0241625308990479,0.8895762714830503,4.4522247314453125,0.2909086048603058,0.5093762278556824,2
44,4,0.06060808845341685,0.7386054992675781,1.3693026304244995,0.8757048185382572,1.1920928955078125e-07,0.0,False,1.0695096254348755,0.9289642573375604,5.09353494644165,0.24963316321372986,0.5213733315467834,1
44,5,0.02506683566148561,0.6875782012939453,1.3437892198562622,0.3405228299754006,1.1920928955078125e-07,0.0,False,1.0586124658584595,0.9194991047926472,4.833151817321777,0.26109278202056885,0.509454071521759,1
44,6,0.016106143242493258,0.6597686409950256,1.3298842906951904,0.34380233500685015,2.9802322387695312e-08,0.0,False,1.0295099020004272,0.8942209390070863,4.326165676116943,0.29121047258377075,0.5004048347473145,6
44,7,0.030836833994386983,0.7022897601127625,1.3511449098587036,0.48317367796386995,2.9802322387695312e-08,0.0,False,1.0676772594451904,0.9273726844612656,4.727579593658447,0.2681465148925781,0.5056602954864502,1
44,8,-0.029689610035799483,0.7479041218757629,1.373952031135559,0.38506443159920833,2.9802322387695312e-08,0.0,False,1.0512335300445557,0.9130898425800538,4.5714545249938965,0.28058525919914246,0.5040522813796997,1
44,9,0.035258895038137214,0.761282742023468,1.3806413412094116,0.7933259244476047,2.9802322387695312e-08,0.0,False,1.0671346187591553,0.9269013527500631,4.894704818725586,0.2620612680912018,0.5005292892456055,2
44,10,0.020959815375829496,0.7743698358535767,1.3871850967407227,0.5250197574496269,1.7881393432617188e-07,0.0,False,1.0207791328430176,0.8866374892714181,4.500478744506836,0.28696209192276,0.5002570152282715,2
44,11,-0.04926184941257298,0.786512553691864,1.3932561874389648,1.3120987894279617,8.940696716308594e-08,0.0,False,1.0459623336791992,0.9085113395910481,4.517763614654541,0.2864397168159485,0.5047497749328613,1
44,12,-0.0020792378117853623,0.7787014245986938,1.3893505334854126,0.682521790266037,1.7881393432617188e-07,0.0,False,1.1300373077392578,0.9815379341919331,5.907325744628906,0.21555984020233154,0.5041176676750183,1
44,13,0.025021613982399625,0.7776643633842468,1.3888320922851562,1.1258270527635301,8.940696716308594e-08,0.0,False,0.9615504741668701,0.8351921300042541,3.796229362487793,0.3429039716720581,0.5000437498092651,2
44,14,0.003502156876788652,0.8138946890830994,1.406947374343872,0.9480493324143546,2.9802322387695312e-08,0.0,False,1.0487643480300903,0.9109451383326597,4.777857780456543,0.2716540992259979,0.5037808418273926,1
44,15,-0.0291399184679769,0.7904994487762451,1.3952497243881226,0.26991549134254456,0.0,0.0,False,1.016976237297058,0.8833343361696888,4.37560510635376,0.2965725064277649,0.5000023245811462,2
44,16,0.014309489570615768,0.7656675577163696,1.3828338384628296,1.0666505364435062,5.960464477539063e-08,0.0,False,1.0307585000991821,0.8953054575358946,4.224333763122559,0.3059135377407074,0.503098726272583,2
44,17,-0.004775883923035267,0.787712812423706,1.393856406211853,0.4851935995476587,0.0,0.0,False,1.0020928382873535,0.8704067800459308,4.048328399658203,0.3214401602745056,0.5003365874290466,2
44,18,-0.07679484495264843,0.7708240151405334,1.3854120969772339,0.20082463111196244,8.940696716308594e-08,0.0,False,1.0123177766799927,0.8792880486893785,4.10506010055542,0.3156018555164337,0.5009343028068542,2
44,19,0.03564220014335287,0.7651529312133789,1.3825764656066895,0.8872027056557793,0.0,0.0,False,1.0571513175964355,0.9182299675377681,4.816460132598877,0.2664754390716553,0.5110118985176086,2
44,20,0.028474950077851908,0.7830224633216858,1.3915112018585205,0.8283312341996601,2.9802322387695312e-08,0.0,False,1.0731444358825684,0.9321214135779551,4.9721832275390625,0.2584778070449829,0.5179381370544434,1
44,21,0.02562905963391135,0.782060444355011,1.3910303115844727,0.5183389740330833,8.940696716308594e-08,0.0,False,0.9931126832962036,0.862606716527346,4.029305458068848,0.3224020302295685,0.5082367658615112,1
44,22,0.041382803554146357,0.7675871253013611,1.383793592453003,0.7116809572492329,2.9802322387695312e-08,0.0,False,1.0553909540176392,0.9167009351609386,4.705522060394287,0.27301016449928284,0.5187052488327026,1
44,23,-0.03436206674352382,0.7519871592521667,1.3759934902191162,0.26960607298782896,8.940696716308594e-08,0.0,False,1.0179624557495117,0.8841909546333923,4.21085786819458,0.30573028326034546,0.5135096907615662,1
44,24,-0.017629220923830707,0.7615703344345093,1.3807851076126099,0.6645168278898511,5.960464477539063e-08,0.0,False,1.0527117252349854,0.9143737866088129,4.594240188598633,0.2799127697944641,0.5060704946517944,1
45,1,0.07666461007552736,0.7624298930168152,1.3812148571014404,1.1319579652377538,8.940696716308594e-08,0.0,False,1.0262254476547241,0.8913680982102823,4.208925724029541,0.30675235390663147,0.507233738899231,2
45,2,-0.06048056117907442,0.7615304589271545,1.3807653188705444,0.20304489774363388,8.940696716308594e-08,0.0,False,1.0387195348739624,0.9022203244817485,4.3091511726379395,0.29932162165641785,0.5046581029891968,2
45,3,0.044254866105148186,0.8091684579849243,1.4045840501785278,0.5102599337697029,1.7881393432617188e-07,0.0,False,0.9458006620407104,0.8215120170094459,3.774911403656006,0.3471473455429077,0.5087614059448242,2
45,4,-0.034040886241047494,0.8118536472320557,1.4059268236160278,0.11833330350262777,0.0,0.0,False,0.9347454905509949,0.8119096170604907,3.625589609146118,0.36222612857818604,0.5098719596862793,2
45,5,-0.03330619802639544,0.8091070055961609,1.4045534133911133,0.3935214105461325,8.940696716308594e-08,0.0,False,0.9230554103851318,0.8017557424424088,3.538800001144409,0.3712809681892395,0.5082002878189087,2
45,6,0.01998461286381812,0.7956142425537109,1.3978071212768555,1.0796587653458118,0.0,0.0,False,1.0209931135177612,0.8868233505239683,4.345456600189209,0.29902276396751404,0.5011718273162842,3
45,7,0.02248992346033024,0.8138629198074341,1.4069315195083618,0.6007006977285657,5.960464477539063e-08,0.0,False,1.019496202468872,0.8855231501071031,4.138113498687744,0.3159826993942261,0.5000286102294922,3
45,8,0.006979258659419124,0.804497241973877,1.402248740196228,0.42666684729712345,1.1920928955078125e-07,0.0,False,1.0998210906982422,0.955292461542125,5.227176666259766,0.24670059978961945,0.5007068514823914,3
45,9,-0.01891116816529443,0.8191463351249695,1.4095730781555176,0.6541951107127325,8.940696716308594e-08,0.0,False,0.954464316368103,0.8290371715444536,3.700033187866211,0.3554956018924713,0.5004720091819763,3
45,10,-0.03271064509486516,0.8091952800750732,1.4045977592468262,0.42409559126411167,1.1920928955078125e-07,0.0,False,1.0445743799209595,0.9073057782743673,4.682274341583252,0.2773176431655884,0.5005522966384888,3
45,11,0.011813467181505239,0.8055781126022339,1.4027891159057617,0.6628366357513836,5.960464477539063e-08,0.0,False,1.0109808444976807,0.8781268041504645,4.466347694396973,0.29120200872421265,0.5000402331352234,7
45,12,0.021746344275089643,0.7882756590843201,1.3941378593444824,0.795748569071293,2.9802322387695312e-08,0.0,False,1.0254700183868408,0.8907119406852624,4.357916355133057,0.29763707518577576,0.5018883943557739,7
45,13,0.015505947986531682,0.7948552370071411,1.3974275588989258,0.3651489232267652,5.960464477539063e-08,0.0,False,0.9915515184402466,0.8612507059627792,4.07016134262085,0.31994059681892395,0.5079624652862549,2
45,14,-0.0030160830949409424,0.8005768060684204,1.4002883434295654,0.3564010262489319,5.960464477539063e-08,0.0,False,1.0176658630371094,0.8839333374766541,4.21437931060791,0.3088597059249878,0.5092949867248535,2
45,15,-0.007409679478345032,0.7989501357078552,1.39947509765625,0.41171571186610634,2.9802322387695312e-08,0.0,False,1.0077521800994873,0.8753224218863588,4.093303203582764,0.3182603418827057,0.5107767581939697,2
45,16,0.02334038596249109,0.7849675416946411,1.3924838304519653,0.16550963478428982,5.960464477539063e-08,0.0,False,0.9831221103668213,0.8539290151387805,3.998755931854248,0.32515767216682434,0.5090694427490234,2
45,17,-0.019296116597183572,0.7883089184761047,1.3941545486450195,0.3369469578777042,8.940696716308594e-08,0.0,False,0.9716746211051941,0.8439858523028376,3.794365882873535,0.3436908423900604,0.5083455443382263,2
45,18,0.031185409397337743,0.7847261428833008,1.39236319065094,0.15209878129618493,1.1920928955078125e-07,0.0,False,1.0057178735733032,0.8735554456887158,4.0138325691223145,0.3240188956260681,0.5034407377243042,2
45,19,0.02915836130929459,0.8008532524108887,1.4004266262054443,0.131507300904819,0.0,0.0,False,0.9996038675308228,0.8682448875155709,3.9464590549468994,0.3309693932533264,0.5035524368286133,2
45,20,0.02273576247558428,0.7938835620880127,1.3969417810440063,0.047937050461769104,0.0,0.0,False,1.0010823011398315,0.8695290386320766,3.951866865158081,0.3300248086452484,0.5021075010299683,2
45,21,0.03494243183198283,0.7785120010375977,1.389256238937378,0.31319093491349914,2.384185791015625e-07,0.0,False,1.0076639652252197,0.8752457994201264,4.021508693695068,0.32298871874809265,0.5010227560997009,2
45,22,-0.002305316401164141,0.7821564078330994,1.3910781145095825,0.08113669710499918,8.940696716308594e-08,0.0,False,1.0174753665924072,0.8837678743671415,4.076361179351807,0.3187134861946106,0.5013807415962219,2
45,23,0.01708315850171301,0.7744928002357483,1.3872463703155518,0.17728426413876658,2.9802322387695312e-08,0.0,False,1.0277563333511353,0.8926978086310342,4.101344108581543,0.3161832094192505,0.5000580549240112,2
45,24,0.006900730384109704,0.7747958898544312,1.3873980045318604,0.9841933718749454,5.960464477539063e-08,0.0,False,0.9985706806182861,0.8673474727657924,4.073091983795166,0.3182569146156311,0.5088856220245361,2
46,1,0.062383118061444205,0.8073943853378296,1.4036972522735596,1.2145772501826286,5.960464477539063e-08,0.0,False,1.0091850757598877,0.8765670192432689,4.1894307136535645,0.31142041087150574,0.5029140114784241,2
46,2,-0.05044426864215353,0.8133432269096375,1.4066716432571411,0.06584022832768299,2.9802322387695312e-08,0.0,False,1.0099655389785767,0.8772449209816789,4.211981296539307,0.3100922405719757,0.5022560358047485,2
46,3,0.06773253427443122,0.8159899115562439,1.4079951047897339,0.21095777196543558,1.4901161193847656e-07,0.0,False,0.9925881028175354,0.8621510717129465,3.9890811443328857,0.3284308910369873,0.5015610456466675,2
46,4,-0.026585125845350322,0.8095713257789612,1.4047856330871582,0.18423275223800106,2.9802322387695312e-08,0.0,False,1.0161831378936768,0.8826454587807102,4.203725337982178,0.3105040490627289,0.501318633556366,2
46,5,-0.07119203807344561,0.803035318851471,1.4015177488327026,0.15134791071925838,8.940696716308594e-08,0.0,False,1.0207021236419678,0.8865705999292747,4.200135707855225,0.31025230884552,0.504550576210022,2
46,6,0.009690181353364725,0.7959021925926208,1.3979512453079224,0.5808284144316399,1.4901161193847656e-07,0.0,False,0.9793577790260315,0.8506593584800596,3.8871326446533203,0.335750013589859,0.5076417326927185,2
46,7,0.00020802642284611407,0.8002970218658447,1.4001483917236328,0.08050761265414114,1.1920928955078125e-07,0.0,False,0.991643488407135,0.8613305900610201,4.008762836456299,0.32546883821487427,0.5071109533309937,2
46,8,0.007794373598631679,0.7942071557044983,1.3971035480499268,0.2723075598478318,2.9802322387695312e-08,0.0,False,1.020578145980835,0.8864629143010562,4.197874069213867,0.3097279369831085,0.5083513855934143,2
46,9,-0.07786144726372496,0.7963492274284363,1.398174524307251,0.18322664179972248,8.940696716308594e-08,0.0,False,1.0192136764526367,0.8852777511274129,4.1761298179626465,0.31148388981819153,0.5110585689544678,2
46,10,0.027155459856769516,0.816872239112854,1.4084361791610718,0.4888804533651897,5.960464477539063e-08,0.0,False,0.9674973487854004,0.8403575196670504,3.840942144393921,0.34170666337013245,0.5020267367362976,2
46,11,0.01961785050029738,0.8115113377571106,1.4057557582855225,0.16572098008223934,8.940696716308594e-08,0.0,False,0.9996187090873718,0.8682577787277952,4.036551475524902,0.3239806592464447,0.5051376223564148,2
46,12,0.03205535182534286,0.7807027101516724,1.390351414680481,0.5095860255616053,5.960464477539063e-08,0.0,False,1.028243064880371,0.8931205782656652,4.171219348907471,0.3107127845287323,0.5144203305244446,2
46,13,-0.018673195961237735,0.7853594422340393,1.3926798105239868,0.13392828404903412,8.940696716308594e-08,0.0,False,1.0194852352142334,0.8855136240707607,4.102080821990967,0.3165832757949829,0.5115377902984619,2
46,14,0.005130687147194165,0.790864109992981,1.3954321146011353,0.17145963226045877,5.960464477539063e-08,0.0,False,1.0296252965927124,0.8943211694764281,4.203556060791016,0.30883947014808655,0.5166484117507935,2
46,15,0.026518124113473613,0.7960466742515564,1.398023247718811,0.2350131571292877,8.940696716308594e-08,0.0,False,0.9993655681610107,0.8680379033128702,4.006089687347412,0.3252524435520172,0.5121026635169983,2
46,16,-0.009128216987687364,0.8078187704086304,1.4039093255996704,0.18232229990618565,5.960464477539063e-08,0.0,False,1.005232334136963,0.8731337114928177,4.027739524841309,0.32436636090278625,0.508419930934906,2
46,17,0.03917852578032021,0.8081421256065369,1.4040712118148804,0.3490145312888281,1.4901161193847656e-07,0.0,False,1.0011109113693237,0.8695538891616655,3.9962127208709717,0.32713964581489563,0.5056660175323486,2
46,18,-0.12354911195436213,0.802656352519989,1.4013280868530273,0.07484492872442522,8.940696716308594e-08,0.0,False,0.9989439249038696,0.867671668633054,3.936699628829956,0.3320486843585968,0.5002862811088562,2
46,19,-0.1193431677888754,0.8110095262527466,1.405504822731018,0.5313764704125269,5.960464477539063e-08,0.0,False,1.017016887664795,0.8833696446304796,4.134167194366455,0.31581583619117737,0.5101186633110046,2
46,20,0.0060872915701322425,0.7926026582717896,1.3963011503219604,0.5013099206345422,1.7881393432617188e-07,0.0,False,1.0269324779510498,0.8919822169227476,4.211595058441162,0.30830642580986023,0.5178328156471252,2
46,21,-0.17918185937835737,0.8035901188850403,1.4017950296401978,0.5819775526012693,2.9802322387695312e-08,0.0,False,0.9931075572967529,0.8626022641407947,3.9802963733673096,0.32770487666130066,0.5224982500076294,2
46,22,-0.01613956024036521,0.7639614343643188,1.3819807767868042,0.449671317424093,5.960464477539063e-08,0.0,False,0.97861647605896,0.8500154709040242,3.817938804626465,0.33941709995269775,0.5150396823883057,2
46,23,-0.07754702459296482,0.7653846144676208,1.3826922178268433,0.09643986608300886,8.940696716308594e-08,0.0,False,0.9687992334365845,0.841488322307218,3.709397315979004,0.3501777648925781,0.5024016499519348,2
46,24,-0.09410596448057837,0.7824472188949585,1.391223669052124,0.05732924278293339,5.960464477539063e-08,0.0,False,0.9772135019302368,0.8487968630593092,3.7990353107452393,0.3429214358329773,0.5036148428916931,2
47,1,-0.04209496596006563,0.7787603735923767,1.3893800973892212,1.3543812398399626,8.940696716308594e-08,0.0,False,0.9654401540756226,0.8385706630457364,3.801179885864258,0.3424549102783203,0.5027337074279785,2
47,2,-0.018308955029823378,0.8128897547721863,1.4064449071884155,0.5667742309825762,2.9802322387695312e-08,0.0,False,1.042942762374878,0.9058885732806878,4.355260372161865,0.29944536089897156,0.5003280639648438,2
47,3,-0.007297254298630579,0.8032261729240417,1.4016131162643433,0.7452739274927547,2.9802322387695312e-08,0.0,False,0.9063886404037476,0.7872791699742768,3.3881418704986572,0.38812577724456787,0.5001946687698364,2
47,4,0.03631323392175906,0.8126487135887146,1.4063243865966797,0.34834808004753937,2.9802322387695312e-08,0.0,False,0.9194483160972595,0.7986226601525533,3.472987413406372,0.3791089951992035,0.5007440447807312,2
47,5,0.054652563369066376,0.790791928768158,1.3953959941864014,2.0801652797630856,2.9802322387695312e-08,0.0,False,1.082617998123169,0.9403500451880747,5.219759941101074,0.24605734646320343,0.5134028792381287,6
47,6,0.01771316390101365,0.8096888661384583,1.4048445224761963,0.24228267478091375,8.940696716308594e-08,0.0,False,1.0410089492797852,0.9042088845682258,4.721029758453369,0.27494972944259644,0.5006556510925293,7
47,7,-0.0053161012063453646,0.8299052715301514,1.4149525165557861,0.6880472249218396,1.1920928955078125e-07,0.0,False,1.0518810749053955,0.9136522928997488,4.657623291015625,0.2799856662750244,0.5025649666786194,7
47,8,-0.009857595343360292,0.82621169090271,1.413105845451355,0.3117953730481011,0.0,0.0,False,1.0165214538574219,0.8829393162930987,4.277709007263184,0.3058977723121643,0.5037249326705933,7
47,9,0.007413221227083759,0.812255859375,1.4061279296875,0.5302167343241828,0.0,0.0,False,1.0384330749511719,0.9019715085542398,4.634426116943359,0.2805171608924866,0.5001129508018494,7
47,10,0.009141103090716116,0.8274478912353516,1.4137239456176758,0.7240009174815245,0.0,0.0,False,1.0414490699768066,0.9045911685484015,4.730883598327637,0.2752853333950043,0.5025205016136169,2
47,11,0.008814083412996386,0.8292732238769531,1.4146366119384766,0.30935961540256224,0.0,0.0,False,1.0096659660339355,0.8769847152281087,4.231733798980713,0.30959784984588623,0.5031795501708984,2
47,12,-0.010475949508966832,0.811424195766449,1.4057121276855469,0.3148612635476248,2.9802322387695312e-08,0.0,False,1.0219271183013916,0.8876346167711721,4.1940598487854,0.3112817406654358,0.5046576261520386,2
47,13,0.031673439014342455,0.7910612225532532,1.3955305814743042,0.6294904681188719,2.9802322387695312e-08,0.0,False,0.9894559383392334,0.8594305082142666,4.068179607391357,0.3200497627258301,0.5001125931739807,2
47,14,-0.002236078042236138,0.7941096425056458,1.397054672241211,0.790297765816961,1.4901161193847656e-07,0.0,False,0.9886863231658936,0.8587620289683255,3.8595781326293945,0.33825093507766724,0.5025326609611511,2
47,15,0.03150256189611351,0.7838677763938904,1.3919339179992676,0.40831411523478356,2.9802322387695312e-08,0.0,False,1.0014617443084717,0.8698586187807492,3.923586368560791,0.33177363872528076,0.501397967338562,2
47,16,-0.023582528393123137,0.8044377565383911,1.4022188186645508,0.1758819797209332,5.960464477539063e-08,0.0,False,1.0316364765167236,0.8960680581626536,4.159398555755615,0.3136453330516815,0.5002375245094299,2
47,17,0.022017777426976682,0.7943822145462036,1.397191047668457,0.6413524470158986,5.960464477539063e-08,0.0,False,1.0395581722259521,0.9029487556303227,4.195505619049072,0.31012460589408875,0.5009863376617432,2
47,18,0.008056232094724156,0.8120920658111572,1.4060460329055786,0.6091005418981825,0.0,0.0,False,1.028624415397644,0.8934518151163103,4.161565780639648,0.31386223435401917,0.5049105286598206,2
47,19,0.031122824018676366,0.794125497341156,1.3970627784729004,0.5320430121251514,2.9802322387695312e-08,0.0,False,0.9898864030838013,0.859804405140706,3.8794355392456055,0.33628445863723755,0.5085762143135071,2
47,20,-0.003988829409672923,0.7770841717720032,1.3885422945022583,0.4640445943389621,2.086162567138672e-07,0.0,False,0.9972748160362244,0.8662218990912257,3.916073799133301,0.3317004442214966,0.5098837614059448,2
47,21,0.0031754241109756684,0.77707439661026,1.3885371685028076,0.19034692006451762,2.9802322387695312e-08,0.0,False,1.0283435583114624,0.8932078657508461,4.140364646911621,0.3129635155200958,0.5112637281417847,2
47,22,0.01558844188169269,0.7919209003448486,1.3959604501724243,0.4898208954504558,0.0,0.0,False,1.0340296030044556,0.8981467014188905,4.164658069610596,0.3122822046279907,0.5036485195159912,2
47,23,0.012241017169910037,0.7832016348838806,1.3916008472442627,0.4931415340730122,2.9802322387695312e-08,0.0,False,1.0375571250915527,0.9012106681733267,4.173954010009766,0.3110043406486511,0.5019639730453491,2
47,24,0.038544339717067916,0.7792996764183044,1.3896498680114746,0.9468124806880951,2.9802322387695312e-08,0.0,False,1.0382853746414185,0.9018432176952372,4.168908596038818,0.31113678216934204,0.5016313195228577,2
48,1,-0.0048380163495109554,0.8032987713813782,1.4016494750976562,1.3997106041227068,8.940696716308594e-08,0.0,False,0.9440101385116577,0.8199567880326748,3.731876850128174,0.35043609142303467,0.5237038135528564,2
48,2,0.010593979124858998,0.8065085411071777,1.4032543897628784,0.2982829021556037,1.1920928955078125e-07,0.0,False,0.9553381204605103,0.8297961481356475,3.87919282913208,0.3366801142692566,0.5282799005508423,2
48,3,-0.006220147772261715,0.8086122274398804,1.404306173324585,0.14145159082753317,5.960464477539063e-08,0.0,False,0.967359185218811,0.8402375123179108,3.982954502105713,0.3275594413280487,0.5322070717811584,3
48,4,-0.0026361382976602572,0.808914840221405,1.4044573307037354,0.10071554354258938,8.940696716308594e-08,0.0,False,0.96601402759552,0.83906912325174,3.9136412143707275,0.33381348848342896,0.5263992547988892,3
48,5,-0.045174419288275994,0.8121669888496399,1.406083345413208,0.4834876039198466,1.4901161193847656e-07,0.0,False,0.9880801439285278,0.858235508372661,4.17425537109375,0.3126590847969055,0.5122941732406616,3
48,6,-0.07126301737870305,0.796132504940033,1.3980662822723389,0.11256670313222061,2.9802322387695312e-08,0.0,False,0.9946823120117188,0.8639700787069162,4.126384258270264,0.3155468702316284,0.5055095553398132,3
48,7,-0.044912921478199565,0.7905417680740356,1.3952709436416626,0.16941241494246895,5.960464477539063e-08,0.0,False,1.0027538537979126,0.8709809308233073,4.103483200073242,0.3171159625053406,0.5010902285575867,3
48,8,-0.06739797127860479,0.7993477582931519,1.3996739387512207,0.26500996947288513,5.960464477539063e-08,0.0,False,1.0005450248718262,0.869062366395172,4.054330825805664,0.32177847623825073,0.500149130821228,3
48,9,0.04218057301418847,0.7776437401771545,1.3888218402862549,0.47299041279724663,2.9802322387695312e-08,0.0,False,1.0018115043640137,0.8701624165049734,3.993945598602295,0.32526320219039917,0.5003572106361389,3
48,10,0.040139015078047846,0.7881171703338623,1.3940587043762207,0.5481607786246708,1.1920928955078125e-07,0.0,False,0.9590339064598083,0.8330062670672284,3.7456984519958496,0.3485284447669983,0.5006594657897949,3
48,11,-0.02034293619698052,0.7831224799156189,1.3915612697601318,0.5433910861611365,2.9802322387695312e-08,0.0,False,0.9740453958511353,0.8460450810828334,3.790580987930298,0.3438563942909241,0.5003697276115417,2
48,12,0.003889353531855694,0.7937158346176147,1.3968579769134521,0.3763016036578588,5.960464477539063e-08,0.0,False,0.998776912689209,0.8675266036665789,4.081812381744385,0.3190012276172638,0.504548192024231,2
48,13,0.01248273613517821,0.7861624360084534,1.3930811882019043,0.23740333638020927,2.9802322387695312e-08,0.0,False,1.0294156074523926,0.8941390358033163,4.176716327667236,0.31081780791282654,0.5084539651870728,2
48,14,0.04790644716365311,0.7706019282341003,1.3853007555007935,0.6209280235426767,2.086162567138672e-07,0.0,False,0.9937623739242554,0.8631710306367603,3.888810634613037,0.3338060975074768,0.5030742883682251,2
48,15,0.014511825179124365,0.7867791652679443,1.3933897018432617,0.21068298816680908,1.1920928955078125e-07,0.0,False,1.019751787185669,0.8857451481714305,4.117910385131836,0.3157197833061218,0.5001401901245117,2
48,16,0.03449140634298909,0.7833502292633057,1.3916749954223633,0.15451541755880616,1.1920928955078125e-07,0.0,False,0.9967484474182129,0.8657647011187269,3.9346680641174316,0.3307628929615021,0.5013900399208069,2
48,17,-0.0073028029757898905,0.7885627150535583,1.3942815065383911,0.37465881236961907,1.4901161193847656e-07,0.0,False,0.9823697805404663,0.8532755497544661,3.8378896713256836,0.33977383375167847,0.5040179491043091,2
48,18,0.01054759965368853,0.8021054267883301,1.401052713394165,0.41047599698816023,0.0,0.0,False,1.0327162742614746,0.8970059585668874,4.165185451507568,0.31300652027130127,0.5011177659034729,2
48,19,-0.024513351902882098,0.803800642490387,1.401900291442871,0.4709862066166741,2.9802322387695312e-08,0.0,False,1.0263161659240723,0.8914468950978537,4.145112991333008,0.3147231340408325,0.5005136132240295,2
48,20,0.0056735354968991455,0.7879589200019836,1.3939794301986694,0.8440403129373278,2.9802322387695312e-08,0.0,False,1.0315741300582886,0.8960139047169244,4.148987293243408,0.313324898481369,0.500529408454895,2
48,21,0.002810269018019334,0.7923409342765808,1.3961703777313232,1.1481267298970903,8.940696716308594e-08,0.0,False,1.0319957733154297,0.8963801393967405,4.366113662719727,0.29715001583099365,0.5078699588775635,2
48,22,0.0319506637092885,0.8074796199798584,1.4037399291992188,0.3012725082891329,1.1920928955078125e-07,0.0,False,0.9383805990219116,0.8150670321605685,3.5574536323547363,0.36934489011764526,0.5002990365028381,2
48,23,-0.0037236198085793823,0.7964069247245789,1.3982034921646118,0.3962068600314004,2.9802322387695312e-08,0.0,False,1.0029245615005493,0.8711292056498543,4.277812957763672,0.30386456847190857,0.5068623423576355,1
48,24,0.044307140779299224,0.8046467304229736,1.4023232460021973,0.776267914899758,1.1920928955078125e-07,0.0,False,0.9506934285163879,0.8257618199727018,3.6242940425872803,0.36202695965766907,0.5007341504096985,2
49,1,0.03146425211862519,0.7817797660827637,1.3908900022506714,1.2885784794177328,1.1920928955078125e-07,0.0,False,0.9951520562171936,0.8643780933396038,4.14619779586792,0.31303465366363525,0.5035726428031921,2
49,2,0.05430883757534761,0.7726597189903259,1.3863298892974854,0.19525854023439548,2.9802322387695312e-08,0.0,False,1.0016096830368042,0.8699871167274984,4.198436260223389,0.3083736300468445,0.5026278495788574,2
49,3,-0.0026215157023978634,0.8010404706001282,1.4005203247070312,0.4126049684626716,8.940696716308594e-08,0.0,False,1.0142290592193604,0.8809481676097893,4.322973251342773,0.3008567690849304,0.5063599944114685,2
49,4,0.03414096964243579,0.8132867813110352,1.4066433906555176,0.43164491866316124,0.0,0.0,False,1.0107781887054443,0.8779507795658766,4.260797500610352,0.30628323554992676,0.505349338054657,2
49,5,0.04007850371485035,0.8064908385276794,1.403245449066162,0.3190895670226641,2.9802322387695312e-08,0.0,False,1.0020102262496948,0.8703350241417428,4.147127628326416,0.31457534432411194,0.5066360831260681,2
49,6,-0.01977092747320368,0.7909287214279175,1.3954644203186035,0.1728607437440327,5.960464477539063e-08,0.0,False,0.9883559942245483,0.8584751088954472,3.984435796737671,0.32691407203674316,0.5052263736724854,2
49,7,-0.023970591135012983,0.8093749284744263,1.404687523841858,0.47465529612132484,5.960464477539063e-08,0.0,False,1.076756477355957,0.9352587929385519,4.89898157119751,0.2643956243991852,0.5018795728683472,2
49,8,0.03458492529025095,0.8054084777832031,1.4027043581008911,1.06251282032047,1.1920928955078125e-07,0.0,False,0.8985677361488342,0.7804860188514717,3.3485472202301025,0.3930862843990326,0.5000001192092896,2
49,9,0.01564397286005179,0.8011062145233154,1.4005533456802368,0.4093183055520057,2.384185791015625e-07,0.0,False,0.9838034510612488,0.8545208201465525,4.112166404724121,0.31718167662620544,0.5000916719436646,2
49,10,0.008436318119862684,0.810312807559967,1.4051563739776611,0.15966232014553894,2.9802322387695312e-08,0.0,False,0.9707054495811462,0.8431440406130142,4.025853633880615,0.32492363452911377,0.5005966424942017,2
49,11,0.033585376820782845,0.8221024870872498,1.4110512733459473,0.19958634035927914,2.9802322387695312e-08,0.0,False,0.9560242295265198,0.8303920948983509,3.8222150802612305,0.34385550022125244,0.5018100738525391,2
49,12,-0.001992531216592876,0.8152844905853271,1.4076422452926636,0.6025521143206528,0.0,0.0,False,0.955690324306488,0.8301020685092739,3.8541576862335205,0.3403988182544708,0.5008766055107117,2
49,13,0.01625327293339169,0.8176049590110779,1.4088023900985718,0.11560032729591632,8.940696716308594e-08,0.0,False,0.9407905340194702,0.817160275102939,3.699673891067505,0.35541829466819763,0.5001394748687744,2
49,14,0.0036969459974885398,0.8174275755882263,1.408713936805725,0.13595885357686452,1.4901161193847656e-07,0.0,False,0.9759855270385742,0.8477302576205796,3.861396551132202,0.3399079442024231,0.5004233121871948,2
49,15,-0.009935441273818828,0.791297435760498,1.395648717880249,0.12824980914592743,0.0,0.0,False,0.9543839693069458,0.8289673829738581,3.6404354572296143,0.3592769205570221,0.5001006126403809,2
49,16,0.010457452483968836,0.8022248148918152,1.4011123180389404,0.2089730714048659,8.940696716308594e-08,0.0,False,1.0045039653778076,0.8725010584270341,3.9905989170074463,0.3273407816886902,0.5003985166549683,2
49,17,0.000471696148121252,0.7733317613601685,1.3866658210754395,0.9038587595735278,5.960464477539063e-08,0.0,False,0.923278272151947,0.8019493177135188,3.455955982208252,0.3775813579559326,0.5001082420349121,2
49,18,0.023965970174398832,0.7749301195144653,1.3874651193618774,0.7636382398860795,5.960464477539063e-08,0.0,False,1.033616304397583,0.8977877148102044,4.137670993804932,0.31329113245010376,0.5012466907501221,2
49,19,0.029058301218638085,0.7724474668502808,1.3862236738204956,0.14529336988925934,5.960464477539063e-08,0.0,False,1.0416202545166016,0.9047398575504416,4.178773880004883,0.3099348843097687,0.5002231001853943,2
49,20,-0.020557494112072725,0.7778081297874451,1.3889039754867554,0.07355418162686489,8.940696716308594e-08,0.0,False,1.0387015342712402,0.9022046893568821,4.165219306945801,0.31136414408683777,0.500000536441803,2
49,21,-0.002137161146120261,0.7962716817855835,1.3981359004974365,0.5350530722311566,5.960464477539063e-08,0.0,False,1.02370285987854,0.8891770063076556,4.085644245147705,0.3189750909805298,0.5006809830665588,2
49,22,0.00722623624772268,0.7826048135757446,1.3913023471832275,1.1362100605453764,5.960464477539063e-08,0.0,False,1.0310783386230469,0.8955832657479237,4.138911247253418,0.31376150250434875,0.5000342130661011,2
49,23,-0.035440357177921045,0.8039835691452026,1.4019919633865356,0.7247194583926881,1.7881393432617188e-07,0.0,False,1.0336304903030396,0.8978000365311255,4.164724349975586,0.31319722533226013,0.5001731514930725,2
49,24,0.004291165436597328,0.7967692613601685,1.39838445186615,0.1014467052050998,1.7881393432617188e-07,0.0,False,1.0274989604949951,0.8924742574086075,4.1189117431640625,0.3162875175476074,0.5019229650497437,2
50,1,0.006729662467012204,0.7918980121612549,1.3959490060806274,1.4865132346749306,0.0,0.0,False,0.9153920412063599,0.7950994245481525,3.464229106903076,0.37829485535621643,0.5002248287200928,2
50,2,0.013894134976901978,0.7916678786277771,1.3958340883255005,0.5702300071716309,1.4901161193847656e-07,0.0,False,1.0320520401000977,0.8964290121049321,4.400881290435791,0.29484257102012634,0.5008337497711182,2
50,3,-0.0064115548634301805,0.7874630689620972,1.3937314748764038,0.20733432897499635,5.960464477539063e-08,0.0,False,0.9644566178321838,0.8377163743191818,3.7718942165374756,0.3459770083427429,0.5001006126403809,3
50,4,-0.05655916148509862,0.7868373394012451,1.393418788909912,0.21838889164584027,1.1920928955078125e-07,0.0,False,1.0025602579116821,0.8708127755730891,4.055527210235596,0.32065558433532715,0.5050524473190308,3
50,5,-0.02970208805506293,0.7852930426597595,1.3926465511322021,0.48649074562958305,2.9802322387695312e-08,0.0,False,1.018339991569519,0.8845188780800923,4.11335563659668,0.3159633278846741,0.500763475894928,3
50,6,0.07706332483205247,0.795211911201477,1.3976058959960938,0.2502498158386776,5.960464477539063e-08,0.0,False,1.0476129055023193,0.9099450080605803,4.3687310218811035,0.2973441183567047,0.5006758570671082,3
50,7,-0.09281153363202774,0.777440071105957,1.3887200355529785,0.6298277569668634,0.0,0.0,False,1.0279982089996338,0.8929078991499336,4.169942855834961,0.31078672409057617,0.506961464881897,3
50,8,0.05532882808674498,0.7935880422592163,1.3967939615249634,0.6047941786902292,5.960464477539063e-08,0.0,False,1.0397107601165771,0.9030812917881301,4.264408111572266,0.3048282861709595,0.5013761520385742,3
50,9,0.012037025149060602,0.789449155330658,1.3947246074676514,0.8530788804803574,2.9802322387695312e-08,0.0,False,1.041135549545288,0.9043188481616566,4.567088603973389,0.2830674648284912,0.5160750150680542,3
50,10,0.02750562620717883,0.8198723196983337,1.4099361896514893,0.784952513873577,2.9802322387695312e-08,0.0,False,1.0028343200683594,0.871050822937776,4.156423568725586,0.31492769718170166,0.5002843141555786,3
50,11,-0.021446794827248594,0.8275985717773438,1.4137992858886719,0.18265984420265471,0.0,0.0,False,0.9843772053718567,0.8550191768086829,4.1783599853515625,0.3137155771255493,0.500290036201477,3
50,12,0.02056308825765641,0.8338335156440735,1.416916847229004,0.12160099297761917,8.940696716308594e-08,0.0,False,0.9681420922279358,0.8409175367057233,4.1719889640808105,0.31461048126220703,0.501068115234375,3
50,13,0.016909114781763462,0.8116475343704224,1.4058237075805664,0.4684194358331817,5.960464477539063e-08,0.0,False,0.9850521087646484,0.8556053904472974,4.120417594909668,0.31719934940338135,0.5017626285552979,7
50,14,-0.017177808516740403,0.8283442854881287,1.4141722917556763,0.12133443249123443,1.4901161193847656e-07,0.0,False,0.9576103687286377,0.8317697979043714,3.9926772117614746,0.3289353847503662,0.5039141178131104,7
50,15,0.01549904491595564,0.8212397694587708,1.4106199741363525,0.15737861182008472,8.940696716308594e-08,0.0,False,0.9415895938873291,0.8178543296855818,3.7923290729522705,0.34649020433425903,0.5060795545578003,2
50,16,0.05575562756667873,0.821456253528595,1.4107282161712646,0.11986992029207094,8.940696716308594e-08,0.0,False,0.9559898376464844,0.8303622224909076,3.7982826232910156,0.34592127799987793,0.506743311882019,2
50,17,0.009292279875502383,0.8018350005149841,1.400917649269104,0.19773121178150183,1.4901161193847656e-07,0.0,False,0.9972463846206665,0.8661972038774468,3.9830257892608643,0.3278031647205353,0.5060752630233765,2
50,18,0.013232049101791545,0.8053627610206604,1.4026813507080078,0.3040962006364549,2.9802322387695312e-08,0.0,False,1.0267043113708496,0.8917840339492762,4.187081336975098,0.31132346391677856,0.5079959034919739,2
50,19,0.014098786050515278,0.7971945405006409,1.398597240447998,0.11642616987228394,2.9802322387695312e-08,0.0,False,1.029977560043335,0.8946271416219913,4.182711124420166,0.311114639043808,0.5079416036605835,2
50,20,0.022543305839306988,0.7985992431640625,1.3992996215820312,0.0595099266086305,0.0,0.0,False,1.0221431255340576,0.8878222382695682,4.135031223297119,0.3149757981300354,0.5073798894882202,2
50,21,0.011955686520588305,0.789503276348114,1.394751787185669,0.41541031215872093,1.4901161193847656e-07,0.0,False,1.0032678842544556,0.8714274120049209,3.992119550704956,0.3260791003704071,0.5080097913742065,2
50,22,0.02755190192635132,0.7940711379051208,1.3970354795455933,0.4781455312456403,8.940696716308594e-08,0.0,False,1.0113277435302734,0.8784281168217297,4.072515487670898,0.3196605443954468,0.5091230273246765,2
50,23,0.01225096933481697,0.7835603356361389,1.3917802572250366,0.11713933518954694,8.940696716308594e-08,0.0,False,1.0265851020812988,0.8916804900759893,4.125828742980957,0.31469568610191345,0.5063774585723877,2
50,24,-0.0003800919570452876,0.7726470232009888,1.3863234519958496,0.4081718623638153,5.960464477539063e-08,0.0,False,1.0307635068893433,0.8953098063785726,4.134307384490967,0.313307523727417,0.5046429634094238,2
51,1,-0.16045431551362446,0.8055813312530518,1.4027906656265259,1.3843251434820039,0.0,0.0,False,0.990459680557251,0.8603023476273434,4.285758018493652,0.3039860129356384,0.5028416514396667,2
51,2,0.09869607082927258,0.8103572726249695,1.4051787853240967,0.7585094890424183,1.4901161193847656e-07,0.0,False,1.002591609954834,0.8708400076117636,4.39432954788208,0.29617437720298767,0.5117073655128479,2
51,3,0.0103647110488977,0.8500599265098572,1.425029993057251,0.5744577454669135,2.9802322387695312e-08,0.0,False,0.9966636896133423,0.8656910814248199,4.168540000915527,0.3157094120979309,0.50922030210495,1
51,4,0.01714821177445623,0.851216197013855,1.4256082773208618,0.36410610697099144,1.7881393432617188e-07,0.0,False,1.0206459760665894,0.8865218307649565,4.347273349761963,0.3020654320716858,0.5122113823890686,2
51,5,0.08906500203293874,0.8364501595497131,1.4182251691818237,0.5299187621900013,8.940696716308594e-08,0.0,False,0.9796521663665771,0.8509150600751418,4.031487464904785,0.32590174674987793,0.5136348009109497,2
51,6,-0.08084389433031561,0.8296661376953125,1.4148330688476562,0.3107040034873143,0.0,0.0,False,1.036555528640747,0.9003406925499692,4.410383701324463,0.2962796986103058,0.5099725723266602,2
51,7,0.06804307792819607,0.8211272358894348,1.4105637073516846,0.7623919323086739,8.940696716308594e-08,0.0,False,0.9278194904327393,0.8058937697944513,3.5608596801757812,0.3698444068431854,0.5100116729736328,2
51,8,-0.024268745339322134,0.8213809132575989,1.4106905460357666,0.41611948715788993,8.940696716308594e-08,0.0,False,0.9712122082710266,0.8435842056183573,3.791508913040161,0.3466463088989258,0.5037644505500793,2
51,9,0.07127565262416728,0.8027521967887878,1.4013761281967163,0.7063381416457041,2.9802322387695312e-08,0.0,False,0.948189377784729,0.8235868291423712,3.616776943206787,0.36267051100730896,0.5000606775283813,2
51,10,-0.03755669048904875,0.7750065922737122,1.3875032663345337,1.389796684895243,2.9802322387695312e-08,0.0,False,0.9737339019775391,0.8457745209419344,3.997513771057129,0.32473868131637573,0.5014433264732361,7
51,11,-0.001162463887588435,0.8082330226898193,1.4041165113449097,0.46066030647073464,0.0,0.0,False,0.9783298373222351,0.8497664996607056,4.008530139923096,0.326122522354126,0.5047587156295776,2
51,12,0.012307422346875877,0.7868726253509521,1.393436312675476,0.4961758852005005,0.0,0.0,False,1.015564203262329,0.882107858990604,4.123491287231445,0.3152671754360199,0.5006412267684937,2
51,13,0.06895677143054742,0.7772646546363831,1.3886322975158691,0.804011093718665,2.9802322387695312e-08,0.0,False,1.08217191696167,0.9399625840142347,5.208707809448242,0.2460220456123352,0.5106974840164185,1
51,14,0.012109835272532739,0.7541316747665405,1.377065896987915,0.7851465003831046,5.960464477539063e-08,0.0,False,1.0164260864257812,0.8828564811944691,4.227360248565674,0.3046253025531769,0.5138133764266968,1
51,15,0.0057330367822544335,0.7913653254508972,1.395682692527771,1.0211605599948337,2.9802322387695312e-08,0.0,False,0.976404070854187,0.8480938001596904,3.9471418857574463,0.33029207587242126,0.5005735158920288,2
51,16,-0.013487654857668938,0.7854689359664917,1.392734408378601,0.4815028969730649,5.960464477539063e-08,0.0,False,1.0386435985565186,0.9021543670344647,4.429744720458984,0.2923330068588257,0.5048767328262329,1
51,17,0.010065669512225064,0.8000392317771912,1.400019645690918,0.7826616253171648,2.9802322387695312e-08,0.0,False,0.9325268268585205,0.8099825102628092,3.540827512741089,0.3705193102359772,0.5000000596046448,2
51,18,-0.023719715399535463,0.8107143640518188,1.4053571224212646,0.40568984512771883,5.960464477539063e-08,0.0,False,0.9246147274971008,0.8031101480769396,3.5045883655548096,0.3754059672355652,0.5003675818443298,2
51,19,0.044205245942785576,0.8047415018081665,1.4023706912994385,0.4910143741539547,5.960464477539063e-08,0.0,False,0.9446161985397339,0.820483205084466,3.6030502319335938,0.36422082781791687,0.5018513202667236,2
51,20,-0.11112897152528292,0.8017502427101135,1.4008749723434448,0.4961190447211266,1.4901161193847656e-07,0.0,False,0.8920937180519104,0.7748627581810001,3.3087165355682373,0.3976438343524933,0.5000782608985901,2
51,21,0.09395328289040575,0.7859223484992981,1.3929611444473267,0.9376875279205186,2.9802322387695312e-08,0.0,False,0.974214494228363,0.846191958067091,3.8420956134796143,0.3392242193222046,0.5025202035903931,2
51,22,-0.014853751955873053,0.797683596611023,1.3988418579101562,1.0387319581849235,5.960464477539063e-08,0.0,False,0.9352108836174011,0.8123138523418032,3.5801923274993896,0.3660496473312378,0.501610517501831,1
51,23,0.0008215915836129921,0.7897024750709534,1.3948512077331543,0.5169045616473469,2.9802322387695312e-08,0.0,False,0.9303863644599915,0.8081233282460041,3.4996697902679443,0.3741380572319031,0.5000743269920349,2
51,24,0.0015699259414856262,0.7846626043319702,1.3923313617706299,0.49912512302398676,5.960464477539063e-08,0.0,False,0.9703232049942017,0.8428120271833194,3.754182815551758,0.34741950035095215,0.5012447834014893,2
52,1,-0.15404752536753502,0.8102236986160278,1.4051119089126587,1.4354156825159277,5.960464477539063e-08,0.0,False,0.969201385974884,0.8418376275637518,4.161862850189209,0.3136354386806488,0.507627010345459,2
52,2,-0.13621630642894553,0.8067122101783752,1.4033561944961548,0.5689128014658178,8.940696716308594e-08,0.0,False,0.9968715310096741,0.8658716101678957,4.190948009490967,0.3109931945800781,0.5122671723365784,2
52,3,0.06491870343983734,0.7784276008605957,1.3892138004302979,0.22021458085094167,0.0,0.0,False,0.9787988662719727,0.8501738930301533,4.190741539001465,0.3088324964046478,0.5225071310997009,2
52,4,0.05097826588287016,0.8201621174812317,1.410080909729004,0.3730788789689541,1.4901161193847656e-07,0.0,False,0.9840453267097473,0.8547309106654518,4.056938648223877,0.32265013456344604,0.5132526159286499,2
52,5,-0.007969594978315085,0.829369843006134,1.4146850109100342,0.13961960907493326,8.940696716308594e-08,0.0,False,1.0023069381713867,0.8705927448423542,4.179965972900391,0.3132929503917694,0.5143487453460693,2
52,6,0.0011765872381329697,0.8085777759552002,1.4042887687683105,0.7338628662484032,1.1920928955078125e-07,0.0,False,0.937946081161499,0.8146896147424373,3.663649082183838,0.35804545879364014,0.5099732875823975,2
52,7,0.04533050565929636,0.7939381003379822,1.396969199180603,0.48788881301879894,1.4901161193847656e-07,0.0,False,1.0066840648651123,0.8743946687817071,4.121607780456543,0.31591010093688965,0.500647246837616,3
52,8,0.009270178605062039,0.8122215867042542,1.4061107635498047,0.521617594574179,2.9802322387695312e-08,0.0,False,0.9184010028839111,0.7977129754537903,3.4644675254821777,0.38003870844841003,0.500756561756134,2
52,9,0.04058678274879245,0.8154202699661255,1.407710075378418,0.3646443677800042,5.960464477539063e-08,0.0,False,0.9176892042160034,0.7970947149863934,3.4526360034942627,0.3816828727722168,0.5003201961517334,2
52,10,0.005120461392303896,0.7982731461524963,1.3991366624832153,1.0910858703511102,8.940696716308594e-08,0.0,False,0.9858788847923279,0.8563235189804795,4.0470075607299805,0.3223135471343994,0.500000536441803,2
52,11,-0.00642331507709924,0.8153856992721558,1.4076929092407227,0.5699574330023356,5.960464477539063e-08,0.0,False,0.9787546396255493,0.8501354782531638,3.955326557159424,0.3313071131706238,0.5017530918121338,2
52,12,-0.017099336623193025,0.8090537786483765,1.4045270681381226,0.3955000532524927,1.7881393432617188e-07,0.0,False,0.9848113656044006,0.8553962835951943,3.8953473567962646,0.3361673057079315,0.5014592409133911,2
52,13,0.009485193261654201,0.7984483242034912,1.3992244005203247,0.13832365615027295,2.384185791015625e-07,0.0,False,0.9538993835449219,0.8285464771289464,3.6493113040924072,0.35894575715065,0.500560998916626,2
52,14,0.013836360887673795,0.7973400950431824,1.398669958114624,0.04303854491029471,8.940696716308594e-08,0.0,False,0.9409463405609131,0.8172956069453251,3.576956272125244,0.3663649559020996,0.5015871524810791,2
52,15,0.03464017161294067,0.7999524474143982,1.3999760150909424,0.6793367298586028,2.086162567138672e-07,0.0,False,1.032114863395691,0.8964835797261543,4.17617130279541,0.3118743598461151,0.5056386590003967,2
52,16,-0.05815918121707998,0.7820194363594055,1.3910096883773804,0.20032694510051186,2.9802322387695312e-08,0.0,False,1.0378656387329102,0.9014786397173936,4.168215274810791,0.3114205598831177,0.5000554323196411,2
52,17,0.044822993699645326,0.7861127853393555,1.3930563926696777,0.6526973439114434,0.0,0.0,False,1.0350686311721802,0.8990491898184602,4.161998748779297,0.3121717572212219,0.5006797909736633,2
52,18,0.010711588671667806,0.7990437150001526,1.399521827697754,0.5651788051639284,2.9802322387695312e-08,0.0,False,1.0426656007766724,0.9056478337752956,4.219974040985107,0.30858707427978516,0.5000001192092896,2
52,19,-0.01058202321871072,0.7876237034797668,1.3938119411468506,0.4899882631642477,8.940696716308594e-08,0.0,False,1.0427721738815308,0.9057404019980142,4.206054210662842,0.3088727593421936,0.5003213882446289,2
52,20,0.00795427912824579,0.7815174460411072,1.390758752822876,0.5609978756734304,2.9802322387695312e-08,0.0,False,1.035321593284607,0.8992689099175752,4.157464027404785,0.3122089207172394,0.5006849765777588,2
52,21,0.03806585141710755,0.7919034361839294,1.395951747894287,0.5554919115134647,2.9802322387695312e-08,0.0,False,1.0301759243011475,0.894799438627141,4.148160457611084,0.3136769235134125,0.5000133514404297,2
52,22,0.022587805425092235,0.7833109498023987,1.391655445098877,0.663493343761989,2.9802322387695312e-08,0.0,False,1.0298830270767212,0.8945450313304747,4.115644454956055,0.3156511187553406,0.5003864765167236,2
52,23,0.03789988214296549,0.7817592024803162,1.3908796310424805,0.46118178325039993,2.9802322387695312e-08,0.0,False,1.0324490070343018,0.8967738132029779,4.135322570800781,0.313987135887146,0.5000077486038208,2
52,24,0.020535726179949792,0.7893301844596863,1.394665002822876,0.5597235475267683,8.940696716308594e-08,0.0,False,1.0005441904067993,0.869061641588059,3.927842140197754,0.3318457007408142,0.5000003576278687,2
53,1,0.0704324557396022,0.7924113869667053,1.3962056636810303,1.3805401857410158,2.9802322387695312e-08,0.0,False,0.9517253041267395,0.8266580957398743,3.672991991043091,0.35588523745536804,0.5065804719924927,2
53,2,0.07222461930657997,0.7690791487693787,1.3845396041870117,0.5215730550033706,2.9802322387695312e-08,0.0,False,1.0065611600875854,0.8742879150483481,4.045774936676025,0.32001012563705444,0.5117594599723816,2
53,3,0.03594294274036679,0.7476425766944885,1.3738213777542114,0.6728123873472214,8.940696716308594e-08,0.0,False,1.0312323570251465,0.8957170444322105,4.3727312088012695,0.2936844229698181,0.5122624039649963,2
53,4,0.03880100520365494,0.767749547958374,1.3838748931884766,0.5670547080891472,1.1920928955078125e-07,0.0,False,1.023828387260437,0.8892860380062269,4.104579448699951,0.3153546154499054,0.5035231113433838,2
53,5,-0.01750233148384321,0.7383612394332886,1.3691807985305786,0.17950945453984396,1.7881393432617188e-07,0.0,False,1.036301851272583,0.9001203511876145,4.175854206085205,0.30766674876213074,0.5045815110206604,2
53,6,0.01832329907371491,0.7767877578735352,1.388393759727478,0.6932764244931086,1.1920928955078125e-07,0.0,False,0.9566110372543335,0.8309017896146063,3.6474781036376953,0.35722851753234863,0.5048471093177795,2
53,7,-0.03549652428824371,0.777381956577301,1.3886908292770386,0.3344298175403049,1.4901161193847656e-07,0.0,False,0.9572068452835083,0.8314193018932948,3.6330854892730713,0.3588716685771942,0.5001082420349121,2
53,8,0.014302422809316843,0.775501549243927,1.3877508640289307,0.37242963697229126,8.940696716308594e-08,0.0,False,0.9620099663734436,0.8355912398638389,3.6700775623321533,0.35494816303253174,0.500778079032898,2
53,9,-0.015585731750459604,0.7314141392707825,1.3657071590423584,0.9462485228266033,8.940696716308594e-08,0.0,False,1.0330731868743896,0.8973159689235087,4.241251468658447,0.3023620843887329,0.5000045895576477,2
53,10,-0.021280982968999385,0.7739116549491882,1.386955738067627,0.786638638802937,8.940696716308594e-08,0.0,False,0.9991823434829712,0.8678787563796281,3.9488797187805176,0.3286585509777069,0.5075507164001465,2
53,11,0.007727840349068708,0.7985084652900696,1.3992544412612915,0.43942370585032875,2.086162567138672e-07,0.0,False,0.9591479897499084,0.8331053585539641,3.700322151184082,0.3536648750305176,0.5058488845825195,2
53,12,0.0009855484264077279,0.797468900680542,1.3987345695495605,0.3392970210739545,1.1920928955078125e-07,0.0,False,0.9741853475570679,0.8461666415900723,3.7807018756866455,0.34578242897987366,0.505284309387207,2
53,13,0.011065978305478074,0.7826766967773438,1.3913384675979614,0.08241361379623413,1.1920928955078125e-07,0.0,False,0.9909060597419739,0.8606900676608665,3.876455545425415,0.33569321036338806,0.5083867311477661,2
53,14,-0.010722707699467818,0.7740758657455444,1.387038230895996,0.48704628433500013,2.980232238769531e-07,0.0,False,1.0102074146270752,0.8774550115005784,4.02556848526001,0.3220919668674469,0.5099636912345886,2
53,15,0.031221832987118364,0.7933796048164368,1.396690011024475,0.46996422963483,2.086162567138672e-07,0.0,False,0.9900963306427002,0.8599867459015644,3.8717494010925293,0.3369961977005005,0.5059216022491455,2
53,16,0.003679585765200258,0.7656949758529663,1.382847547531128,0.6050019924129757,5.960464477539063e-08,0.0,False,1.0283770561218262,0.8932369615792397,4.113203048706055,0.31446346640586853,0.505734384059906,2
53,17,0.014716897542708421,0.7699437737464905,1.3849719762802124,0.0343056321144104,8.940696716308594e-08,0.0,False,1.025796890258789,0.8909958579858154,4.097814083099365,0.3160560131072998,0.5034039616584778,2
53,18,-0.026066651005181327,0.7527322769165039,1.3763662576675415,0.49863164126873016,1.1920928955078125e-07,0.0,False,1.0200979709625244,0.886045839579456,4.041393280029297,0.3193236291408539,0.5063389539718628,2
53,19,0.007180029452579555,0.7583731412887573,1.379186749458313,0.0868259987660818,1.7881393432617188e-07,0.0,False,1.0262733697891235,0.8914097228473437,4.095551013946533,0.3153448700904846,0.5060380697250366,2
53,20,0.01815740791707432,0.7635242342948914,1.381762146949768,0.04278237904821114,2.9802322387695312e-08,0.0,False,1.0226105451583862,0.8882282337967266,4.091738700866699,0.3158816993236542,0.5113767385482788,2
53,21,-0.017467075008815988,0.751977801322937,1.3759888410568237,0.4920211051191602,5.960464477539063e-08,0.0,False,1.0301823616027832,0.8948050299962984,4.1069536209106445,0.3140146732330322,0.504530668258667,2
53,22,0.007856703025405636,0.7764320373535156,1.3882158994674683,0.21454457938671112,1.1920928955078125e-07,0.0,False,1.0289978981018066,0.8937762180713186,4.133024215698242,0.3135811388492584,0.5081437826156616,2
53,23,-0.00014137821367852296,0.7840247750282288,1.392012357711792,0.08889763482979374,2.9802322387695312e-08,0.0,False,1.0310543775558472,0.895562453429393,4.169778347015381,0.31121715903282166,0.5082451105117798,2
53,24,0.03210143638229854,0.7888321876525879,1.394416093826294,0.07172727584838867,0.0,0.0,False,1.0225547552108765,0.8881797752640282,4.124861717224121,0.3150482475757599,0.5097234845161438,2
54,1,-0.06541467759033966,0.8091028332710266,1.40455162525177,1.4110320912940162,2.086162567138672e-07,0.0,False,0.9440465569496155,0.819988420685964,3.696378707885742,0.35448864102363586,0.5206003785133362,2
54,2,-0.017713471470073724,0.8170603513717651,1.4085302352905273,0.30670492670365745,5.960464477539063e-08,0.0,False,0.9276037216186523,0.8057063553838018,3.6319198608398438,0.3615216910839081,0.5262500643730164,2
54,3,0.0038591773227987522,0.8090408444404602,1.4045206308364868,0.26571450276034225,2.086162567138672e-07,0.0,False,0.9378559589385986,0.8146113355742323,3.6899569034576416,0.35514888167381287,0.5198017358779907,2
54,4,0.04972844930022244,0.7978677749633789,1.3989337682724,0.04726609800543108,1.1920928955078125e-07,0.0,False,0.9432297945022583,0.819278989838138,3.6897451877593994,0.35432249307632446,0.5183078050613403,2
54,5,0.048429046317735654,0.7804084420204163,1.3902043104171753,0.06564173847436905,8.940696716308594e-08,0.0,False,0.9577258825302124,0.8318701319175865,3.7547335624694824,0.34686899185180664,0.5071908235549927,2
54,6,0.13048022118778124,0.7709822654724121,1.385491132736206,0.020319796034268034,0.0,0.0,False,0.9537705183029175,0.8284345462019231,3.7076191902160645,0.35074904561042786,0.5047106742858887,2
54,7,0.026479716597379254,0.6960735321044922,1.3480368852615356,0.7509815160717284,1.1920928955078125e-07,0.0,False,1.0643737316131592,0.9245032766447356,4.646780014038086,0.2725943922996521,0.5067337155342102,2
54,8,-0.0597284145042827,0.727905809879303,1.3639531135559082,0.2132735550403595,2.086162567138672e-07,0.0,False,1.0826435089111328,0.9403722035769582,4.824269771575928,0.26416516304016113,0.5003750324249268,2
54,9,-0.029073852417610017,0.7703119516372681,1.3851559162139893,0.8754890805908613,5.960464477539063e-08,0.0,False,0.9418580532073975,0.8180875104882243,3.5549845695495605,0.36643341183662415,0.5002336502075195,2
54,10,-0.08107166477731517,0.7603260278701782,1.3801630735397339,0.5115268602967262,5.960464477539063e-08,0.0,False,1.008580207824707,0.8760416376302105,4.0416178703308105,0.31986814737319946,0.5059791207313538,2
54,11,0.013512185264228291,0.7761842608451843,1.3880921602249146,0.09108938276767728,2.9802322387695312e-08,0.0,False,0.9834636449813843,0.8542256683357479,3.8865926265716553,0.3342297077178955,0.510677695274353,2
54,12,0.03371604187173345,0.7475312948226929,1.3737657070159912,0.4686467626265118,5.960464477539063e-08,0.0,False,1.0474023818969727,0.9097621495803554,4.390829563140869,0.292544960975647,0.5069929361343384,2
54,13,-0.01707565930729809,0.7411382794380188,1.3705692291259766,0.16009532128061563,8.940696716308594e-08,0.0,False,1.025660514831543,0.8908774037947751,4.142855644226074,0.31035116314888,0.5071134567260742,2
54,14,0.02307162458531739,0.791939914226532,1.3959698677062988,0.3799202761479785,8.940696716308594e-08,0.0,False,1.0009599924087524,0.8694228026180841,4.0290350914001465,0.3230874538421631,0.5099086165428162,2
54,15,0.020614045052823365,0.788956344127655,1.3944780826568604,0.16903180629014972,8.940696716308594e-08,0.0,False,1.0277621746063232,0.8927028822808253,4.210104942321777,0.3083677291870117,0.510826587677002,2
54,16,-0.009313168425073067,0.7902327179908752,1.3951162099838257,0.12707329009260454,1.4901161193847656e-07,0.0,False,1.0144590139389038,0.88114790374136,4.097519874572754,0.3173322081565857,0.5100300312042236,2
54,17,0.0015171320660956064,0.7870429754257202,1.3935214281082153,0.54988209264619,5.960464477539063e-08,0.0,False,1.0223171710968018,0.8879734123245673,4.155822277069092,0.31240320205688477,0.51240074634552,2
54,18,-0.038970680590241606,0.786332368850708,1.393166184425354,0.40279125102928703,0.0,0.0,False,1.015557050704956,0.8821016463582068,4.113880157470703,0.3156183958053589,0.5146894454956055,2
54,19,-0.012745379221244234,0.8004894852638245,1.4002447128295898,0.13601131950105952,2.9802322387695312e-08,0.0,False,1.022754192352295,0.8883530041640375,4.191864013671875,0.3104395568370819,0.5146622657775879,2
54,20,-0.005071156222584022,0.8015959858894348,1.4007980823516846,0.12733334515775943,8.940696716308594e-08,0.0,False,1.0198031663894653,0.8857897755808172,4.136719226837158,0.3148798942565918,0.5133790969848633,2
54,21,0.04187744128597026,0.7879336476325989,1.3939669132232666,0.24191922162260326,8.940696716308594e-08,0.0,False,1.0184177160263062,0.8845863886854755,4.123316764831543,0.31494417786598206,0.5158202052116394,2
54,22,0.052751515366315005,0.7663375735282898,1.3831686973571777,0.23110643667834133,8.940696716308594e-08,0.0,False,1.007496953010559,0.8751007344536513,4.062654972076416,0.31859099864959717,0.5054914355278015,2
54,23,-0.002645959184394659,0.7857949733734131,1.392897605895996,0.23286771242107648,1.1920928955078125e-07,0.0,False,1.0342497825622559,0.8983379469528516,4.197312355041504,0.3092079162597656,0.5081759095191956,2
54,24,0.013613530048148633,0.8029292225837708,1.4014647006988525,0.24782679975032806,8.940696716308594e-08,0.0,False,1.0190494060516357,0.8851350676700234,4.0857343673706055,0.319323867559433,0.5046578645706177,2
55,1,0.05973791373722122,0.8025466799736023,1.4012731313705444,1.3307058257716042,2.086162567138672e-07,0.0,False,1.004185676574707,0.8722245962853576,4.457071304321289,0.2915140688419342,0.5049054622650146,2
55,2,0.04315746110151589,0.7924006581306458,1.3962005376815796,0.32960712803261627,2.086162567138672e-07,0.0,False,0.9994077682495117,0.8680745578440138,4.399567127227783,0.29476699233055115,0.5086697340011597,2
55,3,0.01527419133789024,0.8154947757720947,1.4077473878860474,0.42443361133337015,0.0,0.0,False,1.0041248798370361,0.8721717889099813,4.319265842437744,0.30202147364616394,0.5074946880340576,1
55,4,0.0025625038953317122,0.8094246983528137,1.404712438583374,0.4678795965654509,8.940696716308594e-08,0.0,False,1.0013962984085083,0.8698017731943146,4.31028938293457,0.30237773060798645,0.5044606328010559,1
55,5,0.009132741637918228,0.8129514455795288,1.4064757823944092,0.9946503703083311,5.960464477539063e-08,0.0,False,1.012380838394165,0.8793428233983474,4.091241359710693,0.31967446208000183,0.5010374784469604,1
55,6,-0.0057567943645702,0.8045094013214111,1.4022547006607056,0.9358474383396762,0.0,0.0,False,1.0010559558868408,0.8695061554360802,4.234608173370361,0.30782967805862427,0.5002649426460266,1
55,7,-0.05434149667369193,0.8023234009742737,1.4011616706848145,0.4156431082103934,2.9802322387695312e-08,0.0,False,0.9717782139778137,0.844075831928724,4.144999980926514,0.3144819438457489,0.5058438777923584,1
55,8,0.08982373452827361,0.7922841310501099,1.3961421251296997,0.42370352255446575,5.960464477539063e-08,0.0,False,0.9978199005126953,0.8666953534518307,4.011335849761963,0.3247660994529724,0.5038020014762878,1
55,9,0.0704517096963106,0.7862914204597473,1.3931456804275513,1.3952766529151372,2.9802322387695312e-08,0.0,False,0.9917218685150146,0.8613986701577063,4.0303802490234375,0.322836697101593,0.5000664591789246,1
55,10,-0.02430106039857648,0.7652435898780823,1.3826217651367188,0.4185841626354627,2.9802322387695312e-08,0.0,False,1.0200743675231934,0.8860253378925452,4.287069320678711,0.3012935519218445,0.5001869797706604,1
55,11,-0.02441753360411222,0.8054531812667847,1.4027265310287476,0.40693946023072514,5.960464477539063e-08,0.0,False,1.0097908973693848,0.8770932292073135,4.145753383636475,0.31473052501678467,0.5024721622467041,1
55,12,0.021296142570437285,0.8004273772239685,1.400213599205017,0.8559670650533266,8.940696716308594e-08,0.0,False,1.016801118850708,0.8831822302198301,4.0789008140563965,0.31982937455177307,0.5002630352973938,1
55,13,-0.016334409471855032,0.8235873579978943,1.4117937088012695,0.2110846021345682,2.9802322387695312e-08,0.0,False,1.0405805110931396,0.9038367478876322,4.3243303298950195,0.3022691309452057,0.5038975477218628,1
55,14,0.026593399303997827,0.8073291778564453,1.4036645889282227,0.9192053143467223,0.0,0.0,False,0.9006379246711731,0.7822841617549742,3.3699522018432617,0.39063018560409546,0.5015897750854492,2
55,15,-0.05233939350263608,0.8302383422851562,1.4151192903518677,0.5078660638204641,1.1920928955078125e-07,0.0,False,0.9373120069503784,0.8141388648804236,3.8046083450317383,0.3461681008338928,0.5006709098815918,1
55,16,-0.057847006188812077,0.8135888576507568,1.406794548034668,0.5862909869423936,1.1920928955078125e-07,0.0,False,0.9852104783058167,0.8557429484829592,4.274497032165527,0.3053741157054901,0.501879096031189,1
55,17,0.0017636388166935128,0.7864951491355896,1.3932476043701172,0.5286432137446745,2.9802322387695312e-08,0.0,False,0.9951874017715454,0.8644087940980334,4.309823036193848,0.301035076379776,0.5003509521484375,2
55,18,0.09090488873096138,0.7763555645942688,1.388177752494812,1.3232715842979295,2.9802322387695312e-08,0.0,False,0.9186968803405762,0.7979699713472886,3.523019790649414,0.3695879876613617,0.5311373472213745,6
55,19,-0.015605783154393892,0.7638360857963562,1.3819180727005005,0.3480153179594448,2.9802322387695312e-08,0.0,False,0.9300708770751953,0.80784929938535,3.5699808597564697,0.363900750875473,0.5150465369224548,1
55,20,-0.11045187557645923,0.7840225100517273,1.392011284828186,0.39466002264193123,2.9802322387695312e-08,0.0,False,0.9215075969696045,0.80041132879165,3.4897446632385254,0.37451115250587463,0.5086771249771118,1
55,21,-0.02996432998206706,0.8041400909423828,1.402070164680481,0.8587288132735661,1.1920928955078125e-07,0.0,False,0.9966766834259033,0.8657023677070081,4.309585094451904,0.30170953273773193,0.5179916620254517,1
55,22,0.03593943360291546,0.8263987302780151,1.4131994247436523,0.2162120736071041,5.960464477539063e-08,0.0,False,1.0035052299499512,0.8716335678566354,4.441677570343018,0.29381057620048523,0.5126343965530396,2
55,23,0.0005685658100638572,0.8555153608322144,1.4277576208114624,0.5791735712971007,5.960464477539063e-08,0.0,False,0.9518129825592041,0.8267342522586769,4.136852264404297,0.31862717866897583,0.5086156129837036,6
55,24,-0.019076033061867472,0.8342516422271729,1.4171257019042969,0.5863400538052832,1.1920928955078125e-07,0.0,False,0.9664607644081116,0.8394571539168831,4.096663951873779,0.32054299116134644,0.5062686800956726,2
56,1,-0.0053864904850206285,0.7787739038467407,1.389386773109436,1.307276294699737,1.7881393432617188e-07,0.0,False,0.9713781476020813,0.8437283386899729,3.8540050983428955,0.33764806389808655,0.5001331567764282,2
56,2,-0.030205855193957656,0.7929608225822449,1.3964803218841553,0.39044981290187153,8.940696716308594e-08,0.0,False,0.9335423707962036,0.8108646005193414,3.5626637935638428,0.3675277829170227,0.5012478828430176,2
56,3,0.08561143373342844,0.7969316840171814,1.3984657526016235,0.08054018339940477,8.940696716308594e-08,0.0,False,0.9359740018844604,0.81297668844665,3.5614030361175537,0.36799076199531555,0.5015878081321716,2
56,4,-0.006030551084467335,0.8017236590385437,1.4008617401123047,2.004061360444341,8.940696716308594e-08,0.0,False,1.0813775062561035,0.93927256764265,5.323883533477783,0.24094083905220032,0.5327435731887817,6
56,5,-0.009353131265093049,0.8288898468017578,1.414444923400879,1.1906689618315016,0.0,0.0,False,1.120434284210205,0.9731968539354238,5.786165714263916,0.2223384529352188,0.5060933828353882,3
56,6,0.019400524469287625,0.8234444260597229,1.411722183227539,0.34224079762186327,2.9802322387695312e-08,0.0,False,1.1280837059020996,0.9798410571965054,5.949680328369141,0.215513676404953,0.5094661712646484,3
56,7,-0.044724458802829874,0.807651698589325,1.4038258790969849,0.24008576784815105,2.9802322387695312e-08,0.0,False,1.1016571521759033,0.9568872442784917,5.561732292175293,0.2309599220752716,0.5075805187225342,3
56,8,0.03971642666654157,0.7876916527748108,1.393845796585083,0.36707978589194173,2.9802322387695312e-08,0.0,False,1.0779932737350464,0.9363330606239046,5.121216773986816,0.2512630224227905,0.5002409815788269,7
56,9,-0.04913795714822022,0.7772662043571472,1.3886330127716064,0.6724605592233794,8.940696716308594e-08,0.0,False,1.0698269605636597,0.9292398911282505,4.95790958404541,0.2594328224658966,0.5000537633895874,2
56,10,-0.04072612876792997,0.7676580548286438,1.3838289976119995,0.5030561749424254,2.9802322387695312e-08,0.0,False,1.033369779586792,0.8975735860802468,4.442160606384277,0.2904638648033142,0.50072181224823,7
56,11,0.035146201274875895,0.7541067600250244,1.3770532608032227,0.22675933156694675,1.1920928955078125e-07,0.0,False,1.0041576623916626,0.8722002634751352,4.060562610626221,0.31798887252807617,0.5010541081428528,7
56,12,0.061269383092532465,0.7791967391967773,1.3895983695983887,0.73720034211874,0.0,0.0,False,1.018959641456604,0.8850570991334382,4.5156402587890625,0.2862299978733063,0.501097559928894,2
56,13,0.03806289563528894,0.7868959307670593,1.393447995185852,0.45111989017043796,2.9802322387695312e-08,0.0,False,0.9858230352401733,0.8562750086758446,4.0699615478515625,0.3195669651031494,0.5016173124313354,2
56,14,0.006587454374744228,0.7901847958564758,1.395092487335205,0.4455127556409154,8.940696716308594e-08,0.0,False,0.986845850944519,0.8571634151086472,4.001774787902832,0.32551777362823486,0.500312089920044,2
56,15,0.01733179773777192,0.8075611591339111,1.4037805795669556,0.45270783773490364,0.0,0.0,False,0.992351770401001,0.861945795984155,4.040272235870361,0.3233855068683624,0.5053015947341919,2
56,16,-0.02269413073580785,0.8133752346038818,1.4066877365112305,0.22417745739221573,1.1920928955078125e-07,0.0,False,0.9800643920898438,0.8512731147889684,3.9355762004852295,0.3326999545097351,0.508572518825531,2
56,17,0.05712752660643982,0.8186764717102051,1.409338355064392,0.10328313708305353,1.1920928955078125e-07,0.0,False,0.9971442222595215,0.8661084667780399,4.149184703826904,0.3151344656944275,0.5102247595787048,2
56,18,-0.017332856870216157,0.797731876373291,1.3988659381866455,0.41575751506856495,0.0,0.0,False,0.9296160936355591,0.80745427950876,3.5917181968688965,0.3648311197757721,0.5017300844192505,2
56,19,-0.08305701043395484,0.8098849654197693,1.404942512512207,0.6500858355845724,2.9802322387695312e-08,0.0,False,1.0073204040527344,0.8749473859773133,4.091831684112549,0.3194366991519928,0.5002059936523438,2
56,20,-0.025443790933043723,0.7691848278045654,1.3845925331115723,0.28470977715083534,1.1920928955078125e-07,0.0,False,1.038196086883545,0.9017656633341452,4.281495094299316,0.30196771025657654,0.5001624822616577,2
56,21,0.03867139969084022,0.761101245880127,1.3805506229400635,0.27295478433370585,0.0,0.0,False,1.0387234687805176,0.902223741429567,4.510334491729736,0.2854164242744446,0.5027562975883484,2
56,22,0.020458510095203837,0.8162305355072021,1.4081153869628906,1.0107624999114444,1.1920928955078125e-07,0.0,False,1.0137920379638672,0.8805685757703191,4.487081527709961,0.2901524603366852,0.5100529193878174,1
56,23,-0.041402375477344516,0.8193060755729675,1.4096530675888062,0.6870679871312209,2.9802322387695312e-08,0.0,False,0.9573236107826233,0.8315207231171795,4.040060043334961,0.3240637481212616,0.5110707879066467,2
56,24,0.008886735316275485,0.7916293144226074,1.3958146572113037,0.41223447184477524,0.0,0.0,False,0.9546751379966736,0.8292202888843617,3.8112587928771973,0.34258919954299927,0.5000661611557007,2
57,1,-0.05081208286745967,0.7682784199714661,1.3841392993927002,1.0773080182926995,8.940696716308594e-08,0.0,False,1.052687644958496,0.9143528707464088,4.605592250823975,0.27927863597869873,0.5182414650917053,2
57,2,0.023750327116150476,0.8195741772651672,1.4097871780395508,0.5958134063652584,8.940696716308594e-08,0.0,False,0.9493072628974915,0.8245578118141204,3.720611572265625,0.35313084721565247,0.512657880783081,2
57,3,0.045962054796384495,0.8172941207885742,1.4086469411849976,0.12403395771980286,1.1920928955078125e-07,0.0,False,0.9277054071426392,0.8057946783077157,3.5787405967712402,0.367326021194458,0.5197142362594604,2
57,4,-0.01374594097348671,0.8111454844474792,1.405572533607483,0.24332371566976824,2.086162567138672e-07,0.0,False,0.9678886532783508,0.8406974024311151,3.976597309112549,0.32857152819633484,0.5221620798110962,2
57,5,0.03386731771463229,0.787591278553009,1.3937957286834717,0.48454029006617405,8.940696716308594e-08,0.0,False,0.983032763004303,0.8538514090057518,4.156773567199707,0.31246986985206604,0.5085631608963013,2
57,6,-0.002769649353938016,0.7967891097068787,1.3983945846557617,0.5213344363229615,2.9802322387695312e-08,0.0,False,0.9915137887001038,0.8612179343268839,4.227287769317627,0.30787163972854614,0.5002396702766418,2
57,7,-0.013829981426080107,0.820331871509552,1.4101659059524536,0.9404079200966018,2.9802322387695312e-08,0.0,False,0.9109656810760498,0.7912547369891321,3.438830614089966,0.38360223174095154,0.5038589835166931,2
57,8,0.04783769707010358,0.8168109655380249,1.4084056615829468,0.36116960751158844,1.7881393432617188e-07,0.0,False,0.9256870746612549,0.8040415769890931,3.5262632369995117,0.37343108654022217,0.5038434267044067,2
57,9,0.054437996942585117,0.7840349674224854,1.3920174837112427,1.0594148327197346,0.0,0.0,False,1.0564485788345337,0.9176195764047411,4.7092413902282715,0.2742059826850891,0.5006819367408752,2
57,10,0.02330749791224212,0.7790980339050293,1.3895490169525146,0.7238168237464768,0.0,0.0,False,1.0547468662261963,0.9161414876135688,4.7120585441589355,0.27371031045913696,0.5021325349807739,2
57,11,0.06105530490810228,0.7877005934715271,1.3938504457473755,1.003074477825846,1.4901161193847656e-07,0.0,False,1.0147576332092285,0.881407281143944,4.059357166290283,0.32051944732666016,0.5007004141807556,2
57,12,-0.015522325723102425,0.7442153096199036,1.372107744216919,1.0746043579918998,8.940696716308594e-08,0.0,False,1.0686708688735962,0.9282357226451129,4.841609477996826,0.2641080319881439,0.5005499720573425,2
57,13,-0.041872798870909056,0.7496054172515869,1.374802589416504,0.9153470269271305,1.1920928955078125e-07,0.0,False,0.9756454229354858,0.8474348469500917,3.917407989501953,0.32972216606140137,0.5011595487594604,2
57,14,0.008320092936224993,0.7492548823356628,1.3746273517608643,0.5302388902221407,8.940696716308594e-08,0.0,False,0.979377269744873,0.8506762879033419,3.845703363418579,0.33601856231689453,0.50343257188797,2
57,15,-0.01804774957792328,0.7858737111091614,1.3929368257522583,0.5690895861813001,2.9802322387695312e-08,0.0,False,1.0139133930206299,0.8806739834333253,4.126874923706055,0.3148273527622223,0.5043718814849854,2
57,16,-0.016648403920920853,0.7787274718284607,1.3893637657165527,0.14918108603784028,2.9802322387695312e-08,0.0,False,1.0002201795578003,0.8687802093404648,4.026664733886719,0.32241567969322205,0.506971538066864,2
57,17,0.057394750256256274,0.7826411724090576,1.3913207054138184,0.18159950418131682,1.1920928955078125e-07,0.0,False,1.009984016418457,0.8772609702820384,4.091916084289551,0.31728872656822205,0.508721113204956,2
57,18,-0.018289378022052678,0.7970132827758789,1.398506760597229,0.07813069224357605,1.1920928955078125e-07,0.0,False,1.0170567035675049,0.8834042282841575,4.113284587860107,0.316679984331131,0.504688560962677,2
57,19,0.031314392325319615,0.7728307843208313,1.3864154815673828,0.6299343045268739,8.940696716308594e-08,0.0,False,0.9841324090957642,0.854806549464888,3.846587896347046,0.33772367238998413,0.5054947137832642,2
57,20,-0.028079388636836764,0.7914257645606995,1.3957128524780273,0.5289428744997298,2.9802322387695312e-08,0.0,False,1.0212734937667847,0.8870668857139393,4.135995388031006,0.31441420316696167,0.5070629119873047,2
57,21,0.02521115899462798,0.7908109426498413,1.395405650138855,0.5287701892001287,1.7881393432617188e-07,0.0,False,1.0288991928100586,0.8936904837442369,4.171731948852539,0.31149792671203613,0.5093582272529602,2
57,22,-0.042951284000263996,0.7692776322364807,1.3846389055252075,0.7101658603974752,8.940696716308594e-08,0.0,False,0.9553028345108032,0.8297654991491545,3.678142547607422,0.3533991277217865,0.5095579624176025,2
57,23,0.036944223203327964,0.797115683555603,1.3985579013824463,0.9949092290231161,5.960464477539063e-08,0.0,False,1.0284526348114014,0.8933026083949037,4.154183864593506,0.3134375512599945,0.5044857263565063,2
57,24,0.007634832246274162,0.7995414137840271,1.399770736694336,0.1281653259481703,2.9802322387695312e-08,0.0,False,1.0387996435165405,0.9022899059645975,4.196459770202637,0.31042197346687317,0.5002020597457886,2
58,1,0.016558551604359123,0.7647726535797119,1.3823862075805664,1.3369151800870895,1.1920928955078125e-07,0.0,False,0.9683588743209839,0.8411058312392958,3.8723764419555664,0.3344097435474396,0.5193722248077393,2
58,2,-0.006272571580212082,0.7574499845504761,1.3787250518798828,0.15854126427854814,5.960464477539063e-08,0.0,False,1.0042107105255127,0.8722463404987479,4.090604305267334,0.3152534067630768,0.5226888060569763,2
58,3,0.01534694156171146,0.7910889387130737,1.3955445289611816,0.25888742932251524,5.960464477539063e-08,0.0,False,0.9908692836761475,0.8606581243759576,3.981376886367798,0.32673531770706177,0.521809995174408,2
58,4,0.03892766044825033,0.7827184200286865,1.3913592100143433,0.1740291565656662,0.0,0.0,False,0.9970681071281433,0.8660423540149461,4.080111503601074,0.3177148997783661,0.5287582874298096,2
58,5,0.030392474320983985,0.7609931230545044,1.3804965019226074,0.36703586471932265,5.960464477539063e-08,0.0,False,0.9901407361030579,0.8600253159943639,3.9837939739227295,0.32464122772216797,0.5101504325866699,2
58,6,0.01933922695420984,0.7355640530586243,1.3677821159362793,0.3634834587574004,8.940696716308594e-08,0.0,False,1.0225507020950317,0.8881762547723365,4.222870349884033,0.3040114939212799,0.5003820061683655,2
58,7,0.0457867024542255,0.7201347351074219,1.360067367553711,0.08344562351703644,0.0,0.0,False,1.0138986110687256,0.8806611439930377,4.15380859375,0.3081374764442444,0.5012668371200562,2
58,8,-0.12637514197741706,0.6996310949325562,1.3498154878616333,0.20000976430518283,5.960464477539063e-08,0.0,False,1.0017517805099487,0.8701105410244565,3.9566264152526855,0.32249411940574646,0.500779926776886,2
58,9,0.0063702807933345325,0.7603943347930908,1.3801971673965454,0.2283061785357338,0.0,0.0,False,0.9788731336593628,0.8502384008632111,4.003835201263428,0.3231382369995117,0.5010866522789001,2
58,10,0.07573434283354744,0.7520288825035095,1.3760144710540771,0.20279777688639503,2.9802322387695312e-08,0.0,False,0.9674493074417114,0.8403157914861158,3.896101236343384,0.3314064145088196,0.5161121487617493,2
58,11,-0.127663224415008,0.7421368360519409,1.3710684776306152,1.118428885936737,5.960464477539063e-08,0.0,False,1.0390255451202393,0.9024861216044763,4.392569065093994,0.29204899072647095,0.5079222917556763,6
58,12,-0.022359917431251652,0.7232195734977722,1.3616098165512085,1.043709481401103,2.9802322387695312e-08,0.0,False,0.9847908616065979,0.8553784740489889,3.985844850540161,0.3218232989311218,0.502383828163147,2
58,13,-0.01015485473001674,0.7740314602851868,1.3870155811309814,0.17480291319744923,1.4901161193847656e-07,0.0,False,0.9461486339569092,0.8218142615755707,3.640949249267578,0.35768240690231323,0.5041339993476868,2
58,14,-0.12052183861812683,0.7838255763053894,1.3919126987457275,0.17316324689558574,8.940696716308594e-08,0.0,False,0.8880367279052734,0.7713389013133596,3.2734272480010986,0.40035539865493774,0.5008008480072021,2
58,15,0.14193847535075427,0.7892057299613953,1.394602656364441,0.08577569680554528,2.086162567138672e-07,0.0,False,0.8873760104179382,0.7707650093956663,3.2865099906921387,0.3991408944129944,0.5036788582801819,2
58,16,-0.013603907882460017,0.7861387133598328,1.3930691480636597,0.571476406284741,2.086162567138672e-07,0.0,False,0.9430131912231445,0.8190908506203755,3.574199676513672,0.3657231330871582,0.5010718703269958,6
58,17,-0.02552472701759679,0.7706878781318665,1.3853440284729004,0.49869678063052036,8.940696716308594e-08,0.0,False,0.8730354309082031,0.7583089402989206,3.1967577934265137,0.40889936685562134,0.5038930177688599,2
58,18,-0.030922979465712666,0.7893794775009155,1.3946897983551025,0.4051739626697131,5.960464477539063e-08,0.0,False,0.9140118956565857,0.793900645355172,3.416823387145996,0.3835092782974243,0.5001079440116882,2
58,19,-0.03510506707485282,0.8067101240158081,1.4033552408218384,0.2136339992284775,1.7881393432617188e-07,0.0,False,0.9776368141174316,0.8491645473533515,3.8388965129852295,0.341055303812027,0.5044980645179749,2
58,20,0.008930533140852445,0.8080750107765198,1.404037594795227,0.2457344361713954,8.940696716308594e-08,0.0,False,1.0133352279663086,0.8801717956478833,4.174433708190918,0.3124353289604187,0.5100271701812744,2
58,21,-0.015832216433364722,0.7975773811340332,1.3987888097763062,0.5962655629430499,1.1920928955078125e-07,0.0,False,0.9781212210655212,0.8495852978824533,3.8825058937072754,0.3361072242259979,0.5143481492996216,2
58,22,-0.010180559138723866,0.7729626893997192,1.3864812850952148,0.16705449457679483,5.960464477539063e-08,0.0,False,0.9346702098846436,0.8118442291045099,3.5566225051879883,0.3661378026008606,0.5135703086853027,2
58,23,-0.004136628316653889,0.7627494931221008,1.3813748359680176,0.3831428480999811,8.940696716308594e-08,0.0,False,0.945996880531311,0.8216824502248764,3.5717763900756836,0.36391890048980713,0.503328800201416,2
58,24,0.016368934569318018,0.7685502171516418,1.384274959564209,0.12171947317463996,1.4901161193847656e-07,0.0,False,0.9766371846199036,0.8482962802039031,3.7615389823913574,0.3454597294330597,0.5000193119049072,2
59,1,0.04538295138853515,0.7964850068092346,1.398242473602295,1.2951908803411893,2.9802322387695312e-08,0.0,False,0.9899042248725891,0.8598198849497625,3.982988119125366,0.32740992307662964,0.5063942670822144,2
59,2,0.06905438968031571,0.8016682267189026,1.400834083557129,0.06772635451384945,2.9802322387695312e-08,0.0,False,1.0023887157440186,0.8706637759394291,4.079969882965088,0.3196205198764801,0.5077502727508545,2
59,3,-0.020417865572705255,0.8014852404594421,1.400742530822754,0.7417895495891571,8.940696716308594e-08,0.0,False,1.025097370147705,0.8903882625373671,4.271440029144287,0.3043552339076996,0.5182167887687683,2
59,4,0.009972415387299994,0.7981712222099304,1.3990856409072876,0.45061501434871126,2.9802322387695312e-08,0.0,False,0.9967265725135803,0.8657457008179787,4.058104515075684,0.3208175301551819,0.5205816030502319,2
59,5,0.0239220325395592,0.7984750270843506,1.3992375135421753,0.13361243690763197,0.0,0.0,False,0.9689115285873413,0.8415858606358544,3.8682408332824707,0.3373773396015167,0.5175628662109375,2
59,6,0.009485135195947656,0.790665328502655,1.3953325748443604,0.41390680628163473,8.940696716308594e-08,0.0,False,1.0114493370056152,0.8785337315724825,4.189480781555176,0.3097945749759674,0.5209195613861084,2
59,7,-0.10492617447865021,0.7858060002326965,1.3929030895233154,0.43107781559228897,8.940696716308594e-08,0.0,False,0.987033486366272,0.857326393165201,4.056745529174805,0.3203042149543762,0.5116372108459473,2
59,8,0.022798407604869203,0.8022797107696533,1.4011399745941162,0.5833131122801984,1.1920928955078125e-07,0.0,False,0.9630206227302551,0.8364690848215662,4.09250020980835,0.3184056878089905,0.51618492603302,2
59,9,0.002995593145022574,0.8032845258712769,1.4016424417495728,0.17446983765278545,1.7881393432617188e-07,0.0,False,0.9870385527610779,0.8573307937798157,4.257879734039307,0.3056148588657379,0.5136691927909851,2
59,10,0.007327230330009038,0.7707151174545288,1.3853574991226196,0.4901079897369657,5.960464477539063e-08,0.0,False,0.9956575632095337,0.8648171711342774,4.1139044761657715,0.3149004876613617,0.5004349946975708,2
59,11,0.00733997026758253,0.7634332180023193,1.3817167282104492,0.11504713978086187,1.1920928955078125e-07,0.0,False,0.9634913206100464,0.8368779278052401,3.780341863632202,0.34323522448539734,0.5013133883476257,2
59,12,0.014204878305048296,0.7624727487564087,1.3812363147735596,0.37589719146490097,5.960464477539063e-08,0.0,False,0.9760446548461914,0.84778161538173,3.7992451190948486,0.3414182960987091,0.5000994801521301,2
59,13,0.04896275924563795,0.7788021564483643,1.3894009590148926,1.73317893913814,1.1920928955078125e-07,0.0,False,0.9633547067642212,0.8367592665264532,3.8176450729370117,0.3402382433414459,0.5285407304763794,1
59,14,0.015998401496784023,0.7636876106262207,1.3818438053131104,0.22035417173589983,0.0,0.0,False,1.019864559173584,0.88584310067556,4.20811653137207,0.30654850602149963,0.5209147930145264,1
59,15,0.0158917736823119,0.7891526222229004,1.3945761919021606,0.15842484789235245,1.1920928955078125e-07,0.0,False,1.0175631046295166,0.8838440826578807,4.143312931060791,0.31353482604026794,0.5123328566551208,1
59,16,-0.0015713009563668636,0.8046965003013611,1.402348279953003,0.3435617876904351,2.9802322387695312e-08,0.0,False,0.9950430393218994,0.8642834024674828,4.0301079750061035,0.3239804804325104,0.5072021484375,1
59,17,-0.12176057359661452,0.7885361909866333,1.3942680358886719,0.28555937324251446,5.960464477539063e-08,0.0,False,0.9928622245788574,0.86238917084957,3.994150161743164,0.32576286792755127,0.5107113718986511,1
59,18,0.04168982650088741,0.8044995665550232,1.4022496938705444,0.9972927048802376,8.940696716308594e-08,0.0,False,0.8996908068656921,0.7814615056817088,3.377005100250244,0.3893129527568817,0.5092692375183105,1
59,19,0.030985527323698733,0.8302343487739563,1.4151172637939453,0.04403529422623775,8.940696716308594e-08,0.0,False,0.8859485983848572,0.7695251750569274,3.3130154609680176,0.39961591362953186,0.5044575929641724,2
59,20,-0.019222829171664332,0.8338090181350708,1.416904330253601,0.30801657480852956,1.7881393432617188e-07,0.0,False,0.9041826725006104,0.7853630905991005,3.414357900619507,0.3877577483654022,0.5000450611114502,1
59,21,-0.11899235246516698,0.8084436655044556,1.404221773147583,0.39565655589103693,5.960464477539063e-08,0.0,False,0.9151102900505066,0.7948546986036387,3.4478209018707275,0.38153567910194397,0.5033881664276123,2
59,22,0.015337462885956273,0.7865267395973206,1.393263339996338,0.19633860247475768,2.9802322387695312e-08,0.0,False,0.97525954246521,0.8470996754322616,3.7808330059051514,0.3449678421020508,0.5032688975334167,2
59,23,0.05447751412152031,0.8213077187538147,1.4106539487838745,0.4737319573760033,8.940696716308594e-08,0.0,False,0.9450134038925171,0.8208282132702585,3.6854465007781982,0.357144296169281,0.5000762939453125,2
59,24,0.01879949749247127,0.8280168175697327,1.414008378982544,0.30198555546147476,2.9802322387695312e-08,0.0,False,0.9635809063911438,0.8369557410260152,3.9880428314208984,0.3293795585632324,0.5016027688980103,1
60,1,-0.0029518074644686743,0.8118917346000671,1.4059460163116455,1.4478122953857695,1.4901161193847656e-07,0.0,False,0.9318385124206543,0.80938464793845,3.582599639892578,0.3667285144329071,0.5106267333030701,2
60,2,-0.03979719884126739,0.8008168935775757,1.4004085063934326,0.08527757866041985,5.960464477539063e-08,0.0,False,0.9570432305335999,0.8312771879272084,3.7067742347717285,0.3532722294330597,0.503597617149353,2
60,3,0.027693743306028522,0.8121089339256287,1.4060543775558472,0.10638320446014404,8.940696716308594e-08,0.0,False,0.924013078212738,0.80258756214846,3.521672010421753,0.3734045922756195,0.508466899394989,2
60,4,-0.0032822499801136327,0.7987993955612183,1.3993998765945435,0.2292818533522744,1.7881393432617188e-07,0.0,False,0.9947059154510498,0.863990580393827,3.9958367347717285,0.3265814781188965,0.5027074813842773,2
60,5,0.0018254069548422173,0.7746586203575134,1.3873294591903687,0.11073732482535503,1.4901161193847656e-07,0.0,False,1.0180866718292236,0.8842988473493574,4.209829330444336,0.3076723515987396,0.5013979077339172,2
60,6,0.02138913324841998,0.7660619616508484,1.383030891418457,0.9996678850480488,8.940696716308594e-08,0.0,False,1.0582205057144165,0.9191586525372794,4.667189598083496,0.2757410407066345,0.5006306171417236,1
60,7,-0.04084657645829629,0.759397029876709,1.3796985149383545,0.26714617439678723,0.0,0.0,False,1.0230885744094849,0.8886434447286076,4.2696452140808105,0.301986426115036,0.5078101754188538,2
60,8,0.05387338216033777,0.7553808689117432,1.3776904344558716,0.4574011436530523,0.0,0.0,False,0.9931759238243103,0.8626616465521247,4.032639503479004,0.3201162815093994,0.5111770033836365,2
60,9,0.027598640709907828,0.7828866243362427,1.3914432525634766,0.9311465791293552,5.960464477539063e-08,0.0,False,1.0080459117889404,0.875577553990138,4.181375026702881,0.3104301691055298,0.5010930895805359,1
60,10,0.01801558290145252,0.776306688785553,1.3881534337997437,0.09465358512742172,8.940696716308594e-08,0.0,False,0.9902248382568359,0.8600983661969679,4.07070255279541,0.31873124837875366,0.5023709535598755,1
60,11,-0.07864772690458793,0.777980387210846,1.3889902830123901,0.14363415645701533,8.940696716308594e-08,0.0,False,0.9550182223320007,0.8295182881516817,3.7401247024536133,0.3482320010662079,0.5015534162521362,1
60,12,-0.02501813973664931,0.7536991834640503,1.37684965133667,0.5443496938262665,5.960464477539063e-08,0.0,False,0.9741244316101074,0.8461137306708226,4.1393513679504395,0.3114093840122223,0.5113183259963989,2
60,13,0.026056777338382922,0.7659956216812134,1.3829976320266724,0.6833341206823075,1.7881393432617188e-07,0.0,False,0.906910240650177,0.7877322261918442,3.380443572998047,0.3854180872440338,0.5083400011062622,2
60,14,0.01591862233654338,0.7995060682296753,1.3997530937194824,0.6527091168931551,5.960464477539063e-08,0.0,False,0.9791272878646851,0.8504591564010591,4.1349196434021,0.3152509331703186,0.5000301599502563,1
60,15,0.030982373776132645,0.8019618391990662,1.4009809494018555,0.327282921544143,2.9802322387695312e-08,0.0,False,0.9390241503715515,0.8156260137605085,3.6289427280426025,0.3612506091594696,0.5033576488494873,1
60,16,0.0674876946649393,0.7781203985214233,1.389060139656067,1.025611273944378,5.960464477539063e-08,0.0,False,1.0135087966918945,0.8803225555273891,4.140541076660156,0.3128941059112549,0.5160865783691406,1
60,17,0.04199535379869299,0.7936925292015076,1.3968464136123657,0.2950587655816762,1.4901161193847656e-07,0.0,False,1.0381181240081787,0.9016979456410155,4.323995590209961,0.3002811074256897,0.5073563456535339,1
60,18,0.03419299509277588,0.8008732795715332,1.400436520576477,0.19572474701063977,1.1920928955078125e-07,0.0,False,1.0211001634597778,0.88691633292218,4.177732944488525,0.31183409690856934,0.5049487948417664,1
60,19,-0.07732523052814347,0.8021204471588135,1.4010602235794067,0.4646955132484436,0.0,0.0,False,0.8872400522232056,0.7706469176081824,3.286114454269409,0.400511771440506,0.5000020861625671,2
60,20,0.05024004112726036,0.7906590700149536,1.3953295946121216,0.5211137373532567,5.960464477539063e-08,0.0,False,0.9520524740219116,0.8269422719001105,3.6408674716949463,0.35918140411376953,0.5000429153442383,2
60,21,-0.03578581807144664,0.8178796768188477,1.4089398384094238,0.14313280475991105,0.0,0.0,False,0.921964704990387,0.8008083677737691,3.4679830074310303,0.38012993335723877,0.5008208751678467,2
60,22,0.028314902297647444,0.8144827485084534,1.4072413444519043,0.4677113390394618,2.9802322387695312e-08,0.0,False,0.9659353494644165,0.8390007842953706,3.7622082233428955,0.3489561676979065,0.5026370286941528,2
60,23,-0.07984750257291343,0.8108872771263123,1.405443787574768,0.18732956690447683,1.4901161193847656e-07,0.0,False,0.9969089031219482,0.8659040711721713,3.998682975769043,0.3271583020687103,0.5045052766799927,2
60,24,-0.04430743564465474,0.7983643412590027,1.3991822004318237,0.22486062773636412,2.9802322387695312e-08,0.0,False,1.0258444547653198,0.891037171991257,4.130921840667725,0.31548869609832764,0.5000961422920227,2
61,1,-0.053223540495117,0.7380521893501282,1.3690261840820312,1.279896704746144,8.940696716308594e-08,0.0,False,1.0188117027282715,0.884928601186689,4.479691028594971,0.28598013520240784,0.5032691359519958,4
61,2,0.0034347221388564943,0.7991408705711365,1.3995704650878906,0.9113764454211507,2.9802322387695312e-08,0.0,False,1.0160666704177856,0.8825442964165088,4.296762943267822,0.30271920561790466,0.5040284395217896,2
61,3,0.011160103015689458,0.8114641308784485,1.4057321548461914,0.22754738160542082,8.940696716308594e-08,0.0,False,0.9885531663894653,0.858646370461864,4.06204891204834,0.3217798173427582,0.5077333450317383,2
61,4,0.07774516511755414,0.7725889682769775,1.3862943649291992,1.0561053582600184,1.1920928955078125e-07,0.0,False,1.014108419418335,0.8808433812100228,4.289780616760254,0.30156129598617554,0.5011277794837952,1
61,5,0.004291176666210383,0.6968302130699158,1.3484151363372803,0.4504481883985655,2.9802322387695312e-08,0.0,False,0.9662106037139893,0.8392398670987904,3.837902545928955,0.3323168456554413,0.512986421585083,1
61,6,-0.007345171390875878,0.7178741693496704,1.35893714427948,0.2126050516963005,5.960464477539063e-08,0.0,False,0.9903262257575989,0.8601864302611985,3.9005355834960938,0.32872626185417175,0.5012346506118774,1
61,7,0.03200585599031691,0.7571353316307068,1.3785676956176758,0.36588095128536224,2.9802322387695312e-08,0.0,False,1.041202425956726,0.9043769362745706,4.362133026123047,0.2951413691043854,0.5086155533790588,1
61,8,-0.02870630681423704,0.7613185048103333,1.3806593418121338,0.24777409540755413,8.940696716308594e-08,0.0,False,1.0134468078613281,0.8802687127132799,4.22293758392334,0.30580049753189087,0.5000008344650269,1
61,9,0.02951659085769133,0.7813236713409424,1.3906617164611816,1.2495764344930649,1.1920928955078125e-07,0.0,False,1.1085158586502075,0.9628446410280606,5.429522514343262,0.235906720161438,0.5011889934539795,7
61,10,-0.013851129108704605,0.7519124746322632,1.3759561777114868,1.250461676291057,5.960464477539063e-08,0.0,False,1.0194122791290283,0.8854502552203091,4.249438285827637,0.30316615104675293,0.5001945495605469,1
61,11,0.01066426562605427,0.771380603313446,1.3856902122497559,1.2749056784170014,8.940696716308594e-08,0.0,False,1.0345163345336914,0.8985694710535214,4.52627420425415,0.28486400842666626,0.5080260038375854,1
61,12,-0.03791265114658669,0.7907298803329468,1.3953649997711182,1.032956321324621,5.960464477539063e-08,0.0,False,1.071431279182434,0.9306333845749473,4.967226982116699,0.259448766708374,0.5070167779922485,7
61,13,-0.006516543231383393,0.7699514031410217,1.3849756717681885,0.6524960207087652,2.9802322387695312e-08,0.0,False,0.9999361038208008,0.8685334642904219,4.194285869598389,0.30856454372406006,0.5003620386123657,7
61,14,-0.021123826505491404,0.7713162302970886,1.3856581449508667,0.5524922492248672,2.9802322387695312e-08,0.0,False,0.9947856664657593,0.8640598512450561,4.024611949920654,0.3222322165966034,0.5000000596046448,2
61,15,-0.03751568441158334,0.7514538764953613,1.3757269382476807,0.18107414990663534,0.0,0.0,False,0.9582473039627075,0.8323230328193439,3.668135166168213,0.35315611958503723,0.5002003908157349,2
61,16,0.018151194040907377,0.7323713898658752,1.3661856651306152,0.12560559170586724,2.9802322387695312e-08,0.0,False,0.9799056649208069,0.8511352461216867,3.7615807056427,0.34252047538757324,0.5000263452529907,2
61,17,0.0036889360196306416,0.7395465970039368,1.369773507118225,0.3970664420298168,2.086162567138672e-07,0.0,False,0.991500973701477,0.8612068033605055,3.8286094665527344,0.3368808925151825,0.5003069043159485,2
61,18,0.025850273447967063,0.7496128082275391,1.37480628490448,0.570488303899765,1.1920928955078125e-07,0.0,False,1.0323902368545532,0.8967227660734474,4.108698844909668,0.3137740194797516,0.5018192529678345,2
61,19,0.021390484981828814,0.7347429394721985,1.3673715591430664,0.6008838883468084,8.940696716308594e-08,0.0,False,1.0386815071105957,0.9021872939861699,4.124372482299805,0.3115061819553375,0.5001640319824219,2
61,20,0.028716437248013985,0.749042809009552,1.3745214939117432,0.11224541068077087,8.940696716308594e-08,0.0,False,1.0339728593826294,0.8980974145352059,4.108822822570801,0.3137257695198059,0.5017171502113342,2
61,21,0.04232831851927091,0.7497934103012085,1.374896764755249,0.061154380440711975,5.960464477539063e-08,0.0,False,1.0380268096923828,0.9016186310340777,4.1413798332214355,0.31121858954429626,0.5015624165534973,2
61,22,-0.14054529204483324,0.7573897242546082,1.3786948919296265,0.1478018803255898,2.9802322387695312e-08,0.0,False,1.0290002822875977,0.8937782889487843,4.163219451904297,0.3098665475845337,0.5089961886405945,2
61,23,-0.026481594762108866,0.7710110545158386,1.3855054378509521,0.9238384791782923,8.940696716308594e-08,0.0,False,1.0068832635879517,0.8745676905939697,3.9936671257019043,0.32454466819763184,0.5100708603858948,2
61,24,-0.009944871436402178,0.7698788642883301,1.3849395513534546,0.4010917799813407,1.1920928955078125e-07,0.0,False,0.9973188638687134,0.8662601585524053,3.893256902694702,0.33343425393104553,0.5000250339508057,2
62,1,0.08330195536239332,0.7851718664169312,1.3925859928131104,1.3828660611595427,5.960464477539063e-08,0.0,False,0.9480243921279907,0.8234435244217421,3.6586833000183105,0.35646677017211914,0.5166575908660889,2
62,2,-0.013365715066143185,0.7824423909187317,1.3912211656570435,0.9277272309575764,2.9802322387695312e-08,0.0,False,1.0441012382507324,0.9068948126412911,4.418673038482666,0.29263076186180115,0.5152531266212463,2
62,3,0.038609084670373994,0.8070249557495117,1.4035124778747559,0.6255483882767814,0.0,0.0,False,0.9704590439796448,0.8429300154269299,3.797579526901245,0.3447269797325134,0.5122246146202087,2
62,4,-0.02039702433410775,0.7950375080108643,1.397518515586853,0.0861034137862069,2.384185791015625e-07,0.0,False,0.9852210283279419,0.8557521121157451,3.9066760540008545,0.3337550461292267,0.5142161250114441,2
62,5,-0.0028394829541664533,0.7953492403030396,1.397674560546875,0.4297220515353339,5.960464477539063e-08,0.0,False,0.9272972345352173,0.8054401440855808,3.560062885284424,0.36759933829307556,0.5161561965942383,2
62,6,-0.04305835210013423,0.7831055521965027,1.3915526866912842,0.052858618753297004,8.940696716308594e-08,0.0,False,0.9305359125137329,0.8082532240350427,3.534071445465088,0.369632750749588,0.5060926675796509,2
62,7,0.020581880719579313,0.7778804898262024,1.3889402151107788,0.08739601714270448,2.9802322387695312e-08,0.0,False,0.9080172181129456,0.7886937345991875,3.386563301086426,0.3859456479549408,0.502354621887207,2
62,8,-0.01223233639330809,0.7827141284942627,1.3913570642471313,0.31862887314387733,0.0,0.0,False,0.911848783493042,0.7920217900024423,3.403864622116089,0.3844137191772461,0.500194787979126,2
62,9,0.022168629174641342,0.7831228375434875,1.3915613889694214,0.5519386678934097,2.9802322387695312e-08,0.0,False,0.9662535786628723,0.8392771946651103,3.8975181579589844,0.3340460956096649,0.5006600618362427,2
62,10,0.009823022053736101,0.783704400062561,1.3918522596359253,0.7106009955917086,5.960464477539063e-08,0.0,False,0.9566348195075989,0.8309224466173271,4.017872333526611,0.3236973285675049,0.5000200867652893,2
62,11,0.01717672712832147,0.7918230891227722,1.395911455154419,0.42054249772003716,8.940696716308594e-08,0.0,False,0.9385526776313782,0.8152164977416583,3.731393814086914,0.3501616418361664,0.5025455951690674,2
62,12,0.0007172861598437451,0.7939019799232483,1.3969509601593018,0.28330699247973296,2.9802322387695312e-08,0.0,False,0.9322364926338196,0.8097303291594187,3.641246795654297,0.35934317111968994,0.5025052428245544,2
62,13,-0.01172718687940434,0.7958160638809204,1.3979079723358154,0.12985824154955988,5.960464477539063e-08,0.0,False,0.9235466122627258,0.8021823949722879,3.4891064167022705,0.3757810592651367,0.5024690628051758,2
62,14,0.03280013519624051,0.7937825322151184,1.3968913555145264,0.1519012163792338,8.940696716308594e-08,0.0,False,0.967772364616394,0.8405963953827237,3.7371764183044434,0.3497607409954071,0.5023292303085327,2
62,15,0.01846917515412168,0.8002888560295105,1.4001444578170776,0.5052686035633087,2.9802322387695312e-08,0.0,False,1.0174793004989624,0.88377129131496,4.05999755859375,0.3213060200214386,0.5026907920837402,2
62,16,-0.007675321782410667,0.8081678748130798,1.4040839672088623,0.1963569841214589,2.9802322387695312e-08,0.0,False,1.0388245582580566,0.9023115466341144,4.206453800201416,0.31023678183555603,0.5000002384185791,2
62,17,0.021178983255484715,0.7922714352607727,1.396135687828064,0.5230442775147301,2.9802322387695312e-08,0.0,False,1.0384622812271118,0.9019968768031952,4.182083606719971,0.311042845249176,0.5001581311225891,2
62,18,0.014738887677981358,0.789683997631073,1.3948419094085693,0.14844027800219411,8.940696716308594e-08,0.0,False,1.0409305095672607,0.9041407526996029,4.193943023681641,0.30995291471481323,0.5000003576278687,2
62,19,-0.05196681991955955,0.7762818932533264,1.3881410360336304,0.536284523350852,8.940696716308594e-08,0.0,False,1.0291869640350342,0.8939404386543518,4.098936557769775,0.3164878487586975,0.5006596446037292,2
62,20,-0.008250473524836315,0.7824984788894653,1.391249179840088,0.5650782649006162,5.960464477539063e-08,0.0,False,1.040439486503601,0.9037142554855337,4.190659523010254,0.3096756339073181,0.5014840960502625,2
62,21,-0.08793589169471507,0.784899890422821,1.392449975013733,0.04976926105363033,2.9802322387695312e-08,0.0,False,1.0403692722320557,0.9036532681441677,4.191801071166992,0.3097838759422302,0.5002926588058472,2
62,22,0.010436221514454409,0.7554527521133423,1.3777265548706055,0.1706836223602295,1.7881393432617188e-07,0.0,False,1.0362281799316406,0.9000563610739231,4.131972789764404,0.31235983967781067,0.5015047192573547,2
62,23,-0.01895189993829021,0.7702735662460327,1.3851368427276611,1.1118369762386595,5.960464477539063e-08,0.0,False,1.027864694595337,0.8927919300118521,4.202591419219971,0.30778932571411133,0.5065679550170898,2
62,24,0.0327861287604228,0.7905769348144531,1.3952885866165161,0.6641801404101507,1.1920928955078125e-07,0.0,False,1.043586254119873,0.9064475031086913,4.227150917053223,0.30746954679489136,0.5000684261322021,2
63,1,-0.04433326932036417,0.7561034560203552,1.3780517578125,1.403440271105085,2.9802322387695312e-08,0.0,False,0.9585418105125427,0.8325788379582996,3.891489267349243,0.33237171173095703,0.5063847303390503,1
63,2,-0.030252389489074757,0.7829423546791077,1.3914713859558105,0.384240981723581,2.086162567138672e-07,0.0,False,0.9866620302200317,0.8570037504560386,3.9548306465148926,0.32881930470466614,0.5073093175888062,1
63,3,0.016535986293698048,0.7622622847557068,1.3811312913894653,0.4997265349541392,1.4901161193847656e-07,0.0,False,0.9994282722473145,0.8680923673902192,4.0138020515441895,0.32212287187576294,0.5135350823402405,1
63,4,0.017153454623847625,0.750354528427124,1.3751771450042725,0.048886997359139595,1.1920928955078125e-07,0.0,False,1.0106085538864136,0.8778034366341891,4.0821003913879395,0.315652072429657,0.513910174369812,1
63,5,-0.012214021879779956,0.7591274976730347,1.379563808441162,0.5645295573132378,5.960464477539063e-08,0.0,False,1.006054162979126,0.8738475429552585,4.016631603240967,0.3216347098350525,0.5144472718238831,1
63,6,0.018317924869218648,0.7494996190071106,1.3747498989105225,0.4523960160357612,8.940696716308594e-08,0.0,False,1.0237183570861816,0.8891904670111829,4.152035713195801,0.309937447309494,0.5188109278678894,1
63,7,-0.030953012917768717,0.7395581603050232,1.3697789907455444,0.6172924659081868,8.940696716308594e-08,0.0,False,1.0125038623809814,0.8794496806755795,4.010521411895752,0.32100415229797363,0.5021343231201172,1
63,8,0.0060805245052817265,0.7311593890190125,1.3655797243118286,0.6371652888400213,2.9802322387695312e-08,0.0,False,1.004772663116455,0.872734446317423,4.036561489105225,0.3182760179042816,0.500229001045227,1
63,9,-0.11071175646573059,0.7244943380355835,1.3622472286224365,0.034140393137931824,5.960464477539063e-08,0.0,False,0.9950309991836548,0.8642729445362808,3.964200019836426,0.3237808346748352,0.5007539391517639,1
63,10,-0.09068732627964547,0.7048774361610413,1.3524388074874878,0.4759629613586833,8.940696716308594e-08,0.0,False,1.004403829574585,0.8724140815734729,3.9829318523406982,0.3203340768814087,0.5169364213943481,1
63,11,0.005501156317407064,0.7097276449203491,1.3548640012741089,0.14343774744442525,1.7881393432617188e-07,0.0,False,0.9994059801101685,0.8680730046859145,3.9802520275115967,0.3208509385585785,0.5203153491020203,1
63,12,-0.05993545222738321,0.7511270642280579,1.375563621520996,0.22304104374987732,8.940696716308594e-08,0.0,False,0.9471606612205505,0.8226932972878409,3.6354734897613525,0.3563607931137085,0.5023159980773926,1
63,13,0.06163426341739313,0.7441190481185913,1.3720595836639404,0.14403124153614047,5.960464477539063e-08,0.0,False,0.9532146453857422,0.8279517211207857,3.7616772651672363,0.3425394296646118,0.5379093885421753,1
63,14,0.033156314355478195,0.7872335314750671,1.3936169147491455,0.4067343505365508,1.4901161193847656e-07,0.0,False,0.9162523746490479,0.795846700681665,3.4800801277160645,0.3760414123535156,0.5023664832115173,1
63,15,0.08917992491213123,0.7619537115097046,1.380976915359497,0.14166052426610662,5.960464477539063e-08,0.0,False,0.9292725324630737,0.8071558660659468,3.5003621578216553,0.371543824672699,0.503045916557312,6
63,16,0.036110957216188205,0.7691661715507507,1.3845831155776978,0.10358831712177821,2.9802322387695312e-08,0.0,False,0.9148571491241455,0.7946348231887136,3.447685718536377,0.37809696793556213,0.5019031763076782,6
63,17,-0.07205378179710129,0.7829608917236328,1.3914803266525269,0.25600236334971027,1.1920928955078125e-07,0.0,False,0.9184866547584534,0.797787371726747,3.476616144180298,0.3760536313056946,0.5023312568664551,6
63,18,-0.029469528958429057,0.7609317898750305,1.3804659843444824,0.46450575015374596,8.940696716308594e-08,0.0,False,0.9594045281410217,0.8333281849692777,3.677849054336548,0.352855384349823,0.5050848126411438,6
63,19,-0.11903471678981173,0.7831220030784607,1.3915611505508423,0.04310336283275068,1.4901161193847656e-07,0.0,False,0.9517500400543213,0.8266795810935813,3.6360931396484375,0.3589710593223572,0.5027869343757629,6
63,20,-0.10837282356866179,0.7745473384857178,1.3872736692428589,0.6031993244375502,0.0,0.0,False,0.9857128858566284,0.8561793341369274,4.050258159637451,0.319607675075531,0.5279262065887451,6
63,21,-0.05634664291062668,0.7601627707481384,1.3800814151763916,0.3814105253134455,2.9802322387695312e-08,0.0,False,0.970430314540863,0.8429050613534678,3.8664355278015137,0.3341633975505829,0.536159873008728,6
63,22,-0.01565747524418422,0.7979738712310791,1.398987054824829,0.44317100942134857,1.1920928955078125e-07,0.0,False,1.0020842552185059,0.8703993248870541,4.04095983505249,0.32238951325416565,0.5146687626838684,6
63,23,0.12887468200836344,0.7838446497917175,1.3919223546981812,0.07168388792446684,2.9802322387695312e-08,0.0,False,0.9918909072875977,0.8615454953700273,3.9191842079162598,0.33202046155929565,0.506584644317627,6
63,24,0.012082130495989992,0.8204864263534546,1.4102431535720825,0.47686953416892464,5.960464477539063e-08,0.0,False,1.0219846963882446,0.8876846284619697,4.166329383850098,0.3139219284057617,0.5093947052955627,6
64,1,0.07075092976397412,0.802664577960968,1.4013323783874512,1.279804563415902,8.940696716308594e-08,0.0,False,0.9868435263633728,0.8571613960031181,4.0850419998168945,0.3189728558063507,0.5185859799385071,2
64,2,-0.0713135304629313,0.8066287040710449,1.4033143520355225,0.30638364489589426,0.0,0.0,False,1.0142438411712646,0.880961007050077,4.3632121086120605,0.298137366771698,0.5123593211174011,2
64,3,0.0328716637152392,0.7845074534416199,1.3922537565231323,0.4174572394362519,2.9802322387695312e-08,0.0,False,0.9671897888183594,0.84009037647397,3.92826509475708,0.3306889235973358,0.5282306671142578,2
64,4,-0.0036239733025447696,0.7887258529663086,1.3943629264831543,0.2583536707929204,0.0,0.0,False,1.0095090866088867,0.876848451490863,4.349519729614258,0.2977670133113861,0.5203188061714172,2
64,5,0.023569471595313227,0.8254129886627197,1.4127063751220703,1.0601627784115926,1.1920928955078125e-07,0.0,False,1.0573151111602783,0.9183722368196645,4.929742813110352,0.2627407908439636,0.5277592539787292,1
64,6,0.011361603299684657,0.8195886611938477,1.4097943305969238,0.2687721060855049,0.0,0.0,False,1.001854419708252,0.8701996922993567,4.139856338500977,0.3159654140472412,0.5093189477920532,1
64,7,-0.026733243347152567,0.809382975101471,1.4046913385391235,0.8103343290942056,1.4901161193847656e-07,0.0,False,1.0760496854782104,0.934644881313833,5.005368709564209,0.2585099935531616,0.5006169676780701,3
64,8,-0.0642736944810013,0.7948964238166809,1.3974484205245972,0.6255223559481757,2.086162567138672e-07,0.0,False,1.0979182720184326,0.9536396942367175,5.2232584953308105,0.2464488446712494,0.5000078678131104,3
64,9,0.01896668606848443,0.7768166065216064,1.3884083032608032,0.8897369184664318,0.0,0.0,False,1.1046464443206787,0.959483710445037,5.465688705444336,0.23406711220741272,0.5005528926849365,7
64,10,-0.024434652317605977,0.7963113188743591,1.3981554508209229,1.0747039977993285,2.086162567138672e-07,0.0,False,1.0382297039031982,0.9017948627064122,4.734609127044678,0.27330049872398376,0.5029942989349365,1
64,11,-0.024082451874673876,0.7686660885810852,1.3843330144882202,0.9478126402412139,2.9802322387695312e-08,0.0,False,1.0506114959716797,0.912549550649242,4.4325408935546875,0.29111695289611816,0.5034069418907166,1
64,12,0.02338474424150555,0.7502012252807617,1.3751007318496704,1.1160100166286742,1.1920928955078125e-07,0.0,False,1.0031981468200684,0.871366838839048,4.05157995223999,0.3184089660644531,0.5021401047706604,2
64,13,0.007995853767920884,0.7643227577209473,1.3821613788604736,0.8514588751963206,0.0,0.0,False,0.9763717651367188,0.8480657397700295,3.885749340057373,0.3336646556854248,0.500490665435791,2
64,14,-0.025536034779237028,0.7478671073913574,1.3739335536956787,0.6994612738490105,0.0,0.0,False,0.9853854775428772,0.8558949508889445,3.9164297580718994,0.32964593172073364,0.5022950172424316,2
64,15,0.02755172432622184,0.7640288472175598,1.3820143938064575,0.5353564683880125,2.9802322387695312e-08,0.0,False,0.9310899972915649,0.8087344959580808,3.5390493869781494,0.3675820827484131,0.5007190704345703,2
64,16,0.029564046793964446,0.7637962102890015,1.3818981647491455,0.18523927565131862,5.960464477539063e-08,0.0,False,0.9441049098968506,0.820039105411938,3.7200467586517334,0.3490254878997803,0.5017502903938293,6
64,17,-0.03505926676568621,0.7856546640396118,1.3928272724151611,0.33376336629901615,5.960464477539063e-08,0.0,False,0.9691684246063232,0.8418089976827879,3.991260051727295,0.32604074478149414,0.5017690062522888,6
64,18,-0.03494022827393705,0.7603507041931152,1.380175232887268,0.29027749917336865,1.1920928955078125e-07,0.0,False,0.9410054683685303,0.8173469647064754,3.6996865272521973,0.3507782816886902,0.5000007748603821,6
64,19,0.017330452462015367,0.7526572346687317,1.3763285875320435,0.21175490000418262,2.9802322387695312e-08,0.0,False,0.8935423493385315,0.7761210233291841,3.2996327877044678,0.3940717577934265,0.5017132759094238,6
64,20,0.06830533437644026,0.8018480539321899,1.4009239673614502,0.1541025042533874,5.960464477539063e-08,0.0,False,0.9390579462051392,0.8156553684485853,3.600492000579834,0.3642966151237488,0.5001316070556641,6
64,21,0.08687105622413259,0.8251467943191528,1.4125734567642212,0.8535094144088882,5.960464477539063e-08,0.0,False,1.016384482383728,0.882820344382692,4.161250591278076,0.3145700991153717,0.5116062760353088,6
64,22,0.06706880041040178,0.811564028263092,1.4057821035385132,0.5603468992880414,8.940696716308594e-08,0.0,False,0.9674744606018066,0.8403376392433793,3.7988481521606445,0.3452533483505249,0.5017225742340088,6
64,23,-0.03779146197888773,0.7908917665481567,1.3954459428787231,0.07682988899094703,5.960464477539063e-08,0.0,False,0.9544848203659058,0.8290549810906589,3.729194164276123,0.3502977192401886,0.502701997756958,6
64,24,-0.00893860563436289,0.7769203782081604,1.3884600400924683,0.47996245431048523,1.4901161193847656e-07,0.0,False,0.9278899431228638,0.8059549642235639,3.5357420444488525,0.36903566122055054,0.501646876335144,6
65,1,0.0790070579199912,0.7745215892791748,1.387260913848877,1.2105631956032346,1.1920928955078125e-07,0.0,False,1.0032038688659668,0.8713718089449658,4.353923320770264,0.29670149087905884,0.5144193172454834,2
65,2,0.044530099457552666,0.8185258507728577,1.409263014793396,0.765579540282488,8.940696716308594e-08,0.0,False,0.9663981795310974,0.8394027933834075,3.975409984588623,0.32944294810295105,0.513679563999176,1
65,3,-0.021385190239944635,0.8200175166130066,1.4100087881088257,0.2417886038976057,2.9802322387695312e-08,0.0,False,0.9718195796012878,0.8441117616527547,4.126739025115967,0.317014217376709,0.5104057788848877,1
65,4,0.000742383473743607,0.8168075680732727,1.4084038734436035,0.4524135174495833,8.940696716308594e-08,0.0,False,1.0001819133758545,0.8687469717571398,4.319281578063965,0.301927775144577,0.5136210918426514,1
65,5,0.07252290320203397,0.7937850952148438,1.3968925476074219,1.1778822977628027,0.0,0.0,False,0.9770302176475525,0.8486376643541305,3.8623900413513184,0.33798158168792725,0.5021106004714966,1
65,6,-0.019500886822230237,0.7860683798789978,1.3930342197418213,0.20833532405751087,2.9802322387695312e-08,0.0,False,0.9995942115783691,0.8682365004618348,4.080770015716553,0.3186696171760559,0.5000009536743164,1
65,7,-0.07166249091824317,0.8223677277565002,1.4111838340759277,0.5720772807087217,2.9802322387695312e-08,0.0,False,0.9835799932479858,0.8543267271560759,4.0847015380859375,0.3202652335166931,0.521578311920166,1
65,8,0.07666944193053327,0.7742526531219482,1.3871264457702637,0.46509815433195656,1.1920928955078125e-07,0.0,False,1.0051002502441406,0.8730189848812158,4.081107139587402,0.31771713495254517,0.5031769275665283,1
65,9,0.06977923888282705,0.7901889681816101,1.3950945138931274,0.8761798505272184,2.9802322387695312e-08,0.0,False,1.003586769104004,0.8717043918659637,4.0315775871276855,0.32301899790763855,0.5000209808349609,1
65,10,0.08204115301130782,0.7351824045181274,1.367591142654419,0.1703843900135584,5.960464477539063e-08,0.0,False,0.9893656373023987,0.8593520737302517,3.9108316898345947,0.3291783332824707,0.5013474822044373,1
65,11,-0.006487495061427732,0.686997652053833,1.3434988260269165,0.9835523760744503,0.0,0.0,False,1.068077564239502,0.9277203847877634,4.927504062652588,0.2560517489910126,0.5000640749931335,1
65,12,-0.024047378884645712,0.6908500790596008,1.3454251289367676,0.7787542790174483,8.940696716308594e-08,0.0,False,1.0317051410675049,0.8961276994336669,4.359338283538818,0.2909992039203644,0.5042393207550049,1
65,13,0.030642184232305667,0.7638581991195679,1.3819291591644287,1.331802589552743,5.960464477539063e-08,0.0,False,0.9739691019058228,0.8459788130039296,3.8464996814727783,0.33714717626571655,0.5011652708053589,2
65,14,0.044287613682754724,0.783260703086853,1.3916302919387817,0.10862473664539196,5.960464477539063e-08,0.0,False,0.9345211982727051,0.8117147992629011,3.573377847671509,0.36558228731155396,0.5004408955574036,2
65,15,0.018112927943072718,0.7832279801368713,1.3916140794754028,0.3169393411704473,8.940696716308594e-08,0.0,False,0.9292904138565063,0.8071713976469399,3.5571212768554688,0.3673170804977417,0.5002411007881165,2
65,16,-0.03451638947888896,0.7909674048423767,1.3954837322235107,0.4316188735621317,2.9802322387695312e-08,0.0,False,0.964084804058075,0.8373934209783995,3.706165075302124,0.35257506370544434,0.5023523569107056,2
65,17,0.004456655535106934,0.7840880751609802,1.3920440673828125,0.9327674146209444,2.9802322387695312e-08,0.0,False,1.0189518928527832,0.8850503687816745,4.046823978424072,0.3212999701499939,0.5005064010620117,2
65,18,-0.03450841939578308,0.7966371178627014,1.3983185291290283,0.9001395042453493,2.9802322387695312e-08,0.0,False,0.9992244243621826,0.8679153073668984,3.951003313064575,0.330278217792511,0.5030001401901245,2
65,19,-0.011019151518859797,0.772634744644165,1.386317253112793,0.6365709177085332,1.1920928955078125e-07,0.0,False,1.0330873727798462,0.8973282906444299,4.195701599121094,0.30862683057785034,0.5008973479270935,2
65,20,-0.009829075947014357,0.769814670085907,1.3849073648452759,0.06349816066878178,2.9802322387695312e-08,0.0,False,1.027064323425293,0.892096736446603,4.186370849609375,0.3090955317020416,0.5029586553573608,2
65,21,-0.019476883177134457,0.7612152695655823,1.3806076049804688,0.6315995348351343,2.9802322387695312e-08,0.0,False,1.0500239133834839,0.9120391828978103,4.70024299621582,0.27301231026649475,0.5168287754058838,2
65,22,-0.007456386637730175,0.7756895422935486,1.3878448009490967,0.5215853346245629,2.9802322387695312e-08,0.0,False,0.9993541240692139,0.8680279631010347,3.99761962890625,0.3247138261795044,0.5039474964141846,2
65,23,0.005135522668238872,0.780049204826355,1.3900245428085327,0.10585773416927888,5.960464477539063e-08,0.0,False,0.9752829670906067,0.8471200218033625,3.8031156063079834,0.34242889285087585,0.5007047653198242,2
65,24,-0.00450854292596485,0.7803254723548889,1.3901628255844116,0.16065421487603862,8.940696716308594e-08,0.0,False,0.9954149127006531,0.8646064075802017,4.0821075439453125,0.31811392307281494,0.5014557838439941,2
66,1,-0.008882173383386286,0.7964234352111816,1.3982117176055908,1.167930475303105,0.0,0.0,False,1.0353808403015137,0.8993203712225989,4.632305145263672,0.27900204062461853,0.5264655947685242,2
66,2,0.013805072779751,0.8086297512054443,1.4043148756027222,0.3981662541627884,0.0,0.0,False,1.0306228399276733,0.895187624608094,4.570095062255859,0.2837425470352173,0.5251829624176025,1
66,3,-0.02676290382666919,0.7936379313468933,1.3968188762664795,0.35586267496858326,8.940696716308594e-08,0.0,False,1.0448055267333984,0.9075065498446709,4.726276397705078,0.2734162211418152,0.5117073059082031,1
66,4,-0.009634903180248703,0.7871612906455994,1.393580675125122,0.3525396649326597,2.9802322387695312e-08,0.0,False,1.0252292156219482,0.8905027820612226,4.438712120056152,0.2914292514324188,0.5193657875061035,1
66,5,0.03389028996414466,0.7741241455078125,1.3870620727539062,0.5183833220175335,0.0,0.0,False,1.0185871124267578,0.8847335245294163,4.295389175415039,0.3011825680732727,0.5037856698036194,1
66,6,0.03275196559489611,0.7248421311378479,1.3624211549758911,0.8792728675263268,8.940696716308594e-08,0.0,False,1.080129623413086,0.9381886703770814,5.087193012237549,0.24974018335342407,0.5001411437988281,3
66,7,0.050473327154582845,0.7535022497177124,1.376751184463501,0.843373688203948,5.960464477539063e-08,0.0,False,1.0521881580352783,0.9139190219173362,4.721024036407471,0.27167797088623047,0.5020790100097656,1
66,8,-0.027863987285329656,0.7258639335632324,1.3629319667816162,0.3255587496927806,0.0,0.0,False,1.046386957168579,0.9088801628676966,4.38754940032959,0.2915092706680298,0.5001360177993774,1
66,9,0.041303567201965694,0.752973198890686,1.3764865398406982,0.5762138068675995,5.960464477539063e-08,0.0,False,1.055680751800537,0.9169526503168994,4.6846113204956055,0.27389588952064514,0.5005007386207581,1
66,10,0.02409079811463545,0.7722086906433105,1.3861043453216553,0.6308210151536124,0.0,0.0,False,1.0055623054504395,0.8734203209340762,4.110461235046387,0.3152415454387665,0.5019464492797852,1
66,11,-0.04452744503969501,0.7780624032020569,1.389031171798706,0.5935402289032936,2.9802322387695312e-08,0.0,False,1.014079213142395,0.8808180129610675,4.193691253662109,0.3091775178909302,0.500008225440979,7
66,12,-0.0029704102637565966,0.7331482172012329,1.3665740489959717,0.5581594354340008,5.960464477539063e-08,0.0,False,1.014794945716858,0.8814396903762828,4.152259826660156,0.3092057406902313,0.5007116794586182,7
66,13,-0.04514136358416889,0.7671844959259033,1.3835923671722412,0.7211587854794093,1.1920928955078125e-07,0.0,False,1.0276498794555664,0.8926053439521889,4.493565559387207,0.2869793176651001,0.5000910758972168,7
66,14,0.009041922971169746,0.7651345729827881,1.3825674057006836,0.32161682205540787,1.1920928955078125e-07,0.0,False,1.069867491722107,0.9292750960451681,5.089126110076904,0.2512756586074829,0.5193784236907959,7
66,15,0.004037525101547441,0.7925189733505249,1.3962595462799072,0.41653736574309214,5.960464477539063e-08,0.0,False,1.044724702835083,0.9074363470985823,4.690739154815674,0.27560126781463623,0.5091038346290588,1
66,16,0.018921963162934517,0.8067770004272461,1.4033886194229126,0.4951813987323217,1.1920928955078125e-07,0.0,False,1.0582036972045898,0.919144052851146,4.806844234466553,0.2690928280353546,0.5196467041969299,1
66,17,0.00455483034438439,0.813016951084137,1.406508445739746,0.12933585686343063,2.9802322387695312e-08,0.0,False,1.0602751970291138,0.9209433347372545,4.831105709075928,0.26820245385169983,0.5125851035118103,1
66,18,0.036047976860298155,0.8055948615074158,1.4027973413467407,0.5341130580220903,8.940696716308594e-08,0.0,False,0.9733968377113342,0.8454817506402152,3.9081661701202393,0.33466672897338867,0.504813015460968,2
66,19,0.0010832412481582565,0.8111289739608765,1.4055644273757935,0.2260268623275416,5.960464477539063e-08,0.0,False,0.9625793099403381,0.8360857654026577,4.04371976852417,0.3232438266277313,0.509009838104248,1
66,20,-0.016440095722727963,0.8116852641105652,1.405842661857605,0.4139630762594087,2.9802322387695312e-08,0.0,False,0.984921395778656,0.8554918545902382,4.179856300354004,0.312509149312973,0.501028299331665,2
66,21,0.005373555681565868,0.8088622689247131,1.4044311046600342,0.2161630541086197,2.9802322387695312e-08,0.0,False,1.0128319263458252,0.8797346334148655,4.265630722045898,0.3057582378387451,0.5008577704429626,2
66,22,-0.015380462414414932,0.8153080940246582,1.407654047012329,0.22905802088124402,0.0,0.0,False,1.0360562801361084,0.8999070508086432,4.370200157165527,0.2985210418701172,0.5004850625991821,2
66,23,0.031289285240858514,0.8090731501579285,1.404536485671997,0.06847498672349112,8.940696716308594e-08,0.0,False,1.0492143630981445,0.9113360164543182,4.528412342071533,0.2872241735458374,0.5001999139785767,2
66,24,0.01675000419042475,0.7861961722373962,1.393097996711731,0.7489583279405321,8.940696716308594e-08,0.0,False,0.9594813585281372,0.8333949189956112,3.8718209266662598,0.33655846118927,0.5017147064208984,2
67,1,-0.0014751384628519807,0.7854068875312805,1.3927032947540283,1.4107123650610447,1.4901161193847656e-07,0.0,False,0.9740684032440186,0.8460650650503777,4.145777702331543,0.31332463026046753,0.5033621788024902,2
67,2,-0.017741883716186464,0.7975159883499146,1.398758053779602,0.47307184604661806,5.960464477539063e-08,0.0,False,1.0062799453735352,0.8740436550512641,4.280157566070557,0.3039129674434662,0.5014369487762451,2
67,3,0.0144394194778249,0.799855649471283,1.3999278545379639,0.17465791425534657,2.9802322387695312e-08,0.0,False,1.0022624731063843,0.8705541229776181,4.242401599884033,0.3069193959236145,0.5006176233291626,2
67,4,-0.06532893175068845,0.7735083103179932,1.3867542743682861,0.9509532909308162,1.1920928955078125e-07,0.0,False,0.9859064817428589,0.8563474893871454,4.172109127044678,0.3105281591415405,0.5000883340835571,1
67,5,0.00724897054300085,0.7494970560073853,1.3747485876083374,0.4077089998338904,5.960464477539063e-08,0.0,False,1.0252408981323242,0.8905129293608047,4.425863265991211,0.29038673639297485,0.5017626285552979,1
67,6,0.04574208128624556,0.7366049885749817,1.3683027029037476,0.5688835760312422,2.086162567138672e-07,0.0,False,1.023987889289856,0.8894245797086848,4.176382064819336,0.30761241912841797,0.500025749206543,1
67,7,0.04180450449304669,0.7460928559303284,1.3730463981628418,0.37133899437529694,2.9802322387695312e-08,0.0,False,0.9990403652191162,0.8677554356265432,4.079923152923584,0.315864235162735,0.5000105500221252,1
67,8,-0.024483809001185516,0.7474427819252014,1.3737213611602783,0.27605899742671436,2.9802322387695312e-08,0.0,False,0.9781376719474792,0.8495995869369669,3.8587002754211426,0.3347735106945038,0.5005746483802795,2
67,9,0.042483517596907355,0.736664891242981,1.3683322668075562,0.8912982440420559,1.7881393432617188e-07,0.0,False,1.0214715003967285,0.8872388720874691,4.099032878875732,0.31364524364471436,0.5002027750015259,2
67,10,0.0020956370704092704,0.7391582727432251,1.3695790767669678,0.5463111294167382,5.960464477539063e-08,0.0,False,1.0575379133224487,0.918565760318838,4.4521403312683105,0.2879524827003479,0.5009808540344238,2
67,11,0.05735171458351233,0.7752034664154053,1.3876018524169922,0.7238372085349901,1.1920928955078125e-07,0.0,False,0.9841921329498291,0.8548584249454049,3.9522016048431396,0.3286660313606262,0.500001847743988,2
67,12,-0.0028916899529265227,0.7109246253967285,1.3554623126983643,0.41269737162760334,0.0,0.0,False,0.9868308305740356,0.8571503685806131,3.928571939468384,0.3257317543029785,0.5022194385528564,2
67,13,0.037626844696174916,0.7597706913948059,1.3798854351043701,0.537272395832198,8.940696716308594e-08,0.0,False,0.9909383058547974,0.8607180762785908,4.016450881958008,0.32197749614715576,0.5034288167953491,2
67,14,0.008799035415976488,0.7699686884880066,1.3849842548370361,0.7408250676734107,8.940696716308594e-08,0.0,False,1.0577197074890137,0.9187236647256006,4.733032703399658,0.27192220091819763,0.5017597079277039,7
67,15,0.005362332052661056,0.7887560725212097,1.3943779468536377,1.2499592825770378,8.940696716308594e-08,0.0,False,0.9143322110176086,0.7941788677426942,3.4287168979644775,0.3820194602012634,0.502184271812439,2
67,16,-0.012692860147797483,0.7943658232688904,1.3971829414367676,0.8984606638550757,2.9802322387695312e-08,0.0,False,1.056518316268921,0.9176801495706141,4.79585075378418,0.269598126411438,0.5003501176834106,7
67,17,0.02020037088223106,0.8032891750335693,1.4016447067260742,0.9523937095488821,1.1920928955078125e-07,0.0,False,0.9702267646789551,0.8427282601898302,3.7591495513916016,0.3483872711658478,0.5022319555282593,2
67,18,0.0660174896661157,0.7974632382392883,1.3987318277359009,0.24336418722357062,2.086162567138672e-07,0.0,False,1.0238571166992188,0.889310992079689,4.124623775482178,0.315820574760437,0.5040225982666016,2
67,19,-0.03721112784971052,0.7730407118797302,1.386520504951477,0.176981936608042,1.4901161193847656e-07,0.0,False,1.019684076309204,0.8856863352514035,4.094642639160156,0.31642645597457886,0.5073961615562439,2
67,20,0.019353465195094365,0.7778956890106201,1.3889479637145996,0.10281038497175488,1.1920928955078125e-07,0.0,False,1.016647458076477,0.8830487621671631,4.107177257537842,0.3153795003890991,0.5218150019645691,2
67,21,-0.016201839898258165,0.7761020660400391,1.3880510330200195,0.12232496057237888,0.0,0.0,False,1.022599697113037,0.8882188113042575,4.156907081604004,0.31150752305984497,0.5146625638008118,2
67,22,-0.04593812003392665,0.7883523106575012,1.3941762447357178,0.325981006026268,8.940696716308594e-08,0.0,False,1.0135444402694702,0.880353515145502,4.075716972351074,0.3191094398498535,0.5049508213996887,2
67,23,-0.01868591174246372,0.745625913143158,1.3728129863739014,0.47660323232412344,2.9802322387695312e-08,0.0,False,0.9779495596885681,0.8494361947049199,3.8539350032806396,0.3350331485271454,0.5016586780548096,2
67,24,-0.023667281842503177,0.7640354633331299,1.3820176124572754,0.06051610942397809,1.1920928955078125e-07,0.0,False,0.9618881940841675,0.8354854697972762,3.7853055000305176,0.3427840769290924,0.5025627017021179,2
68,1,0.03351807364349347,0.8120068311691284,1.406003475189209,1.3295942316097873,5.960464477539063e-08,0.0,False,0.9747332334518433,0.8466425292316995,3.990738868713379,0.3280376195907593,0.5003184080123901,2
68,2,-0.022008723464403093,0.8263219594955444,1.4131611585617065,0.13693194091320035,1.7881393432617188e-07,0.0,False,0.9421079754829407,0.8183045902185705,3.7074966430664062,0.35524895787239075,0.5028782486915588,2
68,3,0.06659953707621961,0.816748321056366,1.4083740711212158,0.4665234110185077,8.940696716308594e-08,0.0,False,0.9487130045890808,0.8240416456057845,3.939537525177002,0.3325881361961365,0.5088458061218262,2
68,4,-0.06622603206242435,0.8337354063987732,1.416867733001709,0.31512362935713367,2.9802322387695312e-08,0.0,False,0.9499648213386536,0.8251289598191716,3.7291407585144043,0.3535975515842438,0.5056725144386292,1
68,5,0.056487142151403366,0.8188515901565552,1.4094257354736328,0.330252468585968,5.960464477539063e-08,0.0,False,0.9641959071159363,0.837489923868303,4.096689701080322,0.31937482953071594,0.5101671814918518,1
68,6,0.008837589913271432,0.8102775812149048,1.4051388502120972,0.1500227823853493,5.960464477539063e-08,0.0,False,0.9676315188407898,0.840474058296435,3.95699405670166,0.33074629306793213,0.503287672996521,1
68,7,-0.006204294682352191,0.7930347919464111,1.396517276763916,0.33123344715152475,1.1920928955078125e-07,0.0,False,0.9847855567932129,0.8553738663466276,4.258091926574707,0.30529946088790894,0.5000845193862915,1
68,8,-0.01584952565417135,0.7765505909919739,1.388275146484375,0.4217321085078375,1.4901161193847656e-07,0.0,False,1.0197257995605469,0.8857225756070539,4.410597324371338,0.29322341084480286,0.5000291466712952,1
68,9,-0.004114604309901381,0.7553496360778809,1.3776748180389404,0.2998641878366469,0.0,0.0,False,1.0314149856567383,0.8958756736460862,4.594723701477051,0.27963438630104065,0.5009318590164185,3
68,10,-0.047539914177474586,0.7491596937179565,1.374579668045044,0.30623961346490036,1.7881393432617188e-07,0.0,False,1.0608282089233398,0.921423674765433,4.785816669464111,0.2676040828227997,0.5010589957237244,2
68,11,0.034599914690270926,0.7664856314659119,1.3832428455352783,1.1096101445811137,2.9802322387695312e-08,0.0,False,1.0825201272964478,0.940265035668106,4.960395812988281,0.2585412859916687,0.5067903399467468,7
68,12,0.011132026772901203,0.7863354682922363,1.3931678533554077,1.1773742607661657,1.1920928955078125e-07,0.0,False,1.0060207843780518,0.8738185506707381,4.448985576629639,0.2910306751728058,0.5061174035072327,7
68,13,0.029153650067867236,0.77646404504776,1.3882319927215576,0.6814091184309551,2.9802322387695312e-08,0.0,False,1.0085492134094238,0.8760147162231559,4.2476677894592285,0.3046131730079651,0.5136052370071411,1
68,14,-0.08485678004935392,0.775431752204895,1.3877158164978027,0.2785558998584747,5.960464477539063e-08,0.0,False,0.9768049716949463,0.8484420182055546,3.8621654510498047,0.33629125356674194,0.5137112736701965,1
68,15,-0.03458177046287717,0.7989572882652283,1.399478793144226,1.0501046915139471,1.4901161193847656e-07,0.0,False,0.9291085600852966,0.8070134414682405,3.5801219940185547,0.36620423197746277,0.5001753568649292,1
68,16,0.08999410598525052,0.7975678443908691,1.3987839221954346,0.3772781757371765,0.0,0.0,False,0.9346492886543274,0.8118260571547481,3.6036624908447266,0.363602876663208,0.5002620816230774,2
68,17,-0.02787897689203879,0.8113639950752258,1.40568208694458,0.9234413882451397,8.940696716308594e-08,0.0,False,0.9695222973823547,0.8421163676706405,4.031294345855713,0.3244301974773407,0.5044794082641602,1
68,18,0.01816213743634479,0.795441746711731,1.3977208137512207,0.9201542963939052,5.960464477539063e-08,0.0,False,0.9456297159194946,0.8213635350951524,3.7413811683654785,0.34954702854156494,0.5000367760658264,2
68,19,0.013993720339812624,0.7866658568382263,1.3933329582214355,0.2001921683549881,2.9802322387695312e-08,0.0,False,0.9448858499526978,0.8207174213258414,3.893692970275879,0.3346567749977112,0.500628650188446,2
68,20,-0.01862963599643416,0.7992796897888184,1.3996400833129883,0.48475148315940575,2.384185791015625e-07,0.0,False,0.9569493532180786,0.8311956471269949,4.106057167053223,0.31748998165130615,0.5021482706069946,2
68,21,-0.04004169732638346,0.7757143378257751,1.38785719871521,0.5878696979156564,2.9802322387695312e-08,0.0,False,0.9443398118019104,0.8202431386142501,3.6527066230773926,0.35670024156570435,0.5013971328735352,2
68,22,-0.017326442382776308,0.7781585454940796,1.3890793323516846,0.20054569946868064,5.960464477539063e-08,0.0,False,0.8977128267288208,0.7797434539641939,3.3115310668945312,0.39505138993263245,0.5011105537414551,2
68,23,-0.005810679695602822,0.7992381453514099,1.3996191024780273,0.0902446689350263,2.9802322387695312e-08,0.0,False,0.8640890121459961,0.7505381796964762,3.1699206829071045,0.4153776168823242,0.5014985203742981,2
68,24,0.07113176174029384,0.805975615978241,1.4029877185821533,0.058562409664903364,8.940696716308594e-08,0.0,False,0.8695939779281616,0.7553197322209976,3.1997175216674805,0.412078320980072,0.5000062584877014,6
69,1,0.08428242195012847,0.802512526512146,1.4012564420700073,1.2230839665446962,1.7881393432617188e-07,0.0,False,1.0052688121795654,0.8731653959180435,4.134795665740967,0.315398246049881,0.5025360584259033,2
69,2,-0.017440829191539796,0.7912956476211548,1.3956477642059326,1.1704636865428517,5.960464477539063e-08,0.0,False,1.0245335102081299,0.8898985000167196,4.612998962402344,0.28045928478240967,0.5072462558746338,2
69,3,0.01686137276738239,0.808444082736969,1.404222011566162,0.7671992246593747,2.9802322387695312e-08,0.0,False,1.024141788482666,0.8895582548490985,4.422543525695801,0.29426103830337524,0.5051022171974182,2
69,4,-0.04967510790427962,0.8027917146682739,1.4013957977294922,0.30365004230822845,5.960464477539063e-08,0.0,False,1.0313388109207153,0.8958095091110558,4.481693744659424,0.2899690568447113,0.5006457567214966,2
69,5,-0.0364618887829804,0.7827627062797546,1.3913813829421997,0.6266862090144837,2.9802322387695312e-08,0.0,False,0.9708695411682129,0.8432865687545937,3.8687729835510254,0.3365728259086609,0.5016864538192749,2
69,6,-0.05335279029396262,0.7754335403442383,1.3877167701721191,0.09788966178894043,0.0,0.0,False,0.9648217558860779,0.8380335292030598,3.785220146179199,0.3437051773071289,0.5022445917129517,3
69,7,-0.06985667421573581,0.7786023020744324,1.389301061630249,0.344232976436615,8.940696716308594e-08,0.0,False,0.9722098112106323,0.8444507125219598,3.8893673419952393,0.33443549275398254,0.5004712343215942,3
69,8,-0.15369839010968578,0.7605408430099487,1.3802704811096191,0.41047338715621406,5.960464477539063e-08,0.0,False,1.0251266956329346,0.8904137343301958,4.3077287673950195,0.29936483502388,0.5044229030609131,3
69,9,-0.011421749442188003,0.7416953444480896,1.3708475828170776,1.0162845339093889,8.940696716308594e-08,0.0,False,1.095048189163208,0.9511467719434591,5.2363176345825195,0.24310529232025146,0.5021166205406189,7
69,10,0.0165529750955477,0.7411457896232605,1.370572805404663,0.6943410400833403,8.940696716308594e-08,0.0,False,1.0546225309371948,0.9160334913537305,4.529952526092529,0.28286004066467285,0.5035215616226196,7
69,11,0.032084486633010695,0.757426381111145,1.3787131309509277,0.16366748937538692,5.960464477539063e-08,0.0,False,1.0236268043518066,0.8891109453164985,4.299231052398682,0.2995767593383789,0.5121945738792419,7
69,12,0.005487624835966329,0.7611398100852966,1.3805699348449707,0.42110831184046604,2.9802322387695312e-08,0.0,False,1.017160177230835,0.8834941043661706,4.3815107345581055,0.29402196407318115,0.5092697143554688,7
69,13,-0.006098331986905936,0.7846441864967346,1.392322063446045,0.806817675275462,2.9802322387695312e-08,0.0,False,1.0043549537658691,0.8723716285854253,4.158147811889648,0.31200629472732544,0.5142714381217957,2
69,14,0.023149129680129853,0.8009991645812988,1.400499701499939,0.10429586683000835,1.1920928955078125e-07,0.0,False,0.9962671399116516,0.8653466427303306,4.034955978393555,0.32312101125717163,0.5140590071678162,2
69,15,0.017604505109858073,0.8048426508903503,1.402421236038208,0.18602138544831964,8.940696716308594e-08,0.0,False,0.9806912541389465,0.8518176002466482,3.847027540206909,0.3400123715400696,0.5098540186882019,2
69,16,-0.007652921187564598,0.7952582836151123,1.3976292610168457,0.38868992243494294,1.1920928955078125e-07,0.0,False,0.956636905670166,0.8309242586351095,3.6587533950805664,0.35761335492134094,0.5045256614685059,2
69,17,0.052709038368417324,0.7909876704216003,1.3954938650131226,0.4241305568388529,2.9802322387695312e-08,0.0,False,0.9817321300506592,0.8527216935762538,3.8103129863739014,0.3425097167491913,0.5043984651565552,2
69,18,0.0486090044943427,0.7988304495811462,1.3994152545928955,0.40525074728897637,2.9802322387695312e-08,0.0,False,0.9669190645217896,0.8398552283377351,3.7146646976470947,0.3523973524570465,0.5012861490249634,2
69,19,0.0718230062686754,0.7945547103881836,1.3972773551940918,0.3691167171512333,0.0,0.0,False,0.9699756503105164,0.8425101450207511,3.7221291065216064,0.3513505458831787,0.5002039670944214,2
69,20,-0.022331992858865862,0.7989270687103271,1.3994636535644531,0.7569356134959631,1.1920928955078125e-07,0.0,False,0.9289603233337402,0.8068846846618081,3.5022950172424316,0.37457627058029175,0.5027374029159546,2
69,21,0.028637322889787254,0.7926610112190247,1.39633047580719,0.3754489357982363,2.9802322387695312e-08,0.0,False,0.9475808143615723,0.823058237669241,3.6045584678649902,0.363026887178421,0.5028766393661499,2
69,22,0.011075099756539091,0.7997444868087769,1.3998724222183228,0.3702819219657353,1.7881393432617188e-07,0.0,False,0.930980920791626,0.8086397533140232,3.4959867000579834,0.3754132091999054,0.5003997683525085,2
69,23,0.020862996130539328,0.8016961216926575,1.4008480310440063,0.4871694828782762,2.9802322387695312e-08,0.0,False,0.9440873861312866,0.8200238844625648,3.681363821029663,0.35570454597473145,0.5098339319229126,2
69,24,0.0010629921989146925,0.8098212480545044,1.4049105644226074,0.3562218546867371,5.960464477539063e-08,0.0,False,0.907593846321106,0.7883259985332086,3.415562629699707,0.3853704333305359,0.5042893290519714,2
70,1,0.03050575780431065,0.7508608102798462,1.3754303455352783,1.1307272123438972,5.960464477539063e-08,0.0,False,1.0457491874694824,0.908326203145611,4.46241569519043,0.2878336012363434,0.5081356167793274,2
70,2,0.01312613923341785,0.7833853363990784,1.3916926383972168,0.6143162335668292,2.9802322387695312e-08,0.0,False,0.9843340516090393,0.854981693926553,3.933818817138672,0.33075377345085144,0.5045949220657349,2
70,3,-0.0035887619746233406,0.8121863007545471,1.4060933589935303,0.1973000174122198,2.086162567138672e-07,0.0,False,0.932807445526123,0.8102262525405269,3.6153013706207275,0.36344781517982483,0.505580723285675,2
70,4,-0.03646209146698832,0.8143219351768494,1.407160997390747,0.10698040149041577,2.9802322387695312e-08,0.0,False,0.9154530763626099,0.7951524390112754,3.4883151054382324,0.37730851769447327,0.5083165168762207,2
70,5,0.014075891645143444,0.8086990714073181,1.404349446296692,0.11448049119540632,8.940696716308594e-08,0.0,False,0.90677410364151,0.7876139790885505,3.4355833530426025,0.3827800154685974,0.5100287199020386,2
70,6,-0.0006735979744581996,0.8188446164131165,1.4094223976135254,0.044246387268815746,8.940696716308594e-08,0.0,False,0.9165298938751221,0.7960877508186771,3.517195224761963,0.37448829412460327,0.5078613758087158,2
70,7,0.00209541218503579,0.8083957433700562,1.4041979312896729,0.4234042486974171,5.960464477539063e-08,0.0,False,0.9500971436500549,0.8252438935185201,3.7433881759643555,0.3503645062446594,0.5005178451538086,3
70,8,0.03520649803511755,0.8028112053871155,1.4014055728912354,0.20874825545719677,2.9802322387695312e-08,0.0,False,0.9999744296073914,0.8685667536456837,4.166479587554932,0.31275099515914917,0.5083484053611755,2
70,9,0.0208258194023783,0.7967163920402527,1.3983582258224487,1.3302008105175835,2.9802322387695312e-08,0.0,False,1.0552403926849365,0.9165701592489771,4.6960835456848145,0.27568474411964417,0.5028105974197388,7
70,10,-0.022460269086703098,0.7702972292900085,1.385148525238037,1.0681971162557602,8.940696716308594e-08,0.0,False,0.9837514162063599,0.8544756232458627,3.961209535598755,0.32752272486686707,0.5000004172325134,2
70,11,-0.03326979694457774,0.7660984396934509,1.3830492496490479,0.1770112237759999,2.9802322387695312e-08,0.0,False,0.9450071454048157,0.8208227772169109,3.5894038677215576,0.362430214881897,0.5004017949104309,2
70,12,0.009950188524835034,0.7565751075744629,1.3782875537872314,0.31170888032232,0.0,0.0,False,0.922498345375061,0.8012718819225385,3.4590394496917725,0.3755665421485901,0.5064178109169006,2
70,13,-0.015507124604739672,0.7914139628410339,1.3957070112228394,0.5047164538076946,2.9802322387695312e-08,0.0,False,0.9783366918563843,0.8497724534334196,3.9279487133026123,0.33179494738578796,0.5072219371795654,2
70,14,-0.014177585231786999,0.7834251523017883,1.3917127847671509,0.1553967275789805,2.086162567138672e-07,0.0,False,0.9868915677070618,0.8572031241840528,3.9994020462036133,0.3249826729297638,0.5093834400177002,2
70,15,-0.004166970615193452,0.7782728672027588,1.3891363143920898,0.547677969293935,1.1920928955078125e-07,0.0,False,1.0022566318511963,0.8705490493278271,4.367125988006592,0.2963014245033264,0.5031951665878296,2
70,16,0.01118580709192142,0.7839644551277161,1.3919821977615356,0.305975209389414,2.9802322387695312e-08,0.0,False,0.979668378829956,0.850929142041909,3.9081647396087646,0.33313649892807007,0.5016450881958008,2
70,17,0.02107037985142131,0.790479302406311,1.3952394723892212,0.44868119167430065,1.7881393432617188e-07,0.0,False,0.9851962327957153,0.8557305749901014,3.842226028442383,0.3394824266433716,0.5054686069488525,2
70,18,0.005355978709460214,0.7960442304611206,1.398022174835205,0.05814299838883555,5.960464477539063e-08,0.0,False,0.9704007506370544,0.8428793824728925,3.7426624298095703,0.3493959605693817,0.5027453303337097,2
70,19,0.037415307270786555,0.7972317337989807,1.3986159563064575,0.5920116262776514,8.940696716308594e-08,0.0,False,1.0168532133102417,0.8832274788924566,4.055393218994141,0.32152819633483887,0.5005873441696167,2
70,20,0.08322723162341268,0.7925909161567688,1.396295428276062,0.4855336461748395,2.9802322387695312e-08,0.0,False,1.0187733173370361,0.8848952600594906,4.049949645996094,0.3216632008552551,0.5000350475311279,2
70,21,0.03844522884707682,0.7877717614173889,1.393885850906372,0.5231059278760637,2.9802322387695312e-08,0.0,False,1.0206354856491089,0.8865127189041072,4.078802108764648,0.31883999705314636,0.5040920972824097,2
70,22,-0.04820184754401391,0.7829285860061646,1.3914642333984375,0.5512612632342748,5.960464477539063e-08,0.0,False,1.0258280038833618,0.8910228829367434,4.1338090896606445,0.3141086995601654,0.5029908418655396,2
70,23,-0.016716137309113643,0.786055326461792,1.3930277824401855,0.5057863763400487,1.1920928955078125e-07,0.0,False,1.0378000736236572,0.9014216905870858,4.195761680603027,0.3094945549964905,0.5026276707649231,2
70,24,-0.0031101206412120627,0.7822113633155823,1.3911055326461792,0.16472936953817108,1.4901161193847656e-07,0.0,False,1.0295649766921997,0.8942687762765449,4.1732025146484375,0.3110317885875702,0.5005718469619751,2
71,1,0.01888517344909424,0.7947535514831543,1.3973767757415771,1.1672764729176248,0.0,0.0,False,1.013455867767334,0.8802765820476497,4.125123023986816,0.31553852558135986,0.5060095191001892,2
71,2,-0.012774796625188408,0.7947974801063538,1.3973987102508545,0.44086507175649914,2.9802322387695312e-08,0.0,False,1.0095983743667603,0.8769260058519549,4.077629089355469,0.31942057609558105,0.5044847726821899,2
71,3,-8.199644112216568e-05,0.7945616245269775,1.3972806930541992,0.5893894646848951,1.1920928955078125e-07,0.0,False,0.9598497152328491,0.8337148695640682,3.755788803100586,0.34794890880584717,0.5049459934234619,2
71,4,0.027574591642406457,0.8106187582015991,1.4053094387054443,0.3393598166959627,5.960464477539063e-08,0.0,False,0.9452905058860779,0.8210689010037141,3.6930508613586426,0.35528069734573364,0.508639931678772,2
71,5,0.015931973735023343,0.7955844402313232,1.3977924585342407,0.5357622216854776,2.384185791015625e-07,0.0,False,1.0625888109207153,0.922952914230009,4.686330318450928,0.27617567777633667,0.5045072436332703,2
71,6,0.015209325678941465,0.8112677931785583,1.4056339263916016,0.7019659770386559,2.9802322387695312e-08,0.0,False,1.1300526857376099,0.9815512913515871,5.911885738372803,0.2167052924633026,0.5029040575027466,2
71,7,0.007763813504614561,0.8072269558906555,1.403613567352295,0.25878140968935837,8.940696716308594e-08,0.0,False,1.0858299732208252,0.9431399313099202,4.998431205749512,0.258750319480896,0.501560389995575,2
71,8,0.0299330116324971,0.7935432195663452,1.3967715501785278,0.4248304154191699,5.960464477539063e-08,0.0,False,1.1135331392288208,0.9672025955669648,5.5764007568359375,0.22989918291568756,0.5004767179489136,2
71,9,0.001198688840775032,0.7428573369979858,1.3714288473129272,1.2690230182238986,1.7881393432617188e-07,0.0,False,0.9953413605690002,0.8645425210103835,4.018002033233643,0.32058829069137573,0.5038175582885742,6
71,10,-0.013905052965692544,0.7496477961540222,1.3748239278793335,0.43419361220938824,2.9802322387695312e-08,0.0,False,1.0419389009475708,0.9050166303237379,4.543115615844727,0.2825824022293091,0.5016294121742249,1
71,11,0.08367891080085607,0.7615911364555359,1.3807955980300903,0.972996039049966,2.9802322387695312e-08,0.0,False,0.9475352168083191,0.8230186321377088,3.5931663513183594,0.3616607189178467,0.5000451803207397,2
71,12,0.052253935417283404,0.7788277268409729,1.389413833618164,0.3657415349568639,2.9802322387695312e-08,0.0,False,0.9357099533081055,0.8127473387673193,3.5376758575439453,0.3690086305141449,0.5010145902633667,2
71,13,-0.022666967551846214,0.7790176272392273,1.389508843421936,0.24667935818433762,2.9802322387695312e-08,0.0,False,0.9750298857688904,0.8469001981603742,3.786949872970581,0.34388482570648193,0.5000045299530029,2
71,14,0.029980402713923243,0.7806474566459656,1.3903238773345947,0.6153931021690369,1.4901161193847656e-07,0.0,False,1.026347041130066,0.8914737129610351,4.119241237640381,0.31518498063087463,0.5000878572463989,2
71,15,0.009760273292339859,0.8039571642875671,1.4019783735275269,0.4811020536082131,2.086162567138672e-07,0.0,False,1.0313080549240112,0.8957827947917477,4.16816520690918,0.3129138946533203,0.5005747675895691,2
71,16,0.030674041757971553,0.7888405323028564,1.3944202661514282,0.5015414250748499,0.0,0.0,False,1.0366064310073853,0.9003849057838628,4.179308891296387,0.3110254406929016,0.5000999569892883,2
71,17,0.02286174662720733,0.7805644869804382,1.3902822732925415,0.3058497927018574,2.9802322387695312e-08,0.0,False,0.9897940158843994,0.8597241586389086,3.8432276248931885,0.3387680649757385,0.5002393126487732,2
71,18,0.0062441010859665,0.7885361313819885,1.3942680358886719,0.6763887341533389,2.9802322387695312e-08,0.0,False,1.0392234325408936,0.9026580044341328,4.184606075286865,0.31059640645980835,0.500000536441803,2
71,19,-0.020932963035403075,0.7667051553726196,1.383352518081665,0.6741204879113606,5.960464477539063e-08,0.0,False,1.0332603454589844,0.8974785328045694,4.193359851837158,0.30836722254753113,0.5020678043365479,2
71,20,-0.04409071576434003,0.7640433311462402,1.3820216655731201,0.5813600910561425,0.0,0.0,False,1.0372700691223145,0.9009613345264517,4.145063877105713,0.31194227933883667,0.5013797283172607,2
71,21,0.04021771534520835,0.7968425750732422,1.398421287536621,0.5496629561696732,0.0,0.0,False,1.0338263511657715,0.8979701591149362,4.183309555053711,0.311167448759079,0.5034826993942261,2
71,22,0.06005192579810168,0.7604396939277649,1.3802199363708496,1.007576978632382,8.940696716308594e-08,0.0,False,1.0210182666778564,0.8868451982812319,4.1008758544921875,0.3151611387729645,0.5023109912872314,2
71,23,0.045709486138547493,0.7444732189178467,1.372236728668213,0.467599276985441,1.1920928955078125e-07,0.0,False,1.0344208478927612,0.8984865324110185,4.580094337463379,0.2797176241874695,0.5082566738128662,2
71,24,-0.01784471818539679,0.7408946752548218,1.3704475164413452,0.30178362769739964,1.7881393432617188e-07,0.0,False,1.0421819686889648,0.9052277562813701,4.587049961090088,0.2791541814804077,0.504191517829895,2
72,1,-0.004969408530520986,0.7871044278144836,1.393552303314209,1.1460554003715515,8.940696716308594e-08,0.0,False,1.0241957902908325,0.8896051602236974,4.286746501922607,0.3023630380630493,0.5153544545173645,2
72,2,0.03669448648478264,0.771844208240509,1.3859220743179321,0.34543178124087204,2.9802322387695312e-08,0.0,False,1.0022166967391968,0.8705143621302759,4.11368465423584,0.31464311480522156,0.5139975547790527,2
72,3,-0.007108169066462927,0.7999129295349121,1.3999565839767456,0.10998276621103287,1.1920928955078125e-07,0.0,False,0.998772919178009,0.8675231349468238,4.212615013122559,0.3089178502559662,0.5104770064353943,2
72,4,0.010302647900002015,0.7966467142105103,1.3983232975006104,0.5347331081117903,5.960464477539063e-08,0.0,False,0.9844231009483337,0.8550590411998984,4.090220928192139,0.3184314966201782,0.5078397989273071,2
72,5,-0.03205899452419175,0.7877310514450073,1.3938655853271484,0.39386195157255444,5.960464477539063e-08,0.0,False,1.0621299743652344,0.9225543738617273,4.940160751342773,0.2609425485134125,0.5012607574462891,3
72,6,-0.01884645277329631,0.7768986225128174,1.3884490728378296,0.185093172958919,2.384185791015625e-07,0.0,False,1.0642199516296387,0.9243697050481954,4.8158392906188965,0.2674504816532135,0.5002681016921997,3
72,7,-0.024973065977672362,0.773242175579071,1.3866209983825684,0.4259030776364463,8.940696716308594e-08,0.0,False,1.0742087364196777,0.9330458532786616,4.953742980957031,0.2591899335384369,0.5097935795783997,3
72,8,-0.019700379684942156,0.7464308738708496,1.3732154369354248,0.6968231797218323,0.0,0.0,False,1.0803062915802002,0.9383421223972928,5.076454162597656,0.25116124749183655,0.5117267370223999,7
72,9,0.012063665159489024,0.750332236289978,1.3751662969589233,0.811129452926772,1.7881393432617188e-07,0.0,False,1.0697962045669556,0.9292131768089424,4.956057071685791,0.25800567865371704,0.5027555823326111,3
72,10,-0.0032770030906682296,0.7473995089530945,1.3736997842788696,0.7341547289064954,2.9802322387695312e-08,0.0,False,1.0097349882125854,0.8770446671307419,4.125030517578125,0.31233373284339905,0.5014307498931885,1
72,11,-0.023037441528443007,0.7526531219482422,1.376326560974121,0.8052449066724097,0.0,0.0,False,1.044338345527649,0.9071007614052591,4.586364269256592,0.28002509474754333,0.5000013113021851,2
72,12,0.024626947145785658,0.7453942894935608,1.372697114944458,0.481072757925306,2.9802322387695312e-08,0.0,False,1.017564058303833,0.8838449110088671,4.351334095001221,0.2948816418647766,0.5188035368919373,6
72,13,-0.03714922596454417,0.7713813185691833,1.3856908082962036,0.5864138816084181,1.4901161193847656e-07,0.0,False,1.0016419887542725,0.8700151771171591,4.165247440338135,0.31091567873954773,0.5000008940696716,6
72,14,0.03117364762079141,0.7427469491958618,1.3713735342025757,0.23982260589088727,5.960464477539063e-08,0.0,False,0.9621728658676147,0.8357327325666856,3.7978954315185547,0.33994051814079285,0.5011622905731201,6
72,15,0.10072211569818097,0.7825694680213928,1.391284704208374,0.7193786544459208,2.9802322387695312e-08,0.0,False,0.9677234888076782,0.840553942394676,3.8995532989501953,0.333570271730423,0.5100932121276855,6
72,16,-0.06631093179849973,0.7904046773910522,1.3952021598815918,0.5587448190365518,1.7881393432617188e-07,0.0,False,0.9113809466362,0.7916154320717274,3.4431211948394775,0.3801088035106659,0.5169599056243896,6
72,17,0.060954239689049686,0.7896806001663208,1.3948403596878052,1.1191397458314896,5.960464477539063e-08,0.0,False,0.9776431322097778,0.8491700351786357,3.9869799613952637,0.3267461657524109,0.5000596642494202,6
72,18,0.08009821803930078,0.7951870560646057,1.3975934982299805,1.1725941396185329,2.9802322387695312e-08,0.0,False,0.9553882479667664,0.8298396883343646,3.781878709793091,0.345375120639801,0.5095480680465698,6
72,19,0.07245138127885448,0.7765181660652161,1.3882591724395752,0.20245383041245602,8.940696716308594e-08,0.0,False,0.9251266717910767,0.8035548172407707,3.526008129119873,0.3699078857898712,0.5072563886642456,6
72,20,0.05055175434313452,0.7694797515869141,1.3847399950027466,0.08553129434585571,1.1920928955078125e-07,0.0,False,0.9113636612892151,0.7916004182101007,3.4417805671691895,0.37859776616096497,0.5095331072807312,1
72,21,0.011284904198612533,0.7756372094154358,1.387818455696106,0.24020817875862122,1.4901161193847656e-07,0.0,False,0.9093600511550903,0.7898601045598291,3.421574592590332,0.3814915418624878,0.5086328983306885,1
72,22,0.009378268768032005,0.780230700969696,1.3901153802871704,0.1676532285554068,2.9802322387695312e-08,0.0,False,0.9320915937423706,0.8096044715814383,3.538046360015869,0.3690246045589447,0.5034708976745605,1
72,23,-0.020089427390254405,0.7794197797775269,1.3897099494934082,0.16447731107473373,5.960464477539063e-08,0.0,False,0.9619225263595581,0.8355152904327828,3.8042047023773193,0.34224462509155273,0.5019487142562866,1
72,24,0.013762801163565652,0.7891919016838074,1.394595980644226,0.27697480789252693,2.9802322387695312e-08,0.0,False,1.0120139122009277,0.8790241153563699,4.1951799392700195,0.30974897742271423,0.5027652978897095,1
73,1,0.010104337836200565,0.8182312846183777,1.4091156721115112,1.3338483944535255,2.9802322387695312e-08,0.0,False,0.9861218929290771,0.8565345931661752,4.136026382446289,0.31566107273101807,0.5273077487945557,2
73,2,0.024573660781279004,0.8379191756248474,1.4189597368240356,0.20084372375692644,1.4901161193847656e-07,0.0,False,1.0350676774978638,0.8990483614674739,4.528306484222412,0.2882970869541168,0.5219207406044006,2
73,3,0.04854526138912759,0.8489546775817871,1.424477458000183,0.32808380680424826,1.1920928955078125e-07,0.0,False,1.0429775714874268,0.9059188080916877,4.660739421844482,0.28039830923080444,0.5176181793212891,2
73,4,0.057800182789130516,0.8341777324676514,1.4170891046524048,0.24455897935799187,2.384185791015625e-07,0.0,False,1.0012576580047607,0.8696813516696819,4.314412593841553,0.3034095764160156,0.5126522779464722,2
73,5,-0.012178419496026511,0.806753933429718,1.403376817703247,0.07586833196026943,1.4901161193847656e-07,0.0,False,0.9887980222702026,0.8588590495775955,4.188601493835449,0.311206579208374,0.5112624168395996,2
73,6,-0.033479436607300087,0.8244487643241882,1.412224292755127,1.017910205892154,8.940696716308594e-08,0.0,False,1.051269769668579,0.913121319917533,4.758254528045654,0.27299246191978455,0.5182552337646484,1
73,7,-0.017558420284394714,0.7944154143333435,1.3972077369689941,0.795337978218283,2.9802322387695312e-08,0.0,False,1.064772129058838,0.9248493202692609,5.0332560539245605,0.25604861974716187,0.5071964263916016,1
73,8,0.04277205687188788,0.7810964584350586,1.3905482292175293,0.6688401965158327,0.0,0.0,False,1.0482804775238037,0.9105248537509876,4.611361026763916,0.2801395356655121,0.5005700588226318,1
73,9,-0.013235402454398987,0.7890660166740417,1.3945329189300537,1.0211866008383885,8.940696716308594e-08,0.0,False,0.9492051601409912,0.82446912648665,3.656219244003296,0.3574613630771637,0.5009098052978516,1
73,10,-0.01768101541052071,0.7612358331680298,1.3806179761886597,0.44806998116629465,5.960464477539063e-08,0.0,False,0.9718425273895264,0.8441316938483624,3.7611615657806396,0.3449079096317291,0.5000025629997253,1
73,11,0.004559052951596742,0.7491022944450378,1.3745510578155518,0.4005505293607712,8.940696716308594e-08,0.0,False,0.9374285340309143,0.8142400790165617,3.542048692703247,0.3659689724445343,0.50008624792099,1
73,12,-0.03274079145096748,0.7706093192100525,1.3853046894073486,0.41960135740893223,2.9802322387695312e-08,0.0,False,0.9035683870315552,0.7848295290200524,3.3745362758636475,0.38648682832717896,0.5104359984397888,6
73,13,-0.027235547583088875,0.7421141862869263,1.3710569143295288,0.3953914546540804,1.7881393432617188e-07,0.0,False,0.9329261779785156,0.8103293822383207,3.5366463661193848,0.3659110367298126,0.5008528232574463,6
73,14,0.010873151667681501,0.7388289570808411,1.3694144487380981,0.13904918889914242,2.9802322387695312e-08,0.0,False,0.9453786015510559,0.8211454199260733,3.6925411224365234,0.3496890366077423,0.5000773668289185,6
73,15,-0.013400695420541169,0.7954766750335693,1.3977384567260742,0.21098365900771954,1.1920928955078125e-07,0.0,False,0.9200390577316284,0.7991357718166272,3.460420846939087,0.37898164987564087,0.5024408102035522,6
73,16,-0.005528954260814117,0.7853915095329285,1.3926957845687866,0.4644824042916298,2.9802322387695312e-08,0.0,False,0.9782491326332092,0.8496964004584903,3.844252109527588,0.3389211893081665,0.5049089789390564,6
73,17,0.014867708159100414,0.7803640365600586,1.3901820182800293,0.12502498924732208,0.0,0.0,False,1.0080209970474243,0.8755559133206211,4.038228988647461,0.32171866297721863,0.5014490485191345,6
73,18,-0.025055489695862857,0.7832064032554626,1.3916031122207642,0.28144342345850804,8.940696716308594e-08,0.0,False,1.0269222259521484,0.8919733121496449,4.215524196624756,0.30776867270469666,0.5033179521560669,6
73,19,-0.0441884907943962,0.7868003249168396,1.3934001922607422,0.32224682186331066,2.9802322387695312e-08,0.0,False,1.009377360343933,0.8767340355108808,4.058020114898682,0.3205571174621582,0.5009983777999878,6
73,20,0.015046638340040245,0.7810683250427246,1.3905341625213623,0.5194154296602521,0.0,0.0,False,1.0034409761428833,0.8715777577089336,4.036090850830078,0.3219853341579437,0.500013530254364,6
73,21,0.0024826731075828674,0.7950324416160583,1.3975162506103516,0.26610547517027183,2.9802322387695312e-08,0.0,False,0.9838829040527344,0.8545898321380982,3.929292917251587,0.3321419954299927,0.5000432133674622,6
73,22,-0.013707397542324851,0.7898175716400146,1.3949087858200073,0.10180465238434949,0.0,0.0,False,0.9921016693115234,0.8617285609379988,3.998602867126465,0.32576847076416016,0.5000000596046448,6
73,23,0.054119596030366146,0.7933125495910645,1.3966562747955322,0.06274363824299384,0.0,0.0,False,0.9990293383598328,0.8677458578182642,4.039076805114746,0.32261723279953003,0.5000513792037964,6
73,24,0.016260747345322832,0.8125243782997131,1.4062621593475342,0.4005565526229994,2.9802322387695312e-08,0.0,False,0.9451155662536621,0.8209169503696654,3.6143245697021484,0.3636634349822998,0.5025700330734253,6
74,1,0.13371664402163821,0.7846226692199707,1.3923113346099854,1.3522727244666646,0.0,0.0,False,0.9684314727783203,0.8411688894581276,3.854600429534912,0.3378889858722687,0.5059106349945068,2
74,2,0.005890232643034132,0.7469356656074524,1.373468041419983,0.7095842702048165,2.086162567138672e-07,0.0,False,1.070873498916626,0.9301489027918373,4.814664363861084,0.26564931869506836,0.5070939064025879,2
74,3,-0.1113606538807232,0.7958968281745911,1.3979482650756836,0.8463554935795919,1.4901161193847656e-07,0.0,False,0.9486548900604248,0.8239911679675571,3.636460065841675,0.359920471906662,0.5053497552871704,2
74,4,-0.003439830799215976,0.8212392330169678,1.4106197357177734,0.1935618157897676,1.1920928955078125e-07,0.0,False,0.9018914699554443,0.7833729773545239,3.411672353744507,0.3865616023540497,0.5138821005821228,2
74,5,-0.06463364062689912,0.8018109798431396,1.4009056091308594,0.10631278263671062,1.1920928955078125e-07,0.0,False,0.9360788464546204,0.8130677552832061,3.6537373065948486,0.35827845335006714,0.518173336982727,2
74,6,0.011780589489874673,0.8007190227508545,1.4003593921661377,0.38242990097829266,1.1920928955078125e-07,0.0,False,0.9401949644088745,0.816642969911997,3.6215648651123047,0.36181390285491943,0.5068976879119873,3
74,7,0.02460763325378168,0.7897292375564575,1.3948644399642944,0.5965193541986602,1.7881393432617188e-07,0.0,False,1.0180788040161133,0.8842920134537204,4.135090351104736,0.31447067856788635,0.5033180713653564,3
74,8,-0.07061176713390423,0.7879557013511658,1.3939778804779053,0.22035448891775958,2.9802322387695312e-08,0.0,False,0.972393274307251,0.8446100665429485,3.7980222702026367,0.34352779388427734,0.5006452798843384,3
74,9,-0.014180867940234071,0.7971886396408081,1.3985943794250488,0.38608432028974815,5.960464477539063e-08,0.0,False,0.9589725732803345,0.8329529937444222,3.73059344291687,0.35052967071533203,0.5075482726097107,3
74,10,-0.04408044524068184,0.7644612193107605,1.382230520248413,0.6063697274242128,8.940696716308594e-08,0.0,False,1.0434284210205078,0.9063104110204592,4.519867897033691,0.2850289046764374,0.5014797449111938,3
74,11,-0.07440811387166313,0.791512131690979,1.3957558870315552,0.6003786410604204,1.7881393432617188e-07,0.0,False,0.9548173546791077,0.8293438167251931,3.7094361782073975,0.35235291719436646,0.5002633333206177,3
74,12,-0.008406229448273298,0.7780353426933289,1.3890177011489868,0.07598847470113215,2.9802322387695312e-08,0.0,False,0.950080156326294,0.8252291385165768,3.6552329063415527,0.3566576838493347,0.5006222128868103,2
74,13,0.009767843653321295,0.7484492659568787,1.3742245435714722,0.19843221987996776,8.940696716308594e-08,0.0,False,0.9931824207305908,0.8626672896932189,3.987408399581909,0.3234793245792389,0.507142186164856,2
74,14,0.012815848866179279,0.7791638970375061,1.3895819187164307,0.4453155483518329,2.9802322387695312e-08,0.0,False,0.9516801238059998,0.8266188526118985,3.660950183868408,0.3559495210647583,0.5090378522872925,2
74,15,-0.059071968700498356,0.7550715804100037,1.3775358200073242,0.17181068445955006,2.9802322387695312e-08,0.0,False,0.9930760860443115,0.8625749285582469,3.932889223098755,0.3285519778728485,0.5106716752052307,2
74,16,0.0022899229248620765,0.781248927116394,1.3906246423721313,0.16876301169395447,1.7881393432617188e-07,0.0,False,0.9420090317726135,0.8182186488037423,3.603153944015503,0.3619747757911682,0.5119022130966187,2
74,17,0.012226679312789174,0.7836214303970337,1.3918108940124512,0.037127775805337104,1.7881393432617188e-07,0.0,False,0.9363613724708557,0.8133131542628963,3.565552234649658,0.3661820888519287,0.5102434754371643,2
74,18,0.058261137897424146,0.7589208483695984,1.3794604539871216,0.17251154780387884,2.9802322387695312e-08,0.0,False,0.9833911657333374,0.8541627136607893,3.853996515274048,0.3357788026332855,0.5130740404129028,2
74,19,-0.027908209040372004,0.7703471183776855,1.3851735591888428,0.09827807652098797,0.0,0.0,False,0.9895395636558533,0.8595031442413774,3.940849781036377,0.328976035118103,0.5118849873542786,2
74,20,0.09155056198983175,0.7808758020401001,1.3904378414154053,0.04760003515652245,5.960464477539063e-08,0.0,False,0.9749552011489868,0.8468353279237599,3.871500253677368,0.3358621895313263,0.5136723518371582,2
74,21,-0.06394038923990261,0.7727866172790527,1.3863933086395264,0.22493394996438718,0.0,0.0,False,1.0196843147277832,0.88568654233915,4.121246814727783,0.3142142593860626,0.5099034309387207,2
74,22,0.02155910501507493,0.7792186141014099,1.3896093368530273,0.3724333196878433,2.9802322387695312e-08,0.0,False,1.0006455183029175,0.8691496538803529,4.015074253082275,0.3233315646648407,0.5103274583816528,2
74,23,-0.012931332666745222,0.7967004776000977,1.3983503580093384,0.49080268825803475,1.1920928955078125e-07,0.0,False,0.9901419281959534,0.8600263514330968,3.9010262489318848,0.3344726264476776,0.5109548568725586,2
74,24,0.014367271357952878,0.7756869792938232,1.3878436088562012,0.4426746602569306,1.1920928955078125e-07,0.0,False,1.014207363128662,0.8809293226248511,4.028119087219238,0.32210955023765564,0.5056490898132324,2
75,1,0.04491761846531823,0.7891364693641663,1.3945682048797607,1.3796129141535078,2.9802322387695312e-08,0.0,False,0.9600156545639038,0.8338590026356837,3.700145721435547,0.35307061672210693,0.5005902051925659,2
75,2,0.02740737239522125,0.8059660792350769,1.4029829502105713,0.06256256039653493,8.940696716308594e-08,0.0,False,0.9645601511001587,0.8378063021731316,3.758460760116577,0.34864020347595215,0.5030702948570251,2
75,3,-0.13222846466128194,0.8187434673309326,1.4093718528747559,0.06295526240553162,1.1920928955078125e-07,0.0,False,0.9589331150054932,0.8329187207223642,3.7469398975372314,0.35070717334747314,0.5048227906227112,2
75,4,0.1189956084713986,0.806286633014679,1.4031434059143066,0.33739644608327324,8.940696716308594e-08,0.0,False,0.9530397653579712,0.8277998222586737,3.7667078971862793,0.3473469018936157,0.5216935276985168,2
75,5,-0.16226835268332723,0.7921952605247498,1.3960977792739868,0.3400597253016063,1.4901161193847656e-07,0.0,False,1.0198800563812256,0.8858565613790873,4.253490924835205,0.3051373362541199,0.516601026058197,2
75,6,-0.044240309495256855,0.7729051113128662,1.3864526748657227,0.36530877436910353,1.1920928955078125e-07,0.0,False,0.9649016857147217,0.8381029553700988,3.8299567699432373,0.33846279978752136,0.5356497764587402,2
75,7,-0.1260873232422014,0.7569258213043213,1.3784629106521606,0.3480740594012396,0.0,0.0,False,0.9624084830284119,0.8359373870322374,3.7343993186950684,0.34677284955978394,0.5137102603912354,2
75,8,0.04058739767565957,0.7338622808456421,1.3669310808181763,0.05350580705063676,5.960464477539063e-08,0.0,False,0.9656709432601929,0.83877112398442,3.7313406467437744,0.34529760479927063,0.5091545581817627,2
75,9,0.0947043472290529,0.767062246799469,1.383531093597412,0.5292329202805246,2.9802322387695312e-08,0.0,False,1.0070619583129883,0.874722902860027,4.020016670227051,0.322158545255661,0.5056126117706299,2
75,10,0.019498557602924457,0.7644820213317871,1.382241129875183,0.41554957841123863,1.1920928955078125e-07,0.0,False,1.0338332653045654,0.8979761646595867,4.248352527618408,0.3039649724960327,0.5056331753730774,2
75,11,-0.011459221097103255,0.7882318496704102,1.394115924835205,0.20227780299527298,0.0,0.0,False,1.0191079378128052,0.8851859077118073,4.11486291885376,0.3160687983036041,0.5000162720680237,2
75,12,-0.05830543125353974,0.7725861668586731,1.3862931728363037,0.07324721770627152,8.940696716308594e-08,0.0,False,1.0242764949798584,0.8896752594259127,4.110332489013672,0.3153257668018341,0.5001412630081177,2
75,13,0.09428869766502614,0.7792890071868896,1.3896446228027344,0.1034746382917675,1.1920928955078125e-07,0.0,False,1.0129992961883545,0.8798800090129604,4.074369430541992,0.3186706304550171,0.501417875289917,2
75,14,-0.027256749127580582,0.7968806028366089,1.3984403610229492,0.8358518587691443,5.960464477539063e-08,0.0,False,0.9487680196762085,0.8240894311033065,3.645291566848755,0.3592226803302765,0.5007461905479431,2
75,15,-0.0759468225636053,0.7739119529724121,1.386955976486206,0.17859692126512527,0.0,0.0,False,0.9664485454559326,0.8394465406698712,3.7280337810516357,0.3490633964538574,0.5020264983177185,2
75,16,0.07172823374692198,0.7851271629333496,1.3925635814666748,0.39354588942868374,0.0,0.0,False,0.9549899101257324,0.8294936964817761,3.6628170013427734,0.3564004898071289,0.5034554600715637,2
75,17,0.04442063617203619,0.8045293092727661,1.4022645950317383,0.39847387586321165,5.960464477539063e-08,0.0,False,0.9596990346908569,0.8335839901082334,3.699057102203369,0.3542931079864502,0.5051400065422058,2
75,18,0.01930118799082235,0.779100239276886,1.3895503282546997,0.7108018398284913,2.086162567138672e-07,0.0,False,1.0164068937301636,0.8828398106308699,4.4116106033325195,0.29303088784217834,0.5107547044754028,1
75,19,-0.01775441044213237,0.8164459466934204,1.4082229137420654,0.6061666969742093,5.960464477539063e-08,0.0,False,0.9291267991065979,0.8070292836808535,3.578618049621582,0.36777517199516296,0.5021116733551025,2
75,20,0.03646237285387753,0.7958327531814575,1.397916555404663,0.5479946509003639,1.7881393432617188e-07,0.0,False,0.9775778651237488,0.849113344908011,3.9284372329711914,0.3321191370487213,0.5057757496833801,2
75,21,-0.03495430149799572,0.8063058853149414,1.4031530618667603,0.37930579057761604,1.1920928955078125e-07,0.0,False,0.9623165130615234,0.8358575029339964,3.9602017402648926,0.3301730155944824,0.5034543871879578,2
75,22,0.022251581783034387,0.7856627702713013,1.3928313255310059,0.24087708124092647,5.960464477539063e-08,0.0,False,0.9553311467170715,0.8297900908190602,3.8413188457489014,0.3393019735813141,0.501541793346405,2
75,23,0.0063871284619647795,0.7851568460464478,1.3925784826278687,0.2750899142452648,5.960464477539063e-08,0.0,False,0.9614562392234802,0.8351102785724207,4.074071884155273,0.3191203773021698,0.5011328458786011,6
75,24,0.012179886713450466,0.7760450839996338,1.3880224227905273,0.22669817507267,1.1920928955078125e-07,0.0,False,0.9478402733802795,0.8232836009094502,3.7636446952819824,0.3458385467529297,0.5007898211479187,2
76,1,0.04324457558321743,0.6763564348220825,1.3381781578063965,1.1122589696730887,5.960464477539063e-08,0.0,False,1.028483510017395,0.8933294262580851,4.278824329376221,0.29546618461608887,0.5132235288619995,2
76,2,-0.01325189862451584,0.6795788407325745,1.3397893905639648,0.6510881941233362,2.9802322387695312e-08,0.0,False,1.074838638305664,0.9335929791051102,4.911736011505127,0.2561227083206177,0.5167368650436401,2
76,3,-0.05451284187545341,0.7183485627174377,1.359174370765686,0.5634534710219928,8.940696716308594e-08,0.0,False,1.0118526220321655,0.8788840204958125,4.3803935050964355,0.29096752405166626,0.5231666564941406,2
76,4,0.049651407776576506,0.7291488647460938,1.3645745515823364,0.5513949958341462,1.1920928955078125e-07,0.0,False,1.0024865865707397,0.8707487854593977,4.400755882263184,0.2904094457626343,0.517276406288147,6
76,5,-0.05152582537902484,0.7436507344245911,1.3718252182006836,0.6251539109008654,1.4901161193847656e-07,0.0,False,1.0774966478347778,0.9359016968477909,5.028321743011475,0.2535248398780823,0.5122853517532349,6
76,6,-0.007522467992130742,0.7786247730255127,1.3893123865127563,0.5901670003575938,0.0,0.0,False,0.9769113063812256,0.8485343793405267,4.161973476409912,0.311633825302124,0.5015133023262024,6
76,7,0.12684358160568412,0.7835739850997925,1.3917871713638306,0.3062944428196976,1.7881393432617188e-07,0.0,False,0.9837415814399719,0.8544670808763165,4.171614170074463,0.3112260401248932,0.5014399290084839,6
76,8,0.05478777942043915,0.7444334626197815,1.3722167015075684,1.0769224911928177,2.9802322387695312e-08,0.0,False,1.0615849494934082,0.922080971273059,4.854262351989746,0.2633780539035797,0.5014361143112183,7
76,9,0.09304434676935605,0.7699956297874451,1.3849977254867554,0.8130840467555183,8.940696716308594e-08,0.0,False,1.009895920753479,0.8771844513596794,4.131721019744873,0.3133411407470703,0.5040605068206787,6
76,10,0.07442050455013233,0.7357728481292725,1.3678865432739258,0.5075780312929835,1.1920928955078125e-07,0.0,False,1.0381922721862793,0.9017623499302,4.5493388175964355,0.28129565715789795,0.50229811668396,6
76,11,-0.019832987726984466,0.7008159160614014,1.3504079580307007,0.34585453676325933,0.0,0.0,False,1.0572144985198975,0.9182848457906102,4.909881114959717,0.2578083872795105,0.5001986026763916,6
76,12,0.029448382293929,0.7265288829803467,1.363264560699463,0.5283226062144553,1.1920928955078125e-07,0.0,False,1.0676623582839966,0.9273597414771048,4.969191551208496,0.2560370862483978,0.5004357099533081,7
76,13,-0.03292695468666144,0.6846113204956055,1.3423057794570923,0.5905828986849104,1.1920928955078125e-07,0.0,False,1.0479035377502441,0.910197448023654,4.648412704467773,0.27191704511642456,0.5001753568649292,1
76,14,0.02200541148504547,0.6881450414657593,1.3440725803375244,0.6426461988261767,5.960464477539063e-08,0.0,False,1.1050832271575928,0.9598630951967607,5.391809463500977,0.23306241631507874,0.5034511089324951,2
76,15,0.02356326550694094,0.6938804388046265,1.346940279006958,0.5383350423404147,5.960464477539063e-08,0.0,False,1.0890166759490967,0.9459078661306289,5.102047920227051,0.2472381889820099,0.5030343532562256,7
76,16,-0.01565957988858499,0.669092059135437,1.3345460891723633,0.4351111203432083,5.960464477539063e-08,0.0,False,1.0588173866271973,0.9196770967108275,4.843756198883057,0.2593809962272644,0.510330319404602,1
76,17,0.02790357402685851,0.6598732471466064,1.3299365043640137,0.5174181972231183,1.1920928955078125e-07,0.0,False,1.104021430015564,0.9589408299173932,5.301212787628174,0.23565594851970673,0.5080282092094421,1
76,18,0.024846603074057574,0.6718825101852417,1.3359413146972656,0.25550105529172074,5.960464477539063e-08,0.0,False,1.0901812314987183,0.9469193862287699,5.068626403808594,0.24752560257911682,0.5122109651565552,1
76,19,0.00033470657455838583,0.6782480478286743,1.3391239643096924,0.2563429368393762,5.960464477539063e-08,0.0,False,1.0757651329040527,0.934397722088297,4.832580089569092,0.26036906242370605,0.5190500020980835,1
76,20,0.050203615385151695,0.6809412837028503,1.3404704332351685,0.20497906846659525,2.086162567138672e-07,0.0,False,1.0866191387176514,0.9438253917510804,5.053986549377441,0.24857474863529205,0.5218278169631958,1
76,21,-0.003757725456474431,0.666287362575531,1.3331435918807983,0.39564494788646704,8.940696716308594e-08,0.0,False,1.0114572048187256,0.8785405654681194,4.322181701660156,0.29150721430778503,0.5221837162971497,1
76,22,-0.007217055052863375,0.6796698570251465,1.3398348093032837,0.5134310041155135,1.1920928955078125e-07,0.0,False,1.0612437725067139,0.9217846287077116,4.654778003692627,0.2709905803203583,0.5109606385231018,1
76,23,-0.002703950431184582,0.7101247906684875,1.3550622463226318,0.5675806616033827,1.4901161193847656e-07,0.0,False,1.0164246559143066,0.8828552386679898,4.257246017456055,0.2996799051761627,0.5006812810897827,1
76,24,-0.0037385897347158234,0.7259538173675537,1.362977147102356,0.16794293906007493,2.384185791015625e-07,0.0,False,1.0189136266708374,0.8850171311983495,4.4156413078308105,0.2895854115486145,0.5001461505889893,1
77,1,-0.011027691331157306,0.7994083762168884,1.3997043371200562,1.2039010248013906,1.4901161193847656e-07,0.0,False,1.0218448638916016,0.8875631714986041,4.410453796386719,0.2945753335952759,0.5039210319519043,2
77,2,0.06943317440457909,0.8075303435325623,1.403765082359314,0.28029004484415054,8.940696716308594e-08,0.0,False,1.002734899520874,0.8709644673474546,4.238951206207275,0.30768823623657227,0.5006929039955139,2
77,3,0.0073417705117287246,0.8170255422592163,1.4085127115249634,0.3406512194446155,5.960464477539063e-08,0.0,False,0.9954250454902649,0.864615208809431,4.177004337310791,0.31302109360694885,0.5034886002540588,1
77,4,0.0596253781490647,0.8224029541015625,1.4112014770507812,0.5512744369251388,0.0,0.0,False,1.076315999031067,0.9348761983267563,4.776827335357666,0.2722635269165039,0.5010110139846802,1
77,5,-0.15550816142928825,0.7848730683326721,1.3924365043640137,0.6379944171224321,2.9802322387695312e-08,0.0,False,1.0492749214172363,0.9113886167419479,4.531641483306885,0.28520339727401733,0.5128417015075684,1
77,6,0.02156296892700359,0.8205999135971069,1.4102998971939087,1.5129555069974492,5.960464477539063e-08,0.0,False,0.9966282844543457,0.8656603288944535,4.373941898345947,0.29846224188804626,0.5047597289085388,3
77,7,0.00785448108946794,0.8343438506126404,1.4171719551086426,1.1238676490528243,2.9802322387695312e-08,0.0,False,0.9835788011550903,0.8543256917173431,3.9663279056549072,0.3316492736339569,0.5038878917694092,1
77,8,-0.008575376321473784,0.8215236663818359,1.410761833190918,0.1367681537355696,0.0,0.0,False,0.9757271409034729,0.84750582627523,4.009428024291992,0.32693591713905334,0.5066928267478943,1
77,9,0.04345458782243529,0.8095675706863403,1.404783844947815,0.49384430370160504,5.960464477539063e-08,0.0,False,1.02567458152771,0.890889621971823,4.418089866638184,0.2946489453315735,0.5048527121543884,1
77,10,-0.018519564269906065,0.8034165501594543,1.4017083644866943,0.571644973542009,8.940696716308594e-08,0.0,False,0.9835317730903625,0.8542848436593313,3.929030179977417,0.3327568769454956,0.5011278986930847,1
77,11,0.018613360057196954,0.7944691777229309,1.3972347974777222,1.0335178832922662,2.086162567138672e-07,0.0,False,1.0220316648483276,0.8877254247480448,4.384443283081055,0.29617083072662354,0.5010842084884644,1
77,12,0.10053942853017458,0.7863644361495972,1.3931822776794434,0.24432966113090515,5.960464477539063e-08,0.0,False,0.9987809062004089,0.867530072386334,4.037965774536133,0.3221886456012726,0.5008650422096252,1
77,13,0.012912438381611605,0.7815237045288086,1.3907618522644043,0.1933008038571903,0.0,0.0,False,0.9501855373382568,0.8253206713005625,3.681497097015381,0.3542938828468323,0.5010248422622681,2
77,14,0.009453183587968601,0.7646887302398682,1.3823442459106445,0.39003144098179676,1.1920928955078125e-07,0.0,False,1.0064942836761475,0.8742298269354342,3.9682421684265137,0.32642287015914917,0.5030141472816467,2
77,15,0.03443143447434852,0.7799329161643982,1.3899664878845215,0.46196354499885006,2.9802322387695312e-08,0.0,False,1.0194592475891113,0.8854910515063842,4.095250129699707,0.31701064109802246,0.5018964409828186,2
77,16,0.00802617612288269,0.7906090021133423,1.395304560661316,1.1615749597549436,5.960464477539063e-08,0.0,False,1.0177929401397705,0.8840437152455781,4.407520771026611,0.29384738206863403,0.5178478360176086,1
77,17,0.0317450304448374,0.7921090722084045,1.3960545063018799,0.5693298961435047,2.9802322387695312e-08,0.0,False,0.9714716076850891,0.8438095170866299,4.016733646392822,0.32413575053215027,0.5097606778144836,1
77,18,-0.009304298846659995,0.785822868347168,1.3929113149642944,0.4449740243809565,1.1920928955078125e-07,0.0,False,0.988448977470398,0.8585558731166111,4.086384296417236,0.3178444504737854,0.5130327343940735,1
77,19,0.016275371317612523,0.7807772755622864,1.3903887271881104,0.2901777795382907,8.940696716308594e-08,0.0,False,0.9691585302352905,0.8418004035413051,3.927255153656006,0.33107903599739075,0.5066652894020081,1
77,20,-0.023554581716058953,0.7981864213943481,1.3990931510925293,1.09006968619568,5.960464477539063e-08,0.0,False,0.9695391654968262,0.8421310191287106,3.9459118843078613,0.33089008927345276,0.5010598301887512,2
77,21,0.03268686536674341,0.8107137680053711,1.405356764793396,0.2868056749658924,1.1920928955078125e-07,0.0,False,0.9715821146965027,0.843905502257167,3.870523691177368,0.3385077118873596,0.5025608539581299,1
77,22,0.007467274371559064,0.8227428793907166,1.4113714694976807,0.44243114707725384,2.9802322387695312e-08,0.0,False,0.9627491235733032,0.836233263650155,3.9825191497802734,0.3295201361179352,0.5002056956291199,2
77,23,0.014202016657559054,0.8186906576156616,1.409345269203186,0.6509873382747173,5.960464477539063e-08,0.0,False,1.0019187927246094,0.8702556059909317,3.9638609886169434,0.3308519423007965,0.5000228881835938,2
77,24,-0.04600573566068128,0.7993807196617126,1.3996902704238892,0.5300096017973764,8.940696716308594e-08,0.0,False,0.9820675849914551,0.8530130660356835,3.8443446159362793,0.3401190936565399,0.5000014901161194,2
78,1,0.04718698665465504,0.801429033279419,1.4007145166397095,1.421803729874747,0.0,0.0,False,0.9375156760215759,0.8143157695879345,3.633924961090088,0.3604475259780884,0.512142539024353,2
78,2,0.08413823072141374,0.7901197075843811,1.3950598239898682,0.3624719636780875,2.9802322387695312e-08,0.0,False,0.9740145206451416,0.846018263219652,3.8757519721984863,0.33610424399375916,0.5163241624832153,2
78,3,-0.00842890963265521,0.7733691334724426,1.3866846561431885,0.19124856059040352,8.940696716308594e-08,0.0,False,1.0187084674835205,0.8848389321924225,4.155887603759766,0.3113686740398407,0.5158233046531677,2
78,4,0.020069644219902143,0.8029314875602722,1.401465654373169,0.3412507442491396,8.940696716308594e-08,0.0,False,0.9248604774475098,0.8033236037717209,3.530747652053833,0.3713093400001526,0.5198663473129272,2
78,5,0.05547799446990366,0.7882863283157349,1.3941431045532227,0.06175863423517769,5.960464477539063e-08,0.0,False,0.94100022315979,0.8173424087760508,3.623128652572632,0.36023303866386414,0.5212843418121338,2
78,6,-0.03567553959005338,0.788915753364563,1.3944579362869263,0.04270483021225252,5.960464477539063e-08,0.0,False,0.9363433122634888,0.8132974673660933,3.568373680114746,0.3662358224391937,0.5137130618095398,2
78,7,0.01148337130695272,0.7594283819198608,1.3797141313552856,0.3563957182424409,5.960464477539063e-08,0.0,False,0.9501584768295288,0.8252971668413264,3.6074106693267822,0.3599707782268524,0.5010948777198792,2
78,8,0.05602956823191698,0.7562329173088074,1.3781163692474365,0.33120177154030106,8.940696716308594e-08,0.0,False,0.9457485675811768,0.8214667683368195,3.5636610984802246,0.3642970025539398,0.5000041723251343,2
78,9,0.008402215628672827,0.7367473840713501,1.3683736324310303,0.605369970202446,5.960464477539063e-08,0.0,False,1.0083508491516113,0.8758424192180062,3.9708855152130127,0.32411855459213257,0.5020774602890015,2
78,10,0.049063622046783786,0.7240472435951233,1.3620235919952393,0.4975500788007464,2.9802322387695312e-08,0.0,False,1.0300933122634888,0.894727682722953,4.0695085525512695,0.3150813579559326,0.5000302791595459,2
78,11,-0.0007505107540032394,0.7464036345481873,1.373201847076416,0.0738741010427475,2.9802322387695312e-08,0.0,False,1.0282231569290161,0.8931032864388262,4.084634780883789,0.3154527246952057,0.5022584199905396,2
78,12,0.06183294096580998,0.7514222860336304,1.3757110834121704,0.05938184048448297,5.960464477539063e-08,0.0,False,1.0339728593826294,0.8980974145352059,4.135728359222412,0.3118039667606354,0.5004771947860718,2
78,13,-0.04625837235533495,0.7427789568901062,1.371389389038086,1.2867363329444612,8.940696716308594e-08,0.0,False,1.0006903409957886,0.8691885863767089,4.054922103881836,0.3175703287124634,0.5030282735824585,2
78,14,0.050101938104912105,0.7376386523246765,1.3688193559646606,0.5409234655754906,2.9802322387695312e-08,0.0,False,1.0467345714569092,0.9091820968022015,4.633041858673096,0.276084303855896,0.5032985210418701,1
78,15,-0.05610134788051871,0.7384567260742188,1.369228482246399,0.5400035636765618,1.1920928955078125e-07,0.0,False,1.050266981124878,0.9122503088554426,4.450130462646484,0.28793323040008545,0.5054887533187866,1
78,16,0.006407991673088243,0.800155758857727,1.4000778198242188,0.9924783493791308,5.960464477539063e-08,0.0,False,0.9046926498413086,0.7858060512890224,3.390704870223999,0.38753101229667664,0.5006610155105591,2
78,17,-0.027265694262648778,0.8093354105949402,1.404667615890503,0.03545406886509492,8.940696716308594e-08,0.0,False,0.8953747153282166,0.7777125962054788,3.336393356323242,0.3949100077152252,0.5007391571998596,2
78,18,0.024277979021826254,0.7988331317901611,1.3994165658950806,0.4412071486668927,0.0,0.0,False,0.9253239631652832,0.8037261823510607,3.5901360511779785,0.3651004731655121,0.501369059085846,2
78,19,0.03578122152996503,0.8108880519866943,1.4054439067840576,0.43519383668899536,1.1920928955078125e-07,0.0,False,0.8820529580116272,0.7661414648217808,3.2666256427764893,0.40381506085395813,0.5000007152557373,2
78,20,0.06823985196266642,0.8043968081474304,1.4021984338760376,0.34173641034534996,2.9802322387695312e-08,0.0,False,0.8776013851165771,0.7622748777335602,3.2368931770324707,0.4070327877998352,0.5000014901161194,1
78,21,-0.004824375609468825,0.7978063821792603,1.3989031314849854,0.362208210996219,5.960464477539063e-08,0.0,False,0.9072015881538391,0.7879852874181577,3.4294590950012207,0.38278019428253174,0.5008382797241211,1
78,22,0.016085808176607,0.7911281585693359,1.3955639600753784,0.0970829427242279,1.1920928955078125e-07,0.0,False,0.9169249534606934,0.7964308952147503,3.4832375049591064,0.37607401609420776,0.5007468461990356,2
78,23,0.011587123628540362,0.8042834997177124,1.4021419286727905,0.3437386261565344,1.7881393432617188e-07,0.0,False,0.9399785995483398,0.816455037781981,3.638032913208008,0.3605403006076813,0.502045750617981,1
78,24,-0.0024146761936393608,0.7994040250778198,1.3997021913528442,0.6293636858463285,1.7881393432617188e-07,0.0,False,0.9854835271835327,0.8559801157247231,3.847933292388916,0.33979079127311707,0.500004231929779,2
79,1,-0.07775527657195183,0.77048259973526,1.3852415084838867,1.4164094243730818,2.086162567138672e-07,0.0,False,0.9502673149108887,0.8253917023976374,3.868849992752075,0.33551865816116333,0.5056954622268677,1
79,2,-0.009591721815763263,0.7929341197013855,1.3964670896530151,0.511197957609381,2.9802322387695312e-08,0.0,False,0.9530155658721924,0.8277788028523964,3.740363597869873,0.34935519099235535,0.503362238407135,2
79,3,-0.04847385057597917,0.8054131269454956,1.4027066230773926,0.054654997906514735,5.960464477539063e-08,0.0,False,0.94679194688797,0.8223730360877641,3.72969126701355,0.35130828619003296,0.5061529874801636,2
79,4,0.07816636482389214,0.8105538487434387,1.4052770137786865,0.08364891739828245,8.940696716308594e-08,0.0,False,0.9567757248878479,0.8310448354755523,3.8327040672302246,0.3418988585472107,0.5053034424781799,1
79,5,0.028787894799981926,0.832270622253418,1.4161351919174194,0.7702548424048083,1.1920928955078125e-07,0.0,False,0.998482346534729,0.8672707467556866,4.067688465118408,0.3228819966316223,0.503416895866394,1
79,6,-0.06348233411131837,0.8279786705970764,1.4139894247055054,0.2284605077334813,8.940696716308594e-08,0.0,False,0.9664754271507263,0.8394698898132975,3.769183874130249,0.34928640723228455,0.5040660500526428,1
79,7,0.08336881075934117,0.8082734942436218,1.4041368961334229,0.5045638999768666,1.4901161193847656e-07,0.0,False,0.9992884397506714,0.8679709104268535,4.019331455230713,0.325335830450058,0.5003352165222168,1
79,8,0.028956866099037887,0.7970222234725952,1.3985111713409424,1.12167806497642,5.960464477539063e-08,0.0,False,1.027026653289795,0.8920640165826443,4.243004322052002,0.30666643381118774,0.5012995600700378,1
79,9,-0.02582043585580883,0.7911390066146851,1.3955695629119873,0.0727171057036946,5.960464477539063e-08,0.0,False,1.0243139266967773,0.8897077722021248,4.25172233581543,0.30559131503105164,0.5022716522216797,1
79,10,0.019271685406995014,0.7739162445068359,1.386958122253418,1.107178791293076,0.0,0.0,False,1.010526180267334,0.8777318878177478,4.08184289932251,0.31771400570869446,0.50011146068573,1
79,11,-0.08322990213008148,0.7180516719818115,1.3590259552001953,0.2830900975636075,1.1920928955078125e-07,0.0,False,1.0213472843170166,0.887130979371504,4.246163368225098,0.3010612428188324,0.500164270401001,2
79,12,-0.16805331651917593,0.7441567182540894,1.3720782995224,0.17446855136326375,5.960464477539063e-08,0.0,False,1.0053961277008057,0.8732759807747141,4.086764335632324,0.3151742219924927,0.500004231929779,2
79,13,0.08695311373238127,0.7193567752838135,1.3596782684326172,0.9738542607852392,1.1920928955078125e-07,0.0,False,1.0803197622299194,0.9383538228549743,4.983401298522949,0.25487956404685974,0.500244677066803,1
79,14,-0.12868963397004238,0.7874801158905029,1.393740177154541,0.8267934460725104,1.1920928955078125e-07,0.0,False,0.9529017210006714,0.8276799184534073,3.7024693489074707,0.35267889499664307,0.5016089081764221,1
79,15,0.018105762651576335,0.7854556441307068,1.3927278518676758,0.8017372510262899,2.9802322387695312e-08,0.0,False,1.0371869802474976,0.9008891644467706,4.363125801086426,0.2971150577068329,0.5007330179214478,2
79,16,-0.005706396473234354,0.8239654302597046,1.411982774734497,0.4839797743729183,5.960464477539063e-08,0.0,False,1.008377194404602,0.8758653024140026,4.14265251159668,0.3161979019641876,0.503804087638855,2
79,17,-0.0867527920913334,0.8184817433357239,1.4092408418655396,0.5998165309429169,2.9802322387695312e-08,0.0,False,0.9884847402572632,0.8585869362785972,4.00227689743042,0.3275136351585388,0.5003412961959839,2
79,18,0.040046475372901486,0.8068768978118896,1.4034384489059448,0.5917151825768607,0.0,0.0,False,1.0364412069320679,0.900241393975487,4.343536376953125,0.29991644620895386,0.5000256299972534,2
79,19,-0.0035036408884613537,0.8400532603263855,1.4200266599655151,0.7095389408724648,2.9802322387695312e-08,0.0,False,1.086100697517395,0.9433750794461551,5.3839192390441895,0.2404559850692749,0.5096270442008972,2
79,20,0.0694256600472543,0.8257322907447815,1.4128661155700684,0.7165006580097335,2.9802322387695312e-08,0.0,False,0.9884616732597351,0.8585669005391162,4.042410850524902,0.32455524802207947,0.5028324127197266,2
79,21,-0.03829028419127973,0.8312076926231384,1.4156038761138916,0.5657574539738043,2.9802322387695312e-08,0.0,False,0.9718685150146484,0.844154266412739,4.256562232971191,0.3076702654361725,0.5085981488227844,1
79,22,-0.01564009119243151,0.8211945295333862,1.4105974435806274,0.7833798612867084,1.7881393432617188e-07,0.0,False,0.9767346382141113,0.8483809273203152,4.002540111541748,0.3276914358139038,0.500112771987915,2
79,23,-0.035178428701737235,0.8310269713401794,1.415513515472412,0.5487123663936344,2.9802322387695312e-08,0.0,False,1.0084569454193115,0.8759345732652317,4.431901931762695,0.29510942101478577,0.5012251138687134,2
79,24,0.1391452046837703,0.8065013289451599,1.4032506942749023,0.5432303116789885,2.9802322387695312e-08,0.0,False,0.9626274108886719,0.836127545355529,4.0626115798950195,0.3216024339199066,0.5000498294830322,2
80,1,-0.019794443366000183,0.7782284021377563,1.3891141414642334,1.248219531561647,5.960464477539063e-08,0.0,False,1.0033142566680908,0.8714676905716295,4.089746952056885,0.317341148853302,0.5016345977783203,2
80,2,0.06480533499867795,0.7985864877700806,1.3992931842803955,0.8077595244560922,5.960464477539063e-08,0.0,False,1.0202980041503906,0.8862195861988317,4.400666236877441,0.29511529207229614,0.507335901260376,2
80,3,0.07533682713462368,0.8024275302886963,1.4012137651443481,0.6714413618402821,0.0,0.0,False,1.0101594924926758,0.877413386863517,4.293466567993164,0.30321866273880005,0.5025177597999573,2
80,4,-0.10502263271403098,0.7984169721603394,1.3992085456848145,0.12344618886709213,5.960464477539063e-08,0.0,False,1.010064959526062,0.8773312765720004,4.318610668182373,0.30111414194107056,0.5024443864822388,2
80,5,-0.0592658455827465,0.7988827228546143,1.3994414806365967,0.4865655260426658,1.1920928955078125e-07,0.0,False,0.9132436513900757,0.7932333568637737,3.476274251937866,0.3774923086166382,0.5023120641708374,2
80,6,-0.030835621369867172,0.7533143758773804,1.3766571283340454,0.42984797752329273,5.960464477539063e-08,0.0,False,0.9464754462242126,0.8220981271041872,3.5900232791900635,0.3612693250179291,0.5003365278244019,3
80,7,-0.06904520624666301,0.791154146194458,1.3955771923065186,0.5806408162627901,1.1920928955078125e-07,0.0,False,1.0438685417175293,0.9066926950006349,4.521581649780273,0.28659123182296753,0.5002644658088684,3
80,8,0.08746260887616547,0.774645209312439,1.3873226642608643,0.8587792941502161,5.960464477539063e-08,0.0,False,0.9815264940261841,0.8525430803948337,3.9706294536590576,0.32667696475982666,0.5137182474136353,3
80,9,0.026235640694534608,0.7983059883117676,1.3991529941558838,0.6647348616804394,0.0,0.0,False,1.0769599676132202,0.9354355423302527,5.080207347869873,0.2538159489631653,0.504818320274353,1
80,10,-0.004429398208763563,0.7901959419250488,1.3950978517532349,0.7219304878796851,1.1920928955078125e-07,0.0,False,0.9710308313369751,0.8434266636151511,3.891108751296997,0.33513182401657104,0.5014825463294983,3
80,11,0.01777281917282533,0.7831939458847046,1.3915969133377075,0.6786078938416071,5.960464477539063e-08,0.0,False,0.9516154527664185,0.8265626800606403,3.6804933547973633,0.3545581102371216,0.5000097751617432,2
80,12,-0.017390371425384847,0.7857969999313354,1.3928985595703125,0.1389620080590248,5.960464477539063e-08,0.0,False,0.9982489347457886,0.8670680078517906,4.080329418182373,0.3186689615249634,0.5006415247917175,2
80,13,0.010433077450982918,0.7829568982124329,1.3914785385131836,0.3133463348661151,8.940696716308594e-08,0.0,False,1.0539822578430176,0.9154773572103059,4.752185821533203,0.2715425491333008,0.5007772445678711,2
80,14,0.01694606193330999,0.7850297689437866,1.392514944076538,1.8210245668888092,5.960464477539063e-08,0.0,False,1.0459716320037842,0.9085194160131645,4.57417106628418,0.28269219398498535,0.5032024383544922,7
80,15,-0.014192324032192625,0.7712472081184387,1.3856236934661865,0.19943020386355265,8.940696716308594e-08,0.0,False,1.071178674697876,0.930413975107452,5.011326789855957,0.25585541129112244,0.5135396122932434,1
80,16,0.0534071868980872,0.7797551155090332,1.3898776769638062,1.2116150600569588,1.1920928955078125e-07,0.0,False,0.935196042060852,0.812300961129579,3.5287747383117676,0.37005895376205444,0.5008138418197632,2
80,17,0.0059692757356597705,0.7918233275413513,1.395911693572998,0.619234707738672,2.9802322387695312e-08,0.0,False,1.0079929828643799,0.8755315805103986,4.332300662994385,0.29964378476142883,0.5042251348495483,2
80,18,-0.019537165564745832,0.7985197305679321,1.3992598056793213,0.2600245837654386,5.960464477539063e-08,0.0,False,0.9882853031158447,0.858413707378588,4.159450531005859,0.31311094760894775,0.5047727227210999,2
80,19,0.0170812999065404,0.7959781885147095,1.3979891538619995,0.46663940804345283,5.960464477539063e-08,0.0,False,0.9939165115356445,0.8633049128649204,4.004724025726318,0.32563161849975586,0.5023608207702637,2
80,20,0.011131421044998275,0.812410831451416,1.406205177307129,0.5374072939157485,2.384185791015625e-07,0.0,False,1.0006787776947021,0.869178542621,4.294565677642822,0.30367523431777954,0.5063885450363159,2
80,21,0.04446360638493145,0.8107032775878906,1.4053515195846558,0.1233593747019768,1.1920928955078125e-07,0.0,False,1.015272855758667,0.8818547977642905,4.390336990356445,0.29659128189086914,0.5077289342880249,2
80,22,0.01605268011868044,0.7726922035217285,1.3863461017608643,0.7995824196508952,0.0,0.0,False,1.0533415079116821,0.9149208088913882,4.5933942794799805,0.28039097785949707,0.5154742002487183,1
80,23,0.025132597308437973,0.7895265221595764,1.3947632312774658,0.6963646965367453,2.9802322387695312e-08,0.0,False,1.0344502925872803,0.8985121077477204,4.49818229675293,0.28797078132629395,0.5032817125320435,2
80,24,0.017139718969752527,0.7907472252845764,1.3953735828399658,0.22590490004846028,2.9802322387695312e-08,0.0,False,0.9994086027145386,0.8680752826511268,4.146303176879883,0.31372392177581787,0.5007355809211731,2
81,1,0.07419311840580459,0.7183383107185364,1.3591691255569458,1.1533443161419459,2.9802322387695312e-08,0.0,False,1.0117573738098145,0.8788012889410562,4.219518661499023,0.30231356620788574,0.5321835279464722,6
81,2,-0.08860514396170363,0.7334598302841187,1.366729974746704,0.1397299213068825,5.960464477539063e-08,0.0,False,1.0439057350158691,0.9067250006891004,4.452493667602539,0.2871449887752533,0.5182477831840515,6
81,3,0.04058308072592704,0.7662791609764099,1.3831394910812378,1.0020789174096922,8.940696716308594e-08,0.0,False,0.9741625189781189,0.8461468129383378,4.18696928024292,0.30784842371940613,0.5399748682975769,6
81,4,0.0033748011810254257,0.7662310004234314,1.383115530014038,0.6979067442672592,2.9802322387695312e-08,0.0,False,0.987988293170929,0.8581557278182934,3.8725292682647705,0.3349894881248474,0.5007089376449585,6
81,5,0.008623398815462134,0.7800197005271912,1.390009880065918,0.8772571533918381,2.9802322387695312e-08,0.0,False,0.9193435907363892,0.7985316968598707,3.44573974609375,0.3793383538722992,0.5001790523529053,3
81,6,-0.034508404717867425,0.7867680788040161,1.3933840990066528,0.16057832539081573,5.960464477539063e-08,0.0,False,0.9621209502220154,0.8356876392098691,3.730416774749756,0.34990063309669495,0.500768780708313,3
81,7,0.05283831606759834,0.7965067028999329,1.3982534408569336,0.1427954094750541,8.940696716308594e-08,0.0,False,0.9746729731559753,0.8465901878037528,3.9127562046051025,0.33361321687698364,0.5037018656730652,3
81,8,-0.011044469439789994,0.8051687479019165,1.4025843143463135,1.0009445824793406,5.960464477539063e-08,0.0,False,0.997620701789856,0.866522331639568,4.153903007507324,0.31390997767448425,0.5080299973487854,6
81,9,-0.00717599023432017,0.8008672595024109,1.4004335403442383,0.30148935956614353,8.940696716308594e-08,0.0,False,1.0415663719177246,0.9046930557197159,4.714087009429932,0.2748868465423584,0.5002307295799255,7
81,10,-0.022826346654365604,0.8082481026649475,1.4041240215301514,0.8053067794867924,2.9802322387695312e-08,0.0,False,1.0424106121063232,0.9054263534303346,4.458623886108398,0.2918630540370941,0.501182496547699,7
81,11,-0.03355821615926072,0.7957508563995361,1.3978753089904785,0.521811951483999,1.1920928955078125e-07,0.0,False,1.0532987117767334,0.9148836366408781,4.575718879699707,0.28316205739974976,0.5057861804962158,7
81,12,-0.040131586230188816,0.7753618955612183,1.387681007385254,0.5969577878713607,5.960464477539063e-08,0.0,False,1.034064769744873,0.8981772468615101,4.385920524597168,0.2948647141456604,0.5002690553665161,7
81,13,0.021286883756197562,0.7929742932319641,1.3964872360229492,1.219133598463876,8.940696716308594e-08,0.0,False,1.014763355255127,0.8814122512498618,4.195940017700195,0.31000441312789917,0.5006678104400635,7
81,14,-0.059215437429895455,0.7667731046676636,1.3833867311477661,0.3859058086361204,1.7881393432617188e-07,0.0,False,1.028422236442566,0.8932762047072155,4.365297794342041,0.295637309551239,0.5050442814826965,1
81,15,0.03384187875629062,0.7968172430992126,1.3984085321426392,1.3600277389798845,8.940696716308594e-08,0.0,False,0.9409799575805664,0.817324806317592,3.619534492492676,0.3618733286857605,0.5006965398788452,2
81,16,0.06924014292590458,0.8054038286209106,1.402701735496521,0.17296698263713287,1.7881393432617188e-07,0.0,False,0.9476999044418335,0.8231616779986548,3.6246092319488525,0.36203303933143616,0.5015745759010315,2
81,17,-0.07324175336358307,0.8065622448921204,1.4032809734344482,0.5627173621739658,1.4901161193847656e-07,0.0,False,0.9737616777420044,0.8457986466644102,3.8771116733551025,0.33757269382476807,0.5034188032150269,1
81,18,0.08755603237921718,0.8000996708869934,1.4000500440597534,0.597258519913469,2.086162567138672e-07,0.0,False,0.9477807283401489,0.8232318807447434,3.6201210021972656,0.36206263303756714,0.5015035271644592,2
81,19,0.06810860533930506,0.8171982765197754,1.4085991382598877,0.5392054244875908,0.0,0.0,False,0.9267553091049194,0.8049694336376181,3.5411148071289062,0.37187495827674866,0.5025151371955872,1
81,20,-0.02182600967435318,0.8109143376350403,1.4054572582244873,0.045014181307383994,8.940696716308594e-08,0.0,False,0.9190846681594849,0.7983067995670913,3.480527400970459,0.37807098031044006,0.5019828081130981,2
81,21,-0.01702916989542425,0.7968824505805969,1.3984413146972656,0.41994379035064144,8.940696716308594e-08,0.0,False,0.9271977543830872,0.8053537367233229,3.4781675338745117,0.3771677017211914,0.5000089406967163,2
81,22,-0.0023891872572170177,0.7965508699417114,1.3982754945755005,0.4182240313717298,5.960464477539063e-08,0.0,False,0.9512620568275452,0.826255724248281,3.6285762786865234,0.36093375086784363,0.5000254511833191,2
81,23,-0.03115482281274693,0.8044670820236206,1.4022334814071655,0.772556992513793,5.960464477539063e-08,0.0,False,0.9182473421096802,0.7975795074011233,3.4490714073181152,0.38112273812294006,0.5005146265029907,2
81,24,0.04414519139012872,0.7869019508361816,1.3934509754180908,0.7459143847227097,0.0,0.0,False,0.9502543210983276,0.8253804161154491,3.6104068756103516,0.3620045483112335,0.5003082156181335,2
82,1,0.09649781277180762,0.6389435529708862,1.319471836090088,0.9871562580977167,5.960464477539063e-08,0.0,False,1.0890252590179443,0.9459153212895056,5.231246471405029,0.2374703586101532,0.525733232498169,6
82,2,0.020836290057562677,0.6140435934066772,1.3070217370986938,0.5369590808238301,5.960464477539063e-08,0.0,False,1.0487308502197266,0.9109160425042659,4.621409893035889,0.268874853849411,0.5045013427734375,6
82,3,-0.03220485825286456,0.6709138751029968,1.3354568481445312,0.8814478282417569,8.940696716308594e-08,0.0,False,1.1231980323791504,0.9755974150937101,5.5930280685424805,0.22350382804870605,0.5012573599815369,1
82,4,-0.018413778814329738,0.7314294576644897,1.3657147884368896,0.6088459491729736,5.960464477539063e-08,0.0,False,1.1067582368850708,0.9613179901603166,5.5299601554870605,0.2289201319217682,0.5081765651702881,3
82,5,-0.08657093346794373,0.7602821588516235,1.380141019821167,0.43417321784155705,5.960464477539063e-08,0.0,False,1.0552772283554077,0.9166021543058228,4.5485029220581055,0.2829047739505768,0.50111985206604,3
82,6,0.042792724382094104,0.7885326743125916,1.3942664861679077,0.08817034108298172,1.4901161193847656e-07,0.0,False,1.038668155670166,0.9021756970723618,4.432957649230957,0.2922373414039612,0.5073197484016418,3
82,7,-0.024814460771404374,0.836334228515625,1.4181671142578125,1.2519781099898475,0.0,0.0,False,1.021223545074463,0.8870235008310321,4.411861896514893,0.29674312472343445,0.5045701265335083,6
82,8,0.0881144019590125,0.7910439968109131,1.3955219984054565,0.6279239920633181,0.0,0.0,False,1.0021798610687256,0.8704823670734302,4.071049213409424,0.3197540044784546,0.5022874474525452,3
82,9,0.04433920412758635,0.8011935949325562,1.4005968570709229,0.9022143270288194,5.960464477539063e-08,0.0,False,1.1265825033187866,0.978537129200202,5.881618022918701,0.2174835056066513,0.5033405423164368,6
82,10,0.033942490821990697,0.7893329858779907,1.3946664333343506,0.4964254732642855,5.960464477539063e-08,0.0,False,1.0641398429870605,0.9243001235653465,4.824222564697266,0.2676611840724945,0.5000579953193665,1
82,11,7.22449556408121e-06,0.7967323064804077,1.3983662128448486,0.4752015854631151,5.960464477539063e-08,0.0,False,1.012731909751892,0.8796477601051776,4.243249416351318,0.30664312839508057,0.5007717609405518,1
82,12,0.00537481358131838,0.778705894947052,1.3893530368804932,0.8573644618902887,8.940696716308594e-08,0.0,False,1.0538647174835205,0.9153752629512449,4.70081090927124,0.2744196057319641,0.5004278421401978,7
82,13,-0.024075640740432246,0.7501710653305054,1.375085473060608,0.3380349172013146,5.960464477539063e-08,0.0,False,1.0482902526855469,0.9105333443485971,4.589186191558838,0.2796807587146759,0.500482439994812,7
82,14,0.0033296079348854434,0.7421949505805969,1.3710975646972656,0.10003062656947556,8.940696716308594e-08,0.0,False,1.019559621810913,0.8855782354476919,4.374897003173828,0.29343271255493164,0.5018024444580078,7
82,15,0.04904517458089207,0.7808102369308472,1.3904050588607788,1.2854033027376446,5.960464477539063e-08,0.0,False,1.0470960140228271,0.9094960418260077,4.54005241394043,0.28439080715179443,0.5133574604988098,1
82,16,-0.049502847668703887,0.7606315016746521,1.3803157806396484,0.27467442623206556,2.9802322387695312e-08,0.0,False,1.0197112560272217,0.8857099432545129,4.27284574508667,0.30157217383384705,0.5180492401123047,1
82,17,0.015902649261395202,0.7648950815200806,1.3824474811553955,0.5697138905525208,5.960464477539063e-08,0.0,False,1.0118223428726196,0.8788577203519976,4.131674289703369,0.3127813935279846,0.5120011568069458,1
82,18,0.07340416918040706,0.7904456853866577,1.3952230215072632,0.268016312803541,1.7881393432617188e-07,0.0,False,0.9490143656730652,0.8243034045174541,3.649989366531372,0.35814377665519714,0.5032877922058105,1
82,19,-0.022606437449269504,0.7836179137229919,1.3918088674545288,0.7721883718456541,8.940696716308594e-08,0.0,False,1.0039315223693848,0.8720038407475097,4.094351768493652,0.31703662872314453,0.5133386850357056,1
82,20,0.024830094771271224,0.8006704449653625,1.4003351926803589,1.1462364430938448,2.9802322387695312e-08,0.0,False,0.9130821228027344,0.7930930549154699,3.463214874267578,0.3791787624359131,0.5003864169120789,2
82,21,-0.00524727596004952,0.8164223432540894,1.4082112312316895,0.16682091036013172,5.960464477539063e-08,0.0,False,0.9343576431274414,0.8115727370687513,3.7337193489074707,0.35191652178764343,0.501409649848938,1
82,22,-0.04479733878861343,0.8050944209098816,1.4025472402572632,0.4218430109322071,2.9802322387695312e-08,0.0,False,0.9464789032936096,0.8221011298765124,3.739760398864746,0.35046422481536865,0.5002673268318176,2
82,23,0.016921995261390994,0.7904773950576782,1.3952386379241943,0.25485414479460033,5.960464477539063e-08,0.0,False,0.993809700012207,0.8632121375544552,4.003210067749023,0.3253682255744934,0.5021173357963562,2
82,24,0.034788062149604136,0.8312990665435791,1.4156494140625,0.3318413623741694,1.1920928955078125e-07,0.0,False,0.993905246257782,0.8632951279688947,4.358500003814697,0.300152450799942,0.5077705979347229,2
83,1,0.006580830702229515,0.8023198843002319,1.4011600017547607,1.2280606712613786,5.960464477539063e-08,0.0,False,1.0256247520446777,0.890846340632789,4.684589862823486,0.27645036578178406,0.5123556852340698,2
83,2,0.023802543890933833,0.7971794009208679,1.398589849472046,0.10412672215274396,1.4901161193847656e-07,0.0,False,1.0198414325714111,0.8858230131641424,4.6212873458862305,0.2801947593688965,0.5101901888847351,2
83,3,-0.0039048963288236998,0.8069944381713867,1.403497338294983,0.3109521860522885,1.1920928955078125e-07,0.0,False,1.0165214538574219,0.8829393162930987,4.6224446296691895,0.2806129455566406,0.5129425525665283,2
83,4,0.05545348986259506,0.8155885338783264,1.4077943563461304,0.22712874678628772,8.940696716308594e-08,0.0,False,1.0057563781738281,0.8735888903597875,4.522421360015869,0.2876039743423462,0.5145363807678223,1
83,5,0.004921687473636175,0.8230129480361938,1.4115065336227417,0.9169451280363968,5.960464477539063e-08,0.0,False,1.0463883876800537,0.908881405394176,4.553654670715332,0.286223441362381,0.5056079626083374,1
83,6,0.001426473865390139,0.8289393782615662,1.4144697189331055,0.6935550549200602,2.9802322387695312e-08,0.0,False,1.0012199878692627,0.8696486318057232,4.182265758514404,0.31338199973106384,0.5042341947555542,3
83,7,0.008496197358250464,0.8153828978538513,1.4076913595199585,0.46785652424607954,8.940696716308594e-08,0.0,False,0.9771871566772461,0.8487739798633128,3.8791449069976807,0.3380986750125885,0.501656174659729,3
83,8,-0.06195823193150068,0.8125625252723694,1.4062813520431519,0.1169642465455191,8.940696716308594e-08,0.0,False,0.9780765771865845,0.8495465207019073,3.8667876720428467,0.33905747532844543,0.500110387802124,3
83,9,0.058317087939620614,0.8014393448829651,1.4007196426391602,0.5473750829696655,2.9802322387695312e-08,0.0,False,1.007503867149353,0.8751067399983019,4.159186840057373,0.3134610950946808,0.5000942349433899,3
83,10,-0.009564845503415605,0.8224273920059204,1.4112136363983154,1.2396806946822574,5.960464477539063e-08,0.0,False,1.0379530191421509,0.9015545373765129,4.364650726318359,0.2993631362915039,0.500640869140625,1
83,11,0.05146475082618997,0.8217086791992188,1.4108543395996094,1.0588034029517854,0.0,0.0,False,1.0346190929412842,0.8986587258722948,4.470841884613037,0.2918519973754883,0.5010259747505188,1
83,12,-0.017368438672853793,0.7969473600387573,1.3984737396240234,1.3904704877308436,5.960464477539063e-08,0.0,False,1.022462248802185,0.8880994252183575,4.297665596008301,0.30260738730430603,0.5004887580871582,1
83,13,0.07038248246227646,0.7980579137802124,1.399029016494751,0.23389519112450724,5.960464477539063e-08,0.0,False,1.0002728700637817,0.8688259757324578,4.0947442054748535,0.3182530999183655,0.5045698881149292,1
83,14,0.025887123867478122,0.7830835580825806,1.3915417194366455,0.10234469175338742,5.960464477539063e-08,0.0,False,0.9946019053459167,0.8639002383643841,4.12558126449585,0.31481680274009705,0.5013537406921387,1
83,15,-0.004273251879520632,0.778983473777771,1.3894916772842407,0.16711406729051043,5.960464477539063e-08,0.0,False,0.9758776426315308,0.8476365504152549,3.86179518699646,0.33683398365974426,0.5047379732131958,1
83,16,-0.03167858481930432,0.7784548997879028,1.3892273902893066,0.7999685906938145,5.960464477539063e-08,0.0,False,1.0082873106002808,0.8757872303335442,4.029164791107178,0.3223607838153839,0.5004416704177856,1
83,17,0.004517855243766507,0.8036006689071655,1.401800274848938,0.8411101273127964,5.960464477539063e-08,0.0,False,0.8988397121429443,0.7807222541983762,3.3491079807281494,0.39283618330955505,0.5005699396133423,2
83,18,-0.02349565190476379,0.818895161151886,1.409447431564331,0.21587580868176046,1.4901161193847656e-07,0.0,False,0.9526326656341553,0.8274462199313984,3.7248194217681885,0.3528476357460022,0.5062292814254761,2
83,19,-0.028439178167002473,0.8296977281570435,1.4148489236831665,0.5644292512110303,5.960464477539063e-08,0.0,False,0.9930744767189026,0.8625735307159575,4.04539155960083,0.3246590793132782,0.500226616859436,2
83,20,0.02622868335477328,0.8241516947746277,1.4120757579803467,0.18484037901674005,8.940696716308594e-08,0.0,False,0.9657777547836304,0.8388638992948851,3.9169886112213135,0.3353654146194458,0.500701904296875,2
83,21,-0.016212516940156074,0.8187862634658813,1.409393072128296,0.9070441403559276,5.960464477539063e-08,0.0,False,0.9817306995391846,0.8527204510497743,4.160441875457764,0.31424927711486816,0.5102196335792542,6
83,22,-0.04184172337458003,0.8248330950737,1.4124165773391724,0.789111118231501,2.9802322387695312e-08,0.0,False,0.9564312100410461,0.8307455936817528,4.007960796356201,0.3274458050727844,0.5015330910682678,2
83,23,0.04461025749185084,0.8098287582397461,1.404914379119873,0.13936755380460183,0.0,0.0,False,0.9827951788902283,0.8536450460662909,4.024784088134766,0.3249557614326477,0.5014269351959229,2
83,24,0.062425267389556914,0.8156078457832336,1.4078041315078735,1.2522055857947894,2.086162567138672e-07,0.0,False,0.9885961413383484,0.8586836980281839,4.1613874435424805,0.31400519609451294,0.5086966753005981,6
84,1,0.000634166122395946,0.7935012578964233,1.3967506885528564,1.224757696901049,5.960464477539063e-08,0.0,False,1.03607177734375,0.8999205115121705,4.807709217071533,0.2685556709766388,0.511137068271637,2
84,2,-0.048555530244245124,0.8144477009773254,1.4072240591049194,0.3096060923167637,2.086162567138672e-07,0.0,False,0.994368314743042,0.8636973441446782,4.288952350616455,0.3040095567703247,0.5138534307479858,2
84,3,0.061054061425887526,0.8073588013648987,1.4036792516708374,0.20648878599916182,1.4901161193847656e-07,0.0,False,0.9688984155654907,0.8415744708097929,4.087382793426514,0.3191124200820923,0.5183248519897461,2
84,4,-0.10529122139513547,0.8089439272880554,1.4044721126556396,0.19639161974191668,1.4901161193847656e-07,0.0,False,1.0015621185302734,0.8699458027220569,4.437556266784668,0.2931376099586487,0.5090090036392212,2
84,5,0.09008405676311526,0.802897572517395,1.4014487266540527,0.3038049510547094,5.960464477539063e-08,0.0,False,0.9796597361564636,0.8509216351110955,4.126346588134766,0.31563815474510193,0.5190390944480896,3
84,6,0.09099894972179602,0.7680979371070862,1.3840488195419312,0.46608130420957283,1.4901161193847656e-07,0.0,False,1.010556936264038,0.8777586021370559,4.246675491333008,0.30444908142089844,0.5012209415435791,3
84,7,-0.09650953634096589,0.8175737857818604,1.4087867736816406,1.4265971540340356,1.1920928955078125e-07,0.0,False,1.0363054275512695,0.9001234575038131,4.439403057098389,0.2937973737716675,0.5000017881393433,1
84,8,0.0672862262664565,0.8131451606750488,1.4065725803375244,1.3779957688280513,0.0,0.0,False,0.9742875695228577,0.8462554304614159,4.158958911895752,0.31427836418151855,0.5000358819961548,3
84,9,0.045028868165192526,0.8226400017738342,1.4113199710845947,1.0819640436342786,2.9802322387695312e-08,0.0,False,1.0476963520050049,0.9100174887718812,4.4683685302734375,0.29210472106933594,0.500113844871521,1
84,10,0.023408348807395726,0.7909714579582214,1.3954856395721436,0.5057680734566279,8.940696716308594e-08,0.0,False,0.9557101726531982,0.8301193085641763,3.8206188678741455,0.34166133403778076,0.5002174377441406,2
84,11,0.03535192311824379,0.7893455028533936,1.3946728706359863,0.48147683803524305,1.1920928955078125e-07,0.0,False,0.963118851184845,0.8365544049731548,3.9485795497894287,0.3299853801727295,0.5017473697662354,2
84,12,-0.0020152609636988365,0.775188684463501,1.38759446144104,0.461300138916288,1.1920928955078125e-07,0.0,False,0.9919763207435608,0.8616196845552375,3.9451968669891357,0.3292720317840576,0.5,2
84,13,-0.01596232306361064,0.7744516134262085,1.387225866317749,0.80809537427766,5.960464477539063e-08,0.0,False,1.052002191543579,0.9137574934750085,4.602100849151611,0.28027430176734924,0.502742350101471,2
84,14,0.05952907999816223,0.7609990239143372,1.3804996013641357,0.38819872268608635,8.940696716308594e-08,0.0,False,0.9986204504966736,0.8673907023328896,4.01622200012207,0.3220503032207489,0.504860520362854,2
84,15,0.029865474102223705,0.7714545726776123,1.3857275247573853,0.4941920371992248,2.384185791015625e-07,0.0,False,0.9739539623260498,0.8459656629320221,3.8260304927825928,0.3396216034889221,0.5009320974349976,7
84,16,0.010113793514899055,0.7590681910514832,1.3795340061187744,0.23533437294619425,8.940696716308594e-08,0.0,False,0.9054463505744934,0.7864607074278795,3.3487250804901123,0.3887521028518677,0.5002247095108032,2
84,17,-0.07869932386545837,0.7454962134361267,1.3727481365203857,1.2154522091150284,2.9802322387695312e-08,0.0,False,0.9685661792755127,0.8412858940349419,3.676100969314575,0.3518696129322052,0.5000035166740417,2
84,18,-0.05609676366112672,0.7591846585273743,1.3795924186706543,0.2703528276511602,8.940696716308594e-08,0.0,False,0.8796987533569336,0.764096628640172,3.2516214847564697,0.400280624628067,0.5187816619873047,2
84,19,0.0841924827981297,0.7973522543907166,1.3986762762069702,0.30115216651133114,1.4901161193847656e-07,0.0,False,0.8598896265029907,0.7468906396721943,3.1620922088623047,0.41607463359832764,0.5079686641693115,2
84,20,0.04699743792300518,0.8148818612098694,1.4074409008026123,0.39912359203611103,2.9802322387695312e-08,0.0,False,0.8963852524757385,0.7785903376193329,3.3402068614959717,0.39494550228118896,0.5009534955024719,6
84,21,0.042005925314966226,0.8065298199653625,1.4032648801803589,0.19128599017858505,2.9802322387695312e-08,0.0,False,0.9632559418678284,0.8366734804274348,3.7406651973724365,0.35048437118530273,0.5004488229751587,6
84,22,0.06565506795049933,0.7943195104598999,1.3971598148345947,0.3606106159942492,5.960464477539063e-08,0.0,False,1.0035591125488281,0.8716803696873611,4.113251209259033,0.31644463539123535,0.506538987159729,6
84,23,0.0149466434102238,0.7894572615623474,1.3947285413742065,0.5950662451131001,8.940696716308594e-08,0.0,False,0.9658812880516052,0.8389538271488349,3.785839796066284,0.3445274233818054,0.5104855895042419,6
84,24,-0.022387254204841063,0.7939580082893372,1.3969790935516357,0.3836212147559438,8.940696716308594e-08,0.0,False,0.9714709520339966,0.8438089475953268,4.069870948791504,0.3200007379055023,0.5043379664421082,1
85,1,0.0433676746010455,0.8022568821907043,1.4011282920837402,1.383627325296402,1.4901161193847656e-07,0.0,False,0.9469839930534363,0.8225398452676296,3.737110137939453,0.34944358468055725,0.5380378365516663,2
85,2,0.08078823392789514,0.8156270980834961,1.407813549041748,0.06138488437448214,0.0,0.0,False,0.9578773975372314,0.8320017361805343,3.786227226257324,0.34612342715263367,0.5241202116012573,2
85,3,0.002372819238050548,0.8169184327125549,1.408459186553955,0.329275335584368,2.9802322387695312e-08,0.0,False,1.040755033493042,0.9039883361181245,4.479902744293213,0.2903476655483246,0.5216857194900513,2
85,4,0.008430913074355194,0.8065804839134216,1.4032903909683228,0.5269656394209181,1.4901161193847656e-07,0.0,False,1.0013678073883057,0.8697770262085991,4.267199993133545,0.3046466112136841,0.5308403968811035,2
85,5,0.007180986521097375,0.7915430068969727,1.3957715034484863,0.1663475526230675,0.0,0.0,False,1.0429260730743408,0.9058740771384277,4.697152137756348,0.27504831552505493,0.512836217880249,2
85,6,0.014344882361291892,0.7841911315917969,1.3920955657958984,0.185131562607629,0.0,0.0,False,1.0317504405975342,0.8961670461055159,4.4252095222473145,0.29258787631988525,0.5040688514709473,2
85,7,-0.010445826034043204,0.7800371050834656,1.3900184631347656,0.13930440161909377,8.940696716308594e-08,0.0,False,1.0535045862197876,0.9150624569100448,4.649243354797363,0.27769187092781067,0.500333309173584,2
85,8,-0.004280182667100649,0.7648820281028748,1.3824410438537598,0.4869815728494099,2.9802322387695312e-08,0.0,False,1.0767509937286377,0.9352540299203806,4.955013275146484,0.2588728964328766,0.5020227432250977,2
85,9,0.023459730563790925,0.7628147602081299,1.381407380104065,0.27739468429769787,0.0,0.0,False,1.0483547449111938,0.9105893615840455,4.586781978607178,0.2806057333946228,0.5005641579627991,2
85,10,0.004437698285882793,0.7781420350074768,1.389070987701416,1.429731051836695,2.9802322387695312e-08,0.0,False,1.0586858987808228,0.919562887818592,4.63791036605835,0.27819570899009705,0.5039148926734924,7
85,11,0.00947901423382292,0.7469810843467712,1.3734906911849976,0.6109035792095321,1.4901161193847656e-07,0.0,False,1.0296168327331543,0.8943138178614247,4.495608329772949,0.2855401039123535,0.5012955069541931,7
85,12,0.024067982752156474,0.7255187630653381,1.3627593517303467,0.5481626551066126,2.9802322387695312e-08,0.0,False,1.0324887037277222,0.8968082933127824,4.359304428100586,0.2934202253818512,0.5014528036117554,7
85,13,-0.015639409160095173,0.738993227481842,1.3694967031478882,0.44143904319831306,8.940696716308594e-08,0.0,False,1.0428441762924194,0.9058029424974795,4.617185115814209,0.27717065811157227,0.5027509331703186,1
85,14,-0.0021735119555642522,0.7465885877609253,1.3732943534851074,0.5616870118038995,5.960464477539063e-08,0.0,False,0.9786947965621948,0.8500834992287738,3.850104570388794,0.33532536029815674,0.5068792104721069,2
85,15,-0.007756805773690349,0.7527050971984863,1.3763525485992432,0.5216460366334235,0.0,0.0,False,0.9899006485939026,0.8598167786335639,3.887671709060669,0.3325003981590271,0.5043283700942993,2
85,16,0.008056809727860811,0.753959059715271,1.3769794702529907,0.5570379761712893,5.960464477539063e-08,0.0,False,0.9802058339118958,0.8513959695946235,3.9259560108184814,0.3292929530143738,0.5018294453620911,2
85,17,-0.0009990740018996991,0.8014357686042786,1.400717854499817,0.3769081777759961,2.9802322387695312e-08,0.0,False,0.9620554447174072,0.8356307418514979,4.0489277839660645,0.32234376668930054,0.5012614727020264,6
85,18,0.011882883928631396,0.7984097003936768,1.3992047309875488,0.14005690121224937,1.1920928955078125e-07,0.0,False,0.9435558319091797,0.819562182331578,3.813028335571289,0.34294936060905457,0.5000728368759155,6
85,19,-0.005102027253396624,0.7941272854804993,1.3970637321472168,0.11506957667214526,8.940696716308594e-08,0.0,False,0.9329709410667419,0.81036826296274,3.63651967048645,0.3599114418029785,0.5001504421234131,6
85,20,0.004960021454223395,0.7937672138214111,1.3968836069107056,0.08939386372055322,0.0,0.0,False,0.9084086418151855,0.7890337209071254,3.469942331314087,0.377754807472229,0.5023945569992065,2
85,21,-0.032607784906436246,0.814211368560791,1.4071056842803955,0.14234729749815808,0.0,0.0,False,0.9309252500534058,0.8085913983251981,3.619896173477173,0.3632502555847168,0.501518964767456,6
85,22,-0.05289044166451295,0.800933837890625,1.4004669189453125,0.34555841503398765,0.0,0.0,False,0.9169955849647522,0.7964922449596729,3.5190916061401367,0.3729313015937805,0.5014168620109558,6
85,23,-0.02440874634217504,0.8137249946594238,1.4068626165390015,0.06985999590584205,1.1920928955078125e-07,0.0,False,0.9321635961532593,0.8096670120809037,3.585076332092285,0.36691969633102417,0.5000324845314026,6
85,24,0.001885854679368847,0.8264744281768799,1.4132370948791504,0.4703759519117219,1.1920928955078125e-07,0.0,False,0.9680888056755066,0.840871252594364,3.885484218597412,0.33820104598999023,0.506645917892456,6
86,1,0.02601034771932606,0.7681612372398376,1.3840806484222412,1.0802938214370184,2.9802322387695312e-08,0.0,False,1.0444080829620361,0.9071613345711319,4.568100452423096,0.2813679873943329,0.5300366282463074,2
86,2,-0.11386676324715482,0.7962003946304321,1.3981002569198608,0.4965547174215317,5.960464477539063e-08,0.0,False,0.9782025814056396,0.8496559665759716,3.9217071533203125,0.33245018124580383,0.51630038022995,2
86,3,-0.18873994545563227,0.8099403381347656,1.4049702882766724,0.20943188667297358,1.1920928955078125e-07,0.0,False,0.9235093593597412,0.8021500375118857,3.5540554523468018,0.3692914843559265,0.522456169128418,2
86,4,0.07280460547780689,0.7920535802841187,1.396026849746704,0.10642199963331234,5.960464477539063e-08,0.0,False,0.9321913123130798,0.8096910860314429,3.637622356414795,0.3587316870689392,0.5329059362411499,3
86,5,-0.15817765727145533,0.779538094997406,1.389769196510315,0.14341575439487186,1.4901161193847656e-07,0.0,False,0.9863051772117615,0.856693791871354,4.043885707855225,0.3205057978630066,0.5271871089935303,3
86,6,-0.10384556027140965,0.7621111273765564,1.3810558319091797,0.17107018721955164,2.682209014892578e-07,0.0,False,0.9464423656463623,0.82206939367935,3.7368247509002686,0.3463318943977356,0.5381401777267456,3
86,7,0.044486705266527454,0.738509476184845,1.3692548274993896,0.514851739364011,8.940696716308594e-08,0.0,False,0.9938541054725647,0.8632507076472546,4.1996331214904785,0.3052368760108948,0.5304679870605469,3
86,8,0.1214001573680199,0.7345905900001526,1.3672953844070435,0.16650494933128357,8.940696716308594e-08,0.0,False,0.9881173372268677,0.8582678140611266,4.017784595489502,0.31952473521232605,0.5231577157974243,3
86,9,-0.029011995345423546,0.7248042821884155,1.3624022006988525,0.8746159587587629,5.960464477539063e-08,0.0,False,1.099865436553955,0.9553309798629878,5.379471778869629,0.23539946973323822,0.5056806802749634,6
86,10,0.07754002493044729,0.7426990270614624,1.371349573135376,0.8931438305548258,5.960464477539063e-08,0.0,False,1.005530595779419,0.8733927782637818,4.101725101470947,0.3138681948184967,0.5002521276473999,3
86,11,-0.14887084129360492,0.7405850887298584,1.3702926635742188,0.49705444489206585,1.1920928955078125e-07,0.0,False,1.004019021987915,0.8720798419505024,4.055884838104248,0.31740134954452515,0.5001451373100281,2
86,12,-0.07312054589274092,0.7777182459831238,1.3888593912124634,0.4667622691818645,2.682209014892578e-07,0.0,False,0.9394069314002991,0.8159584931376331,3.5753893852233887,0.3649034798145294,0.5001806020736694,2
86,13,-0.047980007907812774,0.7720509767532349,1.3860254287719727,0.22318166494369496,5.960464477539063e-08,0.0,False,1.0147430896759033,0.881394648791403,4.229194164276123,0.3060605525970459,0.5000717639923096,2
86,14,-0.004859789865976964,0.7825924158096313,1.3912962675094604,0.13912339402096613,5.960464477539063e-08,0.0,False,0.9891350269317627,0.8591517681073779,4.034539699554443,0.32218804955482483,0.5013741254806519,2
86,15,-0.0040900909565450665,0.7566100358963013,1.3783049583435059,1.928224299635206,5.960464477539063e-08,0.0,False,1.0642156600952148,0.924365977468757,4.708380699157715,0.2726738750934601,0.5001175403594971,1
86,16,0.007279065047627414,0.7634255290031433,1.3817126750946045,0.7741004015718187,8.940696716308594e-08,0.0,False,1.0076141357421875,0.8752025180810924,4.177932262420654,0.3093233108520508,0.5021742582321167,1
86,17,-0.013618163533702739,0.7722204923629761,1.3861103057861328,0.44188033895833156,5.960464477539063e-08,0.0,False,0.9574716091156006,0.8316492728358653,3.73024845123291,0.3486585021018982,0.504056453704834,1
86,18,-0.06721009357237319,0.7773092985153198,1.3886548280715942,0.07582666618483402,1.7881393432617188e-07,0.0,False,0.9592654705047607,0.8332074010410884,3.7799270153045654,0.3442946672439575,0.5044741630554199,1
86,19,0.15909009187616086,0.7806112766265869,1.3903056383132935,0.1340461862938745,0.0,0.0,False,0.9751111268997192,0.8469707633100193,3.925178050994873,0.33122456073760986,0.5075793266296387,2
86,20,-0.22103333952626977,0.8046448230743408,1.4023221731185913,0.4340984768101149,2.384185791015625e-07,0.0,False,0.9135770201683044,0.7935229173054209,3.47445011138916,0.3781639039516449,0.503650426864624,2
86,21,-0.07864374388494788,0.7751267552375793,1.3875634670257568,0.6760279930063656,8.940696716308594e-08,0.0,False,0.981579601764679,0.8525892091903831,4.10886812210083,0.3155559301376343,0.5026804208755493,2
86,22,0.01554637225033597,0.7633194327354431,1.381659746170044,1.0205742014305932,2.9802322387695312e-08,0.0,False,1.0222904682159424,0.887950218496951,4.290640830993652,0.30059078335762024,0.5123447775840759,1
86,23,0.09854888936121843,0.7837812900543213,1.3918906450271606,0.6830202053700174,0.0,0.0,False,0.9679049253463745,0.8407115361698188,3.8404765129089355,0.3392755091190338,0.5000032782554626,1
86,24,0.06733649618968393,0.8006607294082642,1.4003301858901978,0.5004338121839933,1.7881393432617188e-07,0.0,False,0.8927896022796631,0.7754671955413132,3.3191308975219727,0.3961793780326843,0.5026505589485168,2
87,1,0.0050066730828457855,0.7829310894012451,1.391465663909912,1.383715237889971,1.1920928955078125e-07,0.0,False,0.9488016366958618,0.8241186304755734,3.7313578128814697,0.3490183353424072,0.5187758803367615,2
87,2,0.04293637753297887,0.7834675908088684,1.3917337656021118,0.07659049757889347,2.9802322387695312e-08,0.0,False,0.9500538110733032,0.8252062553205803,3.7209126949310303,0.35009634494781494,0.5181553959846497,2
87,3,0.01674684925634923,0.7717157602310181,1.3858578205108643,0.7898360746247427,5.960464477539063e-08,0.0,False,1.119301438331604,0.9722128765075772,5.855787754058838,0.2168613225221634,0.5204670429229736,2
87,4,-0.022528067475468923,0.7767786383628845,1.388389229774475,0.369774164898055,8.940696716308594e-08,0.0,False,1.1019351482391357,0.957128708590997,5.530754566192627,0.23071423172950745,0.5172565579414368,6
87,5,0.03270516899346029,0.7835590839385986,1.3917795419692993,0.5611230241400855,0.0,0.0,False,1.0755385160446167,0.9342008851851783,5.193085670471191,0.24705159664154053,0.5129733085632324,3
87,6,0.007570554938932092,0.7763820290565491,1.3881908655166626,0.4679976595299584,1.4901161193847656e-07,0.0,False,1.1061513423919678,0.9607908483014124,5.531938552856445,0.23107042908668518,0.5011321306228638,1
87,7,0.006424914518136647,0.7645819187164307,1.3822908401489258,0.7143725827336312,1.1920928955078125e-07,0.0,False,1.004280924797058,0.872307327840114,4.296842098236084,0.3005211353302002,0.5007121562957764,3
87,8,-0.07580853981462235,0.7556644082069397,1.3778321743011475,0.34291349564279827,2.9802322387695312e-08,0.0,False,1.0020467042922974,0.8703667085669686,4.275498390197754,0.3014965355396271,0.5001940727233887,3
87,9,-0.012138642037970339,0.7486540079116821,1.3743269443511963,0.4805324077606201,5.960464477539063e-08,0.0,False,1.0427888631820679,0.9057548981402743,4.722668170928955,0.271335244178772,0.5004205107688904,3
87,10,-0.013279264273051854,0.7433745861053467,1.3716872930526733,0.4787813637937818,0.0,0.0,False,1.0569052696228027,0.9180162529833037,4.915018558502197,0.2598378658294678,0.5044050216674805,1
87,11,0.07280745219359516,0.7462457418441772,1.3731226921081543,0.23213114908763338,1.7881393432617188e-07,0.0,False,1.0204007625579834,0.8863088410176051,4.407007217407227,0.2913497984409332,0.5066515207290649,2
87,12,-0.0900046847110756,0.7466882467269897,1.3733441829681396,0.6561488860419817,5.960464477539063e-08,0.0,False,1.0122337341308594,0.8792150502587112,4.151902675628662,0.31019988656044006,0.500680148601532,1
87,13,0.017422361810073648,0.7450124621391296,1.3725062608718872,0.4360398054122924,2.9802322387695312e-08,0.0,False,0.9952951669692993,0.8645023977594848,4.216710090637207,0.30485108494758606,0.5118072032928467,2
87,14,0.003469532771894702,0.7721458673477173,1.3860729932785034,0.17795337310859138,5.960464477539063e-08,0.0,False,0.9729991555213928,0.8451363282789298,3.9808237552642822,0.3258143365383148,0.5063984394073486,1
87,15,-0.0066099056804861285,0.7831588387489319,1.391579508781433,0.20374567487410133,8.940696716308594e-08,0.0,False,0.9620251059532166,0.8356043899357464,3.841228723526001,0.33895343542099,0.5076479911804199,2
87,16,0.06350232473464293,0.7826183438301086,1.3913092613220215,0.11243498112474165,8.940696716308594e-08,0.0,False,0.9294134378433228,0.807278254924172,3.554365396499634,0.3673284351825714,0.5088836550712585,2
87,17,0.03773641378170522,0.7711490392684937,1.3855746984481812,0.8351778611540793,1.7881393432617188e-07,0.0,False,1.0292551517486572,0.893999665749872,4.2180094718933105,0.3065948188304901,0.5096602439880371,1
87,18,0.006812362615790113,0.7881426215171814,1.3940712213516235,0.7689855322241783,8.940696716308594e-08,0.0,False,0.9160082936286926,0.7956346946011098,3.4718713760375977,0.3770427405834198,0.5023658871650696,2
87,19,-0.03919795879313408,0.7880701422691345,1.3940351009368896,0.08033166932208197,2.9802322387695312e-08,0.0,False,0.9264081716537476,0.8046679138786063,3.5430171489715576,0.36913466453552246,0.5044784545898438,2
87,20,0.017691089263482798,0.7753069996833801,1.3876535892486572,0.6488695336239678,8.940696716308594e-08,0.0,False,0.9875795841217041,0.8578007276487288,4.071371555328369,0.31848594546318054,0.5068941116333008,1
87,21,0.01872845847735539,0.7712239027023315,1.3856120109558105,0.20294952073267541,5.960464477539063e-08,0.0,False,1.0162577629089355,0.8827102772453879,4.214155197143555,0.30696970224380493,0.5067010521888733,1
87,22,-0.0021740862124220734,0.7771106362342834,1.3885554075241089,0.21789919159242088,8.940696716308594e-08,0.0,False,1.000745415687561,0.8692364236461675,4.021679401397705,0.3227453827857971,0.5058239698410034,1
87,23,0.025914455327463184,0.7992265224456787,1.399613618850708,0.6665284835866521,3.5762786865234375e-07,0.0,False,0.8873154520988464,0.7707124091080364,3.2880136966705322,0.39995214343070984,0.5017209053039551,2
87,24,0.009765831112147993,0.8027405738830566,1.4013704061508179,0.07375186362436834,1.1920928955078125e-07,0.0,False,0.8815914392471313,0.7657405947163501,3.2549214363098145,0.40449199080467224,0.5018230676651001,2
88,1,-0.06363655112047499,0.811524510383606,1.4057623147964478,1.3066289573907852,5.960464477539063e-08,0.0,False,0.9799375534057617,0.851162944107791,3.905785083770752,0.33528727293014526,0.5059260725975037,2
88,2,0.024263746112201508,0.8105100989341736,1.4052550792694092,0.13619669633252274,2.9802322387695312e-08,0.0,False,0.9570764899253845,0.8313060766678555,3.7969205379486084,0.34521418809890747,0.5066647529602051,2
88,3,-0.03545920382641449,0.8106818199157715,1.4053409099578857,0.1948059855827264,0.0,0.0,False,1.0013240575790405,0.8697390256071027,4.201902389526367,0.3107519745826721,0.5001654028892517,2
88,4,-0.012203918646350169,0.8025349378585815,1.4012675285339355,0.1415132193693092,5.960464477539063e-08,0.0,False,0.9892653226852417,0.8592649415608806,4.153786659240723,0.31385141611099243,0.5040478706359863,2
88,5,-0.02196396635376514,0.7959906458854675,1.3979953527450562,0.11721943318843842,2.9802322387695312e-08,0.0,False,0.9919992089271545,0.8616395649789086,4.229471683502197,0.30761203169822693,0.5016927123069763,2
88,6,-0.0019672995967711946,0.776335597038269,1.3881677389144897,0.826828804399286,5.960464477539063e-08,0.0,False,1.0587544441223145,0.9196224255457319,4.794468879699707,0.2686511278152466,0.5009742975234985,1
88,7,-0.024670898786987677,0.7649750709533691,1.3824875354766846,1.5634900076048714,0.0,0.0,False,1.0510692596435547,0.9129471591226642,4.553438663482666,0.2828328013420105,0.502686083316803,1
88,8,-0.036691680345969986,0.7910712361335754,1.3955357074737549,1.232598144028868,8.940696716308594e-08,0.0,False,1.0523724555969238,0.914079100745438,4.420111656188965,0.29348522424697876,0.5000052452087402,1
88,9,-0.18019149108959115,0.7738235592842102,1.3869117498397827,0.6258702618735178,2.9802322387695312e-08,0.0,False,1.0043201446533203,0.8723413937744254,4.019927501678467,0.3227955102920532,0.500403642654419,1
88,10,-0.19200429991694684,0.7557159066200256,1.37785804271698,0.33414995563881733,8.940696716308594e-08,0.0,False,1.0002038478851318,0.8687660238298246,4.21624231338501,0.305762380361557,0.5062363743782043,1
88,11,0.11126568768407105,0.7137208580970764,1.3568602800369263,0.4447331087929861,1.4901161193847656e-07,0.0,False,1.0301134586334229,0.8947451816375385,4.65975284576416,0.2721751928329468,0.5380866527557373,2
88,12,0.13701958853367718,0.7708843946456909,1.3854423761367798,1.5045353003910609,1.7881393432617188e-07,0.0,False,0.9768076539039612,0.8484443479427036,4.026989936828613,0.3218501806259155,0.5058411359786987,1
88,13,-0.004482392307397114,0.7273440957069397,1.3636720180511475,0.40749165788292885,2.9802322387695312e-08,0.0,False,0.9723423719406128,0.8445658533090549,3.9763290882110596,0.32291099429130554,0.5034521818161011,1
88,14,-0.02722935936428557,0.7791606783866882,1.3895803689956665,0.6308185064366887,2.9802322387695312e-08,0.0,False,1.0350244045257568,0.8990107750414706,4.280007362365723,0.3027048707008362,0.5016351938247681,1
88,15,0.02489824816186509,0.7731399536132812,1.3865699768066406,0.18738497155053266,0.0,0.0,False,1.0319116115570068,0.8963070374222,4.232872486114502,0.3057437539100647,0.504400372505188,1
88,16,0.0061722386613735055,0.7983071804046631,1.3991535902023315,0.7292113346712931,0.0,0.0,False,0.9942341446876526,0.8635808055152937,3.9428303241729736,0.3311741352081299,0.500853955745697,1
88,17,-0.09643305836290542,0.7974432110786438,1.398721694946289,0.5864448717662266,8.940696716308594e-08,0.0,False,1.010514736175537,0.8777219476059123,4.134011745452881,0.3150213658809662,0.505793571472168,1
88,18,0.07026819441108326,0.8052988648414612,1.4026495218276978,0.8837859013250895,8.940696716308594e-08,0.0,False,0.9292149543762207,0.8071058543751491,3.534627914428711,0.37155255675315857,0.5032374858856201,2
88,19,-0.001066286977314355,0.8339242339134216,1.4169621467590332,1.082485859947545,2.9802322387695312e-08,0.0,False,1.016639232635498,0.8830416176399063,4.236798286437988,0.3094205856323242,0.5062814950942993,1
88,20,-0.006659630266947761,0.8311415910720825,1.415570855140686,0.6967431881598063,5.960464477539063e-08,0.0,False,0.9512117505073547,0.8262120287337538,3.700719118118286,0.35637614130973816,0.5005495548248291,2
88,21,-0.01613096968854706,0.7964227795600891,1.3982115983963013,0.9637374175446374,2.086162567138672e-07,0.0,False,1.0002593994140625,0.8688142752747763,4.077541828155518,0.3196657598018646,0.5000001192092896,2
88,22,-0.0685090552238596,0.8259732127189636,1.4129866361618042,0.6258163973689079,2.9802322387695312e-08,0.0,False,0.9933674335479736,0.8628279897845604,4.062875747680664,0.3229460120201111,0.500000536441803,2
88,23,0.06588495733726007,0.7928820252418518,1.396441102027893,0.5492441345538412,8.940696716308594e-08,0.0,False,1.0196152925491333,0.8856265904365168,4.0850348472595215,0.31880056858062744,0.5001466274261475,2
88,24,0.07519039764747375,0.8291898965835571,1.4145948886871338,0.8698302209377289,5.960464477539063e-08,0.0,False,1.0123367309570312,0.8793045121652311,4.170603275299072,0.3142939805984497,0.5050010681152344,2
89,1,-0.041657877542920246,0.7985071539878845,1.399253487586975,1.2126033455133438,8.940696716308594e-08,0.0,False,1.0145539045333862,0.8812303246644965,4.266345024108887,0.3050455152988434,0.50005042552948,2
89,2,0.019264235294659822,0.8104618191719055,1.40523099899292,0.3615273588470051,8.940696716308594e-08,0.0,False,1.0038540363311768,0.8719365372298732,4.164777755737305,0.3135468065738678,0.5032268762588501,2
89,3,-0.03720468690991716,0.8101711869239807,1.4050856828689575,0.6797324961849622,8.940696716308594e-08,0.0,False,1.0062364339828491,0.8740058615375144,4.277112007141113,0.3047747015953064,0.5082694292068481,2
89,4,0.05078600166993178,0.8006890416145325,1.4003446102142334,0.4044890590012073,8.940696716308594e-08,0.0,False,1.0043792724609375,0.8723927515355758,4.25640344619751,0.3055950403213501,0.5122715830802917,2
89,5,0.05714219581737636,0.7705299854278564,1.3852649927139282,1.6945899171488623,0.0,0.0,False,1.0077283382415771,0.8753017131117015,4.295112609863281,0.3009299039840698,0.5051053762435913,1
89,6,-0.0837221632680804,0.7573337554931641,1.3786669969558716,1.025337633277689,1.1920928955078125e-07,0.0,False,1.0036953687667847,0.8717987203345281,4.342628479003906,0.2967560887336731,0.5000057220458984,2
89,7,-0.005268534841809822,0.7804297804832458,1.3902150392532349,1.0129712522029877,1.4901161193847656e-07,0.0,False,0.9880958795547485,0.8582491761639349,4.131962776184082,0.3141452670097351,0.5005733370780945,2
89,8,0.04117969790548291,0.7744958400726318,1.3872478008270264,0.35701436868735736,1.1920928955078125e-07,0.0,False,0.990075945854187,0.8599690398992323,4.217613220214844,0.3069460093975067,0.5060713291168213,2
89,9,0.046543355030854446,0.7907931208610535,1.3953964710235596,0.5814955128090722,8.940696716308594e-08,0.0,False,1.0775883197784424,0.9359813220863487,5.136665344238281,0.25051313638687134,0.5042619109153748,2
89,10,-0.040020930560674246,0.7864203453063965,1.3932100534439087,0.6597867416484015,1.1920928955078125e-07,0.0,False,1.0162477493286133,0.8827015795600318,4.192525863647461,0.3098355233669281,0.5001509189605713,2
89,11,0.018733875827695423,0.7708684802055359,1.3854341506958008,0.6498277187347412,8.940696716308594e-08,0.0,False,1.0079457759857178,0.875490577136577,4.015592575073242,0.3229295611381531,0.5008746385574341,2
89,12,-0.0573307166089031,0.7763157486915588,1.388157844543457,0.6622045700039181,2.9802322387695312e-08,0.0,False,1.0381971597671509,0.9017665952290048,4.229557991027832,0.3063223361968994,0.500102162361145,2
89,13,0.04110401576102712,0.7612372040748596,1.3806185722351074,0.6306463586432592,2.9802322387695312e-08,0.0,False,1.0039546489715576,0.8720239282589274,3.9720447063446045,0.3258263170719147,0.5035725235939026,2
89,14,0.03602908500945194,0.8169443011283875,1.4084721803665161,0.7424710861274174,2.9802322387695312e-08,0.0,False,0.9749119877815247,0.8467977932696933,3.914484977722168,0.33471378684043884,0.5127053260803223,6
89,15,-0.014860274158809625,0.8223590850830078,1.411179542541504,0.1767920723983219,0.0,0.0,False,0.9659156799316406,0.8389836995562783,3.82027268409729,0.34385302662849426,0.5088340044021606,2
89,16,-0.062134102454057163,0.8091540932655334,1.4045770168304443,0.9252858204501015,2.9802322387695312e-08,0.0,False,1.0008704662322998,0.8693450411692456,3.948817729949951,0.33146944642066956,0.5000767707824707,2
89,17,-0.018427691833064308,0.8052030205726624,1.4026015996932983,0.41680632105895443,8.940696716308594e-08,0.0,False,1.0061525106430054,0.8739329666507203,3.993215560913086,0.32729992270469666,0.501560389995575,2
89,18,-0.0363812242555913,0.8169545531272888,1.4084773063659668,0.045251252395766106,2.9802322387695312e-08,0.0,False,0.9988192915916443,0.8675634135135324,3.951681613922119,0.33170369267463684,0.5030179023742676,2
89,19,-0.007079938617168571,0.8155099153518677,1.4077547788619995,0.4665391232286181,1.7881393432617188e-07,0.0,False,0.9600743651390076,0.8339099979932775,3.6845619678497314,0.3567708730697632,0.5000043511390686,2
89,20,-0.10550116417675597,0.8116579055786133,1.4058290719985962,0.06006127489464619,1.1920928955078125e-07,0.0,False,0.9453396797180176,0.821111612851445,3.6006064414978027,0.3650106191635132,0.5033156871795654,2
89,21,0.011328205360530641,0.792690098285675,1.3963451385498047,0.4657333833830698,8.940696716308594e-08,0.0,False,0.9901008009910583,0.8599906287968128,3.923417091369629,0.3319774866104126,0.5186050534248352,2
89,22,0.08639976643797007,0.8195343017578125,1.4097671508789062,0.42400763077395287,0.0,0.0,False,0.9869427680969238,0.8572475962776296,3.879124164581299,0.33829841017723083,0.5055237412452698,2
89,23,0.07935811197407659,0.7993285059928894,1.399664282798767,0.3008955866098404,2.9802322387695312e-08,0.0,False,1.0164806842803955,0.8829039042884346,4.184010982513428,0.3113725781440735,0.5001981258392334,2
89,24,0.02801170087191488,0.7586925625801086,1.3793463706970215,0.9849526328699929,8.940696716308594e-08,0.0,False,1.0983246564865112,0.9539926753007529,5.447872161865234,0.23361951112747192,0.516727089881897,6
90,1,0.07339820092486468,0.7863119840621948,1.3931559324264526,1.130488442523139,5.960464477539063e-08,0.0,False,1.0434792041778564,0.9063545207104795,4.605593681335449,0.28016552329063416,0.5247538089752197,2
90,2,0.042359595926520235,0.7896599769592285,1.3948299884796143,0.705656715801784,0.0,0.0,False,1.0586228370666504,0.9195081131096231,4.958410739898682,0.25976037979125977,0.511351466178894,2
90,3,0.038613154078540504,0.7926924824714661,1.3963463306427002,0.3211692763226373,8.940696716308594e-08,0.0,False,1.0281102657318115,0.8930052303908234,4.485166549682617,0.2889685034751892,0.505936861038208,2
90,4,-0.022271510315644116,0.785216748714447,1.3926085233688354,0.1802987839494433,1.4901161193847656e-07,0.0,False,1.0327086448669434,0.896999331758997,4.542540073394775,0.2848525047302246,0.5000004172325134,1
90,5,0.02465351043181413,0.7734460830688477,1.3867229223251343,0.8536437579563685,1.1920928955078125e-07,0.0,False,0.9850335717201233,0.8555892893750012,4.102328300476074,0.3160300552845001,0.5000479817390442,2
90,6,-0.017548617725126097,0.7696131467819214,1.3848066329956055,0.3040154624198163,5.960464477539063e-08,0.0,False,0.9878435730934143,0.858030025556123,4.14445686340332,0.31235167384147644,0.5025040507316589,2
90,7,0.02024712446104974,0.7698929309844971,1.384946584701538,0.2242792413703032,1.1920928955078125e-07,0.0,False,0.9735555052757263,0.8456195675355603,3.992940902709961,0.3246956765651703,0.5034903287887573,2
90,8,-0.054265981948955586,0.7890909314155579,1.394545555114746,0.3614676999194282,8.940696716308594e-08,0.0,False,0.9657058119773865,0.8388014105673565,3.9541966915130615,0.3294188976287842,0.503937840461731,2
90,9,0.005968816139156448,0.7827358245849609,1.39136803150177,0.3122439565403121,1.1920928955078125e-07,0.0,False,0.9691376090049744,0.8417822315915433,3.9563727378845215,0.3286459743976593,0.508225679397583,2
90,10,-0.007981486350533877,0.7895178198814392,1.394758939743042,0.23475720094782976,2.9802322387695312e-08,0.0,False,0.9815074801445007,0.8525265651470444,3.9770474433898926,0.3273608386516571,0.5082805156707764,2
90,11,0.014337182265500015,0.7812689542770386,1.390634536743164,0.3901443566594805,5.960464477539063e-08,0.0,False,0.9959127902984619,0.8650388585669849,4.009782314300537,0.3239063024520874,0.5110172629356384,2
90,12,-0.05953454445659867,0.7750089168548584,1.3875046968460083,0.44742096428360256,2.384185791015625e-07,0.0,False,0.950018584728241,0.825175658106024,3.66621994972229,0.3550786077976227,0.5089884400367737,2
90,13,-0.06359669016869092,0.7831852436065674,1.3915927410125732,0.5196033929075514,1.1920928955078125e-07,0.0,False,1.005810022354126,0.8736354851027667,4.073515892028809,0.3187306523323059,0.5121313333511353,2
90,14,0.007109966538033365,0.7794502973556519,1.3897249698638916,0.406378689621176,1.7881393432617188e-07,0.0,False,0.9849669933319092,0.8555314601217705,3.9318652153015137,0.3304130434989929,0.5127877593040466,2
90,15,0.03774220427449879,0.8036183714866638,1.4018092155456543,0.3905360879642623,2.9802322387695312e-08,0.0,False,1.0042085647583008,0.8722444767090288,3.995577573776245,0.3269856870174408,0.5014880895614624,2
90,16,0.010610678431459592,0.8275930285453796,1.413796305656433,0.07431105417864661,2.086162567138672e-07,0.0,False,1.0151894092559814,0.8817823170529896,4.079858303070068,0.32163769006729126,0.5005115866661072,2
90,17,-0.01361877628419088,0.8126999139785767,1.406349778175354,0.09978107043675011,1.7881393432617188e-07,0.0,False,1.0290197134017944,0.89379516660013,4.158204078674316,0.3142198622226715,0.5031179189682007,2
90,18,-0.030472197045366637,0.8111745119094849,1.4055873155593872,0.54326240505491,5.960464477539063e-08,0.0,False,1.0380492210388184,0.9016380972822556,4.2223896980285645,0.30910247564315796,0.5038813352584839,2
90,19,0.0054183179452434215,0.7806037068367004,1.3903018236160278,0.1271920970508029,2.9802322387695312e-08,0.0,False,1.0415266752243042,0.9046585756099114,4.1956634521484375,0.30914512276649475,0.5020687580108643,2
90,20,-0.01492078074150325,0.7959447503089905,1.3979723453521729,0.13248079589435036,2.9802322387695312e-08,0.0,False,1.0399872064590454,0.9033214100302828,4.207460880279541,0.3092978298664093,0.5014239549636841,2
90,21,0.004587105203592873,0.7866330742835999,1.3933165073394775,0.05312931537628174,2.9802322387695312e-08,0.0,False,1.0412416458129883,0.904411002208882,4.199318885803223,0.3093288540840149,0.5000854730606079,2
90,22,-0.010430046298656813,0.7838683724403381,1.3919341564178467,0.46981006222111826,2.9802322387695312e-08,0.0,False,1.040639877319336,0.9038883127365291,4.203817844390869,0.30871444940567017,0.5030884146690369,2
90,23,-0.0022612273445807305,0.7923403382301331,1.3961700201034546,0.5097161254712514,1.4901161193847656e-07,0.0,False,1.042480707168579,0.9054872372278274,4.220352649688721,0.30810412764549255,0.5001199245452881,2
90,24,-0.026345718276610655,0.7871029376983643,1.3935515880584717,0.06438574833529342,1.1920928955078125e-07,0.0,False,1.0408952236175537,0.90411010371311,4.209651947021484,0.30856165289878845,0.5003344416618347,2
91,1,-0.03871310865406142,0.8268313407897949,1.413415551185608,1.1739845744201114,1.1920928955078125e-07,0.0,False,1.0341142416000366,0.8982202175689242,4.372751712799072,0.29906851053237915,0.5002607107162476,2
91,2,0.04208342660346304,0.8179308772087097,1.4089653491973877,0.3265850235308919,8.940696716308594e-08,0.0,False,0.9557785391807556,0.8301786909755063,3.788426637649536,0.34672439098358154,0.5020487308502197,3
91,3,0.004693909364210897,0.8367588520050049,1.418379306793213,0.36539184621402204,1.1920928955078125e-07,0.0,False,1.009260654449463,0.8766326660589328,4.482600688934326,0.29197072982788086,0.5004521012306213,3
91,4,0.02950171501627853,0.8264190554618835,1.4132095575332642,0.5431444261755262,2.9802322387695312e-08,0.0,False,1.0123810768127441,0.8793430304860939,4.291022300720215,0.304951936006546,0.5025092363357544,3
91,5,0.027352168221422744,0.8113875985145569,1.4056938886642456,0.19636402385575424,8.940696716308594e-08,0.0,False,1.0433495044708252,0.9062418649763432,4.559781074523926,0.2852599620819092,0.5012043714523315,3
91,6,0.012461442313136745,0.8127493858337402,1.4063748121261597,0.8869935742446354,1.1920928955078125e-07,0.0,False,1.0263445377349854,0.891471538539696,4.433942794799805,0.29350224137306213,0.5132088661193848,1
91,7,-0.014480963817173412,0.8166539669036865,1.4083271026611328,0.22908684398446771,1.1920928955078125e-07,0.0,False,0.965472936630249,0.8385991376108902,3.809694290161133,0.344488263130188,0.5062984228134155,1
91,8,0.002234777015983944,0.8099218606948853,1.4049608707427979,0.5547278353146143,5.960464477539063e-08,0.0,False,0.9825472235679626,0.8534296748098539,3.888258218765259,0.3369053304195404,0.5002431273460388,1
91,9,-0.007678447921133676,0.7971323728561401,1.3985661268234253,0.10956502386501862,5.960464477539063e-08,0.0,False,0.9717726111412048,0.8440709653666796,3.8043103218078613,0.3436131179332733,0.5020542144775391,1
91,10,-0.01086881228018379,0.783012866973877,1.3915064334869385,0.057534147586141254,0.0,0.0,False,0.9806639552116394,0.8517938886996654,3.8752260208129883,0.3358842134475708,0.506342887878418,1
91,11,-0.0009365369578798865,0.7831515669822693,1.3915756940841675,0.15827800759247368,8.940696716308594e-08,0.0,False,0.9787634015083313,0.8501430887278505,3.9401283264160156,0.33018115162849426,0.5047420859336853,1
91,12,0.017579647276293586,0.7826133370399475,1.3913066387176514,0.22751998582056593,2.9802322387695312e-08,0.0,False,0.9893736839294434,0.8593590629416985,3.9802322387695312,0.32661139965057373,0.5072486400604248,1
91,13,-0.016086888552556654,0.7913566827774048,1.3956782817840576,0.10607630227293269,5.960464477539063e-08,0.0,False,0.9831832647323608,0.8539821331457768,3.887544631958008,0.3354707360267639,0.5040000677108765,1
91,14,-0.04896751266638216,0.7848085165023804,1.392404317855835,0.11319377379758006,5.960464477539063e-08,0.0,False,0.9963003993034363,0.8653755314709777,4.02209997177124,0.3232141137123108,0.5077841877937317,1
91,15,0.02164531018758354,0.7193692326545715,1.3596848249435425,0.8204782328435355,2.086162567138672e-07,0.0,False,0.9895740747451782,0.859533120192694,3.9839835166931152,0.32166099548339844,0.5034322738647461,1
91,16,0.010030608829650288,0.7920024394989014,1.3960014581680298,0.5537262835672924,2.384185791015625e-07,0.0,False,0.9207822680473328,0.7997813160946351,3.46219801902771,0.37853121757507324,0.500331461429596,1
91,17,0.03964536299656772,0.8306702375411987,1.4153351783752441,0.6073597297072411,5.960464477539063e-08,0.0,False,1.047560691833496,0.9098996558440806,4.732797622680664,0.2751607596874237,0.5087994337081909,1
91,18,-0.008314086744531265,0.8073146343231201,1.4036574363708496,0.6664975296173777,1.1920928955078125e-07,0.0,False,0.9225192070007324,0.8012900021003637,3.5319721698760986,0.37167853116989136,0.5151451826095581,1
91,19,0.042286421293165,0.8320986032485962,1.4160491228103638,0.8532581989254271,1.7881393432617188e-07,0.0,False,0.9656540751457214,0.8387564725263499,4.201017379760742,0.31214386224746704,0.5035974979400635,1
91,20,-0.016546754838729593,0.7879504561424255,1.3939751386642456,0.8774463912206036,8.940696716308594e-08,0.0,False,0.8837066888809204,0.7675778772039551,3.2905073165893555,0.398296594619751,0.5119550228118896,1
91,21,-0.1672658351475823,0.7841510772705078,1.392075538635254,0.4741431245846407,0.0,0.0,False,0.9308340549468994,0.8085121872621335,3.674307346343994,0.35524019598960876,0.5006090998649597,1
91,22,-0.044700313666698535,0.7834627032279968,1.3917312622070312,0.9148873463273051,8.940696716308594e-08,0.0,False,0.9510007500648499,0.8260287560780358,3.9902775287628174,0.3259115219116211,0.5037233233451843,2
91,23,0.04413699714184219,0.7966254949569702,1.3983126878738403,0.32414657835449484,5.960464477539063e-08,0.0,False,0.9474912881851196,0.8229804762204025,3.7614359855651855,0.3477044701576233,0.5,2
91,24,0.028173948060914947,0.7941117882728577,1.3970558643341064,0.7847791840987547,2.9802322387695312e-08,0.0,False,0.9472434520721436,0.8227652085078387,3.9605414867401123,0.32934194803237915,0.5001615285873413,6
92,1,-0.033066021061629446,0.8061894178390503,1.4030948877334595,1.2353357172438078,1.7881393432617188e-07,0.0,False,0.9955191016197205,0.8646969049254545,4.099080562591553,0.3181844651699066,0.5146139860153198,2
92,2,-0.14153808555504133,0.804471492767334,1.402235984802246,0.1530031689575742,2.384185791015625e-07,0.0,False,0.9605637788772583,0.8343350973650574,3.835608959197998,0.34077829122543335,0.5191574096679688,2
92,3,-0.05964934909102795,0.7785084247589111,1.3892543315887451,0.1480538727981704,1.1920928955078125e-07,0.0,False,0.9438536167144775,0.8198208349270489,3.741105556488037,0.3472825288772583,0.5353500843048096,2
92,4,0.03281873140576251,0.7696043252944946,1.384802222251892,0.3193888206567083,5.960464477539063e-08,0.0,False,0.9538451433181763,0.8284993646666008,3.821476936340332,0.338897168636322,0.5393272042274475,2
92,5,0.022529466581621048,0.7919313311576843,1.395965814590454,0.2828953180994307,1.4901161193847656e-07,0.0,False,0.9635814428329468,0.8369562069734451,3.8904545307159424,0.3345112204551697,0.5311553478240967,3
92,6,0.09687087791074284,0.7977339625358582,1.398866891860962,0.06388317048549647,8.940696716308594e-08,0.0,False,0.9519919753074646,0.8268897233844174,3.785118818283081,0.3447766900062561,0.5272247791290283,3
92,7,-0.1038267977177772,0.7852764129638672,1.3926383256912231,0.07442276605537951,1.1920928955078125e-07,0.0,False,0.973351001739502,0.8454419380209364,3.84206223487854,0.3391024172306061,0.5053128004074097,3
92,8,0.08070901054760402,0.7744236588478088,1.387211799621582,0.46039416321686344,2.9802322387695312e-08,0.0,False,0.9692986607551575,0.841922119364354,3.7687997817993164,0.34520670771598816,0.5012294054031372,3
92,9,-0.14336424608662093,0.7815861701965332,1.3907932043075562,0.8475855067372322,1.1920928955078125e-07,0.0,False,1.0966161489486694,0.9525086845088033,5.2479143142700195,0.24455775320529938,0.5007673501968384,2
92,10,0.031140509776621514,0.7513778209686279,1.3756890296936035,0.6649307715041297,1.1920928955078125e-07,0.0,False,1.0606029033660889,0.9212279768449205,4.893067836761475,0.261104017496109,0.5204588770866394,2
92,11,0.04801950480482872,0.7879113554954529,1.3939557075500488,0.7331514454313686,2.9802322387695312e-08,0.0,False,1.0355379581451416,0.8994568420475911,4.398040771484375,0.2946510910987854,0.5064421892166138,2
92,12,-0.06257599462049099,0.8050578832626343,1.4025288820266724,0.6025123904858316,5.960464477539063e-08,0.0,False,1.0197479724884033,0.8857418347674854,4.169580936431885,0.3127146363258362,0.5063861608505249,2
92,13,0.0210876542612907,0.7784546613693237,1.3892275094985962,0.4419824906757898,1.7881393432617188e-07,0.0,False,1.029707908630371,0.8943929253806161,4.213608264923096,0.30766209959983826,0.5006926655769348,2
92,14,0.059014083471245954,0.8012600541114807,1.400629997253418,0.2666925979512078,2.9802322387695312e-08,0.0,False,0.9880727529525757,0.8582290886525172,3.8894619941711426,0.33609384298324585,0.5021691918373108,2
92,15,0.04265803896443263,0.7886946201324463,1.3943474292755127,1.4029585804258073,1.1920928955078125e-07,0.0,False,1.043534755706787,0.9064027721554312,4.450475692749023,0.29093053936958313,0.5114622712135315,1
92,16,0.01425091857002346,0.7928099632263184,1.3964049816131592,0.40956843750817434,0.0,0.0,False,0.9394967555999756,0.8160365134461549,3.616614818572998,0.36170047521591187,0.5059046745300293,1
92,17,0.0026481035625862907,0.7805305123329163,1.3902651071548462,0.5826139247843197,1.4901161193847656e-07,0.0,False,0.9338119626045227,0.81109876498878,3.524146556854248,0.3706091344356537,0.5015852451324463,2
92,18,-0.03924159778618998,0.7959530353546143,1.3979763984680176,0.3822198627250535,1.1920928955078125e-07,0.0,False,0.9176492094993591,0.7970599760169056,3.4477572441101074,0.38053375482559204,0.5000031590461731,2
92,19,0.004103043255402785,0.7850075364112854,1.3925038576126099,0.11000920619283405,8.940696716308594e-08,0.0,False,0.9371153712272644,0.8139680692614367,3.5505521297454834,0.36805927753448486,0.5045214891433716,2
92,20,0.0049491443619137,0.7945296764373779,1.3972649574279785,0.15095911281449445,1.1920928955078125e-07,0.0,False,0.9799561500549316,0.8511790969520238,3.9094817638397217,0.33385202288627625,0.5002304315567017,2
92,21,0.007055602180737582,0.8001524806022644,1.400076150894165,0.18141629759754455,8.940696716308594e-08,0.0,False,0.910752534866333,0.7910696005436949,3.4333932399749756,0.3824749290943146,0.5029853582382202,1
92,22,0.017904360763674115,0.791171133518219,1.3955856561660767,0.33789653969662525,8.940696716308594e-08,0.0,False,0.9229479432106018,0.8016623976406405,3.560045003890991,0.36761969327926636,0.5025717616081238,1
92,23,0.03074443149612014,0.782231330871582,1.391115665435791,0.1406268764819418,0.0,0.0,False,0.9371870160102844,0.8140302991292822,3.7573163509368896,0.34694933891296387,0.500335156917572,1
92,24,0.08733485174183186,0.7868094444274902,1.3934047222137451,0.4406480677425861,0.0,0.0,False,0.955309271812439,0.829771090518312,3.955744981765747,0.32919594645500183,0.5009881854057312,1
93,1,-0.013727230443843629,0.7954486608505249,1.3977243900299072,1.2197259472949165,5.960464477539063e-08,0.0,False,1.0189673900604248,0.8850638294852019,4.357834815979004,0.2973337471485138,0.5298770070075989,2
93,2,-0.0771284994052313,0.7959968447685242,1.3979984521865845,0.2884616085461209,2.9802322387695312e-08,0.0,False,0.979759156703949,0.851007990701417,3.9605555534362793,0.32868772745132446,0.528904139995575,2
93,3,-0.008220187780455645,0.7921600341796875,1.3960800170898438,0.43958877878529673,0.0,0.0,False,0.979035496711731,0.8503794276186281,4.063671588897705,0.3193220794200897,0.5431516170501709,2
93,4,0.0013076101367634199,0.785640299320221,1.3928203582763672,0.13136906070368642,2.086162567138672e-07,0.0,False,0.952497661113739,0.8273289564949009,3.7921953201293945,0.3430228531360626,0.5330022573471069,2
93,5,0.0366103927574304,0.777112603187561,1.3885563611984253,0.11137943608420231,5.960464477539063e-08,0.0,False,0.9280185699462891,0.8060666880628407,3.5416100025177,0.3680245876312256,0.5165500044822693,2
93,6,0.09613003291528835,0.7287400960922241,1.3643699884414673,0.31471046166760586,5.960464477539063e-08,0.0,False,1.0213160514831543,0.8871038508767028,4.162835597991943,0.30807965993881226,0.5004978775978088,2
93,7,0.0015834772341625,0.6927670240402222,1.3463834524154663,1.232608390705926,5.960464477539063e-08,0.0,False,1.0826163291931152,0.9403485955738488,4.946629047393799,0.25508174300193787,0.5124844312667847,2
93,8,0.04550543822110146,0.7552079558372498,1.3776041269302368,0.726428210735321,1.4901161193847656e-07,0.0,False,0.9794472455978394,0.8507370681569615,3.791368246078491,0.3414360582828522,0.5055710077285767,2
93,9,-0.014741879298263927,0.7687473297119141,1.384373664855957,0.10645704610007137,0.0,0.0,False,1.002556324005127,0.8708093586252706,3.9556753635406494,0.32768070697784424,0.5077908039093018,2
93,10,-0.06669748114158881,0.7795419692993164,1.3897708654403687,0.29219987988471985,1.1920928955078125e-07,0.0,False,1.008135437965393,0.8756553154389766,4.062546730041504,0.3193586766719818,0.5125483274459839,2
93,11,0.03616715938867322,0.774263322353363,1.387131690979004,0.5328378943460328,2.9802322387695312e-08,0.0,False,0.9668921232223511,0.8398318274223723,3.7671031951904297,0.3451240062713623,0.510025143623352,2
93,12,-0.004427234195427729,0.7897039651870728,1.3948519229888916,0.36691251716443474,5.960464477539063e-08,0.0,False,0.9885198473930359,0.8586174299492803,3.9253361225128174,0.3317074775695801,0.514227569103241,2
93,13,0.004574164312202296,0.7984459400177002,1.3992228507995605,0.1033216331686293,1.1920928955078125e-07,0.0,False,1.002475619316101,0.8707392594230553,4.039797306060791,0.322523295879364,0.5145371556282043,2
93,14,-0.028661274580843492,0.7890591621398926,1.3945297002792358,0.05218281916209622,1.1920928955078125e-07,0.0,False,1.0077707767486572,0.8753385747305916,4.0434794425964355,0.32155105471611023,0.5146113634109497,2
93,15,0.023522322612199234,0.7833495140075684,1.3916748762130737,0.22630932501384182,1.1920928955078125e-07,0.0,False,1.0246622562408447,0.8900103273998695,4.1341962814331055,0.3138105869293213,0.5140572786331177,2
93,16,-0.04378066519117296,0.7830467224121094,1.3915233612060547,0.29307396284171516,0.0,0.0,False,0.9959738850593567,0.8650919248020444,3.9473252296447754,0.32929056882858276,0.5143006443977356,2
93,17,0.016203589514293706,0.7665095329284668,1.3832547664642334,0.3894927182367869,0.0,0.0,False,0.9794988036155701,0.8507818508821581,3.812239408493042,0.34014248847961426,0.5150700211524963,2
93,18,-0.03746788701360849,0.7893516421318054,1.394675850868225,0.49130812500204346,2.9802322387695312e-08,0.0,False,1.0142483711242676,0.8809649417172618,4.0796427726745605,0.3186390697956085,0.5130749940872192,2
93,19,0.02320950471647172,0.795099675655365,1.3975499868392944,0.1409287090812412,1.4901161193847656e-07,0.0,False,1.0178290605545044,0.8840750890391841,4.1126203536987305,0.31637996435165405,0.5127048492431641,2
93,20,0.01694653404182872,0.7967727184295654,1.3983863592147827,0.1496596123491014,0.0,0.0,False,1.0264761447906494,0.8915858509758049,4.134242057800293,0.31490617990493774,0.50762939453125,2
93,21,0.010237033285443608,0.7923007607460022,1.3961503505706787,0.4502806003604615,2.9802322387695312e-08,0.0,False,1.0277024507522583,0.8926510068003085,4.143044471740723,0.31391584873199463,0.5070667266845703,2
93,22,0.028006636884104374,0.7771351337432861,1.3885674476623535,0.3342528875385014,1.1920928955078125e-07,0.0,False,0.9972761869430542,0.8662230898457686,3.9091386795043945,0.33250975608825684,0.5025858879089355,2
93,23,0.03204411059107322,0.7861407399177551,1.3930704593658447,0.32624336438519635,8.940696716308594e-08,0.0,False,1.0306553840637207,0.8952158920855013,4.1618523597717285,0.31200700998306274,0.5072789788246155,2
93,24,0.020729006044429805,0.7720311284065247,1.3860156536102295,0.050925574132374335,8.940696716308594e-08,0.0,False,1.0343791246414185,0.8984502920553681,4.150399208068848,0.31200656294822693,0.5043399930000305,2
94,1,-0.0910113670745103,0.768103301525116,1.3840515613555908,1.365912763135774,8.940696716308594e-08,0.0,False,0.9965635538101196,0.8656041045712587,4.404513359069824,0.29268011450767517,0.5163685083389282,1
94,2,0.04455257377056923,0.8039832711219788,1.401991605758667,0.8075131593005999,2.9802322387695312e-08,0.0,False,1.0201166868209839,0.8860620959675621,4.480470180511475,0.2897722125053406,0.5132445693016052,2
94,3,0.01674316707880833,0.7927473783493042,1.3963737487792969,0.2401221213596208,5.960464477539063e-08,0.0,False,1.026454210281372,0.8915667989031201,4.545970439910889,0.285024493932724,0.5021761059761047,2
94,4,-0.1071951870395736,0.7890030741691589,1.3945015668869019,0.18324179308755056,2.9802322387695312e-08,0.0,False,0.9963830709457397,0.8654473391471021,4.131260871887207,0.3146664798259735,0.5054574012756348,1
94,5,0.09196308566347663,0.7706363201141357,1.3853182792663574,0.23953988083771294,1.1920928955078125e-07,0.0,False,1.0043880939483643,0.872400413782199,4.289793968200684,0.301162987947464,0.5113699436187744,1
94,6,0.028326695139282876,0.7741881608963013,1.3870940208435059,1.116369958434786,5.960464477539063e-08,0.0,False,0.9833524227142334,0.854129061901971,3.8879666328430176,0.334057480096817,0.5067955255508423,1
94,7,0.05472757999227766,0.7569612264633179,1.3784807920455933,0.7702003259743961,1.7881393432617188e-07,0.0,False,0.9864509105682373,0.8568203742564473,4.0245466232299805,0.32107749581336975,0.5042272806167603,1
94,8,-0.012050770671914655,0.7298775911331177,1.364938735961914,0.13286498188972473,5.960464477539063e-08,0.0,False,0.9842320680618286,0.8548931121429559,3.969106435775757,0.32372263073921204,0.5030732750892639,1
94,9,-0.018160239865085165,0.7221444845199585,1.3610724210739136,0.39217259202684673,1.7881393432617188e-07,0.0,False,0.9869729280471802,0.8572737928775712,3.9055287837982178,0.328603595495224,0.5022114515304565,1
94,10,0.013979082050705579,0.7358629703521729,1.3679313659667969,0.4184016021234649,1.1920928955078125e-07,0.0,False,0.9564511179924011,0.8307628855085918,3.6690733432769775,0.3516767919063568,0.5032216906547546,1
94,11,0.019180786774404608,0.7390613555908203,1.3695306777954102,0.42942122795752125,0.0,0.0,False,0.9776312112808228,0.849159680791307,3.8095383644104004,0.3384115397930145,0.5076170563697815,1
94,12,0.01113336142080429,0.7708202004432678,1.3854100704193115,0.2350824837173734,2.9802322387695312e-08,0.0,False,1.016718864440918,0.883110784947262,4.1444478034973145,0.3123215436935425,0.5069219470024109,1
94,13,0.04377091157610215,0.7507738471031189,1.3753869533538818,0.3986786774226596,2.9802322387695312e-08,0.0,False,0.9535455703735352,0.8282391589130305,3.693174362182617,0.35033848881721497,0.5114917755126953,1
94,14,0.0694622502728811,0.7870692014694214,1.3935346603393555,0.5843949392437935,5.960464477539063e-08,0.0,False,1.0117179155349731,0.8787670159189982,4.253048419952393,0.3050808608531952,0.5074359774589539,1
94,15,0.032306187533825276,0.773891806602478,1.3869459629058838,0.2547398379870823,5.960464477539063e-08,0.0,False,0.9778780937194824,0.8493741201528844,3.943185567855835,0.32903018593788147,0.5121447443962097,1
94,16,0.07589827213537838,0.7830522060394287,1.3915261030197144,0.11738216025488724,0.0,0.0,False,0.9759226441383362,0.8476756382274208,3.9303362369537354,0.33084988594055176,0.5114650726318359,1
94,17,0.013715622740817328,0.763689398765564,1.3818448781967163,0.36228752774851664,1.7881393432617188e-07,0.0,False,0.9765462279319763,0.8482172762285851,3.95509672164917,0.3270367681980133,0.5201065540313721,1
94,18,-0.008205386985228116,0.7894765734672546,1.3947384357452393,0.7869739000286375,1.4901161193847656e-07,0.0,False,0.9847966432571411,0.8553834959268434,4.058030128479004,0.32063618302345276,0.5050897598266602,1
94,19,-0.009497322672192476,0.7859076261520386,1.3929537534713745,0.3160111680626868,5.960464477539063e-08,0.0,False,0.9379962086677551,0.8147331549411545,3.665282726287842,0.35629087686538696,0.5006693601608276,2
94,20,-0.006465140243341159,0.7916349172592163,1.395817518234253,0.28616608253547127,5.960464477539063e-08,0.0,False,0.9717913269996643,0.8440872217547857,4.134120464324951,0.3147490322589874,0.5007795691490173,1
94,21,-0.02631211615358899,0.7897908091545105,1.394895315170288,0.1195633885051523,8.940696716308594e-08,0.0,False,0.9786612391471863,0.8500543516284434,4.146587371826172,0.3135777711868286,0.5028524398803711,2
94,22,0.017742658110885563,0.7899680137634277,1.3949840068817139,0.02502758268799099,0.0,0.0,False,0.9749858975410461,0.8468619904711313,4.114181995391846,0.3162286877632141,0.5006115436553955,2
94,23,0.04228746125990283,0.80543053150177,1.4027153253555298,0.039449865264551964,5.960464477539063e-08,0.0,False,0.9662630558013916,0.8392854264030366,4.078224182128906,0.32023295760154724,0.5003828406333923,2
94,24,-0.06648792183336479,0.8155156970024109,1.4077578783035278,0.3206828853913716,2.9802322387695312e-08,0.0,False,0.9719298481941223,0.8442075397355452,4.204939842224121,0.3107846975326538,0.5021042823791504,1
95,1,-0.019794544145285666,0.7852416634559631,1.3926209211349487,1.3968801679355758,8.940696716308594e-08,0.0,False,0.9899702668190002,0.8598772482555634,4.292335510253906,0.30218321084976196,0.5022315979003906,2
95,2,0.04361733165198177,0.8073588013648987,1.4036794900894165,0.46373218297958374,8.940696716308594e-08,0.0,False,0.9781544804573059,0.8496141866231004,4.132355690002441,0.3159973919391632,0.5000001192092896,2
95,3,0.03085185163066326,0.8008274435997009,1.4004138708114624,0.24093699402042798,1.4901161193847656e-07,0.0,False,1.0034761428833008,0.8716083031515534,4.290010452270508,0.30339980125427246,0.501440167427063,2
95,4,-0.01749016374377642,0.7884242534637451,1.3942121267318726,0.9630263006048544,0.0,0.0,False,0.9712710380554199,0.8436353045198245,3.989683151245117,0.3263712525367737,0.5019949078559875,1
95,5,0.02896909367845228,0.8213015198707581,1.4106507301330566,1.3132154835121974,2.9802322387695312e-08,0.0,False,0.9686229825019836,0.8413352326905632,3.9474120140075684,0.33245447278022766,0.5009303689002991,2
95,6,0.06069124650854693,0.8126416206359863,1.4063209295272827,0.35722920830760685,1.1920928955078125e-07,0.0,False,0.9701206088066101,0.842636054370668,3.9130897521972656,0.33480244874954224,0.5029202699661255,2
95,7,0.08305943308843938,0.8074974417686462,1.4037487506866455,0.4477684582982743,2.9802322387695312e-08,0.0,False,0.9579336643218994,0.8320506088887258,3.887819766998291,0.33676910400390625,0.500041663646698,1
95,8,-0.09173534762504994,0.7552530765533447,1.3776264190673828,0.25058167214904503,1.1920928955078125e-07,0.0,False,0.9912593364715576,0.8609969199293527,4.08027458190918,0.3164229094982147,0.5031079649925232,1
95,9,0.015262805712989755,0.7642084956169128,1.3821043968200684,0.3761280881507056,1.4901161193847656e-07,0.0,False,0.977241039276123,0.8488207816940385,3.8238282203674316,0.3390796482563019,0.5077943801879883,2
95,10,-0.0008378160597496331,0.7948678731918335,1.3974339962005615,0.22237655201128537,5.960464477539063e-08,0.0,False,0.9154677987098694,0.7951652266796264,3.4528942108154297,0.37975332140922546,0.5035614967346191,2
95,11,0.018846161225702533,0.7777028679847717,1.388851284980774,0.16154963629586347,1.4901161193847656e-07,0.0,False,0.945640504360199,0.8213729058156848,3.5979361534118652,0.36244556307792664,0.5034507513046265,2
95,12,-0.037723263757279364,0.8041951060295105,1.402097463607788,0.12693988638264792,8.940696716308594e-08,0.0,False,0.9362092614173889,0.813181032280582,3.556941032409668,0.3691224455833435,0.5002840757369995,2
95,13,0.01706817712900888,0.7751365900039673,1.3875682353973389,0.33393390263829925,5.960464477539063e-08,0.0,False,1.0153379440307617,0.8819113327191052,4.022397041320801,0.3226845860481262,0.500420868396759,2
95,14,-0.001702954497066418,0.7906314134597778,1.3953155279159546,0.5711948339428221,1.7881393432617188e-07,0.0,False,1.0177650451660156,0.884019485979229,4.097357749938965,0.31762123107910156,0.5009214878082275,2
95,15,-0.037557010659446846,0.7713780403137207,1.3856890201568604,0.629675536283425,0.0,0.0,False,0.9546406269073486,0.8291903129330451,3.6304256916046143,0.358643501996994,0.5000016093254089,2
95,16,0.019367687675718632,0.7418180704116821,1.3709089756011963,0.1984061992594173,5.960464477539063e-08,0.0,False,0.9292705655097961,0.8071541575920376,3.48403263092041,0.3716064393520355,0.5004005432128906,2
95,17,0.011442344572927202,0.7497182488441467,1.374859094619751,0.25977513779486927,2.9802322387695312e-08,0.0,False,0.9998611807823181,0.868468386966061,4.135740756988525,0.31159478425979614,0.5039626359939575,2
95,18,0.01170011956720322,0.7517879009246826,1.3758940696716309,0.2486822477408819,1.1920928955078125e-07,0.0,False,0.9819943904876709,0.8529494900974853,3.8135643005371094,0.33918625116348267,0.5022734999656677,2
95,19,0.023818039732416727,0.7438601851463318,1.3719300031661987,0.49263160356453495,8.940696716308594e-08,0.0,False,1.0313763618469238,0.8958421254311413,4.458176612854004,0.28763264417648315,0.5097771286964417,2
95,20,-0.009142373754270744,0.7409169673919678,1.3704584836959839,0.23692377763135097,0.0,0.0,False,1.0589596033096313,0.9198006245516589,4.778988361358643,0.26729485392570496,0.5105095505714417,2
95,21,0.010107843366323256,0.7804881930351257,1.3902441263198853,0.37770047570977894,2.9802322387695312e-08,0.0,False,1.0025372505187988,0.8707927916055447,4.041934013366699,0.3212725520133972,0.5069975852966309,2
95,22,0.012398288867927943,0.7835357785224915,1.3917678594589233,0.5795117127043861,2.9802322387695312e-08,0.0,False,1.0129131078720093,0.8798051467925739,4.021145343780518,0.3234073519706726,0.5001411437988281,2
95,23,-0.004088548654405531,0.7936079502105713,1.3968040943145752,0.4549662832702908,1.1920928955078125e-07,0.0,False,1.0152571201324463,0.8818411299730166,4.066843509674072,0.3201899528503418,0.5055989027023315,2
95,24,0.004086571849089827,0.7947695255279541,1.397384762763977,0.09721292981079638,0.0,0.0,False,1.0269309282302856,0.8919808708523949,4.145482063293457,0.31393176317214966,0.5056420564651489,2
96,1,0.043681783105306335,0.8250094652175903,1.4125049114227295,1.4197433505739485,1.7881393432617188e-07,0.0,False,0.9367722272872925,0.81367001822218,3.6612582206726074,0.3594758212566376,0.5145196914672852,2
96,2,-0.003778969124468224,0.8147936463356018,1.407396912574768,0.4164247033851488,8.940696716308594e-08,0.0,False,1.0148723125457764,0.8815068903500461,4.313999652862549,0.302268385887146,0.51080322265625,2
96,3,0.002982910551604734,0.8241786956787109,1.4120893478393555,0.3822932126266615,0.0,0.0,False,0.968711256980896,0.8414119069287322,3.8717360496520996,0.3391931354999542,0.5097750425338745,2
96,4,-0.025108179142162207,0.7923144102096558,1.396157145500183,0.17624432806457785,5.960464477539063e-08,0.0,False,0.9422988891601562,0.8184704157316396,3.661393642425537,0.35701125860214233,0.5079452991485596,3
96,5,-0.010642869126476818,0.7628495097160339,1.381424903869629,0.24079742389065895,1.4901161193847656e-07,0.0,False,0.9810113906860352,0.8520956673183605,3.941342353820801,0.3283878564834595,0.5113122463226318,3
96,6,0.016793969308494597,0.7671121954917908,1.3835561275482178,0.9644631040947778,2.9802322387695312e-08,0.0,False,1.0258047580718994,0.8910026918814523,4.232008457183838,0.30537939071655273,0.5051887035369873,3
96,7,0.024963289579633802,0.7619343996047974,1.380967140197754,0.8393806687423162,5.960464477539063e-08,0.0,False,1.040703535079956,0.9039436051648645,4.444416046142578,0.2897869944572449,0.5069060921669006,3
96,8,0.024038869263150926,0.7251981496810913,1.3625991344451904,0.6799034540142331,5.960464477539063e-08,0.0,False,1.040459394454956,0.9037315473123726,4.624391078948975,0.2756124436855316,0.5137841105461121,3
96,9,-0.057337546374655275,0.7246934771537781,1.3623466491699219,0.8467110523155756,8.940696716308594e-08,0.0,False,1.0172230005264282,0.883548671987393,4.14189338684082,0.30938875675201416,0.501203715801239,7
96,10,0.04280735837308475,0.7685772776603699,1.3842885494232178,0.5758516724620546,8.940696716308594e-08,0.0,False,0.9757843613624573,0.8475555273344078,3.9472012519836426,0.3284444808959961,0.5060708522796631,2
96,11,-0.02187665015793016,0.7976961135864258,1.398848056793213,0.9558696619101933,0.0,0.0,False,1.021409511566162,0.8871850292733598,4.137322902679443,0.314695805311203,0.5086746215820312,2
96,12,-0.0039197898804225195,0.8051667213439941,1.402583360671997,0.9738532602787018,0.0,0.0,False,0.9564088582992554,0.8307261792055115,3.6962010860443115,0.35475972294807434,0.5004801750183105,2
96,13,-0.015822855467673282,0.8037394881248474,1.401869773864746,0.2828401114259447,2.9802322387695312e-08,0.0,False,0.9681974053382874,0.8409655810629285,3.894909620285034,0.33584529161453247,0.5001855492591858,7
96,14,0.0535320909992182,0.8073220252990723,1.4036610126495361,0.8752864854676382,0.0,0.0,False,1.0440647602081299,0.9068631282160653,4.71957540512085,0.27479490637779236,0.5045620799064636,2
96,15,-0.028247802339142408,0.7382447123527527,1.3691225051879883,1.4210576393774577,1.4901161193847656e-07,0.0,False,0.9432750940322876,0.8193183365099871,3.665416955947876,0.35189688205718994,0.5174025297164917,6
96,16,-0.09605486213944323,0.7918546199798584,1.3959274291992188,0.5643623290317399,1.1920928955078125e-07,0.0,False,0.9860207438468933,0.8564467361896911,4.1134538650512695,0.316190630197525,0.508974015712738,6
96,17,0.06320043801107753,0.8229432702064514,1.4114717245101929,1.282016421003001,8.940696716308594e-08,0.0,False,0.9662851691246033,0.8393046337915314,3.9279861450195312,0.333912193775177,0.513930082321167,2
96,18,0.02628089913812652,0.8434264063835144,1.42171311378479,0.9246517371918476,8.940696716308594e-08,0.0,False,0.9467461109161377,0.8223332234684853,3.9471943378448486,0.33407801389694214,0.5006887316703796,6
96,19,-0.01195185814272453,0.8311960101127625,1.415597915649414,0.17789960386497625,8.940696716308594e-08,0.0,False,0.9638310670852661,0.8371730278441081,3.8545305728912354,0.34158143401145935,0.5001031756401062,6
96,20,-0.007135198045165612,0.8218823671340942,1.410941243171692,1.1843814945646696,5.960464477539063e-08,0.0,False,1.0159015655517578,0.8824008881520062,4.187721252441406,0.3125416338443756,0.5023041367530823,6
96,21,-0.02289912376360539,0.8398287892341614,1.4199144840240479,0.4245999583176205,8.940696716308594e-08,0.0,False,1.0447638034820557,0.9074703094890204,4.455863952636719,0.2939290702342987,0.502736508846283,6
96,22,-0.0035133838984954327,0.827211856842041,1.41360604763031,0.5316485166549683,1.1920928955078125e-07,0.0,False,1.0406709909439087,0.9039153376874571,4.396031856536865,0.2974005937576294,0.5012825131416321,6
96,23,-0.0018100287761639777,0.8191521763801575,1.409576177597046,0.7162406210388457,8.940696716308594e-08,0.0,False,1.0370070934295654,0.9007329167419804,4.547365188598633,0.28641173243522644,0.5056184530258179,6
96,24,0.00028297573236671066,0.796391487121582,1.3981958627700806,0.9522504274334227,1.1920928955078125e-07,0.0,False,1.0075311660766602,0.8751304515452847,4.258847713470459,0.3054533004760742,0.5005396008491516,7
97,1,-0.026885886979048076,0.8145937919616699,1.407296895980835,1.4867433245692934,0.0,0.0,False,0.9200330972671509,0.7991305946229629,3.4877727031707764,0.3775489926338196,0.5028594732284546,2
97,2,-0.042562833790409545,0.8214296698570251,1.410714864730835,0.33920281486851833,2.9802322387695312e-08,0.0,False,0.9157726168632507,0.7954299883636213,3.4787559509277344,0.3790528178215027,0.5064143538475037,2
97,3,0.022337918290550613,0.8010331988334656,1.4005166292190552,0.3690958480749812,2.9802322387695312e-08,0.0,False,0.9202204942703247,0.79929336559177,3.485239028930664,0.37668633460998535,0.5018296241760254,3
97,4,-0.005638358508901537,0.7879027724266052,1.3939512968063354,0.4548448813813073,8.940696716308594e-08,0.0,False,0.9723345637321472,0.8445590711853547,3.799304485321045,0.34341686964035034,0.5001358985900879,3
97,5,-0.010410472798529052,0.8041115403175354,1.4020557403564453,0.5314564215285438,2.9802322387695312e-08,0.0,False,1.0521807670593262,0.9139126021971924,4.5744805335998535,0.2836391031742096,0.5093216896057129,3
97,6,0.028940276464566896,0.8056718111038208,1.4028358459472656,0.23391427844762805,5.960464477539063e-08,0.0,False,1.006034016609192,0.873830044040673,4.142445087432861,0.3150765001773834,0.5000416040420532,3
97,7,-0.009301367887512443,0.7977406978607178,1.3988704681396484,0.27210548307214466,1.1920928955078125e-07,0.0,False,0.997680127620697,0.8665739482604017,4.126153469085693,0.3157874643802643,0.5014901757240295,7
97,8,0.03447405507002557,0.8072807192802429,1.4036402702331543,0.23451552859374455,8.940696716308594e-08,0.0,False,0.9958369135856628,0.8649729528916377,4.172607421875,0.31268227100372314,0.5044471621513367,7
97,9,0.00835574386046017,0.7974051237106323,1.398702621459961,0.4771059900522232,5.960464477539063e-08,0.0,False,1.0172858238220215,0.8836032396086152,4.29787540435791,0.3025345206260681,0.5036540627479553,7
97,10,0.061315198246177254,0.8097062706947327,1.404853105545044,0.5655138801251138,2.9802322387695312e-08,0.0,False,0.9955378174781799,0.8647131613135606,4.197037696838379,0.3109293282032013,0.5048863291740417,2
97,11,-0.0025723752589566374,0.8071337342262268,1.403566837310791,0.48655265090720995,2.9802322387695312e-08,0.0,False,1.0374512672424316,0.901118721213848,4.268840312957764,0.3053909242153168,0.5013337135314941,2
97,12,0.004842729884811308,0.8124808669090271,1.4062403440475464,0.8987975269556046,8.940696716308594e-08,0.0,False,0.907752275466919,0.7884636083408071,3.399977445602417,0.38751551508903503,0.5016496777534485,2
97,13,0.023343380905863003,0.8082621097564697,1.4041309356689453,0.17986276745796204,1.1920928955078125e-07,0.0,False,0.9647694826126099,0.8379881252146235,3.722933292388916,0.35230669379234314,0.5022848844528198,2
97,14,0.0030829040570046207,0.7854716777801514,1.3927358388900757,0.4106609970331192,0.0,0.0,False,1.0375394821166992,0.9011953436800803,4.177645206451416,0.31092607975006104,0.5000075697898865,2
97,15,0.04595026729791232,0.7969123125076294,1.3984562158584595,0.6173728683165141,5.960464477539063e-08,0.0,False,1.0356340408325195,0.8995402984094605,4.175737380981445,0.31180429458618164,0.501939058303833,2
97,16,-0.03517019709478844,0.78835129737854,1.3941755294799805,0.6682521658284322,1.1920928955078125e-07,0.0,False,1.0270252227783203,0.8920627740561649,4.164494037628174,0.31212395429611206,0.5009286999702454,2
97,17,-0.04688141694774251,0.7888301014900208,1.394415020942688,0.4840434193611145,2.9802322387695312e-08,0.0,False,1.0403289794921875,0.9036182703149966,4.261475563049316,0.3046756684780121,0.5034308433532715,2
97,18,0.0492835280922421,0.7857038378715515,1.3928519487380981,0.7305407140936169,2.9802322387695312e-08,0.0,False,1.0247724056243896,0.8901060019387868,4.112405776977539,0.3159370720386505,0.505630373954773,2
97,19,0.012428106697646265,0.801422655582428,1.4007112979888916,0.7035140288727624,2.9802322387695312e-08,0.0,False,1.015540599822998,0.8820873573036931,4.051723957061768,0.3221401274204254,0.5002099275588989,2
97,20,-0.038886699567365866,0.7901341915130615,1.3950670957565308,0.2008533030748367,0.0,0.0,False,1.023233413696289,0.8887692505346513,4.113526344299316,0.31628280878067017,0.5009797811508179,2
97,21,0.0679802333882558,0.7726660966873169,1.3863331079483032,0.5689849044595445,5.960464477539063e-08,0.0,False,1.006279706954956,0.8740434479635175,3.957810878753662,0.32798469066619873,0.5002886056900024,2
97,22,0.06721404408710994,0.7918612957000732,1.395930528640747,0.643893009849957,1.1920928955078125e-07,0.0,False,1.0325571298599243,0.8968677274960491,4.185693740844727,0.31073448061943054,0.5001706480979919,2
97,23,-0.06407095878957748,0.7681472301483154,1.3840736150741577,0.10991579719952183,0.0,0.0,False,1.038191556930542,0.9017617286669604,4.154567241668701,0.3115202784538269,0.5000789761543274,2
97,24,0.028359818425893746,0.7717040777206421,1.3858519792556763,0.6299132427998952,5.960464477539063e-08,0.0,False,1.01126229763031,0.8783712712352952,3.9883604049682617,0.3253021240234375,0.5002374053001404,2
98,1,0.007016423248481579,0.8085616230964661,1.4042809009552002,1.3070082664489746,8.940696716308594e-08,0.0,False,0.9739445447921753,0.8459574829660325,3.912234306335449,0.33427008986473083,0.5137786865234375,2
98,2,-0.043551711020037624,0.8104092478752136,1.40520441532135,0.09405321202107841,2.086162567138672e-07,0.0,False,0.9942945241928101,0.8636332504871136,4.060580730438232,0.32159423828125,0.5159510374069214,2
98,3,-0.008297794277274215,0.8046441078186035,1.4023220539093018,0.15435334401471273,0.0,0.0,False,0.9614651799201965,0.8351180443629171,3.8107573986053467,0.34300342202186584,0.5229066610336304,2
98,4,-0.0124307465370308,0.8012348413467407,1.400617241859436,0.03767955728939598,1.7881393432617188e-07,0.0,False,0.9620323777198792,0.8356107061120168,3.8192780017852783,0.34187301993370056,0.5255815982818604,2
98,5,0.1455434428557868,0.8001275658607483,1.4000638723373413,0.10871515529496334,8.940696716308594e-08,0.0,False,0.9328979253768921,0.8103048423403517,3.6161837577819824,0.36183229088783264,0.5246092081069946,2
98,6,-0.06649780137351763,0.7987164855003357,1.3993582725524902,1.1850037532193318,2.9802322387695312e-08,0.0,False,1.0746042728424072,0.933389411850228,5.206954002380371,0.2471061497926712,0.5124450325965881,2
98,7,-0.14950055943011326,0.7991390824317932,1.3995696306228638,1.06446025627,8.940696716308594e-08,0.0,False,1.0098137855529785,0.8771131096309845,4.319818496704102,0.30052390694618225,0.5222412943840027,2
98,8,0.07898054142627839,0.7575419545173645,1.3787710666656494,0.24452875767435356,8.940696716308594e-08,0.0,False,0.9941012263298035,0.8634653540965787,4.0391926765441895,0.3199957311153412,0.5008207559585571,2
98,9,0.038905094404723325,0.784631073474884,1.3923156261444092,0.7886343896389008,8.940696716308594e-08,0.0,False,0.9945565462112427,0.8638608399205985,4.110701560974121,0.31607791781425476,0.5026828050613403,2
98,10,0.004503776748559359,0.7972585558891296,1.3986291885375977,0.20764825493097305,8.940696716308594e-08,0.0,False,0.9921272397041321,0.8617507710988188,4.02558708190918,0.32392701506614685,0.5037062764167786,2
98,11,0.05431221767003998,0.8011803030967712,1.4005903005599976,0.040555231273174286,1.4901161193847656e-07,0.0,False,0.9860475063323975,0.856469981789244,3.9835994243621826,0.32771191000938416,0.5058836936950684,2
98,12,0.016202826336377804,0.794305145740509,1.3971525430679321,0.295820479946477,2.9802322387695312e-08,0.0,False,0.955470860004425,0.8299114442385526,3.6848092079162598,0.3549477458000183,0.503122091293335,2
98,13,0.015630145734378743,0.7571770548820496,1.3785884380340576,0.8432810327836446,8.940696716308594e-08,0.0,False,1.0284786224365234,0.8933251809592803,4.303564548492432,0.29937025904655457,0.507267951965332,1
98,14,-0.08408649097902436,0.7820427417755127,1.3910213708877563,0.7329452463558741,0.0,0.0,False,0.9314761161804199,0.8090698745636574,3.5583302974700928,0.3670680820941925,0.500914990901947,2
98,15,0.02729918567319713,0.7784650921821594,1.3892323970794678,0.5128084527594703,1.4901161193847656e-07,0.0,False,0.9478471875190735,0.8232896064541009,3.6260008811950684,0.35966265201568604,0.5011177062988281,2
98,16,0.0016954965490851527,0.7928406000137329,1.3964204788208008,0.13000475083078647,1.7881393432617188e-07,0.0,False,0.906721830368042,0.787568575100114,3.368489980697632,0.38952457904815674,0.5001118183135986,2
98,17,-0.0074984165027884115,0.7993268370628357,1.3996634483337402,0.6849729035581861,2.9802322387695312e-08,0.0,False,0.9191383123397827,0.7983533943100705,3.4725992679595947,0.3779188394546509,0.5032706260681152,2
98,18,-0.008700736926446195,0.799864649772644,1.3999325037002563,0.7836908219116074,1.7881393432617188e-07,0.0,False,0.9591357111930847,0.8330946935350155,3.6978976726531982,0.3540812134742737,0.503459632396698,2
98,19,-0.0006234467169578392,0.7994064092636108,1.3997032642364502,0.24276696571281986,5.960464477539063e-08,0.0,False,1.0164695978164673,0.8828942747082189,4.090086936950684,0.3187621235847473,0.5032559633255005,2
98,20,-0.004074522660717609,0.7920126914978027,1.3960063457489014,0.23148447488035478,0.0,0.0,False,1.020378589630127,0.8862895818571737,4.1115922927856445,0.3165322542190552,0.5023402571678162,2
98,21,-0.002629652709799691,0.7843782901763916,1.3921890258789062,0.09604017010756902,1.1920928955078125e-07,0.0,False,1.0185562372207642,0.884706706666235,4.069814682006836,0.3193870484828949,0.5020930171012878,2
98,22,0.08233173688580057,0.7799370288848877,1.3899682760238647,0.07640660873481214,2.384185791015625e-07,0.0,False,1.0052709579467773,0.8731672597077628,3.9932796955108643,0.3253783881664276,0.5044771432876587,2
98,23,0.026007762836903783,0.7685098648071289,1.384255051612854,0.7621160681758609,1.1920928955078125e-07,0.0,False,1.0069854259490967,0.8746564276933767,4.053554058074951,0.31959977746009827,0.5013602375984192,2
98,24,0.02402967175403202,0.7645246386528015,1.3822622299194336,0.3295996849025999,8.940696716308594e-08,0.0,False,1.0451689958572388,0.907822255114323,4.745379447937012,0.27069392800331116,0.5084645748138428,2
99,1,-0.06197437482820783,0.7885540723800659,1.3942770957946777,1.3289560143436705,5.960464477539063e-08,0.0,False,1.0080146789550781,0.8755504254953368,4.4267897605896,0.2925351560115814,0.5121064186096191,1
99,2,0.03455455114202264,0.7792627811431885,1.3896312713623047,0.46950992728982655,1.1920928955078125e-07,0.0,False,1.0004639625549316,0.8689919565613369,4.412437438964844,0.2928728759288788,0.5149224996566772,1
99,3,-0.035371177990337385,0.8224871158599854,1.4112434387207031,1.077477979872908,1.1920928955078125e-07,0.0,False,1.0083239078521729,0.8758190183026434,4.2116289138793945,0.3102761507034302,0.5177206993103027,1
99,4,0.030241542727824353,0.8144099116325378,1.4072047472000122,0.7050833765949521,2.086162567138672e-07,0.0,False,1.0227549076080322,0.8883536254272771,4.379819393157959,0.2970751225948334,0.5250263214111328,1
99,5,0.025361067943140095,0.809657096862793,1.404828667640686,0.1107826105185917,1.1920928955078125e-07,0.0,False,1.0066611766815186,0.874374788358036,4.252213001251221,0.3063991665840149,0.5157134532928467,1
99,6,-0.015305588387201766,0.8054779171943665,1.4027390480041504,0.15381253830024183,8.940696716308594e-08,0.0,False,0.9861109852790833,0.8565251189017694,4.1638922691345215,0.313060998916626,0.5109701752662659,1
99,7,0.05309455575557045,0.8189415335655212,1.409470796585083,0.4343595696347101,2.9802322387695312e-08,0.0,False,1.038854718208313,0.902337743234056,4.355167388916016,0.2994309067726135,0.5143410563468933,1
99,8,-0.05432684078385388,0.8084592819213867,1.404229760169983,0.41304563837391994,1.1920928955078125e-07,0.0,False,1.0180448293685913,0.8842625034498336,4.090048313140869,0.31944966316223145,0.5013800859451294,1
99,9,0.007181235514582907,0.7935454845428467,1.3967727422714233,0.47320039570331573,0.0,0.0,False,1.0156710147857666,0.8822006343010691,4.062000751495361,0.320711612701416,0.5009332299232483,1
99,10,-0.03719115013957209,0.7901744246482849,1.3950873613357544,0.2285389623471669,1.4901161193847656e-07,0.0,False,1.0393798351287842,0.9027938539958853,4.214633464813232,0.3083961308002472,0.5000631809234619,1
99,11,0.0753550042506572,0.7764025330543518,1.3882009983062744,0.5414807860340392,2.682209014892578e-07,0.0,False,1.0341154336929321,0.8982212530076571,4.157351970672607,0.3118765950202942,0.5001528859138489,1
99,12,-0.05699945161558193,0.7799709439277649,1.3899855613708496,0.4847702192408697,8.940696716308594e-08,0.0,False,1.0318982601165771,0.8962954405083918,4.144642353057861,0.31309059262275696,0.5013566017150879,1
99,13,0.0374838384213687,0.7570478916168213,1.3785239458084106,0.6950052316699709,0.0,0.0,False,1.0129673480987549,0.8798522592549195,4.014542579650879,0.3220064640045166,0.5006468296051025,1
99,14,-0.012554020665880853,0.7646268010139465,1.3823133707046509,0.5919163014207567,2.9802322387695312e-08,0.0,False,1.0142202377319336,0.880940505363166,4.029731273651123,0.32128581404685974,0.5012269020080566,1
99,15,0.03455707404433865,0.75449538230896,1.3772480487823486,0.7000265834586961,3.5762786865234375e-07,0.0,False,0.93869948387146,0.8153440120216113,3.5532963275909424,0.36516690254211426,0.503105640411377,1
99,16,0.001053771486030525,0.7892477512359619,1.394623875617981,0.5129026078752109,0.0,0.0,False,0.9785676598548889,0.8499730696879132,3.8034133911132812,0.34304606914520264,0.5034605264663696,1
99,17,-0.024211877152090253,0.7797670960426331,1.3898833990097046,0.43573204534394394,1.4901161193847656e-07,0.0,False,1.0011368989944458,0.8695764617260421,4.043498516082764,0.32093438506126404,0.5128904581069946,1
99,18,0.10523762819111833,0.7797221541404724,1.3898612260818481,1.1946066554103578,1.4901161193847656e-07,0.0,False,0.8914169669151306,0.7742749396123497,3.314563274383545,0.39478862285614014,0.5024892687797546,1
99,19,0.012409692906622534,0.7872685194015503,1.3936344385147095,0.5602111417268004,1.7881393432617188e-07,0.0,False,0.9435896873474121,0.8195915887915916,3.864926815032959,0.33730998635292053,0.5000495910644531,1
99,20,-0.0276053236580253,0.7757977247238159,1.3878989219665527,0.1500021075563771,5.960464477539063e-08,0.0,False,0.9503100514411926,0.8254288228762108,4.024702072143555,0.3225436806678772,0.5002918243408203,1
99,21,-0.014287322563477967,0.7658236026763916,1.3829116821289062,0.0774178967944214,1.1920928955078125e-07,0.0,False,0.9727760553359985,0.8449425459200731,4.158648490905762,0.3110242486000061,0.5006629824638367,1
99,22,0.03040790061052491,0.7744344472885132,1.3872172832489014,0.5197064397590501,5.960464477539063e-08,0.0,False,0.9533975720405579,0.8281106091943446,3.841676950454712,0.3383016586303711,0.5052984952926636,2
99,23,-0.02388797985678366,0.7705862522125244,1.3852931261062622,0.2320610157081058,0.0,0.0,False,0.9553893804550171,0.8298406720011609,3.994521141052246,0.32452279329299927,0.5069501996040344,2
99,24,-0.003964783991923103,0.7511478662490845,1.3755738735198975,0.14929830602237143,5.960464477539063e-08,0.0,False,0.9864828586578369,0.8568481240144883,4.038074016571045,0.31953486800193787,0.5041619539260864,2
100,1,-0.0065682776251006405,0.8142945766448975,1.4071472883224487,1.437545310173716,0.0,0.0,False,0.9380994439125061,0.814822823935421,3.6009745597839355,0.36508268117904663,0.5070623755455017,2
100,2,0.06240234118448007,0.8198553919792175,1.4099276065826416,0.3172935460294997,8.940696716308594e-08,0.0,False,0.9264060258865356,0.804666050088887,3.5327188968658447,0.3728226125240326,0.5092714428901672,2
100,3,-0.03185947267003393,0.8077619671821594,1.4038811922073364,0.25455609176840094,2.086162567138672e-07,0.0,False,0.991610050201416,0.8613015460045631,4.0095906257629395,0.32613182067871094,0.5000517964363098,2
100,4,0.020032835055145908,0.8056380748748779,1.402819275856018,0.27318924346140455,2.384185791015625e-07,0.0,False,0.9442049264907837,0.8201259787216258,3.630068778991699,0.3612792193889618,0.5089647769927979,2
100,5,0.018886091413967424,0.7940777540206909,1.3970388174057007,0.16125533729791647,5.960464477539063e-08,0.0,False,0.9847711324691772,0.8553613375379598,3.8887295722961426,0.33545103669166565,0.5083093047142029,2
100,6,0.08769106455160408,0.811412513256073,1.4057061672210693,1.209829528416906,8.940696716308594e-08,0.0,False,1.0405068397521973,0.9037727577739408,4.505192279815674,0.28890982270240784,0.5005267858505249,6
100,7,0.003505971390454502,0.8032010197639465,1.4016005992889404,1.073745877615043,8.940696716308594e-08,0.0,False,1.0446909666061401,0.9074070441824421,4.612915515899658,0.2813646197319031,0.5000021457672119,6
100,8,0.007151142728219839,0.7946884632110596,1.3973443508148193,0.3063671163150242,1.1920928955078125e-07,0.0,False,1.0443611145019531,0.9071205382850569,4.647198677062988,0.2786670923233032,0.5008262991905212,6
100,9,-0.023334969238782637,0.7771035432815552,1.3885517120361328,1.403095924428531,5.960464477539063e-08,0.0,False,1.0731093883514404,0.9320909716792086,4.82434606552124,0.26696619391441345,0.5003000497817993,7
100,10,0.019187228526815713,0.7471998333930969,1.3736000061035156,0.2687472722360066,8.940696716308594e-08,0.0,False,1.0651830434799194,0.9252062360004812,4.880540370941162,0.2620584964752197,0.5010542869567871,7
100,11,-0.006850344357302988,0.7589443922042847,1.379472255706787,0.6255031526088715,5.960464477539063e-08,0.0,False,1.044512391090393,0.9072519354602581,4.7418670654296875,0.270797997713089,0.5,1
100,12,0.04262348408555892,0.7478160262107849,1.3739081621170044,0.8096477729933603,1.4901161193847656e-07,0.0,False,0.9897899031639099,0.8597205863752801,3.9245426654815674,0.3289141058921814,0.5031330585479736,2
100,13,-0.02491434529941783,0.7716529369354248,1.385826587677002,0.16961578918354853,1.1920928955078125e-07,0.0,False,1.0032413005828857,0.8714043217211779,4.036888599395752,0.3211759924888611,0.5023295879364014,2
100,14,-0.011455091388565528,0.760466456413269,1.3802334070205688,0.3649384432605334,1.7881393432617188e-07,0.0,False,0.9968612790107727,0.865862705394793,3.9930896759033203,0.3240739703178406,0.5000535249710083,2
100,15,-0.01152004270177429,0.7563879489898682,1.3781938552856445,0.4939392464501516,1.1920928955078125e-07,0.0,False,1.0198262929916382,0.8858098630922349,4.052492141723633,0.3187697231769562,0.5027948021888733,2
100,16,0.009020743816120943,0.7491781711578369,1.374588966369629,0.11293856799602509,1.1920928955078125e-07,0.0,False,1.0233768224716187,0.8888938138142156,4.035261631011963,0.31972190737724304,0.5001293420791626,2
100,17,0.04316420195317306,0.7720345258712769,1.3860173225402832,0.9779559842177801,5.960464477539063e-08,0.0,False,1.0381593704223633,0.9017337718211728,4.244661808013916,0.3045555651187897,0.5130962133407593,2
100,18,-0.0002730284702437561,0.7681621313095093,1.384081244468689,0.2170497753790448,1.7881393432617188e-07,0.0,False,1.0372889041900635,0.900977694458431,4.20626974105835,0.3073791563510895,0.5059969425201416,2
100,19,0.01601384335433598,0.7585051655769348,1.3792526721954346,0.5883419364690781,8.940696716308594e-08,0.0,False,1.0397990942001343,0.9031580177982358,4.151035785675049,0.3111196458339691,0.5000349879264832,2
100,20,-0.014659651522727773,0.7825732827186584,1.3912866115570068,0.5542534653629576,2.9802322387695312e-08,0.0,False,1.0220410823822021,0.8877336047140345,4.136756420135498,0.31361711025238037,0.5117100477218628,2
100,21,-0.022231163223949905,0.7828152179718018,1.3914074897766113,0.39280702599457334,1.1920928955078125e-07,0.0,False,1.0301930904388428,0.8948143489448942,4.166983604431152,0.3114818036556244,0.5034045577049255,2
100,22,-0.04837148955717438,0.7537215948104858,1.3768608570098877,0.4534195831843785,5.960464477539063e-08,0.0,False,1.0335432291030884,0.8977242424158794,4.125532627105713,0.3127816319465637,0.5000000596046448,2
100,23,-0.018617088003310342,0.7602373361587524,1.3801186084747314,0.1399950278656824,5.960464477539063e-08,0.0,False,1.028991937637329,0.8937710408776542,4.0911736488342285,0.315983384847641,0.5000000596046448,2
100,24,0.00781576147115099,0.7643687725067139,1.382184386253357,0.5974225039993015,0.0,0.0,False,0.9947495460510254,0.8640284774514502,3.8931281566619873,0.3330238461494446,0.5000075101852417,2
