episode,step,reward,leverage_gate,gross_exposure,turnover,gate_gross_error,position_limit_violation,at_position_cap,direction_entropy,normalized_direction_entropy,effective_positions,long_hhi,short_hhi,dominant_long_asset
1,1,-0.015059848533667024,0.8206955194473267,1.410347819328308,1.4175740794411726,5.960464477539063e-08,0.0,False,0.9413453340530396,0.8176421682892168,3.708489179611206,0.354787677526474,0.5000352263450623,2
1,2,0.03880664880144299,0.8204994797706604,1.4102497100830078,0.11252408847212786,2.9802322387695312e-08,0.0,False,0.9016345739364624,0.7831498403075904,3.4253923892974854,0.385287880897522,0.5001077055931091,2
1,3,0.0042343555620743215,0.802981436252594,1.4014906883239746,0.347628403455019,2.9802322387695312e-08,0.0,False,0.8762800693511963,0.7611271974420468,3.2438018321990967,0.406000554561615,0.5000010132789612,7
1,4,0.0006600575581170577,0.8053863048553467,1.402693271636963,0.25028950880680767,1.1920928955078125e-07,0.0,False,0.8730995059013367,0.7583645951308124,3.2293667793273926,0.4081094264984131,0.5000004768371582,7
1,5,0.029050091331838213,0.8080117106437683,1.404005765914917,0.04632289494786945,8.940696716308594e-08,0.0,False,0.8727238178253174,0.7580382766141484,3.230217933654785,0.4082428812980652,0.5002714395523071,7
1,6,-0.016502268890841682,0.7761585116386414,1.388079285621643,0.7955082218561853,2.9802322387695312e-08,0.0,False,1.0182219743728638,0.8844163696455382,4.098456382751465,0.3162713646888733,0.5099865198135376,7
1,7,0.039156960410776584,0.8062320947647095,1.40311598777771,0.4065907171794345,5.960464477539063e-08,0.0,False,1.0661406517028809,0.9260380039345959,4.856645107269287,0.2665119469165802,0.5069410800933838,7
1,8,0.04361645413355472,0.8134530782699585,1.406726598739624,0.8556829499346867,5.960464477539063e-08,0.0,False,1.0489368438720703,0.9110949663173059,4.76345682144165,0.27256181836128235,0.5014227628707886,2
1,9,-0.001212714237077749,0.8067452311515808,1.4033725261688232,0.4794735951083048,8.940696716308594e-08,0.0,False,1.0353598594665527,0.8993021475009003,4.448533058166504,0.29169392585754395,0.5285340547561646,2
1,10,0.018869774093747013,0.7862091660499573,1.3931045532226562,0.7357113254921778,2.9802322387695312e-08,0.0,False,1.0675578117370605,0.927268933500232,4.744948387145996,0.27218085527420044,0.5001015663146973,2
1,11,0.026943536936311456,0.7835049033164978,1.3917526006698608,0.1326714136770795,1.4901161193847656e-07,0.0,False,1.0615612268447876,0.9220603660422749,4.5970354080200195,0.2811563313007355,0.5021374225616455,2
1,12,-0.011903885273571595,0.761099636554718,1.3805499076843262,0.7458178848028183,8.940696716308594e-08,0.0,False,1.0655829906463623,0.9255536256953592,4.836300373077393,0.26523730158805847,0.505730926990509,2
1,13,0.0023535842709021607,0.7606996893882751,1.38034987449646,0.9656803948538644,2.9802322387695312e-08,0.0,False,1.0817513465881348,0.9395972812292781,5.062428951263428,0.25293394923210144,0.5001519918441772,2
1,14,0.029803348950687404,0.8070712089538574,1.4035354852676392,0.48238025286367964,1.1920928955078125e-07,0.0,False,1.0500271320343018,0.912041978582389,4.666769504547119,0.27804815769195557,0.5046587586402893,2
1,15,0.03381683921925843,0.7568356990814209,1.37841796875,1.0347855601991924,1.1920928955078125e-07,0.0,False,1.0406386852264404,0.9038872772977963,4.228732585906982,0.3049395680427551,0.5045998692512512,7
1,16,-0.018751595001578816,0.7815161347389221,1.3907580375671387,0.7069778676543917,2.9802322387695312e-08,0.0,False,1.0323354005813599,0.8966751358917353,4.588558197021484,0.28140175342559814,0.5088621377944946,7
1,17,-0.003441099913792903,0.8012604713439941,1.4006303548812866,0.2217858816896166,1.1920928955078125e-07,0.0,False,1.0739103555679321,0.9327866829638242,5.197454452514648,0.24747677147388458,0.520699143409729,2
1,18,-0.015380854329684338,0.7788921594619751,1.3894460201263428,0.49700297841003965,5.960464477539063e-08,0.0,False,1.0825903415679932,0.9403260230094721,5.1567864418029785,0.24900051951408386,0.5000017881393433,2
1,19,0.007861634810062624,0.8026923537254333,1.401346206665039,0.509481316698449,2.9802322387695312e-08,0.0,False,1.0125709772109985,0.8795079758762401,4.455826282501221,0.2916148602962494,0.5046787858009338,2
1,20,-0.01101016425948651,0.7909266352653503,1.395463228225708,0.344189111675535,8.940696716308594e-08,0.0,False,0.9676386713981628,0.8404802709288323,3.876253604888916,0.33634498715400696,0.5080511569976807,7
1,21,0.0029838829984277612,0.8077886700630188,1.403894305229187,0.3383731820753642,2.9802322387695312e-08,0.0,False,1.037527084350586,0.9011845751172585,4.761166572570801,0.2716277241706848,0.528235912322998,7
1,22,-0.0205541824193713,0.7944703102111816,1.3972351551055908,0.5430789760180883,0.0,0.0,False,1.0002737045288086,0.8688267005395708,4.0029778480529785,0.32568809390068054,0.5017268657684326,7
1,23,0.03716194640979601,0.7882333397865295,1.3941166400909424,0.967756615153381,2.9802322387695312e-08,0.0,False,1.0278359651565552,0.8927669759383899,4.507850170135498,0.2872607707977295,0.5026882886886597,2
1,24,-0.03784150274951942,0.8032453060150146,1.4016227722167969,0.5249410569667816,1.1920928955078125e-07,0.0,False,0.9701220393180847,0.8426372968971475,3.89792799949646,0.33551228046417236,0.501085638999939,2
2,1,0.02345345930403047,0.8022556304931641,1.401127815246582,1.4237683521849769,0.0,0.0,False,0.9470366835594177,0.8225856116596224,3.686166524887085,0.3551776111125946,0.5130575299263,7
2,2,0.05506668330123343,0.8159837126731873,1.407991886138916,0.2236230905566896,2.9802322387695312e-08,0.0,False,0.9805476665496826,0.851692881651274,3.9442596435546875,0.33209604024887085,0.5095775127410889,6
2,3,-0.038290768226853664,0.8213894367218018,1.4106945991516113,0.1834329654063498,1.1920928955078125e-07,0.0,False,1.0194002389907837,0.885439797289107,4.258944034576416,0.30683189630508423,0.5094303488731384,6
2,4,0.004848381694425105,0.8240235447883606,1.4120118618011475,0.8113611319235393,8.940696716308594e-08,0.0,False,1.009048342704773,0.8764482544206086,4.195924758911133,0.3115951418876648,0.5176995992660522,7
2,5,0.03696021413410462,0.8194842338562012,1.4097421169281006,0.722798228263855,0.0,0.0,False,1.0424561500549316,0.9054659071899303,4.458613395690918,0.29194051027297974,0.5223386287689209,7
2,6,0.01016356006759679,0.816564679145813,1.4082822799682617,0.8328985231263296,5.960464477539063e-08,0.0,False,0.9619441032409668,0.8355340318738478,3.8118350505828857,0.34424301981925964,0.5075773596763611,6
2,7,0.055795927693517475,0.8145414590835571,1.4072706699371338,1.1394566531692232,5.960464477539063e-08,0.0,False,1.0474417209625244,0.9097963190585401,4.921398162841797,0.2633696496486664,0.5029151439666748,7
2,8,-0.004489121618680724,0.8233676552772522,1.4116837978363037,0.9519661473376411,2.9802322387695312e-08,0.0,False,1.0318547487258911,0.896257646994642,4.409142017364502,0.29623255133628845,0.5013645887374878,6
2,9,0.019288448142457417,0.8316840529441833,1.415842056274414,0.8298292479344778,2.9802322387695312e-08,0.0,False,1.036723256111145,0.9004863787796841,4.390064239501953,0.2980804145336151,0.5020190477371216,7
2,10,-0.0008698177604062711,0.8287146687507629,1.4143574237823486,0.17568130152566097,8.940696716308594e-08,0.0,False,1.0615686178207397,0.9220667857624187,4.654697418212891,0.28007516264915466,0.5035265684127808,7
2,11,-0.056834656489601704,0.8182689547538757,1.4091343879699707,0.2042141897337778,8.940696716308594e-08,0.0,False,1.017260193824768,0.8835809776758584,4.218797206878662,0.30988258123397827,0.5026682019233704,7
2,12,0.045515907388947036,0.8212337493896484,1.4106168746948242,0.47462262000356414,0.0,0.0,False,1.0044833421707153,0.8724831453369554,4.327746391296387,0.3019173741340637,0.5022501349449158,7
2,13,-0.002428876843981373,0.8176901340484619,1.408845067024231,0.5565193827663151,0.0,0.0,False,1.0508410930633545,0.9127489761491928,4.574484348297119,0.2846893072128296,0.500492513179779,7
2,14,0.013436282666317443,0.8123999834060669,1.4062000513076782,0.5735078773328236,5.960464477539063e-08,0.0,False,1.1126470565795898,0.9664329539568223,5.587680816650391,0.230239138007164,0.5000237226486206,2
2,15,0.007177784786485009,0.8007410168647766,1.400370478630066,0.2834761653627668,2.9802322387695312e-08,0.0,False,1.060609221458435,0.9212334646702047,4.791903972625732,0.2701500952243805,0.501656174659729,2
2,16,0.007086538132867913,0.7769811749458313,1.3884906768798828,0.46196722771440235,8.940696716308594e-08,0.0,False,1.036100149154663,0.8999451549540128,4.488681793212891,0.2877870500087738,0.5050376057624817,2
2,17,0.02070175311140019,0.7839831113815308,1.3919914960861206,0.8438682247485434,5.960464477539063e-08,0.0,False,1.0870479345321655,0.9441978390632938,5.362476825714111,0.238552525639534,0.5234029293060303,3
2,18,-0.0009706336610304841,0.779487669467926,1.3897438049316406,0.5757959953376225,2.9802322387695312e-08,0.0,False,1.0912957191467285,0.9478874179001302,5.243721961975098,0.24461513757705688,0.5024935007095337,3
2,19,-0.039200527100062055,0.7710549831390381,1.3855276107788086,0.21276454840387618,1.1920928955078125e-07,0.0,False,1.0872447490692139,0.9443687899980906,5.272810459136963,0.2424277663230896,0.5160222053527832,7
2,20,-0.008955497775487877,0.7700018882751465,1.3850009441375732,0.26357822120189667,0.0,0.0,False,1.0993475914001465,0.9548811852774289,5.505165100097656,0.23169970512390137,0.5114142894744873,7
2,21,0.009655387296196052,0.7758448719978333,1.3879224061965942,0.7076890149286815,2.9802322387695312e-08,0.0,False,1.0785295963287354,0.936798904509823,5.104454517364502,0.25096258521080017,0.5216187834739685,7
2,22,0.005210192174147959,0.7841035723686218,1.3920518159866333,0.6574110271675246,2.9802322387695312e-08,0.0,False,1.0559132099151611,0.9171545608698091,4.869554042816162,0.2646251916885376,0.5049483776092529,7
2,23,0.023734959781330233,0.7824934124946594,1.3912467956542969,0.2220414568270956,8.940696716308594e-08,0.0,False,1.0350933074951172,0.8990706234002306,4.437011241912842,0.29177433252334595,0.5000564455986023,7
2,24,0.019268695776090992,0.7652246356010437,1.3826124668121338,0.17186621470110738,1.4901161193847656e-07,0.0,False,1.0462594032287598,0.9087693709232795,4.487025260925293,0.28724876046180725,0.5018231272697449,7
3,1,0.02476737500270373,0.7982487082481384,1.3991243839263916,1.0106191549982344,2.9802322387695312e-08,0.0,False,1.0389137268066406,0.902388997451333,4.22719144821167,0.3077734112739563,0.5075864195823669,7
3,2,0.021658185463303913,0.8004629611968994,1.4002313613891602,0.07351308635302964,1.1920928955078125e-07,0.0,False,1.0375615358352661,0.9012144992966384,4.23609733581543,0.3072064518928528,0.50892174243927,7
3,3,-0.017309292104373125,0.7946969270706177,1.397348403930664,0.09342125696795328,5.960464477539063e-08,0.0,False,1.0317339897155762,0.8961527570510023,4.208499908447266,0.30892831087112427,0.5089077949523926,7
3,4,-0.010014210596458871,0.7699474692344666,1.3849737644195557,0.4535711641822542,2.9802322387695312e-08,0.0,False,1.018822431564331,0.8849379201352848,4.083807468414307,0.3172335624694824,0.5015490651130676,7
3,5,-0.0026894593240929404,0.8001073002815247,1.4000537395477295,0.7106812074780464,8.940696716308594e-08,0.0,False,0.8956202268600464,0.7779258448125135,3.3376524448394775,0.39391690492630005,0.5003293752670288,7
3,6,0.013764376260652881,0.8083332180976868,1.4041666984558105,0.06715937810284756,8.940696716308594e-08,0.0,False,0.9209908843040466,0.7999625178728874,3.4832875728607178,0.37755757570266724,0.5012257099151611,7
3,7,0.022155967446905008,0.8028597831726074,1.4014298915863037,0.4533889283026967,0.0,0.0,False,0.9771111607551575,0.8487079706440923,3.7881879806518555,0.34562936425209045,0.5003078579902649,7
3,8,-0.011625858954565305,0.7930616736412048,1.3965308666229248,0.6034540023122514,2.9802322387695312e-08,0.0,False,0.8721588253974915,0.7575475304267045,3.199045181274414,0.41090136766433716,0.5001755952835083,7
3,9,0.005511123353379841,0.7834224104881287,1.3917112350463867,0.11661737092903685,2.9802322387695312e-08,0.0,False,0.9153182506561279,0.7950353308905879,3.4047224521636963,0.3843829929828644,0.5000011920928955,7
3,10,-0.019626965292549783,0.7765142917633057,1.3882570266723633,0.3483419673783439,1.1920928955078125e-07,0.0,False,0.9033920764923096,0.784676387631461,3.354881525039673,0.3896510899066925,0.5000131130218506,7
3,11,-0.024040405531896934,0.8070188760757446,1.403509497642517,0.3199040772659438,5.960464477539063e-08,0.0,False,0.9798729419708252,0.8511068233284694,3.9545304775238037,0.33055782318115234,0.5091695189476013,7
3,12,0.03393577249162592,0.8273022174835205,1.4136511087417603,0.36473535746335983,0.0,0.0,False,0.948727548122406,0.8240542779583255,3.783299207687378,0.3479858338832855,0.5003291368484497,2
3,13,-0.09855847772902773,0.7957280278205872,1.3978639841079712,0.9642485965575492,2.9802322387695312e-08,0.0,False,1.0168287754058838,0.8832062523984328,4.2853569984436035,0.3028179407119751,0.5229421257972717,2
3,14,-0.004644481634571098,0.8133114576339722,1.4066557884216309,1.41632065815585,5.960464477539063e-08,0.0,False,1.0436897277832031,0.9065373791907043,4.531637191772461,0.28709766268730164,0.5060239434242249,7
3,15,-0.00889267983461603,0.8093904256820679,1.4046952724456787,0.18463776047740665,5.960464477539063e-08,0.0,False,1.0473157167434692,0.9096868731844757,4.41178035736084,0.2951924204826355,0.5008741021156311,7
3,16,-0.011838459266835116,0.78996741771698,1.3949837684631348,0.5864693501165935,5.960464477539063e-08,0.0,False,1.037919521331787,0.9015254415481193,4.302894115447998,0.3017790913581848,0.5000075101852417,7
3,17,0.019203803897459803,0.7676271796226501,1.3838136196136475,0.5846533243145261,2.9802322387695312e-08,0.0,False,1.03707754611969,0.9007941111710931,4.157260417938232,0.31126511096954346,0.5004119873046875,7
3,18,-0.033863206925861956,0.7776333093643188,1.3888165950775146,1.1047454071896416,5.960464477539063e-08,0.0,False,1.061883568763733,0.9223403486756431,4.633090496063232,0.278557687997818,0.5005626678466797,7
3,19,0.031069826599927283,0.7855006456375122,1.3927503824234009,0.39352459354060043,5.960464477539063e-08,0.0,False,1.076601266860962,0.9351239788155321,5.248682975769043,0.24397705495357513,0.5280148983001709,7
3,20,-0.06139577514327173,0.7616901397705078,1.380845069885254,0.8824329908405033,0.0,0.0,False,1.049755573272705,0.9118061056390412,4.327544212341309,0.2981196939945221,0.5001782774925232,7
3,21,-0.008728605179687064,0.764129638671875,1.3820648193359375,0.46952714238848015,0.0,0.0,False,1.0274813175201416,0.892458932915361,4.212337493896484,0.3067905604839325,0.5002046823501587,7
3,22,0.00415422338993248,0.7728193402290344,1.3864097595214844,0.15375148398535599,8.940696716308594e-08,0.0,False,1.0387588739395142,0.9022544939599333,4.233088970184326,0.3058205842971802,0.5000203251838684,7
3,23,0.012770239695827223,0.7646547555923462,1.3823273181915283,0.12299600456442161,5.960464477539063e-08,0.0,False,1.039576768875122,0.9029649084745555,4.2307586669921875,0.30540919303894043,0.5011926293373108,7
3,24,-0.0008570447720418245,0.7755923271179199,1.38779616355896,0.14216233789920807,0.0,0.0,False,1.0402369499206543,0.903538334444819,4.252134799957275,0.30444517731666565,0.5050992965698242,7
4,1,-0.03847670822500459,0.7894631624221802,1.3947315216064453,1.3690001219511032,5.960464477539063e-08,0.0,False,0.9664900898933411,0.8394826257097118,3.814040422439575,0.3421105742454529,0.5019235610961914,6
4,2,0.039011867591781504,0.8061255812644958,1.4030628204345703,0.7871790645377976,2.9802322387695312e-08,0.0,False,1.0438042879104614,0.9066368848529331,4.33061408996582,0.30073046684265137,0.5026816725730896,7
4,3,-0.0032771878590704667,0.8107151389122009,1.4053575992584229,0.4438633812325339,2.9802322387695312e-08,0.0,False,1.037888765335083,0.9014987272288113,4.431211471557617,0.29385751485824585,0.503001868724823,7
4,4,0.043998747861095804,0.8239408731460571,1.4119703769683838,0.6169899244393622,5.960464477539063e-08,0.0,False,1.022680401802063,0.8882889105064727,4.3895416259765625,0.2976507544517517,0.5015532374382019,7
4,5,0.0017058804769312453,0.8192026615142822,1.4096013307571411,0.5561644264629909,0.0,0.0,False,1.0950819253921509,0.9511760748595993,5.374237060546875,0.24025648832321167,0.5001847147941589,2
4,6,-0.009767715330483307,0.8092027902603149,1.4046014547348022,0.5045253017118999,5.960464477539063e-08,0.0,False,1.032354474067688,0.8966917029114613,4.436689853668213,0.29343897104263306,0.5010469555854797,7
4,7,-0.013123130762821856,0.8056560754776001,1.4028279781341553,0.2083840455327716,5.960464477539063e-08,0.0,False,1.050323486328125,0.9122993886513806,4.81281042098999,0.26922497153282166,0.5002825260162354,7
4,8,0.04334948246370117,0.789402961730957,1.3947014808654785,0.5464611862386975,0.0,0.0,False,1.0440068244934082,0.9068128058936479,4.58861780166626,0.28209301829338074,0.5005346536636353,7
4,9,0.09506058014760095,0.7899184226989746,1.3949592113494873,1.0642822597708022,0.0,0.0,False,1.1195626258850098,0.972439741133949,5.714442253112793,0.22385700047016144,0.5006314516067505,6
4,10,-0.0927468520179035,0.80148845911026,1.4007441997528076,0.45826151541301186,2.9802322387695312e-08,0.0,False,1.0295073986053467,0.8942187645857473,4.243505954742432,0.3069397807121277,0.5007827281951904,6
4,11,-0.018825105060210966,0.7829012274742126,1.3914506435394287,1.3793938202517373,2.9802322387695312e-08,0.0,False,1.0884544849395752,0.9454195532242073,5.250239372253418,0.24414025247097015,0.5144838094711304,3
4,12,-0.03730139253281355,0.7564476728439331,1.3782238960266113,0.3808326636041913,5.960464477539063e-08,0.0,False,1.0442979335784912,0.9070656600322148,4.528261184692383,0.28397005796432495,0.5018254518508911,7
4,13,0.0032087281082792377,0.7497419118881226,1.374871015548706,0.5611255200845855,5.960464477539063e-08,0.0,False,1.0412523746490479,0.904420321157478,4.395902156829834,0.2925109267234802,0.5000002384185791,7
4,14,-0.00717346260841826,0.7488605380058289,1.3744301795959473,0.11542837960379451,8.940696716308594e-08,0.0,False,1.0421044826507568,0.9051604527637336,4.30856466293335,0.2986314296722412,0.5000849962234497,7
4,15,-0.005901544854366923,0.7549452185630798,1.3774726390838623,0.2457627505064011,2.9802322387695312e-08,0.0,False,1.0549825429916382,0.9163461938510573,4.525706768035889,0.2840707302093506,0.5007541179656982,7
4,16,-0.010727400613867039,0.7715584635734558,1.3857791423797607,0.3279562315770559,8.940696716308594e-08,0.0,False,1.0275790691375732,0.8925438388914564,4.332777976989746,0.29839956760406494,0.5000234842300415,7
4,17,0.0158566049647519,0.7812997698783875,1.3906499147415161,0.07188769962106434,2.9802322387695312e-08,0.0,False,1.009735107421875,0.8770447706746152,4.198903560638428,0.30899909138679504,0.5000005960464478,7
4,18,0.007543468507035424,0.781219482421875,1.3906097412109375,0.21485739786710056,0.0,0.0,False,1.0126421451568604,0.8795697915685925,4.382445812225342,0.29533666372299194,0.5058727860450745,7
4,19,0.058066317050969464,0.780815839767456,1.3904080390930176,0.30957658269575666,1.1920928955078125e-07,0.0,False,1.0432769060134888,0.9061788067575114,4.417741775512695,0.29299646615982056,0.5001440048217773,7
4,20,0.015638984111169745,0.7811394929885864,1.3905696868896484,0.4130037831408638,5.960464477539063e-08,0.0,False,1.0753107070922852,0.9340030128433268,5.240105152130127,0.24493485689163208,0.5002191066741943,7
4,21,0.02662505873296374,0.7841249108314514,1.3920625448226929,0.4591701829007695,8.940696716308594e-08,0.0,False,1.065673589706421,0.9256323190390573,5.150417327880859,0.2494944930076599,0.5035150051116943,2
4,22,0.01764626745872564,0.7685015797615051,1.3842508792877197,0.6081051017556872,8.940696716308594e-08,0.0,False,1.0576533079147339,0.9186659907881798,4.856804847717285,0.26455366611480713,0.5026825666427612,7
4,23,0.0001388009985265823,0.764026939868927,1.3820135593414307,0.09736128577164241,8.940696716308594e-08,0.0,False,1.054726243019104,0.9161235745234902,4.740942001342773,0.2711484432220459,0.5000087022781372,7
4,24,-0.05425771689285307,0.7670106887817383,1.3835053443908691,0.25623495025294174,0.0,0.0,False,1.0803959369659424,0.9384199873900047,5.113489627838135,0.2506059408187866,0.5002008080482483,7
5,1,0.02283609004450981,0.8055498600006104,1.4027748107910156,1.2595881159816469,1.1920928955078125e-07,0.0,False,1.015251636505127,0.8818363669548454,4.270858287811279,0.3049202859401703,0.5090125799179077,2
5,2,0.04236356648995247,0.8064242601394653,1.403212070465088,0.5139941871166229,5.960464477539063e-08,0.0,False,1.0621249675750732,0.9225500250190493,4.972728729248047,0.26014119386672974,0.5007710456848145,2
5,3,-0.05252133833985988,0.7977562546730042,1.3988780975341797,0.3350976513964789,2.9802322387695312e-08,0.0,False,1.0668927431106567,0.9266912622311637,4.840261936187744,0.2671014666557312,0.5033538341522217,2
5,4,0.043374002514982114,0.8037428855895996,1.4018714427947998,0.8098156899213792,0.0,0.0,False,1.042556643486023,0.9055531946751112,4.624353408813477,0.28064772486686707,0.5006470680236816,2
5,5,-0.047099822571141106,0.7749584913253784,1.387479305267334,0.9399233630725317,5.960464477539063e-08,0.0,False,1.0398794412612915,0.9032278063688313,4.502839088439941,0.2865343391895294,0.5119081735610962,2
5,6,0.04563719038645071,0.7886319756507874,1.3943160772323608,1.2697514380727495,8.940696716308594e-08,0.0,False,1.055495262145996,0.9167915360500648,4.807420253753662,0.26839250326156616,0.5078955292701721,7
5,7,0.0021913365141948502,0.7838278412818909,1.391913890838623,0.1979447369064604,2.9802322387695312e-08,0.0,False,1.060605764389038,0.9212304618978794,4.772480010986328,0.2703568935394287,0.5016396641731262,7
5,8,0.009017416040724632,0.8114002346992493,1.4057002067565918,0.42790058680943077,8.940696716308594e-08,0.0,False,1.0816547870635986,0.9395134106919156,5.306379318237305,0.24203810095787048,0.5392292737960815,7
5,9,-0.03642137914166653,0.772269606590271,1.3861348628997803,0.6300500248159681,5.960464477539063e-08,0.0,False,1.1069753170013428,0.9615065435535723,5.407993793487549,0.2365020513534546,0.5001718997955322,2
5,10,0.011136645152533752,0.7976585626602173,1.3988292217254639,1.2325260703052794,5.960464477539063e-08,0.0,False,1.0357780456542969,0.8996653794083912,4.489163875579834,0.28832143545150757,0.5305793285369873,7
5,11,-0.0023245569221897384,0.803009569644928,1.4015048742294312,0.9703907945326397,8.940696716308594e-08,0.0,False,1.066705584526062,0.9265286983501031,4.969828128814697,0.2599560618400574,0.5067254304885864,7
5,12,0.012645108738140436,0.7712562084197998,1.385628342628479,0.9829190415995461,2.384185791015625e-07,0.0,False,1.0469770431518555,0.9093927050404673,4.585972785949707,0.2809440791606903,0.5092296600341797,2
5,13,0.007217552823572683,0.7888928055763245,1.3944463729858398,0.9250566448484149,2.9802322387695312e-08,0.0,False,1.0491578578948975,0.9112869366583801,4.721552848815918,0.2737531363964081,0.5000013113021851,2
5,14,-0.03624542296801272,0.7925146818161011,1.3962574005126953,0.21365294073309207,5.960464477539063e-08,0.0,False,1.056037187576294,0.9172622464980276,4.816504001617432,0.2680700421333313,0.508049488067627,7
5,15,-0.03327910112207163,0.7993501424789429,1.3996751308441162,0.5303312774215425,5.960464477539063e-08,0.0,False,1.1069726943969727,0.96150426558836,5.88583517074585,0.21621271967887878,0.5405348539352417,7
5,16,0.06343538526175917,0.8049456477165222,1.402472734451294,0.4685091897845268,8.940696716308594e-08,0.0,False,1.0715181827545166,0.9307088680585734,5.7149505615234375,0.221700057387352,0.5992292761802673,5
5,17,0.03780013998827526,0.781625509262085,1.390812873840332,0.6066051764147621,1.1920928955078125e-07,0.0,False,1.0802539587020874,0.9382966666369198,5.1713738441467285,0.24753394722938538,0.5323336124420166,7
5,18,-0.031025127274309852,0.7730618715286255,1.386530876159668,0.7880493381193706,5.960464477539063e-08,0.0,False,1.0456199645996094,0.9082139615869679,4.243040561676025,0.30506986379623413,0.5007475018501282,7
5,19,0.005377084507900766,0.7764253616333008,1.38821280002594,0.41177125488008753,1.1920928955078125e-07,0.0,False,1.0020854473114014,0.8704003603257869,4.08089542388916,0.31796759366989136,0.5002100467681885,7
5,20,0.00208102735792006,0.7885887622833252,1.394294261932373,0.13658785394259856,1.1920928955078125e-07,0.0,False,0.9800217151641846,0.8512360460823316,3.903757095336914,0.3339208960533142,0.5000081062316895,7
5,21,0.020461640638255372,0.7796628475189209,1.3898314237594604,1.0367294922471046,0.0,0.0,False,1.0373327732086182,0.9010157986038005,4.5971198081970215,0.2808448076248169,0.5050016045570374,2
5,22,-0.03660764630686914,0.7746485471725464,1.387324333190918,0.6252878318939891,5.960464477539063e-08,0.0,False,1.0858190059661865,0.9431304052735778,5.358929634094238,0.2388726770877838,0.5012363195419312,2
5,23,0.016078329048254722,0.8065857291221619,1.4032926559448242,0.8213893494435719,2.086162567138672e-07,0.0,False,0.9942266941070557,0.8635743340232133,4.2389092445373535,0.3074752688407898,0.5061423778533936,7
5,24,0.01726375609810456,0.810981035232544,1.405490517616272,0.15717948653868266,0.0,0.0,False,1.0460693836212158,0.9086043219892599,4.793468952178955,0.2702995538711548,0.5130411386489868,7
6,1,-0.002159302881090643,0.7747883796691895,1.3873941898345947,1.2929235739367348,0.0,0.0,False,0.9825488328933716,0.8534310726521432,3.8932130336761475,0.3337053060531616,0.5041244029998779,7
6,2,0.001735151309745876,0.7829326391220093,1.3914663791656494,0.5185702634709222,5.960464477539063e-08,0.0,False,1.0402014255523682,0.9035074783705795,4.246543884277344,0.3052263855934143,0.509933590888977,7
6,3,0.03914467958707181,0.7985873818397522,1.3992936611175537,0.37928052778754906,2.9802322387695312e-08,0.0,False,1.0202012062072754,0.8861355085737226,4.194029808044434,0.31051334738731384,0.5013564229011536,7
6,4,-0.003900897582451459,0.794310450553894,1.3971552848815918,0.21002090509448726,5.960464477539063e-08,0.0,False,1.0444867610931396,0.9072296735275014,4.326838493347168,0.30029579997062683,0.5007510185241699,7
6,5,-0.06602222438767943,0.8090903162956238,1.4045451879501343,0.5131058719541345,2.9802322387695312e-08,0.0,False,1.0415079593658447,0.9046423192218053,4.848325729370117,0.2671135663986206,0.5081546902656555,7
6,6,0.0010621177492461473,0.8045365214347839,1.4022682905197144,0.16419298840420593,2.9802322387695312e-08,0.0,False,1.0446714162826538,0.907390062987223,5.01870059967041,0.25611692667007446,0.5512316226959229,7
6,7,-0.013126720134018608,0.7987213730812073,1.3993606567382812,0.46767398289271767,2.9802322387695312e-08,0.0,False,1.0552678108215332,0.9165939743398331,5.671240329742432,0.22249412536621094,0.6286826729774475,7
6,8,0.025676559577559082,0.8116534948348999,1.4058266878128052,0.8115195887429374,5.960464477539063e-08,0.0,False,1.077520489692688,0.9359224056224483,5.679768085479736,0.2236579954624176,0.5909006595611572,3
6,9,0.015657647252670614,0.7958729267120361,1.397936463356018,0.3541758677789143,0.0,0.0,False,1.0673201084136963,0.9270624670168977,5.177670478820801,0.24852292239665985,0.5096354484558105,3
6,10,0.009728864000375063,0.8111863732337952,1.4055931568145752,0.819830060005188,2.9802322387695312e-08,0.0,False,1.0572497844696045,0.9183154947771032,4.688688278198242,0.27703335881233215,0.5005195140838623,7
6,11,0.041914925069058064,0.8119294047355652,1.405964732170105,0.5922692620328495,2.9802322387695312e-08,0.0,False,1.0825062990188599,0.9402530245788048,5.414702892303467,0.23718085885047913,0.5297868251800537,7
6,12,0.02772678189108179,0.8022369742393494,1.401118516921997,0.41778064732040676,2.9802322387695312e-08,0.0,False,1.047623872756958,0.9099545340969227,4.724440574645996,0.27418357133865356,0.5055364966392517,7
6,13,0.019123422817272126,0.8039409518241882,1.4019705057144165,0.8710192910262515,2.9802322387695312e-08,0.0,False,1.0625841617584229,0.9229488760189508,4.924411773681641,0.26233282685279846,0.5138865113258362,2
6,14,-0.05416035504244158,0.7933313846588135,1.3966658115386963,0.5519064962863922,1.1920928955078125e-07,0.0,False,1.053760051727295,0.9152843514304989,5.168322563171387,0.24667313694953918,0.5899472832679749,3
6,15,0.04084250937904652,0.8016197085380554,1.4008097648620605,0.6201077327132225,8.940696716308594e-08,0.0,False,1.0692925453186035,0.9287757039443048,4.872474670410156,0.2654079496860504,0.5049467086791992,3
6,16,-0.003280624674791177,0.7561262845993042,1.3780632019042969,0.3039575410740716,5.960464477539063e-08,0.0,False,1.0477664470672607,0.910078372569374,4.802900314331055,0.26574406027793884,0.5510395765304565,3
6,17,0.004920684748053847,0.7785944938659668,1.3892972469329834,0.29801544121333545,0.0,0.0,False,1.0710654258728027,0.9303156084278293,4.946236610412598,0.25926899909973145,0.5331608057022095,3
6,18,-0.04410648719260879,0.7486556172370911,1.3743278980255127,0.8452082936252867,8.940696716308594e-08,0.0,False,1.0182651281356812,0.8844538525276681,4.259098052978516,0.30216071009635925,0.5028833150863647,2
6,19,0.03032574569166753,0.774531900882721,1.387265920639038,0.48839617201260166,2.9802322387695312e-08,0.0,False,1.072121500968933,0.9312329036012791,5.250399112701416,0.24270133674144745,0.5535260438919067,2
6,20,-0.12188072452992021,0.7910217046737671,1.3955107927322388,0.8862982945782798,5.960464477539063e-08,0.0,False,1.0186177492141724,0.8847601353048511,4.204658508300781,0.3092189431190491,0.5000057220458984,2
6,21,0.05261309340742196,0.8106548190116882,1.405327558517456,0.9729519890887397,1.4901161193847656e-07,0.0,False,1.00217866897583,0.8704813316346973,4.130214214324951,0.31591054797172546,0.5170655250549316,7
6,22,-0.029169201255469082,0.8158437013626099,1.4079219102859497,0.960218869149685,5.960464477539063e-08,0.0,False,1.0039092302322388,0.8719844780432051,4.008130073547363,0.3266454339027405,0.5066381692886353,7
6,23,-0.022314382211596658,0.7583795785903931,1.3791897296905518,0.25886698705809463,5.960464477539063e-08,0.0,False,1.0343549251556396,0.8984292726490908,4.161403179168701,0.3100895583629608,0.5084807276725769,7
6,24,-0.04093160452954527,0.7763121724128723,1.3881561756134033,0.7070197101150238,8.940696716308594e-08,0.0,False,1.0373141765594482,0.9009996457595678,4.2081193923950195,0.307864248752594,0.50334632396698,7
7,1,-0.020183874452747386,0.8265642523765564,1.4132821559906006,1.356516764632293,2.9802322387695312e-08,0.0,False,0.9703875780105591,0.8428679408748944,3.855605363845825,0.34111014008522034,0.5009742379188538,7
7,2,0.04164762152211245,0.8310926556587219,1.4155464172363281,0.07606553499187754,8.940696716308594e-08,0.0,False,0.9734550714492798,0.845532331822316,3.868441104888916,0.34028953313827515,0.5001945495605469,7
7,3,0.008582433789342732,0.8380610942840576,1.4190306663513184,0.5215015507170131,1.1920928955078125e-07,0.0,False,1.0133460760116577,0.8801812181403523,4.176652431488037,0.3145308196544647,0.5008200407028198,7
7,4,-0.00870999394905339,0.8324025273323059,1.4162013530731201,0.24823354823248733,8.940696716308594e-08,0.0,False,0.9616408944129944,0.8352706680321422,3.7455930709838867,0.35203254222869873,0.5003684759140015,7
7,5,-0.0414716706597284,0.8015401363372803,1.4007700681686401,0.15901903595243172,0.0,0.0,False,0.9930164813995361,0.8625231566216034,3.892864942550659,0.3358099162578583,0.502129077911377,7
7,6,-0.005811291699523951,0.8085067272186279,1.4042534828186035,0.6126386331660407,1.1920928955078125e-07,0.0,False,1.0319576263427734,0.8963470053572887,4.184525489807129,0.3118252456188202,0.5047457218170166,7
7,7,0.011541875138336568,0.8142620325088501,1.4071309566497803,0.493541928274291,5.960464477539063e-08,0.0,False,1.0373542308807373,0.9010344365009922,4.248457431793213,0.3073132038116455,0.5041391849517822,7
7,8,0.009457934765650253,0.8203369379043579,1.4101685285568237,0.22908560931682587,5.960464477539063e-08,0.0,False,1.0308669805526733,0.8953996824605858,4.220654487609863,0.30970218777656555,0.5086844563484192,7
7,9,-0.0009089193410841251,0.8077120184898376,1.4038560390472412,0.7041610245193755,2.9802322387695312e-08,0.0,False,1.0162692070007324,0.8827202174572234,4.2054643630981445,0.3102641999721527,0.5006501078605652,7
7,10,0.012198373673651276,0.8063969612121582,1.403198480606079,0.09345936881644382,0.0,0.0,False,1.0293220281600952,0.894057753862786,4.237185955047607,0.3077665865421295,0.5000035762786865,7
7,11,0.00986033741011093,0.7976583242416382,1.3988292217254639,0.04006333968469078,5.960464477539063e-08,0.0,False,1.0319321155548096,0.8963248469684053,4.265131950378418,0.3050665855407715,0.5005413889884949,7
7,12,0.005116953301981891,0.7958548665046692,1.3979275226593018,0.20164009609392713,8.940696716308594e-08,0.0,False,1.0127164125442505,0.8796342994016503,4.068134784698486,0.3201815187931061,0.5078102350234985,7
7,13,-0.015409453281575803,0.7927951216697693,1.396397590637207,0.09912296491009867,2.9802322387695312e-08,0.0,False,1.0303702354431152,0.8949682151405988,4.179090976715088,0.3111897110939026,0.5045986175537109,7
7,14,-0.009449607273855685,0.7874757051467896,1.39373779296875,0.13509963665689748,5.960464477539063e-08,0.0,False,1.0305219888687134,0.8951000264912932,4.226748943328857,0.3072567582130432,0.5013343691825867,7
7,15,-0.045378432588869665,0.8220962882041931,1.411048173904419,0.5801423468760082,2.9802322387695312e-08,0.0,False,1.0046701431274414,0.8726453985863961,4.037367820739746,0.3247361481189728,0.5024120807647705,7
7,16,0.006186737674070745,0.8050092458724976,1.402504801750183,0.4767434235130038,1.7881393432617188e-07,0.0,False,0.9736926555633545,0.845738694761777,3.9480271339416504,0.3311831057071686,0.5019180774688721,7
7,17,-0.007679108052762355,0.818148136138916,1.409074068069458,1.1194855868816376,0.0,0.0,False,1.0308538675308228,0.8953882926345242,4.454163074493408,0.29277655482292175,0.5012056827545166,7
7,18,0.025656113387971524,0.8025861382484436,1.4012930393218994,0.7272642808301107,2.9802322387695312e-08,0.0,False,1.018254280090332,0.8844444300351989,4.222359657287598,0.30860111117362976,0.5014709234237671,7
7,19,0.03756441335805637,0.7997432947158813,1.3998717069625854,0.6698749288916588,5.960464477539063e-08,0.0,False,1.0150233507156372,0.8816380804375008,4.287395000457764,0.30352187156677246,0.5014618039131165,7
7,20,0.0018016712709994177,0.8104798793792725,1.4052400588989258,0.5609565132430621,1.1920928955078125e-07,0.0,False,1.0406252145767212,0.9038755768401149,4.526065826416016,0.28746235370635986,0.5002961158752441,7
7,21,0.02939458240412715,0.7997916340827942,1.3998959064483643,0.22267997690609523,8.940696716308594e-08,0.0,False,1.0246517658233643,0.8900012155390202,4.24557638168335,0.3066294491291046,0.5022669434547424,7
7,22,0.038895037597020114,0.7846908569335938,1.3923454284667969,0.28371938850198464,0.0,0.0,False,1.0487275123596191,0.910913143275814,4.506442546844482,0.2870599925518036,0.5055644512176514,7
7,23,-0.022167443750182952,0.7708353400230408,1.3854176998138428,0.7469559322510446,2.9802322387695312e-08,0.0,False,1.0206611156463623,0.8865349808368639,4.380558013916016,0.29479721188545227,0.5060824155807495,6
7,24,-0.03287493519838253,0.7845388650894165,1.3922693729400635,0.540412683572088,5.960464477539063e-08,0.0,False,1.0542418956756592,0.915702875766325,4.740396499633789,0.27158963680267334,0.5287446975708008,7
8,1,0.022591430792399766,0.779454231262207,1.3897271156311035,1.1585171009813036,0.0,0.0,False,1.0545098781585693,0.9159356423934742,4.86558198928833,0.26444798707962036,0.5105726718902588,7
8,2,0.011541134340356297,0.7693114280700684,1.3846557140350342,0.101582367505346,0.0,0.0,False,1.059688687324524,0.9204338988806824,5.0057759284973145,0.2559676766395569,0.5168018937110901,3
8,3,0.031945486037171865,0.7657403349876404,1.382870078086853,0.25915623775550295,8.940696716308594e-08,0.0,False,1.053127646446228,0.9147350511827113,4.692429542541504,0.27404752373695374,0.5053526163101196,7
8,4,0.014546784579118902,0.7698017358779907,1.384900689125061,0.2544044256210327,1.7881393432617188e-07,0.0,False,1.0516002178192139,0.9134083435342846,4.949970245361328,0.2591398358345032,0.5126259326934814,7
8,5,-0.09526905774353418,0.7718832492828369,1.3859416246414185,0.20905867964029312,0.0,0.0,False,1.0561926364898682,0.9173972677087938,5.148101329803467,0.24863100051879883,0.5174480676651001,2
8,6,-0.08894030939705753,0.7980109453201294,1.39900541305542,0.2217287825686592,5.960464477539063e-08,0.0,False,1.0505489110946655,0.9124951901157663,5.010745048522949,0.25734639167785645,0.5108388662338257,7
8,7,0.059603097175258586,0.790097713470459,1.3950488567352295,0.29240026431424276,0.0,0.0,False,0.9922562837600708,0.861862857341652,4.260425090789795,0.30470019578933716,0.5085105895996094,7
8,8,0.04070547009106378,0.7727982401847839,1.3863990306854248,0.5145251737641436,8.940696716308594e-08,0.0,False,0.9264748096466064,0.8047257949037737,3.600209951400757,0.3618740141391754,0.5003753900527954,7
8,9,0.024866606933766845,0.7673629522323608,1.3836815357208252,0.82854197706495,5.960464477539063e-08,0.0,False,1.0630062818527222,0.9233155248742602,4.552849769592285,0.28304851055145264,0.5014890432357788,2
8,10,0.005195025719858466,0.7715678215026855,1.3857839107513428,0.15770722712789265,0.0,0.0,False,1.0601112842559814,0.9208009619114849,4.57971715927124,0.2816022038459778,0.5001459717750549,2
8,11,0.01942959691693678,0.7920130491256714,1.3960065841674805,0.7923466903822762,5.960464477539063e-08,0.0,False,1.0198332071304321,0.8858158686368856,4.361739635467529,0.2975902855396271,0.5024051666259766,7
8,12,-0.008979933191373716,0.7920040488243103,1.3960020542144775,0.14330406380551197,2.9802322387695312e-08,0.0,False,1.0196471214294434,0.8856542366506845,4.456416606903076,0.2910413146018982,0.5000077486038208,7
8,13,0.028695991681295135,0.8031077980995178,1.4015538692474365,0.1525526855673109,2.9802322387695312e-08,0.0,False,1.0298619270324707,0.8945267040649029,4.673727989196777,0.27713605761528015,0.5136024951934814,7
8,14,-0.005701200322349515,0.8053788542747498,1.4026894569396973,0.7619152191494192,2.9802322387695312e-08,0.0,False,1.1023800373077393,0.9575151343261041,5.601797103881836,0.22911860048770905,0.507222056388855,3
8,15,0.03295614362387524,0.8017672300338745,1.400883674621582,0.7104116412145751,5.960464477539063e-08,0.0,False,1.0457359552383423,0.9083147097756761,4.820427894592285,0.26855456829071045,0.500609278678894,7
8,16,0.013769060451772263,0.8154606819152832,1.4077303409576416,1.082971646317414,0.0,0.0,False,1.0442805290222168,0.9070505426267148,4.59600830078125,0.2830931842327118,0.5027557611465454,7
8,17,0.031830020377161664,0.8148746490478516,1.4074373245239258,0.9342464634350368,0.0,0.0,False,1.0549554824829102,0.9163226893918212,4.809844493865967,0.269910603761673,0.500099778175354,2
8,18,0.0010128247921500824,0.8094088435173035,1.4047043323516846,0.353559037404401,8.940696716308594e-08,0.0,False,1.1044766902923584,0.9593362639694764,5.415164470672607,0.23786970973014832,0.5008147358894348,7
8,19,0.01898118920846248,0.7920093536376953,1.3960046768188477,0.49130889347621365,0.0,0.0,False,1.0511499643325806,0.9130172583248796,4.613979339599609,0.28038114309310913,0.5093541145324707,7
8,20,0.054307017803732184,0.8090465664863586,1.4045233726501465,0.9951606658952576,8.940696716308594e-08,0.0,False,1.0661869049072266,0.9260781789574313,5.156104564666748,0.250316321849823,0.5078681111335754,2
8,21,-0.0807896506891379,0.8050971031188965,1.4025485515594482,1.0107846345220293,0.0,0.0,False,1.083942174911499,0.941500210532547,5.043063640594482,0.25623011589050293,0.501428484916687,7
8,22,-0.05961110483384089,0.7990424633026123,1.3995212316513062,0.6900528424552509,0.0,0.0,False,1.0156179666519165,0.8821545572774564,4.492980003356934,0.2887471318244934,0.5089119076728821,7
8,23,0.010541372990963287,0.7970840334892273,1.398542046546936,0.29360220208764076,2.9802322387695312e-08,0.0,False,1.0116664171218872,0.8787222849657382,4.523464679718018,0.2863088846206665,0.5190318822860718,7
8,24,-0.020358440347896425,0.7950738668441772,1.3975369930267334,0.4583813281995908,5.960464477539063e-08,0.0,False,0.9906066656112671,0.8604300172231062,4.100437164306641,0.3177034854888916,0.5002130270004272,7
9,1,0.017318785421535383,0.8066651225090027,1.4033324718475342,1.0799299329519272,8.940696716308594e-08,0.0,False,1.0360119342803955,0.8998685324877804,4.217575550079346,0.30922797322273254,0.5018840432167053,7
9,2,-0.014758096279628829,0.8114472031593323,1.4057235717773438,0.22339052174772545,2.9802322387695312e-08,0.0,False,1.0240120887756348,0.8894455991149621,4.227622985839844,0.30857717990875244,0.5089070796966553,7
9,3,0.019940367108279584,0.8183165788650513,1.4091582298278809,0.3032287657260895,5.960464477539063e-08,0.0,False,1.0308921337127686,0.8954215302178493,4.308021545410156,0.303175151348114,0.5023975372314453,7
9,4,-0.016409867768235088,0.8305855393409729,1.4152928590774536,0.9698796463864188,8.940696716308594e-08,0.0,False,1.034414529800415,0.8984810445857343,4.447640895843506,0.2939332127571106,0.5030058026313782,7
9,5,-0.012164431458600461,0.82192063331604,1.41096031665802,0.7960817366838455,0.0,0.0,False,0.9955056309700012,0.8646852044677731,4.139610767364502,0.31631478667259216,0.5033835172653198,7
9,6,-0.04182754170854494,0.8200005292892456,1.4100003242492676,0.3337966347379344,5.960464477539063e-08,0.0,False,0.9842618703842163,0.8549189981112777,3.9945285320281982,0.3282936215400696,0.5000654458999634,7
9,7,0.026633522662791467,0.8202812671661377,1.4101407527923584,0.2647312044032984,1.1920928955078125e-07,0.0,False,1.0273154973983765,0.8923149033876188,4.3365654945373535,0.30113691091537476,0.5048917531967163,7
9,8,-0.01666994245136984,0.7984925508499146,1.3992462158203125,0.4766845351883344,5.960464477539063e-08,0.0,False,1.032031536102295,0.8964112025587267,4.21873664855957,0.3086230456829071,0.5007819533348083,7
9,9,0.03958061736033093,0.8140568137168884,1.407028317451477,0.49321532568761284,8.940696716308594e-08,0.0,False,1.0252275466918945,0.8905013324469966,4.3101677894592285,0.30276015400886536,0.5018129348754883,7
9,10,0.05358491476837513,0.7997577786445618,1.399878978729248,0.20496546370642527,8.940696716308594e-08,0.0,False,1.0160586833953857,0.8825373589769986,4.105161666870117,0.3176509141921997,0.5001537203788757,7
9,11,0.04571806910006997,0.8051226735115051,1.4025614261627197,0.26276157796382904,8.940696716308594e-08,0.0,False,1.0276310443878174,0.8925889840202096,4.571802139282227,0.28385981917381287,0.5098012685775757,7
9,12,0.050865787993997894,0.7890151143074036,1.394507646560669,0.5808125085064342,8.940696716308594e-08,0.0,False,0.9920005202293396,0.8616407039615147,3.954310894012451,0.3293914198875427,0.5043804049491882,7
9,13,-0.029958035800004723,0.8085770010948181,1.4042885303497314,0.8549793953342097,2.9802322387695312e-08,0.0,False,1.020235538482666,0.8861653292092292,4.394242763519287,0.29635897278785706,0.501479983329773,2
9,14,0.0259747961914128,0.8006322383880615,1.4003162384033203,0.2691337993102414,1.1920928955078125e-07,0.0,False,1.0661664009094238,0.9260603694112259,5.090746879577637,0.2531300485134125,0.5137604475021362,2
9,15,0.0282261959927661,0.7819823026657104,1.3909910917282104,0.28060031469379143,5.960464477539063e-08,0.0,False,1.064153790473938,0.924312238198521,4.94162654876709,0.26016852259635925,0.5156396627426147,2
9,16,0.02476592780327732,0.7726945877075195,1.3863474130630493,0.3601684772542544,1.1920928955078125e-07,0.0,False,1.0413846969604492,0.9045352548568265,4.835860252380371,0.26550889015197754,0.5210543274879456,3
9,17,0.01646208158645814,0.7758113741874695,1.3879055976867676,0.10948769109589715,8.940696716308594e-08,0.0,False,1.0605860948562622,0.921213377158787,5.0863118171691895,0.2516095042228699,0.5328230857849121,3
9,18,-0.009316780490373967,0.7745518088340759,1.3872759342193604,0.2685593366622925,2.9802322387695312e-08,0.0,False,1.059500813484192,0.920270713736382,5.022904396057129,0.2548536956310272,0.5345543622970581,3
9,19,0.030870708300315887,0.7766889929771423,1.3883445262908936,0.3956180576767241,2.9802322387695312e-08,0.0,False,1.0512824058532715,0.9131322955681014,5.001062393188477,0.2559247314929962,0.5425962209701538,7
9,20,-0.02122610106516002,0.7793578505516052,1.389678955078125,0.09613145462104247,2.9802322387695312e-08,0.0,False,1.0386929512023926,0.9021972341980056,4.866816520690918,0.26363426446914673,0.5383249521255493,7
9,21,0.040950847774160325,0.8008506894111633,1.4004253149032593,0.18216003051825932,2.9802322387695312e-08,0.0,False,1.067732334136963,0.9274205217307242,5.308963298797607,0.2409953773021698,0.5551908612251282,7
9,22,0.017882324654078914,0.7943021655082703,1.3971511125564575,0.7689435545887267,2.9802322387695312e-08,0.0,False,1.0045323371887207,0.8725257018688763,4.213335037231445,0.30874598026275635,0.5010874271392822,7
9,23,-0.009236334409022244,0.7881272435188293,1.3940637111663818,0.47616566504750923,8.940696716308594e-08,0.0,False,0.9985872507095337,0.8673618653641793,4.0417609214782715,0.32199108600616455,0.5011932849884033,7
9,24,0.008347975626658139,0.8137061595916748,1.406853199005127,0.89163053887231,1.1920928955078125e-07,0.0,False,0.978538990020752,0.8499481673863877,3.994032621383667,0.32786819338798523,0.5006459951400757,2
10,1,0.01775738576734736,0.7938734292984009,1.3969367742538452,1.2923670879432132,5.960464477539063e-08,0.0,False,0.9867845177650452,0.8571101417858411,3.833343029022217,0.3407106101512909,0.5000404715538025,7
10,2,-0.05838281419168729,0.7928161025047302,1.396407961845398,0.04627324640750885,8.940696716308594e-08,0.0,False,0.992982804775238,0.8624939054773998,3.884002208709717,0.33600616455078125,0.5000991225242615,7
10,3,0.010499739374218196,0.7851054668426514,1.3925528526306152,0.32336557975837155,1.1920928955078125e-07,0.0,False,0.8823965787887573,0.7664399300365307,3.232340097427368,0.4057612419128418,0.5000017285346985,7
10,4,-0.012043355234027692,0.7700989842414856,1.38504958152771,0.11750097147056038,8.940696716308594e-08,0.0,False,0.9283273816108704,0.8063349184665907,3.445888042449951,0.37843358516693115,0.5000401735305786,7
10,5,-0.004129920159945632,0.7777111530303955,1.3888555765151978,0.04755038768053055,0.0,0.0,False,0.9166544675827026,0.7961959541662621,3.4041106700897217,0.38393455743789673,0.5,7
10,6,-0.035749352670770985,0.7791584134101868,1.3895792961120605,0.06423898892743254,8.940696716308594e-08,0.0,False,0.8910574913024902,0.7739627030624527,3.2728168964385986,0.40000563859939575,0.5000509023666382,7
10,7,-0.0058952682464111315,0.7956088781356812,1.3978043794631958,0.440539694258145,5.960464477539063e-08,0.0,False,0.9610607028007507,0.8347667200008543,3.658306360244751,0.35781168937683105,0.5000072717666626,7
10,8,0.025236440564451786,0.7780665755271912,1.389033317565918,0.03610507931028098,2.9802322387695312e-08,0.0,False,0.9595387578010559,0.8334447753705989,3.646371841430664,0.35757192969322205,0.5001440644264221,7
10,9,0.009899183047589653,0.7861538529396057,1.3930768966674805,0.3618379054324967,2.9802322387695312e-08,0.0,False,0.9503059387207031,0.8254252506125823,3.584172248840332,0.3646981716156006,0.5,7
10,10,0.04703095565280757,0.7718929648399353,1.38594651222229,0.12369106816393982,2.9802322387695312e-08,0.0,False,0.9206664562225342,0.7996807232217368,3.4227023124694824,0.3812447786331177,0.5001785755157471,7
10,11,-0.013528257642912413,0.796638548374176,1.3983192443847656,0.8486647542033878,2.9802322387695312e-08,0.0,False,0.9064663648605347,0.78734668057966,3.476778507232666,0.37730157375335693,0.5000413060188293,7
10,12,-0.021102368407755506,0.8057131171226501,1.4028565883636475,0.5546941523041045,2.9802322387695312e-08,0.0,False,1.0097767114639282,0.8770809074863923,4.056542873382568,0.32204779982566833,0.5000898838043213,7
10,13,0.03891118881104744,0.8012431263923645,1.4006216526031494,0.6503009647130966,8.940696716308594e-08,0.0,False,0.9678578972816467,0.8406706881118071,3.7153687477111816,0.35255277156829834,0.5001445412635803,7
10,14,0.030829903693103306,0.8270750045776367,1.4135375022888184,1.5593497002763408,0.0,0.0,False,0.8591660261154175,0.746262128361342,3.1763546466827393,0.41725999116897583,0.5005184412002563,6
10,15,0.010800703902334589,0.7794561982154846,1.38972806930542,0.7330704326076167,2.9802322387695312e-08,0.0,False,1.0076487064361572,0.8752325458043457,4.053028583526611,0.3204682171344757,0.500006914138794,7
10,16,-0.0140718085853395,0.805709958076477,1.4028549194335938,0.22482288309505996,5.960464477539063e-08,0.0,False,0.9470721483230591,0.8226164159619254,3.646221399307251,0.3598679304122925,0.5001826286315918,7
10,17,0.08280792850557546,0.8191779851913452,1.4095890522003174,0.22940979897975922,5.960464477539063e-08,0.0,False,1.0052895545959473,0.8731834125519955,4.002469062805176,0.32753312587738037,0.5008226633071899,7
10,18,0.0479073071216048,0.8346244096755981,1.4173121452331543,0.7590283320418426,5.960464477539063e-08,0.0,False,0.8840781450271606,0.7679005199131174,3.3245930671691895,0.3986770212650299,0.5009332299232483,6
10,19,0.004044753829908231,0.8305273056030273,1.4152636528015137,0.3112247022134917,0.0,0.0,False,0.9112985134124756,0.7915438314833494,3.477766752243042,0.38010209798812866,0.5011432766914368,6
10,20,0.035001453308401,0.8321616649627686,1.4160809516906738,0.1325432722057615,1.1920928955078125e-07,0.0,False,0.8923438787460327,0.775080044999093,3.3774642944335938,0.39196091890335083,0.5016602277755737,7
10,21,0.007412122217884933,0.82764732837677,1.4138236045837402,0.06830991644944445,5.960464477539063e-08,0.0,False,0.9185276031494141,0.797822939047221,3.5434980392456055,0.37253111600875854,0.5012701749801636,7
10,22,-0.012741474226653988,0.8140439391136169,1.4070219993591309,0.8834997128163065,2.9802322387695312e-08,0.0,False,0.9974342584609985,0.8663603890217472,4.003505229949951,0.32709577679634094,0.5001897215843201,7
10,23,-0.012130362731049015,0.8004726767539978,1.4002363681793213,0.1297216734715871,2.9802322387695312e-08,0.0,False,0.9819643497467041,0.852923397041417,3.8656609058380127,0.33824706077575684,0.500106692314148,7
10,24,0.025352575110037898,0.794265627861023,1.3971327543258667,0.06748057476111821,5.960464477539063e-08,0.0,False,0.9960298538208008,0.8651405386505527,3.9144740104675293,0.33338311314582825,0.5004405379295349,7
11,1,0.080529453131564,0.8212219476699829,1.4106110334396362,1.3365601663078581,5.960464477539063e-08,0.0,False,0.9860450625419617,0.8564678591398417,3.972391366958618,0.33020496368408203,0.5030627846717834,7
11,2,0.026370235437232197,0.8253493905067444,1.4126746654510498,0.4231913754982608,2.9802322387695312e-08,0.0,False,0.9656969308853149,0.8387936965487965,3.919307231903076,0.3352549076080322,0.5004006028175354,6
11,3,0.013692534718501542,0.8022754192352295,1.4011378288269043,0.13192232166017812,1.1920928955078125e-07,0.0,False,0.9551189541816711,0.8296057827246093,3.8810346126556396,0.33696267008781433,0.5010149478912354,6
11,4,0.02156221687844106,0.8091259598731995,1.4045629501342773,0.7398917318454811,2.9802322387695312e-08,0.0,False,1.0066319704055786,0.8743494201090807,4.058772087097168,0.32208138704299927,0.500886082649231,7
11,5,-0.03669939293686288,0.7923582196235657,1.39617919921875,0.12759549170732495,8.940696716308594e-08,0.0,False,0.9957647323608398,0.8649102570763624,3.954193115234375,0.3296757638454437,0.5033649206161499,7
11,6,-0.01539624569930533,0.7823531031608582,1.391176462173462,0.23358582811696177,8.940696716308594e-08,0.0,False,0.9984303116798401,0.8672255498549969,3.957995891571045,0.32864469289779663,0.5019716024398804,7
11,7,7.96289889547809e-05,0.793753981590271,1.3968770503997803,0.030020051768847783,5.960464477539063e-08,0.0,False,1.00469970703125,0.8726710774669714,4.007431983947754,0.3252674341201782,0.5014169216156006,7
11,8,0.012389256304265295,0.7992931008338928,1.399646520614624,0.20255670696496964,2.9802322387695312e-08,0.0,False,0.961630642414093,0.8352617632590396,3.693380117416382,0.3545660972595215,0.5005452632904053,7
11,9,-0.0011014302623435722,0.8051801919937134,1.402590036392212,0.30572714975902016,5.960464477539063e-08,0.0,False,0.947219729423523,0.8227446032770547,3.626695394515991,0.3618423342704773,0.5000110864639282,7
11,10,-0.02543157488409213,0.8060466647148132,1.4030232429504395,0.34515460899898,8.940696716308594e-08,0.0,False,0.915793776512146,0.7954483674011298,3.4496302604675293,0.38119757175445557,0.500532329082489,7
11,11,0.03870085266391695,0.8191059827804565,1.409553050994873,0.5180587193795613,5.960464477539063e-08,0.0,False,1.0361647605895996,0.9000012757333343,4.281721115112305,0.305020272731781,0.5078418850898743,7
11,12,0.01869308078757638,0.774337887763977,1.3871690034866333,0.7827022203377316,5.960464477539063e-08,0.0,False,0.978640615940094,0.8500364385383649,3.785695791244507,0.343526154756546,0.5040513277053833,7
11,13,0.011768402825897669,0.8107419013977051,1.4053709506988525,0.7305131064993995,0.0,0.0,False,1.041383981704712,0.9045346335935868,4.635826587677002,0.2799685299396515,0.5132045745849609,7
11,14,-0.007765767587398228,0.8037340044975281,1.4018669128417969,0.09620484816176544,8.940696716308594e-08,0.0,False,1.024932861328125,0.8902453719922311,4.43569803237915,0.2927374243736267,0.5164390206336975,7
11,15,0.0021184723875502503,0.816645085811615,1.4083226919174194,0.34528615432126175,1.4901161193847656e-07,0.0,False,1.0733177661895752,0.9322719663697143,5.2942681312561035,0.2426212728023529,0.5475887060165405,7
11,16,0.002106745704173298,0.8012341856956482,1.4006171226501465,0.7849886417388916,2.9802322387695312e-08,0.0,False,1.0216792821884155,0.8874193490586084,4.288969993591309,0.3034078776836395,0.5048672556877136,7
11,17,-0.04341085052584965,0.8206388354301453,1.4103193283081055,1.6747375364814485,8.940696716308594e-08,0.0,False,1.0529311895370483,0.9145644108795342,4.711228370666504,0.2759379744529724,0.5086175799369812,2
11,18,-0.029036101438305303,0.8353223204612732,1.4176613092422485,1.093979143670627,1.4901161193847656e-07,0.0,False,1.0315594673156738,0.8960011688205101,4.420877933502197,0.2961001992225647,0.5027413368225098,2
11,19,0.023791621462714393,0.7932901382446289,1.396645188331604,0.5775039770773478,1.1920928955078125e-07,0.0,False,1.058414101600647,0.9193268077874975,4.600008964538574,0.28160661458969116,0.5000000596046448,2
11,20,0.0013798042491421879,0.7998375296592712,1.399918794631958,0.6357095326696123,2.9802322387695312e-08,0.0,False,1.026691198348999,0.8917726441232147,4.403765678405762,0.2950170040130615,0.5058614015579224,2
11,21,0.004036207022330001,0.808588445186615,1.4042942523956299,0.7085327740226472,2.9802322387695312e-08,0.0,False,1.0116130113601685,0.8786758973105057,4.137834072113037,0.3149738907814026,0.5237237215042114,7
11,22,-0.018946517342784457,0.8102573156356812,1.4051287174224854,0.5109712438923972,5.960464477539063e-08,0.0,False,1.031099557876587,0.8956016965573688,4.2782487869262695,0.30450010299682617,0.5151546001434326,7
11,23,-0.007843275721511368,0.8050740957260132,1.4025368690490723,0.06927516204970235,1.7881393432617188e-07,0.0,False,1.026451826095581,0.8915647280256543,4.2353739738464355,0.30725836753845215,0.5198769569396973,7
11,24,0.03024814337883508,0.79151850938797,1.3957593441009521,0.47783349880150394,8.940696716308594e-08,0.0,False,1.0366759300231934,0.9004452718619891,4.2913031578063965,0.30250346660614014,0.5084225535392761,7
12,1,0.048852465608074686,0.8203585147857666,1.4101793766021729,1.528047492461545,1.1920928955078125e-07,0.0,False,0.894069492816925,0.7765788943368592,3.4031028747558594,0.38777366280555725,0.5042572617530823,6
12,2,0.022047646302873137,0.819014847278595,1.4095075130462646,0.09296247788837969,8.940696716308594e-08,0.0,False,0.9141910076141357,0.7940562200247857,3.5256690979003906,0.37371861934661865,0.5026252269744873,6
12,3,0.038244284539952086,0.8189666271209717,1.4094834327697754,0.7250481822660989,1.1920928955078125e-07,0.0,False,1.0474599599838257,0.909812161271153,4.561028957366943,0.2855982482433319,0.5021845102310181,7
12,4,0.04409623863473901,0.8095288872718811,1.4047644138336182,0.6352718557630265,2.9802322387695312e-08,0.0,False,0.993861198425293,0.8632568685077152,4.193914890289307,0.31119751930236816,0.5035497546195984,6
12,5,-0.05181394667570121,0.8135440945625305,1.4067721366882324,0.12042621097394418,8.940696716308594e-08,0.0,False,0.9619948267936707,0.8355780897919315,3.8545212745666504,0.34017592668533325,0.5029118061065674,6
12,6,-0.031106393233193152,0.8141597509384155,1.4070799350738525,0.830936471266406,5.960464477539063e-08,0.0,False,1.040934443473816,0.9041441696474214,4.35134744644165,0.2996290922164917,0.5065888166427612,7
12,7,0.03936962877271756,0.8080060482025146,1.4040031433105469,0.24117057025432587,1.1920928955078125e-07,0.0,False,1.0293405055999756,0.8940738031631454,4.228056907653809,0.3081859350204468,0.5135541558265686,7
12,8,0.0229402156432041,0.7908381819725037,1.3954191207885742,0.4639444904667992,2.9802322387695312e-08,0.0,False,1.0177494287490845,0.8840059217318283,4.196075916290283,0.30984944105148315,0.500645637512207,7
12,9,0.0021900075950181206,0.7947820425033569,1.3973910808563232,0.12212119251489639,5.960464477539063e-08,0.0,False,1.0128185749053955,0.8797230365010573,4.116222381591797,0.3164149224758148,0.5001100897789001,7
12,10,0.033601186544650254,0.7919125556945801,1.39595627784729,0.25701363704034275,0.0,0.0,False,1.0093138217926025,0.8766788466264188,4.0900983810424805,0.3182843029499054,0.5014768838882446,7
12,11,0.02070754985011508,0.8052943348884583,1.4026472568511963,1.2509662413171359,8.940696716308594e-08,0.0,False,0.958124577999115,0.8322164344017949,3.8238747119903564,0.34234991669654846,0.5042375922203064,6
12,12,-0.015189067787821805,0.8110585808753967,1.405529260635376,0.31279324101550243,2.9802322387695312e-08,0.0,False,0.9270129799842834,0.805193243719728,3.614314556121826,0.3635163903236389,0.5035278797149658,6
12,13,0.007937455164969541,0.82253497838974,1.4112675189971924,1.217225057738168,2.9802322387695312e-08,0.0,False,1.0447317361831665,0.9074424561871062,4.52535343170166,0.2881508767604828,0.5030708312988281,7
12,14,-0.034010776185625494,0.8101223707199097,1.40506112575531,0.5710937221135411,5.960464477539063e-08,0.0,False,0.9847464561462402,0.8553399039561895,4.118338584899902,0.31730228662490845,0.5003290176391602,7
12,15,0.003515107791960379,0.8170735239982605,1.408536672592163,0.14781507211072112,8.940696716308594e-08,0.0,False,1.0076690912246704,0.8752502518066778,4.402562141418457,0.296159565448761,0.5064536333084106,7
12,16,-0.003952366097843128,0.8034467697143555,1.4017233848571777,0.22661019116640088,0.0,0.0,False,1.0168689489364624,0.8832411466837304,4.238405227661133,0.30743253231048584,0.5016288757324219,7
12,17,0.01453218532960545,0.8001278638839722,1.4000639915466309,0.1353219747543335,5.960464477539063e-08,0.0,False,0.998244047164917,0.8670637625529859,4.094573974609375,0.3185366988182068,0.5000595450401306,7
12,18,0.04153839414951238,0.8052356243133545,1.4026179313659668,0.0614415039973599,1.1920928955078125e-07,0.0,False,0.9931948781013489,0.8626781100279775,4.09337854385376,0.31881871819496155,0.5061876177787781,7
12,19,0.015662221075374783,0.8020440936088562,1.401021957397461,0.32272056170872276,8.940696716308594e-08,0.0,False,1.023808240890503,0.8892685390916413,4.411551475524902,0.29465389251708984,0.5042701959609985,7
12,20,0.003998385968707264,0.7996789216995239,1.3998395204544067,0.15048964640923906,5.960464477539063e-08,0.0,False,1.0062978267669678,0.8740591866322571,4.2277703285217285,0.30772605538368225,0.5111289620399475,7
12,21,0.03552287357385392,0.780402421951294,1.390201210975647,0.19696978586060668,0.0,0.0,False,1.019155740737915,0.8852274288049954,4.124820709228516,0.3146851658821106,0.5015195608139038,7
12,22,-0.043763451209235166,0.7819433808326721,1.3909716606140137,0.10490047931671143,2.9802322387695312e-08,0.0,False,1.0115861892700195,0.878652599939016,4.0889201164245605,0.31769609451293945,0.5007171630859375,7
12,23,0.03145688249027355,0.8046788573265076,1.4023394584655762,0.7902981819851058,2.9802322387695312e-08,0.0,False,1.0058882236480713,0.8737034098836429,4.31350040435791,0.30186986923217773,0.5032647848129272,7
12,24,0.0006460378937011759,0.8026856780052185,1.4013428688049316,0.5833844702158655,2.9802322387695312e-08,0.0,False,0.9934834241867065,0.8629287379732686,3.9305741786956787,0.3325909972190857,0.5002551078796387,7
13,1,0.026669535477483627,0.7975068092346191,1.3987534046173096,1.4034132425274168,0.0,0.0,False,0.9431976675987244,0.8192510847642871,3.629420042037964,0.3607122004032135,0.5077536106109619,7
13,2,0.027772967966302395,0.8182924389839172,1.4091463088989258,1.1853446391011988,8.940696716308594e-08,0.0,False,0.9446054697036743,0.8204738861358702,3.6634039878845215,0.3591265082359314,0.5004451274871826,7
13,3,-0.10406615692189213,0.8288874626159668,1.4144437313079834,0.8396409898996353,0.0,0.0,False,0.9494876861572266,0.8247145254663403,3.7579329013824463,0.35055291652679443,0.5004628300666809,7
13,4,-0.01086563017792809,0.780660092830658,1.3903300762176514,1.0945147137556757,2.9802322387695312e-08,0.0,False,1.0143601894378662,0.881062065870405,4.1025590896606445,0.31650176644325256,0.5008326768875122,7
13,5,0.010248758085514318,0.8148340582847595,1.4074170589447021,0.22662900601114533,2.9802322387695312e-08,0.0,False,1.0361812114715576,0.9000155647878479,4.223737716674805,0.3093458414077759,0.5002341270446777,7
13,6,0.01616094285493903,0.8187738060951233,1.4093868732452393,0.18370644109589715,2.9802322387695312e-08,0.0,False,1.0256770849227905,0.890891796393162,4.157101154327393,0.31465673446655273,0.5052355527877808,7
13,7,0.008615399953958302,0.8367010951042175,1.4183504581451416,0.6004311548812049,8.940696716308594e-08,0.0,False,1.006785273551941,0.8744825775301278,4.0881876945495605,0.3215703070163727,0.5007770657539368,7
13,8,0.037631663078864556,0.8232402801513672,1.4116202592849731,0.1651768599237715,1.1920928955078125e-07,0.0,False,1.0034866333007812,0.8716174150124025,4.019170761108398,0.3264004588127136,0.5007983446121216,7
13,9,0.005615870588652884,0.8102131485939026,1.4051066637039185,0.21078022995165405,8.940696716308594e-08,0.0,False,0.970769464969635,0.8431996436729693,3.797670602798462,0.3452794849872589,0.5010570287704468,7
13,10,0.002152775116367975,0.7963611483573914,1.3981804847717285,0.3035280475659031,8.940696716308594e-08,0.0,False,0.9664344787597656,0.8394343224928233,3.791914463043213,0.34477782249450684,0.5000126361846924,7
13,11,0.013418735253451292,0.7991589903831482,1.399579644203186,0.2065507519458022,1.4901161193847656e-07,0.0,False,1.0119125843048096,0.8789361030640759,4.253711700439453,0.30603504180908203,0.5000849366188049,7
13,12,0.016987162520649073,0.7937763929367065,1.396888256072998,0.0970294933233943,5.960464477539063e-08,0.0,False,1.0201623439788818,0.886101753271031,4.223673343658447,0.3079502582550049,0.5000306963920593,7
13,13,-0.014942145161011876,0.7951480746269226,1.3975739479064941,0.013645614896501818,8.940696716308594e-08,0.0,False,1.020949363708496,0.8867853499224719,4.244778156280518,0.3064231872558594,0.5007349252700806,7
13,14,0.032460417923947306,0.793140709400177,1.3965704441070557,0.5136732490999358,8.940696716308594e-08,0.0,False,1.0126612186431885,0.8795863585883185,4.418649673461914,0.2934996783733368,0.5079559087753296,7
13,15,0.002925508640993597,0.7859321236610413,1.3929660320281982,0.6154884355408805,2.9802322387695312e-08,0.0,False,1.038674235343933,0.9021809778098995,4.440343856811523,0.2915855646133423,0.5065918564796448,7
13,16,-0.007729547710137627,0.800561785697937,1.4002809524536133,0.5784236565232277,5.960464477539063e-08,0.0,False,1.036844253540039,0.9005914758110704,4.600375652313232,0.281978577375412,0.5012701749801636,7
13,17,0.012378699547227676,0.7974171042442322,1.398708462715149,0.20198087287800653,8.940696716308594e-08,0.0,False,1.0775036811828613,0.9359078059363148,5.14787483215332,0.250331312417984,0.5019421577453613,7
13,18,0.010765666760126627,0.7919691801071167,1.3959846496582031,0.4030070656112263,5.960464477539063e-08,0.0,False,1.0636546611785889,0.9238787000010683,5.037519931793213,0.25586119294166565,0.501093864440918,7
13,19,0.02268447310406897,0.7926760911941528,1.3963379859924316,0.37531848571130205,5.960464477539063e-08,0.0,False,1.0594730377197266,0.9202465880139061,4.8832316398620605,0.2643401622772217,0.5038713216781616,7
13,20,0.03263290692693358,0.7998151183128357,1.3999075889587402,0.9231326345886504,2.9802322387695312e-08,0.0,False,1.082198143005371,0.9399853636663579,5.410293102264404,0.236552894115448,0.5406162738800049,3
13,21,0.004277165296922068,0.7811586260795593,1.390579342842102,0.6790482061249871,2.9802322387695312e-08,0.0,False,1.052922248840332,0.9145566450890377,4.827524662017822,0.2656277120113373,0.5520108938217163,3
13,22,-0.011881589867005604,0.770350992679596,1.3851755857467651,0.12979687963213243,8.940696716308594e-08,0.0,False,1.0683670043945312,0.9279717893121043,4.826004981994629,0.2661358714103699,0.5139310956001282,3
13,23,0.01658451416312117,0.780855655670166,1.3904277086257935,0.4331512046711785,1.1920928955078125e-07,0.0,False,1.0856077671051025,0.9429469255301133,5.3151092529296875,0.24056819081306458,0.5267655849456787,3
13,24,-0.009574843565989491,0.7878320217132568,1.393916130065918,0.820988655090332,1.1920928955078125e-07,0.0,False,1.0676119327545166,0.9273159424187043,4.876791954040527,0.26381945610046387,0.526949405670166,7
14,1,-0.031138035336908468,0.7799506783485413,1.3899753093719482,1.0518457421234677,2.9802322387695312e-08,0.0,False,1.0322790145874023,0.8966261596396705,4.165839672088623,0.31124264001846313,0.5083202123641968,7
14,2,-0.04482035783409488,0.7785349488258362,1.3892674446105957,0.4575618590627398,2.9802322387695312e-08,0.0,False,1.0301282405853271,0.8947580210778261,4.268392562866211,0.3030132055282593,0.5208419561386108,7
14,3,0.007505522739396745,0.7744249105453491,1.3872125148773193,0.5179822338478905,5.960464477539063e-08,0.0,False,1.0339200496673584,0.8980515445993397,4.214463233947754,0.3073321580886841,0.5003107786178589,7
14,4,0.004324388928853357,0.7702661156654358,1.3851330280303955,0.21788213934217174,2.9802322387695312e-08,0.0,False,1.0188647508621216,0.8849746782103017,4.177699565887451,0.3097999095916748,0.5027890801429749,7
14,5,0.006411073215139278,0.7765178084373474,1.388258934020996,0.058747913156236925,2.9802322387695312e-08,0.0,False,1.0178577899932861,0.8841000431126463,4.134025573730469,0.31367063522338867,0.5019887685775757,7
14,6,0.036392626706968655,0.7802913784980774,1.3901457786560059,0.3239190961633409,8.940696716308594e-08,0.0,False,1.0376453399658203,0.9012872906395591,4.518578052520752,0.28611674904823303,0.5005632042884827,7
14,7,0.013079689772216326,0.7845607399940491,1.3922803401947021,0.30083368505750374,2.9802322387695312e-08,0.0,False,1.0159236192703247,0.8824200437685643,4.072027206420898,0.31925657391548157,0.5007012486457825,7
14,8,-0.015188148719380417,0.7860638499259949,1.3930318355560303,0.25946670877081995,8.940696716308594e-08,0.0,False,1.033226728439331,0.8974493334323024,4.442206382751465,0.29154008626937866,0.5038379430770874,7
14,9,0.023420381784546092,0.7701426148414612,1.3850711584091187,0.10315494877951484,1.4901161193847656e-07,0.0,False,1.048359751701355,0.9105937104267234,4.663400173187256,0.2758727967739105,0.5138475894927979,7
14,10,0.02133305413584852,0.7803948521614075,1.3901973962783813,0.30589544879538677,2.9802322387695312e-08,0.0,False,1.009365439414978,0.8767236811235521,4.046597957611084,0.32106587290763855,0.5000192523002625,7
14,11,-0.0012213920415646059,0.7802845239639282,1.3901422023773193,0.19489056936332158,5.960464477539063e-08,0.0,False,1.0086283683776855,0.8760834693550185,4.038034915924072,0.32175081968307495,0.500630259513855,7
14,12,-0.010212364411762489,0.7899593114852905,1.39497971534729,0.20551713130303792,5.960464477539063e-08,0.0,False,1.0139116048812866,0.880672430275226,4.183481693267822,0.31076422333717346,0.5006110668182373,7
14,13,0.0312084055572301,0.7789672613143921,1.3894836902618408,0.11020048601286755,5.960464477539063e-08,0.0,False,1.0265402793884277,0.8916415575796333,4.173041820526123,0.3108246922492981,0.500417172908783,7
14,14,0.027965432351469612,0.768474817276001,1.3842374086380005,0.11733395606279373,0.0,0.0,False,1.0290913581848145,0.8938573964679756,4.148288249969482,0.3120356500148773,0.5000357627868652,7
14,15,-0.006836291217535774,0.7797266244888306,1.3898632526397705,0.22635484593255198,5.960464477539063e-08,0.0,False,1.00874924659729,0.8761884628425315,4.008232593536377,0.3241928815841675,0.5009575486183167,7
14,16,-0.0063410816833142595,0.7870194315910339,1.3935096263885498,0.11398551080908104,8.940696716308594e-08,0.0,False,1.0199164152145386,0.8858881422604399,4.105777263641357,0.31669339537620544,0.5007416605949402,7
14,17,0.010860370391376512,0.785033106803894,1.3925167322158813,0.33874668819563747,1.7881393432617188e-07,0.0,False,1.0046417713165283,0.8726207551445538,4.176580905914307,0.310977041721344,0.5000684857368469,7
14,18,0.05654873801842955,0.7909157872200012,1.3954579830169678,0.12892572794641777,8.940696716308594e-08,0.0,False,1.0130269527435303,0.879904031191563,4.109654903411865,0.31666770577430725,0.5002715587615967,7
14,19,0.014972335890541989,0.7808032631874084,1.3904016017913818,0.18487321266106194,2.9802322387695312e-08,0.0,False,1.0228006839752197,0.8883933862746194,4.116044044494629,0.31544604897499084,0.500271201133728,7
14,20,0.01744649028992214,0.776790976524353,1.3883955478668213,0.07858440279960632,5.960464477539063e-08,0.0,False,1.01701021194458,0.8833638461735756,4.069804668426514,0.3189017176628113,0.5000025629997253,7
14,21,0.001740470867541252,0.7715715765953064,1.3857858180999756,0.09340693163020261,2.9802322387695312e-08,0.0,False,1.0087507963180542,0.8761898089128842,4.068270206451416,0.31864920258522034,0.5001175403594971,7
14,22,0.027665314000479037,0.7812506556510925,1.3906254768371582,0.09971852387700758,1.4901161193847656e-07,0.0,False,1.017066478729248,0.8834127188817671,4.12558126449585,0.3147119879722595,0.5004770159721375,7
14,23,0.012596393408083311,0.7880364656448364,1.3940181732177734,0.41437504866293506,5.960464477539063e-08,0.0,False,1.0020548105239868,0.8703737495503522,4.044195652008057,0.3215853273868561,0.5084733963012695,7
14,24,-0.0037771848673361446,0.778185248374939,1.3890926837921143,0.43005873156445384,5.960464477539063e-08,0.0,False,0.9826358556747437,0.8535066596796428,3.905825614929199,0.33290234208106995,0.5018393397331238,7
15,1,0.027947947030895995,0.7220633029937744,1.3610316514968872,1.098671657698495,0.0,0.0,False,1.0260381698608398,0.8912054307853483,4.053993225097656,0.316162109375,0.5009803771972656,7
15,2,-0.05112736611866132,0.7184151411056519,1.3592076301574707,1.9166014024189542,5.960464477539063e-08,0.0,False,1.0624666213989258,0.9228467817598899,4.503827095031738,0.283078670501709,0.5053237676620483,6
15,3,0.024394276705169842,0.7051370143890381,1.3525686264038086,1.4270594247749875,1.1920928955078125e-07,0.0,False,1.0442324876785278,0.9070088144457802,4.1913042068481445,0.3041527569293976,0.5034652948379517,7
15,4,-0.01617362710811341,0.7629284858703613,1.3814642429351807,0.6851484732968467,0.0,0.0,False,1.0388965606689453,0.9023740871335798,4.566408157348633,0.28064629435539246,0.5502843856811523,7
15,5,0.05938909339118142,0.7206686735153198,1.3603343963623047,1.7387324273586273,5.960464477539063e-08,0.0,False,1.1009407043457031,0.9562649456000367,5.208357810974121,0.2434350848197937,0.5003383755683899,6
15,6,-0.06551185667554829,0.7218418717384338,1.360920786857605,0.7648273749010903,1.4901161193847656e-07,0.0,False,1.0519682168960571,0.9137279834711216,4.511079788208008,0.2827366292476654,0.5090672969818115,2
15,7,0.02082390742197134,0.7502958178520203,1.375147819519043,0.9294728296143668,8.940696716308594e-08,0.0,False,1.03194260597229,0.8963339588292546,4.569817066192627,0.28078970313072205,0.5059791803359985,2
15,8,0.0031765835939905583,0.7546749114990234,1.3773374557495117,0.4311717631561416,0.0,0.0,False,0.9322106242179871,0.8097078601389154,3.519625186920166,0.36887019872665405,0.5002098679542542,7
15,9,0.0284330030445822,0.7684711217880249,1.3842356204986572,0.13458757900765972,5.960464477539063e-08,0.0,False,0.9506205320358276,0.8256985028941868,3.7734158039093018,0.344307005405426,0.5007232427597046,7
15,10,0.02018227929306046,0.7394814491271973,1.3697407245635986,0.448268322540181,0.0,0.0,False,0.9081115126609802,0.7887756378029576,3.3458480834960938,0.38724592328071594,0.5000485181808472,7
15,11,-0.02226923294035422,0.7380644679069519,1.3690322637557983,0.21181826506342208,2.9802322387695312e-08,0.0,False,0.9757859706878662,0.8475569251766971,3.865138292312622,0.3334161639213562,0.5023280382156372,2
15,12,-0.020187912094647497,0.78351229429245,1.3917560577392578,0.47867495779480246,8.940696716308594e-08,0.0,False,0.9348031878471375,0.8119597322951616,3.6283276081085205,0.35981839895248413,0.5021244287490845,7
15,13,0.004443268972960712,0.7926812767982483,1.3963406085968018,0.5247501124228751,2.9802322387695312e-08,0.0,False,0.9973430633544922,0.8662811779586825,4.031091213226318,0.3228359818458557,0.5147500038146973,7
15,14,0.004552266840269992,0.7889379858970642,1.3944690227508545,0.5199965643031257,2.9802322387695312e-08,0.0,False,1.0125541687011719,0.8794933761901067,4.305993556976318,0.3012956380844116,0.506966233253479,7
15,15,-0.01150118938748684,0.7621887922286987,1.3810944557189941,1.0503076985478401,5.960464477539063e-08,0.0,False,0.9927598237991333,0.8623002266624165,4.119081497192383,0.3138360381126404,0.5023011565208435,2
15,16,0.04359933009683162,0.7998404502868652,1.399920105934143,0.81673029171569,1.1920928955078125e-07,0.0,False,1.0499011278152466,0.9119325327083246,4.618525505065918,0.280772864818573,0.5012845993041992,2
15,17,0.06701144923564357,0.7890782952308655,1.3945393562316895,0.3932655049221857,2.086162567138672e-07,0.0,False,1.0720007419586182,0.9311280136576393,5.028726577758789,0.25605127215385437,0.5059275031089783,2
15,18,-0.046174615586338834,0.7707319259643555,1.3853659629821777,0.3198391135249819,0.0,0.0,False,1.0823365449905396,0.940105578103244,5.147519111633301,0.24894443154335022,0.5043726563453674,7
15,19,0.031535366692210104,0.8097037076950073,1.4048519134521484,0.947503837091582,5.960464477539063e-08,0.0,False,1.0904972553253174,0.9471938810368538,5.772369384765625,0.22043034434318542,0.5662263035774231,5
15,20,0.013813087945055813,0.764716625213623,1.3823583126068115,0.5847258269786835,0.0,0.0,False,1.128873586654663,0.9805271389009053,5.951691150665283,0.2130703628063202,0.5128295421600342,7
15,21,0.021387537872147578,0.7612429261207581,1.3806214332580566,0.7228639104536602,2.9802322387695312e-08,0.0,False,1.0799355506896973,0.9380201009513701,4.867832183837891,0.2635892629623413,0.5000265836715698,7
15,22,0.053024737874143274,0.7706018090248108,1.385300874710083,0.2217501359326499,2.9802322387695312e-08,0.0,False,1.045665979385376,0.9082539295220566,4.309940814971924,0.29979756474494934,0.5072656273841858,7
15,23,-0.005874918897855291,0.7569237947463989,1.3784618377685547,0.2750314729554313,5.960464477539063e-08,0.0,False,1.0639373064041138,0.9241242025246319,4.666923999786377,0.2751842737197876,0.501814603805542,7
15,24,0.02552331157016702,0.7560391426086426,1.3780196905136108,1.6343706888811929,1.1920928955078125e-07,0.0,False,1.0474185943603516,0.9097762315471224,4.456393718719482,0.2885322570800781,0.5095833539962769,2
16,1,-0.05189158720870321,0.8073827028274536,1.403691291809082,1.2532198003360202,5.960464477539063e-08,0.0,False,0.9969556331634521,0.8659446603704998,3.9199612140655518,0.33383458852767944,0.5017808675765991,7
16,2,0.02208408896399403,0.8048843145370483,1.402442216873169,0.46101610894714073,5.960464477539063e-08,0.0,False,0.9651700854301453,0.8383360844008045,3.7139179706573486,0.3529900312423706,0.5000441074371338,7
16,3,0.017850298200388307,0.8055350184440613,1.4027674198150635,0.22168798531804768,8.940696716308594e-08,0.0,False,0.8843016028404236,0.7680946129035939,3.2697112560272217,0.402914434671402,0.5000063180923462,7
16,4,0.036433935942193525,0.8045847415924072,1.402292251586914,0.035026189471994124,1.1920928955078125e-07,0.0,False,0.8689339756965637,0.754746461566544,3.196906566619873,0.41231757402420044,0.5000016689300537,7
16,5,0.012663524274153121,0.8037735223770142,1.4018867015838623,0.03279777190514965,5.960464477539063e-08,0.0,False,0.8801613450050354,0.7644984306404623,3.2448313236236572,0.40593820810317993,0.5001779198646545,7
16,6,0.01892246806954901,0.7997341752052307,1.399867057800293,0.3029816608343805,2.9802322387695312e-08,0.0,False,0.9036329984664917,0.784885649799374,3.37339448928833,0.3895321488380432,0.5013996362686157,7
16,7,-0.0036814493974493654,0.7862383127212524,1.393119215965271,0.5078303372221334,5.960464477539063e-08,0.0,False,0.9714481830596924,0.843789170715529,3.7679662704467773,0.3462555408477783,0.5000806450843811,7
16,8,0.01192023435424649,0.7921705842018127,1.396085262298584,0.5262326172419957,2.9802322387695312e-08,0.0,False,0.89250248670578,0.7752178101225013,3.290548324584961,0.39899778366088867,0.5006241798400879,7
16,9,0.02477821187919213,0.8067188858985901,1.4033594131469727,0.26604244751589623,2.9802322387695312e-08,0.0,False,0.9791247248649597,0.8504569302077835,3.81858491897583,0.3429352045059204,0.5048651099205017,7
16,10,0.020334132705523894,0.8001202344894409,1.4000601768493652,0.3799572299633709,5.960464477539063e-08,0.0,False,0.998523473739624,0.8673064693919706,3.9452223777770996,0.33100584149360657,0.5041923522949219,7
16,11,0.030209558774231482,0.7883161902427673,1.394158124923706,0.03956606771264756,2.9802322387695312e-08,0.0,False,0.9913465976715088,0.8610727140445987,3.876382827758789,0.3362884819507599,0.5024254322052002,7
16,12,0.015640271192389876,0.7842931151390076,1.3921465873718262,0.09287012262003763,2.9802322387695312e-08,0.0,False,1.0129947662353516,0.8798760743457755,4.012109756469727,0.32416218519210815,0.5023306608200073,7
16,13,-0.024540036963171627,0.7745912671089172,1.3872957229614258,0.16913856140204844,8.940696716308594e-08,0.0,False,0.9746390581130981,0.8465607295718027,3.744913339614868,0.3475284278392792,0.5003839135169983,7
16,14,0.07169328993632969,0.8158442974090576,1.4079222679138184,0.6524324353252138,1.1920928955078125e-07,0.0,False,1.0046460628509521,0.8726244827239922,4.094621181488037,0.3196157217025757,0.5004646182060242,7
16,15,-0.01647730352915675,0.8182997703552246,1.4091500043869019,0.49814756693584583,1.1920928955078125e-07,0.0,False,0.9885905385017395,0.8586788314661394,4.29726505279541,0.3040376603603363,0.5000261664390564,6
16,16,0.011054134248727471,0.8145406246185303,1.4072704315185547,0.8547907551484448,1.1920928955078125e-07,0.0,False,0.8917089700698853,0.7745285703299662,3.370652675628662,0.3912326991558075,0.5004293918609619,7
16,17,0.02651694969000483,0.8067198991775513,1.4033598899841309,0.3245418348482677,5.960464477539063e-08,0.0,False,0.858917236328125,0.746046032297792,3.1580123901367188,0.41776609420776367,0.5004898905754089,7
16,18,-0.03782516207415683,0.798678457736969,1.399339199066162,0.3538965263536998,2.9802322387695312e-08,0.0,False,0.9748337864875793,0.846729868488817,3.795064687728882,0.34457096457481384,0.5032569169998169,7
16,19,-0.011343456619580115,0.8130515217781067,1.4065258502960205,0.4072053762418883,8.940696716308594e-08,0.0,False,1.0057202577590942,0.8735575165661815,4.0132880210876465,0.3261879086494446,0.5003597140312195,7
16,20,-0.003975176940879493,0.8051900267601013,1.402595043182373,0.3882419615983963,2.9802322387695312e-08,0.0,False,0.9797263145446777,0.8509794643643264,3.825791358947754,0.34227919578552246,0.5001089572906494,7
16,21,0.020703760481241857,0.8184694647789001,1.4092347621917725,0.45930515549012585,2.9802322387695312e-08,0.0,False,0.9181877374649048,0.7975277354644797,3.5384721755981445,0.3723222017288208,0.5007390975952148,7
16,22,-0.03494039175198675,0.8200564980506897,1.4100282192230225,0.3431140322770392,2.9802322387695312e-08,0.0,False,0.9241149425506592,0.8026760403881837,3.5065252780914307,0.37599533796310425,0.5002737045288086,7
16,23,0.040008859034446675,0.8205401301383972,1.4102699756622314,0.3522198029926844,8.940696716308594e-08,0.0,False,0.9175628423690796,0.7969849584807092,3.5522851943969727,0.3710014820098877,0.5004270672798157,7
16,24,-0.013711362182456142,0.8133397698402405,1.4066699743270874,0.11517241331083422,8.940696716308594e-08,0.0,False,0.9210260510444641,0.7999930633155071,3.48490834236145,0.37784242630004883,0.5000700950622559,7
17,1,-0.027289860888061797,0.8126782774925232,1.406339168548584,1.3954012479100908,2.9802322387695312e-08,0.0,False,0.9558687806129456,0.8302570736875846,3.6624062061309814,0.35877153277397156,0.5005321502685547,7
17,2,-0.005473400634578806,0.8038392663002014,1.4019196033477783,0.04768006290708282,2.9802322387695312e-08,0.0,False,0.9402095079421997,0.816655602264538,3.565009832382202,0.36821943521499634,0.5004929304122925,7
17,3,0.01025410308971524,0.7949321269989014,1.3974661827087402,0.07898135909012394,1.1920928955078125e-07,0.0,False,0.9631946086883545,0.8366202071046287,3.692828893661499,0.35428178310394287,0.5000615119934082,7
17,4,-0.006493824879452251,0.8091329336166382,1.4045665264129639,0.40381548660142075,5.960464477539063e-08,0.0,False,1.0395585298538208,0.9029490662619426,4.231879234313965,0.30834057927131653,0.500404953956604,7
17,5,-0.052423379273746996,0.77667635679245,1.3883382081985474,0.5519359686544963,2.9802322387695312e-08,0.0,False,1.0034751892089844,0.871607474800567,4.2257585525512695,0.30472785234451294,0.5722048878669739,7
17,6,-0.04168242227100189,0.7292497754096985,1.3646248579025269,1.0218428181750434,2.9802322387695312e-08,0.0,False,1.0753107070922852,0.9340030128433268,4.95778226852417,0.25660258531570435,0.5089530944824219,5
17,7,-0.033736769765881594,0.7182677984237671,1.3591339588165283,0.9285363703966141,5.960464477539063e-08,0.0,False,1.1069148778915405,0.9614540468098158,5.494269371032715,0.22977334260940552,0.5120732188224792,3
17,8,0.009151380164346435,0.732189953327179,1.3660950660705566,1.38656285405159,8.940696716308594e-08,0.0,False,1.119704008102417,0.9725625441676674,5.6668806076049805,0.22330127656459808,0.5010091662406921,5
17,9,0.03879460607444629,0.7323726415634155,1.3661863803863525,0.9845066326005119,5.960464477539063e-08,0.0,False,1.0685555934906006,0.9281355957196444,5.0456109046936035,0.25157278776168823,0.5306712985038757,7
17,10,0.013280957331887062,0.7350313067436218,1.3675156831741333,0.31132818332740225,2.9802322387695312e-08,0.0,False,1.0461101531982422,0.9086397339939241,4.376138687133789,0.2929108738899231,0.5001685619354248,7
17,11,-0.007838515562688202,0.7689352035522461,1.384467601776123,0.438437357544899,0.0,0.0,False,1.01841402053833,0.8845831788254035,4.0805277824401855,0.3174625039100647,0.5001641511917114,7
17,12,-0.01889765808565019,0.7824513912200928,1.391225814819336,0.49925394569124504,1.1920928955078125e-07,0.0,False,1.0332441329956055,0.8974644508378022,4.189081192016602,0.30950576066970825,0.5122571587562561,7
17,13,-0.0019780757084252765,0.795113742351532,1.3975567817687988,0.6122672685555051,8.940696716308594e-08,0.0,False,1.0443124771118164,0.9070782923847558,4.255988597869873,0.3055976629257202,0.5000000596046448,7
17,14,-0.003363806132108494,0.7900910377502441,1.395045518875122,0.0473150525774273,0.0,0.0,False,1.0425312519073486,0.905531139830101,4.257901668548584,0.3051183819770813,0.5000609159469604,7
17,15,-0.008238830866844021,0.7828199863433838,1.391409993171692,0.0428750600133625,0.0,0.0,False,1.0407319068908691,0.9039682486067068,4.2402024269104,0.3059619069099426,0.5000002980232239,7
17,16,-0.024458956162840002,0.7912557721138,1.3956279754638672,0.10633345586912957,8.940696716308594e-08,0.0,False,1.0443840026855469,0.907140418708728,4.297452449798584,0.30221670866012573,0.5017087459564209,7
17,17,-0.0011502142489585904,0.7841664552688599,1.3920832872390747,0.08289497026375364,5.960464477539063e-08,0.0,False,1.0476059913635254,0.9099390025159296,4.3980889320373535,0.29446959495544434,0.5042355060577393,7
17,18,-0.020769498001139815,0.7703789472579956,1.3851895332336426,0.13970788461821426,5.960464477539063e-08,0.0,False,1.0442997217178345,0.907067213190314,4.344213962554932,0.2974660396575928,0.5014122128486633,7
17,19,-0.01208165851102521,0.7893209457397461,1.394660472869873,0.5287813799721857,0.0,0.0,False,1.0453944206237793,0.9080180565787088,4.515007972717285,0.2863828241825104,0.5198961496353149,7
17,20,0.0316992883680856,0.7997966408729553,1.3998982906341553,0.5668052456208639,2.9802322387695312e-08,0.0,False,1.0291414260864258,0.8939008848947562,4.247679710388184,0.3058423399925232,0.5249108076095581,7
17,21,-0.006363039458895568,0.795035719871521,1.3975179195404053,0.5076735381569182,5.960464477539063e-08,0.0,False,1.0172117948532104,0.8835389388633039,4.172182559967041,0.31121283769607544,0.5288881063461304,7
17,22,-0.02009800791467028,0.7983041405677795,1.3991520404815674,0.49612102763993393,2.9802322387695312e-08,0.0,False,1.031874656677246,0.896274938821481,4.253197193145752,0.30556949973106384,0.5162506699562073,7
17,23,-0.06832869738132634,0.7987145185470581,1.3993573188781738,0.49096377193927765,5.960464477539063e-08,0.0,False,1.0264018774032593,0.8915213431427471,4.235334873199463,0.30737197399139404,0.5008571147918701,7
17,24,0.0008226607826014119,0.7932485342025757,1.3966243267059326,0.200764577303614,5.960464477539063e-08,0.0,False,1.0303955078125,0.8949901664417356,4.200957298278809,0.3096156120300293,0.5014249682426453,7
18,1,0.06885034862398569,0.7579022645950317,1.3789511919021606,1.1836253191743578,5.960464477539063e-08,0.0,False,1.0561429262161255,0.9173540899136332,4.946168422698975,0.2589445412158966,0.5033864378929138,2
18,2,0.04550375184240288,0.7586495876312256,1.3793249130249023,1.1312165207096507,1.1920928955078125e-07,0.0,False,1.0889232158660889,0.9458266877339719,5.036798000335693,0.25416237115859985,0.5007340908050537,6
18,3,0.04070283699023809,0.7422807812690735,1.371140480041504,0.5281713094030107,8.940696716308594e-08,0.0,False,1.1083574295043945,0.9627070312204621,5.349177360534668,0.2377966046333313,0.5000373125076294,2
18,4,-0.009598942239642763,0.7148240208625793,1.3574120998382568,0.1838355575289045,8.940696716308594e-08,0.0,False,1.0685726404190063,0.9281504024935244,4.811544895172119,0.2640987038612366,0.5017004013061523,2
18,5,0.010120796840970319,0.7496840953826904,1.3748421669006348,0.4803032747336796,1.1920928955078125e-07,0.0,False,1.0532214641571045,0.9148165402109881,4.734868049621582,0.2706699073314667,0.500206470489502,2
18,6,0.02704181457093606,0.7792471647262573,1.3896236419677734,0.9359333791903087,5.960464477539063e-08,0.0,False,1.0720247030258179,0.93114882597617,4.832948684692383,0.26658377051353455,0.5004212856292725,7
18,7,0.006732556494345222,0.7797772884368896,1.3898887634277344,0.9592106917074747,1.1920928955078125e-07,0.0,False,1.0108528137207031,0.8780155980305543,4.233431816101074,0.30595600605010986,0.5116868615150452,7
18,8,-0.010161110753213468,0.7962315082550049,1.398115634918213,0.34738110963787355,1.1920928955078125e-07,0.0,False,1.0054008960723877,0.8732801225296456,4.372620582580566,0.296586275100708,0.520494818687439,6
18,9,-0.015712653571535264,0.7974061965942383,1.3987030982971191,1.1672344931534357,0.0,0.0,False,1.0885629653930664,0.9455137781488986,5.233016490936279,0.24606850743293762,0.5006295442581177,3
18,10,-0.06393979101967676,0.8181970119476318,1.409098505973816,1.203651366489274,0.0,0.0,False,1.0659289360046387,0.9258541100156381,4.840701103210449,0.2681247293949127,0.5054288506507874,6
18,11,0.003812367843219974,0.7889133095741272,1.3944567441940308,1.3406776913574765,8.940696716308594e-08,0.0,False,1.0812286138534546,0.9391432413449144,5.069141387939453,0.25404176115989685,0.500403881072998,7
18,12,0.012419678806063976,0.7727988362312317,1.386399507522583,1.131713100842067,8.940696716308594e-08,0.0,False,1.0573182106018066,0.9183749289603699,4.822303295135498,0.26685118675231934,0.5000075697898865,2
18,13,0.005439574393928705,0.7559278011322021,1.3779640197753906,1.2102809835757529,1.1920928955078125e-07,0.0,False,1.093014121055603,0.9493800028335627,5.312071323394775,0.23963096737861633,0.5232117176055908,3
18,14,-0.005801458809726868,0.7859196662902832,1.3929598331451416,0.5975738689303398,0.0,0.0,False,1.0358737707138062,0.8997485251386407,4.725494384765625,0.2730609178543091,0.5104635953903198,7
18,15,-0.06052281574706683,0.7820939421653748,1.3910468816757202,0.5469143124563354,8.940696716308594e-08,0.0,False,1.0565329790115356,0.9176928854670283,4.983311653137207,0.2577130198478699,0.5219833850860596,3
18,16,0.022301102757732637,0.7200106978416443,1.360005259513855,1.1639825478196144,8.940696716308594e-08,0.0,False,1.0699272155761719,0.9293269715256849,5.221002578735352,0.24169191718101501,0.5472315549850464,3
18,17,0.007505825756565345,0.7339471578598022,1.366973638534546,1.0049299374222755,5.960464477539063e-08,0.0,False,1.1099505424499512,0.9640907915430699,5.514739513397217,0.22986802458763123,0.5013120174407959,3
18,18,-0.028135655864493708,0.774795651435852,1.3873978853225708,0.5450555107423237,5.960464477539063e-08,0.0,False,1.0765540599822998,0.9350829754417105,4.8255228996276855,0.2667006850242615,0.5028828382492065,7
18,19,-0.023353424697886673,0.7902200222015381,1.3951101303100586,0.2918766673122134,1.1920928955078125e-07,0.0,False,1.0449681282043457,0.9076477836878344,4.469207286834717,0.2899168133735657,0.5052169561386108,7
18,20,-0.03917272845577035,0.7981640696525574,1.3990819454193115,0.03818237994398388,8.940696716308594e-08,0.0,False,1.048288106918335,0.910531480558878,4.55019474029541,0.2849804759025574,0.5055186152458191,7
18,21,0.03769838000116829,0.7852444648742676,1.3926222324371338,0.1997119103159222,0.0,0.0,False,1.0164051055908203,0.8828382574727707,4.352579116821289,0.297737181186676,0.5050710439682007,7
18,22,0.031439904571822865,0.7870058417320251,1.3935027122497559,0.18534085367407102,2.086162567138672e-07,0.0,False,1.0141470432281494,0.8808769294249679,4.247530937194824,0.3056522309780121,0.5014586448669434,7
18,23,0.01015053555770028,0.8036380410194397,1.4018192291259766,0.22104308541331982,2.086162567138672e-07,0.0,False,1.0299887657165527,0.8946368747460803,4.325924396514893,0.3009043335914612,0.5029470920562744,7
18,24,-0.009619089227159563,0.8061566352844238,1.4030784368515015,0.09878986861024572,1.1920928955078125e-07,0.0,False,1.0389360189437866,0.9024083601556377,4.351593017578125,0.2992832064628601,0.5002373456954956,7
19,1,0.06394543935999616,0.7937562465667725,1.3968782424926758,1.084936567715236,1.1920928955078125e-07,0.0,False,1.0714786052703857,0.9306744914926421,4.782593250274658,0.2703573703765869,0.5000619888305664,6
19,2,0.04799237974517806,0.7937666177749634,1.3968833684921265,0.1289502190692085,5.960464477539063e-08,0.0,False,1.0524967908859253,0.9141870970052763,4.528847694396973,0.2862650752067566,0.5003839135169983,6
19,3,0.04234963951150389,0.7758640050888062,1.3879320621490479,0.6130724442856653,5.960464477539063e-08,0.0,False,1.1311553716659546,0.9825090721794921,5.890231609344482,0.21621806919574738,0.5000075101852417,2
19,4,-0.03682097621586071,0.7920549511909485,1.3960275650024414,0.5315234107630594,8.940696716308594e-08,0.0,False,1.0724636316299438,0.9315300745176128,4.871893882751465,0.26505526900291443,0.5001513957977295,6
19,5,0.004183592219222916,0.7914318442344666,1.3957159519195557,0.8440649275268829,2.9802322387695312e-08,0.0,False,1.0659486055374146,0.9258711947547305,4.6431193351745605,0.27856388688087463,0.5070351362228394,7
19,6,-0.009358169155809455,0.7987155914306641,1.399357795715332,0.4466552840811867,0.0,0.0,False,1.0627341270446777,0.923079134211546,4.808628559112549,0.2689518928527832,0.5052036046981812,7
19,7,0.018571544532145285,0.7926197052001953,1.3963098526000977,0.37474725714751667,0.0,0.0,False,1.0566561222076416,0.9177998462881338,4.5658769607543945,0.2834761440753937,0.510882556438446,7
19,8,0.0038219758121619506,0.7861888408660889,1.393094539642334,0.26896694941180077,1.1920928955078125e-07,0.0,False,1.0254595279693604,0.8907028288244131,4.334122657775879,0.2991381883621216,0.5045569539070129,7
19,9,0.05471294769767354,0.7790031433105469,1.3895015716552734,0.4034830172147069,0.0,0.0,False,1.0332406759262085,0.897461448065477,4.511202812194824,0.28654006123542786,0.5000677704811096,7
19,10,0.06525080801805155,0.7743960618972778,1.3871979713439941,0.6264303209526199,5.960464477539063e-08,0.0,False,1.0865333080291748,0.9437508401623137,5.224209785461426,0.24535657465457916,0.5013810992240906,3
19,11,0.043224200919057404,0.7586060166358948,1.379303216934204,0.8920504525303841,2.086162567138672e-07,0.0,False,1.0086561441421509,0.8761075950774944,4.226812362670898,0.305237740278244,0.5033226013183594,6
19,12,-0.017352613092852062,0.7894049882888794,1.3947025537490845,0.40369289368391037,5.960464477539063e-08,0.0,False,1.0331215858459473,0.8973580077360632,4.3415207862854,0.2989196181297302,0.5006363391876221,6
19,13,0.011377980630990303,0.7816669344902039,1.3908334970474243,0.4389154080833707,2.9802322387695312e-08,0.0,False,1.0851430892944336,0.9425433115120404,5.22291898727417,0.24570995569229126,0.5039932131767273,6
19,14,0.04731852621997701,0.7810549139976501,1.3905274868011475,0.12101360942636216,2.9802322387695312e-08,0.0,False,1.0767196416854858,0.9352267978817062,5.053982734680176,0.2542842924594879,0.5061416625976562,6
19,15,0.013156275401799936,0.7886210083961487,1.394310474395752,0.35643820890358524,2.9802322387695312e-08,0.0,False,1.052952766418457,0.9145831523205992,4.485688209533691,0.2887895107269287,0.5020148158073425,6
19,16,-0.01634608318535657,0.7841051816940308,1.3920526504516602,0.20043998318059103,5.960464477539063e-08,0.0,False,1.0741368532180786,0.9329834163230695,4.906091213226318,0.26259100437164307,0.5035501718521118,6
19,17,0.018646673649049084,0.791188657283783,1.3955943584442139,0.8103460201195309,2.9802322387695312e-08,0.0,False,1.0956742763519287,0.9516905843659625,5.374497413635254,0.2389109581708908,0.5015824437141418,7
19,18,-0.009620396255290816,0.774156391620636,1.3870782852172852,0.5066076155219759,8.940696716308594e-08,0.0,False,1.048663854598999,0.9108578508474786,4.695011138916016,0.274499773979187,0.5008091926574707,7
19,19,0.006802277539885342,0.7643629312515259,1.3821815252304077,0.17750006488391326,5.960464477539063e-08,0.0,False,1.0437713861465454,0.906608306743906,4.579723358154297,0.280852735042572,0.5122119188308716,7
19,20,0.017398039953527095,0.7702029347419739,1.385101556777954,0.3977472335100174,8.940696716308594e-08,0.0,False,1.0551114082336426,0.9164581247780805,4.647638320922852,0.2769918143749237,0.5086919069290161,7
19,21,0.00485258281389507,0.7726887464523315,1.3863444328308105,0.47734524735382633,5.960464477539063e-08,0.0,False,1.0731405019760132,0.9321179966301366,4.903347015380859,0.26216429471969604,0.5020519495010376,7
19,22,0.0038639791718100957,0.7837095856666565,1.3918548822402954,0.8033441810735634,8.940696716308594e-08,0.0,False,1.046898365020752,0.9093243660840978,4.784813404083252,0.269626259803772,0.501359224319458,7
19,23,-0.031930265836306614,0.7775135636329651,1.3887567520141602,0.4364833874361856,2.9802322387695312e-08,0.0,False,1.0290855169296265,0.8938523228181845,4.577727794647217,0.2820901870727539,0.5001682043075562,7
19,24,0.009437736073343157,0.7861102819442749,1.3930552005767822,0.40629554965666365,5.960464477539063e-08,0.0,False,1.015108346939087,0.8817119072191544,4.4395599365234375,0.2916717529296875,0.5058108568191528,7
20,1,0.02732514652526312,0.7889750003814697,1.3944876194000244,1.4641554919736726,1.1920928955078125e-07,0.0,False,0.9138501882553101,0.7937601880910581,3.4906198978424072,0.3749500513076782,0.504849374294281,6
20,2,-0.017643224542688275,0.7910157442092896,1.3955078125,0.8315983898937702,5.960464477539063e-08,0.0,False,1.052087426185608,0.9138315273444086,4.489881992340088,0.2886858582496643,0.5008671879768372,7
20,3,-0.017099020523820944,0.796609103679657,1.3983045816421509,0.2541944703885487,2.9802322387695312e-08,0.0,False,0.9767478704452515,0.8483924206902501,3.852102041244507,0.33915942907333374,0.501283586025238,7
20,4,0.026952885886887448,0.803685188293457,1.4018425941467285,0.3683705904654093,0.0,0.0,False,1.0024914741516113,0.8707530307582025,4.009032249450684,0.3258655369281769,0.5007923245429993,7
20,5,-0.014934929165693353,0.8093030452728271,1.4046516418457031,0.44500257819890976,1.1920928955078125e-07,0.0,False,1.0069100856781006,0.8745909879654593,4.004354953765869,0.3266558349132538,0.5011646151542664,7
20,6,0.05680223162005172,0.8084113597869873,1.4042057991027832,0.24217517248221807,1.1920928955078125e-07,0.0,False,1.0211050510406494,0.8869205782209848,4.133231163024902,0.3158193826675415,0.5063819885253906,7
20,7,0.011194116194459492,0.8047887682914734,1.402394413948059,0.3562701876674379,2.9802322387695312e-08,0.0,False,0.9532687664031982,0.8279987300392581,3.7256953716278076,0.3518144488334656,0.5003221035003662,7
20,8,-0.09228476596003723,0.8009065389633179,1.4004533290863037,0.13049002204622537,5.960464477539063e-08,0.0,False,0.9865522384643555,0.8569083865487414,3.9356465339660645,0.33197835087776184,0.5014972686767578,7
20,9,0.031633204479563734,0.8190376162528992,1.4095187187194824,0.7502420055014748,8.940696716308594e-08,0.0,False,1.019756555557251,0.885749289926362,4.318570137023926,0.30161720514297485,0.5310664772987366,7
20,10,0.03797589709720075,0.8177695274353027,1.4088847637176514,0.6789625904389789,0.0,0.0,False,1.0045170783996582,0.8725124482530956,4.368480205535889,0.29779165983200073,0.5354618430137634,7
20,11,-0.01872264329729657,0.7858425378799438,1.3929213285446167,0.7532156982592174,5.960464477539063e-08,0.0,False,1.0592749118804932,0.9200744980965031,4.767465591430664,0.27050238847732544,0.5115456581115723,3
20,12,-0.003809223711630412,0.8025511503219604,1.401275634765625,0.5312773968492235,5.960464477539063e-08,0.0,False,1.0441796779632568,0.906962944509914,4.817249774932861,0.26807358860969543,0.5260530710220337,7
20,13,-0.06004652448764994,0.8020366430282593,1.4010183811187744,0.15058836553777966,5.960464477539063e-08,0.0,False,1.0635733604431152,0.9238080830794866,4.88653564453125,0.26475897431373596,0.5001839399337769,7
20,14,0.058826839340328715,0.7894359230995178,1.3947179317474365,0.8566398599318096,2.9802322387695312e-08,0.0,False,1.0204180479049683,0.8863238548792317,4.436633586883545,0.2921936810016632,0.5016694068908691,2
20,15,0.034761466920550106,0.7970411777496338,1.3985207080841064,0.48627205831663933,1.1920928955078125e-07,0.0,False,1.0426442623138428,0.9056292994219771,4.576014041900635,0.2832055985927582,0.5062960386276245,2
20,16,0.09824496014397698,0.787634015083313,1.3938170671463013,0.851124675146171,5.960464477539063e-08,0.0,False,1.0708870887756348,0.930160706793392,4.824378490447998,0.2675521671772003,0.5002680420875549,6
20,17,-0.04134165570681484,0.7826421856880188,1.3913211822509766,0.17976545223167958,8.940696716308594e-08,0.0,False,1.0185976028442383,0.8847426363902655,4.17342472076416,0.3110068738460541,0.50196772813797,6
20,18,-0.03485106526446118,0.8106645941734314,1.4053324460983276,0.8944145355905804,1.4901161193847656e-07,0.0,False,1.0954794883728027,0.9515213936770116,5.1987504959106445,0.24841493368148804,0.5011084079742432,7
20,19,0.03291386622230116,0.7974733114242554,1.3987367153167725,0.8719447936330522,5.960464477539063e-08,0.0,False,1.0621094703674316,0.9225365643155219,4.599039554595947,0.2818564772605896,0.5021934509277344,7
20,20,0.03477267686709237,0.801680326461792,1.4008402824401855,0.592256669487272,1.1920928955078125e-07,0.0,False,1.0530762672424316,0.9146904237733245,4.539617538452148,0.2856215834617615,0.5150766968727112,7
20,21,-0.014371501200776293,0.8004181385040283,1.4002090692520142,1.2690714384828294,0.0,0.0,False,1.1302454471588135,0.9817187217946923,5.941507339477539,0.21518643200397491,0.5009443163871765,6
20,22,0.04521685775036573,0.798837423324585,1.399418830871582,1.137857456292425,1.1920928955078125e-07,0.0,False,1.0623502731323242,0.9227457229395617,4.730993747711182,0.27371615171432495,0.5010791420936584,7
20,23,-0.00693931791438996,0.7972623705863953,1.3986310958862305,0.9828149122851236,8.940696716308594e-08,0.0,False,1.0353469848632812,0.8992909647625854,4.55021333694458,0.2845953106880188,0.5174651145935059,7
20,24,-0.01179001366783436,0.7946711778640747,1.397335410118103,0.8616432100534439,1.7881393432617188e-07,0.0,False,1.0485193729400635,0.9107323556730548,4.465333461761475,0.2903677225112915,0.5084031224250793,7
21,1,-0.0004295901677694694,0.8101279735565186,1.4050641059875488,1.0611859879323415,1.1920928955078125e-07,0.0,False,1.0388474464416504,0.9023314270577855,4.2381157875061035,0.3078191876411438,0.5043771862983704,7
21,2,-0.012615167844282217,0.7962012887001038,1.3981006145477295,0.057046779564448674,2.9802322387695312e-08,0.0,False,1.035618782043457,0.8995270447936797,4.189866542816162,0.3106343746185303,0.5027914047241211,7
21,3,0.04783193308380242,0.8165079951286316,1.4082539081573486,0.1545149407216482,8.940696716308594e-08,0.0,False,1.0373497009277344,0.9010305018338074,4.248600959777832,0.30740970373153687,0.5055230259895325,7
21,4,-0.0016899060731791812,0.8230307102203369,1.4115153551101685,0.5953591657536371,0.0,0.0,False,1.0378787517547607,0.9014900295434551,4.211146354675293,0.3108597695827484,0.5001776814460754,7
21,5,-0.031655245034211174,0.7913081049919128,1.3956540822982788,0.6120493028845105,2.9802322387695312e-08,0.0,False,1.0352568626403809,0.8992126855943804,4.154296398162842,0.3131526708602905,0.5000045895576477,7
21,6,0.006253928184972019,0.7528061866760254,1.3764030933380127,0.680242276617459,0.0,0.0,False,1.0161492824554443,0.8826160523206967,4.014019966125488,0.32173439860343933,0.500712513923645,7
21,7,0.01342778496004132,0.7425485253334045,1.3712742328643799,0.2941110985619681,2.9802322387695312e-08,0.0,False,0.9566202163696289,0.8309097624928494,3.72161602973938,0.3469153940677643,0.5104643702507019,7
21,8,0.024616440608843406,0.7343459129333496,1.3671729564666748,0.653125897049904,0.0,0.0,False,0.9954171180725098,0.8646083231418574,4.1969990730285645,0.3055628538131714,0.5133152008056641,7
21,9,-0.05992224031762232,0.8054193258285522,1.402709722518921,0.7431945534689087,5.960464477539063e-08,0.0,False,0.8675038814544678,0.7535042974906562,3.192169427871704,0.41303184628486633,0.5000005960464478,7
21,10,-0.010049505216306825,0.8110043406486511,1.4055020809173584,0.8201634074960437,8.940696716308594e-08,0.0,False,1.0246316194534302,0.8899837166244348,4.10781717300415,0.31822168827056885,0.5000036954879761,7
21,11,-0.06881723865785956,0.8111342191696167,1.4055671691894531,0.048370384744235384,5.960464477539063e-08,0.0,False,1.0218207836151123,0.8875422556362,4.08400297164917,0.32015925645828247,0.5003524422645569,7
21,12,0.002847288094574068,0.7978521585464478,1.398926019668579,0.7748290662254605,5.960464477539063e-08,0.0,False,1.0402032136917114,0.9035090315286788,4.218226432800293,0.3086260259151459,0.5005292296409607,7
21,13,-0.011351876607350346,0.8054322004318237,1.402716040611267,0.5134068599769047,5.960464477539063e-08,0.0,False,1.0395081043243408,0.9029052672035421,4.225271701812744,0.3085004687309265,0.5038926005363464,7
21,14,-0.108558317120879,0.7667236328125,1.38336181640625,1.5162521143044745,0.0,0.0,False,0.8825613260269165,0.7665830276694133,3.2325856685638428,0.4039343297481537,0.5000140070915222,7
21,15,0.04507802788883809,0.8099668622016907,1.4049835205078125,1.263257423681872,8.940696716308594e-08,0.0,False,1.0383676290512085,0.9019146629678052,4.2375102043151855,0.30782225728034973,0.5055197477340698,7
21,16,0.02501088537795612,0.8019604086875916,1.4009802341461182,0.579518267086574,2.9802322387695312e-08,0.0,False,1.0414334535598755,0.9045776043010009,4.214297294616699,0.3092000484466553,0.500622034072876,7
21,17,0.0014154561586180031,0.7876231074333191,1.393811583518982,1.26810394014631,2.9802322387695312e-08,0.0,False,0.8787747621536255,0.7632940600783243,3.2533085346221924,0.4032929539680481,0.5003232359886169,7
21,18,0.017729935784238513,0.7623510360717773,1.3811755180358887,1.106129977852106,0.0,0.0,False,1.0300832986831665,0.894718985037597,4.115067005157471,0.31422263383865356,0.5001020431518555,7
21,19,0.006536790141847042,0.7829759120941162,1.3914880752563477,0.17766714521816804,1.1920928955078125e-07,0.0,False,1.0238419771194458,0.8892978420077815,4.0770182609558105,0.3187553286552429,0.5000007748603821,7
21,20,0.011333259724227836,0.7752917408943176,1.387645959854126,0.1734012131180083,8.940696716308594e-08,0.0,False,0.9960747957229614,0.865179574690782,3.885248899459839,0.3345589339733124,0.5001769065856934,7
21,21,0.019708050160924633,0.7816123962402344,1.3908063173294067,0.1276833585330418,1.1920928955078125e-07,0.0,False,1.01820707321167,0.8844034266613773,4.024085521697998,0.32300204038619995,0.5008837580680847,7
21,22,0.023765462459537753,0.772058367729187,1.3860292434692383,0.16927091564450955,5.960464477539063e-08,0.0,False,0.9776550531387329,0.8491803895659644,3.749311685562134,0.3469110429286957,0.5000264644622803,7
21,23,-0.011935169344950104,0.7859777212142944,1.3929890394210815,0.2532436656100411,1.7881393432617188e-07,0.0,False,1.0294865369796753,0.894200644407922,4.117218971252441,0.31568771600723267,0.5013003349304199,7
21,24,0.006700543703992173,0.7749653458595276,1.3874826431274414,0.5386636895792826,2.9802322387695312e-08,0.0,False,0.9675661325454712,0.8404172644819371,3.724454641342163,0.3495452404022217,0.50018709897995,7
22,1,-0.009330772988910732,0.7311838865280151,1.3655920028686523,1.4148031324148178,5.960464477539063e-08,0.0,False,0.9395913481712341,0.8161186755096081,3.5164742469787598,0.3671101927757263,0.5005663633346558,7
22,2,0.04767110329828953,0.7955083847045898,1.397754192352295,0.3845112930451121,0.0,0.0,False,0.9020118713378906,0.7834775566665438,3.3394153118133545,0.3932797908782959,0.5002039670944214,7
22,3,-0.02686020307055894,0.8131438493728638,1.406571865081787,0.1660654204232352,5.960464477539063e-08,0.0,False,0.8652352094650269,0.7515337540381309,3.201448917388916,0.41247087717056274,0.5025687217712402,6
22,4,-0.022561303229286695,0.8279691338539124,1.4139845371246338,0.45429921788828725,2.9802322387695312e-08,0.0,False,0.9230777025222778,0.8017751051467134,3.4816949367523193,0.3793891668319702,0.5027602910995483,7
22,5,-0.006295508749224049,0.819180428981781,1.409590244293213,0.29134014887469134,2.9802322387695312e-08,0.0,False,1.006103754043579,0.8738906172065458,3.998859167098999,0.3278142511844635,0.5017809867858887,7
22,6,0.010158629235176474,0.8183177709579468,1.4091589450836182,0.22925209999084475,5.960464477539063e-08,0.0,False,1.0351402759552002,0.8991114196863057,4.1983819007873535,0.3114835023880005,0.5019650459289551,7
22,7,0.015166221912030996,0.8267903923988342,1.4133951663970947,0.35536754769938317,2.9802322387695312e-08,0.0,False,0.978368878364563,0.849800410279207,3.8321280479431152,0.3433054983615875,0.5010230541229248,7
22,8,0.004087938167971874,0.8295103311538696,1.41475510597229,0.05259889364242554,5.960464477539063e-08,0.0,False,0.9926005601882935,0.862161892047705,3.9360554218292236,0.3340476155281067,0.5011165142059326,7
22,9,0.020235432559066378,0.8125659823417664,1.406282901763916,0.6824048757553101,8.940696716308594e-08,0.0,False,0.9315594434738159,0.8091422517310851,3.5566153526306152,0.3698679804801941,0.5001890659332275,7
22,10,-0.05151161009456702,0.8280301690101624,1.4140150547027588,0.3388783463409968,2.9802322387695312e-08,0.0,False,1.0212833881378174,0.8870754798554221,4.106400966644287,0.3194812834262848,0.500933051109314,7
22,11,-0.005494986661427665,0.8043869733810425,1.402193546295166,0.5783765943987029,5.960464477539063e-08,0.0,False,0.9458845257759094,0.8215848601243033,3.633450984954834,0.3610708713531494,0.5002667903900146,7
22,12,0.0013000299952892177,0.8049224615097046,1.402461290359497,0.05313811504415103,5.960464477539063e-08,0.0,False,0.9587042331695557,0.8327199164856531,3.7344672679901123,0.3509618937969208,0.5004559755325317,7
22,13,-0.006263911015041311,0.8161678314208984,1.4080840349197388,0.19512501305767468,1.1920928955078125e-07,0.0,False,1.0009288787841797,0.8693957776671563,4.028616428375244,0.32509806752204895,0.5009000897407532,7
22,14,-0.04729728165048161,0.8185139894485474,1.409256935119629,0.6528178570525986,5.960464477539063e-08,0.0,False,0.8766281604766846,0.7614295455520449,3.2449934482574463,0.40732723474502563,0.5000032782554626,7
22,15,-0.019429869643394056,0.8070090413093567,1.403504490852356,0.2829267105885916,2.9802322387695312e-08,0.0,False,0.8846364617347717,0.7683854676436572,3.2854831218719482,0.40104493498802185,0.5002354979515076,7
22,16,-0.04692550065060269,0.8154009580612183,1.407700538635254,0.8285083190671034,5.960464477539063e-08,0.0,False,1.0281928777694702,0.8930769862950113,4.253199577331543,0.30712756514549255,0.5007020235061646,7
22,17,-0.009415158560702082,0.8096296191215515,1.4048147201538086,0.7519029229879379,8.940696716308594e-08,0.0,False,1.033732295036316,0.8978884629989127,4.20561408996582,0.31018784642219543,0.5074673891067505,7
22,18,0.0004858395291612791,0.8024860620498657,1.4012432098388672,0.28743222994463785,1.7881393432617188e-07,0.0,False,0.9940052628517151,0.8633820012785826,3.9200692176818848,0.33350956439971924,0.5000919103622437,7
22,19,-0.0716718010935178,0.7978143692016602,1.39890718460083,0.2095414581043379,0.0,0.0,False,0.9428848028182983,0.8189793338688454,3.6287529468536377,0.3609341084957123,0.5031357407569885,7
22,20,-0.030388554954400238,0.806477963924408,1.4032390117645264,0.21046524920633847,2.9802322387695312e-08,0.0,False,0.9974355101585388,0.8663614762324167,4.0208258628845215,0.3248646855354309,0.5080267786979675,7
22,21,-0.015906802300841832,0.8066797852516174,1.4033398628234863,0.3089516950505122,2.9802322387695312e-08,0.0,False,0.9957555532455444,0.8649022841981193,4.1231536865234375,0.3159168064594269,0.5273525714874268,7
22,22,0.015346199120107932,0.7959315180778503,1.397965669631958,0.6663969425218446,8.940696716308594e-08,0.0,False,1.0023794174194336,0.8706556995173127,4.555366516113281,0.2813982367515564,0.6184096336364746,7
22,23,0.007084042932200283,0.7871167659759521,1.3935585021972656,0.801203997007438,1.1920928955078125e-07,0.0,False,1.0833098888397217,0.9409510138286326,5.479909896850586,0.23247773945331573,0.5529919862747192,7
22,24,0.07309048812072338,0.8084375262260437,1.4042186737060547,0.3660970500537327,8.940696716308594e-08,0.0,False,1.0774644613265991,0.9358737400020034,5.261216163635254,0.24450406432151794,0.5253920555114746,3
23,1,0.05118796399106999,0.8088402152061462,1.4044201374053955,1.049633149589811,2.9802322387695312e-08,0.0,False,1.0349822044372559,0.8989741205103271,4.182192802429199,0.31207817792892456,0.5030274987220764,7
23,2,-0.016150870582474268,0.7752118110656738,1.387605905532837,0.5304962694644928,0.0,0.0,False,1.0185556411743164,0.8847061889468685,4.048828601837158,0.3204946219921112,0.5005234479904175,7
23,3,0.028832808056422264,0.7835032343864441,1.3917515277862549,0.13200233025210253,8.940696716308594e-08,0.0,False,1.0062949657440186,0.8740567015792983,3.970451831817627,0.3276950418949127,0.5005285739898682,7
23,4,0.016614635228555785,0.8088142275810242,1.404407024383545,0.1537912317684718,8.940696716308594e-08,0.0,False,0.9876706004142761,0.8578797833959835,3.8534047603607178,0.3399977385997772,0.500213623046875,7
23,5,0.02354176665933401,0.8255013227462769,1.4127508401870728,0.22549820797783995,1.7881393432617188e-07,0.0,False,1.0297620296478271,0.8944399342990884,4.1666669845581055,0.3144797086715698,0.5008641481399536,7
23,6,0.004971480143948121,0.8103607296943665,1.4051804542541504,0.4865147322416305,8.940696716308594e-08,0.0,False,1.0152561664581299,0.8818403016220303,4.042438983917236,0.32355010509490967,0.5000882148742676,7
23,7,-0.03637381811975786,0.787693202495575,1.3938466310501099,0.4401037118264608,2.9802322387695312e-08,0.0,False,0.9899047613143921,0.8598203508971922,3.853161573410034,0.338394433259964,0.5007655024528503,7
23,8,0.01903909755586619,0.7753136157989502,1.3876566886901855,0.6598967909812927,1.1920928955078125e-07,0.0,False,1.0122772455215454,0.8792528437724609,4.018010139465332,0.32307469844818115,0.5000193119049072,7
23,9,0.03202056885991757,0.7783377170562744,1.3891687393188477,0.11880547553300855,1.1920928955078125e-07,0.0,False,1.0004091262817383,0.8689443263796248,3.9493110179901123,0.3291495144367218,0.5000333189964294,7
23,10,0.06655489545336898,0.7976429462432861,1.398821473121643,0.6553779680814061,0.0,0.0,False,0.9518574476242065,0.8267728741234129,3.666553497314453,0.3571415841579437,0.5000288486480713,7
23,11,-0.020991519694936418,0.7662196755409241,1.3831098079681396,0.7472135584269252,2.9802322387695312e-08,0.0,False,0.9719159007072449,0.8441954251023706,3.765526294708252,0.3448866903781891,0.5002771019935608,7
23,12,0.02582643561295882,0.7915858626365662,1.3957929611206055,0.0851762167045047,2.9802322387695312e-08,0.0,False,0.9698383808135986,0.842390914250661,3.7250914573669434,0.3508266508579254,0.5000450015068054,7
23,13,-0.00903880945625227,0.7886122465133667,1.3943061828613281,0.09239006255354201,5.960464477539063e-08,0.0,False,0.9566774368286133,0.8309594635520271,3.6270670890808105,0.3604215085506439,0.5003349184989929,7
23,14,-0.006761522692910579,0.795264720916748,1.397632360458374,0.30695423696722307,0.0,0.0,False,1.0254929065704346,0.8907318211089336,4.094832897186279,0.3181700110435486,0.5002330541610718,7
23,15,-0.04575562683805326,0.7695150375366211,1.3847575187683105,0.3399272635579109,0.0,0.0,False,0.9429866075515747,0.8190677603366324,3.5257065296173096,0.3695206046104431,0.5000202059745789,7
23,16,0.02595656466169919,0.8123235702514648,1.4061617851257324,0.49390503551278797,0.0,0.0,False,0.9983826279640198,0.867184132305682,3.9267351627349854,0.3336258828639984,0.5008132457733154,7
23,17,-0.0052408436077920895,0.7774287462234497,1.38871431350708,0.24786462209054397,5.960464477539063e-08,0.0,False,0.9213458299636841,0.8002708197555995,3.420340061187744,0.3820243179798126,0.5000003576278687,7
23,18,0.002550617092193398,0.8020984530448914,1.4010491371154785,0.10511161706277297,8.940696716308594e-08,0.0,False,0.9589478969573975,0.8329315601626518,3.6605992317199707,0.35809946060180664,0.5003728866577148,7
23,19,0.007644330599020786,0.8053709864616394,1.4026854038238525,0.05061546606676917,8.940696716308594e-08,0.0,False,0.9749106168746948,0.8467966025151505,3.7583773136138916,0.3486793637275696,0.500301718711853,7
23,20,3.2102608467850756e-05,0.8092923164367676,1.4046461582183838,0.24842266312667297,0.0,0.0,False,1.0254402160644531,0.8906860547169406,4.109084606170654,0.3179970979690552,0.5001295804977417,7
23,21,0.042272134996079104,0.7936565279960632,1.396828293800354,0.29625171848705845,2.9802322387695312e-08,0.0,False,0.9585667848587036,0.8326005303997531,3.647089719772339,0.35878562927246094,0.5003007650375366,7
23,22,-0.005791717966179298,0.7950636744499207,1.3975318670272827,0.02290936878749314,2.9802322387695312e-08,0.0,False,0.9597411751747131,0.8336205928674403,3.659759521484375,0.35761478543281555,0.5001785755157471,7
23,23,0.006712899801440929,0.7976250052452087,1.3988125324249268,0.05468678367989402,2.9802322387695312e-08,0.0,False,0.9437891840934753,0.8197648694635373,3.5577828884124756,0.36848098039627075,0.5000411868095398,7
23,24,0.025752623025369698,0.7822293639183044,1.391114592552185,0.43624671122857506,8.940696716308594e-08,0.0,False,0.8743101358413696,0.7594161349359788,3.190133571624756,0.41101861000061035,0.5001689195632935,7
24,1,0.013620132737245294,0.8038359880447388,1.4019179344177246,1.5618325205785888,5.960464477539063e-08,0.0,False,0.879935085773468,0.7643019043689636,3.289130926132202,0.4002436399459839,0.5017657279968262,6
24,2,0.05299360586840505,0.8320965766906738,1.416048288345337,1.2659267761877604,0.0,0.0,False,0.9616729617118835,0.8352985213340565,3.802844762802124,0.34648025035858154,0.5005584955215454,7
24,3,-0.03585232882086168,0.7792543768882751,1.38962721824646,0.5366808921098709,2.9802322387695312e-08,0.0,False,1.009935975074768,0.8772192421011038,4.037453651428223,0.32167190313339233,0.502612292766571,7
24,4,-0.04258330667632275,0.7809596657752991,1.3904798030853271,0.2809632377965111,2.9802322387695312e-08,0.0,False,1.0235037803649902,0.8890040880392662,4.087829113006592,0.3175428807735443,0.507154107093811,7
24,5,-0.003059293412854453,0.783504068851471,1.391752004623413,0.496204894568239,2.9802322387695312e-08,0.0,False,1.0072813034057617,0.8749134235868751,4.038557052612305,0.321785032749176,0.5063992738723755,7
24,6,0.0010338917064434132,0.7973475456237793,1.3986737728118896,0.10830740417752963,0.0,0.0,False,1.024507761001587,0.8898761345400895,4.185956001281738,0.31105950474739075,0.5011904239654541,7
24,7,-0.03999225294311694,0.8114075064659119,1.4057037830352783,0.5363977961242199,2.9802322387695312e-08,0.0,False,0.9816018342971802,0.8526085201227511,3.9734609127044678,0.32941263914108276,0.5027769804000854,7
24,8,-0.028394112292351316,0.8166710138320923,1.4083354473114014,0.20307138562202448,5.960464477539063e-08,0.0,False,1.0342187881469727,0.898311025545797,4.450584411621094,0.2926170825958252,0.5121981501579285,7
24,9,0.006546938640964777,0.7829610705375671,1.3914804458618164,0.6196156420878001,8.940696716308594e-08,0.0,False,1.0712999105453491,0.930519279226585,5.36759614944458,0.2374826967716217,0.5525875687599182,1
24,10,0.016765653868222704,0.8340889811515808,1.4170444011688232,0.5339619134153638,8.940696716308594e-08,0.0,False,1.010542869567871,0.877746383960008,4.259416580200195,0.3071705996990204,0.5243358612060547,7
24,11,-0.0018028395875680403,0.8243407607078552,1.41217041015625,0.4399939871260099,2.9802322387695312e-08,0.0,False,0.9835267066955566,0.8542804430447166,3.969419479370117,0.3305436074733734,0.5079873204231262,7
24,12,0.022589614766455324,0.813414454460144,1.4067072868347168,0.42095312050410677,5.960464477539063e-08,0.0,False,0.9741291999816895,0.8461178724257541,4.015657424926758,0.32595905661582947,0.50224369764328,7
24,13,-0.013054863773354035,0.8287293910980225,1.4143648147583008,0.23257654213479573,1.1920928955078125e-07,0.0,False,0.912814736366272,0.792860806007687,3.5019772052764893,0.3772294819355011,0.5007769465446472,7
24,14,0.007929769882714342,0.8115197420120239,1.4057598114013672,0.2263473389404161,5.960464477539063e-08,0.0,False,0.9838725328445435,0.8545808238211223,4.010583877563477,0.3263172507286072,0.5000319480895996,2
24,15,0.012044154774382879,0.8074509501457214,1.4037253856658936,0.14236411452293396,8.940696716308594e-08,0.0,False,0.9854570627212524,0.8559571289848534,3.998635768890381,0.32697123289108276,0.5025411248207092,7
24,16,-0.036074859290684685,0.8020564317703247,1.4010282754898071,0.9167364197117941,5.960464477539063e-08,0.0,False,1.041758418083191,0.9048598648995813,4.261528015136719,0.3055165112018585,0.5045010447502136,7
24,17,-0.054014722381563705,0.8010457754135132,1.4005229473114014,0.6441601344517298,5.960464477539063e-08,0.0,False,1.0258047580718994,0.8910026918814523,4.487974643707275,0.2882671356201172,0.5426647067070007,7
24,18,-0.0228927831339908,0.7731164693832397,1.3865582942962646,0.5643379837274551,5.960464477539063e-08,0.0,False,1.094918966293335,0.951034530384816,5.614096641540527,0.22658681869506836,0.5302633047103882,1
24,19,-0.0025762730885670634,0.793139636516571,1.3965697288513184,0.8143403104373387,8.940696716308594e-08,0.0,False,1.061948299407959,0.9223965729988379,4.856576442718506,0.26544803380966187,0.52008056640625,7
24,20,-0.032428110209766325,0.7981184720993042,1.3990592956542969,0.3987974673509598,5.960464477539063e-08,0.0,False,1.038888692855835,0.9023672532379429,4.271844863891602,0.30427485704421997,0.512142539024353,7
24,21,-0.024195625930879462,0.8052046298980713,1.402602195739746,0.45388025684016087,1.1920928955078125e-07,0.0,False,1.0326907634735107,0.8969838001780039,4.3573174476623535,0.29796186089515686,0.5304692387580872,7
24,22,-0.010422541212891141,0.7817637324333191,1.3908817768096924,0.21404727867671425,8.940696716308594e-08,0.0,False,1.0804438591003418,0.938461612027066,5.050825119018555,0.254254013299942,0.5149067640304565,7
24,23,-0.011815506367147602,0.8032543659210205,1.4016271829605103,0.2707760802337102,0.0,0.0,False,1.0417368412017822,0.9048411234585163,4.2993950843811035,0.3026810586452484,0.5080218315124512,7
24,24,-0.001051849020929146,0.8030129671096802,1.4015065431594849,0.20421660585062854,5.960464477539063e-08,0.0,False,1.0860652923583984,0.9433443269157888,4.9907331466674805,0.2589861750602722,0.5003526210784912,7
25,1,-0.02655526857083411,0.7784830331802368,1.3892414569854736,1.3456165002925056,5.960464477539063e-08,0.0,False,0.9695821404457092,0.8421683466950306,3.769362449645996,0.34541797637939453,0.5034239292144775,7
25,2,0.1242080117000569,0.8209367990493774,1.410468339920044,1.139714415584292,5.960464477539063e-08,0.0,False,1.006922721862793,0.8746019636160277,4.366572856903076,0.2989860475063324,0.5056461095809937,3
25,3,0.09788384588863432,0.7900214195251465,1.3950108289718628,0.8484326718108994,1.1920928955078125e-07,0.0,False,1.0103371143341064,0.8775676672347146,4.290614128112793,0.30258816480636597,0.5035791993141174,6
25,4,0.05755531220107761,0.7819468975067139,1.3909735679626465,0.36439491382667005,1.1920928955078125e-07,0.0,False,1.000686764717102,0.8691854800605103,4.141286373138428,0.3135269284248352,0.5000768899917603,6
25,5,0.0541920559257332,0.7470752000808716,1.3735376596450806,0.39800113333123077,5.960464477539063e-08,0.0,False,1.02370285987854,0.8891770063076556,4.423920154571533,0.29031264781951904,0.5037911534309387,2
25,6,-0.007174678474038517,0.74477219581604,1.37238609790802,0.12290178558656148,0.0,0.0,False,1.0184760093688965,0.8846370216395127,4.343786716461182,0.295758992433548,0.5032325983047485,6
25,7,-0.0011400274506445712,0.7301447987556458,1.3650723695755005,0.6337843792779105,2.9802322387695312e-08,0.0,False,1.0429985523223877,0.9059370318133863,4.434631824493408,0.2884293794631958,0.5060256719589233,2
25,8,0.033834614242550534,0.7640297412872314,1.3820147514343262,1.3905553626162666,1.1920928955078125e-07,0.0,False,1.0410406589508057,0.9042364272385202,4.295507431030273,0.3004883825778961,0.5043356418609619,7
25,9,-0.0007006080752691331,0.7701441049575806,1.3850719928741455,1.0999146444456918,5.960464477539063e-08,0.0,False,1.0866538286209106,0.9438555230182069,5.1612958908081055,0.24830348789691925,0.5009828209877014,2
25,10,-0.010133772125151246,0.7524133920669556,1.376206636428833,0.19689677017075682,5.960464477539063e-08,0.0,False,1.0825121402740479,0.9402580982285959,5.022815704345703,0.25458061695098877,0.5003843903541565,2
25,11,0.014514500704632106,0.7611035108566284,1.380551815032959,0.6140875624758857,5.960464477539063e-08,0.0,False,1.0441027879714966,0.9068961587116439,4.766688346862793,0.26938116550445557,0.5025465488433838,2
25,12,-0.0016225619734535931,0.765789270401001,1.3828946352005005,0.545704077397074,0.0,0.0,False,1.0861866474151611,0.943449734578795,5.292185306549072,0.2415870726108551,0.5025209188461304,7
25,13,0.008160217633272711,0.7660382390022278,1.383019208908081,0.12198629443134582,8.940696716308594e-08,0.0,False,1.0813074111938477,0.9392116838451572,5.188029766082764,0.2465720772743225,0.5078701376914978,7
25,14,-0.011771089421636554,0.7812023162841797,1.3906012773513794,0.20960457942315505,1.1920928955078125e-07,0.0,False,1.0699728727340698,0.9293666288291538,4.841678142547607,0.26616984605789185,0.501089870929718,7
25,15,0.00354537051085279,0.790410578250885,1.3952052593231201,0.13260522697653088,2.9802322387695312e-08,0.0,False,1.0508800745010376,0.9127828349957577,4.643774032592773,0.27854272723197937,0.5041123628616333,7
25,16,0.0086494188035285,0.7828298211097717,1.3914148807525635,0.3437764006001608,2.9802322387695312e-08,0.0,False,1.053358554840088,0.9149356156652682,4.715005874633789,0.27325746417045593,0.5203670263290405,7
25,17,0.010315880180584103,0.776110053062439,1.3880550861358643,0.3636479963149343,5.960464477539063e-08,0.0,False,1.0847077369689941,0.9421651692867963,5.409824371337891,0.23601511120796204,0.5222405791282654,7
25,18,0.01663131331582509,0.7704907059669495,1.3852453231811523,0.19259751907416736,2.9802322387695312e-08,0.0,False,1.0782818794250488,0.9365837403411326,5.087683200836182,0.25196215510368347,0.5063828825950623,7
25,19,-0.045872709858080334,0.7693336606025696,1.384666919708252,0.20506341542516432,8.940696716308594e-08,0.0,False,1.0937089920043945,0.9499835600709527,5.3328986167907715,0.23986631631851196,0.5005223751068115,7
25,20,-0.08242807011761717,0.798943817615509,1.3994719982147217,0.48086877326880184,8.940696716308594e-08,0.0,False,1.0603529214859009,0.9210108453426377,5.088780403137207,0.25335854291915894,0.5062066316604614,1
25,21,0.01553385690017225,0.7968555688858032,1.3984277248382568,0.16908372512885478,5.960464477539063e-08,0.0,False,1.0232877731323242,0.8888164665408702,4.6519455909729,0.27828481793403625,0.5084397792816162,7
25,22,0.022243388236614505,0.7985271215438843,1.399263620376587,0.2966230681964329,5.960464477539063e-08,0.0,False,0.9984179139137268,0.867214781292175,4.255743026733398,0.30579662322998047,0.5016660094261169,7
25,23,0.013559632333178058,0.7930743098258972,1.3965370655059814,0.10471524404627935,8.940696716308594e-08,0.0,False,1.019657850265503,0.8856635555992803,4.478956699371338,0.2895205020904541,0.5019669532775879,7
25,24,-0.001767973758645062,0.7910827398300171,1.3955414295196533,0.37522240621703007,5.960464477539063e-08,0.0,False,1.0567903518676758,0.917916436689455,4.889296531677246,0.2639085054397583,0.5038906335830688,7
26,1,0.04404905748999037,0.8161278963088989,1.4080638885498047,1.1541356955255782,5.960464477539063e-08,0.0,False,1.0719528198242188,0.9310863890205779,5.402640342712402,0.23757967352867126,0.5419110059738159,7
26,2,0.06495068151242932,0.8048951029777527,1.4024475812911987,0.34744523252759657,2.9802322387695312e-08,0.0,False,1.0100324153900146,0.877303009094593,4.297443389892578,0.3023220896720886,0.5297244787216187,7
26,3,0.005697667421887816,0.7806880474090576,1.3903441429138184,0.5877984783479144,1.1920928955078125e-07,0.0,False,1.0089929103851318,0.8764001065195302,4.042085647583008,0.3212258517742157,0.5088145136833191,7
26,4,0.0014915340490160058,0.8015882968902588,1.4007940292358398,0.2521781506282942,1.1920928955078125e-07,0.0,False,1.014019250869751,0.8807659303928042,4.31072998046875,0.301103800535202,0.5308622121810913,7
26,5,0.011234674067158345,0.7956958413124084,1.3978480100631714,0.23354670086077287,8.940696716308594e-08,0.0,False,1.0274736881256104,0.8924523061074707,4.390441417694092,0.29461953043937683,0.5448815822601318,7
26,6,0.02137054167947089,0.8053439259529114,1.4026720523834229,0.054694169334003034,8.940696716308594e-08,0.0,False,1.0324597358703613,0.8967831321515737,4.515395641326904,0.2864951491355896,0.5490620136260986,7
26,7,-0.01800108678679683,0.7965173125267029,1.3982586860656738,0.41918928495475216,2.9802322387695312e-08,0.0,False,1.0206656455993652,0.8865389155040488,4.1063666343688965,0.31730034947395325,0.5011355876922607,7
26,8,-0.002020258499621456,0.8055934906005859,1.402796745300293,0.12761205221925476,0.0,0.0,False,1.024787425994873,0.8901190484668209,4.135381698608398,0.31562721729278564,0.500260055065155,7
26,9,0.010393646266748957,0.822414219379425,1.4112071990966797,0.7100464020456587,8.940696716308594e-08,0.0,False,0.9069739580154419,0.7877875703921161,3.4290452003479004,0.3849763870239258,0.5019797086715698,7
26,10,-0.02645817572255823,0.831327497959137,1.415663719177246,0.1676623587097441,2.9802322387695312e-08,0.0,False,0.9690675735473633,0.8417213995659871,3.9007935523986816,0.3372238576412201,0.5048495531082153,7
26,11,0.013492105314572542,0.8272898197174072,1.413644790649414,0.06962138307946059,1.1920928955078125e-07,0.0,False,0.9671019315719604,0.8400140646393575,3.871795177459717,0.339513897895813,0.506501317024231,7
26,12,-0.007304693116876225,0.8174722790718079,1.408736228942871,0.7995226042611258,8.940696716308594e-08,0.0,False,1.0282458066940308,0.8931229597747508,4.388480186462402,0.29624828696250916,0.5388652682304382,7
26,13,-0.0124240427531995,0.805572509765625,1.402786374092102,0.21931971077408097,1.1920928955078125e-07,0.0,False,1.0261139869689941,0.8912712846887589,4.341619491577148,0.2996598482131958,0.5111173987388611,7
26,14,0.0006481331545286854,0.8286164402961731,1.4143083095550537,0.8354738993304118,8.940696716308594e-08,0.0,False,0.9994455575942993,0.8681073812518458,4.177989959716797,0.31381553411483765,0.5001908540725708,2
26,15,-0.017138983241621365,0.8227552175521851,1.4113776683807373,0.2087887589420592,5.960464477539063e-08,0.0,False,0.9942129254341125,0.8635623747058486,4.1081109046936035,0.3189427852630615,0.502240777015686,2
26,16,-0.005582552461048252,0.8057795166969299,1.4028898477554321,0.6157549938985281,8.940696716308594e-08,0.0,False,1.0503629446029663,0.9123336616734385,4.530737400054932,0.2867617905139923,0.5041028261184692,2
26,17,0.012950501629041324,0.7925584316253662,1.396279215812683,0.593481155378478,0.0,0.0,False,1.0464435815811157,0.9089293462075079,4.665755271911621,0.27739566564559937,0.500262975692749,7
26,18,0.009753172385532692,0.7997576594352722,1.399878740310669,0.697242008788245,8.940696716308594e-08,0.0,False,1.037898302078247,0.9015070107386742,4.267435550689697,0.30502021312713623,0.5010029673576355,7
26,19,0.005970559425023329,0.7910144925117493,1.3955073356628418,0.7858053083930697,8.940696716308594e-08,0.0,False,1.0621366500854492,0.9225601723186314,4.961954116821289,0.25986066460609436,0.5031092166900635,7
26,20,-0.01593295338632001,0.7968730926513672,1.3984365463256836,0.72508533511843,0.0,0.0,False,1.0480875968933105,0.9103573197640092,4.465912818908691,0.2904636263847351,0.5084030628204346,7
26,21,0.021700380841739236,0.8021089434623718,1.4010543823242188,0.1870269498654775,8.940696716308594e-08,0.0,False,1.0292015075683594,0.8939530710068928,4.340356349945068,0.2987426519393921,0.5393715500831604,7
26,22,-0.03153241606403864,0.7914773225784302,1.3957387208938599,0.6003795181001935,5.960464477539063e-08,0.0,False,1.0512821674346924,0.9131320884803549,4.411759853363037,0.29393070936203003,0.5059292316436768,7
26,23,-1.7388456870647776e-05,0.795897901058197,1.397948980331421,0.9969333985022137,2.9802322387695312e-08,0.0,False,1.0794792175292969,0.9376237350044274,5.311324119567871,0.24141880869865417,0.5277289152145386,7
26,24,-0.01001593419456251,0.7728418111801147,1.3864210844039917,0.5959814063140324,1.7881393432617188e-07,0.0,False,1.057678461074829,0.9186878385454433,4.742952823638916,0.2709842026233673,0.5211092233657837,7
27,1,-0.012104598267901499,0.8009254336357117,1.4004626274108887,1.3550563582352229,8.940696716308594e-08,0.0,False,0.9651532769203186,0.838321484714671,3.7256407737731934,0.3515208661556244,0.500005841255188,7
27,2,0.017993804640547485,0.8012692332267761,1.4006346464157104,0.33505475946835117,2.9802322387695312e-08,0.0,False,0.9552338719367981,0.829705599018458,3.6494784355163574,0.35915708541870117,0.5006682872772217,7
27,3,0.048594688961939886,0.8118569850921631,1.405928611755371,0.4056297466158867,1.1920928955078125e-07,0.0,False,0.9009045362472534,0.7825157376275806,3.3598721027374268,0.3923020660877228,0.5000016093254089,7
27,4,-0.0346842149798979,0.8046863079071045,1.4023432731628418,0.4313431648271424,1.1920928955078125e-07,0.0,False,0.9624965190887451,0.8360138541826598,3.7523531913757324,0.3491601347923279,0.5020017623901367,7
27,5,0.04152345163678452,0.7971266508102417,1.3985633850097656,0.4815809641565595,5.960464477539063e-08,0.0,False,1.0151549577713013,0.8817523928736096,4.124216079711914,0.3153417706489563,0.521698534488678,7
27,6,0.012212574409673051,0.8108515739440918,1.405425786972046,0.632209362728255,0.0,0.0,False,0.9629302024841309,0.8363905467936781,3.7759222984313965,0.3470457196235657,0.5135182738304138,7
27,7,-0.06372237568354898,0.8054898381233215,1.402745008468628,0.5640695627246584,8.940696716308594e-08,0.0,False,1.0033549070358276,0.8715029990324205,4.353897571563721,0.29776203632354736,0.5469601154327393,7
27,8,0.02590907088719719,0.7800812721252441,1.3900407552719116,0.2777416982821056,1.1920928955078125e-07,0.0,False,1.0381001234054565,0.9016823105161491,4.870311737060547,0.2624870538711548,0.5753464698791504,7
27,9,0.021405757946395022,0.7737049460411072,1.386852502822876,0.5214345646756036,2.9802322387695312e-08,0.0,False,1.0033414363861084,0.871491298574739,4.078363418579102,0.3175177574157715,0.5177529454231262,7
27,10,0.024944151089546306,0.7884005904197693,1.394200325012207,0.7224832464541708,2.9802322387695312e-08,0.0,False,1.018255352973938,0.8844453619300585,4.681753635406494,0.27349138259887695,0.5987017154693604,7
27,11,-0.0008721873669261249,0.8223051428794861,1.4111526012420654,1.2303784053240505,2.9802322387695312e-08,0.0,False,0.9988003969192505,0.8675470018096164,4.106897830963135,0.3190515637397766,0.500827431678772,7
27,12,0.02058908843558809,0.774813175201416,1.3874067068099976,1.0042173883744647,1.1920928955078125e-07,0.0,False,1.0347044467926025,0.8987328632855683,4.570061206817627,0.28216686844825745,0.5098467469215393,7
27,13,-0.01642673699878215,0.7967889904975891,1.3983945846557617,0.6908034118158477,8.940696716308594e-08,0.0,False,0.9519580602645874,0.8268602651524672,3.7110300064086914,0.3524048626422882,0.5080776214599609,7
27,14,0.021198990341299264,0.7820081114768982,1.3910040855407715,0.1285973702158248,2.9802322387695312e-08,0.0,False,0.9175949692726135,0.79701286355456,3.4593589305877686,0.3776342272758484,0.512722373008728,7
27,15,-0.0045855998759342965,0.7829989790916443,1.3914995193481445,0.09895091078111087,2.9802322387695312e-08,0.0,False,0.8828117847442627,0.7668005733471893,3.2499308586120605,0.4032052457332611,0.5031148791313171,7
27,16,0.041536142554060795,0.7832845449447632,1.3916423320770264,0.29081562800066807,5.960464477539063e-08,0.0,False,0.977151095867157,0.8487426578416435,3.876288414001465,0.3354279696941376,0.5205551981925964,7
27,17,-0.026056653417063754,0.8088710308074951,1.404435634613037,1.2608833845172611,1.1920928955078125e-07,0.0,False,1.0195186138153076,0.8855426163552811,4.116666316986084,0.3173592686653137,0.5000233054161072,7
27,18,0.00043919048471898967,0.8014256954193115,1.4007128477096558,0.4094223699399403,0.0,0.0,False,1.034148931503296,0.8982503488360508,4.179057598114014,0.31184911727905273,0.5020445585250854,7
27,19,0.016219463264729474,0.7839748859405518,1.3919874429702759,0.47607245828424194,0.0,0.0,False,1.0166852474212646,0.8830815855749952,4.038361072540283,0.3219805955886841,0.5009807348251343,7
27,20,-0.03765675191549566,0.7922304272651672,1.3961153030395508,0.15514373566423123,8.940696716308594e-08,0.0,False,1.0077052116394043,0.8752816256002838,4.115038871765137,0.31568339467048645,0.5238351821899414,7
27,21,0.028850922201811353,0.7928950190544128,1.3964475393295288,0.3452879956790378,2.9802322387695312e-08,0.0,False,1.0451507568359375,0.9078064129017102,4.276727676391602,0.3039003312587738,0.5000823736190796,7
27,22,-0.0551271976742216,0.8051828145980835,1.4025914669036865,0.3693632526057107,5.960464477539063e-08,0.0,False,1.003958821296692,0.8720275522944925,4.020267486572266,0.3249235153198242,0.5043302774429321,7
27,23,0.03708647350588268,0.8057380318641663,1.4028689861297607,0.12446855434349591,2.9802322387695312e-08,0.0,False,0.9879953861236572,0.858161888678754,3.925626277923584,0.33306872844696045,0.5068405270576477,7
27,24,-0.07970236616120609,0.8107162117958069,1.405358076095581,0.36247287690639485,2.9802322387695312e-08,0.0,False,1.0316611528396606,0.8960894917444239,4.187046051025391,0.31184083223342896,0.5025053024291992,7
28,1,-0.009585253855811745,0.7549517750740051,1.3774759769439697,1.1661526901381356,8.940696716308594e-08,0.0,False,1.0167592763900757,0.8831458863203063,4.02866792678833,0.32062864303588867,0.5026308298110962,7
28,2,-0.004983047436293459,0.7680301666259766,1.3840150833129883,0.05205222325665612,0.0,0.0,False,1.0239062309265137,0.8893536521554832,4.120383262634277,0.31420591473579407,0.5000109672546387,7
28,3,-0.05032539891984997,0.7839784622192383,1.3919893503189087,0.18692977513585787,1.1920928955078125e-07,0.0,False,1.0423214435577393,0.905348902613116,4.419017314910889,0.2929951846599579,0.5043770670890808,7
28,4,0.003874051923929048,0.7969411611557007,1.3984706401824951,0.3985677106039866,5.960464477539063e-08,0.0,False,1.0328929424285889,0.8971594105870987,4.340694427490234,0.2994441092014313,0.5014395117759705,7
28,5,-0.006875852924062726,0.7941874861717224,1.3970937728881836,0.1046179373349462,2.9802322387695312e-08,0.0,False,1.0496610403060913,0.9117239953475246,4.624370574951172,0.2799637019634247,0.5051038265228271,7
28,6,-0.027258823313134478,0.7940350770950317,1.397017478942871,0.1598019748926163,5.960464477539063e-08,0.0,False,1.05149507522583,0.9133170178380454,4.457931041717529,0.29105913639068604,0.5001910924911499,7
28,7,0.05690829525866091,0.7993138432502747,1.3996570110321045,0.1256370842456818,8.940696716308594e-08,0.0,False,1.0344682931900024,0.8985277428725867,4.283930778503418,0.30378711223602295,0.5001363754272461,7
28,8,0.01332847748664309,0.7929777503013611,1.396488904953003,0.2797052775110519,2.9802322387695312e-08,0.0,False,1.011648416519165,0.8787066498408719,4.156316757202148,0.31306689977645874,0.5015352964401245,7
28,9,0.060732212900036525,0.7928579449653625,1.3964290618896484,0.568667858839035,8.940696716308594e-08,0.0,False,1.0352973937988281,0.8992478905112979,4.668387413024902,0.2772209048271179,0.5012872219085693,7
28,10,0.04159769917582427,0.803188681602478,1.4015944004058838,0.6129008233547211,5.960464477539063e-08,0.0,False,1.0443295240402222,0.9070930991586358,4.409555912017822,0.2948060631752014,0.5063862800598145,7
28,11,0.06759670819963537,0.8043988943099976,1.402199387550354,0.5083462787525994,5.960464477539063e-08,0.0,False,1.0042240619659424,0.8722579374125561,4.2146453857421875,0.30913615226745605,0.5077760815620422,7
28,12,-0.007011593467695533,0.8179618120193481,1.4089809656143188,0.48756030840533116,5.960464477539063e-08,0.0,False,1.0291228294372559,0.8938847320505233,4.344570636749268,0.30037859082221985,0.5059269070625305,6
28,13,-0.0318692809849967,0.8220543265342712,1.4110273122787476,1.1110847273043223,1.4901161193847656e-07,0.0,False,1.0792874097824097,0.9374571329123086,5.227380275726318,0.24750763177871704,0.5015881657600403,2
28,14,0.01780095345457215,0.8000404238700867,1.4000201225280762,0.7888635599187441,8.940696716308594e-08,0.0,False,1.0319595336914062,0.8963486620592613,4.3564300537109375,0.2985408902168274,0.5003620386123657,7
28,15,-0.03264961100145854,0.7957789301872253,1.3978893756866455,0.28288140999419364,8.940696716308594e-08,0.0,False,1.044397234916687,0.9071519120786629,4.350950241088867,0.2986658215522766,0.5001744031906128,7
28,16,-0.019515774286740277,0.803130030632019,1.4015650749206543,0.4841427515660015,5.960464477539063e-08,0.0,False,1.0461312532424927,0.9086580612594959,4.735133647918701,0.27372145652770996,0.5005733966827393,7
28,17,0.028035488432235297,0.8028377890586853,1.401418924331665,0.3241004826767105,2.9802322387695312e-08,0.0,False,1.055383563041687,0.9166945154407948,4.820394992828369,0.26796361804008484,0.5239335894584656,7
28,18,-0.006563071320851522,0.7825960516929626,1.3912980556488037,0.207789387021746,2.9802322387695312e-08,0.0,False,1.067375898361206,0.9271109255495961,4.805184841156006,0.26835310459136963,0.5017582178115845,7
28,19,-0.032073609655966465,0.8151841163635254,1.4075920581817627,0.7280236993517195,0.0,0.0,False,1.086631417274475,0.9438360567700289,5.122048377990723,0.25226303935050964,0.5118902921676636,7
28,20,0.020656398166514846,0.8086686730384827,1.404334306716919,1.0073320950780595,2.9802322387695312e-08,0.0,False,1.0296751260757446,0.8943644508154621,4.654778957366943,0.2789803743362427,0.5015671253204346,7
28,21,0.015132349144548845,0.815199613571167,1.407599925994873,0.6264603797878537,1.1920928955078125e-07,0.0,False,1.045524001121521,0.9081306087689718,4.647487640380859,0.27888399362564087,0.5341132283210754,7
28,22,0.005860970496992631,0.8020591139793396,1.4010295867919922,0.8292013215167182,2.9802322387695312e-08,0.0,False,1.0727248191833496,0.9317569391439847,5.172337532043457,0.24842944741249084,0.5335274934768677,7
28,23,0.0031160010477274394,0.8046925663948059,1.4023463726043701,0.49131441967827943,8.940696716308594e-08,0.0,False,1.0802192687988281,0.9382665353697932,5.2033586502075195,0.2468884438276291,0.5368972420692444,3
28,24,0.0030788402517756665,0.7771649360656738,1.3885825872421265,0.10649258111204418,1.1920928955078125e-07,0.0,False,1.0710794925689697,0.9303278266048772,4.997522830963135,0.2566283941268921,0.5241535902023315,3
29,1,0.008492124337596885,0.8024163842201233,1.4012081623077393,1.4921978775944031,2.9802322387695312e-08,0.0,False,0.898553729057312,0.7804738524463606,3.4477555751800537,0.38107210397720337,0.5012428164482117,6
29,2,-0.0497783000486823,0.7919060587882996,1.3959531784057617,0.24352602128471648,1.4901161193847656e-07,0.0,False,0.9388481378555298,0.8154731312316001,3.7414329051971436,0.34907472133636475,0.5068414211273193,7
29,3,0.04367681114626623,0.7896125912666321,1.3948065042495728,0.8898025548883847,2.086162567138672e-07,0.0,False,1.017505168914795,0.8837937603354633,4.067137241363525,0.31997403502464294,0.5022589564323425,7
29,4,0.02010985169600398,0.8183478713035583,1.4091739654541016,0.28101807513407295,2.9802322387695312e-08,0.0,False,1.0223143100738525,0.8879709272716083,4.174912452697754,0.31334197521209717,0.5011302828788757,7
29,5,0.060522976325196855,0.7979493737220764,1.3989746570587158,0.6292939782142639,2.9802322387695312e-08,0.0,False,0.981341540813446,0.8523824320754289,3.889305591583252,0.33590224385261536,0.5006157159805298,7
29,6,0.004939894959130462,0.8054861426353455,1.4027431011199951,0.33643809918846407,2.9802322387695312e-08,0.0,False,0.9794816970825195,0.8507669923363415,3.8861443996429443,0.33675417304039,0.5005875825881958,7
29,7,0.039485711771078146,0.8042584657669067,1.4021291732788086,0.1081185670835631,5.960464477539063e-08,0.0,False,0.9676406383514404,0.8404819794027415,3.7704625129699707,0.3474276065826416,0.500373363494873,7
29,8,-0.040244102759980076,0.7988359332084656,1.3994178771972656,0.37444692424365444,8.940696716308594e-08,0.0,False,0.9843259453773499,0.8549746529431695,3.8838253021240234,0.3364710211753845,0.5003130435943604,7
29,9,0.07412797653718527,0.8079498410224915,1.403975009918213,0.6911030486226082,8.940696716308594e-08,0.0,False,1.0103471279144287,0.8775763649200707,4.137903213500977,0.31558680534362793,0.5003035068511963,7
29,10,0.0783462197112215,0.8232659101486206,1.4116331338882446,0.8001473998384816,1.7881393432617188e-07,0.0,False,0.9070146083831787,0.787822878852907,3.4844508171081543,0.37872886657714844,0.5008577704429626,6
29,11,0.06590436205168677,0.8180155754089355,1.4090077877044678,0.2865808505032744,0.0,0.0,False,0.9225605130195618,0.8013258800524576,3.5669989585876465,0.36918026208877563,0.5011128783226013,6
29,12,-0.08832272009859637,0.795623242855072,1.3978116512298584,0.04262769541570119,2.9802322387695312e-08,0.0,False,0.929427981376648,0.807290887276713,3.596405267715454,0.364160418510437,0.5017532110214233,6
29,13,-0.03733546336203768,0.7921560406684875,1.396078109741211,0.6016509990606989,8.940696716308594e-08,0.0,False,0.9652989506721497,0.8384480153278279,3.7858388423919678,0.345018595457077,0.5002084970474243,7
29,14,0.014006945426443766,0.8181096315383911,1.4090548753738403,0.43384577546800884,5.960464477539063e-08,0.0,False,1.0075609683990479,0.8751563375136064,4.035415172576904,0.32461583614349365,0.5025452375411987,7
29,15,-0.011566300628586093,0.8190797567367554,1.4095399379730225,0.5875653134925023,5.960464477539063e-08,0.0,False,0.9195684194564819,0.79872698060489,3.5752811431884766,0.36835557222366333,0.5019715428352356,7
29,16,0.018471825362747555,0.805216908454895,1.4026083946228027,0.9303156494029929,5.960464477539063e-08,0.0,False,1.0185574293136597,0.8847077421049678,4.0779314041137695,0.320220023393631,0.5011617541313171,7
29,17,-0.00726433975455667,0.8107731342315674,1.4053865671157837,0.0949254461697169,0.0,0.0,False,0.999254047870636,0.8679410380194102,3.9386708736419678,0.33244720101356506,0.5011924505233765,7
29,18,-0.014558414575923214,0.8038168549537659,1.4019083976745605,0.044059259550912194,2.9802322387695312e-08,0.0,False,0.9940541386604309,0.8634244542666303,3.886418104171753,0.33658450841903687,0.5012913942337036,7
29,19,-0.015108713029260356,0.8021711111068726,1.401085615158081,0.060248460088457384,5.960464477539063e-08,0.0,False,0.9829835891723633,0.853808697158021,3.814835548400879,0.3430439233779907,0.5010395050048828,7
29,20,0.009390442206773453,0.8057335615158081,1.4028668403625488,0.18250250390597753,5.960464477539063e-08,0.0,False,0.9225088357925415,0.8012809937833877,3.460101842880249,0.3799806535243988,0.5002915859222412,7
29,21,0.0032494131250645673,0.806422233581543,1.4032111167907715,0.09165611437388838,0.0,0.0,False,0.8874009847640991,0.7707867018371198,3.286959648132324,0.4008091390132904,0.5000287890434265,7
29,22,0.0036624949425947905,0.7899547219276428,1.3949772119522095,0.3205590099096298,1.4901161193847656e-07,0.0,False,0.9120772480964661,0.7922202318355969,3.391719341278076,0.38649415969848633,0.5003451108932495,7
29,23,0.02304356254289005,0.8149843811988831,1.4074921607971191,0.4293670143399919,2.9802322387695312e-08,0.0,False,0.965338408946991,0.8384822883498858,3.8148720264434814,0.34392714500427246,0.5044394135475159,7
29,24,-0.00023246485954403094,0.7953028082847595,1.3976513147354126,0.3552901979003632,8.940696716308594e-08,0.0,False,0.9781103134155273,0.8495758236180475,3.8410792350769043,0.34009817242622375,0.5003395080566406,7
30,1,0.021588585934091575,0.8065151572227478,1.4032574892044067,1.3413372316530774,8.940696716308594e-08,0.0,False,1.0219907760620117,0.8876899091995074,4.576953411102295,0.28385502099990845,0.5009549260139465,3
30,2,-0.01790760224906964,0.7875962853431702,1.3937981128692627,1.0476004449384553,2.9802322387695312e-08,0.0,False,0.9617454409599304,0.835361476009015,3.7353804111480713,0.34935736656188965,0.5054457783699036,7
30,3,-0.03220117015110123,0.794844388961792,1.3974223136901855,0.740428338093417,1.1920928955078125e-07,0.0,False,0.9737362861633301,0.8457765918194001,3.895260810852051,0.33514899015426636,0.500073254108429,7
30,4,0.03186666372196278,0.7932173013687134,1.396608591079712,0.5901336169668606,5.960464477539063e-08,0.0,False,1.0328911542892456,0.8971578574289995,4.1788177490234375,0.3112844228744507,0.5029642581939697,7
30,5,0.004689506863238921,0.7931591272354126,1.3965795040130615,0.2603298340524947,5.960464477539063e-08,0.0,False,0.9895436763763428,0.8595067165050059,4.009870529174805,0.3247816264629364,0.5100578665733337,7
30,6,-0.004453884264727629,0.7875384092330933,1.3937692642211914,0.3800298465149742,5.960464477539063e-08,0.0,False,1.0110571384429932,0.8781930722293683,4.161520481109619,0.31176215410232544,0.5208302736282349,7
30,7,0.039808996897983506,0.7870224714279175,1.393511176109314,0.1873688655240195,5.960464477539063e-08,0.0,False,1.0223259925842285,0.8879810745711905,4.311713218688965,0.2997167110443115,0.5453025102615356,7
30,8,-0.03121555542780822,0.796857476234436,1.3984286785125732,0.5870088785886765,5.960464477539063e-08,0.0,False,1.01637601852417,0.8828129927676887,4.244387626647949,0.3065834641456604,0.5001205205917358,7
30,9,0.046227664709260846,0.7738412022590637,1.386920690536499,0.42648693919181824,8.940696716308594e-08,0.0,False,1.0392646789550781,0.9026938306142901,4.712337970733643,0.27210402488708496,0.5510342121124268,7
30,10,0.004615426302314709,0.7998760938644409,1.3999381065368652,0.31446972276483265,5.960464477539063e-08,0.0,False,1.0567922592163086,0.9179180933914276,5.041290760040283,0.25465914607048035,0.5517892241477966,7
30,11,0.011788811935515434,0.7733172178268433,1.386658787727356,0.41245362801211227,1.7881393432617188e-07,0.0,False,1.0311375856399536,0.8956347270529473,4.604276180267334,0.27849650382995605,0.5626022815704346,7
30,12,-0.008113720456606422,0.7720872759819031,1.386043667793274,0.43121258808033813,2.9802322387695312e-08,0.0,False,1.0499120950698853,0.911942058744667,4.707513809204102,0.27340763807296753,0.5087452530860901,7
30,13,0.03442325169732444,0.7800948619842529,1.390047550201416,0.5590845548680852,1.1920928955078125e-07,0.0,False,1.03826904296875,0.9018290321845969,4.4098734855651855,0.2932475209236145,0.5095148682594299,7
30,14,-0.02977042288904491,0.7788597941398621,1.3894298076629639,0.49573734402656566,8.940696716308594e-08,0.0,False,1.0662803649902344,0.9261593573540883,5.0635151863098145,0.25270816683769226,0.5422399044036865,7
30,15,0.03134456161831655,0.7744095325469971,1.3872047662734985,0.1677720504147667,0.0,0.0,False,1.0664680004119873,0.926322335410642,4.890350818634033,0.26232802867889404,0.5272296071052551,7
30,16,0.02756372033583509,0.7647265195846558,1.3823633193969727,0.22766187148434763,5.960464477539063e-08,0.0,False,1.036739706993103,0.9005006678341977,4.301174640655518,0.3001998960971832,0.5013021230697632,7
30,17,-0.004943423422164785,0.7702416181564331,1.3851208686828613,0.054692410996982244,5.960464477539063e-08,0.0,False,1.0322529077529907,0.8966034835314207,4.233552932739258,0.30560988187789917,0.500038206577301,7
30,18,-0.06534032076958128,0.7544273734092712,1.377213716506958,0.9422264450362751,2.9802322387695312e-08,0.0,False,1.075718641281128,0.934357339977715,5.8302412033081055,0.21495777368545532,0.6081845760345459,3
30,19,0.023120015517161686,0.7534225583076477,1.376711368560791,0.5269358605146407,8.940696716308594e-08,0.0,False,1.08684241771698,0.944019329425747,5.662160396575928,0.22261276841163635,0.5740376710891724,7
30,20,0.018697859949699528,0.7684006094932556,1.3842003345489502,0.28138011268207,2.9802322387695312e-08,0.0,False,1.0940916538238525,0.950315935904204,5.895276069641113,0.21370257437229156,0.577588677406311,3
30,21,-0.004122951427237828,0.7731741070747375,1.386587142944336,0.22361022127526156,8.940696716308594e-08,0.0,False,1.0927515029907227,0.9491518956807113,5.6431403160095215,0.22460107505321503,0.5588628053665161,3
30,22,-0.0026048371729480357,0.772560179233551,1.3862799406051636,0.5914460995367596,1.4901161193847656e-07,0.0,False,1.0435903072357178,0.906451023600383,5.6276164054870605,0.22272583842277527,0.6546589136123657,3
30,23,-0.022300981851698615,0.7779169082641602,1.3889585733413696,0.7483700002942766,1.1920928955078125e-07,0.0,False,1.0630590915679932,0.9233613948101264,5.313607215881348,0.2394588589668274,0.5661666393280029,3
30,24,0.04988895925275183,0.7524538040161133,1.376226782798767,0.4620728801403727,1.1920928955078125e-07,0.0,False,1.0620663166046143,0.922499081433392,5.4885053634643555,0.22927869856357574,0.6056498289108276,3
31,1,0.019086854806962907,0.797230064868927,1.3986151218414307,1.6011765428951807,8.940696716308594e-08,0.0,False,0.8655297756195068,0.7517896109490231,3.1708548069000244,0.41508233547210693,0.5004236698150635,7
31,2,0.004100471772057929,0.810547947883606,1.4052739143371582,0.6376674856458391,5.960464477539063e-08,0.0,False,0.9997279644012451,0.8683526766876628,3.9387781620025635,0.3324466049671173,0.5002977848052979,7
31,3,-0.027960497045090946,0.8329176902770996,1.4164588451385498,0.6280590019055775,0.0,0.0,False,0.884649932384491,0.7683971681013386,3.3159079551696777,0.3996316194534302,0.5000120997428894,7
31,4,0.050270077834514024,0.8169362545013428,1.408468246459961,0.3345097723816123,1.1920928955078125e-07,0.0,False,0.8900322318077087,0.7730721739802476,3.3101158142089844,0.39888134598731995,0.5000901818275452,2
31,5,0.012282728199183048,0.7949546575546265,1.397477388381958,0.4862538650631905,5.960464477539063e-08,0.0,False,0.9224075078964233,0.8011929814910937,3.438716173171997,0.3814663290977478,0.5005569458007812,7
31,6,-0.0008957421738349795,0.7871836423873901,1.3935918807983398,0.5942018904856273,5.960464477539063e-08,0.0,False,1.0033921003341675,0.8715353047208859,3.957655429840088,0.32890021800994873,0.506828784942627,7
31,7,0.04863140841134812,0.8121384382247925,1.406069278717041,0.8169459487710681,5.960464477539063e-08,0.0,False,1.0373011827468872,0.9009883594773795,4.278862476348877,0.3048349618911743,0.5060415267944336,7
31,8,-0.00157887079098627,0.7975714206695557,1.3987855911254883,0.6270657394613539,1.1920928955078125e-07,0.0,False,1.0381685495376587,0.9017417446994159,4.212011337280273,0.3089293837547302,0.5060874223709106,7
31,9,-0.07286620878340176,0.7956962585449219,1.397848129272461,0.81961363447564,0.0,0.0,False,0.9568970203399658,0.8311501913666218,3.656261682510376,0.3580138087272644,0.5004740953445435,7
31,10,0.0394863963129999,0.8115389347076416,1.4057693481445312,0.2523814088531904,1.1920928955078125e-07,0.0,False,0.9697985649108887,0.8423563305969831,3.9502756595611572,0.33121007680892944,0.5108417272567749,7
31,11,0.031367233784485526,0.8214536309242249,1.41072678565979,0.5452217475644181,2.9802322387695312e-08,0.0,False,0.9765657782554626,0.8482342574238042,3.80184006690979,0.34572479128837585,0.5018802881240845,7
31,12,-0.0002673715026172826,0.817599356174469,1.408799648284912,0.8277395335691315,2.9802322387695312e-08,0.0,False,0.9569100141525269,0.8311614776488101,3.7430481910705566,0.3510764241218567,0.5020797252655029,7
31,13,-0.011496939501772475,0.8123207092285156,1.4061603546142578,1.0777218602597713,0.0,0.0,False,0.908467173576355,0.7890845609489093,3.4693539142608643,0.37951159477233887,0.5000680685043335,7
31,14,0.009649560382830637,0.80463045835495,1.4023151397705078,0.14750113551105767,8.940696716308594e-08,0.0,False,0.9467143416404724,0.8223056290262543,3.668729305267334,0.35746461153030396,0.5009518265724182,7
31,15,-0.0034357792227427985,0.8032750487327576,1.4016375541687012,0.12947163411549156,2.9802322387695312e-08,0.0,False,0.9219103455543518,0.8007611517675502,3.458695888519287,0.3799326419830322,0.5000013113021851,7
31,16,0.011380486360966235,0.7912963628768921,1.3956482410430908,0.582726572241102,5.960464477539063e-08,0.0,False,1.0436487197875977,0.9065017600982936,4.230204105377197,0.3072660565376282,0.5008041858673096,7
31,17,0.0021948565127364026,0.7858115434646606,1.3929057121276855,0.10983605895723614,5.960464477539063e-08,0.0,False,1.0402991771697998,0.9035923843466749,4.212016582489014,0.30814671516418457,0.5057649612426758,7
31,18,-0.01939927087926776,0.7947916388511658,1.3973958492279053,0.08403180326734269,2.9802322387695312e-08,0.0,False,1.0397131443023682,0.9030833626655959,4.246835708618164,0.3059682250022888,0.5107820630073547,7
31,19,0.022178552556541532,0.7960473299026489,1.3980236053466797,0.299084837947573,5.960464477539063e-08,0.0,False,1.026947021484375,0.8919948492752886,4.153787136077881,0.3134865164756775,0.5011861324310303,7
31,20,-0.016623850323770676,0.802264928817749,1.4011324644088745,0.8281028313296183,0.0,0.0,False,1.0046474933624268,0.8726257252504716,3.984097480773926,0.32779741287231445,0.5040959119796753,7
31,21,-0.011986839831010841,0.8160237073898315,1.4080119132995605,0.43091959186962664,5.960464477539063e-08,0.0,False,0.8741834759712219,0.7593061195706113,3.2311813831329346,0.40885335206985474,0.50135737657547,7
31,22,-0.10411577948904523,0.8015657067298889,1.400782823562622,0.31480780882494774,2.9802322387695312e-08,0.0,False,0.9820917844772339,0.8530340854419608,3.8684659004211426,0.337967187166214,0.5039558410644531,7
31,23,0.00824050309089187,0.767890453338623,1.3839452266693115,0.9020577647856306,0.0,0.0,False,1.0294876098632812,0.8942015763027816,4.1486592292785645,0.3118759095668793,0.5034902095794678,7
31,24,-0.031476533957158055,0.769085168838501,1.3845425844192505,0.17765595870358614,0.0,0.0,False,1.0214009284973145,0.8871775741144832,4.189006805419922,0.3089180290699005,0.5000529289245605,7
32,1,0.015383348985891283,0.8101442456245422,1.4050720930099487,1.3385816014238765,2.9802322387695312e-08,0.0,False,0.9654785990715027,0.8386040559448714,3.845790386199951,0.3407963216304779,0.5003434419631958,7
32,2,-0.009287496623896883,0.8147590756416321,1.4073796272277832,0.2891859731503894,8.940696716308594e-08,0.0,False,1.0501426458358765,0.9121423125956042,4.4837751388549805,0.29052072763442993,0.5019489526748657,7
32,3,0.013915306021740168,0.8068225979804993,1.4034113883972168,0.5817226682390486,8.940696716308594e-08,0.0,False,0.9894104599952698,0.8593910062266076,4.112395286560059,0.31754744052886963,0.5005335807800293,7
32,4,0.029098913508843124,0.8010932803153992,1.4005467891693115,0.4172620597694601,1.4901161193847656e-07,0.0,False,1.029611349105835,0.8943090548432536,4.523618221282959,0.28700655698776245,0.5021845102310181,7
32,5,0.015257907425325377,0.7911826968193054,1.3955912590026855,0.4214318245649338,8.940696716308594e-08,0.0,False,1.0545393228530884,0.9159612177301761,4.877091407775879,0.26434576511383057,0.5135350227355957,7
32,6,-0.018284355632057468,0.7781103253364563,1.3890552520751953,0.6392201461962292,8.940696716308594e-08,0.0,False,1.06050705909729,0.9211447275707978,4.667064189910889,0.2764319181442261,0.5016763210296631,7
32,7,-0.009480856179459273,0.7947169542312622,1.3973584175109863,0.9680559379713876,5.960464477539063e-08,0.0,False,1.0951080322265625,0.9511987509678492,5.5356125831604,0.23126232624053955,0.5180975198745728,2
32,8,0.026294350210374184,0.7882183790206909,1.3941092491149902,0.20559472058500555,5.960464477539063e-08,0.0,False,1.0987679958343506,0.9543777549655074,5.681400299072266,0.2242731750011444,0.5335591435432434,1
32,9,0.0483032686477431,0.8032956719398499,1.4016478061676025,0.9432513500962937,2.9802322387695312e-08,0.0,False,1.0788450241088867,0.9370728815985404,4.891984462738037,0.2645164728164673,0.5001732110977173,7
32,10,-0.037767048239410725,0.7823611497879028,1.3911805152893066,1.2096999564341135,5.960464477539063e-08,0.0,False,0.9384415149688721,0.8151199430798182,3.5749144554138184,0.3651890158653259,0.5061891674995422,7
32,11,0.0060572146997463425,0.8022676110267639,1.4011337757110596,1.1542347094842365,2.9802322387695312e-08,0.0,False,1.0334768295288086,0.8976665684784586,4.369350910186768,0.2975572645664215,0.5075832605361938,7
32,12,0.026084702466386243,0.8102790117263794,1.405139446258545,0.5430619376046316,5.960464477539063e-08,0.0,False,1.0457229614257812,0.9083034234934878,4.667675018310547,0.2769604027271271,0.5474653840065002,7
32,13,0.005621255741263553,0.7993865609169006,1.399693250656128,0.7117906276668821,2.9802322387695312e-08,0.0,False,1.0551198720932007,0.916465476393084,4.5183796882629395,0.2873117923736572,0.5000293254852295,7
32,14,-0.032860319886034085,0.7996081709861755,1.3998041152954102,0.2838652942861829,2.9802322387695312e-08,0.0,False,1.0695955753326416,0.9290389124702004,4.708099365234375,0.2751115560531616,0.5027764439582825,7
32,15,0.07727119532985074,0.7622737884521484,1.3811370134353638,0.5570006860154016,1.1920928955078125e-07,0.0,False,1.090924620628357,0.9475650858225877,5.266958713531494,0.24230891466140747,0.5151792764663696,1
32,16,-0.004772170537953294,0.8093384504318237,1.4046692848205566,1.3681755065917969,5.960464477539063e-08,0.0,False,0.9965178966522217,0.8655644472677898,3.999539375305176,0.32708147168159485,0.5007156133651733,7
32,17,0.003452866937123612,0.8034772872924805,1.4017386436462402,1.078088204775538,0.0,0.0,False,1.0470123291015625,0.9094233540269603,4.813031196594238,0.2688444256782532,0.5091338157653809,2
32,18,-0.004303055264090918,0.8102070689201355,1.4051034450531006,0.8632938031639371,8.940696716308594e-08,0.0,False,0.9808486700057983,0.8519543299313237,3.976414918899536,0.32901304960250854,0.504801332950592,7
32,19,0.008409670147988463,0.8152456879615784,1.4076228141784668,0.22807495934622643,2.9802322387695312e-08,0.0,False,1.0229837894439697,0.8885524296639883,4.177645206451416,0.31274059414863586,0.5073552131652832,7
32,20,0.0493743954097978,0.8233230710029602,1.4116616249084473,1.1400864741631918,8.940696716308594e-08,0.0,False,1.0161075592041016,0.8825798119650462,4.263224124908447,0.30680209398269653,0.5036581754684448,7
32,21,-0.058071318317111174,0.7778416872024536,1.388920783996582,1.1523839980363846,5.960464477539063e-08,0.0,False,1.0380752086639404,0.9016606698466322,4.687247276306152,0.27492091059684753,0.511023759841919,2
32,22,-0.006007917916713854,0.7796360850334167,1.3898179531097412,1.746277379138129,8.940696716308594e-08,0.0,False,1.0380902290344238,0.9016737163746663,4.205976963043213,0.3083432912826538,0.5000040531158447,7
32,23,-0.017613127376938233,0.7831083536148071,1.3915541172027588,0.4793129776205335,5.960464477539063e-08,0.0,False,1.0333908796310425,0.8975919133458187,4.429019451141357,0.291233092546463,0.5422420501708984,7
32,24,0.007200911367357154,0.7910612225532532,1.3955307006835938,0.46769057427133837,8.940696716308594e-08,0.0,False,1.1149874925613403,0.9684658308210664,5.819937705993652,0.21892277896404266,0.5254455804824829,7
33,1,-0.023764332529802555,0.813517689704895,1.4067587852478027,1.507041980113302,5.960464477539063e-08,0.0,False,0.9141117930412292,0.7939874151209865,3.4316320419311523,0.38392576575279236,0.5007708072662354,7
33,2,-0.00530283616136966,0.7639642357826233,1.3819820880889893,0.541046129805701,2.9802322387695312e-08,0.0,False,0.9935513138771057,0.8629877062091056,4.036473751068115,0.3205420970916748,0.5065619349479675,7
33,3,-0.047449132655837875,0.8079472780227661,1.4039735794067383,0.8735100414071764,5.960464477539063e-08,0.0,False,1.0411083698272705,0.9042952401585471,4.225334167480469,0.3087523579597473,0.5007191896438599,7
33,4,-0.032895050620943625,0.7848002314567566,1.3924000263214111,0.3531217692153794,8.940696716308594e-08,0.0,False,0.9890742301940918,0.8590989607320015,3.920022964477539,0.3321826756000519,0.5004587769508362,7
33,5,-0.07659975482564012,0.7454831004142761,1.3727415800094604,0.8905205407312938,2.9802322387695312e-08,0.0,False,1.1185883283615112,0.9715934770575742,5.761631488800049,0.21960335969924927,0.5175650715827942,2
33,6,0.03706003334320927,0.8025432825088501,1.4012715816497803,1.5819481164216995,5.960464477539063e-08,0.0,False,1.0405256748199463,0.9037891177059202,4.233108043670654,0.3078187108039856,0.5000530481338501,7
33,7,0.05267880582518212,0.798346221446991,1.3991730213165283,1.320806032844952,8.940696716308594e-08,0.0,False,0.9178057909011841,0.7971959808944681,3.4574828147888184,0.3795948624610901,0.5014926791191101,6
33,8,0.049324831455692594,0.7238384485244751,1.3619191646575928,1.2156332795109068,5.960464477539063e-08,0.0,False,1.0497643947601318,0.9118137678856645,4.572631359100342,0.278936505317688,0.5073193311691284,7
33,9,-0.02934988492928646,0.7868973016738892,1.3934485912322998,0.6659803645951409,5.960464477539063e-08,0.0,False,0.9953759908676147,0.8645726005055734,3.9304940700531006,0.3314090669155121,0.5008144378662109,7
33,10,-0.025780317867564476,0.7835835814476013,1.391791820526123,0.5182157712323324,2.9802322387695312e-08,0.0,False,1.0189845561981201,0.8850787398029553,4.0526442527771,0.3207947611808777,0.5000686645507812,7
33,11,0.016630222740386866,0.718573272228241,1.3592865467071533,0.387539382491793,8.940696716308594e-08,0.0,False,0.9720961451530457,0.8443519834387806,3.9753143787384033,0.3223424553871155,0.5027636289596558,7
33,12,0.04796686067929712,0.7504916191101074,1.3752459287643433,0.47514333043779633,1.1920928955078125e-07,0.0,False,0.959714412689209,0.8335973472678874,3.785405397415161,0.34166377782821655,0.5036826133728027,7
33,13,0.021598920992863122,0.7580487728118896,1.3790245056152344,0.45141755363770897,1.1920928955078125e-07,0.0,False,0.9843745231628418,0.855016847071534,3.936845064163208,0.3286774754524231,0.501051127910614,7
33,14,-0.01976842264027323,0.7806634306907654,1.390331745147705,0.18877018136637558,2.9802322387695312e-08,0.0,False,1.010228157043457,0.8774730281345303,4.067553520202637,0.3193620443344116,0.5000327825546265,7
33,15,0.011475792171248963,0.7873718738555908,1.393686056137085,0.1799579656549863,1.1920928955078125e-07,0.0,False,0.9777746200561523,0.8492842440708712,3.860874891281128,0.3376866281032562,0.5000321865081787,7
33,16,-0.025304805569229358,0.7798606157302856,1.389930248260498,0.7189014798828535,5.960464477539063e-08,0.0,False,1.0235438346862793,0.8890388787806907,4.538041591644287,0.284799724817276,0.5008030533790588,7
33,17,0.06293670786259074,0.7640788555145264,1.3820395469665527,0.9710024430283478,1.1920928955078125e-07,0.0,False,0.9796457290649414,0.8509094687059844,4.160092830657959,0.310785174369812,0.5008372068405151,7
33,18,-0.014159832958744432,0.7888578772544861,1.3944289684295654,0.5982867069542408,2.9802322387695312e-08,0.0,False,1.0156892538070679,0.8822164765136821,4.362064838409424,0.29717200994491577,0.5094999670982361,2
33,19,-0.014800829042722294,0.7365754246711731,1.3682879209518433,0.6421122252941132,2.086162567138672e-07,0.0,False,1.0273427963256836,0.8923386149346015,4.423264503479004,0.28920844197273254,0.5230939388275146,2
33,20,0.027345623542767136,0.7657830715179443,1.3828916549682617,0.9102780882801328,1.1920928955078125e-07,0.0,False,1.0214406251907349,0.8872120542242877,4.407065391540527,0.29277780652046204,0.5000187158584595,7
33,21,-0.01865163132115374,0.7877211570739746,1.3938605785369873,0.15877837581293933,0.0,0.0,False,1.0444985628128052,0.9072399243709568,4.5468902587890625,0.28469064831733704,0.5010532736778259,7
33,22,0.04617420634873687,0.7765830159187317,1.3882914781570435,0.6312176031725746,2.9802322387695312e-08,0.0,False,1.0531952381134033,0.914793760558865,4.438798427581787,0.2912719249725342,0.5002828240394592,7
33,23,-0.02973970289995705,0.7896930575370789,1.3948464393615723,0.26320750798497883,8.940696716308594e-08,0.0,False,1.0769025087356567,0.9353856341833284,4.93226957321167,0.2615184187889099,0.5000985264778137,7
33,24,0.03144328758044662,0.8037043809890747,1.4018521308898926,0.604977969612394,5.960464477539063e-08,0.0,False,1.0397067070007324,0.9030777712964384,4.499067306518555,0.2885829210281372,0.5102201700210571,7
34,1,-0.002951081478166144,0.8170946836471558,1.4085474014282227,1.4043730965682437,5.960464477539063e-08,0.0,False,0.9429581165313721,0.8190430133509169,3.648555040359497,0.3605616092681885,0.5000262260437012,7
34,2,0.00851800745282906,0.8107243776321411,1.4053621292114258,0.3421775996685028,5.960464477539063e-08,0.0,False,1.0302014350891113,0.8948215970160244,4.165549278259277,0.3135930299758911,0.5000854730606079,7
34,3,0.05452328348511418,0.8131663799285889,1.406583309173584,1.2796790450811386,1.1920928955078125e-07,0.0,False,1.1001536846160889,0.9555813489485957,5.226426601409912,0.2471676915884018,0.5002894401550293,6
34,4,0.027104731728477424,0.7951034903526306,1.3975516557693481,0.11568722554615568,8.940696716308594e-08,0.0,False,1.0790600776672363,0.9372596747459503,4.816562175750732,0.2684139013290405,0.5005943775177002,6
34,5,-0.012383270958068196,0.8130100965499878,1.4065049886703491,0.6211912552160876,5.960464477539063e-08,0.0,False,0.9680491089820862,0.8408367724845595,3.867598295211792,0.3389468789100647,0.5025676488876343,6
34,6,0.05067812172950666,0.8310364484786987,1.4155182838439941,0.888269601655858,5.960464477539063e-08,0.0,False,1.0266013145446777,0.8916945720427563,4.331932544708252,0.3022322952747345,0.5022509098052979,7
34,7,0.05299069451438003,0.8044596314430237,1.4022297859191895,0.31692132566656384,2.9802322387695312e-08,0.0,False,1.0547349452972412,0.9161311332262402,4.829773902893066,0.26812079548835754,0.5018415451049805,7
34,8,-0.026989486261622085,0.8160702586174011,1.408035159111023,0.8690378676567758,2.9802322387695312e-08,0.0,False,1.0050934553146362,0.8730130828804383,4.282139301300049,0.3050025701522827,0.5005568265914917,2
34,9,0.008975012947814762,0.8044663071632385,1.4022331237792969,0.8093381289924895,2.9802322387695312e-08,0.0,False,1.0527384281158447,0.9143969804364291,4.733588218688965,0.2739056944847107,0.500042200088501,7
34,10,0.017247534029613047,0.7806985378265381,1.3903491497039795,0.8523140868970326,1.1920928955078125e-07,0.0,False,1.0203485488891602,0.8862634888011054,4.184012413024902,0.3098398745059967,0.5099388360977173,7
34,11,0.013742634116302947,0.7963138818740845,1.3981568813323975,1.168775625526905,5.960464477539063e-08,0.0,False,1.0753092765808105,0.9340017703168474,5.052500247955322,0.2552035450935364,0.5040611624717712,6
34,12,0.019108935079859383,0.7979928255081177,1.398996353149414,1.0840818945850645,5.960464477539063e-08,0.0,False,1.0415687561035156,0.9046951265971817,4.656602382659912,0.2782707214355469,0.5007508397102356,2
34,13,0.010187327561849322,0.7956037521362305,1.3978018760681152,1.1011864223650525,0.0,0.0,False,1.0161609649658203,0.8826261996202788,4.210231304168701,0.3090844452381134,0.5006166696548462,7
34,14,-0.07840112050045432,0.8020320534706116,1.4010159969329834,0.961592101625034,2.9802322387695312e-08,0.0,False,1.0715826749801636,0.9307648852940218,5.145346164703369,0.2505495548248291,0.5069943070411682,2
34,15,-0.01846839110773206,0.8163856863975525,1.4081928730010986,0.44434987860066555,2.9802322387695312e-08,0.0,False,1.1205251216888428,0.9732757543668684,6.210864067077637,0.20444712042808533,0.5488634705543518,7
34,16,0.017935500650732364,0.8118259906768799,1.4059128761291504,0.1951684110930987,1.1920928955078125e-07,0.0,False,1.1022416353225708,0.957394919889218,6.220104217529297,0.2028588503599167,0.587907075881958,7
34,17,0.0570288394381479,0.7810123562812805,1.3905062675476074,0.8462650680116244,8.940696716308594e-08,0.0,False,1.1287293434143066,0.9804018508142279,5.869354724884033,0.21722100675106049,0.5008889436721802,3
34,18,0.009161011560985855,0.7774232029914856,1.38871169090271,0.9223932070391518,8.940696716308594e-08,0.0,False,1.0641430616378784,0.9243029192499252,4.790896415710449,0.26894447207450867,0.5001565217971802,6
34,19,-0.00286079825697049,0.8240543603897095,1.4120272397994995,0.7282727147851672,5.960464477539063e-08,0.0,False,1.0573399066925049,0.9183937739453082,4.853506088256836,0.2678499221801758,0.4999999701976776,2
34,20,0.0006826996761174387,0.8125088810920715,1.406254529953003,0.8615048368062291,8.940696716308594e-08,0.0,False,0.9966228008270264,0.8656555658762823,4.001479625701904,0.3271583020687103,0.5001997947692871,7
34,21,0.0064915189387387325,0.7904196381568909,1.395209789276123,1.0058869464056832,2.9802322387695312e-08,0.0,False,1.0848451852798462,0.9422845553726962,5.181061267852783,0.24830949306488037,0.5013540387153625,2
34,22,-0.021328379351968397,0.8039150834083557,1.401957631111145,0.7048103362321855,8.940696716308594e-08,0.0,False,1.054763674736023,0.9161560872997023,4.876902103424072,0.26506248116493225,0.5126285552978516,2
34,23,0.017026779505718855,0.8059876561164856,1.4029937982559204,0.9709273768322808,2.9802322387695312e-08,0.0,False,1.0607579946517944,0.921362687424067,5.207298278808594,0.2466759830713272,0.5395466089248657,3
34,24,-0.011785053937695675,0.7875791788101196,1.393789529800415,0.27919944695064003,5.960464477539063e-08,0.0,False,1.066396951675415,0.926260623262163,5.176696300506592,0.24672645330429077,0.5628021359443665,3
35,1,0.005774191954637208,0.7801977396011353,1.3900988101959229,1.5606017581054141,5.960464477539063e-08,0.0,False,0.8819018602371216,0.7660102229623895,3.2347424030303955,0.4049563407897949,0.5006216764450073,7
35,2,0.03092822574182302,0.7949361801147461,1.397468090057373,0.051123532865728516,0.0,0.0,False,0.8629093170166016,0.7495135095264278,3.1589765548706055,0.4164653420448303,0.5004791021347046,7
35,3,0.023555231050395732,0.799118161201477,1.3995591402053833,0.06546494364738464,5.960464477539063e-08,0.0,False,0.8425102829933167,0.7317951337014892,3.0779616832733154,0.42823243141174316,0.5000000596046448,7
35,4,0.006182852972088671,0.793820321559906,1.3969101905822754,0.28447524458169937,2.9802322387695312e-08,0.0,False,0.863523006439209,0.7500465533861094,3.161949634552002,0.41595062613487244,0.5004515051841736,7
35,5,0.0009454688695012623,0.7840431928634644,1.392021656036377,0.11219319062573563,5.960464477539063e-08,0.0,False,0.9053175449371338,0.786348828272793,3.3888752460479736,0.38623836636543274,0.5022968649864197,2
35,6,0.005640760978965376,0.803459107875824,1.4017295837402344,0.193290569952556,2.9802322387695312e-08,0.0,False,0.8653796911239624,0.7516592492125548,3.167240619659424,0.41619956493377686,0.5000067353248596,7
35,7,0.08043519937481898,0.8019330501556396,1.4009664058685303,0.05313072779348921,1.1920928955078125e-07,0.0,False,0.847496509552002,0.7361261150614021,3.0950417518615723,0.42607855796813965,0.5000348687171936,7
35,8,0.0006942999867101162,0.7978230118751526,1.398911476135254,0.6079483170594486,2.9802322387695312e-08,0.0,False,0.9889400601387024,0.858982422102617,3.91142201423645,0.33389803767204285,0.5012360215187073,7
35,9,-0.005338951903363989,0.8129175901412964,1.406458854675293,0.9382760109645979,5.960464477539063e-08,0.0,False,1.0465563535690308,0.9090272987116373,4.938472747802734,0.26145070791244507,0.5335341095924377,7
35,10,-0.025434950354681136,0.8165177702903748,1.4082589149475098,0.5714167377778462,2.9802322387695312e-08,0.0,False,1.0434144735336304,0.9062982963872847,4.746285915374756,0.2731849253177643,0.5217978954315186,7
35,11,0.009460875970188042,0.7752135992050171,1.3876068592071533,0.6585689378636224,5.960464477539063e-08,0.0,False,1.0830389261245728,0.9407156586046512,5.00626277923584,0.2566661238670349,0.5009838342666626,7
35,12,0.012934063139094993,0.7836551070213318,1.3918275833129883,1.431091172354562,2.9802322387695312e-08,0.0,False,1.002150058746338,0.8704564811051084,4.055365085601807,0.3205249607563019,0.5019582509994507,7
35,13,0.02091700629455256,0.7934742569923401,1.3967370986938477,1.5036042918051993,2.9802322387695312e-08,0.0,False,1.0024436712265015,0.8707115096650144,4.110888957977295,0.3166676163673401,0.5031863451004028,7
35,14,-0.0032010503032358674,0.7921565175056458,1.39607834815979,0.8039896530764444,8.940696716308594e-08,0.0,False,1.0421996116638184,0.9052430807746166,4.219984531402588,0.30807793140411377,0.5016555190086365,7
35,15,0.016670621796049216,0.8021417260169983,1.4010708332061768,0.11677790752479023,2.9802322387695312e-08,0.0,False,1.036437749862671,0.9002383912031616,4.2031636238098145,0.31005290150642395,0.5011721849441528,7
35,16,0.014891183306484512,0.7847921252250671,1.3923959732055664,0.4255412817001343,8.940696716308594e-08,0.0,False,0.9837846755981445,0.8545045119865098,4.048409461975098,0.3212287127971649,0.5001620650291443,7
35,17,-0.019065836845796266,0.8000541925430298,1.4000271558761597,0.549679228237697,5.960464477539063e-08,0.0,False,0.9669944047927856,0.8399206680656525,3.8311781883239746,0.34138694405555725,0.5000209808349609,7
35,18,0.005733642613761441,0.8289498686790466,1.4144749641418457,0.3629751881318432,2.9802322387695312e-08,0.0,False,0.9412544965744019,0.817563267857772,3.782409191131592,0.34813392162323,0.5024969577789307,7
35,19,-0.0029668171801602895,0.814316987991333,1.407158374786377,0.7188621003712928,1.1920928955078125e-07,0.0,False,1.0303040742874146,0.8949107482909244,4.25463342666626,0.3064967393875122,0.5164773464202881,7
35,20,0.003724884180658191,0.8073025941848755,1.403651237487793,0.5693618005939893,5.960464477539063e-08,0.0,False,1.0379369258880615,0.9015405589536192,4.760718822479248,0.2703005075454712,0.5753202438354492,7
35,21,-0.026607686834230086,0.7853503227233887,1.3926752805709839,0.9683970031993729,1.1920928955078125e-07,0.0,False,1.0737475156784058,0.9326452420329141,5.40858793258667,0.23581935465335846,0.5472155809402466,3
35,22,0.01755005882734572,0.8163918256759644,1.408195972442627,0.4430457140718187,5.960464477539063e-08,0.0,False,1.0428526401519775,0.9058102941124829,4.715633392333984,0.27447277307510376,0.5419312715530396,7
35,23,0.00721294739474364,0.7979379296302795,1.398969054222107,0.5874982295291764,8.940696716308594e-08,0.0,False,1.0596438646316528,0.9203949663843265,5.12583589553833,0.250680536031723,0.5313313007354736,7
35,24,0.0071595387345194505,0.8033608198165894,1.4016804695129395,0.5074801445007324,5.960464477539063e-08,0.0,False,1.053572654724121,0.9151215804616917,4.482159614562988,0.2898532748222351,0.5049029588699341,7
36,1,-0.11200031938277852,0.8120385408401489,1.4060192108154297,1.267346822789737,5.960464477539063e-08,0.0,False,0.9902068376541138,0.8600827310721015,3.9670326709747314,0.32990849018096924,0.5065271854400635,7
36,2,-0.10315519286718812,0.8142150044441223,1.4071075916290283,0.8156494157654898,8.940696716308594e-08,0.0,False,0.982171356678009,0.8531032009773799,3.9036290645599365,0.3358337879180908,0.5005231499671936,7
36,3,0.0864594955479801,0.8043156266212463,1.4021577835083008,0.1986407147986549,2.9802322387695312e-08,0.0,False,0.9443301558494568,0.8202347515605138,3.629951000213623,0.36143380403518677,0.5000125169754028,7
36,4,0.016139747277178325,0.8350750803947449,1.4175376892089844,0.769961878657341,1.4901161193847656e-07,0.0,False,1.0184657573699951,0.8846281168664101,4.215595245361328,0.3113059401512146,0.5003132820129395,7
36,5,0.021086748418338845,0.8388048410415649,1.4194023609161377,0.5875962514962468,5.960464477539063e-08,0.0,False,0.9040567874908447,0.7852537482689094,3.436016321182251,0.3856218755245209,0.5011608600616455,7
36,6,-0.01865616912943146,0.82337886095047,1.4116895198822021,0.9564264411372798,8.940696716308594e-08,0.0,False,0.9607573747634888,0.8345032526152755,3.7700016498565674,0.34896549582481384,0.5002009272575378,7
36,7,-0.005645523160300397,0.8133298754692078,1.4066648483276367,0.42085177717464306,8.940696716308594e-08,0.0,False,0.9915552139282227,0.861253915822851,3.988205909729004,0.32835933566093445,0.5000003576278687,7
36,8,0.02407979808801689,0.8105282783508301,1.4052642583847046,0.22623508636440548,1.1920928955078125e-07,0.0,False,0.9416626691818237,0.8179178020799068,3.610332727432251,0.36398744583129883,0.500072717666626,7
36,9,-0.04686793799107782,0.799136221408844,1.3995680809020996,0.2815450046743665,2.9802322387695312e-08,0.0,False,0.9296028017997742,0.8074427343668885,3.537297010421753,0.3708163797855377,0.5003324747085571,7
36,10,-0.060301252007215644,0.8061124682426453,1.4030561447143555,0.28218277384127877,8.940696716308594e-08,0.0,False,0.9319143295288086,0.8094505018418605,3.5475542545318604,0.37028440833091736,0.5008114576339722,7
36,11,0.01822077305784647,0.7957307696342468,1.3978652954101562,0.332559060305357,8.940696716308594e-08,0.0,False,0.896641194820404,0.7788126463152802,3.335869073867798,0.39371442794799805,0.5008798241615295,7
36,12,-0.0027346562548146366,0.8076568245887756,1.4038283824920654,0.057462434683527325,2.9802322387695312e-08,0.0,False,0.8791549205780029,0.7636242614902367,3.241997241973877,0.40668028593063354,0.5000622868537903,7
36,13,0.0533196993825311,0.8147259950637817,1.407362937927246,0.023664886930159057,5.960464477539063e-08,0.0,False,0.8808531165122986,0.765099295737147,3.2615554332733154,0.40481385588645935,0.5004974007606506,7
36,14,-0.0064204914905370905,0.8064460754394531,1.4032230377197266,0.08497165994984773,0.0,0.0,False,0.8495373725891113,0.7378987861720759,3.109257221221924,0.42452189326286316,0.5000825524330139,7
36,15,0.03436151558071819,0.8079090714454651,1.4039545059204102,0.07864538793052947,2.9802322387695312e-08,0.0,False,0.8809236288070679,0.7651605419381962,3.2585642337799072,0.40455466508865356,0.5004245042800903,7
36,16,0.011501340709820512,0.806149959564209,1.4030749797821045,0.03616708729948323,0.0,0.0,False,0.8909733295440674,0.773889601087912,3.299583911895752,0.39917993545532227,0.5006134510040283,7
36,17,0.011617596604232448,0.8095537424087524,1.4047768115997314,0.30736030425344185,5.960464477539063e-08,0.0,False,0.9955809116363525,0.8647505924237538,3.9540867805480957,0.3309212327003479,0.5042027831077576,7
36,18,0.015057248904446383,0.8053879737854004,1.4026939868927002,0.7620318319116319,0.0,0.0,False,1.0259735584259033,0.8911493100060268,4.222266674041748,0.3081774413585663,0.5234630107879639,7
36,19,0.005966524418358685,0.8049922585487366,1.402496099472046,0.6651796038661684,2.9802322387695312e-08,0.0,False,1.0325536727905273,0.8968647247237239,4.231245040893555,0.3079869747161865,0.5049200057983398,7
36,20,0.02690337325049581,0.8145624995231628,1.4072811603546143,0.8272484817675182,8.940696716308594e-08,0.0,False,1.0600076913833618,0.9207109822855984,4.835448741912842,0.26719143986701965,0.5419225692749023,7
36,21,0.039440276152839085,0.8120149970054626,1.4060075283050537,0.13503924863679057,2.9802322387695312e-08,0.0,False,1.054101586341858,0.9155810046274662,4.712886810302734,0.274627685546875,0.5341264009475708,7
36,22,0.045884010135077626,0.7944186329841614,1.3972094058990479,0.24553092036928462,8.940696716308594e-08,0.0,False,1.024640679359436,0.8899915859588046,4.284832954406738,0.3031376600265503,0.509635865688324,7
36,23,0.028528493376385158,0.8029724955558777,1.4014862775802612,0.647166058421135,2.9802322387695312e-08,0.0,False,1.0506521463394165,0.912584859110033,4.854048728942871,0.2658804655075073,0.5286202430725098,7
36,24,0.08024520631241147,0.8186383247375488,1.4093191623687744,1.6130883608545576,0.0,0.0,False,1.0944608449935913,0.950636611279774,5.324103355407715,0.24263332784175873,0.5000259280204773,3
37,1,0.037071158023325224,0.7869353890419006,1.393467664718628,1.2944333681038447,2.9802322387695312e-08,0.0,False,0.9859493970870972,0.8563847651815288,3.826204538345337,0.34077689051628113,0.5021862983703613,7
37,2,0.04600390478469513,0.7795252799987793,1.3897627592086792,0.0930683080639158,1.1920928955078125e-07,0.0,False,0.9958962798118591,0.8650245177405347,3.8914124965667725,0.33430904150009155,0.5009959936141968,7
37,3,-0.01077548270420258,0.7923436760902405,1.3961719274520874,0.8628439605236053,8.940696716308594e-08,0.0,False,1.027674674987793,0.8926268810778326,4.1114277839660645,0.31662383675575256,0.500320553779602,7
37,4,-0.004095281091342853,0.7941442728042603,1.397072196006775,0.20999956130981445,5.960464477539063e-08,0.0,False,1.0061628818511963,0.8739419749676962,4.008516788482666,0.32523399591445923,0.5003222227096558,7
37,5,0.022492134968134944,0.7890666127204895,1.394533395767212,0.15396020880767267,8.940696716308594e-08,0.0,False,1.0073912143707275,0.8750088910380457,3.9730677604675293,0.3278765380382538,0.500658392906189,7
37,6,0.05039855695891122,0.7658155560493469,1.3829078674316406,0.46609857571976526,8.940696716308594e-08,0.0,False,0.9642921686172485,0.8375735355459822,3.7929022312164307,0.342278391122818,0.5000283718109131,7
37,7,0.017635343847635505,0.8001521825790405,1.400076150894165,0.8924766715083804,5.960464477539063e-08,0.0,False,0.867919921875,0.7538656656084279,3.1997618675231934,0.411496639251709,0.5002936720848083,6
37,8,0.062024802282383634,0.7801173329353333,1.3900587558746338,0.14501149313790454,8.940696716308594e-08,0.0,False,0.9061203002929688,0.7870460927155077,3.3869307041168213,0.38615044951438904,0.5007317066192627,7
37,9,-0.06289728748686924,0.8143056631088257,1.4071528911590576,0.20824864613158356,5.960464477539063e-08,0.0,False,0.8686413168907166,0.7544922613576244,3.21675968170166,0.4106111526489258,0.5004688501358032,6
37,10,-0.049262547985838886,0.8223741054534912,1.4111871719360352,0.19600117313010346,1.1920928955078125e-07,0.0,False,0.9135860204696655,0.7935307348678541,3.4302263259887695,0.3848752975463867,0.500603199005127,7
37,11,0.04566244208478827,0.8168306350708008,1.4084153175354004,0.5469088511807578,0.0,0.0,False,1.0306057929992676,0.8951728178342139,4.175936222076416,0.31313759088516235,0.501896858215332,7
37,12,-0.004318948408216668,0.7941479086875916,1.3970739841461182,0.7047592571803503,2.9802322387695312e-08,0.0,False,0.9849846363067627,0.855546784615017,3.8723349571228027,0.33713996410369873,0.5008655786514282,7
37,13,0.003306618328676975,0.7866644859313965,1.3933322429656982,0.22831322039876673,0.0,0.0,False,0.9892328977584839,0.8592367776273466,3.925048589706421,0.3318920135498047,0.5000064969062805,7
37,14,0.0074893754718032245,0.7636620998382568,1.381831169128418,0.4337608329951763,1.1920928955078125e-07,0.0,False,0.956421434879303,0.8307371030841433,3.7259368896484375,0.348460853099823,0.5010356903076172,7
37,15,-0.020202472537044908,0.7701407670974731,1.3850703239440918,0.4030404277145863,5.960464477539063e-08,0.0,False,0.9252112507820129,0.8036282816188679,3.471168041229248,0.3755846619606018,0.5001017451286316,7
37,16,-0.006510792022379013,0.7601848840713501,1.3800923824310303,0.372506784009082,5.960464477539063e-08,0.0,False,0.8766012191772461,0.7614061446366821,3.209026336669922,0.40634632110595703,0.5000002384185791,7
37,17,0.02836010428833011,0.7598950266838074,1.3799476623535156,0.31425363730107037,1.4901161193847656e-07,0.0,False,0.8382017612457275,0.7280527992612129,3.026461362838745,0.43158936500549316,0.5002859830856323,7
37,18,0.06659824693708785,0.7954141497612,1.3977071046829224,0.1266198727701392,2.9802322387695312e-08,0.0,False,0.8858674168586731,0.7694546616792189,3.2524445056915283,0.4041587710380554,0.5000723004341125,7
37,19,-0.07883980633316719,0.797744870185852,1.3988724946975708,0.3954648024269513,5.960464477539063e-08,0.0,False,0.9372950196266174,0.8141241098784803,3.8423848152160645,0.340171754360199,0.5001000761985779,7
37,20,-0.027185648092762756,0.7841061949729919,1.3920530080795288,1.0004605182579585,8.940696716308594e-08,0.0,False,1.0237016677856445,0.8891759708689227,4.086533069610596,0.3179757595062256,0.5032145977020264,7
37,21,-0.04980384879750045,0.8036658763885498,1.4018330574035645,0.6470933535269329,1.1920928955078125e-07,0.0,False,1.0235536098480225,0.8890473693783002,4.214847564697266,0.30845439434051514,0.5298373699188232,7
37,22,-0.05487068810032953,0.7697749137878418,1.384887456893921,0.25140348076820374,0.0,0.0,False,1.015868902206421,0.8823725171307256,4.169171333312988,0.30980807542800903,0.5265281796455383,7
37,23,0.042709138635295255,0.7792360186576843,1.3896180391311646,0.39566998609474735,2.9802322387695312e-08,0.0,False,1.0194017887115479,0.8854411433594598,4.157482624053955,0.31154435873031616,0.5196783542633057,7
37,24,-0.0360137202323744,0.7440040111541748,1.372002124786377,0.5521678349801471,1.1920928955078125e-07,0.0,False,1.0296483039855957,0.8943411534439726,4.07185697555542,0.3162955045700073,0.5027104616165161,7
38,1,0.009531284925430768,0.8152657151222229,1.407632827758789,1.424009906394141,2.9802322387695312e-08,0.0,False,0.9376705884933472,0.814450324851271,3.6275107860565186,0.3625488579273224,0.5013517737388611,7
38,2,-0.034328156613061836,0.8088988065719604,1.404449462890625,0.3410427767251222,5.960464477539063e-08,0.0,False,0.909508228302002,0.7899888095943249,3.408101797103882,0.38625454902648926,0.50105881690979,7
38,3,0.030719123634020858,0.8170803189277649,1.4085402488708496,0.11276879640562207,8.940696716308594e-08,0.0,False,0.9504492878913879,0.82554976212021,3.667971134185791,0.35844922065734863,0.5044201612472534,7
38,4,0.0029862066440759782,0.8100322484970093,1.4050161838531494,0.37160755906786247,5.960464477539063e-08,0.0,False,1.0230318307876587,0.8885941578449229,4.172299861907959,0.3125762939453125,0.5155840516090393,7
38,5,0.015703266293696477,0.8212475776672363,1.4106237888336182,0.5909934490919113,0.0,0.0,False,1.0365735292434692,0.9003563276748355,4.243608474731445,0.3080402910709381,0.507523775100708,7
38,6,-0.01869696273875698,0.8016143441200256,1.4008073806762695,0.07547719776630402,2.086162567138672e-07,0.0,False,1.035104751586914,0.8990805636120661,4.2343292236328125,0.3073606789112091,0.5109385848045349,7
38,7,-0.021353786197384202,0.810822069644928,1.4054110050201416,0.5509293100663595,2.9802322387695312e-08,0.0,False,1.028609275817871,0.8934386650444028,4.513667583465576,0.2870105803012848,0.5460956692695618,7
38,8,0.019239470846122264,0.806885838508606,1.4034428596496582,0.23604512853281825,5.960464477539063e-08,0.0,False,1.050296425819397,0.9122758841921444,4.878400802612305,0.26355767250061035,0.5685888528823853,7
38,9,-0.08831509950948656,0.7884560823440552,1.3942279815673828,0.8971052787133627,5.960464477539063e-08,0.0,False,1.0715341567993164,0.9307227429375939,5.189894199371338,0.2469492107629776,0.531502366065979,7
38,10,-0.004740178602565178,0.7851902842521667,1.3925950527191162,0.5623599737882614,8.940696716308594e-08,0.0,False,1.078050971031189,0.9363831758585756,5.097255229949951,0.2520919740200043,0.5109405517578125,5
38,11,-0.02751589154207389,0.7966640591621399,1.398332118988037,0.33252124914101194,8.940696716308594e-08,0.0,False,1.0709879398345947,0.9302483049101928,5.026613712310791,0.25671660900115967,0.5001043677330017,4
38,12,0.058957078078435365,0.7675622701644897,1.3837809562683105,0.30614836513996124,1.7881393432617188e-07,0.0,False,1.0913231372833252,0.9479112329909862,5.102663040161133,0.2511836290359497,0.500583827495575,4
38,13,0.08517951818481177,0.7257262468338013,1.3628631830215454,0.7950478079063551,5.960464477539063e-08,0.0,False,1.0080434083938599,0.875575379568799,4.385171890258789,0.2910376787185669,0.5267176032066345,4
38,14,0.0683346534862841,0.5658121109008789,1.2829060554504395,1.1425761601754596,0.0,0.0,False,1.1196084022521973,0.9724795019812913,5.576493740081787,0.218593567609787,0.5163395404815674,1
38,15,-0.039529435556431576,0.671690821647644,1.3358454704284668,1.5975776080574309,5.960464477539063e-08,0.0,False,1.0225307941436768,0.8881589629454976,4.161339282989502,0.3039495348930359,0.5044240951538086,7
38,16,0.021004039915999896,0.780719518661499,1.3903597593307495,0.887450812118394,0.0,0.0,False,1.0331876277923584,0.8974153710418642,4.177094459533691,0.31020474433898926,0.5163997411727905,7
38,17,-0.022247343135864246,0.8104198575019836,1.405210018157959,0.5578766294888088,8.940696716308594e-08,0.0,False,1.0327637195587158,0.8970471690284556,4.189265727996826,0.3114907741546631,0.508049726486206,7
38,18,0.0033642601482954722,0.8112115263938904,1.4056057929992676,0.0911013249840055,2.9802322387695312e-08,0.0,False,1.031020164489746,0.8955327363377596,4.186120986938477,0.31174829602241516,0.5094664096832275,7
38,19,0.0008641634262058122,0.8087435960769653,1.404371738433838,0.4298277603728431,5.960464477539063e-08,0.0,False,1.0212539434432983,0.8870499045187202,4.109225273132324,0.3177871108055115,0.50580894947052,7
38,20,-0.008816927051634756,0.8048403859138489,1.4024202823638916,0.033769381897790135,8.940696716308594e-08,0.0,False,1.0264332294464111,0.8915485751814215,4.139925479888916,0.31507954001426697,0.5050386190414429,7
38,21,-0.01933434669207338,0.7957209944725037,1.3978605270385742,0.12512652150222228,2.9802322387695312e-08,0.0,False,1.0215849876403809,0.8873374458548383,4.158471584320068,0.3130922019481659,0.5013056993484497,7
38,22,-0.016000641944737007,0.7974008917808533,1.398700475692749,0.06906599657876156,2.9802322387695312e-08,0.0,False,1.0245788097381592,0.8899378466885687,4.168764114379883,0.3124162554740906,0.5007114410400391,7
38,23,0.02159229040064992,0.7885008454322815,1.3942503929138184,0.23718288966587608,2.9802322387695312e-08,0.0,False,1.0442655086517334,0.9070374960986807,4.25395393371582,0.30530375242233276,0.5002179145812988,7
38,24,0.009367780352536102,0.7844902873039246,1.3922451734542847,0.12740027053015557,2.9802322387695312e-08,0.0,False,1.0414588451385498,0.904599659146011,4.276625156402588,0.30334755778312683,0.5002070665359497,7
39,1,-0.0012821939901112279,0.794902503490448,1.3974512815475464,1.171126353953566,2.9802322387695312e-08,0.0,False,1.0310883522033691,0.8955919634332797,4.441385269165039,0.291809618473053,0.516171932220459,3
39,2,0.03554057185067051,0.7666001319885254,1.3832999467849731,0.5310357170445579,1.1920928955078125e-07,0.0,False,1.0403940677642822,0.9036748052698114,4.402806282043457,0.2930799722671509,0.5018044710159302,3
39,3,-0.012688924305764921,0.7757355570793152,1.3878676891326904,0.5746745616197586,8.940696716308594e-08,0.0,False,1.0210460424423218,0.8868693240037077,4.392753601074219,0.2936055064201355,0.5307431221008301,3
39,4,-0.005529376207831499,0.7871004343032837,1.393550157546997,0.6399473186050143,5.960464477539063e-08,0.0,False,1.0411460399627686,0.9043279600225059,4.625398635864258,0.27960771322250366,0.5004566311836243,7
39,5,0.00900043000086732,0.7873185873031616,1.3936593532562256,0.29734768399170464,5.960464477539063e-08,0.0,False,1.0318377017974854,0.896242840220762,4.225384712219238,0.30732518434524536,0.5022437572479248,7
39,6,0.007106268956963514,0.7823024392127991,1.3911514282226562,0.039683833718299866,2.086162567138672e-07,0.0,False,1.0301311016082764,0.894760506130785,4.2080817222595215,0.3083617687225342,0.5000988245010376,7
39,7,-0.009842708141050382,0.7746196389198303,1.3873099088668823,0.10937917019639695,8.940696716308594e-08,0.0,False,1.0249018669128418,0.8902184505851765,4.169077396392822,0.31075990200042725,0.5031532049179077,7
39,8,0.0005033825326636737,0.7822343707084656,1.3911170959472656,0.0757766536303929,8.940696716308594e-08,0.0,False,1.0336405038833618,0.8978087342164817,4.276800155639648,0.30313459038734436,0.5020720958709717,7
39,9,-0.031257567859848644,0.77939373254776,1.3896968364715576,0.03623733775956284,2.9802322387695312e-08,0.0,False,1.037634253501892,0.9012776610593435,4.319284439086914,0.2998825013637543,0.5002703070640564,7
39,10,0.014264955848268505,0.7762054204940796,1.3881027698516846,0.12329148181847158,5.960464477539063e-08,0.0,False,1.0515671968460083,0.9133796618813841,4.533873558044434,0.2848479747772217,0.5008700489997864,7
39,11,0.01705277159527029,0.7696118950843811,1.3848059177398682,0.12836501002311707,2.9802322387695312e-08,0.0,False,1.0475443601608276,0.9098854703334402,4.460666656494141,0.2893446385860443,0.5000991821289062,7
39,12,0.04368696022672175,0.7686917185783386,1.3843460083007812,0.056701284434114096,1.4901161193847656e-07,0.0,False,1.0441205501556396,0.9069115867487637,4.454416751861572,0.2896682918071747,0.5017303228378296,7
39,13,-0.05222734182100828,0.7858607172966003,1.392930269241333,1.037819049188069,8.940696716308594e-08,0.0,False,1.02187180519104,0.8875865724139669,4.498469829559326,0.2875681221485138,0.5091462135314941,6
39,14,-0.000684809635098069,0.7967231273651123,1.3983616828918457,1.0751199530703681,1.1920928955078125e-07,0.0,False,1.0457215309143066,0.9083021809670083,4.613225936889648,0.28094804286956787,0.5005558133125305,7
39,15,0.003153379724697431,0.7920544147491455,1.3960270881652832,0.15450726875237064,1.1920928955078125e-07,0.0,False,1.037753939628601,0.9013816191081236,4.335798263549805,0.29944953322410583,0.5026254057884216,7
39,16,0.024991813156344047,0.7890433669090271,1.394521713256836,0.08368829957076473,2.9802322387695312e-08,0.0,False,1.0331575870513916,0.8973892779857959,4.262786865234375,0.30457937717437744,0.5038920640945435,7
39,17,0.00249366218073057,0.7766143083572388,1.3883070945739746,0.08796290627547665,5.960464477539063e-08,0.0,False,1.0335450172424316,0.8977257955739787,4.197421550750732,0.3087654709815979,0.5009992122650146,7
39,18,0.0005616725383058405,0.7745307087898254,1.3872654438018799,0.07224304548331667,8.940696716308594e-08,0.0,False,1.0353487730026245,0.8992925179206847,4.242650032043457,0.3052084743976593,0.5003727674484253,7
39,19,-0.0011186697751943702,0.7694551944732666,1.3847274780273438,0.06940570899418419,1.1920928955078125e-07,0.0,False,1.0354125499725342,0.8993479138928933,4.205420017242432,0.3076479434967041,0.5015543103218079,7
39,20,0.06360567475821213,0.7700253129005432,1.3850126266479492,0.03607131115027851,2.9802322387695312e-08,0.0,False,1.0364806652069092,0.9002756669975449,4.208702564239502,0.3074120581150055,0.5025085210800171,7
39,21,-0.00546292715378831,0.7735495567321777,1.3867747783660889,0.25740942465407524,0.0,0.0,False,1.017805814743042,0.8840548979838931,4.237257480621338,0.30540719628334045,0.5057010054588318,7
39,22,0.011793791524499659,0.7777079343795776,1.3888540267944336,0.11933313097272616,5.960464477539063e-08,0.0,False,1.0194621086120605,0.885493536559343,4.150409698486328,0.31228089332580566,0.5088543891906738,7
39,23,0.008451182129652082,0.7716281414031982,1.3858140707015991,0.05808501158441831,0.0,0.0,False,1.0279102325439453,0.8928314837714477,4.181490898132324,0.3096520006656647,0.5008448362350464,7
39,24,-0.009289808665018825,0.8011473417282104,1.40057373046875,0.6843757182359695,5.960464477539063e-08,0.0,False,1.007907509803772,0.8754573395532518,4.189594268798828,0.3106156289577484,0.5162408947944641,7
40,1,-0.0012973449934996703,0.7689160704612732,1.384458065032959,1.0413032940455846,2.9802322387695312e-08,0.0,False,1.039306879043579,0.9027304851454336,4.1899495124816895,0.30882057547569275,0.5005645155906677,7
40,2,0.036359682443656394,0.7947958707809448,1.3973979949951172,0.13761322413172028,5.960464477539063e-08,0.0,False,1.0287364721298218,0.8935491463572001,4.155041217803955,0.3132166266441345,0.5042856931686401,7
40,3,0.0009710198807851723,0.7925081253051758,1.396254062652588,0.43141310129846855,0.0,0.0,False,1.0020020008087158,0.870327879614486,4.084254741668701,0.3188416063785553,0.5000032186508179,7
40,4,-0.013406451415588907,0.805101752281189,1.4025509357452393,0.07212498784065247,5.960464477539063e-08,0.0,False,0.9982010126113892,0.8670263832147292,4.071178436279297,0.32079780101776123,0.5000447034835815,7
40,5,0.05093609880216669,0.8104794025421143,1.4052397012710571,0.08799595705100474,0.0,0.0,False,0.9810507297515869,0.8521298367965452,3.9350483417510986,0.33275821805000305,0.5007187724113464,7
40,6,-0.00785627151932881,0.7988913059234619,1.399445652961731,0.42297102085181637,0.0,0.0,False,0.9745434522628784,0.8464776873854265,3.916393280029297,0.3335534632205963,0.5006150007247925,7
40,7,-0.007508161145361424,0.8059222102165222,1.402961015701294,0.17839639740330815,8.940696716308594e-08,0.0,False,0.9945045113563538,0.8638156430199087,3.9710636138916016,0.32925471663475037,0.5016230344772339,7
40,8,0.029321527873164818,0.7923290729522705,1.3961644172668457,0.11242159775325236,1.1920928955078125e-07,0.0,False,0.9906885027885437,0.8605011000921178,3.9119908809661865,0.3333651125431061,0.5038540959358215,7
40,9,0.002649978605087527,0.7849348187446594,1.3924674987792969,0.42664135460342667,8.940696716308594e-08,0.0,False,1.0134320259094238,0.8802558732729923,4.116058349609375,0.31573182344436646,0.5003944635391235,7
40,10,-0.043553436394406654,0.8079390525817871,1.4039695262908936,0.8719726119722641,0.0,0.0,False,1.012446641921997,0.8793999796164018,4.250023365020752,0.3063321113586426,0.5199832320213318,7
40,11,0.013985676452134308,0.8046846985816956,1.4023423194885254,0.8494140569652832,2.9802322387695312e-08,0.0,False,1.0326441526412964,0.8969433145235487,4.285301208496094,0.3040271997451782,0.5004953145980835,7
40,12,-0.05030315667443165,0.8023990392684937,1.4011993408203125,0.09021100189004616,1.7881393432617188e-07,0.0,False,1.0343618392944336,0.8984352781937415,4.292989730834961,0.3031695783138275,0.5054678916931152,7
40,13,0.02292798350399518,0.8075000643730164,1.403749942779541,0.24104076091732285,8.940696716308594e-08,0.0,False,1.0216546058654785,0.887397915476838,4.247154712677002,0.3070840537548065,0.5000057816505432,7
40,14,0.01971611466970919,0.7974488139152527,1.3987244367599487,0.18570382786648598,2.9802322387695312e-08,0.0,False,1.0385591983795166,0.9020810579721775,4.27319860458374,0.3044535219669342,0.5004420280456543,7
40,15,0.020927571029690777,0.7928656935691833,1.396432876586914,0.0701540857553482,2.9802322387695312e-08,0.0,False,1.040827751159668,0.9040514978808295,4.306762218475342,0.30168581008911133,0.5000017285346985,7
40,16,0.008177282600797,0.7933101058006287,1.3966550827026367,0.12962601227419698,2.9802322387695312e-08,0.0,False,1.039724349975586,0.9030930957896849,4.347013473510742,0.2986827492713928,0.5040744543075562,7
40,17,0.029095938935118925,0.8078678250312805,1.4039338827133179,0.4666342203106201,2.9802322387695312e-08,0.0,False,1.0627251863479614,0.9230713684210494,4.832258224487305,0.2677958607673645,0.5147950053215027,7
40,18,0.003917812667773664,0.8048425316810608,1.402421236038208,0.219447604247502,2.9802322387695312e-08,0.0,False,1.0377202033996582,0.9013523161919834,4.356204509735107,0.2985745668411255,0.5106801986694336,7
40,19,0.029953965309509306,0.8005144000053406,1.4002572298049927,0.462766164115497,2.9802322387695312e-08,0.0,False,1.036327838897705,0.900142923751991,4.325251579284668,0.30074357986450195,0.5032476186752319,7
40,20,-0.007270088208430517,0.7924452424049377,1.396222710609436,0.15217091568878713,8.940696716308594e-08,0.0,False,1.0347856283187866,0.8988033766632768,4.397566795349121,0.2950955629348755,0.5018877387046814,7
40,21,0.04575020924959108,0.7994373440742493,1.3997187614440918,0.20602224660771232,8.940696716308594e-08,0.0,False,1.0266823768615723,0.8917649818765915,4.285492420196533,0.3031357228755951,0.5197347402572632,7
40,22,-0.02888218459088741,0.7870122790336609,1.3935060501098633,0.17110571158783774,8.940696716308594e-08,0.0,False,1.0306882858276367,0.8952444701945286,4.404967784881592,0.29418033361434937,0.5038164854049683,7
40,23,0.008142027872129542,0.8004473447799683,1.400223731994629,0.24889413693121498,5.960464477539063e-08,0.0,False,1.031105637550354,0.8956069772949063,4.471189022064209,0.29054927825927734,0.5002732872962952,7
40,24,0.004175983125234029,0.7868413925170898,1.393420696258545,0.23339075701577314,0.0,0.0,False,1.0404348373413086,0.9037102172744755,4.39094352722168,0.2952241897583008,0.5011628270149231,7
41,1,0.046409166229379024,0.8176698088645935,1.4088349342346191,1.339666364448411,2.9802322387695312e-08,0.0,False,0.9655417799949646,0.8386589341977135,3.794968843460083,0.34613126516342163,0.5003300905227661,7
41,2,0.008679376825036552,0.8194100260734558,1.4097049236297607,0.15970814760242188,8.940696716308594e-08,0.0,False,0.9944766759872437,0.8637914655254961,3.987772226333618,0.32882821559906006,0.5001955032348633,7
41,3,0.04052757128455362,0.8200794458389282,1.4100396633148193,0.09364761199269972,5.960464477539063e-08,0.0,False,0.9910936951637268,0.8608530457174204,3.9853334426879883,0.32905542850494385,0.5012641549110413,7
41,4,0.013157607560557182,0.8147337436676025,1.4073668718338013,0.16976873789514818,0.0,0.0,False,0.9603389501571655,0.8341398136200381,3.774672269821167,0.3478436768054962,0.5002738833427429,7
41,5,0.02397963770233165,0.8055248260498047,1.4027624130249023,0.1727020580853734,0.0,0.0,False,0.9904677271842957,0.8603093368387902,4.0553507804870605,0.32212400436401367,0.5004211664199829,7
41,6,0.015111509151107263,0.8005051016807556,1.4002524614334106,0.08350527392966417,8.940696716308594e-08,0.0,False,1.000725269317627,0.869218924731582,4.161884307861328,0.31315165758132935,0.5012942552566528,7
41,7,-0.007641708190724869,0.7771630883216858,1.3885815143585205,0.20130721426435885,2.9802322387695312e-08,0.0,False,0.9881274104118347,0.8582765635184194,3.893864154815674,0.3339040279388428,0.5012404322624207,7
41,8,-0.003005183634723783,0.7828295230865479,1.3914146423339844,0.4205423806394849,1.1920928955078125e-07,0.0,False,1.0270137786865234,0.8920528338443293,4.139310359954834,0.3134457767009735,0.5112282037734985,7
41,9,0.041916132749460086,0.7830277681350708,1.3915140628814697,0.13259693554469507,1.7881393432617188e-07,0.0,False,1.0324609279632568,0.8967841675903065,4.18477725982666,0.3098618984222412,0.5128358602523804,7
41,10,0.02229417137072631,0.7816305160522461,1.390815258026123,0.1840143799781799,0.0,0.0,False,1.0194565057754517,0.8854886699972986,4.134426116943359,0.31394416093826294,0.5039339661598206,7
41,11,0.07644270475552004,0.8157630562782288,1.4078816175460815,1.1270059001232897,8.940696716308594e-08,0.0,False,0.9263958930969238,0.8046572488596577,3.6301674842834473,0.36215466260910034,0.5068981647491455,7
41,12,-0.008086095466698437,0.8172168731689453,1.4086084365844727,0.3708869240113667,0.0,0.0,False,0.9091644287109375,0.7896901890637651,3.5049338340759277,0.3758491277694702,0.5030540823936462,6
41,13,0.04342635748279621,0.8194587826728821,1.4097294807434082,1.130498118698597,8.940696716308594e-08,0.0,False,1.0473616123199463,0.9097267375756912,4.462981700897217,0.2922116219997406,0.5025132894515991,7
41,14,0.022644960140866508,0.8142943382263184,1.4071471691131592,0.9073140716978481,0.0,0.0,False,0.9440475702285767,0.819989300808887,3.7154576778411865,0.35344821214675903,0.5049065351486206,7
41,15,0.038189012935258025,0.8215204477310181,1.4107601642608643,1.0691966233508927,5.960464477539063e-08,0.0,False,0.9988484382629395,0.8675887299905511,4.167201995849609,0.31413522362709045,0.502056360244751,7
41,16,-0.01706777409602922,0.8244051933288574,1.4122025966644287,0.7716034070721693,0.0,0.0,False,0.9733368754386902,0.8454296680719519,3.850186347961426,0.3414168357849121,0.5020691156387329,7
41,17,-0.01019967772474199,0.8086677193641663,1.4043338298797607,0.9503932116287097,2.9802322387695312e-08,0.0,False,1.0143113136291504,0.8810196128823574,4.150893211364746,0.31460559368133545,0.5002461671829224,7
41,18,-0.0203666970074079,0.8063817024230957,1.4031908512115479,0.23294980345027788,0.0,0.0,False,0.9803543090820312,0.8515249334888024,3.9415769577026367,0.3318617343902588,0.5014617443084717,7
41,19,-0.005911142216497691,0.7999972701072693,1.3999985456466675,0.10129611247352185,8.940696716308594e-08,0.0,False,0.9974313974380493,0.8663579039687883,3.983351707458496,0.32780545949935913,0.5001945495605469,7
41,20,0.017112416643419497,0.8098250031471252,1.4049124717712402,0.4606160478932517,2.9802322387695312e-08,0.0,False,0.9607037305831909,0.8344566578722964,3.7018308639526367,0.35456523299217224,0.500718355178833,7
41,21,-0.008224874970999102,0.8308204412460327,1.4154102802276611,0.35283848856176664,5.960464477539063e-08,0.0,False,1.0215204954147339,0.8872814286193901,4.138359546661377,0.31708571314811707,0.5010427236557007,7
41,22,-0.015477729274523854,0.8090835809707642,1.4045417308807373,0.6745381658630712,5.960464477539063e-08,0.0,False,0.9318950772285461,0.8094337795063247,3.538888454437256,0.3715013265609741,0.5000036954879761,7
41,23,0.007382229705551815,0.8038683533668518,1.4019341468811035,0.03596557517136845,2.9802322387695312e-08,0.0,False,0.9389193058013916,0.8155349469239526,3.5593502521514893,0.3688427209854126,0.5000262260437012,7
41,24,0.005758726993837798,0.7994131445884705,1.3997066020965576,0.3060842805675098,2.9802322387695312e-08,0.0,False,0.9282838106155396,0.8062970731809043,3.502816915512085,0.3746296763420105,0.5002424716949463,7
42,1,0.061715822693141256,0.7926428318023682,1.396321415901184,1.3041445341493403,0.0,0.0,False,1.00214684009552,0.8704536854205297,4.25063943862915,0.30575206875801086,0.5030295848846436,7
42,2,0.01832180307372053,0.7883976697921753,1.3941988945007324,0.246421718703849,5.960464477539063e-08,0.0,False,1.0295156240463257,0.8942259091130041,4.301836013793945,0.30169469118118286,0.5021775960922241,7
42,3,0.04530100995983881,0.7895934581756592,1.3947968482971191,0.4001932883901256,1.1920928955078125e-07,0.0,False,0.9748475551605225,0.8467418278061817,3.9040019512176514,0.3339111804962158,0.5023494958877563,7
42,4,-0.009943341552257758,0.7829640507698059,1.3914821147918701,0.17911124601960182,8.940696716308594e-08,0.0,False,0.9989324808120728,0.8676617284212185,4.05518913269043,0.3205149173736572,0.5010291337966919,7
42,5,0.011471937531787924,0.7981206774711609,1.3990603685379028,0.06979964513863848,2.9802322387695312e-08,0.0,False,1.0087053775787354,0.8761503586971618,4.201808452606201,0.30991801619529724,0.5000296235084534,7
42,6,-0.019162662725402475,0.7882258892059326,1.3941130638122559,0.08305031486919953,1.1920928955078125e-07,0.0,False,1.0090761184692383,0.8764723801430845,4.092527866363525,0.31785815954208374,0.5003539323806763,7
42,7,0.06374367209912102,0.8119629621505737,1.4059815406799316,0.22250727351222704,5.960464477539063e-08,0.0,False,1.0329725742340088,0.8972285778944544,4.461985111236572,0.2918333113193512,0.5021355152130127,7
42,8,-0.044669292623521505,0.7884892225265503,1.39424467086792,0.2624414446098463,5.960464477539063e-08,0.0,False,1.0135418176651,0.8803512371802896,4.1479973793029785,0.31339091062545776,0.5023293495178223,7
42,9,0.01604509902924373,0.8184446692466736,1.4092223644256592,0.5174391392086233,2.9802322387695312e-08,0.0,False,1.0108423233032227,0.878006486169705,4.396040916442871,0.296867311000824,0.5008498430252075,7
42,10,0.020892360838747053,0.8056850433349609,1.4028425216674805,0.5286726179931844,0.0,0.0,False,0.9534009099006653,0.8281135084227967,3.7081077098846436,0.3535913825035095,0.5013898611068726,7
42,11,0.0053706113406815905,0.795104444026947,1.397552251815796,0.5117114015987941,2.9802322387695312e-08,0.0,False,1.015519380569458,0.8820689264942481,4.43695592880249,0.29256659746170044,0.5002028942108154,7
42,12,-0.02359521138807486,0.7888540029525757,1.3944270610809326,0.4676256456545421,5.960464477539063e-08,0.0,False,0.955467700958252,0.8299087003259105,3.7809898853302,0.3452098071575165,0.5005439519882202,7
42,13,0.015473685543152373,0.7870367765426636,1.3935184478759766,0.09029903316072055,5.960464477539063e-08,0.0,False,0.9586973190307617,0.8327139109410024,3.8462297916412354,0.3389955759048462,0.5001242160797119,7
42,14,0.011186051782571135,0.7928728461265564,1.3964364528656006,0.5613408775201865,2.9802322387695312e-08,0.0,False,1.0677753686904907,0.9274579010689809,4.957365989685059,0.2602907121181488,0.5002410411834717,7
42,15,0.026365005810660286,0.7880575656890869,1.3940287828445435,0.298626633627074,0.0,0.0,False,1.035686731338501,0.8995860648014534,4.335355758666992,0.299246221780777,0.501755952835083,7
42,16,0.005804977167161645,0.7836428284645081,1.3918213844299316,0.41287222504615784,2.9802322387695312e-08,0.0,False,1.0880554914474487,0.9450729918803157,5.2038164138793945,0.2468445599079132,0.500800371170044,7
42,17,-0.0019892617694730625,0.7770977020263672,1.3885488510131836,0.4864794760942459,0.0,0.0,False,1.0590925216674805,0.919916075970374,4.6025285720825195,0.28040194511413574,0.5028818249702454,7
42,18,0.029572047149877396,0.7749815583229065,1.3874907493591309,0.4322633636849267,2.9802322387695312e-08,0.0,False,1.0189006328582764,0.8850058449161612,4.195250988006592,0.3087089955806732,0.5052117109298706,7
42,19,-0.027336339914510996,0.7835829257965088,1.3917913436889648,0.681981982929366,1.1920928955078125e-07,0.0,False,1.0425052642822266,0.9055085672657245,4.429405689239502,0.2922006845474243,0.5062613487243652,7
42,20,0.012507061285688304,0.7934955954551697,1.3967478275299072,1.0368710373129164,2.9802322387695312e-08,0.0,False,1.0634140968322754,0.9236697484647751,5.048982620239258,0.2552744746208191,0.5030449032783508,7
42,21,-0.009334598765444582,0.801008939743042,1.4005045890808105,0.799368332539286,1.1920928955078125e-07,0.0,False,1.1181225776672363,0.9711889311446418,5.707179069519043,0.22444328665733337,0.5072312951087952,7
42,22,-0.04179093838929822,0.7997763752937317,1.399888277053833,0.5596712295498167,8.940696716308594e-08,0.0,False,1.0524561405181885,0.9141517885444854,4.586408615112305,0.28276753425598145,0.5036340951919556,7
42,23,0.02023577309812087,0.7787610292434692,1.3893805742263794,0.4707780118499482,5.960464477539063e-08,0.0,False,1.0368337631225586,0.9005823639502211,4.566077709197998,0.28252139687538147,0.5151562690734863,7
42,24,0.004247289568781985,0.7825226187705994,1.391261339187622,0.31921582669019705,2.9802322387695312e-08,0.0,False,1.0654493570327759,0.9254375530134045,4.639791011810303,0.2783854603767395,0.5020611882209778,7
43,1,0.07651593631777824,0.8051171898841858,1.4025585651397705,1.2615997296358858,2.9802322387695312e-08,0.0,False,1.0342943668365479,0.898376672361461,4.66062068939209,0.2783854901790619,0.5023808479309082,7
43,2,-0.0017096259871083501,0.8140706419944763,1.40703547000885,0.4512524594153676,1.4901161193847656e-07,0.0,False,1.010908603668213,0.8780640565632526,4.173705577850342,0.3131442666053772,0.501288652420044,7
43,3,0.008002536216519883,0.8212108612060547,1.4106054306030273,0.17716812661715917,0.0,0.0,False,1.0190702676773071,0.8851531878478486,4.341157913208008,0.3009229600429535,0.5027754306793213,7
43,4,0.012493620046908663,0.8182743787765503,1.40913724899292,0.19188136926719113,5.960464477539063e-08,0.0,False,0.998988151550293,0.8677100834100435,4.150487899780273,0.31529054045677185,0.5002820491790771,7
43,5,0.0023537042407493574,0.8174982666969299,1.4087492227554321,0.2408086763960975,8.940696716308594e-08,0.0,False,0.9978750944137573,0.8667432942651626,4.017450332641602,0.326127827167511,0.5011903047561646,7
43,6,-0.05260890733937748,0.804868221282959,1.4024341106414795,0.15141040299619957,0.0,0.0,False,0.9711852073669434,0.8435607529310578,3.8788161277770996,0.33738023042678833,0.5002427101135254,7
43,7,-0.031353273820901535,0.8039216995239258,1.401960849761963,0.4808318348867553,0.0,0.0,False,0.9981655478477478,0.8669955789124264,4.073195457458496,0.32047903537750244,0.5025444030761719,7
43,8,0.027846233466244166,0.7905300259590149,1.3952651023864746,0.6476770043373108,8.940696716308594e-08,0.0,False,1.060018539428711,0.9207204047780676,4.8608293533325195,0.26561009883880615,0.5000091195106506,2
43,9,-0.007398001392349647,0.7829909324645996,1.3914954662322998,0.6623876328979219,0.0,0.0,False,1.0737941265106201,0.9326857276873693,4.921428680419922,0.26172786951065063,0.5014113187789917,2
43,10,0.024937033166116777,0.7704135179519653,1.385206699371338,0.5897573913846696,5.960464477539063e-08,0.0,False,1.0801103115081787,0.938171896269609,5.105061054229736,0.25094741582870483,0.5105307102203369,2
43,11,-0.008911172476435261,0.7768194675445557,1.3884096145629883,1.1724543486322676,1.1920928955078125e-07,0.0,False,1.068002462387085,0.9276551521475926,4.748015880584717,0.2713613510131836,0.5038241147994995,7
43,12,0.023567907277653576,0.7788310050964355,1.3894157409667969,0.638589499252183,2.384185791015625e-07,0.0,False,1.04962158203125,0.9116897223254666,4.601059436798096,0.28066322207450867,0.5004868507385254,7
43,13,-0.004671021277957134,0.7784785032272339,1.3892393112182617,0.48317908176353996,5.960464477539063e-08,0.0,False,1.0205363035202026,0.8864265704015324,4.1641693115234375,0.3114924430847168,0.5000031590461731,7
43,14,0.001808552392561803,0.7607454657554626,1.3803727626800537,0.6914742035525185,2.9802322387695312e-08,0.0,False,1.050225019454956,0.9122138614120455,4.412034034729004,0.2921082377433777,0.5000373125076294,7
43,15,-0.02708825360410086,0.7559959292411804,1.377997875213623,1.397654963391168,8.940696716308594e-08,0.0,False,1.0702910423278809,0.9296429874269568,5.042227745056152,0.25341901183128357,0.5132032036781311,6
43,16,-0.003097171283309582,0.7767519950866699,1.388375997543335,1.2020193019083567,0.0,0.0,False,1.0821876525878906,0.9399762518055086,5.032248497009277,0.2553355097770691,0.501655101776123,7
43,17,0.008196501402874864,0.7964431047439575,1.3982216119766235,0.1617178193160466,5.960464477539063e-08,0.0,False,1.0596117973327637,0.9203671130824123,4.923402786254883,0.26159706711769104,0.5283433198928833,7
43,18,-0.002261826145251034,0.7966793179512024,1.3983396291732788,0.10180186799594318,2.9802322387695312e-08,0.0,False,1.0646159648895264,0.9247136777952549,4.9916672706604,0.25768372416496277,0.5337269306182861,7
43,19,-0.015232007272282978,0.7798160314559937,1.3899080753326416,0.5752289103610175,5.960464477539063e-08,0.0,False,1.0148953199386597,0.8815268743175905,4.225595951080322,0.306193470954895,0.5251262187957764,7
43,20,0.016569721541660344,0.8051779270172119,1.4025888442993164,0.5819059493286269,1.1920928955078125e-07,0.0,False,1.0168739557266235,0.8832454955264085,4.308469295501709,0.30180519819259644,0.519858717918396,7
43,21,0.011880372349596085,0.8050342202186584,1.4025170803070068,0.3332113421389036,2.9802322387695312e-08,0.0,False,1.0359320640563965,0.8997991580926781,4.426811218261719,0.2928878962993622,0.5358946323394775,7
43,22,-0.018094299096753027,0.7934862375259399,1.3967430591583252,0.43580683640071327,5.960464477539063e-08,0.0,False,1.0325794219970703,0.8968870902003538,4.3870320320129395,0.29595333337783813,0.5000612735748291,7
43,23,0.004682759959221846,0.8265316486358643,1.4132657051086426,0.4596802570990154,1.1920928955078125e-07,0.0,False,1.0841739177703857,0.941701499822217,5.086602210998535,0.2547653317451477,0.5090280175209045,7
43,24,-0.01859199416426579,0.8196918368339539,1.4098458290100098,0.2158608351434982,8.940696716308594e-08,0.0,False,1.0407917499542236,0.9040202276310968,4.764474868774414,0.27190667390823364,0.5338869094848633,7
44,1,0.032937867290701243,0.780072808265686,1.3900364637374878,1.2487722039222717,5.960464477539063e-08,0.0,False,1.0291588306427002,0.893916002300256,4.487652778625488,0.288152277469635,0.5011123418807983,2
44,2,0.007183261708701342,0.7868131399154663,1.3934065103530884,0.25373424429978647,5.960464477539063e-08,0.0,False,0.9950083494186401,0.8642532712003562,4.296839714050293,0.30200573801994324,0.5003756880760193,6
44,3,0.07910284253916343,0.7858217358589172,1.3929109573364258,0.23639778207455361,8.940696716308594e-08,0.0,False,1.0402131080627441,0.9035176256701616,4.586665630340576,0.28201863169670105,0.500010073184967,6
44,4,0.07684994634674575,0.7710599303245544,1.3855299949645996,0.34488764405250544,2.9802322387695312e-08,0.0,False,1.0199261903762817,0.8858966328580494,4.314968109130859,0.2996141314506531,0.5014791488647461,6
44,5,0.04936953289059383,0.7695375680923462,1.3847687244415283,0.1456910212125097,5.960464477539063e-08,0.0,False,1.0215704441070557,0.8873248135022973,4.207181930541992,0.3075317442417145,0.5010759830474854,6
44,6,0.020069906270913138,0.7372458577156067,1.3686230182647705,0.6743061734097344,8.940696716308594e-08,0.0,False,1.0266532897949219,0.8917397171715093,4.490463733673096,0.28526419401168823,0.5011675357818604,2
44,7,0.017559829951531734,0.7608088254928589,1.3804044723510742,0.7409113219806126,5.960464477539063e-08,0.0,False,1.047599196434021,0.9099331005151523,4.467398166656494,0.2883349359035492,0.5000003576278687,6
44,8,-0.011103700366956409,0.7699295282363892,1.3849648237228394,0.15574843755790155,5.960464477539063e-08,0.0,False,1.0453391075134277,0.9079700122215036,4.398496150970459,0.2936391830444336,0.5000889301300049,6
44,9,0.023836206623415068,0.7667236328125,1.3833616971969604,0.9577505396945135,1.1920928955078125e-07,0.0,False,1.0770695209503174,0.9355306991498036,4.969659805297852,0.25814297795295715,0.5031039118766785,2
44,10,0.006472819904314735,0.7762753963470459,1.3881378173828125,0.9300349354743958,1.1920928955078125e-07,0.0,False,1.0623621940612793,0.9227560773268905,4.7704620361328125,0.27009111642837524,0.500034511089325,7
44,11,-0.03679112532089234,0.7728596925735474,1.386429786682129,0.8651485741138458,5.960464477539063e-08,0.0,False,1.0882444381713867,0.9452371089194757,4.935763835906982,0.2603921890258789,0.5010250806808472,6
44,12,0.032466174917943,0.7558004260063171,1.3779001235961914,1.2545241309063775,8.940696716308594e-08,0.0,False,1.0709636211395264,0.9302271819600423,5.020223617553711,0.25472378730773926,0.5073622465133667,1
44,13,-0.011522864881674852,0.7792620658874512,1.3896310329437256,1.2159627005457878,0.0,0.0,False,1.0492485761642456,0.9113657335459515,4.435433387756348,0.2913491427898407,0.5124498009681702,7
44,14,0.00894721405625339,0.7730304002761841,1.3865151405334473,1.538296203528132,5.960464477539063e-08,0.0,False,1.081730842590332,0.9395794716830727,5.007234573364258,0.2563701570034027,0.5058616399765015,6
44,15,-0.03201915365397589,0.767523467540741,1.3837616443634033,0.2602631364549909,8.940696716308594e-08,0.0,False,1.090253472328186,0.9469821338159818,5.0030622482299805,0.2564410865306854,0.5005618333816528,6
44,16,0.005359442776238978,0.7867652177810669,1.3933825492858887,1.22468658217362,5.960464477539063e-08,0.0,False,1.134247899055481,0.9851952073403041,6.0873799324035645,0.20885306596755981,0.5130541324615479,1
44,17,-0.0006488649194555094,0.7774628400802612,1.3887314796447754,0.8273246714047023,5.960464477539063e-08,0.0,False,1.1337676048278809,0.9847780290748307,5.943921089172363,0.21419945359230042,0.5004023313522339,7
44,18,-0.04355647239015609,0.7770273089408875,1.3885136842727661,0.6968414634466171,2.9802322387695312e-08,0.0,False,1.1402430534362793,0.9904025322717817,6.153861045837402,0.20628392696380615,0.5056772232055664,7
44,19,0.020714099553886076,0.7360978722572327,1.368048906326294,0.839726773755891,2.9802322387695312e-08,0.0,False,1.1035336256027222,0.9585171283879027,5.5387864112854,0.22817161679267883,0.5322124361991882,1
44,20,0.03678019473557291,0.7431010007858276,1.3715505599975586,1.2993447865758623,5.960464477539063e-08,0.0,False,1.128394603729248,0.980111099618038,5.797397613525391,0.21842940151691437,0.5029047131538391,1
44,21,0.059330128038566785,0.7653245329856873,1.382662296295166,0.7723369981561388,2.9802322387695312e-08,0.0,False,1.0367155075073242,0.9004796484279204,4.40958309173584,0.2925458550453186,0.5010969042778015,6
44,22,0.05499702135046365,0.7510544061660767,1.3755271434783936,0.887161278298923,5.960464477539063e-08,0.0,False,1.052053451538086,0.9138020173405219,4.586827278137207,0.27988749742507935,0.5003980994224548,6
44,23,-0.014492108501328416,0.7726414799690247,1.3863208293914795,0.6312554499932697,8.940696716308594e-08,0.0,False,1.0402991771697998,0.9035923843466749,4.252049922943115,0.3043495714664459,0.5014245510101318,6
44,24,-0.006402385624046466,0.7789657115936279,1.3894827365875244,1.0793043140854153,1.1920928955078125e-07,0.0,False,1.1083409786224365,0.9626927421659485,5.504663467407227,0.23242512345314026,0.5001243352890015,2
45,1,0.051532197507204204,0.795890212059021,1.3979451656341553,1.4824529343417712,5.960464477539063e-08,0.0,False,0.9035549163818359,0.784817828562371,3.4532623291015625,0.3798077702522278,0.5033419728279114,7
45,2,-0.1953349316322715,0.8036587834358215,1.401829481124878,0.07691977811711176,8.940696716308594e-08,0.0,False,0.8979785442352295,0.7799742532577507,3.4508345127105713,0.3807823359966278,0.5029171705245972,7
45,3,-0.015321186451305917,0.7956200242042542,1.3978099822998047,0.7295041467462268,2.9802322387695312e-08,0.0,False,1.0079381465911865,0.8754839503286865,4.05450439453125,0.32116711139678955,0.5122138857841492,7
45,4,-0.02432799892432827,0.8018887042999268,1.400944471359253,0.3679934697491783,1.1920928955078125e-07,0.0,False,1.0019307136535645,0.8702659603782603,4.043895721435547,0.32250040769577026,0.5118104219436646,7
45,5,-0.002639034071275871,0.8025216460227966,1.4012608528137207,0.6965447813272476,2.9802322387695312e-08,0.0,False,1.021165132522583,0.8869727643331214,4.116319179534912,0.316788911819458,0.5057095885276794,7
45,6,0.03346025741586832,0.8016819953918457,1.4008409976959229,0.4700470013277871,0.0,0.0,False,1.0039639472961426,0.8720320046810438,4.195993423461914,0.31044328212738037,0.5059190988540649,7
45,7,0.01974894678812055,0.7945078611373901,1.3972539901733398,0.3260679819754191,5.960464477539063e-08,0.0,False,0.955528736114502,0.8299617147890334,3.7148706912994385,0.35203027725219727,0.5012903809547424,7
45,8,0.006795764102471211,0.8004554510116577,1.4002277851104736,0.5287328617913383,5.960464477539063e-08,0.0,False,1.0122145414352417,0.8791983796951119,4.099370956420898,0.3178286552429199,0.5123555660247803,7
45,9,-0.06854737259239321,0.7803068161010742,1.390153408050537,0.5654829974685397,0.0,0.0,False,1.0007569789886475,0.8692464674018764,3.998652458190918,0.3249010145664215,0.5063239932060242,7
45,10,4.642651277681625e-05,0.7985208034515381,1.399260401725769,0.517633173082556,0.0,0.0,False,1.0368249416351318,0.9005747017035979,4.259937763214111,0.3051756024360657,0.5127068758010864,7
45,11,0.012619461814980555,0.7998887896537781,1.3999444246292114,0.5669288869415011,2.9802322387695312e-08,0.0,False,1.0124011039733887,0.8793604258568061,4.147261142730713,0.3142944276332855,0.5001519918441772,7
45,12,0.03295387166286946,0.8011825680732727,1.4005913734436035,0.36794259718486233,8.940696716308594e-08,0.0,False,1.009284496307373,0.8766533748335902,4.1015729904174805,0.3179098069667816,0.5048440098762512,7
45,13,0.0034063825579908613,0.7959879636764526,1.397993803024292,0.11064227776867999,1.7881393432617188e-07,0.0,False,0.9863231182098389,0.8567093752242837,3.9310264587402344,0.3319815397262573,0.502907931804657,7
45,14,-0.0017856138587659196,0.7866220474243164,1.3933109045028687,0.590182615177972,1.1920928955078125e-07,0.0,False,1.022214651107788,0.8878843645935404,4.158466815948486,0.31221142411231995,0.5107520818710327,7
45,15,0.012390592819719031,0.8001343607902527,1.4000670909881592,0.17821879259177628,8.940696716308594e-08,0.0,False,1.0332064628601074,0.8974317309738435,4.3890461921691895,0.2962345778942108,0.500018835067749,7
45,16,0.01454021350653836,0.7828336358070374,1.3914167881011963,0.0954390530075345,2.9802322387695312e-08,0.0,False,1.0410116910934448,0.9042112660773114,4.438775539398193,0.29167595505714417,0.5000000596046448,7
45,17,-0.003254333220950465,0.7822899222373962,1.3911449909210205,0.1459997338908059,2.9802322387695312e-08,0.0,False,1.0335257053375244,0.8977090214665062,4.244297504425049,0.30560800433158875,0.5003765821456909,7
45,18,0.0343439566013827,0.7950991988182068,1.3975496292114258,0.35285354512078415,2.9802322387695312e-08,0.0,False,1.0057432651519775,0.873577500533726,4.184926986694336,0.31097203493118286,0.5017186999320984,7
45,19,0.03352002409575555,0.7853416800498962,1.3926708698272705,0.1058916300535202,2.9802322387695312e-08,0.0,False,1.0143978595733643,0.8810947857343637,4.201809406280518,0.30899637937545776,0.5020592212677002,7
45,20,0.05191682655881765,0.7808706164360046,1.3904352188110352,0.12097199474062245,8.940696716308594e-08,0.0,False,1.0182774066925049,0.8844645175466166,4.29750919342041,0.30155718326568604,0.5006433725357056,7
45,21,0.03893126878229488,0.7848752737045288,1.3924376964569092,0.7017558504428182,5.960464477539063e-08,0.0,False,1.0482746362686157,0.9105197801011965,4.779412746429443,0.2700311243534088,0.5006417632102966,2
45,22,-0.003142814500876768,0.7790140509605408,1.3895071744918823,0.40439808687993467,1.4901161193847656e-07,0.0,False,1.0494813919067383,0.911567954730481,4.810579776763916,0.2678810656070709,0.5000869631767273,2
45,23,0.007650488079184685,0.7664319276809692,1.3832159042358398,0.3802748077682086,5.960464477539063e-08,0.0,False,1.0620653629302979,0.9224982530824057,4.761247158050537,0.2700560390949249,0.5007695555686951,7
45,24,0.02112105061440147,0.7976486682891846,1.3988242149353027,1.1887047588825226,1.1920928955078125e-07,0.0,False,1.0909804105758667,0.9476135443552861,5.208871841430664,0.24730175733566284,0.5000254511833191,6
46,1,0.05974141107830047,0.7919116020202637,1.3959558010101318,1.3929451320852553,0.0,0.0,False,0.9536579847335815,0.8283368007855402,3.650987386703491,0.3581615090370178,0.5033305883407593,7
46,2,-0.014726327050853437,0.7799758911132812,1.3899879455566406,0.4303000782217299,0.0,0.0,False,0.9858033061027527,0.8562578721648155,3.919177770614624,0.33179616928100586,0.5041507482528687,7
46,3,0.05342874075939075,0.8089316487312317,1.404465913772583,0.7259758407516138,8.940696716308594e-08,0.0,False,0.9933064579963684,0.8627750270933741,4.207060813903809,0.3100436329841614,0.50697922706604,7
46,4,-0.022267750124376345,0.7949059009552002,1.3974528312683105,0.5676497311464379,1.1920928955078125e-07,0.0,False,0.9088618755340576,0.7894273947133627,3.4137160778045654,0.38437122106552124,0.5000185966491699,7
46,5,-0.013164009143824608,0.7990772724151611,1.399538516998291,0.6616508928792818,1.1920928955078125e-07,0.0,False,0.9940913915634155,0.8634568117270325,4.059626579284668,0.32111361622810364,0.5076448321342468,2
46,6,0.008281765427072596,0.8167716264724731,1.4083857536315918,0.21158718637057722,5.960464477539063e-08,0.0,False,1.0423904657363892,0.9054088545157492,4.432645797729492,0.2941588759422302,0.5020473003387451,2
46,7,-0.01807685583100009,0.7914090156555176,1.3957045078277588,0.3155318817922047,0.0,0.0,False,0.9992979168891907,0.8679791421647798,4.100189685821533,0.31728410720825195,0.5068944692611694,2
46,8,0.015590264320137905,0.7932075262069702,1.3966038227081299,0.5276938123362406,5.960464477539063e-08,0.0,False,1.0406005382537842,0.9038541432583445,4.529359817504883,0.28620195388793945,0.5002099275588989,2
46,9,-0.03211862635831488,0.8000415563583374,1.4000208377838135,0.38283634824412216,5.960464477539063e-08,0.0,False,1.0265977382659912,0.8916914657265577,4.439704418182373,0.2924842834472656,0.5074291825294495,2
46,10,-0.0002675826902738651,0.8089019656181335,1.4044508934020996,1.0795112901500294,8.940696716308594e-08,0.0,False,1.0503140687942505,0.9122912086853909,5.007863521575928,0.2560386061668396,0.5822847485542297,7
46,11,0.005350883186075914,0.8131522536277771,1.406576156616211,0.12305144752774921,2.9802322387695312e-08,0.0,False,1.0652000904083252,0.9252210427743612,4.977175235748291,0.2588997483253479,0.5479444265365601,7
46,12,0.003373809663146151,0.7919565439224243,1.3959782123565674,0.39881471225193565,5.960464477539063e-08,0.0,False,1.0865310430526733,0.9437488728287212,5.585842132568359,0.22782807052135468,0.5586836338043213,7
46,13,-0.0028578826694724588,0.8014189600944519,1.4007093906402588,1.6254122204014234,8.940696716308594e-08,0.0,False,1.0195741653442383,0.8855908678002329,4.28272819519043,0.3039973974227905,0.500747561454773,7
46,14,0.004193599921162811,0.8034368753433228,1.4017184972763062,0.6156221819775447,5.960464477539063e-08,0.0,False,1.0050420761108398,0.8729684554710516,4.2143778800964355,0.3093003034591675,0.5003563165664673,2
46,15,0.012580763628818737,0.7933081984519958,1.3966540098190308,0.3833920870508466,8.940696716308594e-08,0.0,False,1.033090353012085,0.8973308792412621,4.485819339752197,0.289104163646698,0.5007495880126953,2
46,16,-0.007139662354176707,0.794711172580719,1.397355556488037,0.6717351696320943,2.9802322387695312e-08,0.0,False,1.0166922807693481,0.8830876946635191,4.231928825378418,0.3073793947696686,0.5002498626708984,7
46,17,0.017335512522981877,0.7919324636459351,1.3959662914276123,0.4577535518578121,5.960464477539063e-08,0.0,False,1.0578755140304565,0.9188589965679868,4.6324543952941895,0.2788304090499878,0.5229965448379517,7
46,18,-0.05112910586992404,0.7950853109359741,1.3975427150726318,0.5026296313319889,5.960464477539063e-08,0.0,False,1.05869460105896,0.9195704465213419,4.711830139160156,0.2738441824913025,0.5311762094497681,7
46,19,0.010189785070180058,0.8103922605514526,1.4051960706710815,0.3802348928792134,5.960464477539063e-08,0.0,False,1.0713996887207031,0.9306059454485262,5.1205267906188965,0.2514652907848358,0.5345226526260376,7
46,20,0.028930341828024984,0.8132675290107727,1.4066338539123535,0.47081369374479565,8.940696716308594e-08,0.0,False,1.1340622901916504,0.9850339895295962,6.135676383972168,0.20805826783180237,0.513216495513916,5
46,21,-0.014160460454161531,0.8131136298179626,1.4065568447113037,0.2564057047877992,2.9802322387695312e-08,0.0,False,1.1247056722640991,0.9769069344591711,5.904409408569336,0.21696797013282776,0.5064747333526611,4
46,22,-0.008964162536727414,0.8139032125473022,1.4069517850875854,0.3806924500635692,1.7881393432617188e-07,0.0,False,1.1174640655517578,0.9706169547886043,6.180026531219482,0.20536604523658752,0.5522740483283997,3
46,23,-0.0749835051594676,0.8118060827255249,1.4059029817581177,0.6591901034116745,5.960464477539063e-08,0.0,False,1.0623687505722046,0.9227617722399212,5.713355541229248,0.2215466946363449,0.6156051158905029,5
46,24,-0.0004112750912666839,0.7962454557418823,1.398122787475586,0.6992464448724474,5.960464477539063e-08,0.0,False,1.055354118347168,0.9166689401040929,5.406928062438965,0.23467017710208893,0.6089468598365784,5
47,1,0.01931274833542784,0.8001073598861694,1.400053858757019,1.1921899148396085,1.7881393432617188e-07,0.0,False,1.0216326713562012,0.8873788634041532,4.307014465332031,0.3019893765449524,0.5054237842559814,7
47,2,0.02094162867577042,0.8044845461845398,1.4022423028945923,0.9444111191800664,2.9802322387695312e-08,0.0,False,1.0484652519226074,0.9106853467545825,4.569401741027832,0.2842346727848053,0.5006774663925171,2
47,3,-0.01661278148482025,0.8060754537582397,1.4030377864837646,0.7844126309667314,5.960464477539063e-08,0.0,False,0.9485110640525818,0.8238662422844363,3.7614967823028564,0.34842145442962646,0.5007452964782715,2
47,4,0.025701564629646442,0.8022403120994568,1.4011201858520508,0.3975589286003794,2.9802322387695312e-08,0.0,False,0.9401618838310242,0.8166142364871598,3.6407878398895264,0.3601217567920685,0.5008735656738281,7
47,5,0.03870895700006937,0.81462562084198,1.4073127508163452,1.2281256467103958,5.960464477539063e-08,0.0,False,1.0758882761001587,0.9345046829094025,5.115456581115723,0.252907395362854,0.5004416704177856,6
47,6,-0.014020394056959765,0.7993507385253906,1.3996753692626953,0.7012802905270032,0.0,0.0,False,1.0613515377044678,0.921878232369163,4.524994850158691,0.2868024408817291,0.5024397373199463,2
47,7,-0.003754943592201742,0.8096659183502197,1.4048329591751099,0.5985197595187597,0.0,0.0,False,0.9870038032531738,0.8573006107407526,4.010441780090332,0.3261829614639282,0.5005141496658325,2
47,8,-0.014669694974069322,0.7935739755630493,1.3967869281768799,0.3451419770717621,5.960464477539063e-08,0.0,False,0.8921521902084351,0.7749135464508474,3.3307864665985107,0.3941587805747986,0.5000452995300293,7
47,9,0.00951715414164107,0.7914533615112305,1.3957266807556152,0.1272772561226572,0.0,0.0,False,0.9215850234031677,0.80047858053735,3.5094285011291504,0.37308093905448914,0.5048841834068298,7
47,10,-0.004310473132825331,0.7857323288917542,1.3928661346435547,0.519305869936943,2.9802322387695312e-08,0.0,False,1.0397765636444092,0.9031384480061846,4.62311315536499,0.2783074975013733,0.5510609745979309,7
47,11,0.006124970569673854,0.8057460784912109,1.4028730392456055,0.758606846843447,0.0,0.0,False,1.0631154775619507,0.9234103710621911,4.863445281982422,0.26554590463638306,0.526412844657898,7
47,12,0.0023927390977636987,0.7934431433677673,1.396721601486206,0.4842330770833152,2.9802322387695312e-08,0.0,False,1.0387839078903198,0.9022762381733235,4.384950160980225,0.2957170903682709,0.5139515399932861,7
47,13,0.017826113157595386,0.7611662149429321,1.3805830478668213,0.9944600952523095,5.960464477539063e-08,0.0,False,1.0987224578857422,0.9543382012059117,5.238051414489746,0.2440515160560608,0.5000398755073547,1
47,14,-0.002120362156222845,0.7817492485046387,1.3908746242523193,1.010909657393183,0.0,0.0,False,1.046341061592102,0.9088402984764811,4.302731990814209,0.30122023820877075,0.5011218786239624,7
47,15,0.0239991412909511,0.7831071615219116,1.391553521156311,0.24038394434111465,5.960464477539063e-08,0.0,False,1.0568445920944214,0.9179635491518006,4.460407257080078,0.29015856981277466,0.5020517110824585,7
47,16,-0.026871707744999408,0.7907796502113342,1.3953897953033447,0.5301736912557058,2.9802322387695312e-08,0.0,False,1.017531156539917,0.8838163328998399,4.300949573516846,0.30171793699264526,0.509441614151001,7
47,17,0.008949825623774797,0.8018514513969421,1.400925636291504,0.3924208836896078,8.940696716308594e-08,0.0,False,1.0646436214447021,0.9247376999738575,5.046695232391357,0.2546482980251312,0.5452283620834351,7
47,18,-0.020948977432907433,0.8085610866546631,1.4042805433273315,0.3302075202975954,0.0,0.0,False,1.06258225440979,0.9229472193169783,4.800057411193848,0.2692713439464569,0.5309265851974487,7
47,19,-0.029913261505913752,0.7853658199310303,1.3926830291748047,0.3285784402063915,1.1920928955078125e-07,0.0,False,1.0206660032272339,0.8865392261356687,4.146361827850342,0.3132317066192627,0.5050028562545776,7
47,20,-0.005860188757331215,0.7722955346107483,1.3861477375030518,2.1109718275921683,2.9802322387695312e-08,0.0,False,1.068595290184021,0.928170075829449,4.81974458694458,0.2669716477394104,0.5000000596046448,2
47,21,0.009665108069341066,0.7885736227035522,1.394286870956421,0.6688426647867476,5.960464477539063e-08,0.0,False,1.06997549533844,0.9293689067943661,4.8590593338012695,0.26560020446777344,0.5001656413078308,2
47,22,0.012355122128328505,0.7977556586265564,1.3988778591156006,1.1252091931445258,2.9802322387695312e-08,0.0,False,1.0808088779449463,0.9387786633670708,4.995765209197998,0.25844287872314453,0.5001469254493713,7
47,23,0.006932561668670541,0.7821176648139954,1.3910588026046753,0.30931781232357025,2.9802322387695312e-08,0.0,False,1.0945181846618652,0.950686415882825,5.330112457275391,0.24053838849067688,0.5032683610916138,7
47,24,0.002499828292817122,0.8015084862709045,1.4007542133331299,0.8127860724925995,2.9802322387695312e-08,0.0,False,1.0419371128082275,0.9050150771656386,4.396291732788086,0.2955493927001953,0.5093803405761719,7
48,1,0.045704868792143194,0.8152075409889221,1.4076037406921387,1.244311106524297,2.9802322387695312e-08,0.0,False,1.0016260147094727,0.8700013022381388,4.182337760925293,0.3125627636909485,0.5006598830223083,7
48,2,-0.0004740841022046042,0.7970442175865173,1.398522138595581,0.1745334666754519,2.9802322387695312e-08,0.0,False,1.0174062252044678,0.8837078189206351,4.372694969177246,0.29716724157333374,0.5011031031608582,7
48,3,0.017053498542614374,0.7916674613952637,1.3958337306976318,0.09615154990128114,0.0,0.0,False,1.0188519954681396,0.8849635990158601,4.244480133056641,0.30622953176498413,0.5001412630081177,7
48,4,0.005579686142074571,0.7873095870018005,1.3936548233032227,0.05866116923945294,2.9802322387695312e-08,0.0,False,1.022210955619812,0.8878811547334685,4.2328410148620605,0.3067413568496704,0.5029082298278809,7
48,5,-0.018694512030704317,0.783487856388092,1.3917438983917236,0.2539561348302023,2.9802322387695312e-08,0.0,False,1.031082272529602,0.8955866826957422,4.307898044586182,0.3009714186191559,0.5005942583084106,7
48,6,-0.07228607024955504,0.7874528169631958,1.3937263488769531,0.25343476235866547,5.960464477539063e-08,0.0,False,1.0325770378112793,0.8968850193228881,4.345395088195801,0.2984824776649475,0.5018205046653748,7
48,7,-0.021321186109711506,0.7967205047607422,1.398360252380371,0.18802533192293974,0.0,0.0,False,1.0090110301971436,0.8764158451882698,4.167783737182617,0.31240856647491455,0.5020864009857178,7
48,8,0.06421896312468868,0.7974653244018555,1.3987326622009277,0.06426783438239769,0.0,0.0,False,1.014124870300293,0.8808576702645364,4.194945812225342,0.31030404567718506,0.5036212801933289,7
48,9,-0.0047452346298407985,0.7814544439315796,1.3907270431518555,0.7470504151923314,1.7881393432617188e-07,0.0,False,1.0346612930297852,0.8986953804034384,4.884521007537842,0.261807918548584,0.5731077194213867,7
48,10,0.024361774005431075,0.7863975167274475,1.3931987285614014,0.5944076201745442,2.9802322387695312e-08,0.0,False,1.0510669946670532,0.9129451917890717,4.586883068084717,0.28199952840805054,0.5014751553535461,7
48,11,0.013247120555544827,0.7817386388778687,1.3908692598342896,0.16240429984671714,5.960464477539063e-08,0.0,False,1.0209052562713623,0.8867470386893558,4.207860946655273,0.3081889748573303,0.5057525038719177,7
48,12,-0.004493345459677355,0.7872195839881897,1.3936097621917725,0.4994104887757982,2.9802322387695312e-08,0.0,False,1.0658901929855347,0.9258204582568199,4.942777156829834,0.26071518659591675,0.5032820701599121,7
48,13,0.016135232154381896,0.7878057956695557,1.3939028978347778,0.22885273396968836,0.0,0.0,False,1.0550329685211182,0.9163899929094577,4.601593494415283,0.28111445903778076,0.5023677945137024,7
48,14,0.033730744440738605,0.7879626750946045,1.3939813375473022,0.15868550539016715,0.0,0.0,False,1.0640535354614258,0.9242251578010867,4.872752666473389,0.2647360563278198,0.5018733143806458,7
48,15,0.033786714699215084,0.7968546748161316,1.3984272480010986,0.3768043592572211,8.940696716308594e-08,0.0,False,1.0383493900299072,0.9018988207551923,4.56898832321167,0.2837866246700287,0.5013937950134277,7
48,16,0.03535472879680724,0.7927513122558594,1.3963755369186401,0.20074719190597526,1.1920928955078125e-07,0.0,False,1.0402719974517822,0.9035687763435655,4.779594421386719,0.2703832685947418,0.5035650730133057,7
48,17,-0.00738942034575502,0.7887429594993591,1.394371509552002,0.40525587648153316,2.9802322387695312e-08,0.0,False,1.0245897769927979,0.889947372724911,4.56741189956665,0.28332433104515076,0.5042888522148132,2
48,18,0.007655279508169079,0.7803462147712708,1.3901731967926025,0.48425167479685377,8.940696716308594e-08,0.0,False,1.0193049907684326,0.8853570657343508,4.349775791168213,0.2976314425468445,0.5046869516372681,7
48,19,-0.021465395266631673,0.7871053814888,1.3935527801513672,0.24818600341677666,8.940696716308594e-08,0.0,False,1.028120517730713,0.893014135163926,4.545363903045654,0.28476476669311523,0.500637412071228,2
48,20,-0.007338686941793399,0.7925868630409241,1.3962934017181396,0.3171287104487419,2.9802322387695312e-08,0.0,False,1.0348625183105469,0.8988701624615469,4.7021379470825195,0.2748907804489136,0.509560763835907,7
48,21,-0.0008103863935339899,0.7921780347824097,1.3960890769958496,0.8215572301830564,5.960464477539063e-08,0.0,False,1.1074011325836182,0.9618764022689535,5.408270835876465,0.23740628361701965,0.5005947947502136,2
48,22,-0.003001226667384038,0.7774330377578735,1.388716459274292,1.1951730038438524,5.960464477539063e-08,0.0,False,1.0369529724121094,0.9006859078235081,4.290726661682129,0.30180624127388,0.5014252662658691,7
48,23,0.022610852966165287,0.8064614534378052,1.4032306671142578,0.7700798341206141,5.960464477539063e-08,0.0,False,1.1262704133987427,0.9782660513399365,5.8300042152404785,0.21978449821472168,0.5019335150718689,7
48,24,0.030817271811135236,0.7871756553649902,1.3935878276824951,0.7265166315649236,0.0,0.0,False,1.0017204284667969,0.870083308985782,4.209578037261963,0.30857735872268677,0.5001404285430908,7
49,1,0.05729304448540261,0.7760059237480164,1.388002872467041,1.3487321000014032,8.940696716308594e-08,0.0,False,0.9954964518547058,0.8646772315895299,4.206266403198242,0.30796363949775696,0.5041487216949463,7
49,2,0.027951393817650463,0.795626699924469,1.397813320159912,0.3346339570624488,2.9802322387695312e-08,0.0,False,1.0192615985870361,0.8853193757644743,4.546435832977295,0.28520703315734863,0.5007386207580566,3
49,3,-0.0001619845721537519,0.809893012046814,1.4049465656280518,0.44795035357986185,5.960464477539063e-08,0.0,False,0.9840649366378784,0.8547479436326075,4.011839866638184,0.3259947597980499,0.5035388469696045,7
49,4,0.011582954693056568,0.8029963970184326,1.4014981985092163,0.3124489369136947,0.0,0.0,False,0.9442384243011475,0.8201550745500195,3.644918203353882,0.35977810621261597,0.5002198219299316,7
49,5,0.016030329212656565,0.7979243993759155,1.3989622592926025,0.049835675529071144,5.960464477539063e-08,0.0,False,0.9442975521087646,0.8202064323111699,3.6124062538146973,0.36272528767585754,0.5000351071357727,7
49,6,0.010274925228726991,0.7988285422325134,1.399414300918579,0.05541573464870453,2.9802322387695312e-08,0.0,False,0.9306080341339111,0.8083158680783813,3.5120632648468018,0.3735472559928894,0.5005694627761841,7
49,7,5.310163951117563e-05,0.7903022766113281,1.395151138305664,0.3494731656142643,0.0,0.0,False,0.9851558804512024,0.8556955253889937,4.096431255340576,0.3176612854003906,0.5013549327850342,2
49,8,0.048603055696598486,0.8022189140319824,1.4011094570159912,0.4224582351744175,0.0,0.0,False,0.9357660412788391,0.8127960561597009,3.624044418334961,0.36174166202545166,0.5046961903572083,7
49,9,0.010018156574360474,0.7892018556594849,1.3946009874343872,0.410993767636163,5.960464477539063e-08,0.0,False,1.0168235301971436,0.8832016964680081,4.50133752822876,0.28748682141304016,0.5125877857208252,2
49,10,0.009571718370967265,0.800345778465271,1.4001729488372803,0.4600545785256794,5.960464477539063e-08,0.0,False,0.9816243052482605,0.8526280381428657,4.060794353485107,0.32124844193458557,0.5025416612625122,2
49,11,0.031115080524311785,0.7900511026382446,1.3950254917144775,0.20679235351937153,5.960464477539063e-08,0.0,False,0.9971737861633301,0.866134145658615,4.1669440269470215,0.31168901920318604,0.5141710638999939,7
49,12,-0.0009560431240070886,0.7998495101928711,1.3999247550964355,0.6905094427721841,0.0,0.0,False,1.0361695289611816,0.9000054174882658,4.729184627532959,0.27332088351249695,0.5213408470153809,2
49,13,0.024908860475420454,0.8012998104095459,1.4006500244140625,0.2522520295211247,1.1920928955078125e-07,0.0,False,1.062821865081787,0.9231553425022851,4.8895745277404785,0.2638455033302307,0.5253370404243469,2
49,14,0.007737442421739141,0.7985942959785461,1.3992971181869507,0.6960427420479911,2.9802322387695312e-08,0.0,False,1.0687971115112305,0.9283453756069239,5.169948577880859,0.24854400753974915,0.5278432965278625,2
49,15,-0.004037624260271507,0.8036726117134094,1.4018363952636719,0.6590653572763716,8.940696716308594e-08,0.0,False,1.1084914207458496,0.9628234145340366,5.533087730407715,0.23209193348884583,0.5063013434410095,7
49,16,-0.0011239826722431396,0.8141610026359558,1.4070805311203003,0.702394928250994,2.9802322387695312e-08,0.0,False,1.0447524785995483,0.9074604728210581,5.019245147705078,0.2561720907688141,0.5645670294761658,7
49,17,0.007710147074297844,0.7792325019836426,1.3896162509918213,1.0658947931868687,0.0,0.0,False,1.0374832153320312,0.9011464709718888,4.447434902191162,0.29082444310188293,0.5011595487594604,2
49,18,0.013562100803866146,0.8024038076400757,1.4012019634246826,1.6159733150686537,5.960464477539063e-08,0.0,False,1.0408070087432861,0.9040334812468775,4.462733745574951,0.2909396290779114,0.5112819075584412,7
49,19,0.030134676042220122,0.7989612817764282,1.3994805812835693,0.10669690583433422,5.960464477539063e-08,0.0,False,1.0189954042434692,0.8850881622954243,4.1811909675598145,0.311442494392395,0.5046876668930054,7
49,20,-0.0061522396704079465,0.7844076752662659,1.3922038078308105,0.19564548986298702,2.9802322387695312e-08,0.0,False,0.9667972326278687,0.8397494064992358,3.7649526596069336,0.3463274836540222,0.502709150314331,7
49,21,-0.016499177019395093,0.7998466491699219,1.3999232053756714,0.553994847195489,1.1920928955078125e-07,0.0,False,1.0226242542266846,0.8882401413421546,4.645771503448486,0.27743345499038696,0.5593180060386658,7
49,22,0.02476585036250222,0.788460373878479,1.3942301273345947,0.7794936937945232,5.960464477539063e-08,0.0,False,1.0527042150497437,0.9143672633447957,4.599799156188965,0.2813170552253723,0.5005732178688049,2
49,23,-0.007450011466320799,0.8053494691848755,1.402674674987793,0.8992666325398855,5.960464477539063e-08,0.0,False,1.071056604385376,0.9303079461812062,5.777517795562744,0.21883457899093628,0.6097919940948486,7
49,24,-0.01869611401172854,0.8079455494880676,1.403972864151001,0.7766132290874208,8.940696716308594e-08,0.0,False,1.0771043300628662,0.9355609339608033,5.678180694580078,0.223911851644516,0.5794679522514343,7
50,1,0.015428977498581846,0.7605690956115723,1.3802845478057861,1.269118057829993,0.0,0.0,False,0.9799831509590149,0.8512025496393233,3.9219918251037598,0.3293241858482361,0.5338910818099976,7
50,2,0.0060591731910933765,0.7822208404541016,1.3911104202270508,0.0957280280334607,0.0,0.0,False,0.9859893918037415,0.8564195041510166,4.024594306945801,0.322226881980896,0.5299128293991089,7
50,3,0.0033593667617090013,0.7881010174751282,1.3940504789352417,0.4553425365260668,2.9802322387695312e-08,0.0,False,0.9887555241584778,0.8588221361867687,3.952065944671631,0.32882875204086304,0.5298493504524231,7
50,4,-0.030795338083982646,0.7934818863868713,1.3967409133911133,0.4023499297244211,2.9802322387695312e-08,0.0,False,1.0084853172302246,0.875959216707074,4.0482563972473145,0.3215905725955963,0.5101281404495239,7
50,5,0.01577078107781169,0.8031010627746582,1.401550531387329,0.2086669696228844,0.0,0.0,False,1.0318795442581177,0.8962791841202857,4.207030773162842,0.30983176827430725,0.5007315874099731,7
50,6,0.0701871627582736,0.8002199530601501,1.4001100063323975,0.08485152253082817,2.9802322387695312e-08,0.0,False,1.0238118171691895,0.8892716454078399,4.209011554718018,0.30950409173965454,0.5000749230384827,7
50,7,-0.032147253272171425,0.7780013084411621,1.3890005350112915,0.2372181883880069,1.1920928955078125e-07,0.0,False,1.007134199142456,0.8747856504472389,4.001607418060303,0.32463133335113525,0.5007303357124329,7
50,8,0.04304488926961643,0.7947543263435364,1.3973772525787354,0.19550728159291397,8.940696716308594e-08,0.0,False,1.0166221857070923,0.8830268108660263,4.262270927429199,0.3048957586288452,0.5075499415397644,7
50,9,0.014331523024293108,0.7875789999961853,1.393789529800415,0.5853703884141787,2.9802322387695312e-08,0.0,False,0.9445641040802002,0.8204379564118396,3.686006546020508,0.3538181185722351,0.5202557444572449,7
50,10,0.028067287645086165,0.7879490256309509,1.3939745426177979,0.4596162576760563,2.9802322387695312e-08,0.0,False,0.983031153678894,0.8538500111634625,3.8486084938049316,0.3388131260871887,0.5014050006866455,7
50,11,-0.014156050441784408,0.7861517667770386,1.393075942993164,0.019922784396580184,5.960464477539063e-08,0.0,False,0.9886333346366882,0.8587160037166495,3.894195795059204,0.33457887172698975,0.5004082918167114,7
50,12,0.01075318383503179,0.7705984711647034,1.3852992057800293,0.16377600388867503,2.9802322387695312e-08,0.0,False,1.0117416381835938,0.8787876211497823,4.1445536613464355,0.31246039271354675,0.5006893277168274,7
50,13,0.02230249665030143,0.7789337635040283,1.3894668817520142,0.19854733135019018,0.0,0.0,False,0.9777687788009644,0.8492791704210801,3.8695740699768066,0.3357219099998474,0.5199559330940247,7
50,14,-0.022471155678585302,0.77679443359375,1.388397216796875,0.29059619882277077,0.0,0.0,False,1.0113677978515625,0.8784629075631543,4.158914089202881,0.3117855191230774,0.5000145435333252,7
50,15,0.012176344172143057,0.777148425579071,1.3885741233825684,0.14431337586471013,8.940696716308594e-08,0.0,False,1.0223655700683594,0.8880154511371218,4.332261562347412,0.29878726601600647,0.5006512403488159,7
50,16,0.032133270760054136,0.7653497457504272,1.3826748132705688,0.22687008444752024,5.960464477539063e-08,0.0,False,1.019080400466919,0.885161989077078,4.1335649490356445,0.31297364830970764,0.5000007152557373,7
50,17,-0.014607006344624172,0.7746009230613708,1.3873004913330078,0.5533029032605035,2.9802322387695312e-08,0.0,False,1.0005443096160889,0.8690617451319322,3.9972667694091797,0.32441478967666626,0.5134106278419495,7
50,18,-0.00014745656770764459,0.7809666395187378,1.3904833793640137,0.4626000395842961,5.960464477539063e-08,0.0,False,1.0007977485656738,0.8692818794065404,3.958683729171753,0.32844316959381104,0.5034449100494385,7
50,19,0.01953343104646741,0.7685911059379578,1.3842955827713013,0.016967447740690894,2.9802322387695312e-08,0.0,False,0.9962176084518433,0.8653036202509798,3.9320366382598877,0.3296644687652588,0.5098611116409302,7
50,20,0.03848638299529899,0.7709208130836487,1.385460376739502,0.16025026142597196,2.9802322387695312e-08,0.0,False,1.0075652599334717,0.8751600650930448,4.02586030960083,0.32199418544769287,0.5040252208709717,7
50,21,0.0384954355389481,0.7755361795425415,1.387768030166626,0.08275089306490763,5.960464477539063e-08,0.0,False,1.0063694715499878,0.8741214165001027,4.068767547607422,0.3188893795013428,0.5002689361572266,7
50,22,0.017222753771721454,0.778997004032135,1.3894984722137451,0.18605043206896107,2.9802322387695312e-08,0.0,False,1.019639015197754,0.885647195667301,4.377294540405273,0.2955760061740875,0.5051798820495605,7
50,23,0.005228020862651171,0.7790339589118958,1.3895169496536255,0.2511721061808722,2.9802322387695312e-08,0.0,False,0.9942870140075684,0.8636267272230965,3.9837753772735596,0.3262389898300171,0.5000134110450745,7
50,24,0.02456118988524792,0.776279628276825,1.3881397247314453,0.18525075912475586,8.940696716308594e-08,0.0,False,0.9977306127548218,0.8666177990907387,4.019797325134277,0.32298439741134644,0.5004454851150513,7
51,1,-0.11702060965165162,0.8366090655326843,1.418304443359375,1.504911748426301,8.940696716308594e-08,0.0,False,0.9134712219238281,0.7934310221178787,3.494715929031372,0.3787207007408142,0.5006347894668579,7
51,2,0.02892354811992404,0.800239622592926,1.4001197814941406,1.1802611106208392,2.9802322387695312e-08,0.0,False,1.0231564044952393,0.8887023611925079,4.112888813018799,0.3170444369316101,0.5007675290107727,7
51,3,0.04137239522656901,0.8020726442337036,1.401036262512207,1.3727074063249995,5.960464477539063e-08,0.0,False,0.9331226944923401,0.8105000743134344,3.5602357387542725,0.3685731291770935,0.5008240938186646,7
51,4,-0.03254060659207255,0.8100031614303589,1.4050016403198242,1.0467808241290706,5.960464477539063e-08,0.0,False,0.9984048008918762,0.8672033914661135,3.9858386516571045,0.3281444311141968,0.5062896609306335,7
51,5,0.019163003644468005,0.8227776288986206,1.411388874053955,0.46457709797791086,5.960464477539063e-08,0.0,False,1.0013229846954346,0.8697380937122431,3.959632396697998,0.33148691058158875,0.5010480284690857,7
51,6,-0.04657271582446689,0.8358133435249329,1.4179067611694336,0.9588789939880371,8.940696716308594e-08,0.0,False,0.9531158208847046,0.8278658832498308,3.6686770915985107,0.35993269085884094,0.5025147199630737,7
51,7,0.052832736905779415,0.8072469830513,1.4036234617233276,1.0206974531923023,2.9802322387695312e-08,0.0,False,0.9894732236862183,0.8594455220758932,3.8955345153808594,0.3360564708709717,0.5000081062316895,7
51,8,-0.018558832963003594,0.8192946314811707,1.4096472263336182,0.6359613814524241,8.940696716308594e-08,0.0,False,1.0343854427337646,0.8984557798806523,4.207678318023682,0.31071943044662476,0.5057259798049927,7
51,9,0.03798539250448275,0.8100800514221191,1.4050400257110596,0.5671826185924665,0.0,0.0,False,0.9995934963226318,0.868235879198595,3.9615256786346436,0.330417275428772,0.5004628896713257,7
51,10,-0.05194984127451637,0.8198069334030151,1.4099035263061523,1.0208026468753815,5.960464477539063e-08,0.0,False,1.0126897096633911,0.879611105574034,4.314709186553955,0.30283018946647644,0.5005985498428345,2
51,11,-0.005640168297256242,0.8046230673789978,1.4023115634918213,0.8167572660105569,2.9802322387695312e-08,0.0,False,0.9525008797645569,0.8273317521794796,3.6753408908843994,0.3568154573440552,0.5002467036247253,7
51,12,-0.0016738403491338306,0.7886854410171509,1.3943426609039307,0.6347964959485191,5.960464477539063e-08,0.0,False,1.0404119491577148,0.9036903368508044,4.221715927124023,0.3076961636543274,0.5022445917129517,7
51,13,0.019253102083809644,0.826033890247345,1.4130170345306396,0.7189388551882335,8.940696716308594e-08,0.0,False,1.0606271028518677,0.9212489962511978,4.5572686195373535,0.2862358093261719,0.5030816197395325,7
51,14,0.06605877861774898,0.8123560547828674,1.4061779975891113,0.7349019816943577,2.9802322387695312e-08,0.0,False,0.9193446636199951,0.7985326287547303,3.5072531700134277,0.3751356899738312,0.5044209957122803,6
51,15,0.0008674678243478368,0.8306076526641846,1.4153039455413818,0.9699284849422318,1.1920928955078125e-07,0.0,False,1.0127084255218506,0.8796273619621401,4.237044334411621,0.30935895442962646,0.5004510879516602,7
51,16,-0.008039187886692684,0.8212534785270691,1.410626769065857,0.2589413800409862,2.9802322387695312e-08,0.0,False,1.0611821413040161,0.9217310965252222,4.764406204223633,0.27293887734413147,0.5013258457183838,7
51,17,-0.0023108146329861,0.8043978214263916,1.4021987915039062,0.42144976769174847,1.1920928955078125e-07,0.0,False,0.9466109871864319,0.8222158564881145,3.6365416049957275,0.3607529103755951,0.5002697110176086,7
51,18,-0.0030296841696583763,0.7989692091941833,1.399484634399414,0.5805427474634988,2.9802322387695312e-08,0.0,False,1.0355603694915771,0.8994763082957692,4.295044422149658,0.30261579155921936,0.5119292736053467,7
51,19,0.02404517402050569,0.7944707870483398,1.39723539352417,0.49886082112789154,0.0,0.0,False,1.022481083869934,0.8881157851503368,4.231916904449463,0.30734801292419434,0.5008397102355957,7
51,20,-0.016227899100361577,0.7790465354919434,1.3895232677459717,0.3891955975975308,0.0,0.0,False,1.0110740661621094,0.878207775459375,4.043745517730713,0.3207938075065613,0.5154738426208496,7
51,21,0.05093316879069664,0.7891632914543152,1.3945815563201904,0.5944040492177011,8.940696716308594e-08,0.0,False,1.009523868560791,0.8768612909311505,4.213621139526367,0.30811721086502075,0.5106598138809204,7
51,22,0.0001640273667290089,0.7846410274505615,1.3923206329345703,1.0560333483985491,1.1920928955078125e-07,0.0,False,0.9890325665473938,0.8590627721482877,4.08978796005249,0.3174936771392822,0.5127362012863159,7
51,23,-0.003934120148382981,0.7972294092178345,1.398614764213562,0.8846479877829552,5.960464477539063e-08,0.0,False,1.0180535316467285,0.8842700621525836,4.207061767578125,0.3093489706516266,0.5038203001022339,7
51,24,-0.025234284415395644,0.7931097745895386,1.396554946899414,0.15789742235626492,5.960464477539063e-08,0.0,False,1.0086570978164673,0.8761084234284806,4.037063121795654,0.3227695822715759,0.50008225440979,7
52,1,-0.05645404786677134,0.7940166592597961,1.3970084190368652,1.49114056038005,8.940696716308594e-08,0.0,False,0.910995364189148,0.7912805194135806,3.438906192779541,0.38137394189834595,0.5000831484794617,6
52,2,-0.024938373793469575,0.7893052697181702,1.3946526050567627,1.5892467850020955,2.9802322387695312e-08,0.0,False,1.050229549407959,0.9122177960792304,4.528242111206055,0.2858045995235443,0.5088169574737549,7
52,3,0.05877758417396846,0.804423987865448,1.4022119045257568,0.6397686153650284,8.940696716308594e-08,0.0,False,1.0311501026153564,0.8956455991596425,4.382201671600342,0.29589134454727173,0.539242684841156,7
52,4,0.01833226326842326,0.81895512342453,1.4094774723052979,0.42425858761583046,8.940696716308594e-08,0.0,False,1.012037992477417,0.8790450312187739,4.164359092712402,0.3141283392906189,0.504081666469574,7
52,5,0.026876337051433913,0.8038486242294312,1.4019243717193604,0.5098698085972242,5.960464477539063e-08,0.0,False,1.0252114534378052,0.8904873540241028,4.141580104827881,0.3149985671043396,0.5008108615875244,7
52,6,0.019903119385332256,0.8128588199615479,1.4064295291900635,0.9122545165675027,1.1920928955078125e-07,0.0,False,0.9696130156517029,0.8421951645582119,3.8795125484466553,0.3378297686576843,0.5032991170883179,7
52,7,0.039674484763010325,0.8167778253555298,1.4083888530731201,0.4309441085372653,5.960464477539063e-08,0.0,False,1.0493584871292114,0.9114612009971221,4.653998851776123,0.2794654369354248,0.5026193857192993,2
52,8,0.008680052186362119,0.7998626232147217,1.3999314308166504,0.519508753504072,1.1920928955078125e-07,0.0,False,0.9598757028579712,0.8337374421284447,3.72344970703125,0.3515223264694214,0.5046431422233582,7
52,9,0.0010180697432988607,0.8081138730049133,1.4040570259094238,0.29460399278572613,8.940696716308594e-08,0.0,False,1.010840892791748,0.8780052436432255,4.152402400970459,0.3137767016887665,0.5240234136581421,7
52,10,0.01221481133081093,0.8189523816108704,1.4094762802124023,0.5802475682326725,8.940696716308594e-08,0.0,False,1.0155363082885742,0.8820836297242548,4.250077724456787,0.30731531977653503,0.5104431509971619,2
52,11,-0.014483841225382418,0.8140532374382019,1.4070266485214233,0.45017766739640924,2.9802322387695312e-08,0.0,False,0.9538703560829163,0.828521264195801,3.6864705085754395,0.356309711933136,0.5053261518478394,7
52,12,-0.013741669684768624,0.8110098838806152,1.4055049419403076,0.16034920620066778,0.0,0.0,False,0.9882619380950928,0.8583934127794238,3.981755018234253,0.3283303380012512,0.5146597623825073,7
52,13,0.013758681456381365,0.8234402537345886,1.4117200374603271,0.1202457930360522,8.940696716308594e-08,0.0,False,1.0007786750793457,0.8692653123868146,4.201837539672852,0.31113162636756897,0.5165200233459473,7
52,14,0.017613057435707447,0.825558066368103,1.4127790927886963,0.2597379684448243,5.960464477539063e-08,0.0,False,1.0688955783843994,0.928430902846259,5.086097240447998,0.25417187809944153,0.5285845398902893,7
52,15,0.015185907387878055,0.8028925657272339,1.4014463424682617,0.682286826627595,5.960464477539063e-08,0.0,False,1.0160751342773438,0.8825516480315122,4.1347975730896,0.3149224817752838,0.5204917192459106,7
52,16,-0.0011435611545671269,0.790479302406311,1.3952395915985107,0.4578578599861691,5.960464477539063e-08,0.0,False,1.0301098823547363,0.8947420753213399,4.13483190536499,0.31463348865509033,0.5000033378601074,7
52,17,0.02865918197786992,0.8158292770385742,1.407914638519287,0.6058906763792038,0.0,0.0,False,0.9992088079452515,0.8679017431194977,4.135859489440918,0.3157515227794647,0.5190390944480896,7
52,18,-0.0032741476024943385,0.8093062043190002,1.4046531915664673,0.11839107956205092,8.940696716308594e-08,0.0,False,1.0151560306549072,0.8817533247684692,4.218508243560791,0.3087415099143982,0.5227552056312561,7
52,19,0.0015648729259758933,0.8031412363052368,1.4015705585479736,0.3039866174970354,5.960464477539063e-08,0.0,False,0.966777503490448,0.8397322699882068,3.819711208343506,0.3426244556903839,0.5024121403694153,7
52,20,-0.0005643977384487313,0.8187618851661682,1.4093809127807617,0.16769205246652885,2.9802322387695312e-08,0.0,False,1.0020866394042969,0.8704013957645198,4.216261386871338,0.30998557806015015,0.5069875717163086,7
52,21,0.02768371955342636,0.80116868019104,1.4005842208862305,0.2714405900665692,1.1920928955078125e-07,0.0,False,1.0144463777542114,0.8811369280907916,4.243164539337158,0.3068901002407074,0.5027326345443726,2
52,22,0.014915135720466526,0.8007431030273438,1.4003715515136719,0.8157192170619965,0.0,0.0,False,0.9990622997283936,0.867774487699228,3.984013795852661,0.32780715823173523,0.5000413656234741,7
52,23,0.015238958805165456,0.795126736164093,1.3975634574890137,0.14512060582637787,8.940696716308594e-08,0.0,False,1.020627737045288,0.8865059885523435,4.27746057510376,0.3039732873439789,0.5008087754249573,7
52,24,-0.029392959998699026,0.7806522250175476,1.3903260231018066,0.8096726536750793,8.940696716308594e-08,0.0,False,0.9904384613037109,0.8602839168178983,4.114469051361084,0.3155685067176819,0.5000002980232239,7
53,1,0.02720998952771217,0.8342494964599609,1.4171247482299805,1.199618169239589,0.0,0.0,False,1.0225486755371094,0.8881744945264907,4.263747692108154,0.30757755041122437,0.5000028014183044,7
53,2,-0.004021099947665871,0.8201442956924438,1.4100720882415771,0.41207513851778843,5.960464477539063e-08,0.0,False,1.0025590658187866,0.8708117401343562,4.07154655456543,0.3215174078941345,0.5105128288269043,7
53,3,0.058255142513589986,0.7955339550971985,1.3977670669555664,0.3189645909837313,8.940696716308594e-08,0.0,False,1.0131127834320068,0.8799785827803297,4.123332977294922,0.3156074583530426,0.5106631517410278,7
53,4,0.017749585007807364,0.8183668255805969,1.4091835021972656,0.47877786095653274,8.940696716308594e-08,0.0,False,0.989462673664093,0.8594363584431073,4.105810642242432,0.3187873661518097,0.5036582350730896,7
53,5,-0.02808694389629641,0.8050305843353271,1.4025152921676636,0.29162951239517765,0.0,0.0,False,1.0148956775665283,0.8815271849492103,4.11045503616333,0.31728309392929077,0.5110997557640076,7
53,6,0.0015366004747672211,0.8072818517684937,1.403640866279602,0.5921387853366987,5.960464477539063e-08,0.0,False,0.9998832941055298,0.8684875943545557,3.9747517108917236,0.3290461301803589,0.5012218356132507,7
53,7,-0.013188888975406269,0.7952300310134888,1.3976149559020996,0.04875264529670986,5.960464477539063e-08,0.0,False,1.0052599906921387,0.8731577336714204,3.9988205432891846,0.326063871383667,0.5028953552246094,7
53,8,0.02154491704327079,0.8041221499443054,1.4020609855651855,0.0716739456568446,8.940696716308594e-08,0.0,False,1.0068581104278564,0.8745458428367061,4.057590484619141,0.321850061416626,0.5000366568565369,7
53,9,-0.021865867377750862,0.8006017208099365,1.4003009796142578,0.4096793904900551,1.1920928955078125e-07,0.0,False,0.9865121841430664,0.8568735958073168,4.0020904541015625,0.32607853412628174,0.5063314437866211,7
53,10,0.004122938298705917,0.8160992860794067,1.4080495834350586,0.5069074705243111,5.960464477539063e-08,0.0,False,1.0297214984893799,0.8944047293821707,4.234250545501709,0.3086324632167816,0.5000012516975403,7
53,11,0.0009055252547930884,0.8008809685707092,1.4004404544830322,0.2223981150559015,2.9802322387695312e-08,0.0,False,1.0455760955810547,0.9081758574415982,4.367650985717773,0.29774585366249084,0.5020142197608948,7
53,12,0.026060121035071694,0.7996981143951416,1.3998489379882812,0.1297634669712613,1.1920928955078125e-07,0.0,False,1.0427676439285278,0.9057364673308292,4.358177661895752,0.2983796000480652,0.5008701086044312,7
53,13,0.014097971706913924,0.8008975386619568,1.4004487991333008,0.06929362033094685,2.9802322387695312e-08,0.0,False,1.0425238609313965,0.9055247201099573,4.415332317352295,0.2944067120552063,0.5010789632797241,7
53,14,-0.027567972719053417,0.797658383846283,1.3988292217254639,0.1709632916109902,2.9802322387695312e-08,0.0,False,1.0395383834838867,0.9029315673473571,4.419269561767578,0.2939406931400299,0.5006512999534607,7
53,15,0.029203358138523636,0.7855360507965088,1.392768144607544,0.24005227216652458,1.1920928955078125e-07,0.0,False,1.0439164638519287,0.9067343196376962,4.518325328826904,0.28633588552474976,0.5050104856491089,7
53,16,0.008065640540845522,0.7936182022094727,1.3968091011047363,0.40278717449733187,0.0,0.0,False,1.026233434677124,0.8913750356497925,4.288554668426514,0.303072988986969,0.5000485181808472,7
53,17,0.012069906919956179,0.8026137351989746,1.4013068675994873,0.30713217386177605,0.0,0.0,False,1.0365008115768433,0.9002931659121305,4.417641639709473,0.29436710476875305,0.5005717277526855,7
53,18,-0.007507502401839802,0.7987436652183533,1.399371862411499,0.03854373203856615,2.9802322387695312e-08,0.0,False,1.0304021835327148,0.8949959648986396,4.3198723793029785,0.30110740661621094,0.5001280307769775,7
53,19,0.014418960283587098,0.8063840270042419,1.4031920433044434,0.24092793038913182,2.9802322387695312e-08,0.0,False,1.024336338043213,0.8897272384503028,4.309129238128662,0.3023655116558075,0.5009591579437256,7
53,20,0.014643649637771892,0.8003016114234924,1.4001507759094238,0.1129310184291431,2.9802322387695312e-08,0.0,False,1.0059393644332886,0.873747830205283,4.1742777824401855,0.3121825158596039,0.5007249116897583,7
53,21,-0.034975490898178946,0.7936630845069885,1.3968316316604614,0.10845097580126348,8.940696716308594e-08,0.0,False,0.9833464026451111,0.8541238329363701,3.9493296146392822,0.33028271794319153,0.5001636743545532,7
53,22,0.027210703395313254,0.8075491189956665,1.4037744998931885,0.19682460491146364,5.960464477539063e-08,0.0,False,0.9283535480499268,0.8063576463467772,3.532451629638672,0.3720710277557373,0.5000802278518677,7
53,23,0.016166882907049835,0.789665937423706,1.3948330879211426,0.13243990710803444,1.1920928955078125e-07,0.0,False,0.9717100858688354,0.8440166566051406,3.8217053413391113,0.3414648175239563,0.5000102519989014,7
53,24,0.02554055406851094,0.7951865792274475,1.3975932598114014,0.16105951315590308,2.9802322387695312e-08,0.0,False,1.0074774026870728,0.8750837532584322,4.219513893127441,0.30827412009239197,0.5032355785369873,7
54,1,0.031519353583742936,0.7668620944023132,1.3834309577941895,1.1054545726094926,8.940696716308594e-08,0.0,False,1.031247854232788,0.8957305051357378,4.200874328613281,0.30776336789131165,0.5036087036132812,7
54,2,0.02823380265543002,0.7548226714134216,1.3774113655090332,0.2707121776682989,2.9802322387695312e-08,0.0,False,1.0697104930877686,0.9291387287640491,4.7725510597229,0.26872071623802185,0.5006539225578308,7
54,3,0.02600665024748076,0.7835516929626465,1.3917758464813232,0.31021523156336384,0.0,0.0,False,1.0451161861419678,0.9077763851784568,4.607824802398682,0.2805185317993164,0.5003012418746948,7
54,4,0.030562005592806835,0.8060182929039001,1.4030091762542725,0.12307512653725483,2.9802322387695312e-08,0.0,False,1.0217527151107788,0.8874831320845532,4.305089950561523,0.30266401171684265,0.5000598430633545,7
54,5,0.028269487810815716,0.7819509506225586,1.3909754753112793,0.15794289324964786,0.0,0.0,False,1.0144081115722656,0.8811036905074664,4.145086288452148,0.31317010521888733,0.5022246241569519,7
54,6,0.03305198639427927,0.7791696786880493,1.3895847797393799,0.24144990955080317,5.960464477539063e-08,0.0,False,1.0045273303985596,0.8725213530261983,4.0432353019714355,0.3209696114063263,0.5107810497283936,7
54,7,0.04937592186389399,0.7901318073272705,1.3950659036636353,0.9357289991208486,0.0,0.0,False,0.9674555063247681,0.8403211757675267,3.8795735836029053,0.33600765466690063,0.5072323083877563,7
54,8,-0.03242976484664607,0.8016475439071655,1.4008238315582275,0.647827610373497,5.960464477539063e-08,0.0,False,1.0363420248031616,0.9001552454729121,4.390604019165039,0.29607558250427246,0.5052109956741333,7
54,9,-0.004651075749426567,0.7974779009819031,1.398738980293274,0.6739392301865987,2.9802322387695312e-08,0.0,False,0.9841337203979492,0.8548076884474942,3.8772473335266113,0.33693522214889526,0.501307487487793,7
54,10,-0.047405996634395584,0.8052772879600525,1.4026386737823486,0.4542374451245581,2.9802322387695312e-08,0.0,False,0.936967134475708,0.8138393124550043,3.627439498901367,0.3617299199104309,0.5015511512756348,7
54,11,0.0024095293752787426,0.7916180491447449,1.3958089351654053,0.303777348782335,8.940696716308594e-08,0.0,False,0.9330465793609619,0.8104339615503406,3.575228691101074,0.36610740423202515,0.5000314712524414,7
54,12,0.004932759048579169,0.7701053619384766,1.3850526809692383,0.31794949195214667,0.0,0.0,False,0.9597079753875732,0.8335917558987298,3.7241363525390625,0.3491094708442688,0.5029656887054443,7
54,13,-0.00157495596219761,0.7642943859100342,1.3821473121643066,0.5730656619582857,1.1920928955078125e-07,0.0,False,1.0177419185638428,0.8839993984678113,4.086798667907715,0.3163653314113617,0.5101682543754578,7
54,14,0.016444482872870713,0.770401120185852,1.3852005004882812,0.15027598398072364,5.960464477539063e-08,0.0,False,1.036855936050415,0.9006016231106525,4.22801399230957,0.30601808428764343,0.5008053779602051,7
54,15,0.0018343097425846514,0.7678837776184082,1.383941888809204,0.20232169542993825,0.0,0.0,False,1.0343859195709229,0.8984561940561454,4.248649597167969,0.3043173551559448,0.5000531673431396,7
54,16,0.007823780619911977,0.7579943537712097,1.3789972066879272,0.223073980637959,2.9802322387695312e-08,0.0,False,1.029784083366394,0.8944590899156465,4.159226417541504,0.3104361891746521,0.5004260540008545,7
54,17,9.110145467769665e-05,0.7820343375205994,1.391017198562622,0.40363072923251553,2.9802322387695312e-08,0.0,False,1.0667588710784912,0.9265749824614624,4.789252281188965,0.2692604660987854,0.5016993284225464,7
54,18,-0.007345509960692363,0.7834855914115906,1.3917428255081177,0.2639216493282999,2.9802322387695312e-08,0.0,False,1.0491678714752197,0.9112956343437362,4.571808815002441,0.28283220529556274,0.5002261400222778,7
54,19,-0.008540402689679476,0.7768556475639343,1.388427734375,0.1369771329419953,8.940696716308594e-08,0.0,False,1.0601778030395508,0.9208587393927791,4.66743803024292,0.2760986089706421,0.5106154084205627,7
54,20,0.01163457443962699,0.7865971326828003,1.393298625946045,0.30787408139024464,5.960464477539063e-08,0.0,False,1.0785470008850098,0.9368140219153229,5.055148124694824,0.2540094256401062,0.5246031284332275,7
54,21,0.01956353585575899,0.7794219255447388,1.3897109031677246,0.2978175899812154,5.960464477539063e-08,0.0,False,1.1049128770828247,0.9597151310018336,5.5214715003967285,0.23132789134979248,0.5140343904495239,7
54,22,0.036255929705302566,0.7854900360107422,1.392745018005371,0.7392460874148777,0.0,0.0,False,1.088623046875,0.9455659642610352,5.317431926727295,0.24097982048988342,0.5153354406356812,7
54,23,-0.005069698933044183,0.785912811756134,1.3929564952850342,0.5828454984085899,8.940696716308594e-08,0.0,False,1.026190161705017,0.8913374492237893,4.350629806518555,0.2980041801929474,0.5019435882568359,7
54,24,0.006649980270129821,0.7733498811721802,1.3866748809814453,0.3325874943818364,5.960464477539063e-08,0.0,False,1.0625574588775635,0.9229256821913345,4.696967601776123,0.2740620970726013,0.5111263990402222,7
55,1,0.02285453819701178,0.78409343957901,1.3920466899871826,0.9723025879689626,2.9802322387695312e-08,0.0,False,1.039936900138855,0.9032777145157556,4.201613903045654,0.3088420629501343,0.505202054977417,7
55,2,0.009633762670894053,0.7880264520645142,1.3940134048461914,0.613081231713295,1.7881393432617188e-07,0.0,False,1.0383208990097046,0.9018740737694767,4.180384159088135,0.31088823080062866,0.5000267624855042,7
55,3,0.013495368359956069,0.7854344248771667,1.3927171230316162,0.9001763079847609,8.940696716308594e-08,0.0,False,0.9868547916412354,0.8571711808991438,3.988542079925537,0.3263036608695984,0.5000002384185791,7
55,4,0.02710900584493412,0.7627766728401184,1.3813884258270264,1.0326369064194816,8.940696716308594e-08,0.0,False,1.0033442974090576,0.8714937836276979,3.9414162635803223,0.32866278290748596,0.5001253485679626,7
55,5,0.016833165800233557,0.7590671181678772,1.3795335292816162,0.3846993137683188,2.9802322387695312e-08,0.0,False,1.0348176956176758,0.898831229965191,4.322260856628418,0.2983229160308838,0.5002702474594116,7
55,6,-0.033766604100255324,0.7915824055671692,1.3957912921905518,0.5325855985283852,8.940696716308594e-08,0.0,False,1.0230740308761597,0.8886308123760666,4.097733497619629,0.3176698088645935,0.5004779100418091,7
55,7,-0.005901001826603488,0.8012425303459167,1.4006212949752808,0.6904195504529136,2.9802322387695312e-08,0.0,False,1.0353279113769531,0.8992743977428594,4.200552940368652,0.3099956512451172,0.50828617811203,7
55,8,0.05430815272073626,0.7925707101821899,1.3962852954864502,0.16477300865309577,5.960464477539063e-08,0.0,False,1.0282888412475586,0.8931603391130073,4.171811103820801,0.3115653097629547,0.5110412240028381,7
55,9,0.10399666446760207,0.7871918678283691,1.3935959339141846,1.1928690310035435,0.0,0.0,False,0.9730271100997925,0.8451606093172156,3.8348798751831055,0.340014785528183,0.5014570355415344,7
55,10,-0.02564605879399594,0.7893034219741821,1.3946517705917358,0.8473401064319269,5.960464477539063e-08,0.0,False,1.0077518224716187,0.8753221112547389,4.342409610748291,0.298864483833313,0.5000704526901245,6
55,11,-0.004671370027066432,0.7635716199874878,1.3817858695983887,0.8686032720974513,5.960464477539063e-08,0.0,False,0.971011757850647,0.8434100965954252,3.715113401412964,0.3495316803455353,0.5000418424606323,7
55,12,0.03571068920973551,0.7821380496025085,1.3910690546035767,0.3496824726462364,2.9802322387695312e-08,0.0,False,0.9579464793205261,0.8320617398551041,3.6522507667541504,0.35729900002479553,0.5006544589996338,7
55,13,0.002230170688545405,0.7931026816368103,1.3965513706207275,0.3530874199100902,2.9802322387695312e-08,0.0,False,0.9710376262664795,0.8434325656159285,3.748521327972412,0.34866416454315186,0.5002261996269226,7
55,14,0.007087856633498191,0.808513343334198,1.4042567014694214,0.33790497268949227,2.9802322387695312e-08,0.0,False,0.9854177832603455,0.8559230112786054,3.8557300567626953,0.33971133828163147,0.5019890069961548,7
55,15,-0.0412024107642464,0.8060842752456665,1.4030420780181885,0.40126244298049407,5.960464477539063e-08,0.0,False,1.0081716775894165,0.8756867927764559,3.9954190254211426,0.32721126079559326,0.5002763271331787,7
55,16,-0.00971671316032579,0.7887974977493286,1.3943986892700195,0.25274172425270086,5.960464477539063e-08,0.0,False,0.9362754225730896,0.8132384991302564,3.5499627590179443,0.36852771043777466,0.5015398859977722,7
55,17,-0.022668818369364623,0.8049135804176331,1.4024567604064941,0.30932676579271057,2.9802322387695312e-08,0.0,False,0.9559436440467834,0.8303220992400089,3.690500020980835,0.35523590445518494,0.5030853748321533,7
55,18,0.02395864734447408,0.7839265465736389,1.391963243484497,0.3374541912760053,2.9802322387695312e-08,0.0,False,0.9694833755493164,0.8420825605960123,3.802732467651367,0.34269922971725464,0.5032933950424194,7
55,19,-0.06081660253174779,0.7930733561515808,1.3965367078781128,0.572779947093555,2.9802322387695312e-08,0.0,False,0.8656307458877563,0.7518773126096973,3.1831417083740234,0.41301965713500977,0.5003337264060974,7
55,20,-0.07723851985407157,0.7924814820289612,1.3962407112121582,0.32569022689546856,2.9802322387695312e-08,0.0,False,0.889514684677124,0.772622638254372,3.3066184520721436,0.39702925086021423,0.5003362894058228,7
55,21,0.008752842163840749,0.8139618635177612,1.4069809913635254,0.5109049826860428,5.960464477539063e-08,0.0,False,0.9785652160644531,0.8499709470385108,3.8339409828186035,0.3420712351799011,0.5042935609817505,7
55,22,0.023422411457507935,0.8230273723602295,1.4115136861801147,0.2551553015198027,0.0,0.0,False,1.0266380310058594,0.8917264635557286,4.190027236938477,0.3121151328086853,0.513386070728302,7
55,23,0.0016283106572181085,0.828173816204071,1.4140868186950684,0.2247186792748314,8.940696716308594e-08,0.0,False,1.0442230701446533,0.9070006344797905,4.270168304443359,0.3066670298576355,0.5011302828788757,7
55,24,-0.016808388814739252,0.800118625164032,1.4000592231750488,0.17789521600518904,8.940696716308594e-08,0.0,False,1.0286898612976074,0.8935086607027449,4.14290714263916,0.31453296542167664,0.5045487880706787,7
56,1,-0.013653635545758424,0.8002868890762329,1.4001433849334717,1.1658808695418494,5.960464477539063e-08,0.0,False,1.0237867832183838,0.8892499011944497,4.157936096191406,0.31334227323532104,0.5050736665725708,7
56,2,-0.015286688424088849,0.800432562828064,1.4002163410186768,0.47920319863728106,5.960464477539063e-08,0.0,False,1.0012288093566895,0.8696562940523463,3.9909796714782715,0.32712453603744507,0.5023325681686401,7
56,3,0.03391521427370096,0.8105069994926453,1.4052534103393555,0.14602341715778622,8.940696716308594e-08,0.0,False,1.0137563943862915,0.8805376161522063,4.145572185516357,0.3151535093784332,0.5002366304397583,7
56,4,-0.016979702184682526,0.8187486529350281,1.4093742370605469,0.7182644392762866,8.940696716308594e-08,0.0,False,1.0257548093795776,0.8909593069985451,4.3964409828186035,0.29674726724624634,0.5046842694282532,7
56,5,-0.01159411130361536,0.8128746747970581,1.4064373970031738,0.6960464215704373,5.960464477539063e-08,0.0,False,1.001646637916565,0.8700192153282174,4.164798259735107,0.31374460458755493,0.5019549131393433,7
56,6,0.020580146328766168,0.8125089406967163,1.406254529953003,0.3513092941471509,5.960464477539063e-08,0.0,False,1.01230788230896,0.8792794545478957,4.110408782958984,0.3180416226387024,0.5026137232780457,7
56,7,-0.04718382868443877,0.8119525909423828,1.4059762954711914,0.35379182866641457,0.0,0.0,False,1.0049439668655396,0.8728832388633364,4.029783725738525,0.32464122772216797,0.5029920339584351,7
56,8,0.0521261399303647,0.8139985799789429,1.4069993495941162,0.4648567134780544,5.960464477539063e-08,0.0,False,0.9681335687637329,0.8409101333187833,3.800597667694092,0.3453173041343689,0.5002471804618835,7
56,9,-0.04037544763573014,0.7929337620735168,1.3964670896530151,0.21889817661472719,2.086162567138672e-07,0.0,False,1.0089991092681885,0.8764054908009411,4.060039520263672,0.32085031270980835,0.5001808404922485,7
56,10,-0.023655885697839742,0.8108330368995667,1.405416488647461,0.1545430357967104,2.9802322387695312e-08,0.0,False,1.0246334075927734,0.8899852697825341,4.257727146148682,0.3064790666103363,0.5009485483169556,7
56,11,0.03479282583301445,0.8213748931884766,1.4106874465942383,0.09893560196672163,0.0,0.0,False,1.0296374559402466,0.8943317309515034,4.460640907287598,0.29242920875549316,0.5045797824859619,7
56,12,0.08251386159529328,0.8052663803100586,1.4026333093643188,0.26626278672899517,1.1920928955078125e-07,0.0,False,1.01345694065094,0.8802775139425093,4.09657096862793,0.31868356466293335,0.5018366575241089,7
56,13,0.03090062815329148,0.7905765175819397,1.3952882289886475,0.18873253038951335,2.9802322387695312e-08,0.0,False,0.9863340854644775,0.856718901260626,3.9845693111419678,0.32701367139816284,0.5002044439315796,7
56,14,0.0006702791239787328,0.7915383577346802,1.3957691192626953,0.39667602415595726,5.960464477539063e-08,0.0,False,1.0058003664016724,0.8736270980490304,4.136674880981445,0.31445902585983276,0.5037294030189514,7
56,15,-0.0007053397875577622,0.8086615800857544,1.4043307304382324,0.16339085570403514,5.960464477539063e-08,0.0,False,1.0438835620880127,0.906705741528669,4.459121227264404,0.29181334376335144,0.5026309490203857,7
56,16,-0.004784937855686197,0.810928225517273,1.4054641723632812,0.12337534129619598,5.960464477539063e-08,0.0,False,1.039123296737671,0.9025710275805717,4.395567417144775,0.29631972312927246,0.5047564506530762,7
56,17,0.047400395813743244,0.7992838621139526,1.399641990661621,0.5716677904129028,5.960464477539063e-08,0.0,False,0.9994759559631348,0.868133784939534,4.158849239349365,0.31332874298095703,0.5005074143409729,7
56,18,0.010634731956601522,0.7984215617179871,1.3992109298706055,0.5095209330320358,1.4901161193847656e-07,0.0,False,1.013656497001648,0.8804508463863917,4.07926082611084,0.319626122713089,0.5014467239379883,7
56,19,-0.06327200281676186,0.809561550617218,1.4047807455062866,0.39394721601690563,2.9802322387695312e-08,0.0,False,0.998462438583374,0.8672534549288478,4.148618221282959,0.31481629610061646,0.5013259053230286,7
56,20,-0.05739555457351705,0.80424964427948,1.4021248817443848,0.6517995957817351,5.960464477539063e-08,0.0,False,1.075630784034729,0.9342810281431024,5.139310836791992,0.25091251730918884,0.5090424418449402,2
56,21,0.08332508525093191,0.7783268094062805,1.3891633749008179,0.6194325281041009,2.9802322387695312e-08,0.0,False,1.1204172372817993,0.9731820471615437,6.018167972564697,0.2104797512292862,0.5361090898513794,1
56,22,-0.0037632307540714557,0.794297993183136,1.3971490859985352,1.4202813463551658,8.940696716308594e-08,0.0,False,1.0146098136901855,0.881278886741068,4.085021495819092,0.31885388493537903,0.5018819570541382,7
56,23,0.0055741220109658705,0.791598916053772,1.3957993984222412,0.9566182621887753,5.960464477539063e-08,0.0,False,1.0358392000198364,0.8997184974153875,4.2816596031188965,0.303448349237442,0.5001038312911987,7
56,24,0.004873093655386847,0.8105521202087402,1.4052760601043701,0.6123699481998172,0.0,0.0,False,1.0363997220993042,0.9002053607075831,4.305866718292236,0.30265480279922485,0.5087175369262695,7
57,1,-0.05805495928313269,0.8259703516960144,1.41298508644104,1.2696808374353818,8.940696716308594e-08,0.0,False,1.0027861595153809,0.871008991212968,4.124459743499756,0.317746102809906,0.505426824092865,7
57,2,-0.007116963473686267,0.7829785346984863,1.3914892673492432,0.7720437315957887,0.0,0.0,False,1.0318353176116943,0.8962407693432962,4.15191650390625,0.3127361834049225,0.5010230541229248,7
57,3,0.01669985411413697,0.8191521763801575,1.409576177597046,0.24755978371415804,8.940696716308594e-08,0.0,False,1.00856614112854,0.8760294194531626,4.079230785369873,0.32094019651412964,0.5061986446380615,7
57,4,0.04641839984213257,0.8131093978881836,1.4065546989440918,0.37424663134983616,0.0,0.0,False,0.9988412857055664,0.8675825173581538,4.032711505889893,0.32406362891197205,0.517475962638855,7
57,5,-0.02665716443031355,0.8025506138801575,1.4012752771377563,0.5377992391586304,2.9802322387695312e-08,0.0,False,1.0175622701644897,0.8838433578507677,4.152674198150635,0.31404170393943787,0.50041663646698,7
57,6,0.03410472502680998,0.8167959451675415,1.4083980321884155,0.6478718939636435,5.960464477539063e-08,0.0,False,0.9545676708221436,0.8291269440825935,3.805323839187622,0.3450903296470642,0.5000787377357483,7
57,7,-0.008507409295789697,0.7848894000053406,1.3924447298049927,0.3716804145702295,2.9802322387695312e-08,0.0,False,1.0233482122421265,0.8888689632846267,4.097013473510742,0.31726551055908203,0.5001487135887146,7
57,8,0.019235324261110354,0.8218802809715271,1.410940170288086,0.484460453901972,2.9802322387695312e-08,0.0,False,1.036147117614746,0.8999859512400878,4.387296199798584,0.29762452840805054,0.5035375952720642,7
57,9,0.025252027943807438,0.8138502240180969,1.4069252014160156,1.0595755875110626,8.940696716308594e-08,0.0,False,1.0642682313919067,0.9244116403168766,5.143629550933838,0.2498263716697693,0.55568927526474,3
57,10,0.023769175420096128,0.8193894624710083,1.4096946716308594,0.9221118816307612,5.960464477539063e-08,0.0,False,1.1240054368972778,0.9762987177474831,5.907061576843262,0.21715596318244934,0.5047736167907715,2
57,11,0.02711119950215727,0.7953622937202454,1.3976812362670898,0.8939430947814669,8.940696716308594e-08,0.0,False,1.0064195394515991,0.8741649049268831,4.129055500030518,0.31495803594589233,0.5172331929206848,7
57,12,0.09064965382124543,0.8068872690200806,1.4034435749053955,1.2767581471375058,5.960464477539063e-08,0.0,False,0.9578242301940918,0.8319555556130483,3.8248729705810547,0.3423319458961487,0.5058952569961548,6
57,13,-0.05886134232339154,0.8100998401641846,1.4050498008728027,1.3573513254523277,1.1920928955078125e-07,0.0,False,1.0631084442138672,0.9234042619736672,4.806182861328125,0.2698592245578766,0.5003118515014648,2
57,14,0.009720572818464402,0.8040305972099304,1.402015209197998,1.0663244043077742,8.940696716308594e-08,0.0,False,1.0248799324035645,0.8901993985124916,4.6144938468933105,0.28129875659942627,0.5004830360412598,2
57,15,-0.0020587773277789883,0.8151706457138062,1.4075853824615479,0.5513444330011096,5.960464477539063e-08,0.0,False,1.0184134244918823,0.8845826611060371,4.178497314453125,0.31286948919296265,0.5003531575202942,7
57,16,-0.011787074532688645,0.8111528754234314,1.405576467514038,0.14436858679567074,2.9802322387695312e-08,0.0,False,1.010494351387024,0.8777042416035802,4.26171875,0.30617135763168335,0.5019453763961792,7
57,17,0.03899842516427481,0.8115093111991882,1.405754566192627,0.18599188008478712,8.940696716308594e-08,0.0,False,1.0309323072433472,0.8954564245031471,4.2913384437561035,0.3040027618408203,0.5012387633323669,7
57,18,0.00793438551247205,0.8099870085716248,1.4049935340881348,0.20874616610152386,2.9802322387695312e-08,0.0,False,1.0146102905273438,0.8812793009165613,4.1676154136657715,0.3132580816745758,0.5044054985046387,7
57,19,0.03288320823781973,0.8168075084686279,1.4084038734436035,0.3961924420935768,1.1920928955078125e-07,0.0,False,1.0447561740875244,0.9074636826811301,4.878085136413574,0.2659212648868561,0.5041495561599731,7
57,20,-0.010018767112549818,0.8049848079681396,1.4024925231933594,0.34721423738769125,1.1920928955078125e-07,0.0,False,0.9901697635650635,0.8600505289275093,4.023468494415283,0.3247610926628113,0.5000035762786865,7
57,21,0.03174740898927564,0.8048036694526672,1.4024018049240112,0.4027761093207768,2.9802322387695312e-08,0.0,False,1.048145055770874,0.9104072279109335,4.806290626525879,0.2689811885356903,0.5209922790527344,7
57,22,-0.06991797705267716,0.787695586681366,1.3938477039337158,1.4844291593347276,8.940696716308594e-08,0.0,False,1.0391368865966797,0.9025828315821264,4.448853969573975,0.29082322120666504,0.5172428488731384,2
57,23,0.01139917934906301,0.7854041457176208,1.3927022218704224,1.8558380167399133,1.4901161193847656e-07,0.0,False,1.0381174087524414,0.9016973243777758,4.800962924957275,0.2675877809524536,0.5452074408531189,7
57,24,0.015707103880572646,0.7808399200439453,1.3904199600219727,0.16226939005511135,0.0,0.0,False,1.0379745960235596,0.9015732788175779,4.554179668426514,0.28381937742233276,0.5001823902130127,7
58,1,0.010542526698690768,0.7902917861938477,1.3951458930969238,1.328022668936423,0.0,0.0,False,0.9778270721435547,0.8493298033751175,3.9862329959869385,0.3268541693687439,0.5000786185264587,7
58,2,0.021564254292913903,0.7849167585372925,1.392458438873291,0.24342169772301403,5.960464477539063e-08,0.0,False,1.030890941619873,0.8954204947791164,4.457485675811768,0.29052358865737915,0.5000871419906616,7
58,3,0.009723190813656832,0.7838674187660217,1.3919336795806885,0.20717136029686245,2.9802322387695312e-08,0.0,False,1.0007299184799194,0.8692229629426402,4.024068355560303,0.3231600224971771,0.501136839389801,7
58,4,0.04772541980929942,0.7767568826675415,1.388378381729126,0.30017712712287903,5.960464477539063e-08,0.0,False,1.0511019229888916,0.9129755301439448,4.5409440994262695,0.2844333052635193,0.5002772808074951,7
58,5,0.004085242171577505,0.783896803855896,1.3919484615325928,0.9622439805950438,5.960464477539063e-08,0.0,False,1.0622005462646484,0.9226156718347133,4.9176740646362305,0.2619817554950714,0.5016041994094849,2
58,6,0.014281998440500595,0.7653184533119202,1.3826593160629272,0.5640691167541912,8.940696716308594e-08,0.0,False,1.0882270336151123,0.9452219915139757,5.295230388641357,0.24143946170806885,0.5016776919364929,2
58,7,0.01994196197363493,0.7692044377326965,1.3846023082733154,0.3732353470155171,8.940696716308594e-08,0.0,False,1.0695443153381348,0.928994388604687,4.982082366943359,0.2576710879802704,0.500356912612915,2
58,8,-0.04565617900486924,0.7764174342155457,1.3882087469100952,0.41247306551252094,2.9802322387695312e-08,0.0,False,1.1278390884399414,0.9796285851685205,5.884341716766357,0.216365784406662,0.5039623975753784,7
58,9,0.0062241285599193095,0.8041595220565796,1.4020798206329346,0.8956753930875233,5.960464477539063e-08,0.0,False,1.0895895957946777,0.9464054979856463,5.573101997375488,0.22951233386993408,0.5360150337219238,7
58,10,-0.02081523009555038,0.7821552753448486,1.3910776376724243,0.6143593788146973,0.0,0.0,False,1.1010822057724,0.9563878521776283,5.420907497406006,0.23613449931144714,0.508929967880249,3
58,11,-0.13372724082233062,0.7598251700401306,1.3799124956130981,1.2246079391666822,8.940696716308594e-08,0.0,False,1.0822196006774902,0.9400040015635495,5.152908802032471,0.24818307161331177,0.5017416477203369,1
58,12,-0.026071792084517455,0.8081133961677551,1.4040566682815552,1.655145454619612,2.9802322387695312e-08,0.0,False,1.0663915872573853,0.9262559637878651,5.142794132232666,0.2498972862958908,0.5453318357467651,3
58,13,0.06351368768289764,0.815540075302124,1.4077701568603516,0.3654413893818854,1.1920928955078125e-07,0.0,False,1.0553638935089111,0.9166774307017025,4.805356025695801,0.27018335461616516,0.5011159777641296,3
58,14,-0.011049418648849285,0.7782854437828064,1.3891427516937256,0.6749735708747592,2.9802322387695312e-08,0.0,False,1.031062364578247,0.8955693908689032,4.554854393005371,0.2835668921470642,0.5021793246269226,3
58,15,0.041071591289906485,0.7822110652923584,1.3911056518554688,0.35442728655678885,1.1920928955078125e-07,0.0,False,1.0754241943359375,0.9341015866106961,5.255407810211182,0.24347412586212158,0.52866131067276,3
58,16,-0.06084456886360908,0.802986741065979,1.4014933109283447,1.105973137276513,5.960464477539063e-08,0.0,False,1.0751502513885498,0.9338636427898824,5.046236991882324,0.2559526562690735,0.5014139413833618,6
58,17,0.026709598950251896,0.783525824546814,1.3917629718780518,0.9388982866491589,5.960464477539063e-08,0.0,False,1.0429092645645142,0.9058594774522942,4.3751983642578125,0.29586225748062134,0.510861873626709,7
58,18,0.04843224299337912,0.8000926971435547,1.4000463485717773,0.6218402556010656,0.0,0.0,False,1.0435996055603027,0.9064591000224994,4.333874702453613,0.3001069128513336,0.5026445388793945,7
58,19,-0.01873083696238275,0.7887738943099976,1.394386887550354,0.321322795535837,5.960464477539063e-08,0.0,False,1.0492812395095825,0.9113941045672321,4.72253942489624,0.27354443073272705,0.5052280426025391,7
58,20,0.007393327763995049,0.7871749997138977,1.393587589263916,0.07226857223681032,8.940696716308594e-08,0.0,False,1.0552213191986084,0.9165535922292511,4.869936466217041,0.26464322209358215,0.5096680521965027,7
58,21,-0.043656608988464636,0.7809507250785828,1.3904752731323242,0.06440963489668705,8.940696716308594e-08,0.0,False,1.0526124238967896,0.9142875345623647,4.778587818145752,0.26974567770957947,0.5048627853393555,7
58,22,-0.008550206254843613,0.7917051315307617,1.3958525657653809,0.1868867331317492,0.0,0.0,False,1.0445514917373657,0.9072858978506962,4.797518253326416,0.2692374885082245,0.5045169591903687,7
58,23,0.01408962826542161,0.7872068285942078,1.3936033248901367,0.208185689257724,8.940696716308594e-08,0.0,False,1.0065827369689941,0.8743066564894131,4.23233699798584,0.30679431557655334,0.5021041035652161,7
58,24,0.023197635976018906,0.7829755544662476,1.391487717628479,0.2226115997348512,5.960464477539063e-08,0.0,False,1.0452779531478882,0.9079168942145074,4.5449113845825195,0.2843635380268097,0.5073443651199341,7
59,1,0.002246946086516277,0.8017523288726807,1.4008761644363403,1.3895575148718697,0.0,0.0,False,0.9629884958267212,0.8364411797477154,3.7102839946746826,0.35309863090515137,0.5000466108322144,7
59,2,-0.028848982645233355,0.7928200960159302,1.3964099884033203,0.37661292723246975,5.960464477539063e-08,0.0,False,1.0211533308029175,0.886962513489666,4.183507919311523,0.310950368642807,0.5008673667907715,7
59,3,-0.010424061951340257,0.7951781749725342,1.3975892066955566,0.37776366727692734,1.1920928955078125e-07,0.0,False,0.9659284353256226,0.8389947787507199,3.7818148136138916,0.34535205364227295,0.5105841159820557,7
59,4,0.012211001576387485,0.782060980796814,1.3910305500030518,0.6687184753162521,5.960464477539063e-08,0.0,False,1.003967523574829,0.8720351109972424,3.983773946762085,0.3264022469520569,0.5022517442703247,7
59,5,0.0006290036930322561,0.7874220609664917,1.3937110900878906,0.12787186035088133,5.960464477539063e-08,0.0,False,0.9789444208145142,0.8503003200994368,3.8122758865356445,0.3421586751937866,0.5003666281700134,7
59,6,-0.012302985122826562,0.7842508554458618,1.3921253681182861,0.30082204299313675,5.960464477539063e-08,0.0,False,1.0371875762939453,0.900889682166137,4.253649711608887,0.3049732446670532,0.502788782119751,7
59,7,-0.06015489825713799,0.7836883664131165,1.3918440341949463,0.144849677171026,1.4901161193847656e-07,0.0,False,1.0124868154525757,0.8794348739016995,4.063994884490967,0.31984633207321167,0.5009036064147949,7
59,8,0.004158573891591548,0.7856749892234802,1.3928375244140625,0.7496049872466496,2.9802322387695312e-08,0.0,False,1.0327452421188354,0.8970311197280961,4.264606475830078,0.3039388060569763,0.5143260955810547,7
59,9,0.02726820516180644,0.7858706712722778,1.3929353952407837,0.6937333302838461,5.960464477539063e-08,0.0,False,1.0588979721069336,0.9197470923691695,4.618630409240723,0.2798599600791931,0.5043294429779053,7
59,10,0.004547605859679442,0.7791097164154053,1.3895549774169922,0.5186524114438467,1.1920928955078125e-07,0.0,False,1.0510677099227905,0.9129458130523115,4.609211444854736,0.2801491618156433,0.5008911490440369,7
59,11,0.002711151893482266,0.7797220945358276,1.3898611068725586,0.16804294501032147,5.960464477539063e-08,0.0,False,1.039825439453125,0.9031809009942322,4.391509532928467,0.29468029737472534,0.502995491027832,7
59,12,-0.04858605914542985,0.7859916687011719,1.392995834350586,0.5594950850520815,0.0,0.0,False,1.073803186416626,0.9326935970217392,4.958584308624268,0.2598143219947815,0.5018426775932312,7
59,13,0.06998454999309328,0.8012943863868713,1.4006472826004028,1.2263749603714262,8.940696716308594e-08,0.0,False,1.061237096786499,0.9217788302508075,4.703415393829346,0.2754386067390442,0.5048245191574097,6
59,14,0.019252572106682152,0.782865583896637,1.391432762145996,0.528054130928857,2.9802322387695312e-08,0.0,False,1.0744608640670776,0.9332648485706636,4.849090099334717,0.26580020785331726,0.5023661851882935,6
59,15,0.00439432462475294,0.8053364753723145,1.4026682376861572,0.764670193195343,0.0,0.0,False,1.0095281600952148,0.8768650185105888,4.189366817474365,0.3113165497779846,0.5018565654754639,7
59,16,0.00615614835068015,0.8073774576187134,1.403688669204712,0.15210539315428057,5.960464477539063e-08,0.0,False,1.0136330127716064,0.8804304482433543,4.150397300720215,0.3144717812538147,0.5032586455345154,7
59,17,-0.0746539406619729,0.8016132116317749,1.4008066654205322,0.36972673024450026,5.960464477539063e-08,0.0,False,1.0596809387207031,0.9204271685289187,4.524006366729736,0.28692176938056946,0.5054256916046143,7
59,18,0.02900391357028543,0.795974850654602,1.3979873657226562,0.5491672850080899,5.960464477539063e-08,0.0,False,1.0269477367401123,0.8919954705385283,4.313041687011719,0.30108562111854553,0.5124856233596802,7
59,19,0.010168062929110776,0.811499297618866,1.4057496786117554,0.29155123340232036,2.9802322387695312e-08,0.0,False,1.046426773071289,0.9089147465213744,4.548940658569336,0.28598520159721375,0.5010356903076172,7
59,20,-0.04026366708838321,0.8069746494293213,1.403487205505371,0.6404554077557156,1.1920928955078125e-07,0.0,False,1.1006207466125488,0.9559870338441343,5.364744663238525,0.24008843302726746,0.502150297164917,7
59,21,-0.05693970090900918,0.7933651208877563,1.3966825008392334,0.7397654759032387,5.960464477539063e-08,0.0,False,1.0720980167388916,0.9312125054582415,4.775868892669678,0.27072688937187195,0.5003706216812134,7
59,22,0.019761470399936816,0.807777464389801,1.4038887023925781,0.3630266019276211,2.9802322387695312e-08,0.0,False,1.046918272972107,0.9093416579109368,4.945032119750977,0.25994810461997986,0.5645456314086914,7
59,23,0.0023965488985139487,0.7882416844367981,1.3941209316253662,0.20917913743427818,8.940696716308594e-08,0.0,False,1.065115213394165,0.9251473195365809,4.877899646759033,0.26419997215270996,0.5113803148269653,7
59,24,-0.01864832149144634,0.8063299655914307,1.4031649827957153,1.0554488003253937,0.0,0.0,False,1.0233906507492065,0.8889058249035169,4.266911506652832,0.30503156781196594,0.5173600316047668,7
60,1,0.03330324103444814,0.803240180015564,1.4016201496124268,1.174318015575409,5.960464477539063e-08,0.0,False,1.0188469886779785,0.884959250173182,4.095026016235352,0.3186681270599365,0.5018284320831299,7
60,2,-0.020612344885991854,0.7935982346534729,1.396799087524414,0.4314373678394725,2.9802322387695312e-08,0.0,False,1.0057754516601562,0.8736054573795135,4.068267345428467,0.32017213106155396,0.5019545555114746,7
60,3,0.039515380363901995,0.8027574419975281,1.4013786315917969,0.21189102849790029,8.940696716308594e-08,0.0,False,0.9853246808052063,0.8558421435135681,3.9446139335632324,0.33131110668182373,0.5021042823791504,7
60,4,-0.010478473171270446,0.7999144792556763,1.3999571800231934,0.1700908435242516,5.960464477539063e-08,0.0,False,1.0076961517333984,0.875273756265914,4.185277462005615,0.3112964332103729,0.5008269548416138,7
60,5,0.014848838403744142,0.8162428736686707,1.4081214666366577,0.8630338268620628,2.9802322387695312e-08,0.0,False,1.038195013999939,0.9017647314392856,4.415444850921631,0.2952450215816498,0.5049481391906738,2
60,6,0.0205120147626876,0.8079566955566406,1.4039783477783203,0.22551995728697102,0.0,0.0,False,1.0344210863113403,0.8984867394987651,4.418011665344238,0.2946895956993103,0.5000622272491455,2
60,7,-0.02756872979273551,0.8080636262893677,1.404031753540039,0.1132484823465347,5.960464477539063e-08,0.0,False,1.0406019687652588,0.9038553857848239,4.494831562042236,0.2893510162830353,0.5024461150169373,2
60,8,0.030930570336848654,0.8029558062553406,1.4014778137207031,0.6976969199521199,8.940696716308594e-08,0.0,False,1.0285096168518066,0.8933521023663349,4.412405967712402,0.29459118843078613,0.506412148475647,7
60,9,0.04002298669988242,0.8119426369667053,1.4059712886810303,1.0632352914128984,2.9802322387695312e-08,0.0,False,1.08161199092865,0.9394762384414056,5.116087436676025,0.25275200605392456,0.5000585317611694,6
60,10,0.016009048541326225,0.8046225309371948,1.4023113250732422,0.3160962143114634,5.960464477539063e-08,0.0,False,1.0614991188049316,0.9220064196842924,4.694309234619141,0.2763144373893738,0.5003767013549805,6
60,11,-0.016414156706946,0.8092816472053528,1.4046409130096436,0.2843510976859501,8.940696716308594e-08,0.0,False,1.0800843238830566,0.9381493237052323,5.10154390335083,0.25337958335876465,0.5000728964805603,6
60,12,-0.021793923773831762,0.803781270980835,1.401890754699707,1.1045783758163452,1.1920928955078125e-07,0.0,False,1.0680040121078491,0.9276564982179454,5.038021087646484,0.25636154413223267,0.5039913058280945,2
60,13,0.05357122150472184,0.7989945411682129,1.3994972705841064,0.9257741740771703,0.0,0.0,False,1.0318150520324707,0.8962231668848375,4.316850185394287,0.30068832635879517,0.5237882137298584,7
60,14,0.007527030670352343,0.8042256236076355,1.4021127223968506,0.8355327802045006,8.940696716308594e-08,0.0,False,1.0985612869262695,0.9541982098892277,5.624172210693359,0.2277916818857193,0.5182746052742004,7
60,15,-0.0002559153449655186,0.8074982166290283,1.4037489891052246,0.8241424305098397,1.1920928955078125e-07,0.0,False,1.0606498718261719,0.9212687731309956,4.606195449829102,0.28199854493141174,0.5017575621604919,7
60,16,0.0632066571633826,0.8033549189567566,1.4016773700714111,0.9199579677411487,8.940696716308594e-08,0.0,False,1.0378615856170654,0.9014751192257018,4.34098482131958,0.2997947633266449,0.502896785736084,6
60,17,0.04174765876009723,0.8166792988777161,1.4083397388458252,0.12223892552512047,8.940696716308594e-08,0.0,False,1.0179446935653687,0.8841755265962725,4.139445781707764,0.3160613775253296,0.500281035900116,6
60,18,0.005519739147000879,0.8250482678413391,1.4125242233276367,0.17356948554515836,8.940696716308594e-08,0.0,False,1.039520025253296,0.9029156215908709,4.3264617919921875,0.30230945348739624,0.5003498196601868,6
60,19,-0.03612041339561903,0.8177559971809387,1.4088780879974365,0.3428723216056823,8.940696716308594e-08,0.0,False,0.9728003740310669,0.8449636688702237,3.8574435710906982,0.3402295708656311,0.5027191638946533,6
60,20,0.021954200457935304,0.8198264837265015,1.4099133014678955,1.35297948547772,5.960464477539063e-08,0.0,False,1.081957221031189,0.9397761014984447,5.0517964363098145,0.2565038204193115,0.5016193389892578,7
60,21,-0.018770498823890782,0.788899838924408,1.3944499492645264,1.4684926761048183,2.9802322387695312e-08,0.0,False,1.004807472229004,0.8727646811284228,4.203775405883789,0.30913594365119934,0.5002564191818237,7
60,22,-0.010004751950708539,0.7690743803977966,1.3845372200012207,0.8666795981781822,2.9802322387695312e-08,0.0,False,1.0351910591125488,0.8991555293763259,4.278176784515381,0.3021929860115051,0.5006103515625,7
60,23,-0.028209979720746604,0.7824058532714844,1.3912030458450317,0.43903138594967994,1.1920928955078125e-07,0.0,False,1.0391159057617188,0.9025646078604279,4.223958492279053,0.3071591854095459,0.5001053214073181,7
60,24,0.011417502681366444,0.802107036113739,1.4010534286499023,0.42041396030357914,8.940696716308594e-08,0.0,False,1.0237973928451538,0.8892591165991722,4.280113697052002,0.3036453425884247,0.5219439268112183,7
61,1,0.004390654632421472,0.7924445271492004,1.396222472190857,1.233446261712483,2.086162567138672e-07,0.0,False,1.0068962574005127,0.874578976876158,4.0842604637146,0.3188360631465912,0.500027596950531,6
61,2,-0.02243265147249002,0.7907004952430725,1.3953502178192139,1.0940844501767841,2.9802322387695312e-08,0.0,False,0.9860835075378418,0.8565012520389768,3.9893922805786133,0.3263729214668274,0.5089402794837952,2
61,3,-0.04364478626455574,0.79262775182724,1.3963139057159424,0.430359060210841,2.9802322387695312e-08,0.0,False,0.9184865951538086,0.7977873199548103,3.572603225708008,0.3664718270301819,0.5000435709953308,7
61,4,0.028081266544171164,0.7911385297775269,1.3955693244934082,0.3498909829982688,5.960464477539063e-08,0.0,False,1.003517985343933,0.871644647051077,4.231666088104248,0.30715256929397583,0.5005104541778564,7
61,5,-0.042320469480353055,0.7549660801887512,1.3774831295013428,0.6048202088900976,8.940696716308594e-08,0.0,False,1.0447781085968018,0.9074827347538149,4.580638885498047,0.2804848849773407,0.5019084215164185,2
61,6,0.03438361437282684,0.7832289338111877,1.3916144371032715,0.6803588718175888,2.9802322387695312e-08,0.0,False,0.9481603503227234,0.8235616162092259,3.890285015106201,0.3347141146659851,0.5001424551010132,2
61,7,0.012054675739398609,0.797206461429596,1.3986032009124756,0.4557483632649695,2.9802322387695312e-08,0.0,False,0.9564089775085449,0.8307262827493848,3.8482227325439453,0.3394976854324341,0.503569483757019,7
61,8,-0.019775022806251173,0.794313907623291,1.397157073020935,0.15192425171179438,1.1920928955078125e-07,0.0,False,0.976108968257904,0.8478374773013684,4.050339698791504,0.3217402398586273,0.5005337595939636,2
61,9,0.05452932874177649,0.8201258182525635,1.4100627899169922,0.33802998651351246,1.1920928955078125e-07,0.0,False,0.9854912161827087,0.8559867943045502,4.131922721862793,0.3168105483055115,0.5033113956451416,7
61,10,0.006034088386626309,0.7743221521377563,1.387161135673523,0.5961191239101548,5.960464477539063e-08,0.0,False,0.9856420755386353,0.8561178290761949,3.8571226596832275,0.3369804620742798,0.5016757249832153,7
61,11,0.02020649072155315,0.7726001143455505,1.3863003253936768,0.21243740831102634,2.682209014892578e-07,0.0,False,0.9083921313285828,0.7890193800806752,3.3672590255737305,0.3877992331981659,0.5003368258476257,7
61,12,-0.043878769487532526,0.7949439883232117,1.3974719047546387,0.14709650671907834,8.940696716308594e-08,0.0,False,0.9487229585647583,0.824050291519204,3.6977643966674805,0.3537924885749817,0.5000256299972534,7
61,13,-0.005090673641938957,0.808637797832489,1.4043188095092773,0.37201803975871617,8.940696716308594e-08,0.0,False,0.9620959758758545,0.8356659467684154,3.9192161560058594,0.3339604139328003,0.5029535293579102,7
61,14,-0.017000315958717593,0.8033172488212585,1.4016586542129517,0.16135390422173906,2.9802322387695312e-08,0.0,False,0.985572099685669,0.8560570488225754,4.0465087890625,0.3225082755088806,0.5073484182357788,7
61,15,-0.04444597907273658,0.7972469329833984,1.3986234664916992,0.39071445486375267,0.0,0.0,False,1.0133689641952515,0.8802010985640235,4.308119297027588,0.3017565608024597,0.5042043924331665,7
61,16,0.028464009647907244,0.7853872179985046,1.3926935195922852,0.09424916867698957,8.940696716308594e-08,0.0,False,0.9993604421615601,0.8680334509263189,4.192675590515137,0.3097532391548157,0.5001603960990906,7
61,17,0.010002849410668355,0.791567325592041,1.3957836627960205,0.09189222540174213,0.0,0.0,False,1.0083117485046387,0.8758084568275681,4.294952392578125,0.3023911118507385,0.5028068423271179,7
61,18,0.008504093286477773,0.7910041809082031,1.395501971244812,0.0863895128880229,1.1920928955078125e-07,0.0,False,1.030874252319336,0.8954059986368563,4.500142574310303,0.28785640001296997,0.5059800744056702,7
61,19,0.01230214226761994,0.781234085559845,1.3906170129776,0.20133898620094579,2.9802322387695312e-08,0.0,False,1.0505139827728271,0.9124648517608932,4.658535003662109,0.2768954932689667,0.5110565423965454,7
61,20,0.01740797764951653,0.784685492515564,1.3923428058624268,0.10504571135554991,5.960464477539063e-08,0.0,False,1.0496203899383545,0.9116886868867338,4.670121669769287,0.27666252851486206,0.5003461241722107,7
61,21,0.006935877928217109,0.7750007510185242,1.387500286102295,0.6213065055864198,8.940696716308594e-08,0.0,False,1.0684254169464111,0.928022525810015,5.007735252380371,0.25657516717910767,0.5009949207305908,1
61,22,-0.07478770626009876,0.7648380398750305,1.3824189901351929,0.3632961341312953,2.9802322387695312e-08,0.0,False,1.0659030675888062,0.9258316409951348,4.779225826263428,0.2689017057418823,0.5007127523422241,2
61,23,-0.01646056092502754,0.8044822812080383,1.4022412300109863,1.3564933708735876,8.940696716308594e-08,0.0,False,1.0815377235412598,0.9394117306083477,5.68521785736084,0.2236737608909607,0.5727232694625854,7
61,24,0.05721798971396101,0.829768180847168,1.414884090423584,0.8737490943499974,0.0,0.0,False,1.0771632194519043,0.9356120846342072,5.25516939163208,0.24581435322761536,0.5243022441864014,3
62,1,0.020515779244116145,0.8100272417068481,1.4050135612487793,1.1817200609615872,5.960464477539063e-08,0.0,False,1.0291178226470947,0.8938803832078454,4.347066402435303,0.2998616695404053,0.5000627040863037,7
62,2,-0.009975757020318596,0.8336136341094971,1.4168068170547485,0.9300139588969094,0.0,0.0,False,1.017429232597351,0.8837278028881794,4.305286407470703,0.30408573150634766,0.5114355683326721,7
62,3,-0.003940537207847771,0.8014596700668335,1.4007298946380615,0.786770273532186,5.960464477539063e-08,0.0,False,1.0297942161560059,0.8944678911448759,4.2393059730529785,0.3070029616355896,0.5098586678504944,7
62,4,-0.01210205623171351,0.8048730492591858,1.4024364948272705,0.6378247482436044,2.9802322387695312e-08,0.0,False,1.0297046899795532,0.8943901296960373,4.244925022125244,0.3064122200012207,0.5237586498260498,7
62,5,0.030758345382722565,0.8088023066520691,1.4044010639190674,0.7060909739562442,8.940696716308594e-08,0.0,False,1.0381734371185303,0.9017459899982206,4.316405773162842,0.30184608697891235,0.5059782862663269,7
62,6,-0.006901358408589936,0.792441189289093,1.3962206840515137,0.17903942934104375,8.940696716308594e-08,0.0,False,1.0382747650146484,0.9018340022905147,4.272571563720703,0.30415254831314087,0.5010565519332886,7
62,7,0.006762540167419324,0.788418173789978,1.3942091464996338,0.10492875746318261,5.960464477539063e-08,0.0,False,1.047547459602356,0.9098881624741457,4.460844039916992,0.2904389500617981,0.5028338432312012,7
62,8,0.020825956243367565,0.7753613591194153,1.3876807689666748,0.1543645943914143,8.940696716308594e-08,0.0,False,1.0500414371490479,0.9120544038471835,4.444134712219238,0.2907955050468445,0.5015564560890198,7
62,9,0.011994396415863685,0.7668678164482117,1.3834338188171387,0.278068680848394,8.940696716308594e-08,0.0,False,1.058777093887329,0.9196420988816565,4.738940715789795,0.27131059765815735,0.5047410130500793,7
62,10,0.012321163665986613,0.7664834260940552,1.3832416534423828,0.3625038074595588,5.960464477539063e-08,0.0,False,1.0781975984573364,0.9365105348227186,5.126184463500977,0.24980498850345612,0.5048842430114746,3
62,11,0.01660644132480143,0.7604668736457825,1.3802335262298584,0.4955915872539793,8.940696716308594e-08,0.0,False,1.0377072095870972,0.9013410299097951,4.381460189819336,0.29419833421707153,0.5007898807525635,7
62,12,-0.0017459641892417378,0.7661121487617493,1.3830561637878418,0.24100847329412187,8.940696716308594e-08,0.0,False,1.0625817775726318,0.9229468051414851,4.854862213134766,0.2641434669494629,0.5177079439163208,7
62,13,-0.017288922394157323,0.7737337946891785,1.3868669271469116,0.2355211015258517,2.9802322387695312e-08,0.0,False,1.0481022596359253,0.9103700556604235,4.606978416442871,0.27998900413513184,0.5001365542411804,7
62,14,0.026972867332417404,0.7813337445259094,1.3906669616699219,0.2534806856087276,8.940696716308594e-08,0.0,False,1.0518970489501953,0.9136661677787693,4.544116973876953,0.2844625413417816,0.501867413520813,7
62,15,0.007739199553187423,0.7702515721321106,1.385125756263733,0.1421205869742802,2.9802322387695312e-08,0.0,False,1.032118558883667,0.8964867895862262,4.227305889129639,0.3060340881347656,0.5018515586853027,7
62,16,-0.008894604408355846,0.7794331312179565,1.389716625213623,0.1422443964651653,5.960464477539063e-08,0.0,False,1.0470906496047974,0.9094913823517098,4.465892791748047,0.2895858883857727,0.5009372234344482,7
62,17,0.01314147677694478,0.7744166254997253,1.3872082233428955,0.11666164866515569,8.940696716308594e-08,0.0,False,1.0525965690612793,0.9142737632272175,4.466312408447266,0.28924405574798584,0.5008907318115234,7
62,18,-0.006106613556414426,0.7787847518920898,1.389392375946045,0.06660263027463634,0.0,0.0,False,1.0425682067871094,0.9055632384308201,4.322519779205322,0.29951927065849304,0.5036166906356812,7
62,19,0.0133491668380424,0.7912383079528809,1.3956190347671509,0.10478970834187093,1.1920928955078125e-07,0.0,False,1.0362032651901245,0.900034720404406,4.341298580169678,0.29877108335494995,0.511020302772522,7
62,20,0.012947514028580057,0.7904704809188843,1.395235300064087,0.5302163405077798,5.960464477539063e-08,0.0,False,1.0737124681472778,0.9326148001341678,5.128831386566162,0.2506367862224579,0.5139517784118652,7
62,21,-0.08286642446883977,0.7860492467880249,1.3930246829986572,0.10489029969487867,5.960464477539063e-08,0.0,False,1.0694262981414795,0.9288918801701328,5.032826900482178,0.25540995597839355,0.5157442092895508,7
62,22,-0.028759187233998656,0.8013281226158142,1.4006640911102295,0.28329055649893625,2.9802322387695312e-08,0.0,False,1.0706603527069092,0.9299637663464001,5.221370220184326,0.24567139148712158,0.5425469875335693,7
62,23,-0.018064137624291595,0.766929566860199,1.3834648132324219,0.35458138797964367,2.9802322387695312e-08,0.0,False,1.0902068614959717,0.9469416481615266,5.384260177612305,0.23686666786670685,0.5187983512878418,1
62,24,0.02630567712890395,0.8059326410293579,1.4029662609100342,0.5978799185582568,5.960464477539063e-08,0.0,False,1.0292521715164185,0.8939970771530398,4.57364559173584,0.2831970453262329,0.5307890772819519,7
63,1,-0.01614845058256919,0.8041616082191467,1.402080774307251,1.4946303133453642,2.9802322387695312e-08,0.0,False,0.9182952642440796,0.7976211320381846,3.433716058731079,0.38287419080734253,0.5001063346862793,7
63,2,-0.0033822217964590883,0.7563749551773071,1.3781874179840088,0.6795962633831161,5.960464477539063e-08,0.0,False,1.0115773677825928,0.8786449376923928,4.000165939331055,0.3231755793094635,0.5000031590461731,7
63,3,0.026112232396324465,0.7800567746162415,1.3900283575057983,0.3527134018284934,2.9802322387695312e-08,0.0,False,0.9954166412353516,0.8646079089663643,3.8667163848876953,0.33659499883651733,0.5000600814819336,7
63,4,-0.001958262632947831,0.7709277272224426,1.3854639530181885,0.042205755199704764,8.940696716308594e-08,0.0,False,0.9903002381324768,0.8601638576968219,3.823348045349121,0.3398144543170929,0.5014416575431824,7
63,5,0.007233225323066873,0.7700011134147644,1.385000467300415,0.1436189327921185,8.940696716308594e-08,0.0,False,1.0218353271484375,0.887554887988741,4.041309356689453,0.3207172453403473,0.5013055801391602,7
63,6,0.038945864226358345,0.7898338437080383,1.3949170112609863,0.4941837808915548,8.940696716308594e-08,0.0,False,1.0309224128723145,0.8954478303616642,4.124899864196777,0.31535905599594116,0.5007297992706299,7
63,7,0.00765802032305169,0.7888482213020325,1.3944240808486938,0.454626283475331,2.9802322387695312e-08,0.0,False,1.0254356861114502,0.8906821200497558,4.094482898712158,0.31772005558013916,0.5012258291244507,7
63,8,-0.016148492257466233,0.7202213406562805,1.3601106405258179,0.6348521815879005,2.9802322387695312e-08,0.0,False,0.9444436430931091,0.8203333253278831,3.5499138832092285,0.36232423782348633,0.5109178423881531,7
63,9,-0.04268990591452982,0.7377158999443054,1.3688578605651855,0.31753382299627575,8.940696716308594e-08,0.0,False,1.021979570388794,0.8876801760754184,4.042069911956787,0.3181769847869873,0.5058436989784241,7
63,10,0.005374749122827712,0.7977935671806335,1.3988966941833496,0.3204193498407092,8.940696716308594e-08,0.0,False,1.0393645763397217,0.9027806003801047,4.215015888214111,0.3087865710258484,0.5034637451171875,7
63,11,-0.0013691337253704046,0.8044643402099609,1.4022321701049805,0.08940595175538751,0.0,0.0,False,1.0385712385177612,0.9020915159033794,4.223649501800537,0.30846500396728516,0.5072830319404602,7
63,12,0.007751648596227071,0.7891694903373718,1.3945847749710083,0.06229380837508616,2.9802322387695312e-08,0.0,False,1.0329655408859253,0.8972224688059305,4.1607747077941895,0.3123496174812317,0.5054163336753845,7
63,13,0.025591297718859235,0.7960257530212402,1.3980128765106201,0.06599083329950062,0.0,0.0,False,1.0371060371398926,0.9008188581568087,4.1955413818359375,0.31012067198753357,0.5050771236419678,7
63,14,-0.011807265362883377,0.8059463500976562,1.4029731750488281,1.0816026372568948,0.0,0.0,False,1.0286556482315063,0.8934789436111115,4.138655185699463,0.3153868317604065,0.5003942251205444,7
63,15,0.0326481864807234,0.79020756483078,1.3951036930084229,0.8454240815980093,8.940696716308594e-08,0.0,False,1.025854229927063,0.8910456625888665,4.105077743530273,0.31696760654449463,0.5009580850601196,7
63,16,0.02905656777901879,0.7786628603935242,1.389331340789795,0.46504972342933926,8.940696716308594e-08,0.0,False,0.9155763387680054,0.7952595033762542,3.431739330291748,0.3807947337627411,0.5010526776313782,7
63,17,-0.005867188453769289,0.7582903504371643,1.3791451454162598,0.4197159526603561,2.9802322387695312e-08,0.0,False,1.0106875896453857,0.8778720862221785,4.044267177581787,0.3196096420288086,0.5017392635345459,7
63,18,-0.02745101480330568,0.7908919453620911,1.3954460620880127,0.7258671479565759,8.940696716308594e-08,0.0,False,1.0324594974517822,0.8967829250638271,4.150534629821777,0.31335270404815674,0.5024774074554443,7
63,19,0.023146165970849415,0.7851268649101257,1.3925633430480957,0.18558576915945313,8.940696716308594e-08,0.0,False,1.0411405563354492,0.9043231970043347,4.189324378967285,0.3099825084209442,0.5005863904953003,7
63,20,-0.033417531551472084,0.8086549639701843,1.404327392578125,0.5444543595824923,8.940696716308594e-08,0.0,False,1.040297269821167,0.9035907276447023,4.2283124923706055,0.3084436357021332,0.5052588582038879,7
63,21,0.0033239605600798206,0.7922083139419556,1.396104097366333,0.2318493383271354,5.960464477539063e-08,0.0,False,1.0187952518463135,0.8849143121321754,4.097174167633057,0.317549467086792,0.5081484913825989,7
63,22,0.018493345159006424,0.8007181286811829,1.4003591537475586,0.23314537107944489,8.940696716308594e-08,0.0,False,1.0454297065734863,0.9080487055652018,4.288816452026367,0.3035096526145935,0.5004090070724487,7
63,23,0.0012799454102202308,0.7864891886711121,1.3932445049285889,0.10303546914032535,8.940696716308594e-08,0.0,False,1.0315282344818115,0.8959740403257089,4.181792736053467,0.31048837304115295,0.5068840384483337,7
63,24,-0.0037350066017013852,0.7178223133087158,1.3589110374450684,0.5388198218175343,1.1920928955078125e-07,0.0,False,1.0471206903457642,0.9095174754077782,4.278547763824463,0.29863840341567993,0.501911997795105,7
64,1,0.05782883642800605,0.8222958445549011,1.411147952079773,1.0399132711546761,2.9802322387695312e-08,0.0,False,1.0316914319992065,0.8961157918882389,4.367397785186768,0.2980940341949463,0.537212610244751,7
64,2,-0.01584881013529669,0.8185632228851318,1.409281611442566,0.616753529225077,0.0,0.0,False,1.0290582180023193,0.8938286112712018,4.198780059814453,0.31127095222473145,0.5088233947753906,7
64,3,0.04880161064566355,0.8285064697265625,1.4142532348632812,0.7279449722596578,0.0,0.0,False,1.0355041027069092,0.8994274355875777,4.599753379821777,0.2820444703102112,0.5558767318725586,7
64,4,-0.024632447447378327,0.8129805326461792,1.4064903259277344,0.2844073815005167,5.960464477539063e-08,0.0,False,1.0253599882125854,0.8906163696902185,4.316555023193359,0.30139827728271484,0.5306758284568787,7
64,5,0.024490796690575998,0.782269299030304,1.3911347389221191,0.5555714751992906,8.940696716308594e-08,0.0,False,1.0437636375427246,0.9066015763921423,4.721035003662109,0.2731863856315613,0.5081332921981812,7
64,6,-0.024811370219641343,0.8101591467857361,1.4050796031951904,0.4641511514782905,2.9802322387695312e-08,0.0,False,0.9261307716369629,0.8044269672854674,3.5748558044433594,0.36770838499069214,0.500114917755127,7
64,7,-0.018788316087499486,0.8259337544441223,1.4129669666290283,0.20319792202540796,8.940696716308594e-08,0.0,False,0.9235684871673584,0.8022013952730361,3.5211429595947266,0.3748745024204254,0.5002486109733582,2
64,8,-0.04107114508046974,0.8246517777442932,1.4123258590698242,0.28021947188036767,2.9802322387695312e-08,0.0,False,1.011523962020874,0.8785985500371603,4.282057762145996,0.3054448366165161,0.5046478509902954,7
64,9,-0.024925780349929663,0.8164459466934204,1.408223032951355,0.3492662864071982,5.960464477539063e-08,0.0,False,1.0645259618759155,0.9246355021709232,4.939059734344482,0.2619309723377228,0.5218840837478638,7
64,10,0.03181727942368925,0.7793560028076172,1.389677882194519,0.6058702234710965,1.1920928955078125e-07,0.0,False,1.0753058195114136,0.933998767544522,5.039543628692627,0.2551242411136627,0.5000919103622437,2
64,11,0.01010917562813054,0.8134008049964905,1.4067003726959229,1.0456722644822938,2.9802322387695312e-08,0.0,False,1.0143383741378784,0.8810431173415936,4.0924506187438965,0.31963637471199036,0.5000079274177551,7
64,12,0.005778159820203867,0.8240906000137329,1.4120453596115112,0.7326202552233423,5.960464477539063e-08,0.0,False,1.0261690616607666,0.8913191219582175,4.2869791984558105,0.3045821189880371,0.520380437374115,7
64,13,-0.012877554509617911,0.817670464515686,1.4088351726531982,0.5474399775266647,5.960464477539063e-08,0.0,False,1.0418156385421753,0.904909565958759,4.3339738845825195,0.3011265993118286,0.5060490965843201,7
64,14,-0.048742347622315114,0.7947660088539124,1.3973829746246338,0.6029597265379769,2.9802322387695312e-08,0.0,False,1.0243539810180664,0.8897425629435493,4.272597789764404,0.30412769317626953,0.5074816942214966,7
64,15,0.009291796748754742,0.7812060713768005,1.3906030654907227,0.4735683330467768,2.9802322387695312e-08,0.0,False,1.0206092596054077,0.886489939251984,4.161136150360107,0.3118375539779663,0.5030242204666138,7
64,16,-0.001607012262011986,0.7655697464942932,1.3827848434448242,0.7509341048342841,2.9802322387695312e-08,0.0,False,1.0327599048614502,0.8970438556245104,4.149111270904541,0.3117670714855194,0.5000414848327637,7
64,17,-0.014973378136605106,0.7585590481758118,1.379279613494873,0.7363843247294426,8.940696716308594e-08,0.0,False,0.9235957860946655,0.8022251068200188,3.4301064014434814,0.3791773319244385,0.5003417730331421,7
64,18,0.008951418652205024,0.7711220383644104,1.3855609893798828,0.9531438818999698,2.9802322387695312e-08,0.0,False,1.0314452648162842,0.8959019737899011,4.118246078491211,0.3145940601825714,0.5000331401824951,7
64,19,-0.005083635572105786,0.7749720811843872,1.3874859809875488,0.46635674365929186,5.960464477539063e-08,0.0,False,1.0204046964645386,0.8863122579654236,4.068188190460205,0.31889498233795166,0.5003134608268738,7
64,20,0.010405574640190535,0.7528089284896851,1.3764045238494873,0.0854506024292537,5.960464477539063e-08,0.0,False,1.0053088665008545,0.873200186659468,3.969700336456299,0.3254581689834595,0.5010582208633423,7
64,21,-0.037388959463079796,0.7526372671127319,1.3763186931610107,0.7634440277303969,5.960464477539063e-08,0.0,False,1.0183179378509521,0.8844997224635343,4.363516330718994,0.2947227358818054,0.5096848011016846,2
64,22,0.0718000074859177,0.7311109900474548,1.3655555248260498,0.6395687907934189,2.9802322387695312e-08,0.0,False,1.061616063117981,0.922107996223987,4.888049602508545,0.26051831245422363,0.5098929405212402,2
64,23,-0.02977776812137133,0.7606075406074524,1.3803038597106934,0.711548360330718,8.940696716308594e-08,0.0,False,1.0043600797653198,0.8723760809719766,4.1831464767456055,0.30838829278945923,0.5154036283493042,6
64,24,-0.013398469465359896,0.7892988324165344,1.3946495056152344,1.2688996962138586,8.940696716308594e-08,0.0,False,1.042553186416626,0.9055501919027859,4.3719563484191895,0.2967085838317871,0.5016878247261047,7
65,1,-0.03466183356905083,0.8006624579429626,1.4003312587738037,1.0208371537072318,2.9802322387695312e-08,0.0,False,1.0362321138381958,0.9000597780217415,4.231706619262695,0.3074210286140442,0.5136690139770508,7
65,2,0.026982432931482433,0.8088692426681519,1.4044346809387207,1.5573355576821737,5.960464477539063e-08,0.0,False,0.8969924449920654,0.7791177383379204,3.3570125102996826,0.39235642552375793,0.5006871223449707,6
65,3,-0.02413818851032349,0.822908878326416,1.411454439163208,0.48284909129142756,0.0,0.0,False,0.9706150889396667,0.8430655543570627,3.787102460861206,0.34729066491127014,0.5000985860824585,6
65,4,0.08866170095346748,0.8288469314575195,1.4144234657287598,0.5381652797971452,0.0,0.0,False,1.0222386121749878,0.887905176912071,4.162296772003174,0.31507498025894165,0.5000120997428894,7
65,5,0.0013061326412728263,0.7931552529335022,1.3965775966644287,0.879388411130224,2.9802322387695312e-08,0.0,False,1.1136775016784668,0.9673279871975153,5.5367655754089355,0.23163588345050812,0.5001110434532166,6
65,6,-0.13961146512834396,0.7990022301673889,1.399501085281372,0.7996763672147479,2.9802322387695312e-08,0.0,False,1.0713584423065186,0.9305701192683689,4.900966644287109,0.2634270489215851,0.5127499103546143,7
65,7,-0.09135299778466457,0.7965814471244812,1.3982906341552734,0.7896023222378323,8.940696716308594e-08,0.0,False,1.0295474529266357,0.8942535553271718,4.165454864501953,0.31263798475265503,0.5000360012054443,7
65,8,0.09695226843233407,0.8103635311126709,1.4051817655563354,0.9172846358269453,0.0,0.0,False,0.9190609455108643,0.7982861943363072,3.6320459842681885,0.3617108464241028,0.5001466870307922,7
65,9,0.0657869877987468,0.8172730803489685,1.4086365699768066,0.5974907103393761,2.9802322387695312e-08,0.0,False,0.9487749338150024,0.8240954366479571,3.854175329208374,0.3405563533306122,0.5005546808242798,2
65,10,0.16287126496167717,0.8165720701217651,1.4082860946655273,0.9473602308758666,5.960464477539063e-08,0.0,False,1.0091007947921753,0.8764938137248549,4.1163010597229,0.317918598651886,0.5000505447387695,6
65,11,0.08253465212502983,0.8173953294754028,1.4086977243423462,0.40330509628568373,5.960464477539063e-08,0.0,False,1.022840976715088,0.8884283841037904,4.192230224609375,0.3119463324546814,0.5003637075424194,6
65,12,-0.047110797635712076,0.8071414232254028,1.4035706520080566,0.067959263920784,5.960464477539063e-08,0.0,False,1.0321918725967407,0.8965504690682977,4.22570276260376,0.30868950486183167,0.5000476837158203,6
65,13,-0.013163369926161225,0.8191002011299133,1.4095501899719238,0.68036949634552,8.940696716308594e-08,0.0,False,1.029845118522644,0.8945121043787694,4.2883710861206055,0.30474671721458435,0.5001370906829834,6
65,14,0.02057166792218872,0.8199860453605652,1.4099929332733154,0.8002810233405657,8.940696716308594e-08,0.0,False,1.0299005508422852,0.8945602522798479,4.499860763549805,0.2898002564907074,0.5000654458999634,6
65,15,-0.008702822007715973,0.804959237575531,1.402479648590088,0.11983020390783028,2.9802322387695312e-08,0.0,False,0.9969363212585449,0.8659278862630273,4.134460926055908,0.3155369162559509,0.5045380592346191,6
65,16,0.0025527057043332234,0.8024467825889587,1.4012234210968018,0.5221664437225886,2.9802322387695312e-08,0.0,False,1.0182170867919922,0.8844121243467333,4.371848106384277,0.29722315073013306,0.5135796070098877,6
65,17,-0.0021050502589975008,0.8006626963615417,1.4003313779830933,1.1849782456244742,2.9802322387695312e-08,0.0,False,1.0808780193328857,0.9388387188135774,5.239019870758057,0.2459450662136078,0.5000264644622803,7
65,18,-0.023540921943283482,0.7998901009559631,1.3999451398849487,0.557539769581386,8.940696716308594e-08,0.0,False,1.112054467201233,0.9659182373627125,5.562708854675293,0.23075778782367706,0.5012059211730957,7
65,19,-0.016037940565795897,0.795779824256897,1.3978898525238037,0.5661221588296549,5.960464477539063e-08,0.0,False,1.0505454540252686,0.9124921873434411,4.97224235534668,0.25934842228889465,0.5102607011795044,7
65,20,-0.03584599764381126,0.7939088940620422,1.3969544172286987,0.2736747360655239,2.9802322387695312e-08,0.0,False,1.0457158088684082,0.9082972108610906,4.962130069732666,0.2594510316848755,0.5232639312744141,7
65,21,-0.03157924530525918,0.7693783044815063,1.3846890926361084,0.24190713890961238,5.960464477539063e-08,0.0,False,1.026362419128418,0.8914870701206891,4.614836692810059,0.279033362865448,0.5076302289962769,2
65,22,-0.010822527315747815,0.7928085327148438,1.3964042663574219,0.36386025909866604,0.0,0.0,False,0.9886870384216309,0.8587626502315653,4.228734493255615,0.30701562762260437,0.5177440643310547,7
65,23,0.02933431784314869,0.7943730354309082,1.397186517715454,0.37888537240879894,0.0,0.0,False,1.0001487731933594,0.8687181865603659,4.1509294509887695,0.31341561675071716,0.5077811479568481,7
65,24,-0.008209889857782995,0.7834997773170471,1.3917499780654907,0.23907550850084844,8.940696716308594e-08,0.0,False,1.0091196298599243,0.8765101736568343,4.3955183029174805,0.2945733070373535,0.5055004954338074,7
66,1,-0.012253673375223938,0.7961456775665283,1.3980727195739746,1.3575904880251204,1.1920928955078125e-07,0.0,False,0.9648740887641907,0.8380789849634329,3.7828691005706787,0.3455866277217865,0.5011644959449768,7
66,2,0.04782416157816756,0.8020745515823364,1.4010372161865234,0.32696643684591553,5.960464477539063e-08,0.0,False,0.9820778965950012,0.8530220225807228,3.882793426513672,0.33680257201194763,0.5005122423171997,7
66,3,-0.027625517348261963,0.8010343313217163,1.400517225265503,0.5055989591138703,5.960464477539063e-08,0.0,False,0.9173175692558289,0.7967719169614211,3.4629523754119873,0.37924960255622864,0.5000683665275574,7
66,4,0.01088541170539313,0.8112546801567078,1.4056272506713867,0.18087238924843935,8.940696716308594e-08,0.0,False,0.9680272340774536,0.8408177721838113,3.796647071838379,0.34543853998184204,0.501696765422821,7
66,5,0.05056695045937283,0.8068748116493225,1.4034373760223389,0.10731482292924616,2.9802322387695312e-08,0.0,False,0.9404938220977783,0.8169025544023275,3.626615047454834,0.36196964979171753,0.5007460117340088,7
66,6,0.038201239915222375,0.7597904801368713,1.3798952102661133,0.4456259555050305,2.9802322387695312e-08,0.0,False,0.9771360158920288,0.8487295595416727,3.854444980621338,0.33574312925338745,0.515516996383667,2
66,7,0.007050287910662714,0.78464674949646,1.3923234939575195,0.9358872036848748,1.1920928955078125e-07,0.0,False,1.0127543210983276,0.8796672263533556,4.062128067016602,0.3200862407684326,0.5002290606498718,7
66,8,-0.011320710594312049,0.7794012427330017,1.3897006511688232,0.7161983783755983,2.9802322387695312e-08,0.0,False,0.8821596503257751,0.7662341365883727,3.2540218830108643,0.4023929834365845,0.5009268522262573,7
66,9,0.03570561807789256,0.7861011028289795,1.3930506706237793,0.9460204658763749,1.1920928955078125e-07,0.0,False,1.002983808517456,0.871180666954878,4.014437675476074,0.32415103912353516,0.5003476142883301,7
66,10,0.04675488397944221,0.8089158535003662,1.4044580459594727,0.5696585550904274,1.1920928955078125e-07,0.0,False,1.0095232725143433,0.8768607732117841,4.260976314544678,0.30613523721694946,0.5000098943710327,7
66,11,-0.06955912537160332,0.8265562653541565,1.4132781028747559,0.8820085259420531,2.9802322387695312e-08,0.0,False,0.9945633411407471,0.8638667419213758,4.170455455780029,0.31412357091903687,0.5052205324172974,2
66,12,0.011943114256802868,0.8192681670188904,1.4096341133117676,0.5295925842864173,2.9802322387695312e-08,0.0,False,1.0149320363998413,0.8815587658305629,4.334704399108887,0.3013112545013428,0.5013251304626465,7
66,13,-0.03641575434190661,0.8072320818901062,1.403615951538086,0.6467188532863346,8.940696716308594e-08,0.0,False,0.9101696610450745,0.790563322775258,3.4112367630004883,0.38560032844543457,0.5059266686439514,7
66,14,0.016584664420255302,0.7963603734970093,1.3981802463531494,0.8234089283006533,5.960464477539063e-08,0.0,False,1.0168297290802002,0.883207080749419,4.172073841094971,0.31186845898628235,0.508620023727417,7
66,15,-0.011588310478811863,0.8032616376876831,1.4016308784484863,0.28555188647338325,5.960464477539063e-08,0.0,False,0.9898927211761475,0.8598098929659902,3.8723442554473877,0.33785268664360046,0.5000147819519043,7
66,16,0.031720565993982264,0.7844076752662659,1.3922038078308105,0.5101112914936884,2.9802322387695312e-08,0.0,False,1.0120830535888672,0.8790841708028764,4.0404486656188965,0.3218449652194977,0.5007385611534119,7
66,17,0.0327335776416516,0.7939561009407043,1.3969781398773193,0.5907622597047261,8.940696716308594e-08,0.0,False,0.9416757225990295,0.8179291401340317,3.584027051925659,0.3653721809387207,0.5000461935997009,7
66,18,0.0007990215129491029,0.7980577349662781,1.3990287780761719,0.0810248926281929,8.940696716308594e-08,0.0,False,0.9628164172172546,0.8362917141666256,3.699069023132324,0.353904664516449,0.5003727674484253,7
66,19,-0.0014465506669370243,0.8087524175643921,1.4043762683868408,0.47536656899111607,5.960464477539063e-08,0.0,False,1.0124993324279785,0.8794457460083946,4.020199298858643,0.32530301809310913,0.50011146068573,7
66,20,-0.0011835424150816298,0.7938852310180664,1.3969426155090332,0.3294169753789902,0.0,0.0,False,0.9112494587898254,0.7915012231794918,3.386082172393799,0.3875202536582947,0.5002764463424683,7
66,21,-0.005827244318493032,0.797880232334137,1.3989402055740356,0.3601296895316667,8.940696716308594e-08,0.0,False,0.938391923904419,0.8150768688285308,3.550325632095337,0.36930495500564575,0.500072181224823,7
66,22,-0.00814324795944746,0.7963115572929382,1.398155689239502,0.17432669975927906,8.940696716308594e-08,0.0,False,0.997949481010437,0.8668079056420936,3.946617364883423,0.33071932196617126,0.5000025033950806,7
66,23,0.032845987187285285,0.8007310032844543,1.4003655910491943,0.3116589550461087,8.940696716308594e-08,0.0,False,1.0381678342819214,0.9017411234361762,4.252712726593018,0.30609971284866333,0.5042074918746948,7
66,24,-0.01773503507325355,0.7931566834449768,1.396578311920166,1.1776483186653683,2.9802322387695312e-08,0.0,False,1.0279014110565186,0.8928238215248245,4.104243278503418,0.31726038455963135,0.5002679824829102,7
67,1,-0.000940280513489147,0.7931546568870544,1.3965773582458496,1.1967308819293976,2.9802322387695312e-08,0.0,False,1.022796630859375,0.8883898657829277,4.278900623321533,0.30375537276268005,0.5001108646392822,7
67,2,0.023579330919246664,0.8012019991874695,1.4006009101867676,0.34576618671417236,8.940696716308594e-08,0.0,False,0.9365516304969788,0.8134784102846624,3.588686227798462,0.3654901385307312,0.5000073909759521,7
67,3,0.011996092793817857,0.8029907941818237,1.4014954566955566,0.34110649728349285,5.960464477539063e-08,0.0,False,0.9459937214851379,0.8216797063122343,3.69105863571167,0.3550960421562195,0.5005561709403992,7
67,4,-0.059855552188018316,0.8073846697807312,1.403692364692688,0.7020885821964059,2.9802322387695312e-08,0.0,False,1.0162913799285889,0.8827394766176548,4.271173477172852,0.3052450120449066,0.5009012818336487,2
67,5,-0.007009449589798837,0.8141900300979614,1.407094955444336,0.5318280878875937,5.960464477539063e-08,0.0,False,0.9163808822631836,0.7959583209770683,3.6007275581359863,0.3652530610561371,0.5017141699790955,2
67,6,0.03666885877417177,0.7923191785812378,1.3961596488952637,0.44337240553327983,5.960464477539063e-08,0.0,False,0.9491032361984253,0.8243805964749896,3.835726022720337,0.3403705060482025,0.5000482201576233,7
67,7,0.02258097326143873,0.8032102584838867,1.4016051292419434,0.2248341238924435,0.0,0.0,False,0.9931201338768005,0.8626131880194264,4.023977756500244,0.3245309591293335,0.5021597146987915,7
67,8,-0.00410790978450567,0.8067452311515808,1.4033725261688232,0.1332393331187113,8.940696716308594e-08,0.0,False,0.9886545538902283,0.8587344345260945,3.9606270790100098,0.3302341103553772,0.5011065006256104,7
67,9,0.0011157031950511159,0.8036655783653259,1.4018326997756958,0.39917369080441345,8.940696716308594e-08,0.0,False,0.9922269582748413,0.8618373855488234,4.053775310516357,0.3220837116241455,0.5018270015716553,7
67,10,0.02553882797484869,0.7823168039321899,1.3911583423614502,0.5165309363177845,5.960464477539063e-08,0.0,False,0.946308970451355,0.8219535280851418,3.6190993785858154,0.36071082949638367,0.5006064772605896,7
67,11,0.02833206911885007,0.8019573092460632,1.400978684425354,0.5117649755307606,2.9802322387695312e-08,0.0,False,0.9903613924980164,0.8602169757038182,4.219539165496826,0.30878621339797974,0.5010579228401184,7
67,12,0.04816885829139363,0.8029158115386963,1.4014579057693481,0.9658386494432177,0.0,0.0,False,1.0551588535308838,0.9164993352396488,4.575606822967529,0.2833540439605713,0.5143795609474182,2
67,13,0.04180441559442993,0.7618516683578491,1.3809258937835693,1.4206890655415398,5.960464477539063e-08,0.0,False,1.0215299129486084,0.8872896085853798,4.105957508087158,0.3147355020046234,0.5070164799690247,7
67,14,0.02421858636650068,0.7817177176475525,1.3908588886260986,0.20270529176507696,2.9802322387695312e-08,0.0,False,1.0489832162857056,0.9111352448840147,4.497733116149902,0.2872759699821472,0.5124232172966003,7
67,15,-0.002413438769705982,0.7895866632461548,1.3947932720184326,0.5389054747564451,5.960464477539063e-08,0.0,False,1.0017180442810059,0.8700812381083163,4.086328506469727,0.318454384803772,0.5004538297653198,2
67,16,-0.029170269527073314,0.7998968362808228,1.3999483585357666,0.6239565110632352,5.960464477539063e-08,0.0,False,1.1297681331634521,0.981304132126051,5.873247146606445,0.21779334545135498,0.5022043585777283,2
67,17,0.03696316016987804,0.8128771781921387,1.4064385890960693,0.8186798053128379,0.0,0.0,False,1.0559874773025513,0.9172190687028668,4.9884724617004395,0.25945985317230225,0.5060414671897888,7
67,18,0.07277167396108103,0.7970947623252869,1.3985475301742554,0.567120841571263,1.4901161193847656e-07,0.0,False,1.0501543283462524,0.9121524598951863,5.20358943939209,0.24564461410045624,0.5686655640602112,3
67,19,-0.06280387780312909,0.7932491302490234,1.3966245651245117,0.8752825441105024,0.0,0.0,False,1.053815245628357,0.9153322922438307,4.635244846343994,0.2785624861717224,0.5290952324867249,3
67,20,0.002632196909397643,0.8043655753135681,1.402182698249817,0.582685069314071,8.940696716308594e-08,0.0,False,1.031148910522461,0.8956445637209096,4.925814628601074,0.2598766088485718,0.5994911193847656,3
67,21,-0.012945174109482031,0.7947096228599548,1.3973548412322998,0.6016082263418607,2.9802322387695312e-08,0.0,False,1.0609030723571777,0.9214887003178572,4.89173698425293,0.2634260654449463,0.523530900478363,3
67,22,-0.0790226498807747,0.7986566424369812,1.399328351020813,0.7225104655538286,2.9802322387695312e-08,0.0,False,1.0322784185409546,0.8966256419203041,4.709049701690674,0.27380919456481934,0.545732319355011,3
67,23,-0.03508788463218712,0.8002233505249023,1.4001116752624512,0.20910652514014927,0.0,0.0,False,1.031795620918274,0.8962062892334917,4.570876121520996,0.2838112711906433,0.5033175945281982,3
67,24,-0.010837209350254857,0.8062695860862732,1.4031347036361694,0.300829002899783,8.940696716308594e-08,0.0,False,1.022134780883789,0.8878149901984381,4.540714740753174,0.2860409915447235,0.5072556734085083,3
68,1,-0.006094345485264689,0.8087208867073059,1.4043605327606201,1.2042839122670037,8.940696716308594e-08,0.0,False,1.008204698562622,0.8757154744293564,4.002920150756836,0.32674339413642883,0.5009109973907471,7
68,2,-0.028270547253184612,0.8210831880569458,1.4105415344238281,0.581983717424529,5.960464477539063e-08,0.0,False,1.0318875312805176,0.896286121559796,4.179838180541992,0.3131314814090729,0.5013929605484009,7
68,3,0.011871099980880267,0.823639988899231,1.4118199348449707,0.48346898811204114,5.960464477539063e-08,0.0,False,1.0335707664489746,0.8977481610506087,4.211291313171387,0.3107340335845947,0.505488395690918,7
68,4,-0.02013597853411169,0.8093103170394897,1.4046552181243896,0.9257057309150696,5.960464477539063e-08,0.0,False,1.0388343334197998,0.9023200372317239,4.1990461349487305,0.31086796522140503,0.5006259679794312,7
68,5,0.032380747702797946,0.8011384606361389,1.400569200515747,0.7525447053568703,2.9802322387695312e-08,0.0,False,0.9827227592468262,0.853582143163269,3.8211522102355957,0.3423798680305481,0.5008384585380554,7
68,6,0.011278688757038318,0.7865678668022156,1.3932838439941406,0.07783167277063649,8.940696716308594e-08,0.0,False,0.9877088665962219,0.8579130209793087,3.8166303634643555,0.3416954278945923,0.5000317096710205,7
68,7,0.0391154057923713,0.7846487164497375,1.392324447631836,0.22368753807885317,8.940696716308594e-08,0.0,False,0.9140150547027588,0.7939033892678141,3.3841679096221924,0.3869076371192932,0.5001420974731445,7
68,8,0.018881527789963774,0.7821033000946045,1.3910517692565918,0.1347847219024384,1.1920928955078125e-07,0.0,False,0.9607118964195251,0.8344637506276165,3.665036916732788,0.3559977114200592,0.5008472204208374,7
68,9,0.0011836572701189167,0.7976585626602173,1.3988293409347534,0.30018437121595676,5.960464477539063e-08,0.0,False,0.9650094509124756,0.8381965590315503,3.7330286502838135,0.3504268229007721,0.504015326499939,7
68,10,-0.014889973873170499,0.7951291799545288,1.3975646495819092,0.1989159839493888,5.960464477539063e-08,0.0,False,1.0116620063781738,0.8787184538424266,4.074463844299316,0.3194895088672638,0.5122463703155518,7
68,11,-0.017498371469205645,0.7985881567001343,1.3992940187454224,0.16465186221258987,5.960464477539063e-08,0.0,False,0.99674391746521,0.865760766451542,4.140524387359619,0.314065545797348,0.5244560837745667,7
68,12,0.0014498870908143126,0.7666019797325134,1.383301019668579,0.3688641999449048,2.9802322387695312e-08,0.0,False,0.9402937889099121,0.8167288077829519,3.62213134765625,0.3589998483657837,0.5035476684570312,7
68,13,-8.587487020665294e-05,0.7868309617042542,1.3934155702590942,0.15960904051150576,8.940696716308594e-08,0.0,False,0.8769052028656006,0.7616701815135639,3.2232649326324463,0.40708988904953003,0.5007373094558716,7
68,14,-0.061604509368622114,0.7934786677360535,1.3967392444610596,0.2812160290777683,8.940696716308594e-08,0.0,False,0.8680808544158936,0.7540054498373654,3.1774675846099854,0.4138297736644745,0.5000379085540771,7
68,15,-0.012864135730389373,0.8067836761474609,1.4033918380737305,0.3109077917678016,0.0,0.0,False,0.8809773325920105,0.765207188453112,3.263756513595581,0.4037613570690155,0.5011528730392456,7
68,16,0.09616301841028285,0.8111810088157654,1.405590534210205,0.07769766875675743,2.9802322387695312e-08,0.0,False,0.911765992641449,0.7919498787824445,3.4287827014923096,0.3839791715145111,0.5032555460929871,7
68,17,-0.010456531698747995,0.7857182025909424,1.3928589820861816,0.3753499282257898,1.1920928955078125e-07,0.0,False,0.8807258009910583,0.7649887108804764,3.2268240451812744,0.4065357744693756,0.5000640153884888,7
68,18,0.010751799134956398,0.8086487054824829,1.4043242931365967,0.30838409012981827,5.960464477539063e-08,0.0,False,0.8816725611686707,0.765811056322122,3.2609360218048096,0.40430837869644165,0.5008445382118225,7
68,19,0.015252720442954174,0.7959781289100647,1.39798903465271,0.3233088526342598,2.9802322387695312e-08,0.0,False,0.9087827205657959,0.7893586415815,3.374575614929199,0.389075368642807,0.5004271864891052,7
68,20,0.04609263914423831,0.8079143166542053,1.4039571285247803,0.3024707926171167,2.9802322387695312e-08,0.0,False,0.8950023055076599,0.7773891251453302,3.3325254917144775,0.3952654004096985,0.5003349781036377,7
68,21,-0.008127511441328332,0.7901536822319031,1.3950769901275635,0.18048852894987374,1.4901161193847656e-07,0.0,False,0.9572614431381226,0.8314667249872603,3.670786142349243,0.35596758127212524,0.5049666166305542,7
68,22,0.010083147573419424,0.8144242167472839,1.4072120189666748,0.379771178322179,8.940696716308594e-08,0.0,False,1.042973518371582,0.905915287599996,4.5100884437561035,0.28808197379112244,0.5243048667907715,7
68,23,-0.007143279750013918,0.8196024298667908,1.4098011255264282,0.6931895102773393,8.940696716308594e-08,0.0,False,1.0083932876586914,0.8758792808368965,4.326423645019531,0.30005934834480286,0.5662501454353333,7
68,24,0.022401621267809826,0.8072136044502258,1.4036067724227905,0.6383624140705381,2.9802322387695312e-08,0.0,False,1.0151686668395996,0.8817643004190376,4.307676315307617,0.3015362620353699,0.5360579490661621,7
69,1,0.016289809953630472,0.811502993106842,1.4057515859603882,1.340062054140227,8.940696716308594e-08,0.0,False,0.9675430655479431,0.840397228742456,3.7874093055725098,0.3463750183582306,0.5002948045730591,7
69,2,0.024881809736784607,0.8205301761627197,1.4102650880813599,1.3089551883084432,0.0,0.0,False,0.9428814649581909,0.8189764346403933,3.6324148178100586,0.36249786615371704,0.5003882050514221,6
69,3,0.0244958897003064,0.8359145522117615,1.4179573059082031,0.7443767626370703,2.9802322387695312e-08,0.0,False,0.9782308340072632,0.8496805064739407,4.04676628112793,0.3249834179878235,0.5000109076499939,7
69,4,0.0030493021536883566,0.8164857625961304,1.40824294090271,0.09762208802359437,5.960464477539063e-08,0.0,False,1.0177903175354004,0.8840414372803659,4.3803277015686035,0.29788464307785034,0.5000343322753906,7
69,5,-0.0068359060208283435,0.7947102785110474,1.3973551988601685,0.4039381987282208,5.960464477539063e-08,0.0,False,0.9450539946556091,0.8208634699591126,3.70668625831604,0.3526197373867035,0.5098289251327515,2
69,6,-0.0067142255313557934,0.7962592840194702,1.3981297016143799,0.9104464543717248,5.960464477539063e-08,0.0,False,1.0831005573272705,0.9407691907871406,5.083425521850586,0.25319015979766846,0.5176172852516174,7
69,7,-0.002190289939452769,0.8081805109977722,1.404090166091919,0.7971999219485693,8.940696716308594e-08,0.0,False,1.050400972366333,0.9123666921690171,4.504183292388916,0.28818008303642273,0.521833062171936,7
69,8,-0.03658199584698684,0.8064061999320984,1.403203010559082,0.20579217374324796,8.940696716308594e-08,0.0,False,1.051113486289978,0.9129855738996537,4.818511962890625,0.2674870789051056,0.5515737533569336,7
69,9,-0.017911243175295535,0.7704075574874878,1.3852037191390991,0.8229552730917932,5.960464477539063e-08,0.0,False,1.0517544746398926,0.913542329306318,5.459373950958252,0.2310115098953247,0.6173105239868164,1
69,10,0.003821415355503381,0.7620915174484253,1.381045937538147,0.1948593503662518,1.7881393432617188e-07,0.0,False,1.0886106491088867,0.9455551956982133,5.836365699768066,0.21566353738307953,0.5819495916366577,1
69,11,-0.002298430809238295,0.7694194912910461,1.3847097158432007,0.42180415349347244,2.9802322387695312e-08,0.0,False,1.0774328708648682,0.9358463008755824,5.278477668762207,0.24163727462291718,0.532817542552948,7
69,12,0.010462156340433551,0.7608534693717957,1.3804266452789307,0.27997822846685133,8.940696716308594e-08,0.0,False,1.1034961938858032,0.9584846156116905,5.844719886779785,0.21618734300136566,0.5467324256896973,7
69,13,-0.009681009039817574,0.8021474480628967,1.401073694229126,0.9034292293446404,2.9802322387695312e-08,0.0,False,1.0298635959625244,0.8945281536791289,4.3460540771484375,0.29837656021118164,0.5378338694572449,7
69,14,-0.010693857599015132,0.8003140687942505,1.4001569747924805,0.09436697406428193,5.960464477539063e-08,0.0,False,1.0321018695831299,0.8964722934439661,4.32296085357666,0.30041566491127014,0.5205792188644409,7
69,15,-0.0139562228389855,0.7874241471290588,1.393712043762207,0.1309397029025214,2.9802322387695312e-08,0.0,False,1.0412564277648926,0.9044238416491697,4.259424686431885,0.3046567440032959,0.5063424110412598,7
69,16,-0.00573362666690056,0.7782161235809326,1.3891081809997559,0.18665427608149399,1.1920928955078125e-07,0.0,False,1.0322420597076416,0.8965940610389516,4.155055999755859,0.31217285990715027,0.5005175471305847,7
69,17,0.014317067213420452,0.7892748713493347,1.3946374654769897,0.23901183051722397,2.9802322387695312e-08,0.0,False,1.0153546333312988,0.8819258288613654,4.101860523223877,0.3171148896217346,0.5026726722717285,7
69,18,0.011418867901090637,0.7913843989372253,1.395692229270935,0.5545364788600377,2.9802322387695312e-08,0.0,False,1.0179027318954468,0.8841390791528755,4.140926837921143,0.3142125904560089,0.5000216960906982,7
69,19,0.022756771636102957,0.786532461643219,1.393266201019287,0.13805251249245235,2.9802322387695312e-08,0.0,False,1.0231214761734009,0.8886720228376348,4.169570446014404,0.3116207718849182,0.5002487897872925,7
69,20,-0.010486729415824797,0.7831289768218994,1.3915644884109497,0.9295183537261826,0.0,0.0,False,0.9574095010757446,0.8315953264778827,3.7538976669311523,0.3473382592201233,0.5007400512695312,7
69,21,0.017264304275544255,0.7839897274971008,1.3919949531555176,0.7462824263742993,8.940696716308594e-08,0.0,False,1.0384985208511353,0.9020283541406744,4.501135349273682,0.2874983847141266,0.500839352607727,7
69,22,-0.0065319286925395025,0.7995470762252808,1.3997735977172852,0.29880326134817925,5.960464477539063e-08,0.0,False,0.9993489384651184,0.8680234589425466,4.0187458992004395,0.3247619569301605,0.5002551674842834,7
69,23,0.008615143727368553,0.784603476524353,1.3923017978668213,0.41986079939774096,5.960464477539063e-08,0.0,False,1.0823872089385986,0.9401495842493911,5.2056050300598145,0.24682176113128662,0.5000893473625183,7
69,24,0.004217118500203598,0.794857919216156,1.3974289894104004,0.3063594060284749,2.9802322387695312e-08,0.0,False,1.0338587760925293,0.8979983230484702,4.442824363708496,0.29214563965797424,0.5002375841140747,7
70,1,-0.030409983021958156,0.8011823892593384,1.400591254234314,1.4488400870135851,5.960464477539063e-08,0.0,False,0.9226134419441223,0.8013718535321971,3.5562663078308105,0.3688007593154907,0.5052740573883057,7
70,2,-0.014311533909994241,0.8037699460983276,1.4018850326538086,0.1392142777996404,5.960464477539063e-08,0.0,False,0.954660177230835,0.8292072941282641,3.6994800567626953,0.35416820645332336,0.5059258341789246,7
70,3,-0.00027768532848979977,0.7892047762870789,1.3946022987365723,0.5644392924649375,8.940696716308594e-08,0.0,False,1.0103976726531982,0.8776202675223445,4.043046951293945,0.32165637612342834,0.5124323964118958,7
70,4,-0.018534928905267676,0.7871756553649902,1.3935878276824951,0.4389838746615819,0.0,0.0,False,0.9895116686820984,0.8594789149750283,3.890209197998047,0.33490103483200073,0.5045558214187622,7
70,5,-0.00895365764536156,0.7980872392654419,1.3990435600280762,0.11831667593547274,5.960464477539063e-08,0.0,False,0.9962448477745056,0.8653272800260259,4.019079208374023,0.3246355950832367,0.5000131130218506,7
70,6,0.004673733732889528,0.7991433143615723,1.3995716571807861,0.23163912125996186,0.0,0.0,False,1.0227159261703491,0.8883197665807123,4.150834560394287,0.3139580488204956,0.5002490878105164,7
70,7,0.010025511587185528,0.7978813052177429,1.3989405632019043,0.2354403563908169,8.940696716308594e-08,0.0,False,1.006649374961853,0.8743645375145805,4.067667484283447,0.320572167634964,0.5002248287200928,7
70,8,-0.004536153386189285,0.8023563027381897,1.4011781215667725,0.16290094224470014,2.9802322387695312e-08,0.0,False,1.0099561214447021,0.8772367410156893,4.279721736907959,0.3042941689491272,0.5003194808959961,7
70,9,0.03637693402059712,0.8089339137077332,1.4044668674468994,0.40379516141755223,8.940696716308594e-08,0.0,False,1.051572561264038,0.913384321355682,4.783675670623779,0.2710648775100708,0.5026554465293884,7
70,10,-0.02167565191470216,0.8039623498916626,1.4019811153411865,0.2862182142479079,5.960464477539063e-08,0.0,False,1.0014500617980957,0.8698484714811671,4.113611221313477,0.31726205348968506,0.500145435333252,7
70,11,-0.0371594152319742,0.8020359873771667,1.4010179042816162,0.18686072741236,8.940696716308594e-08,0.0,False,1.0169645547866821,0.8833241888701067,4.419504642486572,0.2941918969154358,0.5008947849273682,7
70,12,0.016302011623100927,0.80746990442276,1.4037350416183472,0.32062627215470585,8.940696716308594e-08,0.0,False,0.9982640743255615,0.8670811579236981,4.320464134216309,0.30151185393333435,0.5042710900306702,2
70,13,-0.013345133559492885,0.786950945854187,1.3934755325317383,0.435143987515143,5.960464477539063e-08,0.0,False,0.9597501158714294,0.8336283586579368,3.823060989379883,0.34112775325775146,0.5000295639038086,7
70,14,-0.016326336339849066,0.7914038896560669,1.3957018852233887,0.2744787425867149,5.960464477539063e-08,0.0,False,1.0216271877288818,0.887374100385982,4.434520721435547,0.29240816831588745,0.5036717653274536,7
70,15,-0.010112369806531674,0.7777385115623474,1.3888691663742065,0.7388099133968353,8.940696716308594e-08,0.0,False,1.0280823707580566,0.8929810011244742,4.469243049621582,0.28925850987434387,0.5007193088531494,2
70,16,0.012979221613082039,0.7800836563110352,1.3900418281555176,0.5252886073929923,0.0,0.0,False,1.0341274738311768,0.8982317109388591,4.670619010925293,0.2762884497642517,0.5031225681304932,2
70,17,0.02238041742192394,0.7966370582580566,1.3983185291290283,0.38679765803473337,0.0,0.0,False,1.059375524520874,0.9201618891255574,4.763354301452637,0.27145859599113464,0.5076104998588562,7
70,18,-0.002455518771910829,0.7869452238082886,1.393472671508789,0.2067852978195463,5.960464477539063e-08,0.0,False,1.0811941623687744,0.9391133171655345,4.916790008544922,0.26223841309547424,0.500023603439331,7
70,19,0.0508410196998153,0.8015003204345703,1.4007501602172852,0.18149564734527052,0.0,0.0,False,1.0910543203353882,0.947677741556724,5.340166091918945,0.2405274659395218,0.5192285776138306,7
70,20,0.07219668012900683,0.793762743473053,1.396881341934204,0.42142413130828316,2.9802322387695312e-08,0.0,False,1.1121132373809814,0.965969284492243,5.570730686187744,0.23016712069511414,0.5001012086868286,3
70,21,0.0026911572887671053,0.7542600035667419,1.3771300315856934,0.7186767820801053,2.9802322387695312e-08,0.0,False,1.0278816223144531,0.8928066332418588,4.228991985321045,0.3047836422920227,0.5030027031898499,7
70,22,-0.05002862790137811,0.8023583292961121,1.4011790752410889,1.314171158841678,8.940696716308594e-08,0.0,False,1.1422847509384155,0.9921759281895686,6.182518482208252,0.20626422762870789,0.503147542476654,2
70,23,-0.03217839820728451,0.7912657856941223,1.3956328630447388,0.8725453061716897,2.9802322387695312e-08,0.0,False,1.049931287765503,0.9119587293082663,4.874542236328125,0.2647796869277954,0.5031254887580872,7
70,24,-0.009646915989971909,0.7914749383926392,1.3957374095916748,0.16738746208803995,5.960464477539063e-08,0.0,False,1.0613434314727783,0.9218711913857796,4.97490930557251,0.2591710388660431,0.5031626224517822,7
71,1,0.02926545594958934,0.8018145561218262,1.400907278060913,1.3923490877662386,0.0,0.0,False,0.95746248960495,0.8316413517295589,3.6485366821289062,0.35930198431015015,0.5005278587341309,7
71,2,0.023297777111330086,0.8055322766304016,1.402766227722168,0.08389658800193248,8.940696716308594e-08,0.0,False,0.928114116191864,0.8061496784772801,3.4953389167785645,0.3759901523590088,0.500313401222229,7
71,3,-0.007998968359347698,0.8150045275688171,1.4075024127960205,0.3279282887067113,1.4901161193847656e-07,0.0,False,0.9013499021530151,0.7829025775381809,3.360306978225708,0.39253562688827515,0.500005841255188,7
71,4,0.058139209209064055,0.8024663925170898,1.401233196258545,0.10356407559343728,0.0,0.0,False,0.9384745955467224,0.8151486765046553,3.546449661254883,0.37011533975601196,0.5000513792037964,7
71,5,-0.0041827093315590196,0.805867612361908,1.4029338359832764,0.4023101691688809,2.9802322387695312e-08,0.0,False,0.915033757686615,0.7947882234369883,3.494486093521118,0.37611696124076843,0.5002208948135376,7
71,6,0.006364682701927814,0.8112688064575195,1.4056344032287598,0.14475617132016594,0.0,0.0,False,0.8716334104537964,0.757091160805192,3.2221288681030273,0.40962451696395874,0.5000014901161194,7
71,7,-0.0025226519529053175,0.8063218593597412,1.4031610488891602,0.11762761963265272,1.1920928955078125e-07,0.0,False,0.9063451290130615,0.787241376460527,3.372893810272217,0.3902227282524109,0.5002748966217041,7
71,8,-0.00963112534739442,0.8051422238349915,1.402571201324463,0.07547326385974884,8.940696716308594e-08,0.0,False,0.9350168704986572,0.8121453346880286,3.531437397003174,0.3719657063484192,0.5004568099975586,7
71,9,-0.025549889635887498,0.8006393909454346,1.4003196954727173,0.5279166006616183,0.0,0.0,False,1.0156564712524414,0.8821880019485281,4.128818035125732,0.3157697319984436,0.5016845464706421,7
71,10,0.015355941832909215,0.781416118144989,1.390708088874817,0.47603734795536323,2.9802322387695312e-08,0.0,False,0.9777657985687256,0.849276581824248,3.8012349605560303,0.34268978238105774,0.5015453696250916,7
71,11,0.04288670116492065,0.8099778294563293,1.4049890041351318,0.3427107664091246,8.940696716308594e-08,0.0,False,0.994814395904541,0.8640848053185183,3.9423179626464844,0.3321020007133484,0.5,7
71,12,0.03555784007876143,0.8113201260566711,1.4056601524353027,0.5377305597066879,8.940696716308594e-08,0.0,False,1.0150156021118164,0.8816313500857371,4.097590923309326,0.31901782751083374,0.5019530057907104,7
71,13,-0.012292847514846094,0.8091886043548584,1.4045943021774292,0.5232826716133527,0.0,0.0,False,1.021284580230713,0.8870765152941551,4.141185283660889,0.3152250051498413,0.5068486928939819,7
71,14,0.03445346892907392,0.8202816843986511,1.4101407527923584,0.46840703061648786,8.940696716308594e-08,0.0,False,1.0194251537322998,0.8854614379586241,4.170902729034424,0.31381815671920776,0.5000612139701843,7
71,15,0.005217469637233985,0.8202706575393677,1.410135269165039,0.21327676304749077,5.960464477539063e-08,0.0,False,1.0016698837280273,0.8700394063835084,4.210598945617676,0.3107081353664398,0.500551164150238,7
71,16,0.043362010516848654,0.8139418363571167,1.4069709777832031,0.20280849082129357,5.960464477539063e-08,0.0,False,1.0124025344848633,0.8793616683832856,4.107439994812012,0.3184300661087036,0.5008863806724548,7
71,17,0.014748301086791206,0.8187978863716125,1.4093990325927734,0.24249606685979028,8.940696716308594e-08,0.0,False,1.0024123191833496,0.8706842776263399,4.25265645980835,0.3074101209640503,0.5000487565994263,7
71,18,-0.010104862404904751,0.8114258646965027,1.4057129621505737,0.15013464433806287,2.9802322387695312e-08,0.0,False,1.0106701850891113,0.8778569688166785,4.171597480773926,0.31316739320755005,0.5000128746032715,7
71,19,0.0010694778748435445,0.8050776720046997,1.402538776397705,0.4743782367025102,5.960464477539063e-08,0.0,False,0.9912864565849304,0.8610204761605255,4.1581130027771,0.3130393922328949,0.5269854068756104,7
71,20,-0.005969504911782529,0.8031744956970215,1.4015872478485107,0.5320734168801988,0.0,0.0,False,1.0393028259277344,0.9027269646537419,4.390149116516113,0.2963167726993561,0.5011715888977051,7
71,21,0.026997410197710698,0.7810843586921692,1.3905422687530518,0.21038651679243373,8.940696716308594e-08,0.0,False,1.066622018814087,0.9264561140949289,4.720781326293945,0.27299147844314575,0.5134751796722412,7
71,22,0.004771424984959938,0.7852688431739807,1.392634391784668,0.7172873318195342,2.9802322387695312e-08,0.0,False,1.0675808191299438,0.9272889174677764,4.902985095977783,0.26289933919906616,0.5009348392486572,3
71,23,0.02638863138605149,0.8016409277915955,1.4008204936981201,0.7594996871692793,2.9802322387695312e-08,0.0,False,1.0649772882461548,0.9250275192751879,5.032618045806885,0.2565269470214844,0.5045431852340698,7
71,24,0.0070629725324377725,0.8011510372161865,1.4005756378173828,0.5253644564322063,1.1920928955078125e-07,0.0,False,1.0399705171585083,0.9033069138880225,4.685362815856934,0.27667173743247986,0.5003024339675903,2
72,1,0.049137809407233925,0.7802033424377441,1.3901017904281616,1.3904658960444587,1.1920928955078125e-07,0.0,False,0.9496825933456421,0.8248838196991646,3.6034128665924072,0.36217284202575684,0.5001676678657532,7
72,2,0.00016021550124250368,0.7819308638572693,1.390965461730957,0.30581974451031013,2.9802322387695312e-08,0.0,False,0.9405099153518677,0.8169165328252213,3.594917058944702,0.3631991446018219,0.500438928604126,7
72,3,-0.005097686679250316,0.795971155166626,1.3979854583740234,0.3501760597739902,1.1920928955078125e-07,0.0,False,0.9257933497428894,0.8041338863521285,3.4696552753448486,0.3780468702316284,0.5000027418136597,7
72,4,0.0045240029385629765,0.8014394044876099,1.4007196426391602,0.37469135331256054,5.960464477539063e-08,0.0,False,0.9580947756767273,0.8321905484334732,3.6612026691436768,0.35798463225364685,0.5003644227981567,7
72,5,-0.016277380887317127,0.794110894203186,1.3970553874969482,0.325750684099538,5.960464477539063e-08,0.0,False,0.949411153793335,0.82464805029969,3.59533429145813,0.3641939163208008,0.5000089406967163,7
72,6,0.0128924233100987,0.7907997369766235,1.395399808883667,0.0343948411090034,5.960464477539063e-08,0.0,False,0.948265790939331,0.8236532007651483,3.5890402793884277,0.3645666241645813,0.5004098415374756,7
72,7,-0.005242764183014821,0.789341390132904,1.3946707248687744,0.055265867284366,2.9802322387695312e-08,0.0,False,0.9292992353439331,0.8071790598935631,3.484158754348755,0.3758124113082886,0.5008134841918945,7
72,8,0.016196540537839352,0.7875475883483887,1.3937737941741943,0.3728855837668692,0.0,0.0,False,0.8795748949050903,0.7639890465558269,3.232847213745117,0.40591639280319214,0.500598669052124,7
72,9,0.016314954508486447,0.8120662569999695,1.4060331583023071,0.30584823233740666,2.9802322387695312e-08,0.0,False,0.9865910410881042,0.8569420900794962,3.86287784576416,0.3393057584762573,0.5026331543922424,7
72,10,-0.007160827054804206,0.8136400580406189,1.4068200588226318,0.44572696302618287,2.9802322387695312e-08,0.0,False,1.0113468170166016,0.8784446838414557,4.022377967834473,0.32542890310287476,0.5014614462852478,7
72,11,-0.010166065102605952,0.803697943687439,1.4018490314483643,0.4171280626739773,5.960464477539063e-08,0.0,False,1.0095628499984741,0.8768951497777154,4.010002613067627,0.3256911039352417,0.5041170716285706,7
72,12,0.021020269902149457,0.7959507703781128,1.3979753255844116,0.0540507755109243,5.960464477539063e-08,0.0,False,1.0166091918945312,0.883015524583838,4.075181007385254,0.31960609555244446,0.5079672336578369,7
72,13,0.00411914733693949,0.7867748737335205,1.3933873176574707,0.14385310454028,1.1920928955078125e-07,0.0,False,1.0272457599639893,0.8922543302217459,4.149359226226807,0.31300145387649536,0.5083847641944885,7
72,14,0.015801196939634193,0.7972484230995178,1.398624300956726,0.11653919517993927,8.940696716308594e-08,0.0,False,1.022278070449829,0.8879394499341291,4.118374347686768,0.3161407709121704,0.5100069642066956,7
72,15,-0.0190632177665239,0.7785809636116028,1.3892905712127686,0.44032805732318336,8.940696716308594e-08,0.0,False,1.0214141607284546,0.8871890674844181,4.075040817260742,0.31857454776763916,0.5010712742805481,7
72,16,-0.036898492430637864,0.7991511225700378,1.3995755910873413,0.7949454316071101,2.9802322387695312e-08,0.0,False,0.943708062171936,0.8196944078577655,3.6102075576782227,0.36305779218673706,0.5000014901161194,7
72,17,0.019406040645422895,0.8156420588493347,1.4078209400177002,0.4671791142651013,8.940696716308594e-08,0.0,False,0.9066548347473145,0.7875103834433267,3.3866209983825684,0.3894123435020447,0.5006755590438843,7
72,18,0.00828240948382944,0.8022773265838623,1.4011386632919312,0.1551508786422866,0.0,0.0,False,0.8986071944236755,0.7805202918735298,3.367778778076172,0.3904470205307007,0.50103759765625,7
72,19,0.04308430756116483,0.7995040416717529,1.3997520208358765,0.7226045482925008,0.0,0.0,False,0.9508479833602905,0.8258960646044184,3.9969491958618164,0.326582133769989,0.5011001229286194,7
72,20,0.051811039606533466,0.8109660148620605,1.4054830074310303,0.5626588431852203,0.0,0.0,False,0.9458804130554199,0.821581287860675,3.84744930267334,0.34071189165115356,0.500123143196106,6
72,21,0.011824285267310032,0.8025968074798584,1.4012984037399292,0.2010369098612241,0.0,0.0,False,0.9978283643722534,0.866702705066834,4.046773433685303,0.32263627648353577,0.5001522302627563,6
72,22,0.01620169368330031,0.8036043643951416,1.4018020629882812,0.35233213646071293,1.1920928955078125e-07,0.0,False,0.925288200378418,0.8036951191890747,3.5515174865722656,0.3696620464324951,0.500118613243103,6
72,23,0.009492712704595573,0.8129685521125793,1.4064842462539673,0.21209199726581585,2.9802322387695312e-08,0.0,False,0.9442603588104248,0.8201741266227043,3.750411033630371,0.35004961490631104,0.500217854976654,7
72,24,0.034702302803585355,0.8061798810958862,1.403090000152588,1.1024576989667754,5.960464477539063e-08,0.0,False,0.9063541293144226,0.7872491940229602,3.418274402618408,0.3848462998867035,0.5001428127288818,7
73,1,-0.0018686961849069118,0.7893739938735962,1.3946869373321533,1.2294554540089198,5.960464477539063e-08,0.0,False,1.0083541870117188,0.8758453184464583,4.270334243774414,0.3041324019432068,0.5004469156265259,2
73,2,-0.0020922503114729715,0.8003624081611633,1.4001812934875488,0.48632898288113735,8.940696716308594e-08,0.0,False,0.9493119716644287,0.8245619017971152,3.6757354736328125,0.3564364016056061,0.5000163912773132,7
73,3,0.033752812182488996,0.8082271814346313,1.404113531112671,0.11275321245193481,5.960464477539063e-08,0.0,False,0.9664148092269897,0.839417237753731,3.7249724864959717,0.35215216875076294,0.5005542635917664,7
73,4,0.04684466892155633,0.8115875124931335,1.4057936668395996,0.0854535773396492,8.940696716308594e-08,0.0,False,0.9751236438751221,0.8469816354167145,3.780102252960205,0.3470847010612488,0.5000808238983154,7
73,5,-0.011232027276611486,0.7931637167930603,1.3965818881988525,0.29235511379582535,2.9802322387695312e-08,0.0,False,1.0287567377090454,0.8935667488156589,4.148892402648926,0.313696950674057,0.5003483891487122,7
73,6,-0.018352587805491656,0.7993080019950867,1.3996539115905762,0.09825156841959262,8.940696716308594e-08,0.0,False,1.038667917251587,0.9021754899846153,4.251564979553223,0.30612418055534363,0.5030477643013,7
73,7,-0.007002271602103486,0.7934314608573914,1.3967156410217285,0.6516253714050564,8.940696716308594e-08,0.0,False,0.986955463886261,0.8572586237001346,3.882444143295288,0.33619368076324463,0.5000761151313782,7
73,8,0.02972769056024036,0.7889982461929321,1.3944990634918213,0.08765982942921774,5.960464477539063e-08,0.0,False,0.9998327493667603,0.8684436917522821,4.003458499908447,0.32528239488601685,0.5005477070808411,7
73,9,0.014049713703065254,0.8007710576057434,1.4003856182098389,0.4099214800766535,8.940696716308594e-08,0.0,False,1.0162556171417236,0.8827084134556688,4.100531578063965,0.3180992603302002,0.5000369548797607,7
73,10,-0.018547621757706793,0.8014971613883972,1.4007484912872314,0.19326255257640554,8.940696716308594e-08,0.0,False,0.9585729837417603,0.8326059146811641,3.6804375648498535,0.3560553193092346,0.5000116229057312,7
73,11,0.006517538432522575,0.7854164242744446,1.3927081823349,0.27464691868850166,2.9802322387695312e-08,0.0,False,1.0177491903305054,0.8840057146440818,4.054989337921143,0.32069656252861023,0.5014156103134155,7
73,12,0.008617495519884374,0.7796862721443176,1.389843225479126,0.19127821070807316,8.940696716308594e-08,0.0,False,0.9749010801315308,0.8467883190052876,3.7945809364318848,0.3432151973247528,0.500154435634613,7
73,13,0.0477957463601994,0.7824516892433167,1.391225814819336,0.3312396726437977,2.9802322387695312e-08,0.0,False,0.9583054184913635,0.8323735104575714,3.6715505123138428,0.3553922772407532,0.5000528693199158,7
73,14,-0.02264879392358341,0.7871159315109253,1.3935580253601074,0.4881928286382131,5.960464477539063e-08,0.0,False,1.0095787048339844,0.8769089211128626,4.015233039855957,0.32416707277297974,0.5000035762786865,7
73,15,0.04714170490313979,0.7739419341087341,1.3869709968566895,0.3955660121781486,2.9802322387695312e-08,0.0,False,0.990952730178833,0.8607306050872584,3.8827168941497803,0.33467453718185425,0.5004766583442688,7
73,16,0.027570648501472412,0.7976188659667969,1.3988094329833984,0.4928541896598678,0.0,0.0,False,0.9294468760490417,0.8073072989806291,3.537778615951538,0.3706432580947876,0.5000006556510925,7
73,17,-0.0130326999481116,0.7997382283210754,1.3998692035675049,0.053649416459458116,8.940696716308594e-08,0.0,False,0.942280650138855,0.8184545735190267,3.6129391193389893,0.36281973123550415,0.5000698566436768,7
73,18,0.006885384551080469,0.802398681640625,1.4011993408203125,0.2685961643499988,0.0,0.0,False,1.0289535522460938,0.8937376997504558,4.368579864501953,0.2978127598762512,0.5007004737854004,7
73,19,-0.013571529804228804,0.820264995098114,1.4101325273513794,0.2558285923940795,2.9802322387695312e-08,0.0,False,1.0302242040634155,0.8948413738958222,4.197835445404053,0.3116578459739685,0.5018887519836426,7
73,20,0.019854977733690132,0.8317323327064514,1.4158661365509033,0.32206906378269196,2.9802322387695312e-08,0.0,False,1.015122652053833,0.8817243324839489,4.1606645584106445,0.31477418541908264,0.5210641622543335,7
73,21,0.011701410088992822,0.8224575519561768,1.4112286567687988,0.5015395624297005,1.1920928955078125e-07,0.0,False,1.0281684398651123,0.8930557598009875,4.152913570404053,0.31534942984580994,0.5013695955276489,7
73,22,-0.012462752172033699,0.8123604655265808,1.4061801433563232,0.543305428964751,8.940696716308594e-08,0.0,False,1.036075472831726,0.8999237213722424,4.2100019454956055,0.3102392256259918,0.5001515746116638,7
73,23,0.0034140051485323166,0.7997559309005737,1.399877905845642,0.5071295404008458,5.960464477539063e-08,0.0,False,1.0261578559875488,0.8913093888341286,4.160844802856445,0.3131810128688812,0.5013372898101807,7
73,24,-0.00852471128181062,0.8141560554504395,1.4070780277252197,0.5844560659357481,0.0,0.0,False,1.0463378429412842,0.9088375027919022,4.301513195037842,0.30341291427612305,0.5015212893486023,7
74,1,0.05914741319908907,0.799434244632721,1.399717092514038,1.2126369391168867,2.9802322387695312e-08,0.0,False,1.0015203952789307,0.8699095623664064,4.194015979766846,0.3102705478668213,0.5122097134590149,7
74,2,0.00842405681958491,0.7908850312232971,1.3954426050186157,0.9423366338014603,8.940696716308594e-08,0.0,False,0.939588189125061,0.816115931596966,3.8484902381896973,0.339036226272583,0.5018854141235352,6
74,3,-0.04967308785191179,0.8092461228370667,1.40462327003479,0.9821251077311379,2.086162567138672e-07,0.0,False,0.9832138419151306,0.8540086921492749,4.036342620849609,0.3233800232410431,0.5213199257850647,7
74,4,0.006047289599022255,0.7878639698028564,1.3939318656921387,0.6696476766041346,1.1920928955078125e-07,0.0,False,1.0546761751174927,0.9160800860967097,4.708158493041992,0.27442416548728943,0.5032175779342651,3
74,5,-0.007718491296298606,0.8089746236801147,1.4044873714447021,0.3307526675718172,5.960464477539063e-08,0.0,False,1.0139559507369995,0.8807109485960888,4.276342391967773,0.304979145526886,0.5003275871276855,7
74,6,0.02960522191529613,0.7896689772605896,1.3948345184326172,0.2813790334122521,2.9802322387695312e-08,0.0,False,1.0676584243774414,0.9273563245292863,4.8480424880981445,0.2661004364490509,0.5073185563087463,7
74,7,0.0333254797376402,0.7954780459403992,1.3977389335632324,0.21230557773794445,8.940696716308594e-08,0.0,False,1.056261658668518,0.917457219611427,4.674739360809326,0.2769876718521118,0.5009089708328247,3
74,8,-0.032852176140125165,0.8079116344451904,1.4039559364318848,0.2876601102096694,1.1920928955078125e-07,0.0,False,1.0024240016937256,0.8706944249259221,4.146122455596924,0.3148956298828125,0.5015418529510498,7
74,9,-0.022178862909334924,0.7988680005073547,1.3994340896606445,0.37188995842422745,8.940696716308594e-08,0.0,False,1.0612472295761108,0.921787631480037,4.644371032714844,0.2790694832801819,0.501533031463623,7
74,10,-0.023655903196299927,0.7920563817024231,1.3960282802581787,0.13851903166089752,8.940696716308594e-08,0.0,False,1.045775294303894,0.9083488792538609,4.341507911682129,0.29910850524902344,0.5000381469726562,7
74,11,-0.04739509964449784,0.7980346083641052,1.399017333984375,0.2609014042786191,2.9802322387695312e-08,0.0,False,1.043477177619934,0.9063527604646336,4.3603057861328125,0.29811617732048035,0.5010380148887634,7
74,12,-0.011365116976626352,0.7845090627670288,1.3922545909881592,0.1316826045513153,5.960464477539063e-08,0.0,False,1.0552204847335815,0.9165528674221382,4.428157806396484,0.2924783229827881,0.5013066530227661,7
74,13,0.004806174122794073,0.7817853689193726,1.3908926248550415,0.10533446073532104,5.960464477539063e-08,0.0,False,1.051431655883789,0.9132619324974568,4.334462642669678,0.2989491820335388,0.5000072717666626,7
74,14,0.028659158430022494,0.7915560603141785,1.395777940750122,0.04923284479549961,8.940696716308594e-08,0.0,False,1.0505225658416748,0.9124723069197699,4.318568229675293,0.3007369935512543,0.5000472068786621,7
74,15,0.008496311000990561,0.7971233129501343,1.398561716079712,0.18066218921116411,5.960464477539063e-08,0.0,False,1.0403852462768555,0.9036671430231881,4.280074596405029,0.3039296567440033,0.5001201629638672,7
74,16,-0.00024223119436913784,0.8044424057006836,1.4022212028503418,0.13292607452188232,0.0,0.0,False,1.0547908544540405,0.9161796953028117,4.497984886169434,0.288939505815506,0.5016893148422241,7
74,17,0.031126850736761427,0.7928202152252197,1.3964099884033203,0.14648591833455216,1.1920928955078125e-07,0.0,False,1.0533833503723145,0.9149571527909119,4.502223968505859,0.28793567419052124,0.5020403861999512,7
74,18,0.04924242898228661,0.7997859716415405,1.399893045425415,0.20708255256925306,5.960464477539063e-08,0.0,False,1.035523533821106,0.8994443132389235,4.400493144989014,0.2953978180885315,0.5003094673156738,7
74,19,-0.0017189043725567635,0.7966424822807312,1.3983211517333984,0.24905810824462346,8.940696716308594e-08,0.0,False,1.0389255285263062,0.9023992482947885,4.462843418121338,0.29085975885391235,0.5011216402053833,7
74,20,0.033962655966964635,0.7931348085403442,1.396567463874817,0.12531314364501414,5.960464477539063e-08,0.0,False,1.0531938076019287,0.9147925180323855,4.678185939788818,0.276512086391449,0.5055056214332581,7
74,21,-0.008561971214924195,0.7974872589111328,1.3987436294555664,0.6316042425377028,0.0,0.0,False,0.9731336832046509,0.8452531775399342,3.907564878463745,0.3336721360683441,0.5209243297576904,7
74,22,-0.00021652592639482627,0.8147168159484863,1.4073584079742432,0.5955355944378036,0.0,0.0,False,1.0322296619415283,0.8965832924761298,4.313543796539307,0.30260133743286133,0.5001735687255859,7
74,23,-0.013132090865338064,0.8125748038291931,1.406287431716919,0.20095682357038788,2.9802322387695312e-08,0.0,False,1.0379638671875,0.9015639598689821,4.278326988220215,0.305075079202652,0.5000127553939819,7
74,24,-0.007229379623646213,0.8035286664962769,1.4017642736434937,0.07376560143062058,5.960464477539063e-08,0.0,False,1.0366930961608887,0.9004601821797424,4.275413513183594,0.3047007620334625,0.5000016689300537,7
75,1,0.006749087758579339,0.7915021181106567,1.3957509994506836,1.5629704190152032,5.960464477539063e-08,0.0,False,0.8836638331413269,0.7675406531815083,3.2566893100738525,0.4032409191131592,0.5000129342079163,7
75,2,0.004014631194105436,0.7783602476119995,1.3891801834106445,0.2508496737905911,5.960464477539063e-08,0.0,False,0.9680395722389221,0.8408284889746965,3.6902670860290527,0.3531879186630249,0.5000306963920593,7
75,3,-0.050187427332935845,0.7734007239341736,1.3867003917694092,0.4587114389453616,2.9802322387695312e-08,0.0,False,1.0032049417495728,0.8713727408398253,3.918527841567993,0.33142372965812683,0.5016595125198364,7
75,4,0.08340615492474902,0.8029263019561768,1.4014631509780884,0.7100795592580523,0.0,0.0,False,1.0310859680175781,0.895589892555814,4.289982795715332,0.3026881814002991,0.5318825840950012,7
75,5,-0.0009773856642180407,0.7850003838539124,1.3925001621246338,0.7127067489283425,2.9802322387695312e-08,0.0,False,1.0360527038574219,0.8999039444924446,4.185122489929199,0.31030359864234924,0.5004009008407593,7
75,6,-0.0274571479071428,0.8088170289993286,1.4044084548950195,0.46715118416718066,5.960464477539063e-08,0.0,False,1.0675275325775146,0.9272426333564171,5.166034698486328,0.2482650876045227,0.561996340751648,7
75,7,-0.06090179930963636,0.815313458442688,1.4076567888259888,0.8998901098966599,5.960464477539063e-08,0.0,False,1.0789599418640137,0.9371726978923891,5.9190897941589355,0.21363401412963867,0.6057122945785522,5
75,8,0.024850112698071674,0.8034672141075134,1.4017337560653687,0.459561939750399,1.4901161193847656e-07,0.0,False,1.0649603605270386,0.925012816045181,5.711791515350342,0.22138240933418274,0.6133928894996643,5
75,9,0.05610395764812656,0.8015753626823425,1.400787591934204,0.8897472683872497,8.940696716308594e-08,0.0,False,1.0393826961517334,0.9027963390488443,4.8146257400512695,0.26694756746292114,0.5701079964637756,7
75,10,-0.007372677425593952,0.7749990224838257,1.3874995708465576,0.8956222725766044,5.960464477539063e-08,0.0,False,1.021307110786438,0.8870960850862063,4.084567546844482,0.3175656795501709,0.5003005266189575,7
75,11,-0.01621808721122365,0.7788458466529846,1.38942289352417,0.14188547006675173,2.9802322387695312e-08,0.0,False,0.9976014494895935,0.8665056093040322,3.9559781551361084,0.3284449279308319,0.506257176399231,7
75,12,-0.015274685636209217,0.7947003245353699,1.3973500728607178,0.15026379270212997,8.940696716308594e-08,0.0,False,0.9863404035568237,0.8567243890859103,4.009574890136719,0.32507234811782837,0.5044122338294983,7
75,13,0.028413051989603276,0.8128339648246765,1.406416893005371,0.16655055114201145,8.940696716308594e-08,0.0,False,1.0144197940826416,0.8811138378070485,4.219532489776611,0.3091941773891449,0.5122023224830627,7
75,14,-0.016526912896305274,0.7876879572868347,1.3938440084457397,0.529558319066252,2.9802322387695312e-08,0.0,False,1.0239790678024292,0.8894169174620616,4.1838765144348145,0.3105822801589966,0.50046706199646,7
75,15,0.0005230809519476049,0.7759014964103699,1.3879506587982178,0.5076027406113488,8.940696716308594e-08,0.0,False,0.9913815259933472,0.8611030523994718,4.038323879241943,0.32138365507125854,0.5016186237335205,7
75,16,0.025413271702638893,0.805749237537384,1.4028747081756592,0.14137742136205955,8.940696716308594e-08,0.0,False,0.9952022433280945,0.8644216853102575,3.9969630241394043,0.3269074261188507,0.5055340528488159,7
75,17,-0.017539298457302576,0.8016014695167542,1.4008008241653442,0.27167359952415754,8.940696716308594e-08,0.0,False,1.0445542335510254,0.9072882793597818,4.366506099700928,0.297905832529068,0.5008540749549866,7
75,18,0.021913644987713605,0.7657917141914368,1.3828959465026855,1.1111368643386021,8.940696716308594e-08,0.0,False,1.1112278699874878,0.9652002641453403,5.7188720703125,0.22235247492790222,0.511884868144989,2
75,19,-0.00901423064660208,0.7850870490074158,1.3925435543060303,0.9946903330939156,2.9802322387695312e-08,0.0,False,1.0174994468688965,0.8837887902295455,4.100126266479492,0.31701791286468506,0.500535786151886,7
75,20,0.011244143693272736,0.7862821221351624,1.3931410312652588,0.6732086603130613,2.9802322387695312e-08,0.0,False,1.020259976387024,0.8861865557032531,4.151703357696533,0.31299832463264465,0.5004094243049622,7
75,21,-0.0007420960987711972,0.779525637626648,1.3897628784179688,0.5547189222914832,5.960464477539063e-08,0.0,False,1.0374609231948853,0.9011271082675841,4.201221466064453,0.3086950182914734,0.5001851916313171,7
75,22,0.03877556523992479,0.7847662568092346,1.392383098602295,0.572174506528037,2.9802322387695312e-08,0.0,False,1.017744779586792,0.8840018835207702,4.163783550262451,0.3118945360183716,0.5023406147956848,7
75,23,-0.019286007698112225,0.7829359769821167,1.3914680480957031,0.08010188915899819,5.960464477539063e-08,0.0,False,1.0251119136810303,0.8904008948899081,4.280463218688965,0.3029654622077942,0.500013530254364,7
75,24,0.04033148721103734,0.7825108766555786,1.391255497932434,0.5691808887890406,5.960464477539063e-08,0.0,False,1.0479329824447632,0.9102230233603559,4.664949417114258,0.2768096625804901,0.502108633518219,2
76,1,0.043399969158625415,0.8011950254440308,1.4005976915359497,1.1648329922131129,1.7881393432617188e-07,0.0,False,1.0825104713439941,0.9402566486143699,5.373610496520996,0.2391928732395172,0.5096672773361206,3
76,2,-0.004912539689695757,0.7753360867500305,1.3876681327819824,0.4907362237572669,8.940696716308594e-08,0.0,False,1.1152175664901733,0.9686656704965103,5.725943565368652,0.22252918779850006,0.5094399452209473,7
76,3,-0.027617908610001338,0.784690260887146,1.3923451900482178,0.6818870795624596,5.960464477539063e-08,0.0,False,1.0599498748779297,0.9206607635070543,4.937671184539795,0.2609398365020752,0.5004476308822632,7
76,4,0.05552092143721983,0.7910783290863037,1.3955392837524414,0.26239315101078586,1.1920928955078125e-07,0.0,False,1.0422518253326416,0.9052884329911163,4.528878211975098,0.28600627183914185,0.503807544708252,7
76,5,-0.031130381539891134,0.7662093043327332,1.3831045627593994,0.7249699831008911,8.940696716308594e-08,0.0,False,1.039595365524292,0.9029810613187883,4.27377462387085,0.3019365668296814,0.5156402587890625,7
76,6,0.020501801703216326,0.7942758798599243,1.3971381187438965,0.7634314671158791,1.7881393432617188e-07,0.0,False,1.0107656717300415,0.8779399074591815,4.196486473083496,0.3100515305995941,0.5006340742111206,7
76,7,0.011770731969753291,0.790997326374054,1.3954987525939941,0.0788584479263851,8.940696716308594e-08,0.0,False,1.0142862796783447,0.8809978686689671,4.176059246063232,0.3114284873008728,0.5000004768371582,7
76,8,-0.004366453730560756,0.7690277099609375,1.3845138549804688,1.2456881999969485,0.0,0.0,False,1.0602303743362427,0.9209044022408986,4.741299629211426,0.2712816596031189,0.5051943063735962,2
76,9,0.039285705118390184,0.7261160612106323,1.363058090209961,0.5846220031380653,5.960464477539063e-08,0.0,False,1.0335925817489624,0.8977671095794203,4.50204610824585,0.283655047416687,0.5067712068557739,2
76,10,0.0878853753440083,0.716715931892395,1.3583581447601318,0.18129262541021615,1.7881393432617188e-07,0.0,False,1.048187494277954,0.9104440895298237,4.666869640350342,0.27279800176620483,0.5000371932983398,2
76,11,-0.041860945653119305,0.7211648225784302,1.3605823516845703,0.38311509575162617,5.960464477539063e-08,0.0,False,1.0283715724945068,0.8932321985610685,4.373580455780029,0.29215699434280396,0.5003865957260132,6
76,12,0.06767159075125366,0.7550740838050842,1.3775370121002197,0.5645540739808763,2.9802322387695312e-08,0.0,False,1.105678677558899,0.9603802968438294,5.414382457733154,0.23532243072986603,0.5030308961868286,2
76,13,-0.06538863070415128,0.7537656426429749,1.376882791519165,0.7604697495698928,2.9802322387695312e-08,0.0,False,1.0380301475524902,0.9016215302625297,4.309786319732666,0.29885733127593994,0.5007017850875854,6
76,14,0.01856505539706332,0.7768446803092957,1.3884222507476807,0.9918898897511619,8.940696716308594e-08,0.0,False,1.10917067527771,0.9634134075240262,5.467220783233643,0.23398920893669128,0.5009242296218872,1
76,15,0.0626963554686197,0.7514219880104065,1.3757109642028809,0.5230491799967629,2.9802322387695312e-08,0.0,False,1.113774061203003,0.9674118577348778,5.651296138763428,0.22469362616539001,0.5058227777481079,1
76,16,-0.023826321229979696,0.7508147358894348,1.3754074573516846,0.42114835658243727,8.940696716308594e-08,0.0,False,1.05155611038208,0.9133700323011684,4.5331926345825195,0.28333598375320435,0.5002356171607971,6
76,17,0.02816795356029293,0.7392317056655884,1.369615912437439,0.5646433415157454,5.960464477539063e-08,0.0,False,1.1071523427963257,0.9616603062054035,5.3737969398498535,0.2364991009235382,0.5001677870750427,1
76,18,0.03616910422293908,0.7504415512084961,1.375220775604248,0.718922102025577,0.0,0.0,False,1.10477876663208,0.9595986441443857,5.461085796356201,0.23303820192813873,0.5008645057678223,6
76,19,0.01675595802514353,0.7517924308776855,1.3758962154388428,0.26111678140504013,0.0,0.0,False,1.0671725273132324,0.9269342797017683,4.723047256469727,0.27150341868400574,0.5001772046089172,6
76,20,0.06595082766643709,0.7469753623008728,1.3734877109527588,0.4332262256315776,2.9802322387695312e-08,0.0,False,1.079006314277649,0.9372129764590978,5.130712985992432,0.2486138939857483,0.50306236743927,6
76,21,0.002823163307596641,0.7629671692848206,1.3814834356307983,0.4764204929981911,1.4901161193847656e-07,0.0,False,1.0386295318603516,0.9021421488574168,4.347084999084473,0.29680001735687256,0.5004184246063232,6
76,22,-0.023765961486552578,0.7636488080024719,1.3818246126174927,0.10538168464388156,2.086162567138672e-07,0.0,False,1.0638375282287598,0.9240375363026906,4.729245185852051,0.27181535959243774,0.5005362629890442,6
76,23,-0.006286533419782678,0.7565785646438599,1.3782893419265747,0.8340295319046294,5.960464477539063e-08,0.0,False,1.1192042827606201,0.9721284882508483,5.672372341156006,0.2239476442337036,0.5094016790390015,7
76,24,0.006451373783760497,0.7579087018966675,1.3789544105529785,0.3111889255898339,5.960464477539063e-08,0.0,False,1.0685584545135498,0.9281380807726033,4.8029632568359375,0.26697593927383423,0.5061630010604858,7
77,1,-0.02019015895352077,0.8120496273040771,1.4060249328613281,1.569302027778966,1.1920928955078125e-07,0.0,False,0.883457362651825,0.7673613151929752,3.2777721881866455,0.4025011658668518,0.500062108039856,7
77,2,0.01718811664555737,0.8084867596626282,1.4042434692382812,0.057018248630421514,8.940696716308594e-08,0.0,False,0.8560550808906555,0.7435599956721072,3.1426875591278076,0.42006152868270874,0.5000094175338745,7
77,3,0.008655577360337362,0.8147966265678406,1.4073984622955322,0.42781930416822433,1.4901161193847656e-07,0.0,False,0.9298114776611328,0.8076239879170775,3.506248712539673,0.3755797743797302,0.5001153945922852,7
77,4,0.024123484613071365,0.8210354447364807,1.410517692565918,0.09774313441344665,2.9802322387695312e-08,0.0,False,0.9059897065162659,0.7869326604023218,3.3927865028381348,0.38918083906173706,0.5000030994415283,7
77,5,-0.0998103880228214,0.7889649271965027,1.3944824934005737,0.3332090462957111,2.9802322387695312e-08,0.0,False,0.9949626922607422,0.8642136138968873,4.184151649475098,0.31065285205841064,0.5002994537353516,7
77,6,0.02341608432911347,0.7964830994606018,1.3982415199279785,0.9467872210911341,2.9802322387695312e-08,0.0,False,1.026139497756958,0.8912934430776424,4.14921760559082,0.31383636593818665,0.5026574730873108,7
77,7,-0.012209493936758551,0.7815229892730713,1.3907614946365356,1.202207776052611,0.0,0.0,False,1.015859603881836,0.8823644407086092,4.063910961151123,0.3196621537208557,0.5022658109664917,7
77,8,-0.052669630627627105,0.7916444540023804,1.395822286605835,0.5681514207805904,5.960464477539063e-08,0.0,False,1.0265343189239502,0.8916363803859689,4.142210483551025,0.3138492703437805,0.5102665424346924,7
77,9,0.018991775698562516,0.8082110285758972,1.4041054248809814,0.7056612308536256,8.940696716308594e-08,0.0,False,0.9929945468902588,0.8625041045489186,3.900867223739624,0.3355761766433716,0.5026089549064636,7
77,10,-0.004031905690259668,0.8157089948654175,1.4078545570373535,0.235361697418349,5.960464477539063e-08,0.0,False,1.0180087089538574,0.8842311296562276,4.102583408355713,0.3189142048358917,0.5019972920417786,7
77,11,0.03702806035421971,0.8058090806007385,1.4029045104980469,0.33554527482816154,2.9802322387695312e-08,0.0,False,0.9500278234481812,0.8251836827562038,3.628431558609009,0.3617017865180969,0.5004547238349915,7
77,12,0.0739960618208147,0.8033887147903442,1.401694416999817,0.5689857240234102,5.960464477539063e-08,0.0,False,1.0224251747131348,0.8880672230737653,4.120927333831787,0.3166058659553528,0.501163125038147,7
77,13,-0.032939120030778486,0.7992304563522339,1.3996152877807617,0.9043177121451922,5.960464477539063e-08,0.0,False,0.9753307700157166,0.8471615428965507,3.9409987926483154,0.3313983678817749,0.501011848449707,7
77,14,-0.006400539405374156,0.7870611548423767,1.3935306072235107,0.3310823232999869,2.9802322387695312e-08,0.0,False,1.0291063785552979,0.8938704429960097,4.229551792144775,0.3070279061794281,0.5009056329727173,7
77,15,0.013873178800256465,0.7870887517929077,1.3935444355010986,0.15621313878468113,5.960464477539063e-08,0.0,False,1.0438408851623535,0.9066686728220323,4.327110767364502,0.29965582489967346,0.5063179135322571,7
77,16,0.007587884780590244,0.8212875723838806,1.4106438159942627,0.7468137549502509,2.9802322387695312e-08,0.0,False,1.047410249710083,0.9097689834759923,4.4143877029418945,0.295742392539978,0.5010968446731567,6
77,17,0.03977897610475877,0.8144115209579468,1.4072057008743286,0.343957298568317,5.960464477539063e-08,0.0,False,0.9917621612548828,0.8614336679868774,4.036433219909668,0.3243286907672882,0.5004705190658569,6
77,18,-0.015435165920085935,0.8130108714103699,1.4065054655075073,0.20913574951035638,2.9802322387695312e-08,0.0,False,0.997364342212677,0.8662996605400644,3.987435817718506,0.32835420966148376,0.5016969442367554,6
77,19,0.10063221490027102,0.817453145980835,1.408726692199707,0.4136794028537614,1.1920928955078125e-07,0.0,False,0.9566208720207214,0.8309103319841524,3.72104549407959,0.35317152738571167,0.5039847493171692,7
77,20,-0.029632388737350142,0.825782060623169,1.4128910303115845,1.159686555819852,0.0,0.0,False,1.0766477584838867,0.9351643609261141,5.004613399505615,0.2592495381832123,0.5054867267608643,2
77,21,0.06689347647196422,0.808212399482727,1.4041061401367188,0.8941103432859694,5.960464477539063e-08,0.0,False,1.0365866422653198,0.9003677175008972,4.378286361694336,0.29745805263519287,0.5018202066421509,7
77,22,0.012924472621406488,0.8069458603858948,1.403472900390625,0.5294069371053152,2.9802322387695312e-08,0.0,False,1.0595146417617798,0.9202827248256833,4.862344741821289,0.26630911231040955,0.5038198232650757,2
77,23,-0.016233771801367904,0.7963812947273254,1.3981906175613403,1.0530458177839006,2.9802322387695312e-08,0.0,False,1.0305964946746826,0.8951647414120976,4.597762107849121,0.28080418705940247,0.5409974455833435,7
77,24,-0.05905329542288045,0.7843462228775024,1.3921730518341064,1.230031139084271,5.960464477539063e-08,0.0,False,1.103745698928833,0.9587013329384803,5.44666862487793,0.2352929562330246,0.500002920627594,3
78,1,0.017257457959352414,0.7996330261230469,1.3998165130615234,1.096293909209115,0.0,0.0,False,1.0381340980529785,0.901711820520036,4.6641845703125,0.2767987847328186,0.5400961637496948,7
78,2,0.0472411947363356,0.7971917390823364,1.3985958099365234,0.275310456752777,5.960464477539063e-08,0.0,False,1.0057055950164795,0.8735447806697673,4.154295921325684,0.31352606415748596,0.5011473894119263,7
78,3,-0.022280487888473286,0.7979632019996643,1.3989815711975098,0.5713860243558884,2.9802322387695312e-08,0.0,False,1.017791748046875,0.8840426798068453,4.212806701660156,0.3089171051979065,0.5052754878997803,7
78,4,0.011615070966537237,0.8040434122085571,1.4020216464996338,0.742031278354781,5.960464477539063e-08,0.0,False,1.002748966217041,0.8709766855245025,4.097201824188232,0.3184574544429779,0.5050377249717712,7
78,5,0.021790235898071757,0.7965231537818909,1.398261547088623,0.18809257767030163,2.9802322387695312e-08,0.0,False,1.0289984941482544,0.893776735790685,4.177420616149902,0.3116289973258972,0.5025772452354431,7
78,6,-0.009666253244061968,0.7987233400344849,1.3993616104125977,0.5171985328197479,5.960464477539063e-08,0.0,False,1.0207850933074951,0.8866426664650824,4.1216535568237305,0.31613099575042725,0.504539966583252,7
78,7,-0.004536765618537809,0.8015115857124329,1.4007558822631836,0.46217718081814896,8.940696716308594e-08,0.0,False,1.018005132675171,0.884228023340029,4.105746269226074,0.31772881746292114,0.5000486373901367,7
78,8,0.051465584683045865,0.8107520341873169,1.4053760766983032,0.3616730336632047,5.960464477539063e-08,0.0,False,0.9164937734603882,0.7960563770250711,3.4551305770874023,0.38099679350852966,0.5000056624412537,7
78,9,-0.019400752645393208,0.8185626268386841,1.4092814922332764,0.4489506717239108,1.7881393432617188e-07,0.0,False,0.9629282355308533,0.8363888383197688,3.7791926860809326,0.3476170301437378,0.503395676612854,7
78,10,0.04136960104837358,0.8101521134376526,1.405076026916504,0.5099042270864758,2.9802322387695312e-08,0.0,False,0.9958540201187134,0.8649878114374544,3.965642213821411,0.3299887776374817,0.5031449794769287,7
78,11,-0.004819901278373116,0.8135644793510437,1.4067821502685547,0.37200492301157545,8.940696716308594e-08,0.0,False,0.9876773953437805,0.8578856853967609,3.909088134765625,0.33512628078460693,0.5064857602119446,7
78,12,0.05288499227554635,0.8099609017372131,1.4049804210662842,0.5090711755411965,2.9802322387695312e-08,0.0,False,0.9257540106773376,0.8040997168739437,3.5062105655670166,0.37509238719940186,0.502784252166748,7
78,13,0.036648730333519355,0.8200585246086121,1.4100291728973389,0.9949336679918427,8.940696716308594e-08,0.0,False,0.9729633331298828,0.845105213345007,3.88956356048584,0.3374593257904053,0.5031273365020752,7
78,14,0.03464345065662091,0.8255067467689514,1.4127533435821533,1.148785295763186,2.9802322387695312e-08,0.0,False,0.8892620801925659,0.7724032287868768,3.3260695934295654,0.39768773317337036,0.5000177025794983,7
78,15,-0.07022826960172619,0.8275406360626221,1.4137701988220215,0.5868130384811335,1.1920928955078125e-07,0.0,False,0.9710288047790527,0.8434249033693052,4.210484981536865,0.3112127184867859,0.5000587701797485,2
78,16,0.009792038726053932,0.7946799397468567,1.397339940071106,0.5530567126614705,2.9802322387695312e-08,0.0,False,0.9173838496208191,0.7968294873549687,3.4229471683502197,0.3832690119743347,0.5003191232681274,7
78,17,-0.00918194088717785,0.7912283539772034,1.3956141471862793,0.13786298036575312,2.9802322387695312e-08,0.0,False,0.9600000977516174,0.8338454901602197,3.6880569458007812,0.35442066192626953,0.5013985633850098,7
78,18,0.007208002785320898,0.8013809323310852,1.4006905555725098,0.7013124812926564,8.940696716308594e-08,0.0,False,1.0157084465026855,0.8822331470772813,4.20274543762207,0.309237539768219,0.529761791229248,7
78,19,0.02232611947949946,0.8008973002433777,1.4004485607147217,0.6832242139748164,8.940696716308594e-08,0.0,False,1.0101364850997925,0.8773934028959726,4.052340030670166,0.322053462266922,0.5001477599143982,7
78,20,0.014696095677551391,0.7976244688034058,1.3988122940063477,0.6057456816945757,5.960464477539063e-08,0.0,False,1.0366798639297485,0.9004486888098076,4.217629432678223,0.3086623251438141,0.5003151893615723,7
78,21,0.016482403720373892,0.8020583391189575,1.401029109954834,0.6804193162492344,5.960464477539063e-08,0.0,False,0.8870123624801636,0.7704491488102042,3.3052542209625244,0.39810311794281006,0.5001027584075928,7
78,22,0.040054293267834336,0.7854297161102295,1.3927149772644043,0.482219691255263,1.1920928955078125e-07,0.0,False,0.9763009548187256,0.8480042347092971,3.8969972133636475,0.3341900706291199,0.5035253763198853,7
78,23,0.020752288927923888,0.8313716650009155,1.4156858921051025,0.5493757389485836,5.960464477539063e-08,0.0,False,0.9820601344108582,0.8530065945436031,4.043727397918701,0.3249174952507019,0.5001641511917114,7
78,24,0.008361087110473349,0.7998806834220886,1.3999402523040771,0.49072676311646185,8.940696716308594e-08,0.0,False,1.0574232339859009,0.9184661511127358,4.660526275634766,0.2781541049480438,0.5000371932983398,7
79,1,0.007258068100615097,0.8055970668792725,1.4027986526489258,1.5735264356647218,1.1920928955078125e-07,0.0,False,0.8829537034034729,0.7669238423283375,3.2604448795318604,0.4040585160255432,0.5016741156578064,7
79,2,-0.010635291327037494,0.7640517354011536,1.382025957107544,0.8581326273935181,8.940696716308594e-08,0.0,False,0.9920104146003723,0.8616492981029975,3.8365249633789062,0.3380979001522064,0.5001751184463501,7
79,3,-0.018484876925389655,0.7698628902435303,1.3849315643310547,0.08051101224763058,1.1920928955078125e-07,0.0,False,1.0088913440704346,0.8763118871394896,3.9488587379455566,0.32854923605918884,0.5002352595329285,7
79,4,0.02990033821495743,0.7695891857147217,1.3847947120666504,0.38320232076304306,1.1920928955078125e-07,0.0,False,1.0010343790054321,0.8694874139950153,3.9164071083068848,0.3313594460487366,0.5002149343490601,7
79,5,-0.007264839590637257,0.8225964307785034,1.4112982749938965,0.7130716613360815,5.960464477539063e-08,0.0,False,1.0304865837097168,0.8950692739609268,4.1692214012146,0.31404462456703186,0.5021833181381226,7
79,6,0.03156625876735299,0.8151076436042786,1.4075539112091064,0.17914410361221839,8.940696716308594e-08,0.0,False,1.0337553024291992,0.897908446966457,4.178041458129883,0.31286463141441345,0.5016211271286011,7
79,7,0.015963499384750363,0.8025838732719421,1.401291847229004,0.6977431678346224,8.940696716308594e-08,0.0,False,0.9162742495536804,0.795865700982413,3.467698812484741,0.3788459897041321,0.5001199245452881,7
79,8,0.01715499341566622,0.830271303653717,1.4151356220245361,0.5488329205129828,2.9802322387695312e-08,0.0,False,0.958805501461029,0.8328078770060104,3.799332857131958,0.3466916084289551,0.5000001192092896,7
79,9,0.015470294757828866,0.8341673016548157,1.417083740234375,0.23365733878953118,8.940696716308594e-08,0.0,False,0.9703859686851501,0.842866543032605,4.017588138580322,0.3273294270038605,0.5000051259994507,7
79,10,0.062369375307321145,0.8188055753707886,1.409402847290039,0.45031894104821346,5.960464477539063e-08,0.0,False,0.9997538328170776,0.868375145708166,3.974432945251465,0.32990795373916626,0.501196026802063,7
79,11,-0.02798311107451809,0.7954049706459045,1.3977024555206299,1.160958772259099,2.9802322387695312e-08,0.0,False,1.0140411853790283,0.880784982465489,4.369378566741943,0.2971050441265106,0.508139431476593,7
79,12,-0.07983178547839875,0.8364627361297607,1.4182313680648804,0.46549554062741144,0.0,0.0,False,1.015609622001648,0.8821473092063263,4.288850784301758,0.3055435121059418,0.5096387267112732,7
79,13,0.05474402611045204,0.8101093769073486,1.4050546884536743,0.3654429316520691,0.0,0.0,False,1.048021674156189,0.9103000600020815,4.510464668273926,0.2878705561161041,0.5219026803970337,7
79,14,0.018990908634180268,0.8236850500106812,1.4118425846099854,0.7063496112823486,5.960464477539063e-08,0.0,False,1.0363357067108154,0.900149757647628,4.208828449249268,0.3110816180706024,0.5002027750015259,7
79,15,0.008257090693236976,0.815549910068512,1.4077749252319336,1.2464753070047925,2.9802322387695312e-08,0.0,False,1.021992564201355,0.8876914623576067,4.188389778137207,0.3117179870605469,0.5144438147544861,7
79,16,-0.0036106481640674447,0.7975605130195618,1.398780345916748,0.5848099184887751,8.940696716308594e-08,0.0,False,1.0048902034759521,0.872836540576484,3.998640537261963,0.32613039016723633,0.5071481466293335,7
79,17,-0.01530980073614734,0.8146324157714844,1.4073162078857422,0.5307857330356326,0.0,0.0,False,1.0347142219543457,0.8987413538831779,4.217599391937256,0.3096299171447754,0.5062985420227051,7
79,18,0.01822190883001005,0.8028609752655029,1.401430606842041,0.6471108176878522,1.1920928955078125e-07,0.0,False,0.9633820652961731,0.8367830298453726,3.7718358039855957,0.3470191955566406,0.5063672065734863,7
79,19,0.02287089411447734,0.7866191267967224,1.3933095932006836,0.10021824389696118,2.9802322387695312e-08,0.0,False,0.9369654059410095,0.8138378110688416,3.5577616691589355,0.3674852252006531,0.502231240272522,7
79,20,0.004132832965003835,0.8033774495124817,1.401688814163208,0.24608712536948077,8.940696716308594e-08,0.0,False,1.0019354820251465,0.8702701021331919,3.9726762771606445,0.3288261890411377,0.5053436756134033,7
79,21,-0.005394371553034615,0.8066579103469849,1.4033288955688477,0.45686110428401405,5.960464477539063e-08,0.0,False,1.0215885639190674,0.8873405521710369,4.084604263305664,0.3197629451751709,0.5015769004821777,7
79,22,-0.007011148140851185,0.8013575673103333,1.4006788730621338,0.59626740110772,8.940696716308594e-08,0.0,False,0.9295306205749512,0.8073800385516132,3.5384724140167236,0.3708688020706177,0.5006844997406006,7
79,23,0.003700714560783214,0.7967941164970398,1.3983972072601318,0.08884463352816452,1.4901161193847656e-07,0.0,False,0.9533168077468872,0.8280404582201927,3.7009706497192383,0.3535645604133606,0.5021604895591736,7
79,24,0.002256541109431035,0.8107759952545166,1.4053878784179688,0.5390316184077945,1.1920928955078125e-07,0.0,False,1.022410273551941,0.8880542800896044,4.114023685455322,0.31766802072525024,0.5012834072113037,7
80,1,-0.026373317005222052,0.7785184383392334,1.3892592191696167,1.215628694742918,0.0,0.0,False,1.0110775232315063,0.8782107782317004,4.390931606292725,0.2942028045654297,0.5196069478988647,7
80,2,0.06669087039029555,0.7628700733184814,1.3814349174499512,0.2722576702279703,1.1920928955078125e-07,0.0,False,0.9485747218132019,0.8239215347127716,3.6758174896240234,0.35327309370040894,0.5029354095458984,2
80,3,0.05559705542624038,0.7364311814308167,1.368215560913086,0.22935492279274128,2.9802322387695312e-08,0.0,False,0.8477245569229126,0.7363241944910002,3.0453526973724365,0.4263227581977844,0.5003517270088196,7
80,4,-0.04812210916558456,0.7355943322181702,1.3677971363067627,0.3434701881238393,2.9802322387695312e-08,0.0,False,0.8889106512069702,0.7720979814484267,3.231368064880371,0.4009929895401001,0.5007027387619019,7
80,5,0.014266487418808302,0.7905932664871216,1.395296573638916,0.39089211076498037,5.960464477539063e-08,0.0,False,0.8761312365531921,0.760997922916248,3.2352635860443115,0.4058791995048523,0.5012860298156738,7
80,6,-0.004892223640460972,0.7933007478713989,1.3966503143310547,0.19296011914099984,5.960464477539063e-08,0.0,False,0.9619647264480591,0.8355519449639265,3.7708821296691895,0.34641462564468384,0.5044736862182617,7
80,7,-0.06436311522209966,0.7825573682785034,1.3912787437438965,0.026697897485324307,5.960464477539063e-08,0.0,False,0.9684445858001709,0.8411802792841891,3.822514772415161,0.3406667113304138,0.5063831210136414,2
80,8,0.04280261375494191,0.8038099408149719,1.4019050598144531,0.6999949685164861,8.940696716308594e-08,0.0,False,1.028653860092163,0.8934773904530122,4.375478267669678,0.29607197642326355,0.5485170483589172,7
80,9,0.006897021526436588,0.7929856777191162,1.3964929580688477,0.7823076780353273,1.1920928955078125e-07,0.0,False,1.0323762893676758,0.8967106514402727,4.153036594390869,0.31334102153778076,0.5009707808494568,7
80,10,0.006247587287241452,0.782414436340332,1.391207218170166,0.6037559062242508,0.0,0.0,False,0.9509729146957397,0.8260045785836233,3.593325614929199,0.36341845989227295,0.5000067353248596,7
80,11,0.01878669070101733,0.7960618734359741,1.3980309963226318,0.4019761415464536,5.960464477539063e-08,0.0,False,0.9008337259292603,0.7824542325668481,3.3535892963409424,0.39156872034072876,0.5017141103744507,7
80,12,-0.011632448694423555,0.7923257350921631,1.396162986755371,0.061664327979087885,1.1920928955078125e-07,0.0,False,0.8778525590896606,0.7624930446745759,3.2357592582702637,0.4059923589229584,0.5009205937385559,7
80,13,0.009915977502112192,0.799008846282959,1.3995044231414795,0.059343713202646864,0.0,0.0,False,0.8969987034797668,0.779123174391268,3.3653697967529297,0.39039647579193115,0.5025320053100586,7
80,14,-0.010478441265355586,0.7951207160949707,1.397560477256775,0.1326949415462357,1.1920928955078125e-07,0.0,False,0.9118801951408386,0.7920490738130535,3.485398292541504,0.376201868057251,0.5000332593917847,2
80,15,0.006721755976257819,0.8223686814308167,1.411184310913086,0.07048003588403981,2.9802322387695312e-08,0.0,False,0.9244470596313477,0.8029645136191614,3.60020112991333,0.36603403091430664,0.5000000596046448,2
80,16,0.06116228280459917,0.7981245517730713,1.399062156677246,0.19888919538685268,1.1920928955078125e-07,0.0,False,0.8535310626029968,0.7413676612430011,3.127636432647705,0.42108646035194397,0.5008774995803833,7
80,17,0.013112601307725569,0.8017187118530273,1.4008592367172241,0.6073990091681482,1.1920928955078125e-07,0.0,False,0.9790762662887573,0.8504148396232922,3.8790030479431152,0.33696913719177246,0.5058678388595581,2
80,18,-0.009032560110562249,0.8094332814216614,1.4047167301177979,0.5449448909078325,8.940696716308594e-08,0.0,False,1.0004092454910278,0.8689444299234981,4.067923069000244,0.32124197483062744,0.5045775175094604,2
80,19,0.01720543430954822,0.8167504072189331,1.4083751440048218,0.3348954873425619,5.960464477539063e-08,0.0,False,0.9503191709518433,0.8254367439825172,3.6925947666168213,0.3560194671154022,0.5015122890472412,2
80,20,0.007971333938433824,0.7931875586509705,1.3965938091278076,0.3514816420418875,2.9802322387695312e-08,0.0,False,1.024096131324768,0.8895185975456295,4.238659381866455,0.30676576495170593,0.5003176927566528,2
80,21,0.018805741938042547,0.8017449975013733,1.4008724689483643,0.09332115628889634,2.9802322387695312e-08,0.0,False,1.001380443572998,0.8697880018591675,4.054048538208008,0.32194221019744873,0.5012178421020508,2
80,22,0.03084812418982244,0.7994345426559448,1.3997172117233276,0.9471681980150087,5.960464477539063e-08,0.0,False,0.9940993785858154,0.8634637491665427,4.0514631271362305,0.32151085138320923,0.5185776948928833,2
80,23,0.021522696789874257,0.8038811087608337,1.4019403457641602,0.4951378043208804,2.086162567138672e-07,0.0,False,1.017706036567688,0.8839682317619519,4.263354301452637,0.3046334981918335,0.5354222655296326,2
80,24,0.023126098907692693,0.7835592031478882,1.3917796611785889,0.09319622388907844,5.960464477539063e-08,0.0,False,1.038961410522461,0.9024304150006479,4.460206031799316,0.2894164025783539,0.5312808156013489,2
81,1,0.0632526056974527,0.7768548727035522,1.388427495956421,1.1628510249512536,5.960464477539063e-08,0.0,False,1.058775782585144,0.9196409598990504,4.833036422729492,0.26612338423728943,0.5125930309295654,6
81,2,-0.11030122612234453,0.7878376245498657,1.393918752670288,0.23670559482915046,5.960464477539063e-08,0.0,False,1.0803234577178955,0.9383570327150461,4.992193222045898,0.25806093215942383,0.5022214651107788,6
81,3,0.0005313884390025,0.800865888595581,1.40043306350708,1.1379166974553039,1.1920928955078125e-07,0.0,False,1.0265930891036987,0.8916874275154995,4.356898784637451,0.2985694408416748,0.5000279545783997,7
81,4,0.009036079694326802,0.8046424984931946,1.402321219444275,0.32328208323035934,2.9802322387695312e-08,0.0,False,1.0022733211517334,0.8705635454700873,4.2277350425720215,0.30835869908332825,0.5003750324249268,7
81,5,0.007928932379808252,0.8018448948860168,1.400922417640686,0.20976435925279352,2.9802322387695312e-08,0.0,False,0.950330376625061,0.8254464771066062,3.739604949951172,0.35022062063217163,0.5003139972686768,7
81,6,-0.05023194809409958,0.8053317070007324,1.4026658535003662,0.3508354537189006,0.0,0.0,False,0.9691080451011658,0.841756552710968,3.8103744983673096,0.34368133544921875,0.5019075870513916,7
81,7,-0.04364509677477451,0.804100513458252,1.402050256729126,0.3768744404826846,0.0,0.0,False,0.9475993514060974,0.8230743387415371,3.7087366580963135,0.35343968868255615,0.5000554323196411,7
81,8,-0.014431039645683635,0.7884406447410583,1.3942203521728516,0.43547700824482105,2.9802322387695312e-08,0.0,False,1.0271928310394287,0.8922083567420065,4.6192307472229,0.2800713777542114,0.5007221102714539,7
81,9,0.008029537390183077,0.8045840859413147,1.402292013168335,0.5579585491546564,2.9802322387695312e-08,0.0,False,0.980654239654541,0.8517854498739925,3.939391851425171,0.3319092392921448,0.5018956661224365,7
81,10,-0.026483804200445,0.8045319318771362,1.402266025543213,0.3862935783607619,5.960464477539063e-08,0.0,False,1.0077145099639893,0.8752897020224001,4.089293479919434,0.31927233934402466,0.5001286864280701,7
81,11,-0.0415137016360313,0.8043227195739746,1.4021613597869873,0.26051633911473404,0.0,0.0,False,1.031610131263733,0.896045174966657,4.221238136291504,0.30863600969314575,0.5074222683906555,7
81,12,-0.04401845823807495,0.8016977906227112,1.4008488655090332,0.3246958170618329,2.9802322387695312e-08,0.0,False,0.9936987161636353,0.863115738208425,4.091611862182617,0.3188687562942505,0.5007245540618896,7
81,13,0.002107880530432574,0.7795191407203674,1.3897595405578613,0.5663354577762739,2.9802322387695312e-08,0.0,False,1.0154027938842773,0.8819676605861734,4.507962226867676,0.286771297454834,0.500676155090332,7
81,14,-0.024592166020639225,0.7799913883209229,1.3899955749511719,0.22862786586795544,1.1920928955078125e-07,0.0,False,1.0819194316864014,0.9397432780906128,5.09798526763916,0.25208166241645813,0.5000203847885132,2
81,15,0.024644214579201587,0.7777770161628723,1.3888884782791138,1.1424950659275055,2.9802322387695312e-08,0.0,False,1.045820951461792,0.9083885365573298,4.476874828338623,0.288271427154541,0.5185954570770264,7
81,16,0.040503437235160956,0.7970325946807861,1.398516297340393,1.013036155274936,0.0,0.0,False,1.0769853591918945,0.9354575971752629,5.085530757904053,0.2536039352416992,0.5000143051147461,3
81,17,-0.04727775821894331,0.8073486089706421,1.4036743640899658,1.5954428208725793,5.960464477539063e-08,0.0,False,1.0050048828125,0.872936149782586,4.236617088317871,0.3072124123573303,0.5234230756759644,6
81,18,0.05709272949818899,0.8142251372337341,1.4071125984191895,1.3387321276324136,2.9802322387695312e-08,0.0,False,1.1009442806243896,0.9562680519162353,5.532347679138184,0.2327600121498108,0.5001764297485352,7
81,19,0.03677557505541704,0.8195730447769165,1.409786581993103,1.3214263447693415,5.960464477539063e-08,0.0,False,0.9974297881126404,0.8663565061264988,4.228962421417236,0.3085748851299286,0.5238996744155884,7
81,20,-0.03804642714131091,0.8232463598251343,1.4116231203079224,0.2897125312260218,5.960464477539063e-08,0.0,False,0.9731745719909668,0.8452886930884717,3.9179375171661377,0.3350633382797241,0.505881130695343,6
81,21,-0.0011255603098336681,0.8240708708763123,1.4120354652404785,0.8481419618640627,2.9802322387695312e-08,0.0,False,1.049100399017334,0.9112370285114557,4.536703586578369,0.28723177313804626,0.5117256045341492,7
81,22,-0.033234646136140696,0.8138716816902161,1.4069359302520752,0.5614640883037023,8.940696716308594e-08,0.0,False,1.0157654285430908,0.8822826410487125,4.159510135650635,0.3142685294151306,0.5005825757980347,7
81,23,-0.024557134273417706,0.8071079850196838,1.4035539627075195,0.48659899192196976,2.9802322387695312e-08,0.0,False,1.0388224124908447,0.9023096828443953,4.408575534820557,0.2949311435222626,0.5130574703216553,7
81,24,0.035753672412133015,0.8043369054794312,1.4021685123443604,0.39315949380397797,5.960464477539063e-08,0.0,False,1.0288543701171875,0.893651551247881,4.3018341064453125,0.30278655886650085,0.5003400444984436,7
82,1,0.11121412952037699,0.8127158284187317,1.406358003616333,1.360356635281018,8.940696716308594e-08,0.0,False,0.9831403493881226,0.8539448573513935,3.9869401454925537,0.3283426761627197,0.5028492212295532,6
82,2,-0.0015341548102921331,0.8027655482292175,1.4013828039169312,0.03148617169686718,2.9802322387695312e-08,0.0,False,0.9775973558425903,0.8491302743312934,3.947979688644409,0.33100706338882446,0.5024747848510742,6
82,3,0.016530845689136407,0.8070875406265259,1.4035437107086182,0.1583973062889918,5.960464477539063e-08,0.0,False,0.9511597752571106,0.8261668836050007,3.771153688430786,0.3475151062011719,0.5027687549591064,6
82,4,-0.0233254323613365,0.8083702325820923,1.4041850566864014,0.45941178181341713,5.960464477539063e-08,0.0,False,0.9950292706489563,0.8642714431501182,4.23311710357666,0.3079591393470764,0.508772611618042,6
82,5,-0.016866799102837206,0.814505398273468,1.4072527885437012,0.5288946798869542,8.940696716308594e-08,0.0,False,1.027948021888733,0.8928643071792798,4.281792163848877,0.30469101667404175,0.5087926387786865,7
82,6,-0.003612275008812274,0.7881978154182434,1.3940989971160889,0.6272197834083013,8.940696716308594e-08,0.0,False,0.9759959578514099,0.8477393177094922,3.803950309753418,0.3429524302482605,0.5020403265953064,7
82,7,-0.008324406893874672,0.8159896731376648,1.4079947471618652,0.7547189242073468,8.940696716308594e-08,0.0,False,0.9805263876914978,0.8516743990698923,4.209342002868652,0.31015825271606445,0.5131758451461792,7
82,8,0.06473258134457964,0.8009321093559265,1.400465965270996,0.8943384853856902,8.940696716308594e-08,0.0,False,1.0077059268951416,0.8752822468635234,4.145723819732666,0.3144778609275818,0.5005091428756714,7
82,9,0.0377666672125454,0.800868570804596,1.4004343748092651,1.0118977214608873,8.940696716308594e-08,0.0,False,1.0151259899139404,0.8817272317124009,4.323050022125244,0.3009940981864929,0.5008267760276794,6
82,10,0.010979690147168063,0.7936763167381287,1.3968381881713867,0.4802633656987122,2.9802322387695312e-08,0.0,False,0.9738584160804749,0.8458826725175826,4.088877201080322,0.31845492124557495,0.5033968687057495,6
82,11,0.005268643946559702,0.7879018783569336,1.3939509391784668,0.283830395766667,0.0,0.0,False,0.9793904423713684,0.8506877295013402,4.225780963897705,0.3070888817310333,0.5113096237182617,7
82,12,0.021698266978930687,0.8023435473442078,1.4011718034744263,0.7230454960039684,2.9802322387695312e-08,0.0,False,1.0525693893432617,0.9142501552241081,4.672447681427002,0.277531236410141,0.5007495880126953,7
82,13,-0.025746831034017502,0.7964112162590027,1.3982055187225342,0.3779770795788084,8.940696716308594e-08,0.0,False,1.0979925394058228,0.9537042020697754,5.506481170654297,0.23311194777488708,0.5008044838905334,6
82,14,-0.0029421759620915666,0.7887217402458191,1.3943607807159424,0.9200055056384631,8.940696716308594e-08,0.0,False,1.0266317129135132,0.8917209757304444,4.379215240478516,0.2961982488632202,0.5001763105392456,7
82,15,0.02320628809992571,0.794377863407135,1.3971889019012451,0.7049012726971081,2.9802322387695312e-08,0.0,False,1.0364412069320679,0.900241393975487,4.500450134277344,0.2879236042499542,0.5102843642234802,7
82,16,-0.040574880299849875,0.7911378145217896,1.3955689668655396,0.4491484846387591,5.960464477539063e-08,0.0,False,1.0275743007659912,0.8925396971365249,4.445174217224121,0.2916491627693176,0.5039926767349243,6
82,17,0.03430915848080719,0.7827730774879456,1.39138662815094,1.2427889491830553,8.940696716308594e-08,0.0,False,1.0204029083251953,0.8863107048073242,4.187457084655762,0.30993959307670593,0.5015572905540466,7
82,18,0.016626760094238364,0.7913938760757446,1.395696997642517,0.15139889504228313,5.960464477539063e-08,0.0,False,1.00787353515625,0.875427829549365,4.0922017097473145,0.31808996200561523,0.5010108947753906,7
82,19,-0.052637185685199116,0.7993162870407104,1.399658203125,1.3286141135862894,5.960464477539063e-08,0.0,False,1.029411792755127,0.8941357223993711,4.361081600189209,0.2981376051902771,0.5012176632881165,6
82,20,0.030242655484996536,0.802503764629364,1.4012517929077148,0.8847087813275201,8.940696716308594e-08,0.0,False,1.00501549243927,0.8729453651873086,4.108518600463867,0.3170457184314728,0.51896733045578,7
82,21,0.03225845395184602,0.7912803292274475,1.395640254020691,0.11123542274747567,8.940696716308594e-08,0.0,False,0.9866904020309448,0.857028393897881,3.9972362518310547,0.32529333233833313,0.525584876537323,7
82,22,-0.013126271572491102,0.7822989225387573,1.3911495208740234,0.5285447197301048,5.960464477539063e-08,0.0,False,1.007383942604065,0.8750025748617752,4.226618766784668,0.3069404661655426,0.5004669427871704,7
82,23,0.008754804243426596,0.7872039079666138,1.393601894378662,0.21268016738551,5.960464477539063e-08,0.0,False,1.0224637985229492,0.8881007712887102,4.479739665985107,0.2889191210269928,0.5088297128677368,7
82,24,0.0008775730881736207,0.7775131464004517,1.3887566328048706,0.12381085753440865,5.960464477539063e-08,0.0,False,1.0356783866882324,0.8995788167303232,4.551596164703369,0.2837679386138916,0.5008406639099121,7
83,1,0.019243457692382962,0.7967291474342346,1.398364543914795,1.123208999633789,2.9802322387695312e-08,0.0,False,1.0281380414962769,0.8930293561132993,4.120323657989502,0.3162076771259308,0.5006173253059387,7
83,2,0.00886279425456393,0.7863076329231262,1.3931539058685303,0.44425123929977417,8.940696716308594e-08,0.0,False,1.0108392238616943,0.8780037940289995,4.014616966247559,0.3241288661956787,0.5011641979217529,7
83,3,0.0003068269405320902,0.7915756106376648,1.3957877159118652,0.4979660787752696,8.940696716308594e-08,0.0,False,1.0202237367630005,0.8861550783657738,4.070875644683838,0.31986814737319946,0.5000073909759521,7
83,4,0.03911774702788157,0.7857839465141296,1.3928918838500977,0.19495376944541934,8.940696716308594e-08,0.0,False,0.9953064918518066,0.8645122344274471,3.8828651905059814,0.33557623624801636,0.500049889087677,7
83,5,0.016036900900547026,0.779732346534729,1.3898661136627197,0.46925624779292496,5.960464477539063e-08,0.0,False,0.9964325428009033,0.8654903098545162,3.927537202835083,0.33114326000213623,0.5003871321678162,7
83,6,0.03288580247160965,0.7891147136688232,1.3945574760437012,0.18757582562310351,1.1920928955078125e-07,0.0,False,0.956363320350647,0.8306866254459159,3.6361680030822754,0.35952848196029663,0.5002864599227905,7
83,7,0.00668106901860621,0.7939785718917847,1.396989345550537,0.1646319180727005,5.960464477539063e-08,0.0,False,0.8960070610046387,0.7782618446813299,3.3099021911621094,0.39676952362060547,0.5000709295272827,7
83,8,-0.06265044847256665,0.8035311698913574,1.4017655849456787,0.3029884163822446,0.0,0.0,False,0.9099200367927551,0.790346501904595,3.384676933288574,0.3885691463947296,0.5000449419021606,7
83,9,0.02951862397531636,0.7926434874534607,1.3963217735290527,0.3368489396359239,2.9802322387695312e-08,0.0,False,0.8744981288909912,0.7595794236241524,3.205986499786377,0.40994149446487427,0.5001660585403442,7
83,10,-0.002683479682564929,0.8196092247962952,1.4098045825958252,0.8654927499592304,2.9802322387695312e-08,0.0,False,0.9864922165870667,0.8568562522085413,3.9369828701019287,0.33326563239097595,0.5003952980041504,7
83,11,0.03595821877154009,0.8070698976516724,1.4035348892211914,0.47664701193571085,5.960464477539063e-08,0.0,False,0.9726482033729553,0.8448314951159728,3.745629072189331,0.35004910826683044,0.5002609491348267,7
83,12,-0.003118723198216865,0.822725772857666,1.411362886428833,1.1412928120366166,0.0,0.0,False,0.8788238763809204,0.7633367201541186,3.275080680847168,0.403816819190979,0.5010547041893005,7
83,13,0.04490441759778034,0.800889253616333,1.400444507598877,1.1746462131185191,1.1920928955078125e-07,0.0,False,0.9685969352722168,0.8413126083542499,3.7431893348693848,0.3497840166091919,0.5007522106170654,7
83,14,0.00954953437248882,0.8050563335418701,1.402528166770935,0.13314260861703328,0.0,0.0,False,0.9511317610740662,0.8261425507947782,3.631211280822754,0.3613560199737549,0.5003180503845215,7
83,15,0.005496258181396797,0.8137930631637573,1.4068965911865234,0.19405352004936768,5.960464477539063e-08,0.0,False,0.9996200203895569,0.8682589177104013,3.972005844116211,0.32976922392845154,0.5007429718971252,7
83,16,-0.020437727365485513,0.8189617395401001,1.4094809293746948,0.28204642661980206,5.960464477539063e-08,0.0,False,1.011748194694519,0.8787933160628131,4.074690341949463,0.32143375277519226,0.5016005635261536,7
83,17,0.011379407888627659,0.805095911026001,1.402547836303711,0.72845373409135,1.1920928955078125e-07,0.0,False,0.9957777857780457,0.8649215951304874,3.9358572959899902,0.3322904109954834,0.5007249116897583,7
83,18,0.008942008295600427,0.7994197010993958,1.399709939956665,0.189102822116443,8.940696716308594e-08,0.0,False,1.027045726776123,0.8920805836023703,4.129705905914307,0.3156612813472748,0.5,7
83,19,0.0031154313307998425,0.8057681322097778,1.4028842449188232,0.1656802701098579,1.7881393432617188e-07,0.0,False,0.9984889030456543,0.8672764416687174,4.015945911407471,0.32544487714767456,0.5002555251121521,7
83,20,0.008631404102707263,0.8170112371444702,1.4085056781768799,0.062123936201845004,5.960464477539063e-08,0.0,False,1.0091407299041748,0.8765285009224061,4.09079647064209,0.32001060247421265,0.5004043579101562,7
83,21,-0.01984972891886588,0.8043299317359924,1.4021649360656738,0.13653259458286426,2.9802322387695312e-08,0.0,False,0.9833284616470337,0.8541082495834403,4.00924825668335,0.3259154260158539,0.5000123977661133,7
83,22,-0.04921983112125029,0.8102560043334961,1.4051281213760376,0.2946666181087494,1.1920928955078125e-07,0.0,False,0.9467800259590149,0.8223626817004355,3.633812427520752,0.3615224361419678,0.5000414848327637,7
83,23,0.009978126613625531,0.8036881685256958,1.4018440246582031,0.07503319638116013,5.960464477539063e-08,0.0,False,0.9384071826934814,0.8150901224443114,3.569399118423462,0.3677353858947754,0.5005371570587158,7
83,24,0.02601342294341404,0.8015721440315247,1.4007861614227295,0.3608878425189428,8.940696716308594e-08,0.0,False,0.901648759841919,0.7831621620285115,3.3754515647888184,0.38948553800582886,0.5002499222755432,7
84,1,-0.06036530341249647,0.8139621019363403,1.4069809913635254,1.5395750488553728,5.960464477539063e-08,0.0,False,0.9022830128669739,0.7837130672063352,3.3639957904815674,0.39197248220443726,0.5007855892181396,7
84,2,-0.00501383127309628,0.7624431252479553,1.3812216520309448,0.8862647382276398,8.940696716308594e-08,0.0,False,1.0286604166030884,0.893483085366043,4.08674430847168,0.3164810538291931,0.5006759166717529,7
84,3,0.022468890794878984,0.7616579532623291,1.380828857421875,0.9102087978805815,1.1920928955078125e-07,0.0,False,0.9894027709960938,0.8593843276467806,3.864469528198242,0.3352489173412323,0.5050698518753052,7
84,4,-0.030634426095927925,0.7742724418640137,1.3871362209320068,0.6532820739916393,0.0,0.0,False,1.0275957584381104,0.8925583350337166,4.0831708908081055,0.3176223635673523,0.500472903251648,7
84,5,0.06532855318051475,0.780283510684967,1.3901418447494507,0.7351997100881168,8.940696716308594e-08,0.0,False,0.9366748929023743,0.8135854746496411,3.59106183052063,0.36339128017425537,0.5031629204750061,7
84,6,0.003007405547237457,0.7433772087097168,1.3716886043548584,0.7880630663463046,0.0,0.0,False,0.9145185947418213,0.7943407585885784,3.407557725906372,0.38017207384109497,0.5082956552505493,7
84,7,-0.031113182983280127,0.8040017485618591,1.402000904083252,1.5198320336639881,2.9802322387695312e-08,0.0,False,0.8522223234176636,0.7402309048301196,3.1225943565368652,0.4223979115486145,0.5002569556236267,6
84,8,0.04341431536996103,0.7623071074485779,1.3811535835266113,1.5303023473492692,2.9802322387695312e-08,0.0,False,0.9381926655769348,0.8149037952443315,3.5359466075897217,0.36776986718177795,0.5005509853363037,7
84,9,-0.02435663312786324,0.7825139760971069,1.3912570476531982,1.1380267696721214,5.960464477539063e-08,0.0,False,0.9632318019866943,0.8366525127930943,3.779905319213867,0.34482115507125854,0.5002267360687256,7
84,10,-0.02176908272365071,0.780393123626709,1.3901965618133545,0.3584146318691117,0.0,0.0,False,1.0370936393737793,0.9008080895939868,4.166474342346191,0.31140637397766113,0.5014622807502747,7
84,11,0.025472007430674796,0.7591920495033264,1.3795959949493408,0.5820643816675459,2.9802322387695312e-08,0.0,False,1.0368515253067017,0.9005977919873409,4.148972511291504,0.31121987104415894,0.504331111907959,7
84,12,0.04582938447890053,0.7714319229125977,1.3857159614562988,0.16852333077362602,0.0,0.0,False,1.0347859859466553,0.8988036872948967,4.149977207183838,0.31211087107658386,0.5000152587890625,7
84,13,0.00589393617044524,0.7843949198722839,1.3921974897384644,0.37523445912769854,2.9802322387695312e-08,0.0,False,0.9955940246582031,0.8647619822498154,4.1012797355651855,0.31673720479011536,0.5057083368301392,7
84,14,0.06327421815553222,0.8076736330986023,1.403836727142334,0.4614097369568689,8.940696716308594e-08,0.0,False,1.0249509811401367,0.8902611106609707,4.386190414428711,0.2965236306190491,0.5138280391693115,7
84,15,0.03640009166391515,0.7808442115783691,1.3904221057891846,0.34994442867381237,0.0,0.0,False,0.9933037757873535,0.8627726973562251,4.116240501403809,0.31542348861694336,0.5006371736526489,2
84,16,0.021287512765241896,0.7919118404388428,1.395956039428711,0.2331263848713466,1.1920928955078125e-07,0.0,False,0.9906857013702393,0.8604986668110955,4.125650405883789,0.3151974678039551,0.5097549557685852,7
84,17,0.005445615707478826,0.7812348008155823,1.3906173706054688,0.6223179197737148,2.9802322387695312e-08,0.0,False,1.0300508737564087,0.8946908211040628,4.589406967163086,0.28051647543907166,0.5393503308296204,7
84,18,0.01837662135466229,0.7895374298095703,1.3947687149047852,0.5102971579347337,0.0,0.0,False,1.0570980310440063,0.9181836834264088,4.916543483734131,0.2615663707256317,0.530406653881073,7
84,19,-0.04195868895424323,0.8050041198730469,1.4025020599365234,0.3338711197887148,0.0,0.0,False,1.0858186483383179,0.943130094641958,5.3502044677734375,0.24000126123428345,0.5266159176826477,7
84,20,0.022573195928300732,0.7702118754386902,1.385105848312378,1.017410506095205,8.940696716308594e-08,0.0,False,1.048795461654663,0.9109721632835875,5.2987060546875,0.23865261673927307,0.611312747001648,3
84,21,0.00424028966642139,0.755937397480011,1.3779687881469727,1.5736913872616631,8.940696716308594e-08,0.0,False,1.027259349822998,0.8922661342233006,4.192963123321533,0.30757465958595276,0.5051132440567017,7
84,22,-0.009313459847147959,0.7511627078056335,1.3755812644958496,0.2518308545861927,8.940696716308594e-08,0.0,False,0.9657676815986633,0.8388551498375925,3.721278429031372,0.34791284799575806,0.5000942945480347,7
84,23,0.018912791348123778,0.7756841778755188,1.3878421783447266,0.547473771231515,8.940696716308594e-08,0.0,False,0.9055309295654297,0.7865341718059767,3.377666473388672,0.3867417573928833,0.5043795704841614,2
84,24,-0.013268521576740674,0.8071449398994446,1.4035725593566895,0.15001772769859859,8.940696716308594e-08,0.0,False,0.8979828357696533,0.779977980837189,3.340083599090576,0.39427706599235535,0.5000256896018982,7
85,1,0.014769613651981246,0.7814142107963562,1.390707015991211,1.1484017372131348,8.940696716308594e-08,0.0,False,1.0219364166259766,0.8876426931932885,4.148238658905029,0.31289684772491455,0.5017684698104858,7
85,2,0.023500088385076282,0.776095449924469,1.388047695159912,0.45543328885521217,2.9802322387695312e-08,0.0,False,1.0103987455368042,0.877621199417204,4.01632833480835,0.32320523262023926,0.5025731325149536,7
85,3,-0.01189888661096081,0.7922623157501221,1.3961310386657715,0.49607812506811966,1.1920928955078125e-07,0.0,False,1.0087640285491943,0.8762013022828191,4.06287145614624,0.32039642333984375,0.5065058469772339,7
85,4,0.032469946342167676,0.7974942326545715,1.398747205734253,0.36100125738552635,8.940696716308594e-08,0.0,False,1.0448391437530518,0.9075357492169378,4.318441390991211,0.3009633719921112,0.5061829090118408,7
85,5,-0.000443197684699729,0.7872279286384583,1.3936140537261963,0.17883993685245508,8.940696716308594e-08,0.0,False,1.0262243747711182,0.8913671663154227,4.237486839294434,0.3063713014125824,0.5034025311470032,7
85,6,0.013040856308790774,0.7876394987106323,1.393819808959961,0.03503478424889703,5.960464477539063e-08,0.0,False,1.0226712226867676,0.8882809376282297,4.194382667541504,0.30967235565185547,0.503966748714447,7
85,7,-0.007071463859984811,0.7851617336273193,1.3925808668136597,0.029702919934477157,0.0,0.0,False,1.018837332725525,0.8849508631194457,4.164400100708008,0.3118358850479126,0.5037411451339722,7
85,8,-0.011499685448538964,0.7823065519332886,1.391153335571289,0.10316059419087001,5.960464477539063e-08,0.0,False,0.9994789361953735,0.8681363735363662,4.030811786651611,0.3224407434463501,0.5027552247047424,7
85,9,0.03910917345117426,0.7771168947219849,1.3885585069656372,0.3928849484239305,5.960464477539063e-08,0.0,False,1.0211141109466553,0.8869284475553546,4.130993366241455,0.3139742314815521,0.5011720657348633,7
85,10,0.02064472484856289,0.776689887046814,1.3883450031280518,0.5804230836885316,5.960464477539063e-08,0.0,False,1.0640822649002075,0.9242501118745489,4.945547580718994,0.2600115239620209,0.5027722120285034,7
85,11,-0.02000402761377762,0.7644456028938293,1.3822228908538818,0.4119971852217402,8.940696716308594e-08,0.0,False,1.0221850872039795,0.8878586857129652,4.356374263763428,0.29621973633766174,0.5010814070701599,7
85,12,0.04728655617234222,0.756395697593689,1.3781977891921997,0.5814716070890427,5.960464477539063e-08,0.0,False,1.0040552616119385,0.8721113192879817,4.082859992980957,0.3163719177246094,0.5001404285430908,7
85,13,-0.033731573569580404,0.7664029002189636,1.3832014799118042,0.8402655720710754,2.9802322387695312e-08,0.0,False,1.0272886753082275,0.8922916060161292,4.395199298858643,0.29357388615608215,0.5027005672454834,6
85,14,-0.005824050248815764,0.7831518650054932,1.391575813293457,0.38707319966384346,1.1920928955078125e-07,0.0,False,1.0521751642227173,0.9139077356351479,4.528966903686523,0.2853845953941345,0.5087890625,7
85,15,-0.014723273704524099,0.7811927795410156,1.3905963897705078,0.40398455943380074,0.0,0.0,False,1.0449929237365723,0.9076693208134781,4.42643404006958,0.2921701669692993,0.5094567537307739,7
85,16,-0.01737766078553365,0.7702706456184387,1.3851354122161865,0.3894728571176529,8.940696716308594e-08,0.0,False,1.034960389137268,0.8989551719815155,4.2520751953125,0.3039272129535675,0.5114123821258545,7
85,17,0.015128688622246991,0.7743000388145447,1.3871500492095947,0.4345773309469223,2.9802322387695312e-08,0.0,False,1.044182300567627,0.9069652224751263,4.430306434631348,0.29120004177093506,0.519690215587616,7
85,18,0.00567973040480629,0.7835686802864075,1.391784429550171,0.1507535236222402,8.940696716308594e-08,0.0,False,1.040964961051941,0.9041706768789829,4.454928398132324,0.29039376974105835,0.5082796812057495,7
85,19,0.010876637610371134,0.785864531993866,1.3929322957992554,0.21907220567975738,2.9802322387695312e-08,0.0,False,1.0524024963378906,0.9141051938015062,4.639151096343994,0.2786441147327423,0.501266360282898,7
85,20,0.010231651022385322,0.7880942821502686,1.3940470218658447,0.3821882882288524,1.1920928955078125e-07,0.0,False,1.0401777029037476,0.9034868731397954,4.446432113647461,0.2909924387931824,0.5180312991142273,7
85,21,0.0004516122820119074,0.7903187870979309,1.3951594829559326,0.5447429482425962,8.940696716308594e-08,0.0,False,1.0675245523452759,0.927240044759585,4.9716715812683105,0.2593190371990204,0.5020163059234619,7
85,22,-0.025918031181557465,0.784290075302124,1.3921451568603516,0.3717559150287083,1.1920928955078125e-07,0.0,False,1.0356206893920898,0.8995287014956523,4.40414571762085,0.2941633462905884,0.5001601576805115,7
85,23,0.026310527778862017,0.7878852486610413,1.3939425945281982,0.11244806327990114,2.9802322387695312e-08,0.0,False,1.0431982278823853,0.906110467801142,4.493852615356445,0.2881683111190796,0.5029948949813843,7
85,24,0.0315579684674728,0.7885854840278625,1.3942928314208984,0.5817368046513627,8.940696716308594e-08,0.0,False,1.0585802793502808,0.9194711479468597,5.154662609100342,0.2490987777709961,0.5183410048484802,7
86,1,0.03797659608886638,0.8086962103843689,1.4043481349945068,1.062630444765091,2.9802322387695312e-08,0.0,False,1.0371507406234741,0.9008576871092913,4.2477264404296875,0.3069040775299072,0.5076353549957275,7
86,2,-0.0427243240063404,0.8024010062217712,1.401200532913208,0.11616497380392884,2.9802322387695312e-08,0.0,False,1.028735876083374,0.8935486286378337,4.175504207611084,0.3120937943458557,0.5055854320526123,7
86,3,-0.035922237452627404,0.7950801849365234,1.3975400924682617,0.4940812119415829,0.0,0.0,False,1.012123942375183,0.8791196863514138,4.083305835723877,0.3190666437149048,0.5012297630310059,7
86,4,0.041619231413219854,0.7993403077125549,1.399670124053955,0.23800364456006454,2.9802322387695312e-08,0.0,False,1.0383974313735962,0.901940548936127,4.380013942718506,0.2967880964279175,0.5013007521629333,7
86,5,-0.004759581927790669,0.7900559902191162,1.395027995109558,0.4316846121634756,0.0,0.0,False,1.0100338459014893,0.8773042516210724,4.056473255157471,0.32066044211387634,0.5104246139526367,7
86,6,-0.04113913443369712,0.8040363192558289,1.4020179510116577,0.49392871984413694,2.086162567138672e-07,0.0,False,1.0411322116851807,0.9043159489332045,4.6942925453186035,0.2761949300765991,0.5034822225570679,7
86,7,0.05584589900194856,0.8067925572395325,1.4033962488174438,0.14190847426652908,2.9802322387695312e-08,0.0,False,1.0499567985534668,0.9119808876971497,4.64766788482666,0.2793123126029968,0.5018559694290161,7
86,8,0.01198148643131772,0.7963285446166992,1.3981642723083496,0.2702566065958567,0.0,0.0,False,1.0158499479293823,0.882356053654873,4.206272602081299,0.3094438910484314,0.5003776550292969,7
86,9,-0.0223589005720174,0.8091409802436829,1.4045705795288086,0.4146675861307554,8.940696716308594e-08,0.0,False,1.0050404071807861,0.8729670058568256,4.077220439910889,0.3204168975353241,0.5059751868247986,7
86,10,0.014179224782798237,0.8114061951637268,1.405703067779541,0.5149637290409633,2.9802322387695312e-08,0.0,False,0.969036340713501,0.8416942710711859,3.8368334770202637,0.3417259454727173,0.5001744031906128,7
86,11,-0.07682911225692998,0.8142982125282288,1.407149076461792,0.42286545038223267,2.9802322387695312e-08,0.0,False,0.9279683828353882,0.8060230960921868,3.5272738933563232,0.3732016086578369,0.5005162954330444,7
86,12,-0.041838418591730514,0.8101924657821655,1.4050962924957275,0.3503773744617189,5.960464477539063e-08,0.0,False,0.9398890733718872,0.8163772763331425,3.653430938720703,0.3594730496406555,0.5009799003601074,7
86,13,-0.02477161000775339,0.7961592078208923,1.3980796337127686,0.23004604609949245,2.9802322387695312e-08,0.0,False,0.9988841414451599,0.8676197413806006,4.044670581817627,0.3223212957382202,0.5012915730476379,7
86,14,0.003665858378896566,0.7979196906089783,1.3989598751068115,0.26779184596879146,2.9802322387695312e-08,0.0,False,1.0421252250671387,0.9051784693976854,4.315051078796387,0.3013184070587158,0.5032860636711121,7
86,15,0.0013947229476017138,0.8008583784103394,1.4004292488098145,0.24559491553476878,5.960464477539063e-08,0.0,False,1.0337300300598145,0.8978864956653202,4.434261322021484,0.2928925156593323,0.5081044435501099,7
86,16,-0.005662255000184566,0.8017541170120239,1.4008769989013672,0.24048479327133723,5.960464477539063e-08,0.0,False,1.000512957572937,0.8690345130932579,4.006072998046875,0.3259582221508026,0.501483142375946,7
86,17,-0.007209756858626807,0.796778678894043,1.3983893394470215,0.08291274734905771,0.0,0.0,False,1.0165311098098755,0.882947703346835,4.090066432952881,0.3186340034008026,0.5012905597686768,7
86,18,-0.010563957800691902,0.7960227727890015,1.3980114459991455,0.11807476409843984,5.960464477539063e-08,0.0,False,0.9952657222747803,0.8644768224227829,3.9815800189971924,0.32762423157691956,0.5017784833908081,7
86,19,0.1044101903525725,0.795563280582428,1.3977816104888916,0.1186879287872995,2.9802322387695312e-08,0.0,False,0.9820902347564697,0.8530327393716081,3.9594268798828125,0.32938194274902344,0.5060975551605225,7
86,20,-0.09719772838012015,0.7555360794067383,1.3777680397033691,0.5989036741001266,0.0,0.0,False,1.0228404998779297,0.8884279699282973,4.1553544998168945,0.31029537320137024,0.5110703110694885,7
86,21,-0.05215897997593819,0.7923952341079712,1.3961975574493408,1.252753638795444,5.960464477539063e-08,0.0,False,1.086991548538208,0.944148862811229,5.4586687088012695,0.23423895239830017,0.5320166349411011,2
86,22,0.005143993050919365,0.7592498064041138,1.379624843597412,0.36964474618434906,5.960464477539063e-08,0.0,False,1.0728905200958252,0.9319008651278536,4.853909492492676,0.2642423212528229,0.5011190176010132,2
86,23,0.051331622158674636,0.7802203893661499,1.3901102542877197,0.5556703699486596,5.960464477539063e-08,0.0,False,1.0814356803894043,0.939323097052814,5.147670745849609,0.24912628531455994,0.5152374505996704,2
86,24,-0.011511206906634864,0.7998074889183044,1.3999037742614746,1.3903826751879285,2.9802322387695312e-08,0.0,False,1.0498344898223877,0.9118746516831572,4.380467414855957,0.29682138562202454,0.50001060962677,7
87,1,0.0010128036859284209,0.7974669933319092,1.3987336158752441,1.1911724486521313,1.1920928955078125e-07,0.0,False,1.0173414945602417,0.8836515945974402,4.120434761047363,0.31614840030670166,0.5042979717254639,7
87,2,-0.03029919103025132,0.7997778654098511,1.3998889923095703,0.010658762284687512,5.960464477539063e-08,0.0,False,1.017971396446228,0.8841987204238888,4.122565746307373,0.3161090016365051,0.5053258538246155,7
87,3,-0.018493096591598913,0.8096756935119629,1.4048378467559814,0.5975548880440849,0.0,0.0,False,1.0300395488739014,0.8946809844361006,4.234591960906982,0.30792996287345886,0.5088744163513184,7
87,4,-0.04367952458376438,0.801265299320221,1.400632619857788,0.2427872036184584,2.9802322387695312e-08,0.0,False,1.042615532875061,0.905604345348515,4.297091960906982,0.3027634024620056,0.5065362453460693,7
87,5,-0.0004836455046857129,0.8003735542297363,1.4001867771148682,0.19420477322169705,0.0,0.0,False,1.0210895538330078,0.8869071175174574,4.134487152099609,0.31516510248184204,0.506510317325592,7
87,6,0.010164916067566922,0.8043854832649231,1.4021928310394287,0.18910922322954463,8.940696716308594e-08,0.0,False,1.039709210395813,0.9030799457177774,4.248642921447754,0.30653953552246094,0.5080685019493103,7
87,7,-0.00627056061337681,0.7983569502830505,1.399178385734558,0.05543016748768942,8.940696716308594e-08,0.0,False,1.0322437286376953,0.8965955106531776,4.187963962554932,0.3107723593711853,0.5084075927734375,7
87,8,-0.08188959386688408,0.7928985357284546,1.3964494466781616,0.4418426688228334,1.7881393432617188e-07,0.0,False,1.0323233604431152,0.8966646779605333,4.179462909698486,0.311050683259964,0.5088807940483093,7
87,9,-0.0013163362518573037,0.7880240082740784,1.3940119743347168,0.12931021835122777,2.9802322387695312e-08,0.0,False,1.033583164215088,0.8977589296134306,4.17990779876709,0.310830682516098,0.503506600856781,7
87,10,-0.03142323955769548,0.7875714898109436,1.393785834312439,0.02917660347052986,8.940696716308594e-08,0.0,False,1.0339351892471313,0.8980646946712472,4.1819024085998535,0.3107011914253235,0.5014321804046631,7
87,11,0.04777496508654768,0.7922934889793396,1.3961467742919922,0.053103357553482056,2.9802322387695312e-08,0.0,False,1.0383092164993286,0.9018639264698946,4.204729080200195,0.3092641830444336,0.5013085603713989,7
87,12,-0.044766758809399704,0.7926661372184753,1.3963329792022705,0.6575879561049598,8.940696716308594e-08,0.0,False,1.0266414880752563,0.8917294663280539,4.168568134307861,0.31178659200668335,0.5124471783638,7
87,13,-0.008652687705247904,0.7938888072967529,1.396944522857666,0.7100115067192487,1.1920928955078125e-07,0.0,False,1.0172202587127686,0.8835462904783074,4.153146743774414,0.31341010332107544,0.5004035234451294,7
87,14,0.02022413814193454,0.7894079685211182,1.3947038650512695,0.38390354599271503,1.1920928955078125e-07,0.0,False,1.0218267440795898,0.8875474328298644,4.118285655975342,0.3157121539115906,0.5060849189758301,7
87,15,-0.008544677219225924,0.7865764498710632,1.3932883739471436,0.39790789570127216,1.4901161193847656e-07,0.0,False,1.0224905014038086,0.8881239651163265,4.140840530395508,0.3138408064842224,0.5016902089118958,7
87,16,0.013175700700472949,0.7822101712226868,1.3911051750183105,0.17551948768751952,8.940696716308594e-08,0.0,False,1.0309348106384277,0.8954585989244861,4.165877819061279,0.3115996718406677,0.5006675720214844,7
87,17,0.022356696321660437,0.8041039705276489,1.4020519256591797,0.8131593487092428,5.960464477539063e-08,0.0,False,0.9795652627944946,0.8508395765915157,4.0727033615112305,0.3199867308139801,0.5220170021057129,7
87,18,0.023100484074247862,0.793299674987793,1.3966498374938965,0.401074168937547,0.0,0.0,False,1.0249905586242676,0.890295487226902,4.341457366943359,0.299024760723114,0.5061649680137634,7
87,19,-0.004487160099512463,0.7819391489028931,1.3909695148468018,0.1566578862922534,5.960464477539063e-08,0.0,False,1.0266716480255127,0.8917556629279956,4.321314334869385,0.29966267943382263,0.509240448474884,7
87,20,0.04678210276233152,0.7881613969802856,1.3940807580947876,0.14469739049673086,5.960464477539063e-08,0.0,False,1.0631076097488403,0.9234035371665542,4.811358451843262,0.2680816948413849,0.5098837614059448,7
87,21,0.019289853123258403,0.7979637384414673,1.3989819288253784,0.34251846053770607,5.960464477539063e-08,0.0,False,1.060083270072937,0.9207766291012625,4.849408149719238,0.2666042447090149,0.5025801658630371,7
87,22,-0.021379236246814502,0.794445276260376,1.397222638130188,0.1943454274109431,0.0,0.0,False,1.0047143697738647,0.8726838133633856,4.209091663360596,0.3089069724082947,0.5074183344841003,7
87,23,0.010520011668261487,0.7937418818473816,1.3968709707260132,0.4292762811694827,2.9802322387695312e-08,0.0,False,1.0310447216033936,0.8955540663756567,4.219339370727539,0.3079361915588379,0.5125116109848022,7
87,24,0.01106149428629976,0.7779360413551331,1.3889679908752441,0.577934531228883,2.9802322387695312e-08,0.0,False,0.9939947724342346,0.8633728894177334,3.957101583480835,0.3278312683105469,0.5232036709785461,7
88,1,-0.013431890519198651,0.7871525287628174,1.3935761451721191,1.2616021239331792,1.1920928955078125e-07,0.0,False,0.9959594011306763,0.8650793442214401,3.9467403888702393,0.3299650549888611,0.5024048089981079,7
88,2,0.04537724161593244,0.7740567922592163,1.387028455734253,0.9437243353043283,5.960464477539063e-08,0.0,False,0.9990442395210266,0.8677588008024251,3.9211535453796387,0.33128616213798523,0.5000009536743164,7
88,3,-0.02902556299125099,0.7743861675262451,1.387193202972412,0.47608179173299237,1.1920928955078125e-07,0.0,False,0.9606329202651978,0.8343951528115638,3.6694626808166504,0.35486260056495667,0.5028731822967529,7
88,4,-0.007480557644973249,0.7852952480316162,1.3926477432250977,0.4296601382749421,1.1920928955078125e-07,0.0,False,0.9915866851806641,0.8612812514053988,3.8759212493896484,0.3361605107784271,0.5001941919326782,7
88,5,-0.010613888962987015,0.8017917275428772,1.4008958339691162,0.14868996185915806,2.9802322387695312e-08,0.0,False,1.0217921733856201,0.8875174051066111,4.107170581817627,0.3175511658191681,0.5029952526092529,7
88,6,-0.011871920974629338,0.7769142389297485,1.3884570598602295,0.07901309430599213,5.960464477539063e-08,0.0,False,1.0184266567230225,0.884594154475972,4.104805946350098,0.31598907709121704,0.5033811330795288,7
88,7,-0.046752624128201935,0.7574178576469421,1.378708839416504,0.9769464007445744,8.940696716308594e-08,0.0,False,1.0855886936187744,0.9429303585103873,5.253284931182861,0.24278050661087036,0.5134401917457581,2
88,8,-0.053207329713494775,0.7749142050743103,1.3874571323394775,0.7073993278401239,2.9802322387695312e-08,0.0,False,1.0477888584136963,0.9100978388175519,4.370954990386963,0.29588091373443604,0.5006296634674072,7
88,9,-0.06220175871824394,0.7716596126556396,1.3858298063278198,0.5998009549719947,0.0,0.0,False,1.0386760234832764,0.9021825309679987,4.196963310241699,0.3084324896335602,0.5020626187324524,7
88,10,-0.08709875441199763,0.8040410280227661,1.4020204544067383,0.6329352664096015,5.960464477539063e-08,0.0,False,1.0407209396362305,0.9039587225703644,4.3809590339660645,0.2968286871910095,0.5080921053886414,7
88,11,0.041359177147189924,0.791067361831665,1.395533561706543,0.46208766315664557,1.1920928955078125e-07,0.0,False,1.0881388187408447,0.9451453690477433,5.154726982116699,0.24968883395195007,0.5010359883308411,5
88,12,0.13212774001486133,0.7800048589706421,1.3900024890899658,1.1078628663505825,5.960464477539063e-08,0.0,False,1.0968315601348877,0.952695788287833,5.475795745849609,0.23289400339126587,0.5329536199569702,6
88,13,0.0064104849712015985,0.782196044921875,1.391097903251648,0.7895422215972626,1.1920928955078125e-07,0.0,False,1.015033483505249,0.8816468816667301,4.104335784912109,0.3164377212524414,0.5019347071647644,6
88,14,0.012822925706957141,0.7924913167953491,1.3962455987930298,1.1158440858125687,5.960464477539063e-08,0.0,False,1.0479809045791626,0.9102646479974174,4.412575721740723,0.293660968542099,0.5160414576530457,6
88,15,0.0024138351691534326,0.7415586113929749,1.370779275894165,0.8401793049914495,2.9802322387695312e-08,0.0,False,1.0794129371643066,0.9375661646108798,4.843212604522705,0.26384860277175903,0.5012169480323792,7
88,16,-0.011957854028625425,0.780747652053833,1.390373706817627,0.27863038863454537,1.1920928955078125e-07,0.0,False,1.0425093173980713,0.9055120877574163,4.3508782386779785,0.29769814014434814,0.500204861164093,7
88,17,-0.015062137316104576,0.7708932757377625,1.385446548461914,1.068943419626781,8.940696716308594e-08,0.0,False,1.0371553897857666,0.9008617253203495,4.182324409484863,0.3094630837440491,0.5036728382110596,7
88,18,0.050904613450527304,0.8207725882530212,1.410386323928833,0.6441172446523397,2.9802322387695312e-08,0.0,False,1.018470048904419,0.8846318444458484,4.165860652923584,0.3137388229370117,0.5176478028297424,7
88,19,0.003140313468968002,0.8090397715568542,1.40451979637146,0.16433444406305037,8.940696716308594e-08,0.0,False,1.0381431579589844,0.9017196898544058,4.316673278808594,0.30198273062705994,0.5009969472885132,7
88,20,0.0448124393585391,0.8131062984466553,1.4065532684326172,0.5275471678801945,1.1920928955078125e-07,0.0,False,1.0015239715576172,0.8699126686826051,4.104200839996338,0.31853801012039185,0.50428307056427,7
88,21,-0.013588127059486019,0.8208292126655579,1.4104145765304565,0.5581166786806924,2.9802322387695312e-08,0.0,False,1.0867316722869873,0.9439231371674633,5.15565824508667,0.25102028250694275,0.5041273236274719,2
88,22,0.01347915878454865,0.8083390593528748,1.4041695594787598,0.5330567168337957,2.9802322387695312e-08,0.0,False,1.052731990814209,0.9143913890672716,4.529231548309326,0.28656184673309326,0.5201488733291626,7
88,23,0.041470656810364714,0.8203128576278687,1.410156488418579,0.20159814187458583,5.960464477539063e-08,0.0,False,1.0192170143127441,0.8852806503558649,4.410323619842529,0.29407811164855957,0.566352903842926,7
88,24,0.030114384112942996,0.8057354092597961,1.4028677940368652,0.6030608841351099,8.940696716308594e-08,0.0,False,1.0270349979400635,0.8920712646537744,4.482361316680908,0.2890513837337494,0.5380938053131104,7
89,1,-0.03970401667865978,0.7743983268737793,1.3871991634368896,1.1620871658836092,0.0,0.0,False,1.0321847200393677,0.8965442564359005,4.410945415496826,0.29302942752838135,0.501255214214325,3
89,2,0.001164803749250432,0.8077293634414673,1.4038647413253784,0.6932645205940519,5.960464477539063e-08,0.0,False,1.0827696323394775,0.9404817529948958,5.313299179077148,0.2420559823513031,0.5209125876426697,3
89,3,-0.026317316636223866,0.7972239255905151,1.3986120223999023,0.33840865748269217,5.960464477539063e-08,0.0,False,1.0480180978775024,0.9102969536858828,4.649860858917236,0.27856725454330444,0.5037294626235962,2
89,4,-0.0006938067275430639,0.8033618330955505,1.4016809463500977,0.5854810816901069,2.9802322387695312e-08,0.0,False,1.075904369354248,0.9345186613322962,4.994006633758545,0.25871777534484863,0.5041987299919128,2
89,5,0.06751897807084069,0.7856302857398987,1.392815113067627,1.275784807545798,2.9802322387695312e-08,0.0,False,1.0591195821762085,0.9199395804296101,4.561060428619385,0.2836481034755707,0.5006698369979858,6
89,6,-0.05816257909595722,0.7774154543876648,1.3887077569961548,0.3037501530987876,2.9802322387695312e-08,0.0,False,1.0357403755187988,0.8996326595444325,4.333398818969727,0.2987397313117981,0.5000150203704834,6
89,7,0.03300283357201774,0.8159530758857727,1.4079766273498535,1.52165913688285,8.940696716308594e-08,0.0,False,0.9691919088363647,0.8418293958258255,3.83699893951416,0.34205853939056396,0.5000916719436646,7
89,8,0.013902374467261268,0.7941285967826843,1.397064208984375,0.6188874574644224,8.940696716308594e-08,0.0,False,1.0252422094345093,0.890514068343411,4.254114627838135,0.3049231171607971,0.5273204445838928,7
89,9,0.0032348087410809436,0.7997599244117737,1.3998799324035645,1.046891484941755,2.9802322387695312e-08,0.0,False,1.0325193405151367,0.8968349040882172,4.372814178466797,0.29728376865386963,0.5028314590454102,7
89,10,-0.011662273919652931,0.7810343503952026,1.390517234802246,0.6667391253369195,5.960464477539063e-08,0.0,False,1.0311163663864136,0.8956162962435023,4.153446197509766,0.3124193251132965,0.5033441781997681,7
89,11,0.019591656202950225,0.8029987215995789,1.4014992713928223,0.5029415935277939,8.940696716308594e-08,0.0,False,1.0184657573699951,0.8846281168664101,4.26556921005249,0.30495885014533997,0.5158326029777527,7
89,12,0.02722721284643116,0.8024928569793701,1.4012465476989746,0.06557466515472965,1.1920928955078125e-07,0.0,False,1.0159411430358887,0.8824352647179375,4.205613613128662,0.3096868097782135,0.5083684921264648,7
89,13,0.013826403938102874,0.8121837973594666,1.4060919284820557,0.6328962381396974,2.9802322387695312e-08,0.0,False,1.058018684387207,0.9189833527598045,4.89515495300293,0.26354098320007324,0.5447794795036316,7
89,14,0.014648134586672738,0.792846143245697,1.396423101425171,0.6595266972269331,2.9802322387695312e-08,0.0,False,1.0396043062210083,0.9029888271092849,4.425377368927002,0.29299965500831604,0.5084797143936157,7
89,15,0.011125473398408525,0.8113223910331726,1.4056612253189087,0.7904881334730559,2.9802322387695312e-08,0.0,False,1.0344021320343018,0.8984702760229124,4.4440016746521,0.29306498169898987,0.500999927520752,7
89,16,0.0012851569606115846,0.806546151638031,1.403273105621338,0.5971691874521119,2.9802322387695312e-08,0.0,False,0.942568838596344,0.8187048908326982,3.631279468536377,0.36147814989089966,0.5000854134559631,7
89,17,-0.0039911727760391195,0.8234702348709106,1.4117350578308105,0.4898906211767877,5.960464477539063e-08,0.0,False,1.053173303604126,0.9147747084861801,4.836930751800537,0.2680889666080475,0.5239245891571045,7
89,18,-0.001386959771564657,0.8196803331375122,1.4098402261734009,0.14609551855496003,5.960464477539063e-08,0.0,False,1.0349311828613281,0.8989298037325603,4.566695690155029,0.28420230746269226,0.539024293422699,7
89,19,-0.029940594370903274,0.8167421221733093,1.4083709716796875,0.5601657565150941,8.940696716308594e-08,0.0,False,1.0370635986328125,0.9007819965379185,4.636940002441406,0.2788899540901184,0.5601718425750732,7
89,20,-0.01070497029188577,0.818509042263031,1.409254550933838,0.6691614879029139,2.9802322387695312e-08,0.0,False,1.0664317607879639,0.9262908580731628,5.403360843658447,0.23661601543426514,0.5776820778846741,7
89,21,0.04289512462677491,0.8208767175674438,1.4104384183883667,0.8681346986974988,5.960464477539063e-08,0.0,False,1.0894362926483154,0.9462723405645993,6.1067609786987305,0.20680344104766846,0.6023217439651489,1
89,22,-0.023648375940323964,0.8072930574417114,1.403646469116211,0.5017579112734113,5.960464477539063e-08,0.0,False,1.0506491661071777,0.9125822705132007,5.131422519683838,0.2491259127855301,0.5921643972396851,7
89,23,0.07926186805083853,0.7848207354545593,1.392410397529602,1.4817746494497572,2.9802322387695312e-08,0.0,False,1.1118125915527344,0.9657081468438131,5.50029182434082,0.23287996649742126,0.5003589391708374,2
89,24,0.030973633925687527,0.7851174473762512,1.3925588130950928,0.9490495984043393,8.940696716308594e-08,0.0,False,1.0186065435409546,0.8847504021807621,4.161555290222168,0.312094509601593,0.5022851228713989,6
90,1,0.025089004555846475,0.7601818442344666,1.3800909519195557,1.5232537729399545,2.9802322387695312e-08,0.0,False,0.8988193273544312,0.7807045481960441,3.309441328048706,0.3935924768447876,0.5014634132385254,7
90,2,0.043213467285075094,0.815671443939209,1.4078357219696045,0.9212672247418335,0.0,0.0,False,0.8976608514785767,0.7796983088354408,3.3761682510375977,0.3906674087047577,0.5005949139595032,7
90,3,0.08791468649310305,0.825081467628479,1.4125406742095947,0.07432937409196566,5.960464477539063e-08,0.0,False,0.8766407370567322,0.7614404694306767,3.2569408416748047,0.406338632106781,0.5020922422409058,7
90,4,-0.033061037180496355,0.8191463947296143,1.4095730781555176,0.1424469644469875,1.1920928955078125e-07,0.0,False,0.9052906036376953,0.78632542735743,3.4126720428466797,0.38660287857055664,0.5020138025283813,6
90,5,0.011257306620957254,0.8189435005187988,1.4094717502593994,0.5542876230818885,0.0,0.0,False,0.9543288350105286,0.8289194939324629,3.6750521659851074,0.3578733801841736,0.5046513676643372,7
90,6,-0.05231714302917648,0.8183671832084656,1.4091836214065552,0.02214938508612785,2.9802322387695312e-08,0.0,False,0.9552168250083923,0.8296907922445779,3.681877851486206,0.35720717906951904,0.5022143721580505,7
90,7,-0.027037464917921042,0.8178062438964844,1.4089031219482422,0.8375891106469291,0.0,0.0,False,1.0399576425552368,0.9032957311497075,4.245187759399414,0.30773964524269104,0.5060043931007385,7
90,8,-0.04818278273165539,0.8147530555725098,1.4073765277862549,0.5173900851181574,0.0,0.0,False,1.0430042743682861,0.905942001919304,4.246533393859863,0.30757957696914673,0.5010536909103394,7
90,9,-0.00609481132892133,0.805982232093811,1.4029910564422607,0.2140933743544986,5.960464477539063e-08,0.0,False,1.037074327468872,0.9007913154865144,4.205668926239014,0.3101465702056885,0.5001464486122131,7
90,10,-0.004411672309415868,0.8108747601509094,1.4054373502731323,0.1250545127051217,2.9802322387695312e-08,0.0,False,1.044347882270813,0.907109044915122,4.256593227386475,0.3065941333770752,0.5000011324882507,7
90,11,-0.0032722218358626205,0.8112176656723022,1.405608892440796,0.11726709774562294,5.960464477539063e-08,0.0,False,1.0390946865081787,0.9025461770509828,4.2360453605651855,0.3081720173358917,0.5000336766242981,7
90,12,-0.01866568061273004,0.8141927719116211,1.4070963859558105,0.048470646142959595,0.0,0.0,False,1.040525197982788,0.9037887035304271,4.242794036865234,0.3078400790691376,0.5005757212638855,7
90,13,-0.03207375782432841,0.8102185130119324,1.405109167098999,0.3295613591160093,8.940696716308594e-08,0.0,False,0.9896554946899414,0.8596038406581491,3.982614517211914,0.32853463292121887,0.5028544664382935,7
90,14,-0.02869460304187669,0.8180487155914307,1.4090242385864258,0.4290357242737498,1.1920928955078125e-07,0.0,False,1.044623851776123,0.9073487489817814,4.416391849517822,0.2950039207935333,0.514876127243042,7
90,15,0.017152896152174225,0.810325026512146,1.4051625728607178,0.24375984711306448,5.960464477539063e-08,0.0,False,1.0363849401474,0.9001925212672954,4.395528793334961,0.2961016297340393,0.5112100839614868,7
90,16,0.008906978469822876,0.7978322505950928,1.398916244506836,0.1397965827158519,1.1920928955078125e-07,0.0,False,1.0258822441101074,0.8910699953990889,4.258981227874756,0.30544567108154297,0.5039044618606567,7
90,17,0.007939023478236594,0.7900755405426025,1.3950376510620117,0.08619962632656097,1.1920928955078125e-07,0.0,False,1.0295226573944092,0.894232018201528,4.331377029418945,0.2996969223022461,0.5005674362182617,7
90,18,0.01685803648450824,0.79610675573349,1.3980534076690674,0.21242044653211323,2.9802322387695312e-08,0.0,False,1.057121753692627,0.918204288657193,4.601339817047119,0.2814573049545288,0.5083830952644348,7
90,19,0.017253376214553542,0.7894930839538574,1.3947466611862183,0.35419286574636194,1.1920928955078125e-07,0.0,False,1.0804216861724854,0.9384423528666346,5.153151512145996,0.24933704733848572,0.5140508413314819,7
90,20,0.026799338003129426,0.7868787050247192,1.3934392929077148,0.22150074371269773,5.960464477539063e-08,0.0,False,1.055384874343872,0.916695654423401,4.5850958824157715,0.28203168511390686,0.5056146383285522,7
90,21,0.014501148010977433,0.7867562770843506,1.3933782577514648,0.24665257760456621,1.1920928955078125e-07,0.0,False,1.044901728630066,0.9075901097504135,4.634223937988281,0.2788025736808777,0.508845865726471,7
90,22,-0.005490803077512903,0.7918363809585571,1.3959181308746338,0.2072602760578905,5.960464477539063e-08,0.0,False,1.0273478031158447,0.8923429637772796,4.556149959564209,0.28414440155029297,0.5079525709152222,7
90,23,-0.011150722390858705,0.785128116607666,1.392564058303833,0.1844141206571033,0.0,0.0,False,1.0125153064727783,0.8794596208874151,4.1956048011779785,0.3094055950641632,0.5040346384048462,7
90,24,0.008866589351663505,0.7936971187591553,1.3968485593795776,0.08587051928043365,0.0,0.0,False,1.0199230909347534,0.885893940717344,4.320903778076172,0.30065226554870605,0.5020263195037842,7
91,1,-0.03606137979886734,0.8303237557411194,1.4151619672775269,1.4787287467292376,8.940696716308594e-08,0.0,False,0.9205570816993713,0.7995857217179959,3.543978691101074,0.3727405071258545,0.5000068545341492,7
91,2,0.020466291522347475,0.8245659470558167,1.4122828245162964,0.1143019390957695,1.4901161193847656e-07,0.0,False,0.8801431655883789,0.7644826401997861,3.277618646621704,0.40369346737861633,0.5000674724578857,7
91,3,0.005113289628749052,0.8191770911216736,1.4095885753631592,0.25262480016265587,2.9802322387695312e-08,0.0,False,0.9660570025444031,0.83910645081806,3.73108172416687,0.3524188995361328,0.5004911422729492,7
91,4,0.025220746450160376,0.8185510635375977,1.4092755317687988,0.1540641571794236,0.0,0.0,False,0.9153602123260498,0.7950717783339849,3.4479167461395264,0.3825035095214844,0.5001811385154724,7
91,5,0.022584569238826683,0.8085151314735413,1.4042575359344482,0.10487997744764607,2.9802322387695312e-08,0.0,False,0.9482731223106384,0.8236595687133554,3.632586717605591,0.3614862859249115,0.5007426738739014,7
91,6,0.009624925269144052,0.8200269341468811,1.4100134372711182,0.44835146622998384,2.9802322387695312e-08,0.0,False,0.9960726499557495,0.8651777109010628,3.965794324874878,0.33075493574142456,0.5008988380432129,7
91,7,-0.018413425909315283,0.8064903020858765,1.403245210647583,0.14582587672131397,5.960464477539063e-08,0.0,False,0.9570154547691345,0.8312530622047325,3.709076166152954,0.3535782992839813,0.500730037689209,7
91,8,-0.00031319987739648067,0.8075190186500549,1.403759479522705,0.03719119301864085,2.9802322387695312e-08,0.0,False,0.9641391038894653,0.8374405852126817,3.7412798404693604,0.35049039125442505,0.5008808374404907,7
91,9,-0.005800265845523305,0.8003873825073242,1.400193691253662,0.36214181887251995,0.0,0.0,False,0.9332885146141052,0.8106441038411767,3.584990978240967,0.36581194400787354,0.5000388622283936,7
91,10,-0.018675369759253053,0.8147278428077698,1.4073638916015625,0.07354284876159259,2.9802322387695312e-08,0.0,False,0.9233044981956482,0.801972097365642,3.5548224449157715,0.3702421188354492,0.5002576112747192,7
91,11,-0.022239102080329157,0.8272178173065186,1.4136090278625488,0.31806323836956696,1.1920928955078125e-07,0.0,False,0.9040433168411255,0.785242047811228,3.4419398307800293,0.3839477300643921,0.5003342628479004,7
91,12,0.0257831613504411,0.8174241781234741,1.4087121486663818,0.1837269344500132,5.960464477539063e-08,0.0,False,0.9324413537979126,0.8099082693056625,3.587536334991455,0.3668532371520996,0.5039528608322144,2
91,13,-0.043210932659827415,0.8118399977684021,1.4059200286865234,0.15318194244589117,2.9802322387695312e-08,0.0,False,0.8967808485031128,0.778933947962836,3.3608317375183105,0.3921802043914795,0.5001493692398071,2
91,14,-0.05209728080433203,0.8155231475830078,1.407761573791504,0.26029888061540457,0.0,0.0,False,0.9866321086883545,0.8569777609438436,4.041249752044678,0.3238728642463684,0.5050283670425415,7
91,15,0.018005000084633085,0.7958402037620544,1.3979201316833496,0.5427242879356657,2.9802322387695312e-08,0.0,False,1.0906280279159546,0.9473074686658496,5.40047025680542,0.23718199133872986,0.5280634760856628,7
91,16,0.01712388498288076,0.8090773820877075,1.4045385122299194,0.8084947871310371,1.7881393432617188e-07,0.0,False,1.0368854999542236,0.9006273019912276,4.788689136505127,0.2693338990211487,0.5535361170768738,7
91,17,0.01636251440575819,0.7925882935523987,1.396294116973877,0.4803108264292989,2.9802322387695312e-08,0.0,False,1.050071120262146,0.912080186271632,5.087838649749756,0.2511139512062073,0.5783498883247375,3
91,18,-0.0007331147629192521,0.7916556596755981,1.3958277702331543,0.993712814790862,5.960464477539063e-08,0.0,False,1.0361899137496948,0.9000231234905979,4.576226234436035,0.2830043435096741,0.5014280676841736,7
91,19,0.0561706274313493,0.8149673938751221,1.407483696937561,1.5532272585800717,0.0,0.0,False,0.9899868965148926,0.8598916926258869,3.9741179943084717,0.32967764139175415,0.5005186200141907,7
91,20,-0.07178597720112836,0.7762705683708191,1.3881351947784424,1.3905753126101836,8.940696716308594e-08,0.0,False,0.9265984296798706,0.8048331699003723,3.543395519256592,0.36814963817596436,0.5018042325973511,7
91,21,-0.09067827219242403,0.736958920955658,1.3684794902801514,0.07895301601716442,2.9802322387695312e-08,0.0,False,0.9130411744117737,0.7930574875949957,3.3793630599975586,0.382986843585968,0.5025449991226196,7
91,22,-0.014568346897524835,0.7270376086235046,1.3635187149047852,1.1074728987046651,8.940696716308594e-08,0.0,False,1.0056531429290771,0.8734992213655209,3.977020502090454,0.3228631019592285,0.5020276308059692,7
91,23,0.042783546520586725,0.7705667018890381,1.3852834701538086,0.224632129073143,1.1920928955078125e-07,0.0,False,0.9553807377815247,0.8298331650703475,3.748323678970337,0.34672805666923523,0.5060778856277466,7
91,24,0.02277160982294027,0.770909309387207,1.385454773902893,0.43096958952290665,1.1920928955078125e-07,0.0,False,0.9492426514625549,0.8245016910347988,3.5800211429595947,0.36380335688591003,0.5012872219085693,7
92,1,-0.04081524654566607,0.8246580958366394,1.412329077720642,1.2184977361134122,2.9802322387695312e-08,0.0,False,1.0051321983337402,0.8730467346392566,4.015415668487549,0.32673126459121704,0.5038261413574219,7
92,2,-0.06428022591087915,0.7896655797958374,1.3948328495025635,0.40207517785685404,5.960464477539063e-08,0.0,False,1.033992886543274,0.8981148099059181,4.15981388092041,0.3125043213367462,0.503750205039978,7
92,3,-0.011446722094311402,0.7941310405731201,1.3970656394958496,0.5243294781872204,1.1920928955078125e-07,0.0,False,1.0085076093673706,0.8759785794113787,4.02218770980835,0.3240821361541748,0.5002799034118652,7
92,4,0.023107080784731747,0.8058397173881531,1.402919888496399,0.0249190947839191,2.9802322387695312e-08,0.0,False,1.0053837299346924,0.8732652122118922,4.026507377624512,0.3245307207107544,0.5012747645378113,7
92,5,0.0223359860141543,0.8094798922538757,1.4047398567199707,0.09152040098394662,8.940696716308594e-08,0.0,False,1.0025399923324585,0.8707951731146303,3.975407123565674,0.32912570238113403,0.5020433068275452,7
92,6,0.07307113366666572,0.8120019435882568,1.406001091003418,0.13352154514619277,1.1920928955078125e-07,0.0,False,1.0237948894500732,0.8892569421778331,4.127597808837891,0.31661948561668396,0.5027300715446472,7
92,7,-0.028767669858910223,0.8042095303535461,1.4021048545837402,0.4766025564500263,8.940696716308594e-08,0.0,False,1.0117312669754028,0.8787786128328063,4.0471625328063965,0.32268089056015015,0.501492977142334,7
92,8,0.05817992965881571,0.8101847171783447,1.4050922393798828,0.9796296570982252,1.1920928955078125e-07,0.0,False,0.938510537147522,0.8151798949824514,3.6095709800720215,0.3639596700668335,0.5028588771820068,7
92,9,-0.061531794260280805,0.8047935366630554,1.40239679813385,0.4799248916762216,2.9802322387695312e-08,0.0,False,0.9758815169334412,0.8476399155911367,3.8165855407714844,0.3430650532245636,0.5016480684280396,7
92,10,0.04278316469343309,0.817128598690033,1.4085643291473389,0.5642490674342429,2.9802322387695312e-08,0.0,False,0.9180936813354492,0.7974460393484563,3.5269031524658203,0.37343859672546387,0.502069354057312,7
92,11,0.02770511118689369,0.8086086511611938,1.4043042659759521,0.1385754916284766,5.960464477539063e-08,0.0,False,0.8757215738296509,0.7606420943956971,3.2306418418884277,0.4082382917404175,0.5005007386207581,7
92,12,-0.032155831199900814,0.795981764793396,1.3979909420013428,0.42120667440550663,5.960464477539063e-08,0.0,False,0.9391241669654846,0.8157128870701963,3.5483083724975586,0.3693538308143616,0.5003193616867065,7
92,13,0.007455057718046115,0.7954579591751099,1.3977289199829102,0.32793764663594116,5.960464477539063e-08,0.0,False,0.9397886395454407,0.8162900406198982,3.583773374557495,0.36539459228515625,0.5048105716705322,7
92,14,0.03641594252850175,0.8029887080192566,1.4014943838119507,0.13501021904604782,2.9802322387695312e-08,0.0,False,0.9797700047492981,0.8510174131938861,3.821796417236328,0.3422750234603882,0.5075331926345825,7
92,15,0.009898366448392381,0.8191949725151062,1.409597396850586,0.8757910217557635,8.940696716308594e-08,0.0,False,1.0048524141311646,0.872803717168652,4.128368854522705,0.31708335876464844,0.5015485882759094,7
92,16,0.0454190599531378,0.8134734034538269,1.4067366123199463,0.08931531437805718,8.940696716308594e-08,0.0,False,1.0046592950820923,0.8726359760939271,4.067274570465088,0.32165852189064026,0.5017516613006592,7
92,17,-0.006319739912023007,0.8094674944877625,1.404733657836914,0.49454765979732773,8.940696716308594e-08,0.0,False,0.9420212507247925,0.8182292620507542,3.621583938598633,0.3627234697341919,0.5001285076141357,7
92,18,-0.022972506576340996,0.7972299456596375,1.3986150026321411,0.24015356174537106,2.9802322387695312e-08,0.0,False,1.0016546249389648,0.8700261527677277,3.9835171699523926,0.3275846242904663,0.5003819465637207,7
92,19,-0.001764376281716878,0.7955790758132935,1.397789478302002,0.48191875006471363,5.960464477539063e-08,0.0,False,0.9800287485122681,0.8512421551708556,3.8128230571746826,0.34272992610931396,0.500779390335083,7
92,20,-0.0043630918246936965,0.7824336886405945,1.39121675491333,0.0738774218729564,8.940696716308594e-08,0.0,False,0.982140302658081,0.8530762277983885,3.820066452026367,0.3410544991493225,0.5000191330909729,7
92,21,0.021596128250876617,0.7862943410873413,1.3931472301483154,0.2956373499972479,5.960464477539063e-08,0.0,False,1.0302345752716064,0.8948503822127981,4.118325710296631,0.3156322240829468,0.5008985996246338,7
92,22,0.014513501761643099,0.7941086292266846,1.3970541954040527,0.5575759943042484,1.1920928955078125e-07,0.0,False,1.03921639919281,0.9026518953456089,4.194126605987549,0.3102058470249176,0.5012335777282715,7
92,23,-0.004557763550909769,0.7900463342666626,1.3950231075286865,0.021264531782695384,5.960464477539063e-08,0.0,False,1.0388411283493042,0.9023259392325013,4.1868577003479,0.3105086088180542,0.5006102323532104,7
92,24,0.03552725995894126,0.789636492729187,1.3948183059692383,0.06119451352528171,5.960464477539063e-08,0.0,False,1.0378719568252563,0.9014841275426778,4.18084192276001,0.31090047955513,0.5023203492164612,7
93,1,0.021306267007648382,0.783566415309906,1.3917831182479858,1.1134418845176697,8.940696716308594e-08,0.0,False,1.0694947242736816,0.9289513143533996,4.860513210296631,0.26520371437072754,0.501571774482727,7
93,2,-0.06172187103411898,0.795326828956604,1.3976633548736572,0.7172845325299673,5.960464477539063e-08,0.0,False,1.0464401245117188,0.9089263434351825,4.459384441375732,0.2909259498119354,0.5043421983718872,7
93,3,-0.023806576644922726,0.7921878099441528,1.3960938453674316,0.34873466406549725,5.960464477539063e-08,0.0,False,1.0156137943267822,0.8821509332418914,4.444847106933594,0.291526734828949,0.5116883516311646,7
93,4,0.017124170357634933,0.7978696823120117,1.3989348411560059,0.13962950663907187,0.0,0.0,False,0.9991741180419922,0.8678716118523713,4.186682224273682,0.31089943647384644,0.5062215328216553,7
93,5,0.0014020083291661342,0.8004533648490906,1.4002265930175781,0.05037184698241112,8.940696716308594e-08,0.0,False,1.0108311176300049,0.8779967530456161,4.241042137145996,0.3069226145744324,0.505630373954773,7
93,6,0.0884235488394231,0.7471654415130615,1.3735826015472412,1.112647782479014,1.1920928955078125e-07,0.0,False,1.0381304025650024,0.9017086106599641,4.4421868324279785,0.28914427757263184,0.500922441482544,1
93,7,0.006109968464741961,0.7438087463378906,1.3719043731689453,0.61419278383255,0.0,0.0,False,1.0587897300720215,0.9196530745322249,4.7731032371521,0.2680230140686035,0.501717209815979,2
93,8,0.028383440548418216,0.7780234217643738,1.3890117406845093,0.6347118679966246,2.9802322387695312e-08,0.0,False,1.0849316120147705,0.9423596246808292,5.116642475128174,0.2509561777114868,0.5021809339523315,2
93,9,0.0015316285691909805,0.7818655967712402,1.3909327983856201,0.4380841531923839,0.0,0.0,False,1.0997604131698608,0.9552397577106219,5.50513219833374,0.23177409172058105,0.5286192893981934,7
93,10,-0.06516412633377489,0.7888624668121338,1.3944311141967773,1.1013518188680922,1.1920928955078125e-07,0.0,False,1.1217563152313232,0.9743451554901769,5.778038501739502,0.2212057262659073,0.5003983974456787,1
93,11,0.031420759379111825,0.7996784448623657,1.3998392820358276,0.5749355213982718,5.960464477539063e-08,0.0,False,1.0574440956115723,0.918484271290561,5.238757133483887,0.2443452924489975,0.5564116835594177,1
93,12,0.004589090879071851,0.7935263514518738,1.3967630863189697,0.571576680455889,8.940696716308594e-08,0.0,False,1.0817158222198486,0.9395664251550385,5.658422946929932,0.22473514080047607,0.560030460357666,3
93,13,-0.0037063318081120887,0.7940752506256104,1.3970375061035156,0.11901228236300596,1.1920928955078125e-07,0.0,False,1.0703279972076416,0.9296750860276759,5.6580071449279785,0.22407743334770203,0.5854350924491882,7
93,14,-0.019683199841477088,0.793143093585968,1.3965718746185303,0.1809147042887551,3.2782554626464844e-07,0.0,False,1.0980212688446045,0.9537291561432375,5.787428855895996,0.21976448595523834,0.5455909371376038,2
93,15,0.051062671849802864,0.7962787747383118,1.398139476776123,0.6533449100596564,8.940696716308594e-08,0.0,False,1.0619291067123413,0.9223799024352387,4.638316631317139,0.27909791469573975,0.5088865756988525,7
93,16,-0.04434859093791143,0.7910255789756775,1.3955128192901611,0.5680783412286213,2.9802322387695312e-08,0.0,False,1.0964957475662231,0.9524041051967834,5.540419578552246,0.23099181056022644,0.5143291354179382,7
93,17,0.01599828348886009,0.7847135066986084,1.3923568725585938,0.6688602428351129,1.1920928955078125e-07,0.0,False,1.0451977252960205,0.9078472091877852,4.728573799133301,0.2728610634803772,0.5084058046340942,2
93,18,-0.022018859826087322,0.7968466877937317,1.3984235525131226,0.2431464642286301,2.086162567138672e-07,0.0,False,1.052901029586792,0.9145382142795926,4.9172186851501465,0.262160062789917,0.5212862491607666,2
93,19,0.02282280022807346,0.8036290407180786,1.4018144607543945,0.4824705294200352,5.960464477539063e-08,0.0,False,1.0776995420455933,0.9360779285201255,5.986323833465576,0.21041062474250793,0.6147253513336182,7
93,20,0.017869596480004156,0.8143852949142456,1.4071927070617676,0.9945405210767473,5.960464477539063e-08,0.0,False,1.0712463855743408,0.9304727880274791,5.2810869216918945,0.2435940057039261,0.5326228737831116,7
93,21,0.011568837306908678,0.8028059601783752,1.4014030694961548,0.7979529148765971,8.940696716308594e-08,0.0,False,1.0838490724563599,0.9414193427675098,5.670548439025879,0.22414694726467133,0.5756974816322327,3
93,22,0.05448107742053915,0.7944291830062866,1.3972145318984985,0.8777885692460197,5.960464477539063e-08,0.0,False,1.041590929031372,0.9047143857576131,4.876093864440918,0.2639477252960205,0.5364496111869812,3
93,23,0.019793360283126737,0.7972584366798401,1.3986293077468872,0.975139741386686,8.940696716308594e-08,0.0,False,1.06554114818573,0.9255172817958355,5.074566841125488,0.2535044550895691,0.524951159954071,2
93,24,0.004293074832556523,0.7913922071456909,1.3956961631774902,0.4388544133731297,5.960464477539063e-08,0.0,False,1.0619473457336426,0.9223957446478516,4.665348529815674,0.27721598744392395,0.5052908062934875,7
94,1,-0.05022964376465265,0.8177591562271118,1.4088795185089111,1.425601196608373,5.960464477539063e-08,0.0,False,0.9383162260055542,0.8150111184689935,3.6982274055480957,0.35556560754776,0.5004757642745972,6
94,2,0.0775808646875702,0.8203596472740173,1.410179853439331,0.9246956737978117,2.9802322387695312e-08,0.0,False,0.9882129430770874,0.8583508562475028,3.9282541275024414,0.33403170108795166,0.5025230646133423,7
94,3,0.008486615770092597,0.814129114151001,1.4070645570755005,0.478179748569216,0.0,0.0,False,1.000665545463562,0.8691670492510651,4.008180141448975,0.32652053236961365,0.5065944194793701,7
94,4,-0.023890774016070364,0.8056747317314148,1.4028372764587402,0.5907350778579712,8.940696716308594e-08,0.0,False,1.0423600673675537,0.9053824508280609,4.2367048263549805,0.3077545166015625,0.5000268220901489,7
94,5,0.03586905785959521,0.8378337621688843,1.418916940689087,0.562257790139743,5.960464477539063e-08,0.0,False,1.0389727354049683,0.9024402516686102,4.290059566497803,0.3057204484939575,0.5036215782165527,7
94,6,0.019227008347665213,0.8064021468162537,1.4032011032104492,1.0345309525728226,2.9802322387695312e-08,0.0,False,0.9717680215835571,0.844066978927558,3.810622453689575,0.3437553942203522,0.5013774633407593,7
94,7,0.018463684603033027,0.7996532917022705,1.3998265266418457,0.1460338000740324,1.1920928955078125e-07,0.0,False,0.9244110584259033,0.8029332433694287,3.514031410217285,0.3733888566493988,0.501022458076477,7
94,8,0.0016870125811415575,0.8011065721511841,1.4005532264709473,0.1334095655807427,5.960464477539063e-08,0.0,False,0.905765175819397,0.7867376355169857,3.395770788192749,0.3870360255241394,0.5000150203704834,6
94,9,-0.015828879937836614,0.7917418479919434,1.3958709239959717,0.3165823077516896,0.0,0.0,False,1.0019769668579102,0.8703061354010957,4.0885009765625,0.31843292713165283,0.5003455877304077,7
94,10,0.048000669125952376,0.7963210940361023,1.398160457611084,0.573105703507151,8.940696716308594e-08,0.0,False,1.0021482706069946,0.8704549279470092,3.9627158641815186,0.329303503036499,0.5006188154220581,7
94,11,-0.011519465707903923,0.7864732146263123,1.3932366371154785,0.10039625529732035,2.9802322387695312e-08,0.0,False,0.994736909866333,0.8640175018008817,3.9343008995056152,0.33106356859207153,0.5000777244567871,7
94,12,0.02646860992736515,0.778363049030304,1.3891816139221191,0.34804775778736396,8.940696716308594e-08,0.0,False,1.0005791187286377,0.8690919799429321,3.968240737915039,0.32751408219337463,0.5001815557479858,7
94,13,-0.004185696303829345,0.7932986617088318,1.3966493606567383,0.49409066406743873,2.9802322387695312e-08,0.0,False,0.9562536478042603,0.8305913650824918,3.7858197689056396,0.34510087966918945,0.5005422234535217,7
94,14,0.037323659626797547,0.7993885278701782,1.3996944427490234,0.4753185052956854,1.7881393432617188e-07,0.0,False,1.0060254335403442,0.8738225888817963,4.0389814376831055,0.3230595290660858,0.5000598430633545,7
94,15,0.033552272994713826,0.7981809973716736,1.3990905284881592,0.7431680581399372,2.9802322387695312e-08,0.0,False,0.9854927659034729,0.8559881403749029,4.041144847869873,0.32279372215270996,0.500032901763916,6
94,16,0.0778491886871324,0.804402232170105,1.4022011756896973,0.2200006885187967,5.960464477539063e-08,0.0,False,1.0449492931365967,0.907631423755855,4.679563045501709,0.2772264778614044,0.5000289678573608,6
94,17,0.012517885822795699,0.8067219853401184,1.4033609628677368,0.4950268587895802,2.9802322387695312e-08,0.0,False,1.046374797821045,0.9088696013926213,4.356536388397217,0.2989566922187805,0.5004833340644836,6
94,18,-0.02255802605784003,0.8075751662254333,1.403787612915039,0.24177125947816036,2.9802322387695312e-08,0.0,False,1.038304328918457,0.9018596811710898,4.318766117095947,0.30176323652267456,0.5,6
94,19,-0.009212704487690541,0.8140655159950256,1.40703284740448,0.5099113647426878,8.940696716308594e-08,0.0,False,1.0233361721038818,0.8888585053534247,4.259735584259033,0.3065595030784607,0.5002597570419312,7
94,20,-0.005477586845808003,0.7935700416564941,1.396785020828247,0.44368431397846764,0.0,0.0,False,1.061436653137207,0.9219521626946899,4.510412216186523,0.28748273849487305,0.5002532005310059,7
94,21,-0.005963105065040319,0.7719539999961853,1.385977029800415,0.24416180806500568,2.9802322387695312e-08,0.0,False,1.037262201309204,0.9009545006308147,4.366555690765381,0.29595476388931274,0.5023592114448547,7
94,22,0.022143154587167528,0.7911959886550903,1.3955979347229004,0.46784424568925576,5.960464477539063e-08,0.0,False,1.0231373310089111,0.8886857941727819,4.175880432128906,0.31127941608428955,0.5064734220504761,7
94,23,0.029409528139413756,0.8003540635108948,1.400177001953125,0.41060971362250204,2.9802322387695312e-08,0.0,False,1.0358614921569824,0.8997378601196921,4.243373870849609,0.30689501762390137,0.5000429153442383,7
94,24,-0.024291853424682056,0.7995854616165161,1.3997926712036133,0.8987548521586827,5.960464477539063e-08,0.0,False,1.012529969215393,0.8794723567838294,4.122394561767578,0.31618160009384155,0.502724289894104,7
95,1,0.03045219541069773,0.8198028206825256,1.4099013805389404,1.4631946118814603,2.9802322387695312e-08,0.0,False,0.9462666511535645,0.8219167700101249,3.9091262817382812,0.3357619345188141,0.5002574324607849,7
95,2,0.038048607308170945,0.8096110820770264,1.4048056602478027,0.3041110895574093,1.1920928955078125e-07,0.0,False,0.9031688570976257,0.784482501728731,3.4021174907684326,0.3870447874069214,0.5002814531326294,7
95,3,0.048358197149228115,0.8144705295562744,1.4072352647781372,0.6083243723426545,0.0,0.0,False,0.946603000164032,0.8222089190486043,3.869840145111084,0.3389250636100769,0.5000060796737671,7
95,4,-0.03494743883976255,0.8223477005958557,1.4111738204956055,0.7889381556638649,2.9802322387695312e-08,0.0,False,0.9453325271606445,0.8211054002190478,3.658468723297119,0.3599311113357544,0.5013732314109802,6
95,5,0.013624771613373023,0.8364050984382629,1.418202519416809,0.9294330860887254,2.9802322387695312e-08,0.0,False,1.00986647605896,0.8771588760229775,4.161316871643066,0.3155401945114136,0.503982663154602,7
95,6,0.017696338641423556,0.8287580013275146,1.4143791198730469,0.3786955986704146,1.1920928955078125e-07,0.0,False,0.9819364547729492,0.8528991677750678,4.047173976898193,0.3244006335735321,0.5016958713531494,7
95,7,0.07507519741763756,0.8208932280540466,1.4104466438293457,0.46753045810120447,2.9802322387695312e-08,0.0,False,0.9026198387145996,0.7840056304203076,3.4659945964813232,0.3805643320083618,0.502680778503418,6
95,8,-0.05433813466887204,0.8229870200157166,1.4114936590194702,0.6712397837213108,1.4901161193847656e-07,0.0,False,0.9945018291473389,0.8638133132827597,4.219940185546875,0.31003761291503906,0.5050258636474609,6
95,9,0.012831923528381403,0.8420503735542297,1.421025276184082,1.2888266891241074,8.940696716308594e-08,0.0,False,1.0455834865570068,0.908182277161742,4.882325649261475,0.2671281099319458,0.5001132488250732,7
95,10,0.009145899259632596,0.7938427925109863,1.3969213962554932,0.7371321128947395,0.0,0.0,False,0.9636656641960144,0.8370293607199223,3.7022435665130615,0.3532562255859375,0.5001210570335388,7
95,11,0.006543301144635904,0.8087886571884155,1.4043943881988525,0.4814333660261972,5.960464477539063e-08,0.0,False,1.0011365413665771,0.8695761510944222,4.059798717498779,0.32190799713134766,0.5031730532646179,7
95,12,-0.035522989498014246,0.8019145131111145,1.4009573459625244,0.3190345253263201,8.940696716308594e-08,0.0,False,0.9983822107315063,0.8671837699021255,3.9957897663116455,0.32688578963279724,0.5000089406967163,7
95,13,0.023071681020618174,0.8123575448989868,1.4061788320541382,0.5156097742063657,5.960464477539063e-08,0.0,False,0.9744012355804443,0.8463541595445951,3.9224698543548584,0.3339449167251587,0.502981424331665,7
95,14,0.026299086705906718,0.8156331181526184,1.4078166484832764,0.09727060156209139,8.940696716308594e-08,0.0,False,0.9791856408119202,0.8505098411270331,3.9349300861358643,0.33311986923217773,0.5016562938690186,7
95,15,-0.029277407500390238,0.8165246844291687,1.4082622528076172,0.15766948355095722,8.940696716308594e-08,0.0,False,1.0238351821899414,0.8892919400070042,4.378561973571777,0.297820121049881,0.5067445635795593,7
95,16,0.018606156028434684,0.7824245095252991,1.3912122249603271,0.7205511469926152,2.9802322387695312e-08,0.0,False,1.0629520416259766,0.9232684124119146,4.611032962799072,0.2802044153213501,0.5018859505653381,2
95,17,-0.001385085227358097,0.7618336081504822,1.3809168338775635,0.482553577848843,2.9802322387695312e-08,0.0,False,1.0709540843963623,0.9302188984501792,4.833932876586914,0.26502975821495056,0.5207738876342773,2
95,18,0.0072772209262464,0.7885027527809143,1.3942513465881348,0.84519448024886,2.9802322387695312e-08,0.0,False,1.0829880237579346,0.9406714453707576,5.190617561340332,0.2476940155029297,0.502772331237793,7
95,19,0.029978917381337643,0.7693797945976257,1.3846898078918457,1.006027266383171,8.940696716308594e-08,0.0,False,1.0823450088500977,0.9401129297182474,5.147204399108887,0.24834857881069183,0.5252506732940674,2
95,20,-0.01763409602105598,0.7619543671607971,1.3809771537780762,0.6030030505997794,2.9802322387695312e-08,0.0,False,1.0469144582748413,0.9093383445069916,4.723017692565918,0.2716343402862549,0.5184035301208496,2
95,21,0.017725799360677714,0.7595415115356445,1.3797707557678223,1.2433222766433443,0.0,0.0,False,1.0378451347351074,0.9014608301711882,4.600146770477295,0.27956873178482056,0.5000000596046448,7
95,22,-0.024401939359819266,0.7861379384994507,1.3930690288543701,0.5318156438214438,5.960464477539063e-08,0.0,False,1.0377603769302368,0.9013872104772811,4.4139628410339355,0.2934190034866333,0.5067387819290161,7
95,23,-0.008296740915918303,0.7611560821533203,1.3805780410766602,1.0939143300056458,0.0,0.0,False,1.0543338060379028,0.9157827080926293,4.412548542022705,0.29209238290786743,0.5003043413162231,7
95,24,-0.0038831952111138706,0.7530622482299805,1.3765311241149902,0.5783942150218147,0.0,0.0,False,1.0383350849151611,0.9018863954903978,4.221778869628906,0.3053053617477417,0.5005359649658203,7
96,1,0.03461076292597876,0.8000857830047607,1.4000428915023804,1.467290491930076,0.0,0.0,False,0.9231507778167725,0.8018385775410384,3.522728443145752,0.37249091267585754,0.5002633333206177,7
96,2,-0.013332601785122803,0.819016695022583,1.4095083475112915,0.7021021087254795,0.0,0.0,False,1.0733046531677246,0.9322605765436528,4.839153289794922,0.26840367913246155,0.500426173210144,2
96,3,0.03245359482364678,0.808992326259613,1.404496192932129,0.66706773851599,2.9802322387695312e-08,0.0,False,0.9505225419998169,0.8256133898303449,3.6764848232269287,0.3570556640625,0.5001730918884277,7
96,4,0.007220486803221392,0.7880439162254333,1.3940218687057495,0.4305717955742564,8.940696716308594e-08,0.0,False,0.9788069725036621,0.8501809340135369,3.9747016429901123,0.32766419649124146,0.5005401372909546,7
96,5,0.017238679128298764,0.7654275298118591,1.382713794708252,0.6073046209556716,2.9802322387695312e-08,0.0,False,1.0185003280639648,0.8846581445896633,4.1446332931518555,0.3120349049568176,0.5028698444366455,7
96,6,0.03406108848810248,0.7704840898513794,1.385241985321045,0.54120158297675,5.960464477539063e-08,0.0,False,1.0684024095535278,0.9280025418424706,5.171883583068848,0.24765416979789734,0.5060208439826965,3
96,7,0.05366060754653033,0.7797327041625977,1.3898663520812988,0.47540073309625897,0.0,0.0,False,1.0517897605895996,0.9135729782928109,4.881078243255615,0.2638007700443268,0.5022910833358765,2
96,8,0.03449621490125832,0.776800811290741,1.3884004354476929,1.110253666128431,2.9802322387695312e-08,0.0,False,1.0697686672210693,0.9291892581742132,5.134298801422119,0.2500269114971161,0.500610888004303,6
96,9,-0.06515711622338953,0.7888778448104858,1.3944389820098877,0.4955066495708056,5.960464477539063e-08,0.0,False,1.0397526025772095,0.9031176356876539,4.483781337738037,0.28893738985061646,0.5018907189369202,6
96,10,0.05164814816201172,0.8178883194923401,1.4089441299438477,1.572067715227604,2.9802322387695312e-08,0.0,False,1.0199322700500488,0.885901913595587,4.485846996307373,0.2905951738357544,0.5010570287704468,7
96,11,-0.011521777985594322,0.7760899662971497,1.388045072555542,0.6724142852638448,8.940696716308594e-08,0.0,False,1.0157043933868408,0.8822296265855896,4.083138465881348,0.3176819682121277,0.5032287836074829,7
96,12,-0.007312856149930998,0.8016146421432495,1.40080726146698,0.4287851617804596,5.960464477539063e-08,0.0,False,0.9898418188095093,0.8597656797320967,4.0647735595703125,0.32107219099998474,0.5003018975257874,7
96,13,-0.01897448838401205,0.7878382205963135,1.3939191102981567,0.5389395957546574,0.0,0.0,False,1.0041794776916504,0.8722192120039467,4.312656402587891,0.30092594027519226,0.5000008344650269,2
96,14,-0.0006618126734221868,0.7755945920944214,1.387797474861145,0.5209247629557336,1.7881393432617188e-07,0.0,False,1.0091878175735474,0.8765694007523545,4.314929485321045,0.2999498248100281,0.5002122521400452,7
96,15,-0.02392787353021951,0.7809889912605286,1.3904945850372314,1.3518860882946424,8.940696716308594e-08,0.0,False,1.0049245357513428,0.8728663612119907,4.038222312927246,0.3217129707336426,0.5033733248710632,6
96,16,0.04491032469861397,0.7811553478240967,1.3905776739120483,1.3364531440394267,0.0,0.0,False,1.0012513399124146,0.8696758638443977,4.184401988983154,0.31006693840026855,0.5014747381210327,7
96,17,0.03114437526779518,0.7777348756790161,1.3888673782348633,1.1133282099451338,5.960464477539063e-08,0.0,False,1.0364749431610107,0.9002706968916272,4.6178154945373535,0.27840709686279297,0.5429030060768127,7
96,18,0.01922348452541051,0.8017605543136597,1.4008803367614746,1.194662680583341,5.960464477539063e-08,0.0,False,1.0217688083648682,0.887497110507447,4.5617170333862305,0.2845842242240906,0.5003287196159363,6
96,19,0.0020597738251581345,0.7911127209663391,1.3955564498901367,0.5052796634180204,8.940696716308594e-08,0.0,False,1.0071579217910767,0.8748062556780231,4.292392253875732,0.302116721868515,0.5186911225318909,6
96,20,-0.022995802031501512,0.7895469069480896,1.3947733640670776,1.0525953620672226,8.940696716308594e-08,0.0,False,1.0650571584701538,0.9250968936702901,4.751058101654053,0.27196037769317627,0.5016754269599915,3
96,21,-0.02221765822360683,0.7766257524490356,1.3883130550384521,0.6657142607229096,1.7881393432617188e-07,0.0,False,1.0776169300079346,0.9360061726159375,5.1564836502075195,0.24886685609817505,0.5013141632080078,3
96,22,-0.009314192805172454,0.7666674852371216,1.383333683013916,0.4230206896151816,5.960464477539063e-08,0.0,False,1.061230182647705,0.9217728247061568,4.758723735809326,0.27016404271125793,0.5029197335243225,7
96,23,0.012171342058943302,0.788602352142334,1.394301176071167,0.3727382448102746,0.0,0.0,False,1.03011155128479,0.894743524935566,4.630228519439697,0.27892017364501953,0.5178032517433167,7
96,24,0.0018410504028211322,0.7977262139320374,1.3988631963729858,0.5863422676920891,8.940696716308594e-08,0.0,False,1.0789835453033447,0.9371931995793,5.491778373718262,0.23247289657592773,0.5499691963195801,7
97,1,-0.02291028900201934,0.787727952003479,1.3938639163970947,1.466818667948246,5.960464477539063e-08,0.0,False,0.9216567873954773,0.8005409139490688,3.492868661880493,0.37472206354141235,0.5000004172325134,7
97,2,0.01572711030848537,0.771813154220581,1.38590669631958,0.5695646000759942,1.1920928955078125e-07,0.0,False,1.0024393796920776,0.8707077820855761,3.986623764038086,0.3253682255744934,0.5036593079566956,7
97,3,0.04387883169284425,0.7927783131599426,1.3963892459869385,0.4040287200893672,8.940696716308594e-08,0.0,False,1.0075372457504272,0.8751357322828223,4.306384563446045,0.3010450601577759,0.5242228507995605,7
97,4,-0.010232016033065132,0.7891659140586853,1.3945828676223755,0.43541911670139866,8.940696716308594e-08,0.0,False,1.0136010646820068,0.8804026984853133,4.535477161407471,0.2840375304222107,0.5559833645820618,7
97,5,-0.013111487191865823,0.7885847091674805,1.3942923545837402,0.32734919232981546,0.0,0.0,False,1.0547292232513428,0.9161261631203224,4.881714820861816,0.2639426589012146,0.5135365724563599,3
97,6,0.01997134088167015,0.7957232594490051,1.3978617191314697,0.43552832092557636,8.940696716308594e-08,0.0,False,1.0568841695785522,0.9179979257177319,4.937776565551758,0.2606862485408783,0.5308759212493896,7
97,7,-0.01773835477580331,0.7945003509521484,1.3972501754760742,0.4623825337205614,0.0,0.0,False,1.0811290740966797,0.9390567822107199,5.014618873596191,0.25723499059677124,0.5006936192512512,2
97,8,0.05099956985536247,0.7927252054214478,1.396362543106079,0.35519488368715557,5.960464477539063e-08,0.0,False,1.0983819961547852,0.954042479903804,5.692655086517334,0.22377744317054749,0.5411224365234375,2
97,9,-0.019812876934202663,0.7834959030151367,1.3917479515075684,1.6654427711452757,0.0,0.0,False,1.038067102432251,0.9016536288632486,4.218151092529297,0.3076742887496948,0.5001083612442017,7
97,10,0.02686769204952865,0.7853913307189941,1.3926955461502075,0.8215176952736718,1.1920928955078125e-07,0.0,False,1.056788444519043,0.9179147799874824,4.730931758880615,0.27211207151412964,0.5323389768600464,7
97,11,0.009990094513085815,0.8125820755958557,1.4062910079956055,0.8076607499803815,2.9802322387695312e-08,0.0,False,1.021362543106079,0.8871442329872847,4.379388809204102,0.29768526554107666,0.5007550120353699,7
97,12,0.0303998803640425,0.776418924331665,1.388209581375122,0.708762098635946,1.1920928955078125e-07,0.0,False,1.0661371946334839,0.9260350011622706,5.037242412567139,0.2539457082748413,0.5435168147087097,3
97,13,0.02139732152965286,0.7898135185241699,1.394906759262085,0.8860625858817781,0.0,0.0,False,1.034989595413208,0.8989805402304709,4.601180076599121,0.28059816360473633,0.5267207622528076,7
97,14,0.006333649833507223,0.7891653180122375,1.394582748413086,0.25241307488509585,8.940696716308594e-08,0.0,False,1.027557373046875,0.8925249939065182,4.21065616607666,0.30860018730163574,0.5012296438217163,7
97,15,-0.001018349980999283,0.786992609500885,1.3934962749481201,0.21419747812407366,2.9802322387695312e-08,0.0,False,1.0499348640441895,0.9119618356244649,4.513784408569336,0.2862749695777893,0.5217177867889404,7
97,16,-0.017914757956236572,0.8180503249168396,1.4090251922607422,0.9849767195326941,2.9802322387695312e-08,0.0,False,1.0893688201904297,0.9462137347323188,5.379750728607178,0.23933440446853638,0.5212900042533875,7
97,17,-0.034033539150837615,0.8109904527664185,1.405495285987854,1.1551902741193771,5.960464477539063e-08,0.0,False,0.986383318901062,0.8567616648802936,4.035541534423828,0.32401764392852783,0.5055218935012817,7
97,18,0.021355185967887266,0.8104103803634644,1.405205249786377,0.1999947354197502,5.960464477539063e-08,0.0,False,0.998394250869751,0.8671942278333276,4.110625743865967,0.31730353832244873,0.5229039192199707,7
97,19,0.007163002202103537,0.8138709664344788,1.406935453414917,0.22422641728605539,2.9802322387695312e-08,0.0,False,0.9780930876731873,0.8495608615283575,3.8090901374816895,0.3444761633872986,0.5012786984443665,7
97,20,-0.004126854070415043,0.8074076771736145,1.4037038087844849,0.07432697713375092,2.9802322387695312e-08,0.0,False,0.9973499774932861,0.8662871835033332,3.9389262199401855,0.33221110701560974,0.5000001788139343,7
97,21,0.05308239675301205,0.8052855730056763,1.4026427268981934,0.32634608660425457,5.960464477539063e-08,0.0,False,1.0492427349090576,0.9113606598961604,4.520242214202881,0.2869880795478821,0.5198638439178467,7
97,22,0.04482753592287488,0.8076720833778381,1.4038360118865967,0.34337007041488377,2.9802322387695312e-08,0.0,False,1.0325658321380615,0.8968752861987992,4.417308330535889,0.2947046756744385,0.5006399154663086,7
97,23,-0.010248368209817211,0.7945877313613892,1.3972938060760498,0.5972623516406332,5.960464477539063e-08,0.0,False,1.0230718851089478,0.8886289485863473,4.323611736297607,0.3004198372364044,0.5054230093955994,7
97,24,0.016411747469214043,0.795222818851471,1.397611379623413,1.4084573600973402,2.9802322387695312e-08,0.0,False,1.0414596796035767,0.904600383953124,4.982941627502441,0.25753355026245117,0.5538544654846191,2
98,1,-0.007903695467213307,0.7912024855613708,1.3956012725830078,1.219616630247661,2.9802322387695312e-08,0.0,False,1.000483751296997,0.8690091448443025,3.9416284561157227,0.33071330189704895,0.5023248195648193,7
98,2,-0.0388964696937133,0.7855256795883179,1.3927628993988037,0.07409286499023438,5.960464477539063e-08,0.0,False,1.0140199661254883,0.8807665516560439,4.013954162597656,0.3241591453552246,0.5000056028366089,7
98,3,-0.012854810774036409,0.7984859943389893,1.3992429971694946,0.09448320099285662,0.0,0.0,False,1.010115146636963,0.8773748685426542,4.006936073303223,0.32568424940109253,0.500228226184845,7
98,4,-0.011586739664669467,0.799222469329834,1.399611234664917,0.018476743783269717,0.0,0.0,False,1.0068538188934326,0.8745421152572678,3.9859611988067627,0.3275258541107178,0.5001789927482605,7
98,5,0.003421302123048659,0.7910997271537781,1.3955497741699219,0.10973366243498661,8.940696716308594e-08,0.0,False,0.9802829027175903,0.8514629107087035,3.8028132915496826,0.34332361817359924,0.5006304979324341,7
98,6,-0.04896685167230489,0.8188134431838989,1.4094066619873047,1.0828782298735211,5.960464477539063e-08,0.0,False,0.9293156862258911,0.8071933489480767,3.5192949771881104,0.37439846992492676,0.5028399229049683,7
98,7,-0.01474868681967419,0.8139306902885437,1.4069652557373047,1.0674762906772748,8.940696716308594e-08,0.0,False,1.0131349563598633,0.879997841940761,4.050824165344238,0.3230367600917816,0.5023961663246155,7
98,8,0.08212163079387927,0.800265371799469,1.400132656097412,0.31083545940262913,2.9802322387695312e-08,0.0,False,0.932974100112915,0.8103710068753821,3.5701141357421875,0.3673786520957947,0.5002266764640808,7
98,9,0.02163183677306749,0.7888148427009583,1.3944075107574463,0.1299040072730608,8.940696716308594e-08,0.0,False,0.9451901316642761,0.8209817170624064,3.569647789001465,0.36646363139152527,0.5000017881393433,7
98,10,0.004961493263272729,0.7982651591300964,1.3991326093673706,0.5054389919553485,2.9802322387695312e-08,0.0,False,0.9992659687995911,0.8679513924067389,3.948439598083496,0.3306328058242798,0.5025909543037415,7
98,11,0.043544699462563174,0.7956974506378174,1.3978486061096191,0.35718657289232536,1.1920928955078125e-07,0.0,False,1.0045421123504639,0.8725341924664859,3.9843661785125732,0.3273874521255493,0.5008429288864136,7
98,12,0.06972530018601181,0.8048149347305298,1.4024074077606201,0.582853928208351,5.960464477539063e-08,0.0,False,1.0094058513641357,0.8767587824965964,4.050662994384766,0.3222702741622925,0.5072828531265259,7
98,13,0.014170315995336073,0.7995181083679199,1.3997591733932495,0.4354279318026133,1.1920928955078125e-07,0.0,False,0.9941848516464233,0.8635379901236895,3.986175298690796,0.3273017704486847,0.508370578289032,7
98,14,-0.0738473210808561,0.7985788583755493,1.3992893695831299,0.372975322817053,5.960464477539063e-08,0.0,False,0.9824877381324768,0.8533780064170836,3.9192376136779785,0.33323168754577637,0.5022876858711243,7
98,15,0.028054296671126775,0.8091679811477661,1.4045839309692383,0.3988463442240443,5.960464477539063e-08,0.0,False,0.9995851516723633,0.868228631127465,4.0145134925842285,0.32579296827316284,0.500835657119751,7
98,16,0.00422451995313536,0.805992841720581,1.40299654006958,0.19131630552666526,1.1920928955078125e-07,0.0,False,1.017428994178772,0.8837275958004329,4.106539249420166,0.3179744780063629,0.5001187324523926,7
98,17,0.005144639016542201,0.795079231262207,1.397539496421814,0.12480801131044125,1.1920928955078125e-07,0.0,False,0.9917343854904175,0.8614095422644015,3.982767343521118,0.3274990916252136,0.5001240372657776,7
98,18,-0.00098874387288765,0.8042377233505249,1.4021188020706177,0.16109278159482157,5.960464477539063e-08,0.0,False,1.0216995477676392,0.8874369515170671,4.128611087799072,0.3160519599914551,0.5010565519332886,7
98,19,-0.004435180442946383,0.8045210242271423,1.4022605419158936,0.20343465251582032,2.9802322387695312e-08,0.0,False,1.0331707000732422,0.8974006678118575,4.210664749145508,0.30957716703414917,0.5032417178153992,7
98,20,-0.01015858304620445,0.7895932793617249,1.39479660987854,0.09737982068743017,2.9802322387695312e-08,0.0,False,1.0231330394744873,0.8886820665933436,4.1509623527526855,0.3132176399230957,0.5029107332229614,7
98,21,0.003247504391273925,0.7842574715614319,1.3921287059783936,0.16276905366352634,2.9802322387695312e-08,0.0,False,1.0157052278518677,0.8822303513927026,4.138888835906982,0.3137790858745575,0.5037326812744141,7
98,22,0.04441682146573211,0.7823020815849304,1.391150951385498,0.08341821176665182,8.940696716308594e-08,0.0,False,1.0249063968658447,0.8902223852523614,4.15460205078125,0.31246405839920044,0.5015597343444824,7
98,23,-0.022156660439336173,0.7940812110900879,1.397040605545044,0.7813134438225201,0.0,0.0,False,0.9387930035591125,0.815425242190205,3.697876214981079,0.3537105917930603,0.500062108039856,7
98,24,0.03609100784015526,0.8083766102790833,1.4041883945465088,0.24001412945134293,8.940696716308594e-08,0.0,False,0.9627633690834045,0.8362456371430129,3.82149076461792,0.34278541803359985,0.5050427317619324,2
99,1,0.013086342027598407,0.774746835231781,1.387373447418213,1.5456343931811196,2.9802322387695312e-08,0.0,False,0.8892435431480408,0.7723871277145807,3.256227970123291,0.40168604254722595,0.5000027418136597,7
99,2,0.006345521015146422,0.7858484983444214,1.3929243087768555,0.5229066663554737,5.960464477539063e-08,0.0,False,0.9860535264015198,0.856475210754845,3.812683343887329,0.3420073986053467,0.5000192523002625,7
99,3,-0.0248668540482718,0.8006259202957153,1.4003130197525024,1.232757717370987,5.960464477539063e-08,0.0,False,0.9924745559692383,0.8620524461736406,3.87941837310791,0.3370020389556885,0.5003855228424072,7
99,4,0.018281337763299734,0.7985931038856506,1.399296522140503,0.8576880118676594,2.9802322387695312e-08,0.0,False,1.0180747509002686,0.8842884929620287,4.047138690948486,0.32231658697128296,0.5003172159194946,7
99,5,0.020165543619031036,0.797556459903717,1.3987782001495361,0.4376511658940996,2.9802322387695312e-08,0.0,False,1.0090632438659668,0.8764611974047695,3.976280450820923,0.3282375931739807,0.500102162361145,7
99,6,-0.007989836201789405,0.8043204545974731,1.4021601676940918,0.46807659736701424,5.960464477539063e-08,0.0,False,1.0239884853363037,0.8894250974280513,4.091681480407715,0.3190658688545227,0.5000280141830444,7
99,7,0.03499521338819957,0.7990208864212036,1.399510383605957,0.44201191621167324,5.960464477539063e-08,0.0,False,1.0296118259429932,0.8943094690187467,4.125406265258789,0.3159711956977844,0.5002133846282959,7
99,8,-0.061580972655680126,0.7889584898948669,1.3944792747497559,0.5449785121849606,2.9802322387695312e-08,0.0,False,1.0021133422851562,0.8704245895921361,3.929126739501953,0.33167368173599243,0.5011575818061829,7
99,9,-0.009846035111829708,0.767920196056366,1.3839601278305054,0.5383741983345576,2.9802322387695312e-08,0.0,False,0.9190820455551147,0.798304521601879,3.4082541465759277,0.3825576901435852,0.5000072121620178,7
99,10,-0.03963728052397834,0.7840651273727417,1.3920326232910156,0.07910399777548646,5.960464477539063e-08,0.0,False,0.8879069685935974,0.7712261938072866,3.2569921016693115,0.40248775482177734,0.5000107884407043,7
99,11,0.06769896508074616,0.7837594747543335,1.3918797969818115,0.0598912771259037,5.960464477539063e-08,0.0,False,0.9114869236946106,0.7917074825750796,3.3755195140838623,0.38784366846084595,0.5004393458366394,7
99,12,-0.010445684665971974,0.7985975742340088,1.3992986679077148,0.39994355716875624,1.1920928955078125e-07,0.0,False,0.9532020688056946,0.827940797242154,3.6147689819335938,0.3625252842903137,0.5003921985626221,7
99,13,0.04538340921242168,0.7811881899833679,1.3905941247940063,0.47932718587773193,2.9802322387695312e-08,0.0,False,0.8624662756919861,0.7491286887213566,3.1434085369110107,0.41722309589385986,0.5001341700553894,7
99,14,0.026901885391950393,0.7940420508384705,1.3970210552215576,0.4578591329710824,2.9802322387695312e-08,0.0,False,0.9472199082374573,0.8227447585928646,3.586203098297119,0.3651464879512787,0.5001533031463623,7
99,15,0.010474280153675125,0.8017775416374207,1.4008886814117432,0.378703053508486,8.940696716308594e-08,0.0,False,0.9746701717376709,0.8465877545227306,3.7758891582489014,0.34668296575546265,0.5014923810958862,7
99,16,-0.012496229418221944,0.804360568523407,1.4021801948547363,1.0088608328785216,8.940696716308594e-08,0.0,False,1.0286834239959717,0.8935030693335874,4.138819694519043,0.31527429819107056,0.5000565052032471,7
99,17,-0.003183765355446508,0.7633867263793945,1.3816933631896973,0.19235097723347797,0.0,0.0,False,1.0015182495117188,0.8699076985766873,3.9165687561035156,0.3308413028717041,0.5014680027961731,7
99,18,0.014875271940303157,0.812035322189331,1.4060176610946655,0.4725121877023153,0.0,0.0,False,1.0257995128631592,0.8909981359510277,4.117768287658691,0.31745755672454834,0.5011202096939087,7
99,19,-0.01792646452827109,0.7983489632606506,1.399174451828003,0.870739302464894,2.9802322387695312e-08,0.0,False,0.9965433478355408,0.8655865538847366,3.8945822715759277,0.3354688286781311,0.5002389550209045,7
99,20,0.012023124825690975,0.7952330708503723,1.3976166248321533,0.32814951879637577,8.940696716308594e-08,0.0,False,1.0400800704956055,0.9034020707075733,4.204815864562988,0.3094014525413513,0.503302276134491,7
99,21,-0.021869186596460165,0.7550223469734192,1.3775112628936768,0.8731217554637364,8.940696716308594e-08,0.0,False,0.9366006851196289,0.81352101858852,3.4929418563842773,0.3718196749687195,0.5000428557395935,7
99,22,-0.006631656576733107,0.8032684326171875,1.4016342163085938,0.2327899847711835,0.0,0.0,False,1.0046886205673218,0.8726614478867556,3.949838638305664,0.3309471011161804,0.5001271963119507,7
99,23,-0.013015288957561284,0.7893980741500854,1.3946990966796875,0.10108293380056121,5.960464477539063e-08,0.0,False,1.01894211769104,0.8850418781840651,4.044593811035156,0.32177919149398804,0.5036943554878235,7
99,24,-0.013018263589957398,0.7875728607177734,1.3937864303588867,0.08430982700416026,0.0,0.0,False,1.0088624954223633,0.8762868295221542,3.9644830226898193,0.32851922512054443,0.500164270401001,7
100,1,-0.008685454068259367,0.7731708884239197,1.3865854740142822,1.1066484770604543,2.9802322387695312e-08,0.0,False,1.0698992013931274,0.9293026387154625,4.845913410186768,0.2655073404312134,0.500028133392334,7
100,2,0.02406676475068556,0.7821806073188782,1.3910903930664062,0.3317938021251132,8.940696716308594e-08,0.0,False,1.0618362426757812,0.9222992417579481,4.618386268615723,0.27974358201026917,0.501093327999115,7
100,3,-0.06630007847355907,0.7827048301696777,1.3913524150848389,1.1739475705793925,0.0,0.0,False,1.127671718597412,0.9794832095704255,5.843379974365234,0.21829535067081451,0.5016383528709412,6
100,4,0.03004047844538394,0.781466543674469,1.390733242034912,1.3160439942564284,2.9802322387695312e-08,0.0,False,1.0456846952438354,0.9082701859101627,4.267512321472168,0.303760826587677,0.5025071501731873,7
100,5,0.020933024130257417,0.7830480933189392,1.391524076461792,0.25402822026184624,2.9802322387695312e-08,0.0,False,1.0312952995300293,0.8957717155973061,4.212721824645996,0.3080127239227295,0.5017855763435364,7
100,6,0.018107801988362374,0.7976282238960266,1.3988142013549805,0.8505059629678726,8.940696716308594e-08,0.0,False,1.0585674047470093,0.9194599652085447,4.9652204513549805,0.2591676414012909,0.5342806577682495,7
100,7,-0.025672345079313957,0.8043034076690674,1.4021515846252441,0.9429950799260821,1.1920928955078125e-07,0.0,False,1.1208457946777344,0.9735542873860106,5.679680347442627,0.2259332239627838,0.5002022981643677,2
100,8,0.014047734022714448,0.8020563721656799,1.4010282754898071,0.6687387345092637,8.940696716308594e-08,0.0,False,1.033640742301941,0.8978089413042282,4.632390022277832,0.279946506023407,0.5039328336715698,7
100,9,-0.020014015026438438,0.7948818802833557,1.3974409103393555,0.5781678834131785,2.9802322387695312e-08,0.0,False,0.9899592399597168,0.8598676704472844,4.170470714569092,0.3121301233768463,0.5000016093254089,2
100,10,0.016214978208303813,0.7820660471916199,1.3910330533981323,0.5601175001689365,2.9802322387695312e-08,0.0,False,0.9698492288589478,0.8424003367431301,3.8732457160949707,0.33616018295288086,0.5000121593475342,7
100,11,-0.0017973777427218282,0.8006239533424377,1.4003119468688965,0.7216761756156171,2.9802322387695312e-08,0.0,False,1.0526306629180908,0.9143033767749776,4.488924026489258,0.2892025411128998,0.505833625793457,7
100,12,0.050655107564589325,0.8057360053062439,1.4028680324554443,0.7048002715621676,2.9802322387695312e-08,0.0,False,1.0293290615081787,0.8940638629513099,4.4514384269714355,0.2922344505786896,0.5000285506248474,7
100,13,-0.021016201399295144,0.7943572998046875,1.3971786499023438,0.2025347224303654,0.0,0.0,False,1.035606026649475,0.8995159655992381,4.438296318054199,0.2922845482826233,0.5054042339324951,7
100,14,0.0024918141927575497,0.7888606190681458,1.3944302797317505,0.22614353575876786,2.9802322387695312e-08,0.0,False,1.0399127006530762,0.9032566951094784,4.588628768920898,0.28206735849380493,0.5002580881118774,7
100,15,-0.01712175708135776,0.7968072295188904,1.3984036445617676,0.044050868068422594,2.9802322387695312e-08,0.0,False,1.0388363599777222,0.9023217974775698,4.622939586639404,0.2802042067050934,0.5052466988563538,7
100,16,0.003313160460235903,0.7902132868766785,1.3951067924499512,0.49639156247888294,1.4901161193847656e-07,0.0,False,1.0618056058883667,0.9222726309825133,5.109953880310059,0.25154125690460205,0.5161704421043396,7
100,17,0.04364297490434583,0.7848263382911682,1.3924131393432617,0.4965514583247047,2.9802322387695312e-08,0.0,False,1.0907549858093262,0.9474177428909003,5.335943698883057,0.24030306935310364,0.5064736604690552,7
100,18,-0.024180354211073125,0.7950485944747925,1.3975242376327515,0.9386503185544695,5.960464477539063e-08,0.0,False,1.0878833532333374,0.9449234745272892,5.232341766357422,0.24597249925136566,0.5011734962463379,7
100,19,0.0001700127580786439,0.799394965171814,1.3996975421905518,0.6907249156917845,5.960464477539063e-08,0.0,False,1.0741276741027832,0.9329754434448264,5.052680015563965,0.25514131784439087,0.511634111404419,7
100,20,-0.019031377699974945,0.7890914678573608,1.3945457935333252,0.13829752164227632,5.960464477539063e-08,0.0,False,1.0908188819885254,0.9474732424069822,5.3774733543396,0.23830285668373108,0.5152261257171631,7
100,21,-0.03801092058781769,0.7866419553756714,1.393320918083191,0.515475264617375,5.960464477539063e-08,0.0,False,1.0567560195922852,0.9178866160539483,4.911109447479248,0.2625408172607422,0.5000291466712952,7
100,22,-0.02818485123837669,0.7935507893562317,1.396775484085083,0.2703447980540139,8.940696716308594e-08,0.0,False,1.0121749639511108,0.8791640031291806,4.346959590911865,0.2987096905708313,0.5037991404533386,7
100,23,-0.04917344318618201,0.8019159436225891,1.4009580612182617,0.3611154864941323,8.940696716308594e-08,0.0,False,1.0586204528808594,0.9195060422321574,4.900358200073242,0.26337942481040955,0.5212298631668091,7
100,24,-0.031202332630660162,0.7804335355758667,1.3902169466018677,0.2135348979915892,1.7881393432617188e-07,0.0,False,1.0761375427246094,0.9347211931484456,5.100262641906738,0.25155365467071533,0.5162379741668701,1
