episode,step,reward,leverage_gate,gross_exposure,turnover,gate_gross_error,position_limit_violation,at_position_cap,direction_entropy,normalized_direction_entropy,effective_positions,long_hhi,short_hhi,dominant_long_asset
1,1,0.08033228099829733,0.7781477570533752,1.3890737295150757,1.6117646428091186,1.4901161193847656e-07,0.0,False,0.8516488075256348,0.7397327552557357,3.11588716506958,0.4207077920436859,0.5004226565361023,2
1,2,0.10207770800042537,0.8160658478736877,1.4080328941345215,2.131566146975271,2.9802322387695312e-08,0.0,False,0.907667338848114,0.78838983333109,3.508833169937134,0.3754046559333801,0.5000005960464478,6
1,3,0.0008104706562231138,0.8044619560241699,1.4022310972213745,2.0577129817592508,1.1920928955078125e-07,0.0,False,0.9901906251907349,0.8600686491053345,4.262174129486084,0.30575239658355713,0.5,2
1,4,0.02240112658711118,0.8309658765792847,1.415482997894287,0.5809640122410098,5.960464477539063e-08,0.0,False,1.0203008651733398,0.8862220712517905,4.767042636871338,0.27335235476493835,0.5,2
1,5,-0.007702114469107986,0.8173571228981018,1.408678650856018,1.5114911203643167,8.940696716308594e-08,0.0,False,0.9395241737365723,0.8160603285370109,3.6081228256225586,0.36478379368782043,0.5000643730163574,7
1,6,0.05412282530918423,0.8164403438568115,1.4082202911376953,1.1366566744961686,1.1920928955078125e-07,0.0,False,0.9379799365997314,0.8147190212024508,3.8035728931427,0.3452294170856476,0.5000474452972412,7
1,7,0.006987047240921829,0.8070133328437805,1.4035067558288574,1.3299116545543292,8.940696716308594e-08,0.0,False,0.8876662254333496,0.7710170869551835,3.2990756034851074,0.399341344833374,0.5000091791152954,7
1,8,0.0426684953553773,0.792321503162384,1.3961608409881592,0.5153149711289182,8.940696716308594e-08,0.0,False,0.9472393989562988,0.822761688016147,3.762178421020508,0.3472903370857239,0.5001038908958435,7
1,9,-0.008282154062732715,0.8077489137649536,1.403874397277832,1.3923363264480701,5.960464477539063e-08,0.0,False,0.9942495822906494,0.8635942144468843,4.193202018737793,0.31123360991477966,0.5,5
1,10,0.011440591119280807,0.8070690035820007,1.4035345315933228,2.6197666611396797,2.9802322387695312e-08,0.0,False,0.9622294306755066,0.8357818641345603,3.8233413696289062,0.3426530957221985,0.5000616312026978,2
1,11,0.024770688944277485,0.8062903881072998,1.4031453132629395,0.232326295098619,1.1920928955078125e-07,0.0,False,0.930923342704773,0.8085897416232255,3.898848295211792,0.3356877267360687,0.5000004768371582,2
1,12,0.029923461233245383,0.7678316235542297,1.383915901184082,2.2767554959375444,8.940696716308594e-08,0.0,False,0.9188616871833801,0.7981131207521079,3.3960635662078857,0.3839683532714844,0.5000468492507935,6
1,13,0.024243913567715575,0.7890405654907227,1.3945204019546509,1.0585308870318682,1.1920928955078125e-07,0.0,False,1.0319488048553467,0.8963393431106655,4.567793846130371,0.2834337651729584,0.5000001788139343,3
1,14,0.017341136182302194,0.8096150755882263,1.404807448387146,2.127142804699832,8.940696716308594e-08,0.0,False,0.9183603525161743,0.7976776669929994,3.5139577388763428,0.374280720949173,0.5000879764556885,6
1,15,-0.018633850998788816,0.8407996892929077,1.420399785041809,1.6045900735508924,5.960464477539063e-08,0.0,False,0.907097578048706,0.7878949453887147,3.9331858158111572,0.335153192281723,0.5000001192092896,5
1,16,0.057087123971759454,0.8375803232192993,1.418790340423584,1.9566643356536106,1.7881393432617188e-07,0.0,False,0.9668300151824951,0.8397778810643897,3.9616150856018066,0.33240631222724915,0.5001091361045837,2
1,17,0.017292663379839722,0.799003005027771,1.3995016813278198,1.525056116040744,1.7881393432617188e-07,0.0,False,1.0478473901748657,0.9101486788593358,4.6658830642700195,0.2777690291404724,0.5000021457672119,3
1,18,0.04278670348568755,0.7849475145339966,1.3924736976623535,2.2464604403535033,5.960464477539063e-08,0.0,False,0.9395532608032227,0.816085593242093,3.6651713848114014,0.3562411069869995,0.5000004768371582,6
1,19,0.04247943699997099,0.7937099933624268,1.3968549966812134,0.9176661416523529,0.0,0.0,False,0.9217151403427124,0.8005915986750427,3.5122883319854736,0.3730891942977905,0.5002131462097168,6
1,20,0.024257851519650327,0.803449273109436,1.4017244577407837,2.4737874145753915,1.7881393432617188e-07,0.0,False,0.930393636226654,0.8081296444222746,3.9099910259246826,0.3344793915748596,0.5000021457672119,2
1,21,-0.022307183245133668,0.803911030292511,1.4019556045532227,1.6239319357429147,8.940696716308594e-08,0.0,False,0.9564937353134155,0.8307999024432918,3.8444125652313232,0.3404588997364044,0.5000000596046448,6
1,22,0.0031746840609398197,0.8141189813613892,1.4070595502853394,1.5756140172709727,5.960464477539063e-08,0.0,False,0.8405256271362305,0.7300712835270702,3.0732877254486084,0.4304427206516266,0.5000001788139343,6
1,23,0.03405468493660855,0.8452803492546082,1.4226402044296265,2.433768119881126,2.9802322387695312e-08,0.0,False,0.863517165184021,0.7500414797363183,3.277078628540039,0.4056870639324188,0.5000677108764648,2
1,24,0.021097743180185875,0.8150056004524231,1.4075028896331787,1.8974420917410475,8.940696716308594e-08,0.0,False,0.9821723699569702,0.8531040811003028,3.8942134380340576,0.33675411343574524,0.5000040531158447,6
2,1,-0.0013777762821242088,0.8041917681694031,1.4020957946777344,1.6319691794259208,8.940696716308594e-08,0.0,False,0.8495320081710815,0.737894126697778,3.1097638607025146,0.424221396446228,0.5001254081726074,7
2,2,-0.004422094949210557,0.6068752408027649,1.3034377098083496,1.007652850864035,8.940696716308594e-08,0.0,False,1.0093426704406738,0.8767039042437543,3.8271737098693848,0.3259580731391907,0.5017012357711792,7
2,3,0.021181269554976113,0.7755718231201172,1.3877859115600586,0.8530432764575635,0.0,0.0,False,0.9372950792312622,0.8141241616504169,3.5515241622924805,0.3672603368759155,0.5001406669616699,7
2,4,0.08733828022309306,0.8129096627235413,1.4064548015594482,2.5885175366430535,2.9802322387695312e-08,0.0,False,0.8687049150466919,0.754547502014023,3.2517192363739014,0.40592068433761597,0.5000994205474854,2
2,5,0.09438919096565407,0.7903931140899658,1.3951966762542725,1.9118980229624922,1.1920928955078125e-07,0.0,False,0.918999433517456,0.7982327656976911,3.720147132873535,0.3512164056301117,0.5000039339065552,6
2,6,0.0006609071579988315,0.7934413552284241,1.3967206478118896,1.6429823658631082,2.9802322387695312e-08,0.0,False,0.9934495687484741,0.8628993315132552,4.319379806518555,0.3008021414279938,0.5,2
2,7,0.021292872285277764,0.8191052675247192,1.4095525741577148,0.5639364830008751,5.960464477539063e-08,0.0,False,1.0187549591064453,0.8848793143030044,4.744912624359131,0.2740389108657837,0.5,2
2,8,-0.007467124503231139,0.8090428113937378,1.4045214653015137,1.4741537482326046,5.960464477539063e-08,0.0,False,0.9446992874145508,0.8205553751641471,3.6384596824645996,0.36094164848327637,0.5000907182693481,7
2,9,0.05207750517477802,0.785235583782196,1.3926177024841309,1.1736070965964795,8.940696716308594e-08,0.0,False,0.9255046844482422,0.8038831548629639,3.7838246822357178,0.3446663022041321,0.5001698136329651,7
2,10,0.007171586513230261,0.7928869128227234,1.3964433670043945,1.3939786897752768,8.940696716308594e-08,0.0,False,0.8980366587638855,0.7800247308959781,3.36665415763855,0.38975125551223755,0.5000156164169312,7
2,11,0.042731059342726745,0.7771009206771851,1.3885505199432373,0.851720213998587,5.960464477539063e-08,0.0,False,0.9202902317047119,0.7993539387576429,3.5575358867645264,0.36675024032592773,0.5000986456871033,7
2,12,-0.004201261360032956,0.7893980741500854,1.3946990966796875,1.6708980325652658,5.960464477539063e-08,0.0,False,1.0110591650009155,0.8781948324752141,4.363490581512451,0.2973628342151642,0.5000045299530029,5
2,13,0.011706726063589672,0.7730191946029663,1.3865094184875488,2.53455867302475,1.7881393432617188e-07,0.0,False,0.9554443955421448,0.8298884574986828,3.6858670711517334,0.3531801402568817,0.5002748966217041,2
2,14,0.023774804697507396,0.786709189414978,1.3933547735214233,0.27970072693918613,1.7881393432617188e-07,0.0,False,0.9276208281517029,0.8057212139296185,3.798154592514038,0.3434351682662964,0.5000022649765015,2
2,15,0.02683853606587977,0.7534543871879578,1.3767272233963013,1.775729206764878,2.9802322387695312e-08,0.0,False,0.9911378026008606,0.8608913569505365,3.801913261413574,0.3404538929462433,0.5000147223472595,6
2,16,0.025917088983849673,0.7857621908187866,1.3928812742233276,0.6619776456227252,1.7881393432617188e-07,0.0,False,1.0697505474090576,0.9291735195054736,4.968007564544678,0.25933340191841125,0.5000000596046448,3
2,17,0.015724682613697742,0.8099679350852966,1.4049839973449707,2.0134442503522965,2.9802322387695312e-08,0.0,False,0.8871840238571167,0.7705982519877375,3.3537955284118652,0.3928627371788025,0.5001235008239746,6
2,18,-0.019320446036111535,0.8278312683105469,1.4139156341552734,1.5893066953584254,0.0,0.0,False,0.9087740778923035,0.7893511346506867,3.94938063621521,0.332782119512558,0.5000002384185791,5
2,19,0.05528221795117239,0.8254382014274597,1.4127191305160522,1.9873973466264974,2.9802322387695312e-08,0.0,False,0.9700823426246643,0.842602816787343,3.9518961906433105,0.3323823809623718,0.5001853108406067,2
2,20,0.01664025729581197,0.7795687317848206,1.3897844552993774,1.5093884712947447,8.940696716308594e-08,0.0,False,1.0563580989837646,0.9175409866049162,4.7165608406066895,0.27351999282836914,0.5000086426734924,3
2,21,0.04072798500182043,0.7719936370849609,1.385996699333191,2.2679192497213148,1.1920928955078125e-07,0.0,False,0.9210542440414429,0.8000175514415395,3.5644686222076416,0.3655746877193451,0.5000001788139343,6
2,22,0.041069158373378684,0.7878668904304504,1.3939335346221924,0.9245604188145871,8.940696716308594e-08,0.0,False,0.9457986354827881,0.8215102567636,3.701653242111206,0.35282963514328003,0.5001780390739441,6
2,23,0.02300996480382692,0.8042928576469421,1.402146339416504,2.405234471107425,8.940696716308594e-08,0.0,False,0.9247946739196777,0.8032664475536664,3.890665292739868,0.3362736105918884,0.5000025033950806,2
2,24,-0.021112613701449373,0.8020262718200684,1.4010132551193237,1.5738754588216273,1.1920928955078125e-07,0.0,False,0.9643860459327698,0.8376550763461958,3.8643338680267334,0.3384888470172882,0.5000001192092896,6
3,1,0.017054419238220268,0.8110613226890564,1.4055306911468506,1.7125638499855995,2.9802322387695312e-08,0.0,False,0.8028266429901123,0.6973263619510356,2.931339740753174,0.4516470432281494,0.5000002384185791,7
3,2,-0.0011516494558546583,0.7941706776618958,1.397085428237915,1.2817367075476327,8.940696716308594e-08,0.0,False,0.9072067141532898,0.787989739804709,3.361084461212158,0.39053821563720703,0.5000022053718567,7
3,3,-0.011436238839202369,0.6779363751411438,1.3389681577682495,1.256882454046725,2.9802322387695312e-08,0.0,False,0.8242887854576111,0.7159681420379479,2.9263839721679688,0.43743896484375,0.5000223517417908,7
3,4,0.029247905943542218,0.8105591535568237,1.4052796363830566,0.09875635084484621,5.960464477539063e-08,0.0,False,0.8130946159362793,0.70624500993274,2.9670186042785645,0.44599130749702454,0.5000001192092896,7
3,5,0.07856349358784895,0.7929920554161072,1.3964959383010864,2.393709018965591,8.940696716308594e-08,0.0,False,0.8982946276664734,0.7802487998377712,3.4856061935424805,0.37599101662635803,0.5000680685043335,2
3,6,0.10121403441847518,0.7998484969139099,1.3999242782592773,2.227366266185645,2.9802322387695312e-08,0.0,False,0.8844749927520752,0.7682452174672899,3.341386556625366,0.39344626665115356,0.5000007748603821,6
3,7,-0.0002845856370499618,0.8032495975494385,1.4016247987747192,2.279091778590472,0.0,0.0,False,0.9996495842933655,0.8682845965909766,4.301670074462891,0.3027375042438507,0.5,2
3,8,0.020768329337088463,0.8261546492576599,1.4130773544311523,0.6116094331720022,2.9802322387695312e-08,0.0,False,1.0227478742599487,0.8883475163387532,4.803831100463867,0.27088475227355957,0.5,2
3,9,-0.00744921889793586,0.8127070665359497,1.40635347366333,1.4995203424318857,5.960464477539063e-08,0.0,False,0.9379170536994934,0.8146644018092919,3.583004951477051,0.367054283618927,0.5000584125518799,7
3,10,0.05083511616333841,0.8215736746788025,1.4107868671417236,1.0873589775090489,2.9802322387695312e-08,0.0,False,0.9584562182426453,0.8325044934572795,3.865278482437134,0.33987224102020264,0.5000983476638794,7
3,11,0.00604285001229184,0.806678831577301,1.4033393859863281,1.2669112003735878,2.9802322387695312e-08,0.0,False,0.8831787705421448,0.7671193331611035,3.2740681171417236,0.40246760845184326,0.500006914138794,7
3,12,0.040383567940783315,0.7873302698135376,1.393665075302124,0.5147666906345163,5.960464477539063e-08,0.0,False,0.9438671469688416,0.8198325871566671,3.741821050643921,0.3488572835922241,0.5000491142272949,7
3,13,-0.006100660175415907,0.8242548108100891,1.4121274948120117,1.6785416342358446,8.940696716308594e-08,0.0,False,1.0143624544143677,0.8810640332039975,4.352287769317627,0.3003889322280884,0.4999999701976776,5
3,14,0.010887838679580911,0.8178676962852478,1.4089339971542358,2.6028184890003017,1.4901161193847656e-07,0.0,False,0.9800971746444702,0.8513015893541224,3.9422168731689453,0.33268219232559204,0.5002131462097168,2
3,15,0.023734749848538815,0.8165551424026489,1.4082777500152588,0.28895949921078323,1.7881393432617188e-07,0.0,False,0.9198954105377197,0.7990110014493164,3.8757588863372803,0.3385419249534607,0.5000011920928955,2
3,16,0.02644108077795708,0.7781188488006592,1.3890595436096191,1.7983836689524557,1.1920928955078125e-07,0.0,False,0.9938896298408508,0.8632815637214942,3.8500826358795166,0.3379575312137604,0.5000414848327637,6
3,17,0.02431220226213673,0.8021155595779419,1.4010578393936157,0.7609386505387157,5.960464477539063e-08,0.0,False,1.0596164464950562,0.9203711512934705,4.769655704498291,0.27159833908081055,0.5000000596046448,3
3,18,0.014756511447610362,0.82480788230896,1.4124040603637695,2.1338320591869255,1.1920928955078125e-07,0.0,False,0.8914890289306641,0.7743375318837518,3.448302984237671,0.3830101788043976,0.5000486969947815,6
3,19,-0.018821215707896865,0.8384543061256409,1.4192272424697876,1.5310549012326469,8.940696716308594e-08,0.0,False,0.908767580986023,0.7893454915095927,3.9555060863494873,0.3330088257789612,0.5000000596046448,5
3,20,0.056025180525213714,0.8336747884750366,1.4168375730514526,2.136290867246866,1.7881393432617188e-07,0.0,False,0.9822601675987244,0.8531803411629787,3.9856648445129395,0.3300338685512543,0.5000582337379456,2
3,21,0.016131063892496852,0.7874190211296082,1.393709421157837,1.5276554743260338,8.940696716308594e-08,0.0,False,1.0490362644195557,0.9111813219076274,4.628041744232178,0.2794710695743561,0.5000136494636536,3
3,22,0.04033787361797833,0.7719746232032776,1.385987401008606,2.2245077079243782,8.940696716308594e-08,0.0,False,0.914360523223877,0.7942034594125998,3.554201126098633,0.3666669726371765,0.5000007748603821,6
3,23,0.03923909780856684,0.78597491979599,1.3929874897003174,0.9218029713428013,2.9802322387695312e-08,0.0,False,0.9384668469429016,0.8151419461528917,3.6471478939056396,0.35815101861953735,0.5000820755958557,6
3,24,0.022024776465204083,0.7999626994132996,1.3999814987182617,2.4238158180374,1.4901161193847656e-07,0.0,False,0.922683835029602,0.8014329961893731,3.87442684173584,0.3374146521091461,0.5000054240226746,2
4,1,0.024005627504215987,0.8029568791389465,1.40147864818573,1.6767979892236846,2.086162567138672e-07,0.0,False,0.8243862390518188,0.71605278915436,3.001221179962158,0.4399425983428955,0.5000365972518921,7
4,2,-0.024546305787715668,0.7951050400733948,1.397552490234375,0.27522015040485576,2.9802322387695312e-08,0.0,False,0.8174930810928345,0.7100654682254113,2.970663070678711,0.44376784563064575,0.5000354647636414,7
4,3,-0.026626356920725007,0.7816047072410583,1.3908023834228516,0.6315228320908711,2.9802322387695312e-08,0.0,False,0.9420856833457947,0.8182852275142658,3.7425734996795654,0.34832751750946045,0.5,7
4,4,0.007510304107194941,0.8067020773887634,1.403351068496704,0.6276178503102449,2.9802322387695312e-08,0.0,False,0.9618666768074036,0.8354667801281479,4.043880939483643,0.3231726884841919,0.5000075101852417,2
4,5,0.017826629495721683,0.7945019006729126,1.397251009941101,0.2903167785734771,5.960464477539063e-08,0.0,False,0.927234947681427,0.8053860424117883,3.8784821033477783,0.33663421869277954,0.500008225440979,7
4,6,0.00486325468850794,0.8100236058235168,1.4050120115280151,0.3814150558867344,2.086162567138672e-07,0.0,False,0.9068191051483154,0.7876530669007162,3.748842239379883,0.3499769866466522,0.5,7
4,7,0.017579314873246026,0.788596510887146,1.3942983150482178,1.544619152468234,5.960464477539063e-08,0.0,False,0.811217188835144,0.7046142974723426,2.945434331893921,0.4469779133796692,0.5000022649765015,5
4,8,0.011589003930911349,0.792127788066864,1.3960639238357544,1.3529375186603938,2.9802322387695312e-08,0.0,False,0.8158910870552063,0.7086739938842436,2.9623515605926514,0.44472837448120117,0.5000799298286438,7
4,9,0.016509660758063205,0.8355513215065002,1.4177756309509277,1.5727177772584613,2.9802322387695312e-08,0.0,False,0.8040896654129028,0.6984234092885115,2.950705051422119,0.45121216773986816,0.5000001192092896,7
4,10,-5.1852420099472805e-05,0.7980231046676636,1.3990116119384766,1.2999958599227979,5.960464477539063e-08,0.0,False,0.8525600433349609,0.7405242446231416,3.12158203125,0.4219440221786499,0.5000030398368835,7
4,11,-0.01396912591880602,0.8089743852615356,1.404487133026123,1.5663018325007865,5.960464477539063e-08,0.0,False,0.8926252722740173,0.775324460311987,3.633362054824829,0.3614647686481476,0.5000032186508179,5
4,12,0.024880776593371515,0.845858097076416,1.422929048538208,0.29561772314745294,0.0,0.0,False,0.8409754633903503,0.7304620063329187,3.1500632762908936,0.42271697521209717,0.5000002980232239,5
4,13,0.07826030772860064,0.7935004234313965,1.3967502117156982,2.4858741381481178,0.0,0.0,False,0.9101203680038452,0.7905205073836538,3.414886474609375,0.38406190276145935,0.5017099380493164,2
4,14,0.09653956454058663,0.820937991142273,1.4104690551757812,2.2608904192877595,5.960464477539063e-08,0.0,False,0.9319784045219421,0.8095061566737523,3.6329193115234375,0.3624892234802246,0.5000253915786743,6
4,15,-0.0011401891760867812,0.8248313069343567,1.412415623664856,2.328201629990164,2.9802322387695312e-08,0.0,False,0.9159152507781982,0.7955538786080092,3.5373809337615967,0.3730005621910095,0.5000001192092896,2
4,16,0.020793150988672137,0.8213368654251099,1.4106684923171997,0.593986493486527,5.960464477539063e-08,0.0,False,1.0238635540008545,0.8893165834488465,4.807016849517822,0.27043354511260986,0.5,2
4,17,-0.00791883428030878,0.7937745451927185,1.3968873023986816,1.4478029077426653,2.9802322387695312e-08,0.0,False,0.8548789024353027,0.7425383800463208,3.135986804962158,0.41951557993888855,0.500002384185791,7
4,18,0.047287629197800225,0.8065065145492554,1.4032533168792725,0.8674883259490166,5.960464477539063e-08,0.0,False,0.9749437570571899,0.8468253877119243,4.173007488250732,0.3127031922340393,0.5007334351539612,2
4,19,0.0049052626654124435,0.8192829489707947,1.4096415042877197,1.1681371068254247,2.9802322387695312e-08,0.0,False,0.815750002861023,0.7085514497102083,2.9809648990631104,0.4447624683380127,0.5000638961791992,7
4,20,0.030632958285726642,0.8095849752426147,1.4047925472259521,0.2750610515830012,5.960464477539063e-08,0.0,False,0.8338695764541626,0.7242899113620892,3.045374631881714,0.43404901027679443,0.5000356435775757,7
4,21,-0.003505207161530751,0.814967155456543,1.407483696937561,2.4796582192805263,1.1920928955078125e-07,0.0,False,0.9065617918968201,0.7874295674502262,3.4062089920043945,0.3870365619659424,0.500452995300293,5
4,22,0.006345664859353761,0.7996681332588196,1.3998339176177979,2.6876356940982062,1.4901161193847656e-07,0.0,False,0.8602156043052673,0.7471737803936976,3.2388813495635986,0.406319260597229,0.5000338554382324,2
4,23,0.022839347933048097,0.8001172542572021,1.4000587463378906,0.31323278819563233,1.1920928955078125e-07,0.0,False,0.8724579811096191,0.7578073737767183,3.407564878463745,0.385559618473053,0.5000052452087402,2
4,24,0.011417890360754294,0.7876057624816895,1.3938027620315552,0.615892957737364,1.1920928955078125e-07,0.0,False,1.032319188117981,0.8966610539249683,4.262484550476074,0.3046116530895233,0.5000079870223999,3
5,1,0.05800606636095903,0.80689537525177,1.4034476280212402,1.4945902297539368,5.960464477539063e-08,0.0,False,0.9000675678253174,0.7817887560932325,3.562603712081909,0.36874914169311523,0.5000202059745789,7
5,2,-0.0031459853126307082,0.8089597225189209,1.40447998046875,1.5654660838766343,1.1920928955078125e-07,0.0,False,0.9795679450035095,0.8508419063286646,4.041991233825684,0.3234906792640686,0.500003457069397,6
5,3,0.01886107999889775,0.8186301589012146,1.4093151092529297,2.5220723082854066,2.9802322387695312e-08,0.0,False,0.9763721227645874,0.8480660504016494,3.8562159538269043,0.3404853045940399,0.5000452995300293,2
5,4,0.036283337293091106,0.834224283695221,1.417112112045288,0.2861468794585444,2.9802322387695312e-08,0.0,False,0.9440529942512512,0.8199940120551216,3.862910747528076,0.341036856174469,0.5000001192092896,2
5,5,0.04410183140829018,0.8016064763069153,1.4008033275604248,2.369117556953232,8.940696716308594e-08,0.0,False,0.8476047515869141,0.7362201328983466,3.0911898612976074,0.42659443616867065,0.500006914138794,6
5,6,0.03335719184439493,0.8170414566993713,1.4085206985473633,1.012805367083787,2.9802322387695312e-08,0.0,False,1.0057682991027832,0.8735992447471161,4.2702860832214355,0.30596834421157837,0.5000004172325134,7
5,7,0.025552897704074734,0.8184151649475098,1.4092074632644653,2.149546201562754,1.1920928955078125e-07,0.0,False,0.9688210487365723,0.8415072708360296,3.8377673625946045,0.3421747088432312,0.5000603795051575,6
5,8,-0.02326597770030136,0.823891282081604,1.4119457006454468,1.6335969315407934,5.960464477539063e-08,0.0,False,0.8945834636688232,0.7770253237465362,3.7005815505981445,0.35583174228668213,0.5,5
5,9,0.0799147544707961,0.824630081653595,1.4123151302337646,1.8773821785607172,8.940696716308594e-08,0.0,False,0.9434961676597595,0.8195103586229978,3.8949403762817383,0.3373982906341553,0.5001410245895386,2
5,10,0.026032407179289063,0.7929922938346863,1.3964961767196655,1.6508990612415324,2.9802322387695312e-08,0.0,False,0.9899847507476807,0.8598898288361678,4.031423091888428,0.3232341408729553,0.5000001192092896,3
5,11,0.06073112839100672,0.8016432523727417,1.4008216857910156,2.3432941316105365,5.960464477539063e-08,0.0,False,0.9773353338241577,0.8489026848978086,3.9142959117889404,0.3339618146419525,0.5000001192092896,6
5,12,0.06312746024561319,0.7984236478805542,1.3992117643356323,1.082147936344203,5.960464477539063e-08,0.0,False,0.9083527326583862,0.7889851588305538,3.396613121032715,0.38666874170303345,0.500934362411499,6
5,13,0.03571450627045956,0.801609456539154,1.4008047580718994,2.535370242897984,2.9802322387695312e-08,0.0,False,0.9557803869247437,0.8301802959055423,4.052282810211182,0.3221128284931183,0.5000009536743164,2
5,14,-0.028599323455070637,0.7968315482139587,1.3984159231185913,1.828612933680105,1.4901161193847656e-07,0.0,False,0.9206950068473816,0.799705521979389,3.666452646255493,0.35708627104759216,0.5000030398368835,6
5,15,0.006210132901245384,0.8116500973701477,1.4058250188827515,1.6364220004018655,2.9802322387695312e-08,0.0,False,0.8308758735656738,0.7216896140722322,3.0329878330230713,0.4360951781272888,0.5000098347663879,6
5,16,0.05001983278788647,0.8379864692687988,1.4189932346343994,2.442223965505527,0.0,0.0,False,0.8569411635398865,0.7443296372822497,3.2088122367858887,0.413946270942688,0.5001085996627808,2
5,17,0.03234087245534688,0.8120537400245667,1.406026840209961,2.0863748109414204,2.9802322387695312e-08,0.0,False,0.9750475883483887,0.8469155744255573,3.777714729309082,0.3473515510559082,0.5000019073486328,6
5,18,0.007808137297055876,0.796477198600769,1.3982385396957397,1.402901251296751,5.960464477539063e-08,0.0,False,0.9013369679450989,0.7828913430279293,3.326545238494873,0.3949470818042755,0.5001143217086792,6
5,19,0.004216964227641288,0.8256295323371887,1.4128148555755615,1.504865211184812,8.940696716308594e-08,0.0,False,0.8097630143165588,0.7033512175340509,2.9650845527648926,0.44787803292274475,0.5007359385490417,4
5,20,0.007868225582960693,0.7987379431724548,1.3993688821792603,2.742565532133814,8.940696716308594e-08,0.0,False,0.8970381617546082,0.779157447413326,3.713240146636963,0.35256585478782654,0.5000075101852417,2
5,21,0.02485248373065065,0.7976553440093994,1.3988275527954102,1.57786339341669,1.1920928955078125e-07,0.0,False,1.0257337093353271,0.8909409797329733,4.210474491119385,0.3092210590839386,0.5000013113021851,6
5,22,0.006902355061559203,0.7874253988265991,1.3937127590179443,0.9276359488662013,5.960464477539063e-08,0.0,False,1.03255033493042,0.8968618254952718,4.128582000732422,0.3148919343948364,0.5009506344795227,6
5,23,0.009344185887458258,0.7899110317230225,1.3949557542800903,2.0810100196852757,2.384185791015625e-07,0.0,False,0.9037601351737976,0.7849960793402346,3.4335150718688965,0.3816068172454834,0.500831127166748,1
5,24,0.0036424307891781025,0.8065877556800842,1.4032938480377197,0.23480846461589872,2.9802322387695312e-08,0.0,False,0.8073532581329346,0.7012581299074904,2.94338321685791,0.449238121509552,0.500662624835968,2
6,1,0.04550462100495422,0.820777416229248,1.410388708114624,1.4025150457663196,0.0,0.0,False,0.9842608571052551,0.8549181179883548,4.203341960906982,0.3113192617893219,0.5000008344650269,3
6,2,0.08698208331519529,0.8058840036392212,1.4029419422149658,2.401874657537829,5.960464477539063e-08,0.0,False,0.9756463766098022,0.847435675301078,3.8935537338256836,0.3361329436302185,0.4999999701976776,6
6,3,0.09599803830741105,0.8167878985404968,1.4083940982818604,1.2914396040854763,1.4901161193847656e-07,0.0,False,0.9353582262992859,0.812441832569186,3.5730810165405273,0.36836835741996765,0.5030752420425415,6
6,4,0.05162398964077874,0.8315814733505249,1.4157906770706177,2.5319194502491085,5.960464477539063e-08,0.0,False,0.9766079187393188,0.8482708601830111,4.200891494750977,0.31222623586654663,0.5000001788139343,2
6,5,-0.03988887052589481,0.7966057062149048,1.3983029127120972,1.9657546793577287,5.960464477539063e-08,0.0,False,0.873964786529541,0.7591161683350662,3.3393921852111816,0.3933890759944916,0.500026285648346,6
6,6,0.013586662008404169,0.8211925029754639,1.4105963706970215,1.669722582616185,1.1920928955078125e-07,0.0,False,0.8418490886688232,0.7312208276083026,3.1059348583221436,0.4264710247516632,0.5002843141555786,6
6,7,0.07036589014542827,0.8433310389518738,1.4216653108596802,2.687083405832355,2.086162567138672e-07,0.0,False,0.8485124707221985,0.7370085677214907,3.1498703956604004,0.4224892556667328,0.5002768039703369,2
6,8,0.05246212438396887,0.8154835104942322,1.4077417850494385,2.3120347197078783,2.9802322387695312e-08,0.0,False,0.9593102931976318,0.8332463335374444,3.8456690311431885,0.34122201800346375,0.5,6
6,9,0.013350262847892846,0.8118907809257507,1.4059453010559082,1.4239648626515065,8.940696716308594e-08,0.0,False,0.9404433965682983,0.8168587553439272,3.5505130290985107,0.3704679012298584,0.5003015995025635,6
6,10,0.009428221929613099,0.829384446144104,1.4146921634674072,1.5584189355414855,5.960464477539063e-08,0.0,False,0.8088441491127014,0.7025531013587545,2.9636118412017822,0.4485209882259369,0.5002502799034119,4
6,11,0.014108956861227715,0.8215620517730713,1.410780906677246,2.7584604398649684,1.1920928955078125e-07,0.0,False,0.9048723578453064,0.7859621436780025,3.80530047416687,0.3454599678516388,0.5000025033950806,2
6,12,0.03942594875072094,0.8156279921531677,1.4078140258789062,1.8926712035236368,2.9802322387695312e-08,0.0,False,0.9713783264160156,0.8437284940057828,3.8251333236694336,0.3431398868560791,0.5000728964805603,6
6,13,0.013709656439571085,0.8214741349220276,1.4107370376586914,1.0827677979491268,2.9802322387695312e-08,0.0,False,1.042445182800293,0.9054563811535878,4.234769344329834,0.30894291400909424,0.5001490116119385,6
6,14,0.017371777327258444,0.8160964250564575,1.4080482721328735,1.9535292519096898,5.960464477539063e-08,0.0,False,0.9516971111297607,0.826633607613842,3.9262638092041016,0.3339604437351227,0.5002803802490234,1
6,15,0.008061551936623175,0.820399284362793,1.410199761390686,0.47738047185335797,1.1920928955078125e-07,0.0,False,0.8095093965530396,0.7031309279436327,2.9599430561065674,0.4481371343135834,0.5002750158309937,1
6,16,0.013721729228121756,0.8107931017875671,1.4053964614868164,2.623788814303508,8.940696716308594e-08,0.0,False,0.8277091979980469,0.7189390746222358,3.0245110988616943,0.4372626841068268,0.5001909732818604,5
6,17,-0.028125095016817578,0.7812417149543762,1.3906209468841553,2.633519862300624,8.940696716308594e-08,0.0,False,0.9158036708831787,0.7954569615426126,3.4934659004211426,0.374085396528244,0.5000344514846802,7
6,18,0.028143037532265262,0.825294554233551,1.4126472473144531,1.3650380890549658,2.9802322387695312e-08,0.0,False,0.8497027158737183,0.738042401524325,3.226858377456665,0.4103451371192932,0.5000017285346985,2
6,19,-0.013204546945852758,0.8033904433250427,1.4016951322555542,1.4812659888849447,8.940696716308594e-08,0.0,False,0.9645569324493408,0.8378035064885527,3.9329357147216797,0.33214661478996277,0.5105612874031067,1
6,20,0.009038946845560634,0.8199163675308228,1.4099581241607666,0.7857137186125636,5.960464477539063e-08,0.0,False,0.9283144474029541,0.806323683956339,3.625678539276123,0.3631592094898224,0.5000005960464478,5
6,21,-0.008758260500006821,0.8118953704833984,1.4059476852416992,1.3226188729796176,0.0,0.0,False,0.8153790831565857,0.7082292729484758,2.991849660873413,0.4423133134841919,0.5000014901161194,7
6,22,0.016300479664974696,0.8015324473381042,1.400766134262085,0.4486261221767335,8.940696716308594e-08,0.0,False,0.8709405660629272,0.7564893638136478,3.3448307514190674,0.3931819796562195,0.5000007152557373,5
6,23,0.01016036624859698,0.8039389848709106,1.4019694328308105,0.4495701759875256,5.960464477539063e-08,0.0,False,0.8147436380386353,0.7076773323319193,2.969881772994995,0.4448360800743103,0.5000970363616943,7
6,24,0.0016850192865210012,0.8253850936889648,1.4126925468444824,0.06443258869346713,0.0,0.0,False,0.8001387119293213,0.6949916546961598,2.930634021759033,0.4533102810382843,0.5000042915344238,5
7,1,0.01300255344754029,0.8302515149116516,1.4151259660720825,1.507225708237716,2.086162567138672e-07,0.0,False,0.8968162536621094,0.7789647004932022,3.4281299114227295,0.3858284652233124,0.5000491738319397,7
7,2,0.05792732521255327,0.8283401131629944,1.4141700267791748,0.4238396795637725,2.9802322387695312e-08,0.0,False,0.9508422613143921,0.8258910944985007,3.879307985305786,0.3390962779521942,0.5000073909759521,7
7,3,-0.010514800507783974,0.8023184537887573,1.4011592864990234,1.3248179373970397,5.960464477539063e-08,0.0,False,0.9903600811958313,0.860215836721212,4.24290132522583,0.3070606589317322,0.5000683069229126,6
7,4,0.01796111598813733,0.8308716416358948,1.4154359102249146,2.6567564293980603,8.940696716308594e-08,0.0,False,0.917789876461029,0.7971821577873843,3.545166015625,0.3726566433906555,0.5000070333480835,2
7,5,0.036283608682094584,0.8420904874801636,1.4210453033447266,0.14905919347966923,5.960464477539063e-08,0.0,False,0.9306691288948059,0.8083689343134409,3.7620813846588135,0.35118168592453003,0.5000001192092896,2
7,6,0.04281552728148817,0.8069615960121155,1.4034807682037354,2.3439076941766386,2.9802322387695312e-08,0.0,False,0.8686152696609497,0.7544696370213111,3.1879489421844482,0.41374635696411133,0.5000602006912231,6
7,7,0.034163532270207166,0.8143653273582458,1.4071826934814453,0.9640487373973836,2.9802322387695312e-08,0.0,False,1.0241036415100098,0.8895251208096465,4.461527347564697,0.2920728027820587,0.5000002980232239,7
7,8,0.025119114407514957,0.8152191042900085,1.4076093435287476,2.0978666208745005,2.086162567138672e-07,0.0,False,0.9587597846984863,0.8327681679306048,3.735121250152588,0.35172098875045776,0.5001273155212402,6
7,9,-0.02345219140259519,0.8186134099960327,1.4093067646026611,1.6957958759160079,5.960464477539063e-08,0.0,False,0.8970609903335571,0.7791772760650605,3.7239913940429688,0.35308706760406494,0.5000000596046448,5
7,10,0.07912183385408325,0.8226400017738342,1.4113199710845947,1.8662735474589283,2.9802322387695312e-08,0.0,False,0.9422184824943542,0.8184005753891075,3.888232946395874,0.33785656094551086,0.500188410282135,2
7,11,0.024499040325323056,0.7906430959701538,1.3953214883804321,1.6390654253739487,5.960464477539063e-08,0.0,False,1.0160256624221802,0.882508677324098,4.319051742553711,0.3006435036659241,0.5,3
7,12,0.060671285844717766,0.800663948059082,1.4003320932388306,2.2657716592518304,1.1920928955078125e-07,0.0,False,0.9725982546806335,0.8447881102330655,3.888331651687622,0.33621132373809814,0.5000001192092896,6
7,13,0.0633989952131524,0.798979640007019,1.3994897603988647,1.0449398738383078,5.960464477539063e-08,0.0,False,0.9073649048805237,0.7881271425245608,3.393242597579956,0.38712096214294434,0.5007885694503784,6
7,14,0.03480691482537249,0.8043025732040405,1.402151346206665,2.532566731617214,5.960464477539063e-08,0.0,False,0.9480776786804199,0.8234898085331014,4.000875949859619,0.3266250789165497,0.5000011920928955,2
7,15,-0.028408263991635603,0.7956689596176147,1.3978345394134521,1.828726061051361,5.960464477539063e-08,0.0,False,0.9269711375236511,0.8051568998202042,3.683708906173706,0.3552544116973877,0.5000019073486328,6
7,16,0.0060000582335360455,0.8126363754272461,1.406318187713623,1.6165806020424043,0.0,0.0,False,0.8327620029449463,0.7233278852353795,3.040630340576172,0.4350656270980835,0.5000085830688477,6
7,17,0.04985989635373758,0.8380278944969177,1.4190140962600708,2.43750175410977,1.4901161193847656e-07,0.0,False,0.8550270199775696,0.74266703330888,3.197303533554077,0.4154943823814392,0.5001055002212524,2
7,18,0.032741260143768124,0.8120625615119934,1.4060312509536743,2.061078133852685,2.9802322387695312e-08,0.0,False,0.9809093475341797,0.8520070337628268,3.815490961074829,0.34377217292785645,0.500002384185791,6
7,19,0.0078103371442415775,0.7969205975532532,1.3984602689743042,1.4089847631008368,2.9802322387695312e-08,0.0,False,0.8965503573417664,0.7787337458838355,3.3033435344696045,0.39786046743392944,0.500080943107605,6
7,20,0.004452799534418672,0.8266156315803528,1.4133079051971436,1.4984431747489415,8.940696716308594e-08,0.0,False,0.8100551962852478,0.7036050035674773,2.96720814704895,0.44764548540115356,0.5009462833404541,4
7,21,0.007443011088438051,0.7971091270446777,1.3985545635223389,2.742338646560343,0.0,0.0,False,0.8965555429458618,0.7787382500423234,3.7166965007781982,0.35209450125694275,0.5000083446502686,2
7,22,0.02523014715635226,0.7947391271591187,1.3973695039749146,1.5134604295859446,5.960464477539063e-08,0.0,False,1.0212090015411377,0.8870108684784911,4.176741600036621,0.3116311728954315,0.5000000596046448,6
7,23,0.0063603738607090204,0.7846609950065613,1.3923304080963135,0.9674740516061258,8.940696716308594e-08,0.0,False,1.0299726724624634,0.8946228963231866,4.111715793609619,0.31602928042411804,0.5015460252761841,6
7,24,0.008712244030971587,0.7870308756828308,1.3935154676437378,2.0900967012696126,2.9802322387695312e-08,0.0,False,0.8977935910224915,0.7798136049383458,3.3965823650360107,0.3856353461742401,0.5011007785797119,1
8,1,-0.06315864767977947,0.8191047310829163,1.4095523357391357,1.3652347603014539,2.9802322387695312e-08,0.0,False,0.9660653471946716,0.8391136988891901,3.8033289909362793,0.3454582989215851,0.5000007748603821,7
8,2,0.0789610068640569,0.8436630964279175,1.4218316078186035,1.4942043038955526,5.960464477539063e-08,0.0,False,0.8944504261016846,0.7769097687839479,3.4775230884552,0.3812900483608246,0.5,2
8,3,-0.012376555748539006,0.7779114246368408,1.3889555931091309,1.375407198755714,1.1920928955078125e-07,0.0,False,0.8398303985595703,0.7294674156580603,3.0510833263397217,0.4299090504646301,0.5001053810119629,7
8,4,0.027189898409585873,0.8087137341499329,1.4043569564819336,0.43718292883073484,8.940696716308594e-08,0.0,False,0.9024487733840942,0.7838570449621407,3.518993377685547,0.3736497163772583,0.5000146627426147,7
8,5,-0.023261680563699767,0.8322938084602356,1.416146993637085,1.0346170828048278,8.940696716308594e-08,0.0,False,0.8720808029174805,0.7574797609616382,3.3013973236083984,0.4013962745666504,0.5000000596046448,7
8,6,0.04653771981417697,0.823496401309967,1.4117481708526611,0.34870164914448776,2.9802322387695312e-08,0.0,False,0.833328127861023,0.7238196150896196,3.089711904525757,0.42902672290802,0.5000211596488953,7
8,7,0.03738426980567698,0.8335501551628113,1.4167749881744385,0.8264977153821982,8.940696716308594e-08,0.0,False,0.9853943586349487,0.8559026649075044,3.97062611579895,0.3313329219818115,0.5000002384185791,7
8,8,-0.0020649974765413917,0.8290647268295288,1.4145324230194092,0.8758421602107348,5.960464477539063e-08,0.0,False,0.7999407052993774,0.69481966832263,2.9320425987243652,0.4534819722175598,0.5000020265579224,7
8,9,-0.007380369900378936,0.8320473432540894,1.4160237312316895,0.4316919025219025,5.960464477539063e-08,0.0,False,0.8514065146446228,0.7395223023332798,3.2528319358825684,0.4075874090194702,0.500001072883606,5
8,10,0.061493419036699276,0.8336905837059021,1.416845440864563,0.8766614440116399,1.4901161193847656e-07,0.0,False,0.8407330513000488,0.7302514498665895,3.1591296195983887,0.4202768802642822,0.500003457069397,5
8,11,0.07830599564978857,0.8425725102424622,1.4212863445281982,2.5865431494378717,8.940696716308594e-08,0.0,False,0.9028590321540833,0.784213391202058,3.677342414855957,0.35965514183044434,0.50018709897995,2
8,12,0.010004440900156321,0.8255710601806641,1.412785530090332,2.141164997146105,0.0,0.0,False,0.800135612487793,0.6949889625554543,2.9311892986297607,0.453241765499115,0.5,5
8,13,0.012187627382233338,0.8432677388191223,1.4216339588165283,0.035298007446147237,8.940696716308594e-08,0.0,False,0.8020043969154358,0.6966121680850383,2.9489529132843018,0.45230934023857117,0.5,5
8,14,0.05538171313067457,0.8239057660102844,1.4119529724121094,1.9065858008821024,8.940696716308594e-08,0.0,False,0.9388928413391113,0.8155119601840828,4.015214920043945,0.32680293917655945,0.5001318454742432,3
8,15,0.05836556516517049,0.8317215442657471,1.4158605337142944,2.4105561869706182,2.384185791015625e-07,0.0,False,0.8724582195281982,0.7578075808644649,3.454221248626709,0.3829314112663269,0.5000002384185791,5
8,16,-0.012724193802690735,0.818122923374176,1.4090614318847656,0.9863136875999464,2.9802322387695312e-08,0.0,False,0.8030719757080078,0.6975394552422602,2.9359774589538574,0.45167428255081177,0.5000401735305786,5
8,17,0.0013055768485298073,0.8155860900878906,1.4077931642532349,1.0227947986434593,1.1920928955078125e-07,0.0,False,0.898497462272644,0.780424979738169,3.791212320327759,0.34633710980415344,0.5000044107437134,5
8,18,0.0002366294877577356,0.8085108995437622,1.4042553901672363,0.5006525410779253,5.960464477539063e-08,0.0,False,0.827983021736145,0.719176914899176,3.0221755504608154,0.43737664818763733,0.500056266784668,5
8,19,0.022975955769642488,0.8289688229560852,1.4144845008850098,2.4605837073901853,8.940696716308594e-08,0.0,False,0.9192267656326294,0.7984302238640494,3.8056094646453857,0.3459955155849457,0.5000271797180176,2
8,20,0.015165296825402371,0.8177676200866699,1.408883810043335,2.4896068704740437,0.0,0.0,False,0.80830979347229,0.7020889659467454,2.9565589427948,0.44839274883270264,0.5000030994415283,5
8,21,-0.0014765772095730522,0.8207094669342041,1.4103546142578125,0.786268572414472,1.1920928955078125e-07,0.0,False,0.923068642616272,0.8017672358123435,3.783508539199829,0.34746742248535156,0.5000041723251343,7
8,22,-0.00985740846285264,0.8159874677658081,1.4079937934875488,1.800996366523068,5.960464477539063e-08,0.0,False,0.8326104879379272,0.7231962809724317,3.0496904850006104,0.4340701997280121,0.5002245903015137,5
8,23,0.026439414632251305,0.8141072392463684,1.407053828239441,0.4721897299839619,2.086162567138672e-07,0.0,False,0.8923943638801575,0.77512389582943,3.455634593963623,0.3812335431575775,0.5000006556510925,5
8,24,-0.004408708936389075,0.7837849855422974,1.391892433166504,1.7325008874883199,5.960464477539063e-08,0.0,False,0.9282163977622986,0.8062385191205604,3.7036728858947754,0.3523029685020447,0.5000209212303162,7
9,1,0.0045273644577284115,0.7927992939949036,1.3963996171951294,1.4625425612820044,2.9802322387695312e-08,0.0,False,0.9203029274940491,0.7993649661801481,3.6524288654327393,0.3581787049770355,0.5000001192092896,2
9,2,0.031989368958068906,0.8293773531913757,1.4146885871887207,0.6112881097698677,8.940696716308594e-08,0.0,False,1.0099384784698486,0.8772214165224428,4.614596366882324,0.2827799320220947,0.4999999701976776,2
9,3,-0.009274556025773982,0.8233576416969299,1.4116787910461426,1.5706427205022158,2.9802322387695312e-08,0.0,False,0.9290081858634949,0.8069262575269328,3.555624008178711,0.37088388204574585,0.5001513361930847,7
9,4,0.06701171409693381,0.8072957992553711,1.4036478996276855,1.2367697336619687,0.0,0.0,False,0.921225368976593,0.800166188671643,3.7994706630706787,0.34491249918937683,0.500042200088501,7
9,5,0.009437996290073063,0.8112548589706421,1.4056274890899658,1.4078827281873791,5.960464477539063e-08,0.0,False,0.8998720645904541,0.7816189441410417,3.354588747024536,0.3928871154785156,0.5000091791152954,7
9,6,0.05291917520362932,0.8053078055381775,1.4026540517807007,0.4335553648946109,1.4901161193847656e-07,0.0,False,0.9710198640823364,0.8434171375788087,3.8755147457122803,0.3377162218093872,0.5001184940338135,7
9,7,-0.011502752068678316,0.8031636476516724,1.401581883430481,1.235539346764279,5.960464477539063e-08,0.0,False,0.97586989402771,0.8476298200634912,4.065983295440674,0.3210902512073517,0.500001847743988,5
9,8,0.015836166408238005,0.8128703832626343,1.406435251235962,2.64067164513388,5.960464477539063e-08,0.0,False,0.9388509392738342,0.8154755645126225,3.6604397296905518,0.35900211334228516,0.5000207424163818,2
9,9,0.03212538553445527,0.8198416233062744,1.4099206924438477,0.2143727249561745,1.1920928955078125e-07,0.0,False,0.9360135197639465,0.8130110132406447,3.8841309547424316,0.33802610635757446,0.5000001192092896,2
9,10,0.037924621864198864,0.7859142422676086,1.3929572105407715,2.336197621464038,8.940696716308594e-08,0.0,False,0.8828675746917725,0.7668490318798877,3.2321884632110596,0.4058590233325958,0.5000178813934326,6
9,11,0.03050150121181573,0.7963249683380127,1.3981624841690063,0.9935609030192789,0.0,0.0,False,1.0086666345596313,0.8761167069383435,4.362694263458252,0.29786455631256104,0.5000002980232239,7
9,12,0.020843493427986567,0.8120492100715637,1.406024694442749,2.1291444259872465,8.940696716308594e-08,0.0,False,0.9299817681312561,0.807771900340068,3.5917646884918213,0.3660690486431122,0.5000778436660767,6
9,13,-0.02227553893339981,0.829848051071167,1.4149240255355835,1.5974775006399742,0.0,0.0,False,0.9056892991065979,0.7866717298416385,3.903144121170044,0.33704671263694763,0.5000001192092896,5
9,14,0.07035183185100304,0.8276140093803406,1.4138070344924927,1.8610644367310234,2.9802322387695312e-08,0.0,False,0.9537353515625,0.8284040007593034,3.8978288173675537,0.33735477924346924,0.500241756439209,2
9,15,0.020650077858926454,0.7937080264091492,1.3968538045883179,1.6089539920900622,2.086162567138672e-07,0.0,False,1.0344364643096924,0.8985000966584191,4.580221652984619,0.2829071879386902,0.5000009536743164,3
9,16,0.0541082144242041,0.7911836504936218,1.3955917358398438,2.1729034553377944,8.940696716308594e-08,0.0,False,0.9503995180130005,0.8255065325531127,3.756803035736084,0.34771937131881714,0.5000000596046448,6
9,17,0.056054987544296934,0.7911047339439392,1.3955522775650024,0.9400278736921922,8.940696716308594e-08,0.0,False,0.892468273639679,0.775188093030868,3.307471990585327,0.39679020643234253,0.500471830368042,6
9,18,0.03127228026573518,0.800207257270813,1.4001036882400513,2.5550101591878733,5.960464477539063e-08,0.0,False,0.9387308359146118,0.8153712440602857,3.9424569606781006,0.33137083053588867,0.5000022053718567,2
9,19,-0.02589022445650839,0.8002706170082092,1.4001351594924927,1.7086530723941482,1.4901161193847656e-07,0.0,False,0.9475266933441162,0.8230112287507687,3.806915521621704,0.34366846084594727,0.5000002980232239,6
9,20,0.004816899762171245,0.8140416741371155,1.4070208072662354,1.5880689300922874,2.9802322387695312e-08,0.0,False,0.8348069190979004,0.7251040768377451,3.049703598022461,0.4338740110397339,0.5000004768371582,6
9,21,0.04415471971163532,0.8386106491088867,1.419305443763733,2.4341711733718014,1.1920928955078125e-07,0.0,False,0.8619883060455322,0.7487135295614122,3.2441623210906982,0.40933191776275635,0.5000782608985901,2
9,22,0.02806186312768369,0.813802182674408,1.406901240348816,1.9783910002719158,1.4901161193847656e-07,0.0,False,0.9807732105255127,0.851888786659533,3.8353779315948486,0.3420482873916626,0.5000040531158447,6
9,23,0.006934742714326322,0.7931082844734192,1.3965542316436768,1.4224104529280097,8.940696716308594e-08,0.0,False,0.8874952793121338,0.7708686050408899,3.2572197914123535,0.40332555770874023,0.5000641345977783,6
9,24,0.003958232520392542,0.8265800476074219,1.413290023803711,1.4845078857359362,0.0,0.0,False,0.8100026249885559,0.7035593407193578,2.9675393104553223,0.4475823938846588,0.50121009349823,4
10,1,0.022701953021604663,0.7855340242385864,1.3927669525146484,1.6543369133557595,5.960464477539063e-08,0.0,False,0.8325237035751343,0.7231209010326788,3.023353338241577,0.4347844123840332,0.5000185370445251,7
10,2,0.006210518083093907,0.7831733822822571,1.3915866613388062,0.07437696398713935,2.9802322387695312e-08,0.0,False,0.8413418531417847,0.7307802484274664,3.05058217048645,0.43053531646728516,0.5000488758087158,7
10,3,0.024045005346746653,0.8003501892089844,1.4001750946044922,0.024045195376749488,0.0,0.0,False,0.8358576893806458,0.7260167643088336,3.042574882507324,0.433502197265625,0.5000129342079163,7
10,4,-0.02706745284308324,0.7945093512535095,1.3972547054290771,0.27648376087045173,2.9802322387695312e-08,0.0,False,0.8241244554519653,0.7158254068086217,2.9944703578948975,0.4400630593299866,0.5001775026321411,7
10,5,-0.026469679549015496,0.8015508651733398,1.40077543258667,0.43159414429865983,0.0,0.0,False,0.9166791439056396,0.7962173877480325,3.4326860904693604,0.3827641010284424,0.5000001788139343,7
10,6,0.006866912780911182,0.837024450302124,1.4185123443603516,0.7734425537634618,1.1920928955078125e-07,0.0,False,0.9327602386474609,0.8101852491667052,3.8418242931365967,0.34320002794265747,0.5000016093254089,7
10,7,0.013632345768599424,0.8352195620536804,1.4176099300384521,0.37468051109471656,1.4901161193847656e-07,0.0,False,0.9334794282913208,0.8108099293542459,3.8509371280670166,0.3422178328037262,0.5000016689300537,7
10,8,0.0031535823675318164,0.8387432098388672,1.4193716049194336,0.38273964411273614,0.0,0.0,False,0.8793754577636719,0.7638158176558176,3.448181390762329,0.3842378854751587,0.5,7
10,9,0.01715716417698679,0.8255971074104309,1.4127986431121826,1.470879909293447,8.940696716308594e-08,0.0,False,0.8098143339157104,0.7033957931715009,2.9657270908355713,0.44779589772224426,0.5000000596046448,5
10,10,-0.0019605741607618,0.8205369114875793,1.4102685451507568,1.3235616547635571,8.940696716308594e-08,0.0,False,0.847671389579773,0.7362780139235141,3.1103615760803223,0.42578521370887756,0.5000265836715698,7
10,11,0.016483786120268275,0.8412004113197327,1.420600175857544,1.2997032323108497,2.9802322387695312e-08,0.0,False,0.8062977194786072,0.7003413006814705,2.9623630046844482,0.44997507333755493,0.5000000596046448,7
10,12,-0.0010079175633672557,0.800847589969635,1.4004237651824951,1.192293450879297,2.9802322387695312e-08,0.0,False,0.906740665435791,0.7875849350320934,3.4186975955963135,0.38432425260543823,0.5000013113021851,7
10,13,-0.014785246934096151,0.7864025831222534,1.3932013511657715,1.5878539141309806,5.960464477539063e-08,0.0,False,0.9068533182144165,0.7876827839923496,3.7682247161865234,0.34624576568603516,0.5000090003013611,5
10,14,0.021821818626824533,0.8338882327079773,1.416944146156311,0.37290194257427545,2.9802322387695312e-08,0.0,False,0.8587066531181335,0.7458631220456304,3.264209508895874,0.4062872529029846,0.5000007748603821,5
10,15,0.07831168928626779,0.7812397480010986,1.3906198740005493,2.474845761381389,0.0,0.0,False,0.9157458543777466,0.7954067427640684,3.431119918823242,0.38109272718429565,0.5012502074241638,2
10,16,0.1012647273183115,0.8146074414253235,1.407303810119629,2.2830598199897483,8.940696716308594e-08,0.0,False,0.9720209836959839,0.8442866990266731,3.786242723464966,0.34673428535461426,0.5000235438346863,6
10,17,0.0004597488072325901,0.803255558013916,1.401627779006958,2.402016666988704,0.0,0.0,False,0.8861871361732483,0.7697323663473747,3.297330141067505,0.3992084860801697,0.5000011324882507,2
10,18,0.02138914969740789,0.8011198043823242,1.400559902191162,0.5540009827033716,0.0,0.0,False,0.9925703406333923,0.8621356436758267,4.3891425132751465,0.29629066586494446,0.5,2
10,19,-0.008108821890313011,0.7693416476249695,1.3846708536148071,1.5251427069525343,2.9802322387695312e-08,0.0,False,0.8515392541885376,0.7396375984361848,3.098750114440918,0.42221033573150635,0.500003457069397,7
10,20,0.04471285424489696,0.773510754108429,1.3867554664611816,0.9765226607146984,8.940696716308594e-08,0.0,False,1.0051727294921875,0.8730819395561742,4.314432144165039,0.29971128702163696,0.5054286122322083,2
10,21,0.005036378130250759,0.8170255422592163,1.408512830734253,1.2966975940252485,5.960464477539063e-08,0.0,False,0.8247973918914795,0.7164099119733269,3.0139081478118896,0.43950819969177246,0.5000318288803101,7
10,22,0.029942379387149158,0.81859290599823,1.4092965126037598,0.33460547301561416,5.960464477539063e-08,0.0,False,0.8704937696456909,0.7561012813765681,3.2282233238220215,0.4095214903354645,0.5001508593559265,7
10,23,-0.003348715494483784,0.8144322037696838,1.4072160720825195,2.58266717028184,2.9802322387695312e-08,0.0,False,0.8566751480102539,0.7440985791290097,3.145714521408081,0.4202272593975067,0.5002358555793762,5
10,24,0.006546620605432525,0.7957936525344849,1.3978968858718872,2.6802169502729734,5.960464477539063e-08,0.0,False,0.8591174483299255,0.7462199342329775,3.1800944805145264,0.41370174288749695,0.5001639723777771,2
11,1,0.09970026534411468,0.8063191175460815,1.4031596183776855,1.395595213132245,5.960464477539063e-08,0.0,False,0.9925364255905151,0.8621061854438765,4.3068366050720215,0.30255305767059326,0.5001317858695984,6
11,2,0.06711281149772583,0.8241761326789856,1.41208815574646,1.9168968007223772,8.940696716308594e-08,0.0,False,0.9232763051986694,0.8019476092396096,3.8803865909576416,0.3386889398097992,0.5000009536743164,2
11,3,-0.04479126552109486,0.8085957169532776,1.4042978286743164,1.9004185506390505,2.9802322387695312e-08,0.0,False,0.916386067867279,0.7959628251355563,3.669222593307495,0.3577631115913391,0.5000030994415283,6
11,4,0.016129578637137654,0.822348952293396,1.4111745357513428,1.686855711900275,5.960464477539063e-08,0.0,False,0.8375805616378784,0.7275132321375143,3.068202495574951,0.4320194721221924,0.5000287294387817,6
11,5,0.08496199457463822,0.8345553874969482,1.4172778129577637,2.6687391766531574,1.1920928955078125e-07,0.0,False,0.8551465272903442,0.7427708360418501,3.208678960800171,0.4136349558830261,0.5001641511917114,2
11,6,0.06299088642361922,0.8144403696060181,1.4072201251983643,2.2402991870174986,5.960464477539063e-08,0.0,False,0.9659456014633179,0.8390096890684733,3.8569834232330322,0.34010034799575806,0.5000000596046448,6
11,7,0.0161619417319267,0.8135825395584106,1.40679132938385,1.4148042701218928,5.960464477539063e-08,0.0,False,0.9395074248313904,0.8160457806228141,3.5474300384521484,0.37094467878341675,0.5003288388252258,6
11,8,0.012751662215591118,0.827843189239502,1.4139217138290405,1.5536030739308424,1.1920928955078125e-07,0.0,False,0.8084438443183899,0.7022054010322567,2.961284875869751,0.44872263073921204,0.5002052783966064,4
11,9,0.017858614676702175,0.8275444507598877,1.4137723445892334,2.757324350333413,1.1920928955078125e-07,0.0,False,0.9107982516288757,0.7911093096191004,3.8560335636138916,0.34117260575294495,0.5000011920928955,2
11,10,0.04256396902473598,0.8142244219779968,1.4071121215820312,2.2550139572148993,8.940696716308594e-08,0.0,False,0.935685932636261,0.812726474676852,3.5857625007629395,0.36688607931137085,0.5001099109649658,6
11,11,0.018255182988953962,0.8251108527183533,1.412555456161499,0.8227563696889751,2.9802322387695312e-08,0.0,False,1.0379163026809692,0.9015226458635406,4.209014892578125,0.31116682291030884,0.5000252723693848,6
11,12,0.022581572880918402,0.8211765289306641,1.4105883836746216,1.753465584416489,1.1920928955078125e-07,0.0,False,0.9723458290100098,0.8445688560813802,4.113437652587891,0.31846439838409424,0.5001177787780762,1
11,13,0.010350797514545637,0.8216436505317688,1.4108219146728516,0.7109698480265395,8.940696716308594e-08,0.0,False,0.811455249786377,0.7048210745872968,2.9677023887634277,0.4470624625682831,0.5001873970031738,1
11,14,0.01814619392672767,0.8187409043312073,1.4093703031539917,2.6253576238410434,1.4901161193847656e-07,0.0,False,0.8325413465499878,0.7231362255259253,3.047847032546997,0.43462803959846497,0.5001170039176941,5
11,15,-0.03243905395552482,0.7851662635803223,1.3925832509994507,2.6340629226081065,1.1920928955078125e-07,0.0,False,0.9156484603881836,0.7953221474195928,3.493663787841797,0.37440788745880127,0.5000489354133606,7
11,16,0.03474739951529686,0.8285666108131409,1.4142831563949585,1.3794068074074606,1.4901161193847656e-07,0.0,False,0.8501632809638977,0.7384424432787694,3.231466293334961,0.41005000472068787,0.5000017881393433,2
11,17,-0.01410876509015634,0.807343065738678,1.4036715030670166,1.404058093877176,2.9802322387695312e-08,0.0,False,0.972149133682251,0.8443980086904567,3.9197778701782227,0.3335326910018921,0.5129591822624207,1
11,18,0.010961076959483451,0.8246244788169861,1.4123122692108154,0.7708644011598678,2.9802322387695312e-08,0.0,False,0.9607941508293152,0.8345351959001845,3.8877193927764893,0.3380558490753174,0.5000002384185791,5
11,19,-0.009899453660378893,0.8177772164344788,1.408888578414917,1.2934474130896803,2.9802322387695312e-08,0.0,False,0.8203299045562744,0.7125295017780225,3.0230135917663574,0.43822014331817627,0.5000013113021851,7
11,20,0.021615382079116056,0.8065158128738403,1.403257966041565,0.3844565423934628,5.960464477539063e-08,0.0,False,0.8484026193618774,0.7369131520422567,3.170593738555908,0.4160461127758026,0.5000009536743164,5
11,21,0.01239524703194703,0.8091591596603394,1.404579520225525,0.368154698635919,5.960464477539063e-08,0.0,False,0.8165789842605591,0.7092714938050464,2.9817326068878174,0.44356876611709595,0.5000961422920227,7
11,22,0.00239558623016605,0.8286256194114685,1.4143128395080566,0.06784893502127157,2.9802322387695312e-08,0.0,False,0.7993466854095459,0.6943037092020408,2.929873466491699,0.45378127694129944,0.5000039935112,5
11,23,-0.00574568014103308,0.8069741129875183,1.403486967086792,1.056269502386892,8.940696716308594e-08,0.0,False,0.8887054920196533,0.7719197824424997,3.6007182598114014,0.3647037148475647,0.5000001192092896,5
11,24,0.02744910563930275,0.7710280418395996,1.3855141401290894,0.36409804566137366,1.1920928955078125e-07,0.0,False,0.7967431545257568,0.6920423110094522,2.8837649822235107,0.45484659075737,0.5000220537185669,5
12,1,0.03829403699863552,0.8439962863922119,1.4219980239868164,1.2463797543730055,1.1920928955078125e-07,0.0,False,1.0007597208023071,0.869248848910962,4.004465579986572,0.32914385199546814,0.5000001192092896,7
12,2,-0.0016277114359630773,0.8373278975486755,1.4186639785766602,1.1073918344738212,2.9802322387695312e-08,0.0,False,0.8012959957122803,0.6959968586180302,2.942275285720825,0.45273733139038086,0.5000011920928955,7
12,3,-0.007956615920012953,0.7981679439544678,1.3990840911865234,0.4414073914100706,1.1920928955078125e-07,0.0,False,0.8553021550178528,0.7429060125684264,3.2559642791748047,0.40397220849990845,0.5000036358833313,5
12,4,0.06721627459191158,0.8181160688400269,1.4090580940246582,0.8855956899013334,5.960464477539063e-08,0.0,False,0.8347011804580688,0.7250122334221395,3.104377269744873,0.4263908267021179,0.5000132918357849,5
12,5,0.08330021481471883,0.8323256969451904,1.4161628484725952,2.592574199191883,0.0,0.0,False,0.8959336876869202,0.7781981134273217,3.54225492477417,0.3730916678905487,0.5001837015151978,2
12,6,0.010463277386918886,0.8347348570823669,1.4173674583435059,2.216941244352061,2.9802322387695312e-08,0.0,False,0.80107182264328,0.695802144364314,2.9405014514923096,0.452742338180542,0.5000001192092896,5
12,7,0.013706174222062297,0.840285062789917,1.420142650604248,0.031011973254658768,1.1920928955078125e-07,0.0,False,0.8011873364448547,0.695902478377529,2.944053888320923,0.452769935131073,0.5000001192092896,5
12,8,0.06427311257258624,0.8131909370422363,1.4065954685211182,2.1084759263551334,0.0,0.0,False,0.9132859110832214,0.793270063166854,3.6945536136627197,0.3555793762207031,0.5000847578048706,3
12,9,0.06425402415461912,0.8278030753135681,1.4139015674591064,2.4762089721708214,2.9802322387695312e-08,0.0,False,0.8585578203201294,0.7457338475198316,3.311821222305298,0.39967355132102966,0.5000002384185791,5
12,10,-0.011164429787353786,0.8094429969787598,1.4047214984893799,1.2355186213982865,0.0,0.0,False,0.8023068904876709,0.6968749106635042,2.92722487449646,0.4521244764328003,0.5000408887863159,5
12,11,0.0011838327430220138,0.8075854182243347,1.4037927389144897,1.1816836762200134,2.9802322387695312e-08,0.0,False,0.9017696380615234,0.7832671555160245,3.8286170959472656,0.34220269322395325,0.5000032782554626,5
12,12,0.0015754273949658542,0.7980976700782776,1.3990488052368164,0.4849915117167853,2.9802322387695312e-08,0.0,False,0.8552230000495911,0.7428372594365638,3.13895845413208,0.41953909397125244,0.5000063180923462,5
12,13,0.025579967819595883,0.8356330990791321,1.4178166389465332,2.4539378122404085,8.940696716308594e-08,0.0,False,0.9204562902450562,0.7994981753731317,3.7823050022125244,0.3487294316291809,0.5000188946723938,2
12,14,0.01721654316766486,0.8279502391815186,1.4139752388000488,2.47323451795935,1.1920928955078125e-07,0.0,False,0.8055416941642761,0.6996846254370841,2.951129674911499,0.450334370136261,0.5000123977661133,5
12,15,-0.001531682133877966,0.8311944603919983,1.4155972003936768,1.0883741210673554,2.9802322387695312e-08,0.0,False,0.9050641059875488,0.7861286939981847,3.561105489730835,0.3709494173526764,0.5000008940696716,7
12,16,-0.011217844047874525,0.8236342072486877,1.4118170738220215,2.0265311141241726,2.9802322387695312e-08,0.0,False,0.879233717918396,0.7636927039904794,3.27152681350708,0.40438589453697205,0.500043511390686,5
12,17,0.0233292878406538,0.8150059580802917,1.4075030088424683,0.7859325700763494,2.9802322387695312e-08,0.0,False,0.9184619188308716,0.7977658863730399,3.7442731857299805,0.35081326961517334,0.5000008940696716,5
12,18,-0.0008037647535561231,0.7999112010002136,1.3999555110931396,1.8316560449540598,8.940696716308594e-08,0.0,False,0.904217004776001,0.7853929112346071,3.463090658187866,0.3791366517543793,0.5000085830688477,7
12,19,0.006018592028964975,0.8361026644706726,1.4180512428283691,1.394636917664167,8.940696716308594e-08,0.0,False,0.8378720879554749,0.7277664486796377,3.1072282791137695,0.42778557538986206,0.500004231929779,5
12,20,-0.017909518318050308,0.8351020812988281,1.4175509214401245,2.7220761412213577,1.1920928955078125e-07,0.0,False,0.8449453711509705,0.7339102244011232,3.173128366470337,0.41849395632743835,0.5000000596046448,2
12,21,0.05218173482185182,0.8410912752151489,1.4205456972122192,0.022652324885819294,5.960464477539063e-08,0.0,False,0.8437709808349609,0.732890161933436,3.177908182144165,0.4184204936027527,0.5000019073486328,2
12,22,-0.004200306744999796,0.8135699033737183,1.406785011291504,2.239735843108952,5.960464477539063e-08,0.0,False,0.9209743142127991,0.7999481252745005,3.5637028217315674,0.36918285489082336,0.5003859996795654,5
12,23,-0.006294664988538966,0.815775990486145,1.4078879356384277,0.5011800246388706,5.960464477539063e-08,0.0,False,0.8418806791305542,0.7312482667347238,3.1079626083374023,0.42564743757247925,0.5000007152557373,5
12,24,0.010163774521216938,0.8304463028907776,1.4152231216430664,0.06687217987936361,2.9802322387695312e-08,0.0,False,0.8104125261306763,0.7039153763276552,2.972039222717285,0.44732701778411865,0.5000002384185791,5
13,1,0.1048826526660292,0.8070459365844727,1.4035230875015259,1.516653792001307,1.1920928955078125e-07,0.0,False,0.8866574764251709,0.7701408986994287,3.532413959503174,0.3720300793647766,0.5001540184020996,2
13,2,0.07524390446733578,0.8117045760154724,1.405852198600769,1.940045538860107,8.940696716308594e-08,0.0,False,0.9800643920898438,0.8512731147889684,3.8377487659454346,0.34166863560676575,0.500000536441803,6
13,3,0.020698029823139105,0.8109275102615356,1.4054635763168335,1.3527555091017611,1.7881393432617188e-07,0.0,False,0.9451838731765747,0.8209762810090588,3.5791332721710205,0.3673129081726074,0.5002331733703613,6
13,4,0.015666640010620996,0.8209667801856995,1.410483479499817,1.5512035996697382,8.940696716308594e-08,0.0,False,0.8087696433067322,0.7024883864379501,2.959148406982422,0.4483267068862915,0.5001135468482971,4
13,5,0.022638644635177674,0.8408680558204651,1.4204339981079102,2.730414555618367,2.9802322387695312e-08,0.0,False,0.9501382112503052,0.8252795643828675,4.11402702331543,0.31976237893104553,0.5,1
13,6,0.05146397066610919,0.8031268119812012,1.4015634059906006,2.3978727039735306,0.0,0.0,False,0.8437809944152832,0.7328988596187922,3.085139036178589,0.4276139736175537,0.5000008344650269,7
13,7,0.025398024182093363,0.8328882455825806,1.4164440631866455,0.6187237439089199,5.960464477539063e-08,0.0,False,0.9697256088256836,0.8422929617465315,3.74922251701355,0.35172563791275024,0.5000101327896118,6
13,8,0.022740639880285973,0.8271042704582214,1.413552165031433,1.287644416249735,2.9802322387695312e-08,0.0,False,0.9949010610580444,0.864160081714398,4.1454691886901855,0.31629621982574463,0.500005304813385,6
13,9,0.014331295220184616,0.8171675205230713,1.4085838794708252,1.2137955950714814,1.1920928955078125e-07,0.0,False,0.8604191541671753,0.7473505815573351,3.2376718521118164,0.4081529676914215,0.5000002384185791,1
13,10,0.02350370813559875,0.844070315361023,1.4220353364944458,2.509719460909758,1.7881393432617188e-07,0.0,False,0.9395178556442261,0.8160548407117267,3.790560007095337,0.34857961535453796,0.5000150203704834,5
13,11,-0.037400894749228905,0.7956418395042419,1.3978209495544434,2.2675145795467104,2.9802322387695312e-08,0.0,False,0.9158236384391785,0.7954743051413882,3.453099250793457,0.37989580631256104,0.5000205039978027,7
13,12,0.04261176277673159,0.8364536762237549,1.4182268381118774,1.4759106336565546,0.0,0.0,False,0.853995144367218,0.7417707575417075,3.195190906524658,0.41563114523887634,0.5000002384185791,2
13,13,-0.004607303454455333,0.7968881726264954,1.3984441757202148,1.3466407945461814,8.940696716308594e-08,0.0,False,0.9678972363471985,0.8407048575899918,3.8906733989715576,0.3356460928916931,0.5025494694709778,1
13,14,0.014646143521966469,0.8276700973510742,1.413834810256958,0.8097205434976339,2.384185791015625e-07,0.0,False,0.953991174697876,0.8286262059113774,4.061905384063721,0.32314467430114746,0.5000001192092896,5
13,15,-0.010195012891366302,0.8334591388702393,1.41672945022583,0.8436437518366071,1.1920928955078125e-07,0.0,False,0.829282283782959,0.7203054395741313,3.078866481781006,0.4315974712371826,0.5000011324882507,7
13,16,0.026273813890975217,0.8229756951332092,1.4114879369735718,0.1075152473911288,8.940696716308594e-08,0.0,False,0.8080061674118042,0.7018252397014834,2.957810163497925,0.44875380396842957,0.5000027418136597,7
13,17,0.020693681103434256,0.8310823440551758,1.415541172027588,0.3244027671962984,0.0,0.0,False,0.8453356027603149,0.7342491752703282,3.116682291030884,0.42594411969184875,0.5000061392784119,7
13,18,0.0034383113259497783,0.8276597261428833,1.4138298034667969,0.34562987467279443,5.960464477539063e-08,0.0,False,0.7967509031295776,0.6920490413612159,2.9202258586883545,0.45522451400756836,0.5000025629997253,7
13,19,-0.005481681048699975,0.8352757096290588,1.417637825012207,0.5647805826207147,2.9802322387695312e-08,0.0,False,0.8853656649589539,0.7690188455165539,3.60101318359375,0.3670089840888977,0.5000007152557373,5
13,20,0.031701487378313506,0.8013509511947632,1.4006755352020264,0.8393714447083556,5.960464477539063e-08,0.0,False,0.8128691911697388,0.7060492084683542,2.97538685798645,0.4437127113342285,0.5000039935112,5
13,21,0.0377662849306354,0.8466453552246094,1.4233224391937256,2.616401665136124,2.384185791015625e-07,0.0,False,0.9592834711074829,0.8332230361659547,3.9497408866882324,0.3340737521648407,0.5009934902191162,2
13,22,0.003696922791738629,0.8164366483688354,1.4082183837890625,1.9914578210236913,5.960464477539063e-08,0.0,False,0.8100219964981079,0.703576166598767,2.9700472354888916,0.4461493492126465,0.5000000596046448,5
13,23,0.004929060104145051,0.8358629941940308,1.4179315567016602,0.053177980093678336,5.960464477539063e-08,0.0,False,0.8055237531661987,0.6996690420841545,2.9589712619781494,0.44994300603866577,0.5000000596046448,5
13,24,0.031113115118136695,0.8083178400993347,1.4041589498519897,2.4614534217285193,2.9802322387695312e-08,0.0,False,0.849197506904602,0.7376035825893346,3.1513044834136963,0.4188576638698578,0.5000033378601074,2
14,1,0.04572071704817969,0.8274045586585999,1.4137022495269775,1.2944113527025496,2.9802322387695312e-08,0.0,False,1.0022556781768799,0.8705482209768408,4.132267951965332,0.3173740804195404,0.4999999701976776,2
14,2,0.03487607873461537,0.8294492959976196,1.4147247076034546,2.410372797182469,5.960464477539063e-08,0.0,False,0.9984225034713745,0.8672187677312966,4.010241508483887,0.3276169002056122,0.5002128481864929,6
14,3,-0.026486281887597215,0.826972246170044,1.4134860038757324,1.7398935420421793,1.1920928955078125e-07,0.0,False,0.8961337804794312,0.778371911818634,3.440715789794922,0.3840777277946472,0.500003457069397,7
14,4,0.10353779048750761,0.8244535326957703,1.412226915359497,2.055094903768592,1.4901161193847656e-07,0.0,False,0.9407234787940979,0.817102031674215,3.8246827125549316,0.3438548743724823,0.5000179409980774,2
14,5,0.03329827078136262,0.8078312873840332,1.4039156436920166,1.8092201289802203,0.0,0.0,False,0.9525286555290222,0.8273558779019555,3.7313249111175537,0.3515128195285797,0.5000004172325134,7
14,6,0.07150843886478847,0.8143359422683716,1.407167911529541,2.336323913671924,5.960464477539063e-08,0.0,False,0.9941458702087402,0.8635041312771247,4.004560470581055,0.3270321190357208,0.5000004768371582,6
14,7,0.07668002746403065,0.81718909740448,1.4085946083068848,1.2657962760044743,5.960464477539063e-08,0.0,False,0.9683109521865845,0.8410642066022344,3.784820795059204,0.3469843864440918,0.5029858946800232,6
14,8,0.041611134412035435,0.8157259225845337,1.4078630208969116,2.4412516268193447,5.960464477539063e-08,0.0,False,0.9750846028327942,0.8469477247982129,4.206021308898926,0.3107754588127136,0.5000002384185791,2
14,9,-0.033412185426092283,0.7914118766784668,1.3957059383392334,1.8866918918736213,0.0,0.0,False,0.8943182229995728,0.7767949386284726,3.507385492324829,0.3734356164932251,0.5000090599060059,6
14,10,0.008545556739681682,0.8069087266921997,1.4034544229507446,1.691843271555223,5.960464477539063e-08,0.0,False,0.8315802812576294,0.7223014548194853,3.033041000366211,0.4355926513671875,0.5000447034835815,6
14,11,0.06104496013881623,0.8306561708450317,1.4153279066085815,2.4405930999251573,1.7881393432617188e-07,0.0,False,0.8511823415756226,0.7393275880795636,3.1681551933288574,0.41873571276664734,0.5002147555351257,2
14,12,0.0408014723189064,0.8103664517402649,1.4051834344863892,2.2143338602243547,2.086162567138672e-07,0.0,False,0.9677774906158447,0.840600847769275,3.806060552597046,0.34452882409095764,0.5000003576278687,6
14,13,0.010221035428123809,0.8009543418884277,1.4004770517349243,1.400879773923696,1.1920928955078125e-07,0.0,False,0.9360196590423584,0.813016345750119,3.513328790664673,0.3735981285572052,0.5003185272216797,6
14,14,0.006697108222942797,0.8282926082611084,1.4141464233398438,1.559799339644232,1.1920928955078125e-07,0.0,False,0.8103512525558472,0.7038621547767857,2.9685633182525635,0.447625070810318,0.5005059838294983,4
14,15,0.010785509689373113,0.8151785731315613,1.407589316368103,2.754997567743001,2.9802322387695312e-08,0.0,False,0.9018213748931885,0.7833120935570311,3.7901957035064697,0.3464024066925049,0.5000048875808716,2
14,16,0.03152478193554496,0.8084550499916077,1.4042274951934814,1.5606867035299925,2.9802322387695312e-08,0.0,False,1.02649986743927,0.891606456206589,4.216956615447998,0.30944788455963135,0.5000061988830566,6
14,17,0.009147408642733591,0.8049948215484619,1.402497410774231,0.9238325792557046,0.0,0.0,False,1.0384033918380737,0.9019457261297913,4.187328815460205,0.3114893138408661,0.5005254149436951,6
14,18,0.01274316839718232,0.7997723817825317,1.3998862504959106,2.013894382898564,5.960464477539063e-08,0.0,False,0.93204665184021,0.8095654355412091,3.6956117153167725,0.3543838858604431,0.500490665435791,1
14,19,0.005510024610852406,0.8131133317947388,1.4065566062927246,0.35316129545750635,5.960464477539063e-08,0.0,False,0.8085823059082031,0.7023256672410796,2.9518187046051025,0.4486234784126282,0.5004317164421082,1
14,20,0.009496955758706089,0.802995502948761,1.4014978408813477,2.615303748835762,8.940696716308594e-08,0.0,False,0.8266327977180481,0.7180041252183906,3.0160858631134033,0.4377017915248871,0.5003133416175842,5
14,21,-0.023691084718449225,0.7726507782936096,1.3863253593444824,2.6306117344657367,2.9802322387695312e-08,0.0,False,0.9354053139686584,0.8124827323991344,3.6342811584472656,0.3583545684814453,0.5000518560409546,7
14,22,0.021783990875075404,0.8217825889587402,1.4108914136886597,1.302942284023518,1.1920928955078125e-07,0.0,False,0.8508615493774414,0.7390489515165481,3.2403366565704346,0.40824413299560547,0.5000027418136597,2
14,23,-0.011533923158560288,0.7970566153526306,1.3985283374786377,1.7319131267821275,2.9802322387695312e-08,0.0,False,0.9821813106536865,0.8531118468907993,4.138130187988281,0.31467878818511963,0.505379855632782,1
14,24,0.005983076335496988,0.8145032525062561,1.4072514772415161,1.011027368352257,1.4901161193847656e-07,0.0,False,0.9129630923271179,0.7929896663579927,3.5167553424835205,0.37439286708831787,0.5000010132789612,5
15,1,0.04073806057044915,0.825969398021698,1.4129846096038818,1.5181256867945194,8.940696716308594e-08,0.0,False,0.9163205623626709,0.795905927777185,3.8093981742858887,0.3454090356826782,0.5000040531158447,2
15,2,0.04529630186007783,0.810202419757843,1.4051012992858887,1.637818231730501,8.940696716308594e-08,0.0,False,1.031825065612793,0.8962318645701935,4.172064781188965,0.31304827332496643,0.5000001192092896,6
15,3,0.0341379124596673,0.8411522507667542,1.4205762147903442,1.1049554954256664,8.940696716308594e-08,0.0,False,1.03909432888031,0.902545866419363,4.559928894042969,0.28703516721725464,0.5000000596046448,3
15,4,0.029287761970819937,0.8314225077629089,1.4157111644744873,2.469155508197784,8.940696716308594e-08,0.0,False,0.9780534505844116,0.8495264331904896,3.887645959854126,0.3385619521141052,0.5001211166381836,6
15,5,-0.024176231574831182,0.8214862942695618,1.410743236541748,1.7633991853823023,8.940696716308594e-08,0.0,False,0.8865058422088623,0.7700091908926077,3.4962944984436035,0.37726864218711853,0.5000006556510925,7
15,6,0.09153225999881726,0.8151611089706421,1.4075806140899658,1.9885383954261564,5.960464477539063e-08,0.0,False,0.9402568936347961,0.8166967609541695,3.8637726306915283,0.339529812335968,0.5000714659690857,2
15,7,0.029559381380412246,0.7957093715667725,1.3978546857833862,1.7602668528314303,0.0,0.0,False,0.9690796136856079,0.8417318574971892,3.8334999084472656,0.3408384323120117,0.5000003576278687,7
15,8,0.06595952480477177,0.809914231300354,1.4049570560455322,2.3627038679063403,5.960464477539063e-08,0.0,False,0.9889258742332458,0.8589701003816959,3.97497296333313,0.32925260066986084,0.5000002384185791,6
15,9,0.0699802879130059,0.8068215847015381,1.403410792350769,1.1839176774122149,0.0,0.0,False,0.9447506666183472,0.8206000025735338,3.620310068130493,0.36258769035339355,0.5018991231918335,6
15,10,0.03940124532476878,0.8076862692832947,1.4038432836532593,2.479684426023837,1.4901161193847656e-07,0.0,False,0.9646641612052917,0.8378966442025745,4.121554851531982,0.3168851137161255,0.5000004768371582,2
15,11,-0.030853248944582495,0.795780599117279,1.397890329360962,1.8542758399483572,2.9802322387695312e-08,0.0,False,0.9079364538192749,0.7886235836250355,3.6085188388824463,0.3629528284072876,0.5000051259994507,6
15,12,0.007228684920122132,0.8103114366531372,1.4051557779312134,1.6756068535952675,5.960464477539063e-08,0.0,False,0.8315951228141785,0.7223143460317095,3.0348496437072754,0.4356796145439148,0.5000157952308655,6
15,13,0.05586816187992602,0.8334380984306335,1.41671884059906,2.440245602243933,2.086162567138672e-07,0.0,False,0.8559341430664062,0.7434549504126575,3.1994409561157227,0.4147654175758362,0.5001524090766907,2
15,14,0.036243373386285915,0.812728226184845,1.4063642024993896,2.1558532677178612,8.940696716308594e-08,0.0,False,0.9687092304229736,0.8414101466828864,3.7617228031158447,0.34894153475761414,0.5000007748603821,6
15,15,0.008661404835693214,0.8005567789077759,1.4002784490585327,1.3711839899411857,5.960464477539063e-08,0.0,False,0.9230018854141235,0.8017092512433028,3.4414005279541016,0.38166552782058716,0.5002103447914124,6
15,16,0.006670577083764606,0.8257632851600647,1.41288161277771,1.5380134351480816,2.9802322387695312e-08,0.0,False,0.8100149035453796,0.7035700057383064,2.965751886367798,0.44779276847839355,0.5005768537521362,4
15,17,0.00957989701889917,0.8128543496131897,1.4064271450042725,2.7545269421418057,2.9802322387695312e-08,0.0,False,0.9012982249259949,0.782857691269111,3.8017852306365967,0.3451237380504608,0.5000075101852417,2
15,18,0.02858047825678257,0.8069276809692383,1.4034638404846191,1.4467143518208911,0.0,0.0,False,1.0288082361221313,0.8936114797689189,4.208946704864502,0.30996155738830566,0.5000007152557373,6
15,19,0.008670351313462986,0.7995243668556213,1.3997621536254883,0.935195602011995,2.9802322387695312e-08,0.0,False,1.0368943214416504,0.9006349642378509,4.171204090118408,0.31236767768859863,0.5008044838905334,6
15,20,0.011555905544795877,0.8015120029449463,1.4007561206817627,2.047524438051051,1.1920928955078125e-07,0.0,False,0.9146712422370911,0.7944733465183225,3.5971686840057373,0.3646030128002167,0.5006718635559082,1
15,21,0.004883187725305371,0.8126884698867798,1.4063441753387451,0.32260990282752644,5.960464477539063e-08,0.0,False,0.808143675327301,0.70194467755932,2.9500460624694824,0.44885528087615967,0.5004591345787048,2
15,22,0.009385727533771003,0.7992784380912781,1.3996391296386719,2.6147996356995127,8.940696716308594e-08,0.0,False,0.8256257772445679,0.7171294383487985,3.0098390579223633,0.43824443221092224,0.5003939867019653,5
15,23,-0.02135929386535779,0.7779295444488525,1.3889647722244263,2.635997773343153,0.0,0.0,False,0.9676181077957153,0.8404624096106902,3.926693916320801,0.3310910165309906,0.5000345706939697,7
15,24,0.020208905521974588,0.8224895000457764,1.4112448692321777,1.249533356582333,1.1920928955078125e-07,0.0,False,0.8575209379196167,0.7448332229099811,3.3030827045440674,0.40027859807014465,0.5000026226043701,2
16,1,0.01400481769803327,0.7705539464950562,1.3852770328521729,1.6503140085509844,5.960464477539063e-08,0.0,False,0.8204854726791382,0.712664626532662,3.0010170936584473,0.43651455640792847,0.5000003576278687,5
16,2,0.015010366290720483,0.817919135093689,1.4089596271514893,0.3202534845530347,5.960464477539063e-08,0.0,False,0.8158465027809143,0.7086352684756342,2.9815597534179688,0.44451475143432617,0.5004719495773315,7
16,3,0.08552700799208923,0.7996866106987,1.3998433351516724,2.219590062459079,2.9802322387695312e-08,0.0,False,0.8937026262283325,0.7762602380668184,3.439953565597534,0.3817592263221741,0.5000423789024353,2
16,4,0.07836872078355467,0.8046496510505676,1.402324914932251,2.4845720703617236,8.940696716308594e-08,0.0,False,0.8804987072944641,0.7647914598018646,3.518120765686035,0.37339726090431213,0.5,5
16,5,-0.013085905346577695,0.7638635039329529,1.3819317817687988,1.1183009134647093,2.9802322387695312e-08,0.0,False,0.824070155620575,0.7157782425743395,2.9746246337890625,0.4397730827331543,0.500022828578949,7
16,6,0.00416501837502628,0.7754517197608948,1.3877259492874146,1.282573199865576,8.940696716308594e-08,0.0,False,0.8892825245857239,0.7724209865611456,3.47223162651062,0.3759411573410034,0.5000110864639282,5
16,7,0.004091946968833599,0.7700605988502502,1.3850302696228027,0.27873691233671605,2.9802322387695312e-08,0.0,False,0.9230272769927979,0.801731306088313,3.5055508613586426,0.3717680275440216,0.5000240802764893,5
16,8,0.03588367987508976,0.8221782445907593,1.4110891819000244,2.2340540322295284,5.960464477539063e-08,0.0,False,0.9176145792007446,0.7970298965217157,3.572242259979248,0.36899513006210327,0.5000597834587097,2
16,9,0.021282374635742885,0.8178964853286743,1.4089481830596924,2.382040195632729,5.960464477539063e-08,0.0,False,0.8083394169807434,0.7021146965992573,2.9549458026885986,0.44865882396698,0.5000192523002625,5
16,10,-0.0018624086127198348,0.8179654479026794,1.408982753753662,1.1911968944456732,2.9802322387695312e-08,0.0,False,0.8858986496925354,0.7694817901740202,3.369831085205078,0.3916535973548889,0.5000014305114746,7
16,11,-0.01925905255451257,0.82745760679245,1.4137287139892578,1.8763248108964137,8.940696716308594e-08,0.0,False,0.9318272471427917,0.8093748630424243,3.776433229446411,0.3486652374267578,0.500054121017456,5
16,12,0.027490302450618703,0.8074213266372681,1.4037106037139893,0.22724409188062747,5.960464477539063e-08,0.0,False,0.9053229093551636,0.7863534877470908,3.562866449356079,0.3687657117843628,0.5000014901161194,5
16,13,-0.0009151509036750848,0.7796067595481873,1.389803409576416,1.6951782577802348,2.9802322387695312e-08,0.0,False,0.8944392800331116,0.7769000874317956,3.3752801418304443,0.38750046491622925,0.5000531077384949,7
16,14,0.008081004009992742,0.8116559386253357,1.4058278799057007,1.1968765373889803,8.940696716308594e-08,0.0,False,0.8344928026199341,0.7248312387316338,3.068974733352661,0.4308152198791504,0.5000100135803223,5
16,15,-0.022181127559456604,0.8324785232543945,1.4162392616271973,2.4923670132449285,0.0,0.0,False,0.8451098203659058,0.7340530631743226,3.1709365844726562,0.41853898763656616,0.5,2
16,16,0.06780624018100022,0.8465051651000977,1.4232524633407593,0.022896878863685403,1.1920928955078125e-07,0.0,False,0.8437725901603699,0.7328915597757254,3.1811835765838623,0.41849470138549805,0.5000003576278687,2
16,17,-0.002148461469000072,0.8144328594207764,1.4072165489196777,2.1805959512714033,1.1920928955078125e-07,0.0,False,0.930141031742096,0.8079102349547794,3.662543535232544,0.3589029014110565,0.5004206895828247,7
16,18,-0.007239246175713468,0.8190216422080994,1.409510850906372,0.5628373175796161,2.9802322387695312e-08,0.0,False,0.8402227163314819,0.7298081785450479,3.0977249145507812,0.4274291694164276,0.5000020861625671,5
16,19,0.013311865099888258,0.8208248019218445,1.410412311553955,0.05931250272381974,8.940696716308594e-08,0.0,False,0.8105838298797607,0.7040641688735687,2.966395616531372,0.4471840262413025,0.5000000596046448,5
16,20,0.030276607818013435,0.7834792137145996,1.3917396068572998,1.5769439204042919,0.0,0.0,False,0.9044542908668518,0.7855990153143849,3.3361802101135254,0.3925606608390808,0.5000157356262207,7
16,21,0.02639179399643613,0.8247293829917908,1.4123647212982178,1.5012202804627932,2.9802322387695312e-08,0.0,False,0.8003513813018799,0.6951763769661038,2.9304535388946533,0.4532683789730072,0.5000047087669373,7
16,22,0.02310671925668842,0.7842786908149719,1.392139196395874,2.6119854599224337,1.4901161193847656e-07,0.0,False,0.9222859144210815,0.801087366740341,3.6224539279937744,0.3605446219444275,0.5000028014183044,2
16,23,0.006879082114479258,0.8167914152145386,1.408395767211914,1.0465114766149277,5.960464477539063e-08,0.0,False,0.8923837542533875,0.7751146804247074,3.479581832885742,0.37874406576156616,0.5000011920928955,3
16,24,0.0015678830808081418,0.8263399600982666,1.4131698608398438,1.1968056584627764,1.1920928955078125e-07,0.0,False,0.9238762855529785,0.8024687455538632,3.6370911598205566,0.3624967932701111,0.5000006556510925,7
17,1,0.08033228099829733,0.7781477570533752,1.3890737295150757,1.6117646428091186,1.4901161193847656e-07,0.0,False,0.8516488075256348,0.7397327552557357,3.11588716506958,0.4207077920436859,0.5004226565361023,2
17,2,0.10207770800042537,0.8160658478736877,1.4080328941345215,2.131566146975271,2.9802322387695312e-08,0.0,False,0.907667338848114,0.78838983333109,3.508833169937134,0.3754046559333801,0.5000005960464478,6
17,3,0.0008104706562231138,0.8044619560241699,1.4022310972213745,2.0577129817592508,1.1920928955078125e-07,0.0,False,0.9901906251907349,0.8600686491053345,4.262174129486084,0.30575239658355713,0.5,2
17,4,0.02240112658711118,0.8309658765792847,1.415482997894287,0.5809640122410098,5.960464477539063e-08,0.0,False,1.0203008651733398,0.8862220712517905,4.767042636871338,0.27335235476493835,0.5,2
17,5,-0.007702114469107986,0.8173571228981018,1.408678650856018,1.5114911203643167,8.940696716308594e-08,0.0,False,0.9395241737365723,0.8160603285370109,3.6081228256225586,0.36478379368782043,0.5000643730163574,7
17,6,0.05412282530918423,0.8164403438568115,1.4082202911376953,1.1366566744961686,1.1920928955078125e-07,0.0,False,0.9379799365997314,0.8147190212024508,3.8035728931427,0.3452294170856476,0.5000474452972412,7
17,7,0.006987047240921829,0.8070133328437805,1.4035067558288574,1.3299116545543292,8.940696716308594e-08,0.0,False,0.8876662254333496,0.7710170869551835,3.2990756034851074,0.399341344833374,0.5000091791152954,7
17,8,0.0426684953553773,0.792321503162384,1.3961608409881592,0.5153149711289182,8.940696716308594e-08,0.0,False,0.9472393989562988,0.822761688016147,3.762178421020508,0.3472903370857239,0.5001038908958435,7
17,9,-0.008282154062732715,0.8077489137649536,1.403874397277832,1.3923363264480701,5.960464477539063e-08,0.0,False,0.9942495822906494,0.8635942144468843,4.193202018737793,0.31123360991477966,0.5,5
17,10,0.011440591119280807,0.8070690035820007,1.4035345315933228,2.6197666611396797,2.9802322387695312e-08,0.0,False,0.9622294306755066,0.8357818641345603,3.8233413696289062,0.3426530957221985,0.5000616312026978,2
17,11,0.024770688944277485,0.8062903881072998,1.4031453132629395,0.232326295098619,1.1920928955078125e-07,0.0,False,0.930923342704773,0.8085897416232255,3.898848295211792,0.3356877267360687,0.5000004768371582,2
17,12,0.029923461233245383,0.7678316235542297,1.383915901184082,2.2767554959375444,8.940696716308594e-08,0.0,False,0.9188616871833801,0.7981131207521079,3.3960635662078857,0.3839683532714844,0.5000468492507935,6
17,13,0.024243913567715575,0.7890405654907227,1.3945204019546509,1.0585308870318682,1.1920928955078125e-07,0.0,False,1.0319488048553467,0.8963393431106655,4.567793846130371,0.2834337651729584,0.5000001788139343,3
17,14,0.017341136182302194,0.8096150755882263,1.404807448387146,2.127142804699832,8.940696716308594e-08,0.0,False,0.9183603525161743,0.7976776669929994,3.5139577388763428,0.374280720949173,0.5000879764556885,6
17,15,-0.018633850998788816,0.8407996892929077,1.420399785041809,1.6045900735508924,5.960464477539063e-08,0.0,False,0.907097578048706,0.7878949453887147,3.9331858158111572,0.335153192281723,0.5000001192092896,5
17,16,0.057087123971759454,0.8375803232192993,1.418790340423584,1.9566643356536106,1.7881393432617188e-07,0.0,False,0.9668300151824951,0.8397778810643897,3.9616150856018066,0.33240631222724915,0.5001091361045837,2
17,17,0.017292663379839722,0.799003005027771,1.3995016813278198,1.525056116040744,1.7881393432617188e-07,0.0,False,1.0478473901748657,0.9101486788593358,4.6658830642700195,0.2777690291404724,0.5000021457672119,3
17,18,0.04278670348568755,0.7849475145339966,1.3924736976623535,2.2464604403535033,5.960464477539063e-08,0.0,False,0.9395532608032227,0.816085593242093,3.6651713848114014,0.3562411069869995,0.5000004768371582,6
17,19,0.04247943699997099,0.7937099933624268,1.3968549966812134,0.9176661416523529,0.0,0.0,False,0.9217151403427124,0.8005915986750427,3.5122883319854736,0.3730891942977905,0.5002131462097168,6
17,20,0.024257851519650327,0.803449273109436,1.4017244577407837,2.4737874145753915,1.7881393432617188e-07,0.0,False,0.930393636226654,0.8081296444222746,3.9099910259246826,0.3344793915748596,0.5000021457672119,2
17,21,-0.022307183245133668,0.803911030292511,1.4019556045532227,1.6239319357429147,8.940696716308594e-08,0.0,False,0.9564937353134155,0.8307999024432918,3.8444125652313232,0.3404588997364044,0.5000000596046448,6
17,22,0.0031746840609398197,0.8141189813613892,1.4070595502853394,1.5756140172709727,5.960464477539063e-08,0.0,False,0.8405256271362305,0.7300712835270702,3.0732877254486084,0.4304427206516266,0.5000001788139343,6
17,23,0.03405468493660855,0.8452803492546082,1.4226402044296265,2.433768119881126,2.9802322387695312e-08,0.0,False,0.863517165184021,0.7500414797363183,3.277078628540039,0.4056870639324188,0.5000677108764648,2
17,24,0.021097743180185875,0.8150056004524231,1.4075028896331787,1.8974420917410475,8.940696716308594e-08,0.0,False,0.9821723699569702,0.8531040811003028,3.8942134380340576,0.33675411343574524,0.5000040531158447,6
18,1,0.03916796108307916,0.751611053943634,1.3758056163787842,1.3323679651532854,8.940696716308594e-08,0.0,False,0.9621524810791016,0.8357150265643535,3.648008346557617,0.35519155859947205,0.5000158548355103,6
18,2,0.019942136640222475,0.7627994418144226,1.3813996315002441,0.8363193679757788,8.940696716308594e-08,0.0,False,0.9501121640205383,0.8252569400465544,3.6679186820983887,0.3541218638420105,0.5003594160079956,6
18,3,0.030432118013447765,0.8023308515548706,1.40116548538208,1.3214994272661817,5.960464477539063e-08,0.0,False,0.9253154993057251,0.8037188307360574,3.922281503677368,0.333303302526474,0.5000444650650024,1
18,4,0.040157888640156264,0.8150984644889832,1.4075491428375244,2.0052422082730246,8.940696716308594e-08,0.0,False,0.827212929725647,0.718508021477742,3.0234992504119873,0.43786823749542236,0.5000067949295044,7
18,5,-0.0535052677765808,0.8085019588470459,1.4042510986328125,1.551721431894874,1.1920928955078125e-07,0.0,False,0.9784790277481079,0.8498960848181243,3.821056842803955,0.34297773241996765,0.5000110864639282,7
18,6,0.06253041860592098,0.8434211611747742,1.4217103719711304,1.4480653015653524,2.086162567138672e-07,0.0,False,0.9211602210998535,0.8001096019448917,3.670915126800537,0.36038437485694885,0.5000000596046448,2
18,7,-0.00323547458595088,0.7807978391647339,1.3903989791870117,1.2513022761402306,5.960464477539063e-08,0.0,False,0.850159764289856,0.7384393887345074,3.101635217666626,0.42298275232315063,0.5001079440116882,7
18,8,0.022966261097679384,0.8200743198394775,1.4100370407104492,0.4377214218160853,1.1920928955078125e-07,0.0,False,0.8980880975723267,0.7800694100773015,3.5441253185272217,0.3718618154525757,0.5000084638595581,7
18,9,-0.020326001753944258,0.8234049677848816,1.4117023944854736,1.0135996243592396,8.940696716308594e-08,0.0,False,0.8661085367202759,0.7522923164538317,3.2551064491271973,0.40647900104522705,0.5000000596046448,7
18,10,0.03929952694918953,0.8166276812553406,1.4083138704299927,0.328345981100139,2.9802322387695312e-08,0.0,False,0.8337016105651855,0.7241440180446278,3.083939552307129,0.42916080355644226,0.5000244975090027,7
18,11,0.03124348615023651,0.8281987309455872,1.4140994548797607,0.8249757192018319,8.940696716308594e-08,0.0,False,0.9884917736053467,0.8585930453671211,3.976518154144287,0.3304370641708374,0.5000001788139343,7
18,12,-0.0018549801003826566,0.8216121196746826,1.4108061790466309,0.873081738877824,1.1920928955078125e-07,0.0,False,0.7998870015144348,0.6947730218077143,2.9268105030059814,0.453513503074646,0.5000016689300537,7
18,13,-0.007090890508366175,0.8202903866767883,1.4101450443267822,0.3926736937944255,1.4901161193847656e-07,0.0,False,0.8376152515411377,0.7275433634046408,3.138680934906006,0.42178887128829956,0.5000021457672119,5
18,14,0.052660656686894756,0.8201439380645752,1.410071849822998,0.9694080362846047,1.1920928955078125e-07,0.0,False,0.8220466375350952,0.714020637097229,3.0289087295532227,0.4375844895839691,0.5000134110450745,5
18,15,0.06722256631499858,0.8458811044692993,1.4229403734207153,2.6357388687496535,1.7881393432617188e-07,0.0,False,0.9006820321083069,0.7823224729880904,3.6016745567321777,0.3678005337715149,0.5001264810562134,2
18,16,0.007502054851333674,0.8210025429725647,1.41050124168396,2.1861535253478785,2.9802322387695312e-08,0.0,False,0.8031871318817139,0.6976394786238556,2.9406988620758057,0.4512374997138977,0.5,5
18,17,0.009983143862327213,0.839680016040802,1.4198400974273682,0.04155945946799851,8.940696716308594e-08,0.0,False,0.8025058507919312,0.6970477253880202,2.9487791061401367,0.4519559144973755,0.5,5
18,18,0.05185245548138346,0.8210739493370056,1.4105371236801147,2.269326590837263,1.4901161193847656e-07,0.0,False,0.8937077522277832,0.7762646904533698,3.436750888824463,0.3840160369873047,0.5001461505889893,2
18,19,0.05044044414888193,0.826004147529602,1.4130021333694458,2.5313068038865914,5.960464477539063e-08,0.0,False,0.8457379341125488,0.7345986358426719,3.194850444793701,0.41467130184173584,0.5000002980232239,5
18,20,-0.009364985641068756,0.8191940784454346,1.4095969200134277,1.2704996513638975,1.1920928955078125e-07,0.0,False,0.8055006265640259,0.6996489545727368,2.9453649520874023,0.45030444860458374,0.5000244379043579,5
18,21,0.0019364438600122866,0.8211867809295654,1.4105933904647827,1.0930222118703223,0.0,0.0,False,0.8875151872634888,0.7708858968677288,3.646399736404419,0.3611162304878235,0.500006914138794,5
18,22,-0.00042567339516154205,0.8249391913414001,1.412469744682312,0.6256662335289491,1.4901161193847656e-07,0.0,False,0.8396762013435364,0.7293334816579634,3.09769606590271,0.4280235171318054,0.5001949071884155,5
18,23,0.018770316523739037,0.834696352481842,1.4173483848571777,2.4303915144873693,2.086162567138672e-07,0.0,False,0.9131335020065308,0.7931376823248566,3.774308443069458,0.3494279980659485,0.5000197291374207,2
18,24,0.012272997131323495,0.8323556184768677,1.4161778688430786,2.515193901738882,5.960464477539063e-08,0.0,False,0.8335399031639099,0.724003560780514,3.0884599685668945,0.430099755525589,0.500003457069397,5
19,1,0.10460401786419422,0.7897852659225464,1.3948925733566284,1.5339755767158099,5.960464477539063e-08,0.0,False,0.8813114762306213,0.7654974219299355,3.3086392879486084,0.39653292298316956,0.5000511407852173,2
19,2,0.012214994690417032,0.8174313306808472,1.4087157249450684,2.4519621979031476,5.960464477539063e-08,0.0,False,0.8105405569076538,0.7040265824475656,2.9723148345947266,0.4459037780761719,0.5000001192092896,5
19,3,0.014880459148267383,0.8139517307281494,1.4069757461547852,0.04189760931470527,1.1920928955078125e-07,0.0,False,0.8044174909591675,0.6987081549400509,2.940443277359009,0.4505172669887543,0.500001072883606,5
19,4,0.07087427485819196,0.7702497243881226,1.3851250410079956,2.1074431080825686,1.7881393432617188e-07,0.0,False,0.9364936351776123,0.8134280361903082,3.7315423488616943,0.34845778346061707,0.5008351802825928,3
19,5,0.06953403585014314,0.83708256483078,1.4185413122177124,2.376454920737484,2.9802322387695312e-08,0.0,False,0.8856825232505798,0.7692940651317508,3.616659641265869,0.3655036985874176,0.5000001192092896,5
19,6,-0.012489493996272484,0.8167271614074707,1.4083635807037354,1.1408893816581338,0.0,0.0,False,0.8047561049461365,0.6990022713121227,2.9406909942626953,0.450777530670166,0.5000104904174805,5
19,7,0.0023533781216479527,0.7835973501205444,1.391798734664917,1.3093745636999852,5.960464477539063e-08,0.0,False,0.8816354870796204,0.7657788541775297,3.541243076324463,0.36906227469444275,0.5000096559524536,5
19,8,0.001858263524514017,0.7799983024597168,1.389999270439148,0.26032304331487066,1.1920928955078125e-07,0.0,False,0.8478538990020752,0.7364365395935165,3.11649751663208,0.4208231270313263,0.5000042915344238,5
19,9,0.03281836304202267,0.8130096793174744,1.4065048694610596,2.3693088879584034,2.9802322387695312e-08,0.0,False,0.9644656181335449,0.837724191881615,3.934490442276001,0.3330119550228119,0.5000613927841187,2
19,10,0.019750193315634112,0.823107123374939,1.4115536212921143,2.3255055949781176,5.960464477539063e-08,0.0,False,0.8008989095687866,0.6956519539761111,2.931544303894043,0.4529191851615906,0.5000007152557373,5
19,11,-0.0016703489076564902,0.8275313973426819,1.4137656688690186,1.0197183095651683,2.9802322387695312e-08,0.0,False,0.9087417721748352,0.789323074261026,3.646050214767456,0.36166638135910034,0.5000008344650269,7
19,12,-0.013291140747813603,0.8197203874588013,1.4098601341247559,1.5090320570866935,5.960464477539063e-08,0.0,False,0.9375646114349365,0.8143582743479189,3.7844161987304688,0.34730425477027893,0.5000069737434387,5
19,13,0.021472071910446953,0.8215571045875549,1.4107786417007446,0.6298053692002406,8.940696716308594e-08,0.0,False,0.8693729043006897,0.7551277101079868,3.310579776763916,0.3992532193660736,0.5000001192092896,5
19,14,-0.0009142620982580027,0.7963031530380249,1.3981516361236572,1.540971549631665,5.960464477539063e-08,0.0,False,0.8994007110595703,0.7812095316660649,3.429591655731201,0.3826533257961273,0.5000150203704834,7
19,15,0.00609317838083593,0.8270443081855774,1.4135222434997559,1.182129392985746,8.940696716308594e-08,0.0,False,0.835230827331543,0.7254722788511537,3.0843021869659424,0.4301638603210449,0.5000054836273193,5
19,16,-0.019893281314708758,0.836304783821106,1.4181523323059082,2.4979045650319276,5.960464477539063e-08,0.0,False,0.8459327220916748,0.7347678265316229,3.178088665008545,0.4179338216781616,0.5000000596046448,2
19,17,0.058818368590840546,0.8406884670257568,1.4203442335128784,0.020675506645981123,0.0,0.0,False,0.843664824962616,0.732797956114274,3.17484974861145,0.4187992215156555,0.5000019073486328,2
19,18,-0.0030803996443703957,0.8084378838539124,1.4042190313339233,2.2153672140424154,8.940696716308594e-08,0.0,False,0.9143391847610474,0.7941849250592815,3.5505449771881104,0.3701767921447754,0.5001381039619446,7
19,19,-0.007129531952988535,0.8171943426132202,1.4085972309112549,0.5222781524548727,5.960464477539063e-08,0.0,False,0.8336336016654968,0.7240849462649176,3.0673608779907227,0.4316166639328003,0.5000007152557373,5
19,20,0.011604378672641162,0.8239234685897827,1.4119617938995361,0.05018948014742565,5.960464477539063e-08,0.0,False,0.8096042275428772,0.7032132970948326,2.964684247970581,0.4477804899215698,0.5000002384185791,5
19,21,0.026479645455536986,0.7800893187522888,1.3900446891784668,1.548415568385696,2.9802322387695312e-08,0.0,False,0.9141906499862671,0.7940559093931658,3.383127212524414,0.3866159915924072,0.5000181198120117,7
19,22,0.02234774613880836,0.8282510638237,1.4141255617141724,1.4777036333848481,2.9802322387695312e-08,0.0,False,0.8005973100662231,0.6953899879766949,2.933652639389038,0.45313751697540283,0.5000043511390686,5
19,23,0.019598464689961254,0.780122697353363,1.390061378479004,2.5408902285452877,2.9802322387695312e-08,0.0,False,0.938248336315155,0.8149521502331566,3.7010600566864014,0.3522636592388153,0.5000035762786865,2
19,24,0.004156475160197237,0.8130421042442322,1.4065210819244385,1.1040049470010331,2.9802322387695312e-08,0.0,False,0.8648617267608643,0.7512093510831227,3.233192205429077,0.40834394097328186,0.5000014305114746,7
20,1,0.007688375309616916,0.8145621418952942,1.4072811603546143,1.3461976599480425,8.940696716308594e-08,0.0,False,0.9819315671920776,0.852894922476263,4.191856384277344,0.3117958605289459,0.5000064373016357,2
20,2,0.0196592063463105,0.8145428895950317,1.407271385192871,0.4356705573220328,5.960464477539063e-08,0.0,False,0.9244736433029175,0.8029876039029045,3.8599765300750732,0.3398330807685852,0.5000081062316895,2
20,3,0.005120315922722575,0.8326513171195984,1.4163256883621216,0.4474550317024099,2.9802322387695312e-08,0.0,False,0.9136197566986084,0.7935600377839943,3.8607892990112305,0.3411153256893158,0.5,7
20,4,0.0172309164674467,0.8143932223320007,1.4071966409683228,1.5922606950788871,2.9802322387695312e-08,0.0,False,0.8088308572769165,0.702541556216883,2.953965187072754,0.44843706488609314,0.5000017881393433,7
20,5,0.01175835439669065,0.8180105090141296,1.4090051651000977,1.3624962868740311,8.940696716308594e-08,0.0,False,0.818181574344635,0.7106634858655805,2.988600254058838,0.4434549808502197,0.5000604391098022,7
20,6,0.016039521262013332,0.8386660814285278,1.4193329811096191,1.5813044359159067,5.960464477539063e-08,0.0,False,0.8044691681861877,0.6987530412091209,2.954188823699951,0.450993150472641,0.5000001192092896,7
20,7,-0.00025192506447344314,0.8073148727416992,1.4036574363708496,1.3286329271246555,0.0,0.0,False,0.8421489596366882,0.7314812922215562,3.075970411300659,0.42935940623283386,0.5000021457672119,7
20,8,-0.012747391225246419,0.8061420917510986,1.4030709266662598,1.4933926225736838,1.1920928955078125e-07,0.0,False,0.8729280233383179,0.7582156472690891,3.4162261486053467,0.3850860297679901,0.5000030994415283,5
20,9,0.025990153317784943,0.8567642569541931,1.428382158279419,0.2172342784603726,2.9802322387695312e-08,0.0,False,0.8312729597091675,0.7220345187141514,3.0911099910736084,0.43215399980545044,0.5000002384185791,5
20,10,0.0764049929245134,0.7983107566833496,1.3991554975509644,2.5194814918306734,1.1920928955078125e-07,0.0,False,0.889701247215271,0.7727846844160663,3.311661720275879,0.39695075154304504,0.5002906322479248,2
20,11,0.09647567441833235,0.8220147490501404,1.4110074043273926,2.200076292460038,2.9802322387695312e-08,0.0,False,0.9397225379943848,0.8162326255421605,3.6970226764678955,0.3560381531715393,0.5000307559967041,6
20,12,-0.0005772033416029474,0.8233523964881897,1.4116761684417725,2.318166997803678,2.9802322387695312e-08,0.0,False,0.9191546440124512,0.7983675798207108,3.5866732597351074,0.36755114793777466,0.5000001192092896,2
20,13,0.020597839402395148,0.8225716352462769,1.4112857580184937,0.6331246266938328,5.960464477539063e-08,0.0,False,1.0215320587158203,0.8872914723750989,4.776374816894531,0.2723293900489807,0.5,2
20,14,-0.0078282999903624,0.8031999468803406,1.4015998840332031,1.507713255067864,8.940696716308594e-08,0.0,False,0.8720209002494812,0.7574277301653114,3.2282190322875977,0.40804868936538696,0.5000059604644775,7
20,15,0.04653172938012762,0.8245684504508972,1.4122841358184814,0.8868489368982249,8.940696716308594e-08,0.0,False,0.9633172750473022,0.836726753750241,3.9450716972351074,0.33291518688201904,0.5003324151039124,7
20,16,0.004600449909347382,0.8141776919364929,1.4070887565612793,1.2309753121826192,8.940696716308594e-08,0.0,False,0.8220978379249573,0.7140651091908057,3.0012707710266113,0.44111937284469604,0.500044584274292,7
20,17,0.030230668241437088,0.7968282103538513,1.3984140157699585,0.29961826793258417,8.940696716308594e-08,0.0,False,0.8518739342689514,0.7399282978604382,3.116704225540161,0.4225044250488281,0.5000299215316772,7
20,18,-0.004459830099626438,0.8173384666442871,1.4086692333221436,2.4104008144550018,0.0,0.0,False,0.9229426980018616,0.8016578417102158,3.5235214233398438,0.3738861680030823,0.5000725984573364,5
20,19,0.006255388345557205,0.808826744556427,1.4044132232666016,2.7107108985915214,1.4901161193847656e-07,0.0,False,0.8773447275161743,0.7620519477743732,3.384845733642578,0.3890276253223419,0.5000544786453247,2
20,20,0.022250313235777665,0.808514416217804,1.4042574167251587,0.3352278195633956,2.086162567138672e-07,0.0,False,0.8873912692070007,0.770778263011447,3.5830366611480713,0.36670204997062683,0.5000019073486328,2
20,21,0.01618762632430469,0.7967802882194519,1.3983900547027588,0.9477398357570833,8.940696716308594e-08,0.0,False,1.0339882373809814,0.8981107716948599,4.416845321655273,0.2940722405910492,0.5000039339065552,3
20,22,0.019948446468993762,0.8116034269332886,1.405801773071289,0.7087163324330286,5.960464477539063e-08,0.0,False,0.9827470779418945,0.8536032661134195,3.9428951740264893,0.3321704864501953,0.5,3
20,23,0.006857257029861825,0.8396438360214233,1.419821858406067,2.7000488773211124,5.960464477539063e-08,0.0,False,0.9094094038009644,0.78990297172337,3.8807976245880127,0.33979561924934387,0.5000149607658386,6
20,24,-0.020820689244966037,0.8333420753479004,1.4166711568832397,1.228184599127097,1.1920928955078125e-07,0.0,False,0.9260482788085938,0.8043553149251528,3.932446241378784,0.33467862010002136,0.5000191926956177,5
21,1,0.014381083081930823,0.7874119281768799,1.3937058448791504,1.4137462813939368,1.1920928955078125e-07,0.0,False,0.9417433142662048,0.8179878495101854,3.7048871517181396,0.3524702489376068,0.5002783536911011,6
21,2,0.1016018224615592,0.8222684264183044,1.4111342430114746,2.3628889339323256,2.9802322387695312e-08,0.0,False,0.8843520879745483,0.768138463733931,3.5060830116271973,0.37623825669288635,0.5001189112663269,2
21,3,0.07264435174940446,0.8090629577636719,1.404531478881836,2.0491128621190238,0.0,0.0,False,0.957809329032898,0.8319426126288875,3.7438926696777344,0.3503826856613159,0.5000002384185791,6
21,4,0.020495481603872517,0.8058756589889526,1.402937889099121,1.3889873835100883,5.960464477539063e-08,0.0,False,0.940616250038147,0.8170088939601933,3.548142910003662,0.37021833658218384,0.5001775026321411,6
21,5,0.015849265798605836,0.8185579180717468,1.4092789888381958,1.5482602256817,2.9802322387695312e-08,0.0,False,0.8060593008995056,0.7001342129348964,2.9465622901916504,0.450044721364975,0.5001155138015747,4
21,6,0.02239850743321605,0.8265479803085327,1.4132740497589111,2.7503619914596147,5.960464477539063e-08,0.0,False,0.9219186305999756,0.8007683480667437,3.965160369873047,0.3313067853450775,0.5000006556510925,2
21,7,0.05068927530235904,0.7999271750450134,1.399963617324829,2.3834324495637906,2.9802322387695312e-08,0.0,False,0.8703875541687012,0.7560090237854693,3.2109084129333496,0.41000598669052124,0.500009298324585,6
21,8,0.022388596568334706,0.8264228105545044,1.4132113456726074,0.8217974620738521,5.960464477539063e-08,0.0,False,1.0265952348709106,0.8916892913052186,4.128139972686768,0.31763941049575806,0.5000002980232239,6
21,9,0.027427614832218727,0.8195538520812988,1.409777045249939,1.514443190688664,1.1920928955078125e-07,0.0,False,0.9861400723457336,0.8565503836068514,4.052450656890869,0.3233645260334015,0.5000187754631042,1
21,10,0.013011367135259114,0.8227993249893188,1.4113998413085938,1.0282599747652958,1.7881393432617188e-07,0.0,False,0.8155853748321533,0.708408455621199,2.9842703342437744,0.44462549686431885,0.5000647902488708,1
21,11,0.02250411600197803,0.8282625079154968,1.4141311645507812,2.622993686484476,8.940696716308594e-08,0.0,False,0.8544760346412659,0.7421884535265473,3.1523661613464355,0.4206770360469818,0.5000595450401306,5
21,12,-0.03724117366556255,0.79117351770401,1.3955867290496826,2.5994136702564425,2.9802322387695312e-08,0.0,False,0.9109336137771606,0.7912268836872178,3.4660868644714355,0.3780263662338257,0.5000205039978027,7
21,13,0.041454314649284014,0.831091582775116,1.4155458211898804,1.430588321011536,2.9802322387695312e-08,0.0,False,0.8519347906112671,0.7399811570077512,3.2227213382720947,0.411443293094635,0.5000007152557373,2
21,14,-0.012021326004095709,0.8024954199790955,1.4012477397918701,1.3577881933893665,2.9802322387695312e-08,0.0,False,0.9933469295501709,0.862810180238355,4.01724910736084,0.32499921321868896,0.5038636326789856,1
21,15,0.015734573118828966,0.8272219300270081,1.4136109352111816,0.5892598566836027,2.9802322387695312e-08,0.0,False,1.003309726715088,0.8714637559044446,4.189721584320068,0.31280842423439026,0.5000000596046448,5
21,16,-0.010960867505892613,0.8311910033226013,1.415595531463623,1.0848896635628695,2.9802322387695312e-08,0.0,False,0.824891209602356,0.7164914010016038,3.055229663848877,0.43482035398483276,0.5000013113021851,7
21,17,0.025211892938402983,0.8148450255393982,1.4074225425720215,0.10264333237334064,2.9802322387695312e-08,0.0,False,0.8106337785720825,0.7041075537564759,2.962707757949829,0.447119802236557,0.5000026226043701,5
21,18,0.02100442697052853,0.8236367702484131,1.411818504333496,0.29870617801566246,1.1920928955078125e-07,0.0,False,0.8267576694488525,0.7181125874256588,3.0328404903411865,0.43735960125923157,0.5000219345092773,7
21,19,0.0034787531875584586,0.8277846574783325,1.4138922691345215,0.31488363675642644,5.960464477539063e-08,0.0,False,0.7967401742935181,0.69203972241262,2.9202637672424316,0.45523199439048767,0.5000022649765015,7
21,20,-0.006041754478764645,0.8292592763900757,1.414629578590393,0.6739792909075484,5.960464477539063e-08,0.0,False,0.8985441327095032,0.7804655171645609,3.7594645023345947,0.35044652223587036,0.5000005960464478,5
21,21,0.03189947555013317,0.793066143989563,1.3965331315994263,0.762191613822282,5.960464477539063e-08,0.0,False,0.8079676628112793,0.7017917950304117,2.9462432861328125,0.44733884930610657,0.5000056028366089,5
21,22,0.03621039123095566,0.8413475751876831,1.4206739664077759,2.608017149183037,1.7881393432617188e-07,0.0,False,0.9650179743766785,0.8382039624184904,3.9754395484924316,0.3314189314842224,0.5016800761222839,2
21,23,0.004349854204092021,0.8108558654785156,1.4054280519485474,1.9509267971596318,1.1920928955078125e-07,0.0,False,0.8129823207855225,0.7061474716041036,2.981956720352173,0.4437176585197449,0.5000000596046448,5
21,24,0.004728820265652642,0.82953941822052,1.4147697687149048,0.05667500015106604,5.960464477539063e-08,0.0,False,0.8068622350692749,0.7008316326934211,2.9612598419189453,0.4489128589630127,0.5000001788139343,5
22,1,0.07085211485140516,0.7830792665481567,1.3915395736694336,1.5679235202925546,5.960464477539063e-08,0.0,False,0.8789039850234985,0.7634063016369674,3.2410221099853516,0.4044397473335266,0.5000807642936707,7
22,2,0.03842901989789775,0.8033728003501892,1.401686429977417,0.48970532330133854,2.9802322387695312e-08,0.0,False,0.9201732873916626,0.7992523622179484,3.437262535095215,0.3823966383934021,0.5000386238098145,6
22,3,0.017609280766244902,0.7992359399795532,1.3996179103851318,0.7432009253806083,5.960464477539063e-08,0.0,False,0.9536214470863342,0.8283050645883777,3.740051031112671,0.3499760031700134,0.5001053810119629,6
22,4,0.029298358729909164,0.8155272603034973,1.4077638387680054,1.2349834139129177,2.086162567138672e-07,0.0,False,0.9231525659561157,0.8018401306991376,3.8905601501464844,0.3371216654777527,0.5000395774841309,1
22,5,0.036768579193496444,0.8465204834938049,1.42326021194458,1.9606638309917876,2.9802322387695312e-08,0.0,False,0.8557634353637695,0.7433066755861105,3.169342517852783,0.4201165735721588,0.5000079274177551,5
22,6,-0.04983108583865706,0.817133367061615,1.4085667133331299,1.6374086203732428,2.9802322387695312e-08,0.0,False,0.9740210771560669,0.8460239581326828,3.8132171630859375,0.34437334537506104,0.5000321865081787,7
22,7,0.05952735908291819,0.8481693863868713,1.4240846633911133,1.534159885724022,2.9802322387695312e-08,0.0,False,0.8987143039703369,0.7806133260436782,3.460641860961914,0.3836110234260559,0.5,2
22,8,-0.0028322367477296865,0.7851662635803223,1.3925831317901611,1.3347875582069486,0.0,0.0,False,0.8591023683547974,0.7462068359330067,3.143800735473633,0.41757309436798096,0.5000319480895996,7
22,9,0.021162251823945665,0.8222819566726685,1.4111409187316895,0.447274057508134,5.960464477539063e-08,0.0,False,0.9117624759674072,0.7919468242381825,3.629751205444336,0.3629285991191864,0.5000048875808716,7
22,10,-0.018651409890671843,0.8266857266426086,1.413342833518982,1.0061153634849336,2.9802322387695312e-08,0.0,False,0.8717974424362183,0.7572336371748349,3.311251163482666,0.3996420204639435,0.5000000596046448,7
22,11,0.03590794199501163,0.8250274062156677,1.4125137329101562,0.3445611108117313,2.9802322387695312e-08,0.0,False,0.8366933465003967,0.7267426068605756,3.1054654121398926,0.4269290864467621,0.5000498294830322,7
22,12,0.028287160094688103,0.8335800766944885,1.4167901277542114,0.8722217431981039,8.940696716308594e-08,0.0,False,0.9952442049980164,0.8644581327536546,4.013095855712891,0.3276713490486145,0.5000001788139343,7
22,13,-0.0031180496002768373,0.8211355805397034,1.4105677604675293,0.922400159408198,2.9802322387695312e-08,0.0,False,0.799443244934082,0.6943875797394032,2.9250102043151855,0.4537498354911804,0.5000022649765015,7
22,14,-0.006921456801692945,0.827561616897583,1.413780689239502,0.3920469062740325,1.1920928955078125e-07,0.0,False,0.8374425172805786,0.7273933283322479,3.1425745487213135,0.4219662547111511,0.5000026822090149,5
22,15,0.04641805083381224,0.8254668712615967,1.412733554840088,0.9207305910729683,1.1920928955078125e-07,0.0,False,0.8376160264015198,0.7275440364398171,3.131786584854126,0.4232628643512726,0.5000063180923462,5
22,16,0.061508718986515346,0.8487815260887146,1.4243907928466797,2.5944285167994456,2.9802322387695312e-08,0.0,False,0.911494255065918,0.7917138505232867,3.6523420810699463,0.3627190887928009,0.5000965595245361,2
22,17,0.006957706479276991,0.82149738073349,1.4107487201690674,2.184692807121253,2.9802322387695312e-08,0.0,False,0.8022657632827759,0.6968391880272201,2.93727970123291,0.45183295011520386,0.5000001192092896,5
22,18,0.009014681604745316,0.844062864780426,1.4220314025878906,0.04209553650085479,2.9802322387695312e-08,0.0,False,0.8027547597885132,0.6972639249954434,2.9523890018463135,0.4518495202064514,0.5000000596046448,5
22,19,0.04641381418453168,0.8195310235023499,1.409765362739563,2.400230960557272,1.4901161193847656e-07,0.0,False,0.8662031888961792,0.7523745302892215,3.2238762378692627,0.41018617153167725,0.5000380277633667,2
22,20,0.04519203958052481,0.8223913311958313,1.4111957550048828,2.630110405112278,8.940696716308594e-08,0.0,False,0.8346381187438965,0.7249574587131706,3.107433319091797,0.4263867735862732,0.5000003576278687,5
22,21,-0.009061847789079362,0.8160822987556458,1.40804123878479,1.2948538339396487,8.940696716308594e-08,0.0,False,0.8060784339904785,0.700150831726559,2.9452359676361084,0.4499897360801697,0.5000293254852295,5
22,22,0.0009603689672507696,0.8183966875076294,1.4091984033584595,1.1451939219708294,5.960464477539063e-08,0.0,False,0.8747466802597046,0.7597953125999558,3.4894728660583496,0.3777681291103363,0.5000089406967163,5
22,23,-0.0014461266805835954,0.8195747137069702,1.4097874164581299,0.5392322748072529,5.960464477539063e-08,0.0,False,0.8456708192825317,0.7345403406420113,3.1270034313201904,0.42334017157554626,0.5002347230911255,4
22,24,0.016733578623501263,0.8304334878921509,1.4152166843414307,2.407502431689528,5.960464477539063e-08,0.0,False,0.9169177412986755,0.7964246308104165,3.7900521755218506,0.3475882411003113,0.5000301599502563,2
23,1,-0.030649326463727943,0.7209998369216919,1.3604999780654907,1.461913395007806,5.960464477539063e-08,0.0,False,0.9320640563964844,0.809580552946709,3.933286190032959,0.3261643648147583,0.500002920627594,7
23,2,0.008723701469499837,0.7793230414390564,1.3896615505218506,0.4636503298215352,2.9802322387695312e-08,0.0,False,0.9842401742935181,0.8549001531263395,4.196908473968506,0.3090166449546814,0.5000103712081909,2
23,3,0.01930176324319015,0.7810072898864746,1.3905036449432373,0.3839643891710207,0.0,0.0,False,0.929511547088623,0.8073634715318873,3.939964532852173,0.3301621079444885,0.5000126957893372,7
23,4,0.005027285928936865,0.8193495273590088,1.4096746444702148,0.41546195197826064,1.1920928955078125e-07,0.0,False,0.9102778434753418,0.790657288840266,3.8147904872894287,0.3443956673145294,0.5,7
23,5,0.01773785965856291,0.8063247799873352,1.4031624794006348,1.5772119223775218,8.940696716308594e-08,0.0,False,0.8106827139854431,0.7041500585164603,2.955366373062134,0.4473496675491333,0.5000037550926208,7
23,6,0.01230690697256049,0.816131591796875,1.4080657958984375,1.3495817581524339,0.0,0.0,False,0.8205738067626953,0.7127413525427677,2.9961884021759033,0.44209688901901245,0.5000806450843811,7
23,7,0.01644877683617193,0.8418183326721191,1.4209091663360596,1.5787509171035294,0.0,0.0,False,0.8046232461929321,0.6988868716653442,2.9568512439727783,0.4509073495864868,0.5000001192092896,7
23,8,0.00011682011012633959,0.8133424520492554,1.406671166419983,1.3355322000918701,5.960464477539063e-08,0.0,False,0.8387001752853394,0.728485716195426,3.0658133029937744,0.43144720792770386,0.5000024437904358,7
23,9,-0.012789390133327925,0.8097171187400818,1.4048585891723633,1.4444425439542397,2.9802322387695312e-08,0.0,False,0.857565701007843,0.7448721036344004,3.276273012161255,0.4024738371372223,0.5000038146972656,5
23,10,0.02864707114743101,0.8604326248168945,1.4302163124084473,0.17917610116281535,0.0,0.0,False,0.8209741115570068,0.7130890528692656,3.0360357761383057,0.44064754247665405,0.5000001192092896,7
23,11,0.07938512873448711,0.7986645102500916,1.3993324041366577,2.566484917870949,1.4901161193847656e-07,0.0,False,0.8639578819274902,0.7504242814358605,3.1809029579162598,0.41387873888015747,0.5000632405281067,2
23,12,0.09291934551952287,0.8240767121315002,1.4120383262634277,2.173769617315696,2.9802322387695312e-08,0.0,False,0.9335846900939941,0.8109013585943583,3.727820873260498,0.35313865542411804,0.5000346302986145,6
23,13,0.000679964682372595,0.8248524069786072,1.4124261140823364,2.047463860109834,8.940696716308594e-08,0.0,False,0.9160323739051819,0.7956556104635137,3.58188796043396,0.36818599700927734,0.5000001192092896,2
23,14,0.021580811427360916,0.8250135779380798,1.4125068187713623,0.5852310502432642,2.9802322387695312e-08,0.0,False,1.0127018690109253,0.8796216670491093,4.661345481872559,0.27954792976379395,0.4999999701976776,2
23,15,-0.00782289921041108,0.8033478260040283,1.4016737937927246,1.5284855854826296,1.1920928955078125e-07,0.0,False,0.8733299970626831,0.7585647972098128,3.24212384223938,0.406252920627594,0.5000040531158447,7
23,16,0.04738577561615678,0.82695072889328,1.4134752750396729,0.9076187077682796,8.940696716308594e-08,0.0,False,0.9689497351646423,0.841619046447243,4.034963130950928,0.32534295320510864,0.5002416372299194,2
23,17,0.004863450820041033,0.8146365284919739,1.407318353652954,1.2556573461757392,8.940696716308594e-08,0.0,False,0.8211649656295776,0.7132548266103981,2.9976842403411865,0.4417126774787903,0.5000459551811218,7
23,18,0.03175690038136167,0.7994880080223083,1.3997440338134766,0.2945223023975116,2.9802322387695312e-08,0.0,False,0.8489649295806885,0.7374015684925517,3.102344512939453,0.4247944951057434,0.5000303387641907,7
23,19,-0.005361508815154539,0.8157343864440918,1.407867193222046,2.4475937932570386,0.0,0.0,False,0.9194682836532593,0.7986400037513289,3.4888949394226074,0.37759941816329956,0.5001385807991028,5
23,20,0.006015713104617209,0.8074467778205872,1.4037233591079712,2.7105153592126396,2.9802322387695312e-08,0.0,False,0.8778162598609924,0.7624615155651601,3.3949134349823,0.3877080976963043,0.500045895576477,2
23,21,0.02287364944168708,0.8045204281806946,1.402260422706604,0.3425258947444937,2.086162567138672e-07,0.0,False,0.8900347352027893,0.7730743484015867,3.608985662460327,0.36363229155540466,0.5000022649765015,2
23,22,0.015945443334306152,0.7940660119056702,1.3970329761505127,0.9355777846113655,2.9802322387695312e-08,0.0,False,1.0466995239257812,0.9091516549034551,4.533163070678711,0.2860080599784851,0.5000035762786865,3
23,23,0.0206560205184877,0.8091083765029907,1.4045542478561401,0.6575874219415161,5.960464477539063e-08,0.0,False,0.992260754108429,0.8618667402369004,4.029603958129883,0.3245392441749573,0.5,3
23,24,0.0067176058931459805,0.8389645218849182,1.4194821119308472,2.7018572594458576,1.4901161193847656e-07,0.0,False,0.910125732421875,0.7905251668579517,3.8962790966033936,0.3383358418941498,0.5000165700912476,6
24,1,0.07311543979156034,0.8418310284614563,1.4209156036376953,1.320276954477387,8.940696716308594e-08,0.0,False,0.9944919347763062,0.8638047191412769,4.341257095336914,0.3022960126399994,0.5000019073486328,2
24,2,0.0089215303137863,0.8282506465911865,1.4141254425048828,1.903363123465922,1.1920928955078125e-07,0.0,False,0.8670941591262817,0.7531484171981687,3.221808910369873,0.4112921953201294,0.5000364780426025,7
24,3,0.0514366787522605,0.8294284343719482,1.4147143363952637,0.5792009940886292,1.1920928955078125e-07,0.0,False,0.9489375352859497,0.8242366704911206,3.81697416305542,0.34495681524276733,0.5000121593475342,7
24,4,-0.00980272415315656,0.8175008296966553,1.4087504148483276,1.593708019743037,0.0,0.0,False,1.0050486326217651,0.8729741503840824,4.449301242828369,0.29310712218284607,0.5000073909759521,5
24,5,0.015548880179880657,0.8299158811569214,1.414957880973816,2.7071667284028225,5.960464477539063e-08,0.0,False,0.9257606863975525,0.8041055153308477,3.701256513595581,0.3562413156032562,0.5000079870223999,2
24,6,0.03358095198931819,0.8327800035476685,1.416390061378479,0.15740866299186673,5.960464477539063e-08,0.0,False,0.9316957592964172,0.8092606541501888,3.9067883491516113,0.3369336426258087,0.5,2
24,7,0.040271937875463404,0.7919595837593079,1.395979881286621,2.3795723921039866,8.940696716308594e-08,0.0,False,0.8596816062927246,0.7467099556133083,3.136795997619629,0.4192204475402832,0.5000340342521667,6
24,8,0.03074877185701611,0.8101974725723267,1.405098795890808,1.058585294064005,5.960464477539063e-08,0.0,False,1.0055955648422241,0.8734492096747233,4.294974327087402,0.30368345975875854,0.5000002980232239,7
24,9,0.023309829580887363,0.815892219543457,1.4079461097717285,2.1617811310215442,0.0,0.0,False,0.9529890418052673,0.8277557643405901,3.7099838256835938,0.3542559742927551,0.5000872611999512,6
24,10,-0.02244020172645156,0.828984797000885,1.4144923686981201,1.6329726096675825,2.9802322387695312e-08,0.0,False,0.9027511477470398,0.7841196839967333,3.830310583114624,0.34367120265960693,0.5,5
24,11,0.07447012620561018,0.8265284299850464,1.413264274597168,1.9328750697944577,5.960464477539063e-08,0.0,False,0.9507977962493896,0.8258524726337646,3.910093069076538,0.3361741900444031,0.500126302242279,2
24,12,0.02247747769943545,0.7924379706382751,1.3962188959121704,1.6714652862567705,8.940696716308594e-08,0.0,False,1.0250927209854126,0.8903842243263089,4.439043998718262,0.29226115345954895,0.5000002384185791,3
24,13,0.0570911412652828,0.7962872982025146,1.3981437683105469,2.2476404426841046,1.1920928955078125e-07,0.0,False,0.961223840713501,0.8349084197914476,3.823946237564087,0.34176909923553467,0.5000000596046448,6
24,14,0.060365229325352314,0.7985334396362305,1.3992667198181152,1.001448267720604,0.0,0.0,False,0.9059327840805054,0.7868832182028273,3.3965306282043457,0.3867040276527405,0.5003698468208313,6
24,15,0.032890369459673316,0.8133578896522522,1.4066790342330933,2.528529903311139,8.940696716308594e-08,0.0,False,0.9317651391029358,0.8093209166844418,3.9068243503570557,0.3354988396167755,0.5000016689300537,2
24,16,-0.02628948074091295,0.8050851225852966,1.4025425910949707,1.721195258583155,2.9802322387695312e-08,0.0,False,0.9475851058959961,0.8230619652486794,3.8155171871185303,0.34323373436927795,0.5000003576278687,6
24,17,0.004400808990716444,0.8177791833877563,1.408889651298523,1.5946870570645837,5.960464477539063e-08,0.0,False,0.8358780741691589,0.7260344703111656,3.056631565093994,0.4332422614097595,0.5000006556510925,6
24,18,0.04528595516145171,0.8350847959518433,1.417542576789856,2.4286496455063564,1.7881393432617188e-07,0.0,False,0.8624035716056824,0.7490742246440076,3.237395763397217,0.40988582372665405,0.5000962018966675,2
24,19,0.02998973506330386,0.8135647177696228,1.4067825078964233,2.054933067138513,1.4901161193847656e-07,0.0,False,0.974039614200592,0.8460400592049789,3.770456075668335,0.3481654226779938,0.5000027418136597,6
24,20,0.0063968094720122754,0.799829363822937,1.3999147415161133,1.4238987250253705,5.960464477539063e-08,0.0,False,0.8899823427200317,0.773028840869277,3.2747104167938232,0.4017362594604492,0.500067949295044,6
24,21,0.0027318696715403906,0.8249865770339966,1.4124932289123535,1.4869884619908342,5.960464477539063e-08,0.0,False,0.808693528175354,0.7024222736748563,2.960646867752075,0.4485052824020386,0.5006489753723145,4
24,22,0.006205895627572521,0.7931199073791504,1.3965599536895752,2.7410892906289943,0.0,0.0,False,0.8973772525787354,0.7794519779608909,3.713453531265259,0.35209333896636963,0.5000097155570984,2
24,23,0.022426845555948025,0.7923053503036499,1.3961527347564697,1.561718613700124,5.960464477539063e-08,0.0,False,1.0236843824386597,0.8891609570072961,4.180904388427734,0.31114116311073303,0.5000003576278687,6
24,24,0.006173272053294906,0.7860509753227234,1.3930253982543945,0.9552128322486297,8.940696716308594e-08,0.0,False,1.033288598060608,0.8975030727025384,4.133187770843506,0.3144321143627167,0.5008836984634399,6
25,1,0.01955313678515141,0.7644433975219727,1.3822216987609863,1.4792628062090702,0.0,0.0,False,0.9292761087417603,0.8071589723821454,3.8943119049072266,0.33292293548583984,0.5000622272491455,2
25,2,0.005442787297464862,0.810066282749176,1.4050331115722656,0.43846487774678,2.9802322387695312e-08,0.0,False,0.9143105745315552,0.7941600745296926,3.8751683235168457,0.33810898661613464,0.4999999701976776,7
25,3,0.017801652255550034,0.7813440561294556,1.390671968460083,1.600624940757737,5.960464477539063e-08,0.0,False,0.8081141114234924,0.7019189986787449,2.928805351257324,0.44879335165023804,0.5000033974647522,7
25,4,-0.004102399004377651,0.8114122152328491,1.4057061672210693,1.569941325366549,5.960464477539063e-08,0.0,False,0.8222121596336365,0.714164407765288,2.998913526535034,0.441184937953949,0.5000748038291931,7
25,5,0.016298600829093395,0.8176961541175842,1.4088480472564697,1.331493063159072,2.9802322387695312e-08,0.0,False,0.8029835224151611,0.6974626256882813,2.9350736141204834,0.45177286863327026,0.5000002384185791,7
25,6,0.00015367765110411362,0.8060305118560791,1.4030152559280396,1.3236674118028797,0.0,0.0,False,0.8443447351455688,0.7333885185955665,3.0832366943359375,0.42818331718444824,0.5000017881393433,7
25,7,-0.012539957247575534,0.7837256193161011,1.3918628692626953,1.3836326566335095,5.960464477539063e-08,0.0,False,0.8405979871749878,0.7301341346581554,3.1249866485595703,0.4200226664543152,0.500002384185791,5
25,8,0.028353270344368565,0.8434544205665588,1.421727180480957,0.13004378964338564,2.9802322387695312e-08,0.0,False,0.8155326843261719,0.7083626892292061,2.9999353885650635,0.4443843960762024,0.5,7
25,9,0.075706706982549,0.783074140548706,1.3915371894836426,2.4352810883416502,1.1920928955078125e-07,0.0,False,0.899468719959259,0.7812686034457751,3.4194717407226562,0.38262832164764404,0.5002759695053101,2
25,10,0.09628391395085312,0.8108829259872437,1.4054415225982666,2.170757037539756,5.960464477539063e-08,0.0,False,0.9094948172569275,0.7899771609085802,3.540339469909668,0.3714960813522339,0.5000109076499939,6
25,11,-0.0008977701318560478,0.820523202419281,1.410261631011963,2.2621929615536502,2.9802322387695312e-08,0.0,False,0.9487123489379883,0.8240410761144814,3.7901968955993652,0.3468145430088043,0.5,2
25,12,0.01950912357780416,0.8242647051811218,1.4121323823928833,0.6239454830841895,2.9802322387695312e-08,0.0,False,1.0317308902740479,0.8961500649102968,4.935525417327881,0.26316726207733154,0.4999999701976776,2
25,13,-0.007503595170848824,0.800105094909668,1.400052547454834,1.4352369307929396,0.0,0.0,False,0.8812578916549683,0.7654508789588931,3.2630648612976074,0.40324729681015015,0.5000145435333252,7
25,14,0.04873780428380282,0.8176445364952087,1.4088222980499268,0.8208911398077783,2.9802322387695312e-08,0.0,False,0.960631787776947,0.8343941691447676,3.8404123783111572,0.3418642580509186,0.500286877155304,7
25,15,0.005094127715608919,0.8106582164764404,1.4053292274475098,1.1715883767524318,1.1920928955078125e-07,0.0,False,0.8291272521018982,0.7201707807669215,3.0269851684570312,0.43688416481018066,0.5000309944152832,7
25,16,0.03189353724707821,0.7862712740898132,1.393135666847229,0.3294885370309723,2.9802322387695312e-08,0.0,False,0.8687882423400879,0.7546198791814506,3.2033703327178955,0.40966618061065674,0.5000334978103638,7
25,17,-0.00540018892549827,0.813082218170166,1.406541109085083,2.291604033382551,0.0,0.0,False,0.9530622363090515,0.8278193402787882,3.7515149116516113,0.3499564826488495,0.5000392198562622,5
25,18,0.007217924152595004,0.8125020265579224,1.4062509536743164,2.717554514399842,5.960464477539063e-08,0.0,False,0.88422691822052,0.7680297426669797,3.456998348236084,0.3809351325035095,0.5000581741333008,2
25,19,0.023608009902046506,0.8064619302749634,1.403230905532837,0.11885904994747984,5.960464477539063e-08,0.0,False,0.8920694589614868,0.7748416870027862,3.628559112548828,0.3617551326751709,0.5000009536743164,2
25,20,0.01939209922556751,0.7855515480041504,1.3927757740020752,1.1024117053847837,0.0,0.0,False,1.022412896156311,0.8880565580548168,4.296508312225342,0.30195704102516174,0.5000008940696716,3
25,21,0.020103275545797022,0.8045369386672974,1.402268409729004,0.8562064875770724,5.960464477539063e-08,0.0,False,1.0005700588226318,0.8690841106085623,4.095211505889893,0.3187946677207947,0.5,3
25,22,0.01090209180814938,0.8361766934394836,1.4180883169174194,2.6793327090472294,2.9802322387695312e-08,0.0,False,0.903164803981781,0.7844789812370392,3.7230896949768066,0.35455578565597534,0.5000203847885132,6
25,23,-0.020032644018665724,0.8301555514335632,1.4150776863098145,1.3606026415748274,8.940696716308594e-08,0.0,False,0.9217450618743896,0.8006175881872378,3.951551675796509,0.3327588438987732,0.5000110864639282,5
25,24,0.057755963313345746,0.835457980632782,1.4177290201187134,2.4945769537659177,2.9802322387695312e-08,0.0,False,0.9366354942321777,0.8135512533995197,3.8486011028289795,0.34245240688323975,0.5000017881393433,2
26,1,0.046008727845357034,0.7333415150642395,1.366670846939087,1.675707533955574,8.940696716308594e-08,0.0,False,0.8026275634765625,0.6971534436826462,2.876429319381714,0.4517183303833008,0.5001112222671509,5
26,2,0.0972890557225192,0.8105471134185791,1.405273675918579,2.438543597279515,1.1920928955078125e-07,0.0,False,0.8766070604324341,0.7614112182864732,3.267853021621704,0.40362510085105896,0.5000340938568115,2
26,3,0.01192421704459844,0.8259592056274414,1.4129796028137207,2.406986370608516,0.0,0.0,False,0.7993068695068359,0.694269125548363,2.928351640701294,0.4537370502948761,0.5000000596046448,5
26,4,0.014045604581855529,0.83347088098526,1.4167354106903076,0.031683362388376816,2.9802322387695312e-08,0.0,False,0.8003977537155151,0.6952166555328124,2.9366180896759033,0.453225314617157,0.5000003576278687,5
26,5,0.06745394099390449,0.8111087083816528,1.4055544137954712,2.079327078097161,5.960464477539063e-08,0.0,False,0.9270652532577515,0.8052386477081643,3.7840538024902344,0.34666910767555237,0.5001237392425537,3
26,6,0.0650384230145658,0.8453210592269897,1.4226605892181396,2.3563920744966302,5.960464477539063e-08,0.0,False,0.8914021253585815,0.7742620484001255,3.6923205852508545,0.3583568334579468,0.5000000596046448,5
26,7,-0.011325738142659147,0.8172041773796082,1.408601999282837,1.1162333018736623,8.940696716308594e-08,0.0,False,0.8019835948944092,0.6965940996791498,2.9309661388397217,0.4523722529411316,0.5000219345092773,7
26,8,0.002096704254828618,0.8077329397201538,1.4038664102554321,1.2478183470704076,5.960464477539063e-08,0.0,False,0.8953455686569214,0.7776872797284602,3.733628034591675,0.3512794077396393,0.500002920627594,5
26,9,0.00225271034954839,0.8069978356361389,1.403498888015747,0.41981902237360147,2.9802322387695312e-08,0.0,False,0.8803324699401855,0.7646470678705659,3.2611207962036133,0.40415188670158386,0.5,5
26,10,0.02756567704248245,0.8310754299163818,1.415537714958191,2.401742589124589,0.0,0.0,False,0.9180381298065186,0.7973977879035046,3.801262140274048,0.34656915068626404,0.5000102519989014,2
26,11,0.018905674798478607,0.8274942636489868,1.4137470722198486,2.4780314195434823,5.960464477539063e-08,0.0,False,0.804275393486023,0.6985847306430928,2.946807622909546,0.4509677290916443,0.5000081658363342,7
26,12,-0.001702702996721339,0.8344955444335938,1.4172476530075073,1.2481708367716644,1.1920928955078125e-07,0.0,False,0.8708570599555969,0.7564168313304103,3.269662380218506,0.4056413769721985,0.5000002384185791,7
26,13,-0.0111623954708014,0.8177464008331299,1.408873200416565,1.9744655581835178,0.0,0.0,False,0.9408277273178101,0.8171925807914044,3.6733624935150146,0.35808250308036804,0.500007152557373,5
26,14,0.02142954395311352,0.8159981369972229,1.407999038696289,0.8587483263518765,2.9802322387695312e-08,0.0,False,0.8827539086341858,0.7667503027967085,3.395541191101074,0.38840290904045105,0.500000536441803,5
26,15,-0.0007157596375310677,0.8022542595863342,1.4011270999908447,1.6591428183966805,2.9802322387695312e-08,0.0,False,0.8839528560638428,0.7677916953022927,3.3097193241119385,0.3975680470466614,0.5000113248825073,7
26,16,0.006587760385865284,0.8307136297225952,1.4153568744659424,1.2455975652935212,5.960464477539063e-08,0.0,False,0.8343564867973328,0.72471283631253,3.0780675411224365,0.4314360022544861,0.5000064373016357,5
26,17,-0.020203021846401964,0.8343306183815002,1.4171653985977173,2.4954925781789563,8.940696716308594e-08,0.0,False,0.8450802564620972,0.7340273842937474,3.175151824951172,0.4181431531906128,0.5,2
26,18,0.055951571586654286,0.8422085642814636,1.4211043119430542,0.019559119657105363,2.9802322387695312e-08,0.0,False,0.8437352776527405,0.7328591505433866,3.177558422088623,0.4185760021209717,0.5000012516975403,2
26,19,-0.002158436473255892,0.8161373138427734,1.4080686569213867,2.185662656768142,0.0,0.0,False,0.9230613708496094,0.8017609196360731,3.629483461380005,0.3624456524848938,0.5002963542938232,7
26,20,-0.006984657868837816,0.820639431476593,1.4103198051452637,0.5566987103023067,8.940696716308594e-08,0.0,False,0.8338894844055176,0.7243072031889282,3.0665884017944336,0.43208086490631104,0.5000008344650269,5
26,21,0.010941095687801505,0.8276132941246033,1.4138067960739136,0.04783326133682744,1.4901161193847656e-07,0.0,False,0.8094291687011719,0.7030612429169106,2.9659783840179443,0.44797080755233765,0.5000002384185791,5
26,22,0.0253395565013164,0.7780511975288391,1.3890255689620972,1.5541957447064552,2.9802322387695312e-08,0.0,False,0.906604528427124,0.7874666879287996,3.342003107070923,0.39134669303894043,0.500032365322113,7
26,23,0.021069185832735572,0.8254113793373108,1.412705659866333,1.4822184760544594,2.9802322387695312e-08,0.0,False,0.8004670143127441,0.6952768145231922,2.9312856197357178,0.4532090425491333,0.5000039935112,7
26,24,0.018533994519287812,0.7811611294746399,1.3905805349349976,2.5292402896549957,2.9802322387695312e-08,0.0,False,0.9368259310722351,0.8137166647370958,3.688544273376465,0.3535889983177185,0.5000026226043701,2
27,1,-0.06315864767977947,0.8191047310829163,1.4095523357391357,1.3652347603014539,2.9802322387695312e-08,0.0,False,0.9660653471946716,0.8391136988891901,3.8033289909362793,0.3454582989215851,0.5000007748603821,7
27,2,0.0789610068640569,0.8436630964279175,1.4218316078186035,1.4942043038955526,5.960464477539063e-08,0.0,False,0.8944504261016846,0.7769097687839479,3.4775230884552,0.3812900483608246,0.5,2
27,3,-0.012376555748539006,0.7779114246368408,1.3889555931091309,1.375407198755714,1.1920928955078125e-07,0.0,False,0.8398303985595703,0.7294674156580603,3.0510833263397217,0.4299090504646301,0.5001053810119629,7
27,4,0.027189898409585873,0.8087137341499329,1.4043569564819336,0.43718292883073484,8.940696716308594e-08,0.0,False,0.9024487733840942,0.7838570449621407,3.518993377685547,0.3736497163772583,0.5000146627426147,7
27,5,-0.023261680563699767,0.8322938084602356,1.416146993637085,1.0346170828048278,8.940696716308594e-08,0.0,False,0.8720808029174805,0.7574797609616382,3.3013973236083984,0.4013962745666504,0.5000000596046448,7
27,6,0.04653771981417697,0.823496401309967,1.4117481708526611,0.34870164914448776,2.9802322387695312e-08,0.0,False,0.833328127861023,0.7238196150896196,3.089711904525757,0.42902672290802,0.5000211596488953,7
27,7,0.03738426980567698,0.8335501551628113,1.4167749881744385,0.8264977153821982,8.940696716308594e-08,0.0,False,0.9853943586349487,0.8559026649075044,3.97062611579895,0.3313329219818115,0.5000002384185791,7
27,8,-0.0020649974765413917,0.8290647268295288,1.4145324230194092,0.8758421602107348,5.960464477539063e-08,0.0,False,0.7999407052993774,0.69481966832263,2.9320425987243652,0.4534819722175598,0.5000020265579224,7
27,9,-0.007380369900378936,0.8320473432540894,1.4160237312316895,0.4316919025219025,5.960464477539063e-08,0.0,False,0.8514065146446228,0.7395223023332798,3.2528319358825684,0.4075874090194702,0.500001072883606,5
27,10,0.061493419036699276,0.8336905837059021,1.416845440864563,0.8766614440116399,1.4901161193847656e-07,0.0,False,0.8407330513000488,0.7302514498665895,3.1591296195983887,0.4202768802642822,0.500003457069397,5
27,11,0.07830599564978857,0.8425725102424622,1.4212863445281982,2.5865431494378717,8.940696716308594e-08,0.0,False,0.9028590321540833,0.784213391202058,3.677342414855957,0.35965514183044434,0.50018709897995,2
27,12,0.010004440900156321,0.8255710601806641,1.412785530090332,2.141164997146105,0.0,0.0,False,0.800135612487793,0.6949889625554543,2.9311892986297607,0.453241765499115,0.5,5
27,13,0.012187627382233338,0.8432677388191223,1.4216339588165283,0.035298007446147237,8.940696716308594e-08,0.0,False,0.8020043969154358,0.6966121680850383,2.9489529132843018,0.45230934023857117,0.5,5
27,14,0.05538171313067457,0.8239057660102844,1.4119529724121094,1.9065858008821024,8.940696716308594e-08,0.0,False,0.9388928413391113,0.8155119601840828,4.015214920043945,0.32680293917655945,0.5001318454742432,3
27,15,0.05836556516517049,0.8317215442657471,1.4158605337142944,2.4105561869706182,2.384185791015625e-07,0.0,False,0.8724582195281982,0.7578075808644649,3.454221248626709,0.3829314112663269,0.5000002384185791,5
27,16,-0.012724193802690735,0.818122923374176,1.4090614318847656,0.9863136875999464,2.9802322387695312e-08,0.0,False,0.8030719757080078,0.6975394552422602,2.9359774589538574,0.45167428255081177,0.5000401735305786,5
27,17,0.0013055768485298073,0.8155860900878906,1.4077931642532349,1.0227947986434593,1.1920928955078125e-07,0.0,False,0.898497462272644,0.780424979738169,3.791212320327759,0.34633710980415344,0.5000044107437134,5
27,18,0.0002366294877577356,0.8085108995437622,1.4042553901672363,0.5006525410779253,5.960464477539063e-08,0.0,False,0.827983021736145,0.719176914899176,3.0221755504608154,0.43737664818763733,0.500056266784668,5
27,19,0.022975955769642488,0.8289688229560852,1.4144845008850098,2.4605837073901853,8.940696716308594e-08,0.0,False,0.9192267656326294,0.7984302238640494,3.8056094646453857,0.3459955155849457,0.5000271797180176,2
27,20,0.015165296825402371,0.8177676200866699,1.408883810043335,2.4896068704740437,0.0,0.0,False,0.80830979347229,0.7020889659467454,2.9565589427948,0.44839274883270264,0.5000030994415283,5
27,21,-0.0014765772095730522,0.8207094669342041,1.4103546142578125,0.786268572414472,1.1920928955078125e-07,0.0,False,0.923068642616272,0.8017672358123435,3.783508539199829,0.34746742248535156,0.5000041723251343,7
27,22,-0.00985740846285264,0.8159874677658081,1.4079937934875488,1.800996366523068,5.960464477539063e-08,0.0,False,0.8326104879379272,0.7231962809724317,3.0496904850006104,0.4340701997280121,0.5002245903015137,5
27,23,0.026439414632251305,0.8141072392463684,1.407053828239441,0.4721897299839619,2.086162567138672e-07,0.0,False,0.8923943638801575,0.77512389582943,3.455634593963623,0.3812335431575775,0.5000006556510925,5
27,24,-0.004408708936389075,0.7837849855422974,1.391892433166504,1.7325008874883199,5.960464477539063e-08,0.0,False,0.9282163977622986,0.8062385191205604,3.7036728858947754,0.3523029685020447,0.5000209212303162,7
28,1,0.10055272792137895,0.7828867435455322,1.3914433717727661,1.4369087416146482,0.0,0.0,False,0.9424926042556763,0.818638674525731,3.759902238845825,0.34676265716552734,0.5000016093254089,6
28,2,0.0992451685763617,0.802949845790863,1.401474952697754,0.8007811521661267,2.9802322387695312e-08,0.0,False,0.9324545860290527,0.8099197626755973,3.5993216037750244,0.36449486017227173,0.5007283687591553,6
28,3,0.05663300976619173,0.8179239630699158,1.4089620113372803,2.469971800536139,2.9802322387695312e-08,0.0,False,0.9392565488815308,0.8158278725414815,3.944117307662964,0.3325251042842865,0.5000007748603821,2
28,4,-0.040650114854971886,0.7930554747581482,1.3965277671813965,1.9397405470830438,2.9802322387695312e-08,0.0,False,0.8991628289222717,0.7810029098669206,3.5203826427459717,0.37214887142181396,0.5000073909759521,6
28,5,0.013248058741693906,0.8044289946556091,1.402214527130127,1.6608001950481353,2.9802322387695312e-08,0.0,False,0.8286617994308472,0.7197664937136724,3.0221052169799805,0.43695998191833496,0.5000433325767517,6
28,6,0.0778072497715514,0.8266786932945251,1.413339376449585,2.4417631458182925,2.9802322387695312e-08,0.0,False,0.8552258014678955,0.7428396927175861,3.1826884746551514,0.41637077927589417,0.5002202391624451,2
28,7,0.05307569200941972,0.8059911131858826,1.4029955863952637,2.207723169894158,2.9802322387695312e-08,0.0,False,0.971331775188446,0.8436880601232641,3.8305885791778564,0.3418973684310913,0.5000003576278687,6
28,8,0.01394610078521228,0.8018556237220764,1.4009279012680054,1.3994237914291976,8.940696716308594e-08,0.0,False,0.9336157441139221,0.8109283317733496,3.5019171237945557,0.3749374449253082,0.5003774166107178,6
28,9,0.009207518723546238,0.8231062889099121,1.411553144454956,1.5521354857221956,0.0,0.0,False,0.8093138337135315,0.7029610642195054,2.961134433746338,0.44823741912841797,0.5003520250320435,4
28,10,0.014365005814767066,0.8132261037826538,1.4066131114959717,2.744851454789441,5.960464477539063e-08,0.0,False,0.9054983854293823,0.7865059043285694,3.7726516723632812,0.34792810678482056,0.5000030994415283,2
28,11,0.04037509574839319,0.801125168800354,1.4005625247955322,1.811336117611554,5.960464477539063e-08,0.0,False,0.9891742467880249,0.8591858340416894,3.9607458114624023,0.32984232902526855,0.5000524520874023,6
28,12,0.014029290299309547,0.8072415590286255,1.4036208391189575,1.0097862531945556,5.960464477539063e-08,0.0,False,1.0391364097595215,0.9025824174066333,4.195491790771484,0.31101536750793457,0.5002354383468628,6
28,13,0.017286861856463675,0.8062955141067505,1.4031476974487305,2.0302809209572397,5.960464477539063e-08,0.0,False,0.9373551607131958,0.8141763477625535,3.716891050338745,0.3528037369251251,0.5002303123474121,1
28,14,0.0089920644673873,0.8164657950401306,1.4082330465316772,0.3561193321072339,1.4901161193847656e-07,0.0,False,0.8086768388748169,0.7024077775325962,2.9542839527130127,0.44860216975212097,0.5002615451812744,1
28,15,0.01519015165077212,0.8063980937004089,1.4031989574432373,2.6121773826028747,8.940696716308594e-08,0.0,False,0.8303410410881042,0.72122506448473,3.0345003604888916,0.435314804315567,0.500338077545166,5
28,16,-0.029161500581734688,0.7842726707458496,1.3921363353729248,2.631635763857275,0.0,0.0,False,0.932928204536438,0.8103311424841666,3.620203971862793,0.36077603697776794,0.5000247359275818,7
28,17,0.029530070864801614,0.8265938758850098,1.4132970571517944,1.3102214270564168,1.1920928955078125e-07,0.0,False,0.8523463606834412,0.7403386422302747,3.2528765201568604,0.4070684313774109,0.5000016689300537,2
28,18,-0.011013310925209404,0.8000022768974304,1.4000011682510376,1.5827904183707422,2.9802322387695312e-08,0.0,False,0.9845954775810242,0.8552087656406715,4.037775039672852,0.3229731321334839,0.5083715915679932,1
28,19,0.009302632220793909,0.8160959482192993,1.4080480337142944,1.0791876512691099,5.960464477539063e-08,0.0,False,0.9418679475784302,0.818096104629707,3.735154151916504,0.35179057717323303,0.5000004172325134,5
28,20,-0.009506321771493936,0.8071237206459045,1.4035618305206299,1.3205645431555475,2.9802322387695312e-08,0.0,False,0.8186624050140381,0.7110811300784836,3.006713628768921,0.4395538866519928,0.5000026822090149,7
28,21,0.017749039841115387,0.8003109693527222,1.4001555442810059,0.48776765522635207,5.960464477539063e-08,0.0,False,0.8805525898933411,0.7648382616325904,3.412715435028076,0.38497424125671387,0.5000008344650269,5
28,22,0.010489006094244739,0.8034304976463318,1.4017152786254883,0.47922170361826416,2.9802322387695312e-08,0.0,False,0.8197277188301086,0.7120064499021131,2.988821506500244,0.4418719410896301,0.5001870393753052,5
28,23,0.0014224527788451033,0.8246686458587646,1.4123344421386719,0.07137972520191059,1.1920928955078125e-07,0.0,False,0.8009802103042603,0.6957225708976928,2.9332149028778076,0.4528213143348694,0.5000051259994507,5
28,24,-0.0051692190176576445,0.7930917739868164,1.3965457677841187,1.1420105134615186,1.1920928955078125e-07,0.0,False,0.8670362234115601,0.7530980948757512,3.35542368888855,0.3911207616329193,0.5000000596046448,5
29,1,0.005107849800330395,0.7944014072418213,1.397200584411621,1.5166056869950677,1.1920928955078125e-07,0.0,False,0.9194818735122681,0.7986518077528837,3.968411684036255,0.32868722081184387,0.5,3
29,2,0.017826397244146475,0.7679927349090576,1.3839963674545288,1.7217600136896827,0.0,0.0,False,0.8210999369621277,0.71319834342752,2.9682581424713135,0.4411959648132324,0.5000125169754028,7
29,3,0.011915725917677911,0.8056174516677856,1.402808666229248,1.3340221170659439,5.960464477539063e-08,0.0,False,0.8190827965736389,0.7114462775476303,2.983147621154785,0.44297462701797485,0.5000965595245361,7
29,4,0.016474693574542565,0.8215094804763794,1.410754680633545,1.5678562437818773,5.960464477539063e-08,0.0,False,0.8021327257156372,0.6967236330646318,2.9345242977142334,0.45227208733558655,0.5000002384185791,7
29,5,0.00014631554324590198,0.8049389123916626,1.402469515800476,1.329805664817759,5.960464477539063e-08,0.0,False,0.8387514352798462,0.7285302400609394,3.059514045715332,0.4314996600151062,0.5000026226043701,7
29,6,-0.011498443241184632,0.77977454662323,1.3898873329162598,1.3586073884332344,5.960464477539063e-08,0.0,False,0.8305122256278992,0.7213737534867701,3.0503385066986084,0.4302157163619995,0.5000031590461731,5
29,7,0.029167039535135685,0.8448532819747925,1.422426700592041,0.10260653407713019,5.960464477539063e-08,0.0,False,0.8130239248275757,0.7061836084158808,2.9895150661468506,0.44613194465637207,0.5000000596046448,7
29,8,0.0769375237093031,0.7876026630401611,1.3938014507293701,2.4871759763196915,1.1920928955078125e-07,0.0,False,0.877366840839386,0.7620711551628679,3.289341926574707,0.3987317979335785,0.5000635385513306,2
29,9,0.09020119977064757,0.8166119456291199,1.4083061218261719,2.1953106567416656,1.4901161193847656e-07,0.0,False,0.903217077255249,0.7845243852254756,3.5562691688537598,0.37025168538093567,0.5000047087669373,6
29,10,-0.0006362823168073063,0.8221302628517151,1.4110652208328247,2.030502950462197,8.940696716308594e-08,0.0,False,0.9469788074493408,0.8225353411091416,3.7831451892852783,0.3476119339466095,0.5000000596046448,2
29,11,0.02057829139610242,0.8271465301513672,1.4135733842849731,0.6225533538782563,1.1920928955078125e-07,0.0,False,1.0325584411621094,0.8968688664786554,4.954617500305176,0.262246310710907,0.5,2
29,12,-0.007618661081546256,0.8069179058074951,1.403459072113037,1.4364264245780956,1.1920928955078125e-07,0.0,False,0.8747994899749756,0.759841182535822,3.2355916500091553,0.4074438810348511,0.5000115633010864,7
29,13,0.049619891368122386,0.8308066129684448,1.4154033660888672,0.8321960267992453,5.960464477539063e-08,0.0,False,0.9584041237831116,0.832459244784653,3.8591597080230713,0.3411247730255127,0.5001085996627808,7
29,14,0.005187504604137509,0.8145086765289307,1.4072543382644653,1.1669521712061997,0.0,0.0,False,0.8268073797225952,0.7181557652208195,3.019490957260132,0.43840640783309937,0.5000286102294922,7
29,15,0.03242898221710455,0.7853603363037109,1.3926801681518555,0.30317660670238056,0.0,0.0,False,0.8548268675804138,0.7424931831456311,3.1243371963500977,0.42027780413627625,0.5000412464141846,7
29,16,-0.0069797640945357805,0.8140228390693665,1.4070115089416504,2.1062742993303663,8.940696716308594e-08,0.0,False,0.9793277978897095,0.8506333171959278,3.9761528968811035,0.32944732904434204,0.5000319480895996,5
29,17,0.00710090436362987,0.8150575160980225,1.4075288772583008,2.711462360394368,1.1920928955078125e-07,0.0,False,0.8762449622154236,0.7610967037713638,3.3899481296539307,0.38898226618766785,0.5000248551368713,2
29,18,0.0231765862889987,0.8088304400444031,1.4044153690338135,0.12393470370030074,1.4901161193847656e-07,0.0,False,0.8907907605171204,0.773731023645973,3.5968284606933594,0.36526814103126526,0.5000004768371582,2
29,19,0.018144148000430807,0.7863581776618958,1.3931790590286255,1.2376430793105881,2.9802322387695312e-08,0.0,False,1.0237106084823608,0.8891837366594192,4.453546524047852,0.2908850610256195,0.5000016689300537,3
29,20,0.019376497274997552,0.8018603324890137,1.4009301662445068,0.7472099844602539,0.0,0.0,False,1.007314682006836,0.8749424158713954,4.166884899139404,0.312887579202652,0.4999999701976776,3
29,21,0.01305091172078375,0.8349997401237488,1.4174998998641968,2.666907692498241,2.9802322387695312e-08,0.0,False,0.9070311188697815,0.7878372196793573,3.6918931007385254,0.3575851321220398,0.5000162720680237,6
29,22,-0.019670556217434895,0.8354181051254272,1.4177091121673584,1.426509009763433,5.960464477539063e-08,0.0,False,0.9215258955955505,0.8004272227761996,3.9688339233398438,0.3316226601600647,0.500011682510376,5
29,23,0.058778023352413694,0.8400907516479492,1.4200453758239746,2.492574770694256,0.0,0.0,False,0.9393388628959656,0.8158993695859862,3.8587212562561035,0.3418594002723694,0.5000016689300537,2
29,24,0.019527879110845987,0.7967595458030701,1.3983796834945679,0.9171834373522816,8.940696716308594e-08,0.0,False,0.9612732529640198,0.8349513387269251,3.7320287227630615,0.3505633473396301,0.5000091791152954,3
30,1,-0.0016493254358624383,0.7790336608886719,1.389516830444336,1.2675877586007118,0.0,0.0,False,1.0086930990219116,0.8761396936782133,4.112544536590576,0.31560832262039185,0.500004768371582,6
30,2,0.019827344023403217,0.8212715983390808,1.4106359481811523,2.597656955492087,1.4901161193847656e-07,0.0,False,0.9410988092422485,0.8174280395592591,3.7358815670013428,0.35212546586990356,0.5000286102294922,2
30,3,0.03977800268059814,0.8336732387542725,1.4168365001678467,0.16819085714874066,1.1920928955078125e-07,0.0,False,0.9229654669761658,0.8016776185900136,3.8123157024383545,0.3457185626029968,0.5000001788139343,2
30,4,0.04638695655557912,0.7960061430931091,1.398003101348877,2.3731872988500586,2.9802322387695312e-08,0.0,False,0.8713610768318176,0.7568546148266677,3.189504861831665,0.4124647378921509,0.5000410676002502,6
30,5,0.035573699595535906,0.8105539083480835,1.4052770137786865,1.0321268347135066,5.960464477539063e-08,0.0,False,1.0093483924865723,0.876708874349672,4.303895473480225,0.30304762721061707,0.5000002384185791,7
30,6,0.027087546718552288,0.818394660949707,1.409197211265564,2.1619178862466524,1.1920928955078125e-07,0.0,False,0.9622403383255005,0.835791338398966,3.771311044692993,0.3484562337398529,0.5000841617584229,6
30,7,-0.024804948102917605,0.8247342705726624,1.4123671054840088,1.672982476406251,2.9802322387695312e-08,0.0,False,0.896903395652771,0.779040391064575,3.7313311100006104,0.35284531116485596,0.5000000596046448,5
30,8,0.08568985057844627,0.8192174434661865,1.4096087217330933,1.8839286752447046,0.0,0.0,False,0.9422212839126587,0.8184030086701298,3.891465187072754,0.3373097777366638,0.5001934766769409,2
30,9,0.027235325619469994,0.7933662533760071,1.3966832160949707,1.680505538988361,8.940696716308594e-08,0.0,False,0.9980162978172302,0.866865941983071,4.123159885406494,0.3157638907432556,0.5000000596046448,3
30,10,0.06463356321694043,0.8052495121955872,1.4026248455047607,2.319052705826944,8.940696716308594e-08,0.0,False,0.9716165065765381,0.8439353746646102,3.897188663482666,0.33575883507728577,0.5000000596046448,6
30,11,0.06893318802924092,0.797664225101471,1.398832082748413,1.0730040992823677,2.9802322387695312e-08,0.0,False,0.9102970957756042,0.7906740111758018,3.4065051078796387,0.3854333758354187,0.5010752081871033,6
30,12,0.038234439473682144,0.806573748588562,1.4032869338989258,2.540173887007113,5.960464477539063e-08,0.0,False,0.9486066699028015,0.8239492844708125,4.012498378753662,0.32580146193504333,0.5000009536743164,2
30,13,-0.03075971056660073,0.7993907332420349,1.3996953964233398,1.8257491012825526,2.9802322387695312e-08,0.0,False,0.9234434962272644,0.8020928295218946,3.6921463012695312,0.35471218824386597,0.5000022649765015,6
30,14,0.008252194587285232,0.808292806148529,1.404146432876587,1.637116727171752,2.9802322387695312e-08,0.0,False,0.8320859670639038,0.7227406879299688,3.0349674224853516,0.4354522228240967,0.5000131726264954,6
30,15,0.05320868401721934,0.8425595760345459,1.421280026435852,2.4459424971618624,2.384185791015625e-07,0.0,False,0.8590666651725769,0.7461758245429573,3.2325308322906494,0.41123098134994507,0.5000847578048706,2
30,16,0.03564577335579507,0.8144677877426147,1.4072340726852417,2.055821481567492,1.7881393432617188e-07,0.0,False,0.9763262867927551,0.8480262377823706,3.787498712539673,0.34660443663597107,0.5000022053718567,6
30,17,0.00890406112687989,0.8008862733840942,1.4004430770874023,1.4155263744254447,5.960464477539063e-08,0.0,False,0.894500732421875,0.7769534642984751,3.29677677154541,0.39905351400375366,0.5000722408294678,6
30,18,0.0035251344315961625,0.8268254399299622,1.4134126901626587,1.4949191592261972,2.9802322387695312e-08,0.0,False,0.8097152709960938,0.7033097482127995,2.965859889984131,0.4478815793991089,0.5008188486099243,4
30,19,0.008538766097237931,0.793921709060669,1.3969608545303345,2.739044579818214,0.0,0.0,False,0.8958131670951843,0.7780934305714285,3.6824042797088623,0.35524293780326843,0.5000076293945312,2
30,20,0.02798394984655164,0.7965778112411499,1.3982889652252197,1.5704781685084752,5.960464477539063e-08,0.0,False,1.022991418838501,0.8885590564718786,4.174718856811523,0.3119144141674042,0.500000536441803,6
30,21,0.007538250008982273,0.7900012731552124,1.395000696182251,0.9675327545609804,5.960464477539063e-08,0.0,False,1.0321309566497803,0.8964975581490481,4.132673263549805,0.31473466753959656,0.50136399269104,6
30,22,0.010673859649160698,0.791671097278595,1.3958356380462646,2.104208847872971,8.940696716308594e-08,0.0,False,0.9002673625946045,0.7819622956248615,3.4280219078063965,0.3823963403701782,0.5008854866027832,1
30,23,0.004395936231799472,0.8076459169387817,1.403822898864746,0.4510352170171161,5.960464477539063e-08,0.0,False,0.8072014451026917,0.7011262667848593,2.9437410831451416,0.44929343461990356,0.5007625818252563,2
30,24,0.00771233937154611,0.7972375154495239,1.3986188173294067,2.6159664862180234,5.960464477539063e-08,0.0,False,0.8221745491027832,0.7141317396732659,2.9949240684509277,0.44027945399284363,0.5003796815872192,5
31,1,0.021876243815536725,0.7381227016448975,1.3690614700317383,1.499027030808585,1.1920928955078125e-07,0.0,False,0.8991591334342957,0.7809997000068487,3.3243346214294434,0.38969701528549194,0.5001780390739441,7
31,2,0.08696523098845674,0.7934367060661316,1.3967182636260986,2.5842576690592223,8.940696716308594e-08,0.0,False,0.8534401655197144,0.7412887090396197,3.1423933506011963,0.4185935854911804,0.5001797676086426,2
31,3,0.0927955740514287,0.8015641570091248,1.4007821083068848,1.972178942065752,2.9802322387695312e-08,0.0,False,0.9113733768463135,0.7916088570357737,3.6902811527252197,0.35507380962371826,0.500015377998352,6
31,4,0.0006138969102877818,0.8014754056930542,1.4007378816604614,1.6878734834039801,1.7881393432617188e-07,0.0,False,0.9922788143157959,0.8618824271337033,4.303268909454346,0.30250436067581177,0.5,2
31,5,0.0213097815000991,0.8272194266319275,1.4136097431182861,0.5676015520122124,2.9802322387695312e-08,0.0,False,1.0253093242645264,0.8905723635440715,4.845994472503662,0.26845744252204895,0.4999999701976776,2
31,6,-0.007560155409248431,0.8137792348861694,1.4068896770477295,1.4705635192792061,5.960464477539063e-08,0.0,False,0.9343706965446472,0.8115840751228762,3.576460599899292,0.36784082651138306,0.5000932216644287,7
31,7,0.05232958064781941,0.7988272309303284,1.3994137048721313,1.1846293057983064,8.940696716308594e-08,0.0,False,0.9303908944129944,0.808127262913189,3.805213212966919,0.3437148928642273,0.5000610947608948,7
31,8,0.006482177680111776,0.8018985390663147,1.400949239730835,1.3752902052452993,2.9802322387695312e-08,0.0,False,0.8844045996665955,0.7681840748101139,3.2800204753875732,0.4012604355812073,0.5000152587890625,7
31,9,0.041411683005755734,0.7840467691421509,1.3920233249664307,0.7657167114973769,5.960464477539063e-08,0.0,False,0.9459654688835144,0.8216551664142653,3.7467453479766846,0.34811723232269287,0.5001076459884644,7
31,10,-0.007767341067927191,0.7912155389785767,1.395607829093933,1.536040384004202,5.960464477539063e-08,0.0,False,1.0045082569122314,0.8725047860064724,4.341056823730469,0.29908764362335205,0.5000004768371582,5
31,11,0.01105639090024774,0.7893374562263489,1.3946689367294312,2.6168769200972335,2.086162567138672e-07,0.0,False,0.9495370984077454,0.8247574444018178,3.724601984024048,0.3506935238838196,0.5000694990158081,2
31,12,0.02449062418737521,0.7970163822174072,1.3985079526901245,0.24521025457231582,2.384185791015625e-07,0.0,False,0.9284723997116089,0.8064608795884444,3.869189500808716,0.33766672015190125,0.5000007152557373,2
31,13,0.02782381294722189,0.7569106817245483,1.378455400466919,1.9069101698367918,5.960464477539063e-08,0.0,False,0.9540092349052429,0.8286418928081803,3.5807814598083496,0.36255186796188354,0.5000633597373962,6
31,14,0.024655158766252943,0.7905715107917786,1.3952858448028564,0.8007357779945881,8.940696716308594e-08,0.0,False,1.0592765808105469,0.9200759477107291,4.823661804199219,0.2677641808986664,0.5,3
31,15,0.01620897712932315,0.8052538633346558,1.4026271104812622,2.1112777483197136,1.7881393432617188e-07,0.0,False,0.9024760723114014,0.7838807565091235,3.4143753051757812,0.38521987199783325,0.5001179575920105,6
31,16,-0.018644889652145776,0.8299813866615295,1.4149906635284424,1.620022088635034,2.9802322387695312e-08,0.0,False,0.9083238244056702,0.7889600494412817,3.9373624324798584,0.3339989185333252,0.5000001192092896,5
31,17,0.056092927396378195,0.8295971155166626,1.4147984981536865,1.9869798173131652,5.960464477539063e-08,0.0,False,0.9689172506332397,0.8415908307417722,3.956287384033203,0.33229905366897583,0.500130295753479,2
31,18,0.017418649839602715,0.7868764996528625,1.3934383392333984,1.4781348690977376,8.940696716308594e-08,0.0,False,1.0508803129196167,0.9127830420835042,4.659822463989258,0.2774413228034973,0.5000043511390686,3
31,19,0.04247144488039974,0.7759721875190735,1.3879863023757935,2.297500003102664,2.086162567138672e-07,0.0,False,0.9300428628921509,0.8078249665751276,3.599039077758789,0.3622753322124481,0.5000003576278687,6
31,20,0.04177110584589133,0.7939538955688477,1.3969769477844238,0.9274680606258727,0.0,0.0,False,0.9446539282798767,0.8205159767203614,3.720975160598755,0.35141825675964355,0.5001059770584106,6
31,21,0.0237498747142037,0.8084201216697693,1.404210090637207,2.3889214071521185,2.9802322387695312e-08,0.0,False,0.9240063428878784,0.8025817119196194,3.88393497467041,0.3371904492378235,0.5000022649765015,2
31,22,-0.020718952920587928,0.8049594759941101,1.402479648590088,1.564863506844752,8.940696716308594e-08,0.0,False,0.9631550312042236,0.8365858305386974,3.85312557220459,0.3397369980812073,0.5,6
31,23,0.0017287157767165127,0.8188375234603882,1.4094187021255493,1.5587053235716106,5.960464477539063e-08,0.0,False,0.8545897603034973,0.7422872343816631,3.1402077674865723,0.42143285274505615,0.5000072717666626,6
31,24,0.03285894913565897,0.8393046259880066,1.4196522235870361,2.407501310226526,8.940696716308594e-08,0.0,False,0.8621518611907959,0.748855591755562,3.276575803756714,0.40519803762435913,0.5000855922698975,2
32,1,0.017054419238220268,0.8110613226890564,1.4055306911468506,1.7125638499855995,2.9802322387695312e-08,0.0,False,0.8028266429901123,0.6973263619510356,2.931339740753174,0.4516470432281494,0.5000002384185791,7
32,2,-0.0011516494558546583,0.7941706776618958,1.397085428237915,1.2817367075476327,8.940696716308594e-08,0.0,False,0.9072067141532898,0.787989739804709,3.361084461212158,0.39053821563720703,0.5000022053718567,7
32,3,-0.011436238839202369,0.6779363751411438,1.3389681577682495,1.256882454046725,2.9802322387695312e-08,0.0,False,0.8242887854576111,0.7159681420379479,2.9263839721679688,0.43743896484375,0.5000223517417908,7
32,4,0.029247905943542218,0.8105591535568237,1.4052796363830566,0.09875635084484621,5.960464477539063e-08,0.0,False,0.8130946159362793,0.70624500993274,2.9670186042785645,0.44599130749702454,0.5000001192092896,7
32,5,0.07856349358784895,0.7929920554161072,1.3964959383010864,2.393709018965591,8.940696716308594e-08,0.0,False,0.8982946276664734,0.7802487998377712,3.4856061935424805,0.37599101662635803,0.5000680685043335,2
32,6,0.10121403441847518,0.7998484969139099,1.3999242782592773,2.227366266185645,2.9802322387695312e-08,0.0,False,0.8844749927520752,0.7682452174672899,3.341386556625366,0.39344626665115356,0.5000007748603821,6
32,7,-0.0002845856370499618,0.8032495975494385,1.4016247987747192,2.279091778590472,0.0,0.0,False,0.9996495842933655,0.8682845965909766,4.301670074462891,0.3027375042438507,0.5,2
32,8,0.020768329337088463,0.8261546492576599,1.4130773544311523,0.6116094331720022,2.9802322387695312e-08,0.0,False,1.0227478742599487,0.8883475163387532,4.803831100463867,0.27088475227355957,0.5,2
32,9,-0.00744921889793586,0.8127070665359497,1.40635347366333,1.4995203424318857,5.960464477539063e-08,0.0,False,0.9379170536994934,0.8146644018092919,3.583004951477051,0.367054283618927,0.5000584125518799,7
32,10,0.05083511616333841,0.8215736746788025,1.4107868671417236,1.0873589775090489,2.9802322387695312e-08,0.0,False,0.9584562182426453,0.8325044934572795,3.865278482437134,0.33987224102020264,0.5000983476638794,7
32,11,0.00604285001229184,0.806678831577301,1.4033393859863281,1.2669112003735878,2.9802322387695312e-08,0.0,False,0.8831787705421448,0.7671193331611035,3.2740681171417236,0.40246760845184326,0.500006914138794,7
32,12,0.040383567940783315,0.7873302698135376,1.393665075302124,0.5147666906345163,5.960464477539063e-08,0.0,False,0.9438671469688416,0.8198325871566671,3.741821050643921,0.3488572835922241,0.5000491142272949,7
32,13,-0.006100660175415907,0.8242548108100891,1.4121274948120117,1.6785416342358446,8.940696716308594e-08,0.0,False,1.0143624544143677,0.8810640332039975,4.352287769317627,0.3003889322280884,0.4999999701976776,5
32,14,0.010887838679580911,0.8178676962852478,1.4089339971542358,2.6028184890003017,1.4901161193847656e-07,0.0,False,0.9800971746444702,0.8513015893541224,3.9422168731689453,0.33268219232559204,0.5002131462097168,2
32,15,0.023734749848538815,0.8165551424026489,1.4082777500152588,0.28895949921078323,1.7881393432617188e-07,0.0,False,0.9198954105377197,0.7990110014493164,3.8757588863372803,0.3385419249534607,0.5000011920928955,2
32,16,0.02644108077795708,0.7781188488006592,1.3890595436096191,1.7983836689524557,1.1920928955078125e-07,0.0,False,0.9938896298408508,0.8632815637214942,3.8500826358795166,0.3379575312137604,0.5000414848327637,6
32,17,0.02431220226213673,0.8021155595779419,1.4010578393936157,0.7609386505387157,5.960464477539063e-08,0.0,False,1.0596164464950562,0.9203711512934705,4.769655704498291,0.27159833908081055,0.5000000596046448,3
32,18,0.014756511447610362,0.82480788230896,1.4124040603637695,2.1338320591869255,1.1920928955078125e-07,0.0,False,0.8914890289306641,0.7743375318837518,3.448302984237671,0.3830101788043976,0.5000486969947815,6
32,19,-0.018821215707896865,0.8384543061256409,1.4192272424697876,1.5310549012326469,8.940696716308594e-08,0.0,False,0.908767580986023,0.7893454915095927,3.9555060863494873,0.3330088257789612,0.5000000596046448,5
32,20,0.056025180525213714,0.8336747884750366,1.4168375730514526,2.136290867246866,1.7881393432617188e-07,0.0,False,0.9822601675987244,0.8531803411629787,3.9856648445129395,0.3300338685512543,0.5000582337379456,2
32,21,0.016131063892496852,0.7874190211296082,1.393709421157837,1.5276554743260338,8.940696716308594e-08,0.0,False,1.0490362644195557,0.9111813219076274,4.628041744232178,0.2794710695743561,0.5000136494636536,3
32,22,0.04033787361797833,0.7719746232032776,1.385987401008606,2.2245077079243782,8.940696716308594e-08,0.0,False,0.914360523223877,0.7942034594125998,3.554201126098633,0.3666669726371765,0.5000007748603821,6
32,23,0.03923909780856684,0.78597491979599,1.3929874897003174,0.9218029713428013,2.9802322387695312e-08,0.0,False,0.9384668469429016,0.8151419461528917,3.6471478939056396,0.35815101861953735,0.5000820755958557,6
32,24,0.022024776465204083,0.7999626994132996,1.3999814987182617,2.4238158180374,1.4901161193847656e-07,0.0,False,0.922683835029602,0.8014329961893731,3.87442684173584,0.3374146521091461,0.5000054240226746,2
33,1,0.03829403699863552,0.8439962863922119,1.4219980239868164,1.2463797543730055,1.1920928955078125e-07,0.0,False,1.0007597208023071,0.869248848910962,4.004465579986572,0.32914385199546814,0.5000001192092896,7
33,2,-0.0016277114359630773,0.8373278975486755,1.4186639785766602,1.1073918344738212,2.9802322387695312e-08,0.0,False,0.8012959957122803,0.6959968586180302,2.942275285720825,0.45273733139038086,0.5000011920928955,7
33,3,-0.007956615920012953,0.7981679439544678,1.3990840911865234,0.4414073914100706,1.1920928955078125e-07,0.0,False,0.8553021550178528,0.7429060125684264,3.2559642791748047,0.40397220849990845,0.5000036358833313,5
33,4,0.06721627459191158,0.8181160688400269,1.4090580940246582,0.8855956899013334,5.960464477539063e-08,0.0,False,0.8347011804580688,0.7250122334221395,3.104377269744873,0.4263908267021179,0.5000132918357849,5
33,5,0.08330021481471883,0.8323256969451904,1.4161628484725952,2.592574199191883,0.0,0.0,False,0.8959336876869202,0.7781981134273217,3.54225492477417,0.3730916678905487,0.5001837015151978,2
33,6,0.010463277386918886,0.8347348570823669,1.4173674583435059,2.216941244352061,2.9802322387695312e-08,0.0,False,0.80107182264328,0.695802144364314,2.9405014514923096,0.452742338180542,0.5000001192092896,5
33,7,0.013706174222062297,0.840285062789917,1.420142650604248,0.031011973254658768,1.1920928955078125e-07,0.0,False,0.8011873364448547,0.695902478377529,2.944053888320923,0.452769935131073,0.5000001192092896,5
33,8,0.06427311257258624,0.8131909370422363,1.4065954685211182,2.1084759263551334,0.0,0.0,False,0.9132859110832214,0.793270063166854,3.6945536136627197,0.3555793762207031,0.5000847578048706,3
33,9,0.06425402415461912,0.8278030753135681,1.4139015674591064,2.4762089721708214,2.9802322387695312e-08,0.0,False,0.8585578203201294,0.7457338475198316,3.311821222305298,0.39967355132102966,0.5000002384185791,5
33,10,-0.011164429787353786,0.8094429969787598,1.4047214984893799,1.2355186213982865,0.0,0.0,False,0.8023068904876709,0.6968749106635042,2.92722487449646,0.4521244764328003,0.5000408887863159,5
33,11,0.0011838327430220138,0.8075854182243347,1.4037927389144897,1.1816836762200134,2.9802322387695312e-08,0.0,False,0.9017696380615234,0.7832671555160245,3.8286170959472656,0.34220269322395325,0.5000032782554626,5
33,12,0.0015754273949658542,0.7980976700782776,1.3990488052368164,0.4849915117167853,2.9802322387695312e-08,0.0,False,0.8552230000495911,0.7428372594365638,3.13895845413208,0.41953909397125244,0.5000063180923462,5
33,13,0.025579967819595883,0.8356330990791321,1.4178166389465332,2.4539378122404085,8.940696716308594e-08,0.0,False,0.9204562902450562,0.7994981753731317,3.7823050022125244,0.3487294316291809,0.5000188946723938,2
33,14,0.01721654316766486,0.8279502391815186,1.4139752388000488,2.47323451795935,1.1920928955078125e-07,0.0,False,0.8055416941642761,0.6996846254370841,2.951129674911499,0.450334370136261,0.5000123977661133,5
33,15,-0.001531682133877966,0.8311944603919983,1.4155972003936768,1.0883741210673554,2.9802322387695312e-08,0.0,False,0.9050641059875488,0.7861286939981847,3.561105489730835,0.3709494173526764,0.5000008940696716,7
33,16,-0.011217844047874525,0.8236342072486877,1.4118170738220215,2.0265311141241726,2.9802322387695312e-08,0.0,False,0.879233717918396,0.7636927039904794,3.27152681350708,0.40438589453697205,0.500043511390686,5
33,17,0.0233292878406538,0.8150059580802917,1.4075030088424683,0.7859325700763494,2.9802322387695312e-08,0.0,False,0.9184619188308716,0.7977658863730399,3.7442731857299805,0.35081326961517334,0.5000008940696716,5
33,18,-0.0008037647535561231,0.7999112010002136,1.3999555110931396,1.8316560449540598,8.940696716308594e-08,0.0,False,0.904217004776001,0.7853929112346071,3.463090658187866,0.3791366517543793,0.5000085830688477,7
33,19,0.006018592028964975,0.8361026644706726,1.4180512428283691,1.394636917664167,8.940696716308594e-08,0.0,False,0.8378720879554749,0.7277664486796377,3.1072282791137695,0.42778557538986206,0.500004231929779,5
33,20,-0.017909518318050308,0.8351020812988281,1.4175509214401245,2.7220761412213577,1.1920928955078125e-07,0.0,False,0.8449453711509705,0.7339102244011232,3.173128366470337,0.41849395632743835,0.5000000596046448,2
33,21,0.05218173482185182,0.8410912752151489,1.4205456972122192,0.022652324885819294,5.960464477539063e-08,0.0,False,0.8437709808349609,0.732890161933436,3.177908182144165,0.4184204936027527,0.5000019073486328,2
33,22,-0.004200306744999796,0.8135699033737183,1.406785011291504,2.239735843108952,5.960464477539063e-08,0.0,False,0.9209743142127991,0.7999481252745005,3.5637028217315674,0.36918285489082336,0.5003859996795654,5
33,23,-0.006294664988538966,0.815775990486145,1.4078879356384277,0.5011800246388706,5.960464477539063e-08,0.0,False,0.8418806791305542,0.7312482667347238,3.1079626083374023,0.42564743757247925,0.5000007152557373,5
33,24,0.010163774521216938,0.8304463028907776,1.4152231216430664,0.06687217987936361,2.9802322387695312e-08,0.0,False,0.8104125261306763,0.7039153763276552,2.972039222717285,0.44732701778411865,0.5000002384185791,5
34,1,0.11552398730531353,0.8180301785469055,1.4090149402618408,1.3825145228100673,1.4901161193847656e-07,0.0,False,0.9494938850402832,0.8247199097477512,3.7688865661621094,0.34866341948509216,0.5000107288360596,2
34,2,0.03932372531227586,0.8151426911354065,1.4075713157653809,1.6321447163501084,2.9802322387695312e-08,0.0,False,0.9826681017875671,0.8535346682973669,4.166493892669678,0.31382039189338684,0.5000000596046448,3
34,3,0.07775950856899133,0.8114607930183411,1.4057306051254272,2.4925305929166948,2.086162567138672e-07,0.0,False,0.9782402515411377,0.8496886864399303,3.9395394325256348,0.3324551284313202,0.5000001192092896,6
34,4,0.08337438492430471,0.8075124621391296,1.4037563800811768,1.182295401174698,1.4901161193847656e-07,0.0,False,0.9171852469444275,0.7966569832620726,3.458613395690918,0.3802788257598877,0.5012754797935486,6
34,5,0.046185316321566916,0.8106679320335388,1.4053338766098022,2.5355426614103713,8.940696716308594e-08,0.0,False,0.953904390335083,0.8285508259716244,4.0395073890686035,0.32381945848464966,0.5000005960464478,2
34,6,-0.035226788917827954,0.7903394103050232,1.395169734954834,1.9199046274819642,2.9802322387695312e-08,0.0,False,0.8982040286064148,0.780170106494073,3.51539945602417,0.372460275888443,0.5000084042549133,6
34,7,0.009358361438110765,0.7999368906021118,1.3999683856964111,1.6636861618598926,5.960464477539063e-08,0.0,False,0.8272106647491455,0.7185060541441495,3.014371633529663,0.4376438856124878,0.500042200088501,6
34,8,0.06482928005429209,0.8217239379882812,1.4108619689941406,2.4255273764866394,0.0,0.0,False,0.8557815551757812,0.7433224142548501,3.1650328636169434,0.41829127073287964,0.5001996755599976,2
34,9,0.04437160809855813,0.8067169785499573,1.4033585786819458,2.2071131203428584,8.940696716308594e-08,0.0,False,0.9729461669921875,0.8450903030272537,3.817706346511841,0.34315431118011475,0.500000536441803,6
34,10,0.010785381928847086,0.8030626773834229,1.4015312194824219,1.3972819371354432,1.1920928955078125e-07,0.0,False,0.9145776033401489,0.7943920128058556,3.4004032611846924,0.38666102290153503,0.5001907348632812,6
34,11,0.007170064732982861,0.8221640586853027,1.411082148551941,1.5207925506958087,1.1920928955078125e-07,0.0,False,0.8085908889770508,0.7023331223999563,2.9579784870147705,0.44862890243530273,0.5004137754440308,4
34,12,0.011233613371962166,0.8099799752235413,1.4049899578094482,2.748633047998888,2.9802322387695312e-08,0.0,False,0.9024407267570496,0.7838500557506939,3.7761340141296387,0.3473414480686188,0.5000056028366089,2
34,13,0.0336626164330195,0.8025919795036316,1.4012959003448486,1.6579552538651392,8.940696716308594e-08,0.0,False,1.0171058177947998,0.8834468883599518,4.155574798583984,0.3138265311717987,0.500022828578949,6
34,14,0.011433151231187648,0.8051637411117554,1.4025819301605225,0.9574441091035761,5.960464477539063e-08,0.0,False,1.0395727157592773,0.9029613879828637,4.195164203643799,0.31089743971824646,0.5003529787063599,6
34,15,0.014408221523747489,0.8048555850982666,1.4024277925491333,2.0288293981797407,0.0,0.0,False,0.9257856607437134,0.8041272077723014,3.6837997436523438,0.355975478887558,0.5005069971084595,1
34,16,0.006418169364219611,0.8162160515785217,1.408108115196228,0.3559908967160566,8.940696716308594e-08,0.0,False,0.8083069324493408,0.7020864808937866,2.9529309272766113,0.44878336787223816,0.5004041790962219,2
34,17,0.011692241787140272,0.805051863193512,1.4025260210037231,2.6185035765099753,8.940696716308594e-08,0.0,False,0.8261581659317017,0.7175918652868983,3.015981674194336,0.437933087348938,0.5003303289413452,5
34,18,-0.0249247091300853,0.7811470031738281,1.390573501586914,2.637723522728032,0.0,0.0,False,0.9467719793319702,0.8223556924889885,3.735426425933838,0.3489818572998047,0.5000317692756653,7
34,19,0.023855254177477213,0.8244562149047852,1.4122281074523926,1.286979531315159,0.0,0.0,False,0.8547298312187195,0.7424088984327754,3.276268243789673,0.40385767817497253,0.5000021457672119,2
34,20,-0.010795485682703939,0.797555685043335,1.398777961730957,1.6705807681587848,1.1920928955078125e-07,0.0,False,0.9851235151290894,0.8556674132273964,4.112220764160156,0.31677931547164917,0.5055498480796814,1
34,21,0.0068731016952750254,0.8135573863983154,1.4067786931991577,1.0517630413229138,0.0,0.0,False,0.9210829734802246,0.8000425055150017,3.570568084716797,0.3684554100036621,0.5000006556510925,5
34,22,-0.007651159490967926,0.80234694480896,1.40117347240448,1.3308265672020287,0.0,0.0,False,0.8152686357498169,0.7081333395498753,2.984987258911133,0.44234699010849,0.5000024437904358,7
34,23,0.013439172888033434,0.7958288192749023,1.3979144096374512,0.5946101541139179,0.0,0.0,False,0.9018980860710144,0.7833787240394914,3.603703498840332,0.36346036195755005,0.5000006556510925,5
34,24,0.008407680915613756,0.8013790845870972,1.4006896018981934,0.5858196404408207,5.960464477539063e-08,0.0,False,0.8259942531585693,0.7174494924611287,3.0106914043426514,0.43834030628204346,0.5003215074539185,5
35,1,-0.05359214293140532,0.7951792478561401,1.3975896835327148,1.4149261175521783,5.960464477539063e-08,0.0,False,0.9603326320648193,0.8341343257947539,3.87740159034729,0.3367832899093628,0.5000008344650269,6
35,2,0.020834347765774634,0.7933027148246765,1.3966513872146606,1.571733811718824,2.9802322387695312e-08,0.0,False,0.850519061088562,0.7387514699685945,3.1011030673980713,0.4243401885032654,0.5000247955322266,6
35,3,0.10560529366850724,0.818289041519165,1.4091445207595825,2.642239901712109,0.0,0.0,False,0.8701093196868896,0.7557673523852174,3.3469178676605225,0.39446064829826355,0.5000839829444885,2
35,4,0.07741719064219169,0.8110301494598389,1.4055150747299194,2.229035709641948,0.0,0.0,False,0.9387801885604858,0.8154141112238266,3.8271238803863525,0.3426051735877991,0.5000001788139343,6
35,5,0.014842657613672162,0.8138726949691772,1.406936526298523,1.437344072816427,1.7881393432617188e-07,0.0,False,0.9751319885253906,0.8469888834878445,3.7667691707611084,0.3485414981842041,0.5000983476638794,6
35,6,0.015403586642052637,0.8177051544189453,1.4088525772094727,1.3740394941541785,0.0,0.0,False,0.8087605237960815,0.7024804653316437,2.9565131664276123,0.4483908414840698,0.500087559223175,4
35,7,0.023842465832586385,0.8232604265213013,1.4116302728652954,2.719571248539511,5.960464477539063e-08,0.0,False,0.9649720191955566,0.8381640462553381,4.197813987731934,0.3119138181209564,0.5,1
35,8,0.05303213904413537,0.8069892525672913,1.4034945964813232,2.339896624701631,2.9802322387695312e-08,0.0,False,0.8551350831985474,0.7427608958300146,3.144500732421875,0.41966235637664795,0.500002920627594,6
35,9,0.02509025331711596,0.8366121649742126,1.4183061122894287,0.8455275142372793,2.9802322387695312e-08,0.0,False,1.025388240814209,0.8906409095881875,4.132020950317383,0.3180173337459564,0.5000011324882507,6
35,10,0.031397739212903855,0.8330488801002502,1.4165242910385132,1.536572513516643,1.4901161193847656e-07,0.0,False,0.9686955213546753,0.8413982391374584,3.9850921630859375,0.3300391137599945,0.5000448822975159,6
35,11,0.01354149468875594,0.8295925855636597,1.414796233177185,1.0132957616043639,5.960464477539063e-08,0.0,False,0.8141708970069885,0.7071798557927118,2.983159303665161,0.4455118775367737,0.5000928640365601,1
35,12,0.023917533148622813,0.8333213925361633,1.4166607856750488,2.635116955561646,8.940696716308594e-08,0.0,False,0.8439897298812866,0.7330801649409178,3.1068942546844482,0.42755475640296936,0.5000512599945068,5
35,13,-0.03870734821617851,0.7894496917724609,1.3947248458862305,2.6150008475212507,0.0,0.0,False,0.9036646485328674,0.7849131406977317,3.404968500137329,0.38490018248558044,0.5000332593917847,7
35,14,0.04308335636732032,0.8298261761665344,1.414913296699524,1.4383421587554444,2.086162567138672e-07,0.0,False,0.8469879627227783,0.7356843968979596,3.179795742034912,0.41707471013069153,0.5000008940696716,2
35,15,-0.01319974880946077,0.8057916164398193,1.4028959274291992,1.3928124916592761,1.1920928955078125e-07,0.0,False,0.9671059250831604,0.8400175333591126,3.8617916107177734,0.3388422429561615,0.5058294534683228,1
35,16,0.01556586692074839,0.8312227129936218,1.4156112670898438,0.625300042046659,8.940696716308594e-08,0.0,False,1.0108425617218018,0.8780066932574516,4.286273002624512,0.3056887090206146,0.5000000596046448,5
35,17,-0.010720349716654297,0.8278983235359192,1.4139492511749268,1.1092082071018932,8.940696716308594e-08,0.0,False,0.8182728290557861,0.7107427487005816,3.0164899826049805,0.44025301933288574,0.5000004768371582,7
35,18,0.02650970823261184,0.8115675449371338,1.4057836532592773,0.09316430066057017,1.1920928955078125e-07,0.0,False,0.8118599653244019,0.7051726060371063,2.9676854610443115,0.44599562883377075,0.5000014305114746,5
35,19,0.016612014928008484,0.8200684189796448,1.4100341796875,0.065304203705238,2.9802322387695312e-08,0.0,False,0.8169516324996948,0.7095951719529415,2.990412950515747,0.44339519739151,0.5000367164611816,7
35,20,0.003935152018157771,0.8300719857215881,1.4150359630584717,0.06375384259564457,2.9802322387695312e-08,0.0,False,0.79720139503479,0.6924403336583675,2.923353672027588,0.4549824297428131,0.500002384185791,5
35,21,-0.005839891479759165,0.8264866471290588,1.4132434129714966,0.71249409781611,8.940696716308594e-08,0.0,False,0.9016196727752686,0.7831368973234295,3.8006467819213867,0.34627777338027954,0.5000004768371582,5
35,22,0.0334370835435404,0.7899281978607178,1.394964337348938,0.7346687606137595,2.384185791015625e-07,0.0,False,0.8059468269348145,0.7000365192904501,2.9349558353424072,0.4487681984901428,0.5000061392784119,5
35,23,0.03795878030151308,0.8385669589042664,1.419283390045166,2.6009757708576196,8.940696716308594e-08,0.0,False,0.9677700996398926,0.8405944280491312,3.9950032234191895,0.3295105993747711,0.5021740198135376,2
35,24,0.004776017553552538,0.8088240027427673,1.404412031173706,1.898993745877246,2.9802322387695312e-08,0.0,False,0.8161090016365051,0.7088632720846123,2.997570037841797,0.44111767411231995,0.5,5
36,1,0.07375784410658004,0.8420694470405579,1.4210346937179565,1.5481590828193086,2.9802322387695312e-08,0.0,False,0.8885394334793091,0.7717755458270109,3.3948488235473633,0.3908041715621948,0.5000000596046448,2
36,2,-0.0030373338231027046,0.7768200039863586,1.3884100914001465,1.3253220922959008,8.940696716308594e-08,0.0,False,0.8475502133369446,0.7361727615763178,3.0887694358825684,0.4243885576725006,0.5001285076141357,7
36,3,0.025433478362417997,0.8115226030349731,1.4057613611221313,0.3851421015891361,5.960464477539063e-08,0.0,False,0.8950513601303101,0.7774317334491878,3.433730125427246,0.3835276961326599,0.5000154972076416,7
36,4,-0.022574974756521347,0.8331921696662903,1.4165960550308228,1.0491954907800838,2.9802322387695312e-08,0.0,False,0.8801112174987793,0.7644548904417452,3.3625762462615967,0.39390408992767334,0.5000001192092896,7
36,5,0.043370963051409465,0.8283806443214417,1.414190411567688,0.3510226229506405,8.940696716308594e-08,0.0,False,0.8438272476196289,0.7329390346416276,3.155089855194092,0.42031368613243103,0.500030517578125,7
36,6,0.03452210962705849,0.8344214558601379,1.4172108173370361,0.8404544368280492,8.940696716308594e-08,0.0,False,0.9823219776153564,0.8532340286612781,3.949819564819336,0.3332195281982422,0.5000001192092896,7
36,7,-0.002145402510501458,0.8300708532333374,1.4150354862213135,0.913855976941702,5.960464477539063e-08,0.0,False,0.800288200378418,0.6951214987132617,2.933884382247925,0.4532962143421173,0.5000017285346985,7
36,8,-0.006707158192886538,0.8311040997505188,1.4155521392822266,0.43597019811422255,8.940696716308594e-08,0.0,False,0.852698564529419,0.7406445626039012,3.263981580734253,0.4060562551021576,0.5000009536743164,5
36,9,0.05801501532464431,0.8259776830673218,1.4129890203475952,0.9332932381247456,1.7881393432617188e-07,0.0,False,0.8232095241546631,0.7150307075811438,3.039372205734253,0.43662989139556885,0.5000101327896118,5
36,10,0.07344173073882425,0.8366358280181885,1.4183177947998047,2.6291583939094556,1.1920928955078125e-07,0.0,False,0.9014145731925964,0.7829587500894392,3.644575357437134,0.36254265904426575,0.5003600716590881,2
36,11,0.00942065969777385,0.8257290720939636,1.4128644466400146,2.1540649598540136,8.940696716308594e-08,0.0,False,0.8015795946121216,0.69624318949258,2.9368560314178467,0.4523559808731079,0.5,5
36,12,0.011537799875337405,0.8412601351737976,1.4206300973892212,0.03448708824108376,2.9802322387695312e-08,0.0,False,0.802705705165863,0.6972213166915858,2.95047664642334,0.45185500383377075,0.5,5
36,13,0.05381360957700697,0.8254616856575012,1.4127309322357178,2.0424779883521063,8.940696716308594e-08,0.0,False,0.9242108464241028,0.8027593414342432,3.8284943103790283,0.3435703217983246,0.5001537203788757,3
36,14,0.05378696829324636,0.8303317427635193,1.4151657819747925,2.4367391097254636,8.940696716308594e-08,0.0,False,0.8671413064002991,0.7531893688000537,3.399958848953247,0.38915613293647766,0.5000002384185791,5
36,15,-0.010630894535882975,0.8172066807746887,1.4086034297943115,1.2078733625958449,8.940696716308594e-08,0.0,False,0.804233193397522,0.6985480761119491,2.939932107925415,0.45094871520996094,0.5000368356704712,5
36,16,0.0006632689386276,0.8154112696647644,1.4077056646347046,1.2139137347971702,2.9802322387695312e-08,0.0,False,0.8988741040229797,0.7807521266058194,3.796919345855713,0.3457815647125244,0.5000039339065552,5
36,17,-0.00021318502230176142,0.8074575066566467,1.403728723526001,0.49592403798138524,2.9802322387695312e-08,0.0,False,0.8261332511901855,0.7175702246173813,3.0147831439971924,0.4383734464645386,0.5000491738319397,5
36,18,0.02106347020492132,0.8303786516189575,1.4151893854141235,2.4642556328556564,5.960464477539063e-08,0.0,False,0.9202489852905273,0.7993181125774856,3.7736361026763916,0.34916025400161743,0.5000385046005249,2
36,19,0.015025833372329014,0.8208022713661194,1.4104011058807373,2.4820854359120945,2.9802322387695312e-08,0.0,False,0.8079077005386353,0.7017397124621483,2.956944465637207,0.44865715503692627,0.5000029802322388,5
36,20,-0.001163641867212047,0.8270329236984253,1.4135165214538574,0.8146604607245661,5.960464477539063e-08,0.0,False,0.9223959445953369,0.801182937735385,3.801945924758911,0.3461959958076477,0.5000048875808716,7
36,21,-0.010299182564847997,0.8131468296051025,1.4065734148025513,1.826018137613379,0.0,0.0,False,0.8360240459442139,0.7261612597840056,3.0581376552581787,0.4325406849384308,0.5001887083053589,5
36,22,0.022451054685084362,0.8093512058258057,1.4046754837036133,0.5113637978278983,1.1920928955078125e-07,0.0,False,0.8976865410804749,0.7797206225401341,3.510056734085083,0.37469223141670227,0.5000011324882507,5
36,23,-0.002026320340192918,0.7858434319496155,1.3929216861724854,2.00772653299859,2.9802322387695312e-08,0.0,False,0.9228830337524414,0.8016060180016357,3.642116069793701,0.3586551547050476,0.5000206232070923,7
36,24,0.005156584704991611,0.8351247310638428,1.417562484741211,1.3171901664969663,1.1920928955078125e-07,0.0,False,0.8610134124755859,0.747866747765671,3.266402006149292,0.4061199426651001,0.5000013113021851,5
37,1,0.07604259029877616,0.79974764585495,1.3998738527297974,1.4979906106101615,2.9802322387695312e-08,0.0,False,0.9208757877349854,0.7998625462632288,3.8008034229278564,0.3442029356956482,0.5000020861625671,2
37,2,-0.04861488943833579,0.7804802656173706,1.39024019241333,1.8297313162186462,5.960464477539063e-08,0.0,False,0.9161469340324402,0.7957551161257426,3.7378556728363037,0.34869351983070374,0.5000054240226746,6
37,3,0.018420256901204815,0.7794126868247986,1.3897063732147217,1.7250606355632272,2.9802322387695312e-08,0.0,False,0.8365688323974609,0.7266344552849273,3.042037010192871,0.43138426542282104,0.5001376867294312,6
37,4,0.09603123202979252,0.8056390881538391,1.4028196334838867,2.655245657261967,8.940696716308594e-08,0.0,False,0.8664045333862305,0.7525494158912033,3.2603862285614014,0.40411317348480225,0.5001363754272461,2
37,5,0.07055743560920037,0.7987791895866394,1.3993895053863525,2.287709485455324,8.940696716308594e-08,0.0,False,0.9294958114624023,0.8073498037406134,3.7948808670043945,0.3446863889694214,0.5000004768371582,6
37,6,0.013356318457005207,0.8109275698661804,1.405463695526123,1.4406399394942864,8.940696716308594e-08,0.0,False,0.9845836162567139,0.8551984630252794,3.824714183807373,0.34282004833221436,0.5000722408294678,6
37,7,0.014894219342219683,0.8231186270713806,1.4115593433380127,1.400842362434058,2.9802322387695312e-08,0.0,False,0.808403730392456,0.7021705585188956,2.9585049152374268,0.44865766167640686,0.500091016292572,4
37,8,0.022134910408470418,0.8331578373908997,1.416579008102417,2.7302030023687256,8.940696716308594e-08,0.0,False,0.9404654502868652,0.8168779109604852,4.0646491050720215,0.3232974708080292,0.5000000596046448,1
37,9,0.04777241686698482,0.8150507211685181,1.4075253009796143,2.365840535224923,5.960464477539063e-08,0.0,False,0.8677412867546082,0.7537105051143074,3.2158336639404297,0.4108183979988098,0.5000081062316895,6
37,10,0.021816228964439608,0.8371935486793518,1.4185967445373535,0.8259845587315581,2.9802322387695312e-08,0.0,False,1.021162748336792,0.8869706934556557,4.102616786956787,0.32044339179992676,0.5000022053718567,6
37,11,0.025189513838053415,0.8308139443397522,1.4154069423675537,1.5976724542807879,2.9802322387695312e-08,0.0,False,0.995082437992096,0.8643176237176041,4.137934684753418,0.3171497583389282,0.5000131130218506,1
37,12,0.012489289789906191,0.8270582556724548,1.4135290384292603,0.9628154762291445,8.940696716308594e-08,0.0,False,0.8142164945602417,0.7072194613242442,2.981663703918457,0.44547557830810547,0.5000916123390198,1
37,13,0.02040631677149506,0.8264276385307312,1.413213849067688,2.6329908671200943,2.9802322387695312e-08,0.0,False,0.8389710187911987,0.7287209678755341,3.0804293155670166,0.4306592047214508,0.5000612735748291,5
37,14,-0.0359480471638673,0.786174476146698,1.3930871486663818,2.623637590940622,8.940696716308594e-08,0.0,False,0.9106694459915161,0.7909974304640138,3.466012477874756,0.37759217619895935,0.5000239610671997,7
37,15,0.039383699708000666,0.8288542628288269,1.4144271612167358,1.4251402268374178,2.9802322387695312e-08,0.0,False,0.8515621423721313,0.739657478859856,3.231198787689209,0.41011250019073486,0.5000009536743164,2
37,16,-0.013714300056986527,0.8087916970252991,1.4043958187103271,1.4097279325068175,2.9802322387695312e-08,0.0,False,0.9650675654411316,0.8382470366697777,3.8050355911254883,0.3443446755409241,0.5056328773498535,1
37,17,0.01352789263891025,0.8259144425392151,1.4129571914672852,0.7376954527471847,2.9802322387695312e-08,0.0,False,0.9916064739227295,0.8612984396883645,4.115671157836914,0.31861138343811035,0.5000001192092896,5
37,18,-0.010070392838625096,0.8248200416564941,1.412410020828247,1.228218624772609,0.0,0.0,False,0.818324089050293,0.7107872725660951,3.0154504776000977,0.4400896430015564,0.5000007152557373,7
37,19,0.02519673679279712,0.8088151812553406,1.4044076204299927,0.32855025475248756,2.9802322387695312e-08,0.0,False,0.8250777721405029,0.716653447163298,3.0312044620513916,0.436065137386322,0.5000014901161194,5
37,20,0.014344178963903905,0.8156588077545166,1.4078294038772583,0.30790719909821485,0.0,0.0,False,0.8146640062332153,0.7076081650245636,2.9785706996917725,0.4447474777698517,0.5000512003898621,7
37,21,0.003221331611010991,0.8312078714370728,1.4156038761138916,0.06275817862639096,5.960464477539063e-08,0.0,False,0.7981648445129395,0.6932771752422733,2.9274182319641113,0.45445260405540466,0.5000024437904358,5
37,22,-0.005752518366162335,0.8182500004768372,1.4091249704360962,0.8917430533079606,2.9802322387695312e-08,0.0,False,0.9056515693664551,0.7866389582057431,3.84332537651062,0.34164825081825256,0.5000002980232239,5
37,23,0.03206500196671917,0.7813612818717957,1.3906805515289307,0.565162117467614,8.940696716308594e-08,0.0,False,0.8008996248245239,0.6956525752393509,2.9073076248168945,0.45221230387687683,0.5000114440917969,5
37,24,0.034855431642311585,0.8344073295593262,1.417203664779663,2.576663069535861,0.0,0.0,False,0.9785007238388062,0.8499149298030625,4.039602756500244,0.3253542184829712,0.5042687654495239,2
38,1,0.05540233651798478,0.7848139405250549,1.392406940460205,1.6564666650124957,2.9802322387695312e-08,0.0,False,0.8291348218917847,0.7201773558028752,3.0158445835113525,0.435824453830719,0.5000001788139343,7
38,2,-0.058907139989982614,0.8272238373756409,1.413611888885498,1.326137493410608,2.9802322387695312e-08,0.0,False,0.9768317937850952,0.8484653155770442,3.910428762435913,0.3361988067626953,0.5000004768371582,7
38,3,0.060002097598049725,0.8521439433097839,1.4260718822479248,1.302274065291137,8.940696716308594e-08,0.0,False,0.9566394090652466,0.8309264330564486,3.9567108154296875,0.3338804841041565,0.5,2
38,4,-0.012012423915294366,0.793656051158905,1.396828055381775,1.1037059513430485,2.9802322387695312e-08,0.0,False,0.854556679725647,0.742258500956826,3.1162688732147217,0.4222428798675537,0.50007164478302,7
38,5,0.028321814227589132,0.8292043209075928,1.414602279663086,0.13180586543571185,1.1920928955078125e-07,0.0,False,0.8829832077026367,0.7669494694369761,3.353376626968384,0.3946648836135864,0.5000160336494446,7
38,6,-0.021992512634345297,0.8339983224868774,1.416999101638794,0.8272974338137086,5.960464477539063e-08,0.0,False,0.8903224468231201,0.7733242515397649,3.3675403594970703,0.3933738172054291,0.5,7
38,7,0.04324235030077817,0.8281164765357971,1.4140583276748657,0.11654551534509172,8.940696716308594e-08,0.0,False,0.8530713319778442,0.7409683442956697,3.1924335956573486,0.4151996970176697,0.5000172853469849,7
38,8,0.03422260292370674,0.8478628396987915,1.423931360244751,0.7827734680685026,5.960464477539063e-08,0.0,False,1.0035885572433472,0.871705945024063,4.043612480163574,0.32607802748680115,0.5,7
38,9,-0.00173433482376478,0.8313223123550415,1.415661334991455,1.0865576217506008,1.7881393432617188e-07,0.0,False,0.8034055233001709,0.6978291709997173,2.945634126663208,0.45156317949295044,0.5000006556510925,7
38,10,-0.0073275884359525565,0.826291561126709,1.4131457805633545,0.3916824219111957,0.0,0.0,False,0.8358696699142456,0.726027170468099,3.124662399291992,0.4243432283401489,0.5000052452087402,5
38,11,0.05692783665634403,0.8345409035682678,1.4172704219818115,0.8792297431933414,2.9802322387695312e-08,0.0,False,0.8579076528549194,0.7451691192349242,3.2810511589050293,0.40418556332588196,0.5000104308128357,5
38,12,0.07842123498138386,0.8508392572402954,1.4254194498062134,2.5604929739759346,1.7881393432617188e-07,0.0,False,0.8961828947067261,0.7784145718944282,3.4352710247039795,0.3867880403995514,0.5000079870223999,2
38,13,0.008968162969598363,0.8258180618286133,1.4129090309143066,2.348548967691004,0.0,0.0,False,0.7984614372253418,0.6935347923990114,2.925082206726074,0.45424535870552063,0.5000001192092896,5
38,14,0.012216997154451306,0.8502964973449707,1.4251482486724854,0.03787306735422254,0.0,0.0,False,0.8025040626525879,0.6970461722299208,2.955033779144287,0.4520898461341858,0.5000002384185791,7
38,15,0.05102566377084228,0.8288646936416626,1.4144322872161865,1.7453953626289411,5.960464477539063e-08,0.0,False,0.9537942409515381,0.8284551514327072,4.143496513366699,0.3165697753429413,0.5001070499420166,3
38,16,0.054532863741025686,0.8432949185371399,1.421647548675537,2.325844269721047,8.940696716308594e-08,0.0,False,0.8865272998809814,0.7700278287897993,3.6232457160949707,0.3653150796890259,0.5000001192092896,5
38,17,-0.011009221766283994,0.8232520222663879,1.4116261005401611,1.1415665260785097,8.940696716308594e-08,0.0,False,0.8049159646034241,0.6991411236462005,2.945423126220703,0.4507313072681427,0.5000230073928833,7
38,18,0.0021255401468128297,0.8231850266456604,1.4115924835205078,1.325179232423655,2.9802322387695312e-08,0.0,False,0.8828002214431763,0.7667905295914805,3.5863399505615234,0.36757251620292664,0.5000051259994507,5
38,19,2.890202736043415e-05,0.8309633135795593,1.415481686592102,0.3853164353707594,2.9802322387695312e-08,0.0,False,0.892128050327301,0.7748925788165069,3.4706335067749023,0.3809847831726074,0.5000161528587341,4
38,20,0.022453907071124594,0.8343785405158997,1.417189359664917,2.279372341756737,8.940696716308594e-08,0.0,False,0.9089493751525879,0.7895033959163553,3.826627731323242,0.3444231152534485,0.5000032186508179,2
38,21,0.015097322046852229,0.8271749019622803,1.4135875701904297,2.501149061774578,1.1920928955078125e-07,0.0,False,0.8189150094985962,0.7113005395459788,3.000195026397705,0.4426465928554535,0.5000609159469604,5
38,22,-0.001720148466613038,0.8322247266769409,1.4161124229431152,1.3318755912420042,5.960464477539063e-08,0.0,False,0.8721790313720703,0.7575650811132266,3.237882137298584,0.40955454111099243,0.5000013113021851,7
38,23,-0.010890594415180895,0.8085475564002991,1.4042736291885376,2.3175111166833537,1.4901161193847656e-07,0.0,False,0.8338299989700317,0.7242555347961579,3.0432722568511963,0.43424466252326965,0.5002593398094177,5
38,24,0.02403310175518699,0.7990323305130005,1.399516224861145,0.5263016183795909,5.960464477539063e-08,0.0,False,0.9038081765174866,0.7850378075211693,3.5158162117004395,0.37316709756851196,0.5000008940696716,5
39,1,0.1048826526660292,0.8070459365844727,1.4035230875015259,1.516653792001307,1.1920928955078125e-07,0.0,False,0.8866574764251709,0.7701408986994287,3.532413959503174,0.3720300793647766,0.5001540184020996,2
39,2,0.07524390446733578,0.8117045760154724,1.405852198600769,1.940045538860107,8.940696716308594e-08,0.0,False,0.9800643920898438,0.8512731147889684,3.8377487659454346,0.34166863560676575,0.500000536441803,6
39,3,0.020698029823139105,0.8109275102615356,1.4054635763168335,1.3527555091017611,1.7881393432617188e-07,0.0,False,0.9451838731765747,0.8209762810090588,3.5791332721710205,0.3673129081726074,0.5002331733703613,6
39,4,0.015666640010620996,0.8209667801856995,1.410483479499817,1.5512035996697382,8.940696716308594e-08,0.0,False,0.8087696433067322,0.7024883864379501,2.959148406982422,0.4483267068862915,0.5001135468482971,4
39,5,0.022638644635177674,0.8408680558204651,1.4204339981079102,2.730414555618367,2.9802322387695312e-08,0.0,False,0.9501382112503052,0.8252795643828675,4.11402702331543,0.31976237893104553,0.5,1
39,6,0.05146397066610919,0.8031268119812012,1.4015634059906006,2.3978727039735306,0.0,0.0,False,0.8437809944152832,0.7328988596187922,3.085139036178589,0.4276139736175537,0.5000008344650269,7
39,7,0.025398024182093363,0.8328882455825806,1.4164440631866455,0.6187237439089199,5.960464477539063e-08,0.0,False,0.9697256088256836,0.8422929617465315,3.74922251701355,0.35172563791275024,0.5000101327896118,6
39,8,0.022740639880285973,0.8271042704582214,1.413552165031433,1.287644416249735,2.9802322387695312e-08,0.0,False,0.9949010610580444,0.864160081714398,4.1454691886901855,0.31629621982574463,0.500005304813385,6
39,9,0.014331295220184616,0.8171675205230713,1.4085838794708252,1.2137955950714814,1.1920928955078125e-07,0.0,False,0.8604191541671753,0.7473505815573351,3.2376718521118164,0.4081529676914215,0.5000002384185791,1
39,10,0.02350370813559875,0.844070315361023,1.4220353364944458,2.509719460909758,1.7881393432617188e-07,0.0,False,0.9395178556442261,0.8160548407117267,3.790560007095337,0.34857961535453796,0.5000150203704834,5
39,11,-0.037400894749228905,0.7956418395042419,1.3978209495544434,2.2675145795467104,2.9802322387695312e-08,0.0,False,0.9158236384391785,0.7954743051413882,3.453099250793457,0.37989580631256104,0.5000205039978027,7
39,12,0.04261176277673159,0.8364536762237549,1.4182268381118774,1.4759106336565546,0.0,0.0,False,0.853995144367218,0.7417707575417075,3.195190906524658,0.41563114523887634,0.5000002384185791,2
39,13,-0.004607303454455333,0.7968881726264954,1.3984441757202148,1.3466407945461814,8.940696716308594e-08,0.0,False,0.9678972363471985,0.8407048575899918,3.8906733989715576,0.3356460928916931,0.5025494694709778,1
39,14,0.014646143521966469,0.8276700973510742,1.413834810256958,0.8097205434976339,2.384185791015625e-07,0.0,False,0.953991174697876,0.8286262059113774,4.061905384063721,0.32314467430114746,0.5000001192092896,5
39,15,-0.010195012891366302,0.8334591388702393,1.41672945022583,0.8436437518366071,1.1920928955078125e-07,0.0,False,0.829282283782959,0.7203054395741313,3.078866481781006,0.4315974712371826,0.5000011324882507,7
39,16,0.026273813890975217,0.8229756951332092,1.4114879369735718,0.1075152473911288,8.940696716308594e-08,0.0,False,0.8080061674118042,0.7018252397014834,2.957810163497925,0.44875380396842957,0.5000027418136597,7
39,17,0.020693681103434256,0.8310823440551758,1.415541172027588,0.3244027671962984,0.0,0.0,False,0.8453356027603149,0.7342491752703282,3.116682291030884,0.42594411969184875,0.5000061392784119,7
39,18,0.0034383113259497783,0.8276597261428833,1.4138298034667969,0.34562987467279443,5.960464477539063e-08,0.0,False,0.7967509031295776,0.6920490413612159,2.9202258586883545,0.45522451400756836,0.5000025629997253,7
39,19,-0.005481681048699975,0.8352757096290588,1.417637825012207,0.5647805826207147,2.9802322387695312e-08,0.0,False,0.8853656649589539,0.7690188455165539,3.60101318359375,0.3670089840888977,0.5000007152557373,5
39,20,0.031701487378313506,0.8013509511947632,1.4006755352020264,0.8393714447083556,5.960464477539063e-08,0.0,False,0.8128691911697388,0.7060492084683542,2.97538685798645,0.4437127113342285,0.5000039935112,5
39,21,0.0377662849306354,0.8466453552246094,1.4233224391937256,2.616401665136124,2.384185791015625e-07,0.0,False,0.9592834711074829,0.8332230361659547,3.9497408866882324,0.3340737521648407,0.5009934902191162,2
39,22,0.003696922791738629,0.8164366483688354,1.4082183837890625,1.9914578210236913,5.960464477539063e-08,0.0,False,0.8100219964981079,0.703576166598767,2.9700472354888916,0.4461493492126465,0.5000000596046448,5
39,23,0.004929060104145051,0.8358629941940308,1.4179315567016602,0.053177980093678336,5.960464477539063e-08,0.0,False,0.8055237531661987,0.6996690420841545,2.9589712619781494,0.44994300603866577,0.5000000596046448,5
39,24,0.031113115118136695,0.8083178400993347,1.4041589498519897,2.4614534217285193,2.9802322387695312e-08,0.0,False,0.849197506904602,0.7376035825893346,3.1513044834136963,0.4188576638698578,0.5000033378601074,2
40,1,0.007268318324866992,0.8078743815422058,1.4039371013641357,1.6193873759891309,8.940696716308594e-08,0.0,False,0.849543571472168,0.7379041704534868,3.147862434387207,0.4192869961261749,0.5000059604644775,7
40,2,0.011608389108888834,0.8037885427474976,1.4018943309783936,0.08327143188975693,5.960464477539063e-08,0.0,False,0.8259820938110352,0.7174389309860534,3.010240077972412,0.43867117166519165,0.5000025629997253,7
40,3,0.024015361960483775,0.8051272034645081,1.4025636911392212,0.03814989502490326,8.940696716308594e-08,0.0,False,0.8187721967697144,0.711176493985781,2.9833364486694336,0.44289591908454895,0.50001060962677,7
40,4,0.0037246178246066208,0.7864625453948975,1.3932313919067383,0.31677652503500914,1.1920928955078125e-07,0.0,False,0.8408560752868652,0.7303583071438218,3.0526363849639893,0.4305815100669861,0.5000199675559998,7
40,5,0.023072256201224512,0.7990797162055969,1.3995399475097656,0.26027386029292676,8.940696716308594e-08,0.0,False,0.8380358219146729,0.7279086661895974,3.0499343872070312,0.432290256023407,0.5000282526016235,7
40,6,-0.02678635316099834,0.7879586815834045,1.3939793109893799,0.2768796674962521,2.9802322387695312e-08,0.0,False,0.8207024335861206,0.7128530763820444,2.976208209991455,0.44214552640914917,0.5000630021095276,7
40,7,-0.025325149295655342,0.7844133973121643,1.3922066688537598,0.4166925835812937,2.9802322387695312e-08,0.0,False,0.9094603657722473,0.7899472367292002,3.358588218688965,0.3899388313293457,0.5000001192092896,7
40,8,0.006955879509749068,0.8208628296852112,1.4104313850402832,0.7769990075438313,2.9802322387695312e-08,0.0,False,0.9243833422660828,0.8029091694188896,3.8451693058013916,0.34167468547821045,0.5000048875808716,7
40,9,0.01091187929196781,0.8209729194641113,1.4104864597320557,0.41593816376650533,0.0,0.0,False,0.9393768310546875,0.8159323483096281,3.799255609512329,0.34598734974861145,0.5000089406967163,7
40,10,0.003102201005369469,0.8244768381118774,1.412238359451294,0.31442723956607366,5.960464477539063e-08,0.0,False,0.8741587400436401,0.7592846342169043,3.40098237991333,0.3885146379470825,0.5,7
40,11,0.01681986404244074,0.816015362739563,1.4080076217651367,1.463193472710272,5.960464477539063e-08,0.0,False,0.811349630355835,0.7047293347155645,2.9661333560943604,0.446711927652359,0.5000000596046448,5
40,12,-0.0018519992862611884,0.8176939487457275,1.4088468551635742,1.3110608879112724,1.1920928955078125e-07,0.0,False,0.8500508069992065,0.7383447496343231,3.125131607055664,0.423420786857605,0.5000306367874146,7
40,13,0.015819410807303317,0.8352670669555664,1.4176335334777832,1.286234039642469,0.0,0.0,False,0.8026164770126343,0.6971438141024305,2.9452805519104004,0.45204031467437744,0.5000000596046448,7
40,14,-0.000923104197196982,0.7991040945053101,1.3995521068572998,1.1068485496427525,5.960464477539063e-08,0.0,False,0.9156928658485413,0.7953607175123922,3.5236921310424805,0.37230807542800903,0.500001072883606,7
40,15,-0.013159838184300329,0.7871099710464478,1.393554925918579,1.3238975519179463,5.960464477539063e-08,0.0,False,0.8829251527786255,0.7668990435706853,3.487388849258423,0.37527769804000854,0.5000054836273193,5
40,16,0.02571789196078046,0.8349577188491821,1.4174787998199463,0.25926836187541913,5.960464477539063e-08,0.0,False,0.8303472399711609,0.721230448766141,3.0734782218933105,0.4325316846370697,0.5000002384185791,5
40,17,0.06708224184602771,0.7808123826980591,1.3904061317443848,2.1946675179125017,5.960464477539063e-08,0.0,False,0.936560869216919,0.8134864349348421,3.5698041915893555,0.3657331168651581,0.5011764168739319,2
40,18,0.0946608107457431,0.8181959390640259,1.4090979099273682,2.1219467618951176,5.960464477539063e-08,0.0,False,0.934363842010498,0.8115781213501623,3.5719003677368164,0.36870068311691284,0.5000102519989014,6
40,19,-0.0003639131241739077,0.8039250373840332,1.4019625186920166,2.419938011611806,0.0,0.0,False,0.890437662601471,0.7734243266932969,3.3241968154907227,0.39593106508255005,0.5000007152557373,3
40,20,0.020130984780498292,0.8057841062545776,1.402891993522644,0.5015953351892193,5.960464477539063e-08,0.0,False,1.0029256343841553,0.8711301375447138,4.469841480255127,0.2909771502017975,0.5,2
40,21,-0.00810519424206304,0.7681816220283508,1.384090781211853,1.4091560401031862,2.9802322387695312e-08,0.0,False,0.8391927480697632,0.7289135594798479,3.04036021232605,0.43044567108154297,0.5000025033950806,7
40,22,0.04545204131476895,0.7773737907409668,1.3886867761611938,0.82460999816637,1.1920928955078125e-07,0.0,False,1.0003347396850586,0.8688797150026937,4.379573822021484,0.2953723967075348,0.50285804271698,2
40,23,0.004605350801525894,0.8193492889404297,1.4096746444702148,1.1212637900823248,0.0,0.0,False,0.8195850849151611,0.7118825596577252,2.9951982498168945,0.4425881505012512,0.5000343322753906,7
40,24,0.02987301093449479,0.814301609992981,1.4071506261825562,0.29148162910769043,1.7881393432617188e-07,0.0,False,0.8465877175331116,0.7353367483433985,3.1022706031799316,0.4263020157814026,0.5001401901245117,7
41,1,0.018258005970871533,0.7673342823982239,1.383667230606079,1.62938552243369,8.940696716308594e-08,0.0,False,0.8373076319694519,0.7272761684396236,3.048762083053589,0.4291342794895172,0.5000013113021851,5
41,2,-0.0002999469553164793,0.8016701340675354,1.4008350372314453,1.4033563982266932,2.9802322387695312e-08,0.0,False,0.8191794157028198,0.7115301998569294,2.981121301651001,0.4428630471229553,0.5001251101493835,7
41,3,0.016725446112339757,0.8224248290061951,1.41121244430542,1.336955786303633,2.9802322387695312e-08,0.0,False,0.8018344044685364,0.696464514521731,2.9341928958892822,0.452423632144928,0.5000000596046448,7
41,4,6.888424080287413e-06,0.8001770973205566,1.4000885486602783,1.3087453652778718,0.0,0.0,False,0.8501689434051514,0.7384473616127506,3.1079390048980713,0.42407548427581787,0.5000021457672119,7
41,5,-0.012617314113827903,0.7668789625167847,1.383439540863037,1.3812748534130437,5.960464477539063e-08,0.0,False,0.8471031188964844,0.7357844202795549,3.161031484603882,0.4133867025375366,0.5000039339065552,5
41,6,0.028767821493203508,0.8412951827049255,1.4206476211547852,0.14823446712671748,2.9802322387695312e-08,0.0,False,0.8183466792106628,0.7108068941300829,3.0138189792633057,0.4420444965362549,0.5,5
41,7,0.07736434949315735,0.7781060934066772,1.3890531063079834,2.4302901139227107,5.960464477539063e-08,0.0,False,0.9016596078872681,0.7831715845209807,3.42960262298584,0.3810042142868042,0.5005202889442444,2
41,8,0.09895913371253788,0.8177401423454285,1.408869981765747,2.2419213766145156,8.940696716308594e-08,0.0,False,0.8974477052688599,0.7795131723900035,3.432502508163452,0.38421955704689026,0.5000054836273193,6
41,9,-0.0008489630107926787,0.8256555795669556,1.412827730178833,2.3156592224465036,5.960464477539063e-08,0.0,False,0.9437291622161865,0.8197127351233373,3.7549142837524414,0.3506091833114624,0.5,2
41,10,0.020555950787466727,0.8290366530418396,1.4145183563232422,0.6122992899363232,2.9802322387695312e-08,0.0,False,1.0309964418411255,0.8955121311069755,4.930141448974609,0.26371949911117554,0.5,2
41,11,-0.007745521877008235,0.804445207118988,1.402222752571106,1.439346728797903,1.4901161193847656e-07,0.0,False,0.8748248815536499,0.7598632373808322,3.2334089279174805,0.4074910581111908,0.5000084638595581,7
41,12,0.05021952553567946,0.8265799880027771,1.413290023803711,0.7720176412870345,2.9802322387695312e-08,0.0,False,0.9670746922492981,0.8399904048643113,3.9089086055755615,0.33628496527671814,0.500104546546936,7
41,13,0.005134218983157064,0.8156235218048096,1.4078116416931152,1.107987746214994,1.1920928955078125e-07,0.0,False,0.8257446885108948,0.7172327233624023,3.0159926414489746,0.43904799222946167,0.5000253319740295,7
41,14,0.032603917579452774,0.7856742739677429,1.3928371667861938,0.29751401473079175,2.9802322387695312e-08,0.0,False,0.8513136506080627,0.7394416416559891,3.105647087097168,0.4229199290275574,0.5000532269477844,7
41,15,-0.007656809233713735,0.8160335421562195,1.4080166816711426,2.0071323226600235,8.940696716308594e-08,0.0,False,0.9656071066856384,0.8387156762402748,3.9093987941741943,0.33546605706214905,0.5000134706497192,5
41,16,0.007171684534396492,0.8193176984786987,1.4096587896347046,2.725605474838729,5.960464477539063e-08,0.0,False,0.8707255125045776,0.756302570666238,3.3578402996063232,0.3932257294654846,0.50002121925354,2
41,17,0.02448557664453619,0.8137410879135132,1.4068706035614014,0.13491708097312852,5.960464477539063e-08,0.0,False,0.8892610669136047,0.772402348663954,3.5915298461914062,0.36623692512512207,0.5000004768371582,2
41,18,0.01740210076874305,0.7912946343421936,1.3956471681594849,1.1456822875812898,1.4901161193847656e-07,0.0,False,1.0258808135986328,0.8910687528726094,4.415766716003418,0.29380154609680176,0.5000016093254089,3
41,19,0.020191525408593734,0.8031954765319824,1.4015977382659912,0.675836353649081,0.0,0.0,False,1.0018357038497925,0.8701834359112506,4.148100852966309,0.3144592344760895,0.4999999701976776,3
41,20,0.013729377389632307,0.8338088989257812,1.4169045686721802,2.6716807826484334,1.1920928955078125e-07,0.0,False,0.9102338552474976,0.790619081151023,3.691351890563965,0.35754552483558655,0.500015139579773,6
41,21,-0.019460902364813227,0.8365310430526733,1.4182655811309814,1.458503659358217,5.960464477539063e-08,0.0,False,0.922805905342102,0.801539025115619,3.9733519554138184,0.3313080668449402,0.5000143647193909,5
41,22,0.05973504860524603,0.8419014811515808,1.4209507703781128,2.4937915283363252,2.9802322387695312e-08,0.0,False,0.9381645321846008,0.8148793588902358,3.8567988872528076,0.3421717882156372,0.5000013113021851,2
41,23,0.020226465710538127,0.7983698844909668,1.3991849422454834,0.9027396105005332,0.0,0.0,False,0.956434965133667,0.8307488553137613,3.7017815113067627,0.35367050766944885,0.5000064969062805,3
41,24,0.039278176402015905,0.7510860562324524,1.3755431175231934,2.5016061391961455,8.940696716308594e-08,0.0,False,0.9183111190795898,0.7976349033733318,3.4971985816955566,0.37100136280059814,0.5000040531158447,6
42,1,0.01300255344754029,0.8302515149116516,1.4151259660720825,1.507225708237716,2.086162567138672e-07,0.0,False,0.8968162536621094,0.7789647004932022,3.4281299114227295,0.3858284652233124,0.5000491738319397,7
42,2,0.05792732521255327,0.8283401131629944,1.4141700267791748,0.4238396795637725,2.9802322387695312e-08,0.0,False,0.9508422613143921,0.8258910944985007,3.879307985305786,0.3390962779521942,0.5000073909759521,7
42,3,-0.010514800507783974,0.8023184537887573,1.4011592864990234,1.3248179373970397,5.960464477539063e-08,0.0,False,0.9903600811958313,0.860215836721212,4.24290132522583,0.3070606589317322,0.5000683069229126,6
42,4,0.01796111598813733,0.8308716416358948,1.4154359102249146,2.6567564293980603,8.940696716308594e-08,0.0,False,0.917789876461029,0.7971821577873843,3.545166015625,0.3726566433906555,0.5000070333480835,2
42,5,0.036283608682094584,0.8420904874801636,1.4210453033447266,0.14905919347966923,5.960464477539063e-08,0.0,False,0.9306691288948059,0.8083689343134409,3.7620813846588135,0.35118168592453003,0.5000001192092896,2
42,6,0.04281552728148817,0.8069615960121155,1.4034807682037354,2.3439076941766386,2.9802322387695312e-08,0.0,False,0.8686152696609497,0.7544696370213111,3.1879489421844482,0.41374635696411133,0.5000602006912231,6
42,7,0.034163532270207166,0.8143653273582458,1.4071826934814453,0.9640487373973836,2.9802322387695312e-08,0.0,False,1.0241036415100098,0.8895251208096465,4.461527347564697,0.2920728027820587,0.5000002980232239,7
42,8,0.025119114407514957,0.8152191042900085,1.4076093435287476,2.0978666208745005,2.086162567138672e-07,0.0,False,0.9587597846984863,0.8327681679306048,3.735121250152588,0.35172098875045776,0.5001273155212402,6
42,9,-0.02345219140259519,0.8186134099960327,1.4093067646026611,1.6957958759160079,5.960464477539063e-08,0.0,False,0.8970609903335571,0.7791772760650605,3.7239913940429688,0.35308706760406494,0.5000000596046448,5
42,10,0.07912183385408325,0.8226400017738342,1.4113199710845947,1.8662735474589283,2.9802322387695312e-08,0.0,False,0.9422184824943542,0.8184005753891075,3.888232946395874,0.33785656094551086,0.500188410282135,2
42,11,0.024499040325323056,0.7906430959701538,1.3953214883804321,1.6390654253739487,5.960464477539063e-08,0.0,False,1.0160256624221802,0.882508677324098,4.319051742553711,0.3006435036659241,0.5,3
42,12,0.060671285844717766,0.800663948059082,1.4003320932388306,2.2657716592518304,1.1920928955078125e-07,0.0,False,0.9725982546806335,0.8447881102330655,3.888331651687622,0.33621132373809814,0.5000001192092896,6
42,13,0.0633989952131524,0.798979640007019,1.3994897603988647,1.0449398738383078,5.960464477539063e-08,0.0,False,0.9073649048805237,0.7881271425245608,3.393242597579956,0.38712096214294434,0.5007885694503784,6
42,14,0.03480691482537249,0.8043025732040405,1.402151346206665,2.532566731617214,5.960464477539063e-08,0.0,False,0.9480776786804199,0.8234898085331014,4.000875949859619,0.3266250789165497,0.5000011920928955,2
42,15,-0.028408263991635603,0.7956689596176147,1.3978345394134521,1.828726061051361,5.960464477539063e-08,0.0,False,0.9269711375236511,0.8051568998202042,3.683708906173706,0.3552544116973877,0.5000019073486328,6
42,16,0.0060000582335360455,0.8126363754272461,1.406318187713623,1.6165806020424043,0.0,0.0,False,0.8327620029449463,0.7233278852353795,3.040630340576172,0.4350656270980835,0.5000085830688477,6
42,17,0.04985989635373758,0.8380278944969177,1.4190140962600708,2.43750175410977,1.4901161193847656e-07,0.0,False,0.8550270199775696,0.74266703330888,3.197303533554077,0.4154943823814392,0.5001055002212524,2
42,18,0.032741260143768124,0.8120625615119934,1.4060312509536743,2.061078133852685,2.9802322387695312e-08,0.0,False,0.9809093475341797,0.8520070337628268,3.815490961074829,0.34377217292785645,0.500002384185791,6
42,19,0.0078103371442415775,0.7969205975532532,1.3984602689743042,1.4089847631008368,2.9802322387695312e-08,0.0,False,0.8965503573417664,0.7787337458838355,3.3033435344696045,0.39786046743392944,0.500080943107605,6
42,20,0.004452799534418672,0.8266156315803528,1.4133079051971436,1.4984431747489415,8.940696716308594e-08,0.0,False,0.8100551962852478,0.7036050035674773,2.96720814704895,0.44764548540115356,0.5009462833404541,4
42,21,0.007443011088438051,0.7971091270446777,1.3985545635223389,2.742338646560343,0.0,0.0,False,0.8965555429458618,0.7787382500423234,3.7166965007781982,0.35209450125694275,0.5000083446502686,2
42,22,0.02523014715635226,0.7947391271591187,1.3973695039749146,1.5134604295859446,5.960464477539063e-08,0.0,False,1.0212090015411377,0.8870108684784911,4.176741600036621,0.3116311728954315,0.5000000596046448,6
42,23,0.0063603738607090204,0.7846609950065613,1.3923304080963135,0.9674740516061258,8.940696716308594e-08,0.0,False,1.0299726724624634,0.8946228963231866,4.111715793609619,0.31602928042411804,0.5015460252761841,6
42,24,0.008712244030971587,0.7870308756828308,1.3935154676437378,2.0900967012696126,2.9802322387695312e-08,0.0,False,0.8977935910224915,0.7798136049383458,3.3965823650360107,0.3856353461742401,0.5011007785797119,1
43,1,-0.026791224761580697,0.7923825979232788,1.3961913585662842,1.6782389336398669,5.960464477539063e-08,0.0,False,0.8201955556869507,0.712412807832828,2.978606939315796,0.44225484132766724,0.5000550746917725,7
43,2,-0.027499509843564286,0.7865944504737854,1.3932973146438599,0.5701484583874875,8.940696716308594e-08,0.0,False,0.9361415505409241,0.813122219360555,3.674894332885742,0.3553980588912964,0.5000001192092896,7
43,3,0.008002421056625427,0.8245140910148621,1.4122569561004639,0.6924935531379268,8.940696716308594e-08,0.0,False,0.9637153148651123,0.8370724867431464,4.067817687988281,0.32243430614471436,0.5000039935112,2
43,4,0.018905607815422068,0.8232617974281311,1.4116308689117432,0.28253870389326663,2.9802322387695312e-08,0.0,False,0.9249797463417053,0.8034271994169445,3.8646352291107178,0.34006035327911377,0.5000040531158447,7
43,5,0.00516465295915355,0.8334020972251892,1.4167009592056274,0.4224966533672298,8.940696716308594e-08,0.0,False,0.9043776988983154,0.785532488375798,3.73037052154541,0.3536185920238495,0.5,7
43,6,0.0177316903772743,0.815546452999115,1.4077731370925903,1.546233832727,8.940696716308594e-08,0.0,False,0.8104897737503052,0.7039824727575452,2.961211681365967,0.4474279284477234,0.5000008940696716,5
43,7,0.01286050412649671,0.8170260190963745,1.4085131883621216,1.3597658180224408,1.7881393432617188e-07,0.0,False,0.8228074908256531,0.7146815058684833,3.005577802658081,0.4407655596733093,0.5000584721565247,7
43,8,0.01696064414342154,0.8462522029876709,1.423126220703125,1.5781342458255359,1.1920928955078125e-07,0.0,False,0.8046839237213135,0.6989395754968474,2.9599709510803223,0.45088422298431396,0.5000001192092896,7
43,9,-6.824823441383202e-05,0.8051277995109558,1.4025638103485107,1.297256081261815,8.940696716308594e-08,0.0,False,0.8589485287666321,0.7460732125645299,3.1547820568084717,0.4180642366409302,0.5000019073486328,7
43,10,-0.014448722838646687,0.8079151511192322,1.4039576053619385,1.5569385190805987,2.9802322387695312e-08,0.0,False,0.8920305371284485,0.774807879928158,3.6243958473205566,0.36230671405792236,0.5000030994415283,5
43,11,0.026623507820250168,0.8517026901245117,1.4258514642715454,0.2867757944372585,1.1920928955078125e-07,0.0,False,0.8423764705657959,0.7316789057037244,3.16512131690979,0.4211977422237396,0.5000002384185791,5
43,12,0.08093379486600441,0.7935132384300232,1.3967565298080444,2.523405405752114,8.940696716308594e-08,0.0,False,0.893796443939209,0.7763417270950953,3.318333625793457,0.3956676423549652,0.5006311535835266,2
43,13,0.10172391480117947,0.8229293823242188,1.4114646911621094,2.2739616309324053,0.0,0.0,False,0.9456934332847595,0.8214188792954242,3.6803767681121826,0.3577876091003418,0.5000242590904236,6
43,14,-0.000276043331972526,0.8201274275779724,1.4100637435913086,2.3761952138413207,2.9802322387695312e-08,0.0,False,0.9082087278366089,0.788860077831623,3.487544059753418,0.37813442945480347,0.5000002384185791,2
43,15,0.022061439357923575,0.817531168460846,1.4087655544281006,0.6074988852262546,2.9802322387695312e-08,0.0,False,1.0154786109924316,0.8820335144895839,4.686868190765381,0.2775222957134247,0.5,2
43,16,-0.008400202165263033,0.793065071105957,1.3965325355529785,1.5109205459352035,0.0,0.0,False,0.8632493019104004,0.7498088166530423,3.176769495010376,0.4138837456703186,0.5000025629997253,7
43,17,0.04894696129638432,0.8055669069290161,1.4027833938598633,0.8744404425654129,5.960464477539063e-08,0.0,False,0.9798322319984436,0.8510714630957419,4.146380424499512,0.3147318959236145,0.5009325742721558,2
43,18,0.005100649806154203,0.8199381232261658,1.4099690914154053,1.2007790994274523,2.9802322387695312e-08,0.0,False,0.8204512596130371,0.7126349094410287,2.9987823963165283,0.4421035945415497,0.5000406503677368,7
43,19,0.031652792120146045,0.811833381652832,1.405916690826416,0.28744543184017446,0.0,0.0,False,0.8438587188720703,0.7329663702241753,3.0902740955352783,0.427764892578125,0.5000446438789368,7
43,20,-0.0046815458255322325,0.8179458379745483,1.4089728593826294,2.5345495292412585,5.960464477539063e-08,0.0,False,0.8836176991462708,0.7675005817025463,3.2825472354888916,0.40244412422180176,0.5001748204231262,5
43,21,0.006559649092762208,0.8022218942642212,1.401111125946045,2.7029792206251195,1.7881393432617188e-07,0.0,False,0.8660041093826294,0.7522016120208322,3.2691242694854736,0.40267422795295715,0.5000459551811218,2
43,22,0.023107006605944322,0.8020862936973572,1.40104341506958,0.32925628915474425,2.682209014892578e-07,0.0,False,0.8760826587677002,0.7609557287878835,3.450789451599121,0.38073012232780457,0.5000063180923462,2
43,23,0.013906986615410136,0.7983189821243286,1.399159550666809,0.7676947508530853,5.960464477539063e-08,0.0,False,1.0491362810134888,0.9112681952173152,4.502699851989746,0.2882959246635437,0.5000138282775879,3
43,24,0.021450955940834404,0.8096558451652527,1.4048278331756592,0.48165437458962296,8.940696716308594e-08,0.0,False,0.9625223875045776,0.8360363232031631,3.7749576568603516,0.34742891788482666,0.5,3
44,1,-0.005715960534144525,0.607793390750885,1.3038967847824097,1.1382597216538022,8.940696716308594e-08,0.0,False,1.0144997835159302,0.8811833157460242,3.9392573833465576,0.31638723611831665,0.5089011788368225,7
44,2,0.02325472669286402,0.7836971879005432,1.3918485641479492,0.8267729627007407,2.9802322387695312e-08,0.0,False,0.9106000065803528,0.7909371161578241,3.411184787750244,0.3836512565612793,0.5001142621040344,7
44,3,0.08728109429746582,0.8039193153381348,1.4019596576690674,2.5917659143437466,0.0,0.0,False,0.866159975528717,0.752336995635155,3.2187891006469727,0.40935078263282776,0.5001462697982788,2
44,4,0.09672179473912323,0.7948020100593567,1.3974010944366455,1.929606496430086,8.940696716308594e-08,0.0,False,0.9248279929161072,0.8032953880662501,3.7046444416046143,0.3530990779399872,0.5000046491622925,6
44,5,0.0017547608420953771,0.7954778075218201,1.3977389335632324,1.7168114019042162,2.9802322387695312e-08,0.0,False,0.9779449701309204,0.8494322082657985,4.165339469909668,0.31257250905036926,0.5000000596046448,2
44,6,0.02239436842988763,0.8233360648155212,1.4116681814193726,0.5583148478011154,1.4901161193847656e-07,0.0,False,1.0164287090301514,0.8828587591596815,4.694143772125244,0.27739807963371277,0.5,2
44,7,-0.007385966623035341,0.8144168257713318,1.4072085618972778,1.5236142690457024,1.4901161193847656e-07,0.0,False,0.9416080117225647,0.8178703272140047,3.6280713081359863,0.3624565601348877,0.5001133680343628,7
44,8,0.051715721608764156,0.7997646927833557,1.3998823165893555,1.2143682372068316,2.9802322387695312e-08,0.0,False,0.9271230101585388,0.8052888147147719,3.8571510314941406,0.3389700651168823,0.5001121759414673,7
44,9,0.0068373405165885505,0.795905590057373,1.397952914237976,1.4266972566732736,1.1920928955078125e-07,0.0,False,0.8935937285423279,0.7761656507385708,3.334099054336548,0.3939708471298218,0.5000169277191162,7
44,10,0.04186662078343529,0.7814500331878662,1.3907251358032227,0.8198668579022205,1.1920928955078125e-07,0.0,False,0.9354331493377686,0.8125069098935469,3.6563754081726074,0.35683882236480713,0.5000979900360107,7
44,11,-0.0061037511945245745,0.7902700901031494,1.3951349258422852,1.6131083027246758,1.1920928955078125e-07,0.0,False,1.0176622867584229,0.8839302311604555,4.440998077392578,0.29199063777923584,0.500003457069397,5
44,12,0.011044727081265741,0.7764739990234375,1.3882369995117188,2.5737982698127237,0.0,0.0,False,0.9468860626220703,0.8224547839757242,3.6447346210479736,0.35760557651519775,0.5001540780067444,2
44,13,0.02356435011770472,0.7859665751457214,1.392983317375183,0.25854362500413924,2.9802322387695312e-08,0.0,False,0.9315099120140076,0.8090992292517343,3.8269309997558594,0.34069356322288513,0.5000013113021851,2
44,14,0.028774973598106282,0.7523213624954224,1.3761606216430664,2.169317873121298,5.960464477539063e-08,0.0,False,0.9629411697387695,0.8364000728300205,3.6267313957214355,0.35740822553634644,0.5000526905059814,6
44,15,0.02442626059322717,0.7837886810302734,1.3918942213058472,1.045931237116023,1.1920928955078125e-07,0.0,False,1.0664141178131104,0.9262755335799163,4.9343085289001465,0.26109030842781067,0.5000000596046448,3
44,16,0.01589232371834624,0.8077871799468994,1.4038935899734497,2.0582191451384544,0.0,0.0,False,0.8943151831626892,0.7767922982597039,3.3837785720825195,0.38905879855155945,0.5001281499862671,6
44,17,-0.01891485271880712,0.8282182216644287,1.4141091108322144,1.5944677730860906,0.0,0.0,False,0.9086412191390991,0.7892357350039084,3.947305202484131,0.3329927623271942,0.5000002384185791,5
44,18,0.05466935697154768,0.8272114992141724,1.4136056900024414,1.9729202191225796,5.960464477539063e-08,0.0,False,0.9690361618995667,0.841694115755376,3.9528920650482178,0.3324233293533325,0.5001811385154724,2
44,19,0.016833622184742887,0.7812509536743164,1.3906253576278687,1.506912156663784,1.1920928955078125e-07,0.0,False,1.0562236309051514,0.9174241891158484,4.715379238128662,0.27368903160095215,0.5000060200691223,3
44,20,0.04054220086981179,0.7748889923095703,1.3874446153640747,2.274421158022853,1.1920928955078125e-07,0.0,False,0.9239157438278198,0.8025030185759212,3.57525897026062,0.3646799921989441,0.5000002384185791,6
44,21,0.040028369692781486,0.7883646488189697,1.3941823244094849,0.9110013771498446,0.0,0.0,False,0.9374728798866272,0.8142785973374245,3.62958025932312,0.3601455092430115,0.5002020597457886,6
44,22,0.022906972461335648,0.7988855242729187,1.3994427919387817,2.4294555540114136,2.9802322387695312e-08,0.0,False,0.9281747937202454,0.8062023823087833,3.905773401260376,0.33451464772224426,0.5000025033950806,2
44,23,-0.021697273561414425,0.7995970845222473,1.3997985124588013,1.6044325504759134,2.9802322387695312e-08,0.0,False,0.9612468481063843,0.834928403758992,3.858363628387451,0.33884942531585693,0.5,6
44,24,0.001534242034935445,0.8061558604240417,1.4030778408050537,1.562471232301448,8.940696716308594e-08,0.0,False,0.8450572490692139,0.734007400326203,3.087507724761963,0.42758429050445557,0.5000011920928955,6
45,1,0.05800606636095903,0.80689537525177,1.4034476280212402,1.4945902297539368,5.960464477539063e-08,0.0,False,0.9000675678253174,0.7817887560932325,3.562603712081909,0.36874914169311523,0.5000202059745789,7
45,2,-0.0031459853126307082,0.8089597225189209,1.40447998046875,1.5654660838766343,1.1920928955078125e-07,0.0,False,0.9795679450035095,0.8508419063286646,4.041991233825684,0.3234906792640686,0.500003457069397,6
45,3,0.01886107999889775,0.8186301589012146,1.4093151092529297,2.5220723082854066,2.9802322387695312e-08,0.0,False,0.9763721227645874,0.8480660504016494,3.8562159538269043,0.3404853045940399,0.5000452995300293,2
45,4,0.036283337293091106,0.834224283695221,1.417112112045288,0.2861468794585444,2.9802322387695312e-08,0.0,False,0.9440529942512512,0.8199940120551216,3.862910747528076,0.341036856174469,0.5000001192092896,2
45,5,0.04410183140829018,0.8016064763069153,1.4008033275604248,2.369117556953232,8.940696716308594e-08,0.0,False,0.8476047515869141,0.7362201328983466,3.0911898612976074,0.42659443616867065,0.500006914138794,6
45,6,0.03335719184439493,0.8170414566993713,1.4085206985473633,1.012805367083787,2.9802322387695312e-08,0.0,False,1.0057682991027832,0.8735992447471161,4.2702860832214355,0.30596834421157837,0.5000004172325134,7
45,7,0.025552897704074734,0.8184151649475098,1.4092074632644653,2.149546201562754,1.1920928955078125e-07,0.0,False,0.9688210487365723,0.8415072708360296,3.8377673625946045,0.3421747088432312,0.5000603795051575,6
45,8,-0.02326597770030136,0.823891282081604,1.4119457006454468,1.6335969315407934,5.960464477539063e-08,0.0,False,0.8945834636688232,0.7770253237465362,3.7005815505981445,0.35583174228668213,0.5,5
45,9,0.0799147544707961,0.824630081653595,1.4123151302337646,1.8773821785607172,8.940696716308594e-08,0.0,False,0.9434961676597595,0.8195103586229978,3.8949403762817383,0.3373982906341553,0.5001410245895386,2
45,10,0.026032407179289063,0.7929922938346863,1.3964961767196655,1.6508990612415324,2.9802322387695312e-08,0.0,False,0.9899847507476807,0.8598898288361678,4.031423091888428,0.3232341408729553,0.5000001192092896,3
45,11,0.06073112839100672,0.8016432523727417,1.4008216857910156,2.3432941316105365,5.960464477539063e-08,0.0,False,0.9773353338241577,0.8489026848978086,3.9142959117889404,0.3339618146419525,0.5000001192092896,6
45,12,0.06312746024561319,0.7984236478805542,1.3992117643356323,1.082147936344203,5.960464477539063e-08,0.0,False,0.9083527326583862,0.7889851588305538,3.396613121032715,0.38666874170303345,0.500934362411499,6
45,13,0.03571450627045956,0.801609456539154,1.4008047580718994,2.535370242897984,2.9802322387695312e-08,0.0,False,0.9557803869247437,0.8301802959055423,4.052282810211182,0.3221128284931183,0.5000009536743164,2
45,14,-0.028599323455070637,0.7968315482139587,1.3984159231185913,1.828612933680105,1.4901161193847656e-07,0.0,False,0.9206950068473816,0.799705521979389,3.666452646255493,0.35708627104759216,0.5000030398368835,6
45,15,0.006210132901245384,0.8116500973701477,1.4058250188827515,1.6364220004018655,2.9802322387695312e-08,0.0,False,0.8308758735656738,0.7216896140722322,3.0329878330230713,0.4360951781272888,0.5000098347663879,6
45,16,0.05001983278788647,0.8379864692687988,1.4189932346343994,2.442223965505527,0.0,0.0,False,0.8569411635398865,0.7443296372822497,3.2088122367858887,0.413946270942688,0.5001085996627808,2
45,17,0.03234087245534688,0.8120537400245667,1.406026840209961,2.0863748109414204,2.9802322387695312e-08,0.0,False,0.9750475883483887,0.8469155744255573,3.777714729309082,0.3473515510559082,0.5000019073486328,6
45,18,0.007808137297055876,0.796477198600769,1.3982385396957397,1.402901251296751,5.960464477539063e-08,0.0,False,0.9013369679450989,0.7828913430279293,3.326545238494873,0.3949470818042755,0.5001143217086792,6
45,19,0.004216964227641288,0.8256295323371887,1.4128148555755615,1.504865211184812,8.940696716308594e-08,0.0,False,0.8097630143165588,0.7033512175340509,2.9650845527648926,0.44787803292274475,0.5007359385490417,4
45,20,0.007868225582960693,0.7987379431724548,1.3993688821792603,2.742565532133814,8.940696716308594e-08,0.0,False,0.8970381617546082,0.779157447413326,3.713240146636963,0.35256585478782654,0.5000075101852417,2
45,21,0.02485248373065065,0.7976553440093994,1.3988275527954102,1.57786339341669,1.1920928955078125e-07,0.0,False,1.0257337093353271,0.8909409797329733,4.210474491119385,0.3092210590839386,0.5000013113021851,6
45,22,0.006902355061559203,0.7874253988265991,1.3937127590179443,0.9276359488662013,5.960464477539063e-08,0.0,False,1.03255033493042,0.8968618254952718,4.128582000732422,0.3148919343948364,0.5009506344795227,6
45,23,0.009344185887458258,0.7899110317230225,1.3949557542800903,2.0810100196852757,2.384185791015625e-07,0.0,False,0.9037601351737976,0.7849960793402346,3.4335150718688965,0.3816068172454834,0.500831127166748,1
45,24,0.0036424307891781025,0.8065877556800842,1.4032938480377197,0.23480846461589872,2.9802322387695312e-08,0.0,False,0.8073532581329346,0.7012581299074904,2.94338321685791,0.449238121509552,0.500662624835968,2
46,1,0.03508056071241102,0.8216633200645447,1.4108316898345947,1.4858075065006102,2.9802322387695312e-08,0.0,False,0.9407216310501099,0.817100426744179,4.01844596862793,0.3263733983039856,0.5000000596046448,2
46,2,-0.01308128352298851,0.8222389817237854,1.4111194610595703,1.4312338689227282,2.9802322387695312e-08,0.0,False,0.9200124740600586,0.7991126815328842,3.5170469284057617,0.37501823902130127,0.5000965595245361,7
46,3,0.06793197833475395,0.8099609613418579,1.4049804210662842,1.2193173642944424,5.960464477539063e-08,0.0,False,0.9248485565185547,0.8033132493843921,3.8638417720794678,0.3391323685646057,0.5000518560409546,7
46,4,0.009696769887683504,0.8154337406158447,1.4077167510986328,1.4339197430012947,1.1920928955078125e-07,0.0,False,0.8979641199111938,0.779961724449083,3.3487977981567383,0.3939729332923889,0.5000088810920715,7
46,5,0.051779332605063705,0.8134161829948425,1.4067081212997437,0.6665568123499425,2.9802322387695312e-08,0.0,False,0.9732649326324463,0.8453671793444232,3.8942456245422363,0.3366298973560333,0.5001082420349121,7
46,6,-0.0145032565771325,0.8110262155532837,1.4055131673812866,1.506044904735252,5.960464477539063e-08,0.0,False,0.9425160884857178,0.8186590726687686,3.731306314468384,0.35176771879196167,0.5000001788139343,5
46,7,0.01578205693887229,0.816450834274292,1.408225417137146,2.6500903088499443,0.0,0.0,False,0.9354637861251831,0.8125335206689817,3.647700548171997,0.36059752106666565,0.5000095963478088,2
46,8,0.03145788256004539,0.8240141272544861,1.4120068550109863,0.23382115272627754,2.086162567138672e-07,0.0,False,0.9518184065818787,0.8267389635049115,3.998901605606079,0.3282071053981781,0.5,2
46,9,0.03876765026457745,0.7845113277435303,1.3922557830810547,2.3551098114824147,1.1920928955078125e-07,0.0,False,0.8484518527984619,0.7369559156619243,3.083974599838257,0.4258677363395691,0.5000126361846924,6
46,10,0.02950551420774919,0.7970160245895386,1.398508071899414,1.0485262264908701,5.960464477539063e-08,0.0,False,0.9945182800292969,0.8638276023372733,4.175999164581299,0.3118444085121155,0.5000004768371582,7
46,11,0.021109050651840634,0.8120075464248657,1.406003713607788,2.2032993225301056,5.960464477539063e-08,0.0,False,0.937978208065033,0.8147175198162881,3.6415371894836426,0.3608677089214325,0.5000699162483215,6
46,12,-0.02280043358314162,0.8271881937980652,1.413594126701355,1.5959893623836052,2.9802322387695312e-08,0.0,False,0.9045738577842712,0.7857028698192918,3.880523920059204,0.33890026807785034,0.5000001192092896,5
46,13,0.07121604281148403,0.827002227306366,1.4135011434555054,1.8409343689309727,2.9802322387695312e-08,0.0,False,0.9511518478393555,0.8261599979374271,3.885021448135376,0.3384694755077362,0.5002596378326416,2
46,14,0.021646304233872853,0.7914424538612366,1.395721197128296,1.5937420369122883,2.9802322387695312e-08,0.0,False,1.0260597467422485,0.8912241722264133,4.4537577629089355,0.2911883592605591,0.5000004172325134,3
46,15,0.05600336849573003,0.7918949127197266,1.3959474563598633,2.2236634355970657,0.0,0.0,False,0.9579659104347229,0.83207861750645,3.793487071990967,0.3442806899547577,0.5,6
46,16,0.05688576750963219,0.7945145964622498,1.3972573280334473,0.9729437566908872,2.9802322387695312e-08,0.0,False,0.9023529291152954,0.783773795688018,3.371858835220337,0.3892689347267151,0.5003291368484497,6
46,17,0.031642223343942906,0.8030595779418945,1.4015297889709473,2.5283473694942504,0.0,0.0,False,0.9368723630905151,0.8137569950757411,3.933652877807617,0.33235448598861694,0.5000019073486328,2
46,18,-0.026628920547210312,0.799136221408844,1.3995682001113892,1.7255750500293277,8.940696716308594e-08,0.0,False,0.9449149370193481,0.8207426860309234,3.7971577644348145,0.3444991707801819,0.5000004172325134,6
46,19,0.004536175433245011,0.8107602000236511,1.405380129814148,1.5917312217633777,2.9802322387695312e-08,0.0,False,0.8338599801063538,0.7242815760802896,3.043555974960327,0.43443959951400757,0.5000020265579224,6
46,20,0.04428966458343217,0.8350711464881897,1.4175355434417725,2.431242604866009,2.9802322387695312e-08,0.0,False,0.8596372008323669,0.7466713855205089,3.222986936569214,0.41178348660469055,0.5000969767570496,2
46,21,0.02915129584628317,0.8103041648864746,1.4051520824432373,2.0197017415134257,0.0,0.0,False,0.9793614149093628,0.8506625165681948,3.8097782135009766,0.3441738486289978,0.5000033378601074,6
46,22,0.006169684258013678,0.793340265750885,1.3966701030731201,1.4168645029470812,2.9802322387695312e-08,0.0,False,0.8897438049316406,0.7728216495788297,3.267824411392212,0.40199434757232666,0.5000654458999634,6
46,23,0.0032638415050516775,0.8242170810699463,1.4121085405349731,1.487980484567566,0.0,0.0,False,0.810032844543457,0.703585589091236,2.965719699859619,0.4476199448108673,0.5010430216789246,4
46,24,0.006771432220167448,0.7915325164794922,1.395766258239746,2.7368774098158384,0.0,0.0,False,0.8959581851959229,0.7782193916932822,3.6991214752197266,0.3533822000026703,0.5000075697898865,2
47,1,-0.028740544668452377,0.8231067657470703,1.4115533828735352,1.4731390587985516,0.0,0.0,False,0.9102877378463745,0.7906658829817488,3.5638794898986816,0.3699742555618286,0.500004768371582,7
47,2,0.11503559608806577,0.8284732103347778,1.4142365455627441,2.083507132742265,5.960464477539063e-08,0.0,False,0.9441010355949402,0.8200357402360562,3.813863515853882,0.34517741203308105,0.5000163316726685,2
47,3,0.03815242610398033,0.8152327537536621,1.407616376876831,1.7411468281660376,0.0,0.0,False,0.9830299615859985,0.8538489757247296,4.028400897979736,0.3250757157802582,0.5,7
47,4,0.08016308887665935,0.8151268362998962,1.40756356716156,2.408849235584318,1.4901161193847656e-07,0.0,False,0.987726092338562,0.8579279830689986,3.9786648750305176,0.32931095361709595,0.5000002384185791,6
47,5,0.08519052830411654,0.8129273056983948,1.4064635038375854,1.1938635544728509,1.4901161193847656e-07,0.0,False,0.9206202626228333,0.799640599970838,3.4736030101776123,0.3790348768234253,0.5017422437667847,6
47,6,0.04661585940068413,0.8101283311843872,1.4050642251968384,2.5334645423558806,5.960464477539063e-08,0.0,False,0.9747531414031982,0.8466598210585384,4.187124252319336,0.31186631321907043,0.5000004768371582,2
47,7,-0.036033878958106065,0.7920494079589844,1.3960247039794922,1.9102303856429097,0.0,0.0,False,0.8919766545295715,0.7747610780974323,3.4637205600738525,0.37837159633636475,0.5000112652778625,6
47,8,0.0107207365969017,0.8065158128738403,1.4032578468322754,1.663944396859839,5.960464477539063e-08,0.0,False,0.8284555077552795,0.7195873110409492,3.0227444171905518,0.4370831847190857,0.5000438690185547,6
47,9,0.06733493529336458,0.8337137699127197,1.4168567657470703,2.441296725958758,1.1920928955078125e-07,0.0,False,0.8521134853363037,0.7401363692738084,3.164571762084961,0.41952604055404663,0.5001609325408936,2
47,10,0.04578242125981417,0.8103576898574829,1.4051789045333862,2.188251800692849,5.960464477539063e-08,0.0,False,0.9748945236206055,0.8467826240922568,3.816551685333252,0.3435420095920563,0.5000007152557373,6
47,11,0.01255328269031376,0.8033742308616638,1.4016870260238647,1.3836525128995738,8.940696716308594e-08,0.0,False,0.9195593595504761,0.7987191112705202,3.4259121417999268,0.3837057948112488,0.5001897215843201,6
47,12,0.007578860904393119,0.8279517292976379,1.4139760732650757,1.5321443642975763,2.086162567138672e-07,0.0,False,0.8094956874847412,0.7031190203982047,2.9652905464172363,0.44809892773628235,0.5005182027816772,4
47,13,0.011919062128352323,0.8115984797477722,1.405799388885498,2.7528035826894013,1.4901161193847656e-07,0.0,False,0.900033712387085,0.7817593496332189,3.7600009441375732,0.34901946783065796,0.5000066757202148,2
47,14,0.0349428819153058,0.8067278861999512,1.4033639430999756,1.5848931424333548,0.0,0.0,False,1.0242362022399902,0.8896402615967417,4.202529430389404,0.31044265627861023,0.5000113844871521,6
47,15,0.011510913864079514,0.8049161434173584,1.4024581909179688,0.924961598218722,1.1920928955078125e-07,0.0,False,1.0389221906661987,0.9023963490663365,4.190709114074707,0.31122422218322754,0.5004262924194336,6
47,16,0.014866010046067153,0.8018298745155334,1.4009149074554443,2.004968094334032,2.9802322387695312e-08,0.0,False,0.930145263671875,0.8079139107622811,3.7115402221679688,0.3529665470123291,0.5005509853363037,1
47,17,0.006753344293287368,0.8140710592269897,1.40703547000885,0.3686664151857035,5.960464477539063e-08,0.0,False,0.8083866834640503,0.7021557517450155,2.951812744140625,0.44872668385505676,0.5004593133926392,1
47,18,0.011867895624522382,0.8046718239784241,1.4023360013961792,2.6180515241086564,8.940696716308594e-08,0.0,False,0.8257460594177246,0.717233914116945,3.013578414916992,0.43825429677963257,0.5003045797348022,5
47,19,-0.025395238540400565,0.7771210670471191,1.3885605335235596,2.6348206378181906,0.0,0.0,False,0.9374762177467346,0.8142814965658765,3.6491565704345703,0.35721299052238464,0.500041127204895,7
47,20,0.025332351213952872,0.8232946991920471,1.4116474390029907,1.2955887623211069,8.940696716308594e-08,0.0,False,0.8516381978988647,0.7397235398510131,3.247999429702759,0.40738990902900696,0.5000025629997253,2
47,21,-0.011271262065686714,0.8009117841720581,1.4004559516906738,1.7207550144143566,5.960464477539063e-08,0.0,False,0.9876332879066467,0.8578473741636446,4.183228969573975,0.3114343583583832,0.5040258765220642,1
47,22,0.007106809845838124,0.8153575658798218,1.4076787233352661,1.011655649195862,5.960464477539063e-08,0.0,False,0.9154550433158875,0.7951541474851846,3.535456895828247,0.3724093437194824,0.5000008344650269,5
47,23,-0.008221284021426146,0.8030091524124146,1.4015045166015625,1.3337443461884184,5.960464477539063e-08,0.0,False,0.8161691427230835,0.7089155099686856,2.9899046421051025,0.4416670501232147,0.5000027418136597,7
47,24,0.013716797576764065,0.7976773381233215,1.398838758468628,0.5871806580927296,8.940696716308594e-08,0.0,False,0.9008813500404358,0.7824955983442263,3.5948967933654785,0.36453959345817566,0.5000006556510925,5
48,1,-0.014730949222390235,0.7602407336235046,1.3801203966140747,1.3031106804098402,2.9802322387695312e-08,0.0,False,0.9814141392707825,0.8524454902942606,3.7883317470550537,0.3422343134880066,0.5011292695999146,7
48,2,0.038408981885999886,0.7900135517120361,1.395006775856018,0.5405589892747998,0.0,0.0,False,0.9047901034355164,0.7858906984054345,3.6024696826934814,0.3631005883216858,0.5000495910644531,7
48,3,0.041841102619761095,0.8029347062110901,1.4014673233032227,1.5950961462377473,2.9802322387695312e-08,0.0,False,0.8459646701812744,0.7347955762896639,3.106426477432251,0.42456740140914917,0.5000377297401428,7
48,4,-0.05672852706581613,0.80516517162323,1.4025826454162598,1.4204650646949644,5.960464477539063e-08,0.0,False,0.991083562374115,0.860844244488191,3.889677047729492,0.3364279568195343,0.5000033378601074,7
48,5,0.05341436294803296,0.8478650450706482,1.4239325523376465,0.996668111058163,2.9802322387695312e-08,0.0,False,0.9458063244819641,0.8215169353434271,4.0908284187316895,0.32213813066482544,0.5000000596046448,2
48,6,-0.011752374539932619,0.7817816138267517,1.3908907175064087,0.8467691767037673,8.940696716308594e-08,0.0,False,0.8698329925537109,0.755527337686938,3.18463397026062,0.4117010831832886,0.5003937482833862,7
48,7,0.02816823452054641,0.8221883773803711,1.411094307899475,0.08164421667462962,1.1920928955078125e-07,0.0,False,0.8793463110923767,0.763790501178799,3.3215456008911133,0.39794492721557617,0.5000113844871521,7
48,8,-0.022258923263988754,0.8191344141960144,1.40956711769104,0.7944064397084848,8.940696716308594e-08,0.0,False,0.8983888030052185,0.7803305994976679,3.4182112216949463,0.38600993156433105,0.5000001192092896,7
48,9,0.041730574218007827,0.8183827996253967,1.409191370010376,0.10549759640640033,2.9802322387695312e-08,0.0,False,0.8680363893508911,0.7539668279726294,3.2687249183654785,0.4042527675628662,0.5000096559524536,7
48,10,0.033369197763221295,0.8364856839179993,1.4182429313659668,0.7957714572410779,8.940696716308594e-08,0.0,False,0.9938006401062012,0.8632042682200854,3.9493565559387207,0.33340904116630554,0.5,7
48,11,-0.001795067098176964,0.8169922232627869,1.4084961414337158,1.131726292137194,2.9802322387695312e-08,0.0,False,0.8059946298599243,0.7000780403836382,2.9449281692504883,0.450137197971344,0.5000002980232239,7
48,12,-0.010729888806286385,0.813448429107666,1.406724214553833,0.3342483571410552,0.0,0.0,False,0.8091418147087097,0.7028116504103522,2.962369203567505,0.44702279567718506,0.5000134706497192,5
48,13,0.055987009872894476,0.8247615694999695,1.4123808145523071,1.1817031207656992,2.9802322387695312e-08,0.0,False,0.8618406653404236,0.7485852904743463,3.284255266189575,0.40286701917648315,0.5000497102737427,5
48,14,0.07774215126495933,0.8513738512992859,1.4256869554519653,2.543533198059835,2.9802322387695312e-08,0.0,False,0.8935768604278564,0.7761509992805007,3.4264674186706543,0.38786780834198,0.500007688999176,2
48,15,0.008575068137762112,0.8163278102874756,1.4081640243530273,2.3385451806061535,1.1920928955078125e-07,0.0,False,0.8000086545944214,0.6948786883304037,2.9249348640441895,0.45324015617370605,0.5000000596046448,5
48,16,0.012047341931164156,0.8456622362136841,1.4228310585021973,0.04299345185633018,5.960464477539063e-08,0.0,False,0.8023815155029297,0.6969397291281818,2.951796293258667,0.45211267471313477,0.5000001192092896,5
48,17,0.05778730732646733,0.8313685059547424,1.4156842231750488,2.2007522317993904,2.9802322387695312e-08,0.0,False,0.9062480926513672,0.7871570917476715,3.580169439315796,0.36890730261802673,0.5000839233398438,2
48,18,0.05432488175781167,0.8369301557540894,1.4184651374816895,2.456932062220446,5.960464477539063e-08,0.0,False,0.8734492063522339,0.7586683410830999,3.4653329849243164,0.38210558891296387,0.5000003576278687,5
48,19,-0.011466350112237376,0.8203995227813721,1.4101996421813965,1.1906875012414444,1.1920928955078125e-07,0.0,False,0.8030754327774048,0.6975424580145856,2.937483787536621,0.45168113708496094,0.5000340938568115,5
48,20,0.0008811985374551348,0.826688826084137,1.413344383239746,1.0204777423075593,2.9802322387695312e-08,0.0,False,0.8993333578109741,0.7811510293776577,3.814514636993408,0.3449808359146118,0.5000030398368835,5
48,21,0.0009689807492790125,0.8286023139953613,1.4143011569976807,0.5330319392018078,0.0,0.0,False,0.8525062203407288,0.7404774945643525,3.170271158218384,0.41825029253959656,0.5000872611999512,5
48,22,0.02189766347798536,0.8414230942726135,1.4207115173339844,2.411054391454749,2.9802322387695312e-08,0.0,False,0.9111592173576355,0.7914228404674135,3.803696632385254,0.34712326526641846,0.5000081062316895,2
48,23,0.015123494272037628,0.8315327763557434,1.4157664775848389,2.511369283681826,8.940696716308594e-08,0.0,False,0.8192163705825806,0.7115622984576484,3.0095725059509277,0.441676527261734,0.5000162720680237,5
48,24,-0.0013833045970604021,0.836292028427124,1.4181461334228516,1.1505798198746164,1.1920928955078125e-07,0.0,False,0.9141974449157715,0.7940618113939433,3.5805177688598633,0.36927902698516846,0.5000045299530029,7
49,1,-0.0013777762821242088,0.8041917681694031,1.4020957946777344,1.6319691794259208,8.940696716308594e-08,0.0,False,0.8495320081710815,0.737894126697778,3.1097638607025146,0.424221396446228,0.5001254081726074,7
49,2,-0.004422094949210557,0.6068752408027649,1.3034377098083496,1.007652850864035,8.940696716308594e-08,0.0,False,1.0093426704406738,0.8767039042437543,3.8271737098693848,0.3259580731391907,0.5017012357711792,7
49,3,0.021181269554976113,0.7755718231201172,1.3877859115600586,0.8530432764575635,0.0,0.0,False,0.9372950792312622,0.8141241616504169,3.5515241622924805,0.3672603368759155,0.5001406669616699,7
49,4,0.08733828022309306,0.8129096627235413,1.4064548015594482,2.5885175366430535,2.9802322387695312e-08,0.0,False,0.8687049150466919,0.754547502014023,3.2517192363739014,0.40592068433761597,0.5000994205474854,2
49,5,0.09438919096565407,0.7903931140899658,1.3951966762542725,1.9118980229624922,1.1920928955078125e-07,0.0,False,0.918999433517456,0.7982327656976911,3.720147132873535,0.3512164056301117,0.5000039339065552,6
49,6,0.0006609071579988315,0.7934413552284241,1.3967206478118896,1.6429823658631082,2.9802322387695312e-08,0.0,False,0.9934495687484741,0.8628993315132552,4.319379806518555,0.3008021414279938,0.5,2
49,7,0.021292872285277764,0.8191052675247192,1.4095525741577148,0.5639364830008751,5.960464477539063e-08,0.0,False,1.0187549591064453,0.8848793143030044,4.744912624359131,0.2740389108657837,0.5,2
49,8,-0.007467124503231139,0.8090428113937378,1.4045214653015137,1.4741537482326046,5.960464477539063e-08,0.0,False,0.9446992874145508,0.8205553751641471,3.6384596824645996,0.36094164848327637,0.5000907182693481,7
49,9,0.05207750517477802,0.785235583782196,1.3926177024841309,1.1736070965964795,8.940696716308594e-08,0.0,False,0.9255046844482422,0.8038831548629639,3.7838246822357178,0.3446663022041321,0.5001698136329651,7
49,10,0.007171586513230261,0.7928869128227234,1.3964433670043945,1.3939786897752768,8.940696716308594e-08,0.0,False,0.8980366587638855,0.7800247308959781,3.36665415763855,0.38975125551223755,0.5000156164169312,7
49,11,0.042731059342726745,0.7771009206771851,1.3885505199432373,0.851720213998587,5.960464477539063e-08,0.0,False,0.9202902317047119,0.7993539387576429,3.5575358867645264,0.36675024032592773,0.5000986456871033,7
49,12,-0.004201261360032956,0.7893980741500854,1.3946990966796875,1.6708980325652658,5.960464477539063e-08,0.0,False,1.0110591650009155,0.8781948324752141,4.363490581512451,0.2973628342151642,0.5000045299530029,5
49,13,0.011706726063589672,0.7730191946029663,1.3865094184875488,2.53455867302475,1.7881393432617188e-07,0.0,False,0.9554443955421448,0.8298884574986828,3.6858670711517334,0.3531801402568817,0.5002748966217041,2
49,14,0.023774804697507396,0.786709189414978,1.3933547735214233,0.27970072693918613,1.7881393432617188e-07,0.0,False,0.9276208281517029,0.8057212139296185,3.798154592514038,0.3434351682662964,0.5000022649765015,2
49,15,0.02683853606587977,0.7534543871879578,1.3767272233963013,1.775729206764878,2.9802322387695312e-08,0.0,False,0.9911378026008606,0.8608913569505365,3.801913261413574,0.3404538929462433,0.5000147223472595,6
49,16,0.025917088983849673,0.7857621908187866,1.3928812742233276,0.6619776456227252,1.7881393432617188e-07,0.0,False,1.0697505474090576,0.9291735195054736,4.968007564544678,0.25933340191841125,0.5000000596046448,3
49,17,0.015724682613697742,0.8099679350852966,1.4049839973449707,2.0134442503522965,2.9802322387695312e-08,0.0,False,0.8871840238571167,0.7705982519877375,3.3537955284118652,0.3928627371788025,0.5001235008239746,6
49,18,-0.019320446036111535,0.8278312683105469,1.4139156341552734,1.5893066953584254,0.0,0.0,False,0.9087740778923035,0.7893511346506867,3.94938063621521,0.332782119512558,0.5000002384185791,5
49,19,0.05528221795117239,0.8254382014274597,1.4127191305160522,1.9873973466264974,2.9802322387695312e-08,0.0,False,0.9700823426246643,0.842602816787343,3.9518961906433105,0.3323823809623718,0.5001853108406067,2
49,20,0.01664025729581197,0.7795687317848206,1.3897844552993774,1.5093884712947447,8.940696716308594e-08,0.0,False,1.0563580989837646,0.9175409866049162,4.7165608406066895,0.27351999282836914,0.5000086426734924,3
49,21,0.04072798500182043,0.7719936370849609,1.385996699333191,2.2679192497213148,1.1920928955078125e-07,0.0,False,0.9210542440414429,0.8000175514415395,3.5644686222076416,0.3655746877193451,0.5000001788139343,6
49,22,0.041069158373378684,0.7878668904304504,1.3939335346221924,0.9245604188145871,8.940696716308594e-08,0.0,False,0.9457986354827881,0.8215102567636,3.701653242111206,0.35282963514328003,0.5001780390739441,6
49,23,0.02300996480382692,0.8042928576469421,1.402146339416504,2.405234471107425,8.940696716308594e-08,0.0,False,0.9247946739196777,0.8032664475536664,3.890665292739868,0.3362736105918884,0.5000025033950806,2
49,24,-0.021112613701449373,0.8020262718200684,1.4010132551193237,1.5738754588216273,1.1920928955078125e-07,0.0,False,0.9643860459327698,0.8376550763461958,3.8643338680267334,0.3384888470172882,0.5000001192092896,6
50,1,-0.013388848211272616,0.8244448900222778,1.4122223854064941,1.5761605107358523,5.960464477539063e-08,0.0,False,0.8810322284698486,0.7652548704067607,3.27477765083313,0.4040446877479553,0.5000828504562378,7
50,2,0.07131017291587166,0.8209354877471924,1.4104676246643066,1.2430520763793955,1.1920928955078125e-07,0.0,False,0.936061680316925,0.8130528449654527,3.7622482776641846,0.3495280146598816,0.5000890493392944,7
50,3,0.010411716227387447,0.8209105134010315,1.4104552268981934,1.3653239320730426,2.9802322387695312e-08,0.0,False,0.8916377425193787,0.7744667028656773,3.3516597747802734,0.3941228985786438,0.5000041723251343,7
50,4,0.05654632532363699,0.8057914972305298,1.4028956890106201,0.5468501982343693,5.960464477539063e-08,0.0,False,0.9298136234283447,0.8076258517067966,3.687304973602295,0.3557127118110657,0.5000239014625549,7
50,5,-0.01048013870454592,0.8157355785369873,1.4078677892684937,1.3858031373838613,0.0,0.0,False,0.978155255317688,0.8496148596582768,4.071226119995117,0.32154056429862976,0.5000006556510925,5
50,6,0.0160307240339786,0.8199737071990967,1.4099868535995483,2.494476928844739,0.0,0.0,False,1.015871286392212,0.8823745880081914,4.1895623207092285,0.3123359680175781,0.5000382661819458,2
50,7,0.034172896721145055,0.8271046876907349,1.4135524034500122,0.36081934698155677,5.960464477539063e-08,0.0,False,0.9540590643882751,0.8286851741472143,4.052332878112793,0.323903352022171,0.5000001192092896,2
50,8,0.04034486004834323,0.7916020750999451,1.395801067352295,2.372800355988115,2.9802322387695312e-08,0.0,False,0.853381872177124,0.7412380760855823,3.1071815490722656,0.42331063747406006,0.5000007152557373,6
50,9,0.0310176157302502,0.8071010708808899,1.403550624847412,1.0028328131978985,8.940696716308594e-08,0.0,False,0.9767099022865295,0.8483594419666082,4.0809807777404785,0.3201349377632141,0.5000004768371582,7
50,10,0.021823173048285058,0.8174635171890259,1.4087316989898682,2.14926118646102,5.960464477539063e-08,0.0,False,0.9602632522583008,0.8340740632605008,3.8092896938323975,0.3447685241699219,0.5000324249267578,6
50,11,-0.022002787926455988,0.8282336592674255,1.4141168594360352,1.5794881354065704,2.9802322387695312e-08,0.0,False,0.8982027173042297,0.7801689675114669,3.776125907897949,0.34875619411468506,0.5,5
50,12,0.07452967239237959,0.8314809799194336,1.4157403707504272,1.8932648788893365,1.1920928955078125e-07,0.0,False,0.9536263346672058,0.8283093098871824,3.9229414463043213,0.3353872001171112,0.5001059174537659,2
50,13,0.023372793418806416,0.7974918484687805,1.398746132850647,1.6577168559678013,2.086162567138672e-07,0.0,False,1.0016288757324219,0.8700037872910976,4.180002689361572,0.31156498193740845,0.5,3
50,14,0.05730796727511564,0.7962954640388489,1.3981479406356812,2.296128448902027,2.086162567138672e-07,0.0,False,0.9665319919586182,0.8395190213811722,3.850792646408081,0.339290976524353,0.5,6
50,15,0.05867271291305013,0.7984597086906433,1.3992297649383545,1.0268783691984318,8.940696716308594e-08,0.0,False,0.9056293964385986,0.7866196990453118,3.391543388366699,0.38728517293930054,0.5004118084907532,6
50,16,0.03265567661101512,0.8061589598655701,1.4030795097351074,2.5305374077186666,2.9802322387695312e-08,0.0,False,0.9397083520889282,0.8162203038212393,3.9539270401000977,0.33080583810806274,0.5000014305114746,2
50,17,-0.026657664046534343,0.7995837330818176,1.3997918367385864,1.7702369302559409,2.9802322387695312e-08,0.0,False,0.9360606670379639,0.8130519648425297,3.7616641521453857,0.34791576862335205,0.5000009536743164,6
50,18,0.005216830967568125,0.8155006766319275,1.4077502489089966,1.6134670612153195,8.940696716308594e-08,0.0,False,0.8343433141708374,0.7247013947145319,3.048830986022949,0.43415263295173645,0.5000021457672119,6
50,19,0.04583286234601737,0.8394668698310852,1.4197334051132202,2.438430456443984,2.9802322387695312e-08,0.0,False,0.8603594303131104,0.7472987060768184,3.2372851371765137,0.4103134870529175,0.5000923275947571,2
50,20,0.028832142909410052,0.8124768137931824,1.406238317489624,2.0392526681236625,8.940696716308594e-08,0.0,False,0.9747447371482849,0.8466525212154716,3.778228998184204,0.34733518958091736,0.5000025629997253,6
50,21,0.006653353275272101,0.7924535870552063,1.3962268829345703,1.4078609835003246,8.940696716308594e-08,0.0,False,0.897203803062439,0.7793013216252583,3.303006649017334,0.39748191833496094,0.5001117587089539,6
50,22,0.003232269092287945,0.8248887658119202,1.4124442338943481,1.4985562702764181,1.4901161193847656e-07,0.0,False,0.8098987936973572,0.7034691540057249,2.965221643447876,0.4477761685848236,0.5007915496826172,4
50,23,0.0062644077685174195,0.79322350025177,1.3966116905212402,2.7372036970350804,5.960464477539063e-08,0.0,False,0.8957163095474243,0.7780093011743828,3.683771848678589,0.35504916310310364,0.5000063180923462,2
50,24,0.022973260928377714,0.7888672947883606,1.394433617591858,1.5434672466331627,2.9802322387695312e-08,0.0,False,1.0271763801574707,0.8921940676874929,4.2573323249816895,0.30508095026016235,0.5000020861625671,6
51,1,-0.0033561851277573015,0.7911913394927979,1.3955955505371094,1.5918074793049266,1.1920928955078125e-07,0.0,False,0.8691888451576233,0.7549678383676316,3.178110361099243,0.4135110676288605,0.500255286693573,7
51,2,0.016403990325907735,0.7834895849227905,1.3917447328567505,1.277799013708172,5.960464477539063e-08,0.0,False,0.813094437122345,0.70624485461693,2.956578254699707,0.44468605518341064,0.5000004172325134,7
51,3,-0.0006669722791880165,0.7998774647712708,1.3999388217926025,1.3241213940079513,8.940696716308594e-08,0.0,False,0.8558264970779419,0.7433614502950794,3.1261699199676514,0.4214910864830017,0.5000103116035461,7
51,4,-0.010506558256551644,0.6540484428405762,1.327024221420288,1.2790058292761228,0.0,0.0,False,0.8653296828269958,0.7516158125577108,3.0787153244018555,0.41263818740844727,0.5003118515014648,7
51,5,0.02820771614397704,0.7837321162223816,1.3918659687042236,0.14786704050965283,8.940696716308594e-08,0.0,False,0.8379446268081665,0.7278294551265329,3.044736862182617,0.4314476251602173,0.5,7
51,6,0.08388412277385103,0.7836864590644836,1.391843318939209,2.5470720376034683,8.940696716308594e-08,0.0,False,0.8654468059539795,0.7517175444132154,3.189587116241455,0.41123366355895996,0.5002401471138,2
51,7,0.09941599693442979,0.77702397108078,1.3885117769241333,2.188557173369582,2.086162567138672e-07,0.0,False,0.9249710440635681,0.8034196407141946,3.6091854572296143,0.36130836606025696,0.5000022649765015,6
51,8,0.0022254644865507805,0.7925009727478027,1.396250605583191,2.025653230796045,1.1920928955078125e-07,0.0,False,0.9685798287391663,0.8412977498084333,4.003878593444824,0.3255162835121155,0.5000001192092896,2
51,9,0.022669960011583612,0.8170225024223328,1.4085112810134888,0.5828574269026532,2.9802322387695312e-08,0.0,False,1.0122489929199219,0.8792283038744919,4.608694076538086,0.2824443280696869,0.4999999701976776,2
51,10,-0.007544531544262196,0.8042812347412109,1.4021406173706055,1.5826960329433988,0.0,0.0,False,0.9354996681213379,0.812564687374841,3.5723273754119873,0.3674839735031128,0.5001266002655029,7
51,11,0.050865098204190835,0.7965951561927795,1.3982975482940674,1.178899531223409,2.9802322387695312e-08,0.0,False,0.9355032444000244,0.8125677936910396,3.8370230197906494,0.34056928753852844,0.5004225969314575,7
51,12,0.006995655321177437,0.7977104783058167,1.3988553285598755,1.3824438325618698,8.940696716308594e-08,0.0,False,0.8927001953125,0.7753895376363479,3.3428053855895996,0.3930757939815521,0.5000115633010864,7
51,13,0.04095760886096798,0.78560870885849,1.3928043842315674,0.650408062742965,2.9802322387695312e-08,0.0,False,0.9106609225273132,0.7909900270770738,3.534156322479248,0.37000060081481934,0.5001001358032227,7
51,14,-0.003179592064774972,0.8198240995407104,1.4099122285842896,1.8517643411843534,1.7881393432617188e-07,0.0,False,0.9844785928726196,0.8551072408729136,4.171921253204346,0.3137090504169464,0.5000014305114746,5
51,15,0.01035600587553416,0.7999236583709717,1.3999619483947754,2.5559430690637357,1.1920928955078125e-07,0.0,False,0.9750404953956604,0.8469094135650967,3.834597110748291,0.3410404622554779,0.5007305145263672,2
51,16,0.022869248254070024,0.7979909181594849,1.398995280265808,0.3348989693898168,1.7881393432617188e-07,0.0,False,0.9248257279396057,0.8032934207326576,3.867957592010498,0.3378525972366333,0.5000026226043701,2
51,17,0.02735509867697105,0.7688977122306824,1.3844488859176636,2.1445266411125963,2.9802322387695312e-08,0.0,False,0.9894559383392334,0.8594305082142666,3.8082385063171387,0.34109213948249817,0.5000011920928955,6
51,18,0.023570437112992382,0.7960527539253235,1.398026466369629,1.099741861523093,8.940696716308594e-08,0.0,False,1.064152717590332,0.9243113063036615,4.838881969451904,0.267180860042572,0.5000000596046448,3
51,19,0.012345313195410197,0.8259285092353821,1.4129644632339478,2.1544259077437737,2.086162567138672e-07,0.0,False,0.885840654373169,0.769431416079666,3.4454567432403564,0.3834364712238312,0.5000559091567993,6
51,20,-0.018773352093943572,0.8264719843864441,1.413236141204834,1.5134312523854148,1.4901161193847656e-07,0.0,False,0.9085066318511963,0.7891188339709674,3.9423623085021973,0.3333021104335785,0.5000001192092896,5
51,21,0.05490990463957769,0.8249452710151672,1.4124727249145508,2.129478749436072,8.940696716308594e-08,0.0,False,0.9823523759841919,0.8532604323489662,3.9679722785949707,0.3309437334537506,0.5000883936882019,2
51,22,0.016058928344974528,0.7736358046531677,1.3868179321289062,1.4881336250247466,2.9802322387695312e-08,0.0,False,1.0481534004211426,0.9104144759820636,4.5689311027526855,0.2824271023273468,0.500019907951355,3
51,23,0.03797692363089819,0.7659348845481873,1.3829675912857056,2.276287401611025,1.4901161193847656e-07,0.0,False,0.9122527241706848,0.7923726484170754,3.5637857913970947,0.3651247024536133,0.5000002384185791,6
51,24,0.03776674025852185,0.776168167591095,1.3880841732025146,0.9742735531514022,8.940696716308594e-08,0.0,False,0.9584962129592896,0.8325392324267673,3.7623939514160156,0.34598422050476074,0.5001670122146606,4
52,1,0.0045273644577284115,0.7927992939949036,1.3963996171951294,1.4625425612820044,2.9802322387695312e-08,0.0,False,0.9203029274940491,0.7993649661801481,3.6524288654327393,0.3581787049770355,0.5000001192092896,2
52,2,0.031989368958068906,0.8293773531913757,1.4146885871887207,0.6112881097698677,8.940696716308594e-08,0.0,False,1.0099384784698486,0.8772214165224428,4.614596366882324,0.2827799320220947,0.4999999701976776,2
52,3,-0.009274556025773982,0.8233576416969299,1.4116787910461426,1.5706427205022158,2.9802322387695312e-08,0.0,False,0.9290081858634949,0.8069262575269328,3.555624008178711,0.37088388204574585,0.5001513361930847,7
52,4,0.06701171409693381,0.8072957992553711,1.4036478996276855,1.2367697336619687,0.0,0.0,False,0.921225368976593,0.800166188671643,3.7994706630706787,0.34491249918937683,0.500042200088501,7
52,5,0.009437996290073063,0.8112548589706421,1.4056274890899658,1.4078827281873791,5.960464477539063e-08,0.0,False,0.8998720645904541,0.7816189441410417,3.354588747024536,0.3928871154785156,0.5000091791152954,7
52,6,0.05291917520362932,0.8053078055381775,1.4026540517807007,0.4335553648946109,1.4901161193847656e-07,0.0,False,0.9710198640823364,0.8434171375788087,3.8755147457122803,0.3377162218093872,0.5001184940338135,7
52,7,-0.011502752068678316,0.8031636476516724,1.401581883430481,1.235539346764279,5.960464477539063e-08,0.0,False,0.97586989402771,0.8476298200634912,4.065983295440674,0.3210902512073517,0.500001847743988,5
52,8,0.015836166408238005,0.8128703832626343,1.406435251235962,2.64067164513388,5.960464477539063e-08,0.0,False,0.9388509392738342,0.8154755645126225,3.6604397296905518,0.35900211334228516,0.5000207424163818,2
52,9,0.03212538553445527,0.8198416233062744,1.4099206924438477,0.2143727249561745,1.1920928955078125e-07,0.0,False,0.9360135197639465,0.8130110132406447,3.8841309547424316,0.33802610635757446,0.5000001192092896,2
52,10,0.037924621864198864,0.7859142422676086,1.3929572105407715,2.336197621464038,8.940696716308594e-08,0.0,False,0.8828675746917725,0.7668490318798877,3.2321884632110596,0.4058590233325958,0.5000178813934326,6
52,11,0.03050150121181573,0.7963249683380127,1.3981624841690063,0.9935609030192789,0.0,0.0,False,1.0086666345596313,0.8761167069383435,4.362694263458252,0.29786455631256104,0.5000002980232239,7
52,12,0.020843493427986567,0.8120492100715637,1.406024694442749,2.1291444259872465,8.940696716308594e-08,0.0,False,0.9299817681312561,0.807771900340068,3.5917646884918213,0.3660690486431122,0.5000778436660767,6
52,13,-0.02227553893339981,0.829848051071167,1.4149240255355835,1.5974775006399742,0.0,0.0,False,0.9056892991065979,0.7866717298416385,3.903144121170044,0.33704671263694763,0.5000001192092896,5
52,14,0.07035183185100304,0.8276140093803406,1.4138070344924927,1.8610644367310234,2.9802322387695312e-08,0.0,False,0.9537353515625,0.8284040007593034,3.8978288173675537,0.33735477924346924,0.500241756439209,2
52,15,0.020650077858926454,0.7937080264091492,1.3968538045883179,1.6089539920900622,2.086162567138672e-07,0.0,False,1.0344364643096924,0.8985000966584191,4.580221652984619,0.2829071879386902,0.5000009536743164,3
52,16,0.0541082144242041,0.7911836504936218,1.3955917358398438,2.1729034553377944,8.940696716308594e-08,0.0,False,0.9503995180130005,0.8255065325531127,3.756803035736084,0.34771937131881714,0.5000000596046448,6
52,17,0.056054987544296934,0.7911047339439392,1.3955522775650024,0.9400278736921922,8.940696716308594e-08,0.0,False,0.892468273639679,0.775188093030868,3.307471990585327,0.39679020643234253,0.500471830368042,6
52,18,0.03127228026573518,0.800207257270813,1.4001036882400513,2.5550101591878733,5.960464477539063e-08,0.0,False,0.9387308359146118,0.8153712440602857,3.9424569606781006,0.33137083053588867,0.5000022053718567,2
52,19,-0.02589022445650839,0.8002706170082092,1.4001351594924927,1.7086530723941482,1.4901161193847656e-07,0.0,False,0.9475266933441162,0.8230112287507687,3.806915521621704,0.34366846084594727,0.5000002980232239,6
52,20,0.004816899762171245,0.8140416741371155,1.4070208072662354,1.5880689300922874,2.9802322387695312e-08,0.0,False,0.8348069190979004,0.7251040768377451,3.049703598022461,0.4338740110397339,0.5000004768371582,6
52,21,0.04415471971163532,0.8386106491088867,1.419305443763733,2.4341711733718014,1.1920928955078125e-07,0.0,False,0.8619883060455322,0.7487135295614122,3.2441623210906982,0.40933191776275635,0.5000782608985901,2
52,22,0.02806186312768369,0.813802182674408,1.406901240348816,1.9783910002719158,1.4901161193847656e-07,0.0,False,0.9807732105255127,0.851888786659533,3.8353779315948486,0.3420482873916626,0.5000040531158447,6
52,23,0.006934742714326322,0.7931082844734192,1.3965542316436768,1.4224104529280097,8.940696716308594e-08,0.0,False,0.8874952793121338,0.7708686050408899,3.2572197914123535,0.40332555770874023,0.5000641345977783,6
52,24,0.003958232520392542,0.8265800476074219,1.413290023803711,1.4845078857359362,0.0,0.0,False,0.8100026249885559,0.7035593407193578,2.9675393104553223,0.4475823938846588,0.50121009349823,4
53,1,-0.025266386828945213,0.8198586106300354,1.4099292755126953,1.5056229489190238,2.9802322387695312e-08,0.0,False,0.892322838306427,0.7750617695054578,3.4069252014160156,0.3874010145664215,0.5000000596046448,7
53,2,0.045436615646806545,0.8238227963447571,1.4119114875793457,0.07211788258069214,8.940696716308594e-08,0.0,False,0.882330060005188,0.7663821525552365,3.3887574672698975,0.3899097442626953,0.50002121925354,7
53,3,0.03739798303146404,0.8403432369232178,1.4201717376708984,0.7569953789014029,1.1920928955078125e-07,0.0,False,0.9804343581199646,0.8515944631997147,3.857034206390381,0.3420342803001404,0.5000000596046448,7
53,4,-0.001702545519534054,0.8316692113876343,1.415834665298462,1.1555546032442874,5.960464477539063e-08,0.0,False,0.8019364476203918,0.6965531480772648,2.940690755844116,0.45238417387008667,0.5000006556510925,7
53,5,-0.008276814954841595,0.8151524066925049,1.4075762033462524,0.3821396890863435,0.0,0.0,False,0.832886815071106,0.723436295670711,3.102949857711792,0.42629536986351013,0.500003457069397,5
53,6,0.06365276998878536,0.8228015899658203,1.4114007949829102,0.8922741886643847,0.0,0.0,False,0.8538599014282227,0.7416532870174634,3.2510006427764893,0.4069535732269287,0.5000044703483582,5
53,7,0.08521347133149748,0.8381068110466003,1.4190534353256226,2.536291158915956,2.9802322387695312e-08,0.0,False,0.8987231850624084,0.7806210400622381,3.5942270755767822,0.36795899271965027,0.5001126527786255,2
53,8,0.010612979190209473,0.8273254036903381,1.4136627912521362,2.1830548606894222,8.940696716308594e-08,0.0,False,0.7995229959487915,0.6944568505906323,2.9299981594085693,0.4536213278770447,0.5000000596046448,5
53,9,0.013292970005992354,0.8418239951133728,1.4209120273590088,0.03317767122322655,2.9802322387695312e-08,0.0,False,0.8014254570007324,0.6961093072644199,2.9458811283111572,0.4526433050632477,0.5000001192092896,5
53,10,0.06451546773069025,0.8189966678619385,1.4094982147216797,2.1994244789897768,1.1920928955078125e-07,0.0,False,0.9018384218215942,0.7833269003309111,3.54791259765625,0.37135636806488037,0.5000842809677124,2
53,11,0.06248092372352794,0.826200008392334,1.4131001234054565,2.508787256246887,1.1920928955078125e-07,0.0,False,0.850985050201416,0.7391562229692735,3.2444417476654053,0.40812769532203674,0.5000004768371582,5
53,12,-0.010717143294123873,0.811423659324646,1.4057118892669678,1.257475016124187,5.960464477539063e-08,0.0,False,0.8026043176651001,0.6971332526273553,2.929558515548706,0.4519681930541992,0.5000515580177307,7
53,13,0.002107944897674868,0.8154134154319763,1.4077067375183105,1.2301728725788512,2.9802322387695312e-08,0.0,False,0.8973790407180786,0.7794535311189902,3.7728757858276367,0.3480766713619232,0.5000036954879761,5
53,14,0.0012385132491463183,0.8059707283973694,1.4029853343963623,0.47676249827611394,2.9802322387695312e-08,0.0,False,0.8503345251083374,0.7385911840527463,3.118551015853882,0.4231690764427185,0.5000075697898865,5
53,15,0.02427346304883115,0.8347964882850647,1.4173983335494995,2.4384407550636045,8.940696716308594e-08,0.0,False,0.9143515825271606,0.7941956936221034,3.803459882736206,0.34664347767829895,0.5000091791152954,2
53,16,0.016899552905003803,0.8196879029273987,1.409843921661377,2.487081747518882,2.9802322387695312e-08,0.0,False,0.8070581555366516,0.7010018070491684,2.9509878158569336,0.44947177171707153,0.500029981136322,5
53,17,-0.0016576691224228631,0.8303008079528809,1.4151504039764404,1.1989743036220495,0.0,0.0,False,0.8896894454956055,0.7727744335726109,3.389543056488037,0.3903946280479431,0.5000009536743164,7
53,18,-0.010835635565757937,0.8126736283302307,1.406336784362793,2.1626082283596526,2.9802322387695312e-08,0.0,False,0.863964855670929,0.7504303387524477,3.176774024963379,0.415812224149704,0.5000365972518921,5
53,19,0.024110449756501895,0.7986912727355957,1.3993456363677979,0.6655826870833909,0.0,0.0,False,0.918238639831543,0.7975719486983733,3.7118444442749023,0.3527000844478607,0.5000017881393433,5
53,20,-0.000981582601002987,0.7955499291419983,1.3977749347686768,2.100146362171914,2.9802322387695312e-08,0.0,False,0.875508189201355,0.7604567508625133,3.243633270263672,0.40530890226364136,0.5000067949295044,7
53,21,0.005252375869770752,0.8406246900558472,1.4203124046325684,1.3099643063859687,5.960464477539063e-08,0.0,False,0.8473724126815796,0.7360183258893103,3.1565394401550293,0.42130976915359497,0.5000029802322388,5
53,22,-0.018200523835476573,0.8344483971595764,1.4172241687774658,2.509411331007526,2.9802322387695312e-08,0.0,False,0.8508400917053223,0.7390303136193564,3.230700731277466,0.4107086658477783,0.5,2
53,23,0.050117240310144265,0.8319154977798462,1.4159575700759888,0.020990294102898252,1.7881393432617188e-07,0.0,False,0.848749041557312,0.7372140505380288,3.21293044090271,0.41282063722610474,0.5000024437904358,2
53,24,-0.0033096956399819278,0.7970154285430908,1.3985075950622559,2.2149979900801298,1.1920928955078125e-07,0.0,False,0.9272699952125549,0.8054164843105348,3.6016738414764404,0.3637661635875702,0.500219464302063,5
54,1,0.08447016912698563,0.7885332703590393,1.3942666053771973,1.355343805892127,2.9802322387695312e-08,0.0,False,0.9717746376991272,0.8440727256125254,3.837268590927124,0.3399375081062317,0.500006377696991,6
54,2,0.024910445625057738,0.7932302355766296,1.3966151475906372,1.3980592915720174,2.9802322387695312e-08,0.0,False,0.9126375913619995,0.7927069398119826,3.3854146003723145,0.3875425159931183,0.5001771450042725,6
54,3,0.018609511114909834,0.803447425365448,1.4017235040664673,1.4966501223984374,2.086162567138672e-07,0.0,False,0.8043820858001709,0.6986774024096847,2.931424856185913,0.450800359249115,0.5001503229141235,4
54,4,0.028351189983820208,0.8261958956718445,1.4130979776382446,2.719651496534493,2.9802322387695312e-08,0.0,False,0.9615973830223083,0.8352328745183925,4.230675220489502,0.309570848941803,0.5,1
54,5,0.05799173539810332,0.7987069487571716,1.3993535041809082,2.3672771704209503,2.9802322387695312e-08,0.0,False,0.8508977890014648,0.7390804288540274,3.1171176433563232,0.42263734340667725,0.5000004172325134,7
54,6,0.028516214307081886,0.8286401033401489,1.4143199920654297,0.6927469510099536,5.960464477539063e-08,0.0,False,0.9852230548858643,0.855753872361591,3.8459675312042236,0.34218549728393555,0.500024139881134,6
54,7,0.029558478386422067,0.8280695676803589,1.4140347242355347,1.2582656538939572,5.960464477539063e-08,0.0,False,1.00229012966156,0.8705781451562208,4.113425254821777,0.3189406096935272,0.5000002980232239,6
54,8,0.015610731547934537,0.8254866003990173,1.412743330001831,1.361511221101557,2.9802322387695312e-08,0.0,False,0.8229137063026428,0.7147737634595821,3.015577554702759,0.44013917446136475,0.5000250935554504,1
54,9,0.02580594148859989,0.8349074125289917,1.4174538850784302,2.626487527695864,1.7881393432617188e-07,0.0,False,0.8801564574241638,0.7644941853416576,3.306281805038452,0.401020884513855,0.5000243186950684,5
54,10,-0.04210364530669566,0.7918251156806946,1.3959126472473145,2.5411498747903036,8.940696716308594e-08,0.0,False,0.9228439331054688,0.8015720556111976,3.5598976612091064,0.3677608370780945,0.5000191330909729,7
54,11,0.04953895619123178,0.8305159211158752,1.4152578115463257,1.4637410580718984,1.4901161193847656e-07,0.0,False,0.8589362502098083,0.7460625475455812,3.2863950729370117,0.4031313359737396,0.5000005960464478,2
54,12,-0.01197439294822594,0.8019688129425049,1.400984287261963,1.555253870636375,1.1920928955078125e-07,0.0,False,0.9996840357780457,0.8683145207703565,4.074563980102539,0.3202124536037445,0.5031577348709106,1
54,13,0.018185439321964723,0.8220497369766235,1.4110249280929565,0.6166569640473686,5.960464477539063e-08,0.0,False,0.9951837658882141,0.8644056360098981,4.09617280960083,0.3199314773082733,0.5000001192092896,5
54,14,-0.012282276706153297,0.8283852338790894,1.4141926765441895,1.0969622538724728,5.960464477539063e-08,0.0,False,0.8351995348930359,0.7254450985844159,3.115919589996338,0.425783634185791,0.5000036954879761,7
54,15,0.030289748275304732,0.8110249638557434,1.4055125713348389,0.32518318322817674,8.940696716308594e-08,0.0,False,0.8145989179611206,0.7075516300697489,2.975295305252075,0.44476059079170227,0.5000065565109253,5
54,16,0.024308275943253157,0.8240546584129333,1.412027359008789,0.3278428547153864,2.9802322387695312e-08,0.0,False,0.8485455513000488,0.7370373011463279,3.131492853164673,0.4231637120246887,0.5000150203704834,7
54,17,0.004271411020334389,0.8262736201286316,1.4131367206573486,0.35499604810878005,8.940696716308594e-08,0.0,False,0.7965759038925171,0.6918970389552306,2.918696880340576,0.45532041788101196,0.500002384185791,7
54,18,-0.006045822064422897,0.828203558921814,1.4141018390655518,0.6482544962945606,5.960464477539063e-08,0.0,False,0.8960422277450562,0.7782923901239496,3.7256522178649902,0.35367798805236816,0.5000004768371582,5
54,19,0.03806269991485281,0.8028720021247864,1.4014359712600708,0.7697357270247716,2.9802322387695312e-08,0.0,False,0.8132270574569702,0.7063600471759618,2.9779484272003174,0.4434816539287567,0.5000040531158447,5
54,20,0.044451303091233546,0.8475523591041565,1.423776388168335,2.619169283388277,2.086162567138672e-07,0.0,False,0.9535622596740723,0.8282536550552907,3.900707960128784,0.33853277564048767,0.500953197479248,2
54,21,0.004609741017162614,0.815639853477478,1.4078199863433838,2.051453565626846,5.960464477539063e-08,0.0,False,0.812608003616333,0.7058223438419823,2.9826200008392334,0.44412362575531006,0.5000000596046448,5
54,22,0.00617337382726986,0.8348544836044312,1.4174273014068604,0.05752543986338437,5.960464477539063e-08,0.0,False,0.8064124584197998,0.7004409616595092,2.962371826171875,0.4493025541305542,0.5000000596046448,5
54,23,0.036368982683696226,0.8068879246711731,1.4034440517425537,2.4477497195720455,8.940696716308594e-08,0.0,False,0.8498858213424683,0.7382014449136939,3.1385233402252197,0.42047789692878723,0.500022828578949,2
54,24,0.0348239956713434,0.8110294342041016,1.4055148363113403,2.658578039590052,1.1920928955078125e-07,0.0,False,0.8175094127655029,0.7100796537360515,2.9948222637176514,0.44176867604255676,0.5000005960464478,5
55,1,0.022701953021604663,0.7855340242385864,1.3927669525146484,1.6543369133557595,5.960464477539063e-08,0.0,False,0.8325237035751343,0.7231209010326788,3.023353338241577,0.4347844123840332,0.5000185370445251,7
55,2,0.006210518083093907,0.7831733822822571,1.3915866613388062,0.07437696398713935,2.9802322387695312e-08,0.0,False,0.8413418531417847,0.7307802484274664,3.05058217048645,0.43053531646728516,0.5000488758087158,7
55,3,0.024045005346746653,0.8003501892089844,1.4001750946044922,0.024045195376749488,0.0,0.0,False,0.8358576893806458,0.7260167643088336,3.042574882507324,0.433502197265625,0.5000129342079163,7
55,4,-0.02706745284308324,0.7945093512535095,1.3972547054290771,0.27648376087045173,2.9802322387695312e-08,0.0,False,0.8241244554519653,0.7158254068086217,2.9944703578948975,0.4400630593299866,0.5001775026321411,7
55,5,-0.026469679549015496,0.8015508651733398,1.40077543258667,0.43159414429865983,0.0,0.0,False,0.9166791439056396,0.7962173877480325,3.4326860904693604,0.3827641010284424,0.5000001788139343,7
55,6,0.006866912780911182,0.837024450302124,1.4185123443603516,0.7734425537634618,1.1920928955078125e-07,0.0,False,0.9327602386474609,0.8101852491667052,3.8418242931365967,0.34320002794265747,0.5000016093254089,7
55,7,0.013632345768599424,0.8352195620536804,1.4176099300384521,0.37468051109471656,1.4901161193847656e-07,0.0,False,0.9334794282913208,0.8108099293542459,3.8509371280670166,0.3422178328037262,0.5000016689300537,7
55,8,0.0031535823675318164,0.8387432098388672,1.4193716049194336,0.38273964411273614,0.0,0.0,False,0.8793754577636719,0.7638158176558176,3.448181390762329,0.3842378854751587,0.5,7
55,9,0.01715716417698679,0.8255971074104309,1.4127986431121826,1.470879909293447,8.940696716308594e-08,0.0,False,0.8098143339157104,0.7033957931715009,2.9657270908355713,0.44779589772224426,0.5000000596046448,5
55,10,-0.0019605741607618,0.8205369114875793,1.4102685451507568,1.3235616547635571,8.940696716308594e-08,0.0,False,0.847671389579773,0.7362780139235141,3.1103615760803223,0.42578521370887756,0.5000265836715698,7
55,11,0.016483786120268275,0.8412004113197327,1.420600175857544,1.2997032323108497,2.9802322387695312e-08,0.0,False,0.8062977194786072,0.7003413006814705,2.9623630046844482,0.44997507333755493,0.5000000596046448,7
55,12,-0.0010079175633672557,0.800847589969635,1.4004237651824951,1.192293450879297,2.9802322387695312e-08,0.0,False,0.906740665435791,0.7875849350320934,3.4186975955963135,0.38432425260543823,0.5000013113021851,7
55,13,-0.014785246934096151,0.7864025831222534,1.3932013511657715,1.5878539141309806,5.960464477539063e-08,0.0,False,0.9068533182144165,0.7876827839923496,3.7682247161865234,0.34624576568603516,0.5000090003013611,5
55,14,0.021821818626824533,0.8338882327079773,1.416944146156311,0.37290194257427545,2.9802322387695312e-08,0.0,False,0.8587066531181335,0.7458631220456304,3.264209508895874,0.4062872529029846,0.5000007748603821,5
55,15,0.07831168928626779,0.7812397480010986,1.3906198740005493,2.474845761381389,0.0,0.0,False,0.9157458543777466,0.7954067427640684,3.431119918823242,0.38109272718429565,0.5012502074241638,2
55,16,0.1012647273183115,0.8146074414253235,1.407303810119629,2.2830598199897483,8.940696716308594e-08,0.0,False,0.9720209836959839,0.8442866990266731,3.786242723464966,0.34673428535461426,0.5000235438346863,6
55,17,0.0004597488072325901,0.803255558013916,1.401627779006958,2.402016666988704,0.0,0.0,False,0.8861871361732483,0.7697323663473747,3.297330141067505,0.3992084860801697,0.5000011324882507,2
55,18,0.02138914969740789,0.8011198043823242,1.400559902191162,0.5540009827033716,0.0,0.0,False,0.9925703406333923,0.8621356436758267,4.3891425132751465,0.29629066586494446,0.5,2
55,19,-0.008108821890313011,0.7693416476249695,1.3846708536148071,1.5251427069525343,2.9802322387695312e-08,0.0,False,0.8515392541885376,0.7396375984361848,3.098750114440918,0.42221033573150635,0.500003457069397,7
55,20,0.04471285424489696,0.773510754108429,1.3867554664611816,0.9765226607146984,8.940696716308594e-08,0.0,False,1.0051727294921875,0.8730819395561742,4.314432144165039,0.29971128702163696,0.5054286122322083,2
55,21,0.005036378130250759,0.8170255422592163,1.408512830734253,1.2966975940252485,5.960464477539063e-08,0.0,False,0.8247973918914795,0.7164099119733269,3.0139081478118896,0.43950819969177246,0.5000318288803101,7
55,22,0.029942379387149158,0.81859290599823,1.4092965126037598,0.33460547301561416,5.960464477539063e-08,0.0,False,0.8704937696456909,0.7561012813765681,3.2282233238220215,0.4095214903354645,0.5001508593559265,7
55,23,-0.003348715494483784,0.8144322037696838,1.4072160720825195,2.58266717028184,2.9802322387695312e-08,0.0,False,0.8566751480102539,0.7440985791290097,3.145714521408081,0.4202272593975067,0.5002358555793762,5
55,24,0.006546620605432525,0.7957936525344849,1.3978968858718872,2.6802169502729734,5.960464477539063e-08,0.0,False,0.8591174483299255,0.7462199342329775,3.1800944805145264,0.41370174288749695,0.5001639723777771,2
56,1,0.04716871017683699,0.7680273056030273,1.3840137720108032,1.1119198628834315,1.1920928955078125e-07,0.0,False,1.0250341892242432,0.890333384284525,4.055681228637695,0.3194243013858795,0.5000535249710083,6
56,2,0.0389002714986493,0.8339970707893372,1.4169986248016357,1.1140697834907143,8.940696716308594e-08,0.0,False,1.0516266822814941,0.9134313302741544,4.709797382354736,0.27702367305755615,0.5,3
56,3,0.03082964976331386,0.8301853537559509,1.4150927066802979,2.4692364756822944,2.9802322387695312e-08,0.0,False,0.9763622283935547,0.8480574562601666,3.912034034729004,0.3362700939178467,0.5000628232955933,6
56,4,-0.024677826387182446,0.8246181607246399,1.412309169769287,1.707495649657076,8.940696716308594e-08,0.0,False,0.8840993642807007,0.7679189507225624,3.483654260635376,0.3789602518081665,0.5000008344650269,7
56,5,0.09610338177126143,0.8194646239280701,1.4097323417663574,2.004410179608942,2.9802322387695312e-08,0.0,False,0.9431436061859131,0.8192041276177515,3.875218152999878,0.3388073444366455,0.5000455379486084,2
56,6,0.030878196235884146,0.8009024262428284,1.4004511833190918,1.793239664823426,2.9802322387695312e-08,0.0,False,0.9579876661300659,0.8320975142633248,3.7539069652557373,0.34876757860183716,0.5000004172325134,7
56,7,0.0690413320887366,0.8115111589431763,1.4057555198669434,2.352241682023888,5.960464477539063e-08,0.0,False,0.9899965524673462,0.8599000796796232,3.978518486022949,0.3290621340274811,0.5000001788139343,6
56,8,0.07439007723642867,0.8081335425376892,1.404066801071167,1.2033759823524022,2.9802322387695312e-08,0.0,False,0.9404977560043335,0.816905971350146,3.593724489212036,0.36548590660095215,0.5018316507339478,6
56,9,0.04102430759672669,0.8133485913276672,1.4066741466522217,2.4935649384350156,1.4901161193847656e-07,0.0,False,0.9592175483703613,0.833165776404027,4.084221363067627,0.32030555605888367,0.5000004172325134,2
56,10,-0.031902224777084466,0.7943029403686523,1.3971514701843262,1.8715680099710352,0.0,0.0,False,0.9046114087104797,0.7857354861393773,3.5946459770202637,0.36428260803222656,0.5000054836273193,6
56,11,0.007645795234707015,0.8089406490325928,1.404470443725586,1.688175398219046,1.1920928955078125e-07,0.0,False,0.832477867603302,0.7230810884133999,3.037104368209839,0.43520310521125793,0.5000206232070923,6
56,12,0.0580013001784011,0.830581784248352,1.4152908325195312,2.4395170897102076,5.960464477539063e-08,0.0,False,0.8548039793968201,0.7424733027219599,3.194511651992798,0.41515257954597473,0.5001843571662903,2
56,13,0.03890641706191142,0.8100157976150513,1.4050078392028809,2.176201333472117,5.960464477539063e-08,0.0,False,0.9676555395126343,0.8404949223869024,3.7733492851257324,0.3476111888885498,0.5000005960464478,6
56,14,0.009923388753469129,0.8004863858222961,1.4002434015274048,1.3812003286255103,2.086162567138672e-07,0.0,False,0.9255651235580444,0.8039356516067204,3.4549357891082764,0.3801097273826599,0.500206470489502,6
56,15,0.005307388363111857,0.8281596302986145,1.4140799045562744,1.5440332782504083,8.940696716308594e-08,0.0,False,0.8100866079330444,0.7036322873780885,2.967717409133911,0.44773924350738525,0.5006240606307983,4
56,16,0.009915834288274101,0.8092993497848511,1.4046497344970703,2.751191504354285,5.960464477539063e-08,0.0,False,0.9016311168670654,0.783146837535265,3.780061721801758,0.34691283106803894,0.5000064373016357,2
56,17,0.029609555652892163,0.8052220940589905,1.4026110172271729,1.526469985312706,2.9802322387695312e-08,0.0,False,1.0278671979904175,0.8927941044331912,4.238215923309326,0.30761027336120605,0.5000055432319641,6
56,18,0.009108434342402914,0.8028274774551392,1.4014136791229248,0.922438335135354,5.960464477539063e-08,0.0,False,1.0377449989318848,0.9013738533176271,4.1802568435668945,0.31189361214637756,0.5005073547363281,6
56,19,0.011909228352811763,0.8022631406784058,1.4011316299438477,2.0389670767725057,5.960464477539063e-08,0.0,False,0.9225720763206482,0.8013359238081665,3.626345634460449,0.36162325739860535,0.5005242824554443,1
56,20,0.00526185177493764,0.8141620755195618,1.4070810079574585,0.3217605277190493,2.9802322387695312e-08,0.0,False,0.8084180355072021,0.70218298378369,2.95200777053833,0.44870561361312866,0.500465989112854,1
56,21,0.009432271626235535,0.8036653995513916,1.4018325805664062,2.6185069350925745,1.1920928955078125e-07,0.0,False,0.8248952031135559,0.716494869721359,3.0095248222351074,0.4387568533420563,0.5003194212913513,5
56,22,-0.022592844383910245,0.7766726016998291,1.3883363008499146,2.636621916485305,0.0,0.0,False,0.9464275240898132,0.8220565024671257,3.730898380279541,0.34906044602394104,0.5000457763671875,7
56,23,0.021309359780206386,0.8226224780082703,1.4113112688064575,1.2898442506353704,2.9802322387695312e-08,0.0,False,0.8535619378089905,0.7413944791061824,3.265894651412964,0.40501466393470764,0.5000026226043701,2
56,24,-0.011077993572035375,0.8000166416168213,1.4000083208084106,1.798042461801461,0.0,0.0,False,0.9829635620117188,0.8537913017873088,4.191272258758545,0.31075701117515564,0.5037493109703064,1
57,1,0.038662178810346955,0.8027058839797974,1.401352882385254,1.3193117869751794,5.960464477539063e-08,0.0,False,0.982905387878418,0.8537407723771447,3.872229814529419,0.33780437707901,0.5006129741668701,6
57,2,-0.028589401281755165,0.8224455118179321,1.4112226963043213,1.8357075281934214,5.960464477539063e-08,0.0,False,0.9188107252120972,0.7980688557462777,3.507394790649414,0.3761104941368103,0.5000079274177551,7
57,3,0.11054331166695758,0.8236775994300842,1.4118386507034302,2.0727836782783893,1.4901161193847656e-07,0.0,False,0.9356380701065063,0.8126849018117273,3.752899169921875,0.35065096616744995,0.5000090599060059,2
57,4,0.036061934058985695,0.8149831891059875,1.407491683959961,1.8102812837402902,8.940696716308594e-08,0.0,False,0.9537525177001953,0.8284189110770568,3.7798752784729004,0.34737229347229004,0.5000002384185791,7
57,5,0.07402885472329371,0.8178203105926514,1.4089101552963257,2.2843488068331967,0.0,0.0,False,0.9961528182029724,0.8652473441558483,4.02779483795166,0.3253101408481598,0.5000007748603821,6
57,6,0.0781428716906484,0.8238154649734497,1.4119077920913696,1.283238773940661,5.960464477539063e-08,0.0,False,1.0062196254730225,0.8739912618513809,4.06392765045166,0.3226189911365509,0.5030654668807983,6
57,7,0.04474398617837684,0.8215606808662415,1.4107801914215088,2.0402310859585215,1.4901161193847656e-07,0.0,False,0.9834470748901367,0.8542112757373609,4.279684543609619,0.3055579364299774,0.5000001192092896,2
57,8,-0.0345698681574092,0.7949612736701965,1.3974807262420654,1.8739804060236067,8.940696716308594e-08,0.0,False,0.8921130895614624,0.7748795840604092,3.4991307258605957,0.37465816736221313,0.5000097751617432,6
57,9,0.011149460124176459,0.814278781414032,1.4071393013000488,1.7057147313973746,8.940696716308594e-08,0.0,False,0.8351755142211914,0.7254242344939485,3.051712989807129,0.4336019456386566,0.5000459551811218,6
57,10,0.0649085557584394,0.8443970084190369,1.4221984148025513,2.452607387143795,8.940696716308594e-08,0.0,False,0.8542402386665344,0.7419836437451856,3.2088372707366943,0.4145523011684418,0.5001368522644043,2
57,11,0.04349147489879761,0.8144006133079529,1.4072004556655884,2.1848385030473034,1.4901161193847656e-07,0.0,False,0.9678224325180054,0.8406398838095042,3.7877402305603027,0.3465762436389923,0.5000003576278687,6
57,12,0.011229230461734473,0.8040656447410583,1.4020328521728516,1.3896158755199792,2.9802322387695312e-08,0.0,False,0.9356683492660522,0.8127112019555421,3.5137853622436523,0.3738175630569458,0.5002651214599609,6
57,13,0.007127656697603701,0.8301835656166077,1.4150917530059814,1.5619429876349684,2.9802322387695312e-08,0.0,False,0.8103723526000977,0.7038804820423575,2.969870090484619,0.4476228952407837,0.5004703402519226,4
57,14,0.011627285222823419,0.8179354071617126,1.4089677333831787,2.7576624955834887,2.9802322387695312e-08,0.0,False,0.902942419052124,0.7842858201414223,3.804307699203491,0.3452759385108948,0.5000035762786865,2
57,15,0.03330784371185014,0.8078421354293823,1.403921365737915,1.6511701485847936,2.980232238769531e-07,0.0,False,1.0188047885894775,0.8849225956420385,4.161762237548828,0.31369754672050476,0.5000121593475342,6
57,16,0.010129541331635041,0.8066664934158325,1.403333306312561,0.9580310215866228,5.960464477539063e-08,0.0,False,1.0394954681396484,0.9028942915529737,4.196253299713135,0.31091365218162537,0.5003781914710999,6
57,17,0.013780688405349224,0.7997551560401917,1.3998775482177734,1.9772948820974858,2.9802322387695312e-08,0.0,False,0.941848874092102,0.8180795376099811,3.78942608833313,0.34526723623275757,0.5004103183746338,1
57,18,0.006310361853206064,0.811691403388977,1.4058457612991333,0.40240085813428145,5.960464477539063e-08,0.0,False,0.8087686896324158,0.7024875580869638,2.951448678970337,0.44853007793426514,0.500385046005249,1
57,19,0.011253793029968425,0.8029145002365112,1.4014573097229004,2.6137263854550863,5.960464477539063e-08,0.0,False,0.8272631764411926,0.7185516652203324,3.0181803703308105,0.43737998604774475,0.5003064274787903,5
57,20,-0.02446695860793897,0.7767934203147888,1.3883967399597168,2.6328111347024805,2.9802322387695312e-08,0.0,False,0.9394103288650513,0.8159614441380217,3.667167901992798,0.3553662598133087,0.5000486969947815,7
57,21,0.023905152242083727,0.8240653872489929,1.4120326042175293,1.2968911609004294,8.940696716308594e-08,0.0,False,0.8522024154663086,0.7402136130032806,3.253868579864502,0.4067014455795288,0.5000026226043701,2
57,22,-0.01080949723455387,0.7986284494400024,1.399314284324646,1.663749627825492,5.960464477539063e-08,0.0,False,0.9953386187553406,0.8645401395012979,4.202480316162109,0.30978524684906006,0.5041923522949219,1
57,23,0.006042284899350586,0.8161346316337585,1.4080673456192017,1.0457487563009689,2.9802322387695312e-08,0.0,False,0.9239827394485474,0.8025612102327084,3.604517936706543,0.3650638163089752,0.5000008344650269,5
57,24,-0.008038051469373005,0.8030136227607727,1.4015069007873535,1.3338657888894125,8.940696716308594e-08,0.0,False,0.8188303112983704,0.7112269716240084,3.0045948028564453,0.43943971395492554,0.5000031590461731,7
58,1,0.11899474578405034,0.8077710866928101,1.4038857221603394,1.4307729245296548,1.7881393432617188e-07,0.0,False,0.951373815536499,0.8263527966294875,3.795128583908081,0.34536129236221313,0.5000013709068298,6
58,2,0.0020378470071403393,0.7966306209564209,1.3983155488967896,1.8886688293040679,2.384185791015625e-07,0.0,False,0.9387524724006653,0.8153900372732874,3.775866746902466,0.3463233709335327,0.5,2
58,3,0.02615157310812026,0.8297685980796814,1.4148844480514526,0.6350396707439308,1.4901161193847656e-07,0.0,False,1.020371437072754,0.8862833692247765,4.755892276763916,0.2739621698856354,0.4999999701976776,2
58,4,-0.008323959284852007,0.8195801973342896,1.4097901582717896,1.5323408104403153,5.960464477539063e-08,0.0,False,0.9293965101242065,0.8072635516941653,3.5520122051239014,0.37095916271209717,0.5001223087310791,7
58,5,0.058654868842655326,0.8042108416557312,1.4021053314208984,1.2303413367756224,8.940696716308594e-08,0.0,False,0.9239263534545898,0.8025122339806438,3.8097074031829834,0.3437096178531647,0.5000525116920471,7
58,6,0.008032583997286333,0.8075770139694214,1.4037885665893555,1.4098443617419607,5.960464477539063e-08,0.0,False,0.8956310749053955,0.7779352673049826,3.347944498062134,0.3933582007884979,0.5000118017196655,7
58,7,0.04615786097303768,0.8002605438232422,1.400130271911621,0.7590155658633622,0.0,0.0,False,0.9489554166793823,0.8242522020721137,3.769120454788208,0.34725120663642883,0.5000733137130737,7
58,8,-0.00972184877427909,0.801026463508606,1.4005131721496582,1.4631725287738382,5.960464477539063e-08,0.0,False,0.9911066293716431,0.860864280227672,4.258086681365967,0.30583223700523376,0.500001072883606,5
58,9,0.012767756065457839,0.8010426163673401,1.400521159172058,2.6077417569413774,1.4901161193847656e-07,0.0,False,0.9494317770004272,0.8246659633897686,3.6964361667633057,0.3544166684150696,0.5000354647636414,2
58,10,0.026836763065753135,0.8076349496841431,1.4038174152374268,0.2372259960415657,5.960464477539063e-08,0.0,False,0.9416170120239258,0.8178781447764378,3.9119770526885986,0.3346138298511505,0.5000002384185791,2
58,11,0.03291493162944195,0.7727591395378113,1.386379599571228,2.3092298892262835,2.9802322387695312e-08,0.0,False,0.8871933817863464,0.7706063801817905,3.243053913116455,0.4031771421432495,0.500027060508728,6
58,12,0.02624156166145007,0.7921266555786133,1.3960634469985962,1.0256618207522141,1.1920928955078125e-07,0.0,False,1.018349289894104,0.8845269545022086,4.450299263000488,0.29146808385849,0.5000002384185791,7
58,13,0.018791735447308364,0.8105962872505188,1.405298113822937,2.1249300879767845,2.9802322387695312e-08,0.0,False,0.9269654750823975,0.805151981486223,3.560633659362793,0.36927124857902527,0.5000921487808228,6
58,14,-0.020939899589535828,0.8319547176361084,1.4159773588180542,1.6098851534293064,0.0,0.0,False,0.9059789776802063,0.786923341453726,3.907426595687866,0.33681559562683105,0.5000001192092896,5
58,15,0.06085555950861519,0.8288266658782959,1.4144134521484375,1.8697978145176704,1.1920928955078125e-07,0.0,False,0.9541988372802734,0.8288065793386433,3.904263496398926,0.33686381578445435,0.5002384781837463,2
58,16,0.018178658517146666,0.7915831804275513,1.3957916498184204,1.5880238119448824,5.960464477539063e-08,0.0,False,1.0362566709518433,0.9000811080596386,4.558615207672119,0.2841852009296417,0.5000009536743164,3
58,17,0.04638704560297918,0.7889641523361206,1.3944820165634155,2.21084641918307,5.960464477539063e-08,0.0,False,0.950120747089386,0.8252643952054309,3.73966383934021,0.34919825196266174,0.5000000596046448,6
58,18,0.048818217000188256,0.7917539477348328,1.3958770036697388,0.939190213425366,2.9802322387695312e-08,0.0,False,0.9074776768684387,0.7882250950286904,3.398695230484009,0.385834276676178,0.5004165172576904,6
58,19,0.027163948958065683,0.8072928786277771,1.4036465883255005,2.5243380226059626,1.4901161193847656e-07,0.0,False,0.9323856234550476,0.8098598625449007,3.916597604751587,0.33417701721191406,0.5000016689300537,2
58,20,-0.022902157319955242,0.8051801919937134,1.4025901556015015,1.6533513762445105,5.960464477539063e-08,0.0,False,0.9531857967376709,0.8279266635034502,3.8384649753570557,0.3411051034927368,0.5000001192092896,6
58,21,0.004047034532777757,0.820451021194458,1.4102253913879395,1.5838724976887137,1.1920928955078125e-07,0.0,False,0.8426847457885742,0.7319466701600447,3.08666729927063,0.4291568398475647,0.5000007152557373,6
58,22,0.037933497524343475,0.8468617796897888,1.4234309196472168,2.4335939463445095,2.9802322387695312e-08,0.0,False,0.8655272722244263,0.7517874365276841,3.294386625289917,0.4036209285259247,0.5000625848770142,2
58,23,0.02377460747411419,0.817428469657898,1.4087142944335938,1.9096955719838546,5.960464477539063e-08,0.0,False,0.979656457901001,0.8509187876545802,3.8657896518707275,0.3395174443721771,0.5000039935112,6
58,24,0.00434946899681098,0.7926015853881836,1.3963007926940918,1.419373807954329,0.0,0.0,False,0.8886963129043579,0.7719118095642566,3.26216983795166,0.4026446044445038,0.5000527501106262,6
59,1,0.04550462100495422,0.820777416229248,1.410388708114624,1.4025150457663196,0.0,0.0,False,0.9842608571052551,0.8549181179883548,4.203341960906982,0.3113192617893219,0.5000008344650269,3
59,2,0.08698208331519529,0.8058840036392212,1.4029419422149658,2.401874657537829,5.960464477539063e-08,0.0,False,0.9756463766098022,0.847435675301078,3.8935537338256836,0.3361329436302185,0.4999999701976776,6
59,3,0.09599803830741105,0.8167878985404968,1.4083940982818604,1.2914396040854763,1.4901161193847656e-07,0.0,False,0.9353582262992859,0.812441832569186,3.5730810165405273,0.36836835741996765,0.5030752420425415,6
59,4,0.05162398964077874,0.8315814733505249,1.4157906770706177,2.5319194502491085,5.960464477539063e-08,0.0,False,0.9766079187393188,0.8482708601830111,4.200891494750977,0.31222623586654663,0.5000001788139343,2
59,5,-0.03988887052589481,0.7966057062149048,1.3983029127120972,1.9657546793577287,5.960464477539063e-08,0.0,False,0.873964786529541,0.7591161683350662,3.3393921852111816,0.3933890759944916,0.500026285648346,6
59,6,0.013586662008404169,0.8211925029754639,1.4105963706970215,1.669722582616185,1.1920928955078125e-07,0.0,False,0.8418490886688232,0.7312208276083026,3.1059348583221436,0.4264710247516632,0.5002843141555786,6
59,7,0.07036589014542827,0.8433310389518738,1.4216653108596802,2.687083405832355,2.086162567138672e-07,0.0,False,0.8485124707221985,0.7370085677214907,3.1498703956604004,0.4224892556667328,0.5002768039703369,2
59,8,0.05246212438396887,0.8154835104942322,1.4077417850494385,2.3120347197078783,2.9802322387695312e-08,0.0,False,0.9593102931976318,0.8332463335374444,3.8456690311431885,0.34122201800346375,0.5,6
59,9,0.013350262847892846,0.8118907809257507,1.4059453010559082,1.4239648626515065,8.940696716308594e-08,0.0,False,0.9404433965682983,0.8168587553439272,3.5505130290985107,0.3704679012298584,0.5003015995025635,6
59,10,0.009428221929613099,0.829384446144104,1.4146921634674072,1.5584189355414855,5.960464477539063e-08,0.0,False,0.8088441491127014,0.7025531013587545,2.9636118412017822,0.4485209882259369,0.5002502799034119,4
59,11,0.014108956861227715,0.8215620517730713,1.410780906677246,2.7584604398649684,1.1920928955078125e-07,0.0,False,0.9048723578453064,0.7859621436780025,3.80530047416687,0.3454599678516388,0.5000025033950806,2
59,12,0.03942594875072094,0.8156279921531677,1.4078140258789062,1.8926712035236368,2.9802322387695312e-08,0.0,False,0.9713783264160156,0.8437284940057828,3.8251333236694336,0.3431398868560791,0.5000728964805603,6
59,13,0.013709656439571085,0.8214741349220276,1.4107370376586914,1.0827677979491268,2.9802322387695312e-08,0.0,False,1.042445182800293,0.9054563811535878,4.234769344329834,0.30894291400909424,0.5001490116119385,6
59,14,0.017371777327258444,0.8160964250564575,1.4080482721328735,1.9535292519096898,5.960464477539063e-08,0.0,False,0.9516971111297607,0.826633607613842,3.9262638092041016,0.3339604437351227,0.5002803802490234,1
59,15,0.008061551936623175,0.820399284362793,1.410199761390686,0.47738047185335797,1.1920928955078125e-07,0.0,False,0.8095093965530396,0.7031309279436327,2.9599430561065674,0.4481371343135834,0.5002750158309937,1
59,16,0.013721729228121756,0.8107931017875671,1.4053964614868164,2.623788814303508,8.940696716308594e-08,0.0,False,0.8277091979980469,0.7189390746222358,3.0245110988616943,0.4372626841068268,0.5001909732818604,5
59,17,-0.028125095016817578,0.7812417149543762,1.3906209468841553,2.633519862300624,8.940696716308594e-08,0.0,False,0.9158036708831787,0.7954569615426126,3.4934659004211426,0.374085396528244,0.5000344514846802,7
59,18,0.028143037532265262,0.825294554233551,1.4126472473144531,1.3650380890549658,2.9802322387695312e-08,0.0,False,0.8497027158737183,0.738042401524325,3.226858377456665,0.4103451371192932,0.5000017285346985,2
59,19,-0.013204546945852758,0.8033904433250427,1.4016951322555542,1.4812659888849447,8.940696716308594e-08,0.0,False,0.9645569324493408,0.8378035064885527,3.9329357147216797,0.33214661478996277,0.5105612874031067,1
59,20,0.009038946845560634,0.8199163675308228,1.4099581241607666,0.7857137186125636,5.960464477539063e-08,0.0,False,0.9283144474029541,0.806323683956339,3.625678539276123,0.3631592094898224,0.5000005960464478,5
59,21,-0.008758260500006821,0.8118953704833984,1.4059476852416992,1.3226188729796176,0.0,0.0,False,0.8153790831565857,0.7082292729484758,2.991849660873413,0.4423133134841919,0.5000014901161194,7
59,22,0.016300479664974696,0.8015324473381042,1.400766134262085,0.4486261221767335,8.940696716308594e-08,0.0,False,0.8709405660629272,0.7564893638136478,3.3448307514190674,0.3931819796562195,0.5000007152557373,5
59,23,0.01016036624859698,0.8039389848709106,1.4019694328308105,0.4495701759875256,5.960464477539063e-08,0.0,False,0.8147436380386353,0.7076773323319193,2.969881772994995,0.4448360800743103,0.5000970363616943,7
59,24,0.0016850192865210012,0.8253850936889648,1.4126925468444824,0.06443258869346713,0.0,0.0,False,0.8001387119293213,0.6949916546961598,2.930634021759033,0.4533102810382843,0.5000042915344238,5
60,1,0.011852406506426721,0.8047657012939453,1.4023828506469727,1.5329935933862413,0.0,0.0,False,0.8718802332878113,0.7573055483948328,3.335233688354492,0.39465203881263733,0.500003457069397,7
60,2,0.017937098914201522,0.810005247592926,1.4050025939941406,0.3737959365612358,2.9802322387695312e-08,0.0,False,0.83455890417099,0.7248886538093714,3.0620858669281006,0.4316469430923462,0.5000063180923462,7
60,3,0.005987238561771488,0.7857440114021301,1.3928720951080322,0.3022965613779348,8.940696716308594e-08,0.0,False,0.8188469409942627,0.711241415994332,2.9677693843841553,0.4432005286216736,0.5000979900360107,7
60,4,0.02403636421281566,0.7902958393096924,1.3951479196548462,0.017503354272892895,0.0,0.0,False,0.8192436099052429,0.7115859582326945,2.9725396633148193,0.44296079874038696,0.5000405311584473,7
60,5,-0.02372288814539959,0.7877445816993713,1.3938722610473633,0.2736525295316848,2.9802322387695312e-08,0.0,False,0.8154560923576355,0.7082961622906192,2.957625389099121,0.4449833929538727,0.5001342296600342,7
60,6,-0.025624811214077517,0.7564184069633484,1.378209114074707,0.3769455558835954,8.940696716308594e-08,0.0,False,0.8905433416366577,0.7735161183369658,3.2657887935638428,0.39869552850723267,0.5000003576278687,7
60,7,0.00678492093263881,0.804433286190033,1.4022166728973389,0.7811421710514317,2.9802322387695312e-08,0.0,False,0.9334328770637512,0.8107694954717273,3.931302785873413,0.3326629102230072,0.5000075101852417,2
60,8,0.013181401053739926,0.8131783604621887,1.4065892696380615,0.36505704017721075,8.940696716308594e-08,0.0,False,0.9306726455688477,0.8083719888577029,3.851776123046875,0.3404838442802429,0.5000110268592834,7
60,9,0.0034466722695213575,0.8230946063995361,1.4115471839904785,0.33006699821424673,1.1920928955078125e-07,0.0,False,0.8852684497833252,0.7689344054878883,3.5293524265289307,0.37373530864715576,0.5,7
60,10,0.01723498205206134,0.8164010643959045,1.4082005023956299,1.5020282933053908,2.9802322387695312e-08,0.0,False,0.8140206336975098,0.7070493387404335,2.9765920639038086,0.44513291120529175,0.5000002384185791,5
60,11,-0.0012025847071772074,0.816309928894043,1.4081549644470215,1.3305555680057468,0.0,0.0,False,0.8415801525115967,0.7309872326301672,3.0837159156799316,0.4291604161262512,0.5000311732292175,7
60,12,0.01602894393065231,0.835816502571106,1.4179083108901978,1.3028094646499848,5.960464477539063e-08,0.0,False,0.803628146648407,0.6980225391830809,2.949195623397827,0.4514790177345276,0.5000001192092896,7
60,13,-0.0008467002689205101,0.7988101840019226,1.3994050025939941,1.2119415515576357,8.940696716308594e-08,0.0,False,0.8918091058731079,0.7746155471835274,3.338177442550659,0.39374178647994995,0.5000027418136597,7
60,14,-0.0135471577422458,0.7846553921699524,1.3923277854919434,1.4704666719029522,8.940696716308594e-08,0.0,False,0.8923318982124329,0.7750696388398276,3.5816123485565186,0.364841103553772,0.5000099539756775,5
60,15,0.02459919251120849,0.835020124912262,1.4175101518630981,0.29983081065460193,8.940696716308594e-08,0.0,False,0.8371607065200806,0.7271485506157973,3.1100800037384033,0.42727208137512207,0.5000007152557373,5
60,16,0.0693552929259015,0.7820771336555481,1.3910386562347412,2.2269350498912064,8.940696716308594e-08,0.0,False,0.9119915962219238,0.7921458355626402,3.4156699180603027,0.38293957710266113,0.501746654510498,2
60,17,0.09927137682373822,0.8171808123588562,1.408590316772461,2.0979563668766508,8.940696716308594e-08,0.0,False,0.9537190794944763,0.8283898670205998,3.680968999862671,0.35726696252822876,0.5000182390213013,6
60,18,0.0005228541088517598,0.802592933177948,1.4012964963912964,2.4189487617114276,2.9802322387695312e-08,0.0,False,0.878605306148529,0.7631468724624468,3.246314525604248,0.4056383967399597,0.500001072883606,2
60,19,0.021888584196215245,0.8061144948005676,1.4030572175979614,0.5212558161463093,2.9802322387695312e-08,0.0,False,0.9889923334121704,0.8590278260910533,4.3358941078186035,0.3004215955734253,0.4999999701976776,2
60,20,-0.008209940853706795,0.773855447769165,1.386927604675293,1.4917624026694118,1.1920928955078125e-07,0.0,False,0.84161376953125,0.731016432002434,3.0563933849334717,0.4287163019180298,0.5000038743019104,7
60,21,0.04461928822868559,0.7825348973274231,1.3912675380706787,0.945507518356501,8.940696716308594e-08,0.0,False,0.9914788007736206,0.861187544200074,4.228328704833984,0.30674874782562256,0.5033839344978333,2
60,22,0.004733681167649439,0.8214264512062073,1.4107133150100708,1.250646875310841,8.940696716308594e-08,0.0,False,0.8209728598594666,0.7130879656585961,3.0023796558380127,0.44171279668807983,0.5000360608100891,7
60,23,0.029381913050417992,0.8199450969696045,1.4099726676940918,0.30963233683657054,1.1920928955078125e-07,0.0,False,0.8563974499702454,0.7438573736761875,3.156487226486206,0.41929006576538086,0.5001363754272461,7
60,24,-0.003281913248389381,0.8173136115074158,1.4086567163467407,2.3211745310702883,8.940696716308594e-08,0.0,False,0.8713771104812622,0.7568685414776248,3.21732497215271,0.41082844138145447,0.5003697872161865,5
61,1,0.0421774964009243,0.8118224143981934,1.4059112071990967,1.4800133598702294,0.0,0.0,False,0.8964031934738159,0.7786059209722627,3.444666624069214,0.3822900652885437,0.5000562071800232,7
61,2,0.03446488324496979,0.8395488262176514,1.4197745323181152,0.8508652447720341,1.1920928955078125e-07,0.0,False,0.9799220561981201,0.8511494834042637,3.9225094318389893,0.33601582050323486,0.5,7
61,3,-0.002283183147251952,0.8272114992141724,1.4136056900024414,1.2884381075614508,5.960464477539063e-08,0.0,False,0.8042160272598267,0.6985331657941958,2.945950746536255,0.45107316970825195,0.5000005960464478,7
61,4,-0.007591788785039194,0.8136561512947083,1.4068280458450317,0.42939424792985315,2.9802322387695312e-08,0.0,False,0.8494976162910461,0.7378642542903346,3.2136430740356445,0.41097384691238403,0.5000042915344238,5
61,5,0.06261140946406678,0.8269640803337097,1.4134820699691772,1.0689117059061837,2.9802322387695312e-08,0.0,False,0.8513714671134949,0.7394918604345334,3.231813669204712,0.4098520874977112,0.5000064969062805,5
61,6,0.08248641626430178,0.8445299863815308,1.4222650527954102,2.5495342590981394,5.960464477539063e-08,0.0,False,0.9010716080665588,0.7826608543659924,3.5112364292144775,0.37755581736564636,0.5000234842300415,2
61,7,0.010052548428909262,0.8313096165657043,1.4156548976898193,2.278030488377365,8.940696716308594e-08,0.0,False,0.798487663269043,0.6935575720511346,2.92873215675354,0.4542531371116638,0.5000001192092896,5
61,8,0.012735099722765835,0.8517550230026245,1.425877571105957,0.03624313950656584,5.960464477539063e-08,0.0,False,0.8029014468193054,0.6973913357315231,2.95731258392334,0.4518831968307495,0.500000536441803,7
61,9,0.06374381975030037,0.8178150653839111,1.4089075326919556,2.3791735786369195,0.0,0.0,False,0.8717104196548462,0.7571580501473354,3.2588131427764893,0.40547260642051697,0.5000102519989014,2
61,10,0.0629779141290887,0.8189586400985718,1.4094792604446411,2.612858341207215,5.960464477539063e-08,0.0,False,0.8321733474731445,0.7228165855890882,3.0879769325256348,0.4288176894187927,0.5000005960464478,5
61,11,-0.011318908245068253,0.8072342276573181,1.4036171436309814,1.2985286425457518,2.9802322387695312e-08,0.0,False,0.8262052536010742,0.7176327651168467,3.0158438682556152,0.4381910562515259,0.5000408887863159,7
61,12,0.0029905833810603107,0.7981541156768799,1.3990771770477295,1.3153507394580792,1.1920928955078125e-07,0.0,False,0.8809656500816345,0.7651970411535299,3.539658308029175,0.3704846501350403,0.5000162124633789,5
61,13,0.000911123678535789,0.81162428855896,1.4058122634887695,0.3488160216915747,1.1920928955078125e-07,0.0,False,0.8692524433135986,0.7550230790240303,3.2396328449249268,0.4073682427406311,0.5000113844871521,5
61,14,0.02373551216005066,0.8330684900283813,1.4165343046188354,2.3558387118296515,5.960464477539063e-08,0.0,False,0.9244266748428345,0.8029468076168293,3.822317123413086,0.34472888708114624,0.5000229477882385,2
61,15,0.016345875478740772,0.8203603625297546,1.4101800918579102,2.4676293465349737,8.940696716308594e-08,0.0,False,0.8084809184074402,0.7022376031768489,2.9565680027008057,0.4486681818962097,0.5000265836715698,5
61,16,-0.0016221345427960537,0.8306254744529724,1.4153127670288086,1.140160756658763,2.9802322387695312e-08,0.0,False,0.8975703120231628,0.7796196672636793,3.4798362255096436,0.3799093961715698,0.5000008940696716,7
61,17,-0.010795434009939094,0.8174225687980652,1.408711314201355,2.0936049357675706,2.9802322387695312e-08,0.0,False,0.8712062239646912,0.756720111335268,3.2198541164398193,0.41051363945007324,0.5000708103179932,5
61,18,0.02182701962252065,0.809356689453125,1.4046783447265625,0.7578020658609688,0.0,0.0,False,0.9218947887420654,0.8007476392920863,3.7525017261505127,0.3495693802833557,0.5000008344650269,5
61,19,-0.0011881888322932761,0.7960527539253235,1.398026466369629,1.9984033450736238,8.940696716308594e-08,0.0,False,0.8741037845611572,0.759236900491319,3.2370524406433105,0.40620917081832886,0.50001060962677,7
61,20,0.005342570791568177,0.8413397073745728,1.4206697940826416,1.3038720363701048,5.960464477539063e-08,0.0,False,0.8445027470588684,0.7335257659996084,3.13940691947937,0.4237613081932068,0.5000045299530029,5
61,21,-0.017932419942698147,0.8345205187797546,1.4172601699829102,2.5079228098307764,8.940696716308594e-08,0.0,False,0.8501098155975342,0.7383960038516002,3.2252297401428223,0.41143742203712463,0.5,2
61,22,0.049430175968619455,0.8348930478096008,1.417446494102478,0.01895498817983753,2.9802322387695312e-08,0.0,False,0.8485714197158813,0.7370597701668311,3.214886426925659,0.4128444194793701,0.5000016093254089,2
61,23,-0.0035866779694167447,0.8025162816047668,1.4012582302093506,2.1697826171360335,8.940696716308594e-08,0.0,False,0.9451913833618164,0.8209828042730759,3.7458913326263428,0.3496597409248352,0.5004159212112427,5
61,24,-0.006478460465756048,0.8056595921516418,1.402829885482788,0.5687939488361662,8.940696716308594e-08,0.0,False,0.8397803902626038,0.7294239790032163,3.0905628204345703,0.4270972013473511,0.5000001788139343,5
62,1,0.04073806057044915,0.825969398021698,1.4129846096038818,1.5181256867945194,8.940696716308594e-08,0.0,False,0.9163205623626709,0.795905927777185,3.8093981742858887,0.3454090356826782,0.5000040531158447,2
62,2,0.04529630186007783,0.810202419757843,1.4051012992858887,1.637818231730501,8.940696716308594e-08,0.0,False,1.031825065612793,0.8962318645701935,4.172064781188965,0.31304827332496643,0.5000001192092896,6
62,3,0.0341379124596673,0.8411522507667542,1.4205762147903442,1.1049554954256664,8.940696716308594e-08,0.0,False,1.03909432888031,0.902545866419363,4.559928894042969,0.28703516721725464,0.5000000596046448,3
62,4,0.029287761970819937,0.8314225077629089,1.4157111644744873,2.469155508197784,8.940696716308594e-08,0.0,False,0.9780534505844116,0.8495264331904896,3.887645959854126,0.3385619521141052,0.5001211166381836,6
62,5,-0.024176231574831182,0.8214862942695618,1.410743236541748,1.7633991853823023,8.940696716308594e-08,0.0,False,0.8865058422088623,0.7700091908926077,3.4962944984436035,0.37726864218711853,0.5000006556510925,7
62,6,0.09153225999881726,0.8151611089706421,1.4075806140899658,1.9885383954261564,5.960464477539063e-08,0.0,False,0.9402568936347961,0.8166967609541695,3.8637726306915283,0.339529812335968,0.5000714659690857,2
62,7,0.029559381380412246,0.7957093715667725,1.3978546857833862,1.7602668528314303,0.0,0.0,False,0.9690796136856079,0.8417318574971892,3.8334999084472656,0.3408384323120117,0.5000003576278687,7
62,8,0.06595952480477177,0.809914231300354,1.4049570560455322,2.3627038679063403,5.960464477539063e-08,0.0,False,0.9889258742332458,0.8589701003816959,3.97497296333313,0.32925260066986084,0.5000002384185791,6
62,9,0.0699802879130059,0.8068215847015381,1.403410792350769,1.1839176774122149,0.0,0.0,False,0.9447506666183472,0.8206000025735338,3.620310068130493,0.36258769035339355,0.5018991231918335,6
62,10,0.03940124532476878,0.8076862692832947,1.4038432836532593,2.479684426023837,1.4901161193847656e-07,0.0,False,0.9646641612052917,0.8378966442025745,4.121554851531982,0.3168851137161255,0.5000004768371582,2
62,11,-0.030853248944582495,0.795780599117279,1.397890329360962,1.8542758399483572,2.9802322387695312e-08,0.0,False,0.9079364538192749,0.7886235836250355,3.6085188388824463,0.3629528284072876,0.5000051259994507,6
62,12,0.007228684920122132,0.8103114366531372,1.4051557779312134,1.6756068535952675,5.960464477539063e-08,0.0,False,0.8315951228141785,0.7223143460317095,3.0348496437072754,0.4356796145439148,0.5000157952308655,6
62,13,0.05586816187992602,0.8334380984306335,1.41671884059906,2.440245602243933,2.086162567138672e-07,0.0,False,0.8559341430664062,0.7434549504126575,3.1994409561157227,0.4147654175758362,0.5001524090766907,2
62,14,0.036243373386285915,0.812728226184845,1.4063642024993896,2.1558532677178612,8.940696716308594e-08,0.0,False,0.9687092304229736,0.8414101466828864,3.7617228031158447,0.34894153475761414,0.5000007748603821,6
62,15,0.008661404835693214,0.8005567789077759,1.4002784490585327,1.3711839899411857,5.960464477539063e-08,0.0,False,0.9230018854141235,0.8017092512433028,3.4414005279541016,0.38166552782058716,0.5002103447914124,6
62,16,0.006670577083764606,0.8257632851600647,1.41288161277771,1.5380134351480816,2.9802322387695312e-08,0.0,False,0.8100149035453796,0.7035700057383064,2.965751886367798,0.44779276847839355,0.5005768537521362,4
62,17,0.00957989701889917,0.8128543496131897,1.4064271450042725,2.7545269421418057,2.9802322387695312e-08,0.0,False,0.9012982249259949,0.782857691269111,3.8017852306365967,0.3451237380504608,0.5000075101852417,2
62,18,0.02858047825678257,0.8069276809692383,1.4034638404846191,1.4467143518208911,0.0,0.0,False,1.0288082361221313,0.8936114797689189,4.208946704864502,0.30996155738830566,0.5000007152557373,6
62,19,0.008670351313462986,0.7995243668556213,1.3997621536254883,0.935195602011995,2.9802322387695312e-08,0.0,False,1.0368943214416504,0.9006349642378509,4.171204090118408,0.31236767768859863,0.5008044838905334,6
62,20,0.011555905544795877,0.8015120029449463,1.4007561206817627,2.047524438051051,1.1920928955078125e-07,0.0,False,0.9146712422370911,0.7944733465183225,3.5971686840057373,0.3646030128002167,0.5006718635559082,1
62,21,0.004883187725305371,0.8126884698867798,1.4063441753387451,0.32260990282752644,5.960464477539063e-08,0.0,False,0.808143675327301,0.70194467755932,2.9500460624694824,0.44885528087615967,0.5004591345787048,2
62,22,0.009385727533771003,0.7992784380912781,1.3996391296386719,2.6147996356995127,8.940696716308594e-08,0.0,False,0.8256257772445679,0.7171294383487985,3.0098390579223633,0.43824443221092224,0.5003939867019653,5
62,23,-0.02135929386535779,0.7779295444488525,1.3889647722244263,2.635997773343153,0.0,0.0,False,0.9676181077957153,0.8404624096106902,3.926693916320801,0.3310910165309906,0.5000345706939697,7
62,24,0.020208905521974588,0.8224895000457764,1.4112448692321777,1.249533356582333,1.1920928955078125e-07,0.0,False,0.8575209379196167,0.7448332229099811,3.3030827045440674,0.40027859807014465,0.5000026226043701,2
63,1,0.00035463113790532713,0.8258233070373535,1.4129116535186768,1.6695619582065513,0.0,0.0,False,0.8325755000114441,0.723165890845622,3.0617189407348633,0.43332046270370483,0.5000060796737671,7
63,2,0.008415979510591993,0.8246314525604248,1.4123157262802124,0.28461704699484286,0.0,0.0,False,0.9036818742752075,0.7849281027874216,3.622758626937866,0.36384934186935425,0.5000005960464478,3
63,3,0.011210146494633876,0.8205639719963074,1.410282015800476,0.47141943363666683,2.9802322387695312e-08,0.0,False,0.8441405892372131,0.7332111997125624,3.1168036460876465,0.42487865686416626,0.5000027418136597,7
63,4,0.02402091827031179,0.8189098834991455,1.4094549417495728,0.06495825508357786,0.0,0.0,False,0.8258653283119202,0.7173375097621687,3.0232717990875244,0.43829917907714844,0.5000092387199402,7
63,5,0.006068066667058258,0.7967512011528015,1.3983756303787231,0.06968751704048665,2.9802322387695312e-08,0.0,False,0.8225268125534058,0.7144377118188291,2.9891140460968018,0.4411182403564453,0.5000861883163452,7
63,6,0.02317475233842256,0.8008026480674744,1.4004013538360596,0.016681157420043603,2.9802322387695312e-08,0.0,False,0.822099506855011,0.7140665588050317,2.9905788898468018,0.44132858514785767,0.5000391006469727,7
63,7,-0.02346606390637734,0.7897374033927917,1.3948687314987183,0.2771985655940401,2.9802322387695312e-08,0.0,False,0.8158820271492004,0.7086661245498738,2.960592031478882,0.4447413384914398,0.500095784664154,7
63,8,-0.025079016317356716,0.7640334367752075,1.382016658782959,0.3812368709696493,5.960464477539063e-08,0.0,False,0.8917236924171448,0.7745413579983172,3.2799158096313477,0.3976597785949707,0.500000536441803,7
63,9,0.007036221718128171,0.8112772107124329,1.405638575553894,0.7725790520416871,2.9802322387695312e-08,0.0,False,0.9329684972763062,0.8103661403133376,3.933382511138916,0.3329840302467346,0.5000049471855164,2
63,10,0.013532642446338838,0.8160123825073242,1.408006191253662,0.3192661022581407,0.0,0.0,False,0.9268159866333008,0.8050221374691211,3.874640464782715,0.33860287070274353,0.500007152557373,7
63,11,0.0037092771553106085,0.825442910194397,1.4127213954925537,0.31314691418007534,5.960464477539063e-08,0.0,False,0.8925237655639648,0.7752362927038831,3.6170945167541504,0.36450842022895813,0.4999999701976776,7
63,12,0.016628036819676825,0.8201654553413391,1.4100828170776367,1.512932138045059,8.940696716308594e-08,0.0,False,0.8157486319541931,0.7085502589556656,2.98342227935791,0.44447946548461914,0.5000006556510925,7
63,13,0.010977838878456403,0.8143810033798218,1.4071905612945557,1.3403454202221077,5.960464477539063e-08,0.0,False,0.8283745050430298,0.7195169529790506,3.02652907371521,0.43734025955200195,0.5000295639038086,7
63,14,0.015462974969430839,0.8413779735565186,1.4206889867782593,1.564649275443847,0.0,0.0,False,0.8031654357910156,0.6976206336389172,2.951277494430542,0.45174074172973633,0.5000001192092896,7
63,15,-0.0004180793140702455,0.8008494973182678,1.4004247188568115,1.2418865109263766,2.9802322387695312e-08,0.0,False,0.8787971138954163,0.7633134745545657,3.265781879425049,0.4029712677001953,0.5000057220458984,7
63,16,-0.013406671636450193,0.7886974215507507,1.3943487405776978,1.5006137844104293,2.9802322387695312e-08,0.0,False,0.8926385641098022,0.7753360054538585,3.584648609161377,0.3648630976676941,0.5000114440917969,5
63,17,0.02456130292044903,0.8378724455833435,1.4189361333847046,0.31295482268023833,8.940696716308594e-08,0.0,False,0.8331974148750305,0.7237060792325604,3.0874338150024414,0.4308016300201416,0.5000008344650269,5
63,18,0.06662910689705946,0.7840480804443359,1.3920239210128784,2.2448638488239805,1.1920928955078125e-07,0.0,False,0.9039896130561829,0.7851954012963122,3.3711259365081787,0.3883492350578308,0.5020755529403687,2
63,19,0.0924779325059128,0.8169913291931152,1.4084956645965576,2.1202817710884365,0.0,0.0,False,0.9511249661445618,0.8261366487940008,3.6808695793151855,0.3572617769241333,0.5000184774398804,6
63,20,-0.0009864228684374962,0.7997056245803833,1.3998528718948364,2.397755133578606,5.960464477539063e-08,0.0,False,0.8844060301780701,0.7681853173365933,3.280979633331299,0.4009322226047516,0.500001072883606,2
63,21,0.0193823520511717,0.7995646595954895,1.399782419204712,0.5271063748738112,8.940696716308594e-08,0.0,False,1.003785252571106,0.8718767924149866,4.477805137634277,0.29005271196365356,0.5,2
63,22,-0.007821110002208465,0.7612701654434204,1.3806350231170654,1.413930144691909,5.960464477539063e-08,0.0,False,0.8385213613510132,0.7283304003854955,3.0322561264038086,0.430894136428833,0.5000029802322388,7
63,23,0.04286464292889092,0.7696173787117004,1.3848087787628174,0.8621572051550859,8.940696716308594e-08,0.0,False,1.0123720169067383,0.879335161151724,4.456005096435547,0.2895471155643463,0.5044845342636108,2
63,24,0.004483841159917619,0.8180631995201111,1.409031629562378,1.1580566475793064,2.9802322387695312e-08,0.0,False,0.8229172229766846,0.7147768180038441,3.0068583488464355,0.44068118929862976,0.5000295639038086,7
64,1,-0.009635175553280285,0.7858474254608154,1.3929238319396973,1.6591936626604624,1.1920928955078125e-07,0.0,False,0.8209746479988098,0.7130895188166954,3.008659601211548,0.43700724840164185,0.500007152557373,5
64,2,0.04397216588839299,0.8181742429733276,1.409087061882019,1.4004884044228139,5.960464477539063e-08,0.0,False,0.8407330513000488,0.7302514498665895,3.1353211402893066,0.42204514145851135,0.5000455379486084,5
64,3,0.09501262279591069,0.8445127010345459,1.4222564697265625,2.4045802082607417,1.1920928955078125e-07,0.0,False,0.8957868814468384,0.7780705991473688,3.4354050159454346,0.3862234652042389,0.5000291466712952,2
64,4,0.011690738366515144,0.8365664482116699,1.4182833433151245,2.3279293495609235,1.1920928955078125e-07,0.0,False,0.8041536211967468,0.69847896057653,2.953885078430176,0.45081827044487,0.5,5
64,5,0.01477829010424374,0.8453349471092224,1.4226675033569336,0.038452551570671276,2.9802322387695312e-08,0.0,False,0.8026481866836548,0.6971713567727249,2.952585458755493,0.45195311307907104,0.5000002384185791,5
64,6,0.07330666010234986,0.8200061321258545,1.4100030660629272,2.286357364279475,0.0,0.0,False,0.8867476582527161,0.7702192296395703,3.3911750316619873,0.3892785608768463,0.5000714063644409,2
64,7,0.06976175498895855,0.8277106285095215,1.4138553142547607,2.526377072823426,0.0,0.0,False,0.8536616563796997,0.7414810935561871,3.270080804824829,0.4049541652202606,0.5000003576278687,5
64,8,-0.011696879273061862,0.8006823658943176,1.400341272354126,1.2398353565180933,8.940696716308594e-08,0.0,False,0.8065453767776489,0.7005564130782242,2.9364633560180664,0.4497051537036896,0.5000340342521667,5
64,9,0.002604301125011279,0.7988119125366211,1.3994059562683105,1.2421048339930914,0.0,0.0,False,0.8933415412902832,0.7759466036746321,3.6940741539001465,0.3544730246067047,0.5000042915344238,5
64,10,0.002869296932091944,0.8073132038116455,1.4036564826965332,0.42902412349860314,1.1920928955078125e-07,0.0,False,0.8935141563415527,0.7760965352031517,3.3807849884033203,0.3893764913082123,0.5000004768371582,5
64,11,0.027003869195737773,0.8398050665855408,1.4199025630950928,2.3338961039274158,2.9802322387695312e-08,0.0,False,0.9075570106506348,0.7882940034763629,3.744300365447998,0.35274428129196167,0.5000053644180298,2
64,12,0.017702389210442735,0.8258603811264038,1.4129302501678467,2.4846102602604216,5.960464477539063e-08,0.0,False,0.8098883628845215,0.7034600939168122,2.9663009643554688,0.44773250818252563,0.5000633001327515,5
64,13,-0.0016623927070937902,0.8312622308731079,1.4156310558319092,1.2532881934767615,5.960464477539063e-08,0.0,False,0.8749237656593323,0.7599491270237237,3.2791287899017334,0.4041268825531006,0.5000007152557373,7
64,14,-0.010523478287821804,0.8201622366905212,1.4100812673568726,2.12843335813328,1.4901161193847656e-07,0.0,False,0.9074090123176575,0.7881654537576771,3.4098355770111084,0.3870847225189209,0.5000121593475342,5
64,15,0.023012998836246117,0.8126989603042603,1.406349539756775,0.8442423503581294,5.960464477539063e-08,0.0,False,0.9126752614974976,0.7927396596759413,3.6690244674682617,0.358115553855896,0.5000016689300537,5
64,16,-0.0009684009629336195,0.8003523945808411,1.4001762866973877,1.7796426690113925,8.940696716308594e-08,0.0,False,0.8962240815162659,0.7784503463026489,3.399702548980713,0.38650453090667725,0.5000079870223999,7
64,17,0.0067000349550733265,0.8346793055534363,1.4173396825790405,1.4118949550010735,2.9802322387695312e-08,0.0,False,0.8307636976242065,0.7215921792874691,3.0671114921569824,0.4334322512149811,0.5000041723251343,5
64,18,-0.01927964054410148,0.8355972766876221,1.417798638343811,2.7161352063215474,0.0,0.0,False,0.8442717790603638,0.7333251497451149,3.1635870933532715,0.4198494553565979,0.5000000596046448,2
64,19,0.05644620715435049,0.8422161936759949,1.4211080074310303,0.02333468297197834,8.940696716308594e-08,0.0,False,0.8424666523933411,0.731757236643866,3.1668148040771484,0.42004793882369995,0.5000017881393433,2
64,20,-0.003271323672089274,0.8180297613143921,1.4090149402618408,2.228439193387145,5.960464477539063e-08,0.0,False,0.9185980558395386,0.7978841334763337,3.569586992263794,0.36892402172088623,0.5003974437713623,7
64,21,-0.006406417699158062,0.8171956539154053,1.4085979461669922,0.5122392315736164,1.1920928955078125e-07,0.0,False,0.8432431221008301,0.7324316696625212,3.1119613647460938,0.42522457242012024,0.5000014305114746,5
64,22,0.01106000614963347,0.8253679871559143,1.4126839637756348,0.06493780567145024,2.9802322387695312e-08,0.0,False,0.811306357383728,0.7046917482895614,2.9720799922943115,0.44678306579589844,0.5000001788139343,5
64,23,0.02518843709191757,0.7756625413894653,1.3878310918807983,1.556360883947024,1.7881393432617188e-07,0.0,False,0.9099056720733643,0.7903340248678639,3.357541561126709,0.3892521560192108,0.5000336766242981,7
64,24,0.021533086166642193,0.8237231373786926,1.411861538887024,1.4816314575529483,2.9802322387695312e-08,0.0,False,0.8002749681472778,0.6951100053433268,2.9294846057891846,0.45331430435180664,0.5000039935112,5
65,1,0.021714694333837662,0.7771282196044922,1.3885642290115356,1.6913069912365504,1.1920928955078125e-07,0.0,False,0.8060774207115173,0.700149951603636,2.9202046394348145,0.4496510326862335,0.5013599395751953,4
65,2,0.032104110025017535,0.828055202960968,1.4140275716781616,2.7273139335849166,2.9802322387695312e-08,0.0,False,0.9273208379745483,0.8054606457724917,4.02419376373291,0.3263378441333771,0.4999999701976776,2
65,3,0.06592234686443244,0.8173587918281555,1.408679485321045,2.447167455488903,8.940696716308594e-08,0.0,False,0.849269688129425,0.7376662784046099,3.1166718006134033,0.4245765805244446,0.5000001192092896,7
65,4,0.03596163257165701,0.8356884717941284,1.417844295501709,0.5120819947678334,5.960464477539063e-08,0.0,False,0.9232370257377625,0.8019134915333616,3.4863409996032715,0.37960606813430786,0.5000215768814087,6
65,5,0.021642598780193676,0.8224971890449524,1.4112486839294434,0.8333340819295889,8.940696716308594e-08,0.0,False,0.962762713432312,0.8362450676517098,3.8141989707946777,0.3446856737136841,0.5002009272575378,6
65,6,0.02224023433589996,0.8119198679924011,1.4059598445892334,1.493100165970144,8.940696716308594e-08,0.0,False,0.9158641695976257,0.7955095100583057,3.6689870357513428,0.35805585980415344,0.5000127553939819,1
65,7,0.03285896498005898,0.8465769290924072,1.4232885837554932,2.301377367839824,1.1920928955078125e-07,0.0,False,0.930854320526123,0.8085297897205923,3.7161827087402344,0.3560558259487152,0.500005304813385,5
65,8,-0.04669257854808527,0.7960689663887024,1.3980345726013184,1.907821082269692,8.940696716308594e-08,0.0,False,0.9467920660972595,0.8223731396316375,3.60243558883667,0.3636113405227661,0.500068724155426,7
65,9,0.0557676243293495,0.837882936000824,1.4189413785934448,1.510485873054345,8.940696716308594e-08,0.0,False,0.869682788848877,0.7553968724065964,3.2667076587677,0.4063376486301422,0.5000001192092896,2
65,10,-0.0035379010612226367,0.7864902019500732,1.3932452201843262,1.345240625878092,1.1920928955078125e-07,0.0,False,0.9006223082542419,0.7822705975075737,3.4156084060668945,0.38338738679885864,0.5001972913742065,1
65,11,0.01912689283485342,0.8230798244476318,1.4115400314331055,0.7645330391674238,1.1920928955078125e-07,0.0,False,0.9381160140037537,0.8148372165338079,4.078220844268799,0.32147520780563354,0.5000002980232239,7
65,12,-0.01719049490064147,0.8275274634361267,1.4137637615203857,0.8564629852903055,2.9802322387695312e-08,0.0,False,0.8424082398414612,0.7317065001459554,3.1490771770477295,0.42106127738952637,0.5000009536743164,7
65,13,0.034077645592830524,0.8185379505157471,1.409268856048584,0.3260871241450202,1.1920928955078125e-07,0.0,False,0.8118506669998169,0.7051645296149899,2.973872184753418,0.4457801580429077,0.5000076293945312,7
65,14,0.02837400952873409,0.8264913558959961,1.413245677947998,0.4487901923802614,0.0,0.0,False,0.9028863310813904,0.7842371027490408,3.4160828590393066,0.38691067695617676,0.5000013113021851,7
65,15,0.005741723164549859,0.8224743008613586,1.4112372398376465,0.47464854427482916,8.940696716308594e-08,0.0,False,0.7967648506164551,0.6920611559943904,2.9168128967285156,0.4552113115787506,0.5000048875808716,7
65,16,-0.006415276664321862,0.8302558660507202,1.4151279926300049,0.47027891555631124,5.960464477539063e-08,0.0,False,0.8696631193161011,0.755379787667504,3.4239509105682373,0.3863191306591034,0.5000009536743164,5
65,17,0.04330829406831084,0.8136087656021118,1.4068043231964111,0.8888087364601295,5.960464477539063e-08,0.0,False,0.8185219764709473,0.7109591553957515,3.010859727859497,0.43961045145988464,0.5000052452087402,5
65,18,0.053739113573453984,0.849744439125061,1.4248722791671753,2.630911896149179,5.960464477539063e-08,0.0,False,0.9298743009567261,0.8076785555382997,3.7790634632110596,0.35010844469070435,0.5003288388252258,2
65,19,0.006143003653629421,0.8185608386993408,1.4092804193496704,2.1194361943067475,0.0,0.0,False,0.8061926364898682,0.700250026757168,2.952840805053711,0.44906067848205566,0.5000000596046448,5
65,20,0.007192647147151925,0.8400669693946838,1.4200334548950195,0.04842889320399106,2.9802322387695312e-08,0.0,False,0.8038622140884399,0.6982258475782799,2.9545130729675293,0.45109063386917114,0.5000000596046448,5
65,21,0.04257828890124589,0.8117254376411438,1.4058630466461182,2.432989191480369,3.2782554626464844e-07,0.0,False,0.8569313883781433,0.7443211466846401,3.173738479614258,0.4161311984062195,0.5000230669975281,2
65,22,0.0420954530345452,0.8134391903877258,1.40671968460083,2.6497607205066007,8.940696716308594e-08,0.0,False,0.8218969106674194,0.7138905859923804,3.019449234008789,0.4383016526699066,0.5000005960464478,5
65,23,-0.008563849915204888,0.8164660930633545,1.4082331657409668,1.3122724721103283,1.1920928955078125e-07,0.0,False,0.8162868618965149,0.7090177595435565,2.983104705810547,0.4441361725330353,0.5000177621841431,5
65,24,0.0019607921813734478,0.8135954737663269,1.4067977666854858,1.242086353909367,2.9802322387695312e-08,0.0,False,0.839734673500061,0.7293842699278108,3.1559836864471436,0.4187370836734772,0.5000135898590088,5
66,1,0.04572071704817969,0.8274045586585999,1.4137022495269775,1.2944113527025496,2.9802322387695312e-08,0.0,False,1.0022556781768799,0.8705482209768408,4.132267951965332,0.3173740804195404,0.4999999701976776,2
66,2,0.03487607873461537,0.8294492959976196,1.4147247076034546,2.410372797182469,5.960464477539063e-08,0.0,False,0.9984225034713745,0.8672187677312966,4.010241508483887,0.3276169002056122,0.5002128481864929,6
66,3,-0.026486281887597215,0.826972246170044,1.4134860038757324,1.7398935420421793,1.1920928955078125e-07,0.0,False,0.8961337804794312,0.778371911818634,3.440715789794922,0.3840777277946472,0.500003457069397,7
66,4,0.10353779048750761,0.8244535326957703,1.412226915359497,2.055094903768592,1.4901161193847656e-07,0.0,False,0.9407234787940979,0.817102031674215,3.8246827125549316,0.3438548743724823,0.5000179409980774,2
66,5,0.03329827078136262,0.8078312873840332,1.4039156436920166,1.8092201289802203,0.0,0.0,False,0.9525286555290222,0.8273558779019555,3.7313249111175537,0.3515128195285797,0.5000004172325134,7
66,6,0.07150843886478847,0.8143359422683716,1.407167911529541,2.336323913671924,5.960464477539063e-08,0.0,False,0.9941458702087402,0.8635041312771247,4.004560470581055,0.3270321190357208,0.5000004768371582,6
66,7,0.07668002746403065,0.81718909740448,1.4085946083068848,1.2657962760044743,5.960464477539063e-08,0.0,False,0.9683109521865845,0.8410642066022344,3.784820795059204,0.3469843864440918,0.5029858946800232,6
66,8,0.041611134412035435,0.8157259225845337,1.4078630208969116,2.4412516268193447,5.960464477539063e-08,0.0,False,0.9750846028327942,0.8469477247982129,4.206021308898926,0.3107754588127136,0.5000002384185791,2
66,9,-0.033412185426092283,0.7914118766784668,1.3957059383392334,1.8866918918736213,0.0,0.0,False,0.8943182229995728,0.7767949386284726,3.507385492324829,0.3734356164932251,0.5000090599060059,6
66,10,0.008545556739681682,0.8069087266921997,1.4034544229507446,1.691843271555223,5.960464477539063e-08,0.0,False,0.8315802812576294,0.7223014548194853,3.033041000366211,0.4355926513671875,0.5000447034835815,6
66,11,0.06104496013881623,0.8306561708450317,1.4153279066085815,2.4405930999251573,1.7881393432617188e-07,0.0,False,0.8511823415756226,0.7393275880795636,3.1681551933288574,0.41873571276664734,0.5002147555351257,2
66,12,0.0408014723189064,0.8103664517402649,1.4051834344863892,2.2143338602243547,2.086162567138672e-07,0.0,False,0.9677774906158447,0.840600847769275,3.806060552597046,0.34452882409095764,0.5000003576278687,6
66,13,0.010221035428123809,0.8009543418884277,1.4004770517349243,1.400879773923696,1.1920928955078125e-07,0.0,False,0.9360196590423584,0.813016345750119,3.513328790664673,0.3735981285572052,0.5003185272216797,6
66,14,0.006697108222942797,0.8282926082611084,1.4141464233398438,1.559799339644232,1.1920928955078125e-07,0.0,False,0.8103512525558472,0.7038621547767857,2.9685633182525635,0.447625070810318,0.5005059838294983,4
66,15,0.010785509689373113,0.8151785731315613,1.407589316368103,2.754997567743001,2.9802322387695312e-08,0.0,False,0.9018213748931885,0.7833120935570311,3.7901957035064697,0.3464024066925049,0.5000048875808716,2
66,16,0.03152478193554496,0.8084550499916077,1.4042274951934814,1.5606867035299925,2.9802322387695312e-08,0.0,False,1.02649986743927,0.891606456206589,4.216956615447998,0.30944788455963135,0.5000061988830566,6
66,17,0.009147408642733591,0.8049948215484619,1.402497410774231,0.9238325792557046,0.0,0.0,False,1.0384033918380737,0.9019457261297913,4.187328815460205,0.3114893138408661,0.5005254149436951,6
66,18,0.01274316839718232,0.7997723817825317,1.3998862504959106,2.013894382898564,5.960464477539063e-08,0.0,False,0.93204665184021,0.8095654355412091,3.6956117153167725,0.3543838858604431,0.500490665435791,1
66,19,0.005510024610852406,0.8131133317947388,1.4065566062927246,0.35316129545750635,5.960464477539063e-08,0.0,False,0.8085823059082031,0.7023256672410796,2.9518187046051025,0.4486234784126282,0.5004317164421082,1
66,20,0.009496955758706089,0.802995502948761,1.4014978408813477,2.615303748835762,8.940696716308594e-08,0.0,False,0.8266327977180481,0.7180041252183906,3.0160858631134033,0.4377017915248871,0.5003133416175842,5
66,21,-0.023691084718449225,0.7726507782936096,1.3863253593444824,2.6306117344657367,2.9802322387695312e-08,0.0,False,0.9354053139686584,0.8124827323991344,3.6342811584472656,0.3583545684814453,0.5000518560409546,7
66,22,0.021783990875075404,0.8217825889587402,1.4108914136886597,1.302942284023518,1.1920928955078125e-07,0.0,False,0.8508615493774414,0.7390489515165481,3.2403366565704346,0.40824413299560547,0.5000027418136597,2
66,23,-0.011533923158560288,0.7970566153526306,1.3985283374786377,1.7319131267821275,2.9802322387695312e-08,0.0,False,0.9821813106536865,0.8531118468907993,4.138130187988281,0.31467878818511963,0.505379855632782,1
66,24,0.005983076335496988,0.8145032525062561,1.4072514772415161,1.011027368352257,1.4901161193847656e-07,0.0,False,0.9129630923271179,0.7929896663579927,3.5167553424835205,0.37439286708831787,0.5000010132789612,5
67,1,0.031284877946313724,0.806215226650238,1.403107762336731,1.512201541369515,1.4901161193847656e-07,0.0,False,0.9197949767112732,0.798923765736072,3.8913471698760986,0.33635562658309937,0.5000261664390564,1
67,2,0.051963166750813354,0.8120508790016174,1.4060254096984863,2.023301939611521,2.9802322387695312e-08,0.0,False,0.854748010635376,0.7424246888734517,3.156592607498169,0.4184989035129547,0.5000888109207153,7
67,3,-0.057013782816208794,0.823666512966156,1.4118332862854004,1.2711466160334537,2.9802322387695312e-08,0.0,False,0.9737139344215393,0.8457571773431588,3.8330535888671875,0.34301289916038513,0.5000019669532776,7
67,4,0.057396796115621415,0.852774441242218,1.4263873100280762,1.1968129488611414,8.940696716308594e-08,0.0,False,0.9377070665359497,0.8144820092764968,3.794562578201294,0.3488544225692749,0.5000000596046448,2
67,5,-0.011559811765719973,0.7961330413818359,1.398066520690918,1.0442279620141723,0.0,0.0,False,0.8449293375015259,0.7338962977501661,3.0822341442108154,0.42730364203453064,0.5003459453582764,7
67,6,0.027161203649697395,0.8273226022720337,1.413661241531372,0.08711180633348008,5.960464477539063e-08,0.0,False,0.8744620680809021,0.7595481016024831,3.2719504833221436,0.404677152633667,0.5000300407409668,7
67,7,-0.02213232372105149,0.8330200910568237,1.4165101051330566,0.8389461550088146,5.960464477539063e-08,0.0,False,0.9036274552345276,0.7848808350092662,3.484189987182617,0.3796217143535614,0.5,7
67,8,0.03978828797914855,0.829595685005188,1.4147977828979492,0.08185036883728386,5.960464477539063e-08,0.0,False,0.8822789192199707,0.7663377322335964,3.388002634048462,0.39051553606987,0.5000168681144714,7
67,9,0.03262054990449285,0.8429152965545654,1.4214577674865723,0.7818588164781549,1.1920928955078125e-07,0.0,False,0.9801061153411865,0.8513093551446188,3.856186866760254,0.3423037528991699,0.5000000596046448,7
67,10,-0.002643135599528177,0.8243472576141357,1.4121737480163574,1.1731416162934378,1.1920928955078125e-07,0.0,False,0.8042610287666321,0.6985722536063617,2.943782329559326,0.45110899209976196,0.5000005960464478,7
67,11,-0.007618597848860317,0.8220520615577698,1.411026120185852,0.39937882227291105,8.940696716308594e-08,0.0,False,0.8383008241653442,0.7281388442199145,3.137404203414917,0.42214101552963257,0.5000049471855164,5
67,12,0.057312836990625934,0.8226436972618103,1.4113218784332275,0.9499321945534587,2.9802322387695312e-08,0.0,False,0.8314602375030518,0.7221971861390852,3.0755889415740967,0.430976003408432,0.5000600814819336,5
67,13,0.0748581687711624,0.8435039520263672,1.4217519760131836,2.616142907391662,0.0,0.0,False,0.8841856122016907,0.7679938647148856,3.381164312362671,0.39257392287254333,0.5000174045562744,2
67,14,0.008755557054949162,0.8176420331001282,1.4088211059570312,2.321417526542567,8.940696716308594e-08,0.0,False,0.8000044226646423,0.694875012522902,2.9255385398864746,0.45328640937805176,0.5,5
67,15,0.011348294208759017,0.8397983312606812,1.4198992252349854,0.03927856113496237,5.960464477539063e-08,0.0,False,0.8017578125,0.6963979875831441,2.945669412612915,0.45246151089668274,0.5000001788139343,5
67,16,0.05782079458761524,0.831174373626709,1.4155871868133545,2.312210065153574,0.0,0.0,False,0.8892214894294739,0.7723679720980227,3.3943495750427246,0.389896422624588,0.500072181224823,2
67,17,0.05372591168568989,0.8358383178710938,1.4179191589355469,2.55674549354799,0.0,0.0,False,0.8631048798561096,0.7496833732505551,3.360881805419922,0.3943479657173157,0.5000003576278687,5
67,18,-0.010172891709040704,0.821183443069458,1.410591721534729,1.2287401693183908,0.0,0.0,False,0.8039982914924622,0.698344042909637,2.940962791442871,0.4512140452861786,0.5000360608100891,5
67,19,0.0014484590868393387,0.8294194936752319,1.4147098064422607,1.2888194109723747,5.960464477539063e-08,0.0,False,0.8900591731071472,0.7730955748956105,3.68562912940979,0.35777512192726135,0.5000036954879761,5
67,20,0.00010209191674038706,0.8313122987747192,1.4156559705734253,0.44179845712194105,1.7881393432617188e-07,0.0,False,0.8698095083236694,0.7555069395439005,3.2912399768829346,0.4025883078575134,0.5000500679016113,5
67,21,0.020213585775648787,0.8364748954772949,1.418237566947937,2.3577409659339668,1.1920928955078125e-07,0.0,False,0.9103455543518066,0.7907161017602929,3.8230862617492676,0.3449140191078186,0.5000054836273193,2
67,22,0.014162212201986,0.8275601267814636,1.4137800931930542,2.5080000788921444,2.9802322387695312e-08,0.0,False,0.8163158893585205,0.7090429724767019,2.9925074577331543,0.4438631534576416,0.500018835067749,5
67,23,-0.0016315736225675677,0.8334212303161621,1.416710615158081,1.2192745556110802,0.0,0.0,False,0.8981790542602539,0.7801484140526195,3.4333384037017822,0.38549932837486267,0.5000024437904358,7
67,24,-0.01206947904289271,0.8128438591957092,1.4064220190048218,2.4550062971003337,8.940696716308594e-08,0.0,False,0.8271963596343994,0.718493628879355,3.02140736579895,0.43793734908103943,0.5003097057342529,5
68,1,0.004650380536946306,0.7859650254249573,1.3929824829101562,1.6492102071642876,2.9802322387695312e-08,0.0,False,0.8365134000778198,0.7265863073838488,3.0339834690093994,0.43325862288475037,0.5000399351119995,7
68,2,0.025375744614362646,0.8026679158210754,1.4013340473175049,0.024006079388055504,8.940696716308594e-08,0.0,False,0.8326997756958008,0.7232738353335237,3.0332863330841064,0.43511471152305603,0.500009298324585,7
68,3,-0.02477350936934233,0.7997878789901733,1.3998939990997314,0.2767255306207695,5.960464477539063e-08,0.0,False,0.8228561282157898,0.7147237517687844,2.994030237197876,0.440694123506546,0.5001021027565002,7
68,4,-0.026558179866572808,0.8015148043632507,1.4007573127746582,0.44835012235854294,8.940696716308594e-08,0.0,False,0.9236466288566589,0.8022692682819758,3.4875118732452393,0.3765246272087097,0.5000001192092896,7
68,5,0.007228441862591696,0.8298605680465698,1.4149303436279297,0.752941508683683,5.960464477539063e-08,0.0,False,0.943465530872345,0.8194837478475631,3.905971050262451,0.3367930054664612,0.5000014305114746,7
68,6,0.014466495924480353,0.8254852890968323,1.4127426147460938,0.3701205839030348,2.9802322387695312e-08,0.0,False,0.9344975352287292,0.8116942458040537,3.861304998397827,0.34053272008895874,0.5000013709068298,7
68,7,0.0033643016875388523,0.831775963306427,1.4158879518508911,0.3984624717181867,2.9802322387695312e-08,0.0,False,0.8807490468025208,0.7650089019357673,3.4359002113342285,0.3850570321083069,0.5000000596046448,7
68,8,0.018163641836235967,0.8182510733604431,1.409125566482544,1.456458103390027,2.9802322387695312e-08,0.0,False,0.8068047761917114,0.7007817245464968,2.9491889476776123,0.44960135221481323,0.5000008940696716,7
68,9,-0.004370085485373414,0.814619779586792,1.407309889793396,1.5560508830228807,0.0,0.0,False,0.8375487327575684,0.7274855859233467,3.0641119480133057,0.43182486295700073,0.5000330209732056,7
68,10,0.01658565277083374,0.8420583605766296,1.4210292100906372,1.3119708470199165,2.9802322387695312e-08,0.0,False,0.8047362565994263,0.6989850312572203,2.9573495388031006,0.45085424184799194,0.5000000596046448,7
68,11,-0.0006979642408561685,0.8060886859893799,1.4030442237854004,1.2194793667111046,1.1920928955078125e-07,0.0,False,0.8919852375984192,0.774768533256309,3.340156078338623,0.39417165517807007,0.500001072883606,7
68,12,-0.014558756826240587,0.8041794896125793,1.4020898342132568,1.5117127857913732,8.940696716308594e-08,0.0,False,0.8960177302360535,0.778271111857989,3.6651649475097656,0.3578158915042877,0.5000026226043701,5
68,13,0.025398568601627154,0.843146026134491,1.4215729236602783,0.30389843209767464,8.940696716308594e-08,0.0,False,0.8452788591384888,0.7341998883866436,3.1790661811828613,0.41846054792404175,0.5000002384185791,5
68,14,0.07165208567410589,0.7878086566925049,1.3939043283462524,2.1934157736678004,0.0,0.0,False,0.9309848546981812,0.8086431702618416,3.53511905670166,0.3700534999370575,0.5013024210929871,2
68,15,0.10378783880287262,0.8203476071357727,1.4101738929748535,2.0567130795276776,8.940696716308594e-08,0.0,False,0.95374596118927,0.828413216164026,3.687478542327881,0.35686442255973816,0.5000181198120117,6
68,16,0.00032597010369468313,0.8135494589805603,1.4067747592926025,2.4203812636679554,2.9802322387695312e-08,0.0,False,0.886743426322937,0.7702155538320686,3.3157224655151367,0.39787203073501587,0.5000005960464478,2
68,17,0.022351651900278862,0.814429759979248,1.4072149991989136,0.5789970986665629,1.1920928955078125e-07,0.0,False,1.001657247543335,0.8700284307329399,4.50537109375,0.2890952229499817,0.5,2
68,18,-0.008660399964572152,0.7870076894760132,1.3935039043426514,1.5135891651233269,5.960464477539063e-08,0.0,False,0.8526479005813599,0.7406005564577541,3.118682384490967,0.42123275995254517,0.5000025629997253,7
68,19,0.04768605505834894,0.7943000197410583,1.3971500396728516,0.8810962062091509,2.9802322387695312e-08,0.0,False,0.9892217516899109,0.8592270962751942,4.263503074645996,0.30493202805519104,0.5017792582511902,2
68,20,0.0050594749055584524,0.8207275867462158,1.4103636741638184,1.1899798804543156,1.1920928955078125e-07,0.0,False,0.820447564125061,0.7126316995809568,2.9994139671325684,0.4420904517173767,0.5000344514846802,7
68,21,0.03166572491095963,0.8162750601768494,1.408137559890747,0.2907130405595994,2.9802322387695312e-08,0.0,False,0.8448013663291931,0.7337851434021925,3.0990729331970215,0.42695778608322144,0.5000779628753662,7
68,22,-0.004694561208512276,0.818980872631073,1.4094904661178589,2.556837921399235,2.9802322387695312e-08,0.0,False,0.8745762705802917,0.759647296633092,3.2356085777282715,0.40858742594718933,0.5002726316452026,5
68,23,0.0063634584151510635,0.7985045909881592,1.3992524147033691,2.690348935027573,1.1920928955078125e-07,0.0,False,0.8589069247245789,0.7460370757527527,3.1964690685272217,0.41178029775619507,0.5000583529472351,2
68,24,0.023348024239638946,0.7952407598495483,1.397620439529419,0.3173863284255454,5.960464477539063e-08,0.0,False,0.8645422458648682,0.7509318535027134,3.3189444541931152,0.3957706689834595,0.5000122785568237,2
69,1,0.09970026534411468,0.8063191175460815,1.4031596183776855,1.395595213132245,5.960464477539063e-08,0.0,False,0.9925364255905151,0.8621061854438765,4.3068366050720215,0.30255305767059326,0.5001317858695984,6
69,2,0.06711281149772583,0.8241761326789856,1.41208815574646,1.9168968007223772,8.940696716308594e-08,0.0,False,0.9232763051986694,0.8019476092396096,3.8803865909576416,0.3386889398097992,0.5000009536743164,2
69,3,-0.04479126552109486,0.8085957169532776,1.4042978286743164,1.9004185506390505,2.9802322387695312e-08,0.0,False,0.916386067867279,0.7959628251355563,3.669222593307495,0.3577631115913391,0.5000030994415283,6
69,4,0.016129578637137654,0.822348952293396,1.4111745357513428,1.686855711900275,5.960464477539063e-08,0.0,False,0.8375805616378784,0.7275132321375143,3.068202495574951,0.4320194721221924,0.5000287294387817,6
69,5,0.08496199457463822,0.8345553874969482,1.4172778129577637,2.6687391766531574,1.1920928955078125e-07,0.0,False,0.8551465272903442,0.7427708360418501,3.208678960800171,0.4136349558830261,0.5001641511917114,2
69,6,0.06299088642361922,0.8144403696060181,1.4072201251983643,2.2402991870174986,5.960464477539063e-08,0.0,False,0.9659456014633179,0.8390096890684733,3.8569834232330322,0.34010034799575806,0.5000000596046448,6
69,7,0.0161619417319267,0.8135825395584106,1.40679132938385,1.4148042701218928,5.960464477539063e-08,0.0,False,0.9395074248313904,0.8160457806228141,3.5474300384521484,0.37094467878341675,0.5003288388252258,6
69,8,0.012751662215591118,0.827843189239502,1.4139217138290405,1.5536030739308424,1.1920928955078125e-07,0.0,False,0.8084438443183899,0.7022054010322567,2.961284875869751,0.44872263073921204,0.5002052783966064,4
69,9,0.017858614676702175,0.8275444507598877,1.4137723445892334,2.757324350333413,1.1920928955078125e-07,0.0,False,0.9107982516288757,0.7911093096191004,3.8560335636138916,0.34117260575294495,0.5000011920928955,2
69,10,0.04256396902473598,0.8142244219779968,1.4071121215820312,2.2550139572148993,8.940696716308594e-08,0.0,False,0.935685932636261,0.812726474676852,3.5857625007629395,0.36688607931137085,0.5001099109649658,6
69,11,0.018255182988953962,0.8251108527183533,1.412555456161499,0.8227563696889751,2.9802322387695312e-08,0.0,False,1.0379163026809692,0.9015226458635406,4.209014892578125,0.31116682291030884,0.5000252723693848,6
69,12,0.022581572880918402,0.8211765289306641,1.4105883836746216,1.753465584416489,1.1920928955078125e-07,0.0,False,0.9723458290100098,0.8445688560813802,4.113437652587891,0.31846439838409424,0.5001177787780762,1
69,13,0.010350797514545637,0.8216436505317688,1.4108219146728516,0.7109698480265395,8.940696716308594e-08,0.0,False,0.811455249786377,0.7048210745872968,2.9677023887634277,0.4470624625682831,0.5001873970031738,1
69,14,0.01814619392672767,0.8187409043312073,1.4093703031539917,2.6253576238410434,1.4901161193847656e-07,0.0,False,0.8325413465499878,0.7231362255259253,3.047847032546997,0.43462803959846497,0.5001170039176941,5
69,15,-0.03243905395552482,0.7851662635803223,1.3925832509994507,2.6340629226081065,1.1920928955078125e-07,0.0,False,0.9156484603881836,0.7953221474195928,3.493663787841797,0.37440788745880127,0.5000489354133606,7
69,16,0.03474739951529686,0.8285666108131409,1.4142831563949585,1.3794068074074606,1.4901161193847656e-07,0.0,False,0.8501632809638977,0.7384424432787694,3.231466293334961,0.41005000472068787,0.5000017881393433,2
69,17,-0.01410876509015634,0.807343065738678,1.4036715030670166,1.404058093877176,2.9802322387695312e-08,0.0,False,0.972149133682251,0.8443980086904567,3.9197778701782227,0.3335326910018921,0.5129591822624207,1
69,18,0.010961076959483451,0.8246244788169861,1.4123122692108154,0.7708644011598678,2.9802322387695312e-08,0.0,False,0.9607941508293152,0.8345351959001845,3.8877193927764893,0.3380558490753174,0.5000002384185791,5
69,19,-0.009899453660378893,0.8177772164344788,1.408888578414917,1.2934474130896803,2.9802322387695312e-08,0.0,False,0.8203299045562744,0.7125295017780225,3.0230135917663574,0.43822014331817627,0.5000013113021851,7
69,20,0.021615382079116056,0.8065158128738403,1.403257966041565,0.3844565423934628,5.960464477539063e-08,0.0,False,0.8484026193618774,0.7369131520422567,3.170593738555908,0.4160461127758026,0.5000009536743164,5
69,21,0.01239524703194703,0.8091591596603394,1.404579520225525,0.368154698635919,5.960464477539063e-08,0.0,False,0.8165789842605591,0.7092714938050464,2.9817326068878174,0.44356876611709595,0.5000961422920227,7
69,22,0.00239558623016605,0.8286256194114685,1.4143128395080566,0.06784893502127157,2.9802322387695312e-08,0.0,False,0.7993466854095459,0.6943037092020408,2.929873466491699,0.45378127694129944,0.5000039935112,5
69,23,-0.00574568014103308,0.8069741129875183,1.403486967086792,1.056269502386892,8.940696716308594e-08,0.0,False,0.8887054920196533,0.7719197824424997,3.6007182598114014,0.3647037148475647,0.5000001192092896,5
69,24,0.02744910563930275,0.7710280418395996,1.3855141401290894,0.36409804566137366,1.1920928955078125e-07,0.0,False,0.7967431545257568,0.6920423110094522,2.8837649822235107,0.45484659075737,0.5000220537185669,5
70,1,0.024005627504215987,0.8029568791389465,1.40147864818573,1.6767979892236846,2.086162567138672e-07,0.0,False,0.8243862390518188,0.71605278915436,3.001221179962158,0.4399425983428955,0.5000365972518921,7
70,2,-0.024546305787715668,0.7951050400733948,1.397552490234375,0.27522015040485576,2.9802322387695312e-08,0.0,False,0.8174930810928345,0.7100654682254113,2.970663070678711,0.44376784563064575,0.5000354647636414,7
70,3,-0.026626356920725007,0.7816047072410583,1.3908023834228516,0.6315228320908711,2.9802322387695312e-08,0.0,False,0.9420856833457947,0.8182852275142658,3.7425734996795654,0.34832751750946045,0.5,7
70,4,0.007510304107194941,0.8067020773887634,1.403351068496704,0.6276178503102449,2.9802322387695312e-08,0.0,False,0.9618666768074036,0.8354667801281479,4.043880939483643,0.3231726884841919,0.5000075101852417,2
70,5,0.017826629495721683,0.7945019006729126,1.397251009941101,0.2903167785734771,5.960464477539063e-08,0.0,False,0.927234947681427,0.8053860424117883,3.8784821033477783,0.33663421869277954,0.500008225440979,7
70,6,0.00486325468850794,0.8100236058235168,1.4050120115280151,0.3814150558867344,2.086162567138672e-07,0.0,False,0.9068191051483154,0.7876530669007162,3.748842239379883,0.3499769866466522,0.5,7
70,7,0.017579314873246026,0.788596510887146,1.3942983150482178,1.544619152468234,5.960464477539063e-08,0.0,False,0.811217188835144,0.7046142974723426,2.945434331893921,0.4469779133796692,0.5000022649765015,5
70,8,0.011589003930911349,0.792127788066864,1.3960639238357544,1.3529375186603938,2.9802322387695312e-08,0.0,False,0.8158910870552063,0.7086739938842436,2.9623515605926514,0.44472837448120117,0.5000799298286438,7
70,9,0.016509660758063205,0.8355513215065002,1.4177756309509277,1.5727177772584613,2.9802322387695312e-08,0.0,False,0.8040896654129028,0.6984234092885115,2.950705051422119,0.45121216773986816,0.5000001192092896,7
70,10,-5.1852420099472805e-05,0.7980231046676636,1.3990116119384766,1.2999958599227979,5.960464477539063e-08,0.0,False,0.8525600433349609,0.7405242446231416,3.12158203125,0.4219440221786499,0.5000030398368835,7
70,11,-0.01396912591880602,0.8089743852615356,1.404487133026123,1.5663018325007865,5.960464477539063e-08,0.0,False,0.8926252722740173,0.775324460311987,3.633362054824829,0.3614647686481476,0.5000032186508179,5
70,12,0.024880776593371515,0.845858097076416,1.422929048538208,0.29561772314745294,0.0,0.0,False,0.8409754633903503,0.7304620063329187,3.1500632762908936,0.42271697521209717,0.5000002980232239,5
70,13,0.07826030772860064,0.7935004234313965,1.3967502117156982,2.4858741381481178,0.0,0.0,False,0.9101203680038452,0.7905205073836538,3.414886474609375,0.38406190276145935,0.5017099380493164,2
70,14,0.09653956454058663,0.820937991142273,1.4104690551757812,2.2608904192877595,5.960464477539063e-08,0.0,False,0.9319784045219421,0.8095061566737523,3.6329193115234375,0.3624892234802246,0.5000253915786743,6
70,15,-0.0011401891760867812,0.8248313069343567,1.412415623664856,2.328201629990164,2.9802322387695312e-08,0.0,False,0.9159152507781982,0.7955538786080092,3.5373809337615967,0.3730005621910095,0.5000001192092896,2
70,16,0.020793150988672137,0.8213368654251099,1.4106684923171997,0.593986493486527,5.960464477539063e-08,0.0,False,1.0238635540008545,0.8893165834488465,4.807016849517822,0.27043354511260986,0.5,2
70,17,-0.00791883428030878,0.7937745451927185,1.3968873023986816,1.4478029077426653,2.9802322387695312e-08,0.0,False,0.8548789024353027,0.7425383800463208,3.135986804962158,0.41951557993888855,0.500002384185791,7
70,18,0.047287629197800225,0.8065065145492554,1.4032533168792725,0.8674883259490166,5.960464477539063e-08,0.0,False,0.9749437570571899,0.8468253877119243,4.173007488250732,0.3127031922340393,0.5007334351539612,2
70,19,0.0049052626654124435,0.8192829489707947,1.4096415042877197,1.1681371068254247,2.9802322387695312e-08,0.0,False,0.815750002861023,0.7085514497102083,2.9809648990631104,0.4447624683380127,0.5000638961791992,7
70,20,0.030632958285726642,0.8095849752426147,1.4047925472259521,0.2750610515830012,5.960464477539063e-08,0.0,False,0.8338695764541626,0.7242899113620892,3.045374631881714,0.43404901027679443,0.5000356435775757,7
70,21,-0.003505207161530751,0.814967155456543,1.407483696937561,2.4796582192805263,1.1920928955078125e-07,0.0,False,0.9065617918968201,0.7874295674502262,3.4062089920043945,0.3870365619659424,0.500452995300293,5
70,22,0.006345664859353761,0.7996681332588196,1.3998339176177979,2.6876356940982062,1.4901161193847656e-07,0.0,False,0.8602156043052673,0.7471737803936976,3.2388813495635986,0.406319260597229,0.5000338554382324,2
70,23,0.022839347933048097,0.8001172542572021,1.4000587463378906,0.31323278819563233,1.1920928955078125e-07,0.0,False,0.8724579811096191,0.7578073737767183,3.407564878463745,0.385559618473053,0.5000052452087402,2
70,24,0.011417890360754294,0.7876057624816895,1.3938027620315552,0.615892957737364,1.1920928955078125e-07,0.0,False,1.032319188117981,0.8966610539249683,4.262484550476074,0.3046116530895233,0.5000079870223999,3
71,1,-0.012056496003583099,0.781225323677063,1.3906126022338867,1.5490660518407822,5.960464477539063e-08,0.0,False,0.8798593282699585,0.7642361022374897,3.2757346630096436,0.39983439445495605,0.5000881552696228,7
71,2,0.026967257490495167,0.8156165480613708,1.4078083038330078,0.295042538635028,2.9802322387695312e-08,0.0,False,0.8972259163856506,0.779320529013753,3.3986096382141113,0.3880040943622589,0.5000369548797607,7
71,3,-0.024446866838728192,0.8285670876502991,1.4142835140228271,1.0990609537445326,2.9802322387695312e-08,0.0,False,0.898034393787384,0.7800227635623856,3.4522998332977295,0.3828786015510559,0.5000000596046448,7
71,4,0.04597770770718449,0.8294403553009033,1.414720058441162,0.11750334028585374,1.1920928955078125e-07,0.0,False,0.8670281171798706,0.7530910538923677,3.2853026390075684,0.40316998958587646,0.5000174641609192,7
71,5,0.03696716853152284,0.8423615097999573,1.4211807250976562,0.7410842757561217,2.9802322387695312e-08,0.0,False,0.9884896278381348,0.858591181577402,3.9301414489746094,0.3355374038219452,0.5,7
71,6,-0.0017797319911018999,0.830788791179657,1.4153945446014404,1.0887192446249474,1.4901161193847656e-07,0.0,False,0.8021076917648315,0.6967018888512415,2.940676689147949,0.45229220390319824,0.5000008344650269,7
71,7,-0.007988993483524547,0.8325411677360535,1.4162704944610596,0.38270379392163945,8.940696716308594e-08,0.0,False,0.8325002193450928,0.7231005028896412,3.110872507095337,0.4269126057624817,0.5000026822090149,5
71,8,0.0625066925553496,0.835068941116333,1.4175344705581665,0.9204542539890387,0.0,0.0,False,0.8457837104797363,0.7346383966900142,3.193664312362671,0.41570374369621277,0.5000092387199402,5
71,9,0.08275963269708994,0.8488016128540039,1.424401044845581,2.5757569907274735,2.384185791015625e-07,0.0,False,0.9040505290031433,0.7852483122155618,3.633683919906616,0.3646617531776428,0.5001047849655151,2
71,10,0.010216092038098083,0.8262969255447388,1.4131484031677246,2.174352325592323,5.960464477539063e-08,0.0,False,0.8007690906524658,0.6955391946981015,2.9340686798095703,0.4528608024120331,0.5000000596046448,5
71,11,0.012600573297298596,0.8468757271766663,1.4234378337860107,0.03594078770845683,2.9802322387695312e-08,0.0,False,0.8030717968940735,0.6975392999264504,2.9553070068359375,0.45168566703796387,0.5000001192092896,5
71,12,0.055265051802153534,0.8212862014770508,1.4106429815292358,1.7725138825019262,1.1920928955078125e-07,0.0,False,0.9441263675689697,0.8200577433091297,4.088864326477051,0.32047078013420105,0.5001921653747559,3
71,13,0.06019349833855528,0.8314316868782043,1.4157156944274902,2.386495747769272,1.4901161193847656e-07,0.0,False,0.8757330179214478,0.7606520346075327,3.4924156665802,0.3785567283630371,0.5000002384185791,5
71,14,-0.010724067768001926,0.8123211860656738,1.406160593032837,1.1734504861818182,0.0,0.0,False,0.8056349158287048,0.6997655967459946,2.9417243003845215,0.450137734413147,0.5000348091125488,5
71,15,0.0017315198343957746,0.8133537769317627,1.406677007675171,1.271825688953428,1.1920928955078125e-07,0.0,False,0.8900148868560791,0.7730571083466844,3.6695661544799805,0.3581133782863617,0.5000056028366089,5
71,16,0.0006867488970945922,0.8133183121681213,1.4066592454910278,0.41809653087543686,8.940696716308594e-08,0.0,False,0.8487454652786255,0.7372109442218302,3.1255877017974854,0.42292046546936035,0.5000155568122864,5
71,17,0.02383764560086696,0.8347278833389282,1.4173638820648193,2.4194988692062434,5.960464477539063e-08,0.0,False,0.9152119159698486,0.7949429697556158,3.775981903076172,0.34926891326904297,0.5000171065330505,2
71,18,0.016942267041548522,0.8221876621246338,1.4110939502716064,2.4888680245428785,1.1920928955078125e-07,0.0,False,0.8068171739578247,0.7007924931093187,2.9523260593414307,0.4495300054550171,0.500008225440979,5
71,19,-0.001456954486947141,0.830462634563446,1.4152312278747559,1.010774078766847,8.940696716308594e-08,0.0,False,0.9165553450584412,0.7961098574356239,3.686021089553833,0.3578185439109802,0.500002384185791,7
71,20,-0.010913498595083677,0.8139346241950989,1.4069674015045166,2.006180366819146,8.940696716308594e-08,0.0,False,0.8459681272506714,0.7347985790619892,3.1003165245056152,0.42654332518577576,0.5001201629638672,5
71,21,0.025133074540900104,0.8095504641532898,1.4047751426696777,0.584340440974173,8.940696716308594e-08,0.0,False,0.9096249938011169,0.7900902308182095,3.6320137977600098,0.36165156960487366,0.5000013709068298,5
71,22,-0.001597276892363531,0.7943784594535828,1.3971891403198242,2.068596346348825,8.940696716308594e-08,0.0,False,0.9056082963943481,0.78660137177974,3.4709811210632324,0.37775665521621704,0.5000132322311401,7
71,23,0.005097491163594533,0.8395931124687195,1.4197964668273926,1.4298791627950416,8.940696716308594e-08,0.0,False,0.8550275564193726,0.7426674992563097,3.215080499649048,0.41326582431793213,0.5000033378601074,5
71,24,-0.018103970502988922,0.8349697589874268,1.417484998703003,2.7342127501843816,1.1920928955078125e-07,0.0,False,0.849862277507782,0.7381809949987197,3.219815492630005,0.41219720244407654,0.5000000596046448,2
72,1,0.025541823488558147,0.8083714246749878,1.4041857719421387,1.5018375042293752,5.960464477539063e-08,0.0,False,0.905296802520752,0.786330811638841,3.444077491760254,0.3820534944534302,0.5000590085983276,7
72,2,-0.025189589710499803,0.8243775367736816,1.4121887683868408,0.9924879911619243,0.0,0.0,False,0.9157223701477051,0.7953863446210309,3.5513405799865723,0.3714389204978943,0.5,7
72,3,0.03941731519535276,0.830307126045227,1.4151536226272583,0.12623846014795836,5.960464477539063e-08,0.0,False,0.9231275916099548,0.8018184382576841,3.679036855697632,0.3585132956504822,0.500008761882782,7
72,4,0.03636340253814329,0.8445460200309753,1.4222729206085205,0.6369105652145276,8.940696716308594e-08,0.0,False,0.9657007455825806,0.8387970099527418,3.756218910217285,0.351942241191864,0.5,7
72,5,-0.0019262385560978451,0.8297781944274902,1.4148890972137451,1.2127853968698457,0.0,0.0,False,0.8052495718002319,0.6994308911755943,2.9509754180908203,0.450554221868515,0.5000002384185791,7
72,6,-0.007548974190269807,0.8212851285934448,1.4106426239013672,0.375115519929947,5.960464477539063e-08,0.0,False,0.8279063701629639,0.7191103361886525,3.073110342025757,0.43119877576828003,0.5000041723251343,5
72,7,0.0406634008334421,0.8281400203704834,1.4140700101852417,1.1954788364196824,0.0,0.0,False,0.8325744867324829,0.723165010722699,3.0899195671081543,0.42946481704711914,0.5000261068344116,5
72,8,0.08502719134054501,0.8389927744865417,1.4194962978363037,2.4317356239702836,8.940696716308594e-08,0.0,False,0.8840532302856445,0.7678788792436004,3.4057979583740234,0.3892268240451813,0.500052809715271,2
72,9,0.010409717862499708,0.8212648034095764,1.4106323719024658,2.2907536739887213,2.9802322387695312e-08,0.0,False,0.8002921342849731,0.6951249156610801,2.92903470993042,0.45312047004699707,0.5,5
72,10,0.013396778726970643,0.8450343012809753,1.4225170612335205,0.038081019723529716,8.940696716308594e-08,0.0,False,0.8026747107505798,0.6971943952845312,2.952558755874634,0.45192545652389526,0.5000000596046448,5
72,11,0.06383606351251665,0.8177009224891663,1.4088504314422607,2.1498117151057063,2.9802322387695312e-08,0.0,False,0.9078380465507507,0.7885381081576371,3.628325939178467,0.36269915103912354,0.500115156173706,2
72,12,0.06115341265858749,0.8252383470535278,1.4126191139221191,2.4627943356329705,5.960464477539063e-08,0.0,False,0.8608341813087463,0.7477110695521839,3.334707260131836,0.3965957462787628,0.5000003576278687,5
72,13,-0.01141322214009241,0.8038352727890015,1.401917576789856,1.2171175557971654,5.960464477539063e-08,0.0,False,0.8068584203720093,0.700828319289476,2.940469980239868,0.4494158625602722,0.5000418424606323,5
72,14,0.0018107533032583186,0.8054319024085999,1.402716040611267,1.2574482731008836,8.940696716308594e-08,0.0,False,0.8911235332489014,0.7740200663682537,3.6768741607666016,0.35673317313194275,0.5000072717666626,5
72,15,0.0018917664278045206,0.8041733503341675,1.402086853981018,0.4200008752270446,1.7881393432617188e-07,0.0,False,0.8414079546928406,0.7308376635052041,3.078730344772339,0.4286399781703949,0.5000228881835938,5
72,16,0.024294240574958537,0.8347018957138062,1.4173510074615479,2.4398826356025656,5.960464477539063e-08,0.0,False,0.9148392677307129,0.7946192916077206,3.7672016620635986,0.35011565685272217,0.5000182390213013,2
72,17,0.017225536993683857,0.8170456290245056,1.4085228443145752,2.4845336526193025,2.9802322387695312e-08,0.0,False,0.8098920583724976,0.7034633037768842,2.960202932357788,0.44774508476257324,0.500029981136322,5
72,18,-0.0012830133626749018,0.8290858864784241,1.4145429134368896,1.092030642265212,2.9802322387695312e-08,0.0,False,0.910567581653595,0.79090895222429,3.587073564529419,0.3679826855659485,0.5000028014183044,7
72,19,-0.009843207536857357,0.8108775615692139,1.4054388999938965,2.0777547661986446,1.1920928955078125e-07,0.0,False,0.8493967652320862,0.7377766561735338,3.110398054122925,0.4248085916042328,0.5000585317611694,5
72,20,0.025553242173163668,0.8003713488578796,1.4001857042312622,0.543173354177212,2.9802322387695312e-08,0.0,False,0.9032146334648132,0.7845222625760732,3.562734842300415,0.36818361282348633,0.5000032186508179,5
72,21,-0.0014899890069272042,0.7951990365982056,1.397599458694458,2.190815256039749,5.960464477539063e-08,0.0,False,0.8879436254501343,0.7712580335483223,3.3272697925567627,0.3947422504425049,0.5000057220458984,7
72,22,0.0051319607674450065,0.8421651124954224,1.4210824966430664,1.2807807481899363,5.960464477539063e-08,0.0,False,0.8500381112098694,0.738333722211818,3.1805317401885986,0.41816622018814087,0.5000025629997253,5
72,23,-0.017744495954531925,0.8350627422332764,1.4175314903259277,2.514779157683929,1.1920928955078125e-07,0.0,False,0.8511430025100708,0.7392934186013788,3.2325217723846436,0.41052699089050293,0.5,2
72,24,0.0503100384877427,0.8303024768829346,1.4151511192321777,0.023764624791119626,1.1920928955078125e-07,0.0,False,0.8480834364891052,0.7366359133215308,3.2050037384033203,0.4137236475944519,0.5000036358833313,2
73,1,0.019760098298212608,0.8331683278083801,1.4165842533111572,1.422986522849117,8.940696716308594e-08,0.0,False,0.9611682891845703,0.8348601683464959,3.905665636062622,0.33706140518188477,0.5000612139701843,2
73,2,0.04086231706711268,0.8425596356391907,1.4212799072265625,0.20575753785368509,8.940696716308594e-08,0.0,False,0.9131432175636292,0.7931461211505294,3.800750494003296,0.34749048948287964,0.5000004768371582,2
73,3,0.044472160772850274,0.8120572566986084,1.4060287475585938,2.1006471799682904,1.1920928955078125e-07,0.0,False,0.8894847631454468,0.772596648742177,3.28694486618042,0.4013364911079407,0.5001462697982788,6
73,4,0.03355787119206012,0.827573299407959,1.413786768913269,0.8999094349727449,1.1920928955078125e-07,0.0,False,1.003676176071167,0.871782049770929,4.179235935211182,0.31365352869033813,0.5000002384185791,7
73,5,0.027378370760728736,0.8251699209213257,1.4125850200653076,2.2627497220513506,5.960464477539063e-08,0.0,False,0.9817143678665161,0.8527062655391341,3.908733367919922,0.3361981213092804,0.5000648498535156,6
73,6,-0.02462223566860906,0.8207373023033142,1.4103686809539795,1.7010297831007342,2.9802322387695312e-08,0.0,False,0.8849727511405945,0.7686775649101999,3.5456738471984863,0.37174928188323975,0.5000000596046448,7
73,7,0.08579974451027327,0.8197312355041504,1.4098654985427856,1.8779159329216946,1.1920928955078125e-07,0.0,False,0.9394063949584961,0.8159580271902033,3.8932082653045654,0.33719179034233093,0.5001459121704102,2
73,8,0.027708022267975325,0.7931241989135742,1.396562099456787,1.7083835650945356,0.0,0.0,False,0.9659927487373352,0.8390506406703583,3.8107717037200928,0.3427526652812958,0.5000005960464478,7
73,9,0.06470431038326531,0.8094630241394043,1.4047315120697021,2.3183084285667857,0.0,0.0,False,0.9898877143859863,0.8598055441233122,3.978806734085083,0.32888901233673096,0.5000002980232239,6
73,10,0.06997034690632521,0.8052332401275635,1.4026166200637817,1.169624280431173,0.0,0.0,False,0.9376717209815979,0.8144513085180672,3.5741219520568848,0.36733388900756836,0.5015050768852234,6
73,11,0.03839931977077524,0.814891517162323,1.4074456691741943,2.4915118414139945,8.940696716308594e-08,0.0,False,0.9502760767936707,0.8253993128723239,4.025717258453369,0.325277715921402,0.500000536441803,2
73,12,-0.030390673302842106,0.7983438968658447,1.3991719484329224,1.8561631547985973,0.0,0.0,False,0.9144434928894043,0.7942755259484077,3.6488962173461914,0.3589950501918793,0.5000031590461731,6
73,13,0.00654567959398784,0.8147844076156616,1.407392144203186,1.6669971321931452,5.960464477539063e-08,0.0,False,0.8356115818023682,0.7258029979824325,3.0529627799987793,0.4334716200828552,0.5000141859054565,6
73,14,0.054028173574723,0.8351999521255493,1.4175999164581299,2.4368409153289177,5.960464477539063e-08,0.0,False,0.8542771935462952,0.7420157423459046,3.19674015045166,0.41529741883277893,0.5001586079597473,2
73,15,0.03615134996416379,0.8122355341911316,1.4061177968978882,2.136480221383502,2.9802322387695312e-08,0.0,False,0.9723584651947021,0.8445798317319487,3.7774453163146973,0.3473915755748749,0.5000009536743164,6
73,16,0.008411452285392175,0.8006150722503662,1.4003076553344727,1.381793651827198,1.1920928955078125e-07,0.0,False,0.9144200682640076,0.7942551795773067,3.3958053588867188,0.38698434829711914,0.5001301765441895,6
73,17,0.005467488852585241,0.8265559673309326,1.4132781028747559,1.526557407182219,1.1920928955078125e-07,0.0,False,0.8103256225585938,0.703839892844029,2.9677112102508545,0.44756653904914856,0.5007488131523132,4
73,18,0.009054208007414473,0.8069777488708496,1.4034888744354248,2.749937377870942,0.0,0.0,False,0.9002584218978882,0.781954529834365,3.7778384685516357,0.3469443917274475,0.5000093579292297,2
73,19,0.02715963681504669,0.8028322458267212,1.4014161825180054,1.4061367737210047,5.960464477539063e-08,0.0,False,1.0264623165130615,0.8915738398865036,4.200809955596924,0.31031376123428345,0.5000002384185791,6
73,20,0.007723963091354192,0.7946677207946777,1.3973338603973389,0.9218748425544523,0.0,0.0,False,1.0348408222198486,0.8988513174766086,4.151618480682373,0.3135727345943451,0.500818133354187,6
73,21,0.011121207973895965,0.7939184904098511,1.3969593048095703,2.034208464881612,5.960464477539063e-08,0.0,False,0.9173398017883301,0.7967912278937892,3.5757124423980713,0.36623045802116394,0.5007756948471069,1
73,22,0.004499818625842447,0.8105947375297546,1.4052975177764893,0.30345823056922494,1.4901161193847656e-07,0.0,False,0.8081177473068237,0.7019221567668801,2.9487314224243164,0.44883161783218384,0.5006214380264282,2
73,23,0.009364903444481482,0.7994603514671326,1.3997303247451782,2.6156437701471393,1.4901161193847656e-07,0.0,False,0.8241839408874512,0.715877075201392,3.0042223930358887,0.43910932540893555,0.5003851652145386,5
73,24,-0.02083417079616448,0.7767437696456909,1.3883719444274902,2.6366493545224468,5.960464477539063e-08,0.0,False,0.9710858464241028,0.8434744491126731,3.95235276222229,0.32876700162887573,0.5000385046005249,7
74,1,0.024764054711696064,0.7733801007270813,1.3866901397705078,1.4528680379901613,8.940696716308594e-08,0.0,False,0.9235749244689941,0.8022069866421936,3.448737859725952,0.3784046173095703,0.5000627040863037,6
74,2,0.021602871292270658,0.7902945876121521,1.3951472043991089,1.462966909936945,8.940696716308594e-08,0.0,False,0.80790776014328,0.701739764234085,2.9410061836242676,0.44785553216934204,0.5000559091567993,5
74,3,0.036041574928866546,0.8203486204147339,1.4101744890213013,2.69473055158995,1.7881393432617188e-07,0.0,False,1.0313374996185303,0.8958083701284496,4.855538368225098,0.2675330638885498,0.5000004172325134,3
74,4,0.05984938221976991,0.8047181367874146,1.4023590087890625,2.051984777772433,5.960464477539063e-08,0.0,False,0.8877294063568115,0.7710719652080256,3.2916741371154785,0.40005582571029663,0.5000001788139343,7
74,5,0.03365872904809133,0.8310939073562622,1.4155468940734863,0.5120492765253158,5.960464477539063e-08,0.0,False,0.9153942465782166,0.7951013401098083,3.4553632736206055,0.3827446699142456,0.5000298023223877,6
74,6,0.015556871689304384,0.8255571126937866,1.412778615951538,0.7382144474545422,5.960464477539063e-08,0.0,False,0.9308539032936096,0.8085294273170358,3.6263978481292725,0.3635264039039612,0.5006399154663086,6
74,7,0.020195093812674522,0.8199120759963989,1.4099559783935547,1.7332457954587885,5.960464477539063e-08,0.0,False,0.8871188163757324,0.7705416134890495,3.4225900173187256,0.3855663537979126,0.5000023245811462,1
74,8,0.03266950612130588,0.8426440954208374,1.421322226524353,2.444388651151466,1.7881393432617188e-07,0.0,False,0.9209375381469727,0.7999161819895915,3.668116331100464,0.36060911417007446,0.5000043511390686,5
74,9,-0.04488756359272852,0.7954525351524353,1.39772629737854,1.8690444351913524,2.9802322387695312e-08,0.0,False,0.9538841247558594,0.8285332235131656,3.638500452041626,0.35982102155685425,0.5000220537185669,7
74,10,0.0536616149114782,0.8357195854187012,1.4178597927093506,1.4863536442522371,0.0,0.0,False,0.883863091468811,0.7677137267657076,3.3610386848449707,0.3943183124065399,0.5,2
74,11,-0.0037246384981182985,0.7809883952140808,1.3904941082000732,1.3680521129693308,8.940696716308594e-08,0.0,False,0.8922019004821777,0.7749567242460081,3.4272587299346924,0.38154682517051697,0.500038743019104,7
74,12,0.01873068749010029,0.8247800469398499,1.412390112876892,0.7704872762867081,8.940696716308594e-08,0.0,False,0.9350667595863342,0.8121886677989992,4.053154945373535,0.3236723244190216,0.5000004172325134,5
74,13,-0.016580781155321918,0.8228082060813904,1.4114041328430176,0.8289390476711855,2.9802322387695312e-08,0.0,False,0.8319309949874878,0.7226060808946957,3.0793673992156982,0.4304477572441101,0.5000008940696716,7
74,14,0.03375648363059931,0.8152068257331848,1.4076035022735596,0.30438152550835174,8.940696716308594e-08,0.0,False,0.8074012398719788,0.7012998063164884,2.9526727199554443,0.44872695207595825,0.5000035762786865,7
74,15,0.02725534063511691,0.8274880647659302,1.4137439727783203,0.38956905421749805,5.960464477539063e-08,0.0,False,0.8788750171661377,0.7633811404757588,3.2792325019836426,0.40376216173171997,0.5000015497207642,7
74,16,0.005114011729829445,0.8242457509040833,1.4121229648590088,0.41430279612407267,8.940696716308594e-08,0.0,False,0.7967147827148438,0.69201766756761,2.9178318977355957,0.45523974299430847,0.500004231929779,7
74,17,-0.006563082939573331,0.8295642137527466,1.4147820472717285,0.45706172193028616,5.960464477539063e-08,0.0,False,0.8667437434196472,0.7528440499826415,3.3966217041015625,0.38948485255241394,0.5000009536743164,5
74,18,0.041240157263920704,0.8096989393234253,1.4048494100570679,0.8855568001925477,5.960464477539063e-08,0.0,False,0.8220250606536865,0.714001895656164,3.030109167098999,0.43631985783576965,0.5000028610229492,5
74,19,0.04882985111465393,0.8459644317626953,1.4229822158813477,2.6124332737205496,0.0,0.0,False,0.9399389028549194,0.8164205576721765,3.9109771251678467,0.3374992907047272,0.5005970001220703,2
74,20,0.006164813428160405,0.8210907578468323,1.4105453491210938,1.9797927038762912,2.9802322387695312e-08,0.0,False,0.8077989220619202,0.7016452286777739,2.961740732192993,0.44793808460235596,0.5000001192092896,5
74,21,0.007428021684538953,0.8392314910888672,1.4196157455444336,0.04813067669535507,0.0,0.0,False,0.8045859336853027,0.6988544624330054,2.9571166038513184,0.45059168338775635,0.5000000596046448,5
74,22,0.041252765277200745,0.8093917965888977,1.404695987701416,2.424868562334062,8.940696716308594e-08,0.0,False,0.8561801910400391,0.7436686649671219,3.1629016399383545,0.41737496852874756,0.5000424385070801,2
74,23,0.04083286430642205,0.8150304555892944,1.4075151681900024,2.643308759272606,5.960464477539063e-08,0.0,False,0.8240998983383179,0.7158040767707246,3.033620834350586,0.43635252118110657,0.5000004768371582,5
74,24,-0.009259185139205319,0.8179675936698914,1.4089837074279785,1.3092371232076905,8.940696716308594e-08,0.0,False,0.8149926662445068,0.7078936354832159,2.9793436527252197,0.44487428665161133,0.500016450881958,5
75,1,-0.0024749391188175268,0.8274913430213928,1.413745641708374,1.7210821924465043,2.9802322387695312e-08,0.0,False,0.8027844429016113,0.6972897074198919,2.9409539699554443,0.45189452171325684,0.5000008344650269,7
75,2,-0.008064939722070308,0.7814699411392212,1.3907350301742554,0.45637336440794435,5.960464477539063e-08,0.0,False,0.8600564002990723,0.7470354975509228,3.26126766204834,0.40169310569763184,0.500006377696991,5
75,3,0.04533841302353241,0.8016266226768494,1.4008132219314575,1.123011655285783,8.940696716308594e-08,0.0,False,0.8278192281723022,0.7190346456172797,3.0296471118927,0.4355437755584717,0.5000564455986023,5
75,4,0.09686364116094846,0.8311101198196411,1.4155548810958862,2.4335231717213217,1.7881393432617188e-07,0.0,False,0.8739572763442993,0.7591096450710492,3.285230875015259,0.4033339321613312,0.5000218152999878,2
75,5,0.011396100093185367,0.8231590390205383,1.4115794897079468,2.3633203318046414,2.9802322387695312e-08,0.0,False,0.8015146851539612,0.6961868098535753,2.934886932373047,0.4523923993110657,0.5,5
75,6,0.014514121463888755,0.8371724486351013,1.418586254119873,0.0389218741765026,2.9802322387695312e-08,0.0,False,0.8014659881591797,0.6961445121813374,2.9428436756134033,0.4526304006576538,0.5000004768371582,5
75,7,0.07000032187436642,0.8239707946777344,1.4119852781295776,2.323850707537763,1.1920928955078125e-07,0.0,False,0.8843183517456055,0.7681091608177908,3.3554630279541016,0.39393600821495056,0.5000419020652771,2
75,8,0.06835587612981912,0.8272992372512817,1.413649559020996,2.573576707329588,5.960464477539063e-08,0.0,False,0.8587263822555542,0.7458802585566595,3.3165814876556396,0.3990325331687927,0.5000005960464478,5
75,9,-0.011552348878324473,0.801986038684845,1.4009931087493896,1.2310245775485735,8.940696716308594e-08,0.0,False,0.8028828501701355,0.6973751828872904,2.924166679382324,0.45179665088653564,0.5000624060630798,7
75,10,0.002379616726554505,0.8078465461730957,1.4039232730865479,1.2201616091581737,0.0,0.0,False,0.897475004196167,0.7795368839369863,3.7595324516296387,0.34877070784568787,0.5000028610229492,5
75,11,0.0030646631256092587,0.8027287125587463,1.4013644456863403,0.4499337444402847,8.940696716308594e-08,0.0,False,0.8864609003067017,0.7699701548523784,3.300096035003662,0.39881283044815063,0.5000000596046448,5
75,12,0.02702911566402623,0.8405343294143677,1.420267105102539,2.390103906084945,5.960464477539063e-08,0.0,False,0.9112495183944702,0.7915012749514284,3.792210578918457,0.34815293550491333,0.5000052452087402,2
75,13,0.017645831558324516,0.8209240436553955,1.4104620218276978,2.4824461986899053,0.0,0.0,False,0.8095698952674866,0.7031834764593259,2.9620211124420166,0.4478735625743866,0.50010085105896,5
75,14,-0.0011208933531395775,0.8293073177337646,1.4146536588668823,1.3002064761998176,0.0,0.0,False,0.8690265417098999,0.7548268633841514,3.2228314876556396,0.4112586975097656,0.5000005960464478,7
75,15,-0.010231538383481294,0.8182278871536255,1.4091140031814575,2.177195648340005,5.960464477539063e-08,0.0,False,0.9024615287780762,0.7838681241565825,3.3742566108703613,0.39114469289779663,0.5000029802322388,5
75,16,0.024611557367611312,0.8077075481414795,1.4038538932800293,0.7729133830306985,1.1920928955078125e-07,0.0,False,0.919451117515564,0.7986250934335756,3.7342116832733154,0.3512203097343445,0.5000027418136597,5
75,17,-0.0012411798858820138,0.8008601665496826,1.4004302024841309,1.898559094062574,1.1920928955078125e-07,0.0,False,0.8895969390869141,0.7726940835269401,3.345569372177124,0.3930301070213318,0.5000062584877014,7
75,18,0.006128289061005356,0.8353955745697021,1.4176979064941406,1.2311327681964386,1.1920928955078125e-07,0.0,False,0.833884060382843,0.7243024919426936,3.082061767578125,0.4313295781612396,0.5000042915344238,5
75,19,-0.01917292312689569,0.8350505232810974,1.417525291442871,2.49921310278888,2.9802322387695312e-08,0.0,False,0.8452963829040527,0.7342151093360167,3.1758856773376465,0.41811278462409973,0.5,2
75,20,0.055608267926768394,0.8397879004478455,1.4198939800262451,0.02142458572773953,2.9802322387695312e-08,0.0,False,0.8440120816230774,0.7330995794171591,3.1785080432891846,0.4182129502296448,0.5000016689300537,2
75,21,-0.003225989510615212,0.8119534850120544,1.4059767723083496,2.2207378892735345,2.9802322387695312e-08,0.0,False,0.9220902919769287,0.800917451244277,3.5868234634399414,0.36657875776290894,0.5002965331077576,7
75,22,-0.007384376847382858,0.8154407143592834,1.4077203273773193,0.5188327630566734,2.9802322387695312e-08,0.0,False,0.8420304656028748,0.7313783696115089,3.1068897247314453,0.4257656931877136,0.5000011324882507,5
75,23,0.010908989063032976,0.8281490802764893,1.4140745401382446,0.06641194388811503,0.0,0.0,False,0.8101369142532349,0.7036759828926157,2.969327211380005,0.44750577211380005,0.5000002980232239,5
75,24,0.024606578644647232,0.7750630974769592,1.3875315189361572,1.5237338483024876,2.9802322387695312e-08,0.0,False,0.9238727688789368,0.8024656910096012,3.4330689907073975,0.38034456968307495,0.5000274777412415,7
76,1,0.030961736395466205,0.7085861563682556,1.3542929887771606,1.4764541568500655,8.940696716308594e-08,0.0,False,0.9106546640396118,0.7909845910237262,3.7757930755615234,0.3392300307750702,0.5000680685043335,2
76,2,0.0690632379571751,0.7821155190467834,1.3910578489303589,2.4019005376958695,8.940696716308594e-08,0.0,False,0.8569875359535217,0.7443699158489583,3.1290442943573,0.41929733753204346,0.5000022649765015,6
76,3,0.035651878299130836,0.8152148127555847,1.4076075553894043,0.5702690438248051,1.4901161193847656e-07,0.0,False,0.9638547301292419,0.8371935813029555,3.6994411945343018,0.35525423288345337,0.5000256896018982,6
76,4,0.02546266777900152,0.8128686547279358,1.4064342975616455,0.8689922187862897,2.9802322387695312e-08,0.0,False,0.9865301847457886,0.8568892309321832,3.9435620307922363,0.33220338821411133,0.5000409483909607,6
76,5,0.020346659159574836,0.8215263485908508,1.410763144493103,1.6773591360652154,2.9802322387695312e-08,0.0,False,0.8618608713150024,0.7486028411608684,3.2197272777557373,0.4109256863594055,0.5000010132789612,1
76,6,0.03409976271575872,0.8334580063819885,1.4167290925979614,2.5325750929610233,8.940696716308594e-08,0.0,False,0.9465644359588623,0.8221754226055958,3.835476875305176,0.34352484345436096,0.5000090003013611,5
76,7,-0.04867325495686123,0.8029226064682007,1.4014614820480347,2.0671975794863258,1.7881393432617188e-07,0.0,False,0.9506326913833618,0.8257090643692621,3.7102105617523193,0.35319995880126953,0.5000358819961548,7
76,8,0.05858457163565482,0.8374667763710022,1.4187334775924683,1.5478207260386563,8.940696716308594e-08,0.0,False,0.8662365078926086,0.7524034708018053,3.31803297996521,0.3997822403907776,0.5000002384185791,2
76,9,-0.002878412091057644,0.7882335186004639,1.3941168785095215,1.385626674075958,1.1920928955078125e-07,0.0,False,0.8899986743927002,0.7730430263799174,3.2960493564605713,0.3979527950286865,0.5000530481338501,1
76,10,0.020906095767626913,0.8128952383995056,1.4064476490020752,0.7349503805869446,2.9802322387695312e-08,0.0,False,0.9872515797615051,0.8575158266813796,4.2582173347473145,0.3066045045852661,0.5000016093254089,1
76,11,-0.018393847921179464,0.8334650993347168,1.4167325496673584,1.0710198154563249,0.0,0.0,False,0.8722556233406067,0.7576316080518136,3.366164445877075,0.39349281787872314,0.5000007152557373,7
76,12,0.03555478564450456,0.8293102979660034,1.4146552085876465,0.354051759239158,5.960464477539063e-08,0.0,False,0.8420746326446533,0.7314167326165617,3.142817497253418,0.4221038222312927,0.5000333786010742,7
76,13,0.027288036024060342,0.8371729850769043,1.4185864925384521,0.8214174778423937,0.0,0.0,False,0.983110249042511,0.8539187125233885,3.966172218322754,0.33198118209838867,0.5000008344650269,7
76,14,0.00521242211081591,0.8218743205070496,1.4109370708465576,0.8877403804259734,8.940696716308594e-08,0.0,False,0.7971498966217041,0.6923956027051076,2.917703866958618,0.45500266551971436,0.5000037550926208,7
76,15,-0.005978939242014987,0.8247761726379395,1.4123880863189697,0.5676081225916481,0.0,0.0,False,0.887070894241333,0.7704999888519881,3.598968505859375,0.3663630485534668,0.5000004768371582,5
76,16,0.04452592420388997,0.8135210871696472,1.4067604541778564,0.8293881784564426,8.940696716308594e-08,0.0,False,0.8128040432929993,0.7059926217416028,2.9789273738861084,0.44446641206741333,0.5000107288360596,5
76,17,0.05590157665074272,0.8451178073883057,1.4225589036941528,2.6466954365499813,0.0,0.0,False,0.914963960647583,0.7947275984991788,3.721118211746216,0.35543808341026306,0.500389575958252,2
76,18,0.006667015611135488,0.8210603594779968,1.4105302095413208,2.1213564237295146,2.9802322387695312e-08,0.0,False,0.8052875995635986,0.6994639216711729,2.9498724937438965,0.44979533553123474,0.5,5
76,19,0.007564211246469984,0.8415639996528625,1.4207820892333984,0.0445421273666498,8.940696716308594e-08,0.0,False,0.8039966225624084,0.698342593295411,2.955873966217041,0.4510345458984375,0.5,5
76,20,0.04400239439257587,0.8183194994926453,1.409159541130066,2.3940727436595957,2.086162567138672e-07,0.0,False,0.8666000366210938,0.7527192278433941,3.222376823425293,0.410266637802124,0.5000780820846558,2
76,21,0.04148379758579919,0.8218435645103455,1.4109218120574951,2.6215632433701255,2.9802322387695312e-08,0.0,False,0.8296657800674438,0.7206385402144957,3.0740253925323486,0.4311229884624481,0.5000004768371582,5
76,22,-0.008869491681369374,0.8185374736785889,1.409268856048584,1.3018367133921802,1.1920928955078125e-07,0.0,False,0.8084819316864014,0.7022384832997719,2.956058979034424,0.4485529065132141,0.500023365020752,5
76,23,0.0009530555300886565,0.8149978518486023,1.4074989557266235,1.1777953130743657,2.9802322387695312e-08,0.0,False,0.863186240196228,0.7497540419440736,3.366241455078125,0.39181753993034363,0.5000096559524536,5
76,24,-0.0011673870569501909,0.8202381730079651,1.4101190567016602,0.4788815801055464,2.9802322387695312e-08,0.0,False,0.84184730052948,0.7312192744502034,3.107771873474121,0.42611271142959595,0.5003476142883301,4
77,1,-0.0024749391188175268,0.8274913430213928,1.413745641708374,1.7210821924465043,2.9802322387695312e-08,0.0,False,0.8027844429016113,0.6972897074198919,2.9409539699554443,0.45189452171325684,0.5000008344650269,7
77,2,-0.008064939722070308,0.7814699411392212,1.3907350301742554,0.45637336440794435,5.960464477539063e-08,0.0,False,0.8600564002990723,0.7470354975509228,3.26126766204834,0.40169310569763184,0.500006377696991,5
77,3,0.04533841302353241,0.8016266226768494,1.4008132219314575,1.123011655285783,8.940696716308594e-08,0.0,False,0.8278192281723022,0.7190346456172797,3.0296471118927,0.4355437755584717,0.5000564455986023,5
77,4,0.09686364116094846,0.8311101198196411,1.4155548810958862,2.4335231717213217,1.7881393432617188e-07,0.0,False,0.8739572763442993,0.7591096450710492,3.285230875015259,0.4033339321613312,0.5000218152999878,2
77,5,0.011396100093185367,0.8231590390205383,1.4115794897079468,2.3633203318046414,2.9802322387695312e-08,0.0,False,0.8015146851539612,0.6961868098535753,2.934886932373047,0.4523923993110657,0.5,5
77,6,0.014514121463888755,0.8371724486351013,1.418586254119873,0.0389218741765026,2.9802322387695312e-08,0.0,False,0.8014659881591797,0.6961445121813374,2.9428436756134033,0.4526304006576538,0.5000004768371582,5
77,7,0.07000032187436642,0.8239707946777344,1.4119852781295776,2.323850707537763,1.1920928955078125e-07,0.0,False,0.8843183517456055,0.7681091608177908,3.3554630279541016,0.39393600821495056,0.5000419020652771,2
77,8,0.06835587612981912,0.8272992372512817,1.413649559020996,2.573576707329588,5.960464477539063e-08,0.0,False,0.8587263822555542,0.7458802585566595,3.3165814876556396,0.3990325331687927,0.5000005960464478,5
77,9,-0.011552348878324473,0.801986038684845,1.4009931087493896,1.2310245775485735,8.940696716308594e-08,0.0,False,0.8028828501701355,0.6973751828872904,2.924166679382324,0.45179665088653564,0.5000624060630798,7
77,10,0.002379616726554505,0.8078465461730957,1.4039232730865479,1.2201616091581737,0.0,0.0,False,0.897475004196167,0.7795368839369863,3.7595324516296387,0.34877070784568787,0.5000028610229492,5
77,11,0.0030646631256092587,0.8027287125587463,1.4013644456863403,0.4499337444402847,8.940696716308594e-08,0.0,False,0.8864609003067017,0.7699701548523784,3.300096035003662,0.39881283044815063,0.5000000596046448,5
77,12,0.02702911566402623,0.8405343294143677,1.420267105102539,2.390103906084945,5.960464477539063e-08,0.0,False,0.9112495183944702,0.7915012749514284,3.792210578918457,0.34815293550491333,0.5000052452087402,2
77,13,0.017645831558324516,0.8209240436553955,1.4104620218276978,2.4824461986899053,0.0,0.0,False,0.8095698952674866,0.7031834764593259,2.9620211124420166,0.4478735625743866,0.50010085105896,5
77,14,-0.0011208933531395775,0.8293073177337646,1.4146536588668823,1.3002064761998176,0.0,0.0,False,0.8690265417098999,0.7548268633841514,3.2228314876556396,0.4112586975097656,0.5000005960464478,7
77,15,-0.010231538383481294,0.8182278871536255,1.4091140031814575,2.177195648340005,5.960464477539063e-08,0.0,False,0.9024615287780762,0.7838681241565825,3.3742566108703613,0.39114469289779663,0.5000029802322388,5
77,16,0.024611557367611312,0.8077075481414795,1.4038538932800293,0.7729133830306985,1.1920928955078125e-07,0.0,False,0.919451117515564,0.7986250934335756,3.7342116832733154,0.3512203097343445,0.5000027418136597,5
77,17,-0.0012411798858820138,0.8008601665496826,1.4004302024841309,1.898559094062574,1.1920928955078125e-07,0.0,False,0.8895969390869141,0.7726940835269401,3.345569372177124,0.3930301070213318,0.5000062584877014,7
77,18,0.006128289061005356,0.8353955745697021,1.4176979064941406,1.2311327681964386,1.1920928955078125e-07,0.0,False,0.833884060382843,0.7243024919426936,3.082061767578125,0.4313295781612396,0.5000042915344238,5
77,19,-0.01917292312689569,0.8350505232810974,1.417525291442871,2.49921310278888,2.9802322387695312e-08,0.0,False,0.8452963829040527,0.7342151093360167,3.1758856773376465,0.41811278462409973,0.5,2
77,20,0.055608267926768394,0.8397879004478455,1.4198939800262451,0.02142458572773953,2.9802322387695312e-08,0.0,False,0.8440120816230774,0.7330995794171591,3.1785080432891846,0.4182129502296448,0.5000016689300537,2
77,21,-0.003225989510615212,0.8119534850120544,1.4059767723083496,2.2207378892735345,2.9802322387695312e-08,0.0,False,0.9220902919769287,0.800917451244277,3.5868234634399414,0.36657875776290894,0.5002965331077576,7
77,22,-0.007384376847382858,0.8154407143592834,1.4077203273773193,0.5188327630566734,2.9802322387695312e-08,0.0,False,0.8420304656028748,0.7313783696115089,3.1068897247314453,0.4257656931877136,0.5000011324882507,5
77,23,0.010908989063032976,0.8281490802764893,1.4140745401382446,0.06641194388811503,0.0,0.0,False,0.8101369142532349,0.7036759828926157,2.969327211380005,0.44750577211380005,0.5000002980232239,5
77,24,0.024606578644647232,0.7750630974769592,1.3875315189361572,1.5237338483024876,2.9802322387695312e-08,0.0,False,0.9238727688789368,0.8024656910096012,3.4330689907073975,0.38034456968307495,0.5000274777412415,7
78,1,0.08033228099829733,0.7781477570533752,1.3890737295150757,1.6117646428091186,1.4901161193847656e-07,0.0,False,0.8516488075256348,0.7397327552557357,3.11588716506958,0.4207077920436859,0.5004226565361023,2
78,2,0.10207770800042537,0.8160658478736877,1.4080328941345215,2.131566146975271,2.9802322387695312e-08,0.0,False,0.907667338848114,0.78838983333109,3.508833169937134,0.3754046559333801,0.5000005960464478,6
78,3,0.0008104706562231138,0.8044619560241699,1.4022310972213745,2.0577129817592508,1.1920928955078125e-07,0.0,False,0.9901906251907349,0.8600686491053345,4.262174129486084,0.30575239658355713,0.5,2
78,4,0.02240112658711118,0.8309658765792847,1.415482997894287,0.5809640122410098,5.960464477539063e-08,0.0,False,1.0203008651733398,0.8862220712517905,4.767042636871338,0.27335235476493835,0.5,2
78,5,-0.007702114469107986,0.8173571228981018,1.408678650856018,1.5114911203643167,8.940696716308594e-08,0.0,False,0.9395241737365723,0.8160603285370109,3.6081228256225586,0.36478379368782043,0.5000643730163574,7
78,6,0.05412282530918423,0.8164403438568115,1.4082202911376953,1.1366566744961686,1.1920928955078125e-07,0.0,False,0.9379799365997314,0.8147190212024508,3.8035728931427,0.3452294170856476,0.5000474452972412,7
78,7,0.006987047240921829,0.8070133328437805,1.4035067558288574,1.3299116545543292,8.940696716308594e-08,0.0,False,0.8876662254333496,0.7710170869551835,3.2990756034851074,0.399341344833374,0.5000091791152954,7
78,8,0.0426684953553773,0.792321503162384,1.3961608409881592,0.5153149711289182,8.940696716308594e-08,0.0,False,0.9472393989562988,0.822761688016147,3.762178421020508,0.3472903370857239,0.5001038908958435,7
78,9,-0.008282154062732715,0.8077489137649536,1.403874397277832,1.3923363264480701,5.960464477539063e-08,0.0,False,0.9942495822906494,0.8635942144468843,4.193202018737793,0.31123360991477966,0.5,5
78,10,0.011440591119280807,0.8070690035820007,1.4035345315933228,2.6197666611396797,2.9802322387695312e-08,0.0,False,0.9622294306755066,0.8357818641345603,3.8233413696289062,0.3426530957221985,0.5000616312026978,2
78,11,0.024770688944277485,0.8062903881072998,1.4031453132629395,0.232326295098619,1.1920928955078125e-07,0.0,False,0.930923342704773,0.8085897416232255,3.898848295211792,0.3356877267360687,0.5000004768371582,2
78,12,0.029923461233245383,0.7678316235542297,1.383915901184082,2.2767554959375444,8.940696716308594e-08,0.0,False,0.9188616871833801,0.7981131207521079,3.3960635662078857,0.3839683532714844,0.5000468492507935,6
78,13,0.024243913567715575,0.7890405654907227,1.3945204019546509,1.0585308870318682,1.1920928955078125e-07,0.0,False,1.0319488048553467,0.8963393431106655,4.567793846130371,0.2834337651729584,0.5000001788139343,3
78,14,0.017341136182302194,0.8096150755882263,1.404807448387146,2.127142804699832,8.940696716308594e-08,0.0,False,0.9183603525161743,0.7976776669929994,3.5139577388763428,0.374280720949173,0.5000879764556885,6
78,15,-0.018633850998788816,0.8407996892929077,1.420399785041809,1.6045900735508924,5.960464477539063e-08,0.0,False,0.907097578048706,0.7878949453887147,3.9331858158111572,0.335153192281723,0.5000001192092896,5
78,16,0.057087123971759454,0.8375803232192993,1.418790340423584,1.9566643356536106,1.7881393432617188e-07,0.0,False,0.9668300151824951,0.8397778810643897,3.9616150856018066,0.33240631222724915,0.5001091361045837,2
78,17,0.017292663379839722,0.799003005027771,1.3995016813278198,1.525056116040744,1.7881393432617188e-07,0.0,False,1.0478473901748657,0.9101486788593358,4.6658830642700195,0.2777690291404724,0.5000021457672119,3
78,18,0.04278670348568755,0.7849475145339966,1.3924736976623535,2.2464604403535033,5.960464477539063e-08,0.0,False,0.9395532608032227,0.816085593242093,3.6651713848114014,0.3562411069869995,0.5000004768371582,6
78,19,0.04247943699997099,0.7937099933624268,1.3968549966812134,0.9176661416523529,0.0,0.0,False,0.9217151403427124,0.8005915986750427,3.5122883319854736,0.3730891942977905,0.5002131462097168,6
78,20,0.024257851519650327,0.803449273109436,1.4017244577407837,2.4737874145753915,1.7881393432617188e-07,0.0,False,0.930393636226654,0.8081296444222746,3.9099910259246826,0.3344793915748596,0.5000021457672119,2
78,21,-0.022307183245133668,0.803911030292511,1.4019556045532227,1.6239319357429147,8.940696716308594e-08,0.0,False,0.9564937353134155,0.8307999024432918,3.8444125652313232,0.3404588997364044,0.5000000596046448,6
78,22,0.0031746840609398197,0.8141189813613892,1.4070595502853394,1.5756140172709727,5.960464477539063e-08,0.0,False,0.8405256271362305,0.7300712835270702,3.0732877254486084,0.4304427206516266,0.5000001788139343,6
78,23,0.03405468493660855,0.8452803492546082,1.4226402044296265,2.433768119881126,2.9802322387695312e-08,0.0,False,0.863517165184021,0.7500414797363183,3.277078628540039,0.4056870639324188,0.5000677108764648,2
78,24,0.021097743180185875,0.8150056004524231,1.4075028896331787,1.8974420917410475,8.940696716308594e-08,0.0,False,0.9821723699569702,0.8531040811003028,3.8942134380340576,0.33675411343574524,0.5000040531158447,6
79,1,0.04073806057044915,0.825969398021698,1.4129846096038818,1.5181256867945194,8.940696716308594e-08,0.0,False,0.9163205623626709,0.795905927777185,3.8093981742858887,0.3454090356826782,0.5000040531158447,2
79,2,0.04529630186007783,0.810202419757843,1.4051012992858887,1.637818231730501,8.940696716308594e-08,0.0,False,1.031825065612793,0.8962318645701935,4.172064781188965,0.31304827332496643,0.5000001192092896,6
79,3,0.0341379124596673,0.8411522507667542,1.4205762147903442,1.1049554954256664,8.940696716308594e-08,0.0,False,1.03909432888031,0.902545866419363,4.559928894042969,0.28703516721725464,0.5000000596046448,3
79,4,0.029287761970819937,0.8314225077629089,1.4157111644744873,2.469155508197784,8.940696716308594e-08,0.0,False,0.9780534505844116,0.8495264331904896,3.887645959854126,0.3385619521141052,0.5001211166381836,6
79,5,-0.024176231574831182,0.8214862942695618,1.410743236541748,1.7633991853823023,8.940696716308594e-08,0.0,False,0.8865058422088623,0.7700091908926077,3.4962944984436035,0.37726864218711853,0.5000006556510925,7
79,6,0.09153225999881726,0.8151611089706421,1.4075806140899658,1.9885383954261564,5.960464477539063e-08,0.0,False,0.9402568936347961,0.8166967609541695,3.8637726306915283,0.339529812335968,0.5000714659690857,2
79,7,0.029559381380412246,0.7957093715667725,1.3978546857833862,1.7602668528314303,0.0,0.0,False,0.9690796136856079,0.8417318574971892,3.8334999084472656,0.3408384323120117,0.5000003576278687,7
79,8,0.06595952480477177,0.809914231300354,1.4049570560455322,2.3627038679063403,5.960464477539063e-08,0.0,False,0.9889258742332458,0.8589701003816959,3.97497296333313,0.32925260066986084,0.5000002384185791,6
79,9,0.0699802879130059,0.8068215847015381,1.403410792350769,1.1839176774122149,0.0,0.0,False,0.9447506666183472,0.8206000025735338,3.620310068130493,0.36258769035339355,0.5018991231918335,6
79,10,0.03940124532476878,0.8076862692832947,1.4038432836532593,2.479684426023837,1.4901161193847656e-07,0.0,False,0.9646641612052917,0.8378966442025745,4.121554851531982,0.3168851137161255,0.5000004768371582,2
79,11,-0.030853248944582495,0.795780599117279,1.397890329360962,1.8542758399483572,2.9802322387695312e-08,0.0,False,0.9079364538192749,0.7886235836250355,3.6085188388824463,0.3629528284072876,0.5000051259994507,6
79,12,0.007228684920122132,0.8103114366531372,1.4051557779312134,1.6756068535952675,5.960464477539063e-08,0.0,False,0.8315951228141785,0.7223143460317095,3.0348496437072754,0.4356796145439148,0.5000157952308655,6
79,13,0.05586816187992602,0.8334380984306335,1.41671884059906,2.440245602243933,2.086162567138672e-07,0.0,False,0.8559341430664062,0.7434549504126575,3.1994409561157227,0.4147654175758362,0.5001524090766907,2
79,14,0.036243373386285915,0.812728226184845,1.4063642024993896,2.1558532677178612,8.940696716308594e-08,0.0,False,0.9687092304229736,0.8414101466828864,3.7617228031158447,0.34894153475761414,0.5000007748603821,6
79,15,0.008661404835693214,0.8005567789077759,1.4002784490585327,1.3711839899411857,5.960464477539063e-08,0.0,False,0.9230018854141235,0.8017092512433028,3.4414005279541016,0.38166552782058716,0.5002103447914124,6
79,16,0.006670577083764606,0.8257632851600647,1.41288161277771,1.5380134351480816,2.9802322387695312e-08,0.0,False,0.8100149035453796,0.7035700057383064,2.965751886367798,0.44779276847839355,0.5005768537521362,4
79,17,0.00957989701889917,0.8128543496131897,1.4064271450042725,2.7545269421418057,2.9802322387695312e-08,0.0,False,0.9012982249259949,0.782857691269111,3.8017852306365967,0.3451237380504608,0.5000075101852417,2
79,18,0.02858047825678257,0.8069276809692383,1.4034638404846191,1.4467143518208911,0.0,0.0,False,1.0288082361221313,0.8936114797689189,4.208946704864502,0.30996155738830566,0.5000007152557373,6
79,19,0.008670351313462986,0.7995243668556213,1.3997621536254883,0.935195602011995,2.9802322387695312e-08,0.0,False,1.0368943214416504,0.9006349642378509,4.171204090118408,0.31236767768859863,0.5008044838905334,6
79,20,0.011555905544795877,0.8015120029449463,1.4007561206817627,2.047524438051051,1.1920928955078125e-07,0.0,False,0.9146712422370911,0.7944733465183225,3.5971686840057373,0.3646030128002167,0.5006718635559082,1
79,21,0.004883187725305371,0.8126884698867798,1.4063441753387451,0.32260990282752644,5.960464477539063e-08,0.0,False,0.808143675327301,0.70194467755932,2.9500460624694824,0.44885528087615967,0.5004591345787048,2
79,22,0.009385727533771003,0.7992784380912781,1.3996391296386719,2.6147996356995127,8.940696716308594e-08,0.0,False,0.8256257772445679,0.7171294383487985,3.0098390579223633,0.43824443221092224,0.5003939867019653,5
79,23,-0.02135929386535779,0.7779295444488525,1.3889647722244263,2.635997773343153,0.0,0.0,False,0.9676181077957153,0.8404624096106902,3.926693916320801,0.3310910165309906,0.5000345706939697,7
79,24,0.020208905521974588,0.8224895000457764,1.4112448692321777,1.249533356582333,1.1920928955078125e-07,0.0,False,0.8575209379196167,0.7448332229099811,3.3030827045440674,0.40027859807014465,0.5000026226043701,2
80,1,0.025541823488558147,0.8083714246749878,1.4041857719421387,1.5018375042293752,5.960464477539063e-08,0.0,False,0.905296802520752,0.786330811638841,3.444077491760254,0.3820534944534302,0.5000590085983276,7
80,2,-0.025189589710499803,0.8243775367736816,1.4121887683868408,0.9924879911619243,0.0,0.0,False,0.9157223701477051,0.7953863446210309,3.5513405799865723,0.3714389204978943,0.5,7
80,3,0.03941731519535276,0.830307126045227,1.4151536226272583,0.12623846014795836,5.960464477539063e-08,0.0,False,0.9231275916099548,0.8018184382576841,3.679036855697632,0.3585132956504822,0.500008761882782,7
80,4,0.03636340253814329,0.8445460200309753,1.4222729206085205,0.6369105652145276,8.940696716308594e-08,0.0,False,0.9657007455825806,0.8387970099527418,3.756218910217285,0.351942241191864,0.5,7
80,5,-0.0019262385560978451,0.8297781944274902,1.4148890972137451,1.2127853968698457,0.0,0.0,False,0.8052495718002319,0.6994308911755943,2.9509754180908203,0.450554221868515,0.5000002384185791,7
80,6,-0.007548974190269807,0.8212851285934448,1.4106426239013672,0.375115519929947,5.960464477539063e-08,0.0,False,0.8279063701629639,0.7191103361886525,3.073110342025757,0.43119877576828003,0.5000041723251343,5
80,7,0.0406634008334421,0.8281400203704834,1.4140700101852417,1.1954788364196824,0.0,0.0,False,0.8325744867324829,0.723165010722699,3.0899195671081543,0.42946481704711914,0.5000261068344116,5
80,8,0.08502719134054501,0.8389927744865417,1.4194962978363037,2.4317356239702836,8.940696716308594e-08,0.0,False,0.8840532302856445,0.7678788792436004,3.4057979583740234,0.3892268240451813,0.500052809715271,2
80,9,0.010409717862499708,0.8212648034095764,1.4106323719024658,2.2907536739887213,2.9802322387695312e-08,0.0,False,0.8002921342849731,0.6951249156610801,2.92903470993042,0.45312047004699707,0.5,5
80,10,0.013396778726970643,0.8450343012809753,1.4225170612335205,0.038081019723529716,8.940696716308594e-08,0.0,False,0.8026747107505798,0.6971943952845312,2.952558755874634,0.45192545652389526,0.5000000596046448,5
80,11,0.06383606351251665,0.8177009224891663,1.4088504314422607,2.1498117151057063,2.9802322387695312e-08,0.0,False,0.9078380465507507,0.7885381081576371,3.628325939178467,0.36269915103912354,0.500115156173706,2
80,12,0.06115341265858749,0.8252383470535278,1.4126191139221191,2.4627943356329705,5.960464477539063e-08,0.0,False,0.8608341813087463,0.7477110695521839,3.334707260131836,0.3965957462787628,0.5000003576278687,5
80,13,-0.01141322214009241,0.8038352727890015,1.401917576789856,1.2171175557971654,5.960464477539063e-08,0.0,False,0.8068584203720093,0.700828319289476,2.940469980239868,0.4494158625602722,0.5000418424606323,5
80,14,0.0018107533032583186,0.8054319024085999,1.402716040611267,1.2574482731008836,8.940696716308594e-08,0.0,False,0.8911235332489014,0.7740200663682537,3.6768741607666016,0.35673317313194275,0.5000072717666626,5
80,15,0.0018917664278045206,0.8041733503341675,1.402086853981018,0.4200008752270446,1.7881393432617188e-07,0.0,False,0.8414079546928406,0.7308376635052041,3.078730344772339,0.4286399781703949,0.5000228881835938,5
80,16,0.024294240574958537,0.8347018957138062,1.4173510074615479,2.4398826356025656,5.960464477539063e-08,0.0,False,0.9148392677307129,0.7946192916077206,3.7672016620635986,0.35011565685272217,0.5000182390213013,2
80,17,0.017225536993683857,0.8170456290245056,1.4085228443145752,2.4845336526193025,2.9802322387695312e-08,0.0,False,0.8098920583724976,0.7034633037768842,2.960202932357788,0.44774508476257324,0.500029981136322,5
80,18,-0.0012830133626749018,0.8290858864784241,1.4145429134368896,1.092030642265212,2.9802322387695312e-08,0.0,False,0.910567581653595,0.79090895222429,3.587073564529419,0.3679826855659485,0.5000028014183044,7
80,19,-0.009843207536857357,0.8108775615692139,1.4054388999938965,2.0777547661986446,1.1920928955078125e-07,0.0,False,0.8493967652320862,0.7377766561735338,3.110398054122925,0.4248085916042328,0.5000585317611694,5
80,20,0.025553242173163668,0.8003713488578796,1.4001857042312622,0.543173354177212,2.9802322387695312e-08,0.0,False,0.9032146334648132,0.7845222625760732,3.562734842300415,0.36818361282348633,0.5000032186508179,5
80,21,-0.0014899890069272042,0.7951990365982056,1.397599458694458,2.190815256039749,5.960464477539063e-08,0.0,False,0.8879436254501343,0.7712580335483223,3.3272697925567627,0.3947422504425049,0.5000057220458984,7
80,22,0.0051319607674450065,0.8421651124954224,1.4210824966430664,1.2807807481899363,5.960464477539063e-08,0.0,False,0.8500381112098694,0.738333722211818,3.1805317401885986,0.41816622018814087,0.5000025629997253,5
80,23,-0.017744495954531925,0.8350627422332764,1.4175314903259277,2.514779157683929,1.1920928955078125e-07,0.0,False,0.8511430025100708,0.7392934186013788,3.2325217723846436,0.41052699089050293,0.5,2
80,24,0.0503100384877427,0.8303024768829346,1.4151511192321777,0.023764624791119626,1.1920928955078125e-07,0.0,False,0.8480834364891052,0.7366359133215308,3.2050037384033203,0.4137236475944519,0.5000036358833313,2
81,1,0.017054419238220268,0.8110613226890564,1.4055306911468506,1.7125638499855995,2.9802322387695312e-08,0.0,False,0.8028266429901123,0.6973263619510356,2.931339740753174,0.4516470432281494,0.5000002384185791,7
81,2,-0.0011516494558546583,0.7941706776618958,1.397085428237915,1.2817367075476327,8.940696716308594e-08,0.0,False,0.9072067141532898,0.787989739804709,3.361084461212158,0.39053821563720703,0.5000022053718567,7
81,3,-0.011436238839202369,0.6779363751411438,1.3389681577682495,1.256882454046725,2.9802322387695312e-08,0.0,False,0.8242887854576111,0.7159681420379479,2.9263839721679688,0.43743896484375,0.5000223517417908,7
81,4,0.029247905943542218,0.8105591535568237,1.4052796363830566,0.09875635084484621,5.960464477539063e-08,0.0,False,0.8130946159362793,0.70624500993274,2.9670186042785645,0.44599130749702454,0.5000001192092896,7
81,5,0.07856349358784895,0.7929920554161072,1.3964959383010864,2.393709018965591,8.940696716308594e-08,0.0,False,0.8982946276664734,0.7802487998377712,3.4856061935424805,0.37599101662635803,0.5000680685043335,2
81,6,0.10121403441847518,0.7998484969139099,1.3999242782592773,2.227366266185645,2.9802322387695312e-08,0.0,False,0.8844749927520752,0.7682452174672899,3.341386556625366,0.39344626665115356,0.5000007748603821,6
81,7,-0.0002845856370499618,0.8032495975494385,1.4016247987747192,2.279091778590472,0.0,0.0,False,0.9996495842933655,0.8682845965909766,4.301670074462891,0.3027375042438507,0.5,2
81,8,0.020768329337088463,0.8261546492576599,1.4130773544311523,0.6116094331720022,2.9802322387695312e-08,0.0,False,1.0227478742599487,0.8883475163387532,4.803831100463867,0.27088475227355957,0.5,2
81,9,-0.00744921889793586,0.8127070665359497,1.40635347366333,1.4995203424318857,5.960464477539063e-08,0.0,False,0.9379170536994934,0.8146644018092919,3.583004951477051,0.367054283618927,0.5000584125518799,7
81,10,0.05083511616333841,0.8215736746788025,1.4107868671417236,1.0873589775090489,2.9802322387695312e-08,0.0,False,0.9584562182426453,0.8325044934572795,3.865278482437134,0.33987224102020264,0.5000983476638794,7
81,11,0.00604285001229184,0.806678831577301,1.4033393859863281,1.2669112003735878,2.9802322387695312e-08,0.0,False,0.8831787705421448,0.7671193331611035,3.2740681171417236,0.40246760845184326,0.500006914138794,7
81,12,0.040383567940783315,0.7873302698135376,1.393665075302124,0.5147666906345163,5.960464477539063e-08,0.0,False,0.9438671469688416,0.8198325871566671,3.741821050643921,0.3488572835922241,0.5000491142272949,7
81,13,-0.006100660175415907,0.8242548108100891,1.4121274948120117,1.6785416342358446,8.940696716308594e-08,0.0,False,1.0143624544143677,0.8810640332039975,4.352287769317627,0.3003889322280884,0.4999999701976776,5
81,14,0.010887838679580911,0.8178676962852478,1.4089339971542358,2.6028184890003017,1.4901161193847656e-07,0.0,False,0.9800971746444702,0.8513015893541224,3.9422168731689453,0.33268219232559204,0.5002131462097168,2
81,15,0.023734749848538815,0.8165551424026489,1.4082777500152588,0.28895949921078323,1.7881393432617188e-07,0.0,False,0.9198954105377197,0.7990110014493164,3.8757588863372803,0.3385419249534607,0.5000011920928955,2
81,16,0.02644108077795708,0.7781188488006592,1.3890595436096191,1.7983836689524557,1.1920928955078125e-07,0.0,False,0.9938896298408508,0.8632815637214942,3.8500826358795166,0.3379575312137604,0.5000414848327637,6
81,17,0.02431220226213673,0.8021155595779419,1.4010578393936157,0.7609386505387157,5.960464477539063e-08,0.0,False,1.0596164464950562,0.9203711512934705,4.769655704498291,0.27159833908081055,0.5000000596046448,3
81,18,0.014756511447610362,0.82480788230896,1.4124040603637695,2.1338320591869255,1.1920928955078125e-07,0.0,False,0.8914890289306641,0.7743375318837518,3.448302984237671,0.3830101788043976,0.5000486969947815,6
81,19,-0.018821215707896865,0.8384543061256409,1.4192272424697876,1.5310549012326469,8.940696716308594e-08,0.0,False,0.908767580986023,0.7893454915095927,3.9555060863494873,0.3330088257789612,0.5000000596046448,5
81,20,0.056025180525213714,0.8336747884750366,1.4168375730514526,2.136290867246866,1.7881393432617188e-07,0.0,False,0.9822601675987244,0.8531803411629787,3.9856648445129395,0.3300338685512543,0.5000582337379456,2
81,21,0.016131063892496852,0.7874190211296082,1.393709421157837,1.5276554743260338,8.940696716308594e-08,0.0,False,1.0490362644195557,0.9111813219076274,4.628041744232178,0.2794710695743561,0.5000136494636536,3
81,22,0.04033787361797833,0.7719746232032776,1.385987401008606,2.2245077079243782,8.940696716308594e-08,0.0,False,0.914360523223877,0.7942034594125998,3.554201126098633,0.3666669726371765,0.5000007748603821,6
81,23,0.03923909780856684,0.78597491979599,1.3929874897003174,0.9218029713428013,2.9802322387695312e-08,0.0,False,0.9384668469429016,0.8151419461528917,3.6471478939056396,0.35815101861953735,0.5000820755958557,6
81,24,0.022024776465204083,0.7999626994132996,1.3999814987182617,2.4238158180374,1.4901161193847656e-07,0.0,False,0.922683835029602,0.8014329961893731,3.87442684173584,0.3374146521091461,0.5000054240226746,2
82,1,0.10055272792137895,0.7828867435455322,1.3914433717727661,1.4369087416146482,0.0,0.0,False,0.9424926042556763,0.818638674525731,3.759902238845825,0.34676265716552734,0.5000016093254089,6
82,2,0.0992451685763617,0.802949845790863,1.401474952697754,0.8007811521661267,2.9802322387695312e-08,0.0,False,0.9324545860290527,0.8099197626755973,3.5993216037750244,0.36449486017227173,0.5007283687591553,6
82,3,0.05663300976619173,0.8179239630699158,1.4089620113372803,2.469971800536139,2.9802322387695312e-08,0.0,False,0.9392565488815308,0.8158278725414815,3.944117307662964,0.3325251042842865,0.5000007748603821,2
82,4,-0.040650114854971886,0.7930554747581482,1.3965277671813965,1.9397405470830438,2.9802322387695312e-08,0.0,False,0.8991628289222717,0.7810029098669206,3.5203826427459717,0.37214887142181396,0.5000073909759521,6
82,5,0.013248058741693906,0.8044289946556091,1.402214527130127,1.6608001950481353,2.9802322387695312e-08,0.0,False,0.8286617994308472,0.7197664937136724,3.0221052169799805,0.43695998191833496,0.5000433325767517,6
82,6,0.0778072497715514,0.8266786932945251,1.413339376449585,2.4417631458182925,2.9802322387695312e-08,0.0,False,0.8552258014678955,0.7428396927175861,3.1826884746551514,0.41637077927589417,0.5002202391624451,2
82,7,0.05307569200941972,0.8059911131858826,1.4029955863952637,2.207723169894158,2.9802322387695312e-08,0.0,False,0.971331775188446,0.8436880601232641,3.8305885791778564,0.3418973684310913,0.5000003576278687,6
82,8,0.01394610078521228,0.8018556237220764,1.4009279012680054,1.3994237914291976,8.940696716308594e-08,0.0,False,0.9336157441139221,0.8109283317733496,3.5019171237945557,0.3749374449253082,0.5003774166107178,6
82,9,0.009207518723546238,0.8231062889099121,1.411553144454956,1.5521354857221956,0.0,0.0,False,0.8093138337135315,0.7029610642195054,2.961134433746338,0.44823741912841797,0.5003520250320435,4
82,10,0.014365005814767066,0.8132261037826538,1.4066131114959717,2.744851454789441,5.960464477539063e-08,0.0,False,0.9054983854293823,0.7865059043285694,3.7726516723632812,0.34792810678482056,0.5000030994415283,2
82,11,0.04037509574839319,0.801125168800354,1.4005625247955322,1.811336117611554,5.960464477539063e-08,0.0,False,0.9891742467880249,0.8591858340416894,3.9607458114624023,0.32984232902526855,0.5000524520874023,6
82,12,0.014029290299309547,0.8072415590286255,1.4036208391189575,1.0097862531945556,5.960464477539063e-08,0.0,False,1.0391364097595215,0.9025824174066333,4.195491790771484,0.31101536750793457,0.5002354383468628,6
82,13,0.017286861856463675,0.8062955141067505,1.4031476974487305,2.0302809209572397,5.960464477539063e-08,0.0,False,0.9373551607131958,0.8141763477625535,3.716891050338745,0.3528037369251251,0.5002303123474121,1
82,14,0.0089920644673873,0.8164657950401306,1.4082330465316772,0.3561193321072339,1.4901161193847656e-07,0.0,False,0.8086768388748169,0.7024077775325962,2.9542839527130127,0.44860216975212097,0.5002615451812744,1
82,15,0.01519015165077212,0.8063980937004089,1.4031989574432373,2.6121773826028747,8.940696716308594e-08,0.0,False,0.8303410410881042,0.72122506448473,3.0345003604888916,0.435314804315567,0.500338077545166,5
82,16,-0.029161500581734688,0.7842726707458496,1.3921363353729248,2.631635763857275,0.0,0.0,False,0.932928204536438,0.8103311424841666,3.620203971862793,0.36077603697776794,0.5000247359275818,7
82,17,0.029530070864801614,0.8265938758850098,1.4132970571517944,1.3102214270564168,1.1920928955078125e-07,0.0,False,0.8523463606834412,0.7403386422302747,3.2528765201568604,0.4070684313774109,0.5000016689300537,2
82,18,-0.011013310925209404,0.8000022768974304,1.4000011682510376,1.5827904183707422,2.9802322387695312e-08,0.0,False,0.9845954775810242,0.8552087656406715,4.037775039672852,0.3229731321334839,0.5083715915679932,1
82,19,0.009302632220793909,0.8160959482192993,1.4080480337142944,1.0791876512691099,5.960464477539063e-08,0.0,False,0.9418679475784302,0.818096104629707,3.735154151916504,0.35179057717323303,0.5000004172325134,5
82,20,-0.009506321771493936,0.8071237206459045,1.4035618305206299,1.3205645431555475,2.9802322387695312e-08,0.0,False,0.8186624050140381,0.7110811300784836,3.006713628768921,0.4395538866519928,0.5000026822090149,7
82,21,0.017749039841115387,0.8003109693527222,1.4001555442810059,0.48776765522635207,5.960464477539063e-08,0.0,False,0.8805525898933411,0.7648382616325904,3.412715435028076,0.38497424125671387,0.5000008344650269,5
82,22,0.010489006094244739,0.8034304976463318,1.4017152786254883,0.47922170361826416,2.9802322387695312e-08,0.0,False,0.8197277188301086,0.7120064499021131,2.988821506500244,0.4418719410896301,0.5001870393753052,5
82,23,0.0014224527788451033,0.8246686458587646,1.4123344421386719,0.07137972520191059,1.1920928955078125e-07,0.0,False,0.8009802103042603,0.6957225708976928,2.9332149028778076,0.4528213143348694,0.5000051259994507,5
82,24,-0.0051692190176576445,0.7930917739868164,1.3965457677841187,1.1420105134615186,1.1920928955078125e-07,0.0,False,0.8670362234115601,0.7530980948757512,3.35542368888855,0.3911207616329193,0.5000000596046448,5
83,1,0.01300255344754029,0.8302515149116516,1.4151259660720825,1.507225708237716,2.086162567138672e-07,0.0,False,0.8968162536621094,0.7789647004932022,3.4281299114227295,0.3858284652233124,0.5000491738319397,7
83,2,0.05792732521255327,0.8283401131629944,1.4141700267791748,0.4238396795637725,2.9802322387695312e-08,0.0,False,0.9508422613143921,0.8258910944985007,3.879307985305786,0.3390962779521942,0.5000073909759521,7
83,3,-0.010514800507783974,0.8023184537887573,1.4011592864990234,1.3248179373970397,5.960464477539063e-08,0.0,False,0.9903600811958313,0.860215836721212,4.24290132522583,0.3070606589317322,0.5000683069229126,6
83,4,0.01796111598813733,0.8308716416358948,1.4154359102249146,2.6567564293980603,8.940696716308594e-08,0.0,False,0.917789876461029,0.7971821577873843,3.545166015625,0.3726566433906555,0.5000070333480835,2
83,5,0.036283608682094584,0.8420904874801636,1.4210453033447266,0.14905919347966923,5.960464477539063e-08,0.0,False,0.9306691288948059,0.8083689343134409,3.7620813846588135,0.35118168592453003,0.5000001192092896,2
83,6,0.04281552728148817,0.8069615960121155,1.4034807682037354,2.3439076941766386,2.9802322387695312e-08,0.0,False,0.8686152696609497,0.7544696370213111,3.1879489421844482,0.41374635696411133,0.5000602006912231,6
83,7,0.034163532270207166,0.8143653273582458,1.4071826934814453,0.9640487373973836,2.9802322387695312e-08,0.0,False,1.0241036415100098,0.8895251208096465,4.461527347564697,0.2920728027820587,0.5000002980232239,7
83,8,0.025119114407514957,0.8152191042900085,1.4076093435287476,2.0978666208745005,2.086162567138672e-07,0.0,False,0.9587597846984863,0.8327681679306048,3.735121250152588,0.35172098875045776,0.5001273155212402,6
83,9,-0.02345219140259519,0.8186134099960327,1.4093067646026611,1.6957958759160079,5.960464477539063e-08,0.0,False,0.8970609903335571,0.7791772760650605,3.7239913940429688,0.35308706760406494,0.5000000596046448,5
83,10,0.07912183385408325,0.8226400017738342,1.4113199710845947,1.8662735474589283,2.9802322387695312e-08,0.0,False,0.9422184824943542,0.8184005753891075,3.888232946395874,0.33785656094551086,0.500188410282135,2
83,11,0.024499040325323056,0.7906430959701538,1.3953214883804321,1.6390654253739487,5.960464477539063e-08,0.0,False,1.0160256624221802,0.882508677324098,4.319051742553711,0.3006435036659241,0.5,3
83,12,0.060671285844717766,0.800663948059082,1.4003320932388306,2.2657716592518304,1.1920928955078125e-07,0.0,False,0.9725982546806335,0.8447881102330655,3.888331651687622,0.33621132373809814,0.5000001192092896,6
83,13,0.0633989952131524,0.798979640007019,1.3994897603988647,1.0449398738383078,5.960464477539063e-08,0.0,False,0.9073649048805237,0.7881271425245608,3.393242597579956,0.38712096214294434,0.5007885694503784,6
83,14,0.03480691482537249,0.8043025732040405,1.402151346206665,2.532566731617214,5.960464477539063e-08,0.0,False,0.9480776786804199,0.8234898085331014,4.000875949859619,0.3266250789165497,0.5000011920928955,2
83,15,-0.028408263991635603,0.7956689596176147,1.3978345394134521,1.828726061051361,5.960464477539063e-08,0.0,False,0.9269711375236511,0.8051568998202042,3.683708906173706,0.3552544116973877,0.5000019073486328,6
83,16,0.0060000582335360455,0.8126363754272461,1.406318187713623,1.6165806020424043,0.0,0.0,False,0.8327620029449463,0.7233278852353795,3.040630340576172,0.4350656270980835,0.5000085830688477,6
83,17,0.04985989635373758,0.8380278944969177,1.4190140962600708,2.43750175410977,1.4901161193847656e-07,0.0,False,0.8550270199775696,0.74266703330888,3.197303533554077,0.4154943823814392,0.5001055002212524,2
83,18,0.032741260143768124,0.8120625615119934,1.4060312509536743,2.061078133852685,2.9802322387695312e-08,0.0,False,0.9809093475341797,0.8520070337628268,3.815490961074829,0.34377217292785645,0.500002384185791,6
83,19,0.0078103371442415775,0.7969205975532532,1.3984602689743042,1.4089847631008368,2.9802322387695312e-08,0.0,False,0.8965503573417664,0.7787337458838355,3.3033435344696045,0.39786046743392944,0.500080943107605,6
83,20,0.004452799534418672,0.8266156315803528,1.4133079051971436,1.4984431747489415,8.940696716308594e-08,0.0,False,0.8100551962852478,0.7036050035674773,2.96720814704895,0.44764548540115356,0.5009462833404541,4
83,21,0.007443011088438051,0.7971091270446777,1.3985545635223389,2.742338646560343,0.0,0.0,False,0.8965555429458618,0.7787382500423234,3.7166965007781982,0.35209450125694275,0.5000083446502686,2
83,22,0.02523014715635226,0.7947391271591187,1.3973695039749146,1.5134604295859446,5.960464477539063e-08,0.0,False,1.0212090015411377,0.8870108684784911,4.176741600036621,0.3116311728954315,0.5000000596046448,6
83,23,0.0063603738607090204,0.7846609950065613,1.3923304080963135,0.9674740516061258,8.940696716308594e-08,0.0,False,1.0299726724624634,0.8946228963231866,4.111715793609619,0.31602928042411804,0.5015460252761841,6
83,24,0.008712244030971587,0.7870308756828308,1.3935154676437378,2.0900967012696126,2.9802322387695312e-08,0.0,False,0.8977935910224915,0.7798136049383458,3.3965823650360107,0.3856353461742401,0.5011007785797119,1
84,1,0.11552398730531353,0.8180301785469055,1.4090149402618408,1.3825145228100673,1.4901161193847656e-07,0.0,False,0.9494938850402832,0.8247199097477512,3.7688865661621094,0.34866341948509216,0.5000107288360596,2
84,2,0.03932372531227586,0.8151426911354065,1.4075713157653809,1.6321447163501084,2.9802322387695312e-08,0.0,False,0.9826681017875671,0.8535346682973669,4.166493892669678,0.31382039189338684,0.5000000596046448,3
84,3,0.07775950856899133,0.8114607930183411,1.4057306051254272,2.4925305929166948,2.086162567138672e-07,0.0,False,0.9782402515411377,0.8496886864399303,3.9395394325256348,0.3324551284313202,0.5000001192092896,6
84,4,0.08337438492430471,0.8075124621391296,1.4037563800811768,1.182295401174698,1.4901161193847656e-07,0.0,False,0.9171852469444275,0.7966569832620726,3.458613395690918,0.3802788257598877,0.5012754797935486,6
84,5,0.046185316321566916,0.8106679320335388,1.4053338766098022,2.5355426614103713,8.940696716308594e-08,0.0,False,0.953904390335083,0.8285508259716244,4.0395073890686035,0.32381945848464966,0.5000005960464478,2
84,6,-0.035226788917827954,0.7903394103050232,1.395169734954834,1.9199046274819642,2.9802322387695312e-08,0.0,False,0.8982040286064148,0.780170106494073,3.51539945602417,0.372460275888443,0.5000084042549133,6
84,7,0.009358361438110765,0.7999368906021118,1.3999683856964111,1.6636861618598926,5.960464477539063e-08,0.0,False,0.8272106647491455,0.7185060541441495,3.014371633529663,0.4376438856124878,0.500042200088501,6
84,8,0.06482928005429209,0.8217239379882812,1.4108619689941406,2.4255273764866394,0.0,0.0,False,0.8557815551757812,0.7433224142548501,3.1650328636169434,0.41829127073287964,0.5001996755599976,2
84,9,0.04437160809855813,0.8067169785499573,1.4033585786819458,2.2071131203428584,8.940696716308594e-08,0.0,False,0.9729461669921875,0.8450903030272537,3.817706346511841,0.34315431118011475,0.500000536441803,6
84,10,0.010785381928847086,0.8030626773834229,1.4015312194824219,1.3972819371354432,1.1920928955078125e-07,0.0,False,0.9145776033401489,0.7943920128058556,3.4004032611846924,0.38666102290153503,0.5001907348632812,6
84,11,0.007170064732982861,0.8221640586853027,1.411082148551941,1.5207925506958087,1.1920928955078125e-07,0.0,False,0.8085908889770508,0.7023331223999563,2.9579784870147705,0.44862890243530273,0.5004137754440308,4
84,12,0.011233613371962166,0.8099799752235413,1.4049899578094482,2.748633047998888,2.9802322387695312e-08,0.0,False,0.9024407267570496,0.7838500557506939,3.7761340141296387,0.3473414480686188,0.5000056028366089,2
84,13,0.0336626164330195,0.8025919795036316,1.4012959003448486,1.6579552538651392,8.940696716308594e-08,0.0,False,1.0171058177947998,0.8834468883599518,4.155574798583984,0.3138265311717987,0.500022828578949,6
84,14,0.011433151231187648,0.8051637411117554,1.4025819301605225,0.9574441091035761,5.960464477539063e-08,0.0,False,1.0395727157592773,0.9029613879828637,4.195164203643799,0.31089743971824646,0.5003529787063599,6
84,15,0.014408221523747489,0.8048555850982666,1.4024277925491333,2.0288293981797407,0.0,0.0,False,0.9257856607437134,0.8041272077723014,3.6837997436523438,0.355975478887558,0.5005069971084595,1
84,16,0.006418169364219611,0.8162160515785217,1.408108115196228,0.3559908967160566,8.940696716308594e-08,0.0,False,0.8083069324493408,0.7020864808937866,2.9529309272766113,0.44878336787223816,0.5004041790962219,2
84,17,0.011692241787140272,0.805051863193512,1.4025260210037231,2.6185035765099753,8.940696716308594e-08,0.0,False,0.8261581659317017,0.7175918652868983,3.015981674194336,0.437933087348938,0.5003303289413452,5
84,18,-0.0249247091300853,0.7811470031738281,1.390573501586914,2.637723522728032,0.0,0.0,False,0.9467719793319702,0.8223556924889885,3.735426425933838,0.3489818572998047,0.5000317692756653,7
84,19,0.023855254177477213,0.8244562149047852,1.4122281074523926,1.286979531315159,0.0,0.0,False,0.8547298312187195,0.7424088984327754,3.276268243789673,0.40385767817497253,0.5000021457672119,2
84,20,-0.010795485682703939,0.797555685043335,1.398777961730957,1.6705807681587848,1.1920928955078125e-07,0.0,False,0.9851235151290894,0.8556674132273964,4.112220764160156,0.31677931547164917,0.5055498480796814,1
84,21,0.0068731016952750254,0.8135573863983154,1.4067786931991577,1.0517630413229138,0.0,0.0,False,0.9210829734802246,0.8000425055150017,3.570568084716797,0.3684554100036621,0.5000006556510925,5
84,22,-0.007651159490967926,0.80234694480896,1.40117347240448,1.3308265672020287,0.0,0.0,False,0.8152686357498169,0.7081333395498753,2.984987258911133,0.44234699010849,0.5000024437904358,7
84,23,0.013439172888033434,0.7958288192749023,1.3979144096374512,0.5946101541139179,0.0,0.0,False,0.9018980860710144,0.7833787240394914,3.603703498840332,0.36346036195755005,0.5000006556510925,5
84,24,0.008407680915613756,0.8013790845870972,1.4006896018981934,0.5858196404408207,5.960464477539063e-08,0.0,False,0.8259942531585693,0.7174494924611287,3.0106914043426514,0.43834030628204346,0.5003215074539185,5
85,1,0.10460401786419422,0.7897852659225464,1.3948925733566284,1.5339755767158099,5.960464477539063e-08,0.0,False,0.8813114762306213,0.7654974219299355,3.3086392879486084,0.39653292298316956,0.5000511407852173,2
85,2,0.012214994690417032,0.8174313306808472,1.4087157249450684,2.4519621979031476,5.960464477539063e-08,0.0,False,0.8105405569076538,0.7040265824475656,2.9723148345947266,0.4459037780761719,0.5000001192092896,5
85,3,0.014880459148267383,0.8139517307281494,1.4069757461547852,0.04189760931470527,1.1920928955078125e-07,0.0,False,0.8044174909591675,0.6987081549400509,2.940443277359009,0.4505172669887543,0.500001072883606,5
85,4,0.07087427485819196,0.7702497243881226,1.3851250410079956,2.1074431080825686,1.7881393432617188e-07,0.0,False,0.9364936351776123,0.8134280361903082,3.7315423488616943,0.34845778346061707,0.5008351802825928,3
85,5,0.06953403585014314,0.83708256483078,1.4185413122177124,2.376454920737484,2.9802322387695312e-08,0.0,False,0.8856825232505798,0.7692940651317508,3.616659641265869,0.3655036985874176,0.5000001192092896,5
85,6,-0.012489493996272484,0.8167271614074707,1.4083635807037354,1.1408893816581338,0.0,0.0,False,0.8047561049461365,0.6990022713121227,2.9406909942626953,0.450777530670166,0.5000104904174805,5
85,7,0.0023533781216479527,0.7835973501205444,1.391798734664917,1.3093745636999852,5.960464477539063e-08,0.0,False,0.8816354870796204,0.7657788541775297,3.541243076324463,0.36906227469444275,0.5000096559524536,5
85,8,0.001858263524514017,0.7799983024597168,1.389999270439148,0.26032304331487066,1.1920928955078125e-07,0.0,False,0.8478538990020752,0.7364365395935165,3.11649751663208,0.4208231270313263,0.5000042915344238,5
85,9,0.03281836304202267,0.8130096793174744,1.4065048694610596,2.3693088879584034,2.9802322387695312e-08,0.0,False,0.9644656181335449,0.837724191881615,3.934490442276001,0.3330119550228119,0.5000613927841187,2
85,10,0.019750193315634112,0.823107123374939,1.4115536212921143,2.3255055949781176,5.960464477539063e-08,0.0,False,0.8008989095687866,0.6956519539761111,2.931544303894043,0.4529191851615906,0.5000007152557373,5
85,11,-0.0016703489076564902,0.8275313973426819,1.4137656688690186,1.0197183095651683,2.9802322387695312e-08,0.0,False,0.9087417721748352,0.789323074261026,3.646050214767456,0.36166638135910034,0.5000008344650269,7
85,12,-0.013291140747813603,0.8197203874588013,1.4098601341247559,1.5090320570866935,5.960464477539063e-08,0.0,False,0.9375646114349365,0.8143582743479189,3.7844161987304688,0.34730425477027893,0.5000069737434387,5
85,13,0.021472071910446953,0.8215571045875549,1.4107786417007446,0.6298053692002406,8.940696716308594e-08,0.0,False,0.8693729043006897,0.7551277101079868,3.310579776763916,0.3992532193660736,0.5000001192092896,5
85,14,-0.0009142620982580027,0.7963031530380249,1.3981516361236572,1.540971549631665,5.960464477539063e-08,0.0,False,0.8994007110595703,0.7812095316660649,3.429591655731201,0.3826533257961273,0.5000150203704834,7
85,15,0.00609317838083593,0.8270443081855774,1.4135222434997559,1.182129392985746,8.940696716308594e-08,0.0,False,0.835230827331543,0.7254722788511537,3.0843021869659424,0.4301638603210449,0.5000054836273193,5
85,16,-0.019893281314708758,0.836304783821106,1.4181523323059082,2.4979045650319276,5.960464477539063e-08,0.0,False,0.8459327220916748,0.7347678265316229,3.178088665008545,0.4179338216781616,0.5000000596046448,2
85,17,0.058818368590840546,0.8406884670257568,1.4203442335128784,0.020675506645981123,0.0,0.0,False,0.843664824962616,0.732797956114274,3.17484974861145,0.4187992215156555,0.5000019073486328,2
85,18,-0.0030803996443703957,0.8084378838539124,1.4042190313339233,2.2153672140424154,8.940696716308594e-08,0.0,False,0.9143391847610474,0.7941849250592815,3.5505449771881104,0.3701767921447754,0.5001381039619446,7
85,19,-0.007129531952988535,0.8171943426132202,1.4085972309112549,0.5222781524548727,5.960464477539063e-08,0.0,False,0.8336336016654968,0.7240849462649176,3.0673608779907227,0.4316166639328003,0.5000007152557373,5
85,20,0.011604378672641162,0.8239234685897827,1.4119617938995361,0.05018948014742565,5.960464477539063e-08,0.0,False,0.8096042275428772,0.7032132970948326,2.964684247970581,0.4477804899215698,0.5000002384185791,5
85,21,0.026479645455536986,0.7800893187522888,1.3900446891784668,1.548415568385696,2.9802322387695312e-08,0.0,False,0.9141906499862671,0.7940559093931658,3.383127212524414,0.3866159915924072,0.5000181198120117,7
85,22,0.02234774613880836,0.8282510638237,1.4141255617141724,1.4777036333848481,2.9802322387695312e-08,0.0,False,0.8005973100662231,0.6953899879766949,2.933652639389038,0.45313751697540283,0.5000043511390686,5
85,23,0.019598464689961254,0.780122697353363,1.390061378479004,2.5408902285452877,2.9802322387695312e-08,0.0,False,0.938248336315155,0.8149521502331566,3.7010600566864014,0.3522636592388153,0.5000035762786865,2
85,24,0.004156475160197237,0.8130421042442322,1.4065210819244385,1.1040049470010331,2.9802322387695312e-08,0.0,False,0.8648617267608643,0.7512093510831227,3.233192205429077,0.40834394097328186,0.5000014305114746,7
86,1,0.05540233651798478,0.7848139405250549,1.392406940460205,1.6564666650124957,2.9802322387695312e-08,0.0,False,0.8291348218917847,0.7201773558028752,3.0158445835113525,0.435824453830719,0.5000001788139343,7
86,2,-0.058907139989982614,0.8272238373756409,1.413611888885498,1.326137493410608,2.9802322387695312e-08,0.0,False,0.9768317937850952,0.8484653155770442,3.910428762435913,0.3361988067626953,0.5000004768371582,7
86,3,0.060002097598049725,0.8521439433097839,1.4260718822479248,1.302274065291137,8.940696716308594e-08,0.0,False,0.9566394090652466,0.8309264330564486,3.9567108154296875,0.3338804841041565,0.5,2
86,4,-0.012012423915294366,0.793656051158905,1.396828055381775,1.1037059513430485,2.9802322387695312e-08,0.0,False,0.854556679725647,0.742258500956826,3.1162688732147217,0.4222428798675537,0.50007164478302,7
86,5,0.028321814227589132,0.8292043209075928,1.414602279663086,0.13180586543571185,1.1920928955078125e-07,0.0,False,0.8829832077026367,0.7669494694369761,3.353376626968384,0.3946648836135864,0.5000160336494446,7
86,6,-0.021992512634345297,0.8339983224868774,1.416999101638794,0.8272974338137086,5.960464477539063e-08,0.0,False,0.8903224468231201,0.7733242515397649,3.3675403594970703,0.3933738172054291,0.5,7
86,7,0.04324235030077817,0.8281164765357971,1.4140583276748657,0.11654551534509172,8.940696716308594e-08,0.0,False,0.8530713319778442,0.7409683442956697,3.1924335956573486,0.4151996970176697,0.5000172853469849,7
86,8,0.03422260292370674,0.8478628396987915,1.423931360244751,0.7827734680685026,5.960464477539063e-08,0.0,False,1.0035885572433472,0.871705945024063,4.043612480163574,0.32607802748680115,0.5,7
86,9,-0.00173433482376478,0.8313223123550415,1.415661334991455,1.0865576217506008,1.7881393432617188e-07,0.0,False,0.8034055233001709,0.6978291709997173,2.945634126663208,0.45156317949295044,0.5000006556510925,7
86,10,-0.0073275884359525565,0.826291561126709,1.4131457805633545,0.3916824219111957,0.0,0.0,False,0.8358696699142456,0.726027170468099,3.124662399291992,0.4243432283401489,0.5000052452087402,5
86,11,0.05692783665634403,0.8345409035682678,1.4172704219818115,0.8792297431933414,2.9802322387695312e-08,0.0,False,0.8579076528549194,0.7451691192349242,3.2810511589050293,0.40418556332588196,0.5000104308128357,5
86,12,0.07842123498138386,0.8508392572402954,1.4254194498062134,2.5604929739759346,1.7881393432617188e-07,0.0,False,0.8961828947067261,0.7784145718944282,3.4352710247039795,0.3867880403995514,0.5000079870223999,2
86,13,0.008968162969598363,0.8258180618286133,1.4129090309143066,2.348548967691004,0.0,0.0,False,0.7984614372253418,0.6935347923990114,2.925082206726074,0.45424535870552063,0.5000001192092896,5
86,14,0.012216997154451306,0.8502964973449707,1.4251482486724854,0.03787306735422254,0.0,0.0,False,0.8025040626525879,0.6970461722299208,2.955033779144287,0.4520898461341858,0.5000002384185791,7
86,15,0.05102566377084228,0.8288646936416626,1.4144322872161865,1.7453953626289411,5.960464477539063e-08,0.0,False,0.9537942409515381,0.8284551514327072,4.143496513366699,0.3165697753429413,0.5001070499420166,3
86,16,0.054532863741025686,0.8432949185371399,1.421647548675537,2.325844269721047,8.940696716308594e-08,0.0,False,0.8865272998809814,0.7700278287897993,3.6232457160949707,0.3653150796890259,0.5000001192092896,5
86,17,-0.011009221766283994,0.8232520222663879,1.4116261005401611,1.1415665260785097,8.940696716308594e-08,0.0,False,0.8049159646034241,0.6991411236462005,2.945423126220703,0.4507313072681427,0.5000230073928833,7
86,18,0.0021255401468128297,0.8231850266456604,1.4115924835205078,1.325179232423655,2.9802322387695312e-08,0.0,False,0.8828002214431763,0.7667905295914805,3.5863399505615234,0.36757251620292664,0.5000051259994507,5
86,19,2.890202736043415e-05,0.8309633135795593,1.415481686592102,0.3853164353707594,2.9802322387695312e-08,0.0,False,0.892128050327301,0.7748925788165069,3.4706335067749023,0.3809847831726074,0.5000161528587341,4
86,20,0.022453907071124594,0.8343785405158997,1.417189359664917,2.279372341756737,8.940696716308594e-08,0.0,False,0.9089493751525879,0.7895033959163553,3.826627731323242,0.3444231152534485,0.5000032186508179,2
86,21,0.015097322046852229,0.8271749019622803,1.4135875701904297,2.501149061774578,1.1920928955078125e-07,0.0,False,0.8189150094985962,0.7113005395459788,3.000195026397705,0.4426465928554535,0.5000609159469604,5
86,22,-0.001720148466613038,0.8322247266769409,1.4161124229431152,1.3318755912420042,5.960464477539063e-08,0.0,False,0.8721790313720703,0.7575650811132266,3.237882137298584,0.40955454111099243,0.5000013113021851,7
86,23,-0.010890594415180895,0.8085475564002991,1.4042736291885376,2.3175111166833537,1.4901161193847656e-07,0.0,False,0.8338299989700317,0.7242555347961579,3.0432722568511963,0.43424466252326965,0.5002593398094177,5
86,24,0.02403310175518699,0.7990323305130005,1.399516224861145,0.5263016183795909,5.960464477539063e-08,0.0,False,0.9038081765174866,0.7850378075211693,3.5158162117004395,0.37316709756851196,0.5000008940696716,5
87,1,0.03829403699863552,0.8439962863922119,1.4219980239868164,1.2463797543730055,1.1920928955078125e-07,0.0,False,1.0007597208023071,0.869248848910962,4.004465579986572,0.32914385199546814,0.5000001192092896,7
87,2,-0.0016277114359630773,0.8373278975486755,1.4186639785766602,1.1073918344738212,2.9802322387695312e-08,0.0,False,0.8012959957122803,0.6959968586180302,2.942275285720825,0.45273733139038086,0.5000011920928955,7
87,3,-0.007956615920012953,0.7981679439544678,1.3990840911865234,0.4414073914100706,1.1920928955078125e-07,0.0,False,0.8553021550178528,0.7429060125684264,3.2559642791748047,0.40397220849990845,0.5000036358833313,5
87,4,0.06721627459191158,0.8181160688400269,1.4090580940246582,0.8855956899013334,5.960464477539063e-08,0.0,False,0.8347011804580688,0.7250122334221395,3.104377269744873,0.4263908267021179,0.5000132918357849,5
87,5,0.08330021481471883,0.8323256969451904,1.4161628484725952,2.592574199191883,0.0,0.0,False,0.8959336876869202,0.7781981134273217,3.54225492477417,0.3730916678905487,0.5001837015151978,2
87,6,0.010463277386918886,0.8347348570823669,1.4173674583435059,2.216941244352061,2.9802322387695312e-08,0.0,False,0.80107182264328,0.695802144364314,2.9405014514923096,0.452742338180542,0.5000001192092896,5
87,7,0.013706174222062297,0.840285062789917,1.420142650604248,0.031011973254658768,1.1920928955078125e-07,0.0,False,0.8011873364448547,0.695902478377529,2.944053888320923,0.452769935131073,0.5000001192092896,5
87,8,0.06427311257258624,0.8131909370422363,1.4065954685211182,2.1084759263551334,0.0,0.0,False,0.9132859110832214,0.793270063166854,3.6945536136627197,0.3555793762207031,0.5000847578048706,3
87,9,0.06425402415461912,0.8278030753135681,1.4139015674591064,2.4762089721708214,2.9802322387695312e-08,0.0,False,0.8585578203201294,0.7457338475198316,3.311821222305298,0.39967355132102966,0.5000002384185791,5
87,10,-0.011164429787353786,0.8094429969787598,1.4047214984893799,1.2355186213982865,0.0,0.0,False,0.8023068904876709,0.6968749106635042,2.92722487449646,0.4521244764328003,0.5000408887863159,5
87,11,0.0011838327430220138,0.8075854182243347,1.4037927389144897,1.1816836762200134,2.9802322387695312e-08,0.0,False,0.9017696380615234,0.7832671555160245,3.8286170959472656,0.34220269322395325,0.5000032782554626,5
87,12,0.0015754273949658542,0.7980976700782776,1.3990488052368164,0.4849915117167853,2.9802322387695312e-08,0.0,False,0.8552230000495911,0.7428372594365638,3.13895845413208,0.41953909397125244,0.5000063180923462,5
87,13,0.025579967819595883,0.8356330990791321,1.4178166389465332,2.4539378122404085,8.940696716308594e-08,0.0,False,0.9204562902450562,0.7994981753731317,3.7823050022125244,0.3487294316291809,0.5000188946723938,2
87,14,0.01721654316766486,0.8279502391815186,1.4139752388000488,2.47323451795935,1.1920928955078125e-07,0.0,False,0.8055416941642761,0.6996846254370841,2.951129674911499,0.450334370136261,0.5000123977661133,5
87,15,-0.001531682133877966,0.8311944603919983,1.4155972003936768,1.0883741210673554,2.9802322387695312e-08,0.0,False,0.9050641059875488,0.7861286939981847,3.561105489730835,0.3709494173526764,0.5000008940696716,7
87,16,-0.011217844047874525,0.8236342072486877,1.4118170738220215,2.0265311141241726,2.9802322387695312e-08,0.0,False,0.879233717918396,0.7636927039904794,3.27152681350708,0.40438589453697205,0.500043511390686,5
87,17,0.0233292878406538,0.8150059580802917,1.4075030088424683,0.7859325700763494,2.9802322387695312e-08,0.0,False,0.9184619188308716,0.7977658863730399,3.7442731857299805,0.35081326961517334,0.5000008940696716,5
87,18,-0.0008037647535561231,0.7999112010002136,1.3999555110931396,1.8316560449540598,8.940696716308594e-08,0.0,False,0.904217004776001,0.7853929112346071,3.463090658187866,0.3791366517543793,0.5000085830688477,7
87,19,0.006018592028964975,0.8361026644706726,1.4180512428283691,1.394636917664167,8.940696716308594e-08,0.0,False,0.8378720879554749,0.7277664486796377,3.1072282791137695,0.42778557538986206,0.500004231929779,5
87,20,-0.017909518318050308,0.8351020812988281,1.4175509214401245,2.7220761412213577,1.1920928955078125e-07,0.0,False,0.8449453711509705,0.7339102244011232,3.173128366470337,0.41849395632743835,0.5000000596046448,2
87,21,0.05218173482185182,0.8410912752151489,1.4205456972122192,0.022652324885819294,5.960464477539063e-08,0.0,False,0.8437709808349609,0.732890161933436,3.177908182144165,0.4184204936027527,0.5000019073486328,2
87,22,-0.004200306744999796,0.8135699033737183,1.406785011291504,2.239735843108952,5.960464477539063e-08,0.0,False,0.9209743142127991,0.7999481252745005,3.5637028217315674,0.36918285489082336,0.5003859996795654,5
87,23,-0.006294664988538966,0.815775990486145,1.4078879356384277,0.5011800246388706,5.960464477539063e-08,0.0,False,0.8418806791305542,0.7312482667347238,3.1079626083374023,0.42564743757247925,0.5000007152557373,5
87,24,0.010163774521216938,0.8304463028907776,1.4152231216430664,0.06687217987936361,2.9802322387695312e-08,0.0,False,0.8104125261306763,0.7039153763276552,2.972039222717285,0.44732701778411865,0.5000002384185791,5
88,1,-0.030649326463727943,0.7209998369216919,1.3604999780654907,1.461913395007806,5.960464477539063e-08,0.0,False,0.9320640563964844,0.809580552946709,3.933286190032959,0.3261643648147583,0.500002920627594,7
88,2,0.008723701469499837,0.7793230414390564,1.3896615505218506,0.4636503298215352,2.9802322387695312e-08,0.0,False,0.9842401742935181,0.8549001531263395,4.196908473968506,0.3090166449546814,0.5000103712081909,2
88,3,0.01930176324319015,0.7810072898864746,1.3905036449432373,0.3839643891710207,0.0,0.0,False,0.929511547088623,0.8073634715318873,3.939964532852173,0.3301621079444885,0.5000126957893372,7
88,4,0.005027285928936865,0.8193495273590088,1.4096746444702148,0.41546195197826064,1.1920928955078125e-07,0.0,False,0.9102778434753418,0.790657288840266,3.8147904872894287,0.3443956673145294,0.5,7
88,5,0.01773785965856291,0.8063247799873352,1.4031624794006348,1.5772119223775218,8.940696716308594e-08,0.0,False,0.8106827139854431,0.7041500585164603,2.955366373062134,0.4473496675491333,0.5000037550926208,7
88,6,0.01230690697256049,0.816131591796875,1.4080657958984375,1.3495817581524339,0.0,0.0,False,0.8205738067626953,0.7127413525427677,2.9961884021759033,0.44209688901901245,0.5000806450843811,7
88,7,0.01644877683617193,0.8418183326721191,1.4209091663360596,1.5787509171035294,0.0,0.0,False,0.8046232461929321,0.6988868716653442,2.9568512439727783,0.4509073495864868,0.5000001192092896,7
88,8,0.00011682011012633959,0.8133424520492554,1.406671166419983,1.3355322000918701,5.960464477539063e-08,0.0,False,0.8387001752853394,0.728485716195426,3.0658133029937744,0.43144720792770386,0.5000024437904358,7
88,9,-0.012789390133327925,0.8097171187400818,1.4048585891723633,1.4444425439542397,2.9802322387695312e-08,0.0,False,0.857565701007843,0.7448721036344004,3.276273012161255,0.4024738371372223,0.5000038146972656,5
88,10,0.02864707114743101,0.8604326248168945,1.4302163124084473,0.17917610116281535,0.0,0.0,False,0.8209741115570068,0.7130890528692656,3.0360357761383057,0.44064754247665405,0.5000001192092896,7
88,11,0.07938512873448711,0.7986645102500916,1.3993324041366577,2.566484917870949,1.4901161193847656e-07,0.0,False,0.8639578819274902,0.7504242814358605,3.1809029579162598,0.41387873888015747,0.5000632405281067,2
88,12,0.09291934551952287,0.8240767121315002,1.4120383262634277,2.173769617315696,2.9802322387695312e-08,0.0,False,0.9335846900939941,0.8109013585943583,3.727820873260498,0.35313865542411804,0.5000346302986145,6
88,13,0.000679964682372595,0.8248524069786072,1.4124261140823364,2.047463860109834,8.940696716308594e-08,0.0,False,0.9160323739051819,0.7956556104635137,3.58188796043396,0.36818599700927734,0.5000001192092896,2
88,14,0.021580811427360916,0.8250135779380798,1.4125068187713623,0.5852310502432642,2.9802322387695312e-08,0.0,False,1.0127018690109253,0.8796216670491093,4.661345481872559,0.27954792976379395,0.4999999701976776,2
88,15,-0.00782289921041108,0.8033478260040283,1.4016737937927246,1.5284855854826296,1.1920928955078125e-07,0.0,False,0.8733299970626831,0.7585647972098128,3.24212384223938,0.406252920627594,0.5000040531158447,7
88,16,0.04738577561615678,0.82695072889328,1.4134752750396729,0.9076187077682796,8.940696716308594e-08,0.0,False,0.9689497351646423,0.841619046447243,4.034963130950928,0.32534295320510864,0.5002416372299194,2
88,17,0.004863450820041033,0.8146365284919739,1.407318353652954,1.2556573461757392,8.940696716308594e-08,0.0,False,0.8211649656295776,0.7132548266103981,2.9976842403411865,0.4417126774787903,0.5000459551811218,7
88,18,0.03175690038136167,0.7994880080223083,1.3997440338134766,0.2945223023975116,2.9802322387695312e-08,0.0,False,0.8489649295806885,0.7374015684925517,3.102344512939453,0.4247944951057434,0.5000303387641907,7
88,19,-0.005361508815154539,0.8157343864440918,1.407867193222046,2.4475937932570386,0.0,0.0,False,0.9194682836532593,0.7986400037513289,3.4888949394226074,0.37759941816329956,0.5001385807991028,5
88,20,0.006015713104617209,0.8074467778205872,1.4037233591079712,2.7105153592126396,2.9802322387695312e-08,0.0,False,0.8778162598609924,0.7624615155651601,3.3949134349823,0.3877080976963043,0.500045895576477,2
88,21,0.02287364944168708,0.8045204281806946,1.402260422706604,0.3425258947444937,2.086162567138672e-07,0.0,False,0.8900347352027893,0.7730743484015867,3.608985662460327,0.36363229155540466,0.5000022649765015,2
88,22,0.015945443334306152,0.7940660119056702,1.3970329761505127,0.9355777846113655,2.9802322387695312e-08,0.0,False,1.0466995239257812,0.9091516549034551,4.533163070678711,0.2860080599784851,0.5000035762786865,3
88,23,0.0206560205184877,0.8091083765029907,1.4045542478561401,0.6575874219415161,5.960464477539063e-08,0.0,False,0.992260754108429,0.8618667402369004,4.029603958129883,0.3245392441749573,0.5,3
88,24,0.0067176058931459805,0.8389645218849182,1.4194821119308472,2.7018572594458576,1.4901161193847656e-07,0.0,False,0.910125732421875,0.7905251668579517,3.8962790966033936,0.3383358418941498,0.5000165700912476,6
89,1,-0.0016493254358624383,0.7790336608886719,1.389516830444336,1.2675877586007118,0.0,0.0,False,1.0086930990219116,0.8761396936782133,4.112544536590576,0.31560832262039185,0.500004768371582,6
89,2,0.019827344023403217,0.8212715983390808,1.4106359481811523,2.597656955492087,1.4901161193847656e-07,0.0,False,0.9410988092422485,0.8174280395592591,3.7358815670013428,0.35212546586990356,0.5000286102294922,2
89,3,0.03977800268059814,0.8336732387542725,1.4168365001678467,0.16819085714874066,1.1920928955078125e-07,0.0,False,0.9229654669761658,0.8016776185900136,3.8123157024383545,0.3457185626029968,0.5000001788139343,2
89,4,0.04638695655557912,0.7960061430931091,1.398003101348877,2.3731872988500586,2.9802322387695312e-08,0.0,False,0.8713610768318176,0.7568546148266677,3.189504861831665,0.4124647378921509,0.5000410676002502,6
89,5,0.035573699595535906,0.8105539083480835,1.4052770137786865,1.0321268347135066,5.960464477539063e-08,0.0,False,1.0093483924865723,0.876708874349672,4.303895473480225,0.30304762721061707,0.5000002384185791,7
89,6,0.027087546718552288,0.818394660949707,1.409197211265564,2.1619178862466524,1.1920928955078125e-07,0.0,False,0.9622403383255005,0.835791338398966,3.771311044692993,0.3484562337398529,0.5000841617584229,6
89,7,-0.024804948102917605,0.8247342705726624,1.4123671054840088,1.672982476406251,2.9802322387695312e-08,0.0,False,0.896903395652771,0.779040391064575,3.7313311100006104,0.35284531116485596,0.5000000596046448,5
89,8,0.08568985057844627,0.8192174434661865,1.4096087217330933,1.8839286752447046,0.0,0.0,False,0.9422212839126587,0.8184030086701298,3.891465187072754,0.3373097777366638,0.5001934766769409,2
89,9,0.027235325619469994,0.7933662533760071,1.3966832160949707,1.680505538988361,8.940696716308594e-08,0.0,False,0.9980162978172302,0.866865941983071,4.123159885406494,0.3157638907432556,0.5000000596046448,3
89,10,0.06463356321694043,0.8052495121955872,1.4026248455047607,2.319052705826944,8.940696716308594e-08,0.0,False,0.9716165065765381,0.8439353746646102,3.897188663482666,0.33575883507728577,0.5000000596046448,6
89,11,0.06893318802924092,0.797664225101471,1.398832082748413,1.0730040992823677,2.9802322387695312e-08,0.0,False,0.9102970957756042,0.7906740111758018,3.4065051078796387,0.3854333758354187,0.5010752081871033,6
89,12,0.038234439473682144,0.806573748588562,1.4032869338989258,2.540173887007113,5.960464477539063e-08,0.0,False,0.9486066699028015,0.8239492844708125,4.012498378753662,0.32580146193504333,0.5000009536743164,2
89,13,-0.03075971056660073,0.7993907332420349,1.3996953964233398,1.8257491012825526,2.9802322387695312e-08,0.0,False,0.9234434962272644,0.8020928295218946,3.6921463012695312,0.35471218824386597,0.5000022649765015,6
89,14,0.008252194587285232,0.808292806148529,1.404146432876587,1.637116727171752,2.9802322387695312e-08,0.0,False,0.8320859670639038,0.7227406879299688,3.0349674224853516,0.4354522228240967,0.5000131726264954,6
89,15,0.05320868401721934,0.8425595760345459,1.421280026435852,2.4459424971618624,2.384185791015625e-07,0.0,False,0.8590666651725769,0.7461758245429573,3.2325308322906494,0.41123098134994507,0.5000847578048706,2
89,16,0.03564577335579507,0.8144677877426147,1.4072340726852417,2.055821481567492,1.7881393432617188e-07,0.0,False,0.9763262867927551,0.8480262377823706,3.787498712539673,0.34660443663597107,0.5000022053718567,6
89,17,0.00890406112687989,0.8008862733840942,1.4004430770874023,1.4155263744254447,5.960464477539063e-08,0.0,False,0.894500732421875,0.7769534642984751,3.29677677154541,0.39905351400375366,0.5000722408294678,6
89,18,0.0035251344315961625,0.8268254399299622,1.4134126901626587,1.4949191592261972,2.9802322387695312e-08,0.0,False,0.8097152709960938,0.7033097482127995,2.965859889984131,0.4478815793991089,0.5008188486099243,4
89,19,0.008538766097237931,0.793921709060669,1.3969608545303345,2.739044579818214,0.0,0.0,False,0.8958131670951843,0.7780934305714285,3.6824042797088623,0.35524293780326843,0.5000076293945312,2
89,20,0.02798394984655164,0.7965778112411499,1.3982889652252197,1.5704781685084752,5.960464477539063e-08,0.0,False,1.022991418838501,0.8885590564718786,4.174718856811523,0.3119144141674042,0.500000536441803,6
89,21,0.007538250008982273,0.7900012731552124,1.395000696182251,0.9675327545609804,5.960464477539063e-08,0.0,False,1.0321309566497803,0.8964975581490481,4.132673263549805,0.31473466753959656,0.50136399269104,6
89,22,0.010673859649160698,0.791671097278595,1.3958356380462646,2.104208847872971,8.940696716308594e-08,0.0,False,0.9002673625946045,0.7819622956248615,3.4280219078063965,0.3823963403701782,0.5008854866027832,1
89,23,0.004395936231799472,0.8076459169387817,1.403822898864746,0.4510352170171161,5.960464477539063e-08,0.0,False,0.8072014451026917,0.7011262667848593,2.9437410831451416,0.44929343461990356,0.5007625818252563,2
89,24,0.00771233937154611,0.7972375154495239,1.3986188173294067,2.6159664862180234,5.960464477539063e-08,0.0,False,0.8221745491027832,0.7141317396732659,2.9949240684509277,0.44027945399284363,0.5003796815872192,5
90,1,0.018258005970871533,0.7673342823982239,1.383667230606079,1.62938552243369,8.940696716308594e-08,0.0,False,0.8373076319694519,0.7272761684396236,3.048762083053589,0.4291342794895172,0.5000013113021851,5
90,2,-0.0002999469553164793,0.8016701340675354,1.4008350372314453,1.4033563982266932,2.9802322387695312e-08,0.0,False,0.8191794157028198,0.7115301998569294,2.981121301651001,0.4428630471229553,0.5001251101493835,7
90,3,0.016725446112339757,0.8224248290061951,1.41121244430542,1.336955786303633,2.9802322387695312e-08,0.0,False,0.8018344044685364,0.696464514521731,2.9341928958892822,0.452423632144928,0.5000000596046448,7
90,4,6.888424080287413e-06,0.8001770973205566,1.4000885486602783,1.3087453652778718,0.0,0.0,False,0.8501689434051514,0.7384473616127506,3.1079390048980713,0.42407548427581787,0.5000021457672119,7
90,5,-0.012617314113827903,0.7668789625167847,1.383439540863037,1.3812748534130437,5.960464477539063e-08,0.0,False,0.8471031188964844,0.7357844202795549,3.161031484603882,0.4133867025375366,0.5000039339065552,5
90,6,0.028767821493203508,0.8412951827049255,1.4206476211547852,0.14823446712671748,2.9802322387695312e-08,0.0,False,0.8183466792106628,0.7108068941300829,3.0138189792633057,0.4420444965362549,0.5,5
90,7,0.07736434949315735,0.7781060934066772,1.3890531063079834,2.4302901139227107,5.960464477539063e-08,0.0,False,0.9016596078872681,0.7831715845209807,3.42960262298584,0.3810042142868042,0.5005202889442444,2
90,8,0.09895913371253788,0.8177401423454285,1.408869981765747,2.2419213766145156,8.940696716308594e-08,0.0,False,0.8974477052688599,0.7795131723900035,3.432502508163452,0.38421955704689026,0.5000054836273193,6
90,9,-0.0008489630107926787,0.8256555795669556,1.412827730178833,2.3156592224465036,5.960464477539063e-08,0.0,False,0.9437291622161865,0.8197127351233373,3.7549142837524414,0.3506091833114624,0.5,2
90,10,0.020555950787466727,0.8290366530418396,1.4145183563232422,0.6122992899363232,2.9802322387695312e-08,0.0,False,1.0309964418411255,0.8955121311069755,4.930141448974609,0.26371949911117554,0.5,2
90,11,-0.007745521877008235,0.804445207118988,1.402222752571106,1.439346728797903,1.4901161193847656e-07,0.0,False,0.8748248815536499,0.7598632373808322,3.2334089279174805,0.4074910581111908,0.5000084638595581,7
90,12,0.05021952553567946,0.8265799880027771,1.413290023803711,0.7720176412870345,2.9802322387695312e-08,0.0,False,0.9670746922492981,0.8399904048643113,3.9089086055755615,0.33628496527671814,0.500104546546936,7
90,13,0.005134218983157064,0.8156235218048096,1.4078116416931152,1.107987746214994,1.1920928955078125e-07,0.0,False,0.8257446885108948,0.7172327233624023,3.0159926414489746,0.43904799222946167,0.5000253319740295,7
90,14,0.032603917579452774,0.7856742739677429,1.3928371667861938,0.29751401473079175,2.9802322387695312e-08,0.0,False,0.8513136506080627,0.7394416416559891,3.105647087097168,0.4229199290275574,0.5000532269477844,7
90,15,-0.007656809233713735,0.8160335421562195,1.4080166816711426,2.0071323226600235,8.940696716308594e-08,0.0,False,0.9656071066856384,0.8387156762402748,3.9093987941741943,0.33546605706214905,0.5000134706497192,5
90,16,0.007171684534396492,0.8193176984786987,1.4096587896347046,2.725605474838729,5.960464477539063e-08,0.0,False,0.8707255125045776,0.756302570666238,3.3578402996063232,0.3932257294654846,0.50002121925354,2
90,17,0.02448557664453619,0.8137410879135132,1.4068706035614014,0.13491708097312852,5.960464477539063e-08,0.0,False,0.8892610669136047,0.772402348663954,3.5915298461914062,0.36623692512512207,0.5000004768371582,2
90,18,0.01740210076874305,0.7912946343421936,1.3956471681594849,1.1456822875812898,1.4901161193847656e-07,0.0,False,1.0258808135986328,0.8910687528726094,4.415766716003418,0.29380154609680176,0.5000016093254089,3
90,19,0.020191525408593734,0.8031954765319824,1.4015977382659912,0.675836353649081,0.0,0.0,False,1.0018357038497925,0.8701834359112506,4.148100852966309,0.3144592344760895,0.4999999701976776,3
90,20,0.013729377389632307,0.8338088989257812,1.4169045686721802,2.6716807826484334,1.1920928955078125e-07,0.0,False,0.9102338552474976,0.790619081151023,3.691351890563965,0.35754552483558655,0.500015139579773,6
90,21,-0.019460902364813227,0.8365310430526733,1.4182655811309814,1.458503659358217,5.960464477539063e-08,0.0,False,0.922805905342102,0.801539025115619,3.9733519554138184,0.3313080668449402,0.5000143647193909,5
90,22,0.05973504860524603,0.8419014811515808,1.4209507703781128,2.4937915283363252,2.9802322387695312e-08,0.0,False,0.9381645321846008,0.8148793588902358,3.8567988872528076,0.3421717882156372,0.5000013113021851,2
90,23,0.020226465710538127,0.7983698844909668,1.3991849422454834,0.9027396105005332,0.0,0.0,False,0.956434965133667,0.8307488553137613,3.7017815113067627,0.35367050766944885,0.5000064969062805,3
90,24,0.039278176402015905,0.7510860562324524,1.3755431175231934,2.5016061391961455,8.940696716308594e-08,0.0,False,0.9183111190795898,0.7976349033733318,3.4971985816955566,0.37100136280059814,0.5000040531158447,6
91,1,0.030961736395466205,0.7085861563682556,1.3542929887771606,1.4764541568500655,8.940696716308594e-08,0.0,False,0.9106546640396118,0.7909845910237262,3.7757930755615234,0.3392300307750702,0.5000680685043335,2
91,2,0.0690632379571751,0.7821155190467834,1.3910578489303589,2.4019005376958695,8.940696716308594e-08,0.0,False,0.8569875359535217,0.7443699158489583,3.1290442943573,0.41929733753204346,0.5000022649765015,6
91,3,0.035651878299130836,0.8152148127555847,1.4076075553894043,0.5702690438248051,1.4901161193847656e-07,0.0,False,0.9638547301292419,0.8371935813029555,3.6994411945343018,0.35525423288345337,0.5000256896018982,6
91,4,0.02546266777900152,0.8128686547279358,1.4064342975616455,0.8689922187862897,2.9802322387695312e-08,0.0,False,0.9865301847457886,0.8568892309321832,3.9435620307922363,0.33220338821411133,0.5000409483909607,6
91,5,0.020346659159574836,0.8215263485908508,1.410763144493103,1.6773591360652154,2.9802322387695312e-08,0.0,False,0.8618608713150024,0.7486028411608684,3.2197272777557373,0.4109256863594055,0.5000010132789612,1
91,6,0.03409976271575872,0.8334580063819885,1.4167290925979614,2.5325750929610233,8.940696716308594e-08,0.0,False,0.9465644359588623,0.8221754226055958,3.835476875305176,0.34352484345436096,0.5000090003013611,5
91,7,-0.04867325495686123,0.8029226064682007,1.4014614820480347,2.0671975794863258,1.7881393432617188e-07,0.0,False,0.9506326913833618,0.8257090643692621,3.7102105617523193,0.35319995880126953,0.5000358819961548,7
91,8,0.05858457163565482,0.8374667763710022,1.4187334775924683,1.5478207260386563,8.940696716308594e-08,0.0,False,0.8662365078926086,0.7524034708018053,3.31803297996521,0.3997822403907776,0.5000002384185791,2
91,9,-0.002878412091057644,0.7882335186004639,1.3941168785095215,1.385626674075958,1.1920928955078125e-07,0.0,False,0.8899986743927002,0.7730430263799174,3.2960493564605713,0.3979527950286865,0.5000530481338501,1
91,10,0.020906095767626913,0.8128952383995056,1.4064476490020752,0.7349503805869446,2.9802322387695312e-08,0.0,False,0.9872515797615051,0.8575158266813796,4.2582173347473145,0.3066045045852661,0.5000016093254089,1
91,11,-0.018393847921179464,0.8334650993347168,1.4167325496673584,1.0710198154563249,0.0,0.0,False,0.8722556233406067,0.7576316080518136,3.366164445877075,0.39349281787872314,0.5000007152557373,7
91,12,0.03555478564450456,0.8293102979660034,1.4146552085876465,0.354051759239158,5.960464477539063e-08,0.0,False,0.8420746326446533,0.7314167326165617,3.142817497253418,0.4221038222312927,0.5000333786010742,7
91,13,0.027288036024060342,0.8371729850769043,1.4185864925384521,0.8214174778423937,0.0,0.0,False,0.983110249042511,0.8539187125233885,3.966172218322754,0.33198118209838867,0.5000008344650269,7
91,14,0.00521242211081591,0.8218743205070496,1.4109370708465576,0.8877403804259734,8.940696716308594e-08,0.0,False,0.7971498966217041,0.6923956027051076,2.917703866958618,0.45500266551971436,0.5000037550926208,7
91,15,-0.005978939242014987,0.8247761726379395,1.4123880863189697,0.5676081225916481,0.0,0.0,False,0.887070894241333,0.7704999888519881,3.598968505859375,0.3663630485534668,0.5000004768371582,5
91,16,0.04452592420388997,0.8135210871696472,1.4067604541778564,0.8293881784564426,8.940696716308594e-08,0.0,False,0.8128040432929993,0.7059926217416028,2.9789273738861084,0.44446641206741333,0.5000107288360596,5
91,17,0.05590157665074272,0.8451178073883057,1.4225589036941528,2.6466954365499813,0.0,0.0,False,0.914963960647583,0.7947275984991788,3.721118211746216,0.35543808341026306,0.500389575958252,2
91,18,0.006667015611135488,0.8210603594779968,1.4105302095413208,2.1213564237295146,2.9802322387695312e-08,0.0,False,0.8052875995635986,0.6994639216711729,2.9498724937438965,0.44979533553123474,0.5,5
91,19,0.007564211246469984,0.8415639996528625,1.4207820892333984,0.0445421273666498,8.940696716308594e-08,0.0,False,0.8039966225624084,0.698342593295411,2.955873966217041,0.4510345458984375,0.5,5
91,20,0.04400239439257587,0.8183194994926453,1.409159541130066,2.3940727436595957,2.086162567138672e-07,0.0,False,0.8666000366210938,0.7527192278433941,3.222376823425293,0.410266637802124,0.5000780820846558,2
91,21,0.04148379758579919,0.8218435645103455,1.4109218120574951,2.6215632433701255,2.9802322387695312e-08,0.0,False,0.8296657800674438,0.7206385402144957,3.0740253925323486,0.4311229884624481,0.5000004768371582,5
91,22,-0.008869491681369374,0.8185374736785889,1.409268856048584,1.3018367133921802,1.1920928955078125e-07,0.0,False,0.8084819316864014,0.7022384832997719,2.956058979034424,0.4485529065132141,0.500023365020752,5
91,23,0.0009530555300886565,0.8149978518486023,1.4074989557266235,1.1777953130743657,2.9802322387695312e-08,0.0,False,0.863186240196228,0.7497540419440736,3.366241455078125,0.39181753993034363,0.5000096559524536,5
91,24,-0.0011673870569501909,0.8202381730079651,1.4101190567016602,0.4788815801055464,2.9802322387695312e-08,0.0,False,0.84184730052948,0.7312192744502034,3.107771873474121,0.42611271142959595,0.5003476142883301,4
92,1,0.03916796108307916,0.751611053943634,1.3758056163787842,1.3323679651532854,8.940696716308594e-08,0.0,False,0.9621524810791016,0.8357150265643535,3.648008346557617,0.35519155859947205,0.5000158548355103,6
92,2,0.019942136640222475,0.7627994418144226,1.3813996315002441,0.8363193679757788,8.940696716308594e-08,0.0,False,0.9501121640205383,0.8252569400465544,3.6679186820983887,0.3541218638420105,0.5003594160079956,6
92,3,0.030432118013447765,0.8023308515548706,1.40116548538208,1.3214994272661817,5.960464477539063e-08,0.0,False,0.9253154993057251,0.8037188307360574,3.922281503677368,0.333303302526474,0.5000444650650024,1
92,4,0.040157888640156264,0.8150984644889832,1.4075491428375244,2.0052422082730246,8.940696716308594e-08,0.0,False,0.827212929725647,0.718508021477742,3.0234992504119873,0.43786823749542236,0.5000067949295044,7
92,5,-0.0535052677765808,0.8085019588470459,1.4042510986328125,1.551721431894874,1.1920928955078125e-07,0.0,False,0.9784790277481079,0.8498960848181243,3.821056842803955,0.34297773241996765,0.5000110864639282,7
92,6,0.06253041860592098,0.8434211611747742,1.4217103719711304,1.4480653015653524,2.086162567138672e-07,0.0,False,0.9211602210998535,0.8001096019448917,3.670915126800537,0.36038437485694885,0.5000000596046448,2
92,7,-0.00323547458595088,0.7807978391647339,1.3903989791870117,1.2513022761402306,5.960464477539063e-08,0.0,False,0.850159764289856,0.7384393887345074,3.101635217666626,0.42298275232315063,0.5001079440116882,7
92,8,0.022966261097679384,0.8200743198394775,1.4100370407104492,0.4377214218160853,1.1920928955078125e-07,0.0,False,0.8980880975723267,0.7800694100773015,3.5441253185272217,0.3718618154525757,0.5000084638595581,7
92,9,-0.020326001753944258,0.8234049677848816,1.4117023944854736,1.0135996243592396,8.940696716308594e-08,0.0,False,0.8661085367202759,0.7522923164538317,3.2551064491271973,0.40647900104522705,0.5000000596046448,7
92,10,0.03929952694918953,0.8166276812553406,1.4083138704299927,0.328345981100139,2.9802322387695312e-08,0.0,False,0.8337016105651855,0.7241440180446278,3.083939552307129,0.42916080355644226,0.5000244975090027,7
92,11,0.03124348615023651,0.8281987309455872,1.4140994548797607,0.8249757192018319,8.940696716308594e-08,0.0,False,0.9884917736053467,0.8585930453671211,3.976518154144287,0.3304370641708374,0.5000001788139343,7
92,12,-0.0018549801003826566,0.8216121196746826,1.4108061790466309,0.873081738877824,1.1920928955078125e-07,0.0,False,0.7998870015144348,0.6947730218077143,2.9268105030059814,0.453513503074646,0.5000016689300537,7
92,13,-0.007090890508366175,0.8202903866767883,1.4101450443267822,0.3926736937944255,1.4901161193847656e-07,0.0,False,0.8376152515411377,0.7275433634046408,3.138680934906006,0.42178887128829956,0.5000021457672119,5
92,14,0.052660656686894756,0.8201439380645752,1.410071849822998,0.9694080362846047,1.1920928955078125e-07,0.0,False,0.8220466375350952,0.714020637097229,3.0289087295532227,0.4375844895839691,0.5000134110450745,5
92,15,0.06722256631499858,0.8458811044692993,1.4229403734207153,2.6357388687496535,1.7881393432617188e-07,0.0,False,0.9006820321083069,0.7823224729880904,3.6016745567321777,0.3678005337715149,0.5001264810562134,2
92,16,0.007502054851333674,0.8210025429725647,1.41050124168396,2.1861535253478785,2.9802322387695312e-08,0.0,False,0.8031871318817139,0.6976394786238556,2.9406988620758057,0.4512374997138977,0.5,5
92,17,0.009983143862327213,0.839680016040802,1.4198400974273682,0.04155945946799851,8.940696716308594e-08,0.0,False,0.8025058507919312,0.6970477253880202,2.9487791061401367,0.4519559144973755,0.5,5
92,18,0.05185245548138346,0.8210739493370056,1.4105371236801147,2.269326590837263,1.4901161193847656e-07,0.0,False,0.8937077522277832,0.7762646904533698,3.436750888824463,0.3840160369873047,0.5001461505889893,2
92,19,0.05044044414888193,0.826004147529602,1.4130021333694458,2.5313068038865914,5.960464477539063e-08,0.0,False,0.8457379341125488,0.7345986358426719,3.194850444793701,0.41467130184173584,0.5000002980232239,5
92,20,-0.009364985641068756,0.8191940784454346,1.4095969200134277,1.2704996513638975,1.1920928955078125e-07,0.0,False,0.8055006265640259,0.6996489545727368,2.9453649520874023,0.45030444860458374,0.5000244379043579,5
92,21,0.0019364438600122866,0.8211867809295654,1.4105933904647827,1.0930222118703223,0.0,0.0,False,0.8875151872634888,0.7708858968677288,3.646399736404419,0.3611162304878235,0.500006914138794,5
92,22,-0.00042567339516154205,0.8249391913414001,1.412469744682312,0.6256662335289491,1.4901161193847656e-07,0.0,False,0.8396762013435364,0.7293334816579634,3.09769606590271,0.4280235171318054,0.5001949071884155,5
92,23,0.018770316523739037,0.834696352481842,1.4173483848571777,2.4303915144873693,2.086162567138672e-07,0.0,False,0.9131335020065308,0.7931376823248566,3.774308443069458,0.3494279980659485,0.5000197291374207,2
92,24,0.012272997131323495,0.8323556184768677,1.4161778688430786,2.515193901738882,5.960464477539063e-08,0.0,False,0.8335399031639099,0.724003560780514,3.0884599685668945,0.430099755525589,0.500003457069397,5
93,1,-0.025266386828945213,0.8198586106300354,1.4099292755126953,1.5056229489190238,2.9802322387695312e-08,0.0,False,0.892322838306427,0.7750617695054578,3.4069252014160156,0.3874010145664215,0.5000000596046448,7
93,2,0.045436615646806545,0.8238227963447571,1.4119114875793457,0.07211788258069214,8.940696716308594e-08,0.0,False,0.882330060005188,0.7663821525552365,3.3887574672698975,0.3899097442626953,0.50002121925354,7
93,3,0.03739798303146404,0.8403432369232178,1.4201717376708984,0.7569953789014029,1.1920928955078125e-07,0.0,False,0.9804343581199646,0.8515944631997147,3.857034206390381,0.3420342803001404,0.5000000596046448,7
93,4,-0.001702545519534054,0.8316692113876343,1.415834665298462,1.1555546032442874,5.960464477539063e-08,0.0,False,0.8019364476203918,0.6965531480772648,2.940690755844116,0.45238417387008667,0.5000006556510925,7
93,5,-0.008276814954841595,0.8151524066925049,1.4075762033462524,0.3821396890863435,0.0,0.0,False,0.832886815071106,0.723436295670711,3.102949857711792,0.42629536986351013,0.500003457069397,5
93,6,0.06365276998878536,0.8228015899658203,1.4114007949829102,0.8922741886643847,0.0,0.0,False,0.8538599014282227,0.7416532870174634,3.2510006427764893,0.4069535732269287,0.5000044703483582,5
93,7,0.08521347133149748,0.8381068110466003,1.4190534353256226,2.536291158915956,2.9802322387695312e-08,0.0,False,0.8987231850624084,0.7806210400622381,3.5942270755767822,0.36795899271965027,0.5001126527786255,2
93,8,0.010612979190209473,0.8273254036903381,1.4136627912521362,2.1830548606894222,8.940696716308594e-08,0.0,False,0.7995229959487915,0.6944568505906323,2.9299981594085693,0.4536213278770447,0.5000000596046448,5
93,9,0.013292970005992354,0.8418239951133728,1.4209120273590088,0.03317767122322655,2.9802322387695312e-08,0.0,False,0.8014254570007324,0.6961093072644199,2.9458811283111572,0.4526433050632477,0.5000001192092896,5
93,10,0.06451546773069025,0.8189966678619385,1.4094982147216797,2.1994244789897768,1.1920928955078125e-07,0.0,False,0.9018384218215942,0.7833269003309111,3.54791259765625,0.37135636806488037,0.5000842809677124,2
93,11,0.06248092372352794,0.826200008392334,1.4131001234054565,2.508787256246887,1.1920928955078125e-07,0.0,False,0.850985050201416,0.7391562229692735,3.2444417476654053,0.40812769532203674,0.5000004768371582,5
93,12,-0.010717143294123873,0.811423659324646,1.4057118892669678,1.257475016124187,5.960464477539063e-08,0.0,False,0.8026043176651001,0.6971332526273553,2.929558515548706,0.4519681930541992,0.5000515580177307,7
93,13,0.002107944897674868,0.8154134154319763,1.4077067375183105,1.2301728725788512,2.9802322387695312e-08,0.0,False,0.8973790407180786,0.7794535311189902,3.7728757858276367,0.3480766713619232,0.5000036954879761,5
93,14,0.0012385132491463183,0.8059707283973694,1.4029853343963623,0.47676249827611394,2.9802322387695312e-08,0.0,False,0.8503345251083374,0.7385911840527463,3.118551015853882,0.4231690764427185,0.5000075697898865,5
93,15,0.02427346304883115,0.8347964882850647,1.4173983335494995,2.4384407550636045,8.940696716308594e-08,0.0,False,0.9143515825271606,0.7941956936221034,3.803459882736206,0.34664347767829895,0.5000091791152954,2
93,16,0.016899552905003803,0.8196879029273987,1.409843921661377,2.487081747518882,2.9802322387695312e-08,0.0,False,0.8070581555366516,0.7010018070491684,2.9509878158569336,0.44947177171707153,0.500029981136322,5
93,17,-0.0016576691224228631,0.8303008079528809,1.4151504039764404,1.1989743036220495,0.0,0.0,False,0.8896894454956055,0.7727744335726109,3.389543056488037,0.3903946280479431,0.5000009536743164,7
93,18,-0.010835635565757937,0.8126736283302307,1.406336784362793,2.1626082283596526,2.9802322387695312e-08,0.0,False,0.863964855670929,0.7504303387524477,3.176774024963379,0.415812224149704,0.5000365972518921,5
93,19,0.024110449756501895,0.7986912727355957,1.3993456363677979,0.6655826870833909,0.0,0.0,False,0.918238639831543,0.7975719486983733,3.7118444442749023,0.3527000844478607,0.5000017881393433,5
93,20,-0.000981582601002987,0.7955499291419983,1.3977749347686768,2.100146362171914,2.9802322387695312e-08,0.0,False,0.875508189201355,0.7604567508625133,3.243633270263672,0.40530890226364136,0.5000067949295044,7
93,21,0.005252375869770752,0.8406246900558472,1.4203124046325684,1.3099643063859687,5.960464477539063e-08,0.0,False,0.8473724126815796,0.7360183258893103,3.1565394401550293,0.42130976915359497,0.5000029802322388,5
93,22,-0.018200523835476573,0.8344483971595764,1.4172241687774658,2.509411331007526,2.9802322387695312e-08,0.0,False,0.8508400917053223,0.7390303136193564,3.230700731277466,0.4107086658477783,0.5,2
93,23,0.050117240310144265,0.8319154977798462,1.4159575700759888,0.020990294102898252,1.7881393432617188e-07,0.0,False,0.848749041557312,0.7372140505380288,3.21293044090271,0.41282063722610474,0.5000024437904358,2
93,24,-0.0033096956399819278,0.7970154285430908,1.3985075950622559,2.2149979900801298,1.1920928955078125e-07,0.0,False,0.9272699952125549,0.8054164843105348,3.6016738414764404,0.3637661635875702,0.500219464302063,5
94,1,0.07604259029877616,0.79974764585495,1.3998738527297974,1.4979906106101615,2.9802322387695312e-08,0.0,False,0.9208757877349854,0.7998625462632288,3.8008034229278564,0.3442029356956482,0.5000020861625671,2
94,2,-0.04861488943833579,0.7804802656173706,1.39024019241333,1.8297313162186462,5.960464477539063e-08,0.0,False,0.9161469340324402,0.7957551161257426,3.7378556728363037,0.34869351983070374,0.5000054240226746,6
94,3,0.018420256901204815,0.7794126868247986,1.3897063732147217,1.7250606355632272,2.9802322387695312e-08,0.0,False,0.8365688323974609,0.7266344552849273,3.042037010192871,0.43138426542282104,0.5001376867294312,6
94,4,0.09603123202979252,0.8056390881538391,1.4028196334838867,2.655245657261967,8.940696716308594e-08,0.0,False,0.8664045333862305,0.7525494158912033,3.2603862285614014,0.40411317348480225,0.5001363754272461,2
94,5,0.07055743560920037,0.7987791895866394,1.3993895053863525,2.287709485455324,8.940696716308594e-08,0.0,False,0.9294958114624023,0.8073498037406134,3.7948808670043945,0.3446863889694214,0.5000004768371582,6
94,6,0.013356318457005207,0.8109275698661804,1.405463695526123,1.4406399394942864,8.940696716308594e-08,0.0,False,0.9845836162567139,0.8551984630252794,3.824714183807373,0.34282004833221436,0.5000722408294678,6
94,7,0.014894219342219683,0.8231186270713806,1.4115593433380127,1.400842362434058,2.9802322387695312e-08,0.0,False,0.808403730392456,0.7021705585188956,2.9585049152374268,0.44865766167640686,0.500091016292572,4
94,8,0.022134910408470418,0.8331578373908997,1.416579008102417,2.7302030023687256,8.940696716308594e-08,0.0,False,0.9404654502868652,0.8168779109604852,4.0646491050720215,0.3232974708080292,0.5000000596046448,1
94,9,0.04777241686698482,0.8150507211685181,1.4075253009796143,2.365840535224923,5.960464477539063e-08,0.0,False,0.8677412867546082,0.7537105051143074,3.2158336639404297,0.4108183979988098,0.5000081062316895,6
94,10,0.021816228964439608,0.8371935486793518,1.4185967445373535,0.8259845587315581,2.9802322387695312e-08,0.0,False,1.021162748336792,0.8869706934556557,4.102616786956787,0.32044339179992676,0.5000022053718567,6
94,11,0.025189513838053415,0.8308139443397522,1.4154069423675537,1.5976724542807879,2.9802322387695312e-08,0.0,False,0.995082437992096,0.8643176237176041,4.137934684753418,0.3171497583389282,0.5000131130218506,1
94,12,0.012489289789906191,0.8270582556724548,1.4135290384292603,0.9628154762291445,8.940696716308594e-08,0.0,False,0.8142164945602417,0.7072194613242442,2.981663703918457,0.44547557830810547,0.5000916123390198,1
94,13,0.02040631677149506,0.8264276385307312,1.413213849067688,2.6329908671200943,2.9802322387695312e-08,0.0,False,0.8389710187911987,0.7287209678755341,3.0804293155670166,0.4306592047214508,0.5000612735748291,5
94,14,-0.0359480471638673,0.786174476146698,1.3930871486663818,2.623637590940622,8.940696716308594e-08,0.0,False,0.9106694459915161,0.7909974304640138,3.466012477874756,0.37759217619895935,0.5000239610671997,7
94,15,0.039383699708000666,0.8288542628288269,1.4144271612167358,1.4251402268374178,2.9802322387695312e-08,0.0,False,0.8515621423721313,0.739657478859856,3.231198787689209,0.41011250019073486,0.5000009536743164,2
94,16,-0.013714300056986527,0.8087916970252991,1.4043958187103271,1.4097279325068175,2.9802322387695312e-08,0.0,False,0.9650675654411316,0.8382470366697777,3.8050355911254883,0.3443446755409241,0.5056328773498535,1
94,17,0.01352789263891025,0.8259144425392151,1.4129571914672852,0.7376954527471847,2.9802322387695312e-08,0.0,False,0.9916064739227295,0.8612984396883645,4.115671157836914,0.31861138343811035,0.5000001192092896,5
94,18,-0.010070392838625096,0.8248200416564941,1.412410020828247,1.228218624772609,0.0,0.0,False,0.818324089050293,0.7107872725660951,3.0154504776000977,0.4400896430015564,0.5000007152557373,7
94,19,0.02519673679279712,0.8088151812553406,1.4044076204299927,0.32855025475248756,2.9802322387695312e-08,0.0,False,0.8250777721405029,0.716653447163298,3.0312044620513916,0.436065137386322,0.5000014901161194,5
94,20,0.014344178963903905,0.8156588077545166,1.4078294038772583,0.30790719909821485,0.0,0.0,False,0.8146640062332153,0.7076081650245636,2.9785706996917725,0.4447474777698517,0.5000512003898621,7
94,21,0.003221331611010991,0.8312078714370728,1.4156038761138916,0.06275817862639096,5.960464477539063e-08,0.0,False,0.7981648445129395,0.6932771752422733,2.9274182319641113,0.45445260405540466,0.5000024437904358,5
94,22,-0.005752518366162335,0.8182500004768372,1.4091249704360962,0.8917430533079606,2.9802322387695312e-08,0.0,False,0.9056515693664551,0.7866389582057431,3.84332537651062,0.34164825081825256,0.5000002980232239,5
94,23,0.03206500196671917,0.7813612818717957,1.3906805515289307,0.565162117467614,8.940696716308594e-08,0.0,False,0.8008996248245239,0.6956525752393509,2.9073076248168945,0.45221230387687683,0.5000114440917969,5
94,24,0.034855431642311585,0.8344073295593262,1.417203664779663,2.576663069535861,0.0,0.0,False,0.9785007238388062,0.8499149298030625,4.039602756500244,0.3253542184829712,0.5042687654495239,2
95,1,0.046008727845357034,0.7333415150642395,1.366670846939087,1.675707533955574,8.940696716308594e-08,0.0,False,0.8026275634765625,0.6971534436826462,2.876429319381714,0.4517183303833008,0.5001112222671509,5
95,2,0.0972890557225192,0.8105471134185791,1.405273675918579,2.438543597279515,1.1920928955078125e-07,0.0,False,0.8766070604324341,0.7614112182864732,3.267853021621704,0.40362510085105896,0.5000340938568115,2
95,3,0.01192421704459844,0.8259592056274414,1.4129796028137207,2.406986370608516,0.0,0.0,False,0.7993068695068359,0.694269125548363,2.928351640701294,0.4537370502948761,0.5000000596046448,5
95,4,0.014045604581855529,0.83347088098526,1.4167354106903076,0.031683362388376816,2.9802322387695312e-08,0.0,False,0.8003977537155151,0.6952166555328124,2.9366180896759033,0.453225314617157,0.5000003576278687,5
95,5,0.06745394099390449,0.8111087083816528,1.4055544137954712,2.079327078097161,5.960464477539063e-08,0.0,False,0.9270652532577515,0.8052386477081643,3.7840538024902344,0.34666910767555237,0.5001237392425537,3
95,6,0.0650384230145658,0.8453210592269897,1.4226605892181396,2.3563920744966302,5.960464477539063e-08,0.0,False,0.8914021253585815,0.7742620484001255,3.6923205852508545,0.3583568334579468,0.5000000596046448,5
95,7,-0.011325738142659147,0.8172041773796082,1.408601999282837,1.1162333018736623,8.940696716308594e-08,0.0,False,0.8019835948944092,0.6965940996791498,2.9309661388397217,0.4523722529411316,0.5000219345092773,7
95,8,0.002096704254828618,0.8077329397201538,1.4038664102554321,1.2478183470704076,5.960464477539063e-08,0.0,False,0.8953455686569214,0.7776872797284602,3.733628034591675,0.3512794077396393,0.500002920627594,5
95,9,0.00225271034954839,0.8069978356361389,1.403498888015747,0.41981902237360147,2.9802322387695312e-08,0.0,False,0.8803324699401855,0.7646470678705659,3.2611207962036133,0.40415188670158386,0.5,5
95,10,0.02756567704248245,0.8310754299163818,1.415537714958191,2.401742589124589,0.0,0.0,False,0.9180381298065186,0.7973977879035046,3.801262140274048,0.34656915068626404,0.5000102519989014,2
95,11,0.018905674798478607,0.8274942636489868,1.4137470722198486,2.4780314195434823,5.960464477539063e-08,0.0,False,0.804275393486023,0.6985847306430928,2.946807622909546,0.4509677290916443,0.5000081658363342,7
95,12,-0.001702702996721339,0.8344955444335938,1.4172476530075073,1.2481708367716644,1.1920928955078125e-07,0.0,False,0.8708570599555969,0.7564168313304103,3.269662380218506,0.4056413769721985,0.5000002384185791,7
95,13,-0.0111623954708014,0.8177464008331299,1.408873200416565,1.9744655581835178,0.0,0.0,False,0.9408277273178101,0.8171925807914044,3.6733624935150146,0.35808250308036804,0.500007152557373,5
95,14,0.02142954395311352,0.8159981369972229,1.407999038696289,0.8587483263518765,2.9802322387695312e-08,0.0,False,0.8827539086341858,0.7667503027967085,3.395541191101074,0.38840290904045105,0.500000536441803,5
95,15,-0.0007157596375310677,0.8022542595863342,1.4011270999908447,1.6591428183966805,2.9802322387695312e-08,0.0,False,0.8839528560638428,0.7677916953022927,3.3097193241119385,0.3975680470466614,0.5000113248825073,7
95,16,0.006587760385865284,0.8307136297225952,1.4153568744659424,1.2455975652935212,5.960464477539063e-08,0.0,False,0.8343564867973328,0.72471283631253,3.0780675411224365,0.4314360022544861,0.5000064373016357,5
95,17,-0.020203021846401964,0.8343306183815002,1.4171653985977173,2.4954925781789563,8.940696716308594e-08,0.0,False,0.8450802564620972,0.7340273842937474,3.175151824951172,0.4181431531906128,0.5,2
95,18,0.055951571586654286,0.8422085642814636,1.4211043119430542,0.019559119657105363,2.9802322387695312e-08,0.0,False,0.8437352776527405,0.7328591505433866,3.177558422088623,0.4185760021209717,0.5000012516975403,2
95,19,-0.002158436473255892,0.8161373138427734,1.4080686569213867,2.185662656768142,0.0,0.0,False,0.9230613708496094,0.8017609196360731,3.629483461380005,0.3624456524848938,0.5002963542938232,7
95,20,-0.006984657868837816,0.820639431476593,1.4103198051452637,0.5566987103023067,8.940696716308594e-08,0.0,False,0.8338894844055176,0.7243072031889282,3.0665884017944336,0.43208086490631104,0.5000008344650269,5
95,21,0.010941095687801505,0.8276132941246033,1.4138067960739136,0.04783326133682744,1.4901161193847656e-07,0.0,False,0.8094291687011719,0.7030612429169106,2.9659783840179443,0.44797080755233765,0.5000002384185791,5
95,22,0.0253395565013164,0.7780511975288391,1.3890255689620972,1.5541957447064552,2.9802322387695312e-08,0.0,False,0.906604528427124,0.7874666879287996,3.342003107070923,0.39134669303894043,0.500032365322113,7
95,23,0.021069185832735572,0.8254113793373108,1.412705659866333,1.4822184760544594,2.9802322387695312e-08,0.0,False,0.8004670143127441,0.6952768145231922,2.9312856197357178,0.4532090425491333,0.5000039935112,7
95,24,0.018533994519287812,0.7811611294746399,1.3905805349349976,2.5292402896549957,2.9802322387695312e-08,0.0,False,0.9368259310722351,0.8137166647370958,3.688544273376465,0.3535889983177185,0.5000026226043701,2
96,1,0.0045273644577284115,0.7927992939949036,1.3963996171951294,1.4625425612820044,2.9802322387695312e-08,0.0,False,0.9203029274940491,0.7993649661801481,3.6524288654327393,0.3581787049770355,0.5000001192092896,2
96,2,0.031989368958068906,0.8293773531913757,1.4146885871887207,0.6112881097698677,8.940696716308594e-08,0.0,False,1.0099384784698486,0.8772214165224428,4.614596366882324,0.2827799320220947,0.4999999701976776,2
96,3,-0.009274556025773982,0.8233576416969299,1.4116787910461426,1.5706427205022158,2.9802322387695312e-08,0.0,False,0.9290081858634949,0.8069262575269328,3.555624008178711,0.37088388204574585,0.5001513361930847,7
96,4,0.06701171409693381,0.8072957992553711,1.4036478996276855,1.2367697336619687,0.0,0.0,False,0.921225368976593,0.800166188671643,3.7994706630706787,0.34491249918937683,0.500042200088501,7
96,5,0.009437996290073063,0.8112548589706421,1.4056274890899658,1.4078827281873791,5.960464477539063e-08,0.0,False,0.8998720645904541,0.7816189441410417,3.354588747024536,0.3928871154785156,0.5000091791152954,7
96,6,0.05291917520362932,0.8053078055381775,1.4026540517807007,0.4335553648946109,1.4901161193847656e-07,0.0,False,0.9710198640823364,0.8434171375788087,3.8755147457122803,0.3377162218093872,0.5001184940338135,7
96,7,-0.011502752068678316,0.8031636476516724,1.401581883430481,1.235539346764279,5.960464477539063e-08,0.0,False,0.97586989402771,0.8476298200634912,4.065983295440674,0.3210902512073517,0.500001847743988,5
96,8,0.015836166408238005,0.8128703832626343,1.406435251235962,2.64067164513388,5.960464477539063e-08,0.0,False,0.9388509392738342,0.8154755645126225,3.6604397296905518,0.35900211334228516,0.5000207424163818,2
96,9,0.03212538553445527,0.8198416233062744,1.4099206924438477,0.2143727249561745,1.1920928955078125e-07,0.0,False,0.9360135197639465,0.8130110132406447,3.8841309547424316,0.33802610635757446,0.5000001192092896,2
96,10,0.037924621864198864,0.7859142422676086,1.3929572105407715,2.336197621464038,8.940696716308594e-08,0.0,False,0.8828675746917725,0.7668490318798877,3.2321884632110596,0.4058590233325958,0.5000178813934326,6
96,11,0.03050150121181573,0.7963249683380127,1.3981624841690063,0.9935609030192789,0.0,0.0,False,1.0086666345596313,0.8761167069383435,4.362694263458252,0.29786455631256104,0.5000002980232239,7
96,12,0.020843493427986567,0.8120492100715637,1.406024694442749,2.1291444259872465,8.940696716308594e-08,0.0,False,0.9299817681312561,0.807771900340068,3.5917646884918213,0.3660690486431122,0.5000778436660767,6
96,13,-0.02227553893339981,0.829848051071167,1.4149240255355835,1.5974775006399742,0.0,0.0,False,0.9056892991065979,0.7866717298416385,3.903144121170044,0.33704671263694763,0.5000001192092896,5
96,14,0.07035183185100304,0.8276140093803406,1.4138070344924927,1.8610644367310234,2.9802322387695312e-08,0.0,False,0.9537353515625,0.8284040007593034,3.8978288173675537,0.33735477924346924,0.500241756439209,2
96,15,0.020650077858926454,0.7937080264091492,1.3968538045883179,1.6089539920900622,2.086162567138672e-07,0.0,False,1.0344364643096924,0.8985000966584191,4.580221652984619,0.2829071879386902,0.5000009536743164,3
96,16,0.0541082144242041,0.7911836504936218,1.3955917358398438,2.1729034553377944,8.940696716308594e-08,0.0,False,0.9503995180130005,0.8255065325531127,3.756803035736084,0.34771937131881714,0.5000000596046448,6
96,17,0.056054987544296934,0.7911047339439392,1.3955522775650024,0.9400278736921922,8.940696716308594e-08,0.0,False,0.892468273639679,0.775188093030868,3.307471990585327,0.39679020643234253,0.500471830368042,6
96,18,0.03127228026573518,0.800207257270813,1.4001036882400513,2.5550101591878733,5.960464477539063e-08,0.0,False,0.9387308359146118,0.8153712440602857,3.9424569606781006,0.33137083053588867,0.5000022053718567,2
96,19,-0.02589022445650839,0.8002706170082092,1.4001351594924927,1.7086530723941482,1.4901161193847656e-07,0.0,False,0.9475266933441162,0.8230112287507687,3.806915521621704,0.34366846084594727,0.5000002980232239,6
96,20,0.004816899762171245,0.8140416741371155,1.4070208072662354,1.5880689300922874,2.9802322387695312e-08,0.0,False,0.8348069190979004,0.7251040768377451,3.049703598022461,0.4338740110397339,0.5000004768371582,6
96,21,0.04415471971163532,0.8386106491088867,1.419305443763733,2.4341711733718014,1.1920928955078125e-07,0.0,False,0.8619883060455322,0.7487135295614122,3.2441623210906982,0.40933191776275635,0.5000782608985901,2
96,22,0.02806186312768369,0.813802182674408,1.406901240348816,1.9783910002719158,1.4901161193847656e-07,0.0,False,0.9807732105255127,0.851888786659533,3.8353779315948486,0.3420482873916626,0.5000040531158447,6
96,23,0.006934742714326322,0.7931082844734192,1.3965542316436768,1.4224104529280097,8.940696716308594e-08,0.0,False,0.8874952793121338,0.7708686050408899,3.2572197914123535,0.40332555770874023,0.5000641345977783,6
96,24,0.003958232520392542,0.8265800476074219,1.413290023803711,1.4845078857359362,0.0,0.0,False,0.8100026249885559,0.7035593407193578,2.9675393104553223,0.4475823938846588,0.50121009349823,4
97,1,0.007268318324866992,0.8078743815422058,1.4039371013641357,1.6193873759891309,8.940696716308594e-08,0.0,False,0.849543571472168,0.7379041704534868,3.147862434387207,0.4192869961261749,0.5000059604644775,7
97,2,0.011608389108888834,0.8037885427474976,1.4018943309783936,0.08327143188975693,5.960464477539063e-08,0.0,False,0.8259820938110352,0.7174389309860534,3.010240077972412,0.43867117166519165,0.5000025629997253,7
97,3,0.024015361960483775,0.8051272034645081,1.4025636911392212,0.03814989502490326,8.940696716308594e-08,0.0,False,0.8187721967697144,0.711176493985781,2.9833364486694336,0.44289591908454895,0.50001060962677,7
97,4,0.0037246178246066208,0.7864625453948975,1.3932313919067383,0.31677652503500914,1.1920928955078125e-07,0.0,False,0.8408560752868652,0.7303583071438218,3.0526363849639893,0.4305815100669861,0.5000199675559998,7
97,5,0.023072256201224512,0.7990797162055969,1.3995399475097656,0.26027386029292676,8.940696716308594e-08,0.0,False,0.8380358219146729,0.7279086661895974,3.0499343872070312,0.432290256023407,0.5000282526016235,7
97,6,-0.02678635316099834,0.7879586815834045,1.3939793109893799,0.2768796674962521,2.9802322387695312e-08,0.0,False,0.8207024335861206,0.7128530763820444,2.976208209991455,0.44214552640914917,0.5000630021095276,7
97,7,-0.025325149295655342,0.7844133973121643,1.3922066688537598,0.4166925835812937,2.9802322387695312e-08,0.0,False,0.9094603657722473,0.7899472367292002,3.358588218688965,0.3899388313293457,0.5000001192092896,7
97,8,0.006955879509749068,0.8208628296852112,1.4104313850402832,0.7769990075438313,2.9802322387695312e-08,0.0,False,0.9243833422660828,0.8029091694188896,3.8451693058013916,0.34167468547821045,0.5000048875808716,7
97,9,0.01091187929196781,0.8209729194641113,1.4104864597320557,0.41593816376650533,0.0,0.0,False,0.9393768310546875,0.8159323483096281,3.799255609512329,0.34598734974861145,0.5000089406967163,7
97,10,0.003102201005369469,0.8244768381118774,1.412238359451294,0.31442723956607366,5.960464477539063e-08,0.0,False,0.8741587400436401,0.7592846342169043,3.40098237991333,0.3885146379470825,0.5,7
97,11,0.01681986404244074,0.816015362739563,1.4080076217651367,1.463193472710272,5.960464477539063e-08,0.0,False,0.811349630355835,0.7047293347155645,2.9661333560943604,0.446711927652359,0.5000000596046448,5
97,12,-0.0018519992862611884,0.8176939487457275,1.4088468551635742,1.3110608879112724,1.1920928955078125e-07,0.0,False,0.8500508069992065,0.7383447496343231,3.125131607055664,0.423420786857605,0.5000306367874146,7
97,13,0.015819410807303317,0.8352670669555664,1.4176335334777832,1.286234039642469,0.0,0.0,False,0.8026164770126343,0.6971438141024305,2.9452805519104004,0.45204031467437744,0.5000000596046448,7
97,14,-0.000923104197196982,0.7991040945053101,1.3995521068572998,1.1068485496427525,5.960464477539063e-08,0.0,False,0.9156928658485413,0.7953607175123922,3.5236921310424805,0.37230807542800903,0.500001072883606,7
97,15,-0.013159838184300329,0.7871099710464478,1.393554925918579,1.3238975519179463,5.960464477539063e-08,0.0,False,0.8829251527786255,0.7668990435706853,3.487388849258423,0.37527769804000854,0.5000054836273193,5
97,16,0.02571789196078046,0.8349577188491821,1.4174787998199463,0.25926836187541913,5.960464477539063e-08,0.0,False,0.8303472399711609,0.721230448766141,3.0734782218933105,0.4325316846370697,0.5000002384185791,5
97,17,0.06708224184602771,0.7808123826980591,1.3904061317443848,2.1946675179125017,5.960464477539063e-08,0.0,False,0.936560869216919,0.8134864349348421,3.5698041915893555,0.3657331168651581,0.5011764168739319,2
97,18,0.0946608107457431,0.8181959390640259,1.4090979099273682,2.1219467618951176,5.960464477539063e-08,0.0,False,0.934363842010498,0.8115781213501623,3.5719003677368164,0.36870068311691284,0.5000102519989014,6
97,19,-0.0003639131241739077,0.8039250373840332,1.4019625186920166,2.419938011611806,0.0,0.0,False,0.890437662601471,0.7734243266932969,3.3241968154907227,0.39593106508255005,0.5000007152557373,3
97,20,0.020130984780498292,0.8057841062545776,1.402891993522644,0.5015953351892193,5.960464477539063e-08,0.0,False,1.0029256343841553,0.8711301375447138,4.469841480255127,0.2909771502017975,0.5,2
97,21,-0.00810519424206304,0.7681816220283508,1.384090781211853,1.4091560401031862,2.9802322387695312e-08,0.0,False,0.8391927480697632,0.7289135594798479,3.04036021232605,0.43044567108154297,0.5000025033950806,7
97,22,0.04545204131476895,0.7773737907409668,1.3886867761611938,0.82460999816637,1.1920928955078125e-07,0.0,False,1.0003347396850586,0.8688797150026937,4.379573822021484,0.2953723967075348,0.50285804271698,2
97,23,0.004605350801525894,0.8193492889404297,1.4096746444702148,1.1212637900823248,0.0,0.0,False,0.8195850849151611,0.7118825596577252,2.9951982498168945,0.4425881505012512,0.5000343322753906,7
97,24,0.02987301093449479,0.814301609992981,1.4071506261825562,0.29148162910769043,1.7881393432617188e-07,0.0,False,0.8465877175331116,0.7353367483433985,3.1022706031799316,0.4263020157814026,0.5001401901245117,7
98,1,-0.009635175553280285,0.7858474254608154,1.3929238319396973,1.6591936626604624,1.1920928955078125e-07,0.0,False,0.8209746479988098,0.7130895188166954,3.008659601211548,0.43700724840164185,0.500007152557373,5
98,2,0.04397216588839299,0.8181742429733276,1.409087061882019,1.4004884044228139,5.960464477539063e-08,0.0,False,0.8407330513000488,0.7302514498665895,3.1353211402893066,0.42204514145851135,0.5000455379486084,5
98,3,0.09501262279591069,0.8445127010345459,1.4222564697265625,2.4045802082607417,1.1920928955078125e-07,0.0,False,0.8957868814468384,0.7780705991473688,3.4354050159454346,0.3862234652042389,0.5000291466712952,2
98,4,0.011690738366515144,0.8365664482116699,1.4182833433151245,2.3279293495609235,1.1920928955078125e-07,0.0,False,0.8041536211967468,0.69847896057653,2.953885078430176,0.45081827044487,0.5,5
98,5,0.01477829010424374,0.8453349471092224,1.4226675033569336,0.038452551570671276,2.9802322387695312e-08,0.0,False,0.8026481866836548,0.6971713567727249,2.952585458755493,0.45195311307907104,0.5000002384185791,5
98,6,0.07330666010234986,0.8200061321258545,1.4100030660629272,2.286357364279475,0.0,0.0,False,0.8867476582527161,0.7702192296395703,3.3911750316619873,0.3892785608768463,0.5000714063644409,2
98,7,0.06976175498895855,0.8277106285095215,1.4138553142547607,2.526377072823426,0.0,0.0,False,0.8536616563796997,0.7414810935561871,3.270080804824829,0.4049541652202606,0.5000003576278687,5
98,8,-0.011696879273061862,0.8006823658943176,1.400341272354126,1.2398353565180933,8.940696716308594e-08,0.0,False,0.8065453767776489,0.7005564130782242,2.9364633560180664,0.4497051537036896,0.5000340342521667,5
98,9,0.002604301125011279,0.7988119125366211,1.3994059562683105,1.2421048339930914,0.0,0.0,False,0.8933415412902832,0.7759466036746321,3.6940741539001465,0.3544730246067047,0.5000042915344238,5
98,10,0.002869296932091944,0.8073132038116455,1.4036564826965332,0.42902412349860314,1.1920928955078125e-07,0.0,False,0.8935141563415527,0.7760965352031517,3.3807849884033203,0.3893764913082123,0.5000004768371582,5
98,11,0.027003869195737773,0.8398050665855408,1.4199025630950928,2.3338961039274158,2.9802322387695312e-08,0.0,False,0.9075570106506348,0.7882940034763629,3.744300365447998,0.35274428129196167,0.5000053644180298,2
98,12,0.017702389210442735,0.8258603811264038,1.4129302501678467,2.4846102602604216,5.960464477539063e-08,0.0,False,0.8098883628845215,0.7034600939168122,2.9663009643554688,0.44773250818252563,0.5000633001327515,5
98,13,-0.0016623927070937902,0.8312622308731079,1.4156310558319092,1.2532881934767615,5.960464477539063e-08,0.0,False,0.8749237656593323,0.7599491270237237,3.2791287899017334,0.4041268825531006,0.5000007152557373,7
98,14,-0.010523478287821804,0.8201622366905212,1.4100812673568726,2.12843335813328,1.4901161193847656e-07,0.0,False,0.9074090123176575,0.7881654537576771,3.4098355770111084,0.3870847225189209,0.5000121593475342,5
98,15,0.023012998836246117,0.8126989603042603,1.406349539756775,0.8442423503581294,5.960464477539063e-08,0.0,False,0.9126752614974976,0.7927396596759413,3.6690244674682617,0.358115553855896,0.5000016689300537,5
98,16,-0.0009684009629336195,0.8003523945808411,1.4001762866973877,1.7796426690113925,8.940696716308594e-08,0.0,False,0.8962240815162659,0.7784503463026489,3.399702548980713,0.38650453090667725,0.5000079870223999,7
98,17,0.0067000349550733265,0.8346793055534363,1.4173396825790405,1.4118949550010735,2.9802322387695312e-08,0.0,False,0.8307636976242065,0.7215921792874691,3.0671114921569824,0.4334322512149811,0.5000041723251343,5
98,18,-0.01927964054410148,0.8355972766876221,1.417798638343811,2.7161352063215474,0.0,0.0,False,0.8442717790603638,0.7333251497451149,3.1635870933532715,0.4198494553565979,0.5000000596046448,2
98,19,0.05644620715435049,0.8422161936759949,1.4211080074310303,0.02333468297197834,8.940696716308594e-08,0.0,False,0.8424666523933411,0.731757236643866,3.1668148040771484,0.42004793882369995,0.5000017881393433,2
98,20,-0.003271323672089274,0.8180297613143921,1.4090149402618408,2.228439193387145,5.960464477539063e-08,0.0,False,0.9185980558395386,0.7978841334763337,3.569586992263794,0.36892402172088623,0.5003974437713623,7
98,21,-0.006406417699158062,0.8171956539154053,1.4085979461669922,0.5122392315736164,1.1920928955078125e-07,0.0,False,0.8432431221008301,0.7324316696625212,3.1119613647460938,0.42522457242012024,0.5000014305114746,5
98,22,0.01106000614963347,0.8253679871559143,1.4126839637756348,0.06493780567145024,2.9802322387695312e-08,0.0,False,0.811306357383728,0.7046917482895614,2.9720799922943115,0.44678306579589844,0.5000001788139343,5
98,23,0.02518843709191757,0.7756625413894653,1.3878310918807983,1.556360883947024,1.7881393432617188e-07,0.0,False,0.9099056720733643,0.7903340248678639,3.357541561126709,0.3892521560192108,0.5000336766242981,7
98,24,0.021533086166642193,0.8237231373786926,1.411861538887024,1.4816314575529483,2.9802322387695312e-08,0.0,False,0.8002749681472778,0.6951100053433268,2.9294846057891846,0.45331430435180664,0.5000039935112,5
99,1,0.005107849800330395,0.7944014072418213,1.397200584411621,1.5166056869950677,1.1920928955078125e-07,0.0,False,0.9194818735122681,0.7986518077528837,3.968411684036255,0.32868722081184387,0.5,3
99,2,0.017826397244146475,0.7679927349090576,1.3839963674545288,1.7217600136896827,0.0,0.0,False,0.8210999369621277,0.71319834342752,2.9682581424713135,0.4411959648132324,0.5000125169754028,7
99,3,0.011915725917677911,0.8056174516677856,1.402808666229248,1.3340221170659439,5.960464477539063e-08,0.0,False,0.8190827965736389,0.7114462775476303,2.983147621154785,0.44297462701797485,0.5000965595245361,7
99,4,0.016474693574542565,0.8215094804763794,1.410754680633545,1.5678562437818773,5.960464477539063e-08,0.0,False,0.8021327257156372,0.6967236330646318,2.9345242977142334,0.45227208733558655,0.5000002384185791,7
99,5,0.00014631554324590198,0.8049389123916626,1.402469515800476,1.329805664817759,5.960464477539063e-08,0.0,False,0.8387514352798462,0.7285302400609394,3.059514045715332,0.4314996600151062,0.5000026226043701,7
99,6,-0.011498443241184632,0.77977454662323,1.3898873329162598,1.3586073884332344,5.960464477539063e-08,0.0,False,0.8305122256278992,0.7213737534867701,3.0503385066986084,0.4302157163619995,0.5000031590461731,5
99,7,0.029167039535135685,0.8448532819747925,1.422426700592041,0.10260653407713019,5.960464477539063e-08,0.0,False,0.8130239248275757,0.7061836084158808,2.9895150661468506,0.44613194465637207,0.5000000596046448,7
99,8,0.0769375237093031,0.7876026630401611,1.3938014507293701,2.4871759763196915,1.1920928955078125e-07,0.0,False,0.877366840839386,0.7620711551628679,3.289341926574707,0.3987317979335785,0.5000635385513306,2
99,9,0.09020119977064757,0.8166119456291199,1.4083061218261719,2.1953106567416656,1.4901161193847656e-07,0.0,False,0.903217077255249,0.7845243852254756,3.5562691688537598,0.37025168538093567,0.5000047087669373,6
99,10,-0.0006362823168073063,0.8221302628517151,1.4110652208328247,2.030502950462197,8.940696716308594e-08,0.0,False,0.9469788074493408,0.8225353411091416,3.7831451892852783,0.3476119339466095,0.5000000596046448,2
99,11,0.02057829139610242,0.8271465301513672,1.4135733842849731,0.6225533538782563,1.1920928955078125e-07,0.0,False,1.0325584411621094,0.8968688664786554,4.954617500305176,0.262246310710907,0.5,2
99,12,-0.007618661081546256,0.8069179058074951,1.403459072113037,1.4364264245780956,1.1920928955078125e-07,0.0,False,0.8747994899749756,0.759841182535822,3.2355916500091553,0.4074438810348511,0.5000115633010864,7
99,13,0.049619891368122386,0.8308066129684448,1.4154033660888672,0.8321960267992453,5.960464477539063e-08,0.0,False,0.9584041237831116,0.832459244784653,3.8591597080230713,0.3411247730255127,0.5001085996627808,7
99,14,0.005187504604137509,0.8145086765289307,1.4072543382644653,1.1669521712061997,0.0,0.0,False,0.8268073797225952,0.7181557652208195,3.019490957260132,0.43840640783309937,0.5000286102294922,7
99,15,0.03242898221710455,0.7853603363037109,1.3926801681518555,0.30317660670238056,0.0,0.0,False,0.8548268675804138,0.7424931831456311,3.1243371963500977,0.42027780413627625,0.5000412464141846,7
99,16,-0.0069797640945357805,0.8140228390693665,1.4070115089416504,2.1062742993303663,8.940696716308594e-08,0.0,False,0.9793277978897095,0.8506333171959278,3.9761528968811035,0.32944732904434204,0.5000319480895996,5
99,17,0.00710090436362987,0.8150575160980225,1.4075288772583008,2.711462360394368,1.1920928955078125e-07,0.0,False,0.8762449622154236,0.7610967037713638,3.3899481296539307,0.38898226618766785,0.5000248551368713,2
99,18,0.0231765862889987,0.8088304400444031,1.4044153690338135,0.12393470370030074,1.4901161193847656e-07,0.0,False,0.8907907605171204,0.773731023645973,3.5968284606933594,0.36526814103126526,0.5000004768371582,2
99,19,0.018144148000430807,0.7863581776618958,1.3931790590286255,1.2376430793105881,2.9802322387695312e-08,0.0,False,1.0237106084823608,0.8891837366594192,4.453546524047852,0.2908850610256195,0.5000016689300537,3
99,20,0.019376497274997552,0.8018603324890137,1.4009301662445068,0.7472099844602539,0.0,0.0,False,1.007314682006836,0.8749424158713954,4.166884899139404,0.312887579202652,0.4999999701976776,3
99,21,0.01305091172078375,0.8349997401237488,1.4174998998641968,2.666907692498241,2.9802322387695312e-08,0.0,False,0.9070311188697815,0.7878372196793573,3.6918931007385254,0.3575851321220398,0.5000162720680237,6
99,22,-0.019670556217434895,0.8354181051254272,1.4177091121673584,1.426509009763433,5.960464477539063e-08,0.0,False,0.9215258955955505,0.8004272227761996,3.9688339233398438,0.3316226601600647,0.500011682510376,5
99,23,0.058778023352413694,0.8400907516479492,1.4200453758239746,2.492574770694256,0.0,0.0,False,0.9393388628959656,0.8158993695859862,3.8587212562561035,0.3418594002723694,0.5000016689300537,2
99,24,0.019527879110845987,0.7967595458030701,1.3983796834945679,0.9171834373522816,8.940696716308594e-08,0.0,False,0.9612732529640198,0.8349513387269251,3.7320287227630615,0.3505633473396301,0.5000091791152954,3
100,1,0.038662178810346955,0.8027058839797974,1.401352882385254,1.3193117869751794,5.960464477539063e-08,0.0,False,0.982905387878418,0.8537407723771447,3.872229814529419,0.33780437707901,0.5006129741668701,6
100,2,-0.028589401281755165,0.8224455118179321,1.4112226963043213,1.8357075281934214,5.960464477539063e-08,0.0,False,0.9188107252120972,0.7980688557462777,3.507394790649414,0.3761104941368103,0.5000079274177551,7
100,3,0.11054331166695758,0.8236775994300842,1.4118386507034302,2.0727836782783893,1.4901161193847656e-07,0.0,False,0.9356380701065063,0.8126849018117273,3.752899169921875,0.35065096616744995,0.5000090599060059,2
100,4,0.036061934058985695,0.8149831891059875,1.407491683959961,1.8102812837402902,8.940696716308594e-08,0.0,False,0.9537525177001953,0.8284189110770568,3.7798752784729004,0.34737229347229004,0.5000002384185791,7
100,5,0.07402885472329371,0.8178203105926514,1.4089101552963257,2.2843488068331967,0.0,0.0,False,0.9961528182029724,0.8652473441558483,4.02779483795166,0.3253101408481598,0.5000007748603821,6
100,6,0.0781428716906484,0.8238154649734497,1.4119077920913696,1.283238773940661,5.960464477539063e-08,0.0,False,1.0062196254730225,0.8739912618513809,4.06392765045166,0.3226189911365509,0.5030654668807983,6
100,7,0.04474398617837684,0.8215606808662415,1.4107801914215088,2.0402310859585215,1.4901161193847656e-07,0.0,False,0.9834470748901367,0.8542112757373609,4.279684543609619,0.3055579364299774,0.5000001192092896,2
100,8,-0.0345698681574092,0.7949612736701965,1.3974807262420654,1.8739804060236067,8.940696716308594e-08,0.0,False,0.8921130895614624,0.7748795840604092,3.4991307258605957,0.37465816736221313,0.5000097751617432,6
100,9,0.011149460124176459,0.814278781414032,1.4071393013000488,1.7057147313973746,8.940696716308594e-08,0.0,False,0.8351755142211914,0.7254242344939485,3.051712989807129,0.4336019456386566,0.5000459551811218,6
100,10,0.0649085557584394,0.8443970084190369,1.4221984148025513,2.452607387143795,8.940696716308594e-08,0.0,False,0.8542402386665344,0.7419836437451856,3.2088372707366943,0.4145523011684418,0.5001368522644043,2
100,11,0.04349147489879761,0.8144006133079529,1.4072004556655884,2.1848385030473034,1.4901161193847656e-07,0.0,False,0.9678224325180054,0.8406398838095042,3.7877402305603027,0.3465762436389923,0.5000003576278687,6
100,12,0.011229230461734473,0.8040656447410583,1.4020328521728516,1.3896158755199792,2.9802322387695312e-08,0.0,False,0.9356683492660522,0.8127112019555421,3.5137853622436523,0.3738175630569458,0.5002651214599609,6
100,13,0.007127656697603701,0.8301835656166077,1.4150917530059814,1.5619429876349684,2.9802322387695312e-08,0.0,False,0.8103723526000977,0.7038804820423575,2.969870090484619,0.4476228952407837,0.5004703402519226,4
100,14,0.011627285222823419,0.8179354071617126,1.4089677333831787,2.7576624955834887,2.9802322387695312e-08,0.0,False,0.902942419052124,0.7842858201414223,3.804307699203491,0.3452759385108948,0.5000035762786865,2
100,15,0.03330784371185014,0.8078421354293823,1.403921365737915,1.6511701485847936,2.980232238769531e-07,0.0,False,1.0188047885894775,0.8849225956420385,4.161762237548828,0.31369754672050476,0.5000121593475342,6
100,16,0.010129541331635041,0.8066664934158325,1.403333306312561,0.9580310215866228,5.960464477539063e-08,0.0,False,1.0394954681396484,0.9028942915529737,4.196253299713135,0.31091365218162537,0.5003781914710999,6
100,17,0.013780688405349224,0.7997551560401917,1.3998775482177734,1.9772948820974858,2.9802322387695312e-08,0.0,False,0.941848874092102,0.8180795376099811,3.78942608833313,0.34526723623275757,0.5004103183746338,1
100,18,0.006310361853206064,0.811691403388977,1.4058457612991333,0.40240085813428145,5.960464477539063e-08,0.0,False,0.8087686896324158,0.7024875580869638,2.951448678970337,0.44853007793426514,0.500385046005249,1
100,19,0.011253793029968425,0.8029145002365112,1.4014573097229004,2.6137263854550863,5.960464477539063e-08,0.0,False,0.8272631764411926,0.7185516652203324,3.0181803703308105,0.43737998604774475,0.5003064274787903,5
100,20,-0.02446695860793897,0.7767934203147888,1.3883967399597168,2.6328111347024805,2.9802322387695312e-08,0.0,False,0.9394103288650513,0.8159614441380217,3.667167901992798,0.3553662598133087,0.5000486969947815,7
100,21,0.023905152242083727,0.8240653872489929,1.4120326042175293,1.2968911609004294,8.940696716308594e-08,0.0,False,0.8522024154663086,0.7402136130032806,3.253868579864502,0.4067014455795288,0.5000026226043701,2
100,22,-0.01080949723455387,0.7986284494400024,1.399314284324646,1.663749627825492,5.960464477539063e-08,0.0,False,0.9953386187553406,0.8645401395012979,4.202480316162109,0.30978524684906006,0.5041923522949219,1
100,23,0.006042284899350586,0.8161346316337585,1.4080673456192017,1.0457487563009689,2.9802322387695312e-08,0.0,False,0.9239827394485474,0.8025612102327084,3.604517936706543,0.3650638163089752,0.5000008344650269,5
100,24,-0.008038051469373005,0.8030136227607727,1.4015069007873535,1.3338657888894125,8.940696716308594e-08,0.0,False,0.8188303112983704,0.7112269716240084,3.0045948028564453,0.43943971395492554,0.5000031590461731,7
