stage,pass,episode,reward,noise,terminal_wealth,mean_turnover,q95_turnover,mean_cvar,mean_gross_exposure,fraction_at_gross_cap,mean_short_notional,max_abs_weight,mean_leverage_gate,q95_leverage_gate,std_leverage_gate,mean_effective_leverage,gate_gross_mae,fraction_at_position_cap,mean_direction_entropy,total_actions,update_count
pretrain,,1,0.13949594936828127,0.15,132074.96204476707,1.1144848720924485,1.5518286415508815,0.08613189317647713,1.2355743441398124,0.0,0.11778717206990613,0.4087280737502234,0.47114868368953466,0.754695814847946,0.19087890430046597,0.47114868827962453,4.2552571947555386e-08,0.0,1.1254906107982,24,0
pretrain,,2,-0.1426967239268223,0.1497,95439.37408023233,1.1608630830333346,1.575118787373815,0.079092619288459,1.2737084270809733,0.0,0.13685421354048666,0.424882852605411,0.5474168521662554,0.7915145844221115,0.1964079018558236,0.5474168541619465,4.692091829886872e-08,0.0,1.1339738070964813,48,0
pretrain,,3,0.09180477360534799,0.1494006,124236.09892352171,1.0263181335425802,1.4985600405505723,0.08606349858193907,1.2770896173037944,0.0,0.1385448086518972,0.4171085570539747,0.5541792040069898,0.8928540349006653,0.19843616919945797,0.5541792346075888,5.064620857882692e-08,0.0,1.1289144804080327,72,0
pretrain,,4,-0.39824557718621273,0.1491017988,77328.25663252395,0.940679634034279,1.4876975760928222,0.08754769582000976,1.2454084253071673,0.0,0.12270421265358374,0.3580216222575733,0.49081682475904626,0.8295739471912383,0.20484481888071143,0.49081685061433483,4.412695053801485e-08,0.0,1.1308167825142543,96,0
pretrain,,5,-0.15739969240602383,0.1488035952024,94247.63863851635,1.1664172763980571,1.6182434649871928,0.08030429286622352,1.2627915487003822,0.0,0.13139577435019115,0.41551992137517246,0.5255830871562163,0.8026158452033997,0.2315105224266217,0.5255830974007646,4.740875394112128e-08,0.0,1.1271245032548904,120,0
pretrain,,6,-0.054938158059342324,0.1485059880119952,104599.04698794617,1.030394702578806,1.3819091065653732,0.08242208590914744,1.2511238786003862,0.0,0.12556193930019316,0.3701816190566335,0.5022477501382431,0.7952796220779418,0.19439716064487747,0.5022477572007725,5.768656384056806e-08,0.0,1.1343190769354503,144,17
pretrain,,7,0.19229916871890343,0.14820897603597122,140853.77717894726,1.0543902643313188,1.3271478101611138,0.08145393277258317,1.2594898945230637,0.0,0.12974494726153182,0.3780553607004029,0.5189798041246831,0.754333347082138,0.21289918155480325,0.5189797890461272,5.3218432827240036e-08,0.0,1.1296968658765156,168,41
pretrain,,8,-0.06742981026838395,0.14791255808389928,104105.30751685315,1.091749465492155,1.563168201489108,0.08905332587426207,1.2886590173556691,0.0,0.1443295086778346,0.41858421691826414,0.5773180002967516,0.832787299156189,0.19231123905238734,0.5773180347113382,5.1089695492686125e-08,0.0,1.1302389800548553,192,65
pretrain,,9,0.056363105498201456,0.14761673296773145,119084.46775873263,1.0737358484239805,1.4998374416892015,0.08658068212778258,1.2601157567419465,0.0,0.13005787837097335,0.3772113568016461,0.5202314797788858,0.7861790657043456,0.1993602008609824,0.5202315134838934,5.038011641200768e-08,0.0,1.1315332303444545,216,89
pretrain,,10,0.12233845946224214,0.14732149950179602,128962.13681683847,1.1610969899976182,1.6348316564091614,0.08520012149272672,1.294378300618735,0.0,0.14718915030936755,0.38258662713425495,0.5887565637628237,0.8569108635187148,0.1933002114340722,0.5887566012374701,5.202101801179045e-08,0.0,1.129864404598872,240,113
pretrain,,11,0.3019623648192934,0.1470268565027924,168055.28081737683,1.0840129344502376,1.4557391394994088,0.08582945007343863,1.3028249991170708,0.0,0.1514124995585354,0.425118944474629,0.6056499990324179,0.8706656783819198,0.22042104983036018,0.6056499982341415,4.186516718481433e-08,0.0,1.1310015966494877,264,137
pretrain,,12,0.015195951840722722,0.14673280278978681,113876.8105781235,1.0650774505698963,1.4309029611093655,0.08888511473596881,1.2587627771510077,0.0,0.12938138857550388,0.3749070114323071,0.517525518933932,0.8170531183481216,0.1895445171721753,0.5175255543020155,5.297451497835818e-08,0.0,1.133610223730405,288,161
pretrain,,13,-0.7504244810501971,0.14643933718420726,60562.156863808144,1.0134593314668605,1.4004776130297354,0.08269027930436965,1.2217688464914405,0.0,0.11088442324572023,0.3702692176614489,0.4435376568386952,0.7211790770292282,0.19650142679486618,0.44353769298288076,5.264189978371192e-08,0.0,1.1357945054769516,312,185
pretrain,,14,-0.12668837594746513,0.14614645850983884,97396.72975321396,1.091376491290118,1.4988134995102882,0.08329988160204403,1.2449877093812185,0.0,0.12249385469060925,0.3880179982100214,0.4899753835052252,0.8597585558891295,0.21647241670963915,0.489975418762437,4.590089837848884e-08,0.0,1.1301227311293285,336,209
pretrain,,15,-0.03932148592277676,0.14585416559281916,105720.5989576124,1.0749918410410395,1.5054058408630744,0.0778600236430117,1.283024617348842,0.0,0.141512308674421,0.38326578587293625,0.5660492301297685,0.8283715486526488,0.21364401720504678,0.5660492346976839,5.574630843977838e-08,0.0,1.1296130965153377,360,233
pretrain,,16,0.10001946762699752,0.14556245726163353,125952.62691458779,1.1150735211780383,1.5634212457175765,0.08835936012556826,1.274290629063866,0.0,0.13714531453193302,0.41560534068516325,0.5485812549789747,0.8641054391860962,0.23506579754943002,0.548581258127732,5.494803190231323e-08,0.0,1.1329939564069111,384,257
pretrain,,17,-0.03438927438300573,0.14527133234711026,107357.52428458391,1.0760569970034772,1.502401552242892,0.08576849269080776,1.2159698211942753,0.0,0.10798491059713777,0.3679286800324917,0.4319396025190751,0.758028072118759,0.19566244018155193,0.4319396423885509,5.3883663235036274e-08,0.0,1.1306802034378052,408,281
pretrain,,18,-0.18057277492164345,0.144980789682416,92495.29410861504,1.0830626065421494,1.4580304619989222,0.0828639096510941,1.247910917021467,0.0,0.12395545851073364,0.3654612536941256,0.4958218136647095,0.8543080538511274,0.24765139808189307,0.4958218340429344,5.541369320812469e-08,0.0,1.13437819480896,432,305
pretrain,,19,0.2453781273319994,0.1446908281030512,155296.7244766953,1.0986079406658453,1.4977913689932654,0.0922444066444235,1.281291566833499,0.0,0.1406457834167495,0.3906586095690727,0.5625831012924513,0.8925948381423949,0.20460410537407792,0.562583133666998,5.472628846388735e-08,0.0,1.1306446840365727,456,329
pretrain,,20,0.08636346345975868,0.1444014464468451,122404.17916226314,1.0388045748363117,1.4993625532303536,0.08055913878135874,1.2321264479486715,0.0,0.11606322397433577,0.39258280715772087,0.46425288760413724,0.7268332988023757,0.2080901410623963,0.4642528958973431,5.991508559658835e-08,0.0,1.1231354574362438,480,353
pretrain,,21,-0.013453661017841694,0.1441126435539514,109149.78122081202,1.0363366346185405,1.364916520559096,0.08106784746280206,1.2313076528953388,0.0,0.11565382644766942,0.40021331927606035,0.4626152670631806,0.7665430784225463,0.23835902472845558,0.46261530579067767,6.675587168232984e-08,0.0,1.1295383473237355,504,377
pretrain,,22,-0.3362928528990902,0.1438244182668435,80745.24768245601,1.1071973697038455,1.5386485980025357,0.08152489476014414,1.2543905131141877,0.0,0.12719525655709388,0.39343743345567156,0.5087809932107726,0.7989005804061888,0.20243255060587112,0.5087810262283754,5.199884369385307e-08,0.0,1.134479468067487,528,401
pretrain,,23,0.04329108102762543,0.14353676943030982,116869.49386479781,1.3016396270887483,1.6119384763496263,0.0842113622189976,1.277629915957472,0.0,0.13881495797873608,0.4316630336855139,0.5552598138650259,0.8983657181262968,0.20108025344469704,0.5552598319149443,5.7254164020914544e-08,0.0,1.1317280183235805,552,425
pretrain,,24,0.12223067475498017,0.1432496958914492,128842.79659675418,1.1564619226957715,1.6275310946362358,0.08469141580078658,1.2727827276990171,0.0,0.13639136384950865,0.40530612745455336,0.5455654369046291,0.8469790786504745,0.1878686345612505,0.5455654553980344,5.388366319802884e-08,0.0,1.1262767513593037,576,449
pretrain,,25,0.16681649848346772,0.1429631964996663,135516.80531810567,1.0227793630079498,1.5328913412455998,0.07938970089950804,1.2285100609463242,0.0,0.11425503047316203,0.44021911546587944,0.4570200989643733,0.7786505401134489,0.17290176008387406,0.4570201218926481,5.947159866422543e-08,0.0,1.1269965867201488,600,473
pretrain,,26,-0.14999515430338986,0.14267727010666698,95038.67027362104,0.9875753044616431,1.4215059407055377,0.08149323374846519,1.1945230934901963,0.0,0.09726154674509807,0.44268382447106497,0.3890461986884475,0.8241608291864394,0.22275197686238987,0.38904618698039223,5.685502574293011e-08,0.0,1.1275579730669658,624,497
pretrain,,27,-0.03566267916321267,0.14239191556645361,107704.81577442173,1.0891225540433966,1.614054870179721,0.08933257363888936,1.2354445676430172,0.0,0.11772228382150866,0.3966233602591923,0.47088912036269903,0.7837416291236877,0.23996201621724464,0.47088913528603465,5.08457776808117e-08,0.0,1.1299195388952892,648,521
pretrain,,28,-0.01455059376965238,0.14210713173532072,108933.31850289405,1.0997281727558443,1.5463906332318271,0.08046484394434363,1.2286031369031185,0.0,0.11430156845155927,0.39167083906275885,0.4572062597920497,0.7846783638000489,0.19843861726997136,0.457206273806237,5.224276157974236e-08,0.0,1.126655787229538,672,545
pretrain,,29,0.05198498006302151,0.14182291747185008,117189.12148186931,0.9585817041806877,1.5304419846407005,0.07891124475909787,1.2441737281845973,0.0,0.12208686409229859,0.3982064202427864,0.48834741363922757,0.8379637509584424,0.21239068370644212,0.48834745636919435,5.993726002554804e-08,0.0,1.1281756261984508,696,569
pretrain,,30,-0.03337586863888177,0.14153927163690638,107221.91187743434,0.9896743796277968,1.5129010302679877,0.08394223511430714,1.2303826912483646,0.0,0.11519134562418222,0.3694509363600186,0.4607653745139639,0.7682396620512008,0.21510062359642157,0.46076538249672877,5.259755111082972e-08,0.0,1.1311836292346318,720,593
pretrain,,31,0.3314934976773372,0.14125619309363258,175983.02386167063,0.9903744415801373,1.4928444226937632,0.08355822890716919,1.2339195624171266,0.0,0.11695978120856343,0.36180703235524037,0.4678390972549096,0.7318714261054992,0.23648420486956925,0.46783912483425355,5.070718798553623e-08,0.0,1.130843073129654,744,617
pretrain,,32,0.005539531275276237,0.14097368070744531,110758.49871782387,1.2363301672573601,1.7971629558929372,0.07632934618723797,1.2748361453413963,0.0,0.1374180726706982,0.3937948431287493,0.5496722565342983,0.8150444626808167,0.20599931052996462,0.5496722906827927,5.1621879863332033e-08,0.0,1.1327128857374191,768,641
pretrain,,33,-0.11377141490153028,0.1406917333460304,99512.42237173684,1.1316054249182343,1.541097304012094,0.09072645745319115,1.270867131340007,0.0,0.1354335656700035,0.36171334449734005,0.5417342248062292,0.8222345203161239,0.2022353795998415,0.541734262680014,5.694372312570195e-08,0.0,1.1322607696056366,792,665
pretrain,,34,0.15823576482455154,0.14041034987933834,134901.26965445836,1.0576525658723854,1.542598978110722,0.08373447305575511,1.244594050283056,0.0,0.12229702514152797,0.41685386640684946,0.4891880728925268,0.8128165841102599,0.223414259052072,0.4891881005661119,6.031422383756535e-08,0.0,1.1289952447017033,816,689
pretrain,,35,-0.04052336359951619,0.14012952917957966,106400.71595221825,0.9291856175155511,1.3388346777962785,0.083900053022274,1.2598317744476455,0.0,0.12991588722382275,0.3948130596961294,0.5196635375420252,0.7982716530561447,0.20956509975829246,0.5196635488952909,5.587935451393614e-08,0.0,1.133394534389178,840,713
pretrain,,36,-0.13312790550947542,0.1398492701212205,96878.97065525541,1.0313443314461483,1.5320113540760105,0.08409345736902685,1.2679800476124954,0.0,0.1339900238062477,0.385984582560403,0.5359600863109032,0.7890590935945511,0.2160463376389196,0.5359600952249907,4.998097822654183e-08,0.0,1.1321746855974197,864,737
pretrain,,37,-0.08823869319969987,0.13956957158097807,101025.7456368417,1.0129437606249536,1.466388469881245,0.08199333536797769,1.2716829365097164,0.0,0.13584146825485818,0.3880613153534276,0.5433658606683215,0.8793700754642486,0.2297757431345436,0.5433658730194327,5.474846272631358e-08,0.0,1.1314350565274556,888,761
pretrain,,38,-0.08536614073048471,0.1392904324378161,101895.71405614018,1.1894066791227529,1.487047392981393,0.08664216171261907,1.2342135834818084,0.0,0.11710679174090427,0.4441642425954342,0.46842714461187523,0.7146361619234085,0.1730905115289454,0.468427166963617,4.035731158517445e-08,0.0,1.1317916959524155,912,785
pretrain,,39,-0.37137956823078566,0.13901185157294046,78328.73442974917,1.0488255800945419,1.4520648968539067,0.07892405914148344,1.2527238627718318,0.0,0.12636193138591592,0.3653588571718761,0.505447701861461,0.8316230446100235,0.2066190624680868,0.5054477255436636,4.638873390971909e-08,0.0,1.1311761389176052,936,809
pretrain,,40,-0.0007912599344948278,0.1387338278697946,110514.53889521096,1.1370851120556749,1.4857519664934704,0.0799441166143054,1.2398523327539719,0.0,0.11992616637698598,0.40215051120945383,0.47970463521778584,0.7005824267864227,0.17202829062014205,0.47970466550794394,5.104534683830764e-08,0.0,1.130338157216708,960,833
pretrain,,41,0.11588581084919776,0.138456360214055,127709.41024827451,1.0042703301379723,1.3596290890659604,0.08423877864261765,1.2219631932675838,0.0,0.11098159663379192,0.4061621353030205,0.44392636107901734,0.7216450214385987,0.188557738321008,0.4439263865351677,5.738721005806487e-08,0.0,1.1308290163675945,984,857
pretrain,,42,0.2373069458920006,0.1381794474936269,151097.6019730833,0.8993941401353194,1.5518598414957518,0.0840576516890544,1.2361407705715726,0.0,0.11807038528578623,0.3755487671920231,0.47228150504330796,0.879580396413803,0.2594757614282122,0.47228154114314486,6.066901347967502e-08,0.0,1.1270637313524883,1008,881
pretrain,,43,0.09223125390234127,0.13790308859863964,122248.03095975288,0.32768088987185845,0.6211759514574494,0.07479971722990507,1.091592192627667,0.0,0.0457960963138335,0.37496116757392883,0.18318436170617738,0.22262763902544971,0.021603837268381512,0.1831843852553339,4.155472628960174e-08,0.0,1.1108014931281407,1032,905
pretrain,,44,0.15524652205540895,0.13762728242144237,131894.33294756227,0.29592818090514766,0.5897463115464363,0.0721423242344983,1.0915156895560878,0.0,0.0457578447780439,0.3746032608406884,0.1830313572039207,0.22096896842122077,0.022951917525836543,0.1830313791121755,5.27749458763734e-08,0.0,1.108237311244011,1056,929
pretrain,,45,0.04951258075508953,0.13735202785659947,116120.01401253532,0.2769178172041263,0.6130368919777017,0.07442452628032756,1.0952913721003348,0.0,0.04764568605016742,0.37987952839050976,0.1905827447772026,0.21848662346601486,0.019548004813742113,0.19058274420066956,4.776354349071236e-08,0.0,1.1008871843417485,1080,953
pretrain,,46,0.0073279078316645626,0.13707732380088627,111016.84508582861,0.3214200971248959,0.5885994549574595,0.07658990751500477,1.0976032115563397,0.0,0.0488016057781698,0.37902601648654255,0.19520638758937517,0.22336990758776665,0.019874944206542663,0.1952064231126791,5.592370318681835e-08,0.0,1.0981620848178864,1104,977
pretrain,,47,-0.005779129571981406,0.13680316915328453,109401.9641997621,0.3049238347004921,0.5697148745081249,0.07643229869240019,1.0945040513761342,0.0,0.0472520256880671,0.39028796819703915,0.1890080620845159,0.21466841101646422,0.017587056384577544,0.18900810275226831,5.051316250466916e-08,0.0,1.09499029815197,1128,1001
pretrain,,48,0.11475947315056559,0.13652956281497794,126632.73744490948,0.2624475376769191,0.37318502994520314,0.07962942980010707,1.1000537374943848,0.0,0.0500268687471925,0.3924102389386722,0.20010747077564398,0.22807373479008675,0.016077666297378928,0.2001074749887699,3.79181334109191e-08,0.0,1.0897712260484695,1152,1025
pretrain,,49,0.3204958477624365,0.13625650368934797,171912.17539915472,0.3212295966666369,0.608508677993502,0.0815098221173879,1.1034372504800558,0.0,0.051718625240027925,0.388434531965426,0.20687448047101498,0.23504350781440736,0.017165421888635454,0.20687450096011162,3.9647732467488574e-08,0.0,1.0894900610049565,1176,1049
pretrain,,50,0.163511044846622,0.13598399068196929,134970.51707374197,0.2832668218096452,0.5712987035246831,0.07965533932419765,1.1038619685208513,0.0,0.051930984260425694,0.39678919528211865,0.20772392551104227,0.24475685358047483,0.023092433765035995,0.2077239370417027,6.120119772079491e-08,0.0,1.0826775580644608,1200,1073
pretrain,,51,0.06651969524402826,0.13571202270060534,119996.02425983314,0.2342293949221216,0.356436425819993,0.08343280100097093,1.107482719722958,0.0,0.05374135986147894,0.3976470854665552,0.21496543226142725,0.2568945690989494,0.025466973255844776,0.21496543944591565,5.038011646751883e-08,0.0,1.078277329603831,1224,1097
pretrain,,52,0.038403033017014906,0.13544059865520414,116025.49372337646,0.25474405876316486,0.3595691995163049,0.08309784977577411,1.1099265450833453,0.0,0.054963272541672714,0.39765341952443123,0.21985309446851412,0.25058126747608184,0.018858142336037075,0.21985309016669083,6.000378301636762e-08,0.0,1.0802720785140991,1248,1121
pretrain,,53,-0.04860544156183818,0.13516971745789375,105747.58494820519,0.21702727597827712,0.31887071135320844,0.08579780658854873,1.1148144673511742,0.0,0.057407233675587054,0.3980324646191938,0.2296289255221685,0.25498090088367464,0.02197094696070163,0.22962893470234813,5.237580765390012e-08,0.0,1.070831447839737,1272,1145
pretrain,,54,-0.2675065988837902,0.13489937802297794,85868.04263976438,0.23957024712026828,0.3457384152337908,0.08577415616865651,1.1153660672716796,0.0,0.05768303363583984,0.40785989112087656,0.23073212678233782,0.28180440366268156,0.026459147787812155,0.23073213454335928,5.157753117194611e-08,0.0,1.0689734667539597,1296,1169
pretrain,,55,0.08894050825373191,0.13462957926693198,123675.24527581327,0.24404486612461151,0.33891909484352384,0.08540853691934132,1.117597064424661,0.0,0.05879853221233048,0.4057565783815725,0.2351941131055355,0.27856556326150894,0.02811033438142324,0.2351941288493219,4.261909495687869e-08,0.0,1.0668924450874329,1320,1193
pretrain,,56,-0.048010065104361,0.13436032010839813,106003.1970584464,0.23270018008493243,0.5486361630527034,0.08720190961455042,1.118215336619566,0.0,0.05910766830978296,0.4127853720315865,0.23643065802752972,0.27880009114742277,0.025457890035926033,0.2364306732391318,4.607829310702508e-08,0.0,1.066786805788676,1344,1217
pretrain,,57,-0.20666192423720456,0.1340915994681813,90787.12968752217,0.24226731700556617,0.5562870133668179,0.08765350916282483,1.125270081151809,0.0,0.06263504057590452,0.41336625282253536,0.2505401565382878,0.2860034868121147,0.029525293678247435,0.25054016230361803,4.6388733965230244e-08,0.0,1.057059367497762,1368,1241
pretrain,,58,0.3044545334574827,0.13382341626924496,170754.9157886494,0.26771860303623335,0.3328936274296471,0.09159232439450489,1.1259036998131444,0.0,0.06295184990657231,0.41279849835804533,0.251807385434707,0.2902861312031746,0.02641037551328796,0.2518073996262891,4.674352353332504e-08,0.0,1.0586107422908146,1392,1265
pretrain,,59,0.025678681407949107,0.13355576943670647,115523.57591111171,0.2552607298296477,0.3218073219859175,0.09058095365057162,1.130023906694814,0.0,0.06501195334740693,0.41624794714152813,0.2600478157401085,0.3009911596775055,0.025933256316247245,0.26004781338962774,4.84731225713908e-08,0.0,1.0555728276570637,1416,1289
pretrain,,60,0.025516584006462263,0.13328865789783306,116513.95021883513,0.2823368046166641,0.5300803900829378,0.09684757486635065,1.1351761615036855,0.0,0.06758808075184271,0.4196849417473589,0.2703523077070713,0.30467268377542495,0.023595584045477052,0.2703523230073707,4.173212105514542e-08,0.0,1.0541487435499828,1440,1313
pretrain,,61,-0.028451303989465045,0.13302208058203738,109056.08538507074,0.23363816008592644,0.5252271116844239,0.09290994001947235,1.1370503237426635,0.0,0.0685251618713318,0.42538820473211153,0.27410062961280346,0.30945281982421874,0.0290581279204431,0.2741006474853271,5.5036729266581354e-08,0.0,1.052654708425204,1464,1337
pretrain,,62,-0.27242762407404497,0.13275603642087333,86214.26269072006,0.31183174529689406,0.5552173161613089,0.09377227864306294,1.1349617476752472,0.0,0.06748087383762358,0.4160421123462064,0.2699234740187724,0.3290790244936943,0.03193795078025014,0.26992349535049426,5.5125426649353195e-08,0.0,1.0546029210090637,1488,1361
pretrain,,63,-0.08786461033391943,0.13249052434803157,102029.7293891731,0.24021842069036903,0.4650957068694485,0.08979843318094305,1.1390193294778113,0.0,0.06950966473890559,0.4216046343956675,0.2780386408170064,0.30276231169700624,0.01661195612749587,0.2780386589556223,4.8650517355438204e-08,0.0,1.0500462104876835,1512,1385
pretrain,,64,0.20839608360934758,0.1322255432993355,147376.14964266316,0.2907438601278478,0.4956404040434527,0.09422339412963811,1.1475370921682388,0.0,0.07376854608411947,0.41291086535368643,0.2950741418947776,0.32717995196580885,0.024159650964353588,0.29507418433647786,5.876201956504327e-08,0.0,1.0521749804417293,1536,1409
pretrain,,65,0.07032500315094067,0.13196109221273683,122203.94572269282,0.24873770471839676,0.5403305279889276,0.09280901129528575,1.1468641684346257,0.0,0.0734320842173128,0.4240008241363934,0.29372832489510375,0.33057378232479095,0.024609102193518386,0.2937283368692512,3.5745047366475546e-08,0.0,1.0544470846652985,1560,1433
pretrain,,66,0.32352420873386695,0.13169717002831136,178569.55851156334,0.26725990045815706,0.48729712489460164,0.0970582722474833,1.1567390130478001,0.0,0.07836950652390011,0.4109786014471735,0.31347801350057125,0.3631560444831848,0.03296819914580255,0.3134780260956003,5.3218432845743756e-08,0.0,1.0556313792864482,1584,1457
pretrain,,67,-0.24748329557801088,0.13143377568825473,88039.69080948192,0.26745457441679066,0.5205367328865187,0.09302663702319526,1.1567221915438062,0.0,0.07836109577190309,0.41610737943223547,0.3134443648159504,0.35540191680192945,0.024555612143038984,0.31344438308761235,5.7653302187876676e-08,0.0,1.0547419240077336,1608,1481
pretrain,,68,0.24234336686543143,0.13117090813687823,155032.4991168489,0.23624119335519414,0.4576622596276655,0.09385882211138274,1.1595090385082931,0.0,0.0797545192541466,0.40846145525574684,0.31901805227001506,0.3530405595898628,0.02314302487383503,0.3190180770165864,4.816268171318564e-08,0.0,1.0516330202420552,1632,1505
pretrain,,69,0.30605005593581525,0.13090856632060446,172027.95496533412,0.2525217737115565,0.31307916763637744,0.09387422783298403,1.1605945442404064,0.0,0.08029727212020331,0.41136280287589344,0.3211890794336796,0.36484306752681733,0.032180558221903285,0.3211890884808131,3.7785087262746466e-08,0.0,1.0518973966439564,1656,1529
pretrain,,70,-0.1978151275268887,0.13064674918796326,92328.03083618502,0.23799605929248388,0.3242506215614932,0.09560036403556575,1.1665762669096391,0.0,0.08328813345481954,0.4161831390644823,0.33315252388517064,0.3698107376694679,0.032080804170482605,0.33315253381927806,5.2154064196970516e-08,0.0,1.0518619616826375,1680,1553
pretrain,,71,0.1301062132456181,0.13038545568958734,132484.23715643576,0.25370732694864273,0.5395735912024975,0.09590584178499763,1.1687022216085876,0.0,0.08435111080429385,0.41836053133010864,0.33740441749493283,0.38307291865348814,0.025100528972841207,0.3374044432171754,4.789658952786269e-08,0.0,1.0495489190022151,1704,1577
pretrain,,72,0.24081732375038933,0.13012468477820816,155460.87301688586,0.2519432588790854,0.3285189317805426,0.0966116708302044,1.1752003271221405,0.0,0.08760016356107025,0.42033078734363827,0.3504006353517373,0.4067645937204361,0.0394270194579651,0.35040065424428096,5.880636827493291e-08,0.0,1.0496235688527424,1728,1601
pretrain,,73,0.22952033824989246,0.12986443540865175,152474.43384774722,0.2604983799336921,0.3261599058551447,0.09552667167142082,1.182006573748021,0.0,0.09100328687401045,0.4222809337079525,0.3640131391584873,0.40843054950237273,0.03494328007249948,0.36401314749604174,4.630003652694725e-08,0.0,1.0525915920734406,1752,1625
pretrain,,74,0.14896618019623178,0.12960470653783443,135778.54036437132,0.25368401989163386,0.5558466008731296,0.09545034271699465,1.187202598012629,0.0,0.09360129900631453,0.42159155011177063,0.3744051742057006,0.4331866085529327,0.03194648811240745,0.37440519602525796,4.630003654545097e-08,0.0,1.0534153282642365,1776,1649
pretrain,,75,0.14720829004514435,0.12934549712475876,135777.07419113774,0.2598218933368723,0.48999801251505065,0.0969086237262471,1.182581811389398,0.0,0.09129090569469901,0.4055674336850643,0.36516357958316803,0.4292236283421516,0.04602352667014846,0.365163622778796,5.5258472760518394e-08,0.0,1.057758867740631,1800,1673
pretrain,,76,0.014244990361194622,0.12908680613050924,114995.09482234287,0.28019814738737686,0.33453230341630313,0.09679391706264577,1.1919051971552628,0.0,0.09595259857763139,0.41158815526536535,0.3838103748857975,0.421550615131855,0.025556075110223436,0.3838103943105255,4.958183993005368e-08,0.0,1.0551118304332097,1824,1697
pretrain,,77,-0.03804828071477678,0.12882863251824822,108548.38059120349,0.2541401078037563,0.3633735873869486,0.09733340238103512,1.1930267511467847,0.0,0.09651337557339244,0.4187387989035674,0.3860534727573395,0.4567855522036552,0.043477016650388896,0.38605350229356966,5.5081077976470993e-08,0.0,1.0572952230771382,1848,1721
pretrain,,78,0.00278814414926536,0.12857097525321173,114003.10235552517,0.21311798878014088,0.33948646443230757,0.10003562030280173,1.20929772899087,0.0,0.10464886449543494,0.4225739325795855,0.41859542826811474,0.4905118465423584,0.04386743950774414,0.41859545798173975,6.270905330193106e-08,0.0,1.048843761285146,1872,1745
pretrain,,79,0.1551093603211107,0.12831383330270532,137680.5034219491,0.25209757698965923,0.3544042787913765,0.09880949130860235,1.2069840692870675,0.0,0.1034920346435337,0.41974921790616854,0.4139681135614713,0.4732509225606918,0.032895601404082285,0.4139681385741348,4.8251379151468633e-08,0.0,1.0513320863246918,1896,1769
pretrain,,80,-0.12214331383004601,0.1280572056360999,99681.7461208839,0.2541162670323891,0.3304163008928299,0.09912551179024952,1.2117356487904631,0.0,0.10586782439523156,0.424890963094575,0.42347126950820285,0.48015464544296266,0.05024763660167137,0.4234712975809262,4.359476618587266e-08,0.0,1.054697295029958,1920,1793
pretrain,,81,0.08857168387041972,0.12780109122482772,125908.12608334803,0.18057342516701846,0.30480529948004653,0.0976653361079101,1.215375950781717,0.0,0.10768797539085861,0.41746061614581514,0.43075185889999074,0.46963630318641664,0.03497318541500638,0.4307519015634344,6.199947423975634e-08,0.0,1.0549793740113576,1944,1817
pretrain,,82,0.1654051121935313,0.12754548904237806,140065.3662898577,0.25463659032469704,0.3476962992655379,0.10053543279979811,1.2293575918745427,0.0,0.11467879593727137,0.4285541022462504,0.45871516813834506,0.5071946084499359,0.04185912504212742,0.45871518374908543,6.794219927404772e-08,0.0,1.0511410335699718,1968,1841
pretrain,,83,0.25536568925851816,0.1272903980642933,159080.00577686587,0.25272401045298293,0.38997296148112837,0.09668316666759201,1.2294061709461468,0.0,0.1147030854730734,0.42425098216959406,0.45881231874227524,0.504066115617752,0.03314683222887081,0.45881234189229353,5.791939439170335e-08,0.0,1.0582819332679112,1992,1865
pretrain,,84,-0.05686594571020648,0.1270358172681647,106847.14149253126,0.19532692862585896,0.32840170370680943,0.1007912258220437,1.231030726140099,0.0,0.11551536307004946,0.4256551718073232,0.46206144243478775,0.5135207593441009,0.03723852313652624,0.46206145228019785,4.5324365297953286e-08,0.0,1.0611419429381688,2016,1889
pretrain,,85,-0.1142888019797947,0.12678174563362837,100983.79835660332,0.21665728065584386,0.356761625249471,0.10335911877268689,1.2448348467282597,0.0,0.12241742336412982,0.42739937348025187,0.48966968183716136,0.5559425771236419,0.04508746247155914,0.48966969345651923,5.57906571311643e-08,0.0,1.0571681410074234,2040,1913
pretrain,,86,0.09283776781767039,0.1265281821423611,126464.20461782685,0.1889551916558828,0.36747811473906034,0.0970205376609997,1.2442418858852415,0.0,0.12212094294262077,0.43320308519261225,0.4884837580223878,0.5508304804563522,0.03958549339366495,0.4884837717704829,5.685502570592268e-08,0.0,1.0638457586367924,2064,1937
pretrain,,87,0.10235778531393333,0.1262751257780764,128134.92851121447,0.22015168943575447,0.3844564880111387,0.0976790714675746,1.2447836385330275,0.0,0.12239181926651371,0.42768541457397596,0.48956725125511485,0.5542257159948348,0.03746908310572031,0.4895672770660548,4.5146970532409604e-08,0.0,1.0624870558579762,2088,1961
pretrain,,88,-0.03586924782460012,0.12602257552652024,109303.48215258407,0.2194767285227066,0.3901914839765855,0.10082109296044232,1.2542828230985574,0.0,0.1271414115492787,0.42768737035138266,0.5085656208296617,0.554618701338768,0.03962826953362434,0.5085656461971148,4.612264176140357e-08,0.0,1.064185048143069,2112,1985
pretrain,,89,0.29225364902123396,0.1257705303754672,169923.1156087484,0.21627996804281358,0.40060959782983563,0.09937075044422554,1.2578559301438785,0.0,0.1289279650719393,0.42705574418817244,0.5157118414839109,0.5819384336471558,0.052476350348666184,0.5157118602877572,5.002532688092032e-08,0.0,1.068090409040451,2136,2009
pretrain,,90,0.09162571738569343,0.12551898931471625,126993.6849951507,0.2347719224081153,0.42894852608442297,0.10077796062985138,1.2433803423440881,0.0,0.12169017117204413,0.4352830669709614,0.4867606647312641,0.5652986198663712,0.06824233752956227,0.4867606846881764,5.0823603362874316e-08,0.0,1.0790197749932606,2160,2033
pretrain,,91,0.07948427294441231,0.12526795133608684,124990.50460953638,0.30928562195705517,0.496852525163974,0.10037912661662744,1.2633122361398168,0.0,0.13165611806990848,0.42401674176965437,0.5266244647403558,0.5995706051588058,0.06574690515503086,0.5266244722796338,5.5081078031982145e-08,0.0,1.0755698730548222,2184,2057
pretrain,,92,0.07282468835061495,0.12501741543341466,123298.13150446535,0.250682479879331,0.5750748925443204,0.0967775107965372,1.2620862153403107,0.0,0.13104310767015534,0.4357978595154626,0.5241724203030268,0.6012718498706817,0.0721176888220863,0.5241724306806212,4.798528696614568e-08,0.0,1.0724356919527054,2208,2081
pretrain,,93,0.017336200682829962,0.12476738060254783,116037.27179604805,0.2058960926674661,0.48589931226202393,0.10072644582506578,1.2931339497722332,0.0,0.14656697488611656,0.4314567766019276,0.5862678637107214,0.6500663042068482,0.04391048029404345,0.5862678995444661,6.776480449000033e-08,0.0,1.0605912953615189,2232,2105
pretrain,,94,0.1498315929604078,0.12451784584134273,137471.73140146254,0.25987070523912,0.40650989014123157,0.10228844096729307,1.3045178212757622,0.0,0.15225891063788108,0.4372034456048693,0.6090356210867564,0.6735993593931198,0.04365064186256989,0.6090356425515243,5.587935443992128e-08,0.0,1.0573008060455322,2256,2129
pretrain,,95,0.16361891304031687,0.12426881014966004,140092.94890546848,0.19254963521269106,0.3795832805867706,0.10214107261820952,1.2898187411594249,0.0,0.14490937057971245,0.4378946971680437,0.5796374815205733,0.6592169106006621,0.05098156281925721,0.5796374823188498,5.06462085603232e-08,0.0,1.0710813303788502,2280,2153
pretrain,,96,0.06398011861136589,0.12402027252936072,123061.72381653867,0.21726858762225934,0.43936656181301387,0.10284960844039587,1.2929308771466215,0.0,0.14646543857331076,0.4498129497681345,0.5858617313206196,0.67005755007267,0.07853674011073383,0.585861754293243,4.816268167617821e-08,0.0,1.066806137561798,2304,2177
pretrain,,97,0.2619312565905584,0.123772231984302,160781.24064701895,0.2640278133164559,0.4858604138450963,0.09675469690490507,1.265989149565853,0.0,0.13299457478292642,0.41623485726969583,0.5319783066709837,0.6492218911647796,0.07560480867559478,0.5319782991317057,5.8451578725341825e-08,0.0,1.0899558713038762,2328,2201
pretrain,,98,0.15811429420999418,0.12352468752033341,138327.06187783703,0.3339932615469609,0.8830148892743245,0.09913447096257817,1.2846812133544259,0.0,0.1423406066772129,0.4568945201379912,0.5693624007205168,0.6789946109056472,0.0998757361016805,0.5693624267088516,6.146728992462158e-08,0.0,1.0733411113421123,2352,2225
pretrain,,99,0.10543920158432162,0.12327763814529273,128954.28423424151,0.24427405021907322,0.6297605046204157,0.09924348742981064,1.2933774044559823,0.0,0.14668870222799127,0.44261556012289865,0.5867547864715258,0.6792202562093734,0.09728021691853887,0.5867548089119651,5.029141899222841e-08,0.0,1.0704374412695568,2376,2249
pretrain,,100,0.23901804469735388,0.12303108286900215,155353.32704396287,0.23394164451885793,0.6436375405639408,0.09773998688127013,1.3072617461106606,0.0,0.15363087305533038,0.4531127139925957,0.6145234890282154,0.6965221762657166,0.08386984875941242,0.6145234922213213,6.066901340566015e-08,0.0,1.066532830397288,2400,2273
pretrain,,101,-0.3744578103300863,0.12278502070326415,79879.05697795235,0.3328252055105709,0.9309647207813604,0.10213767867267602,1.3232743938763936,0.0,0.16163719693819686,0.45196700628314695,0.6465487716098627,0.7092747926712036,0.07813190794940307,0.6465487877527872,5.3041038061696355e-08,0.0,1.0529116193453472,2424,2297
pretrain,,102,-0.030394204047933235,0.12253945066185762,110129.23346459462,0.287104767215039,0.4962108979799914,0.10197507233242593,1.305389656640944,0.0,0.15269482832047201,0.4492598649646555,0.6107792978485426,0.6860435038805008,0.06863573146814848,0.6107793132818881,7.166748957250964e-08,0.0,1.074355552593867,2448,2321
pretrain,,103,0.18438362986647028,0.1222943717605339,142233.70777841884,0.3713124309710804,1.0491655113973783,0.09379012365693769,1.255006482359022,0.0,0.12750324117951095,0.453850728060518,0.5100129606823126,0.7115509450435638,0.16193866395032677,0.5100129647180438,5.0956649455535796e-08,0.0,1.096296449502309,2472,2345
pretrain,,104,0.19501790252928358,0.12204978301701283,144925.13109958032,0.3410874660171213,0.6164959679756845,0.09580887203815319,1.2871212111120778,0.0,0.1435606055560389,0.4654718334121363,0.5742424198736747,0.7284497588872909,0.17088020429569217,0.5742424222241554,5.379496579675328e-08,0.0,1.0782415469487507,2496,2369
pretrain,,105,0.2536044965080179,0.12180568345097881,159772.30533804154,0.32266223874120487,0.6304103816194191,0.10042066972603392,1.302403326944581,0.0,0.15120166347229058,0.456435464322567,0.6048066355288029,0.6900528132915497,0.08632747442346196,0.6048066538891621,6.572476451971454e-08,0.0,1.073223700126012,2520,2393
pretrain,,106,0.05749589371563198,0.12156207208407685,121558.31616200527,0.3329151146379965,0.8566672060638665,0.09987807084219086,1.3189409153447265,0.0,0.15947045767236326,0.4589558265038899,0.6378817955652872,0.7307539820671082,0.0830122403978202,0.6378818306894529,7.503799033988419e-08,0.0,1.0646032989025116,2544,2417
pretrain,,107,0.14075457262090163,0.12131894793990869,135618.96277388025,0.38548286134998005,0.8173731793782535,0.10157117959549573,1.3139864324281614,0.0,0.15699321621408066,0.45618717053106855,0.6279728325704733,0.7225577116012573,0.08364312396065987,0.6279728648563226,5.587935453243986e-08,0.0,1.069014276067416,2568,2441
pretrain,,108,-0.1328165585167801,0.12107631004402887,99282.21040388754,0.3332600075130661,0.5671891133700097,0.10465563989214692,1.341326993712712,0.0,0.17066349685635598,0.4665017170565469,0.6826539610822996,0.7449031203985214,0.05410679830117945,0.6826539874254238,6.253165855489111e-08,0.0,1.0578875243663788,2592,2465
pretrain,,109,0.14008060023137445,0.12083415742394082,133526.3021458351,0.5616500852629542,0.9818662991747259,0.09250273389571888,1.2355282141472257,0.0,0.11776410707361289,0.4662104004195758,0.47105641787250835,0.6752214699983596,0.15728388324569473,0.47105642829445143,5.707676916285228e-08,0.0,1.1048005868991215,2616,2489
pretrain,,110,0.1565897388993759,0.12059248910909294,139464.03721089335,0.3948328907025002,0.8396551121026276,0.10531627836748403,1.357119820036349,0.0,0.17855991001817442,0.4693434962204524,0.7142396221558253,0.776883864402771,0.05145310142662496,0.7142396400726977,6.723262017486557e-08,0.0,1.0595718721548717,2640,2513
pretrain,,111,0.26378811674550917,0.12035130413087475,161787.64614955318,0.43433605225401983,0.7525738038654838,0.09843143215752104,1.2828865772822784,0.0,0.14144328864113917,0.4713057151862553,0.5657731338093678,0.7688146710395813,0.19000575652930315,0.5657731545645567,5.667763097738643e-08,0.0,1.090357467532158,2664,2537
pretrain,,112,0.19949179459212785,0.120110601522613,145877.17240950777,0.5824893213631143,1.3247208073735237,0.09583332572657104,1.2996808088251524,0.0,0.14984040441257615,0.4728373023016112,0.5993616059422493,0.7480727225542068,0.12706430655187884,0.5993616176503046,5.357322237683112e-08,0.0,1.0874895602464676,2688,2561
pretrain,,113,-0.20863221679247426,0.11987038031956777,91527.2599275838,0.40038244022677344,1.0009721121085537,0.0967179529503137,1.2711536237260417,0.0,0.1355768118630208,0.47216952805008205,0.5423072303334872,0.7074384093284607,0.13367353318856565,0.5423072474520831,6.288644817849705e-08,0.0,1.0923794955015182,2712,2585
pretrain,,114,0.2454029770385557,0.11963063955892864,156355.03558238424,0.41915973242638366,0.9413633191159791,0.09585579974291604,1.268831467965529,0.0,0.13441573398276455,0.48710873403719496,0.5376629140228033,0.7561446070671081,0.18647509829260195,0.5376629359310582,6.208817160402447e-08,0.0,1.1034185886383057,2736,2609
pretrain,,115,0.0788039777190099,0.11939137827981078,125006.14049455755,0.49179966876371983,1.088626088787402,0.10102943292976889,1.3490879463386678,0.0,0.1745439731693339,0.48177644716841833,0.698175884783268,0.772937348484993,0.08477929327102095,0.6981758926773356,5.6145446680755384e-08,0.0,1.0628343323866527,2760,2633
pretrain,,116,0.020739957782464853,0.11915259552325115,115946.1267430897,0.34810971284639974,0.7915614293089934,0.09732543717913054,1.3018128683214032,0.0,0.1509064341607016,0.48091729411057066,0.6036257110536098,0.7557384461164474,0.13801349360395643,0.6036257366428063,5.077925465298468e-08,0.0,1.084558332959811,2784,2657
pretrain,,117,0.16789692957369498,0.11891429033220466,138538.64578868775,0.640143145651867,1.3491215571761128,0.09190234998142377,1.2617493572511844,0.0,0.13087467862559218,0.47988336586526464,0.5234986810634533,0.7779688507318496,0.19818309628794697,0.5234987145023686,5.9515947374115065e-08,0.0,1.1053367753823597,2808,2681
pretrain,,118,0.22128787057525354,0.11867646175154024,151795.34209978985,0.41792633162722703,1.0617999978363508,0.09994198894959823,1.3664985016165747,0.0,0.18324925080828725,0.48381548055580686,0.7329969815909863,0.7964131742715835,0.06708249212081904,0.732997003233149,4.718701044718424e-08,0.0,1.0559778610865276,2832,2705
pretrain,,119,0.284772476567898,0.11843910882803717,167573.57764845912,0.6592994320782878,1.2675590638071292,0.09872894448696617,1.3199332961369128,0.0,0.15996664806845642,0.49448846759540693,0.6398665520052115,0.8113430768251418,0.17206380780468716,0.6398665922738257,5.286364325914524e-08,0.0,1.0894832611083984,2856,2729
pretrain,,120,0.261061815860406,0.11820223061038108,161101.77075603275,0.5357562446345886,1.1193935913699011,0.09851045219616683,1.3170210785631624,0.0,0.15851053928158113,0.4849776551127434,0.6340421214699745,0.8024950712919235,0.15226593728771848,0.6340421571263245,5.7475907459340427e-08,0.0,1.104595477382342,2880,2753
pretrain,,121,0.10560941015700084,0.11796582614916032,129036.00577591473,0.3495124528805415,1.0142024801245755,0.0995109157340145,1.375067765913194,0.0,0.18753388295659704,0.4976975289838655,0.7501355210940043,0.8049994319677353,0.07414000708494571,0.7501355318263881,3.69868108177999e-08,0.0,1.052780956029892,2904,2777
pretrain,,122,0.23849154749281576,0.11772989449686201,156104.3425945263,0.5389741437420958,1.18455999355231,0.10075940257384657,1.368498263481472,0.0,0.18424913174073612,0.48748493301016943,0.7369965153435866,0.8258080899715423,0.10021621259679196,0.7369965269629444,5.898376307748402e-08,0.0,1.0661175747712452,2928,2801
pretrain,,123,0.03799487988592149,0.11749443470786829,120132.87300394365,0.3777137457260064,0.6737815326878003,0.10799457949155648,1.373253879004291,0.0,0.1866269395021456,0.4930220374039241,0.7465077415108681,0.8195641249418258,0.06142296210865936,0.7465077580085823,4.488087831007922e-08,0.0,1.0686283310254414,2952,2825
pretrain,,124,0.3047644906861814,0.11725944583845255,170009.68209755662,0.5636298816784152,1.3661182875079763,0.08919476279657478,1.2640646533109248,0.0,0.1320323266554624,0.4943725700889315,0.528129305690527,0.7745254397392273,0.18166611511087194,0.5281293066218495,5.228711027112828e-08,0.0,1.110056941707929,2976,2849
pretrain,,125,0.03700487488102963,0.11702492694677565,118988.46035395039,0.4135552870020979,0.7820259481136284,0.10214791153472469,1.3729870777488464,0.0,0.18649353887442324,0.4896799081138202,0.7459741284449896,0.8026750981807709,0.0670638689755481,0.7459741554976929,6.217686909781861e-08,0.0,1.0546540319919586,3000,2873
pretrain,,126,0.1424969407414606,0.11679087709288209,135341.80868867226,0.45708130628225346,0.8242376916110514,0.09886089617396171,1.3630900868170317,0.0,0.18154504340851593,0.5026490592530795,0.726180162280798,0.8215437680482864,0.1100882241374913,0.7261801736340635,5.676632834165455e-08,0.0,1.0673828125,3024,2897
pretrain,,127,0.03352155959396562,0.11655729533869633,117768.38487406152,0.6113852125902971,1.3969435929187706,0.09779509838315252,1.3459905844536564,0.0,0.1729952922268283,0.48589821798460825,0.6919811454912027,0.7867552667856217,0.12138602621852028,0.6919811689073131,4.9670537294321804e-08,0.0,1.0708057234684627,3048,2921
pretrain,,128,0.2867167667102363,0.11632418074801894,166265.9932876403,0.568356035632037,1.130800236282604,0.09319777760252967,1.3062207497478948,0.0,0.15311037487394755,0.5013084943805421,0.6124414801597595,0.824688857793808,0.19957018975005816,0.6124414994957901,5.21540641784668e-08,0.0,1.0976328005393345,3072,2945
pretrain,,129,0.1458953601587002,0.1160915323865229,133920.34175642094,0.7173709232094031,1.4694958179656945,0.08949340751540541,1.3021873144344205,0.0,0.15109365721721027,0.480821247611727,0.6043746235469977,0.7999864518642426,0.17003810958476967,0.604374628868841,2.9624927585144196e-08,0.0,1.1133073419332504,3096,2969
pretrain,,130,-0.2818111473916306,0.11585934932174985,86080.70659166486,0.5791196077618571,1.0468548803457192,0.10009220507437694,1.3555899050441524,0.0,0.17779495252207633,0.49563693893807276,0.7111797891557217,0.832182714343071,0.11715904983757795,0.7111798100883053,5.126709031374096e-08,0.0,1.08656079073747,3120,2993
pretrain,,131,-0.18226145477541425,0.11562763062310635,94852.18046710388,0.37057294120036427,0.8487869106233119,0.10665786145588164,1.3988848736598378,0.0,0.19944243682991894,0.49786719041211264,0.7977697377403578,0.8396845847368241,0.05335958752609642,0.7977697473196755,6.102380295525123e-08,0.0,1.0548601150512695,3144,3017
pretrain,,132,0.0257295815710505,0.11539637536186015,117164.5400455585,0.5598867727620971,1.2049360676003347,0.10064155253884548,1.338258376056772,0.0,0.16912918802838597,0.4891968316265515,0.6765167104701201,0.8075371146202087,0.16407133026985954,0.6765167521135438,6.34629811480103e-08,0.0,1.0914150476455688,3168,3041
pretrain,,133,0.031109378650140854,0.11516558261113642,118462.1481587604,0.37541639308134717,0.8346674232610629,0.10394926822375379,1.383327817100854,0.0,0.19166390855042711,0.4917314946651459,0.7666556239128113,0.823087391257286,0.05822882080712584,0.7666556342017082,5.1089695492686125e-08,0.0,1.047896405061086,3192,3065
pretrain,,134,-0.5190273526097556,0.11493525144591415,71459.81450832334,0.6169240273357858,1.8155489254742854,0.09969954103326618,1.3484047762606117,0.0,0.17420238813030578,0.4922361469694546,0.6968095364669958,0.83060644865036,0.11748189627130005,0.696809552521223,5.720981523701004e-08,0.0,1.0836214820543926,3216,3089
pretrain,,135,0.1338762895663068,0.11470538094302231,134787.40340466922,0.5507140765853581,0.8916341028043201,0.10351218247938003,1.377970686004985,0.0,0.1889853430024925,0.5081600626664502,0.7559413462877274,0.8553466498851776,0.09008956263091225,0.7559413720099699,5.339582762979115e-08,0.0,1.0746984432140987,3240,3113
pretrain,,136,-0.11441120383473197,0.11447597018113627,101414.87232920706,0.37136720706309595,0.8834231040307446,0.1069687780184042,1.4021889723482588,0.0,0.20109448617412928,0.5074923549379622,0.8043779333432516,0.8457317024469375,0.040234995381771325,0.8043779446965171,5.7475907459340427e-08,0.0,1.0302221129337947,3264,3137
pretrain,,137,0.06831201633693548,0.114247018240774,124269.03356004859,0.4486964288212005,1.1529365771583147,0.10581856730015694,1.389373839256309,0.0,0.19468691962815468,0.50775831086295,0.7787476753195127,0.8488510191440582,0.08132905997655977,0.7787476785126186,5.605674922396867e-08,0.0,1.0721925695737202,3288,3161
pretrain,,138,0.2505829484080849,0.11401852420429245,158034.34795088958,0.6227656717722615,1.2097194240561553,0.0972026826795425,1.3430446782814605,0.0,0.17152233914073026,0.49902298461113653,0.6860893381138643,0.8090751588344574,0.13963748133152531,0.686089356562921,4.3284325364674934e-08,0.0,1.0927538971106212,3312,3185
pretrain,,139,-0.084381630825693,0.11379048715588387,104161.7336579039,0.4952668030081051,0.9992686860263347,0.1036134717198881,1.3899472922618898,0.0,0.19497364613094503,0.5096619044031416,0.7798945630590121,0.8481199204921722,0.05495785782203025,0.77989458452378,3.5656350002207425e-08,0.0,1.0568223545948665,3336,3209
pretrain,,140,0.20806956256802447,0.11356290618157211,147987.507160573,0.517885905424399,1.2035186208784574,0.09683143535826733,1.3604583702981472,0.0,0.18022918514907363,0.49719349507774624,0.7209167194863161,0.8265868812799454,0.11105748576941066,0.7209167405962944,5.8362881361073704e-08,0.0,1.0879655083020527,3360,3233
pretrain,,141,0.027019559682121053,0.11333578036920895,117101.19408844534,0.6526620056302774,1.4413512501865624,0.09918181943984801,1.3655592330864497,0.0,0.18277961654322486,0.501224628516606,0.731118455529213,0.8067723989486695,0.060924560761629006,0.7311184661728994,4.3284325364674934e-08,0.0,1.0670581658681233,3384,3257
pretrain,,142,-0.0206623560255687,0.11310910880847054,111520.52306357167,0.3130176274904183,0.7778725420790054,0.10330534861423428,1.3715835232287645,0.0,0.18579176161438227,0.48889633108462605,0.7431670278310776,0.7999109327793121,0.06166320766867616,0.7431670464575291,5.658893359461459e-08,0.0,1.0421639829874039,3408,3281
pretrain,,143,0.23324150248743858,0.1128828905908536,152891.5539174486,0.7817362926989085,1.5166380305907554,0.09391677588137193,1.344461401347958,0.0,0.17223070067397894,0.4910739814596517,0.6889227802554766,0.8496311664581299,0.1211587303095846,0.6889228026959158,5.2952340660420795e-08,0.0,1.0895861486593883,3432,3305
pretrain,,144,0.1587414115928782,0.11265712480967188,136247.39590226315,0.5688072912217605,1.3049774215689725,0.08941633865165938,1.3522079622461682,0.0,0.17610398112308412,0.48599753848143984,0.7044158975283304,0.7839321911334991,0.07781143860753592,0.7044159244923364,6.102380297375494e-08,0.0,1.086650053660075,3456,3329
pretrain,,145,0.15777194641588016,0.11243181056005254,139330.57116227006,0.5636713397910907,1.0871736740427356,0.10375873010763541,1.3715298441016959,0.0,0.1857649220508479,0.4928543695381709,0.7430596686899662,0.8290169596672058,0.07237600384828945,0.7430596882033916,5.7475907459340427e-08,0.0,1.0727783292531967,3480,3353
pretrain,,146,-0.04363483389841184,0.11220694693893243,108051.30466692832,0.5236088040151766,1.2063631708600688,0.09845712828987711,1.3762051598390652,0.0,0.1881025799195327,0.4993378280528954,0.752410314977169,0.8321033686399459,0.08975394650332509,0.7524103196781305,4.284083835829714e-08,0.0,1.0766415844360988,3504,3377
pretrain,,147,0.026374922716354533,0.11198253304505458,117438.42900658392,0.35600420393581905,1.0129679576626844,0.10176254086869341,1.394857479614161,0.0,0.19742873980708067,0.5053556508251599,0.7897149200240771,0.8333902329206466,0.0483118172153365,0.7897149592283226,5.658893357611087e-08,0.0,1.038281003634135,3528,3401
pretrain,,148,-0.051996553651497274,0.11175856797896445,106864.17082647682,0.4212880123495346,1.0694619356521535,0.09685768487087976,1.3768453513316457,0.0,0.1884226756658228,0.5018297540290015,0.753690687318643,0.8210451930761338,0.08126166336772848,0.7536907026632912,7.264316082000732e-08,0.0,1.0521262288093567,3552,3425
pretrain,,149,0.24500398223023379,0.11153505084300654,155730.92891482083,0.5816639409444871,1.2614738677229196,0.09405234665946283,1.3170940234724966,0.0,0.15854701173624824,0.45556061821324484,0.6341880249480406,0.7775889247655868,0.1086058329698236,0.6341880469449929,4.275214099402902e-08,0.0,1.1196248432000477,3576,3449
pretrain,,150,0.022361856195287792,0.11131198074132052,115971.6012114559,0.5457291149844726,1.1768219564642226,0.09613173112121719,1.3756754806797418,0.0,0.187837740339871,0.502064647419112,0.7513509405155977,0.8531649887561799,0.12022801889208844,0.7513509613594839,5.171057719059272e-08,0.0,1.0838939895232518,3600,3473
pretrain,,151,0.1151907327974585,0.11108935677983789,129591.86750481532,0.4532243828067468,1.221435757619994,0.09429658926320879,1.3875611387193203,0.0,0.19378056935966018,0.5057616233825684,0.7751222625374794,0.838909637928009,0.05821758501381651,0.7751222774386406,4.9670537331329236e-08,0.0,1.0633253107468288,3624,3497
pretrain,,152,0.02671277777415358,0.11086717806627822,116249.59498220566,0.6173721509320395,1.6684376630399902,0.09422430953503276,1.3550563889245193,0.0,0.17752819446225965,0.5061550097806113,0.7101127629478773,0.8628857374191284,0.13077936928709863,0.7101127778490385,6.208817158552075e-08,0.0,1.0905458678801854,3648,3521
pretrain,,153,0.20519165068079173,0.11064544371014565,148172.73916260037,0.5481798486074522,1.0009141468576022,0.0999336446116499,1.3681371565908194,0.0,0.18406857829540968,0.5013400747307709,0.7362743069728216,0.813185754418373,0.07773178402497126,0.7362743131816387,5.623414402651979e-08,0.0,1.0776402403910954,3672,3545
pretrain,,154,0.24070477373875404,0.11042415282272536,154700.615362737,0.6045635814911553,1.416882128428135,0.0940711553498332,1.3392938210052392,0.0,0.1696469105026197,0.5022518091968127,0.6785876341164112,0.8549498051404952,0.1439977506611636,0.6785876420104788,5.2952340734435666e-08,0.0,1.0852846403916676,3696,3569
pretrain,,155,0.018773858494199477,0.11020330451707991,115804.4857772757,0.6409682631936102,1.4082040859120228,0.09808477809828116,1.3797437668378862,0.0,0.18987188341894323,0.5079490036836691,0.7594874997933706,0.8427472352981568,0.08750425296203693,0.7594875336757729,5.623414402651979e-08,0.0,1.065316875775655,3720,3593
pretrain,,156,-0.5365421647013481,0.10998289790804576,70566.47204181983,0.52160042244941,0.9795555620321206,0.09953215578875406,1.3825294965700732,0.0,0.1912647482850367,0.5126439306352819,0.7650589669744173,0.8416950702667236,0.06734055113415846,0.7650589931401468,5.809678910173588e-08,0.0,1.0474455058574677,3744,3617
pretrain,,157,-0.2891347447610132,0.10976293211222965,84718.97572826645,0.8689342966924111,1.6260420680046082,0.09063470405799275,1.3623484970026076,0.0,0.18117424850130368,0.4861130363174847,0.724696971476078,0.7920710474252701,0.06589054720031357,0.7246969940052147,5.020272170197515e-08,0.0,1.110774998863538,3768,3641
pretrain,,158,0.17265295221283897,0.1095434062480052,139770.1678113049,0.473915759340993,0.955951304733753,0.09323899341495918,1.3851486750479254,0.0,0.1925743375239628,0.510124393339668,0.7702973261475563,0.845469257235527,0.06620096276757609,0.7702973500958509,5.4105406710469595e-08,0.0,1.0766193121671677,3792,3665
pretrain,,159,-0.18093609353038692,0.10932431943550919,94398.02650435241,0.2999455946098481,1.0658215297119953,0.10132659443979164,1.3856284606847025,0.0,0.19281423034235126,0.5072612182370253,0.7712569013237953,0.8255069792270661,0.047177476115689836,0.7712569213694049,5.587935445842499e-08,0.0,1.0338716804981232,3816,3689
pretrain,,160,0.12310284738144671,0.10910567079663817,131711.64394282675,0.5737974509330733,1.3598194607666558,0.09805236320450571,1.3658033425343177,0.0,0.18290167126715895,0.49339967540332247,0.7316066746910413,0.8455414593219757,0.10371506113450715,0.7316066850686357,5.029141901073212e-08,0.0,1.0805310408274333,3840,3713
pretrain,,161,0.39696805369650123,0.10888745945504488,203528.57332742217,0.7280295059705774,1.505999594926834,0.09308370208309992,1.3408897423318453,0.0,0.1704448711659227,0.4977133609354496,0.6817794578770796,0.8028236746788024,0.09372033987611546,0.6817794846636908,6.19107768569845e-08,0.0,1.087328776717186,3864,3737
pretrain,,162,-0.016230531866551472,0.1086696845361348,110828.05579426906,0.767771777652559,1.7064886035663738,0.09494327342667042,1.3967027953338054,0.0,0.19835139766690277,0.5104185832398278,0.793405552705129,0.8741151839494705,0.09073821569223744,0.7934055906676111,6.031422391158021e-08,0.0,1.0808270672957103,3888,3761
pretrain,,163,0.0035457456106836836,0.10845234516706252,114037.04935019021,0.5609082002192736,1.1844105249004702,0.09962188502686763,1.3908174977238688,0.0,0.1954087488619345,0.5022644421883992,0.781634954114755,0.8229891300201416,0.04473049952998357,0.7816349954477378,6.013682910902911e-08,0.0,1.0355132420857747,3912,3785
pretrain,,164,0.20922184502182212,0.10823544047672841,147066.2304053123,0.7111357232289656,1.5195372030138965,0.09234366887283159,1.3659301094178644,0.0,0.18296505470893212,0.5054213809115546,0.7318601831793785,0.8395901262760161,0.08784039244364986,0.7318602188357285,6.26203559931741e-08,0.0,1.0906224846839905,3936,3809
pretrain,,165,-0.16643403795694078,0.10801896959577495,95518.9303432524,0.6372742545125739,1.5707261692200385,0.09960095153025102,1.3894114982159367,0.0,0.19470574910796823,0.5190911931650979,0.7788229684034983,0.851644080877304,0.0661222714436084,0.7788229964318729,5.2863643296152674e-08,0.0,1.0480421980222066,3960,3833
pretrain,,166,0.12798955418477642,0.10780293165658339,131284.82497541234,0.5700010785034725,1.0894195257553032,0.09192315739395318,1.3646862486466056,0.0,0.1823431243233028,0.5161491595208645,0.7293724740544955,0.8268813848495483,0.08653901843957358,0.7293724972932112,4.878356344809968e-08,0.0,1.061301698287328,3984,3857
pretrain,,167,0.11500148439858963,0.10758732579327022,129917.76921292418,0.5500586749542328,1.115172846615314,0.09606738807695624,1.3635863628061047,0.0,0.18179318140305223,0.5086258548711027,0.7271726901332537,0.7846288591623306,0.053481351706349885,0.7271727256122089,5.8540276108113666e-08,0.0,1.0753537714481354,4008,3881
pretrain,,168,0.07270490998796975,0.10737215114168369,122228.89613026181,0.5824142703343006,1.6527441578251973,0.09096495497106181,1.3824134221566577,0.0,0.19120671107832876,0.510515855891364,0.7648268342018127,0.8273151099681854,0.05235045431220524,0.7648268443133149,5.268624851210527e-08,0.0,1.0600128894050915,4032,3905
pretrain,,169,0.20960713050781588,0.10715740683940032,149294.86255334952,0.24034912369790531,0.8743559251938541,0.10048121385484382,1.3826159495150758,0.0,0.191307974757538,0.5146316353763853,0.7652318725983301,0.8280362457036972,0.05137809475029917,0.7652318990301518,6.191077683848079e-08,0.0,1.0467460205157597,4056,3929
pretrain,,170,-0.08121689991943196,0.10694309202572153,104005.51629281318,0.3611397720163776,1.3867157096309313,0.09977453075323013,1.3958870321512222,0.0,0.19794351607561114,0.5191737466624804,0.7917740568518639,0.8329683482646942,0.03765945156401257,0.7917740643024445,5.995943436198914e-08,0.0,1.0336599523822467,4080,3953
pretrain,,171,0.10573042510231993,0.10672920584167009,128778.16749346393,0.4071196686210377,0.9836024178990296,0.09811702684548473,1.3451333018019795,0.0,0.17256665090098977,0.5047656297683716,0.6902665880819162,0.7850061297416687,0.07767261603110973,0.6902666036039591,3.92929429178975e-08,0.0,1.070694441596667,4104,3977
pretrain,,172,0.09130266608525164,0.10651574742998675,125649.80853763087,0.6449995664879681,1.4187318130263256,0.09402883425271129,1.3917559461579436,0.0,0.1958779730789718,0.5159615672060421,0.7835118522246679,0.8384266197681427,0.06475756189713733,0.7835118923158872,6.953875216394086e-08,0.0,1.0582787543535233,4128,4001
pretrain,,173,0.08214483900218801,0.10630271593512676,125130.3003768075,0.5121484675134221,1.5274661771953097,0.09890684585945353,1.3559264559298754,0.0,0.1779632279649377,0.5003707408905029,0.7118529006838799,0.7891233325004577,0.04906535375198841,0.7118529118597507,4.026861420240261e-08,0.0,1.0582630733648937,4152,4025
pretrain,,174,0.22207218212183594,0.10609011050325652,148892.41230159366,0.4548938237130642,0.9064809972686425,0.08858493388912421,1.3519092894913183,0.0,0.17595464474565928,0.43406002117054804,0.7038185397783915,0.8114765703678131,0.05821586911074384,0.703818578982637,6.439430374112949e-08,0.0,1.1098874658346176,4176,4049
pretrain,,175,-0.04168741710611599,0.10587793028225,108050.7669854308,0.23376806767746094,0.7082980216613836,0.0968304431308132,1.3599334675818684,0.0,0.17996673379093409,0.5000192384634699,0.7198669115702311,0.7660325318574905,0.03515132658335262,0.7198669351637363,6.155598727038598e-08,0.0,1.0205395420392354,4200,4073
pretrain,,176,-0.2582312522614445,0.10566617442168551,87854.59360774812,0.3143412763518947,0.8842761065278731,0.09998903585188236,1.3824554794423636,0.0,0.19122773972118187,0.5199780645115035,0.7649109636743864,0.8079197347164154,0.04569627385490751,0.7649109588847273,5.587935449543243e-08,0.0,1.0256293242176373,4224,4097
pretrain,,177,-0.11581356533709462,0.10545484207284213,99304.3521587445,0.5989325867433634,1.171747966217143,0.09067362944363862,1.3902975227683783,0.0,0.19514876138418913,0.5151923969388008,0.7805950120091438,0.8310862720012665,0.03970522715816725,0.7805950455367565,5.5169775396250266e-08,0.0,1.0621898770332336,4248,4121
pretrain,,178,0.21351322304850232,0.10524393238869643,149036.65268139285,0.525755960760372,1.2988434758569511,0.09625907623671968,1.3459127909903017,0.0,0.17295639549515077,0.4860326072999409,0.6918255587418874,0.7571021139621734,0.05662446956141083,0.6918255819806031,5.126709029523724e-08,0.0,1.088769202431043,4272,4145
pretrain,,179,0.17058425083511186,0.10503344452391905,140967.20838146322,0.6830101152438494,1.5736992146819828,0.10002576096519572,1.3736186891439413,0.0,0.18680934457197076,0.518187219010932,0.7472373619675636,0.8358082264661788,0.0553202219593984,0.747237378287883,5.570195963737016e-08,0.0,1.0620768467585247,4296,4169
pretrain,,180,0.3292146547875923,0.1048233776348712,179757.01137583886,0.5754227236888948,1.3103817111679483,0.09539900916144328,1.3714581473420064,0.0,0.1857290736710032,0.4926941032920565,0.7429162686069807,0.8118779331445694,0.056438535134767764,0.7429162946840128,5.375061719788595e-08,0.0,1.0929779758056004,4320,4193
pretrain,,181,0.1526220417445862,0.10461373087960146,137034.7208891007,0.849338477654826,1.6686656600662637,0.09802991225214368,1.3617718287167093,0.0,0.18088591435835477,0.47449697660548346,0.7235436315337817,0.774745911359787,0.03245064595235458,0.723543657433419,7.166748949849477e-08,0.0,1.1068808436393738,4344,4217
pretrain,,182,0.19292447791479234,0.10440450341784226,144309.4582127969,0.6481673113469566,1.8835112622805994,0.09510020764221193,1.3858677386527969,0.0,0.19293386932639853,0.4826511421373912,0.7717354769508044,0.8149265795946121,0.04418208678616344,0.7717354773055939,5.818548661403374e-08,0.0,1.0947919487953186,4368,4241
pretrain,,183,-0.28092538063216915,0.10419569441100658,86081.12749536097,0.6470415036947954,1.8268332819853503,0.09935879966638299,1.3855753758301337,0.0,0.19278768791506687,0.5145292186311312,0.7711507380008698,0.8348127126693725,0.05279311002808085,0.7711507516602675,4.062340377049741e-08,0.0,1.0528441990415256,4392,4265
pretrain,,184,-0.14644791416628095,0.10398730302218456,97923.7916626629,0.7809749622607516,1.7165372230112554,0.10437135595167148,1.395053198472375,0.0,0.1975265992361875,0.5197999349662236,0.790106363594532,0.8576097160577774,0.0505856376595875,0.79010639694475,6.031422387457279e-08,0.0,1.0640565901994705,4416,4289
pretrain,,185,0.13205681516228623,0.1037793284161402,133308.29195121798,0.5714347025468236,1.37282712566001,0.0981685838364962,1.3939031550572032,0.0,0.1969515775286016,0.5187145450285502,0.7878062600890795,0.8468889474868775,0.04615735243341709,0.7878063101144064,6.634564619911743e-08,0.0,1.0319181432326634,4440,4313
pretrain,,186,0.08487961426141996,0.10357176975930792,125551.13981339376,0.8125136640100252,1.8735989818615568,0.09886016379519934,1.3837958380047766,0.0,0.1918979190023882,0.5112464566315924,0.767591655254364,0.820545995235443,0.033844436860711785,0.7675916760095527,6.403951421004213e-08,0.0,1.0858308623234432,4464,4337
pretrain,,187,-0.07844933804314298,0.1033646262197893,103308.91416168887,0.5950678828660222,1.1940230344023024,0.09206554749126868,1.407612841398943,0.0,0.20380642069947155,0.5089135393500328,0.8152256608009338,0.8712066382169723,0.040451595327273916,0.815225682797886,4.8251379151468633e-08,0.0,1.0535891155401866,4488,4361
pretrain,,188,0.047523653581408865,0.10315789696734971,120558.67552900453,0.7645932903424616,1.4019311797405993,0.10250393796395942,1.3903165495998804,0.0,0.19515827479994016,0.5155426237199987,0.7806330596407255,0.8348980396986008,0.04914674033618704,0.7806330991997606,5.37506171423748e-08,0.0,1.065562774737676,4512,4385
pretrain,,189,0.27904119384717657,0.10295158117341502,164587.95202783475,0.8661904208184706,1.8828940924257034,0.09448409989516317,1.389858238221634,0.0,0.194929119110817,0.4908368491700717,0.7797164817651113,0.8522335112094879,0.046475773978831625,0.779716476443268,5.924985518879211e-08,0.0,1.0900379568338394,4536,4409
pretrain,,190,0.10961077450262863,0.1027456780110682,130147.35749796574,0.5220849685193527,1.0441105666969503,0.10169117240427171,1.3913215378388053,0.0,0.19566076891940268,0.5208910128899983,0.7826430574059486,0.8301199465990067,0.039462678788842624,0.7826430756776105,6.616825145207746e-08,0.0,1.0329920028646786,4560,4433
pretrain,,191,0.04463869867238796,0.10254018665504605,120405.93563207814,0.6787104051382769,1.2045842040862356,0.1040312179110594,1.3970154018274374,0.0,0.1985077009137188,0.5197843861367022,0.7940307880441347,0.8564458161592483,0.04127415209515657,0.794030803654875,5.463759102560436e-08,0.0,1.0355379457275073,4584,4457
pretrain,,192,0.3282495123726441,0.10233510628173596,181391.26379081284,0.6124561621053588,1.1879726464727094,0.10038001760299174,1.396520916727327,0.0,0.1982604583636636,0.5146123745611735,0.7930418079098066,0.8635570138692855,0.07081204013736805,0.7930418334546544,6.59908567050375e-08,0.0,1.0507682487368584,4608,4481
pretrain,,193,0.35884685916019393,0.10213043606917249,192668.93298054714,0.8220611066956605,2.2410154213862756,0.10177342016485363,1.378458335552187,0.0,0.18922916777609364,0.5113977252372673,0.7569166620572408,0.8254116624593735,0.04649724793979892,0.7569166711043742,3.601113953329479e-08,0.0,1.0675438269972801,4632,4505
pretrain,,194,0.18005842773605887,0.10192617519703415,143521.56068741795,0.5760633454081558,1.1883965053196464,0.10265178996532236,1.3873590853597435,0.0,0.19367954267987186,0.5216180219181946,0.7747181753317515,0.8189498037099838,0.035357450687876844,0.7747181707194875,5.712111790974935e-08,0.0,1.0207977145910263,4656,4529
pretrain,,195,-0.04841820766219763,0.10172232284664007,108528.00066819933,0.6509018702698606,1.37344376327736,0.10583084439696051,1.389521465060257,0.0,0.1947607325301284,0.5238885842263699,0.7790429169933001,0.8190003156661987,0.034732899938758374,0.7790429301205135,6.492648811177541e-08,0.0,1.045850470662117,4680,4553
pretrain,,196,0.231581010579273,0.1015188782009468,155370.64453556732,0.4765986784228257,1.2221217811107634,0.10399730333888223,1.3927562553435564,0.0,0.1963781276717782,0.5188093749540192,0.7855125144124031,0.8367208749055862,0.045001773385541906,0.7855125106871128,4.630003652694725e-08,0.0,1.0157898142933846,4704,4577
pretrain,,197,0.011709629442695265,0.1013158404445449,115630.63300911969,0.506909659043664,1.2060419349798133,0.10288969837857637,1.3848973337915682,0.0,0.1924486668957841,0.5235527168427194,0.7697946528593699,0.8178394317626952,0.04176898657942166,0.7697946675831363,5.658893357611087e-08,0.0,1.0198634167512257,4728,4601
pretrain,,198,0.011753988925091479,0.10111320876365582,115647.96055644243,0.7267862005336653,1.5135138959224734,0.10296071255171392,1.3919247391500642,0.0,0.19596236957503219,0.5294978709093161,0.7838494578997294,0.8434323132038116,0.05402389157111411,0.7838494783001285,5.5524564908833916e-08,0.0,1.03766784320275,4752,4625
pretrain,,199,0.06119302412876902,0.1009109823461285,122382.15757620973,0.8157143658914027,1.6570116282573768,0.101412000121039,1.394886536612397,0.0,0.1974432683061986,0.5261109465999263,0.7897730643550555,0.8350941300392151,0.041377341403967545,0.7897730732247942,4.5058273223652634e-08,0.0,1.0246413225928943,4776,4649
pretrain,,200,0.31204485487973965,0.10070916038143624,176641.67926162726,0.467293005126218,0.9378070318805318,0.1015311155172089,1.4003922157876547,0.0,0.20019610789382744,0.5276380740106106,0.8007844239473343,0.8559306889772414,0.03658569006305261,0.8007844315753095,5.481498584665919e-08,0.0,1.0419765164454777,4800,4673
pretrain,,201,0.10960881917278081,0.10050774206067338,129639.17337567167,0.4436443502615605,0.8809057470943247,0.09918283353749287,1.3696454617061786,0.0,0.18482273085308928,0.4989871659449168,0.7392908558249474,0.7907584756612778,0.033516678128016016,0.7392909234123571,7.681193803232844e-08,0.0,1.0792975624402363,4824,4697
pretrain,,202,0.3098960775959925,0.10030672657655203,177246.99801481908,0.3790079434180544,1.1029873248721869,0.10493289408910977,1.386000856313677,0.0,0.19300042815683857,0.5320249790591853,0.7720017085472742,0.827105700969696,0.03812243330800685,0.7720017126273541,4.2042561913350575e-08,0.0,1.0320906192064285,4848,4721
pretrain,,203,-0.06638620727684036,0.10010611312339891,106602.72802405097,0.4834813691586965,1.3751926270446602,0.10693659124625421,1.395671712855498,0.0,0.19783585642774904,0.5355043906186308,0.7913434083263079,0.8271165162324905,0.03703980866374883,0.791343425710996,4.931574774473072e-08,0.0,1.0105735907951992,4872,4745
pretrain,,204,-0.29756715643282616,0.09990590089715211,85211.67165311136,0.5253158142967592,1.1706038775720764,0.10334916837875759,1.3879198003560305,0.0,0.19395990017801523,0.5309815896408898,0.77583958953619,0.8346348136663436,0.04547219791466856,0.7758396007120609,4.842877384299745e-08,0.0,1.0127055595318477,4896,4769
pretrain,,205,-0.10836043755319386,0.09970608909535782,101556.78220281292,0.45653970783487674,0.863863589295319,0.10307468136165675,1.3797972791251683,0.0,0.18989863956258413,0.5322573924703258,0.759594534834226,0.8191155254840851,0.053595684835015416,0.7595945582503364,5.038011644901511e-08,0.0,1.0097467576464016,4920,4793
pretrain,,206,-0.015870566095789324,0.09950667691716711,112241.3541322021,0.5260992150398947,1.0462695004684583,0.10411112189185982,1.3906905112699386,0.0,0.1953452556349692,0.5245356501213141,0.7813809836904207,0.8395021319389343,0.041129602656381874,0.7813810225398767,5.623414402651979e-08,0.0,1.067804016172886,4944,4817
pretrain,,207,0.12552359542587532,0.09930766356333276,133321.9863727519,0.678694142206084,1.6682218698518616,0.10367714374050252,1.4084110099467495,0.0,0.20420550497337464,0.5337474857057845,0.816821979979674,0.8564704328775405,0.03398559870427705,0.8168220198934986,6.758740972445665e-08,0.0,1.0516360402107239,4968,4841
pretrain,,208,-0.1739059566710181,0.0991090482362061,94891.19884348112,0.31220461663213517,0.7679709411093167,0.10005620205804805,1.3817561706084582,0.0,0.1908780853042291,0.5292121688170093,0.7635122885306677,0.8073688864707946,0.06186184174771496,0.763512341216916,5.907246046025586e-08,0.0,1.0108403116464615,4992,4865
pretrain,,209,0.06463704832683613,0.09891083013973369,122539.72511234415,0.7674745062277429,1.5817718883710241,0.09941754918590388,1.3932433650784548,0.0,0.19662168253922752,0.5249810107052326,0.7864866902430853,0.8387298345565796,0.031141097188170458,0.7864867301569097,6.474909329072058e-08,0.0,1.079347809155782,5016,4889
pretrain,,210,0.05470734076052567,0.09871300847945423,121160.57125454584,0.707595469430089,1.7837667555681291,0.09995137338348574,1.340086689041484,0.0,0.170043344520742,0.520797357495342,0.6801733622948328,0.781519928574562,0.04944208089070206,0.680173378082968,6.368472456793246e-08,0.0,1.0737170974413555,5040,4913
pretrain,,211,0.0640399916538647,0.09851558246249531,122153.03423474147,0.6889248706311696,1.5485773381377967,0.09776230714495752,1.402025059929916,0.0,0.20101252996495797,0.5345925624881471,0.8040501077969869,0.8562966555356979,0.04253644037565273,0.8040501198598315,5.392801194492591e-08,0.0,1.057560292383035,5064,4937
pretrain,,212,-0.05498384611461508,0.09831855129757032,106954.3334030873,0.7241148641332984,1.287125527752297,0.10000447234367182,1.3943713240857634,0.0,0.1971856620428818,0.5288841793579715,0.7887426341573397,0.8413074910640717,0.037324223100462586,0.7887426481715271,4.6300036582458404e-08,0.0,1.0404521599411964,5088,4961
pretrain,,213,-0.16041958745241047,0.09812191419497518,96537.36462480172,0.29249788097859847,0.6415350480803421,0.10379270311886261,1.3982532372077305,0.0,0.1991266186038653,0.5382688002926963,0.7965064545472463,0.8359216898679733,0.055521243748807965,0.7965064744154612,5.1799274628875715e-08,0.0,1.0054724911848705,5112,4985
pretrain,,214,0.04684520826367393,0.09792567036658523,120186.68403775619,0.5489194401584211,1.2498188184840338,0.10092988469029181,1.3792838006324712,0.0,0.1896419003162356,0.5344008899160794,0.7585675865411758,0.8142259657382965,0.036624666242690944,0.7585676012649424,4.5235667952188883e-08,0.0,1.0115628962715466,5136,5009
pretrain,,215,0.08249493963665969,0.09772981902585205,126468.17952842898,0.6151039801715384,1.81784432360104,0.10566027196237941,1.3935489480694134,0.0,0.19677447403470674,0.5333184520048755,0.7870978613694509,0.8241565495729446,0.04329723724682872,0.787097896138827,6.031422387457279e-08,0.0,1.0377037500341733,5160,5033
pretrain,,216,0.27697009321051663,0.09753435938780036,165804.2378516434,0.6116004394189942,1.9541402538972228,0.09992417813914357,1.37973743517484,0.0,0.18986871758741994,0.5285363777407578,0.7594748586416245,0.8125488340854645,0.04973344736609614,0.7594748703496798,4.257474628399649e-08,0.0,1.0129780893524487,5184,5057
pretrain,,217,-0.0030795757033548962,0.09733929066902476,112747.48990211473,0.6737382015035976,1.2177161759563855,0.0967848917967052,1.40468448755287,0.0,0.20234224377643495,0.5308106009449278,0.8093689580758413,0.8563703060150146,0.04312176109390194,0.8093689751057398,6.350732987640366e-08,0.0,1.024174027144909,5208,5081
pretrain,,218,0.09709344259733912,0.0971446120876867,127973.43249796472,0.8309931318231282,1.5210814755409952,0.10124530714598645,1.409395921620585,0.0,0.20469796081029235,0.5393424736601966,0.8187918240825335,0.8633328050374984,0.03294483754697705,0.8187918432411693,5.605674920546496e-08,0.0,1.042707420885563,5232,5105
pretrain,,219,0.19845800328453342,0.09695032286351134,146735.039069477,0.9812523662777882,1.9829189015286306,0.1000345947564852,1.3754349620569322,0.0,0.187717481028466,0.5215743067009109,0.7508699024717013,0.8055556029081344,0.04779273665784858,0.750869924113864,5.499238061220287e-08,0.0,1.072994125386079,5256,5129
pretrain,,220,0.11971387877176398,0.09675642221778431,130935.45645776807,0.7751260053011633,1.4658844210207462,0.09712587604424922,1.3820884592298952,0.0,0.19104422961494752,0.5327581220439501,0.7641768703858057,0.8221869677305221,0.04629010233797798,0.76417691845979,5.765330216937296e-08,0.0,1.060392292837302,5280,5153
pretrain,,221,-0.03019823039752199,0.09656290937334874,107905.74563865674,0.6042336464105618,1.3638450385204381,0.08621959949546415,1.391115377878859,0.0,0.19555768893942949,0.5068261623382568,0.7822307248910269,0.8405470132827758,0.04567722423141983,0.7822307557577179,5.924985522579954e-08,0.0,1.0794510940710704,5304,5177
pretrain,,222,0.11921934741849602,0.09636978355460203,132629.56208437285,0.580545114796786,1.176142953123365,0.1056674443463218,1.384624150005125,0.0,0.19231207500256242,0.5338043070265225,0.7692482819159826,0.8118869185447692,0.040154769692434214,0.7692483000102497,4.08007984435225e-08,0.0,1.0109328627586365,5328,5201
pretrain,,223,0.25027290491180715,0.09617704398749284,156274.2233244227,0.5963835553931338,1.26691418705242,0.09152191537133626,1.38440734165765,0.0,0.19220367082882497,0.4788272487265723,0.7688146382570267,0.8162404716014862,0.03150335094470625,0.7688146833152998,6.95387522009483e-08,0.0,1.082912653684616,5352,5225
pretrain,,224,-0.07825742329785124,0.09598468989951786,104750.50651632732,0.37842652130694615,1.1116033683930124,0.10300675128017713,1.377296989872342,0.0,0.18864849493617106,0.5422969971384322,0.7545939435561498,0.8144200414419174,0.05114775320374164,0.754593979744684,5.6411538773559755e-08,0.0,1.0046022286017735,5376,5249
pretrain,,225,0.2246428794913903,0.09579272051971882,153953.41485683853,0.5517216388668332,1.3430660427148846,0.1048416521207453,1.3861535761860153,0.0,0.19307678809300777,0.5427785670118672,0.7723071525494257,0.8273087948560714,0.05048625549512495,0.7723071523720307,5.020272168347143e-08,0.0,1.0168380389610927,5400,5273
pretrain,,226,0.1361938651693761,0.09560113507867937,135801.17170212584,0.6280389331902066,1.4720345447638192,0.10619621942243467,1.4054187244425218,0.0,0.20270936222126087,0.542046601751021,0.8108374277750651,0.8449248224496841,0.031111489375939435,0.8108374488850435,7.645714850124108e-08,0.0,1.02097204575936,5424,5297
pretrain,,227,0.253492891544143,0.09540993280852202,159981.18001466044,0.5142773898052317,1.0617643321199075,0.1011946535332043,1.3850126253174881,0.0,0.1925063126587442,0.5387640574148722,0.7700252508123716,0.8165744930505752,0.0289169492937135,0.7700252506349768,4.87835634666034e-08,0.0,1.0114551037549973,5448,5321
pretrain,,228,0.06954842372420554,0.09521911294290497,123947.6369145489,0.5079414808590498,1.029572864781533,0.1030493906159791,1.3759974029269957,0.0,0.18799870146349784,0.5359100071447236,0.7519947811961174,0.8128973275423049,0.04758004677467343,0.7519948058539914,6.687783062527448e-08,0.0,1.0378833562135696,5472,5345
pretrain,,229,-0.10925569523830556,0.09502867471701916,100684.84098834524,0.27530911090295934,0.6218127551887712,0.0967146028453758,1.3656389474691377,0.0,0.18281947373456897,0.5362563138561589,0.7312778805692991,0.7846358835697174,0.034575013201769644,0.7312778949382759,4.594524705137104e-08,0.0,1.0369593501091003,5496,5369
pretrain,,230,0.1949508693758498,0.09483861736758513,145088.8867800149,0.46552131160916316,1.3269294704177546,0.09651372191215586,1.3825403722446588,0.0,0.19127018612232946,0.5428284965455532,0.7650807350873947,0.8150333642959594,0.04176143320406147,0.7650807444893178,4.310693059913125e-08,0.0,1.031062292555968,5520,5393
pretrain,,231,0.021825903265623434,0.09464894013284995,116897.19265065351,0.3778408449586658,1.0985861872988085,0.10226796659629615,1.395234751559439,0.0,0.1976173757797196,0.5432532450982502,0.7904694949587187,0.8228875398635864,0.03668452011282671,0.7904695031188783,5.8540276126617385e-08,0.0,1.0121303896109264,5544,5417
pretrain,,232,0.11593247621828402,0.09445964225258426,130408.2612731508,0.6594082778319716,1.3344126704548083,0.09770411574621486,1.3923645901183288,0.0,0.1961822950591644,0.5397757898483957,0.7847291653354963,0.8275178164243698,0.03544774311493015,0.7847291802366575,6.38621193889873e-08,0.0,1.044803927342097,5568,5441
pretrain,,233,-0.021032511581519996,0.09427072296807909,110057.47694964391,0.6303961289425691,1.4493791038968733,0.0936803087738799,1.3919175291167838,0.0,0.19595876455839192,0.5069736189075879,0.7838350385427475,0.8241183459758759,0.03629749729466588,0.7838350582335677,4.310693059913125e-08,0.0,1.0655564044912655,5592,5465
pretrain,,234,0.07242767631718629,0.09408218152214293,122402.99491979611,0.7592908379045271,1.434840837866068,0.09216570798479629,1.3820219759252808,0.0,0.1910109879626405,0.5372540854981966,0.764043909808,0.8114426732063293,0.06180347849727698,0.7640439518505618,6.297514550575774e-08,0.0,1.0950614487131436,5616,5489
pretrain,,235,0.10390740014902744,0.09389401715909865,128950.93101543783,0.7528233624373873,1.612855468424303,0.10050318432730844,1.3995414981175038,0.0,0.19977074905875183,0.5509473197162151,0.7990829944610596,0.855760982632637,0.03135266712153093,0.7990829962350072,4.9670537331329236e-08,0.0,1.0310806035995483,5640,5513
pretrain,,236,0.05314718907637578,0.09370622912478044,120130.31143334213,0.443277738190123,1.3329307438007414,0.09535286372067169,1.3765640264110905,0.0,0.1882820132055453,0.5481721109577588,0.7531280418237051,0.7981774747371674,0.039805941567302675,0.7531280528221811,4.789658950935897e-08,0.0,1.026210938890775,5664,5537
pretrain,,237,-0.2784977216912363,0.09351881666653088,85893.19820654874,0.6117033315378996,1.8476502749536712,0.09521765033755288,1.3871067178746064,0.0,0.19355335893730322,0.550698634237051,0.7742134009798368,0.8171791017055511,0.04490924847371425,0.7742134357492129,5.00253268624166e-08,0.0,1.0209498032927513,5688,5561
pretrain,,238,0.1538065658928756,0.09333177903319782,137898.13668349452,0.6261423180944153,1.397506489178964,0.10085039483095355,1.3971421197943747,0.0,0.19857105989718724,0.5514718836971692,0.7942842195431391,0.8407228350639343,0.04295445985663921,0.7942842395887487,4.3106930562123815e-08,0.0,1.0450738271077473,5712,5585
pretrain,,239,-0.11754695100269918,0.09314511547513142,99178.3735490442,0.5417159652958313,1.094918341828244,0.09105218353359405,1.3980970200860785,0.0,0.19904851004303925,0.5441053509712219,0.7961940318346024,0.8416273593902588,0.039466858378624715,0.7961940401721567,6.900656794132469e-08,0.0,1.0268098736802738,5736,5609
pretrain,,240,0.2038036130215275,0.09295882524418116,149287.75979998102,0.6405774682671541,1.4666569472423618,0.1052909215850827,1.3881596057187942,0.0,0.1940798028593972,0.5507401770779065,0.7763191983103752,0.8269098073244094,0.0335528088041715,0.7763192114375886,7.095791051033491e-08,0.0,1.0087617486715317,5760,5633
pretrain,,241,0.11812631475805124,0.0927729075936928,132378.79180509612,0.3441934511065483,0.6115874629467726,0.10538806071044375,1.3879438324698379,0.0,0.19397191623491902,0.5473611344184195,0.7758876432975134,0.8220872312784194,0.028579511426312244,0.7758876649396761,5.038011637500025e-08,0.0,0.9912206878264745,5784,5657
pretrain,,242,0.2333431091740682,0.0925873617785054,151841.30054313675,0.8597445151369487,1.5337318733334542,0.09006212031173251,1.4022829115745565,0.0,0.20114145578727838,0.5113229719655854,0.8045657897988955,0.8318710207939148,0.028170365274224694,0.8045658231491135,5.108969551118984e-08,0.0,1.0779595772425334,5808,5681
pretrain,,243,0.3323128450095135,0.0924021870549484,179977.5931799737,0.8774879576993131,1.5395352798913202,0.09338536164426647,1.3918349277228117,0.0,0.19591746386140585,0.5366580449044704,0.7836698566873869,0.8262569159269333,0.03563079284163537,0.7836698554456234,4.80739843304138e-08,0.0,1.0631413360436757,5832,5705
pretrain,,244,-0.013350371335159511,0.09221738268083851,112641.87068619169,0.6950919827712433,1.66143579286124,0.10465085349381122,1.3981927505561285,0.0,0.1990963752780642,0.5532139529074942,0.7963855117559433,0.8338661283254624,0.02988052602631215,0.7963855011122568,4.434869403195189e-08,0.0,1.020510472357273,5856,5729
pretrain,,245,-5.2703156237655924e-05,0.09203294791547682,113598.10698111622,0.5657975500272143,1.1199249851916517,0.0997969532050843,1.4034282595273992,0.0,0.2017141297636997,0.4609003056372915,0.8068565080563227,0.8393938332796097,0.021431618050590632,0.8068565190547988,5.1089695492686125e-08,0.0,1.0835362076759338,5880,5753
pretrain,,246,0.34221087740494277,0.09184888201964587,185784.68257578815,0.7466928879065172,1.418743550990309,0.09960968003049182,1.3989047449791716,0.0,0.19945237248958578,0.5219733736344746,0.7978094642361006,0.8444209486246109,0.03599468456414123,0.7978094899583431,5.268624849360156e-08,0.0,1.0786501119534175,5904,5777
pretrain,,247,-0.16900694861595536,0.09166518425560659,95228.90480799602,0.6897593142376058,1.7686408138700893,0.09908801195450272,1.3702707931044555,0.0,0.1851353965522278,0.5550271363130637,0.7405415798226992,0.8167797982692718,0.06805078686814799,0.7405415862089111,6.38621193889873e-08,0.0,1.0362447947263718,5928,5801
pretrain,,248,0.19891827754555894,0.09148185388709537,145295.83842973175,0.8047339806244488,1.5895048868443284,0.09402563700336188,1.3865356514496463,0.0,0.19326782572482318,0.5477739561881338,0.7730712791283926,0.8236005753278732,0.04002766010761306,0.7730713028992925,7.237706869019551e-08,0.0,1.0490567584832509,5952,5825
pretrain,,249,-0.011004854322360667,0.09129889017932118,112479.44268041053,0.8059850130230188,1.4526112020015716,0.10162792295258054,1.3978518052470115,0.0,0.19892590262350582,0.5510941206344536,0.7957035923997561,0.8403145909309387,0.03594364244638339,0.7957036104940233,6.350732991341108e-08,0.0,1.0585071593523026,5976,5849
pretrain,,250,-0.10136062202825796,0.09111629239896253,102443.67025120021,0.5981481052225545,1.5407924111400326,0.10434534705158553,1.385351459806164,0.0,0.19267572990308204,0.5587373312030519,0.770702913403511,0.8085648387670517,0.034256596538017464,0.7707029196123282,4.7719194780822725e-08,0.0,1.006019579867522,6000,5873
pretrain,,251,0.10115232350164295,0.09093405981416461,128448.9611200754,0.42994966819172814,1.0538058735962426,0.10027361657002877,1.3896072847059084,0.0,0.1948036423529543,0.47920139133930206,0.779214526216189,0.8220219105482102,0.036613806981843765,0.779214569411817,6.128989514057419e-08,0.0,1.062208116054535,6024,5897
pretrain,,252,0.16166584429026862,0.09075219169453629,140241.57922213373,0.5094562121001738,1.4811062863894866,0.10439905441522823,1.3951831229385874,0.0,0.1975915614692938,0.5570609580193246,0.7903662150104841,0.8229433923959732,0.02441211619044565,0.7903662458771751,6.066901342416386e-08,0.0,1.0147779459754627,6048,5921
pretrain,,253,0.2212258286901767,0.09057068731114722,150293.13506431342,0.769587941467762,1.6636494360331975,0.09450648841441528,1.3950557844890723,0.0,0.19752789224453626,0.526817075908184,0.7901115616162618,0.8433202028274536,0.039304177866010676,0.790111568978145,6.998223918882236e-08,0.0,1.0790993347764015,6072,5945
pretrain,,254,0.03849158898280431,0.09038954593652491,118792.31997052372,0.7650843292386048,1.6387192784675528,0.09975262443616557,1.3806496994303805,0.0,0.1903248497151903,0.5044693457228797,0.761299379169941,0.8017516106367111,0.03388153315314264,0.761299398860761,5.694372314420567e-08,0.0,1.0759469618399937,6096,5969
pretrain,,255,-0.12332705163592222,0.09020876684465187,100467.43867132961,0.6055245450919583,1.6131484900202069,0.10664974176476445,1.3970412529472795,0.0,0.19852062647363974,0.5517896307366235,0.7940824801723162,0.8398928076028823,0.03473153847820708,0.7940825058945586,4.80739843304138e-08,0.0,1.0290199518203735,6120,5993
pretrain,,256,0.027615484218611902,0.09002834931096257,117718.55579167973,0.773875519367201,1.508702326885291,0.10241730636459401,1.4034677932837178,0.0,0.201733896641859,0.557873715779611,0.8069355661670367,0.8537774294614792,0.03158295383038505,0.8069355865674358,5.055751114054393e-08,0.0,1.015880194803079,6144,6017
pretrain,,257,0.22520374333022586,0.08984829261234063,153296.98796274504,0.6664685597643256,1.6019636863044329,0.10205643242888773,1.3887599204622563,0.0,0.19437996023112822,0.5560216238456113,0.7775198196371397,0.8208772480487824,0.03837106097542806,0.7775198409245127,4.896095817663593e-08,0.0,1.0302233348290126,6168,6041
pretrain,,258,0.14038261771958022,0.08966859602711597,134593.29366723532,0.46422906242133605,1.0983222151441232,0.09719859453981994,1.388131930271075,0.0,0.19406596513553745,0.5509036119495119,0.7762638330459595,0.8160661995410919,0.034357135664715675,0.7762638605421497,4.913835296068333e-08,0.0,1.035334383447965,6192,6065
pretrain,,259,0.08556200351755332,0.08948925883506173,125231.36957628246,0.8497009203724918,2.1080854015690926,0.09659668833512065,1.3962173002461593,0.0,0.19810865012307963,0.5146035504128252,0.792434590558211,0.8437731385231018,0.04655608463453941,0.7924346004923185,4.186516718481433e-08,0.0,1.063643182317416,6216,6089
pretrain,,260,0.0630093538391962,0.0893102803173916,123272.18202672583,0.5411540291139058,1.156279751019818,0.10481468213913119,1.3946671550649974,0.0,0.1973335775324986,0.5584206549184663,0.7893342996637026,0.8360527634620666,0.04024949307187817,0.7893343101299943,5.4105406691965875e-08,0.0,0.9978806947668394,6240,6113
pretrain,,261,0.08406870279944507,0.08913165975675683,126655.4369829553,0.637729111038858,1.8018005210374075,0.10532301306743758,1.39114279042752,0.0,0.1955713952137601,0.5583570014153207,0.7822855412960052,0.8123622357845306,0.030918902254015224,0.7822855808550401,5.9072460386241e-08,0.0,1.0123269806305568,6264,6137
pretrain,,262,0.028413020230373755,0.0889533964372433,117640.76694361698,0.8949540964815589,1.9504129579024656,0.10128459875495503,1.4084237681790477,0.0,0.20421188408952384,0.5378787496260233,0.8168475007017454,0.8589401811361312,0.024024953314503925,0.8168475363580953,6.332993501834139e-08,0.0,1.032514418164889,6288,6161
pretrain,,263,-0.01102448393590345,0.08877548964436881,111311.49959719105,0.5522364915481636,0.9315633669495582,0.09387059050319674,1.3848911822285679,0.0,0.19244559111428405,0.5418742820620537,0.7697823345661163,0.8050219804048538,0.023613035876925252,0.7697823644571361,6.501518540202866e-08,0.0,0.999876911441485,6312,6185
pretrain,,264,-0.16675794688394108,0.08859793866508008,95898.03016182342,0.4610428812337064,1.189473734050989,0.1033197168019675,1.3897727093703691,0.0,0.19488635468518453,0.5582726576498576,0.779545376698176,0.8071712225675582,0.026247856850818128,0.7795454187407379,7.00709365715942e-08,0.0,1.0120151340961456,6336,6209
pretrain,,265,-0.11259429650836933,0.08842074278774993,101367.18026183813,0.4837408684016693,1.1973110076572206,0.10506808498440905,1.3787097740208818,0.0,0.18935488701044098,0.5566076130739279,0.7574195191264153,0.8241982460021973,0.05220218675905421,0.7574195480417636,6.652304100166855e-08,0.0,1.0199278568228085,6360,6233
pretrain,,266,0.1932154730099001,0.08824390130217442,145311.14428539088,0.9160869938897944,1.5462920065437042,0.09883838626323893,1.3999583062139296,0.0,0.1999791531069648,0.5273694406662668,0.7999165703852972,0.8425224751234055,0.035042014266417475,0.799916612427859,5.8362881361073704e-08,0.0,1.0526162683963776,6384,6257
pretrain,,267,-0.19181244939940828,0.08806741349957008,93254.41882224468,0.5284600146114826,0.985424956413252,0.09956433749174765,1.3790542362701323,0.0,0.18952711813506626,0.5392072147556713,0.7581084395448366,0.8212461769580841,0.043570845533018,0.758108472540265,5.4992380649210304e-08,0.0,1.037769615650177,6408,6281
pretrain,,268,0.17479962039940816,0.08789127867257093,142534.94224280375,0.8997180794055262,1.7782338943332432,0.10301502312262938,1.4050688810114351,0.0,0.20253444050571753,0.5610176415315695,0.8101377561688423,0.8633564859628677,0.04751053807514446,0.8101377620228698,4.94931425102744e-08,0.0,1.0419286837180455,6432,6305
pretrain,,269,0.2042184488160927,0.08771549611522578,148619.2440379798,0.6267364865523718,1.4378069001649103,0.1024343150319905,1.3854409120976925,0.0,0.19272045604884627,0.5503551321370261,0.770881806810697,0.8238107115030289,0.03167398073271318,0.770881824195385,6.492648803776054e-08,0.0,1.0156421686212223,6456,6329
pretrain,,270,0.1500517157511187,0.08754006512299532,139250.5933022883,0.5450558042419809,2.0610065046165658,0.1098487411711987,1.3820103393601517,0.0,0.191005169680076,0.5521741504115718,0.7640206615130106,0.8005848526954651,0.025328302916327355,0.7640206787203039,6.794219929255145e-08,0.0,0.9716924478610357,6480,6353
pretrain,,271,0.04638471400524109,0.08736498499274935,120181.40417239575,0.5013513455078715,1.4141475484839507,0.10128316863784481,1.4015777471164863,0.0,0.20078887355824315,0.5581828249352319,0.8031554793318113,0.8423078209161758,0.02716240419842231,0.8031554942329725,7.627975371719368e-08,0.0,0.9934430172046026,6504,6377
pretrain,,272,0.06936631607412111,0.08719025502276384,122168.98376592016,0.6842944815843589,1.4954124161707498,0.09341276730951635,1.3926378885017971,0.0,0.1963189442508987,0.5500357135065964,0.7852757672468821,0.8145750850439072,0.021826688279776872,0.7852757770035947,5.3041038117207506e-08,0.0,1.0111441214879353,6528,6401
pretrain,,273,0.17780742812737813,0.08701587451271832,143452.0130266278,0.6601345943553106,1.5002166923667695,0.10424612356454555,1.3995351099542208,0.0,0.1997675549771105,0.5618584076208728,0.799070176978906,0.8348097771406173,0.03782031617257693,0.7990702199084417,6.492648807476797e-08,0.0,1.0091904799143474,6552,6425
pretrain,,274,0.13342989075309425,0.08684184276369288,134712.0121850473,0.6125078331679106,1.1671868019338165,0.10353817528088231,1.4049330893016994,0.0,0.20246654465084987,0.559901415769543,0.8098661477367083,0.8835462510585784,0.03872628035741966,0.8098661786033993,4.5413062717732565e-08,0.0,1.00757896900177,6576,6449
pretrain,,275,-0.1632791059014189,0.08666815907816548,96110.06940128733,0.3945342591032386,1.1228713468781535,0.10233783406513301,1.393458142876625,0.0,0.19672907143831253,0.5556879570441586,0.7869162534674009,0.837228924036026,0.034314102489729326,0.7869162857532501,7.131270002291856e-08,0.0,0.966880535085996,6600,6473
pretrain,,276,0.21976620256129462,0.08649482276000917,153997.42592051622,0.45042851598312467,0.9196571460259809,0.10906024511600339,1.3920808823867923,0.0,0.19604044119339614,0.5663031807967595,0.7841617614030838,0.8260647356510162,0.033801631180556894,0.7841617647735845,4.6654826113545766e-08,0.0,0.9865086202820142,6624,6497
pretrain,,277,0.16045963249253867,0.08632183311448915,138905.8765374216,0.7857640876124302,1.8825222355978823,0.09969035058964477,1.3812712069955608,0.0,0.19063560349778053,0.556032351085118,0.7625423843661944,0.7960538059473038,0.03447477283791326,0.7625424139911221,5.658893357611087e-08,0.0,1.0123675465583801,6648,6521
pretrain,,278,0.30001258619876264,0.08614918944826018,175576.26022958918,0.5425632696243978,1.4351323253342083,0.1086952771645441,1.4024611208587885,0.0,0.20123056042939425,0.5607668060277189,0.8049222255746523,0.8292610704898834,0.014717212353962514,0.804922241717577,6.652304103867597e-08,0.0,0.9844373464584351,6672,6545
pretrain,,279,-0.06960420043864254,0.08597689106936364,105796.66893494644,0.4795463938443434,1.5045661663370467,0.1036623806915216,1.3862848450385388,0.0,0.19314242251926947,0.563638330570289,0.7725697134931883,0.8082311183214188,0.03901612537803053,0.7725696900770777,6.492648811177541e-08,0.0,1.000840629140536,6696,6569
pretrain,,280,0.04812357216426531,0.08580493728722492,121192.96223195705,0.34104241271104135,0.8526788723255899,0.10562167201031279,1.3934902805125429,0.0,0.19674514025627152,0.5654088232134069,0.7869805494944254,0.8267394810914993,0.033389457973692506,0.7869805610250857,5.552456487182648e-08,0.0,0.9900174538294474,6720,6593
pretrain,,281,0.21461779655609448,0.08563332741265046,151954.94673278267,0.590571589324446,1.6705257001732075,0.106077005636024,1.38951982238463,0.0,0.19475991119231498,0.5597816753600324,0.7790396064519882,0.8231297135353088,0.0311753190545505,0.7790396447692598,5.88950657132159e-08,0.0,0.99949861317873,6744,6617
pretrain,,282,0.24586932721347607,0.08546206075782516,159546.31869143498,0.7707968398130366,1.6949143678482084,0.10612786734930268,1.3999056405432169,0.0,0.1999528202716084,0.556099000786032,0.7998112539450327,0.8286360025405883,0.025828011690800484,0.7998112810864336,6.510388280330422e-08,0.0,1.0267879044016202,6768,6641
pretrain,,283,0.17523876646356829,0.08529113663630952,143550.66023989103,0.504183034545609,1.1436367592641283,0.10678587605519278,1.3855374532618694,0.0,0.19276872663093467,0.5596673898398876,0.771074873705705,0.8262475967407227,0.03943907343073077,0.7710749065237387,5.9427249991343224e-08,0.0,1.0332034900784492,6792,6665
pretrain,,284,0.08171802432265336,0.0851205543630369,126195.82371333006,0.34457803748193244,0.589038478050913,0.10488560459937729,1.3923840299248695,0.0,0.19619201496243477,0.5664967255932944,0.7847680449485779,0.8199886739253998,0.04011140576823172,0.7847680598497391,5.428280145750956e-08,0.0,0.979319617152214,6816,6689
pretrain,,285,0.05251584332252832,0.08495031325431082,122423.27934422549,0.6682807784084054,1.4874687342771455,0.10887170637826116,1.3944528714886735,0.0,0.19722643574433665,0.5625424267990249,0.7889057248830795,0.8279699563980102,0.02869729220309783,0.7889057429773466,8.160159699806731e-08,0.0,1.0004825641711552,6840,6713
pretrain,,286,0.2454754078658683,0.0847804126278022,158325.73917130093,0.42117372416846804,0.8355480764593395,0.10242945900868983,1.3896112052635068,0.0,0.1948056026317534,0.5580052531191281,0.7792224039634069,0.8234873533248901,0.03866440127606752,0.7792224105270135,5.978203950392687e-08,0.0,0.9717794184883436,6864,6737
pretrain,,287,-0.19579751439955242,0.0846108518025466,93529.50963272131,0.46059332300154937,1.18870802202395,0.10551353603371254,1.400235962654863,0.0,0.20011798132743155,0.5634872397141797,0.8004718869924545,0.8396928489208222,0.03613754116216689,0.8004719253097261,6.386211940749102e-08,0.0,1.0030393227934837,6888,6761
pretrain,,288,0.1636813487716341,0.0844416300989415,140534.05261566894,1.059000629133412,1.821740834308522,0.10395611721201321,1.3995431317459968,0.0,0.19977156587299846,0.547898709241833,0.7990862354636192,0.8509593963623047,0.038140351402549594,0.7990862634919939,6.811959400258398e-08,0.0,1.0264407744010289,6912,6785
pretrain,,289,0.35482196236094765,0.08427274683874363,194139.83394928373,0.36126476415388636,0.8537139831909109,0.10840449630740472,1.3755395494046667,0.0,0.18776977470233328,0.5623222701251507,0.7510790750384331,0.8261538952589035,0.05715971702018479,0.751079098809333,5.641153881056719e-08,0.0,1.0148577317595482,6936,6809
pretrain,,290,-0.1745172413345738,0.08410420134506615,95868.63166974975,0.3081870935857296,0.5910850596747226,0.10951931982191843,1.4080790882664065,0.0,0.20403954413320338,0.5647656241697925,0.8161581406990687,0.8460568249225616,0.02257497003164489,0.8161581765328134,6.350732985789993e-08,0.0,0.9628555576006571,6960,6833
pretrain,,291,-0.009770648096454754,0.083935992942376,113939.72579355675,0.33185533642591464,0.740285772989903,0.11009469154014313,1.4016947460671265,0.0,0.20084737303356334,0.5647150150367192,0.8033894697825114,0.8386566668748856,0.029207025424898756,0.8033894921342531,5.250885369105044e-08,0.0,0.957957831521829,6984,6857
pretrain,,292,-0.2228469956031805,0.08376812095649123,91042.47010714751,0.6514788653169359,1.3128788928900446,0.10371543293185298,1.3921749182932437,0.0,0.1960874591466217,0.5371903143823147,0.7843498239914576,0.8359814941883087,0.037197767817570455,0.7843498365864868,5.51697753222354e-08,0.0,1.0364807496468227,7008,6881
pretrain,,293,-0.28222821855381663,0.08360058471457828,86822.28161646955,0.5912516766360828,1.123554602265358,0.10870845667911937,1.392410945856855,0.0,0.19620547292842752,0.5591456341956342,0.7848218753933907,0.8336440801620483,0.03022032195086768,0.78482189171371,6.279775085123636e-08,0.0,1.0059593667586644,7032,6905
pretrain,,294,0.3114659012039616,0.0834333835451491,177098.3973897295,0.6598909260882508,1.3129257252173763,0.10323020878181566,1.3617233118663232,0.0,0.18086165593316159,0.4923063074903829,0.7234465976556143,0.7886530011892319,0.05606444291377486,0.7234466237326463,5.907246053427073e-08,0.0,1.070361855129401,7056,6929
pretrain,,295,0.39436309476901865,0.08326651677805881,209768.3590110776,0.4318731976451264,1.410325385949441,0.10743382166223318,1.3936057006940246,0.0,0.1968028503470123,0.5010076633521489,0.7872113833824793,0.827796795964241,0.03159592765820655,0.7872114013880491,6.022552647329722e-08,0.0,1.0565785417954128,7080,6953
pretrain,,296,-0.08705120800510867,0.08309998374450268,104728.1702715369,0.35113883080581826,0.9715770033853388,0.1101652335592722,1.3877500912085885,0.0,0.19387504560429425,0.55854742495077,0.7755001609524091,0.7971616476774216,0.027790062474620285,0.775500182417177,5.446019622305324e-08,0.0,0.9587841307123502,7104,6977
pretrain,,297,-0.021624453555936157,0.08293378377701369,112088.076430089,0.3908625117813547,0.865239166255508,0.1078907490669996,1.3934226262250116,0.0,0.19671131311250586,0.5654120392033032,0.7868452370166779,0.8316506326198578,0.04567053771921361,0.7868452524500235,5.446019638958669e-08,0.0,1.0001590177416801,7128,7001
pretrain,,298,0.3168641426876443,0.08276791620945965,175548.04586454105,0.6217685055785945,1.0300182349979876,0.09457603051567326,1.3976175615652686,0.0,0.19880878078263434,0.5512798487075737,0.7952351048588753,0.8372553259134292,0.02814153543034659,0.7952351231305371,6.723262013785813e-08,0.0,1.0448087453842163,7152,7025
pretrain,,299,0.12660787391225486,0.08260238037704073,133062.36988098035,0.5751042996222774,1.163927189154284,0.1015540440867923,1.3939551174463263,0.0,0.19697755872316305,0.5641627215913363,0.7879102031389872,0.8261103451251983,0.03021563656718212,0.7879102348926521,5.800809177447519e-08,0.0,0.9863979667425156,7176,7049
pretrain,,300,0.12764792986015022,0.08243717561628665,133994.7594945605,0.5092709530588416,1.4744744052844387,0.10504518918428811,1.3644248240050816,0.0,0.1822124120025408,0.4714800555791174,0.7288496245940527,0.7757822841405868,0.042754084771505434,0.7288496480101632,5.729851267529303e-08,0.0,1.0562494943539302,7200,7073
pretrain,,301,-0.12246647608832914,0.08227230126505408,100247.21282657265,0.5308920823126321,1.258515201721872,0.10411042333903812,1.3858387158030556,0.0,0.19291935790152778,0.561688244342804,0.7716774120926857,0.8414446592330932,0.04112672195590382,0.7716774316061111,6.492648801925682e-08,0.0,1.0165882855653763,7224,7097
pretrain,,302,0.3738862540349177,0.08210775666252398,201040.23974001477,0.6955876231104846,1.9844743637101978,0.10725074089147185,1.3819542365769546,0.0,0.19097711828847727,0.5576630671109473,0.7639084508021673,0.8132291227579116,0.03196849278453945,0.7639084731539091,5.428280151302071e-08,0.0,0.994674397011598,7248,7121
pretrain,,303,0.2908157264980793,0.08194354114919894,169544.47557100348,0.5944976909086108,1.0929047016160829,0.09947377950007119,1.3856302353420427,0.0,0.1928151176710214,0.5626829266548157,0.7712604254484177,0.8019313871860504,0.02834021949023108,0.7712604706840854,6.54586723528953e-08,0.0,1.0227825368444126,7272,7145
pretrain,,304,-0.02479493517643544,0.08177965406690053,110785.4179550944,0.58510305142651,1.797987490679536,0.10179088744686636,1.3959639444947243,0.0,0.19798197224736214,0.567429849079677,0.7919278765718142,0.8389132529497146,0.05514774908405265,0.7919278889894485,5.7475907477844146e-08,0.0,1.0133296226461728,7296,7169
pretrain,,305,-0.1944543600497883,0.08161609475876673,93602.27896352015,0.3984836572781205,1.118252914877874,0.1050869197958087,1.3969471353948826,0.0,0.19847356769744132,0.5604922798063074,0.7938942412535349,0.8211828231811523,0.035164426742090686,0.793894270789765,6.004813165224239e-08,0.0,0.940661425391833,7320,7193
pretrain,,306,-0.010813910825338814,0.08145286256924919,113038.53629161972,0.48232402634762583,1.1155593320195165,0.10513320951385863,1.4054011815183218,0.0,0.20270059075916094,0.5656698335494315,0.8108023305733999,0.8372448235750198,0.020048213304663127,0.8108023630366438,5.5524564908833916e-08,0.0,0.9799907331665357,7344,7217
pretrain,,307,-0.1450995103157971,0.0812899568441107,97644.89568552388,0.5555055851471566,1.1458042756787366,0.10081703154574796,1.3885581195354462,0.0,0.19427905976772308,0.5413865931332111,0.7771162241697311,0.824988254904747,0.04934038567366608,0.7771162390708923,6.208817160402447e-08,0.0,1.0234133079648018,7368,7241
pretrain,,308,-0.05982570413960467,0.08112737693042248,105026.5945296819,0.6088793576207189,1.0704858032720428,0.08973825908453241,1.380012390647261,0.0,0.1900061953236305,0.5381949586527688,0.7600247909625372,0.8031707137823105,0.029972542202519464,0.7600247812945219,7.477189815456124e-08,0.0,1.042142356435458,7392,7265
pretrain,,309,0.27514149260830306,0.08096512217656163,166780.09308363008,0.46677954871917055,0.9351308688255292,0.10438880398819705,1.3946424488510403,0.0,0.19732122442552022,0.5544673257640429,0.789284865061442,0.8411805003881454,0.047829383958182856,0.7892848977020809,6.031422380055791e-08,0.0,0.9913480604688326,7416,7289
pretrain,,310,-0.1382674016717678,0.0808031919322085,98758.98166647668,0.3846207395018566,0.9482688047524005,0.10475105861910768,1.3986174908599684,0.0,0.19930874542998414,0.56900562026671,0.7972349201639494,0.819250476360321,0.019848957022422384,0.7972349817199366,8.35529396225887e-08,0.0,0.9706907719373703,7440,7313
pretrain,,311,-0.030738078487976633,0.0806415855483441,110609.43640869008,0.6873596851226119,1.8987715187881673,0.10554673574419825,1.3975306445998807,0.0,0.1987653222999403,0.5550572951989514,0.7950612554947535,0.8124173223972321,0.019796142580296546,0.7950612891997609,5.995943439899658e-08,0.0,0.9381062835454941,7464,7337
pretrain,,312,-0.18980721495807024,0.0804803023772474,93234.72257241093,0.7264800348895646,1.489198310726455,0.09770452913236205,1.4004497393256143,0.0,0.20022486966280714,0.5608025139995984,0.800899475812912,0.8508438348770141,0.030434977603670234,0.8008994786512283,6.102380297375494e-08,0.0,1.0070549870530765,7488,7361
pretrain,,313,0.031189689414226004,0.0803193417724929,118054.00450778249,0.7701406187954403,1.604906527910913,0.10145029834016682,1.417496469847503,0.0,0.20874823492375158,0.5317879361765725,0.8349929178754488,0.8759101003408432,0.030814807802905485,0.8349929396950063,6.971614704050684e-08,0.0,1.0613676458597183,7512,7385
pretrain,,314,0.04768671062892964,0.08015870308894793,120820.11544731664,0.37872461455741097,1.0785035099834197,0.10386378617552343,1.4016167257602017,0.0,0.20080836288010084,0.5413846857845783,0.8032334198554357,0.8329079389572144,0.021432146451624185,0.8032334515204033,7.175618693677777e-08,0.0,0.9960432772835096,7536,7409
pretrain,,315,0.047651246966447916,0.07999838568277003,119191.13167290809,0.5711790510852421,1.715186018071003,0.09446679905145354,1.3857740837016277,0.0,0.19288704185081382,0.5546393916010857,0.7715481345852216,0.8257263779640198,0.03776294052103004,0.7715481674032553,6.581346188398267e-08,0.0,1.004440260430177,7560,7433
pretrain,,316,-0.26238935484474657,0.07983838891140448,87122.54747224924,0.4914492540771052,1.1560909869415419,0.09548405077632394,1.39902774852124,0.0,0.19951387426062003,0.5556785528148924,0.798055462539196,0.8328747659921646,0.03220982748915437,0.7980554970424798,6.572476453821825e-08,0.0,0.9816160624225935,7584,7457
pretrain,,317,0.09546908043668859,0.07967871213358167,128758.11671272395,0.44985340806167756,1.168539062035935,0.10656737695313268,1.406141980418137,0.0,0.2030709902090686,0.5651847805295671,0.812283918261528,0.8433328628540039,0.030488899755323345,0.8122839608362741,6.599085666803006e-08,0.0,0.978734609981378,7608,7481
pretrain,,318,0.0984920996332549,0.07951935470931451,128964.15238892591,0.7424836338364654,2.0229562270854196,0.10508218719102225,1.3970014491074139,0.0,0.19850072455370713,0.5555081298308713,0.7940028707186381,0.8351032614707947,0.03304425626290565,0.7940028982148283,6.120119768378747e-08,0.0,0.9735867455601692,7632,7505
pretrain,,319,-0.1104930269106533,0.07936031599989589,101160.76420319478,0.73336390077713,1.5058551255081383,0.10163956468848499,1.3917420957060085,0.0,0.19587104785300438,0.5457583170916354,0.7834841758012772,0.8137079834938049,0.031970707430770795,0.7834841914120174,5.499238061220287e-08,0.0,1.044895239174366,7656,7529
pretrain,,320,-0.12224686902091064,0.07920159536789609,99776.3458565706,0.803847937223812,2.178625623935035,0.10000442854709064,1.3859151081137713,0.0,0.19295755405688572,0.5571163855493069,0.7718301887313525,0.8226169586181641,0.038009100442427265,0.7718302162275427,4.346172016722605e-08,0.0,1.0265889714161556,7680,7553
pretrain,,321,0.09402699716642199,0.07904319217716031,126129.76892949075,0.6365239326176899,1.219686306693724,0.094282298995657,1.395575620766197,0.0,0.19778781038309848,0.5501626043447426,0.791151208182176,0.8515216022729873,0.04287627040351232,0.7911512415323939,5.250885374656159e-08,0.0,1.0610141679644585,7704,7577
pretrain,,322,0.12007638508801557,0.07888510579280598,130917.29648197237,0.5615882632278261,1.0670209413660423,0.0967355039103754,1.3954518962030609,0.0,0.19772594810153052,0.5462962415601527,0.7909037719170252,0.8366490095853806,0.027770244562579493,0.7909037924061219,6.040292127584834e-08,0.0,1.0507360498110454,7728,7601
pretrain,,323,0.06634062532844004,0.07872733558122036,120461.02019127677,0.416903855722575,0.9332130355494361,0.0862627648089367,1.388183959183239,0.0,0.19409197959161942,0.5534124917217663,0.7763679126898447,0.8036243170499802,0.02424416774888782,0.7763679183664776,4.5413062717732565e-08,0.0,1.0445650517940521,7752,7625
pretrain,,324,0.23057640516352745,0.07856988091005793,157134.93204482525,0.6782012462083783,1.176626930864794,0.11085655290167683,1.3756713363386337,0.0,0.18783566816931682,0.5568491742014885,0.7513426393270493,0.789897033572197,0.031295887323554934,0.7513426726772673,6.98935417690431e-08,0.0,1.0040410111347835,7776,7649
pretrain,,325,-0.04856267980841739,0.07841274114823782,107553.61534496633,0.36595130906928147,0.9530779253425332,0.09899486787916378,1.3934007685276724,0.0,0.19670038426383618,0.5573154804962022,0.7868015194932619,0.8274743825197219,0.03539752464004619,0.7868015370553447,5.694372316270938e-08,0.0,0.9819102610150973,7800,7673
pretrain,,326,0.03579002988078654,0.07825591566594134,119249.03499606527,0.6077202157605263,1.4718183675514798,0.10469063384031757,1.4037707432927118,0.0,0.201885371646356,0.5644838107483727,0.8075414597988129,0.8350950807332993,0.02758809651154243,0.807541486585424,5.481498573563689e-08,0.0,1.0054306810100873,7824,7697
pretrain,,327,0.13006142483617128,0.07809940383460945,133077.96861933797,0.4837998894398056,1.2547784139535256,0.09874949356137612,1.3891672220613274,0.0,0.19458361103066377,0.5613798387348652,0.7783344214161237,0.8278194934129715,0.04094575309883059,0.7783344441226548,5.676632832315084e-08,0.0,0.9894223560889562,7848,7721
pretrain,,328,0.07814108829819724,0.07794320502694023,124596.74587751964,0.6492583091548156,1.2939333430358335,0.09939144378380294,1.399088314069169,0.0,0.1995441570345845,0.558192316442728,0.7981766238808632,0.8517308324575424,0.05339994045763644,0.7981766281383377,4.470348356303925e-08,0.0,1.0051963354150455,7872,7745
pretrain,,329,-0.06326402894190207,0.07778731861688634,107398.09904253375,0.4784833932339791,0.9759361668090731,0.11012404328066888,1.405055503981809,0.0,0.20252775199090442,0.5598375174616064,0.810110958913962,0.8344808280467987,0.020549592974066253,0.8101110079636177,6.075771075142455e-08,0.0,0.9515175372362137,7896,7769
pretrain,,330,0.30885865581890304,0.07763174397965258,174849.50329290563,0.7773209290490263,1.7219629640557927,0.09935077663301224,1.3979528627047937,0.0,0.19897643135239682,0.5657271035015583,0.795905681947867,0.8303841471672058,0.02910905510141323,0.7959057254095873,5.446019622305324e-08,0.0,1.0323064575592678,7920,7793
pretrain,,331,-0.22553624499112251,0.07747648049169328,90860.51233467965,0.45164933419298553,1.0095246465610608,0.10412344164422109,1.3667105320131494,0.0,0.18335526600657479,0.4916164545076234,0.7334210400780042,0.8224112778902053,0.04830928878932717,0.7334210640262988,5.729851265678931e-08,0.0,1.0592018986741703,7944,7817
pretrain,,332,-0.013833149222758231,0.07732152753070988,111682.89384040551,0.6661302326690584,1.5537797710193049,0.09870073146140461,1.3734754557676967,0.0,0.18673772788384843,0.5572813243738242,0.7469509020447731,0.8061933994293213,0.058770761797787445,0.7469509115353937,3.964773250449601e-08,0.0,1.0638752679030101,7968,7841
pretrain,,333,0.19872045758183252,0.07716688447564847,146696.11461199843,0.6547562518112716,1.4377007300832438,0.09966519129942797,1.4012019802328375,0.0,0.20060099011641883,0.5365720423204559,0.8024039417505264,0.8415953487157821,0.03989515514412556,0.8024039604656753,4.993662947964476e-08,0.0,1.0601093918085098,7992,7865
pretrain,,334,0.17690293898282008,0.07701255070669717,141898.82782148538,0.7599094229794684,1.3139931170003754,0.09864133716205507,1.3975340258330107,0.0,0.19876701291650534,0.5634292981454304,0.7950680007537206,0.8229809463024139,0.019204218218313914,0.7950680516660213,6.155598723337856e-08,0.0,1.0226493204633396,8016,7889
pretrain,,335,-0.33030567176888515,0.07685852560528378,82170.98487848869,0.4035041757105362,0.9813149629426852,0.09444257455414262,1.3990971148901041,0.0,0.19954855744505215,0.5515482266034399,0.7981942221522331,0.8378937005996704,0.031177970334731433,0.7981942297802084,6.013682912753282e-08,0.0,0.9651636828978857,8040,7913
pretrain,,336,-0.04857308886650111,0.07670480855407322,106484.71522145458,0.5207735891675666,1.0208842796938757,0.09122597808667861,1.3863136606468334,0.0,0.19315683032341657,0.5615837563361441,0.7726272741953532,0.8025709837675095,0.020685297711169642,0.7726273212936662,7.299795029558354e-08,0.0,1.0524048258860905,8064,7937
pretrain,,337,0.08217679925653756,0.07655139893696507,124995.724571367,0.7316597530928751,1.7943202698337177,0.09816319755356633,1.399784444742614,0.0,0.1998922223713072,0.555874873484884,0.7995688964923223,0.8321256667375565,0.024149713342951424,0.7995688894852288,5.969334215816247e-08,0.0,1.0275388459364574,8088,7961
pretrain,,338,0.30784660010571824,0.07639829613909113,172306.19773496696,0.4731217023606102,1.183373098181826,0.09315935254759929,1.3743651010805653,0.0,0.18718255054028266,0.5667770483664103,0.7487301776806513,0.7954295426607132,0.038364014616584494,0.7487302021611303,4.5058273149637763e-08,0.0,1.0292509868741035,8112,7985
pretrain,,339,0.27708232522640547,0.07624549954681294,160528.98225675526,0.5600857711618855,1.0239604665232551,0.08331433552372221,1.3948584360824456,0.0,0.1974292180412227,0.5567880283508981,0.7897168546915054,0.8530650019645691,0.045733866352295774,0.7897168721648908,4.834007646022561e-08,0.0,1.0595775693655014,8136,8009
pretrain,,340,0.09539856708276055,0.07609300854771933,128595.29325485916,0.5954622947389171,1.720026921853422,0.10580666245950947,1.4074822975145211,0.0,0.20374114875726046,0.5647482068410941,0.8149645899732908,0.8360056757926941,0.014327400822160906,0.8149645950290418,5.0468813905801824e-08,0.0,0.9968448107441267,8160,8033
pretrain,,341,0.2405207081683031,0.07594082253062388,153881.8664581998,0.656939571412901,1.5472821091966964,0.09135845216691975,1.387938720395877,0.0,0.19396936019793865,0.5540142032716955,0.7758774509032568,0.8114252239465714,0.028828285305699974,0.7758774407917546,5.623414397100864e-08,0.0,1.0568294003605843,8184,8057
pretrain,,342,0.15179780501851117,0.07578894088556264,133624.51065667573,0.49280962183894145,1.003176186978817,0.08319708198717622,1.3864274134061165,0.0,0.1932137067030583,0.5420840898794788,0.7728547900915146,0.8046161502599716,0.01910866067165821,0.7728548268122332,5.587935445842499e-08,0.0,1.0468310515085857,8208,8081
pretrain,,343,0.011515066656541076,0.07563736300379152,115787.6870350461,0.5431716825946101,1.1809988312423227,0.10402936955101161,1.3978140975925184,0.0,0.19890704879625923,0.5522434738065516,0.795628197491169,0.8366004943847656,0.023922349108170683,0.7956281951850369,5.215406427098538e-08,0.0,0.9774968127409617,8232,8105
pretrain,,344,-0.3357430112285226,0.07548608827778393,82464.79894425404,0.2500137286260724,0.5945692802114143,0.10258699259279459,1.3979465957021429,0.0,0.19897329785107146,0.5686064873422896,0.7958931550383568,0.8240705072879791,0.018792142571055267,0.795893191404286,6.40395141730347e-08,0.0,0.9779689485828081,8256,8129
pretrain,,345,0.1111122456352143,0.07533511610122835,130690.79796500666,0.6977510978246019,1.7024728729788738,0.10310245104623561,1.399549809461903,0.0,0.1997749047309515,0.5681438462010451,0.7990996067722639,0.8434802830219269,0.027386547133183597,0.799099618923806,5.1710577246103874e-08,0.0,1.002399166425069,8280,8153
pretrain,,346,-0.12565884270312366,0.07518444586902591,100517.8820185901,0.4962401159018988,1.0439043655725457,0.10900915074314381,1.3968644571889726,0.0,0.19843222859448625,0.5650336800941399,0.7937289029359818,0.8361193478107452,0.036297864660542294,0.7937289143779447,5.117839294947283e-08,0.0,0.9659682810306549,8304,8177
pretrain,,347,0.16707815167921208,0.07503407697728785,141449.89365444976,0.4946364368799896,1.379190762021711,0.1049647711941016,1.397394120515812,0.0,0.198697060257906,0.5680916900081294,0.794788214067618,0.8376654803752899,0.025662321518379674,0.794788241031624,6.59908567050375e-08,0.0,0.987232598165671,8328,8201
pretrain,,348,-0.02655964104795672,0.07488400882333328,110452.6241183999,0.4251653268223716,1.0240794033876486,0.10099508178758543,1.39417046867311,0.0,0.197085234336555,0.5664160837020193,0.7883409087856611,0.8230650961399079,0.02612988689562915,0.78834093734622,5.055751119605508e-08,0.0,0.9886867702007294,8352,8225
pretrain,,349,0.33747931811784054,0.07473424080568661,186087.35821228763,0.5993905896764425,1.3104238944926432,0.10428222026188133,1.3980290087028628,0.0,0.19901450435143145,0.5543912713016783,0.7960580115516981,0.8274975299835206,0.020984037691917853,0.7960580174057257,4.133298281416842e-08,0.0,1.0280493373672168,8376,8249
pretrain,,350,0.3556701598513401,0.07458477232407523,188883.90918202634,0.65929520994957,1.3085363490240909,0.09575343175912289,1.4016626572147721,0.0,0.2008313286073861,0.5204548218420573,0.8033252730965614,0.8366508215665817,0.02786320137412037,0.8033253144295442,5.694372314420567e-08,0.0,1.0809886852900188,8400,8273
pretrain,,351,0.220601830589029,0.07443560277942708,152224.6617476154,0.7368497717238608,1.4602774042103972,0.10206199229512469,1.396618238118078,0.0,0.19830911905903903,0.5715175750000137,0.7932364692290624,0.8287684410810471,0.023305959479902598,0.793236476236156,6.217686906081117e-08,0.0,1.01212889701128,8424,8297
pretrain,,352,0.029966317881405233,0.07428673157386823,117206.42055229786,0.5604165388892094,0.9392129177493707,0.09736508483463475,1.3875043589976572,0.0,0.19375217949882861,0.556149251226868,0.7750086759527525,0.8083526760339736,0.02733726498797143,0.7750087179953145,6.421690897558581e-08,0.0,1.0176465113957722,8448,8321
pretrain,,353,0.02557399069877569,0.0741381581107205,117041.39584760035,0.6208602747480784,1.0971987703549009,0.1000228749344535,1.3919109332242183,0.0,0.19595546661210916,0.5587450792746884,0.7838218286633492,0.8456519454717636,0.031453017815836065,0.7838218664484363,5.694372314420567e-08,0.0,1.0255234440167744,8472,8345
pretrain,,354,-0.6352932963396603,0.07398988179449906,66342.09989347667,0.40262343291015856,0.9278435703899179,0.10662901378522159,1.3859008428685013,0.0,0.19295042143425065,0.5643667450972966,0.7718016703923544,0.811947837471962,0.03138163108827895,0.7718016857370024,5.596805187820427e-08,0.0,0.956874410311381,8496,8369
pretrain,,355,0.21105720645436554,0.07384190203091005,150823.57310927825,0.502257021631868,0.9498602345585822,0.10493038715068924,1.3968769887550956,0.0,0.19843849437754782,0.5681041441857815,0.7937539940079054,0.8337839752435684,0.025290132527715427,0.7937539775101911,5.375061717938223e-08,0.0,0.9913596088687578,8520,8393
pretrain,,356,0.4822621833097062,0.07369421822684824,255720.4425563452,0.44189415641483804,1.2690039975302556,0.10557148295858192,1.3995715679068652,0.0,0.19978578395343258,0.5411736369132996,0.7991431330641111,0.8495837360620498,0.02709042012958326,0.7991431358137301,6.30638429070333e-08,0.0,1.0321644966801007,8544,8417
pretrain,,357,-0.6100762590479664,0.07354682979039454,67139.8069982895,0.44117312417143867,1.0314614029867304,0.10053907966023275,1.3909378381712096,0.0,0.1954689190856048,0.5732940477984292,0.7818756550550461,0.8175535500049591,0.026052312375254193,0.7818756763424192,5.392801196342963e-08,0.0,0.9859611019492149,8568,8441
pretrain,,358,-0.21494017079043118,0.07339973613081374,91374.6293313497,0.41902035663259163,0.8719538663647,0.10045373869406693,1.3958658135629127,0.0,0.19793290678145628,0.5680901988276413,0.7917316009600958,0.8198067784309387,0.024047173674548592,0.7917316271258251,6.270905337594594e-08,0.0,0.958650603890419,8592,8465
pretrain,,359,0.04159001093237573,0.07325293665855212,120924.82315916826,0.3772113922362526,0.8212386310632741,0.10954160076973468,1.3966451898394598,0.0,0.1983225949197298,0.5733565017580986,0.7932903617620468,0.8254843443632126,0.021220726015374156,0.7932903796789191,5.907246044175215e-08,0.0,0.988944503168265,8616,8489
pretrain,,360,0.14963724347057317,0.07310643078523502,138742.38763253845,0.5771200517635969,1.4130636569644717,0.10800207673557549,1.4026561598515226,0.0,0.20132807992576138,0.5727731585502625,0.8053123106559118,0.8330085337162018,0.019077848771364925,0.8053123197030452,5.907246047875958e-08,0.0,0.9939901779095331,8640,8513
pretrain,,361,0.13623279749654588,0.07296021792366454,132279.73612761134,0.8972186846215101,2.0740888703614475,0.08982792855164574,1.3782042002394086,0.0,0.18910210011970432,0.5704844040530068,0.7564083834489187,0.8085203230381012,0.054578126344346625,0.7564084004788171,6.882917313877357e-08,0.0,1.0717269877592723,8664,8537
pretrain,,362,0.1556326665566535,0.07281429748781722,137465.28911709454,0.6625978885484594,1.6545672433716905,0.09742580421598994,1.3534962070573655,0.0,0.17674810352868273,0.5464234815112181,0.7069923753539721,0.7671735733747482,0.03423706550876872,0.7069924141147307,4.8872260812367806e-08,0.0,1.0567780161897342,8688,8561
pretrain,,363,0.20014505222331636,0.07266866889284158,147974.72529355643,0.8848089907052262,1.8704264333205558,0.10338655320768993,1.3867852064293056,0.0,0.19339260321465276,0.5696130256567682,0.7735703686873118,0.8211906909942627,0.0314449869234172,0.7735704128586111,6.474909329072058e-08,0.0,1.0185456449786823,8712,8585
pretrain,,364,-0.3232108347976382,0.0725233315550559,83172.21698863331,0.45751563590463434,1.1022589037993122,0.10073855426660362,1.386958078924744,0.0,0.193479039462372,0.5642886736563273,0.773916132748127,0.8092775404453277,0.028982584254504815,0.7739161578494876,5.0823603307363165e-08,0.0,0.9605019638935725,8736,8609
pretrain,,365,0.06487747032320118,0.07237828489194578,124828.57433091883,0.5497984457317563,1.46565241664648,0.11168658227192761,1.3862805007291692,0.0,0.1931402503645846,0.5735292482588972,0.7725609814127287,0.802828598022461,0.028948638976681342,0.7725610014583383,5.6234144008016074e-08,0.0,1.0257495815555255,8760,8633
pretrain,,366,0.015041486265104813,0.07223352832216189,115860.84146544882,0.5391845167392776,1.2855231555444855,0.10154510957075591,1.3999200243325458,0.0,0.19996001216627304,0.5753125473856926,0.799840028087298,0.8320119589567184,0.02030279990375441,0.7998400486650921,5.7475907496347865e-08,0.0,1.0190827970703442,8784,8657
pretrain,,367,-0.024372576976026624,0.07208906126551758,109991.75232288391,0.475690427369305,1.003197104377406,0.09601125012765255,1.3998307285919076,0.0,0.19991536429595383,0.5702872760593891,0.7996614451209704,0.824223330616951,0.01965400747836053,0.7996614571838151,5.6056749297983544e-08,0.0,1.0261688108245532,8808,8681
pretrain,,368,-0.12246290630886962,0.07194488314298654,101288.82228472117,0.46381384293947897,1.214633616751857,0.112655947035466,1.4025941186008,0.0,0.20129705930039998,0.5741674910698618,0.8051882286866506,0.8359893351793289,0.02106317761868504,0.8051882372015998,4.8960958195139646e-08,0.0,0.9669549763202667,8832,8705
pretrain,,369,0.2240925767712022,0.07180099337670057,150915.32867192157,0.6157860108429477,1.6283952435744646,0.0944035083889317,1.375917100391927,0.0,0.18795855019596364,0.5618452227541378,0.7518341715137163,0.7956688731908799,0.038178857985181364,0.7518342007838544,7.166748955400593e-08,0.0,1.0531897420684497,8856,8729
pretrain,,370,0.14546108796273965,0.07165739138994716,138513.6317380507,0.34168757640180125,0.836131451651454,0.1104902572723852,1.3872097498249438,0.0,0.19360487491247202,0.5625986547342368,0.7744195039073626,0.8100103288888931,0.024208222394832748,0.7744194996498878,5.889506567620847e-08,0.0,0.9602635403474172,8880,8753
pretrain,,371,0.36267286361298384,0.07151407660716727,195796.0320062583,0.6027966334617564,1.4159410217510797,0.10549296352141652,1.3913838129845404,0.0,0.1956919064922702,0.5764300216521536,0.7827676087617874,0.8102500438690186,0.026042302409130906,0.7827676259690807,5.091230067163129e-08,0.0,0.9927430177728335,8904,8777
pretrain,,372,0.22194037377244724,0.07137104845395292,150794.48572366475,0.6045037896505424,1.6782974293721564,0.09575450276015086,1.3882619740352744,0.0,0.19413098701763723,0.5748432874679565,0.7765239104628563,0.8323535144329071,0.04127266941312216,0.7765239480705487,6.350732982089251e-08,0.0,1.0489013120532036,8928,8801
pretrain,,373,0.09266602366336743,0.07122830635704502,128234.32063907282,0.37532976287461467,1.0054464859621863,0.10625961889393498,1.398696503468922,0.0,0.1993482517344611,0.5732420038964068,0.797392966846625,0.8312242031097412,0.03892583495635027,0.7973930069378444,5.676632837866199e-08,0.0,0.9843851824601492,8952,8825
pretrain,,374,0.11916999757373377,0.07108584974433094,131641.92134946852,0.822494561251785,1.9180228314761603,0.10099463844865304,1.3918693580975134,0.0,0.19593467904875675,0.5642197728157043,0.7837386652827263,0.8208592444658279,0.026242778348976318,0.783738716195027,7.557017458100408e-08,0.0,0.9857304443915685,8976,8849
pretrain,,375,0.2523267031740659,0.07094367804484226,156187.0012468532,0.6911194761328044,1.4714092395135332,0.08951262487520356,1.3920861518099195,0.0,0.19604307590495976,0.5749226840479034,0.7841722791393598,0.8295136272907256,0.026795724862222432,0.7841723036198389,4.7541799978271605e-08,0.0,1.0467452829082806,9000,8873
pretrain,,376,-0.022334088401288414,0.07080179068875259,110802.28373553618,0.6952610539627218,2.0855704938726745,0.09985467874200009,1.4001756540189187,0.0,0.20008782700945935,0.5523189455270767,0.8003512769937515,0.8476702183485031,0.034386485202006364,0.8003513080378374,7.290925300533028e-08,0.0,0.9891681844989458,9024,8897
pretrain,,377,-0.1733718182530081,0.07066018710737508,96074.51188290819,0.44630955283840495,0.889007665004049,0.1104275251773194,1.3895771790384537,0.0,0.19478858951922687,0.5725200261388506,0.7791543553272883,0.8063328295946122,0.020612729946400326,0.7791543580769072,4.816268171318564e-08,0.0,0.9618557418386141,9048,8921
pretrain,,378,0.23479507152525222,0.07051886673316032,155250.7953043161,0.6134703506582551,1.519652317996535,0.10090487072674108,1.3787770268196862,0.0,0.18938851340984306,0.5717754917485374,0.7575540095567703,0.795181992650032,0.024975536003853244,0.7575540536393722,5.862897354639666e-08,0.0,0.9990753581126531,9072,8945
pretrain,,379,0.11752811156755552,0.07037782899969401,130403.26212998969,0.9607501339078658,1.7746116595076655,0.09634992217815887,1.403743174193161,0.0,0.20187158709658046,0.5759560588215078,0.807486335436503,0.8474386125802994,0.027520824233091816,0.8074863483863216,5.0202721646464e-08,0.0,1.017778992652893,9096,8969
pretrain,,380,-0.006142825329643664,0.07023707334169463,114454.4996379146,0.5427536927163601,1.1725484200886314,0.11036098540856998,1.4025756820504156,0.0,0.20128784102520772,0.5787406521184104,0.8051513458291689,0.8356271922588349,0.021367434308343994,0.8051513641008308,5.126709022122237e-08,0.0,0.9769063020745913,9120,8993
pretrain,,381,-0.23642598377472035,0.07009659919501124,90372.11870883257,0.46500275958152043,1.2055548129337172,0.10824167848155562,1.395526601622502,0.0,0.19776330081125104,0.5794351164783751,0.7910531709591547,0.8201833695173264,0.03307348473193367,0.7910532032450038,5.3928012000437064e-08,0.0,0.9615576515595118,9144,9017
pretrain,,382,-0.00555013423542159,0.06995640599662122,111703.4188340114,0.4415791468428714,0.9077581571148972,0.09193532250945054,1.396613181169544,0.0,0.19830659058477199,0.5715525134333542,0.79322632898887,0.8212106168270111,0.023573266968136747,0.7932263623390878,6.350732993191481e-08,0.0,0.969328706463178,9168,9041
pretrain,,383,0.019448166856687377,0.06981649318462797,116874.66900852518,0.5101769719095457,1.1988988806626624,0.10411203063501424,1.4002387252237114,0.0,0.20011936261185578,0.5809085326535361,0.8004774252573649,0.8375803828239441,0.03197957274856052,0.8004774504474231,6.741001497741668e-08,0.0,0.9959450314442316,9192,9065
pretrain,,384,0.01523885395226831,0.06967686019825871,116516.18296162656,0.41163607416231,0.8543181128267727,0.1054260553607192,1.393824082621861,0.0,0.19691204131093054,0.5291892353977476,0.7876481438676516,0.8286380261182785,0.03173135798224251,0.787648165243722,6.324123763556955e-08,0.0,1.0298703064521153,9216,9089
pretrain,,385,0.232980851100399,0.0695375064778622,155305.57075319966,0.6527773777821234,1.5461107642522869,0.10260603556023223,1.402315379608245,0.0,0.2011576898041226,0.5579006639974458,0.8046307240923246,0.832072114944458,0.021739938702931505,0.8046307592164902,5.0734906017109914e-08,0.0,1.0314218625426292,9240,9113
pretrain,,386,-0.043026423158720656,0.06939843146490647,105652.08486324133,0.533087290335624,1.0257692527558122,0.08043630648154154,1.3897851784491824,0.0,0.19489258922459118,0.5563564726284571,0.7795703411102295,0.8083273559808731,0.021599574918528295,0.7795703568983644,5.5169775433257705e-08,0.0,1.0469839200377464,9264,9137
pretrain,,387,0.06841249942472248,0.06925963460197666,124300.88190599238,0.57190504470574,1.3353960067033765,0.1059066493326345,1.4011220230410497,0.0,0.20056101152052483,0.5787492394447327,0.8022440200050672,0.8302888512611389,0.02446960681787566,0.8022440460820993,5.0912300764149876e-08,0.0,1.00373541812102,9288,9161
pretrain,,388,0.09539564178802745,0.0691211153327727,127118.76059658272,0.7245176409681638,1.7484722393964005,0.09828201056380319,1.3931223630372964,0.0,0.19656118151864835,0.5677338178668703,0.7862447003523508,0.8411066651344299,0.037023920576792796,0.7862447260745934,5.162187988183575e-08,0.0,1.029533065855503,9312,9185
pretrain,,389,-0.03904130535343952,0.06898287310210716,110713.63389274217,0.3658209947336997,0.8071471441537141,0.11317515100040539,1.4043092514787403,0.0,0.20215462573937007,0.5781635450465339,0.8086184859275818,0.8285604983568191,0.013349011981749552,0.8086185029574802,7.486059551882936e-08,0.0,0.9761245250701904,9336,9209
pretrain,,390,0.4793028818040601,0.06884490735590294,255141.2531858506,0.6811829482072166,1.763941077089735,0.10729780352573122,1.393307143024036,0.0,0.19665357151201793,0.566507569381169,0.7866142814358076,0.8160281419754029,0.025119198142113296,0.7866142860480716,4.789658952786269e-08,0.0,1.002866302927335,9360,9233
pretrain,,391,-0.1273974735383066,0.06870721754119113,98465.29635254809,0.6159294856091341,1.1957147288535324,0.09317602873710717,1.3936331809631417,0.0,0.19681659048157077,0.5737900648798262,0.787266343832016,0.826203316450119,0.027684701367666712,0.7872663619262831,5.605674918696124e-08,0.0,1.011749727030595,9384,9257
pretrain,,392,0.22675158167162085,0.06856980310610876,157030.61123733118,0.7169148376255873,1.5546588180320597,0.11369158959727632,1.4032737176776642,0.0,0.20163685883883212,0.5702324653310435,0.8065474033355713,0.8616049468517304,0.03291243027735464,0.8065474353553285,6.856308095345061e-08,0.0,1.008021096388499,9408,9281
pretrain,,393,0.3975758660563353,0.06843266349989655,209915.15160313214,0.78633305066753,1.400584599641817,0.10503431665964906,1.3918688992659252,0.0,0.19593444963296255,0.5491235256195068,0.7837377563118935,0.8403532743453979,0.03541172302335814,0.7837377985318502,6.457169848816946e-08,0.0,1.0414482404788334,9432,9305
pretrain,,394,-0.6745627834379926,0.06829579817289674,64096.132477938176,0.44502172989415983,0.9803505267947911,0.09533853976278613,1.3942357897314999,0.0,0.19711789486574985,0.5799373952405793,0.7884715596834818,0.8110098630189896,0.024047703412965363,0.7884715794629993,5.153318242504904e-08,0.0,0.9922142301996549,9456,9329
pretrain,,395,0.1386386753339449,0.06815920657655095,135620.80596129445,0.7374078414092461,1.3363897085189818,0.10334277839283333,1.3979791013435239,0.0,0.19898955067176197,0.5823663483772958,0.7959581911563873,0.8242075234651566,0.025662065756826814,0.7959582026870476,5.587935449543243e-08,0.0,1.0454324310024579,9480,9353
pretrain,,396,-0.06529790189444856,0.06802288816339785,106132.6242460726,0.4928044948194708,1.0926301846546782,0.10256712630923526,1.4027919606527401,0.0,0.20139598032637016,0.5782331127141203,0.8055838942527771,0.8351528078317643,0.025601279672229766,0.8055839213054804,5.809678915724703e-08,0.0,0.9856801653901736,9504,9377
pretrain,,397,0.15069195812446995,0.06788684238707106,137674.9681566273,0.38558813361894523,0.9857947779553277,0.1024663248945532,1.3994058442435093,0.0,0.19970292212175475,0.5750061284218515,0.7988116766015688,0.8225153267383576,0.022176190696203052,0.7988116884870188,6.971614700349941e-08,0.0,1.0127301514148712,9528,9401
pretrain,,398,0.10642803343965761,0.06775106870229691,131473.6037379508,0.372128214243622,0.8432534300855227,0.1108025118470341,1.4038951178746568,0.0,0.20194755893732821,0.5782726438982146,0.807790199915568,0.8351978838443757,0.019730176327279015,0.8077902357493129,4.718701041017681e-08,0.0,0.9773096243540446,9552,9425
pretrain,,399,0.01932604752907638,0.06761556656489232,116168.5961404697,0.6547064139463362,1.5307015114596902,0.09988009376501916,1.3934823924320794,0.0,0.19674119621603972,0.5786857498543603,0.7869647691647211,0.8107928782701492,0.0270318861202322,0.7869647848641588,4.550176017451927e-08,0.0,1.0203302750984828,9576,9449
pretrain,,400,-0.23794910300834815,0.06748033543176253,89643.60435532003,0.590630722875219,1.22572315936642,0.10201712735137619,1.3890989780692118,0.0,0.1945494890346059,0.5729323604277201,0.7781979590654373,0.8109105139970779,0.020479823649471308,0.7781979561384235,6.448300112390133e-08,0.0,1.0074515342712402,9600,9473
pretrain,,401,0.1507880463778169,0.06734537476089901,138129.61910184886,0.4468464278394268,1.0623904405960014,0.10437855281067616,1.3926373915303323,0.0,0.19631869576516606,0.5452499325786317,0.7852747465173403,0.8075643450021743,0.02029013152955393,0.7852747830606642,6.776480445299289e-08,0.0,1.0290591220060985,9624,9497
pretrain,,402,-0.22945028512188131,0.06721068401137721,89683.81395785842,0.6187138377378384,1.585575511785489,0.09535156706323018,1.390810368227817,0.0,0.1954051841139084,0.5799249474491392,0.7816207408905029,0.8142210513353347,0.034192292155419454,0.7816207364556336,6.26203559931741e-08,0.0,0.9974702323476473,9648,9521
pretrain,,403,0.20747044127220649,0.06707626264335446,151431.22105630525,0.47022866941101493,1.0376989044781242,0.11013646251281205,1.3941520981135822,0.0,0.19707604905679113,0.578410441321986,0.7883041799068451,0.8336589753627777,0.025263220213534065,0.7883041962271644,5.5347170106282796e-08,0.0,0.9822101220488548,9672,9545
pretrain,,404,-0.4219115699768175,0.06694211011806775,77001.7136953721,0.23057978673438942,0.6107514182903937,0.10269931187326187,1.4004880456431283,0.0,0.20024402282156406,0.5788122484726566,0.8009760801990827,0.827985081076622,0.01693444146172467,0.8009760912862562,6.998223924433351e-08,0.0,0.9460242067774137,9696,9569
pretrain,,405,-0.09484912498307829,0.06680822589783161,103368.98768507109,0.45580307387613833,0.9768579373402254,0.10620082170680889,1.3870163873902388,0.0,0.19350819369511948,0.5747835194425923,0.7740327765544256,0.8015746295452117,0.023997250609197045,0.7740327747804777,5.392801196342963e-08,0.0,0.96356350928545,9720,9593
pretrain,,406,0.13034180860841643,0.06667460944603594,135043.41632469752,0.35845425720548346,0.993337939360312,0.10762966505490719,1.3941233293818576,0.0,0.1970616646909288,0.5746504589915276,0.7882466490070025,0.8274908512830734,0.022193554619708723,0.7882466587637151,6.155598728888971e-08,0.0,0.9820779065291086,9744,9617
pretrain,,407,0.128461864130879,0.06654126022714388,132542.16524595895,0.4924755129697067,1.7733041097543056,0.09755104217670274,1.3964886838304142,0.0,0.19824434191520726,0.5801410185439246,0.7929773380359014,0.8258268177509308,0.029856180839721122,0.7929773676608289,4.913835297918704e-08,0.0,1.010901374121507,9768,9641
pretrain,,408,0.1081887160955543,0.06640817770668958,127942.17425004125,0.5557843758946374,1.500894300320318,0.09184015334862013,1.4079951476749208,0.0,0.20399757383746053,0.5753831921943596,0.8159902915358543,0.8401607215404511,0.01527721284716404,0.815990295349842,6.607955410631305e-08,0.0,1.0368119403719902,9792,9665
pretrain,,409,0.06450718663719941,0.06627536135127621,122327.23582042367,0.6513762454546633,1.458053999873144,0.09834447940478346,1.4079688928489176,0.0,0.20398444642445876,0.5747077560850552,0.8159377773602804,0.8511144757270813,0.023559765166734557,0.8159377856978347,6.581346193949382e-08,0.0,1.0109206487735112,9816,9689
pretrain,,410,-0.06618746301382057,0.06614281062857365,106463.37606563068,0.42407109532948767,0.872022267218147,0.10574776455655455,1.3938486183594379,0.0,0.19692430917971904,0.5739780680409499,0.7876971960067749,0.8078025370836258,0.01631284740454787,0.7876972367188758,6.661173836593666e-08,0.0,0.9876878634095192,9840,9713
pretrain,,411,0.12088295799189178,0.06601052500731651,132934.88486739955,0.4184556417832417,1.0783762430506092,0.10572420964556957,1.3930424522785911,0.0,0.19652122613929568,0.5712172974433218,0.7860848878820738,0.818936961889267,0.02857356200439921,0.7860849045571826,6.120119777630606e-08,0.0,0.9715284233291944,9864,9737
pretrain,,412,0.21387434617733797,0.06587850395730188,153457.85090554119,0.9117637583542436,1.4913838266794168,0.11206743553990633,1.4017211722121352,0.0,0.20086058610606763,0.5749821673546518,0.8034423217177391,0.8494818359613419,0.02813088583227762,0.8034423444242704,4.7541799996775325e-08,0.0,1.0118207509318988,9888,9761
pretrain,,413,0.1656615899286696,0.06574674694938727,142311.48180289875,0.4217474672810308,0.8425299717379465,0.10971201588331692,1.382502550747068,0.0,0.19125127537353412,0.5703046369765485,0.7650051191449165,0.8093315601348877,0.042244305835408565,0.7650051014941363,4.5324365316457005e-08,0.0,0.9873707393805186,9912,9785
pretrain,,414,0.2236712743268859,0.06561525345548849,153281.06980869154,0.5532292677976546,1.2229902307369875,0.10327703663441323,1.399954204491916,0.0,0.1999771022459581,0.5779374864484583,0.7999083772301674,0.8234895884990692,0.018491183387910833,0.7999084089838323,5.694372312570195e-08,0.0,1.0055589204033215,9936,9809
pretrain,,415,0.021800593442566518,0.06548402294857752,116397.97290267023,0.593662767959315,1.5787070077444825,0.09923159650920255,1.4049031146846358,0.0,0.20245155734231787,0.5738996139594487,0.8098061929146448,0.8359702169895172,0.019931038243597418,0.8098062293692715,6.27090533389385e-08,0.0,1.0370149140556653,9960,9833
pretrain,,416,0.27146488448208567,0.06535305490268037,167365.60723702723,0.5123320331663958,1.3157947052802357,0.10920066137549427,1.398027207480655,0.0,0.19901360374032742,0.5715630735669817,0.7960544054706892,0.8392029255628586,0.02788015113267107,0.7960544149613096,5.011402428219588e-08,0.0,0.983833538989226,9984,9857
pretrain,,417,0.01782670227579189,0.065222348792875,118548.37357044667,0.4865193993873184,1.231205033457705,0.11552982209241737,1.3962258275243498,0.0,0.1981129137621749,0.5741880482860974,0.7924516300360361,0.8133879631757737,0.020967731562279678,0.7924516550486995,5.694372308869452e-08,0.0,0.9530600160360336,10008,9881
pretrain,,418,-0.10238745875258229,0.06509190409528925,101277.83480375067,0.4555665976589634,1.1820992387831208,0.09583715067763916,1.399285667265455,0.0,0.1996428336327275,0.579451210796833,0.7985712885856628,0.82188321352005,0.02372919836646221,0.7985713345309099,6.049161869562762e-08,0.0,0.996459906299909,10032,9905
pretrain,,419,-0.21930535090700404,0.06496172028709868,91266.76925206675,0.42821368909928764,0.9636654315250259,0.1030135813350298,1.4087704695495111,0.0,0.2043852347747556,0.5785407338823592,0.8175409113367399,0.8451174437999726,0.017043819074594325,0.8175409390990224,7.530408245119229e-08,0.0,1.004735526939233,10056,9929
pretrain,,420,0.3163833954214437,0.06483179684652449,180383.18018749414,0.6628202923484857,1.2650588142552543,0.1077009930500203,1.4082912700250745,0.0,0.20414563501253727,0.5722446931259972,0.8165825282533964,0.8449900954961777,0.02024448242653595,0.816582540050149,7.282055560405472e-08,0.0,1.0194850116968155,10080,9953
pretrain,,421,-0.003331454587848951,0.06470213325283143,115061.42937487729,0.5308095485060697,1.1626329004764557,0.11185873628231464,1.4042107605242304,0.0,0.2021053802621152,0.5709194487759045,0.8084214925765991,0.8387413203716279,0.020196244862405118,0.8084215210484608,4.9759234714101076e-08,0.0,1.0030663659175236,10104,9977
pretrain,,422,-0.5855300435668164,0.06457272898632577,68770.13096040698,0.47474992638897334,1.081387912375586,0.10950864631129716,1.3869881262293176,0.0,0.19349406311465875,0.5676244545195783,0.7739762589335442,0.7984377026557923,0.014580786589426237,0.7739762524586348,4.6033944471150314e-08,0.0,1.0198268989721935,10128,10001
pretrain,,423,-0.0003000314179667325,0.06444358352835311,114928.09059573304,0.7490294942898409,1.5618697837527307,0.10849227950683306,1.392300938965664,0.0,0.19615046948283202,0.5826033279299736,0.7846018473307291,0.8116155415773392,0.018989418612679717,0.784601877931328,5.809678919425446e-08,0.0,1.0074330096443493,10152,10025
pretrain,,424,0.19305603377746364,0.0643146963612964,145230.69191256736,0.432854594441042,0.9804874329694678,0.09865356467672474,1.378323571933877,0.0,0.18916178596693847,0.5749451475484031,0.7566471248865128,0.7935291767120362,0.02459703806866572,0.7566471438677539,4.55904575387874e-08,0.0,0.9994356334209442,10176,10049
pretrain,,425,0.4284625830889891,0.06418606696857382,220478.8864263032,0.5323709204260793,1.369760903024247,0.0983160400417758,1.4066541376745416,0.0,0.2033270688372709,0.5668734429138047,0.8133082613348961,0.8527474939823151,0.02697384285990673,0.8133082753490833,6.474909329072058e-08,0.0,1.0183623358607292,10200,10073
pretrain,,426,-0.011245310401555304,0.06405769483463666,112374.0530078712,0.3872674800278175,0.6226984109197344,0.10113347454320178,1.378870523268623,0.0,0.18943526163431149,0.5067063958517142,0.7577410141626993,0.8183535903692245,0.03622722920763239,0.7577410465372459,5.8451578725341825e-08,0.0,1.0719303761919339,10224,10097
pretrain,,427,-0.12617651279056413,0.0639295794449674,99900.95611620638,0.65272696493637,1.1923767379884207,0.1043209100091525,1.3931750563815946,0.0,0.19658752819079728,0.5742862788694245,0.7863501012325287,0.83195159137249,0.03341436526155134,0.786350112763189,5.8362881379577423e-08,0.0,1.0287896543741226,10248,10121
pretrain,,428,-0.16838601477233306,0.06380172028607746,94859.38680121794,0.5557532678136513,1.1872820822788135,0.09516173775472907,1.3945812583856636,0.0,0.197290629192832,0.5756525386657034,0.7891625091433525,0.8150481849908828,0.01874485118076363,0.7891625167713278,5.055751123306251e-08,0.0,0.9952782715360323,10272,10145
pretrain,,429,0.08052576818560453,0.06367411684550531,127302.42896267674,0.32910223515881665,0.7181513013052087,0.11161938816031965,1.3955462692926328,0.0,0.19777313464631638,0.5758423241121429,0.7910925423105558,0.8328669756650925,0.0261332202573349,0.7910925385852655,6.315254027130142e-08,0.0,0.9465843985478083,10296,10169
pretrain,,430,0.0011593514177315745,0.0635467686118143,114778.57923971459,0.521361895659495,1.5890219750148897,0.10633161858364364,1.3866611870360517,0.0,0.19333059351802584,0.571997268391507,0.7733223487933477,0.8119029998779297,0.028255330840976135,0.7733223740721034,5.650023621184275e-08,0.0,0.9812429522474607,10320,10193
pretrain,,431,0.0961585622607159,0.06341967507459066,128082.5501173714,0.5901581075131185,1.2549741307539597,0.10257913244850714,1.3950108713692142,0.0,0.19750543568460718,0.5764523739261287,0.7900217125813166,0.8123476475477218,0.016346156198506986,0.7900217427384284,6.208817162252818e-08,0.0,1.020180421570937,10344,10217
pretrain,,432,0.02540511481236349,0.06329283572444148,117618.47281642612,0.6004751410468349,1.8263684934803415,0.10365691757524353,1.3963155918089403,0.0,0.19815779590447039,0.5761047340929508,0.7926311567425728,0.8273732930421829,0.03439604235486026,0.7926311836178813,7.015963393586233e-08,0.0,0.9835736403862635,10368,10241
pretrain,,433,0.059697405875595036,0.06316625005299259,123308.28346243981,0.42675323478345367,1.7016107934926223,0.10777255704815891,1.3957161178723687,0.0,0.19785805893618436,0.5777206527335303,0.7914322093129158,0.8146848201751709,0.019359987091757035,0.7914322357447374,4.292953570406155e-08,0.0,0.9867502997318903,10392,10265
pretrain,,434,0.2113689378737297,0.06303991755288661,151798.2184926979,0.41872282550182366,0.8992661959358619,0.10821816879952513,1.3990626994165636,0.0,0.19953134970828182,0.5752735797848021,0.7981254061063131,0.8313252240419388,0.028181311110173198,0.7981253988331272,7.219967386914068e-08,0.0,0.9579517220457395,10416,10289
pretrain,,435,0.2981628211136127,0.06291383771778085,174597.344493416,0.5961277574034674,1.3496177693030658,0.10757565149739783,1.4042576013931205,0.0,0.20212880069656033,0.562455409339496,0.8085151662429174,0.8393048167228698,0.019536985995139373,0.8085152027862411,6.936135743540461e-08,0.0,1.0056899636983871,10440,10313
pretrain,,436,0.2807017626416722,0.06278801004234527,165102.10495494396,0.8230705419998793,1.7927435910595313,0.09467703376323681,1.3826570585813551,0.0,0.19132852929067756,0.5746104834335191,0.7653141071399053,0.809800323843956,0.029250215308024696,0.7653141171627101,5.5258472797525826e-08,0.0,1.0151604861021042,10464,10337
pretrain,,437,0.12258291586434247,0.06266243402226059,134134.50299839204,0.6030147429555655,1.5250223251857926,0.10991395519271452,1.3932458470974651,0.0,0.19662292354873248,0.5593032240867615,0.7864916697144508,0.8415612816810608,0.04028341335444772,0.7864916941949298,5.854027616362482e-08,0.0,1.013746239244938,10488,10361
pretrain,,438,-0.02082748190542585,0.06253710915421606,112113.15732931528,0.5851456701666826,1.1731229287173064,0.10739292655390127,1.3912585326692177,0.0,0.19562926633460895,0.5404634433133262,0.782517043252786,0.8331294178962707,0.0360740380542139,0.7825170653384358,5.5081077976470993e-08,0.0,1.0588748430212338,10512,10385
pretrain,,439,0.01279296737254862,0.062412034935907634,115410.24498715764,0.7621983601046459,1.9451052275619327,0.10061069166873347,1.4099496454000473,0.0,0.20497482270002365,0.5719841723995549,0.8198992808659872,0.8523333549499512,0.022647488460159283,0.8198992908000946,3.654332382992583e-08,0.0,1.0049034257729847,10536,10409
pretrain,,440,0.036789246141481186,0.06228721086603582,118884.815700669,0.8463390949403956,1.908546906550015,0.1017170336111225,1.389760025732574,0.0,0.194880012866287,0.5755923459572452,0.7795200372735659,0.8157692015171051,0.03382116879321116,0.779520051465148,4.82513791144612e-08,0.0,1.001210756599903,10560,10433
pretrain,,441,0.353277756668155,0.062162636444303754,193888.96933026926,0.6770074446907355,1.6548928050058225,0.10913595415923301,1.391479171546442,0.0,0.19573958577322106,0.5787889776485307,0.7829583163062731,0.8198786973953247,0.02298867168685604,0.7829583430928843,4.984793209687292e-08,0.0,1.0053239638606708,10584,10457
pretrain,,442,-0.0880449055023609,0.06203831117141514,105105.18926651389,0.3546229434155282,0.9370377225535254,0.11384757992999367,1.3934242241084576,0.0,0.19671211205422878,0.5699197761714458,0.7868484382828077,0.8199491262435913,0.024721311439116957,0.786848448216915,6.386211942599473e-08,0.0,0.9407646308342615,10608,10481
pretrain,,443,0.22212110047180808,0.06191423454907231,152599.88829001665,0.5825335297822243,1.1451930616050954,0.10214202087976909,1.384475193784705,0.0,0.19223759689235265,0.5706024553094591,0.7689503456155459,0.8146614998579025,0.030505120720295445,0.7689503875694105,6.820829138535582e-08,0.0,0.99227391431729,10632,10505
pretrain,,444,0.1675108609071445,0.061790406079974165,142132.62398216713,0.8009368382571708,2.280583656632474,0.10743408317374227,1.3946132766792463,0.0,0.1973066383396231,0.573543134544577,0.7892265369494756,0.8202107578516007,0.02580271022881474,0.7892265533584925,4.692091826186129e-08,0.0,0.9581322098771731,10656,10529
pretrain,,445,-0.16795960176859268,0.06166682526781422,95692.86569393425,0.40509850859996827,0.9661547278187105,0.10245801522283395,1.3979407157748938,0.0,0.1989703578874469,0.5678651231740202,0.7958814104398092,0.8282503426074982,0.01886332423019773,0.7958814315497875,4.825137909595748e-08,0.0,0.9694965953628222,10680,10553
pretrain,,446,0.2450366152413223,0.06154349161727859,158272.71778431587,0.821351180318743,2.0903959040130884,0.10261879519439117,1.3945757355097503,0.0,0.1972878677548752,0.5659555830061436,0.7891514475146929,0.8184662938117981,0.02130524002353095,0.7891514710195008,6.235426382635485e-08,0.0,0.9968707536657652,10704,10577
pretrain,,447,0.23494456479824882,0.06142040463404403,158933.34509502494,0.6638212798030249,1.4053214679871284,0.11321737574345103,1.4000952357781076,0.0,0.20004761788905379,0.5745399461260863,0.8001904586950938,0.823943892121315,0.018704871556936103,0.800190471556215,5.667763092187528e-08,0.0,1.0055923238396645,10728,10601
pretrain,,448,0.19212711048062348,0.06129756382477594,147170.7524939305,0.3967751233749801,0.9004071053383601,0.10699171285630656,1.3860260935145474,0.0,0.19301304675727374,0.5723758307950837,0.7720521862308184,0.8286235600709915,0.03136385107352519,0.7720521870290948,4.8872260812367806e-08,0.0,0.9545207917690277,10752,10625
pretrain,,449,0.023058059140459122,0.06117496869712639,116855.88166958104,0.8390874586822021,1.4936025963297908,0.10098915316885666,1.3945588551550394,0.0,0.1972794275775197,0.5696463457175663,0.789117676516374,0.8127779573202133,0.025161020543574008,0.7891177103100787,6.217686904230746e-08,0.0,1.039822203417619,10776,10649
pretrain,,450,0.013706306213709565,0.061052618759732134,117172.65613254755,0.2525265880505599,0.5350710991237845,0.1107102141796626,1.3898716290437039,0.0,0.19493581452185202,0.5645005037742001,0.7797432368000349,0.8224419802427292,0.03276904078820504,0.7797432580874079,5.6234144008016074e-08,0.0,0.9442351659138998,10800,10673
pretrain,,451,0.10967434378505304,0.060930513522212675,131690.7873355741,0.5967880646432084,1.0623258356537137,0.1091425793771077,1.4011688407155731,0.0,0.20058442035778645,0.5784225953476769,0.8023376762866974,0.8284498393535614,0.015586499432295531,0.8023376814311458,7.255446343723548e-08,0.0,0.9821463624636332,10824,10697
pretrain,,452,-0.27409372485765604,0.060808652495168244,86971.69912410322,0.5226080337583664,0.8537559408428412,0.1035786756218506,1.3671839364937375,0.0,0.18359196824686871,0.568110944171037,0.7343678573767344,0.7649943351745605,0.02432453754980806,0.7343678729874746,4.399390446385709e-08,0.0,1.0280393461386363,10848,10721
pretrain,,453,-0.053181170533289135,0.06068703519017791,108236.80662239343,0.5971733569832786,1.0938106936535663,0.1077341982055986,1.3960369708726095,0.0,0.1980184854363047,0.5761681209717477,0.7920739452044169,0.8281394749879837,0.03004345291272917,0.7920739417452186,4.993662957216335e-08,0.0,0.962089404463768,10872,10745
pretrain,,454,0.039286240828223955,0.060565661119797554,117919.6664287958,0.47906521654554773,1.0787744757320195,0.0938989965053418,1.391284059954896,0.0,0.19564202997744795,0.5635227667433875,0.782568097114563,0.8177501350641251,0.02708008992287014,0.7825681199097918,4.2131259314626135e-08,0.0,1.0127753814061482,10896,10769
pretrain,,455,0.13084488273248618,0.06044452979755796,131672.71323923045,0.43850311836493866,0.9315773255058695,0.09141360271896504,1.3821976375544356,0.0,0.1910988187772178,0.5738521212978023,0.7643952568372091,0.8024394035339355,0.029848779951883512,0.7643952751088708,4.4171299266408205e-08,0.0,1.03276343892018,10920,10793
pretrain,,456,0.10097579959431695,0.06032364073796285,129201.99732691418,0.502311747964649,1.5097727387611353,0.10420196457159565,1.3963001490171465,0.0,0.19815007450857336,0.5721854477056435,0.7926002716024717,0.8248465090990067,0.020161807154250807,0.7926002980342931,5.978203957794174e-08,0.0,0.9996838619311651,10944,10817
pretrain,,457,0.04129394261149374,0.060202993456486914,119335.06872991123,0.6320492984017446,1.0971561262650147,0.1006078473241821,1.4033307031772673,0.0,0.20166535158863383,0.577086022921971,0.8066613872845968,0.8303303211927414,0.019251469040964465,0.8066614063545351,4.479218094581109e-08,0.0,0.9743854602177938,10968,10841
pretrain,,458,0.2867041547497701,0.06008258746957394,162953.98606631884,0.6175794667519984,1.4742120610816138,0.08302139773709914,1.3802823031409865,0.0,0.19014115157049327,0.48499745024102076,0.7605645731091499,0.8143702685832978,0.03277603119231853,0.7605646062819731,4.931574778173816e-08,0.0,1.071129118402799,10992,10865
pretrain,,459,0.1243993851914537,0.0599624222946348,134227.4107464395,0.5666555020337304,1.2348299092480115,0.10883025106583089,1.3881130519190006,0.0,0.19405652595950026,0.5703854667288917,0.7762260983387629,0.8151929020881653,0.025350512959598136,0.7762261038380011,5.552456494584135e-08,0.0,0.9840202728907267,11016,10889
pretrain,,460,0.15345551907239446,0.05984249745004553,138970.83555901432,0.8271979341460836,1.45296715822603,0.10580753497309887,1.4006889632769992,0.0,0.2003444816384997,0.5679395334529025,0.8013778900106748,0.8246490269899368,0.0207094364367461,0.8013779265539988,5.6234144082030944e-08,0.0,1.0059914489587147,11040,10913
pretrain,,461,0.0571647634414714,0.059722812455145435,123381.90213731909,0.7834201885298605,1.9024330286575208,0.11028633188106719,1.3937881736173516,0.0,0.19689408680867584,0.5694597363471985,0.7875763202706972,0.8179215550422668,0.03264717756010888,0.7875763472347032,6.421690892007466e-08,0.0,0.9943199927608172,11064,10937
pretrain,,462,0.3601951783270532,0.05960336683023514,195264.7258104795,0.6809573987764971,1.4748463912201777,0.10639962821715072,1.3967274212322776,0.0,0.19836371061613875,0.5707879678479262,0.7934548159440359,0.8426429599523544,0.028321099981574168,0.7934548424645548,5.6145446662251665e-08,0.0,0.9996788799762726,11088,10961
pretrain,,463,0.024536173465100425,0.05948416009657467,119140.22891149198,0.47412004720951834,0.9698710247874254,0.11343064482649308,1.3981381657400302,0.0,0.1990690828700151,0.5778383655207497,0.7962763185302416,0.827543991804123,0.019717937465957045,0.7962763314800602,5.907246044175215e-08,0.0,0.965620311597983,11112,10985
pretrain,,464,0.10648932202774514,0.05936519177638152,128132.3844076993,0.417475891698684,1.0591611911143568,0.0942232112077881,1.3880546155962203,0.0,0.1940273077981103,0.5749412796327046,0.7761092086633047,0.7989313781261445,0.02140408153502044,0.7761092311924412,5.552456496434507e-08,0.0,1.0256028473377228,11136,11009
pretrain,,465,-0.10361712547323916,0.059246461392828756,101772.83392082626,0.7027356062040088,1.6213489153555458,0.10086387126770463,1.396868599756133,0.0,0.19843429987806652,0.5787972153297491,0.7937371631463369,0.8176291316747665,0.014232233597901352,0.793737199512266,7.149009473295109e-08,0.0,0.9473148162166277,11160,11033
pretrain,,466,0.2537714861742785,0.059127968470043105,161888.52812613363,0.5827928425832872,1.465054520964622,0.10709959907714793,1.4036699147185399,0.0,0.20183495735927,0.5450247286685875,0.8073397825161616,0.8514868646860123,0.02915565510930683,0.8073398294370798,6.164468476418013e-08,0.0,1.0204430222511292,11184,11057
pretrain,,467,0.0955716566355262,0.05900971253310301,128549.30811758427,0.5368269097858241,1.1472435440335955,0.10543060622413507,1.3964476188023884,0.0,0.1982238094011943,0.5746883803180285,0.7928952227036158,0.8363135665655136,0.02502647074816267,0.7928952376047769,5.8185486632537455e-08,0.0,0.9719881465037664,11208,11081
pretrain,,468,0.05675134224318232,0.05889169310803681,123150.23271391433,0.44264692657937604,1.06061386306371,0.10936027317803983,1.3908710255331937,0.0,0.19543551276659685,0.578481140945639,0.7817420189579328,0.8036551862955094,0.01852464202887387,0.7817420510663874,5.712111787274191e-08,0.0,1.002359002828598,11232,11105
pretrain,,469,-0.17669981286490094,0.05877390972182074,96125.92208483287,0.5821929838330973,1.3629533255738864,0.1136647486644123,1.4003728811762162,0.0,0.2001864405881081,0.5801802985370159,0.8007457504669825,0.8246038943529129,0.01952411192331505,0.8007457623524324,4.612264177990729e-08,0.0,0.9376374781131744,11256,11129
pretrain,,470,-0.1907004304903691,0.058656361902377094,94425.34159173968,0.5004382582070926,1.4045537269009005,0.10971891190182503,1.3994152408004517,0.0,0.19970762040022585,0.5754833234740155,0.7988304545482,0.8347576677799224,0.03347122092855544,0.7988304816009032,6.022552652880837e-08,0.0,0.9427172541618347,11280,11153
pretrain,,471,-0.08489806397633964,0.05853904917857235,103756.78888108753,0.44335961643429034,1.0093299405915392,0.10092142336741163,1.405989719998269,0.0,0.20299485999913447,0.5754836840288979,0.8119794030984243,0.8403613239526748,0.015782484978338895,0.8119794399965379,6.332993509235625e-08,0.0,0.9303127378225327,11304,11177
pretrain,,472,0.2807185518001486,0.0584219710802152,168824.05051096776,0.5961773626595026,1.356083544609802,0.10579065145846132,1.388996552897706,0.0,0.19449827644885295,0.5744705125689507,0.7779930830001831,0.8090104848146439,0.019895156625546893,0.7779931057954118,6.607955412481677e-08,0.0,0.9782489488522211,11328,11201
pretrain,,473,0.20626119655105737,0.05830512713805476,148654.99668570072,0.6582601678424648,1.5624256455472534,0.10086688191437816,1.405913412304861,0.0,0.20295670615243058,0.5756328020777022,0.8118267953395844,0.8344121456146241,0.0128680620833756,0.8118268246097223,7.149009482546968e-08,0.0,0.9883904407421747,11352,11225
pretrain,,474,0.14932748576582258,0.05818851688377866,137939.7000899625,0.7179165905607597,1.520197849667498,0.10476504997550184,1.401664015703968,0.0,0.20083200785198385,0.5788668436663491,0.8033279776573181,0.8302044242620468,0.020329547604090892,0.8033280314079351,7.752151716851803e-08,0.0,0.996164026359717,11376,11249
pretrain,,475,0.035820023172630125,0.0580721398500111,117333.84977437326,0.6721073363331103,1.2544781701373202,0.09325916733727047,1.399227997155062,0.0,0.19961399857753093,0.5797958576253481,0.7984560032685598,0.8197323143482208,0.017589424715231724,0.7984559943101237,5.2952340678924514e-08,0.0,0.9785478934645653,11400,11273
pretrain,,476,0.10106240890142079,0.05795599557031107,129626.82759342613,0.460385930857488,1.0188528311305807,0.106243620279106,1.398740213186968,0.0,0.19937010659348398,0.5749763250350952,0.7974804143110911,0.8201795190572738,0.01750559681394101,0.7974804263739358,6.049161864011647e-08,0.0,0.9839941188693047,11424,11297
pretrain,,477,0.1053748935467079,0.057840083579170455,130459.60522489242,0.5117296965437985,1.6835205398499955,0.10675359487306535,1.3990469778932277,0.0,0.19952348894661384,0.572243691022907,0.798093947271506,0.8199876397848129,0.016044320068416943,0.7980939557864551,4.3106930654642404e-08,0.0,0.9366948356231054,11448,11321
pretrain,,478,-0.18515064274915033,0.05772440341201211,94551.88021747052,0.3982425286168499,1.1130904108285904,0.10627517916743869,1.3990519408225304,0.0,0.19952597041126519,0.569635926878878,0.7981038615107536,0.8280006468296051,0.019236016955437304,0.7981038816450607,4.5501760100504406e-08,0.0,0.9400891438126564,11472,11345
pretrain,,479,0.03673868319700654,0.05760895460518809,120467.69260791704,0.6958263816445002,1.610804692975112,0.11096936632581533,1.397672882791431,0.0,0.19883644139571557,0.5800796273563589,0.7953457285960516,0.8219020158052445,0.017608489421150272,0.7953457655828623,7.122400265865043e-08,0.0,0.9682357460260391,11496,11369
pretrain,,480,0.22577329535785068,0.05749373669597771,155424.10185108762,0.5399569663485245,1.5566335504608488,0.10902154146816802,1.4062545263164097,0.0,0.20312726315820503,0.5766198129526205,0.8125090325872103,0.8320169657468796,0.016230402476211332,0.8125090526328199,4.4526088760488136e-08,0.0,0.9231530129909515,11520,11393
pretrain,,481,0.013566781926359003,0.057378749222585755,115286.5464077894,0.5643447423797279,1.3811008486364569,0.09919109818975864,1.4091198661675055,0.0,0.20455993308375278,0.5804626931037222,0.8182396963238716,0.8336443692445755,0.010069572109014295,0.8182397323350111,6.226556640657559e-08,0.0,1.000858947634697,11544,11417
pretrain,,482,0.16701367374299533,0.05726399172414059,138561.84779262973,0.7527420288617058,1.6680569410856279,0.09273911973736153,1.4054078381242496,0.0,0.20270391906212484,0.5759577192366123,0.810815672079722,0.8380414426326751,0.019427555650028974,0.8108156762484992,4.390520706258153e-08,0.0,0.974720316628615,11568,11441
pretrain,,483,0.0740434201459057,0.057149463740692304,123152.6499586771,0.5173959478824621,1.5712787586663437,0.09496349016453781,1.3997077468693966,0.0,0.19985387343469832,0.5606296033199345,0.7994154567519823,0.8270668298006058,0.020093475369151487,0.7994154937387932,6.12898951590779e-08,0.0,0.951031339665254,11592,11465
pretrain,,484,-0.01946968419247437,0.05703516481321092,112378.83305678757,0.3728925380412312,0.8591847469498002,0.10801866219000726,1.3954837932473136,0.0,0.1977418966236569,0.5765228878174509,0.7909675414363543,0.8244379132986068,0.018729465706297955,0.7909675864946276,7.308664784488883e-08,0.0,0.9283980205655098,11616,11489
pretrain,,485,-0.2935198750582382,0.0569210944835845,85526.68477985392,0.360780109984002,1.0366397691092315,0.10357845856281422,1.390186217480472,0.0,0.19509310874023608,0.5804810609136308,0.7803724234302839,0.7951402515172958,0.017935093544186653,0.7803724349609443,3.4237191840850535e-08,0.0,0.9166127865513166,11640,11513
pretrain,,486,0.263418085569336,0.05680725229461733,166193.83175230722,0.4410071928231489,0.9680190207968864,0.11239572152157067,1.3916941101086282,0.0,0.1958470550543141,0.5747829574559415,0.7833881999055544,0.8162475854158401,0.017145183552044505,0.7833882202172563,4.1953864530578734e-08,0.0,0.9604818398753802,11664,11537
pretrain,,487,-0.3624794931063788,0.05669363779002809,81295.61893286627,0.2929523430232491,0.644286090987069,0.11033408910088933,1.4031196940424187,0.0,0.20155984702120935,0.5770291595586708,0.8062393963336945,0.8357939273118973,0.018493751473419407,0.8062393880848373,5.57906571311643e-08,0.0,0.9055664216478666,11688,11561
pretrain,,488,0.1031152064692962,0.05658025051444804,127121.42952077357,0.2125677046188641,0.8023490241595674,0.09186280342277602,1.3829194780971321,0.0,0.19145973904856617,0.5658693292311259,0.765838955839475,0.7913134098052979,0.017458004961875002,0.7658389561942643,6.723262011935442e-08,0.0,0.9751938655972481,11712,11585
pretrain,,489,0.4665980587558825,0.05646709001341914,239254.45003225195,0.4963913283177785,1.0432445075895105,0.09619740299770745,1.4029221595930201,0.0,0.2014610797965101,0.5793657941477639,0.8058443094293276,0.8295952260494233,0.01551545152958972,0.8058443191860404,5.375061717938223e-08,0.0,1.0108262822031975,11736,11609
pretrain,,490,0.31813285687886317,0.0563541558333923,175442.65760451928,0.642235584335313,1.8664328196219027,0.09323361447732903,1.4040547439473725,0.0,0.20202737197368628,0.565970057355506,0.8081094523270925,0.8479105085134506,0.028427005371297765,0.808109487894745,6.466039579692644e-08,0.0,0.9940603872140249,11760,11633
pretrain,,491,0.2665833854762876,0.05624144752172552,164297.140373142,0.7083530237321698,1.6121085916246682,0.10396941187291582,1.398088803692233,0.0,0.19904440184611652,0.5812952454601015,0.7961775759855906,0.834033927321434,0.02366499263924183,0.7961776073844661,6.19107768569845e-08,0.0,0.9864159598946571,11784,11657
pretrain,,492,0.15611213594409618,0.05612896462668207,139182.42264764535,0.5403350499636006,1.3835681887609619,0.104505278218183,1.390163677079337,0.0,0.1950818385396685,0.5811672636440821,0.7803273076812426,0.8079282611608505,0.019900408066224742,0.780327354158674,5.907246040474471e-08,0.0,0.987055112918218,11808,11681
pretrain,,493,-0.0004234571774001522,0.056016706697428705,114771.87585259935,0.4982562085968398,1.5336220953613517,0.1076082207792397,1.3968407958302471,0.0,0.19842039791512348,0.5753908109452044,0.7936815693974495,0.8410860568284988,0.02829972221031469,0.7936815916604939,6.058031594887343e-08,0.0,0.9221071427067121,11832,11705
pretrain,,494,0.038113600463079475,0.05590467328403385,119267.46448333748,0.4931870973003762,1.1664851386100052,0.10286230796155756,1.399821324806128,0.0,0.19991066240306413,0.5735707208514214,0.799642617503802,0.8277975738048553,0.019567743716317622,0.7996426496122564,4.931574776323444e-08,0.0,0.9401694685220718,11856,11729
pretrain,,495,0.09986303498292344,0.05579286393746578,128230.39383806897,0.5073946778263364,1.3749945224928002,0.10024220903393762,1.4018463064428595,0.0,0.20092315322142984,0.5798250942357949,0.8036925792694092,0.83104108273983,0.02074106682255028,0.803692612885719,5.525847264949609e-08,0.0,0.9621528138717016,11880,11753
pretrain,,496,0.08007034413633227,0.05568127820959085,126438.83947547199,0.7240624027770189,2.226312805392912,0.10752786455328993,1.4022961327185233,0.0,0.20114806635926166,0.5808381321174758,0.8045922468105952,0.8311574339866638,0.015004153763945016,0.8045922654370466,5.339582761128744e-08,0.0,0.9620042244593302,11904,11777
pretrain,,497,-0.11601080334206876,0.05556991565317167,99562.41615969193,0.4461375863867856,0.8363744871158681,0.09301311068384659,1.3997586128701058,0.0,0.19987930643505283,0.5838866883090563,0.7995172142982483,0.8228309273719787,0.018094836578068634,0.7995172257402113,5.845157870683811e-08,0.0,0.9898383071025213,11928,11801
pretrain,,498,0.09997025705876124,0.05545877582186532,129916.20450433464,0.5152711622816112,1.1196858233639169,0.108585685471418,1.3942867605281728,0.0,0.19714338026408643,0.5820435274924551,0.7885734960436821,0.8089939385652543,0.01685290290884207,0.7885735210563456,4.186516712930318e-08,0.0,0.9646358340978622,11952,11825
pretrain,,499,0.14877136917589937,0.05534785827022159,138824.53923264597,0.5191645331547728,1.2881784252822395,0.10907907298086848,1.3888862781847517,0.0,0.19444313909237584,0.559474696538278,0.7777725383639336,0.7975650787353515,0.0162432554773206,0.7777725563695034,4.7630497398050885e-08,0.0,0.9972149779399236,11976,11849
pretrain,,500,-0.14724724416953294,0.05523716255368115,98076.66645131019,0.46054259308480794,0.9109554008979883,0.10636394428752581,1.4057223245590216,0.0,0.2028611622795108,0.5812903568148613,0.8114446277419726,0.8361905187368393,0.01794827141548943,0.8114446491180431,6.74987123231811e-08,0.0,0.9677609552939733,12000,11873
pretrain,,501,-0.16081153055537314,0.055126688228573785,96578.53937409323,0.6391610497209642,1.4657710483563793,0.10448734425648747,1.3979113097080873,0.0,0.19895565485404365,0.5675151348114014,0.7958225682377815,0.8350377261638641,0.02201865826161847,0.7958226194161743,6.64343436188967e-08,0.0,1.0116212293505669,12024,11897
pretrain,,502,0.18377050655850372,0.05501643485211664,144481.87188834423,0.5586224110974443,1.1958914871726718,0.10341761719859555,1.403296605550817,0.0,0.20164830277540857,0.5740098421062743,0.8065932020545006,0.8376127153635025,0.01870203064301685,0.8065932111016342,6.563606709993526e-08,0.0,0.9692153657476107,12048,11921
pretrain,,503,-0.11426976417924717,0.0549064019824124,100569.02962399623,0.3996243351804359,1.0727001564843306,0.09993988679516387,1.3937014891721662,0.0,0.19685074458608318,0.5743726449353355,0.787402960161368,0.8104166239500046,0.019690759338242415,0.7874029783443325,5.880636825642919e-08,0.0,0.9539689545830091,12072,11945
pretrain,,504,-0.011484302398143895,0.054796589178447576,113356.24520236244,0.4296021524683706,0.9972703523401701,0.10775808730856334,1.4016239598748228,0.0,0.2008119799374115,0.5790107670639242,0.8032478938500086,0.8258279204368592,0.01918176917575447,0.8032479197496459,5.339582761128744e-08,0.0,0.9672727907697359,12096,11969
pretrain,,505,0.20853168121597054,0.05468699600009068,151516.2239417432,0.4629911766387522,0.8513315082926833,0.10956082520099848,1.3911450830332581,0.0,0.19557254151662903,0.5648078215973718,0.7822901507218679,0.8089582294225692,0.02009636635365751,0.7822901660665159,4.514697049540217e-08,0.0,0.9670690024892489,12120,11993
pretrain,,506,0.22522142333346346,0.05457762200809051,150324.43391405075,0.6851848616220412,1.9315254078645787,0.09129227208414031,1.3839512944576287,0.0,0.19197564722881433,0.570537200995854,0.7679025555650393,0.8197313159704208,0.04252019424289883,0.7679025889152572,5.641153881056719e-08,0.0,1.0123197833697002,12144,12017
pretrain,,507,0.34127382312619026,0.054468466764074325,186549.4546945361,0.8727084843530543,2.192090448790363,0.10222941116918394,1.3879991594169823,0.0,0.1939995797084911,0.5651189748729979,0.7759982819358507,0.8118181377649307,0.03043569086524596,0.7759983188339641,5.942724995433579e-08,0.0,1.0104173397024472,12168,12041
pretrain,,508,0.288423214219231,0.05435952983054617,167989.47452351448,0.6871581829286045,1.4276343117867196,0.09691782963316968,1.4042122661180436,0.0,0.202106133059022,0.5636053074683463,0.8084244951605797,0.8452212154865265,0.02803813223342521,0.808424532236088,6.794219921853657e-08,0.0,1.0002827296654384,12192,12065
pretrain,,509,0.009851411491052231,0.05425081077088508,116008.95683344611,0.4757851574880381,1.0425947552014674,0.1067884847631158,1.395489050607596,0.0,0.19774452530379807,0.5754828335983413,0.7909780715902647,0.8266553729772568,0.021677506639163235,0.7909781012151922,6.17333820729371e-08,0.0,0.9233052084843317,12216,12089
pretrain,,510,0.19225385102384915,0.05414230914934331,147288.58723013796,0.61574678743879,1.34952213106943,0.10733909915707657,1.4069628921736566,0.0,0.2034814460868282,0.5747398132724422,0.8139257530371348,0.8326139479875565,0.017552418480785748,0.8139257843473127,6.306384285152215e-08,0.0,0.9632070114215215,12240,12113
pretrain,,511,-0.3027632713896591,0.054034024531044625,84512.84834808415,0.491327397170521,1.2170010084818514,0.09959269493564939,1.403018115043995,0.0,0.20150905752199746,0.5612021745847804,0.8060362040996552,0.8319336593151092,0.015149075032674458,0.8060362300879897,5.791939441020707e-08,0.0,0.9477056786417961,12264,12137
pretrain,,512,0.12656744021803018,0.05392595648198253,132740.8000035396,0.47216632132906294,1.188413918923054,0.1000705681936341,1.3883061788177917,0.0,0.19415308940889583,0.5783939829894474,0.7766123190522194,0.8094745695590972,0.020418083856802657,0.7766123576355831,6.253165859189853e-08,0.0,0.9671643873055776,12288,12161
pretrain,,513,-0.022681474696904125,0.053818104569018574,110310.02159167676,0.4371585769002282,1.1630744767508328,0.09678793889528485,1.3972842861410406,0.0,0.1986421430705204,0.5775582577501024,0.7945685635010401,0.8186668574810028,0.017287498266462933,0.7945685722820816,6.058031602288831e-08,0.0,0.9569991727670034,12312,12185
pretrain,,514,0.08098689504106721,0.05371046835988053,127451.00509862608,0.8366001221306977,1.8474246090278028,0.11199822703483846,1.3963927208401616,0.0,0.1981963604200809,0.5767431796661444,0.7927854259808859,0.8261106222867965,0.02576216963321068,0.7927854416803234,4.692091833587616e-08,0.0,1.0164945051074028,12336,12209
pretrain,,515,0.10160376835416751,0.053603047423160764,127109.44077867233,0.5447887393335501,1.414189034168209,0.09306050567665654,1.3967509761541372,0.0,0.19837548807706865,0.5530141602669443,0.793501948316892,0.8260020166635513,0.020495040048057953,0.7935019523082745,4.9049655522400336e-08,0.0,0.9652979373931885,12360,12233
pretrain,,516,-0.23579152704892897,0.053495841328314454,90478.0429039357,0.51059562994522,1.1815533872693775,0.1087924983928099,1.3893498277202958,0.0,0.19467491386014793,0.5825841416205679,0.778699611624082,0.8125621825456619,0.02118122510067133,0.7786996554405915,6.421690890157095e-08,0.0,0.9673291097084681,12384,12257
pretrain,,517,-0.2171205663248931,0.05338884964565782,92336.02261761285,0.3207807659526311,0.8806888935821391,0.11176634886963066,1.3938350814971188,0.0,0.1969175407485593,0.577884272805282,0.7876701578497887,0.8132015079259872,0.020695063737498274,0.7876701629942371,6.421690886456351e-08,0.0,0.9343010683854421,12408,12281
pretrain,,518,0.21495445558076662,0.053282071946366506,150752.8551484773,0.5168189250287556,1.1873803743294304,0.10142349224894887,1.397599061684949,0.0,0.19879953084247456,0.5791589058935642,0.7951981102426847,0.8151973336935043,0.014666662460982999,0.795198123369898,4.381650969831341e-08,0.0,0.9797452588876089,12432,12305
pretrain,,519,0.18450414712594504,0.05317550780247377,147349.29390468867,0.7342450096981512,1.5375524439449817,0.11403028346732319,1.3995194367266126,0.0,0.1997597183633064,0.5751041237797057,0.7990388373533884,0.8253161877393722,0.02265335261275606,0.7990388734532253,7.193358170232145e-08,0.0,0.9856354768077532,12456,12329
pretrain,,520,-0.023131355827749753,0.05306915678686882,107253.72502628977,0.4386380440777257,0.8677505510193958,0.07563567218246879,1.3665626592756734,0.0,0.18328132963783683,0.45876207894512583,0.7331253016988436,0.7955603420734405,0.03634256152045234,0.7331253185513473,5.3041038043192636e-08,0.0,1.069262333214283,12480,12353
pretrain,,521,0.20364195526378515,0.052963018473295084,152953.56882380883,0.520919291058644,1.0311172018093722,0.11880405478406512,1.375510060716243,0.0,0.18775503035812155,0.562018989452294,0.7510201161106428,0.7823659986257553,0.01945456377521466,0.751020121432486,5.694372319971682e-08,0.0,0.9770033732056618,12504,12377
pretrain,,522,0.3372198377307987,0.05285709243634849,181213.7811261972,0.8192797729834206,1.657441961233105,0.09245479351924246,1.393319073931447,0.0,0.19665953696572358,0.5683832775269235,0.7866381332278252,0.8315504908561706,0.027792130664399593,0.7866381478628942,5.951594735561135e-08,0.0,1.0244298055768013,12528,12401
pretrain,,523,0.0028054240091984414,0.0527513782514758,114678.70058002904,0.8550966336791005,1.93552881521838,0.10432755550553068,1.4016691387764044,0.0,0.2008345693882023,0.5705652825002159,0.8033382768432299,0.8542744219303131,0.028396354914142056,0.803338277552809,5.2154064085948214e-08,0.0,1.006582923233509,12552,12425
pretrain,,524,0.09743671801355148,0.05264587549497285,130984.8497724033,0.7053528138924211,1.7670352096536326,0.11593017521202276,1.3940028218729867,0.0,0.19700141093649326,0.5837883959923471,0.7880056003729502,0.8152773588895798,0.027845229815300705,0.7880056437459729,5.366191979661039e-08,0.0,1.000545121729374,12576,12449
pretrain,,525,0.3547747777668327,0.0525405837439829,192272.40535216863,0.4969181987412628,1.347226533027631,0.10427482399511882,1.3994767390901135,0.0,0.19973836954505672,0.5562117083796433,0.7989534561832746,0.8289899975061417,0.021787124836316677,0.7989534781802267,5.676632836015827e-08,0.0,1.010838044186433,12600,12473
pretrain,,526,0.15145112277707665,0.05243550257649493,138907.43185554678,0.45914661695825915,1.0694644278181444,0.10720415927497635,1.4014138984715654,0.0,0.20070694923578278,0.5835303653563773,0.802827775478363,0.8289037793874741,0.020077377315809494,0.8028277969431308,5.1976669338908245e-08,0.0,0.9667208467920622,12624,12497
pretrain,,527,-0.13007917515293768,0.05233063157134195,100757.88412503128,0.5812790440395474,1.3729656759117328,0.11466750801163277,1.3909195124925604,0.0,0.19545975624628012,0.5695125343544143,0.7818389882644018,0.7965055555105209,0.01102395531954123,0.7818390249851204,6.971614692948454e-08,0.0,1.0160849665602047,12648,12521
pretrain,,528,-0.47252155111603544,0.05222597030819926,74560.78698286533,0.6321321040658014,1.3821125321090217,0.10944499220807502,1.3955362846276589,0.0,0.19776814231382953,0.5788304236318385,0.7910725399851799,0.8368479341268539,0.025350571850402546,0.7910725692553178,6.439430372262578e-08,0.0,0.9472914362947146,12672,12545
pretrain,,529,0.10227667820466346,0.05212151836758286,131700.85306277577,0.6111636335429337,1.3952233465654507,0.11535566443967737,1.3882677354184647,0.0,0.19413386770923224,0.5359634741076401,0.7765354464451472,0.8020372807979583,0.01758581220151265,0.7765354708369289,5.650023619333903e-08,0.0,1.0113082279761632,12696,12569
pretrain,,530,0.13891513089782945,0.0520172753308477,133903.01149223998,0.8092282898724079,1.7081137151590415,0.09522972979133153,1.4009945139821085,0.0,0.20049725699105436,0.5800263285636902,0.801988996565342,0.8305541902780533,0.0194868628781013,0.8019890279642173,5.97820395224306e-08,0.0,1.0129864911238353,12720,12593
pretrain,,531,0.054830687548301664,0.051913240780186005,120790.58856491213,0.7170015477486665,1.521749703266791,0.0977418695781392,1.397304540189604,0.0,0.198652270094802,0.5805071773273605,0.7946090449889501,0.8161724776029586,0.016643749090232397,0.794609080379208,6.324123767257699e-08,0.0,0.9677574013670286,12744,12617
pretrain,,532,0.17564831852515483,0.05180941429862563,142456.9636179293,0.5296383030224768,1.0542074088539395,0.10198774571081849,1.3892818417045332,0.0,0.1946409208522666,0.578372409833329,0.7785636559128761,0.8410342633724213,0.03527260389258662,0.7785636834090663,5.038011637500025e-08,0.0,0.9860210518042246,12768,12641
pretrain,,533,0.33654969274765767,0.05170579547002838,183329.49332130473,0.6842762799046579,1.4156611265348535,0.09832028060776403,1.4036234900177942,0.0,0.20181174500889723,0.5819121641772134,0.8072469433148702,0.8342181950807571,0.01657886460780217,0.8072469800355888,7.255446341873177e-08,0.0,0.9613081589341164,12792,12665
pretrain,,534,0.06659243804578363,0.051602383879088325,124163.72688860356,0.4808341944146724,1.1971304325652974,0.10668280501184213,1.3822942615619727,0.0,0.1911471307809864,0.5856842345425061,0.7645885224143664,0.7878477185964584,0.028894664087851553,0.7645885231239454,4.931574778173816e-08,0.0,1.0317838340997696,12816,12689
pretrain,,535,0.10610345351358343,0.05149917911133014,129620.1915399449,0.7393405743031985,1.9154621345124072,0.1020098372532161,1.4014687841492037,0.0,0.200734392074602,0.5787776671350002,0.8029375225305557,0.8364477217197418,0.019610772981294867,0.8029375682984079,7.007093651608305e-08,0.0,0.9650443891684214,12840,12713
pretrain,,536,0.06082828544681197,0.05139618075310748,122725.82745710785,0.7592740559373937,1.6074566492544753,0.10362275345141603,1.4065327627052155,0.0,0.20326638135260774,0.5619279723614454,0.8130655065178871,0.832366356253624,0.014495977963532795,0.8130655254104306,5.703242052697751e-08,0.0,0.9555006126562754,12864,12737
pretrain,,537,0.2520670778597379,0.05129338839160127,161817.07075742478,0.4299385024101607,0.7458068946110349,0.10829262576845798,1.398458909864227,0.0,0.19922945493211353,0.5793748476675578,0.7969178011020025,0.8358880758285523,0.024306948322153608,0.796917819728454,4.66548261505532e-08,0.0,0.9635626326004664,12888,12761
pretrain,,538,0.2830331859191805,0.051190801614818066,169112.21048135954,0.6445309989642174,1.113734710429396,0.10470288095748997,1.3993768568283744,0.0,0.19968842841418724,0.577800331371171,0.798753688732783,0.8301903873682022,0.021777215807363345,0.798753713656749,5.224276159824607e-08,0.0,0.9977129176259041,12912,12785
pretrain,,539,0.03852056860941473,0.05108842001158843,120320.47361818944,0.6262063308885054,2.0089812945308414,0.10863806803734899,1.3764933867912206,0.0,0.1882466933956104,0.5586100151496274,0.7529867514967918,0.7749825984239578,0.018862390076439254,0.7529867735824415,4.5324365316457005e-08,0.0,1.005775347352028,12936,12809
pretrain,,540,0.09026785531395459,0.050986243171565256,128065.58363690779,0.6501208542447005,1.438649233643497,0.10740185870487512,1.3973456157726192,0.0,0.1986728078863096,0.5712737387844494,0.7946911826729774,0.831318148970604,0.02148145086870906,0.7946912315452384,7.069181832501197e-08,0.0,0.9924997190634409,12960,12833
pretrain,,541,0.025302119387902916,0.05088427068522212,116755.7752338391,0.6154282485534038,1.417389529996684,0.09850766583782411,1.390897708590187,0.0,0.1954488542950934,0.5760950350335665,0.7817954222361246,0.8086653530597686,0.017915019444282823,0.7817954171803735,6.093510549846452e-08,0.0,0.9609922965367635,12984,12857
pretrain,,542,0.3724363741761408,0.05078250214385168,203660.4084853846,0.6025298844712476,1.4629047885537145,0.11379181236335695,1.3972114592435811,0.0,0.1986057296217907,0.5779253276331084,0.7944229071338972,0.8176110655069351,0.017385462922434577,0.7944229184871627,5.0734905980102475e-08,0.0,0.9823621387283007,13008,12881
pretrain,,543,0.021994013944059754,0.050680937139563974,117080.07969881869,0.8073274053721912,1.7606476451137234,0.10324143690558137,1.3964824804237912,0.0,0.19824124021189551,0.5560957273202283,0.7929649377862612,0.8404116690158844,0.02781690307179446,0.7929649608475823,5.392801196342963e-08,0.0,1.0087568362553914,13032,12905
pretrain,,544,0.07005851437092712,0.05057957526528485,123465.11707905942,0.8184652557330473,1.7511012033426332,0.09999676258342892,1.4043249956642587,0.0,0.2021624978321294,0.5849385926766055,0.808649962147077,0.8542258679866791,0.02541125513335384,0.8086499913285176,5.774199957064852e-08,0.0,0.9969818666577339,13056,12929
pretrain,,545,0.12042167062387424,0.050478416114754274,133633.26497808495,0.6401903850824705,1.174362519702741,0.10938471520905675,1.4044795885149923,0.0,0.20223979425749608,0.583367326429912,0.8089591488242149,0.8258867979049682,0.012524942160495808,0.8089591770299842,5.5347170069275364e-08,0.0,0.9937293430169424,13080,12953
pretrain,,546,-0.30635740761823804,0.050377459282524774,84351.24904418665,0.8146397908262554,2.2710212484534296,0.10069875615578809,1.3986104826575942,0.0,0.19930524132879715,0.5763537394148963,0.7972209552923838,0.8228620082139969,0.02820437878854328,0.7972209653151886,6.341863249363182e-08,0.0,0.9985654726624489,13104,12977
pretrain,,547,0.2343156564208888,0.05027670436395972,154684.8995888454,0.5261647558017146,1.1387459893843956,0.0993406911528915,1.3912941701710224,0.0,0.1956470850855112,0.5862139346344131,0.7825883155067762,0.8077302694320678,0.022807122446534614,0.7825883403420448,6.421690893857838e-08,0.0,1.0198683862884839,13128,13001
pretrain,,548,-0.08332762636243349,0.0501761509552318,102384.88706624914,0.5539505085020903,2.0507084669279196,0.08885081410014757,1.389767820592083,0.0,0.19488391029604138,0.5572786288602012,0.7795356040199598,0.8163564890623093,0.029160850323069316,0.7795356411841653,5.969334213965875e-08,0.0,0.9886974841356277,13152,13025
pretrain,,549,-0.08899095657199403,0.05007579865332134,104718.06224420214,0.3972530402686624,1.0869192612490473,0.11170488383166906,1.3977784325945235,0.0,0.19888921629726178,0.5829979729439532,0.7955568432807922,0.8237429201602936,0.018656789033224354,0.795556865189047,5.454889360582508e-08,0.0,0.9420910576979319,13176,13049
pretrain,,550,0.16467769874232072,0.04997564705601469,140334.5980476702,0.5897468286566436,1.5792647485754319,0.10228304131031352,1.3985817525979307,0.0,0.19929087629896544,0.5802599750459194,0.7971634988983473,0.8144734472036361,0.013417189332050982,0.7971635051958618,3.87607585657553e-08,0.0,0.9533099234104156,13200,13073
pretrain,,551,0.242465705800753,0.04987569576190266,154048.58273767968,0.5238180318847299,1.35963148144739,0.09032369366776848,1.387650941010742,0.0,0.19382547050537102,0.5780988921012198,0.775301863749822,0.8124299705028534,0.020225117889920097,0.7753018820214838,5.055751117755136e-08,0.0,1.0194585273663204,13224,13097
pretrain,,552,0.18856016280840965,0.04977594437037886,142542.60879114145,0.9918017580085211,2.077745988805378,0.0915793495198625,1.39906325204564,0.0,0.19953162602282,0.5844540596008301,0.7981264665722847,0.8196085900068283,0.0160678606690086,0.7981265040912797,6.182207945570894e-08,0.0,1.0160331229368846,13248,13121
pretrain,,553,-0.1580196872526251,0.049676392481638104,96239.08013216253,0.7190253174686361,1.799938934615679,0.09911730124262474,1.3985656247075113,0.0,0.19928281235375578,0.5711714689220702,0.7971312254667282,0.8359277158975601,0.02211029857334286,0.7971312494150228,5.0025326825409167e-08,0.0,1.005348560710748,13272,13145
pretrain,,554,0.2595357995335454,0.04957703969667482,163396.96186789233,0.6915553281128052,1.299591422985707,0.10704809771354512,1.394796259701252,0.0,0.197398129850626,0.5772207837019647,0.789592462281386,0.8170274585485459,0.02422479256828076,0.789592519402504,8.089201786187772e-08,0.0,1.0182353307803471,13296,13169
pretrain,,555,0.13938172068860208,0.049477885617281475,137006.32274623617,0.4883958144512559,1.177559603857142,0.10893746469534038,1.4000858085762176,0.0,0.20004290428810886,0.5777330925422055,0.8001715938250223,0.8248022496700287,0.01862449157584325,0.8001716171524352,4.834007646022561e-08,0.0,0.9603862464427948,13320,13193
pretrain,,556,0.3065393447794368,0.04937892984604691,177570.55185662163,0.9513990192984542,1.7689202160175355,0.10858684523064314,1.3907304989351406,0.0,0.19536524946757017,0.5783872003001826,0.7814609731237093,0.8232437342405319,0.033483596932318,0.7814609978702807,5.029141901073212e-08,0.0,0.9950828403234482,13344,13217
pretrain,,557,0.16248937421477733,0.049280171986354815,139691.89024104015,0.9455109957738647,2.3586965066513836,0.1013745464128934,1.405402875327993,0.0,0.20270143766399654,0.5839920123772961,0.8108057131369909,0.8364709466695786,0.017055244387519115,0.8108057506559859,6.09351055909831e-08,0.0,0.9978555540243784,13368,13241
pretrain,,558,-0.21736517923948023,0.04918161164238211,91707.24627458383,0.2897064212177481,0.6802826096436807,0.10578233792418978,1.3983441483495491,0.0,0.19917207417477456,0.5766774479831969,0.7966882834831873,0.816465362906456,0.015637516124095023,0.7966882966990981,4.9936629442637326e-08,0.0,0.9578382819890976,13392,13265
pretrain,,559,-0.7414875962670585,0.04908324841909734,62016.48619469482,0.49962294928818235,1.513697232997843,0.10751094807019142,1.389199525428315,0.0,0.1945997627141575,0.5659310660724128,0.7783990254004797,0.7969077229499817,0.014540236118568093,0.77839905085663,5.064620863433807e-08,0.0,0.9073118393619856,13416,13289
pretrain,,560,0.37918652339963765,0.04898508192225915,200004.4767553148,0.7719559568379607,1.8329717448247331,0.10068722353178179,1.4073634787152212,0.0,0.20368173935761055,0.5798713032688414,0.8147269412875175,0.8390125602483749,0.01661090764017182,0.8147269574304422,6.510388282180794e-08,0.0,1.0180037145813305,13440,13313
pretrain,,561,0.13256248923799882,0.04888711175841463,132567.24299853804,0.7612153565333714,1.736694671266845,0.09425279161533713,1.3942735047922248,0.0,0.19713675239611242,0.5758223012089729,0.7885469843943914,0.8155762791633606,0.020859488222015866,0.7885470095844496,5.463759102560436e-08,0.0,1.0031661440928776,13464,13337
pretrain,,562,0.16571771361989293,0.048789337534897795,140089.36735672495,0.6131351149774024,1.4967757996437803,0.10037686427302091,1.3902003887065106,0.0,0.1951001943532555,0.5676878179822649,0.7804007555047671,0.8007433593273163,0.015397261340894629,0.7804007774130218,5.3129735425964476e-08,0.0,0.967260072628657,13488,13361
pretrain,,563,0.13611011097505102,0.04869175885982801,136826.20488697162,0.7215150396694385,2.0445768979777177,0.11086311384667175,1.3984248058515647,0.0,0.19921240292578227,0.5588745065033436,0.7968496109048525,0.8112568765878677,0.012890013913603256,0.796849611703129,4.6388734020741396e-08,0.0,1.0164671962459881,13512,13385
pretrain,,564,0.29614229720257484,0.048594375342108344,175293.67760933857,0.7097118351652864,1.6419849229178254,0.11115539341322979,1.3983907606452703,0.0,0.19919538032263517,0.5829633527568407,0.7967814852794012,0.8281774073839188,0.017432582871997476,0.7967815212905407,6.652304103867597e-08,0.0,0.9957679683963457,13536,13409
pretrain,,565,0.19751624211810775,0.04849718659142413,147668.36886897328,0.6232108038938827,1.502513090521097,0.10440888431270123,1.3923697058732312,0.0,0.19618485293661556,0.5829548851719923,0.7847394098838171,0.8131025671958924,0.025918456502435135,0.7847394117464622,4.408260186513265e-08,0.0,1.0067518080274265,13560,13433
pretrain,,566,0.2712925737356282,0.04840019221824128,162958.56026093024,0.8181457546140466,1.5348566872732976,0.09587873651982863,1.4004876114250646,0.0,0.20024380571253245,0.5832279292600495,0.8009751861294111,0.8308103382587433,0.01906833306892289,0.8009752228501297,5.1976669431426835e-08,0.0,1.0247996201117833,13584,13457
pretrain,,567,-0.1937220698420155,0.0483033918338048,92700.65037229813,0.4167936686204658,1.3430867260055879,0.09581748883200501,1.3976520589064982,0.0,0.19882602945324923,0.5737504868635109,0.7953040997187296,0.8304279327392579,0.03707426044015165,0.7953041178129966,4.825137909595748e-08,0.0,0.9198297411203384,13608,13481
pretrain,,568,-0.07792876524468309,0.04820678505013719,105300.44010592015,0.9542763093486428,1.926915502016033,0.10688759839235833,1.3952834897098088,0.0,0.19764174485490438,0.5739742975149835,0.7905669535199801,0.8122768998146057,0.01600907930369394,0.7905669794196174,5.108969552969356e-08,0.0,1.0027602861324947,13632,13505
pretrain,,569,0.0348029047858529,0.04811037148003692,118789.37898722182,0.6369757280418915,1.2424385852047375,0.10280916011253409,1.4017321060722072,0.0,0.20086605303610364,0.5789423680731228,0.8034641866882642,0.8394362211227417,0.02281164491889262,0.8034642121444145,5.224276163525351e-08,0.0,0.9520881871382395,13656,13529
pretrain,,570,0.2716162937641378,0.04801415073707684,165735.27001854897,0.6529206542431244,1.305161853241069,0.10417652917105501,1.3900245471547048,0.0,0.19501227357735237,0.5725711041263171,0.7800490632653236,0.8090631067752838,0.020594327703275267,0.7800490943094095,4.8783563392588526e-08,0.0,0.9716460555791855,13680,13553
pretrain,,571,0.09357369261036576,0.047918122435602686,127835.66545628909,0.7772239696323163,1.3622825789664472,0.10347666628337775,1.3893613340333104,0.0,0.1946806670166552,0.5855652040668896,0.7787226488192877,0.8098946541547776,0.02366082149321149,0.7787226680666208,6.341863249363182e-08,0.0,1.0042172496517499,13704,13577
pretrain,,572,0.13182527475972028,0.04782228619073148,131884.54217031656,0.4184335456008002,1.163907933181949,0.0916131256650658,1.4026316846499132,0.0,0.20131584232495658,0.585162834397384,0.8052633578578631,0.8417502284049988,0.034856647923487936,0.805263369299826,5.579065707565315e-08,0.0,1.0096479132771492,13728,13601
pretrain,,573,0.38507694994109914,0.04772664161835002,206239.08349348552,0.6880062032668363,1.725997614221913,0.10837408461756491,1.394314597892974,0.0,0.19715729894648706,0.581143319606781,0.7886291965842247,0.8215311497449874,0.019423117195635515,0.7886291957859483,4.9759234732604796e-08,0.0,0.999749610821406,13752,13625
pretrain,,574,-0.24543402197320835,0.04763118833511332,87183.98528380487,0.7325659680313298,1.5863887308963707,0.0820286491045913,1.395705046664391,0.0,0.19785252333219563,0.5563780777156353,0.7914100686709086,0.8152316272258758,0.023375787602399382,0.7914100933287824,6.191077676446592e-08,0.0,0.9883667702476183,13776,13649
pretrain,,575,-0.2387601697235116,0.047535925958443095,86909.38646620786,0.424601707053149,0.9388261782271521,0.07344705638157421,1.3735968529557188,0.0,0.18679842647785946,0.5444316848048142,0.7471936792135239,0.7903128653764725,0.028942144635812697,0.7471937059114376,4.408260186513265e-08,0.0,1.0379387711485226,13800,13673
pretrain,,576,0.19165107530139622,0.04744085410652621,142886.51411154555,0.7278898596941006,1.8537139650966432,0.09041067855138184,1.3973920719165889,0.0,0.1986960359582944,0.570414835853236,0.7947841286659241,0.8172357738018036,0.021203976545007625,0.7947841438331774,6.253165862890597e-08,0.0,1.0123981013894081,13824,13697
pretrain,,577,-0.13281180378674967,0.04734597239831315,96239.05056822585,0.6665370174284492,1.3238589183560439,0.07811046568981851,1.3924652660442958,0.0,0.196232633022148,0.5680655134575707,0.7849305147926012,0.8177657127380371,0.023828415827307988,0.7849305320885919,6.448300117941248e-08,0.0,1.017055908838908,13848,13721
pretrain,,578,0.2895392827704937,0.04725128045351652,166989.59641615837,0.5893206763347345,1.296862672269344,0.09301751346451974,1.3930045595569982,0.0,0.196502279778499,0.5713239748563086,0.7860091105103493,0.8112664341926574,0.016050926006605567,0.786009119113996,6.962744967623873e-08,0.0,1.0341049333413441,13872,13745
pretrain,,579,-0.007747640811936747,0.04715677789260949,111441.04441464132,0.7028583665600134,1.3330936117896008,0.09201015705287469,1.3973187572721926,0.0,0.19865937863609626,0.5837981754115649,0.7946374913056692,0.8189099103212356,0.01783261550822156,0.794637514544385,5.97820395224306e-08,0.0,0.9820163870851198,13896,13769
pretrain,,580,0.11441442592565512,0.047062464336824275,130447.7988521691,0.7564301817411824,1.7859562171623098,0.099162838633662,1.3951348019763827,0.0,0.19756740098819137,0.5803370571562222,0.7902695685625076,0.8353544414043426,0.027656369486226837,0.7902696039527655,7.370752948728428e-08,0.0,0.9912852918108305,13920,13793
pretrain,,581,0.06440907380790543,0.04696833940815063,125144.18353702189,0.6091454520023295,1.5169943366465821,0.11376053138672781,1.402783998643004,0.0,0.2013919993215019,0.5856593251228333,0.8055679599444071,0.8209029942750931,0.011219580460753267,0.8055679972860075,5.2952340660420795e-08,0.0,1.0129593138893445,13944,13817
pretrain,,582,0.17971995177144173,0.046874402729334325,138623.4315438633,0.8392819282820536,1.8417165012231893,0.08241773510508753,1.3898549722064109,0.0,0.19492748610320546,0.5778430721589497,0.7797099351882935,0.8084401190280914,0.014472689142534596,0.7797099444128218,5.2154064196970516e-08,0.0,1.0537218699852626,13968,13841
pretrain,,583,0.29036479433047335,0.046780653923875655,170944.66412429677,0.6027556271735757,1.929410051740705,0.10387548505394228,1.4087916876943336,0.0,0.20439584384716694,0.5566285332398755,0.8175833274920782,0.8475153088569641,0.026458074680157585,0.8175833753886677,6.279775075871778e-08,0.0,0.9554689178864161,13992,13865
pretrain,,584,0.03624457485646806,0.0466870926160279,116013.95391347988,0.4342202183435715,1.102370244477476,0.08482512288474962,1.3835501123574518,0.0,0.19177505617872592,0.5691413868750845,0.7671002000570297,0.8005671411752701,0.030045000664290767,0.7671002247149037,7.858588585429871e-08,0.0,1.0100575312972069,14016,13889
pretrain,,585,-0.05145705960034888,0.04659371843079586,107253.13913983156,0.5956102513397733,1.3281832390065702,0.0992361809897142,1.3953024166680519,0.0,0.1976512083340259,0.5840457113725799,0.79060481240352,0.8118846118450165,0.01513862236394959,0.7906048333361037,5.055751125156623e-08,0.0,0.9659154439965884,14040,13913
pretrain,,586,-0.020255489547158223,0.04650053099393425,109105.65742612691,0.7567425048688338,1.6479752840740338,0.08642727759342854,1.3990729499076096,0.0,0.19953647495380475,0.5822465494275093,0.7981458902359009,0.827478614449501,0.01975121530012061,0.7981458998152187,5.321843288275119e-08,0.0,1.0309671635429065,14064,13937
pretrain,,587,0.13841564492398048,0.04640752993194639,136848.09629161525,0.5937781996049342,1.881424434802361,0.10903926368009363,1.3874150930593412,0.0,0.19370754652967057,0.58607952190297,0.7748301550745964,0.8087910264730453,0.019737299520821573,0.7748301861186823,5.836288123154768e-08,0.0,0.98988359918197,14088,13961
pretrain,,588,0.10470377691134887,0.0463147148720825,128147.23626988196,0.7437956495920108,1.285515688466174,0.095786541198159,1.4046088795044593,0.0,0.20230443975222964,0.5856544455247266,0.8092177137732506,0.8391770184040069,0.02029710578264187,0.8092177590089183,6.332993505534883e-08,0.0,1.0248145833611488,14112,13985
pretrain,,589,0.05352071115769684,0.04622208544233833,122579.46004484732,0.47585279884792514,0.9922313387904849,0.1089016066534847,1.3984602165541478,0.0,0.19923010827707396,0.5835746005177498,0.7969204286734263,0.8240335881710052,0.021576050637238078,0.7969204331082956,5.1089695492686125e-08,0.0,0.9515989472468694,14136,14009
pretrain,,590,0.10604431043493918,0.04612964127145366,124727.33915986698,0.8660510524309107,1.8655898832316908,0.07683903788148423,1.3880606524291494,0.0,0.19403032621457464,0.509191450795957,0.7761213009556135,0.8171095460653305,0.021699831440739854,0.7761213048582984,5.499238059369915e-08,0.0,1.0749385729432106,14160,14033
pretrain,,591,0.345732679405881,0.04603738198891075,188912.87330511428,0.874221795016811,1.9336759955755294,0.10410230842658387,1.396253630873703,0.0,0.1981268154368514,0.5862271200333322,0.7925072535872459,0.8146816492080688,0.01889687423727186,0.7925072617474056,5.570195974839246e-08,0.0,0.9870375966032346,14184,14057
pretrain,,592,-0.024674946960138,0.04594530722493293,108337.38238110313,0.7008610031168376,1.4857173120336868,0.08469376946319233,1.3901726179534482,0.0,0.19508630897672405,0.5775847445641245,0.780345231294632,0.8223840415477752,0.0263147754662338,0.7803452359068962,4.9670537405344106e-08,0.0,1.0304042845964432,14208,14081
pretrain,,593,0.21765734512466592,0.04585341661048306,147312.8398800837,0.7745040778425478,1.4935974522892916,0.08626266760715277,1.400797610348534,0.0,0.20039880517426703,0.5737577107335841,0.8015951886773109,0.8340723276138305,0.02395227398969549,0.801595220697068,6.395081677175914e-08,0.0,1.0189690068364143,14232,14105
pretrain,,594,0.41457734596616874,0.04576170977726209,211299.6122302442,1.073619138604651,2.1814350976475647,0.09346751569963659,1.386612808509242,0.0,0.19330640425462098,0.5832680932113102,0.7732255732019743,0.8079516470432282,0.021790942240202584,0.7732256170184839,6.829698878663137e-08,0.0,1.0243389407793682,14256,14129
pretrain,,595,0.22789316010015814,0.04567018635770757,155571.5732883909,0.8415528234937005,1.491392558440566,0.10776323829982219,1.3967416192005786,0.0,0.1983708096002894,0.5891560252223695,0.7934832125902176,0.8234736144542694,0.02133480961074439,0.7934832384011575,5.2065366684672654e-08,0.0,1.0026970754067104,14280,14153
pretrain,,596,0.25181002477077424,0.04557884598499216,164558.37803425334,0.38980677253788426,0.9154378138482567,0.11708574722540566,1.391992438141079,0.0,0.19599621907053963,0.5700685445751463,0.7839848324656487,0.8047479629516602,0.014499877731314935,0.7839848762821582,6.989354178754681e-08,0.0,0.9906334156791369,14304,14177
pretrain,,597,0.30702490563233,0.04548768829302217,172296.95591650304,0.8318248625312532,1.6710141842918733,0.09381815628681811,1.4052843399168482,0.0,0.202642169958424,0.58208978921175,0.810568667948246,0.8349994122982025,0.018108046318987832,0.810568679833696,5.658893361311831e-08,0.0,1.004827469587326,14328,14201
pretrain,,598,0.29786389289708176,0.04539671291643613,167499.84222396574,1.006030101905621,2.023993851457323,0.08760051614429232,1.397419879257324,0.0,0.19870993962866212,0.5545425878039427,0.7948397547006607,0.822161078453064,0.023102554422440913,0.7948397585146482,7.24657660174562e-08,0.0,0.9970803633332253,14352,14225
pretrain,,599,0.028167821104444723,0.04530591949060325,118664.53018569823,0.7392038969056948,1.9081622485071412,0.10760031454503909,1.389109044557526,0.0,0.19455452227876302,0.5642755547804492,0.778218055764834,0.8047323375940323,0.019352591206795243,0.778218089115052,5.1976669283397094e-08,0.0,0.9351997251311938,14376,14249
pretrain,,600,0.13625398539383388,0.045215307651622044,134586.33454834585,0.7054358772223903,1.3239788425820214,0.10060710683786138,1.3976365982421808,0.0,0.19881829912109036,0.5853357166051865,0.7952731798092524,0.8262243837118148,0.017496576799049608,0.7952731964843612,7.166748955400593e-08,0.0,0.9986507743597031,14400,14273
pretrain,,601,0.14709331656704244,0.0451248770363188,132590.3706821998,0.7298623628559566,1.3955061550651278,0.08225341733821227,1.3960086708178832,0.0,0.1980043354089416,0.5780143519597394,0.7920173108577728,0.8165443211793899,0.017283751536411644,0.7920173416357664,6.058031602288831e-08,0.0,1.0561184585094452,14424,14297
pretrain,,602,0.3579447798741079,0.045034627282246165,196338.46125635214,0.6521457364073112,1.6399922163624843,0.11060888509553717,1.4021032822007935,0.0,0.20105164110039675,0.5316128092152732,0.804206537703673,0.8234116584062576,0.012862875315592253,0.8042065644015869,5.2774945950388265e-08,0.0,1.0031227717796962,14448,14321
pretrain,,603,-0.090470659726099,0.04494455802768168,103387.8463371826,0.6478343627726039,1.7066842274474239,0.10269915222444691,1.3985268069165093,0.0,0.1992634034582547,0.5835534994091307,0.7970535904169083,0.8342698186635971,0.02250827459379228,0.7970536138330186,5.587935447692871e-08,0.0,0.9537009671330452,14472,14345
pretrain,,604,0.18599797418624298,0.04485466891162631,145306.01465020084,0.6164606252596492,1.301279276024018,0.10483272338606332,1.3933739243518737,0.0,0.19668696217593695,0.5833334816353661,0.7867478132247925,0.799629482626915,0.010347723123412944,0.7867478487037475,5.8540276071106234e-08,0.0,0.945410467684269,14496,14369
pretrain,,605,0.11990607575946466,0.04476495957380306,132820.91066532113,0.4719600468386142,0.9317632767770969,0.10600035544111569,1.3951466968726542,0.0,0.1975733484363272,0.5807749549193042,0.7902933557828268,0.8118481159210205,0.014898916787405861,0.7902933937453088,7.432841122219831e-08,0.0,0.9520975848038992,14520,14393
pretrain,,606,-0.18086148889180054,0.04467542965465545,92362.35918091914,0.6718641641727161,1.6570909128125217,0.08180779360362155,1.3886158580315255,0.0,0.19430792901576277,0.5554385738713401,0.7772316808501879,0.8082420051097869,0.0253272544180006,0.7772317160630511,6.785350181726102e-08,0.0,1.0092074101169903,14544,14417
pretrain,,607,0.21649501001262647,0.04458607879534614,150323.04129887177,1.0338770808607693,1.9314540527760982,0.0985591475427699,1.403386892085629,0.0,0.20169344604281444,0.5752934707062585,0.8067737569411596,0.8452896296977996,0.026518868607186996,0.8067737841712578,6.377342196920803e-08,0.0,1.0005150958895683,14568,14441
pretrain,,608,0.17663080910669732,0.04449690663775545,141275.17581594043,0.6189178509105528,1.0907539853560073,0.09627562609999561,1.380508140306033,0.0,0.19025407015301643,0.584488264151982,0.7610162620743116,0.7841544508934021,0.019504082559487348,0.7610162806120657,6.412821148179167e-08,0.0,1.00314445545276,14592,14465
pretrain,,609,-0.08665715655073788,0.044407912824479936,103560.01562109399,0.2509631065518728,0.6977758840790815,0.10086125769676323,1.4054698474882612,0.0,0.2027349237441307,0.5808710572975022,0.810939704378446,0.834505271911621,0.018792178100207748,0.8109396949765227,4.700961566313685e-08,0.0,0.922522154947122,14616,14489
pretrain,,610,0.11755667933561295,0.04431909699883097,127560.78447298455,0.5538109582627103,1.1749909219997268,0.08208610956734246,1.39271356644375,0.0,0.19635678322187497,0.5620063032422746,0.7854270984729131,0.816720786690712,0.019930779671351064,0.7854271328874995,6.563606722946129e-08,0.0,1.0472300797700882,14640,14513
pretrain,,611,0.16460828922033,0.04423045880483332,132885.8070145653,0.5924772557891196,1.2222317709454467,0.06905491456427577,1.3932903781089756,0.0,0.19664518905448772,0.5395900553890637,0.7865807389219602,0.8047080993652344,0.017557117604221552,0.7865807562179509,6.732131748362254e-08,0.0,1.0194271430373192,14664,14537
pretrain,,612,0.2030657157176939,0.04414199788722365,145937.25283463928,0.6687335142910125,1.5760641777887936,0.09309023696398337,1.402774854917966,0.0,0.20138742745898308,0.5711503550410271,0.8055496886372566,0.8245663464069366,0.014864332246899956,0.8055497098359323,6.377342198771174e-08,0.0,1.0253080949187279,14688,14561
pretrain,,613,0.04368670967204495,0.0440537138914492,117322.19838715073,0.9242344337648579,1.7910613309059824,0.0866330621697946,1.3973545561588943,0.0,0.19867727807944732,0.5711652546056679,0.794709083934625,0.8135832458734512,0.01384744950884751,0.7947091123177893,6.936135743540461e-08,0.0,1.0146584610144298,14712,14585
pretrain,,614,0.1994547596565158,0.0439656064636663,147087.5994480875,0.626191948562683,1.6281114731250057,0.10056522846656912,1.39616588174942,0.0,0.19808294087471,0.5849153271743229,0.7923317303260168,0.8245233863592147,0.02525751670959536,0.7923317634988397,5.907246047875958e-08,0.0,1.0196415036916733,14736,14609
pretrain,,615,0.37776035521665935,0.04387767525073897,196144.64594635362,0.7678723408884945,1.614011562296322,0.09367650895861347,1.40275966553461,0.0,0.20137983276730495,0.5886231181877,0.8055193200707436,0.8351805180311203,0.016405567151640738,0.8055193310692198,5.144448507928464e-08,0.0,1.011550910770893,14760,14633
pretrain,,616,-0.09742381683727036,0.04378991990023749,101039.7996081641,0.7333942197839773,1.74431947512286,0.08976233936751414,1.3931618789654403,0.0,0.19658093948272012,0.5637648829392023,0.7863237236936887,0.8162023812532425,0.024754907284914404,0.7863237579308805,6.634564621762114e-08,0.0,1.0228463759024937,14784,14657
pretrain,,617,-0.15747462520044406,0.043702340060437016,94503.06742954763,0.87892306485169,1.593359834860478,0.08275659553153669,1.3969945820669334,0.0,0.19849729103346667,0.5857310768749033,0.7939891343315443,0.8448324382305145,0.035321825044243596,0.7939891641338667,4.8960958195139646e-08,0.0,1.019186186293761,14808,14681
pretrain,,618,0.09096544512257265,0.04361493538031614,124563.89838332699,0.5919070715927296,1.0788885926029508,0.08852811082257088,1.397366144694388,0.0,0.19868307234719396,0.585612834564277,0.7947322651743889,0.8162056624889373,0.017817052745959065,0.7947322893887758,6.412821155580654e-08,0.0,0.9939528554677963,14832,14705
pretrain,,619,0.08140102043499806,0.04352770550955551,121958.64417850091,0.7536356483608307,1.8054814586681975,0.08220741665164502,1.402229125722356,0.0,0.2011145628611779,0.5831457301974297,0.8044582282503446,0.8357531428337097,0.019123999790233843,0.8044582514447115,6.080205947981791e-08,0.0,0.983996386329333,14856,14729
pretrain,,620,0.16265002562749137,0.0434406500985364,138687.54938703385,0.8942509733938745,1.7027007280183688,0.0969205959505718,1.3997739461206253,0.0,0.19988697306031275,0.5867207534611225,0.7995478461186091,0.8278068482875823,0.020614117484913173,0.7995478922412508,6.989354178754681e-08,0.0,1.0159850021203358,14880,14753
pretrain,,621,0.06984033782509116,0.04335376879833932,122470.01566828637,0.5912878920013706,1.2877125744840927,0.09469439196082317,1.3920699973989812,0.0,0.1960349986994905,0.5548366760568959,0.7841399783889452,0.8061107516288757,0.019461276605776023,0.7841399947979619,5.117839293096912e-08,0.0,1.0214244276285172,14904,14777
pretrain,,622,0.03742202419177886,0.043267061260742645,116252.9435210361,1.0189736148209445,2.319103228726557,0.08532058555340727,1.3950119337421796,0.0,0.1975059668710899,0.5696685372718743,0.7900238335132599,0.8376658141613007,0.0329694600878285,0.7900238674843595,6.590215930376193e-08,0.0,1.0118513057629268,14928,14801
pretrain,,623,0.14253042101537222,0.04318052713822116,136642.9071236943,0.6909841587545262,1.6773612895182197,0.10469586020449528,1.392912803749953,0.0,0.1964564018749765,0.5847325399518013,0.7858255977431933,0.8126354902982712,0.015243459780642968,0.785825607499906,5.375061716087851e-08,0.0,1.0115038802226384,14952,14825
pretrain,,624,-0.06838148678990495,0.04309416608394472,104556.74476889656,0.5478055586683608,1.1879640193922179,0.09330252881646044,1.3945353012531996,0.0,0.1972676506265998,0.5581621620804071,0.7890706037481626,0.8269754558801651,0.020691953906367768,0.7890706025063992,5.2863643351663825e-08,0.0,0.9853365247448286,14976,14849
pretrain,,625,0.07724415304455595,0.04300797775177683,122243.60652102645,0.7003599077551849,1.5817935269059875,0.08726429568592599,1.406813235687358,0.0,0.20340661784367906,0.5806543821735042,0.8136264532804489,0.8409929037094116,0.020176516760958746,0.813626471374716,5.020272166496772e-08,0.0,0.9795585970083872,15000,14873
pretrain,,626,0.1685039441621271,0.04292196179627327,142266.105837051,0.8754637088804018,1.4302644398595605,0.10715661901855578,1.3956508070585274,0.0,0.1978254035292637,0.5860586640025889,0.7913015807668368,0.8120791584253311,0.018253214015574466,0.7913016141170547,5.676632845267685e-08,0.0,0.9778725430369377,15024,14897
pretrain,,627,0.05627083146858976,0.042836117872680726,120575.467564082,0.6649452398220698,1.592563865972416,0.09531088722648508,1.3988448891877419,0.0,0.19942244459387093,0.5782841422728129,0.7976897532741228,0.8247970223426819,0.021862500054144533,0.7976897783754836,4.709831310141984e-08,0.0,0.9630879064400991,15048,14921
pretrain,,628,0.2742963116793523,0.042750445636935364,158259.1237505979,0.9288432486798791,2.2702906883188656,0.0781904884022346,1.3994313555636575,0.0,0.19971567778182883,0.5771107141460692,0.7988627031445503,0.8231076925992966,0.020467065056999814,0.7988627111273153,7.07805157077838e-08,0.0,1.0211012636621792,15072,14945
pretrain,,629,-0.16535353800057584,0.0426649447456615,94974.06587689611,0.8507050736142056,1.5676770907427584,0.09369543490063363,1.3979733096258269,0.0,0.19898665481291358,0.5866228405918394,0.7959466104706129,0.8166886389255523,0.0169614349512565,0.7959466192516542,5.366191983361782e-08,0.0,1.0149299278855324,15096,14969
pretrain,,630,0.15541457185411658,0.04257961485617018,133630.95345793883,0.5424391491161216,1.1922043207500657,0.08021317733010941,1.3923975666541428,0.0,0.19619878332707144,0.5736069647329194,0.7847951029737791,0.8018236786127091,0.01717948363186976,0.7847951333082858,6.297514548725403e-08,0.0,1.0302189340194066,15120,14993
pretrain,,631,-0.1711496745593944,0.04249445562645783,94474.91435358077,0.549997367851791,1.229766675829887,0.09388969611715892,1.3996603599350366,0.0,0.1998301799675184,0.5836378916033677,0.7993207077185313,0.8187998533248901,0.019286854263572153,0.7993207198700735,3.716420562035102e-08,0.0,0.9795047665635744,15144,15017
pretrain,,632,0.26484143389356973,0.042409466715204916,162377.95336592407,0.5772973149793134,1.2110436954668586,0.09942617907889373,1.3982182685285807,0.0,0.19910913426429036,0.5852077028581074,0.7964365010460218,0.8169361054897308,0.015405076710320096,0.7964365370571613,7.113530514635258e-08,0.0,0.987870010236899,15168,15041
pretrain,,633,-0.05263491846950169,0.042324647781774506,106570.60614453422,0.8804224943742156,2.0766825264053677,0.09524156293213999,1.3984086219930933,0.0,0.19920431099654667,0.5845533034631184,0.796817235648632,0.8188694000244141,0.01918413740400861,0.7968172439861864,5.765330224338783e-08,0.0,0.977362833917141,15192,15065
pretrain,,634,0.1808237789879536,0.042239998486210954,141262.21422201087,0.7721634422473255,1.8261697969798518,0.09272736110378176,1.4069702831496087,0.0,0.20348514157480427,0.5819259253995759,0.8139405598243078,0.8352389723062515,0.014236901580002738,0.813940566299217,4.5501760100504406e-08,0.0,0.9935960471630096,15216,15089
pretrain,,635,-0.2498549698818933,0.042155518489238535,87593.65055073253,0.6824983376344399,1.347677042122398,0.09018309176645777,1.4081937252499517,0.0,0.20409686262497595,0.580197443387338,0.8163874174157778,0.8364690363407135,0.013366460774926087,0.8163874504999035,7.140139736868296e-08,0.0,1.000288079182307,15240,15113
pretrain,,636,0.13195283403212196,0.042071207452260055,132790.41083026186,0.6879179355067512,1.2873420854764317,0.09581728387774707,1.3987629651978966,0.0,0.19938148259894836,0.5835177898406982,0.7975259100397428,0.8312062919139862,0.026098289237151004,0.7975259303957934,5.5657610927480526e-08,0.0,0.9987303415934244,15264,15137
pretrain,,637,0.18499794907298542,0.04198706503735553,136089.36088748343,0.6166559756245641,1.0731375614979437,0.0668256269353562,1.3757043069317227,0.0,0.18785215346586137,0.5126681274601391,0.7514085719982783,0.7822841972112655,0.02078282786655123,0.7514086138634455,5.978203961494917e-08,0.0,1.0566986526052158,15288,15161
pretrain,,638,0.10211893644580104,0.04190309090728083,126226.28627706831,0.6115703732329641,1.4933439366120311,0.08804420856839708,1.398887570969583,0.0,0.19944378548479155,0.5827483375157629,0.7977751145760218,0.8270915180444718,0.02144247983412,0.7977751419391659,5.8052440558379694e-08,0.0,0.9820157413681349,15312,15185
pretrain,,639,0.22073963197394364,0.04181928472546626,153059.49537565545,0.6988551864134415,1.8054803540930136,0.1049330449847477,1.4042544093071705,0.0,0.20212720465358527,0.582811055438859,0.8085088009635607,0.824491947889328,0.009791870852992124,0.808508818614341,5.2065366814198675e-08,0.0,1.0162068903446198,15336,15209
pretrain,,640,0.08090335057288421,0.041735646156015334,123229.51898210132,0.5571114375433396,1.166324405159269,0.08966897783159161,1.402581667571905,0.0,0.20129083378595258,0.5847008302807808,0.8051633164286613,0.8278571844100953,0.016406144458512996,0.8051633351438102,5.8806368237925476e-08,0.0,0.9790564502278963,15360,15233
pretrain,,641,-0.03794347639583083,0.0416521748637033,108133.21530492247,0.9300950426563975,1.8912127631051199,0.09429854164101818,1.4014382341965324,0.0,0.2007191170982662,0.588671149952071,0.8028764575719833,0.8306977540254593,0.015426934538201818,0.8028764683930646,5.907246044175215e-08,0.0,0.9396832709511121,15384,15257
pretrain,,642,0.2862508887887241,0.0415688705139759,166717.00048828384,0.6023491226535822,1.2404195266110554,0.09494188188513131,1.4063296456422123,0.0,0.20316482282110626,0.5881311733807837,0.8126592511932055,0.8382691025733947,0.0163050502090814,0.8126592912844247,6.128989508506304e-08,0.0,1.0096863334377606,15408,15281
pretrain,,643,0.060515014668454235,0.041485732772947946,118444.44982494602,0.6891737714121562,1.4309063749387858,0.07933945844837566,1.4052072170722696,0.0,0.20260360853613488,0.5552793680024999,0.8104144384463629,0.8412037432193756,0.020736781511756747,0.8104144341445395,4.270779233965053e-08,0.0,0.9737662201126417,15432,15305
pretrain,,644,0.1493933476171373,0.04140276130740205,135626.79304274477,0.8493420282556188,1.9039549080388884,0.09440767601299065,1.4030589279053467,0.0,0.20152946395267338,0.5835583774106843,0.8061178252100945,0.8326800882816314,0.02465949559470174,0.8061178558106933,7.583626678483076e-08,0.0,0.9999575143059095,15456,15329
pretrain,,645,0.14835444279272353,0.04131995578478725,135872.91690055095,0.773256699421576,1.4204014074589522,0.09638642724418196,1.402433639658349,0.0,0.20121681982917447,0.5862188898026943,0.8048672576745352,0.8320928305387497,0.016931338883600332,0.8048672793166979,4.6300036563954684e-08,0.0,0.9804080451528231,15480,15353
pretrain,,646,0.13129900589900476,0.04123731587321767,132459.5002117687,0.6981722373249276,1.281496799151812,0.09479438047098084,1.4016539833197992,0.0,0.20082699165989956,0.5876279936305113,0.8033079331119856,0.8235745936632156,0.014511360555096105,0.8033079666395982,5.67663282861434e-08,0.0,0.9759679213166237,15504,15377
pretrain,,647,0.10572922554175945,0.04115484124147123,128152.1709514731,0.6031121351046577,1.210628420966012,0.09495704115440655,1.391195863662731,0.0,0.19559793183136553,0.545698122786624,0.7823917170365652,0.8160263419151306,0.02145836036425842,0.7823917273254621,5.71211179652605e-08,0.0,1.002791499098142,15528,15401
pretrain,,648,-0.17874150567110975,0.041072531558988296,94495.53182603519,0.45304938421274227,1.0310979267316203,0.10040867580185424,1.3901092597239073,0.0,0.19505462986195377,0.5792063921689987,0.7802184869845709,0.809591680765152,0.02216622969755848,0.7802185194478147,5.35732223583274e-08,0.0,0.9490417564908663,15552,15425
pretrain,,649,0.2488329104311891,0.040990386495870314,153211.24204083227,0.9359914392144196,2.0473269377968135,0.08206122568676424,1.3964259652864364,0.0,0.19821298264321827,0.5644494837948254,0.7928518950939178,0.8159601479768753,0.01565149937440683,0.7928519305728731,5.9604644719879474e-08,0.0,1.0358974834283192,15576,15449
pretrain,,650,-0.2904067589965826,0.04090840572287857,84752.74400290985,0.630404101462946,1.703346845454402,0.09208663207156663,1.3988153459947732,0.0,0.1994076729973867,0.5806324992861067,0.7976306676864624,0.8283104777336121,0.025314351782403117,0.7976306919895467,6.776480447149662e-08,0.0,0.9787206227580706,15600,15473
pretrain,,651,0.3129231842944122,0.040826588911432815,170300.08921847976,0.9000127738829523,1.5910116049860203,0.0832317190430694,1.4065225868973703,0.0,0.20326129344868518,0.5811945066920348,0.8130451291799545,0.8413457065820694,0.022916076643693835,0.8130451737947407,5.8451578743845545e-08,0.0,1.0086206495761871,15624,15497
pretrain,,652,0.04573747441054142,0.04074493573360995,119974.81925344538,0.6367497171408363,1.3027449931417192,0.1006285743825333,1.3863779002179701,0.0,0.1931889501089851,0.5790320544370583,0.7727557867765427,0.8073514133691787,0.020347107202447375,0.7727558004359404,5.7475907496347865e-08,0.0,0.959685705602169,15648,15521
pretrain,,653,0.040118339173564964,0.04066344586214273,115269.68505936285,0.7103713149470942,1.6457526426230158,0.07695906583648539,1.3927995900046966,0.0,0.1963997950023484,0.5483884864619799,0.7855991621812185,0.8307899683713913,0.030198748567985306,0.7855991800093932,5.987073694220986e-08,0.0,1.005500391125679,15672,15545
pretrain,,654,0.1951091595186147,0.04058211897041845,144988.53024555338,0.9738603391285453,2.0646429482315267,0.09598425901472511,1.3954910818664803,0.0,0.19774554093324004,0.5796268412045069,0.7909821197390556,0.8266891926527022,0.02119648461560435,0.79098216373296,5.9604644756886906e-08,0.0,1.0090598315000534,15696,15569
pretrain,,655,0.17404376935484137,0.04050095473247761,139662.4678138218,1.0216222849807568,2.0280983831201276,0.09162020953363953,1.404114199137049,0.0,0.20205709956852455,0.5784976966679096,0.8082283685604731,0.8329033046960831,0.015729275181111755,0.8082283982740982,7.24657660174562e-08,0.0,1.0256858418385189,15720,15593
pretrain,,656,0.21768314178607184,0.04041995282301265,150524.79467967927,0.9913407563276234,1.9024610075567445,0.09831206709661448,1.4055736527911256,0.0,0.20278682639556275,0.5873512583119529,0.8111472775538763,0.8406942963600158,0.01721765308363295,0.8111473055822508,6.510388284031166e-08,0.0,1.0023949419458706,15744,15617
pretrain,,657,0.15418691306293275,0.04033911291736663,139701.6185437771,0.5333416997898547,1.2083104419388941,0.10833480563747395,1.389132040286703,0.0,0.19456602014335136,0.5845357200929097,0.778264082968235,0.8109133005142212,0.023252226240677597,0.7782640805734055,4.92270503804626e-08,0.0,0.9498917187253634,15768,15641
pretrain,,658,-0.03587509852880906,0.04025843469153189,109820.19843000115,1.0770020288681346,2.4046606080340482,0.10441316098074442,1.3981496136901634,0.0,0.19907480684508172,0.5776449952806746,0.7962992091973623,0.8349965929985046,0.030418055101042712,0.7962992273803268,6.164468470866898e-08,0.0,1.0066968277096748,15792,15665
pretrain,,659,0.2743610681881196,0.040177917822148836,164162.4036709798,0.859798591184829,2.091063212071146,0.09707171483777917,1.4011684534184277,0.0,0.20058422670921403,0.5746600037174565,0.8023368790745735,0.8309473395347595,0.022393601752078374,0.8023369068368561,6.075771082543942e-08,0.0,1.0092241292198498,15816,15689
pretrain,,660,-0.16715697927622944,0.040097561986504535,95160.3431326991,0.5720550114555017,1.4835500907685069,0.0969158849274866,1.3898540466491667,0.0,0.1949270233245833,0.5832205478634154,0.7797080849607786,0.8036515772342682,0.02026212248672549,0.7797080932983329,5.233145894401048e-08,0.0,0.9396337096889814,15840,15713
pretrain,,661,0.3429722058577647,0.040017366862531524,183916.46881970266,0.9367639610011662,2.2335869625742943,0.09441891360051156,1.396574064335298,0.0,0.198287032167649,0.5750231109559536,0.793148085474968,0.8290425270795823,0.028074645260126308,0.7931481286705959,6.111250039353422e-08,0.0,0.9730900352199873,15864,15737
pretrain,,662,0.24135712091777453,0.03993733212880646,156852.98852269133,0.7389925927855074,1.3214986982090131,0.1009193544031934,1.3968551381091985,0.0,0.19842756905459935,0.5740303471684456,0.7937102441986402,0.8124563097953796,0.012859913878225073,0.7937102762183974,7.406231909238652e-08,0.0,0.9351553867260615,15888,15761
pretrain,,663,0.014440942443454972,0.03985745746454884,116538.00271301215,1.0015083367803268,2.2527995769998856,0.10622489214913462,1.4020175077908092,0.0,0.20100875389540482,0.580599372940404,0.8040349781513214,0.8238729208707809,0.01411705441518613,0.804035015581619,5.3041037987681485e-08,0.0,0.9890553653240204,15912,15785
pretrain,,664,-0.07521721588513311,0.03977774254961975,105861.74963665675,0.5086119256115386,1.1362665337643447,0.10882413273682967,1.3992441563556592,0.0,0.1996220781778296,0.5830570922366209,0.7984882965683937,0.8268373966217041,0.02008905970481465,0.7984883127113184,5.002532693643147e-08,0.0,0.9471415455142657,15936,15809
pretrain,,665,-0.016867247993229518,0.03969818706452051,112557.41419591704,0.6461867229525177,1.8034206232854297,0.10702647561325346,1.4052350856363773,0.0,0.20261754281818867,0.5813511008662837,0.8104701389869055,0.8319411635398865,0.014138210735938425,0.8104701712727547,6.652304103867597e-08,0.0,0.9315983752409617,15960,15833
pretrain,,666,-0.13809199458323423,0.039618790690391474,98768.35735926263,0.4155781535609137,1.2381578868787202,0.10468498515489111,1.4066043191899855,0.0,0.2033021595949928,0.5702608938195876,0.8132086371382078,0.8351840227842331,0.015265796813798683,0.8132086383799711,4.612264176140357e-08,0.0,0.9157684693733851,15984,15857
pretrain,,667,0.11128607242429489,0.03953955310901069,128543.16207692485,0.7684466062956267,1.4989455249692714,0.0923042644608854,1.3861329992789597,0.0,0.1930664996394799,0.5740415475198201,0.7722659905751547,0.8115365207195282,0.024722040693103565,0.7722659985579194,5.2863643277648954e-08,0.0,1.0189298217495282,16008,15881
pretrain,,668,-0.0498769557943462,0.039460474002792664,106260.03123243763,0.8901212936976836,2.215589921442525,0.09065777899466447,1.407626935236511,0.0,0.2038134676182554,0.5773006635052818,0.8152538314461708,0.8394305527210235,0.01701528422236464,0.8152538704730214,6.137859248633859e-08,0.0,1.017212284108003,16032,15905
pretrain,,669,0.20101745532407359,0.039381553054787084,150884.39177832162,0.8298374084933173,2.1351854552647884,0.11351955765975136,1.3843830605702738,0.0,0.19219153028513705,0.5510403939655848,0.7687661101420721,0.8047712653875351,0.022047876133491212,0.7687661211405481,7.734412238447064e-08,0.0,1.001586799820264,16056,15929
pretrain,,670,0.2932741612720442,0.0393027899486775,174873.20845174073,0.599372067810258,1.321126561186143,0.11240246158411422,1.3930612508030162,0.0,0.19653062540150823,0.5558702339019095,0.7861224735776583,0.8075877845287323,0.014279784330164129,0.7861225016060329,7.592496418610632e-08,0.0,0.9998237416148186,16080,15953
pretrain,,671,0.28243215311633574,0.039224184368780154,171048.53181101163,0.8627886836017882,1.9776634316359245,0.11078204162042238,1.3993449683877686,0.0,0.1996724841938842,0.5744458394391196,0.7986899142464002,0.8188720345497131,0.012632275099294175,0.7986899367755368,4.044600902345744e-08,0.0,0.9534687399864197,16104,15977
pretrain,,672,0.26301482234706314,0.039145736000042584,162431.7208466116,0.9475978630417515,1.956272598489054,0.10111823469518381,1.3980549896313323,0.0,0.19902749481566606,0.5774425938725471,0.7961099569996198,0.8218496054410934,0.015143576263227784,0.7961099792626642,4.993662949814848e-08,0.0,0.982337032755216,16128,16001
pretrain,,673,0.04307578295548139,0.039067444528042505,120824.61477871097,0.6829787934908554,1.4418130431590335,0.10773191045985275,1.3963452270254493,0.0,0.19817261351272467,0.5802496692964009,0.7926904236276945,0.809366038441658,0.014477869264745442,0.7926904540508986,7.56588720377908e-08,0.0,0.9597649897138277,16152,16025
pretrain,,674,0.3787556530745684,0.03898930963898642,201633.43569454044,0.8834430460285928,1.7161782578166038,0.10441237911660273,1.3989755443430374,0.0,0.19948777217151867,0.583690769970417,0.7979510600368181,0.8292487561702728,0.01654582917519342,0.7979510886860745,5.756460489762342e-08,0.0,0.9994724368055662,16176,16049
pretrain,,675,-0.06103564844753635,0.038911331019708444,106568.79965735726,0.6141530226117798,1.3964830904932954,0.1022289160519874,1.3959326969370955,0.0,0.1979663484685478,0.5651831025523799,0.7918653835852941,0.8113797515630722,0.01757380889036313,0.7918653938741911,4.2042561857839424e-08,0.0,0.9667665362358093,16200,16073
pretrain,,676,-0.21876420104753216,0.03883350835766903,91144.30534373286,0.5743782838496069,1.3269375281408426,0.10133579236874209,1.4028619732707737,0.0,0.20143098663538694,0.5721219554543495,0.8057239229480425,0.8235674649477005,0.014646906326457909,0.8057239465415477,5.889506573171962e-08,0.0,0.9571090762813886,16224,16097
pretrain,,677,0.268644262072714,0.03875584134095369,165736.5278682343,0.6929791841123785,1.9155256701633319,0.10665703829958344,1.3976570476467411,0.0,0.19882852382337057,0.5802960933319159,0.7953140760461489,0.8236444562673568,0.02183332502368425,0.795314095293482,5.029141904773956e-08,0.0,0.974260633190473,16248,16121
pretrain,,678,-0.013018173938368419,0.03867832965827179,113539.02439019302,0.5328874633026619,1.7728385692728403,0.11021977714382462,1.3999988024699546,0.0,0.1999994012349773,0.5603167388056005,0.79999757061402,0.8286936670541764,0.017317042979231652,0.7999976049399092,6.41282115187991e-08,0.0,0.9097454026341438,16272,16145
pretrain,,679,0.17859105920353707,0.03860097299895524,141711.71071083826,0.7911445007304705,1.3661195435694284,0.09645913118944216,1.4033973410370804,0.0,0.2016986705185402,0.5731372748102461,0.806794673204422,0.8389465183019638,0.023316250423863497,0.8067946820741607,4.896095815813221e-08,0.0,0.9949083551764488,16296,16169
pretrain,,680,0.2592872404635113,0.03852377105295733,161933.48404100686,0.5715126059949398,1.735807019259247,0.1026460439579887,1.4005660343737827,0.0,0.20028301718689145,0.5711403616837092,0.8011320432027181,0.8212121546268463,0.012359669981843034,0.8011320687475658,6.279775075871778e-08,0.0,0.9860697910189629,16320,16193
pretrain,,681,0.434267440671522,0.03844672351085141,218183.16576787242,0.5933324982013021,1.1246117167174814,0.08950171403683134,1.395523507635863,0.0,0.1977617538179315,0.5696237677974361,0.7910469944278399,0.832840484380722,0.022178112786272727,0.791047015271726,5.366191977810667e-08,0.0,1.028335635860761,16344,16217
pretrain,,682,-0.0716979060285969,0.038369830063829706,105547.58411364218,0.5613550363951141,1.9277832943946103,0.10354827944116801,1.4007919036029353,0.0,0.20039595180146752,0.56414318723338,0.8015838041901588,0.8220377415418625,0.01620265435245467,0.8015838072058701,5.889506563920103e-08,0.0,0.9726042499144872,16368,16241
pretrain,,683,0.23942571435950344,0.03829309040370205,157751.5055917753,0.636095966500718,1.158980077185801,0.10555492851039955,1.3966908730743894,0.0,0.19834543653719483,0.5850325130990572,0.7933817406495413,0.8246067076921463,0.025745767810524265,0.7933817461487793,5.960464479389434e-08,0.0,0.9726280147830645,16392,16265
pretrain,,684,-0.08996800890174296,0.038216504222894646,103863.9507251179,0.554151761833401,1.4661594985319026,0.10597503975402607,1.394102990715986,0.0,0.19705149535799313,0.5782385511057717,0.7882059613863627,0.8206235110759735,0.019151370670825913,0.7882059814319723,6.386211940749102e-08,0.0,0.9549380292495092,16416,16289
pretrain,,685,0.14871598406740516,0.03814007121444886,137832.21051704802,0.6426780537391702,1.3185077963130811,0.10480350002364797,1.3963128540753609,0.0,0.19815642703768044,0.5824798372175013,0.7926256904999415,0.8079835563898087,0.01667017758945406,0.7926257081507218,4.7453102651010916e-08,0.0,0.9724544460574785,16440,16313
pretrain,,686,-0.03565810010689119,0.038063791072019966,108229.27365698184,0.5508148532715581,1.079239472906504,0.09307805182982475,1.3880354975394547,0.0,0.19401774876972752,0.5460138288991792,0.7760709573825201,0.8021459549665451,0.024880085381613213,0.7760709950789098,5.951594733710763e-08,0.0,0.9823708559075991,16464,16337
pretrain,,687,0.05336552991902846,0.03798766348987592,122843.13005349154,0.5944924598249296,1.3710124380354367,0.1104901112105502,1.3925396506009353,0.0,0.19626982530046788,0.583309646163668,0.7850792780518532,0.8171835899353027,0.022825752110071956,0.7850793012018714,5.898376304047659e-08,0.0,0.9604969670375189,16488,16361
pretrain,,688,0.08118469704290954,0.03791168816289617,123847.62819633693,1.0794231073398677,2.1198055862316063,0.09280958264745065,1.399748392536172,0.0,0.19987419626808592,0.5575139538518019,0.7994967624545097,0.8270100057125092,0.02103406009413806,0.7994967850723437,7.033702875691716e-08,0.0,1.0045169840256374,16512,16385
pretrain,,689,0.1600553227965909,0.037835864786570375,137545.78854242098,0.8647854389578459,1.9291894514645849,0.09409504719927168,1.3965416466373775,0.0,0.19827082331868864,0.5774378664791584,0.7930832679073015,0.8114952236413956,0.013472675460035749,0.7930832932747546,4.789658952786269e-08,0.0,0.9575870434443156,16536,16409
pretrain,,690,-0.03268007624667017,0.03776019305699723,109323.53220257374,0.4622516459785402,0.9661664276250768,0.0983032755367249,1.3926793132420805,0.0,0.19633965662104033,0.5662266532225269,0.7853585953513781,0.8030070662498474,0.014843317991203994,0.7853586264841613,5.8628973527892945e-08,0.0,0.9654045129815737,16560,16433
pretrain,,691,-0.06761550086744277,0.03768467267088324,105953.55129184994,0.5032206615433097,1.100546195757176,0.10317141781464823,1.377354794359278,0.0,0.18867739717963908,0.5784580638366086,0.7547095666329066,0.7995626240968704,0.029263405012498186,0.7547095887185562,5.774199962615967e-08,0.0,0.9458855986595154,16584,16457
pretrain,,692,0.2629323649636118,0.03760930332554147,164132.84792513578,0.8901665995917506,1.7721587463681177,0.10650422466285264,1.3975679110735655,0.0,0.19878395553678274,0.5746455229818821,0.7951358159383138,0.8240199834108353,0.0235548814209139,0.795135822147131,5.552456494584135e-08,0.0,0.9539434413115183,16608,16481
pretrain,,693,0.08867945108484435,0.037534084718890394,126575.22232858597,0.7994782266628352,2.0177889682884724,0.10106375751076475,1.3951718226917798,0.0,0.1975859113458899,0.5702403866286789,0.7903436323006948,0.8240180373191833,0.03201330875582,0.7903436453835595,5.7165466675150135e-08,0.0,0.9435616557796797,16632,16505
pretrain,,694,0.44619006242356035,0.037459016549452606,231983.77077463293,0.727195780591241,1.3503415537731986,0.10228775026073296,1.3902750991151802,0.0,0.19513754955759008,0.5764229430684021,0.7805501868327459,0.8063970386981963,0.014912186011833995,0.7805501982303603,5.982638821381651e-08,0.0,0.9906095365683237,16656,16529
pretrain,,695,0.09830122403099617,0.03738409851635371,127978.03477386016,0.8287072466863762,1.6558560309133357,0.10026223988173867,1.3912059595985784,0.0,0.1956029797992891,0.5597100944391318,0.7824118832747141,0.8004504203796386,0.018091559421285694,0.7824119191971564,5.330713021001188e-08,0.0,1.0087638323505719,16680,16553
pretrain,,696,0.18423384088696265,0.037309330319320995,143979.18403060563,0.6339822090452626,1.8636747842920667,0.10101776208361635,1.398483306879089,0.0,0.19924165343954456,0.5734041987785271,0.7969666247566541,0.8207743704319,0.017329499647448548,0.7969666137581779,5.0557511214558794e-08,0.0,0.9621131643652916,16704,16577
pretrain,,697,-0.09220650522451078,0.037234711658682355,102745.98853711676,0.6537363463790998,1.6549252171601565,0.09911041491697388,1.380329158334505,0.0,0.19016457916725252,0.5538923562105214,0.7606582889954249,0.7862799674272537,0.019972189269457596,0.76065831666901,4.488087831007922e-08,0.0,0.9789602508147558,16728,16601
pretrain,,698,0.03815639132594778,0.03716024223536499,116737.11275264662,0.7982047067822089,1.6969255887504133,0.08768166856971309,1.3960580386310106,0.0,0.19802901931550532,0.5505201114075524,0.7921160658200582,0.8296091586351395,0.02619594964537412,0.7921160772620213,4.780789218209828e-08,0.0,1.0030426358183224,16752,16625
pretrain,,699,-0.1957579598512783,0.03708592175089426,93892.57003791991,0.4268453424419499,1.1184274737856215,0.10892580024152267,1.3970951566339602,0.0,0.1985475783169802,0.5695825740695,0.7941902950406075,0.8476079374551773,0.029100615952666616,0.7941903132679208,5.317408417286155e-08,0.0,0.9524105613430341,16776,16649
pretrain,,700,0.010486520126087188,0.03701174990739247,115595.20840956099,0.5057675895680275,1.2935139557080608,0.10368809924438338,1.3972159127837847,0.0,0.1986079563918923,0.5761337256325143,0.7944317981600761,0.811573451757431,0.01243011962348698,0.794431825567569,6.820829142236325e-08,0.0,0.9358150660991669,16800,16673
pretrain,,701,0.21325701867003294,0.03693772640757769,149764.25488890024,0.9006335100912977,1.9046813324359912,0.09918909111066114,1.4004801765882544,0.0,0.20024008829412718,0.5824391953647137,0.8009603321552277,0.8545347481966018,0.028438327162088394,0.8009603531765087,5.6145446662251665e-08,0.0,0.9931013906995455,16824,16697
pretrain,,702,0.04304699836879999,0.03686385095476253,121239.08051926704,0.6972201335066486,1.4829634396093228,0.11011371051111873,1.3871979511653383,0.0,0.19359897558266917,0.5663550501423222,0.7743958781162897,0.7987559914588929,0.019111793692411835,0.7743959023306767,4.479218090880366e-08,0.0,1.0071150759855907,16848,16721
pretrain,,703,-0.14136376821951735,0.03679012325285301,97678.40491346741,0.7399356772768355,2.076987740982856,0.09799668886112267,1.3950713709262865,0.0,0.19753568546314326,0.569940094436918,0.7901427000761032,0.8230445086956024,0.024866609842178374,0.7901427418525729,5.4016709309194035e-08,0.0,0.9774248873194059,16872,16745
pretrain,,704,-0.027616000836520604,0.0367165430063473,109415.7320996366,1.0346570148664924,1.9613828800618647,0.09472553908353053,1.4066176782362163,0.0,0.20330883911810815,0.5619649839188372,0.8132353325684866,0.8491153955459595,0.019369495011993646,0.8132353564724325,5.166622851771052e-08,0.0,0.9757628242174784,16896,16769
pretrain,,705,-0.028466290841085685,0.03664310992033461,110536.4882372468,0.4898176062852144,1.2255649762760312,0.10315637456137478,1.3947492316365242,0.0,0.1973746158182621,0.5653985744076115,0.7894984583059946,0.8178747057914734,0.017472401008962142,0.7894984632730484,4.967053725731437e-08,0.0,0.9378825624783834,16920,16793
pretrain,,706,0.3203237818070945,0.036569823700493935,177857.30405979417,0.987483450743769,1.8532279003943715,0.09785644317389174,1.4078215110514847,0.0,0.2039107555257423,0.5756693961364883,0.8156429926554362,0.8419045239686966,0.022808389376606793,0.8156430221029689,4.559045746477253e-08,0.0,0.9910334522525469,16944,16817
pretrain,,707,0.18374983111219614,0.03649668405309295,145745.8740477824,0.681370632989066,1.181117834150791,0.10843699938968948,1.401711235443751,0.0,0.20085561772187552,0.584858775138855,0.8034224708875021,0.819229981303215,0.013573789351368376,0.8034224708875021,6.989354178754681e-08,0.0,1.019464594622453,16968,16841
pretrain,,708,0.030972088956832598,0.03642369068498676,117764.39094215987,0.986384213879882,1.9579655026750897,0.0998956591561823,1.400303661956319,0.0,0.2001518309781594,0.5679845589080027,0.8006072913606962,0.8234457612037659,0.015625499242690556,0.8006073239126376,6.412821159281397e-08,0.0,0.9570143818855286,16992,16865
pretrain,,709,0.174038117924723,0.036350843303616785,142278.77421531186,0.797619190133576,1.7724762708480868,0.10259696282205077,1.3999494368742618,0.0,0.199974718437131,0.5734732651284762,0.7998988678057989,0.8341533154249191,0.02658176537445908,0.7998988737485236,5.348452497555556e-08,0.0,0.9795084695021311,17016,16889
pretrain,,710,0.05876335860143274,0.036278141617009554,121215.18405056985,0.5107415648665102,1.1365579596853677,0.09688123943001244,1.3968565446280297,0.0,0.19842827231401491,0.5799776901091849,0.7937130530675253,0.8156954795122147,0.01731131685669717,0.7937130892560594,6.457169850667317e-08,0.0,0.9142288789153099,17040,16913
pretrain,,711,0.08102632039685546,0.03620558533377553,124998.89425468311,0.6726515201208669,1.4276196768241263,0.09913883564209587,1.3892909686879389,0.0,0.19464548434396942,0.5767381159322602,0.7785818999012312,0.8164461880922318,0.027260320938523153,0.7785819373758777,5.024707039336107e-08,0.0,0.9732745463649431,17064,16937
pretrain,,712,0.2431418768543418,0.03613317416310798,158537.39105580247,0.7575031062588096,1.552455209727798,0.1050767482977547,1.399257923919885,0.0,0.19962896195994248,0.5824737591402871,0.7985158314307531,0.8190679907798767,0.015866725890956224,0.7985158478397697,5.454889369834367e-08,0.0,0.9703489392995834,17088,16961
pretrain,,713,-0.6044133842303732,0.036060907814781766,67695.01085993285,0.47516980341502596,1.7250992884593332,0.10599970563947465,1.3894854854526264,0.0,0.19474274272631323,0.5618537611195019,0.7789709543188413,0.8029861599206924,0.016427798992590753,0.7789709709052529,5.029141904773956e-08,0.0,0.8968169291814169,17112,16985
pretrain,,714,-0.11859306416428596,0.03598878599915221,100321.13932068774,0.5695957161175708,1.8942782418004096,0.1014951477817189,1.4002657902560065,0.0,0.20013289512800322,0.5792111025324889,0.8005315562089285,0.8398671835660935,0.024054270807345454,0.8005315805120129,5.960464477539063e-08,0.0,0.9577122330665588,17136,17009
pretrain,,715,0.04979198588552294,0.0359168084271539,118837.26591881353,0.6877529449494822,1.2944434044882656,0.09060094597722489,1.4010099137113208,0.0,0.20050495685566042,0.5734440641743797,0.8020198121666908,0.8304257959127426,0.020075532230916973,0.8020198274226417,5.055751115904764e-08,0.0,0.9824401438236237,17160,17033
pretrain,,716,0.41247222210479617,0.03584497481029959,218485.81777954893,0.8896475603493551,2.006608331442943,0.10819347189183248,1.395989765900941,0.0,0.1979948829504706,0.5802953232611929,0.7919795339306196,0.834980109333992,0.024979381391643865,0.7919795318018821,4.5413062680725126e-08,0.0,0.9864547128478686,17184,17057
pretrain,,717,0.2011175537442819,0.035773284860678996,144121.1793201668,0.8391821438091851,1.9507334993353909,0.08751825121488767,1.4045041601306625,0.0,0.20225208006533132,0.5640340867851461,0.809008297820886,0.8338777005672455,0.0193582659861402,0.8090083202613251,5.579065705714944e-08,0.0,1.0169536570707958,17208,17081
pretrain,,718,0.15749611215670462,0.03570173829095764,133337.77473150985,0.7148531365341374,1.7926715641681634,0.07710739156322888,1.397414654493332,0.0,0.19870732724666595,0.5544378746833121,0.7948292990525564,0.833747062087059,0.023891609837969452,0.7948293089866638,5.5169775377746553e-08,0.0,1.0320738032460213,17232,17105
pretrain,,719,0.08855006523337788,0.03563033481437572,120195.2778150195,0.6708718386168281,1.3778625718184874,0.06622541180067558,1.390034696708123,0.0,0.19501734835406148,0.506570462669645,0.7800693561633428,0.8129112541675567,0.02092306241623637,0.7800693934162458,7.911807016943347e-08,0.0,1.0804833720127742,17256,17129
pretrain,,720,0.13567623655104072,0.03555907414474697,134617.37257130412,0.388135239104962,1.1802764918122959,0.10123132558403901,1.396964663905757,0.0,0.19848233195287843,0.5791398819003786,0.7939293334881464,0.8194707602262497,0.017488873473600897,0.7939293278115135,4.275214104954017e-08,0.0,0.9583005954821905,17280,17153
pretrain,,721,0.2694954199001831,0.035487955996457474,166229.29227024934,0.8381649514083707,2.00602039085435,0.10743824116613422,1.3883268607869035,0.0,0.19416343039345177,0.5809299951153142,0.7766536946098009,0.8067032903432846,0.020801533288864384,0.776653721573807,4.860616860854113e-08,0.0,0.9819092452526093,17304,17177
pretrain,,722,-0.1253662757301877,0.03541698008446456,97791.58383821113,0.9441611487751028,1.7037520053264281,0.08565282501196021,1.393037299337309,0.0,0.19651864966865454,0.5687743973519122,0.7860746011137962,0.8145639955997467,0.021677574416221666,0.7860745986746182,5.406105796357252e-08,0.0,1.0206160818537076,17328,17201
pretrain,,723,0.31059761183586854,0.03534614612429563,174467.20446518046,0.7573877258802808,1.9055927996656712,0.09685730276537569,1.4010113461297893,0.0,0.20050567306489464,0.5696265138685703,0.8020226781566938,0.832211098074913,0.024874371173745403,0.8020226922595786,6.359602722216806e-08,0.0,1.0239220261573792,17352,17225
pretrain,,724,-0.12370628198558925,0.03527545383204704,99715.43861987328,0.7405449844275912,1.6236844948093805,0.1007104562985421,1.3931565546829787,0.0,0.19657827734148928,0.586450997207846,0.7863131016492844,0.8217338234186172,0.020299555213341865,0.7863131093659571,6.377342200621546e-08,0.0,1.0015456974506378,17376,17249
pretrain,,725,0.18396947702435845,0.03520490292438294,145266.06733811923,0.6174160289312047,1.1780474136450456,0.1063654279368123,1.4030536169274932,0.0,0.20152680846374663,0.5753722616604395,0.8061071808139483,0.8325538277626038,0.018535409440010402,0.8061072338549863,7.947285968201712e-08,0.0,0.9556717425584793,17400,17273
pretrain,,726,-0.17376399009983262,0.03513449311853418,95459.9228990505,0.7821741179962243,2.1191193131463857,0.10516996409540498,1.392922337610452,0.0,0.196461168805226,0.5665848797985485,0.7858446513613065,0.8217968314886093,0.02975528232939605,0.785844675220904,4.7807892163594566e-08,0.0,0.9625152796506882,17424,17297
pretrain,,727,0.0017685436725529899,0.03506422413229711,114875.38790719026,0.9176788466006872,2.155936133675276,0.10643580864792435,1.3967912207313236,0.0,0.1983956103656619,0.569400483476264,0.7935824145873388,0.815142372250557,0.018218107955832844,0.7935824414626472,6.874047575600173e-08,0.0,0.9438367436329523,17448,17321
pretrain,,728,0.2066183930664315,0.034994095684032514,151532.0994223427,0.7913665241517481,1.6377637785194175,0.11121285313368696,1.390144822719906,0.0,0.19507241135995304,0.5687937842948096,0.7802896226445833,0.8055995166301727,0.01725474627203678,0.7802896454398122,5.774199962615967e-08,0.0,0.9705996861060461,17472,17345
pretrain,,729,-0.1699464773434269,0.034924107492664454,95532.33518723496,0.6564045152183445,1.6478692601834024,0.10265040105385405,1.4086388836481742,0.0,0.2043194418240871,0.5679249199373382,0.817277749379476,0.8391890168190003,0.016953442710304963,0.8172777672963484,6.24429612091267e-08,0.0,0.9602383549014727,17496,17369
pretrain,,730,0.052345208620560434,0.03485425927767912,120531.87687801848,0.6987986661648998,2.1486323459872176,0.09833229049582015,1.405952664225229,0.0,0.2029763321126146,0.5732021148183516,0.8119052822391192,0.8377105891704559,0.0232980489538727,0.8119053284504583,6.474909323520943e-08,0.0,0.9617042268315951,17520,17393
pretrain,,731,0.13029077655060603,0.03478455075912377,134218.64954483698,0.8408060943752171,2.1082618575809247,0.10388023276947385,1.4036673090553708,0.0,0.2018336545276855,0.5771294262792384,0.8073345820109049,0.8413264274597168,0.023091679139599256,0.8073346181107417,5.40167092721866e-08,0.0,0.9675817862153053,17544,17417
pretrain,,732,0.19059439393421734,0.03471498165760552,146053.3027643059,0.4915387781248206,1.1442280409591539,0.10393672319783707,1.4001004159273138,0.0,0.2000502079636568,0.569508898471083,0.8002008001009623,0.8334324896335602,0.02229462962212688,0.8002008318546272,6.120119775780235e-08,0.0,0.9579462061325709,17568,17441
pretrain,,733,0.18856814731852303,0.03464555169429031,141549.58340417698,0.9543080868288166,1.9842787227460315,0.08747135544674522,1.403180478096363,0.0,0.20159023904818155,0.5516788911606585,0.8063609351714452,0.8404453545808792,0.02406371377741651,0.8063609561927262,4.56791548845518e-08,0.0,1.0200287128488223,17592,17465
pretrain,,734,0.15970818563378042,0.03457626059090173,140286.84205768516,0.9151412225550128,1.997089660380568,0.10622215634572606,1.4053042160701894,0.0,0.2026521080350947,0.5821378284267016,0.81060840934515,0.8346974670886993,0.016665912079875448,0.8106084321403785,5.490368317391988e-08,0.0,0.9673830916484197,17616,17489
pretrain,,735,0.08233532677073684,0.034507108069719926,125323.50648249639,0.7507568379598005,1.7379892632365221,0.09977480844945075,1.4009336533157952,0.0,0.20046682665789764,0.5829908837165152,0.80186727643013,0.8295721560716629,0.022872242748492727,0.8018673066315906,6.674478449560557e-08,0.0,0.9720548490683237,17640,17513
pretrain,,736,-0.05633482009893664,0.03443809385358048,105317.02748696863,0.8619219036107616,1.810758310290319,0.08901728707634503,1.3915503793174313,0.0,0.19577518965871565,0.5758499407342501,0.7831007341543833,0.8178234964609146,0.027446997149769094,0.7831007586348625,6.403951415453098e-08,0.0,1.0088871493935585,17664,17537
pretrain,,737,-0.23424731326120385,0.03436921766587332,90960.325537683,0.7452937709389342,1.5590850069054532,0.11238908589847711,1.3977563445722418,0.0,0.1988781722861209,0.5817563576357705,0.7955126836895943,0.827184584736824,0.02023884274205756,0.7955126891444836,5.8673322219278866e-08,0.0,0.9771842459837595,17688,17561
pretrain,,738,0.07762326962541219,0.034300479230541574,123146.62936714987,0.5020984479536613,1.2737164451873728,0.0919472002749178,1.4040396394917654,0.0,0.20201981974588265,0.5670410969427653,0.8080792526404063,0.8386199474334717,0.01982750173274539,0.8080792789835304,6.146728990611787e-08,0.0,0.9526695683598518,17712,17585
pretrain,,739,-0.17045609863416478,0.03423187827208049,95453.26432210779,0.6447056177781806,1.6317941450380846,0.10235249193772773,1.396620981794383,0.0,0.19831049089719144,0.5708427333406039,0.793241965274016,0.8247897416353225,0.021206730295533847,0.7932419635887656,4.887226083087152e-08,0.0,0.9446722517410914,17736,17609
pretrain,,740,-0.11191251615903929,0.034163414515536325,100757.47618221656,0.9661023906055127,2.285569747537374,0.09952527692867093,1.4064310615039652,0.0,0.20321553075198262,0.574861285409757,0.8128620857993761,0.8432546049356461,0.01873163562400552,0.8128621230079304,5.9560296102508424e-08,0.0,1.0180498659610748,17760,17633
pretrain,,741,-0.02579782252588331,0.03409508768650526,111801.00589632065,0.8900112164916383,1.880382252537778,0.10945957273905323,1.4010344066080593,0.0,0.20051720330402967,0.5802106239965983,0.8020687773823738,0.829355800151825,0.02106108643836543,0.8020688132161186,5.854027616362482e-08,0.0,1.0029848963022232,17784,17657
pretrain,,742,0.14262503528822243,0.03402689751113225,135075.7104319946,0.8583313000078002,1.7209157180839345,0.09754117656488692,1.3898492762375447,0.0,0.19492463811877228,0.5746983204569136,0.7796985308329264,0.8050940841436386,0.02293506697279744,0.7796985524750891,5.357322237683112e-08,0.0,1.0000254486997922,17808,17681
pretrain,,743,0.20543018019816955,0.03395884371610998,147323.94142868152,0.545392796131117,1.2150682686695033,0.09649459906771225,1.393828115758619,0.0,0.1969140578793096,0.5663456387285675,0.7876562178134918,0.8240736067295074,0.018777177974121505,0.7876562315172381,6.204382291263855e-08,0.0,0.9677690441409746,17832,17705
pretrain,,744,0.027730361506859945,0.03389092602867776,118732.90500267166,0.6973984548156814,1.6773683519235674,0.1083692751659736,1.4054471950623253,0.0,0.20272359753116254,0.5754770138966185,0.8108943551778793,0.8363192468881607,0.025487532188750207,0.8108943901246503,5.375061716087851e-08,0.0,0.9501465186476707,17856,17729
pretrain,,745,-0.032859368611645234,0.033823144176620405,108759.52379233231,0.8396721773647835,1.7663828463692743,0.09449971708685338,1.4033263412392918,0.0,0.20166317061964603,0.573469088013683,0.806652657687664,0.8358059525489807,0.022308463549891744,0.8066526824785839,5.7786348280538156e-08,0.0,0.978568452099959,17880,17753
pretrain,,746,0.0024431365449037665,0.033755497888267164,112404.93382034877,0.7867326694318937,1.2434271653315851,0.08993016592204678,1.385160046585259,0.0,0.1925800232926295,0.5690388168607439,0.7703200901548067,0.8050322890281677,0.02176748389742138,0.770320093170518,4.7364405268239075e-08,0.0,1.0146518821517627,17904,17777
pretrain,,747,-0.009020413507155125,0.03368798689249063,111843.76861211153,0.661813682410866,1.3597549411867342,0.09576338652778792,1.4044256429409698,0.0,0.2022128214704849,0.5837438681295939,0.8088512619336446,0.8417113721370697,0.021796714254993098,0.8088512858819396,5.712111787274191e-08,0.0,0.9885302459200224,17928,17801
pretrain,,748,-0.07717888462741598,0.03362061091870565,105438.63670711199,0.4070716189952301,1.0399880740525467,0.10729995433674577,1.4031150021279852,0.0,0.2015575010639926,0.5624204392411879,0.8062299763162931,0.8309502214193344,0.018257387402987345,0.8062300042559704,4.603394439713545e-08,0.0,0.9166640614469846,17952,17825
pretrain,,749,-0.10438851127285567,0.033553369696868236,102222.24565983319,0.576133320418497,1.5880810360823348,0.10510655500349557,1.3936261501872824,0.0,0.19681307509364118,0.5713937319815159,0.7872522721687952,0.8263676702976227,0.023770704961113057,0.7872523003745647,6.687783056976333e-08,0.0,0.945581446091334,17976,17849
pretrain,,750,-0.05307760768441626,0.0334862629574745,107873.1940323944,0.7931712074205279,1.8587480785591255,0.10505270584048737,1.3783318783999199,0.0,0.18916593919995997,0.5491775242345673,0.7566637272636095,0.7934602349996567,0.030739428700497718,0.7566637567998399,4.975923476961223e-08,0.0,1.0045323098699253,18000,17873
pretrain,,751,0.06936655738366262,0.03341929043155955,123676.27366495033,0.7549622783969555,2.4338164248902885,0.10172576546946004,1.3935962247085711,0.0,0.19679811235428568,0.587250707404954,0.7871924365560213,0.8174801230430603,0.02668302973577691,0.7871924494171426,5.4105406691965875e-08,0.0,0.9623435785373052,18024,17897
pretrain,,752,-0.2585197079604948,0.033352451850696435,88043.33585932592,0.5222100126113566,1.2488340010600427,0.102262834812104,1.400754388310902,0.0,0.2003771941554511,0.5576224340392011,0.8015087569753329,0.827853062748909,0.01945468807266286,0.8015087766218043,4.891660952225744e-08,0.0,0.9705704748630524,18048,17921
pretrain,,753,-0.22092081583189566,0.03328574694699504,89039.02007512204,0.9441224229743793,1.595311979204416,0.0815147582079022,1.3999020454606839,0.0,0.19995102273034196,0.5579305735549756,0.7998040542006493,0.8222422957420349,0.017911665477194305,0.7998040909213678,7.308664771536282e-08,0.0,0.9785428990920385,18072,17945
pretrain,,754,0.1399802285563793,0.033219175453101046,134438.41701555345,0.9472189909512442,2.188959425741007,0.09682064237853094,1.403009877407125,0.0,0.20150493870356256,0.5705365506666047,0.8060197408000628,0.827923983335495,0.015171263065581584,0.8060197548142501,4.576785217480506e-08,0.0,1.0033091033498447,18096,17969
pretrain,,755,0.06706277756205442,0.033152737102194844,122491.27121010965,0.6823038350169858,1.657914430781134,0.09712709998714919,1.3969373801457028,0.0,0.19846869007285153,0.566555557506425,0.793874757985274,0.8190879106521607,0.020090972847189983,0.793874760291406,6.61682514890849e-08,0.0,0.9901265924175581,18120,17993
pretrain,,756,-0.1580744682449451,0.03308643162799046,97292.9545305088,0.750757253728807,2.033429423905909,0.10854234549536677,1.3911176930137337,0.0,0.1955588465068667,0.5650202759674616,0.782235398888588,0.8098659485578537,0.019087650428293478,0.7822353860274666,5.0823603399881755e-08,0.0,0.993901364505291,18144,18017
pretrain,,757,0.0469873535934055,0.03302025876473448,120174.49367230604,0.692834955751009,1.3833136781517947,0.10074109600461212,1.3932974787340278,0.0,0.1966487393670139,0.5700583524469818,0.786594939728578,0.8102446913719177,0.01728849233847244,0.7865949574680555,6.102380297375494e-08,0.0,0.9394532094399134,18168,18041
pretrain,,758,0.15653913314605525,0.03295421824720501,140395.89618248213,0.8351395121731219,1.8834177949864948,0.109324446070187,1.4006008721799368,0.0,0.20030043608996842,0.574530107634408,0.801201730966568,0.8285094648599625,0.021512540444730884,0.8012017443598736,5.2774945894877114e-08,0.0,0.9896909793217977,18192,18065
pretrain,,759,-0.13041319972705778,0.0328883098107106,98673.49203002437,0.5947800192738041,1.3489225612687206,0.09747482679534504,1.4061918425418083,0.0,0.20309592127090412,0.5699646943914038,0.8123836567004522,0.8282996654510498,0.012847033472716471,0.8123836850836162,5.100099818392915e-08,0.0,0.9647961780428886,18216,18089
pretrain,,760,-0.13430626970108916,0.03282253319108918,97539.060859508,0.6599359095451377,1.3754720969391718,0.09089664677193894,1.4037305535305116,0.0,0.2018652767652557,0.5695413877921445,0.8074610854188601,0.8217831045389176,0.01150425124869455,0.8074611070610228,4.080079846202622e-08,0.0,0.9613078633944193,18240,18113
pretrain,,761,0.16455491478334736,0.032756888124707,139567.17680015546,0.735699299789433,1.5119859414441241,0.09912020084674515,1.3938608612599117,0.0,0.19693043062995588,0.5749090840773923,0.7877216885487238,0.8226450890302658,0.021580398487338906,0.7877217225198234,7.370752948728428e-08,0.0,0.9475849742690722,18264,18137
pretrain,,762,0.14233431779610184,0.032691374348457584,134884.72983012922,0.4880319994741253,1.4234023233609536,0.09690993097341255,1.3885279508928459,0.0,0.19426397544642293,0.5780725372689111,0.7770558769504229,0.8021139651536942,0.016348018137644423,0.7770559017856916,5.144448509778835e-08,0.0,0.9744736204544703,18288,18161
pretrain,,763,0.15180872096167805,0.03262599159976067,139375.84279765617,1.0383985982986077,2.3998624432832,0.10892235701153628,1.405035235209479,0.0,0.20251761760473963,0.5696152895689011,0.8100704376896223,0.8333904772996903,0.0158235223389896,0.8100704704189584,6.607955406930562e-08,0.0,0.9792486106355985,18312,18185
pretrain,,764,0.13573250477339133,0.03256073961656115,131879.84626751748,1.09293594838874,2.1680462061294485,0.08833460153406276,1.4084089088386722,0.0,0.20420445441933618,0.5648762690169471,0.8168177877863249,0.8390666037797928,0.017895709566906427,0.8168178176773445,6.341863243812067e-08,0.0,0.98637605458498,18336,18209
pretrain,,765,0.19262502776730306,0.03249561813732803,146973.11013796018,0.8584995183517181,2.244153834027903,0.1058153353078824,1.395761063411122,0.0,0.19788053170556116,0.569771888798901,0.7915221030513445,0.8185208767652512,0.021994307291901313,0.7915221268222444,6.08464082452187e-08,0.0,0.9705807268619537,18360,18233
pretrain,,766,0.2659762163266194,0.03243062690105337,160330.28583323304,0.7510578122123012,1.3885662460965769,0.09192608741401805,1.398874444354858,0.0,0.19943722217742887,0.5726236211402076,0.7977488785982132,0.8227318942546844,0.018919383949757205,0.7977488887097154,4.6300036563954684e-08,0.0,0.9976395343740782,18384,18257
pretrain,,767,0.22837521155386456,0.032365765647251264,150823.17041728608,0.924597913598908,1.9828069443681409,0.09049724102237248,1.4010312214405054,0.0,0.20051561072025273,0.5505190560860294,0.802062414586544,0.825231459736824,0.016247149714423703,0.8020624428810108,5.330713021001188e-08,0.0,1.0393843005100887,18408,18281
pretrain,,768,-0.24506845084230575,0.03230103411595676,89138.42717539748,0.48660292427632074,1.089636126000966,0.1026815237624709,1.397807552878346,0.0,0.1989037764391729,0.5635814632156065,0.7956150819857916,0.8294636040925979,0.020696902525789464,0.7956151057566915,5.5347170124786516e-08,0.0,0.9450306122501692,18432,18305
pretrain,,769,0.22804414436207512,0.03223643204772485,150692.64815013876,0.7626516232267022,1.7357324476752958,0.09029456281557215,1.4079729983849185,0.0,0.20398649919245926,0.5597704638327872,0.8159459953506788,0.8410927176475524,0.019848759056644287,0.815945996769837,4.913835299769076e-08,0.0,1.0327265337109566,18456,18329
pretrain,,770,0.27946418609884655,0.032171959183629396,167942.75874426842,1.146033681574322,2.4026597763012565,0.10424569913826603,1.3978819901655826,0.0,0.19894099508279137,0.5694456095142024,0.7957639669378599,0.8170665621757507,0.016501900620264326,0.7957639803311655,6.590215939628052e-08,0.0,1.017705462872982,18480,18353
pretrain,,771,-0.13042175505265824,0.03210761526526214,100422.29343345542,0.6037582351183075,1.914442650388394,0.11218910933704829,1.4022989178386827,0.0,0.20114945891934136,0.5763781794479914,0.804597814877828,0.8278616666793823,0.01588822979102882,0.8045978356773654,4.6521780057891725e-08,0.0,0.9463224286834399,18504,18377
pretrain,,772,-0.03289984098095025,0.03204340003473161,109043.8402554578,0.9986864239465266,1.9867867308003557,0.09653124552338248,1.3901503331338365,0.0,0.19507516656691828,0.5468213462403841,0.7803006544709206,0.8205607384443283,0.030316550608777464,0.7803006662676731,6.21768689682926e-08,0.0,0.9746650382876396,18528,18401
pretrain,,773,0.23031952744372744,0.03197931323466215,154289.53012251807,0.8577132043650463,1.9813087534691605,0.10129029515857346,1.390206088932852,0.0,0.19510304446642598,0.5847052804061345,0.7804121424754461,0.8286053270101548,0.03281570924232886,0.7804121778657039,7.157879211572293e-08,0.0,0.9736070732275645,18552,18425
pretrain,,774,-0.02792360115956158,0.03191535460819283,111297.88688006728,0.5599638449715539,1.5738230367856358,0.10786162168807727,1.4021701473920116,0.0,0.20108507369600592,0.5668581681592124,0.8043402805924416,0.830464243888855,0.019065342319341167,0.8043402947840237,4.692091833587616e-08,0.0,0.9547693605224291,18576,18449
pretrain,,775,0.1734487033560735,0.03185152389897644,141516.14203825875,0.6474549208457271,1.7517986065575044,0.09993177252517316,1.4037884955427475,0.0,0.20189424777137385,0.5808485198233808,0.8075769717494646,0.824459919333458,0.011866004174669667,0.8075769910854952,5.658893359461459e-08,0.0,0.9622020125389099,18600,18473
pretrain,,776,-0.15970808946327766,0.03178782085117849,96667.16649133815,0.8923011262501989,2.38192299458065,0.10435889975961195,1.3773375807241315,0.0,0.18866879036206577,0.5680518735732352,0.7546751374999682,0.8095956355333328,0.02776203704425334,0.7546751614482629,5.144448506078092e-08,0.0,0.994419515132904,18624,18497
pretrain,,777,-0.22348921688449,0.03172424520947613,90433.88673885839,0.9421245827827426,2.0995129161647386,0.09809085998081342,1.4012580150073124,0.0,0.20062900750365642,0.563241365232638,0.8025159860650698,0.8263471782207489,0.024682818720952057,0.8025160300146256,5.0690557344227706e-08,0.0,0.9740149180094401,18648,18521
pretrain,,778,0.08567332048250641,0.03166079671905718,126103.68943237509,0.758217078544909,1.7468427021854689,0.10110705789337475,1.4049846996508892,0.0,0.20249234982544465,0.5770348310470581,0.8099693804979324,0.8330498218536376,0.013682713317666224,0.8099693993017786,4.9847932115376636e-08,0.0,0.9886743798851967,18672,18545
pretrain,,779,0.3034316667523937,0.031597475125619064,172535.3729972788,0.8864138269841316,2.028286610889647,0.09748086650462721,1.40295259736567,0.0,0.20147629868283512,0.5747672271515643,0.8059051682551702,0.8288361549377441,0.019690032972903043,0.8059051947313405,6.807524531119806e-08,0.0,0.9693761145075163,18696,18569
pretrain,,780,-0.12583874487901725,0.03153428017536783,99606.20811297605,0.5353715913148508,1.224872432702354,0.10157104791350803,1.4001866456209904,0.0,0.20009332281049522,0.5775862894952297,0.8003732884923617,0.8276489615440369,0.02254736595664169,0.8003732912419806,5.667763099589015e-08,0.0,0.9490492641925812,18720,18593
pretrain,,781,0.13670796898742138,0.03147121161501709,133773.93682155042,0.6534455331885035,1.4434826491666684,0.09646855224050087,1.4044046027674562,0.0,0.20220230138372808,0.5772290910993303,0.8088091760873795,0.837267804145813,0.022632201090565157,0.8088092055349122,5.21540641784668e-08,0.0,1.015881133576234,18744,18617
pretrain,,782,-0.10027615780264246,0.031408269191787054,101638.02397129998,0.7076562598258967,1.679140424116381,0.09699367454198109,1.3982889270853427,0.0,0.19914446354267143,0.568764927131789,0.7965778410434723,0.8225263267755508,0.01985219453619219,0.7965778541706857,5.7298512730804184e-08,0.0,0.9677042911450068,18768,18641
pretrain,,783,0.23077891274510262,0.03134545265340348,155007.87333102623,0.8677951468686973,2.146536136977374,0.10341047223067783,1.3993822371675855,0.0,0.19969111858379274,0.5477285579379116,0.7987644498546919,0.8233453810214997,0.01956824956364436,0.798764474335171,6.528127766136649e-08,0.0,1.0059921344121296,18792,18665
pretrain,,784,0.23502987206833698,0.031282761748096674,149029.69410827308,0.6851364652227079,1.4827082728967063,0.07830242742009409,1.4017289398858945,0.0,0.20086446994294724,0.5650303406374795,0.8034578387935957,0.828458371758461,0.015644454859438748,0.803457879771789,6.031422387457279e-08,0.0,1.0231434106826782,18816,18689
pretrain,,785,0.41930649395319647,0.03122019622460048,223193.78806095995,0.6427802939544477,1.3290554461202446,0.11054363554874702,1.3952775201538488,0.0,0.1976387600769245,0.563296671158501,0.7905550251404444,0.8204250574111939,0.019297307798766525,0.7905550403076976,6.332993505534883e-08,0.0,0.9620874226093292,18840,18713
pretrain,,786,0.15787600272320623,0.03115775583215128,136806.6227519383,0.9565306491706344,1.957684626829411,0.09263769362842707,1.4017129213593542,0.0,0.2008564606796773,0.5606954720403468,0.8034258161981901,0.8324387490749359,0.016239152676143533,0.8034258427187092,4.816268167617821e-08,0.0,0.9783701052268347,18864,18737
pretrain,,787,-0.013461326577766313,0.031095440320486976,110152.68769977335,0.8836628988806513,2.0539567939404924,0.08802545845901806,1.3897380743042698,0.0,0.19486903715213497,0.5488260242023638,0.7794761011997858,0.822411322593689,0.03334388111084745,0.7794761486085399,6.745436363179517e-08,0.0,0.9897063200672468,18888,18761
pretrain,,788,0.14810166188463436,0.031033249439846002,138717.2063714797,0.3642139209744831,0.9116619532927862,0.10917269536606278,1.3877682519766192,0.0,0.1938841259883096,0.5689112581312656,0.7755364924669266,0.8059018045663834,0.02502842231096636,0.7755365039532384,6.053596729449495e-08,0.0,0.939461869498094,18912,18785
pretrain,,789,-0.022033501383304833,0.03097118294096631,109961.5002530831,0.6907718167418525,1.9053060630070302,0.09385358430387271,1.4048686153477146,0.0,0.2024343076738573,0.5763461515307426,0.8097372129559517,0.8257595062255859,0.015116437947077442,0.8097372306954292,4.8783563411092246e-08,0.0,0.946244498093923,18936,18809
pretrain,,790,0.1782206452482416,0.03090924057508438,141950.95247930018,0.604154291562736,1.7704405153436311,0.09775889631822617,1.3882087753819565,0.0,0.1941043876909784,0.5673144512942858,0.7764175136884054,0.8045470505952835,0.022000167940516898,0.7764175507639136,7.521538510542787e-08,0.0,0.9379164154330889,18960,18833
pretrain,,791,0.2019123624021032,0.030847422093934207,144142.65127745384,0.8060059183765026,1.8541607800338948,0.08694204376615378,1.3999901618365023,0.0,0.19999508091825105,0.5591319788779532,0.7999802976846695,0.8310254782438278,0.019711194899513743,0.7999803236730042,5.916115786153142e-08,0.0,1.061259038746357,18984,18857
pretrain,,792,0.06875386776019582,0.03078572724974634,122775.96172244856,0.46159853960298713,1.2182524880926517,0.09729537229810666,1.3959039660126322,0.0,0.19795198300631633,0.5615423784724303,0.7918078874548277,0.8354601174592972,0.032199990289403076,0.791807932025265,6.443865235850055e-08,0.0,0.9287991424401602,19008,18881
pretrain,,793,0.06509018285311169,0.03072415579524685,124277.7622291788,0.3910778260102407,1.2633331929732643,0.10855052740149541,1.3949998233334295,0.0,0.19749991166671474,0.5566008101616586,0.7899996365110079,0.8167671531438827,0.019489777228922728,0.7899996466668587,5.8850716929311396e-08,0.0,0.9306702092289925,19032,18905
pretrain,,794,0.03662187016706461,0.030662707483656355,117298.73819039899,0.760312389360652,1.5721176255494356,0.09237836676841316,1.3957846992249998,0.0,0.19789234961250002,0.5704818394567286,0.7915694092710813,0.8099419683218002,0.013446776225931325,0.7915693984500001,5.694372323672425e-08,0.0,0.977887528638045,19056,18929
pretrain,,795,-0.22419657667690285,0.030601382068689044,90181.39234771767,0.7980187531738054,2.0036105859226407,0.09610031073015675,1.3948964096960568,0.0,0.19744820484802839,0.5583206356636115,0.7897927761077881,0.8207191318273545,0.024740889646129305,0.7897928193921134,7.468320067927081e-08,0.0,0.9926508987943331,19080,18953
pretrain,,796,0.3254374657593337,0.030540179304551662,179178.4327262838,0.710371133516587,1.789349716662296,0.09704970879033203,1.3967358346230216,0.0,0.1983679173115109,0.5859881011503083,0.7934716542561849,0.821083989739418,0.021101937755843396,0.7934716692460434,4.585654961308805e-08,0.0,0.9875898535052935,19104,18977
pretrain,,797,-0.19895541421290847,0.03047909894594256,92043.05002130762,0.653821457332621,1.3395391963156205,0.09375606633090966,1.3888607731621183,0.0,0.19443038658105904,0.5807454021913665,0.7777215267221133,0.8244653135538101,0.030242136440724557,0.7777215463242361,4.70983130644124e-08,0.0,0.9469008843104044,19128,19001
pretrain,,798,0.39032083301568077,0.030418140748050677,202584.24823607356,0.9504459343318428,2.1029264418674365,0.0967144776943854,1.4019720027489324,0.0,0.2009860013744661,0.5673670779381479,0.8039439941445986,0.8228723496198654,0.017161294491181138,0.8039440054978643,5.7653302206380395e-08,0.0,1.016409342487653,19152,19025
pretrain,,799,0.20552970888032573,0.030357304466554574,147547.24202567176,0.666247998829931,1.8019274581755897,0.0972677185151092,1.4046055097132921,0.0,0.20230275485664606,0.5798447744122572,0.8092110181848208,0.8381022930145263,0.01872361096176791,0.8092110194265842,5.942725002835066e-08,0.0,0.9724953720966975,19176,19049
pretrain,,800,0.21758135373117887,0.030296589857621462,151485.0004917328,0.8114366710984281,1.4000458563012734,0.10190606855816647,1.398937751494703,0.0,0.19946887574735142,0.5849961553301131,0.7978754838307699,0.8427101373672484,0.018061769622416353,0.7978755029894056,5.268624849360156e-08,0.0,1.013501487672329,19200,19073
pretrain,,801,0.3988950127030294,0.030235996677906222,208683.22573827562,0.7447968191422878,1.982149078377655,0.1015914897907022,1.3943288169712538,0.0,0.1971644084856269,0.584092800106321,0.7886576255162557,0.8175365477800369,0.021334687010832194,0.7886576339425075,7.317534511663837e-08,0.0,1.0038214921951294,19224,19097
pretrain,,802,0.13372295397218706,0.030175524684550408,134748.3279504334,0.887315418460362,2.3922446605350283,0.10346067460568818,1.3957443192512506,0.0,0.19787215962562535,0.5715864753084523,0.7914886176586151,0.8264546155929565,0.02490655938001634,0.7914886385025012,7.548147719823224e-08,0.0,0.9775330697496732,19248,19121
pretrain,,803,0.11667199731101674,0.03011517363518131,130102.10775173093,0.678066709256243,1.3634958481150015,0.0955841226290255,1.3986826790053222,0.0,0.199341339502661,0.5501154613282,0.7973653251926104,0.8337595283985137,0.024565013786791476,0.797365358010644,5.4992380575195433e-08,0.0,1.0138542503118515,19272,19145
pretrain,,804,0.017845675066777367,0.030054943287910946,116556.47661205087,0.5833214135352699,1.2822131547012499,0.10350095238728126,1.3951448789753373,0.0,0.19757243948766876,0.5665990726224013,0.7902897198994955,0.819116187095642,0.01759762647818288,0.7902897579506748,5.783069706444266e-08,0.0,0.9584703296422958,19296,19169
pretrain,,805,-0.05446194468517289,0.029994833401335123,107048.83533767278,0.639642244604017,1.2189600184027634,0.10025738132990321,1.395258576254405,0.0,0.19762928812720237,0.5729977978127343,0.7905171240369478,0.8177253365516662,0.01449985334833725,0.7905171525088094,7.104660776358074e-08,0.0,1.0006492460767429,19320,19193
pretrain,,806,0.2375371887078191,0.029934843734532455,154314.85246270575,0.6261735671598997,1.200100522648011,0.09536420696079025,1.4025773344162318,0.0,0.201288667208116,0.5759064539202622,0.8051546663045883,0.8283315926790238,0.016147371394449248,0.8051546688324639,5.4238452766123636e-08,0.0,0.964960403740406,19344,19217
pretrain,,807,0.36084987836680926,0.02987497404706339,193445.36392966172,0.7284537756017276,1.5600447635033297,0.10184024490077753,1.3981698958557984,0.0,0.19908494792789933,0.5802748102162565,0.7963397651910782,0.8204178631305694,0.018523051697462805,0.7963397917115973,6.004813168924983e-08,0.0,0.9876852383216222,19368,19241
pretrain,,808,0.2656565759018697,0.02981522409896926,163370.29894802385,0.6297761328695786,1.5357664923582752,0.10186421508895988,1.402512192326997,0.0,0.20125609616349852,0.5628549419343472,0.8050243755181631,0.8312489420175553,0.020187428388618683,0.805024384653994,5.437149889579255e-08,0.0,1.0052641356984775,19392,19265
pretrain,,809,0.04352577902530967,0.029755593650771323,116951.86288649548,0.8776536698985312,1.5311597409258995,0.0845179778325504,1.3982882357779003,0.0,0.19914411788895023,0.5859267711639404,0.7965764353672663,0.8510620266199111,0.038448471751255556,0.7965764715558006,6.031422385606906e-08,0.0,0.9947077905138334,19416,19289
pretrain,,810,-0.5872325933574598,0.029696082463469782,68741.35279673255,0.2048045728311297,0.4198833746835588,0.11042013892025637,1.3939373883906576,0.0,0.19696869419532873,0.5609802060893603,0.7878747706611952,0.8113210320472717,0.01973745915285765,0.7878747767813148,5.277494580235853e-08,0.0,0.8880273352066675,19440,19313
pretrain,,811,0.22400302840086858,0.02963669029854284,154429.22951288655,0.5394205662111442,1.204840333121163,0.10704263743203202,1.401247952576904,0.0,0.20062397628845208,0.5799992755055428,0.802495909233888,0.8210366189479827,0.014215465109133359,0.802495905153808,5.020272168347143e-08,0.0,0.9672992527484894,19464,19337
pretrain,,812,0.2910564090515604,0.029577416917945756,167953.87717752982,0.6621132660657167,1.6575876934453837,0.0946183615030715,1.4048149838289692,0.0,0.20240749191448448,0.5616858016167368,0.809629944463571,0.8278030335903168,0.021653345410692658,0.8096299676579378,5.228711027112828e-08,0.0,1.0017733598748844,19488,19361
pretrain,,813,-0.14868829165648645,0.02951826208410986,98159.94207393631,0.3800056988062958,1.0681783188666616,0.10828565350009813,1.4039274574301783,0.0,0.20196372871508914,0.5753852554730006,0.8078548858563105,0.8241271048784256,0.011172446461067595,0.8078549148603563,6.466039583393386e-08,0.0,0.8875387410322825,19512,19385
pretrain,,814,0.2326016379024987,0.029459225559941644,155648.21677551957,0.6770904094113835,1.8323501689359538,0.10410327328588205,1.3951615213106077,0.0,0.1975807606553038,0.5586945555571998,0.79032301902771,0.8078341782093048,0.01381986766686226,0.7903230426212152,5.4992380649210304e-08,0.0,0.9266012410322825,19536,19409
pretrain,,815,0.2885365127471551,0.02940030710882176,169902.8563781221,0.7462101308628917,1.6134645047198442,0.10240988653799649,1.3915266120761987,0.0,0.1957633060380994,0.5816872157156467,0.7830532193183899,0.8158202260732651,0.021194817165106357,0.7830532241523976,5.574630840277095e-08,0.0,0.985288456082344,19560,19433
pretrain,,816,0.11770935837357141,0.029341506494604118,133121.53505842888,0.6171738322203358,1.2066412436376726,0.10924781737565632,1.4037683897518685,0.0,0.20188419487593431,0.5730908417275973,0.8075367733836174,0.8304206222295761,0.021824915010091837,0.807536779503737,5.6322841446299066e-08,0.0,0.9645702963074049,19584,19457
pretrain,,817,0.0024474879263793204,0.029282823481614907,113550.47408991652,0.6192664205141011,1.1633461910699092,0.09740573360234454,1.3880254530037444,0.0,0.19401272650187215,0.557891845703125,0.7760508532325426,0.8125749409198761,0.02854512539326234,0.7760509060074886,6.199947431377122e-08,0.0,0.9694146265586218,19608,19481
pretrain,,818,0.20980244764304706,0.029224257834651678,151146.7806282199,0.800513129248949,1.9062343703316784,0.10715751502320285,1.3971412939329941,0.0,0.1985706469664971,0.5672088361212185,0.7942825655142466,0.832696071267128,0.03115414266758649,0.7942825878659884,6.155598730739342e-08,0.0,0.977101668715477,19632,19505
pretrain,,819,-0.12147921551569106,0.029165809318982373,100293.49852065583,1.1744110084670996,2.4485978721907093,0.10367134316039044,1.3966089989324766,0.0,0.1983044994662383,0.5750405373317855,0.7932179992397627,0.8274794340133667,0.021049262245109612,0.7932179978649531,4.4304345340565966e-08,0.0,0.9914306104183197,19656,19529
pretrain,,820,0.2948106301436737,0.02910747770034441,164004.5335028974,0.7315576903167226,1.389488279819488,0.07954177292204956,1.3937676184633305,0.0,0.19688380923166518,0.5387081722063678,0.787535215417544,0.8184181988239289,0.028307136342419416,0.7875352369266607,7.561452336490859e-08,0.0,1.0293864384293556,19680,19553
pretrain,,821,-0.013114385667045078,0.02904926274494372,111050.04870547421,0.7451705034556134,1.5476802900965723,0.09384959017976428,1.4054504007633242,0.0,0.2027252003816622,0.5652936119586229,0.8109007676442465,0.8334782928228378,0.0164667582082342,0.8109008015266485,5.7121117928253064e-08,0.0,0.9965458487470945,19704,19577
pretrain,,822,0.1901874492198917,0.028991164219453833,144344.7659232161,0.901783359214841,2.1853944485208814,0.09752231619435751,1.397542688552113,0.0,0.19877134427605644,0.5673677293317658,0.7950853606065115,0.8298503756523132,0.027046292857707502,0.7950853771042258,6.829698884214253e-08,0.0,0.9675240342815717,19728,19601
pretrain,,823,0.2195941358162632,0.028933181891014924,149816.3728536224,0.834938191930719,1.9426185492426151,0.09410173046881302,1.3947281667386136,0.0,0.1973640833693069,0.5592512943382775,0.7894563352068266,0.82129887342453,0.024016102613755502,0.7894563334772275,4.909400430630484e-08,0.0,0.97818723320961,19752,19625
pretrain,,824,0.07559670961680566,0.028875315527232895,123827.01058442598,0.7348014974877947,2.0179482738354375,0.09735420375491594,1.3964952717845638,0.0,0.19824763589228192,0.5772501177021435,0.792990542948246,0.8291338384151459,0.0239888376428339,0.7929905435691277,4.461478625428228e-08,0.0,0.9703190525372823,19776,19649
pretrain,,825,0.21902316201667169,0.028817564896178434,149789.0986272822,0.8158967241511813,1.3680154124540942,0.09447626009911513,1.3991781132118335,0.0,0.19958905660591664,0.5776361908231462,0.7983562275767326,0.8175857454538346,0.021760145435258775,0.7983562264236665,5.916115788003514e-08,0.0,0.9925723100701968,19800,19673
pretrain,,826,-0.06791161699653574,0.028759929766386076,104318.92702084103,0.8605956121658286,1.7263034862599198,0.09109400025982937,1.4060705943210496,0.0,0.2030352971605247,0.5827777300562178,0.8121411701043447,0.8331217020750046,0.01947038771736071,0.8121411886420988,6.235426378934743e-08,0.0,0.9796686520179113,19824,19697
pretrain,,827,0.23947564856845502,0.0287024099068533,157799.93660869583,0.6154206301351742,1.8111952759857677,0.10567544615522033,1.397831169688808,0.0,0.19891558484440405,0.5748223699629307,0.7956623087326685,0.8223550468683243,0.022768865039959382,0.795662339377616,5.8407230052459624e-08,0.0,0.9910233418146769,19848,19721
pretrain,,828,0.05282548455438829,0.028645005087039592,122342.87769800244,0.394801460938262,1.0797603771622692,0.10816632865915832,1.3901078865109457,0.0,0.19505394325547276,0.5590010753699711,0.780215767522653,0.8014981150627136,0.018598430603198258,0.780215773021891,4.913835301619448e-08,0.0,0.9948784957329432,19872,19745
pretrain,,829,0.14578951256252617,0.028587715076865514,136478.9785922673,0.7915831398484962,1.2917540709887232,0.10124742896491205,1.399580750836148,0.0,0.1997903754180741,0.5877343533294541,0.7991614962617556,0.8238810330629349,0.01979405211343977,0.7991615016722963,8.009374139842744e-08,0.0,0.9938741351167361,19896,19769
pretrain,,830,0.10490070058998556,0.028530539646711782,129660.19576581716,0.592101734530713,1.769782125790204,0.10321048733383331,1.4021737576861468,0.0,0.20108687884307339,0.5707994550466537,0.8043474853038788,0.8240686595439911,0.02009217340474081,0.8043475153722932,7.654584588401292e-08,0.0,0.899650918940703,19920,19793
pretrain,,831,0.3228560474977147,0.028473478567418362,172742.47889990167,1.0039716695124905,2.3511943797980033,0.08187295637704947,1.3972071865573525,0.0,0.1986035932786763,0.5665064368929182,0.7944143464167913,0.8145468294620514,0.016430607612935338,0.794414373114705,5.135578764100165e-08,0.0,0.9926287283500036,19944,19817
pretrain,,832,0.3022436570226725,0.028416531610283527,173061.66612135165,0.6712074865631404,1.396056568782244,0.09993969070656857,1.3977962445600758,0.0,0.19889812228003786,0.5567054046051843,0.7955924843748411,0.8286118000745774,0.024838763905938,0.7955924891201515,5.468193979100514e-08,0.0,0.998783585925897,19968,19841
pretrain,,833,0.1752761279013074,0.028359698547062957,143314.56826080242,0.7224538861663037,1.5008152358766111,0.10579841885003154,1.3934808904083358,0.0,0.1967404452041678,0.5804293655923434,0.7869617889324824,0.8076410531997681,0.015950561235811032,0.7869617808166712,8.146855090540583e-08,0.0,0.9537786593039831,19992,19865
pretrain,,834,0.19562745849825636,0.02830297914996883,149443.00948745775,0.7051467881537974,1.9893164741141447,0.11268427911305519,1.3918074512676821,0.0,0.1959037256338412,0.5677998039339269,0.7836148763696352,0.8037409573793411,0.012901606746109384,0.7836149025353647,5.951594733710763e-08,0.0,0.9859618917107582,20016,19889
pretrain,,835,0.2769735565424576,0.028246373191668894,162023.66206180124,0.6054109566667605,1.2462107893611702,0.08819386789098689,1.3916275546043402,0.0,0.1958137773021701,0.5753875241747923,0.7832551052172979,0.8092561185359954,0.019704015817820303,0.7832551092086804,5.880636827493291e-08,0.0,1.0054090569416683,20040,19913
pretrain,,836,0.2821824272224129,0.028189880445285555,169757.01760909212,0.9446354473918855,2.089925303230328,0.10728358808532545,1.4006111336029357,0.0,0.20030556680146785,0.5815876073070935,0.8012222597996393,0.8203621238470078,0.018494288980297834,0.8012222672058712,7.579191816745971e-08,0.0,0.9843614796797434,20064,19937
pretrain,,837,-0.10495459973188542,0.028133500684394984,102301.07509012862,0.7048245552882907,1.7452854245368916,0.10620647165623576,1.399228184971781,0.0,0.19961409248589054,0.5649775777544295,0.7984563310941061,0.8315948992967606,0.02035349769594864,0.798456369943562,6.297514552426146e-08,0.0,0.9454905862609545,20088,19961
pretrain,,838,0.1496013344625511,0.028077233683026195,138338.93965350874,0.9849904698674523,1.6561332110581652,0.10628032929725446,1.4037299035338773,0.0,0.20186495176693872,0.5843073087079185,0.807459811369578,0.8343303948640823,0.02449021776604154,0.8074598070677546,5.752025615072635e-08,0.0,0.9953748856981596,20112,19985
pretrain,,839,0.09780460367208213,0.02802107921566014,128634.68208816883,0.6414260556477877,1.811819721013307,0.10400006260265877,1.393439528975813,0.0,0.1967197644879066,0.5851498299411364,0.7868790527184805,0.8125493109226227,0.016810370050335116,0.7868790579516262,3.5567652674946735e-08,0.0,0.9592971007029215,20136,20009
pretrain,,840,0.12108369337752985,0.027965037057228824,133432.00676132308,0.44641589453177793,1.22092182599008,0.10789244516864842,1.3881447694397397,0.0,0.1940723847198699,0.5604440058980669,0.7762894829114279,0.7990364730358124,0.014830335081300628,0.7762895388794796,6.749871237869225e-08,0.0,0.9107427597045898,20160,20033
pretrain,,841,-0.036713933052936576,0.027909106983114364,109748.22464643946,0.6121425390509622,1.6424209773008307,0.10461455195268206,1.402490961054961,0.0,0.20124548052748048,0.5711419438677174,0.8049818873405457,0.8189216703176498,0.009476137948556807,0.8049819221099218,7.219967379512582e-08,0.0,0.9392456213633219,20184,20057
pretrain,,842,0.05041919552892571,0.027853288769148134,121517.01286508657,0.693280673131258,1.5398943261110356,0.10554230549345427,1.4078873071730846,0.0,0.20394365358654234,0.5769059173762798,0.815774584809939,0.8406239688396454,0.013688754912646527,0.8157746143461692,5.783069699042779e-08,0.0,0.9686962738633156,20208,20081
pretrain,,843,-0.13640838347518527,0.02779758219160984,98642.67546587695,0.4506822190070081,0.935809579598052,0.1022069750803891,1.3970796757022894,0.0,0.19853983785114473,0.5848352217248507,0.7941593304276466,0.8192517012357712,0.02237192794263597,0.7941593514045788,4.066775235086103e-08,0.0,0.9451462005575498,20232,20105
pretrain,,844,0.098310686390533,0.02774198702722662,129845.9852057121,0.40374206518754363,0.9591702960431573,0.10962177772909788,1.4012427610522582,0.0,0.200621380526129,0.5762631243893078,0.8024854908386866,0.8270944505929947,0.01683743356926616,0.802485522104516,4.5546108717875455e-08,0.0,0.9653056959311167,20256,20129
pretrain,,845,-0.05244427958638184,0.027686503053172166,105376.79006954581,0.6778595670170727,1.5255652557260222,0.08622392007665003,1.393124379572414,0.0,0.1965621897862071,0.5574555495487792,0.7862487286329269,0.833248484134674,0.0325920057019419,0.7862487591448284,7.095791047332749e-08,0.0,0.9990173901120821,20280,20153
pretrain,,846,0.1400377024005116,0.027631130047065824,136082.53059098765,0.7425962775901315,1.6751577486949296,0.10426176426563527,1.4089130189801968,0.0,0.2044565094900983,0.5860368556209973,0.8178260152538618,0.8440922617912292,0.022783110742695484,0.8178260379603932,7.326404257342507e-08,0.0,1.0173408364256222,20304,20177
pretrain,,847,0.2217780304169074,0.02757586778697169,150494.93499425112,0.728582536557778,1.5744094240346123,0.09478981648208244,1.4050027599026051,0.0,0.20250137995130255,0.564373426671539,0.8100054735938708,0.8320842057466507,0.012443358487647991,0.8100055198052099,6.235426382635485e-08,0.0,0.9990792026122411,20328,20201
pretrain,,848,-0.0544951720176573,0.027520716051397744,107327.29969105698,0.6483985027741818,1.189870981818863,0.10230481424452287,1.405250130354294,0.0,0.20262506517714693,0.5723053653325354,0.8105002368489901,0.8315371960401535,0.013444715384055816,0.8105002607085875,6.02255264362898e-08,0.0,0.9789166897535324,20352,20225
pretrain,,849,0.22503484669178805,0.027465674619294955,152255.29474091905,0.481504926834965,1.227104860118457,0.09847795365398095,1.3984695716007127,0.0,0.19923478580035625,0.5798247632171427,0.7969391196966171,0.8207718253135681,0.016786330422219872,0.7969391432014249,5.650023619333903e-08,0.0,0.9905703340967497,20376,20249
pretrain,,850,-0.025268509887833482,0.02741074327005636,110933.09510528187,0.5196246140902596,1.1765679156673803,0.103186888628691,1.3906042042099651,0.0,0.19530210210498247,0.5715355851820536,0.78120839347442,0.7959076523780823,0.012381079759471579,0.7812084084199299,6.798654789141878e-08,0.0,0.946899617711703,20400,20273
pretrain,,851,0.014774186303240407,0.027355921783516247,116626.05708227024,0.38977041470241686,1.1265038471136766,0.10648708044586457,1.396287974103221,0.0,0.1981439870516105,0.5728353301861456,0.7925759106874466,0.8080644905567169,0.014049592995036837,0.7925759482064416,5.809678906472845e-08,0.0,0.949561188618342,20424,20297
pretrain,,852,0.3729787509819752,0.02730120993994922,201311.8404967658,0.863235371675165,2.2103207672014835,0.1085662323921645,1.3992536487057805,0.0,0.19962682435289028,0.5847862916333335,0.7985072756807009,0.8190302342176438,0.01827604179218136,0.798507297411561,4.887226083087152e-08,0.0,0.9950678497552872,20448,20321
pretrain,,853,0.28955022237025224,0.027246607520069317,168866.99525333042,0.6009924065632125,1.2440772541931693,0.09855645660051097,1.3946074212324762,0.0,0.19730371061623808,0.5785528857793127,0.7892148147026697,0.8078064560890198,0.015641736233922333,0.7892148424649523,5.685502570592268e-08,0.0,0.9717766071359316,20472,20345
pretrain,,854,-0.14329651956222592,0.02719211430502918,97606.38091012703,0.47237792669884154,1.1682528878961282,0.09897778090525695,1.3987295556414339,0.0,0.19936477782071704,0.5750780706959111,0.7974590832988421,0.8162567019462585,0.013358008262932406,0.7974591112828681,7.437275983956937e-08,0.0,0.9335525805751482,20496,20369
pretrain,,855,0.20313711567778955,0.02713773007641912,150388.56314171513,0.648058327203173,1.5494080713284866,0.10993225249164011,1.394174741226293,0.0,0.1970873706131464,0.5662046186625957,0.788349469502767,0.816949588060379,0.0167244344197057,0.7883494824525855,6.368472454942875e-08,0.0,1.0138527726133664,20520,20393
pretrain,,856,-0.31334883898716426,0.027083454616266284,84212.6743818047,0.48282133923133924,1.2389733027400711,0.1048992744180652,1.3980075317834106,0.0,0.1990037658917053,0.5690002632992608,0.796015053987503,0.8226516336202622,0.01865666784301702,0.7960150635668208,6.031422387457279e-08,0.0,0.9570391351977984,20544,20417
pretrain,,857,0.3236539781062607,0.027029287707033747,178541.28984843392,0.6765727810561657,1.4645985953509808,0.09687624241982117,1.3943192356576521,0.0,0.1971596178288261,0.5674377089100224,0.7886384278535843,0.8131078034639359,0.018125655441248802,0.7886384713153044,7.681193801382473e-08,0.0,1.0020150591929753,20568,20441
pretrain,,858,0.04787999994352075,0.026975229131619684,119526.09501638166,0.9981252521586915,1.9542045288586176,0.09623550957537937,1.3961160405583326,0.0,0.19805802027916627,0.5761139360921723,0.7922320614258448,0.8184721887111663,0.016981858671210704,0.7922320811166649,5.020272162796028e-08,0.0,1.012301358083884,20592,20465
pretrain,,859,0.1858688960683672,0.026921278673356443,146433.56356745644,0.5630226756135622,1.5156449318996497,0.10935629721576832,1.402833962192138,0.0,0.20141698109606906,0.5799035392701626,0.8056678796807925,0.8207670032978058,0.012373829256495916,0.805667924384276,6.315254032681257e-08,0.0,0.9591394240657488,20616,20489
pretrain,,860,0.20642425156545915,0.026867436116009728,149148.5928063376,0.8022887410285572,1.9797296513404157,0.1025862073675325,1.3972236494578063,0.0,0.19861182472890335,0.5834807242665971,0.7944472829500834,0.8143034517765045,0.014187130341456597,0.794447298915613,5.339582761128744e-08,0.0,0.948072316745917,20640,20513
pretrain,,861,0.17204087125389464,0.02681370124377771,143412.90650486446,0.678796619265562,1.574222142834748,0.1088931811033722,1.4035921564680478,0.0,0.201796078234024,0.5818282158247061,0.8071842938661575,0.825900810956955,0.01258750778759411,0.8071843129360959,6.678913322399893e-08,0.0,0.9577810317277908,20664,20537
pretrain,,862,0.05388021376918374,0.026760073841290154,121184.71549664649,0.48315014151324126,1.4134682562468301,0.10077767824699406,1.3883771280358943,0.0,0.19418856401794726,0.5804842534874166,0.7767542178432146,0.8098028093576431,0.024532766835884855,0.776754256071789,7.069181826950081e-08,0.0,0.9293060377240181,20688,20561
pretrain,,863,-0.2741955401108183,0.026706553693607575,87444.31081284618,0.3966392229444214,0.7767171085945195,0.10884213754280186,1.3989559462116585,0.0,0.1994779731058294,0.5811437272599764,0.7979118749499321,0.8148896485567093,0.013625564112686736,0.7979118924233175,4.6743523422302737e-08,0.0,0.8989682520429293,20712,20585
pretrain,,864,0.02506436739702234,0.02665314058622036,115482.4083671129,0.6867493839624027,1.3812569768301075,0.09083573156217761,1.4019170175084756,0.0,0.2009585087542378,0.5851437406880515,0.8038340210914612,0.8319603204727173,0.017217469476017884,0.8038340350169513,5.6322841446299066e-08,0.0,0.9839805737137794,20736,20609
pretrain,,865,-0.38971231928224676,0.026599834305047917,78932.35617790329,0.5910550331519473,1.5294959877484606,0.10233728642027536,1.4003813754589782,0.0,0.20019068772948923,0.5728304899696792,0.800762727856636,0.8178375393152237,0.011241484121762011,0.8007627509179569,6.687783055125962e-08,0.0,0.8929514214396477,20760,20633
pretrain,,866,0.026172643853292876,0.026546634636437822,116960.87349667806,0.45448037970899824,1.104744447820953,0.0990338178510201,1.4014526659268,0.0,0.20072633296339995,0.5669590735009737,0.8029053087035815,0.8276171982288361,0.024785828644087033,0.8029053318535997,4.9936629442637326e-08,0.0,0.9344958116610845,20784,20657
pretrain,,867,-0.014019849640673487,0.026493541367164947,110779.3302110776,0.8417798914015293,1.7535643214892058,0.09277031299095045,1.4095385146016877,0.0,0.20476925730084383,0.5718132794967719,0.8190769950548807,0.8342855453491211,0.012308396399569247,0.8190770292033752,5.561326227310204e-08,0.0,1.0202262525757153,20808,20681
pretrain,,868,0.23471768247868602,0.02644055428443062,155170.3861707363,0.7412389491995176,1.4639722687857488,0.10069121006326308,1.4047364731363599,0.0,0.2023682365681799,0.5889873568500792,0.8094729259610176,0.8335772305727005,0.017751793988529913,0.8094729462727196,5.100099818392915e-08,0.0,0.9849368259310722,20832,20705
pretrain,,869,0.15956213776665143,0.026387673175861753,137833.87843798133,0.5298072526098362,1.2508091543934172,0.09577235484039508,1.398413938869323,0.0,0.19920696943466154,0.5887472523110253,0.7968278552095095,0.8267661243677139,0.027237149456759962,0.796827877738646,4.5413062680725126e-08,0.0,0.9482144415378571,20856,20729
pretrain,,870,0.11446013542033157,0.026334897829510033,130211.83869924149,0.7343123837019361,1.6305713489651679,0.09796711626040693,1.3827518640706937,0.0,0.19137593203534684,0.5710723937622137,0.7655037144819895,0.7951887875795365,0.03178347560909353,0.7655037281413873,5.1621879863332033e-08,0.0,0.9914674436052641,20880,20753
pretrain,,871,-0.023100333111780287,0.026282228033851013,111595.8602629857,0.6001485499242941,1.397018626704812,0.10584145456915262,1.402304040489807,0.0,0.20115202024490353,0.5788001982229096,0.8046080569426218,0.8273327380418778,0.015970079555618105,0.804608080979614,5.2065366740183805e-08,0.0,0.9462458118796349,20904,20777
pretrain,,872,0.20428248984217146,0.02622966357778331,146302.2949066403,0.8179666960744986,1.6784287660249642,0.09350102723931553,1.3947778746397013,0.0,0.19738893731985066,0.5773578232952526,0.789555716017882,0.8127116292715073,0.01840835840115601,0.7895557492794025,4.958183987454253e-08,0.0,0.9934319580594698,20928,20801
pretrain,,873,-2.4259966801130906e-05,0.026177204250627743,114431.73433762285,0.5066756669520621,1.345598869850593,0.10511733284515046,1.402817973113131,0.0,0.2014089865565655,0.5712129452398844,0.8056359191735586,0.8249392867088318,0.016835078625406022,0.8056359462262618,6.412821153730282e-08,0.0,0.9004697079459826,20952,20825
pretrain,,874,-0.11150689418194708,0.02612484984212649,100333.18235004992,0.7178587274226759,1.4896452335374695,0.09568971124876309,1.3919525865376705,0.0,0.19597629326883528,0.5854468909757478,0.7839051634073257,0.8073429465293884,0.01654056244748253,0.783905173075341,5.703242050847379e-08,0.0,1.0110293676455815,20976,20849
pretrain,,875,0.15206621044722993,0.026072600142442236,137203.2073443045,0.7662205022005808,1.8991558451737671,0.09923987844084003,1.3950163588992186,0.0,0.19750817944960933,0.586235302899565,0.7900326997041702,0.8073211222887039,0.013949068564449357,0.7900327177984373,5.3218432827240036e-08,0.0,1.0025216490030289,21000,20873
pretrain,,876,-0.19155829405208785,0.026020454942157347,91506.41111890439,0.47470456053547205,1.1916187814303805,0.08228224136785954,1.3783163208337055,0.0,0.18915816041685285,0.5817897873265403,0.7566325962543488,0.8025643855333329,0.030251771157342802,0.7566326416674114,6.386211937048358e-08,0.0,0.9807450125614802,21024,20897
pretrain,,877,0.23457498435728513,0.025968414032273037,155281.53599996897,0.7482234417194767,1.540017082435744,0.10119453889764037,1.3989202439607606,0.0,0.19946012198038046,0.5851477384567261,0.7978404661019644,0.8145625174045563,0.014185133661733327,0.7978404879215217,4.87835634666034e-08,0.0,0.9896970664461454,21048,20921
pretrain,,878,0.048443060817117224,0.02591647720420849,116144.29621673455,0.8366960008584318,1.660796513993825,0.07546583111235132,1.397697822501262,0.0,0.198848911250631,0.5789830886891909,0.795395645002524,0.8181594222784042,0.012637157010994745,0.795395645002524,4.3993904500864524e-08,0.0,1.0348392948508263,21072,20945
pretrain,,879,0.33553234200966514,0.025864644249800072,180501.90269938976,0.7114104039168785,1.2578121225748742,0.0920473978911794,1.396938130791698,0.0,0.1984690653958491,0.5883728361555508,0.7938762456178665,0.8188281834125518,0.01653514861043116,0.7938762615833962,5.889506563920103e-08,0.0,1.0102073426047962,21096,20969
pretrain,,880,-0.16743115996798721,0.025812914961300473,92708.03074430555,0.6270480892354888,1.3440433936725766,0.07397996164316446,1.399623420399924,0.0,0.1998117101999621,0.5575146688414472,0.7992468352119128,0.8330582290887832,0.0180865782793142,0.7992468407998482,4.355041747598302e-08,0.0,1.002716528872649,21120,20993
pretrain,,881,0.2209508720069669,0.025761289131377874,152929.22584755367,0.5927445508894466,1.7435307730255374,0.1042932328942433,1.3930558603079544,0.0,0.19652793015397732,0.5664513840207032,0.7861117050051689,0.8154789537191391,0.02339239567182636,0.7861117206159091,4.7541799978271605e-08,0.0,0.956323062380155,21144,21017
pretrain,,882,-0.0020553531275510142,0.025709766553115115,112185.38456658434,0.7165907349747916,1.6033052787716893,0.09222803543428341,1.3916667615107834,0.0,0.1958333807553919,0.5672534108161926,0.7833335101604462,0.8132245898246765,0.019965310550634163,0.7833335230215673,4.5146970550913323e-08,0.0,0.9806774159272512,21168,21041
pretrain,,883,0.17851510877075183,0.025658347020008885,136871.86401118623,0.6239073874118428,1.227097834327391,0.07572878722148735,1.403920484485016,0.0,0.201960242242508,0.5532809506569589,0.807840958237648,0.830827122926712,0.013806289228822273,0.8078409689700319,5.437149891429627e-08,0.0,1.0500385289390881,21192,21065
pretrain,,884,0.06674914837825077,0.02560703032596887,122668.30995047775,0.6056281655938144,1.3481723055775676,0.09837031758059517,1.3916740813736048,0.0,0.1958370406868025,0.5668538252690009,0.7833481331666311,0.8168758302927017,0.024000415644755725,0.78334816274721,5.2021018085805317e-08,0.0,0.9285625293850899,21216,21089
pretrain,,885,0.08044413961105662,0.02555581626531693,124181.17460119029,0.5040643595026006,1.224644284695386,0.09523401930072095,1.4022696888340367,0.0,0.20113484441701857,0.5818303759608949,0.8045393526554108,0.8214083224534988,0.016194449916595147,0.8045393776680742,5.605674924247239e-08,0.0,0.9884971529245377,21240,21113
pretrain,,886,-0.19209725754715823,0.025504704632786295,94149.48736630233,0.5036708798614287,0.9891022904110804,0.1082971526727174,1.3995913388207555,0.0,0.19979566941037774,0.588514934693064,0.7991826683282852,0.8193159520626068,0.014715101095182688,0.799182677641511,5.2597551184844584e-08,0.0,0.9607871746023496,21264,21137
pretrain,,887,0.34220786991019025,0.025453695223520725,178316.48503669427,0.9544452933505888,1.8724500051300441,0.08082623674630983,1.3970433331227727,0.0,0.1985216665613864,0.5745940804481506,0.7940866375962893,0.8171975076198578,0.018658775820549776,0.7940866662455456,5.703242050847379e-08,0.0,1.0003135427832603,21288,21161
pretrain,,888,0.2370031500005119,0.025402787833073683,156017.6165893918,0.7461774410635588,2.1415930650862194,0.10170299150814245,1.3999830667106876,0.0,0.19999153335534392,0.5656044445931911,0.7999660844604174,0.8192060559988021,0.013769450319219874,0.7999661334213757,7.166748949849477e-08,0.0,0.9467304721474648,21312,21185
pretrain,,889,0.23686235680873602,0.025351982257407535,152027.51291866298,0.8289401087732542,1.8628270910254545,0.08780163976825556,1.400962079298638,0.0,0.2004810396493191,0.5835062808224133,0.8019241392612457,0.8270746499300003,0.020486638078652482,0.8019241585972763,5.1621879863332033e-08,0.0,1.013512372970581,21336,21209
pretrain,,890,0.055981027784214064,0.025301278292892717,122752.16558375905,0.6563672752430042,1.2563549725072725,0.10780782777586613,1.406546367576257,0.0,0.20327318378812856,0.5788134858012199,0.8130927185217539,0.8291102141141892,0.0122762926136469,0.8130927351525141,6.06246646957705e-08,0.0,0.9502811059355736,21360,21233
pretrain,,891,0.13383589420046768,0.025250675736306936,132876.06800606346,1.082070526578242,1.917011557572654,0.09465261410568114,1.3945476312545084,0.0,0.1972738156272542,0.5654526400778974,0.7890952477852503,0.8173853307962418,0.01831688400053622,0.7890952625090167,6.332993512936369e-08,0.0,1.0324377417564392,21384,21257
pretrain,,892,0.1886640687983579,0.02520017438483432,146846.4748542297,0.40566474576258943,1.2563971189515917,0.10862717586817854,1.3916723299328062,0.0,0.19583616496640308,0.5887749248317309,0.783344641327858,0.8036204159259797,0.01827046023036536,0.783344659865612,5.8451578725341825e-08,0.0,0.9642308900753657,21408,21281
pretrain,,893,-0.05709539461330762,0.02514977403606465,104728.761710414,0.734289257077589,1.312930204506431,0.08520654938168337,1.3983084731957032,0.0,0.19915423659785167,0.5715747377169984,0.7966169193387032,0.8194485932588578,0.013672900289449471,0.7966169463914065,4.3373022747446775e-08,0.0,1.0308620755871136,21432,21305
pretrain,,894,0.07783220221611474,0.02509947448799252,124001.57269446869,0.8668557821684296,1.6028872154919163,0.09643867749399841,1.3966631382881174,0.0,0.1983315691440588,0.5841783913118499,0.7933262412746748,0.8214406102895736,0.018011611418326266,0.7933262765762351,6.155598727038598e-08,0.0,0.9955608199040095,21456,21329
pretrain,,895,0.18135863569354416,0.025049275539016536,140804.98441609903,0.7252871138930675,1.481081010214984,0.09036602768279324,1.3969037840142846,0.0,0.19845189200714233,0.5867879997406686,0.7938075438141823,0.8225392758846283,0.021925418361865793,0.7938075680285692,5.029141901073212e-08,0.0,1.001158818602562,21480,21353
pretrain,,896,0.32920029183738825,0.024999176987938503,185556.6217000742,0.5079742245974818,1.0547503335135322,0.10990054077942642,1.3981509650392194,0.0,0.19907548251960958,0.5878679241452898,0.7963019236922264,0.8197815150022507,0.01515431430626065,0.7963019300784383,5.268624853060899e-08,0.0,0.9757587388157845,21504,21377
pretrain,,897,-0.029528559407373138,0.024949178633962628,109189.7696147075,0.5906854040832037,1.3630005444799145,0.09474320302821865,1.400552102586343,0.0,0.2002760512931716,0.5842654614576271,0.8011041680971781,0.8459914565086365,0.02808068940848184,0.8011042051726863,5.800809173746776e-08,0.0,0.9843607594569524,21528,21401
pretrain,,898,0.12307186800514229,0.0248992802766947,128808.13820883805,0.7079846569159557,1.4502889616947088,0.08381639160748622,1.3915867606798809,0.0,0.1957933803399404,0.5551615357398987,0.7831734965244929,0.8127948492765427,0.016481040390554574,0.7831735213597616,7.131269996740741e-08,0.0,1.0110497052470844,21552,21425
pretrain,,899,0.38416795198209497,0.024849481716141313,209257.87200946698,0.7501004838517735,1.8850862095398557,0.11496064483439801,1.398548364816677,0.0,0.19927418240833852,0.5710887419325965,0.7970966895421346,0.8251377284526825,0.02208265101245361,0.7970967296333539,6.528127758735162e-08,0.0,0.9691500241557757,21576,21449
pretrain,,900,0.15831311954660215,0.02479978275270903,136884.04357592168,0.47967588484642043,0.7594170039253574,0.0926179513199094,1.3953943366983106,0.0,0.19769716834915538,0.5880064400179046,0.7907886629303297,0.8117158830165863,0.012638842803054665,0.7907886733966215,5.800809177447519e-08,0.0,1.014193631708622,21600,21473
pretrain,,901,0.22132634041993907,0.024750183187203612,145763.2058320954,0.8949249984164324,1.72478978043156,0.0771912273764085,1.3976033661691918,0.0,0.1988016830845958,0.5552539213427475,0.7952067206303278,0.8226201206445694,0.026677310720916125,0.795206732338383,4.9670537275818084e-08,0.0,1.056541882455349,21624,21497
pretrain,,902,0.2898038916626409,0.0247006828208292,166431.20593822247,0.8696436013006382,1.5905334738748413,0.09112270873235125,1.4037310102333624,0.0,0.20186550511668125,0.5872080368655068,0.8074620018402735,0.8254515498876571,0.015243032445970977,0.807462020466725,5.339582764829487e-08,0.0,1.016264759004116,21648,21521
pretrain,,903,-0.1143409816762869,0.024651281455187544,100418.37491943751,0.8487267217465809,1.9360232968947715,0.09875608336630508,1.4041877790975075,0.0,0.2020938895487537,0.5845813176461628,0.8083755051096281,0.8364243745803833,0.014631493921702285,0.8083755581950148,7.93398135523482e-08,0.0,0.9945558880766233,21672,21545
pretrain,,904,0.16853619187948715,0.02460197889227717,135861.17356452977,0.7612948449594633,1.7695235316242484,0.07951529005408199,1.3911859117270937,0.0,0.19559295586354675,0.5424110857503754,0.7823718066016833,0.8011545330286026,0.016808695775728615,0.782371823454187,6.510388280330422e-08,0.0,1.0319906522830327,21696,21569
pretrain,,905,0.022362015140824622,0.024552774934492615,115573.63838479761,0.6462581403597835,1.3351218482213354,0.09365730740221256,1.4023541592150215,0.0,0.20117707960751088,0.5824649972575051,0.8047082672516505,0.8264199376106263,0.019316183989233737,0.8047083184300433,6.696652791552775e-08,0.0,1.0464644059538841,21720,21593
pretrain,,906,-0.2501488189981784,0.024503669384623627,87990.80675498754,0.6990709255693391,1.5328792193638425,0.09472204650589529,1.4021819641237103,0.0,0.20109098206185516,0.5740277208387852,0.804363913834095,0.8230510115623474,0.017519271141828576,0.8043639282474205,6.57691132481079e-08,0.0,0.9966663271188736,21744,21617
pretrain,,907,0.30975081769623203,0.02445466204585438,177430.4432549768,1.0038318501874095,2.1609695984316715,0.10554003567213159,1.3969910967474182,0.0,0.1984955483737091,0.5665690893573421,0.7939821779727936,0.8199061483144761,0.023459919728547093,0.7939821934948365,4.6566128712270206e-08,0.0,0.9929251844684283,21768,21641
pretrain,,908,-0.017709505507431583,0.024405752721762677,108313.50887546147,0.8329441619238683,1.8336659662425514,0.07871969421334335,1.4021685558947778,0.0,0.201084277947389,0.5739537940493651,0.8043370818098386,0.8219618111848831,0.011626163547033991,0.8043371117895557,6.332993507385254e-08,0.0,1.0243427430589993,21792,21665
pretrain,,909,0.2579168589120491,0.024356941216319147,160555.7872265701,0.7052409512855645,1.5332488086606773,0.09937222463120203,1.4056295997551864,0.0,0.20281479987759324,0.5870586612394877,0.8112591778238615,0.8362703144550323,0.02122940679354741,0.8112591995103727,6.417256033971104e-08,0.0,0.9739406481385231,21816,21689
pretrain,,910,0.19066078888157342,0.02430822733388651,147021.44109522275,0.7101869151173603,1.9395289218053222,0.1076385923261482,1.3962378975092653,0.0,0.1981189487546328,0.5876769402197428,0.7924757699171702,0.8184634238481522,0.014295785090505081,0.7924757950185309,5.1000998054403133e-08,0.0,0.9586941227316856,21840,21713
pretrain,,911,0.06526624406791151,0.024259610879218737,123665.24714642795,0.6007207745043117,1.3078147224017547,0.10508261417606235,1.4035702892579138,0.0,0.20178514462895691,0.5885478290063995,0.807140568892161,0.8399084031581878,0.018063757972192306,0.8071405785158277,6.62126001619671e-08,0.0,0.9403062785665194,21864,21737
pretrain,,912,0.14181559372659602,0.024211091657460302,135043.13086008924,0.6348707015360041,1.589670680436705,0.09806687301340793,1.4033539489443811,0.0,0.20167697447219068,0.5730732642114162,0.8067078640063604,0.82109255194664,0.011712369440159432,0.8067078978887626,6.79421992370403e-08,0.0,0.9441797385613123,21888,21761
pretrain,,913,0.13467458989265427,0.024162669474145377,133572.0769530437,0.672668256575153,1.321328635726656,0.09722161886774612,1.3957877062438502,0.0,0.19789385312192498,0.5778722214911665,0.7915753821531931,0.813036572933197,0.016977069771431066,0.7915754124876999,5.5169775285227964e-08,0.0,1.01947832852602,21912,21785
pretrain,,914,-0.01883832177191068,0.024114344135197086,109974.12506395247,0.6041384060822782,1.3192736027496197,0.09127793326753464,1.3957798079631865,0.0,0.19788990398159342,0.566038369600262,0.7915595745046934,0.8173282623291016,0.020089861108117776,0.7915596159263735,6.359602720366435e-08,0.0,0.9773276895284653,21936,21809
pretrain,,915,0.13144771814043152,0.024066115446926693,132804.11705685104,0.8152686682352352,1.5129533554826462,0.0963029814774951,1.4003981078664463,0.0,0.2001990539332231,0.5691405045134681,0.8007961983482043,0.8248494744300842,0.011594952908356748,0.8007962157328924,5.286364331465639e-08,0.0,1.050278017918269,21960,21833
pretrain,,916,0.21595055028204094,0.02401798321603284,154571.47716107522,0.48921221565632594,1.7765769263463347,0.11424963388809094,1.4011991795019378,0.0,0.200599589750969,0.5719968777682101,0.8023983289798101,0.8230516880750656,0.0176942272023083,0.8023983590038758,5.485933448253396e-08,0.0,0.9143795197208723,21984,21857
pretrain,,917,-0.40725879097995576,0.023969947249600776,78085.28526144338,0.39659389274727025,0.9727134361330944,0.10550647813309731,1.4031039658224298,0.0,0.20155198291121498,0.5673578958958387,0.8062079101800919,0.8304120659828186,0.01910814459385561,0.8062079316448596,4.7541800015279044e-08,0.0,0.9067421928048134,22008,21881
pretrain,,918,0.0780389071646794,0.023922007355101575,123706.38653630544,0.7824281547329432,2.004080269991287,0.09466282565772932,1.3965531214849936,0.0,0.19827656074249678,0.5599161397133554,0.7931062132120132,0.813405966758728,0.012148658381684262,0.7931062429699868,6.940570616379797e-08,0.0,0.9869183277090391,22032,21905
pretrain,,919,0.30449677776812284,0.023874163340391368,170106.53108012717,0.7380019216576503,1.3803613786984765,0.08969693076379108,1.400695867259942,0.0,0.20034793362997116,0.5789174442844731,0.8013916959365209,0.8183637529611587,0.014754548498438123,0.8013917345198847,5.8451578725341825e-08,0.0,1.0264363661408424,22056,21929
pretrain,,920,0.14929405031514134,0.023826415013710585,136989.46605942934,0.6544646331818685,1.2774719164839812,0.1006023449382966,1.4062383000605874,0.0,0.20311915003029365,0.5763218998908997,0.812476580341657,0.8265880823135376,0.010541949690821223,0.8124766001211746,6.004813172625727e-08,0.0,0.9424439643820127,22080,21953
pretrain,,921,0.19113489878764775,0.023778762183683164,145716.20177277396,0.6063711992243216,1.2958602153296979,0.10216634616851648,1.3874887620719771,0.0,0.19374438103598857,0.5697671720491988,0.77497748285532,0.801042452454567,0.02036909072874527,0.7749775241439542,6.434995501273615e-08,0.0,0.9502080256740252,22104,21977
pretrain,,922,-0.4819060111884265,0.023731204659315802,73430.95570992568,0.5069768297973843,1.3147754678768768,0.10006877195727953,1.4024405141494103,0.0,0.20122025707470523,0.5772408111287015,0.8048810089627901,0.8277921378612518,0.015243371516513842,0.8048810282988209,5.144448509778835e-08,0.0,0.918049044907093,22128,22001
pretrain,,923,0.11716060839606907,0.023683742249997166,133440.0734220921,0.3163615826716913,0.775932996720075,0.11119943693888205,1.3835439626349224,0.0,0.1917719813174613,0.5768259343292033,0.7670879364013672,0.7986693859100342,0.025381820891061134,0.7670879252698448,5.6278492754913145e-08,0.0,0.9174783031145731,22152,22025
pretrain,,924,-0.5298880855544158,0.023636374765497174,71399.28771958774,0.4845483987148674,1.3268017099371974,0.10776157454504535,1.4032626734115183,0.0,0.20163133670575917,0.570536027795502,0.8065253148476282,0.8323101133108138,0.015350366585901488,0.8065253468230367,5.89394143860981e-08,0.0,0.9525597989559174,22176,22049
pretrain,,925,0.32851376680800753,0.02358910201596618,181996.96643882457,0.6522741758131555,1.4450528868074923,0.10168877115982404,1.4052959417126007,0.0,0.2026479708563004,0.570346831211022,0.8105918566385905,0.8301055163145066,0.015385029027651754,0.8105918834252016,4.8606168627044845e-08,0.0,1.0141491914788883,22200,22073
pretrain,,926,-0.09873225944051375,0.023541923811934245,103386.1119179771,0.5012483976870065,1.4457974913663096,0.10957029664675483,1.3972563708555839,0.0,0.19862818542779204,0.5736170538834162,0.7945127139488856,0.8178595811128616,0.018285092299350478,0.794512741711168,5.472628844538363e-08,0.0,0.9498526429136595,22224,22097
pretrain,,927,-0.1790427512521261,0.02349483996431038,94961.24501810089,0.6684638297273998,1.5211525402697061,0.10498464914282085,1.3932627472316934,0.0,0.1966313736158468,0.5658631367342812,0.7865254804491997,0.8101834148168564,0.01764170810456029,0.7865254944633869,6.741001490340182e-08,0.0,0.9405854741732279,22248,22121
pretrain,,928,-0.02351824457418382,0.023447850284381757,110274.19182705709,0.6392244492391391,1.581380812956818,0.09723979101147101,1.3995975644460745,0.0,0.19979878222303737,0.5730288667338235,0.7991951132814089,0.8182747215032578,0.015815915177932693,0.7991951288921492,6.013682912753282e-08,0.0,0.9798168912529945,22272,22145
pretrain,,929,0.199278110977821,0.023400954583812996,150025.63673438373,0.7432081579629864,1.5765785195465594,0.11180761993892006,1.3965185697500904,0.0,0.1982592848750452,0.5825602939086301,0.7930371264616648,0.8190941095352173,0.01748486626496917,0.7930371395001807,5.96933420841476e-08,0.0,0.9920291230082512,22296,22169
pretrain,,930,-0.05506048407356953,0.02335415267464537,107584.18342916726,0.6099871404779453,1.7262763447527367,0.10462985215302234,1.3930421309723033,0.0,0.19652106548615156,0.5526186738695418,0.7860842645168304,0.8085491895675659,0.015765257416781125,0.7860842619446062,4.851747128128044e-08,0.0,1.0082984218994777,22320,22193
pretrain,,931,0.17935877608950407,0.02330744436929608,142944.49987314723,0.9639577258910451,1.6340952646253362,0.10089084308088812,1.4073192380546107,0.0,0.20365961902730523,0.5773356024708067,0.8146384606758753,0.8330437421798706,0.012780226491403656,0.8146384761092209,6.563606715544641e-08,0.0,0.9948908115426699,22344,22217
pretrain,,932,0.0807149231531474,0.023260829480557483,125357.54067608672,0.8388845674427493,2.0036948974909516,0.10130567556047491,1.4062113418642965,0.0,0.20310567093214818,0.5771423993366105,0.8124226580063502,0.8354835838079453,0.015581448771001729,0.8124226837285926,5.179927451785341e-08,0.0,0.9661136840780576,22368,22241
pretrain,,933,0.021169265790459874,0.02321430782159637,115552.11821075794,0.7917122852190266,1.6028551368042823,0.09451698009117936,1.3995346553357582,0.0,0.19976732766787922,0.5431921458137887,0.7990692704916,0.8228355020284652,0.01777409989733581,0.7990693106715168,6.395081680876658e-08,0.0,0.9923990145325661,22392,22265
pretrain,,934,-0.024905949989532414,0.023167879205953177,110911.74606489258,0.9752364982739978,2.036977899021336,0.10274015866059262,1.3994496159832037,0.0,0.1997248079916019,0.5792033134826592,0.7988991886377335,0.8277457773685455,0.02130741627539692,0.7988992319664074,6.266470461054514e-08,0.0,0.9736301004886627,22416,22289
pretrain,,935,0.11967206388551746,0.023121543447541273,129020.94301135726,0.6164026152165163,1.530995075617517,0.08771664093025679,1.406508574350959,0.0,0.20325428717547941,0.5718138058270728,0.8130171274145445,0.8253450125455857,0.013864621504369928,0.8130171487019174,5.4105406747477027e-08,0.0,0.9831302613019943,22440,22313
pretrain,,936,-0.1049319697005703,0.02307530036064619,101901.3302772949,0.49703549408531256,1.4024188711707077,0.10299209330019517,1.396266644576653,0.0,0.19813332228832659,0.5724687033465929,0.7925332660476366,0.8157333821058274,0.019787431152331836,0.7925332891533063,7.863023450867719e-08,0.0,0.9241150443752607,22464,22337
pretrain,,937,-0.3264003669806791,0.023029149759924896,82750.53576789593,0.6383911439306326,1.7328746567879394,0.09829081386817658,1.3897287459777932,0.0,0.19486437298889672,0.5791445528822285,0.7794574821988741,0.8078283458948136,0.02479484113154407,0.7794574919555868,6.315254030830886e-08,0.0,0.9500976428389549,22488,22361
pretrain,,938,-0.1717098543164779,0.022983091460405045,94519.39545838058,0.5004533447901762,1.0544901231835995,0.09477161654221777,1.4006442280397529,0.0,0.20032211401987646,0.5707491641598088,0.8012884383400282,0.8371349275112152,0.02253689236852277,0.8012884560795057,5.88950657132159e-08,0.0,0.9559830824534098,22512,22385
pretrain,,939,0.23226649640322097,0.022937125277484236,150852.77245333733,0.5432207454661173,1.5094503136883883,0.08736292603759425,1.3848836924880743,0.0,0.19244184624403718,0.575014166533947,0.7697673688332239,0.7937185972929001,0.015709186147801226,0.7697673849761486,5.268624843809041e-08,0.0,0.9734687755505244,22536,22409
pretrain,,940,0.14282275588787463,0.02289125102692927,133263.33586658872,0.5980163498205088,1.4929604064673174,0.08898608462443841,1.3927066017917935,0.0,0.19635330089589673,0.5664125601095813,0.78541316340367,0.8175569593906402,0.021764260683445658,0.7854132035835866,6.32412376910807e-08,0.0,0.9990160837769508,22560,22433
pretrain,,941,0.3944397544249175,0.022845468524875408,205357.77102096615,0.8656764496339573,1.8586738477594082,0.09883767781270993,1.3932977929445247,0.0,0.1966488964722625,0.5743647574314049,0.7865955879290899,0.8075595527887345,0.01691767004242591,0.7865955858890499,6.199947420274891e-08,0.0,0.9641693159937859,22584,22457
pretrain,,942,0.2989283196350175,0.02279977758782566,173289.63237227083,0.7778231618881581,1.7408130398818422,0.10333592698194066,1.4077075466158846,0.0,0.20385377330794222,0.5718559548258781,0.8154150570432345,0.8326519012451172,0.013080961650864555,0.8154150932317689,5.7298512712300465e-08,0.0,0.9743302688002586,22608,22481
pretrain,,943,-0.12533427039604475,0.022754178032650008,99291.5135102424,0.6686645873400958,1.1991249934903212,0.09849904335275846,1.3957385178877129,0.0,0.19786925894385646,0.5804784872702189,0.7914770071705183,0.8192097008228302,0.01753637014497888,0.7914770357754258,5.423845269210877e-08,0.0,0.9700169463952383,22632,22505
pretrain,,944,0.40642695357572656,0.022708669676584706,220357.25237389567,0.8213551513895038,1.7149915051779572,0.1164704332830336,1.38902547955513,0.0,0.194512739777565,0.5782359838485718,0.7780509243408839,0.7917104244232178,0.014849499870551772,0.77805095911026,6.049161865862018e-08,0.0,0.9702740237116814,22656,22529
pretrain,,945,-0.09367068946083801,0.022663252337231536,103530.38678230556,0.6489287179096469,1.3963268223617757,0.10647557932408717,1.4010648485273123,0.0,0.20053242426365614,0.5549813511648348,0.8021296560764313,0.8239049732685089,0.01694937173282343,0.8021296970546246,5.924985517028839e-08,0.0,0.9655783797303835,22680,22553
pretrain,,946,-0.3389184118823896,0.022617925832557072,82672.95734208231,0.5592520239519044,1.0072812538594005,0.1077775318338462,1.3994920939606217,0.0,0.19974604698031076,0.5486446666930402,0.7989841625094414,0.8136601150035858,0.010673823879553963,0.7989841879212429,6.665608713133746e-08,0.0,0.9799055730303129,22704,22577
pretrain,,947,0.24845288793903073,0.022572689980891958,161129.67625146906,0.6907011163199231,1.5515368492475565,0.10910747658294974,1.3982931785728958,0.0,0.199146589286448,0.5729690215417317,0.7965863198041916,0.8284290969371796,0.021277446869308103,0.796586357145792,5.898376302197287e-08,0.0,1.0281660954157512,22728,22601
pretrain,,948,0.06649910012593184,0.022527544600930174,123279.47291358607,0.6725697304743031,1.5169021380799157,0.10194654027685619,1.3925247018535931,0.0,0.19626235092679659,0.5824435810957636,0.7850493888060252,0.806942018866539,0.017218444843859107,0.7850494037071863,6.315254028980515e-08,0.0,0.9860493342081705,22752,22625
pretrain,,949,0.1745318078831487,0.022482489511728317,142529.32694313463,0.5219170911281946,1.2098648203270777,0.10321516639182736,1.3917400664428161,0.0,0.19587003322140806,0.5600229480436869,0.7834801202019056,0.8123000919818878,0.02711514149662598,0.7834801328856319,5.5435867470550924e-08,0.0,1.0163956508040428,22776,22649
pretrain,,950,0.02843359437394858,0.02243752453270486,115900.25825567065,0.6875283705691496,1.162852226729904,0.090629632138721,1.3784612745844893,0.0,0.18923063729224462,0.5406358204782009,0.75692251821359,0.7800397217273712,0.01575788971517577,0.7569225491689785,5.614544662524423e-08,0.0,1.025779018799464,22800,22673
pretrain,,951,0.2715240386128755,0.02239264948363945,165830.92177552928,1.2058594260985653,1.75388249744262,0.10454343066921128,1.3998544861429505,0.0,0.19992724307147522,0.5711349105196339,0.7997089475393295,0.822893500328064,0.02081240951092171,0.7997089722859009,5.809678917575075e-08,0.0,1.0103986784815788,22824,22697
pretrain,,952,0.062042422471250934,0.022347864184672172,123360.27124304211,0.6030630272303131,1.1025332335116607,0.1061031847351415,1.4031135492204199,0.0,0.20155677461021004,0.5404653048941067,0.8062270705898603,0.8249447345733643,0.015613616105944132,0.8062270984408402,7.23770686716918e-08,0.0,0.9851879850029945,22848,22721
pretrain,,953,0.17625700683744755,0.022303168456302827,143219.27889371084,0.6764245554583059,1.4296427781294498,0.10459414410628111,1.3901437403900283,0.0,0.19507187019501418,0.5476236327418259,0.780287447075049,0.8002908885478973,0.019361357588748223,0.7802874807800565,5.463759100710064e-08,0.0,0.9943497156103452,22872,22745
pretrain,,954,0.12150602479370545,0.022258562119390223,132000.26448044673,0.5564209764512876,1.4446601546236446,0.10076644628032964,1.396563836462086,0.0,0.19828191823104305,0.5796244128474167,0.7931276286641756,0.8176572889089584,0.014265222110738777,0.7931276729241724,7.24657660174562e-08,0.0,0.9403166646758715,22896,22769
pretrain,,955,0.012223609307077356,0.02221404499515144,114817.15075478567,0.5649216047465978,1.4948248547634906,0.09735530706888085,1.3991524109040343,0.0,0.19957620545201715,0.5699613701019968,0.7983047838012377,0.8200231194496155,0.014321236525900881,0.7983048218080686,6.071336204153492e-08,0.0,0.9280413414041201,22920,22793
pretrain,,956,0.047841850158001624,0.022169616905161137,118884.52968453156,0.7794780063642456,1.3295758661414894,0.09250484387580772,1.395969760094193,0.0,0.19798488004709638,0.5839060513036591,0.7919394870599111,0.8105803489685058,0.015360605618080446,0.7919395201883855,4.9803583405487e-08,0.0,1.002798321346442,22944,22817
pretrain,,957,0.23941650579269003,0.022125277671350814,158199.36593862338,0.8328345872328748,1.5216740133506907,0.10705809094321378,1.3999904741400055,0.0,0.19999523707000275,0.5582753920129366,0.7999809309840202,0.8226507306098938,0.014667771125603959,0.7999809482800108,5.4371498858785117e-08,0.0,0.9823493038614591,22968,22841
pretrain,,958,-0.08223677733846188,0.022081027116008112,102823.35360436165,0.6591294070129239,1.813192011628831,0.0914125572688238,1.4007655665988015,0.0,0.20038278329940065,0.5579892875892776,0.801531101266543,0.8281198352575302,0.017631049769791254,0.8015311331976026,6.208817162252818e-08,0.0,0.998160739739736,22992,22865
pretrain,,959,-0.22481174423013026,0.022036865061776097,90977.14023858424,0.5610161686449179,1.1732938385967695,0.10469543769195862,1.398727482317814,0.0,0.19936374115890695,0.5684996226004191,0.7974549556771914,0.8304067075252533,0.02100812682420894,0.7974549646356276,6.111250035652678e-08,0.0,0.9757450471321741,23016,22889
pretrain,,960,0.04093351754492531,0.021992791331652543,121262.20061754726,0.7158648575700465,1.937886025809814,0.11200599553440016,1.4017806520596858,0.0,0.20089032602984283,0.5709475901510035,0.8035612677534422,0.8298776000738144,0.01688443406759179,0.8035613041193713,5.162187990033947e-08,0.0,0.9898664653301239,23040,22913
pretrain,,961,0.05360926801185264,0.021948805748989237,120246.82698331258,0.7856565126705738,1.5707575206511786,0.09563996374657263,1.3956345077604055,0.0,0.19781725388020277,0.5620974919625691,0.791268989443779,0.828120070695877,0.021710619996401153,0.7912690155208111,6.865177835472618e-08,0.0,1.029201256732146,23064,22937
pretrain,,962,0.019699243189993908,0.02190490813749126,117337.6758419797,0.472048194568959,1.2006184834454738,0.1067163091649543,1.3922338155763487,0.0,0.1961169077881745,0.5690816129956926,0.7844676077365875,0.8034749299287796,0.016533850888905063,0.7844676311526979,4.488087832858293e-08,0.0,0.938627598186334,23088,22961
pretrain,,963,-0.23862273769351794,0.021861098321216278,89581.79803713552,0.44116460765889354,0.8907545091850416,0.10193711382940045,1.39185079637294,0.0,0.19592539818647006,0.5772853046655655,0.7837015812595686,0.8141725987195968,0.02176643813478242,0.7837015927458802,5.6367190137684986e-08,0.0,0.9589190060893694,23112,22985
pretrain,,964,0.05260367774793169,0.021817376124573844,121654.22812557648,0.6783360818933163,1.385421811789274,0.10449539751328862,1.395569683096948,0.0,0.19778484154847406,0.5689362298165048,0.7911393269896507,0.8267015308141709,0.022100041968645755,0.7911393661938962,7.0425726139689e-08,0.0,0.9874990085760752,23136,23009
pretrain,,965,0.18270248568751127,0.021773741372324695,144213.92078205085,0.791130631519038,1.695713228413036,0.1032359826265117,1.405436295705537,0.0,0.2027181478527685,0.5790166838892868,0.8108725746472677,0.834988710284233,0.018176038078507484,0.810872591411074,5.9338552682586254e-08,0.0,0.9964886258045832,23160,23033
pretrain,,966,0.11494951178832083,0.02173019388958005,130390.72301927688,0.7268891264130138,1.3786424863152202,0.09843730130125743,1.4011103678938177,0.0,0.20055518394690897,0.5791664677006858,0.8022207195560137,0.8194793134927749,0.013832952864437675,0.8022207357876358,5.561326232861319e-08,0.0,0.9660996794700623,23184,23057
pretrain,,967,0.021660787265958836,0.02168673350180089,116187.71223346746,1.0020561625050115,2.0519817181995936,0.09805250094196283,1.4001634406768495,0.0,0.20008172033842478,0.5695047431758471,0.8003268589576086,0.8283043086528777,0.017276280801582257,0.8003268813536991,6.399516548164878e-08,0.0,1.0251267155011494,23208,23081
pretrain,,968,0.06750291852095677,0.021643360034797283,124984.54076722097,0.42556185145596315,0.9496564157972376,0.11033177512630382,1.3927014687409003,0.0,0.19635073437045017,0.5576962221946036,0.7854029138882955,0.8013284981250763,0.012988895514457732,0.7854029374818007,5.153318251756763e-08,0.0,0.9368688985705376,23232,23105
pretrain,,969,0.01864495700611634,0.02160007331472769,116595.06340292159,0.5229855106389594,1.237660362731133,0.10307149832474054,1.4014384710185583,0.0,0.20071923550927925,0.5849044919013977,0.8028769095738729,0.8241703540086747,0.015963518072637246,0.802876942037117,5.7653302206380395e-08,0.0,0.9806009605526924,23256,23129
pretrain,,970,0.024603131272747644,0.021556873168098234,118417.12925652757,0.6247281288240282,1.4637228442622077,0.10910370525099149,1.402901765402584,0.0,0.20145088270129188,0.5857828940664018,0.8058035125335058,0.8221065521240234,0.014594733762624787,0.8058035308051675,7.024833128162673e-08,0.0,0.9537280301253,23280,23153
pretrain,,971,0.25323568996123197,0.02151375942176204,162999.56706268515,0.7617446448143926,1.6581019827829937,0.11105479003015888,1.3949793594711946,0.0,0.19748967973559742,0.582130981343133,0.789958710471789,0.8210766911506653,0.02542816566090356,0.7899587189423896,6.674478456962045e-08,0.0,0.9830851803223292,23304,23177
pretrain,,972,0.24023949393302355,0.021470731902918518,160676.69174308283,0.562250520701387,1.3268938561635357,0.11449391732140975,1.3896355555348452,0.0,0.19481777776742262,0.5743591061660221,0.7792710810899734,0.8009831964969635,0.01878029107913214,0.7792711110696907,8.160159703507475e-08,0.0,0.9285285895069441,23328,23201
pretrain,,973,0.14233221141431338,0.021427790439112675,136401.04054771355,0.39095556480987437,0.8555938051747422,0.10377962623509718,1.3928628069171236,0.0,0.19643140345856192,0.5705518025372709,0.7857255836327871,0.8181202441453934,0.01900721525264386,0.7857256138342477,6.026987516468314e-08,0.0,0.9691685487826666,23352,23225
pretrain,,974,-0.1252611471852183,0.021384934858234454,98833.38163720103,0.5274397644569122,1.3330479937206423,0.09454771434103688,1.3973755924297226,0.0,0.19868779621486155,0.5659098079694169,0.794751172264417,0.8175400406122207,0.01618891628739182,0.7947511848594461,5.055751123306251e-08,0.0,0.9301845182975134,23376,23249
pretrain,,975,-0.15408369950282952,0.021342164988517983,97571.18989471863,0.6409937621515599,1.2504918972828558,0.10765916841668266,1.4024626785179688,0.0,0.20123133925898448,0.575413814080613,0.8049253424008688,0.8262044042348862,0.01579683023209649,0.8049253570359376,5.587935438441013e-08,0.0,0.9569280445575714,23400,23273
pretrain,,976,0.3991404502701961,0.021299480658540947,200854.1664427122,0.8060894947543386,1.4245336051498139,0.08582157051420924,1.4004864274036317,0.0,0.20024321370181586,0.540592122823,0.8009728218118349,0.8239726126194,0.015594741868397193,0.8009728548072633,4.239735151845281e-08,0.0,1.037566877901554,23424,23297
pretrain,,977,0.11541092217294718,0.021256881697223864,130808.53144127397,0.6600820471843084,1.5476803578968557,0.10009412247065701,1.3936989888371458,0.0,0.19684949441857283,0.5757973790168762,0.78739795088768,0.8191850215196609,0.016568014250161182,0.7873979776742912,5.995943434348543e-08,0.0,0.9835640316208204,23448,23321
pretrain,,978,0.38606575540399685,0.021214367933829418,207081.66463613027,0.7618081066313954,1.4908339596486513,0.10919414085478653,1.3959455688794453,0.0,0.1979727844397227,0.5596971362829208,0.7918911005059878,0.8149084210395813,0.017048887453263786,0.7918911377588908,6.971614704050684e-08,0.0,0.9783515880505244,23472,23345
pretrain,,979,-0.05721463292082307,0.02117193919796176,105938.41832898116,0.6408719209222389,1.276926093016352,0.09439167769321981,1.4069002776938893,0.0,0.20345013884694452,0.568853388939585,0.813800518711408,0.8409050583839416,0.01704135619151141,0.813800555387778,7.3219693826528e-08,0.0,0.94781876852115,23496,23369
pretrain,,980,0.198675250888692,0.021129595319565837,148565.85560633492,0.8334580026788725,1.6434184494827473,0.10685214811812649,1.3949762533108394,0.0,0.19748812665541968,0.5802880035979407,0.7899524991710981,0.810374641418457,0.018671276293999468,0.7899525066216787,6.08464081341964e-08,0.0,1.016074111064275,23520,23393
pretrain,,981,-0.0012278369279416917,0.021087336128926704,112727.75577616482,0.7728695411767279,1.4357738216806732,0.09511238668864448,1.4022984623554207,0.0,0.2011492311777104,0.5758689647274358,0.8045968984564146,0.8206495046615601,0.016456838191303846,0.8045969247108413,5.375061716087851e-08,0.0,0.9752812633911768,23544,23417
pretrain,,982,0.2286470926555284,0.021045161456668852,154893.44125614205,0.7813280472044078,1.3825297312544924,0.10478981595109416,1.4054763936215924,0.0,0.2027381968107962,0.5867032994117056,0.8109527677297592,0.8298900574445724,0.015714953814144998,0.8109527872431844,5.712111790974935e-08,0.0,0.9919521287083626,23568,23441
pretrain,,983,0.20927658664299784,0.021003071133755512,149428.6883563805,0.7051916810284767,1.722786063913788,0.1012565631937304,1.4007442365178748,0.0,0.20037211825893753,0.5754816431019987,0.8014884615937868,0.8360466718673706,0.022475029191455487,0.8014884730357498,4.638873405774883e-08,0.0,0.9587974697351456,23592,23465
pretrain,,984,0.2354875980192799,0.020961064991488004,157617.03214551054,0.8252322503055135,2.1312692892338534,0.1083860013920274,1.390030735549295,0.0,0.19501536777464765,0.5539967965866839,0.7800614535808563,0.8157605528831482,0.02491095261644931,0.7800614710985906,5.2996689351806715e-08,0.0,0.9737062330047289,23616,23489
pretrain,,985,0.07496495390772527,0.020919142861505025,122664.35813692633,0.40370146939087476,0.9347270961850879,0.0915019270718402,1.3854784996559222,0.0,0.19273924982796117,0.5815381365162986,0.7709569608171781,0.7969165593385696,0.015811962574765297,0.7709569993118445,5.694372316270938e-08,0.0,1.0232582588990529,23640,23513
pretrain,,986,-0.34441219108618365,0.020877304575782015,81603.91905001749,0.6195514193691668,1.294267841827656,0.09915070791823184,1.403856593184173,0.0,0.20192829659208655,0.5797556063958577,0.807713141043981,0.8306554734706879,0.017527289171019037,0.8077131863683462,6.909526528708909e-08,0.0,0.9262284760673841,23664,23537
pretrain,,987,0.2440601847569929,0.02083554996663045,155015.82799780107,0.6315113901648494,1.6721932218010929,0.09237033296498413,1.3962676053245862,0.0,0.1981338026622931,0.5480028997574533,0.7925352156162262,0.815170407295227,0.017093348460762207,0.7925352106491724,5.960464486790921e-08,0.0,1.0213691691557567,23688,23561
pretrain,,988,-0.40337907431619424,0.02079387886669719,78452.39913407594,0.4567997627669857,1.0425539199262852,0.10726733010639282,1.402087432864521,0.0,0.20104371643226063,0.5836884400674275,0.8041748578349749,0.8202640086412429,0.011359620800301274,0.8041748657290425,5.69437231812131e-08,0.0,0.92116001000007,23712,23585
pretrain,,989,0.050017009262104686,0.0207522911089638,119205.17630208646,0.7203497360903947,1.4337023009146956,0.09257770443719675,1.4030061743355224,0.0,0.20150308716776114,0.5802546691681658,0.8060123299558958,0.8257548034191131,0.013588512439011446,0.8060123486710445,4.2131259314626135e-08,0.0,1.0090925792853038,23736,23609
pretrain,,990,-0.012703714811077117,0.02071078652674587,111010.74236025446,0.36819775901468743,1.0097347938056496,0.09324166073237772,1.4006086154619144,0.0,0.20030430773095717,0.572358847196613,0.8012172182401022,0.8233598589897155,0.013879134957182394,0.8012172309238285,5.650023624885018e-08,0.0,0.9842392827073733,23760,23633
pretrain,,991,-0.08701732974307108,0.020669364953692378,103385.97957470462,0.684014230323512,2.102790756896136,0.09980682342924983,1.3927954396765145,0.0,0.19639771983825738,0.5917769457612718,0.7855908423662186,0.8207846462726592,0.020971702037977828,0.7855908793530294,5.366191974109924e-08,0.0,0.9421314870317777,23784,23657
pretrain,,992,0.03796384184890575,0.020628026223784995,119566.5856517055,0.51794413023717,1.1950251350179313,0.10473507726331455,1.402215473575606,0.0,0.20110773678780314,0.5788824670016766,0.8044309392571449,0.8359594732522965,0.018080779913998646,0.8044309471512124,6.61682514890849e-08,0.0,0.9382996981342634,23808,23681
pretrain,,993,0.009690701784683892,0.02058677017133742,115716.66231182076,0.44439512449094937,1.051540966385177,0.10510793025430322,1.3963709178691108,0.0,0.19818545893455544,0.5710482533488954,0.7927418053150177,0.8096462100744247,0.015619416392286757,0.7927418357382218,6.18220794187015e-08,0.0,0.9842775488893191,23832,23705
pretrain,,994,0.28556536202326593,0.02054559663099475,167169.94394808263,0.6851729347947098,1.190243852990014,0.09686748469955357,1.4075981427338864,0.0,0.20379907136694309,0.5731316762311118,0.8151962831616402,0.830875688791275,0.015281444956027674,0.8151962854677723,5.605674922396867e-08,0.0,0.9950870126485825,23856,23729
pretrain,,995,0.23753130317822352,0.02050450543773276,154115.32400543452,0.7090986388558078,1.2402812341494218,0.09466996207588958,1.4067845770290919,0.0,0.20339228851454602,0.5812996051141194,0.8135691235462824,0.8315813779830933,0.01881465244401181,0.8135691540581839,4.0091219344340345e-08,0.0,1.0210214331746101,23880,23753
pretrain,,996,0.11387422756879154,0.020463496426857294,129728.34948259998,0.8287056392679611,1.9399469709289923,0.09607019816885774,1.4008822958206846,0.0,0.20044114791034237,0.577738166387592,0.8017645925283432,0.8239245474338531,0.017549616170716768,0.8017645916413692,4.949314252877812e-08,0.0,0.9527417992552122,23904,23777
pretrain,,997,0.25391823781086076,0.020422569434003578,159620.92947602647,0.7019141390697943,1.3947680290256228,0.09966458454836351,1.3980565608168642,0.0,0.1990282804084321,0.5835179707833699,0.7961131061116854,0.8180424124002457,0.015019208750249041,0.7961131216337284,5.614544655122936e-08,0.0,0.9804624368747076,23928,23801
pretrain,,998,0.1554265336433171,0.02038172429513557,136909.21197757733,0.6124201889282891,1.2839498043592483,0.0951353547258273,1.396107956634036,0.0,0.19805397831701807,0.5812433415225573,0.7922158911824226,0.8208127200603486,0.021013767037221864,0.7922159132680723,6.536997502563462e-08,0.0,1.011290078361829,23952,23825
pretrain,,999,0.07925232881224256,0.020340960846545297,124581.39307926293,0.5438537445096743,1.3246479228405013,0.0983829874023281,1.3953955411644918,0.0,0.19769777058224594,0.5676630086132458,0.7907910495996475,0.8132879346609115,0.016015968932675356,0.7907910823289838,8.027113618247483e-08,0.0,0.9319992189606031,23976,23849
pretrain,,1000,-0.06405897495117654,0.02030027892485221,106500.28314663119,0.7823776570592252,1.8219794153102795,0.10424527931905203,1.399572794857834,0.0,0.19978639742891705,0.5802387009773935,0.7991455669204394,0.8152322173118591,0.00965043987380062,0.7991455897156682,5.5081077976470993e-08,0.0,1.0021548022826512,24000,23873
finetune_selection,1,1,0.07297909699327267,0.05,124696.98328245226,0.6748436476392228,1.3971039768574494,0.10423073620918748,1.3986999352373892,0.0,0.1993499676186946,0.577775239944458,0.7973998462160429,0.8245780020952225,0.01857959984333699,0.7973998704747784,5.7520256113718915e-08,0.0,0.9608723471562067,24024,23873
finetune_selection,1,2,0.2870521912421887,0.04975,169485.57068728635,0.9081789990665302,2.186128095803515,0.10243923299331535,1.3920060445864995,0.0,0.19600302229324976,0.5757677597658974,0.7840120817224184,0.8159199327230453,0.022912343015070998,0.7840120891729989,5.9604644719879474e-08,0.0,0.9722761983672777,24048,23873
finetune_selection,1,3,0.15435970986815803,0.049501250000000004,138071.56478183446,0.7435039915587932,1.753956507891416,0.10114850058342599,1.39675466106495,0.0,0.1983773305324749,0.5775498683963503,0.7935092896223068,0.8201715737581253,0.021351035433032378,0.7935093221298996,5.5480216217447996e-08,0.0,0.9655602127313614,24072,23882
finetune_selection,1,4,0.003094855830716524,0.04925374375,115275.18244182417,0.8291429849008897,1.3786089104999388,0.10784644517071178,1.3884136411361396,0.0,0.19420682056806982,0.56403523071536,0.7768272707859675,0.8157519668340683,0.026269801660667107,0.7768272822722793,3.79181334109191e-08,0.0,0.9732828785975774,24096,23906
finetune_selection,1,5,0.26543655509194836,0.04900747503125,163935.00311305712,0.9678852492056432,1.9997598299490547,0.10380465957015284,1.39467082350027,0.0,0.197335411750135,0.5757546302463328,0.7893416037162145,0.826081445813179,0.026926885490416434,0.7893416470005398,5.0025326825409167e-08,0.0,0.9918080096443495,24120,23930
finetune_selection,1,6,-0.08041789889695562,0.048762437656093754,103491.42738907677,0.6194751910044856,1.113367829964097,0.09512857595713696,1.3997789412027313,0.0,0.19988947060136572,0.5643349795469216,0.7995578671495119,0.8295907735824585,0.020108299312478636,0.7995578824054629,6.448300114240506e-08,0.0,1.0152555629611015,24144,23954
finetune_selection,1,7,0.2548305293471223,0.048518625467813284,161185.96663231583,0.8803150851412543,1.8103677675127974,0.10397338889697123,1.3963104180015977,0.0,0.19815520900079894,0.5704195534012146,0.7926208029190699,0.8416616678237915,0.03035678653667117,0.7926208360031956,4.922705036195888e-08,0.0,1.015038954714934,24168,23978
finetune_selection,1,8,0.15902496947742845,0.048276032340474215,139346.416700052,0.8118301260152033,1.7297133016799167,0.10278255590485523,1.3948034546559764,0.0,0.19740172732798825,0.566284351583038,0.7896068692207336,0.8445336073637009,0.03192699144611543,0.7896069093119529,5.162187978931717e-08,0.0,1.0147161756952603,24192,24002
finetune_selection,1,9,0.17864388143711088,0.04803465217877184,142650.98213124307,0.715995435481004,1.6002723782722437,0.10028705922676069,1.3997275172954513,0.0,0.19986375864772574,0.5590415027524744,0.7994550143678983,0.8489869475364685,0.032535862336228655,0.799455034590903,5.5347170106282796e-08,0.0,1.0045681993166606,24216,24026
finetune_selection,1,10,-0.024710862363434366,0.04779447891787798,106882.20507838349,0.41268585992622225,0.922792190685868,0.07425118560967581,1.4126191666527166,0.0,0.20630958332635818,0.5347091036715678,0.8252383098006248,0.8486943989992142,0.016225047745688278,0.8252383333054327,6.430560633985394e-08,0.0,1.0456095859408379,24240,24050
finetune_selection,1,11,0.2891592727438102,0.0475555065232886,169001.26389087166,0.7448120075499727,1.6123371157263,0.09927431343749615,1.3927125622562706,0.0,0.1963562811281355,0.5488228803234441,0.7854250967502594,0.8262178122997283,0.023602659500048917,0.7854251245125418,4.6566128675262775e-08,0.0,1.0209098309278488,24264,24074
finetune_selection,1,12,-0.019598161502053305,0.04731772899067215,107286.09154815855,0.4501792009077256,0.9135116167898688,0.07292574431723248,1.4009792839309998,0.0,0.20048964196549993,0.5589520904634679,0.8019585361083349,0.8335028976202011,0.02271821662356024,0.8019585678619997,5.516977530373168e-08,0.0,1.0230314483245213,24288,24098
finetune_selection,1,13,0.030304085381625684,0.04708114034571879,117388.06300925213,0.7200812722245852,1.4455895687985634,0.09818378441047286,1.386890561785549,0.0,0.19344528089277446,0.5426918970687049,0.773781123260657,0.7948680013418198,0.018912161211423036,0.7737811235710979,5.4149755475870385e-08,0.0,1.0084008400638897,24312,24122
finetune_selection,1,14,-0.00853835746634779,0.046845734643990194,109798.65539727718,0.48012654912391944,1.1159057856138257,0.08148366000428657,1.3999552425839716,0.0,0.19997762129198585,0.5592188217810221,0.7999104609092077,0.8325380802154541,0.035828704566872954,0.7999104851679432,6.417256024719246e-08,0.0,1.0061950907111168,24336,24146
finetune_selection,1,15,0.1377145112170471,0.046611505970770246,133469.01263414547,0.7206080067858455,1.3564316049218177,0.09420659084599246,1.3993091894579786,0.0,0.19965459472898928,0.5395675950816698,0.798618366320928,0.8230979442596436,0.018796109760959825,0.798618378915957,5.002532680690545e-08,0.0,1.004595120747884,24360,24170
finetune_selection,1,16,0.04822332751445075,0.046378448440916396,116922.34018387152,0.4038610835892282,0.9670674708272721,0.08042343791103546,1.3938337598395136,0.0,0.1969168799197568,0.5700864355478967,0.7876675104101499,0.8343840539455414,0.036178821580590444,0.7876675196790268,5.7342861403686385e-08,0.0,1.0022175932923953,24384,24194
finetune_selection,1,17,0.014428485155123391,0.04614655619871181,113362.85424067634,0.43214265109660727,1.0050547308953737,0.08620695655904435,1.3924362654132503,0.0,0.1962181327066251,0.5675792183194841,0.7848725219567617,0.8286784470081329,0.03875620754735333,0.7848725308265004,5.3928011981933345e-08,0.0,0.9898949538667997,24408,24218
finetune_selection,1,18,0.022693215417275585,0.04591582341771825,115043.63077934827,0.3667279104591303,0.9891860970429001,0.09005946120515164,1.3857900047275635,0.0,0.19289500236378188,0.5669544988444872,0.7715799982349077,0.8171280145645141,0.03775749229227485,0.7715800094551274,4.164342363536614e-08,0.0,0.9782709752519926,24432,24242
finetune_selection,1,19,0.35575723518470875,0.04568624430062966,192903.6865920481,0.8208003547486094,1.660625009025846,0.10487446188826159,1.3999008371583408,0.0,0.1999504185791704,0.5751208700239658,0.7998016228278478,0.8245473831892013,0.015829159040462084,0.7998016743166815,6.204382289413483e-08,0.0,1.0003269538283348,24456,24266
finetune_selection,1,20,0.02982092350221119,0.04545781307912651,117398.4500118241,0.6362551810064663,1.0939458742737769,0.09864922842780006,1.3968647982747784,0.0,0.1984323991373891,0.5836516107831682,0.793729563554128,0.8182943105697632,0.01742671917107573,0.7937295965495563,5.960464484940549e-08,0.0,0.9892042229572932,24480,24290
finetune_selection,1,21,0.2303883865223187,0.04523052401373088,155730.6805192773,0.6834522480411188,1.4508255952703097,0.10623115622979251,1.397374886442863,0.0,0.19868744322143142,0.556542217997568,0.7947497268517812,0.8218024462461472,0.019434002260564073,0.7947497728857256,5.339582757428e-08,0.0,0.9755736837784449,24504,24314
finetune_selection,1,22,0.31837693979730586,0.04500437139366223,180418.77632727197,0.791490984127103,1.5446517089647904,0.10613085338625412,1.3967199544200586,0.0,0.1983599772100293,0.5710279856409346,0.7934398874640465,0.8227089822292327,0.015608820053729105,0.7934399088401168,6.838568622491437e-08,0.0,0.9741217270493507,24528,24338
finetune_selection,1,23,-0.1491849072503183,0.044779349536693915,97164.79854634308,0.44965247245549805,1.1491086834908586,0.10000466715588789,1.3983168497548573,0.0,0.1991584248774286,0.5643827239317554,0.7966336806615194,0.8292160928249359,0.029404776448188143,0.7966336995097144,4.8827912102478166e-08,0.0,0.9448441863059998,24552,24362
finetune_selection,1,24,0.016504953087744155,0.04455545278901044,116501.7203888253,0.633576135650011,1.2334973575281243,0.10428218649553837,1.3967557764346044,0.0,0.1983778882173023,0.5822384373417921,0.7935115198294321,0.820492273569107,0.020700592759723642,0.7935115528692092,6.958310096634908e-08,0.0,0.969840278228124,24576,24386
finetune_selection,1,25,0.23329479990288074,0.044332675525065396,156434.91237896346,0.9088923951854841,1.6340212480298106,0.10621808826890448,1.4002413512651053,0.0,0.20012067563255276,0.5713129051561867,0.8004826853672663,0.8153013050556183,0.012440326988455158,0.8004827025302109,5.920550655291734e-08,0.0,0.9933793544769287,24600,24410
finetune_selection,1,26,0.19067300051593805,0.044111012147440065,146043.22163494225,0.7182668793525191,1.5550715137006976,0.10383183232266675,1.3996520385456581,0.0,0.1998260192728291,0.5588730509792055,0.7993040457367897,0.8311611920595169,0.021182044304106074,0.7993040770913163,5.592370307579605e-08,0.0,0.9679636582732201,24624,24434
finetune_selection,1,27,0.2902974694526067,0.04389045708670286,171012.6457090734,0.8376247360415402,1.6547576458326403,0.10412537684340623,1.398306096815282,0.0,0.19915304840764123,0.571904830634594,0.7966121559341749,0.8187313497066497,0.016887070473229866,0.7966121936305647,5.4016709309194035e-08,0.0,0.9798259610931078,24648,24458
finetune_selection,1,28,0.01902266979859138,0.04367100480126935,115243.50947108606,0.322087304067931,1.1089052843462137,0.09437458635693811,1.3931973796958725,0.0,0.19659868984793624,0.5656817379806722,0.7863947028915087,0.8380275726318359,0.031616421872374685,0.7863947593917447,6.962744960222385e-08,0.0,0.9165471692879995,24672,24482
finetune_selection,1,29,-0.04970360685024719,0.04345264977726301,107392.57089404555,0.4641948488563122,1.1331948115224275,0.09878374973876895,1.3992727177794133,0.0,0.1996363588897068,0.5646946515355791,0.7985454127192497,0.8253000557422638,0.028787639211121055,0.7985454355588271,5.006967557230624e-08,0.0,0.9471990466117859,24696,24506
finetune_selection,1,30,0.056470178601807336,0.04323538652837669,120955.22743858128,0.36214570627946935,1.0828662634161954,0.09731468716027385,1.38861641988513,0.0,0.19430820994256512,0.5657362911318029,0.7772328232725462,0.8315683335065842,0.03394102015466717,0.7772328397702601,5.7298512693796745e-08,0.0,0.916753776371479,24720,24530
finetune_selection,1,31,0.21034199221289607,0.043019209595734804,150968.82073225264,0.9491718324965664,1.798758483678102,0.10605798228295064,1.399700855703226,0.0,0.1998504278516131,0.5640738029032946,0.799401673177878,0.8290406972169876,0.019915758505924742,0.7994017114064523,5.463759102560436e-08,0.0,0.9849141438802084,24744,24554
finetune_selection,1,32,-0.038368232231057106,0.04280411354775613,109088.85632644781,0.68392178055919,1.389504423684307,0.10140359693017757,1.3944760622190577,0.0,0.1972380311095289,0.5638018255787236,0.7889521320660909,0.816106379032135,0.018297629657595713,0.7889521244381156,5.8540276089609953e-08,0.0,0.9805873061219851,24768,24578
finetune_selection,1,33,0.23249290563985606,0.04259009298001735,155683.36788202586,0.754591889036376,1.6648099343159368,0.10431476821865111,1.3975217836199416,0.0,0.1987608918099709,0.5647912578923362,0.795043557882309,0.8180083394050598,0.01781384505798011,0.7950435672398832,5.6633282248993076e-08,0.0,0.9659582873185476,24792,24602
finetune_selection,1,34,0.18900454092570582,0.04237714251511726,145120.29551746722,0.7342760270749707,1.6237469204834527,0.10159330586795896,1.401662071168955,0.0,0.20083103558447746,0.571655088769538,0.8033241356412569,0.8259886205196381,0.016254567213751948,0.8033241423379097,6.896221924993877e-08,0.0,0.9483048344651858,24816,24626
finetune_selection,1,35,0.2825428712831209,0.04216525680254168,168448.24297226107,0.7809853486472829,1.6570641997669424,0.10316914151347463,1.4040221189414819,0.0,0.20201105947074086,0.5724285303481987,0.8080442200104395,0.8266621083021164,0.015585716010231487,0.8080442378829632,6.071336211554978e-08,0.0,0.9461428423722585,24840,24650
finetune_selection,1,36,0.253900343686114,0.041954430518528964,160692.60423069392,0.8148978409091278,1.660931620055011,0.10316123385567488,1.401631974703854,0.0,0.20081598735192704,0.5814529668007578,0.8032639299829801,0.8285605043172837,0.017948764306519666,0.803263949407708,5.4016709309194035e-08,0.0,0.9557451233267784,24864,24674
finetune_selection,1,37,0.06803802445295919,0.04174465836593633,122911.51569489748,0.36922546626911273,1.0295428815696908,0.09864046574646092,1.3995788033075984,0.0,0.1997894016537993,0.5731270249400819,0.7991575797398885,0.8352012068033219,0.02708293073644128,0.799157606615197,7.246576598044878e-08,0.0,0.9090141803026199,24888,24698
finetune_refit_all,,1,-0.10783578255864831,0.05,101595.51776795051,0.605941459797101,1.060668800212443,0.10295032535766001,1.402747539947519,0.0,0.20137376997375953,0.5805046084736074,0.8054950584967931,0.8274344205856323,0.013104833772507644,0.8054950798950379,4.84065995620675e-08,0.0,0.9440669193863869,24024,23873
finetune_refit_all,,2,-0.06755728176751744,0.04975,106451.57910258518,0.7991771384231038,1.247780389232295,0.10680253674668427,1.388070827128277,0.0,0.19403541356413848,0.5743603195462907,0.7761416410406431,0.8130306601524353,0.027025172724695908,0.7761416542565538,5.774199962615967e-08,0.0,0.9676589990655581,24048,23873
finetune_refit_all,,3,0.0881072725443331,0.049501250000000004,127786.4855840782,0.8123091362815882,1.401751695466893,0.10778113452096923,1.3894232241880324,0.0,0.1947116120940163,0.5734628417662211,0.77884641289711,0.8084576308727265,0.02452406708090815,0.7788464483760652,7.823109628620391e-08,0.0,0.9618311449885368,24072,23882
finetune_refit_all,,4,0.00835867529840386,0.04925374375,116312.78687200906,0.8751793679382119,1.4112824101533206,0.10990885343195529,1.3880968202526371,0.0,0.19404841012631854,0.5610575452446938,0.7761935889720917,0.81035096347332,0.029045981192610645,0.7761936405052742,7.743281976724248e-08,0.0,0.9871408591667811,24096,23906
finetune_refit_all,,5,0.30269429481718785,0.04900747503125,175885.69809446525,0.9074002354671912,1.98854385276458,0.10729553808088015,1.3939139761385464,0.0,0.1969569880692732,0.5690222358597177,0.7878279387950897,0.8344032734632492,0.03401160616479907,0.7878279522770925,6.049161871413133e-08,0.0,0.9852627838651339,24120,23930
finetune_refit_all,,6,-0.11208264420563602,0.048762437656093754,100815.50302902391,0.6238192878885284,1.265926657883184,0.10014308994677763,1.4058345505258156,0.0,0.2029172752629079,0.5831295161374977,0.8116690739989281,0.8311962842941284,0.0175448237151122,0.8116691010516314,6.324123767257699e-08,0.0,0.9637271612882614,24144,23954
finetune_refit_all,,7,0.0011543667469231522,0.048518625467813284,111610.2100709525,0.42663958038957345,1.048537164926529,0.08572521388299041,1.4046007288797269,0.0,0.20230036443986354,0.570315299289567,0.8092014441887537,0.8463561117649078,0.019026837750552257,0.8092014577594542,6.590215937777681e-08,0.0,1.0146619429190953,24168,23978
finetune_refit_all,,8,0.20429556714443936,0.048276032340474215,148565.76507903184,0.8019270456972576,1.6753291799021612,0.10216820944736742,1.3940873139404826,0.0,0.19704365697024126,0.5538531419421946,0.788174606859684,0.8362114429473877,0.030368385044495048,0.788174627880965,5.4371498877288836e-08,0.0,0.9992818857232729,24192,24002
finetune_refit_all,,9,-0.11988136800569082,0.04803465217877184,100276.18293272566,0.6155838561687795,1.33996418419161,0.1021963255334183,1.3991222849692262,0.0,0.19956114248461312,0.5777039416134357,0.7982445533076922,0.8266620934009552,0.021087710803610216,0.7982445699384524,5.67219796132612e-08,0.0,0.9472746749718984,24216,24026
finetune_refit_all,,10,0.2588328196592125,0.04779447891787798,162897.8283156165,0.8315862487624622,1.666617210448852,0.10607121199179818,1.397246393286401,0.0,0.1986231966432007,0.5719763162944997,0.7944927513599396,0.8293778955936432,0.021118040080337633,0.7944927865728025,6.32412376910807e-08,0.0,0.9979871263106664,24240,24050
finetune_refit_all,,11,-0.06102756021905035,0.0475555065232886,104459.4031468182,0.40364113254916095,0.9747304005282266,0.08643154929431474,1.4041541879996657,0.0,0.20207709399983287,0.5622429805142539,0.8083083430926005,0.8322027087211609,0.020317497829625338,0.8083083759993315,6.430560632135023e-08,0.0,1.024104801317056,24264,24074
finetune_refit_all,,12,0.1369501297251701,0.04731772899067215,135415.92859843545,0.7245311925542497,1.6604039375271114,0.10382025576458094,1.3969599705499907,0.0,0.19847998527499536,0.5664297251829079,0.7939199258883795,0.8282910346984863,0.025903329018926037,0.7939199410999814,6.993789053444388e-08,0.0,0.9808208122849464,24288,24098
finetune_refit_all,,13,0.32190699611888257,0.04708114034571879,181318.2022037695,0.7347141487324343,1.6942257222320347,0.1054803292027161,1.3954582435433707,0.0,0.19772912177168545,0.5860990317804473,0.7909164677063624,0.8297167658805847,0.02593036076770078,0.7909164870867417,5.7342861422190104e-08,0.0,0.9793360705176989,24312,24122
finetune_refit_all,,14,0.23123964451028198,0.046845734643990194,155264.97493198467,0.7431203431582877,1.609155946863549,0.1039167469047469,1.3961978311473058,0.0,0.19809891557365303,0.5817020455641406,0.7923956314722697,0.8399569809436798,0.028724532816241724,0.792395662294612,5.752025622474122e-08,0.0,0.9720427865783373,24336,24146
finetune_refit_all,,15,0.10894353633296969,0.046611505970770246,127971.503801454,0.518278236323524,0.8357046127053241,0.09136041495380252,1.3937811666567412,0.0,0.19689058332837053,0.57826775472079,0.7875623106956482,0.8166176676750183,0.02010724679582524,0.787562333313482,5.43714988402814e-08,0.0,0.9622389823198318,24360,24170
finetune_refit_all,,16,-0.06411773959210947,0.046378448440916396,105852.98959295508,0.5956825701453323,1.0697719924151898,0.09950942389793155,1.4012448953331582,0.0,0.20062244766657908,0.5696012862026691,0.8024897451202074,0.8257999837398529,0.01860754208888873,0.8024897906663163,6.151163856049635e-08,0.0,0.9569429631034533,24384,24194
finetune_refit_all,,17,0.06987507750694252,0.04614655619871181,123207.32556114846,0.7734273274850455,1.2866981620235103,0.09873739292457179,1.4054646428142277,0.0,0.20273232140711375,0.5606428565723556,0.8109292512138685,0.8310604751110077,0.015508465764147328,0.8109292856284549,6.049161864011647e-08,0.0,0.9894657954573631,24408,24218
finetune_refit_all,,18,-0.07091394222264119,0.04591582341771825,103883.20895136351,0.43212103573161936,1.0690663846741824,0.09024538985017079,1.3939139578225355,0.0,0.19695697891126787,0.5549811672951495,0.7878278891245524,0.8374568551778794,0.03232240280437252,0.7878279156450714,5.366191975960296e-08,0.0,0.9937054142355919,24432,24242
finetune_refit_all,,19,0.35951514705624943,0.04568624430062966,193415.52348143182,0.8675633442055967,1.686580452456005,0.1028860588342585,1.4005656006879041,0.0,0.20028280034395204,0.5766584798693657,0.801131176451842,0.8287335216999054,0.02112053394087394,0.801131201375808,4.692091824335757e-08,0.0,0.9803389385342598,24456,24266
finetune_refit_all,,20,0.09106717367607205,0.04545781307912651,127789.01751699288,0.8225070470057073,1.2114152717537112,0.10532747113636276,1.4005480049665842,0.0,0.200274002483292,0.582987483058657,0.8010960022608439,0.8262762486934662,0.02071375965869598,0.801096009933168,6.151163865301494e-08,0.0,0.9787529930472374,24480,24290
finetune_refit_all,,21,0.30446611265999673,0.04523052401373088,174200.4143843528,0.8011670325705338,1.679455656877585,0.10123536668850956,1.399411357274013,0.0,0.19970567863700647,0.5768800377845764,0.798822671175003,0.8206910252571106,0.016087529736992835,0.7988227145480259,6.164468469016526e-08,0.0,0.9849009240667025,24504,24314
finetune_refit_all,,22,0.08550070602300505,0.04500437139366223,124669.81775446511,0.5456967080632846,0.989923518151045,0.09365044248515386,1.4035556334558699,0.0,0.20177781672793485,0.5700075003717626,0.8071112359563509,0.8227417260408402,0.01681803777769393,0.8071112669117394,5.6677630940378996e-08,0.0,0.9556725944081942,24528,24338
finetune_refit_all,,23,0.297024751215304,0.044779349536693915,171113.92922954116,0.7682027048874825,1.605997156218758,0.09880774104722863,1.3981300665154344,0.0,0.1990650332577172,0.5784065106085368,0.7962601160009702,0.8211830079555511,0.01890645238354666,0.7962601330308686,6.031422385606906e-08,0.0,0.9813140283028284,24552,24362
finetune_refit_all,,24,0.007608648197704997,0.04455545278901044,113639.77924529513,0.44501421261312696,1.0976213420608207,0.09368150123571084,1.3992567133335843,0.0,0.19962835666679202,0.5643244340483631,0.7985133975744247,0.8409557104110718,0.029864754006845396,0.7985134266671681,5.4992380630706585e-08,0.0,0.9709572146336237,24576,24386
finetune_refit_all,,25,0.3096027392973743,0.044332675525065396,176417.24970327545,0.8008392405518819,1.5488478481503465,0.10296605524920582,1.3994401996245696,0.0,0.19972009981228486,0.5788261187928063,0.7988803535699844,0.8225166261196136,0.015644020109695376,0.7988803992491392,7.956155706478896e-08,0.0,0.9587825412551562,24600,24410
finetune_refit_all,,26,0.20536787472677598,0.044111012147440065,148122.56423952992,0.7099915065004359,1.5491257408367736,0.09959628204670294,1.397141548937985,0.0,0.1985707744689925,0.5864509897572654,0.7942831069231033,0.8181578665971756,0.021686779357932187,0.7942830978759696,4.940444510899885e-08,0.0,0.9746545851230621,24624,24434
finetune_refit_all,,27,-0.02178759672721134,0.04389045708670286,110222.43973004648,0.5867068152874708,1.151871491542884,0.09544276879321056,1.4030316501323663,0.0,0.20151582506618335,0.5665074025413819,0.8060632521907488,0.8299640387296676,0.016362861784610418,0.806063300264733,7.71667275634158e-08,0.0,0.9687862967451414,24648,24458
finetune_refit_all,,28,0.28448434114151633,0.04367100480126935,167901.04709887103,0.7653025619774346,1.5116851150457344,0.09993896546954795,1.3978343230805228,0.0,0.19891716154026132,0.5806841818349702,0.7956686268250147,0.8323831349611283,0.018353156767340294,0.7956686461610453,6.297514550575774e-08,0.0,0.9846867496768633,24672,24482
finetune_refit_all,,29,0.04494089257713468,0.04345264977726301,118553.53938159559,0.5138017877581573,1.0422030691855717,0.09296529351911641,1.4022088963981894,0.0,0.2011044481990948,0.577902855085475,0.8044177442789078,0.8475484251976013,0.03211224402850405,0.804417792796379,6.554736980968201e-08,0.0,0.9739432210723559,24696,24506
finetune_refit_all,,30,0.26389019274281583,0.04323538652837669,163839.98256994825,0.8257963773683601,1.5552394675090906,0.10479848318764551,1.4007306457940665,0.0,0.20036532289703332,0.5841624034302575,0.8014612545569738,0.8183435261249542,0.02033597222219819,0.8014612915881333,7.188923297392809e-08,0.0,0.9512119094530741,24720,24530
finetune_refit_all,,31,-0.008435279030876347,0.043019209595734804,113158.54274802696,0.6682778987368302,1.11517516204289,0.10393284124572481,1.4035391380921716,0.0,0.2017695690460858,0.5755794027021952,0.8070782423019409,0.8253725945949555,0.015075633711269713,0.807078276184343,6.066901336865271e-08,0.0,0.9667283867796262,24744,24554
finetune_refit_all,,32,0.36970406694149416,0.04280411354775613,198330.31918355526,0.8530794871926662,1.5945143298911195,0.10507215809855737,1.4009323834131162,0.0,0.2004661917065581,0.5879182730402266,0.8018647531668345,0.8197700321674347,0.015883265848120488,0.8018647668262321,5.4282801550028147e-08,0.0,0.9581083903710047,24768,24578
finetune_refit_all,,33,0.013685273882875063,0.04259009298001735,113533.86403520165,0.5606744615804581,1.1382081802934405,0.08793354382783043,1.4021422299778177,0.0,0.20107111498890892,0.5666199991745609,0.8042844161391258,0.8213667035102844,0.013846538028194869,0.8042844599556355,6.616825147058118e-08,0.0,0.9668933476010958,24792,24602
finetune_refit_all,,34,0.19184577558268556,0.04237714251511726,140813.7406167681,0.4611677301581949,0.9287085450121334,0.0816635464396925,1.403665570342647,0.0,0.2018327851713236,0.5832091458141804,0.8073311249415079,0.8388439238071441,0.019596304023122908,0.8073311406852944,4.394955584648604e-08,0.0,0.9768886292974154,24816,24626
finetune_refit_all,,35,-0.08491213190489656,0.04216525680254168,104172.1904842454,0.7478539947132092,1.485265363965715,0.10413586392357434,1.4001429891213775,0.0,0.20007149456068873,0.5761514806321688,0.8002859701712927,0.8216388493776321,0.015679304636105822,0.8002859782427549,6.980484444178241e-08,0.0,0.9769177536169688,24840,24650
finetune_refit_all,,36,-0.06554081224879918,0.041954430518528964,104089.41372478398,0.6150276130065322,1.17386690074844,0.0873569339438147,1.405752068474179,0.0,0.20287603423708964,0.5745763190622841,0.8115041057268778,0.835113251209259,0.014231260570796829,0.8115041369483583,6.12011978133135e-08,0.0,0.9825998221834501,24864,24674
finetune_refit_all,,37,0.015053556510034607,0.04174465836593633,114852.05430912712,0.47594110585660454,1.077686928478735,0.09521758592123154,1.4039651010895058,0.0,0.20198255054475298,0.5793002833213126,0.8079301913579305,0.8326524257659912,0.019438972516730445,0.8079302021790117,4.9670537331329236e-08,0.0,0.9987467924753824,24888,24698
finetune_refit_all,,38,-0.029366113783404243,0.04153593507410664,110286.0997235007,0.587941186835191,1.0800314912838593,0.10219460952480992,1.4082592757684846,0.0,0.2041296378842422,0.5732338353991508,0.816518522799015,0.8412559330463409,0.01885916343468988,0.8165185515369687,4.700961562612941e-08,0.0,0.9983355278770129,24912,24722
finetune_refit_all,,39,0.011568705968401857,0.04132825539873611,115871.36948477471,0.7794139873945997,1.634268005405153,0.10450444420726542,1.4025675231324772,0.0,0.20128376156623876,0.5793542798076357,0.8051350166400274,0.8341220438480377,0.019000110948758708,0.8051350462649548,5.6234143989512354e-08,0.0,0.9746930872400602,24936,24746
finetune_refit_all,,40,-0.07989515765377297,0.04112161412174242,102729.18129624297,0.6873273022605905,1.1859166544462951,0.08871826302215872,1.4057335445568675,0.0,0.20286677227843378,0.5780706980398722,0.8114670539895693,0.8285564064979554,0.014685074263579281,0.811467089113735,6.332993511085998e-08,0.0,0.9999206438660622,24960,24770
finetune_refit_all,,41,-0.03360622614589093,0.04091600605113371,109400.696756338,0.5772383955440351,1.0754855144768953,0.09961272109305169,1.4038350907642219,0.0,0.20191754538211085,0.5686367186052459,0.8076701561609904,0.8347159773111343,0.02470797530504278,0.8076701815284434,5.5347170106282796e-08,0.0,1.003416543205579,24984,24794
finetune_refit_all,,42,0.03726281943865211,0.040711426020878044,119292.34172992659,0.7371334028873769,1.6030945190361563,0.10371700119445355,1.3967370846353118,0.0,0.19836854231765585,0.5834935903549194,0.7934741402665774,0.8207764506340026,0.020748096087013092,0.7934741692706232,6.412821155580654e-08,0.0,0.971580704053243,25008,24818
finetune_refit_all,,43,0.3490916224761077,0.04050786889077365,191426.72745222575,0.8154065355968972,1.4470139414072034,0.10709607146671969,1.3982788378904971,0.0,0.19913941894524867,0.5838707004274641,0.7965576499700546,0.8319017350673675,0.02639299870193312,0.7965576757809946,6.696652802655005e-08,0.0,0.9802019769946734,25032,24842
finetune_refit_all,,44,0.3287726358928144,0.04030532954631979,184675.08030191448,0.7779845885511133,1.2762329871633222,0.10811315802222203,1.4022735247743272,0.0,0.2011367623871636,0.5838109159043856,0.804547036687533,0.8266940951347351,0.01826176788566794,0.8045470495486544,4.70096156076257e-08,0.0,0.9703871086239815,25056,24866
finetune_refit_all,,45,-0.033025824948859084,0.04010380289858819,110097.88514970733,0.6948736708921691,1.1541818323944293,0.10395263733741868,1.3992284193989775,0.0,0.19961420969948884,0.5753594008939606,0.7984568402171135,0.8234125822782516,0.02229286608252627,0.7984568387979553,5.1799274665883153e-08,0.0,0.9712079192201296,25080,24890
finetune_refit_all,,46,-0.10484617327687656,0.039903283884095246,100083.89108699592,0.7286455833264404,1.3680536324956585,0.08807031747107885,1.4036766268046839,0.0,0.20183831340234196,0.5766895338892937,0.8073532407482465,0.8359242260456085,0.015926135073368,0.8073532536093677,5.330713026552303e-08,0.0,1.0038138926029205,25104,24914
finetune_refit_all,,47,0.3346836675519187,0.03970376746467477,186739.44623761662,0.7962027541250877,1.2770363509654998,0.10817569605937961,1.400224171689756,0.0,0.20011208584487794,0.5839807369879313,0.8004483282566071,0.8314414769411087,0.019432216486085632,0.8004483433795118,4.439304277884896e-08,0.0,0.9750432024399439,25128,24938
finetune_refit_all,,48,-0.16332896873167022,0.03950524862735139,96055.24423135196,0.603043447204289,1.169807429159326,0.10188449632034996,1.4055514038274328,0.0,0.20277570191371655,0.5700805118041379,0.8111027777194977,0.8380778640508652,0.02483275425662809,0.8111028076548661,5.6189795390645024e-08,0.0,1.0135751242438953,25152,24962
finetune_refit_all,,49,-0.05394547468320622,0.03930772238421464,107324.12605016313,0.7228589976605561,1.6386607010183583,0.1018237732863072,1.3982074541438905,0.0,0.1991037270719452,0.5840499496885708,0.796414889395237,0.8186101943254471,0.019232158674451376,0.7964149082877805,6.18220795112201e-08,0.0,0.9757482707500458,25176,24986
finetune_refit_all,,50,-0.15168474250857755,0.03911118377229356,97102.5965853855,0.7163841303304901,1.3381396274481498,0.10153847031740708,1.40582541522703,0.0,0.20291270761351501,0.5765253103205136,0.8116508051753044,0.8344645947217941,0.01604553945659762,0.8116508304540601,4.692091833587616e-08,0.0,0.9770340969165167,25200,25010
finetune_refit_all,,51,0.054049137176863604,0.0389156278534321,122012.01582987542,0.6426557008886621,1.2062216390988656,0.10529954464046175,1.399683963706983,0.0,0.19984198185349147,0.5671628160136086,0.7993679046630859,0.8249915719032287,0.021848530709895456,0.7993679274139659,5.9560296102508424e-08,0.0,0.9882168943683306,25224,25034
finetune_refit_all,,52,0.1359279285299799,0.038721049714164936,129196.90827664528,0.6352793294049445,1.192883127821343,0.07504978458416654,1.4039612412896183,0.0,0.20198062064480923,0.5827553926834038,0.8079224675893784,0.8380507200956344,0.01975378157427659,0.8079224825792369,4.92270503804626e-08,0.0,0.9960403591394424,25248,25058
finetune_refit_all,,53,-0.08634228809965258,0.03852744446559411,103481.38991828544,0.5248296630480105,1.1354104256789597,0.09998746239434164,1.4048446024368915,0.0,0.20242230121844584,0.5771434200661523,0.8096891989310583,0.8340764164924621,0.015382008545672865,0.8096892048737833,5.774199960765595e-08,0.0,1.0009342084328334,25272,25082
finetune_refit_all,,54,0.23872481119200883,0.03833480724326614,157112.29974108207,0.8307829487048798,1.392696070777518,0.10398981960546565,1.3967597010501083,0.0,0.19837985052505425,0.5848168092114585,0.7935193801919619,0.8298800498247146,0.022513494920406045,0.7935194021002167,6.022552647329722e-08,0.0,0.9856426641345024,25296,25106
finetune_refit_all,,55,0.1884227251962626,0.03814313320704981,139179.71841072582,0.5942315517348193,1.1853889140167404,0.0775681538688545,1.405887056496881,0.0,0.20294352824844064,0.5839375236204691,0.8117741048336029,0.8419786304235458,0.021646100980627542,0.8117741129937626,6.386211937048358e-08,0.0,1.0027455265323322,25320,25130
finetune_refit_all,,56,0.06891501869947984,0.03795241754101456,119214.9816098357,0.5996438239789789,1.0766325988407646,0.07688686141068757,1.4014848573355092,0.0,0.20074242866775469,0.5798409565218857,0.8029696817199389,0.8335776120424271,0.021390905873125636,0.8029697146710185,6.044726996723426e-08,0.0,0.9994740684827169,25344,25154
finetune_refit_all,,57,-0.00682467958979243,0.037762655453309486,110359.88228780615,0.680776601058564,1.163358154972749,0.08391525445063186,1.4000036750166187,0.0,0.20000183750830947,0.5732511878013611,0.8000073283910751,0.8257837682962418,0.016910912221641032,0.8000073500332378,6.226556636956815e-08,0.0,0.9947254930933317,25368,25178
finetune_refit_all,,58,-0.049138568143666156,0.03757384217604294,106207.15775204381,0.7113907700626267,1.3461480367396557,0.08965203517060698,1.4029825095175987,0.0,0.20149125475879937,0.5698440726846457,0.8059649939338366,0.8253665894269944,0.01257819744079566,0.8059650190351973,6.058031598588087e-08,0.0,0.9873277023434639,25392,25202
finetune_refit_all,,59,-0.02407657716371008,0.037385972965162724,110527.29531769748,0.5436379745536084,1.182297501180853,0.09943557557586186,1.403697047005629,0.0,0.20184852350281465,0.5747445316186972,0.8073940599958102,0.8278851747512818,0.021199391932670925,0.8073940940112584,5.592370316831463e-08,0.0,0.9856541330615679,25416,25226
finetune_refit_all,,60,0.08275524064192723,0.037199043100336913,121779.7688708879,0.6778610072852599,1.2372914532997776,0.08007525183339854,1.4030816115527636,0.0,0.20154080577638178,0.5802966239196914,0.806163194278876,0.8287515819072724,0.018702850089258625,0.806163223105527,5.774199968167082e-08,0.0,1.0029447053869565,25440,25250
finetune_refit_all,,61,-0.1279361265171986,0.037013047884835226,98313.4028489786,0.7338848798757508,1.3453855388930864,0.09231734499561,1.4003592317125626,0.0,0.20017961585628133,0.5668692064604588,0.8007184440890948,0.8196534007787705,0.01201567847482945,0.8007184634251253,5.703242058248866e-08,0.0,0.9855100239316622,25464,25274
