stage,pass,episode,reward,noise,terminal_wealth,mean_turnover,q95_turnover,mean_cvar,mean_gross_exposure,fraction_at_gross_cap,mean_short_notional,max_abs_weight,mean_leverage_gate,q95_leverage_gate,std_leverage_gate,mean_effective_leverage,gate_gross_mae,fraction_at_position_cap,mean_direction_entropy,total_actions,update_count
pretrain,,1,0.17735370005588913,0.15,121558.9251502059,1.0814280692743978,1.5149542774984652,0.08152042298089789,1.23509950871535,0.0,0.11754975435767501,0.386190798665796,0.47019899512330693,0.6558659344911575,0.14910276842973386,0.47019901743070003,4.891660946674629e-08,0.0,1.13040030002594,24,0
pretrain,,2,-0.19028230649097222,0.1497,84013.68268239351,0.8623809035258864,1.323135906564613,0.07986983484649196,1.2434344918666673,0.0,0.1217172459333337,0.39621430954762865,0.4868689328432083,0.8435910463333129,0.21737986197606704,0.4868689837333347,6.960527526578275e-08,0.0,1.1314055075248082,48,0
pretrain,,3,0.2712757503661801,0.1494006,137226.11817878913,1.1239401513843996,1.6529360588462383,0.0855112071205643,1.2904973148944832,0.0,0.1452486574472416,0.41755923362714903,0.5809945917377869,0.8839362889528274,0.2243892083112144,0.5809946297889664,4.816268169468193e-08,0.0,1.1307717710733414,72,0
pretrain,,4,-0.4560750750300655,0.1491017988,68677.77748199912,0.9422876057163538,1.4439128820297067,0.0884004829514783,1.2592362952529497,0.0,0.12961814762647486,0.3688778004476002,0.518472568752865,0.7667874991893768,0.20928006830717202,0.5184725905058994,4.543523707267738e-08,0.0,1.1324177136023839,96,0
pretrain,,5,-0.0063046947487197524,0.1488035952024,99373.48053908323,1.0449731747312303,1.4838508662615513,0.08279206938852195,1.2568600984578508,0.0,0.12843004922892545,0.3884596814002309,0.5137201795975367,0.8687281191349028,0.20783975191159237,0.5137201969157017,5.4925857547368416e-08,0.0,1.1354069511095684,120,0
pretrain,,6,-0.059918394544725695,0.1485059880119952,94346.88605716077,0.9831014641993168,1.4466904834310006,0.0868645404129761,1.2516780730026464,0.0,0.1258390365013232,0.4145910676036562,0.5033561158925295,0.8654193580150603,0.2273487779127496,0.5033561460052928,4.8827912102478166e-08,0.0,1.133144165078799,144,17
pretrain,,7,0.32175654860873293,0.14820897603597122,147439.68378149768,1.0751799568441505,1.4758230452290546,0.08675059736660067,1.2585411208094142,0.0,0.1292705604047071,0.42081361370427267,0.5170822169942161,0.8932639360427855,0.26714553985787687,0.5170822416188283,4.992554225591306e-08,0.0,1.1299235572417576,168,41
pretrain,,8,-0.23883890812776798,0.14791255808389928,80720.74532364178,0.9542656744417258,1.4488973427433487,0.08502814502275143,1.2423878450257082,0.0,0.12119392251285416,0.3991241774388722,0.4847756661474705,0.8535150557756424,0.2219134651815278,0.4847756900514166,3.9958173270182584e-08,0.0,1.13444089392821,192,65
pretrain,,9,0.2501446417221943,0.14761673296773145,133359.0523773414,1.049743453960901,1.39061955797581,0.07996926829723781,1.2520781472059233,0.0,0.12603907360296165,0.3896903635135719,0.5041562753419081,0.7578107237815856,0.1954479578966583,0.5041562944118465,4.3284325364674934e-08,0.0,1.1292672455310822,216,89
pretrain,,10,0.11980271921757657,0.14732149950179602,113610.89403855937,1.0500785442423337,1.5053602142945808,0.08378151867001364,1.2646266457159072,0.0,0.13231332285795364,0.36773922161332195,0.5292532586803039,0.8196662545204162,0.24228347536823788,0.5292532914318144,4.800746124707563e-08,0.0,1.127048189441363,240,113
pretrain,,11,0.40164971008543626,0.1470268565027924,167126.18291582784,1.2311846388733974,1.5617017904738442,0.0846144580612095,1.2875038513337218,0.0,0.1437519256668609,0.4292429451431547,0.5750076677650213,0.8219474524259567,0.16246064353866277,0.5750077026674435,5.4061058000579955e-08,0.0,1.1326251576344173,264,137
pretrain,,12,0.07724691872974565,0.14673280278978681,108371.35310601274,1.0962184303745572,1.5494228642614585,0.08604167810046472,1.211515092623553,0.0,0.10575754631177657,0.4133242070674896,0.42303014174103737,0.7415299624204635,0.21271933238402174,0.42303018524710617,6.031422387457279e-08,0.0,1.126958504319191,288,161
pretrain,,13,-0.36781648790983223,0.14643933718420726,73109.2225337995,1.1341257410076857,1.5504252547400406,0.08229185240046745,1.2690992907044434,0.0,0.1345496453522217,0.36215426666396,0.5381985818967223,0.8761661112308502,0.24647774014676854,0.5381985814088867,4.909400430630484e-08,0.0,1.13313689827919,312,185
pretrain,,14,0.020798435433837414,0.14614645850983884,102124.01983273507,1.073807413117583,1.5230398678914663,0.0842272780326021,1.2735797929899058,0.0,0.13678989649495288,0.3952705519539969,0.5471595496249696,0.8626654952764511,0.22279935842591606,0.5471595859798115,5.056859840128306e-08,0.0,1.1276376495758693,336,209
pretrain,,15,0.09817240687553741,0.14585416559281916,110885.93957692182,1.1564849089448972,1.5318077796087033,0.08495335888179084,1.2842093578406744,0.0,0.14210467892033715,0.46579060171331677,0.5684186903138956,0.8624699741601943,0.19791513508110795,0.5684187156813486,5.960464481239806e-08,0.0,1.131648600101471,360,233
pretrain,,16,0.07883620642939626,0.14556245726163353,108558.32664935867,0.9996813076443778,1.5525513841967857,0.07837112224499583,1.2375164917182355,0.0,0.11875824585911776,0.3984701902206455,0.4750329488888383,0.889356020092964,0.21649781027496692,0.4750329834364709,5.237580767240383e-08,0.0,1.1283325999975204,384,257
pretrain,,17,-0.0722258449634201,0.14527133234711026,93263.93359172533,1.0784925073145404,1.4965254909566577,0.08587337768453403,1.2686330113293869,0.0,0.13431650566469347,0.3855465607983726,0.5372660048305988,0.8286115288734436,0.22550480212085075,0.5372660226587739,5.4105406784484465e-08,0.0,1.1257705638806026,408,281
pretrain,,18,-0.13561051019037218,0.144980789682416,88058.36076951784,1.0779702390238135,1.6447241351519897,0.08573030748288231,1.2424548087929865,0.0,0.12122740439649317,0.43561690726450514,0.48490960989147425,0.803128382563591,0.19096990766489275,0.4849096175859727,5.102317248336282e-08,0.0,1.1270575126012166,432,305
pretrain,,19,0.29576225696798686,0.1446908281030512,141997.50153898555,1.147877333469867,1.491465620446773,0.08045578475064484,1.2410756602794641,0.0,0.12053783013973209,0.42743722083313124,0.4821513088730474,0.7730295360088348,0.20942665981224173,0.4821513205589283,5.115621852051314e-08,0.0,1.1232088506221771,456,329
pretrain,,20,-0.08620672908913507,0.1444014464468451,92063.50625709843,1.0404904125039593,1.4625529610388943,0.07802667633175904,1.2493008051200636,0.0,0.12465040256003186,0.4159272222646645,0.4986015846952796,0.7823426663875579,0.1958784751099705,0.49860161024012734,5.534717018029767e-08,0.0,1.1288661807775497,480,353
pretrain,,21,0.08993673980839267,0.1441126435539514,109882.47122397373,1.0690589996677844,1.4975723587243661,0.08301482751297568,1.2712954122440092,0.0,0.13564770612200458,0.42929115439099924,0.5425908068815867,0.8608953356742859,0.18990566949910528,0.5425908244880183,4.72313591755776e-08,0.0,1.1265212893486023,504,377
pretrain,,22,-0.3402520214572393,0.1438244182668435,74612.83280981083,1.148490406602475,1.5788057467653924,0.08163148720033138,1.2171753402577625,0.0,0.10858767012888122,0.4709946869739464,0.4343506498262286,0.8606968969106672,0.2340333479479101,0.4343506805155249,4.1687772437774363e-08,0.0,1.1246757706006367,528,401
pretrain,,23,0.2898426534657963,0.14353676943030982,140813.86398103487,1.1150767009764488,1.4696208506352777,0.08336370248795477,1.2461945299901778,0.0,0.12309726499508893,0.3946180258478437,0.49238901616384584,0.8134091585874558,0.2362832672512655,0.49238905998035554,6.847438357067877e-08,0.0,1.1314638555049896,552,425
pretrain,,24,0.10719909948872652,0.1432496958914492,112007.05548430087,1.157623283491227,1.6931424086969684,0.08768730743132347,1.2802852801978588,0.0,0.14014264009892943,0.43423557600804735,0.5605705194175243,0.8432469964027405,0.20826216862655436,0.5605705603957176,5.5347170143290235e-08,0.0,1.1279216309388478,576,449
pretrain,,25,0.2113557153784802,0.1429631964996663,126799.8791723841,1.0007743239072033,1.557895914367289,0.08866001502967014,1.2267072510107286,0.0,0.11335362550536439,0.38307598339659826,0.4534144898255666,0.7461926877498627,0.21039617190882098,0.45341450202145744,4.164342372788473e-08,0.0,1.1310130059719086,600,473
pretrain,,26,-0.10583489070552865,0.14267727010666698,90429.41296254404,1.0298950801389912,1.552726031910235,0.0830774771103094,1.2702560680253165,0.0,0.13512803401265827,0.3841282022850854,0.5405120989307761,0.8542098551988602,0.21291870402712734,0.540512136050633,5.175492590048236e-08,0.0,1.1353791803121567,624,497
pretrain,,27,0.15167782059485257,0.14239191556645361,117879.74242300382,1.0235002526330035,1.4466178715713447,0.08302321618026032,1.2283764234522268,0.0,0.11418821172611347,0.40916736849716734,0.45675283515204984,0.7730617135763167,0.22200026816532983,0.4567528469044538,4.066775244337961e-08,0.0,1.1338300853967667,648,521
pretrain,,28,-0.07186983782351075,0.14210713173532072,93294.90995199133,1.090495953586167,1.5158825084296694,0.08378253966074213,1.2984481751697048,0.0,0.14922408758485248,0.36938672619206564,0.596896331757307,0.873461252450943,0.18400670886817336,0.5968963503394099,5.051316248616544e-08,0.0,1.1335415989160538,672,545
pretrain,,29,0.043724123770820245,0.14182291747185008,104572.33365995123,1.05399865330893,1.42802780094134,0.07764689929092965,1.2318674030137202,0.0,0.11593370150686022,0.40437428520194124,0.46373478695750237,0.7333545297384262,0.17242806389691676,0.4637348060274407,6.439430372262578e-08,0.0,1.127276470263799,696,569
pretrain,,30,0.1608070377928067,0.14153927163690638,119162.10514562253,1.0648196980976274,1.570664084491219,0.08377386870790926,1.2604275329615033,0.0,0.1302137664807517,0.3892921305128506,0.5208550381163756,0.8013939648866654,0.2352555948637998,0.5208550659230068,5.6455887464945675e-08,0.0,1.130854661266009,720,593
pretrain,,31,0.2874497289309573,0.14125619309363258,140340.97531107455,1.051738599469483,1.6315393142108314,0.08130487678310662,1.2800133336956303,0.0,0.14000666684781515,0.40157107583114077,0.5600266642868519,0.8096408814191818,0.18425393080431457,0.5600266673912605,5.916115786153142e-08,0.0,1.1308063964049022,744,617
pretrain,,32,0.02267615901762121,0.14097368070744531,102320.22980170297,1.1799385712558836,1.5817909439396414,0.07921175737300916,1.2902807062935262,0.0,0.1451403531467631,0.40228227206638884,0.5805614100148281,0.8301998823881149,0.19757192072449323,0.5805614125870523,5.9338552608571384e-08,0.0,1.1257084955771763,768,641
pretrain,,33,0.12621009267492422,0.1406917333460304,114443.98609057983,1.048440454172522,1.648114382665204,0.08949318556095738,1.2241661918981535,0.0,0.11208309594907666,0.3934579534190042,0.4483323497697711,0.818831744790077,0.21561455899574833,0.4483323837963065,5.325169435040541e-08,0.0,1.1265617311000824,792,665
pretrain,,34,0.1418909199584315,0.14041034987933834,116535.30107752245,1.157118991208197,1.5629592658802578,0.08608654340182818,1.2805514034504692,0.0,0.1402757017252346,0.3862983105438096,0.5611027826865514,0.8273020923137665,0.20086075295827435,0.5611028069009384,5.401670934620147e-08,0.0,1.1329710682233174,816,689
pretrain,,35,0.12101760152552932,0.14012952917957966,113767.92092032365,1.0889718231500238,1.4800590592914744,0.08505402833994234,1.2408118600779703,0.0,0.12040593003898507,0.3993046485951968,0.4816236663609743,0.8760297149419785,0.24810500782228606,0.4816237201559401,6.461604719805909e-08,0.0,1.1299692491690319,840,713
pretrain,,36,-0.2106962678251434,0.1398492701212205,82597.09941919359,1.0927967799904206,1.6029627371145905,0.08738073297707104,1.2249655003127244,0.0,0.11248275015636217,0.34970277388181004,0.4499309901148081,0.7966530233621596,0.21372935038576268,0.4499310006254486,3.716420562035102e-08,0.0,1.1303040285905201,864,737
pretrain,,37,-0.0458430964812202,0.13956957158097807,95616.63727231542,1.0566235749172788,1.6094741926844216,0.08020896222441264,1.258703416324265,0.0,0.12935170816213248,0.3691707189593996,0.5174068162838618,0.8369866639375686,0.2355332860586471,0.5174068326485298,4.146602886982246e-08,0.0,1.1316257963577907,888,761
pretrain,,38,0.04662289228940486,0.1392904324378161,104890.28862895221,0.9943555535405119,1.6579454016106232,0.08856755674066961,1.230710332426021,0.0,0.11535516621301041,0.4121716969779559,0.46142064531644184,0.714991694688797,0.20467506746981567,0.46142066485204153,5.18214489468131e-08,0.0,1.12648809949557,912,785
pretrain,,39,-0.08064702076429975,0.13901185157294046,92537.15420348254,1.1285287044361698,1.5517139902361432,0.08099727847387063,1.2430195272124063,0.0,0.12150976360620312,0.40366109779902865,0.486039034401377,0.7848725110292434,0.23713623966344877,0.4860390544248124,5.2575376755884897e-08,0.0,1.127861554423968,936,809
pretrain,,40,0.05997384334566158,0.1387338278697946,106380.01856875083,1.0001167262193096,1.5051468344924113,0.07997954644358227,1.219497078619454,0.0,0.10974853930972696,0.3713054098188877,0.4389941315166652,0.7656148880720137,0.194454902716121,0.4389941572389077,4.567915482904065e-08,0.0,1.1313378512859344,960,833
pretrain,,41,-0.013855424569728658,0.138456360214055,98633.3924705676,1.0147860441977603,1.4431223615011155,0.08269127149022437,1.2582903533420036,0.0,0.1291451766710019,0.3592987709811756,0.5165807052205006,0.8440105825662613,0.21705620583854163,0.5165807066840075,5.202101815982019e-08,0.0,1.133264844616254,984,857
pretrain,,42,0.10206905697707369,0.1381794474936269,111367.138839592,0.994405175395916,1.4984059815817676,0.07270696916392937,1.1930116091056595,0.0,0.0965058045528297,0.44351662003568243,0.3860232060154279,0.7358217298984527,0.2178075547773807,0.3860232182113188,3.3483264013275025e-08,0.0,1.1068002730607986,1008,881
pretrain,,43,0.13737054490778777,0.13790308859863964,115924.62952625508,0.36245299065754977,0.6144979145545924,0.052811533380751986,1.0928199395892166,0.0,0.04640996979460832,0.44677380073283396,0.18563984582821527,0.2144443139433861,0.018471632727788515,0.18563987917843316,5.392801190791848e-08,0.0,1.0650799820820491,1032,905
pretrain,,44,0.21581936619340003,0.13762728242144237,127521.63938884354,0.3469725501439698,0.5990284417575215,0.04984364285410081,1.0928938088583804,0.0,0.04644690442919024,0.45482647472194265,0.18578759767115116,0.21549618691205977,0.01811338259393186,0.18578761771676086,4.26634436297609e-08,0.0,1.0618930558363597,1056,929
pretrain,,45,0.13071395504899053,0.13735202785659947,115036.93241231743,0.4104438650608495,0.6278384535806011,0.05191603456679889,1.0927355985733724,0.0,0.046367799286686266,0.4615526779421738,0.18547118889788786,0.21611611619591714,0.02287550565702293,0.185471197146745,4.1687772437774363e-08,0.0,1.0599619150161743,1080,953
pretrain,,46,0.04789270211325203,0.13707732380088627,105030.17907955882,0.3703406955002426,0.5675386889020992,0.05138318582749459,1.0930454599493669,0.0,0.04652272997468357,0.46370797551104,0.18609089528520903,0.21001576855778692,0.016908694528260486,0.18609091989873416,5.583500576703907e-08,0.0,1.055265411734581,1104,977
pretrain,,47,0.07204225399936048,0.13680316915328453,107763.52741381298,0.41218263317320414,0.5982435437452801,0.05031156555381677,1.100107169022695,0.0,0.05005358451134748,0.46801864648503916,0.2002143207937479,0.23283466547727585,0.01921992753501648,0.20021433804538988,5.006967559080996e-08,0.0,1.0548181682825089,1128,1001
pretrain,,48,0.16596851194067197,0.13652956281497794,119899.54987513204,0.3928939461299155,0.6423310717744322,0.05090025295871534,1.1017839527422828,0.0,0.050891976371141436,0.4728345506425415,0.2035678867250681,0.23434200659394264,0.023409276818045496,0.2035679054845657,4.5457411372111047e-08,0.0,1.0513132214546204,1152,1025
pretrain,,49,0.24759097110639972,0.13625650368934797,132906.43275114286,0.4304969673247654,0.6020330296490859,0.05217471337446983,1.1073379794224387,0.0,0.05366898971121938,0.4758709437612976,0.21467594305674234,0.2494968935847282,0.02337079786041414,0.21467595884487742,5.570195971138503e-08,0.0,1.0480229059855144,1176,1049
pretrain,,50,0.24219154977156032,0.13598399068196929,131959.4680817497,0.3355710616650465,0.613986350206217,0.04870893921560571,1.1064405197809848,0.0,0.0532202598904925,0.4779465991471495,0.2128810305148363,0.2501776337623596,0.026988136205972693,0.21288103956196988,5.153318248056019e-08,0.0,1.050193414092064,1200,1073
pretrain,,51,0.1703216219258752,0.13571202270060534,120528.63210937605,0.3626723327741536,0.6098248630446392,0.0492606219290454,1.1069294342638127,0.0,0.05346471713190634,0.4845624627279384,0.2138588440914949,0.2405670553445816,0.01921718735974594,0.21385886852762526,5.1932320703033476e-08,0.0,1.046916554371516,1224,1097
pretrain,,52,0.2089013657989417,0.13544059865520414,126406.48798615536,0.4104267113506068,0.6143534716784822,0.05083041394555848,1.1083219114114486,0.0,0.05416095570572432,0.48295822846038,0.21664381958544254,0.24753228425979615,0.03252913912173157,0.2166438228228972,4.8916609503753726e-08,0.0,1.0485480030377705,1248,1121
pretrain,,53,-0.11996839901803247,0.13516971745789375,89288.23356773115,0.34355548911157435,0.6118257392216889,0.050283409183045774,1.1142483219238264,0.0,0.05712416096191323,0.4876292637948479,0.22849665395915508,0.26609074622392653,0.021786320963265514,0.22849664384765286,3.5656349965199986e-08,0.0,1.0467808544635773,1272,1145
pretrain,,54,-0.13341323428616536,0.13489937802297794,88229.07389376035,0.3322745249542255,0.5916959797907758,0.049048622558425736,1.1150451832273534,0.0,0.05752259161367659,0.4951235412486962,0.23009035984675089,0.26807763576507565,0.024628394321857407,0.23009036645470635,4.519131918678809e-08,0.0,1.045618509252866,1296,1169
pretrain,,55,0.15331186467819113,0.13462957926693198,118107.2414130287,0.37165577075074613,0.6198217848069689,0.048783564407208276,1.1184393734050293,0.0,0.0592196867025147,0.4966064340301922,0.23687872352699438,0.2677249863743782,0.021560827822190345,0.23687874681005874,6.293079681437182e-08,0.0,1.0435120364030201,1320,1193
pretrain,,56,0.10427152960315988,0.13436032010839813,111640.97525637025,0.285847805160008,0.5935165284290155,0.048087930117369136,1.1198753766449434,0.0,0.05993768832247174,0.5005076445106948,0.23975074042876562,0.2747027114033699,0.02272769796510517,0.23975075328988682,5.064620857882692e-08,0.0,1.0458687394857407,1344,1217
pretrain,,57,-0.013471454159259322,0.1340915994681813,98670.76136145987,0.26793053927078886,0.3489001822888836,0.04854857677251648,1.124090992224713,0.0,0.0620454961123566,0.5019293379570757,0.24818196768561998,0.2867495700716972,0.021761935766593514,0.24818198444942632,4.7541800015279044e-08,0.0,1.0447635352611542,1368,1241
pretrain,,58,0.3507365225580634,0.13382341626924496,154020.67646557704,0.30522157911473125,0.6067340991300997,0.048785994717193304,1.1314663687676545,0.0,0.06573318438382732,0.501628755990948,0.2629327370474736,0.299007411301136,0.023248312803589934,0.2629327375353092,4.714266173729461e-08,0.0,1.046228324373563,1392,1265
pretrain,,59,0.04411494716420672,0.13355576943670647,104615.08912952791,0.2743038796752139,0.5682089612427074,0.04809784550246867,1.1251782743659402,0.0,0.06258913718297014,0.5066696921629565,0.25035653946300346,0.2806865096092224,0.02421068191268341,0.25035654873188046,5.335147891990152e-08,0.0,1.0437614470720291,1416,1289
pretrain,,60,0.04229955456547918,0.13328865789783306,104416.78342817178,0.3388797100325604,0.5945928745613817,0.04862463837732344,1.1292395115430864,0.0,0.06461975577154332,0.5104870274662971,0.25847902956108254,0.2968018054962158,0.02784802124328625,0.25847902308617315,5.508107799497471e-08,0.0,1.0431818217039108,1440,1313
pretrain,,61,0.23488520374863997,0.13302208058203738,130699.34144515931,0.32874122161137515,0.607400514473675,0.04836681099083712,1.1345132464276892,0.0,0.06725662321384467,0.5077092051506042,0.26902647875249386,0.31354954540729524,0.028395950613481373,0.2690264928553785,4.4437391377716295e-08,0.0,1.0440653562545776,1464,1337
pretrain,,62,0.18364031449001839,0.13275603642087333,122495.02489522101,0.3780248876522753,0.6160464988575333,0.0479431296716275,1.1334626385276871,0.0,0.06673131926384357,0.5093224591442517,0.2669252635290225,0.2966397300362587,0.02020195148677235,0.2669252770553742,5.02470703193462e-08,0.0,1.0437161773443222,1488,1361
pretrain,,63,0.104019179935113,0.13249052434803157,111609.53199060445,0.3044203638495103,0.6005383431209876,0.04823215293892755,1.1413470914676076,0.0,0.07067354573380381,0.5112439298204012,0.2826941752185424,0.33860088139772415,0.02963700610715109,0.28269418293521514,5.871767087365735e-08,0.0,1.0454126199086506,1512,1385
pretrain,,64,0.09467112595576155,0.1322255432993355,110457.09782046954,0.311218990564099,0.5509779215221569,0.04716602717772259,1.1413663414839121,0.0,0.07068317074195617,0.5157987432820457,0.2827326754728953,0.3200294718146324,0.02643014442043606,0.2827326829678245,4.5368714007842925e-08,0.0,1.0439013242721558,1536,1409
pretrain,,65,0.12791551408899238,0.13196109221273683,114667.78920569466,0.27544581186658657,0.7002323408925195,0.046473253041256664,1.1511256749786083,0.0,0.0755628374893041,0.5216625407338142,0.3022513271619876,0.33801087737083435,0.02822770642070243,0.30225134995721625,5.277494585786968e-08,0.0,1.0453559011220932,1560,1433
pretrain,,66,0.2513590513310856,0.13169717002831136,133575.3810659172,0.30849865331600784,0.6400725412876477,0.04764006716198479,1.1463801132825513,0.0,0.0731900566412757,0.5159752305064882,0.29276020762821037,0.32141119390726086,0.02269404498105252,0.29276022656510264,4.749745126838197e-08,0.0,1.0441699624061584,1584,1457
pretrain,,67,-0.12605427837837246,0.13143377568825473,88805.66587252766,0.24649819401112052,0.5640500137785447,0.0459176654789021,1.1516123635561337,0.0,0.07580618177806694,0.5166494771838188,0.30322472006082535,0.34954739958047865,0.02861323346213936,0.3032247271122676,3.7563343805816864e-08,0.0,1.0463171700636547,1608,1481
pretrain,,68,0.299488983622354,0.13117090813687823,142752.92987839313,0.26993454015000656,0.5748591692668101,0.046694947389745924,1.1580968199386483,0.0,0.07904840996932418,0.5244403359081065,0.3161936327815056,0.3487419471144676,0.02309567720550418,0.3161936398772966,3.760769246019535e-08,0.0,1.0445855557918549,1632,1505
pretrain,,69,0.14080821470392046,0.13090856632060446,116388.44983316475,0.3089947905545361,0.37765587649472515,0.04542096591033865,1.1500002196324723,0.0,0.07500010981623617,0.5215539261698723,0.3000003968675931,0.34281599819660186,0.027314835309429936,0.30000043926494463,6.155598727038598e-08,0.0,1.0454698304335277,1656,1529
pretrain,,70,-0.06695543243985025,0.13064674918796326,93724.6270646244,0.31582027628148157,0.5819618554140769,0.04570232115830771,1.165747573510522,0.0,0.08287378675526098,0.5260353099022592,0.33149513602256775,0.378468482196331,0.03210430977664109,0.3314951470210439,4.7187010502695394e-08,0.0,1.0451701482137044,1680,1553
pretrain,,71,0.15508900390651426,0.13038545568958734,118355.66167603225,0.22542152187885103,0.3965319531126543,0.048795146631208576,1.1633691298110145,0.0,0.08168456490550724,0.5216642740581716,0.3267382470269998,0.3797763422131538,0.03186098188765813,0.3267382596220288,5.6588933539103436e-08,0.0,1.0463595141967137,1704,1577
pretrain,,72,0.0542438919225382,0.13012468477820816,105735.50532312242,0.28399241638822464,0.5933841980874851,0.045618899909415554,1.1727441662833804,0.0,0.08637208314169022,0.5252840545560633,0.3454883322119713,0.40632232427597037,0.02961503507409851,0.3454883325667608,5.0912300708638725e-08,0.0,1.045416275660197,1728,1601
pretrain,,73,0.29934909000948795,0.12986443540865175,142724.42749179355,0.2806648450286325,0.40864303909546845,0.046064292866533386,1.1748995719743627,0.0,0.08744978598718134,0.5254229179450444,0.34979913756251335,0.3860478341579437,0.02902564331854592,0.3497991439487253,6.102380295525123e-08,0.0,1.0467442721128464,1752,1625
pretrain,,74,0.10338191574609046,0.12960470653783443,111530.20640132595,0.27144616584547826,0.38767584709193326,0.047728419926282996,1.1776659708204014,0.0,0.08883298541020072,0.5284727332847459,0.355331930021445,0.4097125679254532,0.04263978251765319,0.35533194164080273,5.9515947411122504e-08,0.0,1.0467788577079773,1776,1649
pretrain,,75,0.05439300454259732,0.12934549712475876,105752.17873851352,0.28614096703707853,0.39519064367501444,0.0464005597697536,1.1852850556107504,0.0,0.09264252780537523,0.5292440019547939,0.3705700983603795,0.3988659024238586,0.03336660907395843,0.37057011122150074,5.046881381328324e-08,0.0,1.0464723308881123,1800,1673
pretrain,,76,0.0060977897352816335,0.12908680613050924,100613.52009003557,0.24690832204608715,0.37137583963682047,0.04513790192496262,1.1817650363913603,0.0,0.09088251819568023,0.5317588315478392,0.3635300261278947,0.4157717749476433,0.034636882475977904,0.3635300727827207,6.439430366711463e-08,0.0,1.0455544243256252,1824,1697
pretrain,,77,0.06624253286864579,0.12882863251824822,107094.19042957193,0.25285955723080633,0.3955204220982114,0.04760995078169055,1.1891949855766837,0.0,0.0945974927883418,0.5273841672710009,0.37838993842403096,0.4258158355951309,0.031740576928429104,0.3783899711533671,5.579065711266059e-08,0.0,1.0476836661497753,1848,1721
pretrain,,78,0.09498099089926582,0.12857097525321173,110494.91667513625,0.2822914148698005,0.3940090730308364,0.045761494611436915,1.2002569978524533,0.0,0.10012849892622659,0.5306353340191501,0.4005139581859112,0.44524681121110915,0.03390874139570499,0.40051399570490626,6.625694885335302e-08,0.0,1.0462523301442463,1872,1745
pretrain,,79,0.2620640838001139,0.12831383330270532,135513.12221658122,0.25004173169835014,0.3716814249996655,0.04696068545778029,1.2023782722119774,0.0,0.10118913610598872,0.5289203524589539,0.4047565311193466,0.4521728456020355,0.029862733332424382,0.40475654442395476,3.831727161488866e-08,0.0,1.0458459903796513,1896,1769
pretrain,,80,0.014115122735220309,0.1280572056360999,101431.7211938965,0.25987647030131406,0.37537779549132727,0.0464466638119436,1.1984699140081092,0.0,0.0992349570040547,0.5324371361306734,0.3969398041566213,0.44581698924303054,0.03256696595700089,0.3969398280162186,4.5679154810536936e-08,0.0,1.0452665587266285,1920,1793
pretrain,,81,0.22743919423226888,0.12780109122482772,129439.64960871289,0.28603147430871484,0.38686731634074883,0.04614729664807926,1.2136140937163005,0.0,0.10680704685815036,0.5307874631668841,0.4272281614442666,0.4606110021471977,0.022808727023798547,0.4272281874326012,4.922705032495145e-08,0.0,1.0448626031478245,1944,1817
pretrain,,82,0.07665403086176059,0.12754548904237806,108301.76698917114,0.282809559096987,0.373507028199577,0.04522281458859345,1.2140189366681235,0.0,0.10700946833406177,0.5351536279278142,0.4280378632247448,0.4962936967611313,0.03994891994358883,0.4280378733362471,4.115558808563217e-08,0.0,1.043665960431099,1968,1841
pretrain,,83,0.06606229014699194,0.1272903980642933,107073.52208290095,0.2880137217093826,0.4402875058754962,0.046550193884673095,1.224469264348348,0.0,0.11223463217417401,0.5367984223578657,0.4489385249714057,0.4897122666239738,0.024440550149219187,0.448938528696696,5.03801164305114e-08,0.0,1.0433850238720577,1992,1865
pretrain,,84,0.28762103904667613,0.1270358172681647,140374.7239617765,0.3162712842053273,0.38621626706240403,0.04682871134388922,1.2235376341711908,0.0,0.11176881708559537,0.5336818599275179,0.447075263907512,0.5072092205286026,0.03637433996456618,0.44707526834238137,4.718701037316938e-08,0.0,1.0414847830931346,2016,1889
pretrain,,85,0.2115867995787719,0.12678174563362837,126837.04426381075,0.23250233667467268,0.3767550680006377,0.04720291064156871,1.2359111250954724,0.0,0.11795556254773625,0.5366092978843621,0.47182223945856094,0.5236384868621826,0.030652698244931307,0.4718222501909448,7.973895183033264e-08,0.0,1.0406540036201477,2040,1913
pretrain,,86,0.05109045563826542,0.1265281821423611,105384.12285363094,0.294088724646874,0.39773552555093256,0.048010837846888366,1.2420177484995552,0.0,0.12100887424977763,0.5356523426515716,0.4840354782839616,0.5271360665559769,0.03496948287404176,0.48403549699911047,5.1000998109914285e-08,0.0,1.0407267212867737,2064,1937
pretrain,,87,0.21221980575113686,0.1262751257780764,126938.96181960824,0.3090150371353588,0.4291647502161131,0.04747560405713983,1.2466012071374626,0.0,0.12330060356873133,0.5365056395530701,0.4932023957371712,0.5394119143486023,0.03170458318836211,0.49320241427492517,5.472628842687991e-08,0.0,1.0392773101727169,2088,1961
pretrain,,88,0.08817653557076033,0.12602257552652024,109670.3516646125,0.2985684920531668,0.3960884848196441,0.04778638503516059,1.2577471903392246,0.0,0.12887359516961236,0.5402173367994172,0.515494380146265,0.5778298497200012,0.03382013608354532,0.5154943806784492,5.729851265678931e-08,0.0,1.0368898461262386,2112,1985
pretrain,,89,0.1121265383493627,0.1257705303754672,112628.66198758878,0.3219690709152628,0.4238831339710256,0.048124797143912545,1.268647294713273,0.0,0.1343236473566365,0.5367658106344086,0.5372945790489515,0.5706993728876114,0.029285600962483616,0.5372945894265457,5.791939435469592e-08,0.0,1.0375559429327648,2136,2009
pretrain,,90,0.09035822121868464,0.12551898931471625,109933.38513318301,0.3169144455359643,0.4208353903861616,0.04693315196810457,1.273718683891708,0.0,0.136859341945854,0.5366297353591238,0.547437364856402,0.5935414016246796,0.03270863249611548,0.5474373677834158,4.0002521980072224e-08,0.0,1.037000795205434,2160,2033
pretrain,,91,0.08638144551231641,0.12526795133608684,109454.86987846425,0.3221765268572151,0.4286394171589398,0.0488326258348897,1.27387044906971,0.0,0.13693522453485502,0.541137093944209,0.5477408990263939,0.5988367527723313,0.032429107308599305,0.54774089813942,4.6477431366505804e-08,0.0,1.0337294240792592,2184,2057
pretrain,,92,0.1752694876741896,0.12501741543341466,121251.72829848561,0.2868796978729323,0.4776888932324356,0.048212095811071144,1.2801031618866892,0.0,0.14005158094334463,0.5404981215085303,0.5602062828838825,0.6148257106542587,0.032746189125482245,0.5602063237733784,6.341863245662438e-08,0.0,1.032863810658455,2208,2081
pretrain,,93,0.12914834285080856,0.12476738060254783,114830.11966396055,0.24247040731394046,0.4418824619899151,0.04868388336531084,1.295183688668268,0.0,0.14759184433413405,0.5397919991186686,0.5903673420349757,0.6269319593906403,0.025883650153797788,0.5903673773365362,5.9427249991343224e-08,0.0,1.0311365177234013,2232,2105
pretrain,,94,-0.05840100762492728,0.12451784584134273,94482.14738986499,0.3033809416249644,0.4438922363913937,0.04905038994106465,1.3067004179493302,0.0,0.15335020897466514,0.5408603421279362,0.613400824368,0.6463404506444931,0.026539391520968014,0.6134008358986605,4.984793209687292e-08,0.0,1.0302747984727223,2256,2129
pretrain,,95,0.3160229760076525,0.12426881014966004,146203.74148871822,0.28536615359590006,0.41437726830655147,0.04803677678664206,1.307501835659856,0.0,0.15375091782992797,0.5394292463149344,0.6150036553541819,0.6559287011623383,0.02525932118664646,0.6150036713197117,6.137859256035345e-08,0.0,1.0295690546433132,2280,2153
pretrain,,96,0.19627328793539212,0.12402027252936072,124420.40123703325,0.3122374759375831,0.4288923046569948,0.05018346427834702,1.3114888817071915,0.0,0.15574444085359576,0.541873635990279,0.622977743546168,0.6828991621732712,0.032796395271144974,0.6229777634143828,6.634564629163601e-08,0.0,1.027251273393631,2304,2177
pretrain,,97,-0.016855737932198522,0.123772231984302,98342.366836964,0.2715946819831277,0.4281210583780293,0.04807605095751355,1.3162872613895507,0.0,0.15814363069477536,0.5406877281410354,0.6325745085875193,0.6768417626619339,0.031376184302402785,0.6325745227791013,5.8185486577026303e-08,0.0,1.0250604450702667,2328,2201
pretrain,,98,0.10873127262671411,0.12352468752033341,112199.60594232481,0.3172246243761631,0.44685408432845025,0.04941556364233255,1.3254874511843635,0.0,0.1627437255921818,0.5419756833996092,0.6509748796621958,0.6992976248264312,0.030190453924834815,0.6509749023687271,5.995943436198914e-08,0.0,1.024184783299764,2352,2225
pretrain,,99,0.042545404164914036,0.12327763814529273,104443.59496001022,0.3623511592999109,0.47694514061245796,0.05032248004630119,1.326795398390719,0.0,0.16339769919535946,0.5418676201786314,0.6535908058285713,0.7154482245445251,0.03215504948331349,0.6535907967814377,6.04916186771239e-08,0.0,1.0230896572271984,2376,2249
pretrain,,100,0.2966357836059157,0.12303108286900215,142173.85199472745,0.3248012753965517,0.42665533138789646,0.05011160345374838,1.3310927393890564,0.0,0.16554636969452816,0.5460945410387856,0.6621854528784752,0.6968751877546311,0.03044582447244249,0.6621854787781124,5.3218432845743756e-08,0.0,1.0213641375303268,2400,2273
pretrain,,101,-0.009411609438885638,0.12278502070326415,99067.61430610875,0.3450037213011334,0.43476220552374867,0.05091113059955687,1.3417582924344709,0.0,0.17087914621723552,0.5452110756720816,0.6835165744026502,0.7235776782035828,0.029667185198409194,0.6835165848689418,6.72326201008507e-08,0.0,1.0191822002331417,2424,2297
pretrain,,102,0.09624002750425087,0.12253945066185762,110648.84819345144,0.3257643266274702,0.4460528154401409,0.04957536439117649,1.3517458967509721,0.0,0.1758729483754862,0.5454177771295821,0.7034917821486791,0.7440001487731933,0.031452669787515,0.7034917935019447,4.896095826915451e-08,0.0,1.0200256208578746,2448,2321
pretrain,,103,0.17656712832953136,0.1222943717605339,121442.80783585139,0.3095258618415855,0.46039874143860304,0.049725981423568454,1.3575866518630868,0.0,0.17879332593154337,0.5480822282178062,0.7151732817292213,0.7388391017913818,0.01714082906488632,0.7151733037261735,5.0025326843912886e-08,0.0,1.0193871706724167,2472,2345
pretrain,,104,-0.0014657327433291734,0.12204978301701283,99853.64124848145,0.348094635972429,0.4660238960946256,0.051516956492398625,1.3597235626408033,0.0,0.17986178132040162,0.5478719334517206,0.7194470887382826,0.7586473762989044,0.027081911516406616,0.7194471252816065,6.20881716410319e-08,0.0,1.0160288413365681,2496,2369
pretrain,,105,0.16512926850712162,0.12180568345097881,119779.02234179953,0.304037384684246,0.46916428825606976,0.05019224757648864,1.3683178257197142,0.0,0.18415891285985708,0.5495101138949394,0.7366356526811918,0.7742579907178879,0.027151976859075597,0.7366356514394283,4.6654826132049486e-08,0.0,1.0170711080233257,2520,2393
pretrain,,106,0.20652572749722575,0.12156207208407685,126028.03073196097,0.3128827904561222,0.5170299627967625,0.05109338511504543,1.3731065561906213,0.0,0.18655327809531067,0.5502076223492622,0.7462130909164747,0.7763544797897338,0.021834343932450206,0.7462131123812424,6.616825147058118e-08,0.0,1.0166588524977367,2544,2417
pretrain,,107,0.20611889046416,0.12131894793990869,125963.44565808751,0.33664526312481247,0.4561155863856679,0.04964615172492896,1.3795156944543123,0.0,0.1897578472271562,0.5501089724046844,0.7590313479304314,0.7887375682592392,0.021080508178664685,0.7590313889086246,5.694372305168708e-08,0.0,1.0148053914308548,2568,2441
pretrain,,108,-0.13959809366655662,0.12107631004402887,87750.23453949348,0.28578244122276636,0.47237930455387217,0.05099614324142698,1.3835934323391743,0.0,0.19179671616958724,0.5487678625753947,0.7671868378917376,0.8042237669229507,0.020858475445561648,0.7671868646783487,7.219967383213326e-08,0.0,1.0138039290904999,2592,2465
pretrain,,109,0.16531590414901887,0.12083415742394082,119805.8049710981,0.32837180007439054,0.565111280727384,0.05040188656274336,1.3779094656485886,0.0,0.18895473282429434,0.5494470660175597,0.7558189158638319,0.7791479825973511,0.019073448726287048,0.7558189312971774,5.587935443992128e-08,0.0,1.0139541576306026,2616,2489
pretrain,,110,-0.20462895523180835,0.12059248910909294,83013.11334555865,0.30084578266994066,0.45670232808533523,0.05231171081980319,1.3888682111920343,0.0,0.1944341055960173,0.5518129404102052,0.7777363806962967,0.8118340462446213,0.021979785433930685,0.777736422384069,6.120119772079491e-08,0.0,1.0127831200758617,2640,2513
pretrain,,111,0.08604959985861615,0.12035130413087475,109415.12798126733,0.379991881790167,0.454397606758802,0.05161091757731009,1.391129069562469,0.0,0.19556453478123462,0.5503718938146318,0.7822581380605698,0.8027275830507279,0.020329511078821992,0.7822581391249384,5.1089695548197277e-08,0.0,1.0118870238463085,2664,2537
pretrain,,112,0.20406948837489625,0.120110601522613,125639.10861492595,0.3098941464784223,0.4756708784134538,0.052724554842052906,1.3971970799778186,0.0,0.1985985399889095,0.5528591796755791,0.7943941230575243,0.8253902912139892,0.022224646091993757,0.7943941599556377,5.357322239533483e-08,0.0,1.0123231758673985,2688,2561
pretrain,,113,0.07276782281619398,0.11987038031956777,107847.85349417065,0.29815407623908813,0.4598789414334552,0.0530002047956957,1.398352459427856,0.0,0.19917622971392812,0.5519546887704304,0.7967049057284991,0.8219758212566376,0.01871929047871028,0.7967049188557125,5.250885369105044e-08,0.0,1.01376577715079,2712,2585
pretrain,,114,0.3046590721415473,0.11963063955892864,143814.34486818605,0.31549688185084135,0.7547694132220418,0.05191758072403118,1.4020120070448943,0.0,0.2010060035224472,0.5523208273308617,0.8040239910284678,0.8364747941493988,0.020021303433342234,0.8040240140897886,5.889506567620847e-08,0.0,1.0140374600887299,2736,2609
pretrain,,115,0.2886531648434376,0.11939137827981078,140578.40009647433,0.36718661580568374,0.7635636020944467,0.05167679604622579,1.4021364893054677,0.0,0.2010682446527339,0.5530600505215781,0.8042729695638021,0.8368557602167129,0.02216590811992014,0.8042729786109356,6.120119777630606e-08,0.0,1.0111341277758281,2760,2633
pretrain,,116,0.18481236582818272,0.11915259552325115,122671.14441890929,0.37356268209760607,0.5146228457066356,0.05250359154814043,1.401862612615029,0.0,0.20093130630751452,0.5537997505494526,0.8037252028783163,0.8333575099706649,0.016438912086538693,0.8037252252300581,4.4348694050455606e-08,0.0,1.0102206617593765,2784,2657
pretrain,,117,0.17342263579729766,0.11891429033220466,120980.81115063891,0.35301257034350547,0.77712977300192,0.05273268931603239,1.3995496687434972,0.0,0.19977483437174848,0.5539315896374839,0.7990993286172549,0.8216230034828186,0.018163284967352502,0.7990993374869936,5.783069699042779e-08,0.0,1.011590912938118,2808,2681
pretrain,,118,0.15907409115858362,0.11867646175154024,118916.54062338827,0.31485794233679726,0.7251280127397424,0.051690153190278455,1.4015868082642555,0.0,0.20079340413212776,0.5526114723512104,0.8031736314296722,0.8266139596700668,0.015011765406466664,0.803173616528511,5.4992380630706585e-08,0.0,1.0101736610134442,2832,2705
pretrain,,119,0.10937679989774962,0.11843910882803717,112280.92866716163,0.3431430099740244,0.5022155938139884,0.0503140465278363,1.4013875262545687,0.0,0.2006937631272844,0.5540096046669143,0.802775020400683,0.8276597499847412,0.017758049757236848,0.8027750525091376,6.013682907202167e-08,0.0,1.0111372619867325,2856,2729
pretrain,,120,0.15764152701722067,0.11820223061038108,118714.30419154144,0.3478831781452489,0.45004051315913657,0.053310076661623636,1.4008803407528572,0.0,0.20044017037642856,0.5521857653345381,0.801760678490003,0.8217933177947998,0.015458249007829196,0.801760681505714,5.339582761128744e-08,0.0,1.0111807435750961,2880,2753
pretrain,,121,0.27101800791696906,0.11796582614916032,137177.59983927011,0.3496603932604319,0.4624112457541618,0.05103896383029364,1.3962240948208742,0.0,0.19811204741043706,0.5540319702454976,0.7924481630325317,0.8282766014337539,0.028134436891576325,0.7924481896417482,8.302075519643164e-08,0.0,1.0144695192575455,2904,2777
pretrain,,122,-0.0073869917851527855,0.11772989449686201,99266.717572751,0.2812253997768781,0.5665591184259386,0.052611582158281156,1.39997781156784,0.0,0.19998890578392006,0.5547416231461934,0.7999556064605713,0.824894517660141,0.021613516492644456,0.7999556231356802,5.0734905980102475e-08,0.0,1.0137464205423992,2928,2801
pretrain,,123,0.17243204219585007,0.11749443470786829,120835.99788630982,0.33865611457993205,0.47375688664169974,0.05097240582257895,1.3987721180809396,0.0,0.19938605904046983,0.5531005944524492,0.7975442459185919,0.8326406121253968,0.023336078544647854,0.7975442361618791,3.388240238377804e-08,0.0,1.0168345669905345,2952,2825
pretrain,,124,0.39775319695463307,0.11725944583845255,166044.88308502827,0.3692191310294815,0.7494329714386114,0.051136027997142564,1.3959206395915575,0.0,0.19796031979577886,0.555252913917814,0.7918412759900093,0.8208785235881805,0.01663732958302588,0.7918412791831152,5.3928012018940784e-08,0.0,1.0181942284107208,2976,2849
pretrain,,125,0.029723236398386477,0.11702492694677565,103063.37712221981,0.37401868691028733,0.4818183040221083,0.0522797216058535,1.3986078103383381,0.0,0.1993039051691691,0.5535939910582133,0.7972155958414078,0.824743601679802,0.018912051678633055,0.7972156206766763,4.8606168645548564e-08,0.0,1.0189645737409592,3000,2873
pretrain,,126,0.07889823195902224,0.11679087709288209,108565.63679459925,0.3853483075362026,0.4791538731298311,0.051366551155398336,1.40094294638506,0.0,0.20047147319253003,0.5538051564778601,0.8018858854969343,0.8235457956790924,0.017992634311363144,0.80188589277012,6.865177837322989e-08,0.0,1.0191621383031209,3024,2897
pretrain,,127,0.18401739919031979,0.11655729533869633,122551.6327195854,0.33118695804860304,0.8640605958312715,0.049607709014888535,1.3959888341348794,0.0,0.19799441706743978,0.5541878289410046,0.791977638999621,0.8257161349058151,0.02022822925443249,0.7919776682697591,5.907246036773728e-08,0.0,1.0209038903315861,3048,2921
pretrain,,128,0.15332713805861786,0.11632418074801894,118109.37198424498,0.36021489984134103,0.5147196343158253,0.05047856284362262,1.3901800847656671,0.0,0.19509004238283353,0.5516349694558552,0.7803601548075676,0.833821764588356,0.028053326497244135,0.7803601695313338,5.4460196260060677e-08,0.0,1.025039404630661,3072,2945
pretrain,,129,0.09800171468274743,0.1160915323865229,110864.95576300104,0.34884889306341643,0.7781905458767991,0.0522086436872772,1.4012103349502596,0.0,0.2006051674751299,0.5556046962738037,0.8024206385016441,0.8263200551271439,0.0184030792574469,0.8024206699005195,5.623414402651979e-08,0.0,1.0257239043712616,3096,2969
pretrain,,130,0.27325447986376383,0.11585934932174985,137599.74740711707,0.31832060161452147,0.5023675911335121,0.05015738857945587,1.3834397573733614,0.0,0.19171987868668072,0.5499963728444917,0.7668795064091682,0.7988205164670944,0.020424355987460212,0.7668795147467226,5.800809182998634e-08,0.0,1.0298607001701992,3120,2993
pretrain,,131,0.05191826894495788,0.11562763062310635,105476.13852733797,0.3868796551498843,0.5475158187404318,0.051499301746211125,1.3907997416598452,0.0,0.19539987082992283,0.5509517139622143,0.7815994669993719,0.8304537266492843,0.026896288868162376,0.7815994833196912,6.563606709993526e-08,0.0,1.0284247994422913,3144,3017
pretrain,,132,-0.0354555458215533,0.11539637536186015,96575.85050709036,0.36619383322435056,0.8576668072835872,0.05323466759828304,1.394190049597195,0.0,0.1970950247985976,0.5534434957163674,0.7883800913890203,0.816083911061287,0.018552297776975056,0.7883800991943902,5.250885374656159e-08,0.0,1.0263497978448868,3168,3041
pretrain,,133,0.057442414374918815,0.11516558261113642,106094.31352004073,0.3194192188958817,0.4977127266427244,0.05425496925091289,1.3984822361242202,0.0,0.1992411180621102,0.5547706027116095,0.796964464088281,0.8217072874307633,0.019632282299314924,0.7969644722484407,5.357322241383855e-08,0.0,1.0283656467994053,3192,3065
pretrain,,134,-0.2145260785895775,0.11493525144591415,82336.64287894868,0.3304618313198197,0.5207179737298036,0.050019857665845956,1.3845029029817806,0.0,0.1922514514908904,0.5517463109322956,0.7690058052539825,0.8153272062540055,0.03661491792677584,0.7690058059635616,5.71211179652605e-08,0.0,1.0330941478411357,3216,3089
pretrain,,135,0.1573665088601791,0.11470538094302231,118675.55829608806,0.29613517692409214,0.45873322509937997,0.05294896082968342,1.3838049164485362,0.0,0.1919024582242682,0.552760902260031,0.7676098272204399,0.8051898777484894,0.02418301673754202,0.7676098328970727,5.392801194492591e-08,0.0,1.0327451129754384,3240,3113
pretrain,,136,0.12204048699573766,0.11447597018113627,113900.46866490814,0.36633036606709624,0.46963596336676944,0.05043671660975948,1.3938067554540574,0.0,0.1969033777270289,0.5532209192003523,0.7876134961843491,0.8221330970525742,0.019865391694046004,0.7876135109081154,7.149009482546968e-08,0.0,1.033696636557579,3264,3137
pretrain,,137,0.06526168440842706,0.114247018240774,106981.81333961093,0.3162892778420516,0.46512532619288016,0.05118765421711615,1.3875831922604924,0.0,0.1937915961302462,0.5488968534129006,0.7751663575569788,0.8046899825334549,0.015721708245544582,0.7751663845209849,4.789658960187756e-08,0.0,1.0368345181147258,3288,3161
pretrain,,138,0.1925221418300339,0.11401852420429245,123842.40507428377,0.33323364175100545,0.47031071123202234,0.05048165325698312,1.3697544977601084,0.0,0.1848772488800543,0.5454933632697379,0.7395089914401373,0.7692331373691559,0.02363687942480833,0.7395089955202169,5.552456496434507e-08,0.0,1.0428708245356877,3312,3185
pretrain,,139,0.21904769984751082,0.11379048715588387,128048.79373615257,0.3662579816634925,0.7539459691928913,0.050977121444510665,1.3902668501472188,0.0,0.1951334250736095,0.5510062032512255,0.7805336738626162,0.8118624031543732,0.019409063427356637,0.7805337002944377,7.219967390614812e-08,0.0,1.0399285306533177,3336,3209
pretrain,,140,0.2614024153309348,0.11356290618157211,135391.72355242108,0.301506061205222,0.46656148983517487,0.049287328235544194,1.3667990544012614,0.0,0.18339952720063077,0.5449435178722655,0.7335980807741483,0.755985951423645,0.01964203146855145,0.7335981088025229,5.712111787274191e-08,0.0,1.046897957722346,3360,3233
pretrain,,141,0.2359063837063775,0.11333578036920895,130874.01578496168,0.42843432675528104,0.8437187308292009,0.05242226996106786,1.3930519965610333,0.0,0.19652599828051673,0.5525701642036438,0.7861039961377779,0.8212888687849045,0.023011202162711544,0.7861039931220667,6.297514552426146e-08,0.0,1.0433945904175441,3384,3257
pretrain,,142,-0.03282754684477074,0.11310910880847054,96821.58488655178,0.35882141004227747,0.8441790278686587,0.05126022662764466,1.3907420710616167,0.0,0.19537103553080848,0.5518959813884325,0.7814841270446777,0.8165793389081955,0.029004371360993316,0.7814841421232336,6.191077681997707e-08,0.0,1.0424094100793202,3408,3281
pretrain,,143,0.027540005923773925,0.1128828905908536,102831.99371609473,0.41516835394252044,0.5395231218564869,0.04949885047059207,1.380465242302134,0.0,0.19023262115106698,0.5482844061085156,0.7609304760893186,0.7853605359792709,0.018198176746008893,0.7609304846042678,4.789658952786269e-08,0.0,1.0458634694417317,3432,3305
pretrain,,144,0.1953142623932358,0.11265712480967188,124272.11683583765,0.27522734468399024,0.5026003981091477,0.04967678216436394,1.392751469232497,0.0,0.19637573461624838,0.548324391245842,0.7855029205481211,0.8071300357580184,0.015866597852801558,0.7855029384649934,6.262035590065551e-08,0.0,1.0450337529182434,3456,3329
pretrain,,145,0.23179902859993196,0.11243181056005254,130174.26913395745,0.3456798825633122,0.496990306217271,0.05188845339139708,1.3891829413672288,0.0,0.1945914706836144,0.5487456257854189,0.7783658504486084,0.8097166508436203,0.023483596320375836,0.7783658827344575,6.031422385606906e-08,0.0,1.046643575032552,3480,3353
pretrain,,146,0.27522371243532495,0.11220694693893243,137973.60884420015,0.29252297254041637,0.4659963833010878,0.049482322681572155,1.373093622869679,0.0,0.1865468114348395,0.540743465934481,0.746187205115954,0.7699736028909683,0.02044457039882806,0.7461872457393577,6.226556640657559e-08,0.0,1.0515670478343964,3504,3377
pretrain,,147,0.006359921626324594,0.11198253304505458,100640.06291259246,0.3125646039354987,0.4679471234509767,0.04881825833255048,1.3949885479218904,0.0,0.19749427396094518,0.5493432762367385,0.7899770736694336,0.833507752418518,0.030320646934909882,0.7899770958437805,6.332993511085998e-08,0.0,1.0480997264385223,3528,3401
pretrain,,148,0.12746371072362872,0.11175856797896445,114608.41368894116,0.23117199166208088,0.48042879525749155,0.04829952294140477,1.3954291695817596,0.0,0.1977145847908798,0.5509173912661416,0.790858323375384,0.8220917552709579,0.023048308977123556,0.790858339163519,4.523566789667773e-08,0.0,1.0505028516054153,3552,3425
pretrain,,149,0.19475733848216237,0.11153505084300654,124186.16744858696,0.31790775623249673,0.4717925800867273,0.04706049351955723,1.363350189867474,0.0,0.1816750949337369,0.5350346501384462,0.7267003630598386,0.767247113585472,0.026539081648788338,0.7267003797349476,5.357322237683112e-08,0.0,1.0602008203665416,3576,3449
pretrain,,150,-0.06854690658497997,0.11131198074132052,93585.03532577225,0.30501638164889144,0.4661245855721634,0.04912783726183839,1.3733824094136555,0.0,0.1866912047068278,0.5439031666943005,0.7467648064096769,0.7807612448930741,0.025045816203190713,0.7467648188273112,6.20881716410319e-08,0.0,1.0580271830161412,3600,3473
pretrain,,151,0.11179446622688083,0.11108935677983789,112586.55367209604,0.29532829661488136,0.47395971032076584,0.04879389350127434,1.3977937477507762,0.0,0.1988968738753881,0.5488418340682983,0.7955874726176262,0.8272472858428955,0.018905475185462435,0.7955874955015522,5.7298512730804184e-08,0.0,1.0536701182524364,3624,3497
pretrain,,152,-0.027912915102463964,0.11086717806627822,97284.50584749374,0.31213904770425427,0.5007524505103293,0.04884178065024395,1.3763597031966561,0.0,0.18817985159832806,0.5440500346677644,0.7527194047967593,0.7858146250247955,0.02130913222498789,0.7527194063933123,3.849466647295093e-08,0.0,1.0586287180582683,3648,3521
pretrain,,153,0.10142865028614567,0.11064544371014565,111287.76811306583,0.338887022603887,0.5034058024208198,0.047416541885905494,1.3746057106625467,0.0,0.18730285533127333,0.5407649214778627,0.749211405714353,0.7829468190670014,0.027480394085479903,0.7492114213250932,4.151037767223068e-08,0.0,1.0596860994895299,3672,3545
pretrain,,154,0.23924834132792572,0.11042415282272536,131448.94113613165,0.28703730262777843,0.509978939787096,0.04854886717115122,1.3666302679727476,0.0,0.18331513398637378,0.542494067123958,0.7332605198025703,0.7899942904710769,0.04786412461764752,0.733260535945495,5.765330228039526e-08,0.0,1.060990333557129,3696,3569
pretrain,,155,0.12261265821523959,0.11020330451707991,113974.74665702651,0.35614326915550515,0.4749978092071111,0.04818442362546204,1.392187391984321,0.0,0.19609369599216042,0.546064267201083,0.7843747759858767,0.8263314634561538,0.037806126118268925,0.7843747839686417,6.013682905351796e-08,0.0,1.0569390654563904,3720,3593
pretrain,,156,0.002551006859754512,0.10998289790804576,100255.75311392348,0.3310237360485648,0.5139551518964486,0.04839509278027077,1.3837412288855937,0.0,0.19187061444279693,0.5417332713093077,0.7674824297428131,0.8148538857698441,0.031787272386348535,0.7674824577711877,5.7475907459340427e-08,0.0,1.0573177884022396,3744,3617
pretrain,,157,0.04725763217075807,0.10976293211222965,104960.16906211816,0.37795223295929087,0.491470021312746,0.049393871417308645,1.382306672366602,0.0,0.19115333618330102,0.5401136268462454,0.7646133154630661,0.785750949382782,0.024857832542913485,0.7646133447332041,6.545867242691017e-08,0.0,1.060310184955597,3768,3641
pretrain,,158,0.07517289310080444,0.1095434062480052,108128.31853002749,0.3388185360021647,0.4807185569380745,0.04896294224067547,1.3896002285182476,0.0,0.1948001142591238,0.5466025418468884,0.7792004446188608,0.8201923906803131,0.030022746175927813,0.7792004570364952,5.924985518879211e-08,0.0,1.0599796573321025,3792,3665
pretrain,,159,0.02497596236633215,0.10932431943550919,102561.57401277486,0.28939537082686684,0.4739348721571291,0.046978134986751595,1.3862030481298764,0.0,0.19310152406493822,0.5398909407002586,0.7724060912926992,0.8141963630914688,0.036775232645081916,0.7724060962597529,7.415101645665463e-08,0.0,1.063828522960345,3816,3689
pretrain,,160,0.2295422364439148,0.10910567079663817,129792.96819392817,0.24311277163161105,0.4724242350241206,0.0475129995148888,1.3647934946098499,0.0,0.18239674730492492,0.5330806417124612,0.7295869787534078,0.8038901716470718,0.04624845166388905,0.7295869892196997,4.3106930654642404e-08,0.0,1.0666067550579708,3840,3713
pretrain,,161,0.36656236845105084,0.10888745945504488,157868.73879827655,0.3459336941515602,0.5206836486664937,0.04920166553638017,1.3826424242662532,0.0,0.1913212121331266,0.5427297289882387,0.7652848412593206,0.8223074585199356,0.04810712287690022,0.7652848485325063,6.013682910902911e-08,0.0,1.0651305814584096,3864,3737
pretrain,,162,0.23762353731948982,0.1086696845361348,131168.7924472389,0.3282891670695612,0.4453221277204515,0.04881518996957653,1.3659400289789552,0.0,0.18297001448947758,0.5368334704211779,0.7318800340096155,0.781100532412529,0.03778553431082521,0.7318800579579103,6.971614689247711e-08,0.0,1.0656264871358871,3888,3761
pretrain,,163,0.13001374729217763,0.10845234516706252,114944.34502700603,0.32407362061298717,0.4933547277359924,0.050457630625968204,1.3757389264979532,0.0,0.18786946324897666,0.5421103270990508,0.7514778301119804,0.8016339272260666,0.0365986699544287,0.7514778529959066,5.6234144045023506e-08,0.0,1.0625537137190502,3912,3785
pretrain,,164,0.1597258966752907,0.10823544047672841,119008.78487666154,0.30556266839816665,0.4911216276882111,0.049400608814795986,1.3787308873697404,0.0,0.18936544368487032,0.5418906190565653,0.7574617887536684,0.8220107108354568,0.050480340367484125,0.7574617747394811,5.1621879863332033e-08,0.0,1.0637558201948802,3936,3809
pretrain,,165,0.09019161468172021,0.10801896959577495,109913.2538386276,0.33858554685733194,0.523228773578041,0.04819469732287906,1.3956054740895827,0.0,0.19780273704479137,0.5467613935470581,0.7912109022339185,0.8390886127948761,0.03587713329900309,0.7912109481791655,7.503799024736561e-08,0.0,1.0606994032859802,3960,3833
pretrain,,166,0.06476637520357442,0.10780293165658339,106925.15468716944,0.3779582926938277,0.5206670610828215,0.04887433734268944,1.3971206060655061,0.0,0.19856030303275304,0.5424803591200283,0.7942411750555038,0.822664600610733,0.02391851261385589,0.794241212131012,7.361883203049757e-08,0.0,1.0635192692279816,3984,3857
pretrain,,167,0.09647646710411917,0.10758732579327022,110677.80346516296,0.3326810616695749,0.4795256294301312,0.0472099507877499,1.3922953508084728,0.0,0.19614767540423647,0.541533462703228,0.7845906987786293,0.816302815079689,0.026600361043243464,0.7845907016169456,4.896095823214708e-08,0.0,1.0637739648421605,4008,3881
pretrain,,168,0.024429327305704573,0.10737215114168369,102504.10636455855,0.3597830154094041,0.4953919805378475,0.046842778258653565,1.3986079240483897,0.0,0.19930396202419484,0.5438153839537075,0.7972158342599869,0.8211078226566315,0.02000874883309689,0.7972158480967794,5.2863643351663825e-08,0.0,1.0621578792730968,4032,3905
pretrain,,169,0.19156089726973247,0.10715740683940032,123695.15485121778,0.33201180654265255,0.4538903266892178,0.048750914856031224,1.3926339513134387,0.0,0.19631697565671946,0.546393158180373,0.7852679118514061,0.8335190176963806,0.04188529747833835,0.7852679026268777,4.825137907745377e-08,0.0,1.0624081293741863,4056,3929
pretrain,,170,-0.00337431970322033,0.10694309202572153,99663.70280393279,0.2676994008675786,0.46602705922941146,0.04769220197690264,1.3957513927349023,0.0,0.19787569636745114,0.5426917565720422,0.7915027514100075,0.8242182284593582,0.030293133508338444,0.7915027854698046,7.627975371719368e-08,0.0,1.062406634291013,4080,3953
pretrain,,171,0.2813385371510716,0.10672920584167009,139147.57527637357,0.22273277611420728,0.5052947804193942,0.04763985681237315,1.3855337823430698,0.0,0.19276689117153487,0.5319111421704292,0.7710675547520319,0.7925904124975205,0.02215335751557273,0.7710675646861395,5.8540276108113666e-08,0.0,1.067989652355512,4104,3977
pretrain,,172,0.17837387340967392,0.10651574742998675,121709.85897806213,0.3218773408405708,0.48460389803283715,0.049385628013551584,1.3737655893145575,0.0,0.18688279465727864,0.5371632490839278,0.7475311458110809,0.8096923261880874,0.04479809881733608,0.7475311786291146,6.90065678488061e-08,0.0,1.0599524577458699,4128,4001
pretrain,,173,0.14629597504174763,0.10630271593512676,117136.61535669833,0.2988913336225394,0.5189912694755955,0.04926068183582594,1.3900543194086776,0.0,0.19502715970433895,0.5442519166639872,0.7801086232066154,0.8232587516307831,0.0380190781917071,0.7801086388173557,4.399390446385709e-08,0.0,1.0640035569667816,4152,4025
pretrain,,174,0.3174488478183438,0.10609011050325652,146509.16591433092,0.354073842055147,0.5354603483713405,0.0499437371083478,1.335715543656122,0.0,0.16785777182806108,0.5370923312647002,0.6714310720562935,0.7812359988689422,0.07837182684190792,0.6714310873122442,5.7475907459340427e-08,0.0,1.0647037227948506,4176,4049
pretrain,,175,0.002135976740574641,0.10587793028225,100214.0548903244,0.24622792564138632,0.4974285434832735,0.048153500533236526,1.3985280581705626,0.0,0.1992640290852814,0.54856711519616,0.7970560863614082,0.8397123008966446,0.027838523278857493,0.7970561163411253,5.907246042324843e-08,0.0,1.060391033689181,4200,4073
pretrain,,176,0.0613312081193953,0.10566617442168551,106533.84970821491,0.36171284319349134,0.5314297947347786,0.050041396352911514,1.3982163281845195,0.0,0.19910816409225973,0.5467206825103079,0.796432634194692,0.8296029567718506,0.03109504244898046,0.7964326563690389,4.913835299769076e-08,0.0,1.059631531437238,4224,4097
pretrain,,177,0.20168747098757633,0.10545484207284213,125264.22468116338,0.33640497677737463,0.48522602562650086,0.04926419613961162,1.391885066050149,0.0,0.19594253302507458,0.5439039362328393,0.7837701340516409,0.8353247225284576,0.04151276670924992,0.7837701321002982,5.51697753222354e-08,0.0,1.0616071671247482,4248,4121
pretrain,,178,0.2693649126137718,0.10524393238869643,136867.2292453675,0.1594281363094536,0.4827546440225964,0.04846844762342863,1.3877303462830326,0.0,0.1938651731415164,0.5410264762384551,0.7754606877764066,0.8136182695627212,0.029200146392407884,0.7754606925660656,6.297514550575774e-08,0.0,1.063375140229861,4272,4145
pretrain,,179,0.08522274359007631,0.10503344452391905,109316.22895004365,0.33659159868150096,0.5044419839957175,0.047615139350247505,1.3973426228123051,0.0,0.1986713114061526,0.5465773418545723,0.7946852445602417,0.8435961425304412,0.0390522975847803,0.7946852456246103,5.038011644901511e-08,0.0,1.0610288729270299,4296,4169
pretrain,,180,0.2664327045415368,0.1048233776348712,136320.14488527903,0.22695641131522795,0.48215959264940345,0.04839863887903743,1.391589241811917,0.0,0.19579462090595853,0.5452328835214888,0.7831784908970197,0.8332505375146866,0.04013491480522041,0.7831784836238338,6.65230410571797e-08,0.0,1.0605958253145218,4320,4193
pretrain,,181,0.20420990564357566,0.10461373087960146,125661.27765246002,0.24562038640433118,0.4676509644489957,0.04855773685280868,1.3883128506796698,0.0,0.19415642533983504,0.5371648743748665,0.7766257027784983,0.8002912372350692,0.020695871267095496,0.7766257013593401,6.989354180605052e-08,0.0,1.06462229291598,4344,4217
pretrain,,182,0.16866275321901125,0.10440450341784226,120288.12661432991,0.26087269472223634,0.45734176015036226,0.048458997787028134,1.3990136842642513,0.0,0.19950684213212555,0.5422871581145695,0.7980273390809695,0.8263699948787689,0.022383414956750315,0.7980273685285022,6.279775079572521e-08,0.0,1.0599325050910313,4368,4241
pretrain,,183,0.005411570963157808,0.10419569441100658,100544.10154041288,0.30347706286822845,0.45812978480312616,0.05013821821785166,1.3803581363920656,0.0,0.19017906819603272,0.5321861718382155,0.7607162669301033,0.7946960985660553,0.026583049402093002,0.7607162727841308,6.120119775780235e-08,0.0,1.0632028828064601,4392,4265
pretrain,,184,0.17983324850542914,0.10398730302218456,121926.4251053488,0.22017474076073174,0.442184289074051,0.05034428050136014,1.3704416891116473,0.0,0.18522084455582358,0.5320324897766113,0.7408833627899488,0.7918171137571335,0.04777057641762726,0.7408833782232941,4.275214099402902e-08,0.0,1.0632980465888977,4416,4289
pretrain,,185,0.2006701119457449,0.1037793284161402,125104.79277013152,0.2671588973554831,0.5172207574421683,0.04903532102418012,1.3971332868649846,0.0,0.1985666434324923,0.5481086405260223,0.7942665542165438,0.8365731298923492,0.04743405203588669,0.7942665737299691,6.98935417690431e-08,0.0,1.0583923310041428,4440,4313
pretrain,,186,0.15133888345656732,0.10357176975930792,117832.66376960515,0.1626857347222728,0.49466656034229595,0.04667037750028032,1.3907926165099653,0.0,0.19539630825498278,0.5473792616810118,0.781585211555163,0.8190057098865509,0.023979776461629347,0.7815852330199308,4.807398438592495e-08,0.0,1.0622459550698597,4464,4337
pretrain,,187,0.1197574227996917,0.1033646262197893,113605.04773361351,0.25307343342014965,0.5006709028702979,0.050520958267876136,1.4008865378619657,0.0,0.200443268930983,0.5512464493513107,0.8017730539043745,0.845598703622818,0.02864595256890664,0.8017730757239319,4.4171299229400773e-08,0.0,1.0585111230611801,4488,4361
pretrain,,188,0.08631585401730113,0.10315789696734971,109447.0123397474,0.1732348754604435,0.47365579777311617,0.04921571885170811,1.3740980810530126,0.0,0.18704904052650648,0.5274236776999064,0.7481961399316788,0.80447199344635,0.049304518019299554,0.7481961621060256,5.268624849360156e-08,0.0,1.0635466029246647,4512,4385
pretrain,,189,0.2767593356803296,0.10295158117341502,138266.56178696317,0.29873074921451676,0.5324439812845734,0.05031402123510876,1.373976541062196,0.0,0.18698827053109804,0.5375589728355408,0.7479530523220698,0.8142180979251862,0.06455213382305869,0.7479530821243922,5.4282801476013276e-08,0.0,1.0646663655837376,4536,4409
pretrain,,190,0.14898986602052156,0.1027456780110682,117507.41384521684,0.1695597772835812,0.47061172536346685,0.048360964887091275,1.3937959111339986,0.0,0.1968979555669995,0.543503999710083,0.787591814994812,0.8284127235412597,0.025686250454503512,0.7875918222679977,5.7653302206380395e-08,0.0,1.0599332650502522,4560,4433
pretrain,,191,0.11923304575501636,0.10254018665504605,113537.4113640794,0.2608226265672684,0.4884350520411655,0.05138285255744382,1.3910470134800388,0.0,0.19552350674001948,0.5439803547092846,0.7820939819018046,0.8278982907533645,0.06199040549046556,0.7820940269600776,6.208817162252818e-08,0.0,1.0599831243356068,4584,4457
pretrain,,192,0.3050471773893164,0.10233510628173596,143894.65981926164,0.2230776188433862,0.48488806856126787,0.05064057192177044,1.3926839959763344,0.0,0.19634199798816732,0.5428826319319862,0.7853679483135542,0.8301223367452621,0.041630787771662896,0.7853679919526689,5.995943434348543e-08,0.0,1.05997696518898,4608,4481
pretrain,,193,0.20873977687349177,0.10213043606917249,126380.67361059776,0.16250509078146705,0.45117296493409936,0.049836680824701184,1.3684603275642508,0.0,0.18423016378212545,0.5218433599386896,0.7369206448396047,0.7921792596578598,0.04842635954884121,0.7369206551285016,6.066901347967502e-08,0.0,1.0674921323855717,4632,4505
pretrain,,194,0.11415631147180982,0.10192617519703415,112886.73306026236,0.22294037211808423,0.48585620779560407,0.0496841618033159,1.3915913568898326,0.0,0.1957956784449163,0.5383124958191599,0.7831826979915301,0.824983948469162,0.04086490112442561,0.7831827137796651,6.510388282180794e-08,0.0,1.0606451233228047,4656,4529
pretrain,,195,0.03669297324202436,0.10172232284664007,103809.06317744977,0.16965774488598337,0.43423702863617986,0.049439292111300805,1.3786115976316589,0.0,0.18930579881582943,0.5235812099916595,0.757223183910052,0.7966675788164139,0.029204919528614166,0.7572231952633176,6.953875227496316e-08,0.0,1.056829810142517,4680,4553
pretrain,,196,0.1636478998808253,0.1015188782009468,119566.8666172425,0.24770194714960606,0.5850107084897869,0.05146814157544874,1.3856811229849144,0.0,0.19284056149245732,0.5393589181559426,0.7713622376322746,0.8267097562551499,0.06371544198702887,0.7713622459698289,5.020272160945657e-08,0.0,1.0606286724408467,4704,4577
pretrain,,197,0.1082823073145115,0.1013158404445449,112143.11527097883,0.3816011605704166,0.5506097168997667,0.052442393768269396,1.401190458131688,0.0,0.200595229065844,0.5442943572998047,0.8023809120059013,0.8523274570703506,0.052365812557462095,0.8023809162633758,5.002532691792775e-08,0.0,1.056717336177826,4728,4601
pretrain,,198,0.31666739111105824,0.10111320876365582,146341.61856053388,0.270694917559364,0.586265243291079,0.05398089412476075,1.3662948155154784,0.0,0.18314740775773922,0.5308339052966662,0.7325895900527636,0.8314694434404373,0.09368758882267852,0.7325896310309569,5.6234144045023506e-08,0.0,1.0588444620370865,4752,4625
pretrain,,199,0.12245443185115934,0.1009109823461285,113954.19637403829,0.32870602530231735,0.5117145955446409,0.05410374457681958,1.373064648182619,0.0,0.18653232409130963,0.5340329163840838,0.7461292644341787,0.8123750746250152,0.05922089327016252,0.7461292963652383,6.20881716410319e-08,0.0,1.0625505695740383,4776,4649
pretrain,,200,0.29860567268085014,0.10070916038143624,142573.1519418146,0.13500020331327114,0.5281319104950324,0.05112044390631254,1.3819235670602037,0.0,0.19096178353010193,0.5298857688903809,0.7638471238315105,0.8145564585924149,0.08003692299393882,0.7638471341204075,5.6056749279479824e-08,0.0,1.0581709494193394,4800,4673
pretrain,,201,0.28983637676583807,0.10050774206067338,140812.6194138038,0.24103077097016623,0.4313988861636648,0.05241242394110988,1.3642981570391426,0.0,0.1821490785195714,0.5150112360715866,0.7285962998867035,0.7853760749101638,0.04852070443430231,0.7285963140782855,4.399390448236081e-08,0.0,1.0624245007832844,4824,4697
pretrain,,202,0.15666633341580571,0.10030672657655203,118577.02824201965,0.16517269623873884,0.5276367552787989,0.05131419774957858,1.3831471493911174,0.0,0.1915735746955588,0.5201432098235403,0.7662942782044411,0.8101713567972183,0.03008404896080062,0.7662942987822351,5.4992380630706585e-08,0.0,1.0538657903671265,4848,4721
pretrain,,203,0.07601815406206058,0.10010611312339891,108227.23459300156,0.23219293377194408,0.5881080500307121,0.04857612157459939,1.3714610976832253,0.0,0.1857305488416127,0.5368869368519102,0.7429221644997597,0.8362131595611572,0.08123184313721996,0.7429221953664508,5.534717018029767e-08,0.0,1.0598208059867222,4872,4745
pretrain,,204,0.006023372585141518,0.09990590089715211,100605.98734608149,0.29687091610312494,0.5456276322731825,0.053183301650664816,1.3895261994607393,0.0,0.19476309973036962,0.5343494223696845,0.7790523668130239,0.8482112288475037,0.06413680051506974,0.7790523989214785,8.000504403415931e-08,0.0,1.0596859107414882,4896,4769
pretrain,,205,0.14941569577204916,0.09970608909535782,117566.2418209879,0.2637877795565197,0.4760552602250142,0.051729044694376225,1.3589700136688494,0.0,0.1794850068344247,0.49827599951199125,0.717940034965674,0.7584840297698975,0.0296757296041328,0.7179400273376988,4.239735149994909e-08,0.0,1.0411039491494496,4920,4793
pretrain,,206,0.2669880756561933,0.09950667691716711,136423.42870413756,0.1960327465737585,0.4968806506087309,0.05022569119991127,1.3755159346120698,0.0,0.18775796730603492,0.5286537504621914,0.7510318582256635,0.8244741261005402,0.06311601926320104,0.7510318692241396,6.031422381906164e-08,0.0,1.0649512509504955,4944,4817
pretrain,,207,0.2811882494128053,0.09930766356333276,139118.4825767113,0.19399658509459808,0.5035461512621392,0.051899435222405164,1.3759182280018216,0.0,0.18795911400091084,0.5275511592626572,0.7518364414572716,0.8150077253580094,0.08090010727012621,0.7518364560036431,7.166748959101336e-08,0.0,1.0611102382342021,4968,4841
pretrain,,208,-0.07068861075968313,0.0991090482362061,93397.83667732043,0.2153050776658293,0.44391654519540147,0.05151024233978238,1.3701246417171895,0.0,0.18506232085859495,0.5143913786326135,0.7402492612600327,0.771357211470604,0.027422737595243968,0.7402492834343796,5.587935449543243e-08,0.0,1.0371709167957306,4992,4865
pretrain,,209,0.22986786493561784,0.09891083013973369,129847.84746274755,0.236277589138824,0.47348119928811505,0.0523565705555634,1.37083449312264,0.0,0.18541724656132005,0.5366562530398369,0.7416689619421959,0.825862967967987,0.06319194312422982,0.7416689862452802,5.268624845659412e-08,0.0,1.0498700936635335,5016,4889
pretrain,,210,0.2546724684521062,0.09871300847945423,134169.2018169788,0.2859759510933307,0.5530678240001656,0.05493462417960892,1.346676669305279,0.0,0.1733383346526396,0.48139240060533794,0.6933533251285553,0.7347662299871445,0.03067270653617295,0.6933533386105583,6.528127762435905e-08,0.0,1.0363483478625615,5040,4913
pretrain,,211,0.14989405912966824,0.09851558246249531,117632.3975546163,0.23831136766859615,0.4699447363235706,0.050897011592530926,1.3543064888744125,0.0,0.17715324443720637,0.5247141745473658,0.7086129660407702,0.8000507950782776,0.08742526757410739,0.7086129777488255,4.363911493276973e-08,0.0,1.0599027971426647,5064,4937
pretrain,,212,0.1682717424922343,0.09831855129757032,120231.5769571726,0.2939379584681549,0.5829056939833043,0.05485527306488391,1.3640149178515586,0.0,0.1820074589257794,0.5245006158947945,0.728029811133941,0.8239605993032455,0.10284216945874423,0.7280298357031175,6.28864481229859e-08,0.0,1.0585070898135502,5088,4961
pretrain,,213,0.12896110859472953,0.09812191419497518,114805.43634356822,0.30414514651904034,0.5919120388061135,0.048768510750470805,1.4036360845147147,0.0,0.20181804225735722,0.5411772206425667,0.8072721610466639,0.835376912355423,0.029935809295511182,0.8072721690294288,5.8362881398081136e-08,0.0,1.0598109662532806,5112,4985
pretrain,,214,0.22932973398725964,0.09792567036658523,129757.17944507653,0.1553697748254167,0.3726893855560285,0.05341805810607276,1.3739333499577782,0.0,0.1869666749788892,0.5314404921872276,0.747866672774156,0.8245863884687423,0.06766087223560185,0.7478666999155568,5.375061719788595e-08,0.0,1.0742989828189213,5136,5009
pretrain,,215,0.20530913161545383,0.09772981902585205,125835.09384382481,0.3355311380751203,0.615337350082285,0.05431353510389838,1.385685952158556,0.0,0.19284297607927806,0.5193903275898524,0.771371861298879,0.8441783100366592,0.06358725158845885,0.7713719043171121,6.288644814148962e-08,0.0,1.0415632923444111,5160,5033
pretrain,,216,0.29550003314789774,0.09753435938780036,141944.64826851196,0.28464824366615704,0.6755275614994345,0.05128807668698748,1.3064949920046187,0.0,0.15324749600230939,0.487111251269068,0.6129899534086386,0.7083494186401367,0.06466017824906446,0.6129899840092375,6.998223917031865e-08,0.0,1.069390778740247,5184,5057
pretrain,,217,0.29949440763497526,0.09733929066902476,142754.03521388484,0.2579653228532966,0.48882003271972385,0.05096085982986046,1.4034827289481957,0.0,0.20174136447409788,0.5313422796981675,0.8069654405117035,0.8688282638788223,0.0405763401566443,0.8069654578963915,5.392801194492591e-08,0.0,1.0493642340103786,5208,5081
pretrain,,218,0.15612713903725406,0.0971446120876867,118501.26319492416,0.2833696926663085,0.5086588010937559,0.054123563857094326,1.3928174085560299,0.0,0.19640870427801496,0.5128872958677155,0.7856348032752672,0.828708153963089,0.03683736874205788,0.7856348171120597,4.896095821364336e-08,0.0,1.0303840984900792,5232,5105
pretrain,,219,0.13451327082180664,0.09695032286351134,115541.92182120819,0.4013226830552307,0.5710533333751032,0.057325457069114315,1.3677431823951858,0.0,0.1838715911975929,0.48942178062030245,0.7354863559206327,0.7796963661909103,0.03219743905286643,0.7354863647903714,4.860616860854113e-08,0.0,1.021453817685445,5256,5129
pretrain,,220,0.18497831548484145,0.09675642221778431,122696.12195593074,0.35881145588566704,0.6887527137806174,0.05586424907805614,1.380687637609385,0.0,0.19034381880469264,0.5084969390715872,0.761375275750955,0.7963658720254898,0.03227702491802558,0.7613752752187706,5.233145901802535e-08,0.0,1.014134705066681,5280,5153
pretrain,,221,0.13702636870033857,0.09656290937334874,115878.39578527714,0.20702866735207626,0.49353942068765516,0.05155481251973707,1.3523014687179102,0.0,0.176150734358955,0.5113760254212788,0.704602931936582,0.7746457397937774,0.06313536535992449,0.70460293743582,5.83628812500514e-08,0.0,1.0508743077516556,5304,5177
pretrain,,222,0.058413850232931,0.09636978355460203,106203.77118412177,0.30847630411383964,0.8538021641851803,0.058928447137104746,1.3645682415614526,0.0,0.18228412078072628,0.4831052709903036,0.7291364545623461,0.7675119310617446,0.0333876543364656,0.7291364831229051,6.439430368561834e-08,0.0,1.0277517413099606,5328,5201
pretrain,,223,0.2433837832025325,0.09617704398749284,132167.40241607613,0.40841494977425635,0.7743057940997794,0.05763764169500254,1.387161085825591,0.0,0.19358054291279547,0.507661335170269,0.7743221620718638,0.8181998789310455,0.03642431627568076,0.7743221716511818,4.967053731282552e-08,0.0,1.0261794030666351,5352,5225
pretrain,,224,0.07658023909566103,0.09598468989951786,108293.11244332297,0.2412230279295111,0.6143172806761902,0.054527546906009174,1.3179279414138625,0.0,0.15896397070693122,0.4636896848678589,0.6358558684587479,0.7294265061616898,0.06454248573118777,0.6358558828277246,5.587935445842499e-08,0.0,1.0649225463469822,5376,5249
pretrain,,225,0.2228287972284917,0.09579272051971882,128671.777393945,0.37481236390309897,0.8231849593348778,0.0551941089992807,1.3883969717259916,0.0,0.1941984858629959,0.5106901462588991,0.776793917020162,0.8220427960157394,0.026231000389356187,0.7767939434519836,5.587935440291384e-08,0.0,1.011633388698101,5400,5273
pretrain,,226,0.2474205898320816,0.09560113507867937,132876.3432123231,0.30327737242101915,0.5352803921345787,0.05630073318720682,1.395844341920955,0.0,0.19792217096047748,0.5060833532895361,0.7916886508464813,0.8514240145683288,0.05384178537008793,0.7916886838419096,6.279775079572521e-08,0.0,1.0522474944591522,5424,5297
pretrain,,227,0.21763276293107225,0.09540993280852202,127817.21327524079,0.3128850900458971,0.6777495294261694,0.055321481190463685,1.390321988257624,0.0,0.19516099412881194,0.5126929197992598,0.7806439697742462,0.8445678085088729,0.04472367602365299,0.7806439765152478,5.392801188941476e-08,0.0,1.0059639339645703,5448,5321
pretrain,,228,0.07151402858941924,0.09521911294290497,107702.21961251317,0.4342529847602214,0.7958630727850667,0.05794838284753537,1.3724954078594844,0.0,0.1862477039297422,0.48616092864956173,0.7449908033013344,0.7691292226314544,0.02078313131812852,0.7449908157189687,4.399390444535337e-08,0.0,0.9998537848393122,5472,5345
pretrain,,229,0.15296345549784252,0.09502867471701916,118058.66069069618,0.3015063340429989,0.4528531986286514,0.05793429046029395,1.3775187187961169,0.0,0.18875935939805846,0.48004861388887676,0.7550373896956444,0.8021416664123535,0.025913695280339162,0.7550374375922339,5.9249855281310694e-08,0.0,0.9959242045879364,5496,5369
pretrain,,230,0.21452566037607834,0.09483861736758513,127311.60644646792,0.3564735093238771,0.6736667500101379,0.05589166517554919,1.378642471861981,0.0,0.18932123593099062,0.5413581164819854,0.7572849007944266,0.8506255626678466,0.10227879020766675,0.7572849437239624,6.386211937048358e-08,0.0,1.0594178885221481,5520,5393
pretrain,,231,0.09749530629469727,0.09464894013284995,110802.747838842,0.3167339911907441,0.716135388865771,0.05839145068669476,1.392692555895164,0.0,0.19634627794758197,0.508195276771273,0.7853850722312927,0.8238033324480056,0.0556956741831504,0.7853851117903278,6.687783064377821e-08,0.0,1.0084709202249844,5544,5417
pretrain,,232,0.1975536923507054,0.09445964225258426,124618.92969878869,0.29997517622620035,0.767329271072976,0.05331545257779532,1.3920117924433377,0.0,0.19600589622166895,0.545058721942561,0.7840235605835915,0.8446412444114685,0.07454336529900854,0.7840235848866758,6.368472462344361e-08,0.0,1.0553950915733974,5568,5441
pretrain,,233,0.15091969600859256,0.09427072296807909,117774.4902689581,0.3365753205170014,0.6635953406961476,0.05892623567023065,1.3797481785572712,0.0,0.18987408927863555,0.49411180189677645,0.7594963436325392,0.7962858855724335,0.032016682750928574,0.759496357114542,4.612264176140357e-08,0.0,1.0351343601942062,5592,5465
pretrain,,234,0.2019474265722817,0.09408218152214293,125305.02792628018,0.2542956719653413,0.5084088868282196,0.05334894636395345,1.4063838073717694,0.0,0.20319190368588483,0.5414061365383012,0.8127675826350848,0.8425898969173431,0.023621190169666288,0.8127676147435392,5.481498580965175e-08,0.0,1.0244960462053616,5616,5489
pretrain,,235,0.24697654013976533,0.09389401715909865,132797.9874870838,0.35011187342175054,0.8092595051141528,0.05797012809735918,1.3882965479223504,0.0,0.19414827396117507,0.514671079814434,0.7765930866201719,0.8644607067108154,0.09637016454650162,0.7765930958447003,5.357322233982368e-08,0.0,1.0406305243571599,5640,5513
pretrain,,236,0.1497644449598733,0.09370622912478044,117614.46508230359,0.411685443955589,1.1212580485237518,0.05975574713710613,1.382259798413586,0.0,0.19112989920679305,0.5020009822079113,0.7645196045438448,0.812116414308548,0.06428486421591921,0.7645195968271722,5.2952340660420795e-08,0.0,1.0083530272046726,5664,5537
pretrain,,237,-0.07941948329907023,0.09351881666653088,92642.38930945202,0.3253977216252284,0.7376954016809586,0.056583716039540405,1.3943017357516858,0.0,0.19715086787584282,0.5295735033495086,0.7886034250259399,0.8412794053554535,0.03442708985765937,0.7886034715033713,6.811959400258398e-08,0.0,0.9943975508213043,5688,5561
pretrain,,238,0.17139688339173953,0.09333177903319782,120685.03967174565,0.2660922593848419,0.7612279010950842,0.05659501085117321,1.4149472787976265,0.0,0.20747363939881328,0.538938997047288,0.8298944930235544,0.87330721616745,0.031591884953531685,0.829894557595253,8.19563865476584e-08,0.0,1.0241065646211307,5712,5585
pretrain,,239,0.22158769323500282,0.09314511547513142,128466.62254813248,0.2726606077812544,0.5209150728954417,0.05243361289552332,1.4087816875960144,0.0,0.20439084379800732,0.5421826882021767,0.8175633549690247,0.8708465874195099,0.04200758344582273,0.8175633751920289,5.0734905980102475e-08,0.0,1.060259684920311,5736,5609
pretrain,,240,0.15114614945373406,0.09295882524418116,117805.90962230618,0.35977856440427397,0.9461437856033545,0.05406065192929787,1.4081606002790588,0.0,0.20408030013952938,0.5394303873181343,0.8163211718201637,0.8638844549655914,0.03266629756932474,0.8163212005581174,6.350732985789993e-08,0.0,1.0529456386963527,5760,5633
pretrain,,241,0.2593411638656874,0.0927729075936928,135014.9287652133,0.366558208167882,1.0363548860840206,0.05669528776428598,1.401454692972558,0.0,0.20072734648627896,0.5165107729179519,0.8029093543688456,0.8456102758646011,0.039382885118801496,0.8029093859451158,6.705522539081817e-08,0.0,1.0552117973566055,5784,5657
pretrain,,242,0.2570569909200727,0.0925873617785054,134599.8263363991,0.4017218915785425,0.9192770104515249,0.05595569781957549,1.3793219946147428,0.0,0.18966099730737151,0.5250885380165917,0.7586439549922943,0.8497901260852814,0.0775946407399464,0.7586439892294861,6.581346190248638e-08,0.0,1.0644128223260243,5808,5681
pretrain,,243,0.3716347756057714,0.0924021870549484,159143.11632443432,0.4955995197743661,0.8946142194844474,0.061678811337176044,1.3858730619152386,0.0,0.1929365309576194,0.5098580765937055,0.7717461163798968,0.830252256989479,0.056341000620072794,0.7717461238304774,5.6411538792063474e-08,0.0,1.037071553369363,5832,5705
pretrain,,244,0.14828114048068475,0.09221738268083851,117409.63450831301,0.5050911587366653,1.1926056578995459,0.05667993612154896,1.391696189929332,0.0,0.19584809496466604,0.5133859536477497,0.7833923449118932,0.8371629774570465,0.04714246974028265,0.7833923798586641,6.829698876812766e-08,0.0,1.0600798229376476,5856,5729
pretrain,,245,0.29800637503130734,0.09203294791547682,142451.4360859898,0.3002197707325369,0.7608017631358683,0.054603474268003584,1.4111390527160392,0.0,0.20556952635801973,0.5426957649844033,0.8222780674695969,0.8714573949575424,0.03375684495359715,0.8222781054320789,6.705522537231445e-08,0.0,1.0558665941158931,5880,5753
pretrain,,246,0.3385081971413346,0.09184888201964587,151173.45304635022,0.44450593236570074,0.9454866982555097,0.059282168581245964,1.3787733685402646,0.0,0.18938668427013217,0.5402355822069305,0.7575467253724734,0.876308387517929,0.08165894116422352,0.7575467370805286,5.4282801494516995e-08,0.0,1.053153246641159,5904,5777
pretrain,,247,0.16979243650424647,0.09166518425560659,120451.8055447847,0.4544355180576684,1.0576473939072824,0.065330764944314,1.3590243777171487,0.0,0.17951218885857437,0.5035548827477864,0.7180487389365832,0.776554536819458,0.05261395329650711,0.7180487554342975,7.823109621218904e-08,0.0,1.0112652157743771,5928,5801
pretrain,,248,0.25786443323049246,0.09148185388709537,134746.27073230947,0.4054145207609953,0.8323379640472087,0.05636816828798282,1.3779587797110988,0.0,0.1889793898555495,0.5465022133929389,0.7559175516168276,0.8391849488019943,0.06551729906069745,0.755917559422198,5.4992380630706585e-08,0.0,1.0647625078757603,5952,5825
pretrain,,249,0.23423775858053042,0.09129889017932118,130588.8363137795,0.40465061592494694,0.9132765331003386,0.05573854875133417,1.4178727536151807,0.0,0.20893637680759036,0.537355053637709,0.8357454737027487,0.8882358193397522,0.03255344504065318,0.8357455072303611,5.871767089216107e-08,0.0,1.0330838014682133,5976,5849
pretrain,,250,-0.1692725478005157,0.09111629239896253,85523.25990044586,0.5250109412918662,1.1761076880262302,0.059222311931323025,1.3970121652597471,0.0,0.19850608262987368,0.5360234890665327,0.7940243234237035,0.8270370870828628,0.025380780934829258,0.7940243305194946,5.1089695548197277e-08,0.0,1.0190147012472153,6000,5873
pretrain,,251,0.2952892500178236,0.09093405981416461,141902.1917893678,0.27562086944104697,0.6470141872124425,0.05537483161292469,1.3692011872217769,0.0,0.18460059361088846,0.5367830480848039,0.7384023467699686,0.7896036088466645,0.04997098122550672,0.7384023744435537,4.399390451936824e-08,0.0,1.0417041977246602,6024,5897
pretrain,,252,0.24599637315382272,0.09075219169453629,132625.35674831813,0.3676708186610454,0.8105755409178205,0.05817375296158617,1.391778848976606,0.0,0.19588942448830324,0.509711320911135,0.7835576757788658,0.8293359875679016,0.03867011922087763,0.783557697953213,6.794219927404772e-08,0.0,1.0072615072131157,6048,5921
pretrain,,253,0.31214142456304994,0.09057068731114722,145378.72110771717,0.3440320976985385,0.5970729618298196,0.05883783083536751,1.362980981313047,0.0,0.18149049065652348,0.49132499524525236,0.7259619509180387,0.7847820609807968,0.04896186893289461,0.7259619626260939,6.45716985251769e-08,0.0,1.0474111537138622,6072,5945
pretrain,,254,0.17822737789244303,0.09038954593652491,121688.16204114378,0.37922286141500816,0.7734946752185979,0.05715313602800326,1.3954445016348647,0.0,0.1977222508174323,0.5126480045063155,0.7908889825145403,0.8191211134195328,0.01882380759394147,0.7908890032697292,5.3041038043192636e-08,0.0,0.9735858539740244,6096,5969
pretrain,,255,0.0061022253868767695,0.09020876684465187,100613.96911661785,0.35530489586986774,0.6725007931415794,0.05265305714622143,1.4025146167370537,0.0,0.20125730836852682,0.5421169389571463,0.8050291935602824,0.8450827986001969,0.029356058602475303,0.8050292334741069,8.142420221401991e-08,0.0,1.0428238660097122,6120,5993
pretrain,,256,0.06536638386986282,0.09002834931096257,106993.7976488063,0.5642724384153435,1.1531173398051244,0.05926388729642191,1.4049247315242175,0.0,0.20246236576210888,0.5432196227567536,0.8098494385679563,0.8428599804639816,0.029536355203860883,0.8098494630484353,5.250885369105044e-08,0.0,1.0588190505901973,6144,6017
pretrain,,257,0.20714776495781295,0.08984829261234063,126126.90685633128,0.4527352914543648,1.1082520151284592,0.062095004506100705,1.3836754156897466,0.0,0.1918377078448733,0.5201849836323942,0.7673508177200953,0.8130322277545929,0.04239981636075178,0.7673508313794931,4.346172016722605e-08,0.0,1.053686114648978,6168,6041
pretrain,,258,0.15327042419520942,0.08966859602711597,118101.4610301678,0.4109952014253066,0.999784242644433,0.05987624691370879,1.3655961862809602,0.0,0.1827980931404801,0.5434119201132229,0.7311923702557882,0.7967377245426177,0.04724981953052885,0.7311923725619202,4.9847932078369204e-08,0.0,1.0544149577617645,6192,6065
pretrain,,259,0.2394593736180176,0.08948925883506173,131485.41515226683,0.4623407382612544,0.9018018271838418,0.05575132357038617,1.3887358478137424,0.0,0.19436792390687127,0.5428916737437248,0.7774716839194298,0.835344398021698,0.04965205092848606,0.7774716956274851,5.499238055669172e-08,0.0,1.0546220789353054,6216,6089
pretrain,,260,0.25656923633893114,0.0893102803173916,134511.51726294466,0.5470731139356299,1.182520205479138,0.06380139769589373,1.389294279827958,0.0,0.19464713991397906,0.521001398563385,0.7785885582367579,0.8215476185083389,0.0278841778057088,0.778588559655916,6.670043584122709e-08,0.0,1.0109012772639592,6240,6113
pretrain,,261,0.14399306612111995,0.08913165975675683,116821.48361446499,0.5140647325808853,1.0434933160619435,0.06203826898303175,1.3784656189382076,0.0,0.1892328094691038,0.5346124150923319,0.7569312378764153,0.8275275707244873,0.058014987283880895,0.7569312378764153,3.9026850769581976e-08,0.0,1.0430678899089496,6264,6137
pretrain,,262,0.047130469814509524,0.0889533964372433,104946.16191634702,0.49543205623593645,1.209084293762985,0.05778214703695358,1.3852057142094487,0.0,0.19260285710472438,0.5481115015489715,0.7704114094376564,0.8467862516641617,0.04851099158807086,0.7704114284188974,6.616825143357374e-08,0.0,1.0410704016685486,6288,6161
pretrain,,263,0.09499213610946955,0.08877548964436881,110496.27742471857,0.3886581606270873,0.9537189554692047,0.05902690104005593,1.3603657906254132,0.0,0.18018289531270662,0.5085820555686951,0.720731553932031,0.7786116153001784,0.030581473567756468,0.7207315812508265,5.712111790974935e-08,0.0,1.0439175913731258,6312,6185
pretrain,,264,-0.03922099001672752,0.08859793866508008,96225.92399561752,0.38343021413458384,0.9929946042200755,0.05977531319143781,1.4026563195068213,0.0,0.2013281597534106,0.5295904917376382,0.8053126086791357,0.8495914548635483,0.03290731185559367,0.8053126390136424,6.51038828773191e-08,0.0,0.9864547004302343,6336,6209
pretrain,,265,0.1455271988775344,0.08842074278774993,117031.22658630734,0.3724351008259372,0.7307421734049577,0.060032393665646056,1.3810813674437148,0.0,0.19054068372185742,0.5186934492417744,0.7621627350648245,0.7958924353122712,0.020861963484504,0.7621627348874295,6.403951415453098e-08,0.0,0.9705965965986252,6360,6233
pretrain,,266,0.26878608995405584,0.08824390130217442,136758.88632057988,0.6086194320644726,1.2222457330585101,0.05824003112238493,1.3952944722203984,0.0,0.19764723611019908,0.5480601010578019,0.7905889078974724,0.8478822618722915,0.04136833497038149,0.7905889444407962,8.195638656616211e-08,0.0,1.0385532428820927,6384,6257
pretrain,,267,-0.00298054340843934,0.08806741349957008,99702.8313831183,0.22813192173693694,0.7999111674398542,0.05889537618141962,1.3604783593189147,0.0,0.18023917965945743,0.5118893949048859,0.7209566856424013,0.7634633272886276,0.030049605942012,0.7209567186378297,5.676632834165455e-08,0.0,1.035065159201622,6408,6281
pretrain,,268,0.24385723959191097,0.08789127867257093,132250.15861559022,0.4401326057297535,0.9678757705824649,0.05903465587730287,1.3992944871563289,0.0,0.19964724357816435,0.5301313975027628,0.7985889489452044,0.8626096427440643,0.032652720366151175,0.7985889743126573,6.616825145207746e-08,0.0,1.007771057387193,6432,6305
pretrain,,269,0.06414374267475109,0.08771549611522578,106854.0165407537,0.42585145646846145,1.126935417842095,0.059220359562805434,1.3800964673892373,0.0,0.19004823369461868,0.5176801644265652,0.7601928959290186,0.825851109623909,0.05806842901629598,0.7601929347784747,6.616825154459605e-08,0.0,1.0407188087701797,6456,6329
pretrain,,270,0.1045986820373167,0.08754006512299532,111681.76547643589,0.2692088897903768,0.9372729684343482,0.05742744696012927,1.3775794263042156,0.0,0.18878971315210777,0.5105978857193674,0.7551588341593742,0.7859620064496994,0.027163841686343976,0.7551588526084311,5.1799274610372e-08,0.0,1.021383360028267,6480,6353
pretrain,,271,0.22112550691393817,0.08736498499274935,128390.39009196377,0.3569631986475503,0.7768776308806097,0.054313492253058974,1.4069055359633194,0.0,0.2034527679816598,0.5439631289669445,0.8138110414147377,0.8484365284442902,0.030144337621367166,0.8138110719266392,6.741001495891297e-08,0.0,1.0416564345359802,6504,6377
pretrain,,272,0.19891130742333163,0.08719025502276384,124830.12296472961,0.4691100573855082,1.1598694087661352,0.05869765543195523,1.398331839679962,0.0,0.1991659198399811,0.5240157768130302,0.7966636468966802,0.830325824022293,0.03010309319182839,0.7966636793599241,6.368472462344361e-08,0.0,0.9727420310179392,6528,6401
pretrain,,273,0.2546501931712116,0.08701587451271832,134165.19208003316,0.4240176968560883,0.9725575365643214,0.06356536197662112,1.4008468463129942,0.0,0.20042342315649705,0.5303117148578167,0.8016937027374903,0.8449384272098541,0.03182523950135315,0.801693692625988,5.020272166496772e-08,0.0,0.9895051196217537,6552,6425
pretrain,,274,0.25460154338715746,0.08684184276369288,134156.4355451029,0.3899946911706315,0.8252092473122825,0.05390290845899407,1.4004089373740412,0.0,0.2002044686870206,0.5478853562048502,0.8008178472518921,0.8472104132175445,0.026415829348869282,0.8008178747480823,6.510388280330422e-08,0.0,1.0018694152434666,6576,6449
pretrain,,275,0.14754749120247324,0.08666815907816548,117308.58783096368,0.38560094630864494,0.8592232511296176,0.062069948842120325,1.3794924060681037,0.0,0.18974620303405185,0.517043715076787,0.7589847842852274,0.7912971168756485,0.022197603579361676,0.7589848121362072,6.723262013785813e-08,0.0,1.0213802357514699,6600,6473
pretrain,,276,0.11382271095614238,0.08649482276000917,112844.23696740769,0.35509944643237407,0.6974267306677505,0.060120055638822854,1.3876534648949193,0.0,0.1938267324474596,0.5114015340805054,0.7753068879246712,0.8048250585794449,0.022386749079565088,0.7753069297898384,6.70552253168033e-08,0.0,1.0012819667657216,6624,6497
pretrain,,277,0.4522277170287319,0.08632183311448915,182557.61218434124,0.6064960155711123,1.0776828984975897,0.06780434936961348,1.3756883768808272,0.0,0.18784418844041373,0.5190505268318313,0.7513767182826996,0.8064827293157577,0.06470457411827726,0.7513767537616548,7.202227912210073e-08,0.0,0.9858453397949537,6648,6521
pretrain,,278,0.24327691631968995,0.08614918944826018,132148.73730777667,0.5078569658236681,0.9251798707907293,0.057916539509182886,1.402042855907764,0.0,0.2010214279538819,0.5359719427568572,0.8040857166051865,0.8429657191038131,0.03859378829900794,0.8040857118155275,5.658893363162202e-08,0.0,1.0329020818074544,6672,6545
pretrain,,279,0.04127482591971088,0.08597689106936364,104305.17806725019,0.45590467343193014,1.3376076418944118,0.059436122520638845,1.3965441709650415,0.0,0.19827208548252073,0.5306451911372798,0.7930883268515269,0.8266384273767471,0.03425285357276401,0.7930883419300828,5.978203957794174e-08,0.0,0.9913574705521265,6696,6569
pretrain,,280,0.170160488354006,0.08580493728722492,120505.22853708077,0.3831407003304273,1.110189705175277,0.053909732008630085,1.3985536002687045,0.0,0.1992768001343523,0.5495113129062312,0.7971071948607763,0.8352564722299576,0.030839125021059243,0.797107200537409,5.4282801494516995e-08,0.0,1.0075026328365009,6720,6593
pretrain,,281,0.27574367668494704,0.08563332741265046,138072.66402905784,0.5437677995125999,1.1674559349537812,0.06538851775868228,1.3888139246652524,0.0,0.1944069623326262,0.5361813892211234,0.7776278207699457,0.8111142903566361,0.03249168560753421,0.7776278493305048,5.304103802468892e-08,0.0,0.9826647117733955,6744,6617
pretrain,,282,0.21498691760816235,0.08546206075782516,127386.41207776102,0.5830739702426014,1.485612586845653,0.063959279559156,1.3818697105383588,0.0,0.1909348552691795,0.5485427879861422,0.7637393971284231,0.8279286921024323,0.057593035535404596,0.763739421076718,5.233145898101791e-08,0.0,1.014998289446036,6768,6641
pretrain,,283,0.2537386794798703,0.08529113663630952,134001.31730035524,0.41097685750431706,0.8482564665970946,0.05662715831085988,1.3969863215904859,0.0,0.19849316079524304,0.5389254023986203,0.7939726263284683,0.8286505728960037,0.03398478771606057,0.793972643180972,5.942724997283951e-08,0.0,0.9825508122642835,6792,6665
pretrain,,284,0.10426757558114408,0.0851205543630369,111640.48244081283,0.2806534717064517,0.6804169320080221,0.05412589578139518,1.3982069143759353,0.0,0.19910345718796765,0.5540421456098557,0.796413836379846,0.8305773973464966,0.025431415751160164,0.7964138287518706,7.539277985246784e-08,0.0,0.975952091316382,6816,6689
pretrain,,285,0.2199828487679114,0.08495031325431082,128202.30919543678,0.44669931087973275,1.2100407007559155,0.057904755445018406,1.3966088901673046,0.0,0.19830444508365228,0.5486781448125839,0.7932177806893984,0.8412517368793487,0.031162423089505217,0.7932177803346088,5.7475907477844146e-08,0.0,0.99347007026275,6840,6713
pretrain,,286,0.21896680573707683,0.0847804126278022,128035.53131230488,0.3845781535991845,0.7655965946123618,0.06016324510540307,1.3986369612671081,0.0,0.19931848063355403,0.5291662833520344,0.7972739090522131,0.8262417167425156,0.02260266806903946,0.7972739225342161,5.605674924247239e-08,0.0,1.025721477965514,6864,6737
pretrain,,287,0.2221219860244884,0.0846108518025466,128554.86104939341,0.3069668656142332,1.130308734443041,0.059848441246088104,1.405651169873419,0.0,0.20282558493670963,0.5471188234431403,0.8113023166855177,0.84344322681427,0.021694784940007764,0.8113023397468385,6.882917308326242e-08,0.0,0.9665962383151054,6888,6761
pretrain,,288,0.08135630167297403,0.0844416300989415,108856.13234174847,0.6519959435190086,1.1670152535105887,0.06124786178732714,1.3835018897163016,0.0,0.19175094485815083,0.5479077654225486,0.767003744840622,0.8194905191659927,0.04037991637867379,0.7670037794326032,6.75874096689455e-08,0.0,1.0380861659844716,6912,6785
pretrain,,289,0.361581635455017,0.08427274683874363,156637.09810614947,0.3360239667757458,0.9159928019091185,0.06124638205595854,1.4016378461605026,0.0,0.20081892308025137,0.5510127480540956,0.8032756969332695,0.8469040781259537,0.03623081020144295,0.8032756923210052,4.612264172439614e-08,0.0,1.009916181365649,6936,6809
pretrain,,290,0.08683187755820021,0.08410420134506615,109508.85991574179,0.3634919934344623,1.1184331992471257,0.05829148213238942,1.407613173038477,0.0,0.20380658651923853,0.5446621754339762,0.8152263139684995,0.8374733746051788,0.02242697781900339,0.8152263460769539,5.836288132406627e-08,0.0,1.0089997400840123,6960,6833
pretrain,,291,0.13056475781688293,0.083935992942376,115017.19179096536,0.31536528156225163,0.683473185011939,0.053240265111017086,1.4084616824097578,0.0,0.20423084120487886,0.5525370804326875,0.8169233500957489,0.8750252097845077,0.029823447722042644,0.8169233648195152,6.262035595616666e-08,0.0,0.9926471387346586,6984,6857
pretrain,,292,0.03875340945315331,0.08376812095649123,104031.57835193016,0.39344811267956636,1.1086138079830758,0.058054315488624116,1.3937282638535613,0.0,0.19686413192678065,0.5370896490556853,0.7874564975500107,0.8123385220766067,0.02160831089025435,0.7874565277071226,5.570195969288131e-08,0.0,1.022041231393814,7008,6881
pretrain,,293,0.10359694245912099,0.08360058471457828,111556.95996210909,0.34577121718116394,0.9860005105643411,0.05521714930674123,1.4129171051262392,0.0,0.2064585525631195,0.552934046302523,0.8258341749509176,0.8559719920158386,0.019254089488462633,0.825834210252478,5.552456492733763e-08,0.0,1.0289067874352138,7032,6905
pretrain,,294,0.21548110563556755,0.0834333835451491,127466.65595736056,0.35131084666590473,0.6993374494536291,0.06517654763137694,1.3837447168216819,0.0,0.19187235841084097,0.5246121755668095,0.7674894208709399,0.7959360301494598,0.024535008379981356,0.7674894336433636,6.528127760585534e-08,0.0,0.9510206952691078,7056,6929
pretrain,,295,0.3609267111293235,0.08326651677805881,156476.5759130892,0.38075440416883993,0.8016252211472421,0.057291906475277536,1.3831763390806457,0.0,0.19158816954032296,0.539948336247887,0.7663526261846224,0.8048618108034133,0.023857180789557276,0.7663526781612918,7.610235895165e-08,0.0,1.0039817616343498,7080,6953
pretrain,,296,0.023252125163714665,0.08309998374450268,102380.56572865459,0.33409496646532966,0.7004404609360327,0.055173802836472614,1.3792289492807217,0.0,0.18961447464036094,0.5033593262944902,0.7584578767418861,0.7818443566560745,0.015436304860013551,0.7584578985614435,5.268624851210527e-08,0.0,1.01486341158549,7104,6977
pretrain,,297,0.29195367857795085,0.08293378377701369,141233.69753430644,0.32080046718991057,0.8401449405267609,0.057216131025543626,1.405747390396538,0.0,0.20287369519826914,0.5354958240474974,0.8114947800834974,0.84617700278759,0.02318461567458489,0.8114947807930765,4.2219956771412846e-08,0.0,0.9479660242795944,7128,7001
pretrain,,298,0.2771524782610213,0.08276791620945965,138341.76225634228,0.4711123769780281,1.1434698021159622,0.05917716098079621,1.3819555040626297,0.0,0.19097775203131495,0.5438430256077221,0.7639109641313553,0.8180650115013123,0.050386207047342216,0.7639110081252598,7.060312094224012e-08,0.0,1.0208988537391026,7152,7025
pretrain,,299,0.18075467320518424,0.08260238037704073,122063.55865493453,0.3767896004325433,1.103669612618345,0.05675412494740528,1.3967707951863606,0.0,0.19838539759318038,0.5564746697034155,0.7935415630539259,0.8262199789285659,0.024902961766798105,0.7935415903727213,7.308664775237024e-08,0.0,1.0370046645402908,7176,7049
pretrain,,300,0.15349141645424924,0.08243717561628665,118132.29297821451,0.2887396878807723,0.6868017784024485,0.0594413550606403,1.3942988106892222,0.0,0.19714940534461114,0.5267483650573662,0.7885975961883863,0.8167667806148529,0.020977820098016835,0.7885976213784446,5.463759104410807e-08,0.0,0.9361709083120028,7200,7073
pretrain,,301,0.12927868846110535,0.08227230126505408,114847.30955219425,0.329545121330764,0.8478712744435266,0.06107020995340132,1.3956363115991863,0.0,0.19781815579959328,0.5326744206249714,0.7912726203600565,0.8117511093616485,0.01819072350083556,0.791272623198373,6.528127755034419e-08,0.0,0.9353565399845442,7224,7097
pretrain,,302,0.35366495804602094,0.08210775666252398,154718.51827449005,0.48015973759319897,1.069981414087062,0.06432895614660077,1.390478839654298,0.0,0.19523941982714907,0.5395669734903744,0.7809576640526453,0.8269431948661804,0.03514374823351734,0.780957679308596,6.279775083273265e-08,0.0,0.9888628895084063,7248,7121
pretrain,,303,0.30664893428125917,0.08194354114919894,144227.08054301195,0.44618170457799144,1.5246246764879041,0.06455133369537547,1.3854199636372784,0.0,0.1927099818186391,0.5348081498273781,0.7708399022618929,0.82544005215168,0.05835264916981961,0.7708399272745564,5.233145898101791e-08,0.0,0.9699916864434878,7272,7145
pretrain,,304,0.1453554692893726,0.08177965406690053,117007.7106991501,0.5113486072601884,1.1671409752230704,0.0629248162017055,1.4043660794517823,0.0,0.20218303972589116,0.5414945557713509,0.8087321221828461,0.8408821403980254,0.023490947950052986,0.8087321589035646,5.7298512730804184e-08,0.0,0.9501132989923159,7296,7169
pretrain,,305,0.1776136570272342,0.08161609475876673,121597.35002227731,0.42184789716776794,1.1513917014868043,0.0556307846365424,1.4071423924927198,0.0,0.20357119624636003,0.56029169687203,0.8142847741643587,0.8410845637321472,0.02948816112613197,0.8142847849854401,6.191077680147335e-08,0.0,1.0304988622665405,7320,7193
pretrain,,306,0.1073273430595385,0.08145286256924919,112023.14669605668,0.291812393653675,0.8846030615235972,0.05647879294450766,1.3996765505345092,0.0,0.19983827526725473,0.5505251895104135,0.7993530879418055,0.8286609172821044,0.028297264885376077,0.7993531010690189,4.931574778173816e-08,0.0,0.9994540537397066,7344,7217
pretrain,,307,0.2185124530723943,0.0812899568441107,127961.0921417071,0.35666963209330094,0.6435319096459562,0.0585139184040743,1.3958529618879159,0.0,0.197926480943958,0.5498009771108627,0.7917058914899826,0.8169443637132645,0.021029987563681376,0.7917059237758317,5.428280145750956e-08,0.0,0.9408845628301302,7368,7241
pretrain,,308,0.09161274658690965,0.08112737693042248,110085.20829004286,0.2822271627318929,0.5690118036581265,0.054277774541534395,1.3960428357656511,0.0,0.19802141788282568,0.5439759359828062,0.7920856376489004,0.8145114183425903,0.01565637883593839,0.7920856715313024,4.9847932078369204e-08,0.0,1.0132167314489682,7392,7265
pretrain,,309,0.22160989641857343,0.08096512217656163,128470.2869934922,0.44459242300575025,1.0324290450771418,0.05509633095999023,1.4043457854893946,0.0,0.2021728927446973,0.54185604889478,0.808691551287969,0.8514425486326217,0.025668892718946023,0.8086915709787892,6.191077693099938e-08,0.0,1.0306402668356895,7416,7289
pretrain,,310,0.06464961033714745,0.0808031919322085,106911.80663969686,0.358653602068153,0.8617429415677605,0.05867207830233483,1.3911203850238099,0.0,0.19556019251190482,0.5358819386788777,0.7822407508889834,0.8200108379125595,0.03367122977875325,0.7822407700476193,7.166748953550221e-08,0.0,0.9656988034645716,7440,7313
pretrain,,311,0.26903824182527114,0.0806415855483441,136806.06253562178,0.6423908500323018,1.5000590481932015,0.05929319567623268,1.3965593660693791,0.0,0.19827968303468965,0.5472834136869227,0.7931187351544698,0.8295832484960556,0.02505850002125248,0.7931187321387586,5.23314589625142e-08,0.0,1.044862985610962,7464,7337
pretrain,,312,0.09496476581853097,0.0804803023772474,110492.93577000003,0.4305255244269565,0.9203945564930868,0.058645332199046135,1.4094533462609562,0.0,0.2047266731304782,0.5406857643808638,0.8189066648483276,0.8381938487291336,0.01562745471541734,0.8189066925219125,6.989354180605052e-08,0.0,0.9477138047417005,7488,7361
pretrain,,313,0.28652601544942014,0.0803193417724929,140159.2800373659,0.3627032225923082,1.0876049126857246,0.060047603038763796,1.402286005960334,0.0,0.20114300298016696,0.562156084392752,0.8045720110336939,0.8314460515975952,0.01828536075162524,0.8045720119206677,4.913835305320191e-08,0.0,0.964248297115167,7512,7385
pretrain,,314,0.25972533480373117,0.08015870308894793,135084.99574747303,0.28996194913537665,1.0672773774548652,0.06068320806335618,1.390416639723948,0.0,0.19520831986197407,0.5537510423788002,0.7808332691589991,0.8266746163368225,0.03349409544997731,0.7808332794478959,6.528127762435905e-08,0.0,1.016177626947562,7536,7409
pretrain,,315,0.2777296291016318,0.07999838568277003,138452.30820643916,0.48997829264093423,1.230193688874598,0.06029385961165526,1.3970230890526658,0.0,0.1985115445263329,0.5622979908117226,0.7940461610754331,0.8416423231363296,0.03221995885956644,0.7940461781053315,6.066901344266758e-08,0.0,1.0299249067902565,7560,7433
pretrain,,316,0.21698626452900804,0.07983838891140448,127711.68048520735,0.40799076399843054,0.6930207168312951,0.052364118782333484,1.4011757638128028,0.0,0.20058788190640153,0.5588571993368012,0.8023515070478121,0.8319230228662491,0.024954970798374377,0.8023515276256061,7.131270002291856e-08,0.0,1.0204241871833801,7584,7457
pretrain,,317,0.33346962835403926,0.07967871213358167,150030.67265045314,0.3119250745048465,0.7060636949695003,0.05882251185988932,1.3989838653554518,0.0,0.19949193267772594,0.5543604445244585,0.7979677096009254,0.8452416956424713,0.0332336490849531,0.7979677307109038,5.8362881379577423e-08,0.0,0.9630755931138992,7608,7481
pretrain,,318,0.19014649921615778,0.07951935470931451,123479.12295645059,0.5763031447476569,1.420632993046685,0.06052651286972823,1.3934385786276486,0.0,0.1967192893138244,0.5592601943228925,0.7868771503369013,0.8359099805355072,0.038513392216973474,0.7868771572552976,5.658893361311831e-08,0.0,1.0107410897811253,7632,7505
pretrain,,319,0.16029862013489027,0.07936031599989589,119089.95554593953,0.4439713359676789,1.1927071573712509,0.05786901796651939,1.3982868202562841,0.0,0.19914341012814218,0.5458375220852238,0.7965736339489619,0.8304956555366516,0.025930408914098993,0.7965736405125686,6.474909336473544e-08,0.0,0.931981141368548,7656,7529
pretrain,,320,0.10453336352122877,0.07920159536789609,111673.6190119024,0.5704070175155157,1.5693946853019018,0.06402674720069469,1.3960730189546233,0.0,0.1980365094773117,0.552305587700435,0.7921460295716921,0.835968604683876,0.037287485054472415,0.7921460379092465,5.69437231812131e-08,0.0,0.9892532899975777,7680,7553
pretrain,,321,0.3971015732520158,0.07904319217716031,165865.4187230127,0.40474846549440424,1.233242454297512,0.061945454743177,1.3892829827964306,0.0,0.1946414913982153,0.5593428537249565,0.7785659258564314,0.8257685601711273,0.05071238568793508,0.7785659655928612,6.882917310176613e-08,0.0,0.9810395811994871,7704,7577
pretrain,,322,0.06225689133065515,0.07888510579280598,106639.01347342317,0.3812087597875375,0.7089754397504849,0.05421548856007478,1.4028077628463507,0.0,0.20140388142317533,0.5578194931149483,0.8056155020991961,0.8426712214946747,0.023696265725613234,0.8056155256927012,6.22655664250793e-08,0.0,0.9689205711086591,7728,7601
pretrain,,323,0.054904695366091105,0.07872733558122036,105809.43478365485,0.27767452333643766,0.5412099820305682,0.05048253183968654,1.4040851735820372,0.0,0.20204258679101864,0.5599059451903616,0.808170293768247,0.8327763855457306,0.01835707685417985,0.8081703471640745,7.113530522036744e-08,0.0,1.0204725563526154,7752,7625
pretrain,,324,0.26755409363690097,0.07856988091005793,136528.8537095414,0.493247927554404,1.1501910160869953,0.06358008062394478,1.3811795404624372,0.0,0.19058977023121856,0.5529115141502448,0.7623590379953384,0.8224213510751723,0.040201764824895514,0.7623590809248743,6.173338205443339e-08,0.0,1.0113649368286133,7776,7649
pretrain,,325,0.30572767159926517,0.07841274114823782,144035.6988306754,0.3840727460054687,0.8070055024785007,0.05777702592596632,1.4007686692334353,0.0,0.20038433461671787,0.5512971351189273,0.8015373076001803,0.8272546291351318,0.02025911249795031,0.8015373384668713,5.463759102560436e-08,0.0,1.0157446712255478,7800,7673
pretrain,,326,0.1668512889049364,0.07825591566594134,120026.59149356812,0.2909332042281887,1.1287627306250008,0.058699696198643535,1.4105716449696393,0.0,0.20528582248481966,0.5558525334511484,0.8211432620882988,0.8384156048297882,0.01229984491127713,0.8211432899392787,5.76533023174027e-08,0.0,0.9397058735291163,7824,7697
pretrain,,327,0.29470078308765923,0.07809940383460945,141783.79558931038,0.5085503273600861,1.3374169860468847,0.06182692636058012,1.3873639700136013,0.0,0.19368198500680076,0.5537753131772791,0.7747279355923334,0.8075511872768402,0.024688104140679935,0.7747279400272028,5.126709025822981e-08,0.0,1.032206689318021,7848,7721
pretrain,,328,0.11877828569439597,0.07794320502694023,113478.8196620861,0.5093814169175176,1.1375360771316174,0.055121136246743474,1.4049077630930003,0.0,0.2024538815465002,0.5609823949635029,0.8098155111074448,0.8467743545770645,0.032940523106219276,0.8098155261860006,5.3041038043192636e-08,0.0,1.0271003271142642,7872,7745
pretrain,,329,-0.06189512536288655,0.07778731861688634,94171.25816998785,0.5578519505574839,1.191440204631414,0.05904912219697548,1.4006710178440525,0.0,0.2003355089220263,0.5446023834603173,0.8013420204321543,0.8319447010755538,0.02068778603047647,0.8013420356881049,5.6411538755056036e-08,0.0,1.0255782107512157,7896,7769
pretrain,,330,0.35673104439537895,0.07763174397965258,155455.97083261705,0.327307473488437,0.8041519302367873,0.05712191321258756,1.4128379104215476,0.0,0.20641895521077372,0.5546981761498111,0.8256757880250613,0.8422302663326263,0.013760203397206645,0.8256758208430949,7.113530518336002e-08,0.0,0.9274074882268906,7920,7793
pretrain,,331,0.17572362142662057,0.07747648049169328,121318.53174426216,0.2882962464311529,0.7156341967215681,0.058880588577406016,1.3992142964686665,0.0,0.19960714823433334,0.543018392686333,0.7984285578131676,0.8119531691074371,0.012184823192873137,0.798428592937333,5.357322237683112e-08,0.0,0.9016353115439415,7944,7817
pretrain,,332,0.2218508116008645,0.07732152753070988,128510.06142630207,0.2862088954875254,0.5150632892603367,0.0598097012376756,1.3968340723021397,0.0,0.19841703615106998,0.5494979598692484,0.7936681360006332,0.824997141957283,0.02443783977951219,0.7936681446042798,6.182207945570894e-08,0.0,0.9153599043687185,7968,7841
pretrain,,333,0.2552694109983267,0.07716688447564847,134276.7458149558,0.4775431212019477,1.248217926858593,0.05687292032803746,1.4036204750605281,0.0,0.20181023753026417,0.5644959903189114,0.8072409306963285,0.8297850877046585,0.021082676285562423,0.8072409501210563,5.454889364283252e-08,0.0,0.9543278813362122,7992,7865
pretrain,,334,0.1873035615607752,0.07701255070669717,123047.17391409882,0.47572716126195785,1.0864723798304017,0.05676906990389575,1.4029983868378968,0.0,0.20149919341894842,0.5674865256462778,0.8059967507918676,0.8380176752805709,0.020266876987501282,0.8059967736757936,6.368472458643619e-08,0.0,1.0155017152428627,8016,7889
pretrain,,335,0.07948342596956115,0.07685852560528378,108634.65452029253,0.33036023000210013,0.972059258010517,0.0584462184838215,1.4091312032902525,0.0,0.20456560164512627,0.5597906660820757,0.8182624156276385,0.8430117160081864,0.02311905998199309,0.8182624065805048,4.6300036656473274e-08,0.0,0.9267879327138265,8040,7913
pretrain,,336,0.19428839297925182,0.07670480855407322,124113.88780877381,0.27429054468987796,0.7375158588828252,0.051300661148919034,1.391556102161606,0.0,0.19577805108080307,0.5291400589048862,0.7831122154990832,0.8070036977529526,0.020072557605941576,0.7831122043232123,7.042572610268157e-08,0.0,1.0049281666676204,8064,7937
pretrain,,337,0.1414312720042159,0.07655139893696507,116472.91211437069,0.4742597443308833,1.1859417848778369,0.055909615862781835,1.4018316498647134,0.0,0.20091582493235668,0.5691724845341273,0.8036632860700289,0.8332551896572113,0.021675931510836972,0.8036632997294265,5.0912300727142444e-08,0.0,0.9958916182319323,8088,7961
pretrain,,338,0.28655671233689817,0.07639829613909113,140165.31058488484,0.37082280054055766,0.9218985670846424,0.05707588584088912,1.4075922055081243,0.0,0.20379610275406215,0.5622841747743743,0.8151844119032224,0.838283759355545,0.017826938790682305,0.8151844110162484,5.87176709291685e-08,0.0,0.9694357936580976,8112,7985
pretrain,,339,0.48379657776652185,0.07624549954681294,193722.07872494523,0.43707602554288916,1.169983032545548,0.06105627635498497,1.4087782668038493,0.0,0.20438913340192466,0.5638025424310139,0.8175565302371979,0.8721567541360855,0.03326923938892567,0.8175565336076986,5.552456492733763e-08,0.0,1.0288193672895432,8136,8009
pretrain,,340,-0.09421760896352982,0.07609300854771933,91389.49984064183,0.43310457361175186,1.22953923499707,0.060214228579553476,1.402504525635214,0.0,0.20125226281760708,0.5616161754088742,0.8050090298056602,0.8420014560222626,0.0222365831782342,0.8050090512704281,5.8717670836649916e-08,0.0,0.9767488290866216,8160,8033
pretrain,,341,0.3966666167778584,0.07594082253062388,165745.84264829408,0.3019114298049762,0.6319341036789353,0.056758524027433505,1.4005125585854763,0.0,0.20025627929273818,0.5562130665140492,0.8010250801841418,0.8306349217891693,0.020538106067012157,0.8010251171709525,6.004813172625727e-08,0.0,0.9330857743819555,8184,8057
pretrain,,342,0.0510383944864804,0.07578894088556264,105378.34135648319,0.334048223457507,0.9306437340362407,0.05436601298551724,1.405303853297872,0.0,0.20265192664893614,0.5536157361098698,0.8106076841553053,0.8408953875303269,0.024011269720725124,0.8106077065957445,6.022552651030466e-08,0.0,1.0082148040334384,8208,8081
pretrain,,343,0.16995732490520365,0.07563736300379152,120475.73335741965,0.4381523914725432,0.9916213147066202,0.05727852938135691,1.398947029507586,0.0,0.19947351475379296,0.5688771083950996,0.7978940382599831,0.8378092050552368,0.024948925941691687,0.7978940590151719,7.14900947514548e-08,0.0,1.0087879026929538,8232,8105
pretrain,,344,0.07954012818236222,0.07548608827778393,108641.34663744697,0.3517017296564533,1.1604484786878362,0.05861970483281944,1.4011340639332222,0.0,0.20056703196661105,0.5538294203579426,0.8022681077321371,0.8327077209949494,0.01790593309884044,0.8022681278664442,6.377342196920803e-08,0.0,0.9365650688608488,8256,8129
pretrain,,345,0.19196886262786406,0.07533511610122835,123757.60707095789,0.4613241752148283,0.9933422968211635,0.05739706163068837,1.4033296022209383,0.0,0.20166480111046922,0.5682811204876219,0.8066591769456863,0.8256748139858245,0.01856862586910581,0.8066592044418766,4.80739843304138e-08,0.0,0.9818316424886385,8280,8153
pretrain,,346,0.14965741706597258,0.07518444586902591,117599.66160339679,0.5389790891244983,1.241244438270966,0.060943565292552425,1.3910080453026152,0.0,0.19550402265130765,0.5579783873898643,0.7820160711805025,0.8308836728334427,0.03172015608156233,0.7820160906052306,4.709831300890125e-08,0.0,0.9919698610901833,8304,8177
pretrain,,347,0.3266870316833167,0.07503407697728785,148519.34346371656,0.2862672385839396,0.8454961493537967,0.05930952900727248,1.4032241618704226,0.0,0.2016120809352114,0.5564273526625974,0.8064483304818472,0.8257061511278152,0.015195063438054154,0.8064483237408456,6.741001486639438e-08,0.0,0.8967926229039828,8328,8201
pretrain,,348,-0.006612456784613974,0.07488400882333328,99343.09805724678,0.45173313656973635,0.9908383226524685,0.05409751484610948,1.3933581140424522,0.0,0.19667905702122623,0.5712261817284993,0.7867162028948466,0.8323095142841339,0.030869833628991063,0.7867162280849046,5.995943425096684e-08,0.0,1.0072608888149261,8352,8225
pretrain,,349,0.40057674113347297,0.07473424080568661,166827.02668076966,0.45403812730453924,1.0606606812127544,0.0644598568579857,1.3977372476919776,0.0,0.1988686238459888,0.5513985731772013,0.7954744721452395,0.8466023653745651,0.03788842035645336,0.7954744953839551,6.120119777630606e-08,0.0,1.0304246644179027,8376,8249
pretrain,,350,0.2465015560927304,0.07458477232407523,132714.2754024143,0.298096181264943,0.6295476069505064,0.05506955235789892,1.3989375927707268,0.0,0.1994687963853635,0.5702681562730244,0.7978751709063848,0.8284595400094986,0.024636845872453662,0.7978751855414538,4.940444514600628e-08,0.0,0.9709360972046852,8400,8273
pretrain,,351,0.014504054656511944,0.07443560277942708,101471.75183470253,0.46659402288996904,0.9981489179884481,0.05602988004956194,1.4015886804000253,0.0,0.20079434020001266,0.5665762951331479,0.8031773592034975,0.8329442471265792,0.0171350447998341,0.8031773608000504,4.8783563411092246e-08,0.0,0.9722135638197263,8424,8297
pretrain,,352,-0.09674592228049028,0.07428673157386823,91178.82088138297,0.31646105228376453,0.5492496146155081,0.05605288045659055,1.40024494849855,0.0,0.20012247424927496,0.5487105090703284,0.8004898677269617,0.8299962013959884,0.01908045252418208,0.8004898969970998,5.694372308869452e-08,0.0,0.9935078124205271,8448,8321
pretrain,,353,0.3265484217442307,0.0741381581107205,148488.77518261768,0.49996891704651475,1.1935246471226288,0.05735957237549146,1.405351305602207,0.0,0.20267565280110356,0.5613482509340559,0.8107025772333145,0.851540955901146,0.02658898030812051,0.8107026112044142,4.9404445183013714e-08,0.0,1.0024526491761208,8472,8345
pretrain,,354,-0.0431008787433218,0.07398988179449906,95868.00475182729,0.5427931820568818,0.9843415206468967,0.05229530977126615,1.3775386440434625,0.0,0.18876932202173133,0.545472146144935,0.7550772950053215,0.814866903424263,0.044651698643961533,0.7550772880869251,4.5590457483276246e-08,0.0,1.0129861533641815,8496,8369
pretrain,,355,0.26226105927261245,0.07384190203091005,135549.30406873077,0.45539614845565657,1.2925803522144168,0.05460288075576685,1.405070429268692,0.0,0.20253521463434612,0.5631180432225977,0.810140830775102,0.8282971531152725,0.016664170001817764,0.8101408585373845,5.472628844538363e-08,0.0,1.0075381795565288,8520,8393
pretrain,,356,0.32381638737100615,0.07369421822684824,147888.8250651346,0.4414286521320859,0.8590802445491101,0.060627264257844544,1.3977725046376388,0.0,0.19888625231881937,0.5619547957820552,0.7955450043082237,0.8223289281129837,0.02103563836711154,0.7955450092752775,5.783069702743523e-08,0.0,0.9278208116690317,8544,8417
pretrain,,357,-0.05069844388227418,0.07354682979039454,95174.78643111471,0.2939420277306981,0.4111372975881666,0.058288317366881066,1.3974084202200174,0.0,0.19870421011000872,0.5533810779452324,0.7948168069124222,0.8121948033571244,0.010914993521850614,0.7948168404400349,5.7653302150869244e-08,0.0,0.8754482542475065,8568,8441
pretrain,,358,0.18550422377311093,0.07339973613081374,122775.34508925879,0.39208075836637346,0.7263440021008342,0.053419455797088754,1.4053037106281234,0.0,0.2026518553140618,0.5675166265240736,0.81060741096735,0.8493759661912917,0.030395856068235104,0.810607421256247,5.3218432790232604e-08,0.0,0.9928335299094518,8592,8465
pretrain,,359,0.07198895424151741,0.07325293665855212,107757.33808024658,0.3491968039631121,0.9435347304709502,0.0580581434601837,1.3965558438517511,0.0,0.19827792192587537,0.572399191558361,0.7931116620699564,0.8161792635917664,0.016525017180064314,0.7931116877035015,7.08692130350445e-08,0.0,0.9584078341722488,8616,8489
pretrain,,360,0.30590070649928636,0.07310643078523502,144071.60608916133,0.48850327450586306,1.3365444941486881,0.061055775821750057,1.4096339484233233,0.0,0.2048169742116616,0.5702449711305755,0.8192678689956665,0.8413668394088745,0.019481796892498317,0.8192678968466464,6.173338205443339e-08,0.0,0.9752431015173594,8640,8513
pretrain,,361,0.36697511672043304,0.07296021792366454,157971.67321752236,0.5859947096298236,1.4099497193861539,0.060886372149527794,1.3985242914585843,0.0,0.19926214572929202,0.567379062197038,0.7970485587914785,0.8396951884031295,0.03301416683172139,0.797048582917168,5.889506565770475e-08,0.0,0.9521455317735672,8664,8537
pretrain,,362,0.36327531807019553,0.07281429748781722,157053.7515475558,0.4065887941503663,1.1214275808257257,0.060098346599398556,1.3878131045383355,0.0,0.19390655226916786,0.5585225628955024,0.7756261651714643,0.8101059794425964,0.029929355705781084,0.7756262090766713,6.590215922974707e-08,0.0,0.9064080615838369,8688,8561
pretrain,,363,0.29444943697013026,0.07266866889284158,141733.28637222908,0.589119239905692,1.3959396092804193,0.05860483599117941,1.3942292477225973,0.0,0.19711462386129872,0.5762231339301382,0.7884584714969,0.8137786984443665,0.021994729926617995,0.7884584954451946,5.481498582815547e-08,0.0,0.9912444800138474,8712,8585
pretrain,,364,0.11863112374431994,0.0725233315550559,113459.87213075877,0.4407502601670162,1.2178015925606624,0.055632568510654345,1.4023155689771685,0.0,0.20115778448858435,0.543291981198958,0.8046311164895693,0.8348499357700347,0.01628424649452868,0.804631137954337,5.8717670836649916e-08,0.0,1.0012328401207924,8736,8609
pretrain,,365,0.1712695944186282,0.07237828489194578,120666.50303466046,0.39170487174087976,1.0782238402526474,0.06509898954133866,1.3878288901455342,0.0,0.1939144450727673,0.5603429675102234,0.7756577556331953,0.8235051691532135,0.039179738030677605,0.7756577802910689,5.375061710536736e-08,0.0,0.9225962261358897,8760,8633
pretrain,,366,0.17600960713974145,0.07223352832216189,121360.63826287731,0.2986604118350009,1.0380063401491082,0.059206531918622234,1.3980274309980727,0.0,0.19901371549903638,0.5572340554956878,0.796054852505525,0.8252797096967697,0.021223319604371734,0.7960548619961455,5.4016709364705186e-08,0.0,0.8878656402230263,8784,8657
pretrain,,367,0.19614127909030066,0.07208906126551758,124399.96904783645,0.27664924789062006,0.7088953066857437,0.05501019011076672,1.3955231722710388,0.0,0.1977615861355194,0.565365435289485,0.7910463114579519,0.8274411469697952,0.027501693615044946,0.7910463445420776,6.572476444569968e-08,0.0,0.9333520804842314,8808,8681
pretrain,,368,-0.23387307059723628,0.07194488314298654,81045.61350998333,0.5050030726443969,1.2959294692926429,0.05710172150037912,1.381891831046059,0.0,0.19094591552302953,0.575199296431882,0.7637836510936419,0.7878000169992447,0.02112339701069631,0.763783662092118,4.647743138500952e-08,0.0,1.0029443750778835,8832,8705
pretrain,,369,0.4990764320107438,0.07180099337670057,199631.25392843323,0.4659139981326537,1.2610914055136289,0.06314180222904939,1.397575716576761,0.0,0.1987878582883804,0.56483386776277,0.7951514025529226,0.8308109939098358,0.02530533393530579,0.7951514331535215,5.77419996631671e-08,0.0,0.9380396008491516,8856,8729
pretrain,,370,0.12015242351262834,0.07165739138994716,113656.04983448549,0.5850599288872966,1.2359105530468757,0.055473725784616644,1.3942376383181128,0.0,0.1971188191590565,0.5727308860846928,0.7884752651055654,0.8251749694347381,0.031196204479733935,0.7884752766362256,5.6234144008016074e-08,0.0,1.0276291494568188,8880,8753
pretrain,,371,0.4514455144389805,0.07151407660716727,182297.29704557545,0.5104368084888087,1.2117401096697282,0.06303386740857941,1.392806520729902,0.0,0.19640326036495115,0.5753000825643539,0.785613032678763,0.8118795275688171,0.020152087851594832,0.7856130414598045,7.033702866439857e-08,0.0,0.9811678702632586,8904,8777
pretrain,,372,0.3565424371929624,0.07137104845395292,155410.4043221703,0.43180786240071595,1.0572499145652572,0.0658915213110884,1.3859050054369224,0.0,0.19295250271846143,0.5615599679627589,0.7718099852403005,0.8228602260351181,0.03780723097417945,0.7718100108738456,5.330713019150816e-08,0.0,0.9236010114351908,8928,8801
pretrain,,373,0.1728855737657098,0.07122830635704502,120902.25587683533,0.29787486988669526,0.8595373228977743,0.061298616013924834,1.3999167038571265,0.0,0.19995835192856337,0.5639201961457729,0.7998333921035131,0.8220320373773575,0.01994417940308156,0.7998334077142534,5.463759111812294e-08,0.0,0.8955478717883428,8952,8825
pretrain,,374,0.23051889292130612,0.07108584974433094,129957.70666760908,0.7144976468007346,1.7185501061198494,0.06350422775785507,1.3970754675212362,0.0,0.19853773376061803,0.5777517067534583,0.7941509261727333,0.8410069972276688,0.026841989355102635,0.794150935042472,5.428280145750956e-08,0.0,1.014934870103995,8976,8849
pretrain,,375,0.4451114123970874,0.07094367804484226,180216.35736282548,0.37612901706985186,0.834115368771034,0.06053193365382031,1.396646402199708,0.0,0.19832320109985416,0.5733730117125171,0.7932927732666334,0.824113380908966,0.019003229923344418,0.7932928043994165,5.5435867526062076e-08,0.0,0.92974953353405,9000,8873
pretrain,,376,0.22039468318500843,0.07080179068875259,128270.03336578197,0.5884364820682625,1.311030068626233,0.05589783375285453,1.384459433145821,0.0,0.19222971657291058,0.5745024170194353,0.7689188619454702,0.821973392367363,0.04207266227654271,0.7689188662916422,5.614544664374795e-08,0.0,1.0027791460355122,9024,8897
pretrain,,377,0.07919284345002675,0.07066018710737508,108600.37228063495,0.5463709102864354,1.2044674959366115,0.05483287483601823,1.3965493509812015,0.0,0.1982746754906007,0.5752068268401282,0.7930986707409223,0.8378843039274215,0.02926112248918749,0.7930987019624028,6.599085664952635e-08,0.0,1.0219861591855686,9048,8921
pretrain,,378,0.2046798101819186,0.07051886673316032,125735.52297581386,0.40863942559211014,0.8877581406973728,0.06850681280833311,1.3973473373445726,0.0,0.19867366867228634,0.5718295031360217,0.7946946397423744,0.8224255383014679,0.0180921281619667,0.7946946746891452,5.800809173746776e-08,0.0,1.0208199992775917,9072,8945
pretrain,,379,0.40195488908196153,0.07037782899969401,167211.46645023726,0.6391605526445839,1.2012925542074269,0.06532226299170867,1.4040413215933814,0.0,0.20202066079669057,0.575997109924044,0.8080826103687286,0.8301572173833847,0.02498963875274359,0.8080826431867623,6.971614700349941e-08,0.0,1.0070374955733616,9096,8969
pretrain,,380,0.19940936977186197,0.07023707334169463,124907.78211019504,0.3405518286137112,1.1174540891480782,0.06035543620590336,1.4016953061911321,0.0,0.2008476530955661,0.5756336993404797,0.8033905724684397,0.8235616117715836,0.019838496101570947,0.8033906123822643,5.587935443992128e-08,0.0,0.9402972956498464,9120,8993
pretrain,,381,0.036903900733114336,0.07009659919501124,103831.79838036992,0.41445669141502534,0.8660204068418375,0.059108335584582505,1.3978052323772794,0.0,0.19890261618863972,0.5694505444594792,0.7956104353070259,0.8278099447488785,0.028324165912752487,0.7956104647545587,5.924985518879211e-08,0.0,0.9165787274638811,9144,9017
pretrain,,382,0.05542811659812541,0.06995640599662122,105868.06759465474,0.5084037461951159,1.3591133510033016,0.05499608311771714,1.3937023152552899,0.0,0.19685115762764505,0.5772782564163208,0.7874046117067337,0.8313201606273651,0.023806360014302357,0.7874046305105799,4.470348360004669e-08,0.0,1.0087883546948433,9168,9041
pretrain,,383,0.0708930914474396,0.06981649318462797,107630.24048092407,0.5205884380328897,1.332058019068904,0.06024496786398418,1.3990053900384478,0.0,0.19950269501922388,0.5733490703361375,0.7980107391873995,0.8318692058324814,0.023682510570695904,0.7980107800768955,7.388492423432425e-08,0.0,0.9218482325474421,9192,9065
pretrain,,384,0.12013179072378921,0.06967686019825871,113653.3846157041,0.32710967567866983,0.8924062359104076,0.05806424981561048,1.3961910938489295,0.0,0.19809554692446477,0.57749378574746,0.7923821583390236,0.8105581939220429,0.014887655358608363,0.792382187697859,5.1000998072906846e-08,0.0,0.9310462897022566,9216,9089
pretrain,,385,0.15191681385709588,0.0695375064778622,117912.96140983717,0.39249405441994306,0.8444510853969063,0.06139023604559468,1.4022790500007212,0.0,0.20113952500036078,0.5755385852285794,0.8045580709973971,0.8410142928361892,0.021626015007805616,0.8045581000014428,5.171057719059272e-08,0.0,0.9468962127963702,9240,9113
pretrain,,386,0.07067908117640931,0.06939843146490647,107605.45466531417,0.5187791577319608,1.241309553842741,0.0503063900824528,1.3947307191611753,0.0,0.19736535958058776,0.5776671777878488,0.7894614090522131,0.8353904902935028,0.028519081502131484,0.789461438322351,5.7298512730804184e-08,0.0,1.012631778915723,9264,9137
pretrain,,387,0.1710618183976742,0.06925963460197666,120636.25758763026,0.5468312294438901,1.2085495603762757,0.060382664852463686,1.3905229655404885,0.0,0.19526148277024433,0.5747762386287962,0.7810459037621816,0.8188881486654281,0.03998189414776815,0.7810459310809771,6.882917310176613e-08,0.0,0.9609673544764519,9288,9161
pretrain,,388,0.1678839034493469,0.0691211153327727,120175.53850301313,0.5543913376360955,1.7156073686362372,0.06911075516880125,1.3786249854823662,0.0,0.1893124927411832,0.5673528169947011,0.7572499463955561,0.8011840790510177,0.043598964296763736,0.7572499709647325,3.947033762793003e-08,0.0,0.968055526415507,9312,9185
pretrain,,389,-0.0070113016957702445,0.06898287310210716,99303.75143913843,0.4042350942336432,0.8269688207802309,0.056089394633581736,1.3823652200933012,0.0,0.19118261004665071,0.5739406868815422,0.7647304311394691,0.7994581401348114,0.03259046651959273,0.7647304401866027,5.126709029523724e-08,0.0,0.9787969266374906,9336,9209
pretrain,,390,0.2949481435379261,0.06884490735590294,141833.53902760654,0.6767117999556617,1.2592155556897273,0.05847141725935231,1.4111535926127716,0.0,0.2055767963063859,0.5649180359074047,0.8223071669538816,0.8436759084463119,0.015367637611716792,0.8223071852255434,5.126709027673352e-08,0.0,1.0097098300854366,9360,9233
pretrain,,391,0.06872115438020387,0.06870721754119113,107379.22424668282,0.4618218467421986,1.1244772257502147,0.05356877804271589,1.401123215887873,0.0,0.20056160794393652,0.5765579385416848,0.8022464240590731,0.8282255560159684,0.022199037843292968,0.8022464317757457,4.993662955365963e-08,0.0,0.99447117994229,9384,9257
pretrain,,392,0.35392298801266153,0.06856980310610876,154780.30969156313,0.6191245097205461,1.2167517647608996,0.056471599263232884,1.3942932012003093,0.0,0.19714660060015465,0.5824376376611846,0.788586383064588,0.8205293595790862,0.026960416473109542,0.7885864024006185,5.9427250046854376e-08,0.0,0.9996344397465388,9408,9281
pretrain,,393,0.3215010227775318,0.06843266349989655,147384.15731938783,0.5883264747319726,1.168986223206987,0.056577645545362605,1.3903146237134933,0.0,0.1951573118567467,0.5803266039916447,0.7806292027235031,0.8191011369228363,0.036865162349352644,0.7806292474269867,7.273185816577173e-08,0.0,0.993143637975057,9432,9305
pretrain,,394,-0.25943620606263407,0.06829579817289674,79400.60760411934,0.32350521603440746,0.5645363724513522,0.058758195446463636,1.4021302449649997,0.0,0.20106512248249994,0.5661283119448594,0.8042604501048723,0.822917303442955,0.01589777207673503,0.8042604899299995,5.845157863282324e-08,0.0,0.8819686075051626,9456,9329
pretrain,,395,0.2354424220167728,0.06815920657655095,130794.5966133551,0.4211504134883232,0.813326195459509,0.05528803272526909,1.403827291070705,0.0,0.2019136455353527,0.5798803025058337,0.807654562095801,0.8447061121463776,0.02290094544477449,0.8076545821414106,7.468320073478196e-08,0.0,0.9666858489314715,9480,9353
pretrain,,396,0.20049655029131008,0.06802288816339785,125077.6341696041,0.4969869154704707,0.963327855094497,0.05944853454722223,1.4086685700874242,0.0,0.20433428504371218,0.5808744334748812,0.8173371280233065,0.8385302364826203,0.023748760492647923,0.8173371401748485,7.743281976724248e-08,0.0,0.983747087419033,9504,9377
pretrain,,397,0.2660098935842262,0.06788684238707106,136241.61841679417,0.4946919567153201,1.1474813265934443,0.06322161285399248,1.3994778068736193,0.0,0.19973890343680978,0.5752277384911264,0.7989556168516477,0.8236467212438583,0.02042579813836041,0.7989556137472391,4.4259996649180046e-08,0.0,0.9196787451704344,9528,9401
pretrain,,398,0.36771521665717266,0.06775106870229691,158156.5817088146,0.5602586197806203,1.1864601898538172,0.058334190664685835,1.4003053820204165,0.0,0.20015269101020838,0.5788824398602759,0.8006107633312544,0.8354020714759827,0.03680006803912254,0.8006107640408334,5.463759106261179e-08,0.0,0.9717055757840475,9552,9425
pretrain,,399,0.2377663560298926,0.06761556656489232,131193.36937050984,0.6179071123105844,1.2311858518912766,0.05489724167842916,1.4101212008723192,0.0,0.20506060043615956,0.5803602369768279,0.8202423925201098,0.8402621895074844,0.01830253482737169,0.8202424017446382,5.4282801420502125e-08,0.0,1.0011591811974843,9576,9449
pretrain,,400,0.16016945676282435,0.06748033543176253,119071.63987456825,0.41188042963008725,0.8351065785566553,0.055755469903102504,1.3997792625090195,0.0,0.19988963125450984,0.5795136807220322,0.7995585501194,0.8379422217607498,0.03479966279412212,0.7995585250180394,6.004813168924983e-08,0.0,0.994528204202652,9600,9473
pretrain,,401,0.1988456781399437,0.06734537476089901,124819.8970802878,0.34423343869284845,0.8826339228603315,0.055844986553020275,1.391809872262889,0.0,0.19590493613144475,0.5775026748222964,0.7836197093129158,0.8137310743331909,0.029507360813693095,0.7836197445257788,6.607955406930562e-08,0.0,0.9699806943535805,9624,9497
pretrain,,402,0.11495495695838132,0.06721068401137721,112988.5996043001,0.5483892723326659,1.1307982306127815,0.05546155961733013,1.394822392878788,0.0,0.19741119643939395,0.5787278493600232,0.7896447653571764,0.8199333399534225,0.025822555431916392,0.7896447857575758,4.683222087908945e-08,0.0,0.9714541186889013,9648,9521
pretrain,,403,0.3084793684552666,0.06707626264335446,144608.84525833724,0.5680703336860385,1.26578986116245,0.056601071044348195,1.4019060046190306,0.0,0.2009530023095154,0.5809212869831494,0.8038119946916898,0.8391649514436722,0.025784195979504813,0.8038120092380613,4.115558808563217e-08,0.0,1.0107527126868565,9672,9545
pretrain,,404,0.1723040775490441,0.06694211011806775,120817.31622391239,0.47133667928250667,1.1498181031218953,0.05688980802264474,1.3938726415148093,0.0,0.19693632075740472,0.5788165937576975,0.7877452795704206,0.8126639127731323,0.021714045628827755,0.7877452830296185,5.6145446680755384e-08,0.0,0.9419636055827141,9696,9569
pretrain,,405,-0.1667645655819281,0.06680822589783161,85707.0937444219,0.5204656175020704,1.0822987655216756,0.053926444525437746,1.4035117561884578,0.0,0.20175587809422899,0.5634893769664424,0.8070235004027685,0.8424153178930283,0.02282443649306713,0.8070235123769157,5.7209815329528624e-08,0.0,0.9874770492315292,9720,9593
pretrain,,406,0.13571055375955232,0.06667460944603594,115701.97974184186,0.3054645911323366,0.9297147939369919,0.05618910329539564,1.4047076240448018,0.0,0.20235381202240077,0.5427305166210448,0.8094152535001436,0.8305695563554764,0.015140882880447832,0.809415248089603,6.76761071257322e-08,0.0,0.9826450819770495,9744,9617
pretrain,,407,0.253727146440616,0.06654126022714388,133999.246419115,0.36645387379165045,1.4310475433116079,0.06197952535823869,1.3948138006297606,0.0,0.1974069003148803,0.5669182554951735,0.7896275743842125,0.8127266108989716,0.017061576439424995,0.789627601259521,7.601366142084842e-08,0.0,0.8951328868667284,9768,9641
pretrain,,408,0.12019888346238261,0.06640817770668958,113662.05170725574,0.40122549991846945,0.9773401883804892,0.05433625716242746,1.3966018425389415,0.0,0.19830092126947074,0.582352408340999,0.7932036742568016,0.8157519072294235,0.02501809193288541,0.7932036850778829,8.213378133170579e-08,0.0,0.9563157632946968,9792,9665
pretrain,,409,0.20636217486819264,0.06627536135127621,126002.05891571763,0.42751749094213665,1.0142877887621606,0.057722976056725404,1.4023167664362564,0.0,0.20115838321812807,0.5787571737808841,0.8046335180600485,0.8284324288368226,0.01596336339012351,0.8046335328725122,4.780789218209828e-08,0.0,0.9208916450540224,9816,9689
pretrain,,410,0.2211546938151625,0.06614281062857365,128395.20146798926,0.5020670776285724,1.061683343480906,0.05381527495005787,1.4039143617043184,0.0,0.2019571808521592,0.5808861958129066,0.8078287268678347,0.8342984080314636,0.02057065609728637,0.8078287234086364,5.135578767800908e-08,0.0,0.9809995740652084,9840,9713
pretrain,,411,0.18093720218820586,0.06601052500731651,122090.7606439454,0.5355758987059152,1.1068938794698095,0.056422551063238034,1.4085745304113342,0.0,0.20428726520566717,0.5696807482412882,0.8171490455667177,0.8367683976888657,0.016401301085745508,0.8171490608226685,7.007093659009793e-08,0.0,0.9971198861797651,9864,9737
pretrain,,412,0.2954599788338096,0.06587850395730188,141936.57847069486,0.8399761206488995,1.5291189757212758,0.05940353921965444,1.393716473575859,0.0,0.19685823678792946,0.5845692775079182,0.787432923913002,0.8195770800113678,0.02833496820827362,0.7874329471517175,6.368472462344361e-08,0.0,1.008553606768449,9888,9761
pretrain,,413,0.10022031212809357,0.06574674694938727,111138.31679898524,0.5935072605064143,1.2328568080327194,0.06302802041178761,1.3677801619771692,0.0,0.18389008098858453,0.5731432421931199,0.7355603103836378,0.7829200476408005,0.03413262900415588,0.735560323954338,6.18220794187015e-08,0.0,1.0030394047498703,9912,9785
pretrain,,414,0.33337207089931586,0.06561525345548849,150008.71645882766,0.6183847123440093,1.528636144194466,0.0586086461169368,1.3994659064781096,0.0,0.19973295323905493,0.5809907833380359,0.7989318072795868,0.814922821521759,0.014096225367786992,0.7989318129562196,6.102380304776982e-08,0.0,0.9714863151311874,9936,9809
pretrain,,415,0.2625111306637774,0.06548402294857752,135595.2668004401,0.49352012025699604,1.2165309832861708,0.05569917531581157,1.3929676215297409,0.0,0.1964838107648705,0.5818224485431398,0.7859352131684622,0.8145995616912842,0.02870911746538128,0.7859352430594818,4.496957574836221e-08,0.0,0.9671258553862572,9960,9833
pretrain,,416,0.38858343272775153,0.06535305490268037,163554.61293130534,0.535707203697279,1.2892759583311955,0.0617031922970156,1.3949184594675899,0.0,0.19745922973379493,0.5771421119570732,0.7898368909955025,0.8214445620775223,0.02786490595892392,0.7898369189351797,6.02255264362898e-08,0.0,0.9409270087877909,9984,9857
pretrain,,417,0.3062477883955288,0.065222348792875,144143.68462873163,0.4677466198228671,0.8778497634608726,0.059423370064812055,1.3985131289809942,0.0,0.1992565644904971,0.5829075542943818,0.7970262542366982,0.8251990646123886,0.026569427500665453,0.7970262579619884,6.953875218244458e-08,0.0,0.9842979808648428,10008,9881
pretrain,,418,0.1184174979703646,0.06509190409528925,113432.37844418829,0.3778975224610583,0.9402487894491305,0.05590348645057217,1.403616669853883,0.0,0.20180833492694158,0.5726772626595837,0.8072333162029585,0.8362559914588928,0.020425665024317453,0.8072333397077661,5.383931452514664e-08,0.0,0.8986139794190725,10032,9905
pretrain,,419,0.2535193782120132,0.06496172028709868,133961.9503591102,0.4269869305369316,1.1578405991592506,0.05842488318490421,1.4019034370513899,0.0,0.20095171852569496,0.580934213740485,0.803806833922863,0.8210536181926728,0.017177875109593503,0.8038068741027797,5.685502576143383e-08,0.0,0.9413347045580546,10056,9929
pretrain,,420,0.3042564734054479,0.06483179684652449,143731.12530341296,0.5828373929782483,1.1571209219411218,0.05229786048355672,1.413793866123472,0.0,0.20689693306173598,0.5819949497069632,0.8275877038637797,0.8534701436758041,0.017866849701646943,0.8275877322469439,7.113530518336002e-08,0.0,0.9950871169567108,10080,9953
pretrain,,421,0.01340211249496992,0.06470213325283143,101358.41690568202,0.4229901988014883,1.1286126887042243,0.05609017350673647,1.4055134385735506,0.0,0.20275671928677533,0.5849798364298684,0.8110268513361613,0.8284359246492385,0.012366046606425284,0.8110268771471012,4.9936629461141045e-08,0.0,0.9669268031915029,10104,9977
pretrain,,422,0.1657658594690623,0.06457272898632577,119870.42383131944,0.506030888695565,1.1410333952409701,0.052903951172236695,1.4069868500920988,0.0,0.20349342504604942,0.5785082647843021,0.8139736925562223,0.841327252984047,0.02156862346728034,0.8139737001841976,5.8717670855153635e-08,0.0,0.996788871785005,10128,10001
pretrain,,423,0.0688908076864011,0.06444358352835311,107398.78934233512,0.40687508366252034,1.02162809616643,0.05497740160592409,1.3936470856978778,0.0,0.196823542848939,0.5811098239251545,0.7872941394646963,0.8124584406614304,0.023134094782018156,0.7872941713957559,5.800809179297891e-08,0.0,0.9302460998296738,10152,10025
pretrain,,424,0.38110477169084944,0.0643146963612964,161578.23719727888,0.27814131661867897,0.7523603826574632,0.057518966499038114,1.3976145373834743,0.0,0.19880726869173704,0.5659422214542116,0.7952290723721186,0.8122705966234207,0.012856097431226636,0.795229074766948,4.248604882720978e-08,0.0,0.8803403899073601,10176,10049
pretrain,,425,0.27629368115861697,0.06418606696857382,138177.5969015925,0.5825122500737779,1.3257539776289584,0.0557564486915662,1.4013182059639977,0.0,0.20065910298199885,0.5793172743703638,0.8026363775134087,0.8412007778882981,0.02457302543385819,0.8026364119279953,6.705522533530701e-08,0.0,0.9952737713853518,10200,10073
pretrain,,426,0.18888790825748736,0.06405769483463666,123287.52217855603,0.32364756069601336,0.6168232796121039,0.058104744577943575,1.3812806381444844,0.0,0.19064031907224233,0.5412133149802685,0.7625612393021584,0.7915950089693069,0.02651977360875941,0.7625612762889692,6.90952653055928e-08,0.0,0.9874603922168413,10224,10097
pretrain,,427,0.13350245937275407,0.0639295794449674,115407.13655991608,0.5307751048867068,1.1980318222444282,0.059405395640760195,1.4029033551702188,0.0,0.20145167758510937,0.5825082590537412,0.8058067113161087,0.8282980024814606,0.021752929594983605,0.8058067103404375,5.206536677719124e-08,0.0,0.9416696776946386,10248,10121
pretrain,,428,0.23723128908093194,0.06380172028607746,131101.33985374012,0.2989400076871671,0.8055324835681583,0.057349366109913806,1.4053009522724011,0.0,0.2026504761362005,0.5785982640726226,0.8106018677353859,0.8284801065921783,0.01496843477211521,0.8106019045448019,6.270905337594594e-08,0.0,0.9144374628861746,10272,10145
pretrain,,429,-0.050604115243412906,0.06367411684550531,95183.33171275571,0.521710221427646,1.2900667561211205,0.05496132591175345,1.39064722543671,0.0,0.19532361271835508,0.5844657548836298,0.7812944153944651,0.8192485630512237,0.027439536891872278,0.7812944508734203,5.038011639350396e-08,0.0,1.0061175500353177,10296,10169
pretrain,,430,0.18301547865770418,0.0635467686118143,122401.33979001363,0.6946406524425089,1.5547202808242586,0.061120876944288326,1.395037564759453,0.0,0.19751878237972656,0.5823129372937339,0.7900751158595085,0.8317866146564483,0.03454463194401411,0.7900751295189062,7.219967392465183e-08,0.0,0.9707289710640907,10320,10193
pretrain,,431,0.11839635414664063,0.06341967507459066,113429.65795383451,0.47545144301171155,1.027992321290567,0.05362780172051462,1.402000478202743,0.0,0.20100023910137163,0.5854124884520258,0.8040009414156278,0.8331483066082,0.023474640038442587,0.8040009564054863,7.565887205629451e-08,0.0,0.9920946384469668,10344,10217
pretrain,,432,0.16760452853341778,0.06329283572444148,120135.20427232965,0.5449565779073637,1.335543285927638,0.058238589538838446,1.3899859345207612,0.0,0.1949929672603806,0.5760728770068713,0.779971847931544,0.8184271335601807,0.03643682196089925,0.7799718690415224,5.0734905980102475e-08,0.0,0.9240570341547331,10368,10241
pretrain,,433,0.2525733287353461,0.06316625005299259,133792.38906580486,0.4384313146546706,1.3218478572720196,0.05774094700194741,1.4013200567236967,0.0,0.2006600283618484,0.5800606028309889,0.8026400804519653,0.8252587467432022,0.01742785733314187,0.8026401134473936,6.403951419153842e-08,0.0,0.9020778437455496,10392,10265
pretrain,,434,0.24628125185015903,0.06303991755288661,132675.48438389087,0.41257438252127315,0.9243998870283158,0.04936086350359092,1.4061912052067262,0.0,0.20309560260336315,0.585205788058894,0.8123823950688044,0.8438890099525451,0.019998862974338477,0.8123824104134526,5.1887971974640124e-08,0.0,1.0007130702336628,10416,10289
pretrain,,435,0.19426811675018274,0.06291383771778085,124110.76448490868,0.4798957258692241,1.299780293621989,0.05860572237107242,1.3984927736843626,0.0,0.1992463868421813,0.5839374161192349,0.7969855293631554,0.8261644840240479,0.021653153205015842,0.7969855473687252,6.075771082543942e-08,0.0,0.9607614154616991,10440,10313
pretrain,,436,0.2323365630592802,0.06278801004234527,130265.4199586715,0.663442483039518,1.3206645137357815,0.06495050025350445,1.4002880801757176,0.0,0.20014404008785883,0.5828041013862406,0.800576147933801,0.8336519509553909,0.023813211535950778,0.8005761603514353,7.237706859767694e-08,0.0,0.9276560122768084,10464,10337
pretrain,,437,0.21819799750653102,0.06266243402226059,127909.62376798897,0.5303450493308547,1.1798536083857547,0.058404699803225046,1.38911016946215,0.0,0.19455508473107505,0.5824262489165579,0.7782203331589699,0.8212911188602448,0.029233956892475713,0.7782203389243,5.685502572442639e-08,0.0,0.9710779612263044,10488,10361
pretrain,,438,0.21292958493414116,0.06253710915421606,127053.4352274344,0.40838363011514794,1.2253530999738993,0.05976288611884962,1.396685307712427,0.0,0.19834265385621364,0.5772835591009684,0.7933705871303877,0.8117606043815613,0.016258736321514883,0.7933706154248542,5.898376305898031e-08,0.0,0.9068251674373945,10512,10385
pretrain,,439,0.2715169739948944,0.062412034935907634,137271.5580600215,0.5004152646855514,1.2763042279582621,0.05898670819829562,1.4035741351988342,0.0,0.20178706759941722,0.584596679678985,0.807148240506649,0.8330349177122116,0.020332869060735677,0.8071482703976688,5.703242048997007e-08,0.0,0.9478814974427223,10536,10409
pretrain,,440,0.07607075546661712,0.06228721086603582,108233.39621694035,0.5755504691240891,1.4542567087992369,0.05854195010395096,1.3834139969909476,0.0,0.1917069984954738,0.5819724202156067,0.7668279632925987,0.8075852036476135,0.032409471786156906,0.7668279939818948,5.4282801494516995e-08,0.0,0.940038688480854,10560,10433
pretrain,,441,0.38472453640240156,0.062162636444303754,162528.82800703045,0.5438748129322392,1.127135709674554,0.059235689421886596,1.4005245893217977,0.0,0.20026229466089893,0.5851219871214457,0.801049143075943,0.834483015537262,0.025283897548128015,0.8010491786435955,5.6500236174835315e-08,0.0,0.9807576015591621,10584,10457
pretrain,,442,0.17462341242471968,0.06203831117141514,121156.81678562185,0.4454532141105014,0.930330815756974,0.05919579971793095,1.382385870486143,0.0,0.19119293524307157,0.5718786514231137,0.7647717247406641,0.8193551570177078,0.041162497972632564,0.7647717409722862,6.803089663831585e-08,0.0,0.9952243616183599,10608,10481
pretrain,,443,0.2773835775245881,0.06191423454907231,138386.00520236953,0.5180622701276344,0.8668907580878049,0.05262997492015959,1.3996618923598103,0.0,0.19983094617990513,0.5848109711493765,0.799323762456576,0.8225871324539185,0.02384946240209303,0.7993237847196205,5.242015632678232e-08,0.0,0.9647670884927114,10632,10505
pretrain,,444,0.23512295271420358,0.061790406079974165,130739.96710301987,0.6421407298691231,1.4098576423750524,0.061075175479539334,1.4020630347852905,0.0,0.20103151739264527,0.5824427572744233,0.804126039147377,0.8346864879131317,0.026251779368182154,0.8041260695705811,6.199947420274891e-08,0.0,0.96082620571057,10656,10529
pretrain,,445,0.13009136567090196,0.06166682526781422,114954.60103936463,0.45501644462868424,0.9546429106637566,0.05069458411227373,1.403868646715723,0.0,0.20193432335786168,0.5714602454432419,0.8077372685074806,0.8390395194292068,0.020910018109097487,0.8077372934314465,5.242015632678232e-08,0.0,0.9750431279341379,10680,10553
pretrain,,446,0.30754667393470747,0.06154349161727859,144414.06552009375,0.4990960452333602,1.4623903378773075,0.05937333651529131,1.3944841275612514,0.0,0.1972420637806257,0.5709577745624951,0.7889682153860728,0.8127617686986923,0.022578411079693172,0.7889682551225027,6.457169845116202e-08,0.0,0.9026211475332578,10704,10577
pretrain,,447,0.41754732588662336,0.06142040463404403,171687.76871395152,0.5698832983064448,1.367268809564717,0.06473545422919734,1.3980386476254179,0.0,0.199019323812709,0.5810220241546631,0.7960772613684336,0.8246521592140198,0.02534203916542891,0.7960772952508358,5.995943439899658e-08,0.0,0.9526959806680679,10728,10601
pretrain,,448,0.14246006352484764,0.06129756382477594,116612.64478368414,0.4703710001809254,1.2360334894150344,0.055157075805907285,1.3891389636943738,0.0,0.1945694818471869,0.5793837867677212,0.7782779286305109,0.8055272996425629,0.018423335386119725,0.7782779273887476,6.758740968744921e-08,0.0,0.9677359759807587,10752,10625
pretrain,,449,0.14107077956958158,0.06117496869712639,116424.02845474154,0.38924396288472973,0.9162201260485354,0.05835353345328217,1.4005729423037596,0.0,0.2002864711518799,0.574785235204867,0.8011458814144135,0.8223627388477325,0.012784620928143088,0.8011458846075193,6.315254032681257e-08,0.0,0.8971549918254217,10776,10649
pretrain,,450,0.23667536614706064,0.061052618759732134,131005.85984660598,0.5270645484121563,1.0529608671642094,0.056824255733743355,1.3810977940669371,0.0,0.19054889703346858,0.5795096292027405,0.7621955846746763,0.8174840152263642,0.05614136533444848,0.7621955881338742,4.3550417512990457e-08,0.0,0.9549181709686915,10800,10673
pretrain,,451,0.0984964947528788,0.060930513522212675,110925.80274836301,0.5430919499057895,1.0162591514095922,0.055653971400223524,1.3941868987555306,0.0,0.19709344937776527,0.584537148475647,0.788373775780201,0.815447187423706,0.023804306053228027,0.7883737975110611,7.565887201928707e-08,0.0,0.9865748112400373,10824,10697
pretrain,,452,0.03989380548474197,0.060808652495168244,104155.14509880687,0.26891211827053046,0.3777388445209199,0.05814306992685439,1.394262961067614,0.0,0.19713148053380705,0.5669436625071934,0.7885259091854095,0.8098577499389649,0.013932208905793171,0.7885259221352282,7.078051568928008e-08,0.0,0.8698929448922476,10848,10721
pretrain,,453,0.04607781505851316,0.06068703519017791,104830.35364790678,0.7075660742217936,1.2348972814005346,0.06359630987482458,1.400663701285209,0.0,0.20033185064260448,0.5834879300424031,0.8013273924589157,0.8273089408874512,0.0198435366518999,0.8013274025704179,7.255446341873177e-08,0.0,0.9348640168706576,10872,10745
pretrain,,454,0.2812015519128285,0.060565661119797554,139121.05718385274,0.5010902480024734,1.1155685217726363,0.06349630814846524,1.3840667111355633,0.0,0.1920333555677817,0.5793124485228742,0.7681334093213081,0.8104689240455627,0.04301572571811384,0.7681334222711267,6.439430383364808e-08,0.0,0.9599400460720062,10896,10769
pretrain,,455,0.1333673646394088,0.06044452979755796,115389.14635772016,0.4415568244005386,1.2946822825949555,0.06019984687877439,1.3923075504246212,0.0,0.1961537752123106,0.5668204932340554,0.7846150696277618,0.8152108579874039,0.025784173256389167,0.7846151008492424,6.90065679598284e-08,0.0,0.89393283923467,10920,10793
pretrain,,456,0.26629754970433606,0.06032364073796285,136295.0334426476,0.5173458990171862,1.278340810202622,0.050806328509451014,1.3984309004708415,0.0,0.19921545023542073,0.5792286459888731,0.7968617727359136,0.8313602060079575,0.02127881888348121,0.796861800941683,4.7719194780822725e-08,0.0,0.9754011680682501,10944,10817
pretrain,,457,0.278817518867307,0.060202993456486914,138661.16082428885,0.7071727325145934,1.2756294018445329,0.05694349627826201,1.4020754268747708,0.0,0.20103771343738552,0.58603100585086,0.8041508371631304,0.8280997484922409,0.01581472034914783,0.804150853749542,6.519258020457978e-08,0.0,0.9718393633762995,10968,10841
pretrain,,458,0.4244349612777564,0.06008258746957394,173742.31107226448,0.4113667453832213,1.1687592084219418,0.06364150720068722,1.385784484712141,0.0,0.1928922423560705,0.5709013726030077,0.7715689614415169,0.8007830053567886,0.022213516654396758,0.7715689694242817,7.840849103324388e-08,0.0,0.9259671618541082,10992,10865
pretrain,,459,0.16495911029262733,0.0599624222946348,119754.61469323194,0.6261712285768332,1.2051460542198549,0.05806465600296159,1.3932919344820436,0.0,0.19664596724102187,0.5588741227984428,0.786583828429381,0.827278572320938,0.027831145716950556,0.7865838689640873,6.128989508506304e-08,0.0,0.9905719682574272,11016,10889
pretrain,,460,0.2747221738378365,0.05984249745004553,137878.1983852367,0.5164220423886973,1.2085016832312683,0.056532622931678524,1.4024288887601524,0.0,0.20121444438007616,0.5849901480334145,0.8048577606678009,0.8320048391819,0.025373075864563558,0.8048577775203046,4.612264181691472e-08,0.0,0.958179660141468,11040,10913
pretrain,,461,0.3387310555530928,0.059722812455145435,151224.4009638788,0.4236685864652121,0.918438361421135,0.05833200523103163,1.39464438974946,0.0,0.19732219487473016,0.5831473480377878,0.7892887865503629,0.8171499043703079,0.025663612314923867,0.7892887794989205,4.004687068996186e-08,0.0,0.9250868360201517,11064,10937
pretrain,,462,0.3498275640555094,0.05960336683023514,153805.3514291671,0.5407945854491977,1.281375296561913,0.05411366439506888,1.4129640413448215,0.0,0.20648202067241073,0.5690163198326315,0.8259280323982239,0.8454590439796448,0.015568119658154007,0.8259280826896429,8.293205773964492e-08,0.0,0.9808906515439352,11088,10961
pretrain,,463,0.15262230584652703,0.05948416009657467,118011.13091594841,0.5997910225738433,1.201588854997122,0.05720821563689893,1.4102561746590905,0.0,0.2051280873295452,0.5838401328240121,0.8205123220880827,0.8461941868066788,0.019252228682274435,0.8205123493181806,5.774199962615967e-08,0.0,0.9815158893664678,11112,10985
pretrain,,464,0.3818657691351388,0.05936519177638152,161777.1594044957,0.3899229492974537,1.080556473143504,0.05825841108359486,1.394742684350127,0.0,0.19737134217506366,0.5768334391926015,0.7894853626688322,0.8094686508178711,0.024106945609984075,0.7894853687002543,5.570195976689618e-08,0.0,0.9210510700941086,11136,11009
pretrain,,465,0.07255414413948214,0.059246461392828756,107823.00591252994,0.6778926473966694,1.3020128148824341,0.06061046270779049,1.4004055139431284,0.0,0.2002027569715643,0.5785389553223337,0.8008109952012697,0.8274279713630677,0.024291528488533713,0.8008110278862572,5.060185986893728e-08,0.0,0.9586775898933411,11160,11033
pretrain,,466,0.1752875051989966,0.059127968470043105,121254.37728954162,0.48452658990483705,1.154723851781991,0.05491183966958773,1.3939236239308403,0.0,0.19696181196542015,0.5834799504705838,0.7878472432494164,0.8148525595664978,0.027749711193603685,0.7878472478616804,5.126709031374096e-08,0.0,0.9599429766337076,11184,11057
pretrain,,467,0.17866485688353773,0.05900971253310301,121752.97847424554,0.5939176635747588,1.1463037781094048,0.054955736416783425,1.4065285431930707,0.0,0.20326427159653535,0.5784127126846994,0.8130570823947588,0.8290962815284729,0.015349175584890127,0.8130570863861414,5.454889366133623e-08,0.0,0.9602513263622919,11208,11081
pretrain,,468,0.18693939172773755,0.05889169310803681,122992.06108693178,0.33791008307854264,0.7006923359536628,0.049656927059631324,1.4019196266308427,0.0,0.20095981331542134,0.5852364322968892,0.803839236497879,0.8185706973075867,0.014506559734796039,0.8038392532616854,6.749871234168481e-08,0.0,0.9644189303119978,11232,11105
pretrain,,469,-0.09555341408828721,0.05877390972182074,91278.06888650826,0.5868170916921425,1.464872470154917,0.06063592782999629,1.399795131979599,0.0,0.19989756598979946,0.5831778507147516,0.7995902399222056,0.8408105581998825,0.03158785233781908,0.7995902639591977,6.430560633985394e-08,0.0,0.9369699681798617,11256,11129
pretrain,,470,0.17160224105084576,0.058656361902377094,120714.95718053704,0.48880445789255433,1.2678339086790917,0.058672928301129634,1.3848505413514518,0.0,0.1924252706757259,0.5807436129876545,0.7697010487318039,0.8176057398319244,0.059044444294983754,0.7697010827029036,4.124428550541145e-08,0.0,0.9230803574124972,11280,11153
pretrain,,471,0.05879485401846907,0.05853904917857235,106246.76291555495,0.5629207907175331,1.1289295302255664,0.053758633514765265,1.40266989391031,0.0,0.20133494695515508,0.5866417310067585,0.8053397635618845,0.8343947470188141,0.01713345849577286,0.8053397878206202,4.794093823775233e-08,0.0,0.965346060693264,11304,11177
pretrain,,472,0.44373213047877247,0.0584219710802152,179769.50580674142,0.5650869418669696,1.2372954404134073,0.056522676843321344,1.4043452096216023,0.0,0.20217260481080132,0.5729889199137688,0.8086904014150301,0.8329918116331101,0.021751672670483363,0.8086904192432053,4.887226083087152e-08,0.0,0.9806164254744848,11328,11201
pretrain,,473,0.24128479763248245,0.05830512713805476,131801.76130378965,0.6699265950690569,1.3352955239425834,0.057620072053813566,1.4012819192416608,0.0,0.2006409596208306,0.5834491859589304,0.8025638113419215,0.82691909968853,0.01948103407398959,0.8025638384833221,5.712111789124563e-08,0.0,0.9566475972533226,11352,11225
pretrain,,474,0.40097307092683754,0.05818851688377866,166937.40322279645,0.8134158490415307,1.6783324544677207,0.06818893229694994,1.399957746178621,0.0,0.1999788730893107,0.5746856784181935,0.7999154875675837,0.8257250249385834,0.019977270503416005,0.7999154923572425,4.771919481783016e-08,0.0,0.9658027241627375,11376,11249
pretrain,,475,0.2173452419599775,0.0580721398500111,127770.25754040878,0.6996476987430172,1.3820736010817956,0.05823283723716488,1.4029262075200677,0.0,0.20146310376003387,0.5856867517743791,0.8058524057269096,0.8319287359714508,0.018775677130969625,0.8058524150401354,5.4016709383208905e-08,0.0,0.9689746722579002,11400,11273
pretrain,,476,0.08393571403033562,0.05795599557031107,109162.64451260523,0.5846486468105789,1.1460302029689138,0.054147628042866346,1.4046878816914699,0.0,0.20234394084573504,0.582677355834416,0.809375728170077,0.8308205157518387,0.021337889804477237,0.80937576338294,6.37734219507043e-08,0.0,0.970088467001915,11424,11297
pretrain,,477,0.13607888804349288,0.057840083579170455,115751.30948418628,0.7199402879149591,1.836063776331964,0.05567659953498583,1.4031029191489022,0.0,0.20155145957445106,0.584115746830191,0.8062058091163635,0.8327650934457779,0.022859092474367005,0.8062058382978042,5.13557876965128e-08,0.0,0.9577391594648361,11448,11321
pretrain,,478,0.12411405560662714,0.05772440341201211,114170.1161436706,0.5683487315492857,1.3646417767308787,0.06075664308761603,1.3878812698558682,0.0,0.19394063492793415,0.5837662720254488,0.7757625083128611,0.8129766792058944,0.03610736112014363,0.7757625397117366,7.086921301654077e-08,0.0,0.9317850396037102,11472,11345
pretrain,,479,-0.04540461541149776,0.05760895460518809,95656.74239981949,0.6693451428314195,1.4098252307788388,0.060829408816869775,1.400928398505563,0.0,0.20046419925278144,0.5857157020696572,0.8018567611773809,0.8236293703317642,0.019491749285152696,0.8018567970111258,5.2154064122955646e-08,0.0,0.9578637753923734,11496,11369
pretrain,,480,0.25415081099603465,0.05749373669597771,134075.3619824186,0.679752396637637,1.5396457858067354,0.05604628882006021,1.4115902299859693,0.0,0.20579511499298472,0.586528820650918,0.8231804321209589,0.8482411742210388,0.017338814732091073,0.8231804599719387,6.45716985251769e-08,0.0,0.9634210094809532,11520,11393
pretrain,,481,0.2207813094264084,0.057378749222585755,128333.67732284358,0.3954820034394859,0.8052172555768099,0.05603941901324644,1.4032468193521102,0.0,0.2016234096760551,0.5877106732555798,0.8064936076601347,0.8231730222702026,0.012958101700079641,0.8064936387042203,4.825137905895005e-08,0.0,0.9413086424271265,11544,11417
pretrain,,482,0.41540673150080265,0.05726399172414059,171059.10277880201,0.661014978515357,1.2601721160882036,0.05801604381380889,1.4014378086264643,0.0,0.20071890431323225,0.5871932985527175,0.8028755808869997,0.8226769149303437,0.013660688954503994,0.8028756172529287,4.87835634666034e-08,0.0,0.9547205120325089,11568,11441
pretrain,,483,0.22908284467526208,0.057149463740692304,129715.62418775908,0.7031440935253422,1.3399327960841703,0.06513517836404459,1.3852640452927776,0.0,0.19263202264638882,0.5829541619334901,0.7705280631780624,0.8054786890745163,0.03810800528791608,0.7705280905855553,6.85630809349469e-08,0.0,0.9695254042744637,11592,11465
pretrain,,484,0.23359245385129757,0.05703516481321092,130478.88228986393,0.3722384616743812,0.9425752529194071,0.055118210867267814,1.391760850458273,0.0,0.19588042522913643,0.585706064743655,0.783521664639314,0.8178808867931366,0.02598535483487117,0.7835217009165456,5.933855259006767e-08,0.0,0.9564421474933624,11616,11489
pretrain,,485,0.12911002313562747,0.0569210944835845,114825.06706535841,0.37296565771026186,0.7825085861246194,0.055894835429482294,1.406183495164095,0.0,0.2030917475820475,0.584178913384676,0.8123669823010763,0.8424505233764648,0.016396242266314684,0.8123669903281897,6.692217929815669e-08,0.0,0.9364461029569308,11640,11513
pretrain,,486,0.10717602912152147,0.05680725229461733,112004.16124760489,0.46213345693932245,0.739105077407905,0.06566308255351987,1.4038536158345993,0.0,0.2019268079172997,0.5404390639492443,0.8077072178324064,0.838483116030693,0.02837111374056191,0.8077072316691988,6.332993501834139e-08,0.0,0.9914976631601652,11664,11537
pretrain,,487,0.1850029845154273,0.05669363779002809,122699.83582767234,0.4864038769639179,1.028835245147547,0.051485755416948074,1.4010819782990784,0.0,0.20054098914953924,0.5877969318202563,0.8021639411648115,0.8289585947990418,0.025825357268137304,0.8021639565981569,4.8606168682555996e-08,0.0,0.987484077612559,11688,11561
pretrain,,488,0.23024634809963918,0.05658025051444804,129911.6928553972,0.2592020609456715,0.6275069196697343,0.05605442083595811,1.3820069242889679,0.0,0.19100346214448413,0.5696104738329137,0.764013834297657,0.7905228078365326,0.025855000195929456,0.7640138485779362,5.383931454365035e-08,0.0,0.8991718143224716,11712,11585
pretrain,,489,0.42144381504582196,0.05646709001341914,172844.06009404265,0.6460814985996843,1.3123360861365991,0.056295048226508326,1.39409828496476,0.0,0.19704914248238006,0.5845907926559448,0.7881965612371763,0.8177307516336441,0.023904170909102736,0.7881965699295203,5.7121117928253064e-08,0.0,0.9968856622775396,11736,11609
pretrain,,490,0.3303746833204384,0.0563541558333923,149337.24503706806,0.5744723902147318,1.3413398082775079,0.058518282243007196,1.4024002563119644,0.0,0.20120012815598223,0.5880342008812087,0.8048004880547523,0.8381779223680497,0.02412404257824362,0.8048005126239287,6.075771084394314e-08,0.0,0.9773205841581026,11760,11633
pretrain,,491,0.3350218673360412,0.05624144752172552,150380.88485615538,0.5681992867377024,1.3241590477208425,0.06789554376025357,1.401019674681482,0.0,0.20050983734074093,0.5862879050629479,0.8020393401384354,0.8327078580856323,0.019866547395222728,0.8020393493629636,4.4348694068959325e-08,0.0,0.9778951679666837,11784,11657
pretrain,,492,0.3105105765464886,0.05612896462668207,145034.85709631408,0.6469787556280838,1.2401370384310761,0.053491689594100555,1.401093445053058,0.0,0.20054672252652903,0.5875355026551655,0.8021869013706843,0.8301988989114761,0.017693230814659285,0.8021868901061158,5.703242058248866e-08,0.0,0.9935238808393478,11808,11681
pretrain,,493,0.1511835827595691,0.056016706697428705,117811.10493256939,0.6523517961155716,1.5900645329553094,0.05723564018847072,1.3997243484925654,0.0,0.1998621742462828,0.5715360684054238,0.7994486838579178,0.8324874192476273,0.01946556303654028,0.7994486969851312,5.3041038061696355e-08,0.0,0.9798247193296751,11832,11705
pretrain,,494,0.11076919059169688,0.05590467328403385,112456.74232378465,0.6322067124676423,1.3978242929029199,0.05233305781591665,1.4101977068487377,0.0,0.20509885342436887,0.589321187564305,0.8203953901926676,0.8434950023889541,0.018299996879228203,0.8203954136974755,7.033702871990973e-08,0.0,0.9836233953634897,11856,11729
pretrain,,495,0.21873463098760593,0.05579286393746578,127997.48199054447,0.72100901799919,1.5240480121344027,0.061569293972177884,1.4006523282178456,0.0,0.20032616410892282,0.584573860679354,0.8013046458363533,0.825567752122879,0.02814286318318451,0.8013046564356912,5.113404431359806e-08,0.0,0.9528236339489619,11880,11753
pretrain,,496,0.22341396018041382,0.05568127820959085,128768.73246811346,0.6651971467675419,1.5217901293796414,0.060767114510447445,1.4009723347567375,0.0,0.20048616737836886,0.588368823485715,0.8019446308414141,0.827448096871376,0.020277960616653164,0.8019446695134754,6.297514550575774e-08,0.0,0.9573013683160146,11904,11777
pretrain,,497,0.09362956689635171,0.05556991565317167,110330.16562287229,0.43524981739872387,0.849924737369901,0.0567214459798977,1.4024100013165957,0.0,0.20120500065829783,0.5799072246466364,0.8048200060923895,0.8250744462013244,0.014484352611413794,0.8048200026331913,4.975923476961223e-08,0.0,0.9105042616526285,11928,11801
pretrain,,498,0.12132485745862831,0.05545877582186532,113807.70339169072,0.5958961812386788,1.150145617863991,0.05075312215140826,1.4042509601761897,0.0,0.20212548008809486,0.5883303274001395,0.8085018818577131,0.8400124579668045,0.02424863595817827,0.8085019203523794,7.095791041781634e-08,0.0,0.978850228091081,11952,11825
pretrain,,499,0.29904624714966244,0.05534785827022159,142662.76425992866,0.47303530501795793,1.061657352733645,0.057794349800066765,1.3956898193629013,0.0,0.19784490968145077,0.5880729098405157,0.7913796231150627,0.8140459328889846,0.016269920616089114,0.791379638725803,6.616825152609233e-08,0.0,0.9753535464406013,11976,11849
pretrain,,500,0.07541248540172996,0.05523716255368115,108156.33828177923,0.38526662906034187,1.1000084717117247,0.05800283946868883,1.4074521605812367,0.0,0.20372608029061842,0.5841137117573193,0.8149042949080467,0.8347009420394897,0.012804776868455502,0.8149043211624735,5.446019631557183e-08,0.0,0.9120333765943845,12000,11873
pretrain,,501,0.20348852398612116,0.055126688228573785,125547.46919711368,0.4650098742996354,1.1820796851225532,0.05608407651092492,1.3969718463541494,0.0,0.19848592317707484,0.5892594456672668,0.7939436684052149,0.8202670216560364,0.01940835260925647,0.7939436927082992,7.698933283487956e-08,0.0,0.9678070644537607,12024,11897
pretrain,,502,0.01003173739415164,0.05501643485211664,101013.33929309466,0.6309131674141063,1.5781253616377309,0.05745663592520822,1.4119421041881044,0.0,0.20597105209405228,0.585942620145423,0.8238841891288757,0.846768143773079,0.01774093410779191,0.8238842083762089,5.7564604860615987e-08,0.0,0.9745448008179665,12048,11921
pretrain,,503,0.1629360498213266,0.0549064019824124,119465.18540029677,0.45007438890051626,1.067427089254244,0.0539989445380187,1.3938608571798319,0.0,0.19693042858991597,0.5854077935218811,0.7877216885487238,0.8304665297269821,0.028840661553381556,0.7877217143596639,5.8274184015309295e-08,0.0,0.968590093155702,12072,11945
pretrain,,504,0.22976367116936758,0.054796589178447576,129830.28228728099,0.49060879697471776,1.0684425724656517,0.05838623963070646,1.4026525712217248,0.0,0.20132628561086244,0.5879259599106652,0.8053050885597864,0.8288675636053086,0.019808661652357992,0.8053051424434496,6.754306097755958e-08,0.0,0.9393588304519653,12096,11969
pretrain,,505,0.10282855060188001,0.05468699600009068,111461.41583873004,0.5890946878825021,1.1861922225360273,0.06242333629673496,1.3961155229203757,0.0,0.19805776146018791,0.5737299206001418,0.7922310208280882,0.8382997781038284,0.023489155847627632,0.7922310458407514,4.3284325346171215e-08,0.0,0.9943381274739901,12120,11993
pretrain,,506,0.367573185334772,0.05457762200809051,158121.062676532,0.5856314961235144,1.324837040225263,0.0691349843633455,1.3904520474995177,0.0,0.1952260237497588,0.5823203926639897,0.7809040720264117,0.8126591205596924,0.023657597089186026,0.780904094999035,6.767610707022105e-08,0.0,0.9372933159271876,12144,12017
pretrain,,507,0.3763087834757135,0.054468466764074325,160335.75165172463,0.6578606236374364,1.5934679297451169,0.0636395293416435,1.3797911146566981,0.0,0.1898955573283491,0.5857968905142374,0.7595821966727575,0.8192985415458679,0.047329963835230617,0.7595822293133961,5.392801188941476e-08,0.0,0.9431794434785843,12168,12041
pretrain,,508,0.19962903918756247,0.05435952983054617,124942.06423792835,0.5216819716198304,1.1942381749553896,0.05487761577419257,1.3958772305133087,0.0,0.19793861525665438,0.5876083916851452,0.7917544295390447,0.8118392795324325,0.02142267151992106,0.7917544610266174,6.466039592645245e-08,0.0,0.9749191577235857,12192,12065
pretrain,,509,0.11067755620769115,0.05425081077088508,112445.15495816483,0.6569327861456632,1.3317678046444281,0.0551217063065322,1.393726634305148,0.0,0.196863317152574,0.5882962878261293,0.7874532466133436,0.8364107757806777,0.030616569061257416,0.7874532686102956,5.2863643277648954e-08,0.0,0.986788921058178,12216,12089
pretrain,,510,0.2408574673619428,0.05414230914934331,131727.5685403835,0.5934732744573445,1.5574956520901824,0.06133672271970525,1.3990252975906643,0.0,0.19951264879533226,0.587792276271752,0.7980505724747976,0.8190340012311935,0.026031643774534007,0.7980505951813289,6.350732982089251e-08,0.0,0.9716892689466476,12240,12113
pretrain,,511,0.05753096337933983,0.054034024531044625,106104.28153540453,0.7273504996172182,1.490694667918709,0.06337908405208297,1.3979243162043746,0.0,0.1989621581021874,0.5845817795821598,0.7958485757311186,0.8168341547250748,0.013683307898502823,0.7958486324087496,6.466039585243759e-08,0.0,0.9436180541912714,12264,12137
pretrain,,512,0.06576511879004732,0.05392595648198253,107039.4629993769,0.5993126600107511,1.321918647026188,0.055559811536364745,1.4090467878572996,0.0,0.2045233939286499,0.5611286259123257,0.8180935507019361,0.8357453107833862,0.01574406369742509,0.8180935757145994,5.8185486577026303e-08,0.0,0.964520218471686,12288,12161
pretrain,,513,0.1854985685857612,0.053818104569018574,122774.49264437454,0.5497567534338613,1.1435806099599857,0.055118754760334426,1.3998324672381084,0.0,0.19991623361905417,0.5869417861104012,0.7996648972233137,0.8251973569393158,0.025206397615059148,0.7996649344762167,6.971614702200313e-08,0.0,0.9538372457027435,12312,12185
pretrain,,514,0.21964084028192943,0.05371046835988053,128146.12189101256,0.6236738702253494,1.2800364774098385,0.062437667968610326,1.3930543737175565,0.0,0.1965271868587782,0.5860804979290282,0.7861087471246719,0.8193963646888733,0.032864355100746305,0.7861087474351128,5.352887366694148e-08,0.0,0.9466267277797064,12336,12209
pretrain,,515,0.2667772605224843,0.053603047423160764,136384.20443869295,0.4891644687046253,1.155363397669878,0.05933891497975694,1.3992809771693178,0.0,0.19964048858465896,0.5830341556242533,0.7985619058211645,0.8195564359426498,0.019854047350497984,0.7985619543386355,7.22883712149051e-08,0.0,0.9282533203562101,12360,12233
pretrain,,516,0.19968476142117253,0.053495841328314454,124950.76337366336,0.46676775217188643,1.1599890800296488,0.05382973833488706,1.399074075300069,0.0,0.19953703765003458,0.588511651115758,0.7981481278936068,0.8196613937616348,0.01803891384554392,0.7981481506001381,6.031422387457279e-08,0.0,0.9526573568582535,12384,12257
pretrain,,517,0.0309530432405406,0.05338884964565782,103194.17372136941,0.5875011501733068,1.3069867999816744,0.05634168412126958,1.4021446038303633,0.0,0.20107230191518152,0.5669252220541239,0.8042891919612885,0.8369979500770569,0.025004700776904108,0.8042892076607261,5.188797199314384e-08,0.0,0.9656878635287285,12408,12281
pretrain,,518,0.06157301440985663,0.053282071946366506,106561.30049064345,0.5052080858109842,1.3867474621967861,0.058859495637021066,1.4073109183283077,0.0,0.20365545916415395,0.589887797832489,0.8146217986941338,0.8461391180753708,0.022232264055039128,0.8146218366566158,5.818548659553002e-08,0.0,0.9743024756511053,12432,12305
pretrain,,519,0.2709883218575786,0.05317550780247377,137172.0138349605,0.5946103269922212,1.3303444106874847,0.06424321458749535,1.3956905813178135,0.0,0.19784529065890685,0.5839628635772637,0.7913811728358269,0.8151205539703369,0.020369932529893053,0.7913811626356271,6.324123763556955e-08,0.0,0.9584213917454084,12456,12329
pretrain,,520,0.25520629367084413,0.05306915678686882,134265.36657092234,0.2717469841813163,0.3882085928372432,0.05800945796994702,1.397148794361523,0.0,0.19857439718076164,0.5732770503631659,0.7942976082364718,0.8181701302528381,0.016904100630064988,0.7942975887230462,4.9670537368336674e-08,0.0,0.8665038446585337,12480,12353
pretrain,,521,0.2761172569312068,0.052963018473295084,138143.92034829408,0.5380499802458247,0.8667949135562721,0.06043868104900702,1.378945381735407,0.0,0.18947269086770357,0.576736572597708,0.7578907211621603,0.7953584939241409,0.03457928548674624,0.7578907634708143,6.235426371533255e-08,0.0,0.9977998435497284,12504,12377
pretrain,,522,0.19032667037311113,0.05285709243634849,123506.59993466958,0.6858273299916045,1.2921843850408492,0.058343175896111266,1.3884935320488043,0.0,0.1942467660244022,0.5895926994936806,0.776987058420976,0.8028728544712067,0.02909097639045954,0.7769870640976088,6.226556644358301e-08,0.0,0.9607648203770319,12528,12401
pretrain,,523,0.38874648194329775,0.0527513782514758,163598.2404124562,0.6016758915596673,1.3341750376165769,0.05662039069758168,1.4008249760871487,0.0,0.20041248804357437,0.5868313238024712,0.8016499429941177,0.8309052675962448,0.02410506976331202,0.8016499521742974,4.244170022834245e-08,0.0,0.9596463789542516,12552,12425
pretrain,,524,0.12077960612163685,0.05264587549497285,113737.12518073668,0.4017999715693488,0.9312017242486521,0.05777474370355815,1.3934703973964566,0.0,0.19673519869822834,0.5856260598770209,0.7869407584269842,0.8075252562761307,0.01670865608810037,0.7869407947929132,4.913835288666846e-08,0.0,0.9318054988980293,12576,12449
pretrain,,525,0.33171871183097856,0.0525405837439829,149637.5878995254,0.5261175242000219,1.113837841926494,0.055744925294558566,1.3823494344861025,0.0,0.19117471724305127,0.5779684877821377,0.7646988381942114,0.8046092808246612,0.026932046577793085,0.7646988689722048,4.816268173168936e-08,0.0,0.9962239563465118,12600,12473
pretrain,,526,0.16794465133384828,0.05243550257649493,120184.31245025664,0.5948382132983817,1.063703849298188,0.05541728022605219,1.4075752909162214,0.0,0.20378764545811076,0.5875151199953896,0.81515055646499,0.839701047539711,0.024903648221706567,0.815150581832443,6.652304107568341e-08,0.0,0.9884277259310087,12624,12497
pretrain,,527,0.20640968207614907,0.05233063157134195,126009.6018580654,0.4639136766711099,1.2742679024794525,0.054263584564644696,1.4009447751921558,0.0,0.20047238759607788,0.5845595566289765,0.801889531314373,0.8212110161781311,0.01313608838937402,0.8018895503843112,4.9759234695597364e-08,0.0,0.9706664755940437,12648,12521
pretrain,,528,-0.0033777381644102267,0.05222597030819926,99663.36325434232,0.6353180548843719,1.3423726350566951,0.0558709833029698,1.398622808046639,0.0,0.1993114040233195,0.5877054280468396,0.7972456067800522,0.8245354115962982,0.019829448618061123,0.7972456160932779,6.412821153730282e-08,0.0,0.9618717804551125,12672,12545
pretrain,,529,0.00788122986740869,0.05212151836758286,100794.38370734135,0.4374689632943429,1.0826572049912968,0.053694579271021524,1.391014079829412,0.0,0.19550703991470594,0.5867337616426604,0.7820281485716502,0.8094850063323974,0.018036018105359142,0.7820281596588238,6.07577108069357e-08,0.0,0.9570294345418612,12696,12569
pretrain,,530,0.20857250482329226,0.0520172753308477,126353.96244057996,0.7435816906564882,1.4562670175456214,0.06283576617786694,1.3976248768823485,0.0,0.19881243844117438,0.5861570962837763,0.7952497477332751,0.814757451415062,0.015568184728890199,0.7952497537646974,6.705522535381074e-08,0.0,0.9584339261054993,12720,12593
pretrain,,531,0.058877598237658146,0.051913240780186005,106256.1042142238,0.5804811077866497,1.3063239256177188,0.05213113538016756,1.399431302788712,0.0,0.19971565139435588,0.5880534638251578,0.7988625715176264,0.827340766787529,0.016706497285520115,0.7988626055774234,5.6234144008016074e-08,0.0,0.9606958031654358,12744,12617
pretrain,,532,0.3127075965119115,0.05180941429862563,145498.47996644286,0.6727238557610736,1.3205542505547132,0.06588153582105348,1.396169248657922,0.0,0.198084624328961,0.583852507174015,0.7923385004202524,0.8173292011022568,0.020864226271800332,0.7923384973158439,5.135578775202395e-08,0.0,0.9688450892766317,12768,12641
pretrain,,533,0.29849222198153746,0.05170579547002838,142550.09443012642,0.7335953854194392,1.662816138720275,0.05867364756523574,1.4125859010521147,0.0,0.20629295052605726,0.5849500809397017,0.8251717860500017,0.8491007894277572,0.016404892456521214,0.8251718021042289,5.2952340660420795e-08,0.0,0.9756217574079832,12792,12665
pretrain,,534,0.18343528925831398,0.051602383879088325,122464.26851972328,0.3698707559460519,0.6911276673605631,0.050136575624548534,1.4017680016390621,0.0,0.20088400081953126,0.5889973597867149,0.8035359755158424,0.8238738387823105,0.016691061997305846,0.8035360032781248,6.51925801305649e-08,0.0,0.9763531585534414,12816,12689
pretrain,,535,0.25474406590316667,0.05149917911133014,134182.09158064442,0.6944540634573535,1.5857835044881115,0.059522835153668664,1.4026448939971268,0.0,0.20132244699856358,0.5897027914013182,0.8052897801001867,0.8365671962499619,0.029169913115218715,0.8052897879942543,7.05144234669497e-08,0.0,0.9827141190568606,12840,12713
pretrain,,536,0.11357316875567247,0.05139618075310748,112812.46965372692,0.4964354249854714,1.3710011828532145,0.05750473351331855,1.4028123319149017,0.0,0.20140616595745087,0.5878845282963343,0.8056246216098467,0.8191422581672668,0.012319904977844926,0.8056246638298031,6.297514548725403e-08,0.0,0.969328040877978,12864,12737
pretrain,,537,0.06793007762350478,0.05129338839160127,107288.088156552,0.3609768702814626,0.8905511972284402,0.05764872412604827,1.3954621126786586,0.0,0.19773105633932922,0.5790786668658257,0.7909241889913877,0.8089295387268066,0.012817423399040651,0.7909242253573169,5.889506563920103e-08,0.0,0.9210932925343513,12888,12761
pretrain,,538,0.3544565236374402,0.051190801614818066,154908.23416490774,0.5540182379765768,1.0773431902621515,0.05829238860580745,1.3991870348829598,0.0,0.19959351744147993,0.5865844429603644,0.7983740443984667,0.8232941836118698,0.02261619943380527,0.7983740697659196,5.144448507928464e-08,0.0,0.9559636811415354,12912,12785
pretrain,,539,0.1336644698061864,0.05108842001158843,115428.71845233953,0.6370668052797129,1.4796875752738434,0.05899809552980314,1.3817962866631293,0.0,0.19089814333156463,0.5690600864057029,0.763592558602492,0.7953974932432175,0.02214328987626081,0.7635925733262582,7.379622681454497e-08,0.0,0.9702550793687502,12936,12809
pretrain,,540,0.09727767021489098,0.050986243171565256,110776.03455738684,0.4965998938775575,1.1238093659486323,0.05663969896512975,1.4008787294761056,0.0,0.2004393647380528,0.5579637768013137,0.8017574474215508,0.8223673671483993,0.014241285380189683,0.8017574589522112,6.58134619209901e-08,0.0,0.9419753029942513,12960,12833
pretrain,,541,0.26586749273560717,0.05088427068522212,136215.19141364718,0.5317272456793573,1.1263537129284669,0.05222167624585616,1.3934996757390243,0.0,0.1967498378695122,0.5877583686794554,0.7869993398586909,0.8174031227827072,0.02209877673105039,0.7869993514780487,6.004813167074612e-08,0.0,0.9725787316759428,12984,12857
pretrain,,542,0.3362665818036351,0.05078250214385168,150662.89757074593,0.5448984030252942,1.2361982866167864,0.05520113463392748,1.397046712892396,0.0,0.19852335644619803,0.5886923053434916,0.794093407690525,0.8206723511219025,0.02423463209420259,0.7940934257847921,5.162187988183575e-08,0.0,0.9607879345615705,13008,12881
pretrain,,543,-0.014460263204304047,0.050680937139563974,98574.58554772472,0.5694331971648082,1.4108275872291194,0.05356244354280474,1.3982367150130726,0.0,0.19911835750653628,0.5831403093678611,0.7964734137058258,0.8236198246479034,0.0220237152442293,0.7964734300261452,6.457169854368061e-08,0.0,0.9721200913190842,13032,12905
pretrain,,544,0.1629276294064107,0.05057957526528485,119463.98365661914,0.6679732208460276,1.3857799397316481,0.06425280160064542,1.4072132577587453,0.0,0.20360662887937261,0.5879871217267854,0.8144264991084734,0.8446433216333389,0.02337058096942625,0.8144265155174901,4.887226077536037e-08,0.0,0.9864256779352824,13056,12929
pretrain,,545,0.1615360034816702,0.050478416114754274,119265.70540326579,0.43657600699576005,0.6600792243265579,0.05219010247560047,1.4020362815243146,0.0,0.2010181407621574,0.5865540525742939,0.8040725290775299,0.8314514070749283,0.019121844352382057,0.8040725630486296,7.237706869019551e-08,0.0,0.9526262755195299,13080,12953
pretrain,,546,-0.07900238751400512,0.050377459282524774,92678.20086144345,0.5713583642313739,1.4136115563766523,0.06222956941324142,1.3959265697215286,0.0,0.19796328486076423,0.5688029415905476,0.7918531050284704,0.8227724701166153,0.031005827181199434,0.7918531394430568,5.720981525551375e-08,0.0,0.9099602475762367,13104,12977
pretrain,,547,0.2247870845323111,0.05027670436395972,128996.81881547293,0.4390729705695988,1.1820507619315888,0.05648345506673028,1.4028737387132075,0.0,0.20143686935660385,0.5876570343971252,0.8057474295298258,0.8229683220386506,0.01723899348864074,0.8057474774264154,5.800809182998634e-08,0.0,0.9405211756626765,13128,13001
pretrain,,548,0.1314761496258946,0.0501761509552318,115137.8859163468,0.44690412275446817,1.514831999901345,0.06046536976340668,1.3924174118964443,0.0,0.19620870594822226,0.573552489812885,0.7848347872495651,0.8173167645931244,0.023486788399497468,0.784834823792889,5.268624849360156e-08,0.0,0.9314253802100817,13152,13025
pretrain,,549,0.06660943376053141,0.05007579865332134,107136.28744169697,0.4329734744476313,1.2244102979278797,0.05411542891447679,1.3897283238669236,0.0,0.19486416193346182,0.5883825932230269,0.7794566104809443,0.8258669912815093,0.037170508296833646,0.7794566477338473,8.940696716308594e-08,0.0,0.9439378753304482,13176,13049
pretrain,,550,0.25354184174024263,0.04997564705601469,133965.98174120477,0.5290763389791494,1.3106548073885806,0.059149523435157954,1.4016719481774738,0.0,0.20083597408873696,0.5891698715942246,0.803343894581,0.8336809009313584,0.022609551813351537,0.8033438963549476,5.4105406765980746e-08,0.0,0.9532286499937376,13200,13073
pretrain,,551,0.42276137149658155,0.04987569576190266,173238.57944030126,0.39240600714778534,0.7490780955352175,0.05374492716749149,1.3955981685957382,0.0,0.1977990842978692,0.5786412305065564,0.7911963363488516,0.8096201479434967,0.020826930781978982,0.7911963371914768,3.995817336270117e-08,0.0,0.9091923336187998,13224,13097
pretrain,,552,0.2743100824057664,0.04977594437037886,137799.90265196792,0.6838647751391683,1.2317010243171909,0.06387848064189466,1.3993305884124265,0.0,0.19966529420621337,0.5808622352778912,0.7986611351370811,0.8244919151067733,0.02111857682643308,0.7986611768248535,7.62797537356974e-08,0.0,0.9441536366939545,13248,13121
pretrain,,553,0.23859535225029582,0.049676392481638104,131336.20906510792,0.45376957036718224,0.8140759009031786,0.05794859542383912,1.4003267483342263,0.0,0.20016337416711313,0.5768099932798317,0.8006534750262896,0.8290464520454407,0.022063130246600362,0.8006534966684523,4.9847932059865485e-08,0.0,0.9541383062799772,13272,13145
pretrain,,554,0.13048042912496105,0.04957703969667482,115006.03706868293,0.5558033008491413,1.26588584944314,0.05691486595139326,1.3946100267182502,0.0,0.1973050133591252,0.5827571707112449,0.7892200276255608,0.8161503225564957,0.022107058779310393,0.7892200534365005,6.075771082543942e-08,0.0,0.9843642835815748,13296,13169
pretrain,,555,0.16763444705461572,0.049477885617281475,120139.52240832523,0.6129168629814631,1.2902044881853323,0.05942989688268891,1.3973031279054424,0.0,0.19865156395272132,0.5682775979595525,0.7946062435706457,0.8273651897907257,0.019005838942059754,0.7946062558108853,5.587935449543243e-08,0.0,0.9534389153122902,13320,13193
pretrain,,556,0.48042501664804527,0.04937892984604691,192465.0015958544,0.6835438130317204,1.2841454599536397,0.05871141851691758,1.3940075057603065,0.0,0.19700375288015323,0.5882479484592165,0.7880150203903517,0.8157395631074905,0.021575113700956657,0.7880150115206126,7.432841111117601e-08,0.0,0.9622584531704584,13344,13217
pretrain,,557,0.27047583077069026,0.049280171986354815,137075.650427926,0.7609692213865399,1.4318586737011139,0.06534133637222213,1.4019801678313384,0.0,0.2009900839156693,0.5873054361769131,0.8039603034655253,0.8334285408258438,0.024476168526492145,0.8039603356626771,6.998223913331121e-08,0.0,0.9580847024917603,13368,13241
pretrain,,558,-0.062174375022955086,0.04918161164238211,94146.50019008307,0.4156325508752163,1.0859879135758295,0.05802480535019969,1.3927057035311703,0.0,0.19635285176558512,0.5864801417504037,0.7854114174842834,0.814622688293457,0.01998642620974489,0.7854114070623402,4.9537491201660323e-08,0.0,0.9191322599848112,13392,13265
pretrain,,559,-0.10301644819294387,0.04908324841909734,90660.4794188052,0.4708792894735762,1.318969541835818,0.05512748120245379,1.4024324645510031,0.0,0.20121623227550164,0.5845594331622124,0.8048649157087008,0.8238180756568909,0.014566712446748231,0.8048649291020064,3.982512734405456e-08,0.0,0.9505832691987356,13416,13289
pretrain,,560,0.286567486537898,0.04898508192225915,140167.42735024236,0.5467999624763623,1.116742608853721,0.060844522622828495,1.4080040670842642,0.0,0.20400203354213212,0.586332424410752,0.816008081038793,0.845770874619484,0.01691648436088301,0.8160081341685282,5.6500236119324164e-08,0.0,0.9729244783520699,13440,13313
pretrain,,561,0.1477381097030508,0.04888711175841463,117334.8252908006,0.6666106645538415,1.3971107798420197,0.06314888874831202,1.395748626662507,0.0,0.1978743133312535,0.5847048818000725,0.7914972404638926,0.8198527902364731,0.027485493492147437,0.7914972533250139,5.295234062341336e-08,0.0,0.9483748748898506,13464,13337
pretrain,,562,0.09157876298984502,0.048789337534897795,110081.09005589235,0.5524440351040685,0.9576881787014602,0.06232215952501602,1.4032456507196738,0.0,0.20162282535983697,0.5868821878518378,0.8064912880460421,0.8253857433795929,0.01653301604023206,0.8064913014393477,6.377342208023033e-08,0.0,0.9730401486158371,13488,13361
pretrain,,563,0.14974344069195078,0.04869175885982801,117611.55959958886,0.4961270242072547,1.3964174243185332,0.06033900267864442,1.3971942950572285,0.0,0.19859714752861435,0.5868570900389126,0.7943885897596678,0.8293393194675446,0.022376497147963206,0.7943885901144571,5.339582766679859e-08,0.0,0.9789717470606168,13512,13385
pretrain,,564,0.3197929974148601,0.048594375342108344,147014.07015797848,0.5326566962686415,1.350373905040611,0.05995214781523078,1.3983146987766737,0.0,0.19915734938833687,0.5741359048656054,0.7966293767094612,0.8213878840208053,0.02418932936306362,0.7966293975533474,5.135578771501651e-08,0.0,1.0003185272216797,13536,13409
pretrain,,565,0.1283640238861331,0.04849718659142413,114726.7927671407,0.41872351320710083,0.9068085630985417,0.05529738770339146,1.4032347115377586,0.0,0.20161735576887926,0.5809705922646182,0.8064693833390871,0.8265944868326187,0.016128892485301402,0.8064694230755171,5.694372308869452e-08,0.0,0.9601430222392082,13560,13433
pretrain,,566,0.3525916526422396,0.04840019221824128,154462.01830440658,0.4470291972187401,0.990395257090885,0.05847168611796624,1.4019456083132396,0.0,0.2009728041566199,0.5862429631607873,0.8038912167151769,0.8246534675359726,0.014927131241292732,0.8038912166264796,4.5501760044993254e-08,0.0,0.9436278467377027,13584,13457
pretrain,,567,-0.07850877200163309,0.0483033918338048,92720.61813128079,0.5054886693263364,1.3943767866292274,0.06110070549705351,1.3965455283898685,0.0,0.19827276419493414,0.584662018077714,0.7930910463134447,0.8204951554536819,0.024077809568927938,0.7930910567797365,6.563606719245385e-08,0.0,0.9280814081430435,13608,13481
pretrain,,568,0.11585493850052186,0.04820678505013719,113103.61201407788,0.5502331111784322,1.0769006431255852,0.0558313741280681,1.4038373049614685,0.0,0.20191865248073426,0.584878495229142,0.8076746165752411,0.8226281046867371,0.01219778842344386,0.8076746099229369,5.0646208597330635e-08,0.0,0.9774094944198927,13632,13505
pretrain,,569,0.2645253006864974,0.04811037148003692,135966.60781579668,0.5084600664655708,0.8716790665849179,0.05519462557077531,1.4057542017350595,0.0,0.20287710086752975,0.5847223454288073,0.811508392294248,0.8303792148828506,0.013657323181716252,0.8115084034701189,4.7541800033782757e-08,0.0,0.9740878418087959,13656,13529
pretrain,,570,0.29092257557593093,0.04801415073707684,141028.32293839077,0.45415695200388084,1.1501891777635467,0.054926559331215784,1.3957581513871749,0.0,0.19787907569358745,0.5861989419375147,0.7915163064996401,0.818812808394432,0.01793857624742291,0.7915163027743498,4.7541800052286476e-08,0.0,0.9732702001929283,13680,13553
pretrain,,571,0.27455596228677104,0.047918122435602686,137846.60814805733,0.5543866978024431,1.0153637845033068,0.05506348069635525,1.3918144420410197,0.0,0.1959072210205098,0.590119654578822,0.7836288611094157,0.8155415624380111,0.022955004111013977,0.783628884082039,5.3484524938548127e-08,0.0,0.9736980274319649,13704,13577
pretrain,,572,0.12991761742970775,0.04782228619073148,114931.64555819654,0.43084143660375895,0.9039753611508701,0.05741334748221374,1.398393584770106,0.0,0.19919679238505306,0.5874003012265478,0.7967871502041817,0.8255188077688217,0.022319292567011647,0.7967871695402121,6.27090533389385e-08,0.0,0.9255825479825338,13728,13601
pretrain,,573,0.2404826635403159,0.04772664161835002,131662.56410436536,0.3735916685065854,1.0068344040770203,0.04945163713818085,1.3992256398002307,0.0,0.19961281990011537,0.5881680218236787,0.7984512522816658,0.8272312313318252,0.02229728724943855,0.7984512796004614,6.244296119062298e-08,0.0,0.9668571824828783,13752,13625
pretrain,,574,-0.05221473547889155,0.04763118833511332,95037.63502654928,0.6518878584499226,1.2744876262060627,0.054870829465672476,1.3964140998376975,0.0,0.19820704991884885,0.5823949123067516,0.7928281476100286,0.8288370221853256,0.033930229116579426,0.7928281996753953,6.838568609538835e-08,0.0,1.001778448621432,13776,13649
pretrain,,575,-0.11371445241190026,0.047535925958443095,89789.6222711633,0.30281756469805393,0.5537246334404168,0.056423296292604876,1.3951285785241494,0.0,0.1975642892620748,0.5690633606697832,0.790257140994072,0.8130693852901458,0.01567471968861497,0.7902571570482989,6.18220795112201e-08,0.0,0.8833830033739408,13800,13673
pretrain,,576,0.2299079940189349,0.04744085410652621,129854.61376475943,0.37997212251329354,1.0254300414617268,0.05328028433601253,1.3943452876327296,0.0,0.19717264381636468,0.5897472436938966,0.7886905446648598,0.8151542484760285,0.022111745890982634,0.7886905752654586,5.667763092187528e-08,0.0,0.9656343335906664,13824,13697
pretrain,,577,0.06142750528054719,0.04734597239831315,106544.78003842509,0.4745353507691978,0.9977942640784998,0.059633149357255805,1.4072332813049708,0.0,0.20361664065248555,0.5826538215790475,0.8144665459791819,0.8321411281824111,0.01120972108925287,0.8144665626099421,5.8584624892018176e-08,0.0,0.9108715231219927,13848,13721
pretrain,,578,0.2464835017801077,0.04725128045351652,132711.09555827914,0.3595207146026003,1.0489558075122754,0.05482189745674643,1.4009708174548685,0.0,0.20048540872743445,0.5870555522186416,0.8019416083892187,0.8204580068588256,0.01543365738904443,0.8019416349097376,6.572476461223313e-08,0.0,0.9532040879130363,13872,13745
pretrain,,579,0.07831575326231632,0.04715677789260949,108497.02634492412,0.6062210026121032,1.455385187584156,0.05993238972482867,1.3920128216434804,0.0,0.19600641082174017,0.584648838000638,0.7840256368120512,0.8088881134986877,0.022783581509381694,0.7840256432869603,6.536997497012346e-08,0.0,0.9928610026836395,13896,13769
pretrain,,580,0.06769946162937834,0.047062464336824275,107261.54912960755,0.48506270586830613,0.9333437721706556,0.05131359540511262,1.3984901493503934,0.0,0.1992450746751967,0.5841228307357855,0.7969802618026733,0.8275591045618057,0.021911355163144682,0.7969802987007867,5.818548655852259e-08,0.0,0.956562635799249,13920,13793
pretrain,,581,0.1664921717518929,0.04696833940815063,119974.87799266762,0.371365717512027,1.1916805730282058,0.054179966908914044,1.404700790398887,0.0,0.20235039519944364,0.5863176041415759,0.8094015618165334,0.828062579035759,0.015189267817413121,0.8094015807977745,6.297514554276518e-08,0.0,0.9726272573073705,13944,13817
pretrain,,582,0.19912975498539087,0.046874402729334325,124864.17197104862,0.5330593849832465,1.089428815604689,0.05590520005211284,1.3906054780818522,0.0,0.1953027390409261,0.5849917520369803,0.7812109291553497,0.8263502240180969,0.04347558605752907,0.7812109561637044,6.834133755203216e-08,0.0,0.937073769668738,13968,13841
pretrain,,583,0.17882227191906364,0.046780653923875655,121776.31781818597,0.35335980052766286,1.1624257395775501,0.0621349920481332,1.4011705761243192,0.0,0.2005852880621595,0.5770715634737695,0.8023411557078362,0.8220664083957672,0.02659261981728389,0.8023411522486379,5.224276159824607e-08,0.0,0.9193979675571123,13992,13865
pretrain,,584,0.253558438424784,0.0466870926160279,133968.9603951982,0.358830811170565,1.2954773638014794,0.061025102920654516,1.3924781720464428,0.0,0.1962390860232214,0.5728331809597356,0.7849563136696815,0.8261508226394654,0.04482761224821213,0.7849563440928856,5.490368315541616e-08,0.0,0.9156156604488691,14016,13889
pretrain,,585,0.10248111205801835,0.04659371843079586,111418.2680091567,0.4721026884881396,1.1659052153063265,0.05099973609457276,1.3964197252034432,0.0,0.1982098626017216,0.5880492233804293,0.792839432756106,0.8173362761735916,0.021325710186347362,0.7928394504068862,5.614544664374795e-08,0.0,0.9794440021117529,14040,13913
pretrain,,586,0.1838676638291573,0.04650053099393425,122529.14823738438,0.42096899579260966,1.17291584404472,0.060824798968348054,1.3968596015835093,0.0,0.19842980079175465,0.578945877296584,0.7937191973129908,0.8144288748502732,0.014313262569101403,0.7937192031670183,5.0912300745646157e-08,0.0,0.9712166637182236,14064,13937
pretrain,,587,0.22763383890375744,0.04640752993194639,129472.26980797164,0.5281711518617591,1.343996958661435,0.05996223757928403,1.3868683713621326,0.0,0.19343418568106638,0.5850546285510063,0.7737367153167725,0.8215857952833175,0.04084197978790339,0.7737367427242653,6.040292127584834e-08,0.0,0.9896859601140022,14088,13961
pretrain,,588,0.0068266886329722,0.0463147148720825,100687.3612646292,0.3149841405114086,0.8444159287383393,0.05685501389304165,1.4012034370874364,0.0,0.20060171854371825,0.5884101305689131,0.8024068772792816,0.8223282784223557,0.014029051588573246,0.802406874174873,5.596805184119683e-08,0.0,0.9393442049622536,14112,13985
pretrain,,589,0.04030615556385864,0.04622208544233833,104199.89726906501,0.2832121201843401,0.5803447109251215,0.06068935787281755,1.4006026038633925,0.0,0.2003013019316963,0.5774257747190339,0.8012051756183306,0.8332443416118622,0.023665749687229176,0.801205207726785,6.474909317969828e-08,0.0,0.9918003603816032,14136,14009
pretrain,,590,0.17863996053917974,0.04612964127145366,121749.28800486174,0.533839627920898,1.406832193495163,0.06270036275189932,1.3891528913130362,0.0,0.1945764456565182,0.5800470188260078,0.778305746614933,0.8148216634988785,0.033202007152929716,0.7783057826260725,7.397362158008865e-08,0.0,0.9760840634504954,14160,14033
pretrain,,591,0.19269163064824069,0.04603738198891075,123868.40493217795,0.6517704757209204,1.2907352644806547,0.062022811811941116,1.393833496873932,0.0,0.19691674843696613,0.5864319109490939,0.7876669491330782,0.8204717665910721,0.03648986807487728,0.7876669937478645,6.820829145937068e-08,0.0,0.9938925777872404,14184,14057
pretrain,,592,0.11105726069493804,0.04594530722493293,112493.18496956934,0.32966112386807106,0.8544453932806215,0.05695762018363954,1.4013826496499988,0.0,0.2006913248249995,0.5804546432835715,0.8027653023600578,0.8213414430618287,0.022339096289315897,0.802765299299998,4.1998213314483244e-08,0.0,0.9006030385692915,14208,14081
pretrain,,593,0.24823633748518015,0.04585341661048306,133020.52890595607,0.5423387051783136,1.188785425802903,0.05644375640954127,1.4012337699532509,0.0,0.20061688497662544,0.5863124770777566,0.8024675324559212,0.8224748283624649,0.0181301209467289,0.8024675399065017,6.315254027130142e-08,0.0,0.961869570116202,14232,14105
pretrain,,594,0.4456265926449088,0.04576170977726209,180383.83276192626,0.6933340682465697,1.3950183194453898,0.06517972030495008,1.3968989426004033,0.0,0.19844947130020177,0.5868163130113057,0.7937978506088257,0.8282399594783783,0.02625710521165683,0.793797885200807,5.4282801476013276e-08,0.0,0.9580807338158289,14256,14129
pretrain,,595,0.3774973584178303,0.04567018635770757,160641.88859638775,0.5345916054844814,0.8271777348080089,0.053058282311150805,1.396785312332213,0.0,0.19839265616610646,0.5913217184799058,0.7935705954829851,0.8213330894708634,0.02289338027620194,0.7935706246644258,6.909526528708909e-08,0.0,0.9802051906784376,14280,14153
pretrain,,596,0.2468457173487869,0.04557884598499216,132774.92049568568,0.33625358077284595,0.6489451088040643,0.04903002256512582,1.3892603947647981,0.0,0.19463019738239903,0.5912225342222622,0.7785207728544871,0.8052114367485046,0.017443081238535444,0.7785207895295959,4.8960958195139646e-08,0.0,0.9889923930168152,14304,14177
pretrain,,597,0.16187790561604165,0.04548768829302217,119314.35845692937,0.44182921682232495,0.9464424036927044,0.0562302891752491,1.3977640325292235,0.0,0.19888201626461177,0.5903218377913748,0.7955280567208926,0.820845627784729,0.017220913022644956,0.7955280650584471,5.2331458907003046e-08,0.0,0.9716213842233022,14328,14201
pretrain,,598,0.39981104948333956,0.04539671291643613,166614.19693567674,0.6642923557541905,1.5016561126449117,0.058125981103403945,1.3940120376203031,0.0,0.1970060188101516,0.5897356771997042,0.7880240455269814,0.808472466468811,0.022475811320063592,0.7880240752406062,6.146728988761414e-08,0.0,0.967557780444622,14352,14225
pretrain,,599,0.19812504304015266,0.04530591949060325,124707.72298355658,0.5623781510464952,1.1579308946801579,0.05827092171137247,1.40058923792094,0.0,0.20029461896046996,0.5833487468106406,0.80117845783631,0.8235620468854904,0.020868299386509623,0.8011784758418798,5.685502568741896e-08,0.0,0.9786960184574127,14376,14249
pretrain,,600,-0.05777924109383559,0.045215307651622044,94537.68434384411,0.5383920872850744,1.2337653963060304,0.0565483205625541,1.4019822582070318,0.0,0.20099112910351588,0.5904141579355513,0.8039645155270895,0.8284795671701431,0.014762307842768128,0.8039645164140632,5.1976669357411964e-08,0.0,0.9899630943934122,14400,14273
pretrain,,601,0.2172502172414802,0.0451248770363188,127754.74641153653,0.38092343077256546,0.9355135290588076,0.05612554386779773,1.4052639639315505,0.0,0.20263198196577528,0.5833048229771001,0.8105279058218002,0.8258906602859497,0.010603174441975671,0.8105279278631011,5.5125426723368065e-08,0.0,0.9077973117431005,14424,14297
pretrain,,602,0.2853622184128659,0.045034627282246165,139931.0288044255,0.5313103938240159,1.1184020339344456,0.056992635852266695,1.3920090834033632,0.0,0.19600454170168158,0.5879127383232117,0.7840181365609169,0.8095451086759567,0.02063629130700152,0.7840181668067263,5.898376309598774e-08,0.0,0.9855262736479441,14448,14321
pretrain,,603,0.10926652298806505,0.04494455802768168,112267.02777071002,0.5388708226722929,1.1251425844142215,0.056014801987292286,1.3979712454158635,0.0,0.19898562270793177,0.5913191278065955,0.7959424331784248,0.8216359406709671,0.016643683106817155,0.7959424908317271,7.53927798154604e-08,0.0,1.0032328615585964,14472,14345
pretrain,,604,0.3504985578102332,0.04485466891162631,153964.24627304016,0.5149679686336243,1.0119800040301874,0.054959142003236365,1.3986445158453924,0.0,0.19932225792269623,0.5768845581582613,0.7972890163461367,0.8210541069507599,0.016105045706475394,0.7972890316907848,7.015963391735862e-08,0.0,0.9509727135300636,14496,14369
pretrain,,605,0.10098742824874696,0.04476495957380306,111233.14972693053,0.4367679090719647,0.9311071014967813,0.05941060986205513,1.3836140872999314,0.0,0.1918070436499658,0.584141259746892,0.7672281563282013,0.7928003549575806,0.017775386537812257,0.7672281745998631,6.545867237139902e-08,0.0,1.021460788945357,14520,14393
pretrain,,606,0.023257304967294945,0.04467542965465545,102381.10866716196,0.3373052361398789,0.6159149512128046,0.05969396066950722,1.3976006822749263,0.0,0.19880034113746317,0.5880743275795663,0.7952013462781906,0.8141356080770492,0.012420514556131593,0.7952013645498525,6.315254032681257e-08,0.0,0.9386892517407736,14544,14417
pretrain,,607,0.16184084733267579,0.04458607879534614,119309.08310404293,0.7316972905429385,1.3589330070289336,0.05763612618493816,1.387321995393861,0.0,0.1936609976969305,0.586944158588137,0.7746439625819524,0.8081774652004242,0.03241064162937062,0.7746439907877217,5.6234143989512354e-08,0.0,0.9813559204339981,14568,14441
pretrain,,608,0.3502460145505192,0.04449690663775545,153904.40418895302,0.4167708951150358,0.7919323274603902,0.05271404978158648,1.3900862774767335,0.0,0.1950431387383668,0.5905786167298044,0.7801725392540296,0.8070990890264511,0.01832649044648956,0.7801725549534672,5.383931450664292e-08,0.0,0.977496974170208,14592,14465
pretrain,,609,-0.027789265081644254,0.044407912824479936,97296.20983349765,0.290725744475503,0.6659958926974784,0.05813993585459589,1.398426570175659,0.0,0.19921328508782957,0.5881336922092097,0.7968531275788943,0.8154574424028397,0.01704981430368951,0.7968531403513182,5.5169775414753985e-08,0.0,0.9089696084459623,14616,14489
pretrain,,610,0.2860310729178457,0.04431909699883097,140062.11784128987,0.4450164849669343,0.8407031872567008,0.058166945643658464,1.392655939041149,0.0,0.19632796952057455,0.5715962648391724,0.7853118479251862,0.8078528493642807,0.01989465110879981,0.785311878082298,5.676632830464712e-08,0.0,0.9627451101938883,14640,14513
pretrain,,611,0.2669099986662412,0.04423045880483332,136408.89906841374,0.5696243082785557,1.3795938215208425,0.06061164628370234,1.3923011609752265,0.0,0.19615058048761316,0.5771094581910542,0.7846023042996725,0.8060218632221222,0.017799691847965954,0.7846023219504527,6.324123763556955e-08,0.0,0.9729555373390516,14664,14537
pretrain,,612,0.20472987933253017,0.04414199788722365,125743.43911735303,0.41656994426361565,0.8209212747541499,0.05341180986614955,1.4015216237554948,0.0,0.20076081187774739,0.5866779780813626,0.8030432413021723,0.8183235228061676,0.0188424321783712,0.8030432475109895,4.967053731282552e-08,0.0,0.9623197490970293,14688,14561
pretrain,,613,0.09532457748418433,0.0440537138914492,110536.88152808395,0.6926068379524569,1.2504668551795046,0.06745908980983939,1.3967937729543163,0.0,0.19839688647715822,0.5859139034790652,0.793587530652682,0.8134111046791077,0.01884784584877696,0.7935875459086327,7.34414372834576e-08,0.0,0.9943401490648588,14712,14585
pretrain,,614,0.31841389261108877,0.0439656064636663,146716.60545296335,0.3552114941132271,0.8546382932650499,0.05977053471455331,1.3962262875533529,0.0,0.19811314377667646,0.5905875499759401,0.7924525414903959,0.8120415717363357,0.017778095571367235,0.7924525751067059,5.454889364283252e-08,0.0,0.956142877538999,14736,14609
pretrain,,615,0.4770555285346264,0.04387767525073897,191224.89185091504,0.5757794869679543,1.3840711010307325,0.05786268604836629,1.4016585532753238,0.0,0.20082927663766204,0.5904668016093118,0.8033170575896899,0.8257916331291199,0.01384216061212336,0.803317106550648,6.492648800075311e-08,0.0,0.9390429134170214,14760,14633
pretrain,,616,0.0032903911858462864,0.04378991990023749,100330.12536015992,0.5200888647705678,1.2565304879053358,0.060258962944032435,1.3971385532280518,0.0,0.19856927661402599,0.576006468385458,0.7942770769198736,0.8218253582715987,0.017842628249466887,0.7942771064561036,5.490368322943103e-08,0.0,0.9437858164310455,14784,14657
pretrain,,617,0.08227714769514427,0.043702340060437016,108965.35893036831,0.4609901172055287,1.0832986730378535,0.056956883311321906,1.3995798182274617,0.0,0.1997899091137307,0.588478147983551,0.7991596261660258,0.8179163038730621,0.014713366011042167,0.7991596364549228,4.434869403195189e-08,0.0,0.9222442507743835,14808,14681
pretrain,,618,0.2678633386616692,0.04361493538031614,136586.52172560524,0.3787873306997282,1.073421238027249,0.05523523555256435,1.4052457618305372,0.0,0.2026228809152686,0.5879355014434882,0.8104914898673693,0.8277474611997604,0.010691447899190397,0.810491523661074,5.756460484211227e-08,0.0,0.9567837665478388,14832,14705
pretrain,,619,0.1796711519724702,0.04352770550955551,121902.33251024722,0.49121249154454666,1.2927491161167795,0.05822181911153552,1.4024640853472412,0.0,0.20123204267362046,0.5887235882026809,0.8049281264344851,0.8230124771595001,0.013232828746945008,0.8049281706944816,6.945005481817645e-08,0.0,0.9563561876614889,14856,14729
pretrain,,620,0.2402870164571943,0.0434406500985364,131628.65735644696,0.5618470229313534,1.2267556020240225,0.0585781872560201,1.401963617741352,0.0,0.20098180887067604,0.5906075143388338,0.8039271906018257,0.8159830570220947,0.01317407790267163,0.8039272354827042,6.120119772079491e-08,0.0,0.9655743713180224,14880,14753
pretrain,,621,0.2823946419500525,0.04335376879833932,139352.35973118208,0.39869847962758337,0.8493863266331905,0.0536925463560164,1.397715668193996,0.0,0.19885783409699798,0.5872407747166497,0.7954313258330027,0.8168203800916671,0.0182420991888221,0.7954313363879919,5.951594735561135e-08,0.0,0.9822671736280123,14904,14777
pretrain,,622,0.1253298322563916,0.043267061260742645,114328.81066239011,0.5885973337465404,1.390905898758825,0.05814656567554984,1.3999298014456318,0.0,0.19996490072281592,0.5879523126142365,0.7998595833778381,0.820991313457489,0.018252368940175803,0.7998596028912633,5.268624847509784e-08,0.0,0.9432899653911591,14928,14801
pretrain,,623,0.2552654034199029,0.04318052713822116,134276.02324265713,0.41576393265130934,0.8898170744519273,0.05088192957622694,1.4039292790084368,0.0,0.2019646395042184,0.5899957322648592,0.8078585540254911,0.8376497060060502,0.018463094206289728,0.8078585580168735,5.2597551092326e-08,0.0,0.9575775464375814,14952,14825
pretrain,,624,0.2716995577710898,0.04309416608394472,137305.97182387713,0.29562835654651004,0.5649222289036597,0.054629210646229553,1.3943358088533084,0.0,0.1971679044266542,0.5649408820484365,0.7886715680360794,0.8146504610776901,0.018662082972222684,0.7886716177066165,5.8540276108113666e-08,0.0,0.9166603436072668,14976,14849
pretrain,,625,0.1058687883836179,0.04300797775177683,111840.40854498655,0.42632014346879465,0.7313156879431607,0.058576679516658604,1.4054402275277036,0.0,0.20272011376385182,0.5875429010816983,0.8108804350097975,0.8321753233671189,0.014070529874563325,0.8108804550554071,6.599085672354121e-08,0.0,0.9296888584891955,15000,14873
pretrain,,626,0.27707459504106624,0.04292196179627327,138326.85822637615,0.5149885809240812,1.084880234176396,0.05478596406239067,1.3993506031997855,0.0,0.19967530159989286,0.5905619966132301,0.7987012093265852,0.8370437830686569,0.02582056964529313,0.7987012063995712,5.383931456215407e-08,0.0,0.9705064743757248,15024,14897
pretrain,,627,0.030494922728980245,0.042836117872680726,103145.41134893465,0.5772623534187465,1.1431752786204559,0.062292185354101005,1.399269510637082,0.0,0.1996347553185409,0.5774338745645113,0.7985389803846678,0.8415082126855851,0.035240424078851605,0.7985390212741637,6.856308099045805e-08,0.0,1.015295887986819,15048,14921
pretrain,,628,0.262987330411795,0.042750445636935364,135682.8778206398,0.576151821407808,1.2100926062862662,0.061603678198155876,1.4027423865294881,0.0,0.20137119326474415,0.5853615318025862,0.8054847617944082,0.828834542632103,0.01766768026491982,0.8054847730589764,5.27749458763734e-08,0.0,0.9581485763192177,15072,14945
pretrain,,629,0.13091610653598085,0.0426649447456615,115063.69034342264,0.41820358731768853,1.0059597564488831,0.053187681900958815,1.401154904005428,0.0,0.20057745200271407,0.5884399467280932,0.8023097813129425,0.8287772029638291,0.019619325100102974,0.8023098080108562,5.579065707565315e-08,0.0,0.9681998044252396,15096,14969
pretrain,,630,0.2627440983217548,0.04257961485617018,135638.11394709218,0.31072002654190595,0.6257971674989085,0.059269808401561576,1.3999628793847345,0.0,0.1999814396923674,0.5770114596400941,0.799925722181797,0.8282098084688186,0.019277584125975196,0.7999257587694695,6.018117776340759e-08,0.0,0.9100440839926401,15120,14993
pretrain,,631,0.15410843167703958,0.04249445562645783,118218.4617329347,0.4241127035564747,0.9792736636446814,0.058777787283138115,1.39804725805741,0.0,0.19902362902870493,0.5837882161140442,0.7960944920778275,0.819125634431839,0.022979762185226207,0.7960945161148195,7.690063547061143e-08,0.0,0.9832159777482351,15144,15017
pretrain,,632,0.22550781733709124,0.042409466715204916,129116.86165272006,0.4062635605559502,0.8396585558540499,0.05005181472489879,1.4023204366454767,0.0,0.2011602183227383,0.5910175389477185,0.8046408444643021,0.8229089677333832,0.017144403832854406,0.804640873290953,6.519258016757234e-08,0.0,0.9710419028997421,15168,15041
pretrain,,633,0.031197843937972092,0.042324647781774506,103220.24922661037,0.3982501336275172,1.13591316209009,0.05408585278400644,1.4068827441494378,0.0,0.203441372074719,0.5878205863492829,0.8137654885649681,0.8275601536035537,0.011510790395040608,0.813765488298876,5.2952340678924514e-08,0.0,0.9459507043162981,15192,15065
pretrain,,634,0.2534945454836953,0.042239998486210954,133957.49407456722,0.41282697181221795,1.0525565265650414,0.052907953353773796,1.4053868750287666,0.0,0.2026934375143832,0.591059213238103,0.8107737352450689,0.8311340928077697,0.014197474881025556,0.8107737500575327,7.104660785609933e-08,0.0,0.971461646258831,15216,15089
pretrain,,635,0.03330984543407056,0.042155518489238535,103445.76235484963,0.5551876656859013,1.0007865825177051,0.057231712909620626,1.398473798873879,0.0,0.19923689943693934,0.5867766716650553,0.7969475761055946,0.8181615531444549,0.015616541059090557,0.7969475977477574,4.4171299229400773e-08,0.0,0.9698928991953532,15240,15113
pretrain,,636,0.23013113980529054,0.042071207452260055,129892.25200602184,0.45498424767375356,1.118951218572534,0.05379773892708306,1.3887938170782512,0.0,0.19439690853912564,0.5906397104263306,0.7775876273711523,0.8078090429306031,0.01783824424873301,0.7775876341565023,5.335147891990152e-08,0.0,0.964329739411672,15264,15137
pretrain,,637,0.21202360735101655,0.04198706503735553,126907.3552620333,0.5609475539965754,1.2168780464475861,0.06747356237391122,1.3847179851006892,0.0,0.19235899255034472,0.5383138656616211,0.769435981909434,0.7892966240644455,0.015030792393197729,0.7694359702013788,3.7607692571217655e-08,0.0,0.9587831174333891,15288,15161
pretrain,,638,0.2995459643802346,0.04190309090728083,142764.54258917857,0.46578587043337266,1.1419044170024681,0.05794462362775401,1.3987053070838253,0.0,0.19935265354191264,0.5876107093478953,0.7974105775356293,0.811467382311821,0.013991756644267446,0.7974106141676504,6.678913324250264e-08,0.0,0.9609069724877676,15312,15185
pretrain,,639,0.21214561318074432,0.04181928472546626,126927.0079255665,0.4396365903528993,0.9692049165735072,0.05271541505969942,1.3999267273272078,0.0,0.19996336366360387,0.5894722267985344,0.7998534366488457,0.824025347828865,0.018024407077072157,0.7998534546544155,4.9936629442637326e-08,0.0,0.9674891705314318,15336,15209
pretrain,,640,0.14175871450090938,0.041735646156015334,116517.34971226334,0.3105280273580176,0.8101992230356703,0.05233205060616999,1.4038268105082572,0.0,0.20191340525412846,0.5899741521903447,0.8076536233226458,0.8271312534809112,0.015297201628665224,0.8076536210165136,6.705522539081817e-08,0.0,0.9372659201423327,15360,15233
pretrain,,641,0.16926461939907256,0.0416521748637033,120375.27512992547,0.5287299624986448,1.1366973145490644,0.05304554517443045,1.4080229842414458,0.0,0.20401149212072292,0.590078242123127,0.816045954823494,0.8307577252388001,0.010313526882541769,0.8160459684828915,6.137859252334603e-08,0.0,0.9690396338701248,15384,15257
pretrain,,642,0.4375738834332261,0.0415688705139759,177801.13165873502,0.47515466953469604,1.0802782266155895,0.058912038366522514,1.3980979816101133,0.0,0.19904899080505686,0.5887537566678864,0.7961959366997083,0.818494924902916,0.015556979401701582,0.7961959632202272,4.177646967251647e-08,0.0,0.9795993119478226,15408,15281
pretrain,,643,0.14406730086014485,0.041485732772947946,116831.61550025149,0.5768150555078434,1.2589759665865956,0.05782529243603174,1.4025479015849884,0.0,0.20127395079249424,0.5832799662436758,0.8050957843661308,0.8267220437526703,0.021548785894232193,0.805095803169977,6.226556644358301e-08,0.0,0.9244027038415273,15432,15305
pretrain,,644,0.3454781400009638,0.04140276130740205,152783.28519103586,0.48169631037429034,1.0139016641149996,0.062302733473295215,1.3999192970583125,0.0,0.19995964852915638,0.5916920836482729,0.7998385652899742,0.8324580609798431,0.03578504721334991,0.7998385941166252,6.199947412873404e-08,0.0,0.9227592796087265,15456,15329
pretrain,,645,0.26573058991947285,0.04131995578478725,136189.7944094294,0.4764339686472776,1.22012647850429,0.05428123773876851,1.4100627386942506,0.0,0.20503136934712532,0.5914478280714579,0.8201254631082217,0.8567969918251037,0.025096675576903434,0.8201254773885012,5.3129735388957045e-08,0.0,0.964943545560042,15480,15353
pretrain,,646,0.11252036821568445,0.04123731587321767,112678.64232438299,0.46307891778791216,1.253255399958981,0.05320655452582207,1.4047041403218394,0.0,0.20235207016091974,0.5917000813143594,0.8094082623720169,0.8247526317834855,0.01496724063642328,0.8094082806436788,7.716672760042324e-08,0.0,0.9937165379524231,15504,15377
pretrain,,647,0.11767365567390686,0.04115484124147123,113336.74965398254,0.37904460462230016,0.7611181111801436,0.05227801120601605,1.395860838836857,0.0,0.19793041941842868,0.590764225593635,0.7917216594020525,0.8064223021268845,0.013177551609995165,0.7917216776737144,5.8362881342569985e-08,0.0,1.010159509877364,15528,15401
pretrain,,648,0.1738538529488275,0.041072531558988296,121043.95857432458,0.3275522087170002,0.698735792076581,0.048373084966128244,1.4043060418307072,0.0,0.20215302091535362,0.5557112039199896,0.8086120560765266,0.8209421902894973,0.00991543696402156,0.8086120836614142,4.922705032495145e-08,0.0,0.9488582760095596,15552,15425
pretrain,,649,0.24012819189745715,0.040990386495870314,131601.14500063838,0.5911326985199769,1.3667355383648367,0.05822469261642893,1.4082644294415203,0.0,0.20413221472076007,0.5824345233184951,0.816528839369615,0.8286858767271041,0.014373203459432243,0.8165288588830403,6.279775072171034e-08,0.0,0.9367141723632812,15576,15449
pretrain,,650,0.233854598433884,0.04090840572287857,130523.52699054907,0.49831072769869866,1.0232045014930826,0.0614046588725149,1.3967744750635962,0.0,0.19838723753179824,0.5835688087557043,0.7935489267110825,0.8172909259796143,0.02180488803057926,0.7935489501271927,6.084640818970755e-08,0.0,0.9464189484715462,15600,15473
pretrain,,651,0.29255244160647476,0.040826588911432815,141353.23362636293,0.6371465558930108,1.7140424721772072,0.06507989448471203,1.3989357099469217,0.0,0.19946785497346098,0.588367217353412,0.7978714232643446,0.8219789236783981,0.01967305671985595,0.7978714198938436,5.144448507928464e-08,0.0,0.9326885814468066,15624,15497
pretrain,,652,0.21537586352358395,0.04074493573360995,127449.55877737743,0.5258614627187835,1.3496018386925448,0.05851732307310664,1.3945149430739028,0.0,0.19725747153695142,0.5911272764205933,0.7890298441052437,0.8163435518741607,0.01757045571549608,0.7890298861478056,6.811959402108769e-08,0.0,0.9869952102502187,15648,15521
pretrain,,653,0.32431048781339933,0.04066344586214273,147996.96931270952,0.5449814119421028,1.3965125307129553,0.062238094946893606,1.3975914763730195,0.0,0.19879573818650983,0.5854803233274392,0.7951829160253207,0.8205669790506362,0.021570413447970064,0.7951829527460393,5.587935447692871e-08,0.0,0.9305295820037524,15672,15545
pretrain,,654,0.23093170393391282,0.04058211897041845,130027.46376559364,0.6438372343741295,1.063083433596844,0.0599956296305319,1.3927265731617808,0.0,0.19636328658089042,0.5890388382332665,0.7854531208674113,0.8169649630784989,0.03565353538621401,0.7854531463235617,5.880636820091804e-08,0.0,0.9791053980588913,15696,15569
pretrain,,655,0.13769280356296343,0.04050095473247761,115967.95250368961,0.6478200554961917,1.3853747690190834,0.061559004926793136,1.403008259921556,0.0,0.20150412996077824,0.582800810358354,0.8060165271162987,0.8253259629011154,0.015141314163846583,0.8060165198431127,5.7121117983764215e-08,0.0,0.9287125418583552,15720,15593
pretrain,,656,0.3352923641985194,0.04041995282301265,150442.08102021212,0.6071722443904077,1.2243805673383168,0.05538036038422736,1.3958232817905287,0.0,0.1979116408952645,0.5916840774672372,0.7916465476155281,0.8058654278516769,0.013506521280245957,0.7916465635810579,6.350732982089251e-08,0.0,0.9778133581082026,15744,15617
pretrain,,657,0.14064650808908774,0.04033911291736663,116366.54873844027,0.36129416024178235,0.7194805006411492,0.05412622780986279,1.403907245601572,0.0,0.20195362280078588,0.5704987655792917,0.8078144788742065,0.8220848947763443,0.014459875953534035,0.8078144912031434,5.13557876965128e-08,0.0,0.9541870057582855,15768,15641
pretrain,,658,0.08332288569395097,0.04025843469153189,109089.66574964936,0.7174753049441964,1.2866292780588793,0.05667499705032992,1.4014893493038556,0.0,0.20074467465192788,0.5905843377113342,0.8029786869883537,0.830955109000206,0.023895109110318117,0.8029786986077115,5.38393144881392e-08,0.0,1.007629136244456,15792,15665
pretrain,,659,0.26957943291169906,0.040177917822148836,136907.42635935516,0.623968667016279,1.2989778619392858,0.06240536582026084,1.3958921499461645,0.0,0.19794607497308228,0.590026849082538,0.791784276564916,0.8068384528160095,0.013690595696986317,0.791784299892329,6.093510564649425e-08,0.0,0.9965976476669312,15816,15689
pretrain,,660,-0.08177237115189295,0.040097561986504535,92440.88929126374,0.6291210354558089,1.3736812024168656,0.06112367036581223,1.3856896121232285,0.0,0.19284480606161414,0.5888887686388833,0.771379200120767,0.7983533322811127,0.0274795842919079,0.7713792242464566,6.989354180605052e-08,0.0,0.9922767256697019,15840,15713
pretrain,,661,0.2762911378052959,0.040017366862531524,138177.1112996214,0.7297319825877331,1.3079317289108996,0.06363023040104078,1.3984764433865038,0.0,0.19923822169325187,0.5887541813509805,0.7969528660178185,0.8175261855125427,0.014266073707169086,0.7969528867730071,5.21540641784668e-08,0.0,0.9494579508900642,15864,15737
pretrain,,662,0.3714020123539521,0.03993733212880646,159084.1872950891,0.5815584967318771,1.1871463028862108,0.05491862376560647,1.4012917055349263,0.0,0.20064585276746327,0.5918187445827893,0.8025833865006765,0.8305044263601303,0.021833130845136488,0.8025834110698528,6.253165864740969e-08,0.0,0.9832639172673225,15888,15761
pretrain,,663,0.11758401855957501,0.03985745746454884,113325.23674011829,0.4832638584218713,0.9839914248937672,0.058205267306251085,1.408135738467709,0.0,0.20406786923385445,0.5824096623275961,0.8162714565793673,0.8253280580043793,0.009817331087601957,0.8162714769354178,6.913961390446015e-08,0.0,0.9193083321054777,15912,15785
pretrain,,664,0.18309491948310463,0.03977774254961975,122413.24284178176,0.3841356223772901,0.8577622726324957,0.054188008898673784,1.4019926927008088,0.0,0.2009963463504045,0.5881692612809795,0.8039853721857071,0.8215144068002701,0.01183854457581403,0.8039853854016178,6.448300119791621e-08,0.0,0.967734140654405,15936,15809
pretrain,,665,0.2158462352954602,0.03969818706452051,127526.00892973952,0.46036706684603484,1.115690191946276,0.05217289146680242,1.4001354111269826,0.0,0.20006770556349132,0.592450809265886,0.8002708032727242,0.8230005890130997,0.015265484950073963,0.8002708222539652,5.7653302187876676e-08,0.0,0.9820225139458975,15960,15833
pretrain,,666,0.07328238999663839,0.039618790690391474,107907.73685593097,0.5338562286734478,0.9819097785736499,0.054218015081612836,1.4070565228217415,0.0,0.20352826141087074,0.589876158961228,0.8141130084792773,0.8405962347984314,0.014853522471915891,0.814113045643483,6.705522539081817e-08,0.0,0.9399737492203712,15984,15857
pretrain,,667,0.24764272948358124,0.03953955310901069,132915.57604189817,0.5557107806513968,1.1828746580559648,0.06087609323740382,1.4002729233443028,0.0,0.20013646167215138,0.5863953328558377,0.8005458389719328,0.818125632405281,0.015714565883088075,0.8005458466886054,5.224276154273492e-08,0.0,0.9432191426555315,16008,15881
pretrain,,668,0.06434015276052452,0.039460474002792664,106876.44692142667,0.44285882764847767,1.1619845058022928,0.05664820274341076,1.4036259338747532,0.0,0.20181296693737663,0.5893480085900851,0.8072518308957418,0.8357332795858383,0.013579821438251812,0.8072518677495064,6.009248038063575e-08,0.0,0.9128399391969045,16032,15905
pretrain,,669,0.1830575993761252,0.039381553054787084,122407.65067847249,0.4506837527110286,0.9031090915429673,0.054667507182147114,1.3940522304425638,0.0,0.19702611522128186,0.5903289254222597,0.7881044199069341,0.8141569435596466,0.019794507205584008,0.7881044608851272,4.931574767071586e-08,0.0,0.9755853712558746,16056,15929
pretrain,,670,0.3286837868199013,0.0393027899486775,148961.0976715265,0.42952343593018516,1.191756359871129,0.0575752618038049,1.399119194863098,0.0,0.19955959743154902,0.5887684279254504,0.7982383569081625,0.8202175438404083,0.01618092653598524,0.7982383897261959,5.055751112204021e-08,0.0,0.9975073412060738,16080,15953
pretrain,,671,0.1978112652802282,0.039224184368780154,124658.94330332743,0.5224841351006239,1.1179390297248994,0.054833350019991456,1.4005167914022294,0.0,0.20025839570111462,0.5898428548659598,0.801033541560173,0.8234911382198333,0.02098175903317822,0.8010335828044585,6.785350183576473e-08,0.0,0.9679576555887858,16104,15977
pretrain,,672,0.14193958356463499,0.039145736000042584,116541.91020188225,0.5183831702808074,1.1727100346881323,0.05684843721725413,1.400465478411033,0.0,0.20023273920551654,0.5854243066694056,0.8009309445818266,0.8268684685230255,0.024470814080036377,0.800930956822066,5.126709025822981e-08,0.0,0.9695163716872534,16128,16001
pretrain,,673,0.1548106494542939,0.039067444528042505,118316.68245161143,0.4771831879392628,1.0474369881244354,0.05503849939439908,1.396967565951248,0.0,0.198483782975624,0.5875024103692599,0.7939350878198942,0.8313202202320099,0.023782502901819474,0.7939351319024959,5.6500236230346466e-08,0.0,0.9907940129439036,16152,16025
pretrain,,674,0.2704802605186222,0.03898930963898642,137076.4827708307,0.5794374000817711,1.1658154873027968,0.060249488948286266,1.392863035113329,0.0,0.19643151755666452,0.5885196317519461,0.7857260232170423,0.8087384462356567,0.019397330922789054,0.7857260702266579,6.368472458643619e-08,0.0,0.9755110368132591,16176,16049
pretrain,,675,0.19499083401011785,0.038911331019708444,124222.18805053565,0.32891490961508046,0.6407773398161153,0.05183030839606909,1.3946897997742609,0.0,0.19734489988713041,0.5753996856510639,0.7893795644243559,0.8076038867235183,0.013112299184760192,0.7893795995485214,5.3041038043192636e-08,0.0,0.9315020243326823,16200,16073
pretrain,,676,0.04276118441104937,0.03883350835766903,104467.13857761193,0.40872757245388475,1.0285747534325094,0.05694358706082218,1.4034993483330167,0.0,0.20174967416650844,0.5849779274846827,0.8069986775517464,0.8359437704086303,0.016705553857220046,0.8069986966660334,6.807524536670921e-08,0.0,0.8913080717126528,16224,16097
pretrain,,677,0.17440623194190352,0.03875584134095369,121124.94530477496,0.5144455085678548,1.3832214650182062,0.056408679861166044,1.402072883122379,0.0,0.20103644156118947,0.5827247963419981,0.8041457335154215,0.8176320254802704,0.008853410518528936,0.8041457662447579,7.698933276086468e-08,0.0,0.9264323711395264,16248,16121
pretrain,,678,0.14782010763222286,0.03867832965827179,117346.11541015189,0.4632050126495035,0.8732669111088922,0.055704397500046056,1.401830570683593,0.0,0.20091528534179645,0.5874348825642041,0.8036611204346021,0.8193749696016311,0.01531717140193256,0.8036611413671858,4.8783563429595965e-08,0.0,0.9441730926434199,16272,16145
pretrain,,679,0.2397261620070228,0.03860097299895524,131531.55481975657,0.639189691766927,1.4830742643697241,0.05630503740229246,1.3997280047762963,0.0,0.19986400238814808,0.5835098453930445,0.7994559829433759,0.8215686798095703,0.017297363695201455,0.7994560095525922,5.5347170143290235e-08,0.0,0.9366224432984988,16296,16169
pretrain,,680,0.43616143333929724,0.03852377105295733,177355.72894958835,0.5408663797620011,1.4764298411455958,0.05854556114410365,1.4018596169272703,0.0,0.20092980846363517,0.5877296285969871,0.8037191877762476,0.8238789290189743,0.012814091006188204,0.8037192338545408,7.12683513870438e-08,0.0,0.9560994332035383,16320,16193
pretrain,,681,0.40777407692388346,0.03844672351085141,168854.47952123397,0.48390603712265506,1.1083204890269773,0.05851793908353825,1.4038072572355824,0.0,0.20190362861779124,0.5803328012781483,0.8076144978404045,0.8239465624094009,0.014704661953823951,0.8076145144711647,4.944879385589592e-08,0.0,0.9401896347602209,16344,16217
pretrain,,682,0.24510292196160044,0.038369830063829706,132468.389280099,0.5638726331928007,1.732174866583978,0.06079438754574765,1.3911746447196318,0.0,0.195587322359816,0.5878394725067275,0.7823492834965388,0.8067045897245407,0.02923516412288066,0.7823492894392637,5.561326231010947e-08,0.0,0.9725871831178665,16368,16241
pretrain,,683,0.3197506620991841,0.03829309040370205,147004.92073772594,0.4998697040870308,1.3347401786476918,0.05872489898055342,1.398755363299556,0.0,0.19937768164977787,0.5881156804306167,0.7975107058882713,0.8213637590408325,0.015510598906081642,0.7975107265991114,6.417256024719246e-08,0.0,0.9436812276641527,16392,16265
pretrain,,684,0.23076323629250461,0.038216504222894646,129998.98694132786,0.42813106132116463,1.0015952285116998,0.05035401144079124,1.4051314095212593,0.0,0.20256570476062952,0.5901572757533617,0.8102627918124199,0.8270965486764907,0.013790522829489456,0.810262819042518,5.756460489762342e-08,0.0,0.9588898966709772,16416,16289
pretrain,,685,0.10517793332854186,0.03814007121444886,111754.06119786258,0.3807817239946963,0.9186211429677165,0.05014053234822959,1.3981960285454988,0.0,0.19909801427274942,0.59004329677139,0.7963920334974924,0.8316089183092117,0.02341126529576069,0.7963920570909977,6.350732987640366e-08,0.0,0.9413421973586082,16440,16313
pretrain,,686,0.050997745062415833,0.038063791072019966,105373.82759599132,0.47657947075099544,1.1355830798858142,0.06158566336111712,1.3962408056748767,0.0,0.19812040283743826,0.5644267717642444,0.7924815863370895,0.8246960073709487,0.019972161245909312,0.7924816113497529,6.04916186771239e-08,0.0,0.9705599745114645,16464,16337
pretrain,,687,0.07224973347265273,0.03798766348987592,107787.62734750699,0.5075591993373741,1.1721814784750184,0.056603811317661866,1.3959012288334112,0.0,0.19795061441670572,0.5901735542075974,0.7918024534980456,0.8110408395528793,0.018967577407683674,0.7918024576668229,5.685502577993754e-08,0.0,0.9331197117765745,16488,16361
pretrain,,688,0.22340278715185558,0.03791168816289617,128766.87985172305,0.5358370418175629,1.1637474574738367,0.05852282853710864,1.4021304967325356,0.0,0.2010652483662679,0.5836964409266199,0.8042610014478365,0.8192642718553543,0.009316050167823017,0.8042609934650716,5.8540276145121105e-08,0.0,0.9289113928874334,16512,16385
pretrain,,689,0.20809504995321992,0.037835864786570375,126277.78118332599,0.5401197247249735,1.1323670839228561,0.053301751426158665,1.3997262095855103,0.0,0.19986310479275526,0.5894805224878448,0.7994524265329043,0.8135898500680924,0.008786101587133714,0.799452419171021,4.8694866102335275e-08,0.0,0.9615280032157898,16536,16409
pretrain,,690,0.16300769700161521,0.03776019305699723,119475.41171139418,0.3979196064175425,1.4026096875081906,0.057169844638158,1.4015102335030125,0.0,0.20075511675150626,0.590356707572937,0.8030204301079115,0.8204484641551971,0.013344699617650186,0.8030204670060247,5.995943430647799e-08,0.0,0.9605098490913709,16560,16433
pretrain,,691,0.11096152658681202,0.03768467267088324,112481.07139399822,0.46941220547608503,0.9341532887338072,0.05388709658431317,1.3945260247925209,0.0,0.1972630123962604,0.5892506220511027,0.7890520294507345,0.8132158488035202,0.01866258157073807,0.7890520495850414,5.827418390428699e-08,0.0,0.9717945282657942,16584,16457
pretrain,,692,0.2829256976978527,0.03760930332554147,139455.56224641262,0.7431821481080724,1.4137212560918366,0.06278413470615841,1.4004390766134573,0.0,0.20021953830672876,0.5917559170297213,0.8008781199653944,0.8210505604743957,0.015362659722751299,0.8008781532269147,6.51925801305649e-08,0.0,0.9893252675731977,16608,16481
pretrain,,693,-0.055378735707134474,0.037534084718890394,94752.71446794603,0.651441531039014,1.7552603051053939,0.06047278956936155,1.397689467916886,0.0,0.19884473395844302,0.5842931185449873,0.7953789159655571,0.8203450709581375,0.024199430123844644,0.7953789358337721,6.678913316848778e-08,0.0,0.9468734214703242,16632,16505
pretrain,,694,0.4481671826075295,0.037459016549452606,181214.30413022853,0.5543357623707735,1.473692698388582,0.0636021402567614,1.3940038768840688,0.0,0.1970019384420344,0.5896089119570596,0.7880077461401621,0.8120866566896439,0.022271593179377793,0.7880077537681375,4.9670537294321804e-08,0.0,0.9631881738702456,16656,16529
pretrain,,695,0.07898230659826533,0.03738409851635371,108575.54715442524,0.4007717416615975,1.0327715183905064,0.05217501818256951,1.3940837072829406,0.0,0.19704185364147028,0.592618818793978,0.7881673872470856,0.8046468406915664,0.010266824555809947,0.7881674145658811,5.6411538792063474e-08,0.0,0.9694530541698138,16680,16553
pretrain,,696,0.21777273905450978,0.037309330319320995,127840.08560265267,0.592572591275847,1.2000928350240165,0.05834956806150582,1.4039519995983156,0.0,0.20197599979915792,0.5904392600059509,0.8079039851824442,0.8318948030471802,0.01707765217355541,0.8079039991966316,5.4105406728973314e-08,0.0,0.9897976641853651,16704,16577
pretrain,,697,-0.13199544858264223,0.037234711658682355,88339.57780060759,0.5308869091191506,1.1093591407433556,0.05898801828219193,1.3862770617983882,0.0,0.19313853089919406,0.5672723555139132,0.7725540945927302,0.8052333116531372,0.02658982173475511,0.772554123596776,6.803089663831585e-08,0.0,0.9756669675310453,16728,16601
pretrain,,698,0.28504862805660447,0.03716024223536499,139869.652572563,0.5693775793434199,1.3466534377261292,0.05608665490386885,1.3971289587872369,0.0,0.19856447939361846,0.5868152433208056,0.7942578941583633,0.8201420277357101,0.021424396691760383,0.7942579175744738,5.4992380538188e-08,0.0,0.9583302463094393,16752,16625
pretrain,,699,0.26489155290664734,0.03708592175089426,136034.3502994747,0.5885357601974011,1.183129316681042,0.0560915018250146,1.395075645120371,0.0,0.1975378225601855,0.5887914837471075,0.7901512905955315,0.815336811542511,0.018874795705749934,0.7901512902407418,6.20881716410319e-08,0.0,0.9634591365853945,16776,16649
pretrain,,700,0.10752146445684818,0.03701174990739247,112047.51264873972,0.6293654473269176,1.1807684048359235,0.051420133569534954,1.396322413835497,0.0,0.19816120691774855,0.5752496016877038,0.7926448235909144,0.8201126188039779,0.016925230131171785,0.7926448276709942,7.113530523887117e-08,0.0,0.9884226421515147,16800,16673
pretrain,,701,0.18496176198804715,0.03693772640757769,122693.62998712885,0.6610575338851187,1.1464437295692524,0.056346043903757505,1.3984149368479848,0.0,0.1992074684239924,0.5917342869298798,0.7968298743168513,0.8226778596639633,0.0209814166097405,0.7968298736959696,5.242015632678232e-08,0.0,0.9693094516793886,16824,16697
pretrain,,702,0.2662248292635808,0.03686385095476253,136281.52598791217,0.3198377317840069,0.7635957846360695,0.051259961785345,1.3986881896853447,0.0,0.19934409484267235,0.5908673331141472,0.7973763719201088,0.8132169544696808,0.011877319566500618,0.7973763793706894,6.776480450850404e-08,0.0,1.008046383659045,16848,16721
pretrain,,703,0.10359575095189133,0.03679012325285301,111556.81167976385,0.57491074753642,1.2079777353711376,0.05807879249119932,1.403301857057072,0.0,0.20165092852853594,0.5767873541585036,0.8066036974390348,0.8217229336500168,0.01417085288741708,0.8066037141141437,3.1221480549052196e-08,0.0,0.9436851640542349,16872,16745
pretrain,,704,0.35462997686487086,0.0367165430063473,154949.86816123276,0.6592890228185112,1.4936054205757294,0.05766980757631555,1.4006286029970008,0.0,0.20031430149850038,0.5860565256859576,0.8012571930885315,0.8337324559688568,0.020520292458977147,0.8012572059940014,6.798654792842622e-08,0.0,0.948943148056666,16896,16769
pretrain,,705,0.15592448537845427,0.03664310992033461,118472.81228722354,0.428612552708745,0.8248947806029496,0.051317040532893786,1.4035658431904654,0.0,0.20178292159523284,0.5911112885390009,0.8071316629648209,0.8216286331415177,0.011521498293613907,0.8071316863809311,5.71211178542382e-08,0.0,0.9659581879774729,16920,16793
pretrain,,706,0.15993986672298333,0.036569823700493935,119039.0973678359,0.6210050676292699,1.4071163766703536,0.056349910681542124,1.396684131429841,0.0,0.19834206571492055,0.5907735931021827,0.7933682550986608,0.8234589517116546,0.02129430937694942,0.7933682628596822,4.3151279253509735e-08,0.0,0.9502110232909521,16944,16817
pretrain,,707,0.2594873227429185,0.03649668405309295,135041.577370975,0.3474898269387244,1.0789853146008919,0.052234668915953096,1.4044771923550539,0.0,0.2022385961775269,0.5900781697460583,0.8089543431997299,0.8237551271915435,0.014890757953314156,0.8089543847101076,7.432841112967974e-08,0.0,0.9569281538327535,16968,16841
pretrain,,708,0.12250304335176732,0.03642369068498676,113960.50919876591,0.6985171539746416,1.2057591655405122,0.05741649600874107,1.4074474929477132,0.0,0.20372374647385663,0.588970001254763,0.8148949866493543,0.8548790812492371,0.021285616372892526,0.8148949858954264,4.430434539607712e-08,0.0,0.9783034871021906,16992,16865
pretrain,,709,0.12317916460274425,0.036350843303616785,114048.38475889276,0.34966386791564846,0.6784673968696066,0.05106879599701469,1.405103596459542,0.0,0.202551798229771,0.5903124106781823,0.8102071583271027,0.828850582242012,0.012872367617146887,0.8102071929190839,6.297514550575774e-08,0.0,0.9687801773349444,17016,16889
pretrain,,710,0.029545282645650595,0.036278141617009554,103044.47823451227,0.47215352241559866,1.0113443568285085,0.05887984201332246,1.3806618637449686,0.0,0.19033093187248426,0.5912207375679697,0.7613237077991167,0.7978772491216659,0.034077557731663675,0.7613237274899368,6.439430379664064e-08,0.0,1.0006940613190334,17040,16913
pretrain,,711,0.03652657805220194,0.03620558533377553,103791.13499346544,0.38411569751778213,0.6621125809941354,0.054459480632907176,1.4018172949242096,0.0,0.20090864746210477,0.579303752630949,0.8036345938841502,0.8318829894065857,0.018275143895265855,0.8036345898484188,4.838442520712268e-08,0.0,0.9175347959001859,17064,16937
pretrain,,712,0.08947697988487224,0.03613317416310798,109826.98711709217,0.5439957009322391,1.19213930954624,0.05725703115052191,1.4001761339604855,0.0,0.20008806698024273,0.5879369867699487,0.8003522579868635,0.8301633864641189,0.01616457022372488,0.8003522679209709,6.457169854368061e-08,0.0,0.954762431482474,17088,16961
pretrain,,713,0.16894839945579576,0.036060907814781766,120329.47164113057,0.3940983553755972,1.072374877616476,0.05597752546728416,1.3934721293903534,0.0,0.1967360646951766,0.5819797004972185,0.7869442601998647,0.8070115149021149,0.015963270938428854,0.7869442587807064,5.4992380630706585e-08,0.0,0.9908075928688049,17112,16985
pretrain,,714,0.1864797181244494,0.03598878599915221,122922.56533476032,0.35137726204814107,0.5752236626668716,0.050869994346458426,1.3930471428182152,0.0,0.1965235714091077,0.5896644741296768,0.7860942631959915,0.8085540860891343,0.03327321858775958,0.7860942856364307,6.040292131285578e-08,0.0,0.9767027025421461,17136,17009
pretrain,,715,-0.023465368812542353,0.0359168084271539,97707.26303716874,0.37339477057136455,0.7285769975153675,0.05417468058512024,1.4042798692493565,0.0,0.20213993462467836,0.5848019612686974,0.8085597058137258,0.8212037295103073,0.010172734706639874,0.8085597384987132,4.758614872516868e-08,0.0,0.9449039250612259,17160,17033
pretrain,,716,0.3109283980034184,0.03584497481029959,145122.79959042062,0.6876897367550977,1.3950538308664722,0.05783690572654473,1.4005171458369918,0.0,0.20025857291849603,0.5901070875780923,0.8010342742005984,0.8248244971036911,0.019746542339775564,0.8010342916739838,7.051442350395713e-08,0.0,0.9656119793653488,17184,17057
pretrain,,717,0.2033432416163392,0.035773284860678996,125524.57372343178,0.7570477673142153,1.4333668131949338,0.06254424623114041,1.3935688240010113,0.0,0.1967844120005057,0.5861203058489731,0.7871376499533653,0.8182870030403138,0.018733573791676533,0.7871376480020228,5.055751119605508e-08,0.0,0.9836075529456139,17208,17081
pretrain,,718,0.2837747573288636,0.03570173829095764,139620.88187097898,0.33620675799040517,0.7497403155812575,0.055985138990900164,1.40249329029272,0.0,0.20124664514636,0.5759076396269458,0.8049865787227949,0.8231752187013626,0.0106578846874292,0.80498658058544,5.499238061220287e-08,0.0,0.893914649883906,17232,17105
pretrain,,719,0.1486062637124198,0.03563033481437572,117454.46993307739,0.3546345521477463,0.6128409523161358,0.0590846948478069,1.4059642486806425,0.0,0.20298212434032137,0.5779416571770395,0.8119284783800443,0.8294708460569381,0.010126106110382775,0.8119284973612851,4.798528696614568e-08,0.0,0.902607391277949,17256,17129
pretrain,,720,0.20820270426131327,0.03555907414474697,126294.95015729702,0.36340806192159136,1.2155403896969712,0.054673646935606314,1.3962173960393383,0.0,0.1981086980196692,0.5912945887872151,0.7924347768227259,0.8217241495847702,0.016805412136549444,0.7924347920786766,6.102380295525123e-08,0.0,1.003724289437135,17280,17153
pretrain,,721,0.19264625211977715,0.035487955996457474,123861.44272267101,0.733021835269867,1.833408370516985,0.06095727956687489,1.3966918158832762,0.0,0.198345907941638,0.556054706552199,0.7933836380640665,0.8288142591714859,0.028069769915952947,0.793383631766552,5.046881381328324e-08,0.0,0.9949997290968895,17304,17177
pretrain,,722,0.18605563223779675,0.03541698008446456,122858.51952625754,0.3609035632743914,0.8172839246533201,0.05904226784930716,1.402021507909965,0.0,0.2010107539549825,0.5818937458097935,0.8040430049101511,0.8209500074386596,0.014120729051449725,0.80404301581993,6.07577108069357e-08,0.0,0.9227606306473414,17328,17201
pretrain,,723,0.4473507521867254,0.03534614612429563,180946.59568556462,0.4007012336606944,0.7527816615434247,0.056011612519609115,1.407470182338286,0.0,0.203735091169143,0.5871263683906622,0.8149403482675552,0.8376127123832703,0.013263068936503085,0.814940364676572,5.117839293096912e-08,0.0,0.9338360403974851,17352,17225
pretrain,,724,0.17537770176615874,0.03527545383204704,121267.64000218996,0.3913367711678461,0.7612010028835012,0.06092802998495985,1.397191930517909,0.0,0.19859596525895454,0.581343412399292,0.7943838412563006,0.8104687064886094,0.016114920209649875,0.794383861035818,5.135578767800908e-08,0.0,0.9973695203661919,17376,17249
pretrain,,725,0.2103697690244163,0.03520490292438294,126641.55458745616,0.2706659815612646,0.7404311421946211,0.05650298760218369,1.4071538341453387,0.0,0.20357691707266942,0.5913389687027251,0.814307635029157,0.8358655750751495,0.014656250307934198,0.8143076682906775,6.306384288852958e-08,0.0,0.9575594564278921,17400,17273
pretrain,,726,-0.024974712231312424,0.03513449311853418,97563.38259536726,0.631949718368552,1.27088532121654,0.061823529657889974,1.381317912113099,0.0,0.19065895605654945,0.592597013073308,0.7626358022292455,0.8214494556188583,0.03626689349747606,0.7626358242261976,5.2154064141459365e-08,0.0,1.00708769261837,17424,17297
pretrain,,727,0.10028450598820704,0.03506422413229711,111146.24641407949,0.5807330209330802,1.3167623035855653,0.059808032215839045,1.4020170713109625,0.0,0.20100853565548146,0.5905559062957764,0.8040341114004453,0.8421986788511276,0.022343053431711495,0.8040341426219259,6.758740968744921e-08,0.0,1.00657003869613,17448,17321
pretrain,,728,0.22324488793783337,0.034994095684032514,128740.70404830064,0.38498937194030763,0.8296971466122544,0.05342556436513122,1.3963696792100866,0.0,0.19818483960504332,0.5926948285528592,0.7927393664916357,0.8143939346075058,0.014215541513802544,0.7927393584201733,4.6566128749277645e-08,0.0,0.9804858987530073,17472,17345
pretrain,,729,0.07976641719213085,0.034924107492664454,108668.06196626111,0.571808471391272,1.4118189688323242,0.05917858602094728,1.3976809401508599,0.0,0.1988404700754299,0.5914654582738876,0.7953618466854095,0.8130478203296662,0.014378525985190892,0.7953618803017196,5.8274183959798144e-08,0.0,0.9648188625772794,17496,17369
pretrain,,730,0.05875555202499494,0.03485425927767912,106242.32654454448,0.4748297593992697,1.2052361511945129,0.05346260411084922,1.405042768034729,0.0,0.20252138401736464,0.5886629202536173,0.8100855325659116,0.8425531655550003,0.01889321797943318,0.8100855360694584,5.6189795353637585e-08,0.0,0.9549917653203011,17520,17393
pretrain,,731,0.11173423898931945,0.03478455075912377,112578.91994645688,0.7403368652942287,2.0597042861440413,0.06270387628077734,1.4003209374578933,0.0,0.2001604687289468,0.5921426915696688,0.8006418546040853,0.8214536398649216,0.014401188541425618,0.8006418749157872,6.004813170775354e-08,0.0,0.968530498445034,17544,17417
pretrain,,732,0.2923949500441022,0.03471498165760552,141321.77265585173,0.6655146168239265,1.217432697740711,0.06569503025156627,1.3901783092213529,0.0,0.19508915461067644,0.5797488678778921,0.780356598397096,0.8177867621183396,0.02600463269259548,0.7803566184427058,5.055751119605508e-08,0.0,1.0432836562395096,17568,17441
pretrain,,733,0.17189396918976485,0.03464555169429031,120757.48307515409,0.6166841003715007,1.3792723786663872,0.05877558334972499,1.399892705803116,0.0,0.19994635290155807,0.5824590948011195,0.7997853830456734,0.8229419708251953,0.019387579505301504,0.7997854116062323,6.19107768569845e-08,0.0,0.9524121110637983,17592,17465
pretrain,,734,0.15013819915908977,0.03457626059090173,117666.18984528225,0.4818661890191085,1.0715031506120472,0.056518402019365865,1.3908018302615908,0.0,0.1954009151307955,0.5915771839874131,0.781603661676248,0.8224544823169708,0.02375277780625587,0.7816036605231819,5.8274184015309295e-08,0.0,1.0255579004685085,17616,17489
pretrain,,735,0.25409769903821344,0.034507108069719926,134065.81514905812,0.6066521940121348,1.3864400575110578,0.05611572612176637,1.401582185045949,0.0,0.20079109252297456,0.5912621510880334,0.8031643728415171,0.8270671993494034,0.01850548398680983,0.8031643700918979,5.587935445842499e-08,0.0,0.9753674442569414,17640,17513
pretrain,,736,0.048946797844633294,0.03443809385358048,105146.58882738688,0.35489126082467526,0.8748574865205954,0.053831392135082735,1.403000307868102,0.0,0.20150015393405088,0.5829231169606959,0.8060006027420362,0.8220911592245101,0.014296984255648565,0.8060006157362034,5.556891361872355e-08,0.0,0.9390590339899063,17664,17537
pretrain,,737,0.1870198548923877,0.03436921766587332,123004.23399240979,0.6136848854675206,1.875405240400567,0.062200440112515715,1.3907643160561012,0.0,0.1953821580280506,0.5917085568819727,0.7815286020437876,0.8186192810535431,0.020916668061280876,0.781528632112202,6.64343436188967e-08,0.0,1.0202322428425152,17688,17561
pretrain,,738,0.24972621941315754,0.034300479230541574,133284.67898982542,0.42716294754349843,0.8528351045125488,0.05427591041876657,1.3993327237576956,0.0,0.19966636187884781,0.5921549701264925,0.7986654217044512,0.8168330192565918,0.014264903323447872,0.7986654475153911,5.5435867526062076e-08,0.0,0.9670071875055631,17712,17585
pretrain,,739,0.3124091072016778,0.03423187827208049,145435.31778471515,0.6748115470789057,1.3064459731882994,0.05986751515242608,1.3950483493861698,0.0,0.19752417469308492,0.5899453865630286,0.7900967126091322,0.8132462590932846,0.015660857049308762,0.7900966987723393,5.818548654001887e-08,0.0,0.9807794565955797,17736,17609
pretrain,,740,0.18157686771264936,0.034163414515536325,122186.18469460578,0.45039219228395866,1.149231704480372,0.05387276801823588,1.405711375842137,0.0,0.20285568792106848,0.5886102244257927,0.8114227131009102,0.823057872056961,0.00916534930105049,0.8114227516842739,6.004813167074612e-08,0.0,0.930888831615448,17760,17633
pretrain,,741,0.254123302424731,0.03409508768650526,134070.41716825945,0.48602867824003687,1.1787735910202917,0.05110421412895672,1.4054470779374242,0.0,0.2027235389687121,0.5913400607449668,0.8108941167593002,0.8293164104223252,0.014044922479123489,0.8108941558748484,7.743281980424992e-08,0.0,1.020149161418279,17784,17657
pretrain,,742,0.2678580024246743,0.03402689751113225,136585.52621100197,0.49334638008374915,1.0283754582088962,0.06108301361458183,1.3966865905427506,0.0,0.19834329527137537,0.5887898302503994,0.7933731650312742,0.8132106542587281,0.015101470293678743,0.7933731810855015,5.827418392279071e-08,0.0,0.9816314727067947,17808,17681
pretrain,,743,0.05484736544412139,0.03395884371610998,105803.01672331408,0.5862597003225307,1.469949811397433,0.06004716115683317,1.3928821278026415,0.0,0.1964410639013208,0.5882955214806965,0.7857642496625582,0.8094586819410324,0.016938731410458378,0.7857642556052832,4.887226083087152e-08,0.0,0.992362953722477,17832,17705
pretrain,,744,-0.07554618538174229,0.03389092602867776,92976.0166129055,0.5787276583035345,1.9120660928782909,0.056306714676259584,1.4005825012212707,0.0,0.20029125061063538,0.590989887714386,0.8011650120218595,0.8309789210557937,0.018815269569813074,0.8011650024425415,5.871767089216107e-08,0.0,0.9779027824600538,17856,17729
pretrain,,745,0.1685737995642047,0.033823144176620405,120275.25707944327,0.5478231176795201,1.2899993681304425,0.05264473220504864,1.4004722405668524,0.0,0.2002361202834263,0.5906440573079246,0.8009444723526636,0.819714704155922,0.016408552719660758,0.8009444811337051,6.324123770958441e-08,0.0,0.9842208623886108,17880,17753
pretrain,,746,0.013039397520779428,0.033755497888267164,101321.16697343589,0.6754959134875573,1.3633719384213645,0.06586901208204625,1.3986382272449278,0.0,0.1993191136224639,0.5863848882062095,0.7972764149308205,0.8333016932010651,0.01997854523966846,0.7972764544898555,6.262035591915922e-08,0.0,1.0052607109149296,17904,17777
pretrain,,747,0.2484745526907416,0.03368798689249063,133062.69316366775,0.4597921874912803,1.0736220116127277,0.05531957577601119,1.4017037438849609,0.0,0.20085187194248044,0.5922762783510345,0.8034074430664381,0.8245569407939911,0.01289741104501602,0.8034074877699217,6.953875223795573e-08,0.0,0.9763256286581358,17928,17801
pretrain,,748,0.15454008386678475,0.03362061091870565,118278.81853625743,0.38907383171901805,0.8284518475795265,0.05336755991039699,1.4031973211538222,0.0,0.2015986605769112,0.5908284740788596,0.8063946117957433,0.8236326754093171,0.015231868684083908,0.8063946423076448,5.889506563920103e-08,0.0,0.9470398873090744,17952,17825
pretrain,,749,0.24342536893039046,0.033553369696868236,132174.66710273476,0.48127983575056144,1.2352211088170957,0.05414815593637067,1.4041651231901986,0.0,0.20208256159509932,0.5902983141796929,0.8083302453160286,0.8268987268209458,0.01249687920098463,0.8083302463803972,5.16218798263246e-08,0.0,0.9685851062337557,17976,17849
pretrain,,750,-0.033120318321241404,0.0334862629574745,96794.14703845337,0.4925543367678902,1.3473641140045678,0.06617909970313617,1.3929754436858708,0.0,0.19648772184293542,0.5826816409826279,0.7859508544206619,0.8201778441667557,0.022110346452714744,0.7859508873717416,7.233271998030588e-08,0.0,1.0035560205578804,18000,17873
pretrain,,751,0.23685272803509783,0.03341929043155955,131036.30671774069,0.6011878929290152,1.5409424353833825,0.05927285536230395,1.3967875051090406,0.0,0.1983937525545203,0.5886409362511975,0.7935749640067419,0.8252974689006806,0.017429920952007513,0.7935750102180811,6.643434369291157e-08,0.0,0.9652828499674797,18024,17897
pretrain,,752,0.08864543393612256,0.033352451850696435,109726.77783565408,0.5920692266618559,1.1466935592505538,0.06474910950515998,1.3915758544933936,0.0,0.1957879272466969,0.5646752127047097,0.783151683708032,0.8104818016290665,0.025985781376590793,0.7831517089867873,6.412821155580654e-08,0.0,1.0301633377869923,18048,17921
pretrain,,753,0.06935791715256068,0.03328574694699504,107452.69512639592,0.5549665043663116,1.0414210571467337,0.06301263146898183,1.4008175563067198,0.0,0.20040877815335992,0.5864779938544546,0.8016351088881493,0.8190257668495178,0.01799975407858597,0.8016351126134394,4.399390444535337e-08,0.0,0.9890324374039968,18072,17945
pretrain,,754,0.19265707103200636,0.033219175453101046,123863.10254531802,0.4782289284305159,1.1207652497602607,0.05622868371790105,1.394542912952602,0.0,0.19727145647630095,0.5883266319121634,0.7890857954819998,0.8102773249149322,0.018673424437513016,0.7890858259052038,6.466039594495616e-08,0.0,0.990080289542675,18096,17969
pretrain,,755,0.07175460100126363,0.033152737102194844,107730.13268675099,0.2785674835866236,0.5937889610940774,0.05576807505958909,1.401057627850345,0.0,0.20052881392517263,0.5893126779368945,0.8021152292688688,0.8306268513202667,0.015650750994391446,0.8021152557006905,6.155598732589714e-08,0.0,0.9996137792865435,18120,17993
pretrain,,756,0.2861889878465458,0.03308643162799046,140093.10349292023,0.3155067529641281,0.9391714665275805,0.05374168605192021,1.4030342918953724,0.0,0.2015171459476863,0.5923258130039488,0.8060685644547144,0.818708735704422,0.008717462883197594,0.806068583790745,6.953875223795573e-08,0.0,0.9898212651411692,18144,18017
pretrain,,757,0.06832105863473181,0.03302025876473448,107333.11182654994,0.44324478214740753,1.1812263671601244,0.052635346008687335,1.400313975732951,0.0,0.2001569878664755,0.5932675014649118,0.8006279443701109,0.8120634913444519,0.009343768396691458,0.8006279514659017,6.687783066228192e-08,0.0,0.9787084683775902,18168,18041
pretrain,,758,0.2968871265510211,0.03295421824720501,142224.67512146392,0.5573811416035355,1.2618864384987794,0.05613819151043681,1.4046400247939996,0.0,0.2023200123969998,0.592473213161741,0.8092800180117289,0.8317769348621369,0.014891180725508914,0.8092800495879992,7.024833135564161e-08,0.0,0.9975349307060242,18192,18065
pretrain,,759,0.049970578182474856,0.0328883098107106,105259.89796051526,0.6652020210516318,1.097960620517689,0.054601665768894525,1.4008787379910548,0.0,0.20043936899552742,0.5925149459924017,0.801757462322712,0.8331537187099457,0.01880999309372411,0.8017574759821097,5.7121117928253064e-08,0.0,0.9966625149051348,18216,18089
pretrain,,760,0.1348938973611694,0.03282253319108918,115592.7575761751,0.6103375404106365,1.2929406804668018,0.06227223098963503,1.39364245573857,0.0,0.19682122786928502,0.5902466156652995,0.7872849106788635,0.8080201208591461,0.017223064224805826,0.78728491147714,3.8938153386810136e-08,0.0,0.9982394923766454,18240,18113
pretrain,,761,0.26137037794755935,0.032756888124707,135385.8510604118,0.37813271844730423,0.7216172751361664,0.05248462690001338,1.3977499957240764,0.0,0.1988749978620382,0.588905394077301,0.7954999854167303,0.8197054117918015,0.022124448511929896,0.7954999914481525,5.0912300745646157e-08,0.0,0.9413566266496977,18264,18137
pretrain,,762,0.2119368032241984,0.032691374348457584,126893.37658341289,0.22234642536040009,0.6144054876208914,0.05067914420867766,1.4022171681835538,0.0,0.2011085840917769,0.5915701346737998,0.8044343094031016,0.8189522743225097,0.008942245894499606,0.8044343363671076,4.896095823214708e-08,0.0,0.9731384466091791,18288,18161
pretrain,,763,0.1025915213737213,0.03262599159976067,111431.9759415205,0.5310395718834501,1.3460593743421219,0.05592442331256372,1.4045115239430395,0.0,0.20225576197151982,0.5921690495950835,0.8090230176846186,0.8244503140449524,0.008839568603005573,0.8090230478860793,8.155724826967396e-08,0.0,0.9786710739135742,18312,18185
pretrain,,764,0.09824938360186564,0.03256073961656115,110895.40520574342,0.6338438678083,1.237797732347735,0.056390215896823644,1.4054942945062756,0.0,0.202747147253138,0.5880554877221584,0.8109885628024737,0.8338725417852402,0.0147650602798667,0.8109885890125518,5.876201956504327e-08,0.0,0.9721130480368932,18336,18209
pretrain,,765,0.2894658520556548,0.03249561813732803,140739.1893680426,0.6891087806736963,1.6892101894836464,0.059464930515908204,1.404780421494728,0.0,0.20239021074736405,0.5929098799824715,0.8095608105262121,0.8336708962917327,0.01883655408255941,0.809560842989456,5.960464483090178e-08,0.0,0.9997163464625677,18360,18233
pretrain,,766,0.1956560649827076,0.03243062690105337,124324.92575188016,0.5013990064378748,1.250637298543044,0.05438465186487324,1.4029515454146477,0.0,0.20147577270732397,0.590305389038154,0.8059030448397001,0.8216222941875457,0.008691992305405759,0.8059030908292956,7.06474695966186e-08,0.0,0.9704291000962257,18384,18257
pretrain,,767,0.3105073789641579,0.032365765647251264,145034.18448448004,0.6279881033948246,1.428176888836613,0.05659738756938463,1.3937323410507467,0.0,0.19686617052537347,0.5914971828460693,0.7874646708369255,0.8167381078004837,0.021092896776366613,0.7874646821014938,5.1887971974640124e-08,0.0,1.023158957560857,18408,18281
pretrain,,768,0.11033670452402766,0.03230103411595676,112402.07447976117,0.4663387147439617,1.167407394171392,0.0507182180310288,1.394192445269298,0.0,0.19709622263464902,0.5871838320578848,0.7883848746617635,0.8239085257053375,0.037976277506737065,0.7883848905385958,5.454889367983995e-08,0.0,0.9874674081802368,18432,18305
pretrain,,769,0.2735237970598602,0.03223643204772485,137650.75799494536,0.4847837547374166,1.2946022500923358,0.05701186341796039,1.4023661599272774,0.0,0.20118307996363868,0.592673659324646,0.8047323301434517,0.821358072757721,0.011091442179778997,0.8047323198545545,5.2863643277648954e-08,0.0,0.9583452120423317,18456,18329
pretrain,,770,0.093086078908037,0.032171959183629396,110264.0478597966,0.5331966916759409,1.363495194769914,0.05486734564270427,1.4009813422425872,0.0,0.20049067112129362,0.592253144298281,0.8019626811146736,0.815950408577919,0.01329378845108862,0.8019626844851744,4.9670537331329236e-08,0.0,0.9735507989923159,18480,18353
pretrain,,771,-0.075582707606207,0.03210761526526214,92972.8595419294,0.6310165451448839,1.2460314695973314,0.059059693325876426,1.4031191837663453,0.0,0.2015595918831726,0.5922564257468497,0.8062383532524109,0.8346486389636993,0.01597832376062504,0.8062383675326904,6.217686902380375e-08,0.0,0.985918290913105,18504,18377
pretrain,,772,-0.05382100030663395,0.03204340003473161,94892.77588025162,0.4747964671923652,1.2742840781590814,0.06013791175509791,1.3895596848978176,0.0,0.19477984244890867,0.5915349658046449,0.7791193425655365,0.8151520639657974,0.026178092210593338,0.7791193697956346,4.4614786087748826e-08,0.0,0.9774932985504469,18528,18401
pretrain,,773,0.3298411587878326,0.03197931323466215,149218.3551874394,0.7373448166307034,1.6168518610478304,0.05801122794343013,1.4026384303080188,0.0,0.20131921515400922,0.5907615316765649,0.8052768359581629,0.8369783669710159,0.02212958301185398,0.8052768606160368,7.113530520186373e-08,0.0,0.9969589486718178,18552,18425
pretrain,,774,0.1714667143981623,0.03191535460819283,120695.21133041875,0.4404065774900621,1.0507655881583768,0.052101694661390106,1.4103019157690664,0.0,0.2051509578845331,0.5925839532698904,0.8206038052837054,0.8423447757959366,0.014748930230943669,0.8206038315381322,5.215406423397795e-08,0.0,0.9900598898530006,18576,18449
pretrain,,775,0.17428391963646284,0.03185152389897644,121107.00321589122,0.34938998132730154,0.6522159711809364,0.049595023843990116,1.4032037104258226,0.0,0.20160185521291127,0.5905386113694735,0.8064073895414671,0.8191432535648346,0.01096834116027901,0.8064074208516449,5.401670929069032e-08,0.0,0.9754132802287737,18600,18473
pretrain,,776,0.08105988143888965,0.03178782085117849,108821.01888921928,0.3607955123861728,0.7258160071732483,0.052752174652420936,1.3946598467993594,0.0,0.19732992339967972,0.5922758004495076,0.7893196841080984,0.8117016077041626,0.017153896749881967,0.7893196935987188,5.7387210113576024e-08,0.0,0.9863512838880221,18624,18497
pretrain,,777,0.20925729340844845,0.03172424520947613,126463.385835127,0.4499219993238599,0.8394396159287802,0.05048083744438813,1.4055480859464122,0.0,0.2027740429732062,0.5912607216409274,0.811096136768659,0.821186563372612,0.007245699061251732,0.8110961718928245,5.4282801439005844e-08,0.0,0.9723721891641617,18648,18521
pretrain,,778,0.09257546441750275,0.03166079671905718,110202.0014653975,0.4101863633154834,1.063737794388337,0.05242856185971364,1.3996868677259908,0.0,0.19984343386299552,0.5933039060660771,0.7993737185994784,0.8128307908773422,0.013349301206176402,0.7993737354519821,6.120119777630606e-08,0.0,1.0149389654397964,18672,18545
pretrain,,779,0.3517196785433102,0.031597475125619064,154254.258058149,0.6802442712718255,1.8881400710922764,0.057989780411543256,1.400600750797561,0.0,0.20030037539878065,0.5920482448169163,0.8012014900644621,0.8223596692085267,0.01624161662285327,0.8012015015951223,5.020272162796028e-08,0.0,0.9694371273120245,18696,18569
pretrain,,780,0.21046939972463508,0.03153428017536783,126657.53545856608,0.46464225738752213,0.9272129597477784,0.05350035292829581,1.3921452890638086,0.0,0.19607264453190423,0.5916861902390207,0.7842905496557554,0.8162904888391495,0.022861328271415574,0.7842905781276168,5.1887972011647556e-08,0.0,1.008573976655801,18720,18593
pretrain,,781,0.1465017854182834,0.03147121161501709,117164.8613805339,0.3999505053649677,0.8607917235312048,0.0548218507707661,1.4051425525519463,0.0,0.20257127627597327,0.5917610036475318,0.8102850566307703,0.8270628899335861,0.010083709412106479,0.810285105103893,6.080205944281047e-08,0.0,0.9508639375368754,18744,18617
pretrain,,782,0.22142728970432324,0.031408269191787054,128440.15552770047,0.6112200987631358,1.944383848314427,0.061113901959945476,1.3931601066585806,0.0,0.1965800533292904,0.5910979456135205,0.7863202119867007,0.817330378293991,0.018849135795689045,0.7863202133171615,6.66117384029441e-08,0.0,0.9843116775155067,18768,18641
pretrain,,783,0.04520659814343009,0.03134545265340348,104734.69947064226,0.8002011204642779,1.83132812591564,0.06141137316347486,1.3916725793055127,0.0,0.19583628965275626,0.5923539964216096,0.7833451554179192,0.8033368647098541,0.016475964336012044,0.783345158611025,5.765330228039526e-08,0.0,1.0075848549604416,18792,18665
pretrain,,784,0.45401775833948066,0.031282761748096674,183156.14019947918,0.5883602672140205,1.1304984697601732,0.055338642274566606,1.398127738098126,0.0,0.19906386904906306,0.5904582206692015,0.7962554668386778,0.824788025021553,0.01570316813375765,0.7962554761962523,5.370626848799631e-08,0.0,0.9607844178875288,18816,18689
pretrain,,785,0.3228199850607104,0.03122019622460048,147671.22152735884,0.567650295167211,1.1791375005606153,0.051453760575342566,1.4089813526897201,0.0,0.20449067634486018,0.5917956222380911,0.8179626713196436,0.8418520539999008,0.013472472531051155,0.8179627053794407,5.800809179297891e-08,0.0,0.9985578407843908,18840,18713
pretrain,,786,0.18007375423167038,0.03115775583215128,121962.1893019083,0.47859320852890685,0.9212921510163335,0.05057508828769306,1.4025232053051393,0.0,0.20126160265256962,0.5903799501912934,0.8050464118520418,0.81589395403862,0.011448323335771053,0.8050464106102785,6.049161864011647e-08,0.0,0.9709608828028043,18864,18737
pretrain,,787,0.11095849646067235,0.031095440320486976,112480.6880240056,0.5178028715096815,1.1397660288194806,0.05623401018964741,1.3995390541940218,0.0,0.1997695270970109,0.5867457975234305,0.7990780646602312,0.8270756155252457,0.02354971061929357,0.7990781083880435,6.643434358188927e-08,0.0,0.9701879893740019,18888,18761
pretrain,,788,0.17887146973976753,0.031033249439846002,121783.61403215151,0.4091043442611874,0.9724773455959139,0.05117772522815776,1.3991440102635393,0.0,0.19957200513176976,0.5629138903958457,0.798287977774938,0.8252630412578583,0.021028063555982936,0.798288020527079,7.326404255492136e-08,0.0,0.9879976660013199,18912,18785
pretrain,,789,0.14980093389153626,0.03097118294096631,117619.51287210958,0.6574759453252742,1.2621211154665561,0.05591058074971528,1.4016130074769968,0.0,0.20080650373849843,0.5855393335223198,0.8032259965936343,0.8196263909339905,0.014291827004934877,0.8032260149539936,4.124428543139658e-08,0.0,0.9541640728712082,18936,18809
pretrain,,790,0.15129410557323564,0.03090924057508438,117826.44689600314,0.6719779909372097,1.3889782157307846,0.058308799153982294,1.3931291008900317,0.0,0.19656455044501597,0.5884547850915364,0.7862581859032313,0.8180910289287567,0.022315843827399304,0.7862582017800638,4.514697056941704e-08,0.0,0.9671251053611437,18960,18833
pretrain,,791,0.22064265659449,0.030847422093934207,128310.84591188445,0.5831312988402265,1.221959320521391,0.05705766047513736,1.4018043742204707,0.0,0.2009021871102353,0.5909031012228556,0.8036087453365326,0.8384155392646789,0.0180758146235398,0.8036087484409412,5.029141899222841e-08,0.0,0.9715707674622536,18984,18857
pretrain,,792,0.13947979782034403,0.03078572724974634,116208.77667567228,0.5871053308228298,0.9065164588168874,0.05776794499387585,1.402145198102863,0.0,0.20107259905143152,0.5814056364553315,0.8042903766036034,0.824539503455162,0.013797298337364573,0.8042903962057261,5.481498582815547e-08,0.0,0.9848791658878326,19008,18881
pretrain,,793,0.2738371492602677,0.03072415579524685,137710.1567480784,0.595772236290549,1.5064578126608763,0.05593728224509653,1.400731052538114,0.0,0.200365526269057,0.5837322963135583,0.8014620815714201,0.8212784200906753,0.01583857404218033,0.8014621050762277,6.075771078843199e-08,0.0,0.9979160726070404,19032,18905
pretrain,,794,0.2649090143822509,0.030662707483656355,136037.58168244018,0.4389806877827283,1.2115600865221632,0.052130919182904724,1.402480244725233,0.0,0.20124012236261654,0.5923495941928454,0.8049604942401251,0.8341225683689117,0.01508376014077103,0.8049604894504659,6.350732987640366e-08,0.0,0.9685285861293474,19056,18929
pretrain,,795,0.10089280940755196,0.030601382068689044,111221.44394608508,0.5035664570646124,1.2387578566544326,0.056735575735907345,1.3936225299146914,0.0,0.1968112649573457,0.5917302178485053,0.7872450277209282,0.8052839666604996,0.016112828090606168,0.7872450598293828,6.545867240840646e-08,0.0,1.016492026547591,19080,18953
pretrain,,796,0.17002053565120911,0.030540179304551662,120484.90871814625,0.561702972815329,1.6489762096176153,0.05436353123103243,1.4033018431315816,0.0,0.20165092156579098,0.5926008650234766,0.8066036502520243,0.8291116267442703,0.016643418130892332,0.8066036862631637,5.978203959644546e-08,0.0,0.9829537024100622,19104,18977
pretrain,,797,0.20021781101808145,0.03047909894594256,125034.04224004393,0.3952882834180614,1.0027887461393632,0.05025867713059164,1.3976083875057241,0.0,0.19880419375286218,0.5908766335674694,0.7952167317271233,0.820520430803299,0.015873815022637017,0.7952167750114486,5.9427249991343224e-08,0.0,0.9502899994452795,19128,19001
pretrain,,798,0.3172178075434128,0.030418140748050677,146459.59004907444,0.6522585980772239,1.3508110643584657,0.06420723278106093,1.400890709610567,0.0,0.2004453548052836,0.5921776284064566,0.8017814010381699,0.8177730113267898,0.011301542623043502,0.8017814192211343,5.650023619333903e-08,0.0,0.9969666997591654,19152,19025
pretrain,,799,0.19597640190802135,0.030357304466554574,124374.45895532063,0.5960455748128576,0.9095972506567677,0.054480477029164316,1.4030760461464524,0.0,0.2015380230732262,0.5934106590492385,0.8061520730455717,0.8156024217605591,0.007246639024673753,0.8061520922929049,5.8628973527892945e-08,0.0,0.9842161610722542,19176,19049
pretrain,,800,0.298804300916617,0.030296589857621462,142613.53874634713,0.4305113906049165,1.1078709772307302,0.05187306430527227,1.3996834447163913,0.0,0.19984172235819556,0.5934585354157856,0.7993668665488561,0.8129829138517379,0.009476743309415897,0.7993668894327822,5.020272166496772e-08,0.0,0.9865450660387675,19200,19073
pretrain,,801,0.2918335304216235,0.030235996677906222,141209.73569892027,0.6048233651693986,1.3534577633864293,0.057295020826896755,1.399345905586545,0.0,0.1996729527932725,0.5905751043132372,0.7986917893091837,0.8282486021518707,0.017070597368885467,0.7986918111730898,5.024707037485735e-08,0.0,0.9661741827925047,19224,19097
pretrain,,802,0.215720648083781,0.030175524684550408,127505.5880990254,0.6050714168037069,1.2738733647048233,0.05674259763952357,1.399531362711319,0.0,0.1997656813556595,0.5934141139898981,0.7990626990795135,0.8158111453056336,0.012208793799017325,0.7990627254226377,5.366191972259552e-08,0.0,0.9910701488455137,19248,19121
pretrain,,803,0.12706900853930625,0.03011517363518131,114556.59264962962,0.3551174616847265,0.5505811931229712,0.05354933756111382,1.4019075809711856,0.0,0.20095379048559284,0.5848240155194486,0.8038151562213898,0.814530998468399,0.00877503220062025,0.8038151619423712,5.689937436030116e-08,0.0,0.9388405705491701,19272,19145
pretrain,,804,-0.057506033591479655,0.030054943287910946,94562.10822777258,0.6340448227941451,1.7534050527068012,0.06097759063532998,1.393779764927569,0.0,0.19688988246378447,0.5910057936395918,0.7875595018267632,0.8172503799200058,0.024011166593517857,0.7875595298551378,5.658893357611087e-08,0.0,1.0149729053179424,19296,19169
pretrain,,805,0.09210454476101637,0.029994833401335123,110144.84038107359,0.30517953884662435,0.6342925736520174,0.05645607324272193,1.4022450529127604,0.0,0.2011225264563802,0.5922623862113272,0.8044900869329771,0.8285471767187118,0.01325886412683907,0.8044901058255206,5.153318251756763e-08,0.0,0.9855593865116438,19320,19193
pretrain,,806,0.21287838106515466,0.029934843734532455,127045.1701419696,0.40500355098602264,0.950673626363629,0.05201894587258982,1.398753328736694,0.0,0.19937666436834708,0.5907256028481892,0.797506627937158,0.8187358915805817,0.01594756399194797,0.7975066574733881,5.685502572442639e-08,0.0,0.980043575167656,19344,19217
pretrain,,807,0.317654332825146,0.02987497404706339,146553.2864215793,0.44956959338627317,1.115556529325457,0.056603647884170105,1.3994241010042883,0.0,0.19971205050214416,0.5891398638486862,0.7988482018311819,0.8158190339803696,0.01749148183368755,0.7988482020085765,6.847438357067877e-08,0.0,0.9635213514169058,19368,19241
pretrain,,808,0.2598893801507023,0.02981522409896926,135114.9373054019,0.5277690324726874,0.9423137127374277,0.05888949696625536,1.4001339834094757,0.0,0.20006699170473788,0.5918509821806635,0.8002679372827212,0.8123305648565292,0.01012570490923378,0.8002679668189513,6.696652798954261e-08,0.0,0.9562232693036398,19392,19265
pretrain,,809,0.2163001460222319,0.029755593650771323,127599.87065512047,0.5862513641439818,1.1697330704906577,0.05474658775841675,1.4021728699583385,0.0,0.20108643497916914,0.5916150318724769,0.8043457170327505,0.8238059461116791,0.014598094784109847,0.8043457399166766,6.510388280330422e-08,0.0,0.9446634277701378,19416,19289
pretrain,,810,0.0945156162126134,0.029696082463469782,110438.1276921951,0.3852600110911002,0.6362555308049364,0.05191512541309071,1.3921631965342733,0.0,0.19608159826713664,0.5623432376555033,0.7843263844648997,0.8216484457254409,0.02175790190789108,0.7843263930685462,5.809678917575075e-08,0.0,1.0081749856472015,19440,19313
pretrain,,811,0.012337092249021686,0.02963669029854284,101249.11973024427,0.5515963068699926,1.5518779650437518,0.0537368481530518,1.3978156219901783,0.0,0.19890781099508917,0.5919919514230318,0.7956312000751495,0.8278660506010055,0.019473373032667367,0.7956312439803565,6.785350183576473e-08,0.0,0.969092754026254,19464,19337
pretrain,,812,0.27455315493019017,0.029577416917945756,137846.0747050006,0.5478940546773488,1.277585081914993,0.05616237169976459,1.395253783446692,0.0,0.19762689172334616,0.5922744827611106,0.7905075823267301,0.8061254352331162,0.016427509648214763,0.7905075668933845,5.3928011926422194e-08,0.0,0.9923363278309504,19488,19361
pretrain,,813,0.11146202628777324,0.02951826208410986,112544.43024219837,0.4444377422157908,0.8367545351912664,0.05247120496533303,1.4033199999304042,0.0,0.20165999996520223,0.5931428010974611,0.8066399618983269,0.8242387473583221,0.01331975754323221,0.8066399998608089,6.670043578571594e-08,0.0,0.9856094767649969,19512,19385
pretrain,,814,0.16980039716742912,0.029459225559941644,120452.96053962018,0.8848427216686533,2.310550844072058,0.0615869223662629,1.3933551143411371,0.0,0.19667755717056848,0.5910381557685989,0.7867102151115736,0.8236704289913177,0.029327560103650292,0.7867102286822739,6.253165855489111e-08,0.0,0.9732382868727049,19536,19409
pretrain,,815,0.2544914346806971,0.02940030710882176,134136.62116299066,0.42427469178651367,0.8958436641605345,0.050503462547385865,1.402554458495052,0.0,0.20127722924752608,0.58809542922037,0.8051088973879814,0.819593009352684,0.011206769861886753,0.8051089169901041,5.561326232861319e-08,0.0,0.9737756426135699,19560,19433
pretrain,,816,0.26885392544018494,0.029341506494604118,136771.57476391402,0.42896982809436285,1.1099321942604234,0.05346138889523654,1.3979058765495818,0.0,0.19895293827479088,0.5919624588319233,0.7958117425441742,0.8126621067523956,0.00935502369192358,0.7958117530991634,4.142168027095513e-08,0.0,0.9766355901956558,19584,19457
pretrain,,817,0.2404987208325381,0.029282823481614907,131665.3476997648,0.4432322714216657,0.8831027537485704,0.05377565442833954,1.401981080217021,0.0,0.20099054010851045,0.5927715386663164,0.8039621263742447,0.8231891810894012,0.011353410594806932,0.8039621604340416,7.024833133713788e-08,0.0,0.9481708407402039,19608,19481
pretrain,,818,0.3666893105308796,0.029224257834651678,157900.3823286578,0.606834628339134,1.1355085309836106,0.06110060279346582,1.3995575551387098,0.0,0.199778777569355,0.5898377852780479,0.7991150791446368,0.8193238943815231,0.016665685785237222,0.79911511027742,5.7387210113576024e-08,0.0,0.9775794347127279,19632,19505
pretrain,,819,0.14071300873699655,0.029165809318982373,116375.55440356111,0.7778367793231867,1.962014059320918,0.059187156591350036,1.3952124612184154,0.0,0.19760623060920768,0.5930862437401498,0.7904248908162117,0.8112575978040695,0.01958960002801483,0.7904249224368306,5.166622853621424e-08,0.0,0.9926258027553558,19656,19529
pretrain,,820,0.26274589009284166,0.02910747770034441,135638.44359252593,0.5516095577990999,1.0737518260825853,0.062390669332441494,1.3911398048512638,0.0,0.19556990242563188,0.5896999729531152,0.7822795708974203,0.8071971595287323,0.02100295439916622,0.7822796097025275,6.967179829360977e-08,0.0,0.9906579181551933,19680,19553
pretrain,,821,0.15578462927497905,0.02904926274494372,118453.18560608408,0.6234699145061454,1.3180247966602778,0.0630696093919781,1.3973867984577304,0.0,0.19869339922886523,0.5912415332027844,0.794773556292057,0.817222398519516,0.01907427500757974,0.7947735969154608,8.993915151522813e-08,0.0,0.9845453798770905,19704,19577
pretrain,,822,0.1552208111628004,0.028991164219453833,118374.12819987371,0.5146591577921756,1.246861733085209,0.0522800918427297,1.400229208526157,0.0,0.20011460426307862,0.5931441347513879,0.8004583790898323,0.8219790697097779,0.017345935902923985,0.8004584170523144,8.355293956707754e-08,0.0,0.9734856734673182,19728,19601
pretrain,,823,0.3657444475100743,0.028933181891014924,157665.1550111394,0.5977515072739523,1.3058196177078447,0.05563335579558151,1.4027362021262801,0.0,0.20136810106314015,0.5932654216885567,0.8054723814129829,0.8197414517402649,0.012572446233874905,0.8054724042525603,6.869612699060094e-08,0.0,0.9690802296002706,19752,19625
pretrain,,824,0.17854587531387367,0.028875315527232895,121735.34345354894,0.39957308181934365,0.690496187039127,0.049578113223085564,1.3978987128163378,0.0,0.19894935640816888,0.5903957486152649,0.7957973927259445,0.8057887732982636,0.007554702651145451,0.7957974256326755,5.366191974109924e-08,0.0,0.9579569175839424,19776,19649
pretrain,,825,0.27301808406515626,0.028817564896178434,137555.0035125806,0.7203741744030966,1.3965120795746133,0.06058618363914923,1.393800352478311,0.0,0.1969001762391556,0.5921657042843955,0.7876006613175074,0.8048128217458725,0.013185353135790992,0.7876007049566223,6.155598727038598e-08,0.0,0.9815550446510315,19800,19673
pretrain,,826,0.06331070551575357,0.028759929766386076,106758.98677272843,0.6262974579490278,1.3204806657169004,0.05383389473862323,1.4022559557730954,0.0,0.20112797788654765,0.5915442683867045,0.8045118972659111,0.8175746887922287,0.009754803655187744,0.8045119115461906,4.878356344809968e-08,0.0,0.9733539919058481,19824,19697
pretrain,,827,0.37177218461665906,0.0287024099068533,159177.92487265242,0.46901252609611405,1.2321428693827476,0.06202393718144747,1.3946272713974828,0.0,0.19731363569874139,0.5894461880837167,0.7892545138796171,0.8050499737262726,0.011518171723602515,0.7892545427949654,4.825137907745377e-08,0.0,0.956562360127767,19848,19721
pretrain,,828,0.08007467351594211,0.028645005087039592,108704.47537540754,0.4233190414837291,1.1533511579933504,0.05856722486509471,1.3952091607664314,0.0,0.19760458038321563,0.587007419339248,0.7904182945688566,0.8090086340904236,0.016897169299412457,0.7904183215328624,6.918396261434978e-08,0.0,0.9506436089674631,19872,19745
pretrain,,829,0.2049883684908742,0.028587715076865514,125784.32319307786,0.2780867039280233,0.7889641185415519,0.049576282069015154,1.4019523327726693,0.0,0.20097616638633467,0.5849414451846054,0.80390465259552,0.8181023240089417,0.010447233319422827,0.8039046655453387,5.6588933539103436e-08,0.0,0.9329821839928627,19896,19769
pretrain,,830,0.2047635778056871,0.028530539646711782,125748.76754772858,0.5692814291803782,1.330726139600986,0.05239148298753895,1.3996175630905092,0.0,0.19980878154525447,0.5930273703166417,0.7992351079980532,0.8147876888513566,0.011865009090438972,0.7992351261810177,5.259755103681485e-08,0.0,0.987437384823958,19920,19793
pretrain,,831,0.30777350461012143,0.028473478567418362,144461.3875169248,0.5046302951302334,1.179092132886622,0.05192734669239487,1.4009175258466886,0.0,0.2004587629233443,0.5932827091642788,0.8018350303173065,0.8255994647741318,0.014129236304643121,0.8018350516933769,5.845157870683811e-08,0.0,0.974137969315052,19944,19817
pretrain,,832,0.45262490813819967,0.028416531610283527,182690.08123820092,0.5223644859504809,1.2638298649706654,0.0586132460043657,1.394427449752887,0.0,0.19721372487644354,0.5931861400604248,0.7888548771540324,0.8148653775453567,0.015404203109333436,0.788854899505774,5.0912300745646157e-08,0.0,0.9875140811006228,19968,19841
pretrain,,833,0.07045416125140691,0.028359698547062957,107579.41763756979,0.36116349084440863,0.8678382264377144,0.050291297172014936,1.397752827255144,0.0,0.19887641362757202,0.5927784506763731,0.7955056404074033,0.8100260257720947,0.014273279063681149,0.795505654510288,5.5081077957967274e-08,0.0,0.9784803688526154,19992,19865
pretrain,,834,0.1800306821422264,0.02830297914996883,121955.78276179516,0.3931593769777053,0.712349758346582,0.05152687101450313,1.3938926581648134,0.0,0.19694632908240672,0.5928732752799988,0.7877852991223335,0.8029697626829148,0.01698127769689639,0.7877853163296268,7.326404251791392e-08,0.0,0.9950890640417734,20016,19889
pretrain,,835,0.24431894209576077,0.028246373191668894,132330.96020341443,0.5035092831078402,0.8831296152628988,0.05418867343757864,1.3941523062863521,0.0,0.19707615314317603,0.592196052627904,0.7883045996228853,0.8092414557933807,0.017183917964384066,0.7883046125727039,6.368472466045105e-08,0.0,1.0021163548032443,20040,19913
pretrain,,836,0.24560264174062463,0.028189880445285555,132556.13756486433,0.6090549597597559,1.2106892386464034,0.06053539777848854,1.399340952036991,0.0,0.19967047601849552,0.5919163237724985,0.7986818874875704,0.8176385283470153,0.013190705396736422,0.798681904073982,4.8694866046824124e-08,0.0,0.9741330395142237,20064,19937
pretrain,,837,0.046863293400867256,0.028133500684394984,104916.74416444196,0.5330832199460572,1.3011935293062646,0.05262462760999192,1.3997638875707274,0.0,0.19988194378536372,0.5933941496270043,0.7995277568697929,0.8154778212308884,0.016572129069501475,0.7995277751414549,4.683222086058573e-08,0.0,0.958646242817243,20088,19961
pretrain,,838,0.18500113963496334,0.028077233683026195,122699.55807694033,0.5382379690607774,1.1032669205483727,0.052480967598470325,1.3925235765054822,0.0,0.1962617882527411,0.592627686049257,0.7850471312801043,0.811779597401619,0.036697490173873464,0.7850471530109644,6.962744956521642e-08,0.0,1.002837096651395,20112,19985
pretrain,,839,-0.10085604915193302,0.02802107921566014,90838.39806034317,0.5567817534186145,1.3359605114996556,0.055542182452929495,1.4032691365019196,0.0,0.20163456825095985,0.5933293721505574,0.8065382465720177,0.8316087335348129,0.014610266136185112,0.8065382730038393,4.967053723881065e-08,0.0,0.9618507300813993,20136,20009
pretrain,,840,0.2622384551383261,0.027965037057228824,135545.15099963557,0.3518810685629514,0.7639963793297232,0.05736975788993907,1.3948763987670343,0.0,0.19743819938351712,0.5914173828704017,0.7897527813911438,0.8144353151321411,0.01701144430035417,0.7897527975340685,6.084640815270011e-08,0.0,0.9364961062868437,20160,20033
pretrain,,841,0.25040435744189415,0.027909106983114364,133405.2578784146,0.588896693015639,1.372992599294138,0.054660931636780506,1.4045680237357459,0.0,0.20228401186787304,0.5923901264156615,0.809136005739371,0.8230939865112304,0.010481389533996348,0.809136047471492,6.798654789141878e-08,0.0,0.9956602603197098,20184,20057
pretrain,,842,0.13625242203518062,0.027853288769148134,115774.56487417556,0.6161294108421111,1.3836299440737405,0.06140855110848781,1.3905139072753843,0.0,0.19525695363769224,0.59408850222826,0.7810278038183848,0.8050355434417724,0.02383675948882488,0.7810278145507686,5.490368322943103e-08,0.0,1.0349926799535751,20208,20081
pretrain,,843,-0.035255812632089656,0.02779758219160984,96594.4830058521,0.5765243356417485,1.2053026701370673,0.05943414132131437,1.3990835045419987,0.0,0.19954175227099943,0.5934679423059737,0.798166997730732,0.8184238493442535,0.014025176725822278,0.7981670090839975,6.457169850667317e-08,0.0,0.9971011529366175,20232,20105
pretrain,,844,0.33485293908106917,0.02774198702722662,150342.6924293185,0.4833528085403361,1.0256228615514622,0.05681144820128842,1.3980744940095715,0.0,0.19903724700478573,0.5883837400802544,0.7961489434043566,0.836233702301979,0.021136613003640517,0.7961489880191429,7.47718981175538e-08,0.0,0.9910555233558019,20256,20129
pretrain,,845,0.11727063630893542,0.027686503053172166,113285.00457020907,0.45621943850153385,0.9099231833713066,0.05559246680518964,1.4009992387145758,0.0,0.20049961935728788,0.5922757993851389,0.8019984439015388,0.8152597397565842,0.009139586665043019,0.8019984774291515,6.049161864011647e-08,0.0,0.9586719125509262,20280,20153
pretrain,,846,0.13715895240589993,0.027631130047065824,115896.20159916436,0.3746573644922735,1.0237907814057845,0.05535600155795883,1.4016968426072882,0.0,0.2008484213036441,0.5940519071051052,0.8033936495582262,0.8165501028299331,0.01409954248003358,0.8033936852145763,7.113530522036744e-08,0.0,0.9936265448729197,20304,20177
pretrain,,847,0.39786714586692407,0.02757586778697169,166076.30577470406,0.44798279830148635,1.1884988894417352,0.05811074116691293,1.405159075034871,0.0,0.20257953751743552,0.5918318458965846,0.8103181074062983,0.8280215561389923,0.011758103849560088,0.810318150069742,7.069181830650824e-08,0.0,0.9521452784538269,20328,20201
pretrain,,848,0.07742330898317773,0.027520716051397744,108392.07295578271,0.46250164729877524,1.0411694157537135,0.05966715838473486,1.3925415570625947,0.0,0.19627077853129737,0.5917661126170839,0.7850830753644308,0.8240373581647873,0.032028710348405265,0.7850831141251892,5.543586748905464e-08,0.0,0.9840660765767097,20352,20225
pretrain,,849,0.2725465815864466,0.027465674619294955,137465.84656661897,0.27231675470311506,0.6524832678327547,0.05094622704027276,1.3973763140716722,0.0,0.19868815703583617,0.5923514334218842,0.7947526151935259,0.8141436666250229,0.013159142567548946,0.7947526281433447,5.126709033224467e-08,0.0,0.9928205609321594,20376,20249
pretrain,,850,0.0608771364424453,0.02741074327005636,106482.33993705921,0.562844922493076,1.3286654932359692,0.05217102318490668,1.4011697487550832,0.0,0.20058487437754166,0.5922492848975318,0.8023394818107287,0.8262885600328446,0.013683336206465217,0.8023394975101663,5.596805184119683e-08,0.0,0.9788118551174799,20400,20273
pretrain,,851,0.13492492999613448,0.027355921783516247,115596.90420803962,0.22667967240759235,0.8905421787889493,0.05328048232726023,1.3996796029220733,0.0,0.19983980146103672,0.5908436168517386,0.799359160164992,0.8121127933263779,0.00996190077719617,0.7993592058441469,6.128989508506304e-08,0.0,0.9592057093977928,20424,20297
pretrain,,852,0.2907869734280809,0.02730120993994922,141001.35820031966,0.5000868167577693,1.2921882650900844,0.053063228238594495,1.3977952950767107,0.0,0.19889764753835545,0.5937924321208681,0.7955905770262083,0.8169124782085418,0.01592857168361583,0.7955905901534216,4.9670537294321804e-08,0.0,0.9952664424975713,20448,20321
pretrain,,853,0.34078445114035505,0.027246607520069317,151695.4510144469,0.3816366776740711,0.7523286602077328,0.04977602980747636,1.3991121024869029,0.0,0.1995560512434514,0.5928054441298758,0.7982241536180178,0.8272021323442459,0.018636608702540046,0.7982242049738054,6.377342196920803e-08,0.0,0.9858361184597015,20472,20345
pretrain,,854,0.2996505272013058,0.02719211430502918,142785.85746682447,0.5252862633901932,1.1267060962461737,0.05419332503062865,1.3997848291792685,0.0,0.19989241458963428,0.5913199750440461,0.7995696340998014,0.813947194814682,0.011713442429023767,0.7995696583585369,6.018117780041503e-08,0.0,0.9730928912758827,20496,20369
pretrain,,855,0.2420919033702712,0.02713773007641912,131942.1186350703,0.5126477549975755,0.9370522330666609,0.05102096358146474,1.4016283217462755,0.0,0.20081416087313778,0.5929704872625214,0.8032566234469414,0.8419117510318755,0.02378355076740422,0.803256643492551,6.049161865862018e-08,0.0,0.973108172416687,20520,20393
pretrain,,856,0.2718892076922249,0.027083454616266284,137341.7357034994,0.31349340518573104,0.7541847324425174,0.05200881092536718,1.4041550642633365,0.0,0.20207753213166837,0.5917499704020364,0.8083100964625677,0.8255716562271118,0.013804654205580486,0.8083101285266735,6.293079681437182e-08,0.0,0.9639522408445677,20544,20417
pretrain,,857,0.2567809825495233,0.027029287707033747,134549.8401575325,0.3061911931006254,1.0339949767671544,0.04919326161816474,1.4023291050412119,0.0,0.20116455252060575,0.5928916931152344,0.8046581918994585,0.8239460945129394,0.012500126894769356,0.804658210082423,4.000252205408709e-08,0.0,0.9728089148799578,20568,20441
pretrain,,858,0.11405303531572797,0.026975229131619684,112873.57368579885,0.4720558672030751,0.7555389983393204,0.050324727432531156,1.4024493396725684,0.0,0.20122466983628415,0.5930092962724822,0.8048986742893854,0.8186706840991974,0.011885789120640082,0.8048986793451366,6.324123767257699e-08,0.0,1.005755250652631,20592,20465
pretrain,,859,0.28812299892812676,0.026921278673356443,140473.7052179379,0.3905218460744669,0.8547251984555715,0.051173327652556354,1.4017676840137157,0.0,0.20088384200685794,0.5919558278151921,0.8035353521505991,0.8228356748819351,0.021441505695952195,0.8035353680274314,5.5258472742014675e-08,0.0,0.9632558822631836,20616,20489
pretrain,,860,0.2620120529254111,0.026867436116009728,135503.56804119045,0.6325955249892238,1.347179508950734,0.05488046062932853,1.397128942954753,0.0,0.19856447147737658,0.5930114399109567,0.794257864356041,0.812796950340271,0.013523403146648917,0.7942578859095062,5.38393144881392e-08,0.0,0.9884914606809616,20640,20513
pretrain,,861,0.22409527700438248,0.02681370124377771,128881.8034434942,0.5399058966279408,1.1487879298810832,0.0562454857058264,1.3985914569348097,0.0,0.19929572846740484,0.5929019355348177,0.797182892759641,0.8220965623855591,0.017252805657988646,0.7971829138696194,3.955903508471673e-08,0.0,0.9977298229932785,20664,20537
pretrain,,862,0.1522190280470398,0.026760073841290154,117954.99463692679,0.5772323399967779,2.0349441859266815,0.05785874870051863,1.4018100591686864,0.0,0.20090502958434323,0.5912428966590336,0.8036201099554697,0.8249592512845992,0.012815589682829785,0.8036201183373729,5.344017632117707e-08,0.0,0.9716826950510343,20688,20561
pretrain,,863,0.09430301524160156,0.026706553693607575,110412.2037313349,0.5273983820445004,0.9915289643401309,0.051224070715455795,1.396873188072017,0.0,0.19843659403600866,0.5925352509532655,0.7937463497122129,0.8155686050653458,0.016549437463974213,0.7937463761440345,5.233145892550676e-08,0.0,0.999490092198054,20712,20585
pretrain,,864,0.1626955269274204,0.02665314058622036,119430.86800078729,0.5716970504563227,1.1352450023652976,0.05382450688223759,1.4018414426550627,0.0,0.20092072132753122,0.5858171438532216,0.8036828363935152,0.8256857633590698,0.021113620029068334,0.8036828853101247,6.638999498302194e-08,0.0,0.9527753864725431,20736,20609
pretrain,,865,-0.1021845207905181,0.026599834305047917,90728.90982743721,0.49034754589997004,1.0028929783662472,0.05392623900224668,1.4024070971423672,0.0,0.20120354857118358,0.5933560079761914,0.8048141598701477,0.8195126503705978,0.011887797176628455,0.8048141942847341,6.17333821654557e-08,0.0,0.9457052871584892,20760,20633
pretrain,,866,0.3622376202687454,0.026546634636437822,156798.21070998072,0.5535021594010403,1.378468490849844,0.054078562080486066,1.40203254880561,0.0,0.20101627440280503,0.587917868580137,0.804065095881621,0.8260453104972839,0.02141826757034204,0.80406509761122,3.6410277829782935e-08,0.0,0.9513748486836752,20784,20657
pretrain,,867,0.1822994556016586,0.026493541367164947,122294.1585217842,0.4754425922260767,1.1569861158777581,0.05759933027819075,1.400542557660845,0.0,0.20027127883042253,0.5868501162954739,0.8010850995779037,0.8167372316122055,0.011176866210295464,0.8010851153216901,5.494803188380951e-08,0.0,0.926043743888537,20808,20681
pretrain,,868,0.30692393586063615,0.02644055428443062,144284.30755890594,0.518738280971219,1.353117834901708,0.05192111664747203,1.4069053443769615,0.0,0.2034526721884807,0.5930684027927262,0.8138106341163317,0.8260779023170471,0.009838338726031196,0.8138106887539228,8.05372283677978e-08,0.0,0.987433984875679,20832,20705
pretrain,,869,0.19680623621101634,0.026387673175861753,124502.95869860881,0.6419882402892869,1.1885794621844206,0.05632003657300797,1.398472388940198,0.0,0.19923619447009908,0.5914502601538385,0.7969447448849678,0.8221458703279495,0.016506176580100146,0.7969447778803961,5.960464477539063e-08,0.0,0.9598025307059288,20856,20729
pretrain,,870,0.3273993308083438,0.026334897829510033,148676.62876425893,0.3370280093333273,1.1504089792373537,0.049992649517388556,1.3887414455946,0.0,0.19437072279730014,0.5922276345746857,0.7774828523397446,0.8106940537691116,0.027556608077036693,0.7774828911892003,6.262035591915922e-08,0.0,0.9634514252344767,20880,20753
pretrain,,871,0.15327416592245446,0.026282228033851013,118101.98292691009,0.4245827697948676,0.9130295062059809,0.05349879621271527,1.4045502247421868,0.0,0.2022751123710935,0.5902246800916535,0.8091004267334938,0.818263390660286,0.0075112751684798945,0.8091004494843738,5.4149755401855515e-08,0.0,0.9495535468061765,20904,20777
pretrain,,872,0.3120633013114352,0.02622966357778331,145362.21165498675,0.48215531612908996,0.9589020833802483,0.05980419422104279,1.394076374048988,0.0,0.19703818702449402,0.5909888723066874,0.7881527170538902,0.8101154536008834,0.01669808751569351,0.7881527480979761,5.907246036773728e-08,0.0,0.9735909601052603,20928,20801
pretrain,,873,0.18110564845805688,0.026177204250627743,122115.87466894144,0.39713073458149045,0.9208679533238414,0.052901162084801216,1.3987079692694049,0.0,0.1993539846347024,0.5921935034649712,0.7974159022172292,0.8093528330326081,0.012840106314495055,0.7974159385388097,7.029268004702753e-08,0.0,0.9392746736605962,20952,20825
pretrain,,874,0.014012942925587635,0.02612484984212649,101421.20962187539,0.5106879525442767,1.1264338610277072,0.056844948069675494,1.4064088193477975,0.0,0.20320440967389874,0.587617889046669,0.8128176132837931,0.832916522026062,0.015278754121218666,0.8128176386955946,5.4061058000579955e-08,0.0,0.9431559294462204,20976,20849
pretrain,,875,0.2055129249046126,0.026072600142442236,125867.37171022428,0.4112143577408672,0.9772079515603841,0.05379065322773131,1.4037037643027446,0.0,0.2018518821513724,0.5843278132379055,0.8074074884255728,0.8253728598356247,0.011547548301852196,0.8074075286054893,6.288644814148962e-08,0.0,0.9096396962801615,21000,20873
pretrain,,876,-0.04504386053927978,0.026020454942157347,95689.76363192683,0.22322955319899362,0.4339430349811871,0.0609719340989786,1.4012851498222776,0.0,0.20064257491113882,0.5771521808845657,0.802570270995299,0.8137271583080292,0.010614080768314,0.8025702996445553,7.015963399137348e-08,0.0,0.8910776227712631,21024,20897
pretrain,,877,0.25115541666479535,0.025968414032273037,133539.0576701776,0.4329027952285404,0.8877764512067358,0.048687999984630616,1.4048966216810401,0.0,0.20244831084052017,0.5925530748707908,0.8097932388385137,0.8207759201526642,0.009935092321852135,0.8097932433620804,4.922705039896632e-08,0.0,0.9922532811760902,21048,20921
pretrain,,878,0.12460352598368618,0.02591647720420849,114233.95337794839,0.4669507078029798,1.188565674242602,0.05946781293735104,1.4000901454350068,0.0,0.20004507271750346,0.5838406575577599,0.8001802588502566,0.8156952649354935,0.015058568103920469,0.8001802908700139,7.211097646786513e-08,0.0,0.9352605491876602,21072,20945
pretrain,,879,0.1720591867640916,0.025864644249800072,120781.58052042617,0.4279593675430042,0.8813879413703383,0.05182929251880569,1.4038852046554287,0.0,0.2019426023277144,0.5889835943068777,0.8077703788876534,0.8159113019704819,0.006965671848257816,0.8077704093108574,6.430560635835765e-08,0.0,0.9374439492821693,21096,20969
pretrain,,880,-0.03337829008157844,0.025812914961300473,96769.98342214608,0.4845084449765767,1.3479098168783745,0.06123291715236203,1.4006590253584796,0.0,0.20032951267923985,0.5875131423984254,0.801318034529686,0.8214001357555389,0.01544935529002986,0.8013180507169592,6.390646809887694e-08,0.0,0.9418460528055826,21120,20993
pretrain,,881,0.21981090198832398,0.025761289131377874,128174.05453992056,0.24060115159182746,0.7185501595220911,0.05032494638295785,1.399425296112895,0.0,0.1997126480564475,0.5927607981222016,0.7988505760828654,0.8131419628858566,0.011343162965152092,0.79885059222579,5.4105406710469595e-08,0.0,0.9818965916832288,21144,21017
pretrain,,882,0.2299095926380309,0.025709766553115115,129854.88332799937,0.4204293887308763,0.821545230351515,0.05349841759538184,1.4025687048477786,0.0,0.2012843524238893,0.5924435194049562,0.8051374132434527,0.8239333391189575,0.012374050073990825,0.8051374096955571,5.3129735425964476e-08,0.0,0.9441968450943629,21168,21041
pretrain,,883,0.30567719755162237,0.025658347020008885,144025.2281033719,0.4043809336319826,1.0220269501288097,0.05794359111302228,1.3918261822046976,0.0,0.19591309110234892,0.5848728519465243,0.7836523378888766,0.8046212166547775,0.014005641294607834,0.7836523644093956,7.477189819156867e-08,0.0,0.9456947992245356,21192,21065
pretrain,,884,-0.0444423018239859,0.02560703032596887,95744.87726642504,0.5495936964467851,1.431185141997173,0.05365105765539396,1.400811051595069,0.0,0.20040552579753457,0.5906298735312052,0.801622082789739,0.8335481226444245,0.0236781244126256,0.8016221031901383,5.907246046025586e-08,0.0,0.9900184248884519,21216,21089
pretrain,,885,0.22978213119903468,0.02555581626531693,129833.39396640426,0.39842164552378745,1.1818397641730438,0.05445288932037797,1.4031013647271762,0.0,0.2015506823635882,0.5909830305193151,0.8062027047077814,0.8177213490009307,0.010203393545326803,0.8062027294543528,5.242015632678232e-08,0.0,0.940241850912571,21240,21113
pretrain,,886,0.00559374369431187,0.025504704632786295,100562.52096754631,0.4430015041094543,0.8485545542586533,0.053932748424607276,1.39972003256636,0.0,0.19986001628318006,0.5892773408974921,0.7994400685032209,0.8126644909381866,0.007998079392793393,0.7994400651327199,6.634564621762114e-08,0.0,0.9477279906471571,21264,21137
pretrain,,887,0.3839029705131637,0.025453695223520725,162312.09568287103,0.6203625326114443,1.1963498092824243,0.057145911988656005,1.4040251654306692,0.0,0.20201258271533465,0.5905903588448251,0.8080503195524216,0.8220811724662781,0.01196270180864272,0.8080503308613386,7.091356181894899e-08,0.0,0.9551014428337415,21288,21161
pretrain,,888,0.21137117569485053,0.025402787833073683,126802.36496314814,0.4023127430676072,0.9760747153181866,0.0536457535267341,1.396083268159557,0.0,0.1980416340797785,0.5926805617553847,0.7921665360530218,0.8160938113927841,0.013607939844082522,0.7921665363191138,5.108969552969356e-08,0.0,0.9717247933149338,21312,21185
pretrain,,889,0.17596725529468316,0.025351982257407535,121354.40083241001,0.532747119274677,1.153194105006368,0.05424329436182487,1.406539768202319,0.0,0.20326988410115954,0.5911613128014973,0.8130795260270437,0.8261573493480683,0.008938285867058951,0.813079536404638,5.366191977810667e-08,0.0,0.9654480566581091,21336,21209
pretrain,,890,0.12766313908908156,0.025301278292892717,114634.61476977737,0.3466930367775656,0.8456812481896446,0.04806881175188706,1.401031496757198,0.0,0.200515748378599,0.5927560382655688,0.8020629957318306,0.8223441272974015,0.012758126756183166,0.8020629935143958,5.117839289396168e-08,0.0,0.9946773648262024,21360,21233
pretrain,,891,0.13036648229627068,0.025250675736306936,114990.96799310403,0.6061069852476154,1.2152832280337318,0.0584669131057704,1.402579223692772,0.0,0.20128961184638597,0.591626828270299,0.8051584362983704,0.8157397329807281,0.01017420450796589,0.8051584473855438,4.337302276595049e-08,0.0,0.9802980571985245,21384,21257
pretrain,,892,0.11122624550844118,0.02520017438483432,112514.5735848231,0.35525563628623197,0.8148447601762799,0.049906662788717915,1.4045518867316702,0.0,0.20227594336583501,0.5921388332332884,0.8091037397583326,0.8307017892599106,0.01942076883255023,0.80910377346334,6.084640815270011e-08,0.0,0.9526632602016131,21408,21281
pretrain,,893,0.12495984712299668,0.02514977403606465,114280.47006896166,0.5696535407421898,1.237476630602037,0.0598216800340485,1.4002201573568442,0.0,0.20011007867842204,0.5893617761986596,0.800440271695455,0.8222758412361145,0.017553399015665824,0.800440314713688,7.636845104445437e-08,0.0,0.9822069903214773,21432,21305
pretrain,,894,0.11421144901490776,0.02509947448799252,112893.7599032966,0.534261588040463,1.1750550247749274,0.05288612271502754,1.3997256795299193,0.0,0.19986283976495978,0.591573063816343,0.7994513735175133,0.8103930473327636,0.00977864757136743,0.799451359059839,5.312973548147563e-08,0.0,0.9667821129163107,21456,21329
pretrain,,895,0.3153076943001999,0.025049275539016536,146051.00593001916,0.6988725444351914,1.650958337969498,0.05599264043685246,1.4060623466170261,0.0,0.20303117330851297,0.5892667126442706,0.8121246894200643,0.8331734776496887,0.010799152624980013,0.8121246932340519,4.355041749448674e-08,0.0,0.939230889081955,21480,21353
pretrain,,896,0.16748448165718532,0.024999176987938503,120117.88104449703,0.5024593673591068,0.8699076244329065,0.050619717118776865,1.4039511857997802,0.0,0.2019755928998902,0.5912409414138113,0.807902326186498,0.8211981505155563,0.008747393355033694,0.8079023715995607,6.439430364861091e-08,0.0,0.9532715678215027,21504,21377
pretrain,,897,0.1731829273603116,0.024949178633962628,120945.73674046296,0.6267093989635942,1.408631224541015,0.05481777386894021,1.4008847949582908,0.0,0.2004423974791453,0.593190672142165,0.8017695794502894,0.8192468017339707,0.01163324491410022,0.8017695899165811,6.616825150758861e-08,0.0,0.9855841174721718,21528,21401
pretrain,,898,0.19212982448880855,0.0248992802766947,123782.26481343189,0.5679917864299421,1.3225779709419851,0.0570587321759497,1.3985851440756092,0.0,0.1992925720378047,0.5866372755595616,0.797170286377271,0.8187204897403717,0.012882145032448205,0.7971702881512188,5.339582757428e-08,0.0,0.9469611446062723,21552,21425
pretrain,,899,0.2483023054202088,0.024849481716141313,133032.20260094226,0.591297687097241,1.181976414868128,0.061211789414829444,1.3947656443120824,0.0,0.1973828221560412,0.5924791832055365,0.7895312731464704,0.8158176451921463,0.030842772358884454,0.7895312886241644,5.4593242297211e-08,0.0,0.9623326833049456,21576,21449
pretrain,,900,0.2102423219746623,0.02479978275270903,126621.1178219045,0.28324629407336954,0.5248089299594568,0.047378113964666756,1.3968141052783245,0.0,0.19840705263916225,0.5923722397003854,0.7936282108227412,0.8109378159046173,0.01685219351967129,0.793628210556649,5.8628973509389226e-08,0.0,0.9753265008330345,21600,21473
pretrain,,901,0.2634538023870727,0.024750183187203612,135768.80896824942,0.4773538728774512,1.1898212883869064,0.05636911741529856,1.3964391091306296,0.0,0.1982195545653148,0.5912258699536324,0.7928781931598982,0.8122599571943283,0.014948755194483347,0.7928782182612588,4.3195627963399374e-08,0.0,0.9530368521809578,21624,21497
pretrain,,902,0.20223275008216446,0.0247006828208292,125349.8435919741,0.6342470346042771,1.2213313003509063,0.05349288230899261,1.4031665499233419,0.0,0.20158327496167097,0.5920127545084273,0.8063330724835396,0.8190743386745453,0.009438679359699782,0.8063330998466837,6.071336206003863e-08,0.0,0.9643473227818807,21648,21521
pretrain,,903,0.032710953561293055,0.024651281455187544,103381.71446081456,0.5610335245524363,1.2943065417361013,0.05480733017212625,1.3996360590681434,0.0,0.19981802953407168,0.5926276562469346,0.7992721100648245,0.8187427699565888,0.011587759030259845,0.7992721181362867,5.809678915724703e-08,0.0,0.951529803375403,21672,21545
pretrain,,904,0.1952677791393751,0.02460197889227717,124264.93858174895,0.5814775270334192,1.640884764609769,0.06317389707925579,1.4002454611694528,0.0,0.2001227305847265,0.5878800206950732,0.8004909157752991,0.8146835118532181,0.01384688825091222,0.8004909223389057,6.262035601167781e-08,0.0,0.9323808227976164,21696,21569
pretrain,,905,0.25688023472062915,0.024552774934492615,134567.8108324917,0.5203550814138761,1.2496030249719814,0.056223552488045496,1.3976417218468018,0.0,0.19882086092340093,0.5916885073695863,0.7952834144234657,0.809353443980217,0.012411171854722137,0.7952834436936037,6.687783055125962e-08,0.0,0.9700338219602903,21720,21593
pretrain,,906,0.13808908179504742,0.024503669384623627,116021.27074601129,0.5115297642478889,0.8511034614723014,0.05421290146703108,1.3975734035041005,0.0,0.1987867017520503,0.5927554262535912,0.7951467782258987,0.8182714998722076,0.017517272748401282,0.7951468070082011,6.532562626023382e-08,0.0,0.9616421858469645,21744,21617
pretrain,,907,0.11975205895642715,0.02445466204585438,113604.35547448776,0.43776550460949526,1.0645384802514748,0.05118468280445102,1.3985955090306341,0.0,0.19929775451531725,0.593943405364241,0.7971909989913305,0.8116302013397216,0.01046169417681136,0.797191018061269,7.193358170232145e-08,0.0,0.9940008769432703,21768,21641
pretrain,,908,0.21514774322157493,0.024405752721762677,127412.51507700185,0.5538764262449952,0.9469196045808215,0.05751842755033102,1.3989941197935316,0.0,0.19949705989676572,0.5904856930885996,0.7979882309834162,0.8125562012195587,0.01046156733597089,0.7979882395870629,4.585654970560663e-08,0.0,0.9765782132744789,21792,21665
pretrain,,909,0.3393426052336964,0.024356941216319147,151364.38461477196,0.5587070441034738,0.9106923427011887,0.05291019435362193,1.4013438830373897,0.0,0.2006719415186949,0.5901575716478484,0.8026877492666245,0.8155612885951996,0.010250772377382906,0.8026877660747793,5.042446506638617e-08,0.0,0.9417263592282931,21816,21689
pretrain,,910,0.15919094008785473,0.02430822733388651,118933.0666946534,0.5898811689281133,1.835811907774973,0.056364824823602895,1.4039753072318575,0.0,0.20198765361592885,0.5903576128184795,0.8079506059487661,0.8295969098806381,0.014206789310771989,0.8079506144637154,5.463759102560436e-08,0.0,0.9516684611638387,21840,21713
pretrain,,911,0.17869819735061665,0.024259610879218737,121757.92099495775,0.49758046268715356,1.1091257480379013,0.05783808336820756,1.4040673818616642,0.0,0.202033690930832,0.5906113854476384,0.8081347395976385,0.8249124020338059,0.011054674364859437,0.8081347637233279,6.279775072171034e-08,0.0,0.9253719871242841,21864,21737
pretrain,,912,0.2709234478012509,0.024211091657460302,137159.8081140039,0.5227839115977401,1.4548768923248914,0.05786889700435211,1.4034191057130336,0.0,0.201709552856517,0.5879367542053973,0.8068381647268931,0.8149850875139236,0.008442886853700109,0.8068382114260678,6.949440352806609e-08,0.0,0.9348997746904691,21888,21761
pretrain,,913,0.11364285790558104,0.024162669474145377,112821.33944755593,0.4777817916956188,1.4623837360647878,0.05634373084914069,1.4051125819706136,0.0,0.20255629098530684,0.5870742265667235,0.8102251514792442,0.828683677315712,0.009532449384299532,0.8102251639412272,4.368346360565193e-08,0.0,0.9439432000120481,21912,21785
pretrain,,914,0.18301303565258742,0.024114344135197086,122400.9737779321,0.31641843798595143,0.6272608276442155,0.05161471425405715,1.4015042693575932,0.0,0.20075213467879663,0.5892743670514651,0.8030085414648056,0.8164432555437088,0.01138619261632978,0.8030085387151865,6.882917317578101e-08,0.0,0.9252694671352705,21936,21809
pretrain,,915,0.3231227925908118,0.024066115446926693,147737.2836688644,0.6655244681381904,1.354950199855633,0.05879528756939998,1.3928079465847638,0.0,0.19640397329238204,0.5927403079611915,0.7856159011522929,0.8238955318927764,0.017975623740107426,0.785615893169528,6.882917312026986e-08,0.0,0.9947369719545046,21960,21833
pretrain,,916,0.3177626051662118,0.02401798321603284,146576.54470019595,0.48084294427577373,1.323185750216973,0.051762864260704845,1.4072341506945945,0.0,0.2036170753472973,0.5931973020945276,0.8144682869315147,0.833305811882019,0.011967814113122269,0.8144683013891889,6.040292129435206e-08,0.0,0.9815067276358604,21984,21857
pretrain,,917,-0.23319666952215412,0.023969947249600776,81090.06654935952,0.2600964464053282,0.6211580373713042,0.051699725413816865,1.39881049701944,0.0,0.19940524850971997,0.5897325852087565,0.7976209943493208,0.8180746644735336,0.02037456349604493,0.7976209940388799,5.2730597203491193e-08,0.0,0.9346541638175646,22008,21881
pretrain,,918,0.24549541544990605,0.023922007355101575,132537.29937191744,0.517282004350509,1.0524844167154888,0.06350590816538726,1.3958605672011064,0.0,0.19793028360055318,0.5916441593851363,0.7917211130261421,0.8142611503601074,0.020234054779509045,0.7917211344022127,6.90952653055928e-08,0.0,0.9549457182486852,22032,21905
pretrain,,919,0.3558846271180033,0.023874163340391368,155251.6896973987,0.48472946920239096,1.1768984935371725,0.05511534340607902,1.4022792986195,0.0,0.20113964930975012,0.5896477672670568,0.8045585428675016,0.8170564323663712,0.008301672947508316,0.8045585972390003,7.973895177482149e-08,0.0,0.9627532785137495,22056,21929
pretrain,,920,0.203923931458604,0.023826415013710585,125616.13638659458,0.5661604313554726,1.3270868876838824,0.05480795370483587,1.4025462006573521,0.0,0.20127310032867607,0.5922162511519022,0.8050923869013786,0.824568971991539,0.012584069828360722,0.8050924013147042,5.982638826932767e-08,0.0,0.953046016395092,22080,21953
pretrain,,921,-0.009454186278976096,0.023778762183683164,99063.43582428186,0.4854558830553506,1.0930035242302156,0.05525204002309885,1.3942684171987427,0.0,0.19713420859937159,0.5888726200376238,0.7885368143518766,0.8258630812168122,0.028690968143312946,0.7885368343974862,5.8540276071106234e-08,0.0,0.9441301301121712,22104,21977
pretrain,,922,0.07625734686542573,0.023731204659315802,108255.25882199535,0.5293455496969808,1.0876384846445541,0.05428841090920964,1.402330190941159,0.0,0.20116509547057962,0.5934048326952117,0.8046603873372078,0.8185108065605163,0.016550978055768495,0.8046603818823184,4.8739214701202606e-08,0.0,0.9672761435310046,22128,22001
pretrain,,923,0.22761003001954494,0.023683742249997166,129468.27883139193,0.24111749878185326,0.5811265425044491,0.04800020799617518,1.4000585428660823,0.0,0.20002927143304125,0.5830002379204546,0.8001170431574186,0.8140487611293793,0.011292303271751009,0.8001170857321647,5.978203948542316e-08,0.0,0.9278277630607287,22152,22025
pretrain,,924,-0.30229959570056697,0.023636374765497174,76787.24644478246,0.5367218518444782,1.3441246267143618,0.060790672965269826,1.3964344835174936,0.0,0.1982172417587468,0.5898396362151419,0.792868954439958,0.8118630468845367,0.013232874271237597,0.792868967034987,5.907246040474471e-08,0.0,0.9516510938604673,22176,22049
pretrain,,925,0.4291929644076252,0.02358910201596618,175190.55261156958,0.459613871711065,1.220312336310068,0.060472145227201395,1.398820446493725,0.0,0.1994102232468625,0.5887521425528186,0.7976408849159876,0.8215593039989472,0.014366206467116286,0.79764089298745,4.6122641853922154e-08,0.0,0.9588661169012388,22200,22073
pretrain,,926,0.20301778304388662,0.023541923811934245,125473.31404949856,0.37238695063223215,0.6961399201101932,0.0515381936034461,1.4044050515540654,0.0,0.20220252577703268,0.5878214921270097,0.8088100751241049,0.8199421614408493,0.007823790903866768,0.8088101031081307,4.78522408734842e-08,0.0,0.9436453183492025,22224,22097
pretrain,,927,0.15065138698334868,0.02349483996431038,117737.28533543802,0.492154275034955,0.9289541523605215,0.05002398423611457,1.3984531256414592,0.0,0.19922656282072979,0.5902739247041089,0.7969062278668085,0.8216500639915466,0.014458359284468349,0.7969062512829188,5.995943428797428e-08,0.0,0.9392687156796455,22248,22121
pretrain,,928,0.1378497570144781,0.023447850284381757,115989.06433490306,0.4251341526398282,1.0200473011985254,0.05418342133391461,1.4053727525419422,0.0,0.20268637627097116,0.5907842490289892,0.8107454776763916,0.8272522687911987,0.009344987672224135,0.8107455050838844,6.732131759464484e-08,0.0,0.9582968726754189,22272,22145
pretrain,,929,0.38244435228121165,0.023400954583812996,161928.72718336186,0.4271987505079582,1.0719628341732137,0.05130901172947341,1.4005854780608342,0.0,0.20029273903041725,0.5927244988935334,0.8011709377169609,0.8213087856769562,0.01441681957032103,0.8011709561216689,4.394955579097489e-08,0.0,0.9735625435908636,22296,22169
pretrain,,930,0.2784130331580792,0.02335415267464537,138583.4342846538,0.4225765308391631,0.8078485175455795,0.05123194754873425,1.395931102335453,0.0,0.19796555116772654,0.5905224499957902,0.7918621748685837,0.808495557308197,0.011943093915798016,0.791862204670906,5.339582761128744e-08,0.0,0.9569632311662039,22320,22193
pretrain,,931,0.15747553353767463,0.02330744436929608,118690.91519667058,0.47046379876367417,0.9088356771109165,0.050225898432961026,1.4036818252255518,0.0,0.20184091261277595,0.5931144314152854,0.8073635945717493,0.8254297971725464,0.012789692542878022,0.8073636504511038,6.758740965044178e-08,0.0,0.971918873488903,22344,22217
pretrain,,932,0.18199939763617656,0.023260829480557483,122249.29873037287,0.512847223101797,0.8881777297933939,0.054116419899565116,1.4026845055632293,0.0,0.20134225278161466,0.5887662002018519,0.8053689921895663,0.8255158066749573,0.012120737882762665,0.8053690111264586,6.843003484228542e-08,0.0,0.9460303112864494,22368,22241
pretrain,,933,-0.1010798205831771,0.02321430782159637,90819.93705691192,0.7714023059123275,1.9312028469364884,0.05953654652035312,1.3978874483811004,0.0,0.1989437241905502,0.59070127297725,0.795774887005488,0.814997774362564,0.01669079873664571,0.7957748967622007,5.676632834165455e-08,0.0,0.9849846437573433,22392,22265
pretrain,,934,0.26193252124201283,0.023167879205953177,135488.966629825,0.5656760851559963,1.153212789873194,0.05816935927352864,1.4019913296436979,0.0,0.20099566482184902,0.5915908707039697,0.8039826477567354,0.8349955677986145,0.016090468468903957,0.8039826592873958,5.0734905998606195e-08,0.0,0.9430258572101593,22416,22289
pretrain,,935,0.174184595572637,0.023121543447541273,121092.43720071074,0.45968786397838607,0.9019851091365816,0.05124752663905737,1.4018655990117361,0.0,0.20093279950586815,0.5922657240714346,0.8037311683098475,0.8131123811006546,0.007878567076804722,0.8037311980234726,4.3284325327667496e-08,0.0,0.9464301740129789,22440,22313
pretrain,,936,0.18031186790288734,0.02307530036064619,121997.61846515608,0.5484894817957783,1.3207355337702265,0.055214687851961576,1.4021200633474757,0.0,0.20106003167373795,0.5865080787667206,0.8042400951186816,0.8176452040672302,0.010918673431848965,0.8042401266949518,5.144448507928464e-08,0.0,0.9277069245775541,22464,22337
pretrain,,937,0.19435112305631896,0.023029149759924896,124123.55166354997,0.596081921821586,1.373449982119619,0.05397025287422771,1.3902858563787526,0.0,0.19514292818937629,0.591271763401372,0.7805716792742411,0.8122324198484421,0.03074118595863135,0.780571712757505,5.893941442310554e-08,0.0,0.9593288352092108,22488,22361
pretrain,,938,-0.23566764503545623,0.022983091460405045,80927.91002642996,0.49297498467083356,1.3477603371487237,0.05239078295861251,1.3989093321863386,0.0,0.19945466609316923,0.591002032160759,0.7978186334172884,0.8133880347013474,0.012688410917957941,0.7978186643726768,5.4282801476013276e-08,0.0,0.9511929899454117,22512,22385
pretrain,,939,0.1658162847325192,0.022937125277484236,119877.66983431825,0.3894098180285947,0.9325024346825075,0.05208058053306298,1.4013826460355805,0.0,0.20069132301779025,0.5899317344384534,0.8027652725577354,0.8131288975477219,0.00935200456538488,0.8027652920711607,6.244296126463784e-08,0.0,0.9514861429731051,22536,22409
pretrain,,940,0.3001099292285726,0.02289125102692927,142879.5809172986,0.45885477182875034,0.7476532050101748,0.050240909558817604,1.3978180895071652,0.0,0.19890904475358273,0.590186947690589,0.7956361944476763,0.8154062628746033,0.011324531039010707,0.7956361790143308,5.144448502377349e-08,0.0,0.9522006412347158,22560,22433
pretrain,,941,0.35590520692650607,0.022845468524875408,155256.65022506955,0.5139179655893124,1.3874349539433295,0.05522537897821325,1.4013198779319367,0.0,0.20065993896596845,0.5925111195870808,0.8026397551099459,0.8156156688928604,0.012403337078296675,0.8026397558638737,3.8805107275644936e-08,0.0,0.9416881650686264,22584,22457
pretrain,,942,0.3117352175465731,0.02279977758782566,145292.92003512723,0.47189243270558584,0.7840885376758456,0.052623083924071556,1.3929939289754703,0.0,0.19649696448773502,0.5914423891476221,0.7859878341356913,0.8106459021568299,0.020586827038874742,0.7859878579509401,5.867332218227143e-08,0.0,0.9581290557980537,22608,22481
pretrain,,943,0.07537753455331231,0.022754178032650008,108152.24995824616,0.46300514991985003,1.1086193383228184,0.05460084389858542,1.4000894334167242,0.0,0.2000447167083621,0.5871359689959458,0.8001788581411043,0.8109619140625,0.011015203134748937,0.8001788668334484,6.89178705030417e-08,0.0,0.9309391776720682,22632,22505
pretrain,,944,0.34384241011340544,0.022708669676584706,152402.41298936016,0.5507457360420124,1.3729373272879322,0.0676556170491936,1.39599248873336,0.0,0.19799624436667987,0.5926700873034341,0.7919849505027136,0.8103983402252197,0.016095458915788414,0.7919849774667195,4.2219956715901695e-08,0.0,0.9843993932008743,22656,22529
pretrain,,945,0.19580322851151555,0.022663252337231536,124347.67652064857,0.421489366097473,0.843306666746763,0.05270874035371766,1.3986585687491155,0.0,0.19932928437455785,0.5907364950648375,0.7973170677820841,0.809928348660469,0.009216652018210241,0.7973171374982311,8.142420215850876e-08,0.0,0.9583052719632784,22680,22553
pretrain,,946,0.08830925028299974,0.022617925832557072,109686.31636444836,0.42801928725355615,0.8421115609632731,0.05142777642264429,1.4002487738173277,0.0,0.20012438690866388,0.5935810825654438,0.8004975120226542,0.8139952719211578,0.010701449483049215,0.8004975476346554,5.698807181708787e-08,0.0,0.9747965410351753,22704,22577
pretrain,,947,0.15614795987399732,0.022572689980891958,118504.18704334488,0.4420409989989838,1.1121939185959968,0.053312250918718385,1.4048664492244523,0.0,0.2024332246122261,0.5928497282522065,0.8097328891356786,0.8215581327676773,0.011121662021293211,0.8097328984489044,5.685502568741896e-08,0.0,0.9642962192495664,22728,22601
pretrain,,948,0.24397367030373007,0.022527544600930174,132270.52560480867,0.4327369583358669,0.7992885573625955,0.054105971795019615,1.4052550486022872,0.0,0.20262752430114364,0.5907612283314978,0.8105100840330124,0.8230236738920211,0.007363499843874201,0.8105100972045746,4.7586148743672396e-08,0.0,0.9318736890951792,22752,22625
pretrain,,949,0.10710482462464188,0.022482489511728317,111995.22940412538,0.4373753489488776,1.018986762408727,0.05381009420281127,1.3980304216522546,0.0,0.1990152108261273,0.5936875801001276,0.7960608179370562,0.8083181083202362,0.007505104507615787,0.7960608433045092,6.439430374112949e-08,0.0,0.9654371018211046,22776,22649
pretrain,,950,0.1898280092181589,0.02243752453270486,123430.58157749554,0.3832522556265141,0.6073152992899802,0.05192812139948855,1.4020501935765857,0.0,0.20102509678829286,0.5922037831374577,0.80410036444664,0.8182037949562073,0.01176464622015868,0.8041003871531712,5.330713021001188e-08,0.0,0.9421532352765402,22800,22673
pretrain,,951,0.16664459055397707,0.02239264948363945,119996.82112398537,0.7799551486883728,1.6274927751182384,0.057215709168112694,1.4028240454471892,0.0,0.20141202272359462,0.5929257231099265,0.8056480710705122,0.8204511880874633,0.010868140598965171,0.8056480908943785,5.796374310159299e-08,0.0,0.9579240009188652,22824,22697
pretrain,,952,0.07800894002806147,0.022347864184672172,108460.92152243166,0.49222941965486355,1.3940736577125263,0.055736928584193546,1.3985610320454551,0.0,0.19928051602272764,0.5920463715280806,0.7971220165491104,0.8137577116489411,0.024274494540694958,0.7971220640909104,6.528127760585534e-08,0.0,0.973625898361206,22848,22721
pretrain,,953,0.20855415793416598,0.022303168456302827,126351.03336822105,0.480102945440622,1.3049034082756248,0.05150639641173924,1.401265320235065,0.0,0.20063266011753256,0.5918034176741327,0.8025305916865667,0.8170679658651352,0.01130604057947976,0.8025306404701301,8.177899178211472e-08,0.0,0.9684577931960424,22872,22745
pretrain,,954,0.2739080447184593,0.022258562119390223,137723.6027373767,0.49485500305831226,1.3580092771355103,0.05169126023849882,1.391928916486601,0.0,0.19596445824330053,0.5932283390845572,0.7838578174511591,0.8064928680658341,0.02288538117583466,0.7838578329732019,6.217686904230746e-08,0.0,0.9991945996880531,22896,22769
pretrain,,955,0.2608607839918461,0.02221404499515144,135292.5103068768,0.6283249283874969,1.292455247403436,0.056766234187612306,1.405330220148677,0.0,0.2026651100743385,0.5918818637728691,0.8106604491670927,0.8259885489940644,0.014305638186051425,0.810660440297354,5.2863643277648954e-08,0.0,0.949059396982193,22920,22793
pretrain,,956,0.142886629845819,0.022169616905161137,116670.68031153404,0.47627146611931775,1.0550919186546672,0.05452471498406177,1.402927908048566,0.0,0.20146395402428297,0.589760070932763,0.8058557932575544,0.8184755474328995,0.009584202004757188,0.8058558160971317,5.672197963176492e-08,0.0,0.9333956092596054,22944,22817
pretrain,,957,0.26929193676416774,0.022125277671350814,136853.56030856541,0.681740864646,1.7024107567815205,0.05877739555257342,1.4000021667175346,0.0,0.2000010833587675,0.5934696782912527,0.8000043332576752,0.8164915561676025,0.0151778364089952,0.8000043334350698,4.984793217088779e-08,0.0,0.9576854978998502,22968,22841
pretrain,,958,0.11791686730012985,0.022081027116008112,113367.99933348813,0.6891972938289143,1.3056671109725981,0.06183657986323917,1.3918253101985016,0.0,0.1959126550992507,0.5874043128320149,0.7836505820353826,0.809669429063797,0.0222782461919984,0.7836506203970028,5.601240055108647e-08,0.0,0.9662234832843145,22992,22865
pretrain,,959,0.034257037904437015,0.022036865061776097,103547.22107734576,0.47304165386706504,1.1164296451614726,0.05077146786634625,1.4018800702788645,0.0,0.2009400351394323,0.5923001297882624,0.8037600989143053,0.8150405257940292,0.009233110639613957,0.803760140557729,7.020398262724825e-08,0.0,0.9510843728979429,23016,22889
pretrain,,960,0.27180298900840383,0.021992791331652543,137325.47441224536,0.6109258948056797,1.0359337446955739,0.05571205156381392,1.4038585005771544,0.0,0.2019292502885773,0.5900373554655484,0.8077169780929884,0.81838299036026,0.007695144207635668,0.8077170011543092,6.856308100896176e-08,0.0,0.9425946300228437,23040,22913
pretrain,,961,0.21088963291092577,0.021948805748989237,126724.98571890143,0.6842597843498447,1.4996440561349897,0.06277196580131832,1.4002951754124036,0.0,0.20014758770620186,0.5916282534599304,0.8005903288722038,0.8171525120735168,0.013332980990902498,0.8005903508248072,6.656738973006189e-08,0.0,0.951860174536705,23064,22937
pretrain,,962,0.13755604047981007,0.02190490813749126,115949.56274681751,0.4091082692145851,0.9461745044275377,0.05274658712480779,1.4036078144840543,0.0,0.2018039072420271,0.5907728650740214,0.8072156012058258,0.8204418599605561,0.01073352028303875,0.8072156289681082,5.774199960765595e-08,0.0,0.9298194895188013,23088,22961
pretrain,,963,0.19678785032753998,0.021861098321216278,124500.10877048953,0.5222148376114865,0.9930550887312087,0.06067533192711846,1.3983947012484783,0.0,0.19919735062423918,0.5915656547461237,0.7967893754442533,0.8230364680290222,0.023742189723295934,0.7967894024969566,8.044853089250736e-08,0.0,0.9767187808950742,23112,22985
pretrain,,964,0.2281018147453,0.021817376124573844,129550.76447938976,0.6507672342569241,1.1683906033852638,0.06176426128421228,1.3970841221467014,0.0,0.1985420610733508,0.588607725820371,0.7941682189702988,0.8222787261009216,0.017195339497934618,0.7941682442934029,4.598959570574953e-08,0.0,0.9535433103640875,23136,23009
pretrain,,965,0.4193176751581029,0.021773741372324695,172211.20003476445,0.6995846716288243,1.7280244969490492,0.06478830582874633,1.4030143063338028,0.0,0.2015071531669015,0.589986143367631,0.8060285796721777,0.8332911998033523,0.020909719110945597,0.806028612667606,6.634564621762114e-08,0.0,0.9390997464458147,23160,23033
pretrain,,966,0.1973749450313529,0.02173019388958005,124591.17664088658,0.5627525545235899,0.9862313736758559,0.05469385391593077,1.3977847994926076,0.0,0.1988923997463038,0.5902865481163775,0.7955695614218712,0.809905606508255,0.01647020424024567,0.7955695989852151,6.612390277919526e-08,0.0,0.9590470492839813,23184,23057
pretrain,,967,0.20615047323810565,0.02168673350180089,125968.45702975875,0.6590131590347458,1.379300468759914,0.06092748069598727,1.3970451516187972,0.0,0.1985225758093986,0.5918167818869864,0.7940903007984161,0.8246480464935303,0.016332295092948475,0.7940903032375942,5.2641899876230504e-08,0.0,0.9435611541072527,23208,23081
pretrain,,968,0.10227285888992821,0.021643360034797283,111392.42139470844,0.42566948233843166,0.901019268844544,0.052157429842727844,1.4005765483625943,0.0,0.20028827418129716,0.5929352002484458,0.8011530712246895,0.8173707485198974,0.010911156926696631,0.8011530967251885,4.802963567603532e-08,0.0,0.9636262605587641,23232,23105
pretrain,,969,0.017354126718013174,0.02160007331472769,101766.06112027432,0.41037050820668713,1.359689847292809,0.05222146550105564,1.4030419182741927,0.0,0.2015209591370963,0.593261721943106,0.8060838083426157,0.8179635435342789,0.008485771511223145,0.806083836548385,5.321843273472145e-08,0.0,0.9551430816451708,23256,23129
pretrain,,970,0.20220751411165128,0.021556873168098234,125345.87849451746,0.5650761591643083,1.3323038005447065,0.05599358659013226,1.4018062337612112,0.0,0.2009031168806056,0.5924087784120015,0.8036124557256699,0.8106596291065216,0.007241312308397422,0.8036124675224224,4.7453102614003484e-08,0.0,0.9497769450147947,23280,23153
pretrain,,971,0.3801194112446482,0.02151375942176204,161321.39288437532,0.5197131313678881,1.0447310742451357,0.05952959115939396,1.4001059478503608,0.0,0.2000529739251804,0.5921928797449385,0.8002118865648905,0.8168925851583481,0.011127091219014498,0.8002118957007215,5.8274184033813015e-08,0.0,0.9424706697463989,23304,23177
pretrain,,972,0.26217792098938375,0.021470731902918518,135534.03028287683,0.47879049430501314,1.2281021734247917,0.05809551799032176,1.3990146117506637,0.0,0.19950730587533191,0.5916606741292136,0.7980292017261187,0.8189662963151931,0.013850471661953436,0.7980292235013277,5.55689136742347e-08,0.0,0.9741505508621534,23328,23201
pretrain,,973,0.20070642374180203,0.021427790439112675,125110.47626347584,0.44713834127493185,0.8853940092829724,0.05268502318366458,1.3993591454678347,0.0,0.19967957273391743,0.5888957971973079,0.7987182686726252,0.8181038975715638,0.011056133025300218,0.7987182909356694,5.561326234711691e-08,0.0,0.9607257296641668,23352,23225
pretrain,,974,0.060132911581184834,0.021384934858234454,106398.02290367986,0.45834606863713606,1.6907215515396548,0.052709024048936126,1.3991485855187333,0.0,0.19957429275936667,0.5939287032399858,0.798297164340814,0.8144685745239257,0.014644453576071555,0.7982971710374667,6.089075689959718e-08,0.0,0.9519723529616991,23376,23249
pretrain,,975,0.1442350358845963,0.021342164988517983,116854.51519199442,0.5745247963092369,1.1692142412445672,0.054347982884280076,1.4036445425202448,0.0,0.20182227126012245,0.5895917415618896,0.8072890614469846,0.8256500333547592,0.009736385002285457,0.8072890850404897,6.705522539081817e-08,0.0,0.9692943493525187,23400,23273
pretrain,,976,0.44614162713064587,0.021299480658540947,180551.57220416042,0.6929133252116598,1.3097934737517367,0.0685524163676337,1.3912764555508534,0.0,0.19563822777542686,0.5906460317117828,0.7825528780619303,0.8001051753759384,0.011003781354586474,0.7825529111017074,6.026987520169058e-08,0.0,0.9614763334393501,23424,23297
pretrain,,977,0.21868208200561534,0.021256881697223864,127988.87328310151,0.591061891056552,1.081695958479485,0.055456452869742455,1.395433798742791,0.0,0.1977168993713955,0.5938578237380301,0.7908675968647003,0.8070823967456817,0.014071126526680076,0.790867597485582,5.383931450664292e-08,0.0,0.980927124619484,23448,23321
pretrain,,978,0.2796098345918311,0.021214367933829418,138813.66626283768,0.49379660511770657,1.3772985356252547,0.05284004478034088,1.4035748029571202,0.0,0.20178740147856022,0.5942254300628389,0.8071496138970057,0.8231978595256806,0.012997640635988666,0.8071496059142408,6.120119777630606e-08,0.0,0.9560169503092766,23472,23345
pretrain,,979,-0.010445860501297588,0.02117193919796176,98966.21274729997,0.5953151126596771,1.12778234055943,0.05596178651268116,1.4044547306728503,0.0,0.20222736533642527,0.5941486230918339,0.8089094286163648,0.8262016981840133,0.0113685511909732,0.808909461345701,5.7475907477844146e-08,0.0,0.9433573683102926,23496,23369
pretrain,,980,0.3313156085429305,0.021129595319565837,149547.38181057145,0.6774446554459694,1.3764699892830667,0.06494270946936072,1.395887569923486,0.0,0.197943784961743,0.5935354286006518,0.791775124768416,0.8186054974794388,0.020970934410881763,0.791775139846972,6.687783064377821e-08,0.0,0.9726275155941645,23520,23393
pretrain,,981,-0.057708960463853876,0.021087336128926704,94543.96600379125,0.6953043669081115,1.2687459900801015,0.05993460429623824,1.4042827891230225,0.0,0.20214139456151145,0.5909448808857373,0.8085655495524406,0.8214274823665619,0.0072712875023053765,0.8085655782460456,6.124554643068454e-08,0.0,0.9488076617320379,23544,23417
pretrain,,982,0.29331430393332814,0.021045161456668852,141505.62344276678,0.5946784696462771,1.32554032985254,0.0655133878823294,1.3976866808232096,0.0,0.19884334041160487,0.5887486934661865,0.7953733429312706,0.8189354866743088,0.024598564229278364,0.7953733616464195,5.472628835286505e-08,0.0,0.9356716324885687,23568,23441
pretrain,,983,0.18037271048942682,0.021003071133755512,122006.67459439197,0.5954123435066064,1.2686194077651654,0.05412098724233518,1.40216551129041,0.0,0.20108275564520486,0.5923699598227228,0.8043310170372328,0.8235885620117187,0.012439599078967484,0.8043310225808193,4.7852240854980486e-08,0.0,0.9735537047187487,23592,23465
pretrain,,984,0.17201272530580158,0.020961064991488004,120774.80301485688,0.5764652437839487,1.5255673839765471,0.06749435350945765,1.3947644560553492,0.0,0.19738222802767444,0.5908108364258493,0.7895289113124212,0.8167154401540756,0.020178444641372688,0.7895289121106975,5.774199962615967e-08,0.0,0.961107574403286,23616,23489
pretrain,,985,0.20530732816690478,0.020919142861505025,125834.8082779382,0.35622627437921434,0.8136175172463309,0.05364853607870727,1.4042160216763258,0.0,0.20210801083816307,0.5870695779366153,0.8084320177634557,0.8190908461809159,0.007106087461223396,0.8084320433526521,5.964899344827283e-08,0.0,0.9300079941749573,23640,23513
pretrain,,986,0.08500206323265858,0.020877304575782015,109289.86392395246,0.538023336000458,1.1898113243687074,0.05228817255063082,1.398532668838189,0.0,0.1992663344190944,0.5924219584890774,0.7970653225978216,0.81326744556427,0.014656675268317466,0.7970653376763774,6.91839626328535e-08,0.0,0.9669600874185562,23664,23537
pretrain,,987,0.053729485147875455,0.02083554996663045,105678.02592435968,0.4796529555635258,1.2581267898348731,0.05092337096443761,1.3993411829384665,0.0,0.19967059146923324,0.5935693926044873,0.7986823295553526,0.8111075967550277,0.013110355167989746,0.798682365876933,6.239861248073335e-08,0.0,0.9665963600079218,23688,23561
pretrain,,988,0.17705617170349108,0.02079387886669719,121514.97655313811,0.6911278743595771,1.2866043369835682,0.05884770232215438,1.3997076400999156,0.0,0.1998538200499579,0.5937153026461601,0.7994152555863062,0.826207184791565,0.017862274169080063,0.7994152801998314,4.590089826746654e-08,0.0,0.9766512761513392,23712,23585
pretrain,,989,0.19284392846569687,0.0207522911089638,123891.77697680258,0.6313789766755945,1.5265596055423087,0.06222003352135335,1.4013957843140121,0.0,0.20069789215700615,0.5872263418776649,0.8027915259202322,0.8167203485965728,0.013058946036363692,0.8027915686280244,7.384057545041974e-08,0.0,0.9281241918603579,23736,23609
pretrain,,990,0.15058318647896407,0.02071078652674587,117727.83209397053,0.343801947538362,0.6218128382683068,0.05208095481250835,1.396616504372408,0.0,0.198308252186204,0.5929356887936592,0.7932330121596655,0.809401535987854,0.015406097832071617,0.793233008744816,4.4481740069102216e-08,0.0,0.9414416452248892,23760,23633
pretrain,,991,0.07074613943738095,0.020669364953692378,107613.21985733235,0.4875319108334426,1.103058655884382,0.06029787551673072,1.396400037376831,0.0,0.1982000186884155,0.5905913141156947,0.7928000589211782,0.8137751221656799,0.0218982679281088,0.792800074753662,4.368346360565193e-08,0.0,0.9282034014662107,23784,23657
pretrain,,992,0.26545645167839926,0.020628026223784995,136138.96715653624,0.3528891466671307,0.9784639865993763,0.05137240662374835,1.3998572938587692,0.0,0.19992864692938472,0.5938423861350333,0.7997145826617876,0.8178961127996445,0.017584031173091253,0.7997145877175386,6.803089661981214e-08,0.0,0.9899916872382164,23808,23681
pretrain,,993,0.20814912023598908,0.02058677017133742,126286.40386154804,0.4396628137137764,1.1511388320230904,0.0564918498652382,1.4015024440983932,0.0,0.20075122204919657,0.5931754090956278,0.8030048708120981,0.8139710783958435,0.007709104144315511,0.8030048881967861,6.687783056976333e-08,0.0,0.9577260091900826,23832,23705
pretrain,,994,0.25887565310593297,0.02054559663099475,134930.12396514014,0.6222200519578943,1.41934752347691,0.06088590339986897,1.4035631423993482,0.0,0.201781571199674,0.5892389549740723,0.8071262364586195,0.8243152171373367,0.010168455746293386,0.8071262847986959,7.246576605446364e-08,0.0,0.9528045281767845,23856,23729
pretrain,,995,0.11997100931909366,0.02050450543773276,113632.62012837421,0.6528626541740589,1.4172421655690377,0.055837314579287624,1.4004886278527833,0.0,0.20024431392639166,0.5904809172664369,0.8009772400061289,0.8180313974618911,0.020277995753216083,0.8009772557055665,6.687783051425218e-08,0.0,0.9398161917924881,23880,23753
pretrain,,996,0.167919808551227,0.020463496426857294,120180.72419905275,0.6564191449357277,1.2360900005714826,0.06117011002543262,1.3955948438850185,0.0,0.19779742194250938,0.5907902078969138,0.7911896655956904,0.8036191284656524,0.010754426277306878,0.7911896877700374,5.8362881379577423e-08,0.0,0.9564447700977325,23904,23777
pretrain,,997,0.2426340591875069,0.020422569434003578,132036.56860080242,0.46213595376807676,0.8638701353561726,0.050265929726061816,1.4011054509984593,0.0,0.20055272549922976,0.5947437137365341,0.802210862437884,0.8231319934129715,0.015403384559293892,0.802210901996919,7.078051567077637e-08,0.0,0.9930216471354166,23928,23801
pretrain,,998,0.10629822280920831,0.02038172429513557,111894.14920303054,0.40005245263109585,1.1189778755818804,0.05263709433165455,1.4021157334514314,0.0,0.20105786672571588,0.5922095285994666,0.8042314400275549,0.8192202657461166,0.010221784269083418,0.8042314669028633,6.998223909630379e-08,0.0,0.9547409489750862,23952,23825
pretrain,,999,0.008148042669054445,0.020340960846545297,100821.49786657483,0.36152910600377997,0.7748335634222274,0.05039629891274681,1.396265789910796,0.0,0.19813289495539807,0.590239885130099,0.7925315648317337,0.8096421182155609,0.012989977337434448,0.7925315798215923,6.324123761706583e-08,0.0,0.933344175418218,23976,23849
pretrain,,1000,0.08878307442717648,0.02030027892485221,109743.35220687042,0.4800426128290141,0.9700786695435438,0.058892553336511534,1.4034929828097422,0.0,0.20174649140487114,0.5918490929262978,0.8069859445095062,0.8178461790084839,0.00892876211787394,0.8069859656194845,5.8540276089609953e-08,0.0,0.9366147195299467,24000,23873
finetune_selection,1,1,0.12214311728709959,0.05,113913.78477430542,0.4493072346369744,0.950068099846234,0.055390119685494434,1.403105272468002,0.0,0.20155263623400108,0.5938480507050241,0.8062105476856232,0.8320715487003326,0.016931442017265867,0.8062105449360041,5.2065366758687524e-08,0.0,0.9694525251785914,24024,23873
finetune_selection,1,2,0.2369522974561279,0.04975,131053.40552971576,0.48368481628991483,0.9633732868390635,0.05332774170690837,1.3991180337255908,0.0,0.1995590168627955,0.5933196693658829,0.7982360571622849,0.821140307188034,0.01596395879808297,0.7982360674511817,5.871767087365735e-08,0.0,0.9556078265110651,24048,23873
finetune_selection,1,3,0.17754728019692045,0.049501250000000004,121587.5363922963,0.5422257786898056,1.2497192040565712,0.053233778519159065,1.403146896422619,0.0,0.20157344821130949,0.5945742119635855,0.8062937408685684,0.8243327796459198,0.011490742807452046,0.8062937928452376,6.829698871261651e-08,0.0,0.9699133709073067,24072,23882
finetune_selection,1,4,0.2323661574792314,0.04925374375,130270.44205296936,0.4657978848127489,0.9016564049717335,0.05358869002509784,1.3950051427597092,0.0,0.1975025713798546,0.5929351459656442,0.7900102511048317,0.8104218930006027,0.014945286600668071,0.7900102855194181,5.0557511214558794e-08,0.0,0.9546512936552366,24096,23906
finetune_selection,1,5,0.3317190684539819,0.04900747503125,149637.66775247868,0.5157319807472623,1.0584052332562808,0.052987357325421446,1.3943811931780405,0.0,0.1971905965890203,0.5934891668813569,0.7887623781959215,0.8201999485492706,0.022766189086862267,0.7887623863560812,3.5301560434112624e-08,0.0,0.9696292753020922,24120,23930
finetune_selection,1,6,0.06992513005558298,0.048762437656093754,107518.22593161363,0.4189504489333453,1.1473128732454987,0.05547908485394515,1.400269944398176,0.0,0.20013497219908807,0.5919901856354304,0.800539863606294,0.8283660680055618,0.020797456236348627,0.8005398887963521,5.5347170124786516e-08,0.0,0.9488848174611727,24144,23954
finetune_selection,1,7,0.21172924745699995,0.048518625467813284,126859.96490088603,0.5549169334860826,1.14464585077396,0.05187724240366751,1.4000290357286023,0.0,0.20001451786430113,0.5924684373395783,0.8000580544273058,0.8286414831876755,0.016945582103530556,0.8000580714572042,6.474909323520943e-08,0.0,0.9446176886558533,24168,23978
finetune_selection,1,8,0.21663651428711217,0.048276032340474215,127654.66073389487,0.4465419078030686,1.1211992882478508,0.05523515662978882,1.4000549762110623,0.0,0.20002748810553128,0.59174787572452,0.8001099353035291,0.8279074907302856,0.022879851576183222,0.8001099524221248,8.098071530016071e-08,0.0,0.9546342839797338,24192,24002
finetune_selection,1,9,0.16573740099666423,0.04803465217877184,119866.33479610196,0.40397013493588013,0.8458521068083746,0.051339528625946734,1.3996753818133758,0.0,0.1998376909066879,0.5912941523960658,0.7993507633606592,0.8308524936437607,0.028845163900111905,0.7993507636267515,5.774199960765595e-08,0.0,0.9608893841505051,24216,24026
finetune_selection,1,10,0.17569189290279374,0.04779447891787798,121313.86206081258,0.5217397652882857,1.2343169079413296,0.05292574540621803,1.3992593649420002,0.0,0.19962968247100008,0.5893831237086228,0.7985186949372292,0.8282608479261399,0.02783843748947487,0.798518729884,4.7719194780822725e-08,0.0,0.9544738158583641,24240,24050
finetune_selection,1,11,0.22812222146667227,0.0475555065232886,129554.18951173012,0.6377115752489404,1.2770222458820546,0.05597946366582265,1.4022210858584867,0.0,0.20111054292924346,0.5922424367495945,0.8044421896338463,0.826325386762619,0.01445562119191913,0.8044421717169739,6.191077693099938e-08,0.0,0.9492522676785787,24264,24074
finetune_selection,1,12,0.15474284282675066,0.04731772899067215,118307.19107357213,0.565411707874476,1.251759037594595,0.05260187496167809,1.3956102638372354,0.0,0.19780513191861768,0.5889558733573981,0.7912205184499422,0.8128805756568909,0.02046681234028509,0.7912205276744707,5.90724604972633e-08,0.0,0.9563938130935034,24288,24098
finetune_selection,1,13,0.10694944206159951,0.04708114034571879,111975.74326681923,0.5744191659431179,1.3082340730313728,0.053294376584239155,1.3972069478726812,0.0,0.19860347393634062,0.5897449286920684,0.7944138695796331,0.8186881810426712,0.02380877242701738,0.7944138957453625,5.4194104074737716e-08,0.0,0.9584656283259392,24312,24122
finetune_selection,1,14,0.3746940167209105,0.046845734643990194,159921.70661090178,0.7534223537134251,1.5646630870056797,0.05879038022987778,1.397025400861388,0.0,0.1985127004306941,0.5915557805980955,0.7940507804354032,0.8206954807043075,0.024119354534386735,0.7940508017227762,5.765330222488411e-08,0.0,0.9288777485489845,24336,24146
finetune_selection,1,15,0.33810170819115015,0.046611505970770246,151080.6134983637,0.6688908283155667,1.6139875437405389,0.05926813412925969,1.3951403577368529,0.0,0.19757017886842645,0.5906690832759653,0.7902807022134463,0.8098036646842957,0.020579964785023316,0.7902807154737057,5.237580772791498e-08,0.0,0.9208221063017845,24360,24170
finetune_selection,1,16,0.2019105347192074,0.046378448440916396,125299.23567505919,0.39813814453534907,0.8714948813744557,0.05178342611232559,1.4048565681580278,0.0,0.20242828407901384,0.5868774024503571,0.8097131128112475,0.8198154747486115,0.007811028897217882,0.8097131363160553,6.572476444569968e-08,0.0,0.9130611171325048,24384,24194
finetune_selection,1,17,0.21069575895271353,0.04614655619871181,126693.85871703316,0.563571225788141,1.1357497202575062,0.053725290687827575,1.3987652810645244,0.0,0.1993826405322623,0.5923563720924514,0.7975305492679278,0.8243382036685943,0.016107771628027623,0.797530562129049,6.199947427676378e-08,0.0,0.9405849700172743,24408,24218
finetune_selection,1,18,0.2790226183458997,0.04591582341771825,138700.60634991806,0.6114113899209431,1.3581324644459642,0.05757235992724724,1.3980414979603317,0.0,0.19902074898016597,0.5924513776387488,0.7960829709966978,0.8221418380737304,0.01955861773378356,0.7960829959206638,8.417382124648043e-08,0.0,0.9490209817886353,24432,24242
finetune_selection,1,19,0.3378193600029342,0.04568624430062966,151016.1940108112,0.5974651758240452,1.4577821040562349,0.057741044280116,1.3968453015245144,0.0,0.19842265076225715,0.5919113095317567,0.7936905721823374,0.8124201536178589,0.015868324050158835,0.7936906030490286,4.949314252877812e-08,0.0,0.942301869392395,24456,24266
finetune_selection,1,20,0.21005956140407078,0.04545781307912651,126591.82276798472,0.37663777189646264,0.9344418153439283,0.0560663087713363,1.4004213776040288,0.0,0.20021068880201454,0.5860162851001536,0.8008427222569784,0.8144498974084854,0.009172518591271996,0.8008427552080578,5.3351478864390366e-08,0.0,0.9051405017574629,24480,24290
finetune_selection,1,21,0.15908298075185767,0.04523052401373088,118917.7977268307,0.48711225249007706,1.1956583600898187,0.049564280134429095,1.3993584550030171,0.0,0.19967922750150877,0.5873737734343325,0.7987168803811073,0.8150535881519317,0.015103408926437368,0.7987169100060347,7.255446340022804e-08,0.0,0.9218969022234281,24504,24314
finetune_selection,1,22,0.24696000070963475,0.04500437139366223,132795.07077211834,0.6233061944772147,1.2490826768875112,0.05539466137888466,1.3993773740228443,0.0,0.19968868701142217,0.5926405170134135,0.7987547144293785,0.8177799910306931,0.01663323978727162,0.7987547480456886,6.111250035652678e-08,0.0,0.9587009648482004,24528,24338
finetune_selection,1,23,0.27032596599707803,0.044779349536693915,137047.49701919575,0.6218273205454949,1.2471886863324495,0.05758375420445291,1.3980339011620906,0.0,0.19901695058104538,0.5914649931447846,0.7960678016146024,0.8167752325534821,0.02016885620930978,0.7960678023241815,5.605674920546496e-08,0.0,0.9512127836545309,24552,24362
finetune_selection,1,24,0.19921487918285619,0.04455545278901044,124877.44514777843,0.412180902381257,0.8984389383625148,0.05074172882610136,1.4031162503774144,0.0,0.20155812518870722,0.5845461386655058,0.8062324797113737,0.8200950264930725,0.006735410658089247,0.8062325007548289,6.849655792562359e-08,0.0,0.9127575059731802,24576,24386
finetune_selection,1,25,0.11719414628871316,0.044332675525065396,113275.18907991296,0.6015601216650525,1.314783106626457,0.05249196124558575,1.3991912641518172,0.0,0.1995956320759086,0.5881839985294002,0.7983825032909712,0.8157120078802109,0.01365925807467483,0.7983825283036344,5.268624851210527e-08,0.0,0.9376179998119673,24600,24410
finetune_selection,1,26,0.16560838749195061,0.044111012147440065,119847.80108157583,0.7040991832312692,1.5431296516761086,0.05479621067140065,1.395149407509182,0.0,0.1975747037545911,0.5912866022969996,0.7902988071242968,0.8225332677364349,0.017038382387664176,0.7902988150183644,5.685502576143383e-08,0.0,0.9448138748606046,24624,24434
finetune_selection,1,27,0.24417380541695144,0.04389045708670286,132305.54949893604,0.4239825908564166,1.1026848030566676,0.05967308146681002,1.4002887001039372,0.0,0.20014435005196862,0.5851207247802189,0.800577387213707,0.8165946424007415,0.01031097297768792,0.8005774002078742,8.200073531305918e-08,0.0,0.8842995961507162,24648,24458
finetune_selection,1,28,0.25093314543367684,0.04367100480126935,133499.43251446576,0.6654502066291257,1.5431937379972698,0.05484647265560271,1.3997540772404697,0.0,0.19987703862023498,0.5876727077577795,0.7995081171393394,0.8159473866224289,0.016012945794885082,0.7995081544809398,7.122400258463557e-08,0.0,0.9482849389314651,24672,24482
finetune_selection,1,29,0.17724014116313136,0.04345264977726301,121542.1473543562,0.39125782801945896,0.9016576413581179,0.05711102393934594,1.4014803099534696,0.0,0.20074015497673484,0.5807605311274529,0.802960587044557,0.8184892296791076,0.010533720212388846,0.8029606199069393,5.667763095888271e-08,0.0,0.895648717880249,24696,24506
finetune_selection,1,30,0.19594986637752,0.04323538652837669,124370.35430797191,0.38990515016170707,0.8558574320999031,0.061513736821240735,1.4008518199857678,0.0,0.20042590999288393,0.5833684791411673,0.8017036244273186,0.8185941755771637,0.011416767660975333,0.8017036399715357,4.1443854570388794e-08,0.0,0.8843269472320875,24720,24530
finetune_selection,1,31,0.15486439960269882,0.043019209595734804,118324.20732600738,0.364905253644445,0.8831233223032079,0.05355454986946451,1.4020160371215926,0.0,0.20100801856079628,0.5809258754764284,0.8040320575237274,0.8232270747423172,0.013023971012706583,0.8040320742431849,7.135704869580077e-08,0.0,0.9108694593111674,24744,24554
finetune_selection,1,32,0.16814204096359353,0.04280411354775613,120212.83070469904,0.7089871788522603,1.6221179002129735,0.05704276080313464,1.4008760168438865,0.0,0.20043800842194334,0.5919714484895979,0.8017520209153494,0.8250540524721146,0.01863563903657288,0.8017520336877734,5.5347170106282796e-08,0.0,0.9471659511327744,24768,24578
finetune_selection,1,33,0.20608061217273788,0.04259009298001735,125957.37241494046,0.6911829776342807,1.6108543789714798,0.05870279553964867,1.4000120350558845,0.0,0.2000060175279422,0.5923257991671562,0.8000240425268809,0.8243088573217392,0.020376486619007015,0.8000240701117685,4.940444507199141e-08,0.0,0.9384351869424185,24792,24602
finetune_selection,1,34,0.19299239455796469,0.04237714251511726,123914.56948565606,0.3656502848343757,0.9166486816508024,0.052622815821437456,1.4011496949076119,0.0,0.20057484745380605,0.5801871360412665,0.8022993877530098,0.8151185065507889,0.008624727435969969,0.8022993898152239,5.510325236842325e-08,0.0,0.9085929294427236,24816,24626
finetune_selection,1,35,0.297581201334714,0.04216525680254168,142365.21031330148,0.6197232953400823,1.3233999876633473,0.06685741599799944,1.3972774523177318,0.0,0.19863872615886588,0.5918754860758781,0.7945548743009567,0.8214317351579666,0.02101228394068938,0.7945549046354633,5.28636432221378e-08,0.0,0.93148406346639,24840,24650
finetune_selection,1,36,0.17048691677466088,0.041954430518528964,120552.64952684872,0.6474581725016973,1.3693480664060462,0.06077383530100139,1.3994525249692655,0.0,0.1997262624846328,0.5916119143366814,0.798905019958814,0.8384853661060333,0.02444115804804103,0.7989050499385311,7.113530522036744e-08,0.0,0.9232084602117538,24864,24674
finetune_selection,1,37,0.2715578404328519,0.04174465836593633,137279.25915136706,0.43385506462209955,1.1247646614038536,0.06156991635443848,1.400858438396383,0.0,0.20042921919819146,0.5857127298201834,0.8017168864607811,0.8228997528553009,0.015922845203459296,0.8017168767927658,5.889506565770475e-08,0.0,0.8780352398753166,24888,24698
finetune_refit_all,,1,0.11392277841857967,0.05,112856.98081881134,0.44721053604053024,0.8935141264223738,0.05164078111973064,1.4077042411303236,0.0,0.20385212056516186,0.5929006827729089,0.8154084409276644,0.8396277636289596,0.020436631802172582,0.8154084822606472,5.800809181148262e-08,0.0,0.9576798528432846,24024,23873
finetune_refit_all,,2,0.23473167882164125,0.04975,130673.12109041726,0.4199886070375354,0.9058606623960525,0.04839789892266497,1.4033203403953287,0.0,0.20166017019766427,0.5942993249211992,0.8066406746705373,0.8308677822351456,0.019721072561511954,0.8066406807906571,4.6566128712270206e-08,0.0,0.9996000056465467,24048,23873
finetune_refit_all,,3,0.3121009634357559,0.049501250000000004,145370.17016255236,0.681633688147315,1.2646956595071335,0.06224783177614609,1.3946200455760671,0.0,0.19731002278803364,0.59500467138631,0.7892400622367859,0.8219006299972534,0.02212290759939829,0.7892400911521342,6.545867233439158e-08,0.0,0.9830801139275233,24072,23882
finetune_refit_all,,4,0.2856226991653501,0.04925374375,139982.05133780706,0.6025373481058338,1.2205312294894808,0.05983280508725166,1.3946318950592762,0.0,0.19731594752963813,0.5941776590687888,0.7892637774348259,0.8149070590734482,0.018378808697896334,0.7892637901185523,5.24201563082786e-08,0.0,0.9716585303346316,24096,23906
finetune_refit_all,,5,0.23198138747989738,0.04900747503125,130205.17780405034,0.44076968809395983,0.9398927487130686,0.0528355541495207,1.3938688954249734,0.0,0.19693444771248672,0.5940300290073668,0.7877377644181252,0.8080562800168991,0.01714692683391605,0.7877377908499467,6.581346195799753e-08,0.0,0.9620427290598551,24120,23930
finetune_refit_all,,6,0.040827009563500716,0.048762437656093754,104256.48031904246,0.36447826425881313,0.8004404566282777,0.053482924446938605,1.40618535778707,0.0,0.2030926788935349,0.5892697578029973,0.8123707075913748,0.834077376127243,0.015212350688485171,0.8123707155741395,8.124680750398738e-08,0.0,0.9178232873479525,24144,23954
finetune_refit_all,,7,0.33347898353710004,0.048518625467813284,150032.77845713095,0.5251786443654295,1.2421010518248954,0.058299577699070924,1.3999962803597252,0.0,0.1999981401798626,0.5932286977767944,0.7999925389885902,0.8181818515062332,0.017396041719647235,0.7999925607194504,6.09351055909831e-08,0.0,0.9370163381099701,24168,23978
finetune_refit_all,,8,0.1985097384268384,0.048276032340474215,124767.57958820416,0.23598091637470828,0.3999906501965682,0.050855359618481165,1.4025996902602769,0.0,0.20129984513013846,0.5888203361204691,0.8051993697881699,0.8241069048643112,0.011592879896878893,0.8051993805205537,6.058031598588087e-08,0.0,0.879009984433651,24192,24002
finetune_refit_all,,9,0.12755858483556926,0.04803465217877184,114620.87684266205,0.29697689619034834,0.7112502868935277,0.05270564240571939,1.4037604099804801,0.0,0.2018802049902401,0.5919226855039597,0.8075207993388176,0.8284129649400711,0.016597898198781342,0.8075208199609604,6.044726996723426e-08,0.0,0.8876937876145045,24216,24026
finetune_refit_all,,10,0.17667148830660395,0.04779447891787798,121458.20116726331,0.30295214257831543,0.5220053807968151,0.05279292409035918,1.4027013360921827,0.0,0.20135066804609134,0.5884592596973692,0.8054026414950689,0.8232863932847977,0.01591484338634859,0.805402672184365,6.208817158552075e-08,0.0,0.8870549524823824,24240,24050
finetune_refit_all,,11,0.15783473418717886,0.0475555065232886,118741.53929096609,0.3316358279903197,0.6219034896344542,0.05334902317306961,1.4016351451476414,0.0,0.20081757257382074,0.5938325471111706,0.8032702679435412,0.8184710413217544,0.011579963879856603,0.8032702902952829,5.038011637500025e-08,0.0,0.8930473625659943,24264,24074
finetune_refit_all,,12,0.13613397639171143,0.04731772899067215,115758.69089318877,0.291015507088441,0.43123294479664326,0.05120682845783737,1.405622526648499,0.0,0.20281126332424937,0.5912900513836316,0.8112450415889422,0.8275892347097397,0.01115249648185966,0.8112450532969975,6.634564632864344e-08,0.0,0.8805022835731506,24288,24098
finetune_refit_all,,13,0.31251026107978874,0.04708114034571879,145456.7164261426,0.23615860693421545,0.4109230476009876,0.05319202990141755,1.4023078818849861,0.0,0.20115394094249325,0.5879977882972784,0.804615743458271,0.8190119147300721,0.010593762231605026,0.8046157637699728,5.490368313691244e-08,0.0,0.890126404662927,24312,24122
finetune_refit_all,,14,0.14815576061452818,0.046845734643990194,117392.35340975119,0.2586671989450638,0.41698055717442506,0.05263964427965526,1.404086704942442,0.0,0.20204335247122107,0.5913346367222923,0.8081734006603559,0.8225793838500977,0.009864383141095534,0.8081734098848843,4.612264177990729e-08,0.0,0.8926492432753245,24336,24146
finetune_refit_all,,15,0.23330054189252236,0.046611505970770246,130429.20396323244,0.2700774520756047,0.49750868906615153,0.05092717971633753,1.402141566388309,0.0,0.2010707831941545,0.5917221318398203,0.8042831073204676,0.8249811232089996,0.013586515713171828,0.804283132776618,7.051442354096456e-08,0.0,0.9311553289492925,24360,24170
finetune_refit_all,,16,0.31894483379868377,0.046378448440916396,146830.98368927214,0.6221011895958065,1.2487848238696955,0.05243769273632672,1.4048767062347558,0.0,0.202438353117378,0.5952455390776907,0.8097534328699112,0.8269008815288543,0.014141622153759834,0.8097534124695117,5.446019635257926e-08,0.0,0.9880156243840853,24384,24194
finetune_refit_all,,17,0.2510207294831983,0.04614655619871181,133515.04365534603,0.27520314365818893,0.518163598175199,0.04970559962813759,1.4001371779346041,0.0,0.20006858896730204,0.5905282449509417,0.8002743224302927,0.8286712259054184,0.01472774131876399,0.8002743558692081,5.525847277902211e-08,0.0,0.9361318623026212,24408,24218
finetune_refit_all,,18,0.27440090704366327,0.04591582341771825,137817.15133155155,0.4093224898056178,0.7847154279473503,0.053811278074404445,1.400499080662571,0.0,0.2002495403312856,0.5917096680828503,0.800998143851757,0.8157513499259949,0.013732768996596334,0.8009981613251425,5.969334217666618e-08,0.0,0.9425137167175611,24432,24242
finetune_refit_all,,19,0.16035778448941995,0.04568624430062966,119098.34707297412,0.3806398718822715,0.9674414924667492,0.0517569983566434,1.403478151985577,0.0,0.2017390759927886,0.5904855142746652,0.8069562837481499,0.8249359369277954,0.015804686636464376,0.8069563039711541,5.215406421547423e-08,0.0,0.9670144518216451,24456,24266
finetune_refit_all,,20,0.23921896072044557,0.04545781307912651,131443.8647086922,0.5032678520495888,1.08725400058266,0.050342724498245,1.403683786856986,0.0,0.20184189342849315,0.5929748011486871,0.8073675582806269,0.833350145816803,0.019288390332617943,0.8073675737139724,5.463759102560436e-08,0.0,0.9421026060978571,24480,24290
finetune_refit_all,,21,0.1530772595208536,0.04523052401373088,118074.52465312836,0.4746073522784446,0.9680556092104379,0.05149217924064627,1.4006402063227836,0.0,0.2003201031613918,0.5915261496390616,0.8012803966800371,0.8215512335300446,0.015497476157327677,0.8012804126455669,4.8251379151468633e-08,0.0,0.9616213391224543,24504,24314
finetune_refit_all,,22,0.23735130211018718,0.04500437139366223,131121.97041271022,0.5620608643148106,1.2405951055743596,0.05285187726578506,1.4035743665216225,0.0,0.20178718326081124,0.5927699250834328,0.8071487347284952,0.8359172523021697,0.017516702099514506,0.8071487330432449,5.703242054548122e-08,0.0,0.9659801498055458,24528,24338
finetune_refit_all,,23,0.12817028251275786,0.044779349536693915,114701.29773531531,0.48911317242458824,0.9726705966061402,0.05091226667337776,1.3989701709665712,0.0,0.19948508548328567,0.5903338742043291,0.7979403262337049,0.8194939374923706,0.01731727702157246,0.7979403419331424,5.508107790245612e-08,0.0,0.9576322088638941,24552,24362
finetune_refit_all,,24,0.33394182047957655,0.04455545278901044,150137.03468367012,0.4453990875339433,0.6998620111170023,0.048545663911405044,1.3967176101924406,0.0,0.1983588050962204,0.5885978287884167,0.7934351985653242,0.8188227921724319,0.016650687424272694,0.7934352203848816,5.818548661403374e-08,0.0,0.9894816800951958,24576,24386
finetune_refit_all,,25,0.11731636512581478,0.044332675525065396,113290.87347841638,0.4196718944482391,1.2268883347304744,0.051614875751972496,1.4045831987279511,0.0,0.20229159936397564,0.5884963774255343,0.8091663842399915,0.8292978525161743,0.01782405805922274,0.8091663974559022,6.306384287002587e-08,0.0,0.9738656853636106,24600,24410
finetune_refit_all,,26,0.24903283649479535,0.044111012147440065,133161.61459475977,0.45562558125087765,0.7265479279787728,0.04614764506605099,1.4017521110585047,0.0,0.20087605552925245,0.5883266957742828,0.8035041863719622,0.8301704496145248,0.01571136597262387,0.8035042221170096,6.448300112390133e-08,0.0,0.9924754599730173,24624,24434
finetune_refit_all,,27,0.12994896037845527,0.04389045708670286,114935.7858861913,0.49786759957980214,1.0492030447320764,0.05120204271863409,1.401517697432566,0.0,0.20075884871628313,0.5907330949391638,0.8030353585879008,0.818616834282875,0.013845206159380665,0.8030353948651324,6.448300110539762e-08,0.0,0.9603464727600416,24648,24458
finetune_refit_all,,28,0.23810172524010975,0.04367100480126935,131251.11752158077,0.45713407491958286,0.7438536670824449,0.04678562495565089,1.4027126715296792,0.0,0.20135633576483955,0.5881510371608394,0.8054253309965134,0.8352891743183136,0.014544824899617984,0.8054253430593582,5.3395827537272567e-08,0.0,0.9929024303952853,24672,24482
finetune_refit_all,,29,0.08256149359139764,0.04345264977726301,108999.13106052112,0.4254222811379796,0.934820522877453,0.050720482339018304,1.4045912861114456,0.0,0.20229564305572287,0.5872666335531643,0.8091825619339943,0.8306502670049667,0.01661821549246152,0.8091825722228911,5.5169775340739115e-08,0.0,0.9711785217126211,24696,24506
finetune_refit_all,,30,0.10768881352893311,0.04323538652837669,112068.52667115194,0.4481156140567659,0.7811959084174864,0.04718489527877375,1.4056872131214255,0.0,0.20284360656071276,0.5836313861821378,0.8113744085033735,0.8308457732200623,0.013769110411837402,0.811374426242851,5.055751119605508e-08,0.0,0.97337456792593,24720,24530
finetune_refit_all,,31,0.06669390437715594,0.043019209595734804,107145.98401209923,0.42188970149646116,0.9227290956372998,0.05080030795394116,1.4033102637068147,0.0,0.20165513185340736,0.5862340293824673,0.8066205009818077,0.8234779328107834,0.01846850534477963,0.8066205274136293,7.752151716851803e-08,0.0,0.9714756558338801,24744,24554
finetune_refit_all,,32,0.23419662803402663,0.04280411354775613,130581.82251571918,0.43481233836345273,0.8923808113363279,0.04653035260590612,1.4065621391692684,0.0,0.20328106958463432,0.585377037525177,0.8131242419282595,0.8377988427877426,0.013575585289548792,0.8131242783385373,7.259881205460654e-08,0.0,0.9767949829498926,24768,24578
finetune_refit_all,,33,0.21688826717359788,0.04259009298001735,127695.6988488483,0.4349590625067168,1.0124633926589184,0.05373292478791492,1.3972906682063782,0.0,0.19864533410318908,0.5851818913859981,0.7945813114444414,0.8208662569522858,0.01882339732693576,0.7945813364127563,5.2021018067301604e-08,0.0,0.8918276155988375,24792,24602
finetune_refit_all,,34,0.2201540266123182,0.04237714251511726,128230.44987408994,0.5309334457365936,1.1656740842664277,0.05885141447914136,1.3992390047226635,0.0,0.19961950236133166,0.589381133871419,0.7984779700636864,0.8173414349555969,0.012113347550635012,0.7984780094453267,5.162187980782088e-08,0.0,0.9331289703647295,24816,24626
finetune_refit_all,,35,0.19436676286000643,0.04216525680254168,124125.96128109244,0.46654060154439775,0.9560026516592427,0.04885864147238624,1.4079697174685342,0.0,0.2039848587342671,0.5871646287185806,0.8159394140044848,0.8365233838558197,0.012484026130029533,0.8159394349370683,5.5347170124786516e-08,0.0,0.9823974693814913,24840,24650
finetune_refit_all,,36,0.18346356888650117,0.041954430518528964,122468.50990301983,0.48572587044907656,0.9900069635062958,0.04890714435040949,1.4042004787673552,0.0,0.20210023938367763,0.5855538147900785,0.8084009438753128,0.8255695611238479,0.01280525545778071,0.8084009575347103,5.720981527401747e-08,0.0,0.9756825789809227,24864,24674
finetune_refit_all,,37,0.2159816018394517,0.04174465836593633,127548.02723331293,0.5203491935817928,1.1554140443570486,0.05511150927164999,1.402503277662964,0.0,0.2012516388314821,0.5879780719322818,0.8050065487623215,0.821592378616333,0.014511266391932995,0.805006555325928,6.155598732589714e-08,0.0,0.9358491028348604,24888,24698
finetune_refit_all,,38,0.22396288725809355,0.04153593507410664,128859.81657072874,0.41136370342783196,0.9737372506230202,0.05315267117345432,1.3992746173448503,0.0,0.19963730867242532,0.5841573998332024,0.7985492100318273,0.8227281719446182,0.017772951451836196,0.7985492346897011,6.54586723528953e-08,0.0,0.9020454833904902,24912,24722
finetune_refit_all,,39,0.1899039684156203,0.04132825539873611,123442.15512872067,0.5753529845212317,1.3106579616585523,0.05914705885627867,1.4030466675314877,0.0,0.20152333376574375,0.5887564479240349,0.806093322734038,0.83010633289814,0.013812740457742521,0.806093335062975,7.08692130350445e-08,0.0,0.9314800202846527,24936,24746
finetune_refit_all,,40,0.1530316426566436,0.04112161412174242,118068.16527793912,0.37804951334928144,1.0600968554947316,0.050654548395775455,1.4000539129289489,0.0,0.2000269564644744,0.5829205433172839,0.8001078019539515,0.8189515054225922,0.014099426747463652,0.8001078258578976,6.02698752201943e-08,0.0,0.9151214684049288,24960,24770
finetune_refit_all,,41,0.20318661077051026,0.04091600605113371,125499.89916296331,0.4473342146698598,0.7516124124100166,0.04802234240033918,1.4021994542286154,0.0,0.20109972711430776,0.5843375814812524,0.8043988794088364,0.820897501707077,0.00995758148395131,0.8043989084572308,6.825264009524545e-08,0.0,0.9837554022669792,24984,24794
finetune_refit_all,,42,0.1338301151944744,0.040711426020878044,115450.79291512452,0.5573026609945181,1.06525642068504,0.05305671117214434,1.4027645123368575,0.0,0.20138225616842864,0.5867334024182387,0.8055290107925733,0.8230388760566711,0.013668032897475615,0.8055290246737145,5.964899348528026e-08,0.0,0.9574118728439013,25008,24818
finetune_refit_all,,43,0.1852182786026677,0.04050786889077365,122732.25745479691,0.5935192974194968,1.1691149894109691,0.05580756615061464,1.3991619155165695,0.0,0.19958095775828477,0.5882700649755341,0.7983238200346628,0.8232894122600555,0.016331657008068413,0.7983238310331388,5.162187990033947e-08,0.0,0.9391341855128607,25032,24842
finetune_refit_all,,44,0.0739251430227511,0.04030532954631979,107982.63147582326,0.5727224224937922,1.1506221440572264,0.05598079415202545,1.4005671761309106,0.0,0.20028358806545535,0.5856208859809807,0.8011343056956927,0.8233749002218247,0.022853185176244073,0.8011343522618214,6.732131750212626e-08,0.0,0.9596752400199572,25056,24866
finetune_refit_all,,45,0.12104968797900306,0.04010380289858819,113772.07406647026,0.3770215104412924,1.0382982529681302,0.05333718115801107,1.4033899904406144,0.0,0.2016949952203071,0.5810355456279857,0.8067799707253774,0.8179312497377396,0.014024166699458525,0.8067799808812284,3.9958173270182584e-08,0.0,0.8940893337130547,25080,24890
finetune_refit_all,,46,0.16575284661600087,0.039903283884095246,119868.55405423311,0.5471928263450221,1.0997130559286685,0.05374663047875298,1.4008497556760198,0.0,0.2004248778380099,0.5842968911996909,0.8016995141903559,0.8264215409755706,0.020094600784862037,0.8016995113520395,5.6411538847574626e-08,0.0,0.9591451610128084,25104,24914
finetune_refit_all,,47,0.13167046395602655,0.03970376746467477,115163.65141233185,0.3917782382436699,1.0870352853481655,0.0539138256898943,1.4018010073563172,0.0,0.20090050367815862,0.5820012715245997,0.803601990143458,0.8216156929731369,0.014697460531670353,0.8036020147126345,5.2065366740183805e-08,0.0,0.8985451261202494,25128,24938
finetune_refit_all,,48,0.14024208364109336,0.03950524862735139,116311.81068213034,0.364983456641873,1.0551959835032134,0.05584013348510691,1.4005465498637584,0.0,0.20027327493187927,0.5811191682836838,0.8010930890838305,0.8165417909622192,0.01565884803182282,0.8010930997275171,5.91611577320054e-08,0.0,0.8850448330243429,25152,24962
finetune_refit_all,,49,0.15340561160784716,0.03930772238421464,118120.31992075853,0.3778185710163766,1.0763958441498938,0.05609107765362322,1.40327643942354,0.0,0.20163821971176996,0.5827387651162488,0.8065528670946757,0.8222647607326508,0.01176286552365369,0.8065528788470795,6.018117772640015e-08,0.0,0.8868276104331017,25176,24986
finetune_refit_all,,50,0.1745173452293306,0.03911118377229356,121141.24920987152,0.37983425454661174,1.0304256629826136,0.05688681374567659,1.4015939023922241,0.0,0.2007969511961121,0.5826723618166787,0.8031877999504408,0.8196478664875031,0.013680191402475035,0.8031878047844483,6.497083674765018e-08,0.0,0.8897601192196211,25200,25010
finetune_refit_all,,51,0.15077329384690286,0.0389156278534321,117754.18657402913,0.5978955859163997,1.1540853826557163,0.05293139104608868,1.4005606463400735,0.0,0.20028032317003683,0.5889168956450053,0.80112124979496,0.8316525131464004,0.02040046202760728,0.801121292680147,6.559171846406049e-08,0.0,0.9515530491868655,25224,25034
finetune_refit_all,,52,0.19916468983751168,0.038721049714164936,124869.61892290956,0.5916646284816345,1.206931685863773,0.05588513296781727,1.3996733551445815,0.0,0.19983667757229084,0.5896675565413065,0.7993466804424921,0.8322724997997284,0.020867955259701264,0.7993467102891633,6.497083680316133e-08,0.0,0.9379315301775932,25248,25058
finetune_refit_all,,53,0.24142962801898848,0.03852744446559411,131826.92561383508,0.4946864148571763,0.8525224356528388,0.05089866226619474,1.400210087054542,0.0,0.2001050435272711,0.5881856685238225,0.8004201600948969,0.8155504375696182,0.014207463077225637,0.8004201741090843,4.7719194836333877e-08,0.0,0.9715523570775986,25272,25082
finetune_refit_all,,54,0.002161247939959421,0.03833480724326614,100216.59290496561,0.5089884950665663,1.5555357078379732,0.05538077057091307,1.4006284275313927,0.0,0.20031421376569644,0.5845591415252005,0.8012568528453509,0.8258344978094101,0.021616904293820377,0.8012568550627854,4.692091835437987e-08,0.0,0.9477551877498627,25296,25106
finetune_refit_all,,55,0.10564689572155872,0.03814313320704981,111812.66048232639,0.362206670149887,1.1357850546358867,0.0537645838973431,1.3981344294512557,0.0,0.19906721472562783,0.584176845316376,0.7962688580155373,0.8189468830823898,0.01931015187949249,0.796268858902511,4.408260186513265e-08,0.0,0.9086479817827543,25320,25130
finetune_refit_all,,56,0.3395056198229054,0.03795241754101456,151401.74239361065,0.762156731346713,1.585146985414062,0.05995041261829274,1.3952136225998402,0.0,0.19760681129992008,0.5912539863160677,0.7904272228479385,0.8152036100625991,0.021772976655848153,0.7904272451996803,6.315254028980515e-08,0.0,0.9343514194091161,25344,25154
finetune_refit_all,,57,0.2068474580136277,0.037762655453309486,126079.1521257183,0.4766682577559627,1.079019016981661,0.050064868735417566,1.4019097562968021,0.0,0.20095487814840107,0.5913493494902338,0.8038195123275121,0.8237186968326569,0.013408199575680764,0.8038195125936042,6.448300117941248e-08,0.0,0.9715187152226766,25368,25178
finetune_refit_all,,58,0.14931399975570225,0.03757384217604294,117552.18725979063,0.6188122395268522,1.378725715279469,0.052413436358115746,1.3984846691600978,0.0,0.19924233458004892,0.5902822496635574,0.7969693417350451,0.813733446598053,0.014221527654180856,0.7969693383201957,5.5036729396107376e-08,0.0,0.942699188987414,25392,25202
finetune_refit_all,,59,0.11578653767273928,0.037385972965162724,113094.86256497246,0.658889836267005,1.3787870030084715,0.05503315640011044,1.3972889781885203,0.0,0.19864448909426022,0.5906255702887262,0.7945779288808504,0.8170161366462707,0.015850738112305387,0.7945779563770407,7.113530523887117e-08,0.0,0.9488414898514748,25416,25226
finetune_refit_all,,60,0.15616012843474247,0.037199043100336913,118505.89592846301,0.418233423819133,0.8655963470684467,0.04902942946162756,1.404098466637411,0.0,0.20204923331870564,0.5875796116888523,0.8081968973080317,0.8242112100124359,0.015068811820404116,0.8081969332748224,6.754306094055214e-08,0.0,0.9322478498021761,25440,25250
finetune_refit_all,,61,0.1584450675748298,0.037013047884835226,118827.65598179396,0.4053794578691947,1.1286159491691863,0.05270215299563083,1.3975273221952929,0.0,0.1987636610976465,0.585615802024092,0.795054609576861,0.8206449627876282,0.02356669167964763,0.7950546443905857,5.911680907762692e-08,0.0,0.8976987327138582,25464,25274
