episode,step,reward,leverage_gate,gross_exposure,turnover,gate_gross_error,position_limit_violation,at_position_cap,direction_entropy,normalized_direction_entropy,effective_positions,long_hhi,short_hhi,dominant_long_asset
1,1,-0.009514335783858517,0.782616376876831,1.391308307647705,1.4140133314899035,1.1920928955078125e-07,0.0,False,0.9313172101974487,0.8089318505805658,3.630286455154419,0.35959184169769287,0.5002775192260742,2
1,2,0.037282663841801886,0.784244179725647,1.3921220302581787,0.169002598949841,5.960464477539063e-08,0.0,False,0.9653100967407227,0.8384576966799802,3.9892733097076416,0.32615363597869873,0.5000187158584595,2
1,3,0.002219265714448046,0.8102810382843018,1.4051403999328613,0.3694886448127882,1.1920928955078125e-07,0.0,False,0.8956586122512817,0.7779591859397119,3.332698106765747,0.3954656720161438,0.5002155900001526,7
1,4,-0.0014581319309796,0.8060118556022644,1.403005838394165,0.36408914944955284,8.940696716308594e-08,0.0,False,0.8772286772727966,0.7619511478137283,3.2474963665008545,0.4058052897453308,0.5002533197402954,2
1,5,0.023448114744277042,0.8085393905639648,1.4042696952819824,0.38717979937791824,0.0,0.0,False,0.982843279838562,0.8536868260191621,3.966881275177002,0.32981860637664795,0.5012191534042358,2
1,6,-0.0012345755228160304,0.800010621547699,1.4000053405761719,0.12877993977495603,2.9802322387695312e-08,0.0,False,0.9596771001815796,0.8335649380355485,3.885806083679199,0.33637672662734985,0.500463604927063,2
1,7,0.030246948874922915,0.7945037484169006,1.397251844406128,0.6077181563845702,2.9802322387695312e-08,0.0,False,0.9280686974525452,0.8061102282615579,3.552361249923706,0.3686181902885437,0.5065978765487671,2
1,8,0.0348637758305931,0.7883133888244629,1.3941566944122314,0.4840708625103747,0.0,0.0,False,0.9473192095756531,0.8228310106393126,3.8271453380584717,0.3407251536846161,0.5048142671585083,7
1,9,0.011376829153418602,0.7601758241653442,1.3800878524780273,0.24587354755827362,5.960464477539063e-08,0.0,False,1.0022921562194824,0.8705799054020666,4.319143772125244,0.2985253930091858,0.5040274262428284,2
1,10,0.009936978679065567,0.7583022117614746,1.3791511058807373,1.1725939895425523,0.0,0.0,False,0.9893862009048462,0.8593699350483937,3.926774740219116,0.329479843378067,0.5046921968460083,7
1,11,0.03241719863461301,0.7623335719108582,1.381166696548462,0.4517121698175158,8.940696716308594e-08,0.0,False,1.0064040422439575,0.8741514442233559,3.9839158058166504,0.3248658776283264,0.504847526550293,7
1,12,-0.011107745852220742,0.7891786694526672,1.3945894241333008,0.4514307550021579,8.940696716308594e-08,0.0,False,1.0327240228652954,0.897012688918651,4.152955532073975,0.31311124563217163,0.5,7
1,13,0.028352594365755546,0.786144495010376,1.3930721282958984,0.16161944823605665,1.1920928955078125e-07,0.0,False,1.0269248485565186,0.8919755901148573,4.136414051055908,0.31418874859809875,0.5006628036499023,7
1,14,0.01709870681193499,0.791626513004303,1.395813226699829,0.8485897140843526,2.9802322387695312e-08,0.0,False,0.9708421230316162,0.8432627536637377,3.8302698135375977,0.3405289649963379,0.510759711265564,7
1,15,0.03274601699260041,0.7925602197647095,1.39628005027771,0.41750939882227356,5.960464477539063e-08,0.0,False,0.9226513504981995,0.8014047804839024,3.6817634105682373,0.3550379276275635,0.5057977437973022,7
1,16,-0.017839092690711374,0.7925283908843994,1.3962643146514893,0.43921222271663796,1.1920928955078125e-07,0.0,False,0.9574768543243408,0.8316538287662899,3.6940948963165283,0.35380321741104126,0.5058292746543884,7
1,17,-0.011235558918314658,0.7716980576515198,1.3858489990234375,0.25959561339446474,2.9802322387695312e-08,0.0,False,0.9444354772567749,0.820326232572563,3.721724510192871,0.34936434030532837,0.507136344909668,7
1,18,0.00468988742325961,0.7793768048286438,1.3896883726119995,1.4113601951726844,2.9802322387695312e-08,0.0,False,1.0151758193969727,0.8817705130514348,4.113584518432617,0.3155246675014496,0.500930905342102,7
1,19,-6.580498341367952e-05,0.775229275226593,1.3876147270202637,1.1008348794920104,8.940696716308594e-08,0.0,False,1.001331090927124,0.8697451346956266,4.09567403793335,0.3165506422519684,0.5054040551185608,7
1,20,-0.01325846884522382,0.7972856760025024,1.3986427783966064,0.5439388517822538,5.960464477539063e-08,0.0,False,0.9263138175010681,0.8045859589028995,3.5842387676239014,0.36552008986473083,0.5040406584739685,7
1,21,-0.001219950382949685,0.7917494177818298,1.3958747386932373,0.13069066884262226,2.9802322387695312e-08,0.0,False,0.9315844178199768,0.8091639441725387,3.6102638244628906,0.3624177873134613,0.5005922317504883,7
1,22,-0.012629619906820929,0.7720083594322205,1.3860042095184326,0.5515304048146521,2.9802322387695312e-08,0.0,False,0.9565936326980591,0.8308866722091064,3.797269105911255,0.34227579832077026,0.5032635927200317,7
1,23,0.03329999064541704,0.7607837915420532,1.3803918361663818,0.5854916487421308,5.960464477539063e-08,0.0,False,1.0096616744995117,0.8769809876486704,4.16613245010376,0.31005799770355225,0.5019133687019348,7
1,24,-0.031755652538265094,0.7775123715400696,1.388756275177002,0.4103840930121285,8.940696716308594e-08,0.0,False,1.0044230222702026,0.8724307521370721,4.057404518127441,0.31958162784576416,0.514614462852478,7
2,1,0.024125417629843857,0.7726342082023621,1.3863170146942139,1.260404228099755,8.940696716308594e-08,0.0,False,0.9986362457275391,0.8674044218961002,4.050841331481934,0.3200624883174896,0.5035841464996338,7
2,2,0.007810626673696022,0.7915540933609009,1.3957771062850952,0.24075673201254447,5.960464477539063e-08,0.0,False,0.9872976541519165,0.8575558463884051,3.9082953929901123,0.33373844623565674,0.5000782012939453,7
2,3,-0.03744319894430753,0.8101458549499512,1.4050729274749756,0.7642644877944673,0.0,0.0,False,1.0361799001693726,0.9000144258052418,4.303890228271484,0.30301788449287415,0.5001306533813477,7
2,4,0.009094128042512634,0.805542528629303,1.402771234512329,0.6593923558081898,2.9802322387695312e-08,0.0,False,1.0221710205078125,0.8878464675359173,4.278079986572266,0.3046267032623291,0.5002695918083191,7
2,5,0.03530948615554499,0.8065062165260315,1.403253197669983,0.2748197679008757,8.940696716308594e-08,0.0,False,1.0082066059112549,0.875717131131329,4.175502777099609,0.31248751282691956,0.5014585852622986,7
2,6,0.016687554741032003,0.8206737637519836,1.4103368520736694,0.9036128127149173,2.9802322387695312e-08,0.0,False,1.0237667560577393,0.8892325058237375,4.248045444488525,0.307883083820343,0.5000268220901489,7
2,7,0.056056404831709254,0.821931779384613,1.4109660387039185,1.05561939733369,1.4901161193847656e-07,0.0,False,0.9969251155853271,0.8659181531389383,4.184891700744629,0.3128310441970825,0.5000699162483215,1
2,8,-0.0016648511456959147,0.8305494785308838,1.4152746200561523,1.1955744943448476,1.1920928955078125e-07,0.0,False,1.0229246616363525,0.8885010719028379,4.287533283233643,0.30554503202438354,0.500211238861084,7
2,9,0.014205808840607069,0.8105846643447876,1.4052923917770386,0.8855665496417454,5.960464477539063e-08,0.0,False,1.0130645036697388,0.8799366475116484,4.2272844314575195,0.30878573656082153,0.5004716515541077,7
2,10,-0.0004932480401533489,0.8042597770690918,1.402129888534546,0.1846331432461738,0.0,0.0,False,1.00636887550354,0.8741208987807362,4.129106521606445,0.31604352593421936,0.5000007748603821,7
2,11,-0.054172907550772795,0.8089671730995178,1.4044835567474365,0.1762401929923468,2.9802322387695312e-08,0.0,False,1.0137728452682495,0.8805519052067199,4.228252410888672,0.3085612952709198,0.5019911527633667,7
2,12,0.0791598129821988,0.8133266568183899,1.406663417816162,0.9987510495952197,8.940696716308594e-08,0.0,False,1.0007847547531128,0.8692705931243522,4.315237998962402,0.3022153079509735,0.50620436668396,1
2,13,0.0036139138159382534,0.7996659874916077,1.399832844734192,1.490053185394832,1.4901161193847656e-07,0.0,False,1.01307213306427,0.8799432743195388,4.2392706871032715,0.3071489632129669,0.5004255771636963,7
2,14,0.007782744645072091,0.8246138095855713,1.412306785583496,0.2321822888084819,1.1920928955078125e-07,0.0,False,0.9972677826881409,0.8662157900027019,4.213276386260986,0.31073158979415894,0.5025160908699036,7
2,15,0.018492175613433633,0.8200597167015076,1.4100298881530762,0.5121351049414704,2.9802322387695312e-08,0.0,False,0.9971886873245239,0.8661470886427759,4.123020172119141,0.3175349831581116,0.5028506517410278,1
2,16,-0.007695997745159718,0.8226885795593262,1.4113444089889526,1.1396567491548402,1.1920928955078125e-07,0.0,False,1.0000576972961426,0.8686390790411747,4.1953535079956055,0.31133291125297546,0.5252330303192139,1
2,17,0.027252730842702355,0.8279198408126831,1.4139600992202759,0.4326334063495909,1.7881393432617188e-07,0.0,False,1.0528844594955444,0.9145238216812057,4.638953685760498,0.28096336126327515,0.5058167576789856,2
2,18,-0.012200740660272144,0.8321105241775513,1.4160552024841309,0.3581835457256861,5.960464477539063e-08,0.0,False,1.039872646331787,0.9032219043680539,4.570723533630371,0.2855752110481262,0.5074282288551331,2
2,19,-0.02927375743406236,0.8298465013504028,1.4149233102798462,0.20246611748422894,5.960464477539063e-08,0.0,False,1.0116198062896729,0.878681799311283,4.340343952178955,0.30137091875076294,0.5080776214599609,2
2,20,-0.01146445324663848,0.8129843473434448,1.4064922332763672,0.7150367402604647,5.960464477539063e-08,0.0,False,1.054471731185913,0.9159025083540224,5.0165300369262695,0.2579789161682129,0.5044453144073486,2
2,21,0.026228050677401527,0.7615624666213989,1.3807811737060547,1.43922422932727,5.960464477539063e-08,0.0,False,1.0413181781768799,0.9044774773755323,4.3869194984436035,0.29387786984443665,0.5011690855026245,7
2,22,-0.0038607926747427712,0.8011817932128906,1.4005908966064453,0.9892019352742605,0.0,0.0,False,1.0216994285583496,0.8874368479731939,4.220251560211182,0.30841681361198425,0.5105035305023193,7
2,23,0.008736394274879423,0.7952946424484253,1.397647500038147,0.1831391496317726,1.7881393432617188e-07,0.0,False,1.035679578781128,0.8995798521690561,4.224685192108154,0.30787765979766846,0.5035784244537354,7
2,24,0.007253896622830429,0.7923824191093445,1.396191120147705,0.1729083955287934,8.940696716308594e-08,0.0,False,1.002029538154602,0.8703517982492153,3.9535598754882812,0.3298243284225464,0.5000059604644775,7
3,1,0.013930905694579592,0.7732709050178528,1.3866355419158936,1.2910214279379164,8.940696716308594e-08,0.0,False,0.9826117753982544,0.8534857438172387,3.805769205093384,0.34166011214256287,0.5002564191818237,2
3,2,0.0018076036405366208,0.7887990474700928,1.3943995237350464,0.12842872100217015,0.0,0.0,False,0.9603972434997559,0.8341904465740754,3.7638018131256104,0.3468444347381592,0.5005280375480652,2
3,3,-0.017733776292209267,0.7987814545631409,1.399390697479248,0.23888702477727608,2.9802322387695312e-08,0.0,False,0.8934827446937561,0.7760692513925406,3.374889612197876,0.3892875909805298,0.5006462335586548,2
3,4,-0.020867481686120397,0.797133207321167,1.398566722869873,0.9658602018441472,1.1920928955078125e-07,0.0,False,0.9733501076698303,0.8454411614418867,3.9174370765686035,0.3329346179962158,0.5149263739585876,7
3,5,-0.014164968468964187,0.8191730976104736,1.4095865488052368,1.0356796527547494,0.0,0.0,False,0.9324418306350708,0.8099086834811556,3.8292911052703857,0.34302255511283875,0.5000307559967041,2
3,6,0.04342365527958528,0.8141934275627136,1.4070967435836792,0.3211415931582451,2.9802322387695312e-08,0.0,False,0.9401715993881226,0.8166226753128327,3.8332221508026123,0.3422730267047882,0.500190019607544,2
3,7,0.0041351474851899815,0.8015027642250061,1.4007513523101807,1.0009136008364814,2.9802322387695312e-08,0.0,False,0.9623680114746094,0.8359022338872565,3.7956836223602295,0.3442591428756714,0.5202150940895081,7
3,8,-0.011692714078309905,0.7991343140602112,1.3995671272277832,0.5952233682785715,2.9802322387695312e-08,0.0,False,0.9530349969863892,0.8277956805037422,4.038163185119629,0.32311123609542847,0.5,7
3,9,0.0019014678851216379,0.8160688281059265,1.408034324645996,0.316221826842853,8.940696716308594e-08,0.0,False,0.9408011436462402,0.8171694905076615,3.7150158882141113,0.35376760363578796,0.5001962780952454,7
3,10,-0.026987706297062,0.8144267201423645,1.4072133302688599,0.8688141394938741,2.9802322387695312e-08,0.0,False,0.9544425010681152,0.8290182230156421,3.7980833053588867,0.3455676734447479,0.5009706020355225,2
3,11,-0.029184778592855627,0.8156484365463257,1.4078242778778076,0.7200169898569584,5.960464477539063e-08,0.0,False,0.8988016843795776,0.7806892237027976,3.381814479827881,0.3899974524974823,0.5003045201301575,2
3,12,0.0403701794680026,0.7698925137519836,1.384946346282959,0.6647636283721241,8.940696716308594e-08,0.0,False,0.9905356168746948,0.8603683050746271,4.089591979980469,0.3166801333427429,0.5047114491462708,2
3,13,-0.04968300911280537,0.79351806640625,1.3967591524124146,2.1225812499012267,1.1920928955078125e-07,0.0,False,0.9863116145133972,0.8566993832405114,4.076358318328857,0.319381982088089,0.5063986778259277,7
3,14,-0.0011821863887723316,0.807695209980011,1.4038476943969727,1.740276990192277,8.940696716308594e-08,0.0,False,0.9777703285217285,0.8492805164914329,3.895465850830078,0.33608078956604004,0.5005536079406738,2
3,15,0.003534834341468263,0.7963540554046631,1.398177146911621,0.5314211856041635,1.1920928955078125e-07,0.0,False,0.9614883065223694,0.8351381318743348,4.064924716949463,0.3206668496131897,0.5010554790496826,2
3,16,0.033205714683788856,0.7603427767753601,1.380171298980713,0.7162237827266966,8.940696716308594e-08,0.0,False,0.9770553112030029,0.8486594603394574,3.924546480178833,0.32971397042274475,0.5092018246650696,2
3,17,0.0032491108779941777,0.7894242405891418,1.3947120904922485,0.1218843598450931,2.9802322387695312e-08,0.0,False,0.9679346084594727,0.8407373185942673,3.9158453941345215,0.33280149102211,0.504034698009491,2
3,18,-0.0652758200421177,0.8054907917976379,1.4027454853057861,0.4018412322870324,8.940696716308594e-08,0.0,False,0.9226804971694946,0.801430096960921,3.5427863597869873,0.3707457482814789,0.5009193420410156,2
3,19,0.04437515213681002,0.7956335544586182,1.3978166580200195,0.8781594197664941,1.1920928955078125e-07,0.0,False,0.9690667390823364,0.8417206747588741,3.807685375213623,0.34321925044059753,0.5006311535835266,2
3,20,-0.048722311104243646,0.8145859837532043,1.4072930812835693,1.7777018046804836,8.940696716308594e-08,0.0,False,1.0080230236053467,0.875557673566467,4.283238887786865,0.30481988191604614,0.5007071495056152,7
3,21,0.004480856060344842,0.7761123776435852,1.3880563974380493,1.5582596425499236,2.086162567138672e-07,0.0,False,1.0611865520477295,0.9217349276485338,5.068321704864502,0.25210973620414734,0.5501640439033508,2
3,22,0.0006859573746189566,0.7967648506164551,1.3983824253082275,0.7052218403135029,0.0,0.0,False,0.9890685677528381,0.8590940423980205,4.082069396972656,0.31853723526000977,0.5283693075180054,5
3,23,0.01927492254678143,0.8087496757507324,1.4043748378753662,0.14136064265455517,0.0,0.0,False,1.0184197425842285,0.8845881489313213,4.309312343597412,0.30216720700263977,0.5129034519195557,2
3,24,-0.0158937210595053,0.8047612905502319,1.4023807048797607,0.1768107733556202,5.960464477539063e-08,0.0,False,0.9624471068382263,0.8359709352471824,3.810539722442627,0.34361961483955383,0.5019885301589966,2
4,1,-0.023742456151290687,0.821853518486023,1.4109268188476562,1.2767196095415525,5.960464477539063e-08,0.0,False,1.004058599472046,0.8721142185164337,4.106723785400391,0.3190586566925049,0.5000003576278687,7
4,2,0.04057192313205551,0.8313903212547302,1.4156951904296875,0.6672205807907241,2.9802322387695312e-08,0.0,False,1.0040087699890137,0.8720709371773997,4.238590717315674,0.3093022108078003,0.5000942945480347,7
4,3,-0.0062199605387515036,0.8260927200317383,1.4130463600158691,0.48705832873071936,0.0,0.0,False,1.0161631107330322,0.882628063409998,4.260003566741943,0.30732592940330505,0.5002059936523438,7
4,4,0.04535049597795117,0.8018485307693481,1.4009242057800293,0.576746255159378,5.960464477539063e-08,0.0,False,1.01057767868042,0.8777766187710079,4.300725936889648,0.30271342396736145,0.5000817179679871,7
4,5,-0.000542495759284071,0.8104126453399658,1.4052062034606934,0.51560889929533,1.1920928955078125e-07,0.0,False,1.0124421119689941,0.8793960449492169,4.280403137207031,0.3047792911529541,0.5000090599060059,7
4,6,-0.008135709946423896,0.7983155250549316,1.3991577625274658,0.6267366632819176,0.0,0.0,False,0.9964888095855713,0.8655391825627078,4.175304412841797,0.3119633197784424,0.5008633136749268,7
4,7,-0.014231702171318542,0.8108773231506348,1.4054386615753174,0.24870742325271866,0.0,0.0,False,0.9915823936462402,0.8612775238259605,4.173306941986084,0.3129546642303467,0.501474142074585,1
4,8,0.05573445229665326,0.8247660994529724,1.4123830795288086,0.26341402424233296,2.9802322387695312e-08,0.0,False,1.0306119918823242,0.8951782021156248,4.655869483947754,0.279824823141098,0.5018815994262695,1
4,9,0.050927119888598056,0.7780128717422485,1.3890063762664795,0.5014038942754269,5.960464477539063e-08,0.0,False,0.966407835483551,0.8394111804371437,3.890641927719116,0.33428430557250977,0.5001819729804993,7
4,10,-0.04728079272753914,0.8192576169967651,1.4096288681030273,0.6031250692903996,5.960464477539063e-08,0.0,False,1.0283071994781494,0.8931762848694935,4.366781711578369,0.2990279793739319,0.5000376105308533,7
4,11,0.011512520647430156,0.7923592925071716,1.3961796760559082,0.9590857550501823,2.9802322387695312e-08,0.0,False,1.025659203529358,0.8908762648121689,4.471615791320801,0.28997641801834106,0.5018818378448486,7
4,12,-0.0327841006647804,0.8043270707130432,1.4021633863449097,0.4021035666976656,1.4901161193847656e-07,0.0,False,0.9919476509094238,0.8615947822537119,4.246034145355225,0.30684685707092285,0.5039962530136108,7
4,13,0.002023408106518032,0.8303667306900024,1.4151833057403564,0.06972469948232174,5.960464477539063e-08,0.0,False,0.977493405342102,0.8490399840737872,4.189444541931152,0.31303513050079346,0.500136137008667,7
4,14,-0.01413149247741988,0.8116050958633423,1.4058024883270264,0.14163182489573956,5.960464477539063e-08,0.0,False,0.9563988447189331,0.8307174815201553,3.992722511291504,0.3278154730796814,0.5011334419250488,7
4,15,-0.00320328986370373,0.8038666248321533,1.4019333124160767,0.43196818232536316,0.0,0.0,False,1.0165719985961914,0.8829832188953725,4.299439430236816,0.3029401898384094,0.5000641345977783,7
4,16,-0.009967090449915107,0.808956503868103,1.4044783115386963,0.4045153302805764,5.960464477539063e-08,0.0,False,0.983681857585907,0.8544152053957997,4.060550689697266,0.32193294167518616,0.5005072951316833,7
4,17,0.020410269597186424,0.8148106932640076,1.4074053764343262,0.09425087379557753,2.9802322387695312e-08,0.0,False,0.9669188857078552,0.8398550730219252,3.936828136444092,0.3329312801361084,0.5002908706665039,7
4,18,-0.000840452054462842,0.8288457989692688,1.4144229888916016,0.28417543641158516,8.940696716308594e-08,0.0,False,0.9895619750022888,0.8595226104895554,4.135910987854004,0.3170996308326721,0.5027040243148804,1
4,19,0.050040807208788625,0.8331488966941833,1.416574478149414,0.252020889627082,2.9802322387695312e-08,0.0,False,0.949177086353302,0.8244447419044909,3.7744739055633545,0.34929269552230835,0.5000313520431519,7
4,20,0.024088143472839295,0.7964210510253906,1.3982105255126953,0.1857037161077773,0.0,0.0,False,0.8940175771713257,0.7765338009800428,3.3165218830108643,0.39617717266082764,0.500117301940918,7
4,21,0.018030849375235736,0.8064655661582947,1.4032328128814697,0.10106744830097472,2.9802322387695312e-08,0.0,False,0.9194678068161011,0.7986395895758358,3.5084517002105713,0.3745827078819275,0.5013808012008667,7
4,22,0.016135310054605112,0.8288888335227966,1.4144444465637207,0.20387938884752138,2.9802322387695312e-08,0.0,False,0.9726016521453857,0.8447910612334542,3.9533512592315674,0.33248794078826904,0.5007343888282776,7
4,23,-0.007664479728373216,0.8252972960472107,1.4126487970352173,0.06842939395989686,1.4901161193847656e-07,0.0,False,0.9758583307266235,0.8476197763077824,3.9469153881073,0.33280619978904724,0.500317394733429,7
4,24,-0.05125474377765004,0.8072238564491272,1.4036118984222412,0.1725358404219151,2.9802322387695312e-08,0.0,False,0.9726815819740295,0.8448604874004931,3.8689191341400146,0.3384586572647095,0.5001806020736694,7
5,1,-0.005274196541781276,0.7768581509590149,1.388429045677185,1.3572519655738557,2.9802322387695312e-08,0.0,False,0.9813625812530518,0.852400707569064,3.975738763809204,0.326763778924942,0.5000381469726562,7
5,2,0.035233221844203064,0.7976568937301636,1.3988285064697266,0.2851582148245402,5.960464477539063e-08,0.0,False,1.0235793590545654,0.8890697348549302,4.194521427154541,0.31042808294296265,0.5007877349853516,7
5,3,-0.030149955365012804,0.7961292266845703,1.3980646133422852,0.17118269417967116,0.0,0.0,False,1.0103793144226074,0.8776043217658582,4.089278221130371,0.31864553689956665,0.501544713973999,7
5,4,0.04758923161812133,0.8034366369247437,1.4017183780670166,1.1980812485728944,5.960464477539063e-08,0.0,False,0.9821652173995972,0.8530978684679056,3.988741636276245,0.32743504643440247,0.5058510303497314,2
5,5,-0.03945436623542358,0.7552713751792908,1.3776357173919678,1.1110315099358559,2.9802322387695312e-08,0.0,False,0.9664495587348938,0.8394474207927942,3.8073527812957764,0.34002697467803955,0.5026822686195374,7
5,6,0.048960350764573134,0.8086183667182922,1.4043092727661133,1.1086445748806,8.940696716308594e-08,0.0,False,1.0125330686569214,0.8794750489245349,4.351528167724609,0.29932406544685364,0.5045129060745239,2
5,7,0.006356127972670956,0.8013655543327332,1.4006826877593994,0.41290096725736347,8.940696716308594e-08,0.0,False,0.9510281085968018,0.8260525193969551,3.715179681777954,0.3525230288505554,0.5022335052490234,7
5,8,0.011869283516126712,0.8064036965370178,1.4032018184661865,0.3475624035511699,2.9802322387695312e-08,0.0,False,1.0115818977355957,0.8786488723595777,4.07872200012207,0.3202487528324127,0.5007939338684082,2
5,9,-0.04005093338529555,0.7885208129882812,1.3942604064941406,0.39689402707985477,0.0,0.0,False,0.9421825408935547,0.8183693569113115,3.660613536834717,0.35693439841270447,0.502262532711029,7
5,10,0.04104066428061338,0.8235863447189331,1.4117932319641113,0.5373545251786709,5.960464477539063e-08,0.0,False,0.9103174805641174,0.7906917171781339,3.5986547470092773,0.36629676818847656,0.5000468492507935,7
5,11,0.003573211380836182,0.7991403341293335,1.399570107460022,0.5030048569398267,5.960464477539063e-08,0.0,False,0.9031108617782593,0.7844321276343769,3.371194362640381,0.3897283673286438,0.5018635392189026,7
5,12,0.006111646095706641,0.7779848575592041,1.3889923095703125,0.7349333741835186,1.1920928955078125e-07,0.0,False,0.9930661916732788,0.8625663344167641,3.950462579727173,0.3289327323436737,0.5034518837928772,7
5,13,0.009874850163098008,0.7972372770309448,1.3986185789108276,0.526214066360678,5.960464477539063e-08,0.0,False,0.9408339262008667,0.8171979650728154,3.626997947692871,0.3610575795173645,0.5035049319267273,7
5,14,-0.03757721334740178,0.8145666718482971,1.4072834253311157,0.16659527165549143,8.940696716308594e-08,0.0,False,0.9385827779769897,0.8152426425696633,3.634535551071167,0.36174827814102173,0.501876175403595,2
5,15,-0.05593762885536547,0.7915566563606262,1.3957784175872803,0.48273467059646336,8.940696716308594e-08,0.0,False,1.028813123703003,0.8936157250677237,4.303438186645508,0.3017719089984894,0.5026288032531738,2
5,16,0.06877640541970385,0.7658027410507202,1.3829011917114258,0.38270676987511776,1.7881393432617188e-07,0.0,False,0.9691418409347534,0.8417859073990449,3.8811895847320557,0.3341725766658783,0.5009984374046326,2
5,17,0.018339327054906554,0.8108712434768677,1.405435562133789,0.7235797175339289,5.960464477539063e-08,0.0,False,0.975960910320282,0.8477088758107458,3.777742385864258,0.34724003076553345,0.5005981922149658,7
5,18,-0.02964147976044714,0.818780779838562,1.4093904495239258,0.1289873612778527,5.960464477539063e-08,0.0,False,0.9437248706817627,0.819709007543899,3.606456995010376,0.36507734656333923,0.5000312924385071,7
5,19,0.005906695874469096,0.815139889717102,1.4075698852539062,0.32587661487715597,5.960464477539063e-08,0.0,False,0.9436667561531067,0.8196585299056716,3.6252126693725586,0.3628096878528595,0.5002291202545166,7
5,20,0.007994691408841972,0.811284601688385,1.4056422710418701,0.36215666787964956,2.9802322387695312e-08,0.0,False,0.9115015268325806,0.7917201666995572,3.4355316162109375,0.3832554817199707,0.5015114545822144,7
5,21,0.0017779743540542025,0.7706676125526428,1.385333776473999,0.8412164188921452,2.9802322387695312e-08,0.0,False,0.9579302668571472,0.8320476578883371,3.8304059505462646,0.33910614252090454,0.5028838515281677,7
5,22,-0.00456476280476481,0.7928673624992371,1.3964335918426514,0.25449345686605995,8.940696716308594e-08,0.0,False,0.9833724498748779,0.8541464572726832,3.8254380226135254,0.3413253724575043,0.5014946460723877,7
5,23,0.016238183791117213,0.8155391812324524,1.4077695608139038,1.0512964629701205,2.9802322387695312e-08,0.0,False,0.9442272186279297,0.8201453414259305,3.7562050819396973,0.3496605157852173,0.5012027621269226,2
5,24,0.015318415537003964,0.8212385177612305,1.4106192588806152,0.09207024425268173,0.0,0.0,False,0.9374149441719055,0.8142282750150069,3.6753697395324707,0.3581487238407135,0.5003832578659058,2
6,1,-0.020782587369118075,0.7823437452316284,1.391171932220459,1.0831931552716665,5.960464477539063e-08,0.0,False,1.0441837310791016,0.9069664650016058,4.333314895629883,0.2990516126155853,0.5006362795829773,7
6,2,0.001138888847327579,0.7904706597328186,1.3952354192733765,0.3706209744725908,8.940696716308594e-08,0.0,False,1.0031523704528809,0.8713270779917057,3.998706340789795,0.32573607563972473,0.502617359161377,7
6,3,0.02618399178968637,0.7968459725379944,1.3984229564666748,0.38254006632736753,2.9802322387695312e-08,0.0,False,1.0326948165893555,0.8969873206696957,4.326202869415283,0.3003896176815033,0.5049818754196167,7
6,4,-0.02158096480953626,0.7868216037750244,1.3934108018875122,0.5445800051093102,0.0,0.0,False,0.9689700603485107,0.8416367006776383,3.8579912185668945,0.337547242641449,0.5133426189422607,7
6,5,-0.10733844989687698,0.7912057638168335,1.3956029415130615,0.9102636224457196,5.960464477539063e-08,0.0,False,0.9959263801574707,0.8650506625685396,4.057268142700195,0.32092007994651794,0.5014834403991699,2
6,6,0.010610672583636363,0.7805120348930359,1.3902559280395508,0.23983002134731832,8.940696716308594e-08,0.0,False,0.9862522482872009,0.8566478183916145,3.9474711418151855,0.3294714689254761,0.5000281929969788,2
6,7,-0.0062775707604096715,0.8187015652656555,1.409350872039795,0.27036163317305695,8.940696716308594e-08,0.0,False,1.024660587310791,0.8900088777856435,4.381753444671631,0.29788652062416077,0.501270055770874,2
6,8,-0.013340715331796663,0.8070870041847229,1.403543472290039,0.28717481983559473,2.9802322387695312e-08,0.0,False,1.0149056911468506,0.8815358826345665,4.382421970367432,0.2969643175601959,0.5063831806182861,1
6,9,0.01168820707182433,0.7557384371757507,1.3778692483901978,1.298211944954736,2.9802322387695312e-08,0.0,False,1.0694257020950317,0.9288913624507664,4.675148963928223,0.2745460569858551,0.5042420625686646,7
6,10,0.026831209916023356,0.7697031497955322,1.3848514556884766,0.8764356161866869,1.1920928955078125e-07,0.0,False,1.0115396976470947,0.8786122178284341,4.207193851470947,0.3075544834136963,0.500605046749115,7
6,11,0.053980055757008004,0.7886697053909302,1.3943349123001099,0.8456589984042304,5.960464477539063e-08,0.0,False,1.0181221961975098,0.884329703423597,4.398925304412842,0.29480913281440735,0.5001009106636047,2
6,12,0.014836302798614328,0.767970085144043,1.3839850425720215,0.3847973548940249,0.0,0.0,False,1.0042226314544678,0.8722566948860766,4.311112403869629,0.2997244894504547,0.5001118183135986,2
6,13,-0.003942082482912332,0.7909914255142212,1.3954956531524658,0.44210909945624216,5.960464477539063e-08,0.0,False,1.009835958480835,0.877132368791416,4.412727355957031,0.29399222135543823,0.500074028968811,2
6,14,-0.07446517774585336,0.7987610697746277,1.3993805646896362,0.30936816707253467,2.9802322387695312e-08,0.0,False,1.003133773803711,0.871310925147473,4.265169620513916,0.30514490604400635,0.5002425909042358,2
6,15,0.015353614273480047,0.7497867345809937,1.3748934268951416,0.44975270330905925,5.960464477539063e-08,0.0,False,1.0443627834320068,0.9071219878992829,4.8613386154174805,0.2632911801338196,0.5009559392929077,2
6,16,0.03867881172204562,0.7598464488983154,1.3799232244491577,0.6771441767258304,0.0,0.0,False,0.9516273736953735,0.826573034447969,3.9415268898010254,0.32843443751335144,0.5000122785568237,7
6,17,0.032411095468050856,0.7459326386451721,1.3729662895202637,0.07981931790709493,2.9802322387695312e-08,0.0,False,0.9435005187988281,0.8195141379743728,3.8176255226135254,0.3384026885032654,0.500007152557373,7
6,18,-0.020379765982733285,0.7514995336532593,1.3757498264312744,0.7213914256010737,5.960464477539063e-08,0.0,False,1.022965431213379,0.8885364839075021,4.080643177032471,0.31619662046432495,0.5001187324523926,7
6,19,0.022495885194798223,0.7448447346687317,1.372422456741333,0.8247021404760225,8.940696716308594e-08,0.0,False,0.9647854566574097,0.838002000093644,3.7624034881591797,0.34345942735671997,0.5001262426376343,2
6,20,-0.08218034291170948,0.776020348072052,1.3880102634429932,1.6217194412435805,8.940696716308594e-08,0.0,False,1.0362639427185059,0.9000874242359092,4.182138919830322,0.3099275231361389,0.5000044107437134,7
6,21,0.09510753670587391,0.7963680624961853,1.398184061050415,1.8485515740300928,2.9802322387695312e-08,0.0,False,1.0400962829589844,0.9034161526743404,4.7233710289001465,0.2739960253238678,0.5026707053184509,2
6,22,-0.05755270813047858,0.7732455134391785,1.3866227865219116,1.9217583680791515,2.9802322387695312e-08,0.0,False,1.0233001708984375,0.888827235103692,4.1270246505737305,0.3140473961830139,0.5000094175338745,7
6,23,0.0077106869117033495,0.7719976902008057,1.3859987258911133,1.7903391186680113,1.1920928955078125e-07,0.0,False,1.0023956298828125,0.8706697814840797,4.308374881744385,0.30011922121047974,0.5028382539749146,2
6,24,-0.06273276733779638,0.8001301288604736,1.4000650644302368,0.5326287703854697,0.0,0.0,False,1.0305417776107788,0.8951172147742588,4.3760199546813965,0.29714930057525635,0.5003134608268738,2
7,1,-0.004096515326079074,0.7834374308586121,1.3917187452316284,1.4389796214444297,2.9802322387695312e-08,0.0,False,0.9236948490142822,0.8023111517787204,3.5344502925872803,0.36977618932724,0.5002829432487488,2
7,2,0.04708285365491522,0.7923747897148132,1.396187424659729,0.0368238240480423,2.9802322387695312e-08,0.0,False,0.9200994968414307,0.7991882685603837,3.4976649284362793,0.37457263469696045,0.5008459091186523,2
7,3,-0.013853755495454145,0.7790808081626892,1.389540433883667,1.3790303372911044,2.9802322387695312e-08,0.0,False,0.9666058421134949,0.8395831668106735,3.7247982025146484,0.3497844338417053,0.5024561882019043,7
7,4,-0.031555320401631934,0.7929402589797974,1.396470069885254,0.8722647769110543,5.960464477539063e-08,0.0,False,0.9801089763641357,0.8513118401975778,3.917503595352173,0.33298763632774353,0.5014636516571045,7
7,5,-0.026274665376665805,0.8022127747535706,1.4011064767837524,1.4458243527582715,8.940696716308594e-08,0.0,False,0.9277442693710327,0.8058284336104072,3.5444836616516113,0.3702755868434906,0.5011712312698364,2
7,6,0.012286857256952173,0.8125383257865906,1.4062693119049072,0.19024527179343356,1.4901161193847656e-07,0.0,False,0.9816728830337524,0.8526702322712302,3.870988368988037,0.3385319113731384,0.5050315856933594,2
7,7,0.038850042299547194,0.8253352046012878,1.4126673936843872,0.5868942205395017,2.086162567138672e-07,0.0,False,1.041468858718872,0.9046083568313671,4.5591912269592285,0.2861520051956177,0.5002034306526184,2
7,8,0.013406173561972948,0.8085230588912964,1.404261589050293,1.0210358159882682,5.960464477539063e-08,0.0,False,1.0427688360214233,0.9057375027695621,4.433169364929199,0.2930475175380707,0.5220397710800171,7
7,9,0.013537228347551469,0.7837916612625122,1.3918957710266113,1.5657958718282838,5.960464477539063e-08,0.0,False,0.9455178380012512,0.8212663591700725,3.6383862495422363,0.3588627576828003,0.5001444816589355,2
7,10,-0.0016917928087491017,0.7903105020523071,1.3951553106307983,0.39680838638118343,5.960464477539063e-08,0.0,False,0.9513969421386719,0.8263728841409052,3.8398194313049316,0.33983251452445984,0.5002679824829102,2
7,11,0.011854169038544735,0.7935131192207336,1.396756649017334,0.41707499724413666,8.940696716308594e-08,0.0,False,0.9270495772361755,0.8052250316888271,3.6546545028686523,0.3580029010772705,0.500295877456665,2
7,12,0.007043676856481626,0.8119454383850098,1.4059727191925049,0.28508452938071316,0.0,0.0,False,0.9463416337966919,0.8219818991064224,3.6968026161193848,0.35523027181625366,0.500942587852478,7
7,13,-0.011809019180303472,0.7953645586967468,1.3976821899414062,0.12101457587310235,8.940696716308594e-08,0.0,False,0.9214416742324829,0.8003540690297223,3.5016050338745117,0.3744180202484131,0.500036895275116,7
7,14,0.013162012672625114,0.7955044507980347,1.397752285003662,0.3085119112261705,5.960464477539063e-08,0.0,False,0.9822887182235718,0.853205139920631,3.933206081390381,0.3317837417125702,0.5018304586410522,7
7,15,-0.021151708610468393,0.783267617225647,1.3916338682174683,0.9236608541437558,5.960464477539063e-08,0.0,False,1.0218892097473145,0.8876016898194669,4.202450275421143,0.3087437152862549,0.504386305809021,7
7,16,0.03406290563219927,0.7904273867607117,1.3952136039733887,1.849178503666605,8.940696716308594e-08,0.0,False,0.9976311922073364,0.8665314435004173,4.039137840270996,0.3222966194152832,0.5040388107299805,2
7,17,0.012355856305422372,0.7905027270317078,1.3952513933181763,2.002705144030707,2.9802322387695312e-08,0.0,False,0.9651470184326172,0.8383160486613235,4.029819011688232,0.32318758964538574,0.5000553131103516,7
7,18,0.02608439238634145,0.800789475440979,1.4003949165344238,0.7176041156053543,1.7881393432617188e-07,0.0,False,1.0069952011108398,0.8746649182909862,4.264888286590576,0.30410391092300415,0.5432319045066833,7
7,19,0.016264112490057422,0.7979479432106018,1.3989739418029785,0.3657429798373155,2.9802322387695312e-08,0.0,False,1.000715732574463,0.869210641221719,4.212252140045166,0.30909574031829834,0.5003172159194946,7
7,20,-0.0037908546853053825,0.7939578890800476,1.3969788551330566,0.844013140669891,8.940696716308594e-08,0.0,False,1.0449368953704834,0.9076206551930331,4.320467472076416,0.30065086483955383,0.5038536190986633,7
7,21,0.017450808644774423,0.8021063804626465,1.4010531902313232,0.5663939671857017,0.0,0.0,False,0.9981247186660767,0.8669601151358256,4.113144874572754,0.31678473949432373,0.5139828324317932,7
7,22,0.045574375984999665,0.7972180247306824,1.398608922958374,0.8786291389593056,8.940696716308594e-08,0.0,False,0.9840911626815796,0.8547707232847307,4.105646133422852,0.31725651025772095,0.5065993070602417,2
7,23,0.003918600108069336,0.7808597683906555,1.390429973602295,0.3735974367175783,8.940696716308594e-08,0.0,False,0.9642562866210938,0.8375423688401229,3.8294787406921387,0.3399471044540405,0.5042926669120789,2
7,24,0.0033123921006907127,0.7940050959587097,1.3970023393630981,0.37265864227499285,2.086162567138672e-07,0.0,False,1.0219768285751343,0.8876777945663328,4.179105281829834,0.31134164333343506,0.5020186901092529,2
8,1,0.0300321356984486,0.8325750231742859,1.4162874221801758,1.453486735799483,8.940696716308594e-08,0.0,False,0.9549651145935059,0.8294721593561324,4.007345199584961,0.32808709144592285,0.5001587867736816,7
8,2,0.007035658529034539,0.844113290309906,1.4220566749572754,0.07438398711383343,2.9802322387695312e-08,0.0,False,0.9510284662246704,0.826052830028575,3.937593460083008,0.33499303460121155,0.5002278089523315,7
8,3,0.036253574534330674,0.8490308523178101,1.4245153665542603,0.5466517859271595,5.960464477539063e-08,0.0,False,0.9913367033004761,0.8610641199031159,4.107997894287109,0.3208058476448059,0.5000226497650146,7
8,4,0.028703301423047518,0.8411073684692383,1.4205538034439087,0.14297579494970192,1.1920928955078125e-07,0.0,False,0.9735349416732788,0.8456017062174183,3.9952714443206787,0.32972830533981323,0.5001344680786133,7
8,5,-0.06695930966303364,0.8251872658729553,1.4125936031341553,0.35943594947457314,2.9802322387695312e-08,0.0,False,0.9666316509246826,0.8396055840592401,3.9744653701782227,0.3303989768028259,0.5000050067901611,7
8,6,-0.07368163353983732,0.8388086557388306,1.4194042682647705,0.17859696330768715,5.960464477539063e-08,0.0,False,0.9879509210586548,0.858123266814018,4.116870403289795,0.31930768489837646,0.5027954578399658,7
8,7,0.06945366482919434,0.8107116222381592,1.4053559303283691,0.2139526712042945,1.1920928955078125e-07,0.0,False,1.000593900680542,0.8691048193832197,4.261518955230713,0.3059602379798889,0.508888840675354,7
8,8,0.06232708579667233,0.8090285062789917,1.4045143127441406,0.5664766186050008,5.960464477539063e-08,0.0,False,0.939753532409668,0.8162595469492151,3.602659225463867,0.3644754886627197,0.5068894624710083,7
8,9,0.03923007822719141,0.8042327761650085,1.402116298675537,0.16417837355818066,8.940696716308594e-08,0.0,False,0.9662877321243286,0.839306859984807,3.752525806427002,0.349159300327301,0.500161349773407,7
8,10,-0.0011385246387409795,0.8210699558258057,1.4105348587036133,0.12356409643377575,1.1920928955078125e-07,0.0,False,0.9488653540611267,0.8241739746758453,3.640685796737671,0.36163267493247986,0.5021992921829224,7
8,11,0.016702156876026775,0.8248013854026794,1.412400722503662,0.5910976656845637,2.9802322387695312e-08,0.0,False,1.0036866664886475,0.8717911616317782,4.0583930015563965,0.323180228471756,0.5019476413726807,7
8,12,-0.007264144702450131,0.8197957277297974,1.409897804260254,0.21155238577297752,5.960464477539063e-08,0.0,False,0.9872190356254578,0.8574875592039722,3.9142396450042725,0.33531081676483154,0.5000160932540894,7
8,13,0.02624589584375429,0.8284742832183838,1.4142372608184814,0.6428153993827956,1.1920928955078125e-07,0.0,False,1.0052622556686401,0.8731597010050127,4.461294651031494,0.29289332032203674,0.5018936395645142,7
8,14,-0.00991766566384578,0.8275154232978821,1.4137576818466187,1.0158667426024164,2.9802322387695312e-08,0.0,False,0.9946767091751099,0.8639652121448718,3.971787214279175,0.3305620849132538,0.5080662965774536,7
8,15,0.010293742599773278,0.8030415177345276,1.4015207290649414,0.5031945407390594,2.9802322387695312e-08,0.0,False,1.0128496885299683,0.8797500614519852,4.114561080932617,0.3171246349811554,0.5000414252281189,7
8,16,0.0017994984894628826,0.8126581311225891,1.4063291549682617,0.5967369547912054,8.940696716308594e-08,0.0,False,1.0351313352584839,0.8991036538958092,4.287905216217041,0.3043365776538849,0.5010884404182434,7
8,17,0.022577057516235486,0.7976958155632019,1.3988478183746338,0.997585310467652,8.940696716308594e-08,0.0,False,0.9932174682617188,0.8626977315919653,4.0850372314453125,0.31905853748321533,0.5030696988105774,7
8,18,0.009428884402794959,0.8054757714271545,1.4027379751205444,0.1641120804207665,8.940696716308594e-08,0.0,False,0.9765220880508423,0.8481963085942446,3.8717141151428223,0.33805838227272034,0.5006821751594543,7
8,19,0.016471913213073335,0.8216567635536194,1.4108283519744873,0.44107092491218025,2.9802322387695312e-08,0.0,False,1.025045394897461,0.890343117408614,4.430171489715576,0.294649600982666,0.501441478729248,7
8,20,0.03403252179665604,0.8048802614212036,1.4024401903152466,0.5474036716456924,5.960464477539063e-08,0.0,False,0.9946038126945496,0.8639018950663567,4.425825595855713,0.293853223323822,0.5036089420318604,7
8,21,-0.07277708997974965,0.7906286120414734,1.395314335823059,0.8027703950979881,2.9802322387695312e-08,0.0,False,1.0129356384277344,0.8798247165846251,4.088563442230225,0.31835660338401794,0.5000782012939453,7
8,22,-0.06326725863516719,0.842172384262085,1.421086311340332,0.5354964560163874,1.1920928955078125e-07,0.0,False,1.0525577068328857,0.914240007924526,5.119086742401123,0.25407958030700684,0.5001153945922852,7
8,23,0.013049821925215099,0.8123698234558105,1.4061849117279053,0.1424856004970415,0.0,0.0,False,1.0508899688720703,0.9127914291372405,5.06268310546875,0.25557515025138855,0.5005795955657959,7
8,24,-0.016452853621752115,0.8051958680152893,1.4025979042053223,0.5008272784096854,2.9802322387695312e-08,0.0,False,1.0127661228179932,0.879677477196811,4.171627521514893,0.3126472532749176,0.5034078359603882,7
9,1,0.02851383130217954,0.8228968381881714,1.41144859790802,1.1100510443959917,1.7881393432617188e-07,0.0,False,1.0388154983520508,0.9023036772997446,4.299340724945068,0.30412557721138,0.5018960237503052,2
9,2,-0.022974627911970476,0.8176080584526062,1.408803939819336,0.4658138922282628,8.940696716308594e-08,0.0,False,0.9873358011245728,0.8575889804278569,3.9461963176727295,0.33227768540382385,0.5014461278915405,2
9,3,0.044010400823481725,0.8075655102729797,1.403782844543457,0.17686480922358383,8.940696716308594e-08,0.0,False,0.9987938404083252,0.8675413068965856,4.194504737854004,0.3109428286552429,0.5062877535820007,2
9,4,0.009870759776772127,0.788972020149231,1.3944860696792603,1.8651583098939486,5.960464477539063e-08,0.0,False,0.9969437718391418,0.8659343577551077,4.098814487457275,0.3174024522304535,0.5003502368927002,7
9,5,-0.015550208842657195,0.8167857527732849,1.4083929061889648,1.07114620081016,2.9802322387695312e-08,0.0,False,1.055111289024353,0.9164580212342073,4.532440662384033,0.2873660922050476,0.5020152926445007,7
9,6,-0.08388524190356221,0.8256161212921143,1.4128081798553467,1.42584881399359,1.1920928955078125e-07,0.0,False,1.0513534545898438,0.9131940077165804,4.484269142150879,0.2910131514072418,0.5064005851745605,2
9,7,0.04293046576754926,0.7863062620162964,1.393153190612793,0.29895831804190365,5.960464477539063e-08,0.0,False,1.0351216793060303,0.8990952668420729,4.500779628753662,0.2876547873020172,0.5012157559394836,2
9,8,-0.018073540796408532,0.7994698286056519,1.3997349739074707,1.5685863713068622,5.960464477539063e-08,0.0,False,1.0258522033691406,0.8910439023430206,4.17054557800293,0.3124343752861023,0.5001235008239746,7
9,9,0.03750894393822215,0.7937369346618652,1.3968684673309326,0.7222978611077581,0.0,0.0,False,0.939071774482727,0.8156673795378866,3.710136651992798,0.35243159532546997,0.50141441822052,7
9,10,0.04524929250364187,0.8019809126853943,1.4009904861450195,0.5708602044199194,2.9802322387695312e-08,0.0,False,1.0135924816131592,0.8803952433264366,4.044430732727051,0.3227723240852356,0.50069659948349,7
9,11,0.03793355648648625,0.7993391752243042,1.3996696472167969,1.0836475816156184,5.960464477539063e-08,0.0,False,0.8565207123756409,0.7439644380411663,3.1368963718414307,0.41993606090545654,0.500455379486084,7
9,12,0.03156913524342757,0.8014819025993347,1.4007409811019897,0.46569521192993435,2.9802322387695312e-08,0.0,False,0.9281270503997803,0.8061609129875318,3.478870391845703,0.37748730182647705,0.5001578330993652,7
9,13,-0.002954828144396122,0.7789354920387268,1.389467716217041,0.48809507489204407,2.9802322387695312e-08,0.0,False,0.9148290157318115,0.7946103868346179,3.4647417068481445,0.3770930767059326,0.5000005960464478,7
9,14,0.03585348324744156,0.793994128704071,1.3969969749450684,0.21296497913343554,8.940696716308594e-08,0.0,False,0.928101658821106,0.8061388581425217,3.54670786857605,0.3693535327911377,0.5004342794418335,2
9,15,0.03653887395539482,0.7898246645927429,1.3949123620986938,0.1460607360516275,2.9802322387695312e-08,0.0,False,0.9102736115455627,0.7906536130327643,3.4538278579711914,0.37928199768066406,0.5005629062652588,2
9,16,0.027470393217891072,0.7903447151184082,1.395172357559204,0.11582486118589108,0.0,0.0,False,0.862277626991272,0.7489648305418799,3.171119451522827,0.41435617208480835,0.500717043876648,7
9,17,0.030371901497271148,0.8080654144287109,1.4040327072143555,0.19993031769990915,0.0,0.0,False,0.9031364917755127,0.7844543895671335,3.489478349685669,0.3768705129623413,0.5001220107078552,2
9,18,-0.01799353669266587,0.7856775522232056,1.3928388357162476,0.07820229977369308,5.960464477539063e-08,0.0,False,0.9051173329353333,0.7861749263376073,3.4179446697235107,0.38303983211517334,0.5003029108047485,2
9,19,0.032536045447154695,0.7961679697036743,1.3980839252471924,0.060676611427749993,5.960464477539063e-08,0.0,False,0.9087517857551575,0.7893317719463822,3.4083964824676514,0.3851041793823242,0.5000951886177063,2
9,20,-0.015349903845998948,0.7926613092422485,1.3963305950164795,0.1100930933441435,5.960464477539063e-08,0.0,False,0.8959474563598633,0.7782100727446863,3.444512367248535,0.38061076402664185,0.5000661015510559,2
9,21,0.037161030497925476,0.7978662252426147,1.3989330530166626,0.15400892921856466,5.960464477539063e-08,0.0,False,0.9367595911026001,0.8136590425716116,3.565185070037842,0.3677073121070862,0.5000531077384949,2
9,22,0.012461292418199045,0.7682678699493408,1.3841339349746704,0.26691233473164694,0.0,0.0,False,0.8924233317375183,0.7751490569906387,3.4094371795654297,0.3824484944343567,0.5001509189605713,7
9,23,-0.012487340078320868,0.7807288765907288,1.390364408493042,0.434105704405478,2.9802322387695312e-08,0.0,False,0.9151089191436768,0.7948535078490958,3.415639638900757,0.3828657269477844,0.5000714063644409,7
9,24,0.014697535374687001,0.7929055094718933,1.396452784538269,0.657395004693951,2.9802322387695312e-08,0.0,False,0.9788064956665039,0.8501805198380438,3.82704496383667,0.3412054181098938,0.5005406141281128,2
10,1,0.035376763661890596,0.7915908694267273,1.3957953453063965,1.3793059608766012,8.940696716308594e-08,0.0,False,0.9703118205070496,0.8428021387434205,3.868023157119751,0.3373507559299469,0.5003453493118286,2
10,2,-0.006410584745515639,0.7592840194702148,1.3796420097351074,0.31984734588435726,0.0,0.0,False,0.927077054977417,0.8052488985516197,3.6825013160705566,0.3523763418197632,0.500391960144043,2
10,3,0.019466915498874263,0.7542418241500854,1.3771209716796875,0.39388156841908184,5.960464477539063e-08,0.0,False,0.9874517321586609,0.8576896768446285,3.854212522506714,0.33572548627853394,0.5000084638595581,2
10,4,-0.01663745599204465,0.8057380318641663,1.4028689861297607,0.6730645570371832,2.9802322387695312e-08,0.0,False,0.9146798253059387,0.7944808016771991,3.654632329940796,0.35900741815567017,0.5002627968788147,2
10,5,-0.01299479087672506,0.797523558139801,1.3987617492675781,0.38312288586582444,2.9802322387695312e-08,0.0,False,0.9457190036773682,0.8214410894562443,3.7888081073760986,0.3451462686061859,0.5006071925163269,2
10,6,-0.007883648102215162,0.7821882963180542,1.3910942077636719,0.3846064327018601,5.960464477539063e-08,0.0,False,0.9482508897781372,0.8236402577809874,3.7364161014556885,0.3489534556865692,0.500633955001831,2
10,7,-0.006959041695368297,0.779299259185791,1.3896496295928955,0.49623048252293034,0.0,0.0,False,0.9706137776374817,0.8430644153744564,4.004788875579834,0.3244743049144745,0.5001132488250732,2
10,8,0.02392797418577989,0.7654076814651489,1.3827037811279297,0.13295645692518782,5.960464477539063e-08,0.0,False,0.9783772230148315,0.8498076583503371,4.071848392486572,0.3179096281528473,0.5002903938293457,2
10,9,-0.004323381833828655,0.7452912926673889,1.3726457357406616,0.4018874099212032,8.940696716308594e-08,0.0,False,0.9724271297454834,0.844639473002962,4.180507183074951,0.3077903687953949,0.5048944354057312,5
10,10,0.01406371297547698,0.7392982840538025,1.3696491718292236,0.5446728074124881,2.9802322387695312e-08,0.0,False,1.0536766052246094,0.915211870719198,4.76935338973999,0.26780930161476135,0.5087422132492065,5
10,11,0.001450636356694198,0.7518199682235718,1.3759100437164307,1.0957117570298058,5.960464477539063e-08,0.0,False,1.0283663272857666,0.8932276426306439,4.3606276512146,0.294990211725235,0.504997730255127,7
10,12,-0.04089252685482928,0.7473315000534058,1.3736658096313477,1.3236849052565438,5.960464477539063e-08,0.0,False,1.080269694328308,0.9383103344281937,5.069974899291992,0.251799613237381,0.5014782547950745,7
10,13,0.08916899497018106,0.7648715376853943,1.3824360370635986,0.8614044806786947,2.682209014892578e-07,0.0,False,1.038360834121704,0.9019087609670279,4.431750774383545,0.29053226113319397,0.5188257694244385,2
10,14,0.019338764605439575,0.7969831824302673,1.398491621017456,2.3774348055677756,2.9802322387695312e-08,0.0,False,0.9553407430648804,0.8297984261008597,3.8944218158721924,0.33538690209388733,0.5000101923942566,7
10,15,0.01727813728000474,0.7405035495758057,1.3702517747879028,1.3095683460789067,0.0,0.0,False,1.093410849571228,0.9497245968438619,5.337967395782471,0.23779574036598206,0.5180039405822754,7
10,16,-0.0155047710259343,0.7499299049377441,1.3749650716781616,0.5583902533565248,1.1920928955078125e-07,0.0,False,1.045886754989624,0.9084456927753842,4.642797470092773,0.27566054463386536,0.5258392095565796,7
10,17,0.062344121192304106,0.7379962801933289,1.3689982891082764,1.322279698082379,1.4901161193847656e-07,0.0,False,1.0361230373382568,0.8999650353776839,4.620021820068359,0.2769986093044281,0.5000029802322388,5
10,18,0.019282948105171907,0.7972514629364014,1.3986258506774902,1.6936107937778746,1.1920928955078125e-07,0.0,False,0.9665158987045288,0.8395050429582784,3.9654622077941895,0.3291361331939697,0.5005441904067993,7
10,19,0.0024090158717254067,0.793170690536499,1.3965853452682495,0.42003411267484936,0.0,0.0,False,0.9966796636581421,0.8657049563038403,4.025876522064209,0.323617160320282,0.5034298300743103,7
10,20,0.02129297855656558,0.7763579487800598,1.388179063796997,1.1684596240520477,8.940696716308594e-08,0.0,False,0.9920318722724915,0.8616679360001892,3.978849411010742,0.3264574110507965,0.5001751780509949,7
10,21,0.014712193906995921,0.7766727209091187,1.388336420059204,0.10400386686835958,5.960464477539063e-08,0.0,False,0.9620875120162964,0.8356585951534121,3.7474489212036133,0.3474551737308502,0.5002452731132507,7
10,22,-0.013824124123696508,0.7996760606765747,1.3998380899429321,1.0187107037220682,5.960464477539063e-08,0.0,False,0.9663137197494507,0.8393294325491836,3.837808132171631,0.3407304883003235,0.5005163550376892,2
10,23,-0.000563201269512334,0.8043746948242188,1.4021873474121094,0.15961005325828267,0.0,0.0,False,1.003805160522461,0.8718940842418255,4.0482001304626465,0.32263123989105225,0.5006031394004822,2
10,24,0.01922406769381254,0.7949820756912231,1.3974909782409668,0.6613275344882692,5.960464477539063e-08,0.0,False,0.9568620920181274,0.8311198530117487,3.7699050903320312,0.346749484539032,0.5004931688308716,2
11,1,0.043580796231962496,0.8042887449264526,1.4021443128585815,1.2278261482715607,5.960464477539063e-08,0.0,False,1.010143518447876,0.8773995119844965,4.250686168670654,0.306517094373703,0.503138542175293,7
11,2,0.020282511822350895,0.7839674949645996,1.3919838666915894,0.7717386377709252,1.1920928955078125e-07,0.0,False,0.9485015273094177,0.8238579587745734,3.672182083129883,0.3554503321647644,0.5001688003540039,7
11,3,0.02232393503891027,0.8095447421073914,1.4047725200653076,0.4558081531098911,1.4901161193847656e-07,0.0,False,1.012359857559204,0.8793245996766488,4.214391708374023,0.309715211391449,0.500093400478363,7
11,4,0.02845883462227938,0.8210508823394775,1.4105253219604492,0.4469052494636605,1.1920928955078125e-07,0.0,False,1.0299326181411743,0.894588105581762,4.396584987640381,0.29665860533714294,0.5123178362846375,7
11,5,-0.03923704405544986,0.8120383024215698,1.4060192108154297,0.44673861776079465,5.960464477539063e-08,0.0,False,0.9984748363494873,0.8672642234916695,4.054360866546631,0.3225719928741455,0.5037124156951904,7
11,6,-0.01572724225814403,0.8004249334335327,1.4002124071121216,0.3502127485615867,5.960464477539063e-08,0.0,False,1.0015757083892822,0.8699576067236116,4.029408931732178,0.323907732963562,0.5010079145431519,7
11,7,-0.006673180541189004,0.786655604839325,1.3933277130126953,0.6684438671384539,8.940696716308594e-08,0.0,False,0.9844407439231873,0.8550743656931449,3.997767686843872,0.3255269527435303,0.503030002117157,7
11,8,0.008041122519333664,0.8036321997642517,1.4018161296844482,0.482398751590933,2.9802322387695312e-08,0.0,False,1.0132540464401245,0.8801012822701748,4.124721527099609,0.31626278162002563,0.5031540989875793,7
11,9,-0.005925693501507306,0.7928421497344971,1.3964210748672485,0.5176873302885464,0.0,0.0,False,0.9972150325775146,0.8661699718387723,4.070921421051025,0.3195447325706482,0.514973521232605,7
11,10,-0.05657841176898238,0.780309796333313,1.3901548385620117,0.8307536212461334,5.960464477539063e-08,0.0,False,1.0139830112457275,0.8807344530553249,4.129738807678223,0.3142315745353699,0.5036374926567078,2
11,11,0.03342136468805513,0.7345249652862549,1.367262363433838,0.3693695877279553,1.1920928955078125e-07,0.0,False,0.969707727432251,0.8422774301655385,3.844273328781128,0.33506298065185547,0.5001707673072815,7
11,12,0.019140262318379404,0.764446496963501,1.382223129272461,1.3520953463656562,1.1920928955078125e-07,0.0,False,0.9989198446273804,0.8676507527706501,3.9214742183685303,0.33049631118774414,0.5012936592102051,7
11,13,0.010160792124427588,0.7795394062995911,1.3897697925567627,1.4536045092557157,8.940696716308594e-08,0.0,False,0.9107888340950012,0.7911011296531107,3.4106056690216064,0.383269339799881,0.502822995185852,7
11,14,-0.009517625377081534,0.7860509157180786,1.3930253982543945,0.08149857286896023,5.960464477539063e-08,0.0,False,0.8975542783737183,0.7796057406127221,3.367677927017212,0.38898295164108276,0.500664472579956,7
11,15,-0.0014558889338468686,0.8016812205314636,1.4008406400680542,0.1424868910440377,2.9802322387695312e-08,0.0,False,0.9247236847877502,0.803204787177124,3.553577423095703,0.3692501187324524,0.5010613203048706,7
11,16,0.017200841360425972,0.7554305791854858,1.3777153491973877,1.3878915565354484,5.960464477539063e-08,0.0,False,0.9624344110488892,0.8359599078246773,3.6800060272216797,0.3523062765598297,0.5002769231796265,7
11,17,0.008581640697119794,0.7770507335662842,1.3885254859924316,0.5325036942958832,1.1920928955078125e-07,0.0,False,0.9920492768287659,0.8616830534056892,3.9475467205047607,0.32919561862945557,0.5004420876502991,7
11,18,-0.043503196104893664,0.7929335236549377,1.3964667320251465,2.2528839153902873,2.9802322387695312e-08,0.0,False,1.016623616218567,0.8830280533925058,4.376867294311523,0.296633243560791,0.5002044439315796,2
11,19,0.025016297812227927,0.7638229727745056,1.3819115161895752,0.6780512982181142,2.9802322387695312e-08,0.0,False,1.0466212034225464,0.9090836265787056,4.4754109382629395,0.28793179988861084,0.502122163772583,1
11,20,0.0018659611399461829,0.7707775831222534,1.385388731956482,0.4779833044324604,5.960464477539063e-08,0.0,False,1.0699886083602905,0.9293802966204276,5.153205871582031,0.24876689910888672,0.5001819133758545,2
11,21,-0.004412432093742643,0.7527418732643127,1.376370906829834,0.886488569102117,2.9802322387695312e-08,0.0,False,0.9850187301635742,0.8555763981627771,3.93179988861084,0.3287355601787567,0.5000981092453003,2
11,22,-0.011973887139542711,0.7650660276412964,1.3825329542160034,0.1999855680125099,5.960464477539063e-08,0.0,False,1.0114299058914185,0.8785168539211368,4.117026329040527,0.3142602741718292,0.5000895857810974,2
11,23,-0.011829318709200108,0.7718334794044495,1.3859167098999023,0.2779195298041617,2.9802322387695312e-08,0.0,False,0.9550904631614685,0.8295810357388936,3.689483404159546,0.35273048281669617,0.5000203847885132,2
11,24,0.010869050714204829,0.7714557647705078,1.3857277631759644,0.1761645781142371,1.1920928955078125e-07,0.0,False,0.9179412126541138,0.7973136067345222,3.6056408882141113,0.3612033724784851,0.5000704526901245,2
12,1,0.010094911524827593,0.8043543100357056,1.402177095413208,1.4783802021827017,5.960464477539063e-08,0.0,False,0.9149808883666992,0.7947423017291856,3.4945921897888184,0.3759772777557373,0.5000994205474854,7
12,2,0.017474259538245857,0.7904143929481506,1.395207166671753,0.5761160722800662,2.9802322387695312e-08,0.0,False,0.984834611415863,0.8554164746504852,3.9373209476470947,0.3310888111591339,0.5002228021621704,7
12,3,0.006989942239668317,0.7849647998809814,1.3924822807312012,1.664702584700925,1.1920928955078125e-07,0.0,False,0.9528413414955139,0.8276274734815874,3.720000743865967,0.3507075309753418,0.5031934976577759,2
12,4,-0.014963855674263594,0.7992515563964844,1.3996257781982422,1.6362205775720733,0.0,0.0,False,0.9975101351737976,0.8664262946970943,3.974375009536743,0.3285118341445923,0.5005892515182495,7
12,5,-0.036618542290011116,0.7898780703544617,1.3949389457702637,0.23601995940719342,8.940696716308594e-08,0.0,False,0.9987356662750244,0.8674907774864216,4.084934234619141,0.31859061121940613,0.500369131565094,7
12,6,-0.0345220901089268,0.7929322719573975,1.3964662551879883,1.7024343365005086,1.1920928955078125e-07,0.0,False,1.024639368057251,0.8899904469761984,4.463524341583252,0.28992900252342224,0.5250290632247925,2
12,7,0.023707893090668196,0.7892628908157349,1.3946313858032227,0.1840411424636841,5.960464477539063e-08,0.0,False,1.0250014066696167,0.8903049097193712,4.483098983764648,0.288754403591156,0.5111991167068481,2
12,8,0.03120473232924336,0.7975015640258789,1.3987507820129395,0.6543461478182248,0.0,0.0,False,0.9953186511993408,0.8645227959025223,4.066582202911377,0.32028234004974365,0.5129699110984802,2
12,9,0.01083632901162377,0.8035817742347717,1.4017908573150635,0.512836499937943,2.9802322387695312e-08,0.0,False,0.9225131869316101,0.8012847731347628,3.5526673793792725,0.3694809079170227,0.5020865201950073,7
12,10,0.05415955584097161,0.7958146929740906,1.3979072570800781,0.08430987543293389,8.940696716308594e-08,0.0,False,0.9517920613288879,0.8267160803089151,3.724857807159424,0.3511419892311096,0.5017276406288147,7
12,11,0.007948913712809633,0.8143042922019958,1.4071521759033203,1.255392322582858,2.9802322387695312e-08,0.0,False,0.9819408655166626,0.8529029988983794,3.9815540313720703,0.3290015459060669,0.5000212788581848,7
12,12,-0.023311715218486625,0.7992081642150879,1.399604082107544,0.3103601134249141,0.0,0.0,False,1.0238372087478638,0.88929370025285,4.200051307678223,0.310127317905426,0.5000149011611938,7
12,13,0.002815509754101529,0.810049831867218,1.4050250053405762,1.1765066662005017,8.940696716308594e-08,0.0,False,1.036949634552002,0.9006830085950561,4.652560710906982,0.27924007177352905,0.500147819519043,7
12,14,-0.05588671234399553,0.8109071850776672,1.4054535627365112,0.5970002487301826,2.9802322387695312e-08,0.0,False,1.0080063343048096,0.8755431774242067,4.385568141937256,0.29707133769989014,0.5031869411468506,2
12,15,0.009200334620073504,0.7478002905845642,1.3739001750946045,0.5470740337456976,2.9802322387695312e-08,0.0,False,1.0306906700134277,0.8952465410719943,4.687460422515869,0.2734258770942688,0.5000128746032715,2
12,16,-0.0043227142457611945,0.7952255010604858,1.3976128101348877,0.5074957268578666,5.960464477539063e-08,0.0,False,0.9892536401748657,0.8592547942612985,4.0111517906188965,0.3250483274459839,0.5018178820610046,7
12,17,0.0178398050612145,0.8027560710906982,1.4013781547546387,0.3741061410733632,1.1920928955078125e-07,0.0,False,1.0254340171813965,0.8906806704355297,4.23951530456543,0.3071441054344177,0.5073004961013794,7
12,18,0.05072345694230851,0.7965984344482422,1.398299217224121,0.8877358713320325,0.0,0.0,False,0.9682754874229431,0.8410334022999315,3.844266176223755,0.33991143107414246,0.5000752210617065,2
12,19,0.018027148592666714,0.82179856300354,1.4108991622924805,0.24188988017184387,1.1920928955078125e-07,0.0,False,0.8966741561889648,0.7788412761962441,3.395167589187622,0.38892602920532227,0.5013740658760071,7
12,20,0.014119659594209775,0.8027622699737549,1.401381015777588,0.16349992741431504,1.1920928955078125e-07,0.0,False,0.8785491585731506,0.7630981032981287,3.2385969161987305,0.40664535760879517,0.5003279447555542,2
12,21,0.051179626851881835,0.8203157782554626,1.4101579189300537,0.1024700169052396,2.9802322387695312e-08,0.0,False,0.8620667457580566,0.7487816614300351,3.189690113067627,0.41480231285095215,0.5004302263259888,7
12,22,-0.05398888512776776,0.8107720017433167,1.405385971069336,0.05442582177264338,2.9802322387695312e-08,0.0,False,0.8470110893249512,0.7357044844093773,3.101461410522461,0.42606350779533386,0.5000366568565369,7
12,23,0.049130465395032914,0.797755241394043,1.3988776206970215,0.5507353262177533,0.0,0.0,False,0.9692881107330322,0.8419129557315681,4.013621807098389,0.32506173849105835,0.5003807544708252,2
12,24,-0.0042991038310595375,0.8109896183013916,1.4054946899414062,0.8086765137101922,1.1920928955078125e-07,0.0,False,0.9523848295211792,0.8272309522188348,3.6986052989959717,0.35499727725982666,0.5001116394996643,7
13,1,0.01316458719974091,0.7911278009414673,1.3955639600753784,1.1335646573986327,5.960464477539063e-08,0.0,False,1.0276081562042236,0.8925691035965384,4.1463117599487305,0.31374096870422363,0.5010509490966797,7
13,2,0.023116499955037347,0.8114123344421387,1.4057061672210693,1.4283582653318132,0.0,0.0,False,0.8942458033561707,0.7767320357254508,3.324601173400879,0.3965437412261963,0.5010621547698975,7
13,3,-0.04926735532281061,0.8102921843528748,1.4051461219787598,1.474666029214859,2.9802322387695312e-08,0.0,False,1.0133897066116333,0.8802191151979754,4.106520652770996,0.31827259063720703,0.5001718997955322,7
13,4,-0.002551275262849477,0.8007831573486328,1.4003915786743164,1.5256212225982122,0.0,0.0,False,0.8639827370643616,0.7504458703334408,3.1973111629486084,0.4118885397911072,0.5001448392868042,7
13,5,0.005705312058555411,0.8249485492706299,1.4124741554260254,0.7403319573828152,1.1920928955078125e-07,0.0,False,0.9307371377944946,0.8084280060931511,3.644125461578369,0.36164748668670654,0.500294029712677,7
13,6,0.031593600916127514,0.8071258068084717,1.4035630226135254,0.15809334814548492,1.1920928955078125e-07,0.0,False,0.9729632139205933,0.8451051098011337,3.8416659832000732,0.340951532125473,0.5002089738845825,7
13,7,-0.001447906405451118,0.7941581010818481,1.3970789909362793,0.6956537993890898,5.960464477539063e-08,0.0,False,1.0390803813934326,0.9025337517861883,4.212862491607666,0.30860158801078796,0.5073122978210449,7
13,8,0.036017264074486986,0.7973330020904541,1.398666501045227,0.2503833408866609,0.0,0.0,False,1.023613691329956,0.8890995554904368,4.122490882873535,0.31608355045318604,0.5003499984741211,7
13,9,0.010050606164274375,0.8063533902168274,1.4031767845153809,0.6689258962869644,8.940696716308594e-08,0.0,False,0.9498447179794312,0.8250246393668349,3.6611554622650146,0.35829293727874756,0.5038106441497803,7
13,10,-0.0034923590067390074,0.8145644068717957,1.4072822332382202,0.284248101924147,2.9802322387695312e-08,0.0,False,0.9102157950401306,0.79060339425422,3.4839682579040527,0.3780158758163452,0.5014147162437439,2
13,11,0.003085250630576827,0.8163028955459595,1.408151388168335,0.3459816037544182,5.960464477539063e-08,0.0,False,0.9241172671318054,0.8026780594937128,3.6053478717803955,0.36493414640426636,0.5019562244415283,7
13,12,0.012652180499309981,0.812346875667572,1.4061734676361084,0.18277592531272338,2.9802322387695312e-08,0.0,False,0.9394999742507935,0.8160393091307336,3.74650239944458,0.3503752648830414,0.5004162192344666,7
13,13,-0.011096397219152256,0.814140260219574,1.4070701599121094,0.10783894572939187,2.9802322387695312e-08,0.0,False,0.9207733273506165,0.7997735503041387,3.63824200630188,0.3613462448120117,0.5013183951377869,7
13,14,0.036790555766514334,0.7810316681861877,1.390515923500061,0.5686220100947788,8.940696716308594e-08,0.0,False,0.9990224838256836,0.8677399040455501,4.209169387817383,0.3081170618534088,0.5029058456420898,2
13,15,0.007149273305582154,0.819390594959259,1.4096953868865967,0.9942950946944099,8.940696716308594e-08,0.0,False,1.0055420398712158,0.8734027184756175,4.064079761505127,0.3222779631614685,0.5037699341773987,7
13,16,-0.008132379912600024,0.8072459101676941,1.4036228656768799,0.33332423014300205,8.940696716308594e-08,0.0,False,1.0305885076522827,0.8951578039725873,4.309875965118408,0.3023928701877594,0.5000209808349609,7
13,17,0.019823245615781405,0.8070028424263,1.4035015106201172,0.3080059524093356,8.940696716308594e-08,0.0,False,1.0005019903182983,0.8690249870569154,4.052349090576172,0.322448194026947,0.5014621615409851,7
13,18,0.00727662136736845,0.8125659227371216,1.4062830209732056,0.10304033862692963,5.960464477539063e-08,0.0,False,1.0080697536468506,0.8755982627647955,4.093469619750977,0.3194841742515564,0.5003975629806519,7
13,19,0.03513969325829532,0.805388867855072,1.4026944637298584,0.06943836595330918,2.9802322387695312e-08,0.0,False,0.9977587461471558,0.8666422354448344,3.993018388748169,0.32735475897789,0.5006841421127319,7
13,20,0.03153284619044659,0.7626462578773499,1.3813230991363525,1.411283189696925,2.9802322387695312e-08,0.0,False,1.0527234077453613,0.9143839339083949,4.399239540100098,0.2930697500705719,0.5019237399101257,2
13,21,0.012571337069176299,0.8053886890411377,1.4026943445205688,0.3380666981850352,0.0,0.0,False,0.9868764877319336,0.857190025884082,3.971457004547119,0.3292011022567749,0.5009419322013855,2
13,22,-0.011045124053275011,0.8280456066131592,1.4140229225158691,0.214017817484481,1.1920928955078125e-07,0.0,False,0.9518672227859497,0.8267813647210225,3.8102827072143555,0.34545713663101196,0.5009018182754517,2
13,23,0.015394261327458771,0.8231593370437622,1.4115796089172363,0.6817520428448915,5.960464477539063e-08,0.0,False,1.0347492694854736,0.8987717957819242,4.655919551849365,0.27976369857788086,0.5007264614105225,7
13,24,0.005011527998124568,0.8142774105072021,1.4071388244628906,0.17571165944848738,1.1920928955078125e-07,0.0,False,1.018953561782837,0.8850518183959006,4.373556613922119,0.2982296645641327,0.5000088810920715,7
14,1,-0.061830318405437824,0.7514929175376892,1.3757463693618774,1.3122962388609136,8.940696716308594e-08,0.0,False,0.9649476408958435,0.838142871533251,3.7990798950195312,0.34048300981521606,0.5031014680862427,2
14,2,-0.06497886775377502,0.8000959157943726,1.4000478982925415,1.3460063955613544,5.960464477539063e-08,0.0,False,1.0483479499816895,0.910583459583268,4.690362453460693,0.27615246176719666,0.5056602358818054,1
14,3,0.0035158726991110075,0.7622007727622986,1.3811005353927612,1.7810254618525505,1.4901161193847656e-07,0.0,False,0.9832436442375183,0.8540345781175966,3.988123893737793,0.3243710994720459,0.509865403175354,2
14,4,-0.015272422330689813,0.7756998538970947,1.3878499269485474,0.4413193070462772,0.0,0.0,False,0.9496604204177856,0.8248645605387331,3.9686472415924072,0.327204167842865,0.5031164884567261,2
14,5,-0.09852399359968875,0.769568681716919,1.3847841024398804,0.17119685241154262,2.384185791015625e-07,0.0,False,0.9696539640426636,0.842230731878686,4.049078941345215,0.3200310468673706,0.501857340335846,2
14,6,0.062265188307095064,0.7816143035888672,1.3908072710037231,0.3373979585511343,1.1920928955078125e-07,0.0,False,0.9916702508926392,0.861353835660573,4.001199245452881,0.3248908221721649,0.5022083520889282,1
14,7,-0.08261311789716466,0.7657234072685242,1.3828617334365845,0.5226590814335005,2.9802322387695312e-08,0.0,False,1.0717616081237793,0.9309203046478256,5.06252908706665,0.2531757950782776,0.5008092522621155,2
14,8,-0.09107691273889783,0.7634783983230591,1.3817391395568848,0.6058902048638888,5.960464477539063e-08,0.0,False,1.0184919834136963,0.8846508965185332,4.311509609222412,0.2991228997707367,0.5107781291007996,1
14,9,0.04122171394109682,0.7503064870834351,1.3751531839370728,0.7713050086583411,5.960464477539063e-08,0.0,False,0.9661058187484741,0.839148852034171,3.8284833431243896,0.3374146521091461,0.5136442184448242,1
14,10,-0.0005433778320152317,0.7802819609642029,1.3901410102844238,0.9428700070296014,2.9802322387695312e-08,0.0,False,1.0035498142242432,0.8716722932652446,4.1035566329956055,0.3164075016975403,0.5003606677055359,7
14,11,0.0017680425289443268,0.7681942582130432,1.3840972185134888,0.7269780305879456,8.940696716308594e-08,0.0,False,1.0555057525634766,0.9168006479109141,4.5965704917907715,0.2803165018558502,0.5001981258392334,7
14,12,-0.007497540512145621,0.774803876876831,1.387402057647705,0.8816289374870914,1.1920928955078125e-07,0.0,False,0.9860392212867737,0.8564627854900506,4.152902126312256,0.3120473623275757,0.5026731491088867,2
14,13,0.03458296312610853,0.7554969787597656,1.3777484893798828,0.32514383750302445,0.0,0.0,False,0.9873218536376953,0.8575768657946823,4.079464912414551,0.31650957465171814,0.5029621124267578,2
14,14,0.05389591029058155,0.7660269737243652,1.3830134868621826,0.35001774531389995,0.0,0.0,False,0.9822626113891602,0.853182463812381,4.092820167541504,0.31621742248535156,0.5018923878669739,2
14,15,0.01122243176480691,0.782351553440094,1.3911757469177246,0.49142687341996594,2.9802322387695312e-08,0.0,False,1.00315260887146,0.8713272850794523,4.200489521026611,0.30890995264053345,0.5014663934707642,2
14,16,0.010886266102643441,0.7813281416893005,1.3906642198562622,0.39848727200712486,1.4901161193847656e-07,0.0,False,0.9525200128555298,0.8273483709711422,3.69781494140625,0.3525025248527527,0.506754994392395,2
14,17,0.019691361834037913,0.8044474124908447,1.4022235870361328,0.981851046106645,1.1920928955078125e-07,0.0,False,0.9567222595214844,0.8309983960483831,3.893786907196045,0.3360043466091156,0.5000002980232239,2
14,18,0.07478436832549025,0.8049143552780151,1.4024572372436523,0.2771519252232142,5.960464477539063e-08,0.0,False,0.9964048862457275,0.8654662876759137,4.1430745124816895,0.31494876742362976,0.5009605288505554,2
14,19,0.026921779924999636,0.8076665997505188,1.4038335084915161,0.8435742503830366,2.086162567138672e-07,0.0,False,0.934117317199707,0.8113639926202048,3.7370002269744873,0.35093772411346436,0.5002439618110657,2
14,20,0.02648921839231364,0.807332456111908,1.403666377067566,0.10520635545253754,1.4901161193847656e-07,0.0,False,0.9322294592857361,0.8097242200708947,3.634550094604492,0.3612046241760254,0.5000959634780884,2
14,21,0.0032609894585947895,0.814702570438385,1.4073512554168701,0.07689153296606888,2.9802322387695312e-08,0.0,False,0.9552035331726074,0.8296792471027064,3.740436315536499,0.3511603772640228,0.5001239776611328,2
14,22,0.059829983505137935,0.8088992238044739,1.4044495820999146,0.2120269749845778,2.9802322387695312e-08,0.0,False,0.8989653587341309,0.7808313894408206,3.347060203552246,0.3935854434967041,0.5000658631324768,2
14,23,0.005909408081133893,0.8033362030982971,1.4016681909561157,0.1029819941946438,8.940696716308594e-08,0.0,False,0.8895140886306763,0.7726221205350057,3.305295944213867,0.3982161283493042,0.5001471042633057,7
14,24,-0.028991776446259665,0.8187631368637085,1.409381628036499,0.6088013648986816,5.960464477539063e-08,0.0,False,1.017163872718811,0.8834973142262426,4.213976860046387,0.3103633224964142,0.5000021457672119,2
15,1,-0.0002896275074201933,0.7732674479484558,1.3866337537765503,1.062187326805932,2.9802322387695312e-08,0.0,False,1.0617971420288086,0.9222652793675099,4.801292419433594,0.26750466227531433,0.5227989554405212,2
15,2,-0.05550574114277414,0.8009821176528931,1.4004911184310913,1.8742627863373076,5.960464477539063e-08,0.0,False,0.9980891942977905,0.866929259061586,4.086885929107666,0.319147527217865,0.5027332305908203,7
15,3,0.015523330809182844,0.8070892691612244,1.4035447835922241,1.6566003837755747,1.4901161193847656e-07,0.0,False,1.0633212327957153,0.9235890877874845,5.279296398162842,0.2423851191997528,0.5668510794639587,7
15,4,0.005716781151509113,0.8142424821853638,1.4071213006973267,0.4077097624540328,5.960464477539063e-08,0.0,False,1.0162699222564697,0.8827208387204631,4.284978866577148,0.30459874868392944,0.5031275749206543,2
15,5,0.08543592017580343,0.8242360353469849,1.4121179580688477,1.7220445690410477,5.960464477539063e-08,0.0,False,0.9944196939468384,0.863741971554065,4.105128288269043,0.31896308064460754,0.5133247375488281,7
15,6,0.024664144834911843,0.7915111780166626,1.3957555294036865,0.2539943775960377,5.960464477539063e-08,0.0,False,1.0044281482696533,0.8724352045236234,4.27705192565918,0.30282098054885864,0.535400390625,7
15,7,-0.004137877025005957,0.7857360243797302,1.3928680419921875,0.8456679997699601,2.9802322387695312e-08,0.0,False,1.0436675548553467,0.906518120030273,4.5253071784973145,0.28575414419174194,0.5098720192909241,7
15,8,0.013039848394908144,0.8251644968986511,1.4125821590423584,0.6146378229771341,8.940696716308594e-08,0.0,False,1.0008876323699951,0.869359951486999,4.288949489593506,0.3049868047237396,0.5038424730300903,7
15,9,0.010520904532293911,0.8065032362937927,1.4032516479492188,0.12867692964417587,2.9802322387695312e-08,0.0,False,0.9994853734970093,0.8681419649055236,4.274408340454102,0.30452239513397217,0.5159316062927246,7
15,10,0.010045005229858005,0.8086757063865662,1.404337763786316,0.1207774457122599,8.940696716308594e-08,0.0,False,0.9768581390380859,0.8484881987730406,4.087667465209961,0.31965768337249756,0.5014263391494751,7
15,11,-0.0028286515923667227,0.8018494248390198,1.4009246826171875,0.052556903766734275,2.9802322387695312e-08,0.0,False,0.9866774678230286,0.8570171593876293,4.147037029266357,0.31438910961151123,0.5022233724594116,7
15,12,-0.026605166977349014,0.8121253848075867,1.4060626029968262,0.5486390782254082,8.940696716308594e-08,0.0,False,0.993492603302002,0.8629367108515118,4.073175430297852,0.3209092617034912,0.5076624751091003,7
15,13,-0.004774037834979858,0.8029506206512451,1.4014753103256226,0.4493860549160412,0.0,0.0,False,1.0425788164138794,0.9055724538355426,4.720346450805664,0.27410948276519775,0.518574595451355,3
15,14,0.028573234541367228,0.7872071266174316,1.3936035633087158,0.5184352248907089,0.0,0.0,False,1.0244669914245605,0.8898407225354255,4.416276931762695,0.29339128732681274,0.5043021440505981,7
15,15,-0.0049326840630644665,0.7907929420471191,1.3953967094421387,0.542439519826855,2.384185791015625e-07,0.0,False,1.0292303562164307,0.8939781286242282,4.682214260101318,0.2762759327888489,0.5000562071800232,7
15,16,0.02537702102021244,0.7985947728157043,1.3992974758148193,0.865084195509553,8.940696716308594e-08,0.0,False,1.0473231077194214,0.9096932929046195,4.849514007568359,0.2663303017616272,0.5134921669960022,1
15,17,0.052254326794356626,0.7853127717971802,1.3926563262939453,0.35256323005471923,5.960464477539063e-08,0.0,False,0.9973921775817871,0.8663238380344769,4.2569966316223145,0.30461788177490234,0.5093172192573547,7
15,18,-0.03037704787988124,0.7615371346473694,1.3807685375213623,0.2636707148381641,2.9802322387695312e-08,0.0,False,0.9985653162002563,0.8673428132914944,4.101686477661133,0.31492921710014343,0.5119109153747559,7
15,19,0.032962450697607254,0.757175087928772,1.3785874843597412,0.9454106917338712,5.960464477539063e-08,0.0,False,1.0447620153427124,0.9074687563309212,5.012450218200684,0.25485098361968994,0.5216073989868164,1
15,20,0.0017334390234749059,0.7639676928520203,1.3819838762283325,0.8169955680412906,2.9802322387695312e-08,0.0,False,1.0090876817703247,0.8764824238987934,4.3686699867248535,0.2952222526073456,0.5048248767852783,7
15,21,0.016582620985140743,0.796870231628418,1.3984352350234985,0.15992411332471035,1.1920928955078125e-07,0.0,False,0.9959339499473572,0.8650572376044934,4.199147701263428,0.310019850730896,0.5007086992263794,7
15,22,0.050126543616845785,0.7795434594154358,1.3897716999053955,0.4515751227736474,2.9802322387695312e-08,0.0,False,1.014092206954956,0.8808292992432558,4.4303741455078125,0.29177117347717285,0.5103392601013184,7
15,23,0.025105792137760256,0.7792484760284424,1.3896241188049316,0.27912463141339167,1.1920928955078125e-07,0.0,False,1.0221900939941406,0.8878630345556433,4.405517578125,0.29346764087677,0.5106271505355835,7
15,24,0.0012182181913202657,0.7559565305709839,1.3779783248901367,0.7308796463268143,5.960464477539063e-08,0.0,False,0.9234290719032288,0.8020803007132269,3.4703102111816406,0.37439778447151184,0.500555157661438,1
16,1,-0.044269912050873744,0.7933642864227295,1.3966822624206543,1.4768810509038823,1.1920928955078125e-07,0.0,False,0.9252484440803528,0.8036605873073335,3.7329630851745605,0.35020148754119873,0.500001072883606,2
16,2,0.02659876530302557,0.8321087956428528,1.416054368019104,0.413819416026984,2.9802322387695312e-08,0.0,False,0.8663115501403809,0.7524686516700394,3.2042582035064697,0.41398686170578003,0.5003320574760437,2
16,3,0.003389492236032552,0.8146539926528931,1.4073269367218018,0.8945726943867548,5.960464477539063e-08,0.0,False,0.9265257120132446,0.8047700081376672,3.744884729385376,0.35071292519569397,0.5004562735557556,2
16,4,0.016058361976675952,0.8136266469955444,1.406813383102417,0.13108721056154782,5.960464477539063e-08,0.0,False,0.9068288207054138,0.7876615057263892,3.5681650638580322,0.36871349811553955,0.5001953840255737,2
16,5,-0.022682061074710082,0.8239607810974121,1.411980390548706,0.24391536733933855,0.0,0.0,False,0.9031811356544495,0.7844931667476795,3.5750184059143066,0.36884599924087524,0.5000498294830322,2
16,6,0.03248014654650678,0.8299980759620667,1.4149991273880005,0.21682989490883672,8.940696716308594e-08,0.0,False,0.9476183652877808,0.8230908539893265,3.8653976917266846,0.3404850661754608,0.5002827048301697,2
16,7,-0.01831586966765257,0.8297395706176758,1.4148696660995483,0.6582524834999015,1.1920928955078125e-07,0.0,False,0.9133946895599365,0.7933645469512284,3.7376554012298584,0.3526022732257843,0.5004259347915649,2
16,8,0.012315381774098385,0.8357363343238831,1.4178681373596191,0.5592109270926032,2.9802322387695312e-08,0.0,False,0.9270765781402588,0.8052484843761266,3.849543571472168,0.3423856794834137,0.5000001192092896,2
16,9,0.02916867938888012,0.8328716158866882,1.416435718536377,0.5595948246440717,8.940696716308594e-08,0.0,False,0.9017322063446045,0.7832346427398125,3.5591678619384766,0.3712989091873169,0.5000091791152954,2
16,10,0.024259158389496428,0.8267163634300232,1.413358211517334,0.07287732671414102,2.9802322387695312e-08,0.0,False,0.8843826055526733,0.7681649709654924,3.4152541160583496,0.3870280385017395,0.5000003576278687,2
16,11,0.03358316995223057,0.8182379603385925,1.409118890762329,0.07499016901212094,8.940696716308594e-08,0.0,False,0.8670821189880371,0.7531379592669667,3.264512062072754,0.4047788381576538,0.5000275373458862,2
16,12,0.019390936046623623,0.8104411959648132,1.4052205085754395,0.0740810614079237,8.940696716308594e-08,0.0,False,0.8539983630180359,0.7417735532262862,3.1514039039611816,0.41905003786087036,0.500156044960022,7
16,13,-0.004888692005639121,0.7935147881507874,1.3967573642730713,0.02163220409836089,2.9802322387695312e-08,0.0,False,0.8539677262306213,0.7417469424508515,3.1338388919830322,0.41977715492248535,0.5003393292427063,7
16,14,0.04827291739356682,0.7939085364341736,1.3969542980194092,1.286521286304508,2.9802322387695312e-08,0.0,False,0.9667613506317139,0.8397182397933763,3.8099873065948486,0.3424037992954254,0.517620325088501,7
16,15,0.034870522451999356,0.8006995320320129,1.4003498554229736,0.3864871838263103,8.940696716308594e-08,0.0,False,0.9613058567047119,0.834979657976269,3.830519199371338,0.3414381742477417,0.5021563768386841,7
16,16,0.00569473361471875,0.7908132076263428,1.395406723022461,1.526677094399929,1.1920928955078125e-07,0.0,False,0.8834372162818909,0.7673438162783898,3.2584874629974365,0.4029437303543091,0.5000531673431396,7
16,17,0.012773808815740244,0.8127068877220154,1.40635347366333,0.5455224865249226,2.9802322387695312e-08,0.0,False,0.9119238257408142,0.7920869708706765,3.6630237102508545,0.35872337222099304,0.5000962615013123,2
16,18,-0.035325028253828245,0.8285735845565796,1.4142868518829346,0.48189481480845375,5.960464477539063e-08,0.0,False,0.862510621547699,0.7491672070422194,3.2177529335021973,0.41186094284057617,0.5000041723251343,2
16,19,0.0011005514806572483,0.8188259601593018,1.4094128608703613,0.46137441641518045,1.1920928955078125e-07,0.0,False,0.9151390790939331,0.7948797044490374,3.475616216659546,0.378995805978775,0.5129280090332031,7
16,20,0.0016179854159448872,0.794000506401062,1.3970003128051758,0.3096598823155675,5.960464477539063e-08,0.0,False,0.888524055480957,0.7717621886673569,3.2956457138061523,0.3984758257865906,0.5026772022247314,7
16,21,0.023306806285669585,0.775870680809021,1.3879354000091553,0.438225681228297,5.960464477539063e-08,0.0,False,0.897333025932312,0.7794135631839014,3.336245059967041,0.3918363153934479,0.5002015233039856,2
16,22,-0.004737636824078321,0.7989060878753662,1.3994531631469727,1.0209266883986337,1.1920928955078125e-07,0.0,False,1.0094664096832275,0.8768113827842262,4.021134376525879,0.32450026273727417,0.5007787942886353,7
16,23,0.036426306333388656,0.7481469511985779,1.3740735054016113,0.984672585768359,2.9802322387695312e-08,0.0,False,0.8927106857299805,0.7753986494971972,3.2735891342163086,0.3969076871871948,0.5001217126846313,7
16,24,-0.014398965255613462,0.7891128659248352,1.3945564031600952,0.34808871469327385,2.9802322387695312e-08,0.0,False,0.8838956952095032,0.7677420460150516,3.261070728302002,0.4024522006511688,0.5000032186508179,7
17,1,-0.025061161632733725,0.7916267514228821,1.3958134651184082,1.3918409730706895,8.940696716308594e-08,0.0,False,0.9407733678817749,0.8171453647851856,3.6167006492614746,0.3617423474788666,0.5004414916038513,2
17,2,-0.016937742407419132,0.7882354259490967,1.394117832183838,0.4163617555584225,1.1920928955078125e-07,0.0,False,1.0105583667755127,0.8777598446635353,4.054130554199219,0.3209685981273651,0.501428484916687,2
17,3,0.053853341082420944,0.7850951552391052,1.3925477266311646,0.31124657392501826,1.4901161193847656e-07,0.0,False,0.9491382241249084,0.8244109866017993,3.6064844131469727,0.3622235655784607,0.5017066597938538,2
17,4,-0.02373341870372646,0.792375922203064,1.3961880207061768,1.230387197541339,5.960464477539063e-08,0.0,False,0.8712263703346252,0.7567376102498534,3.2195467948913574,0.4081251919269562,0.5003877878189087,7
17,5,-0.034814948822300476,0.7597633004188538,1.3798816204071045,0.0748258126633507,2.9802322387695312e-08,0.0,False,0.8786278963088989,0.7631664940264348,3.2113184928894043,0.4059569835662842,0.5018987059593201,7
17,6,-0.03118929337639121,0.7108179926872253,1.355408787727356,1.162623303277152,2.086162567138672e-07,0.0,False,1.0798250436782837,0.9379241157808331,4.973330020904541,0.2549378275871277,0.5003750324249268,2
17,7,-0.04115597661848248,0.7299606800079346,1.3649802207946777,1.1213306039571762,1.1920928955078125e-07,0.0,False,1.065983772277832,0.9259017401973502,4.89546537399292,0.25982993841171265,0.5187406539916992,1
17,8,0.014838640485408849,0.7589402794837952,1.3794701099395752,0.6695579460689001,2.9802322387695312e-08,0.0,False,1.005685806274414,0.8735275923868016,4.297858715057373,0.30008620023727417,0.5000441670417786,1
17,9,0.013058331119444804,0.7519747018814087,1.3759872913360596,0.3294752463698387,5.960464477539063e-08,0.0,False,1.0707839727401733,0.9300711413429987,5.104423522949219,0.2501784563064575,0.5047159194946289,2
17,10,0.017089140628457587,0.7812215685844421,1.390610694885254,0.39468912993158617,8.940696716308594e-08,0.0,False,1.109833002090454,0.9639886972840088,5.466946125030518,0.23416419327259064,0.5023643374443054,2
17,11,0.032026090895590616,0.7790641188621521,1.3895319700241089,0.4875333213380405,8.940696716308594e-08,0.0,False,0.9646581411361694,0.8378914152369734,3.854865789413452,0.33756375312805176,0.50119948387146,2
17,12,-0.010090251002049697,0.7743903398513794,1.3871952295303345,0.8112922832369804,5.960464477539063e-08,0.0,False,0.9523743391036987,0.8272218403579855,3.771054983139038,0.3449345827102661,0.5033286809921265,2
17,13,-0.015481020163216778,0.7833002209663391,1.3916500806808472,0.701213892017092,2.9802322387695312e-08,0.0,False,1.0220694541931152,0.8877582481558768,4.159614562988281,0.31217971444129944,0.5000953674316406,2
17,14,0.01484693806006071,0.7645862698554993,1.3822932243347168,0.2964348548224995,8.940696716308594e-08,0.0,False,0.9969968795776367,0.8659804865506571,3.9518110752105713,0.32787489891052246,0.5011298656463623,2
17,15,-0.008807083443339747,0.7671253681182861,1.383562684059143,0.2723909073642321,0.0,0.0,False,1.019923210144043,0.8858940442612172,4.217883586883545,0.30651652812957764,0.5024965405464172,2
17,16,-0.03415006742959681,0.7650445103645325,1.3825223445892334,0.24811518085854387,8.940696716308594e-08,0.0,False,1.0081056356430054,0.8756294294706548,4.020618915557861,0.3220638036727905,0.501621663570404,2
17,17,0.009189499239649311,0.7322786450386047,1.36613929271698,0.44164837896823883,2.9802322387695312e-08,0.0,False,1.0002233982086182,0.8687830050250436,3.987931966781616,0.3222079277038574,0.5077379941940308,2
17,18,-0.012907906969280741,0.7365240454673767,1.3682620525360107,0.15767516408647803,2.9802322387695312e-08,0.0,False,0.9991275668144226,0.8678311779698527,4.111920356750488,0.3122588098049164,0.514899492263794,2
17,19,-0.022618071132450023,0.7491624355316162,1.3745813369750977,2.1172103232571056,1.1920928955078125e-07,0.0,False,0.9388474822044373,0.8154725617402971,3.557527542114258,0.3643151521682739,0.5005952715873718,7
17,20,0.05710903526581498,0.7448963522911072,1.372448205947876,0.6174535666193282,2.9802322387695312e-08,0.0,False,1.0349862575531006,0.8989776410020188,4.283741474151611,0.30016425251960754,0.5000947713851929,7
17,21,-0.002868838336484638,0.7577037811279297,1.3788518905639648,0.6038679118667329,0.0,0.0,False,1.030008316040039,0.8946538559412993,4.10785436630249,0.3144606947898865,0.5002586245536804,7
17,22,-0.03131210972609362,0.7672240734100342,1.383612036705017,1.2460844261305672,0.0,0.0,False,0.9919049143791199,0.8615576617751386,3.9232871532440186,0.33054837584495544,0.5012875199317932,7
17,23,-0.08625558087020284,0.7720902562141418,1.386045217514038,1.2116319611668587,8.940696716308594e-08,0.0,False,0.9522508978843689,0.8271146206771968,3.718466281890869,0.3498508930206299,0.5019012093544006,2
17,24,-0.03026605343569585,0.7369799613952637,1.3684900999069214,0.807052880525589,1.1920928955078125e-07,0.0,False,1.0614004135131836,0.9219206853572107,4.889616012573242,0.26094484329223633,0.5022698044776917,1
18,1,0.07883516108635376,0.8222723603248596,1.4111361503601074,1.359708079269954,2.9802322387695312e-08,0.0,False,0.9695354700088501,0.8421278092686387,3.851888418197632,0.3406941592693329,0.5160083770751953,7
18,2,0.04871343591261077,0.8223342895507812,1.4111671447753906,0.8937749490141869,0.0,0.0,False,0.9553771018981934,0.8298300069822123,3.816176176071167,0.34449055790901184,0.5000832080841064,7
18,3,0.058935505388621356,0.8192418217658997,1.409621000289917,0.14861801373107086,8.940696716308594e-08,0.0,False,0.9831194877624512,0.8539267371735682,3.9949471950531006,0.32820212841033936,0.5001121759414673,7
18,4,-0.007014299996970942,0.82015460729599,1.4100773334503174,0.13287732430866792,2.9802322387695312e-08,0.0,False,0.9917663335800171,0.8614372920224423,4.094974040985107,0.31988465785980225,0.5004768967628479,7
18,5,-0.02074551345530248,0.8042648434638977,1.402132511138916,0.4872528655188425,8.940696716308594e-08,0.0,False,1.018376350402832,0.8845504589614448,4.1303534507751465,0.3159440755844116,0.500005841255188,7
18,6,0.026124534553495487,0.7973182797431946,1.3986592292785645,0.8324104164327895,8.940696716308594e-08,0.0,False,1.0252503156661987,0.8905211093267944,4.27366304397583,0.30405107140541077,0.5134478211402893,7
18,7,0.016797705949681156,0.787096381187439,1.3935482501983643,0.21069837255137303,5.960464477539063e-08,0.0,False,1.031516432762146,0.8959637894822535,4.210452556610107,0.30842846632003784,0.502974808216095,7
18,8,0.01460018139107072,0.7826213836669922,1.391310691833496,0.19865891763142188,0.0,0.0,False,1.0138967037200928,0.8806594872910651,4.071547031402588,0.31916186213493347,0.5005413293838501,7
18,9,-0.008703552546916002,0.8144787549972534,1.407239317893982,1.124709572110857,5.960464477539063e-08,0.0,False,1.008026123046875,0.8755603657071724,4.313427448272705,0.3025602102279663,0.5013731718063354,2
18,10,-0.030834801923239882,0.8226677179336548,1.4113337993621826,1.5231669140713557,5.960464477539063e-08,0.0,False,1.0403079986572266,0.9036000465932981,4.369363784790039,0.2990485429763794,0.5003331899642944,7
18,11,-0.00830943878771703,0.8055607080459595,1.4027804136276245,1.8047936760953496,5.960464477539063e-08,0.0,False,0.9981172680854797,0.8669536436437452,4.176609516143799,0.31230971217155457,0.502427339553833,2
18,12,0.0029071592148863044,0.7838585376739502,1.391929268836975,1.6590997981173652,0.0,0.0,False,0.9383653402328491,0.8150537785447878,3.586817979812622,0.3640688359737396,0.5058082342147827,1
18,13,0.012064211736278503,0.7849836349487305,1.3924918174743652,2.0064021221229007,0.0,0.0,False,1.0153573751449585,0.881928210370451,4.243049144744873,0.30587488412857056,0.5006775259971619,2
18,14,0.0057291840187304165,0.8000845909118652,1.4000422954559326,0.8075920066663197,0.0,0.0,False,1.0065689086914062,0.8742946454001118,4.1055073738098145,0.3176370859146118,0.5004649758338928,2
18,15,-0.03624872080829859,0.7895060181617737,1.3947529792785645,0.46574833137648447,2.9802322387695312e-08,0.0,False,1.0558621883392334,0.9171102440920422,4.434683799743652,0.29236090183258057,0.5006227493286133,2
18,16,0.02266261346816027,0.7728881239891052,1.386444091796875,0.6747082493134907,2.9802322387695312e-08,0.0,False,0.9742598533630371,0.8462313565108767,3.8209474086761475,0.34022483229637146,0.5001013278961182,1
18,17,0.0009466963605063907,0.7757024765014648,1.387851357460022,0.41091612513576237,1.1920928955078125e-07,0.0,False,1.011718988418579,0.8787679478138578,4.224090576171875,0.3066742718219757,0.5008585453033447,1
18,18,-0.026198428873384267,0.7815030217170715,1.390751600265503,0.7996600153190748,8.940696716308594e-08,0.0,False,0.9962708353996277,0.8653498525904024,4.134948253631592,0.31394633650779724,0.5019737482070923,1
18,19,-0.06342245864716939,0.7967303395271301,1.3983651399612427,0.9495554800544466,2.9802322387695312e-08,0.0,False,0.99852055311203,0.8673039325670752,4.1794657707214355,0.3114684522151947,0.5031307339668274,1
18,20,-0.04074993733770537,0.7680540680885315,1.3840268850326538,0.5855639992015702,1.4901161193847656e-07,0.0,False,1.029653787612915,0.8943459164621438,4.4261651039123535,0.29160013794898987,0.5001673102378845,1
18,21,0.038203674029879515,0.7642230987548828,1.3821115493774414,0.5218120094920908,0.0,0.0,False,1.0203568935394287,0.8862707368722355,4.209390640258789,0.306596577167511,0.5166912078857422,1
18,22,-0.0007117915645282772,0.8396008014678955,1.4198002815246582,1.296554520726204,1.1920928955078125e-07,0.0,False,1.0412417650222778,0.9044111057527554,4.516317367553711,0.28985077142715454,0.500338077545166,7
18,23,0.013227178613294945,0.7791255712509155,1.389562726020813,1.2393963890416282,5.960464477539063e-08,0.0,False,0.9956076741218567,0.8647738380233068,4.123497009277344,0.3147411644458771,0.5000048875808716,7
18,24,-0.007981458991800496,0.7963270545005798,1.3981635570526123,0.12867349599088956,2.9802322387695312e-08,0.0,False,0.9782601594924927,0.8497059782667693,4.0457611083984375,0.32227426767349243,0.500144362449646,7
19,1,0.03468247084067732,0.7878143191337585,1.3939071893692017,1.1832945964166097,2.9802322387695312e-08,0.0,False,1.0270054340362549,0.8920455857731993,4.215655326843262,0.30814695358276367,0.5004855394363403,7
19,2,0.03713094998804881,0.7884672284126282,1.3942337036132812,0.16655741419110967,8.940696716308594e-08,0.0,False,1.02823805809021,0.8931162294229871,4.185622692108154,0.31051021814346313,0.500104546546936,7
19,3,0.007862472894809134,0.7939236760139465,1.3969619274139404,0.2883463108113833,8.940696716308594e-08,0.0,False,0.9976746439933777,0.8665691852422305,4.052680969238281,0.32147297263145447,0.5021976828575134,7
19,4,-0.020094727883284036,0.7815601825714111,1.390779972076416,0.07581888458558511,1.1920928955078125e-07,0.0,False,0.9775736331939697,0.8491096691005093,3.911343812942505,0.33269616961479187,0.5008062124252319,7
19,5,8.45977600344083e-05,0.792380154132843,1.3961902856826782,0.6249022989400794,2.086162567138672e-07,0.0,False,1.0222340822219849,0.8879012422448862,4.2327165603637695,0.3071649670600891,0.5001951456069946,7
19,6,-2.262275067868233e-05,0.7749654650688171,1.3874826431274414,0.24349906827722265,8.940696716308594e-08,0.0,False,0.9990277290344238,0.8677444599759748,4.033069133758545,0.3217117488384247,0.5031366944313049,7
19,7,0.027494847714397926,0.7705894708633423,1.3852946758270264,0.19337085847343724,5.960464477539063e-08,0.0,False,1.0171741247177124,0.8835062189993452,4.095612525939941,0.31636419892311096,0.5001308917999268,7
19,8,0.007812357535935786,0.7758644819259644,1.3879321813583374,0.5543222916977746,5.960464477539063e-08,0.0,False,1.0000250339508057,0.868610708019894,4.135607719421387,0.3133326768875122,0.5083211660385132,7
19,9,0.05744267069397523,0.7849114537239075,1.3924556970596313,0.21402544953993385,2.9802322387695312e-08,0.0,False,1.0135409832000732,0.8803505123731766,4.454916477203369,0.2905248999595642,0.5065404176712036,7
19,10,0.04241457241563891,0.7613776326179504,1.3806887865066528,0.5767027309962681,2.9802322387695312e-08,0.0,False,0.9898781180381775,0.8597972088415126,3.9035844802856445,0.33183518052101135,0.5012987852096558,7
19,11,0.02487952237979315,0.7667370438575745,1.3833684921264648,0.40372615414006374,2.9802322387695312e-08,0.0,False,1.0118660926818848,0.878895720953494,4.047965049743652,0.3198491930961609,0.5044967532157898,7
19,12,0.0033343205126069586,0.7615358233451843,1.380767822265625,0.24748112048421583,8.940696716308594e-08,0.0,False,0.9745935201644897,0.8465211758122071,3.8028671741485596,0.341005802154541,0.5001232028007507,7
19,13,0.006737089487082655,0.8021327257156372,1.4010663032531738,0.356893756559917,5.960464477539063e-08,0.0,False,1.0200897455215454,0.8860386950521992,4.2716546058654785,0.30486392974853516,0.5009139776229858,7
19,14,-0.0066858395373345855,0.7901363968849182,1.3950681686401367,0.15683746018580033,2.9802322387695312e-08,0.0,False,0.9989312887191772,0.8676606929824856,4.030094146728516,0.3231387734413147,0.5000331401824951,7
19,15,0.024778793047884783,0.8009688854217529,1.400484561920166,0.5947496954883847,1.1920928955078125e-07,0.0,False,1.0221322774887085,0.887812815777099,4.24746561050415,0.30661261081695557,0.500554084777832,7
19,16,-0.0023846071763863217,0.7798444628715515,1.3899221420288086,0.48554686244044976,8.940696716308594e-08,0.0,False,0.9986356496810913,0.8674039041767337,4.015745639801025,0.3235950767993927,0.5000119805335999,7
19,17,0.030035417275828282,0.7947291135787964,1.3973647356033325,0.4171181789466313,1.7881393432617188e-07,0.0,False,1.0401599407196045,0.9034714451026756,4.681003093719482,0.27649226784706116,0.5032061338424683,7
19,18,-0.012643306887737052,0.8041740655899048,1.4020869731903076,0.2996355268572058,5.960464477539063e-08,0.0,False,1.0061458349227905,0.8739271681938162,4.345643997192383,0.29944276809692383,0.5053195953369141,7
19,19,0.0061337604294346044,0.8109062910079956,1.4054532051086426,0.2932289104376521,5.960464477539063e-08,0.0,False,1.0321723222732544,0.8965334878730786,4.475284099578857,0.2909058630466461,0.5004929900169373,7
19,20,0.01793856961638199,0.7922790050506592,1.3961396217346191,0.21976234444550094,1.1920928955078125e-07,0.0,False,1.0260767936706543,0.8912389790002934,4.251019477844238,0.3057763874530792,0.5002100467681885,7
19,21,0.010258035763124028,0.7696056365966797,1.3848028182983398,0.21420392819813322,0.0,0.0,False,0.9950851202011108,0.8643199534547531,3.949009895324707,0.32852059602737427,0.5000913143157959,7
19,22,0.011598198699977129,0.8059269785881042,1.402963399887085,0.3707309993250029,8.940696716308594e-08,0.0,False,0.9997910261154175,0.8684074513966316,4.254477024078369,0.30639028549194336,0.5013262629508972,7
19,23,-0.03243860243835787,0.7991585731506348,1.3995792865753174,0.05897130444645887,0.0,0.0,False,0.9980056285858154,0.8668566748064118,4.2821478843688965,0.3038579821586609,0.501981794834137,7
19,24,0.01368511591089451,0.808808445930481,1.4044042825698853,0.2789362653025559,5.960464477539063e-08,0.0,False,1.040587306022644,0.9038426498884096,4.832729339599609,0.2682251036167145,0.5004364848136902,7
20,1,0.013589896002440031,0.8205350637435913,1.4102675914764404,1.4090427389102322,5.960464477539063e-08,0.0,False,0.9537058472633362,0.8283783736506649,3.8602638244628906,0.3402509093284607,0.5002301335334778,7
20,2,-0.008488622425406288,0.809609055519104,1.4048044681549072,0.9160682787852629,5.960464477539063e-08,0.0,False,1.0345157384872437,0.898568953334155,4.234833240509033,0.3081477880477905,0.5003823637962341,7
20,3,-0.008032577131884029,0.8101464509963989,1.4050732851028442,1.2169196552463941,5.960464477539063e-08,0.0,False,0.8948728442192078,0.7772766764989405,3.3403608798980713,0.39443784952163696,0.5028879642486572,2
20,4,0.03339665252121163,0.8052918314933777,1.4026458263397217,0.028324581682682065,8.940696716308594e-08,0.0,False,0.8890579342842102,0.7722259099038729,3.306070327758789,0.39826053380966187,0.501628577709198,2
20,5,0.013903618521943982,0.8037791848182678,1.4018895626068115,0.12584957906178065,2.9802322387695312e-08,0.0,False,0.8932472467422485,0.775864700470862,3.342764139175415,0.3935774564743042,0.5022588968276978,7
20,6,0.05391848441416995,0.8115913271903992,1.4057955741882324,0.112646761749472,8.940696716308594e-08,0.0,False,0.8723751306533813,0.7577354107847838,3.2368414402008057,0.4077032208442688,0.5009006261825562,7
20,7,0.012976867372679163,0.8132648468017578,1.406632423400879,0.33598166863833157,0.0,0.0,False,0.9398646354675293,0.8163560498391187,3.653172731399536,0.3597751259803772,0.500076413154602,2
20,8,-0.07945676797409612,0.8181288242340088,1.4090644121170044,0.1904698402753898,0.0,0.0,False,0.8881314992904663,0.7714212186926227,3.295693874359131,0.40079909563064575,0.5001490116119385,2
20,9,0.020769337275646435,0.7805910110473633,1.3902955055236816,0.2867966565702641,0.0,0.0,False,0.9279176592826843,0.8059790381741032,3.643766403198242,0.35804903507232666,0.5000725984573364,2
20,10,0.0400320483988367,0.8017984628677368,1.4008992910385132,0.44858405419758385,5.960464477539063e-08,0.0,False,0.8788862228393555,0.7633908735998477,3.330763339996338,0.394918829202652,0.5002649426460266,7
20,11,-0.01702477983670832,0.8042597770690918,1.402129888534546,0.6022474127156393,0.0,0.0,False,0.9761804938316345,0.8478996036253406,3.7952895164489746,0.3450736999511719,0.5000026226043701,7
20,12,-0.008176087828092083,0.7831078171730042,1.3915538787841797,0.8675182142427988,2.9802322387695312e-08,0.0,False,0.8512590527534485,0.7393942185620237,3.1045398712158203,0.42280542850494385,0.5003259778022766,7
20,13,-0.053716270380444485,0.7963037490844727,1.3981518745422363,0.5806557482906751,0.0,0.0,False,0.968948483467102,0.8416179592365733,3.7259182929992676,0.35110682249069214,0.5006507635116577,7
20,14,0.062139579738402964,0.765403687953949,1.3827018737792969,0.42896235840661195,2.9802322387695312e-08,0.0,False,0.9861158132553101,0.8565293124286375,4.122983455657959,0.31381314992904663,0.500028669834137,7
20,15,0.012691520415672836,0.7842319011688232,1.3921160697937012,0.6976292793239867,1.1920928955078125e-07,0.0,False,1.0178217887878418,0.8840687728629136,4.107644557952881,0.3163502514362335,0.5006335377693176,7
20,16,0.024895537724612074,0.7952627539634705,1.3976314067840576,1.2938136256166866,2.9802322387695312e-08,0.0,False,0.9485117793083191,0.823866863547676,3.6180455684661865,0.3618977665901184,0.5007330179214478,7
20,17,-0.03172767474808974,0.7785837054252625,1.3892920017242432,0.14680054145199917,1.4901161193847656e-07,0.0,False,0.983363151550293,0.8541383808505669,3.856091022491455,0.3374471664428711,0.5000045299530029,7
20,18,-0.0386116359542606,0.8001375794410706,1.400068759918213,1.5150045976042747,2.9802322387695312e-08,0.0,False,0.8947749137878418,0.7771916152070352,3.321200370788574,0.3959149122238159,0.5012251138687134,7
20,19,0.03728978314062855,0.8068310618400574,1.403415560722351,0.212064942078931,2.9802322387695312e-08,0.0,False,0.9339607357978821,0.8112279877426422,3.570301055908203,0.3678743839263916,0.5015809535980225,2
20,20,0.0070609575209655065,0.8065614104270935,1.4032807350158691,0.19770350200789313,2.9802322387695312e-08,0.0,False,0.8817196488380432,0.7658519561520704,3.263015031814575,0.40383875370025635,0.5010284185409546,7
20,21,-0.0139183366747015,0.802584707736969,1.4012924432754517,0.6943191800798687,8.940696716308594e-08,0.0,False,0.9974566698074341,0.8663798552699251,3.9627604484558105,0.3297480642795563,0.5009985566139221,7
20,22,0.05754019671768051,0.8063956499099731,1.4031978845596313,0.7534067364675656,5.960464477539063e-08,0.0,False,0.9353405237197876,0.8124264563040029,3.565573215484619,0.3683549165725708,0.5012009143829346,2
20,23,0.004209984761797102,0.8032722473144531,1.4016361236572266,0.6535697249429565,0.0,0.0,False,0.9739396572113037,0.8459532376672277,3.7603864669799805,0.3483077585697174,0.5007621049880981,7
20,24,-0.006575022609367231,0.798751711845398,1.3993759155273438,0.6082201589431081,5.960464477539063e-08,0.0,False,0.874159574508667,0.7592853590240173,3.2226369380950928,0.4083268344402313,0.5008249282836914,2
21,1,0.0009400540484449478,0.7571359872817993,1.3785680532455444,1.3778194955417087,5.960464477539063e-08,0.0,False,0.9593672752380371,0.8332958275088755,3.6360561847686768,0.3568683862686157,0.5000088214874268,7
21,2,-0.024861683411544183,0.7492594122886658,1.3746297359466553,0.37141146830150057,2.9802322387695312e-08,0.0,False,0.9312053918838501,0.8088347264274226,3.4767494201660156,0.37299782037734985,0.5038060545921326,7
21,3,0.031023398856961978,0.7546288371086121,1.3773143291473389,0.5034610054322652,8.940696716308594e-08,0.0,False,0.9990612268447876,0.8677735558043684,3.9107906818389893,0.3306724429130554,0.5017428398132324,7
21,4,-0.00277839368161941,0.8030151724815369,1.4015076160430908,0.8234753832221031,2.9802322387695312e-08,0.0,False,0.9931666254997253,0.8626535701300084,3.9202020168304443,0.3334916830062866,0.5017131567001343,7
21,5,-0.025874807651810695,0.774914562702179,1.3874573707580566,0.8589222952723503,8.940696716308594e-08,0.0,False,0.9602136611938477,0.8340309890092134,3.6533329486846924,0.35656988620758057,0.5014185905456543,7
21,6,-0.023387161698677182,0.751741349697113,1.375870704650879,1.0068848175661904,2.9802322387695312e-08,0.0,False,0.9892321825027466,0.8592361563641069,3.9926795959472656,0.32281360030174255,0.5258055925369263,7
21,7,0.04011949944369242,0.6856418251991272,1.3428208827972412,1.4925987869501114,2.9802322387695312e-08,0.0,False,1.0940524339675903,0.9502818699698926,5.287315368652344,0.2371916025876999,0.5296416878700256,5
21,8,0.033813763236840995,0.6457549333572388,1.3228775262832642,0.9254853065524782,5.960464477539063e-08,0.0,False,1.1242234706878662,0.976488099491725,5.858984470367432,0.2113199084997177,0.5229581594467163,5
21,9,-0.04608436806157882,0.6945246458053589,1.3472622632980347,0.9561257021767753,5.960464477539063e-08,0.0,False,1.1044399738311768,0.9593043724565039,5.226686000823975,0.24116015434265137,0.5009332299232483,5
21,10,0.008253121882396523,0.7049757242202759,1.3524879217147827,1.1504352348191398,5.960464477539063e-08,0.0,False,1.0560171604156494,0.9172448511273154,4.58342981338501,0.2772108316421509,0.5009301900863647,2
21,11,-0.12315089237620691,0.7438987493515015,1.371949315071106,0.27057471977812914,5.960464477539063e-08,0.0,False,1.014909029006958,0.8815387818630185,4.3292412757873535,0.2968005836009979,0.5006008148193359,2
21,12,-0.00707866812490763,0.6649175882339478,1.332458734512329,1.0639464344297136,5.960464477539063e-08,0.0,False,1.0909396409988403,0.9475781323506219,5.169454574584961,0.24205438792705536,0.5151033401489258,2
21,13,0.061863293224960245,0.6983261704444885,1.3491630554199219,0.3182582706212998,2.9802322387695312e-08,0.0,False,1.1083234548568726,0.9626775212165752,5.392075061798096,0.23357728123664856,0.5027799606323242,2
21,14,-0.036265499038422064,0.7056279182434082,1.352813959121704,1.6889053689582008,0.0,0.0,False,1.08159339427948,0.9394600855971728,4.965622901916504,0.25493428111076355,0.5058912634849548,7
21,15,0.0421301376805902,0.6922308206558228,1.3461153507232666,1.425495132803917,5.960464477539063e-08,0.0,False,1.0443047285079956,0.9070715620329921,4.255548000335693,0.2984713315963745,0.5037764310836792,7
21,16,0.0310114757640216,0.7745042443275452,1.3872520923614502,0.7759670412966183,2.9802322387695312e-08,0.0,False,0.9742859601974487,0.8462540326191266,3.7585790157318115,0.34618473052978516,0.5013430118560791,7
21,17,0.029233468054704677,0.7895121574401855,1.3947560787200928,1.0805807198796955,0.0,0.0,False,0.9632142782211304,0.836637291843721,3.7210357189178467,0.35100695490837097,0.5018949508666992,7
21,18,0.008826116597612524,0.7428416609764099,1.3714208602905273,1.3283689979996,2.9802322387695312e-08,0.0,False,1.0064557790756226,0.8741963822643625,3.9916598796844482,0.32272857427597046,0.5060873031616211,7
21,19,0.010460175613176866,0.7575670480728149,1.3787835836410522,0.7068896144628525,5.960464477539063e-08,0.0,False,0.9503746628761292,0.8254849436555324,3.6172027587890625,0.35879674553871155,0.5013667941093445,7
21,20,0.03519633075105712,0.7789300680160522,1.3894652128219604,0.14122720275606426,1.7881393432617188e-07,0.0,False,0.9176734089851379,0.7970809954231829,3.43599271774292,0.380352646112442,0.5002376437187195,7
21,21,0.020159856211502118,0.7750386595726013,1.387519359588623,0.0920559731977326,2.9802322387695312e-08,0.0,False,0.9002586603164673,0.7819547369221116,3.3374338150024414,0.3916187286376953,0.5000274181365967,7
21,22,0.03802700666993142,0.786504328250885,1.3932522535324097,0.29743880352803626,8.940696716308594e-08,0.0,False,0.9383490085601807,0.8150395930341474,3.6012625694274902,0.36292868852615356,0.5001620650291443,2
21,23,-0.028204496658069372,0.7960189580917358,1.3980094194412231,0.2328888209802763,5.960464477539063e-08,0.0,False,0.8668373823165894,0.7529253836951085,3.1865170001983643,0.41286224126815796,0.500164270401001,7
21,24,0.009121280518421846,0.7639448642730713,1.381972312927246,0.11954060303313396,1.1920928955078125e-07,0.0,False,0.9068736433982849,0.787700438222745,3.3923141956329346,0.38402169942855835,0.5010920763015747,7
22,1,0.017609716537302672,0.7533676028251648,1.3766837120056152,1.2138825090868133,8.940696716308594e-08,0.0,False,1.0531481504440308,0.9147528607289166,4.833386421203613,0.26509663462638855,0.5006723403930664,2
22,2,0.015186409681344527,0.7884223461151123,1.3942111730575562,0.356608651046242,0.0,0.0,False,0.999583899974823,0.8682275439167954,4.180373668670654,0.31089118123054504,0.5009450912475586,2
22,3,-0.009018353160922966,0.796332061290741,1.3981660604476929,1.6264414638280869,2.9802322387695312e-08,0.0,False,0.9874424934387207,0.8576816521944488,3.903813362121582,0.3344930410385132,0.5001904964447021,7
22,4,0.0018908877214486221,0.798026978969574,1.3990135192871094,1.6047621502407958,2.9802322387695312e-08,0.0,False,0.9174147844314575,0.7968563569900867,3.529036521911621,0.3715862035751343,0.5016101002693176,2
22,5,0.02713084861646633,0.8052823543548584,1.4026411771774292,0.2313848430556911,0.0,0.0,False,0.9599329233169556,0.8337871431876225,3.705970048904419,0.35378772020339966,0.5008018612861633,2
22,6,0.01778842364137248,0.7977095246315002,1.3988547325134277,0.3207249556268965,2.9802322387695312e-08,0.0,False,0.9586398601531982,0.8326640027940782,3.8655202388763428,0.3380434513092041,0.5003498792648315,2
22,7,-0.0019153290183412178,0.8013124465942383,1.4006563425064087,0.3646974276219095,1.1920928955078125e-07,0.0,False,1.004669189453125,0.8726445702354099,4.186637878417969,0.3112645745277405,0.5015802383422852,2
22,8,-0.020087475825001682,0.8048718571662903,1.4024360179901123,0.6196594834327698,8.940696716308594e-08,0.0,False,0.9967688322067261,0.865782407121059,4.095883369445801,0.3185625672340393,0.5071583986282349,7
22,9,0.05615139078065442,0.7929747700691223,1.3964874744415283,1.2086023251925195,8.940696716308594e-08,0.0,False,0.9473401308059692,0.8228491825890746,3.6269688606262207,0.36078959703445435,0.50051349401474,2
22,10,-0.04214900420606774,0.7892072200775146,1.3946037292480469,1.4229796762977327,1.1920928955078125e-07,0.0,False,0.9549025893211365,0.8294178505945933,3.7338244915008545,0.34977155923843384,0.5004987716674805,7
22,11,-0.020517172152139124,0.796159565448761,1.3980798721313477,0.9662229929651532,8.940696716308594e-08,0.0,False,1.0057097673416138,0.8735484047053322,4.394408702850342,0.29558953642845154,0.5005589723587036,2
22,12,0.002274710305662364,0.7997534275054932,1.3998767137527466,0.2705349565616676,0.0,0.0,False,0.9706958532333374,0.8431357053312145,4.123022079467773,0.31597617268562317,0.5087338089942932,7
22,13,-0.03982066491498085,0.7670931220054626,1.3835465908050537,1.736851948180369,2.9802322387695312e-08,0.0,False,0.8839185237884521,0.767761874666786,3.242255449295044,0.40269362926483154,0.5013083219528198,7
22,14,-0.03186950529204609,0.7915838956832886,1.395792007446289,2.1320346540638377,5.960464477539063e-08,0.0,False,1.0174607038497925,0.8837551384707272,4.4687957763671875,0.2901674509048462,0.5001451969146729,2
22,15,0.015195595097733598,0.7723565697669983,1.3861781358718872,1.1296138284461839,1.4901161193847656e-07,0.0,False,0.9409868121147156,0.817330760090306,3.658369302749634,0.3556565046310425,0.5087453722953796,2
22,16,0.03390089429966377,0.7529702186584473,1.3764851093292236,2.4988875032535622,0.0,0.0,False,0.9410877227783203,0.8174184099790435,3.6921331882476807,0.3506920337677002,0.5087037086486816,4
22,17,-0.0007417490300266581,0.760669469833374,1.380334734916687,0.684856581900801,0.0,0.0,False,0.9819908142089844,0.8529463837812866,3.8867385387420654,0.33278733491897583,0.520378589630127,7
22,18,-0.02429516323241188,0.7791066765785217,1.3895533084869385,1.3755202170993601,2.9802322387695312e-08,0.0,False,0.9393963813781738,0.8159493295048472,3.7196996212005615,0.35032355785369873,0.5009774565696716,2
22,19,-0.06749676383181341,0.8051764965057373,1.4025883674621582,0.834715056100062,1.1920928955078125e-07,0.0,False,0.9963639974594116,0.8654307721273763,4.088995456695557,0.31931763887405396,0.5009876489639282,2
22,20,-0.04037975643183086,0.7590143084526062,1.379507064819336,1.06296456605196,8.940696716308594e-08,0.0,False,0.9831607937812805,0.8539626151256622,4.065641403198242,0.31766730546951294,0.5114749073982239,7
22,21,-0.022652430044981266,0.7481228113174438,1.3740614652633667,0.4722111161266055,5.960464477539063e-08,0.0,False,1.0034359693527222,0.8715734088662556,4.211677074432373,0.3054887652397156,0.5100487470626831,7
22,22,0.002427145818591263,0.7710837721824646,1.3855419158935547,0.41029947038207726,2.9802322387695312e-08,0.0,False,1.0364702939987183,0.900266658680569,4.2232666015625,0.30644404888153076,0.5000154376029968,7
22,23,0.0015289012281700185,0.7759313583374023,1.3879656791687012,0.19220392405986786,0.0,0.0,False,1.0358070135116577,0.8996905405696,4.185892105102539,0.3096258342266083,0.5002241134643555,7
22,24,0.03109535693994601,0.7870419025421143,1.3935208320617676,0.07648495052542015,1.1920928955078125e-07,0.0,False,1.0297484397888184,0.8944281302975337,4.168745040893555,0.3117263913154602,0.500020444393158,7
23,1,0.0470634445950165,0.7869516015052795,1.3934757709503174,1.3949794577700751,2.9802322387695312e-08,0.0,False,0.9512131214141846,0.8262132194882966,3.723383903503418,0.35061874985694885,0.5001423358917236,2
23,2,0.015289126658837481,0.7993153929710388,1.3996577262878418,0.43757759779691696,2.9802322387695312e-08,0.0,False,0.9447440505027771,0.8205942558885664,4.030986785888672,0.32372409105300903,0.5000013113021851,2
23,3,-0.0006686226351809315,0.7887987494468689,1.3943995237350464,0.1987910398415157,1.4901161193847656e-07,0.0,False,0.97258061170578,0.8447727857398191,4.060757637023926,0.3205004334449768,0.5000405311584473,2
23,4,0.015948084349706636,0.8214406967163086,1.4107203483581543,0.28003767079540653,0.0,0.0,False,0.9767492413520813,0.848393611444793,4.138579368591309,0.31646180152893066,0.5000364780426025,2
23,5,0.018986852185441345,0.8116737008094788,1.4058367013931274,0.2309342910136495,1.4901161193847656e-07,0.0,False,0.9634205102920532,0.8368164227445076,4.1414031982421875,0.3155650198459625,0.5002283453941345,2
23,6,0.005141923779405647,0.7917014956474304,1.395850658416748,0.2333695281829153,8.940696716308594e-08,0.0,False,0.9541589617729187,0.8287719439130289,4.014748573303223,0.32453957200050354,0.500018298625946,5
23,7,0.017855957598664818,0.7973794937133789,1.3986897468566895,0.41831418605787407,0.0,0.0,False,0.968955397605896,0.841623964781224,3.959709882736206,0.32965874671936035,0.5000008940696716,5
23,8,0.020027853333347747,0.741762638092041,1.3708813190460205,0.9465331217007977,0.0,0.0,False,1.097808837890625,0.95354464096104,5.184687614440918,0.24550297856330872,0.5082072615623474,5
23,9,0.02506454097410077,0.7625759243965149,1.3812880516052246,0.6005884217364447,8.940696716308594e-08,0.0,False,1.0171329975128174,0.8834704963630612,4.286096096038818,0.3010127544403076,0.5069330930709839,5
23,10,0.03345045531499649,0.7690939903259277,1.3845471143722534,0.4027481834803308,1.1920928955078125e-07,0.0,False,1.0141215324401855,0.8808547710360844,4.410140514373779,0.29212936758995056,0.524944543838501,5
23,11,-0.0046622806310249185,0.7811862230300903,1.39059317111969,0.3317956110196454,5.960464477539063e-08,0.0,False,1.0045112371444702,0.8725073746033045,4.281652927398682,0.3026867210865021,0.502806544303894,5
23,12,0.00045837702343232275,0.7863422632217407,1.3931711912155151,0.35819565930536806,5.960464477539063e-08,0.0,False,0.9533941745758057,0.8281076581939559,3.8721015453338623,0.33625975251197815,0.512256383895874,5
23,13,0.028371113304977165,0.8093231916427612,1.404661774635315,0.3500166913228375,1.7881393432617188e-07,0.0,False,0.9751021862030029,0.8469629975195228,3.9916319847106934,0.3276621997356415,0.5040450692176819,5
23,14,-0.007398022394044308,0.7686886191368103,1.384344458580017,0.7362337176288878,1.4901161193847656e-07,0.0,False,0.9812935590744019,0.8523407556664309,4.252234935760498,0.3041055500507355,0.5000091791152954,7
23,15,-0.02283698141496363,0.7765334248542786,1.3882668018341064,0.5499182944851263,8.940696716308594e-08,0.0,False,0.9811490774154663,0.852215260492007,4.172155857086182,0.31032925844192505,0.5154026746749878,5
23,16,0.02324273290038331,0.7810386419296265,1.390519380569458,0.8836185282894542,5.960464477539063e-08,0.0,False,0.9716365337371826,0.8439527700353224,3.751312494277954,0.3474395275115967,0.500004768371582,7
23,17,0.0008373869952544117,0.7997995615005493,1.3998997211456299,0.8631218639867645,5.960464477539063e-08,0.0,False,0.9617054462432861,0.8353267370395272,3.8321311473846436,0.34127914905548096,0.5000149011611938,7
23,18,7.877777025827593e-05,0.8122690320014954,1.4061346054077148,0.7617252341338565,8.940696716308594e-08,0.0,False,1.0108304023742676,0.8779961317823763,4.109889984130859,0.31813544034957886,0.5002142190933228,7
23,19,0.005328146302780256,0.8174757361412048,1.4087378978729248,0.615225640790803,2.9802322387695312e-08,0.0,False,1.0154335498809814,0.8819943749054814,4.31821346282959,0.3024214208126068,0.5006676912307739,7
23,20,0.0007042303524463292,0.7812544703483582,1.390627145767212,0.49192705537591663,8.940696716308594e-08,0.0,False,0.979623019695282,0.8508897435981232,3.985555648803711,0.32624971866607666,0.5000563263893127,7
23,21,0.038267352233741295,0.822131335735321,1.4110655784606934,0.5333544579999787,8.940696716308594e-08,0.0,False,0.9835622310638428,0.8543112991189562,3.964883804321289,0.33100980520248413,0.5000879764556885,7
23,22,-0.0029783265852487916,0.8028903007507324,1.4014451503753662,0.20711705940110356,0.0,0.0,False,0.9372533559799194,0.8140879212947664,3.8376619815826416,0.3410038948059082,0.5000166893005371,7
23,23,0.00783323413972813,0.7811535596847534,1.3905768394470215,0.11785070385251717,5.960464477539063e-08,0.0,False,0.9240384697914124,0.8026096169934701,3.7294998168945312,0.34955036640167236,0.5003247261047363,7
23,24,0.0031787239426093426,0.7729038000106812,1.3864519596099854,0.4365525123264108,5.960464477539063e-08,0.0,False,0.9576361775398254,0.831792215152938,4.0288543701171875,0.3219873309135437,0.5002836585044861,7
24,1,0.0028280990784390406,0.8136578798294067,1.4068289995193481,1.2145593762397766,5.960464477539063e-08,0.0,False,1.0176494121551514,0.8839190484221405,4.297703742980957,0.30369865894317627,0.5002527832984924,7
24,2,0.05682473857746935,0.8323835134506226,1.416191816329956,1.168610079480069,5.960464477539063e-08,0.0,False,1.0134376287460327,0.8802607398350368,4.339371204376221,0.30175817012786865,0.5027683973312378,7
24,3,-0.016423369943621407,0.8080360889434814,1.4040179252624512,0.35640570627791535,1.1920928955078125e-07,0.0,False,0.9836190342903137,0.8543606377745775,3.9522335529327393,0.33098721504211426,0.5036777853965759,7
24,4,-0.04308158977655341,0.8224964141845703,1.4112480878829956,0.2933127300015517,1.1920928955078125e-07,0.0,False,0.929323673248291,0.807200286387587,3.781132936477661,0.3477134704589844,0.5041062235832214,7
24,5,0.008136180279276112,0.8236569166183472,1.4118285179138184,0.3555602569665228,5.960464477539063e-08,0.0,False,0.9362386465072632,0.8132065558453473,3.7227017879486084,0.3536122441291809,0.5000032186508179,7
24,6,-0.003606603342405629,0.8379316329956055,1.4189658164978027,0.26805797857897623,0.0,0.0,False,0.9879987239837646,0.8581647879072061,4.123279094696045,0.3187839388847351,0.5009557008743286,7
24,7,-0.04141253696322562,0.8333082795143127,1.416654109954834,0.4089092016220093,2.9802322387695312e-08,0.0,False,1.029740333557129,0.8944210893141501,4.672858238220215,0.2792518734931946,0.501361608505249,7
24,8,-0.05172417638605312,0.7907007932662964,1.395350456237793,0.5594001859426498,5.960464477539063e-08,0.0,False,1.0320794582366943,0.8964528271957881,4.499837875366211,0.28799521923065186,0.5009557604789734,1
24,9,0.0012824633574828976,0.7941095232963562,1.397054672241211,0.7692601398697921,8.940696716308594e-08,0.0,False,0.949521541595459,0.8247439319263538,3.7916102409362793,0.3441586494445801,0.5172187685966492,7
24,10,0.017089658179748213,0.8254401087760925,1.4127200841903687,0.8156938957316535,2.9802322387695312e-08,0.0,False,1.0289816856384277,0.8937621361045515,4.268229007720947,0.3066595196723938,0.500332236289978,7
24,11,-0.006913190728668668,0.8152057528495789,1.4076027870178223,0.11905921995639801,8.940696716308594e-08,0.0,False,1.030027151107788,0.8946702158732787,4.194299221038818,0.31162893772125244,0.5007065534591675,7
24,12,0.02154235238463986,0.8212139010429382,1.410606861114502,0.5732102159942901,8.940696716308594e-08,0.0,False,1.0366324186325073,0.9004074783482393,4.232500076293945,0.308951735496521,0.505229115486145,7
24,13,-0.019694800004222288,0.8067415356636047,1.4033708572387695,0.9523982533386776,8.940696716308594e-08,0.0,False,0.9830973744392395,0.8539075297850734,3.87804913520813,0.3375564515590668,0.5014569759368896,7
24,14,0.00015547603414767285,0.7901342511177063,1.3950672149658203,0.08529606780835566,8.940696716308594e-08,0.0,False,1.0013618469238281,0.8697718490149347,4.080394744873047,0.31874293088912964,0.5090200901031494,7
24,15,0.007889673401633195,0.7918046712875366,1.395902395248413,0.1137575677462987,5.960464477539063e-08,0.0,False,0.9881190061569214,0.8582692636753526,4.014095783233643,0.3242843747138977,0.5116561055183411,7
24,16,-0.05146137590177879,0.8106788992881775,1.4053394794464111,0.4719111222241605,2.9802322387695312e-08,0.0,False,0.912269651889801,0.7923873516470822,3.4696459770202637,0.3792353868484497,0.5035863518714905,2
24,17,-0.05961444603411318,0.8018937110900879,1.4009469747543335,0.5680164189210959,1.1920928955078125e-07,0.0,False,0.9769054651260376,0.8485293056907356,3.9892032146453857,0.32720834016799927,0.5085700750350952,2
24,18,-0.017055343255369677,0.7661940455436707,1.3830969333648682,0.5199324658938818,8.940696716308594e-08,0.0,False,1.0626287460327148,0.9229876014275602,4.950859069824219,0.2584763169288635,0.5289452075958252,2
24,19,0.018525956702268115,0.7694181799888611,1.3847090005874634,0.37845108125891014,8.940696716308594e-08,0.0,False,1.0737733840942383,0.9326677110534174,4.840384006500244,0.265195369720459,0.5161804556846619,2
24,20,-0.06292710219405294,0.7696455717086792,1.3848227262496948,0.5210692201341902,5.960464477539063e-08,0.0,False,1.0335277318954468,0.8977107817123521,4.489147663116455,0.28730374574661255,0.5048854947090149,2
24,21,-0.026332143498609642,0.7521746754646301,1.3760875463485718,0.7183305685009276,2.086162567138672e-07,0.0,False,1.0354502201080322,0.899380633756852,4.5815887451171875,0.2802697420120239,0.5012377500534058,7
24,22,0.0004371857544357141,0.7603505253791809,1.380175232887268,0.6655747549874442,2.9802322387695312e-08,0.0,False,1.046777606010437,0.9092194761404581,4.653152942657471,0.2762635350227356,0.5009325742721558,1
24,23,-0.001132151186670774,0.7745680809020996,1.3872840404510498,0.8360810992973192,0.0,0.0,False,1.0183517932891846,0.8845291289235477,4.247479438781738,0.30464428663253784,0.508148729801178,7
24,24,-0.005127654180010157,0.7895367741584778,1.3947683572769165,0.19855821132659912,2.9802322387695312e-08,0.0,False,1.023643136024475,0.8891251308271387,4.281618595123291,0.30324751138687134,0.502591073513031,7
25,1,-0.024169163566634386,0.8122081756591797,1.4061042070388794,1.602910922041961,1.1920928955078125e-07,0.0,False,0.8660942316055298,0.7522798911890372,3.2020936012268066,0.4123672842979431,0.5000113248825073,2
25,2,0.08041187285535879,0.8072057962417603,1.4036030769348145,1.0429189960871423,1.7881393432617188e-07,0.0,False,1.0057265758514404,0.8735630043914657,4.02159309387207,0.3250702917575836,0.5002776384353638,7
25,3,0.02606516363115488,0.7619640231132507,1.3809819221496582,0.8909658129726138,8.940696716308594e-08,0.0,False,0.996067464351654,0.8651732067425748,3.921696186065674,0.3303195834159851,0.5000696182250977,7
25,4,0.04733467759263068,0.7822785973548889,1.391139268875122,0.1939367694514137,2.9802322387695312e-08,0.0,False,1.0100064277648926,0.8772804365302164,4.139856815338135,0.3136405944824219,0.5009135007858276,7
25,5,0.040502025447500214,0.7902371883392334,1.3951187133789062,0.2533345754657474,1.1920928955078125e-07,0.0,False,1.0516424179077148,0.9134449980654282,4.550412654876709,0.2846304476261139,0.5003756284713745,7
25,6,0.01212141578372725,0.7854729294776917,1.392736554145813,0.19919463566371362,8.940696716308594e-08,0.0,False,1.0325871706008911,0.8968938205521175,4.383789539337158,0.2956424653530121,0.5010907649993896,7
25,7,-0.0035685986993946013,0.7766507863998413,1.3883254528045654,0.7023544098649706,5.960464477539063e-08,0.0,False,1.0546746253967285,0.9160787400263569,4.828959941864014,0.266631543636322,0.5018740296363831,7
25,8,0.05170736394659415,0.8063052296638489,1.4031527042388916,1.0724577541862215,8.940696716308594e-08,0.0,False,1.0156539678573608,0.8821858275271891,4.113036632537842,0.3174610137939453,0.5004927515983582,7
25,9,0.002382849118710223,0.7771261930465698,1.3885631561279297,0.47006044217518406,5.960464477539063e-08,0.0,False,1.0246533155441284,0.890002561609373,4.123659610748291,0.31457921862602234,0.5003246068954468,7
25,10,-0.012023781240067087,0.7817918062210083,1.3908958435058594,0.5778820152793613,5.960464477539063e-08,0.0,False,1.0245344638824463,0.8898993283677058,4.200385570526123,0.30889788269996643,0.500788152217865,7
25,11,0.011001952639755706,0.7783247828483582,1.389162302017212,0.8221830597945621,8.940696716308594e-08,0.0,False,1.0802502632141113,0.9382934567768478,5.031290054321289,0.25529351830482483,0.5082710981369019,7
25,12,0.0011923723509241909,0.7946193814277649,1.3973097801208496,0.1811291107109615,8.940696716308594e-08,0.0,False,1.0595879554748535,0.9203464043077548,4.908965110778809,0.26294997334480286,0.5051975250244141,7
25,13,-0.001392903678316756,0.7923030853271484,1.3961516618728638,0.32930994885308407,1.1920928955078125e-07,0.0,False,1.0213148593902588,0.88710281543797,4.313973426818848,0.301120400428772,0.5000565052032471,7
25,14,-0.012338190706594272,0.7914846539497375,1.395742416381836,0.17271529138088226,8.940696716308594e-08,0.0,False,1.0304845571517944,0.895067513715081,4.350574016571045,0.2984165549278259,0.5001607537269592,7
25,15,-0.021219036036170733,0.8123384118080139,1.4061691761016846,0.35111647631440845,2.9802322387695312e-08,0.0,False,1.0533676147460938,0.914943484999638,4.909609794616699,0.2639845609664917,0.5006543397903442,7
25,16,0.022352788567776095,0.7912476062774658,1.395623803138733,0.3791322729417256,0.0,0.0,False,0.946344792842865,0.8219846430190645,4.017736911773682,0.32425570487976074,0.5000030994415283,7
25,17,0.008569616325757408,0.8006353974342346,1.400317668914795,0.17140968197158413,2.9802322387695312e-08,0.0,False,0.9892185926437378,0.8592243523625521,4.173591136932373,0.3122687339782715,0.5003735423088074,7
25,18,0.00853118280156093,0.8135213255882263,1.4067606925964355,0.19779193614210397,2.9802322387695312e-08,0.0,False,0.9988527894020081,0.8675925093419261,4.1205735206604,0.3173641562461853,0.5000622868537903,7
25,19,-0.030908761703983892,0.8124872446060181,1.4062435626983643,0.3046037767614638,5.960464477539063e-08,0.0,False,1.0018792152404785,0.8702212294250004,4.023900032043457,0.32517990469932556,0.5028119683265686,7
25,20,-0.06985430898423321,0.8065963983535767,1.4032981395721436,0.20311415195465085,5.960464477539063e-08,0.0,False,1.009194254875183,0.8765749921215119,4.185649871826172,0.31167536973953247,0.5023939609527588,7
25,21,0.010533465986938259,0.7959114909172058,1.3979556560516357,0.21359521469899587,8.940696716308594e-08,0.0,False,1.0095864534378052,0.8769156514646262,4.302708148956299,0.3020022511482239,0.5065413117408752,7
25,22,0.02453242212854166,0.8002238273620605,1.4001119136810303,0.14256366022995542,0.0,0.0,False,1.000174641609192,0.8687406555808692,4.161719799041748,0.31305399537086487,0.5045839548110962,7
25,23,0.016771133410237428,0.7944661974906921,1.3972331285476685,0.3863877909524101,2.9802322387695312e-08,0.0,False,0.9765917062759399,0.8482567782162441,3.91986346244812,0.3327435851097107,0.5068982839584351,7
25,24,0.003896189193583716,0.8068984746932983,1.403449296951294,0.10083474857466557,5.960464477539063e-08,0.0,False,1.0017364025115967,0.8700971838648025,4.058023452758789,0.3219479024410248,0.5022538900375366,7
26,1,0.037782273106623084,0.7818508744239807,1.3909255266189575,1.4114897783313478,8.940696716308594e-08,0.0,False,0.9434383511543274,0.8194601398444536,3.591676712036133,0.3634091019630432,0.5050432682037354,2
26,2,0.06602007088737799,0.8113590478897095,1.40567946434021,0.2874450758099556,5.960464477539063e-08,0.0,False,0.9331568479537964,0.8105297396331311,3.7584645748138428,0.34910422563552856,0.5015832185745239,2
26,3,0.0067822720425566385,0.8348889946937561,1.4174444675445557,0.5172767958470753,2.9802322387695312e-08,0.0,False,0.8756622076034546,0.7605905295468002,3.3505847454071045,0.3955003023147583,0.5006682872772217,2
26,4,-0.00712081149815715,0.8335105180740356,1.4167553186416626,0.2891350899423873,5.960464477539063e-08,0.0,False,0.8692212104797363,0.7549959505292291,3.264371871948242,0.40620675683021545,0.5008178949356079,2
26,5,0.003740509505560161,0.8094381093978882,1.4047191143035889,0.3929162733256817,5.960464477539063e-08,0.0,False,0.8418904542922974,0.7312567573323333,3.079493522644043,0.4290666878223419,0.500085711479187,7
26,6,0.026067950373298503,0.8187301158905029,1.409365177154541,0.01833733064787696,1.1920928955078125e-07,0.0,False,0.8414413928985596,0.730866707561661,3.0822832584381104,0.4296066164970398,0.5002310872077942,7
26,7,-0.008013591559022887,0.8245818614959717,1.4122910499572754,0.11701094465596315,1.1920928955078125e-07,0.0,False,0.8646712899208069,0.7510439397455466,3.246293067932129,0.40773308277130127,0.500015377998352,7
26,8,-0.02418017205040371,0.8084723353385925,1.404236078262329,0.09239993457283299,8.940696716308594e-08,0.0,False,0.8528851866722107,0.740806660537532,3.1270511150360107,0.42222726345062256,0.5001479387283325,7
26,9,0.003206210298941247,0.8382803201675415,1.4191402196884155,0.5578819529286452,5.960464477539063e-08,0.0,False,0.9153727293014526,0.7950826504406799,3.6492786407470703,0.3621944189071655,0.5001526474952698,2
26,10,-0.026323318828530798,0.812328577041626,1.4061644077301025,0.13641519684876724,1.1920928955078125e-07,0.0,False,0.9393665790557861,0.8159234435365255,3.7865378856658936,0.3465246260166168,0.5002061128616333,2
26,11,0.006526810898498848,0.7980135083198547,1.399006724357605,0.16003144532442093,2.9802322387695312e-08,0.0,False,0.9774109721183777,0.8489683834854092,3.858783721923828,0.3386746942996979,0.5005702376365662,2
26,12,-0.0004144223293307686,0.820801854133606,1.4104008674621582,0.6179914346763066,5.960464477539063e-08,0.0,False,0.8571896553039551,0.7445454744861164,3.1657650470733643,0.4181061387062073,0.5000180602073669,7
26,13,-0.0048312269824469034,0.8169627785682678,1.4084813594818115,0.18961236838783535,2.9802322387695312e-08,0.0,False,0.9206738471984863,0.7996871429418806,3.4681906700134277,0.3799470067024231,0.5035877823829651,7
26,14,0.0016323199161891052,0.7982969284057617,1.3991484642028809,0.7677247848893916,0.0,0.0,False,0.9573768377304077,0.8315669554566021,3.949162721633911,0.33064231276512146,0.5000532269477844,2
26,15,-0.034319273758039004,0.7999387979507446,1.3999693393707275,0.4862857423722744,5.960464477539063e-08,0.0,False,0.9722023606300354,0.8444442410298794,3.9495391845703125,0.3307318687438965,0.5000002384185791,2
26,16,-0.006620680782819496,0.7630171775817871,1.381508708000183,0.7084689140319824,1.1920928955078125e-07,0.0,False,0.9986029863357544,0.8673755331554531,4.1743855476379395,0.3096197843551636,0.5001839399337769,2
26,17,0.02397720753434048,0.7821413278579712,1.39107084274292,0.6091257844652447,1.7881393432617188e-07,0.0,False,0.9963090419769287,0.865383038401791,4.032136917114258,0.32237693667411804,0.5005723237991333,2
26,18,-0.014222036737873745,0.7937063574790955,1.3968530893325806,0.5063370386404651,8.940696716308594e-08,0.0,False,0.9689778089523315,0.841643431029402,3.986919403076172,0.32699915766716003,0.5017463564872742,2
26,19,0.007425879296343284,0.7900612354278564,1.3950304985046387,0.7785774533237728,1.1920928955078125e-07,0.0,False,1.040130376815796,0.9034457662221005,4.313108921051025,0.3010041415691376,0.5012624859809875,2
26,20,-0.04463627564011903,0.7985250353813171,1.399262547492981,0.39621885546616153,2.9802322387695312e-08,0.0,False,0.9851934909820557,0.8557281934810158,3.9509482383728027,0.3304538428783417,0.5018436908721924,2
26,21,0.02512300559361878,0.7845865488052368,1.3922932147979736,0.8074015783412117,5.960464477539063e-08,0.0,False,0.9834754467010498,0.8542359191792033,3.983335494995117,0.32666853070259094,0.5006298422813416,2
26,22,-0.04082622903917317,0.8175114989280701,1.4087557792663574,0.3283580147794314,2.9802322387695312e-08,0.0,False,0.9206323623657227,0.7996511096739767,3.516566753387451,0.37466961145401,0.5000478029251099,7
26,23,-0.0059045079207774446,0.7757773995399475,1.3878886699676514,0.6665907512818063,2.9802322387695312e-08,0.0,False,1.0179705619812012,0.8841979956167758,4.202404022216797,0.3082547187805176,0.503717303276062,2
26,24,-0.002810623892956509,0.7834883332252502,1.3917442560195923,0.3521906967673982,8.940696716308594e-08,0.0,False,0.9654549360275269,0.8385835024860239,3.8602843284606934,0.33733049035072327,0.504209041595459,7
27,1,0.022756753521266222,0.7589588761329651,1.3794794082641602,1.2897016012242863,2.9802322387695312e-08,0.0,False,0.9918070435523987,0.8614726522551699,3.952286720275879,0.32742840051651,0.5004191398620605,2
27,2,-0.015016289281484773,0.7714371085166931,1.385718584060669,0.3569622997726713,2.9802322387695312e-08,0.0,False,1.0068413019180298,0.8745312431505726,4.165822982788086,0.31081622838974,0.5022379159927368,2
27,3,-0.08793649345106214,0.778229832649231,1.3891148567199707,0.4153030110257012,5.960464477539063e-08,0.0,False,0.876024603843689,0.7609053029215928,3.2240207195281982,0.4061713218688965,0.5000064373016357,2
27,4,0.0007623407778380538,0.8105618357658386,1.4052809476852417,0.19259374056543624,2.9802322387695312e-08,0.0,False,0.9493554830551147,0.824599695310865,3.7539048194885254,0.3495270013809204,0.5000388622283936,2
27,5,0.030734986666023697,0.8147507905960083,1.4073753356933594,0.4793175788862364,5.960464477539063e-08,0.0,False,1.0225738286972046,0.8881963422837542,4.565448760986328,0.2850985825061798,0.5008049607276917,2
27,6,-0.03259843967813261,0.8126649260520935,1.4063324928283691,0.5974200405180454,2.9802322387695312e-08,0.0,False,0.9816259741783142,0.8526294877570917,4.124671459197998,0.31697118282318115,0.5002230405807495,5
27,7,-0.056245247570875165,0.8172314763069153,1.4086158275604248,0.5069177001714706,8.940696716308594e-08,0.0,False,1.0632740259170532,0.9235480844136629,5.250282287597656,0.24618157744407654,0.5000017285346985,2
27,8,0.025664702628601654,0.7778708934783936,1.3889355659484863,1.0303651775632585,1.1920928955078125e-07,0.0,False,0.9509261250495911,0.8259639376133581,3.6627073287963867,0.35588884353637695,0.5006320476531982,1
27,9,-0.02839143696097157,0.8015829920768738,1.4007914066314697,0.7934142478874754,8.940696716308594e-08,0.0,False,1.0381193161010742,0.9016989810797483,4.3767290115356445,0.29709917306900024,0.5036168098449707,7
27,10,0.028944334765905487,0.7804364562034607,1.3902182579040527,0.46644047967025215,2.9802322387695312e-08,0.0,False,1.0234928131103516,0.8889945620029238,4.115543842315674,0.3154575824737549,0.5003719925880432,7
27,11,0.04331717289063504,0.8202334046363831,1.4101166725158691,0.9025591633149557,2.9802322387695312e-08,0.0,False,0.9997681975364685,0.8683876227448971,4.046393394470215,0.32384979724884033,0.5023718476295471,7
27,12,-0.010569729797218251,0.8130886554718018,1.4065443277359009,0.7515493631362915,0.0,0.0,False,1.0573782920837402,0.9184271150725066,4.627219200134277,0.28078198432922363,0.5086158514022827,7
27,13,-0.0007877363132252155,0.8257116079330444,1.412855863571167,0.6050725408962794,5.960464477539063e-08,0.0,False,1.0414283275604248,0.9045731519144495,4.751888751983643,0.27392128109931946,0.5020554661750793,5
27,14,0.011504008517399779,0.8161875009536743,1.4080936908721924,0.2450587142791067,5.960464477539063e-08,0.0,False,1.0485224723815918,0.9107350478137602,4.771247863769531,0.2721475660800934,0.5047972798347473,5
27,15,-0.044143430604835096,0.8147355914115906,1.4073677062988281,0.5974324664899282,8.940696716308594e-08,0.0,False,1.0382206439971924,0.9017869933720424,4.554945945739746,0.2855178713798523,0.5102417469024658,5
27,16,0.07689562275571937,0.8201426267623901,1.4100713729858398,0.8162581196853093,5.960464477539063e-08,0.0,False,1.0130488872528076,0.8799230832642478,4.398879528045654,0.2967968285083771,0.5000010132789612,1
27,17,-0.023430455325251877,0.8215395212173462,1.4107697010040283,1.3925770372152328,5.960464477539063e-08,0.0,False,1.006126880645752,0.8739107047179635,4.161088943481445,0.3144562542438507,0.5076769590377808,7
27,18,0.0039022482203323306,0.8113384246826172,1.4056692123413086,1.1433514580130577,0.0,0.0,False,0.9872112274169922,0.8574807770802719,4.318285942077637,0.3019067049026489,0.5047230124473572,7
27,19,-0.02066370052812517,0.8132898807525635,1.4066448211669922,0.4139049106410572,1.1920928955078125e-07,0.0,False,1.0043551921844482,0.8723718356731718,4.318994045257568,0.30202358961105347,0.5031895637512207,5
27,20,0.012326113726157516,0.8220493197441101,1.411024570465088,0.3129907782588686,8.940696716308594e-08,0.0,False,1.0242784023284912,0.8896769161278854,4.630555152893066,0.28131935000419617,0.5004785060882568,5
27,21,-0.007810714596097818,0.7839014530181885,1.3919507265090942,0.6653124929538795,0.0,0.0,False,1.098728895187378,0.9543437925750693,5.317585468292236,0.24100813269615173,0.5112314224243164,5
27,22,0.05252164542937288,0.8250961303710938,1.4125480651855469,0.3283069378563336,0.0,0.0,False,1.0190098285675049,0.8851006911040921,4.363077163696289,0.29954981803894043,0.5038667321205139,5
27,23,0.060123365556595476,0.8187505602836609,1.4093753099441528,1.2681731155940463,2.9802322387695312e-08,0.0,False,1.0219039916992188,0.8876145292597544,4.3446526527404785,0.30059218406677246,0.5000490546226501,1
27,24,-0.08160144179016009,0.8162094354629517,1.408104658126831,1.435957167829786,5.960464477539063e-08,0.0,False,1.024658441543579,0.8900070139959244,4.169789791107178,0.3136109709739685,0.5007690191268921,7
28,1,-0.009639037061204636,0.782265841960907,1.3911328315734863,1.5991617228303636,8.940696716308594e-08,0.0,False,0.8615686893463135,0.748349055127442,3.156392812728882,0.4155585765838623,0.5001855492591858,2
28,2,-0.014804209545163288,0.8174679279327393,1.40873384475708,0.07702709255473955,1.1920928955078125e-07,0.0,False,0.8777536749839783,0.7624071550316843,3.2859864234924316,0.4019630551338196,0.5001811981201172,2
28,3,-0.044667914006907755,0.8041980862617493,1.4020991325378418,0.07294879427977971,8.940696716308594e-08,0.0,False,0.8777483105659485,0.7624024955573865,3.2613563537597656,0.403818279504776,0.5013395547866821,2
28,4,-0.006821241539733459,0.8055241107940674,1.4027620553970337,0.49848078829901565,0.0,0.0,False,1.0071810483932495,0.8748263431894407,4.127285957336426,0.3162327706813812,0.5015499591827393,2
28,5,-0.006624401423769129,0.8071552515029907,1.4035776853561401,0.1110994155917849,5.960464477539063e-08,0.0,False,1.0058281421661377,0.8736512237715063,4.08591890335083,0.31970101594924927,0.5011982321739197,2
28,6,-0.04047669537374688,0.7827988862991333,1.3913993835449219,0.6567544580570289,5.960464477539063e-08,0.0,False,0.9538654088973999,0.8285169671250596,3.836362361907959,0.33956441283226013,0.5004966259002686,7
28,7,0.05849203017745209,0.7563222646713257,1.378161072731018,0.5366204178759031,5.960464477539063e-08,0.0,False,1.0076539516448975,0.8752371017347703,4.0583930015563965,0.3181818723678589,0.5067928433418274,7
28,8,0.021447955221563356,0.7830386161804199,1.3915194272994995,0.3841104954481125,1.1920928955078125e-07,0.0,False,1.026751160621643,0.891824726691478,4.124327659606934,0.31494230031967163,0.5002763867378235,7
28,9,0.03323228350760674,0.7780837416648865,1.3890419006347656,0.2684162237814496,2.9802322387695312e-08,0.0,False,1.0055054426193237,0.8733709305065183,3.975137710571289,0.3268982768058777,0.5003230571746826,7
28,10,0.04226212762435854,0.7913146615028381,1.3956573009490967,0.379437838281904,2.9802322387695312e-08,0.0,False,1.0348657369613647,0.8988729581461257,4.170032978057861,0.31185245513916016,0.5024777054786682,7
28,11,0.02856348281709907,0.7840293645858765,1.392014741897583,0.05623780403818396,5.960464477539063e-08,0.0,False,1.032823085784912,0.8970987338773525,4.151951313018799,0.31278350949287415,0.5018731951713562,7
28,12,0.009124200248726108,0.8121206164360046,1.4060602188110352,0.7408999779394696,8.940696716308594e-08,0.0,False,1.0385985374450684,0.9021152274503622,4.269904136657715,0.3056696653366089,0.5002099275588989,7
28,13,-0.02187194857570454,0.8278587460517883,1.4139294624328613,1.008622435586793,8.940696716308594e-08,0.0,False,1.0098034143447876,0.8771041013140086,4.184608459472656,0.31324946880340576,0.5000543594360352,7
28,14,0.026209129007904664,0.8246749639511108,1.4123375415802002,1.0039426631161146,5.960464477539063e-08,0.0,False,0.9273589849472046,0.8054937798119436,3.7500832080841064,0.3509414792060852,0.5021158456802368,2
28,15,-0.04096827464099045,0.8309746980667114,1.41548752784729,0.1195890818323408,1.7881393432617188e-07,0.0,False,0.898506224155426,0.7804325902128557,3.5041799545288086,0.3771362900733948,0.5020661354064941,7
28,16,-0.04413119702095962,0.8237345814704895,1.411867380142212,0.6044136211276054,8.940696716308594e-08,0.0,False,1.0175747871398926,0.8838542299574629,4.4766058921813965,0.2915107011795044,0.5034087896347046,2
28,17,0.039958605851000646,0.7791624665260315,1.3895812034606934,0.5062084293791226,2.9802322387695312e-08,0.0,False,0.9715045094490051,0.8438380951956571,4.042226791381836,0.3213025629520416,0.5013737678527832,2
28,18,-0.0005123524944322289,0.8075649738311768,1.4037824869155884,0.6138633830206734,0.0,0.0,False,0.9358949065208435,0.8129079870867242,3.6894848346710205,0.35558903217315674,0.5017279386520386,7
28,19,-0.013808292116957745,0.8072172999382019,1.4036086797714233,1.073665161217962,2.9802322387695312e-08,0.0,False,1.0278897285461426,0.8928136742252424,4.209643363952637,0.30957967042922974,0.5123326778411865,7
28,20,0.00968115187168984,0.7888721823692322,1.3944361209869385,0.9724749076579298,2.9802322387695312e-08,0.0,False,1.0499017238616943,0.9119330504276911,4.828102111816406,0.26735562086105347,0.5020504593849182,7
28,21,0.006113928603310907,0.7848150134086609,1.3924074172973633,0.9831350333988667,8.940696716308594e-08,0.0,False,1.011957049369812,0.878974724928812,4.1976494789123535,0.3092806935310364,0.5020373463630676,2
28,22,0.013071418539903512,0.7643305659294128,1.3821653127670288,0.28698062364544186,2.9802322387695312e-08,0.0,False,0.9368064403533936,0.8136997353138133,3.7267343997955322,0.34846436977386475,0.5000100135803223,2
28,23,0.005689873281876352,0.7806714773178101,1.3903357982635498,0.09404665604233742,5.960464477539063e-08,0.0,False,0.9347338676452637,0.8118995215328452,3.6780879497528076,0.35458576679229736,0.5002374649047852,7
28,24,-0.006075389341248835,0.8107627034187317,1.405381441116333,0.35886420415980474,8.940696716308594e-08,0.0,False,0.9447228312492371,0.8205758250791213,3.7330002784729004,0.3515762686729431,0.5001575946807861,7
29,1,-0.010893335646074247,0.7782987952232361,1.3891493082046509,1.316871715443475,8.940696716308594e-08,0.0,False,0.9897814989089966,0.8597132865322135,3.9709386825561523,0.3271346092224121,0.5055754780769348,7
29,2,-0.05902204666922759,0.8203316926956177,1.410165786743164,0.3447023864303319,5.960464477539063e-08,0.0,False,1.023775577545166,0.8892401680703607,4.259885787963867,0.3069024980068207,0.5021752119064331,7
29,3,0.04746130636046405,0.8083901405334473,1.4041950702667236,1.1675968085016522,0.0,0.0,False,1.0223101377487183,0.8879673032360433,4.2455878257751465,0.30683621764183044,0.5150490403175354,2
29,4,0.022675892837711896,0.8021770119667053,1.4010884761810303,0.937719467495169,2.9802322387695312e-08,0.0,False,0.9559682607650757,0.8303434810498427,3.8009696006774902,0.34433820843696594,0.5013458132743835,7
29,5,0.05224424202100046,0.8135794401168823,1.4067896604537964,0.7311836151140076,5.960464477539063e-08,0.0,False,0.9466686248779297,0.8222659199508487,3.8422980308532715,0.34138223528862,0.5002558827400208,2
29,6,0.009445779618029893,0.7903540134429932,1.395176887512207,0.21913152906511502,1.1920928955078125e-07,0.0,False,0.9222115874290466,0.8010228071353466,3.8285138607025146,0.3408828377723694,0.5001479387283325,2
29,7,0.04359610653215812,0.8292173147201538,1.4146088361740112,0.17750986825142578,1.7881393432617188e-07,0.0,False,0.9332582950592041,0.8106178554692984,3.830183744430542,0.3436998724937439,0.5000277161598206,2
29,8,-0.006320424084125415,0.8257996439933777,1.4128997325897217,0.028133711910673598,8.940696716308594e-08,0.0,False,0.9275722503662109,0.805679019801254,3.8268725872039795,0.3437521159648895,0.5000022053718567,2
29,9,0.08911474737301454,0.8265774250030518,1.4132887125015259,0.5377036753509725,0.0,0.0,False,0.9272618293762207,0.8054093915552146,3.6518468856811523,0.3609094023704529,0.5028206706047058,2
29,10,0.04453025881962208,0.7938125729560852,1.3969063758850098,2.0259788057633807,8.940696716308594e-08,0.0,False,0.9660119414329529,0.8390673112339575,4.0973005294799805,0.31637513637542725,0.554684042930603,7
29,11,0.0677347370307923,0.7881181836128235,1.394059181213379,0.21738882895026898,8.940696716308594e-08,0.0,False,0.9842514395713806,0.8549099380223651,4.212081432342529,0.307903528213501,0.5203040838241577,7
29,12,-0.11897832573288679,0.7929012179374695,1.3964505195617676,0.09697336011699267,8.940696716308594e-08,0.0,False,0.9906120300292969,0.8604346766974041,4.2902445793151855,0.3027500510215759,0.5055660605430603,7
29,13,0.015155096863339958,0.8027468323707581,1.4013733863830566,2.0085279946880683,2.9802322387695312e-08,0.0,False,0.946648895740509,0.8222487834398198,3.8545596599578857,0.33942660689353943,0.5003817677497864,2
29,14,0.03183955010771289,0.8127655982971191,1.4063827991485596,0.4271887673863344,0.0,0.0,False,0.9449732303619385,0.8207933189849607,3.773759126663208,0.34778571128845215,0.5000083446502686,2
29,15,-0.013022597278634647,0.8093847632408142,1.4046924114227295,1.1646016075142793,2.9802322387695312e-08,0.0,False,1.0056531429290771,0.8734992213655209,4.368772029876709,0.2960231304168701,0.5790674090385437,7
29,16,0.03892046631124895,0.8233543038368225,1.4116770029067993,1.5469587386718817,1.4901161193847656e-07,0.0,False,0.9502312541007996,0.825360380375968,3.8114383220672607,0.34501659870147705,0.5000177621841431,2
29,17,0.028116487044371793,0.8079134821891785,1.403956651687622,0.04820163973740163,8.940696716308594e-08,0.0,False,0.9266120195388794,0.804844973901927,3.7062771320343018,0.35397836565971375,0.5004271268844604,2
29,18,-0.0012744801490898947,0.8003243803977966,1.4001621007919312,0.3374909566981451,8.940696716308594e-08,0.0,False,0.9436873197555542,0.8196763912238136,3.7826876640319824,0.34595787525177,0.5001810193061829,2
29,19,-0.013922823175886877,0.8031051754951477,1.401552677154541,0.1358494545732225,8.940696716308594e-08,0.0,False,0.9417166709899902,0.8179647074545058,3.7022757530212402,0.3540005683898926,0.5000717043876648,2
29,20,-0.004490585256135448,0.804305911064148,1.4021531343460083,0.3714791025434222,1.7881393432617188e-07,0.0,False,0.9643242955207825,0.8376014406198331,3.8763179779052734,0.3375486731529236,0.5008028745651245,2
29,21,-0.010232485604980657,0.8069530725479126,1.403476595878601,0.48984916242105614,5.960464477539063e-08,0.0,False,0.9256420731544495,0.8040024891769272,3.5361804962158203,0.3716007471084595,0.5005184412002563,2
29,22,-0.04766959318308791,0.806684672832489,1.403342366218567,0.02783357032707759,2.9802322387695312e-08,0.0,False,0.9261831641197205,0.804472474817777,3.5375025272369385,0.371441513299942,0.5002401471138,2
29,23,0.03150581991366344,0.7939954996109009,1.3969976902008057,0.37798691487738073,5.960464477539063e-08,0.0,False,0.9987884759902954,0.8675366474222878,4.034420490264893,0.32305291295051575,0.5001033544540405,2
29,24,0.004020652435263082,0.80776447057724,1.4038822650909424,0.6225639512496336,2.9802322387695312e-08,0.0,False,0.9238818287849426,0.802473560343971,3.6428720951080322,0.36036738753318787,0.5006319880485535,2
30,1,0.03140615103345286,0.8186010718345642,1.4093005657196045,1.4846142147268568,2.9802322387695312e-08,0.0,False,0.9275003671646118,0.805616582845662,3.7714006900787354,0.3484523594379425,0.500478982925415,2
30,2,-0.02133441973511567,0.7904437780380249,1.3952219486236572,0.40072862112096386,5.960464477539063e-08,0.0,False,0.8968257308006287,0.7789729322311285,3.3512659072875977,0.3913785219192505,0.5000004172325134,2
30,3,-0.001566634801361739,0.8111509084701538,1.4055755138397217,0.18713221060378216,5.960464477539063e-08,0.0,False,0.8857790231704712,0.7693778838971767,3.37752103805542,0.39011308550834656,0.5000295639038086,2
30,4,0.010615633485025809,0.7917050123214722,1.3958525657653809,0.37707174888678974,5.960464477539063e-08,0.0,False,0.9358421564102173,0.8128621689227946,3.678359270095825,0.35546618700027466,0.500068724155426,2
30,5,-0.023115335790270197,0.8091596961021423,1.4045798778533936,0.40734381973743433,2.9802322387695312e-08,0.0,False,0.9377942085266113,0.8145576998478696,3.714515447616577,0.3532730042934418,0.500011682510376,5
30,6,-0.006455638638404966,0.8043380379676819,1.4021689891815186,0.43385880653347286,2.9802322387695312e-08,0.0,False,0.9958683252334595,0.8650002367022488,4.1891045570373535,0.3113166391849518,0.5001776218414307,5
30,7,0.03902226872754487,0.7931976318359375,1.3965986967086792,0.6725401910287994,1.1920928955078125e-07,0.0,False,1.0544018745422363,0.9158418316442762,4.934802055358887,0.2615673542022705,0.5,5
30,8,-0.043972890755382917,0.7996176481246948,1.3998088836669922,0.9775695226022174,5.960464477539063e-08,0.0,False,1.0083532333374023,0.8758444900954719,4.172060489654541,0.31232374906539917,0.5002027750015259,5
30,9,0.033128201642424845,0.798192024230957,1.3990960121154785,0.6377756978784288,0.0,0.0,False,1.0384387969970703,0.9019764786601576,4.699104309082031,0.2754807472229004,0.5065078139305115,1
30,10,-0.004984193240078557,0.7957421541213989,1.3978711366653442,0.6647235772439412,5.960464477539063e-08,0.0,False,1.0307071208953857,0.8952608301265079,4.616816997528076,0.28062400221824646,0.5018981695175171,7
30,11,0.011305535797528281,0.781234622001648,1.3906173706054688,0.4354570156761578,5.960464477539063e-08,0.0,False,1.0343941450119019,0.8984633385834022,4.284909248352051,0.30252283811569214,0.5000655651092529,7
30,12,-0.030275725566884654,0.7925585508346558,1.3962793350219727,1.1903507305043086,5.960464477539063e-08,0.0,False,1.045015573501587,0.9076889941494026,4.38104772567749,0.296029269695282,0.5105882287025452,7
30,13,0.024436417932630884,0.7984879612922668,1.3992440700531006,1.2346464289086205,8.940696716308594e-08,0.0,False,1.0270826816558838,0.8921126822030893,4.376161575317383,0.29666322469711304,0.5137304663658142,7
30,14,-0.005915277840058999,0.795621395111084,1.3978108167648315,0.27005660001720716,1.1920928955078125e-07,0.0,False,1.0308916568756104,0.8954211160423562,4.282415866851807,0.30362993478775024,0.501108705997467,7
30,15,0.033337300967591146,0.7775991559028625,1.3887996673583984,0.45951130028281906,8.940696716308594e-08,0.0,False,0.9851750135421753,0.8557121441806563,3.889763355255127,0.3343161940574646,0.5007517337799072,7
30,16,0.019078136395167252,0.7748867869377136,1.3874433040618896,0.4667925536632538,8.940696716308594e-08,0.0,False,1.0407092571258545,0.9039485752707822,4.198230743408203,0.30859872698783875,0.5004738569259644,7
30,17,0.008934371315946505,0.7778985500335693,1.3889493942260742,0.5419204703399114,1.1920928955078125e-07,0.0,False,1.0266292095184326,0.8917188013091054,4.108528137207031,0.31584981083869934,0.5000000596046448,7
30,18,-0.059172101634871174,0.7763908505439758,1.388195514678955,1.3423554822802544,8.940696716308594e-08,0.0,False,0.9374511241912842,0.8142597005805495,3.5268208980560303,0.36994796991348267,0.5019782781600952,7
30,19,0.035206914885875726,0.8049328923225403,1.4024665355682373,0.4249327193413463,8.940696716308594e-08,0.0,False,0.8967950940132141,0.7789463214556938,3.32692551612854,0.39567771553993225,0.5003740787506104,7
30,20,0.025145222649100456,0.7885867357254028,1.3942933082580566,0.4327497769679342,5.960464477539063e-08,0.0,False,0.9365295171737671,0.8134592028961676,3.522033929824829,0.37156277894973755,0.5006870031356812,7
30,21,-0.006903963307381963,0.7865603566169739,1.393280267715454,0.13239918755633484,8.940696716308594e-08,0.0,False,0.9666663408279419,0.8396357153263666,3.7396962642669678,0.348998099565506,0.5001774430274963,7
30,22,0.013063478832569097,0.7859258651733398,1.39296293258667,0.0695061742195062,0.0,0.0,False,0.9520405530929565,0.8269319175127818,3.679806709289551,0.35483992099761963,0.5004035234451294,7
30,23,-0.016925486489235114,0.8130857944488525,1.4065430164337158,0.41965892538428307,1.1920928955078125e-07,0.0,False,0.9094499349594116,0.7899381766402875,3.4342684745788574,0.38355836272239685,0.5016013383865356,7
30,24,0.031235366856446328,0.8042668104171753,1.4021333456039429,0.4362635325108255,5.960464477539063e-08,0.0,False,0.905717134475708,0.786695907336051,3.4232845306396484,0.38409313559532166,0.5000988841056824,1
31,1,0.06067426038864871,0.8157607913017273,1.407880425453186,1.4728051615612847,2.9802322387695312e-08,0.0,False,0.9284687638282776,0.806457721500309,3.506707191467285,0.3756146728992462,0.5000050067901611,2
31,2,0.00983646571709638,0.8078855872154236,1.4039428234100342,1.0290553016322,2.9802322387695312e-08,0.0,False,0.8978773355484009,0.77988634450933,3.422830581665039,0.3844655454158783,0.5002017617225647,2
31,3,-0.1085751853358271,0.8236543536186218,1.4118270874023438,0.7797784416803291,8.940696716308594e-08,0.0,False,0.9707635641098022,0.8431945182512416,4.002659797668457,0.3277781903743744,0.5027955770492554,2
31,4,0.0769073928409927,0.7858284711837769,1.3929142951965332,0.756990659981966,5.960464477539063e-08,0.0,False,0.942818820476532,0.818922022334981,3.882441997528076,0.3356184959411621,0.500019907951355,2
31,5,-0.035419736154977476,0.783466637134552,1.3917334079742432,0.7372238300740719,8.940696716308594e-08,0.0,False,0.9090101718902588,0.7895562032917317,3.457517385482788,0.3782901167869568,0.500845730304718,2
31,6,0.029890741143793104,0.8037110567092896,1.40185546875,0.3750278614461422,5.960464477539063e-08,0.0,False,0.864774227142334,0.75113334988013,3.188417673110962,0.4133666753768921,0.5000170469284058,2
31,7,0.05078604471945591,0.7929113507270813,1.3964557647705078,0.8298439186598574,8.940696716308594e-08,0.0,False,0.9095555543899536,0.7900299165120198,3.4383623600006104,0.38132143020629883,0.5006826519966125,2
31,8,0.0015934694994224159,0.8291829228401184,1.4145915508270264,0.5094850755163602,8.940696716308594e-08,0.0,False,0.9210026264190674,0.7999727169444062,3.5992484092712402,0.3665730357170105,0.504178524017334,7
31,9,-0.06962403399385579,0.8102125525474548,1.4051063060760498,0.7785936112382583,2.9802322387695312e-08,0.0,False,0.9269096851348877,0.8051035229535247,3.8212528228759766,0.3430904150009155,0.5000128746032715,2
31,10,0.049393472847420586,0.7958768606185913,1.3979383707046509,0.55968237934368,5.960464477539063e-08,0.0,False,0.9552485942840576,0.8297183866868089,3.6897799968719482,0.3546309173107147,0.5012031197547913,2
31,11,-0.00516716835706044,0.8244507312774658,1.4122252464294434,1.374015242925712,1.1920928955078125e-07,0.0,False,1.0216219425201416,0.8873695444555573,4.303441524505615,0.3037320077419281,0.5083783864974976,7
31,12,-0.02727529521042904,0.8017756342887878,1.4008877277374268,0.5782086061579841,8.940696716308594e-08,0.0,False,0.9436441659927368,0.8196389083416837,3.714000701904297,0.3525654673576355,0.5060586929321289,7
31,13,-0.0072766089240174124,0.8234323263168335,1.4117162227630615,1.0723835144724165,5.960464477539063e-08,0.0,False,1.0170432329177856,0.883392527826476,4.16748046875,0.31430158019065857,0.5000037550926208,2
31,14,0.006716821613177995,0.8097971081733704,1.4048986434936523,0.1696634675775256,8.940696716308594e-08,0.0,False,0.9832568168640137,0.8540460197155948,3.9037439823150635,0.33550164103507996,0.500304102897644,2
31,15,0.014852130653275866,0.8021554350852966,1.4010777473449707,0.3101554087230137,2.9802322387695312e-08,0.0,False,0.8795602321624756,0.7639763106594125,3.2821998596191406,0.401003360748291,0.5002163052558899,2
31,16,0.025760599754313676,0.8178631663322449,1.4089316129684448,0.3533463829330036,2.9802322387695312e-08,0.0,False,0.9416605830192566,0.8179159900621242,3.8117270469665527,0.34456706047058105,0.5001173615455627,2
31,17,0.01114343092161733,0.8187106847763062,1.4093554019927979,0.2576872291309493,5.960464477539063e-08,0.0,False,0.8956522345542908,0.7779536463424911,3.4778647422790527,0.37910330295562744,0.5000425577163696,2
31,18,-0.04348615132720046,0.8211331963539124,1.4105665683746338,0.34825337305665016,2.9802322387695312e-08,0.0,False,0.922238826751709,0.8010464669103926,3.6846821308135986,0.3572072386741638,0.5000827312469482,2
31,19,0.06491612985313334,0.8010023236274719,1.4005013704299927,0.323572295584849,2.086162567138672e-07,0.0,False,0.9478593468666077,0.8233001679291762,3.759814739227295,0.3482053577899933,0.5000075697898865,2
31,20,0.03777212549719727,0.8149457573890686,1.407472848892212,0.775849542979683,2.9802322387695312e-08,0.0,False,0.9481950998306274,0.8235917992482891,4.109256744384766,0.3180515766143799,0.5113800764083862,2
31,21,0.003294173629769311,0.8085814714431763,1.4042906761169434,0.8360344097018243,5.960464477539063e-08,0.0,False,0.9861258864402771,0.8565380618859303,4.127894878387451,0.31511396169662476,0.5468336343765259,7
31,22,0.030857942543330276,0.8046486377716064,1.4023243188858032,1.2900912671216898,0.0,0.0,False,0.8961458206176758,0.778382369749836,3.496565580368042,0.3757806718349457,0.5001749992370605,2
31,23,-0.0005889778700720301,0.8297086358070374,1.4148542881011963,0.7239974907466344,2.9802322387695312e-08,0.0,False,0.885193407535553,0.7688692246196541,3.38020658493042,0.39145219326019287,0.5002942681312561,2
31,24,-0.03655041821658089,0.8293461203575134,1.414673089981079,0.1469212956726551,2.9802322387695312e-08,0.0,False,0.912053108215332,0.7921992642012563,3.631256341934204,0.36333805322647095,0.5003129839897156,2
32,1,0.021703812246829778,0.8053637742996216,1.4026819467544556,1.4339850454458167,5.960464477539063e-08,0.0,False,0.9724189043045044,0.8446323284757052,4.218385696411133,0.30898597836494446,0.5051990151405334,2
32,2,-0.008833501882523496,0.7940645813941956,1.397032380104065,0.8647133138562952,8.940696716308594e-08,0.0,False,1.002952218055725,0.8711532278284568,3.9770572185516357,0.32791805267333984,0.5000101327896118,7
32,3,-0.004382419358060023,0.8133082985877991,1.4066543579101562,1.2977867126464844,2.086162567138672e-07,0.0,False,0.9713850617408752,0.8437343442346235,3.857196092605591,0.3398924171924591,0.5036112070083618,2
32,4,0.029771089466895943,0.8097238540649414,1.4048619270324707,0.44665807911327904,0.0,0.0,False,0.9972927570343018,0.8662374824441554,4.129382133483887,0.31633806228637695,0.5021047592163086,2
32,5,0.0327040800729474,0.7838844656944275,1.3919423818588257,0.6721194833517075,1.4901161193847656e-07,0.0,False,1.0051562786102295,0.8730676505016606,3.9931890964508057,0.3257807195186615,0.50052809715271,2
32,6,-0.025771566270753842,0.7855467796325684,1.3927733898162842,0.8175057311143193,0.0,0.0,False,0.9210667014122009,0.8000283717762979,3.4893569946289062,0.37487083673477173,0.5018714070320129,2
32,7,-0.008039052095355517,0.7754951119422913,1.3877475261688232,0.7528144727860179,2.9802322387695312e-08,0.0,False,1.0463557243347168,0.9088530343728953,4.319034099578857,0.29960906505584717,0.501596212387085,2
32,8,0.03330234254667818,0.7693265080451965,1.3846633434295654,0.13806263889585213,8.940696716308594e-08,0.0,False,1.0515215396881104,0.9133400045779152,4.404027938842773,0.29316291213035583,0.502099871635437,2
32,9,0.03814616847106812,0.7499454617500305,1.3749728202819824,0.9118224573986871,8.940696716308594e-08,0.0,False,0.96852707862854,0.8412519316445037,3.87992787361145,0.3327386975288391,0.5138240456581116,7
32,10,-0.028465048769506392,0.7932226061820984,1.3966113328933716,0.5559543456350053,2.9802322387695312e-08,0.0,False,1.0098987817764282,0.8771869364126382,4.03851842880249,0.32265186309814453,0.5002498030662537,7
32,11,0.012630204443177813,0.8235708475112915,1.411785364151001,0.8902932511908667,5.960464477539063e-08,0.0,False,0.9158311486244202,0.7954808284054052,3.6571245193481445,0.3601369261741638,0.5024195909500122,2
32,12,0.03305013694819489,0.8197654485702515,1.4098827838897705,0.2890131763581718,5.960464477539063e-08,0.0,False,0.9589930772781372,0.8329708032906276,3.739617109298706,0.3516297936439514,0.5004141330718994,2
32,13,0.009934406529323285,0.8177873492240906,1.4088937044143677,0.198040559887886,2.9802322387695312e-08,0.0,False,0.8883762359619141,0.771633794264481,3.3066673278808594,0.39938974380493164,0.5001394152641296,2
32,14,-0.0358832903852999,0.8141052722930908,1.4070526361465454,0.11657321772405083,0.0,0.0,False,0.9212899804115295,0.8002223094509646,3.48307204246521,0.37811243534088135,0.5001775026321411,2
32,15,0.06968580639950392,0.7842028141021729,1.3921012878417969,0.30141720814364303,1.1920928955078125e-07,0.0,False,0.9509868621826172,0.8260166932167978,3.7073843479156494,0.35196661949157715,0.5001735687255859,7
32,16,0.009022249916096039,0.7967302799224854,1.3983652591705322,0.7574951371976308,1.1920928955078125e-07,0.0,False,1.015589952468872,0.882130224467234,4.036368370056152,0.32308292388916016,0.5002284646034241,7
32,17,-0.011954096605165877,0.7947889566421509,1.3973945379257202,0.8836511916347912,5.960464477539063e-08,0.0,False,0.9111236333847046,0.7913919326212373,3.4634573459625244,0.378642201423645,0.5000585913658142,2
32,18,-0.004389268141191982,0.7991392016410828,1.3995695114135742,0.19424070896846907,8.940696716308594e-08,0.0,False,0.8829349279403687,0.7669075341682948,3.2781670093536377,0.4011951982975006,0.5014179944992065,7
32,19,0.015583698267649906,0.8227057456970215,1.4113528728485107,0.1236442508442061,0.0,0.0,False,0.8861557245254517,0.7697050825367636,3.315809965133667,0.3986901640892029,0.5005567073822021,2
32,20,0.03001743248603789,0.8084895610809326,1.4042448997497559,1.5753716677427292,1.1920928955078125e-07,0.0,False,1.0002816915512085,0.868833637979081,4.051690578460693,0.3225167989730835,0.5046862959861755,7
32,21,-0.0657762608911634,0.8069366216659546,1.4034682512283325,0.6813868678041866,5.960464477539063e-08,0.0,False,0.9970912337303162,0.8660624415263638,4.129383563995361,0.3161921501159668,0.5004866719245911,7
32,22,-0.02838815764942718,0.8148492574691772,1.407424807548523,1.2937662660011222,1.7881393432617188e-07,0.0,False,0.9164084196090698,0.7959822396117976,3.512794256210327,0.3747577965259552,0.5036037564277649,7
32,23,0.0053380952811930595,0.8016037940979004,1.4008018970489502,0.3700062217456953,0.0,0.0,False,0.868693470954895,0.7545375618021875,3.218970537185669,0.40910613536834717,0.5000321865081787,7
32,24,0.0060721228805834405,0.797423779964447,1.398711919784546,0.3505932864333902,2.9802322387695312e-08,0.0,False,0.9092686772346497,0.7897807381809546,3.405937671661377,0.3854970932006836,0.5003944635391235,7
33,1,-0.014157303758813905,0.7210003733634949,1.3605002164840698,1.501759974019868,2.9802322387695312e-08,0.0,False,0.8905528783798218,0.7735244018468287,3.2856202125549316,0.39273253083229065,0.5010615587234497,7
33,2,-0.05972403734197409,0.7848544716835022,1.3924272060394287,1.163175003869193,2.9802322387695312e-08,0.0,False,1.0131304264068604,0.8799939072735762,4.058615207672119,0.32038161158561707,0.5005313158035278,7
33,3,-0.07948947002074518,0.7693430185317993,1.3846714496612549,1.22699976925339,5.960464477539063e-08,0.0,False,0.879688024520874,0.7640873096915762,3.244426727294922,0.4026087820529938,0.5023103356361389,7
33,4,-0.03683467898015882,0.7231832146644592,1.3615915775299072,0.5150803583008903,2.9802322387695312e-08,0.0,False,0.9687223434448242,0.8414215365089479,3.784501075744629,0.339609831571579,0.5006254315376282,2
33,5,-0.07609848785058143,0.706631064414978,1.3533155918121338,1.3051683881453107,5.960464477539063e-08,0.0,False,1.095837950706482,0.9518327501039857,5.190252304077148,0.24358265101909637,0.5005124807357788,7
33,6,0.05031959098408553,0.7467581629753113,1.3733789920806885,1.314938900726182,8.940696716308594e-08,0.0,False,0.9525638818740845,0.8273864751165119,3.815180540084839,0.3385987877845764,0.5038260221481323,7
33,7,0.0477581477078671,0.7999107241630554,1.3999552726745605,1.5941203441470861,8.940696716308594e-08,0.0,False,0.9593569040298462,0.8332868191918995,3.869425058364868,0.33784568309783936,0.5006914734840393,7
33,8,0.015115858110236477,0.706561803817749,1.353281021118164,0.7760618523295436,1.1920928955078125e-07,0.0,False,1.0270047187805176,0.8920449645099595,4.125759601593018,0.30901750922203064,0.5146222114562988,7
33,9,-0.029734269164669595,0.7889686822891235,1.394484281539917,0.28435126159872326,5.960464477539063e-08,0.0,False,1.0387293100357056,0.902228815079358,4.217984199523926,0.3078954815864563,0.506079912185669,7
33,10,-0.054736129952109865,0.7773723006248474,1.388686180114746,0.9189969482166427,2.9802322387695312e-08,0.0,False,0.9214648008346558,0.80037415654114,3.5095789432525635,0.3719383478164673,0.501154363155365,7
33,11,0.025296288124418333,0.7699492573738098,1.384974718093872,0.5861139808382307,8.940696716308594e-08,0.0,False,1.0383195877075195,0.9018729347868706,4.269012451171875,0.30244094133377075,0.5193232297897339,7
33,12,0.05284284839981401,0.7650625705718994,1.3825311660766602,0.18931101901190628,1.1920928955078125e-07,0.0,False,1.0375640392303467,0.9012166737179774,4.223337173461914,0.30582767724990845,0.5077406167984009,7
33,13,0.023827976131548308,0.7977128624916077,1.3988564014434814,0.5825399564845222,2.9802322387695312e-08,0.0,False,1.0363860130310059,0.900193453162155,4.200258255004883,0.3098256289958954,0.5066962242126465,7
33,14,-0.012535029429642863,0.7976441383361816,1.3988220691680908,0.5774032111678806,0.0,0.0,False,1.0419132709503174,0.9049943683909811,4.2254862785339355,0.3079749345779419,0.5035359263420105,7
33,15,0.013831104076710291,0.7753310203552246,1.3876655101776123,0.8147691105093277,0.0,0.0,False,0.9404058456420898,0.8168261390238417,3.586247205734253,0.3634932339191437,0.5025278925895691,7
33,16,0.023343081094062548,0.802116334438324,1.4010581970214844,1.0408740022352763,2.9802322387695312e-08,0.0,False,1.0241730213165283,0.8895853833438996,4.131627559661865,0.3156625032424927,0.5011398792266846,7
33,17,0.060941304186618174,0.7457550764083862,1.372877597808838,0.8687560302870615,5.960464477539063e-08,0.0,False,1.019707441329956,0.8857066298505677,4.114048957824707,0.31311386823654175,0.5001541972160339,7
33,18,0.0024819548821155384,0.7728942632675171,1.3864471912384033,0.2749580996377128,5.960464477539063e-08,0.0,False,1.033951759338379,0.898079087269634,4.1534247398376465,0.3118836283683777,0.5022835731506348,7
33,19,-0.003443128159679395,0.7782851457595825,1.3891427516937256,0.17898012697696686,1.7881393432617188e-07,0.0,False,1.042718768119812,0.9056940143427815,4.247793674468994,0.305051326751709,0.5013091564178467,7
33,20,0.031381556763796815,0.7672202587127686,1.3836102485656738,0.38962701388767784,1.1920928955078125e-07,0.0,False,0.9690533876419067,0.841709077845066,3.781576156616211,0.34339386224746704,0.5023624897003174,7
33,21,-0.02279230336873288,0.7900588512420654,1.3950295448303223,0.46287116514784943,1.1920928955078125e-07,0.0,False,0.9118666648864746,0.7920373215834353,3.4450173377990723,0.38009825348854065,0.5082569718360901,7
33,22,0.04940511929107793,0.7839477062225342,1.3919739723205566,0.6539169092263493,1.1920928955078125e-07,0.0,False,0.999665379524231,0.8682983161541871,4.01361608505249,0.32407164573669434,0.500049889087677,7
33,23,-0.03388810731358149,0.8001530766487122,1.4000765085220337,0.179957606962749,2.9802322387695312e-08,0.0,False,1.00108003616333,0.8695270712984842,3.946028232574463,0.3310524821281433,0.5000632405281067,7
33,24,0.027917541728774434,0.7583001852035522,1.3791500329971313,0.6575035442199026,5.960464477539063e-08,0.0,False,0.9125127792358398,0.792598529376651,3.5440938472747803,0.36638420820236206,0.5068867206573486,2
34,1,0.006268855027310462,0.8054046630859375,1.4027023315429688,1.4422183143241065,0.0,0.0,False,0.9307979345321655,0.8084808134685275,3.566842794418335,0.36812037229537964,0.5017285346984863,2
34,2,0.0018321983230512135,0.8154155015945435,1.4077078104019165,0.07404739622558865,5.960464477539063e-08,0.0,False,0.9309454560279846,0.8086089490117202,3.5682716369628906,0.3688437342643738,0.500487744808197,2
34,3,0.06619665522956976,0.8159507513046265,1.407975435256958,1.6643889796520983,5.960464477539063e-08,0.0,False,1.0040369033813477,0.8720953735314955,4.116130828857422,0.31760042905807495,0.5101239681243896,7
34,4,-0.005014060443605414,0.7974224090576172,1.3987112045288086,0.5008953713944981,0.0,0.0,False,0.9619946479797363,0.8355779344761215,3.93294095993042,0.33199039101600647,0.5003385543823242,7
34,5,-0.005996852905640655,0.8052147626876831,1.4026074409484863,0.48915157307471546,5.960464477539063e-08,0.0,False,1.0248281955718994,0.890154460471485,4.15493106842041,0.31389448046684265,0.5058028101921082,7
34,6,0.054400312473716135,0.7785438299179077,1.3892719745635986,1.4496426619589329,5.960464477539063e-08,0.0,False,0.9098862409591675,0.790317147216518,3.431342124938965,0.3807176351547241,0.5052730441093445,7
34,7,0.018470745754160564,0.7817931175231934,1.3908965587615967,0.10758340890918455,0.0,0.0,False,0.9171931743621826,0.7966638689296461,3.468871831893921,0.37678995728492737,0.5034483075141907,7
34,8,-0.013453024615156985,0.7574447989463806,1.3787224292755127,0.8811506655599389,2.9802322387695312e-08,0.0,False,1.027543306350708,0.8925127757294703,4.163779258728027,0.30952298641204834,0.5209882259368896,7
34,9,0.02079195474273609,0.7998096346855164,1.399904727935791,1.0675134914261954,8.940696716308594e-08,0.0,False,0.9752341508865356,0.8470776205872516,3.9045965671539307,0.33456385135650635,0.504502534866333,2
34,10,0.012611587170578219,0.8051189184188843,1.4025593996047974,0.10725561316524229,5.960464477539063e-08,0.0,False,0.9374112486839294,0.8142250651549351,3.696507453918457,0.35463863611221313,0.5035683512687683,2
34,11,0.018180967261452775,0.7961441874504089,1.3980720043182373,0.9563406466373376,8.940696716308594e-08,0.0,False,1.0173496007919312,0.8836586355808237,4.117670059204102,0.31635308265686035,0.5015835165977478,7
34,12,0.009958293380930707,0.7864664196968079,1.393233299255371,0.8916915676423482,8.940696716308594e-08,0.0,False,0.984510600566864,0.8551350424028911,3.9848215579986572,0.3262156546115875,0.5178160667419434,7
34,13,0.010852656659983629,0.8014051914215088,1.4007024765014648,0.44646289306027565,1.1920928955078125e-07,0.0,False,0.9198068976402283,0.7989341201234007,3.5487282276153564,0.36973050236701965,0.5017684102058411,7
34,14,-0.06445826640883778,0.7875595092773438,1.3937797546386719,0.5511173584631511,0.0,0.0,False,0.9679208993911743,0.8407254110488392,3.832754611968994,0.34004801511764526,0.5085240006446838,2
34,15,-0.02235108449622506,0.7618690729141235,1.380934476852417,0.7599856587392944,5.960464477539063e-08,0.0,False,1.0271694660186768,0.8921880621428422,4.275508880615234,0.3017672598361969,0.5059818625450134,2
34,16,0.02844014478012546,0.7581817507743835,1.3790907859802246,0.09947840124368668,8.940696716308594e-08,0.0,False,1.0488917827606201,0.9110558267332034,4.424256801605225,0.2910296320915222,0.5028449296951294,2
34,17,0.06699516872222869,0.7891053557395935,1.3945527076721191,2.0777238479682376,2.9802322387695312e-08,0.0,False,1.0372384786605835,0.9009338954000305,4.344193458557129,0.2981669008731842,0.5205628871917725,7
34,18,-0.007965652628929152,0.784698486328125,1.3923492431640625,0.6585445904306003,0.0,0.0,False,0.9510031938552856,0.8260308787274382,3.7001914978027344,0.35268521308898926,0.5013653635978699,7
34,19,0.005122822961376465,0.8060213923454285,1.403010606765747,0.8866651068840709,8.940696716308594e-08,0.0,False,1.0364570617675781,0.9002551653106341,4.220941543579102,0.3089148998260498,0.502323567867279,7
34,20,0.00034559652546666117,0.7941215634346008,1.3970609903335571,1.28784841299057,2.086162567138672e-07,0.0,False,0.878511905670166,0.7630657458377265,3.248769760131836,0.4044771194458008,0.5011759400367737,7
34,21,-0.01144060928865251,0.8198398351669312,1.4099199771881104,1.3700964046376092,5.960464477539063e-08,0.0,False,1.039183497428894,0.9026233172365816,4.245497226715088,0.308018296957016,0.5001499652862549,7
34,22,-0.07903481248291964,0.7929278612136841,1.3964638710021973,2.096294706421239,5.960464477539063e-08,0.0,False,0.9351412653923035,0.8122533827198036,3.7313125133514404,0.35032540559768677,0.500077486038208,2
34,23,0.034808129888832265,0.7550631165504456,1.3775315284729004,0.17018083110451698,2.9802322387695312e-08,0.0,False,0.9627547264099121,0.8362381302121996,3.7183942794799805,0.3485155701637268,0.5000012516975403,2
34,24,-0.006494359723307634,0.7618286609649658,1.380914330482483,0.21936268785170135,0.0,0.0,False,0.9537305235862732,0.8283998072324353,3.8079018592834473,0.3405626118183136,0.5000717639923096,2
35,1,-0.01866918757424154,0.7925386428833008,1.3962692022323608,1.2216101799692427,1.1920928955078125e-07,0.0,False,0.9929574131965637,0.8624718506323896,3.969538688659668,0.3284396231174469,0.5004962682723999,2
35,2,0.006566480076368356,0.8097097277641296,1.4048547744750977,0.1951799169182778,8.940696716308594e-08,0.0,False,0.938163161277771,0.8148781681356929,3.635590076446533,0.3612634837627411,0.5011094808578491,2
35,3,0.04121992873663095,0.8166971206665039,1.408348560333252,0.275053667170661,0.0,0.0,False,0.9979654550552368,0.8668217805211141,4.08929967880249,0.32011449337005615,0.5002894401550293,2
35,4,0.023658920466845264,0.8122071027755737,1.4061036109924316,1.7675231567450933,5.960464477539063e-08,0.0,False,1.000429391860962,0.8689619288380835,4.100943565368652,0.3187369704246521,0.5044036507606506,7
35,5,-0.023972490234262296,0.7897684574127197,1.3948841094970703,0.24177805866513932,1.1920928955078125e-07,0.0,False,1.0187159776687622,0.8848454554564396,4.307685852050781,0.301392138004303,0.5008544921875,7
35,6,0.0036218417003195617,0.8081599473953247,1.4040800333023071,1.4907517731189726,5.960464477539063e-08,0.0,False,0.9450073838233948,0.8208229843046574,3.9329869747161865,0.332771360874176,0.5006487965583801,2
35,7,-0.03763218077275772,0.804627001285553,1.402313470840454,0.32016984373331075,2.9802322387695312e-08,0.0,False,0.9612524509429932,0.8349332703210365,3.9097259044647217,0.3344549834728241,0.5048440098762512,2
35,8,-0.11470594704491442,0.7547892332077026,1.3773945569992065,0.6429759599268435,5.960464477539063e-08,0.0,False,0.8563100695610046,0.7437814760170681,3.1013340950012207,0.42033058404922485,0.5003023147583008,2
35,9,0.005195928364911912,0.7641189694404602,1.3820595741271973,0.25421509253127245,8.940696716308594e-08,0.0,False,0.9656491279602051,0.8387521754556084,3.7069666385650635,0.35037392377853394,0.5000062584877014,2
35,10,0.013957117908319272,0.7711666822433472,1.3855832815170288,0.1322730715785707,5.960464477539063e-08,0.0,False,0.9992273449897766,0.8679178441917939,3.954275608062744,0.32818493247032166,0.5000025033950806,2
35,11,0.0362383383667632,0.7467918992042542,1.3733958005905151,0.5582603641918727,1.4901161193847656e-07,0.0,False,0.9739863872528076,0.8459938268655562,4.0253682136535645,0.3203611373901367,0.5001425743103027,2
35,12,-0.04123460852075932,0.8256850242614746,1.4128425121307373,1.3316064540828978,0.0,0.0,False,1.072309970855713,0.9313966064649459,4.794867992401123,0.2711557149887085,0.5081005692481995,7
35,13,0.04076378254234681,0.7602649331092834,1.3801325559616089,1.6075336198721613,8.940696716308594e-08,0.0,False,0.956864595413208,0.8311220274330878,3.7515220642089844,0.3457396924495697,0.5003425478935242,2
35,14,-0.013412108316521438,0.802103579044342,1.4010518789291382,0.67729723240648,8.940696716308594e-08,0.0,False,1.048758864402771,0.9109403753144885,4.470115661621094,0.290728896856308,0.5001128911972046,2
35,15,0.017645534123466703,0.8048588633537292,1.4024293422698975,0.50912337324449,8.940696716308594e-08,0.0,False,1.0011149644851685,0.8695574096533573,4.136142730712891,0.31548815965652466,0.5012496709823608,2
35,16,0.0202418520722335,0.813364565372467,1.4066822528839111,1.5013044870325498,2.9802322387695312e-08,0.0,False,0.9874958395957947,0.8577279880777448,3.9306976795196533,0.33336341381073,0.500403881072998,7
35,17,-0.002485715321741513,0.7906846404075623,1.3953423500061035,0.09795676171779633,2.9802322387695312e-08,0.0,False,0.9755948781967163,0.847390944347818,3.78775954246521,0.3447269797325134,0.5000017881393433,7
35,18,0.008709604612329124,0.77152419090271,1.3857622146606445,1.6535197645425799,1.1920928955078125e-07,0.0,False,0.9465620517730713,0.8221733517281301,3.644162893295288,0.3572443723678589,0.5003900527954102,1
35,19,-0.03337696304298966,0.7914062738418579,1.3957031965255737,0.47422632149287636,5.960464477539063e-08,0.0,False,1.0345120429992676,0.898565743474083,4.272772312164307,0.30409711599349976,0.5000317096710205,2
35,20,-0.0008722494569848391,0.7515897750854492,1.3757948875427246,0.3456720645938602,0.0,0.0,False,0.9592733383178711,0.8332142349367253,3.7387566566467285,0.34618982672691345,0.5030124187469482,2
35,21,-0.05713782755554021,0.8057191371917725,1.4028595685958862,0.5830636471509933,0.0,0.0,False,0.9821951985359192,0.8531239097520372,4.114076137542725,0.3170590102672577,0.5103704929351807,1
35,22,0.040491861291328285,0.7691359519958496,1.3845679759979248,0.9004239993435996,0.0,0.0,False,0.9897347688674927,0.859672697333885,4.116277694702148,0.31428128480911255,0.5126709938049316,2
35,23,0.0034747239506241114,0.7885558009147644,1.3942779302597046,0.45158147386142183,2.9802322387695312e-08,0.0,False,0.9879754781723022,0.858144596851915,4.179082870483398,0.31092357635498047,0.5037845373153687,7
35,24,0.0084602298158672,0.7828242182731628,1.3914120197296143,0.40855382276432856,8.940696716308594e-08,0.0,False,0.942548394203186,0.8186871330584293,3.738340377807617,0.34872958064079285,0.5039325952529907,2
36,1,-0.11078943434579144,0.7930127382278442,1.3965063095092773,1.4703247187925237,5.960464477539063e-08,0.0,False,0.9430110454559326,0.8190889868306563,3.943351984024048,0.33075904846191406,0.5000488758087158,2
36,2,-0.13279648224556703,0.8032395243644714,1.4016196727752686,0.6728492743734805,8.940696716308594e-08,0.0,False,0.8856838941574097,0.7692952558862935,3.2848925590515137,0.400768518447876,0.50010085105896,1
36,3,0.09173616777426923,0.7967326045036316,1.3983662128448486,0.15620704846722738,8.940696716308594e-08,0.0,False,0.9340431094169617,0.8112995365590835,3.5710837841033936,0.366941899061203,0.501477062702179,1
36,4,0.01755793739310893,0.8114351630210876,1.4057176113128662,1.9808603301644325,2.9802322387695312e-08,0.0,False,1.0076497793197632,0.8752334776992052,4.424810409545898,0.2944192886352539,0.5004908442497253,7
36,5,0.004420994629398352,0.8134559392929077,1.4067280292510986,0.842498563762222,5.960464477539063e-08,0.0,False,0.9784811735153198,0.8498979486078434,4.050477504730225,0.3230484127998352,0.5018312931060791,7
36,6,-0.02894344917004439,0.8120412826538086,1.4060207605361938,2.587338120277439,1.1920928955078125e-07,0.0,False,0.9607354402542114,0.8344842005425906,4.004927158355713,0.32683464884757996,0.5000693202018738,1
36,7,0.0007046991399446405,0.8234499096870422,1.4117251634597778,0.22432004766804822,2.086162567138672e-07,0.0,False,0.9306825995445251,0.8083806347711223,3.636948585510254,0.3622506260871887,0.5009028315544128,1
36,8,0.014743719805607288,0.827003538608551,1.4135017395019531,0.3832565788179636,2.9802322387695312e-08,0.0,False,0.9303328990936279,0.8080768888188349,3.7981903553009033,0.346491277217865,0.5020264387130737,1
36,9,-0.054009284526722545,0.8200262784957886,1.4100130796432495,0.11266810925943499,5.960464477539063e-08,0.0,False,0.9383325576782227,0.8150253039796338,3.9330050945281982,0.3336428701877594,0.500567615032196,1
36,10,-0.0636962545621062,0.794929027557373,1.3974645137786865,0.4321494533547333,0.0,0.0,False,0.9272341728210449,0.805385369376612,3.637216091156006,0.3597360849380493,0.5063393115997314,1
36,11,0.03383599146051241,0.7771283388137817,1.388564109802246,0.49777957424521446,5.960464477539063e-08,0.0,False,0.9924542903900146,0.8620348437151818,4.06382942199707,0.319409042596817,0.5002005100250244,1
36,12,-0.03572215037686684,0.8027330636978149,1.4013664722442627,0.8082396654146059,5.960464477539063e-08,0.0,False,0.9998983144760132,0.8685006408825899,4.313726902008057,0.3014369308948517,0.5136655569076538,5
36,13,0.020522031177512834,0.8204476833343506,1.4102239608764648,0.34486301243305206,1.1920928955078125e-07,0.0,False,0.9572346210479736,0.8314434276157707,4.102147579193115,0.3193303644657135,0.5001253485679626,1
36,14,0.000957309869747556,0.8074490427970886,1.4037245512008667,0.2146959155797958,2.9802322387695312e-08,0.0,False,0.9927694797515869,0.8623086137161526,4.283717632293701,0.3042689561843872,0.5024993419647217,5
36,15,0.02787837371172809,0.8137879371643066,1.4068938493728638,0.35139426110046246,1.1920928955078125e-07,0.0,False,0.9663547277450562,0.8393650516415944,4.199563503265381,0.3111324906349182,0.5004628896713257,2
36,16,-0.053418055792716815,0.7956705093383789,1.3978352546691895,0.8700649879340616,0.0,0.0,False,0.9145206809043884,0.794342570606361,3.4920737743377686,0.3755050003528595,0.5000096559524536,2
36,17,0.014195292870250308,0.8140588402748108,1.4070295095443726,0.08342203231794518,8.940696716308594e-08,0.0,False,0.9342389702796936,0.8114696591428942,3.633009433746338,0.36191117763519287,0.5002501606941223,5
36,18,0.02625726606904661,0.8180955052375793,1.4090478420257568,0.2073860067342008,8.940696716308594e-08,0.0,False,0.9785072803497314,0.8499206247160933,4.052571773529053,0.3232438564300537,0.5003034472465515,2
36,19,-0.027465443115649132,0.7908779382705688,1.3954390287399292,0.2816167500402246,5.960464477539063e-08,0.0,False,0.9620989561080933,0.8356685353652477,4.056176662445068,0.3210253417491913,0.5000694990158081,2
36,20,0.007269659317563777,0.8235252499580383,1.4117628335952759,0.5187103641884666,2.086162567138672e-07,0.0,False,1.0502846240997314,0.912265633348689,4.973023414611816,0.2610049545764923,0.5010212659835815,2
36,21,0.04445834826370449,0.8244399428367615,1.4122200012207031,0.6000252978077957,2.9802322387695312e-08,0.0,False,1.0416027307510376,0.9047246366010685,4.9298553466796875,0.2634594142436981,0.5012473464012146,2
36,22,-0.043042761344476814,0.8145861625671387,1.4072932004928589,0.2878744240318025,1.1920928955078125e-07,0.0,False,0.9818105697631836,0.8527898254448767,4.3129754066467285,0.3026389479637146,0.5000262260437012,5
36,23,0.04785073831493949,0.8060836791992188,1.4030418395996094,0.3374875358172825,0.0,0.0,False,0.9969817399978638,0.8659673364787496,4.329924583435059,0.3008403182029724,0.5004608631134033,7
36,24,0.05659935029904706,0.8340480327606201,1.4170241355895996,1.0295053741761615,1.1920928955078125e-07,0.0,False,1.0112583637237549,0.8783678542874768,4.263601779937744,0.30757060647010803,0.5001698732376099,7
37,1,0.03627415711697628,0.7950283288955688,1.3975142240524292,1.440232821873256,5.960464477539063e-08,0.0,False,0.9578366875648499,0.8319663759478068,4.047578811645508,0.3218780755996704,0.5056967735290527,1
37,2,0.05881064444844198,0.8144075870513916,1.4072036743164062,0.5017478806631905,1.1920928955078125e-07,0.0,False,1.049047827720642,0.9111913656633361,4.891275405883789,0.26515433192253113,0.5000765323638916,1
37,3,-0.01775158621697401,0.8214143514633179,1.4107072353363037,0.7982368096709251,5.960464477539063e-08,0.0,False,1.0246590375900269,0.8900075317152908,4.273412704467773,0.3059631288051605,0.5019025206565857,7
37,4,-0.0030845495617136337,0.8288435339927673,1.414421796798706,0.3660566487482615,2.9802322387695312e-08,0.0,False,0.9836912751197815,0.8544233853617894,4.190931797027588,0.3127657175064087,0.5018989443778992,7
37,5,-0.0217208784388331,0.811776340007782,1.4058880805969238,0.8195579501667194,8.940696716308594e-08,0.0,False,0.97314453125,0.8452626000324033,4.098876476287842,0.3189921975135803,0.500291109085083,2
37,6,0.05538830864561577,0.8222169280052185,1.4111086130142212,1.129616194537708,1.4901161193847656e-07,0.0,False,1.072633981704712,0.93167803871254,5.088356018066406,0.25431379675865173,0.5140619277954102,1
37,7,-0.002714742679133661,0.7656302452087402,1.3828152418136597,2.0728043477450098,1.1920928955078125e-07,0.0,False,0.9650413393974304,0.8382242570176546,4.197544574737549,0.3071300685405731,0.5347189903259277,7
37,8,0.07045397243850601,0.7848522067070007,1.3924260139465332,1.1821104756423406,8.940696716308594e-08,0.0,False,1.0964500904083252,0.9523644478933145,5.570057392120361,0.2289622724056244,0.5313428044319153,6
37,9,-0.05583466636072177,0.7825645208358765,1.391282320022583,1.1346300904239928,5.960464477539063e-08,0.0,False,0.9868512749671936,0.8571681263548818,4.311077117919922,0.30033111572265625,0.513582706451416,7
37,10,-0.022636454122084246,0.7739824652671814,1.386991262435913,1.4855725254331316,2.9802322387695312e-08,0.0,False,1.0701334476470947,0.9295061024264715,4.800631523132324,0.26798945665359497,0.5073312520980835,7
37,11,0.01280911000461237,0.782127320766449,1.3910636901855469,0.8526679905397552,2.9802322387695312e-08,0.0,False,0.9941728115081787,0.8635275321924875,4.248363971710205,0.305220365524292,0.5030465722084045,2
37,12,-0.012083739821066888,0.7942609786987305,1.3971304893493652,0.6103351062961987,0.0,0.0,False,1.0650179386138916,0.9250628277359787,5.2614545822143555,0.24451816082000732,0.5004130005836487,2
37,13,-0.015633442220162337,0.8089359998703003,1.404468059539795,0.3813074380159378,5.960464477539063e-08,0.0,False,1.0438114404678345,0.9066430974853305,4.76801061630249,0.2720509469509125,0.5009358525276184,1
37,14,0.012515932091000806,0.815589427947998,1.407794713973999,0.18279936377491268,0.0,0.0,False,1.0175220966339111,0.88380846356547,4.278120994567871,0.30527663230895996,0.5003682971000671,1
37,15,0.037628067364393156,0.8248923420906067,1.4124462604522705,1.1967531708734376,8.940696716308594e-08,0.0,False,0.991019070148468,0.8607882272527427,4.018496990203857,0.32645702362060547,0.5048182010650635,7
37,16,0.01797366242439591,0.8066545724868774,1.403327226638794,0.2436763026884623,5.960464477539063e-08,0.0,False,1.043646216392517,0.9064995856769545,4.566178798675537,0.2845737338066101,0.5006968379020691,7
37,17,-0.0010386138878488126,0.7812475562095642,1.390623688697815,0.23239425676209588,8.940696716308594e-08,0.0,False,1.0738848447799683,0.9327645245749407,4.998950004577637,0.25735750794410706,0.5018329620361328,7
37,18,0.031889068920293244,0.7608844041824341,1.3804420232772827,1.2463732681104114,1.7881393432617188e-07,0.0,False,1.033301830291748,0.8975145660724733,4.318594932556152,0.2987038493156433,0.5004310607910156,7
37,19,-0.06776625574931622,0.7343761920928955,1.3671880960464478,0.9775246466909135,0.0,0.0,False,1.044914722442627,0.9076013960326018,4.288810729980469,0.29905200004577637,0.5011498332023621,7
37,20,-0.06598732796310704,0.7231044769287109,1.3615522384643555,1.9866745259080614,0.0,0.0,False,1.0620713233947754,0.9225034302760701,4.52449369430542,0.28204071521759033,0.5049121975898743,2
37,21,-0.05126075883148249,0.8086198568344116,1.4043099880218506,1.1544409362333161,5.960464477539063e-08,0.0,False,0.9666900634765625,0.8396563205571508,3.9225988388061523,0.3337109386920929,0.5011119842529297,7
37,22,-0.07592900012298388,0.7692584991455078,1.384629249572754,0.7669502544615949,0.0,0.0,False,1.0090528726577759,0.8764521890877935,4.230515956878662,0.305719792842865,0.5020272731781006,7
37,23,0.06679709684464237,0.7236486077308655,1.3618242740631104,0.20832155325583063,2.9802322387695312e-08,0.0,False,0.9744850397109985,0.8464269508875158,3.817918300628662,0.33648747205734253,0.5042363405227661,7
37,24,-0.002902169789679562,0.8041805028915405,1.402090311050415,1.0867576811994826,5.960464477539063e-08,0.0,False,0.9699509739875793,0.8424887114389806,3.862720012664795,0.3386668562889099,0.5047288537025452,7
38,1,0.012928860608319395,0.799270510673523,1.3996353149414062,1.5740492067166736,5.960464477539063e-08,0.0,False,0.8773871064186096,0.7620887576213268,3.24969744682312,0.40477561950683594,0.5038959383964539,2
38,2,-0.06520441668759719,0.803650975227356,1.4018254280090332,0.7050671747752598,5.960464477539063e-08,0.0,False,0.9851672053337097,0.855705362056956,3.955650806427002,0.3304523229598999,0.5006992816925049,2
38,3,0.04379538639293004,0.774275541305542,1.3871378898620605,0.4276455108608519,1.1920928955078125e-07,0.0,False,1.0127036571502686,0.8796232202072086,4.108761787414551,0.31537047028541565,0.5077696442604065,2
38,4,0.013408973710009795,0.7841221690177917,1.3920609951019287,0.4498616350548608,8.940696716308594e-08,0.0,False,0.9955416321754456,0.8647164747175058,4.011642932891846,0.3241049349308014,0.505462646484375,2
38,5,0.001788314772137253,0.812260091304779,1.4061299562454224,0.3789728986365455,8.940696716308594e-08,0.0,False,0.9574173092842102,0.831602108601583,3.7928357124328613,0.34584951400756836,0.5026851296424866,2
38,6,-0.02075255212997412,0.8205084800720215,1.4102542400360107,0.06095930188894272,0.0,0.0,False,0.9500479698181152,0.8252011816707893,3.8070735931396484,0.34517788887023926,0.5011700391769409,2
38,7,-0.03634771725439863,0.7949531674385071,1.3974764347076416,0.6155927883727208,1.4901161193847656e-07,0.0,False,0.9939332008361816,0.8633194090071806,4.053117752075195,0.3213660418987274,0.5074352622032166,2
38,8,0.012529809896366336,0.7697712182998657,1.384885549545288,0.706785447895527,5.960464477539063e-08,0.0,False,0.9788770079612732,0.850241766039093,4.259373188018799,0.3029747009277344,0.525829553604126,1
38,9,-0.0332566035914011,0.77191561460495,1.3859577178955078,0.6165677596415792,8.940696716308594e-08,0.0,False,1.0267586708068848,0.8918312499554951,4.379802703857422,0.29476797580718994,0.5118881464004517,7
38,10,-0.020510817742517017,0.7432417273521423,1.3716208934783936,0.914056780082839,2.9802322387695312e-08,0.0,False,0.9820414185523987,0.852990338155497,3.851208448410034,0.33508291840553284,0.5019968748092651,7
38,11,-0.057305592513769765,0.7319517731666565,1.3659758567810059,0.15769975525992264,2.9802322387695312e-08,0.0,False,0.9980627298355103,0.8669062723217164,3.967130184173584,0.3240068852901459,0.5047893524169922,7
38,12,0.03552357517316925,0.6910657286643982,1.345533013343811,0.22716091360364643,1.4901161193847656e-07,0.0,False,0.9779082536697388,0.849400316752826,3.9008562564849854,0.3265889883041382,0.5003294944763184,7
38,13,0.07672206077253076,0.7335570454597473,1.3667786121368408,1.1767418352620944,8.940696716308594e-08,0.0,False,0.9280533194541931,0.8060968711019038,3.488422155380249,0.3702792525291443,0.5044882893562317,7
38,14,0.11250791055887543,0.6649013161659241,1.3324506282806396,0.831569763166564,2.9802322387695312e-08,0.0,False,1.106266736984253,0.9608910787707543,5.27411413192749,0.23727267980575562,0.5037752985954285,4
38,15,-0.028707534254062604,0.7375989556312561,1.3687994480133057,1.0309521396245276,2.9802322387695312e-08,0.0,False,0.9461075067520142,0.8217785389392868,3.7643675804138184,0.3426024913787842,0.5034582614898682,4
38,16,0.007432924893090697,0.6842580437660217,1.3421289920806885,0.5764880648681097,2.9802322387695312e-08,0.0,False,0.9722588062286377,0.8444932690538807,3.7187254428863525,0.3423805832862854,0.507503867149353,7
38,17,-0.0037017046631522086,0.7385736107826233,1.3692867755889893,0.8579096559967312,2.9802322387695312e-08,0.0,False,1.039090633392334,0.902542656559291,4.340587139129639,0.29564720392227173,0.5001434087753296,7
38,18,-0.0014403939167046357,0.7502341270446777,1.3751171827316284,0.7607007931385721,1.1920928955078125e-07,0.0,False,1.0246922969818115,0.8900364204559379,4.291557312011719,0.29995933175086975,0.5000001192092896,2
38,19,0.006715368505077343,0.7656083106994629,1.382804036140442,0.28251855394669934,1.1920928955078125e-07,0.0,False,1.0243929624557495,0.8897764217901142,4.302596092224121,0.3001887798309326,0.5000007748603821,2
38,20,-0.060836448469621225,0.779408872127533,1.3897044658660889,0.14761036421571475,2.9802322387695312e-08,0.0,False,1.0122766494750977,0.8792523260530944,4.1706743240356445,0.3110365867614746,0.5005156993865967,2
38,21,-0.04357814325507717,0.7644410133361816,1.3822205066680908,0.8214593689356531,0.0,0.0,False,0.9654784202575684,0.8386039006290614,3.8080601692199707,0.3405328691005707,0.5086913108825684,2
38,22,0.02273915085104883,0.7443692684173584,1.3721847534179688,0.441399053803512,1.1920928955078125e-07,0.0,False,0.9782310128211975,0.8496806617897507,3.9738352298736572,0.32425758242607117,0.5097178816795349,2
38,23,-0.01781073568389581,0.7277525067329407,1.3638763427734375,0.11765788282666884,8.940696716308594e-08,0.0,False,1.018544316291809,0.8846963522789063,4.2081828117370605,0.3045262098312378,0.5020118355751038,2
38,24,0.03668153394768805,0.7575541734695435,1.378777027130127,0.2426471470722129,5.960464477539063e-08,0.0,False,0.9649407863616943,0.838136917760537,3.9362945556640625,0.32870158553123474,0.5005055665969849,2
39,1,-0.028929541760191285,0.8092125654220581,1.4046063423156738,1.5856893520270074,5.960464477539063e-08,0.0,False,0.8770760893821716,0.7618186116559209,3.2430379390716553,0.40668734908103943,0.5002925395965576,2
39,2,0.03817962407289781,0.831486701965332,1.415743350982666,0.5288071552557605,0.0,0.0,False,0.9416961669921875,0.8179468979083004,3.7208402156829834,0.3544098734855652,0.5000823736190796,7
39,3,-0.01170533894752239,0.8056277632713318,1.4028139114379883,0.9249394834041595,2.9802322387695312e-08,0.0,False,1.019508719444275,0.8855340222137983,4.129934787750244,0.3158949315547943,0.5062865018844604,7
39,4,-0.006397701888580184,0.8095263838768005,1.4047632217407227,1.236931010016373,2.9802322387695312e-08,0.0,False,0.9490149021148682,0.824303870464884,4.050570487976074,0.322807252407074,0.5002944469451904,7
39,5,0.02977315593625028,0.8218169808387756,1.410908579826355,0.14582963713577812,8.940696716308594e-08,0.0,False,0.9564380645751953,0.8307515474544668,4.05380392074585,0.3234107494354248,0.5000061392784119,7
39,6,0.02509671799958914,0.8119016289710999,1.4059507846832275,0.7115969306656291,2.9802322387695312e-08,0.0,False,0.9324104189872742,0.8098813996705445,3.6385674476623535,0.36116722226142883,0.5000008344650269,2
39,7,-0.007968184831514926,0.7977467179298401,1.3988733291625977,0.07544146903923582,2.9802322387695312e-08,0.0,False,0.9234670400619507,0.8021132794368688,3.6229615211486816,0.36161425709724426,0.500005841255188,2
39,8,0.0028571014083635885,0.7929667234420776,1.3964834213256836,0.08597454162580634,5.960464477539063e-08,0.0,False,0.9194463491439819,0.7986209516786441,3.594224452972412,0.3642132878303528,0.5000529885292053,1
39,9,-0.03216365279502783,0.7993861436843872,1.3996930122375488,0.20660172136766577,5.960464477539063e-08,0.0,False,0.8954969048500061,0.7778187286755981,3.3267741203308105,0.39519187808036804,0.5000208616256714,2
39,10,0.026747429625605987,0.7980414628982544,1.3990206718444824,0.0864899605512619,5.960464477539063e-08,0.0,False,0.8965061902999878,0.7786953828787827,3.328760862350464,0.39476901292800903,0.5019710063934326,1
39,11,0.01335703362614231,0.7936360836029053,1.3968182802200317,0.1958825694663184,2.384185791015625e-07,0.0,False,0.9500824809074402,0.8252311576221059,3.684391975402832,0.35490766167640686,0.5041323304176331,1
39,12,0.06177864446062656,0.7934594750404358,1.3967297077178955,0.4205273810241905,2.9802322387695312e-08,0.0,False,0.9685744643211365,0.8412930903341354,3.892117500305176,0.3352455198764801,0.5030211806297302,1
39,13,-0.03762043911745786,0.7909323573112488,1.3954660892486572,1.6128106707973138,8.940696716308594e-08,0.0,False,0.9851845502853394,0.8557204276905193,4.023751735687256,0.3237273693084717,0.5000193119049072,7
39,14,0.004128545526049656,0.7995697259902954,1.399784803390503,1.4842550131891454,5.960464477539063e-08,0.0,False,0.9733721017837524,0.8454602652865082,3.811276912689209,0.3430694341659546,0.5048903226852417,1
39,15,0.010491929457768775,0.7992468476295471,1.3996235132217407,0.48655714946133755,8.940696716308594e-08,0.0,False,0.9946095943450928,0.8639069169442112,4.044231414794922,0.322407603263855,0.5074310302734375,1
39,16,0.025912278069447268,0.7947149872779846,1.39735746383667,0.6439352397407804,2.9802322387695312e-08,0.0,False,0.9843554496765137,0.8550002800518081,3.9907546043395996,0.32677730917930603,0.5005738735198975,1
39,17,-0.004171428560758808,0.7747624516487122,1.3873813152313232,0.955696591841323,8.940696716308594e-08,0.0,False,0.9838489890098572,0.8545603739061481,4.075488090515137,0.3182930052280426,0.5000194311141968,2
39,18,0.016568222032890215,0.771415114402771,1.3857077360153198,0.1692383310624531,1.7881393432617188e-07,0.0,False,0.9455409049987793,0.8212863949095535,3.6698200702667236,0.3546563386917114,0.5000022053718567,2
39,19,0.008814874820631091,0.7645605206489563,1.3822802305221558,0.05716889458043234,2.9802322387695312e-08,0.0,False,0.9658421277999878,0.8389198129864601,3.82163405418396,0.33950912952423096,0.5000311136245728,2
39,20,0.04346707624789973,0.7617683410644531,1.3808842897415161,0.04815211892127991,1.1920928955078125e-07,0.0,False,0.9803177118301392,0.8514931455197033,3.934112548828125,0.3292151689529419,0.5003321766853333,1
39,21,-0.004053228482860279,0.7795186042785645,1.3897593021392822,0.6956524071948869,0.0,0.0,False,0.9947936534881592,0.8640667886845663,4.176677703857422,0.31059110164642334,0.5000225305557251,7
39,22,0.008257595524817248,0.7827730774879456,1.3913865089416504,0.15890275154794964,2.9802322387695312e-08,0.0,False,0.9969320893287659,0.8659242104555256,4.2361297607421875,0.306208074092865,0.5021519064903259,7
39,23,0.020713709754339865,0.7717152237892151,1.3858575820922852,0.443353533744812,2.9802322387695312e-08,0.0,False,0.9950004816055298,0.8642464373047193,4.17748498916626,0.309967041015625,0.5008649826049805,2
39,24,-0.016430206447152845,0.7918175458908081,1.3959088325500488,1.8651054820844104,5.960464477539063e-08,0.0,False,0.9813441038131714,0.8523846582687046,4.034209728240967,0.3229150176048279,0.5000714659690857,7
40,1,0.05311786170316665,0.8060418963432312,1.403020977973938,1.3437941979084695,2.9802322387695312e-08,0.0,False,0.9749151468276978,0.8468005371823355,3.867959976196289,0.3384478986263275,0.5005049705505371,2
40,2,0.032148360732553886,0.8002572655677795,1.4001284837722778,0.8921952556286539,1.4901161193847656e-07,0.0,False,0.9004512429237366,0.7821220120494067,3.3648500442504883,0.3904118537902832,0.5083258152008057,2
40,3,-0.007467956315416057,0.8084310293197632,1.404215693473816,0.7175737502319471,1.7881393432617188e-07,0.0,False,0.9966642260551453,0.8656915473722496,4.054291725158691,0.3224029839038849,0.5009242296218872,2
40,4,-0.012332125094525121,0.8002466559410095,1.4001233577728271,0.5266438786472593,2.9802322387695312e-08,0.0,False,0.9561673998832703,0.8305164510901686,3.7380402088165283,0.3501458466053009,0.5039265751838684,2
40,5,0.05652463320894523,0.8074596524238586,1.4037299156188965,1.4778684973716736,8.940696716308594e-08,0.0,False,1.0067768096923828,0.8744752259151244,4.080209255218506,0.32016974687576294,0.50189608335495,7
40,6,-0.0036047678554134563,0.7661956548690796,1.3830978870391846,0.5645737946033478,5.960464477539063e-08,0.0,False,0.9806983470916748,0.8518237611071088,3.847683906555176,0.33725088834762573,0.5000326037406921,7
40,7,-0.009053289075706565,0.7671415209770203,1.383570671081543,0.419641425567014,8.940696716308594e-08,0.0,False,1.003366470336914,0.8715130427881292,4.024809837341309,0.32190781831741333,0.5000994801521301,7
40,8,0.005669942442296823,0.7852482199668884,1.3926241397857666,0.7219297289848328,2.9802322387695312e-08,0.0,False,1.0348960161209106,0.8988992582899406,4.268908977508545,0.3034396171569824,0.5199265480041504,7
40,9,0.027532151068072032,0.7922274470329285,1.3961137533187866,1.9139403764690672,2.9802322387695312e-08,0.0,False,1.0382211208343506,0.9017874075475355,4.350601673126221,0.29842469096183777,0.5015420913696289,2
40,10,-0.026244466796172483,0.8161783218383789,1.4080891609191895,2.1332534296172008,0.0,0.0,False,0.9773948788642883,0.8489544050625154,3.921999454498291,0.33433371782302856,0.500678539276123,7
40,11,0.019221376665130234,0.7957509160041809,1.3978755474090576,1.6924515052565507,8.940696716308594e-08,0.0,False,0.9868216514587402,0.8571423957023699,4.07473611831665,0.31979864835739136,0.5017870664596558,2
40,12,-0.05092814991492428,0.7894342541694641,1.3947169780731201,0.5629654622503689,1.4901161193847656e-07,0.0,False,0.9796221256256104,0.8508889670190736,3.8787617683410645,0.3362129032611847,0.5004278421401978,7
40,13,0.0264095667465414,0.7795101404190063,1.3897548913955688,1.0113245993852615,1.7881393432617188e-07,0.0,False,1.0178996324539185,0.88413638701217,4.3780903816223145,0.29568687081336975,0.500136137008667,2
40,14,0.02100073752763922,0.7843363285064697,1.3921680450439453,0.5773288245712008,1.1920928955078125e-07,0.0,False,0.9822196364402771,0.8531451362460611,3.9714748859405518,0.32767876982688904,0.5001510381698608,2
40,15,0.02434020603958049,0.7925569415092468,1.3962785005569458,0.34404966873782017,2.9802322387695312e-08,0.0,False,1.0219051837921143,0.8876155646984872,4.180238246917725,0.31120890378952026,0.5000432729721069,2
40,16,0.0059425283191524795,0.8008400201797485,1.400420069694519,0.35360622459224295,5.960464477539063e-08,0.0,False,0.9522339701652527,0.82709991744719,3.8182907104492188,0.34264636039733887,0.5000320672988892,2
40,17,0.01454292541870092,0.8028296232223511,1.4014148712158203,1.0759972871414254,5.960464477539063e-08,0.0,False,1.0041587352752686,0.8722011953699949,4.070459365844727,0.32023558020591736,0.5165582895278931,7
40,18,0.006859381910913086,0.7874047756195068,1.3937022686004639,0.27861415275505613,1.1920928955078125e-07,0.0,False,1.0110116004943848,0.8781535184697726,4.070670127868652,0.319526344537735,0.5023080110549927,7
40,19,0.029004451148783975,0.8166990876197815,1.4083495140075684,0.8573226093181542,2.9802322387695312e-08,0.0,False,0.959740400314331,0.8336199198322639,3.999293565750122,0.3276449143886566,0.500210165977478,2
40,20,0.008559079136674936,0.8112291693687439,1.4056146144866943,0.052392621125493755,2.9802322387695312e-08,0.0,False,0.9452023506164551,0.8209923303094183,3.917787551879883,0.3343626856803894,0.5000007152557373,2
40,21,0.03556315641936216,0.8096327185630798,1.4048163890838623,0.13780928083828517,2.9802322387695312e-08,0.0,False,0.9614816904067993,0.8351323851893675,4.111355304718018,0.3178381323814392,0.5000967979431152,7
40,22,-0.016649915063636736,0.8072057366371155,1.4036028385162354,0.1380816038165773,2.9802322387695312e-08,0.0,False,0.9446790218353271,0.8205377727056883,3.9130661487579346,0.3344838619232178,0.5000354647636414,7
40,23,0.00832104190273868,0.8061649799346924,1.4030826091766357,0.6098225675523281,1.1920928955078125e-07,0.0,False,0.9344445466995239,0.8116482205523776,3.787348747253418,0.3459717333316803,0.5001158714294434,2
40,24,0.0071734132351396265,0.8113785982131958,1.4056892395019531,0.3574803620576858,5.960464477539063e-08,0.0,False,0.9916599988937378,0.8613449308874703,3.954113006591797,0.3311699628829956,0.5000488758087158,2
41,1,0.03714477952938398,0.7935885787010193,1.396794319152832,1.5001427009701729,2.9802322387695312e-08,0.0,False,0.9030730724334717,0.7843993042265449,3.4225215911865234,0.38301920890808105,0.5076630711555481,2
41,2,0.04878908813861416,0.8017423152923584,1.4008712768554688,0.8385415343301637,1.1920928955078125e-07,0.0,False,0.9406227469444275,0.8170145371012875,3.7745814323425293,0.3468407690525055,0.500219464302063,2
41,3,0.0005419907342069019,0.8310315608978271,1.4155158996582031,1.1129853171961648,1.1920928955078125e-07,0.0,False,1.0682873725891113,0.9279026220047486,5.0029778480529785,0.2596898078918457,0.5026121139526367,7
41,4,-0.0004109845183080593,0.811977207660675,1.4059886932373047,1.0830542785780768,8.940696716308594e-08,0.0,False,0.8772305846214294,0.7619528045157009,3.260218381881714,0.4047369360923767,0.5001019239425659,2
41,5,0.004728530755893183,0.8048551678657532,1.4024276733398438,0.3386615631835801,8.940696716308594e-08,0.0,False,0.9070640802383423,0.7878658495603211,3.457979202270508,0.38014963269233704,0.5001351237297058,2
41,6,0.04508556170005987,0.7929019331932068,1.3964508771896362,0.07188646282468533,8.940696716308594e-08,0.0,False,0.9031901359558105,0.7845009843101127,3.3900091648101807,0.3869715631008148,0.5000759363174438,2
41,7,0.04187148087900774,0.7817777395248413,1.3908888101577759,0.10556095732109885,5.960464477539063e-08,0.0,False,0.9038670063018799,0.7850889064226364,3.410907745361328,0.3835124671459198,0.5000013113021851,2
41,8,0.001347422462813332,0.7976049780845642,1.3988025188446045,1.192782917193004,2.9802322387695312e-08,0.0,False,0.9394267797470093,0.8159757331925354,3.630019426345825,0.36083096265792847,0.501512885093689,7
41,9,0.036275176170714525,0.7913722991943359,1.395686149597168,0.20824948857937542,0.0,0.0,False,0.9693068265914917,0.8419292121196742,3.887549638748169,0.33551734685897827,0.5023192167282104,2
41,10,0.04528647023548941,0.7724723815917969,1.3862361907958984,0.3644294738769531,0.0,0.0,False,0.93500816822052,0.8121377759852786,3.668027639389038,0.354896605014801,0.5010326504707336,2
41,11,0.0253633751817647,0.7863435745239258,1.393171787261963,1.7510836347937582,0.0,0.0,False,0.9678866267204285,0.8406956421852693,3.953244924545288,0.3293849229812622,0.500736653804779,7
41,12,-0.012969445277486861,0.8032174110412598,1.4016087055206299,0.3931636115802185,0.0,0.0,False,0.9894046783447266,0.8593859843487531,4.160991668701172,0.3134199380874634,0.5008325576782227,7
41,13,0.052614998033775076,0.7816026210784912,1.3908014297485352,1.6024871638842992,1.1920928955078125e-07,0.0,False,1.113457441329956,0.9671368452074275,5.588244438171387,0.2286141812801361,0.5095856189727783,1
41,14,0.003497772849398086,0.779438316822052,1.3897191286087036,1.2270950015102116,2.9802322387695312e-08,0.0,False,1.019766092300415,0.885757573436225,4.109227180480957,0.31584760546684265,0.5020633339881897,7
41,15,0.06413940024264317,0.8133179545402527,1.4066590070724487,2.2988259281430925,2.9802322387695312e-08,0.0,False,0.9926095008850098,0.8621696578382015,3.9924378395080566,0.3277793824672699,0.5075651407241821,1
41,16,-0.008796782718041475,0.7791252732276917,1.3895626068115234,1.595918527671269,2.9802322387695312e-08,0.0,False,1.0433976650238037,0.9062836967011512,4.4755048751831055,0.2880805730819702,0.5323740243911743,7
41,17,-0.05646746764860463,0.8173237442970276,1.4086620807647705,1.7793708422354289,2.086162567138672e-07,0.0,False,0.9140713810920715,0.7939523137479422,3.4383459091186523,0.383498877286911,0.5002357363700867,1
41,18,-0.029454191386509634,0.8232976198196411,1.4116487503051758,0.15818162581750317,5.960464477539063e-08,0.0,False,0.944911003112793,0.8207392690831049,3.653815269470215,0.36045682430267334,0.5023348331451416,1
41,19,0.013048410070329464,0.7913369536399841,1.3956685066223145,0.36508659273386,2.9802322387695312e-08,0.0,False,0.9787352085113525,0.8501186006018181,3.8622641563415527,0.3377560079097748,0.5039665699005127,1
41,20,0.03273885127268248,0.8052708506584167,1.4026354551315308,0.5270169803074427,2.9802322387695312e-08,0.0,False,1.0518120527267456,0.9135923409971156,4.625709533691406,0.28023719787597656,0.5153670907020569,1
41,21,-0.0041103573457230164,0.8051222562789917,1.402561068534851,0.9390063158103399,5.960464477539063e-08,0.0,False,1.074249029159546,0.9330808511078326,5.176682472229004,0.24826017022132874,0.5368366837501526,7
41,22,-0.01272333359388458,0.8314306139945984,1.4157153367996216,1.7892614539180483,2.9802322387695312e-08,0.0,False,0.9194507002830505,0.7986247310300191,3.625523805618286,0.3640783131122589,0.5012282133102417,1
41,23,-0.0003177356006768984,0.81032794713974,1.405164122581482,0.4553805169250284,1.4901161193847656e-07,0.0,False,0.9437925219535828,0.8197677686919894,3.9527792930603027,0.3312056064605713,0.5001976490020752,1
41,24,0.009251391532631138,0.8052428960800171,1.4026216268539429,0.3167960579906191,1.7881393432617188e-07,0.0,False,1.0119141340255737,0.8789374491344286,4.511988162994385,0.28791379928588867,0.5064550638198853,1
42,1,0.06967760353097976,0.7526744604110718,1.3763372898101807,1.1045132172959191,5.960464477539063e-08,0.0,False,1.040854811668396,0.9040750023400657,4.396574020385742,0.29250234365463257,0.5061253309249878,7
42,2,0.017183103624601577,0.7742004990577698,1.3871002197265625,0.26881324180534905,2.9802322387695312e-08,0.0,False,0.9791154861450195,0.8504489055576037,3.954533815383911,0.32837527990341187,0.5005422234535217,7
42,3,0.030890989065924936,0.7563645839691162,1.378182291984558,1.0313854978552888,0.0,0.0,False,1.0438742637634277,0.9066976651065527,4.22085428237915,0.30560004711151123,0.500652551651001,7
42,4,-0.005627722358670274,0.7617636919021606,1.3808817863464355,0.7281458910022465,5.960464477539063e-08,0.0,False,0.9673141837120056,0.840198424505745,3.7084903717041016,0.3499508202075958,0.5031517744064331,7
42,5,0.016649849017431696,0.7748942375183105,1.3874471187591553,0.47517236215727665,0.0,0.0,False,0.9912955164909363,0.8610283454948953,3.961394786834717,0.32781872153282166,0.5011749267578125,2
42,6,-0.048185408283658,0.7791121602058411,1.3895560503005981,0.17338359249489654,2.9802322387695312e-08,0.0,False,0.9582323431968689,0.8323100380632464,3.6989026069641113,0.352333128452301,0.5023119449615479,2
42,7,0.07699287711100228,0.7886849045753479,1.3943424224853516,0.609790489077568,2.9802322387695312e-08,0.0,False,1.0479016304016113,0.9101957913216815,4.31234073638916,0.3009796738624573,0.5009138584136963,2
42,8,-0.028604159128418995,0.7953212857246399,1.397660732269287,1.2158955314329691,8.940696716308594e-08,0.0,False,0.9822986125946045,0.8532137340621138,3.834869384765625,0.340580016374588,0.5037078857421875,7
42,9,0.019608043090549015,0.801798939704895,1.4008994102478027,0.7734089791774751,5.960464477539063e-08,0.0,False,0.9985724687576294,0.8673490259238916,4.103124141693115,0.31794148683547974,0.5007408857345581,2
42,10,0.06224041111641394,0.8095358610153198,1.4047679901123047,1.6036696391446252,5.960464477539063e-08,0.0,False,1.038641333580017,0.9021523997008722,4.284844875335693,0.3043901026248932,0.5000597834587097,7
42,11,0.011137297894018057,0.8083542585372925,1.4041770696640015,0.1864802539348602,5.960464477539063e-08,0.0,False,1.0415573120117188,0.9046851863853461,4.2750115394592285,0.30491334199905396,0.5047365427017212,7
42,12,0.0052887274947219995,0.8071063160896301,1.4035532474517822,0.10901716351509094,8.940696716308594e-08,0.0,False,1.0404807329177856,0.903750081665691,4.257035255432129,0.3062201738357544,0.5032845139503479,7
42,13,0.015349661330920533,0.8169832229614258,1.408491611480713,0.5258206086499353,0.0,0.0,False,1.054593563079834,0.9160083301925217,4.438802242279053,0.2937057614326477,0.5033748745918274,7
42,14,0.007471918207889487,0.8143789172172546,1.4071894884109497,1.0365901440382004,2.9802322387695312e-08,0.0,False,0.9849154353141785,0.8554866773965738,4.178156852722168,0.312828004360199,0.5008725523948669,7
42,15,0.03616517577611296,0.8088212013244629,1.4044106006622314,0.4243828462702889,0.0,0.0,False,1.0043182373046875,0.8723397370724528,4.103075981140137,0.31845182180404663,0.5000935792922974,7
42,16,0.008398199909642563,0.8100403547286987,1.4050202369689941,0.13432291256529966,5.960464477539063e-08,0.0,False,1.0013269186019897,0.8697415106600616,4.089139938354492,0.3196696937084198,0.5001168847084045,7
42,17,-0.007199253322462478,0.8072983622550964,1.403649091720581,0.6908757292798589,8.940696716308594e-08,0.0,False,1.022101879119873,0.8877864120894109,4.15662956237793,0.31405574083328247,0.5003461241722107,7
42,18,0.026927806054705506,0.8084591627120972,1.4042296409606934,1.1700696625879834,5.960464477539063e-08,0.0,False,0.9324248433113098,0.8098939284792122,3.624152660369873,0.36209243535995483,0.5100626349449158,2
42,19,-0.027910727050334337,0.8107171058654785,1.4053585529327393,0.5881481521895955,0.0,0.0,False,0.979533314704895,0.8508118268334747,3.8982136249542236,0.3359987437725067,0.5026795268058777,7
42,20,0.020903445139805025,0.8064760565757751,1.40323805809021,1.3006158556256975,2.9802322387695312e-08,0.0,False,1.0328129529953003,0.8970899326481231,4.264339447021484,0.3055953085422516,0.5045207142829895,2
42,21,-0.011642040047640032,0.8189084529876709,1.409454345703125,1.8544370383024213,1.1920928955078125e-07,0.0,False,1.0411388874053955,0.9043217473901086,4.320148944854736,0.3023856282234192,0.5001699924468994,7
42,22,-0.0393087801528512,0.8191183805465698,1.4095592498779297,1.1444555755172456,5.960464477539063e-08,0.0,False,0.9296514987945557,0.8074850320391262,3.606473207473755,0.3647574186325073,0.5120106935501099,2
42,23,0.020399888241478946,0.8221026659011841,1.4110512733459473,0.7012708485126495,5.960464477539063e-08,0.0,False,1.0416582822799683,0.9047728880460202,4.3128461837768555,0.30306532979011536,0.5022834539413452,2
42,24,0.013211189708200222,0.8196002840995789,1.4098000526428223,0.7062664521592004,8.940696716308594e-08,0.0,False,0.9805951118469238,0.8517340921128422,3.986936569213867,0.3289036750793457,0.5005470514297485,2
43,1,0.05720529377952299,0.8349812030792236,1.4174906015396118,0.9889191750969206,0.0,0.0,False,1.045677900314331,0.9082642839093853,4.398633003234863,0.29724907875061035,0.5162665843963623,7
43,2,0.0138811355969619,0.7812869548797607,1.39064359664917,0.11432802251407084,1.1920928955078125e-07,0.0,False,1.0395073890686035,0.9029046459403025,4.188634872436523,0.30974051356315613,0.5017970204353333,7
43,3,0.0123089914114523,0.8145546317100525,1.4072773456573486,0.6280184260436465,2.9802322387695312e-08,0.0,False,1.036300778388977,0.9001194192927549,4.234863758087158,0.3081706166267395,0.5109382271766663,7
43,4,0.002050296118117413,0.8082181811332703,1.404109001159668,0.09755639731884003,8.940696716308594e-08,0.0,False,1.040446400642395,0.9037202610301843,4.2385711669921875,0.30772554874420166,0.5020061135292053,7
43,5,0.0070959693346572626,0.8140774965286255,1.407038688659668,0.2461247742176056,5.960464477539063e-08,0.0,False,1.039942741394043,0.9032827881655466,4.250504493713379,0.3072333335876465,0.5010926723480225,7
43,6,-0.057662648747975366,0.8258289098739624,1.412914514541626,0.8861743637493678,5.960464477539063e-08,0.0,False,0.9967604279518127,0.8657751072779922,4.189671039581299,0.31246817111968994,0.5085840225219727,2
43,7,-0.02413377176520028,0.7960944175720215,1.3980473279953003,0.5864359374557222,1.1920928955078125e-07,0.0,False,1.0209492444992065,0.8867852463785987,4.329792499542236,0.2998632490634918,0.5128724575042725,2
43,8,0.038904611268771275,0.74953693151474,1.3747684955596924,1.4190552617822374,2.9802322387695312e-08,0.0,False,1.0943670272827148,0.9505551222514971,5.375236988067627,0.2365507185459137,0.5155323147773743,7
43,9,-0.004013421073716546,0.7366237640380859,1.3683120012283325,0.6552928366831371,1.1920928955078125e-07,0.0,False,1.0666866302490234,0.9265122348742505,4.827880382537842,0.26441043615341187,0.5025261044502258,7
43,10,0.022873744142569638,0.7514846324920654,1.3757424354553223,1.804384193250111,1.1920928955078125e-07,0.0,False,1.0184004306793213,0.8845713748238488,4.245949745178223,0.30291450023651123,0.519454836845398,1
43,11,-0.0022136583757803568,0.758507251739502,1.3792537450790405,0.7057995306594032,1.1920928955078125e-07,0.0,False,1.0290825366973877,0.8938497342213524,4.380542278289795,0.29395124316215515,0.5080124139785767,2
43,12,0.03681031907771246,0.7990440130233765,1.399522066116333,0.48743967924799236,5.960464477539063e-08,0.0,False,1.034717082977295,0.8987438389361367,4.476007461547852,0.28987571597099304,0.5096303224563599,2
43,13,-0.011880278922025686,0.7976198792457581,1.3988099098205566,0.7268206253647804,2.9802322387695312e-08,0.0,False,0.9979729652404785,0.8668283037851312,4.186730861663818,0.31077420711517334,0.510005533695221,2
43,14,0.003928184939244938,0.7873457670211792,1.3936729431152344,0.35712877660989767,5.960464477539063e-08,0.0,False,1.0668786764144897,0.9266790440541158,4.861079216003418,0.26500457525253296,0.5154076814651489,2
43,15,0.0030837401092299495,0.7532379627227783,1.3766188621520996,1.5087276995182037,1.1920928955078125e-07,0.0,False,0.9928625822067261,0.8623894814811899,3.973339557647705,0.3251549005508423,0.5020875930786133,7
43,16,-0.032134389306299256,0.781245768070221,1.390622854232788,1.2531693322317943,2.9802322387695312e-08,0.0,False,1.075559377670288,0.9342190053630035,4.9358110427856445,0.2608022093772888,0.5025351047515869,2
43,17,-0.017586298310274265,0.7522280216217041,1.376114010810852,0.30252930521965027,0.0,0.0,False,1.0626322031021118,0.9229906041998855,4.961045265197754,0.25788789987564087,0.5007261037826538,2
43,18,-0.0023642963661170847,0.7374032735824585,1.368701696395874,0.2763323283621243,5.960464477539063e-08,0.0,False,1.034607172012329,0.8986483714849661,4.50732421875,0.2841900587081909,0.5000000596046448,7
43,19,-0.020453419074217584,0.7875824570655823,1.3937911987304688,0.748302019068173,2.9802322387695312e-08,0.0,False,1.003560185432434,0.8716813015822207,4.073251247406006,0.31907445192337036,0.5116763114929199,7
43,20,0.017296539586535094,0.7670584321022034,1.3835293054580688,0.14767791117940623,8.940696716308594e-08,0.0,False,1.0059127807617188,0.8737247399215401,4.07659912109375,0.31756362318992615,0.5033507347106934,7
43,21,0.0224934887666855,0.75762540102005,1.3788127899169922,0.6290960397039143,8.940696716308594e-08,0.0,False,0.9400738477706909,0.8165377693367374,3.555729627609253,0.3651759624481201,0.5032868385314941,7
43,22,-0.03708190213889075,0.8322374224662781,1.4161186218261719,1.1182883573429925,8.940696716308594e-08,0.0,False,0.9704756140708923,0.8429444080253168,3.7682132720947266,0.3498246967792511,0.500124454498291,7
43,23,0.0108114129260946,0.7809686660766602,1.3904844522476196,1.6256341487169266,1.1920928955078125e-07,0.0,False,0.9594480991363525,0.8333660302549641,3.7470712661743164,0.34777212142944336,0.5026373863220215,2
43,24,-0.01377902983835997,0.800076961517334,1.4000385999679565,0.07998635939189361,1.1920928955078125e-07,0.0,False,0.9443607926368713,0.8202613623359486,3.650674343109131,0.3589329719543457,0.5008193254470825,2
44,1,0.018366985062689155,0.7959514260292053,1.3979756832122803,1.0934137148516518,2.9802322387695312e-08,0.0,False,1.0286039113998413,0.893434005570105,4.143091201782227,0.31429988145828247,0.5020937919616699,7
44,2,-0.014049400078828284,0.7984774112701416,1.3992385864257812,0.1385653125388282,1.1920928955078125e-07,0.0,False,1.023420810699463,0.8889320215034585,4.152918815612793,0.3136802613735199,0.5026863217353821,7
44,3,0.019072092192746942,0.8215169906616211,1.4107584953308105,0.4159824699163437,0.0,0.0,False,0.9874809980392456,0.8577150968655205,3.985413074493408,0.3290313184261322,0.5054091215133667,7
44,4,0.05603201372275495,0.8250112533569336,1.4125056266784668,0.7560123476598943,0.0,0.0,False,0.9960982203483582,0.8651999210618828,4.128754138946533,0.31749218702316284,0.5000593662261963,7
44,5,0.06705041501713525,0.8259940147399902,1.4129970073699951,0.06311457071985524,0.0,0.0,False,0.9985138177871704,0.8672980823382345,4.140722751617432,0.31659188866615295,0.5002973079681396,7
44,6,-0.015086759775657363,0.8192625641822815,1.4096312522888184,0.20400757129703254,2.9802322387695312e-08,0.0,False,0.9775732755661011,0.8491093584688895,3.935648202896118,0.33335059881210327,0.5006587505340576,7
44,7,0.0025949999098787463,0.8266170024871826,1.4133086204528809,0.21940530996237478,1.1920928955078125e-07,0.0,False,0.9666619896888733,0.8396319359749916,3.971160411834717,0.33078819513320923,0.5000312924385071,7
44,8,-0.00017455601680605023,0.8207716345787048,1.4103857278823853,0.10415194981864517,8.940696716308594e-08,0.0,False,0.9590471982955933,0.8330178122090999,3.9392383098602295,0.3331373631954193,0.5008766651153564,7
44,9,0.004883743527106569,0.8121128082275391,1.406056523323059,0.6886068742190088,1.1920928955078125e-07,0.0,False,1.0421688556671143,0.9052163664553086,4.499068737030029,0.2891398072242737,0.5084311366081238,7
44,10,-0.00013393244626133845,0.8079250454902649,1.4039626121520996,0.1311091035604477,8.940696716308594e-08,0.0,False,1.0137581825256348,0.8805391693103056,4.207979202270508,0.3099215626716614,0.5064215660095215,7
44,11,-0.019351779842978322,0.7987075448036194,1.3993537425994873,0.34548113707985195,2.9802322387695312e-08,0.0,False,0.9705590009689331,0.8430168369646811,3.967726945877075,0.32900115847587585,0.5022002458572388,7
44,12,0.015422797406172315,0.7792772650718689,1.3896386623382568,0.8289962943111147,2.9802322387695312e-08,0.0,False,1.0178070068359375,0.884055933422626,4.545301914215088,0.283945232629776,0.5136929750442505,2
44,13,0.012481070590526585,0.8065230250358582,1.4032615423202515,0.6148060187697411,2.9802322387695312e-08,0.0,False,0.9334527254104614,0.8107867355266296,3.757520914077759,0.34884920716285706,0.5004242658615112,7
44,14,-0.011505738210171592,0.7779324054718018,1.3889662027359009,0.5599905742066247,0.0,0.0,False,1.0345747470855713,0.898620207551432,4.437036037445068,0.2911204695701599,0.5137854814529419,7
44,15,-0.015028744488939278,0.7955445647239685,1.3977723121643066,0.3637226085577693,2.9802322387695312e-08,0.0,False,1.0374664068222046,0.9011318712857553,4.55094575881958,0.2845802307128906,0.5125699043273926,7
44,16,0.01664903809350329,0.7898513078689575,1.3949254751205444,1.192860834300518,1.7881393432617188e-07,0.0,False,1.0086098909378052,0.876067420054659,4.165510177612305,0.3115611672401428,0.5224928259849548,2
44,17,-0.0022571008822642813,0.7862874269485474,1.393143653869629,0.46138522135359894,5.960464477539063e-08,0.0,False,1.0000032186508179,0.8685917594910825,4.247189521789551,0.30494388937950134,0.5268760919570923,2
44,18,-0.08327690826260137,0.7919113636016846,1.3959556818008423,0.487566230552537,0.0,0.0,False,1.031326174736023,0.8957985334604874,4.33168888092041,0.2993888854980469,0.5153892636299133,2
44,19,0.038894522857099975,0.7559626698493958,1.377981424331665,0.908598222902843,8.940696716308594e-08,0.0,False,1.0647683143615723,0.9248460068653157,4.932650566101074,0.2596544325351715,0.5005578994750977,3
44,20,0.011964674015343752,0.7803121209144592,1.3901560306549072,1.2541975932461875,2.9802322387695312e-08,0.0,False,1.0144954919815063,0.8811795881665858,4.098463535308838,0.3167646527290344,0.5024120807647705,7
44,21,0.043720465064831425,0.7808149456977844,1.3904075622558594,0.40308740309306546,8.940696716308594e-08,0.0,False,1.0152316093444824,0.8818189715841331,4.061755180358887,0.31984877586364746,0.5000001192092896,7
44,22,0.024802481654239216,0.8184288144111633,1.4092144966125488,0.6037556273596627,8.940696716308594e-08,0.0,False,1.0269746780395508,0.8920188714538912,4.1772379875183105,0.31319576501846313,0.5000647902488708,7
44,23,0.015624427362580826,0.8291100263595581,1.4145550727844238,0.19095798262528008,5.960464477539063e-08,0.0,False,1.0056943893432617,0.8735350475456782,4.1702728271484375,0.31445419788360596,0.5002699494361877,7
44,24,-0.04690276594616254,0.7743731141090393,1.3871864080429077,1.2621374758226531,1.4901161193847656e-07,0.0,False,1.0595872402191162,0.9203457830445151,4.7672200202941895,0.26990562677383423,0.5102802515029907,7
45,1,0.030491598207545646,0.785813570022583,1.392906904220581,1.128278021301542,1.1920928955078125e-07,0.0,False,1.0265769958496094,0.8916734490926057,4.162326812744141,0.31212401390075684,0.5007338523864746,7
45,2,-0.15590578697686838,0.7800564169883728,1.3900282382965088,0.207492532474654,2.9802322387695312e-08,0.0,False,1.007086157798767,0.8747439222663043,4.102966785430908,0.3164476156234741,0.5000320076942444,7
45,3,0.008930049619881749,0.7618034482002258,1.38090181350708,1.2535727497722422,8.940696716308594e-08,0.0,False,0.9004875421524048,0.7821535411588226,3.4226338863372803,0.38031426072120667,0.5009374022483826,2
45,4,-0.011958338455436281,0.7948674559593201,1.3974337577819824,0.10664025108729072,2.9802322387695312e-08,0.0,False,0.8933690786361694,0.7759705223093614,3.3486287593841553,0.39210379123687744,0.5000894665718079,2
45,5,-0.038221768242717565,0.8123050928115845,1.4061524868011475,0.3566198647022247,5.960464477539063e-08,0.0,False,0.9217751026153564,0.8006436812433061,3.5028421878814697,0.37573403120040894,0.500481128692627,2
45,6,0.022232907061343697,0.816058337688446,1.4080291986465454,0.5536902866193225,2.9802322387695312e-08,0.0,False,0.985444962978363,0.8559466192817148,3.994124412536621,0.328025221824646,0.5007811784744263,2
45,7,0.06789471448397015,0.799016535282135,1.3995083570480347,1.017567489828382,8.940696716308594e-08,0.0,False,0.9076203107833862,0.7883489852730783,3.418818950653076,0.38413673639297485,0.500343918800354,2
45,8,-0.005922404570685333,0.8346211910247803,1.4173107147216797,1.373880573149238,1.1920928955078125e-07,0.0,False,0.9232418537139893,0.8019176850602296,3.527036428451538,0.3747933506965637,0.5057458877563477,7
45,9,-0.010676574270891276,0.81178218126297,1.4058911800384521,1.2746600327747206,8.940696716308594e-08,0.0,False,0.8947303891181946,0.7771529415703625,3.346208333969116,0.3939475119113922,0.5002743005752563,2
45,10,-0.03810207915775411,0.8159125447273254,1.4079563617706299,0.7642656277332986,8.940696716308594e-08,0.0,False,1.0376123189926147,0.9012586089866587,4.340271472930908,0.30064788460731506,0.5028923749923706,2
45,11,0.022127943671052107,0.8172730207443237,1.4086365699768066,0.6305879205465317,5.960464477539063e-08,0.0,False,1.0048260688781738,0.8727808339726556,4.024969577789307,0.32545503973960876,0.5019049644470215,2
45,12,-0.0023185790703519906,0.8106805682182312,1.405340313911438,1.3041268544537679,2.9802322387695312e-08,0.0,False,1.0593675374984741,0.9201549516860471,4.913952827453613,0.2634149193763733,0.5089607238769531,2
45,13,0.020484902530622334,0.7944027185440063,1.3972012996673584,1.269625410437584,5.960464477539063e-08,0.0,False,0.9133791923522949,0.7933510862477011,3.4368371963500977,0.3816295862197876,0.5006906390190125,2
45,14,0.004208547481229339,0.8013575673103333,1.4006788730621338,0.28138161769935055,8.940696716308594e-08,0.0,False,0.958207368850708,0.8322883456217928,3.81913161277771,0.3425937294960022,0.5005366206169128,2
45,15,-0.00047530598739075475,0.8065814971923828,1.4032907485961914,0.26105725765228266,0.0,0.0,False,0.9601148366928101,0.8339451511382584,3.6901395320892334,0.35549241304397583,0.5000189542770386,2
45,16,0.02414178836684029,0.788969099521637,1.394484519958496,0.6392787141459328,2.9802322387695312e-08,0.0,False,0.9588191509246826,0.8328197327795018,3.729374885559082,0.3501896560192108,0.5003632307052612,2
45,17,-0.005353648139607553,0.7898731827735901,1.3949365615844727,0.4817538836172648,2.9802322387695312e-08,0.0,False,0.89374840259552,0.7762999989141607,3.331007957458496,0.3937779366970062,0.5003827810287476,2
45,18,0.028877735212619382,0.7899118661880493,1.3949558734893799,0.5880161321588924,5.960464477539063e-08,0.0,False,0.9711543917655945,0.8435339868398131,3.8447084426879883,0.3393593430519104,0.5000123381614685,2
45,19,0.028353156468159606,0.7889196872711182,1.3944597244262695,0.18222772330045703,1.1920928955078125e-07,0.0,False,0.9497871994972229,0.8249746794479739,3.820195198059082,0.34154680371284485,0.5000243186950684,2
45,20,0.0408389667307093,0.794261634349823,1.3971307277679443,0.15861652631844778,8.940696716308594e-08,0.0,False,0.9348729848861694,0.8120203572329712,3.738788366317749,0.34970423579216003,0.5000636577606201,2
45,21,0.03612437149955667,0.7981389760971069,1.3990695476531982,0.12982116426740362,5.960464477539063e-08,0.0,False,0.944688618183136,0.820546107987488,3.825859308242798,0.34172871708869934,0.5001893639564514,2
45,22,-0.0020916945163603506,0.7991927862167358,1.3995964527130127,0.22950682948742582,5.960464477539063e-08,0.0,False,0.9154624342918396,0.7951605672053285,3.6030149459838867,0.3638080358505249,0.5002061724662781,2
45,23,0.002822403300961447,0.7884241342544556,1.3942121267318726,0.44711462461522644,5.960464477539063e-08,0.0,False,0.8795795440673828,0.763993084766885,3.2572743892669678,0.40287071466445923,0.5000160932540894,2
45,24,0.0011294007714102434,0.8236674070358276,1.4118337631225586,1.121280197586332,5.960464477539063e-08,0.0,False,1.0062379837036133,0.8740072076078671,4.1515607833862305,0.3147923946380615,0.5269653797149658,7
46,1,0.044575210581029895,0.7646713256835938,1.3823357820510864,1.421081991600139,1.1920928955078125e-07,0.0,False,0.9500560760498047,0.8252082226541728,3.8059022426605225,0.34097421169281006,0.5000448822975159,2
46,2,-0.027391282503314386,0.7814789414405823,1.3907394409179688,0.33934169156210775,2.9802322387695312e-08,0.0,False,0.9246619343757629,0.8031511514507613,3.74183988571167,0.34837839007377625,0.5003727674484253,2
46,3,0.05682173258216178,0.7782581448554993,1.3891291618347168,0.3693947376949447,8.940696716308594e-08,0.0,False,1.003427505493164,0.8715660572512522,4.016486167907715,0.32340380549430847,0.5005245208740234,2
46,4,-0.017890107078596985,0.8024956583976746,1.4012477397918701,0.6513499559036323,8.940696716308594e-08,0.0,False,0.9416405558586121,0.817898594691412,3.8215835094451904,0.3424404263496399,0.5009670257568359,2
46,5,-0.0023665752159444525,0.8150012493133545,1.4075007438659668,0.2527882941067219,1.1920928955078125e-07,0.0,False,1.0353609323501587,0.8993030793957599,4.5706787109375,0.2844570577144623,0.5117537379264832,2
46,6,0.013762827919584875,0.8028433918952942,1.4014215469360352,1.0877339520624707,1.4901161193847656e-07,0.0,False,0.9300340414047241,0.8078173043285043,3.5909833908081055,0.36533117294311523,0.5019296407699585,2
46,7,0.007203662069345631,0.7848876714706421,1.3924438953399658,0.1485250677381242,5.960464477539063e-08,0.0,False,0.8887863159179688,0.7719899851885884,3.2781662940979004,0.3998240828514099,0.502082884311676,2
46,8,-0.0029778396107467044,0.8185643553733826,1.4092822074890137,0.4786534618054117,2.9802322387695312e-08,0.0,False,0.9672865271568298,0.8401744023271424,3.7914702892303467,0.3464674651622772,0.502593994140625,2
46,9,-0.04637872140400738,0.8122984766960144,1.4061492681503296,0.4313174592597143,2.9802322387695312e-08,0.0,False,0.8810989856719971,0.7653128549758014,3.279494285583496,0.4021245539188385,0.5064187049865723,2
46,10,0.016658553007124377,0.8135522603988647,1.4067763090133667,0.7933844689811979,1.7881393432617188e-07,0.0,False,0.9595634937286377,0.833466260724306,3.764417886734009,0.34874144196510315,0.5001579523086548,2
46,11,0.004366602608465782,0.8011249303817749,1.4005625247955322,0.4411596214132649,5.960464477539063e-08,0.0,False,0.9459278583526611,0.8216224983222432,3.829622983932495,0.34161004424095154,0.5001404881477356,2
46,12,0.02019526523165391,0.7957274317741394,1.3978636264801025,0.2712024264037609,8.940696716308594e-08,0.0,False,0.9561494588851929,0.830500867737239,3.8983030319213867,0.33494070172309875,0.500160276889801,2
46,13,-0.023028604333884206,0.8159255981445312,1.4079627990722656,0.16726251691579822,0.0,0.0,False,0.9955776929855347,0.864747796739175,4.314301490783691,0.30251815915107727,0.5038398504257202,2
46,14,0.019508664157491484,0.7979212403297424,1.3989607095718384,0.79442172018545,8.940696716308594e-08,0.0,False,0.8783169388771057,0.7628963998329655,3.254509210586548,0.40394067764282227,0.5070464611053467,2
46,15,-0.0005047109399712365,0.7995813488960266,1.3997907638549805,0.3397262341209819,8.940696716308594e-08,0.0,False,0.9198672771453857,0.7989865650952206,3.4973809719085693,0.3751678168773651,0.503136396408081,2
46,16,-0.013670617541752493,0.8061933517456055,1.4030969142913818,0.3905032601739681,2.384185791015625e-07,0.0,False,0.8534577488899231,0.7413039817609296,3.1280250549316406,0.4218171536922455,0.5017866492271423,2
46,17,0.03518583193211136,0.8167557716369629,1.4083778858184814,0.09525706352932115,0.0,0.0,False,0.895771861076355,0.7780575526193346,3.3420510292053223,0.39488255977630615,0.5012465715408325,2
46,18,-0.1165486567881584,0.8081901669502258,1.40409517288208,0.04890852847269603,8.940696716308594e-08,0.0,False,0.8762489557266235,0.7611001724911189,3.2434821128845215,0.4065206050872803,0.5006985664367676,2
46,19,-0.03308756915687101,0.8025426864624023,1.4012713432312012,0.7714021844523293,0.0,0.0,False,0.9892779588699341,0.859275917211449,3.967374563217163,0.32936328649520874,0.5003488659858704,2
46,20,0.04874477517259491,0.7801342010498047,1.3900671005249023,0.6532097682356834,0.0,0.0,False,0.9133795499801636,0.793351396879321,3.4535105228424072,0.3784295916557312,0.5015081763267517,7
46,21,-0.037005013436458026,0.7890180349349976,1.3945090770721436,0.38457201208387093,5.960464477539063e-08,0.0,False,0.8837069272994995,0.7675780842917016,3.2510550022125244,0.4037129282951355,0.5004411935806274,7
46,22,0.014085834579886339,0.7967718243598938,1.398386001586914,0.558992190020425,8.940696716308594e-08,0.0,False,0.9790318012237549,0.8503762177585562,3.8008599281311035,0.34396469593048096,0.5000593662261963,7
46,23,-0.06318521133776446,0.7746670842170715,1.387333631515503,0.4236040338873863,8.940696716308594e-08,0.0,False,0.933613121509552,0.8109260538081372,3.504145383834839,0.37222549319267273,0.5039154887199402,7
46,24,0.01369663993678835,0.7479490637779236,1.3739745616912842,0.6536610025380338,2.9802322387695312e-08,0.0,False,0.9829809069633484,0.853806367420872,4.086129665374756,0.315279483795166,0.5089179277420044,7
47,1,0.016949658867625495,0.7929015159606934,1.3964507579803467,1.1919181091444833,0.0,0.0,False,1.012213945388794,0.8791978619757455,4.010631561279297,0.3249235153198242,0.5018481016159058,7
47,2,0.031215110834835056,0.798514187335968,1.3992571830749512,0.5670399559395654,8.940696716308594e-08,0.0,False,1.0356740951538086,0.8995750891508849,4.225924491882324,0.3080673813819885,0.5010924339294434,7
47,3,-0.0016037299455652606,0.7764966487884521,1.3882484436035156,1.5204486948038851,1.1920928955078125e-07,0.0,False,0.9571626782417297,0.8313809388882419,3.8420329093933105,0.3385527431964874,0.5006046295166016,2
47,4,0.037845332466667034,0.8050076365470886,1.4025037288665771,0.20995173017893518,8.940696716308594e-08,0.0,False,1.00628662109375,0.8740494535081682,4.072868347167969,0.32063013315200806,0.5008327960968018,2
47,5,0.03829468810599241,0.8051008582115173,1.4025503396987915,2.16803350938218,8.940696716308594e-08,0.0,False,0.9680271148681641,0.840817668639938,3.961076259613037,0.3300955891609192,0.5003724694252014,7
47,6,0.028964004860495718,0.8152233958244324,1.4076117277145386,0.49222348204680844,2.9802322387695312e-08,0.0,False,0.985471248626709,0.8559694507057746,3.949573516845703,0.3318246006965637,0.5008547306060791,7
47,7,-0.0004868612752356666,0.8118742108345032,1.4059371948242188,1.018096154289586,8.940696716308594e-08,0.0,False,1.0787620544433594,0.9370008150627327,5.060979843139648,0.2549327313899994,0.5254571437835693,7
47,8,-0.013521135668123636,0.8194636106491089,1.4097318649291992,0.4767925803150449,5.960464477539063e-08,0.0,False,1.0487511157989502,0.9109336449627248,4.7340288162231445,0.2743331491947174,0.5134540796279907,2
47,9,-0.013582213968106667,0.8094311952590942,1.404715657234192,0.8176316363470895,5.960464477539063e-08,0.0,False,1.0119578838348389,0.878975449735925,4.1996588706970215,0.31045833230018616,0.5137007236480713,2
47,10,0.013148081378856369,0.8099955320358276,1.4049978256225586,0.39129799178668445,5.960464477539063e-08,0.0,False,0.9029939770698547,0.7843306028666189,3.3827126026153564,0.38926565647125244,0.5043535232543945,2
47,11,0.01634809471914077,0.8162716031074524,1.4081358909606934,0.38307711801358646,8.940696716308594e-08,0.0,False,0.9410800933837891,0.8174117831711532,3.665914297103882,0.3584451675415039,0.5095815062522888,2
47,12,-0.03521767393951548,0.8043516278266907,1.402175784111023,0.4838109772120202,2.9802322387695312e-08,0.0,False,0.9977859258651733,0.8666658434479438,4.095337390899658,0.31865355372428894,0.5042052268981934,2
47,13,-0.005881067601637457,0.7987486720085144,1.39937424659729,1.4342924611909047,8.940696716308594e-08,0.0,False,1.1172096729278564,0.9703959921630098,5.772964954376221,0.2214849591255188,0.5125550031661987,7
47,14,-0.00834315644708983,0.8172991275787354,1.4086495637893677,1.002418003976345,0.0,0.0,False,0.995905339717865,0.8650323870749045,4.238401889801025,0.30827924609184265,0.5040323138237,2
47,15,0.030508157882402912,0.7878966331481934,1.3939484357833862,0.47421415363039277,1.1920928955078125e-07,0.0,False,0.9375924468040466,0.8143824518423314,3.7168025970458984,0.35128915309906006,0.5020096302032471,2
47,16,-0.01951344281297652,0.8042045831680298,1.4021022319793701,0.7054888297404561,5.960464477539063e-08,0.0,False,0.9623647332191467,0.835899386430741,3.9789342880249023,0.32845011353492737,0.5016502737998962,2
47,17,0.019864395961110393,0.8023157715797424,1.4011578559875488,0.4088925729904854,2.9802322387695312e-08,0.0,False,1.0062716007232666,0.874036406980134,4.094114780426025,0.318681538105011,0.5016872882843018,2
47,18,0.007643475035868654,0.8106580376625061,1.4053288698196411,0.2563260442444255,1.4901161193847656e-07,0.0,False,0.994732141494751,0.8640133600459502,4.144632816314697,0.31514137983322144,0.5036540031433105,2
47,19,-0.013341551964509823,0.7758954167366028,1.3879477977752686,0.6577199016298565,8.940696716308594e-08,0.0,False,0.9651950001716614,0.8383577250703216,4.051321983337402,0.320109486579895,0.5092042088508606,2
47,20,-0.003041517156325311,0.7874255180358887,1.3937127590179443,1.5332923957279752,0.0,0.0,False,1.093531847000122,0.9498296938752482,5.412665367126465,0.23612014949321747,0.5324740409851074,1
47,21,0.010784554736395776,0.8015320301055908,1.4007657766342163,0.13251870657716477,2.384185791015625e-07,0.0,False,1.0805776119232178,0.9385777882528941,5.261423587799072,0.2436964511871338,0.5425081849098206,1
47,22,0.007373308568984648,0.7950789928436279,1.397539496421814,0.8815838502986091,0.0,0.0,False,1.0649704933166504,0.9250216172744105,5.717212677001953,0.22072076797485352,0.6184327602386475,3
47,23,-0.00808163619241812,0.8022642135620117,1.4011321067810059,1.1282880072082793,0.0,0.0,False,1.0336440801620483,0.8978118405326803,4.7435407638549805,0.27180570363998413,0.5491970777511597,7
47,24,0.015636233069323425,0.8075294494628906,1.4037646055221558,0.6082041157143456,1.1920928955078125e-07,0.0,False,0.9859463572502136,0.85638212481276,4.032693386077881,0.3238007128238678,0.5129971504211426,7
48,1,0.01956262479483042,0.8147625923156738,1.407381296157837,1.4404771136386054,0.0,0.0,False,0.938809871673584,0.8154398936482751,3.616828203201294,0.36365610361099243,0.5001168251037598,2
48,2,0.0005694282114159215,0.8382532596588135,1.4191265106201172,0.4067063374178751,1.1920928955078125e-07,0.0,False,0.9677605628967285,0.8405861445392682,4.016720294952393,0.3276905417442322,0.5000080466270447,2
48,3,0.018448116785173184,0.8431609272956848,1.4215805530548096,0.40337534727794777,8.940696716308594e-08,0.0,False,0.9355390071868896,0.8125988568530257,3.7320897579193115,0.35420218110084534,0.5002063512802124,2
48,4,0.015380543958107885,0.8341959118843079,1.4170979261398315,0.47749295085668564,2.9802322387695312e-08,0.0,False,1.0239958763122559,0.8894315171481951,4.174595832824707,0.314456582069397,0.5001338720321655,2
48,5,-0.04286011830560258,0.8412194848060608,1.420609712600708,0.36493187184844694,2.9802322387695312e-08,0.0,False,0.9406906366348267,0.8170735053371244,3.7001993656158447,0.3572331964969635,0.5002011060714722,2
48,6,-0.08465194028917451,0.8079552054405212,1.403977632522583,0.16038376758141182,2.9802322387695312e-08,0.0,False,0.9756056070327759,0.8474002632964138,4.014592170715332,0.3257066011428833,0.5005846619606018,2
48,7,-0.014949538353029378,0.7671312689781189,1.3835656642913818,0.7282829731702805,2.9802322387695312e-08,0.0,False,1.0506113767623901,0.9125494471053688,4.980623722076416,0.2576296925544739,0.5007201433181763,2
48,8,0.027323391408012033,0.7725650072097778,1.3862825632095337,0.7196485857878412,5.960464477539063e-08,0.0,False,0.9871055483818054,0.857388985436603,4.033000946044922,0.3216252028942108,0.5000141263008118,2
48,9,0.03916751202479699,0.7622150182723999,1.3811075687408447,0.4648195771234376,5.960464477539063e-08,0.0,False,1.0216723680496216,0.8874133435139577,4.359102725982666,0.2957732081413269,0.5052526593208313,2
48,10,0.0470755411575521,0.7856187224388123,1.3928093910217285,0.3996618847761834,2.9802322387695312e-08,0.0,False,0.9685781002044678,0.8412962484222706,3.7975454330444336,0.34338536858558655,0.5008003115653992,1
48,11,0.009153388038893411,0.8119427561759949,1.4059714078903198,0.5259165912866592,2.9802322387695312e-08,0.0,False,1.0030194520950317,0.8712116265729908,4.445549964904785,0.2930225133895874,0.5000755786895752,2
48,12,-0.0007120014051256521,0.8205066323280334,1.4102534055709839,0.4515232528959,8.940696716308594e-08,0.0,False,0.9534936547279358,0.828194065556214,3.7772507667541504,0.3480511009693146,0.5000193119049072,1
48,13,-0.0018977239220871042,0.8229141235351562,1.4114570617675781,0.28103292334292607,0.0,0.0,False,0.9818527102470398,0.8528264282040836,4.203054428100586,0.31147822737693787,0.5001882314682007,1
48,14,0.03342292305485926,0.8227580189704895,1.411379098892212,0.773122727604849,8.940696716308594e-08,0.0,False,0.9386636018753052,0.8153128453157519,3.716482400894165,0.35415565967559814,0.5000618696212769,7
48,15,0.03521611362018968,0.8051595091819763,1.4025797843933105,0.21460145499025074,2.9802322387695312e-08,0.0,False,0.9494014978408813,0.8246396632459537,3.623854875564575,0.3620903789997101,0.5016084909439087,7
48,16,0.046469408010985334,0.7960273623466492,1.3980138301849365,0.6249287234885352,1.4901161193847656e-07,0.0,False,0.9596245884895325,0.8335193269593656,3.885187864303589,0.3361402153968811,0.5001753568649292,7
48,17,-0.01046861477490223,0.7905039191246033,1.395251989364624,0.23698561931295076,2.9802322387695312e-08,0.0,False,0.9508668184280396,0.8259124245363978,4.046669006347656,0.3217867612838745,0.5000000596046448,7
48,18,0.008956929907751548,0.8230139017105103,1.4115068912506104,0.26018029265105724,5.960464477539063e-08,0.0,False,0.9402738213539124,0.8167114641841764,3.8836400508880615,0.338304340839386,0.5000796318054199,2
48,19,-0.017259499313148984,0.8126015663146973,1.4063007831573486,0.3336204968925033,0.0,0.0,False,0.9474910497665405,0.8229802691326559,4.088986873626709,0.31986087560653687,0.5001039505004883,7
48,20,0.0048526850806976,0.8124907612800598,1.4062453508377075,0.6209228288914478,2.9802322387695312e-08,0.0,False,0.9148136377334595,0.7945970296749638,3.529590368270874,0.3728058636188507,0.5000777244567871,2
48,21,0.02206595390364042,0.8215447664260864,1.4107723236083984,1.8420355256114689,5.960464477539063e-08,0.0,False,1.0033167600631714,0.8714698649929685,4.15230655670166,0.3153226673603058,0.5018284320831299,7
48,22,0.009631466940083063,0.8104263544082642,1.4052132368087769,1.1140086320894105,5.960464477539063e-08,0.0,False,1.0130512714385986,0.8799251541417136,4.066032409667969,0.3215930461883545,0.5001561641693115,7
48,23,0.016068017962094967,0.8164240717887878,1.4082119464874268,0.913437238761357,8.940696716308594e-08,0.0,False,1.0312244892120361,0.8957102105365735,4.2266364097595215,0.30923008918762207,0.5002013444900513,7
48,24,0.024893058734215982,0.7765755653381348,1.3882877826690674,1.4611761793494225,0.0,0.0,False,0.9462319016456604,0.8218865869710618,3.6115193367004395,0.3609711229801178,0.5021757483482361,7
49,1,0.05683618961241531,0.7492131590843201,1.3746064901351929,1.407124518283776,8.940696716308594e-08,0.0,False,0.9622659683227539,0.8358136003317228,3.9653968811035156,0.3255550265312195,0.5010040998458862,7
49,2,0.019035872367296564,0.7582246661186218,1.3791122436523438,0.31203972335372654,8.940696716308594e-08,0.0,False,0.9866675138473511,0.8570085134742098,3.8500185012817383,0.33634084463119507,0.5030049085617065,7
49,3,-0.0018830721909952365,0.7520282864570618,1.376014232635498,0.7197682836226054,8.940696716308594e-08,0.0,False,1.034016489982605,0.8981353115928289,4.121072769165039,0.31301090121269226,0.5000707507133484,7
49,4,-0.000995289927210122,0.7708485126495361,1.3854243755340576,0.19738781452178958,1.1920928955078125e-07,0.0,False,1.019174575805664,0.8852437887369747,4.113762855529785,0.3148598372936249,0.5027912855148315,7
49,5,0.007798626137287806,0.7706539034843445,1.3853269815444946,0.14858231799943084,2.9802322387695312e-08,0.0,False,1.0140599012374878,0.8808012388535951,4.044978141784668,0.3204505443572998,0.5017403960227966,7
49,6,0.03406484602881291,0.7808034420013428,1.390401840209961,0.15548603449549003,1.1920928955078125e-07,0.0,False,0.9959758520126343,0.8650936332759537,3.949596881866455,0.3292941451072693,0.5005759000778198,7
49,7,-0.006994422517660286,0.7993093132972717,1.399654746055603,0.6841788462230137,8.940696716308594e-08,0.0,False,1.017529010772705,0.8838144691101207,4.222604751586914,0.3084026277065277,0.5000509023666382,7
49,8,0.04205170369822105,0.8136604428291321,1.4068303108215332,1.315767197736672,8.940696716308594e-08,0.0,False,1.0489755868911743,0.9111286180761242,4.868359565734863,0.26529642939567566,0.5397403836250305,7
49,9,0.0004893834821544179,0.7857648134231567,1.3928823471069336,0.6588263490370341,5.960464477539063e-08,0.0,False,1.002399206161499,0.8706728878002784,4.070030689239502,0.3186856806278229,0.5311147570610046,7
49,10,-0.0006821727120954234,0.7966627478599548,1.3983314037322998,0.4170380564672606,2.9802322387695312e-08,0.0,False,1.0189810991287231,0.8850757370306299,4.189920902252197,0.310567170381546,0.5062075853347778,7
49,11,0.026830929700189382,0.8030356168746948,1.4015178680419922,0.714833744934627,5.960464477539063e-08,0.0,False,1.0409340858459473,0.9041438590158015,4.672625541687012,0.27697932720184326,0.5215230584144592,7
49,12,0.00174740842926779,0.7867748141288757,1.3933873176574707,0.37407777458429337,8.940696716308594e-08,0.0,False,1.0143635272979736,0.8810649650988571,4.317286491394043,0.29941526055336,0.5408586263656616,7
49,13,0.01624728115896843,0.7949203848838806,1.3974603414535522,0.3625658260924474,1.4901161193847656e-07,0.0,False,1.0263652801513672,0.8914895551736479,4.495233535766602,0.28769320249557495,0.5326181650161743,1
49,14,-0.008251678138440627,0.7775851488113403,1.3887925148010254,0.6097686099154608,5.960464477539063e-08,0.0,False,0.996585488319397,0.8656231566439435,4.311345100402832,0.2992312014102936,0.5421273708343506,7
49,15,-0.001986820523862274,0.785121738910675,1.3925609588623047,0.5018422050135477,8.940696716308594e-08,0.0,False,1.0097506046295166,0.8770582313781424,4.243692398071289,0.30568698048591614,0.5062058568000793,7
49,16,0.02074562497292505,0.8029181957244873,1.4014592170715332,0.5149800521986826,1.1920928955078125e-07,0.0,False,1.0260255336761475,0.8911944551347799,4.738661289215088,0.27217814326286316,0.54770427942276,7
49,17,-0.013462193409284397,0.7913619875907898,1.3956809043884277,0.8989058711699076,8.940696716308594e-08,0.0,False,1.0145626068115234,0.8812378833672464,4.377343654632568,0.29635855555534363,0.5053547620773315,7
49,18,-0.0018488983184651166,0.7951807379722595,1.3975903987884521,0.8545109517872332,2.9802322387695312e-08,0.0,False,0.976658821105957,0.8483150734169047,3.923562526702881,0.3326263129711151,0.5012041926383972,7
49,19,0.02597575549171858,0.799005925655365,1.3995029926300049,0.10744076914020947,2.9802322387695312e-08,0.0,False,0.9944522380828857,0.8637702390314723,4.013091087341309,0.3250613212585449,0.505265474319458,7
49,20,-0.0023222895684365565,0.7887422442436218,1.3943711519241333,0.38181184657982414,2.9802322387695312e-08,0.0,False,1.0232728719711304,0.8888035235567093,4.2468342781066895,0.305364727973938,0.5182741284370422,7
49,21,-0.014086977328940679,0.7993963360786438,1.399698257446289,1.0981425430093492,8.940696716308594e-08,0.0,False,1.0511771440505981,0.913040866327989,4.878486156463623,0.2649153172969818,0.5059797763824463,1
49,22,-0.00028079751885242083,0.7901355028152466,1.3950676918029785,1.1795744193451745,5.960464477539063e-08,0.0,False,1.0346251726150513,0.8986640066098325,4.599444389343262,0.2814443111419678,0.5003988742828369,7
49,23,-0.012342174884350332,0.7956210970878601,1.397810459136963,1.19645989845906,8.940696716308594e-08,0.0,False,1.0592635869979858,0.9200646614285408,4.782461166381836,0.270263671875,0.5075408220291138,7
49,24,-0.023868990011780354,0.806066632270813,1.4030333757400513,0.34093384444713587,5.960464477539063e-08,0.0,False,0.9999826550483704,0.8685738981729405,4.179391384124756,0.3121258616447449,0.5024545192718506,7
50,1,-0.0023567362284176822,0.7722015976905823,1.3861007690429688,1.5547892153263092,2.9802322387695312e-08,0.0,False,0.8824097514152527,0.7664513716345289,3.2552812099456787,0.4015212059020996,0.5014852285385132,1
50,2,0.01298676247842456,0.7836532592773438,1.3918266296386719,0.54473930810179,0.0,0.0,False,0.9671738147735596,0.8400765015949495,3.8880202770233154,0.33494582772254944,0.5002644658088684,1
50,3,-0.010946431940799667,0.7770468592643738,1.3885233402252197,0.19114057985799657,8.940696716308594e-08,0.0,False,0.9548242688179016,0.8293498222698438,3.7552778720855713,0.34671059250831604,0.5010945200920105,1
50,4,-0.0519334543006689,0.7927438616752625,1.3963717222213745,0.010934753609555092,2.086162567138672e-07,0.0,False,0.9541946649551392,0.8288029553030783,3.7686004638671875,0.34666115045547485,0.501828670501709,1
50,5,-0.020947374057618633,0.7839493751525879,1.391974687576294,0.42247608091150024,0.0,0.0,False,0.9136928915977478,0.793623561950256,3.426743745803833,0.3818407356739044,0.5012450814247131,2
50,6,0.06380846172274907,0.8166723251342773,1.4083361625671387,0.3571251694645201,0.0,0.0,False,0.9265790581703186,0.8048163440209631,3.6187288761138916,0.36357900500297546,0.5013561844825745,1
50,7,-0.09579979670442332,0.7749409675598145,1.3874704837799072,0.8052508724587303,0.0,0.0,False,0.9043112993240356,0.7854748144383772,3.4650700092315674,0.3766699731349945,0.5011441707611084,2
50,8,0.07235607974615478,0.785072922706604,1.3925365209579468,1.0601319457803453,5.960464477539063e-08,0.0,False,0.9434108734130859,0.819436272981661,3.7419657707214355,0.3485754430294037,0.5032930374145508,1
50,9,-0.030600399277514755,0.7984445095062256,1.3992223739624023,1.8642767699701446,1.1920928955078125e-07,0.0,False,1.047078013420105,0.9094804067011414,4.600428104400635,0.2817505896091461,0.5048665404319763,7
50,10,0.008986441762958163,0.7835131883621216,1.3917566537857056,1.5821906349488666,5.960464477539063e-08,0.0,False,0.9667758941650391,0.8397308721459174,3.9878182411193848,0.32620668411254883,0.5006629228591919,2
50,11,-0.02526480885231424,0.7774968147277832,1.3887484073638916,0.385010268007006,0.0,0.0,False,0.9711897373199463,0.8435646875982427,4.041056156158447,0.32129913568496704,0.5006235837936401,2
50,12,0.03012139075338439,0.810745894908905,1.405372977256775,0.4300338322562831,2.9802322387695312e-08,0.0,False,0.9274346232414246,0.8055594783995441,3.8609886169433594,0.33937326073646545,0.5028488636016846,1
50,13,-0.01655301297582957,0.8047803044319153,1.4023902416229248,0.6069473986114775,8.940696716308594e-08,0.0,False,1.0778435468673706,0.9362030095190562,5.107298851013184,0.25285083055496216,0.5001358985900879,1
50,14,-0.03281810442694761,0.8183150887489319,1.4091575145721436,0.31313653822456083,2.9802322387695312e-08,0.0,False,0.9581575989723206,0.8322451160546954,4.13166618347168,0.31678274273872375,0.5007173418998718,2
50,15,0.0016540855270869553,0.8214955925941467,1.4107478857040405,0.2833799959293433,8.940696716308594e-08,0.0,False,0.9350064992904663,0.8121363263710526,3.8684959411621094,0.33952656388282776,0.5016530156135559,1
50,16,0.06438983828798192,0.8168345093727112,1.4084172248840332,0.192842380276748,2.9802322387695312e-08,0.0,False,0.9490825533866882,0.8243626316129743,4.093310356140137,0.3197965621948242,0.5002774000167847,1
50,17,0.01441091909434489,0.8001104593276978,1.400055170059204,0.5349509316895689,5.960464477539063e-08,0.0,False,1.035749912261963,0.8996409430542955,4.5488481521606445,0.285323828458786,0.500537097454071,5
50,18,0.021051839502420934,0.7942034602165222,1.3971017599105835,0.6605847488556589,2.9802322387695312e-08,0.0,False,0.9472194910049438,0.8227443961893081,3.902238130569458,0.33447763323783875,0.5000534057617188,2
50,19,0.02307498337474142,0.7812069654464722,1.3906034231185913,0.08352056358541762,5.960464477539063e-08,0.0,False,0.9769172668457031,0.848539556534191,4.013035297393799,0.323912650346756,0.5003602504730225,2
50,20,0.013622429374148471,0.7920939922332764,1.3960469961166382,0.08274293744138331,0.0,0.0,False,0.9724969863891602,0.8447001497127082,4.079023361206055,0.319229394197464,0.5003466010093689,2
50,21,-0.02130791361554457,0.7856068015098572,1.3928035497665405,0.28996730276516525,1.4901161193847656e-07,0.0,False,1.00318443775177,0.87135493129362,4.198033809661865,0.30935174226760864,0.5003083944320679,2
50,22,0.03500600775392603,0.7952514886856079,1.3976255655288696,0.292534594557115,1.7881393432617188e-07,0.0,False,0.9405630826950073,0.8169627133927073,3.7765581607818604,0.34613659977912903,0.5004530549049377,2
50,23,0.017127656182063238,0.7827810645103455,1.3913905620574951,0.42259642002837994,2.9802322387695312e-08,0.0,False,0.9760245680809021,0.8477641682390811,4.006032943725586,0.3246077299118042,0.5007117986679077,2
50,24,-0.00019057222092137014,0.7851232886314392,1.392561674118042,0.10615902234401026,2.9802322387695312e-08,0.0,False,0.9763554930686951,0.8480516060313259,4.034698486328125,0.32237425446510315,0.5007456541061401,2
51,1,-0.04979079738741756,0.7955911159515381,1.3977956771850586,1.3527425527572632,1.1920928955078125e-07,0.0,False,0.9762181639671326,0.8479323234892993,3.8205201625823975,0.341979056596756,0.5019989609718323,7
51,2,0.09308590860559762,0.7537809610366821,1.3768904209136963,1.2409949196236472,5.960464477539063e-08,0.0,False,1.010677456855774,0.8778632849929491,3.997469663619995,0.32316094636917114,0.5019105076789856,2
51,3,0.05259736174991199,0.7820046544075012,1.3910024166107178,2.026009174329894,8.940696716308594e-08,0.0,False,1.0092962980270386,0.8766636256770456,4.1115803718566895,0.31562116742134094,0.5102358460426331,7
51,4,-0.0340317890980254,0.7925411462783813,1.3962706327438354,1.0327598335487502,5.960464477539063e-08,0.0,False,0.8757027387619019,0.7606257344637177,3.271775484085083,0.40141719579696655,0.5000336170196533,7
51,5,0.04908281060020242,0.7987714409828186,1.3993858098983765,0.7426477739853518,8.940696716308594e-08,0.0,False,0.9502623081207275,0.8253873535549593,3.84319806098938,0.34016966819763184,0.5003085136413574,2
51,6,-0.04742058330369124,0.8086155652999878,1.4043078422546387,0.8762232097131863,5.960464477539063e-08,0.0,False,0.9431662559509277,0.819223800953676,3.6311604976654053,0.3615548610687256,0.5038281083106995,7
51,7,0.05303170243235513,0.8049458265304565,1.4024728536605835,1.1418190726212094,5.960464477539063e-08,0.0,False,1.0325839519500732,0.8968910248675388,4.208462238311768,0.3098605275154114,0.5001913905143738,2
51,8,-0.013014679463045097,0.7882357239723206,1.394117832183838,0.5873741656541824,2.9802322387695312e-08,0.0,False,0.9262051582336426,0.8044915786623984,3.8745973110198975,0.3365072011947632,0.500077486038208,2
51,9,0.005896592099453941,0.7794963717460632,1.3897480964660645,0.5206184318023068,8.940696716308594e-08,0.0,False,0.9750197529792786,0.8468913969311448,3.814953565597534,0.3412977159023285,0.5001029968261719,2
51,10,-0.03116388814957158,0.7814258933067322,1.3907129764556885,1.2492131143808365,2.9802322387695312e-08,0.0,False,1.0731151103973389,0.9320959417851264,5.201352119445801,0.24660222232341766,0.5103738307952881,7
51,11,0.01660115565105545,0.8178464770317078,1.4089232683181763,1.2814656740852763,2.9802322387695312e-08,0.0,False,0.918964684009552,0.7982025826586279,3.5724194049835205,0.3686118423938751,0.5001503229141235,2
51,12,0.0031081855201757717,0.8127480149269104,1.4063739776611328,0.8813286503510817,2.9802322387695312e-08,0.0,False,0.9846677184104919,0.8552715132278834,3.9411556720733643,0.3322773575782776,0.5045537352561951,2
51,13,0.06382435297263796,0.8081759214401245,1.404088020324707,1.7775957637599538,5.960464477539063e-08,0.0,False,0.9898794293403625,0.8597983478241188,4.078694820404053,0.3203939199447632,0.5001267790794373,7
51,14,0.02256670386617668,0.7705774903297424,1.3852887153625488,0.19917788862117705,2.9802322387695312e-08,0.0,False,0.9627446532249451,0.8362293807549068,4.024192810058594,0.32214581966400146,0.5025779604911804,7
51,15,0.043226576695114566,0.7946632504463196,1.397331714630127,1.439520755250539,8.940696716308594e-08,0.0,False,1.041822910308838,0.9049158821350296,4.648865222930908,0.2784726917743683,0.5040315985679626,7
51,16,-0.032722072277232325,0.7652127742767334,1.3826065063476562,0.8261149919458798,1.1920928955078125e-07,0.0,False,1.0546784400939941,0.9160820534303021,4.483375072479248,0.2875240445137024,0.5005966424942017,7
51,17,0.010048703740164974,0.789534866809845,1.3947675228118896,2.2834075332752297,8.940696716308594e-08,0.0,False,0.9567748308181763,0.8310440588965027,3.978262424468994,0.32742685079574585,0.5020617246627808,2
51,18,-0.012910790503595634,0.7841559648513794,1.3920780420303345,0.7053443741585527,5.960464477539063e-08,0.0,False,1.0144935846328735,0.8811779314646132,4.222409248352051,0.3073919415473938,0.5002321004867554,2
51,19,0.06865268522242043,0.7959485650062561,1.3979743719100952,0.692933973457132,8.940696716308594e-08,0.0,False,0.9087825417518616,0.7893584862656902,3.4996774196624756,0.37468135356903076,0.5000871419906616,2
51,20,-0.02666470090193159,0.8125057816505432,1.4062528610229492,1.2986280902155807,2.9802322387695312e-08,0.0,False,0.9428149461746216,0.8189186571590992,3.6940786838531494,0.3554096817970276,0.5057826042175293,7
51,21,0.08255578295321804,0.8167975544929504,1.4083988666534424,1.189425032053675,8.940696716308594e-08,0.0,False,0.98549485206604,0.8559899523926854,3.9849038124084473,0.3288789689540863,0.5004947781562805,2
51,22,0.01379907218445949,0.7896185517311096,1.3948092460632324,2.520885179085391,2.9802322387695312e-08,0.0,False,0.9014714956283569,0.7830081922889337,3.4295947551727295,0.38131022453308105,0.5273982882499695,7
51,23,-0.007641801162161372,0.7997835278511047,1.3998918533325195,1.4794369547494821,8.940696716308594e-08,0.0,False,0.9355347752571106,0.8125951810455241,3.719754934310913,0.35199546813964844,0.5004503726959229,2
51,24,0.0034045225906931898,0.7766076326370239,1.3883038759231567,0.7953080481716563,5.960464477539063e-08,0.0,False,0.938069224357605,0.8147965755635428,3.6837875843048096,0.35368791222572327,0.5000550150871277,2
52,1,-0.044861049208798666,0.7307811379432678,1.3653905391693115,1.319542252591678,2.9802322387695312e-08,0.0,False,0.9693266153335571,0.8419464004026398,3.717013120651245,0.3466311991214752,0.5003251433372498,7
52,2,-0.04411497150590113,0.7841566205024719,1.3920782804489136,1.2202026120253973,2.9802322387695312e-08,0.0,False,0.9991772174835205,0.8678743039930767,4.174620628356934,0.31101202964782715,0.5021879076957703,7
52,3,0.05822910839285097,0.8264636993408203,1.4132318496704102,0.33152487661157337,0.0,0.0,False,1.033599853515625,0.8977734257556907,4.235545635223389,0.3091835379600525,0.5010924935340881,7
52,4,0.025885337368902184,0.8011095523834229,1.4005546569824219,0.5800345518759319,1.1920928955078125e-07,0.0,False,1.0147517919540405,0.8814022074941529,4.05010986328125,0.322232723236084,0.5008941292762756,7
52,5,0.020054909734109602,0.7888488173484802,1.3944244384765625,0.5421992646796363,2.9802322387695312e-08,0.0,False,0.9775649309158325,0.8491021103977594,3.761831521987915,0.3469918668270111,0.5021958351135254,7
52,6,0.019880627378870697,0.8123499155044556,1.406174898147583,0.478017241294895,5.960464477539063e-08,0.0,False,0.924562931060791,0.8030651582639964,3.5700502395629883,0.36840200424194336,0.5002678036689758,7
52,7,0.02453327758531949,0.7957213521003723,1.3978606462478638,0.31197918153234894,2.9802322387695312e-08,0.0,False,0.9481168985366821,0.8235238744674128,3.7262320518493652,0.35104256868362427,0.5001779794692993,7
52,8,0.008617705085402357,0.805219829082489,1.4026098251342773,0.4489075251455817,8.940696716308594e-08,0.0,False,0.9131692051887512,0.7931686937149061,3.5764384269714355,0.36712726950645447,0.5000215768814087,2
52,9,0.0082119248609946,0.8164132833480835,1.4082067012786865,0.09755163639783859,5.960464477539063e-08,0.0,False,0.897515058517456,0.7795716746784107,3.4091198444366455,0.38683557510375977,0.5000028610229492,2
52,10,0.01160287283163863,0.7980648279190063,1.3990323543548584,0.18874246680310783,5.960464477539063e-08,0.0,False,0.943950355052948,0.8199048607802214,3.7297630310058594,0.3508891463279724,0.5000006556510925,7
52,11,-0.010696325961053438,0.7845766544342041,1.3922882080078125,0.3437608246292386,1.1920928955078125e-07,0.0,False,0.9332003593444824,0.8105675331468809,3.7459568977355957,0.34823697805404663,0.5000566244125366,2
52,12,-0.017881026085803282,0.767208993434906,1.383604645729065,0.11210391191499566,1.4901161193847656e-07,0.0,False,0.9573706984519958,0.8315616229471279,3.812685251235962,0.3405382037162781,0.5003046989440918,2
52,13,-0.022735599901133004,0.7687843441963196,1.3843921422958374,0.35399046966007786,2.9802322387695312e-08,0.0,False,0.9711871147155762,0.8435624096330304,3.7802133560180664,0.34369271993637085,0.500592827796936,2
52,14,0.037752118488716985,0.7865970730781555,1.393298625946045,0.1901663371494838,8.940696716308594e-08,0.0,False,0.9376198053359985,0.8144062151612507,3.5789873600006104,0.3652808666229248,0.5001079440116882,2
52,15,0.036820278177537934,0.7677478194236755,1.3838739395141602,0.36944864211337913,2.9802322387695312e-08,0.0,False,0.939727783203125,0.8162371814725852,3.7947065830230713,0.3422577381134033,0.5002281665802002,2
52,16,-0.024877552542511974,0.7716326713562012,1.3858163356781006,0.29741411869015,0.0,0.0,False,0.9300354719161987,0.8078185468549838,3.716265916824341,0.35006314516067505,0.5005814433097839,2
52,17,0.034247086806845205,0.7988343238830566,1.3994171619415283,0.46447933252368645,0.0,0.0,False,0.9873695373535156,0.8576182833439971,3.9464733600616455,0.33091720938682556,0.5000346899032593,2
52,18,0.006145304516151003,0.7758969664573669,1.3879485130310059,0.23220973036118916,2.9802322387695312e-08,0.0,False,0.932127058506012,0.8096352758837412,3.8083643913269043,0.3416315019130707,0.5000022649765015,2
52,19,-0.015995793434370513,0.7665770053863525,1.3832882642745972,0.28133499648954186,2.384185791015625e-07,0.0,False,0.9326072335243225,0.8100523506053413,3.591503858566284,0.36226022243499756,0.5000655651092529,2
52,20,0.005497374502332573,0.7844477891921997,1.3922239542007446,0.12694104814103663,5.960464477539063e-08,0.0,False,0.9386325478553772,0.8152858721367606,3.5952892303466797,0.3633837401866913,0.5000394582748413,2
52,21,0.03383351790920187,0.7966644167900085,1.3983322381973267,0.2058083335203785,2.9802322387695312e-08,0.0,False,0.9723480343818665,0.8445707716430361,3.980410099029541,0.32781553268432617,0.5001775026321411,2
52,22,0.010021352120988881,0.781425416469574,1.3907127380371094,0.3394332240734783,2.9802322387695312e-08,0.0,False,0.9279295802116394,0.8059893925614319,3.6624693870544434,0.35620149970054626,0.500818133354187,2
52,23,0.0263597913622084,0.786704421043396,1.3933523893356323,0.10543032043746553,1.7881393432617188e-07,0.0,False,0.9496539235115051,0.824858917397639,3.8629724979400635,0.3374011814594269,0.5016460418701172,2
52,24,0.025483782989078177,0.7860434651374817,1.393021821975708,0.8686013003545148,8.940696716308594e-08,0.0,False,0.9594929218292236,0.83340496275132,3.864830493927002,0.33711594343185425,0.5040925741195679,7
53,1,0.047326679200310515,0.7562995553016663,1.3781497478485107,1.3624319210648537,2.9802322387695312e-08,0.0,False,0.9475072622299194,0.822994351099423,3.658107280731201,0.3545708656311035,0.500000536441803,2
53,2,0.03755159329295048,0.7532994151115417,1.3766497373580933,0.9984116075294358,2.9802322387695312e-08,0.0,False,0.9697041511535645,0.8422743238493399,3.7032454013824463,0.34979960322380066,0.5018920302391052,7
53,3,0.04071121314020776,0.7801166772842407,1.3900582790374756,1.204733554806028,5.960464477539063e-08,0.0,False,0.9713650345802307,0.8437169488639112,3.9660091400146484,0.32781076431274414,0.501121461391449,7
53,4,0.00403984414834044,0.7797534465789795,1.3898768424987793,0.6967843600681849,1.1920928955078125e-07,0.0,False,1.0182567834854126,0.884446604456538,4.1183366775512695,0.31497326493263245,0.5083889365196228,7
53,5,-0.022959498441085118,0.7499554753303528,1.374977707862854,0.5849419044596809,2.9802322387695312e-08,0.0,False,1.029957890510559,0.894610056882899,4.154891014099121,0.3101622760295868,0.5021656155586243,7
53,6,0.002969902846892832,0.7861757278442383,1.3930878639221191,0.9939972300614629,0.0,0.0,False,0.9986144304275513,0.8673854733672887,4.1501240730285645,0.31287017464637756,0.5094911456108093,7
53,7,-0.01606716724726253,0.7743785977363586,1.3871893882751465,0.6258423168744359,8.940696716308594e-08,0.0,False,1.0418099164962769,0.9049045958528413,4.757013320922852,0.2695777714252472,0.5458656549453735,2
53,8,0.016567727349441952,0.7925698161125183,1.3962849378585815,0.834136875612395,2.9802322387695312e-08,0.0,False,0.9867892861366272,0.8571142835407726,4.082273006439209,0.3187884986400604,0.5080087184906006,2
53,9,-0.029807194345881506,0.7774897813796997,1.388744831085205,2.0588540881872177,5.960464477539063e-08,0.0,False,1.0725228786468506,0.9315815358226365,4.786719799041748,0.26916569471359253,0.5012405514717102,7
53,10,-0.024714131388961523,0.7872613072395325,1.3936307430267334,1.861343345471791,8.940696716308594e-08,0.0,False,1.0573253631591797,0.9183811415927672,4.5740814208984375,0.2828013002872467,0.5043319463729858,2
53,11,0.006163573121427614,0.7925333380699158,1.3962666988372803,0.5353273557765144,2.9802322387695312e-08,0.0,False,0.9822102189064026,0.8531369562800715,3.9160947799682617,0.33312100172042847,0.5000365972518921,2
53,12,0.010054645243472824,0.7959734201431274,1.397986650466919,0.19578610041311795,5.960464477539063e-08,0.0,False,0.9930133819580078,0.8625204644808979,4.1573076248168945,0.3132367432117462,0.5000088214874268,2
53,13,0.01926420203966382,0.7915909290313721,1.3957953453063965,0.20716276339122242,1.1920928955078125e-07,0.0,False,0.9427108764648438,0.8188282633577196,3.7450125217437744,0.34888917207717896,0.5000132918357849,2
53,14,-0.009843722583082581,0.7870789766311646,1.393539547920227,0.27787720518452763,5.960464477539063e-08,0.0,False,0.9823726415634155,0.853278034807425,4.179039478302002,0.3109283447265625,0.5000000596046448,2
53,15,0.027262967084172224,0.8295899629592896,1.414794921875,0.6236846878060274,5.960464477539063e-08,0.0,False,0.9778895974159241,0.8493841121366565,4.203289985656738,0.3119049668312073,0.5001029968261719,2
53,16,0.007879431110014856,0.8011836409568787,1.4005918502807617,0.726121490289058,2.9802322387695312e-08,0.0,False,0.9771754741668701,0.8487638325637307,4.137775421142578,0.31514009833335876,0.5000077486038208,2
53,17,0.02478327521302557,0.782091498374939,1.3910459280014038,0.3174944365663188,1.7881393432617188e-07,0.0,False,0.9854264259338379,0.8559305182094187,4.080824375152588,0.3183792531490326,0.5001292824745178,2
53,18,-0.01864325411201633,0.74878990650177,1.3743950128555298,0.568589063095195,5.960464477539063e-08,0.0,False,0.9292564392089844,0.8071418876430531,3.534318685531616,0.36677122116088867,0.5000006556510925,7
53,19,0.008703744185653077,0.7436555027961731,1.3718278408050537,0.09358087394918721,8.940696716308594e-08,0.0,False,0.904094934463501,0.7852868823083612,3.3406527042388916,0.3882659673690796,0.5000132918357849,2
53,20,0.016459487035712445,0.7767696976661682,1.3883848190307617,0.16375989254031847,2.9802322387695312e-08,0.0,False,0.9284629821777344,0.8064526996224547,3.6292011737823486,0.35921502113342285,0.5002472400665283,7
53,21,-0.04215275461365185,0.7891356945037842,1.3945679664611816,0.7188185613070215,1.1920928955078125e-07,0.0,False,1.0120571851730347,0.8790617017823731,4.063854217529297,0.31991100311279297,0.5132569670677185,7
53,22,0.013739905552362451,0.7925289273262024,1.3962645530700684,1.2156788579055242,8.940696716308594e-08,0.0,False,1.0179827213287354,0.8842085570918511,4.210101127624512,0.308760404586792,0.5052413940429688,2
53,23,-0.008709049090098193,0.7815783619880676,1.390789270401001,0.2148747380290712,8.940696716308594e-08,0.0,False,0.971406102180481,0.8437526197282587,3.845921754837036,0.33859169483184814,0.5005429983139038,2
53,24,0.032427213938040086,0.798275887966156,1.3991379737854004,0.25821033971650265,2.9802322387695312e-08,0.0,False,0.9281585216522217,0.8061882485700796,3.5954737663269043,0.36452585458755493,0.5001168251037598,2
54,1,-0.03389677701492387,0.7260981202125549,1.363049030303955,1.0876191428729467,2.9802322387695312e-08,0.0,False,1.032426357269287,0.8967541398670533,4.1635613441467285,0.3076944947242737,0.5064358115196228,2
54,2,0.007153461088969655,0.7750053405761719,1.387502670288086,0.6492527004863536,0.0,0.0,False,0.9268333911895752,0.8050372548746211,3.6863250732421875,0.3532823622226715,0.5008687973022461,2
54,3,0.0225363135603775,0.7595187425613403,1.3797591924667358,0.05516662874392106,1.7881393432617188e-07,0.0,False,0.9323464632034302,0.809825848382526,3.6737191677093506,0.35326075553894043,0.5007047653198242,2
54,4,0.00045538799153992376,0.7456961274147034,1.3728481531143188,0.29693905051265446,8.940696716308594e-08,0.0,False,0.9496573805809021,0.8248619201699643,3.678877115249634,0.35157307982444763,0.501563310623169,2
54,5,0.03540532775678407,0.767691969871521,1.3838460445404053,0.5030982206974712,5.960464477539063e-08,0.0,False,0.9722355604171753,0.8444730779985897,4.079039573669434,0.3174980878829956,0.5000012516975403,2
54,6,0.06222775689317829,0.7682030200958252,1.3841015100479126,0.5994557248694556,0.0,0.0,False,0.9735292792320251,0.8455967878834372,4.102623462677002,0.31552064418792725,0.5044008493423462,7
54,7,0.03692210921089878,0.766804039478302,1.3834021091461182,1.5074982781495367,8.940696716308594e-08,0.0,False,0.9629641771316528,0.8364200567975648,3.8846704959869385,0.3338615298271179,0.5039769411087036,7
54,8,-0.013212622234428756,0.7696670889854431,1.384833574295044,0.30998149727072055,2.9802322387695312e-08,0.0,False,1.0055835247039795,0.8734387517435213,4.2513298988342285,0.30417221784591675,0.5025838017463684,7
54,9,0.011047974108612834,0.795234203338623,1.3976171016693115,1.4472038192408425,0.0,0.0,False,1.0654624700546265,0.925448942839466,4.811348915100098,0.26871031522750854,0.501197338104248,2
54,10,-0.040370065671904175,0.7837080359458923,1.391853928565979,0.9902015988315855,8.940696716308594e-08,0.0,False,1.0812263488769531,0.939141274011322,5.063292026519775,0.25400054454803467,0.5034500360488892,5
54,11,0.021004475842675858,0.7943581342697144,1.397179126739502,0.90770737188203,5.960464477539063e-08,0.0,False,0.9977899789810181,0.8666693639396357,4.243771076202393,0.30646610260009766,0.500019371509552,2
54,12,0.04236108749559035,0.7830272912979126,1.3915135860443115,1.1327390660132681,5.960464477539063e-08,0.0,False,1.090702772140503,0.9473723906744006,5.164210319519043,0.24867050349712372,0.5060018301010132,5
54,13,-0.03200403092837066,0.7841978669166565,1.3920989036560059,1.0716499771390642,2.9802322387695312e-08,0.0,False,1.083066463470459,0.9407395772393805,5.499585151672363,0.23128993809223175,0.559666633605957,7
54,14,0.013014115700564502,0.780851423740387,1.390425682067871,1.733095863035747,2.9802322387695312e-08,0.0,False,0.8964826464653015,0.7786749329638085,3.3080973625183105,0.3957313895225525,0.5010453462600708,2
54,15,0.02177802317829295,0.7711799144744873,1.3855899572372437,0.052232759339468776,0.0,0.0,False,0.8761419653892517,0.7610072418648438,3.2057340145111084,0.40785738825798035,0.5004001259803772,2
54,16,-0.008971326777825295,0.7810198068618774,1.390509843826294,0.2411995615277971,5.960464477539063e-08,0.0,False,0.938535213470459,0.8152013285642218,3.645958185195923,0.35784536600112915,0.5006744265556335,2
54,17,-0.0002907348038738312,0.7694050669670105,1.384702444076538,0.2708364842193467,8.940696716308594e-08,0.0,False,0.8772017955780029,0.761927798670302,3.2143566608428955,0.4065553545951843,0.5003166794776917,2
54,18,-0.0332218918906951,0.7713025808334351,1.3856515884399414,0.02112314956528799,2.980232238769531e-07,0.0,False,0.8832114934921265,0.7671477559543207,3.254164695739746,0.40160152316093445,0.5005286931991577,2
54,19,-0.011949795209654529,0.7764639258384705,1.3882319927215576,0.11054989056927819,2.9802322387695312e-08,0.0,False,0.9281657338142395,0.8061945129744135,3.4872424602508545,0.37435442209243774,0.5000563263893127,2
54,20,-0.00255580157434618,0.7840615510940552,1.3920308351516724,0.04950346904141584,5.960464477539063e-08,0.0,False,0.9463918209075928,0.8220254910770762,3.6149485111236572,0.36130231618881226,0.5000286102294922,2
54,21,0.05236066420475093,0.7681859731674194,1.384092926979065,0.10030742202486306,5.960464477539063e-08,0.0,False,0.9242343902587891,0.8027797913492174,3.4902255535125732,0.3732842803001404,0.5002976059913635,2
54,22,0.004739110406859213,0.794146716594696,1.3970732688903809,1.9911017566919327,8.940696716308594e-08,0.0,False,1.0522205829620361,0.9139471858508703,4.702332973480225,0.27505311369895935,0.5064427256584167,7
54,23,-0.018172136116889007,0.7907172441482544,1.3953585624694824,1.0994711949356963,5.960464477539063e-08,0.0,False,0.941861093044281,0.818090150856993,4.0039520263671875,0.3253774642944336,0.5001115202903748,2
54,24,0.016935027090277086,0.7915298938751221,1.395764946937561,0.5144957820219652,0.0,0.0,False,0.9459882974624634,0.8216749950659997,3.835986375808716,0.34028640389442444,0.5000220537185669,2
55,1,0.06254087314237942,0.7851640582084656,1.3925819396972656,1.3776386412126675,8.940696716308594e-08,0.0,False,0.9553735256195068,0.8298269006660137,3.801172971725464,0.34297993779182434,0.5018879771232605,2
55,2,0.026006700108560783,0.8123279809951782,1.4061640501022339,0.9343700196061817,5.960464477539063e-08,0.0,False,0.9301086068153381,0.8078820710212453,3.7696170806884766,0.34814029932022095,0.5003325343132019,2
55,3,0.013618570657945857,0.8148736953735352,1.4074368476867676,0.45429888154779174,0.0,0.0,False,0.9671570658683777,0.8400619536807526,4.142175197601318,0.31572791934013367,0.5000249147415161,7
55,4,0.004966599479199826,0.8206166625022888,1.4103084802627563,0.529535717463919,1.4901161193847656e-07,0.0,False,0.9911161661148071,0.860872563737535,4.328631401062012,0.30187705159187317,0.5000549554824829,2
55,5,0.0023108236669476777,0.8320750594139099,1.4160375595092773,0.996055849960872,2.9802322387695312e-08,0.0,False,1.0410478115081787,0.9042426398709174,4.532270431518555,0.288274347782135,0.502347469329834,7
55,6,-0.02246576248105875,0.81461501121521,1.4073076248168945,1.1687399585332188,1.1920928955078125e-07,0.0,False,0.9671391844749451,0.8400464220997597,4.0700154304504395,0.32154446840286255,0.500619113445282,2
55,7,-0.0372481992427198,0.819922149181366,1.4099611043930054,0.34264264708118775,2.9802322387695312e-08,0.0,False,0.9813186526298523,0.8523625516517578,4.0554351806640625,0.32313773036003113,0.5001548528671265,2
55,8,0.06248804005254024,0.8137912154197693,1.406895637512207,0.526647414479937,2.9802322387695312e-08,0.0,False,1.020678997039795,0.886550512417857,4.406978607177734,0.2958248257637024,0.5001559257507324,2
55,9,0.039706987728225,0.7898440957069397,1.3949220180511475,1.9071967463408197,2.9802322387695312e-08,0.0,False,0.9198271036148071,0.7989516708099229,3.522684097290039,0.3716139495372772,0.5001928806304932,7
55,10,0.012133799433192075,0.7685712575912476,1.3842856884002686,0.44412291901452206,5.960464477539063e-08,0.0,False,0.9928841590881348,0.8624082229222548,3.99155592918396,0.324512243270874,0.5113060474395752,7
55,11,-0.006988816422353793,0.8310239911079407,1.4155120849609375,1.295844840151923,8.940696716308594e-08,0.0,False,1.0483125448226929,0.9105527070529018,4.360274314880371,0.30020856857299805,0.5009625554084778,7
55,12,0.03294225004043979,0.8207986950874329,1.4103994369506836,1.3479780235460825,8.940696716308594e-08,0.0,False,0.9694545269012451,0.8420575029786768,3.9521753787994385,0.33200058341026306,0.5009033679962158,2
55,13,-0.0002544741635707934,0.7957881093025208,1.3978941440582275,0.18555954045483034,8.940696716308594e-08,0.0,False,0.9198881387710571,0.7990046852730458,3.5668253898620605,0.3673548996448517,0.5000841617584229,7
55,14,0.012923400790476772,0.8273837566375732,1.4136919975280762,0.3834042075489248,1.1920928955078125e-07,0.0,False,0.9705190062522888,0.8429820979951933,3.9646155834198,0.3314141631126404,0.5000163316726685,2
55,15,-0.050046719428826686,0.8034865260124207,1.4017431735992432,0.2197398027139051,8.940696716308594e-08,0.0,False,0.9330501556396484,0.8104370678665392,3.6920454502105713,0.3550512194633484,0.5000611543655396,2
55,16,-0.03746659624063035,0.7869201898574829,1.3934602737426758,0.7096155706260883,1.7881393432617188e-07,0.0,False,1.0119514465332031,0.8789698583667674,4.1916093826293945,0.3099325895309448,0.5004443526268005,2
55,17,-0.033650596875540346,0.7856635451316833,1.3928319215774536,0.3230290008442742,1.4901161193847656e-07,0.0,False,1.0096306800842285,0.8769540662416158,4.399264335632324,0.2945845127105713,0.5004501938819885,2
55,18,0.024468721871523425,0.7724107503890991,1.3862054347991943,0.8574665231364114,5.960464477539063e-08,0.0,False,1.0070979595184326,0.8747541731097597,4.147767066955566,0.31234872341156006,0.5001668930053711,7
55,19,-0.025148084987186306,0.8081111907958984,1.4040555953979492,1.2253248638340406,0.0,0.0,False,0.9795287847518921,0.8508078921662898,3.965409755706787,0.32994475960731506,0.5001685619354248,7
55,20,-0.0747301823412742,0.7714921236038208,1.3857460021972656,1.4952301979064941,5.960464477539063e-08,0.0,False,0.9945582151412964,0.8638622895348245,4.1324849128723145,0.3134726285934448,0.5007388591766357,1
55,21,0.008919244967309139,0.7164950370788574,1.3582476377487183,0.4383629869137492,1.1920928955078125e-07,0.0,False,1.0629799365997314,0.9232926416782637,4.98303747177124,0.2547051012516022,0.5017397403717041,7
55,22,0.037734302807496095,0.7662885189056396,1.3831443786621094,0.6999940648674965,1.1920928955078125e-07,0.0,False,1.0538687705993652,0.9153787834429367,4.78444242477417,0.2685040533542633,0.5074154138565063,2
55,23,0.007606161790410987,0.7899839282035828,1.3949919939041138,0.2652713672391006,2.9802322387695312e-08,0.0,False,0.9858814477920532,0.8563257451737553,4.012261390686035,0.32453542947769165,0.5033066272735596,7
55,24,-0.01755136820694036,0.792176365852356,1.3960883617401123,0.7065548194306237,1.7881393432617188e-07,0.0,False,1.0389106273651123,0.9023863053106276,4.745172023773193,0.2724933624267578,0.5005976557731628,2
56,1,-0.005377004145455715,0.7727399468421936,1.3863699436187744,1.3995692767202854,2.9802322387695312e-08,0.0,False,0.9761211276054382,0.8478480387764437,4.118993282318115,0.3146473169326782,0.500095009803772,2
56,2,-0.02881684241160566,0.8264713883399963,1.4132357835769653,0.45219783378498896,8.940696716308594e-08,0.0,False,0.9715012311935425,0.8438352477391416,3.9728589057922363,0.33062130212783813,0.5003299117088318,2
56,3,0.0564014872534723,0.8283566832542419,1.414178490638733,0.23294999716537335,1.4901161193847656e-07,0.0,False,0.9550129175186157,0.8295136804493205,3.834533214569092,0.3432005047798157,0.5009762644767761,2
56,4,-0.005486263468482407,0.7755559086799622,1.3877780437469482,2.0297870183629647,8.940696716308594e-08,0.0,False,1.0079171657562256,0.8754657266069881,4.113326072692871,0.31529533863067627,0.5001960396766663,7
56,5,-0.0038345389567817243,0.777751088142395,1.3888756036758423,1.4257077936615263,5.960464477539063e-08,0.0,False,1.0230095386505127,0.8885747951406182,4.25462532043457,0.3042965233325958,0.5091480016708374,1
56,6,0.01932282169580188,0.8007153868675232,1.400357723236084,0.5042359328695706,2.9802322387695312e-08,0.0,False,1.0051698684692383,0.8730794545032153,4.160669326782227,0.3132741153240204,0.5008436441421509,7
56,7,-0.05004663836342434,0.8103370070457458,1.4051685333251953,0.3718788091625486,2.9802322387695312e-08,0.0,False,0.9804080128669739,0.8515715800037182,4.210387229919434,0.30995622277259827,0.5043198466300964,7
56,8,0.057625468329810706,0.8080964088439941,1.404048204421997,0.9591476965163436,0.0,0.0,False,0.9705685973167419,0.8430251722464807,3.945622682571411,0.33151325583457947,0.5056887269020081,1
56,9,-0.043924201005380845,0.7938680052757263,1.3969340324401855,0.6142638474702834,2.9802322387695312e-08,0.0,False,1.0016037225723267,0.8699819395338341,4.157753944396973,0.3130224645137787,0.5012683272361755,2
56,10,-0.10054964480616203,0.8033879399299622,1.4016941785812378,0.5099906687225613,2.086162567138672e-07,0.0,False,0.9470377564430237,0.822586543554482,3.7482106685638428,0.3494812250137329,0.5012174844741821,1
56,11,0.07511148967825196,0.7555974125862122,1.3777986764907837,0.6433230915239878,2.9802322387695312e-08,0.0,False,1.0326979160308838,0.8969900128104011,4.509572505950928,0.2851916551589966,0.5000215768814087,1
56,12,0.07860865087679535,0.7642465829849243,1.3821232318878174,0.8367754785077912,5.960464477539063e-08,0.0,False,0.9931288957595825,0.862620798494113,3.988046646118164,0.3247510492801666,0.5012180805206299,7
56,13,0.03002460286012329,0.8003860712051392,1.4001929759979248,1.0030256765229362,5.960464477539063e-08,0.0,False,1.0183470249176025,0.8845249871686163,4.401590347290039,0.295363187789917,0.5001420974731445,7
56,14,-0.00239005478636504,0.819007158279419,1.4095035791397095,0.19029969934906274,0.0,0.0,False,0.9523640275001526,0.8272128838129462,3.8686559200286865,0.3393685817718506,0.500175952911377,7
56,15,0.004443161015595847,0.823608934879303,1.411804437637329,0.31953442735331405,2.9802322387695312e-08,0.0,False,0.9724905490875244,0.8446945583435507,4.009773254394531,0.3271971344947815,0.5017794370651245,7
56,16,-0.009579201027677025,0.8211166262626648,1.4105582237243652,0.25151531930480664,8.940696716308594e-08,0.0,False,0.9774760603904724,0.8490249184402239,4.027257919311523,0.32554855942726135,0.5013889074325562,7
56,17,0.04476147911046578,0.8167130351066589,1.4083564281463623,0.11295618382947764,8.940696716308594e-08,0.0,False,0.9899269342422485,0.8598396100576237,4.1836113929748535,0.3124985098838806,0.5029485821723938,7
56,18,-0.0019549447534448665,0.8007194399833679,1.4003596305847168,0.45807839184999466,8.940696716308594e-08,0.0,False,0.9917415380477905,0.8614157548967987,3.979813814163208,0.32800793647766113,0.5057246088981628,7
56,19,-0.10756174566284679,0.8356249332427979,1.417812466621399,0.8877066874078342,0.0,0.0,False,0.9731409549713135,0.8452594937162047,3.986464738845825,0.33005183935165405,0.5017847418785095,2
56,20,-0.1031369941336033,0.7861518263816833,1.393075942993164,0.33510924237115036,2.9802322387695312e-08,0.0,False,0.9572795629501343,0.8314824636559999,3.7848875522613525,0.3446071147918701,0.5013114809989929,1
56,21,0.09630361282604087,0.7646918296813965,1.3823459148406982,0.5240705375160489,0.0,0.0,False,1.0046590566635132,0.8726357690061805,4.113101959228516,0.31452450156211853,0.50091952085495,1
56,22,0.021337228500244526,0.7703939080238342,1.3851969242095947,1.1377288486276353,2.9802322387695312e-08,0.0,False,0.9991864562034607,0.8678823286432564,4.054018497467041,0.3196474313735962,0.5032901167869568,7
56,23,0.0166737403074909,0.8157837390899658,1.4078917503356934,0.8285977015537874,1.1920928955078125e-07,0.0,False,0.9335106611251831,0.810837057849047,3.7104132175445557,0.35420703887939453,0.5000064373016357,7
56,24,0.011936418102876954,0.8392029404640198,1.419601559638977,0.4214448210384164,8.940696716308594e-08,0.0,False,0.992958128452301,0.8624724718956294,4.107913970947266,0.3201465904712677,0.5000344514846802,2
57,1,-0.07542053943914778,0.7947067618370056,1.3973534107208252,1.3442914932966232,2.9802322387695312e-08,0.0,False,0.9638838768005371,0.8372188977799743,3.7648913860321045,0.3471927046775818,0.5010467767715454,7
57,2,-0.007457937884014013,0.8063929080963135,1.4031963348388672,1.5946751614766461,1.1920928955078125e-07,0.0,False,0.9177790880203247,0.7971727870668518,3.6443774700164795,0.3601168096065521,0.500050961971283,2
57,3,0.03005602990975342,0.7958364486694336,1.3979182243347168,0.08048473085675939,0.0,0.0,False,0.9141570925712585,0.7940267617928356,3.543992042541504,0.36981672048568726,0.5000038146972656,2
57,4,0.05587063042568817,0.7992174029350281,1.3996086120605469,0.6008943282067777,8.940696716308594e-08,0.0,False,0.9083789587020874,0.7890079384826769,3.409054756164551,0.38508936762809753,0.5077465772628784,7
57,5,-0.008022113712682204,0.7768877148628235,1.388443946838379,0.07225128582545681,8.940696716308594e-08,0.0,False,0.9134150743484497,0.7933822529535605,3.3872289657592773,0.3858025372028351,0.5013600587844849,7
57,6,0.023228973473491676,0.7723506093025208,1.3861753940582275,0.5665477178990841,8.940696716308594e-08,0.0,False,0.9304697513580322,0.8081957571853684,3.5977602005004883,0.362100750207901,0.5000174641609192,2
57,7,-0.015689232112139396,0.8088666200637817,1.404433250427246,0.25808530673384666,5.960464477539063e-08,0.0,False,0.9257146716117859,0.804065547395759,3.7527921199798584,0.3495013117790222,0.5000494122505188,2
57,8,0.022246118455715384,0.7950572967529297,1.3975287675857544,0.23916170240512924,1.1920928955078125e-07,0.0,False,0.9231536984443665,0.8018411143659339,3.5233635902404785,0.3719935417175293,0.5000721216201782,2
57,9,0.023465473655588088,0.8032912015914917,1.4016456604003906,1.3953977402831828,5.960464477539063e-08,0.0,False,1.0178245306015015,0.8840711543719992,4.168224811553955,0.312511682510376,0.5131698846817017,7
57,10,-0.02077321939755261,0.7591074705123901,1.3795537948608398,0.2095662845032555,5.960464477539063e-08,0.0,False,1.0095880031585693,0.876916997534979,4.048407077789307,0.31918972730636597,0.5072289109230042,7
57,11,0.041303070423471006,0.783017098903656,1.3915085792541504,1.464809799566865,2.9802322387695312e-08,0.0,False,0.9101194143295288,0.7905196790326675,3.5574123859405518,0.3672601878643036,0.5005258917808533,2
57,12,0.014837929215974365,0.805510938167572,1.4027554988861084,1.720450800976583,2.9802322387695312e-08,0.0,False,0.9531660079956055,0.8279094752204846,3.8158819675445557,0.34323227405548096,0.5000007152557373,7
57,13,0.005023805789452774,0.790951669216156,1.39547598361969,0.6681708746722768,1.4901161193847656e-07,0.0,False,1.017549991607666,0.8838326928318192,4.168282508850098,0.3119541108608246,0.5028510093688965,7
57,14,0.016113534854072346,0.7840949296951294,1.3920475244522095,2.130710563489369,5.960464477539063e-08,0.0,False,1.0538285970687866,0.9153438891576389,4.69520902633667,0.2745055854320526,0.5216626524925232,2
57,15,-0.0030930225425378115,0.7833271622657776,1.3916635513305664,0.579711750149727,2.9802322387695312e-08,0.0,False,1.0320978164672852,0.8964687729522743,4.450565814971924,0.2905667722225189,0.5123827457427979,2
57,16,-0.016462349967160388,0.7996300458908081,1.3998150825500488,0.5095170885324479,5.960464477539063e-08,0.0,False,1.0346684455871582,0.8987015930358356,4.301851272583008,0.3024563193321228,0.5011501312255859,2
57,17,0.055719163862088805,0.7886834144592285,1.3943417072296143,0.6197898962668011,0.0,0.0,False,1.0048867464065552,0.8728335378041586,4.063131809234619,0.3202225863933563,0.5027821063995361,2
57,18,0.011659372146758343,0.797180712223053,1.398590326309204,0.42774675573621457,2.9802322387695312e-08,0.0,False,0.9559529423713684,0.8303301756621253,3.736335277557373,0.35011428594589233,0.5022785663604736,7
57,19,0.03380623171471039,0.8017929792404175,1.4008965492248535,0.6090609122599874,5.960464477539063e-08,0.0,False,0.9970560073852539,0.8660318443118075,4.129803657531738,0.31581395864486694,0.500131368637085,2
57,20,-0.017357806257470552,0.7856801748275757,1.3928401470184326,0.4664441719651222,5.960464477539063e-08,0.0,False,0.9004371762275696,0.7821097938723589,3.3534271717071533,0.3906715512275696,0.5002031326293945,7
57,21,0.02459343016221803,0.8116487264633179,1.4058244228363037,0.3718947714992932,5.960464477539063e-08,0.0,False,0.9956079125404358,0.8647740451110534,3.9380950927734375,0.3325929343700409,0.5001079440116882,2
57,22,-0.03825137974805209,0.737569272518158,1.3687846660614014,1.0171677566000392,2.9802322387695312e-08,0.0,False,1.0694626569747925,0.9289234610514854,5.151273250579834,0.24715836346149445,0.5000001788139343,2
57,23,0.018281212939910224,0.8413037657737732,1.420651912689209,1.3290883744401591,2.9802322387695312e-08,0.0,False,0.8907777667045593,0.7737197373637847,3.4558956623077393,0.3835674226284027,0.5000087022781372,7
57,24,0.014823822171517561,0.816368043422699,1.4081840515136719,0.10136269139392032,2.9802322387695312e-08,0.0,False,0.8829866647720337,0.7669524722093014,3.3231725692749023,0.39720383286476135,0.5001392364501953,7
58,1,-0.0018636010337544995,0.8198795914649963,1.4099397659301758,1.2130794439996992,2.9802322387695312e-08,0.0,False,1.0161337852478027,0.8826025916171694,4.285024642944336,0.305035263299942,0.5005228519439697,7
58,2,0.01114218258759762,0.812321126461029,1.406160593032837,0.32816054778439646,2.9802322387695312e-08,0.0,False,1.0231984853744507,0.8887389121797782,4.18991756439209,0.3117934763431549,0.5001028180122375,7
58,3,0.0022562101690107427,0.8201838135719299,1.4100918769836426,0.5733762755990028,2.9802322387695312e-08,0.0,False,0.9813976883888245,0.8524312012397471,4.071136951446533,0.3217887282371521,0.5024029016494751,7
58,4,0.05831795913808275,0.8231651186943054,1.4115824699401855,0.39795886512313583,8.940696716308594e-08,0.0,False,1.0263350009918213,0.891463255029833,4.349254131317139,0.3005346953868866,0.5001721978187561,7
58,5,-0.000521166088246287,0.7688215970993042,1.3844108581542969,0.44656434548752655,5.960464477539063e-08,0.0,False,0.9858415722846985,0.8562911097481407,3.8984148502349854,0.3328459858894348,0.5019146800041199,7
58,6,0.004511716309075108,0.7910207509994507,1.3955104351043701,0.20333893277815404,5.960464477539063e-08,0.0,False,0.9833172559738159,0.8540985164593514,3.8972349166870117,0.33468031883239746,0.5002157688140869,7
58,7,-0.003916840906207985,0.7867566347122192,1.3933782577514648,0.05843771461929581,5.960464477539063e-08,0.0,False,0.9849483966827393,0.8555153072775377,3.9577763080596924,0.32904112339019775,0.5000643730163574,7
58,8,-0.0188513084404911,0.7993453145027161,1.3996727466583252,0.45101621161614136,8.940696716308594e-08,0.0,False,1.0069355964660645,0.8746131463543427,4.185103416442871,0.31119421124458313,0.5036062598228455,7
58,9,0.007893206089555602,0.7624935507774353,1.38124680519104,1.157556161816631,2.9802322387695312e-08,0.0,False,1.0383381843566895,0.9018890876311033,4.788573741912842,0.26801005005836487,0.5088123083114624,2
58,10,0.00079729152721903,0.7998587489128113,1.399929404258728,0.5111517288855143,2.9802322387695312e-08,0.0,False,1.0317351818084717,0.8961537924897351,4.4106292724609375,0.29469040036201477,0.5003539323806763,7
58,11,-0.005472090105124714,0.7750235199928284,1.3875117301940918,0.8193614429661207,2.9802322387695312e-08,0.0,False,0.9976820945739746,0.8665756567343109,4.052963733673096,0.32009345293045044,0.5023137331008911,7
58,12,0.027039784619344504,0.7155027985572815,1.3577513694763184,1.7192620113492012,2.9802322387695312e-08,0.0,False,1.0007891654968262,0.8692744242476639,4.202805519104004,0.3039286136627197,0.5078293085098267,2
58,13,0.020365014158980514,0.744457483291626,1.372228741645813,0.24720043316483495,0.0,0.0,False,0.9525251388549805,0.8273528233576936,3.7956137657165527,0.3401864767074585,0.5053583383560181,2
58,14,0.005915919300727121,0.8128534555435181,1.4064266681671143,0.6709451079368591,5.960464477539063e-08,0.0,False,0.9636815190315247,0.8370431320550695,3.925257444381714,0.33378300070762634,0.5012636184692383,7
58,15,0.013847801905724905,0.8049412965774536,1.4024707078933716,0.6135486409600293,5.960464477539063e-08,0.0,False,0.8975704908370972,0.7796198225794891,3.515327215194702,0.37371933460235596,0.5003902912139893,7
58,16,-0.03321622990888644,0.7981681227684021,1.3990840911865234,1.4120152023221766,2.9802322387695312e-08,0.0,False,0.9956400394439697,0.8648019501849041,4.004266262054443,0.3258475065231323,0.5016801357269287,7
58,17,0.02657018999057193,0.8040676712989807,1.402033805847168,0.9526984659688813,2.9802322387695312e-08,0.0,False,0.9982883334159851,0.867102229101912,3.981414318084717,0.3280765116214752,0.5070186853408813,7
58,18,0.04216325675092189,0.809187650680542,1.404593825340271,0.4677061853664261,0.0,0.0,False,0.9677718281745911,0.8405959294352938,3.780731678009033,0.3468274772167206,0.5004516243934631,7
58,19,-0.010301514399363252,0.8170456290245056,1.4085228443145752,0.5517076919121402,2.9802322387695312e-08,0.0,False,0.8926312923431396,0.7753296892775879,3.35542631149292,0.39331263303756714,0.5000208616256714,7
58,20,0.005812660180469076,0.8109009861946106,1.4054505825042725,0.25308955753488205,8.940696716308594e-08,0.0,False,0.9421706795692444,0.8183590542959195,3.8420393466949463,0.3412095308303833,0.5000213384628296,2
58,21,-0.034840807173051595,0.8161427974700928,1.408071517944336,0.1627440636179277,1.1920928955078125e-07,0.0,False,0.9399898648262024,0.8164648226780067,3.871596336364746,0.3388844430446625,0.5002080202102661,7
58,22,-0.007084630192779499,0.7976936101913452,1.3988468647003174,0.6723799790654865,5.960464477539063e-08,0.0,False,0.9601462483406067,0.8339724349488695,4.119137763977051,0.3163856863975525,0.5000407695770264,1
58,23,-0.0025900822330474416,0.7911756634712219,1.3955879211425781,0.0700756167726857,8.940696716308594e-08,0.0,False,0.9601176381111145,0.8339475844192807,4.1192498207092285,0.31590452790260315,0.5007081031799316,1
58,24,0.012743159949348415,0.7848620414733887,1.3924311399459839,0.555212558380195,1.1920928955078125e-07,0.0,False,0.9608561992645264,0.8345890904862304,4.021668434143066,0.32341310381889343,0.5018740892410278,2
59,1,0.009357909761203384,0.7995856404304504,1.3997927904129028,1.420037948659488,2.9802322387695312e-08,0.0,False,0.9579232931137085,0.8320416005717498,3.855664014816284,0.3390779495239258,0.5006334185600281,2
59,2,0.047686673649786106,0.8025657534599304,1.401282787322998,0.27219522265451285,8.940696716308594e-08,0.0,False,0.9647033214569092,0.8379306583649492,3.905628204345703,0.33479586243629456,0.5002447962760925,2
59,3,-0.004663581909453578,0.8095678687095642,1.404784083366394,1.3950612603553705,1.4901161193847656e-07,0.0,False,1.0297167301177979,0.8944005876272393,4.305054187774658,0.3023284673690796,0.5201184153556824,7
59,4,0.0004645532967229851,0.8045662641525269,1.4022831916809082,1.3230170692716325,5.960464477539063e-08,0.0,False,0.9680472612380981,0.8408351675545235,3.9106321334838867,0.3344889283180237,0.5005913376808167,2
59,5,0.03182716548318669,0.7943911552429199,1.39719557762146,0.7084868678024837,0.0,0.0,False,0.8921380043029785,0.7749012247299263,3.3135313987731934,0.39631789922714233,0.5015512704849243,2
59,6,-0.0023845207610097632,0.7848331928253174,1.3924164772033691,0.5737227930554323,1.1920928955078125e-07,0.0,False,0.9649282097816467,0.8381259938819052,3.8627755641937256,0.3373194932937622,0.5000227689743042,2
59,7,-0.11227182538909093,0.7896977066993713,1.3948489427566528,0.3169749921986036,8.940696716308594e-08,0.0,False,0.9206219911575317,0.7996421013570008,3.457760810852051,0.3787899613380432,0.5018084049224854,2
59,8,0.015312746074908632,0.793247640132904,1.3966238498687744,0.35105662260736736,2.9802322387695312e-08,0.0,False,1.0066635608673096,0.8743768592355017,4.103808879852295,0.3172915577888489,0.500640869140625,2
59,9,0.011838500375760595,0.7585673332214355,1.3792837858200073,0.3912980758718082,1.1920928955078125e-07,0.0,False,0.9026797413825989,0.7840576612166343,3.331883430480957,0.39072105288505554,0.5007345080375671,2
59,10,-0.0025518851627908973,0.7807797193527222,1.3903899192810059,0.3037228435277939,5.960464477539063e-08,0.0,False,0.8930448293685913,0.7756888829740206,3.3132786750793457,0.3951126039028168,0.5000064373016357,2
59,11,-0.0014862322972676264,0.7871199250221252,1.3935599327087402,0.1331537376557077,2.9802322387695312e-08,0.0,False,0.9311690330505371,0.80880314554607,3.5830581188201904,0.36489593982696533,0.5000661015510559,2
59,12,0.048865126052366606,0.7786003351211548,1.3893001079559326,0.19542400964668794,5.960464477539063e-08,0.0,False,0.8771567344665527,0.7618886590861996,3.2091000080108643,0.4081575274467468,0.5000212788581848,2
59,13,0.02375459160041496,0.7695965766906738,1.384798288345337,2.1480054408311844,0.0,0.0,False,1.0641770362854004,0.9243324292538121,5.082601547241211,0.25097644329071045,0.5526555180549622,4
59,14,0.03716807225076777,0.7762777805328369,1.388138771057129,0.5845118399177278,1.1920928955078125e-07,0.0,False,1.088697075843811,0.9456302650063464,5.228901386260986,0.24518218636512756,0.5027214288711548,4
59,15,0.013685478877898139,0.7831696271896362,1.391584873199463,0.7788935048239571,5.960464477539063e-08,0.0,False,1.0881006717681885,0.9451122350082914,5.344123363494873,0.23899656534194946,0.5377992391586304,7
59,16,0.02552162817714467,0.7912134528160095,1.3956067562103271,0.4347954733031137,2.9802322387695312e-08,0.0,False,1.0291008949279785,0.8938656799778385,4.576831817626953,0.2820413112640381,0.534332275390625,7
59,17,-0.04232615413786172,0.7790952920913696,1.38954758644104,0.32505407290799276,5.960464477539063e-08,0.0,False,1.0212628841400146,0.8870576703092168,4.376611232757568,0.2943492829799652,0.5533919930458069,7
59,18,0.028386323113056652,0.7690185308456421,1.3845093250274658,1.2167480662465096,5.960464477539063e-08,0.0,False,0.9415687918663025,0.8178362612796932,3.6043758392333984,0.3611108660697937,0.500724196434021,2
59,19,0.02018200645034137,0.7472702860832214,1.3736350536346436,0.7853084025638446,8.940696716308594e-08,0.0,False,0.9161191582679749,0.7957309904032667,3.4971275329589844,0.3706478178501129,0.5008107423782349,2
59,20,-0.021651674185598574,0.775722324848175,1.3878612518310547,0.3392628197159084,8.940696716308594e-08,0.0,False,0.926620364189148,0.8048522219730572,3.5033512115478516,0.37248146533966064,0.5010334849357605,2
59,21,-0.07960468453044336,0.7745779752731323,1.3872891664505005,0.5940005470599445,1.7881393432617188e-07,0.0,False,0.9599869847297668,0.8338341003341582,3.8352479934692383,0.3390154540538788,0.5009962320327759,2
59,22,0.016344289796908162,0.7214640974998474,1.360732078552246,0.5928185151091645,2.9802322387695312e-08,0.0,False,1.0225787162780762,0.8882005875825589,4.254294395446777,0.30009493231773376,0.5261725187301636,2
59,23,0.024312367685480556,0.7316727042198181,1.365836262702942,0.8524607058082309,8.940696716308594e-08,0.0,False,1.0272071361541748,0.8922207820068009,4.270699501037598,0.30009064078330994,0.5051018595695496,2
59,24,-0.020942774645502045,0.7686871886253357,1.3843436241149902,1.346895924636296,2.9802322387695312e-08,0.0,False,1.0445163249969482,0.9072553524080765,4.582643032073975,0.28110262751579285,0.5054009556770325,7
60,1,0.011020098932074389,0.814659595489502,1.407329797744751,1.2670367392046111,0.0,0.0,False,1.0072083473205566,0.8748500547364234,4.069769859313965,0.32155781984329224,0.5009686350822449,2
60,2,-0.02137792003445151,0.812309980392456,1.406154990196228,0.36447181020464214,0.0,0.0,False,0.947964608669281,0.8233915971692886,3.724971055984497,0.3524854779243469,0.5002225637435913,2
60,3,0.03323445435108395,0.81401526927948,1.4070075750350952,0.4737388789653778,5.960464477539063e-08,0.0,False,1.0086801052093506,0.876128407396025,4.032105445861816,0.32466956973075867,0.5002783536911011,2
60,4,-0.007049112036417973,0.8101121187210083,1.4050559997558594,0.5046478052224431,5.960464477539063e-08,0.0,False,0.9391098022460938,0.8157004100334652,3.692133665084839,0.3555767834186554,0.5000148415565491,2
60,5,0.030212133727260053,0.7806099057197571,1.3903050422668457,0.7284398297114032,8.940696716308594e-08,0.0,False,1.0155744552612305,0.8821167637637066,4.186992168426514,0.30986514687538147,0.5001348257064819,2
60,6,0.005571743758161126,0.8038449883460999,1.4019224643707275,0.523663035460881,2.9802322387695312e-08,0.0,False,0.9631971120834351,0.8366223815259677,3.79567551612854,0.34499526023864746,0.5003501176834106,2
60,7,-0.012123457310519298,0.802922785282135,1.4014613628387451,0.495162238499948,2.9802322387695312e-08,0.0,False,0.9638643860816956,0.8372019683566918,3.8542087078094482,0.3394782543182373,0.5001639723777771,2
60,8,0.043708203002971235,0.8188233971595764,1.4094116687774658,0.5272452006382601,2.9802322387695312e-08,0.0,False,1.038282036781311,0.9018403184667851,4.261721134185791,0.30672186613082886,0.5002360343933105,2
60,9,0.016707170036906763,0.8058043718338013,1.4029021263122559,1.1508716270327566,5.960464477539063e-08,0.0,False,0.9416121244430542,0.8178738994776331,3.6197962760925293,0.3626059591770172,0.5001672506332397,7
60,10,0.01849317191854178,0.7984792590141296,1.3992395401000977,0.3243071415594646,8.940696716308594e-08,0.0,False,0.9373279809951782,0.8141527397594441,3.6005616188049316,0.36400219798088074,0.5003308057785034,7
60,11,-0.020061096952126798,0.80110764503479,1.400553822517395,0.4626709733690535,0.0,0.0,False,0.9162192940711975,0.7958179672568277,3.457285165786743,0.37988972663879395,0.5004594922065735,2
60,12,-0.017881693201330894,0.8063651919364929,1.4031825065612793,0.6268976341400826,8.940696716308594e-08,0.0,False,1.0248758792877197,0.8901958780207999,4.175528049468994,0.3125166893005371,0.5000075697898865,2
60,13,0.03401823356177612,0.8004231452941895,1.4002116918563843,0.38771060322012224,1.1920928955078125e-07,0.0,False,1.0267393589019775,0.8918144758480226,4.1808648109436035,0.31168806552886963,0.5003294944763184,2
60,14,0.00790962037785021,0.8202903866767883,1.4101452827453613,0.426136355314936,8.940696716308594e-08,0.0,False,0.9588097333908081,0.8328115528135122,3.8683688640594482,0.3394858241081238,0.5003494620323181,2
60,15,-0.0024427608359027216,0.8246352672576904,1.4123177528381348,0.3153631325278963,1.1920928955078125e-07,0.0,False,0.8953303694725037,0.7776740778846161,3.3741512298583984,0.3917311728000641,0.5001129508018494,2
60,16,-0.011603475466484083,0.8055687546730042,1.4027843475341797,1.7150029774223055,2.9802322387695312e-08,0.0,False,0.9297579526901245,0.8075774967179716,3.6253764629364014,0.3620114028453827,0.5000011920928955,7
60,17,0.027772643039001135,0.7989342212677002,1.3994669914245605,0.26588424188750137,1.1920928955078125e-07,0.0,False,0.9753521680831909,0.8471801290218056,3.9412474632263184,0.33135849237442017,0.5008743405342102,7
60,18,-0.014232159299320996,0.7934437394142151,1.3967219591140747,0.6013639643788338,8.940696716308594e-08,0.0,False,1.0268661975860596,0.8919246465292,4.123080253601074,0.3157755732536316,0.5000048875808716,7
60,19,-0.012659732105467633,0.7943879961967468,1.3971940279006958,1.1169758673225132,2.9802322387695312e-08,0.0,False,1.0332266092300415,0.8974492298884291,4.2001142501831055,0.3096926510334015,0.5037961602210999,7
60,20,0.03977401884565943,0.7794132232666016,1.3897066116333008,1.7059225525174821,0.0,0.0,False,0.9750707149505615,0.846935661936975,3.823941946029663,0.3404400646686554,0.5007669925689697,2
60,21,0.00277488117166843,0.7947683930397034,1.3973841667175293,0.27898613789251875,2.9802322387695312e-08,0.0,False,0.9599043130874634,0.8337622926580336,3.7919209003448486,0.34464240074157715,0.5003949403762817,2
60,22,0.030716579824836783,0.8235111832618713,1.4117556810379028,0.5252816884645395,8.940696716308594e-08,0.0,False,1.0097644329071045,0.8770702424674438,4.075425148010254,0.32172495126724243,0.5003697872161865,2
60,23,-0.050379457484325506,0.8144313097000122,1.4072157144546509,0.5496815634625298,5.960464477539063e-08,0.0,False,0.9565300941467285,0.8308314833246444,3.746642827987671,0.35053449869155884,0.5000969171524048,2
60,24,-0.03011506135914366,0.8053645491600037,1.4026823043823242,0.6323208489588329,2.9802322387695312e-08,0.0,False,1.039093255996704,0.9025449345245034,4.30143404006958,0.30289119482040405,0.5000448226928711,2
61,1,0.002169458900033999,0.7835793495178223,1.3917896747589111,1.4348672729517733,0.0,0.0,False,0.9300775527954102,0.8078550978422541,3.6683297157287598,0.35578685998916626,0.5008740425109863,7
61,2,-0.019452664366730144,0.7772530317306519,1.3886265754699707,1.6415830329060555,5.960464477539063e-08,0.0,False,1.0260354280471802,0.8912030492762627,4.3972554206848145,0.29411154985427856,0.5033103823661804,7
61,3,-0.03225374108196094,0.7631415128707886,1.3815706968307495,0.7341113037296704,5.960464477539063e-08,0.0,False,1.049930453300476,0.9119580045011533,4.423986911773682,0.29143470525741577,0.5001857280731201,7
61,4,0.08363795717925061,0.7648143172264099,1.3824071884155273,1.0379664472171237,2.9802322387695312e-08,0.0,False,1.0247302055358887,0.8900693474076431,4.457851409912109,0.289225697517395,0.5003319382667542,7
61,5,0.04640978748540919,0.7850898504257202,1.3925449848175049,0.1550768219998905,5.960464477539063e-08,0.0,False,0.9959977865219116,0.8651126853486385,4.193920135498047,0.3095303773880005,0.5041220188140869,7
61,6,0.03745577153680091,0.7719430923461914,1.3859715461730957,0.4456175869064671,0.0,0.0,False,1.0078866481781006,0.8754392193754266,4.123737335205078,0.3142082095146179,0.5003184676170349,7
61,7,0.008621709383308387,0.7851706147193909,1.392585277557373,1.1155394720179694,2.9802322387695312e-08,0.0,False,1.0252118110656738,0.8904876646557227,4.154537677764893,0.31241971254348755,0.510770320892334,7
61,8,0.02885628771765694,0.7966512441635132,1.3983256816864014,1.056469998189381,5.960464477539063e-08,0.0,False,1.0172606706619263,0.8835813918513516,4.096133708953857,0.3181675672531128,0.5000248551368713,7
61,9,0.04229816348015547,0.7523866891860962,1.3761932849884033,1.4070954407964433,5.960464477539063e-08,0.0,False,0.996228039264679,0.8653126803398924,4.076350212097168,0.31641024351119995,0.5079764127731323,7
61,10,-0.02454136813148785,0.8202040195465088,1.4101018905639648,1.5380838987018381,1.1920928955078125e-07,0.0,False,0.988734781742096,0.8588041195528168,4.021212577819824,0.32603538036346436,0.500002384185791,7
61,11,0.014382831880947756,0.7892212271690369,1.3946106433868408,1.3156291065471513,2.9802322387695312e-08,0.0,False,0.97999507188797,0.851212904026652,3.9177463054656982,0.3326137661933899,0.5041989088058472,7
61,12,-0.02099166505274955,0.7886033654212952,1.3943016529083252,0.5250112478222166,2.9802322387695312e-08,0.0,False,1.0312550067901611,0.895736717768135,4.204461574554443,0.30900663137435913,0.5023427605628967,7
61,13,-0.003954503412587688,0.7882857322692871,1.3941428661346436,0.5392574407160282,0.0,0.0,False,0.9864298105239868,0.8568020469908755,4.242085933685303,0.30606016516685486,0.5046936273574829,7
61,14,-0.016834420377462037,0.792400062084198,1.3961999416351318,0.2379911249237401,8.940696716308594e-08,0.0,False,0.9705896973609924,0.8430434995120525,4.162558078765869,0.31237104535102844,0.5076146125793457,7
61,15,-0.03214212684073044,0.7974703311920166,1.3987350463867188,0.2833822263138634,1.1920928955078125e-07,0.0,False,1.0031684637069702,0.8713410564145995,4.2126359939575195,0.3090144395828247,0.5010298490524292,7
61,16,0.01874199687573197,0.7826719880104065,1.3913359642028809,0.3201890119484492,2.9802322387695312e-08,0.0,False,1.026959776878357,0.8920059284697304,4.344188213348389,0.2983078956604004,0.5000002980232239,7
61,17,0.0056041139644823455,0.8097659349441528,1.4048829078674316,0.22729934539113716,5.960464477539063e-08,0.0,False,1.022754430770874,0.888353211251784,4.341183662414551,0.3002172112464905,0.5019441843032837,7
61,18,-0.003951250520761847,0.8211603760719299,1.4105801582336426,0.13996164287839608,2.9802322387695312e-08,0.0,False,1.0341236591339111,0.8982283975349139,4.592940807342529,0.28363698720932007,0.5023210048675537,7
61,19,-0.003150306164705153,0.8144630193710327,1.4072315692901611,0.3471046473298754,5.960464477539063e-08,0.0,False,0.9956591725349426,0.8648185689765667,4.1439337730407715,0.315560519695282,0.5,7
61,20,0.008513848917472465,0.8254411816596985,1.4127206802368164,0.1509687123554094,8.940696716308594e-08,0.0,False,0.9824203848838806,0.8533195041286764,4.030328273773193,0.3256310224533081,0.5001298189163208,7
61,21,-0.0008959688575189062,0.8018150329589844,1.4009075164794922,0.15373957689319329,0.0,0.0,False,0.9802569150924683,0.851440338144327,3.9859049320220947,0.3277209401130676,0.5001112818717957,7
61,22,-0.036550453531810564,0.8209183812141418,1.410459280014038,0.3647453327264104,8.940696716308594e-08,0.0,False,0.9903485774993896,0.8602058447374398,4.127995014190674,0.31725841760635376,0.5006024241447449,7
61,23,-0.01463389440886138,0.7562716007232666,1.3781358003616333,1.8084011301398277,0.0,0.0,False,1.0490164756774902,0.9111641336246616,4.675323009490967,0.2743374705314636,0.5133183598518372,2
61,24,0.07016450561174935,0.7779695987701416,1.3889846801757812,0.2591485636574881,1.1920928955078125e-07,0.0,False,1.0281188488006592,0.8930126855497,4.550780296325684,0.2836776077747345,0.5073038339614868,2
62,1,0.05789188666824431,0.8208842277526855,1.4104421138763428,1.3406405448913574,0.0,0.0,False,0.9913279414176941,0.8610565094284294,4.046180248260498,0.32397016882896423,0.5004094839096069,2
62,2,-0.029706065665861387,0.7883220314979553,1.3941611051559448,1.9820217490196228,8.940696716308594e-08,0.0,False,0.9752121567726135,0.8470585167426301,3.8256335258483887,0.3408721089363098,0.5045881271362305,7
62,3,0.020399222060477055,0.8072280287742615,1.4036140441894531,1.8399389748062407,2.9802322387695312e-08,0.0,False,0.959665060043335,0.8335544801043465,3.781620979309082,0.34657540917396545,0.5009786486625671,2
62,4,-0.012472941400567856,0.7926729917526245,1.396336555480957,0.3167389780282975,5.960464477539063e-08,0.0,False,0.8952341079711914,0.7775904662069368,3.3350841999053955,0.3935092091560364,0.5015184879302979,2
62,5,0.019628259301558693,0.8228243589401245,1.411412239074707,0.7892258507864817,5.960464477539063e-08,0.0,False,1.0045936107635498,0.8725789234197459,4.036397457122803,0.32492008805274963,0.5006526708602905,2
62,6,-0.00822187828376471,0.8165689706802368,1.4082844257354736,0.5706003861767905,5.960464477539063e-08,0.0,False,0.9673634767532349,0.8402412398973491,3.757758617401123,0.34962010383605957,0.5001699924468994,2
62,7,0.02366136054064827,0.8203210234642029,1.4101605415344238,0.5149223123277937,2.9802322387695312e-08,0.0,False,1.0478270053863525,0.9101309728570037,4.344386100769043,0.3007122874259949,0.5000098943710327,2
62,8,0.010635465781276771,0.8021851181983948,1.4010926485061646,0.15917711172785065,8.940696716308594e-08,0.0,False,1.0420396327972412,0.9051041248966654,4.296453952789307,0.30305251479148865,0.5000016689300537,2
62,9,0.02038007607593581,0.8057786226272583,1.4028892517089844,0.3731820051159178,5.960464477539063e-08,0.0,False,1.0101335048675537,0.8773908142991403,4.13421106338501,0.3157362937927246,0.5001531839370728,2
62,10,0.013999445847547268,0.7898871898651123,1.3949437141418457,0.5005384662321636,1.1920928955078125e-07,0.0,False,0.9784904718399048,0.8499060250299598,4.001970291137695,0.3254757523536682,0.5004518032073975,2
62,11,0.009858170149956191,0.8058323264122009,1.4029161930084229,0.7158553249069624,2.9802322387695312e-08,0.0,False,0.9605457186698914,0.8343194104682544,3.8023812770843506,0.34452322125434875,0.5000910758972168,2
62,12,0.009642880432896789,0.8019643425941467,1.40098237991333,0.5020590924790926,2.086162567138672e-07,0.0,False,1.018104910850525,0.8843146895619703,4.2453484535217285,0.3068535327911377,0.500018298625946,2
62,13,-0.012087143518304318,0.7955657839775085,1.397782802581787,0.48312435086284355,8.940696716308594e-08,0.0,False,0.9756766557693481,0.847461975444893,3.9365644454956055,0.3315437436103821,0.5000032186508179,2
62,14,0.04245848482339879,0.7972725033760071,1.3986363410949707,0.26740655409438274,8.940696716308594e-08,0.0,False,0.9996722936630249,0.8683043216988378,4.189475059509277,0.3108132481575012,0.5000408887863159,2
62,15,0.015903198798165506,0.7660298347473145,1.3830149173736572,0.5446354480726378,0.0,0.0,False,0.9338312149047852,0.8111154873243158,3.533569097518921,0.36836469173431396,0.5000388622283936,7
62,16,0.0027504862618564904,0.7975447773933411,1.3987722396850586,0.5653641122792448,1.4901161193847656e-07,0.0,False,1.0217602252960205,0.8874896553485703,4.304492473602295,0.30215761065483093,0.5000138282775879,2
62,17,0.02559779533598947,0.790839433670044,1.395419716835022,0.36217133115444866,0.0,0.0,False,0.9721452593803406,0.8443946435145748,4.096446514129639,0.31773433089256287,0.5000143051147461,2
62,18,0.006811712052628484,0.7870922684669495,1.3935461044311523,0.30362898856401443,2.9802322387695312e-08,0.0,False,0.9780530333518982,0.8495260707869331,4.057727336883545,0.32062652707099915,0.5000942945480347,2
62,19,-0.015662467974966055,0.7877112627029419,1.3938555717468262,0.13105368720633642,5.960464477539063e-08,0.0,False,0.9739539623260498,0.8459656629320221,4.13728141784668,0.31423354148864746,0.5004943013191223,2
62,20,-0.007575537011297554,0.7968949675559998,1.3984475135803223,0.6255200813923563,2.9802322387695312e-08,0.0,False,0.9429882168769836,0.8190691581789219,3.6391892433166504,0.3598691523075104,0.500030517578125,2
62,21,-0.08839516283005519,0.7960956692695618,1.3980478048324585,0.49292879019464764,2.9802322387695312e-08,0.0,False,0.9938141703605652,0.8632160204497035,4.322044849395752,0.30078014731407166,0.5000203847885132,2
62,22,-0.03078815481972954,0.7602218389511108,1.3801110982894897,0.8460216756377901,1.7881393432617188e-07,0.0,False,0.9953045845031738,0.8645105777254745,4.0653252601623535,0.3180352747440338,0.501457691192627,1
62,23,-0.020016646268832986,0.8141931295394897,1.4070966243743896,0.8783561534115247,5.960464477539063e-08,0.0,False,1.0026819705963135,0.8709184938677151,4.397364616394043,0.2965250611305237,0.5002602338790894,1
62,24,0.03094492807422988,0.7864997386932373,1.3932499885559082,1.3549547461526736,1.1920928955078125e-07,0.0,False,1.0279273986816406,0.8928463940892011,4.265125274658203,0.30418097972869873,0.5059361457824707,1
63,1,-0.0782579544282681,0.7912728786468506,1.3956365585327148,1.4747796122516905,1.1920928955078125e-07,0.0,False,0.9242040514945984,0.8027534394334659,3.4697470664978027,0.3776002526283264,0.5008182525634766,7
63,2,0.011408503777853976,0.7770647406578064,1.3885324001312256,0.2301203448857581,2.9802322387695312e-08,0.0,False,0.9595740437507629,0.8334754243570919,3.7881739139556885,0.34356826543807983,0.5017724633216858,7
63,3,0.01723030118646815,0.8028334975242615,1.4014167785644531,0.2919543428080421,2.9802322387695312e-08,0.0,False,0.9227601289749146,0.8014992642682768,3.5318305492401123,0.3717322051525116,0.5002074241638184,2
63,4,-0.012083473104623411,0.7581992149353027,1.3790996074676514,0.4937787002750804,0.0,0.0,False,0.9592674970626831,0.8332091612869343,3.8959529399871826,0.3322577178478241,0.5016288757324219,2
63,5,-0.0023478226771648024,0.7627459168434143,1.3813729286193848,0.1558876686862538,2.9802322387695312e-08,0.0,False,0.9887900948524475,0.858852163910022,4.078105926513672,0.3171478509902954,0.5027235746383667,2
63,6,0.041607789701740186,0.7594297528266907,1.379714846611023,0.11603687756827902,2.9802322387695312e-08,0.0,False,0.9746041297912598,0.8465303912169296,3.993333578109741,0.3239375054836273,0.50157630443573,2
63,7,-0.07883024851577429,0.7654293775558472,1.382714867591858,0.31581090603555956,1.7881393432617188e-07,0.0,False,0.9603959918022156,0.8341893593634059,3.9908437728881836,0.32454201579093933,0.5035467147827148,2
63,8,-0.030236420465226822,0.7021724581718445,1.351086139678955,0.8742284881217138,8.940696716308594e-08,0.0,False,1.074453592300415,0.9332585323943932,4.9947686195373535,0.2529321312904358,0.5173328518867493,2
63,9,-0.07190789681398203,0.6998773217201233,1.3499386310577393,0.12879837623664306,2.9802322387695312e-08,0.0,False,1.0687904357910156,0.9283395771500198,4.894710540771484,0.25816813111305237,0.5191064476966858,2
63,10,-0.02686763344739972,0.6944437623023987,1.347221851348877,0.6283812714474541,2.9802322387695312e-08,0.0,False,1.092658281326294,0.949070924371801,5.346904754638672,0.23548994958400726,0.5008158087730408,2
63,11,0.006418836634493955,0.748619794845581,1.37431001663208,0.7703076047556741,1.1920928955078125e-07,0.0,False,1.0358656644821167,0.8997414841552572,4.380855560302734,0.2933732867240906,0.504479706287384,7
63,12,0.009003334265926425,0.7657095193862915,1.382854700088501,0.544947379401752,5.960464477539063e-08,0.0,False,1.0577694177627563,0.9187668425207614,4.448369979858398,0.28991252183914185,0.500878095626831,7
63,13,0.044406827104372076,0.7644105553627014,1.3822053670883179,0.30175161148820606,8.940696716308594e-08,0.0,False,1.0100724697113037,0.8773377998360175,4.079000473022461,0.3172369599342346,0.5011014342308044,7
63,14,0.008833226930160542,0.8032751679420471,1.4016376733779907,1.245048665574619,8.940696716308594e-08,0.0,False,1.0377943515777588,0.9014167204811679,4.250477313995361,0.3062404990196228,0.5112000703811646,7
63,15,0.002992626944817516,0.7824872732162476,1.3912436962127686,1.3952940723725729,5.960464477539063e-08,0.0,False,0.9688792824745178,0.8415578520181303,3.990354537963867,0.32578808069229126,0.5054246783256531,7
63,16,0.0008789968269847133,0.7669786214828491,1.3834893703460693,0.6933421322277615,5.960464477539063e-08,0.0,False,1.0657668113708496,0.9257132903479678,4.595257759094238,0.28025880455970764,0.5028172731399536,7
63,17,-0.021614563597289256,0.7567897439002991,1.3783948421478271,0.4916847135339466,2.9802322387695312e-08,0.0,False,1.0658615827560425,0.925795607727231,5.075640678405762,0.251211553812027,0.5327602624893188,7
63,18,-0.021033296098818474,0.7629064321517944,1.381453275680542,1.1814365897859844,5.960464477539063e-08,0.0,False,1.0317788124084473,0.8961916895473582,4.311973571777344,0.29919835925102234,0.5050554275512695,2
63,19,0.044812976328887213,0.7578108906745911,1.3789055347442627,0.42215947593961434,8.940696716308594e-08,0.0,False,1.0526224374771118,0.9142962322477208,4.532206058502197,0.28357526659965515,0.510549783706665,2
63,20,-0.03988865696264257,0.7851280570030212,1.392564058303833,0.9820714704692364,2.9802322387695312e-08,0.0,False,0.9689375758171082,0.8416084849721677,3.9417145252227783,0.33031508326530457,0.5000866651535034,2
63,21,-0.02053321532959683,0.7477309703826904,1.3738656044006348,0.3276676961353847,1.1920928955078125e-07,0.0,False,0.9921199083328247,0.8617444031506117,4.041809558868408,0.3190666735172272,0.5005555152893066,2
63,22,0.05258149388542441,0.7826944589614868,1.3913471698760986,0.7182949659015452,5.960464477539063e-08,0.0,False,0.9513901472091675,0.8263669821401278,3.769608974456787,0.3458108901977539,0.5003390312194824,7
63,23,0.007787469880814308,0.7997605800628662,1.3998801708221436,0.5727178896112102,1.1920928955078125e-07,0.0,False,0.9411086440086365,0.8174365819288053,3.6502068042755127,0.3589613437652588,0.5005779266357422,7
63,24,-0.016557535911686374,0.7965074181556702,1.3982536792755127,0.7352699190378189,2.9802322387695312e-08,0.0,False,1.033475637435913,0.8976655330397257,4.444129467010498,0.2921547591686249,0.5003806352615356,7
64,1,0.06473945008511113,0.788205087184906,1.394102692604065,1.5086351707577705,1.4901161193847656e-07,0.0,False,0.8954856991767883,0.7778089955515091,3.3898372650146484,0.3865663707256317,0.5000028014183044,7
64,2,-0.024360293288065285,0.7850525379180908,1.392526388168335,0.39374875809465126,1.1920928955078125e-07,0.0,False,0.8616659045219421,0.7484334951561075,3.151841878890991,0.4164624512195587,0.5000191330909729,7
64,3,0.05073209223420567,0.7952631115913391,1.3976316452026367,0.40080750840050816,8.940696716308594e-08,0.0,False,0.9110428690910339,0.7913217816470854,3.4305167198181152,0.38245147466659546,0.5000871419906616,7
64,4,-0.022866401226129648,0.7953012585639954,1.3976507186889648,0.3824033114526953,8.940696716308594e-08,0.0,False,0.883030116558075,0.7669902139511146,3.2531583309173584,0.40401485562324524,0.5015769004821777,7
64,5,0.027766762543481812,0.7745093703269958,1.3872547149658203,0.9456095471978188,2.9802322387695312e-08,0.0,False,1.0046203136444092,0.8726021172473621,3.9293885231018066,0.33059751987457275,0.5000354051589966,7
64,6,-0.011499183336375758,0.7888666987419128,1.3944332599639893,0.4823726692370005,8.940696716308594e-08,0.0,False,1.0171992778778076,0.8835280667566088,4.025172710418701,0.32344678044319153,0.5004780888557434,7
64,7,-0.01896521084517161,0.7777354717254639,1.3888678550720215,0.7713621162942477,1.1920928955078125e-07,0.0,False,0.972633957862854,0.844819121623115,3.953739643096924,0.32862183451652527,0.5037801265716553,7
64,8,-0.048409597149581686,0.7663145065307617,1.3831573724746704,0.2703854824815477,1.1920928955078125e-07,0.0,False,0.97731614112854,0.8488860143342094,3.835371732711792,0.33832964301109314,0.5021499991416931,2
64,9,-0.010688028210293425,0.7652228474617004,1.3826113939285278,0.7491072458880288,2.9802322387695312e-08,0.0,False,0.9855582118034363,0.8560449859613375,3.9762465953826904,0.32585325837135315,0.5001510381698608,7
64,10,-0.026861650665055158,0.7455551624298096,1.3727774620056152,1.0612166949680872,1.1920928955078125e-07,0.0,False,1.0462098121643066,0.908726296671992,4.357208728790283,0.2948875427246094,0.5021826028823853,7
64,11,-0.004715780451567755,0.7822566032409668,1.3911283016204834,1.5887824020215444,0.0,0.0,False,0.9806228280067444,0.8517581660633814,4.092928409576416,0.31734341382980347,0.5026092529296875,7
64,12,0.021442017238027612,0.7913926243782043,1.3956964015960693,0.6630135157278606,8.940696716308594e-08,0.0,False,0.9340062141418457,0.8112674897303012,3.5616366863250732,0.36753782629966736,0.5000177621841431,2
64,13,0.00937274746498764,0.8184481859207153,1.409224271774292,0.10495038969176135,1.7881393432617188e-07,0.0,False,0.8875986933708191,0.7709584293509664,3.3228323459625244,0.3974413275718689,0.5000113248825073,7
64,14,-0.04506941115415082,0.7879468202590942,1.393973469734192,0.3297777745340552,5.960464477539063e-08,0.0,False,0.9518900513648987,0.8268011933727569,3.890759229660034,0.3350204527378082,0.500479519367218,2
64,15,0.048718641394489066,0.768429696559906,1.384214997291565,0.6644606702029705,1.4901161193847656e-07,0.0,False,1.037384033203125,0.901060322469314,4.462559223175049,0.2887580394744873,0.5148760080337524,2
64,16,0.017766529303361207,0.7668342590332031,1.3834171295166016,1.0051590928009577,0.0,0.0,False,1.0269395112991333,0.8919883260112715,4.522858142852783,0.2845737338066101,0.5171420574188232,7
64,17,0.01568718707384895,0.7993643879890442,1.3996822834014893,0.6861760999475207,8.940696716308594e-08,0.0,False,1.018126368522644,0.8843333274591619,4.14810037612915,0.31393420696258545,0.5094448328018188,7
64,18,0.020663590495277058,0.8238525986671448,1.4119263887405396,0.8993807094437736,8.940696716308594e-08,0.0,False,0.9193671345710754,0.7985521467748449,3.5078673362731934,0.3761254549026489,0.5018124580383301,7
64,19,0.0003643261508363615,0.8134182095527649,1.4067091941833496,0.12724497435348373,8.940696716308594e-08,0.0,False,0.9223204851150513,0.8011173944635942,3.524679660797119,0.3734000027179718,0.5009283423423767,2
64,20,0.006486742558044448,0.8091697692871094,1.4045848846435547,0.17630271613597862,0.0,0.0,False,0.9213075637817383,0.8002375821722744,3.5293943881988525,0.3724250793457031,0.5042794942855835,7
64,21,-0.030271604329805482,0.7632686495780945,1.38163423538208,0.8746149486729078,8.940696716308594e-08,0.0,False,1.0313026905059814,0.8957781353174499,4.223291397094727,0.3054808974266052,0.5166195034980774,7
64,22,0.053332643800692726,0.7869343161582947,1.3934671878814697,1.0286384842225482,2.9802322387695312e-08,0.0,False,1.0091160535812378,0.8765070673406357,4.139097213745117,0.31401896476745605,0.5011179447174072,7
64,23,-0.03928735926481996,0.8101853132247925,1.405092716217041,0.13650383055210114,5.960464477539063e-08,0.0,False,0.9911462068557739,0.8608986567936033,4.0603837966918945,0.32194024324417114,0.5037831664085388,7
64,24,-0.014693216095002043,0.7848553657531738,1.392427682876587,1.3418857433966227,0.0,0.0,False,1.0428223609924316,0.9057839939686679,4.379377841949463,0.2957104444503784,0.5086669921875,7
65,1,0.003128889075079886,0.7714378833770752,1.3857189416885376,1.4625638191189085,0.0,0.0,False,0.9057705402374268,0.7867422949912836,3.538283348083496,0.36829137802124023,0.5014301538467407,2
65,2,0.008736275515869599,0.7781285643577576,1.3890643119812012,1.2769519622836794,2.9802322387695312e-08,0.0,False,1.006070613861084,0.8738618320097721,4.174723148345947,0.31063273549079895,0.5005508065223694,7
65,3,-0.024222978329232148,0.7961036562919617,1.3980519771575928,0.7019312168870653,1.4901161193847656e-07,0.0,False,0.9871564507484436,0.8574331986704966,3.964829683303833,0.32911744713783264,0.5001552104949951,7
65,4,0.03210602141687153,0.8048959374427795,1.4024479389190674,1.3319949401276452,2.9802322387695312e-08,0.0,False,0.9797511100769043,0.85100100148997,3.9911105632781982,0.3272983431816101,0.5072413682937622,2
65,5,0.03670548263133517,0.823398768901825,1.4116992950439453,1.5920525576387132,8.940696716308594e-08,0.0,False,1.0340003967285156,0.8981213331699351,4.216054916381836,0.3104358911514282,0.5025548934936523,7
65,6,-0.04119192671204348,0.8103228211402893,1.4051616191864014,0.24465981445142196,2.086162567138672e-07,0.0,False,1.0164827108383179,0.8829056645342805,4.140974044799805,0.31549695134162903,0.5005823373794556,7
65,7,-0.026921861262662217,0.8226802945137024,1.4113402366638184,0.8486114389130047,8.940696716308594e-08,0.0,False,1.0044174194335938,0.8724258855750276,4.032456874847412,0.32522523403167725,0.5012176632881165,7
65,8,0.08828658733219526,0.7666654586791992,1.3833327293395996,0.7334609606436321,0.0,0.0,False,0.9895265102386475,0.8594918061872525,3.930675506591797,0.32983994483947754,0.5020818114280701,7
65,9,0.03038433032345393,0.8028445243835449,1.4014222621917725,0.9977485154356275,0.0,0.0,False,1.0293447971343994,0.8940775307425838,4.162086486816406,0.3133207857608795,0.5003884434700012,7
65,10,0.07375657745174087,0.8277366757392883,1.4138684272766113,0.19338728700365349,8.940696716308594e-08,0.0,False,1.000785231590271,0.8692710072998454,4.113456726074219,0.3189108073711395,0.5001547336578369,7
65,11,0.05947197795516631,0.8147096037864685,1.4073548316955566,0.24036630881684157,2.9802322387695312e-08,0.0,False,0.9893593788146973,0.8593466376769041,3.983384370803833,0.3287951350212097,0.5027411580085754,7
65,12,-0.02793948418877379,0.8378823399543762,1.4189412593841553,0.11955667819295598,8.940696716308594e-08,0.0,False,1.00822114944458,0.87572976348387,4.179482460021973,0.3143174946308136,0.5000983476638794,7
65,13,0.013338316855000995,0.796253502368927,1.3981268405914307,1.3068064525723457,8.940696716308594e-08,0.0,False,1.052565336227417,0.9142466347324163,4.674985885620117,0.2768745422363281,0.5060849189758301,7
65,14,0.013638733996574894,0.8032934069633484,1.401646614074707,0.4025157349450248,8.940696716308594e-08,0.0,False,0.9436216354370117,0.8196193385496324,3.7807743549346924,0.34597790241241455,0.514268159866333,7
65,15,-0.0013595601237376092,0.7903040647506714,1.3951520919799805,0.7347789587719099,5.960464477539063e-08,0.0,False,1.0188572406768799,0.8849681549462847,4.11665678024292,0.3160330355167389,0.5013799667358398,7
65,16,0.009402923334738519,0.7968128323554993,1.3984065055847168,0.45049702589000973,8.940696716308594e-08,0.0,False,0.99188232421875,0.8615380402111507,4.049839019775391,0.32172060012817383,0.5092008113861084,7
65,17,-0.0006559364785558809,0.8199474215507507,1.4099736213684082,0.8726936121072087,8.940696716308594e-08,0.0,False,1.0090949535369873,0.8764887400750638,4.193188667297363,0.3119737207889557,0.5027326345443726,2
65,18,-0.014503402993320903,0.7997846007347107,1.3998922109603882,0.6190234859074865,8.940696716308594e-08,0.0,False,1.0104237794876099,0.8776429436305943,4.3192925453186035,0.3010595440864563,0.5058051943778992,7
65,19,-0.031050931187929634,0.8086079359054565,1.404304027557373,0.9628488059554781,5.960464477539063e-08,0.0,False,0.9657725095748901,0.8388593433644606,3.89871883392334,0.3358044922351837,0.5023979544639587,2
65,20,-0.03833564171201404,0.7990414500236511,1.399520754814148,0.16600723351751065,2.9802322387695312e-08,0.0,False,0.9790674448013306,0.850407177376669,4.084381103515625,0.31926923990249634,0.5008063316345215,2
65,21,-0.03223142472175766,0.7823423743247986,1.3911712169647217,0.7317372709512708,2.9802322387695312e-08,0.0,False,1.000011920928955,0.8685993181938324,4.318902492523193,0.3000202178955078,0.503399133682251,1
65,22,-0.007915335792838448,0.7847086787223816,1.3923543691635132,0.7490168841821807,2.9802322387695312e-08,0.0,False,0.9791654944419861,0.8504923422124476,3.990177869796753,0.3261016607284546,0.5003558397293091,1
65,23,0.016658981295735543,0.7846505641937256,1.3923254013061523,0.16327882770981114,1.1920928955078125e-07,0.0,False,1.0061063766479492,0.8738928951717582,4.337038516998291,0.2989376485347748,0.5004874467849731,2
65,24,-0.007939063658700805,0.7795754671096802,1.3897876739501953,0.4887734406760761,5.960464477539063e-08,0.0,False,0.9821932315826416,0.853122201278128,4.2539167404174805,0.30467861890792847,0.5013483166694641,1
66,1,-0.018642970710902457,0.7883006930351257,1.3941502571105957,1.3948861945952689,8.940696716308594e-08,0.0,False,0.945844292640686,0.821549914067069,3.7095892429351807,0.35202986001968384,0.5020632743835449,2
66,2,0.05251089878893004,0.7959428429603577,1.3979713916778564,0.22458209257040707,2.9802322387695312e-08,0.0,False,0.9627104997634888,0.8361997154352101,3.838122844696045,0.34041476249694824,0.5005273222923279,7
66,3,-0.0271474299424413,0.8088417649269104,1.4044209718704224,0.4503692101155008,8.940696716308594e-08,0.0,False,0.9280794858932495,0.8061195989820903,3.525376319885254,0.37287646532058716,0.5029186010360718,7
66,4,0.006401551447599702,0.8004058003425598,1.4002028703689575,0.4802714437246322,2.9802322387695312e-08,0.0,False,0.9458927512168884,0.8215920046515601,3.8415815830230713,0.340310275554657,0.5051059126853943,2
66,5,0.058464424738126505,0.809771716594696,1.4048857688903809,0.32584826568407665,8.940696716308594e-08,0.0,False,0.9685479998588562,0.8412701035942657,3.9504356384277344,0.33122724294662476,0.5052238702774048,7
66,6,0.03283939306725032,0.7047046422958374,1.3523521423339844,0.7369951180049351,1.7881393432617188e-07,0.0,False,1.0336878299713135,0.8978498411341765,4.434438228607178,0.28663188219070435,0.5121893286705017,7
66,7,0.018814720288483983,0.8000854849815369,1.4000426530838013,0.7659424202782767,8.940696716308594e-08,0.0,False,1.0020301342010498,0.8703523159685818,4.024255752563477,0.32426270842552185,0.5029265880584717,7
66,8,-0.011648835311059744,0.7842621803283691,1.3921310901641846,0.5688062491161483,0.0,0.0,False,1.007521152496338,0.8751217538599285,3.973109006881714,0.3275332450866699,0.5001426935195923,7
66,9,0.03778848820972507,0.8315123915672302,1.4157559871673584,0.73690967847194,2.086162567138672e-07,0.0,False,0.9690759778022766,0.8417286994090538,3.947378635406494,0.33314305543899536,0.5027534365653992,7
66,10,0.03768783052732897,0.7871221303939819,1.3935611248016357,0.6245848712112222,5.960464477539063e-08,0.0,False,1.0213792324066162,0.887158729129545,4.078642845153809,0.31891095638275146,0.5002484321594238,7
66,11,-0.06338054808292024,0.7839915156364441,1.3919956684112549,0.8168907138918127,8.940696716308594e-08,0.0,False,0.9693990349769592,0.8420093033056617,4.12224817276001,0.3151211142539978,0.5022673606872559,7
66,12,0.02667707709636144,0.7621886730194092,1.3810944557189941,0.5712256639131478,1.1920928955078125e-07,0.0,False,0.9836195111274719,0.8543610519500706,4.120606899261475,0.31375381350517273,0.5007906556129456,2
66,13,-0.04672688854959445,0.7472349405288696,1.37361741065979,0.7989013493061066,5.960464477539063e-08,0.0,False,1.0012099742889404,0.869639934120367,4.0671186447143555,0.31683510541915894,0.5059040188789368,7
66,14,0.021039654509940296,0.8001848459243774,1.400092601776123,0.6395823489874601,1.7881393432617188e-07,0.0,False,1.0174005031585693,0.8837028488147173,4.531434059143066,0.2864930331707001,0.5000109076499939,7
66,15,-0.0069964562731273175,0.7670261859893799,1.38351309299469,0.7924662575657878,0.0,0.0,False,0.9403325319290161,0.8167624595417702,3.639573812484741,0.3573174476623535,0.5010403990745544,7
66,16,0.03502045166142849,0.773783802986145,1.3868919610977173,0.23740347581250335,5.960464477539063e-08,0.0,False,0.9428465962409973,0.8189461480574569,3.5934107303619385,0.36265087127685547,0.5010093450546265,2
66,17,0.027898671128538437,0.7700598239898682,1.3850297927856445,0.3319518656602928,1.1920928955078125e-07,0.0,False,0.9635385274887085,0.8369189311790617,3.930067777633667,0.3302033245563507,0.5000011324882507,2
66,18,0.013788604509538943,0.7680706977844238,1.384035348892212,0.19072303175926206,0.0,0.0,False,0.9409472942352295,0.8172964352963114,3.8013551235198975,0.3416677415370941,0.5000067353248596,2
66,19,-0.0030100424507949735,0.7807508707046509,1.3903753757476807,0.30357474780508453,5.960464477539063e-08,0.0,False,0.9077513813972473,0.7884628317617575,3.5620715618133545,0.36657989025115967,0.5000865459442139,2
66,20,-0.019522464992910278,0.787535548210144,1.3937678337097168,0.7467872074672155,5.960464477539063e-08,0.0,False,0.9001362323760986,0.7818483973642458,3.3496615886688232,0.3912937343120575,0.5003534555435181,2
66,21,-0.02660796558816777,0.7956045866012573,1.3978023529052734,0.10534049676997315,5.960464477539063e-08,0.0,False,0.8816028833389282,0.7657505349281857,3.248300552368164,0.40470534563064575,0.5002495050430298,2
66,22,-0.015850116189521195,0.7775209546089172,1.3887605667114258,0.07711897045373917,8.940696716308594e-08,0.0,False,0.8701889514923096,0.7558365196925731,3.218733072280884,0.40677547454833984,0.5005882978439331,2
66,23,0.06325710471236337,0.7901192307472229,1.3950597047805786,0.13843469108854023,8.940696716308594e-08,0.0,False,0.909405529499054,0.7898996065474881,3.5195326805114746,0.3719836473464966,0.5001622438430786,2
66,24,-0.01704791825255422,0.7774342894554138,1.3887171745300293,0.5234961839658874,2.9802322387695312e-08,0.0,False,0.8842187523841858,0.7680226499116595,3.325671434402466,0.3932752311229706,0.5000463724136353,2
67,1,-0.0017697878659769643,0.7861753106117249,1.39308762550354,1.1933049410581589,2.9802322387695312e-08,0.0,False,1.0144505500793457,0.8811405521263567,4.2158589363098145,0.30791550874710083,0.5043753981590271,7
67,2,0.017660980549123576,0.8003333806991577,1.4001667499542236,0.31845342101795326,5.960464477539063e-08,0.0,False,1.0437499284744263,0.9065896688467143,4.537710666656494,0.2859160602092743,0.506139874458313,7
67,3,0.012875529904182195,0.8089898824691772,1.4044950008392334,0.7908800648791449,5.960464477539063e-08,0.0,False,1.032636046409607,0.8969362735401651,4.7411017417907715,0.27320337295532227,0.5177243947982788,7
67,4,-0.051131770170434,0.7887627482414246,1.3943812847137451,0.9885056423289434,8.940696716308594e-08,0.0,False,0.9611703753471375,0.8348619803642784,3.803973913192749,0.3430458903312683,0.5001345872879028,7
67,5,-0.006929926501152804,0.7961529493331909,1.3980764150619507,0.661547494253942,5.960464477539063e-08,0.0,False,1.0440998077392578,0.9068935701148118,4.529485702514648,0.28634408116340637,0.501236081123352,1
67,6,0.014150590329932095,0.7864727973937988,1.3932363986968994,0.442153863342745,0.0,0.0,False,1.0290855169296265,0.8938523228181845,4.6657395362854,0.27704888582229614,0.5000008344650269,7
67,7,0.01276898716301301,0.7881911396980286,1.3940956592559814,0.2528310662933758,8.940696716308594e-08,0.0,False,1.012773871421814,0.8796842075485747,4.323935031890869,0.3001273572444916,0.5000519156455994,7
67,8,-0.02047440527769546,0.8012018203735352,1.4006009101867676,0.041710029223135464,0.0,0.0,False,1.0083889961242676,0.8758755532574581,4.272288799285889,0.3047807216644287,0.5000064969062805,7
67,9,0.015446917185723906,0.8034106492996216,1.4017053842544556,0.4454819123659816,5.960464477539063e-08,0.0,False,1.041419506072998,0.9045654896678264,4.799908638000488,0.26978087425231934,0.503196120262146,7
67,10,0.018579587908562626,0.7892233729362488,1.3946115970611572,0.26879545194762094,8.940696716308594e-08,0.0,False,1.0008025169372559,0.869286021161472,4.259763240814209,0.3048885464668274,0.5012677907943726,7
67,11,0.046904359371688034,0.7954115867614746,1.3977057933807373,0.24670135123389117,0.0,0.0,False,0.9665006399154663,0.8394917893424977,3.8816335201263428,0.3363587260246277,0.5021825432777405,7
67,12,-0.001204226989347905,0.737231433391571,1.3686156272888184,0.2485247807843344,8.940696716308594e-08,0.0,False,0.998940110206604,0.8676683552291088,4.084208011627197,0.31452345848083496,0.51447594165802,1
67,13,0.04436886305782315,0.8121952414512634,1.406097650527954,0.4528440673436437,2.9802322387695312e-08,0.0,False,0.9902472496032715,0.8601178324451458,4.231243133544922,0.30859965085983276,0.5001415014266968,7
67,14,0.019937886537599196,0.789268970489502,1.394634485244751,0.5824662297964096,0.0,0.0,False,1.0003443956375122,0.86888810205643,4.06919527053833,0.319732666015625,0.504034698009491,7
67,15,-0.004329734101679973,0.7865009903907776,1.3932504653930664,0.44677457958459854,2.9802322387695312e-08,0.0,False,0.9727014303207397,0.8448777274553955,3.878173351287842,0.33603572845458984,0.5006955862045288,7
67,16,-0.014562445986763307,0.8063281178474426,1.4031641483306885,0.541868943721056,8.940696716308594e-08,0.0,False,1.0198471546173096,0.8858279832700602,4.29194450378418,0.30363428592681885,0.5007720589637756,7
67,17,0.03919063379722561,0.7914039492607117,1.3957018852233887,0.7329307624271938,8.940696716308594e-08,0.0,False,1.020215630531311,0.8861480373823903,4.462156295776367,0.2905372381210327,0.5027487277984619,7
67,18,0.056669047498640115,0.7721519470214844,1.3860759735107422,1.068481835935797,0.0,0.0,False,1.031814694404602,0.8962228562532176,4.473918437957764,0.28859496116638184,0.5006223320960999,2
67,19,-0.004315928382870421,0.7019994258880615,1.3509998321533203,0.8529555137668338,1.1920928955078125e-07,0.0,False,0.9997748732566833,0.8683934212018012,3.871065139770508,0.3300093412399292,0.502963125705719,7
67,20,0.029687132922690977,0.7931097745895386,1.396554946899414,0.6865605089281287,5.960464477539063e-08,0.0,False,0.9731796383857727,0.8452930937030864,4.206807613372803,0.3091951906681061,0.5000155568122864,7
67,21,-0.002402232602143735,0.7517918944358826,1.3758959770202637,0.4836983353431736,2.9802322387695312e-08,0.0,False,1.0244832038879395,0.8898548045021925,4.521277904510498,0.2841741740703583,0.5003445148468018,1
67,22,-0.001482839165356237,0.7774413228034973,1.3887207508087158,0.34461012695516857,8.940696716308594e-08,0.0,False,1.005703330039978,0.8735428133361748,4.259774684906006,0.3041200637817383,0.5005264282226562,1
67,23,0.013981707540145966,0.7585515379905701,1.379275918006897,0.3762580092464174,1.4901161193847656e-07,0.0,False,1.0425255298614502,0.9055261697241833,4.536772727966309,0.28326669335365295,0.512742280960083,1
67,24,0.02320786593462297,0.764604389667511,1.3823022842407227,0.08980099750416626,8.940696716308594e-08,0.0,False,1.0389751195907593,0.9024423225460759,4.517482280731201,0.28510063886642456,0.505149245262146,1
68,1,0.034010158343123716,0.7990894913673401,1.3995447158813477,1.5864011964627673,2.9802322387695312e-08,0.0,False,0.8713676929473877,0.7568603615116352,3.2129132747650146,0.4096522927284241,0.5002870559692383,2
68,2,-0.01583164506284318,0.7796190977096558,1.3898096084594727,0.04553020532642091,5.960464477539063e-08,0.0,False,0.8731465339660645,0.7584054431888242,3.197810411453247,0.40974244475364685,0.500157356262207,2
68,3,0.038600297216985206,0.7776532769203186,1.3888267278671265,0.3292415487979139,8.940696716308594e-08,0.0,False,0.9748092293739319,0.84670853845092,3.8508424758911133,0.33782240748405457,0.5011690855026245,2
68,4,-0.01530616282815413,0.7930859923362732,1.3965429067611694,0.7521684318780899,8.940696716308594e-08,0.0,False,0.9284086227416992,0.8064054836162358,3.744706153869629,0.3490380048751831,0.5000035762786865,2
68,5,0.03646672139027488,0.7898017168045044,1.3949007987976074,1.0387976222804614,5.960464477539063e-08,0.0,False,0.9665734767913818,0.8395550546490761,3.8971638679504395,0.3345712423324585,0.5010766983032227,2
68,6,-0.003894832302518467,0.8015177845954895,1.400758981704712,0.6297714327062879,8.940696716308594e-08,0.0,False,0.9403420686721802,0.8167707430516331,4.071017265319824,0.32055771350860596,0.5000801086425781,2
68,7,0.034029307111331925,0.8218949437141418,1.410947561264038,0.44469497299620075,8.940696716308594e-08,0.0,False,0.9735540151596069,0.8456182732371442,4.191250801086426,0.31233370304107666,0.5000070929527283,2
68,8,0.009200398294778762,0.8135370016098022,1.4067684412002563,0.43915403048907,5.960464477539063e-08,0.0,False,0.93804532289505,0.8147758150169487,3.8688254356384277,0.3389444947242737,0.500110387802124,7
68,9,-0.0009295897018477784,0.8174597024917603,1.408729910850525,0.3207343683711119,5.960464477539063e-08,0.0,False,0.9635825157165527,0.8369571388683047,3.824098825454712,0.3433265686035156,0.5017973184585571,7
68,10,-0.004581177716855487,0.808591365814209,1.4042956829071045,0.511225488036871,0.0,0.0,False,1.0017073154449463,0.8700719191597205,4.100471496582031,0.31857454776763916,0.5026624798774719,7
68,11,-0.0034892608335437957,0.791442334651947,1.395721197128296,0.4649691613657134,2.9802322387695312e-08,0.0,False,0.9350652694702148,0.8121873735005831,3.595021963119507,0.3639373779296875,0.5023916959762573,7
68,12,0.011663095289117105,0.8156050443649292,1.4078025817871094,0.4752406062824386,5.960464477539063e-08,0.0,False,1.0211052894592285,0.8869207853087313,4.3653645515441895,0.2985025942325592,0.5138639807701111,7
68,13,0.017239411975733136,0.7900829911231995,1.3950414657592773,0.8921301386186056,2.9802322387695312e-08,0.0,False,1.017510175704956,0.8837981091781414,4.149281024932861,0.3134211599826813,0.5015413165092468,7
68,14,-0.03228071039738125,0.7833632230758667,1.3916815519332886,0.570795523268836,5.960464477539063e-08,0.0,False,1.020397663116455,0.8863061488768996,4.2345709800720215,0.30619657039642334,0.5084497332572937,7
68,15,-0.012306796103083021,0.8190439343452454,1.4095220565795898,1.4032226609332221,8.940696716308594e-08,0.0,False,0.9456074237823486,0.8213441723908477,3.6407699584960938,0.36148542165756226,0.5012987852096558,7
68,16,0.07731097607739824,0.84417724609375,1.422088623046875,0.30357105497802994,0.0,0.0,False,1.0086784362792969,0.8761269577817989,4.2514142990112305,0.3091549575328827,0.5000048875808716,7
68,17,-0.009528775447309177,0.8051262497901917,1.4025630950927734,1.2573736629315784,2.9802322387695312e-08,0.0,False,1.0042338371276855,0.8722664280101656,3.993377208709717,0.3273162841796875,0.5002864599227905,7
68,18,0.00952523319213586,0.8253791928291321,1.412689447402954,1.2403865477868488,1.4901161193847656e-07,0.0,False,0.9435812830924988,0.8195842889485248,3.7361252307891846,0.35242417454719543,0.5000029802322388,7
68,19,0.00796866446531877,0.8087112903594971,1.4043556451797485,0.08528453111648565,0.0,0.0,False,0.9265354871749878,0.8047784987352767,3.6608352661132812,0.3586238622665405,0.5000272989273071,7
68,20,0.02888536372174462,0.7811089158058167,1.390554428100586,0.11010201275348663,2.9802322387695312e-08,0.0,False,0.9428888559341431,0.8189828543605371,3.8297274112701416,0.34004664421081543,0.5004241466522217,7
68,21,-0.020728520563623377,0.8136292695999146,1.4068145751953125,0.32248233258724224,5.960464477539063e-08,0.0,False,0.9395758509635925,0.8161052148060808,3.965704917907715,0.3303249180316925,0.5000103712081909,2
68,22,0.00852476535791102,0.8298476338386536,1.4149240255355835,0.31309516887579636,2.086162567138672e-07,0.0,False,0.9991509914398193,0.8678515243409536,4.213653087615967,0.31112170219421387,0.5000006556510925,2
68,23,-0.008331449970410024,0.817726194858551,1.4088630676269531,0.25985031149217064,2.9802322387695312e-08,0.0,False,0.9242709875106812,0.8028115793183165,3.598316192626953,0.3658495545387268,0.500001847743988,2
68,24,0.02976979365155716,0.7973073720932007,1.3986537456512451,0.15439706082854945,5.960464477539063e-08,0.0,False,0.9704598784446716,0.8429307402340429,3.9580037593841553,0.32980015873908997,0.5000501871109009,2
69,1,0.06939034480795594,0.7884679436683655,1.3942338228225708,1.3983040792601449,1.4901161193847656e-07,0.0,False,0.945275604724884,0.8210559580195532,3.6236960887908936,0.36075153946876526,0.5005478858947754,2
69,2,-0.022859231576082703,0.7659452557563782,1.3829727172851562,2.509519549352782,8.940696716308594e-08,0.0,False,0.9280362725257874,0.8060820643280238,3.5297183990478516,0.3687189221382141,0.502143144607544,7
69,3,0.006371502542705069,0.802743136882782,1.4013715982437134,2.0065640849726543,2.9802322387695312e-08,0.0,False,0.9946151375770569,0.863911731734319,4.050063133239746,0.32236433029174805,0.5004737377166748,2
69,4,-0.02842430596298963,0.8057214021682739,1.4028606414794922,0.24789505984101995,5.960464477539063e-08,0.0,False,0.9980522394180298,0.8668971604608671,4.138358116149902,0.3154029846191406,0.5001128911972046,2
69,5,-0.04780499164346097,0.8067953586578369,1.4033976793289185,0.8157189589525973,0.0,0.0,False,0.9446023106575012,0.8204711422232281,3.806856870651245,0.34416186809539795,0.5005910992622375,2
69,6,-0.010536420624982706,0.8053491115570068,1.402674674987793,0.03229612218482153,1.1920928955078125e-07,0.0,False,0.9439870119094849,0.8199367005212571,3.8072586059570312,0.3440248668193817,0.5001511573791504,2
69,7,-0.05374509698609656,0.7961581945419312,1.3980791568756104,0.318934805159058,5.960464477539063e-08,0.0,False,1.0209376811981201,0.8867752026228898,4.144028186798096,0.31429755687713623,0.5000028014183044,2
69,8,-0.12977635372801682,0.7820388078689575,1.3910194635391235,0.09366634807416382,5.960464477539063e-08,0.0,False,1.0395747423171997,0.9029631482287096,4.246063709259033,0.3054502010345459,0.5006867051124573,2
69,9,-0.032863437954681315,0.7118372917175293,1.3559186458587646,0.8646568592105592,0.0,0.0,False,0.985458493232727,0.8559583715113329,3.98689866065979,0.3201019763946533,0.5358311533927917,2
69,10,-0.006278932128772639,0.7304015755653381,1.3652007579803467,0.17815409387860978,2.9802322387695312e-08,0.0,False,1.0288782119750977,0.8936722600225384,4.314316272735596,0.296922892332077,0.5019875168800354,2
69,11,-0.014203666584375323,0.7516154050827026,1.3758080005645752,0.35962750549827305,2.980232238769531e-07,0.0,False,1.0061118602752686,0.8738976581899294,4.240288257598877,0.30383163690567017,0.5000148415565491,2
69,12,0.006086075116671882,0.7999891638755798,1.3999946117401123,0.5618207486612457,2.9802322387695312e-08,0.0,False,1.049263834953308,0.9113789871617323,4.705135822296143,0.27535387873649597,0.5013906359672546,2
69,13,-0.0013135453271333804,0.7787598371505737,1.3893799781799316,0.4688113241323403,5.960464477539063e-08,0.0,False,0.9484550356864929,0.8238175766639914,3.83686900138855,0.3391745388507843,0.5016314387321472,2
69,14,0.012916817863428038,0.778897225856781,1.389448642730713,0.2418830288308007,2.9802322387695312e-08,0.0,False,0.9534516930580139,0.828157618112817,3.7375879287719727,0.34858018159866333,0.5004539489746094,2
69,15,0.03149640942116769,0.7819646596908569,1.3909823894500732,0.10044282728007861,5.960464477539063e-08,0.0,False,0.9326033592224121,0.8100489854294595,3.5924746990203857,0.36346980929374695,0.5000013113021851,2
69,16,-0.006428251041212867,0.7816013693809509,1.3908007144927979,0.6632052000079838,2.9802322387695312e-08,0.0,False,0.9845741391181946,0.855190231287353,3.9550912380218506,0.32889267802238464,0.5000038743019104,2
69,17,0.03940458649091059,0.7857253551483154,1.3928626775741577,0.563269205391407,0.0,0.0,False,0.9809477925300598,0.8520404266619619,3.875317335128784,0.33623838424682617,0.5005415678024292,2
69,18,0.03800108886951051,0.8007381558418274,1.4003691673278809,0.14441981592348624,8.940696716308594e-08,0.0,False,0.950377881526947,0.8254877393401111,3.810291051864624,0.34337908029556274,0.5003188848495483,2
69,19,0.04066480450051238,0.8019455075263977,1.400972604751587,0.04720571211406149,1.4901161193847656e-07,0.0,False,0.9471879005432129,0.822716957062887,3.815049886703491,0.3430199921131134,0.5005505681037903,2
69,20,0.007417209377501247,0.8197930455207825,1.4098966121673584,1.385588209011725,8.940696716308594e-08,0.0,False,0.9991433620452881,0.8678448975330632,4.03419303894043,0.32461872696876526,0.5100958943367004,7
69,21,0.01617032561810927,0.8231351971626282,1.4115676879882812,0.6994214941348349,8.940696716308594e-08,0.0,False,0.9287567734718323,0.8067078834981705,3.555906295776367,0.37079864740371704,0.5013875961303711,2
69,22,-0.011871503312032813,0.8127796053886414,1.4063897132873535,0.5018674337438176,8.940696716308594e-08,0.0,False,0.9342473745346069,0.8114769589859608,3.7215657234191895,0.35281723737716675,0.5016652941703796,2
69,23,0.006278473612582634,0.8276598453521729,1.4138298034667969,0.5642172726137298,1.1920928955078125e-07,0.0,False,0.9538357257843018,0.8284911847006111,3.7250335216522217,0.3536456823348999,0.501726508140564,7
69,24,-0.006654583112059482,0.8247539401054382,1.4123769998550415,0.08862878382205963,2.9802322387695312e-08,0.0,False,0.936183512210846,0.813158666803952,3.63315749168396,0.36275285482406616,0.5007989406585693,7
70,1,-0.03855981491407472,0.8230381608009338,1.4115190505981445,1.2250781399863107,2.9802322387695312e-08,0.0,False,1.0158107280731201,0.8823219877205616,4.331899166107178,0.3017900586128235,0.5001378059387207,7
70,2,0.017753869213874836,0.7970811724662781,1.398540735244751,0.8170136830636434,1.4901161193847656e-07,0.0,False,0.9896261096000671,0.8595783170933838,3.9510014057159424,0.330387681722641,0.500227689743042,7
70,3,0.011506896941922046,0.7855516076087952,1.3927757740020752,1.278512359729835,2.9802322387695312e-08,0.0,False,0.9571325182914734,0.8313547422883003,3.7565083503723145,0.34714895486831665,0.5056163668632507,2
70,4,-0.004882665033549773,0.7966935634613037,1.3983467817306519,0.4312631924237522,0.0,0.0,False,1.0332286357879639,0.897450990134275,4.262074947357178,0.3052021265029907,0.501603364944458,2
70,5,0.008868269680739324,0.8042684197425842,1.4021341800689697,0.37659782384123114,2.9802322387695312e-08,0.0,False,1.0368070602416992,0.9005591701226048,4.313323020935059,0.3019140660762787,0.5012058019638062,2
70,6,-0.0029465800737427314,0.7965015769004822,1.398250937461853,0.48241469902651657,1.4901161193847656e-07,0.0,False,0.9752517938613892,0.847092945080498,4.049683570861816,0.32175368070602417,0.5076712369918823,2
70,7,-0.005029421847378893,0.7850528359413147,1.3925265073776245,0.25930046609469826,8.940696716308594e-08,0.0,False,0.9653717279434204,0.8385112288624695,4.120990753173828,0.31486332416534424,0.518329381942749,2
70,8,0.00710109122012173,0.8000697493553162,1.4000349044799805,0.49727912779365263,2.9802322387695312e-08,0.0,False,1.0055992603302002,0.8734524195347952,4.294558525085449,0.3024003505706787,0.5235347747802734,7
70,9,0.00869260917643539,0.8264486193656921,1.413224220275879,1.2496897280216217,8.940696716308594e-08,0.0,False,1.0110623836517334,0.8781976281597929,4.239011764526367,0.30894607305526733,0.5001251101493835,7
70,10,0.0014202094441311984,0.819744348526001,1.4098721742630005,0.3329819110887393,0.0,0.0,False,0.9744441509246826,0.8463914353389784,3.917055368423462,0.3350204527378082,0.5012325644493103,7
70,11,-0.001676136945336274,0.8245778679847717,1.4122889041900635,0.6583165558321136,2.9802322387695312e-08,0.0,False,1.031017780303955,0.8955306654602939,4.38529634475708,0.2980338931083679,0.5001450777053833,7
70,12,0.022195090128956083,0.7999826073646545,1.3999912738800049,1.1924742077078139,2.9802322387695312e-08,0.0,False,1.0441408157348633,0.9069291892072224,4.857560634613037,0.2659548819065094,0.5129576921463013,1
70,13,-0.015399637789252435,0.7942758798599243,1.3971378803253174,0.6948930493422918,5.960464477539063e-08,0.0,False,1.0488970279693604,0.9110603826636281,4.604547500610352,0.2809855341911316,0.5141519904136658,7
70,14,-0.011529635846918197,0.8077229261398315,1.4038615226745605,0.5885019536529268,5.960464477539063e-08,0.0,False,1.0078221559524536,0.8753832021399783,4.355587005615234,0.2988686263561249,0.5082824230194092,2
70,15,-0.01624468064749546,0.7849681377410889,1.392484188079834,1.065599569252559,1.1920928955078125e-07,0.0,False,1.0246278047561646,0.8899804032204895,4.28162145614624,0.3029450476169586,0.5026045441627502,7
70,16,0.008159093853106715,0.8041620254516602,1.4020808935165405,0.6187484264373779,1.1920928955078125e-07,0.0,False,1.0349942445755005,0.8989845784415291,4.748425006866455,0.27263525128364563,0.5126641988754272,1
70,17,0.020703433771334087,0.8223062753677368,1.4111531972885132,0.7829162116561615,5.960464477539063e-08,0.0,False,1.04896879196167,0.9111227160753469,4.465053558349609,0.2922016382217407,0.503915011882782,2
70,18,0.003042667345427132,0.8103945851325989,1.4051973819732666,0.5809608676603861,8.940696716308594e-08,0.0,False,0.9364727735519409,0.813409916012483,3.62711238861084,0.36213499307632446,0.5033096671104431,7
70,19,0.04515254625376657,0.8234363794326782,1.4117181301116943,0.7433910071849823,5.960464477539063e-08,0.0,False,1.0477712154388428,0.9100825143243054,4.366105556488037,0.29929319024086,0.5016263723373413,2
70,20,0.059018176150199164,0.81377774477005,1.4068889617919922,0.7587295174598694,8.940696716308594e-08,0.0,False,0.902747392654419,0.7841164223647247,3.3747997283935547,0.3906691074371338,0.5002996325492859,2
70,21,0.010842677274541968,0.7885317206382751,1.39426589012146,0.507109263645751,2.9802322387695312e-08,0.0,False,0.9028569459915161,0.7842115791842755,3.4266703128814697,0.3822941780090332,0.5000287294387817,7
70,22,-0.017421261586245008,0.8141835331916809,1.4070918560028076,0.8783677268241135,8.940696716308594e-08,0.0,False,1.037717342376709,0.9013498311390246,4.232022762298584,0.30858054757118225,0.5033336281776428,7
70,23,-0.033123306182019585,0.8192963600158691,1.4096481800079346,0.9081667502011573,0.0,0.0,False,0.9308987259864807,0.8085683598133917,3.647655487060547,0.360772967338562,0.5021017789840698,7
70,24,-0.0029934796192336967,0.8088920712471008,1.404446005821228,0.5402966109769686,2.9802322387695312e-08,0.0,False,0.9952751994132996,0.8644850541607092,4.03319787979126,0.32420867681503296,0.5004724264144897,7
71,1,0.030417951478660655,0.7985761761665344,1.3992881774902344,1.4401504269668033,8.940696716308594e-08,0.0,False,0.9389791488647461,0.8155869259483426,3.5587711334228516,0.36840003728866577,0.502051830291748,7
71,2,0.022655578837589625,0.7754001617431641,1.387700080871582,0.49988962497029976,0.0,0.0,False,0.8923248052597046,0.775063477979367,3.3511431217193604,0.3899543285369873,0.5016214847564697,7
71,3,-0.0043976760029837275,0.7905706167221069,1.3952853679656982,0.6160483158060482,5.960464477539063e-08,0.0,False,0.9387461543083191,0.8153845494480031,3.793600559234619,0.34416383504867554,0.500092625617981,2
71,4,0.04323201715489606,0.810575544834137,1.405287742614746,0.20238249855382107,2.9802322387695312e-08,0.0,False,0.9501501321792603,0.8252899187701962,3.856879472732544,0.33981767296791077,0.5000125169754028,2
71,5,-0.015997985777503703,0.8016101121902466,1.4008049964904785,0.6106702307505267,5.960464477539063e-08,0.0,False,0.9724237322807312,0.8446365220025733,4.1704020500183105,0.31258171796798706,0.5004739165306091,7
71,6,0.009061151890798029,0.811065137386322,1.4055325984954834,0.49451008439064026,2.9802322387695312e-08,0.0,False,1.0661430358886719,0.9260400748120616,4.9293999671936035,0.26279640197753906,0.5007917881011963,7
71,7,0.007050680179382499,0.8151432871818542,1.40757155418396,0.7174023070505687,8.940696716308594e-08,0.0,False,1.0399096012115479,0.9032540029687729,4.347341060638428,0.30015695095062256,0.5004388093948364,7
71,8,0.04745273513714855,0.7941230535507202,1.3970614671707153,0.5762507425887243,5.960464477539063e-08,0.0,False,1.01340913772583,0.8802359928493212,4.184779167175293,0.31034111976623535,0.5227118730545044,7
71,9,0.025723774547513442,0.8009073734283447,1.4004535675048828,0.844356043530362,1.1920928955078125e-07,0.0,False,0.9991289973258972,0.8678324204963321,4.348149299621582,0.2992016077041626,0.5000028014183044,7
71,10,-0.007458762147222053,0.7963262796401978,1.398163080215454,0.5068164207041264,5.960464477539063e-08,0.0,False,0.9890810251235962,0.8591048627327789,4.2017388343811035,0.3096468150615692,0.5056628584861755,7
71,11,0.02923057716884283,0.7951865792274475,1.3975932598114014,1.1417391124580587,2.9802322387695312e-08,0.0,False,1.0204298496246338,0.8863341057226871,4.226216793060303,0.30785071849823,0.5000548362731934,7
71,12,-0.010460986734492798,0.7892131209373474,1.394606590270996,1.0113130754658153,2.9802322387695312e-08,0.0,False,0.9982911348342896,0.8671046623829343,4.032804012298584,0.3227155804634094,0.5048388838768005,7
71,13,-0.016762697324527683,0.7881321907043457,1.3940660953521729,1.0705910804016248,0.0,0.0,False,0.9963139295578003,0.8653872837005957,4.008072853088379,0.3247692584991455,0.5027673244476318,7
71,14,0.0381813587309578,0.7864254117012024,1.3932127952575684,0.5729139117257936,8.940696716308594e-08,0.0,False,0.9643826484680176,0.8376521253458071,3.8205623626708984,0.34113651514053345,0.5067847967147827,2
71,15,0.01218868972493607,0.7807852625846863,1.3903926610946655,0.543671868209328,2.9802322387695312e-08,0.0,False,1.0202964544296265,0.8862182401284789,4.5059332847595215,0.2869110703468323,0.5034357309341431,2
71,16,0.04348168022231244,0.7692621350288391,1.3846311569213867,0.5347602963447571,8.940696716308594e-08,0.0,False,0.992396891117096,0.8619849873401941,4.015503883361816,0.3225978910923004,0.509387195110321,7
71,17,0.013423515919793752,0.7657930850982666,1.3828965425491333,0.3010597378015518,0.0,0.0,False,1.014845848083496,0.8814839036101764,4.1970343589782715,0.3079010546207428,0.5067906379699707,7
71,18,-0.0020980478126629214,0.7670512199401855,1.3835256099700928,0.23558626856122714,0.0,0.0,False,0.9879443645477295,0.8581175719009871,3.956878900527954,0.32751864194869995,0.5051671266555786,7
71,19,-0.014297466073787601,0.7534496188163757,1.3767247200012207,1.514208020908492,8.940696716308594e-08,0.0,False,1.0022398233413696,0.8705344496416936,4.074521541595459,0.3168295621871948,0.5002198815345764,7
71,20,-0.009888810739918806,0.777414858341217,1.3887073993682861,1.359637265758855,2.9802322387695312e-08,0.0,False,0.9092385172843933,0.789754541581013,3.433096170425415,0.3805352747440338,0.5007234811782837,7
71,21,0.030968410649341225,0.7917675971984863,1.3958839178085327,0.10097932389804301,1.1920928955078125e-07,0.0,False,0.8876693248748779,0.7710197790958889,3.29034686088562,0.3989744186401367,0.5010120868682861,7
71,22,0.034548966600641946,0.8019902110099792,1.4009950160980225,1.373024615326098,8.940696716308594e-08,0.0,False,1.03059983253479,0.8951676406405495,4.169508934020996,0.312539279460907,0.5054304599761963,7
71,23,0.007935063329226302,0.7866300344467163,1.393315076828003,0.7578690488423621,5.960464477539063e-08,0.0,False,0.9692933559417725,0.8419175116619928,4.003471374511719,0.32509928941726685,0.5009087324142456,7
71,24,-0.013136970217390919,0.8009723424911499,1.4004862308502197,0.5329654549381562,5.960464477539063e-08,0.0,False,0.9919363260269165,0.8615849455857497,4.172905445098877,0.31224557757377625,0.5039554834365845,7
72,1,0.04479386757130781,0.7934584021568298,1.3967292308807373,1.4871520003569976,2.9802322387695312e-08,0.0,False,0.8886446952819824,0.7718669750671234,3.447646379470825,0.3803158402442932,0.5003370642662048,2
72,2,0.004193377109845492,0.7566306591033936,1.3783153295516968,0.18439658332083905,0.0,0.0,False,0.9213047027587891,0.8002350971193155,3.671562433242798,0.35324692726135254,0.5002274513244629,2
72,3,0.002615752994559994,0.7984241247177124,1.399212121963501,0.32738617302051604,5.960464477539063e-08,0.0,False,0.9221794009208679,0.8009948502895591,3.780705213546753,0.3459952473640442,0.5002778172492981,2
72,4,0.01460552435654983,0.8076394200325012,1.4038197994232178,0.06520782038569453,8.940696716308594e-08,0.0,False,0.9279800653457642,0.806033243391769,3.7480523586273193,0.3498597741127014,0.5002195239067078,2
72,5,-0.01500834871172398,0.7909085154533386,1.3954542875289917,0.20951484622699892,2.9802322387695312e-08,0.0,False,0.9379615783691406,0.8147030754459647,3.8050339221954346,0.3431091904640198,0.5003112554550171,2
72,6,0.018260071533735184,0.7830409407615662,1.3915205001831055,0.4741712350930487,2.9802322387695312e-08,0.0,False,0.8857912421226501,0.7693884971441886,3.332620143890381,0.3929317593574524,0.5008226633071899,2
72,7,-0.011951826892004263,0.790774941444397,1.3953874111175537,0.11255668635879237,5.960464477539063e-08,0.0,False,0.9043788909912109,0.7855335238145309,3.5425755977630615,0.36950039863586426,0.5013130903244019,2
72,8,0.007018243395315017,0.7958036661148071,1.3979017734527588,0.4983701785760267,5.960464477539063e-08,0.0,False,0.9949918985366821,0.8642389821458426,4.206416606903076,0.3093876540660858,0.500728964805603,2
72,9,0.01277685747173711,0.8040992617607117,1.4020495414733887,0.28968382094587597,8.940696716308594e-08,0.0,False,0.9517800807952881,0.8267056741496497,3.6975176334381104,0.3544754981994629,0.5028742551803589,7
72,10,-0.010312145687468398,0.7926878333091736,1.3963440656661987,0.12561720290354328,1.4901161193847656e-07,0.0,False,0.918291449546814,0.7976178186342394,3.4395759105682373,0.38107162714004517,0.5039921998977661,7
72,11,-0.01399986017537404,0.802574872970581,1.40128755569458,0.24537530328546253,1.1920928955078125e-07,0.0,False,0.9849293231964111,0.8554987402578118,3.9542722702026367,0.3304658830165863,0.5016872882843018,7
72,12,0.022133555303886457,0.803248405456543,1.401624083518982,0.508526117673942,1.1920928955078125e-07,0.0,False,0.9670130014419556,0.8399368209098853,3.960911273956299,0.3299059271812439,0.5028241872787476,7
72,13,-0.001762418956621617,0.7984939217567444,1.3992470502853394,0.4699911246342318,8.940696716308594e-08,0.0,False,1.031245231628418,0.8957282271705255,4.57000207901001,0.2838558554649353,0.5000476837158203,7
72,14,0.028288605025744786,0.8130545020103455,1.4065272808074951,0.3661646401243551,2.9802322387695312e-08,0.0,False,0.953599750995636,0.8282862196034394,3.8143539428710938,0.34393030405044556,0.5008683204650879,7
72,15,-0.006084983972895398,0.792414665222168,1.396207332611084,0.1549935771950655,0.0,0.0,False,0.9450244307518005,0.8208377910785375,3.764002799987793,0.34712544083595276,0.5000039339065552,7
72,16,-0.03042132124838314,0.7780011296272278,1.389000654220581,0.9685273830379759,8.940696716308594e-08,0.0,False,1.0403003692626953,0.9035934197854077,4.445909023284912,0.2907072603702545,0.5065901279449463,7
72,17,0.017684805064974687,0.8217586874961853,1.410879373550415,1.499242958745786,2.9802322387695312e-08,0.0,False,0.9814226031303406,0.8524528419092641,4.197098255157471,0.31186243891716003,0.5002402663230896,2
72,18,0.0189450973278179,0.7997479438781738,1.399873971939087,1.1564651195492064,0.0,0.0,False,1.0177091360092163,0.8839709239026574,4.286499977111816,0.3034984767436981,0.5046983361244202,7
72,19,0.011585446379473008,0.7705747485160828,1.3852872848510742,1.205342179962567,8.940696716308594e-08,0.0,False,0.960365891456604,0.8341632145354009,3.878298759460449,0.33478879928588867,0.5013745427131653,7
72,20,0.031764219916444895,0.7955861687660217,1.3977930545806885,0.22311185513223933,2.9802322387695312e-08,0.0,False,0.9812819957733154,0.8523307119107221,4.127521514892578,0.31556111574172974,0.5003191828727722,7
72,21,0.004095493015740748,0.8057616949081421,1.4028809070587158,0.27353451613868995,5.960464477539063e-08,0.0,False,0.9937990307807922,0.8632028703777961,4.173279285430908,0.31259873509407043,0.5018953084945679,7
72,22,0.011220411150835604,0.8012633323669434,1.4006316661834717,0.334827038858618,0.0,0.0,False,0.9679433703422546,0.8407449290689538,3.906449556350708,0.33462873101234436,0.5001238584518433,7
72,23,0.009463405187385565,0.7911404967308044,1.3955702781677246,0.6384971195033619,2.9802322387695312e-08,0.0,False,1.034034013748169,0.8981505325422021,4.315509796142578,0.30042150616645813,0.5187943577766418,7
72,24,0.04913571928795657,0.7677960395812988,1.3838980197906494,1.152079524738448,0.0,0.0,False,1.0528860092163086,0.9145251677515585,4.710371971130371,0.272565096616745,0.5249559879302979,2
73,1,-0.003137306846584534,0.7853566408157349,1.3926782608032227,1.5899515322276523,5.960464477539063e-08,0.0,False,0.8693342804908752,0.7550941618930418,3.1890203952789307,0.4114794433116913,0.5000483393669128,7
73,2,-0.00011689229149805047,0.8057218790054321,1.4028606414794922,0.06984312406608037,2.980232238769531e-07,0.0,False,0.8806962370872498,0.7649630319999012,3.252207040786743,0.4051312208175659,0.5016109943389893,7
73,3,0.026487111362581448,0.8133295774459839,1.4066648483276367,0.4496466059769903,5.960464477539063e-08,0.0,False,0.9371238946914673,0.8139754726483767,3.559807062149048,0.3695589303970337,0.5012037754058838,7
73,4,0.06332446468589077,0.8076364398002625,1.403818130493164,0.46921804334436146,8.940696716308594e-08,0.0,False,0.8965044021606445,0.7786938297206834,3.3610517978668213,0.3916332721710205,0.5050185918807983,7
73,5,-0.009060255347401559,0.7929986119270325,1.3964993953704834,0.2705838573830468,8.940696716308594e-08,0.0,False,0.9345751404762268,0.8117616528655636,3.654254198074341,0.35797762870788574,0.5011624097824097,2
73,6,-0.012679376005840935,0.8066225051879883,1.4033114910125732,0.3350949122437409,2.384185791015625e-07,0.0,False,0.884745717048645,0.7684803656035247,3.310619354248047,0.3977777659893036,0.5030528903007507,7
73,7,-0.004821255069424341,0.805114209651947,1.402557134628296,0.31003923927034654,2.9802322387695312e-08,0.0,False,0.9687846302986145,0.8414756381827404,3.8215491771698,0.3425837755203247,0.5031428933143616,2
73,8,0.030222652349214448,0.7927272319793701,1.3963637351989746,0.055134804121085734,1.1920928955078125e-07,0.0,False,0.9692465662956238,0.8418768706917276,3.8054757118225098,0.3430810570716858,0.5050026178359985,2
73,9,0.013330475349375575,0.7787032723426819,1.389351725578308,0.7939318354640688,8.940696716308594e-08,0.0,False,0.9765060544013977,0.8481823819432874,3.7705862522125244,0.34530481696128845,0.5039607286453247,7
73,10,-0.003514058920357674,0.7943321466445923,1.3971660137176514,0.670088455080986,5.960464477539063e-08,0.0,False,0.9119737148284912,0.7921303039816471,3.4384148120880127,0.38138335943222046,0.5028223395347595,2
73,11,0.00420221368403496,0.7898605465888977,1.394930124282837,0.3921627306512424,1.4901161193847656e-07,0.0,False,0.8908566832542419,0.7737882834079007,3.355942487716675,0.390676885843277,0.5030633211135864,7
73,12,0.013762016914062087,0.7883824706077576,1.3941913843154907,0.2797413266130856,1.4901161193847656e-07,0.0,False,0.9008439779281616,0.7824631373399509,3.3762214183807373,0.3880497217178345,0.5054048895835876,7
73,13,0.048610002353156885,0.7879112362861633,1.3939557075500488,0.14298792183399192,8.940696716308594e-08,0.0,False,0.9188790321350098,0.7981281863856712,3.47856068611145,0.3762601613998413,0.5027714967727661,2
73,14,-0.02311405799760667,0.7960652709007263,1.398032546043396,0.13382496897663385,8.940696716308594e-08,0.0,False,0.8717952370643616,0.7572317216131791,3.221111297607422,0.4082661271095276,0.5008362531661987,7
73,15,0.04345457881564726,0.7765334248542786,1.3882668018341064,0.38790553435683245,8.940696716308594e-08,0.0,False,0.9046462774276733,0.7857657727223137,3.426466226577759,0.3811649680137634,0.502713143825531,7
73,16,0.023892051138717743,0.7864334583282471,1.3932167291641235,0.46608101789440426,0.0,0.0,False,0.9096887707710266,0.7901456267904181,3.4181079864501953,0.3830580711364746,0.5014495849609375,2
73,17,-0.017147535692598918,0.7893849611282349,1.3946924209594727,0.07805709860154564,5.960464477539063e-08,0.0,False,0.9193321466445923,0.7985217566480352,3.4527664184570312,0.3793613314628601,0.5006473660469055,2
73,18,0.007402221408733721,0.7611928582191467,1.380596399307251,0.18551035118954545,2.9802322387695312e-08,0.0,False,0.9693277478218079,0.841947384069436,3.7955217361450195,0.34160494804382324,0.5024029016494751,2
73,19,-0.014338547051809238,0.784184992313385,1.3920925855636597,0.1585433472480095,8.940696716308594e-08,0.0,False,0.9394165277481079,0.8159668284194327,3.6364641189575195,0.3590089976787567,0.5032479763031006,2
73,20,0.01801805653827649,0.7802215218544006,1.390110731124878,0.40003751484411104,2.9802322387695312e-08,0.0,False,0.9261300563812256,0.8044263460222276,3.6582353115081787,0.35648679733276367,0.5024302005767822,7
73,21,0.014455105278162055,0.7902348637580872,1.3951175212860107,0.3577794187835285,8.940696716308594e-08,0.0,False,0.9913040399551392,0.8610357488818353,3.9390296936035156,0.33092647790908813,0.500205397605896,7
73,22,-0.005613596255815015,0.7959139943122864,1.3979570865631104,0.5532210767269135,8.940696716308594e-08,0.0,False,0.9303174614906311,0.8080634798872443,3.535738229751587,0.3705854117870331,0.5048471689224243,7
73,23,0.005375494885605797,0.7984691858291626,1.3992345333099365,0.11226430854627067,5.960464477539063e-08,0.0,False,0.9212197065353394,0.8001612703376618,3.5294578075408936,0.37152761220932007,0.5034357309341431,7
73,24,-0.00812847117263304,0.7850888967514038,1.3925445079803467,0.9929219739777702,5.960464477539063e-08,0.0,False,1.0304901599884033,0.8950723802771255,4.196898937225342,0.3088128864765167,0.5222547650337219,7
74,1,0.043660458833349874,0.7221790552139282,1.3610894680023193,1.4458245507308414,5.960464477539063e-08,0.0,False,0.9260901212692261,0.8043916588246764,3.4343326091766357,0.3753547668457031,0.5000015497207642,7
74,2,0.03139762611785419,0.7760515213012695,1.3880257606506348,1.5835256967693567,0.0,0.0,False,0.9652324318885803,0.8383902378465337,3.920679807662964,0.3314765989780426,0.5000721216201782,7
74,3,-0.04825611331685469,0.7426500916481018,1.3713250160217285,1.2862940760595458,2.9802322387695312e-08,0.0,False,1.0339200496673584,0.8980515445993397,4.1855669021606445,0.3070981204509735,0.5097846388816833,7
74,4,0.0004305387457897202,0.7743523120880127,1.387176275253296,1.3528386418308531,1.1920928955078125e-07,0.0,False,1.0256539583206177,0.8908717088817443,4.372909069061279,0.2957207262516022,0.5000885128974915,2
74,5,-0.023306004742450676,0.7577982544898987,1.378899097442627,0.5701916345528194,2.9802322387695312e-08,0.0,False,0.9573552012443542,0.8315481622436005,3.7376832962036133,0.3468210697174072,0.5021240711212158,7
74,6,0.020172190135985143,0.8003175258636475,1.4001588821411133,0.618910948080676,1.1920928955078125e-07,0.0,False,1.0296586751937866,0.8943501617609485,4.632637977600098,0.27983421087265015,0.5037614107131958,2
74,7,0.045459716845045135,0.77973872423172,1.3898694515228271,0.6816511015806879,8.940696716308594e-08,0.0,False,1.0620778799057007,0.9225091251891009,5.087108612060547,0.25263598561286926,0.5000244975090027,5
74,8,-0.05453931433105066,0.7786411046981812,1.3893206119537354,0.5137565423335348,5.960464477539063e-08,0.0,False,0.98708176612854,0.8573683284338822,4.287331581115723,0.3021494150161743,0.5009207725524902,2
74,9,-0.021987706459518544,0.7826969623565674,1.3913483619689941,0.9703317774193627,1.1920928955078125e-07,0.0,False,1.0161645412445068,0.8826293059364774,4.449659824371338,0.29084691405296326,0.502773106098175,1
74,10,-0.04360357175374901,0.7216845154762268,1.360842227935791,1.0017754286527634,2.9802322387695312e-08,0.0,False,1.1402045488357544,0.99036908760071,6.039986610412598,0.20835374295711517,0.5003225207328796,7
74,11,-0.06458194500671012,0.7865628600120544,1.3932815790176392,0.6980623060039112,1.4901161193847656e-07,0.0,False,1.0288007259368896,0.8936049565049018,4.5613813400268555,0.2837000787258148,0.50006103515625,1
74,12,-0.004977965532121721,0.7575563788414001,1.3787782192230225,0.3973032683134079,2.9802322387695312e-08,0.0,False,1.0538015365600586,0.9153203846984027,4.484729766845703,0.28695952892303467,0.5002514719963074,1
74,13,-0.019117330040242245,0.7483391761779785,1.3741695880889893,0.40377000187124523,0.0,0.0,False,1.0727512836456299,0.9317799258838544,4.938130855560303,0.25870898365974426,0.5095657706260681,1
74,14,0.025095803342964483,0.7853406071662903,1.3926702737808228,0.42917782068252575,2.9802322387695312e-08,0.0,False,1.0278840065002441,0.8928087041193246,4.462384223937988,0.2901684641838074,0.5018659234046936,5
74,15,-0.043286669013027385,0.7775821685791016,1.3887910842895508,0.26558519899845123,0.0,0.0,False,1.0361559391021729,0.8999936134867111,4.588172435760498,0.2814174294471741,0.5003400444984436,5
74,16,-0.020430848662828474,0.7787842154502869,1.3893921375274658,0.5464014442903655,2.9802322387695312e-08,0.0,False,1.064971923828125,0.9250228598008899,5.088517665863037,0.25248560309410095,0.5010649561882019,1
74,17,0.03535856640480182,0.7658156156539917,1.382907748222351,0.24588464200496674,5.960464477539063e-08,0.0,False,1.0771005153656006,0.9355576205568582,5.264860153198242,0.24295678734779358,0.5006902813911438,1
74,18,0.031236301148937724,0.7713485956192017,1.385674238204956,0.22802325870309548,5.960464477539063e-08,0.0,False,1.0725923776626587,0.9316419019007628,5.237058639526367,0.2446051836013794,0.5000975131988525,7
74,19,-0.05076020405978719,0.792141854763031,1.396070957183838,0.35715217036860325,2.9802322387695312e-08,0.0,False,1.0398590564727783,0.9032101003664992,4.784592151641846,0.2701498866081238,0.5000002384185791,5
74,20,0.056072881257273735,0.7959234118461609,1.3979617357254028,0.4378821573087147,2.9802322387695312e-08,0.0,False,1.028940200805664,0.8937261028366477,4.701413631439209,0.27538156509399414,0.5002520084381104,1
74,21,8.156612922394137e-05,0.7846224308013916,1.3923112154006958,0.8966329385127341,0.0,0.0,False,1.0173465013504028,0.8836559434401182,4.338246822357178,0.2987673878669739,0.5035141706466675,5
74,22,0.010907511481721432,0.7892405986785889,1.394620418548584,1.1604867279529572,1.1920928955078125e-07,0.0,False,1.0579450130462646,0.9189193626461131,5.060777187347412,0.2544804513454437,0.5011576414108276,2
74,23,-0.0021912603192995195,0.7756162881851196,1.387808084487915,0.4325423501431942,5.960464477539063e-08,0.0,False,1.0252788066864014,0.89054585631251,4.579870223999023,0.281826913356781,0.5005566477775574,5
74,24,0.011216945613479534,0.7628112435340881,1.3814055919647217,0.38974317588976454,2.9802322387695312e-08,0.0,False,1.027569055557251,0.8925351412061003,4.626579284667969,0.2780761420726776,0.5007677674293518,2
75,1,0.02331284215224315,0.780620813369751,1.3903104066848755,1.3416446617671423,0.0,0.0,False,0.9730450510978699,0.8451761926701453,3.811378240585327,0.3417210578918457,0.5000060796737671,2
75,2,0.0022733351708446297,0.7970576286315918,1.398528814315796,0.1428209591124738,0.0,0.0,False,0.9505423903465271,0.8256306298852472,3.805877923965454,0.34351539611816406,0.5000509023666382,2
75,3,-0.09219714923721398,0.8033393621444702,1.4016697406768799,0.259929890611342,5.960464477539063e-08,0.0,False,0.9470407962799072,0.8225891839232509,3.827497720718384,0.3419807255268097,0.5000262260437012,2
75,4,0.09282629656198664,0.7935482263565063,1.3967740535736084,0.7309183169688497,5.960464477539063e-08,0.0,False,0.8668952584266663,0.7529756542455893,3.2082676887512207,0.40973249077796936,0.5000248551368713,2
75,5,-0.02940759911260071,0.8136590719223022,1.406829595565796,0.11991978862455913,5.960464477539063e-08,0.0,False,0.8612526655197144,0.748074560319358,3.1851820945739746,0.4147654175758362,0.5003081560134888,7
75,6,-0.011611770784176025,0.7954009175300598,1.397700548171997,0.38742145736302647,8.940696716308594e-08,0.0,False,0.8773254156112671,0.7620351736669008,3.2342848777770996,0.4064866304397583,0.500704288482666,7
75,7,-0.05464700783978117,0.7805447578430176,1.3902723789215088,0.07863636101995222,0.0,0.0,False,0.8751493692398071,0.7601450838039194,3.224440574645996,0.4060964584350586,0.5092542767524719,7
75,8,0.030613626772433955,0.7856547832489014,1.3928275108337402,0.33471424026148666,1.1920928955078125e-07,0.0,False,0.988857626914978,0.858910821514239,3.9209024906158447,0.33217868208885193,0.50011146068573,7
75,9,0.06350018548300981,0.7791925668716431,1.3895962238311768,0.5637257993221283,5.960464477539063e-08,0.0,False,0.9146918058395386,0.7944912078364645,3.4081830978393555,0.3835723400115967,0.5008431077003479,7
75,10,-0.003400530020788433,0.8055947422981262,1.4027974605560303,0.32627473132950924,8.940696716308594e-08,0.0,False,0.913996160030365,0.7938869775638981,3.468491792678833,0.3790203928947449,0.5001108646392822,7
75,11,-0.005694232913007176,0.8086234331130981,1.4043118953704834,0.18848704759563722,1.7881393432617188e-07,0.0,False,0.8430392742156982,0.7322546096392003,3.0928616523742676,0.4270637631416321,0.5002424716949463,7
75,12,-0.01945463335637136,0.790684700012207,1.3953423500061035,0.31768033440623966,0.0,0.0,False,0.8637738227844238,0.7502644096955052,3.1927478313446045,0.4115091562271118,0.5000247955322266,2
75,13,0.03793130193197914,0.7998335361480713,1.399916648864746,0.05159987828561238,1.1920928955078125e-07,0.0,False,0.8704887628555298,0.75609693253389,3.2054340839385986,0.4107152223587036,0.500206708908081,2
75,14,-0.0013386135829882902,0.7985783815383911,1.3992892503738403,0.7779948807188443,5.960464477539063e-08,0.0,False,0.93598473072052,0.812986007395246,3.5897812843322754,0.36504268646240234,0.5040391087532043,7
75,15,-0.021875083886360946,0.7782239317893982,1.389112114906311,0.7450847891824586,1.4901161193847656e-07,0.0,False,0.8671234846115112,0.7531738889909974,3.1849067211151123,0.4113216996192932,0.5000128149986267,2
75,16,0.04066061059343812,0.7936050891876221,1.396802544593811,0.037283266229288764,0.0,0.0,False,0.8691584467887878,0.7549414346799435,3.2031025886535645,0.4104210436344147,0.5000200271606445,2
75,17,0.012107802305044015,0.7965533137321472,1.3982765674591064,0.4502145600106034,8.940696716308594e-08,0.0,False,0.9010940790176392,0.782680372386107,3.5377285480499268,0.3705404996871948,0.500612199306488,2
75,18,-0.004846800849031286,0.8171443939208984,1.4085721969604492,0.751729702843087,0.0,0.0,False,1.0142948627471924,0.8810053238278438,4.11751127243042,0.31752532720565796,0.5116893649101257,7
75,19,-3.935057498872336e-05,0.8012285232543945,1.4006142616271973,0.7272240551454681,0.0,0.0,False,0.8979228138923645,0.779925846496989,3.487888813018799,0.37645745277404785,0.5000015497207642,2
75,20,0.022018388553143677,0.8100585341453552,1.405029296875,0.44187057231153754,2.9802322387695312e-08,0.0,False,0.9380986094474792,0.814822099128308,3.6881067752838135,0.35596412420272827,0.5004395842552185,2
75,21,0.0035498263019327556,0.8071280717849731,1.4035639762878418,0.3652668254716056,5.960464477539063e-08,0.0,False,0.9136239290237427,0.7935636618195594,3.4952988624572754,0.3761286735534668,0.5004616975784302,2
75,22,0.034070159398902566,0.7960394620895386,1.3980196714401245,0.3211817964911461,5.960464477539063e-08,0.0,False,0.9316895008087158,0.8092552180968412,3.545128583908081,0.3696947395801544,0.5005956292152405,2
75,23,-0.01717648619566091,0.7922112345695496,1.3961056470870972,0.1818907154457909,2.9802322387695312e-08,0.0,False,0.8734219074249268,0.7586446295361172,3.2354369163513184,0.406033456325531,0.5005422234535217,2
75,24,0.03892906063919244,0.7862771153450012,1.3931385278701782,0.6036964740071977,2.9802322387695312e-08,0.0,False,1.0009043216705322,0.8693744476292591,4.021022319793701,0.3235797882080078,0.5014963150024414,2
76,1,0.027553690700558797,0.8198767304420471,1.4099383354187012,1.2045027698789323,2.9802322387695312e-08,0.0,False,1.0185275077819824,0.8846817525927728,4.291018486022949,0.304603636264801,0.5000098347663879,7
76,2,-0.009508733951567145,0.8147417306900024,1.407370686531067,0.31889038745846066,1.7881393432617188e-07,0.0,False,1.0125352144241333,0.879476912714254,4.106619358062744,0.3184533417224884,0.5043216943740845,7
76,3,-0.025178320855518865,0.8178504705429077,1.408925175666809,0.1643351337739398,5.960464477539063e-08,0.0,False,1.0110278129577637,0.8781676004365396,4.155735015869141,0.3148535490036011,0.5000002980232239,7
76,4,0.037743118983113895,0.8259446024894714,1.4129722118377686,0.31963010983807716,8.940696716308594e-08,0.0,False,1.0159235000610352,0.8824199402246911,4.245955944061279,0.30838459730148315,0.5001022815704346,7
76,5,-0.031083659314539703,0.8190635442733765,1.409531831741333,0.5472017249890737,5.960464477539063e-08,0.0,False,1.003496527671814,0.8716260091538854,4.056096076965332,0.32272982597351074,0.5102884769439697,7
76,6,0.01085169642875693,0.8244112730026245,1.412205696105957,0.5075478394116675,5.960464477539063e-08,0.0,False,1.0074330568313599,0.8750452349375695,4.114527225494385,0.3185994625091553,0.500059187412262,7
76,7,0.05356926762551921,0.8251087665557861,1.4125542640686035,0.12290341300623758,1.1920928955078125e-07,0.0,False,1.013462781906128,0.8802825875923004,4.131470680236816,0.31728118658065796,0.5000328421592712,7
76,8,-0.001899659453377508,0.7756811380386353,1.387840747833252,0.826703317463398,1.7881393432617188e-07,0.0,False,0.9607893228530884,0.8345310023733165,3.7602827548980713,0.34611254930496216,0.5014750957489014,7
76,9,0.03368216720636334,0.8095657229423523,1.404782772064209,0.057478034070559986,8.940696716308594e-08,0.0,False,0.9810087084770203,0.8520933375812115,3.9334352016448975,0.33282923698425293,0.5008609294891357,7
76,10,0.0608214206875936,0.8137306571006775,1.4068653583526611,0.29952653391020634,2.9802322387695312e-08,0.0,False,1.016653299331665,0.8830538358169542,4.24367094039917,0.30775800347328186,0.5000517964363098,7
76,11,-0.008043945558719482,0.8357149958610535,1.4178574085235596,0.3256121959005084,8.940696716308594e-08,0.0,False,1.0345959663391113,0.8986386383608771,4.354014873504639,0.3009777367115021,0.5002092123031616,7
76,12,0.05022124048350067,0.7878071069717407,1.3939034938812256,0.9857918699937207,5.960464477539063e-08,0.0,False,0.9915453195571899,0.8612453216813682,4.107159614562988,0.3166463375091553,0.5004152059555054,7
76,13,-0.029178725186364392,0.8185787200927734,1.4092893600463867,0.7602496397282396,0.0,0.0,False,1.034395694732666,0.898464684653755,4.297349452972412,0.3040499687194824,0.5000061392784119,7
76,14,0.021887801782804858,0.7959413528442383,1.3979706764221191,0.9715894290379117,0.0,0.0,False,1.0486100912094116,0.9108111525606262,4.707014560699463,0.275026798248291,0.5006768107414246,7
76,15,0.01955873154762415,0.7661600112915039,1.383080005645752,0.4399412306291716,0.0,0.0,False,0.9952155351638794,0.864433230452129,3.996690511703491,0.32415229082107544,0.5016039609909058,7
76,16,-0.016163490551254923,0.7982189059257507,1.3991093635559082,0.6357135634337152,8.940696716308594e-08,0.0,False,1.0337755680084229,0.8979260494249158,4.28068733215332,0.30395936965942383,0.500007688999176,7
76,17,0.04023454994170046,0.779081404209137,1.389540672302246,0.7531945237091611,2.9802322387695312e-08,0.0,False,1.028721809387207,0.8935364104607858,4.353246212005615,0.29742467403411865,0.500054121017456,7
76,18,0.016587767925440536,0.777314305305481,1.3886572122573853,0.16623342462948396,5.960464477539063e-08,0.0,False,1.0066179037094116,0.8743372019320328,4.049604892730713,0.32057082653045654,0.5009610056877136,7
76,19,-0.00031863971569116335,0.7899836897850037,1.3949918746948242,0.4016827749354498,2.9802322387695312e-08,0.0,False,1.0204198360443115,0.886325408037331,4.180397033691406,0.31097525358200073,0.501713752746582,7
76,20,0.034260181252868706,0.7750468254089355,1.3875234127044678,0.44085426575371195,0.0,0.0,False,1.0033522844314575,0.8715007210672081,4.091407775878906,0.3170209228992462,0.500118613243103,7
76,21,0.002533254217086631,0.8117661476135254,1.4058829545974731,0.6545131882386548,1.1920928955078125e-07,0.0,False,1.0329786539077759,0.8972338586319921,4.280930042266846,0.3048279285430908,0.5000207424163818,7
76,22,-0.02015521702526404,0.7763460874557495,1.3881731033325195,0.6154205650091171,5.960464477539063e-08,0.0,False,1.0127228498458862,0.8796398907708078,4.1579108238220215,0.31183257699012756,0.5000213384628296,7
76,23,-0.005035910268480322,0.8004525303840637,1.400226354598999,0.3333175650664738,8.940696716308594e-08,0.0,False,1.0209498405456543,0.8867857640979651,4.202462196350098,0.31002455949783325,0.5000472068786621,7
76,24,0.008899603861237497,0.7992290258407593,1.3996145725250244,0.11586797769580556,5.960464477539063e-08,0.0,False,1.0364141464233398,0.9002178895162508,4.385166168212891,0.2964412271976471,0.5003904104232788,7
77,1,-0.016873691802837685,0.7834438681602478,1.3917219638824463,1.4683522369180406,2.9802322387695312e-08,0.0,False,0.9183996915817261,0.797711836471184,3.457885503768921,0.37826618552207947,0.5001087188720703,2
77,2,0.02365249924110424,0.7933627367019653,1.3966814279556274,0.06740659688200276,5.960464477539063e-08,0.0,False,0.90444415807724,0.7855902140851555,3.3948445320129395,0.386444091796875,0.5000288486480713,2
77,3,0.02136760556728805,0.8083736300468445,1.404186725616455,1.0506698739315783,8.940696716308594e-08,0.0,False,0.9983747601509094,0.8671772984100451,4.078330993652344,0.31939470767974854,0.5370239615440369,7
77,4,0.03203490867876653,0.8263178467750549,1.413158893585205,0.1506129716123853,2.9802322387695312e-08,0.0,False,1.0252845287322998,0.8905508264184278,4.219383716583252,0.3101780414581299,0.5091588497161865,7
77,5,-0.10289027689346478,0.7956295013427734,1.3978147506713867,0.8401829930288451,0.0,0.0,False,1.0026960372924805,0.870930712044763,4.086091041564941,0.3186781406402588,0.5085022449493408,7
77,6,0.04073190157539826,0.770649790763855,1.3853249549865723,1.6505730120199067,5.960464477539063e-08,0.0,False,0.999070405960083,0.8677815286826115,4.039968967437744,0.3208416998386383,0.5025856494903564,2
77,7,0.0006715863516616911,0.7890417575836182,1.394520878791809,1.46639783680439,0.0,0.0,False,1.0006275177001953,0.8691340187554867,3.982733726501465,0.32689565420150757,0.5061984062194824,7
77,8,-0.05460240492139933,0.7826915383338928,1.3913458585739136,0.8576391488313675,8.940696716308594e-08,0.0,False,0.9659562110900879,0.8390189044731958,3.734060525894165,0.3489711284637451,0.5100210309028625,7
77,9,0.026418815462856196,0.7558948397636414,1.3779473304748535,0.4875267344926084,8.940696716308594e-08,0.0,False,0.901256263256073,0.7828212438257139,3.384014368057251,0.3842678964138031,0.5003253221511841,7
77,10,-0.008597861167386889,0.7859702110290527,1.3929851055145264,0.20552302737321163,0.0,0.0,False,0.9434059858322144,0.8194320276828562,3.589113473892212,0.36403337121009827,0.5047686696052551,7
77,11,0.051792351595885314,0.804668664932251,1.402334213256836,0.8279819179858481,1.1920928955078125e-07,0.0,False,0.9402530193328857,0.8166933957782877,3.784681797027588,0.3460996150970459,0.5004439949989319,2
77,12,0.08286624771140426,0.797909677028656,1.3989547491073608,0.3096604943275453,8.940696716308594e-08,0.0,False,0.8688435554504395,0.7546679235386557,3.243515968322754,0.4055507183074951,0.5000083446502686,2
77,13,-0.0033350073507797356,0.7865962982177734,1.3932981491088867,0.3565922057522195,0.0,0.0,False,0.8891804218292236,0.7723323012336752,3.395294189453125,0.38577425479888916,0.5001000165939331,7
77,14,0.013285291555847132,0.7930662035942078,1.3965332508087158,0.5851457241390433,1.4901161193847656e-07,0.0,False,0.9570351839065552,0.8312701987157615,3.7609119415283203,0.3474699854850769,0.50013667345047,2
77,15,-0.013681992678342438,0.7999101281166077,1.3999550342559814,0.08398964788232532,2.9802322387695312e-08,0.0,False,0.9417641162872314,0.818005917916074,3.6516454219818115,0.3588380813598633,0.5001728534698486,2
77,16,-0.027277233625085964,0.8237380981445312,1.4118691682815552,1.7370409614273479,1.1920928955078125e-07,0.0,False,1.0207862854003906,0.8866437019038153,4.274823188781738,0.3056284785270691,0.5149114727973938,7
77,17,0.022760959178270423,0.8460814356803894,1.4230406284332275,1.0393025087458745,8.940696716308594e-08,0.0,False,1.071254014968872,0.9304794148353694,4.917625427246094,0.26521551609039307,0.5032259225845337,7
77,18,-0.015203801075940639,0.826166570186615,1.4130833148956299,1.0232476741075516,2.9802322387695312e-08,0.0,False,1.00735342502594,0.8749760676302137,4.188798427581787,0.3120744526386261,0.5251086950302124,7
77,19,0.043401716583771045,0.7931578755378723,1.3965789079666138,1.07051063648292,2.9802322387695312e-08,0.0,False,0.9468218088150024,0.8223989738280225,3.6460280418395996,0.3588610291481018,0.5000050067901611,7
77,20,0.01853763725646265,0.7926682829856873,1.396334171295166,0.7013651478503431,2.9802322387695312e-08,0.0,False,0.9586496949195862,0.8326725451636243,4.10871696472168,0.3168526291847229,0.5007544755935669,2
77,21,0.04592864485026355,0.8148117661476135,1.4074058532714844,0.7079434932342596,2.9802322387695312e-08,0.0,False,0.9641435742378235,0.83744446810793,3.806155204772949,0.34484678506851196,0.5005240440368652,2
77,22,0.003014144272989011,0.7884142994880676,1.3942071199417114,0.4748961076672587,2.9802322387695312e-08,0.0,False,0.9249054193496704,0.80336263981195,3.7558271884918213,0.347590833902359,0.5000941753387451,2
77,23,-0.02922131233518197,0.7979684472084045,1.3989841938018799,0.2491003131227832,2.9802322387695312e-08,0.0,False,0.9064444303512573,0.7873276285069751,3.4341673851013184,0.38227397203445435,0.5000007748603821,2
77,24,-0.0687650401172431,0.7910490036010742,1.395524501800537,0.17494345190269595,0.0,0.0,False,0.8926374316215515,0.7753350217870623,3.3252921104431152,0.3945983946323395,0.5000007152557373,2
78,1,0.04530105225771304,0.7936407923698425,1.3968204259872437,1.4906767149056708,2.9802322387695312e-08,0.0,False,0.9139742851257324,0.79386797726315,3.427748918533325,0.38262057304382324,0.5002930164337158,2
78,2,0.06496027700334805,0.7916881442070007,1.3958439826965332,0.1118113238896643,8.940696716308594e-08,0.0,False,0.9075518846511841,0.7882895510898116,3.4727344512939453,0.37730079889297485,0.5007953643798828,2
78,3,0.0014250288569139895,0.8126847743988037,1.4063425064086914,1.192490000809942,1.1920928955078125e-07,0.0,False,0.9579002857208252,0.8320216166042055,3.9939258098602295,0.32768726348876953,0.5047396421432495,7
78,4,0.03189488332788399,0.8074281811714172,1.4037140607833862,1.237432166401829,2.9802322387695312e-08,0.0,False,0.9029181003570557,0.7842646971912718,3.4314393997192383,0.3834296464920044,0.5000325441360474,2
78,5,0.023354006614687676,0.8022863268852234,1.4011430740356445,0.3639688300234931,8.940696716308594e-08,0.0,False,0.9371755123138428,0.81402030714551,3.8407697677612305,0.3406672775745392,0.5001311898231506,2
78,6,0.001997603149633709,0.8042159676551819,1.4021079540252686,0.3278788370745522,2.9802322387695312e-08,0.0,False,0.9476970434188843,0.8231591929456958,3.9992854595184326,0.3267543315887451,0.5,2
78,7,-0.001124240205085474,0.7949938178062439,1.3974970579147339,0.3661217380847249,1.4901161193847656e-07,0.0,False,0.9490057229995728,0.8242958975866408,3.7356326580047607,0.3500578701496124,0.5004960298538208,2
78,8,0.03319424013595639,0.8152835965156555,1.407641887664795,0.5296508483588696,8.940696716308594e-08,0.0,False,0.9645611643791199,0.8378071822960544,4.003884792327881,0.32712632417678833,0.5010890960693359,2
78,9,0.0070758637480294855,0.7877811193466187,1.393890619277954,1.089056907487767,5.960464477539063e-08,0.0,False,1.0361236333847046,0.8999655530970503,4.421985626220703,0.292456716299057,0.5255169868469238,7
78,10,0.02593450785610146,0.8056966066360474,1.402848243713379,0.5308679108108794,5.960464477539063e-08,0.0,False,1.0267536640167236,0.891826901112817,4.277362823486328,0.304609090089798,0.5031532645225525,7
78,11,-0.001476173270768993,0.7963725924491882,1.398186445236206,0.12293315146650585,1.4901161193847656e-07,0.0,False,1.025057315826416,0.8903534717959427,4.189882755279541,0.31068792939186096,0.5012276768684387,7
78,12,0.061794117215605494,0.8103312253952026,1.4051655530929565,0.27184052020311356,5.960464477539063e-08,0.0,False,1.0061897039413452,0.8739652723391859,4.1750102043151855,0.3127206563949585,0.503714919090271,7
78,13,0.03414232191440093,0.774963915348053,1.387481927871704,1.2640624929751667,2.9802322387695312e-08,0.0,False,1.0034805536270142,0.871612134274865,4.200263500213623,0.308381050825119,0.5030282735824585,7
78,14,0.04394160016688448,0.8186156153678894,1.409307837486267,0.7907955284629548,2.9802322387695312e-08,0.0,False,1.044271469116211,0.907042673292345,4.571085453033447,0.2849786877632141,0.500060498714447,7
78,15,-0.044880728571503596,0.7896811366081238,1.3948405981063843,0.7511644618851798,2.9802322387695312e-08,0.0,False,0.9834389686584473,0.8542042347539774,4.10536527633667,0.3167107403278351,0.5081994533538818,7
78,16,0.002668630477985469,0.7976906895637512,1.3988453149795532,1.7778454859341895,2.9802322387695312e-08,0.0,False,1.055932641029358,0.9171714385211549,5.161270618438721,0.24775896966457367,0.5706796050071716,2
78,17,-0.021171584489651375,0.8329558372497559,1.416478157043457,1.002468274108001,2.384185791015625e-07,0.0,False,1.001469373703003,0.8698652455886395,4.257884979248047,0.3071273863315582,0.5272884368896484,2
78,18,0.018675573731842858,0.8600027561187744,1.4300014972686768,0.5372472405433655,1.1920928955078125e-07,0.0,False,1.037500023841858,0.9011610706580223,4.681521892547607,0.28021490573883057,0.5006493926048279,2
78,19,0.03405312458159621,0.8321795463562012,1.4160898923873901,0.5229225499289376,1.1920928955078125e-07,0.0,False,1.0070216655731201,0.8746879050308559,4.319075584411621,0.3032764494419098,0.5013172626495361,5
78,20,0.03192917487793144,0.8300896286964417,1.415044903755188,0.5192745743053301,8.940696716308594e-08,0.0,False,0.9576214551925659,0.8317794274845871,4.180028915405273,0.31369948387145996,0.502022385597229,7
78,21,-0.012578278156086586,0.7990452647209167,1.3995225429534912,1.2702423041420323,8.940696716308594e-08,0.0,False,1.024196743965149,0.8896059885746838,4.323732376098633,0.2994033098220825,0.5521583557128906,7
78,22,0.022789560943789314,0.8044441342353821,1.4022222757339478,0.2775234622614724,2.086162567138672e-07,0.0,False,1.1030309200286865,0.9580804838742514,5.258688926696777,0.2451377511024475,0.5006315112113953,7
78,23,-0.033809970677150386,0.8040083050727844,1.4020042419433594,0.4846978698457989,8.940696716308594e-08,0.0,False,1.0263322591781616,0.8914608735207474,4.535895347595215,0.2862268090248108,0.5071933269500732,7
78,24,0.008332637762078602,0.7901603579521179,1.3950802087783813,1.0615883682455336,2.9802322387695312e-08,0.0,False,0.9580641388893127,0.8321639376580384,3.777177095413208,0.3452583849430084,0.5158530473709106,5
79,1,-0.006865272325247066,0.8016204237937927,1.4008102416992188,1.2697576539857047,2.9802322387695312e-08,0.0,False,0.9989503622055054,0.8676772600022115,3.961782932281494,0.3297753930091858,0.5005278587341309,7
79,2,-0.007303552105961004,0.7954285144805908,1.3977141380310059,1.7716205247810908,1.1920928955078125e-07,0.0,False,0.9765004515647888,0.8481775153812429,3.8574399948120117,0.3385757803916931,0.5014729499816895,2
79,3,-0.042937732112270796,0.7887551784515381,1.394377589225769,0.2122512342674391,0.0,0.0,False,0.9578118920326233,0.8319448388221631,3.8679323196411133,0.33713382482528687,0.5006767511367798,2
79,4,0.06488728522548928,0.7744836807250977,1.3872419595718384,0.1258326545357704,1.1920928955078125e-07,0.0,False,0.9559615254402161,0.830337630821002,3.824286937713623,0.34002193808555603,0.500831127166748,2
79,5,0.004030717585775822,0.7497976422309875,1.374898910522461,1.8690871649554799,8.940696716308594e-08,0.0,False,1.0294528007507324,0.8941713414917818,4.255552768707275,0.30229389667510986,0.5111904740333557,7
79,6,0.029286787534456297,0.7775521278381348,1.3887760639190674,0.7179686874151231,0.0,0.0,False,0.9100708365440369,0.790477484904303,3.4732449054718018,0.3759925663471222,0.5008322596549988,7
79,7,0.029848001259178254,0.7863680720329285,1.393183946609497,0.7723325533526284,8.940696716308594e-08,0.0,False,1.0056902170181274,0.8735314235101131,4.118178844451904,0.31566986441612244,0.5001274943351746,2
79,8,0.008185217358839373,0.7472386956214905,1.3736193180084229,2.0059593016547814,2.9802322387695312e-08,0.0,False,0.9763223528862,0.848022820834552,3.754565954208374,0.3443005681037903,0.5040276050567627,7
79,9,-0.03755058002547512,0.7647453546524048,1.3823726177215576,0.27740799529211857,5.960464477539063e-08,0.0,False,1.0228694677352905,0.888453131089506,4.093167781829834,0.3161464333534241,0.5000039339065552,7
79,10,-0.0713855255365362,0.7338098883628845,1.3669049739837646,2.3505876777427535,2.9802322387695312e-08,0.0,False,0.8957419395446777,0.7780315631071395,3.2886643409729004,0.3936305344104767,0.5003520846366882,2
79,11,-0.054012939797998955,0.7243561148643494,1.362178087234497,0.04532432449715457,2.9802322387695312e-08,0.0,False,0.9120211601257324,0.7921715144432153,3.374768018722534,0.38238972425460815,0.5001490712165833,2
79,12,-0.16347127715125429,0.7616831660270691,1.3808414936065674,0.8616750698004452,8.940696716308594e-08,0.0,False,1.0437495708465576,0.9065893582150945,4.408444881439209,0.29241278767585754,0.5002058744430542,2
79,13,0.12399516845267872,0.7172917723655701,1.3586459159851074,1.1395551700677191,2.9802322387695312e-08,0.0,False,1.0611944198608398,0.9217417615441708,4.793902397155762,0.26506567001342773,0.5100494623184204,1
79,14,-0.006617810147003366,0.7504926323890686,1.375246286392212,1.3859141266771724,2.9802322387695312e-08,0.0,False,0.9926440119743347,0.8621996337895181,3.9869232177734375,0.3238401412963867,0.5004322528839111,7
79,15,0.013603224248292332,0.8059664368629456,1.4029831886291504,0.8295199519821577,2.9802322387695312e-08,0.0,False,1.0194194316864014,0.8854564678527063,4.173796653747559,0.3126252293586731,0.5000065565109253,7
79,16,0.003242273023193049,0.7971408367156982,1.3985704183578491,0.5866101320300784,0.0,0.0,False,1.009063482284546,0.8764614044925161,4.2029547691345215,0.30966269969940186,0.5036804676055908,7
79,17,-0.04040568361204375,0.8211886286735535,1.4105944633483887,0.53818447089621,1.4901161193847656e-07,0.0,False,0.9378448128700256,0.81460165422208,3.7900984287261963,0.3468382656574249,0.5012726783752441,7
79,18,0.023170672035610535,0.777332603931427,1.3886663913726807,0.7063127027026246,8.940696716308594e-08,0.0,False,0.9622095227241516,0.8357645723077214,4.033437728881836,0.32146766781806946,0.5176745057106018,1
79,19,0.025887329508563945,0.8136610388755798,1.4068305492401123,0.4816066143768174,2.9802322387695312e-08,0.0,False,1.0268490314483643,0.8919097362114466,4.486891269683838,0.2902980446815491,0.5000005960464478,1
79,20,0.0346663935012417,0.8220434188842773,1.4110218286514282,0.8106814580304282,1.1920928955078125e-07,0.0,False,0.9945873022079468,0.8638875542399065,4.244524002075195,0.3081893026828766,0.5017843246459961,2
79,21,-0.016260198786783604,0.8243803977966309,1.4121901988983154,1.1099857448467185,0.0,0.0,False,1.0354666709899902,0.8993949228113656,4.408206939697266,0.2964010536670685,0.5000002384185791,7
79,22,-0.02632091739400814,0.8171514272689819,1.4085758924484253,1.3697766358298915,1.7881393432617188e-07,0.0,False,0.9244245886802673,0.8029449955990469,3.6826140880584717,0.35705092549324036,0.5016795992851257,2
79,23,0.022189302474059643,0.8077972531318665,1.4038987159729004,0.32402551333819124,8.940696716308594e-08,0.0,False,0.9120962619781494,0.7922367470833862,3.524547576904297,0.3728711009025574,0.5031696557998657,1
79,24,0.0328078064386432,0.8076128959655762,1.4038065671920776,0.8732954247721604,1.1920928955078125e-07,0.0,False,1.0099843740463257,0.8772612809136583,4.195544719696045,0.31101086735725403,0.5011336803436279,2
80,1,-0.021074394054048415,0.7587041854858398,1.37935209274292,1.4391876900834697,0.0,0.0,False,0.9353556632995605,0.8124396063759103,3.748613119125366,0.3458237946033478,0.5030015110969543,7
80,2,0.034125142971028824,0.7650570273399353,1.38252854347229,0.3551781704383238,2.9802322387695312e-08,0.0,False,1.0233718156814575,0.8888894649715375,4.123612880706787,0.31367725133895874,0.5024153590202332,7
80,3,0.039074828902434175,0.8162075877189636,1.4081038236618042,0.9767732194491794,2.9802322387695312e-08,0.0,False,0.9803172945976257,0.8514927831161468,3.870654344558716,0.3389749526977539,0.5002176761627197,7
80,4,-0.03241624583859894,0.8010698556900024,1.4005348682403564,0.4238198804003852,5.960464477539063e-08,0.0,False,1.032670021057129,0.896965783544052,4.186768054962158,0.311170369386673,0.504008412361145,7
80,5,0.012535286484056942,0.8285179138183594,1.4142589569091797,0.8315440788865089,0.0,0.0,False,0.9467373490333557,0.8223256129937987,3.6751842498779297,0.3587377071380615,0.5008212327957153,7
80,6,-0.0011095205286926618,0.805759072303772,1.4028794765472412,0.5233586819044183,5.960464477539063e-08,0.0,False,0.9886565804481506,0.8587361947719405,3.962547540664673,0.33002281188964844,0.5001289248466492,7
80,7,-0.06321228501688068,0.782977283000946,1.3914885520935059,0.07335018685885833,8.940696716308594e-08,0.0,False,1.0003048181533813,0.8688537254904987,3.97304368019104,0.3274400234222412,0.5002938508987427,7
80,8,0.03781813355355326,0.8363116979598999,1.4181559085845947,0.6003589608839579,5.960464477539063e-08,0.0,False,1.0346906185150146,0.8987208521962671,4.233919620513916,0.3099772334098816,0.5002239942550659,7
80,9,-0.010514969246343604,0.8142262101173401,1.4071130752563477,0.9605204910039902,2.9802322387695312e-08,0.0,False,0.9703621864318848,0.8428458860298842,3.7587411403656006,0.3492978811264038,0.5017133951187134,7
80,10,0.004809847752250299,0.8214025497436523,1.4107012748718262,1.3947766178420613,0.0,0.0,False,0.9684667587280273,0.8411995384446206,3.7606139183044434,0.3497219681739807,0.5001088976860046,7
80,11,0.020982184337721012,0.8278430104255676,1.413921594619751,0.23293498052018038,8.940696716308594e-08,0.0,False,0.8932330012321472,0.7758523269780042,3.336042881011963,0.3966679275035858,0.5000250935554504,7
80,12,-0.01126561435368569,0.8264110088348389,1.413205623626709,0.03959077224135393,1.1920928955078125e-07,0.0,False,0.8842501044273376,0.768049881950334,3.3028724193573,0.40066656470298767,0.5000414848327637,7
80,13,0.011978975705086868,0.8084086179733276,1.4042043685913086,0.06429488424743932,5.960464477539063e-08,0.0,False,0.8730821013450623,0.7583494777253125,3.219428062438965,0.4097018241882324,0.5000919103622437,7
80,14,0.016955658150047466,0.8060857653617859,1.4030427932739258,1.310755537024566,8.940696716308594e-08,0.0,False,1.0349781513214111,0.8989706000186354,4.243021488189697,0.30686765909194946,0.5154894590377808,7
80,15,-0.036571413732783324,0.7958414554595947,1.3979206085205078,0.6232544992651257,1.1920928955078125e-07,0.0,False,1.0312728881835938,0.8957522493491281,4.184646129608154,0.3108961582183838,0.5070967674255371,7
80,16,0.06599813558751305,0.8412927985191345,1.4206464290618896,0.3319731482437679,2.9802322387695312e-08,0.0,False,0.9850242137908936,0.8555811611809483,3.953583240509033,0.3333742022514343,0.5002490878105164,7
80,17,0.02585147929868653,0.7995754480361938,1.3997876644134521,0.3579287954739163,5.960464477539063e-08,0.0,False,1.0395171642303467,0.9029131365379119,4.228567600250244,0.3079652786254883,0.500075101852417,7
80,18,-0.0022386994558258855,0.7919077277183533,1.395953893661499,0.5039998846394675,2.9802322387695312e-08,0.0,False,0.9240977168083191,0.8026610782984939,3.5101215839385986,0.37303537130355835,0.5051972270011902,7
80,19,0.01806996087982298,0.8072413802146912,1.403620719909668,0.47864294903618954,2.9802322387695312e-08,0.0,False,0.9334287643432617,0.8107659232080988,3.6132616996765137,0.36338192224502563,0.5010274648666382,2
80,20,0.014183911888056533,0.797371506690979,1.3986856937408447,0.42383108554141863,5.960464477539063e-08,0.0,False,0.8981491327285767,0.7801224245404244,3.376988410949707,0.3888872563838959,0.5014144778251648,7
80,21,0.02428078456469924,0.7970932722091675,1.3985466957092285,0.016527995999370326,5.960464477539063e-08,0.0,False,0.9015059471130371,0.7830381164683137,3.394923448562622,0.38668394088745117,0.5032483339309692,7
80,22,-0.0016618883024432812,0.811863124370575,1.4059314727783203,1.3284659481474332,8.940696716308594e-08,0.0,False,1.0058345794677734,0.8736568151406637,4.056396961212158,0.3224502205848694,0.5016154050827026,7
80,23,0.02963255321293698,0.7847850918769836,1.392392635345459,0.967701371226992,8.940696716308594e-08,0.0,False,1.0515539646148682,0.9133681685114492,4.527773857116699,0.28544098138809204,0.5133078694343567,7
80,24,0.018591921689705505,0.7872864007949829,1.3936431407928467,0.6682362769331252,5.960464477539063e-08,0.0,False,0.9462494254112244,0.8219018079204349,3.7125747203826904,0.35135892033576965,0.512973964214325,7
81,1,0.03204593020378671,0.7948622107505798,1.3974311351776123,1.2327808077846254,2.9802322387695312e-08,0.0,False,1.0105329751968384,0.8777377898185252,4.1940693855285645,0.3102743625640869,0.5007612705230713,7
81,2,-0.01573382122468367,0.789002001285553,1.394500970840454,0.24535903760365074,2.9802322387695312e-08,0.0,False,1.0290374755859375,0.8938105946372499,4.316039562225342,0.30075210332870483,0.5001300573348999,7
81,3,-0.0030504155110344273,0.8339513540267944,1.416975736618042,1.2162490534995285,5.960464477539063e-08,0.0,False,0.985899806022644,0.8563416909302414,4.286932945251465,0.30579888820648193,0.5005229711532593,7
81,4,0.0005633636372359709,0.8096332550048828,1.4048166275024414,0.689785279865776,0.0,0.0,False,1.0107243061065674,0.8779039777351508,4.084136009216309,0.3196582794189453,0.5139496922492981,7
81,5,0.00656059658554402,0.7973120808601379,1.3986561298370361,0.710276988468,8.940696716308594e-08,0.0,False,0.9768596887588501,0.8484895448433933,4.094915390014648,0.3182827830314636,0.5011070966720581,7
81,6,-0.04966545474838685,0.800123393535614,1.4000616073608398,0.22906630699123648,8.940696716308594e-08,0.0,False,0.9652342200279236,0.838391791004633,4.060833930969238,0.3212588429450989,0.5014830827713013,7
81,7,-0.0923219578380095,0.8093035817146301,1.4046518802642822,0.8430168564830508,8.940696716308594e-08,0.0,False,0.9101527333259583,0.7905486195452512,3.423769235610962,0.38447102904319763,0.5006012916564941,2
81,8,-0.010240339869557153,0.7859131693840027,1.3929564952850342,1.45640230178833,8.940696716308594e-08,0.0,False,1.0080536603927612,0.8755842843419017,4.235404968261719,0.30591970682144165,0.5227078795433044,1
81,9,-4.152098106752168e-05,0.7681019306182861,1.384050965309143,0.1837422496506146,0.0,0.0,False,1.0377416610717773,0.9013709540891751,4.483211994171143,0.28711384534835815,0.5238189101219177,1
81,10,-0.005885196587444565,0.8022866249084473,1.4011433124542236,1.3316936492919922,0.0,0.0,False,0.96726393699646,0.8401547807631545,3.8639676570892334,0.3385169506072998,0.5008940696716309,2
81,11,-0.04284551165751716,0.7903755307197571,1.3951878547668457,1.373970596918038,8.940696716308594e-08,0.0,False,1.054013729095459,0.9155046927928536,4.56454610824585,0.28356900811195374,0.5057486295700073,7
81,12,-0.058616053452213324,0.7856651544570923,1.3928323984146118,1.3461675665208273,1.7881393432617188e-07,0.0,False,0.9719944000244141,0.84426360874293,3.8495993614196777,0.3385700285434723,0.5005455613136292,2
81,13,0.04233106317318394,0.7616122961044312,1.3808062076568604,1.5135069361754825,5.960464477539063e-08,0.0,False,1.043843150138855,0.9066706401556247,4.633071422576904,0.2773318290710449,0.511113166809082,1
81,14,-0.12729396058518105,0.770051896572113,1.385025978088379,1.0755222759076528,2.9802322387695312e-08,0.0,False,1.0205035209655762,0.8863980958363785,4.386697292327881,0.2944241166114807,0.5019222497940063,7
81,15,-0.014453178233310991,0.7264394760131836,1.3632197380065918,2.4386216210467477,0.0,0.0,False,0.9249649047851562,0.8034143082047203,3.42649507522583,0.37662839889526367,0.5003688335418701,2
81,16,0.05515138967066609,0.7597672939300537,1.3798837661743164,0.4909246484083788,1.1920928955078125e-07,0.0,False,0.9730145931243896,0.8451497372105204,3.9735183715820312,0.32566744089126587,0.5005742311477661,2
81,17,0.004514207891036799,0.7732678651809692,1.3866339921951294,1.9879444465041163,5.960464477539063e-08,0.0,False,0.9540669322013855,0.8286920080428513,3.7439181804656982,0.34752440452575684,0.5001329183578491,7
81,18,0.08496523901266163,0.7785108089447021,1.3892555236816406,1.935343925974199,1.1920928955078125e-07,0.0,False,1.027474045753479,0.8924526167390906,4.245348930358887,0.30523860454559326,0.5017331838607788,2
81,19,0.02093705402604462,0.7670301795005798,1.3835151195526123,1.8182494480695044,2.9802322387695312e-08,0.0,False,0.9754194021224976,0.8472385277663396,3.7944085597991943,0.3422298729419708,0.5001809000968933,7
81,20,-0.008572855320722522,0.7771754264831543,1.3885877132415771,0.20675509848764959,0.0,0.0,False,1.008149266242981,0.875667326528278,4.049294471740723,0.3206111192703247,0.5000246167182922,7
81,21,0.003192397615927929,0.8025639653205872,1.4012820720672607,1.421511818255697,8.940696716308594e-08,0.0,False,0.9404785633087158,0.8168893007865468,3.6226658821105957,0.36186543107032776,0.5064060688018799,7
81,22,-0.026899640388102518,0.8153674602508545,1.4076838493347168,0.49263352474996014,1.1920928955078125e-07,0.0,False,1.0058265924453735,0.8736498777011535,4.031957626342773,0.3247710168361664,0.5005179047584534,2
81,23,-0.012690350329059914,0.8162690997123718,1.4081344604492188,0.35963210676397595,8.940696716308594e-08,0.0,False,0.9513776302337646,0.8263561100334327,3.709941864013672,0.35422995686531067,0.5021806955337524,2
81,24,0.04778440244565143,0.8211209177970886,1.4105604887008667,0.5464344620704651,2.9802322387695312e-08,0.0,False,1.0412802696228027,0.9044445504238271,4.301122188568115,0.30392298102378845,0.5003987550735474,2
82,1,0.07920670369831069,0.8354212045669556,1.4177106618881226,1.2911663917558533,5.960464477539063e-08,0.0,False,1.0125913619995117,0.8795256818785722,4.220487594604492,0.3109576404094696,0.5000714063644409,7
82,2,-0.018731815852374312,0.8371539115905762,1.418576955795288,0.05353101023605894,0.0,0.0,False,1.009445309638977,0.8767930555186544,4.229367733001709,0.31038689613342285,0.5000562071800232,7
82,3,0.020644533542481868,0.8303534388542175,1.4151766300201416,0.29949298075267256,8.940696716308594e-08,0.0,False,0.9995397329330444,0.8681891809117426,4.11809778213501,0.3187171220779419,0.5000213384628296,7
82,4,-0.01550621484910545,0.8354758024215698,1.4177379608154297,0.6622250857097761,5.960464477539063e-08,0.0,False,1.0175018310546875,0.8837908611070112,4.241275787353516,0.3093620538711548,0.5001322627067566,7
82,5,0.007817114485630574,0.8269778490066528,1.4134888648986816,0.47847381234169006,5.960464477539063e-08,0.0,False,1.0336332321166992,0.8978024180402111,4.44244909286499,0.29403039813041687,0.5045070648193359,7
82,6,0.020726685857201287,0.7790666818618774,1.389533281326294,1.0201743936964442,5.960464477539063e-08,0.0,False,1.0043522119522095,0.8723692470763397,4.1393842697143555,0.31332090497016907,0.5059175491333008,2
82,7,-0.023200594352102186,0.7827034592628479,1.3913516998291016,0.9194001789603914,2.9802322387695312e-08,0.0,False,0.9809625148773193,0.8520532143303128,3.8667914867401123,0.3367234468460083,0.502585768699646,7
82,8,0.0591216626732793,0.7920981645584106,1.39604914188385,1.0809182365025793,5.960464477539063e-08,0.0,False,1.0388739109039307,0.9023544137976552,4.36482048034668,0.2970872223377228,0.5129773616790771,2
82,9,0.03981418226034135,0.7415481805801392,1.3707740306854248,2.0315151682921817,5.960464477539063e-08,0.0,False,1.0303878784179688,0.8949835396338452,4.092122554779053,0.31455594301223755,0.5000017881393433,7
82,10,0.027425355460396476,0.7658843994140625,1.3829421997070312,0.6276730362858092,0.0,0.0,False,1.03910493850708,0.9025550818240855,4.161738872528076,0.31070077419281006,0.5040390491485596,7
82,11,0.011942690209155794,0.7834144830703735,1.391707181930542,0.5187168036188399,5.960464477539063e-08,0.0,False,1.0336620807647705,0.8978274756575466,4.156882286071777,0.31226852536201477,0.5050575137138367,7
82,12,0.002176837616735569,0.7955905199050903,1.3977952003479004,0.975316950253078,5.960464477539063e-08,0.0,False,0.9175295233726501,0.7969560179681254,3.4569332599639893,0.37938234210014343,0.5026472806930542,7
82,13,-0.04023060213929122,0.7803045511245728,1.3901523351669312,0.36103157060486957,5.960464477539063e-08,0.0,False,1.0094685554504395,0.8768132465739453,4.271427631378174,0.30329716205596924,0.5060917735099792,2
82,14,0.010813376220210058,0.8010270595550537,1.4005136489868164,0.346177285803216,1.1920928955078125e-07,0.0,False,1.019470453262329,0.8855007846304731,4.365548610687256,0.2978132665157318,0.5053196549415588,2
82,15,0.020046594678508563,0.7958171963691711,1.3979086875915527,1.728466408593314,8.940696716308594e-08,0.0,False,1.0341212749481201,0.8982263266574482,4.268271446228027,0.3041289448738098,0.5216569304466248,7
82,16,-0.02087823236069224,0.8043199181556702,1.4021599292755127,0.45509229600429535,2.9802322387695312e-08,0.0,False,1.02436101436615,0.8897486720320732,4.202661037445068,0.31027087569236755,0.5000029802322388,7
82,17,0.036589374637914146,0.7890428900718689,1.3945214748382568,1.1606689499957221,2.9802322387695312e-08,0.0,False,1.030794620513916,0.8953368313295006,4.415681838989258,0.29365432262420654,0.5004022717475891,7
82,18,0.019183337021301847,0.8067327737808228,1.4033663272857666,0.6118810932551112,5.960464477539063e-08,0.0,False,0.9532322883605957,0.8279670456140322,3.728872537612915,0.35158392786979675,0.502918004989624,7
82,19,-0.019463502619763658,0.7807885408401489,1.3903942108154297,1.3830791871462549,5.960464477539063e-08,0.0,False,1.0304043292999268,0.8949978286883589,4.179734230041504,0.31042933464050293,0.5004843473434448,7
82,20,0.04558097524001588,0.7939622402191162,1.396981120109558,1.4403408313436168,0.0,0.0,False,0.9013408422470093,0.7828947082038111,3.362048864364624,0.39036089181900024,0.501538097858429,7
82,21,0.04307028625224857,0.8013838529586792,1.4006919860839844,0.08163972198963165,5.960464477539063e-08,0.0,False,0.9113214015960693,0.7915637119070206,3.413832664489746,0.3849318027496338,0.5002917051315308,7
82,22,-0.016684441906452296,0.8029161691665649,1.4014580249786377,0.2000405250915459,5.960464477539063e-08,0.0,False,0.9047579765319824,0.7858627933315836,3.407851219177246,0.3857765197753906,0.5000422596931458,2
82,23,0.008643496179596573,0.7938600778579712,1.3969300985336304,0.3236569879310472,5.960464477539063e-08,0.0,False,0.9926788210868835,0.8622298686005179,3.964592456817627,0.3289763629436493,0.500036358833313,2
82,24,-0.001447847291427399,0.8165371417999268,1.408268690109253,0.353956655732223,1.1920928955078125e-07,0.0,False,0.9073886275291443,0.788147747755345,3.458458662033081,0.38112136721611023,0.5000584125518799,2
83,1,-0.0013354034755485309,0.7885517477989197,1.3942757844924927,1.4406238964625768,8.940696716308594e-08,0.0,False,0.9292376637458801,0.8071255794830103,3.653369665145874,0.3576884865760803,0.5016396045684814,2
83,2,0.01019610745872411,0.8016104698181152,1.4008052349090576,0.3461527816419091,0.0,0.0,False,0.8981389999389648,0.780113623311195,3.48354434967041,0.3769483268260956,0.5010522603988647,2
83,3,-0.009192305657018868,0.7886230945587158,1.394311547279358,0.325314797727125,0.0,0.0,False,0.874558687210083,0.7596320239117822,3.268242597579956,0.40147098898887634,0.5007973909378052,2
83,4,0.037978719393207634,0.7818065881729126,1.390903115272522,0.06091792987925668,1.7881393432617188e-07,0.0,False,0.8691771626472473,0.7549576910680496,3.196148633956909,0.41017791628837585,0.5001782178878784,2
83,5,-0.0012243409656334196,0.7951605319976807,1.3975801467895508,1.0036676584609916,1.1920928955078125e-07,0.0,False,1.0256342887878418,0.8908546241426519,4.362402439117432,0.29759785532951355,0.5077414512634277,5
83,6,0.0024818251801538233,0.7985343933105469,1.3992670774459839,0.6792364386575562,1.1920928955078125e-07,0.0,False,0.8783144950866699,0.7628942771835632,3.267106533050537,0.40257856249809265,0.5001330971717834,5
83,7,-0.004165525320328385,0.8047089576721191,1.4023544788360596,0.2742804842335836,0.0,0.0,False,0.8921082615852356,0.7748753905335412,3.341740131378174,0.3938429653644562,0.5002943277359009,2
83,8,-0.05535356216756637,0.8065797686576843,1.403290033340454,0.033498856638159075,1.4901161193847656e-07,0.0,False,0.8833951354026794,0.7673072652911194,3.2834784984588623,0.4012594521045685,0.5001883506774902,2
83,9,0.08246799767772438,0.792718231678009,1.3963592052459717,0.7701668989445483,8.940696716308594e-08,0.0,False,0.9849019050598145,0.8554749251669558,4.279778480529785,0.30360111594200134,0.5023175477981567,2
83,10,-0.06862858899649717,0.7822824120521545,1.3911412954330444,2.2189033622188226,8.940696716308594e-08,0.0,False,1.0819072723388672,0.9397327166155375,5.200222015380859,0.24695497751235962,0.5008779764175415,4
83,11,0.11046883034095697,0.7855411767959595,1.392770528793335,2.053520697568144,5.960464477539063e-08,0.0,False,0.9746623039245605,0.8465809206270937,3.862201452255249,0.3374084234237671,0.5006715059280396,5
83,12,0.022009341405059724,0.7997112274169922,1.399855613708496,2.4243444055318832,0.0,0.0,False,0.9708585739135742,0.8432770427182513,3.9639832973480225,0.32930314540863037,0.5056315660476685,7
83,13,0.04103327749879174,0.7967755198478699,1.3983877897262573,1.1593439823814802,2.9802322387695312e-08,0.0,False,1.106595754623413,0.9611768598610264,5.3216986656188965,0.24170425534248352,0.5007554888725281,7
83,14,0.02549021988108519,0.7869020700454712,1.3934509754180908,1.1402924273695265,5.960464477539063e-08,0.0,False,0.9792129993438721,0.8505336044459525,3.9841108322143555,0.3267846703529358,0.5001692175865173,7
83,15,-0.035687284109697646,0.7726432681083679,1.3863216638565063,0.2078481944543974,2.9802322387695312e-08,0.0,False,0.9919769167900085,0.8616202022746039,4.0177154541015625,0.3226414620876312,0.5100475549697876,7
83,16,-0.027194883971724038,0.7762134671211243,1.3881068229675293,0.9810773155518941,8.940696716308594e-08,0.0,False,1.028775930404663,0.8935834193792581,4.234752655029297,0.3052482008934021,0.5256672501564026,7
83,17,-0.0057944397949484215,0.7875721454620361,1.393786072731018,1.520291892545564,0.0,0.0,False,0.9350724220275879,0.8121935861329803,3.697096824645996,0.3532114028930664,0.5018739700317383,2
83,18,0.007513026575280982,0.8073033094406128,1.4036517143249512,0.2508485077747276,5.960464477539063e-08,0.0,False,0.9435417056083679,0.8195499123825934,3.8914191722869873,0.3364293575286865,0.5000662803649902,2
83,19,-0.0014193574347052323,0.8151436448097229,1.407571792602539,0.38484021143189495,2.9802322387695312e-08,0.0,False,0.9792705774307251,0.8505836161367502,3.9387800693511963,0.3327898681163788,0.5000700354576111,2
83,20,0.012509082628846665,0.8047065734863281,1.4023531675338745,0.5700222700834274,1.1920928955078125e-07,0.0,False,0.9574621915817261,0.8316410928698756,3.805023431777954,0.34417957067489624,0.5003606677055359,2
83,21,-0.018383160725396322,0.7920598983764648,1.3960299491882324,0.43399308728320257,0.0,0.0,False,0.9978752732276917,0.8667434495809725,4.236502647399902,0.30686166882514954,0.5000133514404297,2
83,22,-0.039676655501459275,0.7825329303741455,1.3912664651870728,0.8771962347839558,0.0,0.0,False,0.9299268126487732,0.8077241666144827,3.5306363105773926,0.37011295557022095,0.5002394914627075,2
83,23,0.0024981042258064527,0.7624090313911438,1.3812047243118286,0.7452230267226696,2.086162567138672e-07,0.0,False,0.9541189074516296,0.8287371531716045,3.8400518894195557,0.33760344982147217,0.5018750429153442,2
83,24,0.011367335218838186,0.7783422470092773,1.3891712427139282,0.9883131837206227,1.1920928955078125e-07,0.0,False,1.0583531856536865,0.9192738968682479,4.957601547241211,0.25882086157798767,0.5259358882904053,1
84,1,-0.039844353247832635,0.7549563050270081,1.3774782419204712,1.129541346005031,8.940696716308594e-08,0.0,False,1.0486059188842773,0.9108075285250612,4.5606465339660645,0.28180810809135437,0.5003722906112671,7
84,2,-0.01592761850738182,0.7309332489967346,1.365466594696045,0.8782454537493842,2.9802322387695312e-08,0.0,False,1.0340805053710938,0.898190914652784,4.404504299163818,0.2904597520828247,0.509246826171875,2
84,3,0.053086983493448814,0.8397749066352844,1.4198875427246094,1.2048120807324139,8.940696716308594e-08,0.0,False,1.0205237865447998,0.8864156982948372,4.468143939971924,0.29313576221466064,0.5007656812667847,2
84,4,-0.0049589513221671815,0.806647002696991,1.4033235311508179,1.3563390182597297,2.9802322387695312e-08,0.0,False,0.9956983923912048,0.8648526349108782,4.272567272186279,0.3050728142261505,0.5016006827354431,5
84,5,0.03775891560265735,0.814458966255188,1.4072294235229492,1.4165548479982786,5.960464477539063e-08,0.0,False,0.9470402002334595,0.8225886662038844,3.6881797313690186,0.35631799697875977,0.5001657009124756,7
84,6,0.021003366517405142,0.8293841481208801,1.4146921634674072,1.425112020756517,8.940696716308594e-08,0.0,False,1.0256004333496094,0.8908252176826384,4.302603244781494,0.30433207750320435,0.5007719993591309,7
84,7,-0.015560037829818851,0.841850221157074,1.4209251403808594,1.1895305328071117,2.9802322387695312e-08,0.0,False,0.9923381209373474,0.8619339402106636,4.253175735473633,0.3088372051715851,0.5011090636253357,7
84,8,0.044063008953849785,0.8193920254707336,1.409696102142334,1.4461419114044733,8.940696716308594e-08,0.0,False,1.013438105583191,0.88026115401053,4.074120044708252,0.32155677676200867,0.500004768371582,7
84,9,-0.018149862262294873,0.8317399621009827,1.415869951248169,1.2719867186886926,2.9802322387695312e-08,0.0,False,1.0456273555755615,0.9082203813071116,4.298823356628418,0.30477187037467957,0.500482976436615,7
84,10,0.030518422968886252,0.8132762908935547,1.4066381454467773,1.2042285714830672,0.0,0.0,False,1.0047715902328491,0.8727335144225634,3.9833714962005615,0.3287489116191864,0.5007874965667725,7
84,11,0.035741926092331816,0.8180442452430725,1.4090220928192139,0.2676510832139425,2.9802322387695312e-08,0.0,False,0.9297594428062439,0.8075787910163876,3.514188289642334,0.37497273087501526,0.5002478361129761,7
84,12,0.03363070574394759,0.8081819415092468,1.4040908813476562,0.07129818413938796,8.940696716308594e-08,0.0,False,0.9511176347732544,0.8261302808457937,3.6360692977905273,0.3611186146736145,0.5000549554824829,7
84,13,0.008423862163836452,0.7976272106170654,1.3988136053085327,0.11555989246283255,0.0,0.0,False,0.9711769819259644,0.843553608403801,3.803201675415039,0.34381240606307983,0.5000036954879761,7
84,14,0.055014953681576176,0.8190527558326721,1.4095264673233032,0.45438536043678013,8.940696716308594e-08,0.0,False,0.9691468477249146,0.841790256241723,3.9462993144989014,0.33239561319351196,0.5006938576698303,7
84,15,0.03755970910491325,0.7991448044776917,1.3995723724365234,0.5600451795118196,2.9802322387695312e-08,0.0,False,1.013871431350708,0.8806375359899282,4.140008449554443,0.3148222863674164,0.5000005960464478,7
84,16,0.010907238007555843,0.817294180393219,1.408647060394287,0.6016154773533344,2.9802322387695312e-08,0.0,False,0.9866949319839478,0.8570323285650658,3.977403163909912,0.3295745849609375,0.5000607967376709,7
84,17,0.007679615656653899,0.8096649050712585,1.4048324823379517,0.11250674245612954,2.9802322387695312e-08,0.0,False,0.9787851572036743,0.8501619854847253,3.842414617538452,0.3410225510597229,0.5020817518234253,7
84,18,0.005726974738188662,0.8114355802536011,1.4057178497314453,0.435128893171038,5.960464477539063e-08,0.0,False,0.9894219636917114,0.8594009982103797,3.901517629623413,0.33572226762771606,0.5038473606109619,7
84,19,-0.04278042005452327,0.808555543422699,1.4042779207229614,0.06160487234592438,1.4901161193847656e-07,0.0,False,1.0022789239883423,0.8705684120321318,3.980294942855835,0.32858899235725403,0.5037513375282288,7
84,20,-0.015366897956198236,0.7603566646575928,1.380178451538086,0.8270947124276842,1.1920928955078125e-07,0.0,False,0.9885923862457275,0.8586804363961754,3.829403877258301,0.33845147490501404,0.5005114078521729,7
84,21,0.037677022830753165,0.7806271910667419,1.3903136253356934,0.709255569747516,2.9802322387695312e-08,0.0,False,1.0471094846725464,0.9095077422836891,4.283747673034668,0.30256983637809753,0.5000017285346985,7
84,22,0.031097484143335182,0.7593335509300232,1.379666805267334,0.6003504608358654,2.9802322387695312e-08,0.0,False,1.0317213535308838,0.8961417814004339,4.152673244476318,0.3110419511795044,0.5003665089607239,7
84,23,0.0014816494399537859,0.7569625377655029,1.378481388092041,0.26441083848476415,1.1920928955078125e-07,0.0,False,0.9967672824859619,0.8657810610507063,4.021754741668701,0.3209788203239441,0.5172796249389648,7
84,24,-0.0017222406407023131,0.7709633708000183,1.385481595993042,0.24665901490620218,8.940696716308594e-08,0.0,False,1.0063565969467163,0.8741102337617876,3.9891021251678467,0.3251901865005493,0.5000219345092773,7
85,1,0.03097321737175383,0.8050651550292969,1.4025325775146484,1.4252359813877513,0.0,0.0,False,0.9392033815383911,0.8157816919739955,3.6655895709991455,0.3578423261642456,0.5000927448272705,7
85,2,0.03706281785122776,0.7989106178283691,1.3994553089141846,0.05012125255806116,0.0,0.0,False,0.9423771500587463,0.8185383922844526,3.683438777923584,0.35548293590545654,0.5022279024124146,7
85,3,-0.013685073443767314,0.8031086325645447,1.4015543460845947,0.6298078894615173,2.9802322387695312e-08,0.0,False,1.0354670286178589,0.8993952334429854,4.2316508293151855,0.30777063965797424,0.5070836544036865,7
85,4,0.030341612097711804,0.8047356605529785,1.4023678302764893,0.14484109729528424,0.0,0.0,False,1.0295276641845703,0.8942363670442061,4.2366719245910645,0.30768224596977234,0.500467836856842,7
85,5,-0.0012247652274938463,0.8010286092758179,1.4005143642425537,0.1973373613187245,5.960464477539063e-08,0.0,False,1.0087847709655762,0.876219318916771,4.086507320404053,0.3192545175552368,0.5001162886619568,7
85,6,0.012299156639679187,0.7977874875068665,1.3988938331604004,0.1222115861518043,8.940696716308594e-08,0.0,False,1.0172449350357056,0.8835677240600777,4.184421062469482,0.31124147772789,0.5000001788139343,7
85,7,-0.00572955242759598,0.8002983927726746,1.4001491069793701,0.04173370344298233,8.940696716308594e-08,0.0,False,1.0145249366760254,0.8812051635032877,4.199636936187744,0.3102312386035919,0.500076174736023,7
85,8,-0.00715987561641552,0.8040865659713745,1.4020432233810425,0.1872636377811432,5.960464477539063e-08,0.0,False,1.0169262886047363,0.8832909512867815,4.397806644439697,0.29585689306259155,0.5003475546836853,7
85,9,0.04224563659825963,0.8050551414489746,1.4025275707244873,0.30195408101592736,0.0,0.0,False,1.0003108978271484,0.8688590062280362,4.295991897583008,0.30325764417648315,0.5005733966827393,7
85,10,0.02410714541351992,0.7998282313346863,1.399914026260376,0.7180708114589963,8.940696716308594e-08,0.0,False,0.995319128036499,0.8645232100780155,4.0435709953308105,0.32270386815071106,0.5002223253250122,7
85,11,0.006790641984604042,0.8082859516143799,1.4041428565979004,0.32147765745009693,1.1920928955078125e-07,0.0,False,1.0088984966278076,0.8763180997718868,4.263209342956543,0.30592554807662964,0.500028669834137,7
85,12,0.04194320698711497,0.786384642124176,1.3931924104690552,0.41917870938777924,8.940696716308594e-08,0.0,False,0.9957583546638489,0.8649047174791415,4.219982624053955,0.3077317774295807,0.5000677108764648,7
85,13,-0.027551446276779176,0.780269205570221,1.390134572982788,0.3866026790014334,2.9802322387695312e-08,0.0,False,0.9650783538818359,0.8382564073903102,3.745751142501831,0.3477697968482971,0.5053990483283997,7
85,14,0.005102267906639834,0.8139656782150269,1.4069828987121582,0.27688254735299517,5.960464477539063e-08,0.0,False,1.010048508644104,0.8773169875174868,4.210236549377441,0.310324490070343,0.5002844333648682,7
85,15,-0.007450369974526083,0.825128436088562,1.4125642776489258,0.3428521997162273,5.960464477539063e-08,0.0,False,1.028319239616394,0.8931867428006955,4.57243013381958,0.2852669060230255,0.5002763867378235,7
85,16,-0.01679729108672232,0.8234569430351257,1.4117283821105957,0.30771658463137497,8.940696716308594e-08,0.0,False,1.0178968906402588,0.8841340055030844,4.5012431144714355,0.2899036407470703,0.5004736185073853,7
85,17,0.014456549507795895,0.81858229637146,1.4092912673950195,0.45784735573189594,1.1920928955078125e-07,0.0,False,1.0270061492919922,0.892046207036439,4.380923748016357,0.2979573607444763,0.500603973865509,7
85,18,0.004635695567208343,0.8105676174163818,1.405283808708191,0.1667114474943706,0.0,0.0,False,1.0250048637390137,0.8903079124916965,4.347171306610107,0.29989001154899597,0.5000123977661133,7
85,19,0.009692862794566812,0.8088306188583374,1.4044153690338135,0.22330713325313165,5.960464477539063e-08,0.0,False,1.011404275894165,0.8784945919883801,4.327018737792969,0.30123311281204224,0.5002995729446411,7
85,20,0.00960175709565292,0.8163066506385803,1.4081532955169678,0.36191727114575245,2.9802322387695312e-08,0.0,False,1.0278191566467285,0.8927523762522565,4.343767166137695,0.3004997968673706,0.5000885725021362,7
85,21,0.0016960793310111066,0.8176252841949463,1.4088125228881836,0.17995099457246908,1.1920928955078125e-07,0.0,False,1.007150650024414,0.8747999395017525,4.208166122436523,0.3107353150844574,0.5000298023223877,7
85,22,-0.034255527294884396,0.8220369219779968,1.4110183715820312,0.4110908822289534,8.940696716308594e-08,0.0,False,0.9942927360534668,0.8636316973290142,4.197484016418457,0.31183573603630066,0.5007641315460205,7
85,23,0.02394515819915764,0.8091253638267517,1.4045627117156982,0.1718401813081333,2.9802322387695312e-08,0.0,False,0.9930775165557861,0.8625761710847264,4.234951496124268,0.30811476707458496,0.5001004934310913,7
85,24,0.022373568257226185,0.8065117597579956,1.4032559394836426,0.2808780090085098,5.960464477539063e-08,0.0,False,0.9755671620368958,0.8473668703972788,4.015907287597656,0.32545721530914307,0.5018224716186523,2
86,1,-0.005569383033531939,0.7905179262161255,1.395258903503418,1.2272104344197683,5.960464477539063e-08,0.0,False,1.008235216140747,0.8757419816609179,4.137668132781982,0.3143870234489441,0.500887930393219,7
86,2,-0.038689925080297234,0.7753199338912964,1.387660026550293,0.7907661753041403,5.960464477539063e-08,0.0,False,1.043276309967041,0.906178289038145,4.275470733642578,0.30282092094421387,0.5002321004867554,7
86,3,-0.12346764509803004,0.8082703351974487,1.4041351079940796,1.654196398598807,5.960464477539063e-08,0.0,False,1.0219099521636963,0.8876197064534188,4.202427387237549,0.31046146154403687,0.5032868385314941,2
86,4,0.06330538306682301,0.7768951654434204,1.3884475231170654,0.3023861071893148,5.960464477539063e-08,0.0,False,0.978319525718689,0.8497575431156662,3.8515007495880127,0.3376946449279785,0.5015156269073486,2
86,5,-0.03016587040922706,0.7913008332252502,1.3956503868103027,1.2352524442332131,2.9802322387695312e-08,0.0,False,0.9876087307929993,0.8578260441257476,4.108205795288086,0.3168143928050995,0.5001534223556519,2
86,6,-0.08798075433569649,0.768007218837738,1.3840036392211914,1.040912033191749,2.9802322387695312e-08,0.0,False,0.9819262027740479,0.8528902630019651,3.939258098602295,0.32887834310531616,0.5142488479614258,2
86,7,0.055400690093536174,0.7197434306144714,1.3598718643188477,1.1585298893707139,1.4901161193847656e-07,0.0,False,0.9820646643638611,0.853010529210788,3.903294801712036,0.32846641540527344,0.5083845853805542,7
86,8,0.023752560349753916,0.7849229574203491,1.3924615383148193,0.5199360804898399,5.960464477539063e-08,0.0,False,0.9605997800827026,0.8343663676147901,3.7370522022247314,0.34912508726119995,0.5001150965690613,7
86,9,0.018978381030108186,0.8044138550758362,1.4022068977355957,1.1137173867651395,2.9802322387695312e-08,0.0,False,0.9117514491081238,0.7919372464299035,3.467306137084961,0.37882620096206665,0.5081394910812378,7
86,10,0.004186745686537197,0.7929719686508179,1.3964860439300537,1.1413613014987538,5.960464477539063e-08,0.0,False,0.9549433588981628,0.8294532625992574,3.6743688583374023,0.35587722063064575,0.503477931022644,7
86,11,-0.06590959514272798,0.7984895706176758,1.399244785308838,0.576281776385648,0.0,0.0,False,1.0302753448486328,0.8948857942174623,4.322770595550537,0.300866961479187,0.5005897283554077,7
86,12,-0.06100582727824341,0.7709144353866577,1.3854572772979736,1.720188452729157,5.960464477539063e-08,0.0,False,0.989294171333313,0.8592899991782161,3.9909610748291016,0.3249116539955139,0.5045155882835388,2
86,13,-0.020218302403541936,0.7366973161697388,1.3683485984802246,0.4423822984099388,5.960464477539063e-08,0.0,False,1.024564504623413,0.8899254214237742,4.195078372955322,0.3058153986930847,0.5156779885292053,2
86,14,0.022170134689955438,0.717902421951294,1.3589510917663574,0.2933189954076494,1.1920928955078125e-07,0.0,False,1.0138468742370605,0.8806162059520312,4.100459575653076,0.3116193413734436,0.5235006213188171,2
86,15,-0.006258978312225972,0.7715414762496948,1.3857707977294922,1.4241081859384264,5.960464477539063e-08,0.0,False,1.0128636360168457,0.8797621760851597,4.251599311828613,0.30425724387168884,0.5034046173095703,4
86,16,0.015845448061124964,0.772672176361084,1.386336088180542,1.1587963247937814,0.0,0.0,False,1.021843433380127,0.8875619289721246,4.466522216796875,0.28914111852645874,0.5000969171524048,2
86,17,-0.006042429814889559,0.770104706287384,1.3850523233413696,0.19729762950113847,2.9802322387695312e-08,0.0,False,0.9742571115493774,0.8462289750017911,3.950899839401245,0.3283589780330658,0.5014591217041016,2
86,18,-0.0740636255251732,0.7857855558395386,1.392892837524414,0.2725842179996626,5.960464477539063e-08,0.0,False,0.9774864912033081,0.8490339785291365,3.8909404277801514,0.33485329151153564,0.5000003576278687,2
86,19,0.03409802171791675,0.7703417539596558,1.3851709365844727,0.28091981794152954,5.960464477539063e-08,0.0,False,0.927636981010437,0.8057352441244489,3.4914815425872803,0.37328851222991943,0.502131998538971,2
86,20,-0.07837336210697125,0.81020188331604,1.4051008224487305,0.5752441393477578,1.1920928955078125e-07,0.0,False,0.9193040132522583,0.7984973202939394,3.761897325515747,0.34871238470077515,0.5005183219909668,2
86,21,-0.046146873153467466,0.7468324303627014,1.3734161853790283,0.8668248770492418,2.9802322387695312e-08,0.0,False,0.9869056344032288,0.8572153423611006,3.9948153495788574,0.322843462228775,0.5027925372123718,2
86,22,-0.0029982518232964314,0.7425870895385742,1.371293544769287,0.35978126419442047,0.0,0.0,False,1.0563938617706299,0.9175720497669023,4.846014976501465,0.26365992426872253,0.5047929883003235,2
86,23,0.05606368789258556,0.772075355052948,1.3860375881195068,0.5061057944382941,8.940696716308594e-08,0.0,False,0.943581223487854,0.8195842371765881,3.6421618461608887,0.35746562480926514,0.5014693737030029,2
86,24,0.04558102961121546,0.7848116755485535,1.3924058675765991,0.20909274156604493,2.9802322387695312e-08,0.0,False,0.8718740344047546,0.7573001641134218,3.1949338912963867,0.41062772274017334,0.5004766583442688,2
87,1,0.0014023888523393103,0.7854170799255371,1.392708659172058,1.3964757110391344,1.1920928955078125e-07,0.0,False,0.9509888291358948,0.8260184016907071,3.7491614818573,0.3479931354522705,0.500129222869873,2
87,2,0.03115281919086932,0.7889398336410522,1.394469976425171,0.07399345295769824,5.960464477539063e-08,0.0,False,0.9589933156967163,0.8329710103783742,3.845757246017456,0.33918729424476624,0.5000501871109009,2
87,3,-0.004787995101425073,0.7945684790611267,1.3972841501235962,1.4716822249548778,8.940696716308594e-08,0.0,False,1.0507677793502808,0.9126852966671213,4.734354019165039,0.27286297082901,0.5158969163894653,4
87,4,-0.023613580051074563,0.7732660174369812,1.3866328001022339,0.7608082847935813,2.086162567138672e-07,0.0,False,1.0587201118469238,0.9195926049102253,4.7702507972717285,0.26901230216026306,0.5350762605667114,4
87,5,0.04096433446852298,0.7774667143821716,1.3887333869934082,1.273445418902806,2.9802322387695312e-08,0.0,False,1.0576457977294922,0.9186594675241627,4.850459575653076,0.26547420024871826,0.5004366040229797,2
87,6,-0.02615181887977857,0.7565287351608276,1.3782644271850586,1.0827449592096465,5.960464477539063e-08,0.0,False,1.074052095413208,0.9329097966291624,5.139099597930908,0.24747194349765778,0.5508681535720825,4
87,7,-0.0030798015916759826,0.7700716853141785,1.3850358724594116,1.1948431336453984,2.9802322387695312e-08,0.0,False,0.9359094500541687,0.8129206194392652,3.611096143722534,0.36042100191116333,0.5039027333259583,2
87,8,-0.039591033818192026,0.7807148694992065,1.3903576135635376,0.1344493936215127,1.7881393432617188e-07,0.0,False,0.9131066799163818,0.793114384953367,3.418184757232666,0.38255438208580017,0.5006412267684937,2
87,9,-0.019049433813987198,0.7567331790924072,1.3783665895462036,0.8917750620416232,0.0,0.0,False,1.0059421062469482,0.8737502117143686,4.165184497833252,0.3098525106906891,0.501724123954773,2
87,10,0.005250536044676744,0.7397457957267761,1.369872808456421,0.3901295097810882,8.940696716308594e-08,0.0,False,0.9738537669181824,0.8458786343065244,3.874159336090088,0.33277392387390137,0.5010631084442139,2
87,11,0.0607898354956981,0.7238878607749939,1.3619440793991089,0.4120393459286009,1.4901161193847656e-07,0.0,False,1.014020562171936,0.8807670693754103,4.082306385040283,0.31402307748794556,0.5009675621986389,2
87,12,-0.0011292135763648486,0.7615562081336975,1.3807780742645264,2.369060360959598,2.9802322387695312e-08,0.0,False,0.9717879891395569,0.8440843225263336,3.864854097366333,0.3350812792778015,0.5099619626998901,7
87,13,0.015583712018355986,0.7059399485588074,1.3529698848724365,2.287457999374185,8.940696716308594e-08,0.0,False,1.0214775800704956,0.8872441528250067,4.283541202545166,0.2971956133842468,0.5132533311843872,2
87,14,-0.01739906475727043,0.7076031565666199,1.3538016080856323,0.4848904928990773,2.9802322387695312e-08,0.0,False,1.07379150390625,0.932683449722157,4.956076622009277,0.25568723678588867,0.5001987218856812,2
87,15,-0.0008542041333901244,0.7626296281814575,1.381314754486084,0.30028137138911665,5.960464477539063e-08,0.0,False,0.9530402421951294,0.8278002364341668,3.9469778537750244,0.3281306326389313,0.5016818642616272,2
87,16,0.10026844582050982,0.7510232329368591,1.3755115270614624,0.15315979453069822,8.940696716308594e-08,0.0,False,0.9709468483924866,0.8433537169564204,3.943403959274292,0.3274451792240143,0.506316602230072,2
87,17,-0.04303647834837233,0.7732871770858765,1.386643648147583,2.2196837461420467,5.960464477539063e-08,0.0,False,0.9226915836334229,0.8014397265411367,3.45983624458313,0.3771398365497589,0.5000836849212646,4
87,18,-0.01755814605690652,0.7984318137168884,1.3992159366607666,2.10169887223414,2.9802322387695312e-08,0.0,False,0.9648738503456116,0.8380787778756863,3.7895586490631104,0.34508293867111206,0.502886950969696,2
87,19,-0.005312526988047894,0.7981261014938354,1.399062991142273,0.3029855814363275,5.960464477539063e-08,0.0,False,0.9307431578636169,0.8084332350587522,3.731013298034668,0.3507717549800873,0.500001847743988,2
87,20,0.0007755811533607417,0.7991200685501099,1.3995599746704102,0.5495393015444279,5.960464477539063e-08,0.0,False,1.0094512701034546,0.8767982327123187,4.344847679138184,0.29925888776779175,0.5023723840713501,2
87,21,0.025953983141288325,0.7761038541793823,1.3880518674850464,0.418558093053954,5.960464477539063e-08,0.0,False,1.0825669765472412,0.9403057284103079,5.402887344360352,0.23631945252418518,0.5228490233421326,1
87,22,-0.023463829155880512,0.7879853844642639,1.3939927816390991,0.6076608151197433,8.940696716308594e-08,0.0,False,1.0948948860168457,0.9510136145224121,5.5982136726379395,0.22758573293685913,0.5418710112571716,4
87,23,0.001515850590965582,0.7951566576957703,1.397578239440918,1.1700505247073514,8.940696716308594e-08,0.0,False,0.907645046710968,0.7883704706267854,3.399829626083374,0.38602033257484436,0.5000030398368835,2
87,24,-0.01527277332677967,0.7940270900726318,1.397013545036316,0.34542615871344295,0.0,0.0,False,0.874640941619873,0.7597034691843503,3.2102367877960205,0.4095180928707123,0.5000752806663513,2
88,1,-0.0371134290434071,0.7958500385284424,1.3979250192642212,1.37313012778759,0.0,0.0,False,0.9541067481040955,0.8287265916965292,3.6817121505737305,0.3554551601409912,0.5005174279212952,2
88,2,0.03236422658668482,0.8024612665176392,1.4012306928634644,0.22540631783860077,5.960464477539063e-08,0.0,False,1.0030969381332397,0.8712789300906273,4.02829647064209,0.3241618871688843,0.5004637241363525,2
88,3,-0.0081616167243638,0.7819072008132935,1.390953540802002,0.46719026671988617,5.960464477539063e-08,0.0,False,0.9207730293273926,0.7997732914444554,3.5795822143554688,0.3648158609867096,0.5002342462539673,2
88,4,-0.012963982694121974,0.7902855277061462,1.395142674446106,0.3496612310409546,8.940696716308594e-08,0.0,False,0.9941604137420654,0.8635167636296657,3.9809720516204834,0.32729631662368774,0.500345766544342,2
88,5,-0.01519957161113147,0.7929410934448242,1.3964704275131226,0.39475024704422274,1.1920928955078125e-07,0.0,False,0.9757671356201172,0.8475405652447178,3.8955581188201904,0.33497604727745056,0.5001788139343262,2
88,6,0.03723309628193312,0.7841715812683105,1.3920857906341553,0.0719708087188857,0.0,0.0,False,0.9693891406059265,0.8420007091641789,3.8826029300689697,0.33547645807266235,0.5000779628753662,2
88,7,-0.04801843927504579,0.788609504699707,1.3943047523498535,0.9748441076704434,0.0,0.0,False,1.1142005920410156,0.9677823377134988,5.701104640960693,0.22412702441215515,0.5091106295585632,7
88,8,-0.02189516953279842,0.7645238637924194,1.3822619915008545,1.1118197973285402,5.960464477539063e-08,0.0,False,1.0097880363464355,0.8770907441543546,4.071994304656982,0.3177836239337921,0.5022457242012024,2
88,9,-0.1616060636083593,0.7433727979660034,1.3716864585876465,0.25652897570814404,5.960464477539063e-08,0.0,False,1.0547938346862793,0.916182283899644,4.47479772567749,0.2867165207862854,0.5004266500473022,2
88,10,-0.10273340683528033,0.7360571622848511,1.3680285215377808,0.6159937626549176,5.960464477539063e-08,0.0,False,0.9834794402122498,0.8542393878989584,4.05103063583374,0.3174320161342621,0.5013672113418579,2
88,11,0.015475906649743906,0.7099840641021729,1.3549920320510864,1.017066032758781,0.0,0.0,False,1.057499885559082,0.9185327298232594,4.513895034790039,0.2819240689277649,0.5033520460128784,7
88,12,0.07369700929432042,0.7200156450271606,1.3600077629089355,1.39007341755288,5.960464477539063e-08,0.0,False,0.9344878196716309,0.8116858069783808,3.518994092941284,0.36581218242645264,0.5015393495559692,7
88,13,-0.06237411801266198,0.7525138854980469,1.3762569427490234,0.09632862465722225,0.0,0.0,False,0.9218259453773499,0.800687842705263,3.5489308834075928,0.36552542448043823,0.500436007976532,7
88,14,0.02364596153669923,0.7117512226104736,1.3558754920959473,1.9722949527204037,1.1920928955078125e-07,0.0,False,1.0889127254486084,0.9458175758731227,5.291865348815918,0.23824584484100342,0.5314220786094666,5
88,15,0.02643064189515002,0.7378544807434082,1.368927240371704,0.9836695311324937,0.0,0.0,False,1.0019373893737793,0.8702717588351644,4.090421676635742,0.31436342000961304,0.5024479031562805,2
88,16,0.05358173551131441,0.7756780385971069,1.3878390789031982,0.7186778320797851,5.960464477539063e-08,0.0,False,0.9584571719169617,0.8325053218082658,3.900489330291748,0.3332176208496094,0.5006315112113953,2
88,17,0.003050573113593871,0.7748385071754456,1.3874192237854004,1.0551988487797124,2.9802322387695312e-08,0.0,False,0.9407151341438293,0.8170947836030849,3.577120304107666,0.36433953046798706,0.5052967071533203,7
88,18,0.05831089132667999,0.7962403893470764,1.3981201648712158,0.6301705038973263,2.9802322387695312e-08,0.0,False,0.925876259803772,0.8042059011159995,3.582845687866211,0.3656829297542572,0.5002977848052979,2
88,19,-0.0014723331578905688,0.8082872629165649,1.4041436910629272,0.43063361676675926,5.960464477539063e-08,0.0,False,0.903188943862915,0.7844999488713799,3.4808809757232666,0.3778582811355591,0.5000262260437012,7
88,20,0.009355681542314033,0.7958959341049194,1.3979480266571045,0.49607445512499126,5.960464477539063e-08,0.0,False,0.9272639751434326,0.8054112553449337,3.6775107383728027,0.3558938801288605,0.500037670135498,2
88,21,-0.00041256862582360766,0.7934712171554565,1.396735668182373,0.6662991696170398,5.960464477539063e-08,0.0,False,0.9210658073425293,0.8000275951972483,3.4899024963378906,0.3755424916744232,0.5004646182060242,2
88,22,-0.046202608583571655,0.7996569275856018,1.399828553199768,0.12916985367025655,8.940696716308594e-08,0.0,False,0.9630541205406189,0.83649818064996,3.710603713989258,0.3528941869735718,0.500219464302063,2
88,23,0.059482704636214134,0.7899603843688965,1.3949801921844482,0.6976462453603745,0.0,0.0,False,0.9751344919204712,0.8469910579091836,3.7916762828826904,0.34422874450683594,0.5026206970214844,2
88,24,0.05629459721086106,0.8165968656539917,1.4082984924316406,0.4868883953562805,5.960464477539063e-08,0.0,False,0.9157161116600037,0.7953809085676833,3.6108245849609375,0.3643672466278076,0.5025055408477783,2
89,1,-0.009413355786994815,0.7702264785766602,1.38511323928833,1.5337574662906783,0.0,0.0,False,0.8943895101547241,0.7768568578646983,3.2974019050598145,0.39607155323028564,0.5001330375671387,2
89,2,0.022578473942259328,0.7657461762428284,1.3828730583190918,0.5301840693822928,2.9802322387695312e-08,0.0,False,1.0336215496063232,0.8977922707406291,4.145321846008301,0.31207236647605896,0.500191330909729,2
89,3,-0.024095522166354175,0.7423669099807739,1.3711835145950317,0.28073809828077023,5.960464477539063e-08,0.0,False,0.9865602254867554,0.8569153239882515,3.8478550910949707,0.3353533148765564,0.5005027651786804,2
89,4,0.018105418034054112,0.781050443649292,1.3905253410339355,0.5530408397316933,1.1920928955078125e-07,0.0,False,1.026127815246582,0.8912832957780602,4.141548156738281,0.313409686088562,0.5013570785522461,2
89,5,0.04841560401565276,0.7772662043571472,1.3886330127716064,2.4160304303680147,8.940696716308594e-08,0.0,False,0.9898825883865356,0.8598010917367609,4.072569847106934,0.31866851449012756,0.5015779733657837,7
89,6,-0.024909127088161148,0.7805050611495972,1.3902525901794434,0.5699314964669092,5.960464477539063e-08,0.0,False,1.0124235153198242,0.8793798921049841,4.061839580535889,0.31978854537010193,0.5011650323867798,7
89,7,0.01722207693414518,0.7733622789382935,1.386681079864502,1.7699306000556265,5.960464477539063e-08,0.0,False,0.9803158044815063,0.8514914888177307,3.945451021194458,0.32893645763397217,0.5067239999771118,2
89,8,0.021221034550078163,0.790306568145752,1.395153284072876,0.23882726686341427,0.0,0.0,False,0.9762696623802185,0.8479770544425592,3.9120020866394043,0.33330124616622925,0.5006059408187866,2
89,9,0.019184684671909973,0.7932161092758179,1.3966081142425537,0.5080665020006043,5.960464477539063e-08,0.0,False,0.9087125658988953,0.7892977060120707,3.4368560314178467,0.38153767585754395,0.5001019835472107,2
89,10,-0.010432070246971448,0.8037606477737427,1.4018802642822266,0.08363260967390912,5.960464477539063e-08,0.0,False,0.8834884166717529,0.7673882883719665,3.303424835205078,0.39848509430885315,0.50029456615448,2
89,11,0.02002282449388272,0.8182142972946167,1.4091072082519531,0.3841334315282958,5.960464477539063e-08,0.0,False,0.9153437614440918,0.7950574892794713,3.5231781005859375,0.37398621439933777,0.500505268573761,2
89,12,0.01038874227233556,0.8113412261009216,1.4056705236434937,0.11433824683938712,8.940696716308594e-08,0.0,False,0.8965519070625305,0.7787350919541882,3.366661310195923,0.39141666889190674,0.5006592273712158,2
89,13,0.010223964457928957,0.7883263826370239,1.3941632509231567,0.05120354677949632,5.960464477539063e-08,0.0,False,0.8864499926567078,0.7699606805879726,3.2882080078125,0.39893513917922974,0.5003382563591003,2
89,14,0.017678300203307983,0.8026926517486572,1.401346206665039,1.2874238405908858,1.1920928955078125e-07,0.0,False,1.0280762910842896,0.8929757203869366,4.186577320098877,0.3113470673561096,0.5021337270736694,7
89,15,-0.012538295158133875,0.8195382356643677,1.409769058227539,0.32683795903410223,5.960464477539063e-08,0.0,False,1.0077323913574219,0.8753052336033932,4.02667236328125,0.3253350257873535,0.5066254138946533,7
89,16,-0.0074721587738931445,0.8088804483413696,1.4044402837753296,1.2877894757049424,5.960464477539063e-08,0.0,False,0.9270671010017395,0.8052402526382003,3.6571033000946045,0.35900798439979553,0.5003841519355774,2
89,17,-0.007363798850015442,0.8138395547866821,1.4069197177886963,0.19514543190598488,5.960464477539063e-08,0.0,False,0.968316912651062,0.8410693837958988,3.767003297805786,0.3485186696052551,0.5000127553939819,2
89,18,0.0010643549005868568,0.8075587153434753,1.4037792682647705,0.1147896056728703,8.940696716308594e-08,0.0,False,0.9390611052513123,0.8156581123612274,3.5927236080169678,0.3655925691127777,0.5001019835472107,2
89,19,-0.01620302812137518,0.8074494004249573,1.4037246704101562,0.07543774162020014,2.9802322387695312e-08,0.0,False,0.9138599038124084,0.793768626916731,3.4524848461151123,0.3810090720653534,0.5000067949295044,2
89,20,-0.027449718618105474,0.7781422138214111,1.3890712261199951,0.18535731679626885,1.1920928955078125e-07,0.0,False,0.9746404886245728,0.8465619720982821,3.782402753829956,0.34424349665641785,0.5000585317611694,2
89,21,0.04144589994776364,0.762075662612915,1.381037712097168,0.25972349196672434,1.1920928955078125e-07,0.0,False,0.9504001140594482,0.8255070502724792,3.6595630645751953,0.35477060079574585,0.5053799748420715,2
89,22,-0.010114027230919153,0.7770158052444458,1.3885078430175781,0.23972961413008825,5.960464477539063e-08,0.0,False,0.9097110033035278,0.7901649377227862,3.466270685195923,0.3767053484916687,0.5016875267028809,2
89,23,0.01013556646199961,0.7924724817276001,1.3962363004684448,0.6893255098589829,5.960464477539063e-08,0.0,False,1.0650440454483032,0.9250855038442286,4.744635581970215,0.2725234627723694,0.50129234790802,7
89,24,-0.0170672655665388,0.7820813059806824,1.3910406827926636,1.5176489150949886,2.9802322387695312e-08,0.0,False,0.9247400164604187,0.8032189726877643,3.631514549255371,0.3593536615371704,0.5027936697006226,7
90,1,0.04645612519291065,0.7911084890365601,1.3955544233322144,1.3877583603773798,1.7881393432617188e-07,0.0,False,0.9437026977539062,0.8196897483834676,3.7341697216033936,0.3498363494873047,0.5024670958518982,1
90,2,0.0198756242430621,0.7637520432472229,1.381875991821289,0.8861520428742681,2.9802322387695312e-08,0.0,False,1.0751252174377441,0.9338418985764922,5.3192458152771,0.2393220216035843,0.5364184975624084,4
90,3,-0.019894300308560695,0.7979876399040222,1.398993730545044,0.508652987224715,8.940696716308594e-08,0.0,False,1.0942661762237549,0.9504675241346963,5.592108726501465,0.22841176390647888,0.5365216135978699,5
90,4,-0.03390772179462145,0.7840139269828796,1.3920069932937622,0.889406761952809,2.9802322387695312e-08,0.0,False,1.0759358406066895,0.934545996914844,5.5968708992004395,0.22637929022312164,0.5828084945678711,4
90,5,-0.014626528149143107,0.8099700808525085,1.404984951019287,1.6839499281985422,8.940696716308594e-08,0.0,False,0.9188668727874756,0.7981176249105959,3.6368722915649414,0.36118394136428833,0.5000019073486328,2
90,6,0.034251111835170954,0.7961492538452148,1.3980745077133179,0.33966102344649163,1.1920928955078125e-07,0.0,False,0.8920187950134277,0.7747976808566392,3.4082069396972656,0.38512706756591797,0.5000028610229492,2
90,7,0.013171586296000192,0.8151144981384277,1.4075572490692139,0.19089933325137423,0.0,0.0,False,0.9503047466278076,0.8254242151738495,3.7058498859405518,0.35460421442985535,0.5001233220100403,2
90,8,-0.04438032299399923,0.8092517852783203,1.4046258926391602,0.2174991933362824,0.0,0.0,False,0.8768044710159302,0.7615826869406365,3.2295327186584473,0.40845462679862976,0.5001649856567383,2
90,9,0.021328328500108434,0.8033666014671326,1.4016833305358887,0.46159278601408005,2.9802322387695312e-08,0.0,False,0.9619851112365723,0.8355696509662586,3.9456050395965576,0.3313272297382355,0.5000277161598206,2
90,10,-0.002943435706128525,0.785690188407898,1.3928451538085938,0.2180667434419904,5.960464477539063e-08,0.0,False,0.9402826428413391,0.8167191264307996,3.6857612133026123,0.3542334735393524,0.5001153349876404,2
90,11,0.03263557333252633,0.7764961123466492,1.3882479667663574,0.08926993608474731,8.940696716308594e-08,0.0,False,0.937955379486084,0.8146976911645537,3.755331516265869,0.34667763113975525,0.5004816055297852,2
90,12,-0.09449954291257824,0.7616044282913208,1.3808021545410156,0.48228783320103374,5.960464477539063e-08,0.0,False,1.0022858381271362,0.8705744175767824,4.076357841491699,0.317214697599411,0.5024327635765076,2
90,13,-0.06617529454550201,0.7872858643531799,1.3936430215835571,0.7196845790105207,8.940696716308594e-08,0.0,False,0.9492833614349365,0.8245370512675263,4.058089256286621,0.320491760969162,0.5044887065887451,2
90,14,-0.00029712530200392715,0.7608587145805359,1.3804292678833008,0.7826350549502031,8.940696716308594e-08,0.0,False,1.024789810180664,0.8901211193442866,4.548574447631836,0.28230881690979004,0.525665283203125,1
90,15,0.024399984911697932,0.7323864698410034,1.3661932945251465,0.49265346143926897,5.960464477539063e-08,0.0,False,1.0371959209442139,0.9008969302372671,4.5214128494262695,0.28246554732322693,0.5201560854911804,1
90,16,0.011516916100419213,0.7461546659469604,1.373077392578125,0.5578931522156512,5.960464477539063e-08,0.0,False,1.0280869007110596,0.8929849357916592,4.602921009063721,0.27850866317749023,0.5026782751083374,2
90,17,-0.01154082045941092,0.7583736777305603,1.3791868686676025,0.2416629982846124,2.9802322387695312e-08,0.0,False,1.0016838312149048,0.8700515210166829,4.326947212219238,0.2978268563747406,0.5047203302383423,2
90,18,-0.022915867655287504,0.7700531482696533,1.3850265741348267,0.2861867163862501,0.0,0.0,False,0.9719776511192322,0.8442490608287333,4.1427764892578125,0.31245774030685425,0.5046849250793457,2
90,19,0.029296209271449013,0.7778810262680054,1.3889405727386475,0.47094207044158665,5.960464477539063e-08,0.0,False,0.96831214427948,0.8410652420409672,3.965263843536377,0.3276626467704773,0.5028770565986633,1
90,20,0.004964821937340677,0.7759562730789185,1.387978196144104,0.48833346579756054,5.960464477539063e-08,0.0,False,1.025477647781372,0.8907185674931528,4.459668159484863,0.2897307276725769,0.5031965970993042,2
90,21,0.01151172107311331,0.7849436402320862,1.3924716711044312,0.14247847029141011,1.4901161193847656e-07,0.0,False,1.0166703462600708,0.8830686425908343,4.352969169616699,0.29776638746261597,0.5022287964820862,2
90,22,0.0007587556770805317,0.798448920249939,1.3992245197296143,0.16157895326614377,5.960464477539063e-08,0.0,False,1.0173734426498413,0.8836793443554811,4.399142265319824,0.29539304971694946,0.5008618235588074,2
90,23,-0.015200010841706267,0.788731575012207,1.3943660259246826,0.4506866452949388,2.384185791015625e-07,0.0,False,0.9972383975982666,0.8661902664379366,4.070981979370117,0.31960538029670715,0.5019327998161316,2
90,24,-0.0015382208888454364,0.800674557685852,1.4003372192382812,0.3508310653269291,5.960464477539063e-08,0.0,False,1.003146767616272,0.8713222114296613,4.190585613250732,0.3108728528022766,0.5030936002731323,2
91,1,-0.05068188168892677,0.7749539017677307,1.3874768018722534,1.3177872193711144,1.4901161193847656e-07,0.0,False,0.9745790958404541,0.8465086470035393,3.822274923324585,0.3402661085128784,0.5000102519989014,2
91,2,0.04594347359206813,0.794293999671936,1.3971469402313232,0.7214265476380075,5.960464477539063e-08,0.0,False,0.9515641927719116,0.8265181561951269,3.8335115909576416,0.34072771668434143,0.5000276565551758,2
91,3,-0.007184232927072147,0.7907946705818176,1.3953975439071655,0.6723029475126948,2.086162567138672e-07,0.0,False,0.9315032958984375,0.8090934825667668,3.5923893451690674,0.3642221987247467,0.5001010894775391,2
91,4,0.02020398136972853,0.7969266772270203,1.3984633684158325,0.43070270546845035,2.9802322387695312e-08,0.0,False,0.8703705668449402,0.7559942687835259,3.2079412937164307,0.4099588096141815,0.5053354501724243,2
91,5,0.039591559293925604,0.7866441607475281,1.3933221101760864,0.4883403112845761,2.9802322387695312e-08,0.0,False,0.9302958250045776,0.8080446866742427,3.6850030422210693,0.35438159108161926,0.5003165006637573,2
91,6,0.011249001947853688,0.8167509436607361,1.40837562084198,1.0782745874353818,1.4901161193847656e-07,0.0,False,1.0338985919952393,0.8980329067021481,4.357016563415527,0.29923903942108154,0.5116176009178162,7
91,7,-0.003858021934958121,0.810588002204895,1.4052939414978027,0.23386332179818844,5.960464477539063e-08,0.0,False,1.017106533050537,0.8834475096231915,4.142947673797607,0.3153744339942932,0.5,7
91,8,0.008085891370492806,0.8151333928108215,1.407566785812378,0.3711244442633219,8.940696716308594e-08,0.0,False,1.0400102138519287,0.9033413939978271,4.362176418304443,0.29909881949424744,0.5000196695327759,7
91,9,-0.007174552178935199,0.7907024621963501,1.3953511714935303,0.9409053772687911,5.960464477539063e-08,0.0,False,0.9470314979553223,0.8225811075011344,3.7035515308380127,0.3525828719139099,0.5107675790786743,2
91,10,-0.03098162282096874,0.7797533869743347,1.3898767232894897,0.11699480350528446,2.9802322387695312e-08,0.0,False,0.9715476036071777,0.8438755263058504,3.821467638015747,0.3406136631965637,0.5038503408432007,2
91,11,-0.02036303132763524,0.7703516483306885,1.3851758241653442,0.6286711799246926,0.0,0.0,False,1.018991231918335,0.8850845382598593,4.1958537101745605,0.30825063586235046,0.5088510513305664,2
91,12,0.009834518552996344,0.7220656275749207,1.3610328435897827,1.232242871608053,2.9802322387695312e-08,0.0,False,1.086930274963379,0.9440956412603595,4.9651570320129395,0.2558995485305786,0.5049856305122375,1
91,13,-0.05425652840499344,0.7569189667701721,1.3784594535827637,0.9245714896491595,2.9802322387695312e-08,0.0,False,1.0517607927322388,0.9135478171316023,4.8664774894714355,0.26340556144714355,0.5007601380348206,2
91,14,-0.08033479243702928,0.7255619764328003,1.362781047821045,0.49888728026832857,5.960464477539063e-08,0.0,False,1.063430905342102,0.9236843481509086,4.7217631340026855,0.26992103457450867,0.5044403076171875,2
91,15,0.023314140862771764,0.7086131572723389,1.3543065786361694,0.44746979858194075,0.0,0.0,False,1.0885732173919678,0.9455226829220013,5.035478591918945,0.2514406144618988,0.5042794942855835,1
91,16,0.021534755848142153,0.7675872445106506,1.383793592453003,0.7325717444930757,2.9802322387695312e-08,0.0,False,1.1010386943817139,0.9563500586638786,5.551512241363525,0.22971153259277344,0.5050429105758667,7
91,17,0.021514666817192326,0.8107522130012512,1.4053761959075928,0.38879826771361503,8.940696716308594e-08,0.0,False,1.0452158451080322,0.9078629478565248,4.938951015472412,0.2621024250984192,0.5057845115661621,1
91,18,-0.030867693423739653,0.7961501479148865,1.3980751037597656,2.016768080847604,2.9802322387695312e-08,0.0,False,0.9050908088684082,0.786151887825801,3.386204957962036,0.38770389556884766,0.5005578994750977,7
91,19,0.09757483118785805,0.7999419569969177,1.3999708890914917,2.3098193699760095,8.940696716308594e-08,0.0,False,0.9880659580230713,0.8582231866517399,4.164058685302734,0.312975138425827,0.5001146793365479,2
91,20,0.038100146088263086,0.8085276484489441,1.4042638540267944,2.349438744464091,2.9802322387695312e-08,0.0,False,0.9268611073493958,0.8050613288251602,3.546290397644043,0.37059783935546875,0.5018229484558105,7
91,21,-0.005807309372735089,0.7913956046104431,1.395697832107544,0.4526835424559458,2.9802322387695312e-08,0.0,False,0.9838190078735352,0.8545343326220165,3.91839599609375,0.3328265845775604,0.5002422332763672,7
91,22,-0.005758660902213606,0.7899206280708313,1.3949602842330933,1.0193566062620707,2.9802322387695312e-08,0.0,False,0.9615576267242432,0.8351983426366513,3.698218584060669,0.35333603620529175,0.5001957416534424,7
91,23,0.031443116531615356,0.7903713583946228,1.3951855897903442,0.14443949290684296,8.940696716308594e-08,0.0,False,0.9275363683700562,0.8056478530953947,3.467336893081665,0.3777863681316376,0.5010418891906738,7
91,24,-0.00888977472616843,0.8038474321365356,1.401923656463623,0.9492280366165299,5.960464477539063e-08,0.0,False,1.0044395923614502,0.8724451447354591,3.973510980606079,0.32886847853660583,0.5024799108505249,7
92,1,-0.029954909052660787,0.8065666556358337,1.4032833576202393,1.4440974571875163,2.9802322387695312e-08,0.0,False,0.9347335696220398,0.8118992626731619,3.5531771183013916,0.36973729729652405,0.5000060796737671,2
92,2,-0.05507909469142565,0.8204053044319153,1.4102027416229248,0.1377156121390206,8.940696716308594e-08,0.0,False,0.931506872177124,0.8090965888829655,3.5583019256591797,0.3703502416610718,0.500015139579773,2
92,3,-0.03256173574231887,0.7987838983535767,1.3993918895721436,0.7100697244916644,5.960464477539063e-08,0.0,False,1.0276743173599243,0.8926265704462127,4.201557636260986,0.30991482734680176,0.502458930015564,2
92,4,0.03772527450507271,0.7926822900772095,1.39634108543396,0.5162805851016725,5.960464477539063e-08,0.0,False,0.9253475666046143,0.8037466840379716,3.5325605869293213,0.37039223313331604,0.5144219994544983,2
92,5,0.02499619296035118,0.8046405911445618,1.402320384979248,0.6516125191535269,8.940696716308594e-08,0.0,False,0.9573191404342651,0.8315168402219312,3.9574897289276123,0.33033886551856995,0.5016204118728638,2
92,6,0.06871739159411744,0.8115445375442505,1.4057722091674805,0.12115297892263954,5.960464477539063e-08,0.0,False,0.9597010612487793,0.8335857503540792,3.965691328048706,0.33014976978302,0.5008856654167175,2
92,7,-0.05765661690089725,0.7903231978416443,1.3951616287231445,0.13585887636457167,2.9802322387695312e-08,0.0,False,0.9328655004501343,0.8102766784068177,3.8772406578063965,0.33642715215682983,0.5000838041305542,2
92,8,0.07180065478825856,0.8252396583557129,1.4126198291778564,0.6043944491871767,0.0,0.0,False,0.989826500415802,0.8597523743443793,4.136463642120361,0.31681764125823975,0.5024889707565308,2
92,9,0.0004852146329741183,0.8222633600234985,1.4111316204071045,0.9769776777497359,5.960464477539063e-08,0.0,False,0.9640493392944336,0.8373626166760966,3.9192142486572266,0.33504560589790344,0.5001022219657898,7
92,10,0.03547886919647232,0.7854287028312683,1.3927143812179565,0.8340728772538049,2.9802322387695312e-08,0.0,False,0.9674063324928284,0.8402784639197958,4.002779483795166,0.3250657320022583,0.5010800361633301,2
92,11,0.024609361749041374,0.798575222492218,1.3992877006530762,0.8057610844927174,8.940696716308594e-08,0.0,False,0.9477209448814392,0.8231799534922899,3.929861545562744,0.3323560655117035,0.5000097155570984,2
92,12,-0.016837271854913557,0.796299159526825,1.3981494903564453,0.14907773158379956,8.940696716308594e-08,0.0,False,0.922575056552887,0.8013385124049986,3.649942398071289,0.3587150275707245,0.5001846551895142,2
92,13,0.000751514244235748,0.8085219264030457,1.4042608737945557,0.487418574414083,8.940696716308594e-08,0.0,False,0.9625293612480164,0.8360423805197504,3.931398630142212,0.3329278230667114,0.5010126233100891,2
92,14,0.06751246167068972,0.812195360660553,1.406097650527954,0.345147968935115,2.9802322387695312e-08,0.0,False,0.8961818218231201,0.7784136399995687,3.4247469902038574,0.38461852073669434,0.5004438161849976,2
92,15,0.03390063878822119,0.8223124146461487,1.411156177520752,0.7242342116577284,2.9802322387695312e-08,0.0,False,1.0500776767730713,0.9120858811846627,4.895804405212402,0.26512372493743896,0.5066673159599304,5
92,16,-0.022286105925197856,0.8180754780769348,1.409037709236145,0.4526321957153935,2.9802322387695312e-08,0.0,False,0.917560338973999,0.7969827840593702,3.6324245929718018,0.3623032867908478,0.500144362449646,2
92,17,-0.003766149348449865,0.8154679536819458,1.4077339172363281,0.26105046059404086,5.960464477539063e-08,0.0,False,0.8710196018218994,0.7565580134016371,3.234166145324707,0.40844637155532837,0.5000773072242737,2
92,18,-0.03485701267209976,0.8117691278457642,1.4058846235275269,0.2604661512055567,5.960464477539063e-08,0.0,False,0.863976776599884,0.7504406931397765,3.1867401599884033,0.41437944769859314,0.5000244379043579,2
92,19,-0.017265655446949395,0.8217856287956238,1.4108927249908447,0.2688578077192818,8.940696716308594e-08,0.0,False,0.906670868396759,0.7875243100942838,3.618417978286743,0.3640691637992859,0.50003981590271,2
92,20,0.002225688513984197,0.8244908452033997,1.4122453927993774,0.5114792963223797,2.9802322387695312e-08,0.0,False,0.9302752614021301,0.8080268253561006,3.9936020374298096,0.3286953568458557,0.5000240802764893,2
92,21,0.021132317788515903,0.8006483912467957,1.4003239870071411,0.28853889022554674,2.086162567138672e-07,0.0,False,0.9050312042236328,0.7861001158891575,3.6041672229766846,0.36381369829177856,0.5000272393226624,2
92,22,0.024204783073965862,0.8014816045761108,1.4007409811019897,0.4080645931618554,1.7881393432617188e-07,0.0,False,0.873577356338501,0.7587796507468835,3.2739624977111816,0.4019864797592163,0.5001165866851807,2
92,23,0.05209254617082326,0.7942479252815247,1.3971240520477295,0.12118352843182445,8.940696716308594e-08,0.0,False,0.869444727897644,0.7551900952916423,3.205256700515747,0.410199373960495,0.5000004768371582,2
92,24,0.03421101719674589,0.7807457447052002,1.3903727531433105,0.8877151784087933,1.1920928955078125e-07,0.0,False,0.9718787670135498,0.8441631711858417,4.141174793243408,0.3132561445236206,0.5074200630187988,2
93,1,0.012312518557509138,0.7842417359352112,1.3921208381652832,1.4932293849331992,2.9802322387695312e-08,0.0,False,0.9176475405693054,0.7970585264026796,3.449782371520996,0.3792591094970703,0.5000454783439636,2
93,2,-0.08084390096779824,0.7809451222419739,1.390472650527954,0.3458663890404361,8.940696716308594e-08,0.0,False,0.8710614442825317,0.7565943573011609,3.195103645324707,0.4102330207824707,0.5001164078712463,2
93,3,-0.021034817354352264,0.759774923324585,1.379887580871582,0.15051515347191258,1.1920928955078125e-07,0.0,False,0.9327956438064575,0.8102160016970715,3.5291566848754883,0.3682938516139984,0.5000010132789612,2
93,4,0.014547178085727903,0.7574877142906189,1.3787437677383423,0.06538505852222443,8.940696716308594e-08,0.0,False,0.9538198113441467,0.8284773615935273,3.6452999114990234,0.35595348477363586,0.5003012418746948,2
93,5,-0.019688066907905866,0.7715961337089539,1.3857979774475098,0.12475368486983421,8.940696716308594e-08,0.0,False,0.9413807392120361,0.817672920819583,3.5906877517700195,0.3627724051475525,0.5001301169395447,2
93,6,0.08069885627938721,0.7819740772247314,1.3909869194030762,1.3585039675235748,1.1920928955078125e-07,0.0,False,1.053642988204956,0.915182671346931,4.476224899291992,0.2887866497039795,0.5106006264686584,7
93,7,-0.05747795519941639,0.7672418355941772,1.3836209774017334,0.9433583244681358,5.960464477539063e-08,0.0,False,0.9490758776664734,0.8243568331560702,3.710101366043091,0.3502650856971741,0.5022344589233398,7
93,8,0.029352800028454626,0.7680001258850098,1.3840000629425049,1.4874727816454,0.0,0.0,False,0.9844017624855042,0.8550405068465801,3.9004263877868652,0.3326132297515869,0.5015929341316223,7
93,9,0.004532313004678776,0.7699912190437317,1.384995698928833,0.48310148077351717,8.940696716308594e-08,0.0,False,0.9200348854064941,0.7991321477810621,3.4699501991271973,0.3756646513938904,0.5017579793930054,7
93,10,-0.027322034419009163,0.7751025557518005,1.3875514268875122,0.16104361734219955,1.4901161193847656e-07,0.0,False,0.9386253952980042,0.8152796595043634,3.5628132820129395,0.3660040497779846,0.5005397200584412,2
93,11,0.03213971822102986,0.7534350752830505,1.3767175674438477,0.7065856126802309,2.9802322387695312e-08,0.0,False,0.987314760684967,0.8575707049342217,3.8871500492095947,0.33270809054374695,0.5001516342163086,2
93,12,-0.006395758556208343,0.7585248351097107,1.3792624473571777,0.6180717306477684,2.9802322387695312e-08,0.0,False,0.9673764705657959,0.8402525261795374,3.8557844161987305,0.3359122574329376,0.5002481937408447,2
93,13,0.008431380137679412,0.7626198530197144,1.381309986114502,0.20451098041875043,5.960464477539063e-08,0.0,False,0.9745188355445862,0.8464563055755927,3.855257272720337,0.33628231287002563,0.5001267194747925,2
93,14,-0.009187728427147785,0.7520473003387451,1.3760236501693726,0.09887266159057617,0.0,0.0,False,0.9744856357574463,0.8464274686068823,3.8058021068573,0.33997440338134766,0.5002727508544922,2
93,15,0.026697916884090487,0.742989182472229,1.3714944124221802,0.11079456231423795,1.7881393432617188e-07,0.0,False,1.0011887550354004,0.8696215033109219,3.9396634101867676,0.3273119330406189,0.5000202059745789,2
93,16,-0.03326564832622186,0.7736539840698242,1.386826992034912,0.20502264371940088,0.0,0.0,False,0.9544376134872437,0.8290139777168373,3.806554079055786,0.3416207730770111,0.5001150965690613,2
93,17,0.003729676828524476,0.7544718980789185,1.377236008644104,0.627455537872655,5.960464477539063e-08,0.0,False,0.9892041087150574,0.8592117717819477,4.022706031799316,0.32114991545677185,0.5001460313796997,2
93,18,-0.058902684606955684,0.7818301320075989,1.390915036201477,0.5254225746861526,2.9802322387695312e-08,0.0,False,0.9203189015388489,0.7993788410591685,3.518450975418091,0.3713834583759308,0.5001068115234375,2
93,19,0.03132841664072416,0.7920673489570618,1.396033763885498,0.22083444361175805,8.940696716308594e-08,0.0,False,0.9325144290924072,0.8099717416999874,3.7678725719451904,0.34672582149505615,0.5000631213188171,2
93,20,0.024375819024639526,0.7539466619491577,1.376973271369934,0.3565290916178907,5.960464477539063e-08,0.0,False,0.9224410057067871,0.8012220773194875,3.433912992477417,0.3783301115036011,0.5000255703926086,2
93,21,-0.008473099388124176,0.7689906358718872,1.3844953775405884,0.09503170315708429,5.960464477539063e-08,0.0,False,0.9062268733978271,0.7871386609382264,3.383037567138672,0.3856029510498047,0.5000776052474976,2
93,22,0.022539820694489246,0.7823829054832458,1.3911913633346558,0.3679840846785478,8.940696716308594e-08,0.0,False,0.9525506496429443,0.827374981746577,3.7547202110290527,0.34721407294273376,0.5002024173736572,2
93,23,0.035233229966044076,0.7723863124847412,1.3861932754516602,0.46433561029178755,1.1920928955078125e-07,0.0,False,0.9287005662918091,0.8066590625619157,3.7028069496154785,0.3514585793018341,0.500054121017456,2
93,24,0.002953501114672373,0.7761052846908569,1.3880525827407837,0.7892724179795811,5.960464477539063e-08,0.0,False,0.9454587697982788,0.8212150531808587,3.75872802734375,0.34630313515663147,0.5011641383171082,2
94,1,-0.037112881601911604,0.768187940120697,1.384093999862671,1.1774946323462896,2.9802322387695312e-08,0.0,False,1.0172412395477295,0.8835645142000058,4.141330718994141,0.3123099207878113,0.5097259283065796,7
94,2,0.07659903521583514,0.7986798286437988,1.3993399143218994,1.5325961772884642,0.0,0.0,False,1.0109851360321045,0.8781305317299029,4.196506977081299,0.3102002739906311,0.5059716701507568,2
94,3,0.02394489191299588,0.7948749661445618,1.3974374532699585,0.6618827134370804,2.9802322387695312e-08,0.0,False,0.9795374274253845,0.8508153990971031,3.948683500289917,0.3303854167461395,0.5017299652099609,2
94,4,-0.03476125491458899,0.8225158452987671,1.4112579822540283,0.3214504080159324,5.960464477539063e-08,0.0,False,0.9209726452827454,0.7999466756602746,3.481905221939087,0.3789423406124115,0.5011779069900513,2
94,5,0.05895908544740405,0.7703920006752014,1.3851959705352783,0.2344793347375733,2.9802322387695312e-08,0.0,False,0.9359380006790161,0.8129454181969173,3.6729485988616943,0.35422971844673157,0.5011029839515686,2
94,6,0.02487168130994251,0.7855425477027893,1.3927712440490723,1.1435431210058076,2.9802322387695312e-08,0.0,False,1.0130183696746826,0.8798965760326863,4.0173797607421875,0.32386666536331177,0.500219464302063,7
94,7,0.026602052342451853,0.7813088297843933,1.390654444694519,1.0067237445286343,2.9802322387695312e-08,0.0,False,0.9000264406204224,0.7817530334569485,3.3548500537872314,0.39003580808639526,0.5024281144142151,7
94,8,-0.014129592019318618,0.7970606088638306,1.3985302448272705,0.13536448776721954,5.960464477539063e-08,0.0,False,0.9070943593978882,0.787892149704136,3.3828070163726807,0.3881258964538574,0.5028783679008484,7
94,9,-0.005669667566112943,0.8155611157417297,1.4077805280685425,0.3440048550920826,2.9802322387695312e-08,0.0,False,0.924105703830719,0.8026680157380041,3.5462582111358643,0.3710744082927704,0.5060753226280212,7
94,10,0.04334754715853871,0.8105087280273438,1.4052543640136719,0.4795909630400794,0.0,0.0,False,0.9503781199455261,0.8254879464278576,3.731839179992676,0.3515123128890991,0.5057146549224854,2
94,11,-0.0029000305723483467,0.8131481409072876,1.406574010848999,0.2224826216697693,5.960464477539063e-08,0.0,False,0.8892170190811157,0.7723640892027743,3.3154449462890625,0.3978120684623718,0.50199955701828,7
94,12,0.025864375156254445,0.7960273027420044,1.3980135917663574,0.4326443086777415,5.960464477539063e-08,0.0,False,0.9266061782836914,0.804839900252136,3.54087233543396,0.3701365292072296,0.5012559294700623,7
94,13,0.0005406481029871942,0.779592752456665,1.3897963762283325,0.4105520599654743,0.0,0.0,False,0.9180825352668762,0.797436357996304,3.4677963256835938,0.3765161633491516,0.5109586715698242,7
94,14,0.0331211110229495,0.786160945892334,1.393080472946167,0.7457876950502396,0.0,0.0,False,1.0245141983032227,0.8898817259092471,4.125151634216309,0.3150821924209595,0.5007530450820923,7
94,15,0.021365277684022115,0.78739333152771,1.3936967849731445,0.759397634438106,1.1920928955078125e-07,0.0,False,1.030205249786377,0.8948249104199695,4.154231548309326,0.31284016370773315,0.5017510056495667,7
94,16,0.04352173228752437,0.7783870100975037,1.3891935348510742,0.6259284211056573,2.9802322387695312e-08,0.0,False,1.035263180732727,0.8992181734196646,4.1634111404418945,0.31153982877731323,0.5002052187919617,7
94,17,0.007410774927993764,0.78583824634552,1.3929190635681152,0.5445100963115692,5.960464477539063e-08,0.0,False,1.0214552879333496,0.8872247901207021,4.113438606262207,0.31600743532180786,0.5002992153167725,7
94,18,-0.010381395745038607,0.7804329991340637,1.390216588973999,0.5730422054018294,8.940696716308594e-08,0.0,False,1.0404834747314453,0.9037524631747766,4.210002422332764,0.30807650089263916,0.5005147457122803,7
94,19,-0.01782974542105595,0.7990782260894775,1.3995391130447388,0.6877359226346016,0.0,0.0,False,0.9568636417388916,0.8311211990821015,3.8088631629943848,0.3431467115879059,0.5088973045349121,7
94,20,-0.012376459212453752,0.7964629530906677,1.3982315063476562,0.26620317729456083,2.9802322387695312e-08,0.0,False,1.0035908222198486,0.8717079123576554,4.309758186340332,0.3014972507953644,0.5074064135551453,2
94,21,-0.01262299373131264,0.7861231565475464,1.3930615186691284,0.4680877572723797,5.960464477539063e-08,0.0,False,1.0268315076828003,0.8918945152620735,4.48597526550293,0.2881050407886505,0.5209479331970215,2
94,22,0.03360239687824404,0.7889506220817566,1.3944754600524902,0.25104485877922605,1.4901161193847656e-07,0.0,False,1.0188069343566895,0.8849244594317576,4.265364646911621,0.30417385697364807,0.5115272998809814,2
94,23,0.03995381339630826,0.7877471446990967,1.393873691558838,0.3336984962224961,1.1920928955078125e-07,0.0,False,0.9839544892311096,0.8546520102340072,3.926968812942505,0.33153611421585083,0.5099068284034729,2
94,24,-0.03572982021016143,0.7652459740638733,1.3826229572296143,0.7285966468708855,2.9802322387695312e-08,0.0,False,0.989385187625885,0.8593690549254708,3.8592019081115723,0.3359847664833069,0.5057435631752014,7
95,1,0.009176412480202354,0.7139244079589844,1.3569623231887817,0.9742236222539629,1.1920928955078125e-07,0.0,False,1.1032719612121582,0.9582898495860377,5.536045074462891,0.22743700444698334,0.5255598425865173,1
95,2,0.018934071304973845,0.7586608529090881,1.3793305158615112,1.0271813848188944,8.940696716308594e-08,0.0,False,1.0768003463745117,0.9352968970839215,5.198461532592773,0.2451333999633789,0.5294449925422668,1
95,3,0.06918593212861827,0.7469609975814819,1.3734805583953857,0.7368374339171817,5.960464477539063e-08,0.0,False,1.1149919033050537,0.968469661944378,5.498054027557373,0.23121947050094604,0.5010782480239868,5
95,4,-0.029441904817669586,0.7946317791938782,1.3973159790039062,1.9436623092208591,8.940696716308594e-08,0.0,False,0.9879075288772583,0.8580855768441414,4.262960433959961,0.3047291040420532,0.5114449262619019,7
95,5,-0.004598841639734019,0.767877995967865,1.3839390277862549,2.45073519221374,2.9802322387695312e-08,0.0,False,0.9271867871284485,0.8053442106869805,3.540438652038574,0.3673442006111145,0.51706862449646,2
95,6,0.04738768469709806,0.7821374535560608,1.3910688161849976,0.6228144828762326,8.940696716308594e-08,0.0,False,1.0401535034179688,0.9034658537335182,4.6331682205200195,0.2784959077835083,0.512678325176239,2
95,7,0.07752131270160627,0.8084322214126587,1.4042160511016846,1.8140534971441542,5.960464477539063e-08,0.0,False,0.9988337755203247,0.8675759940941368,4.110297203063965,0.3177911043167114,0.5018430948257446,7
95,8,-0.006663814463947726,0.7927789092063904,1.3963894844055176,0.4367477680955615,2.9802322387695312e-08,0.0,False,0.9947797656059265,0.8640547258233284,3.9551150798797607,0.32971516251564026,0.5001298189163208,7
95,9,0.0119457163815866,0.7344188690185547,1.3672094345092773,1.8237030122961317,0.0,0.0,False,1.0578770637512207,0.9188603426383395,4.692016124725342,0.27197012305259705,0.515670895576477,2
95,10,0.00816374631710696,0.802141547203064,1.4010708332061768,0.32456958826099125,5.960464477539063e-08,0.0,False,0.972300112247467,0.8445291470059747,4.035304546356201,0.3232974112033844,0.5095819234848022,2
95,11,0.016208071562209096,0.813494086265564,1.4067471027374268,0.6134626045823097,5.960464477539063e-08,0.0,False,1.0522301197052002,0.9139554693607332,4.422001361846924,0.29472607374191284,0.5010929107666016,2
95,12,-0.03441969887819858,0.7963737845420837,1.3981869220733643,0.1853342737470354,2.9802322387695312e-08,0.0,False,1.0403980016708374,0.9036782222176298,4.325942039489746,0.30045387148857117,0.5022323131561279,2
95,13,0.01286353583344551,0.8011515736579895,1.4005757570266724,0.687166411961828,2.9802322387695312e-08,0.0,False,0.9654746651649475,0.838600638997053,3.8844289779663086,0.3364352881908417,0.5059018731117249,2
95,14,-0.00842274437297091,0.8099390268325806,1.4049694538116455,0.5213136694261007,5.960464477539063e-08,0.0,False,1.013496994972229,0.8803123046839337,4.398831844329834,0.29600876569747925,0.5054149627685547,2
95,15,-0.03491791874769952,0.8027194142341614,1.4013597965240479,0.15288419915097115,8.940696716308594e-08,0.0,False,1.0220907926559448,0.8877767825091952,4.382317066192627,0.2968645393848419,0.5003849267959595,2
95,16,0.016868608894218262,0.7557209134101868,1.3778605461120605,0.6370983315365655,8.940696716308594e-08,0.0,False,1.0272685289382935,0.8922741071015438,4.243539333343506,0.30359381437301636,0.5109819173812866,1
95,17,0.005811584500862672,0.7644414901733398,1.38222074508667,0.9223063928740365,0.0,0.0,False,1.0470061302185059,0.9094179697455493,4.548340797424316,0.28296756744384766,0.5090532898902893,1
95,18,0.009373979253173521,0.7970430850982666,1.3985215425491333,1.2034617364406586,0.0,0.0,False,1.0385140180587769,0.9020418148442017,4.635986804962158,0.27938297390937805,0.5055069923400879,2
95,19,0.012480612452173745,0.7878611087799072,1.393930435180664,1.2294534827981676,1.1920928955078125e-07,0.0,False,1.0316749811172485,0.8961015028337252,4.464251518249512,0.289750337600708,0.5184124708175659,7
95,20,-0.0023628419701307874,0.7860090732574463,1.3930045366287231,1.1603069326707294,0.0,0.0,False,1.0385165214538574,0.9020439892655407,4.4477643966674805,0.291225790977478,0.5012290477752686,7
95,21,0.023220662293064118,0.7866754531860352,1.3933378458023071,1.0726569656814848,1.1920928955078125e-07,0.0,False,1.050942301750183,0.9128368848976135,4.754631519317627,0.2711012065410614,0.5195176601409912,7
95,22,0.005164814737531024,0.768081545829773,1.3840408325195312,1.4825926923326083,5.960464477539063e-08,0.0,False,0.9453655481338501,0.8211340818719483,3.601868152618408,0.36113062500953674,0.5069282650947571,2
95,23,-0.004022292209806436,0.7953963875770569,1.397698163986206,0.5829295856612069,2.9802322387695312e-08,0.0,False,1.0103836059570312,0.8776080493452966,4.26421594619751,0.30390965938568115,0.5396422147750854,2
95,24,0.0024911942082499663,0.7978261113166809,1.3989131450653076,0.4066467593823162,8.940696716308594e-08,0.0,False,1.0107650756835938,0.877939389739815,4.37099552154541,0.2961190342903137,0.5451897382736206,2
96,1,0.019598178688848902,0.8025922775268555,1.4012961387634277,1.6033378222158976,0.0,0.0,False,0.866808295249939,0.7529001189900264,3.1879942417144775,0.41327619552612305,0.5013672113418579,7
96,2,-0.012260840815418412,0.7749221324920654,1.3874611854553223,1.145855556641306,1.1920928955078125e-07,0.0,False,1.0257935523986816,0.8909929587573634,4.114688396453857,0.3150593638420105,0.5033287405967712,7
96,3,0.03444266048356106,0.8120154142379761,1.4060076475143433,0.571325163756098,5.960464477539063e-08,0.0,False,1.01942777633667,0.8854637159238364,4.164321422576904,0.3137180507183075,0.5021652579307556,7
96,4,0.01088867675686113,0.8003697395324707,1.4001848697662354,1.0821377784013748,0.0,0.0,False,0.9802577495574951,0.85144106295144,3.999973773956299,0.32626399397850037,0.5055342316627502,2
96,5,0.0039005678796758055,0.8131157159805298,1.4065577983856201,0.3531687339501722,5.960464477539063e-08,0.0,False,0.9377579689025879,0.8145262225103904,3.850942850112915,0.340467631816864,0.5031003952026367,2
96,6,0.03779288300501279,0.8098136782646179,1.4049067497253418,0.3768339944737297,8.940696716308594e-08,0.0,False,0.9585710763931274,0.8326042579791915,3.80735445022583,0.34421348571777344,0.5053195953369141,7
96,7,0.026602730308686044,0.7696504592895508,1.3848252296447754,0.38122791796922684,0.0,0.0,False,1.0166194438934326,0.8830244293569407,4.060275077819824,0.3189370632171631,0.5088227987289429,7
96,8,0.010299785490288548,0.792481541633606,1.3962407112121582,0.7558727306979043,5.960464477539063e-08,0.0,False,1.0258960723876953,0.8910820064883902,4.153458595275879,0.3132552206516266,0.5016239881515503,7
96,9,-0.02732813934633474,0.7947929501533508,1.3973965644836426,0.43914218885558,8.940696716308594e-08,0.0,False,1.0301686525344849,0.8947931224508704,4.20719051361084,0.3092573285102844,0.5008259415626526,7
96,10,0.04616925485832428,0.8159099221229553,1.4079549312591553,1.0617355534008572,2.9802322387695312e-08,0.0,False,0.994208037853241,0.8635581294070438,4.259734630584717,0.30668172240257263,0.5002110004425049,7
96,11,-0.01121514335647867,0.7982878684997559,1.399143934249878,0.24957474640437546,0.0,0.0,False,0.9986518621444702,0.8674179861435009,4.008634090423584,0.32545775175094604,0.5026980638504028,7
96,12,-0.008668759557245765,0.816076934337616,1.4080383777618408,0.15842310871396761,8.940696716308594e-08,0.0,False,1.012258529663086,0.8792365873843548,4.288151264190674,0.3045160174369812,0.5019203424453735,7
96,13,-0.013773011663187364,0.8016530871391296,1.4008264541625977,0.5814045454774583,8.940696716308594e-08,0.0,False,1.014538288116455,0.8812167604170958,4.298425674438477,0.30281689763069153,0.5019901394844055,7
96,14,0.005837697619111298,0.7782884836196899,1.3891441822052002,0.5229288030947957,5.960464477539063e-08,0.0,False,1.0140137672424316,0.880761167374633,4.215884685516357,0.30749502778053284,0.5000285506248474,7
96,15,-0.0022970224689027067,0.836227536201477,1.4181139469146729,1.0655565740806714,1.7881393432617188e-07,0.0,False,1.004621982574463,0.8726035668615881,4.328078746795654,0.3029012084007263,0.5002807974815369,7
96,16,-0.005587473681452024,0.8131143450737,1.4065570831298828,0.9602276390152318,8.940696716308594e-08,0.0,False,0.9740965366363525,0.8460895014044735,3.9246740341186523,0.33387455344200134,0.5005407929420471,7
96,17,0.04011712987923261,0.776578426361084,1.3882893323898315,1.4732616586344582,1.1920928955078125e-07,0.0,False,0.9586251378059387,0.8326512151257272,3.8624370098114014,0.33670347929000854,0.5004972219467163,2
96,18,0.017644853627641705,0.7694339156150818,1.3847169876098633,1.4295297254409107,2.9802322387695312e-08,0.0,False,1.0339398384094238,0.8980687328823054,4.163139343261719,0.3106899857521057,0.5097596645355225,7
96,19,0.036687622848351566,0.7689738273620605,1.3844869136810303,0.5575661872114455,0.0,0.0,False,1.027343988418579,0.8923396503733344,4.082740783691406,0.31728291511535645,0.5002898573875427,7
96,20,-0.018660938041666006,0.746959924697876,1.3734798431396484,0.8529597425035069,1.1920928955078125e-07,0.0,False,0.9315129518508911,0.8091018696205031,3.5999271869659424,0.3596974015235901,0.5002096891403198,7
96,21,-0.01871027713554308,0.8107538223266602,1.4053767919540405,0.28095464514834545,1.1920928955078125e-07,0.0,False,0.929685115814209,0.8075142314113932,3.6115665435791016,0.36387011408805847,0.5003095865249634,2
96,22,-0.004999135434914653,0.795975387096405,1.3979876041412354,0.5022194683551789,8.940696716308594e-08,0.0,False,0.9428650140762329,0.8189621455858797,3.626221179962158,0.361123263835907,0.5002470016479492,7
96,23,-0.0055139219447836,0.8004183173179626,1.4002090692520142,0.6747961214610508,8.940696716308594e-08,0.0,False,0.9671407341957092,0.8400477681701123,3.9353582859039307,0.3320058286190033,0.5001201629638672,2
96,24,0.005954290798686461,0.7548100352287292,1.3774049282073975,0.14996794717652467,8.940696716308594e-08,0.0,False,1.009901523590088,0.8771893179217238,4.186279773712158,0.30811405181884766,0.5008888244628906,2
97,1,-0.02287041161868345,0.8027051687240601,1.4013527631759644,1.4299992663519723,1.7881393432617188e-07,0.0,False,0.9386888742446899,0.8153347966168887,3.5833828449249268,0.36617666482925415,0.5000553131103516,2
97,2,-0.032413680086005744,0.8074278235435486,1.4037138223648071,0.06274471857718047,8.940696716308594e-08,0.0,False,0.9337882995605469,0.8110782115299325,3.5289697647094727,0.37244293093681335,0.5000341534614563,2
97,3,0.013409858569391041,0.8047963380813599,1.4023983478546143,0.11867930527244294,1.7881393432617188e-07,0.0,False,0.8905590176582336,0.773529734356303,3.3101766109466553,0.39774781465530396,0.5000330209732056,2
97,4,-0.0016955512740347567,0.8016667366027832,1.400833249092102,0.11508495307394431,1.1920928955078125e-07,0.0,False,0.8778969645500183,0.7625316147673753,3.26926851272583,0.40260037779808044,0.5001417398452759,2
97,5,-0.04653712233778628,0.7974125742912292,1.398706316947937,0.27281858346291954,2.9802322387695312e-08,0.0,False,0.8773720264434814,0.7620756593213559,3.246119499206543,0.40516209602355957,0.5001774430274963,2
97,6,-0.0005050389763295434,0.8097989559173584,1.4048995971679688,0.31927467244012003,1.1920928955078125e-07,0.0,False,0.9141318202018738,0.7940048104916987,3.474402666091919,0.3787215054035187,0.5000087022781372,2
97,7,-0.018714455988215084,0.8145403265953064,1.4072703123092651,0.539250615452017,1.4901161193847656e-07,0.0,False,0.9722193479537964,0.8444589960318227,3.883016586303711,0.33771616220474243,0.500546932220459,5
97,8,0.06519531575291099,0.8173130750656128,1.4086565971374512,0.6153730744762078,5.960464477539063e-08,0.0,False,0.9944477081298828,0.8637663043642874,4.268331527709961,0.30611661076545715,0.500562846660614,5
97,9,-0.017786863929152144,0.8009373545646667,1.4004687070846558,0.9733709794070038,2.9802322387695312e-08,0.0,False,0.960539698600769,0.8343141815026534,4.082357406616211,0.31958791613578796,0.50007563829422,5
97,10,0.042875199774467666,0.8194934129714966,1.4097466468811035,0.8096859423177583,5.960464477539063e-08,0.0,False,1.005070447921753,0.872993098912894,4.329463958740234,0.30174559354782104,0.5000174045562744,5
97,11,0.015996398418213743,0.7938504815101624,1.3969252109527588,0.554881386724966,2.9802322387695312e-08,0.0,False,0.9473563432693481,0.8228632645558416,4.066077709197998,0.3204234838485718,0.5000000596046448,7
97,12,0.005998720132520081,0.7897054553031921,1.394852876663208,0.3848092912563256,1.4901161193847656e-07,0.0,False,1.0110459327697754,0.8781833391052792,4.447127819061279,0.2915336489677429,0.5000225305557251,2
97,13,0.01791673851057569,0.7786164283752441,1.389308214187622,0.4211614057421684,0.0,0.0,False,0.9564530253410339,0.8307645422105643,4.070995807647705,0.31892794370651245,0.5002771615982056,7
97,14,-0.0012624643386905331,0.7719863057136536,1.385993242263794,0.4349321776202746,8.940696716308594e-08,0.0,False,0.9399758577346802,0.8164526562728954,3.773038625717163,0.3446215093135834,0.5007903575897217,7
97,15,0.007342165097871358,0.7854704856872559,1.392735242843628,0.37361253904444824,0.0,0.0,False,0.9225500226020813,0.8013167681916084,3.6492278575897217,0.3578980565071106,0.5000594854354858,7
97,16,0.0020139427605081247,0.7957522869110107,1.3978761434555054,1.2570082822016309,0.0,0.0,False,1.0369231700897217,0.9006600218551863,4.347973823547363,0.2983323931694031,0.5199891924858093,7
97,17,-0.026782284514756387,0.785279393196106,1.3926397562026978,0.969725300158773,5.960464477539063e-08,0.0,False,1.043867588043213,0.9066918666496486,4.739434242248535,0.2721012830734253,0.5134310126304626,7
97,18,0.038151461098944704,0.8112108111381531,1.4056053161621094,0.9335948122399194,8.940696716308594e-08,0.0,False,1.0703098773956299,0.9296593473589362,4.999325275421143,0.2589045464992523,0.5016551613807678,2
97,19,-0.0004075857328493318,0.8204076886177063,1.4102039337158203,1.407813493694578,8.940696716308594e-08,0.0,False,0.9763081073760986,0.8480104473416943,3.91231369972229,0.3355041742324829,0.5008429288864136,7
97,20,-0.013730670058834934,0.8121110200881958,1.4060554504394531,0.8189465616430556,5.960464477539063e-08,0.0,False,0.9946848750114441,0.863972304900192,4.342483043670654,0.30028006434440613,0.5016857385635376,5
97,21,0.06182692811947879,0.8179441690444946,1.408972144126892,0.4108644819685391,5.960464477539063e-08,0.0,False,1.0338122844696045,0.8979579409378883,4.64847469329834,0.2799549102783203,0.5000776648521423,2
97,22,0.013149204401092792,0.8009635210037231,1.4004817008972168,0.6480395730052675,5.960464477539063e-08,0.0,False,0.956032931804657,0.8303996536011009,4.010621547698975,0.3255557417869568,0.5000479221343994,7
97,23,-0.0103495002282042,0.7718995809555054,1.3859498500823975,0.6749374621680804,5.960464477539063e-08,0.0,False,0.9735223650932312,0.8455907823387865,3.814817428588867,0.3406539857387543,0.5024314522743225,7
97,24,0.014757031100285263,0.8266164064407349,1.4133081436157227,0.7016367592981884,5.960464477539063e-08,0.0,False,0.9581016898155212,0.8321965539781239,3.818244218826294,0.34462395310401917,0.5000053644180298,7
98,1,0.016211700198797214,0.8059444427490234,1.4029722213745117,1.4818729870021343,0.0,0.0,False,0.9276753067970276,0.8057685334797107,3.7743868827819824,0.3471817076206207,0.5004408359527588,2
98,2,-0.03205766266800685,0.8015434145927429,1.4007717370986938,0.022463700068848513,2.9802322387695312e-08,0.0,False,0.9276379346847534,0.8057360724754352,3.7801153659820557,0.34629079699516296,0.5004421472549438,2
98,3,-0.009608404176859422,0.8018971681594849,1.4009486436843872,0.02049961632915903,5.960464477539063e-08,0.0,False,0.9301129579544067,0.8078858503726203,3.784298896789551,0.3458767235279083,0.5020001530647278,2
98,4,-0.04712643860650788,0.7971397638320923,1.398569941520691,0.22491781546601233,5.960464477539063e-08,0.0,False,0.9001092910766602,0.7818249964488829,3.5002896785736084,0.37470293045043945,0.5005968809127808,2
98,5,0.14938647504133742,0.7937198281288147,1.396859884262085,0.3192776505436217,2.9802322387695312e-08,0.0,False,0.9114583730697632,0.7916826838174273,3.665595531463623,0.35691773891448975,0.5000280141830444,2
98,6,-0.003298815807797957,0.7482813000679016,1.374140739440918,2.2405164188572337,8.940696716308594e-08,0.0,False,1.0441018342971802,0.9068953303606576,4.601620197296143,0.27864745259284973,0.5056452751159668,4
98,7,-0.08599800214193089,0.6873524785041809,1.3436763286590576,1.5489859591637338,8.940696716308594e-08,0.0,False,1.0739119052886963,0.9327880290341769,4.860004425048828,0.25956663489341736,0.5099033117294312,5
98,8,0.03895938010619189,0.7368527054786682,1.3684263229370117,1.1278173476457596,2.9802322387695312e-08,0.0,False,1.038499116897583,0.9020288718600408,4.377527713775635,0.2929127514362335,0.5010889768600464,1
98,9,0.014481554668307316,0.7600466012954712,1.3800232410430908,0.704877529825483,5.960464477539063e-08,0.0,False,1.0412710905075073,0.9044365775455839,4.497912406921387,0.28619369864463806,0.5019862055778503,5
98,10,-0.009556406825427514,0.8001969456672668,1.4000985622406006,0.42042488604784006,8.940696716308594e-08,0.0,False,0.9973801970481873,0.8663134318752115,4.373071670532227,0.29737165570259094,0.5000122785568237,5
98,11,0.041328142101929984,0.8199473023414612,1.4099737405776978,0.2359994721731969,8.940696716308594e-08,0.0,False,0.9626496434211731,0.8361468562878971,4.157012939453125,0.31488266587257385,0.5004042387008667,1
98,12,0.03942066755781106,0.8206759095191956,1.410338044166565,0.25029989385179097,8.940696716308594e-08,0.0,False,1.003270149230957,0.8714293793385134,4.4737443923950195,0.2916185259819031,0.5000632405281067,5
98,13,-0.002595147981238697,0.8268110156059265,1.4134055376052856,1.063529453107289,2.9802322387695312e-08,0.0,False,1.0680246353149414,0.927674411308024,4.845310211181641,0.26824915409088135,0.5077170729637146,7
98,14,-0.05400648088410408,0.830149233341217,1.4150747060775757,1.0448400505951472,8.940696716308594e-08,0.0,False,0.980631411075592,0.8517656212222581,4.115131378173828,0.3189438581466675,0.5000145435333252,2
98,15,0.024338565336665258,0.8198814988136292,1.4099407196044922,0.9307169084038054,2.9802322387695312e-08,0.0,False,0.928581953048706,0.8065560364079951,3.6008729934692383,0.3656686246395111,0.5030803084373474,1
98,16,0.01088528891104673,0.8246858716011047,1.4123430252075195,0.8865690180765731,8.940696716308594e-08,0.0,False,0.9862736463546753,0.8566664045168695,4.176480293273926,0.31365957856178284,0.5005956888198853,2
98,17,0.015123731602630055,0.8278462886810303,1.4139230251312256,0.2113347551120179,1.1920928955078125e-07,0.0,False,0.9852153062820435,0.8557471420098274,4.2648468017578125,0.3070732057094574,0.500232994556427,2
98,18,-0.0007853252882095594,0.8276671171188354,1.413833498954773,0.4701083419578415,5.960464477539063e-08,0.0,False,0.9811797738075256,0.8522419230393784,4.129617214202881,0.3175743818283081,0.5010437965393066,2
98,19,0.00882705291575289,0.8195163607597351,1.40975821018219,0.12525521963834763,2.9802322387695312e-08,0.0,False,1.0091458559036255,0.8765329533089574,4.37526798248291,0.298399418592453,0.501312255859375,2
98,20,-0.008910881054609266,0.8180879354476929,1.4090440273284912,0.5264745809670005,5.960464477539063e-08,0.0,False,0.967680811882019,0.8405168736880392,4.173750400543213,0.31343045830726624,0.5006223917007446,2
98,21,0.007566093366453235,0.8230584859848022,1.4115291833877563,0.15230897468115612,5.960464477539063e-08,0.0,False,0.9547966718673706,0.8293258518631778,4.135320663452148,0.3168279826641083,0.5001977682113647,1
98,22,-0.0005916887911846837,0.802358865737915,1.4011794328689575,0.25232076485242166,0.0,0.0,False,0.9555793404579163,0.8300056691632437,4.075998306274414,0.32021036744117737,0.5000020265579224,2
98,23,-0.03096000855393969,0.812874436378479,1.4064372777938843,0.529075387865305,5.960464477539063e-08,0.0,False,1.0445458889007568,0.9072810312886518,4.704921722412109,0.2759057581424713,0.508171796798706,5
98,24,0.012745988466957021,0.8033742308616638,1.4016870260238647,0.46927462731088904,8.940696716308594e-08,0.0,False,1.031189203262329,0.8956795615500805,4.437472343444824,0.2923855483531952,0.5238384008407593,1
99,1,-0.08385970809682686,0.788772702217102,1.3943862915039062,1.3900544930781638,5.960464477539063e-08,0.0,False,0.9470641613006592,0.8226094785224151,3.685500383377075,0.35445937514305115,0.5020154714584351,2
99,2,0.09373504666432704,0.7804592847824097,1.39022958278656,0.3390509906624044,5.960464477539063e-08,0.0,False,0.955750584602356,0.8301544099372206,3.8205978870391846,0.3408227264881134,0.5010875463485718,2
99,3,-0.008480604136334224,0.7669968605041504,1.3834985494613647,0.818386686699731,1.1920928955078125e-07,0.0,False,1.0207520723342896,0.8866139848121819,4.512444972991943,0.28548097610473633,0.509044885635376,2
99,4,-0.006133594497405297,0.7630724310874939,1.3815363645553589,0.6825622618198394,1.4901161193847656e-07,0.0,False,0.9347400665283203,0.8119049058142561,3.529858350753784,0.36850669980049133,0.5000313520431519,2
99,5,0.002731912613373067,0.7787727117538452,1.3893864154815674,0.14131442989621837,5.960464477539063e-08,0.0,False,0.8894139528274536,0.7725351436814445,3.300403356552124,0.39649611711502075,0.5007425546646118,2
99,6,0.03999803469907275,0.7960058450698853,1.3980028629302979,0.062020176755530315,5.960464477539063e-08,0.0,False,0.9017282724380493,0.783231225791994,3.416949987411499,0.3840920925140381,0.5000557899475098,2
99,7,0.048204708049412036,0.7831513285636902,1.391575574874878,0.33471881651452606,8.940696716308594e-08,0.0,False,0.9432740211486816,0.8193174046151275,3.889885902404785,0.33474719524383545,0.5000215172767639,2
99,8,-0.005321023464665845,0.79813152551651,1.399065613746643,0.4208812591220652,1.4901161193847656e-07,0.0,False,0.9631574153900146,0.8365879014161631,4.063704490661621,0.32092219591140747,0.5,5
99,9,-0.0032191534541691825,0.7493569850921631,1.374678611755371,0.5075330404298646,1.1920928955078125e-07,0.0,False,0.992806077003479,0.8623404016852518,4.050304412841797,0.3184754252433777,0.5011710524559021,2
99,10,-0.030744469562569057,0.782927930355072,1.3914639949798584,0.39039044507912224,2.9802322387695312e-08,0.0,False,0.9290302991867065,0.8069454649154276,3.5492730140686035,0.3680419325828552,0.5036434531211853,5
99,11,0.0447771037478343,0.7741259336471558,1.3870631456375122,0.33896123724324345,1.7881393432617188e-07,0.0,False,1.0003809928894043,0.868919890025529,4.290028095245361,0.30160340666770935,0.5027320384979248,5
99,12,-0.04476347530374475,0.8041873574256897,1.402093529701233,0.4368734338453837,1.4901161193847656e-07,0.0,False,0.981682538986206,0.8526786193249665,3.9603590965270996,0.3298841714859009,0.5077581405639648,5
99,13,0.029122098283571592,0.8147213459014893,1.407360553741455,0.7764699608087539,1.1920928955078125e-07,0.0,False,1.0266458988189697,0.8917332974513656,4.510769844055176,0.2886999249458313,0.5017356872558594,1
99,14,-0.052847911544863464,0.8070686459541321,1.403534173965454,0.6449480631521769,1.4901161193847656e-07,0.0,False,1.0183711051940918,0.8845459030310202,4.374227046966553,0.2977035939693451,0.5007991790771484,5
99,15,0.02600074442704877,0.8111906051635742,1.405595302581787,0.6036957443824836,0.0,0.0,False,1.0418065786361694,0.9049016966243892,4.754271507263184,0.273025780916214,0.5001661777496338,5
99,16,0.0022011567310181506,0.8081271648406982,1.4040637016296387,0.4037635108189923,1.1920928955078125e-07,0.0,False,1.0610212087631226,0.9215913122962847,4.798794269561768,0.27012431621551514,0.5025648474693298,5
99,17,-0.032295230573537136,0.7990648746490479,1.3995325565338135,0.6455134717481478,1.1920928955078125e-07,0.0,False,1.0453290939331055,0.9079613145361475,4.656467437744141,0.2778267562389374,0.5193202495574951,5
99,18,0.0780841309731374,0.8000698685646057,1.40003502368927,0.7330609772886549,8.940696716308594e-08,0.0,False,1.012831449508667,0.8797342192393722,4.280627727508545,0.3040561378002167,0.501064658164978,5
99,19,0.029574704683875117,0.7782564759254456,1.38912832736969,1.2501325410391604,8.940696716308594e-08,0.0,False,1.0596519708633423,0.9204020073677099,4.809571743011475,0.26756978034973145,0.5124375224113464,7
99,20,-0.026155444590620625,0.7646799087524414,1.3823399543762207,0.6762908867427281,0.0,0.0,False,0.984777569770813,0.8553669289071174,4.295219421386719,0.3000645041465759,0.523290753364563,7
99,21,0.010441634071165783,0.7697312235832214,1.384865641593933,1.0923792028001376,2.9802322387695312e-08,0.0,False,0.9762185215950012,0.8479326341209191,3.9554715156555176,0.32794463634490967,0.5011454224586487,5
99,22,0.018162539658525483,0.7666884064674377,1.3833441734313965,0.3489168850438935,2.9802322387695312e-08,0.0,False,1.0044753551483154,0.8724762078974452,4.215771198272705,0.3067110478878021,0.500008761882782,5
99,23,-0.011048309466584635,0.7696108818054199,1.38480544090271,0.22519031379904061,0.0,0.0,False,1.003377914428711,0.8715229829999648,4.168123722076416,0.3104143440723419,0.5059347748756409,5
99,24,0.0011001372219346982,0.7814951539039612,1.3907475471496582,0.2765841728874615,2.9802322387695312e-08,0.0,False,0.991434633731842,0.8611491811950213,4.251661777496338,0.3049883544445038,0.500893235206604,5
100,1,0.001626883533236213,0.8215675354003906,1.4107840061187744,1.3527879534023148,2.384185791015625e-07,0.0,False,0.9886674880981445,0.8587456690363462,4.008248329162598,0.3272337317466736,0.5000078678131104,2
100,2,0.033393544999442366,0.831665575504303,1.4158326387405396,0.20149942487478253,1.4901161193847656e-07,0.0,False,1.0181732177734375,0.8843740202013638,4.145197868347168,0.3166227340698242,0.5001078844070435,2
100,3,-0.03377499256181292,0.7813718318939209,1.39068603515625,1.0244748826537813,1.1920928955078125e-07,0.0,False,0.9819741249084473,0.8529318876390265,4.016964912414551,0.32358792424201965,0.5006145238876343,7
100,4,0.034772031031915646,0.8283892273902893,1.4141947031021118,1.103463996733938,8.940696716308594e-08,0.0,False,1.0066262483596802,0.8743444500031629,4.1757893562316895,0.31393417716026306,0.5015254020690918,2
100,5,0.006785979898723454,0.8151461482048035,1.4075729846954346,0.45407275509621414,8.940696716308594e-08,0.0,False,0.8905857801437378,0.7735529799558559,3.461209535598755,0.38063234090805054,0.5019127726554871,2
100,6,0.01796662511579436,0.8212376832962036,1.4106190204620361,1.1880241919841086,1.7881393432617188e-07,0.0,False,1.033327341079712,0.8975367244613567,4.259092807769775,0.30654871463775635,0.518468976020813,7
100,7,0.007418137607589262,0.791618287563324,1.3958091735839844,0.7931602618524006,2.9802322387695312e-08,0.0,False,1.0393898487091064,0.9028025516812415,4.2889018058776855,0.3029133081436157,0.5001363158226013,7
100,8,0.012844238077372299,0.8100470900535583,1.4050235748291016,0.38298962371689926,2.9802322387695312e-08,0.0,False,1.024857521057129,0.8901799322643137,4.227113723754883,0.30843213200569153,0.512141227722168,7
100,9,-0.014777468196377114,0.7948076128959656,1.3974037170410156,1.793058448604175,8.940696716308594e-08,0.0,False,1.0094847679138184,0.8768273285407124,4.444394111633301,0.29177412390708923,0.5097116231918335,2
100,10,0.035396917762332065,0.8205337524414062,1.4102668762207031,0.5478440650871822,0.0,0.0,False,1.033066749572754,0.8973103775543512,4.675863265991211,0.27818724513053894,0.5066611766815186,2
100,11,-0.004645736052960569,0.8068081736564636,1.4034039974212646,1.2526540580604757,8.940696716308594e-08,0.0,False,1.0164554119110107,0.8828819529872978,4.169336318969727,0.3128647804260254,0.505937933921814,7
100,12,0.04453345621769562,0.822105884552002,1.411052942276001,0.9141718644116607,0.0,0.0,False,1.0208230018615723,0.8866755934167877,4.505922794342041,0.28928130865097046,0.5082165002822876,2
100,13,-0.02188605803901311,0.8146368265151978,1.407318353652954,0.29539403106485096,5.960464477539063e-08,0.0,False,0.954777717590332,0.8293093883873252,3.7772741317749023,0.34739041328430176,0.5071272253990173,7
100,14,-0.0013175956951054463,0.8176530003547668,1.4088265895843506,0.24525406158396182,8.940696716308594e-08,0.0,False,1.0005016326904297,0.8690246764252956,4.226029396057129,0.30934861302375793,0.5005239248275757,7
100,15,-0.009121966418946666,0.8003931045532227,1.4001965522766113,0.22794312824096,0.0,0.0,False,0.9617622494697571,0.8353760756951485,4.024400234222412,0.3242417871952057,0.5040346384048462,7
100,16,0.0035848310134234994,0.7987930774688721,1.3993964195251465,0.2775033776249205,1.1920928955078125e-07,0.0,False,1.0306897163391113,0.895245712721008,4.630823612213135,0.27981770038604736,0.5053019523620605,2
100,17,0.030717753263399473,0.8028834462165833,1.4014418125152588,0.7576788376484598,8.940696716308594e-08,0.0,False,1.0209834575653076,0.886814963470232,4.185117721557617,0.3114892840385437,0.5015667676925659,7
100,18,-0.018371811452815377,0.7799115777015686,1.389955759048462,0.33410278920616415,2.9802322387695312e-08,0.0,False,1.0139915943145752,0.8807419082142016,4.1602654457092285,0.31180137395858765,0.50357985496521,7
100,19,-0.0007940194607422243,0.8176155686378479,1.4088077545166016,0.36400598713329857,2.9802322387695312e-08,0.0,False,1.029282808303833,0.8940236879284745,4.345785617828369,0.3004348576068878,0.5001562833786011,7
100,20,-0.013159715502554743,0.8166336417198181,1.4083168506622314,0.2086373163121088,2.9802322387695312e-08,0.0,False,1.0116279125213623,0.8786888402946665,4.116571426391602,0.3178696036338806,0.5011454820632935,7
100,21,-0.027190606017637467,0.8146503567695618,1.407325267791748,0.10766595176288066,8.940696716308594e-08,0.0,False,1.022115707397461,0.8877984231787122,4.231328964233398,0.30875828862190247,0.500049889087677,7
100,22,-0.03169667158469101,0.8290025591850281,1.4145013093948364,0.43859455415180754,2.9802322387695312e-08,0.0,False,1.035133719444275,0.8991057247732749,4.729335308074951,0.2755308747291565,0.5003374218940735,7
100,23,-0.04288162489699372,0.8085706830024719,1.404285192489624,0.2584073330674852,1.4901161193847656e-07,0.0,False,1.0194352865219116,0.8854702391878535,4.5796966552734375,0.2838093936443329,0.5005565881729126,2
100,24,-0.004880799220824878,0.8079695105552673,1.403984785079956,0.4372624957135746,2.9802322387695312e-08,0.0,False,1.0536205768585205,0.915163205098753,4.8657965660095215,0.2662156820297241,0.5020321607589722,7
