episode,step,reward,leverage_gate,gross_exposure,turnover,gate_gross_error,position_limit_violation,at_position_cap,direction_entropy,normalized_direction_entropy,effective_positions,long_hhi,short_hhi,dominant_long_asset
1,1,-0.03152905503792056,0.7961789965629578,1.3980895280838013,1.3516002254826682,2.9802322387695312e-08,0.0,False,0.9730381965637207,0.8451702388974313,3.8198633193969727,0.34189215302467346,0.5090195536613464,2
1,2,0.021154378232578173,0.8033250570297241,1.4016625881195068,0.6120203705855749,5.960464477539063e-08,0.0,False,1.0151373147964478,0.8817370683803631,4.142408847808838,0.3148200511932373,0.503553032875061,2
1,3,0.02636825915193215,0.8299155831336975,1.414957880973816,0.6045467149720175,8.940696716308594e-08,0.0,False,1.0103271007537842,0.8775589695493585,4.297878742218018,0.30452460050582886,0.5072857737541199,2
1,4,0.02544328744355831,0.81634122133255,1.4081707000732422,1.3774953124851956,8.940696716308594e-08,0.0,False,0.9724488854408264,0.8446583697598369,3.9340903759002686,0.33329203724861145,0.5000501871109009,7
1,5,0.032836598422052776,0.8288799524307251,1.4144400358200073,1.376840473896433,5.960464477539063e-08,0.0,False,1.0049974918365479,0.8729297300624423,4.4706830978393555,0.2923182249069214,0.5003132820129395,2
1,6,-0.008292574734111578,0.8266075253486633,1.4133038520812988,0.6596698578687354,8.940696716308594e-08,0.0,False,1.017014503479004,0.8833675737530139,4.3866400718688965,0.29779523611068726,0.5093293786048889,7
1,7,0.005292559569656708,0.8321859240531921,1.4160929918289185,0.4248713929343813,2.9802322387695312e-08,0.0,False,1.0473806858062744,0.9097433045954172,4.812013149261475,0.27071571350097656,0.50032639503479,7
1,8,-0.016191979453087903,0.8397277593612671,1.4198640584945679,1.1578548279546022,1.7881393432617188e-07,0.0,False,0.9933342337608337,0.86279915281585,4.183984756469727,0.31389638781547546,0.5063732266426086,2
1,9,-0.011454928475864682,0.8348442912101746,1.4174219369888306,0.6249674519130242,2.086162567138672e-07,0.0,False,1.018013834953308,0.884235582042779,4.245014190673828,0.30894386768341064,0.503200113773346,2
1,10,0.04359005056579661,0.8374099731445312,1.4187051057815552,0.10827141372053126,1.1920928955078125e-07,0.0,False,1.0109004974365234,0.878057015579869,4.281014919281006,0.3062642812728882,0.5071916580200195,2
1,11,0.0033169820687754684,0.8277040719985962,1.4138519763946533,0.5790981753556723,5.960464477539063e-08,0.0,False,1.0001895427703857,0.8687535985650301,4.023785591125488,0.3263287842273712,0.500643789768219,2
1,12,-0.006025122136051032,0.8313770890235901,1.4156885147094727,0.3717283417714311,2.9802322387695312e-08,0.0,False,1.0173139572143555,0.8836276759627109,4.274580955505371,0.3062024414539337,0.5125914812088013,2
1,13,-0.006502822612099134,0.8175851106643677,1.4087926149368286,0.29374452576120297,5.960464477539063e-08,0.0,False,1.0240459442138672,0.8894750055749756,4.166804313659668,0.31389889121055603,0.5021566152572632,2
1,14,-0.025982292043225254,0.825512170791626,1.4127559661865234,0.6049250469190829,1.1920928955078125e-07,0.0,False,0.9974462985992432,0.8663708469529492,4.146228790283203,0.3155380189418793,0.5201605558395386,2
1,15,0.0076523385086882485,0.8317382335662842,1.4158692359924316,0.18124836402107936,1.1920928955078125e-07,0.0,False,1.0149818658828735,0.8816020471695969,4.320950508117676,0.30304601788520813,0.5034895539283752,2
1,16,0.0053900675356474085,0.8233899474143982,1.4116950035095215,0.42598095513298695,2.9802322387695312e-08,0.0,False,1.0085134506225586,0.8759836530611698,4.147089958190918,0.31577780842781067,0.5047358870506287,2
1,17,0.0397315332661432,0.833584189414978,1.4167921543121338,0.2917070065994349,5.960464477539063e-08,0.0,False,1.0148379802703857,0.8814770697145394,4.253905296325684,0.30817657709121704,0.5034973621368408,2
1,18,0.007987715433873221,0.8033446073532104,1.40167236328125,0.6860300447717917,5.960464477539063e-08,0.0,False,0.9979597330093384,0.8668168104151963,3.968024492263794,0.3291155695915222,0.5092880725860596,2
1,19,-0.012939880562923303,0.8033335208892822,1.4016666412353516,0.5366706177709855,1.1920928955078125e-07,0.0,False,0.9238097667694092,0.8024109680725691,3.5166985988616943,0.3729798197746277,0.5164761543273926,2
1,20,-0.04420648613710991,0.8144440650939941,1.407222032546997,0.6137519790919747,0.0,0.0,False,0.9908187985420227,0.8606142735456205,4.348868370056152,0.30000534653663635,0.5003268122673035,7
1,21,0.022593527059295855,0.7980407476425171,1.3990204334259033,1.1346996623962922,5.960464477539063e-08,0.0,False,1.031726598739624,0.8961463373308585,4.647817611694336,0.27884048223495483,0.5002162456512451,2
1,22,-0.015648055764086278,0.8217902183532715,1.4108951091766357,0.467049360215546,0.0,0.0,False,1.0190002918243408,0.8850924075942291,4.335299968719482,0.3014284074306488,0.501314103603363,2
1,23,0.019119159503770765,0.8190020322799683,1.409501075744629,0.9106472987244427,5.960464477539063e-08,0.0,False,0.973688006401062,0.8457346565507189,3.891407012939453,0.337296724319458,0.5002753734588623,7
1,24,-0.013829123177998445,0.8231242895126343,1.4115620851516724,0.7590303316151201,5.960464477539063e-08,0.0,False,1.0218040943145752,0.8875277594939399,4.540849685668945,0.28716835379600525,0.5025235414505005,7
2,1,0.01577610348694497,0.8042219877243042,1.4021110534667969,1.0096185079642706,5.960464477539063e-08,0.0,False,1.038423776626587,0.9019634321321234,4.221976280212402,0.3085668683052063,0.5076358914375305,7
2,2,-0.01046642626141065,0.8043356537818909,1.402167797088623,0.6293482952967862,2.9802322387695312e-08,0.0,False,1.0391061305999756,0.9025561172628184,4.205451011657715,0.31002673506736755,0.5010762214660645,7
2,3,-0.013072400708182157,0.8014381527900696,1.400719165802002,0.0732296210387138,8.940696716308594e-08,0.0,False,1.0359565019607544,0.8998203845867019,4.1801228523254395,0.31182166934013367,0.5000807046890259,7
2,4,-0.0034838578368777775,0.7956658601760864,1.397832989692688,0.675261127594201,5.960464477539063e-08,0.0,False,1.0314561128616333,0.8959113962823703,4.142014980316162,0.3143751919269562,0.5017411708831787,7
2,5,0.07630996213499203,0.8016176223754883,1.4008088111877441,0.12478203915725224,0.0,0.0,False,1.0322632789611816,0.8966124918483966,4.167438983917236,0.31277328729629517,0.5019481182098389,7
2,6,-0.0034549824951905384,0.786083996295929,1.3930420875549316,0.5358156252684213,8.940696716308594e-08,0.0,False,1.038480520248413,0.902012719015808,4.18627405166626,0.31014496088027954,0.5057309865951538,7
2,7,0.004589810429561156,0.815152108669281,1.407576084136963,0.620109442326511,2.9802322387695312e-08,0.0,False,1.0370033979415894,0.9007297068819086,4.20542573928833,0.31077978014945984,0.500119686126709,7
2,8,-0.002230291041246396,0.7989919185638428,1.399496078491211,0.09283749552965921,1.1920928955078125e-07,0.0,False,1.0381684303283691,0.9017416411555427,4.19715690612793,0.31033632159233093,0.5000097751617432,7
2,9,0.009927964735288966,0.8167545199394226,1.4083771705627441,0.1695355571848438,8.940696716308594e-08,0.0,False,1.034822702407837,0.898835578807869,4.202721118927002,0.3110291063785553,0.5024444460868835,7
2,10,0.05085646731766499,0.800283670425415,1.400141716003418,0.21403518581261174,1.1920928955078125e-07,0.0,False,1.0316156148910522,0.8960499379848282,4.167118549346924,0.3127114772796631,0.5018061399459839,7
2,11,-0.013780076334514954,0.7939068078994751,1.3969533443450928,0.7019281027957732,5.960464477539063e-08,0.0,False,1.0258681774139404,0.891057777222041,4.111775875091553,0.3165859580039978,0.5046625137329102,7
2,12,0.014868777015129089,0.8015118837356567,1.4007558822631836,0.7378920570897001,5.960464477539063e-08,0.0,False,1.0205605030059814,0.8864475898078097,4.109532833099365,0.31731656193733215,0.5038760304450989,7
2,13,-0.0011347229410390539,0.7835770845413208,1.3917886018753052,0.1255136662515232,5.960464477539063e-08,0.0,False,1.0036066770553589,0.8717216836928026,4.04578161239624,0.3213629722595215,0.5000055432319641,7
2,14,0.01340463418298144,0.7839972972869873,1.3919987678527832,0.12431554599373251,1.1920928955078125e-07,0.0,False,1.0159492492675781,0.8824423057013211,4.119777202606201,0.31536564230918884,0.5005190372467041,7
2,15,0.006990957965746487,0.7702053189277649,1.3851027488708496,0.821644323348482,8.940696716308594e-08,0.0,False,1.037463665008545,0.9011294897766697,4.1418962478637695,0.312624990940094,0.5013308525085449,7
2,16,-0.009717803197054772,0.7920094728469849,1.3960046768188477,0.11198629188034037,5.960464477539063e-08,0.0,False,1.0378341674804688,0.9014513041348459,4.185451030731201,0.3106403648853302,0.5046762824058533,7
2,17,-0.04061614049881021,0.8052995204925537,1.4026498794555664,0.08594661863380684,1.1920928955078125e-07,0.0,False,1.0383851528167725,0.9019298839171784,4.201683044433594,0.3103781044483185,0.5012203454971313,7
2,18,0.008673405820314381,0.8143966794013977,1.407198429107666,0.6149748090439726,8.940696716308594e-08,0.0,False,1.0119848251342773,0.8789988506512878,4.034980297088623,0.3244222104549408,0.5014293789863586,7
2,19,0.0009969303390099365,0.8066191673278809,1.4033095836639404,0.44666897759080193,0.0,0.0,False,1.0039533376693726,0.8720227892763213,3.974778890609741,0.32899177074432373,0.5013622045516968,7
2,20,0.008564187745364136,0.8003365397453308,1.4001681804656982,0.38339965984800495,8.940696716308594e-08,0.0,False,0.9956051707267761,0.8647716636019678,3.9087984561920166,0.33432573080062866,0.5009965896606445,7
2,21,-0.00046703895402377873,0.8133500218391418,1.406675100326538,0.15977731608272305,8.940696716308594e-08,0.0,False,1.0253932476043701,0.8906452584308656,4.133152008056641,0.31632694602012634,0.5006266832351685,7
2,22,0.01113724021345782,0.796780526638031,1.398390293121338,0.08561649824469514,2.9802322387695312e-08,0.0,False,1.0165191888809204,0.8829373489595063,4.037196159362793,0.3230170011520386,0.5002418160438538,7
2,23,0.018169510926991487,0.7839260101318359,1.391963005065918,0.5863654302562464,0.0,0.0,False,1.010646104812622,0.8778360529542746,4.043064594268799,0.3213393986225128,0.5101950168609619,7
2,24,0.017941930747871995,0.7719721794128418,1.385986089706421,0.4457439633371792,0.0,0.0,False,1.0004866123199463,0.8690116298972613,4.008803367614746,0.323516309261322,0.5032936930656433,7
3,1,0.04784833139292432,0.8334667682647705,1.4167333841323853,1.1707868448325567,0.0,0.0,False,1.0489280223846436,0.9110873040706827,4.686702251434326,0.27842772006988525,0.500157356262207,1
3,2,-0.011038929588606892,0.8183566927909851,1.409178376197815,0.28936166393492607,2.9802322387695312e-08,0.0,False,1.0464807748794556,0.9089616518959734,4.801037311553955,0.27060753107070923,0.5006253719329834,1
3,3,-0.01801927334357165,0.8277598023414612,1.4138799905776978,0.5954032532326496,8.940696716308594e-08,0.0,False,0.9918822646141052,0.861537988439214,4.086421489715576,0.3208662271499634,0.5087733268737793,2
3,4,0.029175321535296193,0.8243277668952942,1.4121638536453247,0.22544640560465684,2.9802322387695312e-08,0.0,False,1.012606143951416,0.8795385213188598,4.3258280754089355,0.3023201525211334,0.5,2
3,5,0.09711520485304839,0.7920648455619812,1.3960323333740234,1.3537885324600096,8.940696716308594e-08,0.0,False,1.1011651754379272,0.9564599187134362,5.308810234069824,0.24211524426937103,0.5002184510231018,6
3,6,0.07109247531166336,0.8107218742370605,1.4053609371185303,0.33679995574344945,0.0,0.0,False,1.090117335319519,0.9468638867126881,5.120652675628662,0.25245487689971924,0.5000032782554626,6
3,7,-0.047241062545016796,0.7961247563362122,1.3980624675750732,0.2850877843815182,8.940696716308594e-08,0.0,False,1.1024298667907715,0.9575584156651381,5.355911731719971,0.24004407227039337,0.5006635189056396,6
3,8,0.015453265456883844,0.8083924651145935,1.4041961431503296,1.5550886903455727,8.940696716308594e-08,0.0,False,1.0143996477127075,0.8810963388924631,4.2105488777160645,0.3099191188812256,0.5006052255630493,2
3,9,-0.030199734684293746,0.8041098117828369,1.4020549058914185,0.5807182353767838,0.0,0.0,False,1.0849032402038574,0.942334981238987,4.981793403625488,0.25954312086105347,0.5000022649765015,2
3,10,0.050503401734433045,0.8285425305366516,1.4142712354660034,0.3802676897546281,2.9802322387695312e-08,0.0,False,0.9990552663803101,0.8677683786107041,4.175434589385986,0.31393134593963623,0.5029177665710449,2
3,11,0.004434811135212449,0.7861400246620178,1.393070101737976,1.6798182457364168,8.940696716308594e-08,0.0,False,0.9511078596115112,0.8261217902481842,3.645810604095459,0.3582994341850281,0.5001413822174072,7
3,12,0.008373911406674601,0.7754712700843811,1.3877356052398682,0.9969322107353787,2.9802322387695312e-08,0.0,False,1.0316568613052368,0.8960857641649856,4.165095329284668,0.31112438440322876,0.5033125877380371,7
3,13,-0.0023909006094770197,0.8020833730697632,1.4010417461395264,0.7010629268616517,5.960464477539063e-08,0.0,False,1.0030754804611206,0.8712602921934356,4.127226829528809,0.3160354495048523,0.5002880096435547,7
3,14,-0.01992975703317413,0.783202052116394,1.3916010856628418,0.22778510505212304,5.960464477539063e-08,0.0,False,1.0175268650054932,0.8838126053204015,4.382430076599121,0.295396089553833,0.5084260702133179,7
3,15,0.0052790500835334965,0.7898162007331848,1.3949081897735596,0.2269483999616505,8.940696716308594e-08,0.0,False,0.9678437113761902,0.8406583663908859,3.905773639678955,0.3338276445865631,0.5002380609512329,7
3,16,0.02939811252072917,0.8040617108345032,1.4020308256149292,0.6051209472962704,2.9802322387695312e-08,0.0,False,1.0158048868179321,0.8823169140707705,4.33428955078125,0.30040520429611206,0.5000322461128235,2
3,17,0.032985236870859296,0.7799423933029175,1.389971375465393,0.23941556248357354,1.7881393432617188e-07,0.0,False,1.0402452945709229,0.9035455825159492,4.3814616203308105,0.2952693998813629,0.5079379081726074,2
3,18,0.014817872102388656,0.7814451456069946,1.3907225131988525,1.6373318558745829,5.960464477539063e-08,0.0,False,1.0400869846343994,0.903408076252224,4.688849449157715,0.2752746641635895,0.5018723011016846,7
3,19,0.0441928981043808,0.7843813300132751,1.39219069480896,0.709127571504356,2.9802322387695312e-08,0.0,False,1.0284621715545654,0.8933108919047666,4.445378303527832,0.291312575340271,0.5002845525741577,2
3,20,-0.01863376953834107,0.7990896105766296,1.3995448350906372,0.4667010429567334,2.9802322387695312e-08,0.0,False,1.039086103439331,0.9025387218921062,4.592872619628906,0.2822548747062683,0.5055977702140808,6
3,21,0.019911472937345326,0.7937072515487671,1.3968536853790283,1.4475121976639778,5.960464477539063e-08,0.0,False,0.975767970085144,0.8475412900518308,3.847010850906372,0.3394213020801544,0.5006726980209351,2
3,22,0.018741476686794767,0.8064921498298645,1.4032461643218994,0.23826874118809208,8.940696716308594e-08,0.0,False,1.012831449508667,0.8797342192393722,4.107602596282959,0.317922979593277,0.5001242160797119,2
3,23,-0.0012258194693510632,0.7694271802902222,1.3847137689590454,1.288212750771369,1.7881393432617188e-07,0.0,False,1.0420416593551636,0.9051058851425112,4.53914213180542,0.2840786576271057,0.5011433362960815,7
3,24,-0.03667109720227453,0.7720338106155396,1.3860169649124146,1.1714978922350796,5.960464477539063e-08,0.0,False,1.0275442600250244,0.8925136040804565,4.14969539642334,0.31200098991394043,0.5066676735877991,2
4,1,0.013998253916877399,0.7498889565467834,1.3749443292617798,1.1398346296378543,1.4901161193847656e-07,0.0,False,1.0431015491485596,0.9060264937199062,4.830978870391846,0.26379525661468506,0.5504949688911438,1
4,2,0.015025927627841176,0.8393083214759827,1.419654130935669,1.2844769029126246,2.9802322387695312e-08,0.0,False,0.9752320647239685,0.847075808569469,4.0993828773498535,0.320850133895874,0.5000733137130737,2
4,3,-0.005095843282356147,0.8355674147605896,1.4177836179733276,0.08480214564896954,8.940696716308594e-08,0.0,False,0.9576122760772705,0.8317714546063439,4.0100297927856445,0.328053742647171,0.5006563663482666,2
4,4,0.010542931414852769,0.7731359601020813,1.3865679502487183,2.3573772018498067,2.9802322387695312e-08,0.0,False,1.0360817909240723,0.8999292091975266,4.418091297149658,0.29234206676483154,0.5055025219917297,6
4,5,0.010206924297380869,0.7938767075538635,1.3969383239746094,2.215898229366574,2.9802322387695312e-08,0.0,False,1.0658799409866333,0.9258115534837171,5.006324768066406,0.2568210959434509,0.5309680700302124,2
4,6,0.027590073051328087,0.8051460981369019,1.4025731086730957,0.24145692366868043,5.960464477539063e-08,0.0,False,1.0449516773223877,0.9076334946333208,4.578149318695068,0.28290480375289917,0.5291421413421631,2
4,7,-0.08515794246500104,0.7937031984329224,1.3968515396118164,1.2180363451477056,5.960464477539063e-08,0.0,False,1.0606658458709717,0.9212826480100161,4.920236587524414,0.26235780119895935,0.5018807649612427,2
4,8,0.0273221070662069,0.8389841318130493,1.4194920063018799,1.418154298512032,5.960464477539063e-08,0.0,False,0.9747684001922607,0.8466730746743191,3.906397581100464,0.3374224901199341,0.5000005960464478,2
4,9,-0.007071059331126025,0.7486448884010315,1.3743224143981934,2.2323830717108866,2.9802322387695312e-08,0.0,False,1.0592267513275146,0.9200326663716951,4.653791427612305,0.27521634101867676,0.513221263885498,7
4,10,0.01587730267249573,0.7850847244262695,1.3925423622131348,1.4525996759187259,0.0,0.0,False,1.039961338043213,0.9032989410097795,4.532042980194092,0.2855302393436432,0.5001914501190186,2
4,11,0.020882535731965832,0.8020607233047485,1.4010303020477295,0.4693078240514452,5.960464477539063e-08,0.0,False,1.0305010080337524,0.8950818027695946,4.28717041015625,0.303729772567749,0.5000385642051697,2
4,12,0.029385588471245557,0.7975190281867981,1.3987596035003662,0.15157573912170924,8.940696716308594e-08,0.0,False,1.0497281551361084,0.9117822905481852,4.412386894226074,0.29438552260398865,0.5016086101531982,2
4,13,0.015753911313280956,0.8241602778434753,1.4120802879333496,0.23465454653858125,1.4901161193847656e-07,0.0,False,1.0101292133331299,0.877387086719702,4.094782829284668,0.32018163800239563,0.5003081560134888,2
4,14,0.004059586842506018,0.8350066542625427,1.4175032377243042,0.22603230955631504,8.940696716308594e-08,0.0,False,0.9939587712287903,0.8633416191680007,4.086228370666504,0.3216336667537689,0.5001659989356995,2
4,15,0.03863827887551529,0.8203194737434387,1.410159707069397,0.16721971106850822,2.9802322387695312e-08,0.0,False,0.9819464683532715,0.8529078654604239,4.145383834838867,0.31571143865585327,0.5045587420463562,2
4,16,0.007635395911274508,0.802889883518219,1.401444911956787,0.43274613724622396,2.9802322387695312e-08,0.0,False,1.087028980255127,0.9441813755874411,5.0967936515808105,0.25330913066864014,0.5000110864639282,2
4,17,-0.006987604742274313,0.7954208254814148,1.3977103233337402,0.21698661901960126,8.940696716308594e-08,0.0,False,1.0669982433319092,0.9267828985590227,4.823055744171143,0.2679387331008911,0.504692792892456,2
4,18,-0.03689814000155759,0.8207830786705017,1.4103915691375732,0.34114495938426537,2.9802322387695312e-08,0.0,False,0.9981459379196167,0.8669785459452707,4.014433860778809,0.3265596330165863,0.5031713843345642,2
4,19,0.026759707258984543,0.8092204332351685,1.404610276222229,0.21769751499121132,5.960464477539063e-08,0.0,False,0.9881945252418518,0.85833485871908,4.118697643280029,0.3171958327293396,0.5008732080459595,2
4,20,0.009034059454243848,0.8207271099090576,1.4103636741638184,0.08731225929500391,1.1920928955078125e-07,0.0,False,0.9967123866081238,0.8657333790970576,4.114970684051514,0.3182702660560608,0.5014718174934387,2
4,21,-0.030535203200512995,0.7866165637969971,1.393308162689209,1.8047179755688592,1.1920928955078125e-07,0.0,False,1.0614099502563477,0.9219289688670737,4.641357898712158,0.2785244286060333,0.5021904110908508,7
4,22,0.01597530920193862,0.806171178817749,1.4030855894088745,1.3853058839467924,0.0,0.0,False,1.0143200159072876,0.8810271715851073,4.469814300537109,0.29068416357040405,0.5113245248794556,2
4,23,-0.0025716110984521975,0.8086878657341003,1.404344081878662,0.253442549368432,1.4901161193847656e-07,0.0,False,1.0206892490386963,0.8865594171909597,4.4319353103637695,0.29368457198143005,0.5029038190841675,2
4,24,0.00597856962960883,0.8152791857719421,1.4076396226882935,0.8899452794082163,2.9802322387695312e-08,0.0,False,1.0050384998321533,0.872965349154853,4.362865924835205,0.29905134439468384,0.5002705454826355,7
5,1,-0.026322635061880144,0.8040385246276855,1.4020192623138428,1.1745309340102332,0.0,0.0,False,1.0220372676849365,0.8877302913100893,4.107509136199951,0.3177536129951477,0.500356912612915,7
5,2,0.03510509436565788,0.8102049827575684,1.4051024913787842,0.7325942475570019,0.0,0.0,False,1.0470597743988037,0.9094645644885285,4.28817081451416,0.30418747663497925,0.5000290870666504,7
5,3,0.003951255861810481,0.8167300820350647,1.40836501121521,0.4627727181929485,2.9802322387695312e-08,0.0,False,1.0059759616851807,0.8737796181743822,4.12327241897583,0.3172580599784851,0.503861665725708,7
5,4,0.04259697289226131,0.8112004995346069,1.4056001901626587,0.3829292846809865,5.960464477539063e-08,0.0,False,1.034320592880249,0.8983994520135841,4.2561259269714355,0.30646488070487976,0.5065394043922424,7
5,5,0.04446286173807714,0.789827823638916,1.394913911819458,0.0960268149420901,0.0,0.0,False,1.0341469049453735,0.898248588590205,4.178800582885742,0.3111259341239929,0.5003396272659302,7
5,6,-0.034040825465772154,0.7677762508392334,1.3838882446289062,0.8007209444406568,1.1920928955078125e-07,0.0,False,1.008387565612793,0.8758743107309787,3.9798309803009033,0.325666606426239,0.5029110908508301,7
5,7,0.020911080858325833,0.7885040044784546,1.394252061843872,0.7933779650370915,5.960464477539063e-08,0.0,False,1.0418851375579834,0.9049699320368854,4.210165023803711,0.3086220622062683,0.5001587867736816,7
5,8,-0.04487773673189212,0.7930323481559753,1.3965160846710205,0.5817250864734163,8.940696716308594e-08,0.0,False,1.0317049026489258,0.8961274923459203,4.173491477966309,0.3116447329521179,0.5044959187507629,7
5,9,-0.02161363695294668,0.8053702712059021,1.4026851654052734,0.1727728711664805,2.9802322387695312e-08,0.0,False,1.0453627109527588,0.9079905139084145,4.290715217590332,0.3036697506904602,0.5005281567573547,7
5,10,0.02379011520206956,0.8146740198135376,1.4073371887207031,0.04894598851939613,1.7881393432617188e-07,0.0,False,1.0444031953811646,0.9071570892723272,4.303590297698975,0.303335964679718,0.5000227093696594,7
5,11,0.006438386774833476,0.7877214550971985,1.3938608169555664,0.5441916517714085,8.940696716308594e-08,0.0,False,1.0399812459945679,0.9033162328366183,4.534901142120361,0.2852852940559387,0.5082165002822876,7
5,12,0.0017649814619860572,0.8011627197265625,1.4005813598632812,0.6144675621090185,0.0,0.0,False,1.01028311252594,0.8775207618601156,4.166272163391113,0.31284835934638977,0.5014275312423706,7
5,13,-0.021343195051899126,0.8036256432533264,1.4018127918243408,0.5074526580931542,2.9802322387695312e-08,0.0,False,1.0234932899475098,0.888994976178417,4.331308841705322,0.30058106780052185,0.5004756450653076,7
5,14,-0.008632755691823688,0.8272441625595093,1.4136221408843994,0.5545037531278881,5.960464477539063e-08,0.0,False,0.9646430015563965,0.837878265165066,3.7871692180633545,0.3475784957408905,0.5014262199401855,7
5,15,-0.05330348972939446,0.8167089819908142,1.4083545207977295,0.12150949911495654,2.9802322387695312e-08,0.0,False,0.9777609705924988,0.8492723882973799,3.9306585788726807,0.33359435200691223,0.5010313987731934,7
5,16,0.0014135277879196093,0.8207886219024658,1.410394310951233,0.35559107693229636,0.0,0.0,False,0.9545824527740479,0.829139783522881,3.8270864486694336,0.34335190057754517,0.5000078678131104,7
5,17,-0.0010515136564225062,0.8235689401626587,1.4117844104766846,0.16730139177143447,5.960464477539063e-08,0.0,False,0.9408034682273865,0.8171715096131906,3.6375198364257812,0.36221376061439514,0.5004633665084839,7
5,18,0.00605278030765381,0.8138588666915894,1.4069294929504395,0.07770648304395911,5.960464477539063e-08,0.0,False,0.951205849647522,0.8262069033120261,3.68190598487854,0.35684600472450256,0.502100944519043,7
5,19,0.10477251881500957,0.8174088001251221,1.4087042808532715,1.2702787289678161,1.1920928955078125e-07,0.0,False,0.9352088570594788,0.8123120920959573,3.657383680343628,0.3596487045288086,0.5011805295944214,7
5,20,-0.06304140386389803,0.8064253330230713,1.403212547302246,0.2409170893795954,1.1920928955078125e-07,0.0,False,0.9794203042984009,0.8507136672415986,3.8644940853118896,0.3387521803379059,0.5019526481628418,7
5,21,0.00490862432564341,0.7888737916946411,1.3944368362426758,1.0811310282278197,5.960464477539063e-08,0.0,False,1.0305589437484741,0.8951321250920121,4.221836566925049,0.30776020884513855,0.5000143051147461,7
5,22,-0.05233317317342657,0.8226801753044128,1.4113401174545288,0.3375323929944254,2.9802322387695312e-08,0.0,False,0.985255777835846,0.8557822951548083,3.9313156604766846,0.33395159244537354,0.5017679929733276,7
5,23,0.02915140513436924,0.8077477216720581,1.4038739204406738,1.5436391523645474,5.960464477539063e-08,0.0,False,0.9847365617752075,0.8553313098147066,3.8581323623657227,0.33948609232902527,0.5001113414764404,7
5,24,0.057576707569326736,0.8169382810592651,1.4084692001342773,0.2559367588414444,5.960464477539063e-08,0.0,False,0.9545168876647949,0.8290828343925731,3.886568307876587,0.33758631348609924,0.5000896453857422,7
6,1,0.005607972399974535,0.801011860370636,1.4005060195922852,0.9949240173612321,8.940696716308594e-08,0.0,False,1.1127208471298218,0.9664970476143869,5.597116470336914,0.22915194928646088,0.506605327129364,1
6,2,0.07415428116350423,0.8100894093513489,1.4050449132919312,0.8576202347956724,2.086162567138672e-07,0.0,False,1.0828464031219482,0.9405484352492927,5.0070414543151855,0.2582007944583893,0.5095930099487305,1
6,3,0.06495397924814154,0.7789219617843628,1.3894610404968262,1.0854082129183824,5.960464477539063e-08,0.0,False,1.040682077407837,0.9039249672676728,4.669754505157471,0.27631375193595886,0.5016327500343323,6
6,4,0.06926833852812682,0.7848774194717407,1.3924386501312256,0.23395209384555346,5.960464477539063e-08,0.0,False,1.0504202842712402,0.9123834662764897,4.850107192993164,0.2659153640270233,0.5000316500663757,1
6,5,0.029023846276705432,0.7742166519165039,1.387108325958252,0.2443815303005662,0.0,0.0,False,1.0296199321746826,0.8943165100021302,4.586605072021484,0.28130409121513367,0.5007501840591431,4
6,6,-0.006503662475621597,0.804275631904602,1.4021377563476562,0.997202865292983,5.960464477539063e-08,0.0,False,1.0751549005508423,0.9338676810009406,5.057922840118408,0.25538119673728943,0.5018917322158813,1
6,7,-0.04436044581405883,0.8082930445671082,1.404146432876587,0.9775506836711624,8.940696716308594e-08,0.0,False,1.027357816696167,0.8923516614626357,4.370694160461426,0.2980516254901886,0.5001513957977295,1
6,8,-0.020085197485158,0.8331876397132874,1.4165937900543213,1.0690352237455576,2.9802322387695312e-08,0.0,False,1.0372796058654785,0.9009696180363146,4.475009441375732,0.2921273708343506,0.5054792165756226,2
6,9,-0.0037807311257240057,0.8367972373962402,1.4183987379074097,0.3679867857457554,1.1920928955078125e-07,0.0,False,1.0452508926391602,0.9078933897552712,4.529707431793213,0.2882888913154602,0.516891360282898,2
6,10,0.030629575508083137,0.833114743232727,1.4165574312210083,0.1975693882214072,5.960464477539063e-08,0.0,False,1.0571709871292114,0.9182470522768604,4.771334171295166,0.27257442474365234,0.5214154720306396,2
6,11,-0.018439671337319875,0.8026222586631775,1.4013110399246216,1.0725778344381167,8.940696716308594e-08,0.0,False,1.1100133657455444,0.9641453591642921,5.720782279968262,0.22343754768371582,0.5253190994262695,2
6,12,-0.023988771636545007,0.7894993424415588,1.3947495222091675,1.77809592585149,1.4901161193847656e-07,0.0,False,1.087024450302124,0.9441774409202562,5.100477695465088,0.2523191571235657,0.5043841600418091,4
6,13,-0.0011467316630413994,0.8136897683143616,1.4068448543548584,1.4973064270708096,2.9802322387695312e-08,0.0,False,1.1104871034622192,0.9645568425167347,5.583597183227539,0.2303125262260437,0.5056588053703308,1
6,14,-0.06423294146578792,0.8231927156448364,1.4115962982177734,0.4262360337593205,5.960464477539063e-08,0.0,False,1.0546821355819702,0.916085263290374,4.7344512939453125,0.2745453417301178,0.5123217105865479,2
6,15,-0.04273530984645916,0.8138953447341919,1.4069476127624512,0.35526944077360023,5.960464477539063e-08,0.0,False,1.0396710634231567,0.9030468116783256,4.569491386413574,0.28472357988357544,0.5028873682022095,2
6,16,0.013268818513210996,0.790456235408783,1.3952281475067139,0.8962534591911897,2.9802322387695312e-08,0.0,False,0.9947212338447571,0.8640038857815444,4.2028021812438965,0.30930760502815247,0.5005776286125183,2
6,17,0.03492144882901968,0.8138483166694641,1.4069242477416992,0.3519274838344664,8.940696716308594e-08,0.0,False,1.034080982208252,0.8981913288282772,4.397406101226807,0.2965058982372284,0.5000722408294678,2
6,18,-0.08618012741249853,0.8004208207130432,1.4002103805541992,0.847787380495702,2.9802322387695312e-08,0.0,False,1.0033668279647827,0.8715133534197491,4.160805702209473,0.3121887147426605,0.5387738347053528,2
6,19,0.03415101435319705,0.8083227872848511,1.4041614532470703,0.6633067615615554,5.960464477539063e-08,0.0,False,1.0250059366226196,0.890308844386556,4.328464508056641,0.30106648802757263,0.5013130307197571,2
6,20,0.059569374681032225,0.7990209460258484,1.3995106220245361,0.2896794370651742,1.4901161193847656e-07,0.0,False,1.024660587310791,0.8900088777856435,4.265829563140869,0.3043687045574188,0.5270847082138062,2
6,21,0.029304767752729326,0.7831076979637146,1.3915538787841797,0.7204388135318477,2.9802322387695312e-08,0.0,False,1.0795073509216309,0.9376481713585232,4.8571553230285645,0.2653677761554718,0.5016988515853882,2
6,22,-0.020514904293327692,0.801739513874054,1.4008698463439941,1.302439477466188,8.940696716308594e-08,0.0,False,1.021389126777649,0.8871673232710278,4.310178756713867,0.3019988536834717,0.5005475282669067,2
6,23,-0.05153699140824762,0.806721031665802,1.4033606052398682,0.760376482419904,8.940696716308594e-08,0.0,False,1.1006826162338257,0.9560407731143703,5.453938961029053,0.23559297621250153,0.5137326717376709,1
6,24,-0.0016814359611135718,0.8029220104217529,1.401461124420166,1.265905518091732,1.1920928955078125e-07,0.0,False,1.0565900802612305,0.9177424829823327,4.945198059082031,0.26124656200408936,0.5092378854751587,2
7,1,0.059460261584674504,0.8244935274124146,1.4122467041015625,1.1270520729678017,5.960464477539063e-08,0.0,False,1.0800042152404785,0.9380797422223834,5.138974189758301,0.25207459926605225,0.503676176071167,1
7,2,0.06831105859529646,0.7985522150993347,1.3992760181427002,0.8313714671217053,8.940696716308594e-08,0.0,False,1.092847228050232,0.9492350414109608,5.403824806213379,0.2379123717546463,0.500406801700592,6
7,3,0.012257213435300403,0.8045971989631653,1.4022986888885498,0.32014729157138544,8.940696716308594e-08,0.0,False,1.1033172607421875,0.9583291962578867,5.479226589202881,0.23471732437610626,0.5004737377166748,1
7,4,0.012182026210826286,0.8074693083763123,1.4037346839904785,1.1905266933453273,2.9802322387695312e-08,0.0,False,1.0488090515136719,0.9109839672851423,4.557835578918457,0.2851593494415283,0.5010412931442261,1
7,5,-0.012388150600635835,0.8212061524391174,1.4106030464172363,0.8303164820459346,2.9802322387695312e-08,0.0,False,1.103118658065796,0.9581566921649906,5.4637131690979,0.23615582287311554,0.5008208751678467,2
7,6,0.047621502349783344,0.8293659687042236,1.4146828651428223,0.5923327769800059,1.1920928955078125e-07,0.0,False,1.063045620918274,0.923349694352445,4.9633612632751465,0.26185184717178345,0.5007095336914062,2
7,7,0.022686122710955506,0.8025019764900208,1.4012510776519775,0.661221584432719,8.940696716308594e-08,0.0,False,1.0973230600357056,0.9531226996773954,5.17506742477417,0.2492475062608719,0.5000064373016357,5
7,8,0.022433559617500744,0.7837510108947754,1.3918757438659668,0.17235344389542284,2.384185791015625e-07,0.0,False,1.0881462097167969,0.9451517887678871,5.115719795227051,0.2510007619857788,0.5131567120552063,5
7,9,-0.013797254032429764,0.7942516803741455,1.3971258401870728,1.874406666989294,0.0,0.0,False,1.0725882053375244,0.9316382778651978,4.770413398742676,0.27098438143730164,0.5046566128730774,6
7,10,0.0034108876516539396,0.820741593837738,1.4103708267211914,1.9758292734847769,2.9802322387695312e-08,0.0,False,1.068935751914978,0.9284657971315567,4.99091911315918,0.25935640931129456,0.5188748240470886,1
7,11,-0.005325241136933896,0.81297367811203,1.4064868688583374,0.3350602126419413,2.9802322387695312e-08,0.0,False,0.9932272434234619,0.8627062221895748,4.234803199768066,0.3077318072319031,0.5228540897369385,1
7,12,0.06359782351983652,0.8214302062988281,1.4107152223587036,0.49559540548082354,1.1920928955078125e-07,0.0,False,1.0460618734359741,0.9085977987252428,4.781574726104736,0.27190348505973816,0.5017699599266052,2
7,13,0.026258029827464058,0.7792980670928955,1.3896490335464478,2.410394641782534,0.0,0.0,False,1.0885205268859863,0.9454769165300083,5.389090538024902,0.23771286010742188,0.5000298619270325,6
7,14,0.027611225037014655,0.8163989782333374,1.4081995487213135,1.2689493070697229,5.960464477539063e-08,0.0,False,1.0898163318634033,0.9466024384326382,5.195121765136719,0.24866068363189697,0.5086091160774231,6
7,15,0.034850304327096675,0.7968827486038208,1.3984414339065552,1.0796653730026116,5.960464477539063e-08,0.0,False,1.0633639097213745,0.9236261564941213,5.033341884613037,0.2562471330165863,0.5044232606887817,2
7,16,-0.009007049485261518,0.7864975929260254,1.3932487964630127,0.19144727519326538,0.0,0.0,False,1.0790114402770996,0.9372174288456492,5.269999980926514,0.24369218945503235,0.5016130208969116,2
7,17,-0.017156655599466216,0.8132099509239197,1.4066050052642822,1.2580176341765101,2.9802322387695312e-08,0.0,False,0.9201934337615967,0.7992698611325338,3.531115770339966,0.37268292903900146,0.500673234462738,2
7,18,-0.021480519618488264,0.8118518590927124,1.405925989151001,0.3603356532836125,5.960464477539063e-08,0.0,False,0.9428045153617859,0.8189095970701865,3.6329221725463867,0.3616369068622589,0.5038489699363708,2
7,19,-0.01411318757503208,0.8294371366500854,1.4147186279296875,0.9248717760958282,5.960464477539063e-08,0.0,False,0.9954677820205688,0.8646523292880044,4.055006504058838,0.32376325130462646,0.5026943683624268,2
7,20,-0.006851429607644299,0.8440179228782654,1.422008991241455,0.1954545470172641,2.9802322387695312e-08,0.0,False,0.9980842471122742,0.8669249619908447,4.136277675628662,0.3180655539035797,0.5035293102264404,2
7,21,0.020014539865880115,0.8305011987686157,1.415250539779663,0.36935511991570846,5.960464477539063e-08,0.0,False,0.9568637013435364,0.8311212508540381,3.9872419834136963,0.32958489656448364,0.502981960773468,2
7,22,0.019982058428874662,0.8268739581108093,1.4134368896484375,0.14596713738083375,8.940696716308594e-08,0.0,False,0.990818440914154,0.8606139629140006,4.220076560974121,0.3103705644607544,0.502019464969635,2
7,23,0.013845322036078567,0.8139772415161133,1.4069886207580566,0.24155461349084983,0.0,0.0,False,1.0635957717895508,0.9238275493276645,4.864762783050537,0.26647821068763733,0.5062341094017029,2
7,24,0.02229477489102874,0.8188333511352539,1.4094167947769165,0.8205051196216022,1.1920928955078125e-07,0.0,False,1.1141270399093628,0.9677184511436807,5.591338157653809,0.2303398698568344,0.5005632638931274,2
8,1,-0.004833040030501432,0.7596685290336609,1.3798342943191528,1.0212258568831853,2.9802322387695312e-08,0.0,False,1.0889947414398193,0.9458888140579441,5.135317325592041,0.24883705377578735,0.5108509659767151,3
8,2,0.04343704046384978,0.7374224662780762,1.368711233139038,0.706358580794981,0.0,0.0,False,1.068789005279541,0.9283383346235404,4.849745750427246,0.2631286382675171,0.5058447122573853,3
8,3,-0.010080061529809623,0.7509971261024475,1.3754985332489014,1.6332398582434982,2.9802322387695312e-08,0.0,False,1.0173232555389404,0.8836357523848273,4.160713195800781,0.30968013405799866,0.5063314437866211,6
8,4,0.03905284661459433,0.7818513512611389,1.3909255266189575,1.826084784939409,1.4901161193847656e-07,0.0,False,1.026130199432373,0.8912853666555259,4.538840293884277,0.28479963541030884,0.5033913850784302,1
8,5,0.02291136286847016,0.8023278713226318,1.401163935661316,0.7274725451688534,0.0,0.0,False,1.0882434844970703,0.9452362805684893,5.382857322692871,0.23886166512966156,0.5077918171882629,2
8,6,-0.0060508623284515825,0.8110980987548828,1.4055490493774414,1.2460807270076186,0.0,0.0,False,1.1335978507995605,0.9846305825992699,6.031594753265381,0.21205805242061615,0.5048782229423523,6
8,7,0.04492827421520811,0.8005477786064148,1.4002739191055298,1.3438055698596483,2.9802322387695312e-08,0.0,False,1.0689587593078613,0.9284857810991011,5.01037073135376,0.25731217861175537,0.5174814462661743,3
8,8,-0.011511319240703338,0.803715169429779,1.4018577337265015,0.8746315281444502,1.4901161193847656e-07,0.0,False,1.0544437170028687,0.9158781755437999,4.654938220977783,0.2787163555622101,0.5004240274429321,5
8,9,-0.1291081479230437,0.7880352139472961,1.3940175771713257,0.778518815850799,2.9802322387695312e-08,0.0,False,1.0199779272079468,0.885941570899056,4.431717872619629,0.2918970584869385,0.5218906402587891,3
8,10,-0.11749852871720716,0.7025226354598999,1.3512613773345947,1.6258124569431585,5.960464477539063e-08,0.0,False,1.089310646057129,0.9461632053221547,5.191609859466553,0.24291928112506866,0.5175014734268188,2
8,11,0.020398274496299103,0.6945772171020508,1.3472886085510254,0.9910864703804638,0.0,0.0,False,1.0277466773986816,0.8926894215772979,4.1456451416015625,0.30689170956611633,0.5017393827438354,2
8,12,-0.053894742398214665,0.7839156985282898,1.3919578790664673,0.16455053425514188,2.9802322387695312e-08,0.0,False,1.0438270568847656,0.906656661732731,4.383763790130615,0.29547780752182007,0.5035762190818787,2
8,13,0.017533911668314413,0.7963329553604126,1.3981664180755615,0.6873536960848768,5.960464477539063e-08,0.0,False,1.0244723558425903,0.8898453820097233,4.3760905265808105,0.29685351252555847,0.5020866394042969,2
8,14,-0.0889925115011845,0.8368072509765625,1.4184036254882812,0.6888890309880238,0.0,0.0,False,1.038661003112793,0.9021694844399646,4.687113285064697,0.27859383821487427,0.5000020265579224,2
8,15,-0.1357060769871501,0.8020336627960205,1.4010167121887207,0.8948454755304849,1.1920928955078125e-07,0.0,False,1.0580602884292603,0.9190194895715816,5.015478134155273,0.25742027163505554,0.5063905119895935,3
8,16,0.04018276737111337,0.7756474018096924,1.3878237009048462,0.747526015034027,0.0,0.0,False,1.0096180438995361,0.8769430905910472,4.204549312591553,0.30814939737319946,0.501152753829956,7
8,17,0.050854980906842005,0.7967104315757751,1.39835524559021,0.6390999443364501,2.9802322387695312e-08,0.0,False,1.007327675819397,0.8749537021535837,4.189803123474121,0.31007304787635803,0.5245671272277832,7
8,18,-0.04240997749391865,0.7933744788169861,1.3966872692108154,0.29284075703611984,2.9802322387695312e-08,0.0,False,1.0400712490081787,0.9033944084609501,4.358893871307373,0.29791274666786194,0.501242995262146,7
8,19,0.043810256493895514,0.7921426296234131,1.396071434020996,0.6170607597335798,1.1920928955078125e-07,0.0,False,0.9927362203598022,0.8622797249755056,3.9324514865875244,0.33154574036598206,0.5038341283798218,7
8,20,0.043997761413360044,0.7990483641624451,1.399524211883545,0.8467241850255816,2.9802322387695312e-08,0.0,False,1.1117889881134033,0.9656876451569023,5.596299648284912,0.22912228107452393,0.5059060454368591,7
8,21,-0.021703306347289463,0.788495659828186,1.3942477703094482,0.8230636361118155,5.960464477539063e-08,0.0,False,1.0971457958221436,0.9529687299378176,5.328810691833496,0.24098148941993713,0.5003817677497864,7
8,22,-0.004719761712283773,0.7814924716949463,1.3907462358474731,0.7864815230975654,0.0,0.0,False,1.1186732053756714,0.9716672002953546,5.835330009460449,0.21812117099761963,0.5182635188102722,7
8,23,0.034513784762562054,0.7864938974380493,1.3932470083236694,0.6544076596226781,5.960464477539063e-08,0.0,False,1.0504484176635742,0.9124079026305854,4.781562805175781,0.2691895365715027,0.5304692387580872,2
8,24,0.04234294419182057,0.7871902585029602,1.3935949802398682,0.2928676337686799,1.4901161193847656e-07,0.0,False,1.039674162864685,0.903049503819031,4.389410495758057,0.294948548078537,0.5161675810813904,2
9,1,0.02670611947480333,0.792306661605835,1.396153450012207,1.2164434322289057,1.1920928955078125e-07,0.0,False,1.0050411224365234,0.8729676271200654,3.9604525566101074,0.32922080159187317,0.5000126957893372,7
9,2,-0.003791904746257136,0.805241584777832,1.402620792388916,0.5675775984562801,0.0,0.0,False,0.939319372177124,0.8158824401627038,3.5575180053710938,0.369148850440979,0.5002878308296204,7
9,3,-0.007521896774307851,0.8093730807304382,1.404686450958252,0.08452087170479208,8.940696716308594e-08,0.0,False,0.9153045415878296,0.7950234233451599,3.434680223464966,0.3830859065055847,0.5050128698348999,7
9,4,0.01582562235695132,0.8020054697990417,1.4010027647018433,0.03824937246053487,2.9802322387695312e-08,0.0,False,0.904253363609314,0.7854244921159597,3.366335391998291,0.39056727290153503,0.5020540952682495,7
9,5,0.03222894243642111,0.8106526136398315,1.405326247215271,0.1772421464131699,5.960464477539063e-08,0.0,False,0.9498664736747742,0.8250435361237097,3.622824192047119,0.3626883625984192,0.5002579689025879,7
9,6,-0.02277147130098541,0.8037815093994141,1.401890754699707,0.05421657850579349,0.0,0.0,False,0.944780170917511,0.8206256296821723,3.5947792530059814,0.3650617301464081,0.5000471472740173,7
9,7,-0.011241297362556902,0.798467218875885,1.3992335796356201,0.4452311502257527,2.9802322387695312e-08,0.0,False,0.890860915184021,0.7737919592154024,3.313084125518799,0.39679694175720215,0.5000028014183044,7
9,8,-0.013559944199337254,0.7923323512077332,1.396166205406189,0.44468149316436245,2.9802322387695312e-08,0.0,False,0.935614287853241,0.8126642448090065,3.5184073448181152,0.3722999095916748,0.5001159906387329,7
9,9,0.005552843836305615,0.78347247838974,1.3917362689971924,0.33919717064348526,2.9802322387695312e-08,0.0,False,0.9234192371368408,0.8020717583436807,3.475909948348999,0.37621384859085083,0.5009950399398804,7
9,10,0.024682742086888507,0.7847739458084106,1.3923869132995605,0.07100105995060335,5.960464477539063e-08,0.0,False,0.9094825983047485,0.7899665476615682,3.3748788833618164,0.3880069851875305,0.5006653070449829,7
9,11,-0.006286062668817751,0.8294019103050232,1.414700984954834,0.439566098731034,2.9802322387695312e-08,0.0,False,0.9343147277832031,0.811535461274368,3.5850322246551514,0.3682257831096649,0.5000365972518921,7
9,12,0.009074202642590758,0.8149679899215698,1.4074840545654297,0.08529986544093204,5.960464477539063e-08,0.0,False,0.9481637477874756,0.8235645672096146,3.6185994148254395,0.3634663224220276,0.5008732080459595,7
9,13,0.0079423310292141,0.8067139983177185,1.4033570289611816,0.09078004819187295,2.9802322387695312e-08,0.0,False,0.9464601278305054,0.8220848217164697,3.5942888259887695,0.36535441875457764,0.5001881122589111,7
9,14,0.030627737981732097,0.8022677898406982,1.4011340141296387,0.4209138865011708,1.1920928955078125e-07,0.0,False,0.8974018692970276,0.7794733597707247,3.329139232635498,0.39512717723846436,0.5015015602111816,7
9,15,0.05443896638047289,0.7847016453742981,1.3923507928848267,0.8902732145828792,2.9802322387695312e-08,0.0,False,1.0055828094482422,0.8734381304802816,3.991140842437744,0.3260115385055542,0.5006404519081116,7
9,16,-0.006539117225449167,0.7845675349235535,1.3922837972640991,0.7130474716528159,2.9802322387695312e-08,0.0,False,0.873806357383728,0.7589785585274678,3.193394899368286,0.4108014702796936,0.5007182359695435,7
9,17,0.057513855177440835,0.794093668460846,1.3970468044281006,0.6969167941458076,2.9802322387695312e-08,0.0,False,1.0076477527618408,0.8752317174533594,3.972050905227661,0.328346312046051,0.5001702308654785,7
9,18,0.002150570304948902,0.8119596242904663,1.405979871749878,0.21543323172058734,5.960464477539063e-08,0.0,False,0.9392433762550354,0.8158164309434833,3.567645311355591,0.368625283241272,0.5003365278244019,7
9,19,-0.010093272523136465,0.7905554175376892,1.395277738571167,0.7050280186388933,2.9802322387695312e-08,0.0,False,1.013150930404663,0.8800117168197815,4.04527473449707,0.3219059407711029,0.5000028014183044,7
9,20,0.03514547194768835,0.7843012809753418,1.392150640487671,0.2668003949315346,0.0,0.0,False,0.9950903654098511,0.8643245093851777,3.876286268234253,0.33600151538848877,0.5020636916160583,7
9,21,0.009312778967496207,0.7828185558319092,1.3914092779159546,0.08064955994925392,0.0,0.0,False,0.9968423247337341,0.8658462419189404,3.8981902599334717,0.333927184343338,0.5020036697387695,7
9,22,-0.012876691893629982,0.7881484627723694,1.3940742015838623,0.18326888384162662,2.9802322387695312e-08,0.0,False,0.9662075042724609,0.8392371749580849,3.7003095149993896,0.35292917490005493,0.50225830078125,7
9,23,0.0016628049015630897,0.7711716890335083,1.3855857849121094,0.15715174531336257,5.960464477539063e-08,0.0,False,1.002862572669983,0.871075362835745,3.940429925918579,0.3291988968849182,0.5071025490760803,7
9,24,0.029054851301734026,0.790031909942627,1.3950159549713135,0.5500774897460009,0.0,0.0,False,0.981816291809082,0.8527947955507945,3.8722383975982666,0.33684760332107544,0.5004366636276245,7
10,1,0.09208030580960846,0.829023003578186,1.4145115613937378,1.389930744256292,5.960464477539063e-08,0.0,False,0.9560120701789856,0.8303815334232756,3.767819404602051,0.34940019249916077,0.5074096918106079,2
10,2,-0.029285783706153055,0.7903710603713989,1.3951857089996338,0.9972511421464672,1.7881393432617188e-07,0.0,False,1.0517386198043823,0.9135285579711708,4.874063491821289,0.26443082094192505,0.515163004398346,7
10,3,0.05949675242064702,0.8104631304740906,1.4052314758300781,0.6974418054562791,8.940696716308594e-08,0.0,False,1.030176043510437,0.8947995421710142,4.714698791503906,0.2753232419490814,0.5027152299880981,2
10,4,0.07136533734648948,0.8200501799583435,1.4100251197814941,0.7090944552874419,2.9802322387695312e-08,0.0,False,1.0781608819961548,0.9364786433097463,4.9009175300598145,0.2648943364620209,0.5004013776779175,2
10,5,0.01717286722701542,0.802914559841156,1.4014573097229004,0.9400512331858182,2.9802322387695312e-08,0.0,False,1.0419591665267944,0.9050342327821966,4.546602249145508,0.28501203656196594,0.5230110883712769,7
10,6,-0.006477450447272383,0.8231995105743408,1.4115996360778809,0.8039736245078022,1.1920928955078125e-07,0.0,False,1.0426161289215088,0.9056048630678815,4.7256693840026855,0.2752733528614044,0.5058085918426514,7
10,7,0.023023785453388113,0.8074424266815186,1.4037213325500488,0.6747926178496516,1.1920928955078125e-07,0.0,False,1.034995675086975,0.8989858209680085,4.381108283996582,0.29703789949417114,0.5078756809234619,7
10,8,-0.002746952243470723,0.8078598380088806,1.4039300680160522,1.0612980933947533,1.4901161193847656e-07,0.0,False,0.8940904140472412,0.7765970662866212,3.346134901046753,0.3934992849826813,0.503740131855011,7
10,9,0.0477794430938328,0.806777834892273,1.4033889770507812,0.6305154134943383,5.960464477539063e-08,0.0,False,0.9818805456161499,0.8528506056984961,3.9162232875823975,0.33416152000427246,0.5003760457038879,7
10,10,0.014421656901872516,0.8318513035774231,1.4159257411956787,0.43631231595785896,8.940696716308594e-08,0.0,False,1.0035284757614136,0.8716537589119263,4.255498886108398,0.30804693698883057,0.5000103116035461,7
10,11,0.017912950343498046,0.830402672290802,1.4152014255523682,0.9450014750150991,8.940696716308594e-08,0.0,False,1.047129511833191,0.9095251376544013,4.953120231628418,0.2624853253364563,0.5004397034645081,7
10,12,-0.006012307374404667,0.8339148759841919,1.4169573783874512,0.7019566835117851,5.960464477539063e-08,0.0,False,1.0523796081542969,0.9140853133778352,4.907509803771973,0.26525890827178955,0.5000068545341492,7
10,13,0.0011824131127679298,0.8253137469291687,1.4126570224761963,1.0376243326257801,1.4901161193847656e-07,0.0,False,0.987829864025116,0.8580181180106949,4.247383117675781,0.30820149183273315,0.5012446641921997,2
10,14,0.028258945751490655,0.8245834112167358,1.4122917652130127,0.24648904596464832,5.960464477539063e-08,0.0,False,0.9979207515716553,0.8667829515686315,4.3722357749938965,0.2987595796585083,0.5072855949401855,2
10,15,-0.020390121648742557,0.8220873475074768,1.411043643951416,1.4712599461564297,2.9802322387695312e-08,0.0,False,1.006248950958252,0.8740167336442095,4.244600772857666,0.3081546723842621,0.5028734803199768,7
10,16,0.00455683192872966,0.7928041815757751,1.39640212059021,0.927351592069936,2.9802322387695312e-08,0.0,False,1.0459951162338257,0.9085398141562021,4.69063138961792,0.275156706571579,0.5261905193328857,7
10,17,-0.008881006997076411,0.8155024647712708,1.4077513217926025,0.6770844470342938,8.940696716308594e-08,0.0,False,1.0236034393310547,0.8890906507173342,4.559732913970947,0.28505706787109375,0.5168941617012024,2
10,18,-0.0022577421998955065,0.8213990330696106,1.410699486732483,0.5600564971462787,2.9802322387695312e-08,0.0,False,1.0104392766952515,0.8776564043341216,4.241094589233398,0.308027058839798,0.5149099826812744,2
10,19,-0.020900058792332324,0.8190587162971497,1.4095293283462524,0.23598465698624735,2.9802322387695312e-08,0.0,False,1.035451889038086,0.899382083371078,4.49625301361084,0.2898890972137451,0.5035034418106079,2
10,20,0.018565921089230945,0.8093467354774475,1.404673457145691,0.6254369051582942,8.940696716308594e-08,0.0,False,1.0016330480575562,0.8700074113266627,4.161782741546631,0.31361791491508484,0.506378173828125,2
10,21,0.0334081619839634,0.8152318000793457,1.4076159000396729,0.21808001729472076,0.0,0.0,False,1.0216729640960693,0.8874138612333242,4.245977401733398,0.3073956370353699,0.5100390911102295,2
10,22,-0.02792237253334558,0.817476749420166,1.408738613128662,1.6934600180201755,2.384185791015625e-07,0.0,False,1.0363075733184814,0.9001253212935322,4.613160610198975,0.2821834087371826,0.5000013709068298,6
10,23,0.012539091727074932,0.8058704137802124,1.4029351472854614,1.3466312603559893,5.960464477539063e-08,0.0,False,1.0332120656967163,0.8974365975358881,4.6738057136535645,0.2764182686805725,0.5445335507392883,2
10,24,0.04501859705339774,0.7981066107749939,1.3990533351898193,1.503966539836351,2.9802322387695312e-08,0.0,False,1.0103600025177002,0.8775875476583858,4.312061309814453,0.30160239338874817,0.501359224319458,7
11,1,0.004385076516153186,0.7981870770454407,1.399093747138977,1.3454866281577518,2.086162567138672e-07,0.0,False,0.9712874293327332,0.8436495418024014,3.790855646133423,0.3447076976299286,0.5113204121589661,2
11,2,-0.0329196877189349,0.8020347356796265,1.401017427444458,0.4045900210767956,5.960464477539063e-08,0.0,False,0.9331696033477783,0.8105408188275729,3.5821292400360107,0.36578625440597534,0.5167979001998901,2
11,3,-0.0038840847872008612,0.8042747974395752,1.4021373987197876,0.7596799065198159,0.0,0.0,False,0.9915070533752441,0.8612120840980431,4.008957386016846,0.3259338140487671,0.5000951886177063,2
11,4,0.003080498980380751,0.7854016423225403,1.3927009105682373,0.9898321985945753,8.940696716308594e-08,0.0,False,0.8794480562210083,0.7638788758746494,3.2364230155944824,0.40520983934402466,0.5019022822380066,7
11,5,-0.005165252909174429,0.7892124056816101,1.394606351852417,0.2102257017775782,1.4901161193847656e-07,0.0,False,0.9262593984603882,0.8045386911247441,3.518292188644409,0.3720214366912842,0.5008825063705444,7
11,6,-0.006510224017170666,0.8027747869491577,1.4013874530792236,0.5882560844303211,5.960464477539063e-08,0.0,False,0.8931138515472412,0.7757488348766538,3.319182872772217,0.3963591456413269,0.5030189752578735,2
11,7,-0.008807794663307203,0.8011292219161987,1.4005645513534546,0.43498221533739434,5.960464477539063e-08,0.0,False,0.9617680311203003,0.8353810975730028,3.7655398845672607,0.3475556969642639,0.5039231777191162,2
11,8,0.012551381173847645,0.8047381043434143,1.4023691415786743,0.630686517437347,8.940696716308594e-08,0.0,False,1.010223627090454,0.8774690934673454,4.138469696044922,0.31526729464530945,0.5022259950637817,2
11,9,0.05122961190183318,0.8085126876831055,1.4042563438415527,0.1078156629673015,0.0,0.0,False,1.0236154794692993,0.8891011086485362,4.24006986618042,0.3075352609157562,0.5054031014442444,2
11,10,-0.0724499843563303,0.7817607522010803,1.3908803462982178,0.5906411284275547,2.9802322387695312e-08,0.0,False,1.0210678577423096,0.8868882725325192,4.272778034210205,0.30337852239608765,0.5029168128967285,2
11,11,-0.010843613742168544,0.7962143421173096,1.3981070518493652,0.34638916582069584,1.1920928955078125e-07,0.0,False,1.015125036239624,0.8817264033614146,4.16062068939209,0.3129875659942627,0.5001997947692871,2
11,12,0.0497695258876235,0.8173293471336365,1.4086647033691406,0.2950564409795634,2.9802322387695312e-08,0.0,False,1.0083808898925781,0.8758685122740746,4.052807807922363,0.32317590713500977,0.5001102685928345,2
11,13,0.01697839537488989,0.7987004518508911,1.3993501663208008,0.7055597565934257,5.960464477539063e-08,0.0,False,0.9544347524642944,0.8290114926638784,3.763195276260376,0.34753158688545227,0.5060458779335022,2
11,14,0.004901869847005061,0.7802788615226746,1.3901393413543701,0.7754774994613912,8.940696716308594e-08,0.0,False,0.991191029548645,0.8609375892899592,4.035400867462158,0.32172340154647827,0.5098520517349243,7
11,15,-0.03413282320976303,0.8104712963104248,1.4052356481552124,0.9207548036080867,0.0,0.0,False,0.940292239189148,0.8167274617125991,3.6629483699798584,0.35829684138298035,0.5090062618255615,2
11,16,0.028445983274678177,0.7884120345115662,1.394205927848816,0.9145671593360327,8.940696716308594e-08,0.0,False,0.9642479419708252,0.8375351207689928,3.7823617458343506,0.3450149595737457,0.5016463994979858,2
11,17,-0.08300309825289466,0.8118268251419067,1.4059133529663086,0.17088777122714094,5.960464477539063e-08,0.0,False,0.9943503141403198,0.8636817090198119,4.015953540802002,0.32581448554992676,0.5024667978286743,2
11,18,0.0476203101351564,0.791926920413971,1.395963430404663,0.613454051119164,2.9802322387695312e-08,0.0,False,1.020418643951416,0.8863243725985981,4.614812850952148,0.28049197793006897,0.5031729340553284,2
11,19,0.020477617337962318,0.8061951398849487,1.4030976295471191,1.0038737457055447,5.960464477539063e-08,0.0,False,0.9915757775306702,0.8612717771409931,3.9406723976135254,0.3318249583244324,0.5051019191741943,7
11,20,0.04372275798617394,0.7987574338912964,1.3993786573410034,1.134160554813838,5.960464477539063e-08,0.0,False,0.9983375668525696,0.8671449927215795,4.144903659820557,0.314334511756897,0.5026321411132812,2
11,21,-0.003024493479902958,0.8079179525375366,1.403959035873413,0.20032588365018233,5.960464477539063e-08,0.0,False,0.9910510778427124,0.8608160287827202,4.046769142150879,0.3227998614311218,0.5077393054962158,2
11,22,-0.02272857540853842,0.8225350975990295,1.4112675189971924,0.8997071593968624,2.9802322387695312e-08,0.0,False,1.0355470180511475,0.899464711381961,4.722031593322754,0.2751813232898712,0.5153846144676208,2
11,23,0.05933221483035813,0.820900022983551,1.4104499816894531,1.0373578257059,2.9802322387695312e-08,0.0,False,0.9704804420471191,0.8429486015521849,3.8231842517852783,0.34371912479400635,0.5002292990684509,2
11,24,-0.021305091580324672,0.8040077686309814,1.4020037651062012,2.2967940965499216,1.1920928955078125e-07,0.0,False,0.8668180704116821,0.752908609587636,3.1893725395202637,0.4132649302482605,0.5001205205917358,7
12,1,0.004847664623041441,0.7727412581443787,1.3863706588745117,1.2915469290954726,2.9802322387695312e-08,0.0,False,0.985779881477356,0.8562375257937147,3.8875796794891357,0.3341476321220398,0.5004745721817017,7
12,2,-0.0014201246612334305,0.7980097532272339,1.3990049362182617,0.5915099412141722,5.960464477539063e-08,0.0,False,0.931027889251709,0.8086805496000983,3.6587331295013428,0.3579472303390503,0.5006542801856995,2
12,3,-0.06373893797472122,0.7763987183570862,1.3881994485855103,0.10991167877917431,8.940696716308594e-08,0.0,False,0.9563107490539551,0.8306409625977963,3.836639165878296,0.33905014395713806,0.5002076029777527,2
12,4,0.07344080694524412,0.7617542147636414,1.3808770179748535,0.41678374621078607,8.940696716308594e-08,0.0,False,0.9770581722259521,0.8486619453924162,4.0061445236206055,0.3230708837509155,0.5000791549682617,7
12,5,0.04502008629839463,0.780152440071106,1.3900761604309082,1.2507272589644907,5.960464477539063e-08,0.0,False,0.9942880272865295,0.8636276073460194,3.9677085876464844,0.32769501209259033,0.5000792145729065,7
12,6,0.008268772581061193,0.79803067445755,1.3990154266357422,0.9210345041442217,8.940696716308594e-08,0.0,False,0.9710258841514587,0.8434223665444097,3.814385414123535,0.342787504196167,0.5002776384353638,7
12,7,0.01845737922273314,0.7917134165763855,1.3958566188812256,0.40398849231622064,8.940696716308594e-08,0.0,False,0.9288522005081177,0.8067907703687368,3.535344123840332,0.37016037106513977,0.5088017582893372,7
12,8,0.02296951229854686,0.8038163185119629,1.4019081592559814,1.2480528151081658,0.0,0.0,False,0.8677820563316345,0.7537459171189715,3.192591667175293,0.4128159284591675,0.500102162361145,7
12,9,0.01595966646388598,0.8115237951278687,1.4057620763778687,1.598935651796936,1.7881393432617188e-07,0.0,False,1.0015097856521606,0.8699003469616838,4.141937732696533,0.31534314155578613,0.5061759352684021,2
12,10,0.045938161265669096,0.796062707901001,1.3980313539505005,0.6287439921536795,0.0,0.0,False,0.9600253105163574,0.8338673896894199,4.063638687133789,0.32077130675315857,0.5003538131713867,7
12,11,-0.03124814754192405,0.7958908677101135,1.3979454040527344,0.600674534828215,2.9802322387695312e-08,0.0,False,0.9517940282821655,0.8267177887828243,3.8793323040008545,0.3365158438682556,0.5053347945213318,6
12,12,0.014444484871940088,0.7798929214477539,1.389946460723877,1.2500505374309163,0.0,0.0,False,0.9454469680786133,0.8212048023374033,3.6312332153320312,0.35916072130203247,0.5042737126350403,2
12,13,-0.005315364636202505,0.7518396973609924,1.3759198188781738,0.8626605079809206,2.9802322387695312e-08,0.0,False,0.9661320447921753,0.8391716316862942,3.8347935676574707,0.3372999131679535,0.5,7
12,14,7.508753908773468e-05,0.753967821598053,1.3769841194152832,0.5820371169269083,2.086162567138672e-07,0.0,False,1.0017826557159424,0.8701373588876379,4.069941997528076,0.31714776158332825,0.5038082599639893,7
12,15,-0.10195680122989877,0.7605451941490173,1.3802725076675415,0.6940639057511023,8.940696716308594e-08,0.0,False,0.9666121006011963,0.839588602864021,3.747955799102783,0.34610334038734436,0.5003473162651062,2
12,16,0.022751911419980987,0.7236542105674744,1.3618271350860596,1.0724867332643366,2.9802322387695312e-08,0.0,False,0.9906066656112671,0.8604300172231062,3.9566142559051514,0.3241971731185913,0.5076712369918823,7
12,17,0.00020915810367077778,0.6984494924545288,1.3492248058319092,0.9907539443040544,5.960464477539063e-08,0.0,False,0.9704769849777222,0.8429455987798596,3.7513065338134766,0.34065601229667664,0.5006648302078247,2
12,18,0.01196513871732058,0.7376099824905396,1.368804931640625,0.3741630873469441,5.960464477539063e-08,0.0,False,0.9520339965820312,0.826926222599751,3.6203453540802,0.3568008542060852,0.5000412464141846,2
12,19,0.02389264950337533,0.7512670159339905,1.375633716583252,0.32402965881062423,2.086162567138672e-07,0.0,False,1.0202088356018066,0.8861421353816129,4.180788516998291,0.3082669675350189,0.5017074346542358,2
12,20,0.016204434531687805,0.7599273920059204,1.3799636363983154,0.899906483232763,5.960464477539063e-08,0.0,False,1.0582308769226074,0.9191676608542554,4.941765308380127,0.25918248295783997,0.5078806281089783,2
12,21,-0.09652425115900465,0.8030019402503967,1.4015010595321655,1.0462931941581626,8.940696716308594e-08,0.0,False,0.9832675457000732,0.8540553386641907,3.8891208171844482,0.3362087309360504,0.5038334727287292,2
12,22,0.049843954163637454,0.8477503657341003,1.4238752126693726,0.8111496848401286,2.9802322387695312e-08,0.0,False,0.9857654571533203,0.856224996985047,3.9859859943389893,0.33100295066833496,0.50008225440979,2
12,23,-0.035370777247235974,0.8449561595916748,1.4224783182144165,0.2578971683630679,2.384185791015625e-07,0.0,False,0.9888042211532593,0.8588644338590065,3.9607410430908203,0.3330135941505432,0.5000005960464478,2
12,24,0.02243043091914652,0.8211382031440735,1.410569190979004,0.24662501056371344,8.940696716308594e-08,0.0,False,0.9758722186088562,0.8476318391690203,3.914623260498047,0.3352930545806885,0.5028542876243591,2
13,1,-0.0006460057078119248,0.7881453037261963,1.3940725326538086,1.246666846530778,1.1920928955078125e-07,0.0,False,1.0015301704406738,0.8699180529640159,4.027312278747559,0.3232254385948181,0.5001164078712463,7
13,2,0.040729401169372875,0.8115620613098145,1.4057811498641968,0.11563632198094337,1.1920928955078125e-07,0.0,False,0.9912446141242981,0.8609841322610017,3.9716033935546875,0.3296583294868469,0.5001875758171082,7
13,3,0.013192553771633123,0.7849853038787842,1.3924927711486816,0.5339202592594311,1.1920928955078125e-07,0.0,False,1.0184810161590576,0.8846413704821908,4.16960334777832,0.31149643659591675,0.5008171200752258,7
13,4,-0.0016243075209747323,0.7936984896659851,1.3968491554260254,0.7492370294580214,8.940696716308594e-08,0.0,False,1.0134519338607788,0.8802731650998312,4.0610246658325195,0.3207407593727112,0.5031963586807251,7
13,5,0.02651802349032462,0.794731855392456,1.3973660469055176,0.613481940345094,1.1920928955078125e-07,0.0,False,1.0085129737854004,0.8759832388856766,4.079759120941162,0.31933504343032837,0.5010976195335388,7
13,6,-0.0009173581087471286,0.8123026490211487,1.406151294708252,0.8067344488437593,2.9802322387695312e-08,0.0,False,0.9689503908157349,0.841619615938546,3.961937427520752,0.33053016662597656,0.5009214878082275,7
13,7,0.04381304368793837,0.8074801564216614,1.4037401676177979,0.2780942919868261,8.940696716308594e-08,0.0,False,1.0046371221542358,0.8726167169334956,4.04838752746582,0.3228380084037781,0.5005180239677429,7
13,8,0.038162168449765624,0.8185588121414185,1.4092793464660645,0.34232558281511316,5.960464477539063e-08,0.0,False,0.9527671337127686,0.8275630174204662,3.864192247390747,0.3396952748298645,0.501849353313446,7
13,9,0.06668801740982629,0.8097379803657532,1.4048690795898438,0.07622566590278376,8.940696716308594e-08,0.0,False,0.9518670439720154,0.8267812094052126,3.84637188911438,0.340668261051178,0.5018813610076904,7
13,10,-0.020861039001185414,0.8144258260726929,1.4072129726409912,0.33113721824635456,5.960464477539063e-08,0.0,False,0.9410033226013184,0.8173451009167563,3.866485118865967,0.33916378021240234,0.5022558569908142,7
13,11,-0.041470582788765115,0.798528254032135,1.3992640972137451,0.6633756775843781,2.9802322387695312e-08,0.0,False,1.008650541305542,0.8761027285154498,4.065003395080566,0.32081133127212524,0.5011569857597351,7
13,12,0.010508848252871596,0.826766848564148,1.4133834838867188,0.3164163524279807,5.960464477539063e-08,0.0,False,0.9643248915672302,0.8376019583391996,3.9598679542541504,0.33177462220191956,0.5003553628921509,7
13,13,-0.024514108285687203,0.8256689310073853,1.4128344058990479,0.7570562895553096,5.960464477539063e-08,0.0,False,0.9795492887496948,0.8508257017124952,3.917365312576294,0.3354607820510864,0.5000953674316406,7
13,14,-0.01826112644376557,0.8216999173164368,1.4108500480651855,0.4387669449516061,8.940696716308594e-08,0.0,False,0.9880960583686829,0.8582493314797449,4.08991813659668,0.3203042149543762,0.5039454698562622,7
13,15,0.019615965699165128,0.817004919052124,1.4085025787353516,0.1883539257443262,1.1920928955078125e-07,0.0,False,0.9882100224494934,0.8583483194226073,3.9850802421569824,0.3288297653198242,0.5021940469741821,7
13,16,0.019666496517637952,0.8134942054748535,1.4067472219467163,0.33603656253738623,1.1920928955078125e-07,0.0,False,0.9831759929656982,0.8539758169695062,3.979659080505371,0.32909852266311646,0.5003026723861694,7
13,17,0.009773408179042006,0.798151433467865,1.3990757465362549,0.7175896567703599,2.9802322387695312e-08,0.0,False,0.95831298828125,0.832380085493525,3.791778326034546,0.3448869585990906,0.5015842318534851,7
13,18,0.009261978477583215,0.7891048789024353,1.39455246925354,0.22271088265935746,2.9802322387695312e-08,0.0,False,0.9795516133308411,0.8508277208180243,3.9161999225616455,0.3326978087425232,0.505818247795105,2
13,19,0.006213648943885911,0.7647374868392944,1.382368803024292,0.25351488938399624,5.960464477539063e-08,0.0,False,1.0102641582489014,0.8775042983842629,4.094674110412598,0.31602367758750916,0.500051736831665,7
13,20,0.011176803618309175,0.7485807538032532,1.3742904663085938,0.7963577748608401,8.940696716308594e-08,0.0,False,1.0267988443374634,0.8918661442407928,4.114696502685547,0.31313228607177734,0.5055280923843384,7
13,21,0.024237899991733994,0.7775682210922241,1.3887841701507568,0.2006911559569379,5.960464477539063e-08,0.0,False,1.0332815647125244,0.8974969636140144,4.178441047668457,0.30991366505622864,0.5153558850288391,7
13,22,-0.014219740505590044,0.8011566996574402,1.4005783796310425,0.49646275754419117,2.9802322387695312e-08,0.0,False,1.030120849609375,0.8947516013576823,4.1766357421875,0.3118564486503601,0.5079118609428406,7
13,23,-0.027155722803883814,0.8023543953895569,1.401177167892456,0.6762474529935427,2.9802322387695312e-08,0.0,False,1.044620394706726,0.9073457462094562,4.262208938598633,0.30555984377861023,0.5018206238746643,7
13,24,0.032508374393781264,0.8007937669754028,1.4003968238830566,0.8025660770971411,5.960464477539063e-08,0.0,False,1.020963191986084,0.8867973610117732,4.105130195617676,0.3176894187927246,0.501453697681427,7
14,1,0.0474367396757268,0.8047911524772644,1.402395486831665,1.3489706186311585,8.940696716308594e-08,0.0,False,0.9775434732437134,0.8490834725005677,4.036128997802734,0.32340800762176514,0.5098593235015869,2
14,2,-0.022011214199483344,0.801770806312561,1.4008853435516357,0.3075062651444309,5.960464477539063e-08,0.0,False,1.0363729000091553,0.9001820633360935,4.711194038391113,0.27478736639022827,0.5120049715042114,7
14,3,0.007260220724743376,0.8034296631813049,1.40171480178833,0.3247493552255263,2.9802322387695312e-08,0.0,False,0.9741461277008057,0.8461325756557608,3.9816040992736816,0.32798945903778076,0.507900059223175,7
14,4,0.008540152062750035,0.8121688961982727,1.406084418296814,0.22723418247637311,2.9802322387695312e-08,0.0,False,0.9407873749732971,0.8171575311902969,3.6334068775177,0.36171627044677734,0.500213623046875,7
14,5,0.0003705628369145286,0.8237544894218445,1.411877155303955,0.1359764442801056,8.940696716308594e-08,0.0,False,0.9777719378471375,0.8492819143337222,3.9911928176879883,0.3288297653198242,0.5007201433181763,7
14,6,0.003743733619664914,0.8269930481910706,1.4134966135025024,0.15934039211020787,8.940696716308594e-08,0.0,False,0.9732665419578552,0.8453685771867125,3.9903206825256348,0.3291400074958801,0.5005860328674316,7
14,7,-0.029455417269673073,0.8236165642738342,1.4118082523345947,0.14669411908247346,2.9802322387695312e-08,0.0,False,0.9846745133399963,0.8552774152286607,4.042541980743408,0.32446742057800293,0.5003859996795654,7
14,8,-0.007435724167736612,0.8101139068603516,1.4050569534301758,0.2379732185561062,0.0,0.0,False,1.009995937347412,0.8772713246693672,4.186369895935059,0.3119208812713623,0.5001130104064941,7
14,9,-0.04088710827878369,0.8116915225982666,1.4058458805084229,0.1874268024546813,1.1920928955078125e-07,0.0,False,1.0235633850097656,0.8890558599759097,4.280784606933594,0.3047957718372345,0.5013656616210938,7
14,10,-0.028102694215063888,0.798175573348999,1.399087905883789,0.2081248223459815,1.1920928955078125e-07,0.0,False,1.0264713764190674,0.8915817092208734,4.197083950042725,0.3102269470691681,0.5021688938140869,7
14,11,0.01734737208190692,0.7952906489372253,1.3976452350616455,0.4967009025557623,8.940696716308594e-08,0.0,False,1.0082662105560303,0.8757689030679725,4.261358737945557,0.3048055171966553,0.5145959258079529,7
14,12,-0.1663558219662254,0.8221322298049927,1.4110660552978516,1.3254454961132,5.960464477539063e-08,0.0,False,0.895392894744873,0.7777283866461552,3.3398947715759277,0.39566612243652344,0.5002670884132385,7
14,13,0.02293305680396439,0.8202664852142334,1.4101333618164062,1.2761519107805426,1.1920928955078125e-07,0.0,False,0.891486406326294,0.7743352539185394,3.321563243865967,0.39776211977005005,0.5001442432403564,7
14,14,-0.05295294132075243,0.8220693469047546,1.4110345840454102,0.443036301488933,8.940696716308594e-08,0.0,False,0.9516234397888184,0.8265696175001506,3.7220242023468018,0.35349610447883606,0.5019954442977905,2
14,15,-0.037386394700966906,0.8201823234558105,1.4100910425186157,0.09633783901733312,1.1920928955078125e-07,0.0,False,0.9455371499061584,0.821283133277545,3.695856809616089,0.35595613718032837,0.5018545985221863,2
14,16,-0.07970488322915258,0.7929702401161194,1.3964852094650269,1.0699173842919691,8.940696716308594e-08,0.0,False,0.9788596630096436,0.8502267004055297,3.809422731399536,0.3427543342113495,0.5041154623031616,7
14,17,0.0088639203101651,0.8118715286254883,1.4059358835220337,0.7553787006999425,1.1920928955078125e-07,0.0,False,0.9168431758880615,0.7963598641176755,3.4918320178985596,0.37683001160621643,0.5038657188415527,2
14,18,0.038886087794389304,0.7756783962249756,1.3878393173217773,1.3622830928864889,1.1920928955078125e-07,0.0,False,0.9882439970970154,0.8583778294264941,3.8421895503997803,0.3384906053543091,0.5000088214874268,7
14,19,-0.038973315745767,0.7884805798530579,1.3942402601242065,0.38337393178434753,2.9802322387695312e-08,0.0,False,1.0158343315124512,0.8823424894074724,4.081870079040527,0.31849291920661926,0.5095199346542358,7
14,20,0.05814787233752487,0.8110840916633606,1.4055421352386475,1.0366308694030393,8.940696716308594e-08,0.0,False,0.9128031730651855,0.7928507622519783,3.4201319217681885,0.38505566120147705,0.50052410364151,7
14,21,0.01227314025627455,0.7880085706710815,1.3940043449401855,0.5150892925937992,5.960464477539063e-08,0.0,False,0.9316569566726685,0.8092269506194338,3.530677318572998,0.3703204393386841,0.5099019408226013,2
14,22,-0.010730570698043935,0.8002530932426453,1.4001264572143555,0.7467067719033567,8.940696716308594e-08,0.0,False,1.0219590663909912,0.887662366529213,4.198746681213379,0.3099825978279114,0.5113841891288757,2
14,23,0.012718615663882119,0.811700165271759,1.4058501720428467,0.5396366435207856,8.940696716308594e-08,0.0,False,0.9715927839279175,0.8439147694338262,3.8638696670532227,0.33894824981689453,0.5110398530960083,2
14,24,-0.0017278571876299265,0.8144388198852539,1.407219409942627,0.4585439822896804,0.0,0.0,False,0.9654700756072998,0.8385966525579314,3.7747581005096436,0.34765625,0.5057331919670105,7
15,1,0.02842829961185852,0.8079803586006165,1.4039901494979858,1.023712762764522,2.9802322387695312e-08,0.0,False,1.041640043258667,0.9047570458334073,4.225244522094727,0.3087802827358246,0.5000503063201904,7
15,2,-0.0034293818364886084,0.774491012096405,1.387245535850525,0.26875363147591014,2.9802322387695312e-08,0.0,False,1.0224659442901611,0.8881026350784295,4.086137294769287,0.31739795207977295,0.5004711747169495,7
15,3,0.0028846676594815497,0.79291170835495,1.3964557647705078,0.07288476949136821,8.940696716308594e-08,0.0,False,1.0183212757110596,0.8845026216919862,4.0879435539245605,0.31856828927993774,0.5000646710395813,7
15,4,0.016434321143639366,0.7897359728813171,1.3948678970336914,0.10006053408275425,8.940696716308594e-08,0.0,False,1.0125916004180908,0.8795258889663188,4.037576675415039,0.3224816620349884,0.5001904964447021,7
15,5,-0.018263442083035653,0.7881403565406799,1.3940701484680176,0.43234212275902867,2.9802322387695312e-08,0.0,False,0.996644914150238,0.8656747732647772,3.950611114501953,0.3297666907310486,0.500003457069397,7
15,6,0.03609444097895844,0.8144122958183289,1.4072060585021973,0.1354503352306359,8.940696716308594e-08,0.0,False,1.016664743423462,0.8830637760287898,4.089976787567139,0.3198947310447693,0.5004937648773193,7
15,7,0.09204341621111217,0.816023588180542,1.4080119132995605,1.0689388442080536,1.1920928955078125e-07,0.0,False,0.922029972076416,0.8008650580443938,3.474120855331421,0.37929007411003113,0.500182569026947,7
15,8,0.01759565024790302,0.8371697068214417,1.418584942817688,0.7809782604358632,8.940696716308594e-08,0.0,False,1.0120271444320679,0.8790356087263047,4.155396461486816,0.3158307373523712,0.5117133855819702,7
15,9,0.04354494368526279,0.8086965084075928,1.404348373413086,0.1765517199537615,1.1920928955078125e-07,0.0,False,1.024479866027832,0.8898519052737404,4.161614894866943,0.31368863582611084,0.5027899742126465,7
15,10,0.03861019311059648,0.8332894444465637,1.4166446924209595,0.5685752109763301,2.9802322387695312e-08,0.0,False,0.9410997033119202,0.8174288161383089,3.6245856285095215,0.36436372995376587,0.5000035166740417,7
15,11,-0.00031908322604484556,0.8396856188774109,1.4198427200317383,0.6206755732038097,8.940696716308594e-08,0.0,False,1.0539106130599976,0.9154151273424603,4.512223243713379,0.2900656759738922,0.5025551319122314,7
15,12,0.03324489694171922,0.8049201369285583,1.4024600982666016,0.4479892588039317,2.9802322387695312e-08,0.0,False,0.9737670421600342,0.8458033061387081,3.9975318908691406,0.32695066928863525,0.5001418590545654,7
15,13,-0.008340945685512472,0.8086866140365601,1.4043433666229248,0.5469712905010593,5.960464477539063e-08,0.0,False,0.9731164574623108,0.8452382154502442,4.170111179351807,0.31299811601638794,0.5035584568977356,2
15,14,0.018440933215182902,0.7999668121337891,1.399983525276184,0.3798359232303443,1.1920928955078125e-07,0.0,False,0.9775412082672119,0.8490815051669752,4.082281112670898,0.3194217085838318,0.5038302540779114,2
15,15,0.03846356653324568,0.8151177763938904,1.4075589179992676,0.6274417325126989,2.9802322387695312e-08,0.0,False,1.0076144933700562,0.8752028287127123,4.421253681182861,0.29485467076301575,0.5019441843032837,2
15,16,-0.032486941632302424,0.7982033491134644,1.399101734161377,0.503937428850331,5.960464477539063e-08,0.0,False,1.0532760620117188,0.9148639633049536,4.943378925323486,0.26087886095046997,0.5172429084777832,7
15,17,0.01697482955677458,0.8149634599685669,1.4074816703796387,0.3495640539491691,5.960464477539063e-08,0.0,False,1.0375044345855713,0.9011649017813339,4.622442245483398,0.28121769428253174,0.507828950881958,1
15,18,0.012869974419405987,0.8173848986625671,1.408692479133606,0.8237709332373124,2.9802322387695312e-08,0.0,False,1.048730731010437,0.9109159389603927,4.721396446228027,0.2753646969795227,0.5005050897598267,7
15,19,0.00337796409435505,0.83309406042099,1.4165470600128174,0.4391191293926242,2.9802322387695312e-08,0.0,False,1.0730971097946167,0.9320803066602601,5.105994701385498,0.25426435470581055,0.5021740198135376,1
15,20,-0.003870483918453982,0.8240538835525513,1.4120270013809204,0.6803218054642381,5.960464477539063e-08,0.0,False,1.060889482498169,0.9214768963163026,4.94542932510376,0.26259931921958923,0.5000256896018982,1
15,21,-0.010568892365193115,0.8214555382728577,1.410727858543396,0.6993717218072728,8.940696716308594e-08,0.0,False,1.0516260862350464,0.9134308125547879,4.810737609863281,0.27016958594322205,0.5017228126525879,2
15,22,0.01657641066739714,0.7986623644828796,1.3993310928344727,0.49293149990239593,8.940696716308594e-08,0.0,False,1.0543636083602905,0.915808594060951,4.687958240509033,0.2761076092720032,0.50969398021698,2
15,23,0.016160615024196946,0.8099883794784546,1.4049941301345825,1.2507698310510045,5.960464477539063e-08,0.0,False,1.1106942892074585,0.9647368017685075,5.624632835388184,0.2284369319677353,0.5033056735992432,7
15,24,0.02386228595493822,0.7744580507278442,1.387229084968567,0.4981534666544841,5.960464477539063e-08,0.0,False,1.102221965789795,0.9573778351501255,5.339561939239502,0.23980528116226196,0.500196099281311,6
16,1,0.01601044412945918,0.8216824531555176,1.4108411073684692,1.1887437914099013,1.1920928955078125e-07,0.0,False,1.0225343704223633,0.8881620692616962,4.382264137268066,0.29732081294059753,0.525913655757904,2
16,2,0.009016496844322892,0.823353111743927,1.4116766452789307,0.18193444384333834,8.940696716308594e-08,0.0,False,1.02107834815979,0.8868973843933685,4.5691680908203125,0.2838330864906311,0.5532536506652832,2
16,3,0.0100514598918101,0.8175092339515686,1.408754587173462,0.3724139018016688,2.9802322387695312e-08,0.0,False,1.0329046249389648,0.8971695578866808,4.631196975708008,0.2795178294181824,0.5525181293487549,2
16,4,-0.014809213952892282,0.7878576517105103,1.3939287662506104,0.44619561142512393,5.960464477539063e-08,0.0,False,1.0257372856140137,0.8909440860491719,4.316805362701416,0.30026575922966003,0.5132645964622498,2
16,5,0.058240180369996494,0.8344355225563049,1.4172178506851196,0.95676358986464,8.940696716308594e-08,0.0,False,0.9888425469398499,0.8588977232142683,4.094250202178955,0.320404052734375,0.5179958343505859,2
16,6,-0.049151701886429824,0.8019907474517822,1.4009953737258911,1.7121018743170782,0.0,0.0,False,1.0293607711791992,0.8940914056216043,4.587056636810303,0.2829127907752991,0.501618504524231,6
16,7,0.04600570333393139,0.8240664005279541,1.4120330810546875,1.3646403664264213,1.1920928955078125e-07,0.0,False,1.0133531093597412,0.8801873272288763,4.3399176597595215,0.3007980287075043,0.5163362622261047,2
16,8,-0.0064328199944463866,0.7985583543777466,1.3992791175842285,1.553107922694933,5.960464477539063e-08,0.0,False,1.0154715776443481,0.88202740540106,4.1692328453063965,0.31247416138648987,0.5001482963562012,7
16,9,0.04210607493867139,0.7973346710205078,1.398667335510254,0.5114879067484801,0.0,0.0,False,0.9598665237426758,0.8337294692502015,3.7591500282287598,0.34795165061950684,0.5010382533073425,7
16,10,0.007514193261331019,0.7920255064964294,1.396012783050537,0.7292776413395837,2.9802322387695312e-08,0.0,False,0.9704905152320862,0.8429573510094777,3.855510711669922,0.33842962980270386,0.503767192363739,7
16,11,-0.04856839859675765,0.7755277752876282,1.3877639770507812,0.4340450731661818,8.940696716308594e-08,0.0,False,0.9441836476325989,0.8201074961402441,3.669114351272583,0.3548533022403717,0.508119523525238,7
16,12,-0.012414058381291258,0.7857740521430969,1.3928871154785156,1.680306750997952,8.940696716308594e-08,0.0,False,0.9563902616500854,0.8307100263612787,3.6792373657226562,0.35477563738822937,0.5044426321983337,2
16,13,0.0055210414124620116,0.8142375349998474,1.407118797302246,0.47501557153359963,2.9802322387695312e-08,0.0,False,1.0390357971191406,0.902495026377579,4.293169021606445,0.30401521921157837,0.5022410154342651,2
16,14,-0.0757480257507267,0.8123060464859009,1.4061529636383057,0.6220870406461373,5.960464477539063e-08,0.0,False,1.012915849685669,0.8798075283016595,4.258936405181885,0.30579665303230286,0.5250939130783081,2
16,15,0.03752731302201246,0.8013179898262024,1.4006590843200684,0.5129195713615448,8.940696716308594e-08,0.0,False,1.0162441730499268,0.8826984732438331,4.187071800231934,0.3111480176448822,0.5045629739761353,2
16,16,0.10344888589330657,0.7923997044563293,1.3962000608444214,1.8923468779947892,2.086162567138672e-07,0.0,False,1.026818037033081,0.891882814804392,4.504521369934082,0.28778669238090515,0.5009218454360962,6
16,17,0.01503197810067208,0.8198515772819519,1.4099256992340088,0.6207829538418298,8.940696716308594e-08,0.0,False,1.0487768650054932,0.9109560104393548,4.726733207702637,0.27518337965011597,0.5002365112304688,6
16,18,0.04107427002273173,0.8253575563430786,1.4126787185668945,1.1283961518772403,5.960464477539063e-08,0.0,False,0.9738782644271851,0.8458999125724849,3.866727828979492,0.34002503752708435,0.5000013113021851,2
16,19,-0.10600897238221851,0.7800101041793823,1.390005111694336,1.1799932472890604,5.960464477539063e-08,0.0,False,1.1093297004699707,0.963551535050991,5.491646766662598,0.2330508679151535,0.5002880096435547,6
16,20,-0.00621106958950734,0.7954624891281128,1.3977311849594116,1.7242342758809532,5.960464477539063e-08,0.0,False,1.0323556661605835,0.8966927383501941,4.212312698364258,0.308927059173584,0.500191330909729,2
16,21,0.015953903936393322,0.7438755035400391,1.3719377517700195,0.5463490971864094,0.0,0.0,False,1.0187139511108398,0.8848436952105937,4.220040798187256,0.3047056198120117,0.5043500065803528,2
16,22,-0.011796750640838315,0.7847339510917664,1.3923670053482056,0.29349611798632225,2.9802322387695312e-08,0.0,False,1.0679500102996826,0.9276095928433463,4.6899003982543945,0.2754053771495819,0.5017023086547852,2
16,23,0.025803406375195147,0.7960905432701111,1.3980454206466675,0.3364796303853911,1.4901161193847656e-07,0.0,False,1.0163878202438354,0.8828232436111441,4.121854782104492,0.3159777522087097,0.5029080510139465,2
16,24,0.004788568007343931,0.7730520963668823,1.386526107788086,0.8180412329157274,5.960464477539063e-08,0.0,False,1.0451340675354004,0.9077919167594499,4.52744197845459,0.2845843434333801,0.5196619033813477,2
17,1,-0.0030246146513729314,0.7895033955574036,1.394751787185669,1.2480542212724686,8.940696716308594e-08,0.0,False,1.009835958480835,0.877132368791416,4.054646015167236,0.3210519850254059,0.5001248121261597,7
17,2,-0.011601504295759449,0.7924437522888184,1.3962218761444092,0.1410206698287293,0.0,0.0,False,1.023524284362793,0.8890218975854717,4.161559104919434,0.3126077353954315,0.5019330978393555,7
17,3,-0.033733487795227064,0.7834581732749939,1.3917291164398193,0.30684021374470716,2.9802322387695312e-08,0.0,False,0.9978627562522888,0.8667325774742773,4.099999904632568,0.31692183017730713,0.5002146363258362,7
17,4,0.017597957627939677,0.7663078308105469,1.3831539154052734,0.2939431596717061,0.0,0.0,False,1.0111417770385742,0.878266588379402,4.170275688171387,0.3100352883338928,0.5052838921546936,7
17,5,0.01354838731512393,0.800811231136322,1.4004056453704834,0.5597069108901802,2.9802322387695312e-08,0.0,False,0.994921863079071,0.8641781501202865,4.145440578460693,0.3140951693058014,0.5147716403007507,7
17,6,0.008475561574210477,0.80939120054245,1.4046955108642578,0.6066170814653192,8.940696716308594e-08,0.0,False,1.0053637027740479,0.87324781684118,4.080070972442627,0.32036224007606506,0.5002627372741699,7
17,7,0.021103546381809397,0.8190848231315613,1.4095423221588135,0.937525492981334,8.940696716308594e-08,0.0,False,1.0009742975234985,0.8694352278828785,4.162346839904785,0.3143586814403534,0.5019129514694214,7
17,8,0.035303005041302925,0.8036980628967285,1.4018490314483643,0.9638315731646243,0.0,0.0,False,0.9969587922096252,0.8659474042831419,4.050862789154053,0.3223761022090912,0.5000988245010376,7
17,9,0.020643130432448326,0.7861770391464233,1.3930885791778564,0.8025923181637233,5.960464477539063e-08,0.0,False,1.0048468112945557,0.8727988506066076,4.3217902183532715,0.29997867345809937,0.5064553618431091,7
17,10,0.005119733711730977,0.7889264822006226,1.394463300704956,0.7208840564238094,5.960464477539063e-08,0.0,False,1.068100094795227,0.9277399545798147,5.06269645690918,0.25439339876174927,0.5000250339508057,7
17,11,-0.01792084691774369,0.7850427627563477,1.3925213813781738,0.5095330008011377,0.0,0.0,False,1.0348893404006958,0.8988934598330365,4.641326904296875,0.27848339080810547,0.5003515481948853,2
17,12,0.010204931316080423,0.792335033416748,1.396167516708374,0.30842941733775425,0.0,0.0,False,0.9771268367767334,0.8487215866634296,4.050765514373779,0.3214721977710724,0.50388503074646,2
17,13,0.010671437266665997,0.7873384952545166,1.3936691284179688,0.12856775208132254,1.1920928955078125e-07,0.0,False,0.9889100790023804,0.8589563808184854,4.148927211761475,0.3131951689720154,0.5039149522781372,2
17,14,-0.037120655345258116,0.7891504764556885,1.3945752382278442,1.3252751089811208,0.0,0.0,False,1.085443139076233,0.9428039314411039,5.077689170837402,0.2536053955554962,0.500330924987793,6
17,15,0.016888979964129646,0.759380578994751,1.379690170288086,0.8589399931987061,1.1920928955078125e-07,0.0,False,0.9845684170722961,0.8551852611814353,4.0288591384887695,0.3209802210330963,0.5009748339653015,2
17,16,0.01702928166102218,0.7736574411392212,1.3868286609649658,0.13791068629767342,5.960464477539063e-08,0.0,False,0.9907647371292114,0.8605673163990848,4.17020845413208,0.3106309175491333,0.5021823644638062,7
17,17,-0.004104361476906255,0.775260865688324,1.3876304626464844,0.44789521490776113,2.9802322387695312e-08,0.0,False,1.0520308017730713,0.9137823440045973,4.610873222351074,0.279836505651474,0.5000033378601074,7
17,18,0.039174659446578795,0.7703030109405518,1.3851515054702759,0.4247133800559477,0.0,0.0,False,1.0311076641082764,0.8956087375407523,4.416268825531006,0.29233551025390625,0.5036727786064148,7
17,19,0.01638126768626474,0.803119421005249,1.4015597105026245,0.9729645222311577,0.0,0.0,False,0.9871605634689331,0.857436770934125,3.947650909423828,0.3311169743537903,0.5004963874816895,7
17,20,-0.007674832705864089,0.797763466835022,1.3988817930221558,0.6852085826330581,5.960464477539063e-08,0.0,False,1.0404607057571411,0.9037326862949788,4.628504753112793,0.2798222601413727,0.5082904100418091,7
17,21,0.005378753875448904,0.7934812307357788,1.396740436553955,0.5003521947887549,1.7881393432617188e-07,0.0,False,0.9859444499015808,0.8563804681107874,4.037118911743164,0.322568416595459,0.5082218050956726,7
17,22,0.007012094169260057,0.7867748737335205,1.3933873176574707,0.1365095905053551,1.1920928955078125e-07,0.0,False,1.0230021476745605,0.8885683754204745,4.275601863861084,0.3035191297531128,0.5022782683372498,7
17,23,0.02014749136494827,0.7689003348350525,1.3844503164291382,1.1156002007898789,1.4901161193847656e-07,0.0,False,1.0416570901870728,0.9047718526072873,4.6982598304748535,0.2740110754966736,0.5001441240310669,2
17,24,0.025718211039963006,0.7964081168174744,1.3982040882110596,2.090183433300679,2.9802322387695312e-08,0.0,False,0.9418438673019409,0.8180751887673031,3.648648262023926,0.35885101556777954,0.5003717541694641,7
18,1,-0.02493745998473465,0.8236236572265625,1.4118118286132812,1.4242254080516952,0.0,0.0,False,0.9752219319343567,0.8470670073402397,4.1629638671875,0.31463712453842163,0.5011743307113647,2
18,2,0.02943713101506134,0.8292731046676636,1.4146366119384766,0.6503860948801531,5.960464477539063e-08,0.0,False,1.0286823511123657,0.8935021374387278,4.352981090545654,0.30065423250198364,0.5000189542770386,2
18,3,0.03389818483475594,0.8126795291900635,1.4063396453857422,0.16068955426231143,1.1920928955078125e-07,0.0,False,1.0445797443389893,0.9073104377486653,4.46754264831543,0.29154202342033386,0.5005300641059875,2
18,4,0.01464552612947215,0.802160382270813,1.4010801315307617,0.402456403736549,5.960464477539063e-08,0.0,False,1.0413239002227783,0.9044824474814501,4.330528259277344,0.30055639147758484,0.500005841255188,2
18,5,-0.00464218531730287,0.8135978579521179,1.4067987203598022,0.46678838352335855,2.086162567138672e-07,0.0,False,1.0045775175094604,0.8725649449968521,4.186204433441162,0.31126493215560913,0.5317326784133911,2
18,6,0.10036845578405675,0.8137181997299194,1.4068591594696045,1.8131097518631558,5.960464477539063e-08,0.0,False,0.97490394115448,0.8467908040582465,3.947146415710449,0.33177825808525085,0.5060803890228271,6
18,7,0.08152270649052787,0.8247385025024414,1.4123692512512207,0.27930426013789483,0.0,0.0,False,1.0461817979812622,0.9087019638617696,4.526397228240967,0.28828322887420654,0.5006327033042908,6
18,8,0.024740864140821446,0.8169996738433838,1.408499836921692,0.28904564161265933,0.0,0.0,False,1.0465681552886963,0.9090375495550929,4.572704315185547,0.28476086258888245,0.5006381273269653,6
18,9,-0.009770580050256213,0.8180172443389893,1.409008502960205,0.595986459827037,1.1920928955078125e-07,0.0,False,1.094811201095581,0.9509409267233645,5.363101959228516,0.24068909883499146,0.5016354322433472,6
18,10,0.007313788247629537,0.8178014159202576,1.4089007377624512,1.4721059408623616,2.9802322387695312e-08,0.0,False,1.0305578708648682,0.8951311931971525,4.613466739654541,0.28200945258140564,0.5060089826583862,2
18,11,0.015426338125098358,0.8236419558525085,1.411820888519287,0.29915950019737636,8.940696716308594e-08,0.0,False,1.086849331855774,0.9440253349703976,5.270377159118652,0.24530518054962158,0.5063503384590149,1
18,12,-0.008061094244746806,0.7984979748725891,1.3992490768432617,1.9996847850766857,8.940696716308594e-08,0.0,False,1.0600734949111938,0.9207681385036529,4.7533040046691895,0.27198708057403564,0.514083981513977,6
18,13,0.018070888142356578,0.804692804813385,1.4023463726043701,1.815886125597978,2.9802322387695312e-08,0.0,False,1.0022343397140503,0.8705296866235224,4.157497406005859,0.31380271911621094,0.5005882978439331,2
18,14,0.011018121896212756,0.8194066286087036,1.4097031354904175,0.7622114765310194,1.7881393432617188e-07,0.0,False,1.045323133468628,0.9079561373424831,4.50280237197876,0.28942495584487915,0.504961371421814,2
18,15,0.017278686875794237,0.816230297088623,1.408115029335022,0.20541572084176013,1.1920928955078125e-07,0.0,False,1.063585638999939,0.9238187480984351,4.843235492706299,0.2679913341999054,0.5012449622154236,2
18,16,-0.008048008659156988,0.8110734224319458,1.4055367708206177,0.5993034373294214,5.960464477539063e-08,0.0,False,1.082871913909912,0.9405705936381761,5.099705219268799,0.253563791513443,0.5001437664031982,2
18,17,-0.0240873021138441,0.8200453519821167,1.4100227355957031,0.6475349742913731,5.960464477539063e-08,0.0,False,1.0020203590393066,0.8703438253709722,4.255984306335449,0.3071022927761078,0.5048073530197144,2
18,18,-0.0011214598935462136,0.8071522116661072,1.403576135635376,0.16147895066787557,2.9802322387695312e-08,0.0,False,0.9781973958015442,0.8496514624174837,4.026301383972168,0.32415324449539185,0.5185950398445129,2
18,19,0.005464449347258937,0.8218284249305725,1.4109141826629639,0.218994085126428,2.9802322387695312e-08,0.0,False,0.9959235787391663,0.8650482292875173,4.060126781463623,0.32259875535964966,0.5098659992218018,2
18,20,0.021597972634777855,0.8371155261993408,1.4185576438903809,0.31202467464707195,1.1920928955078125e-07,0.0,False,0.998889148235321,0.8676240902232786,4.130274772644043,0.3181001543998718,0.5030676126480103,2
18,21,0.01312064011882523,0.8427183628082275,1.4213591814041138,0.3451306409762467,0.0,0.0,False,1.0559872388839722,0.9172188616151203,4.777755260467529,0.27319177985191345,0.5050727128982544,2
18,22,-0.014631433568779446,0.8129596710205078,1.4064799547195435,0.8275360307278437,1.1920928955078125e-07,0.0,False,1.0923194885253906,0.9487766526839192,5.3086371421813965,0.2429235577583313,0.5067960023880005,2
18,23,0.0013048729583759631,0.7946071624755859,1.3973037004470825,0.7332440917155105,1.1920928955078125e-07,0.0,False,0.9994460344314575,0.868107795427339,4.122743129730225,0.3158555328845978,0.5010216236114502,2
18,24,-0.030281694095352942,0.8076947927474976,1.403847575187683,0.8355153451270334,1.7881393432617188e-07,0.0,False,1.125981092453003,0.9780147503594689,5.821895599365234,0.22021321952342987,0.500048041343689,3
19,1,0.02931128322621303,0.7909064292907715,1.3954532146453857,1.198569695864405,0.0,0.0,False,1.0184165239334106,0.8845853532467426,4.258917331695557,0.3044191896915436,0.5249232053756714,2
19,2,0.04803648332450353,0.7695624232292175,1.3847811222076416,0.6572902281689363,8.940696716308594e-08,0.0,False,0.9689031839370728,0.8415786125647243,3.7388079166412354,0.34767502546310425,0.5017866492271423,2
19,3,0.0071939992858368555,0.8048051595687866,1.402402639389038,0.6169943321869095,5.960464477539063e-08,0.0,False,0.9955902099609375,0.8647586688458702,4.352123737335205,0.2990886867046356,0.5027297139167786,7
19,4,0.06795406783469429,0.8136553764343262,1.4068278074264526,0.6240247719855181,1.1920928955078125e-07,0.0,False,1.0205858945846558,0.8864696446528199,4.555529594421387,0.28545093536376953,0.5090189576148987,2
19,5,0.004245530718461895,0.837016761302948,1.4185082912445068,1.3769840919247167,8.940696716308594e-08,0.0,False,0.8780092597007751,0.7626291530960118,3.2823729515075684,0.4041159749031067,0.5043635368347168,6
19,6,0.009356693067491,0.8245722651481628,1.4122861623764038,1.645725077394971,2.9802322387695312e-08,0.0,False,1.0427616834640503,0.9057312901371649,4.623607635498047,0.2819216847419739,0.5000615119934082,2
19,7,0.02051283050343958,0.8037559390068054,1.401877999305725,0.18298157830590583,2.9802322387695312e-08,0.0,False,1.0398197174072266,0.9031759308883145,4.49613094329834,0.28903523087501526,0.5012428760528564,2
19,8,-0.003942416488841064,0.8275706768035889,1.413785457611084,0.7886986430709714,1.1920928955078125e-07,0.0,False,1.0138720273971558,0.8806380537092947,4.134211540222168,0.31722375750541687,0.5001878142356873,2
19,9,0.012184059562733576,0.785771906375885,1.3928859233856201,0.20174576815130757,2.9802322387695312e-08,0.0,False,1.0028014183044434,0.8710222448287488,4.032379627227783,0.32251036167144775,0.5045958757400513,2
19,10,-9.739817141297263e-06,0.810995876789093,1.4054979085922241,0.16148965658926634,2.9802322387695312e-08,0.0,False,1.0129176378250122,0.8798090814597588,4.113951683044434,0.31771695613861084,0.5002979040145874,2
19,11,-0.0002219774467596817,0.8147670030593872,1.4073834419250488,0.2349867126296823,5.960464477539063e-08,0.0,False,1.0030361413955688,0.8712261227152509,4.224795341491699,0.30926576256752014,0.500044584274292,2
19,12,-0.03149874487699005,0.8064905405044556,1.403245210647583,1.1232385625649017,5.960464477539063e-08,0.0,False,0.9927440881729126,0.8622865588711426,3.9449970722198486,0.33161085844039917,0.5000014901161194,7
19,13,-0.00022449499167457362,0.7942419052124023,1.3971209526062012,0.5053768630909209,0.0,0.0,False,0.9453811645507812,0.8211476461193489,3.692878007888794,0.3542127013206482,0.5003601908683777,7
19,14,-0.03189152093225359,0.8168672919273376,1.4084336757659912,1.4079973597075421,2.9802322387695312e-08,0.0,False,0.9559695720672607,0.8303446200324488,3.698744773864746,0.35531333088874817,0.5049762725830078,7
19,15,-0.0029265491276391693,0.807971179485321,1.403985619544983,1.1928691323346974,2.9802322387695312e-08,0.0,False,0.9120873808860779,0.7922290330648263,3.462907314300537,0.37986528873443604,0.5000197887420654,7
19,16,0.0226548468898853,0.8141290545463562,1.407064437866211,0.44789575111082447,8.940696716308594e-08,0.0,False,0.9709970355033875,0.8433973089270742,3.9804351329803467,0.3290850520133972,0.5000348091125488,2
19,17,-0.01735922948826846,0.7877431511878967,1.393871545791626,0.5208423168501753,2.9802322387695312e-08,0.0,False,0.9177883863449097,0.7971808634889682,3.451711416244507,0.3793500065803528,0.5001062154769897,7
19,18,-0.025214313142599254,0.7919092774391174,1.3959546089172363,0.9955073377854183,2.9802322387695312e-08,0.0,False,1.0283610820770264,0.8932230867002193,4.170595645904541,0.31171363592147827,0.5074424147605896,7
19,19,0.004151741058056935,0.7879749536514282,1.3939875364303589,0.9698046086123463,5.960464477539063e-08,0.0,False,0.9413101673126221,0.817611622846597,3.591766357421875,0.3640524744987488,0.5000008940696716,7
19,20,-0.024469682952183137,0.7847837805747986,1.3923919200897217,0.9072105516686562,2.9802322387695312e-08,0.0,False,1.0287020206451416,0.8935192221778202,4.153134822845459,0.31279292702674866,0.5000067949295044,7
19,21,0.005458319616973205,0.7492991089820862,1.3746495246887207,0.6371292434670027,2.9802322387695312e-08,0.0,False,0.974379301071167,0.8463351074719103,3.7689263820648193,0.34319189190864563,0.5006409287452698,7
19,22,-0.029343381361293913,0.775083601474762,1.3875417709350586,0.29856857967477746,2.9802322387695312e-08,0.0,False,0.9399190545082092,0.8164033176172741,3.5746824741363525,0.3647492527961731,0.50031578540802,2
19,23,0.012748415519464686,0.7820150256156921,1.391007423400879,0.18859509971366192,8.940696716308594e-08,0.0,False,0.9595742225646973,0.8334755796729018,3.7245664596557617,0.3500714600086212,0.5014129877090454,7
19,24,-0.016236600907224244,0.7984660267829895,1.3992329835891724,0.595855152220241,2.9802322387695312e-08,0.0,False,0.9486914277076721,0.8240229041647196,3.7940969467163086,0.34468403458595276,0.5018795728683472,2
20,1,0.021230442150812538,0.8173182010650635,1.4086589813232422,1.3231737954275948,1.1920928955078125e-07,0.0,False,0.9952869415283203,0.864495253232228,4.015036582946777,0.3263530433177948,0.5000326633453369,7
20,2,0.035114924336840624,0.8144630789756775,1.4072315692901611,0.4126310400257834,2.9802322387695312e-08,0.0,False,1.0007961988449097,0.8692805333361877,4.056032657623291,0.32269611954689026,0.5004647970199585,7
20,3,-0.033110008798834835,0.812147855758667,1.406074047088623,0.4997250752982758,1.1920928955078125e-07,0.0,False,1.0296943187713623,0.8943811213790613,4.209112167358398,0.3102218210697174,0.5026760697364807,7
20,4,0.03556050651148595,0.7963372468948364,1.398168683052063,0.6748536123496226,5.960464477539063e-08,0.0,False,0.9914289116859436,0.8611442110891034,4.018979549407959,0.32420921325683594,0.5112190246582031,7
20,5,0.0514370931294106,0.828877329826355,1.4144387245178223,0.368331427866054,5.960464477539063e-08,0.0,False,1.003662109375,0.8717698315938811,4.059092044830322,0.3234529495239258,0.5003381967544556,7
20,6,-0.011716956055346228,0.81427401304245,1.4071370363235474,0.45428863869683717,2.9802322387695312e-08,0.0,False,1.0132074356079102,0.8800607966157196,4.164168357849121,0.3138366937637329,0.5037811994552612,7
20,7,0.03410592624696482,0.8038177490234375,1.4019088745117188,0.5980867640593043,0.0,0.0,False,0.9669539928436279,0.8398855666926082,3.8281002044677734,0.34194424748420715,0.5006386637687683,7
20,8,-0.02166043406600979,0.8265587687492371,1.4132792949676514,0.5757786256378763,8.940696716308594e-08,0.0,False,0.9604988098144531,0.8342786659541159,3.8849260807037354,0.33823513984680176,0.5074242949485779,7
20,9,7.695315407080933e-05,0.8154984712600708,1.4077492952346802,0.5060810907243656,5.960464477539063e-08,0.0,False,0.9479161500930786,0.8233495065847974,3.673565149307251,0.3578186631202698,0.5021756291389465,7
20,10,-0.0179292999528933,0.8181111216545105,1.409055471420288,0.0697462281510644,8.940696716308594e-08,0.0,False,0.9426512718200684,0.8187764914210761,3.6480820178985596,0.36051467061042786,0.5062037706375122,2
20,11,-0.01098269455541917,0.8089638948440552,1.4044820070266724,0.17045738708017943,5.960464477539063e-08,0.0,False,0.9429748058319092,0.819057509493177,3.683130979537964,0.35610225796699524,0.5101153254508972,7
20,12,0.006289038283383048,0.8192797899246216,1.409639835357666,0.22044758212715332,5.960464477539063e-08,0.0,False,0.9658212065696716,0.8389016410366983,3.7668888568878174,0.3488788604736328,0.5025850534439087,7
20,13,0.011952799374748562,0.8277977108955383,1.4138989448547363,0.1732773635953966,8.940696716308594e-08,0.0,False,0.9928476214408875,0.8623764867250924,3.9292993545532227,0.3345034718513489,0.5017698407173157,7
20,14,0.05082763297519417,0.816188395023346,1.4080941677093506,1.0737998487295473,2.9802322387695312e-08,0.0,False,0.9824293255805969,0.853327269919173,3.860109329223633,0.33986184000968933,0.5028952956199646,7
20,15,0.07008028861335222,0.8183792233467102,1.4091897010803223,0.5205065927784311,8.940696716308594e-08,0.0,False,0.889017641544342,0.7721909120747018,3.347735643386841,0.39436429738998413,0.500247597694397,7
20,16,0.039728266940371945,0.8248564004898071,1.4124281406402588,0.1594535032817312,5.960464477539063e-08,0.0,False,0.8894520998001099,0.7725682777208964,3.3777499198913574,0.3913196623325348,0.5000569820404053,7
20,17,-0.0033067254245715983,0.8234001994132996,1.4117001295089722,0.5434961238416006,2.9802322387695312e-08,0.0,False,0.9732514023780823,0.8453554271148052,3.794713020324707,0.34660547971725464,0.5000027418136597,7
20,18,-0.025707495668220014,0.8280144929885864,1.4140074253082275,1.422493510741427,1.7881393432617188e-07,0.0,False,0.9836163520812988,0.8543583080374285,3.9037299156188965,0.33685868978500366,0.5000181198120117,7
20,19,0.010875513201795943,0.8214460015296936,1.4107229709625244,0.5352831048783397,2.9802322387695312e-08,0.0,False,0.9360696077346802,0.8130597306330263,3.5994985103607178,0.3657929301261902,0.5082442760467529,7
20,20,-0.0038178608315674392,0.8155060410499573,1.4077529907226562,0.4903566442390225,2.9802322387695312e-08,0.0,False,0.9584071636199951,0.8324618851534219,3.7536120414733887,0.34982484579086304,0.5041530132293701,2
20,21,-0.0019519529831805433,0.7856811881065369,1.3928406238555908,0.44190526712858547,2.9802322387695312e-08,0.0,False,0.999448299407959,0.8681097627609314,4.003727912902832,0.32502812147140503,0.50017911195755,2
20,22,0.0065677993009042625,0.8071655035018921,1.4035828113555908,0.6216584912095892,5.960464477539063e-08,0.0,False,1.0270901918411255,0.8921192054671063,4.19746208190918,0.31061503291130066,0.508837878704071,2
20,23,-0.0626141403402375,0.8110495805740356,1.4055248498916626,0.10431179017322185,5.960464477539063e-08,0.0,False,1.0319910049438477,0.8963759976418091,4.2338080406188965,0.30807599425315857,0.5090159177780151,2
20,24,0.04271476127588059,0.8096587657928467,1.404829502105713,0.6789447609972887,1.1920928955078125e-07,0.0,False,0.9945011138916016,0.8638126920195199,3.972832441329956,0.3293689489364624,0.5017696022987366,2
21,1,-0.006843343373544144,0.841494083404541,1.4207470417022705,1.2257530455078398,0.0,0.0,False,1.0502262115478516,0.9122148968507784,4.807631969451904,0.2712150812149048,0.5089969635009766,2
21,2,-0.016814011429831664,0.8149399757385254,1.4074699878692627,0.5484370670124527,0.0,0.0,False,1.094228744506836,0.9504350113584842,5.262276649475098,0.2454209178686142,0.502028226852417,1
21,3,-0.02903087657408946,0.8161828517913818,1.4080915451049805,1.0959327052367578,1.1920928955078125e-07,0.0,False,1.0637867450714111,0.9239934266126704,4.986770153045654,0.25978630781173706,0.5038430690765381,2
21,4,0.02092640385425179,0.8041607737541199,1.4020802974700928,1.160133868800273,8.940696716308594e-08,0.0,False,1.127984881401062,0.9797552193255504,6.019674777984619,0.21196742355823517,0.5147528648376465,7
21,5,0.0012066933012565614,0.8248277306556702,1.4124138355255127,0.5181344889074281,2.9802322387695312e-08,0.0,False,1.1194746494293213,0.9723633257554632,5.73167610168457,0.224586620926857,0.5007256269454956,1
21,6,0.00907182016955594,0.8217619061470032,1.4108809232711792,1.261802974940682,2.9802322387695312e-08,0.0,False,0.9974172711372375,0.8663456340198038,4.034972667694092,0.3248254656791687,0.5054593086242676,2
21,7,0.03126032884287857,0.808761477470398,1.4043807983398438,0.15794405313839582,5.960464477539063e-08,0.0,False,1.025733470916748,0.8909407726452268,4.254049301147461,0.3066166937351227,0.5010666251182556,2
21,8,-0.03346263438287661,0.8113849759101868,1.4056925773620605,2.0866703013010173,8.940696716308594e-08,0.0,False,1.0739011764526367,0.9327787100855811,4.865144729614258,0.26645323634147644,0.5014640092849731,6
21,9,0.06767396222390595,0.8022710084915161,1.4011354446411133,1.898255592007326,5.960464477539063e-08,0.0,False,1.0525872707366943,0.9142656868051011,4.739752769470215,0.27338919043540955,0.5006951093673706,1
21,10,-0.04798141611630982,0.8091508150100708,1.4045753479003906,2.235477802431407,5.960464477539063e-08,0.0,False,1.0056198835372925,0.8734703326248738,4.411442279815674,0.2951764464378357,0.501746416091919,6
21,11,0.0358431597729654,0.8221407532691956,1.411070466041565,1.38507783138681,8.940696716308594e-08,0.0,False,1.0757615566253662,0.9343946157720984,4.904538154602051,0.26462310552597046,0.5064359903335571,7
21,12,0.02658317511020025,0.831926703453064,1.4159636497497559,1.011772963713369,2.980232238769531e-07,0.0,False,1.0532792806625366,0.9148667589895323,4.795884132385254,0.2716461718082428,0.500863790512085,1
21,13,-0.016754975875489894,0.8245568871498108,1.4122785329818726,0.14100747741813557,8.940696716308594e-08,0.0,False,1.0703625679016113,0.9297051137509291,5.059404373168945,0.2562330663204193,0.5050615668296814,1
21,14,-0.006960685860497476,0.8034082651138306,1.40170419216156,1.128979366224451,5.960464477539063e-08,0.0,False,1.0526022911071777,0.9142787333331354,4.435545444488525,0.29318010807037354,0.5002806782722473,2
21,15,0.01547044082165517,0.816792368888855,1.4083962440490723,0.7426201666957024,5.960464477539063e-08,0.0,False,0.9993805885314941,0.8680509498409044,4.084340572357178,0.3202630281448364,0.5094794034957886,2
21,16,-0.00447500942283348,0.8138958215713501,1.4069478511810303,1.0277595646629507,5.960464477539063e-08,0.0,False,1.0532348155975342,0.9148281371247963,4.828494548797607,0.2687333822250366,0.5010131001472473,6
21,17,-0.005770436006846119,0.795803964138031,1.397902011871338,1.0131898221309177,2.9802322387695312e-08,0.0,False,0.9856354594230652,0.8561120823912275,3.933931350708008,0.3315475285053253,0.5089022517204285,2
21,18,0.013433825290148844,0.7932798266410828,1.3966400623321533,0.4280244208528991,1.4901161193847656e-07,0.0,False,0.9921388626098633,0.8617608666264643,3.9987640380859375,0.3259013593196869,0.5038501024246216,2
21,19,-0.022885433943561385,0.8024835586547852,1.4012418985366821,0.6408519280286833,1.1920928955078125e-07,0.0,False,1.039949893951416,0.9032890007979439,4.585804462432861,0.283013254404068,0.501969039440155,2
21,20,0.026061431498355984,0.7970602512359619,1.398530125617981,0.2606036292286511,0.0,0.0,False,1.0158579349517822,0.8823629910943832,4.2280426025390625,0.3078276515007019,0.5004106760025024,2
21,21,-0.024535987750152543,0.7774252891540527,1.3887126445770264,0.4171289518569835,0.0,0.0,False,1.0344657897949219,0.8985255684512478,4.3659987449646,0.29637810587882996,0.5012539029121399,2
21,22,0.01707755368442193,0.8037068843841553,1.4018534421920776,0.29568773061362463,0.0,0.0,False,0.9975672960281372,0.8664759439843355,4.090096950531006,0.3191375732421875,0.5005431175231934,2
21,23,0.04945394333952194,0.7989119291305542,1.3994560241699219,0.43433475303153424,5.960464477539063e-08,0.0,False,0.9915573000907898,0.8612557278406335,3.99588680267334,0.326631098985672,0.5010555982589722,2
21,24,0.018332787570392604,0.7870404720306396,1.3935202360153198,0.9225490209443371,0.0,0.0,False,1.0879523754119873,0.9449834264299224,5.2884392738342285,0.2426718771457672,0.5071424841880798,2
22,1,-0.025328000473914487,0.7776042222976685,1.3888020515441895,1.3851147975240434,5.960464477539063e-08,0.0,False,0.9614900946617126,0.8351396850324342,3.704540491104126,0.35164809226989746,0.5025326609611511,2
22,2,0.037982681728004716,0.7604904174804688,1.3802450895309448,0.6538267904080874,1.1920928955078125e-07,0.0,False,1.033836841583252,0.8979792709757853,4.493807792663574,0.2861679792404175,0.514784574508667,2
22,3,-0.008581661351070342,0.7862512469291687,1.3931257724761963,1.029761688521689,1.4901161193847656e-07,0.0,False,1.0063586235046387,0.8741119940076335,4.033381462097168,0.32257723808288574,0.5003042817115784,2
22,4,0.031237871319944363,0.790532112121582,1.395266056060791,0.1477104633364068,0.0,0.0,False,0.9859728813171387,0.8564051633245664,3.9183645248413086,0.33273884654045105,0.5011930465698242,2
22,5,0.009145583960288368,0.7864878177642822,1.3932439088821411,0.0489338914392828,0.0,0.0,False,0.9843505024909973,0.8549959829810666,3.935213088989258,0.3307356536388397,0.5093069076538086,2
22,6,-0.004580628011042234,0.7997134923934937,1.3998565673828125,0.6268999444162832,1.7881393432617188e-07,0.0,False,1.0006871223449707,0.8691857906921301,4.068840026855469,0.3203659951686859,0.5088409781455994,2
22,7,0.055282115367043624,0.8034101128578186,1.401705265045166,0.3811584975402729,2.086162567138672e-07,0.0,False,0.9640417695045471,0.8373560416401429,3.981377363204956,0.3274233341217041,0.5287858247756958,2
22,8,-0.08901303663918714,0.7909849882125854,1.395492434501648,1.134095272373772,5.960464477539063e-08,0.0,False,0.998986005783081,0.8677082196203243,4.166656017303467,0.3120953142642975,0.5024157762527466,2
22,9,-0.04964305508018747,0.792447030544281,1.3962236642837524,1.1049471028858653,1.4901161193847656e-07,0.0,False,0.9651585817337036,0.8383260924170324,3.9728474617004395,0.3277992308139801,0.5132571458816528,2
22,10,-0.02231369681315354,0.8162038922309875,1.4081021547317505,0.37964778680188777,2.086162567138672e-07,0.0,False,0.957220196723938,0.831430898807103,3.7396440505981445,0.35135942697525024,0.5000036954879761,2
22,11,0.06484092465396456,0.8073280453681946,1.4036641120910645,0.07900802614119642,8.940696716308594e-08,0.0,False,0.9652164578437805,0.8383763629675132,3.7632758617401123,0.3483305871486664,0.5013675093650818,2
22,12,0.01512795489936505,0.7920764684677124,1.3960381746292114,0.14328152077026585,5.960464477539063e-08,0.0,False,0.9809658527374268,0.8520561135587649,3.889875888824463,0.33534863591194153,0.5027930736541748,2
22,13,-0.016889736147538206,0.7937545776367188,1.3968772888183594,0.38184833825227826,0.0,0.0,False,1.015060305595398,0.8816701790382198,4.229977130889893,0.30746835470199585,0.5000718235969543,2
22,14,0.03242853876525233,0.7768228650093079,1.388411521911621,0.9648939566652086,8.940696716308594e-08,0.0,False,1.0048717260360718,0.8728204912761245,4.198731422424316,0.3086034655570984,0.5038672089576721,7
22,15,-0.013651073686054336,0.8074033260345459,1.4037017822265625,0.4574698474114345,1.1920928955078125e-07,0.0,False,0.9171722531318665,0.7966456969798842,3.473944664001465,0.37856215238571167,0.5000842809677124,7
22,16,-0.005888796256023919,0.8127151727676392,1.4063575267791748,1.0787398031516884,5.960464477539063e-08,0.0,False,1.0114777088165283,0.8785583750143249,4.261431694030762,0.3063349425792694,0.5005523562431335,2
22,17,-0.006645418356765295,0.8072867393493652,1.4036433696746826,0.4011413227899341,0.0,0.0,False,0.9971774816513062,0.8661373555186869,4.155763149261475,0.3141321837902069,0.5000333786010742,2
22,18,-0.01176019401765155,0.7918547987937927,1.3959273099899292,1.211061453648507,8.940696716308594e-08,0.0,False,1.011492371559143,0.8785711109107391,4.184356689453125,0.3108349144458771,0.5002731084823608,7
22,19,-0.005549686629226567,0.7865599393844604,1.393280029296875,0.5243092578608949,5.960464477539063e-08,0.0,False,0.9551739692687988,0.8296535682221312,3.75134015083313,0.3478657007217407,0.5004444122314453,7
22,20,0.027045931454744702,0.793368935585022,1.3966845273971558,0.13816483650992722,5.960464477539063e-08,0.0,False,0.9994408488273621,0.868103291268851,4.138063430786133,0.31457623839378357,0.5000467300415039,2
22,21,0.05775431212708194,0.78269362449646,1.39134681224823,0.43336458121178084,0.0,0.0,False,1.0327239036560059,0.8970125853747777,4.443411827087402,0.29128068685531616,0.5025435090065002,2
22,22,0.005224955815744083,0.7841466665267944,1.392073392868042,0.317630569475928,5.960464477539063e-08,0.0,False,1.065047264099121,0.9250882995288073,4.684426307678223,0.275513619184494,0.5089694261550903,2
22,23,0.006038716941813182,0.7686980962753296,1.38434898853302,0.2377904684590677,5.960464477539063e-08,0.0,False,1.038402795791626,0.9019452084104249,4.379391193389893,0.29462215304374695,0.5106657147407532,2
22,24,0.07224790739603236,0.7825577259063721,1.3912787437438965,0.687110245572247,1.1920928955078125e-07,0.0,False,1.0197616815567017,0.8857537423129134,4.5233330726623535,0.2859511077404022,0.5001897811889648,2
23,1,0.04935532227167748,0.7973410487174988,1.3986703157424927,1.350719854235649,2.086162567138672e-07,0.0,False,0.991166353225708,0.8609161557081888,4.217744827270508,0.30835697054862976,0.5103585124015808,6
23,2,0.03298823003679165,0.8152150511741638,1.4076075553894043,1.6846795045457665,2.9802322387695312e-08,0.0,False,1.0217028856277466,0.8874398507455192,4.46706485748291,0.291300892829895,0.5154950618743896,1
23,3,-0.09627748916121302,0.8092734217643738,1.4046366214752197,0.34628699673986674,8.940696716308594e-08,0.0,False,1.0172333717346191,0.8835576803043689,4.340979099273682,0.30025508999824524,0.5000196695327759,1
23,4,0.09786849331084599,0.8266393542289734,1.413319706916809,1.071226742794186,2.9802322387695312e-08,0.0,False,1.044386386871338,0.9071424895861937,4.501147270202637,0.2900022864341736,0.5038416981697083,2
23,5,0.047016635815658445,0.847440779209137,1.4237204790115356,0.6041415454737448,8.940696716308594e-08,0.0,False,1.0271196365356445,0.8921447808038082,4.3642425537109375,0.3009502589702606,0.5007210373878479,2
23,6,0.0028118313903198093,0.8112836480140686,1.405642032623291,0.5149391546172404,2.086162567138672e-07,0.0,False,1.0482583045959473,0.9105055945905562,4.710614204406738,0.27565693855285645,0.5014439821243286,5
23,7,-0.027170044764607253,0.8137707710266113,1.4068853855133057,0.5396129043408499,0.0,0.0,False,1.1067605018615723,0.9613199574939091,5.4778313636779785,0.2351137101650238,0.5031493902206421,2
23,8,-0.00797808171434011,0.8024237155914307,1.4012117385864258,0.46372584484776547,1.1920928955078125e-07,0.0,False,1.0334783792495728,0.8976679145488113,4.573502540588379,0.28371915221214294,0.5051708221435547,2
23,9,-0.009252009731941615,0.8195064067840576,1.4097532033920288,1.2334647622854527,0.0,0.0,False,1.0537326335906982,0.9152605363396429,4.807751655578613,0.2702709436416626,0.5006654858589172,2
23,10,0.0013909009269295327,0.8150665760040283,1.4075332880020142,0.9158306902781089,0.0,0.0,False,0.9468727707862854,0.8224432388338527,3.9338016510009766,0.3325074017047882,0.5250627398490906,2
23,11,0.08765535610997854,0.8155474662780762,1.407773733139038,0.4803481106756926,0.0,0.0,False,1.013206958770752,0.8800603824402264,4.492849349975586,0.28981319069862366,0.5068086385726929,2
23,12,0.050498893527966895,0.8053871393203735,1.4026936292648315,0.5996092759647217,5.960464477539063e-08,0.0,False,1.0486730337142944,0.9108658237257218,4.823936462402344,0.2685399651527405,0.5008853077888489,2
23,13,0.010568637646717016,0.8010202646255493,1.4005101919174194,1.255281878519229,5.960464477539063e-08,0.0,False,1.0875916481018066,0.9446701026693559,5.235836982727051,0.24564988911151886,0.5169270038604736,5
23,14,0.005522719249147412,0.8170593976974487,1.4085297584533691,1.3086670016832085,5.960464477539063e-08,0.0,False,1.0541551113128662,0.9156274958265721,4.650596618652344,0.27975738048553467,0.5005074739456177,6
23,15,0.005565232503840745,0.8268895149230957,1.4134447574615479,1.7290734737933051,0.0,0.0,False,1.061543583869934,0.9220450415490284,4.8724212646484375,0.26639577746391296,0.5173260569572449,1
23,16,0.029231280069081985,0.8398674726486206,1.419933795928955,0.21259544752702675,5.960464477539063e-08,0.0,False,1.0750079154968262,0.9337400114051778,4.968688011169434,0.2620673179626465,0.5015596747398376,1
23,17,0.06604363772523346,0.8047498464584351,1.4023748636245728,1.1055901814586544,5.960464477539063e-08,0.0,False,1.0557100772857666,0.916978122109728,4.8667144775390625,0.2659839391708374,0.5022180080413818,6
23,18,0.06947976211790824,0.7743315100669861,1.3871657848358154,0.2713206159966964,2.9802322387695312e-08,0.0,False,1.0043076276779175,0.8723305216677303,4.2858805656433105,0.30181804299354553,0.506674587726593,4
23,19,-0.0002630070426192111,0.762922465801239,1.381461262702942,0.37595240878167013,2.9802322387695312e-08,0.0,False,1.008727788925171,0.8761698249453398,4.244312286376953,0.3041643500328064,0.5054981708526611,4
23,20,0.004801961454268418,0.7703785300254822,1.3851892948150635,1.2491412796788521,2.9802322387695312e-08,0.0,False,1.0842127799987793,0.9417352551249085,5.13164758682251,0.24985073506832123,0.5000158548355103,1
23,21,-0.004355069955903934,0.7950629591941833,1.3975313901901245,1.4654086032458955,8.940696716308594e-08,0.0,False,1.0764766931533813,0.9350157754679472,5.094273567199707,0.25251826643943787,0.5191735029220581,5
23,22,-0.005415277086805591,0.7927682399749756,1.3963842391967773,0.6090205647891204,1.1920928955078125e-07,0.0,False,1.0689795017242432,0.928503797733053,4.956116199493408,0.26035061478614807,0.500372588634491,1
23,23,0.008177257882446751,0.8018766641616821,1.4009382724761963,0.18869501934696398,5.960464477539063e-08,0.0,False,1.066792607307434,0.9266042853776026,5.004151344299316,0.2581355571746826,0.5024917125701904,1
23,24,-0.0060323123481889,0.8124861121177673,1.406243085861206,0.18401004918484543,2.9802322387695312e-08,0.0,False,1.0695375204086304,0.9289884866039096,5.108113765716553,0.25297364592552185,0.507854700088501,3
24,1,0.005436479133713345,0.8150553703308105,1.4075275659561157,1.2985020822712354,1.1920928955078125e-07,0.0,False,0.989262044429779,0.8592620941043653,3.959855318069458,0.33082398772239685,0.5039775967597961,2
24,2,0.006941938450722395,0.8068006634712219,1.4034004211425781,0.1502925688651109,8.940696716308594e-08,0.0,False,0.9906457662582397,0.8604639796135444,3.992678165435791,0.327488511800766,0.5005853772163391,2
24,3,0.06451323656193976,0.8268218040466309,1.413411021232605,0.6263597899463298,1.1920928955078125e-07,0.0,False,1.001126766204834,0.8695676604968127,4.172060012817383,0.3136838674545288,0.5165001749992371,2
24,4,-0.039702179224508985,0.8208848834037781,1.4104423522949219,0.8775280856030271,8.940696716308594e-08,0.0,False,0.9489918351173401,0.8242838347254029,3.8743700981140137,0.33847397565841675,0.5178674459457397,2
24,5,0.015210610844305524,0.778826892375946,1.3894134759902954,1.0376556135323545,2.9802322387695312e-08,0.0,False,1.045417070388794,0.9080377299146333,4.8688788414001465,0.26450419425964355,0.5000803470611572,7
24,6,0.03330205559456133,0.8267666697502136,1.4133832454681396,0.48878796778761024,8.940696716308594e-08,0.0,False,0.9515703916549683,0.8265235404765379,3.800799608230591,0.34623292088508606,0.5017619132995605,7
24,7,0.05855324333859127,0.7988491058349609,1.3994245529174805,1.2904505543096518,0.0,0.0,False,0.9278013706207275,0.8058780311257117,3.5444908142089844,0.3699904978275299,0.5010786652565002,7
24,8,-0.13582144342975302,0.8285778760910034,1.4142889976501465,0.31129220502963206,5.960464477539063e-08,0.0,False,0.920320451259613,0.7993801871295212,3.6503069400787354,0.36123716831207275,0.5025449991226196,7
24,9,0.045280516488344504,0.8150895833969116,1.4075448513031006,1.7403005764213817,5.960464477539063e-08,0.0,False,0.9455605745315552,0.8213034796486458,3.7447612285614014,0.35071200132369995,0.502100944519043,7
24,10,-0.00847066223833142,0.7683473229408264,1.3841736316680908,0.626296670139734,2.9802322387695312e-08,0.0,False,1.0376451015472412,0.9012870835518126,4.167004108428955,0.31049925088882446,0.5026391744613647,7
24,11,0.03378398164664019,0.8077778816223145,1.4038889408111572,0.5632807697344963,0.0,0.0,False,0.933170735836029,0.8105418024943691,3.634732484817505,0.3612188696861267,0.5002144575119019,7
24,12,-0.014443789330501632,0.7872059345245361,1.3936028480529785,1.1140062857028434,1.1920928955078125e-07,0.0,False,1.0274903774261475,0.8924668022497309,4.1104230880737305,0.31635284423828125,0.5000141859054565,7
24,13,0.025087145240635603,0.7603693604469299,1.3801846504211426,1.2196472106559675,2.9802322387695312e-08,0.0,False,1.0273425579071045,0.8923384078468549,4.550615310668945,0.2827928066253662,0.5003396272659302,7
24,14,0.028245810209191046,0.7736445665359497,1.3868224620819092,1.0562510813042798,1.7881393432617188e-07,0.0,False,1.0424914360046387,0.9054965561764232,4.207109451293945,0.30778250098228455,0.5024635791778564,7
24,15,-0.02380293992733606,0.7725282907485962,1.3862640857696533,0.9274721121562969,5.960464477539063e-08,0.0,False,0.9927525520324707,0.8622939104861459,4.032153129577637,0.321199506521225,0.5188443660736084,7
24,16,-0.0011038270526903047,0.8103060722351074,1.4051530361175537,0.9874350182755233,0.0,0.0,False,0.9889671802520752,0.8590059783337898,3.989501476287842,0.328027606010437,0.5000909566879272,2
24,17,-0.0353124144977331,0.8036049604415894,1.4018025398254395,2.055676514753166,5.960464477539063e-08,0.0,False,0.9489655494689941,0.8242610033013431,3.775759220123291,0.34684962034225464,0.501084566116333,7
24,18,0.017287201981132976,0.8070595860481262,1.4035298824310303,1.9470968561708402,8.940696716308594e-08,0.0,False,1.0275146961212158,0.8924879251998814,4.444139003753662,0.2927945852279663,0.5009129047393799,2
24,19,-0.020051783231495094,0.7839016318321228,1.3919509649276733,0.525149827317393,1.4901161193847656e-07,0.0,False,0.9885542988777161,0.8586473541286602,3.9164860248565674,0.33238518238067627,0.5020290613174438,2
24,20,-0.050092431822096356,0.80088210105896,1.40044105052948,0.3624843118909438,0.0,0.0,False,1.004486083984375,0.872485526846041,4.211854934692383,0.30923616886138916,0.5034571886062622,2
24,21,0.028561054168055815,0.7768241167068481,1.3884121179580688,0.9302097478156192,5.960464477539063e-08,0.0,False,0.9692509174346924,0.8418806500431025,4.0760722160339355,0.3183828592300415,0.5004012584686279,2
24,22,-0.010856077368501985,0.7828232645988464,1.3914116621017456,1.0442834109140093,2.9802322387695312e-08,0.0,False,1.0506501197814941,0.912583098864187,4.892810344696045,0.2633245587348938,0.5015474557876587,7
24,23,0.016410102097636693,0.7498290538787842,1.3749146461486816,0.693253209947979,1.1920928955078125e-07,0.0,False,1.022857904434204,0.8884430873337972,4.49786376953125,0.2854759097099304,0.5051054954528809,2
24,24,-0.05506662494881203,0.7780826091766357,1.3890414237976074,1.4881425225803078,1.1920928955078125e-07,0.0,False,1.019877314567566,0.8858541798700017,4.1029486656188965,0.3162703514099121,0.501508355140686,2
25,1,-0.061615357641789215,0.8078150749206543,1.4039075374603271,1.4782367524291788,0.0,0.0,False,0.9415076971054077,0.8177831950446337,3.94268536567688,0.3319076597690582,0.5001158714294434,2
25,2,-0.033234536713367985,0.7888439297676086,1.3944220542907715,0.09149874046925327,8.940696716308594e-08,0.0,False,0.9421213269233704,0.8183161871323786,3.8802366256713867,0.3360460102558136,0.500030517578125,2
25,3,-0.021835626924708897,0.7989867329597473,1.3994932174682617,0.08843551570010495,1.4901161193847656e-07,0.0,False,0.9443249702453613,0.8202302474020259,3.8442962169647217,0.3400893211364746,0.5001484155654907,2
25,4,-0.028300560530184593,0.7541629672050476,1.3770815134048462,0.39653830602267515,2.9802322387695312e-08,0.0,False,0.9691370129585266,0.8417817138721768,3.790179491043091,0.341541051864624,0.5024979114532471,3
25,5,-0.00351298821503166,0.7308127880096436,1.3654065132141113,0.19812042785294673,1.1920928955078125e-07,0.0,False,0.9880067110061646,0.8581717253467163,4.0421295166015625,0.3177318572998047,0.5028913021087646,3
25,6,0.03192304299358973,0.7103420495986938,1.3551710844039917,0.06221872827373314,5.960464477539063e-08,0.0,False,0.9866302013397217,0.856976104241871,4.0437774658203125,0.3160642385482788,0.5030044317245483,3
25,7,0.03316326897665613,0.7064964175224304,1.3532482385635376,0.6239560497215632,2.9802322387695312e-08,0.0,False,1.0047262907028198,0.8726941677507143,4.228714466094971,0.30081474781036377,0.5320302248001099,2
25,8,0.005754849704071958,0.7167289853096008,1.358364462852478,0.9314447504093635,2.9802322387695312e-08,0.0,False,1.0837677717208862,0.9413487258459281,5.0489606857299805,0.2512738108634949,0.5003182291984558,6
25,9,0.06011850510659819,0.7739714980125427,1.3869857788085938,1.2448795715634977,2.9802322387695312e-08,0.0,False,1.021301031112671,0.8870908043486686,4.391627311706543,0.2938378155231476,0.5207019448280334,2
25,10,-0.021668047176655738,0.7489529252052307,1.374476432800293,1.2298028948714115,2.9802322387695312e-08,0.0,False,1.0658413171768188,0.9257780052687722,5.013704776763916,0.25381752848625183,0.5430901646614075,5
25,11,-0.15841331672956888,0.7608317136764526,1.3804157972335815,1.3177587125913248,5.960464477539063e-08,0.0,False,1.0365612506866455,0.900345662655887,4.597765922546387,0.2793174684047699,0.5188372135162354,3
25,12,-0.16976866485240077,0.8008942604064941,1.400447130203247,0.42655290068595897,0.0,0.0,False,0.9841194748878479,0.8547953149546363,4.1047234535217285,0.31751078367233276,0.5093070864677429,3
25,13,-0.12827266174538576,0.7736355662345886,1.3868178129196167,0.23991438688594782,2.9802322387695312e-08,0.0,False,0.9645791053771973,0.8378227656489842,3.778205156326294,0.3442826271057129,0.5000626444816589,2
25,14,-0.026517997483307517,0.7729780077934265,1.3864890336990356,0.14601007379498454,2.9802322387695312e-08,0.0,False,0.9684017896652222,0.8411431070336791,3.7995808124542236,0.34217196702957153,0.5018891096115112,2
25,15,0.03928571746466158,0.7352320551872253,1.3676161766052246,0.6833033341235697,1.4901161193847656e-07,0.0,False,1.0341598987579346,0.8982598748723932,4.2278242111206055,0.30358707904815674,0.5016677379608154,2
25,16,-0.11887225255655674,0.7695327997207642,1.3847663402557373,0.07722635922415082,5.960464477539063e-08,0.0,False,1.0196983814239502,0.8856987605161979,4.170705318450928,0.3101876974105835,0.5067378282546997,2
25,17,-0.1397404316076704,0.7421664595603943,1.3710832595825195,0.4595292894414817,2.9802322387695312e-08,0.0,False,1.031213402748108,0.8957005809563579,4.202262878417969,0.30602872371673584,0.5002309083938599,2
25,18,-0.11536748759265329,0.7214560508728027,1.3607280254364014,0.24308054474109492,0.0,0.0,False,0.978797972202301,0.8501731164511037,3.862358331680298,0.33238744735717773,0.5007318258285522,2
25,19,0.06367156449466144,0.7423689961433411,1.3711845874786377,0.10783566516170359,8.940696716308594e-08,0.0,False,0.9705444574356079,0.8430042046121401,3.80051851272583,0.3395632207393646,0.5053950548171997,2
25,20,0.06068699636408837,0.8243963718414307,1.4121980667114258,0.9290206580721092,1.1920928955078125e-07,0.0,False,1.0170929431915283,0.8834357056216368,4.2087082862854,0.31112322211265564,0.5007079243659973,7
25,21,0.009620860781443856,0.805494487285614,1.4027471542358398,0.2543486315239161,8.940696716308594e-08,0.0,False,1.024681806564331,0.8900273085950886,4.282547950744629,0.30391669273376465,0.5135940313339233,7
25,22,-0.0975356246516455,0.807599663734436,1.4037997722625732,0.5457927637154864,5.960464477539063e-08,0.0,False,1.0436623096466064,0.9065135640998484,4.531126022338867,0.28663545846939087,0.5115302205085754,7
25,23,0.10471873920134009,0.8000831604003906,1.4000415802001953,0.9361523222358195,0.0,0.0,False,1.0484310388565063,0.9106556296629491,4.766847610473633,0.2716514766216278,0.500044584274292,7
25,24,-0.21865258979590474,0.8174253106117249,1.40871262550354,1.1927500507353936,2.9802322387695312e-08,0.0,False,1.1108341217041016,0.9648582587318733,5.654172420501709,0.2274915874004364,0.5029510259628296,2
26,1,0.005894688954866858,0.8019506335258484,1.4009753465652466,1.247997134923935,2.9802322387695312e-08,0.0,False,0.9958935976028442,0.8650221880033857,3.9320523738861084,0.33236947655677795,0.5015801787376404,7
26,2,-0.017172567321708677,0.7910394072532654,1.395519733428955,0.4590904346304524,2.9802322387695312e-08,0.0,False,0.9865207672119141,0.8568810509661935,3.915680408477783,0.33298203349113464,0.5023770928382874,7
26,3,0.03291300065009096,0.7912768721580505,1.3956384658813477,0.09660911574971755,2.9802322387695312e-08,0.0,False,0.9806948900222778,0.8518207583347834,3.893449306488037,0.3349587917327881,0.5031314492225647,7
26,4,0.02622260002164796,0.8104326725006104,1.4052162170410156,0.289289325893906,1.1920928955078125e-07,0.0,False,0.9112427830696106,0.7914954247225877,3.4225308895111084,0.3847089409828186,0.5008367896080017,7
26,5,-0.016994866870991672,0.7951451539993286,1.3975725173950195,0.40086394241546197,5.960464477539063e-08,0.0,False,0.9478791952133179,0.8233174079840785,3.595970392227173,0.36421066522598267,0.5001263618469238,7
26,6,-0.003516576935735364,0.791948676109314,1.3959743976593018,0.18675769776385043,5.960464477539063e-08,0.0,False,0.9938580393791199,0.8632541245950731,3.8836934566497803,0.3359481692314148,0.500834584236145,7
26,7,-0.006511311654542494,0.7896844744682312,1.3948421478271484,0.16568646975652465,8.940696716308594e-08,0.0,False,1.0261198282241821,0.89127635833855,4.101179599761963,0.3172403573989868,0.5011314153671265,7
26,8,0.03279671289758259,0.7855324745178223,1.3927662372589111,0.1254823041834395,0.0,0.0,False,1.0367255210876465,0.9004883461132765,4.166111469268799,0.3117903470993042,0.5014159679412842,7
26,9,-0.008458423960544475,0.771051287651062,1.3855257034301758,0.5028036075220669,5.960464477539063e-08,0.0,False,1.0303215980529785,0.8949259692402977,4.114269733428955,0.3148565888404846,0.5019125938415527,7
26,10,-0.01461851913509939,0.7737223505973816,1.3868610858917236,0.08213154629370521,8.940696716308594e-08,0.0,False,1.0375536680221558,0.9012076654010015,4.156333923339844,0.3117339015007019,0.50151526927948,7
26,11,0.05023826570762488,0.7861167788505554,1.3930583000183105,0.13557246276511187,8.940696716308594e-08,0.0,False,1.0290422439575195,0.8938147363921813,4.135089874267578,0.3142537474632263,0.5020723938941956,7
26,12,0.012480461430177881,0.7759382128715515,1.3879691362380981,0.4008948897735707,2.9802322387695312e-08,0.0,False,1.0116859674453735,0.8787392661609573,3.9970810413360596,0.32487255334854126,0.5003535747528076,7
26,13,0.07603813331076036,0.8061612844467163,1.403080701828003,0.5612971499458926,5.960464477539063e-08,0.0,False,0.9644704461097717,0.837728385408483,3.693089008331299,0.3551639914512634,0.5000044107437134,7
26,14,-0.0018992607150301495,0.8306940793991089,1.4153470993041992,0.2047836427024834,5.960464477539063e-08,0.0,False,0.8965319991111755,0.7787178001273493,3.340453863143921,0.3963835835456848,0.5000311136245728,7
26,15,0.0008457541514341679,0.8082075119018555,1.4041037559509277,0.550679710533962,0.0,0.0,False,0.9610804319381714,0.8347838565118834,3.674241304397583,0.3571966886520386,0.5009573101997375,7
26,16,-0.023158404930226667,0.7988943457603455,1.3994472026824951,0.08661057094761533,2.9802322387695312e-08,0.0,False,0.9803006649017334,0.8514783387458232,3.7857043743133545,0.3455642759799957,0.500007152557373,7
26,17,-0.007952478334360136,0.7915548086166382,1.3957774639129639,0.37926871036077414,5.960464477539063e-08,0.0,False,1.0416771173477173,0.9047892479779995,4.2024946212768555,0.309421569108963,0.5000000596046448,7
26,18,0.003524228360129924,0.7993069887161255,1.399653434753418,0.14264911115204149,5.960464477539063e-08,0.0,False,1.036906361579895,0.900645422169053,4.175233840942383,0.3120575547218323,0.5000981092453003,7
26,19,0.025438939641098023,0.791776180267334,1.395888090133667,0.13176139196589154,0.0,0.0,False,1.0364601612091064,0.9002578574513396,4.1787543296813965,0.3112393021583557,0.5012004375457764,7
26,20,-0.008986212724023859,0.8041962385177612,1.4020981788635254,0.17267750117899905,5.960464477539063e-08,0.0,False,1.023223638534546,0.8887607599370417,4.105198383331299,0.3179573714733124,0.5001405477523804,7
26,21,-0.02248608227825268,0.8123050928115845,1.406152606010437,0.19091299495836372,5.960464477539063e-08,0.0,False,1.0386738777160645,0.9021806671782796,4.224462032318115,0.30912473797798157,0.5001577138900757,7
26,22,0.02244915650086409,0.8218949437141418,1.410947561264038,0.23898395722190163,8.940696716308594e-08,0.0,False,1.015010118484497,0.8816265870675659,4.077402591705322,0.3214491307735443,0.5003887414932251,7
26,23,-0.04878261738902559,0.826667845249176,1.4133338928222656,0.9637577907175932,2.9802322387695312e-08,0.0,False,0.9649448394775391,0.8381404382522287,3.72290301322937,0.3537862300872803,0.5014694929122925,7
26,24,-0.01830596121218597,0.8082635998725891,1.4041318893432617,0.9445607993685999,8.940696716308594e-08,0.0,False,0.9888693690299988,0.8589210205857578,3.860882043838501,0.33922696113586426,0.5017479658126831,7
27,1,-0.023854788274111503,0.8082799911499023,1.4041401147842407,0.9883915356227331,1.1920928955078125e-07,0.0,False,1.1100575923919678,0.9641837739412816,5.707874774932861,0.22432509064674377,0.521050214767456,4
27,2,0.12631899832373458,0.7777251601219177,1.3888626098632812,1.1419310419781514,2.9802322387695312e-08,0.0,False,1.0594587326049805,0.9202341627491117,4.7902140617370605,0.2686914801597595,0.5118640065193176,4
27,3,0.0001596330481610439,0.7990890145301819,1.3995444774627686,0.42902299982468284,2.9802322387695312e-08,0.0,False,0.9748318791389465,0.8467282117868444,3.9665961265563965,0.32895147800445557,0.5085218548774719,6
27,4,-0.021616490284961817,0.8009201884269714,1.4004602432250977,1.567676861480899,1.4901161193847656e-07,0.0,False,1.1080846786499023,0.9624701228383814,5.593135356903076,0.2289668172597885,0.5193384885787964,1
27,5,0.012567493707890367,0.7875564098358154,1.3937783241271973,1.089986492254417,1.1920928955078125e-07,0.0,False,1.0858725309371948,0.9431768964726838,5.452090263366699,0.23417246341705322,0.5377148389816284,2
27,6,0.020546381436299842,0.782287061214447,1.391143560409546,0.2198466555850267,2.9802322387695312e-08,0.0,False,1.1041077375411987,0.959015795681653,5.525301933288574,0.2314794957637787,0.5067662000656128,1
27,7,0.02196297792285913,0.7680341005325317,1.3840171098709106,0.19624096453098913,5.960464477539063e-08,0.0,False,1.1023956537246704,0.9575286985735048,5.51350212097168,0.23122507333755493,0.5120092630386353,5
27,8,0.10473509114971324,0.7604420185089111,1.3802210092544556,0.28570269018041156,0.0,0.0,False,1.1124579906463623,0.966268733373789,5.580636978149414,0.2282511591911316,0.5000879764556885,1
27,9,-0.20363163750356134,0.7899600863456726,1.3949798345565796,2.154555487018709,2.086162567138672e-07,0.0,False,1.0465004444122314,0.9089787366350658,4.559467792510986,0.2840154767036438,0.5005901455879211,6
27,10,-0.00845610585675859,0.7422671914100647,1.3711336851119995,1.6903800068696326,8.940696716308594e-08,0.0,False,1.0829721689224243,0.9406576740356105,5.248304843902588,0.24189859628677368,0.5287426710128784,5
27,11,0.017735440254531186,0.784996509552002,1.392498254776001,1.3499121803383851,0.0,0.0,False,1.140247106552124,0.9904060527634735,6.115210056304932,0.20809754729270935,0.5010309219360352,1
27,12,0.05826998157190078,0.7729122638702393,1.3864561319351196,1.2816156452879004,0.0,0.0,False,1.118238091468811,0.971289265157857,5.633860111236572,0.22652575373649597,0.5000917911529541,1
27,13,0.05822340314193096,0.7999220490455627,1.3999611139297485,1.8853795830580997,8.940696716308594e-08,0.0,False,1.042978048324585,0.9059192222671808,4.6702375411987305,0.27716949582099915,0.5137118101119995,6
27,14,-0.055989461564430715,0.800103485584259,1.4000518321990967,0.4190447717380612,8.940696716308594e-08,0.0,False,1.0562139749526978,0.9174158020621123,4.830094337463379,0.2675958573818207,0.5114808082580566,6
27,15,-0.011451137375092776,0.7961319088935852,1.3980659246444702,1.479357728449369,2.9802322387695312e-08,0.0,False,1.0517325401306152,0.9135232772336332,4.589175701141357,0.28236740827560425,0.5038270354270935,1
27,16,-0.010896083629205034,0.7900151014328003,1.3950077295303345,1.1505343392103515,1.7881393432617188e-07,0.0,False,1.0986042022705078,0.954235485683611,5.244369029998779,0.24516108632087708,0.500124454498291,1
27,17,-0.028093860515304346,0.7783604264259338,1.3891801834106445,0.264461486197526,2.9802322387695312e-08,0.0,False,1.119353175163269,0.9722578145485837,5.718400955200195,0.22319404780864716,0.500923752784729,1
27,18,0.025652259589165366,0.7740575075149536,1.387028694152832,0.24834330069540222,5.960464477539063e-08,0.0,False,1.1024727821350098,0.9575956914595215,5.407128810882568,0.23662984371185303,0.5000280141830444,4
27,19,-0.014784749459193697,0.7846935391426086,1.392346739768982,0.3141050651718777,2.9802322387695312e-08,0.0,False,1.093461036682129,0.9497681888145157,5.391591548919678,0.2373809516429901,0.5174452066421509,1
27,20,-0.08280609166394022,0.7674455642700195,1.3837229013442993,0.17473384018262078,1.1920928955078125e-07,0.0,False,1.1108274459838867,0.9648524602749692,5.556515216827393,0.22958244383335114,0.5013449192047119,2
27,21,-0.012853887654901579,0.7946719527244568,1.3973360061645508,0.8511629435272718,2.9802322387695312e-08,0.0,False,1.0841624736785889,0.9416915596103814,5.241580486297607,0.24469679594039917,0.5302829146385193,2
27,22,0.010145512369324577,0.7943280935287476,1.397163987159729,0.5242368565652985,5.960464477539063e-08,0.0,False,1.061470627784729,0.9219816726985768,5.020308494567871,0.2555698752403259,0.5498359203338623,2
27,23,0.07688892489167018,0.7900773286819458,1.3950387239456177,0.2849003241141259,5.960464477539063e-08,0.0,False,1.080580234527588,0.9385800662181064,5.058650970458984,0.25458186864852905,0.5031555891036987,2
27,24,0.009064378166702365,0.7513047456741333,1.3756524324417114,0.5303943776378002,5.960464477539063e-08,0.0,False,1.1214253902435303,0.974057717697932,5.781102657318115,0.21946541965007782,0.5015844702720642,2
28,1,0.030729856035336133,0.8282398581504822,1.4141199588775635,1.3156470198716437,2.9802322387695312e-08,0.0,False,0.9801681041717529,0.8513631979587281,3.8943440914154053,0.337723046541214,0.5000017285346985,7
28,2,-0.014696875409082356,0.8103195428848267,1.4051597118377686,0.9938685527763329,5.960464477539063e-08,0.0,False,0.9932989478111267,0.862768503829357,4.037113189697266,0.3239697813987732,0.5008978843688965,7
28,3,0.061841792121110906,0.8094807863235474,1.404740333557129,0.48708938982302213,5.960464477539063e-08,0.0,False,0.9998315572738647,0.8684426563135492,4.005908489227295,0.3265238106250763,0.5016093254089355,7
28,4,-0.0010598240830964009,0.7965403199195862,1.3982701301574707,0.6090718907186059,2.9802322387695312e-08,0.0,False,0.9997250437736511,0.8683501398627672,3.9735047817230225,0.32840466499328613,0.5000103712081909,7
28,5,0.0459771053564122,0.787917971611023,1.3939590454101562,0.40629750762481504,5.960464477539063e-08,0.0,False,1.0440199375152588,0.9068241957197094,4.231867790222168,0.30692675709724426,0.5002908706665039,7
28,6,0.094014649450326,0.8159815073013306,1.4079906940460205,0.8359239085576692,5.960464477539063e-08,0.0,False,0.9197173714637756,0.7988563586745622,3.5760862827301025,0.3680605888366699,0.5002454519271851,7
28,7,0.01151800700816238,0.8303701281547546,1.4151849746704102,0.37450313278807035,8.940696716308594e-08,0.0,False,0.9302805662155151,0.8080314330584619,3.65974760055542,0.3604823052883148,0.5001278519630432,7
28,8,-0.011300116108538831,0.834479033946991,1.4172395467758179,0.40772795159857,2.9802322387695312e-08,0.0,False,1.0310542583465576,0.8955623498855196,4.214328289031982,0.31133851408958435,0.5011976361274719,7
28,9,-0.007419404472800482,0.8297354578971863,1.414867639541626,0.6732974319612055,8.940696716308594e-08,0.0,False,1.0430275201797485,0.9059621929745949,4.280621528625488,0.3059142231941223,0.5034504532814026,7
28,10,-0.020787236677899234,0.8274768590927124,1.413738489151001,0.14382442595542852,5.960464477539063e-08,0.0,False,1.0477887392044067,0.9100977352736787,4.317955493927002,0.30308520793914795,0.5004640817642212,7
28,11,0.056211305086427445,0.8115336894989014,1.4057669639587402,0.29180765633510447,1.1920928955078125e-07,0.0,False,1.024432897567749,0.8898111089876654,4.1592326164245605,0.3140784800052643,0.5024552345275879,7
28,12,-0.010247714224423875,0.8107204437255859,1.405360221862793,0.9928077801492162,0.0,0.0,False,1.0066556930541992,0.8743700253398647,4.0926384925842285,0.31942588090896606,0.5003215074539185,7
28,13,-0.020362790311117,0.8181999325752258,1.40910005569458,0.5749884135101341,8.940696716308594e-08,0.0,False,1.0436155796051025,0.9064729749015198,4.327705383300781,0.30177533626556396,0.5005788207054138,7
28,14,0.03867599950542688,0.8118350505828857,1.4059176445007324,0.658399144457746,1.1920928955078125e-07,0.0,False,1.0528113842010498,0.9144603492868808,4.50775671005249,0.28826314210891724,0.5180867910385132,7
28,15,0.022367207944972232,0.8102671504020691,1.405133605003357,0.8631345088101413,2.9802322387695312e-08,0.0,False,1.0806379318237305,0.9386301814527773,4.958152770996094,0.2611079216003418,0.502208948135376,7
28,16,0.010732565564067743,0.7961035370826721,1.3980517387390137,0.9297430471741365,2.9802322387695312e-08,0.0,False,1.0850894451141357,0.9424967167690613,5.297743320465088,0.2426137775182724,0.5085175037384033,1
28,17,-0.011433991547086186,0.7928102612495422,1.3964051008224487,0.372694598771614,2.9802322387695312e-08,0.0,False,1.0229071378707886,0.8884858509534647,4.312701225280762,0.3012409210205078,0.5002541542053223,2
28,18,0.03375832440428453,0.7965094447135925,1.398254632949829,0.4128622721811121,8.940696716308594e-08,0.0,False,1.0458149909973145,0.9083833593636654,4.64286470413208,0.2788143455982208,0.5092414021492004,2
28,19,-0.021831167707730744,0.7483569383621216,1.3741785287857056,0.7851322229048809,5.960464477539063e-08,0.0,False,1.095078945159912,0.9511734862627672,5.377822399139404,0.2365589141845703,0.5081193447113037,2
28,20,0.0016845637612793764,0.7580686211585999,1.379034399986267,0.95417964830107,8.940696716308594e-08,0.0,False,1.0391275882720947,0.90257475516001,4.2705583572387695,0.30192574858665466,0.504025936126709,2
28,21,-0.04772288662591837,0.7685369253158569,1.3842684030532837,0.05563240517976546,5.960464477539063e-08,0.0,False,1.0379726886749268,0.9015716221156054,4.245232105255127,0.30459797382354736,0.5007904767990112,2
28,22,0.044988208967976916,0.7964727878570557,1.3982362747192383,0.4605061401448923,1.1920928955078125e-07,0.0,False,1.0177888870239258,0.8840401947538864,4.1673150062561035,0.31245142221450806,0.5012485980987549,2
28,23,-0.015685929690131366,0.7877662181854248,1.3938831090927124,0.5550566843263762,0.0,0.0,False,1.0432658195495605,0.9061691771772957,4.3314127922058105,0.2994943857192993,0.5024064779281616,2
28,24,0.013543874951514729,0.7973176836967468,1.3986588716506958,0.5828346072195028,2.9802322387695312e-08,0.0,False,1.0185273885726929,0.8846816490488995,4.299183368682861,0.30246788263320923,0.5023730993270874,2
29,1,-0.01914430224059258,0.7773769497871399,1.388688564300537,1.0398913558040346,8.940696716308594e-08,0.0,False,1.048299789428711,0.91054162785846,4.660844802856445,0.27576112747192383,0.5399843454360962,2
29,2,0.03902979302688555,0.7521072626113892,1.3760536909103394,0.30101529983730374,5.960464477539063e-08,0.0,False,1.0454106330871582,0.9080321385454758,4.432260036468506,0.28957200050354004,0.5235592126846313,2
29,3,-0.05422467093799734,0.7997943162918091,1.3998970985412598,2.4548614977148224,5.960464477539063e-08,0.0,False,0.9401504993438721,0.8166043480472609,3.766786813735962,0.34737449884414673,0.5023702383041382,6
29,4,0.08739992273163817,0.7947116494178772,1.3973557949066162,1.9916372509499691,2.9802322387695312e-08,0.0,False,1.0703749656677246,0.9297158823137509,5.230515480041504,0.24498476088047028,0.5398322939872742,7
29,5,0.024542148207770075,0.7681006789207458,1.3840503692626953,1.393783919184622,2.9802322387695312e-08,0.0,False,1.0354866981506348,0.8994123181820778,4.482056617736816,0.2878084182739258,0.5000372529029846,7
29,6,0.05803015742025295,0.769322395324707,1.3846611976623535,0.49680822383534884,0.0,0.0,False,1.01016366481781,0.877417010899082,4.313009738922119,0.2996729612350464,0.5002539157867432,7
29,7,-0.030512705006799434,0.8111903071403503,1.405595064163208,1.2111601260009281,8.940696716308594e-08,0.0,False,1.0323643684387207,0.8967002970529441,4.466071605682373,0.29146313667297363,0.5036399364471436,6
29,8,-0.020436378851633033,0.821530282497406,1.4107651710510254,1.2598575659045932,2.9802322387695312e-08,0.0,False,1.098235845565796,0.9539155351151541,5.426268577575684,0.2377949059009552,0.5044485926628113,1
29,9,0.036057191163641686,0.8226572275161743,1.4113285541534424,1.103346064491004,5.960464477539063e-08,0.0,False,1.09185791015625,0.9483757308065518,5.134521484375,0.2523178458213806,0.5001852512359619,2
29,10,-0.02374242581618688,0.8251412510871887,1.4125704765319824,1.9388550859601574,1.4901161193847656e-07,0.0,False,1.094987392425537,0.9510939645680827,5.419799327850342,0.2380187213420868,0.5126124620437622,1
29,11,0.049024295895590465,0.7958076596260071,1.3979039192199707,1.6226341083679368,8.940696716308594e-08,0.0,False,1.1223376989364624,0.9748501389601977,5.809301376342773,0.22008340060710907,0.5056272745132446,1
29,12,0.037093548428158894,0.7907069325447083,1.3953535556793213,0.44475634166742295,8.940696716308594e-08,0.0,False,1.0933024883270264,0.949630475463044,5.457134246826172,0.23500682413578033,0.5036839246749878,2
29,13,0.048722881156818255,0.7954357266426086,1.397717833518982,0.29215543526678656,2.9802322387695312e-08,0.0,False,1.04816734790802,0.9104265906152382,4.83812952041626,0.2671835124492645,0.5002555847167969,3
29,14,0.004495477516225957,0.7901672124862671,1.3950836658477783,2.0146048535335357,5.960464477539063e-08,0.0,False,1.038607120513916,0.9021226826092389,4.493007183074951,0.2876126766204834,0.5306592583656311,7
29,15,0.05202189429841016,0.754618763923645,1.3773093223571777,1.401230177680112,5.960464477539063e-08,0.0,False,1.024513840675354,0.8898814152776272,4.289158821105957,0.30033183097839355,0.503914475440979,7
29,16,0.015438236820587717,0.7834168076515198,1.391708493232727,0.8008380061544483,8.940696716308594e-08,0.0,False,1.0983002185821533,0.9539714488067291,5.377416133880615,0.2382110059261322,0.5090093016624451,3
29,17,0.03442772219311216,0.786192774772644,1.3930963277816772,0.46880175599488166,5.960464477539063e-08,0.0,False,1.1149697303771973,0.9684504027839467,5.885000228881836,0.21604052186012268,0.5296856164932251,7
29,18,0.013973332687558189,0.7874534726142883,1.3937268257141113,1.799853394445831,8.940696716308594e-08,0.0,False,1.026389241218567,0.8915103674921786,4.497823715209961,0.28795579075813293,0.5000196099281311,7
29,19,-0.024762671718694895,0.8115671277046204,1.4057835340499878,1.563240531770658,2.9802322387695312e-08,0.0,False,1.0974483489990234,0.95323152428822,5.327807903289795,0.24211525917053223,0.5003892779350281,6
29,20,0.001293558039431061,0.8134840726852417,1.406741976737976,0.9525254973456729,5.960464477539063e-08,0.0,False,0.9933871030807495,0.8628450745236528,4.195842742919922,0.31139320135116577,0.500725507736206,1
29,21,-0.0158069821132409,0.8388108611106873,1.4194053411483765,0.6209665830027014,8.940696716308594e-08,0.0,False,1.0023136138916016,0.8705985432992582,4.240044593811035,0.3096759021282196,0.5000327825546265,2
29,22,0.009924202290324263,0.8237740397453308,1.4118869304656982,0.35745973469368664,8.940696716308594e-08,0.0,False,0.9684263467788696,0.8411644370715763,4.031164169311523,0.32525911927223206,0.5064359903335571,2
29,23,-0.09074530854906546,0.7797889709472656,1.3898944854736328,0.7970512980920679,0.0,0.0,False,1.0500752925872803,0.912083810307197,4.430510997772217,0.2918033003807068,0.5093587040901184,2
29,24,0.004046968175188237,0.770004391670227,1.3850022554397583,1.71432054271221,5.960464477539063e-08,0.0,False,1.0513978004455566,0.9132325260374432,4.794740200042725,0.26829859614372253,0.5001382231712341,2
30,1,0.013553563555544913,0.8096449375152588,1.4048223495483398,1.3898009359836578,1.1920928955078125e-07,0.0,False,0.9554913640022278,0.8299292537847579,3.6930837631225586,0.3553461730480194,0.5034721493721008,7
30,2,0.02661653711631139,0.7860900163650513,1.3930449485778809,0.10012743158264908,5.960464477539063e-08,0.0,False,0.9115538001060486,0.7917655706879936,3.4513230323791504,0.3792126774787903,0.5013790130615234,7
30,3,-0.01491709270553698,0.7788407802581787,1.389420509338379,0.6143298043380099,1.1920928955078125e-07,0.0,False,0.9834458231925964,0.8542101885266914,3.9986624717712402,0.3249511122703552,0.5003794431686401,7
30,4,0.04991988708418884,0.8082695007324219,1.404134750366211,1.243832505352573,0.0,0.0,False,0.9239169359207153,0.8025040540146541,3.472174882888794,0.378836989402771,0.5001158714294434,7
30,5,-0.010162349466272837,0.784207284450531,1.392103672027588,0.3931323576995078,2.9802322387695312e-08,0.0,False,1.0079138278961182,0.875462827378536,4.023155212402344,0.3231979012489319,0.5034856200218201,7
30,6,0.022514894920351,0.7869309186935425,1.393465518951416,0.42703449453693876,5.960464477539063e-08,0.0,False,0.999377965927124,0.868048671875692,3.927597999572754,0.33166468143463135,0.5008603930473328,7
30,7,-0.004757545685061124,0.8034529685974121,1.401726484298706,0.7244994170185434,0.0,0.0,False,0.8975553512573242,0.7796066725075818,3.3236913681030273,0.39593061804771423,0.5006824135780334,7
30,8,-0.016260327043106444,0.7818969488143921,1.3909485340118408,0.6213547020490784,5.960464477539063e-08,0.0,False,1.0021952390670776,0.8704957242330843,3.9489145278930664,0.32945001125335693,0.5000063180923462,7
30,9,0.024053409541906875,0.8009099960327148,1.4004549980163574,0.5246402507699677,0.0,0.0,False,0.9760210514068604,0.8477611136948191,3.818650007247925,0.3426182270050049,0.500030517578125,7
30,10,0.001918419091763247,0.8178361654281616,1.408918023109436,0.2163862285958083,5.960464477539063e-08,0.0,False,0.9149428606033325,0.794709271233607,3.440361976623535,0.3833080530166626,0.5003271102905273,7
30,11,0.04425002122555303,0.8024682998657227,1.4012341499328613,0.6649060935126682,0.0,0.0,False,1.0163177251815796,0.8827623598136513,4.130353927612305,0.31581321358680725,0.5002517104148865,7
30,12,0.014787352741725976,0.8117475509643555,1.4058737754821777,0.7313584743434066,0.0,0.0,False,0.904133141040802,0.7853200681197497,3.381087303161621,0.38973963260650635,0.5000611543655396,7
30,13,0.034576277126584246,0.8138441443443298,1.4069221019744873,0.6725303338273886,2.9802322387695312e-08,0.0,False,1.0085123777389526,0.8759827211663102,4.053812026977539,0.3228369951248169,0.5004715323448181,7
30,14,0.022183727405658108,0.8074146509170532,1.4037072658538818,0.2786875670087075,5.960464477539063e-08,0.0,False,1.0242637395858765,0.889664180231471,4.225372314453125,0.3087300956249237,0.500150203704834,7
30,15,0.02592555805512633,0.822441577911377,1.4112207889556885,0.5846551535754916,0.0,0.0,False,0.9207744598388672,0.7997745339709349,3.5093202590942383,0.37589266896247864,0.5001155138015747,7
30,16,0.017482651964243975,0.825294554233551,1.4126472473144531,0.3742050843327624,2.9802322387695312e-08,0.0,False,0.8838368654251099,0.7676909471135844,3.2877728939056396,0.40247124433517456,0.5000042915344238,7
30,17,0.011012740085921803,0.8255411982536316,1.4127705097198486,0.6752032630286109,8.940696716308594e-08,0.0,False,1.0048612356185913,0.8728113794152752,4.047881603240967,0.3241647481918335,0.5000512599945068,7
30,18,-0.008420968797933345,0.8138784170150757,1.4069392681121826,0.18809806706541035,5.960464477539063e-08,0.0,False,1.014374017715454,0.8810740769597063,4.19422721862793,0.3115379214286804,0.5009774565696716,7
30,19,0.005941986094064405,0.8256230354309082,1.412811517715454,0.35396059561451215,0.0,0.0,False,1.022334098815918,0.887988115554574,4.202543258666992,0.3116588890552521,0.5015145540237427,7
30,20,0.02467349434074779,0.8309577107429504,1.415479063987732,0.25098216804571544,2.086162567138672e-07,0.0,False,0.9917284250259399,0.8614043650707371,4.0926384925842285,0.3206954002380371,0.5046815872192383,7
30,21,-0.0023938410856766583,0.8356252312660217,1.4178125858306885,1.3684676164662917,2.9802322387695312e-08,0.0,False,0.8667341470718384,0.7528357147008419,3.2098255157470703,0.41358280181884766,0.500202476978302,7
30,22,-0.010046341418851688,0.8114883303642273,1.4057440757751465,0.5436025047354918,8.940696716308594e-08,0.0,False,0.9569116234779358,0.8311628754910995,3.6948766708374023,0.3553832173347473,0.5010490417480469,7
30,23,-0.01526455823670105,0.8077904582023621,1.403895378112793,0.3953704466293396,1.4901161193847656e-07,0.0,False,1.0131022930145264,0.8799694709194804,4.133626461029053,0.31581488251686096,0.5039229989051819,7
30,24,0.015611772747613504,0.8068564534187317,1.4034281969070435,0.1821368255682021,2.9802322387695312e-08,0.0,False,1.003955364227295,0.8720245495221671,4.0710015296936035,0.32071101665496826,0.5080199837684631,7
31,1,-0.033222449243828965,0.7785118222236633,1.3892560005187988,1.0472225270101003,8.940696716308594e-08,0.0,False,1.0328514575958252,0.8971233773191949,4.562361717224121,0.28171300888061523,0.554140031337738,2
31,2,0.023762101234662623,0.8168385624885559,1.4084194898605347,0.8864015534676487,2.086162567138672e-07,0.0,False,0.9970715641975403,0.8660453567872713,4.169313907623291,0.3136296272277832,0.5029003620147705,2
31,3,0.021038363806746604,0.7892575263977051,1.3946287631988525,1.2810052186556238,0.0,0.0,False,0.9729695916175842,0.8451106493983546,4.168271064758301,0.3117864727973938,0.5047799348831177,7
31,4,-0.02271033077456686,0.7788852453231812,1.3894426822662354,0.30080420978924327,5.960464477539063e-08,0.0,False,0.9927887320518494,0.8623253360516885,4.125607013702393,0.31427067518234253,0.5107643604278564,7
31,5,-0.01350949169513869,0.7845332622528076,1.3922667503356934,1.300675565840204,1.1920928955078125e-07,0.0,False,1.0473170280456543,0.9096880121670818,4.5715508460998535,0.2828524112701416,0.5024466514587402,7
31,6,0.024035918830046916,0.8084185719490051,1.4042093753814697,0.06114317711576607,8.940696716308594e-08,0.0,False,1.0506540536880493,0.9125865158120056,4.63395881652832,0.28032511472702026,0.5000783205032349,7
31,7,0.0389967654393299,0.8119502663612366,1.405975103378296,0.4794257810861962,2.9802322387695312e-08,0.0,False,0.993646502494812,0.8630703859919253,4.151924133300781,0.3140535354614258,0.5246281623840332,7
31,8,-0.0036029120914190297,0.8091295957565308,1.4045648574829102,0.3362003449023086,5.960464477539063e-08,0.0,False,1.0510863065719604,0.9129619658965442,4.6945600509643555,0.2765543758869171,0.5004355311393738,7
31,9,0.03914384881525858,0.7893601655960083,1.394680142402649,0.37049054972191076,5.960464477539063e-08,0.0,False,1.0145965814590454,0.8812673933711332,4.308243751525879,0.30123311281204224,0.5042254328727722,2
31,10,0.0052098838416416195,0.7637262344360352,1.3818631172180176,0.4985535980260059,0.0,0.0,False,1.0684678554534912,0.9280593874289051,4.9005584716796875,0.26179957389831543,0.5031906366348267,2
31,11,-0.009924676881928489,0.7748447060585022,1.3874224424362183,1.1850302249783853,8.940696716308594e-08,0.0,False,1.0167497396469116,0.8831376028104434,4.53096866607666,0.2846944332122803,0.5107840299606323,7
31,12,-0.006577773265731673,0.7667995095252991,1.3833997249603271,1.162587075536057,2.9802322387695312e-08,0.0,False,1.025761604309082,0.8909652089993224,4.274353981018066,0.3023030161857605,0.5013427734375,2
31,13,0.08914656248391448,0.7471370697021484,1.3735685348510742,0.6418227162424099,0.0,0.0,False,1.0185260772705078,0.8846805100662933,4.3663225173950195,0.2943519353866577,0.5021320581436157,2
31,14,0.01950882524589331,0.780925452709198,1.3904625177383423,1.1518640138808882,2.086162567138672e-07,0.0,False,1.035663366317749,0.8995657702022891,4.43048620223999,0.29190561175346375,0.5082594156265259,2
31,15,0.025523479766302516,0.8015128374099731,1.4007564783096313,1.1470836164274674,5.960464477539063e-08,0.0,False,1.0228471755981445,0.8884337683852014,4.482993125915527,0.28885674476623535,0.5345914363861084,7
31,16,0.03767685574517315,0.8099804520606995,1.404990315437317,1.2033565226955323,8.940696716308594e-08,0.0,False,1.0302939414978027,0.894901947061695,4.680705547332764,0.27724382281303406,0.508185863494873,1
31,17,0.006105832119070204,0.7869899272918701,1.3934950828552246,1.2269635622356254,1.1920928955078125e-07,0.0,False,1.0782221555709839,0.9365318648606158,4.893960475921631,0.263496071100235,0.5011752247810364,7
31,18,0.02527877747163044,0.7740816473960876,1.3870407342910767,1.288603906693627,8.940696716308594e-08,0.0,False,1.0428225994110107,0.9057842010564146,4.765444755554199,0.27026015520095825,0.5001839399337769,2
31,19,0.001188592827505339,0.7665217518806458,1.38326096534729,1.0682995367240087,8.940696716308594e-08,0.0,False,1.0277099609375,0.8926575300643256,4.392771244049072,0.2937772274017334,0.5016831159591675,7
31,20,-0.011586226723302489,0.793321430683136,1.3966608047485352,0.4033889205280266,8.940696716308594e-08,0.0,False,1.0023514032363892,0.8706313667070903,4.1307220458984375,0.31503793597221375,0.5043712854385376,2
31,21,0.02978041454459559,0.7928830981254578,1.3964415788650513,1.1514110752167344,2.9802322387695312e-08,0.0,False,1.0235328674316406,0.8890293527443482,4.475486755371094,0.28977853059768677,0.500698447227478,2
31,22,-0.029254985019267928,0.7923247218132019,1.3961622714996338,0.7993955207419111,8.940696716308594e-08,0.0,False,1.033483624458313,0.8976724704792359,4.579507350921631,0.28286421298980713,0.5002422332763672,7
31,23,0.015579252626189049,0.8158213496208191,1.4079108238220215,0.5481030025320068,1.4901161193847656e-07,0.0,False,1.027672290802002,0.8926248102003669,4.380593299865723,0.29778242111206055,0.5014840364456177,7
31,24,0.01474854490262693,0.8052151203155518,1.4026075601577759,0.5663469586624889,0.0,0.0,False,0.9584884643554688,0.8325325020750036,3.738220453262329,0.3504824638366699,0.5053042769432068,2
32,1,-0.028743518174738213,0.7626674175262451,1.381333827972412,1.2953281509024757,1.1920928955078125e-07,0.0,False,0.9811611771583557,0.8522257701951457,3.782444477081299,0.3430096209049225,0.5000048875808716,7
32,2,-0.0011966583099041108,0.7700451612472534,1.3850226402282715,0.36968219269383606,5.960464477539063e-08,0.0,False,1.0185542106628418,0.8847049464203891,4.064802646636963,0.3186573088169098,0.5064460039138794,7
32,3,-0.04278850072666594,0.769993245601654,1.3849966526031494,0.40979712047625144,2.9802322387695312e-08,0.0,False,1.0158030986785889,0.8823153609126712,4.0311360359191895,0.3215918242931366,0.50004643201828,7
32,4,0.016912209498371304,0.8125549554824829,1.4062774181365967,0.29222457370309257,5.960464477539063e-08,0.0,False,1.0392630100250244,0.9026923810000641,4.2362284660339355,0.3080734610557556,0.5061078071594238,7
32,5,-0.038638885769744655,0.8188060522079468,1.4094030857086182,1.0152279330400065,5.960464477539063e-08,0.0,False,0.9896752238273621,0.8596209771691781,3.9784228801727295,0.3295971155166626,0.5000001788139343,7
32,6,0.00436580200752559,0.80367112159729,1.401835560798645,0.16484872473240264,0.0,0.0,False,1.0155340433120728,0.8820816623906623,4.09367561340332,0.31885552406311035,0.5001266598701477,7
32,7,0.02500817231612064,0.7802364230155945,1.39011812210083,0.5861822656652237,8.940696716308594e-08,0.0,False,1.0361230373382568,0.8999650353776839,4.171054363250732,0.3110712766647339,0.5002480149269104,7
32,8,0.026103887760101703,0.8084957003593445,1.404247760772705,0.4839041812783058,8.940696716308594e-08,0.0,False,0.9568017721176147,0.8310674598118655,3.7687432765960693,0.3479234576225281,0.5003931522369385,7
32,9,0.045879960253368664,0.8017324805259705,1.4008662700653076,0.09643030775205202,2.9802322387695312e-08,0.0,False,0.9733189940452576,0.8454141364909589,3.8227012157440186,0.34228506684303284,0.5007001757621765,7
32,10,-0.005991028053913137,0.8084709644317627,1.404235601425171,0.07761802788625025,1.1920928955078125e-07,0.0,False,0.9442873001098633,0.8201975275380672,3.703152894973755,0.35432782769203186,0.5006327629089355,7
32,11,0.03371162048693177,0.7895982265472412,1.3947991132736206,0.36884810119992895,0.0,0.0,False,1.0352505445480347,0.8992071977690962,4.18287992477417,0.3108023703098297,0.5000161528587341,7
32,12,-0.0030852688060191017,0.8206721544265747,1.4103360176086426,0.3318951659439935,5.960464477539063e-08,0.0,False,0.9646361470222473,0.837872311392352,3.8795700073242188,0.3384982943534851,0.5001423358917236,7
32,13,-0.008878603315012131,0.8176760673522949,1.4088380336761475,0.5553863342767883,0.0,0.0,False,0.9977931976318359,0.8666721596242144,3.9720184803009033,0.33006995916366577,0.5000087022781372,7
32,14,-0.016796380594700074,0.8107015490531921,1.405350685119629,0.3582124661212845,8.940696716308594e-08,0.0,False,0.9993202686309814,0.8679985566410211,4.065796375274658,0.32163286209106445,0.5001184940338135,7
32,15,0.0025210822976336716,0.8051939010620117,1.4025969505310059,0.20836113459988442,0.0,0.0,False,1.007509469985962,0.8751116065603465,4.094123363494873,0.3189171850681305,0.5004189014434814,7
32,16,0.024768510811842937,0.7944359183311462,1.3972179889678955,0.6256571927411632,2.9802322387695312e-08,0.0,False,1.0392191410064697,0.9026542768546945,4.342394828796387,0.29914408922195435,0.5020184516906738,7
32,17,-0.03343360652674155,0.7890223860740662,1.3945112228393555,0.5304089884675827,2.9802322387695312e-08,0.0,False,1.0469579696655273,0.9093761380207414,4.3444037437438965,0.29868268966674805,0.5008119940757751,7
32,18,-0.034839786597476205,0.7791408896446228,1.3895704746246338,0.23918820754710707,2.9802322387695312e-08,0.0,False,1.0191810131072998,0.8852493801061323,4.08836030960083,0.31756138801574707,0.5000059604644775,7
32,19,-0.03201216416313869,0.7921253442764282,1.3960626125335693,0.4086432194000058,5.960464477539063e-08,0.0,False,1.0152945518493652,0.8818736427492287,4.078607082366943,0.31925779581069946,0.5006309747695923,7
32,20,0.03416910643981637,0.7964518666267395,1.3982259035110474,0.5431067367000626,2.9802322387695312e-08,0.0,False,0.9787429571151733,0.8501253309535818,3.808993339538574,0.3431427478790283,0.5012634992599487,7
32,21,0.02191240627805318,0.8026342391967773,1.4013171195983887,0.22373555534636025,0.0,0.0,False,1.0179145336151123,0.8841493299963309,4.118910789489746,0.31667736172676086,0.5025281310081482,7
32,22,-0.0325787225756054,0.7942069172859192,1.3971035480499268,0.09561903242829682,8.940696716308594e-08,0.0,False,1.0322074890136719,0.8965640333156983,4.190367221832275,0.3105020225048065,0.5012766718864441,7
32,23,0.018660095581381514,0.7969316840171814,1.398465871810913,0.49901148919306626,2.9802322387695312e-08,0.0,False,1.0286729335784912,0.8934939574727381,4.181728363037109,0.3111857771873474,0.5074900388717651,7
32,24,0.02218035046606155,0.7848676443099976,1.3924338817596436,0.4531062528724033,5.960464477539063e-08,0.0,False,1.024153232574463,0.889568195060934,4.125948905944824,0.31494858860969543,0.5000000596046448,7
33,1,0.047920871211270005,0.7942101955413818,1.397105097770691,1.1977316055979048,0.0,0.0,False,1.0154674053192139,0.8820237813654949,4.286861419677734,0.3030162751674652,0.5080937743186951,2
33,2,0.01824031916369904,0.810492753982544,1.405246376991272,0.46386019718646265,0.0,0.0,False,1.0142384767532349,0.880956347575779,4.2899603843688965,0.30324289202690125,0.5292841792106628,2
33,3,0.002085689490581193,0.8085305690765381,1.404265284538269,0.15772248080641144,0.0,0.0,False,1.0158276557922363,0.8823366909505683,4.342198848724365,0.29937735199928284,0.5262612700462341,2
33,4,0.010824783410562705,0.81094890832901,1.4054744243621826,0.7188915596853807,2.9802322387695312e-08,0.0,False,0.969028651714325,0.8416875924913589,3.857257843017578,0.33929306268692017,0.5182482004165649,2
33,5,-0.0019389590384307027,0.7981456518173218,1.3990727663040161,0.9389765414912846,5.960464477539063e-08,0.0,False,1.0399057865142822,0.9032506895648277,4.492308616638184,0.288604199886322,0.5137423872947693,2
33,6,-0.049000136607974,0.7720720171928406,1.3860360383987427,0.19468484878043313,2.9802322387695312e-08,0.0,False,1.0269445180892944,0.8919926748539496,4.385679244995117,0.29465410113334656,0.5008484125137329,2
33,7,-0.022806957830390863,0.80235755443573,1.4011789560317993,0.9121177073130549,1.7881393432617188e-07,0.0,False,0.9609628915786743,0.8346817622528223,3.931953191757202,0.33198282122612,0.5168219804763794,2
33,8,0.005610798270920368,0.7468353509902954,1.373417615890503,1.0568745073191366,5.960464477539063e-08,0.0,False,1.0224443674087524,0.8880838936373645,4.431306838989258,0.2898766100406647,0.5003871321678162,2
33,9,-0.0334384692785888,0.767636239528656,1.3838181495666504,0.482106184793765,2.9802322387695312e-08,0.0,False,0.9794384241104126,0.8507294059103382,3.844170331954956,0.3376830816268921,0.5000406503677368,2
33,10,0.02323916593901699,0.7787652611732483,1.3893824815750122,0.7744275291942117,1.4901161193847656e-07,0.0,False,0.9947946667671204,0.8640676688074893,4.039922714233398,0.321489542722702,0.5004397630691528,2
33,11,0.0007551536784967299,0.7562236785888672,1.3781118392944336,0.21577589000352196,0.0,0.0,False,1.0257604122161865,0.8909641735605895,4.195596218109131,0.30752190947532654,0.5000313520431519,2
33,12,0.026701293462451075,0.7748466730117798,1.3874232769012451,0.14848401707505843,5.960464477539063e-08,0.0,False,1.0165398120880127,0.882955262049585,4.200305461883545,0.30843567848205566,0.5005267858505249,2
33,13,0.012044679293117283,0.8038573265075684,1.4019286632537842,0.32979732711639986,0.0,0.0,False,0.9786638021469116,0.8500565778217192,3.9910330772399902,0.3268149197101593,0.5220721960067749,2
33,14,0.019714098004467547,0.8109479546546936,1.4054739475250244,0.2415872477517375,2.9802322387695312e-08,0.0,False,0.9776046872138977,0.8491366422795006,3.8550398349761963,0.3398081958293915,0.5072852373123169,2
33,15,0.021221493978175965,0.8087575435638428,1.404378890991211,0.14464775368092747,1.1920928955078125e-07,0.0,False,0.9880125522613525,0.8581767989965073,3.9040958881378174,0.3353744447231293,0.5009520053863525,2
33,16,0.014504517559906543,0.8004531264305115,1.4002265930175781,0.9669939607327899,2.9802322387695312e-08,0.0,False,0.9290697574615479,0.8069797379374856,3.5957882404327393,0.3642404079437256,0.5157507061958313,2
33,17,-0.004454596518734278,0.8140662908554077,1.4070332050323486,0.5111127829385896,5.960464477539063e-08,0.0,False,0.9365571737289429,0.8134832250747702,3.698249578475952,0.35459452867507935,0.5240480303764343,7
33,18,0.018069113196684222,0.8067826628684998,1.4033913612365723,0.1649805402032176,2.9802322387695312e-08,0.0,False,0.9377334117889404,0.8145048924724932,3.6037023067474365,0.36425456404685974,0.5042473077774048,2
33,19,0.01590406084067582,0.8129804730415344,1.4064902067184448,0.12860804534214262,2.9802322387695312e-08,0.0,False,0.9459237456321716,0.8216189260586148,3.658051013946533,0.35911375284194946,0.5049636363983154,7
33,20,0.015249927331759443,0.8049218058586121,1.4024609327316284,0.2662930938529569,2.9802322387695312e-08,0.0,False,0.9559060335159302,0.8302894311479868,3.7581727504730225,0.34864020347595215,0.5011445879936218,2
33,21,0.009050575885628482,0.8084086775779724,1.4042043685913086,0.08153337492038466,2.9802322387695312e-08,0.0,False,0.9412720799446106,0.8175785405790819,3.62817645072937,0.3618425726890564,0.503982663154602,2
33,22,0.008343432034521647,0.8005840182304382,1.4002920389175415,0.8271847721780958,2.9802322387695312e-08,0.0,False,0.9598556756973267,0.8337200467577325,4.058708667755127,0.32150375843048096,0.5001606941223145,7
33,23,0.011874043050223732,0.8034689426422119,1.401734471321106,1.3150518353235356,0.0,0.0,False,1.028519630432129,0.893360800051691,4.286849498748779,0.30354994535446167,0.5106106400489807,2
33,24,0.020904620145791197,0.8060077428817749,1.4030039310455322,0.576739853815424,5.960464477539063e-08,0.0,False,1.005637526512146,0.8734856571181203,4.160155296325684,0.3128677308559418,0.5295712351799011,2
34,1,-0.04341364317543017,0.8266698122024536,1.4133349657058716,1.146102426307542,5.960464477539063e-08,0.0,False,1.06803297996521,0.9276816593791541,4.898682594299316,0.2653059959411621,0.5026321411132812,2
34,2,0.025239788825080028,0.7928511500358582,1.3964256048202515,0.47961624857045193,2.9802322387695312e-08,0.0,False,1.0280710458755493,0.8929711644565119,4.245633602142334,0.3061855733394623,0.5014628171920776,2
34,3,-0.02007639754807592,0.8289602994918823,1.4144800901412964,0.200210407114987,5.960464477539063e-08,0.0,False,1.043235421180725,0.9061427734896075,4.452287197113037,0.2934003472328186,0.5068062543869019,2
34,4,0.0030149105862724204,0.7913699150085449,1.395685076713562,0.7624317662588826,1.1920928955078125e-07,0.0,False,1.053086280822754,0.9146991214586806,4.479959487915039,0.2893363833427429,0.5023732781410217,2
34,5,-0.0020332035545265366,0.8390875458717346,1.419543743133545,0.9421182475730843,2.9802322387695312e-08,0.0,False,0.9809942245483398,0.8520807570006071,3.9016060829162598,0.33784914016723633,0.5004598498344421,2
34,6,0.014640920430533073,0.8190522789955139,1.4095261096954346,0.25091980959050336,2.9802322387695312e-08,0.0,False,0.9816606640815735,0.8526596190242183,3.9586331844329834,0.33132368326187134,0.5003845691680908,2
34,7,0.04558807758745891,0.8407949805259705,1.4203975200653076,0.2642955818013966,2.9802322387695312e-08,0.0,False,0.9711043238639832,0.8434904984130326,3.8079380989074707,0.346647709608078,0.5008262395858765,2
34,8,-0.0001639738882856295,0.8433860540390015,1.4216930866241455,0.15725321388536373,5.960464477539063e-08,0.0,False,1.0140128135681152,0.8807603390236467,4.164034843444824,0.3158341646194458,0.5024547576904297,2
34,9,0.008088825013196979,0.8222925662994385,1.4111464023590088,0.30425115561825794,1.1920928955078125e-07,0.0,False,1.0113688707351685,0.8784638394580138,4.40552282333374,0.295902281999588,0.5192167162895203,2
34,10,0.041450815165983104,0.8181264996528625,1.4090633392333984,0.2027789133767282,8.940696716308594e-08,0.0,False,1.0036911964416504,0.8717950962989631,4.197863578796387,0.31109243631362915,0.5164808630943298,2
34,11,-0.10862928561314925,0.815014123916626,1.4075069427490234,0.33301443117243545,1.1920928955078125e-07,0.0,False,1.0249375104904175,0.8902494102032893,4.651827812194824,0.2773451805114746,0.5778818726539612,2
34,12,0.007457326494446177,0.7800449728965759,1.3900226354599,0.9296860609846942,1.4901161193847656e-07,0.0,False,1.0624284744262695,0.9228136477204381,4.855779647827148,0.2650488018989563,0.5103031396865845,2
34,13,-0.012863727658761339,0.7980037331581116,1.399001955986023,0.7656676514084879,8.940696716308594e-08,0.0,False,0.9726958274841309,0.8448728608933509,3.9093692302703857,0.33400851488113403,0.5043321847915649,2
34,14,0.07555152405041751,0.8245176672935486,1.4122588634490967,0.73180041821781,2.9802322387695312e-08,0.0,False,1.0058929920196533,0.8737075516385744,4.036523342132568,0.32504770159721375,0.5000001192092896,2
34,15,0.08684906929206583,0.7880305647850037,1.3940153121948242,2.446034171202196,2.9802322387695312e-08,0.0,False,0.9747635722160339,0.846668881147451,3.929018974304199,0.33139070868492126,0.5093985795974731,6
34,16,0.011047755671357788,0.7997099757194519,1.3998548984527588,0.48087569014440035,8.940696716308594e-08,0.0,False,0.9610294103622437,0.8347395397341165,4.022069454193115,0.3239460289478302,0.5199866890907288,6
34,17,-0.004245108639541393,0.8050801157951355,1.4025400876998901,2.185581296581114,2.9802322387695312e-08,0.0,False,0.9646807312965393,0.8379110368009614,3.78128719329834,0.3464665412902832,0.5000334978103638,2
34,18,-0.08112031647019673,0.8428265452384949,1.4214134216308594,0.9723727018442886,1.4901161193847656e-07,0.0,False,1.0146492719650269,0.8813131597631261,4.154531955718994,0.31662845611572266,0.5000061988830566,2
34,19,0.03343214489596836,0.8133581280708313,1.4066792726516724,0.9812232710628068,2.086162567138672e-07,0.0,False,0.9926269054412842,0.8621847752437014,4.017236232757568,0.3258248567581177,0.502122163772583,2
34,20,-0.0023218579201895228,0.7820402383804321,1.3910200595855713,1.4261286071923025,5.960464477539063e-08,0.0,False,1.0768074989318848,0.9353031097163187,5.099180698394775,0.2520771324634552,0.50179123878479,6
34,21,0.03916887442500701,0.8008899688720703,1.4004449844360352,1.7814541002900497,0.0,0.0,False,1.058969259262085,0.9198090116053952,4.648307800292969,0.2789331376552582,0.5017364621162415,2
34,22,0.0873037058837072,0.7943798303604126,1.397189974784851,1.8834118624492826,5.960464477539063e-08,0.0,False,1.0688323974609375,0.9283760245934168,5.159330368041992,0.24962592124938965,0.5007798075675964,7
34,23,-0.0044284365109780325,0.7963917851448059,1.3981958627700806,0.825047980940973,2.9802322387695312e-08,0.0,False,0.9749655723571777,0.8468443362407359,4.006868362426758,0.325459361076355,0.503101110458374,6
34,24,0.0048465154838688625,0.8106970191001892,1.4053484201431274,2.056161390809431,8.940696716308594e-08,0.0,False,1.0324280261993408,0.8967555894812793,4.651654243469238,0.2793335020542145,0.5001835227012634,1
35,1,0.006906556197984529,0.7859084606170654,1.3929543495178223,1.2694924516337258,1.1920928955078125e-07,0.0,False,0.9954339265823364,0.8646229228279909,3.936033248901367,0.33084794878959656,0.5008881092071533,7
35,2,0.039822748519736516,0.8299784660339355,1.4149892330169678,1.1324729056879281,0.0,0.0,False,0.9315748810768127,0.8091556606626757,3.6525375843048096,0.36115795373916626,0.5012652277946472,2
35,3,0.0505841056466934,0.8148884773254395,1.4074444770812988,0.1984202603861299,2.384185791015625e-07,0.0,False,0.972393274307251,0.8446100665429485,3.9936890602111816,0.3278800845146179,0.5042245984077454,2
35,4,0.015199310278547394,0.7939579486846924,1.3969789743423462,0.9286732059592299,0.0,0.0,False,1.0603269338607788,0.9209882727782611,4.751815319061279,0.2721768617630005,0.501221776008606,7
35,5,-0.030867046371899638,0.7925226092338562,1.3962613344192505,0.26772465455952676,2.9802322387695312e-08,0.0,False,1.030852198600769,0.8953868430202981,4.486323833465576,0.28904014825820923,0.5000802278518677,7
35,6,0.0857230829876824,0.8126728534698486,1.4063363075256348,1.0561755406475077,1.1920928955078125e-07,0.0,False,1.0492334365844727,0.911352583474044,4.6341633796691895,0.280548095703125,0.5004613995552063,2
35,7,0.003433682058034523,0.7914221882820129,1.3957111835479736,1.1049720773218774,8.940696716308594e-08,0.0,False,0.9801844358444214,0.8513773834693684,4.240846633911133,0.30642324686050415,0.5024844408035278,2
35,8,-0.014542196494544912,0.8031806349754333,1.4015904664993286,0.7204745176475925,1.4901161193847656e-07,0.0,False,1.0244961977005005,0.8898660907843807,4.2162909507751465,0.30909228324890137,0.5019360184669495,2
35,9,-0.09710753929450036,0.819355309009552,1.4096779823303223,0.6708800357257835,3.2782554626464844e-07,0.0,False,1.0205254554748535,0.8864171479090632,4.356107711791992,0.2996966540813446,0.5036933422088623,2
35,10,0.0017019829755395462,0.8221940398216248,1.4110970497131348,0.5535552837984892,2.9802322387695312e-08,0.0,False,1.0512590408325195,0.9131120009689372,5.0479960441589355,0.2568741738796234,0.5000011920928955,2
35,11,0.0075959340313926735,0.8041215538978577,1.4020607471466064,1.09600050832644,2.9802322387695312e-08,0.0,False,1.126420259475708,0.9783962059886583,5.8932294845581055,0.21702589094638824,0.5075239539146423,2
35,12,0.006944609955000333,0.8172173500061035,1.4086087942123413,1.193957681134577,1.1920928955078125e-07,0.0,False,0.9618366360664368,0.8354406870720795,3.829359769821167,0.3423311114311218,0.5186697840690613,2
35,13,-0.07856083624980514,0.8260800838470459,1.4130401611328125,0.09520294286488337,1.1920928955078125e-07,0.0,False,0.9512040019035339,0.8262052983819902,3.7263739109039307,0.3532244563102722,0.5073559880256653,1
35,14,0.016363945804668174,0.840303361415863,1.4201518297195435,0.6169046704467751,1.4901161193847656e-07,0.0,False,0.9644807577133179,0.8377373419535223,4.010984897613525,0.3283230662345886,0.5000669956207275,2
35,15,-0.03302374720734136,0.8357261419296265,1.4178632497787476,0.5765426980279964,1.7881393432617188e-07,0.0,False,1.0011441707611084,0.8695827779023125,4.128834247589111,0.31815826892852783,0.5018832683563232,2
35,16,0.05380827573172252,0.7840114831924438,1.3920055627822876,1.669354471426092,1.7881393432617188e-07,0.0,False,1.0910768508911133,0.9476973113487752,5.291275978088379,0.24223488569259644,0.5129080414772034,4
35,17,0.10087077765548655,0.8057295083999634,1.402864694595337,0.5026980357735207,5.960464477539063e-08,0.0,False,1.1051397323608398,0.9599121749926988,5.484845161437988,0.2345200479030609,0.5002260208129883,1
35,18,-0.046036691644784154,0.7662623524665833,1.3831312656402588,1.6564246219827339,8.940696716308594e-08,0.0,False,1.025757908821106,0.8909619991392506,4.319806098937988,0.2987879812717438,0.5076196789741516,4
35,19,0.0219188008712358,0.8245550990104675,1.412277340888977,2.1653689815716057,2.086162567138672e-07,0.0,False,1.0875802040100098,0.9446601624575204,5.310275554656982,0.24318189918994904,0.513583779335022,2
35,20,0.010111256496929684,0.82748943567276,1.4137446880340576,0.2909056225534794,2.9802322387695312e-08,0.0,False,1.102874755859375,0.9579448414002453,5.631886959075928,0.22876185178756714,0.506689190864563,2
35,21,-0.00655130859173178,0.8194844126701355,1.4097421169281006,0.35452501796608005,8.940696716308594e-08,0.0,False,1.0722236633300781,0.9313216407006861,5.193861484527588,0.24852460622787476,0.520632266998291,5
35,22,-0.025545799511881448,0.819510817527771,1.4097555875778198,0.4299264890456188,1.7881393432617188e-07,0.0,False,1.0642304420471191,0.9243788169090447,5.067732810974121,0.2552880644798279,0.5136452317237854,5
35,23,-0.029810714275648617,0.7905255556106567,1.3952628374099731,0.4346565258300225,5.960464477539063e-08,0.0,False,1.111458659172058,0.965400725084024,5.67618989944458,0.22547931969165802,0.5007784366607666,2
35,24,0.006997581490332591,0.8129473924636841,1.4064737558364868,1.0276266993502268,5.960464477539063e-08,0.0,False,1.033544659614563,0.8977254849423589,4.5205206871032715,0.28794577717781067,0.501526415348053,2
36,1,0.008094586206949321,0.8273585438728333,1.4136792421340942,1.3227641050304686,2.9802322387695312e-08,0.0,False,1.0213853120803833,0.8871640098670825,4.531665325164795,0.28782400488853455,0.5095672607421875,2
36,2,0.03738537688989396,0.8153989911079407,1.4076995849609375,0.21815890390659823,8.940696716308594e-08,0.0,False,1.0199239253997803,0.885894665524457,4.348039627075195,0.29977601766586304,0.5125291347503662,2
36,3,-0.05254610681163066,0.8120156526565552,1.4060077667236328,0.3840652572424437,5.960464477539063e-08,0.0,False,1.0028676986694336,0.8710798152222964,4.234733581542969,0.30793827772140503,0.5136052370071411,2
36,4,-0.024431305016444423,0.8007169365882874,1.4003584384918213,1.0273670520720386,2.9802322387695312e-08,0.0,False,1.0258632898330688,0.8910535319232363,4.277394771575928,0.30419281125068665,0.5063157081604004,2
36,5,-0.027313461926754847,0.8052049875259399,1.4026026725769043,0.12312836824134887,1.7881393432617188e-07,0.0,False,1.035193681716919,0.8991578073415383,4.394730567932129,0.29610157012939453,0.5018715858459473,2
36,6,0.027375132166387983,0.7897698283195496,1.3948848247528076,1.0388714394024148,8.940696716308594e-08,0.0,False,1.0233155488967896,0.888840592263346,4.565723896026611,0.2831210196018219,0.5180697441101074,6
36,7,0.0367719454523167,0.8066549301147461,1.403327465057373,1.0090828922529123,0.0,0.0,False,1.0317999124526978,0.89621001681293,4.360785007476807,0.29862797260284424,0.5011745691299438,2
36,8,0.03052331400281098,0.8004571795463562,1.4002286195755005,0.859825781568039,2.9802322387695312e-08,0.0,False,1.0215644836425781,0.887319636308633,4.3531622886657715,0.2987600564956665,0.5018764734268188,2
36,9,0.005655521091953477,0.8037568926811218,1.4018782377243042,0.8621226033919757,2.086162567138672e-07,0.0,False,1.029758095741272,0.8944365173512699,4.280907154083252,0.3043016791343689,0.5001828670501709,2
36,10,-0.00273833468246352,0.8049792051315308,1.4024896621704102,0.7265076015299416,5.960464477539063e-08,0.0,False,0.9953921437263489,0.8645866307004039,4.049313545227051,0.322322279214859,0.5098392963409424,2
36,11,0.018793812179011823,0.823036253452301,1.4115180969238281,1.8073399294696175,2.9802322387695312e-08,0.0,False,0.9981690645217896,0.8669986334566884,4.061958312988281,0.32280540466308594,0.5004169940948486,6
36,12,-0.03563910555554181,0.8158519864082336,1.407926082611084,1.1136206348038615,8.940696716308594e-08,0.0,False,1.0185400247573853,0.884692624699468,4.247380256652832,0.30747270584106445,0.5050564408302307,2
36,13,0.02497740193000237,0.8165375590324402,1.4082688093185425,0.41449599498530965,2.9802322387695312e-08,0.0,False,0.9742149114608765,0.8461923204706475,3.985480785369873,0.3285619914531708,0.5091463327407837,2
36,14,0.016883852994507488,0.8103978633880615,1.4051989316940308,0.19134995406198144,0.0,0.0,False,1.019577980041504,0.885594181204178,4.207438945770264,0.3099823296070099,0.5115463733673096,2
36,15,-0.01877638626654375,0.8157315254211426,1.4078658819198608,0.1571082369365541,1.1920928955078125e-07,0.0,False,0.9880914688110352,0.8582453450406233,4.079729080200195,0.32029375433921814,0.5190491676330566,2
36,16,-0.005898302764698854,0.8181501626968384,1.4090750217437744,0.6577098007231635,5.960464477539063e-08,0.0,False,1.0076576471328735,0.8752403115948422,4.066930294036865,0.32201698422431946,0.5016385912895203,2
36,17,-0.019911831463326347,0.8240816593170166,1.4120407104492188,0.1345409799164302,1.1920928955078125e-07,0.0,False,0.9774218797683716,0.8489778577498149,3.89447283744812,0.3373570740222931,0.501613974571228,2
36,18,0.034412269041885664,0.8043553829193115,1.4021776914596558,0.4472226193410336,0.0,0.0,False,0.9669713377952576,0.8399006323261715,3.977715492248535,0.32820990681648254,0.514358401298523,2
36,19,0.008751217446190136,0.8046607375144958,1.4023305177688599,0.3767955986815186,1.4901161193847656e-07,0.0,False,0.9964646100997925,0.8655181631564305,4.173742294311523,0.31162530183792114,0.5326505899429321,2
36,20,0.022029422574394664,0.8149192333221436,1.4074597358703613,0.6756453429532454,1.1920928955078125e-07,0.0,False,1.0408583879470825,0.9040781086562643,4.561601161956787,0.28521808981895447,0.5057997703552246,2
36,21,0.014803860466542428,0.8021165728569031,1.4010581970214844,0.20429311159361963,8.940696716308594e-08,0.0,False,1.0474215745925903,0.9097788201439546,4.456074237823486,0.2914677858352661,0.5080657601356506,2
36,22,-0.1408342866690571,0.8037542104721069,1.4018770456314087,0.3243932048589828,5.960464477539063e-08,0.0,False,1.0042564868927002,0.8722861013460902,4.137679576873779,0.3152506947517395,0.5026500821113586,2
36,23,0.03591659099781251,0.8179875612258911,1.4089938402175903,1.0572560871244878,5.960464477539063e-08,0.0,False,1.0093183517456055,0.8766827812936038,4.1059393882751465,0.31865331530570984,0.5070400834083557,2
36,24,0.006380827940509523,0.8176719546318054,1.4088358879089355,0.4212004135791735,8.940696716308594e-08,0.0,False,1.0098793506622314,0.8771700587612925,4.066425800323486,0.321919709444046,0.5053050518035889,2
37,1,-0.07763498633224808,0.7945517301559448,1.3972759246826172,1.4416856127125877,5.960464477539063e-08,0.0,False,0.9385446310043335,0.8152095085302115,3.5440971851348877,0.36964136362075806,0.5019707679748535,7
37,2,-0.00016296264407357226,0.8085257411003113,1.4042630195617676,0.15516576921060266,1.4901161193847656e-07,0.0,False,0.9722099304199219,0.844450816065833,3.796031951904297,0.34530532360076904,0.5010222792625427,7
37,3,0.003709247107101998,0.8039547801017761,1.401977300643921,0.47721801513318834,8.940696716308594e-08,0.0,False,1.032786250114441,0.8970667388205068,4.177242279052734,0.31221073865890503,0.5003113746643066,7
37,4,0.013932628644522979,0.7900904417037964,1.395045280456543,0.5490079612059078,5.960464477539063e-08,0.0,False,1.005881428718567,0.8736975078828656,4.067559719085693,0.3199217915534973,0.5041492581367493,7
37,5,-0.026968019107040168,0.7888666987419128,1.3944332599639893,0.6973106746109955,8.940696716308594e-08,0.0,False,1.0247386693954468,0.8900766990226465,4.125075340270996,0.31523677706718445,0.502234935760498,7
37,6,0.05251915323834307,0.7906379699707031,1.3953189849853516,0.12213823737888298,0.0,0.0,False,1.0369497537612915,0.9006831121389294,4.186391353607178,0.31059902906417847,0.5000994801521301,7
37,7,-0.023923838233261305,0.8160508871078491,1.4080255031585693,0.34748073902785626,5.960464477539063e-08,0.0,False,0.9698375463485718,0.842390189443548,3.818312883377075,0.3437977433204651,0.5005253553390503,7
37,8,0.01518207585877284,0.8041494488716125,1.4020748138427734,0.5637090436508686,8.940696716308594e-08,0.0,False,1.0182719230651855,0.8844597545284454,4.123645305633545,0.31647107005119324,0.5000706911087036,7
37,9,-0.018819985899059602,0.8355973958969116,1.4177987575531006,1.0629831437655104,5.960464477539063e-08,0.0,False,0.9096314907073975,0.7900958739593037,3.426795244216919,0.3863968849182129,0.5019292235374451,7
37,10,-0.003324939972442149,0.812900960445404,1.4064503908157349,0.7135648505669874,8.940696716308594e-08,0.0,False,1.013918399810791,0.8806783322760033,4.071004867553711,0.32134389877319336,0.5005853176116943,7
37,11,0.0237439828567868,0.7987403273582458,1.3993700742721558,0.3464623289632596,8.940696716308594e-08,0.0,False,1.0295720100402832,0.8942748853650688,4.168561935424805,0.3125315010547638,0.5004237294197083,7
37,12,0.04190100965856237,0.8264744877815247,1.41323721408844,0.6925726024087906,2.9802322387695312e-08,0.0,False,0.9226868152618408,0.8014355847862052,3.5186774730682373,0.3751026391983032,0.5033395290374756,7
37,13,0.016150224383103245,0.8193204998970032,1.4096603393554688,0.3227686717058356,8.940696716308594e-08,0.0,False,0.9981108903884888,0.8669481040465243,4.0324578285217285,0.32501670718193054,0.5002337098121643,7
37,14,0.016011507901563034,0.8232263326644897,1.4116132259368896,0.4349144569922594,5.960464477539063e-08,0.0,False,1.0160945653915405,0.8825685256828579,4.156156539916992,0.3151818513870239,0.5000669956207275,7
37,15,0.03758818884025705,0.8213496804237366,1.410674810409546,0.2728892726592453,2.9802322387695312e-08,0.0,False,0.9827595353126526,0.853614086448178,3.990255355834961,0.3287493586540222,0.5003442764282227,7
37,16,0.01795129485900188,0.8016659021377563,1.4008328914642334,0.17732493718558234,5.960464477539063e-08,0.0,False,1.0165668725967407,0.8829787665088211,4.225039958953857,0.3082345128059387,0.5050771236419678,7
37,17,-0.008050802908186775,0.8129581809043884,1.4064791202545166,1.037936326613433,2.9802322387695312e-08,0.0,False,0.9255894422531128,0.803956774556871,3.5114963054656982,0.3748418688774109,0.5000271797180176,7
37,18,0.0036882770197728264,0.8083038330078125,1.4041520357131958,0.9689106621268488,1.1920928955078125e-07,0.0,False,1.010509967803955,0.8777178058509808,4.1929497718811035,0.31128600239753723,0.5001638531684875,7
37,19,0.011540437449431796,0.8179128170013428,1.408956527709961,0.04028755091888373,1.1920928955078125e-07,0.0,False,1.0164568424224854,0.8828831955137773,4.288499355316162,0.30465924739837646,0.5001742839813232,7
37,20,0.0003137247411549079,0.8232606053352356,1.411630392074585,0.12422007218321174,8.940696716308594e-08,0.0,False,1.0167944431304932,0.883176431762926,4.399142742156982,0.29696547985076904,0.5002316236495972,7
37,21,0.035489753799394626,0.8143588304519653,1.407179355621338,0.2911703294683546,5.960464477539063e-08,0.0,False,0.955847978591919,0.830239005281696,3.8700294494628906,0.33889198303222656,0.500262975692749,7
37,22,0.019392945358654285,0.8322438597679138,1.4161219596862793,0.3385109913422774,2.9802322387695312e-08,0.0,False,1.0152567625045776,0.8818408193413968,4.534834861755371,0.2881803512573242,0.50007164478302,2
37,23,-0.00905410828878176,0.8274610638618469,1.413730502128601,0.6499889504316276,2.9802322387695312e-08,0.0,False,1.030716896057129,0.8952693207241175,4.693192958831787,0.2776167392730713,0.5024780035018921,7
37,24,-0.004994325326773961,0.8129587173461914,1.4064793586730957,0.8565148835224498,0.0,0.0,False,0.9787564277648926,0.8501370314112632,4.104767322540283,0.31858956813812256,0.5005078315734863,2
38,1,0.07735543683554805,0.7985453009605408,1.3992727994918823,1.2731734258787972,1.4901161193847656e-07,0.0,False,0.9847912192344666,0.8553787846806088,4.119976997375488,0.31524986028671265,0.5407651662826538,2
38,2,0.00808834588402478,0.7788938283920288,1.3894469738006592,1.3176431127575319,5.960464477539063e-08,0.0,False,0.9592404365539551,0.8331856568276982,3.7154736518859863,0.3507435917854309,0.5000852942466736,7
38,3,0.013977230565171255,0.7933804392814636,1.3966901302337646,1.2319336534924057,8.940696716308594e-08,0.0,False,0.9655505418777466,0.8386665446724001,3.935533285140991,0.33055758476257324,0.5333789587020874,2
38,4,-0.015617566459671425,0.8106968402862549,1.405348300933838,0.3979100439382125,1.1920928955078125e-07,0.0,False,1.0153981447219849,0.8819636223751152,4.280915260314941,0.3044406473636627,0.5112424492835999,2
38,5,0.05880765317956985,0.7969566583633423,1.398478388786316,0.7359196528923282,5.960464477539063e-08,0.0,False,1.011539101600647,0.8786117001090676,4.176990032196045,0.3116343319416046,0.5046674013137817,2
38,6,0.01576078364935017,0.7954627275466919,1.3977313041687012,0.18157755403008285,5.960464477539063e-08,0.0,False,1.0262160301208496,0.8913599182442926,4.329637050628662,0.3001745343208313,0.5004944205284119,2
38,7,0.011864252212785923,0.7673452496528625,1.3836727142333984,0.3054623567501018,8.940696716308594e-08,0.0,False,1.0031464099884033,0.8713219007980414,4.067226886749268,0.3184252977371216,0.50029456615448,2
38,8,-0.0334843591165359,0.7842223644256592,1.3921111822128296,1.0482740519920728,0.0,0.0,False,1.006020188331604,0.8738180329513716,4.166211128234863,0.311338871717453,0.5145705938339233,7
38,9,0.05005257249445228,0.8020496964454651,1.4010249376296997,0.31984730354461927,8.940696716308594e-08,0.0,False,0.9499170184135437,0.8250874387259834,3.862595319747925,0.3386438488960266,0.5001921653747559,7
38,10,0.02670691704561122,0.831824004650116,1.4159119129180908,0.4576887363339839,8.940696716308594e-08,0.0,False,0.973547101020813,0.8456122676924935,3.9855399131774902,0.3298836350440979,0.5010399222373962,7
38,11,-0.027942268883019893,0.7906585335731506,1.395329236984253,1.4325427686804975,2.9802322387695312e-08,0.0,False,0.9673330187797546,0.8402147844377243,3.714430332183838,0.3517991900444031,0.500003457069397,7
38,12,0.042432619735948224,0.7937641143798828,1.3968822956085205,1.3815257744442677,2.384185791015625e-07,0.0,False,0.9127503633499146,0.7928048923161121,3.3949999809265137,0.38646283745765686,0.500005304813385,7
38,13,-0.022763450520577076,0.827232301235199,1.4136161804199219,0.4046447118288629,2.9802322387695312e-08,0.0,False,0.8684302568435669,0.7543089369299697,3.2096078395843506,0.41281354427337646,0.5000524520874023,7
38,14,0.012876785765410747,0.8063657879829407,1.403182864189148,1.426021073982936,2.9802322387695312e-08,0.0,False,0.9840698838233948,0.854752240703349,3.8638484477996826,0.33886125683784485,0.500012218952179,7
38,15,0.007698642759312022,0.8115682601928711,1.4057841300964355,1.1201233113307765,0.0,0.0,False,1.0006446838378906,0.8691489290732399,3.992339611053467,0.3277856707572937,0.5032410621643066,7
38,16,0.007510471238151439,0.8105176687240601,1.4052588939666748,0.40803972465002114,5.960464477539063e-08,0.0,False,0.8910553455352783,0.7739608392727335,3.3177144527435303,0.39734381437301636,0.5000003576278687,7
38,17,0.007774378720266508,0.8141319751739502,1.4070661067962646,0.059263735220720495,1.1920928955078125e-07,0.0,False,0.8927551507949829,0.7754372713619332,3.3185272216796875,0.3975752294063568,0.5000786781311035,7
38,18,-0.028857612700705818,0.8114219307899475,1.4057109355926514,0.8237767679968715,2.9802322387695312e-08,0.0,False,0.9858667850494385,0.8563130092773409,4.064925193786621,0.3217518627643585,0.5002449154853821,7
38,19,0.014576244318037121,0.7962473630905151,1.3981237411499023,1.5406920088568798,5.960464477539063e-08,0.0,False,1.009186863899231,0.8765685724013681,4.137325763702393,0.3148331642150879,0.5000770688056946,2
38,20,0.01887505468823638,0.8033258318901062,1.4016629457473755,1.4103339469999105,2.9802322387695312e-08,0.0,False,0.9976677298545837,0.8665631796975798,4.404390811920166,0.2952158451080322,0.5049967169761658,6
38,21,0.018834520966400124,0.7995325326919556,1.399766206741333,1.0847185186553152,5.960464477539063e-08,0.0,False,1.032566785812378,0.8968761145497854,4.39357852935791,0.2958771288394928,0.5000000596046448,2
38,22,0.022893807877050226,0.8136327266693115,1.4068163633346558,0.6351317581265696,0.0,0.0,False,1.0082898139953613,0.8757894047548833,4.1004533767700195,0.3189367949962616,0.5022455453872681,2
38,23,-0.020048679194603757,0.8070146441459656,1.4035072326660156,0.5090544989278729,8.940696716308594e-08,0.0,False,0.9623051285743713,0.8358476144940975,3.945267915725708,0.3311043381690979,0.5184968709945679,2
38,24,0.0009965652612004211,0.7972322106361389,1.3986161947250366,0.33624410252536346,8.940696716308594e-08,0.0,False,0.9628371596336365,0.8363097308005776,4.025213718414307,0.32365235686302185,0.5147167444229126,2
39,1,0.06381393360070006,0.7745101451873779,1.3872551918029785,1.3111600364957536,1.1920928955078125e-07,0.0,False,0.9804928302764893,0.8516452514695619,3.757236957550049,0.34634777903556824,0.500043511390686,7
39,2,0.0760022676175296,0.7873851656913757,1.3936924934387207,0.07242746290691675,8.940696716308594e-08,0.0,False,0.9871889352798462,0.8574614143759672,3.8195576667785645,0.3414657711982727,0.500807523727417,7
39,3,-0.003224485631960641,0.7945528626441956,1.3972764015197754,0.5891682279775989,2.9802322387695312e-08,0.0,False,1.0162644386291504,0.8827160757022919,4.04625129699707,0.3220519423484802,0.5021482110023499,7
39,4,0.005590530247427275,0.7714296579360962,1.3857147693634033,0.29987310479733154,5.960464477539063e-08,0.0,False,1.0328245162963867,0.897099976403832,4.16102933883667,0.31081056594848633,0.5167125463485718,7
39,5,-0.0047594552940395125,0.7756943106651306,1.3878471851348877,0.507484360706908,2.9802322387695312e-08,0.0,False,1.0364328622817993,0.9002341459043569,4.165720462799072,0.31096118688583374,0.5082395672798157,7
39,6,0.0665206905090261,0.7717315554618835,1.3858658075332642,0.5965779680962165,2.9802322387695312e-08,0.0,False,1.0387003421783447,0.9022036539181493,4.1537885665893555,0.31178098917007446,0.5020219087600708,7
39,7,0.03764637367605904,0.7872273921966553,1.3936138153076172,0.6026468240494458,1.1920928955078125e-07,0.0,False,0.9859577417373657,0.8563920132526589,3.8163061141967773,0.3417772650718689,0.5000197887420654,7
39,8,0.0006669067511255785,0.7644389867782593,1.3822195529937744,0.29269807854831653,5.960464477539063e-08,0.0,False,1.0256540775299072,0.8908718124256175,4.059206962585449,0.3188519775867462,0.5009776949882507,7
39,9,-0.045490318244206365,0.7758080363273621,1.3879039287567139,0.16757486754374226,8.940696716308594e-08,0.0,False,1.0356900691986084,0.8995889640299054,4.144111633300781,0.3127932846546173,0.5032062530517578,7
39,10,0.005265436500660602,0.8021352291107178,1.4010676145553589,0.6281735315047218,0.0,0.0,False,1.035507321357727,0.8994302312721564,4.186799049377441,0.3113510012626648,0.5000242590904236,7
39,11,-0.003145435695019667,0.7869564294815063,1.3934781551361084,0.5680732405594068,5.960464477539063e-08,0.0,False,1.0400280952453613,0.9033569255788202,4.178647518157959,0.3109439015388489,0.5002381205558777,7
39,12,-0.008204286263126536,0.7879361510276794,1.393968105316162,0.04212979585128064,2.9802322387695312e-08,0.0,False,1.0397435426712036,0.9031097663532841,4.177250862121582,0.311120867729187,0.5001920461654663,7
39,13,-0.0034051899475508263,0.8014501333236694,1.4007251262664795,0.044395135175468864,5.960464477539063e-08,0.0,False,1.0394318103790283,0.9028389991246385,4.201493263244629,0.31010812520980835,0.5021426677703857,7
39,14,0.017652554948531133,0.799738347530365,1.3998693227767944,0.03877924664081739,1.4901161193847656e-07,0.0,False,1.0409098863601685,0.9041228396095243,4.204566478729248,0.3097890019416809,0.5009604692459106,7
39,15,-0.028135122850251965,0.8017852902412415,1.400892734527588,0.08584263974069299,8.940696716308594e-08,0.0,False,1.0410096645355225,0.9042095058314655,4.208766460418701,0.30958446860313416,0.5016447305679321,7
39,16,0.02500229645069473,0.7911418676376343,1.3955708742141724,0.5514642846046975,5.960464477539063e-08,0.0,False,1.0395652055740356,0.9029548647188467,4.188729763031006,0.31041035056114197,0.5016390085220337,7
39,17,-0.01132148181761314,0.7921738624572754,1.3960869312286377,0.5403914134324419,0.0,0.0,False,1.0381686687469482,0.9017418482432892,4.190768718719482,0.3101890981197357,0.5065353512763977,7
39,18,-0.010005238802374779,0.7928431630134583,1.3964216709136963,0.48970833423117466,8.940696716308594e-08,0.0,False,1.0391488075256348,0.9025931859694551,4.184978008270264,0.3108198344707489,0.5015286803245544,7
39,19,0.030972210450017707,0.7960934042930603,1.3980467319488525,0.06366215037798104,2.9802322387695312e-08,0.0,False,1.0404061079025269,0.9036852632010133,4.197500705718994,0.3100692629814148,0.501617431640625,7
39,20,-0.00146284451749227,0.8004066944122314,1.4002033472061157,0.0951310715655776,0.0,0.0,False,1.039229154586792,0.9026629745400505,4.204729080200195,0.30971258878707886,0.5048767328262329,7
39,21,-0.006150704169763729,0.804973840713501,1.4024869203567505,0.5644937124059671,0.0,0.0,False,1.0380613803863525,0.9016486587573309,4.216818809509277,0.30899888277053833,0.5080930590629578,7
39,22,-0.006231034535505388,0.8117174506187439,1.4058587551116943,0.5834037334993991,2.9802322387695312e-08,0.0,False,1.0403993129730225,0.903679361200236,4.226925849914551,0.3088254928588867,0.5026795864105225,7
39,23,-0.01650665199946416,0.8034150004386902,1.4017075300216675,0.5909868946948367,2.9802322387695312e-08,0.0,False,1.0274591445922852,0.8924396737549297,4.124747276306152,0.316293329000473,0.5014528632164001,7
39,24,-0.0037757312140156716,0.8206718564033508,1.4103360176086426,0.7838939148809374,8.940696716308594e-08,0.0,False,1.0208404064178467,0.8866907108222876,4.116114616394043,0.31820300221443176,0.5004695653915405,7
40,1,-0.00788772249215424,0.7976926565170288,1.3988462686538696,1.1094226496560233,5.960464477539063e-08,0.0,False,1.032867431640625,0.8971372521982153,4.665451526641846,0.2765061855316162,0.5439081788063049,2
40,2,0.0715730447484776,0.8103786110877991,1.4051892757415771,0.2671523044624478,2.9802322387695312e-08,0.0,False,1.0142210721969604,0.8809412301702791,4.432361125946045,0.29318615794181824,0.5231070518493652,7
40,3,0.048505176110020226,0.822937548160553,1.411468744277954,0.7245651827929032,2.9802322387695312e-08,0.0,False,0.98481285572052,0.8553975778936104,4.081935405731201,0.32115375995635986,0.5001979470252991,6
40,4,-0.012476059734772837,0.8227041363716125,1.4113521575927734,1.0784620652543906,8.940696716308594e-08,0.0,False,1.0654528141021729,0.9254405557857298,5.234217643737793,0.24722188711166382,0.5007035136222839,2
40,5,-0.006108133335817924,0.8260887265205383,1.4130445718765259,0.6218379757257186,2.086162567138672e-07,0.0,False,1.003551721572876,0.8716739499672173,4.2528076171875,0.30721330642700195,0.5226379632949829,2
40,6,0.011247974279238373,0.8288611173629761,1.4144306182861328,0.0729583797672198,5.960464477539063e-08,0.0,False,1.0100419521331787,0.877311292604456,4.324675559997559,0.3021124005317688,0.5197057723999023,2
40,7,0.010490560162476244,0.8189175128936768,1.4094587564468384,0.4514674794477496,0.0,0.0,False,1.0129499435424805,0.8798371418494195,4.39729642868042,0.2967057228088379,0.5043894052505493,2
40,8,-0.004946404278273802,0.8154098391532898,1.4077048301696777,0.16311750798531305,8.940696716308594e-08,0.0,False,0.9974119663238525,0.8663410263174425,4.146805763244629,0.3150513172149658,0.512039840221405,2
40,9,-0.004798800282233255,0.8204873204231262,1.4102437496185303,0.1506385636057,8.940696716308594e-08,0.0,False,0.9909461140632629,0.8607248584022911,4.070343017578125,0.32151034474372864,0.5150055885314941,2
40,10,0.0214534768112302,0.8279474377632141,1.4139736890792847,0.25499814841993623,2.9802322387695312e-08,0.0,False,1.0241119861602783,0.8895323688807767,4.378305435180664,0.2981417775154114,0.52060866355896,2
40,11,-0.009394651171146892,0.8240181803703308,1.4120090007781982,0.3096430011552199,8.940696716308594e-08,0.0,False,1.0192391872406006,0.8852999095162963,4.413817405700684,0.2953055500984192,0.5232292413711548,2
40,12,0.021036564420461805,0.8204554915428162,1.4102277755737305,0.1190657600294964,2.9802322387695312e-08,0.0,False,1.0391522645950317,0.9025961887417804,4.5582475662231445,0.2854968011379242,0.5150398015975952,2
40,13,0.026100690873910194,0.8201585412025452,1.4100791215896606,0.32434642441457556,1.4901161193847656e-07,0.0,False,1.0316002368927002,0.8960365808251742,4.579491138458252,0.2841812074184418,0.5117492079734802,2
40,14,0.017095796627727946,0.810794472694397,1.4053972959518433,0.15140431301577814,5.960464477539063e-08,0.0,False,1.0520185232162476,0.9137716789856488,4.935413360595703,0.26185810565948486,0.521439790725708,7
40,15,-0.0097539782467295,0.8154265880584717,1.4077132940292358,0.5254916891206923,0.0,0.0,False,1.0363091230392456,0.9001266673638849,4.551865100860596,0.28495728969573975,0.538293719291687,2
40,16,0.00765155508079534,0.8153934478759766,1.4076967239379883,0.4731091652117346,0.0,0.0,False,1.0142340660095215,0.8809525164524674,4.420510768890381,0.2936146855354309,0.5475967526435852,2
40,17,-0.0516188741006282,0.8187185525894165,1.409359335899353,0.8347183492769535,5.960464477539063e-08,0.0,False,1.0467145442962646,0.9091647014314893,4.812434196472168,0.2693140506744385,0.5227316617965698,2
40,18,-0.0002905549525185312,0.7942349910736084,1.3971176147460938,0.6462149484825732,1.1920928955078125e-07,0.0,False,0.9905662536621094,0.8603949158500619,4.089966773986816,0.3182157278060913,0.5103183388710022,2
40,19,0.025866139201240944,0.8360916376113892,1.4180457592010498,0.4769695466396138,5.960464477539063e-08,0.0,False,1.0169084072113037,0.8832754197057885,4.4387922286987305,0.2948007583618164,0.5057669878005981,2
40,20,-0.04296292083066847,0.8231133818626404,1.4115567207336426,1.4782927465911937,2.9802322387695312e-08,0.0,False,0.9339627027511597,0.8112296962165514,3.6482837200164795,0.3610466420650482,0.5011008977890015,7
40,21,0.006868309369463201,0.8021690845489502,1.4010844230651855,1.1158717517266454,1.1920928955078125e-07,0.0,False,1.020853042602539,0.8867016864728561,4.4430084228515625,0.29186737537384033,0.5260763168334961,7
40,22,-0.010592763615981255,0.8138681054115295,1.4069340229034424,0.8942639283676992,2.9802322387695312e-08,0.0,False,1.0213382244110107,0.8871231100371342,4.16552734375,0.31366610527038574,0.5050430297851562,7
40,23,0.0010307652671465214,0.8149912357330322,1.4074954986572266,0.4106146418542548,1.1920928955078125e-07,0.0,False,1.0317459106445312,0.896163111438331,4.427656650543213,0.29369592666625977,0.5265053510665894,7
40,24,0.03568343106095458,0.8153504729270935,1.4076752662658691,0.2982468451932674,2.9802322387695312e-08,0.0,False,0.969612717628479,0.8421949056985287,3.9166414737701416,0.33425992727279663,0.5177640914916992,7
41,1,0.09933269788566579,0.8192410469055176,1.4096205234527588,1.1513246510710036,0.0,0.0,False,1.0235776901245117,0.8890682852407042,4.248929977416992,0.3072800636291504,0.515322744846344,2
41,2,0.0138064250793419,0.7857426404953003,1.392871379852295,0.3456334234385936,5.960464477539063e-08,0.0,False,1.0291845798492432,0.8939383677768861,4.2196455001831055,0.30721262097358704,0.518664538860321,2
41,3,-0.02316870743438614,0.8049242496490479,1.402462124824524,1.344432783662925,0.0,0.0,False,1.0213305950164795,0.8871164832292439,4.3095173835754395,0.30162230134010315,0.5230584144592285,2
41,4,-0.00910289096864594,0.7824374437332153,1.391218662261963,0.4933146503145149,5.960464477539063e-08,0.0,False,1.0303919315338135,0.894987060125537,4.177759647369385,0.31069839000701904,0.5003869533538818,2
41,5,0.0091798146122393,0.7949365973472595,1.3974683284759521,0.5894458126429245,2.9802322387695312e-08,0.0,False,1.0282646417617798,0.8931393197067301,4.20829439163208,0.30917036533355713,0.5012602806091309,2
41,6,0.029470194989471288,0.8021340370178223,1.4010671377182007,0.13218984422681546,1.1920928955078125e-07,0.0,False,1.0184962749481201,0.8846546240979716,4.203622341156006,0.30995815992355347,0.5032845735549927,2
41,7,0.0007626979067355813,0.7799497842788696,1.38997483253479,1.3300005495787728,5.960464477539063e-08,0.0,False,1.0440685749053955,0.9068664416200105,4.61313009262085,0.2799544036388397,0.5007227063179016,7
41,8,0.03728067193195663,0.7964605093002319,1.3982303142547607,0.5477127652156664,5.960464477539063e-08,0.0,False,1.0207207202911377,0.8865867527735074,4.242260456085205,0.30672046542167664,0.5000187158584595,2
41,9,0.019435232422815453,0.8211567997932434,1.4105783700942993,0.9411942977455617,2.9802322387695312e-08,0.0,False,0.9821162819862366,0.8530553637079212,4.02572774887085,0.32555606961250305,0.5056825280189514,6
41,10,0.007691828176310012,0.7877002954483032,1.3938502073287964,0.7831548483667734,5.960464477539063e-08,0.0,False,1.0723421573638916,0.9314245633107334,4.9743452072143555,0.25908854603767395,0.5000007152557373,2
41,11,0.0009118773949894615,0.7881417274475098,1.3940708637237549,0.3423191991274231,0.0,0.0,False,1.0392404794692993,0.9026728112080128,4.482034206390381,0.2890351414680481,0.5009555220603943,2
41,12,-0.015337169475260868,0.7963483929634094,1.3981742858886719,0.7925788656467908,8.940696716308594e-08,0.0,False,1.0237767696380615,0.8892412035090935,4.314229488372803,0.30136528611183167,0.5000647306442261,2
41,13,-0.03451313999800058,0.7860078811645508,1.3930039405822754,1.5163505976641896,0.0,0.0,False,1.04048490524292,0.903753705701256,4.457096099853516,0.2905421257019043,0.5029181241989136,7
41,14,0.0379164250108468,0.7889803647994995,1.3944902420043945,1.480547306357528,5.960464477539063e-08,0.0,False,1.0462802648544312,0.9087874911011047,4.631343841552734,0.2791682481765747,0.5068719387054443,7
41,15,-0.009368427097261586,0.7955189943313599,1.3977594375610352,1.6242967070369025,5.960464477539063e-08,0.0,False,1.0362236499786377,0.9000524264067381,4.273949146270752,0.3042616844177246,0.5007542967796326,7
41,16,-0.0005175220905326043,0.7891486883163452,1.3945744037628174,0.16837299311681087,5.960464477539063e-08,0.0,False,1.0422166585922241,0.9052578875484967,4.428077220916748,0.29280972480773926,0.5000784397125244,7
41,17,0.013002418342488706,0.8105682134628296,1.4052841663360596,1.5349183116741152,5.960464477539063e-08,0.0,False,1.0162782669067383,0.8827280867915932,4.223121643066406,0.3091156482696533,0.5000253319740295,7
41,18,-0.002017846684939319,0.8034119606018066,1.4017059803009033,1.4895758233046568,0.0,0.0,False,1.0575114488601685,0.9185427735789682,4.7412848472595215,0.27307143807411194,0.5110325813293457,7
41,19,0.009778623653340535,0.7785877585411072,1.389293909072876,1.4032103013422348,2.9802322387695312e-08,0.0,False,1.0572168827056885,0.9182869166680759,4.600943565368652,0.2805672883987427,0.5038267970085144,2
41,20,-0.007341495620673845,0.7793530821800232,1.389676570892334,0.2855142202764031,2.9802322387695312e-08,0.0,False,1.0758557319641113,0.9344764154319951,4.873788356781006,0.2639272212982178,0.5123456120491028,2
41,21,-0.0035776549282201904,0.7733627557754517,1.386681318283081,1.04979212647415,5.960464477539063e-08,0.0,False,1.1089717149734497,0.9632405927995101,5.505480766296387,0.23213575780391693,0.5000381469726562,2
41,22,0.022262943011073736,0.7856435179710388,1.3928215503692627,0.4981326127552817,2.086162567138672e-07,0.0,False,1.058765172958374,0.9196317444943278,4.653672218322754,0.2776017189025879,0.5056341290473938,2
41,23,0.01098555084682146,0.7899104952812195,1.3949551582336426,0.539899557816528,8.940696716308594e-08,0.0,False,1.035834550857544,0.8997144592043292,4.314185619354248,0.3007153570652008,0.5086336731910706,2
41,24,0.018845419900599777,0.7801305651664734,1.3900654315948486,0.5202611219580777,1.4901161193847656e-07,0.0,False,1.036958932876587,0.9006910850171725,4.303819179534912,0.3008957803249359,0.5063136219978333,2
42,1,-0.025744628469081623,0.7867311835289001,1.3933656215667725,1.340250592146601,2.9802322387695312e-08,0.0,False,0.9594098329544067,0.833332792671639,3.7617287635803223,0.3465578854084015,0.512414813041687,2
42,2,-0.022948901104769357,0.784212052822113,1.392106056213379,1.6398260786160455,2.9802322387695312e-08,0.0,False,1.0169483423233032,0.8833101069033396,4.160530090332031,0.31216925382614136,0.5001646280288696,7
42,3,0.026186465027021592,0.7719831466674805,1.3859915733337402,0.9684307538783528,0.0,0.0,False,0.9121977686882019,0.79232491469149,3.403176784515381,0.38349878787994385,0.50081866979599,7
42,4,-0.03834542361492177,0.8113822340965271,1.405691146850586,1.548046630407051,2.9802322387695312e-08,0.0,False,0.9360778331756592,0.8130668751602831,3.5587124824523926,0.369526743888855,0.5007189512252808,7
42,5,0.002899493713384297,0.7938194274902344,1.3969097137451172,0.759366979792495,0.0,0.0,False,1.0325878858566284,0.8968944418153573,4.188365459442139,0.31066322326660156,0.5000889897346497,7
42,6,-0.01381170593706239,0.80070960521698,1.4003548622131348,1.1229734936795375,5.960464477539063e-08,0.0,False,0.9291609525680542,0.8070589490005502,3.5133581161499023,0.37357810139656067,0.5001658201217651,7
42,7,0.06504525421629491,0.7916761040687561,1.3958381414413452,0.47351278912299855,8.940696716308594e-08,0.0,False,1.001568078994751,0.8699509799157212,4.002122402191162,0.3255980908870697,0.5002599954605103,2
42,8,0.023225062375074674,0.8134108185768127,1.406705379486084,0.6818329922695253,2.9802322387695312e-08,0.0,False,1.0119984149932861,0.8790106546528426,4.324771404266357,0.30137908458709717,0.5112304091453552,2
42,9,0.03592533652198081,0.8063391447067261,1.4031696319580078,0.21352943174583694,5.960464477539063e-08,0.0,False,1.0174400806427002,0.8837372253806486,4.237584114074707,0.307405948638916,0.5116047263145447,2
42,10,-0.011391932978986823,0.8147663474082947,1.4073832035064697,0.49205684966984475,2.9802322387695312e-08,0.0,False,1.0280253887176514,0.892931507153043,4.528988361358643,0.2874418795108795,0.5031887292861938,2
42,11,-0.028366882812374816,0.8282936811447144,1.4141467809677124,0.5371922544529613,5.960464477539063e-08,0.0,False,1.0019676685333252,0.8702980589789794,4.081945419311523,0.32146507501602173,0.5021772980690002,2
42,12,0.025944076572062814,0.8305976986885071,1.4152989387512207,0.24761147086316782,8.940696716308594e-08,0.0,False,1.0120112895965576,0.8790218373911576,4.298947811126709,0.30466464161872864,0.501326322555542,2
42,13,0.04696430470552008,0.8175445795059204,1.408772349357605,0.34529513827739167,5.960464477539063e-08,0.0,False,1.005732536315918,0.87356818158513,4.167033672332764,0.31364718079566956,0.5101761817932129,2
42,14,0.08443692484973554,0.804023265838623,1.4020116329193115,2.444176572654612,0.0,0.0,False,0.8813591599464417,0.7655388394792504,3.2909090518951416,0.39982277154922485,0.5094269514083862,7
42,15,0.06758773076641589,0.8216151595115662,1.410807728767395,0.4053859055704415,1.4901161193847656e-07,0.0,False,1.0084527730941772,0.8759309492296666,4.245352268218994,0.30815014243125916,0.5000017881393433,6
42,16,0.002937853736058698,0.7974868416786194,1.3987433910369873,0.294276151559043,2.9802322387695312e-08,0.0,False,1.067286729812622,0.9270334747323773,4.935135841369629,0.261758953332901,0.5006728768348694,6
42,17,-0.004952211159078593,0.7917891144752502,1.3958945274353027,1.0350281503118266,2.9802322387695312e-08,0.0,False,1.0204126834869385,0.8863191954049338,4.5662407875061035,0.2836760878562927,0.5008829832077026,1
42,18,0.026423580966730188,0.8046202063560486,1.4023101329803467,0.7772055348598994,2.9802322387695312e-08,0.0,False,1.0043429136276245,0.8723611706542233,4.1554179191589355,0.3139752745628357,0.5001084804534912,2
42,19,0.002064328950682948,0.7965341210365295,1.3982670307159424,0.29237608318702085,2.9802322387695312e-08,0.0,False,1.027390480041504,0.8923800324839163,4.482949733734131,0.28937458992004395,0.5051828026771545,7
42,20,-0.05541774845752307,0.7853666543960571,1.3926832675933838,1.6487483534000194,5.960464477539063e-08,0.0,False,0.9794089794158936,0.8507038305736363,3.8989076614379883,0.3340737819671631,0.5013393759727478,7
42,21,-0.023094740286764684,0.7948358654975891,1.3974180221557617,1.9187590744483778,8.940696716308594e-08,0.0,False,1.0425423383712769,0.9055407694103168,4.487639904022217,0.2890956401824951,0.5000147819519043,2
42,22,0.025936347242871027,0.7598294615745544,1.3799147605895996,1.3947181373655226,2.9802322387695312e-08,0.0,False,1.0438193082809448,0.9066499313809674,4.4455790519714355,0.2895967364311218,0.5060205459594727,7
42,23,-7.42253846368608e-05,0.7783575057983398,1.3891788721084595,0.9339560728219581,1.1920928955078125e-07,0.0,False,1.0392450094223022,0.9026767458751978,4.583845615386963,0.28175118565559387,0.5000081062316895,2
42,24,0.02581783926939995,0.8052534461021423,1.402626633644104,1.073930168830676,8.940696716308594e-08,0.0,False,1.0344219207763672,0.8984874643058781,4.240400791168213,0.30742108821868896,0.5009133815765381,2
43,1,0.010130641284051101,0.7719206213951111,1.385960340499878,0.976303232567651,2.9802322387695312e-08,0.0,False,1.0930438041687012,0.9494057852580111,5.137223720550537,0.24955399334430695,0.5034605264663696,4
43,2,-0.023546958545330465,0.7943578362464905,1.3971790075302124,1.1911944194967616,8.940696716308594e-08,0.0,False,1.1135363578796387,0.9672053912515435,5.553786754608154,0.23093923926353455,0.5000390410423279,1
43,3,-0.001990647045708064,0.7788382172584534,1.3894190788269043,1.1811949713727998,2.9802322387695312e-08,0.0,False,1.1328144073486328,0.9839500922640276,6.040613174438477,0.21036213636398315,0.5098133683204651,1
43,4,-0.027748483988912977,0.786504328250885,1.3932521343231201,0.18902790735745167,2.9802322387695312e-08,0.0,False,1.1248016357421875,0.9769902872771671,5.800027847290039,0.2202027589082718,0.5009670257568359,1
43,5,0.03972800087709177,0.7892275452613831,1.3946137428283691,0.5846957692886106,2.9802322387695312e-08,0.0,False,1.1115061044692993,0.9654419355455922,5.603161334991455,0.22843512892723083,0.5046064853668213,4
43,6,0.0587227398117454,0.7494884133338928,1.3747440576553345,0.9750057430190882,1.4901161193847656e-07,0.0,False,1.078897476196289,0.9371184409027867,4.880091667175293,0.262175053358078,0.502545177936554,4
43,7,0.034186151004808894,0.7615863084793091,1.3807932138442993,1.004818555772248,5.960464477539063e-08,0.0,False,1.0687934160232544,0.928342165746852,4.645111560821533,0.2768555283546448,0.5002488493919373,4
43,8,-0.04459273650541158,0.778975784778595,1.389487862586975,0.49870766733621774,2.9802322387695312e-08,0.0,False,1.0095713138580322,0.8769025013927187,4.132146835327148,0.31401270627975464,0.5011814832687378,4
43,9,-0.009485314861881856,0.778294563293457,1.389147400856018,1.2943726339561206,1.1920928955078125e-07,0.0,False,1.1206111907958984,0.9733505130433817,5.739547252655029,0.22215569019317627,0.5071189403533936,4
43,10,0.032918780315787675,0.791250467300415,1.395625114440918,0.517325120257685,1.1920928955078125e-07,0.0,False,1.1058986186981201,0.9605713352900439,5.480182647705078,0.2338876575231552,0.5072625875473022,4
43,11,-0.034963508271974524,0.7825204133987427,1.3912601470947266,0.5986039207398111,5.960464477539063e-08,0.0,False,1.1014692783355713,0.9567240591341913,5.317172527313232,0.2412436455488205,0.5007328987121582,4
43,12,-0.004133954941903257,0.7783176302909851,1.3891587257385254,0.9413714656699672,8.940696716308594e-08,0.0,False,1.1089004278182983,0.9631786735632845,5.516316890716553,0.23174642026424408,0.5050351023674011,2
43,13,0.026849481369403044,0.7875316143035889,1.393765926361084,0.22996478008363574,1.1920928955078125e-07,0.0,False,1.0771260261535645,0.9355797789457416,4.967365264892578,0.2594444155693054,0.5006746649742126,2
43,14,-0.07629954342304324,0.7761672735214233,1.388083577156067,0.19940748871270186,5.960464477539063e-08,0.0,False,1.0702012777328491,0.9295650188903718,4.926588535308838,0.26067668199539185,0.5163392424583435,2
43,15,0.04946015188796443,0.7980408668518066,1.3990204334259033,1.2738795230280855,0.0,0.0,False,1.0994447469711304,0.9549655735341578,5.456247329711914,0.23524518311023712,0.5085416436195374,2
43,16,0.014263271973702387,0.7788564562797546,1.3894281387329102,0.9472408143357964,8.940696716308594e-08,0.0,False,1.014456033706665,0.8811453151445278,4.201836585998535,0.30858978629112244,0.5006491541862488,4
43,17,-0.03772881976735063,0.8057559132575989,1.4028780460357666,1.505677224260747,8.940696716308594e-08,0.0,False,1.046374797821045,0.9088696013926213,4.737987041473389,0.2733263671398163,0.5137277841567993,1
43,18,0.048943430927518974,0.8097885251045227,1.404894232749939,0.7345562684309891,2.9802322387695312e-08,0.0,False,0.9807658791542053,0.8518824187113259,3.9591548442840576,0.33053430914878845,0.5028643608093262,1
43,19,0.08313376472383363,0.7924306392669678,1.396215558052063,0.47775614055512766,2.384185791015625e-07,0.0,False,1.0150926113128662,0.8816982394278805,4.296786785125732,0.30218207836151123,0.507586658000946,2
43,20,0.02299987548729092,0.786942720413208,1.3934712409973145,1.8602233833632131,1.1920928955078125e-07,0.0,False,1.1422317028045654,0.9921298511659559,6.2054243087768555,0.2048059105873108,0.506280779838562,4
43,21,-0.022708313179851992,0.787730872631073,1.3938654661178589,0.6127804560548509,2.9802322387695312e-08,0.0,False,1.0488972663879395,0.9110605897513746,4.699182510375977,0.2748888432979584,0.5060958862304688,6
43,22,-0.009082963312991908,0.8017618656158447,1.400881052017212,1.4616661541771179,1.1920928955078125e-07,0.0,False,1.1342569589614868,0.9852030766746739,5.9901909828186035,0.21339091658592224,0.5004196166992188,1
43,23,0.03786884346230293,0.812655508518219,1.406327724456787,0.7689337704908861,2.9802322387695312e-08,0.0,False,1.106190800666809,0.9608251213234704,5.551567077636719,0.23153814673423767,0.5106347799301147,2
43,24,-0.007669928147316793,0.7939875721931458,1.39699387550354,0.6518192476279728,8.940696716308594e-08,0.0,False,1.0945109128952026,0.9506800997065545,5.268810749053955,0.24399638175964355,0.505811333656311,2
44,1,0.037752747891797535,0.7553638219833374,1.3776819705963135,0.9859069670949663,5.960464477539063e-08,0.0,False,1.1011416912078857,0.9564395205703986,5.405250549316406,0.2355242371559143,0.5121848583221436,3
44,2,0.10533225766285569,0.801730215549469,1.4008649587631226,0.2993705356719381,1.4901161193847656e-07,0.0,False,1.119065523147583,0.9720079631823422,5.702902793884277,0.22484301030635834,0.5003840923309326,6
44,3,0.02007261852933573,0.7960368990898132,1.398018479347229,1.1411628344341493,2.9802322387695312e-08,0.0,False,0.9662928581237793,0.8393113123713584,3.7928617000579834,0.344599187374115,0.5023313164710999,6
44,4,-0.003391243018170651,0.7902123928070068,1.3951061964035034,0.5563555673507101,0.0,0.0,False,1.1063628196716309,0.9609745351326237,5.484670639038086,0.23374778032302856,0.5032421946525574,4
44,5,0.10239843113332711,0.8112339973449707,1.4056168794631958,1.980327114295341,1.1920928955078125e-07,0.0,False,1.0571860074996948,0.9182600988048947,4.599493980407715,0.28265589475631714,0.5015172362327576,1
44,6,0.04733103542146183,0.7823672890663147,1.3911837339401245,1.9799065609319835,8.940696716308594e-08,0.0,False,1.0446791648864746,0.9073967933389866,4.55677604675293,0.2837187349796295,0.5010844469070435,4
44,7,-0.0059597830555100755,0.7669327855110168,1.3834664821624756,0.2412743501077157,8.940696716308594e-08,0.0,False,1.0230799913406372,0.8886359895697309,4.250701427459717,0.3040999472141266,0.5000448226928711,4
44,8,-0.05145281210752683,0.7694764137268066,1.3847383260726929,1.3469211403324137,1.1920928955078125e-07,0.0,False,1.0754424333572388,0.934117428823309,4.8859968185424805,0.262919545173645,0.5038041472434998,1
44,9,0.05607186008533028,0.7724823355674744,1.3862411975860596,1.112045441386084,2.9802322387695312e-08,0.0,False,1.074053168296814,0.932910728524022,5.189846038818359,0.24636366963386536,0.5246244072914124,1
44,10,0.015536843300279164,0.7722402811050415,1.3861202001571655,1.4882410052773094,5.960464477539063e-08,0.0,False,1.0438051223754883,0.9066376096600463,4.722932815551758,0.27101874351501465,0.5645646452903748,5
44,11,-0.056411358267404205,0.7858968377113342,1.3929483890533447,1.4858586811145815,2.9802322387695312e-08,0.0,False,1.0672752857208252,0.9270235345205418,4.953793048858643,0.2600950598716736,0.5010461211204529,3
44,12,0.023588179869310263,0.7997548580169678,1.3998774290084839,0.3923199039250794,0.0,0.0,False,1.0523563623428345,0.9140651223225442,4.691592693328857,0.27620670199394226,0.5002627372741699,3
44,13,-0.042686863308130894,0.7656758427619934,1.3828380107879639,1.4645648082353786,8.940696716308594e-08,0.0,False,1.116513967514038,0.9697917101185067,5.962294101715088,0.21204973757266998,0.5382510423660278,4
44,14,-0.055725872386629856,0.7697623372077942,1.3848812580108643,1.1299672142564077,8.940696716308594e-08,0.0,False,1.091243028640747,0.9478416515081374,5.259413242340088,0.24267157912254333,0.529289722442627,3
44,15,0.06913337270984513,0.7655209898948669,1.3827605247497559,0.5384025732319889,2.9802322387695312e-08,0.0,False,1.0454795360565186,0.9080919869042358,4.665059566497803,0.2758222222328186,0.5013534426689148,3
44,16,-0.03297425853313589,0.749545693397522,1.3747726678848267,1.4756894092876793,1.7881393432617188e-07,0.0,False,1.1197782754898071,0.9726270520007253,5.673630714416504,0.223734050989151,0.5035179853439331,5
44,17,0.06241296224888972,0.7675524353981018,1.3837761878967285,1.3766053864715442,2.9802322387695312e-08,0.0,False,1.074605941772461,0.9333908614644539,5.0407233238220215,0.25403112173080444,0.5159393548965454,1
44,18,-0.05638332557232536,0.7889638543128967,1.394481897354126,1.1115553899314177,2.9802322387695312e-08,0.0,False,1.0927833318710327,0.949179541894879,5.3553466796875,0.23965080082416534,0.503750205039978,5
44,19,-0.05430432968791877,0.7786006927490234,1.3893003463745117,0.5461390745082387,0.0,0.0,False,1.091604232788086,0.9481553894441971,5.138209819793701,0.24972893297672272,0.5077245831489563,3
44,20,0.013398524373550765,0.7838075757026672,1.3919036388397217,0.4939000709448689,1.4901161193847656e-07,0.0,False,1.032118320465088,0.8964865824984797,4.60794734954834,0.28052082657814026,0.5004894137382507,3
44,21,-0.007822864716022622,0.7734421491622925,1.3867212533950806,1.4967075310571385,1.7881393432617188e-07,0.0,False,1.104753017425537,0.9595762786677556,5.400491237640381,0.2368048131465912,0.5039542317390442,1
44,22,-0.0031424919725272504,0.7765668630599976,1.388283371925354,1.0266609414826933,5.960464477539063e-08,0.0,False,1.0568904876708984,0.9180034135430161,4.696476936340332,0.27456963062286377,0.5000848770141602,1
44,23,0.004519270087439903,0.7754796147346497,1.387739658355713,0.6787126227659614,1.4901161193847656e-07,0.0,False,1.1224262714385986,0.9749270720580498,5.751435279846191,0.2217193841934204,0.5007125735282898,1
44,24,0.01361957683677478,0.7694122195243835,1.3847060203552246,0.12358261956118868,8.940696716308594e-08,0.0,False,1.1230239868164062,0.975446241038711,5.778494834899902,0.22035792469978333,0.5009306073188782,1
45,1,0.04140270801395037,0.7979357242584229,1.3989678621292114,1.3097155700836862,0.0,0.0,False,0.9866564273834229,0.8569988838939941,3.9303781986236572,0.33225953578948975,0.5001382231712341,7
45,2,0.03078841164104009,0.7935414910316467,1.396770715713501,0.7595244370197005,2.9802322387695312e-08,0.0,False,1.0146675109863281,0.881329001975739,4.138059139251709,0.3143694996833801,0.5080397725105286,7
45,3,0.03775791688719354,0.7946767210960388,1.3973385095596313,0.32917785734186866,1.4901161193847656e-07,0.0,False,1.0313671827316284,0.8958341525528981,4.4269561767578125,0.29298895597457886,0.5090399384498596,7
45,4,-0.04964524945304923,0.791416585445404,1.3957083225250244,0.9734573109317448,2.9802322387695312e-08,0.0,False,1.0557184219360352,0.9169853701808581,4.706174373626709,0.27479273080825806,0.5016326308250427,7
45,5,0.08570595228349841,0.7637912631034851,1.3818955421447754,0.7346805353247787,8.940696716308594e-08,0.0,False,0.9911776781082153,0.8609259923761511,4.144248962402344,0.31202203035354614,0.5000718832015991,7
45,6,0.03570767585854166,0.781909167766571,1.3909547328948975,1.3272007310290046,1.4901161193847656e-07,0.0,False,0.9724756479263306,0.8446816153593898,4.149000644683838,0.3127371370792389,0.506788432598114,6
45,7,0.01834547106942661,0.764713704586029,1.382356882095337,0.6698781033908685,2.9802322387695312e-08,0.0,False,1.112611174583435,0.9664017872509629,5.55642032623291,0.22949673235416412,0.5000408291816711,7
45,8,0.022146652886841128,0.7695692181587219,1.3847846984863281,0.6486349707890406,8.940696716308594e-08,0.0,False,1.0567995309829712,0.917924409567698,4.626284599304199,0.2785041034221649,0.5006195306777954,2
45,9,0.01279037520689184,0.7644640803337097,1.3822319507598877,0.20525192289821176,8.940696716308594e-08,0.0,False,1.0639287233352661,0.9241167473657552,4.821147918701172,0.2664467990398407,0.5000675320625305,2
45,10,0.01951285724504603,0.7510687112808228,1.3755342960357666,0.5459163235686306,5.960464477539063e-08,0.0,False,1.1248445510864258,0.9770275630715505,5.766136646270752,0.22009146213531494,0.5002204775810242,2
45,11,-0.032678080633694165,0.7698764204978943,1.384938359260559,0.485250103610589,1.4901161193847656e-07,0.0,False,1.0776293277740479,0.9360169411787594,4.796831130981445,0.26817139983177185,0.5000364780426025,2
45,12,0.01434290566548034,0.7942149043083191,1.397107481956482,0.6843242777248745,2.9802322387695312e-08,0.0,False,1.0393004417419434,0.9027248937762762,4.408084869384766,0.29451999068260193,0.500083327293396,2
45,13,0.003548803608762063,0.7905964851379395,1.3952983617782593,0.25958895153489636,1.1920928955078125e-07,0.0,False,1.0406854152679443,0.9039278664961248,4.3067216873168945,0.3015080988407135,0.5011813044548035,2
45,14,-0.013132389125901561,0.7966680526733398,1.39833402633667,0.3415215263120827,0.0,0.0,False,0.9892825484275818,0.8592799036505706,3.930515766143799,0.3319433331489563,0.5077507495880127,2
45,15,0.026338961425381904,0.7953407168388367,1.3976702690124512,0.4662282656761917,8.940696716308594e-08,0.0,False,1.0389046669006348,0.9023811281169632,4.303962707519531,0.3016451597213745,0.5148234367370605,2
45,16,-0.0016338983542754345,0.775718092918396,1.3878589868545532,0.6053347070551844,5.960464477539063e-08,0.0,False,1.031256914138794,0.8957383744701076,4.243614673614502,0.3049183487892151,0.511664628982544,2
45,17,0.03076009777037759,0.7680673003196716,1.3840336799621582,0.08761449336713739,2.9802322387695312e-08,0.0,False,1.0315465927124023,0.895989986082195,4.244701385498047,0.3043285608291626,0.5114786624908447,2
45,18,-0.01722532343073867,0.7754266262054443,1.3877134323120117,1.3121157756646655,1.1920928955078125e-07,0.0,False,1.0716195106506348,0.9307968803508675,5.221299171447754,0.24514734745025635,0.5167191028594971,6
45,19,-0.019054282191731775,0.7503791451454163,1.3751895427703857,1.222067216915606,2.9802322387695312e-08,0.0,False,1.030275821685791,0.8948862083929554,4.2148542404174805,0.30565473437309265,0.5000132322311401,2
45,20,-0.0034053021256138516,0.7842927575111389,1.392146348953247,0.5065238319241195,2.9802322387695312e-08,0.0,False,1.0356571674346924,0.8995603859208782,4.266054630279541,0.30389106273651123,0.5087006092071533,2
45,21,0.03378701029971847,0.7871465086936951,1.39357328414917,0.34624682253187744,2.9802322387695312e-08,0.0,False,1.0122662782669067,0.8792433177361185,4.119605541229248,0.31551167368888855,0.5037779211997986,2
45,22,-0.045504156501627056,0.7800502181053162,1.3900251388549805,0.6573698621821712,2.9802322387695312e-08,0.0,False,1.0319266319274902,0.8963200839502341,4.25531530380249,0.30429956316947937,0.5128546357154846,2
45,23,-0.028125962033539627,0.8083580732345581,1.4041790962219238,0.6387059233324769,5.960464477539063e-08,0.0,False,1.014986276626587,0.8816058782929085,4.213898181915283,0.30966123938560486,0.5005386471748352,2
45,24,-0.00451729882793975,0.8175819516181946,1.4087910652160645,0.19259199101464536,8.940696716308594e-08,0.0,False,1.019770860671997,0.8857617151911564,4.419681072235107,0.2951647937297821,0.5002927780151367,2
46,1,0.03370793871783944,0.8046867251396179,1.4023432731628418,1.2527597610439574,8.940696716308594e-08,0.0,False,1.0388379096984863,0.9023231435479225,4.59360408782959,0.2825859785079956,0.5038526654243469,2
46,2,-0.049733159135584265,0.7834306359291077,1.3917152881622314,1.0380474166891416,2.9802322387695312e-08,0.0,False,1.0391035079956055,0.902553839297606,4.701272010803223,0.27458056807518005,0.5035902261734009,1
46,3,-0.001782282003204936,0.8137891888618469,1.4068946838378906,0.9749603689341366,8.940696716308594e-08,0.0,False,0.944431722164154,0.8203229709405544,3.6878302097320557,0.3560604453086853,0.5085282921791077,2
46,4,-0.0357193892577211,0.8008695244789124,1.4004348516464233,0.2546522447697172,8.940696716308594e-08,0.0,False,0.9759366512298584,0.8476878046325319,3.9454312324523926,0.33065807819366455,0.5180161595344543,2
46,5,0.0642251783524143,0.7863627672195435,1.393181324005127,0.19270223035393774,5.960464477539063e-08,0.0,False,0.9995400905609131,0.8681894915433624,4.182194232940674,0.3105722665786743,0.5023058652877808,7
46,6,-0.007800559027257101,0.7799512147903442,1.389975666999817,0.4411502423197765,5.960464477539063e-08,0.0,False,0.9948297142982483,0.8640981107062357,4.098612308502197,0.3165115714073181,0.5105116367340088,2
46,7,0.01640966485719026,0.7758367657661438,1.387918472290039,0.33643793545193335,8.940696716308594e-08,0.0,False,1.0482184886932373,0.9104710109368783,4.8688063621521,0.26414185762405396,0.5077148675918579,2
46,8,0.021027315342855443,0.7486301064491272,1.3743150234222412,0.6773749755801286,2.9802322387695312e-08,0.0,False,1.0297073125839233,0.8943924076612496,4.4091644287109375,0.29128754138946533,0.5093991160392761,7
46,9,0.003330772858677278,0.767459511756897,1.3837296962738037,0.26322523436735684,5.960464477539063e-08,0.0,False,1.037122368812561,0.900833043667449,4.172532081604004,0.3100739121437073,0.5001316070556641,7
46,10,0.01714390064949192,0.7626603245735168,1.381330132484436,0.6226277822151477,2.9802322387695312e-08,0.0,False,1.0368518829345703,0.9005981026189608,4.151264190673828,0.31123581528663635,0.5062227249145508,7
46,11,-0.011513881124192948,0.7861713767051697,1.3930857181549072,0.2988602241476347,2.9802322387695312e-08,0.0,False,1.0137653350830078,0.8805453819427028,4.009696006774902,0.3245307505130768,0.5012600421905518,7
46,12,-0.008107888574565628,0.7914010882377625,1.3957005739212036,0.2139315521759888,2.9802322387695312e-08,0.0,False,1.0365389585494995,0.9003262999515823,4.173868656158447,0.3115493357181549,0.5028371810913086,7
46,13,-0.011707999535095038,0.7949296236038208,1.3974647521972656,0.6650407312017658,5.960464477539063e-08,0.0,False,1.0333541631698608,0.8975600218328462,4.180596828460693,0.31111910939216614,0.5081871151924133,7
46,14,0.06623603590114763,0.7990351319313049,1.39951753616333,0.03308702451558876,2.9802322387695312e-08,0.0,False,1.0309926271438599,0.8955088177030303,4.168957710266113,0.31233537197113037,0.5071086287498474,7
46,15,0.038012011248015475,0.7951091527938843,1.397554636001587,1.082186986284818,5.960464477539063e-08,0.0,False,0.9381699562072754,0.8148840701364704,3.5390939712524414,0.3702837824821472,0.5000587105751038,7
46,16,-0.07511371032682763,0.7655459046363831,1.3827729225158691,0.13580573816313046,2.9802322387695312e-08,0.0,False,0.9782498478889465,0.84969702172173,3.737870693206787,0.34748366475105286,0.500113844871521,7
46,17,0.021115919598995146,0.7947635054588318,1.3973817825317383,0.9008194216916736,2.9802322387695312e-08,0.0,False,1.0313999652862549,0.8958626271180521,4.140927314758301,0.314436674118042,0.5003721714019775,7
46,18,-0.007621941561757217,0.797501266002655,1.3987505435943604,0.15522917901996924,8.940696716308594e-08,0.0,False,1.0348765850067139,0.8988823806385948,4.204139232635498,0.3096153736114502,0.5029728412628174,7
46,19,0.025676374754866484,0.8138768076896667,1.4069384336471558,0.7650952025290766,2.9802322387695312e-08,0.0,False,1.0303796529769897,0.8949763951065884,4.155593395233154,0.31459516286849976,0.5000019073486328,7
46,20,0.0011552013810732097,0.8309073448181152,1.4154536724090576,0.3530070148455029,0.0,0.0,False,0.9786550402641296,0.8500489673470326,3.9234111309051514,0.3352877199649811,0.500640869140625,7
46,21,0.03603618482162745,0.8163681626319885,1.4081841707229614,0.8575325262694945,8.940696716308594e-08,0.0,False,1.0361170768737793,0.8999598581840196,4.22841739654541,0.308962881565094,0.5046316385269165,7
46,22,0.05384509150824521,0.8014763593673706,1.40073823928833,0.3374950556966344,5.960464477539063e-08,0.0,False,1.03673255443573,0.9004944552018005,4.263498783111572,0.3052285611629486,0.5081655979156494,7
46,23,-0.00907961571259901,0.799010157585144,1.3995051383972168,0.6604104304514014,5.960464477539063e-08,0.0,False,1.042388916015625,0.9054075084453964,4.234786033630371,0.30737942457199097,0.5028006434440613,7
46,24,-0.0184342991182431,0.8101634383201599,1.4050817489624023,0.19719601955976987,2.9802322387695312e-08,0.0,False,1.039676547050476,0.9030515746964968,4.21757173538208,0.30951350927352905,0.5000470876693726,7
47,1,-0.08060697502791629,0.8213258385658264,1.4106628894805908,1.1676776707172394,2.9802322387695312e-08,0.0,False,1.0873842239379883,0.9444899363298365,5.359259128570557,0.24104708433151245,0.5008264780044556,6
47,2,0.008595383499274488,0.8021119832992554,1.4010560512542725,1.627487941688459,5.960464477539063e-08,0.0,False,1.0370714664459229,0.9007888304335554,4.612737655639648,0.2811814546585083,0.5046781897544861,2
47,3,0.13826048608622127,0.8037559390068054,1.401877999305725,1.9925223759242563,2.9802322387695312e-08,0.0,False,1.0275033712387085,0.8924780885319191,4.6921067237854,0.2761961817741394,0.5076993107795715,6
47,4,0.04305881151566475,0.8055101037025452,1.4027550220489502,1.0271134658142334,2.9802322387695312e-08,0.0,False,1.0830578804016113,0.9407321220805038,5.140338897705078,0.2509210705757141,0.5090533494949341,1
47,5,-0.026480696179265614,0.7832510471343994,1.3916255235671997,0.8473392782533415,0.0,0.0,False,1.1120288372039795,0.9658959754299558,5.7465667724609375,0.22168372571468353,0.5217267870903015,1
47,6,-0.014744735625178265,0.7790110111236572,1.3895055055618286,1.2357312737173425,0.0,0.0,False,1.118826150894165,0.9718000470847818,5.775035858154297,0.2207109034061432,0.5081236362457275,5
47,7,-0.006473310086702359,0.7849584221839905,1.3924791812896729,0.7851736482229679,2.9802322387695312e-08,0.0,False,1.0597305297851562,0.9204702427802062,4.8415703773498535,0.26561498641967773,0.5296639800071716,2
47,8,-0.020813317224373566,0.7801223993301392,1.3900612592697144,0.542643022553364,5.960464477539063e-08,0.0,False,1.0882225036621094,0.9452180568467908,5.315646171569824,0.2405671626329422,0.5245607495307922,2
47,9,-0.000726989395853344,0.781866192817688,1.3909331560134888,0.37104282763383356,5.960464477539063e-08,0.0,False,1.0610463619232178,0.9216131600535483,4.78665018081665,0.26938918232917786,0.5022794604301453,1
47,10,0.03410259793518444,0.7752957940101624,1.3876479864120483,1.5193260902345107,8.940696716308594e-08,0.0,False,1.1192657947540283,0.9721819168894643,5.679230690002441,0.22471489012241364,0.500084400177002,4
47,11,-0.019005062933171935,0.7907707095146179,1.395385503768921,0.4284407699186985,1.4901161193847656e-07,0.0,False,1.0777318477630615,0.9361059889097862,5.1744465827941895,0.24863938987255096,0.5021806955337524,6
47,12,-0.007783139315925433,0.7853592038154602,1.3926796913146973,1.6662575155836499,8.940696716308594e-08,0.0,False,1.022364854812622,0.888014829873882,4.337661266326904,0.2989518642425537,0.5000036358833313,1
47,13,0.04071835412995543,0.7841694355010986,1.3920845985412598,0.549867783243052,1.1920928955078125e-07,0.0,False,1.0329372882843018,0.8971979289079615,4.5542449951171875,0.28392332792282104,0.5036802291870117,2
47,14,-0.0335117283638884,0.7366943359375,1.3683472871780396,2.2971669512382684,1.1920928955078125e-07,0.0,False,1.0482079982757568,0.910461899076029,4.542548656463623,0.281762957572937,0.5035072565078735,4
47,15,0.07309174223334022,0.7385497689247131,1.3692748546600342,2.075964701796396,2.9802322387695312e-08,0.0,False,1.0790380239486694,0.9372405191293921,5.031039237976074,0.25316280126571655,0.5100829005241394,2
47,16,-0.016300750441141123,0.7634823322296143,1.3817411661148071,2.1751059150147465,0.0,0.0,False,0.9729158878326416,0.8450640028834387,3.8389241695404053,0.33744844794273376,0.5151834487915039,6
47,17,-0.017624830948103166,0.7492954730987549,1.374647617340088,2.2843243796546093,1.1920928955078125e-07,0.0,False,1.0561718940734863,0.917379251074842,4.659097671508789,0.27516666054725647,0.5035960674285889,1
47,18,0.03179941574933497,0.7646363973617554,1.3823182582855225,0.6853662406030413,5.960464477539063e-08,0.0,False,1.0681540966033936,0.9277868599544137,4.99446439743042,0.25653907656669617,0.5087667107582092,2
47,19,0.03643212369899468,0.7636656165122986,1.3818328380584717,0.5560263611311786,2.9802322387695312e-08,0.0,False,1.1134674549102783,0.9671455428927835,5.637754440307617,0.225915789604187,0.5015122890472412,2
47,20,-0.0043469145676761495,0.7624422907829285,1.381221055984497,0.33113244106605705,8.940696716308594e-08,0.0,False,1.1013915538787842,0.9566565485288082,5.419992923736572,0.23548170924186707,0.5003775358200073,1
47,21,0.004604865922484489,0.7611836194992065,1.380591869354248,0.2537614616191922,5.960464477539063e-08,0.0,False,1.1219756603240967,0.974535676217025,5.802422046661377,0.21898168325424194,0.503558337688446,3
47,22,-0.0009095078095671116,0.7760826945304871,1.3880414962768555,0.3143632991789072,1.4901161193847656e-07,0.0,False,1.0700619220733643,0.9294439761024992,5.035304069519043,0.2551785707473755,0.5001012086868286,1
47,23,0.03017840884029132,0.7625807523727417,1.3812904357910156,0.6630726221872683,5.960464477539063e-08,0.0,False,1.1038641929626465,0.9588042555485277,5.35904598236084,0.23810598254203796,0.5084251165390015,2
47,24,-0.014831550465809563,0.7602607607841492,1.380130410194397,0.2526076509536906,2.9802322387695312e-08,0.0,False,1.1072043180465698,0.9617054513341567,5.441605091094971,0.23435409367084503,0.5019066333770752,2
48,1,-0.024982771808143765,0.8019106984138489,1.4009554386138916,1.176293011222567,8.940696716308594e-08,0.0,False,1.0276482105255127,0.8926038943379628,4.375304222106934,0.2970871329307556,0.5084277391433716,7
48,2,-0.0031195609183264066,0.8008099794387817,1.400404930114746,0.6358927498284289,5.960464477539063e-08,0.0,False,1.014124870300293,0.8808576702645364,4.311187267303467,0.30174392461776733,0.5048842430114746,7
48,3,-0.004872710421283545,0.8088841438293457,1.4044421911239624,0.24632514292437768,1.1920928955078125e-07,0.0,False,1.0142112970352173,0.8809327395726696,4.266787528991699,0.30546149611473083,0.5083307027816772,7
48,4,-0.0042858318742871404,0.8045008182525635,1.4022502899169922,0.6878009082868584,1.1920928955078125e-07,0.0,False,0.9423640966415405,0.8185270542303277,3.7215564250946045,0.35157638788223267,0.5225038528442383,7
48,5,0.0058711387768583334,0.7903069257736206,1.395153284072876,0.40430207482209324,1.7881393432617188e-07,0.0,False,0.8878454566001892,0.7711727651686705,3.306121826171875,0.3965807557106018,0.5115664601325989,7
48,6,0.03821893994128521,0.7904358506202698,1.3952178955078125,0.09651066994592436,2.9802322387695312e-08,0.0,False,0.9110962748527527,0.791368169302318,3.4176034927368164,0.38351669907569885,0.5000003576278687,7
48,7,-0.028774938948702818,0.8076469302177429,1.4038233757019043,0.263299759171661,8.940696716308594e-08,0.0,False,0.9826785326004028,0.8535437283862795,4.082911491394043,0.31994372606277466,0.5025262832641602,7
48,8,-0.01949922649527524,0.787933886051178,1.3939669132232666,0.19456339709881837,2.9802322387695312e-08,0.0,False,0.9286405444145203,0.8066069282217156,3.6160995960235596,0.3613581657409668,0.5055371522903442,2
48,9,-0.008933182821162297,0.79634028673172,1.3981701135635376,0.1464374282298711,2.9802322387695312e-08,0.0,False,0.9710448384284973,0.8434388300202623,3.988363742828369,0.32699882984161377,0.5042321681976318,2
48,10,0.03817437016440314,0.7965685725212097,1.3982844352722168,0.39811210588827145,1.4901161193847656e-07,0.0,False,0.9355813264846802,0.8126356149280426,3.5320944786071777,0.3711637854576111,0.5002963542938232,7
48,11,0.018026156823015265,0.8128333687782288,1.406416654586792,0.24672270585405887,2.9802322387695312e-08,0.0,False,0.9816811084747314,0.852677376798487,3.99636173248291,0.32762211561203003,0.5000817775726318,7
48,12,-0.022232683943103633,0.8101556897163391,1.4050779342651367,0.12395049975005129,8.940696716308594e-08,0.0,False,0.9563121795654297,0.8306422051242757,3.7876880168914795,0.3461030125617981,0.505268931388855,7
48,13,-0.06873234802159478,0.778290331363678,1.389145016670227,0.20987147426181993,1.4901161193847656e-07,0.0,False,0.8974258303642273,0.7794941720892554,3.33195161819458,0.39259031414985657,0.5000048875808716,7
48,14,0.058826402588230256,0.800186276435852,1.4000930786132812,0.29878608002530466,5.960464477539063e-08,0.0,False,0.9510326981544495,0.8260565058360767,3.8493316173553467,0.33969932794570923,0.5008180141448975,7
48,15,-0.01465161446490141,0.8125975131988525,1.4062986373901367,0.5629552852560477,1.1920928955078125e-07,0.0,False,0.8715899586677551,0.7570534190633789,3.2316553592681885,0.40841037034988403,0.503227710723877,2
48,16,-0.008810516999890938,0.8194913864135742,1.409745693206787,0.504613765716037,0.0,0.0,False,0.9440361857414246,0.8199794123689881,3.7538044452667236,0.3502257466316223,0.5003808736801147,7
48,17,0.006590628583219161,0.8290200233459473,1.4145100116729736,0.4258291732446266,0.0,0.0,False,1.0155322551727295,0.8820801092325631,4.3343095779418945,0.30199724435806274,0.5000075101852417,7
48,18,0.0035474157102019428,0.8155894875526428,1.407794713973999,0.36786426261806493,2.9802322387695312e-08,0.0,False,0.969244658946991,0.841875213989755,3.899731397628784,0.3362346887588501,0.502301812171936,7
48,19,-0.03931580034596328,0.8187843561172485,1.409392237663269,0.20442791272797856,5.960464477539063e-08,0.0,False,0.9376574754714966,0.8144389350252094,3.7233331203460693,0.35307401418685913,0.5031720399856567,7
48,20,0.01585808292864224,0.8157911896705627,1.4078956842422485,0.1854611166392647,8.940696716308594e-08,0.0,False,0.9728219509124756,0.8449824103112886,4.066781044006348,0.32187849283218384,0.5011579394340515,7
48,21,0.0029398221634373595,0.8169400095939636,1.4084699153900146,0.11268058427018923,8.940696716308594e-08,0.0,False,0.955083429813385,0.8295749266503697,3.8789215087890625,0.3381596505641937,0.5042814612388611,7
48,22,0.053130467673193654,0.8100405335426331,1.4050202369689941,0.10200973538916894,2.9802322387695312e-08,0.0,False,0.9415838718414307,0.8178493595796641,3.712908983230591,0.3533170819282532,0.5065388679504395,7
48,23,0.0026752643395634846,0.8166083693504333,1.408304214477539,0.23520367143307058,2.9802322387695312e-08,0.0,False,0.9991074800491333,0.8678137308272038,4.26051664352417,0.30654895305633545,0.504371702671051,2
48,24,-0.03643029004175441,0.8088368773460388,1.4044183492660522,0.6733617695337185,8.940696716308594e-08,0.0,False,1.0166085958480835,0.8830150068644715,4.347416877746582,0.29929018020629883,0.5166836977005005,7
49,1,0.029525010808693086,0.7993319034576416,1.3996659517288208,1.3112335886274065,0.0,0.0,False,0.9769524931907654,0.8485701537487473,3.821338176727295,0.34224602580070496,0.5000226497650146,7
49,2,-0.007949954357014295,0.8160581588745117,1.4080290794372559,1.5702433986504107,0.0,0.0,False,0.881925106048584,0.7660304140176805,3.2687270641326904,0.40403392910957336,0.5000012516975403,7
49,3,-0.027731779268666504,0.8040453791618347,1.4020226001739502,0.5021057082335257,8.940696716308594e-08,0.0,False,0.9475623369216919,0.8230421883688815,3.595008134841919,0.36506086587905884,0.5000019073486328,7
49,4,-0.01445096531313162,0.7964141368865967,1.398207187652588,0.5188330106216597,1.1920928955078125e-07,0.0,False,1.0239958763122559,0.8894315171481951,4.096884250640869,0.318090558052063,0.5000091791152954,7
49,5,0.01995614478024541,0.8060652017593384,1.4030327796936035,0.16373458310302846,1.7881393432617188e-07,0.0,False,1.0360665321350098,0.8999159555817459,4.195512771606445,0.3109411597251892,0.5000009536743164,7
49,6,-0.004369387082793864,0.784172773361206,1.3920865058898926,0.7056120746452107,1.1920928955078125e-07,0.0,False,1.0130949020385742,0.8799630511993366,4.0904741287231445,0.3177444338798523,0.5001150369644165,7
49,7,-0.04899010309709392,0.7886886596679688,1.3943443298339844,0.22313974388402336,0.0,0.0,False,1.0144245624542236,0.88111797956198,4.3463029861450195,0.2985174357891083,0.5010770559310913,7
49,8,-0.06362145539971789,0.7933172583580017,1.3966586589813232,0.31918604336156775,2.9802322387695312e-08,0.0,False,1.0038623809814453,0.8719437853010032,4.224431037902832,0.30786198377609253,0.5000210404396057,7
49,9,0.00778745526513605,0.8170050978660583,1.4085025787353516,0.5539359136512002,2.9802322387695312e-08,0.0,False,1.021141767501831,0.8869524697339571,4.382731914520264,0.29774218797683716,0.5001656413078308,7
49,10,-0.007434266931918723,0.8208057284355164,1.4104028940200806,0.37260316948658617,2.9802322387695312e-08,0.0,False,1.0200670957565308,0.8860190217162747,4.437639236450195,0.2941135764122009,0.5001828074455261,7
49,11,-0.009196269457579443,0.8151861429214478,1.407593011856079,0.3739237085815815,5.960464477539063e-08,0.0,False,1.0207443237304688,0.8866072544604182,4.286362648010254,0.3046460747718811,0.5000125765800476,7
49,12,0.009039431761047108,0.8086347579956055,1.4043173789978027,0.4596702897622831,0.0,0.0,False,1.0194809436798096,0.8855098964913224,4.178235054016113,0.31244829297065735,0.5003776550292969,7
49,13,0.0006728450957134888,0.804613471031189,1.4023067951202393,0.24973999792290746,5.960464477539063e-08,0.0,False,1.0402127504348755,0.9035173150385418,4.244662761688232,0.30706748366355896,0.500503659248352,7
49,14,-0.00937100339385538,0.804668664932251,1.4023343324661255,0.2710810902329777,0.0,0.0,False,1.007082223892212,0.8747405053184858,4.088747501373291,0.31923991441726685,0.5032138824462891,7
49,15,-0.0065446407241278575,0.8081437349319458,1.4040718078613281,0.32609490075972336,5.960464477539063e-08,0.0,False,1.0339598655700684,0.8980861282530176,4.222351551055908,0.30898210406303406,0.5011258721351624,7
49,16,0.008536564043160985,0.8026111721992493,1.4013056755065918,0.16006950043327456,8.940696716308594e-08,0.0,False,1.0269248485565186,0.8919755901148573,4.21604585647583,0.3091171383857727,0.5003519058227539,7
49,17,-0.03052500451313005,0.8001766800880432,1.4000883102416992,0.22835053670819797,2.9802322387695312e-08,0.0,False,1.0307958126068115,0.8953378667682335,4.358633518218994,0.29838991165161133,0.5004246234893799,7
49,18,0.012287295471333361,0.8024962544441223,1.4012482166290283,0.3306249464395221,8.940696716308594e-08,0.0,False,1.0210611820220947,0.8868824740756152,4.404791355133057,0.2952743470668793,0.5000333786010742,7
49,19,0.016336191989415026,0.7824518084526062,1.391225814819336,0.37365013180819023,8.940696716308594e-08,0.0,False,1.0331553220748901,0.8973873106522035,4.688272953033447,0.27515891194343567,0.5097059607505798,2
49,20,0.0048205816907415135,0.7855666279792786,1.3927834033966064,0.5556452528394121,8.940696716308594e-08,0.0,False,1.071470022201538,0.9306670363337656,5.013612747192383,0.25683143734931946,0.500373125076294,7
49,21,0.005190249396823558,0.7738485336303711,1.3869242668151855,0.4328140167991694,0.0,0.0,False,1.0339322090148926,0.898062106074415,4.547482967376709,0.28379154205322266,0.5016392469406128,2
49,22,0.02508881335732881,0.7903996109962463,1.3951997756958008,0.33348780003626755,2.9802322387695312e-08,0.0,False,1.0384713411331177,0.902004746137565,4.5361647605896,0.2855481505393982,0.5014370083808899,2
49,23,0.022894602974260877,0.7927618622779846,1.39638090133667,1.4332054637568061,2.9802322387695312e-08,0.0,False,1.0826714038848877,0.9403964328433073,4.934348106384277,0.2615654468536377,0.5001459121704102,6
49,24,-0.07174280769076266,0.8022102117538452,1.4011051654815674,0.6912903276936598,5.960464477539063e-08,0.0,False,1.1026670932769775,0.9577644679729793,5.447576999664307,0.23604713380336761,0.5007359981536865,2
50,1,0.030133204009175733,0.8061110973358154,1.4030556678771973,1.4008970015815327,1.1920928955078125e-07,0.0,False,0.969804584980011,0.8423615595625842,3.928035259246826,0.33307522535324097,0.5000142455101013,7
50,2,-0.003184358587666846,0.8031457662582397,1.4015729427337646,0.39944501192857634,5.960464477539063e-08,0.0,False,1.0030059814453125,0.8711999261153093,4.0755743980407715,0.3202957510948181,0.5001693367958069,7
50,3,0.030383899093476732,0.792534589767456,1.3962674140930176,0.7138538010735992,1.1920928955078125e-07,0.0,False,1.0353302955627441,0.8992764686203252,4.255772113800049,0.30540043115615845,0.5015331506729126,7
50,4,-0.020288932118970277,0.804552435874939,1.4022762775421143,1.289586409882611,5.960464477539063e-08,0.0,False,0.9952433705329895,0.8644574079465416,4.126891136169434,0.3161272704601288,0.5040535926818848,7
50,5,-0.04038718736050714,0.8118986487388611,1.405949354171753,0.3427576542941998,2.9802322387695312e-08,0.0,False,0.9783287644386292,0.849765567765846,3.9894678592681885,0.3277907371520996,0.5125458240509033,7
50,6,0.033388731485764794,0.8133862614631653,1.4066931009292603,0.10931740431351233,2.9802322387695312e-08,0.0,False,1.0108039379119873,0.8779731450425066,4.333094120025635,0.3007163107395172,0.5131293535232544,2
50,7,-0.004109238365421311,0.8244994878768921,1.4122498035430908,0.18628976657243873,5.960464477539063e-08,0.0,False,0.9983130693435669,0.8671237144556191,4.183094024658203,0.3128986954689026,0.5084502100944519,2
50,8,0.014133929575236513,0.8177068829536438,1.4088536500930786,0.03164953372956588,2.086162567138672e-07,0.0,False,1.0088495016098022,0.8762755432399658,4.252094268798828,0.3072156608104706,0.5057969093322754,2
50,9,-0.006733899883426032,0.8068550229072571,1.4034276008605957,0.9702269644634554,8.940696716308594e-08,0.0,False,1.0199759006500244,0.8859398106532101,4.597006797790527,0.2824826240539551,0.5042458176612854,7
50,10,-0.014221780122905946,0.8057944774627686,1.4028973579406738,1.114098542053401,1.1920928955078125e-07,0.0,False,1.0290087461471558,0.8937856405637876,4.346192836761475,0.2995951771736145,0.5021640062332153,2
50,11,-0.02858093883476252,0.8115558624267578,1.405777931213379,0.13579104567856431,0.0,0.0,False,1.0336329936981201,0.8978022109524646,4.371973991394043,0.29803863167762756,0.5046537518501282,2
50,12,0.011570329640664283,0.8027135729789734,1.4013566970825195,1.0061086502130365,8.940696716308594e-08,0.0,False,1.0166749954223633,0.8830726808018925,4.537513732910156,0.28623777627944946,0.5001928210258484,4
50,13,0.003044592868647723,0.782159686088562,1.3910799026489258,0.4361165025058688,5.960464477539063e-08,0.0,False,1.0888350009918213,0.9457500652677395,5.386435508728027,0.23797175288200378,0.5000054240226746,4
50,14,-0.020478629235217656,0.7852987051010132,1.3926494121551514,1.4258985141026548,5.960464477539063e-08,0.0,False,1.0030066967010498,0.871200547378549,4.14504861831665,0.3134077191352844,0.5021397471427917,2
50,15,0.0012566654653704593,0.8034424781799316,1.4017212390899658,0.2652169096481737,0.0,0.0,False,1.0339066982269287,0.8980399476855315,4.426703929901123,0.2936626374721527,0.505038321018219,2
50,16,0.05525231571326758,0.8187995553016663,1.4093997478485107,0.2793832734477074,2.9802322387695312e-08,0.0,False,1.0002362728118896,0.8687941877633586,4.0442352294921875,0.32372257113456726,0.5095446109771729,2
50,17,-0.02657108743333375,0.8007575273513794,1.4003785848617554,0.6054890934768596,1.7881393432617188e-07,0.0,False,1.0179307460784912,0.884163411963098,4.327229022979736,0.3005266785621643,0.5064342021942139,2
50,18,0.01710315186331217,0.8087154626846313,1.404357671737671,0.6291445113221097,5.960464477539063e-08,0.0,False,0.9876304268836975,0.8578448891106858,3.980520725250244,0.32866615056991577,0.500740647315979,7
50,19,0.026389877282725963,0.8111236095428467,1.405561923980713,0.4311240701850496,1.1920928955078125e-07,0.0,False,0.9511324763298035,0.8261431720580179,3.7227299213409424,0.3526185154914856,0.5,7
50,20,-0.03391458852715503,0.8023026585578918,1.401151418685913,0.527971440054196,8.940696716308594e-08,0.0,False,0.9412329196929932,0.817544526416707,3.640537738800049,0.3601750135421753,0.5000696778297424,2
50,21,-0.010811936114100688,0.8232002258300781,1.411600112915039,0.11641089217344067,0.0,0.0,False,0.9463706016540527,0.8220070602676312,3.6625845432281494,0.35959309339523315,0.5008841753005981,7
50,22,-0.0034189123579309606,0.8280133008956909,1.4140067100524902,0.11004278297196723,5.960464477539063e-08,0.0,False,0.9296044707298279,0.8074441839811145,3.5496251583099365,0.37192246317863464,0.5002782344818115,7
50,23,0.017469736685559286,0.798520565032959,1.399260401725769,0.21455478041250114,1.1920928955078125e-07,0.0,False,0.9611196517944336,0.8348179224461948,3.7900390625,0.3449755907058716,0.505370020866394,7
50,24,0.016256289366514957,0.8141709566116333,1.4070852994918823,0.2124352361870408,1.7881393432617188e-07,0.0,False,0.9084177613258362,0.7890416420134319,3.4160866737365723,0.3857940435409546,0.5008398294448853,7
51,1,-0.047133178171243025,0.7433817386627197,1.3716908693313599,1.13401517697743,0.0,0.0,False,1.0290483236312866,0.8938200171297189,4.343932151794434,0.29544249176979065,0.511928141117096,2
51,2,0.062296869929713616,0.752813458442688,1.3764066696166992,0.6523747119316092,5.960464477539063e-08,0.0,False,0.9923661947250366,0.8619583247928226,4.030945301055908,0.320329487323761,0.5007829070091248,2
51,3,0.023316420290281317,0.7402753233909607,1.3701376914978027,1.429680820663699,2.9802322387695312e-08,0.0,False,1.0300166606903076,0.8946611040124295,4.4992570877075195,0.28471553325653076,0.5077446103096008,7
51,4,0.023008319244178933,0.7535446286201477,1.376772403717041,0.6844091494069479,8.940696716308594e-08,0.0,False,1.0676891803741455,0.9273830388485943,4.916106700897217,0.2604447603225708,0.5002523064613342,2
51,5,-0.049312948997390964,0.7580671310424805,1.3790335655212402,0.7381054184209697,0.0,0.0,False,1.007096767425537,0.8747531376710268,4.070841312408447,0.3174459636211395,0.5008705854415894,2
51,6,0.0179521949230131,0.7831058502197266,1.3915529251098633,0.554579309998659,0.0,0.0,False,0.9327494502067566,0.8101758784461728,3.6312716007232666,0.3595382571220398,0.5000231266021729,7
51,7,0.023559932275947958,0.7890908718109131,1.3945454359054565,0.659449500038662,0.0,0.0,False,0.9749835133552551,0.8468599195936656,3.795524835586548,0.3437170684337616,0.5056015253067017,2
51,8,0.00873008418791072,0.7868005633354187,1.3934004306793213,0.6169355059007324,1.4901161193847656e-07,0.0,False,1.0192787647247314,0.8853342860822276,4.1213202476501465,0.31545254588127136,0.5000100135803223,2
51,9,-0.002591664467388609,0.7822124361991882,1.3911062479019165,0.11224981836841715,2.9802322387695312e-08,0.0,False,1.0213987827301025,0.887175710324764,4.127712726593018,0.3146098256111145,0.5004764199256897,2
51,10,0.02900426009666774,0.7760792374610901,1.3880395889282227,0.43671269244252553,2.9802322387695312e-08,0.0,False,1.0265171527862549,0.8916214700682156,4.187788963317871,0.3094555735588074,0.5015195608139038,2
51,11,-0.009422727497254282,0.7802335619926453,1.3901166915893555,0.6204597283149264,8.940696716308594e-08,0.0,False,1.032457709312439,0.8967813719057278,4.21262264251709,0.30787304043769836,0.5001354813575745,2
51,12,0.013215943477208253,0.7833680510520935,1.3916841745376587,0.7573825038470164,1.4901161193847656e-07,0.0,False,1.0062015056610107,0.8739755231826413,4.038564682006836,0.32192492485046387,0.5007981657981873,2
51,13,-0.010138846945150454,0.7825764417648315,1.3912882804870605,0.9146530676421168,5.960464477539063e-08,0.0,False,1.0146000385284424,0.8812703961434586,4.157501697540283,0.31225448846817017,0.5016113519668579,2
51,14,0.007468887991062256,0.7809959053993225,1.3904979228973389,0.4930360075937254,2.9802322387695312e-08,0.0,False,1.062532663345337,0.9229041450656909,4.992361545562744,0.2575494349002838,0.5075311660766602,2
51,15,0.036848560850758716,0.7983637452125549,1.399181842803955,0.7801349293807983,2.9802322387695312e-08,0.0,False,1.0566554069519043,0.9177992250248941,4.458739280700684,0.29127758741378784,0.5000113248825073,2
51,16,-0.04076199806943702,0.8053196668624878,1.4026598930358887,0.4222542486001447,5.960464477539063e-08,0.0,False,1.0809404850006104,0.9388929758031798,5.162203311920166,0.250018835067749,0.5008511543273926,2
51,17,-0.05491853282746553,0.7903866767883301,1.3951932191848755,0.9657252625348912,1.1920928955078125e-07,0.0,False,0.9935694336891174,0.8630034448778452,4.218345642089844,0.30805835127830505,0.5025839805603027,2
51,18,-0.011813782649968898,0.8172893524169922,1.4086445569992065,0.8848264444046005,1.1920928955078125e-07,0.0,False,0.9626951813697815,0.8361864100474927,3.7687652111053467,0.3486141562461853,0.5001298189163208,2
51,19,0.024161948412600446,0.8219179511070251,1.410959005355835,0.09065061977118907,2.9802322387695312e-08,0.0,False,0.9655665159225464,0.8386804195514206,3.801257371902466,0.3458121418952942,0.5019992589950562,2
51,20,-0.037665751776267686,0.7919545769691467,1.395977258682251,0.5160908263950204,2.9802322387695312e-08,0.0,False,1.0154870748519897,0.8820408661045873,4.265639781951904,0.3042702078819275,0.514478325843811,2
51,21,0.008580846624213719,0.7957863807678223,1.3978933095932007,0.8593717470165141,1.1920928955078125e-07,0.0,False,0.9840231537818909,0.8547116515050205,4.209431171417236,0.30915534496307373,0.5007210373878479,7
51,22,0.016495345040550995,0.804352879524231,1.4021763801574707,0.5487326579018469,5.960464477539063e-08,0.0,False,1.006738305091858,0.8744417812440527,4.306704521179199,0.3024370074272156,0.5000653266906738,7
51,23,0.013055695016141716,0.8018046021461487,1.400902271270752,0.5970225838990667,2.9802322387695312e-08,0.0,False,1.0318005084991455,0.8962105345322965,4.430862903594971,0.29337218403816223,0.5014458894729614,2
51,24,0.0006624249905940369,0.7897933125495911,1.3948967456817627,0.5855222295000343,8.940696716308594e-08,0.0,False,1.037743330001831,0.9013724037034011,4.636858940124512,0.2789885103702545,0.5024162530899048,7
52,1,0.0006245235529145242,0.7721443772315979,1.3860721588134766,1.1915144154003687,2.9802322387695312e-08,0.0,False,1.016394853591919,0.882829352699668,4.117928981781006,0.3145698010921478,0.5046844482421875,7
52,2,0.0016791450298482397,0.7677831053733826,1.3838915824890137,0.23168361919931285,2.9802322387695312e-08,0.0,False,1.0363982915878296,0.9002041181811036,4.3755950927734375,0.2948264181613922,0.5108197331428528,7
52,3,0.021518335780953097,0.7822863459587097,1.3911430835723877,0.39428952800644257,8.940696716308594e-08,0.0,False,1.030317783355713,0.8949226558363524,4.362804889678955,0.2969217598438263,0.5011638402938843,7
52,4,0.03226976471558119,0.7933692932128906,1.3966846466064453,0.120889174505729,0.0,0.0,False,1.0414958000183105,0.90463175774673,4.547222137451172,0.285000205039978,0.5014297366142273,7
52,5,0.013533458805436532,0.8146331310272217,1.4073166847229004,0.5001280077444202,1.1920928955078125e-07,0.0,False,1.0684010982513428,0.9280014028598644,5.101303577423096,0.25365984439849854,0.5000704526901245,7
52,6,0.015437962395291924,0.8080211877822876,1.4040104150772095,0.17344643949766675,1.7881393432617188e-07,0.0,False,1.071470022201538,0.9306670363337656,4.977611541748047,0.2599724531173706,0.5001652836799622,7
52,7,0.010867210237917237,0.8136183023452759,1.4068090915679932,0.24683770964144702,5.960464477539063e-08,0.0,False,1.0538334846496582,0.9153481344564437,4.8619303703308105,0.26675304770469666,0.5016717910766602,7
52,8,-0.030006263370509205,0.8161135911941528,1.4080567359924316,0.7474589159383873,5.960464477539063e-08,0.0,False,1.0713932514190674,0.9306003540793687,5.111417293548584,0.2531842589378357,0.5007299780845642,7
52,9,-0.009259702039071616,0.8038479685783386,1.4019240140914917,0.8708082613977626,2.9802322387695312e-08,0.0,False,0.9955018758773804,0.8646819428357645,4.388813018798828,0.2960563898086548,0.5153648257255554,2
52,10,-0.036061307317800426,0.7959580421447754,1.3979790210723877,0.12077987847039015,0.0,0.0,False,0.9901206493377686,0.860007868851715,4.249185085296631,0.30594563484191895,0.5079740285873413,2
52,11,-0.06425050079968489,0.8048905730247498,1.4024453163146973,0.3083929158655187,2.9802322387695312e-08,0.0,False,1.0080255270004272,0.875559847987806,4.446914196014404,0.2924695312976837,0.500889778137207,2
52,12,0.036455542526743115,0.8005572557449341,1.4002785682678223,0.06590994911842911,5.960464477539063e-08,0.0,False,1.0085142850875854,0.8759843778682828,4.452693939208984,0.29181867837905884,0.5003456473350525,1
52,13,-0.00764991554103843,0.8095271587371826,1.4047635793685913,0.17766866538910614,0.0,0.0,False,1.030659794807434,0.8952197232088129,4.666313171386719,0.2783341407775879,0.5005388259887695,1
52,14,-0.002534422335265752,0.7831739783287048,1.3915870189666748,0.23195523058917006,2.9802322387695312e-08,0.0,False,1.0055346488952637,0.8733962987554736,4.449765682220459,0.2905961275100708,0.5129725337028503,7
52,15,0.0019798527861740085,0.8016916513442993,1.4008457660675049,0.36198965324372523,5.960464477539063e-08,0.0,False,1.0476043224334717,0.9099375529017036,4.706484317779541,0.2754065990447998,0.5000067949295044,7
52,16,0.08187860008271335,0.781002938747406,1.3905014991760254,0.7170155333858622,2.9802322387695312e-08,0.0,False,0.9951353073120117,0.8643635454254069,4.3038129806518555,0.3006737232208252,0.5167940855026245,7
52,17,0.022443712073892706,0.7830240726470947,1.3915119171142578,1.0351666225220573,1.1920928955078125e-07,0.0,False,1.0258957147598267,0.8910816958567703,4.439614295959473,0.29160648584365845,0.5008907318115234,7
52,18,-0.05559678345638229,0.7831347584724426,1.3915674686431885,0.3402502534319365,8.940696716308594e-08,0.0,False,1.0291417837142944,0.893901195526376,4.375871658325195,0.2958240807056427,0.5095803737640381,7
52,19,-0.03388981549834584,0.7782621383666992,1.3891310691833496,0.45710861120086166,0.0,0.0,False,1.0545368194580078,0.9159590433088372,4.552888870239258,0.28370657563209534,0.5016931295394897,7
52,20,0.017662381553731666,0.784988284111023,1.3924942016601562,0.2958315984884734,5.960464477539063e-08,0.0,False,1.052988052368164,0.9146138013070921,4.5606369972229,0.2833916246891022,0.5097836256027222,7
52,21,0.040804753985300465,0.7389349937438965,1.3694674968719482,0.7012853572611516,0.0,0.0,False,1.0545796155929565,0.9159962155593472,4.77520751953125,0.2675696015357971,0.5036075115203857,7
52,22,-0.015889594686364295,0.7729858756065369,1.3864929676055908,0.6100762579127293,2.9802322387695312e-08,0.0,False,1.069746732711792,0.9291702061015283,4.973950386047363,0.25830090045928955,0.5009519457817078,6
52,23,-0.010369355948933439,0.7854382991790771,1.3927191495895386,1.1571710274003832,0.0,0.0,False,1.0131593942642212,0.8800190684347848,4.493969440460205,0.2880467176437378,0.5016204118728638,2
52,24,-0.00020794341923414212,0.8186416029930115,1.4093208312988281,0.3675150292256218,2.9802322387695312e-08,0.0,False,1.043269395828247,0.9061722834934943,4.700042724609375,0.27666833996772766,0.503409206867218,1
53,1,0.01552002721343192,0.7488360404968262,1.374418020248413,1.1834563612937927,0.0,0.0,False,1.0062525272369385,0.8740198399604081,3.9294064044952393,0.32862433791160583,0.5009241104125977,7
53,2,-0.009618879988820724,0.7444007992744446,1.3722004890441895,0.44043618424684355,8.940696716308594e-08,0.0,False,1.0258996486663818,0.8910851128045888,4.056204319000244,0.3176431953907013,0.5006651878356934,7
53,3,0.03811929909722309,0.755669355392456,1.3778347969055176,0.38799201414185724,1.1920928955078125e-07,0.0,False,1.004990577697754,0.8729237245177917,3.962662696838379,0.3262978792190552,0.5001160502433777,7
53,4,0.023958224111818378,0.7577855587005615,1.3788928985595703,1.2847498855948418,1.1920928955078125e-07,0.0,False,1.0091092586517334,0.8765011653398583,3.929701089859009,0.3292986750602722,0.5002403259277344,7
53,5,0.010389405179562012,0.7900456190109253,1.3950228691101074,0.5463342237791865,5.960464477539063e-08,0.0,False,0.9438652992248535,0.8198309822266311,3.5612809658050537,0.36743152141571045,0.5011018514633179,7
53,6,-0.002011888114485621,0.7733562588691711,1.3866780996322632,0.9882079939551855,2.9802322387695312e-08,0.0,False,1.025411605834961,0.8906612041873517,4.061578750610352,0.31928932666778564,0.5014489889144897,7
53,7,0.028891740118733356,0.7688361406326294,1.38441801071167,0.1702414399302034,5.960464477539063e-08,0.0,False,1.038834571838379,0.9023202443194706,4.155045032501221,0.31146106123924255,0.502776026725769,7
53,8,0.03504731856456055,0.777039110660553,1.3885194063186646,0.07405403149575636,1.4901161193847656e-07,0.0,False,1.037289023399353,0.9009777980023043,4.152780055999756,0.31225863099098206,0.5009199380874634,7
53,9,-0.01911171100264375,0.8032934069633484,1.401646614074707,0.6571029797319244,8.940696716308594e-08,0.0,False,0.9711377024650574,0.8435194906975529,3.732703447341919,0.35096466541290283,0.5019006133079529,7
53,10,-0.004819782107611975,0.7863678932189941,1.393183946609497,0.8013623347241433,0.0,0.0,False,1.0412471294403076,0.9044157652270532,4.190841197967529,0.3099293112754822,0.5013604164123535,7
53,11,0.015222068039495015,0.8038507699966431,1.4019254446029663,0.5799819757484013,5.960464477539063e-08,0.0,False,1.0184143781661987,0.8845834894570234,4.061863422393799,0.32142743468284607,0.5018299221992493,7
53,12,-0.0008725863278040043,0.7949057221412659,1.3974529504776,0.5054389162718157,8.940696716308594e-08,0.0,False,1.0368297100067139,0.9005788434585293,4.1760783195495605,0.3116815388202667,0.5004636645317078,7
53,13,0.026555056402007775,0.8028255105018616,1.4014127254486084,0.3251277766915695,2.9802322387695312e-08,0.0,False,1.021149754524231,0.8869594071734674,4.0756330490112305,0.3201836347579956,0.503201961517334,7
53,14,0.03494827512253196,0.814900279045105,1.4074501991271973,0.6560438108552548,5.960464477539063e-08,0.0,False,0.9326186180114746,0.8100622390452402,3.5144853591918945,0.374661922454834,0.5005655288696289,7
53,15,-0.04700268845934318,0.8014521598815918,1.400726079940796,0.4674875479642684,0.0,0.0,False,0.9699405431747437,0.842479651350068,3.7243778705596924,0.3516329228878021,0.5019409656524658,7
53,16,0.010252785038677124,0.7916619181632996,1.3958308696746826,0.9639221376274588,8.940696716308594e-08,0.0,False,1.0263645648956299,0.8914889339104082,4.117227077484131,0.31611382961273193,0.5002148747444153,7
53,17,0.026876665822994784,0.7984433770179749,1.399221658706665,0.7471963358973049,2.9802322387695312e-08,0.0,False,1.0356793403625488,0.8995796450813096,4.164205074310303,0.3128451406955719,0.500695526599884,7
53,18,0.02361660942573428,0.8172652721405029,1.4086326360702515,0.37410037332798285,0.0,0.0,False,0.9473756551742554,0.822880038663314,3.611649990081787,0.36440765857696533,0.5000015497207642,7
53,19,0.001389395362193892,0.8110694885253906,1.4055347442626953,0.5375644383488125,0.0,0.0,False,0.9976731538772583,0.8665678909438144,3.9218835830688477,0.33393594622612,0.5017902851104736,7
53,20,-0.019711889738593173,0.8001992702484131,1.4000996351242065,0.8415999752344115,0.0,0.0,False,1.037319302558899,0.9010040981461191,4.188103199005127,0.31106850504875183,0.5018255710601807,7
53,21,-0.05071288336049559,0.8099466562271118,1.4049732685089111,0.49213708848187654,5.960464477539063e-08,0.0,False,1.0220776796340942,0.8877653926831336,4.11732816696167,0.3173809051513672,0.5,7
53,22,0.0334381413976986,0.8076926469802856,1.403846263885498,0.1961786006910755,5.960464477539063e-08,0.0,False,1.0253291130065918,0.8905895518270371,4.184891223907471,0.3118758201599121,0.5000042915344238,7
53,23,-0.030028299509439305,0.808747410774231,1.4043736457824707,1.3603191739628586,5.960464477539063e-08,0.0,False,1.039341926574707,0.9027609270441801,4.2085089683532715,0.3100849390029907,0.5011395812034607,7
53,24,0.005687247335030658,0.8166809678077698,1.4083404541015625,0.6496535160444559,2.9802322387695312e-08,0.0,False,1.0332531929016113,0.8974723201721722,4.193058490753174,0.31178346276283264,0.5021235346794128,7
54,1,-0.004838732671166138,0.7618557214736938,1.3809279203414917,1.05497188440391,5.960464477539063e-08,0.0,False,1.0730297565460205,0.9320218043718529,4.77698278427124,0.268881231546402,0.5000017881393433,2
54,2,-0.0006268041146707971,0.765671968460083,1.3828359842300415,0.2731137207990838,0.0,0.0,False,1.065212607383728,0.9252319148810564,4.882508754730225,0.26299914717674255,0.5002344846725464,2
54,3,0.0013771780634312422,0.7901153564453125,1.3950576782226562,1.0783320534410572,0.0,0.0,False,0.9952117204666138,0.864429917048184,4.011084079742432,0.3247205913066864,0.5004962682723999,7
54,4,0.01630865554849968,0.7981341481208801,1.3990671634674072,0.7821282035388367,8.940696716308594e-08,0.0,False,1.0260210037231445,0.8911905204675951,4.2018632888793945,0.3096696734428406,0.5088860392570496,7
54,5,0.02378745074230139,0.7902274131774902,1.3951137065887451,0.3879955279121684,0.0,0.0,False,0.961611270904541,0.8352449373796305,3.766613483428955,0.34664076566696167,0.5022734999656677,7
54,6,0.003911618326618344,0.8048161268234253,1.4024081230163574,0.8233147437746311,5.960464477539063e-08,0.0,False,0.9413156509399414,0.8176163858647683,3.608358144760132,0.3636133372783661,0.5038930177688599,7
54,7,-0.008985874127042964,0.7959802150726318,1.3979902267456055,0.2781551747802636,1.1920928955078125e-07,0.0,False,0.9974518418312073,0.866375661743057,4.024003028869629,0.32406699657440186,0.500124990940094,7
54,8,-0.006939673632106587,0.8082466125488281,1.4041231870651245,0.4468459055129248,1.1920928955078125e-07,0.0,False,1.0235810279846191,0.8890711844691562,4.377330780029297,0.2974834144115448,0.5034035444259644,7
54,9,0.03377761459679563,0.8088638186454773,1.4044318199157715,0.14320090481479983,8.940696716308594e-08,0.0,False,1.0024399757385254,0.8707082998049425,4.175971508026123,0.3125271499156952,0.5043960809707642,7
54,10,0.01210771142284028,0.8162147402763367,1.4081072807312012,0.3170666093325501,8.940696716308594e-08,0.0,False,1.0334597826004028,0.8976517617045785,4.562356948852539,0.2853979468345642,0.5004628896713257,7
54,11,0.01867452029307867,0.7996264696121216,1.399813175201416,0.3552831322797314,5.960464477539063e-08,0.0,False,1.020932674407959,0.8867708537802118,4.340238571166992,0.29967647790908813,0.5004835724830627,7
54,12,0.022433952937403367,0.7899956703186035,1.3949978351593018,0.09736894014902633,0.0,0.0,False,1.031819462776184,0.8962269980081491,4.440927982330322,0.2919783294200897,0.5000015497207642,2
54,13,-0.03294572251291259,0.7854843139648438,1.3927421569824219,0.15180297532908876,0.0,0.0,False,0.9839583039283752,0.8546553236379524,3.95102596282959,0.3293643593788147,0.5062819123268127,2
54,14,-0.06522770765002091,0.7923112511634827,1.3961557149887085,0.8873894086969811,8.940696716308594e-08,0.0,False,0.9770253896713257,0.8486334708272624,3.8606185913085938,0.3380339443683624,0.5019948482513428,2
54,15,0.033543827276252394,0.8040608167648315,1.402030348777771,0.28688456610517776,5.960464477539063e-08,0.0,False,1.0210621356964111,0.8868833024266014,4.268471717834473,0.30492642521858215,0.5116969347000122,2
54,16,0.048422368859805144,0.8069712519645691,1.4034855365753174,1.624353333178625,8.940696716308594e-08,0.0,False,1.014086365699768,0.8808242255934647,4.182643413543701,0.31198135018348694,0.5007445216178894,7
54,17,0.048065034173668794,0.7984520792961121,1.3992259502410889,0.7431804194493864,8.940696716308594e-08,0.0,False,0.922869861125946,0.8015945764036375,3.71795654296875,0.35189712047576904,0.5065451860427856,7
54,18,0.00868896966625553,0.8111284971237183,1.405564308166504,0.8681025061136874,5.960464477539063e-08,0.0,False,1.08689546585083,0.9440654064493597,5.202200412750244,0.24827083945274353,0.5008400082588196,7
54,19,0.005735185011341159,0.80112624168396,1.4005632400512695,0.9816462470468905,1.1920928955078125e-07,0.0,False,1.0351203680038452,0.8990941278594667,4.509136199951172,0.2880295515060425,0.5002326965332031,2
54,20,-0.01797955650973592,0.8159694075584412,1.4079848527908325,0.8677128591274518,1.4901161193847656e-07,0.0,False,1.0302305221557617,0.8948468617211064,4.286593914031982,0.3043094873428345,0.5129131078720093,2
54,21,0.05403915237355325,0.8249393701553345,1.4124698638916016,0.5452674728571844,1.7881393432617188e-07,0.0,False,1.0217046737670898,0.8874414039036185,4.248507022857666,0.30812495946884155,0.5001068115234375,2
54,22,-0.006563004448794884,0.8056071996688843,1.402803659439087,0.9794381151331161,5.960464477539063e-08,0.0,False,1.046021580696106,0.9085628008960718,4.486611366271973,0.28975170850753784,0.5026528835296631,2
54,23,-0.025164796384941027,0.8021708726882935,1.401085376739502,1.0825618333018483,5.960464477539063e-08,0.0,False,1.0259679555892944,0.8911444434439822,4.321620941162109,0.3011709153652191,0.5012397766113281,2
54,24,0.07599880416976693,0.7950049042701721,1.3975025415420532,1.2666487381674232,8.940696716308594e-08,0.0,False,1.0301960706710815,0.8948169375417264,4.612362384796143,0.2804945111274719,0.5153743028640747,2
55,1,0.021074426017814767,0.8190790414810181,1.4095393419265747,1.4399293448243822,1.7881393432617188e-07,0.0,False,0.943748414516449,0.8197294574588732,3.5918591022491455,0.36659353971481323,0.501793384552002,7
55,2,0.053959021678367886,0.8090928196907043,1.4045463800430298,0.5857568631290943,2.9802322387695312e-08,0.0,False,0.9040957689285278,0.7852876071154742,3.386420726776123,0.38881173729896545,0.5019067525863647,7
55,3,-0.014470582515263009,0.754244863986969,1.377122402191162,0.4541196059734734,2.9802322387695312e-08,0.0,False,0.9318182468414307,0.8093670454799912,3.4912195205688477,0.3719238042831421,0.5006786584854126,7
55,4,0.01747146869476429,0.750535249710083,1.3752676248550415,0.6864897707362246,0.0,0.0,False,1.0116057395935059,0.8786695811342351,3.967169761657715,0.325476735830307,0.5020895600318909,7
55,5,-0.01231078183494213,0.7889025211334229,1.3944512605667114,0.511118644671989,0.0,0.0,False,0.9741455316543579,0.8461320579363945,3.7406959533691406,0.3490729033946991,0.500752329826355,7
55,6,-0.05383367805617064,0.8006139993667603,1.400307059288025,0.4461769088928536,5.960464477539063e-08,0.0,False,0.9243490099906921,0.8028793487833829,3.4688730239868164,0.3785436153411865,0.5000001192092896,7
55,7,-0.01129976129117385,0.805184006690979,1.4025919437408447,0.11461088721761806,5.960464477539063e-08,0.0,False,0.9620764255523682,0.8356489655731965,3.691502094268799,0.35523006319999695,0.5004976987838745,7
55,8,0.0037583007305451587,0.7975226640701294,1.39876127243042,0.6172059956956061,5.960464477539063e-08,0.0,False,1.0221259593963623,0.8878073279518148,4.100864887237549,0.3176448941230774,0.5072851181030273,7
55,9,-0.005254858837946626,0.7838091850280762,1.391904592514038,0.5744446862752082,0.0,0.0,False,0.9795696139335632,0.8508433559428906,3.8172221183776855,0.3413844108581543,0.5015637874603271,7
55,10,-0.00189854582439428,0.7935184240341187,1.396759271621704,0.11604808011532478,5.960464477539063e-08,0.0,False,0.9840213060379028,0.8547100465749845,3.9404044151306152,0.33105534315109253,0.5000082850456238,7
55,11,-0.006417715457153867,0.7931239604949951,1.396562099456787,0.25767062620247205,1.1920928955078125e-07,0.0,False,1.0219120979309082,0.8876215702431379,4.090541839599609,0.3183714747428894,0.500091552734375,7
55,12,0.021405310413983896,0.8000150918960571,1.4000074863433838,0.1339123852897398,5.960464477539063e-08,0.0,False,1.034722924232483,0.8987489125859278,4.181554794311523,0.31153741478919983,0.5028185248374939,7
55,13,0.016617339443021226,0.81037837266922,1.4051892757415771,0.3350248818184951,8.940696716308594e-08,0.0,False,0.9855239987373352,0.8560152688697041,3.8584718704223633,0.3396497964859009,0.5002573728561401,7
55,14,-0.021040611116416263,0.8002713918685913,1.4001357555389404,0.20520441336764608,5.960464477539063e-08,0.0,False,1.0189298391342163,0.8850312131651165,4.068772315979004,0.32051581144332886,0.5050621032714844,7
55,15,-0.03747682841390272,0.8108294606208801,1.4054148197174072,0.04114536394018946,8.940696716308594e-08,0.0,False,1.0271776914596558,0.892195206670099,4.142414093017578,0.31533440947532654,0.5034849643707275,7
55,16,0.0164815126809155,0.8150948882102966,1.4075474739074707,0.26752334847803794,2.9802322387695312e-08,0.0,False,0.9788264036178589,0.8501978116648826,3.833005428314209,0.3423287272453308,0.5013428926467896,7
55,17,0.004432402550950497,0.7770015597343445,1.388500690460205,0.7927852999196578,8.940696716308594e-08,0.0,False,1.0365066528320312,0.9002982395619216,4.164766788482666,0.31132304668426514,0.5007728338241577,7
55,18,-0.032524253946659774,0.7675303220748901,1.3837652206420898,0.20225651275828915,5.960464477539063e-08,0.0,False,1.034513235092163,0.8985667789128159,4.1399359703063965,0.31254470348358154,0.5031286478042603,7
55,19,-0.04889467889906828,0.8051283955574036,1.4025641679763794,0.6387495771747868,2.9802322387695312e-08,0.0,False,1.0103285312652588,0.8775602120758379,4.046056747436523,0.3228799104690552,0.5000003576278687,7
55,20,0.015815773317705572,0.7959287166595459,1.3979644775390625,0.29953175676723887,1.1920928955078125e-07,0.0,False,1.0374538898468018,0.9011209991790602,4.215671062469482,0.30870044231414795,0.5002297163009644,7
55,21,0.0023544577191235137,0.8086671829223633,1.4043335914611816,0.19019769126154315,0.0,0.0,False,1.0256768465042114,0.8908915893054153,4.136314868927002,0.3157711625099182,0.5000025629997253,7
55,22,0.0067209817231251665,0.8119189739227295,1.4059596061706543,0.71044517491427,1.1920928955078125e-07,0.0,False,1.03293776512146,0.8971983430834547,4.203509330749512,0.31045636534690857,0.5090965628623962,7
55,23,0.011679288481905786,0.8117082118988037,1.4058542251586914,0.7066464886958729,1.1920928955078125e-07,0.0,False,1.031374454498291,0.8958404687291687,4.180728435516357,0.31243982911109924,0.501120924949646,7
55,24,0.030404561194901092,0.7977175712585449,1.3988587856292725,0.7039541626092826,0.0,0.0,False,1.0372962951660156,0.9009841141785747,4.191851615905762,0.31056728959083557,0.5033717155456543,7
56,1,0.030272458805616048,0.8263261914253235,1.413163185119629,1.1833994431155068,8.940696716308594e-08,0.0,False,1.0286548137664795,0.8934782188039985,4.342255592346191,0.30116701126098633,0.5027523040771484,2
56,2,0.018584876872956853,0.8083946704864502,1.4041972160339355,0.2854851458462395,1.1920928955078125e-07,0.0,False,1.0608429908752441,0.9214365142057206,4.498898029327393,0.2891657054424286,0.5000025033950806,2
56,3,0.06100597361056431,0.7840809226036072,1.3920406103134155,1.0090344657074721,1.4901161193847656e-07,0.0,False,1.011183738708496,0.878303035822799,4.5233540534973145,0.28557121753692627,0.5177597999572754,2
56,4,0.05077166375688713,0.7791556119918823,1.389577865600586,1.870941481351652,5.960464477539063e-08,0.0,False,0.9582691192626953,0.8323419813481555,3.9218506813049316,0.3313314914703369,0.5104650855064392,6
56,5,-0.0366075247628354,0.8149257898330688,1.4074629545211792,1.7923038676418337,5.960464477539063e-08,0.0,False,1.0340489149093628,0.898163475526363,4.674222469329834,0.27784836292266846,0.5109989643096924,1
56,6,0.009494138146759127,0.8100725412368774,1.405036211013794,0.44170493739651795,5.960464477539063e-08,0.0,False,1.0123703479766846,0.8793337115374981,4.403347015380859,0.2958522439002991,0.5000053644180298,1
56,7,-0.01408594310844575,0.7917567491531372,1.3958784341812134,1.372007306789607,5.960464477539063e-08,0.0,False,1.0671004056930542,0.9268716356584297,5.065877437591553,0.25421392917633057,0.5057658553123474,7
56,8,0.0073568542737283485,0.792733371257782,1.3963667154312134,1.2195904287796144,2.9802322387695312e-08,0.0,False,1.0593162775039673,0.9201104278205338,4.805759906768799,0.26866990327835083,0.5096068382263184,7
56,9,0.002286210640363558,0.799651563167572,1.3998258113861084,0.3201327593912657,2.9802322387695312e-08,0.0,False,1.1062700748443604,0.9608939779992063,5.545586585998535,0.23150885105133057,0.5009830594062805,7
56,10,-0.022604976421666655,0.783979058265686,1.3919895887374878,0.4191532478400306,5.960464477539063e-08,0.0,False,1.0977660417556763,0.9535074687105299,5.32503604888916,0.24050486087799072,0.5168362259864807,7
56,11,0.05284738624137453,0.7999560832977295,1.3999779224395752,0.6720048811868066,1.1920928955078125e-07,0.0,False,1.0663783550262451,0.9262444704179302,5.109160900115967,0.2525072693824768,0.5002713203430176,7
56,12,0.019133627917774416,0.7769718766212463,1.3884859085083008,0.3981631886553536,2.9802322387695312e-08,0.0,False,1.0910346508026123,0.9476606568176317,5.254743576049805,0.24368800222873688,0.5124391317367554,1
56,13,0.0005039638638630146,0.783892035484314,1.3919460773468018,0.6899598985444929,5.960464477539063e-08,0.0,False,1.091676115989685,0.9482178263997891,5.051753044128418,0.25460705161094666,0.5039749145507812,1
56,14,0.006366137853659459,0.7966969013214111,1.3983484506607056,0.26005847954253414,0.0,0.0,False,1.061667561531067,0.922152727177247,4.728120803833008,0.27374565601348877,0.5019418597221375,1
56,15,-0.015525306127331391,0.8032556772232056,1.401627779006958,0.12997636987103206,5.960464477539063e-08,0.0,False,1.0678232908248901,0.9274995257060422,4.8491597175598145,0.2669694423675537,0.5003321170806885,1
56,16,0.01051440680889822,0.8080282807350159,1.404013991355896,0.8994091756789473,1.4901161193847656e-07,0.0,False,1.041006326675415,0.9042066066030134,4.41195821762085,0.295116126537323,0.5001199841499329,2
56,17,-0.019860625260141408,0.7649313807487488,1.3824657201766968,0.37784896673192686,2.9802322387695312e-08,0.0,False,1.0417708158493042,0.9048706334624032,4.287076473236084,0.3009325861930847,0.513359546661377,2
56,18,0.007699206955800474,0.8103607892990112,1.4051803350448608,0.6291157454262509,5.960464477539063e-08,0.0,False,1.0191688537597656,0.885238818631057,4.213627815246582,0.30980440974235535,0.5009353160858154,2
56,19,0.006567696512635962,0.7936829924583435,1.3968414068222046,1.73750421643975,8.940696716308594e-08,0.0,False,1.0649741888046265,0.9250248271344824,4.839715957641602,0.2669733464717865,0.5010500550270081,6
56,20,-0.015942375038270964,0.7934167385101318,1.396708369255066,0.515053400367641,0.0,0.0,False,1.144174337387085,0.9938172021250411,6.199100971221924,0.20542508363723755,0.5004160404205322,4
56,21,0.04289841999841214,0.8102914094924927,1.405145525932312,1.3852784825950906,1.7881393432617188e-07,0.0,False,0.9926415681838989,0.8621975111401157,4.0592193603515625,0.3221508264541626,0.5000200867652893,2
56,22,0.060912581786245444,0.7992519736289978,1.3996258974075317,1.7161514576715466,8.940696716308594e-08,0.0,False,1.0693203210830688,0.9287998296667807,4.94089937210083,0.2614922821521759,0.5020714998245239,6
56,23,0.04459982576262027,0.7941544055938721,1.397077202796936,0.30104163023117475,0.0,0.0,False,1.0229721069335938,0.8885422823644061,4.431955337524414,0.2927139699459076,0.5052574872970581,6
56,24,0.022792425354333685,0.8283557295799255,1.4141778945922852,0.6707322233554872,2.9802322387695312e-08,0.0,False,1.0918705463409424,0.9483867064571203,5.419111728668213,0.23856346309185028,0.5000114440917969,1
57,1,0.008799951368812856,0.7783492803573608,1.3891746997833252,1.0505528790610177,5.960464477539063e-08,0.0,False,1.0572625398635864,0.9183265739715449,4.680985927581787,0.27528029680252075,0.5131280422210693,3
57,2,-0.0847769835929853,0.7915133237838745,1.395756721496582,0.7331085374488372,5.960464477539063e-08,0.0,False,1.052541732788086,0.9142261330455055,4.552779674530029,0.2839416265487671,0.5227603912353516,3
57,3,0.002249613623733308,0.7679250836372375,1.383962631225586,0.6469910812837495,8.940696716308594e-08,0.0,False,1.0320305824279785,0.8964103742077404,4.233222484588623,0.3054523169994354,0.5009863972663879,3
57,4,0.0401809656652416,0.7838965058326721,1.3919482231140137,0.15581473679163316,2.9802322387695312e-08,0.0,False,1.0512899160385132,0.9131388188321184,4.4007978439331055,0.29436007142066956,0.5006109476089478,3
57,5,0.01905622572480382,0.8106196522712708,1.405309796333313,0.47020769715903904,2.9802322387695312e-08,0.0,False,1.0374362468719482,0.9011056746858137,4.450758934020996,0.29250842332839966,0.5026448965072632,3
57,6,0.0011575514403212878,0.7787347435951233,1.3893672227859497,0.7809428525278139,1.4901161193847656e-07,0.0,False,0.9999544620513916,0.8685494100469081,4.080428600311279,0.3180859684944153,0.5033780932426453,3
57,7,-0.037073736555622384,0.7427384853363037,1.3713692426681519,0.16788698007561537,0.0,0.0,False,0.9745736122131348,0.8465038839853681,3.809715986251831,0.33878839015960693,0.503544807434082,3
57,8,0.0031406130007729273,0.7514579892158508,1.3757292032241821,0.19250092314947762,2.086162567138672e-07,0.0,False,0.9673693776130676,0.8402463653190768,3.8526716232299805,0.33563417196273804,0.500501811504364,3
57,9,-0.0029840272819304735,0.7765935063362122,1.3882968425750732,0.180543187403434,8.940696716308594e-08,0.0,False,0.9757059812545776,0.8474874472377215,4.102308750152588,0.3160524368286133,0.507710337638855,3
57,10,0.04938298325827938,0.7684990167617798,1.3842495679855347,1.5858148854224343,5.960464477539063e-08,0.0,False,0.9264946579933167,0.8047430349586759,3.5019288063049316,0.3719908893108368,0.5014606714248657,7
57,11,-0.0008943315973015398,0.7833955883979797,1.391697883605957,0.5304324214016637,8.940696716308594e-08,0.0,False,0.929063618183136,0.8069744054280114,3.518101930618286,0.3715256452560425,0.5013114213943481,6
57,12,0.08023731423229233,0.7884909510612488,1.3942453861236572,0.4772288636155782,8.940696716308594e-08,0.0,False,0.9192742109298706,0.7984714343256176,3.475332021713257,0.3765518069267273,0.5072550773620605,7
57,13,-0.029319412688126885,0.7739812135696411,1.3869905471801758,0.45891426624315423,5.960464477539063e-08,0.0,False,0.9487159848213196,0.8240442342026167,3.7159926891326904,0.3502929210662842,0.5001214742660522,6
57,14,-0.002667344016465649,0.7464336156845093,1.3732167482376099,1.0771897037949678,5.960464477539063e-08,0.0,False,1.0840367078781128,0.9415823208240636,5.19663143157959,0.24533778429031372,0.5005084872245789,7
57,15,0.01664621856736358,0.7591975927352905,1.37959885597229,0.2942372517767121,5.960464477539063e-08,0.0,False,1.0816900730133057,0.9395440596784086,5.11269998550415,0.25024229288101196,0.5001976490020752,7
57,16,-0.02233670409743163,0.7603113651275635,1.3801558017730713,0.5384951711241638,1.1920928955078125e-07,0.0,False,1.0318821668624878,0.8962814620854981,4.5113444328308105,0.2853366732597351,0.5013362765312195,6
57,17,0.02468368070046651,0.7654962539672852,1.3827481269836426,1.1308480425532657,0.0,0.0,False,1.0562094449996948,0.9174118673949273,4.746890544891357,0.2704997658729553,0.5146510004997253,3
57,18,-0.007457336569116288,0.7653116583824158,1.3826558589935303,0.5137009357768944,2.9802322387695312e-08,0.0,False,1.0477250814437866,0.9100424428453434,4.765122413635254,0.2696596086025238,0.5047211050987244,3
57,19,-0.005670579210072223,0.7495957612991333,1.3747979402542114,0.21617150203212399,5.960464477539063e-08,0.0,False,1.0378708839416504,0.9014831956478182,4.576984882354736,0.28032803535461426,0.5043431520462036,3
57,20,-0.014290164034479814,0.7435271143913269,1.3717635869979858,0.13808908095473085,2.9802322387695312e-08,0.0,False,1.0437719821929932,0.9066088244632724,4.607009410858154,0.27813491225242615,0.5008403062820435,3
57,21,-0.0036283401164799575,0.7469801306724548,1.3734900951385498,0.2637854284915251,2.9802322387695312e-08,0.0,False,1.0264616012573242,0.8915732186232639,4.3681464195251465,0.29411399364471436,0.506152331829071,7
57,22,0.005494508008801294,0.7566261291503906,1.3783129453659058,0.23901939500242297,1.1920928955078125e-07,0.0,False,1.0217711925506592,0.8874991813849127,4.419706344604492,0.2912296652793884,0.5033410787582397,7
57,23,-0.026699406416200097,0.7477784752845764,1.3738892078399658,0.5111938488364139,2.9802322387695312e-08,0.0,False,1.0630016326904297,0.9233114866632021,4.960760116577148,0.25766611099243164,0.5004765391349792,7
57,24,0.008787835669530328,0.7506440877914429,1.3753221035003662,0.46061721622342167,5.960464477539063e-08,0.0,False,1.0459922552108765,0.9085373291032433,4.526651382446289,0.28367525339126587,0.5033422708511353,7
58,1,0.01731179778718725,0.8350611925125122,1.4175306558609009,1.294588032577719,5.960464477539063e-08,0.0,False,1.0113507509231567,0.8784481007892742,4.330149173736572,0.3026260435581207,0.5019416213035583,7
58,2,-0.020804824945127524,0.8211768269538879,1.4105885028839111,0.5355097421754876,8.940696716308594e-08,0.0,False,1.0625975131988525,0.922960472932759,4.727845668792725,0.2751333713531494,0.5021636486053467,7
58,3,0.051659240782637166,0.8354446887969971,1.417722225189209,0.7858502583163831,1.1920928955078125e-07,0.0,False,1.010148048400879,0.8774034466516814,4.384842872619629,0.2987458407878876,0.5000098347663879,7
58,4,-0.02722378810359602,0.8113999366760254,1.4056999683380127,0.7884585720034741,0.0,0.0,False,1.0491183996200562,0.9112526636363221,4.636627674102783,0.280303955078125,0.5009448528289795,7
58,5,-0.05321650468337398,0.8104288578033447,1.4052143096923828,1.072382415934706,1.1920928955078125e-07,0.0,False,1.076716661453247,0.9352242092848739,5.105991363525391,0.2532051205635071,0.5000278949737549,7
58,6,0.011919922313908118,0.8080008029937744,1.4040004014968872,0.7903560619432866,0.0,0.0,False,1.056909441947937,0.9180198770188688,4.880632400512695,0.265359491109848,0.5022286176681519,1
58,7,0.0325243208512241,0.8140885829925537,1.4070444107055664,0.5275221408483609,1.1920928955078125e-07,0.0,False,1.0783771276474,0.9366664718958889,5.142358303070068,0.25147804617881775,0.5006122589111328,1
58,8,-0.03000227564691922,0.811554491519928,1.4057773351669312,1.6794979201696434,8.940696716308594e-08,0.0,False,1.063750982284546,0.9239623634506843,4.950808048248291,0.2616402208805084,0.5002254843711853,7
58,9,0.026436735936981544,0.8067182898521423,1.4033591747283936,0.8684051760742945,2.9802322387695312e-08,0.0,False,1.0682353973388672,0.9278574768759954,4.857054233551025,0.26650458574295044,0.5072934627532959,7
58,10,-0.015521468514834616,0.8042998909950256,1.4021499156951904,0.5484326925696085,2.9802322387695312e-08,0.0,False,1.0921356678009033,0.9486169880313106,5.297127723693848,0.24323709309101105,0.5010965466499329,7
58,11,-0.0494568461061458,0.8026408553123474,1.4013205766677856,1.1044549466579194,1.4901161193847656e-07,0.0,False,0.9826650619506836,0.8535320279285981,4.086623191833496,0.3193609118461609,0.5000162720680237,2
58,12,0.031142593002489217,0.8064029216766357,1.4032014608383179,0.5292585899825101,0.0,0.0,False,0.974238395690918,0.846212718613685,3.847907543182373,0.34027042984962463,0.501991868019104,2
58,13,-0.00956878391638764,0.8058504462242126,1.4029252529144287,0.3492384844762232,2.9802322387695312e-08,0.0,False,0.995199978351593,0.8644197179766652,4.070054531097412,0.32089805603027344,0.5016405582427979,2
58,14,-0.005492993894229217,0.8251157999038696,1.4125579595565796,1.0540700876811822,5.960464477539063e-08,0.0,False,1.112191915512085,0.9660376234486124,5.641227722167969,0.2284124791622162,0.5014716982841492,1
58,15,-0.023921049422665205,0.8274773359298706,1.41373872756958,0.6013345275762755,5.960464477539063e-08,0.0,False,1.0051368474960327,0.8730507728503148,4.395727634429932,0.29717451333999634,0.5102729797363281,1
58,16,0.01834039877759405,0.8357154130935669,1.4178576469421387,0.5226658241700411,5.960464477539063e-08,0.0,False,0.991118848323822,0.8608748934746839,4.250334739685059,0.3086863160133362,0.500135064125061,2
58,17,-0.0027615762227417673,0.8250818252563477,1.4125409126281738,0.45009161254472624,0.0,0.0,False,1.010301113128662,0.877536396984982,4.372862339019775,0.2988889813423157,0.5023840665817261,2
58,18,0.00366521519247365,0.8084003329277039,1.4042001962661743,0.38729153707305736,2.9802322387695312e-08,0.0,False,1.0170574188232422,0.8834048495473972,4.450593948364258,0.29245731234550476,0.5000258088111877,2
58,19,-0.026363022929383244,0.816970705986023,1.4084854125976562,0.5049108262984783,5.960464477539063e-08,0.0,False,1.0444858074188232,0.9072288451765151,4.796191215515137,0.2705468535423279,0.5101080536842346,1
58,20,0.003744739574336648,0.8083637952804565,1.404181957244873,0.16951128602811755,5.960464477539063e-08,0.0,False,1.0233099460601807,0.8888357257013015,4.505822658538818,0.2886558473110199,0.5014855861663818,1
58,21,-0.008348069376445938,0.8101442456245422,1.4050722122192383,0.59785638278904,8.940696716308594e-08,0.0,False,1.0555137395858765,0.9168075853504243,4.915910720825195,0.26320523023605347,0.511455774307251,1
58,22,-0.014899891635669618,0.7942031025886536,1.397101640701294,0.5700702418327466,8.940696716308594e-08,0.0,False,1.0352652072906494,0.8992199336655105,4.458985328674316,0.29097574949264526,0.5009855031967163,2
58,23,-0.0031496286238573467,0.7986012101173401,1.399300456047058,0.31382220253528487,1.4901161193847656e-07,0.0,False,1.0159611701965332,0.8824526600886498,4.271527290344238,0.3044617176055908,0.5073850154876709,2
58,24,0.010494561023778397,0.7811897993087769,1.3905948400497437,0.24639551579235364,5.960464477539063e-08,0.0,False,1.0233933925628662,0.8889082064126025,4.290247917175293,0.3020971119403839,0.5011757612228394,2
59,1,0.030027216848999734,0.8081570267677307,1.4040786027908325,0.9906592283930098,8.940696716308594e-08,0.0,False,1.1311094760894775,0.9824692077882766,5.957457542419434,0.21485424041748047,0.50163334608078,4
59,2,-0.10529336594242052,0.7892305850982666,1.3946151733398438,1.3265345427621875,1.1920928955078125e-07,0.0,False,1.0021159648895264,0.8704268675573484,4.197152614593506,0.30965861678123474,0.5005919337272644,4
59,3,0.002998693286692786,0.7947239279747009,1.3973621129989624,1.9336945268305723,1.4901161193847656e-07,0.0,False,1.090083360671997,0.9468343767088012,5.433996200561523,0.23543551564216614,0.5333111882209778,2
59,4,0.017490647972970792,0.7920734286308289,1.3960366249084473,0.22632014057606825,8.940696716308594e-08,0.0,False,1.1100528240203857,0.96417963218635,5.788257598876953,0.22021529078483582,0.5263426303863525,2
59,5,-0.00896310438410352,0.7817386388778687,1.390869379043579,0.2233747636282953,5.960464477539063e-08,0.0,False,1.090547800064087,0.9472377836391275,5.3702168464660645,0.23816178739070892,0.5205528140068054,4
59,6,-0.0421981908221515,0.8067498207092285,1.4033749103546143,1.5257308870502506,0.0,0.0,False,1.0271186828613281,0.892143952452822,4.404040813446045,0.29543864727020264,0.5055606365203857,2
59,7,-0.07898506646807944,0.7532037496566772,1.3766016960144043,1.0075940174465985,1.7881393432617188e-07,0.0,False,1.030923843383789,0.8954490728881437,4.248007297515869,0.30294790863990784,0.5166411399841309,2
59,8,0.07290230500640305,0.7399478554725647,1.3699740171432495,0.5446815947105476,8.940696716308594e-08,0.0,False,1.0111587047576904,0.8782812916094088,4.005947113037109,0.32143041491508484,0.5014586448669434,2
59,9,0.08346329781476534,0.771793007850647,1.3858963251113892,1.2339544302091183,1.7881393432617188e-07,0.0,False,1.057800531387329,0.9187938674716892,4.836058139801025,0.26599377393722534,0.5001909732818604,6
59,10,-0.030899649756145658,0.7637062668800354,1.3818532228469849,0.2966939423646061,8.940696716308594e-08,0.0,False,1.0412311553955078,0.9044018903480328,4.589044570922852,0.28052443265914917,0.5002119541168213,4
59,11,0.003350754022400957,0.7973340749740601,1.3986670970916748,1.7842769088874397,5.960464477539063e-08,0.0,False,0.9399875402450562,0.8164628035724776,3.6312029361724854,0.36068791151046753,0.5014586448669434,2
59,12,-0.11496991859762183,0.8147774338722229,1.4073888063430786,0.47801863365398034,8.940696716308594e-08,0.0,False,0.9897889494895935,0.8597197580242939,4.121767044067383,0.3170112371444702,0.5120493173599243,2
59,13,-0.1270549343964138,0.8208821415901184,1.4104411602020264,0.7856312904344266,8.940696716308594e-08,0.0,False,1.0808849334716797,0.938844724358228,5.128523349761963,0.2523479759693146,0.5068999528884888,2
59,14,-0.019572535946373582,0.8040007948875427,1.4020004272460938,0.37875597490558144,2.9802322387695312e-08,0.0,False,1.0867465734481812,0.9439360801516242,5.224605560302734,0.2467530071735382,0.5025578737258911,7
59,15,0.0382016892992254,0.8154701590538025,1.4077351093292236,0.269753507662014,2.9802322387695312e-08,0.0,False,1.0795745849609375,0.937706570103057,5.096071720123291,0.2539636790752411,0.5005269050598145,2
59,16,0.04341951702300667,0.7937601208686829,1.3968802690505981,1.0288697112966916,2.086162567138672e-07,0.0,False,1.0384035110473633,0.9019458296736647,4.678597927093506,0.2762904167175293,0.513973593711853,4
59,17,-0.08336060193994076,0.7984567880630493,1.3992283344268799,1.2959748004272074,5.960464477539063e-08,0.0,False,1.041386365890503,0.9045367044710525,4.7425432205200195,0.27158284187316895,0.5520547032356262,2
59,18,-0.048180497740174064,0.795771062374115,1.3978855609893799,0.7264860266565515,2.9802322387695312e-08,0.0,False,1.1132843494415283,0.9669864995034148,5.5614914894104,0.23042210936546326,0.5087711811065674,2
59,19,0.017075770363702093,0.7955119013786316,1.3977559804916382,0.34160760181136446,2.9802322387695312e-08,0.0,False,1.0647845268249512,0.9248600888320827,4.870137691497803,0.26461857557296753,0.5265182852745056,2
59,20,0.07391654327240353,0.7993998527526855,1.3996999263763428,0.8841053462629782,0.0,0.0,False,1.0365386009216309,0.9003259893199624,4.407121181488037,0.29488399624824524,0.501185417175293,2
59,21,0.007788116076361441,0.7956193685531616,1.397809624671936,0.46978122506986103,5.960464477539063e-08,0.0,False,1.0533909797668457,0.9149637795988023,4.655102729797363,0.2780510187149048,0.5071375370025635,2
59,22,0.003994581500142159,0.7833590507507324,1.3916795253753662,0.10288471941363396,0.0,0.0,False,1.049447774887085,0.9115387553582142,4.558499813079834,0.28360724449157715,0.5032908916473389,2
59,23,0.005499448001687795,0.7891250848770142,1.3945624828338623,0.23671647785853847,5.960464477539063e-08,0.0,False,1.0257244110107422,0.890932903310857,4.270120620727539,0.3040980398654938,0.501689076423645,2
59,24,0.09528531554995845,0.7993184328079224,1.399659276008606,0.8212094800143045,5.960464477539063e-08,0.0,False,1.0103893280029297,0.8776130194512143,4.309480667114258,0.3018819987773895,0.500933051109314,1
60,1,-0.009640011769488279,0.7833183407783508,1.3916592597961426,1.0019646414688654,8.940696716308594e-08,0.0,False,1.0387420654296875,0.9022398942737998,4.1678900718688965,0.3115278482437134,0.500343918800354,7
60,2,0.06282398329713257,0.7941468358039856,1.39707350730896,0.03816538464691982,8.940696716308594e-08,0.0,False,1.0364124774932861,0.9002164399020248,4.172517776489258,0.3118710219860077,0.5017871856689453,7
60,3,-0.04614546422977271,0.798285186290741,1.3991425037384033,0.23465192865511963,8.940696716308594e-08,0.0,False,1.0023348331451416,0.8706169741087033,3.976551055908203,0.3282701373100281,0.500005304813385,7
60,4,0.058193832595482026,0.7919723391532898,1.3959860801696777,0.28350499477142516,8.940696716308594e-08,0.0,False,1.0350502729415894,0.8990332440619739,4.156047344207764,0.31306082010269165,0.5000002384185791,7
60,5,0.04775895420220773,0.7869483828544617,1.3934741020202637,0.16160628925869516,8.940696716308594e-08,0.0,False,1.0378825664520264,0.9014933429474004,4.1797943115234375,0.31073713302612305,0.5045731663703918,7
60,6,-0.026773269236740956,0.7821390628814697,1.3910695314407349,0.09319358504996281,0.0,0.0,False,1.031740427017212,0.8961583484201598,4.138852596282959,0.3135351240634918,0.5074594020843506,7
60,7,-0.0032886496257876503,0.7866113781929016,1.393305778503418,0.16271779717072943,8.940696716308594e-08,0.0,False,1.0385124683380127,0.902040468773849,4.187674045562744,0.3100712299346924,0.5057812929153442,7
60,8,-0.04391699663966769,0.783453643321991,1.3917267322540283,0.053367931266111765,8.940696716308594e-08,0.0,False,1.0396555662155151,0.9030333509747982,4.184082508087158,0.31018054485321045,0.5040346384048462,7
60,9,-0.03448715583482764,0.7942672371864319,1.3971335887908936,0.5087332903470297,2.9802322387695312e-08,0.0,False,1.0356231927871704,0.8995308759169914,4.1843180656433105,0.3108428120613098,0.5060872435569763,7
60,10,0.023630126262057016,0.7859044075012207,1.3929522037506104,0.07881116631486831,0.0,0.0,False,1.0391016006469727,0.9025521825956334,4.193704605102539,0.30960673093795776,0.5039632320404053,7
60,11,0.060056145245375975,0.7797296643257141,1.3898649215698242,0.0832792976937978,8.940696716308594e-08,0.0,False,1.036773443222046,0.9005299707503379,4.173125743865967,0.31072694063186646,0.5058262944221497,7
60,12,0.03944050442848285,0.7736963629722595,1.3868482112884521,0.5547763843272799,2.9802322387695312e-08,0.0,False,1.035449743270874,0.8993802195813588,4.160955905914307,0.31115978956222534,0.5095646381378174,7
60,13,0.046067005603177766,0.773740828037262,1.3868703842163086,0.05383684390653273,2.9802322387695312e-08,0.0,False,1.0329656600952148,0.8972225723498038,4.140025615692139,0.31283026933670044,0.5085501670837402,7
60,14,-0.002303276269131065,0.7612476944923401,1.3806238174438477,0.46030180457209635,2.9802322387695312e-08,0.0,False,1.0326988697052002,0.8969908411613875,4.109426975250244,0.3144947290420532,0.5039343237876892,7
60,15,0.03728833816618944,0.7914412617683411,1.3957206010818481,0.6812001903885792,2.9802322387695312e-08,0.0,False,1.0119147300720215,0.8789379668537951,4.014287948608398,0.3244612216949463,0.5036206841468811,7
60,16,0.010045161678355587,0.752754271030426,1.3763773441314697,0.26143052441504344,2.086162567138672e-07,0.0,False,0.9678396582603455,0.8406548458991941,3.753176689147949,0.34495046734809875,0.5012388229370117,7
60,17,0.03577040335547935,0.7877582907676697,1.3938791751861572,0.19499281669262197,2.9802322387695312e-08,0.0,False,1.0107240676879883,0.8779037706474043,3.9981536865234375,0.3256375193595886,0.5007032155990601,7
60,18,0.016645829768952056,0.7554998397827148,1.3777499198913574,0.561463511226344,0.0,0.0,False,1.035864233970642,0.8997402416287777,4.116205215454102,0.31359970569610596,0.5018362402915955,7
60,19,0.02776200597736777,0.801202654838562,1.4006013870239258,0.6872702498803751,5.960464477539063e-08,0.0,False,1.0245692729949951,0.8899295631787056,4.10779333114624,0.31754329800605774,0.5000026226043701,7
60,20,0.012852378077531503,0.8031565546989441,1.4015783071517944,0.5022367807250783,2.9802322387695312e-08,0.0,False,1.0074288845062256,0.8750416109020044,3.9748666286468506,0.3287704885005951,0.5000070333480835,7
60,21,0.006458086547069296,0.7762842178344727,1.3881421089172363,0.6188804129938534,0.0,0.0,False,1.0324161052703857,0.8967452350939507,4.142882823944092,0.31277215480804443,0.5089234113693237,7
60,22,-0.00812602338052288,0.7821136713027954,1.391056776046753,0.12864667187150947,5.960464477539063e-08,0.0,False,1.0328047275543213,0.8970827881208663,4.130460739135742,0.3143733739852905,0.5008998513221741,7
60,23,-0.002706910920416399,0.7802231311798096,1.3901114463806152,0.480833236854197,1.1920928955078125e-07,0.0,False,1.0364691019058228,0.9002656232418361,4.153916835784912,0.3123539984226227,0.5023025274276733,7
60,24,-0.0036795430466546337,0.7953959703445435,1.397697925567627,0.6582514002000976,5.960464477539063e-08,0.0,False,1.0004980564117432,0.869021570109097,3.9280996322631836,0.3322279155254364,0.5017216205596924,7
61,1,0.026661056356673974,0.7798084616661072,1.389904260635376,1.1627707864556993,2.9802322387695312e-08,0.0,False,1.046473503112793,0.9089553357197029,4.608813762664795,0.27996405959129333,0.5103653073310852,7
61,2,0.03088286026813342,0.7678249478340149,1.3839125633239746,0.5426957510473454,8.940696716308594e-08,0.0,False,0.9982689619064331,0.8670854032225029,4.157681465148926,0.31109631061553955,0.5061863660812378,7
61,3,0.029079894385269426,0.791900634765625,1.3959503173828125,0.9621378755329762,0.0,0.0,False,0.9869793653488159,0.8572793842467287,4.247467994689941,0.3054299056529999,0.5217516422271729,2
61,4,-0.06389533779279433,0.8004438877105713,1.4002219438552856,0.5609026494570465,0.0,0.0,False,1.0244057178497314,0.8897875009845558,4.379660129547119,0.29680776596069336,0.5040155649185181,2
61,5,-0.0648805349676547,0.8014282584190369,1.4007141590118408,0.6651253074403973,2.9802322387695312e-08,0.0,False,1.0143139362335205,0.8810218908475697,4.168116092681885,0.31272536516189575,0.5013006329536438,2
61,6,-0.05348990827941358,0.8181267976760864,1.409063458442688,0.5822048864939242,5.960464477539063e-08,0.0,False,0.9614980220794678,0.8351465707000078,3.8069357872009277,0.34502744674682617,0.5005211234092712,2
61,7,-0.012216289432694215,0.8191350698471069,1.4095675945281982,0.28869517110226744,5.960464477539063e-08,0.0,False,0.9404025077819824,0.8168232397953897,3.609654664993286,0.3647669553756714,0.5001501441001892,7
61,8,-0.034966360537985866,0.8213451504707336,1.410672664642334,0.09829096877548026,8.940696716308594e-08,0.0,False,0.9343093633651733,0.8115308018000701,3.5515172481536865,0.3711649477481842,0.5000000596046448,7
61,9,0.011332723691484664,0.8090587854385376,1.404529333114624,0.10297788381056215,5.960464477539063e-08,0.0,False,0.953157365322113,0.8279019682896713,3.698094606399536,0.35489511489868164,0.500057578086853,7
61,10,0.005846335302179875,0.7832004427909851,1.3916001319885254,0.1824140577902809,8.940696716308594e-08,0.0,False,0.899109959602356,0.7809569881591178,3.3465187549591064,0.39116787910461426,0.5042157769203186,7
61,11,0.02804395704268011,0.8018720746040344,1.4009358882904053,0.12841280016146622,1.4901161193847656e-07,0.0,False,0.8943270444869995,0.7768026008750959,3.326399087905884,0.39544931054115295,0.5007147192955017,2
61,12,0.022918111040132746,0.7927240133285522,1.3963619470596313,0.6064484963759322,5.960464477539063e-08,0.0,False,0.9167859554290771,0.7963101630584977,3.427414894104004,0.38257235288619995,0.5004611015319824,2
61,13,-0.028478880703877867,0.8053005337715149,1.4026503562927246,0.43023477156043327,8.940696716308594e-08,0.0,False,0.9476508498191833,0.8231190696947972,3.674236536026001,0.3569871783256531,0.5000597238540649,2
61,14,0.0501706100022015,0.8059033155441284,1.4029515981674194,0.44638317960820717,5.960464477539063e-08,0.0,False,0.9086567163467407,0.7892491957074357,3.392270088195801,0.38784271478652954,0.5014458298683167,2
61,15,0.034753215343577754,0.8157975673675537,1.4078987836837769,0.84311114894208,0.0,0.0,False,1.0322121381759644,0.8965680715267565,4.231643199920654,0.3087853789329529,0.5009113550186157,2
61,16,0.015188626008585962,0.8103268146514893,1.405163288116455,2.1984756742222906,1.1920928955078125e-07,0.0,False,0.9139246940612793,0.7938249030118625,3.49208927154541,0.3765396475791931,0.508378267288208,6
61,17,0.0013519252306682175,0.8103370070457458,1.4051685333251953,0.6089295165618471,2.9802322387695312e-08,0.0,False,0.9818753004074097,0.8528460497680715,4.120755195617676,0.31712043285369873,0.500410795211792,7
61,18,0.00561353945706606,0.8003069162368774,1.400153398513794,0.8626558831308522,5.960464477539063e-08,0.0,False,0.9435012936592102,0.8195148110095491,3.6692700386047363,0.35691016912460327,0.5062838196754456,2
61,19,0.02533144566791691,0.8082901239395142,1.4041450023651123,0.8271606580319025,5.960464477539063e-08,0.0,False,1.0054495334625244,0.8733223684299467,4.153913974761963,0.3140197694301605,0.5116065144538879,2
61,20,0.035794050180305466,0.79453045129776,1.3972651958465576,0.33680318770961015,2.9802322387695312e-08,0.0,False,1.0023621320724487,0.8706406856556861,4.250522136688232,0.30517125129699707,0.5290701389312744,2
61,21,0.021303743106134903,0.7987889051437378,1.3993945121765137,0.28586560301413705,5.960464477539063e-08,0.0,False,1.0394346714019775,0.9028414841775974,4.443565845489502,0.29190921783447266,0.5157734155654907,2
61,22,0.031627740468213504,0.7813888788223267,1.390694499015808,0.5696335079931756,5.960464477539063e-08,0.0,False,0.9833074808120728,0.8540900258617419,4.079213619232178,0.31725022196769714,0.5454353094100952,2
61,23,-0.017405444220580144,0.7953948378562927,1.3976974487304688,0.10691481525870158,2.9802322387695312e-08,0.0,False,0.9756283760070801,0.8474200401762118,3.9192023277282715,0.33222097158432007,0.5305243730545044,2
61,24,-0.07928756287425928,0.7807888388633728,1.3903944492340088,1.325560496590411,2.9802322387695312e-08,0.0,False,0.9443193674087524,0.8202253808399814,3.77579402923584,0.3450707197189331,0.500370442867279,7
62,1,-0.03519220600947571,0.8381356596946716,1.4190678596496582,1.4222799028669084,2.9802322387695312e-08,0.0,False,0.950069010257721,0.8252194571644245,3.7107274532318115,0.35588696599006653,0.5018044710159302,2
62,2,0.06050021194910295,0.7733115553855896,1.3866558074951172,1.3075023128084682,2.9802322387695312e-08,0.0,False,1.0441378355026245,0.9069266006103903,4.701903820037842,0.2739795744419098,0.5026867389678955,7
62,3,0.05679177197394384,0.7997484803199768,1.399874210357666,0.5055624221152674,2.9802322387695312e-08,0.0,False,0.9571831822395325,0.8313987484344474,3.8965415954589844,0.33538156747817993,0.5008376836776733,7
62,4,0.03970546033132906,0.7870988249778748,1.3935494422912598,0.3975803318406262,2.9802322387695312e-08,0.0,False,0.9669368863105774,0.8398707081467915,4.124234199523926,0.3151988387107849,0.5015642642974854,7
62,5,0.022482706742403595,0.8121823072433472,1.4060912132263184,1.1173494810017284,5.960464477539063e-08,0.0,False,1.002892255783081,0.8711011452601934,4.162712097167969,0.31375396251678467,0.5057541131973267,7
62,6,-0.001155550190462087,0.8179231286048889,1.408961534500122,0.5212357220114621,2.9802322387695312e-08,0.0,False,0.9637124538421631,0.8370700016901875,3.9647536277770996,0.330702006816864,0.5006005764007568,7
62,7,0.0061883578576000554,0.8280190229415894,1.41400945186615,0.34607869595005897,5.960464477539063e-08,0.0,False,0.9827775359153748,0.8536297215730444,4.036951541900635,0.32525667548179626,0.5000287294387817,7
62,8,-0.059190991659080636,0.819905161857605,1.4099526405334473,0.845105254392641,5.960464477539063e-08,0.0,False,1.0509896278381348,0.9128779918153085,4.860738754272461,0.26717543601989746,0.5011101961135864,2
62,9,-0.05912399785982754,0.7979623079299927,1.398980975151062,0.7651294234853667,1.7881393432617188e-07,0.0,False,1.0461320877075195,0.9086587860666089,4.824516773223877,0.26811039447784424,0.5004443526268005,7
62,10,-0.023613088980900497,0.7917007803916931,1.395850419998169,0.15414952236648571,2.9802322387695312e-08,0.0,False,1.0309624671936035,0.8954826211030887,4.496121883392334,0.28830569982528687,0.5009670257568359,7
62,11,-0.008869344434339637,0.7893046140670776,1.394652247428894,0.11808723601098278,5.960464477539063e-08,0.0,False,1.0238984823226929,0.8893469218037195,4.3718085289001465,0.2967647612094879,0.5000181198120117,7
62,12,-0.030571195349906266,0.7783443927764893,1.3891721963882446,0.21706551658773948,0.0,0.0,False,1.029726266860962,0.8944088711371022,4.2009758949279785,0.30851253867149353,0.5047281980514526,7
62,13,0.06713665146794168,0.8044697046279907,1.4022347927093506,0.5988503561472677,5.960464477539063e-08,0.0,False,1.0002317428588867,0.8687902530961737,4.032088756561279,0.32387977838516235,0.5042935609817505,7
62,14,-0.01858247562814427,0.7888648509979248,1.394432544708252,0.861053251501829,1.1920928955078125e-07,0.0,False,0.9969054460525513,0.8659010683998459,4.350063800811768,0.2982483506202698,0.5014699697494507,2
62,15,0.001477908239772385,0.7891378402709961,1.394568920135498,0.4475452975059483,0.0,0.0,False,1.003835678100586,0.871920591473387,4.119210243225098,0.31578248739242554,0.5000828504562378,7
62,16,-0.026206829044753112,0.7831997275352478,1.3915998935699463,0.13122130681474328,2.9802322387695312e-08,0.0,False,1.0166289806365967,0.8830327128668036,4.162710666656494,0.3119320869445801,0.500041127204895,7
62,17,-0.01873845938410524,0.7910298109054565,1.395514965057373,0.24651165499138902,5.960464477539063e-08,0.0,False,1.0283808708190918,0.8932402749831849,4.137009620666504,0.3144753575325012,0.5008658170700073,7
62,18,-0.013983554097117027,0.7942293882369995,1.3971147537231445,0.2296900232934106,5.960464477539063e-08,0.0,False,0.9881787896156311,0.8583211909278061,3.871213436126709,0.33726340532302856,0.5002974271774292,7
62,19,-0.000961672403379583,0.7983298301696777,1.3991649150848389,0.12113231417131692,0.0,0.0,False,0.9788732528686523,0.8502385044070845,3.821054220199585,0.34219497442245483,0.5000306367874146,7
62,20,0.009595356387348774,0.7974089980125427,1.3987045288085938,0.14748113955363562,2.9802322387695312e-08,0.0,False,0.954071581363678,0.8286960462539095,3.689645290374756,0.35477086901664734,0.5011160969734192,7
62,21,0.023737558130011528,0.7896538376808167,1.394826889038086,0.18285134654718654,2.9802322387695312e-08,0.0,False,0.9806729555130005,0.8518017062620986,3.9450433254241943,0.33034777641296387,0.5005847811698914,7
62,22,0.019794662979110478,0.7917980551719666,1.3958990573883057,0.21684217737226885,2.9802322387695312e-08,0.0,False,0.9428254961967468,0.8189278207918851,3.57853627204895,0.3657724857330322,0.5000016093254089,7
62,23,-0.06223523910216482,0.7744911909103394,1.3872456550598145,0.08936080860209214,5.960464477539063e-08,0.0,False,0.9285804629325867,0.806554742109579,3.517057180404663,0.3708418607711792,0.5021305680274963,7
62,24,-0.007159348609315145,0.8069595098495483,1.403479814529419,0.6167065495836703,5.960464477539063e-08,0.0,False,0.9743910431861877,0.8463453065434291,3.8890278339385986,0.3365631401538849,0.5020548105239868,7
63,1,0.0564429645931234,0.7941341996192932,1.3970671892166138,0.968495671238218,8.940696716308594e-08,0.0,False,1.146955966949463,0.9962332948643206,6.285733222961426,0.2023673802614212,0.5027188062667847,1
63,2,0.003370425673446268,0.7852591872215271,1.3926297426223755,0.3460630950035581,1.4901161193847656e-07,0.0,False,1.1251652240753174,0.9773060960906925,5.757715702056885,0.22186483442783356,0.5010932683944702,1
63,3,0.03157678182383945,0.7909803986549377,1.3954901695251465,1.5282305997051921,2.9802322387695312e-08,0.0,False,1.048309087753296,0.9105497042805765,4.663885116577148,0.2773371636867523,0.5033186674118042,4
63,4,0.035480134058256285,0.7983849048614502,1.3991923332214355,0.6707679256070482,1.1920928955078125e-07,0.0,False,1.0827476978302002,0.940462700922211,5.1982221603393555,0.2477293312549591,0.505211591720581,4
63,5,0.0019943021226546337,0.7802029848098755,1.390101432800293,0.27300228846169194,5.960464477539063e-08,0.0,False,1.0486053228378296,0.9108070108056947,4.651668071746826,0.2774704396724701,0.5033189058303833,4
63,6,-0.011114235998463808,0.808896005153656,1.4044480323791504,1.5920828595055452,2.9802322387695312e-08,0.0,False,1.0444976091384888,0.9072390960199705,4.483423233032227,0.29023781418800354,0.5001938343048096,1
63,7,-0.01141908545640685,0.7973026037216187,1.3986512422561646,0.5997942886649961,5.960464477539063e-08,0.0,False,1.076907992362976,0.9353903972014996,5.082707405090332,0.2532718777656555,0.517906904220581,1
63,8,-0.019998379743770344,0.8012319207191467,1.400615930557251,0.9101824029723202,2.9802322387695312e-08,0.0,False,1.101475715637207,0.9567296505033488,5.330644130706787,0.24143697321414948,0.5024837851524353,1
63,9,7.228284733915274e-05,0.7934173345565796,1.3967088460922241,0.8923187384873448,1.7881393432617188e-07,0.0,False,1.0505084991455078,0.912460088742722,4.612771034240723,0.2807602286338806,0.5013483166694641,1
63,10,0.006716740002199797,0.785426676273346,1.3927133083343506,0.2660390221317358,2.9802322387695312e-08,0.0,False,1.1017054319381714,0.9569291795471729,5.269909858703613,0.2436855137348175,0.50010085105896,1
63,11,-0.002200368310265063,0.7724423408508301,1.386221170425415,0.9393061396505198,0.0,0.0,False,1.1104682683944702,0.9645404825847553,5.498657703399658,0.23238199949264526,0.5006473660469055,4
63,12,0.002912498344416329,0.7913941740989685,1.3956971168518066,0.9737310267591827,2.9802322387695312e-08,0.0,False,1.090895652770996,0.947539924661379,5.066461086273193,0.2542722821235657,0.501814067363739,1
63,13,-0.01946470385874076,0.7891998291015625,1.3945999145507812,0.6721869730261467,0.0,0.0,False,1.050376296043396,0.9123452585872467,4.652484893798828,0.27800676226615906,0.5010981559753418,1
63,14,0.013886616376180893,0.7920975685119629,1.3960487842559814,0.5977866866882149,0.0,0.0,False,1.0510914325714111,0.9129664182830955,4.77030611038208,0.2705170810222626,0.5175780057907104,2
63,15,0.020792691050095548,0.7747483849525452,1.3873740434646606,1.1760066234959665,1.4901161193847656e-07,0.0,False,1.1021318435668945,0.9572995559819206,5.301392078399658,0.24161960184574127,0.5009933710098267,1
63,16,0.010865808746707367,0.7645202279090881,1.3822602033615112,0.515775101423867,8.940696716308594e-08,0.0,False,1.1060057878494263,0.9606644212321289,5.332769870758057,0.23964206874370575,0.5004425048828125,1
63,17,0.06662614783347968,0.773377537727356,1.3866887092590332,0.7486323018564468,5.960464477539063e-08,0.0,False,1.1114404201507568,0.965384882871411,5.4867262840271,0.2328387200832367,0.5052207112312317,1
63,18,0.010750927133897656,0.768477201461792,1.3842387199401855,1.130811056535567,1.1920928955078125e-07,0.0,False,1.05149507522583,0.9133170178380454,4.708662986755371,0.27328917384147644,0.502571165561676,6
63,19,0.04806072184969771,0.7931196689605713,1.396559715270996,1.5208626750243444,1.1920928955078125e-07,0.0,False,1.0651156902313232,0.925147733712074,4.827983379364014,0.2671544849872589,0.5182116031646729,1
63,20,0.03222176188992951,0.7782190442085266,1.3891096115112305,1.2205928039868155,8.940696716308594e-08,0.0,False,1.1124966144561768,0.9663022815887341,5.481057167053223,0.2334495335817337,0.5001148581504822,1
63,21,0.0036277884571216533,0.7666578888893127,1.3833290338516235,0.30665325638058544,8.940696716308594e-08,0.0,False,1.1351361274719238,0.9859667127401657,6.024031162261963,0.21056629717350006,0.5075026154518127,1
63,22,-0.013249312872873252,0.7475233674049377,1.3737616539001465,0.5594607836148368,2.9802322387695312e-08,0.0,False,1.1082170009613037,0.96258505653773,5.437948226928711,0.23381350934505463,0.5061414241790771,2
63,23,0.017989951555887177,0.7634370923042297,1.381718635559082,0.8553044567232659,8.940696716308594e-08,0.0,False,1.068282127380371,0.927898066074324,4.855538368225098,0.26394808292388916,0.5180894732475281,2
63,24,-0.039868770578799284,0.7626523375511169,1.3813260793685913,0.09194622302132659,8.940696716308594e-08,0.0,False,1.0665740966796875,0.9264144894578675,4.810561180114746,0.2667006552219391,0.5101274847984314,2
64,1,0.02125517397502424,0.8208684921264648,1.410434365272522,1.3913099063294274,1.1920928955078125e-07,0.0,False,1.0010356903076172,0.8694885529776214,4.424910545349121,0.2949460744857788,0.502223014831543,4
64,2,0.016263947616848993,0.7980713844299316,1.3990356922149658,0.4209805275727832,0.0,0.0,False,1.062598466873169,0.9229613012837453,4.9268012046813965,0.2622653841972351,0.5003476142883301,4
64,3,0.027521015817271784,0.817546010017395,1.4087729454040527,0.9121247399230262,5.960464477539063e-08,0.0,False,1.0865938663482666,0.9438034404499435,5.181285858154297,0.24966248869895935,0.5001490712165833,2
64,4,0.032017692222339765,0.818917453289032,1.4094587564468384,0.3202886505573875,2.9802322387695312e-08,0.0,False,1.0247465372085571,0.8900835329182835,4.538671970367432,0.28713512420654297,0.5000540614128113,2
64,5,-0.005194664169392607,0.8298271894454956,1.4149136543273926,0.6764612004136143,5.960464477539063e-08,0.0,False,1.0816421508789062,0.9395024350413471,5.2966203689575195,0.24442389607429504,0.5022228956222534,1
64,6,0.00509611636783137,0.8409523963928223,1.4204760789871216,0.9112026203983318,1.1920928955078125e-07,0.0,False,0.9636905789375305,0.8370510013894393,4.040942668914795,0.3257834315299988,0.5013518333435059,2
64,7,0.022720375501236487,0.8379712104797363,1.4189857244491577,0.1108325730042808,1.1920928955078125e-07,0.0,False,0.9691713452339172,0.8418115345076835,3.96091365814209,0.33244308829307556,0.5018666982650757,2
64,8,0.009557582702893145,0.8361135721206665,1.418056845664978,0.24393316919472346,5.960464477539063e-08,0.0,False,0.9912979006767273,0.861030416372361,4.062477111816406,0.3236774802207947,0.5001853704452515,2
64,9,-0.002358133232255322,0.8290187120437622,1.4145092964172363,0.2318636443882331,5.960464477539063e-08,0.0,False,0.9534569978713989,0.8281622258151783,3.7556278705596924,0.3504168391227722,0.5130286812782288,2
64,10,0.005226616210370329,0.8288094997406006,1.4144048690795898,0.5458546581626612,1.1920928955078125e-07,0.0,False,1.0260674953460693,0.8912309025781769,4.6447930335998535,0.2807399034500122,0.5024893283843994,1
64,11,-0.08025601135562813,0.8173839449882507,1.4086920022964478,0.39382246643792523,2.9802322387695312e-08,0.0,False,1.0176000595092773,0.8838761812585998,4.297522068023682,0.3039574921131134,0.5000948905944824,1
64,12,0.06647953875912736,0.8248100876808167,1.4124051332473755,1.0085867798823926,8.940696716308594e-08,0.0,False,1.0305207967758179,0.8950989910525603,4.261023044586182,0.30716556310653687,0.5002052783966064,2
64,13,-0.017280702476183192,0.7647718191146851,1.3823859691619873,1.1424144495501902,5.960464477539063e-08,0.0,False,0.9889602661132812,0.8589999727891392,4.136861801147461,0.3125464916229248,0.5049229860305786,7
64,14,0.01788962670634539,0.7851419448852539,1.392570972442627,0.6654853114490298,0.0,0.0,False,0.9019607305526733,0.7834331363449036,3.349809408187866,0.3910629451274872,0.5000237822532654,7
64,15,0.01985230249920129,0.772538959980011,1.3862695693969727,0.41540607391798456,8.940696716308594e-08,0.0,False,0.9343569278717041,0.8115721158055116,3.536435842514038,0.3686218857765198,0.5000708699226379,2
64,16,-0.01452707193986624,0.7908130288124084,1.3954066038131714,1.2888659909076365,8.940696716308594e-08,0.0,False,0.9728001356124878,0.844963461782477,3.868842363357544,0.33714938163757324,0.5028350353240967,7
64,17,-0.00222649818256443,0.7861668467521667,1.3930833339691162,1.8654407098506594,8.940696716308594e-08,0.0,False,0.9977492690086365,0.8666340037069081,4.260329723358154,0.3045758008956909,0.503743052482605,2
64,18,-0.03881723482622233,0.7933300137519836,1.3966649770736694,0.6239899404508494,2.9802322387695312e-08,0.0,False,1.0225387811660767,0.8881659003850078,4.145267963409424,0.31397977471351624,0.5008933544158936,2
64,19,0.014277553152044237,0.805142343044281,1.4025710821151733,0.3866491773570684,8.940696716308594e-08,0.0,False,1.017934799194336,0.8841669324547897,4.247394561767578,0.30690765380859375,0.5000841021537781,2
64,20,-0.011068226208869224,0.7991258502006531,1.399562954902649,0.13094150303031904,2.9802322387695312e-08,0.0,False,1.033327341079712,0.8975367244613567,4.251297473907471,0.30616188049316406,0.5019829869270325,2
64,21,-0.055192939972457694,0.8142710328102112,1.4071356058120728,0.20796620298765275,8.940696716308594e-08,0.0,False,1.020336389541626,0.8862529273260301,4.335947513580322,0.30093953013420105,0.5000275373458862,2
64,22,0.027161936640683844,0.8322408199310303,1.4161205291748047,1.0269839699687822,1.1920928955078125e-07,0.0,False,0.9714126586914062,0.8437583146412895,3.8816704750061035,0.3390883803367615,0.5027533769607544,7
64,23,0.007567282493570516,0.814579963684082,1.407289981842041,0.5698440348521794,0.0,0.0,False,0.9923703670501709,0.8619619488283877,4.276082515716553,0.3053685426712036,0.5001851320266724,2
64,24,0.01949524178770545,0.8060412406921387,1.4030206203460693,0.3416366594435711,0.0,0.0,False,0.9994857311248779,0.8681422755371435,4.2298078536987305,0.3082699477672577,0.501224935054779,2
65,1,-0.02294128998344082,0.7889900207519531,1.3944950103759766,1.0226410457066126,0.0,0.0,False,1.1009703874588013,0.9562907280244851,5.362975597381592,0.23929904401302338,0.5034794807434082,1
65,2,0.03392279308600964,0.7839032411575317,1.391951560974121,0.44751270538260024,5.960464477539063e-08,0.0,False,1.0999857187271118,0.9554354556311343,5.422768592834473,0.2360059916973114,0.5135105848312378,1
65,3,0.05400095763404209,0.7665781378746033,1.383289098739624,0.5996531286505702,2.9802322387695312e-08,0.0,False,1.0928854942321777,0.949268278994286,5.333077907562256,0.23908549547195435,0.525242805480957,1
65,4,0.02621511856234108,0.7431442737579346,1.3715720176696777,0.29963862276318576,1.1920928955078125e-07,0.0,False,1.1218833923339844,0.9744555332591008,5.8203301429748535,0.21716468036174774,0.5174589157104492,1
65,5,-0.02093485590162107,0.7785233855247498,1.3892618417739868,2.1572021966214554,1.4901161193847656e-07,0.0,False,1.0472760200500488,0.9096523930746712,4.771266937255859,0.27011430263519287,0.5021809339523315,4
65,6,0.05944544875142724,0.7751907706260681,1.3875954151153564,0.4233495828173913,2.9802322387695312e-08,0.0,False,1.1145843267440796,0.9681156454416097,5.618723392486572,0.22723019123077393,0.5016750693321228,7
65,7,0.0028497338772013707,0.8008986115455627,1.4004493951797485,0.8180717235240401,8.940696716308594e-08,0.0,False,1.0847340822219849,0.9421880524827927,5.241729259490967,0.24575670063495636,0.5023790597915649,6
65,8,-0.020763045157271592,0.7906056046485901,1.3953027725219727,0.6636448707834847,2.9802322387695312e-08,0.0,False,1.105720043182373,0.96041622656786,5.495046615600586,0.23296350240707397,0.5155322551727295,1
65,9,-0.009950645341773253,0.7867218852043152,1.3933610916137695,0.9683451949850804,1.4901161193847656e-07,0.0,False,1.059234619140625,0.920039500267332,4.848757743835449,0.26547104120254517,0.5231301188468933,1
65,10,0.024021615554787032,0.7849030494689941,1.392451524734497,0.2315036865430269,0.0,0.0,False,1.0642871856689453,0.9244281037927292,5.023380756378174,0.2550579607486725,0.5454578399658203,2
65,11,0.025221078875921937,0.787462055683136,1.3937311172485352,0.19554598473811824,8.940696716308594e-08,0.0,False,1.0425710678100586,0.905565723483779,4.517577648162842,0.2862994074821472,0.5125346183776855,2
65,12,-0.0046940183875057925,0.7559641003608704,1.3779821395874023,0.5389483130111031,8.940696716308594e-08,0.0,False,1.0463995933532715,0.908891138518265,4.525039196014404,0.28356507420539856,0.5250192284584045,2
65,13,-0.00037549357077164107,0.7577623724937439,1.3788812160491943,0.6903818299780259,2.9802322387695312e-08,0.0,False,1.0673307180404663,0.9270716824216202,4.779998302459717,0.26844456791877747,0.5009335279464722,2
65,14,0.03244003187376624,0.7568355798721313,1.378417730331421,0.5003489483556475,5.960464477539063e-08,0.0,False,1.072561264038086,0.9316148769498349,4.94184684753418,0.25913092494010925,0.5031087398529053,2
65,15,0.025593667384180945,0.7654162645339966,1.3827080726623535,0.4118406844115182,5.960464477539063e-08,0.0,False,1.100630760192871,0.9559957315294904,5.39135217666626,0.2366679161787033,0.5110151171684265,4
65,16,-0.02092748037336368,0.7717649340629578,1.3858824968338013,0.27608778120615735,2.9802322387695312e-08,0.0,False,1.081765055656433,0.9396091887747061,5.034564971923828,0.2549121081829071,0.5031150579452515,4
65,17,0.029758147979701173,0.766971230506897,1.3834857940673828,1.4842344764012785,1.7881393432617188e-07,0.0,False,1.0497997999191284,0.9118445204160307,4.603853225708008,0.2795841097831726,0.5077141523361206,2
65,18,0.017188958702629115,0.7751761078834534,1.3875880241394043,1.7541188748860892,2.9802322387695312e-08,0.0,False,1.0337696075439453,0.8979208722312515,4.472980499267578,0.28873148560523987,0.5050415992736816,6
65,19,-0.03898812565504131,0.7893570065498352,1.3946785926818848,0.81030122262968,8.940696716308594e-08,0.0,False,1.1115119457244873,0.9654470091953833,5.576512336730957,0.2296387404203415,0.503105103969574,1
65,20,0.02894334209766435,0.790924072265625,1.3954620361328125,1.0047284084242296,0.0,0.0,False,1.077892541885376,0.9362455660509772,5.098575115203857,0.2526084780693054,0.50006103515625,1
65,21,0.05534481475379917,0.7920685410499573,1.3960342407226562,1.950475905003716,2.9802322387695312e-08,0.0,False,1.0469474792480469,0.9093670261598921,4.77071475982666,0.2708932161331177,0.5028585195541382,6
65,22,0.07160103434964107,0.8011767864227295,1.4005885124206543,0.4613974595475051,1.1920928955078125e-07,0.0,False,1.0658209323883057,0.9257602992664401,4.882153034210205,0.26496678590774536,0.5000407695770264,6
65,23,0.061557131997309236,0.7938032746315002,1.3969017267227173,0.18728322119035376,8.940696716308594e-08,0.0,False,1.0382964611053467,0.9018528472754529,4.5895562171936035,0.28229203820228577,0.5006449818611145,6
65,24,-0.020038459484968185,0.8042193651199341,1.4021096229553223,0.3742706186097029,5.960464477539063e-08,0.0,False,1.0611412525177002,0.9216955809766847,4.928347587585449,0.26250946521759033,0.5002152919769287,6
66,1,-0.024663681537770946,0.8107419013977051,1.4053709506988525,1.487178161740303,0.0,0.0,False,0.9239409565925598,0.8025249181051214,3.516937494277954,0.37399715185165405,0.5018872022628784,2
66,2,0.020418233817584234,0.8105849027633667,1.4052925109863281,0.06606714032598188,5.960464477539063e-08,0.0,False,0.930072009563446,0.8078502830521462,3.549880027770996,0.37033015489578247,0.5036748647689819,2
66,3,0.027996384445611325,0.7958730459213257,1.3979365825653076,0.42864576069519866,5.960464477539063e-08,0.0,False,0.8960390686988831,0.7782896462113075,3.3607022762298584,0.39061465859413147,0.50457364320755,7
66,4,0.022126331638219428,0.7740229368209839,1.3870115280151367,0.19898882812525354,5.960464477539063e-08,0.0,False,0.9313293695449829,0.8089424120556411,3.5398824214935303,0.3681955635547638,0.5070527195930481,7
66,5,0.01640365333280876,0.7763451933860779,1.3881727457046509,0.41629372972138434,1.4901161193847656e-07,0.0,False,0.9558166265487671,0.8302117732430215,3.6877734661102295,0.35318174958229065,0.5033918023109436,7
66,6,0.0027379990304169702,0.8037472367286682,1.4018737077713013,0.6998812168042177,8.940696716308594e-08,0.0,False,0.9771997332572937,0.8487849037419446,4.107754230499268,0.31772229075431824,0.5000482201576233,7
66,7,0.01451665824764418,0.820763885974884,1.4103819131851196,0.1765927471010472,2.9802322387695312e-08,0.0,False,1.0065381526947021,0.8742679310808038,4.426361083984375,0.2948998212814331,0.5000951886177063,7
66,8,0.030890586040380655,0.8070608973503113,1.403530478477478,0.4202401594650993,2.9802322387695312e-08,0.0,False,1.0308197736740112,0.8953586790867641,4.4377970695495605,0.2931009531021118,0.5056108236312866,7
66,9,-0.059944131955788675,0.8076277375221252,1.4038138389587402,0.4757783307951283,2.9802322387695312e-08,0.0,False,0.9835913777351379,0.8543366155959748,4.0490593910217285,0.3227844834327698,0.5008031129837036,7
66,10,-0.03995155716124775,0.7733664512634277,1.3866831064224243,1.0189023383803284,1.1920928955078125e-07,0.0,False,1.0450916290283203,0.9077550551405598,4.875236511230469,0.2631617784500122,0.5259510278701782,1
66,11,0.014074841585885386,0.7942216396331787,1.397110939025879,0.4583747297881863,1.1920928955078125e-07,0.0,False,1.0228705406188965,0.8884540629843656,4.321098327636719,0.3005823791027069,0.5052990913391113,7
66,12,0.017867721552147504,0.7799508571624756,1.3899755477905273,0.7109716513691972,1.1920928955078125e-07,0.0,False,1.026721477508545,0.8917989442670295,4.215174198150635,0.3070603609085083,0.5226338505744934,7
66,13,-0.03683543824756567,0.7950696349143982,1.397534728050232,0.4492256301337976,8.940696716308594e-08,0.0,False,0.9999416470527649,0.8685382790805297,4.022296905517578,0.32414451241493225,0.5001312494277954,7
66,14,-0.002615987359296502,0.7757598161697388,1.3878799676895142,0.9465058567076835,5.960464477539063e-08,0.0,False,1.0001553297042847,0.8687238814733967,4.240967750549316,0.3049016296863556,0.5199390053749084,7
66,15,-0.02753488602102092,0.8096680641174316,1.4048340320587158,0.4915122592700389,0.0,0.0,False,1.0505061149597168,0.9124580178652563,4.771244525909424,0.27189502120018005,0.5010256767272949,7
66,16,0.01974578800425632,0.7760661840438843,1.388033151626587,0.5181465450204189,5.960464477539063e-08,0.0,False,0.9875891208648682,0.8578090111585919,4.0937042236328125,0.31685876846313477,0.5019906759262085,7
66,17,-0.027658029061744135,0.8188537359237671,1.4094269275665283,1.1743947344808345,5.960464477539063e-08,0.0,False,0.9833399057388306,0.8541181897952759,3.969302177429199,0.3303911089897156,0.5000017881393433,7
66,18,0.006789891062733307,0.7867885828018188,1.3933942317962646,1.0610805127584422,5.960464477539063e-08,0.0,False,0.9572974443435669,0.831497995236993,3.8153882026672363,0.341824471950531,0.5001716613769531,7
66,19,0.025491854838124613,0.7945845127105713,1.397292137145996,0.04136280796737906,1.1920928955078125e-07,0.0,False,0.9709250926971436,0.8433348201995455,3.933805465698242,0.3317112624645233,0.5000689625740051,7
66,20,0.013847542395481447,0.8027838468551636,1.4013919830322266,0.504311344981062,5.960464477539063e-08,0.0,False,1.035031795501709,0.8990171947616145,4.613537788391113,0.2813001573085785,0.5000047087669373,7
66,21,0.0012000658177851583,0.8116153478622437,1.4058077335357666,0.504589967005866,5.960464477539063e-08,0.0,False,1.0571173429489136,0.9182004575338812,5.020816326141357,0.2578029930591583,0.5000033378601074,7
66,22,0.006167840962860379,0.8088588714599609,1.4044294357299805,0.3563353440125169,0.0,0.0,False,1.0613393783569336,0.9218676708940877,4.987231254577637,0.25948822498321533,0.5001323223114014,7
66,23,0.006160040239715258,0.7808291912078857,1.3904147148132324,0.5921192751956941,1.1920928955078125e-07,0.0,False,0.984537661075592,0.8551585468621272,4.004312992095947,0.3244629204273224,0.5062382221221924,2
66,24,-0.05561422851710963,0.8124616742134094,1.4062309265136719,0.6158541346076184,8.940696716308594e-08,0.0,False,1.0147910118103027,0.8814362734284643,4.320654392242432,0.301899790763855,0.5014082193374634,2
67,1,0.017615581446840646,0.793524444103241,1.3967620134353638,1.0739726041044508,2.086162567138672e-07,0.0,False,1.0324512720108032,0.8967757805365703,4.246844291687012,0.30580902099609375,0.5135096311569214,2
67,2,0.03311325905657665,0.8084167838096619,1.4042084217071533,0.6642114054249366,2.9802322387695312e-08,0.0,False,1.0056841373443604,0.8735261427725756,4.105904579162598,0.31811612844467163,0.5028713345527649,2
67,3,-0.008983662627431947,0.787462592124939,1.3937313556671143,2.579114832449948,5.960464477539063e-08,0.0,False,0.9626404047012329,0.8361388316377173,4.080751895904541,0.3184243142604828,0.5127754211425781,6
67,4,-0.0350411942914713,0.7773658037185669,1.3886828422546387,1.9033830819346684,5.960464477539063e-08,0.0,False,1.0467009544372559,0.9091528974299345,4.855672836303711,0.26514798402786255,0.5012428760528564,7
67,5,0.03537628387861538,0.7851200103759766,1.3925600051879883,0.8342364244286087,0.0,0.0,False,1.0471360683441162,0.9095308325674322,4.927988052368164,0.2614349126815796,0.5029449462890625,2
67,6,0.0074171335312609036,0.8022595047950745,1.4011298418045044,0.1806276747212737,8.940696716308594e-08,0.0,False,1.0446865558624268,0.9074032130591304,4.724401473999023,0.27422845363616943,0.5040597319602966,2
67,7,-0.06694174447125323,0.7991522550582886,1.399576187133789,0.5433326389038351,5.960464477539063e-08,0.0,False,1.0516998767852783,0.9134949062123525,5.051342487335205,0.25548848509788513,0.5012431740760803,2
67,8,-0.02356489201844051,0.7841658592224121,1.392082929611206,0.3367383548825691,0.0,0.0,False,1.0363259315490723,0.9001412670500184,4.797860145568848,0.2688806354999542,0.5014097690582275,3
67,9,-0.02695785802334772,0.8171935081481934,1.4085967540740967,0.9101216288526676,0.0,0.0,False,1.0168275833129883,0.8832052169596999,4.584371089935303,0.2840172052383423,0.5004168152809143,7
67,10,0.04617693746007742,0.8303321003913879,1.4151661396026611,0.27863259744541874,8.940696716308594e-08,0.0,False,0.993252158164978,0.8627278628590919,4.119799613952637,0.31857848167419434,0.4999999701976776,7
67,11,-0.022530223961196413,0.8026737570762634,1.401336908340454,1.6004203273156354,2.9802322387695312e-08,0.0,False,1.0227749347686768,0.8883710207979894,4.132256984710693,0.31565746665000916,0.5008996725082397,7
67,12,-0.018486311250580804,0.8006333112716675,1.4003167152404785,1.034084401444376,5.960464477539063e-08,0.0,False,0.9260908961296082,0.8043923318598528,3.478684663772583,0.37742000818252563,0.5006577372550964,7
67,13,0.0629477028233499,0.8321176767349243,1.416058897972107,0.4608267816248882,5.960464477539063e-08,0.0,False,0.9439468383789062,0.8199018062359594,3.6713576316833496,0.3593927323818207,0.5015626549720764,7
67,14,-0.0047547345958760465,0.8341415524482727,1.4170708656311035,0.7035964648725719,8.940696716308594e-08,0.0,False,1.0026155710220337,0.8708608199302943,4.258584499359131,0.3079010844230652,0.5020328760147095,7
67,15,0.022545456511081537,0.8069376349449158,1.4034688472747803,0.5716286363280617,2.9802322387695312e-08,0.0,False,0.9808563590049744,0.8519610085111508,3.990002393722534,0.3277437090873718,0.5000129342079163,7
67,16,0.009496701829291663,0.8195540904998779,1.409777045249939,0.43558897913209876,0.0,0.0,False,0.9940392971038818,0.863411563054406,4.327918529510498,0.3018205463886261,0.5014636516571045,2
67,17,0.03559490793769047,0.8092784285545349,1.4046393632888794,0.4469505965707261,1.4901161193847656e-07,0.0,False,1.007989525794983,0.8755285777380732,4.314435005187988,0.302031010389328,0.5056312084197998,2
67,18,-0.004501938434688055,0.8061349391937256,1.403067708015442,0.5073346031126592,2.384185791015625e-07,0.0,False,1.060176134109497,0.920857289778553,4.936949729919434,0.26203489303588867,0.503561794757843,2
67,19,0.003931456244419517,0.8080915212631226,1.404045820236206,0.7698362489407699,5.960464477539063e-08,0.0,False,1.0278074741363525,0.8927422289526743,4.281429767608643,0.3044515550136566,0.5035395622253418,2
67,20,-0.00870230029809391,0.8213813900947571,1.4106905460357666,0.3530932454354556,1.4901161193847656e-07,0.0,False,1.0182913541793823,0.8844766321797912,4.29449987411499,0.30431362986564636,0.5044314861297607,2
67,21,0.03100762161261164,0.8102272748947144,1.4051135778427124,0.1896659153012013,5.960464477539063e-08,0.0,False,1.0234012603759766,0.8889150403082394,4.261063098907471,0.30620089173316956,0.5005029439926147,2
67,22,-0.02169412099978742,0.8099278807640076,1.4049639701843262,0.050315161553124335,2.9802322387695312e-08,0.0,False,1.0097966194152832,0.8770981993132313,4.150068759918213,0.314704954624176,0.502079427242279,2
67,23,0.024871321929195726,0.8057608008384705,1.402880311012268,0.10134839408861879,8.940696716308594e-08,0.0,False,1.0066710710525513,0.8743833824995189,4.163246154785156,0.3134291470050812,0.5003595948219299,2
67,24,0.06771716702337652,0.7993472814559937,1.3996737003326416,1.3919204693624188,5.960464477539063e-08,0.0,False,1.0539699792861938,0.9154666921913573,4.824158191680908,0.2682073414325714,0.5004563927650452,6
68,1,0.004001857071404009,0.7911859750747681,1.3955929279327393,1.1121047862938473,5.960464477539063e-08,0.0,False,1.0282220840454102,0.8931023545439666,4.149641036987305,0.3135022819042206,0.5003174543380737,7
68,2,0.036584924790593554,0.7951893210411072,1.397594690322876,0.11816873882707721,2.9802322387695312e-08,0.0,False,1.0173205137252808,0.8836333708757417,4.108473777770996,0.3170590400695801,0.5003647208213806,7
68,3,-0.015800701579609562,0.8190577626228333,1.4095289707183838,0.8212642493900311,8.940696716308594e-08,0.0,False,0.9309687614440918,0.8086291918389479,3.5827252864837646,0.3675972521305084,0.5006218552589417,7
68,4,-0.06138654924134501,0.8193961381912231,1.4096980094909668,1.1154083301101605,5.960464477539063e-08,0.0,False,1.0228424072265625,0.8884296266302698,4.18082332611084,0.3125848174095154,0.5137235522270203,7
68,5,0.03723492572373639,0.8268808126449585,1.4134403467178345,0.9168350762700594,5.960464477539063e-08,0.0,False,0.9537482857704163,0.8284152352695551,3.767021656036377,0.34927454590797424,0.5087044835090637,7
68,6,-0.017729386471602625,0.8083770871162415,1.404188632965088,0.40354321141153454,8.940696716308594e-08,0.0,False,0.9892207384109497,0.8592262161522713,4.054725170135498,0.32205814123153687,0.5117164850234985,2
68,7,-0.0004692359986906173,0.8099732398986816,1.4049866199493408,0.5001105810669242,0.0,0.0,False,0.9461221694946289,0.821791274835701,3.7325477600097656,0.3509891629219055,0.5202247500419617,2
68,8,0.058804906011813526,0.8074014782905579,1.403700828552246,0.539970215494554,8.940696716308594e-08,0.0,False,1.0252914428710938,0.8905568319630784,4.364279747009277,0.2983401417732239,0.5041824579238892,7
68,9,0.037518716347853504,0.7977355122566223,1.3988678455352783,0.6142948337473276,8.940696716308594e-08,0.0,False,1.0014472007751465,0.8698459864282082,4.351140975952148,0.29876697063446045,0.500572681427002,7
68,10,0.027663376304815787,0.7994087934494019,1.3997043371200562,1.1648123514586952,5.960464477539063e-08,0.0,False,1.0229934453964233,0.8885608167177245,4.252311706542969,0.306024968624115,0.5048363208770752,7
68,11,0.0630179842855892,0.8105975985527039,1.4052988290786743,0.23353154471430812,2.9802322387695312e-08,0.0,False,0.9793968200683594,0.850693269098561,4.0503926277160645,0.32286956906318665,0.5012879967689514,7
68,12,0.07561824133662329,0.8203480839729309,1.4101741313934326,0.6364800288361557,8.940696716308594e-08,0.0,False,0.9426301121711731,0.8187581123835677,3.7299976348876953,0.3526293635368347,0.5000892877578735,7
68,13,0.0033086725031739005,0.8295208811759949,1.4147604703903198,0.6302584772884775,2.9802322387695312e-08,0.0,False,1.0027925968170166,0.8710145825821255,4.34180212020874,0.301394522190094,0.5029862523078918,7
68,14,0.007474628920239224,0.8337211012840271,1.416860580444336,0.5991633589788871,2.9802322387695312e-08,0.0,False,1.0144944190979004,0.8811786562717262,4.3278350830078125,0.3025960624217987,0.505815327167511,7
68,15,0.013528572630639623,0.8403823375701904,1.4201911687850952,0.10279646042751416,0.0,0.0,False,1.041536569595337,0.9046671697513942,4.637360572814941,0.2818028926849365,0.5047667026519775,7
68,16,0.0400484935638141,0.8172174692153931,1.4086086750030518,0.5552381184238108,5.960464477539063e-08,0.0,False,1.0944421291351318,0.950620354891668,5.154849052429199,0.2508152723312378,0.5065917372703552,7
68,17,0.009430951683433884,0.8004798889160156,1.4002399444580078,0.5470304198754723,0.0,0.0,False,1.046707272529602,0.9091583852552187,4.756974220275879,0.272015243768692,0.5090788006782532,6
68,18,-0.005643143981382616,0.803121030330658,1.4015605449676514,0.6025142634068031,2.9802322387695312e-08,0.0,False,1.105952262878418,0.9606179300330231,5.547172546386719,0.2314138561487198,0.5073292255401611,7
68,19,-0.022826022117572613,0.8076015114784241,1.4038007259368896,0.30156746735409545,2.9802322387695312e-08,0.0,False,1.1017898321151733,0.9570024886094601,5.423494338989258,0.2373628467321396,0.5021518468856812,7
68,20,0.0054919966887377065,0.8108468651771545,1.4054235219955444,1.1318283829499323,8.940696716308594e-08,0.0,False,1.029248833656311,0.8939941779245877,4.568530082702637,0.28467267751693726,0.5005606412887573,2
68,21,-0.007035667580076514,0.8065282702445984,1.403264045715332,0.2527141622596779,8.940696716308594e-08,0.0,False,1.0462043285369873,0.9087215336538208,4.80118465423584,0.2699604034423828,0.5002325773239136,2
68,22,0.010064208119862748,0.8098726868629456,1.4049363136291504,0.5209055681985879,2.9802322387695312e-08,0.0,False,1.0612173080444336,0.9217616419678418,4.951952934265137,0.2612593173980713,0.5082991719245911,7
68,23,-0.007881441642146462,0.806310772895813,1.4031554460525513,0.18612864806327553,5.960464477539063e-08,0.0,False,1.0546722412109375,0.9160766691488912,4.856457233428955,0.2667224109172821,0.5000009536743164,1
68,24,0.007919973125840588,0.7988713979721069,1.3994357585906982,0.14962306183376184,5.960464477539063e-08,0.0,False,1.0727715492248535,0.9317975283423132,4.996126174926758,0.2584843933582306,0.5000410079956055,1
69,1,0.02481595924538474,0.7797698974609375,1.3898849487304688,1.3491975335138184,0.0,0.0,False,1.0080610513687134,0.8755907040620455,4.4711151123046875,0.28915688395500183,0.5045517086982727,2
69,2,-0.0014300252156380427,0.8013031482696533,1.4006515741348267,0.9372468273193733,0.0,0.0,False,1.0330982208251953,0.897337713136899,4.398981094360352,0.29507800936698914,0.5190455913543701,2
69,3,0.006912260039924425,0.8320896029472351,1.4160447120666504,0.5734792706184646,8.940696716308594e-08,0.0,False,0.996586263179779,0.8656238296791199,4.128953456878662,0.3175019323825836,0.5154008865356445,2
69,4,0.002694733108160735,0.8346911072731018,1.4173457622528076,0.15038781368987408,2.086162567138672e-07,0.0,False,0.9813913106918335,0.8524256616425262,4.093465805053711,0.3202267587184906,0.5266835689544678,2
69,5,-0.03569451819969186,0.818471372127533,1.4092355966567993,0.5017152315256018,8.940696716308594e-08,0.0,False,0.9993569254875183,0.8680303963820569,4.054238319396973,0.3228594660758972,0.5097253918647766,2
69,6,0.01747575117884621,0.7986725568771362,1.399336338043213,1.1863349367010696,5.960464477539063e-08,0.0,False,1.0811033248901367,0.9390344167340898,5.163171768188477,0.24966374039649963,0.5000278949737549,2
69,7,-0.00671047871648653,0.8007403016090393,1.4003701210021973,0.463004123100656,2.9802322387695312e-08,0.0,False,1.0398390293121338,0.903192704995787,4.466298580169678,0.29090431332588196,0.5001421570777893,2
69,8,-0.013092793747433202,0.8091468214988708,1.4045733213424683,0.46154277274956534,8.940696716308594e-08,0.0,False,0.9601084589958191,0.8339396115410376,3.9020378589630127,0.33541402220726013,0.5070876479148865,2
69,9,-0.008996054330441337,0.787788987159729,1.3938944339752197,0.1592490953519573,5.960464477539063e-08,0.0,False,1.0107851028442383,0.8779567851105272,4.2106547355651855,0.30841949582099915,0.5044666528701782,2
69,10,0.00405796563783031,0.813040018081665,1.4065197706222534,0.7646060649834394,2.384185791015625e-07,0.0,False,0.9736959934234619,0.8457415939902291,3.9069838523864746,0.33536654710769653,0.5033055543899536,2
69,11,-0.0316141594590386,0.8136889934539795,1.4068444967269897,0.05464068661746605,0.0,0.0,False,0.9767667651176453,0.8484088323941661,3.952363967895508,0.33143314719200134,0.5020874738693237,2
69,12,0.024353013866739062,0.7921424508094788,1.396071195602417,0.11932615543866068,2.9802322387695312e-08,0.0,False,0.9757969975471497,0.8475665029849762,3.9616641998291016,0.32863423228263855,0.5171961188316345,2
69,13,-0.002880902337674399,0.8043558597564697,1.4021780490875244,0.08364243626342391,1.1920928955078125e-07,0.0,False,0.9849026799201965,0.8554755982021321,4.030852317810059,0.32370731234550476,0.5138583779335022,2
69,14,-0.010134457564820606,0.826740562915802,1.4133702516555786,0.3816589954890774,2.9802322387695312e-08,0.0,False,0.9987824559211731,0.8675314184566867,3.9886562824249268,0.32928237318992615,0.500006377696991,2
69,15,0.023408834513917388,0.8365600109100342,1.4182801246643066,0.310122357053591,1.1920928955078125e-07,0.0,False,0.9654412865638733,0.8385716467125326,3.854491949081421,0.34196045994758606,0.5009318590164185,2
69,16,-0.029304569030029794,0.8025895953178406,1.4012948274612427,0.6656398225273753,2.9802322387695312e-08,0.0,False,0.9760019183158875,0.8477444949031566,3.9594993591308594,0.3296249806880951,0.5155540108680725,2
69,17,-0.009324440544560974,0.8028596043586731,1.4014298915863037,0.5528179352745344,8.940696716308594e-08,0.0,False,1.0359513759613037,0.8998159322001505,4.4603471755981445,0.29144078493118286,0.5001872777938843,2
69,18,0.008217714223832617,0.8033060431480408,1.4016531705856323,0.595879329578383,1.4901161193847656e-07,0.0,False,1.005082130432129,0.873003246212476,4.274740219116211,0.3045894205570221,0.5052565932273865,2
69,19,0.016770571708065722,0.7870365381240845,1.3935182094573975,0.2788080073565928,5.960464477539063e-08,0.0,False,1.0352063179016113,0.8991687829921067,4.391401290893555,0.29511934518814087,0.5043120980262756,2
69,20,0.01983012868475361,0.8001927137374878,1.4000964164733887,0.3833619753367352,5.960464477539063e-08,0.0,False,1.0192434787750244,0.8853036370957347,4.226971626281738,0.3079565763473511,0.5062488317489624,2
69,21,-0.01672463926239714,0.8143845796585083,1.4071922302246094,0.29975084119232337,5.960464477539063e-08,0.0,False,0.9713627696037292,0.8437149815303188,3.987243890762329,0.3280901312828064,0.5149554014205933,2
69,22,0.01637235249644583,0.8101484179496765,1.4050740003585815,0.25289524039421696,2.086162567138672e-07,0.0,False,0.9983729124069214,0.8671756934800092,3.988924741744995,0.3280254304409027,0.5015095472335815,2
69,23,-0.05546614697129103,0.808887243270874,1.4044437408447266,0.3061075998887631,1.1920928955078125e-07,0.0,False,1.0232698917388916,0.8888009349598771,4.227234840393066,0.3083581030368805,0.5117339491844177,2
69,24,-0.06137062268554125,0.7895419597625732,1.3947710990905762,0.7292925601405876,1.1920928955078125e-07,0.0,False,1.0448569059371948,0.9075511772540577,4.506773948669434,0.2874804139137268,0.5002011656761169,2
70,1,0.011247874855098018,0.8202945590019226,1.4101471900939941,1.2281837122780936,8.940696716308594e-08,0.0,False,1.0214253664016724,0.887198800608507,4.2493462562561035,0.30753377079963684,0.5078217387199402,2
70,2,0.018132159557563147,0.8127126693725586,1.4063563346862793,0.22148176126265698,0.0,0.0,False,1.040135383605957,0.9034501150647785,4.38142204284668,0.29718926548957825,0.5133637189865112,2
70,3,0.03080663493652115,0.8076469302177429,1.4038234949111938,0.19350236773730656,2.9802322387695312e-08,0.0,False,1.0171047449111938,0.8834459564650922,4.189996719360352,0.31136828660964966,0.5038039088249207,2
70,4,0.026772672359850716,0.7605992555618286,1.380299687385559,2.4886931702079096,5.960464477539063e-08,0.0,False,0.9904542565345764,0.8602976363811088,4.132821083068848,0.31263667345046997,0.5023356676101685,6
70,5,0.009434048886497973,0.7956241965293884,1.3978121280670166,1.0249973238854295,2.9802322387695312e-08,0.0,False,1.0506956577301025,0.9126226526237827,4.555180072784424,0.28447285294532776,0.5065569281578064,7
70,6,0.03903323071410701,0.7847260236740112,1.3923630714416504,0.658810942558788,5.960464477539063e-08,0.0,False,0.9862134456634521,0.8566141148608596,4.175734043121338,0.3109976351261139,0.5009616613388062,7
70,7,0.02783008574773481,0.7926095724105835,1.3963048458099365,0.2911982797809294,5.960464477539063e-08,0.0,False,0.9557337164878845,0.8301397584791504,3.921706199645996,0.3325328230857849,0.5036083459854126,7
70,8,0.04285595131742229,0.8164815306663513,1.408240795135498,1.1540350305245688,2.9802322387695312e-08,0.0,False,1.0536508560180664,0.9151895052425679,4.5923614501953125,0.283180832862854,0.5100045800209045,7
70,9,0.006616355418717041,0.7774122953414917,1.3887062072753906,0.9765837017509503,5.960464477539063e-08,0.0,False,1.001379370689392,0.8697870699643079,4.399625778198242,0.2939768433570862,0.502525806427002,7
70,10,0.013840306196416413,0.7984853982925415,1.3992427587509155,1.4515667768746825,5.960464477539063e-08,0.0,False,1.0764216184616089,0.9349679381984886,5.022707462310791,0.25696831941604614,0.5020222067832947,2
70,11,0.02039007662588596,0.8107092380523682,1.4053544998168945,0.5272801865741447,1.1920928955078125e-07,0.0,False,1.095475196838379,0.9515176660975733,5.2615461349487305,0.24527636170387268,0.5013211965560913,7
70,12,-0.008137925608614491,0.7996330261230469,1.399816632270813,0.5766126010539037,1.1920928955078125e-07,0.0,False,1.09967041015625,0.9551615820862902,5.4204840660095215,0.23688580095767975,0.5112995505332947,2
70,13,0.012342302860395685,0.8067002296447754,1.4033502340316772,0.9613795719730056,1.1920928955078125e-07,0.0,False,1.0697712898254395,0.9291915361394254,4.8813395500183105,0.2650213837623596,0.5103212594985962,2
70,14,-0.012444027292517909,0.7890145182609558,1.3945072889328003,0.6108496228024928,2.9802322387695312e-08,0.0,False,1.0730839967727661,0.9320689168341986,4.837957382202148,0.2665356397628784,0.5114625096321106,2
70,15,-0.008764435613199015,0.7982629537582397,1.3991315364837646,0.7120313759140562,5.960464477539063e-08,0.0,False,1.0309555530548096,0.895476615558438,4.375402927398682,0.2958154082298279,0.5457978248596191,2
70,16,0.016217266927832593,0.8007617592811584,1.4003807306289673,0.8956126436234796,1.4901161193847656e-07,0.0,False,0.9675867557525635,0.8404351775720157,3.8129143714904785,0.34313082695007324,0.5004684329032898,2
70,17,0.04297095618601486,0.7995955348014832,1.3997976779937744,0.8380304062365661,8.940696716308594e-08,0.0,False,1.0148463249206543,0.8814843177856695,4.148113250732422,0.31401216983795166,0.5071631669998169,2
70,18,0.07025493811393123,0.7616292834281921,1.3808146715164185,2.1627468009152198,2.9802322387695312e-08,0.0,False,1.0377840995788574,0.9014078157080653,4.484060764312744,0.28700894117355347,0.5101189017295837,4
70,19,0.020614120407470966,0.7720128297805786,1.3860063552856445,0.5294499942332459,5.960464477539063e-08,0.0,False,0.9927902221679688,0.8623266303501046,4.11287784576416,0.3144626021385193,0.5238072276115417,6
70,20,0.009675603776154212,0.7879016995429993,1.3939508199691772,0.5799499362924287,2.9802322387695312e-08,0.0,False,1.051705241203308,0.9134995656866505,4.686186790466309,0.27535420656204224,0.5188268423080444,6
70,21,-0.038168005395116694,0.8249815702438354,1.412490725517273,1.550601905274066,5.960464477539063e-08,0.0,False,1.0283111333847046,0.893179701817312,4.3804521560668945,0.29838132858276367,0.5009486675262451,2
70,22,0.0193085190291742,0.8168313503265381,1.4084159135818481,1.1701588539747967,2.384185791015625e-07,0.0,False,1.0235931873321533,0.8890817459442315,4.260151386260986,0.30635368824005127,0.5126286745071411,2
70,23,0.02397131930875313,0.7892481684684753,1.3946239948272705,1.832295643395313,8.940696716308594e-08,0.0,False,1.1029554605484009,0.9580149406024606,5.391897678375244,0.23798717558383942,0.5022604465484619,4
70,24,0.028177821597796332,0.7919367551803589,1.3959684371948242,0.26137653243634523,5.960464477539063e-08,0.0,False,1.1064127683639526,0.9610179200155309,5.611380100250244,0.22773262858390808,0.5216416120529175,4
71,1,-0.0006537966793541045,0.8386638164520264,1.4193320274353027,1.4293160289525986,1.1920928955078125e-07,0.0,False,0.9780285954475403,0.8495048442929093,4.190253257751465,0.3134823739528656,0.5014382600784302,7
71,2,-0.0711786491655914,0.8189083337783813,1.409454107284546,0.8993135908502358,5.960464477539063e-08,0.0,False,1.0598996877670288,0.9206171715364004,4.630515098571777,0.28107646107673645,0.5027049779891968,2
71,3,0.0272445343691303,0.8185911774635315,1.4092955589294434,0.8749709605595358,2.9802322387695312e-08,0.0,False,1.0413151979446411,0.9044748887787002,4.764633655548096,0.27277475595474243,0.5014429092407227,1
71,4,-0.002643568462395959,0.8428187370300293,1.4214093685150146,1.386246432424925,0.0,0.0,False,0.9798943996429443,0.8511254612256611,4.039259433746338,0.32606959342956543,0.5008772611618042,7
71,5,0.009490998297060625,0.8372669219970703,1.4186334609985352,1.4782818746456237,0.0,0.0,False,0.9961014986038208,0.8652027685183983,4.37239933013916,0.29974913597106934,0.5000997185707092,1
71,6,-0.041898286674178324,0.8221836090087891,1.411091923713684,0.4333229755325715,1.1920928955078125e-07,0.0,False,1.001577615737915,0.8699592634255842,4.252678871154785,0.3075034022331238,0.5044031143188477,7
71,7,0.03299275102361684,0.8115683197975159,1.4057841300964355,0.31862110489898426,2.9802322387695312e-08,0.0,False,1.0161716938018799,0.8826355185688747,4.289683818817139,0.3041568398475647,0.5002729296684265,7
71,8,-0.0017697416327460635,0.8054788708686829,1.4027395248413086,0.3679133284882529,8.940696716308594e-08,0.0,False,1.030339002609253,0.8949410866457975,4.235223293304443,0.30764472484588623,0.5074770450592041,7
71,9,0.014835781792405002,0.7512494325637817,1.375624656677246,0.7126427342289053,5.960464477539063e-08,0.0,False,1.0361473560333252,0.8999861583278345,4.312800884246826,0.2984849512577057,0.50014328956604,7
71,10,-0.0060858540407607385,0.7944628596305847,1.3972314596176147,0.43214248085318474,2.9802322387695312e-08,0.0,False,1.0547890663146973,0.9161781421447125,4.810520172119141,0.2687009572982788,0.5017529726028442,7
71,11,0.03347258069555353,0.7933411002159119,1.3966705799102783,0.8996451246027658,2.9802322387695312e-08,0.0,False,0.9535155296325684,0.8282130658569622,3.7242140769958496,0.35103315114974976,0.50077885389328,2
71,12,0.011180563961814115,0.798824667930603,1.3994123935699463,0.13864612298842793,5.960464477539063e-08,0.0,False,0.9550628066062927,0.8295570135602911,3.730109214782715,0.35086628794670105,0.5017905831336975,2
71,13,0.03542302286790363,0.8070945143699646,1.4035472869873047,0.4305922143466574,2.9802322387695312e-08,0.0,False,0.9861293435096741,0.8565410646582556,4.043821811676025,0.32316476106643677,0.5014523863792419,2
71,14,0.07868511433291644,0.8101574182510376,1.4050787687301636,1.2737421706308478,5.960464477539063e-08,0.0,False,1.0021250247955322,0.8704347368917182,4.100008964538574,0.31875258684158325,0.501535177230835,6
71,15,0.019441465788025917,0.8042125701904297,1.4021064043045044,0.6823488094207895,1.1920928955078125e-07,0.0,False,1.117234468460083,0.9704175292886534,5.7552971839904785,0.222736656665802,0.5016372203826904,7
71,16,0.013197609130552308,0.8032934665679932,1.401646614074707,1.1116729813073183,1.1920928955078125e-07,0.0,False,0.9710884690284729,0.8434767270778853,3.975078821182251,0.328568696975708,0.5069203972816467,2
71,17,0.03671031308216531,0.8032036423683167,1.401601791381836,0.7321190362156924,2.9802322387695312e-08,0.0,False,1.005983829498291,0.8737864520700191,4.14661169052124,0.31457680463790894,0.5000317692756653,2
71,18,0.0016688492362377629,0.8336878418922424,1.4168440103530884,0.870195464512302,8.940696716308594e-08,0.0,False,1.0060213804244995,0.8738190683901046,4.194943904876709,0.3127347230911255,0.5031865835189819,2
71,19,0.01778384155707531,0.8189823031425476,1.4094911813735962,0.25340247369483426,2.9802322387695312e-08,0.0,False,0.9637749195098877,0.8371242586797899,3.8158395290374756,0.3439083397388458,0.5124876499176025,2
71,20,0.0661058255828829,0.7960925102233887,1.3980462551116943,0.6867279686808583,0.0,0.0,False,1.0442537069320679,0.9070272452552253,4.330266952514648,0.30016469955444336,0.5006731152534485,2
71,21,-0.00795384833872909,0.8137683272361755,1.4068841934204102,0.8144451281435814,2.9802322387695312e-08,0.0,False,1.0884380340576172,0.9454052641696937,5.3235955238342285,0.2421671748161316,0.5092645883560181,2
71,22,0.00242815780878629,0.8024663925170898,1.401233196258545,0.8507499818094741,0.0,0.0,False,0.966397225856781,0.8394019650324211,3.885104179382324,0.33663612604141235,0.5000582337379456,2
71,23,0.0004837413249134106,0.8129491209983826,1.4064745903015137,0.2883609353749398,2.9802322387695312e-08,0.0,False,1.0254878997802734,0.8907274722662555,4.167651653289795,0.31355762481689453,0.5008124113082886,2
71,24,-0.04672106886085808,0.8200913667678833,1.4100456237792969,0.10958334186881484,5.960464477539063e-08,0.0,False,1.0385968685150146,0.9021137778361362,4.252340316772461,0.30751925706863403,0.5000319480895996,2
72,1,0.030402101939395534,0.7685611248016357,1.3842806816101074,1.375478115997144,1.1920928955078125e-07,0.0,False,0.9811209440231323,0.8521908241379113,4.142080307006836,0.3123859763145447,0.5055323243141174,6
72,2,0.0032483247386618248,0.7976486086845398,1.3988244533538818,1.8503692317465152,1.4901161193847656e-07,0.0,False,1.0535576343536377,0.9151085339336575,4.611067295074463,0.28084278106689453,0.5113332271575928,1
72,3,0.027780405061283535,0.7991514205932617,1.3995757102966309,0.5543957587488574,0.0,0.0,False,1.0571587085723877,0.9182363872579119,4.5918049812316895,0.2823513448238373,0.5047346353530884,1
72,4,0.07535393617472678,0.7931129932403564,1.3965563774108887,1.5144585418045533,1.1920928955078125e-07,0.0,False,1.1273671388626099,0.9792186549741771,5.796382904052734,0.22059524059295654,0.5019620656967163,1
72,5,-0.008274627929295713,0.8022218942642212,1.4011108875274658,0.7801032363356286,5.960464477539063e-08,0.0,False,1.077851414680481,0.9362098434146932,5.054770469665527,0.2554960548877716,0.5000485777854919,6
72,6,0.0035138073843506714,0.7945650815963745,1.397282600402832,0.9547089686983493,5.960464477539063e-08,0.0,False,1.10514235496521,0.9599144529579111,5.4964728355407715,0.23348718881607056,0.5004971027374268,7
72,7,-0.04772237215633442,0.7822235226631165,1.3911117315292358,0.445143907797986,2.9802322387695312e-08,0.0,False,1.0816311836242676,0.9394929090050047,5.105937957763672,0.25164106488227844,0.5053051710128784,5
72,8,-0.008454836053140171,0.8004739284515381,1.4002370834350586,0.8684239051340917,1.1920928955078125e-07,0.0,False,1.0860822200775146,0.9433590301457956,5.1710004806518555,0.24923619627952576,0.5042585134506226,5
72,9,-0.15733010173620005,0.8025928139686584,1.4012964963912964,1.313483404377727,8.940696716308594e-08,0.0,False,1.1207330226898193,0.973456334881881,5.719743251800537,0.22417885065078735,0.5002844333648682,1
72,10,0.10567825719773932,0.8053227066993713,1.4026614427566528,1.837274403684386,8.940696716308594e-08,0.0,False,1.0125882625579834,0.8795229897378668,4.294914245605469,0.30278152227401733,0.5209821462631226,2
72,11,0.02998713668699931,0.7701297998428345,1.3850648403167725,0.9286303047251834,5.960464477539063e-08,0.0,False,1.0643641948699951,0.9244949931348727,4.926705360412598,0.26033568382263184,0.516791045665741,5
72,12,0.05107628434902749,0.7820038795471191,1.3910019397735596,0.6687135056714305,0.0,0.0,False,1.0398606061935425,0.9032114464368519,4.486771583557129,0.28833475708961487,0.5009835958480835,5
72,13,0.05287221261802463,0.8077235221862793,1.4038618803024292,1.2102813440801488,1.1920928955078125e-07,0.0,False,1.0757830142974854,0.93441325366929,5.197469234466553,0.2483639270067215,0.5001465082168579,6
72,14,0.03250047051740208,0.8156553506851196,1.407827615737915,0.33196457956704284,5.960464477539063e-08,0.0,False,1.0221716165542603,0.8878469852552838,4.489614963531494,0.29020506143569946,0.5010178089141846,6
72,15,-0.00812681253641066,0.8368096351623535,1.4184048175811768,0.97050502861349,0.0,0.0,False,1.0790845155715942,0.9372809012399741,5.301083564758301,0.2440478354692459,0.5182477831840515,1
72,16,0.001223326051301024,0.8275375366210938,1.4137687683105469,1.0264171504291428,0.0,0.0,False,1.078024983406067,0.936360603294199,4.907369136810303,0.26492199301719666,0.5003757476806641,1
72,17,0.00012517985017295157,0.8125470280647278,1.406273603439331,1.0171926826350866,8.940696716308594e-08,0.0,False,1.1159740686416626,0.9693227599163898,5.906848430633545,0.21621860563755035,0.5286393165588379,1
72,18,0.019842791085074606,0.8223867416381836,1.4111933708190918,0.9934376178303347,0.0,0.0,False,1.096707820892334,0.9525883097473611,5.1761627197265625,0.2501428425312042,0.500698983669281,1
72,19,-0.0018772532183647904,0.8069610595703125,1.4034805297851562,1.298215895145583,0.0,0.0,False,1.0813837051391602,0.9392779519240609,5.150084495544434,0.25066596269607544,0.5028160810470581,4
72,20,0.007149112861328593,0.7940852642059326,1.3970427513122559,0.2667709228665192,1.1920928955078125e-07,0.0,False,1.1077899932861328,0.9622141623836158,5.506656169891357,0.23291468620300293,0.5039154291152954,4
72,21,-0.005822808087735442,0.8046284317970276,1.4023141860961914,1.0312757261427248,2.9802322387695312e-08,0.0,False,1.1083478927612305,0.9626987477105992,5.399467945098877,0.2383420467376709,0.502297043800354,1
72,22,0.010339427971394739,0.7935274243354797,1.396763563156128,0.7297718039295352,1.4901161193847656e-07,0.0,False,1.1112604141235352,0.9652285316227477,5.786126136779785,0.22022607922554016,0.5312131643295288,1
72,23,0.019368926842150233,0.785560667514801,1.3927803039550781,0.6651730678341674,2.9802322387695312e-08,0.0,False,1.1255919933319092,0.9776767831570601,5.818088054656982,0.2193913459777832,0.502712607383728,1
72,24,-0.026961328032791877,0.7849220037460327,1.3924610614776611,0.7058218333018812,5.960464477539063e-08,0.0,False,1.1373167037963867,0.9878607372703319,6.041064262390137,0.21080398559570312,0.5014141798019409,1
73,1,-0.004170018515751564,0.7950451970100403,1.3975226879119873,1.1027796545198987,8.940696716308594e-08,0.0,False,1.029052495956421,0.893823641165284,4.1223273277282715,0.31592920422554016,0.5006582736968994,7
73,2,-0.018321000882160963,0.7983976006507874,1.3991987705230713,0.03681837521696962,2.9802322387695312e-08,0.0,False,1.0322048664093018,0.896561755350486,4.147085666656494,0.3141876757144928,0.5008059740066528,7
73,3,-0.01841571629267472,0.7979149222373962,1.3989574909210205,0.5223594011677866,2.9802322387695312e-08,0.0,False,1.035172939300537,0.8991397907075863,4.177635669708252,0.3116966784000397,0.5029430985450745,7
73,4,0.012198676649834473,0.8086294531822205,1.4043147563934326,0.4988382986209823,2.9802322387695312e-08,0.0,False,1.0241456031799316,0.8895615682530436,4.11664342880249,0.317324161529541,0.5007419586181641,7
73,5,-0.027476193467626978,0.7972805500030518,1.3986401557922363,0.4612680202822306,1.1920928955078125e-07,0.0,False,1.032434344291687,0.8967610773065635,4.160313606262207,0.3129982352256775,0.5033342838287354,7
73,6,0.018669738315857994,0.7933289408683777,1.3966645002365112,0.5000901923335093,2.9802322387695312e-08,0.0,False,1.0362489223480225,0.900074377707875,4.184005260467529,0.3108972907066345,0.5026635527610779,7
73,7,0.019642257065647484,0.7780985236167908,1.3890492916107178,0.09194027216375061,2.9802322387695312e-08,0.0,False,1.0385267734527588,0.9020528940386434,4.170105934143066,0.3109740614891052,0.5011258721351624,7
73,8,-0.04210180268905201,0.7606751322746277,1.3803374767303467,0.1928514469506017,8.940696716308594e-08,0.0,False,1.033897042274475,0.8980315606317953,4.132380485534668,0.31250280141830444,0.5091458559036255,7
73,9,0.02123468824618366,0.8030028939247131,1.4015014171600342,0.12797663005129867,2.9802322387695312e-08,0.0,False,1.0400922298431396,0.9034126321826486,4.223301410675049,0.30844148993492126,0.5056045651435852,7
73,10,0.07689917757949882,0.7958230972290039,1.397911548614502,0.8254476492882749,0.0,0.0,False,1.0029038190841675,0.8711111890159023,3.9544665813446045,0.32996925711631775,0.5011003017425537,7
73,11,0.07921885791684337,0.7993512153625488,1.3996756076812744,0.2506821856584784,0.0,0.0,False,0.9337984323501587,0.811087012759162,3.522517681121826,0.3724525272846222,0.5002037286758423,7
73,12,0.03347503025317326,0.7923004627227783,1.3961502313613892,0.4807615022013376,0.0,0.0,False,1.0096126794815063,0.8769384311167494,4.006900787353516,0.3252178430557251,0.5010266900062561,7
73,13,-0.02606918593211631,0.7943492531776428,1.397174596786499,0.38454369151854495,2.9802322387695312e-08,0.0,False,0.9819815158843994,0.8529383073591703,3.8527133464813232,0.3389659523963928,0.5000050067901611,7
73,14,-0.006630303327506314,0.7897948026657104,1.3948974609375,0.39065735399055623,5.960464477539063e-08,0.0,False,1.0392985343933105,0.9027232370743036,4.181873798370361,0.3108651340007782,0.5010733604431152,7
73,15,-0.026615343616165254,0.7936796545982361,1.3968398571014404,0.0616053213791406,2.9802322387695312e-08,0.0,False,1.0375981330871582,0.9012462872657375,4.173374176025391,0.3118169605731964,0.500156819820404,7
73,16,0.010777186716904018,0.8153123259544373,1.407656192779541,0.16103788551886788,2.9802322387695312e-08,0.0,False,1.0283873081207275,0.8932458663523424,4.147982120513916,0.3152964115142822,0.5000007152557373,7
73,17,-0.023643328349704174,0.8071343898773193,1.4035673141479492,0.19013999532460454,1.1920928955078125e-07,0.0,False,1.0190882682800293,0.8851688229727149,4.071428298950195,0.32090991735458374,0.5004091858863831,7
73,18,-0.06380424804512412,0.8113091588020325,1.4056546688079834,0.17932429991743787,8.940696716308594e-08,0.0,False,1.0271577835083008,0.89217791484326,4.13312292098999,0.31620240211486816,0.5001748204231262,7
73,19,0.017591775576931378,0.8160741925239563,1.4080371856689453,0.45757426900387477,8.940696716308594e-08,0.0,False,1.0256901979446411,0.8909031862192235,4.161537170410156,0.31425902247428894,0.5005342960357666,7
73,20,-0.006329632352573595,0.8132632374763489,1.4066317081451416,0.1114750504055341,8.940696716308594e-08,0.0,False,1.0333645343780518,0.8975690301498221,4.197204113006592,0.31129294633865356,0.5000200271606445,7
73,21,-0.05683690899363181,0.8157508969306946,1.4078755378723145,0.13975949251654157,8.940696716308594e-08,0.0,False,1.0221219062805176,0.8878038074601231,4.144536018371582,0.31559398770332336,0.5002245306968689,7
73,22,0.003674077135132323,0.8100751042366028,1.4050376415252686,0.20809725576414756,8.940696716308594e-08,0.0,False,1.029489517211914,0.8942032330047542,4.176635265350342,0.31256070733070374,0.5042609572410583,7
73,23,0.020210629661940233,0.8071470260620117,1.4035735130310059,0.11177633005603342,0.0,0.0,False,1.0252370834350586,0.8905096159568595,4.140193462371826,0.31532928347587585,0.5010165572166443,7
73,24,0.002460761470247172,0.8055514693260193,1.402775764465332,0.0801860495023468,2.9802322387695312e-08,0.0,False,1.0176068544387817,0.8838820832593771,4.088446140289307,0.3194095492362976,0.5002428293228149,7
74,1,0.0019754437229768957,0.7865961194038391,1.3932981491088867,0.984450536114829,8.940696716308594e-08,0.0,False,1.078407645225525,0.9366929791274504,5.221006393432617,0.2450084388256073,0.542436957359314,7
74,2,-0.05189859141489461,0.8080147504806519,1.4040073156356812,0.9919029781883328,5.960464477539063e-08,0.0,False,1.0594556331634521,0.9202314706084063,4.947419166564941,0.2615460157394409,0.5036649703979492,7
74,3,0.09229064358649346,0.8219347596168518,1.4109673500061035,1.397653951764429,2.9802322387695312e-08,0.0,False,1.0310906171798706,0.8955939307668722,4.683172702789307,0.27787235379219055,0.504481852054596,1
74,4,-0.03342535139670785,0.7982699871063232,1.3991351127624512,1.30466282350919,1.1920928955078125e-07,0.0,False,1.076127529144287,0.9347124954630895,5.06942081451416,0.25426939129829407,0.5089554786682129,7
74,5,0.03708434354159431,0.822930097579956,1.4114651679992676,0.677733472698865,1.1920928955078125e-07,0.0,False,1.1400130987167358,0.990202796140211,6.140026569366455,0.20862489938735962,0.5001589059829712,5
74,6,-0.04448123141231878,0.8158227205276489,1.4079111814498901,1.3345023845837893,1.7881393432617188e-07,0.0,False,1.1162984371185303,0.9696045027956037,5.702752113342285,0.22542458772659302,0.500842273235321,7
74,7,0.01894418956329301,0.8115379214286804,1.4057689905166626,1.633972743771452,2.9802322387695312e-08,0.0,False,1.067943811416626,0.9276042085619354,4.936305999755859,0.2624140679836273,0.501480221748352,2
74,8,0.017157980107490693,0.7943118214607239,1.397156000137329,0.542276784670096,8.940696716308594e-08,0.0,False,1.1263022422790527,0.9782936975541041,5.925818920135498,0.2152491807937622,0.5119768381118774,5
74,9,0.003895590928207065,0.7939391732215881,1.3969694375991821,0.47732753728908667,1.4901161193847656e-07,0.0,False,1.0732331275939941,0.9321984502196806,5.332416534423828,0.2394798845052719,0.5582478046417236,1
74,10,-0.11147015311074673,0.806567907333374,1.4032840728759766,0.4646214187448846,1.1920928955078125e-07,0.0,False,1.034936547279358,0.8989344632068581,4.784743309020996,0.2699725925922394,0.5345423817634583,2
74,11,-0.003794408475937156,0.8262433409690857,1.4131217002868652,0.5006754228339876,2.9802322387695312e-08,0.0,False,1.0158365964889526,0.8823444567410649,4.188503265380859,0.31282132863998413,0.5005846619606018,2
74,12,-0.01801776942473301,0.8291223645210266,1.41456139087677,0.48284091780973315,2.086162567138672e-07,0.0,False,0.9598544239997864,0.833718959547063,4.0952324867248535,0.32029736042022705,0.5067132115364075,2
74,13,0.050142954300972965,0.8351860046386719,1.417593002319336,0.08079420063393872,0.0,0.0,False,0.9747440814971924,0.8466519517241685,4.220508098602295,0.3107629716396332,0.5060240030288696,2
74,14,0.01832010053237903,0.815098226070404,1.4075490236282349,0.422692059608061,8.940696716308594e-08,0.0,False,1.0664528608322144,0.9263091853387346,4.77709436416626,0.27185630798339844,0.5006288886070251,2
74,15,0.009655812450426444,0.8098754286766052,1.404937744140625,0.776624606169489,2.9802322387695312e-08,0.0,False,1.1312379837036133,0.9825808280836801,5.951023578643799,0.21517100930213928,0.5015395283699036,2
74,16,-3.6795475747710815e-05,0.7636783719062805,1.3818391561508179,0.8929744254570482,2.9802322387695312e-08,0.0,False,1.0823535919189453,0.9401203848771241,4.961728096008301,0.25844860076904297,0.501687228679657,2
74,17,-0.020163598830655244,0.805419385433197,1.4027098417282104,0.8735155139940224,1.4901161193847656e-07,0.0,False,1.1009719371795654,0.9562920740948379,5.2737555503845215,0.24446147680282593,0.5000007748603821,2
74,18,-0.0016615539692163995,0.7869767546653748,1.3934885263442993,0.9022468840040788,1.4901161193847656e-07,0.0,False,1.0509916543960571,0.9128797520611543,4.486979961395264,0.2886521816253662,0.5001187324523926,2
74,19,0.048982764269436034,0.817649245262146,1.4088248014450073,0.3782980352431463,1.7881393432617188e-07,0.0,False,1.0517516136169434,0.9135398442533591,4.797205924987793,0.27077794075012207,0.5012699365615845,2
74,20,0.05385963336289312,0.7872887253761292,1.3936443328857422,0.9268289192761346,2.9802322387695312e-08,0.0,False,1.0476983785629272,0.910019249017727,4.436750411987305,0.29207584261894226,0.5007410645484924,2
74,21,0.04059571767293394,0.8140594959259033,1.4070297479629517,2.318921698465026,0.0,0.0,False,1.0125553607940674,0.8794944116288396,4.184130668640137,0.3122052252292633,0.5055654644966125,6
74,22,-0.007251528060669849,0.8393573760986328,1.4196786880493164,0.8518232984548012,0.0,0.0,False,1.0660560131072998,0.9259644877845621,4.769233226776123,0.2736701965332031,0.500264048576355,6
74,23,-0.0003049505991088485,0.8378299474716187,1.418915033340454,1.495465334616215,5.960464477539063e-08,0.0,False,1.0508942604064941,0.9127951567166789,4.689406394958496,0.27849867939949036,0.5002977252006531,1
74,24,-0.0029414754044905737,0.8431117534637451,1.421555995941162,0.7107788424932602,1.1920928955078125e-07,0.0,False,1.0019508600234985,0.8702834592928459,4.30690860748291,0.30488476157188416,0.5007873773574829,2
75,1,-0.013730918944492626,0.7800100445747375,1.390005111694336,1.0460972147328513,8.940696716308594e-08,0.0,False,1.044321894645691,0.9070864723507455,4.841490745544434,0.26467904448509216,0.5549973845481873,7
75,2,0.059231291238424716,0.7986684441566467,1.3993343114852905,0.5264334457744135,8.940696716308594e-08,0.0,False,1.0844320058822632,0.9419256723078834,5.014467716217041,0.2571989595890045,0.5101048946380615,1
75,3,-0.03232229903662129,0.8147441148757935,1.4073721170425415,1.0624273111336626,5.960464477539063e-08,0.0,False,1.048799991607666,0.9109760979507724,4.756922721862793,0.2730523347854614,0.5005600452423096,6
75,4,-0.0007994460131458326,0.8194606304168701,1.4097304344177246,1.4826537629761043,1.1920928955078125e-07,0.0,False,1.0041580200195312,0.8722005741067551,4.2276930809021,0.30935490131378174,0.5000291466712952,2
75,5,0.04824178689857799,0.8222512602806091,1.4111255407333374,0.558312093822377,8.940696716308594e-08,0.0,False,1.017106056213379,0.8834470954476983,4.443298816680908,0.2937202453613281,0.5032376050949097,2
75,6,0.021977756385211954,0.7796738743782043,1.3898369073867798,1.1295500541829997,2.9802322387695312e-08,0.0,False,1.0816525220870972,0.9395114433583232,5.090168476104736,0.25240838527679443,0.5024434328079224,7
75,7,-0.0048801692966687,0.7835254073143005,1.3917627334594727,0.743536008963839,2.9802322387695312e-08,0.0,False,1.08585786819458,0.9431641605762694,5.05540657043457,0.2540791928768158,0.5157222747802734,7
75,8,-0.016339639711449243,0.7904525995254517,1.395226240158081,0.2969219921212449,5.960464477539063e-08,0.0,False,1.0781567096710205,0.9364750192741812,5.028608798980713,0.25614506006240845,0.5053221583366394,7
75,9,-0.028035459958769098,0.7904138565063477,1.3952069282531738,0.5700091505689111,0.0,0.0,False,1.012803077697754,0.87970957579753,4.393769264221191,0.2952260375022888,0.5021591782569885,7
75,10,-0.0038483380952301985,0.807661771774292,1.4038310050964355,0.5628165615321811,1.1920928955078125e-07,0.0,False,0.9907445907592773,0.8605498174844993,4.336753845214844,0.3004263639450073,0.5011439919471741,2
75,11,0.024303679219871175,0.823029100894928,1.4115145206451416,0.8770246425571806,2.9802322387695312e-08,0.0,False,1.0914123058319092,0.947988683808205,5.2842116355896,0.24468208849430084,0.5033882856369019,1
75,12,0.004806469761209749,0.8315427303314209,1.415771484375,0.6640991540056904,1.1920928955078125e-07,0.0,False,1.0335149765014648,0.8976997025179104,4.558639049530029,0.2865118980407715,0.501595675945282,1
75,13,0.003043474651826447,0.8074098229408264,1.4037050008773804,0.4753198989069946,8.940696716308594e-08,0.0,False,1.0172293186187744,0.8835541598126772,4.4479851722717285,0.2922694683074951,0.5108886957168579,1
75,14,0.010894513308636703,0.831011176109314,1.4155056476593018,1.0740829405923353,5.960464477539063e-08,0.0,False,1.0623459815979004,0.9227419953601234,4.965938091278076,0.26164039969444275,0.5058630704879761,1
75,15,0.0061726184663565995,0.8162621855735779,1.4081310033798218,0.744340309637125,8.940696716308594e-08,0.0,False,1.0329817533493042,0.8972365507726976,4.616577625274658,0.28184911608695984,0.5015355348587036,1
75,16,-0.01174242520784821,0.8177995085716248,1.4088996648788452,0.34249035096476976,8.940696716308594e-08,0.0,False,1.066211462020874,0.9260995089953283,5.0623650550842285,0.25582486391067505,0.5020110607147217,1
75,17,0.042051395080419024,0.7966086864471436,1.3983042240142822,0.37408174235347186,1.1920928955078125e-07,0.0,False,1.0230143070220947,0.8885789368955498,4.498716831207275,0.2883009612560272,0.5057268738746643,1
75,18,0.001761222541185021,0.7733270525932312,1.3866634368896484,0.8783615776415006,8.940696716308594e-08,0.0,False,1.0934464931488037,0.9497555564619747,5.323455810546875,0.24045568704605103,0.5024980306625366,7
75,19,0.005993040220273474,0.806225061416626,1.403112530708313,0.625382796939855,0.0,0.0,False,1.068739414215088,0.928295260372253,5.114359378814697,0.25250130891799927,0.5020331144332886,1
75,20,-0.011352951606541123,0.7908896803855896,1.3954447507858276,0.2831921350186983,8.940696716308594e-08,0.0,False,1.0632691383361816,0.923543839114858,4.994659423828125,0.2581399381160736,0.5002740621566772,1
75,21,0.00014746502807412966,0.7924696207046509,1.3962347507476807,0.34963602429284885,5.960464477539063e-08,0.0,False,1.0503699779510498,0.9123397707619625,4.757335186004639,0.2717879116535187,0.5002422332763672,1
75,22,0.014791142296755443,0.7911654710769653,1.3955825567245483,0.25676659289193426,1.7881393432617188e-07,0.0,False,1.0246901512145996,0.8900345566662187,4.422456741333008,0.2932039499282837,0.50456303358078,2
75,23,-0.022271630359788738,0.7880184650421143,1.3940091133117676,0.4237593976405166,1.1920928955078125e-07,0.0,False,1.07558274269104,0.9342392999621678,5.240713119506836,0.24524740874767303,0.500005841255188,1
75,24,0.0642327059429834,0.7724018096923828,1.386201024055481,0.20033317985841492,1.1920928955078125e-07,0.0,False,1.063610315322876,0.9238401816802055,5.028542995452881,0.2552555501461029,0.5035378932952881,1
76,1,0.0026358738932798047,0.808898389339447,1.404449224472046,1.046163633465767,2.9802322387695312e-08,0.0,False,1.0988961458206177,0.954489064629291,5.347716331481934,0.24103093147277832,0.5006064772605896,6
76,2,-0.043859017358514274,0.8167861104011536,1.408393144607544,0.5059308419152632,8.940696716308594e-08,0.0,False,1.0976903438568115,0.9534417183509927,5.435577392578125,0.23710209131240845,0.5061491131782532,7
76,3,0.021092027225087788,0.7937813401222229,1.396890640258789,0.8675005345496394,2.9802322387695312e-08,0.0,False,1.05202317237854,0.9137757171967069,4.8112616539001465,0.26866716146469116,0.5000209808349609,7
76,4,0.014418723500918378,0.8097662329673767,1.4048831462860107,1.266983984863662,2.9802322387695312e-08,0.0,False,0.9748167395591736,0.846715061714937,3.874035596847534,0.3380308151245117,0.5055967569351196,7
76,5,-0.013606645187475126,0.7723965644836426,1.3861984014511108,0.8443452448954947,1.1920928955078125e-07,0.0,False,1.069319248199463,0.928798897771921,5.1140570640563965,0.2498459368944168,0.5386816263198853,7
76,6,0.0027241891264426273,0.7931760549545288,1.3965880870819092,0.3560646671285293,5.960464477539063e-08,0.0,False,1.0528457164764404,0.9144901699223874,4.843307971954346,0.2657943367958069,0.535487711429596,7
76,7,-0.009537067098755677,0.7838744521141052,1.391937255859375,0.4744525197731898,2.9802322387695312e-08,0.0,False,1.058830738067627,0.9196886936246357,4.736782073974609,0.27227240800857544,0.510063886642456,7
76,8,-0.026976926832169984,0.7942469716072083,1.3971235752105713,0.4683773658433089,8.940696716308594e-08,0.0,False,1.0637258291244507,0.9239405156934207,4.611090183258057,0.28078117966651917,0.506280779838562,7
76,9,-0.017754067523974293,0.7947701811790466,1.3973852396011353,0.3894495261480459,1.4901161193847656e-07,0.0,False,1.0526213645935059,0.9142953003528612,4.579778671264648,0.28283342719078064,0.5060442686080933,7
76,10,0.0011307194379418621,0.7937063574790955,1.3968532085418701,0.3914745761541994,2.9802322387695312e-08,0.0,False,1.0608370304107666,0.9214313370120563,4.58496618270874,0.2823764681816101,0.5081636309623718,7
76,11,-0.0021471556498357715,0.795031726360321,1.3975157737731934,0.24033950452617425,8.940696716308594e-08,0.0,False,1.0513375997543335,0.9131802363814333,4.588726043701172,0.28223174810409546,0.5074453353881836,7
76,12,0.028262939948512405,0.8310338854789734,1.4155168533325195,0.5663237545665017,8.940696716308594e-08,0.0,False,0.97747802734375,0.8490266269141331,3.9082443714141846,0.33660149574279785,0.5024697184562683,7
76,13,0.049971748047785175,0.839249312877655,1.4196245670318604,0.46894937640268064,8.940696716308594e-08,0.0,False,0.9274264574050903,0.805552385644224,3.5581464767456055,0.37193411588668823,0.5002158880233765,7
76,14,0.03951767897834596,0.8346603512763977,1.4173301458358765,0.14002032943011605,2.9802322387695312e-08,0.0,False,0.9368141293525696,0.8137064138936404,3.704087972640991,0.3563311696052551,0.5000418424606323,6
76,15,0.004722143342020566,0.8051222562789917,1.4025611877441406,0.7459252651981644,5.960464477539063e-08,0.0,False,1.0581616163253784,0.9191075018638756,4.8653883934021,0.26576781272888184,0.5133541226387024,6
76,16,-0.011283333712709578,0.8104788661003113,1.405239462852478,1.115854152865177,2.9802322387695312e-08,0.0,False,1.0975614786148071,0.9533297874239695,5.348084926605225,0.24063585698604584,0.5164903402328491,2
76,17,0.028761532511389732,0.8477491736412048,1.4238744974136353,0.562370812613687,8.940696716308594e-08,0.0,False,1.0851441621780396,0.9425442434069,5.30567741394043,0.24485155940055847,0.5006179213523865,2
76,18,0.06635016515068924,0.801403284072876,1.400701642036438,1.3506075682202265,0.0,0.0,False,1.066150426864624,0.9260464945322054,4.9059271812438965,0.2632613182067871,0.513182520866394,6
76,19,-0.037843494716800784,0.8022828102111816,1.4011415243148804,0.661058291403023,1.1920928955078125e-07,0.0,False,1.0386748313903809,0.9021814955292659,4.499342918395996,0.2887478172779083,0.5005738735198975,6
76,20,0.010576956941314455,0.8324222564697266,1.4162112474441528,1.8915434232570925,1.1920928955078125e-07,0.0,False,1.0613665580749512,0.9218912788971972,4.920647621154785,0.26430192589759827,0.5044342875480652,2
76,21,0.02715055256558617,0.8431679606437683,1.4215840101242065,0.6965805441181687,2.9802322387695312e-08,0.0,False,1.0423195362091064,0.9053472459111434,4.703636646270752,0.2774418592453003,0.5156486630439758,2
76,22,-0.05919738133022237,0.8440640568733215,1.4220322370529175,0.27200655973883203,2.086162567138672e-07,0.0,False,1.0688979625701904,0.9284329737237247,4.930231094360352,0.2644422948360443,0.5016629695892334,3
76,23,0.005969787150710274,0.812171459197998,1.4060858488082886,0.8802442064297737,1.1920928955078125e-07,0.0,False,1.0443384647369385,0.9071008649491323,4.48902702331543,0.2900180518627167,0.5015684366226196,3
76,24,0.004216816476814148,0.8178828954696655,1.4089415073394775,0.4516737726618548,5.960464477539063e-08,0.0,False,1.055261492729187,0.9165884865145489,4.589896202087402,0.2834547162055969,0.5088733434677124,3
77,1,0.005179317794223134,0.8267499208450317,1.413374900817871,1.1492670604160855,5.960464477539063e-08,0.0,False,1.0699894428253174,0.9293810214275408,5.263081073760986,0.24494525790214539,0.535853385925293,5
77,2,0.008059974446583022,0.7814370393753052,1.3907183408737183,1.0554067363324093,1.7881393432617188e-07,0.0,False,1.0991740226745605,0.954730425397923,5.482294082641602,0.23333701491355896,0.5077478885650635,3
77,3,0.0036477823770505093,0.7975452542304993,1.3987727165222168,0.18555508406418683,8.940696716308594e-08,0.0,False,1.0881668329238892,0.9451697018579658,5.257668972015381,0.24451369047164917,0.5130395293235779,3
77,4,0.006131305990473349,0.7943702936172485,1.3971853256225586,0.1910758088899241,1.7881393432617188e-07,0.0,False,1.0827447175979614,0.9404601123253788,5.101183891296387,0.252643883228302,0.5001864433288574,3
77,5,-0.01547301963948423,0.7866202592849731,1.3933100700378418,0.5712213376938138,5.960464477539063e-08,0.0,False,1.0858070850372314,0.9431200508862492,5.116087913513184,0.25140345096588135,0.5028561353683472,4
77,6,-0.01571623004589462,0.7877744436264038,1.3938874006271362,0.5565342661303854,1.7881393432617188e-07,0.0,False,1.0778547525405884,0.9362127426431451,5.0709052085876465,0.25389888882637024,0.5000841617584229,4
77,7,-0.017714476807790976,0.7921084761619568,1.3960542678833008,0.1517966724705777,2.9802322387695312e-08,0.0,False,1.1072041988372803,0.9617053477902834,5.510692119598389,0.23268777132034302,0.502376914024353,3
77,8,0.03406690950349704,0.7853772640228271,1.3926887512207031,0.27043077154610096,1.1920928955078125e-07,0.0,False,1.091562032699585,0.9481187349130534,5.330202579498291,0.24070784449577332,0.502568781375885,4
77,9,0.02808090957138178,0.8079808354377747,1.403990387916565,1.067999893896622,2.9802322387695312e-08,0.0,False,1.0978868007659912,0.9536123586541697,5.587927341461182,0.22897198796272278,0.537755012512207,3
77,10,0.010058079258641425,0.8092194199562073,1.4046096801757812,1.3129317375927536,2.9802322387695312e-08,0.0,False,1.0325651168823242,0.8968746649355595,4.514327049255371,0.2881714701652527,0.5002686977386475,6
77,11,0.004021477839427082,0.8023861050605774,1.4011931419372559,0.5244623056895504,8.940696716308594e-08,0.0,False,1.1005667448043823,0.9559401284695352,5.544081211090088,0.23116232454776764,0.5200988054275513,6
77,12,0.018004968080359326,0.81317138671875,1.4065858125686646,1.010912905306807,1.1920928955078125e-07,0.0,False,1.10298752784729,0.9580427939043749,5.568345069885254,0.230485737323761,0.5223012566566467,3
77,13,0.008139755885927774,0.8054704070091248,1.4027352333068848,0.9213640772792145,2.9802322387695312e-08,0.0,False,1.089633822441101,0.9464439127626358,5.148672103881836,0.25068235397338867,0.5022044777870178,3
77,14,-0.0064783764770737304,0.8204758763313293,1.4102380275726318,0.3278573964022444,8.940696716308594e-08,0.0,False,1.0721588134765625,0.9312653128336179,4.8128228187561035,0.27002668380737305,0.5005614757537842,3
77,15,0.01938727962183629,0.7969683408737183,1.398484230041504,0.8075827734541489,5.960464477539063e-08,0.0,False,1.0526574850082397,0.9143266741464672,4.6448540687561035,0.27894067764282227,0.5010837316513062,3
77,16,0.0655478082430029,0.8109816908836365,1.4054908752441406,0.8243978509907299,2.9802322387695312e-08,0.0,False,1.101696491241455,0.9569214137566764,5.498068809509277,0.2339436560869217,0.5076800584793091,7
77,17,0.09799772931031249,0.8216878771781921,1.410843849182129,0.700767987881486,8.940696716308594e-08,0.0,False,0.9548699855804443,0.8293895313452493,3.9836840629577637,0.32933035492897034,0.5006699562072754,6
77,18,-0.008245575171742976,0.8021847009658813,1.401092290878296,0.7665326535286039,5.960464477539063e-08,0.0,False,1.0136592388153076,0.8804532278954773,4.200597763061523,0.31027525663375854,0.5004013180732727,6
77,19,-0.000927115149421536,0.7825798392295837,1.3912899494171143,1.6732406724104008,2.9802322387695312e-08,0.0,False,1.1035346984863281,0.9585180602827623,5.5594000816345215,0.22952044010162354,0.5242844820022583,2
77,20,0.010153832809929243,0.8196558356285095,1.4098280668258667,0.6231369851082703,1.4901161193847656e-07,0.0,False,1.083467960357666,0.9410883130046112,5.267811298370361,0.2451222985982895,0.5106109380722046,2
77,21,0.007185399248080075,0.8354048728942871,1.4177024364471436,0.5730711641875151,0.0,0.0,False,1.0174534320831299,0.8837488222944567,4.538545608520508,0.28810548782348633,0.5005186796188354,3
77,22,0.014859110332463527,0.8239237070083618,1.4119619131088257,0.30663821725885576,5.960464477539063e-08,0.0,False,1.044234037399292,0.9070101605161329,4.65522575378418,0.27986642718315125,0.5002061724662781,3
77,23,0.013172119764915394,0.8135877251625061,1.4067940711975098,0.07828898604711693,2.086162567138672e-07,0.0,False,1.0390185117721558,0.9024800125159523,4.595183849334717,0.2831156551837921,0.5000073909759521,3
77,24,0.033273920226526144,0.8031668066978455,1.4015834331512451,2.465270217707428,2.9802322387695312e-08,0.0,False,0.9444686770439148,0.8203550695412734,3.7014009952545166,0.35406050086021423,0.5012158751487732,6
78,1,0.013074325626958776,0.7894824147224426,1.3947412967681885,1.1439374642712727,8.940696716308594e-08,0.0,False,1.0263687372207642,0.8914925579459733,4.100503921508789,0.317310631275177,0.5000314712524414,7
78,2,0.029918353406384362,0.7816610336303711,1.3908305168151855,0.1547719023714881,0.0,0.0,False,1.0401735305786133,0.9034832491042304,4.171458721160889,0.3111438453197479,0.5000354051589966,7
78,3,0.009344205704264395,0.7947819828987122,1.3973910808563232,0.6874959236873482,8.940696716308594e-08,0.0,False,1.011509656906128,0.8785861247723658,3.9963908195495605,0.32629936933517456,0.5006674528121948,7
78,4,-0.05731654921534621,0.7530820369720459,1.376541018486023,0.6716603294945459,0.0,0.0,False,1.034383773803711,0.8984543302664262,4.11239767074585,0.31363701820373535,0.5054931640625,7
78,5,-0.013998641861194575,0.7903722524642944,1.3951860666275024,0.5604135533463676,5.960464477539063e-08,0.0,False,1.0395965576171875,0.9029820967575212,4.202950477600098,0.30929815769195557,0.5002976059913635,7
78,6,0.020310937323843023,0.7980791926383972,1.399039626121521,0.0931667420400515,2.9802322387695312e-08,0.0,False,1.0390807390213013,0.9025340624178082,4.201937675476074,0.30985987186431885,0.501669704914093,7
78,7,0.03771720978710422,0.792605459690094,1.3963027000427246,0.10408155050173387,2.9802322387695312e-08,0.0,False,1.031250238418579,0.8957325760132036,4.142333984375,0.3141631782054901,0.5008450746536255,7
78,8,-0.006095160298484343,0.7593067288398743,1.3796534538269043,0.17030639169457268,8.940696716308594e-08,0.0,False,1.0368695259094238,0.9006134271122073,4.124035358428955,0.3132902979850769,0.5002931356430054,7
78,9,0.02717704172142181,0.7597550749778748,1.3798776865005493,0.6030931039503304,1.4901161193847656e-07,0.0,False,1.0385229587554932,0.9020495806346982,4.133616924285889,0.3125419616699219,0.5012528896331787,7
78,10,-0.0061856940253302364,0.7968721985816956,1.3984360694885254,0.6962156637687174,2.9802322387695312e-08,0.0,False,0.9868912696838379,0.8572028653243696,3.8338260650634766,0.34088921546936035,0.500309944152832,7
78,11,0.0004069711387580284,0.7947400212287903,1.3973701000213623,0.6580223433474774,8.940696716308594e-08,0.0,False,1.036505937576294,0.9002976182986818,4.166804790496826,0.31240665912628174,0.5000190734863281,7
78,12,-0.023409889375657356,0.7969423532485962,1.3984711170196533,0.09435476251913835,5.960464477539063e-08,0.0,False,1.0412830114364624,0.9044469319329127,4.202659606933594,0.30974605679512024,0.5009987354278564,7
78,13,-0.003812842884129792,0.7994394302368164,1.3997197151184082,0.4920053079702387,0.0,0.0,False,1.0394004583358765,0.902811767085964,4.201617240905762,0.3099781274795532,0.501603901386261,7
78,14,0.012926161350025106,0.7946766018867493,1.3973383903503418,0.05535511818381254,8.940696716308594e-08,0.0,False,1.0408530235290527,0.9040734491819664,4.206066608428955,0.30934610962867737,0.5004518032073975,7
78,15,0.009372275330099402,0.8065755367279053,1.4032878875732422,0.5943962996815652,1.1920928955078125e-07,0.0,False,1.0397589206695557,0.9031231235129381,4.203377723693848,0.31036439538002014,0.5001028776168823,7
78,16,-0.005007779877940335,0.8012281656265259,1.4006141424179077,0.08493936064578303,5.960464477539063e-08,0.0,False,1.0377672910690308,0.9013932160219318,4.209237098693848,0.3093208968639374,0.5084658861160278,7
78,17,0.0033730145389965914,0.8134570121765137,1.4067285060882568,0.07803089366143236,0.0,0.0,False,1.0391838550567627,0.9026236278682015,4.21518611907959,0.3098680377006531,0.5017338991165161,7
78,18,-0.06094185357772577,0.8070069551467896,1.4035035371780396,0.058931545639631336,5.960464477539063e-08,0.0,False,1.038760781288147,0.9022561506619058,4.2049102783203125,0.31023848056793213,0.5014021992683411,7
78,19,0.026902278879226037,0.8178689479827881,1.408934473991394,0.4805704040942443,0.0,0.0,False,1.0294557809829712,0.894173930088614,4.168569087982178,0.31383001804351807,0.5003859996795654,7
78,20,-0.016050054816224377,0.8179793953895569,1.408989667892456,0.4444666625120195,2.9802322387695312e-08,0.0,False,1.03464674949646,0.8986827480508974,4.196832180023193,0.31158751249313354,0.5017485618591309,7
78,21,-0.016211717913136005,0.8160414099693298,1.4080207347869873,0.08764957538290762,2.9802322387695312e-08,0.0,False,1.0272982120513916,0.8922998895259922,4.161721229553223,0.31412896513938904,0.5044786930084229,7
78,22,-0.013177618531143062,0.814581573009491,1.4072906970977783,0.07773933492975957,8.940696716308594e-08,0.0,False,1.0172392129898071,0.88356275395416,4.100852966308594,0.31898194551467896,0.501822292804718,7
78,23,0.004050881472101506,0.8059403300285339,1.4029700756072998,0.40797783341897514,8.940696716308594e-08,0.0,False,1.0227267742156982,0.8883291890731815,4.118302822113037,0.31698718667030334,0.5013689398765564,7
78,24,0.005454024328503099,0.8149490356445312,1.4074745178222656,0.5236303284884865,0.0,0.0,False,1.0273172855377197,0.8923164565457181,4.149331092834473,0.3151605725288391,0.5001391172409058,7
79,1,-0.0914983462164809,0.7863087058067322,1.3931543827056885,1.177110921059336,2.9802322387695312e-08,0.0,False,1.0200285911560059,0.885985577045203,4.098867893218994,0.3172172009944916,0.5001014471054077,7
79,2,0.05670355968363308,0.835090696811676,1.4175453186035156,0.6674877615749109,2.9802322387695312e-08,0.0,False,0.951913058757782,0.8268211773403014,3.6725475788116455,0.35941991209983826,0.5045287013053894,7
79,3,0.0010270674976270103,0.7905074954032898,1.3952536582946777,0.8091957503856608,8.940696716308594e-08,0.0,False,1.0250377655029297,0.8903364906007236,4.127980709075928,0.31517350673675537,0.5002492666244507,7
79,4,0.01558433473786304,0.8073165416717529,1.403658390045166,1.0387763350873214,1.1920928955078125e-07,0.0,False,1.0243797302246094,0.8897649284201793,4.1164703369140625,0.3172680735588074,0.5000084638595581,7
79,5,0.0006402628895634177,0.805952250957489,1.402976155281067,0.5160040977953592,2.9802322387695312e-08,0.0,False,0.9838714599609375,0.8545798919262627,3.8790533542633057,0.3373769521713257,0.5024957656860352,7
79,6,0.04093023838788773,0.8098392486572266,1.4049196243286133,0.28280715685617386,0.0,0.0,False,0.9099538326263428,0.7903758565926718,3.417617082595825,0.3852524161338806,0.5000366568565369,7
79,7,-0.03525392785181045,0.7927135229110718,1.3963568210601807,0.8010751728003349,5.960464477539063e-08,0.0,False,1.0033349990844727,0.8714857072055815,4.11039924621582,0.3166065216064453,0.5049193501472473,7
79,8,0.0432536436935779,0.8107277154922485,1.405363917350769,0.6746679691035394,5.960464477539063e-08,0.0,False,0.962125301361084,0.8356914185612441,3.8089709281921387,0.3442670702934265,0.500544011592865,7
79,9,0.049291213761543,0.8110601902008057,1.4055299758911133,1.092042769756919,1.1920928955078125e-07,0.0,False,0.9747710227966309,0.8466753526395314,3.9387171268463135,0.33249032497406006,0.50026935338974,7
79,10,-0.00016876261854512423,0.7928851246833801,1.3964426517486572,0.5702426426706594,8.940696716308594e-08,0.0,False,1.0271016359329224,0.8921291456789419,4.43826150894165,0.2923292815685272,0.5005083680152893,7
79,11,0.01435173974727865,0.798707127571106,1.3993535041809082,0.35859155060268133,5.960464477539063e-08,0.0,False,0.9966362714767456,0.8656672663339638,4.203084945678711,0.3095778822898865,0.5101871490478516,7
79,12,-0.0007946727559738961,0.7872153520584106,1.39360773563385,0.6133973234007307,5.960464477539063e-08,0.0,False,0.9315547943115234,0.8091382135200269,3.5564608573913574,0.367460697889328,0.5101773738861084,7
79,13,0.010838692251832859,0.8068195581436157,1.403409719467163,0.6307973314952874,5.960464477539063e-08,0.0,False,1.0140564441680908,0.8807982360812697,4.421815395355225,0.29419416189193726,0.5057019591331482,7
79,14,0.0030781308980433898,0.8089253902435303,1.4044628143310547,0.7166226217467713,1.1920928955078125e-07,0.0,False,1.0404117107391357,0.9036901297630578,4.581692218780518,0.28361207246780396,0.5036872625350952,7
79,15,-0.00024207723498975622,0.817031979560852,1.4085158109664917,0.4800801220809384,1.7881393432617188e-07,0.0,False,1.0477954149246216,0.9101035337305827,4.7895965576171875,0.27120423316955566,0.5010204315185547,7
79,16,0.003360720207440363,0.8119544386863708,1.4059773683547974,0.2698391314127066,1.4901161193847656e-07,0.0,False,1.0403484106063843,0.9036351479663424,4.770595550537109,0.2720816731452942,0.5002948045730591,7
79,17,0.04508421868673193,0.819433331489563,1.4097167253494263,0.5242113985613738,5.960464477539063e-08,0.0,False,1.0625866651535034,0.9229510504402899,5.1087422370910645,0.2533801794052124,0.5044982433319092,1
79,18,-0.0015142024393345107,0.8149418234825134,1.407470941543579,0.9140397069265966,2.9802322387695312e-08,0.0,False,1.05534827709198,0.9166638664543019,4.812023639678955,0.26978710293769836,0.5000448226928711,6
79,19,0.030510308097593336,0.8238394856452942,1.4119198322296143,1.109713464776703,8.940696716308594e-08,0.0,False,1.0179555416107178,0.8841849490887417,4.56557035446167,0.2856442332267761,0.5001925826072693,1
79,20,0.02321212759750753,0.8087612986564636,1.4043806791305542,1.0264122594266936,2.9802322387695312e-08,0.0,False,1.087999939918518,0.9450247404353639,5.238826274871826,0.24633976817131042,0.5002152323722839,6
79,21,-0.0014263171298396606,0.8191449046134949,1.4095723628997803,0.6600846123463907,8.940696716308594e-08,0.0,False,1.046951413154602,0.9093704431077105,4.819079399108887,0.26953911781311035,0.5021494030952454,1
79,22,-0.004795250512237588,0.812351644039154,1.4061758518218994,0.4650737604241668,2.9802322387695312e-08,0.0,False,1.0122994184494019,0.8792721029328923,4.469356536865234,0.29134321212768555,0.5024470090866089,1
79,23,0.003941070094307959,0.8123423457145691,1.4061710834503174,0.3383384229522017,8.940696716308594e-08,0.0,False,1.0238749980926514,0.8893265236606821,4.433893203735352,0.2938286066055298,0.5010015964508057,7
79,24,0.012840748077683253,0.8094375133514404,1.4047188758850098,0.16542368716862826,1.1920928955078125e-07,0.0,False,1.0201976299285889,0.886132402257524,4.476116180419922,0.2907472848892212,0.5009196996688843,7
80,1,0.0675222910762537,0.8196056485176086,1.4098029136657715,1.1635898223945074,8.940696716308594e-08,0.0,False,1.0651015043258667,0.9251354119911529,4.912425518035889,0.2641916871070862,0.5012561678886414,2
80,2,0.03613984925305956,0.8124669194221497,1.406233549118042,1.002669551659248,8.940696716308594e-08,0.0,False,1.0947984457015991,0.9509298475289228,5.305993556976318,0.2429989129304886,0.5078455805778503,2
80,3,0.023634141600191696,0.8019874095916748,1.4009939432144165,0.9269533109982193,2.384185791015625e-07,0.0,False,1.1218032836914062,0.9743859517762519,5.747427940368652,0.22295531630516052,0.5021252632141113,2
80,4,-0.003617461395183718,0.8075383901596069,1.4037692546844482,1.4283206059772713,5.960464477539063e-08,0.0,False,1.139228105545044,0.989520959734616,6.1419477462768555,0.20787078142166138,0.5045160055160522,6
80,5,0.0027549202616780743,0.7914377450942993,1.3957188129425049,1.2815575858622306,5.960464477539063e-08,0.0,False,1.0116437673568726,0.8787026116298137,4.265434265136719,0.3045569062232971,0.5032914280891418,2
80,6,-0.0015148875936769187,0.8118640184402466,1.405932068824768,0.8896217288543554,5.960464477539063e-08,0.0,False,1.0358630418777466,0.8997392061900449,4.498682498931885,0.28919127583503723,0.5070148706436157,2
80,7,-0.017754497953909508,0.8093055486679077,1.4046528339385986,0.9826179969970491,5.960464477539063e-08,0.0,False,1.0553526878356934,0.9166676975776135,4.819424152374268,0.26868030428886414,0.5128514170646667,2
80,8,0.018232237461431672,0.8026102781295776,1.4013051986694336,0.6689647678430948,5.960464477539063e-08,0.0,False,0.9916200637817383,0.8613102436899192,4.190493106842041,0.31106144189834595,0.5012757778167725,2
80,9,-0.015652604614285155,0.7964089512825012,1.3982044458389282,0.5350121780986872,2.9802322387695312e-08,0.0,False,1.0664180517196655,0.9262789505277348,4.925048351287842,0.2620265781879425,0.5093523859977722,2
80,10,0.04273277077300811,0.7904337644577026,1.3952168226242065,0.5436196987181754,5.960464477539063e-08,0.0,False,1.0724234580993652,0.9314951802323151,5.176617622375488,0.2475462406873703,0.5376733541488647,2
80,11,0.020172733446975247,0.7931035161018372,1.3965517282485962,0.9696487742146898,2.9802322387695312e-08,0.0,False,1.077005386352539,0.9354749925459751,5.136117935180664,0.2505892217159271,0.5067320466041565,6
80,12,0.013068527507658113,0.7940453290939331,1.3970227241516113,0.5374145839805905,5.960464477539063e-08,0.0,False,1.1077125072479248,0.9621468588659793,5.653538703918457,0.22623103857040405,0.5138100385665894,1
80,13,-0.08100742984836257,0.8116092085838318,1.4058046340942383,0.9362894726705757,2.9802322387695312e-08,0.0,False,1.024556279182434,0.8899182768965174,4.478764533996582,0.29026371240615845,0.5162355303764343,2
80,14,0.029931336167319956,0.8372695446014404,1.4186347723007202,0.93153696619021,0.0,0.0,False,1.0251691341400146,0.8904505959490859,4.408588409423828,0.29677534103393555,0.5131305456161499,2
80,15,-0.03036322783880268,0.8176404237747192,1.4088202714920044,0.5778420775191575,5.960464477539063e-08,0.0,False,1.0572335720062256,0.9183014128103362,4.840604305267334,0.2678912580013275,0.5126955509185791,2
80,16,-0.0201251704754243,0.795724093914032,1.3978619575500488,1.1895338112536133,8.940696716308594e-08,0.0,False,1.0616775751113892,0.9221614248626031,4.825857162475586,0.2678571343421936,0.502319872379303,3
80,17,-0.025780330465068814,0.7850708961486816,1.3925354480743408,0.6806448594517058,0.0,0.0,False,1.1042314767837524,0.959123274222125,5.334162712097168,0.24048590660095215,0.5032617449760437,3
80,18,-0.03044028246813817,0.8031637668609619,1.4015817642211914,1.1213555483687374,1.1920928955078125e-07,0.0,False,1.099194049835205,0.9547478207686352,5.922817707061768,0.21418200433254242,0.5665854215621948,4
80,19,0.027153601782654146,0.808132529258728,1.4040664434432983,1.2833528705538173,1.7881393432617188e-07,0.0,False,1.0727320909500122,0.9317632553202553,4.999648094177246,0.2587745189666748,0.500011682510376,2
80,20,0.01842739533556971,0.7842961549758911,1.3921480178833008,0.45952414649701,5.960464477539063e-08,0.0,False,1.1029438972473145,0.9580048968467518,5.408819198608398,0.23669537901878357,0.5124983787536621,2
80,21,0.02530671103128424,0.783862292766571,1.391931176185608,0.7050728971198598,2.9802322387695312e-08,0.0,False,1.0640347003936768,0.9242087978691074,4.873745441436768,0.2636581361293793,0.5315670371055603,2
80,22,-0.00983487100542903,0.803389310836792,1.4016945362091064,0.2557144081049084,1.1920928955078125e-07,0.0,False,1.0409021377563477,0.9041161092577606,4.531407833099365,0.28668832778930664,0.5000028014183044,2
80,23,0.03251532653702015,0.7950083017349243,1.397504210472107,0.6318574056728524,5.960464477539063e-08,0.0,False,1.0449998378753662,0.9076753263581288,4.77992582321167,0.2705213725566864,0.5024133324623108,2
80,24,0.0009655468288991892,0.781272292137146,1.3906363248825073,0.6943880573547929,1.7881393432617188e-07,0.0,False,1.0932307243347168,0.9495681420513252,5.243521690368652,0.24461302161216736,0.5062142610549927,1
81,1,-0.002248136167785242,0.7770704627037048,1.3885352611541748,1.1675819499152047,2.9802322387695312e-08,0.0,False,1.0489698648452759,0.9111236479702064,4.779094696044922,0.2694496512413025,0.5066417455673218,2
81,2,0.056869394840308014,0.7361307740211487,1.368065357208252,1.7895111827484185,2.9802322387695312e-08,0.0,False,0.986204981803894,0.8566067632458562,3.9669764041900635,0.3244125545024872,0.5016838908195496,6
81,3,0.08633289043992706,0.7686024904251099,1.3843014240264893,0.49004686890869276,1.7881393432617188e-07,0.0,False,0.9946120977401733,0.8639090913655502,4.202812671661377,0.30782362818717957,0.5001979470252991,6
81,4,-0.023341379975011487,0.7282776832580566,1.3641388416290283,0.8824750266204385,0.0,0.0,False,1.0262279510498047,0.8913702726316213,4.424102783203125,0.28909558057785034,0.5029411315917969,6
81,5,-0.0026930797165210206,0.7829052209854126,1.3914527893066406,2.3138539570172885,1.7881393432617188e-07,0.0,False,1.0379877090454102,0.9015846686436395,4.364095211029053,0.29683390259742737,0.5025128126144409,2
81,6,0.046761770653956876,0.8385804891586304,1.41929030418396,0.5454518757205052,5.960464477539063e-08,0.0,False,1.015880823135376,0.8823828715180543,4.388840675354004,0.2986224293708801,0.5010622143745422,2
81,7,0.013538032186193502,0.8044102191925049,1.4022051095962524,0.6735273761967775,0.0,0.0,False,1.0299692153930664,0.8946198935508612,4.540457725524902,0.2861126661300659,0.5013511180877686,5
81,8,-0.009180952198698872,0.7570425271987915,1.3785210847854614,1.6597056370464192,1.7881393432617188e-07,0.0,False,1.0699430704116821,0.929340742860832,4.872345924377441,0.2622545063495636,0.5333507061004639,6
81,9,0.005326077442941073,0.7908173203468323,1.3954086303710938,1.457224664473498,2.9802322387695312e-08,0.0,False,1.0241525173187256,0.8895675737976942,4.298131942749023,0.3021131455898285,0.5026217699050903,2
81,10,-0.03950486151609841,0.8382499814033508,1.4191250801086426,0.20649818057141744,8.940696716308594e-08,0.0,False,0.9936012029647827,0.8630310393200762,4.118594169616699,0.3191486597061157,0.502175509929657,2
81,11,0.025997078846403322,0.81876540184021,1.4093828201293945,0.5311259058350685,1.1920928955078125e-07,0.0,False,1.0293595790863037,0.8940903701828714,4.542275905609131,0.28682202100753784,0.5022980570793152,2
81,12,0.004713331753021442,0.8300467133522034,1.4150234460830688,0.054765473907070976,8.940696716308594e-08,0.0,False,1.012850046157837,0.8797503720836051,4.4256486892700195,0.2951759099960327,0.5117728114128113,2
81,13,0.024479927433754534,0.8334230184555054,1.4167115688323975,0.37212665193606453,5.960464477539063e-08,0.0,False,0.9885174036026001,0.8586153072998779,4.246816635131836,0.30832239985466003,0.5163854956626892,2
81,14,0.033971318061178694,0.7994415163993835,1.3997209072113037,0.735180215694451,1.4901161193847656e-07,0.0,False,1.0262184143066406,0.8913619891217583,4.419139862060547,0.2940528988838196,0.5009682774543762,2
81,15,-0.04579774780716021,0.8067736625671387,1.4033869504928589,2.120618507713933,1.1920928955078125e-07,0.0,False,0.988903284072876,0.8589504788177079,4.036207675933838,0.3237156569957733,0.5036761164665222,6
81,16,-0.007769775918820818,0.8088769316673279,1.4044384956359863,2.569193545710875,2.9802322387695312e-08,0.0,False,0.9942241907119751,0.8635721596018742,4.356732368469238,0.29887697100639343,0.5076541304588318,3
81,17,-0.0939232059346129,0.7825415134429932,1.391270637512207,1.5910732213964018,1.1920928955078125e-07,0.0,False,1.140729546546936,0.9908250948186661,6.144924163818359,0.20686639845371246,0.5035544037818909,3
81,18,0.01888767147925035,0.7903100848197937,1.3951550722122192,1.0528999228044196,2.9802322387695312e-08,0.0,False,0.9993611574172974,0.8680340721895586,4.116847991943359,0.31584224104881287,0.5078423023223877,2
81,19,0.0819678192655984,0.8195475339889526,1.409773826599121,1.6354583223627355,5.960464477539063e-08,0.0,False,1.0051037073135376,0.873021987653541,4.445572853088379,0.29348790645599365,0.5001053810119629,7
81,20,-0.060273861776824235,0.800111711025238,1.4000557661056519,1.6467724377675192,8.940696716308594e-08,0.0,False,1.058332920074463,0.9192562944097891,4.96417760848999,0.25929057598114014,0.5364588499069214,1
81,21,-0.013274593324011836,0.8030387759208679,1.4015194177627563,0.8624478378670397,2.9802322387695312e-08,0.0,False,1.0672118663787842,0.926968449179953,4.697302341461182,0.2760468125343323,0.5000974535942078,7
81,22,-0.04603558990247889,0.8207870125770569,1.410393476486206,0.4792294527762354,2.9802322387695312e-08,0.0,False,1.0555732250213623,0.9168592537431945,4.851213455200195,0.2677571475505829,0.5017530918121338,2
81,23,-0.005783904497676686,0.8154417276382446,1.4077208042144775,0.37127095496614876,5.960464477539063e-08,0.0,False,0.9917612075805664,0.861432839635891,4.089842319488525,0.3196740448474884,0.5110624432563782,2
81,24,0.02506559954237604,0.8059725761413574,1.4029862880706787,0.13306832168716903,0.0,0.0,False,0.9780170321464539,0.8494948005372004,3.9174704551696777,0.33387425541877747,0.5045254230499268,2
82,1,-0.047960170326272124,0.8042111992835999,1.4021055698394775,1.4652472564152308,2.9802322387695312e-08,0.0,False,0.9208628535270691,0.7998513117529772,3.5399129390716553,0.3709738850593567,0.5000346899032593,7
82,2,0.0016511919299373552,0.766776442527771,1.3833882808685303,0.5581500592108202,5.960464477539063e-08,0.0,False,1.0001450777053833,0.8687149767002941,3.9882586002349854,0.3249521255493164,0.5000022649765015,7
82,3,-0.01415784166168534,0.7794543504714966,1.3897271156311035,0.06705265540587284,5.960464477539063e-08,0.0,False,0.9887871146202087,0.8588495753131897,3.959857225418091,0.32830294966697693,0.5006966590881348,7
82,4,-0.003958189234724527,0.7691047191619873,1.3845524787902832,0.10252854800589938,1.1920928955078125e-07,0.0,False,0.9898285865783691,0.8597541863621618,3.9266140460968018,0.33042657375335693,0.5002517700195312,7
82,5,-0.0034794316925623966,0.7860066294670105,1.393003225326538,0.3903487624947124,8.940696716308594e-08,0.0,False,0.9778227210044861,0.8493260240237426,3.949037551879883,0.32966160774230957,0.503096878528595,7
82,6,-0.008854919660650471,0.7853607535362244,1.3926804065704346,0.12474826769815343,2.9802322387695312e-08,0.0,False,0.9978559017181396,0.8667266237015634,4.015233039855957,0.32402509450912476,0.5005455613136292,7
82,7,-0.001333383962739688,0.7661657929420471,1.3830828666687012,0.40860860989452047,2.9802322387695312e-08,0.0,False,0.9840646386146545,0.8547476847729244,3.841569662094116,0.33780214190483093,0.5001769661903381,7
82,8,-0.0478243267489896,0.7826687693595886,1.3913342952728271,0.41988490705435005,8.940696716308594e-08,0.0,False,0.9805578589439392,0.85170173465244,3.979835271835327,0.3268214166164398,0.5008260011672974,7
82,9,-0.0027853834378713752,0.7846039533615112,1.3923019170761108,0.34367791628149164,5.960464477539063e-08,0.0,False,1.009871244430542,0.877163017777909,4.003242015838623,0.3249906301498413,0.5001782178878784,7
82,10,-0.00825253733547188,0.7849639058113098,1.392482042312622,0.2511790719806047,8.940696716308594e-08,0.0,False,1.001415491104126,0.8698184437579138,4.005343914031982,0.32483282685279846,0.5004197955131531,7
82,11,0.01841787840158099,0.7900547981262207,1.3950273990631104,0.12891919744480115,0.0,0.0,False,1.0184359550476074,0.8846022308980883,4.096324443817139,0.31765925884246826,0.5011082887649536,7
82,12,-0.0011884008654480254,0.780180037021637,1.390089988708496,0.1332268587028389,2.9802322387695312e-08,0.0,False,1.0174157619476318,0.883716102430498,4.088159561157227,0.31765037775039673,0.5000501871109009,7
82,13,-0.0037024955721638416,0.7717506885528564,1.3858752250671387,0.15259657692574852,1.1920928955078125e-07,0.0,False,1.0251376628875732,0.8904232603665382,4.136673450469971,0.31315878033638,0.5007903575897217,7
82,14,0.002476877927281975,0.7992621064186096,1.3996310234069824,0.7263836877948026,2.9802322387695312e-08,0.0,False,0.9677863121032715,0.8406085100158982,3.7388720512390137,0.35000336170196533,0.5033308267593384,7
82,15,0.0756444241401721,0.8040534257888794,1.402026653289795,0.5000839779564789,5.960464477539063e-08,0.0,False,1.0232818126678467,0.8888112893472058,4.151876926422119,0.3142056167125702,0.5004876255989075,7
82,16,0.021479163904004478,0.8176120519638062,1.4088060855865479,0.3256334695237879,5.960464477539063e-08,0.0,False,0.9320954084396362,0.8096077849853835,3.564816951751709,0.36941036581993103,0.5001026391983032,7
82,17,-0.03594626153424403,0.8060427904129028,1.4030213356018066,0.6104621553978193,5.960464477539063e-08,0.0,False,0.9738000631332397,0.8458319877916086,3.946197271347046,0.33125412464141846,0.5077764987945557,7
82,18,-0.042938204785526096,0.8113221526145935,1.4056611061096191,0.6418770097537732,2.9802322387695312e-08,0.0,False,1.0148922204971313,0.881524182176885,4.073853492736816,0.3209793269634247,0.5012710094451904,7
82,19,0.0028878955784727694,0.8124743700027466,1.4062371253967285,0.4330788342334348,5.960464477539063e-08,0.0,False,1.0238407850265503,0.8892968065690486,4.155355453491211,0.31448957324028015,0.5010215044021606,7
82,20,0.014029724891906955,0.7976346611976624,1.3988173007965088,0.14501094357830352,2.9802322387695312e-08,0.0,False,1.0227746963500977,0.8883708137102428,4.1731743812561035,0.31209197640419006,0.5005459785461426,7
82,21,0.004344947512060899,0.793215811252594,1.3966079950332642,0.4920000077638965,8.940696716308594e-08,0.0,False,1.028516173362732,0.8933577972793657,4.132620811462402,0.3149329125881195,0.5024227499961853,7
82,22,-0.01584401724270214,0.7701940536499023,1.3850970268249512,0.11627482856006598,0.0,0.0,False,1.0173872709274292,0.8836913554447824,4.025184631347656,0.3220869302749634,0.5005970001220703,7
82,23,-0.015564586810887189,0.7895304560661316,1.3947651386260986,0.18305615265131825,8.940696716308594e-08,0.0,False,1.032551646232605,0.8968629644778779,4.162454128265381,0.3122982978820801,0.5033736228942871,7
82,24,-0.009343550777242063,0.7975743412971497,1.398787260055542,0.5429493176371449,8.940696716308594e-08,0.0,False,1.0350741147994995,0.8990539528366314,4.209758758544922,0.308864027261734,0.5147119164466858,7
83,1,0.0009320692709069082,0.8117194771766663,1.4058598279953003,1.413627598966871,8.940696716308594e-08,0.0,False,0.9452032446861267,0.820993106888468,3.683981418609619,0.35630571842193604,0.5077003836631775,2
83,2,0.011995775884672976,0.8249446153640747,1.4124722480773926,0.706078380191494,5.960464477539063e-08,0.0,False,1.027329683303833,0.89232722510854,4.239480495452881,0.30869048833847046,0.504273533821106,2
83,3,0.022175405714408826,0.8132582902908325,1.406629204750061,0.1928957054616839,5.960464477539063e-08,0.0,False,1.0216659307479858,0.8874077521448003,4.1395368576049805,0.3156675100326538,0.5056458711624146,2
83,4,0.0017833474821693975,0.8275007009506226,1.413750410079956,0.3245719954422955,5.960464477539063e-08,0.0,False,1.0391321182250977,0.9025786898271949,4.3145294189453125,0.3031734526157379,0.5061020851135254,2
83,5,0.05001921313195812,0.8233922123908997,1.4116960763931274,0.10186075323607587,2.9802322387695312e-08,0.0,False,1.029832363128662,0.8945010251843277,4.237401962280273,0.30861008167266846,0.5089946389198303,2
83,6,-0.03719038878865524,0.8132253289222717,1.4066126346588135,2.4119548055040725,2.9802322387695312e-08,0.0,False,0.890598475933075,0.7735640073783611,3.3384411334991455,0.3948381841182709,0.5069788098335266,6
83,7,0.06925489389626133,0.7983153462409973,1.3991576433181763,1.2403801554945135,2.9802322387695312e-08,0.0,False,0.9808542132377625,0.8519591447214315,3.9603288173675537,0.3295743465423584,0.5035947561264038,7
83,8,0.03901176648396957,0.828684389591217,1.4143421649932861,1.1802794824515248,2.9802322387695312e-08,0.0,False,0.9470201134681702,0.8225712190612355,3.726073980331421,0.3533337116241455,0.5115533471107483,6
83,9,0.0493308718036445,0.8177893161773682,1.408894658088684,0.18216664270335708,0.0,0.0,False,0.9794398546218872,0.8507306484368177,3.944972276687622,0.3321279287338257,0.5108383297920227,6
83,10,-0.056196277331485106,0.7910397052764893,1.395519733428955,0.617451100277705,1.1920928955078125e-07,0.0,False,0.9483866095542908,0.8237581424807247,3.7668495178222656,0.34641575813293457,0.5120514631271362,6
83,11,0.019911129024772767,0.7967275381088257,1.398363709449768,1.434334897547347,5.960464477539063e-08,0.0,False,0.9748493432998657,0.846743380964281,3.935544967651367,0.3316904306411743,0.5010518431663513,7
83,12,-0.00645949645648188,0.7849136590957642,1.3924567699432373,0.4687109931648198,5.960464477539063e-08,0.0,False,0.9436252117156982,0.819622444865831,3.630643367767334,0.3597191572189331,0.5013011693954468,5
83,13,-0.0008172581594290311,0.7909290790557861,1.395464539527893,1.8658783835056287,0.0,0.0,False,1.0404956340789795,0.9037630246498519,4.385308742523193,0.2959018051624298,0.5004351735115051,2
83,14,-0.0804615680174121,0.8283127546310425,1.4141565561294556,0.16239837059345755,1.7881393432617188e-07,0.0,False,1.0000044107437134,0.8685927949298153,4.093350887298584,0.32059118151664734,0.5000863075256348,2
83,15,-9.178263744564954e-05,0.8059445023536682,1.4029723405838013,0.08575147151450078,8.940696716308594e-08,0.0,False,0.9918521046638489,0.8615117918392724,4.004801273345947,0.32636505365371704,0.5015795826911926,2
83,16,-0.035407591477133425,0.832868218421936,1.4164339303970337,0.1317855321856523,1.7881393432617188e-07,0.0,False,0.9930514693260193,0.8625535467484131,4.043835163116455,0.3249947428703308,0.5007736682891846,2
83,17,-0.05192254389191548,0.8105092644691467,1.405254602432251,0.21332509347958303,2.9802322387695312e-08,0.0,False,1.027593731880188,0.8925565747878708,4.200603008270264,0.3107387125492096,0.503766655921936,2
83,18,0.04214024627362447,0.7832741737365723,1.3916370868682861,0.3917921266722699,0.0,0.0,False,1.0268621444702148,0.8919211260375083,4.1874566078186035,0.309685617685318,0.5123082399368286,2
83,19,-0.015155468013467784,0.8096743822097778,1.4048371315002441,0.6555322738610719,5.960464477539063e-08,0.0,False,1.0368432998657227,0.9005906474600841,4.252234935760498,0.3067101836204529,0.5047156810760498,2
83,20,0.029380937792405637,0.7935415506362915,1.396770715713501,0.2763528054828893,5.960464477539063e-08,0.0,False,0.9907123446464539,0.8605218088667752,4.0006103515625,0.325785756111145,0.5030344128608704,2
83,21,0.06463745543988707,0.8067373037338257,1.4033687114715576,1.2329037587833322,5.960464477539063e-08,0.0,False,1.0068700313568115,0.8745561972240349,4.272372245788574,0.3051247298717499,0.500484824180603,6
83,22,0.034169726560985964,0.8146499991416931,1.407325029373169,0.43356164759721594,2.9802322387695312e-08,0.0,False,1.0154314041137695,0.8819925111157623,4.4353108406066895,0.29387933015823364,0.5007697939872742,6
83,23,-0.004430197904519619,0.8084464073181152,1.4042233228683472,0.5573489057616418,1.1920928955078125e-07,0.0,False,1.0308928489685059,0.8954221514810891,4.627918720245361,0.2807132601737976,0.5000005960464478,2
83,24,-0.06633531240446629,0.7896609902381897,1.394830584526062,0.5845407366358465,8.940696716308594e-08,0.0,False,0.9853349924087524,0.8558511000586075,3.93845272064209,0.3306925594806671,0.5090966820716858,2
84,1,-0.03164138829463119,0.8066548109054565,1.403327465057373,1.3712337357657296,5.960464477539063e-08,0.0,False,0.9764166474342346,0.8481047240383222,3.9395148754119873,0.33209556341171265,0.5003013610839844,2
84,2,0.03410394557393825,0.8328255414962769,1.4164128303527832,0.43452802029351406,5.960464477539063e-08,0.0,False,0.9865157604217529,0.8568767021235155,4.247131824493408,0.3087346851825714,0.5004028081893921,2
84,3,-0.029308958433123877,0.8088154196739197,1.4044077396392822,0.9184585781962015,2.9802322387695312e-08,0.0,False,1.0974223613739014,0.9532089517238435,5.426295757293701,0.23733076453208923,0.5006377100944519,2
84,4,0.02879191625556712,0.8065444827079773,1.403272271156311,1.023071277572551,2.9802322387695312e-08,0.0,False,0.9836990833282471,0.8544301674854897,4.128373622894287,0.31625890731811523,0.5000289678573608,2
84,5,-0.014940436016851358,0.8026882410049438,1.4013441801071167,0.3319756586027772,5.960464477539063e-08,0.0,False,0.9924450516700745,0.862026819065002,4.1037821769714355,0.31796887516975403,0.5000742673873901,2
84,6,-0.0016599846192508348,0.7714033722877502,1.3857015371322632,0.5234960164770891,1.4901161193847656e-07,0.0,False,1.0227614641189575,0.888359320340308,4.423434734344482,0.29159247875213623,0.5158458352088928,2
84,7,-0.040845462556172406,0.7569471001625061,1.3784735202789307,0.8204207200814808,2.9802322387695312e-08,0.0,False,1.048595905303955,0.910798830839705,4.7118330001831055,0.2716410160064697,0.533437967300415,7
84,8,-0.017892500921780533,0.7711888551712036,1.385594367980957,0.9155612153147974,5.960464477539063e-08,0.0,False,1.0471343994140625,0.9095293829532062,4.565212249755859,0.28188657760620117,0.5242117643356323,7
84,9,0.05083317427073018,0.7800504565238953,1.39002525806427,0.3117612494575186,2.9802322387695312e-08,0.0,False,1.0539183616638184,0.915421857694224,4.573482990264893,0.28242531418800354,0.5036410689353943,7
84,10,-0.048937742398014475,0.7958415746688843,1.397920846939087,1.0266807382076235,5.960464477539063e-08,0.0,False,1.0189372301101685,0.8850376328852603,4.381556034088135,0.2964891791343689,0.500110387802124,2
84,11,-0.031929114826461935,0.8087449669837952,1.4043724536895752,0.7000615548890872,2.9802322387695312e-08,0.0,False,1.0286924839019775,0.8935109386679572,4.430130958557129,0.2937127947807312,0.506460428237915,2
84,12,-0.021732281737822295,0.8050349950790405,1.4025174379348755,0.8619455542685919,5.960464477539063e-08,0.0,False,0.9861150979995728,0.8565286911653978,4.0869340896606445,0.3194439709186554,0.502122700214386,7
84,13,0.013396092842253956,0.8041028380393982,1.4020514488220215,0.21060323855295898,2.9802322387695312e-08,0.0,False,0.9653822183609009,0.8385203407233188,3.8949806690216064,0.335602730512619,0.5095898509025574,2
84,14,0.02812218277674188,0.8143788576126099,1.4071893692016602,0.10684257588420337,5.960464477539063e-08,0.0,False,0.960396945476532,0.8341901877143922,3.8487436771392822,0.34076857566833496,0.5030025839805603,7
84,15,0.0009122304326565885,0.8305063843727112,1.4152531623840332,0.1682571295187814,2.9802322387695312e-08,0.0,False,0.9353308081626892,0.81241801747833,3.6083099842071533,0.3658405840396881,0.5002058148384094,7
84,16,0.049714469562330874,0.8070895671844482,1.4035449028015137,0.45041092821125084,1.1920928955078125e-07,0.0,False,0.9735062718391418,0.8455768039158927,3.889954090118408,0.33645159006118774,0.5033941268920898,7
84,17,0.00321971392283432,0.8045129776000977,1.4022564888000488,0.2882201642489522,0.0,0.0,False,0.9177972674369812,0.7971885775075281,3.4654035568237305,0.3792659640312195,0.5004621148109436,7
84,18,-0.003124405831352753,0.8143781423568726,1.4071890115737915,0.2903593106575034,5.960464477539063e-08,0.0,False,0.9535434246063232,0.8282372951233113,3.8067941665649414,0.3446870446205139,0.5028326511383057,2
84,19,0.028619014914145,0.8082002401351929,1.4041000604629517,0.5218885329134959,5.960464477539063e-08,0.0,False,1.0013952255249023,0.869800841299455,4.1474690437316895,0.3148035407066345,0.5017138719558716,2
84,20,0.0296583764793397,0.8131210207939148,1.4065604209899902,0.3115552618540097,8.940696716308594e-08,0.0,False,1.0016145706176758,0.8699913620263032,4.12412691116333,0.31683850288391113,0.5075029134750366,2
84,21,0.0014535472055752048,0.7988007664680481,1.3994004726409912,0.3764516443998515,8.940696716308594e-08,0.0,False,0.9972972869873047,0.8662414171113404,4.1187896728515625,0.31632745265960693,0.505927324295044,2
84,22,-0.02381360288783834,0.7953305244445801,1.3976653814315796,0.5478091544448694,1.1920928955078125e-07,0.0,False,1.036910057067871,0.9006486320291248,4.359424114227295,0.29783105850219727,0.5073990821838379,2
84,23,-0.030667676208353877,0.7831560373306274,1.3915780782699585,0.5736768001765402,5.960464477539063e-08,0.0,False,1.0125329494476318,0.8794749453806616,4.140239715576172,0.3136040270328522,0.5034293532371521,2
84,24,0.03583377537969987,0.7809486389160156,1.3904743194580078,0.9415235615232987,0.0,0.0,False,1.0319058895111084,0.8963020673162821,4.390009880065918,0.2949426770210266,0.5000471472740173,2
85,1,0.010474027061597856,0.7642133831977844,1.3821067810058594,0.9687776863574982,8.940696716308594e-08,0.0,False,1.127542495727539,0.9793709680117824,5.845168113708496,0.21746549010276794,0.5014824867248535,5
85,2,-0.05983205862264665,0.7695618867874146,1.384781002998352,0.4571719455682552,5.960464477539063e-08,0.0,False,1.123626470565796,0.9759695517743037,5.769232273101807,0.2205507755279541,0.5081615447998047,1
85,3,0.008046167049015004,0.7582184076309204,1.379109263420105,0.7722911667465918,5.960464477539063e-08,0.0,False,1.1235008239746094,0.9758604165318591,5.809211730957031,0.21833506226539612,0.5134357810020447,1
85,4,0.01330482546739345,0.7636048197746277,1.3818024396896362,0.6143925506415496,2.9802322387695312e-08,0.0,False,1.1178619861602783,0.9709625842376364,5.705344200134277,0.2227337807416916,0.5151477456092834,1
85,5,0.0010666768234423472,0.7810919880867004,1.3905460834503174,0.8921268563756263,8.940696716308594e-08,0.0,False,1.0899596214294434,0.9467268981683293,5.29697322845459,0.24153101444244385,0.5237710475921631,1
85,6,0.02308103822341505,0.7956174612045288,1.3978089094161987,0.09112396053715158,1.7881393432617188e-07,0.0,False,1.0877891778945923,0.9448416748673925,5.118265628814697,0.2517264485359192,0.5035024285316467,1
85,7,-0.003824410756453446,0.7639567255973816,1.3819782733917236,0.6170006072428058,8.940696716308594e-08,0.0,False,1.0923843383789062,0.9488329805509873,5.2933197021484375,0.24121925234794617,0.5112209916114807,1
85,8,-0.07598593329618075,0.7879586815834045,1.3939793109893799,0.625487030939319,2.9802322387695312e-08,0.0,False,1.0853956937789917,0.9427627209795356,5.121472358703613,0.25103750824928284,0.508578896522522,1
85,9,-0.020521573760071417,0.796968936920166,1.398484468460083,1.0044679182501863,0.0,0.0,False,1.0446581840515137,0.9073785696172881,4.552497386932373,0.2848968505859375,0.500481128692627,1
85,10,-0.027709193114806623,0.7942273020744324,1.397113561630249,0.6622818072164647,8.940696716308594e-08,0.0,False,1.1009602546691895,0.9562819267952557,5.213320255279541,0.24689719080924988,0.500549852848053,1
85,11,0.020122792363808203,0.7939870953559875,1.3969937562942505,0.2628373100666893,2.086162567138672e-07,0.0,False,1.0663447380065918,0.9262152710456633,4.791618347167969,0.2698080837726593,0.5010508298873901,1
85,12,0.011207247460221982,0.776925802230835,1.3884629011154175,0.30534657363755524,0.0,0.0,False,1.0947551727294922,0.9508922611029197,5.142022609710693,0.24948465824127197,0.5063967704772949,1
85,13,-0.014852171798802483,0.7787298560142517,1.3893648386001587,0.21975327686189977,8.940696716308594e-08,0.0,False,1.0999855995178223,0.955435352087261,5.264064311981201,0.2435627579689026,0.5031895041465759,1
85,14,0.018953117911817405,0.7947520613670349,1.3973761796951294,0.21999866467240625,1.4901161193847656e-07,0.0,False,1.0830403566360474,0.9407169011311306,4.961911201477051,0.26010966300964355,0.5013192892074585,1
85,15,-0.06493000746555168,0.7729724049568176,1.386486291885376,1.074633973182772,8.940696716308594e-08,0.0,False,1.043302297592163,0.9062008616025216,4.704005241394043,0.2738291919231415,0.5027763843536377,4
85,16,-0.008575348097578334,0.7902191877365112,1.3951096534729004,1.5682851895927057,5.960464477539063e-08,0.0,False,1.0178964138031006,0.8841335913275913,4.266275405883789,0.30449604988098145,0.5002551078796387,2
85,17,-0.07074621790765237,0.7654122114181519,1.3827061653137207,0.700232369742397,5.960464477539063e-08,0.0,False,1.105515718460083,0.960238752369046,5.441458702087402,0.23447471857070923,0.5068409442901611,2
85,18,0.06595342629233242,0.7831759452819824,1.3915879726409912,1.8845254504736881,0.0,0.0,False,1.028881311416626,0.8936749521632439,4.526289939880371,0.2857751250267029,0.500873863697052,6
85,19,0.030655024902460543,0.773586630821228,1.3867934942245483,0.639480306476048,1.7881393432617188e-07,0.0,False,1.0521279573440552,0.9138667322613262,4.8703107833862305,0.263915091753006,0.5083887577056885,1
85,20,-0.02973407715362638,0.7608477473258972,1.3804237842559814,0.7503854471869236,8.940696716308594e-08,0.0,False,1.1038604974746704,0.9588010456884557,5.31599760055542,0.2402559518814087,0.50059574842453,1
85,21,0.10989918962005779,0.7801812887191772,1.3900905847549438,1.4926668542047548,5.960464477539063e-08,0.0,False,1.1090891361236572,0.9633425835146978,5.624758243560791,0.22691839933395386,0.5119059681892395,5
85,22,-0.08242814890360553,0.7875927686691284,1.393796443939209,0.3551321705287178,5.960464477539063e-08,0.0,False,1.129631757736206,0.9811856779350107,5.906447410583496,0.21602855622768402,0.5012109279632568,5
85,23,0.07561611082943714,0.7969955801963806,1.3984978199005127,0.6936275016032667,2.9802322387695312e-08,0.0,False,1.0692241191864014,0.928716269761038,4.9662933349609375,0.259931355714798,0.5033055543899536,3
85,24,0.028548596816464142,0.7900973558425903,1.3950486183166504,2.0925832172604717,5.960464477539063e-08,0.0,False,1.0100953578948975,0.8773576802596885,4.253030776977539,0.305429071187973,0.5020723342895508,7
86,1,0.004820269778329827,0.8299965262413025,1.4149984121322632,1.3628732913306782,1.4901161193847656e-07,0.0,False,1.0029219388961792,0.871126927684642,4.423946857452393,0.2951480746269226,0.5166527628898621,2
86,2,-0.021081204020396413,0.8268709778785706,1.4134355783462524,0.15961284664809633,8.940696716308594e-08,0.0,False,1.008077621459961,0.8756050966604324,4.54921817779541,0.28636595606803894,0.5184731483459473,2
86,3,-0.010663485326250013,0.8131530284881592,1.4065766334533691,0.41286047089260847,1.1920928955078125e-07,0.0,False,1.0648027658462524,0.9248759310446957,4.883056163787842,0.2653750479221344,0.5064769387245178,2
86,4,0.09230219755368722,0.771390438079834,1.3856953382492065,1.7274050641336434,1.1920928955078125e-07,0.0,False,1.0616180896759033,0.9221097564698328,4.722521781921387,0.27268490195274353,0.5000024437904358,6
86,5,0.10825303202580008,0.775357186794281,1.3876787424087524,0.48509122124160015,1.4901161193847656e-07,0.0,False,1.042130470275879,0.9051830253281101,4.595648765563965,0.2805612087249756,0.5095571875572205,4
86,6,-0.00992549541661039,0.7450295686721802,1.3725148439407349,0.51759688674804,5.960464477539063e-08,0.0,False,0.9716618061065674,0.8439747213364593,3.8424108028411865,0.3359827995300293,0.5034959316253662,4
86,7,-0.04014469942402059,0.7948483228683472,1.3974242210388184,1.9968342952931835,5.960464477539063e-08,0.0,False,1.0820035934448242,0.9398163800651534,5.245517253875732,0.24531124532222748,0.5011420249938965,1
86,8,0.0013370297341360436,0.8363176584243774,1.4181588888168335,0.8012967086316466,5.960464477539063e-08,0.0,False,1.0529265403747559,0.914560372668476,4.865762710571289,0.2676877975463867,0.5034127831459045,3
86,9,0.015808834215602585,0.8240078687667847,1.412003993988037,0.49494003332744885,5.960464477539063e-08,0.0,False,1.0571589469909668,0.9182365943456585,4.906582832336426,0.26390907168388367,0.5302656292915344,3
86,10,0.002655252930472824,0.7487943172454834,1.3743972778320312,2.33650578485941,1.1920928955078125e-07,0.0,False,1.017234206199646,0.8835584051114819,4.218748092651367,0.30499839782714844,0.5101801753044128,4
86,11,-0.017408106203226206,0.759752094745636,1.3798761367797852,1.5288577870513353,8.940696716308594e-08,0.0,False,1.0800495147705078,0.9381190888942326,4.8316755294799805,0.2655305564403534,0.5017003417015076,5
86,12,-0.016641698367900554,0.7950882315635681,1.3975441455841064,1.1881047059110443,2.9802322387695312e-08,0.0,False,1.0229917764663696,0.8885593671034985,4.456402778625488,0.29123443365097046,0.5,2
86,13,0.048638326473503544,0.8243447542190552,1.4121724367141724,0.8763608030632666,5.960464477539063e-08,0.0,False,1.0234142541885376,0.8889263265904277,4.425686359405518,0.29507309198379517,0.5033400058746338,2
86,14,-0.047233801704094774,0.8060833811759949,1.4030417203903198,0.48188686315068796,2.9802322387695312e-08,0.0,False,1.113366961479187,0.9670582554076026,5.604977607727051,0.22909240424633026,0.5043137073516846,2
86,15,-0.020014644215402302,0.8206344842910767,1.4103171825408936,0.8653060609259409,5.960464477539063e-08,0.0,False,0.9791393280029297,0.8504696143322611,4.03804874420166,0.32451486587524414,0.5045256018638611,2
86,16,-0.003324939572840375,0.8283793330192566,1.4141894578933716,0.21369443241883784,2.086162567138672e-07,0.0,False,0.9623867273330688,0.8359184902753625,4.1443328857421875,0.31626299023628235,0.5071406364440918,2
86,17,-0.01426731982706042,0.8304039835929871,1.4152019023895264,0.307481145521064,8.940696716308594e-08,0.0,False,0.9868860244750977,0.8571983093939449,4.272330284118652,0.30657675862312317,0.5035538077354431,2
86,18,-0.013415098189625229,0.8264655470848083,1.413232684135437,0.049793866747282006,8.940696716308594e-08,0.0,False,1.004927635192871,0.8728690533526962,4.386613368988037,0.29804298281669617,0.5006453990936279,2
86,19,-0.035742333201101845,0.8248772621154785,1.4124385118484497,0.056524593804633386,1.1920928955078125e-07,0.0,False,1.0044065713882446,0.8724164630825585,4.367055416107178,0.29934728145599365,0.5005309581756592,2
86,20,0.016463399744834108,0.8218976259231567,1.4109489917755127,0.07969991565598733,1.7881393432617188e-07,0.0,False,0.9882224202156067,0.8583590879854291,4.2491912841796875,0.3078286349773407,0.5016728043556213,2
86,21,0.06297395987080147,0.7814551591873169,1.3907276391983032,1.1971424553376013,5.960464477539063e-08,0.0,False,1.0578161478042603,0.9188074317190899,5.054636478424072,0.2526194453239441,0.5679477453231812,6
86,22,0.05663628986835198,0.7689006328582764,1.3844503164291382,0.6961539350524172,0.0,0.0,False,1.0915448665618896,0.9481038245953001,5.310362815856934,0.24032223224639893,0.5234591364860535,6
86,23,0.001147784955486032,0.7560825347900391,1.378041386604309,0.29374485342518575,1.1920928955078125e-07,0.0,False,1.0958545207977295,0.9518471427023726,5.409294605255127,0.235498309135437,0.5071984529495239,6
86,24,-0.050878665439977544,0.8060821294784546,1.403041124343872,1.79237773911082,5.960464477539063e-08,0.0,False,0.9926351308822632,0.8621919197709582,4.162259578704834,0.31353822350502014,0.5000203251838684,2
87,1,-0.014801404137395148,0.8103786706924438,1.4051892757415771,1.304167594228472,5.960464477539063e-08,0.0,False,0.9874423742294312,0.8576815486505754,3.914767026901245,0.3345111012458801,0.502028226852417,7
87,2,-0.0321928123098311,0.8094732761383057,1.4047366380691528,0.3881536886234632,0.0,0.0,False,1.0047433376312256,0.8727089745245944,4.035506725311279,0.32373517751693726,0.5118117332458496,7
87,3,-0.034831355124265134,0.8031302690505981,1.4015653133392334,0.2151846913325985,1.7881393432617188e-07,0.0,False,0.9965688586235046,0.86560871227362,3.936277151107788,0.33208805322647095,0.5014628767967224,7
87,4,0.04215231596131616,0.7985782623291016,1.3992891311645508,0.606314114960487,0.0,0.0,False,1.0097589492797852,0.8770654794492726,4.062809467315674,0.32083672285079956,0.5068942904472351,7
87,5,0.06086277403168334,0.8179404735565186,1.4089703559875488,0.609409783933087,1.1920928955078125e-07,0.0,False,0.9754880666732788,0.8472981690373529,3.851288080215454,0.3408753573894501,0.5004671812057495,7
87,6,0.02731850246554903,0.8150336146354675,1.4075167179107666,0.22252715193070233,8.940696716308594e-08,0.0,False,0.9972739219665527,0.8662211225121761,4.034822940826416,0.324517160654068,0.5001469850540161,7
87,7,-6.996666194908872e-05,0.8088158965110779,1.4044079780578613,0.22672776396924524,2.9802322387695312e-08,0.0,False,1.0208431482315063,0.8866930923313732,4.186259746551514,0.31183892488479614,0.5002207159996033,7
87,8,-0.009907365460375699,0.8011478185653687,1.400573968887329,0.3559550257589985,5.960464477539063e-08,0.0,False,1.0106912851333618,0.8778752960822503,4.062731742858887,0.32114842534065247,0.5024251937866211,7
87,9,0.021686874817035698,0.8022086024284363,1.401104211807251,0.6073966318899743,8.940696716308594e-08,0.0,False,0.9559354782104492,0.8303150064846887,3.6635327339172363,0.3578207790851593,0.5000066161155701,7
87,10,-0.014033142709827875,0.8159849643707275,1.4079926013946533,0.11905876255085562,1.1920928955078125e-07,0.0,False,0.9269075989723206,0.8051017109357422,3.5068888664245605,0.375610888004303,0.5001048445701599,7
87,11,-0.004186000111354796,0.816138505935669,1.408069133758545,0.15054432381534655,1.1920928955078125e-07,0.0,False,0.9547706246376038,0.8293032275268646,3.6874659061431885,0.35650742053985596,0.5007573366165161,7
87,12,-0.03358212315156418,0.802079439163208,1.4010396003723145,0.40532026919997094,1.1920928955078125e-07,0.0,False,0.9681068062782288,0.8408868877192304,3.821261405944824,0.3423238694667816,0.5050759315490723,7
87,13,0.03959396955221615,0.8214163184165955,1.4107081890106201,0.3402820329854591,2.9802322387695312e-08,0.0,False,0.9515829086303711,0.8265344125832329,3.754310131072998,0.35025084018707275,0.5029977560043335,7
87,14,-0.0105531096735806,0.8167325854301453,1.4083662033081055,0.16853917643329175,8.940696716308594e-08,0.0,False,0.9266663789749146,0.8048921899081459,3.516284465789795,0.3746318817138672,0.5001325011253357,7
87,15,-0.010015115978497469,0.8154743909835815,1.4077372550964355,0.07613645333855587,5.960464477539063e-08,0.0,False,0.9341303706169128,0.8113753306743297,3.578624963760376,0.3677482008934021,0.5002021789550781,7
87,16,0.019025294460701718,0.8208741545677185,1.4104371070861816,0.1620580865544815,2.9802322387695312e-08,0.0,False,0.9338503479957581,0.8111321061159784,3.5747299194335938,0.36858227849006653,0.5013425350189209,7
87,17,0.029297808372443657,0.8077359199523926,1.4038679599761963,0.07672666386520038,0.0,0.0,False,0.9277693033218384,0.8058501778237974,3.5252633094787598,0.37285465002059937,0.5007832050323486,2
87,18,0.0218642764920789,0.7873899936676025,1.3936949968338013,0.07389524271848051,0.0,0.0,False,0.9286144971847534,0.8065843038854025,3.5331432819366455,0.3702346384525299,0.501201331615448,2
87,19,0.04721183228465515,0.7772620320320129,1.3886311054229736,0.08967603771406724,8.940696716308594e-08,0.0,False,0.9260437488555908,0.8043513802579678,3.496899127960205,0.3733065128326416,0.5018678903579712,7
87,20,-0.015110409696382478,0.7618727087974548,1.3809363842010498,0.3871003462864734,2.9802322387695312e-08,0.0,False,0.9241157174110413,0.8026767134233601,3.5230612754821777,0.36913764476776123,0.5000051856040955,2
87,21,0.05390545864267837,0.7798829078674316,1.3899414539337158,0.3538758975827958,0.0,0.0,False,0.9242076873779297,0.8027565975216011,3.4803426265716553,0.37541574239730835,0.5004231929779053,2
87,22,0.000171969923447062,0.7639220356941223,1.3819611072540283,0.9350873848897175,8.940696716308594e-08,0.0,False,0.9729781150817871,0.8451180527852946,3.8007652759552,0.3412190079689026,0.506812334060669,7
87,23,-0.003947943941286357,0.7954152226448059,1.3977077007293701,0.7360944004143911,8.940696716308594e-08,0.0,False,0.9613497853279114,0.8350178138935753,3.6991047859191895,0.35365012288093567,0.5017444491386414,7
87,24,-0.02724472770283803,0.7767215371131897,1.3883607387542725,1.1370203027669346,2.9802322387695312e-08,0.0,False,1.0083807706832886,0.8758684087302013,3.9888570308685303,0.3256354033946991,0.5000463724136353,7
88,1,0.024382517027574026,0.8155699372291565,1.4077849388122559,1.3184759308184897,2.9802322387695312e-08,0.0,False,1.0249449014663696,0.8902558299234331,4.597123622894287,0.282883882522583,0.5077590942382812,6
88,2,0.014437606835356914,0.8216508030891418,1.410825490951538,0.5501202893688021,8.940696716308594e-08,0.0,False,1.0191736221313477,0.8852429603859885,4.478672981262207,0.291181743144989,0.5055378079414368,6
88,3,0.006289653148380615,0.8191031217575073,1.4095515012741089,0.22205418868386353,5.960464477539063e-08,0.0,False,1.0457453727722168,0.9083228897416658,4.777956485748291,0.27203691005706787,0.5002328157424927,2
88,4,0.0652051275307769,0.816853404045105,1.4084267616271973,0.240160985560264,5.960464477539063e-08,0.0,False,1.0760588645935059,0.9346528541920762,5.076486587524414,0.25507310032844543,0.5003600120544434,2
88,5,0.07880693790458727,0.8123590350151062,1.406179428100586,1.0127905151095797,8.940696716308594e-08,0.0,False,1.043406367301941,0.9062912554039011,4.453624248504639,0.29248788952827454,0.5001850128173828,6
88,6,0.009307321609823976,0.7829583287239075,1.391479253768921,0.5504559345595855,8.940696716308594e-08,0.0,False,1.1019666194915771,0.9571560441735448,5.32595682144165,0.2407967448234558,0.5025184154510498,6
88,7,0.05177868824537914,0.7603605389595032,1.3801803588867188,1.1613326742331742,8.940696716308594e-08,0.0,False,1.0263383388519287,0.8914661542582851,4.131628513336182,0.3127732276916504,0.5000022649765015,2
88,8,-0.036538853603827706,0.7928687334060669,1.3964343070983887,1.4970689711586624,5.960464477539063e-08,0.0,False,0.97176194190979,0.8440616981900204,3.856311798095703,0.33836716413497925,0.5057254433631897,6
88,9,0.012932480173140628,0.8056535124778748,1.4028267860412598,1.6815301785582528,2.9802322387695312e-08,0.0,False,0.9423532485961914,0.8185176317378585,3.661134719848633,0.35834094882011414,0.5001538991928101,2
88,10,0.0046212348935388455,0.8075219988822937,1.4037609100341797,0.6519922575157981,8.940696716308594e-08,0.0,False,0.9948632121086121,0.8641272065346293,4.137816905975342,0.31553709506988525,0.501266360282898,2
88,11,-0.010178361384070831,0.8091391921043396,1.4045697450637817,0.6159791898957688,1.4901161193847656e-07,0.0,False,1.032705307006836,0.896996432530545,4.247560501098633,0.30713945627212524,0.5007930994033813,2
88,12,-0.010379744900828011,0.8026587963104248,1.4013293981552124,0.774566348087445,0.0,0.0,False,1.072721004486084,0.9317536257400395,4.940785884857178,0.26167553663253784,0.5021904706954956,2
88,13,0.03488432461192244,0.8074708580970764,1.4037352800369263,1.0007900571128936,1.4901161193847656e-07,0.0,False,1.0273678302764893,0.8923603591479918,4.423957824707031,0.2942434251308441,0.5000901222229004,2
88,14,-0.00276589637270358,0.7920044660568237,1.396002173423767,0.4505613962267323,5.960464477539063e-08,0.0,False,1.011880874633789,0.8789085603937815,4.200533390045166,0.3095923960208893,0.5003848075866699,2
88,15,0.008977448677241703,0.8334604501724243,1.416730284690857,0.6431522644842338,5.960464477539063e-08,0.0,False,1.0323123931884766,0.8966551519241909,4.550548076629639,0.28693991899490356,0.5090044736862183,3
88,16,0.031063844695162705,0.8257480263710022,1.4128739833831787,0.1984650473883887,2.9802322387695312e-08,0.0,False,1.020341157913208,0.8862570690809616,4.5493483543396,0.2864878177642822,0.5117940902709961,3
88,17,0.002513828958542693,0.8131203651428223,1.4065601825714111,0.41383801706290224,0.0,0.0,False,1.0309302806854248,0.8954546642573011,4.419897556304932,0.2948514521121979,0.501039981842041,3
88,18,-0.004587918487178239,0.815025806427002,1.407512903213501,2.4688338238386534,0.0,0.0,False,0.9582387804985046,0.8323156294324039,3.7658255100250244,0.34867236018180847,0.501838207244873,6
88,19,0.010890701511133923,0.812612771987915,1.4063063859939575,1.0842166755868963,0.0,0.0,False,1.0635154247283936,0.9237577607570691,4.806829452514648,0.269938588142395,0.5010238289833069,6
88,20,-0.0022493474180163746,0.8263242840766907,1.4131622314453125,0.30242744737148375,8.940696716308594e-08,0.0,False,1.101836919784546,0.9570433884394085,5.437168598175049,0.23728056252002716,0.5119935870170593,6
88,21,0.06456980579282667,0.8062277436256409,1.403113842010498,1.0471045043775409,2.9802322387695312e-08,0.0,False,1.0281250476837158,0.893018069831111,4.621038913726807,0.2801687717437744,0.5303447246551514,2
88,22,-0.004230335063170207,0.800757110118866,1.4003785848617554,2.0617466690632695,2.9802322387695312e-08,0.0,False,1.0208959579467773,0.8867389622672394,4.503212928771973,0.28824546933174133,0.5059367418289185,6
88,23,-0.009800938585422646,0.8212981820106506,1.410649061203003,0.6110793876576318,2.9802322387695312e-08,0.0,False,1.0598939657211304,0.9206122014304826,4.801604270935059,0.26960527896881104,0.539537250995636,6
88,24,0.005770654308510766,0.8184874057769775,1.4092437028884888,1.3182904563054119,0.0,0.0,False,1.0653698444366455,0.925368489249922,5.3723344802856445,0.23819637298583984,0.5735762715339661,2
89,1,-0.023411697889759518,0.8160292506217957,1.4080145359039307,1.4058820669140135,8.940696716308594e-08,0.0,False,0.9690511226654053,0.8417071105114735,3.9659838676452637,0.3304252624511719,0.5017350912094116,7
89,2,0.0122711084994892,0.807811975479126,1.4039061069488525,0.41890430560543224,1.1920928955078125e-07,0.0,False,0.9643414616584778,0.8376163509375865,3.8308677673339844,0.34196770191192627,0.5015277862548828,7
89,3,0.040084586325573095,0.8282822966575623,1.4141411781311035,0.5339946063902588,2.9802322387695312e-08,0.0,False,1.0146552324295044,0.8813183369567904,4.142889022827148,0.31656813621520996,0.5004761219024658,7
89,4,-0.021819847233077738,0.8392389416694641,1.4196195602416992,0.8331466536291856,8.940696716308594e-08,0.0,False,0.9806510210037231,0.8517826541894138,3.9854254722595215,0.3304339051246643,0.5005954504013062,7
89,5,0.0063888721843891536,0.8262805938720703,1.4131402969360352,0.39448002155348005,0.0,0.0,False,0.9772379398345947,0.848818089553333,3.9056527614593506,0.3365122079849243,0.5015790462493896,7
89,6,-0.011078525861815826,0.826382577419281,1.413191318511963,0.4717454089631444,2.9802322387695312e-08,0.0,False,0.9811164140701294,0.8521868894707264,3.866034746170044,0.34014344215393066,0.5007437467575073,7
89,7,-0.06028393218141575,0.8112838268280029,1.405642032623291,0.19068083068637448,1.1920928955078125e-07,0.0,False,0.9962610006332397,0.8653413102208563,3.9582226276397705,0.3307856023311615,0.5007110834121704,7
89,8,-0.04650931527246015,0.8094701766967773,1.4047350883483887,0.39346465111124634,0.0,0.0,False,0.9837828278541565,0.8545029070564738,3.8851752281188965,0.3371562957763672,0.5000244379043579,7
89,9,-0.02906494385651813,0.8071107864379883,1.4035553932189941,0.04936967269061581,0.0,0.0,False,0.9789533019065857,0.8503080341179967,3.8591246604919434,0.33934077620506287,0.5003291964530945,7
89,10,-0.014213627177838556,0.8215843439102173,1.4107922315597534,0.6619036414747099,5.960464477539063e-08,0.0,False,0.9692754149436951,0.8419019283090631,3.810732364654541,0.34491971135139465,0.5009961128234863,7
89,11,0.031523131797570596,0.8019911646842957,1.4009954929351807,0.8348961245178799,8.940696716308594e-08,0.0,False,1.0176265239715576,0.8838991679984695,4.124659061431885,0.31618908047676086,0.5019176006317139,7
89,12,0.01770984607903171,0.801740288734436,1.4008700847625732,0.3222498796691574,5.960464477539063e-08,0.0,False,1.0253922939300537,0.8906444300798793,4.12787389755249,0.3159621059894562,0.5002127885818481,7
89,13,-0.023660739744851323,0.8019000887870789,1.4009499549865723,0.43801556343109904,8.940696716308594e-08,0.0,False,1.0198326110839844,0.8858153509175191,4.075510501861572,0.3201603293418884,0.5020690560340881,7
89,14,0.0751292099506462,0.8126459717750549,1.406322956085205,0.4341183950941143,2.9802322387695312e-08,0.0,False,1.0163941383361816,0.8828287314364283,4.062766075134277,0.32193222641944885,0.5031956434249878,7
89,15,-0.008633978780777858,0.8051982522010803,1.4025990962982178,1.0827911982533103,2.9802322387695312e-08,0.0,False,0.999201238155365,0.867895168083544,3.9918212890625,0.3274567127227783,0.5002068281173706,7
89,16,-0.01497297166345862,0.7966817617416382,1.3983409404754639,0.5692084487922139,5.960464477539063e-08,0.0,False,1.032677173614502,0.8969719961764492,4.15103006362915,0.31375551223754883,0.5008988380432129,7
89,17,-0.02854890781713479,0.7992227673530579,1.399611473083496,0.12338954878764526,8.940696716308594e-08,0.0,False,1.0375032424926758,0.901163866342601,4.185161590576172,0.31124550104141235,0.501295268535614,7
89,18,-0.011199822409210136,0.8128458857536316,1.4064229726791382,0.5245769497586394,2.9802322387695312e-08,0.0,False,1.0418925285339355,0.9049763517570292,4.238064289093018,0.30810776352882385,0.5006780624389648,7
89,19,0.043896644287185246,0.814386785030365,1.4071934223175049,0.042286085909206975,2.9802322387695312e-08,0.0,False,1.041027307510376,0.904224830324712,4.233452320098877,0.30856114625930786,0.5006685256958008,7
89,20,0.010876788770106354,0.8163185715675354,1.4081592559814453,1.2609854986836677,2.9802322387695312e-08,0.0,False,0.9740675091743469,0.8460642884713281,3.8332273960113525,0.3424375057220459,0.5000714063644409,7
89,21,0.007764878793420808,0.815662682056427,1.4078314304351807,0.6524271364061525,8.940696716308594e-08,0.0,False,1.024855375289917,0.8901780684745945,4.133941650390625,0.3164218068122864,0.5006334781646729,7
89,22,-0.024400714990724784,0.8149629831314087,1.4074814319610596,0.4757158730084239,5.960464477539063e-08,0.0,False,1.0301311016082764,0.894760506130785,4.159389019012451,0.3143428564071655,0.5009023547172546,7
89,23,0.013113231289224559,0.8210799694061279,1.4105401039123535,0.5579640784152919,1.1920928955078125e-07,0.0,False,1.0315295457839966,0.895975179308315,4.183201313018799,0.3128594160079956,0.501684308052063,7
89,24,0.016268444118346825,0.8200713992118835,1.4100356101989746,0.25667494921476064,8.940696716308594e-08,0.0,False,1.0136079788208008,0.880408704029964,4.067250728607178,0.32216599583625793,0.5002008676528931,7
90,1,-0.07046723456159762,0.7984743118286133,1.3992371559143066,1.4295393718140466,0.0,0.0,False,0.9480830430984497,0.8234944680073992,3.6562881469726562,0.35822105407714844,0.5011171102523804,2
90,2,0.09077022813861123,0.8318728804588318,1.4159364700317383,0.6409938371843339,2.9802322387695312e-08,0.0,False,1.0432078838348389,0.9061188548548782,4.511824607849121,0.28949984908103943,0.506947934627533,2
90,3,0.07390361146628113,0.7842983603477478,1.3921492099761963,2.3942629847836354,2.9802322387695312e-08,0.0,False,1.0074207782745361,0.8750345699186209,4.441850185394287,0.29155707359313965,0.5000001192092896,7
90,4,-0.1391734444421371,0.8015850186347961,1.4007925987243652,0.328394218507412,8.940696716308594e-08,0.0,False,0.9572442770004272,0.8314518146695069,4.087034702301025,0.319097101688385,0.5056211352348328,6
90,5,0.03206308185799975,0.8012778162956238,1.4006389379501343,2.0539201094037174,2.9802322387695312e-08,0.0,False,1.005375862121582,0.8732583783162553,4.322302341461182,0.30058860778808594,0.5182907581329346,2
90,6,-0.013451584760451215,0.8109225034713745,1.405461311340332,0.5432346875365233,5.960464477539063e-08,0.0,False,1.0347857475280762,0.8988034802071501,4.55504035949707,0.2850304841995239,0.5192797183990479,2
90,7,0.009878427027855265,0.8046576380729675,1.4023287296295166,0.2707398593714335,8.940696716308594e-08,0.0,False,1.0349293947219849,0.8989282505744609,4.759982585906982,0.2711162567138672,0.5429534316062927,2
90,8,0.007092825713583313,0.8075881600379944,1.4037941694259644,0.12833802448954496,8.940696716308594e-08,0.0,False,1.0450408458709717,0.9077109454505394,4.738870143890381,0.2729722261428833,0.5279808640480042,2
90,9,0.01700343011004967,0.7791832089424133,1.3895916938781738,0.5253708126598058,8.940696716308594e-08,0.0,False,1.1098169088363647,0.9639747188611151,5.612248420715332,0.22755727171897888,0.5064175128936768,2
90,10,0.04763146120142316,0.7890782356262207,1.3945391178131104,0.2319027547039305,0.0,0.0,False,1.0871018171310425,0.9442446408940195,5.21268367767334,0.2463282346725464,0.5133717656135559,2
90,11,-0.05880468429126524,0.7908242344856262,1.3954122066497803,0.6473330397835668,8.940696716308594e-08,0.0,False,1.1140761375427246,0.9676742379097871,5.656357288360596,0.2260640263557434,0.5105605125427246,2
90,12,0.008139856521944652,0.764552652835846,1.3822762966156006,0.7182912796805525,2.9802322387695312e-08,0.0,False,1.0588748455047607,0.9197270048577518,4.820259094238281,0.2662852704524994,0.5085346102714539,2
90,13,-0.001530702974376727,0.7752774357795715,1.3876385688781738,0.5165985645211172,1.4901161193847656e-07,0.0,False,1.0402696132659912,0.9035667054660996,4.490956783294678,0.2873603105545044,0.5114281177520752,2
90,14,0.009403628461243102,0.7856128215789795,1.3928065299987793,0.5197328043842666,1.1920928955078125e-07,0.0,False,1.058777093887329,0.9196420988816565,4.606463432312012,0.2804279625415802,0.5114448666572571,2
90,15,-0.028266130586857174,0.8047193884849548,1.4023598432540894,0.18637532936927903,1.4901161193847656e-07,0.0,False,1.0330617427825928,0.8973060287116732,4.3586530685424805,0.2977124750614166,0.534869909286499,2
90,16,0.010853485508702434,0.8101625442504883,1.4050812721252441,0.23483590141548988,0.0,0.0,False,1.0584487915039062,0.919356939054624,4.553154468536377,0.2853851914405823,0.5095853805541992,2
90,17,0.06176450215316008,0.8091173768043518,1.404558777809143,0.1688151171734505,8.940696716308594e-08,0.0,False,1.046525001525879,0.909000066672963,4.4236555099487305,0.2938765585422516,0.5174214839935303,2
90,18,0.013515084402572675,0.7961565256118774,1.398078203201294,0.47767588111854686,5.960464477539063e-08,0.0,False,1.037616491317749,0.9012622330222237,4.373887538909912,0.2962077558040619,0.530792236328125,2
90,19,0.0015956988200083524,0.7525328397750854,1.3762664794921875,0.9373201166911075,5.960464477539063e-08,0.0,False,1.0305497646331787,0.8951241522137691,4.371334552764893,0.29429665207862854,0.5044716596603394,2
90,20,0.007911297344606254,0.7828955054283142,1.391447901725769,0.5709983524152489,1.4901161193847656e-07,0.0,False,1.0290946960449219,0.8938602956964277,4.28434419631958,0.3023274540901184,0.5130320191383362,2
90,21,-0.016719368748644804,0.779998242855072,1.389999270439148,0.5073042471645489,1.4901161193847656e-07,0.0,False,1.0234384536743164,0.888947345996705,4.255782127380371,0.3045978546142578,0.5002164840698242,2
90,22,0.0013058386127668574,0.8002949357032776,1.400147557258606,0.6709040294566059,8.940696716308594e-08,0.0,False,1.0617992877960205,0.9222671431572291,4.530415058135986,0.28656479716300964,0.5000964999198914,2
90,23,0.005378941904658861,0.8053480386734009,1.4026740789413452,0.19993282595941775,5.960464477539063e-08,0.0,False,1.0557125806808472,0.916980296531067,4.520416736602783,0.2874950170516968,0.5015339255332947,2
90,24,0.019522672861567125,0.8023146390914917,1.4011573791503906,0.3324198154547626,5.960464477539063e-08,0.0,False,1.0092253684997559,0.8766020170724398,4.189871311187744,0.3108588457107544,0.5095466375350952,2
91,1,0.005962504729799501,0.780219554901123,1.3901097774505615,1.411131733230182,0.0,0.0,False,0.9402608871459961,0.8167002296739247,3.5918378829956055,0.3633846640586853,0.5001499652862549,7
91,2,0.022701217356831317,0.7983357310295105,1.399167776107788,0.5121336568063998,8.940696716308594e-08,0.0,False,1.0050945281982422,0.8730140147752979,3.996183156967163,0.32658612728118896,0.5002585649490356,7
91,3,0.013499121701643007,0.8446983695030212,1.422349214553833,1.0340479391881805,2.9802322387695312e-08,0.0,False,0.9267899394035339,0.8049995131328079,3.722930669784546,0.3551604151725769,0.5025141835212708,7
91,4,0.003950328386441432,0.8043897747993469,1.402194857597351,1.1042915361546244,2.9802322387695312e-08,0.0,False,1.0274391174316406,0.8924222783842174,4.250699996948242,0.30660751461982727,0.5001126527786255,7
91,5,-0.020808196848337804,0.8144480586051941,1.4072240591049194,0.21658644537687324,2.9802322387695312e-08,0.0,False,1.0180940628051758,0.8843052670695012,4.310020923614502,0.3028240501880646,0.5008382797241211,7
91,6,-0.04175910755419329,0.8238041996955872,1.4119020700454712,0.5251450547241474,2.9802322387695312e-08,0.0,False,0.9785882830619812,0.8499909827779918,3.9074230194091797,0.3360867202281952,0.504469633102417,7
91,7,-0.005649529083595256,0.8383117318153381,1.4191558361053467,0.319207793065961,2.9802322387695312e-08,0.0,False,0.9495739936828613,0.8247894912306001,3.689541816711426,0.3580527603626251,0.5010756254196167,2
91,8,-0.025508281523094412,0.8302947282791138,1.415147304534912,0.2711542089812756,5.960464477539063e-08,0.0,False,1.0020560026168823,0.870374784989085,4.195872783660889,0.312527060508728,0.5001733303070068,2
91,9,0.03149178782626342,0.809282660484314,1.4046413898468018,0.4301472568279551,5.960464477539063e-08,0.0,False,1.0146563053131104,0.88131926885165,4.379472255706787,0.29745110869407654,0.5014699101448059,2
91,10,-0.036280005752068016,0.8151471018791199,1.4075734615325928,0.8067143213237898,8.940696716308594e-08,0.0,False,1.0264217853546143,0.891538634969586,4.303720474243164,0.30329111218452454,0.5023144483566284,2
91,11,0.02130914547157959,0.7713743448257446,1.3856871128082275,2.0093887882501202,5.960464477539063e-08,0.0,False,1.043902039527893,0.9067217908290286,4.787430286407471,0.26863667368888855,0.5066195726394653,4
91,12,0.06975586102833094,0.7958027720451355,1.3979014158248901,1.0633131577066333,2.9802322387695312e-08,0.0,False,1.1007115840911865,0.956065934275579,5.282925605773926,0.24347618222236633,0.5028198957443237,2
91,13,-0.005443489692338878,0.7827328443527222,1.3913664817810059,0.6159298455053756,5.960464477539063e-08,0.0,False,1.065722942352295,0.9256751862025981,5.09362268447876,0.25136348605155945,0.540576159954071,2
91,14,0.004371865257501958,0.8053187727928162,1.402659296989441,0.6981049369401437,8.940696716308594e-08,0.0,False,1.1307960748672485,0.982196990945405,5.997493743896484,0.21314485371112823,0.5041909217834473,2
91,15,0.04283065176188697,0.8052077889442444,1.4026039838790894,1.2004325394504185,8.940696716308594e-08,0.0,False,0.9890086054801941,0.8590419598297571,3.952627420425415,0.33080267906188965,0.5016721487045288,2
91,16,-0.050632794718080375,0.799335777759552,1.3996678590774536,0.5109495043915141,2.9802322387695312e-08,0.0,False,1.0383766889572144,0.901922532302175,4.478174686431885,0.2900049388408661,0.5003093481063843,2
91,17,-0.06513660529169243,0.8287439346313477,1.4143719673156738,1.0415398646112881,0.0,0.0,False,1.011629343032837,0.8786900828211459,4.385908603668213,0.29772910475730896,0.517819344997406,2
91,18,-0.005454626833643377,0.8274955749511719,1.413747787475586,0.3006078120077102,0.0,0.0,False,1.0263590812683105,0.891484170892237,4.579339981079102,0.2845008373260498,0.5156524181365967,2
91,19,-0.03787080458323043,0.8169158101081848,1.4084579944610596,0.06347302829756131,8.940696716308594e-08,0.0,False,1.0274271965026855,0.8924119239968887,4.532016277313232,0.2871718406677246,0.5100196599960327,2
91,20,0.05389270103951588,0.7963890433311462,1.3981945514678955,1.2997270930958607,2.9802322387695312e-08,0.0,False,1.0569615364074707,0.9180651256914951,4.946001052856445,0.2610552906990051,0.5021243691444397,2
91,21,-0.031906316662336925,0.8154111504554749,1.407705545425415,0.7366173123842681,2.9802322387695312e-08,0.0,False,1.1085448265075684,0.9628698021892692,5.532073974609375,0.23274631798267365,0.5028892159461975,2
91,22,0.030954832654531396,0.832598090171814,1.4162991046905518,1.1409454898761262,5.960464477539063e-08,0.0,False,1.0986196994781494,0.9542489463871383,5.421422004699707,0.23829200863838196,0.511900782585144,4
91,23,0.005976527176400288,0.8054214715957642,1.4027106761932373,0.4147905524223422,5.960464477539063e-08,0.0,False,1.0661287307739258,0.9260276495472672,4.7850117683410645,0.2708645164966583,0.5000410079956055,4
91,24,0.017201096262773496,0.7996883988380432,1.3998442888259888,2.202196621975623,8.940696716308594e-08,0.0,False,1.0063645839691162,0.8741171712012978,4.293745040893555,0.30302804708480835,0.5022083520889282,1
92,1,0.012018099631503822,0.7709233164787292,1.3854615688323975,0.9817966393062048,8.940696716308594e-08,0.0,False,1.133638620376587,0.9846659946039341,6.004004001617432,0.2116032987833023,0.5027757287025452,6
92,2,0.03130697631100603,0.7907081246376038,1.395354151725769,1.3805124477759596,8.940696716308594e-08,0.0,False,1.0679161548614502,0.9275801863833328,4.807117462158203,0.26868903636932373,0.501878023147583,3
92,3,0.07204152609537956,0.782272458076477,1.3911361694335938,1.472306140428697,5.960464477539063e-08,0.0,False,1.0837342739105225,0.9413196300175344,5.27584171295166,0.24267065525054932,0.5215070247650146,6
92,4,-0.005359010619578274,0.7882727384567261,1.3941364288330078,0.9730362403451269,5.960464477539063e-08,0.0,False,1.0016437768936157,0.8700167302752585,4.1063408851623535,0.31672894954681396,0.5010045766830444,6
92,5,0.005125779218293547,0.7819515466690063,1.3909757137298584,1.9888833406983055,5.960464477539063e-08,0.0,False,1.1117887496948242,0.9656874380691557,5.493452072143555,0.23305726051330566,0.5003243684768677,2
92,6,0.010059777505205824,0.825244665145874,1.412622332572937,0.8570626633287634,0.0,0.0,False,1.0300952196121216,0.8947293394249256,4.429680347442627,0.29494622349739075,0.5000086426734924,3
92,7,0.016475435418694784,0.8073607087135315,1.4036803245544434,0.1365239351397778,2.9802322387695312e-08,0.0,False,0.9974432587623596,0.8663682065841803,4.123804569244385,0.31666702032089233,0.5005290508270264,3
92,8,0.0016629228736756304,0.7968438863754272,1.3984220027923584,0.3628611919990416,5.960464477539063e-08,0.0,False,0.9986685514450073,0.867432482285761,4.148294925689697,0.3137871325016022,0.5079830288887024,3
92,9,0.02833671230648554,0.7970518469810486,1.3985259532928467,0.5855053455182992,2.9802322387695312e-08,0.0,False,1.050004005432129,0.9120218910709714,4.636707305908203,0.2792923152446747,0.5071571469306946,3
92,10,-0.0015478699578942807,0.8080880045890808,1.4040439128875732,0.39782420593444456,8.940696716308594e-08,0.0,False,1.0754889249801636,0.9341578109338909,5.112469673156738,0.25254493951797485,0.5072664618492126,2
92,11,-0.058205717109945744,0.8328698873519897,1.4164350032806396,0.3624722367177603,5.960464477539063e-08,0.0,False,1.059079885482788,0.9199051003198055,4.800586700439453,0.27135130763053894,0.5030585527420044,3
92,12,0.005714228937593215,0.7939907908439636,1.3969953060150146,1.337020905889648,8.940696716308594e-08,0.0,False,1.051668643951416,0.9134677777175514,5.046897888183594,0.2534256875514984,0.5754217505455017,7
92,13,0.06878488988170257,0.7858425378799438,1.3929213285446167,0.9679802161084783,5.960464477539063e-08,0.0,False,1.0858427286148071,0.943151010504362,5.290509223937988,0.2419363558292389,0.528583824634552,2
92,14,-0.0511408968245735,0.7943297028541565,1.3971648216247559,1.4308003404634937,2.9802322387695312e-08,0.0,False,1.071864366531372,0.931009559466599,4.697371959686279,0.2755413353443146,0.5001571774482727,6
92,15,0.024147387141625724,0.798659086227417,1.399329662322998,1.5466183145525998,1.1920928955078125e-07,0.0,False,1.027467966079712,0.8924473360015529,4.451260089874268,0.2916313707828522,0.5064097046852112,2
92,16,-0.009944397854741067,0.7720770835876465,1.3860385417938232,0.26224161784816924,0.0,0.0,False,0.9874362945556641,0.8576762679130379,3.8896987438201904,0.3338942527770996,0.5009876489639282,2
92,17,-0.01986434224022867,0.7588390111923218,1.3794195652008057,0.610020810515077,5.960464477539063e-08,0.0,False,0.9440460801124573,0.8199880065104709,3.651179313659668,0.3554770350456238,0.5001630187034607,7
92,18,0.00863051921022432,0.7675447463989258,1.383772373199463,0.3849681138408849,0.0,0.0,False,0.9384133219718933,0.8150954549537858,3.581019401550293,0.36343517899513245,0.5003193616867065,2
92,19,-0.03457072004959068,0.7574869394302368,1.3787434101104736,0.31951129136636464,5.960464477539063e-08,0.0,False,0.9217731952667236,0.8006420245413335,3.480832576751709,0.37335801124572754,0.5008243322372437,2
92,20,0.02220229588195057,0.7855784893035889,1.3927894830703735,0.3936950607756572,2.384185791015625e-07,0.0,False,0.9548937082290649,0.8294101365760335,3.6941123008728027,0.3533916473388672,0.5001704692840576,2
92,21,0.0021864670738040545,0.8247694373130798,1.4123847484588623,1.5136827957467591,2.9802322387695312e-08,0.0,False,1.047274112701416,0.9096507363726986,4.315421104431152,0.3031100034713745,0.5000922083854675,7
92,22,-0.01086113911383534,0.815457284450531,1.4077285528182983,0.2778291667887103,8.940696716308594e-08,0.0,False,1.0348401069641113,0.898850696213369,4.2305707931518555,0.3088456094264984,0.5008832216262817,7
92,23,-0.008197384419248522,0.8154364824295044,1.4077181816101074,1.3960867301110005,5.960464477539063e-08,0.0,False,0.9542784690856934,0.8288757466459991,3.79221248626709,0.34621161222457886,0.5006595849990845,7
92,24,-0.017553547673915766,0.8238206505775452,1.4119104146957397,0.17006706813050795,8.940696716308594e-08,0.0,False,0.983596682548523,0.8543412232983362,4.05457067489624,0.32348620891571045,0.500030517578125,2
93,1,-0.01823797625885905,0.832314670085907,1.4161572456359863,1.117807999253273,8.940696716308594e-08,0.0,False,1.0585734844207764,0.9194652459460823,4.849440574645996,0.26777082681655884,0.525534987449646,2
93,2,0.05950938867569837,0.8246489763259888,1.4123245477676392,0.7061500184409857,5.960464477539063e-08,0.0,False,1.0076050758361816,0.8751946487467226,4.217452049255371,0.31026461720466614,0.5075541734695435,2
93,3,-0.06945579533062429,0.8212118744850159,1.4106059074401855,0.798466948697323,2.9802322387695312e-08,0.0,False,1.0439567565917969,0.9067693174668673,4.319576740264893,0.3025779128074646,0.5000677108764648,2
93,4,0.03904498896449002,0.825899064540863,1.412949562072754,0.6912324806080417,2.9802322387695312e-08,0.0,False,1.0070348978042603,0.8746993984007908,4.256213188171387,0.30751386284828186,0.5031514167785645,2
93,5,0.053759715627371966,0.821104884147644,1.4105523824691772,0.5360733116513756,5.960464477539063e-08,0.0,False,0.9978768825531006,0.8667448474232619,4.116420745849609,0.3181855380535126,0.5012392401695251,2
93,6,0.04972398883582539,0.7950946092605591,1.3975472450256348,0.3376156741906379,5.960464477539063e-08,0.0,False,1.0497937202453613,0.9118392396784931,4.378594875335693,0.2966373860836029,0.5006194114685059,2
93,7,-0.00035174241841953984,0.7790994048118591,1.389549732208252,0.29585623905197383,2.9802322387695312e-08,0.0,False,1.0581762790679932,0.91912023776029,4.513351917266846,0.28622227907180786,0.5068780779838562,2
93,8,-0.0011314844872574803,0.7996551394462585,1.399827480316162,0.861052086495842,8.940696716308594e-08,0.0,False,1.066123604774475,0.9260231971607158,4.894587516784668,0.26366427540779114,0.5184881687164307,2
93,9,-0.03384759479904362,0.8035545349121094,1.4017773866653442,0.21144797591249587,1.1920928955078125e-07,0.0,False,1.0218071937561035,0.8875304516346454,4.557723522186279,0.28389406204223633,0.5381742715835571,2
93,10,0.022633324845080054,0.7986214756965637,1.399310827255249,0.5803577641902775,8.940696716308594e-08,0.0,False,1.0123217105865479,0.879291465637197,4.358853816986084,0.2982349693775177,0.5018575191497803,2
93,11,-0.045494457919721384,0.809623658657074,1.4048118591308594,0.6194262249556762,2.9802322387695312e-08,0.0,False,1.0221872329711914,0.8878605495026843,4.339949131011963,0.3001357316970825,0.5076587796211243,2
93,12,-0.015073649932108892,0.8132272958755493,1.4066135883331299,0.24172923791377798,5.960464477539063e-08,0.0,False,1.019765853881836,0.8857573663484783,4.452843189239502,0.2925618886947632,0.5013482570648193,2
93,13,-0.0036673926189604526,0.8206390142440796,1.4103195667266846,0.24885872866910183,5.960464477539063e-08,0.0,False,1.025356411933899,0.8906132633740199,4.395848274230957,0.29703760147094727,0.5001654624938965,2
93,14,-0.004443947701485403,0.8449760675430298,1.4224880933761597,0.5877409321808609,5.960464477539063e-08,0.0,False,1.023191213607788,0.8887325960035077,4.483673095703125,0.29239121079444885,0.500342845916748,2
93,15,0.02097379926626649,0.8322283029556274,1.4161142110824585,0.4448070450171337,5.960464477539063e-08,0.0,False,1.0240548849105835,0.8894827713654722,4.503700256347656,0.2902386486530304,0.5012723207473755,2
93,16,0.014444123042124363,0.8069911003112793,1.4034956693649292,0.36735982173613,1.1920928955078125e-07,0.0,False,1.01309335231781,0.8799617051289839,4.151561260223389,0.3144347071647644,0.500374436378479,2
93,17,-0.012137436505486187,0.7953612208366394,1.3976805210113525,0.4425012187408082,8.940696716308594e-08,0.0,False,1.0158920288085938,0.8823926046421433,4.172451972961426,0.3119836449623108,0.5008925199508667,2
93,18,-0.0038589759716256312,0.8028151392936707,1.4014074802398682,0.07439138737907516,8.940696716308594e-08,0.0,False,1.012075662612915,0.8790777510827326,4.166864395141602,0.3129538297653198,0.5000180602073669,2
93,19,0.01228240968706662,0.8225629329681396,1.4112814664840698,0.15565591576876894,0.0,0.0,False,1.0053938627243042,0.8732740134411217,4.152695178985596,0.3153768479824066,0.5012702345848083,2
93,20,0.04014882722666486,0.8192687034606934,1.4096343517303467,0.28350537423472844,0.0,0.0,False,0.9862563610076904,0.8566513906552429,3.9844319820404053,0.3290974795818329,0.500484824180603,2
93,21,-0.03324573295832122,0.8214616775512695,1.4107308387756348,0.6393026925554806,0.0,0.0,False,1.0465391874313354,0.9090123883938841,4.85465145111084,0.26763591170310974,0.50029057264328,2
93,22,-0.00569431497978764,0.7859317660331726,1.3929657936096191,0.9952703409131967,8.940696716308594e-08,0.0,False,0.9732170701026917,0.8453256064792984,3.9297797679901123,0.3311348557472229,0.5106308460235596,2
93,23,0.02110129218644237,0.7915259599685669,1.3957629203796387,0.10337478401555525,5.960464477539063e-08,0.0,False,0.9891608357429504,0.8591741853559446,4.082588195800781,0.31871625781059265,0.5070282220840454,2
93,24,-0.013216881290780151,0.7878741025924683,1.393937110900879,0.36058126461966594,5.960464477539063e-08,0.0,False,1.0166006088256836,0.8830080694249614,4.288522243499756,0.3023397624492645,0.5132285356521606,2
94,1,0.0017398885129284334,0.7819415330886841,1.3909707069396973,1.2486759551933835,5.960464477539063e-08,0.0,False,1.018446683883667,0.8846115498466842,4.245325088500977,0.30540379881858826,0.5042489767074585,7
94,2,-0.012592124191427235,0.7867987751960754,1.3933994770050049,0.22608779631416526,8.940696716308594e-08,0.0,False,1.043522834777832,0.9063924177681025,4.640315055847168,0.2785336673259735,0.5046772956848145,5
94,3,-0.0007565029274941267,0.7774806618690491,1.3887403011322021,0.3190198132115706,2.9802322387695312e-08,0.0,False,1.0646017789840698,0.9247013560743337,4.908631801605225,0.2621791660785675,0.500156581401825,5
94,4,-0.04066730946343085,0.7914337515830994,1.395716905593872,0.5601768407696723,2.9802322387695312e-08,0.0,False,1.1417899131774902,0.9917461175715541,6.134024143218994,0.20768249034881592,0.500174343585968,4
94,5,0.04542607440009512,0.7962622046470642,1.3981311321258545,0.7722902111748088,2.9802322387695312e-08,0.0,False,1.0457515716552734,0.9083282740230767,4.4340500831604,0.29247912764549255,0.5132894515991211,2
94,6,-0.001510742259146114,0.8074994087219238,1.403749704360962,0.5848858614313313,0.0,0.0,False,1.0533103942871094,0.9148937839404603,4.439418792724609,0.29317373037338257,0.5000067949295044,2
94,7,0.01617454851177212,0.7935971617698669,1.3967987298965454,0.95089327267986,1.4901161193847656e-07,0.0,False,1.0800386667251587,0.9381096664017634,4.984197616577148,0.25885602831840515,0.5001637935638428,2
94,8,-0.009466027965379261,0.7950474619865417,1.3975237607955933,1.4837966805681837,2.9802322387695312e-08,0.0,False,0.9817442893981934,0.8527322550513291,4.120914936065674,0.31593993306159973,0.504385232925415,6
94,9,-0.06280555295052137,0.7791769504547119,1.3895883560180664,1.3069059983467048,1.1920928955078125e-07,0.0,False,1.0822246074676514,0.9400083504062275,5.005121231079102,0.25681158900260925,0.5057059526443481,2
94,10,-0.053218608982974466,0.7758608460426331,1.3879305124282837,0.6785101562790623,8.940696716308594e-08,0.0,False,0.999502420425415,0.8681567716794037,4.000533103942871,0.32438820600509644,0.5074347853660583,2
94,11,0.029845994042759005,0.7983375787734985,1.3991687297821045,0.1465242376539023,5.960464477539063e-08,0.0,False,0.9948588013648987,0.8641233754113177,4.032450199127197,0.32345762848854065,0.502672553062439,2
94,12,-0.006918283201994187,0.7905495166778564,1.3952747583389282,0.1630238709932341,0.0,0.0,False,0.9612907767295837,0.8349665596762983,3.7623541355133057,0.34694182872772217,0.5071325302124023,2
94,13,0.043316151669863585,0.835452675819397,1.4177262783050537,1.6495986501180921,5.960464477539063e-08,0.0,False,0.9735336899757385,0.8456006190067488,4.016286849975586,0.3275308609008789,0.5000015497207642,7
94,14,0.001788639068641869,0.8215358257293701,1.4107680320739746,0.1640933695461035,1.1920928955078125e-07,0.0,False,0.9540903568267822,0.8287123544139522,4.013341426849365,0.3267902135848999,0.5002674460411072,7
94,15,-0.010987410487927087,0.8012334108352661,1.4006166458129883,1.078891713846503,5.960464477539063e-08,0.0,False,1.0147128105163574,0.8813683486475881,4.164734363555908,0.3130052983760834,0.5002966523170471,7
94,16,-0.01792886374648736,0.8004971146583557,1.4002485275268555,0.5191459406496445,2.9802322387695312e-08,0.0,False,0.9540167450904846,0.8286484160721974,3.755361318588257,0.3485803008079529,0.5005314350128174,7
94,17,0.02245038978093387,0.8110589981079102,1.405529499053955,1.406622028995348,0.0,0.0,False,1.0009664297103882,0.8694283939872416,4.1311540603637695,0.31634023785591125,0.5002598762512207,7
94,18,0.044152569474683157,0.8102046847343445,1.405102252960205,0.42398398667367626,8.940696716308594e-08,0.0,False,1.025054693222046,0.8903511938307305,4.257470607757568,0.3064362406730652,0.5016831755638123,7
94,19,4.2326506009611464e-05,0.8033709526062012,1.4016854763031006,1.2192768999729018,0.0,0.0,False,0.9649989604949951,0.838187447170701,3.8786211013793945,0.3371194005012512,0.5061678290367126,7
94,20,0.03426268687876078,0.8180161118507385,1.4090080261230469,0.3972540122897853,2.9802322387695312e-08,0.0,False,0.9628501534461975,0.8363210170827658,3.8398923873901367,0.341947078704834,0.5000631809234619,2
94,21,0.04786320615959565,0.7899092435836792,1.3949546813964844,0.7367471445088944,5.960464477539063e-08,0.0,False,1.0023572444915771,0.8706364403568814,4.000164985656738,0.3256426155567169,0.5000027418136597,7
94,22,0.02298289806211849,0.7870113849639893,1.3935058116912842,1.1171573557244137,1.1920928955078125e-07,0.0,False,0.9536262154579163,0.8283092063433092,3.7032699584960938,0.3524746298789978,0.5048336386680603,7
94,23,-0.019551974286419124,0.7797034382820129,1.3898518085479736,1.4185335136543649,8.940696716308594e-08,0.0,False,1.0231974124908447,0.8887379802849186,4.164525508880615,0.31124669313430786,0.5113834142684937,7
94,24,-0.030821007089543266,0.8070751428604126,1.4035375118255615,0.5483765035819241,5.960464477539063e-08,0.0,False,0.9897751212120056,0.8597077469349926,4.058386325836182,0.32195526361465454,0.5013672113418579,7
95,1,0.01654185475178652,0.7904133796691895,1.3952066898345947,1.2380119359919004,0.0,0.0,False,1.0272743701934814,0.8922791807513348,4.367506980895996,0.2970006763935089,0.5051969289779663,2
95,2,0.06509503995092195,0.7923581600189209,1.3961793184280396,0.6277708403914852,2.384185791015625e-07,0.0,False,0.9983845353126526,0.8671857890076546,4.1260857582092285,0.31484368443489075,0.5225563049316406,2
95,3,0.015327482299833581,0.7963799834251404,1.3981900215148926,1.254574802622667,2.9802322387695312e-08,0.0,False,1.0714515447616577,0.930650987033406,5.183493137359619,0.24764302372932434,0.5317524671554565,7
95,4,0.009123479488295597,0.7845893502235413,1.3922946453094482,0.6027895773019547,2.9802322387695312e-08,0.0,False,1.041530728340149,0.9046620961016031,4.470108509063721,0.2895435094833374,0.5038524866104126,7
95,5,0.013855255865525811,0.7829002141952515,1.3914501667022705,0.11232664334059628,5.960464477539063e-08,0.0,False,1.0517057180404663,0.9134999798621436,4.584726810455322,0.2817366123199463,0.508647084236145,7
95,6,-0.03787879847398036,0.7907719016075134,1.395385980606079,0.15838262486933952,2.9802322387695312e-08,0.0,False,1.0140131711959839,0.8807606496552666,4.256449222564697,0.30514076352119446,0.5048974752426147,7
95,7,-0.04467667026251844,0.7812910676002502,1.3906455039978027,0.7480662546831134,2.9802322387695312e-08,0.0,False,0.9551113247871399,0.8295991559167188,3.7417030334472656,0.3480548858642578,0.512417733669281,2
95,8,0.0036698846603800857,0.8079410791397095,1.4039703607559204,0.7949288169331862,1.7881393432617188e-07,0.0,False,1.0019958019256592,0.870322495333075,4.187102317810059,0.3112928867340088,0.515142560005188,2
95,9,0.0068810179663763935,0.8365981578826904,1.4182991981506348,0.22772427443181034,1.1920928955078125e-07,0.0,False,1.005897045135498,0.8737110721302662,4.294106483459473,0.30539289116859436,0.5018375515937805,2
95,10,0.017762049925367254,0.8425211906433105,1.4212605953216553,0.29704070920945846,0.0,0.0,False,1.0382219552993774,0.9017881323546485,4.823708534240723,0.27058500051498413,0.5000495910644531,2
95,11,-0.021336441098786622,0.8259438872337341,1.412972092628479,0.3750040848735803,1.4901161193847656e-07,0.0,False,0.992716908454895,0.8622629508680331,4.199946403503418,0.31183692812919617,0.5030522346496582,2
95,12,0.019470266828054705,0.8241198658943176,1.412060022354126,0.11665056317506428,8.940696716308594e-08,0.0,False,0.9991747140884399,0.8678721295717376,4.252063274383545,0.3076951503753662,0.5037464499473572,2
95,13,0.01345600367316514,0.8185356855392456,1.4092679023742676,0.2922254262901027,5.960464477539063e-08,0.0,False,0.9662978649139404,0.8393156612140364,3.911081552505493,0.3353016674518585,0.5069015026092529,2
95,14,0.04067200860152065,0.8056789040565491,1.4028394222259521,0.40298650021522386,2.9802322387695312e-08,0.0,False,0.948916494846344,0.8242183949974855,3.6704585552215576,0.3572714924812317,0.5046212673187256,2
95,15,0.009011162168949115,0.8178971409797668,1.4089486598968506,1.9550365864123385,8.940696716308594e-08,0.0,False,0.861854076385498,0.7485969391600911,3.1988365650177,0.41307032108306885,0.5098229050636292,7
95,16,-0.02757858322911285,0.8099039196968079,1.404952049255371,0.9159950473102725,8.940696716308594e-08,0.0,False,0.9762041568756104,0.847920157084188,3.885718584060669,0.33713388442993164,0.5002291202545166,7
95,17,-0.003122866025973606,0.8141317963600159,1.4070658683776855,0.7374864121175398,2.9802322387695312e-08,0.0,False,0.91749107837677,0.7969226250689904,3.5118725299835205,0.37487196922302246,0.5010372996330261,7
95,18,0.038095519261816056,0.819894015789032,1.4099469184875488,0.6896801803518752,8.940696716308594e-08,0.0,False,1.022087812423706,0.887774193912363,4.179229736328125,0.31312233209609985,0.5006028413772583,7
95,19,-0.01280403076918479,0.8328182101249695,1.4164092540740967,0.7423928692431606,1.4901161193847656e-07,0.0,False,0.9060074090957642,0.7869480366675049,3.4406118392944336,0.38458386063575745,0.5005621314048767,7
95,20,-0.01161931067092856,0.8225702047348022,1.411285161972046,0.9610677453904815,5.960464477539063e-08,0.0,False,1.0179451704025269,0.8841759407717656,4.136195659637451,0.31672877073287964,0.50006103515625,7
95,21,-0.04516440125494051,0.8242847323417664,1.412142276763916,0.21988915662693415,8.940696716308594e-08,0.0,False,1.0043455362319946,0.8723634486194356,4.071929931640625,0.32206109166145325,0.5005823373794556,7
95,22,0.029635007213882965,0.8240021467208862,1.4120010137557983,0.7085095826976848,5.960464477539063e-08,0.0,False,1.0074900388717651,0.8750947289090006,4.162708282470703,0.31470799446105957,0.5003088712692261,7
95,23,0.0017991860888144228,0.837456226348877,1.418727993965149,0.4700612118179353,1.1920928955078125e-07,0.0,False,0.9904969334602356,0.8603347050877456,4.144552707672119,0.317040354013443,0.5008955597877502,7
95,24,0.05418389655096212,0.806966245174408,1.4034831523895264,0.38686235315182677,2.9802322387695312e-08,0.0,False,1.0013141632080078,0.8697304314656199,4.2671380043029785,0.30538564920425415,0.5056556463241577,7
96,1,0.003982750575970904,0.7853052020072937,1.3926526308059692,1.1073069615023479,2.9802322387695312e-08,0.0,False,1.069804310798645,0.929220217792326,5.155613422393799,0.24861952662467957,0.5283540487289429,2
96,2,0.04228274718368019,0.7574896216392517,1.3787448406219482,0.5309494567644414,2.9802322387695312e-08,0.0,False,1.0459959506988525,0.9085405389633151,4.781842231750488,0.26809990406036377,0.5096353888511658,3
96,3,0.027584986198291778,0.7734107375144958,1.3867053985595703,0.5216252975770214,2.9802322387695312e-08,0.0,False,1.0768964290618896,0.9353803534457908,5.071094989776611,0.2531156539916992,0.5012372732162476,7
96,4,0.06823171793324166,0.7802329063415527,1.3901164531707764,1.3397883439174274,0.0,0.0,False,1.063948392868042,0.9241338321048476,4.840543270111084,0.26620301604270935,0.5002840161323547,7
96,5,0.006846645954843532,0.7858412861824036,1.3929206132888794,0.7672123544180801,2.9802322387695312e-08,0.0,False,0.9804744720458984,0.8516293057130757,3.826244592666626,0.34074699878692627,0.5000128746032715,6
96,6,0.007513660378206825,0.7556553483009338,1.3778276443481445,0.9730781004288729,2.9802322387695312e-08,0.0,False,1.0909488201141357,0.947586105228865,5.194412708282471,0.2458815574645996,0.5019493699073792,6
96,7,0.02782623975698118,0.7809026837348938,1.3904513120651245,0.2557168597091872,2.9802322387695312e-08,0.0,False,1.087334394454956,0.9444466549908025,5.1973395347595215,0.24690356850624084,0.5056441426277161,6
96,8,-0.03647199265046376,0.7833049297332764,1.3916525840759277,0.3350441484286548,1.1920928955078125e-07,0.0,False,1.0956830978393555,0.9516982466125858,5.374663352966309,0.23808109760284424,0.5184676647186279,6
96,9,-0.04464143240980062,0.7870379090309143,1.3935189247131348,0.8116129637710685,2.9802322387695312e-08,0.0,False,1.069512128829956,0.9289664317588995,4.991300106048584,0.2571779489517212,0.5351297855377197,7
96,10,-0.005004978788398952,0.7828492522239685,1.3914246559143066,0.8232958053038224,2.9802322387695312e-08,0.0,False,1.0331027507781982,0.8973416478040839,4.320363521575928,0.2994496524333954,0.5219766497612,7
96,11,0.02108170427827804,0.7822631001472473,1.3911316394805908,0.770294681852362,8.940696716308594e-08,0.0,False,1.0479466915130615,0.9102349309057839,4.627457618713379,0.2788977026939392,0.5114112496376038,7
96,12,-0.0033503634481592765,0.7799198627471924,1.3899598121643066,0.45202435173721456,1.1920928955078125e-07,0.0,False,1.013831377029419,0.8806027452485038,4.3401618003845215,0.298084020614624,0.5125283598899841,7
96,13,0.0029411945095234927,0.797027587890625,1.398513913154602,0.5083813324264864,1.1920928955078125e-07,0.0,False,1.0259814262390137,0.8911561439016638,4.3077497482299805,0.30181241035461426,0.5026454329490662,7
96,14,-0.009155366640547119,0.8082373142242432,1.404118537902832,0.9854293465564343,1.1920928955078125e-07,0.0,False,0.978485107421875,0.8499013655556619,3.8240926265716553,0.34266477823257446,0.5003335475921631,7
96,15,-0.012339710416310119,0.8090837001800537,1.4045419692993164,0.3626032103720018,1.1920928955078125e-07,0.0,False,1.023587942123413,0.8890771900138069,4.2694993019104,0.3053886294364929,0.5041873455047607,7
96,16,-0.017340002308670527,0.80179363489151,1.4008967876434326,0.6980058476511367,2.9802322387695312e-08,0.0,False,1.0413594245910645,0.9045133035556896,4.536032676696777,0.28625449538230896,0.5011212825775146,7
96,17,0.023181004693064333,0.7949845194816589,1.3974921703338623,0.14470769443842565,8.940696716308594e-08,0.0,False,1.0105438232421875,0.8777472123109943,4.186800956726074,0.3108130693435669,0.5019292831420898,7
96,18,-0.02586886389697631,0.7971035838127136,1.3985517024993896,0.6891499628573564,8.940696716308594e-08,0.0,False,1.0031557083129883,0.8713299772201578,4.084612846374512,0.318978488445282,0.5057194232940674,7
96,19,0.0046964337047013804,0.8028099536895752,1.401404857635498,0.40568174963668985,1.1920928955078125e-07,0.0,False,1.0041875839233398,0.8722262529873303,4.064084053039551,0.32108286023139954,0.5049731731414795,7
96,20,0.002755972463282453,0.8291628956794739,1.4145814180374146,0.4609692865296718,2.9802322387695312e-08,0.0,False,0.9841626286506653,0.8548327978367662,4.057836532592773,0.32358694076538086,0.5000160932540894,7
96,21,-0.09029833014253213,0.8189502358436584,1.4094750881195068,0.6709183381223933,2.9802322387695312e-08,0.0,False,0.9507224559783936,0.8257870329058472,3.787639856338501,0.3468884825706482,0.501686155796051,7
96,22,-0.007728256322733279,0.8351062536239624,1.417553186416626,1.278735007643658,5.960464477539063e-08,0.0,False,0.925927460193634,0.8042503732095764,3.561945915222168,0.3711836040019989,0.5000118017196655,7
96,23,0.018917122386712247,0.8213140964508057,1.4106570482254028,0.09487665261522138,0.0,0.0,False,0.9072967767715454,0.7880679672009774,3.4503207206726074,0.382459819316864,0.5004870891571045,7
96,24,-0.0029744270226545596,0.8114514350891113,1.4057257175445557,0.7020807798719351,0.0,0.0,False,1.0086851119995117,0.876132756238703,4.254661560058594,0.30676358938217163,0.5004995465278625,2
97,1,0.056437591578267374,0.8067956566810608,1.4033976793289185,1.2829886238489832,1.4901161193847656e-07,0.0,False,1.0136730670928955,0.8804652389847787,4.278561592102051,0.3043977618217468,0.5100287795066833,2
97,2,-0.002578556675615489,0.7585000395774841,1.379250168800354,2.502598221135663,1.4901161193847656e-07,0.0,False,1.0163224935531616,0.8827665015685827,4.429546356201172,0.29059863090515137,0.5063346028327942,4
97,3,0.0012118798532699659,0.7623105645179749,1.3811553716659546,2.3770073685429356,8.940696716308594e-08,0.0,False,1.0740418434143066,0.9329008918560597,4.928284645080566,0.26025813817977905,0.5000118017196655,2
97,4,0.038947368761758944,0.7740709185600281,1.3870353698730469,0.29149915224123824,8.940696716308594e-08,0.0,False,1.0791854858398438,0.9373686029006482,5.034595012664795,0.25508567690849304,0.5010501146316528,1
97,5,0.004277701222555758,0.7854357957839966,1.3927180767059326,0.18197271975867602,1.7881393432617188e-07,0.0,False,1.0699876546859741,0.9293794682694414,4.97898530960083,0.2587137222290039,0.5000325441360474,2
97,6,-0.021921975920759288,0.7920499444007874,1.3960249423980713,0.16789665326352238,2.9802322387695312e-08,0.0,False,1.0466324090957642,0.9090933597027945,4.736177444458008,0.27303406596183777,0.5004315376281738,2
97,7,0.02192404369609751,0.8055496215820312,1.402774691581726,0.24081837534713374,1.1920928955078125e-07,0.0,False,1.0599157810211182,0.9206311499592942,4.890472412109375,0.2646143436431885,0.5040634870529175,2
97,8,0.005226922252970901,0.7883251905441284,1.394162654876709,0.2564331092421595,5.960464477539063e-08,0.0,False,1.0676017999649048,0.9273071411894749,4.8019232749938965,0.2686818242073059,0.5085093975067139,2
97,9,0.03453853035836828,0.7950066328048706,1.39750337600708,0.6422620297655867,5.960464477539063e-08,0.0,False,1.0254570245742798,0.8907006544030741,4.3837385177612305,0.2962791621685028,0.5001981258392334,2
97,10,0.0433871241576676,0.7726325392723083,1.3863162994384766,1.9267811000409432,2.9802322387695312e-08,0.0,False,1.0605469942092896,0.921179414768349,4.7702131271362305,0.2698989510536194,0.5000023245811462,6
97,11,-0.0007946798910813532,0.795952558517456,1.397976279258728,0.714114989688099,0.0,0.0,False,1.109519600868225,0.9637164804411372,5.553767681121826,0.23092344403266907,0.5031985640525818,1
97,12,-0.04928678407858787,0.7743582725524902,1.3871791362762451,1.508648560213487,0.0,0.0,False,1.1071171760559082,0.9616297607627838,5.4767961502075195,0.23342496156692505,0.5016038417816162,1
97,13,0.024868833894978265,0.781600296497345,1.3908002376556396,0.5275348288468615,8.940696716308594e-08,0.0,False,1.0825202465057373,0.9402651392119794,5.086611270904541,0.2527572512626648,0.5000478029251099,1
97,14,-0.029318771384673883,0.7866668105125427,1.3933334350585938,0.4490061039527694,2.9802322387695312e-08,0.0,False,1.0804593563079834,0.9384750727305933,5.151379108428955,0.2495802342891693,0.5032353401184082,3
97,15,0.019571441082437226,0.8045778870582581,1.4022890329360962,0.3420459272038291,8.940696716308594e-08,0.0,False,1.097281575202942,0.9530866664094915,5.445759296417236,0.23615001142024994,0.5038674473762512,3
97,16,0.017800106135258755,0.7875555753707886,1.3937777280807495,1.5532821645572246,5.960464477539063e-08,0.0,False,1.1307766437530518,0.9821801132940593,6.034218788146973,0.2107701599597931,0.5158241987228394,6
97,17,0.022769597304033207,0.785203754901886,1.3926019668579102,1.2527702070905302,8.940696716308594e-08,0.0,False,1.042645812034607,0.9056306454923299,4.530969619750977,0.28561127185821533,0.5000824928283691,1
97,18,0.0020384753655653424,0.7819361686706543,1.3909680843353271,0.8301106102818618,0.0,0.0,False,1.0483052730560303,0.9105463908766313,4.425522804260254,0.29242873191833496,0.5038888454437256,2
97,19,0.023859227548342753,0.7947961688041687,1.3973979949951172,0.60879644119336,8.940696716308594e-08,0.0,False,1.004498839378357,0.8724966060404827,4.13386869430542,0.3150055706501007,0.5001462697982788,2
97,20,0.007800047937341046,0.7853271961212158,1.392663598060608,0.16046555791017272,0.0,0.0,False,0.9533888101577759,0.8281029987196581,3.8611104488372803,0.3370329737663269,0.5176858901977539,2
97,21,0.01466438167663301,0.7686650156974792,1.384332537651062,0.24972572936026663,2.9802322387695312e-08,0.0,False,1.0354466438293457,0.8993775274406534,4.409463405609131,0.29278042912483215,0.5006567239761353,2
97,22,0.033222438672848936,0.7680448293685913,1.3840223550796509,0.5323331088398938,5.960464477539063e-08,0.0,False,1.059309720993042,0.9201047329075029,4.706248760223389,0.27332985401153564,0.5056912899017334,2
97,23,0.006796618914074161,0.7734975218772888,1.3867487907409668,0.7636147000277588,2.9802322387695312e-08,0.0,False,1.1009035110473633,0.9562326399115711,5.358067512512207,0.23888760805130005,0.5001271963119507,2
97,24,0.02449464562055916,0.7622848749160767,1.381142497062683,0.47812228088688224,5.960464477539063e-08,0.0,False,1.0725020170211792,0.9315634156448113,4.69162654876709,0.2740268409252167,0.5001741051673889,2
98,1,-0.04210070848860499,0.8233243227005005,1.4116623401641846,1.3311140558549337,1.7881393432617188e-07,0.0,False,0.9908825159072876,0.8606696177458923,4.121783256530762,0.3179280161857605,0.500429630279541,2
98,2,0.09384005117712611,0.7494946122169495,1.3747472763061523,1.030852849230725,2.9802322387695312e-08,0.0,False,1.0146558284759521,0.8813188546761569,4.239953517913818,0.30349841713905334,0.5085333585739136,2
98,3,0.037533505650207626,0.7773585319519043,1.3886792659759521,1.823209843466477,0.0,0.0,False,0.9075725674629211,0.7883075159518269,3.4182841777801514,0.3818482756614685,0.5153855085372925,6
98,4,-0.027914933782041722,0.8117309808731079,1.4058656692504883,1.6373097497155484,1.7881393432617188e-07,0.0,False,1.0684146881103516,0.9280132068614191,5.236757278442383,0.2465898096561432,0.5000556707382202,2
98,5,-0.060199000422493446,0.8145529627799988,1.4072763919830322,0.9426486780404651,8.940696716308594e-08,0.0,False,0.9671030044555664,0.840014996534217,3.938859224319458,0.33257192373275757,0.505928635597229,2
98,6,0.06429680576448041,0.7716848850250244,1.3858423233032227,0.8970736164019509,1.1920928955078125e-07,0.0,False,1.0174036026000977,0.8837055409554228,4.171055316925049,0.31033599376678467,0.5057187080383301,2
98,7,0.014340898168840356,0.7632571458816528,1.381628394126892,0.7329408278903607,1.7881393432617188e-07,0.0,False,0.9817773103713989,0.8527609367042296,3.8232550621032715,0.3392370343208313,0.5008124113082886,2
98,8,0.024185728158304432,0.8372477293014526,1.4186240434646606,0.6732255906954782,1.7881393432617188e-07,0.0,False,1.023131251335144,0.8886805134352443,4.279006004333496,0.3060111105442047,0.520337700843811,2
98,9,0.03221137712540338,0.8431101441383362,1.4215551614761353,0.32508718932664443,8.940696716308594e-08,0.0,False,1.0206259489059448,0.8865044353942443,4.399004936218262,0.2969565689563751,0.5412895679473877,2
98,10,0.016753456350764695,0.8193284869194031,1.4096641540527344,0.7372786620608485,8.940696716308594e-08,0.0,False,0.9938122034072876,0.8632143119757942,4.086461544036865,0.32045212388038635,0.5029608011245728,2
98,11,-0.005438180328749254,0.8265455365180969,1.413272738456726,0.1501258165640989,2.9802322387695312e-08,0.0,False,1.026357650756836,0.8914829283657576,4.380812168121338,0.29825806617736816,0.5076019167900085,2
98,12,-0.03928074628601602,0.827970027923584,1.413985013961792,0.3348904203243544,0.0,0.0,False,1.01802396774292,0.8842443832720084,4.413870334625244,0.2954081594944,0.527726411819458,2
98,13,-0.14215495016790966,0.7813981175422668,1.3906991481781006,1.3434486255409799,8.940696716308594e-08,0.0,False,0.9779130220413208,0.8494044585077575,4.022062301635742,0.32306745648384094,0.5041865706443787,2
98,14,0.012014751500664644,0.7752052545547485,1.387602686882019,1.122520322754707,5.960464477539063e-08,0.0,False,1.0180751085281372,0.8842888035936486,4.1129302978515625,0.3152914047241211,0.5006045699119568,2
98,15,-0.0008908229485932104,0.8358402252197266,1.4179202318191528,0.3453851632722713,1.1920928955078125e-07,0.0,False,1.0224899053573608,0.8881234473969601,4.166285514831543,0.31520500779151917,0.5007501840591431,2
98,16,0.05716208168528017,0.8345191478729248,1.4172594547271729,0.20277059339478842,1.1920928955078125e-07,0.0,False,0.9980741143226624,0.8669161607616153,4.098712921142578,0.32048240303993225,0.5032818913459778,2
98,17,-0.015609103926500098,0.8323466777801514,1.4161735773086548,1.2747709647568537,2.384185791015625e-07,0.0,False,1.032281756401062,0.8966285411487561,4.656633377075195,0.2789996266365051,0.5425780415534973,2
98,18,0.08567037841250752,0.8178499341011047,1.40892493724823,0.807422669009935,2.9802322387695312e-08,0.0,False,1.0002790689468384,0.8688313600138686,4.211453437805176,0.31037676334381104,0.5041824579238892,2
98,19,-0.029981878104311917,0.8107464909553528,1.4053733348846436,0.8424941238880235,8.940696716308594e-08,0.0,False,1.0065250396728516,0.8742565412547422,4.121477127075195,0.31678062677383423,0.5113238096237183,2
98,20,-0.12643566988007018,0.8157188296318054,1.407859444618225,1.6301233974707188,2.9802322387695312e-08,0.0,False,1.03575599193573,0.8996462237918331,4.717197895050049,0.27554285526275635,0.5000206232070923,6
98,21,0.019542940263266327,0.799918532371521,1.3999593257904053,1.1636605781468154,5.960464477539063e-08,0.0,False,0.9943618774414062,0.8636917527755207,4.279882431030273,0.3039243817329407,0.5074442625045776,2
98,22,-0.003190969529490932,0.8119038343429565,1.4059518575668335,0.24305830644475734,5.960464477539063e-08,0.0,False,1.0461407899856567,0.9086663447693588,4.672186851501465,0.2780391275882721,0.5027666091918945,2
98,23,-0.03788834551617317,0.8079184889793396,1.4039592742919922,2.0488258899428304,2.9802322387695312e-08,0.0,False,0.9782007932662964,0.8496544134178724,3.973827600479126,0.32905906438827515,0.5052277445793152,6
98,24,0.04360855533956778,0.8062615990638733,1.4031308889389038,1.6696103063626757,8.940696716308594e-08,0.0,False,1.057186245918274,0.9182603058926412,5.079531192779541,0.2538521885871887,0.519058108329773,1
99,1,0.0019229466610815177,0.7941450476646423,1.3970725536346436,1.5093304834195544,2.9802322387695312e-08,0.0,False,0.9108483791351318,0.7911528498178176,3.37742018699646,0.38857829570770264,0.500084638595581,7
99,2,0.006956798210510204,0.7935311794281006,1.3967657089233398,0.5320988543401443,1.1920928955078125e-07,0.0,False,0.98090660572052,0.8520046522537412,3.7830862998962402,0.3453929126262665,0.5000104904174805,7
99,3,0.005667203620999234,0.8071216940879822,1.4035608768463135,0.403335847328923,2.9802322387695312e-08,0.0,False,0.9619685411453247,0.8355552583678717,3.683656930923462,0.3561640679836273,0.5008112788200378,7
99,4,0.011856243954087698,0.8023595213890076,1.4011797904968262,0.32640395131850886,2.9802322387695312e-08,0.0,False,1.023583173751831,0.8890730482588755,4.10343074798584,0.3179677724838257,0.5003105401992798,7
99,5,0.022591970890775963,0.793059229850769,1.3965296745300293,0.4748302963321088,5.960464477539063e-08,0.0,False,1.009116291999817,0.8765072744283822,4.018441200256348,0.3243231773376465,0.5001538991928101,7
99,6,0.041790993653931685,0.7660456895828247,1.3830229043960571,0.6325082908398553,5.960464477539063e-08,0.0,False,0.9548540115356445,0.8293756564662289,3.6199235916137695,0.35926997661590576,0.5000573396682739,7
99,7,0.011320392096866657,0.7640483379364014,1.3820242881774902,0.20406110714562037,1.1920928955078125e-07,0.0,False,0.9580346345901489,0.8321383105493999,3.7182347774505615,0.34925904870033264,0.5003279447555542,7
99,8,-0.014792556135546277,0.7833004593849182,1.3916501998901367,0.11018557082077149,2.9802322387695312e-08,0.0,False,0.9700446128845215,0.8425700451514475,3.9195191860198975,0.33212482929229736,0.5000746846199036,7
99,9,-0.005421005364566643,0.7992556095123291,1.399627685546875,0.127051414268052,1.1920928955078125e-07,0.0,False,0.961382269859314,0.8350460295990461,3.7981321811676025,0.344415545463562,0.5000348687171936,7
99,10,0.011879469405218132,0.794084370136261,1.3970422744750977,0.30972227856690804,8.940696716308594e-08,0.0,False,1.0201144218444824,0.8860601286339697,4.1240949630737305,0.31570881605148315,0.5011078119277954,7
99,11,-0.006248643018100221,0.7989512085914612,1.3994756937026978,0.2437682783760023,8.940696716308594e-08,0.0,False,0.9792256355285645,0.8505445800965209,3.8109514713287354,0.3431825041770935,0.5001931190490723,7
99,12,-0.013778569233218874,0.8075311779975891,1.4037656784057617,0.09639525372413178,8.940696716308594e-08,0.0,False,0.9822041392326355,0.8531316755425338,3.8115439414978027,0.3437890410423279,0.5001964569091797,7
99,13,0.012411813667034444,0.8293928503990173,1.414696455001831,0.16265492312525484,2.9802322387695312e-08,0.0,False,0.9349967837333679,0.8121278875453797,3.581296920776367,0.36862510442733765,0.5000162124633789,7
99,14,0.024003898031418284,0.8183797597885132,1.4091899394989014,0.3161128299712385,5.960464477539063e-08,0.0,False,0.9209556579589844,0.7999319206583311,3.4853694438934326,0.378206729888916,0.5007563829421997,7
99,15,0.00825114310012643,0.8435793519020081,1.4217897653579712,0.36607385364075373,8.940696716308594e-08,0.0,False,0.8928381204605103,0.775509337897741,3.358055830001831,0.39537161588668823,0.5005114078521729,7
99,16,0.027372727852313997,0.8309805989265442,1.4154903888702393,0.08678700441784533,8.940696716308594e-08,0.0,False,0.9064829349517822,0.7873610731780468,3.4038610458374023,0.38874050974845886,0.5003416538238525,7
99,17,-0.05668224218513606,0.8364836573600769,1.4182418584823608,1.222096829208863,2.9802322387695312e-08,0.0,False,0.8771410584449768,0.7618750430668624,3.2567269802093506,0.4074915647506714,0.500216007232666,7
99,18,-0.041473123664483524,0.814109206199646,1.4070546627044678,1.2811268594851866,5.960464477539063e-08,0.0,False,0.8995809555053711,0.7813660900024748,3.3661692142486572,0.39172452688217163,0.5007510781288147,7
99,19,-0.030595801750617754,0.7955992221832275,1.3977994918823242,0.7547438344595395,1.1920928955078125e-07,0.0,False,1.0038354396820068,0.8719203843856405,4.25188684463501,0.3059360384941101,0.5000739097595215,2
99,20,0.0813450229081171,0.7841206789016724,1.3920602798461914,0.2753076380630529,5.960464477539063e-08,0.0,False,1.003035068511963,0.8712251908203913,4.199660778045654,0.30905306339263916,0.5029971599578857,2
99,21,-0.037585263722328226,0.7895762324333191,1.3947880268096924,2.1731330433486584,8.940696716308594e-08,0.0,False,0.9340797662734985,0.8113313763001193,3.5049071311950684,0.37354910373687744,0.5000208020210266,7
99,22,0.007686264084361542,0.7771278023719788,1.388563871383667,1.3737898856847952,2.9802322387695312e-08,0.0,False,0.9979391694068909,0.8667989490970543,3.925753116607666,0.33111411333084106,0.500001072883606,7
99,23,0.018078023312727308,0.793881356716156,1.3969407081604004,0.42494405677502023,2.9802322387695312e-08,0.0,False,0.9600236415863037,0.8338659400751939,3.722891092300415,0.35120654106140137,0.5007607936859131,7
99,24,0.019832833080633692,0.8044583797454834,1.4022293090820312,0.3607652094040401,1.1920928955078125e-07,0.0,False,0.9838600158691406,0.8545699517144272,3.863226890563965,0.33876675367355347,0.5002632141113281,7
100,1,0.030242260107037955,0.8040874600410461,1.4020438194274902,1.5911050481455666,8.940696716308594e-08,0.0,False,0.8717488050460815,0.7571913912745338,3.22182559967041,0.40881574153900146,0.5055832862854004,7
100,2,0.03216698766007984,0.8051655292510986,1.4025826454162598,0.19062368772874227,1.1920928955078125e-07,0.0,False,0.9464970827102661,0.8221169203171887,3.7163612842559814,0.3526081442832947,0.5058485269546509,2
100,3,0.004122795685868269,0.8045839667320251,1.402292013168335,1.1210822110523284,2.9802322387695312e-08,0.0,False,0.9240716695785522,0.8026384539621806,3.68676495552063,0.35561057925224304,0.5021237730979919,7
100,4,0.03452930312146575,0.8093352913856506,1.404667615890503,1.0366319035280351,2.9802322387695312e-08,0.0,False,1.0023045539855957,0.8705906739648884,4.299524307250977,0.3032899498939514,0.5000442862510681,7
100,5,-0.026947449103465613,0.8082483410835266,1.404124140739441,0.3955052665465525,2.9802322387695312e-08,0.0,False,1.004512906074524,0.8725088242175305,4.301783084869385,0.30264711380004883,0.5143987536430359,2
100,6,0.026664629214463886,0.8108951449394226,1.4054474830627441,0.3509425575041501,8.940696716308594e-08,0.0,False,1.0335708856582642,0.897748264594482,4.585283279418945,0.28328457474708557,0.5110788345336914,2
100,7,0.030427927188955258,0.8146750330924988,1.4073375463485718,0.6052797225447432,2.9802322387695312e-08,0.0,False,1.0330159664154053,0.897266267864331,4.6034674644470215,0.28232768177986145,0.5110557079315186,7
100,8,-0.0003447897100859465,0.827477216720581,1.41373872756958,1.2940640286975367,1.1920928955078125e-07,0.0,False,0.9151597619056702,0.7948976693110528,3.4989545345306396,0.3774815797805786,0.5000797510147095,7
100,9,-0.009790488462135743,0.800288200378418,1.400144100189209,0.4372376152050728,0.0,0.0,False,0.9476754665374756,0.8231404515046309,3.6328682899475098,0.3607814311981201,0.5006884932518005,7
100,10,0.029545189852138064,0.8124904632568359,1.406245231628418,1.107327998221424,0.0,0.0,False,1.0134986639022827,0.8803137542981597,4.472316265106201,0.2902677059173584,0.5333812832832336,7
100,11,0.080688438595571,0.8164348602294922,1.408217430114746,1.157071362911432,0.0,0.0,False,0.9338812232017517,0.8111589239791598,3.6123273372650146,0.36425572633743286,0.5004377961158752,6
100,12,0.07101084606133501,0.7888715267181396,1.3944358825683594,0.2987425156009157,1.1920928955078125e-07,0.0,False,0.9764506220817566,0.8481342340422089,4.0189666748046875,0.3238718509674072,0.5040054321289062,6
100,13,0.002380274252179841,0.7925513982772827,1.3962757587432861,0.5234487914916963,5.960464477539063e-08,0.0,False,1.0965863466262817,0.9524827985404816,5.277506351470947,0.24366170167922974,0.5000054836273193,6
100,14,-0.009824123195214455,0.7937868237495422,1.3968933820724487,1.0722104793380622,2.9802322387695312e-08,0.0,False,0.9962554574012756,0.8653364954307484,4.288780689239502,0.30306676030158997,0.5000687837600708,2
100,15,0.005361755125473261,0.8023485541343689,1.4011743068695068,0.8697185684485617,2.9802322387695312e-08,0.0,False,1.0197856426239014,0.885774554631444,4.196710109710693,0.3105944097042084,0.5001238584518433,2
100,16,0.019487992600852634,0.791913628578186,1.3959567546844482,0.23313333892166466,5.960464477539063e-08,0.0,False,1.0544122457504272,0.9158508399612522,4.7428483963012695,0.27261126041412354,0.5008637309074402,2
100,17,0.0010874016009594558,0.8240979909896851,1.4120490550994873,0.8905031098110494,5.960464477539063e-08,0.0,False,1.0269529819488525,0.8920000264689529,4.304035186767578,0.30390724539756775,0.5000989437103271,2
100,18,-0.004228321069533769,0.8218119740486145,1.410906195640564,0.19043979533363994,2.086162567138672e-07,0.0,False,1.000118374824524,0.8686917828726778,4.092410564422607,0.32022058963775635,0.500067949295044,2
100,19,0.010894103111187152,0.7656148672103882,1.3828074932098389,0.6494335539006412,5.960464477539063e-08,0.0,False,1.0137617588043213,0.8805422756265042,4.478421688079834,0.2878724932670593,0.5009506344795227,2
100,20,-0.0021177436607611013,0.772581934928894,1.3862910270690918,0.21468466421535212,5.960464477539063e-08,0.0,False,1.0009980201721191,0.8694558331136627,4.30685567855835,0.3003087639808655,0.5012972354888916,2
100,21,-0.03687434348691085,0.7996656894683838,1.399832844734192,0.22330925437289592,0.0,0.0,False,0.9679211974143982,0.8407256699085225,4.186613082885742,0.3111950755119324,0.5001311302185059,2
100,22,0.01967771604942824,0.7892981767654419,1.3946490287780762,0.42537194554325064,5.960464477539063e-08,0.0,False,1.016252875328064,0.8827060319465831,4.552685737609863,0.28443023562431335,0.5001735091209412,7
100,23,0.012347074636745383,0.7800111174583435,1.3900057077407837,0.775743913071234,1.4901161193847656e-07,0.0,False,0.9997262954711914,0.8683512270734367,4.03623104095459,0.32162177562713623,0.5103618502616882,7
100,24,0.005632593285650512,0.7722386717796326,1.3861193656921387,0.634192764835719,2.9802322387695312e-08,0.0,False,0.9425513744354248,0.8186897216552615,3.608144998550415,0.36096715927124023,0.5017044544219971,2
