stage,pass,episode,reward,noise,terminal_wealth,mean_turnover,q95_turnover,mean_cvar,mean_gross_exposure,fraction_at_gross_cap,mean_short_notional,max_abs_weight,mean_leverage_gate,q95_leverage_gate,std_leverage_gate,mean_effective_leverage,gate_gross_mae,fraction_at_position_cap,mean_direction_entropy,total_actions,update_count
pretrain,,1,0.07564278961313207,0.15,121510.67292597404,1.1462654671631753,1.6362456085426464,0.08448686276849077,1.2785798776118706,0.0,0.1392899388059353,0.380836868924754,0.5571597392360369,0.8372551441192626,0.2319284331124504,0.5571597552237412,4.6987441326695745e-08,0.0,1.1309878180424373,24,0
pretrain,,2,0.02203308833122058,0.1497,113701.59134271852,1.1563150494448131,1.6102480640368801,0.08205978770865778,1.2524958449371513,0.0,0.12624792246857572,0.3843058901173728,0.5049916505813599,0.7970710039138793,0.1936364017471037,0.5049916898743028,4.390520708108525e-08,0.0,1.1303689579168956,48,0
pretrain,,3,0.18388372070059306,0.1494006,138886.16636098252,1.1467139714264445,1.6974077718598501,0.08008513786506459,1.2957101116799528,0.0,0.1478550558399764,0.4122393471854074,0.5914201997220516,0.8557321161031721,0.18552443068103375,0.5914202233599055,4.066775236936474e-08,0.0,1.128731444478035,72,0
pretrain,,4,-0.6197471636548479,0.1491017988,65626.28281919,1.1606281708172035,1.587194834330252,0.07997285522206814,1.2378155524354606,0.0,0.11890777621773028,0.41961207773004255,0.4756310923645894,0.9002023249864578,0.2552091107534819,0.47563110487092103,5.9427249991343224e-08,0.0,1.12538846830527,96,0
pretrain,,5,-0.42488163146490515,0.1488035952024,75513.91811562308,1.040230314158613,1.4970998786389824,0.08385203496815413,1.2615300704547694,0.0,0.1307650352273846,0.3954504712351731,0.5230601218839487,0.7901896357536315,0.1635469021731519,0.5230601409095385,5.89394143860981e-08,0.0,1.1301540682713191,120,0
pretrain,,6,-0.11681824827382911,0.1485059880119952,98266.90933545078,1.0612842845730484,1.5537373920636517,0.08265140331583003,1.2418258453586273,0.0,0.1209129226793136,0.3707367831042835,0.4836516830449303,0.9051312088966367,0.2445356500430535,0.48365169071725433,5.122274162235504e-08,0.0,1.136248414715131,144,17
pretrain,,7,0.2177591722343294,0.14820897603597122,144620.52345602246,1.1607327476321232,1.6381247701389448,0.07564669745355847,1.256974524452484,0.0,0.12848726222624204,0.3797650379793984,0.5139490198343992,0.8459463953971862,0.22006225355759748,0.5139490489049682,5.1555356761490145e-08,0.0,1.1282289723555248,168,41
pretrain,,8,-0.10684003203745185,0.14791255808389928,99062.57152400455,1.0976788396503598,1.5283655187913348,0.08114753206768295,1.2218098853814547,0.0,0.11090494269072744,0.3886591025761196,0.4436197333658735,0.7505983084440231,0.2211937687508873,0.4436197707629097,5.3185171304074665e-08,0.0,1.1336001207431157,192,65
pretrain,,9,0.07630005505286425,0.14761673296773145,120890.07774583725,1.0877660027305993,1.451066276111773,0.0804184979171194,1.2209159984208997,0.0,0.11045799921044992,0.41387472541204523,0.44183197741707164,0.7381724208593369,0.20974909157770574,0.44183199684179963,4.621133916267913e-08,0.0,1.1287528574466705,216,89
pretrain,,10,0.11324797337073367,0.14732149950179602,128605.20835189693,1.0645530850715226,1.600410840341023,0.09098211833111287,1.2578131890013104,0.0,0.12890659450065522,0.38019051296370365,0.515626355384787,0.8094146698713302,0.2118461951108724,0.5156263780026208,6.066901344266758e-08,0.0,1.1294319182634354,240,113
pretrain,,11,0.28295911306330657,0.1470268565027924,163662.27415769233,1.0922967077321595,1.6761370703045808,0.08835543758946558,1.2846153657218176,0.0,0.14230768286090878,0.3808352042521749,0.5692306937028965,0.8802075982093811,0.23799352840385163,0.569230731443635,5.361757104971332e-08,0.0,1.1293803105751674,264,137
pretrain,,12,0.014229107663630955,0.14673280278978681,113067.00225467613,1.196789348254069,1.6406960252672433,0.08444962926039774,1.2705959235761493,0.0,0.13529796178807463,0.41068035843116896,0.5411918312311172,0.7988979160785675,0.20002156754566788,0.5411918471522984,5.193232075854463e-08,0.0,1.1286483506361644,288,161
pretrain,,13,-0.3735479992272562,0.14643933718420726,78486.60796556903,1.0735465586296327,1.5138216492320808,0.08287107337540255,1.229953824808555,0.0,0.1149769124042775,0.3816785588860512,0.4599076152468721,0.8250790357589721,0.23206599146869483,0.45990764961711,5.468193977250143e-08,0.0,1.1274969478448231,312,185
pretrain,,14,0.005276220680152866,0.14614645850983884,111550.28676157483,1.1552770363965204,1.5314572250204426,0.08188924736634533,1.254633183812811,0.0,0.12731659190640565,0.3993698539478438,0.5092663479348024,0.7449578315019607,0.1842666130240168,0.5092663676256225,5.685502572442639e-08,0.0,1.13091113169988,336,209
pretrain,,15,-0.021534997623013447,0.14585416559281916,108142.96147260435,1.0207149878232962,1.4474688367119857,0.08069426300970543,1.271958671354999,0.0,0.1359793356774996,0.40721521260482924,0.5439173256357511,0.896049678325653,0.2446747236553051,0.5439173427099983,5.060185986893728e-08,0.0,1.131334697206815,360,233
pretrain,,16,0.07302531580342488,0.14556245726163353,121295.56167994293,1.020363750313187,1.4061876773302044,0.08545184183745223,1.206102132464626,0.0,0.10305106623231303,0.38084598949977333,0.4122042682332297,0.7256024569272993,0.19131633922786734,0.41220426492925194,3.811770249440016e-08,0.0,1.1295772641897202,384,257
pretrain,,17,0.078865270203004,0.14527133234711026,121333.29990154905,1.168818522377738,1.660824591772897,0.08079889877536323,1.275366469330731,0.0,0.13768323466536547,0.45869624082531246,0.5507329124957323,0.8725283294916151,0.1928525107259353,0.5507329386614618,5.135578767800908e-08,0.0,1.1275296459595363,408,281
pretrain,,18,-0.21870158706513942,0.144980789682416,89886.73430581274,1.1156688597984612,1.6529398408319267,0.08849197667405644,1.3118330209427291,0.0,0.1559165104713646,0.4294647297688893,0.6236660194893678,0.898347482085228,0.19095845462103994,0.6236660418854583,5.485933448253396e-08,0.0,1.1289972911278408,432,305
pretrain,,19,0.06580075046547681,0.1446908281030512,119809.76944584129,1.1875555508637003,1.5333135437220333,0.08295231097299548,1.2465253455697425,0.0,0.12326267278487131,0.4103910092796598,0.49305069508651894,0.7776964634656905,0.1850392151516494,0.49305069113948513,5.672197968727607e-08,0.0,1.1297704478104909,456,329
pretrain,,20,-0.2838093859686709,0.1444014464468451,84623.97815433229,1.1174363923436477,1.4503123541229537,0.08509268118606321,1.237109380330713,0.0,0.11855469016535654,0.42131298248256954,0.4742187249163787,0.804977086186409,0.21935856630316697,0.47421876066142604,5.4992380630706585e-08,0.0,1.1270788808663685,480,353
pretrain,,21,-0.16709993935110096,0.1441126435539514,93962.55171339813,1.1266307351290294,1.5677657863391294,0.08570514023730036,1.2374429115027723,0.0,0.1187214557513861,0.453314478376082,0.47488580737262964,0.7687408953905106,0.20778021824017145,0.4748858230055443,4.987010643331402e-08,0.0,1.126013159751892,504,377
pretrain,,22,-0.3440945121190016,0.1438244182668435,80510.97708038407,1.201054233436783,1.6556177494781354,0.0850232141935287,1.267560194246471,0.0,0.13378009712323546,0.42166207837206976,0.5351203579921275,0.8752828270196913,0.2227410695412425,0.5351203884929419,6.89954807360967e-08,0.0,1.1305725773175557,528,401
pretrain,,23,0.17193856582755535,0.14353676943030982,137304.7271327646,1.118764008351025,1.5733935905886547,0.08312865814499219,1.2588774291798472,0.0,0.12943871458992365,0.4644353560038975,0.5177548105518023,0.8457304954528807,0.20011777446631376,0.5177548583596945,6.528127760585534e-08,0.0,1.1288471966981888,552,425
pretrain,,24,0.10303700627798226,0.1432496958914492,125069.82624844613,1.0982911815600735,1.64330081269145,0.08117469351279155,1.233557410693417,0.0,0.11677870534670849,0.3954266458749771,0.46711480027685565,0.7524444967508316,0.24026465997012866,0.46711482138683397,4.044600894944258e-08,0.0,1.1293499618768692,576,449
pretrain,,25,0.21463158312155303,0.1429631964996663,145131.04714694337,1.1644062915861253,1.5895095982189689,0.08027997806441232,1.2401086749686372,0.0,0.1200543374843186,0.47759529895016123,0.480217345058918,0.7892823785543441,0.20604127411814455,0.48021734993727433,4.851747118876185e-08,0.0,1.1244766563177109,600,473
pretrain,,26,-0.1533082281494816,0.14267727010666698,94471.4597427807,1.1355638039919238,1.607026477370943,0.0789895688340043,1.2611493886271048,0.0,0.13057469431355243,0.4255818634160927,0.5222987600912651,0.7482935339212418,0.2013636542412943,0.5222987772542097,4.732005655834944e-08,0.0,1.1247130284706752,624,497
pretrain,,27,0.1464769645207305,0.14239191556645361,132960.68083672298,1.2132487259583458,1.6135033634092124,0.08451749182721328,1.245774006216033,0.0,0.12288700310801647,0.42979525136096136,0.49154799586782855,0.8255350619554518,0.20138307144321865,0.4915480124320657,5.488150881897506e-08,0.0,1.1291278501351674,648,521
pretrain,,28,-0.15456932374222518,0.14210713173532072,95339.69441251935,1.0271647639705666,1.440262014259185,0.08807355080643209,1.2910095608261016,0.0,0.14550478041305073,0.41942277178168297,0.5820190887898207,0.8539408415555954,0.22191498681157804,0.5820191216522029,5.9560296102508424e-08,0.0,1.132785548766454,672,545
pretrain,,29,-0.07030943262569411,0.14182291747185008,103045.13997398732,1.1549096133870382,1.497710445523262,0.08321745614746485,1.2615899940110034,0.0,0.13079499700550168,0.4022638856300286,0.5231799672668179,0.884594291448593,0.20716999154334861,0.5231799880220067,4.949314252877812e-08,0.0,1.1274007459481556,696,569
pretrain,,30,-0.027059871502373767,0.14153927163690638,109284.86024154605,1.0127400010269845,1.4625927571207284,0.09335003410490067,1.2422243486979,0.0,0.12111217434895005,0.38576287776231766,0.4844486825168133,0.8515410155057904,0.21667310985463162,0.48444869739580015,5.230928464457681e-08,0.0,1.129391570885976,720,593
pretrain,,31,0.2052606562127024,0.14125619309363258,142923.7777782188,1.1624694012460253,1.6668749743806461,0.07922141889356653,1.232363932555364,0.0,0.11618196627768201,0.38220759694065365,0.464727851562202,0.8049444496631619,0.1914735990400223,0.464727865110728,4.423782229423523e-08,0.0,1.1236553688844044,744,617
pretrain,,32,-0.010814898868761066,0.14097368070744531,109279.32576534255,1.1071293674675482,1.6042287842503613,0.07977393824400508,1.2412170666003866,0.0,0.12060853330019332,0.3566378855279514,0.4824341107159853,0.7367941498756407,0.1795746556924331,0.4824341332007731,5.317408417286155e-08,0.0,1.1300377349058788,768,641
pretrain,,33,0.0273341671720281,0.1406917333460304,115405.50521648137,0.9852638030868199,1.5196426691753522,0.08846336967302736,1.2629693796902541,0.0,0.13148468984512704,0.40296104018177303,0.5259387282033762,0.8069235682487487,0.20148035390465513,0.525938759380508,5.8673322200775146e-08,0.0,1.130155508716901,792,665
pretrain,,34,-0.06176543028403638,0.14041034987933834,103988.37537075757,1.118750186836613,1.5384639722428148,0.08343290041595382,1.242360694466957,0.0,0.12118034723347852,0.3510109819471836,0.48472138307988644,0.8112756550312041,0.1973257302274885,0.484721388933914,3.84059689976605e-08,0.0,1.1298879186312358,816,689
pretrain,,35,-0.03568452643912111,0.14012952917957966,106841.10023716648,1.0741936426521057,1.481656353920698,0.08309594247684453,1.2817672591745144,0.0,0.1408836295872572,0.37769710219332153,0.5635344932476679,0.7949198603630065,0.14968689076514333,0.5635345183490288,5.543586756306951e-08,0.0,1.135444278518359,840,713
pretrain,,36,-0.15532302191297695,0.1398492701212205,95096.5008882377,1.1466030834819236,1.467882452905178,0.08646634986027939,1.250112097976463,0.0,0.1250560489882316,0.43558860038008007,0.50022416934371,0.8340628564357756,0.19971431483027377,0.5002241959529264,4.3550417512990457e-08,0.0,1.1263180673122406,864,737
pretrain,,37,-0.1873840325307104,0.13956957158097807,92670.83382303586,1.0118808599100226,1.5847820914217403,0.090246556447524,1.3044211766682565,0.0,0.1522105883341283,0.348235662494387,0.6088423430919647,0.8819074094295501,0.18672091447986555,0.6088423533365129,4.820703034906041e-08,0.0,1.133808319767316,888,761
pretrain,,38,-0.09365694282872597,0.1392904324378161,101309.02687605054,1.0661129397561864,1.7185119288308277,0.08881505879550901,1.253731209696049,0.0,0.12686560484802442,0.3753541170486382,0.5074623785912991,0.8408623278141022,0.2272687309409671,0.5074624193920976,5.472628838987248e-08,0.0,1.1312484343846638,912,785
pretrain,,39,-0.22749596315135207,0.13901185157294046,88648.24893065252,1.0768963860658307,1.731432167972837,0.08286841354407531,1.2586292850430167,0.0,0.1293146425215084,0.3981702862573521,0.5172585416585207,0.799742367863655,0.21141960659752856,0.5172585700860336,6.621260018047082e-08,0.0,1.125014732281367,936,809
pretrain,,40,0.047610544410202627,0.1387338278697946,116663.72111568741,1.0138889899743455,1.5056158608091728,0.07935413093153688,1.2343582282885022,0.0,0.11717911414425113,0.4354019228901182,0.46871641650795937,0.8218628585338592,0.20615165082356945,0.4687164565770045,6.94722292101287e-08,0.0,1.1269413381814957,960,833
pretrain,,41,0.08826440544030358,0.138456360214055,122819.16582070422,1.0906405120511493,1.6541580433824228,0.08127535234981496,1.2574530806104163,0.0,0.12872654030520825,0.4102837177259581,0.514906163016955,0.8013249158859252,0.2327204458781891,0.5149061612208329,4.077862418109627e-08,0.0,1.130919064084689,984,857
pretrain,,42,0.13357688192070738,0.1381794474936269,128167.33094736388,0.8775743965636051,1.51183957606554,0.07182757645584231,1.2003994842525572,0.0,0.1001997421262786,0.36819007566996986,0.40079896493504447,0.8595279693603513,0.2505158837195577,0.4007989685051143,4.556828314683514e-08,0.0,1.1306026776631672,1008,881
pretrain,,43,0.05242567104357291,0.13790308859863964,114497.68859927835,0.2838527741620228,0.6784925802477768,0.06182854391682949,1.0686859991179691,0.0,0.03434299955898454,0.3019791346575532,0.13737200604130825,0.1666175954043865,0.01892365525674281,0.13737199823593807,3.388240219874087e-08,0.0,1.1276127696037292,1032,905
pretrain,,44,0.05399023132472012,0.13762728242144237,114556.35877598268,0.3411001080891029,0.6650110604640629,0.06089749589486807,1.0655041944146866,0.0,0.03275209720734331,0.31892172433435917,0.1310083670541644,0.15600593164563178,0.013944203891810657,0.13100838882937316,4.678787216919981e-08,0.0,1.1273992757002513,1056,929
pretrain,,45,-0.005693923133351625,0.13735202785659947,107135.77849563156,0.360922650511687,0.6647629563297544,0.060249102369454965,1.066317307529971,0.0,0.03315865376498552,0.32703293247946674,0.1326346192508936,0.152307990193367,0.012678967400734046,0.13263461505994198,4.867269171038302e-08,0.0,1.1229196141163509,1080,953
pretrain,,46,-0.0467343822371656,0.13707732380088627,102760.21761629605,0.32175408266041244,0.6014283192610097,0.061329285792525834,1.0659444930941044,0.0,0.03297224654705221,0.33675903361290693,0.131888959556818,0.1592274658381939,0.01670480392041349,0.13188898618820877,4.738657954916903e-08,0.0,1.1216863791147869,1104,977
pretrain,,47,-0.098399893658847,0.13680316915328453,97182.72988132565,0.3387203884998425,0.6635592732046331,0.057842068710508704,1.069044164171265,0.0,0.03452208208563251,0.3368689667965684,0.13808832286546627,0.17181155830621717,0.017693387246342687,0.13808832834253001,4.290736147864275e-08,0.0,1.1222203373908997,1128,1001
pretrain,,48,0.03490072809543583,0.13652956281497794,111867.4798671897,0.3074997778139299,0.579826970079115,0.05932036265199154,1.0736980479144094,0.0,0.03684902395720462,0.34485557143177303,0.1473960798854629,0.18306037783622742,0.01869916485833387,0.14739609582881844,5.3418002003239686e-08,0.0,1.1170846571524937,1152,1025
pretrain,,49,0.2772804767987235,0.13625650368934797,153542.0775162522,0.32316079833323047,0.6649039910574044,0.059526880358025974,1.0746528171889838,0.0,0.03732640859449195,0.3371728222284998,0.1493056040878097,0.17954679802060125,0.018165076319998294,0.14930563437796776,6.124554646769198e-08,0.0,1.1178112179040909,1176,1049
pretrain,,50,0.18345216195078168,0.13598399068196929,133765.43651913313,0.3295641666100848,0.6577796024403401,0.0574754724606338,1.0758230664456885,0.0,0.03791153322284422,0.3476640427751201,0.15164611053963503,0.17207411155104635,0.013214429512007936,0.15164613289137682,5.587935451393614e-08,0.0,1.1141126851240795,1200,1073
pretrain,,51,0.14422063089538426,0.13571202270060534,127253.62309536732,0.34703174666945064,0.6471325956817183,0.058289272192007545,1.0757824823127262,0.0,0.037891241156363074,0.34553161023982937,0.15156494919210672,0.17892186641693114,0.018036008703455963,0.15156496462545227,3.676506737937402e-08,0.0,1.1123671283324559,1224,1097
pretrain,,52,0.06215669303441139,0.13544059865520414,115116.868582118,0.3749655155198915,0.6504757252654857,0.057634072346351074,1.0782057450906863,0.0,0.03910287254534309,0.3560385046792882,0.15641147612283626,0.18386171162128448,0.017683038722058435,0.15641149018137232,6.48377906549887e-08,0.0,1.110137055317561,1248,1121
pretrain,,53,-0.1585119276645967,0.13516971745789375,91961.69567399006,0.3179916747890058,0.597678491606244,0.05925221799011665,1.081017292703369,0.0,0.040508646351684434,0.36571039844836506,0.16203455813229084,0.18819323256611822,0.01607896657478032,0.16203458540673765,5.7431558804961945e-08,0.0,1.1083469639221828,1272,1145
pretrain,,54,-0.2396252654541449,0.13489937802297794,85357.5325354538,0.3221034495204332,0.6252843250121388,0.05673541392259827,1.0795616049408203,0.0,0.03978080247041017,0.36470347350197174,0.15912321023643017,0.187150789052248,0.018264442957703245,0.1591232098816406,4.372781226003042e-08,0.0,1.1074521640936534,1296,1169
pretrain,,55,0.1528266640611719,0.13462957926693198,128201.05422171229,0.29212843653346815,0.513917337171733,0.055957124196725376,1.0876424239194464,0.0,0.04382121195972324,0.3695026950112411,0.17528482588628927,0.21483656466007228,0.020014366372803648,0.17528484783889278,4.590089832297769e-08,0.0,1.1030390411615372,1320,1193
pretrain,,56,0.07438364782572052,0.13436032010839813,116642.41244461342,0.3095409471452946,0.6024080675893595,0.05691271974486902,1.0872189223855024,0.0,0.04360946119275124,0.37161531139697346,0.17443783953785896,0.1962102048099041,0.016001225645866847,0.17443784477100488,5.153318248056019e-08,0.0,1.1020847658316295,1344,1217
pretrain,,57,-0.04259218227341477,0.1340915994681813,102464.2648044199,0.31191322240712394,0.5776055215724877,0.055535145679935956,1.089330782204689,0.0,0.04466539110234453,0.3797907568514347,0.17866154263416925,0.21651653200387955,0.021867940363125712,0.178661564409378,4.51026218595274e-08,0.0,1.0996262580156326,1368,1241
pretrain,,58,0.2534819818533599,0.13382341626924496,147094.06935986993,0.3273458654016611,0.6164436561720712,0.05556746317928272,1.0942413151441586,0.0,0.04712065757207928,0.3857283584241356,0.18848260740439096,0.21831958740949628,0.022738143358514807,0.18848263028831705,5.47262884083762e-08,0.0,1.09837440152963,1392,1265
pretrain,,59,0.0318810930376594,0.13355576943670647,110797.32212765556,0.28107144637033343,0.5579005808170348,0.0546416815637616,1.0937573108822107,0.0,0.04687865544110539,0.3910190431135041,0.18751458947857222,0.21951900720596312,0.024489810584086495,0.18751462176442146,6.182207945570894e-08,0.0,1.096523756782214,1416,1289
pretrain,,60,0.06919318210711752,0.13328865789783306,115821.50396232012,0.2824715995451524,0.600627130136958,0.05617440975724051,1.0995082632372422,0.0,0.049754131618621106,0.39008443297020023,0.19901650647322336,0.25921374708414074,0.028093830981205496,0.19901652647448434,4.5634806119151015e-08,0.0,1.095217262705167,1440,1313
pretrain,,61,0.06961708842051963,0.13302208058203738,115629.33272686994,0.24282273741084195,0.4685266733967829,0.05462537826453847,1.0938993828770307,0.0,0.046949691438515274,0.38929457723030025,0.18779874655107656,0.22542002424597737,0.02165238115165451,0.1877987657540611,4.7674846089436805e-08,0.0,1.0925924330949783,1464,1337
pretrain,,62,0.10901616145491419,0.13275603642087333,121257.5436397045,0.22982003147314703,0.36984550580382336,0.05524406594540889,1.0985699445896204,0.0,0.04928497229481029,0.3939338805420058,0.19713988155126572,0.24432765319943425,0.025608977103067466,0.19713988917924108,5.703242047146636e-08,0.0,1.0943842579921086,1488,1361
pretrain,,63,0.0045919506604455915,0.13249052434803157,107556.58399307492,0.2711838782498879,0.5174679584269009,0.05472072779405888,1.1048303407262123,0.0,0.0524151703631062,0.4052050459597792,0.20966066544254622,0.24351907521486282,0.021859197288473412,0.20966068145242475,5.184362330175792e-08,0.0,1.0900592505931854,1512,1385
pretrain,,64,0.10047195963655631,0.1322255432993355,119794.83297025913,0.22184467029624746,0.33017371892929076,0.053972913209380524,1.1061830917107207,0.0,0.053091545855360384,0.4044315812311002,0.21236616062621275,0.2410839654505253,0.02105859110174863,0.2123661834214415,4.798528694764196e-08,0.0,1.0891571193933487,1536,1409
pretrain,,65,0.09583696756149941,0.13196109221273683,118999.70583645103,0.3001440905389332,0.35032320778284765,0.05318735058340942,1.109911705034652,0.0,0.05495585251732598,0.41412162674324854,0.21982338838279247,0.256782828271389,0.022705630395820027,0.21982341006930384,5.157753117194611e-08,0.0,1.088863213857015,1560,1433
pretrain,,66,0.23305336545185393,0.13169717002831136,142494.24987470466,0.26941768368262614,0.3145941623885717,0.05430327534872503,1.1098442008452756,0.0,0.05492210042263782,0.41040245044444285,0.21968838820854822,0.24891486540436744,0.02092107129129421,0.21968840169055118,4.301823319785569e-08,0.0,1.0885292341311772,1584,1457
pretrain,,67,-0.17689729335518628,0.13143377568825473,89839.53317339267,0.2683481223260363,0.31300288787377734,0.05316797651686895,1.1202780580857679,0.0,0.06013902904288401,0.4106698972838266,0.24055608610312143,0.28252580910921093,0.027961900632599526,0.24055611617153602,6.013682912753282e-08,0.0,1.0879108409086864,1608,1481
pretrain,,68,0.2236198783797832,0.13117090813687823,140133.98282105674,0.29508635636773844,0.3280510222805398,0.05231444964691975,1.1210201435855456,0.0,0.060510071792772846,0.41614132534180365,0.2420402728021145,0.2869487136602401,0.02412756902619972,0.24204028717109138,5.126709033224467e-08,0.0,1.0876922806104024,1632,1505
pretrain,,69,0.15021356688960585,0.13090856632060446,126727.0382766942,0.21561276990299424,0.3435340978737388,0.05057403916047823,1.122002821881324,0.0,0.06100141094066205,0.42864908943218843,0.24400561302900314,0.290350803732872,0.023306976105026463,0.24400564376264808,5.831853263268035e-08,0.0,1.0854139029979706,1656,1529
pretrain,,70,-0.05832557967432265,0.13064674918796326,100394.25701066449,0.24143095658205097,0.3491271678358316,0.05187722247001084,1.1259631914352732,0.0,0.06298159571763662,0.4270731530019215,0.25192637120683986,0.3013584211468696,0.02357289130737941,0.2519263828705464,5.01583729735818e-08,0.0,1.0868761539459229,1680,1553
pretrain,,71,0.06402226039806445,0.13038545568958734,114728.19543275035,0.2317577380731347,0.32303959389350245,0.05362701674964789,1.131626772960382,0.0,0.06581338648019096,0.4345989049013172,0.26325354849298793,0.30104419887065886,0.02504233483048551,0.2632535459207637,5.21540641784668e-08,0.0,1.086096629500389,1704,1577
pretrain,,72,0.07646343979385609,0.13012468477820816,116101.3403405567,0.31275706210484105,0.3492247269621917,0.051850050942931186,1.1353755886666477,0.0,0.06768779433332385,0.43446530029177666,0.27075117205580074,0.3287658512592316,0.035142878448016154,0.2707511773332954,5.344017632117707e-08,0.0,1.0835310171047847,1728,1601
pretrain,,73,0.22225669616416105,0.12986443540865175,139882.9655414306,0.2360796547228737,0.3219050387718848,0.05238331281983205,1.1391804471745022,0.0,0.06959022358725114,0.4310873698975359,0.2783608864992857,0.3168517529964447,0.029163072139681175,0.2783608943490046,4.8650517373941916e-08,0.0,1.0870248178641002,1752,1625
pretrain,,74,0.10392836101663455,0.12960470653783443,120148.77711457934,0.24815690375509716,0.3466638294181653,0.05314183391980092,1.1421394551039807,0.0,0.07106972755199033,0.43490111029573847,0.28427889570593834,0.3151236891746521,0.02112260319391462,0.2842789102079613,6.30194942341511e-08,0.0,1.0846514999866486,1776,1649
pretrain,,75,0.06389255966174567,0.12934549712475876,114464.10262069678,0.1780575899008129,0.29281828637634005,0.05205924791527011,1.140128044788504,0.0,0.07006402239425198,0.4290577135980129,0.2802560552954674,0.31620973795652385,0.02564712934606607,0.28025608957700787,5.964899346677655e-08,0.0,1.0847186992565792,1800,1673
pretrain,,76,0.014427244993284755,0.12908680613050924,108154.15590086723,0.24177601605298973,0.32885857942913255,0.050805486404419,1.1565368723212963,0.0,0.07826843616064817,0.4336934345109122,0.3130737493435542,0.3538560017943382,0.026851417990607765,0.3130737446425926,4.692091829886872e-08,0.0,1.0866133670012157,1824,1697
pretrain,,77,0.004747601955078545,0.12882863251824822,107273.02032455859,0.2489085009410268,0.3328725218772888,0.052542962364275504,1.1595524081162045,0.0,0.07977620405810222,0.43282282831413404,0.31910479192932445,0.3686085045337677,0.030419862415423903,0.3191048162324088,5.8895065620697316e-08,0.0,1.0865071366230648,1848,1721
pretrain,,78,0.08912593389194232,0.12857097525321173,117932.49991789438,0.23886361580696844,0.3063205114432744,0.0524428220356818,1.156841164144377,0.0,0.07842058207218848,0.4302728399634361,0.31368230779965717,0.3530375942587852,0.026085168155681022,0.3136823282887538,5.348452497555556e-08,0.0,1.0867702414592106,1872,1745
pretrain,,79,0.13684967088174302,0.12831383330270532,125040.47056968961,0.21443628949955817,0.3209816680422851,0.05284104744385102,1.1704063073598914,0.0,0.08520315367994565,0.44031200078981264,0.3408125986655553,0.3741902202367782,0.026308532178108916,0.3408126147197825,4.7453102595499765e-08,0.0,1.0840950806935628,1896,1769
pretrain,,80,-0.08221818514415152,0.1280572056360999,98078.5592123117,0.21443202009513262,0.3181264720324959,0.05218945915763851,1.1733772699233322,0.0,0.08668863496166611,0.44301928845899446,0.3467545099556446,0.39608508646488183,0.0257691641645991,0.34675453984666443,6.288644814148962e-08,0.0,1.0850314150253932,1920,1793
pretrain,,81,0.12000223497947778,0.12780109122482772,122219.97014801437,0.268686220936832,0.3568911241101366,0.05150072557687163,1.1769907595589757,0.0,0.08849537977948785,0.439273364841938,0.35398149117827415,0.39707440137863154,0.028002848111675596,0.3539815191179514,6.128989517758161e-08,0.0,1.0832372506459553,1944,1817
pretrain,,82,0.11878345461561603,0.12754548904237806,121965.35826161702,0.21590883431157895,0.3067380923777819,0.051093002762245515,1.1810590147173832,0.0,0.09052950735869154,0.4419876129499503,0.36211799333492917,0.39857499301433563,0.03558749476218088,0.3621180294347661,6.075771084394314e-08,0.0,1.082290733853976,1968,1841
pretrain,,83,0.10452335599993604,0.1272903980642933,120032.91462294961,0.23857808765023947,0.32467548134071483,0.05197651813270298,1.1913254618910807,0.0,0.09566273094554034,0.43942614485110554,0.3826509031156699,0.42010278105735777,0.030172888730598087,0.3826509237821613,5.277494591338083e-08,0.0,1.0825861692428589,1992,1865
pretrain,,84,0.2011294966886195,0.1270358172681647,136100.87227271372,0.2225700526808699,0.3267412309667893,0.05343446241925346,1.1824320398625874,0.0,0.09121601993129369,0.4372141111109938,0.3648640513420105,0.4111276507377624,0.025726247816599254,0.3648640797251747,5.2863643296152674e-08,0.0,1.085240031282107,2016,1889
pretrain,,85,0.14887908144597659,0.12678174563362837,126956.40460396202,0.20338415434317927,0.3193963358444827,0.05287413244969538,1.1944712729060225,0.0,0.09723563645301121,0.44119846607957564,0.38894255459308624,0.4282983258366585,0.030497035188457745,0.38894254581204474,4.248604888272093e-08,0.0,1.084111620982488,2040,1913
pretrain,,86,0.06630004373954412,0.1265281821423611,114753.93008610191,0.24196092890841622,0.3433884388101952,0.051891755811378226,1.1992931309643955,0.0,0.09964656548219779,0.45929261509861263,0.3985862421492736,0.44276982843875884,0.03669222282107613,0.39858626192879104,4.816268169468193e-08,0.0,1.0836167484521866,2064,1937
pretrain,,87,0.20228232844477295,0.1262751257780764,136035.25331104812,0.17985769773700408,0.3293903925056968,0.05217842013618087,1.2145862071996645,0.0,0.1072931035998322,0.45220395071165903,0.4291724003851414,0.48763554990291597,0.0314979282088843,0.4291724143993287,5.5347170124786516e-08,0.0,1.0808335840702057,2088,1961
pretrain,,88,0.06348001288391315,0.12602257552652024,114493.18236049905,0.25181999811459155,0.3467154663056135,0.052587946869948964,1.2240904953685545,0.0,0.11204524768427726,0.4567103407212666,0.4481809698045254,0.4929670661687851,0.03560134472436242,0.448180990737109,4.2219956697397976e-08,0.0,1.0815169364213943,2112,1985
pretrain,,89,0.13034574214727754,0.1257705303754672,123876.86919271441,0.2786958340910219,0.3711413996560233,0.05200087523256156,1.2354340932908512,0.0,0.11771704664542564,0.4592209453029292,0.47086818267901737,0.5276144355535507,0.0322736733062738,0.47086818658170243,3.938164033767677e-08,0.0,1.0791931400696437,2136,2009
pretrain,,90,0.03568347167476474,0.12551898931471625,111094.5793711974,0.23891711110870043,0.3621048404702118,0.0534855010879286,1.217762565949843,0.0,0.10888128297492154,0.46283644650663647,0.4355251081287861,0.4885151699185371,0.036907370781609966,0.43552513189968606,6.40395141730347e-08,0.0,1.0887866914272308,2160,2033
pretrain,,91,0.0428286401984527,0.12526795133608684,111968.26319043817,0.2885575541516855,0.36795479538185255,0.05338428444086243,1.241793271065468,0.0,0.12089663553273396,0.4650260055703776,0.48358651002248126,0.5217291563749313,0.03216110854520856,0.48358654213093577,6.13785925048423e-08,0.0,1.0805338621139526,2184,2057
pretrain,,92,0.10203653023327393,0.12501741543341466,119784.13138703721,0.27664156741506996,0.4142929251704897,0.05260695605597585,1.2526618772230687,0.0,0.1263309386115344,0.4699015085186277,0.5053237415850163,0.5423363268375396,0.034557000286344314,0.5053237544461374,4.3373022728943056e-08,0.0,1.0808280458052952,2208,2081
pretrain,,93,0.13258368849821567,0.12476738060254783,124223.24451307568,0.24356793434846966,0.38281631448439185,0.05201165979246519,1.2649544914297406,0.0,0.13247724571487027,0.4764110573700496,0.5299089687565962,0.5828683316707611,0.0347121385746875,0.529908982859481,4.159907496248394e-08,0.0,1.0755827029546101,2232,2105
pretrain,,94,0.034589524041808976,0.12451784584134273,110840.40745577222,0.24050992776063226,0.3713709631668669,0.052677017630601154,1.264985207335225,0.0,0.1324926036676126,0.476365827023983,0.5299703975518545,0.5870743185281754,0.03689208532757462,0.5299704146704504,5.472628842687991e-08,0.0,1.077864944934845,2256,2129
pretrain,,95,0.27065790505965903,0.12426881014966004,150269.39738313598,0.1895309707504653,0.37156613623457285,0.05322550288559346,1.2638972167901341,0.0,0.13194860839506703,0.4475108055131776,0.5277943996091684,0.5795714408159256,0.0353227400906677,0.527794433580268,5.259755112933343e-08,0.0,1.0834394196669261,2280,2153
pretrain,,96,0.14053771972612458,0.12402027252936072,126029.93336079313,0.25574185699224466,0.35722922597612655,0.05499998880702076,1.2822521667750109,0.0,0.14112608338750546,0.46125603254352293,0.5645043303569158,0.62811558842659,0.04389134848905311,0.5645043335500217,4.3106930617634966e-08,0.0,1.0809079209963481,2304,2177
pretrain,,97,0.0933885576818721,0.123772231984302,118659.99379922521,0.24697427469350042,0.3890884319586413,0.05322285324880046,1.2964643134425085,0.0,0.1482321567212542,0.47549194736140116,0.5929286405444145,0.6244385838508606,0.022511802299401307,0.5929286268850167,5.8362881342569985e-08,0.0,1.0802698582410812,2328,2201
pretrain,,98,0.1428287741614795,0.12352468752033341,126789.84881671147,0.22762202994809264,0.41020753197371956,0.05705379291740479,1.2588096692093782,0.0,0.12940483460468907,0.44605052045413424,0.5176193167765936,0.6153931885957717,0.06403299899738789,0.5176193384187562,4.523566787817401e-08,0.0,1.0876004099845886,2352,2225
pretrain,,99,0.18991117008515002,0.12327763814529273,134458.9852805139,0.21869469850900627,0.4245164096355438,0.055306345145649784,1.3200771283979218,0.0,0.16003856419896087,0.4741502138120787,0.6401542251308759,0.6902059763669968,0.039021234781447305,0.6401542567958435,4.90496555964152e-08,0.0,1.077992354830106,2376,2249
pretrain,,100,0.2827795866967893,0.12303108286900215,153547.85252102427,0.28323221100228174,0.48572042046913055,0.054964701452286956,1.290797432308041,0.0,0.14539871615402047,0.47439699300697874,0.581594834725062,0.6519266635179519,0.0513616816823549,0.5815948646160818,5.774199964466339e-08,0.0,1.075816164414088,2400,2273
pretrain,,101,-0.00800227248831167,0.12278502070326415,106037.84145780219,0.29088071919977665,0.474918408691883,0.05411892792662735,1.3299105845923933,0.0,0.16495529229619676,0.48413822054862976,0.6598211526870728,0.7147920042276382,0.042515431125018203,0.659821169184787,4.488087834708665e-08,0.0,1.070700854063034,2424,2297
pretrain,,102,0.06302132422922574,0.12253945066185762,114640.85214697634,0.19245581621570249,0.4525288265730653,0.05390773078866645,1.3530999120502243,0.0,0.17654995602511225,0.4902685305901936,0.7061997974912325,0.7451308250427245,0.0281496154647882,0.706199824100449,5.1799274573364564e-08,0.0,1.0763786435127258,2448,2321
pretrain,,103,0.09037899079431977,0.1222943717605339,118708.61979948911,0.17588129834759803,0.4925497623426571,0.056018499730007366,1.348253599501082,0.0,0.17412679975054093,0.4884587228298187,0.6965071856975555,0.7426334500312806,0.03962678484698712,0.696507199002164,6.013682910902911e-08,0.0,1.0745706011851628,2472,2345
pretrain,,104,0.10463749114921568,0.12204978301701283,121319.14372227795,0.23949523256825547,0.4137817830911704,0.059241906856781795,1.326539286634042,0.0,0.1632696433170211,0.4501708745956421,0.653078556060791,0.7296759992837906,0.058580165968507576,0.6530785732680843,5.765330224338783e-08,0.0,1.080225020647049,2496,2369
pretrain,,105,0.2552188057142033,0.12180568345097881,147927.2042053861,0.25740106749747477,0.43962882235646245,0.05731084573036207,1.355127106110255,0.0,0.1775635530551275,0.4844750836491585,0.7102541749676069,0.7627830594778061,0.03557007846461248,0.7102542122205099,6.634564627313229e-08,0.0,1.0725994557142258,2520,2393
pretrain,,106,0.17191167714675665,0.12156207208407685,131080.15743829616,0.2946405871549533,0.41128157419817785,0.05433029109459616,1.3806070565645185,0.0,0.1903035282822592,0.49613435779299053,0.7612140824397405,0.8004804730415345,0.02706697233557763,0.7612141131290368,7.8585885835795e-08,0.0,1.0674636910359065,2544,2417
pretrain,,107,0.18833435484579777,0.12131894793990869,135020.6474709955,0.26021911421169835,0.4264541203422206,0.05919848259222774,1.3701653761700505,0.0,0.1850826880850253,0.4695968995136874,0.74033073335886,0.7867961883544922,0.03394376753794013,0.7403307523401012,5.6234143989512354e-08,0.0,1.0740049729744594,2568,2441
pretrain,,108,-0.07026119335831361,0.12107631004402887,99347.42724211859,0.21592062197270848,0.39799038810389387,0.053077167445639395,1.3909055286397536,0.0,0.19545276431987682,0.4980985554201262,0.7818110485871633,0.8185858368873596,0.028189610352832992,0.7818110572795073,5.268624851210527e-08,0.0,1.0618095844984055,2592,2465
pretrain,,109,0.048407164989956286,0.12083415742394082,112978.57200359357,0.33233158246037503,0.501891537542854,0.05539103193868694,1.3421705155411647,0.0,0.17108525777058234,0.48473843399967464,0.6843409786621729,0.7594949483871459,0.060355893720028635,0.6843410310823294,6.483779074750728e-08,0.0,1.0762733966112137,2616,2489
pretrain,,110,0.0277301149520323,0.12059248910909294,110550.39424757875,0.2922525212523483,0.49236023165285586,0.05642086849503956,1.396390646075209,0.0,0.19819532303760448,0.48993901163339615,0.7927812958757082,0.8291706532239914,0.028659780678440158,0.7927812921504179,5.339582761128744e-08,0.0,1.0623317708571751,2640,2513
pretrain,,111,0.16914162832245486,0.12035130413087475,130524.19446748996,0.28979979286946,0.5060828837965216,0.05393074003281121,1.3864863041256157,0.0,0.19324315206280776,0.5032747324023927,0.7729726036389669,0.8120787590742111,0.0375041376025544,0.772972608251231,6.031422391158021e-08,0.0,1.0621354132890701,2664,2537
pretrain,,112,0.16670788804279224,0.120110601522613,131804.67308091876,0.3347365165661489,0.5302006787487438,0.06216139235690641,1.3814774660304898,0.0,0.19073873301524494,0.4825780689716339,0.7629549081126848,0.8237716615200043,0.04804961774166075,0.7629549320609796,6.191077687548822e-08,0.0,1.0749030361572902,2688,2561
pretrain,,113,-0.12922516569111528,0.11987038031956777,95284.07837428014,0.34561654104895534,0.5453031899141414,0.06644323759316549,1.3237186607328197,0.0,0.16185933036640998,0.42030767138515196,0.6474373241265615,0.7369363725185394,0.07944730133069935,0.6474373214656398,4.842877384299745e-08,0.0,1.0877387473980586,2712,2585
pretrain,,114,0.1551906937378566,0.11963063955892864,129670.22917945613,0.37988504004620366,0.51626980033304,0.06135188994651916,1.3669845008601744,0.0,0.18349225043008724,0.48201832813876017,0.7339689532915751,0.813282099366188,0.04713236581904942,0.733969001720349,6.510388280330422e-08,0.0,1.0705446501572926,2736,2609
pretrain,,115,0.227448842831663,0.11939137827981078,142317.2533792797,0.31645477066437405,0.5806599374860523,0.058246385844448155,1.4109279770581498,0.0,0.20546398852907477,0.4939689114689827,0.8218559374411901,0.8564019173383712,0.026245868761942487,0.8218559541162991,5.783069700893151e-08,0.0,1.058377707997958,2760,2633
pretrain,,116,0.20606036952247114,0.11915259552325115,140347.72912487556,0.31064099978123394,0.628917796164751,0.06785304062880006,1.3489687405526638,0.0,0.1744843702763319,0.4311676738517625,0.6979374513030052,0.7725285887718201,0.05378976638066569,0.6979374811053276,6.315254030830886e-08,0.0,1.0806848506132762,2784,2657
pretrain,,117,0.12051417103855956,0.11891429033220466,124991.99678520267,0.17313032100598016,0.33826687559485424,0.0661955042559113,1.3599848097101563,0.0,0.1799924048550782,0.41807799892766134,0.7199695954720179,0.8321806490421295,0.09807972076095338,0.7199696194203126,6.90065679598284e-08,0.0,1.0898022204637527,2808,2681
pretrain,,118,0.19629701977587452,0.11867646175154024,136932.4896174251,0.27449060018573485,0.4270217994494097,0.06118008725273325,1.4080330669170333,0.0,0.20401653345851675,0.463325882596629,0.8160661061604818,0.857397946715355,0.03503232307708072,0.8160661338340668,5.67663283971657e-08,0.0,1.0636489540338516,2832,2705
pretrain,,119,0.08318034072426915,0.11843910882803717,119365.98913230184,0.3211546855136042,0.46422147447509426,0.06588340583156511,1.3800607933884574,0.0,0.1900303966942288,0.4744396081992558,0.7601215491692225,0.8449369996786117,0.07937776622153213,0.7601215867769152,5.286364325914524e-08,0.0,1.075689862171809,2856,2729
pretrain,,120,0.1867411880031828,0.11820223061038108,135937.12583121972,0.375392858648584,0.5858444386827093,0.06468716937601661,1.364132314565636,0.0,0.18206615728281794,0.4665959839309965,0.7282645925879478,0.8343515783548355,0.08630716782285061,0.7282646291312718,5.4992380630706585e-08,0.0,1.0665858536958694,2880,2753
pretrain,,121,0.17634019833070158,0.11796582614916032,131081.50768668446,0.19877401987711588,0.4051942945591041,0.05064640545871336,1.3506277977888075,0.0,0.17531389889440366,0.5010384204132217,0.701255589723587,0.7797779560089111,0.04978303673073666,0.7012555955776146,5.481498580965175e-08,0.0,1.0384749223788579,2904,2777
pretrain,,122,0.15985934089476933,0.11772989449686201,130317.51143984582,0.28413326284360324,0.6738475656935144,0.06065339856751695,1.3859917573808207,0.0,0.19299587869041024,0.4990945128457887,0.7719835092624029,0.8422740966081619,0.054842767248569756,0.771983514761641,5.4105406710469595e-08,0.0,1.0542256285746892,2928,2801
pretrain,,123,0.13085193177572638,0.11749443470786829,125094.11194485566,0.2000377763151413,0.39668298310467165,0.05812494294261583,1.4089726932524218,0.0,0.2044863466262108,0.49251922219991684,0.8179453387856483,0.8710648208856583,0.03511197133687093,0.8179453865048432,5.126709031374096e-08,0.0,1.060821404059728,2952,2825
pretrain,,124,0.25400462172530913,0.11725944583845255,148856.95551213637,0.35407983622558054,0.6026221184858251,0.06184125333663237,1.3816912064240092,0.0,0.19084560321200464,0.48907838123185293,0.763382392625014,0.8770999521017074,0.07269069732839607,0.7633824128480184,6.492648803776054e-08,0.0,1.0708482166131337,2976,2849
pretrain,,125,0.04774177367303351,0.11702492694677565,113658.86414185644,0.27059864496723524,0.6546904120062077,0.06036036312271883,1.4049697980462088,0.0,0.2024848990231043,0.4930519163608551,0.8099395856261253,0.8534235268831253,0.04127476498029371,0.8099395960924172,6.545867238990273e-08,0.0,1.047064483165741,3000,2873
pretrain,,126,0.14509374350033943,0.11679087709288209,128553.12026994718,0.37166893309248344,0.81592842521412,0.06418142418830745,1.3793738345127728,0.0,0.1896869172563865,0.4915745694722448,0.7587476621071497,0.8457989573478699,0.07934359873920321,0.758747669025546,4.700961562612941e-08,0.0,1.050289789835612,3024,2897
pretrain,,127,0.12331736966644807,0.11655729533869633,124789.48364977851,0.3468335909059361,0.5279130634452616,0.06277754402257202,1.3720916098072415,0.0,0.1860458049036208,0.4847902368221964,0.7441831976175308,0.8099503606557846,0.06921481859251713,0.7441832196144831,5.357322237683112e-08,0.0,1.0716957499583561,3048,2921
pretrain,,128,0.11140157575172267,0.11632418074801894,122086.11285494514,0.3082167704013132,0.6458712937576426,0.05792037076037437,1.374278649687767,0.0,0.18713932484388351,0.5041087376219886,0.7485572894414266,0.8651592284440994,0.09180353758726227,0.7485572993755341,5.1799274573364564e-08,0.0,1.0588819334904354,3072,2945
pretrain,,129,0.1874826977646415,0.1160915323865229,136702.41927025735,0.3836884693730445,0.8434740786041528,0.06750112747105806,1.353589588199698,0.0,0.17679479409984888,0.4626325901065554,0.7071791427830855,0.7961581707000732,0.08957118207556897,0.7071791763993955,4.780789212658713e-08,0.0,1.0700160662333171,3096,2969
pretrain,,130,0.24257421114835745,0.11585934932174985,144172.0110678538,0.27993917074941455,0.5412350689726216,0.05317490281953983,1.3907810903730848,0.0,0.1953905451865423,0.49770426963056835,0.7815621520082155,0.8270613193511963,0.036819214364404204,0.7815621807461692,5.889506565770475e-08,0.0,1.0444053957859676,3120,2993
pretrain,,131,0.10555186360078334,0.11562763062310635,121825.575595993,0.2132363911895525,0.4595716934118949,0.06133536283145857,1.406380574440672,0.0,0.20319028722033616,0.488605481173311,0.8127611378828684,0.8506152242422104,0.029726723263724757,0.8127611488813445,5.0734906017109914e-08,0.0,1.0525583277146022,3144,3017
pretrain,,132,0.08951393860247596,0.11539637536186015,122885.76192810391,0.32237746641926823,0.7779346013707774,0.08060178001410148,1.2803457697764749,0.0,0.14017288488823745,0.48410776630043983,0.5606915156046549,0.7715407162904739,0.10252909166179001,0.5606915395529497,5.144448511629207e-08,0.0,1.0691971232493718,3168,3041
pretrain,,133,0.11549775015480478,0.11516558261113642,126335.7068357502,0.2523578815162182,0.5628303884927714,0.07746699399925516,1.353556362557269,0.0,0.17677818127863465,0.4638307828988348,0.7071126947800318,0.783753776550293,0.059883253105031405,0.7071127251145386,5.020272162796028e-08,0.0,1.0776364455620449,3192,3065
pretrain,,134,-0.3964129295547385,0.11493525144591415,75614.0333414289,0.29692746246499674,0.5639593361743857,0.061589248789754025,1.3720642524283557,0.0,0.18603212621417783,0.4892116348658289,0.7441284904877344,0.8200401216745377,0.07431935540852287,0.7441285048567113,5.694372310719823e-08,0.0,1.0710052301486332,3216,3089
pretrain,,135,0.1998571395034833,0.11470538094302231,136323.55593442806,0.2887169283238195,0.49351008300270344,0.055494933458142603,1.3920034064600866,0.0,0.19600170323004326,0.5096181588513511,0.7840067694584528,0.8599681615829468,0.06796134188889004,0.784006812920173,5.0912300690135005e-08,0.0,1.0354663630326588,3240,3113
pretrain,,136,0.1047506499971081,0.11447597018113627,121641.21284180442,0.20878220500335806,0.4308632952826363,0.06096629397693224,1.4134958290628024,0.0,0.20674791453140126,0.501898352588926,0.8269916325807571,0.8738900423049927,0.03600605526597143,0.8269916581256048,6.563606711843899e-08,0.0,1.0421581516663234,3264,3137
pretrain,,137,0.058795853350549404,0.114247018240774,116600.75124638657,0.31585219223052263,0.7006934420338695,0.06964728265306479,1.3663782021030784,0.0,0.18318910105153918,0.48128577321767807,0.732756375024716,0.8429320454597473,0.10785824040832943,0.7327564042061567,6.324123765407326e-08,0.0,1.0732725312312443,3288,3161
pretrain,,138,0.10759343873434851,0.11401852420429245,123569.48901705422,0.31005953731281416,0.6370538002678325,0.06928775361398119,1.3626344044293675,0.0,0.18131720221468384,0.4817882627248764,0.7252687960863113,0.8520987182855606,0.1135769591440516,0.7252688088587352,5.357322243234227e-08,0.0,1.082744191090266,3312,3185
pretrain,,139,0.16095504039350403,0.11379048715588387,132101.47847926675,0.42811957888659974,0.7450788298355682,0.06837596747195594,1.3931315295575628,0.0,0.19656576477878152,0.4738328233361244,0.7862630188465118,0.8578061640262604,0.06819700394778637,0.7862630591151261,7.149009476995853e-08,0.0,1.0607176621754963,3336,3209
pretrain,,140,0.2606920690253304,0.11356290618157211,148048.19246839464,0.3143642750080852,0.5069750237677778,0.053210167022508435,1.351495696187374,0.0,0.17574784809368707,0.5178893080779484,0.7029913688699404,0.8065394908189774,0.08149643280449446,0.7029913923747483,5.472628842687991e-08,0.0,1.0522526899973552,3360,3233
pretrain,,141,0.11442273055588065,0.11333578036920895,127836.9889504249,0.24143716134130955,0.5068856421858072,0.08610921688321616,1.2856508316028685,0.0,0.14282541580143432,0.484216961477484,0.5713016378382841,0.7288660973310469,0.09300401103613586,0.5713016632057372,5.7298512693796745e-08,0.0,1.0689311027526855,3384,3257
pretrain,,142,0.004175618323713501,0.11310910880847054,110145.91382537197,0.2146163232447136,0.46290337805237053,0.07328147872918364,1.318427552602121,0.0,0.1592137763010604,0.45586326186146053,0.6368551080425581,0.7446468144655227,0.08053018892209288,0.6368551052042416,6.031422391158021e-08,0.0,1.101802130540212,3408,3281
pretrain,,143,0.06082572917478703,0.1128828905908536,114449.70131518572,0.35502116359947694,0.687784876993724,0.05452333130335133,1.3492231797870424,0.0,0.1746115898935213,0.5267607112015997,0.6984463247160116,0.8167447179555893,0.09773617057380934,0.6984463595740852,6.927266010814392e-08,0.0,1.0534988592068355,3432,3305
pretrain,,144,0.17477699099304966,0.11265712480967188,133497.60337003812,0.42680307690586355,0.9047793295766622,0.06345490912461293,1.319082852807783,0.0,0.1595414264038915,0.465281782405717,0.6381656751036644,0.7295837163925171,0.06309509956877914,0.638165705615566,4.6477431348002085e-08,0.0,1.0588797628879547,3456,3329
pretrain,,145,0.18582150365539063,0.11243181056005254,134433.09250336277,0.3202984027032341,0.8163332293076171,0.05859502880653703,1.347805676094833,0.0,0.17390283804741646,0.4886242949536868,0.6956113229195277,0.7979874044656753,0.08061081495713729,0.6956113521896659,6.4749093327728e-08,0.0,1.0855046610037486,3480,3353
pretrain,,146,0.19007926540343967,0.11220694693893243,136474.49486986097,0.3193162730229752,0.497807768093688,0.06431924116869374,1.3785650803751885,0.0,0.18928254018759447,0.517502062022686,0.7571301435430845,0.850399273633957,0.08206442177307349,0.7571301607503776,5.7298512767811616e-08,0.0,1.0553082426389058,3504,3377
pretrain,,147,0.02654894436262504,0.11198253304505458,109840.19553213548,0.26028982447903776,0.5351115403962986,0.05253127250478492,1.408888565908585,0.0,0.20444428295429265,0.5238192645566804,0.8177770773569742,0.8884956151247024,0.047911195804684746,0.8177771318171705,6.900656788581354e-08,0.0,1.0249353398879368,3528,3401
pretrain,,148,0.059854350461857386,0.11175856797896445,117537.11204001671,0.47400125674903393,0.8992597980158666,0.07445878413366894,1.3568932366601765,0.0,0.17844661833008843,0.49550494285566465,0.7137864554921786,0.8201964020729064,0.0872781707925709,0.7137864733203535,5.650023621184275e-08,0.0,1.0563931812842686,3552,3425
pretrain,,149,0.09817152601751024,0.11153505084300654,119219.80229695431,0.2709449315887122,0.5069853545299597,0.05253470361154108,1.3368127877336171,0.0,0.16840639386680864,0.502207565520491,0.673625564823548,0.7640882045030594,0.08303959638519044,0.6736255754672346,4.594524703286732e-08,0.0,1.0719829499721527,3576,3449
pretrain,,150,0.06898538217910008,0.11131198074132052,117658.91796312785,0.3167201868214068,0.7534827370728759,0.06758357622363739,1.3680804755893492,0.0,0.1840402377946746,0.5281606933900288,0.73616095383962,0.8445615917444229,0.10982760497048745,0.7361609511786983,5.339582761128744e-08,0.0,1.0529047523935635,3600,3473
pretrain,,151,0.13961557071167682,0.11108935677983789,131060.92215500119,0.33131239824883996,0.5296220922044346,0.08115040764043781,1.304703399095507,0.0,0.1523516995477535,0.5076814336436135,0.6094067792097727,0.7368790179491043,0.061836752527816945,0.6094067981910137,6.013682910902911e-08,0.0,1.055704469482104,3624,3497
pretrain,,152,-0.005365493569951033,0.11086717806627822,107098.4094091255,0.34986050324958,0.9516290533755496,0.059704008665917886,1.3872864333291848,0.0,0.19364321666459242,0.5353603905865124,0.7745728443066279,0.8502632319927216,0.07195133988924146,0.7745728666583697,5.321843286424747e-08,0.0,1.0537436952193577,3648,3521
pretrain,,153,0.04295326019015054,0.11064544371014565,111611.36345495314,0.2534379135994684,0.5098913747285092,0.0509005184692102,1.3770682622811623,0.0,0.18853413114058118,0.5248963236808777,0.7541365151604017,0.8288165420293808,0.05319279550222541,0.7541365245623247,5.907246046025586e-08,0.0,1.0446119010448456,3672,3545
pretrain,,154,0.19852158456061508,0.11042415282272536,139990.9049499132,0.4272038212400817,0.7316657947110279,0.07262191235177545,1.308786428755238,0.0,0.154393214377619,0.495688296854496,0.6175728191932043,0.7845059335231781,0.1540619180954822,0.6175728575104759,6.208817162252818e-08,0.0,1.0688642015059788,3696,3569
pretrain,,155,0.13438438345720335,0.11020330451707991,124736.35639859796,0.3255350215892707,0.6864024847745894,0.05327060930411579,1.3741902246893873,0.0,0.18709511234469356,0.543502688407898,0.7483804499109586,0.8645893633365631,0.07747887110119796,0.7483804493787742,5.7653302206380395e-08,0.0,1.045861542224884,3720,3593
pretrain,,156,-0.025382099236064513,0.10998289790804576,103927.09965658844,0.29649619030810537,0.6700053548174241,0.052640966881924545,1.3949344613190207,0.0,0.1974672306595104,0.5389968795435769,0.7898689011732737,0.8605835646390915,0.08094876565752583,0.7898689226380414,5.4105406747477027e-08,0.0,1.0195173621177673,3744,3617
pretrain,,157,-0.18857368886124432,0.10976293211222965,89693.6480105881,0.36838184048732114,0.8304917418531006,0.06138961370102369,1.4015526629629589,0.0,0.20077633148147947,0.5406938844493456,0.8031052947044373,0.8704972207546234,0.06887065375306373,0.8031053259259178,6.492648801925682e-08,0.0,1.0775919953982036,3768,3641
pretrain,,158,0.05317932598041882,0.1095434062480052,115195.46628067095,0.3475743752150309,0.7008068207119192,0.06560912884776866,1.3823766101683888,0.0,0.19118830508419446,0.5419447336878096,0.7647531926631927,0.8451898843050003,0.06388117686584856,0.7647532203367778,5.144448507928464e-08,0.0,1.0435648361841838,3792,3665
pretrain,,159,-0.08466789881672884,0.10932431943550919,100797.74455671523,0.40329217888592256,0.8748488779578889,0.07715184034158344,1.3787027651532775,0.0,0.18935138257663872,0.5102222072226661,0.7574055244525274,0.8739954620599747,0.08302890350317657,0.7574055303065549,4.4526088723480704e-08,0.0,1.066497301061948,3816,3689
pretrain,,160,0.19381474860101178,0.10910567079663817,136254.4840830465,0.3646866326619472,0.9235239103436468,0.06022037593229455,1.3453087490051985,0.0,0.17265437450259924,0.541676870414189,0.690617469449838,0.799768590927124,0.1054424474235673,0.690617498010397,5.304103802468892e-08,0.0,1.0515151793758075,3840,3713
pretrain,,161,0.29471582812639635,0.10888745945504488,157780.7811283216,0.4679758771367016,0.9266745771680558,0.059577849485168734,1.3074107269002568,0.0,0.15370536345012842,0.535370406295572,0.6148214402298132,0.8022296845912932,0.13625634081797952,0.6148214538005136,5.5435867507558356e-08,0.0,1.065953254699707,3864,3737
pretrain,,162,0.07510888737316918,0.1086696845361348,117151.39012841019,0.47206313721835613,1.2375255379293646,0.05941229515423191,1.3885085717109698,0.0,0.19425428585548485,0.5413786800844329,0.7770171289642652,0.8777530670166015,0.10068012352558507,0.7770171434219394,5.153318248056019e-08,0.0,1.0384243056178093,3888,3761
pretrain,,163,0.08748327978410614,0.10845234516706252,117398.46498157847,0.24395974237649218,0.5182019177292074,0.05059735537207229,1.3867362844979478,0.0,0.193368142248974,0.5429028975112098,0.7734725500146548,0.8218348860740662,0.0358548020671163,0.7734725689958958,4.275214103103645e-08,0.0,1.0169868568579357,3912,3785
pretrain,,164,0.185377870394077,0.10823544047672841,135879.33386336156,0.4774634629665386,0.8549331878444976,0.06556253513844279,1.309840804143321,0.0,0.1549204020716605,0.5186076174889291,0.6196815942724546,0.7208814352750778,0.08811331422673438,0.6196816082866418,4.275214103103645e-08,0.0,1.0502748464544613,3936,3809
pretrain,,165,0.1624976377061857,0.10801896959577495,128991.862475982,0.2647632131175626,1.1388108671775876,0.051883050257072794,1.3908788483323793,0.0,0.19543942416618978,0.5443151593208313,0.7817576800783476,0.8524480313062668,0.08693679027440843,0.781757696664759,4.9936629424133607e-08,0.0,1.0260930210351944,3960,3833
pretrain,,166,0.07831729957244052,0.10780293165658339,118749.03685094818,0.4662593553020131,1.038284566945263,0.06630883927234031,1.295825234569964,0.0,0.14791261728498198,0.4918351838631289,0.5916504599153996,0.7373408615589142,0.10192735441580487,0.5916504691399279,5.357322241383855e-08,0.0,1.071006139119466,3984,3857
pretrain,,167,0.12082705595759403,0.10758732579327022,123152.64984004352,0.3660964847852786,0.7513338553053989,0.05597712633629413,1.3500325327650422,0.0,0.17501626638252113,0.5432054443018777,0.700065034131209,0.794489586353302,0.07913140629136436,0.7000650655300843,6.297514554276518e-08,0.0,1.0394108941157658,4008,3881
pretrain,,168,0.028914531103625088,0.10737215114168369,112196.79189485314,0.49897864727037294,1.2179132451968533,0.06649532274708136,1.3538284763871207,0.0,0.17691423819356022,0.5354335329362324,0.7076569572091103,0.8016041308641433,0.05887344318051836,0.7076569527742409,6.829698880513509e-08,0.0,1.0277336562673252,4032,3905
pretrain,,169,0.09433723778757278,0.10715740683940032,120704.3961080699,0.30671220694092055,0.671211497432419,0.06432710193142248,1.3698028492785637,0.0,0.1849014246392818,0.5324544406362942,0.7396056912839413,0.8424507439136505,0.09380653955810557,0.739605698557127,4.3461720130218616e-08,0.0,1.0230762958526611,4056,3929
pretrain,,170,-0.07645586048414844,0.10694309202572153,101666.2898319908,0.46626441358100806,0.8833384902349537,0.07737138107204632,1.368408031406857,0.0,0.18420401570342837,0.532460096691336,0.7368160411715508,0.8398110717535019,0.06762999197278106,0.7368160628137135,5.1799274647379434e-08,0.0,1.0311211595932643,4080,3953
pretrain,,171,0.05523710372792112,0.10672920584167009,116853.97786529441,0.35209530476658113,0.8350471244858843,0.07416166426184857,1.2945762688648843,0.0,0.14728813443244215,0.5071209647825785,0.5891525174180666,0.717515754699707,0.07421199902422879,0.5891525377297685,3.947033770194489e-08,0.0,1.0857091049353282,4104,3977
pretrain,,172,0.10144094505338896,0.10651574742998675,119333.20071754295,0.26976092057746076,0.6051333468939571,0.05047441405694696,1.3822814823083933,0.0,0.19114074115419674,0.5517658484833581,0.7645629545052847,0.8190088808536529,0.0371509088213536,0.764562964616787,5.69437231812131e-08,0.0,1.0107364306847255,4128,4001
pretrain,,173,0.2215577132135292,0.10630271593512676,144304.73807694262,0.38035945115344866,0.9690460290227616,0.07122028970941843,1.317392458074859,0.0,0.15869622903742964,0.5308346673846245,0.6347848946849505,0.7271787852048873,0.07343086447752548,0.6347849161497184,5.1621879863332033e-08,0.0,1.0609514464934666,4152,4025
pretrain,,174,0.24551396521016772,0.10609011050325652,144339.88186522113,0.3036902721616484,0.8718723268381179,0.051397351258031805,1.3326664283605558,0.0,0.16633321418027794,0.5527885002749306,0.665332842618227,0.7925755470991134,0.09648112655107542,0.6653328567211118,6.430560639536509e-08,0.0,1.0552584926287334,4176,4049
pretrain,,175,-0.03425770739972184,0.10587793028225,106595.37152296258,0.33774195646955857,0.7292298131755419,0.08010889234961983,1.3114809278576147,0.0,0.15574046392880736,0.5142781659960747,0.6229618129630884,0.7446377754211425,0.07732486668178198,0.6229618557152294,6.758740970595294e-08,0.0,1.0456870446602504,4200,4073
pretrain,,176,-0.1278142032947674,0.10566617442168551,96775.47648768133,0.37494113611146096,1.1095974266529074,0.07874547393376273,1.3433816625426214,0.0,0.17169083127131066,0.5356546054993356,0.686763308942318,0.746393695473671,0.05119357163877427,0.6867633250852426,4.6654826132049486e-08,0.0,1.036659335096677,4224,4097
pretrain,,177,0.09855678218847569,0.10545484207284213,121063.50788403788,0.5017830390660536,1.031093453562685,0.06285873055491002,1.3920139866393235,0.0,0.19600699331966184,0.5417761696236474,0.7840279638767242,0.8717610150575638,0.06815224021051039,0.7840279732786474,6.049161858460532e-08,0.0,1.0471013188362122,4248,4121
pretrain,,178,0.2686066058142921,0.10524393238869643,150091.19079283095,0.25775116859447383,0.6114954893610306,0.05427647807367871,1.3324918930995324,0.0,0.16624594654976613,0.5509792034115111,0.6649837667743365,0.7471518665552139,0.08481421673208203,0.6649837861990645,5.951594733710763e-08,0.0,1.0604132463534672,4272,4145
pretrain,,179,0.12467263743996745,0.10503344452391905,124105.16902726077,0.513984423219448,1.3643175987260678,0.05796595978745359,1.3419961488051786,0.0,0.1709980744025892,0.5574442722967692,0.6839923014243444,0.7800365626811981,0.08847074687477034,0.6839922976103566,5.046881379477952e-08,0.0,1.035422682762146,4296,4169
pretrain,,180,0.20621059763006278,0.1048233776348712,137683.9368265481,0.3374400946888186,0.9041129611432549,0.05624022031700867,1.346248812707407,0.0,0.1731244063537036,0.5596356274826186,0.6924976160128912,0.8012612849473953,0.08172596739750296,0.6924976254148142,5.0912300764149876e-08,0.0,1.0569076935450237,4320,4193
pretrain,,181,0.1552759811485351,0.10461373087960146,127479.35092186903,0.3084920414146923,0.6112503108169349,0.05023604199244921,1.3419601283967495,0.0,0.17098006419837475,0.556596288723605,0.6839202642440796,0.7508809804916381,0.04497540219346903,0.683920256793499,3.8672061219990894e-08,0.0,1.0567739804585774,4344,4217
pretrain,,182,0.031035583553699578,0.10440450341784226,112128.52753571063,0.49358142903518115,0.935378540626594,0.06427559397457523,1.3578602206848915,0.0,0.17893011034244588,0.5564620377761977,0.7157204002141953,0.8244163215160369,0.08018837758148685,0.7157204413697832,6.457169850667317e-08,0.0,1.0500248968601227,4368,4241
pretrain,,183,-0.22281032719061816,0.10419569441100658,87389.13901590492,0.5118242595788268,1.3104199685156341,0.06541947269992472,1.3424278118514588,0.0,0.17121390592572946,0.5451816724879401,0.6848555952310562,0.8227465808391571,0.10787334929911109,0.6848556237029179,5.774199964466339e-08,0.0,1.0738663772741954,4392,4265
pretrain,,184,0.07474553549351903,0.10398730302218456,117052.01168176162,0.4275053402497655,1.3852633320859498,0.05911116113200193,1.3756314718297549,0.0,0.18781573591487746,0.5525133045656341,0.7512629230817159,0.849840435385704,0.0670506540171396,0.7512629436595099,5.3218432790232604e-08,0.0,1.046817218263944,4416,4289
pretrain,,185,0.09741090006376464,0.1037793284161402,119174.78861851887,0.4596255363541699,0.8763263682701757,0.0529045424370932,1.3978129627094382,0.0,0.19890648135471914,0.566228331199714,0.7956258952617645,0.8713561415672302,0.05328090260944698,0.7956259254188764,5.641153881056719e-08,0.0,1.0225685363014538,4440,4313
pretrain,,186,0.0317370543971674,0.10357176975930792,110981.80507078566,0.386168107213009,1.271772462236029,0.05601195530354796,1.3796909188053437,0.0,0.18984545940267186,0.5638296593512808,0.7593818381428719,0.8296121776103973,0.07053185997289646,0.7593818376106874,4.8783563429595965e-08,0.0,1.0585974107186,4464,4337
pretrain,,187,-0.017585682876088977,0.1033646262197893,105895.46700987809,0.46378659009046497,1.1786739472831997,0.061048498500298455,1.389373158237764,0.0,0.19468657911888196,0.5640622920223645,0.7787462944785754,0.8319853484630585,0.042540679323505116,0.7787463164755275,6.350732983939622e-08,0.0,1.0568617681662242,4488,4361
pretrain,,188,0.10993172517796745,0.10315789696734971,120686.67940859115,0.4290210078692152,0.8736879634005679,0.05123034684773644,1.361158773391729,0.0,0.18057938669586468,0.5645392026220049,0.7223175143202146,0.8047977536916733,0.07249176357325689,0.7223175467834585,6.581346188398267e-08,0.0,1.037351484100024,4512,4385
pretrain,,189,0.24058179917605563,0.10295158117341502,147789.19377830368,0.6607952084214914,1.2143377603164736,0.06898228555359515,1.3507655514847665,0.0,0.17538277574238326,0.5590919990624701,0.7015310997764269,0.8341440200805662,0.07089943659815773,0.7015311029695329,5.7475907459340427e-08,0.0,1.060676669081052,4536,4409
pretrain,,190,0.07796608017014155,0.1027456780110682,121131.02448533289,0.41944509101588096,0.8972969080720627,0.0804013214125912,1.3798210067408425,0.0,0.18991050337042129,0.539403916469642,0.7596419875820478,0.8418611019849778,0.06280343738640526,0.759642013481685,5.250885374656159e-08,0.0,1.0350338170925777,4560,4433
pretrain,,191,-0.008232798935138792,0.10254018665504605,106669.33212947137,0.5619544592641649,0.9756434160683836,0.05896352105743894,1.3767445154842877,0.0,0.18837225774214383,0.5679476197276796,0.7534890050689379,0.8411425471305847,0.07063609308328114,0.7534890309685752,5.35732223583274e-08,0.0,1.0381743734081585,4584,4457
pretrain,,192,0.20456038770053475,0.10233510628173596,137277.3207971798,0.34781173652126673,1.0797076530754561,0.055822639281184,1.3835492342533098,0.0,0.191774617126655,0.5703795552253723,0.7670984715223312,0.8508233308792114,0.07085938346950393,0.76709846850662,5.268624853060899e-08,0.0,1.0325152327617009,4608,4481
pretrain,,193,0.12014881441274675,0.10213043606917249,123314.38761949395,0.5004425510941517,1.0785396169338908,0.057429836527542515,1.3289489509271724,0.0,0.1644744754635862,0.5643140077590942,0.6578978697458903,0.7965022385120392,0.1082559542732441,0.6578979018543447,6.013682918304397e-08,0.0,1.0545785625775654,4632,4505
pretrain,,194,0.05269060242072986,0.10192617519703415,114461.24827688037,0.5094772794594368,0.9022626956658704,0.06137605724100781,1.3876040150367082,0.0,0.19380200751835394,0.5690444750445229,0.7752080212036768,0.8420077472925186,0.07055644240093374,0.7752080300734155,5.428280151302071e-08,0.0,1.0520499795675278,4656,4529
pretrain,,195,-0.01567944897131702,0.10172232284664007,104294.40573441467,0.41997530169430225,1.0631645138774597,0.04737937528356967,1.3894148755463818,0.0,0.1947074377731908,0.5703682963337218,0.7788297062118849,0.8333282142877578,0.04599709180794108,0.7788297510927631,6.510388280330422e-08,0.0,1.0336491540074348,4680,4553
pretrain,,196,0.1369387597069452,0.1015188782009468,129240.08405232536,0.5745317531927001,1.1878645290221486,0.074422906551613,1.3815673027364983,0.0,0.19078365136824904,0.5606431854622704,0.7631345614790916,0.8159303516149521,0.0429105667086321,0.7631346054729962,6.102380299225867e-08,0.0,1.0408712451656659,4704,4577
pretrain,,197,0.08356034989094561,0.1013158404445449,117160.24262543491,0.5256846496125772,1.0949039408138819,0.052423157045322376,1.3842719711718103,0.0,0.19213598558590528,0.5684842350227493,0.7685438965757688,0.8346365660429,0.05563905357122567,0.768543942343621,7.415101640114348e-08,0.0,1.012265369296074,4728,4601
pretrain,,198,0.32042227981980237,0.10111320876365582,163868.37979527158,0.5123302783107474,1.22208509764501,0.05777655195533371,1.3719778622367553,0.0,0.18598893111837764,0.5641524706568037,0.7439557040731112,0.8301199316978455,0.08017784028674371,0.7439557244735105,5.0557511214558794e-08,0.0,1.049655243754387,4752,4625
pretrain,,199,0.03423394490721411,0.1009109823461285,112691.68313397624,0.4453204551800376,0.9755542278289795,0.06532426954971902,1.3761155607977085,0.0,0.1880577803988542,0.5540299319795199,0.7522310937444369,0.8027516812086105,0.046528181669407156,0.7522311215954168,5.4460196260060677e-08,0.0,1.0190000434716542,4776,4649
pretrain,,200,0.19668120962499303,0.10070916038143624,138479.62017150328,0.5180279519408941,1.1398628152906893,0.06765905910822799,1.3810630111644666,0.0,0.19053150558223328,0.5746422473873412,0.7621259888013204,0.8386671483516693,0.07614117095606537,0.7621260223289329,5.552456487182648e-08,0.0,1.049411118030548,4800,4673
pretrain,,201,0.21602559258738008,0.10050774206067338,138261.13179210643,0.3353587750877653,0.9922754919954699,0.050587782433406746,1.3709859709654537,0.0,0.18549298548272677,0.5677485976900374,0.741971934835116,0.7859417796134949,0.0438161382986465,0.741971941930907,6.67004358597308e-08,0.0,1.040068248907725,4824,4697
pretrain,,202,0.0592087931419761,0.10030672657655203,114284.17667521049,0.4883593262306281,1.1115087674132411,0.054816195307680095,1.365011927449987,0.0,0.1825059637249935,0.5671454572251864,0.7300238286455473,0.82437364757061,0.06487917862453688,0.730023854899974,6.741001492190553e-08,0.0,1.035104754070441,4848,4721
pretrain,,203,-0.05603874118820521,0.10010611312339891,104374.10334970627,0.49577313111651505,1.0468517789883272,0.0816222318402333,1.3512269296639021,0.0,0.17561346483195114,0.5358941533735819,0.7024538392821947,0.8052954584360122,0.06030061275389429,0.7024538593278044,4.842877388000488e-08,0.0,1.055899480978648,4872,4745
pretrain,,204,-0.12591148631692317,0.09990590089715211,98292.6300830066,0.4828628090077213,1.076822467148304,0.09045101026180564,1.359727595622341,0.0,0.17986379781117043,0.5467943581087249,0.7194551527500153,0.8014632195234298,0.05777995136164818,0.7194551912446817,5.055751114054393e-08,0.0,1.0415344834327698,4896,4769
pretrain,,205,0.013699503403016636,0.09970608909535782,108753.06066039656,0.44427597079248654,0.9061388620308467,0.055655121272646164,1.3780664406007244,0.0,0.18903322030036226,0.5656987332871981,0.7561328510443369,0.8143205881118775,0.048754885641992506,0.7561328812014491,6.066901342416386e-08,0.0,1.0605045805374782,4920,4793
pretrain,,206,0.22178875409400575,0.09950667691716711,140076.52082973885,0.5115901308932475,0.8807767456131321,0.05359644228575187,1.3574731713604358,0.0,0.178736585680218,0.5753073671034403,0.7149462948242823,0.8310216516256332,0.09851065886496362,0.7149463427208719,6.989354180605052e-08,0.0,1.0457710127035778,4944,4817
pretrain,,207,0.2626135035062525,0.09930766356333276,151003.04116732528,0.5327468892293316,1.0179100531552518,0.06262348205347804,1.3640629170196397,0.0,0.18203145850981986,0.5637213555829865,0.728125810623169,0.8359795987606048,0.07664416647453634,0.7281258340392794,5.21540641784668e-08,0.0,1.0416466891765594,4968,4841
pretrain,,208,-0.04702329596046477,0.0991090482362061,102455.84861931897,0.5435793844628193,1.070819106591599,0.05916093297620914,1.36673010867976,0.0,0.18336505433988004,0.5572368013007301,0.7334601730108261,0.8143013387918472,0.07877103032430223,0.7334602173595202,6.031422385606906e-08,0.0,1.0526224747300148,4992,4865
pretrain,,209,0.1330465278067648,0.09891083013973369,124074.15910504742,0.47803049570038203,1.0647437253168648,0.050819896075019765,1.39421530600105,0.0,0.19710765300052505,0.5750831323010581,0.7884305715560913,0.8292368561029434,0.038218152439346086,0.7884306120021002,6.74100148848981e-08,0.0,1.0500406871239345,5016,4889
pretrain,,210,0.07300911286375628,0.09871300847945423,116865.74212192309,0.4875462162530138,1.0443188568311075,0.05942344475896435,1.3511810794117904,0.0,0.17559053970589522,0.5501281757439886,0.7023621102174123,0.7537490576505661,0.044735956143810575,0.7023621588235809,6.52812775688479e-08,0.0,1.0730227679014206,5040,4913
pretrain,,211,0.1579498274441381,0.09851558246249531,127666.54550726729,0.44250327348709106,1.0782158584467003,0.04896634329820171,1.4024914626386902,0.0,0.2012457313193452,0.5749284656984466,0.8049829105536143,0.8435091078281403,0.03495848704196279,0.8049829252773807,5.4105406765980746e-08,0.0,1.0238475153843563,5064,4937
pretrain,,212,0.06459692974858974,0.09831855129757032,116364.89330175926,0.662733689172282,1.3796630813607145,0.06336446079860181,1.389050384185144,0.0,0.194525192092572,0.5676276907324791,0.7781007438898087,0.8439325779676438,0.05208471227163749,0.7781007683702876,7.37962268515524e-08,0.0,1.058013488849004,5088,4961
pretrain,,213,0.09139772674901525,0.09812191419497518,119279.39651311432,0.28430311563646504,0.7305566923958912,0.05852876431807022,1.3879877412248227,0.0,0.19399387061241127,0.5625216865113802,0.7759754608074824,0.8369893372058869,0.045887145670087226,0.7759754824496451,6.634564629163601e-08,0.0,1.0158902555704117,5112,4985
pretrain,,214,0.18065796287431635,0.09792567036658523,141541.62148059142,0.516130753704125,1.2230350453938752,0.09403005935001112,1.386329742946795,0.0,0.19316487147339756,0.5485463706510407,0.7726594631870588,0.8592002809047699,0.05387869918010696,0.7726594858935901,4.5767852193308776e-08,0.0,1.0600542972485225,5136,5009
pretrain,,215,0.14055295793634265,0.09772981902585205,130119.19597941799,0.5911043515162808,1.4872890705508839,0.07576744032758154,1.3705201607108826,0.0,0.1852600803554413,0.570687184376376,0.7410403216878573,0.8196504294872283,0.053358054223515,0.7410403214217651,4.159907496248394e-08,0.0,1.082202672958374,5160,5033
pretrain,,216,0.20874062173177682,0.09753435938780036,147955.4436973995,0.509344206679435,1.023944336601666,0.09615018754293314,1.377037560389865,0.0,0.1885187801949325,0.550465929721083,0.7540751248598099,0.8141891121864319,0.0411316072194977,0.75407512077973,4.168777241927065e-08,0.0,1.038384735584259,5184,5057
pretrain,,217,0.12310386263025055,0.09733929066902476,125828.65809122489,0.5839516029116654,1.2853108860552307,0.06847051913986162,1.3928837799245404,0.0,0.1964418899622702,0.572872937789985,0.785767525434494,0.8532861828804016,0.05172419308250719,0.7857675598490804,5.570195969288131e-08,0.0,1.0543404469887416,5208,5081
pretrain,,218,0.12460433676719278,0.0971446120876867,125823.83045267116,0.619406157217565,1.1492136333669936,0.06719471365312797,1.4060940415199312,0.0,0.20304702075996572,0.5715836871947562,0.8121880690256754,0.8845006614923476,0.05108202597294991,0.8121880830398628,4.7364405212727924e-08,0.0,1.069508487979571,5232,5105
pretrain,,219,0.016967371648342423,0.09695032286351134,108579.84997542447,0.44165539497598294,1.1128604255616663,0.051709527664779494,1.4012437038833188,0.0,0.20062185194165935,0.5748252794146538,0.8024873932202657,0.8523119240999222,0.03264674920351021,0.8024874077666372,5.321843286424747e-08,0.0,1.0349980841080348,5256,5129
pretrain,,220,0.1352786250806876,0.09675642221778431,124875.03647142233,0.41922669986351613,1.0534428781696727,0.05326734000256798,1.4003213374387649,0.0,0.20016066871938254,0.5729168110660143,0.8006426642338434,0.8509694457054138,0.04755198634002809,0.80064267487753,4.363911491426601e-08,0.0,1.040337160229683,5280,5153
pretrain,,221,0.10656659438106797,0.09656290937334874,120012.7324746038,0.4025630686166031,1.220596978015133,0.050157069056177304,1.4062615270238545,0.0,0.20313076351192735,0.5751177125743456,0.8125230247775713,0.8433471828699112,0.023886476410425645,0.8125230540477094,4.8783563355581094e-08,0.0,1.0186124742031097,5304,5177
pretrain,,222,-0.09288045226226162,0.09636978355460203,97922.89375809078,0.5104042776815948,0.8704171132828507,0.059724001097817746,1.3775303081742354,0.0,0.18876515408711772,0.5517011785081454,0.755060613155365,0.8181032866239548,0.04396549988225224,0.7550606163484709,6.137859259736089e-08,0.0,1.0692920138438542,5328,5201
pretrain,,223,0.14089164063536247,0.09617704398749284,126009.06019728673,0.37734893851336987,0.9936377186860351,0.0545955251038145,1.399167064133854,0.0,0.19958353206692706,0.5706093917999948,0.7983340894182523,0.8303647935390472,0.03069473278081663,0.7983341282677081,5.97820395224306e-08,0.0,1.0249697988231976,5352,5225
pretrain,,224,0.08696345862741713,0.09598468989951786,122363.53098479337,0.49276293153386747,0.9648783107421227,0.07983298500071766,1.3779228619698969,0.0,0.18896143098494836,0.5407016915934426,0.7558457081516584,0.8021922677755355,0.04071015485380227,0.7558457239397937,7.007093653458678e-08,0.0,1.0337562759717305,5376,5249
pretrain,,225,0.015572374129139255,0.09579272051971882,108608.22205287265,0.5077331392537979,0.9616298844771726,0.053072518013395055,1.385741960612081,0.0,0.1928709803060407,0.5739262721368245,0.7714838907122612,0.8446639657020569,0.06286086658733392,0.7714839212241626,4.789658950935897e-08,0.0,1.0583890428145726,5400,5273
pretrain,,226,0.11515834212015283,0.09560113507867937,126998.83182946306,0.7931580159901864,1.369442609591143,0.08119403361521922,1.3869532306811638,0.0,0.19347661534058194,0.5528708196112088,0.7739064445098242,0.8425008386373519,0.06727372012829352,0.7739064613623278,4.310693059913125e-08,0.0,1.06075523296992,5424,5297
pretrain,,227,0.00932317240229543,0.09540993280852202,109224.3779213151,0.5404352291176716,1.219212054993425,0.06260858283649239,1.3765149425183025,0.0,0.18825747125915118,0.5730006801230567,0.7530298655231794,0.8259294658899307,0.05480885169850671,0.7530298850366047,6.244296115361554e-08,0.0,1.0399841616551082,5448,5321
pretrain,,228,-0.0748596652955559,0.09521911294290497,98698.58714534104,0.6093719875262607,1.0946510022240026,0.05139494664381361,1.3505634725803422,0.0,0.17528173629017105,0.5712578882064139,0.7011269132296244,0.8119097918272018,0.07552189955288487,0.7011269451606842,5.1799274665883153e-08,0.0,1.0486602932214737,5472,5345
pretrain,,229,-0.04130394605642398,0.09502867471701916,102416.49599656179,0.6318401277863553,1.4479762437088146,0.054082282333330345,1.378179323549072,0.0,0.18908966177453598,0.5670140492064613,0.7563586110870043,0.8045552968978882,0.04040847862720521,0.7563586470981439,6.687783064377821e-08,0.0,1.0571135779221852,5496,5369
pretrain,,230,0.11617557480910828,0.09483861736758513,123252.30786674643,0.5121865627755012,1.1840957071632146,0.06040049275342496,1.3723105078651792,0.0,0.18615525393258958,0.572674879005977,0.7446210011839867,0.8416513293981552,0.09843637344109753,0.7446210157303583,5.375061717938223e-08,0.0,1.0370974838733673,5520,5393
pretrain,,231,0.06463754225991285,0.09464894013284995,119037.8452580695,0.6269805217605261,1.2455547885170997,0.07941124018219954,1.3797707256994078,0.0,0.1898853628497039,0.5217248222657612,0.7595414419968923,0.8128523826599121,0.04049643063894434,0.7595414513988153,5.3041038117207506e-08,0.0,1.0760078728199005,5544,5417
pretrain,,232,-0.0003647861898026976,0.09445964225258426,108241.76430725002,0.4553455062920139,1.08970209892307,0.06375580828273171,1.3970696078169915,0.0,0.19853480390849568,0.5667940293039595,0.7941391790906588,0.8587033957242965,0.040050886622492184,0.7941392156339827,6.776480449000033e-08,0.0,1.0259247869253159,5568,5441
pretrain,,233,0.036324315982672564,0.09427072296807909,110734.59064776586,0.3174216922904764,0.8437580804739679,0.05051291521766784,1.4000876278039953,0.0,0.20004381390199777,0.5678017735481262,0.8001752396424612,0.8283427953720093,0.021731992954700085,0.800175255607991,6.492648805626426e-08,0.0,1.0232990781466167,5592,5465
pretrain,,234,0.10392258924995834,0.09408218152214293,119062.53659390858,0.18334270623468218,0.5173550419509408,0.04681887980723507,1.3933950320240998,0.0,0.19669751601204988,0.574624305324895,0.786790020763874,0.828899872303009,0.03848810511849518,0.7867900640481995,7.060312086822525e-08,0.0,1.0079914033412933,5616,5489
pretrain,,235,0.18783665054172521,0.09389401715909865,133101.6826686337,0.5144603794351931,1.1602885124406643,0.050715038885322576,1.4021455092089516,0.0,0.20107275460447585,0.5778638763087136,0.8042910074194273,0.8536460101604462,0.03554114200347246,0.8042910184179034,6.137859252334603e-08,0.0,1.0213911111156146,5640,5513
pretrain,,236,0.15632778602116484,0.09370622912478044,131465.38879247982,0.7445502659039839,1.3668963599950072,0.06917977755959805,1.3628357426219047,0.0,0.18141787131095222,0.5675609101142203,0.7256714527805647,0.8195235192775726,0.052626240241197816,0.7256714852438085,6.510388285881537e-08,0.0,1.043629822631677,5664,5537
pretrain,,237,-0.09371061661234362,0.09351881666653088,97632.38872528277,0.5438274911915263,1.323693292907306,0.05788362655234375,1.3820612567166488,0.0,0.19103062835832438,0.5770901505436217,0.7641224885980288,0.836544331908226,0.07973531613607565,0.7641225134332973,5.570195972988875e-08,0.0,1.0355255156755447,5688,5561
pretrain,,238,0.15081918114445642,0.09333177903319782,126952.89823582616,0.31042374901118736,0.5927904954978397,0.05123925348467353,1.405349072867206,0.0,0.2026745364336031,0.572831500853811,0.8106981168190638,0.8441982805728913,0.022462834297942984,0.8106981457344123,6.545867242691017e-08,0.0,1.0091486026843388,5712,5585
pretrain,,239,0.07198300832170923,0.09314511547513142,118875.56045912832,0.5261024386577663,1.0002591256052253,0.07233432423997388,1.4103412184686885,0.0,0.20517060923434438,0.5778975390962191,0.8206824163595835,0.8590767621994019,0.025976182915507063,0.8206824369373775,6.137859256035345e-08,0.0,1.0342785616715748,5736,5609
pretrain,,240,0.014425045715580564,0.09295882524418116,110427.3295409218,0.5444989125022576,1.4697587685925608,0.0666683563206357,1.3797937496787025,0.0,0.18989687483935133,0.5533013248017855,0.7595874692002932,0.832402017712593,0.0648595786308048,0.7595874993574051,4.399390446385709e-08,0.0,1.0609010408322017,5760,5633
pretrain,,241,0.14040509668989673,0.0927729075936928,130030.35889817307,0.6745439868065572,1.2216792249253818,0.07545310882407656,1.3428962448434463,0.0,0.17144812242172303,0.5080073571630886,0.6857924784223238,0.768101379275322,0.05842689608280773,0.6857924896868921,6.66117384029441e-08,0.0,1.0638995319604874,5784,5657
pretrain,,242,0.08264791948914058,0.0925873617785054,117524.70873268678,0.7616949887680157,1.6249760132815152,0.05538931735857727,1.394711906888655,0.0,0.19735595344432766,0.5780746745211738,0.7894237786531448,0.8505313247442245,0.04835972393411975,0.7894238137773103,5.889506567620847e-08,0.0,1.0315612157185872,5808,5681
pretrain,,243,0.32454273381147536,0.0924021870549484,165719.8279363263,0.5882642659403029,1.0690578921564988,0.06002430970264872,1.3673216539124649,0.0,0.1836608269562324,0.5536814874836377,0.7346432755390803,0.818512836098671,0.04932256863575788,0.7346433078249296,6.31525403453163e-08,0.0,1.0608076453208923,5832,5705
pretrain,,244,0.03261436506697922,0.09221738268083851,114060.6576664455,0.641655554241013,1.1451314604708125,0.07554928775830315,1.3786812090270575,0.0,0.18934060451352883,0.5754754426223891,0.7573624104261398,0.8173855870962142,0.04949283188966851,0.7573624180541151,6.155598730739342e-08,0.0,1.0459183876713116,5856,5729
pretrain,,245,0.11701655756678846,0.09203294791547682,121220.38060204819,0.30264392778986976,0.933856532616274,0.048366378396368793,1.3983249572061356,0.0,0.19916247860306788,0.5784369632601738,0.7966498931248983,0.8361485064029693,0.030303958693568372,0.7966499144122713,4.186516716631061e-08,0.0,1.011373184621334,5880,5753
pretrain,,246,0.2714554740308396,0.09184888201964587,149887.77829317783,0.5278467990990195,1.3365364621260332,0.05114893561223174,1.4023917180796464,0.0,0.2011958590398232,0.5775018941078867,0.8047833840052286,0.843842226266861,0.04091675634729883,0.8047834361592928,7.734412240297435e-08,0.0,1.0230226293206215,5904,5777
pretrain,,247,-0.06157256145241062,0.09166518425560659,103491.08659442894,0.7119564164784693,1.6709766350686548,0.07942147650997249,1.3237701192320814,0.0,0.16188505961604063,0.4940157213381358,0.6475402191281319,0.7625711232423781,0.06113491363935719,0.6475402384641624,6.58134619209901e-08,0.0,1.0702123244603474,5928,5801
pretrain,,248,0.19972827463929851,0.09148185388709537,140055.35839481434,0.7860130883664603,1.6512468527470308,0.07189028352256668,1.3941498344675416,0.0,0.19707491723377082,0.5740194863506726,0.788299672305584,0.8510599613189698,0.06390725798606614,0.7882996689350832,5.446019627856439e-08,0.0,1.0388871083656948,5952,5825
pretrain,,249,0.1555719541187106,0.09129889017932118,127464.57980680034,0.4170685608294748,0.967336152068206,0.0499136443558675,1.3977274280928433,0.0,0.19886371404642153,0.5774786451033183,0.7954548299312592,0.8470370262861252,0.03837891735285873,0.7954548561856859,5.038011641200768e-08,0.0,1.0104504947861035,5976,5849
pretrain,,250,0.009950671527978232,0.09111629239896253,107920.26629964371,0.47716605516948873,1.1658793400440894,0.05286609127608791,1.3962670421848695,0.0,0.19813352109243473,0.5720058062246867,0.7925340756773949,0.8466300398111344,0.04185859435960183,0.7925340843697389,5.126709025822981e-08,0.0,1.0170593063036601,6000,5873
pretrain,,251,0.1857738785850514,0.09093405981416461,133156.14249762558,0.38937678950883087,1.2911774549101074,0.05269008054815544,1.4032842224197728,0.0,0.20164211120988643,0.5759139146123613,0.8065684512257576,0.8358403503894806,0.02004615718771175,0.8065684448395457,6.279775074021406e-08,0.0,1.005653900404771,6024,5897
pretrain,,252,0.21695041026284637,0.09075219169453629,141373.48464381258,0.36351959722205285,1.1432332728590284,0.06308614127685627,1.3930891359313613,0.0,0.19654456796568068,0.5764176313366209,0.7861782511075338,0.8300286710262299,0.037776807046694255,0.7861782718627226,5.481498577264432e-08,0.0,1.037707229455312,6048,5921
pretrain,,253,0.14673093967358525,0.09057068731114722,128817.28390406369,0.6093814873713113,1.3665741043963602,0.06414643083406794,1.390145209839656,0.0,0.19507260491982814,0.5678127397383963,0.7802903900543848,0.8189275920391083,0.03210628427886398,0.7802904196793125,6.013682903501423e-08,0.0,1.0295726483066876,6072,5945
pretrain,,254,0.1353739831538688,0.09038954593652491,124848.42721285329,0.3424322246352121,0.8946589030325413,0.053045644413047294,1.4098759349435568,0.0,0.20493796747177842,0.576417978320803,0.8197518313924471,0.8470553994178772,0.017200886505008523,0.8197518698871135,5.446019627856439e-08,0.0,1.005986620982488,6096,5969
pretrain,,255,-0.09494272769637979,0.09020876684465187,97826.38829055887,0.42578297591812553,1.1490690385656697,0.060603045182614966,1.399073224337328,0.0,0.19953661216866406,0.5658919694168227,0.7981464217106501,0.8276083588600158,0.027589647421430333,0.798146448674656,6.88291730647587e-08,0.0,1.0167732288440068,6120,5993
pretrain,,256,-0.02371143165901851,0.09002834931096257,104189.3172882423,0.6454820020479106,1.407893196812697,0.05326677867157406,1.402654478149045,0.0,0.20132723907452257,0.5728241811905588,0.8053089479605356,0.847644105553627,0.03521853475619667,0.8053089562980901,5.658893352059972e-08,0.0,1.0232174421350162,6144,6017
pretrain,,257,0.14518815908928254,0.08984829261234063,133120.36616827906,0.6527240995672488,1.416016435303858,0.0863433201096347,1.391407918584134,0.0,0.195703959292067,0.5457782138671194,0.7828158115347227,0.834383863210678,0.052000672702809406,0.7828158371682677,5.4016709383208905e-08,0.0,1.0673787693182628,6168,6041
pretrain,,258,0.08889969277814698,0.08966859602711597,122438.00787106135,0.6846414918878247,1.3359959577875475,0.07863371559645621,1.3847772382377161,0.0,0.19238861911885796,0.5738373984183585,0.7695544411738714,0.8398114919662476,0.052907824280777914,0.7695544764754318,5.587935447692871e-08,0.0,1.0398501853148143,6192,6065
pretrain,,259,0.14695803528420448,0.08948925883506173,127261.90238736136,0.4821060993486926,1.0170139852379048,0.056050705182309014,1.3859453063812994,0.0,0.1929726531906497,0.5728736615606717,0.7718906079729398,0.8350097626447678,0.06343123389930015,0.7718906127625987,5.8362881361073704e-08,0.0,1.0111687903602917,6216,6089
pretrain,,260,0.1437253513755569,0.0893102803173916,132689.2466481032,0.671296000170211,1.2013386685933385,0.08552839556749735,1.3753955857384772,0.0,0.18769779286923863,0.525414758494922,0.7507911324501038,0.7949092715978623,0.042135445747205076,0.7507911714769545,6.918396265135722e-08,0.0,1.076421355207761,6240,6113
pretrain,,261,-0.08528752112644217,0.08913165975675683,99194.06881779543,0.4499206997099377,1.0821967989206314,0.06430227422644856,1.3586056272366218,0.0,0.17930281361831088,0.5740283791507994,0.717211219171683,0.8008307963609695,0.06113019543056579,0.7172112544732435,5.268624847509784e-08,0.0,1.0333609680334728,6264,6137
pretrain,,262,0.023223189660616157,0.0889533964372433,109488.14018161707,0.5380474020771328,1.0606991219733442,0.05286323192227499,1.3999368015321947,0.0,0.19996840076609737,0.5776056008679527,0.7998735929528872,0.8440199553966522,0.038375073884678305,0.7998736030643894,5.8717670855153635e-08,0.0,1.019118125240008,6288,6161
pretrain,,263,-0.15080935387386227,0.08877548964436881,95527.94726397253,0.4381571605890279,0.8011244688715252,0.0866627302295868,1.3932082610470908,0.0,0.19660413052354542,0.53500575785126,0.7864164809385935,0.832763746380806,0.03906240346604058,0.7864165220941816,6.244296111660812e-08,0.0,1.0166755840182304,6312,6185
pretrain,,264,-0.08062671339976538,0.08859793866508008,101211.7504938356,0.6721776496796381,1.4085437197770387,0.07716595197578256,1.3483211857577164,0.0,0.17416059287885824,0.5107158443757466,0.6966423690319061,0.7731610596179962,0.043606596353218494,0.696642371515433,3.902685075107826e-08,0.0,1.072468986113866,6336,6209
pretrain,,265,-0.04525332295059392,0.08842074278774993,102022.61006906633,0.5262019463947841,1.0673363221543173,0.05423203237571202,1.3765243333542632,0.0,0.18826216667713158,0.5737126001289912,0.7530486459533373,0.8102521866559982,0.04181528086405333,0.7530486667085262,4.771919474381529e-08,0.0,1.0277766262491543,6360,6233
pretrain,,266,0.05175626318860824,0.08824390130217442,114133.81183508626,0.601969166481424,1.1594950177839818,0.06006598817913028,1.3865149866434792,0.0,0.1932574933217395,0.5646810446466719,0.7730299308896065,0.8163284361362457,0.039692163521824614,0.773029973286958,6.723262006384327e-08,0.0,1.0092204461495082,6384,6257
pretrain,,267,0.07813731576857601,0.08806741349957008,117703.97392219405,0.4103382004513627,0.9315429993505984,0.060228080816842645,1.3907815893845896,0.0,0.19539079469229495,0.5738548774804388,0.7815631752212843,0.8044427633285522,0.016135398092413395,0.7815631787691797,4.825137905895005e-08,0.0,1.0046722317735355,6408,6281
pretrain,,268,0.015568338126599423,0.08789127867257093,109948.51479500993,0.7753318240866065,1.6858529280871146,0.06242921331195065,1.3947433659895545,0.0,0.19737168299477728,0.5711913289768356,0.7894867286086082,0.8466124773025513,0.03952161307943364,0.7894867319791089,4.66548261505532e-08,0.0,1.0420176287492116,6432,6305
pretrain,,269,0.02968810196338831,0.08771549611522578,116696.04520036875,0.5872221750074199,1.090255042804139,0.09448735736943249,1.3798333265419516,0.0,0.1899166632709759,0.5415564807397979,0.7596666192015012,0.8190127074718475,0.04256328065001472,0.7596666530839032,5.6234143989512354e-08,0.0,1.0280217751860619,6456,6329
pretrain,,270,0.13479433110638311,0.08754006512299532,128462.42305176477,0.31588446650476687,1.1345482081174847,0.07230659622350803,1.399957233862508,0.0,0.19997861693125396,0.5611991903611592,0.7999144569039345,0.8397490024566651,0.028086893018069693,0.7999144677250158,5.481498579114804e-08,0.0,0.9915678153435389,6480,6353
pretrain,,271,0.21294479036279976,0.08736498499274935,142063.47814577413,0.5551816973657835,1.1755485089761868,0.06928710512594326,1.3932476708044608,0.0,0.1966238354022304,0.5631569570728711,0.7864953006307284,0.81305031478405,0.026215784673264964,0.7864953416089216,5.871767087365735e-08,0.0,1.0312757268548012,6504,6377
pretrain,,272,-0.06708438469999142,0.08719025502276384,100252.26831004696,0.6316988275696834,1.574753533090864,0.05800059990351397,1.3768030336747568,0.0,0.18840151683737835,0.576976484486035,0.7536060363054276,0.8068231016397476,0.0387476942942121,0.7536060673495134,5.694372312570195e-08,0.0,1.0231177906195323,6528,6401
pretrain,,273,0.15342372149027128,0.08701587451271832,129285.8212943275,0.6232071950854291,1.0693155198224953,0.06091354644058624,1.3762095206018004,0.0,0.18810476030090026,0.568243985729558,0.7524190296729406,0.8072847604751587,0.05299999369866079,0.7524190412036008,6.297514548725403e-08,0.0,1.0415981834133465,6552,6425
pretrain,,274,0.18371075016043312,0.08684184276369288,135451.5403939916,0.7471215073019266,1.3263884436871323,0.06501486476939054,1.386338843742297,0.0,0.19316942187114838,0.5724814023290361,0.772677647570769,0.8304731965065002,0.04544739687339106,0.7726776874845935,5.694372316270938e-08,0.0,1.0518113325039546,6576,6449
pretrain,,275,0.1196234288955686,0.08666815907816548,124537.12253654936,0.5097411583133397,0.9612981288560799,0.06450262056808735,1.395782083272934,0.0,0.19789104163646698,0.5560660388852869,0.7915641590952873,0.8403921723365784,0.02944090333327677,0.7915641665458679,5.605674926097611e-08,0.0,1.0317325393358867,6600,6473
pretrain,,276,0.029945567840453435,0.08649482276000917,111489.90886541909,0.5972056171102893,1.1151169342121905,0.06092689104418738,1.3637977821663732,0.0,0.1818988910831866,0.5679048353007861,0.7275955453515053,0.7818149238824844,0.04891860557151789,0.7275955643327464,5.5169775377746553e-08,0.0,1.0398014138142269,6624,6497
pretrain,,277,0.2915637978907499,0.08632183311448915,160814.7142195118,0.7178274243626565,1.231859840239797,0.07216879713892908,1.3874475443292231,0.0,0.1937237721646116,0.5366121988211359,0.7748950545986494,0.8092106521129608,0.028654151166646047,0.7748950886584464,5.2863643277648954e-08,0.0,1.0513809223969777,6648,6521
pretrain,,278,0.16934463681189088,0.08614918944826018,137390.86268698226,0.7119036649043361,1.3898564675024576,0.08567076846637812,1.379225502367176,0.0,0.1896127511835879,0.5534886047244072,0.758450965086619,0.8144444853067399,0.046351892908689,0.7584510047343516,6.182207956673125e-08,0.0,1.0517346387108166,6672,6545
pretrain,,279,-0.045775748278842426,0.08597689106936364,105469.59872938061,0.6713450303567307,1.3217519089579577,0.08136269168196714,1.3589725650492168,0.0,0.17948628252460844,0.5141286211354392,0.7179450914263725,0.7657652348279953,0.041586497913312495,0.7179451300984336,6.563606719245385e-08,0.0,1.0579485272367795,6696,6569
pretrain,,280,0.07402112928598634,0.08580493728722492,122279.31800968983,0.49413145666143715,0.9601894048707825,0.09014923794692813,1.3886429291395912,0.0,0.1943214645697957,0.5213922304766518,0.7772858291864395,0.8181347608566284,0.028459393051999602,0.7772858582791827,6.173338209144082e-08,0.0,1.0302120596170425,6720,6593
pretrain,,281,0.1190010281558142,0.08563332741265046,124970.93918497517,0.7021626748499417,1.5662284442356653,0.06734411614832185,1.36661387988854,0.0,0.18330693994427014,0.5516985516463007,0.7332277422149976,0.7854595929384232,0.04395227993403831,0.7332277597770803,4.9138352905172176e-08,0.0,1.057056871553262,6744,6617
pretrain,,282,0.03695558727837589,0.08546206075782516,112066.59707696184,0.6115132498865327,1.0081024491361208,0.058931551821302476,1.3657272420823574,0.0,0.1828636210411787,0.5694949744003159,0.7314544717470804,0.8150860309600829,0.06393641578149191,0.7314544841647148,5.3218432827240036e-08,0.0,1.046594110627969,6768,6641
pretrain,,283,0.11240555788032046,0.08529113663630952,120974.08177065608,0.5074323521749604,0.9417905651032923,0.05080924850601002,1.3883831948041916,0.0,0.1941915974020958,0.58154630448137,0.7767663697401682,0.8266244798898696,0.03418187991000793,0.7767663896083832,6.457169846966575e-08,0.0,1.0177414466937382,6792,6665
pretrain,,284,0.08331551329586334,0.0851205543630369,118485.24178847391,0.42031638949577294,1.0799098339463982,0.060581265374384095,1.3944315706335366,0.0,0.1972157853167682,0.5750081092119217,0.7888631348808607,0.8386763751506805,0.03407961136020174,0.7888631412670725,5.002532689942404e-08,0.0,1.0088712200522423,6816,6689
pretrain,,285,0.005482751361867093,0.08495031325431082,108354.21222851887,0.661537990040545,1.186403410349573,0.05968182857759154,1.3853238970041275,0.0,0.19266194850206375,0.5712727755308151,0.77064777414004,0.8034366637468338,0.039642936751617126,0.770647794008255,7.219967388764441e-08,0.0,1.0187739978233974,6840,6713
pretrain,,286,0.17639006176169433,0.0847804126278022,138576.1125453203,0.547779711894691,1.229105781870229,0.08498737165188891,1.402258342043275,0.0,0.2011291710216375,0.5465986718024527,0.8045166432857513,0.8459128320217132,0.02637518586095639,0.80451668408655,6.17333820729371e-08,0.0,1.0306208704908688,6864,6737
pretrain,,287,0.16451494816006393,0.0846108518025466,130435.7740789483,0.4728407588831725,1.3090882926114966,0.05735351064232556,1.3944361429838905,0.0,0.1972180714919454,0.5747231096029282,0.7888722692926725,0.8318907558918,0.034415445519171785,0.7888722859677815,4.683222091609688e-08,0.0,1.0199623828132947,6888,6761
pretrain,,288,0.27368805794352197,0.0844416300989415,159323.94045719184,0.9392186117668947,1.7422983950802258,0.08221656542663532,1.3923841386678673,0.0,0.19619206933393366,0.5606256659541811,0.7847682436307272,0.8469910562038422,0.04734769199684241,0.7847682773357345,6.59908567050375e-08,0.0,1.034801073372364,6912,6785
pretrain,,289,0.342228168300717,0.08427274683874363,181132.20579717364,0.6367843045542637,1.4830610978816234,0.08807407966042441,1.3598398536975893,0.0,0.17991992684879476,0.5443204002720969,0.7196797082821528,0.7714795082807541,0.03535094012487443,0.719679707395179,4.700961570014428e-08,0.0,1.0732285132010777,6936,6809
pretrain,,290,-0.07109600981893544,0.08410420134506615,101698.01128459773,0.6956099746305316,1.265999810504062,0.07316051038982552,1.3726193586453084,0.0,0.18630967932265433,0.526366362614291,0.7452386990189552,0.8052846789360046,0.043179638570678226,0.7452387172906172,7.397362161709609e-08,0.0,1.0579729452729225,6960,6833
pretrain,,291,0.09173649879775643,0.083935992942376,123023.6367776402,0.6078329250393879,1.3213400492178533,0.07950964666725183,1.392559627337115,0.0,0.1962798136685576,0.5061561278998852,0.7851192429661751,0.8311445385217666,0.04214410041468279,0.7851192546742304,6.066901344266758e-08,0.0,1.0618182867765427,6984,6857
pretrain,,292,0.05290791381329332,0.08376812095649123,112810.03394717922,0.2713512689584778,1.2306631675256132,0.05053842991950041,1.396986507145422,0.0,0.19849325357271094,0.5800468815224511,0.7939729864398638,0.8283709019422532,0.024465272441748988,0.7939730142908435,6.403951413602726e-08,0.0,0.9766453007857004,7008,6881
pretrain,,293,0.0602524309769411,0.08360058471457828,115005.56131101037,0.3851702671631106,0.8267542782106568,0.05852033424941533,1.3968243264548839,0.0,0.1984121632274418,0.579819796340806,0.7936486477653185,0.8235828638076782,0.03148606727004418,0.7936486529097669,5.623414402651979e-08,0.0,0.9792137245337168,7032,6905
pretrain,,294,0.12555633372537126,0.0834333835451491,123797.56339161434,0.6167409673687958,1.1736001414912083,0.055561104367342386,1.3757059127979334,0.0,0.18785295639896674,0.5795908634151732,0.7514118055502573,0.8242010056972503,0.05076502135505388,0.751411825595867,5.4105406654958443e-08,0.0,1.0545359576741855,7056,6929
pretrain,,295,0.26055339233919417,0.08326651677805881,149319.34134482537,0.462405934752453,0.9904402822256083,0.05811750128833257,1.3898628702653306,0.0,0.1949314351326653,0.579821880374636,0.7797257329026858,0.8203737199306488,0.025998420748224872,0.7797257405306611,4.7364405305246514e-08,0.0,1.0404470165570576,7080,6953
pretrain,,296,-0.0390572228564555,0.08309998374450268,107860.63960231724,0.33423227395507554,0.8599173055163446,0.09327913535171695,1.3897089841997339,0.0,0.19485449209986702,0.5298281897391592,0.7794179394841194,0.8187528133392333,0.028838690414374445,0.7794179683994679,6.368472466045105e-08,0.0,0.9832503820459048,7104,6977
pretrain,,297,-0.002258934875762543,0.08293378377701369,112315.5095203954,0.6513070365680115,1.2595233953424863,0.09325829083039221,1.3715904544418056,0.0,0.1857952272209029,0.5059195719659328,0.7431808809439341,0.7982868611812591,0.04349766272954019,0.7431809088836113,5.5790657020142e-08,0.0,1.0655501087506611,7128,7001
pretrain,,298,0.23241608441175005,0.08276791620945965,147171.67605182328,0.6480766741026724,1.2924375993864876,0.0734211212567043,1.3933579487992187,0.0,0.19667897439960924,0.5642756276897021,0.7867158676187197,0.8463392347097397,0.03387091844439799,0.7867158975984369,4.9847932115376636e-08,0.0,1.0203831046819687,7152,7025
pretrain,,299,0.13079275823603229,0.08260238037704073,127100.30237533225,0.49955356843946946,1.3433817444635285,0.06868921014372893,1.4065724389982364,0.0,0.2032862194991183,0.5668728851846285,0.8131448477506638,0.8458060145378112,0.024574086838601697,0.8131448779964731,7.406231901837164e-08,0.0,0.9761885926127434,7176,7049
pretrain,,300,0.02751658972448904,0.08243717561628665,110057.2398281236,0.6649526406877807,1.488264038200889,0.05322109298564662,1.3780218008018676,0.0,0.1890109004009338,0.57816458599908,0.7560435881217321,0.8002775371074676,0.03663913745502265,0.756043601603735,5.605674926097611e-08,0.0,1.0252377117673557,7200,7073
pretrain,,301,-0.006614874847888956,0.08227230126505408,105570.40738844797,0.4501572808339482,1.1566436139600615,0.04948310939303021,1.397665526008322,0.0,0.19883276300416108,0.5775165579148701,0.7953310310840607,0.8328539878129959,0.0295346851259253,0.7953310520166442,4.931574772622701e-08,0.0,1.016221006711324,7224,7097
pretrain,,302,0.30228298689698774,0.08210775666252398,162608.8590818254,0.5908504043306623,1.1609965572399752,0.06895364095696475,1.3848388500156859,0.0,0.1924194250078429,0.5717296696134976,0.7696776712934176,0.8290841072797774,0.04763582946070757,0.7696777000313713,5.1799274647379434e-08,0.0,1.0521351844072342,7248,7121
pretrain,,303,0.12527444859352593,0.08194354114919894,126872.68357149833,0.7797732333697024,1.5929872707596842,0.0721115175363376,1.3988211719940107,0.0,0.1994105859970053,0.5669032984546252,0.7976423129439354,0.8303006321191788,0.02739279510506814,0.7976423439880213,5.339582759278372e-08,0.0,1.0424726977944374,7272,7145
pretrain,,304,0.1097065083271525,0.08177965406690053,121889.33864233241,0.6564593516024096,1.3921917536428992,0.05823099455379129,1.3940811472989265,0.0,0.19704057364946323,0.5725850510810102,0.7881622910499573,0.8425954937934875,0.04833878782629613,0.7881622945978527,6.42169089570821e-08,0.0,1.0281735708316166,7296,7169
pretrain,,305,0.1449337605886083,0.08161609475876673,130151.64086280912,0.506525956803844,1.0509705067745272,0.07227642329971991,1.389713986954164,0.0,0.19485699347708196,0.5376598888209887,0.7794279431303343,0.8189554721117019,0.027658300496717254,0.7794279739083279,7.140139738718669e-08,0.0,1.0254005566239357,7320,7193
pretrain,,306,-0.04129509594934935,0.08145286256924919,102756.05633951527,0.445243324774007,1.1444669291377065,0.05676370648092458,1.4058041880350736,0.0,0.2029020940175369,0.5754179252045495,0.8116083641846975,0.8472394526004792,0.032205235047282,0.8116083760701475,6.545867242691017e-08,0.0,0.9847130129734675,7344,7217
pretrain,,307,0.07265856292001313,0.0812899568441107,116038.56866900927,0.3531173038784237,0.8820019584681305,0.05463250361124348,1.39159205041471,0.0,0.19579602520735492,0.5695042046053069,0.7831840564807256,0.8330506116151809,0.03578954160133942,0.7831841008294195,6.279775074021406e-08,0.0,1.0021529793739319,7368,7241
pretrain,,308,-0.013118841073829119,0.08112737693042248,105308.17972241565,0.4180120142797629,1.1450646687831192,0.05293749113001623,1.389088320723247,0.0,0.1945441603616235,0.5765785585556711,0.7781766057014465,0.8223080933094025,0.02791987346365783,0.7781766414464938,6.12898951590779e-08,0.0,1.0112639889121056,7392,7265
pretrain,,309,0.2464310982137736,0.08096512217656163,153248.20555179293,0.5963426167145371,1.2100539491644926,0.08419392744070182,1.4066486273493084,0.0,0.2033243136746543,0.5559126026928425,0.8132972170909246,0.8457195371389389,0.02336939233991723,0.8132972546986169,6.882917310176613e-08,0.0,0.9970942909518877,7416,7289
pretrain,,310,0.04702873528931294,0.0808031919322085,113228.96485681063,0.5556220391410447,1.1315755175692692,0.05817084768218767,1.3896205721511727,0.0,0.1948102860755864,0.5810228032725198,0.779241090019544,0.8410345345735549,0.04460638307779135,0.7792411443023454,7.344143730196133e-08,0.0,1.0241542309522629,7440,7313
pretrain,,311,0.19130388876619617,0.0806415855483441,137985.5584539271,0.8276470793588531,1.412114311435393,0.0699854913439178,1.3945654957954374,0.0,0.19728274789771863,0.5656563597066062,0.7891309633851051,0.8267586112022399,0.026954756800482548,0.7891309915908745,6.652304102017226e-08,0.0,1.0501703048745792,7464,7337
pretrain,,312,0.061566454492869196,0.0804803023772474,115207.4696576197,0.6776192219528769,1.418406216321247,0.058695226416456546,1.3985161112089244,0.0,0.19925805560446216,0.5806616959827287,0.7970322097341219,0.8350749373435974,0.032921308454710786,0.7970322224178483,6.820829134834838e-08,0.0,1.0311647231380145,7488,7361
pretrain,,313,0.118677773306669,0.0803193417724929,123142.71899124022,0.6824998280388259,1.2850221680743352,0.05771362537911293,1.40786111860403,0.0,0.20393055930201498,0.5840425619057246,0.8157222047448158,0.8641428411006927,0.04017115351215736,0.8157222372080598,6.474909323520943e-08,0.0,1.0328697090347607,7512,7385
pretrain,,314,0.09907465745486704,0.08015870308894793,121572.32595164365,0.33531880533943575,1.0874879747629154,0.06530810176447822,1.393107351403506,0.0,0.19655367570175306,0.5686957234782832,0.7862146844466528,0.8401914119720458,0.03527352137800532,0.7862147028070119,6.182207945570894e-08,0.0,0.9928773244222006,7536,7409
pretrain,,315,0.11802019832417826,0.07999838568277003,122552.1117911331,0.5088888485250728,1.2348566249012947,0.055000325536903094,1.3833739369930254,0.0,0.19168696849651282,0.5804244939770018,0.7667478397488594,0.8258441805839538,0.044909070244457734,0.7667478739860512,7.982764923160819e-08,0.0,1.0040955965717633,7560,7433
pretrain,,316,0.004274808193553442,0.07983838891140448,110759.78052512478,0.5914604130555832,1.0017897338739463,0.07739198936541807,1.4047527455591728,0.0,0.2023763727795865,0.5315471312829426,0.809505470097065,0.842923304438591,0.026307690080688746,0.809505491118346,5.1710577301615025e-08,0.0,1.03349153449138,7584,7457
pretrain,,317,0.16342436418430847,0.07967871213358167,131287.07893086088,0.676254566936266,1.1256361335515976,0.06240504657829135,1.4005474139537128,0.0,0.20027370697685654,0.5590653387563569,0.8010947977503141,0.8354560106992721,0.026768098724619004,0.8010948279074261,6.102380304776982e-08,0.0,1.0509855598211288,7608,7481
pretrain,,318,0.11719353347689818,0.07951935470931451,124192.20229335639,0.8966326240804934,1.672771473973989,0.06466911165616034,1.3854144880814214,0.0,0.1927072440407106,0.5730873378259795,0.7708289548754692,0.8445988804101944,0.06241499911225533,0.7708289761628424,5.7475907496347865e-08,0.0,1.050717627008756,7632,7505
pretrain,,319,0.09533733973143838,0.07936031599989589,118669.0037667486,0.5636646468635825,1.5909455936934263,0.051652189462382564,1.397761399281167,0.0,0.1988806996405834,0.5801749176212719,0.7955227966109911,0.835105174779892,0.03518683706848176,0.7955227985623337,4.6300036619465836e-08,0.0,1.0231158956885338,7656,7529
pretrain,,320,0.052250095732780416,0.07920159536789609,118900.4912654755,0.629598478387509,1.342013809563858,0.08892540503926356,1.3752132281661034,0.0,0.1876066140830517,0.5243007013840335,0.7504264265298843,0.8025736719369888,0.03705045516499559,0.7504264563322067,6.173338210994454e-08,0.0,1.0741207351287205,7680,7553
pretrain,,321,0.3013768691071853,0.07904319217716031,162794.5277642223,0.5517146795810688,1.1123994765537124,0.07029322416141305,1.3852285308142502,0.0,0.19261426540712515,0.5737576048289026,0.7704570591449738,0.8151622027158737,0.04476162904922251,0.7704570616285006,4.9670537294321804e-08,0.0,1.0224583273132641,7704,7577
pretrain,,322,-0.0231000688910495,0.07888510579280598,103801.29051612514,0.3639122275192113,0.8192467239286215,0.04976742459241129,1.3947693054519952,0.0,0.19738465272599745,0.5803916422384126,0.7895385771989822,0.8221187025308608,0.02533069210953047,0.7895386109039898,5.03801164305114e-08,0.0,1.0018298899134,7728,7601
pretrain,,323,-0.03511513114229073,0.07872733558122036,103410.37667731186,0.39785198718752895,1.179301227203437,0.05674515654734965,1.400023927912116,0.0,0.20001196395605803,0.5791967606970242,0.8000478520989418,0.8315596491098404,0.025854690855495906,0.8000478558242321,6.403951419153842e-08,0.0,0.9934491639335951,7752,7625
pretrain,,324,0.309932041542758,0.07856988091005793,165497.91247694494,0.5755133979643384,1.446424791642597,0.07152560808422855,1.377381146796757,0.0,0.18869057339837866,0.5507674909063748,0.7547622447212537,0.7897200465202332,0.025313732269807886,0.7547622935935144,6.075771073292084e-08,0.0,1.0126214449604352,7776,7649
pretrain,,325,0.22043778202571254,0.07841274114823782,144437.56905689713,0.5851558468171528,1.187814244947263,0.07268464254757236,1.398206686423648,0.0,0.19910334321182402,0.5465774546776498,0.7964133570591608,0.8394553691148758,0.03440651250833374,0.7964133728472959,3.884945602254201e-08,0.0,1.0150205070773761,7800,7673
pretrain,,326,0.07024218842794348,0.07825591566594134,116712.38348187612,0.5641167506220794,1.2071324141430002,0.06079225125519727,1.3970268178021623,0.0,0.19851340890108124,0.5567962937057018,0.7940536340077718,0.8292549639940262,0.030655153004489247,0.7940536356043247,6.865177837322989e-08,0.0,1.0451522866884868,7824,7697
pretrain,,327,0.09713216831638335,0.07809940383460945,127603.60510027899,0.485914411466746,1.2407178541379311,0.09932576121150756,1.3905492756249647,0.0,0.19527463781248247,0.5316899855222021,0.7810985272129377,0.8364095211029052,0.05364383525236246,0.7810985512499297,6.004813168924983e-08,0.0,1.0449118514855702,7848,7721
pretrain,,328,0.1648461293022043,0.07794320502694023,130348.04695056922,0.6930130414354304,1.6866688298327572,0.056647543224704944,1.403366565659997,0.0,0.2016832828299985,0.5801839232444763,0.8067331065734228,0.8571454793214798,0.03129202431584788,0.806733131319994,7.601366153187072e-08,0.0,1.0063374464710553,7872,7745
pretrain,,329,-0.05548087515084737,0.07778731861688634,104849.51301318264,0.7979063559767036,1.3911382401095966,0.08477750196252748,1.39067348141578,0.0,0.19533674070788995,0.5517927397574698,0.7813469444712003,0.8257992774248123,0.0377216452001027,0.7813469628315596,4.7453102595499765e-08,0.0,1.0303362707297008,7896,7769
pretrain,,330,0.263417938953005,0.07763174397965258,150054.45777043884,0.6498802576125378,1.393403106076377,0.05846445089702313,1.3910155581931274,0.0,0.19550777909656367,0.5739070102572441,0.7820311139027277,0.8204823017120362,0.03049452445051423,0.7820311163862547,6.102380293674751e-08,0.0,1.0054751162727673,7920,7793
pretrain,,331,0.07810893367766145,0.07747648049169328,116283.50319356089,0.3565496108051212,0.5857184355812414,0.05160321224314788,1.4074474054699142,0.0,0.20372370273495713,0.5856116414070129,0.8148947954177856,0.8354165494441986,0.013434341123432426,0.8148948109398285,7.831979359496088e-08,0.0,0.9914357041319212,7944,7817
pretrain,,332,0.09228528121808557,0.07732152753070988,119841.08560233633,0.6633095893387994,1.071871464486633,0.06106362488225584,1.3812168742574393,0.0,0.19060843712871986,0.5808297299912997,0.7624337325493494,0.8333370923995972,0.04881193920048829,0.7624337485148794,4.683222095310432e-08,0.0,1.0536392057935398,7968,7841
pretrain,,333,0.1061754692947514,0.07716688447564847,120582.90180400822,0.5680861057536233,1.2501832902963668,0.053766298950424056,1.3961609743003336,0.0,0.1980804871501667,0.5788083778960365,0.7923219402631124,0.8382700741291046,0.034877380475802536,0.7923219486006667,7.219967386914068e-08,0.0,1.0024306898315747,7992,7865
pretrain,,334,0.09970476076912477,0.07701255070669717,122497.94900742211,0.8408567824711403,1.5968003015433037,0.06996253400064079,1.4022572943497273,0.0,0.2011286471748636,0.5750506424478121,0.8045145745078722,0.8377462476491928,0.02842959255574158,0.8045145886994542,4.8606168664052283e-08,0.0,1.0192487090826035,8016,7889
pretrain,,335,-0.03791361217580977,0.07685852560528378,103875.80580589172,0.6519513595849276,1.2359684181532684,0.06268794387876944,1.4141132293623826,0.0,0.2070566146811914,0.5781941999282156,0.8282264272371928,0.8619716465473175,0.018856484010304837,0.8282264587247655,5.809678915724703e-08,0.0,1.037904568016529,8040,7913
pretrain,,336,0.09770815394636971,0.07670480855407322,118543.26290693316,0.2962415653857447,0.6601735805826526,0.048931640052953036,1.3615199505307138,0.0,0.1807599752653568,0.5730451345443726,0.7230398853619894,0.7760013967752456,0.033692775767688095,0.7230399010614269,4.8694866028320405e-08,0.0,0.9969747414191564,8064,7937
pretrain,,337,0.05600159577397279,0.07655139893696507,113528.47747316044,0.5386250158771873,1.334040462332112,0.05263511652519942,1.3991845565892402,0.0,0.1995922782946201,0.5781067599143301,0.7983691319823265,0.8447939395904541,0.03585545236027903,0.7983691131784801,5.1799274702890585e-08,0.0,1.0085075870156288,8088,7961
pretrain,,338,0.22890586036997315,0.07639829613909113,142875.04347657462,0.3645500190822141,0.9646687000457725,0.05931820139649661,1.3868048629679144,0.0,0.19340243148395705,0.5621145351656845,0.7736096928517023,0.804095908999443,0.022921728817135577,0.773609725935828,4.8517471262776724e-08,0.0,0.9887138282259306,8112,7985
pretrain,,339,0.4108680108306183,0.07624549954681294,193200.90004778307,0.439624500993107,1.0351538743823765,0.05961338064439273,1.3959344040070263,0.0,0.19796720200351312,0.5834967472723551,0.7918687735994657,0.8345808118581772,0.033955863090738704,0.7918688080140521,5.8185486577026303e-08,0.0,1.0121646945675213,8136,8009
pretrain,,340,0.03356323839921458,0.07609300854771933,113262.62750037186,0.5995300633256279,1.4109240314790175,0.0696108323685173,1.4100054945530633,0.0,0.2050027472765318,0.5748820890273367,0.8200109576185545,0.84500412940979,0.019865521471467414,0.8200109891061271,5.064620852331577e-08,0.0,1.001457504928112,8160,8033
pretrain,,341,0.32719551997238844,0.07594082253062388,164998.61681684587,0.4673101890920883,1.1257017081337313,0.055615661134888035,1.3937956385669255,0.0,0.19689781928346273,0.5822021194866724,0.7875912711024284,0.8295359522104263,0.031761492127052794,0.7875912771338509,5.357322239533483e-08,0.0,1.018779235581557,8184,8057
pretrain,,342,0.11970377693626354,0.07578894088556264,121965.98267477697,0.2841443869595726,0.5508838833974941,0.050329565461060266,1.3898959602007555,0.0,0.19494798010037773,0.5787044135587556,0.7797918890913328,0.8251889079809189,0.03802620313147763,0.7797919204015108,4.887226084937524e-08,0.0,0.9873810857534409,8208,8081
pretrain,,343,0.15815110642657146,0.07563736300379152,129825.57489986974,0.5569253167403596,1.2047628675188335,0.05965386374601342,1.3994709314512355,0.0,0.19973546572561776,0.5685847412262643,0.7989418233434359,0.8328374743461608,0.024008236555941715,0.798941862902471,5.765330229889898e-08,0.0,1.0051295310258865,8232,8105
pretrain,,344,-0.23074602195647817,0.07548608827778393,88710.27287368457,0.6436362687853121,1.1565387379378078,0.08623405110995601,1.3878282405702131,0.0,0.19391412028510654,0.5257496386766434,0.7756564641992251,0.8218340367078781,0.03039287598949634,0.7756564811404262,6.288644815999334e-08,0.0,1.0550617277622223,8256,8129
pretrain,,345,0.08028909606833493,0.07533511610122835,117439.89618552857,0.5299478023800822,1.0896989440811529,0.05684292801838962,1.390162497049286,0.0,0.19508124852464315,0.5811080325927054,0.7803249731659889,0.821122407913208,0.03900429363341182,0.7803249940985725,5.889506567620847e-08,0.0,0.9920924454927444,8280,8153
pretrain,,346,-0.14177791710745066,0.07518444586902591,97251.51194099936,0.707621422795845,1.167445286735892,0.09459689039969339,1.371004824083121,0.0,0.1855024120415605,0.4986827831183161,0.7420096173882484,0.7948872596025467,0.0410058810563904,0.742009648166242,6.075771078843199e-08,0.0,1.0779686520497005,8304,8177
pretrain,,347,0.09990031541396018,0.07503407697728785,121200.21625866326,0.6229944877060397,1.3740873283573558,0.06251554044795082,1.3875366465321608,0.0,0.19376832326608048,0.5658851766160555,0.7750732724865278,0.8316122263669967,0.03450803725953646,0.7750732930643216,7.131269993039997e-08,0.0,1.0291759967803955,8328,8201
pretrain,,348,-0.122083183556302,0.07488400882333328,96909.04767713172,0.6104083516014119,1.234041558951139,0.07515649073761906,1.3864290859284145,0.0,0.1932145429642073,0.5664984466774123,0.7728581229845682,0.8268700182437897,0.038788525397043076,0.772858171856829,6.767610714423593e-08,0.0,1.0168200830618541,8352,8225
pretrain,,349,0.344419925991283,0.07473424080568661,172831.16047512123,0.4058135633933402,1.2432591939611088,0.06415058940913422,1.377818910493737,0.0,0.1889094552468686,0.5578318185039929,0.7556378121177355,0.7996481627225875,0.034045771575853145,0.7556378209874742,5.215406423397795e-08,0.0,1.0059794162710507,8376,8249
pretrain,,350,0.07096029774398283,0.07458477232407523,117134.80800366291,0.6285296791632261,1.21992653815874,0.06276875409558617,1.3951568532557712,0.0,0.19757842662788574,0.5830849834850855,0.7903136710325877,0.8229235798120499,0.02510134722085276,0.7903137065115429,5.3218432771728885e-08,0.0,1.0117452119787533,8400,8273
pretrain,,351,-0.016593259971447005,0.07443560277942708,107528.48663458192,0.5767243836030719,1.1160452455282208,0.07217261722230572,1.378365154998998,0.0,0.18918257749949893,0.569835899663823,0.7567302833000819,0.8288001775741577,0.04722248567785764,0.7567303099979955,6.199947427676378e-08,0.0,1.0272399857640266,8424,8297
pretrain,,352,-0.06456747419891933,0.07428673157386823,101767.08044611463,0.4985982013777608,1.2825825593833404,0.0682762027970117,1.395272245453227,0.0,0.19763612272661357,0.560386064861502,0.7905444751183192,0.8434131145477294,0.030283699173345828,0.7905444909064543,5.250885376506531e-08,0.0,1.0075900355974834,8448,8321
pretrain,,353,0.19956568942336936,0.0741381581107205,135565.03919167502,0.5575787341665653,1.2982989119631902,0.05231749974298783,1.3950881271046542,0.0,0.19754406355232712,0.5814292420234,0.79017623513937,0.8531086415052413,0.04625760529030107,0.7901762542093085,6.111250035652678e-08,0.0,1.0098720739285152,8472,8345
pretrain,,354,-0.6869060908725391,0.07398988179449906,63556.02176478972,0.5274294532746786,1.0031359148877004,0.09457588264079975,1.3832884210028817,0.0,0.19164421050144095,0.5094274825283459,0.7665768141547838,0.8197896718978881,0.04204574506141079,0.7665768420057638,5.3218432827240036e-08,0.0,1.0473149344325066,8496,8369
pretrain,,355,0.2815704891962897,0.07384190203091005,156527.11121663326,0.5348784406447694,1.2686485041465074,0.06630212407553197,1.3942593458507744,0.0,0.19712967292538716,0.5550229453614779,0.7885186895728111,0.8333840221166611,0.024681793975758724,0.7885186917015484,5.2154064196970516e-08,0.0,1.0048450157046318,8520,8393
pretrain,,356,0.2563376295001391,0.07369421822684824,147354.71198289603,0.5856439200274292,1.1274256762649328,0.05418984282088966,1.3887644150250014,0.0,0.19438220751250077,0.5833914130926132,0.7775287926197052,0.8227323234081269,0.0332160260214353,0.7775288300500028,6.297514556126889e-08,0.0,1.0400202721357346,8544,8417
pretrain,,357,-0.30902324825775207,0.07354682979039454,81079.14599038918,0.6519670770725324,1.361597778701356,0.06305039945198422,1.4024909044660274,0.0,0.20124545223301368,0.560924410287823,0.8049817879994711,0.8435470044612884,0.024915970682032135,0.8049818089320547,5.144448509778835e-08,0.0,1.0300722271203995,8568,8441
pretrain,,358,-0.1579351526440536,0.07339973613081374,95148.76151511555,0.5570754184431973,1.1307944280228444,0.08912443636380019,1.3921917307501037,0.0,0.1960958653750519,0.512710617589099,0.7843834335605303,0.8198012948036194,0.03429130776787787,0.7843834615002075,7.015963399137348e-08,0.0,1.0229508727788925,8592,8465
pretrain,,359,-0.05259461704149471,0.07325293665855212,103922.2672152844,0.6043759907285372,1.7152212385088192,0.075280778870583,1.393401303993804,0.0,0.1967006519969021,0.5604652741125651,0.7868025799592336,0.8254052013158798,0.030050939463687594,0.7868026079876081,6.137859246783488e-08,0.0,0.9972107609113058,8616,8489
pretrain,,360,0.21484507363156446,0.07310643078523502,143011.03655499435,0.6506188666625392,1.5486532307096887,0.0715901616882424,1.3987945372327453,0.0,0.19939726861637266,0.5332068614661694,0.7975890636444092,0.8544098854064941,0.040297831487898984,0.7975890744654904,6.510388293283025e-08,0.0,0.9817351823051771,8640,8513
pretrain,,361,0.2168505960078252,0.07296021792366454,139413.06041525042,0.4712713549711875,0.9554364592901297,0.05488041044828401,1.3843657236901068,0.0,0.1921828618450534,0.578399121761322,0.7687314326564471,0.8325958937406539,0.03991840752170931,0.7687314473802136,4.913835292367589e-08,0.0,1.008297490576903,8664,8537
pretrain,,362,0.1832002513346991,0.07281429748781722,134067.85770573674,0.5349406317053806,1.1703358028616222,0.05909067642327151,1.3841536311166627,0.0,0.19207681555833137,0.5408876495701926,0.7683072288831075,0.800677141547203,0.03156110416971862,0.7683072622333253,6.38621193889873e-08,0.0,1.0444373885790508,8688,8561
pretrain,,363,0.10864536668791427,0.07266866889284158,124591.57040617167,0.8880533713492609,1.6574934034475257,0.07394342916572379,1.3842864116387705,0.0,0.1921432058193854,0.5217556320130825,0.7685728172461191,0.832048311829567,0.0433255301353733,0.7685728232775415,5.002532689942404e-08,0.0,1.084668921927611,8712,8585
pretrain,,364,-0.14294046592618054,0.0725233315550559,95725.10447888165,0.5155315059015438,1.1000069133937358,0.08190202181150293,1.3973150562849783,0.0,0.19865752814248916,0.5520901009440422,0.7946300953626633,0.8330750972032547,0.03120503152466053,0.7946301125699566,5.1976669357411964e-08,0.0,0.9988128716746966,8736,8609
pretrain,,365,0.12589901289060862,0.07237828489194578,125002.1313134727,0.6255047230183014,2.0633274084223157,0.06176218940253728,1.3883226403877849,0.0,0.19416132019389243,0.5812705648796899,0.7766452754537264,0.8330577135086059,0.04756131579793327,0.7766452807755697,7.23770686716918e-08,0.0,1.034117562075456,8760,8633
pretrain,,366,0.08648095967318015,0.07223352832216189,119223.14583639073,0.5551198883469971,1.3853480128305298,0.062296444946988154,1.3914787210080595,0.0,0.19573936050402976,0.5670551093561309,0.7829574222366015,0.8207131385803222,0.02991431572706844,0.782957442016119,6.022552647329722e-08,0.0,1.0206356222430866,8784,8657
pretrain,,367,0.15656657033488114,0.07208906126551758,127684.69310057891,0.3676634955086879,0.9407194260507815,0.05021183060877362,1.396994162883077,0.0,0.1984970814415387,0.5842514101948058,0.7939883048335711,0.8282609581947327,0.02185955773805333,0.7939883257661546,5.4282801476013276e-08,0.0,1.006232663989067,8808,8681
pretrain,,368,-0.02703815612504823,0.07194488314298654,108408.03481748448,0.5465434916273114,1.270261301366346,0.08716442010948056,1.3830232021975375,0.0,0.19151160109876877,0.5526113552706582,0.7660463824868202,0.8066102296113968,0.030598902258782566,0.766046404395075,4.74531026325072e-08,0.0,1.036568780740102,8832,8705
pretrain,,369,0.2629475840164066,0.07180099337670057,155295.8979357322,0.6855070539528415,1.359876074216195,0.07760033672330488,1.3745513489203793,0.0,0.1872756744601897,0.5352814346551895,0.7491026868422827,0.7965874880552292,0.03700901588009603,0.7491026978407586,6.492648809327169e-08,0.0,1.068224236369133,8856,8729
pretrain,,370,0.07654473224767437,0.07165739138994716,120256.78672922788,0.4450300031652053,0.8657180146979432,0.07658447316960847,1.3911164544434065,0.0,0.19555822722170327,0.5341966173478535,0.7822328880429268,0.8168942183256149,0.025347317488291537,0.782232908886813,6.111250035652678e-08,0.0,1.022078886628151,8880,8753
pretrain,,371,0.21272071329707729,0.07151407660716727,146505.62627637948,0.6981671102611081,1.221596510229366,0.08725970316373645,1.3898527719790028,0.0,0.1949263859895014,0.5432968107717377,0.7797055567304293,0.8523318141698837,0.062918313208807,0.7797055439580055,3.7962482065297585e-08,0.0,1.0648961613575618,8904,8777
pretrain,,372,0.2101011863667228,0.07137104845395292,140953.79023404673,0.5293399151414633,1.1635767436453273,0.06703870623225233,1.3686325116349118,0.0,0.1843162558174559,0.578865045947688,0.7372649709383646,0.808045557141304,0.043076689675603054,0.7372650232698236,6.794219921853657e-08,0.0,1.0626229469974835,8928,8801
pretrain,,373,0.12317459965475089,0.07122830635704502,122884.28619709323,0.4092193350550674,0.8802412136324814,0.05254308531957295,1.4024811341826406,0.0,0.2012405670913203,0.5778761431574821,0.8049622451265653,0.8299548149108886,0.018065636138084214,0.8049622683652808,5.800809175597147e-08,0.0,0.9989353319009145,8952,8825
pretrain,,374,-0.03199365803786057,0.07108584974433094,107349.81151928917,0.70000172763442,1.332837148330041,0.0837163764490969,1.4028694030074844,0.0,0.20143470150374232,0.5597829797438212,0.8057387918233871,0.8382298350334167,0.02353760593061823,0.8057388060149693,4.399390453787196e-08,0.0,0.9919409677386284,8976,8849
pretrain,,375,0.245903816420299,0.07094367804484226,144104.68052954687,0.41785053571774844,1.2074305986719471,0.05013016458734377,1.3827378263785726,0.0,0.19136891318928628,0.5850286430546215,0.7654756233096123,0.8058463513851166,0.030363358962882732,0.765475652757145,4.896095815813221e-08,0.0,1.0103357583284378,9000,8873
pretrain,,376,-0.050649835922746314,0.07080179068875259,103729.42931414313,0.42901163541578824,0.8863289062199847,0.07216939259396647,1.3929759997519708,0.0,0.19648799987598545,0.5472000230635916,0.7859519744912783,0.820068621635437,0.02157324255739163,0.7859519995039417,7.361883204900128e-08,0.0,1.0039619257052739,9024,8897
pretrain,,377,0.012567586081895808,0.07066018710737508,110676.61498217273,0.5415348299956393,1.127860500823174,0.06991598223366893,1.3991845791183766,0.0,0.1995922895591883,0.5627751350402832,0.7983691270152727,0.8313871502876282,0.03418248132409609,0.7983691582367533,6.545867240840646e-08,0.0,1.0080269301931064,9048,8921
pretrain,,378,0.2414049441842632,0.07051886673316032,148752.7371644787,0.6252378525345453,1.3248548316902344,0.0719487654302819,1.3895008591491553,0.0,0.19475042957457758,0.5632051170936652,0.7790016904473305,0.8177211821079254,0.03389738719872201,0.7790017182983103,6.368472458643619e-08,0.0,1.0041175385316212,9072,8945
pretrain,,379,0.2166936109533095,0.07037782899969401,147102.23752814226,0.8901698433217549,1.448603266371148,0.086255896775787,1.3875564571824814,0.0,0.1937782285912406,0.5446048964347159,0.7751128921906153,0.8208260089159012,0.030171866030943288,0.7751129143649624,5.907246040474471e-08,0.0,1.0273889005184174,9096,8969
pretrain,,380,0.052491735230578304,0.07023707334169463,114898.87527331419,0.7754125487325446,1.6781526660280566,0.06431477181624841,1.3988935904843467,0.0,0.19944679524217335,0.5459855049848557,0.7977871671319008,0.8397372454404831,0.02542180677892784,0.7977871809686933,4.8606168701059715e-08,0.0,1.0436345661679904,9120,8993
pretrain,,381,-0.016981295762664605,0.07009659919501124,105275.91025006176,0.508275131916716,1.6572331905364983,0.05591364319025721,1.4096020692959428,0.0,0.2048010346479714,0.5834867879748344,0.8192041292786598,0.8555033653974533,0.030144667324397613,0.8192041385918856,7.140139735017925e-08,0.0,0.9895672425627708,9144,9017
pretrain,,382,-0.21742281052337095,0.06995640599662122,88425.38000317078,0.6858894167290556,1.4544843653483046,0.07210481354243647,1.3886050858667918,0.0,0.19430254293339597,0.5646883898547717,0.7772101536393166,0.8401277542114257,0.039665876287020604,0.7772101717335836,5.321843290125491e-08,0.0,1.033203698694706,9168,9041
pretrain,,383,-0.08281344616324658,0.06981649318462797,99537.44444929532,0.8326830199165713,1.509272637803639,0.06513866288771002,1.389780341115381,0.0,0.19489017055769053,0.5608238652348518,0.7795606553554535,0.8223892033100129,0.034075339222605354,0.779560682230762,6.696652798954261e-08,0.0,1.0209278116623561,9192,9065
pretrain,,384,0.03627933100714562,0.06967686019825871,110636.05899753363,0.44067316364851733,1.0430765809757365,0.04988018713368164,1.390852119064047,0.0,0.1954260595320236,0.5858963781169482,0.7817042246460915,0.8072038650512695,0.01840094454155559,0.7817042381280944,5.144448513479579e-08,0.0,1.0101045792301495,9216,9089
pretrain,,385,0.11017595341428785,0.0695375064778622,122154.76730699245,0.6869980194605887,1.4620740848992548,0.05932535112737448,1.3960548245037596,0.0,0.19802741225187978,0.5864669137767382,0.7921096334854761,0.8353835463523864,0.038629262221176706,0.7921096490075191,5.596805187820427e-08,0.0,1.0226076568166416,9240,9113
pretrain,,386,0.052099545954750595,0.06939843146490647,112714.97091442555,0.5523320017160759,1.1940302797194033,0.050589051096238236,1.3857076345455077,0.0,0.19285381727275394,0.5764834306069783,0.7714152758320173,0.830883526802063,0.038865149052613956,0.7714152690910158,6.04916186771239e-08,0.0,1.0181436613202095,9264,9137
pretrain,,387,0.10973151655561687,0.06925963460197666,122619.09559748904,0.6924949122504108,1.4403142251074312,0.062279018303560106,1.3950321180302474,0.0,0.19751605901512362,0.5793402141758374,0.790064220627149,0.8263030588626862,0.027156705306956633,0.7900642360604944,4.913835301619448e-08,0.0,1.0173930749297142,9288,9161
pretrain,,388,0.02416702489172793,0.0691211153327727,110845.39579422778,0.8100713151728822,1.4451879431094443,0.061396268021329,1.393142632253113,0.0,0.19657131612655662,0.5847260228225163,0.7862852488954862,0.8216251909732819,0.030044858847283952,0.7862852645062265,5.108969560370843e-08,0.0,1.0450359135866165,9312,9185
pretrain,,389,0.036453451488011226,0.06898287310210716,115040.02778076736,0.5781953991169021,1.170158915115254,0.07856991111499469,1.3923608548052255,0.0,0.19618042740261274,0.5517653280070849,0.7847216899196306,0.807064539194107,0.02371589018963958,0.7847217096104507,5.800809179297891e-08,0.0,1.0398019850254059,9336,9209
pretrain,,390,0.29329008018309344,0.06884490735590294,159658.78705824103,0.8194902966552902,1.3793525319014277,0.06697850687517008,1.3687138984068519,0.0,0.18435694920342596,0.5372029606785094,0.7374277785420418,0.8133978247642517,0.050736758294931406,0.7374277968137037,5.2863643277648954e-08,0.0,1.0460785056153934,9360,9233
pretrain,,391,0.03930770670908144,0.06870721754119113,114209.38766052139,0.560107908433392,1.0700718630105255,0.07092293918831206,1.4007749898980062,0.0,0.20038749494900307,0.5533869271831853,0.8015499611695608,0.83570616543293,0.02770293376558136,0.8015499797960123,4.771919479932644e-08,0.0,0.9856023713946342,9384,9257
pretrain,,392,0.2317443635276502,0.06856980310610876,142887.42614427424,0.5861392366212038,1.2051971749003443,0.05700332760850226,1.4010010664129542,0.0,0.20050053320647707,0.5851121555481638,0.8020021170377731,0.8518691122531891,0.02921536939258368,0.802002132825908,4.9493142565785554e-08,0.0,1.0119414230187733,9408,9281
pretrain,,393,0.1776347409764695,0.06843266349989655,134098.33460075906,0.7417696054492678,1.265446601063013,0.06386986894838936,1.3948406525222319,0.0,0.19742032626111594,0.5835322067141533,0.7896812732021014,0.8431951463222503,0.030112350916337592,0.7896813050444637,5.987073692370615e-08,0.0,1.0164791097243626,9432,9305
pretrain,,394,-0.444208688486119,0.06829579817289674,72744.761427759,0.6376184353250123,1.3533729652741122,0.05794937894878562,1.3867331346763032,0.0,0.1933665673381516,0.561484222965581,0.7734662269552549,0.8015822559595108,0.021368016033445514,0.7734662693526063,6.084640820821126e-08,0.0,1.0032100652654965,9456,9329
pretrain,,395,0.05916492793723752,0.06815920657655095,114343.8603059691,0.498708907670031,1.2936318994100604,0.05523335512302726,1.4013757252888308,0.0,0.20068786264441552,0.5830594833408083,0.8027514492472013,0.8234961330890656,0.016931354956586108,0.802751450577662,6.217686900530002e-08,0.0,1.0024074241518974,9480,9353
pretrain,,396,-0.056288896487329966,0.06802288816339785,103963.8449470742,0.6510993917916147,1.3801329589315823,0.0786800374264881,1.3973366929484266,0.0,0.19866834647421325,0.5607765136020524,0.7946733410159746,0.8296029180288315,0.024840457855112904,0.794673385896853,6.65230409461574e-08,0.0,1.025789958735307,9504,9377
pretrain,,397,0.19103584599723802,0.06788684238707106,135612.72894854983,0.741812762006053,1.5495728038251402,0.05964187273767265,1.3901293047127268,0.0,0.1950646523563635,0.5701479847942079,0.7802585909763972,0.8193007379770278,0.03261854006612242,0.780258609425454,7.592496414909888e-08,0.0,1.0588664238651593,9528,9401
pretrain,,398,0.17564066087335453,0.06775106870229691,139896.2481890772,0.7237764724219838,1.7250239535367904,0.09128657190489604,1.3916772811984022,0.0,0.1958386405992011,0.5406242619667734,0.7833545406659445,0.8305551081895828,0.03557900277112269,0.7833545623968045,5.064620852331577e-08,0.0,1.0406796311338742,9552,9425
pretrain,,399,0.0977705575740161,0.06761556656489232,119127.07791123084,0.47048190486661734,1.2901265806119355,0.05232477516754791,1.4023481091218333,0.0,0.20117405456091678,0.5841977638857705,0.804696169992288,0.8331362187862397,0.02149294997925015,0.8046962182436669,6.403951409901983e-08,0.0,0.9836984698971113,9576,9449
pretrain,,400,0.0740664860191849,0.06748033543176253,115850.6754123076,0.42295941164983164,1.245478892007044,0.05229449429689767,1.393498667382768,0.0,0.19674933369138414,0.578478280454874,0.7869973033666611,0.824957200884819,0.03303827796387284,0.7869973347655362,6.599085663102262e-08,0.0,0.979714592297872,9600,9473
pretrain,,401,0.053117305369287285,0.06734537476089901,113271.14303756085,0.3567731497543199,0.8618525348603723,0.0533710892639628,1.3888768001149099,0.0,0.1944384000574549,0.5854711596454893,0.7777535915374756,0.818500530719757,0.03253186688664183,0.7777536002298197,4.133298281416842e-08,0.0,1.0027065053582191,9624,9497
pretrain,,402,-0.03997852670491435,0.06721068401137721,103096.55168131377,0.5508534175875995,1.0625585799238508,0.058344983482104006,1.3909280326749596,0.0,0.1954640163374799,0.5825710892677307,0.7818560252587,0.8160513401031494,0.028173580358296025,0.7818560653499192,6.705522533530701e-08,0.0,1.007886417210102,9648,9521
pretrain,,403,0.28015501431594536,0.06707626264335446,161442.14435669946,0.6720760902389884,1.4183674452028103,0.08369003313775768,1.3815298696004206,0.0,0.19076493480021048,0.5674503392406872,0.7630597203969955,0.8085132211446762,0.04166730595982551,0.7630597392008417,6.350732991341108e-08,0.0,1.0210324078798294,9672,9545
pretrain,,404,-0.43313429199953546,0.06694211011806775,75789.85050528432,0.4164667068980634,0.7577485294480408,0.09474700643943175,1.3836534820230943,0.0,0.1918267410115472,0.5352044744150979,0.7673069735368093,0.7945146530866622,0.022782722704039107,0.7673069640461887,7.015963395436604e-08,0.0,0.984598604341348,9696,9569
pretrain,,405,-0.15240169481302945,0.06680822589783161,94670.43214141633,0.5966831197563027,1.2213759562798907,0.08008806835326683,1.394800499746842,0.0,0.197400249873421,0.5540103933640889,0.7896009584267935,0.8168868124485016,0.02098099317877716,0.789600999493684,6.128989512207046e-08,0.0,0.9908670037984848,9720,9593
pretrain,,406,0.12229275767149325,0.06667460944603594,124971.13480604136,0.43999726407318596,1.0368441874427454,0.0646020520145898,1.3934190122055867,0.0,0.19670950610279328,0.5767765673143523,0.7868380099534988,0.8225204855203628,0.02956978052307112,0.786838024411173,5.2065366795694956e-08,0.0,0.9952920004725456,9744,9617
pretrain,,407,0.12253515328721334,0.06654126022714388,123420.40963252961,0.5243309324252463,1.5760616620736454,0.056021736627276074,1.3889446463435888,0.0,0.19447232317179441,0.5744053072163037,0.7778892914454142,0.8034246057271958,0.01898299615711248,0.7778892926871773,5.7298512693796745e-08,0.0,1.0227662324905396,9768,9641
pretrain,,408,0.0869508287081661,0.06640817770668958,117253.87829369988,0.44613015492047575,0.9135349047503297,0.05016576359444457,1.3922239393439322,0.0,0.19611196967196606,0.5861736514738627,0.7844478785991669,0.805412358045578,0.01869911970069283,0.7844478786878643,4.514697051390589e-08,0.0,1.0055603136618931,9792,9665
pretrain,,409,0.06405221479441295,0.06627536135127621,114861.10404825216,0.8034468700532758,1.7225847026067116,0.05444253737596647,1.398014507167751,0.0,0.19900725358387547,0.5860232636332512,0.7960290138920149,0.8216070532798767,0.018994830938992055,0.7960290143355016,5.8274184015309295e-08,0.0,1.0174825340509415,9816,9689
pretrain,,410,0.18538484134049033,0.06614281062857365,136160.65095796864,0.5790142375488011,1.3237453859831603,0.06682382297730406,1.3766641092619727,0.0,0.18833205463098626,0.5425718985497952,0.7533281991879145,0.8018822103738785,0.04390380368911154,0.753328218523945,5.6056749297983544e-08,0.0,1.0060673281550407,9840,9713
pretrain,,411,0.18628384427253497,0.06601052500731651,135532.8433230797,0.4800169817171991,1.1758298938827854,0.06323967922638181,1.3908663624010622,0.0,0.19543318120053124,0.5662214128034455,0.7817327057321867,0.8391113102436065,0.03519878849088934,0.781732724802125,5.685502574293011e-08,0.0,1.0050322512785594,9864,9737
pretrain,,412,0.19195358936976106,0.06587850395730188,133781.94857213963,0.6503599333089022,1.355632758193782,0.05046784112324748,1.3985961462326701,0.0,0.1992980731163351,0.5840598898274558,0.7971922506888708,0.8356560379266739,0.02958493386993639,0.7971922924653404,5.59680519152117e-08,0.0,1.0148065735896428,9888,9761
pretrain,,413,-0.028334975627282384,0.06574674694938727,104613.20650645257,0.5914726788621573,1.2982116345316168,0.0603606005410462,1.381839506328106,0.0,0.19091975316405296,0.567240524504866,0.7636789803703626,0.8076589107513428,0.032056276826320416,0.7636790126562119,6.59908567050375e-08,0.0,1.0456976269682248,9912,9785
pretrain,,414,0.2557661954636771,0.06561525345548849,147158.43228881582,0.5846332808779109,1.1961691657347338,0.0539117363954471,1.3925916933498923,0.0,0.19629584667494612,0.5826513745955058,0.7851833626627922,0.8266028821468353,0.026791201194539857,0.7851833866997843,7.015963395436604e-08,0.0,1.0008426407972972,9936,9809
pretrain,,415,0.16097860770452477,0.06548402294857752,128513.97316504075,0.5892681665275069,1.3044134691889788,0.05074657448795806,1.388529925695842,0.0,0.19426496284792116,0.5847827728305544,0.7770598406593004,0.8294011414051056,0.03614422172821673,0.7770598513916843,4.603394441563916e-08,0.0,1.0026057213544846,9960,9833
pretrain,,416,0.20052494483425967,0.06535305490268037,138690.3279375479,0.7748474908016977,1.4157513479036938,0.06537020125227434,1.3817381692074593,0.0,0.19086908460372973,0.5683708137699536,0.7634763146440188,0.8184173852205276,0.038059535642349616,0.7634763384149187,5.1089695474182406e-08,0.0,1.0647668888171513,9984,9857
pretrain,,417,0.16819652577163163,0.065222348792875,135786.95053694258,0.47068885656162385,1.2940188020201657,0.07946306794273388,1.3973426272915235,0.0,0.19867131364576165,0.5393096251147134,0.7946852197249731,0.8316454112529754,0.02360843505533477,0.7946852545830465,6.040292125734463e-08,0.0,1.0170957520604134,10008,9881
pretrain,,418,-0.0360184643846254,0.06509190409528925,103021.98921501201,0.5914287567582158,1.3181131530020918,0.054459919315014337,1.3921377089406761,0.0,0.19606885447033817,0.5751104333571024,0.7842754100759824,0.8158131688833237,0.022516223649425703,0.7842754178813527,5.995943434348543e-08,0.0,0.9950366243720055,10032,9905
pretrain,,419,0.2731757410717499,0.06496172028709868,152527.28846115468,0.34740927868655747,1.109563011676073,0.05933655933355664,1.3996456314233086,0.0,0.1998228157116544,0.5749470554292202,0.799291285375754,0.830281388759613,0.018735433503743237,0.7992912628466174,4.470348352603182e-08,0.0,0.9681847468018532,10056,9929
pretrain,,420,0.2086483976395361,0.06483179684652449,138490.491127239,0.593771699461199,1.1636146353823797,0.057733639250443856,1.400307005049572,0.0,0.20015350252478606,0.5796042010188103,0.8006139745314916,0.8343842417001724,0.025481071783669432,0.8006140100991442,5.4194104093241435e-08,0.0,1.002338131268819,10080,9953
pretrain,,421,-0.09796951316881267,0.06470213325283143,96344.72237774864,0.3940595511480101,0.9675082751682826,0.050024950188802736,1.3942401782121685,0.0,0.19712008910608433,0.5819708726235798,0.7884803464015325,0.8186762481927872,0.01970460209993875,0.7884803564243373,4.940444516451e-08,0.0,0.9775694087147713,10104,9977
pretrain,,422,0.12125630402743523,0.06457272898632577,122572.94531732803,0.215607438236475,0.6237539520487189,0.0524191463732816,1.3943376916327646,0.0,0.19716884581638236,0.5739176193518298,0.788675382733345,0.8190908074378968,0.01909342083935716,0.7886753832655294,5.4282801550028147e-08,0.0,0.9459711785117785,10128,10001
pretrain,,423,-0.03494482130858285,0.06444358352835311,103079.90344874254,0.49250777458239886,1.4571137203701898,0.05401968142920246,1.409797101458978,0.0,0.20489855072948904,0.5863478258252144,0.81959418207407,0.8432451605796814,0.018452240043510156,0.8195942029179561,4.1066890647349176e-08,0.0,0.968638134499391,10152,10025
pretrain,,424,0.24201549956017485,0.0643146963612964,145520.26671567376,0.4051769762521698,0.7381252377693143,0.058995829829892155,1.3701588684426886,0.0,0.18507943422134435,0.55472022028906,0.740317739546299,0.7887215554714203,0.032253189977932126,0.7403177368853774,4.80739843304138e-08,0.0,1.0391459688544273,10176,10049
pretrain,,425,0.18595774592177006,0.06418606696857382,133917.8919945462,0.5123799876088188,1.038770958382104,0.05609670302688446,1.3908579526912597,0.0,0.19542897634562992,0.5736274250916071,0.7817159021894137,0.8316021144390106,0.0391927952113619,0.7817159053825197,5.3041038080200074e-08,0.0,0.975435788432757,10200,10073
pretrain,,426,0.13152097009294583,0.06405769483463666,123444.95849657473,0.26322979719511097,0.5843724546954037,0.0486678293023865,1.3690166592243171,0.0,0.18450832961215866,0.5768988228269986,0.7380333120624224,0.8072410613298416,0.03939209084163732,0.7380333184486343,4.381650967980969e-08,0.0,1.0021143009265263,10224,10097
pretrain,,427,0.04671388744546042,0.0639295794449674,112609.69075150993,0.4730861171902645,1.189275932844195,0.05438589316358963,1.3981841035364642,0.0,0.19909205176823197,0.572162205087287,0.7963681841890017,0.8278528898954391,0.023426090456296685,0.7963682070729278,5.392801194492591e-08,0.0,0.9721651921669642,10248,10121
pretrain,,428,0.19229715432719333,0.06380172028607746,134529.73708887683,0.5141574898291202,1.3439899371138635,0.053643972835160154,1.404683838021897,0.0,0.20234191901094856,0.5840408833963531,0.8093676641583443,0.8356297224760055,0.01702737378095346,0.8093676760437942,6.155598732589714e-08,0.0,0.9847087984283766,10272,10145
pretrain,,429,0.10522541193193763,0.06367411684550531,126528.58162875035,0.3912692300842277,0.7930341671354003,0.0870327698268889,1.4037358150152226,0.0,0.2018679075076112,0.5696997035826956,0.8074716205398241,0.8374444544315338,0.024139276228502243,0.8074716300304446,6.927266005263277e-08,0.0,0.9871953676144282,10296,10169
pretrain,,430,0.028386927174935142,0.0635467686118143,114424.55341834153,0.8383766663083363,1.219601049380643,0.08139564178276477,1.3755406710274876,0.0,0.18777033551374364,0.5012140359197343,0.7510813201467196,0.7961535960435867,0.032911243463131956,0.7510813420549746,5.348452503106671e-08,0.0,1.0827460785706837,10320,10193
pretrain,,431,0.004958474956009373,0.06341967507459066,107077.18073847675,0.48067718872889165,1.364839497980262,0.05094643862085899,1.400802095198915,0.0,0.20040104759945757,0.5844085844499725,0.8016041765610377,0.8317348450422287,0.019659301313562184,0.8016041903978302,5.8540276071106234e-08,0.0,0.9803096354007721,10344,10217
pretrain,,432,-0.1731116711113842,0.06329283572444148,90455.78919019694,0.6078867487431991,1.6531077763331787,0.056332694617568436,1.4034348132887056,0.0,0.20171740664435286,0.5668391005269118,0.8068695962429047,0.8544322222471237,0.028416829894046206,0.8068696265774115,5.694372312570195e-08,0.0,0.998586801191171,10368,10241
pretrain,,433,-0.12262977635470487,0.06316625005299259,99393.38369980644,0.8240330447886316,1.5837188153926811,0.09710549202677653,1.3788285338364188,0.0,0.18941426691820937,0.5033128357359341,0.7576570361852646,0.7922532439231873,0.031665697750785524,0.7576570676728375,7.406231901837164e-08,0.0,1.0887890756130219,10392,10265
pretrain,,434,0.22796854515796258,0.06303991755288661,145188.0119317107,0.6510758088413803,1.1925577365926334,0.06939112899433751,1.388059444769862,0.0,0.19402972238493107,0.5501419811376503,0.7761188770333926,0.8092120885848999,0.03142683638477899,0.7761188895397243,6.28864481229859e-08,0.0,1.036861610909303,10416,10289
pretrain,,435,0.10816966609708842,0.06291383771778085,121217.33478673438,0.5987390325227308,1.2067602259506067,0.05572151439076017,1.3970922947462114,0.0,0.1985461473731058,0.5850946285894938,0.7941845655441284,0.8238396584987641,0.024814233417180653,0.7941845894924232,5.6234144008016074e-08,0.0,0.9982802495360374,10440,10313
pretrain,,436,0.12120993329427901,0.06278801004234527,122747.87902096029,0.6936334267569085,1.3065615421693237,0.05342669907064579,1.3950772517405097,0.0,0.1975386258702548,0.5832385463374001,0.7901544943451881,0.8318352907896042,0.03168575359682042,0.790154503481019,5.029141902923584e-08,0.0,1.0048138424754143,10464,10337
pretrain,,437,0.1978771024046485,0.06266243402226059,135931.39057284934,0.5208064503524275,0.9828778081706591,0.05538137562381732,1.394381369951935,0.0,0.1971906849759675,0.586997454719884,0.7887627010544142,0.8253152936697006,0.026733814854780755,0.7887627399038699,6.616825150758861e-08,0.0,0.9960861032207807,10488,10361
pretrain,,438,-0.041917873698932906,0.06253710915421606,103771.4305832437,0.6574448590566004,1.4415967535227532,0.06521792059677184,1.3947439960071017,0.0,0.19737199800355096,0.5732133872807026,0.7894879728555679,0.8102341175079346,0.020486022979181253,0.7894879920142038,5.960464481239806e-08,0.0,1.050292377670606,10512,10385
pretrain,,439,0.0928982003938649,0.062412034935907634,120570.21811156973,0.7131471344757648,1.8574011667498507,0.06475798898668252,1.394669687020637,0.0,0.19733484351031838,0.5773488219295229,0.7893393536408743,0.8176505714654922,0.024067829190864646,0.7893393740412735,5.2331458851491895e-08,0.0,1.0098923842112224,10536,10409
pretrain,,440,-0.005104473368247188,0.06228721086603582,106923.2573262248,0.5131530234412778,0.9931217664054459,0.058211877319516526,1.3956259331178098,0.0,0.1978129665589049,0.5873137159006936,0.7912518531084061,0.8387994736433029,0.02881216827479923,0.7912518662356195,5.818548659553002e-08,0.0,0.9950126682718595,10560,10433
pretrain,,441,0.27270241673356266,0.062162636444303754,151399.51930358165,0.6544756733014115,1.3035979598494507,0.05566125387821286,1.3851176881719203,0.0,0.19255884408596016,0.5753409841230936,0.7702353447675705,0.8106289774179458,0.031305180707398336,0.7702353763438405,8.035983360225411e-08,0.0,0.9925055950880051,10584,10457
pretrain,,442,0.05808368152043788,0.06203831117141514,118830.27824300517,0.5679695425510761,1.1012182368763852,0.08364996407004814,1.3820886684226847,0.0,0.19104433421134245,0.5504149730716432,0.7641773074865341,0.8142027586698531,0.0383037535480213,0.7641773368453695,5.4371498858785117e-08,0.0,1.0303243373831112,10608,10481
pretrain,,443,0.21210541307015873,0.06191423454907231,139976.9753132677,0.5551188638034675,1.1832070646009272,0.06124281702468785,1.4040378063384977,0.0,0.20201890316924884,0.5748028148497855,0.8080755646030108,0.8453703075647354,0.026732860928298116,0.808075612676995,6.918396268836464e-08,0.0,0.9953029354413351,10632,10505
pretrain,,444,0.14376410582587526,0.061790406079974165,130430.81134847765,0.7957799564160052,2.168670836197478,0.07462157050974455,1.3960430321416686,0.0,0.1980215160708342,0.5582927359001977,0.7920860250790914,0.819323918223381,0.02571818415973096,0.7920860642833368,5.6234143989512354e-08,0.0,1.0199548850456874,10656,10529
pretrain,,445,0.0773711922820779,0.06166682526781422,116699.24328502851,0.40370689301441115,0.8194288500185525,0.05477101848692675,1.387984249829536,0.0,0.19399212491476822,0.5753270989017827,0.775968462228775,0.81804960668087,0.025667507279687248,0.7759684996590727,4.807398434891752e-08,0.0,0.9916987121105194,10680,10553
pretrain,,446,0.09535494851068793,0.06154349161727859,119283.90726305955,0.4370364071801305,1.341691748318927,0.05525749875039455,1.4001825523695774,0.0,0.20009127618478875,0.5832420034067971,0.8003650854031245,0.8278565913438797,0.01996982587831937,0.800365104739155,5.5524564908833916e-08,0.0,1.0250780632098515,10704,10577
pretrain,,447,0.20027980322193098,0.06142040463404403,142886.9196310911,0.6954851597104045,1.2686503831829343,0.08322172713703592,1.3730220699771527,0.0,0.1865110349885765,0.5262266482625688,0.7460441067814827,0.7972322195768357,0.03544518405391423,0.7460441399543057,5.020272168347143e-08,0.0,1.0730345298846562,10728,10601
pretrain,,448,0.06849837817590995,0.06129756382477594,122669.75200108816,0.3189095103714083,0.7528119627918513,0.09692061208404751,1.3915118095243262,0.0,0.19575590476216306,0.5438796813998903,0.7830236007769903,0.8090639382600784,0.025136290533088208,0.783023619048652,5.8895065565186165e-08,0.0,0.9526096160213152,10752,10625
pretrain,,449,0.04352138728863158,0.06117496869712639,111983.60792326357,0.49600524455308914,0.742171086370945,0.05290897841144295,1.4035480198051247,0.0,0.20177400990256245,0.5881247488515717,0.8070960268378258,0.8436105728149415,0.026562698121469386,0.8070960396102497,5.676632830464712e-08,0.0,1.004156045615673,10776,10649
pretrain,,450,0.04024191233736535,0.061052618759732134,116043.60275183363,0.6129374877061872,1.021820632102234,0.08167753322075148,1.3838663651120093,0.0,0.19193318255600475,0.514950329703944,0.7677326872944832,0.8073533445596695,0.032092978632583466,0.767732730224019,5.783069706444266e-08,0.0,1.0820474674304326,10800,10673
pretrain,,451,0.028686456772604896,0.060930513522212675,110392.0928639861,0.550451798741484,1.1071163936385087,0.054542967983134905,1.4047254071615283,0.0,0.2023627035807641,0.5838251720581735,0.8094507878025373,0.832840570807457,0.021674687499671406,0.8094508143230564,6.182207945570894e-08,0.0,0.9939683899283409,10824,10697
pretrain,,452,-0.060087774565872464,0.060808652495168244,100992.3846232657,0.29554379840071004,0.4819669279136826,0.05826175483195604,1.398448233980508,0.0,0.19922411699025408,0.5631634582366263,0.796896460155646,0.8401901990175247,0.025923837158306602,0.796896467961016,6.208817160402447e-08,0.0,0.9556156893571218,10848,10721
pretrain,,453,-0.0713999626172283,0.06068703519017791,100857.98584452434,0.7541311819195039,1.6772887908986631,0.06658902776338649,1.39287278113798,0.0,0.1964363905689901,0.5628384937133109,0.7857455636064211,0.8308890491724014,0.03753650662811967,0.7857455622759603,4.692091835437987e-08,0.0,1.0161048447092373,10872,10745
pretrain,,454,-0.019006496401855248,0.060565661119797554,108835.2858137913,0.5990425860509276,1.2751398384038886,0.08348903268882286,1.3868361345181863,0.0,0.19341806725909313,0.5295721335070473,0.7736722404758135,0.8082499980926513,0.01936728955324992,0.7736722690363725,5.481498580965175e-08,0.0,1.0405491913358371,10896,10769
pretrain,,455,0.06986614344479264,0.06044452979755796,116345.50747294976,0.5427154284414081,1.141600422880479,0.05885412436028012,1.3835406676821764,0.0,0.19177033384108824,0.546259346817221,0.7670813128352165,0.8104262381792069,0.0336090848252877,0.767081335364353,5.233145894401048e-08,0.0,1.0234901880224545,10920,10793
pretrain,,456,0.14300575792935583,0.06032364073796285,125672.17504021894,0.3751689059925931,0.841708675931607,0.05106096075959405,1.3772575258765194,0.0,0.18862876293825961,0.5705140264970916,0.7545150195558866,0.8106994360685349,0.03730605050762353,0.7545150517530383,5.987073683118756e-08,0.0,0.9741154064734777,10944,10817
pretrain,,457,0.2684101752707726,0.060202993456486914,151877.25060013583,0.5487862971079137,1.15269381302808,0.06096947317105513,1.391092491025726,0.0,0.19554624551286304,0.5656944502677237,0.7821849584579468,0.8157414019107818,0.02065549177163254,0.782184982051452,5.818548654001887e-08,0.0,0.9638870457808176,10968,10841
pretrain,,458,0.27039778792919367,0.06008258746957394,153311.22485817087,0.5502120996160166,1.3580694360392433,0.06444520942489436,1.3833914016861293,0.0,0.19169570084306461,0.5744373777082987,0.7667827854553858,0.7985327273607254,0.020466313826407137,0.7667828033722582,4.736440523123164e-08,0.0,1.0420142834385235,10992,10865
pretrain,,459,0.1101756740455309,0.0599624222946348,122298.43756334962,0.6151842688698145,1.4003226143973213,0.060126993074635336,1.3774520664786298,0.0,0.18872603323931494,0.5695120149425097,0.754904143512249,0.8200926214456558,0.04416042917881635,0.7549041329572598,6.71439227550863e-08,0.0,1.0066806599497795,11016,10889
pretrain,,460,0.1362732347479796,0.05984249745004553,125429.22574427853,0.7339684189785095,1.3677792115935254,0.055387007896970784,1.3876561814298232,0.0,0.1938280907149116,0.5693024439471108,0.7753123243649801,0.8028209269046783,0.027019477313822357,0.7753123628596464,6.120119773929862e-08,0.0,1.0335863331953685,11040,10913
pretrain,,461,0.14308573354795617,0.059722812455145435,126459.98447521654,0.6611142906227283,1.1449771420231887,0.05512524289028132,1.4034578532335302,0.0,0.20172892661676523,0.5830219962767191,0.8069157054026922,0.8348464429378509,0.02004153003252984,0.8069157064670606,5.960464473838319e-08,0.0,1.011250803867976,11064,10937
pretrain,,462,0.34354853502393434,0.05960336683023514,167292.45149899228,0.3828278925447237,1.0287359835846077,0.048913219424856776,1.3831997035692136,0.0,0.19159985178460678,0.581798329949379,0.7663993959625562,0.8063812345266342,0.03306011918411833,0.7663994071384271,6.474909329072058e-08,0.0,0.9981115435560545,11088,10961
pretrain,,463,0.07933635204958271,0.05948416009657467,119387.31806451663,0.5638583235087848,1.2889031757999743,0.06921145345142023,1.4019366017587125,0.0,0.20096830087935644,0.5599377123372895,0.8038731863101324,0.8312211483716965,0.027255029165430527,0.8038732035174255,5.339582759278372e-08,0.0,0.9883360266685486,11112,10985
pretrain,,464,0.11294313463815071,0.05936519177638152,124981.53203797834,0.51773033747893,1.2150012013103282,0.07244887744980863,1.3911462516656943,0.0,0.19557312583284722,0.5318077834589141,0.7822924802700678,0.8226302117109299,0.030069444570245244,0.7822925033313889,5.818548654001887e-08,0.0,1.0434145505229633,11136,11009
pretrain,,465,-0.10097889469213432,0.059246461392828756,98678.75609000599,0.7625753897730084,1.5323471487632814,0.07299129140560183,1.3948511652471052,0.0,0.1974255826235527,0.5407391818506377,0.7897023086746534,0.8118531465530395,0.020870784106199268,0.7897023304942108,7.184488428254217e-08,0.0,1.0229139477014542,11160,11033
pretrain,,466,0.025217819479658968,0.059127968470043105,109790.1262254866,0.4640752969398385,0.94567049401147,0.05329455148561257,1.399200201744125,0.0,0.1996001008720625,0.5864049781646048,0.7984003921349844,0.8182842254638671,0.016075396945481907,0.7984004034882499,5.641153881056719e-08,0.0,0.9898057008783022,11184,11057
pretrain,,467,0.039766260057889156,0.05900971253310301,112503.07907873458,0.5286877584599313,1.2386196087247558,0.059474315758927844,1.3937695840196238,0.0,0.19688479200981204,0.5801309953842844,0.7875391443570455,0.8357543498277664,0.032354953135810695,0.7875391680392481,5.845157878085298e-08,0.0,1.0027950555086136,11208,11081
pretrain,,468,0.13626653480749024,0.05889169310803681,123843.7523134804,0.2627029459302624,0.8948772950896197,0.04688699266884527,1.387319343341958,0.0,0.193659671670979,0.5832788880382265,0.7746386552850405,0.7986855626106262,0.018716677505532308,0.7746386866839158,6.191077678296963e-08,0.0,1.0059887766838074,11232,11105
pretrain,,469,0.05727948933835139,0.05877390972182074,115858.34164903931,0.7094606626335355,1.4905992482921906,0.06633125470678734,1.3901496302513852,0.0,0.19507481512569247,0.5728625655174255,0.7802992661794027,0.8327708601951599,0.05134265504211626,0.7802992605027699,4.470348356303925e-08,0.0,1.0213198562463124,11256,11129
pretrain,,470,0.0871551949965185,0.058656361902377094,118337.7580163886,0.6462715142628267,1.227921878440039,0.056504983246824826,1.407310764349642,0.0,0.20365538217482113,0.5781882937465395,0.8146215379238129,0.8500483006238937,0.0199684681766195,0.8146215286992845,6.599085672354121e-08,0.0,1.0179429600636165,11280,11153
pretrain,,471,-0.050576854706609185,0.05853904917857235,102448.67399385785,0.6875106091167601,1.3670908757618494,0.062065271287189756,1.3925625745295769,0.0,0.19628128726478847,0.567533546260425,0.785125121474266,0.8084920912981033,0.018914855781346353,0.7851251490591536,4.922705032495145e-08,0.0,1.007066011428833,11304,11177
pretrain,,472,0.3401438216388273,0.0584219710802152,171691.2952816903,0.5847846952577432,1.2365192370755325,0.06451288993543428,1.3939738487824798,0.0,0.19698692439123988,0.5533615797758102,0.7879476721088091,0.8164705991744995,0.022138341913661864,0.7879476975649595,5.43714988402814e-08,0.0,1.0013743316133816,11328,11201
pretrain,,473,0.1766884093603668,0.05830512713805476,131674.35311866293,0.5420731855556369,1.0379241353166953,0.053218545812746154,1.3976919686510447,0.0,0.19884598432552245,0.5816909638898713,0.7953839252392451,0.8339304953813553,0.025241658358265365,0.7953839373020898,6.208817171504677e-08,0.0,1.0144157906373341,11352,11225
pretrain,,474,0.25785497559327136,0.05818851688377866,150510.15025137278,0.7767587691722881,1.675334919403706,0.06478167259940175,1.3964744730896894,0.0,0.19823723654484468,0.570557108947209,0.792948916554451,0.8172689199447631,0.02246042377419725,0.7929489461793785,6.084640817120383e-08,0.0,1.0092366586128871,11376,11249
pretrain,,475,0.12196951363950859,0.0580721398500111,122970.62112286896,0.5807533149075296,1.233176262570279,0.05402343394280453,1.387297503162353,0.0,0.19364875158117642,0.5824791714549065,0.7745949700474739,0.8103165090084076,0.026682154330465124,0.7745950063247055,6.182207943720523e-08,0.0,0.9976672704021136,11400,11273
pretrain,,476,0.0352049666192772,0.05795599557031107,111233.95422136864,0.4847350547622358,1.229711538925767,0.05482413641365543,1.3876972076970906,0.0,0.19384860384854533,0.5752473835434233,0.7753943800926208,0.8173058986663818,0.028939397414201963,0.7753944153941813,6.155598728888971e-08,0.0,0.980938509106636,11424,11297
pretrain,,477,0.03924940184254751,0.057840083579170455,116622.19078456546,0.5807857877087025,1.3939553731254164,0.08606737901304214,1.3996040521278268,0.0,0.1998020260639134,0.5524656251072884,0.7992080723245939,0.8352184414863586,0.028643505510979248,0.7992081042556536,7.024833130013046e-08,0.0,1.0052297785878181,11448,11321
pretrain,,478,0.112396806106723,0.05772440341201211,124600.4444926109,0.7440456600105833,1.2694560107375892,0.07086486552616704,1.3974905371045072,0.0,0.19874526855225363,0.5433339519160134,0.794981062412262,0.8286045461893081,0.026353569707804458,0.7949810742090145,6.536997502563462e-08,0.0,1.0434413726131122,11472,11345
pretrain,,479,-0.14250835450236754,0.05760895460518809,92881.56157568992,0.6380419238869633,1.5526250879679404,0.05489033538755922,1.3938021965857061,0.0,0.19690109829285316,0.5748295092156954,0.7876043543219566,0.828747472167015,0.030518010115664695,0.7876043931714126,4.842877388000488e-08,0.0,1.0111967374881108,11496,11369
pretrain,,480,0.23299457149582456,0.05749373669597771,144277.7141504705,0.590066875153709,1.2210826068584408,0.06158140932323255,1.3994984257788883,0.0,0.19974921288944425,0.5596441615905081,0.7989968210458755,0.8439645171165466,0.03551837272085393,0.798996851557777,5.499238055669172e-08,0.0,1.028967099885146,11520,11393
pretrain,,481,0.023347911094622344,0.057378749222585755,109048.98120785702,0.35126291556904715,0.694231294840574,0.04969414674663262,1.4025605635362721,0.0,0.20128028176813606,0.5865784830280713,0.8051210939884186,0.831690576672554,0.016646575559373527,0.8051211270725442,6.093510557247939e-08,0.0,0.9964836041132609,11544,11417
pretrain,,482,0.16457808404143787,0.05726399172414059,131870.8135590833,0.8556303819863214,1.5573347049100055,0.06425333658072958,1.3994036377629353,0.0,0.19970181888146774,0.577264489872115,0.7988072509566942,0.8215435475111008,0.02018276156715439,0.7988072755258707,5.809678913874331e-08,0.0,1.0257152294119198,11568,11441
pretrain,,483,0.0946123667011441,0.057149463740692304,119896.94729620704,0.7016415234566443,1.4670539731425893,0.05944836757144258,1.395447163620875,0.0,0.19772358181043748,0.5786743834614754,0.7908943047126135,0.8335043817758561,0.03299376127946305,0.7908943272417499,6.900656783030239e-08,0.0,1.0346508075793583,11592,11465
pretrain,,484,0.05333164666798256,0.05703516481321092,119448.39989961375,0.6092811976559461,1.3993424393236635,0.09123897886802057,1.3750302678506288,0.0,0.1875151339253145,0.5258532778492995,0.75006053596735,0.8091493219137191,0.04691742108481107,0.7500605357012579,5.330713024701931e-08,0.0,1.0145877202351887,11616,11489
pretrain,,485,-0.00394255906803467,0.0569210944835845,105865.65650501709,0.328850328434436,0.9234553792114767,0.049457635873054386,1.38980790316349,0.0,0.19490395158174492,0.5837657409054893,0.779615784684817,0.8087130934000015,0.02015738689305126,0.7796158063269797,6.42169089570821e-08,0.0,0.9854328706860542,11640,11513
pretrain,,486,0.15294612539619587,0.05680725229461733,133883.5597629094,0.4278950061028202,0.8642031708998336,0.08344681544335804,1.3836936343106487,0.0,0.19184681715532428,0.5528231199298586,0.7673872510592142,0.8273854911327362,0.07398612972985706,0.767387268621297,5.250885372805788e-08,0.0,1.007299743592739,11664,11537
pretrain,,487,-0.35006518281166354,0.05669363779002809,80588.02671601721,0.372296591134121,0.6788177580705707,0.09098838230437911,1.401075189179253,0.0,0.20053759458962653,0.5500755192978042,0.8021503860751787,0.8336110204458237,0.020391828484193117,0.802150378358506,4.248604890122465e-08,0.0,0.9847345923384031,11688,11561
pretrain,,488,0.10497754056749656,0.05658025051444804,119786.30520738386,0.3314878230559684,0.8145561830805877,0.05016873924332857,1.389267514149348,0.0,0.19463375707467398,0.577326191323144,0.7785349984963735,0.7979956924915313,0.019306507314916777,0.7785350282986959,5.924985522579954e-08,0.0,1.0383130436142285,11712,11585
pretrain,,489,0.19828702007256171,0.05646709001341914,137530.36887086657,0.5765809257780866,1.056490260948028,0.062167371603186916,1.3952456421351858,0.0,0.19762282106759296,0.5795360239488738,0.7904912754893303,0.822271603345871,0.022527482381565055,0.7904912842703716,5.153318246205648e-08,0.0,1.0007340883215268,11736,11609
pretrain,,490,0.20320353088173293,0.0563541558333923,141757.4231812509,0.7235407158067183,1.409145342398967,0.07613836587570041,1.3969196790740603,0.0,0.1984598395370302,0.5700121532593454,0.7938393404086431,0.8293966472148895,0.02923621292464768,0.7938393581481207,4.4348694050455606e-08,0.0,1.0184771716594696,11760,11633
pretrain,,491,0.2247359900004874,0.05624144752172552,142509.52684561454,0.4539098146681984,1.146755648404359,0.06129711393973666,1.3942286771323003,0.0,0.19711433856615,0.5834978286709105,0.7884573216239611,0.8234843254089356,0.03105619722907528,0.7884573542646,8.621386117975878e-08,0.0,0.9998977482318878,11784,11657
pretrain,,492,0.20990620453664416,0.05612896462668207,137228.87466753912,0.42366433768932305,0.8756336346268653,0.051153486305566674,1.395898283814036,0.0,0.19794914190701787,0.5733122293438231,0.7917965799570084,0.8319101095199585,0.019971869647775847,0.7917965676280714,6.607955410631305e-08,0.0,0.9920606637994448,11808,11681
pretrain,,493,0.04669057816912017,0.056016706697428705,119648.92325042617,0.4921864053411853,1.1557735165847198,0.09794241814946018,1.395149150552849,0.0,0.1975745752764245,0.5520251403961862,0.7902982756495476,0.8203074753284454,0.022527468240030466,0.790298301105698,4.6566128804788796e-08,0.0,0.9816776762406031,11832,11705
pretrain,,494,0.007797484243794062,0.05590467328403385,108194.72265198645,0.605073256484632,1.2190474376614602,0.05661918180682277,1.404640265829152,0.0,0.20232013291457582,0.5697366020509175,0.8092805196841558,0.8431842982769012,0.027756870100120665,0.8092805316583033,5.703242052697751e-08,0.0,0.9995018442471822,11856,11729
pretrain,,495,-0.05655258736540143,0.05579286393746578,103412.88310677117,0.8328085984325124,1.9313114453639286,0.07462923489436828,1.3944126623017448,0.0,0.19720633115087238,0.5591485436473573,0.7888253231843313,0.8241676390171051,0.023488678163353288,0.7888253246034894,4.5413062680725126e-08,0.0,1.0509460841615994,11880,11753
pretrain,,496,0.25570637311249983,0.05568127820959085,149071.05208861272,0.7081517620854788,1.2999771089426106,0.061227145654780435,1.3943821028584527,0.0,0.1971910514292263,0.5733696286167418,0.7887641713023186,0.8290218025445938,0.0293269239441436,0.788764205716905,7.166748953550221e-08,0.0,1.03860009709994,11904,11777
pretrain,,497,0.047731833240271485,0.05556991565317167,114204.4936501969,0.8588351995817254,1.6058805865900856,0.06387156585104141,1.3944797523851904,0.0,0.1972398761925953,0.5535076228635651,0.7889595006903013,0.8157442480325698,0.0211428082180459,0.7889595047703811,5.658893359461459e-08,0.0,1.0562368581692378,11928,11801
pretrain,,498,0.02218186032339941,0.05545877582186532,109128.45525155471,0.5666131335754124,1.156262903607317,0.05122238042309935,1.3961914820330483,0.0,0.1980957410165242,0.5822904706001282,0.7923829555511475,0.8137027055025101,0.02198543205494931,0.7923829640660968,5.5169775340739115e-08,0.0,1.0115055367350578,11952,11825
pretrain,,499,0.3462187524768584,0.05534785827022159,170382.26714838154,0.4061562779492566,1.0456403739218196,0.055721424549072064,1.3973768914029712,0.0,0.1986884457014856,0.584250810955252,0.794753779967626,0.8167249351739884,0.016701921610137577,0.7947537828059423,5.215406421547423e-08,0.0,0.9783606206377348,11976,11849
pretrain,,500,0.003117332068184833,0.05523716255368115,108960.49130682771,0.7243588271196044,1.4966103362717795,0.0659323482738031,1.4000048375289353,0.0,0.20000241876446778,0.5731685672487532,0.8000096579392751,0.8472430199384688,0.026170768806412944,0.8000096750578708,5.490368321092731e-08,0.0,1.0475080783168476,12000,11873
pretrain,,501,0.11145812212893629,0.055126688228573785,121144.265809593,0.3238219727451603,0.7064390362905605,0.05256648195918939,1.3965879804676486,0.0,0.1982939902338244,0.5864622529063905,0.7931759382287661,0.8306341379880905,0.03274020563658436,0.7931759609352974,5.676632832315084e-08,0.0,1.0032920738061268,12024,11897
pretrain,,502,0.16140552711568884,0.05501643485211664,131490.488022079,0.5341085015263941,1.0692651511303017,0.0650693233063125,1.3875577600140658,0.0,0.19377888000703283,0.5599737172680241,0.7751155147949854,0.8252699226140976,0.03203381434520039,0.7751155200281312,5.543586754456579e-08,0.0,1.0240461627642314,12048,11921
pretrain,,503,-0.1837955295412252,0.0549064019824124,93387.69793794001,0.45010057679333143,0.7246107662894895,0.09415889856723841,1.3976443282638986,0.0,0.19882216413194934,0.5599644689687661,0.795288639763991,0.8151780664920807,0.013338354022404898,0.7952886565277973,4.887226086787896e-08,0.0,0.9652296950419744,12072,11945
pretrain,,504,0.02610748049106639,0.054796589178447576,112833.94383717947,0.7375669341002192,1.480183377649103,0.07302865840906952,1.383190854496899,0.0,0.19159542724844958,0.5021919006747859,0.7663816859324774,0.8155700027942657,0.029177328024017152,0.7663817089937983,5.2863643296152674e-08,0.0,1.0687026803692181,12096,11969
pretrain,,505,0.10028479425461295,0.05468699600009068,128504.4596410674,0.549599826468953,1.1687531773533135,0.10127674679400607,1.3805945498780126,0.0,0.1902972749390063,0.5267957427671977,0.7611890782912573,0.8006461173295975,0.035585471760974485,0.7611890997560251,3.9736429868764134e-08,0.0,1.0431921631097794,12120,11993
pretrain,,506,0.295515344214962,0.05457762200809051,161824.14570590918,0.5935468495424304,1.400960089425955,0.0721082522648943,1.3827550912808093,0.0,0.19137754564040477,0.5585450615201677,0.765510176618894,0.7999231696128845,0.02408320853826176,0.765510182561619,5.348452503106671e-08,0.0,1.067987655599912,12144,12017
pretrain,,507,0.11622418616203391,0.054468466764074325,126578.03291483605,1.0203513124780286,1.99046156731035,0.07812443030894464,1.3885126878463085,0.0,0.19425634392315436,0.53736537322402,0.7770253345370293,0.8183467298746109,0.03556731885223138,0.7770253756926172,6.102380297375494e-08,0.0,1.0771589304010074,12168,12041
pretrain,,508,0.13766959978650783,0.05435952983054617,124330.39340107056,0.4691543063769738,1.1056331061358962,0.04835153137076766,1.3938313002387683,0.0,0.19691565011938414,0.5878009806786264,0.7876625955104828,0.8209707707166671,0.025205761525795865,0.7876626004775366,5.463759106261179e-08,0.0,1.0290393680334091,12192,12065
pretrain,,509,0.09091929808828222,0.05425081077088508,118185.56898797842,0.4696234729185345,0.8882434224975958,0.05246142482494326,1.3983691336054884,0.0,0.1991845668027444,0.5734214330358165,0.7967382445931435,0.8247576355934143,0.02020090891393321,0.7967382672109773,6.146728988761414e-08,0.0,0.9978123729427656,12216,12089
pretrain,,510,0.0474597273056891,0.05414230914934331,113106.8467114776,0.5685234805125565,1.1726025580295487,0.05701708042105628,1.3950267114809582,0.0,0.1975133557404791,0.5828894408685821,0.7900534197688103,0.82923344373703,0.031347049878167596,0.7900534229619162,4.4348694050455606e-08,0.0,1.019874172906081,12240,12113
pretrain,,511,-0.10293372810224934,0.054034024531044625,98091.86978583109,0.9069229780385891,1.6995068530419044,0.06956770608075667,1.395614565483161,0.0,0.1978072827415807,0.5390218453747886,0.791229118903478,0.8183542519807815,0.01728899249362355,0.7912291309663227,5.073490596159876e-08,0.0,1.0467598711450894,12264,12137
pretrain,,512,-0.05550596390829661,0.05392595648198253,104533.26604885531,0.4973007398214014,1.1060414498405797,0.08239391257953706,1.395955111166196,0.0,0.19797755558309812,0.5540548690727778,0.7919102013111115,0.8205682694911957,0.025500470664554506,0.7919102223323925,6.50151854390361e-08,0.0,1.0082646136482556,12288,12161
pretrain,,513,-0.032611595032414245,0.053818104569018574,106284.70226548071,0.7940365988761187,1.538640722792063,0.07645201775720141,1.3944488772235457,0.0,0.19722443861177283,0.5450316635625703,0.7888976832230886,0.820817556977272,0.020005318761257572,0.7888977544470913,8.381903173389678e-08,0.0,1.0405222674210866,12312,12185
pretrain,,514,-0.04449633343840209,0.05371046835988053,102381.10023550953,0.4685634324947993,0.8561320844505513,0.056461298304591186,1.3982106027681205,0.0,0.19910530138406016,0.5856367189969336,0.7964211776852608,0.8287467330694198,0.02215284359218966,0.7964212055362404,6.40395141730347e-08,0.0,1.0221599663297336,12336,12209
pretrain,,515,0.06810561132284229,0.053603047423160764,119101.85735960564,0.7824386015445702,1.5855650928403646,0.0768974332705018,1.3971654652130034,0.0,0.19858273260650183,0.5070865739669119,0.7943308974305788,0.8292793393135071,0.023931518999364437,0.7943309304260072,5.499238059369915e-08,0.0,1.0794496287902196,12360,12233
pretrain,,516,0.0065459367287107675,0.053495841328314454,111525.42596653324,0.508310319013184,1.0249290789876664,0.08066462192332484,1.3815605043921444,0.0,0.19078025219607211,0.540292851626873,0.7631209964553515,0.795406487584114,0.024547394900839962,0.7631210087842885,5.720981534803234e-08,0.0,1.0048441514372826,12384,12257
pretrain,,517,-0.07090096791129966,0.05338884964565782,100815.92749032105,0.5593118974052015,1.2437197886407372,0.06582850653752757,1.3854187397907178,0.0,0.1927093698953589,0.552345510572195,0.7708374808231989,0.8043664038181305,0.030698365079224615,0.7708374795814356,5.392801196342963e-08,0.0,1.0148579776287079,12408,12281
pretrain,,518,0.18591297012020766,0.053282071946366506,135259.6615511271,0.34414439814697423,0.9527370965374363,0.06230692394864722,1.3997900293962584,0.0,0.19989501469812934,0.5810803196259907,0.7995800524950027,0.8211949169635773,0.014234524924849423,0.7995800587925173,4.9759234677093644e-08,0.0,0.9903347219030062,12432,12305
pretrain,,519,0.13665647368858636,0.05317550780247377,126039.08969905805,0.6702904120708505,1.3754868242357456,0.05828239592780892,1.39414924125941,0.0,0.19707462062970516,0.587287965629782,0.788298487663269,0.8115921884775161,0.019682893721302913,0.7882984825188205,6.687783064377821e-08,0.0,1.021555167933305,12456,12329
pretrain,,520,-0.05132965807301224,0.05306915678686882,101528.67632102768,0.35649974732881495,0.6640612636293683,0.05532187888046979,1.4027770497791823,0.0,0.20138852488959125,0.5849170716745513,0.8055540695786476,0.8256934940814972,0.013637619414368479,0.8055540995583647,7.929546497198459e-08,0.0,1.0443714559078217,12480,12353
pretrain,,521,0.12545282487096185,0.052963018473295084,124011.80380391698,0.5274127319987332,0.9964577669543877,0.05681026886184933,1.402706146151537,0.0,0.20135307307576852,0.5862524381705693,0.8054122601946195,0.823972824215889,0.018966132739350123,0.8054122923030741,5.87176709291685e-08,0.0,1.0313672100504239,12504,12377
pretrain,,522,0.17273568148516383,0.05285709243634849,134507.1614197814,0.7868446889111684,1.4578392935650684,0.0698412331625405,1.3906882705965213,0.0,0.19534413529826064,0.5834257560116904,0.7813765332102776,0.8082957446575165,0.024770158963994874,0.7813765411930426,5.694372312570195e-08,0.0,1.0648455694317818,12528,12401
pretrain,,523,0.2703335672861579,0.0527513782514758,153249.37686470425,0.8396650513722784,1.6637131173695836,0.06427935942454115,1.396802145987749,0.0,0.19840107299387455,0.5759368560143879,0.7936042820413908,0.8115170657634735,0.013894093091550524,0.7936042919754982,5.5347170198801386e-08,0.0,1.052286793788274,12552,12425
pretrain,,524,0.020656302245501273,0.05264587549497285,109840.6601790592,0.578981812156382,1.393373631473098,0.05744501695464957,1.3922920479838334,0.0,0.1961460239919169,0.5862780202712332,0.7845840851465861,0.817312490940094,0.02633646529992736,0.7845840959676673,3.7430297787170254e-08,0.0,0.9932676454385122,12576,12449
pretrain,,525,0.18065583830531454,0.0525405837439829,133496.88079849162,0.5439414995323334,0.9019866911428314,0.05855249095578777,1.398731876962951,0.0,0.19936593848147566,0.5880799197724886,0.7974637374281883,0.8338738083839417,0.02137764534385099,0.7974637539259023,5.5169775359242834e-08,0.0,1.0338682780663173,12600,12473
pretrain,,526,0.1071982334147027,0.05243550257649493,122296.96985785225,0.6920635205294405,1.308944535042558,0.06260001609059686,1.3868657256077446,0.0,0.19343286280387217,0.5785159021615982,0.7737314477562904,0.8166418373584747,0.025483135125651805,0.7737314512154884,4.9936629442637326e-08,0.0,1.0373329545060794,12624,12497
pretrain,,527,0.178712603645121,0.05233063157134195,131518.52259637084,0.21443543241669735,0.5657996410770073,0.05078185210085184,1.3914993075387818,0.0,0.19574965376939094,0.5827742282833372,0.7829986015955607,0.8303610324859619,0.038615871458023476,0.7829986150775636,5.4992380630706585e-08,0.0,0.9643741175532341,12648,12521
pretrain,,528,-0.1117121864526931,0.05222597030819926,96475.30920441836,0.5629792064206586,1.2323628351092337,0.06264795447105787,1.3880625878505055,0.0,0.19403129392525273,0.5803991572133131,0.7761251404881477,0.817387393116951,0.038289635161681664,0.7761251757010109,6.37734219507043e-08,0.0,1.0364882970849674,12672,12545
pretrain,,529,-0.17980676699357975,0.05212151836758286,89471.64216441738,0.39042944447802647,0.6289982728127922,0.051778499730225296,1.3912741840772684,0.0,0.1956370920386343,0.5868436108742441,0.7825483580430349,0.8140962272882462,0.018296359164860627,0.782548368154537,5.4105406636454724e-08,0.0,0.9769602542122205,12696,12569
pretrain,,530,-0.018209078351372192,0.0520172753308477,106574.16201233676,0.8187598659257803,1.398812230995723,0.06657945288891555,1.400333056048978,0.0,0.20016652802448898,0.5884920337370463,0.8006661087274551,0.8315502047538758,0.024250825102605192,0.8006661120979559,5.8362881361073704e-08,0.0,1.0353300447265308,12720,12593
pretrain,,531,-0.02576076974750973,0.051913240780186005,108309.67711187598,0.5140391121662798,1.290925747209361,0.08540186236788455,1.3922752064785786,0.0,0.1961376032392894,0.5347069485911301,0.7845503861705462,0.8265709161758423,0.02529503829271353,0.7845504129571573,5.5169775359242834e-08,0.0,1.0051218792796135,12744,12617
pretrain,,532,0.18804336909837138,0.05180941429862563,134627.0452943475,0.5410865076063643,1.0008877661079167,0.05763652531753649,1.4008740766772203,0.0,0.20043703833861012,0.579297604837588,0.801748144129912,0.8394587337970734,0.02497768749128249,0.8017481533544403,4.7364405305246514e-08,0.0,1.000697175661723,12768,12641
pretrain,,533,0.1431617597952904,0.05170579547002838,129013.13811536413,0.50761923706159,0.877247526523258,0.06810281999230573,1.401492922123344,0.0,0.20074646106167207,0.5721024328044482,0.8029858420292536,0.8296569496393204,0.019464745872785925,0.8029858442466883,5.898376309598774e-08,0.0,1.0020066077510517,12792,12665
pretrain,,534,0.13275702824162006,0.051602383879088325,123967.21840392027,0.2851466819910067,0.6869365450526986,0.05048175225894006,1.3960829139465378,0.0,0.1980414569732689,0.5774693957396916,0.7921657835443815,0.8078760892152786,0.012002708829516115,0.7921658278930753,5.676632832315084e-08,0.0,0.9684488102793694,12816,12689
pretrain,,535,0.1713275788400942,0.05149917911133014,133054.45015582436,0.5891548393382913,1.4837179783199506,0.06425034603447972,1.4036484296389278,0.0,0.20182421481946392,0.5845070449369294,0.8072968473037084,0.8328274935483932,0.020447099170278427,0.8072968592778557,7.530408245119229e-08,0.0,0.9951902280251185,12840,12713
pretrain,,536,0.021640047487323403,0.05139618075310748,109372.37326582594,0.5698251110900725,0.9521869439099515,0.05337690028850223,1.3926736150114307,0.0,0.19633680750571547,0.5854793159025056,0.7853472158312798,0.8050942689180374,0.018660683661352796,0.7853472300228616,5.605674924247239e-08,0.0,1.0210785021384556,12864,12737
pretrain,,537,0.1766708458208706,0.05129338839160127,139443.52490136118,0.34597862897706894,0.8472206943003189,0.08849412586725713,1.389972357877663,0.0,0.1949861789388316,0.558403093367815,0.7799446855982145,0.8180657982826233,0.023425433694308242,0.7799447157553264,8.373033429561379e-08,0.0,0.9947734127442042,12888,12761
pretrain,,538,0.21417482635299392,0.051190801614818066,145705.28443779153,0.5285773497252237,1.0986496641167571,0.08292355639077847,1.3727430483947198,0.0,0.18637152419735992,0.5515893197485379,0.7454860856135687,0.7800993680953979,0.023945213943333047,0.7454860967894396,5.446019624155696e-08,0.0,1.0671215107043583,12912,12785
pretrain,,539,-0.2415858026301468,0.05108842001158843,85973.73706666044,0.6700635055700938,1.679789307074887,0.06536658336132305,1.3639233468898706,0.0,0.18196167344493527,0.5822089239954948,0.7278466820716858,0.7787783056497574,0.04315609965461984,0.7278466937797411,6.350732982089251e-08,0.0,1.0745378533999126,12936,12809
pretrain,,540,0.03600771324687422,0.050986243171565256,111075.57420936946,0.434279064049146,1.1208973665322566,0.05308695479686687,1.3868567966190832,0.0,0.19342839830954162,0.5841184875794819,0.7737135713299116,0.8065802723169326,0.03265451857365854,0.7737135932381664,5.916115782452399e-08,0.0,1.0029767776528995,12960,12833
pretrain,,541,0.08506632635361053,0.05088427068522212,120812.51434103223,0.6919089001159938,1.3872995104108539,0.07267071093561045,1.4013597812680973,0.0,0.2006798906340486,0.5701177093599523,0.8027195359269778,0.8187360495328904,0.016954781793742445,0.8027195625361941,7.450580600624572e-08,0.0,1.0007569938898087,12984,12857
pretrain,,542,0.2534564149791468,0.05078250214385168,147264.30131214825,0.40002536081842016,0.8639558045991826,0.05624365714457082,1.392103577121383,0.0,0.19605178856069136,0.5855317786335945,0.7842071428894997,0.8209709018468857,0.026581781731889288,0.7842071542427652,6.38621195000096e-08,0.0,1.0016995122035344,13008,12881
pretrain,,543,-0.0615637933896177,0.050680937139563974,100554.25615886049,0.47124937425057095,1.1445800409253148,0.055896503598478385,1.3975361867674758,0.0,0.198768093383738,0.5886142179369926,0.7950723543763161,0.812728762626648,0.011664775828771767,0.7950723735349516,5.712111789124563e-08,0.0,1.0198563213149707,13032,12905
pretrain,,544,0.2521876407137836,0.05057957526528485,150924.8364536445,0.6113378412888518,1.059197704493999,0.07102574105509113,1.4076244879647026,0.0,0.2038122439823513,0.5668849913137299,0.8152489339311918,0.8353145539760589,0.015111301814201268,0.8152489759294049,4.341737147584013e-08,0.0,0.9967257529497147,13056,12929
pretrain,,545,0.17964237786430223,0.050478416114754274,133162.37451124674,0.4763292785556543,1.03052732417626,0.05782895347319731,1.4001838876644062,0.0,0.20009194383220305,0.5795225511704172,0.8003677303592364,0.824744975566864,0.018696728993637154,0.8003677753288122,6.519258026009093e-08,0.0,1.0057061165571213,13080,12953
pretrain,,546,0.0703929628566415,0.050377459282524774,117211.52892902125,0.5434126166094627,1.2488170771726537,0.0637072010508506,1.395338987798563,0.0,0.19766949389928154,0.5762769026415688,0.7906779622038206,0.824085146188736,0.031119813392246985,0.7906779755971262,5.295234064191708e-08,0.0,1.029422104358673,13104,12977
pretrain,,547,0.13685587051262108,0.05027670436395972,125778.45484963954,0.44962721690535545,1.1692440292664927,0.05674617147069278,1.404340040736965,0.0,0.20217002036848242,0.5881116890481539,0.8086800451080004,0.8241381943225861,0.01497565442051091,0.8086800814739296,5.126709025822981e-08,0.0,1.024452842772007,13128,13001
pretrain,,548,0.08431374496003577,0.0501761509552318,117763.97035152532,0.5318998217227913,1.2217800387314388,0.05544175188188281,1.399014537444427,0.0,0.19950726872221347,0.5878388966832842,0.7980290551980337,0.8188463598489761,0.01812103252153566,0.7980290748888538,5.375061708686365e-08,0.0,1.0355094770590465,13152,13025
pretrain,,549,0.09631789188727177,0.05007579865332134,119430.05503484842,0.46720100624398103,1.0748434532699838,0.05530994622471721,1.3868967178055929,0.0,0.1934483589027964,0.586330886398043,0.7737934067845345,0.8011645793914794,0.020435895713615662,0.7737934356111856,6.270905337594594e-08,0.0,1.0030695001284282,13176,13049
pretrain,,550,0.050174084947030385,0.04997564705601469,113192.08212957604,0.486578675208702,1.0429401521171842,0.05530991246716382,1.3977545990298192,0.0,0.1988772995149096,0.5832114783780915,0.79550917694966,0.8193186819553375,0.024206636578073634,0.7955091980596384,6.155598730739342e-08,0.0,1.000586248934269,13200,13073
pretrain,,551,0.2691716661778505,0.04987569576190266,149624.07439740564,0.4862741611543156,0.9984924191875116,0.0520722407651277,1.3956801148929765,0.0,0.19784005744648833,0.5890704382743155,0.7913602193196615,0.812371489405632,0.014634984767338384,0.7913602297859531,6.332993507385254e-08,0.0,1.0302001982927322,13224,13097
pretrain,,552,0.1840860735555319,0.04977594437037886,134486.75076290607,0.7522321430788863,1.2393021916172333,0.0602885464833764,1.3920288108998822,0.0,0.1960144054499411,0.5845141996230399,0.7840575824181238,0.827285361289978,0.02841234140596012,0.784057621799764,6.741001494040925e-08,0.0,1.0364193518956502,13248,13121
pretrain,,553,-0.010216406459597094,0.049676392481638104,105669.97341364293,0.4405459475127005,0.9724732480943201,0.05322815140518188,1.3978255165829545,0.0,0.19891275829147728,0.5893470048904419,0.7956509838501612,0.8287059396505355,0.024784654649591918,0.7956510331659089,8.231117607874576e-08,0.0,1.0052858963608742,13272,13145
pretrain,,554,-0.01500846063072823,0.04957703969667482,105141.33497692131,0.31224331521384774,0.739786098578146,0.053256445756716835,1.393758753225917,0.0,0.19687937661295848,0.5875196872012955,0.7875175029039383,0.82712924182415,0.027937783173484835,0.7875175064518336,4.4171299266408205e-08,0.0,0.9873572736978531,13296,13169
pretrain,,555,0.11354815522539069,0.049477885617281475,130254.95627336465,0.35285621420258567,0.6281553379659138,0.09893894969534774,1.401500878412099,0.0,0.2007504392060496,0.5508469960519246,0.803001768887043,0.8239207148551941,0.021303638412920475,0.8030017568241982,5.6411538755056036e-08,0.0,0.9412903512517611,13320,13193
pretrain,,556,0.26315633553980766,0.04937892984604691,150069.0373268538,0.5741725999063679,1.283363696773137,0.05873640766912763,1.3935997831147342,0.0,0.19679989155736707,0.5791904873081616,0.787199524541696,0.8316467970609664,0.02910845146163209,0.7871995662294683,6.049161862161274e-08,0.0,1.010224426786105,13344,13217
pretrain,,557,0.1445137946002098,0.049280171986354815,129322.25765127207,1.026839082661484,1.7373525804706975,0.06852009123656667,1.3881735642041477,0.0,0.19408678210207397,0.5730925894209317,0.7763471305370331,0.8185066461563111,0.033578221296377685,0.7763471284082958,5.960464479389434e-08,0.0,1.0583108365535736,13368,13241
pretrain,,558,-0.28262184317906625,0.04918161164238211,85212.80821124156,0.39349357737228274,0.9695190565128404,0.09090778453675168,1.368800591145243,0.0,0.18440029557262147,0.534504241177014,0.737601158519586,0.8024911165237426,0.050511304670151316,0.7376011822904859,5.0025326843912886e-08,0.0,1.0180825516581535,13392,13265
pretrain,,559,-0.052406612136308366,0.04908324841909734,102750.35553753994,0.3696523497901147,0.970349018994186,0.06597830833532094,1.401478364531483,0.0,0.2007391822657415,0.5611201522073574,0.8029566879073778,0.8305480241775512,0.02005942450444179,0.8029567290629659,5.481498579114804e-08,0.0,1.0174790794650714,13416,13289
pretrain,,560,0.33106790455759644,0.04898508192225915,172885.16688564062,0.6474481702205681,1.5080454563455918,0.07542789450753497,1.3872473571626915,0.0,0.19362367858134566,0.5591515898704529,0.7744946976502737,0.8161628246307373,0.02667201860759512,0.7744947143253826,6.03142238930765e-08,0.0,1.0845598330100377,13440,13313
pretrain,,561,0.159342370361872,0.04888711175841463,133901.67535393013,0.7140447177613775,1.5724415088338508,0.07820082020629378,1.3678709220673355,0.0,0.18393546103366787,0.5382407339555877,0.7357418288787206,0.8104485183954239,0.04520810433706734,0.7357418441346715,5.783069700893151e-08,0.0,1.0915407836437225,13464,13337
pretrain,,562,0.0118202809889281,0.048789337534897795,108378.09331812589,0.540275117116315,1.180034875869751,0.054570021062199436,1.3999781109215246,0.0,0.1999890554607624,0.5867776679141181,0.7999562074740728,0.8181528836488724,0.01670429752180478,0.7999562218430496,5.942725010236553e-08,0.0,1.038828710714976,13488,13361
pretrain,,563,0.07466446491688145,0.04869175885982801,115860.94874508727,0.4339573885802002,1.1423759198614525,0.05185996000930979,1.4027265506308702,0.0,0.20136327531543516,0.5887188783713749,0.8054530769586563,0.8337082684040069,0.017073093448189518,0.8054531012617406,5.0202721646464e-08,0.0,1.0249742741386096,13512,13385
pretrain,,564,0.20071725309966232,0.048594375342108344,136760.1374037887,0.4639624186924525,1.127386692166328,0.05672960500592686,1.3992755274687496,0.0,0.19963776373437472,0.5852876827120781,0.7985510230064392,0.8292488723993301,0.03211647042500812,0.7985510549374988,5.4992380538188e-08,0.0,1.027840641637643,13536,13409
pretrain,,565,0.06183781486112662,0.04849718659142413,114941.8453007289,0.42339806562466986,0.9410763926271878,0.05679751015777723,1.3875065154085557,0.0,0.19375325770427784,0.5619752332568169,0.7750130196412405,0.8147795706987381,0.03319414025914447,0.7750130308171114,5.250885376506531e-08,0.0,1.0129361649354298,13560,13433
pretrain,,566,0.28401701347597863,0.04840019221824128,154874.2360210312,0.4623406232290324,0.8464258210999623,0.05858149985474686,1.404631597211673,0.0,0.2023157986058366,0.5896384354148592,0.8092631846666336,0.8339741259813309,0.0176647933030014,0.8092631944233463,7.007093659009793e-08,0.0,1.0263363594810169,13584,13457
pretrain,,567,-0.004328737005296056,0.0483033918338048,106531.04761822904,0.48455932652134276,1.3187010065785476,0.0546960460713502,1.4041553152104218,0.0,0.20207765760521093,0.5836610762136323,0.8083106055855751,0.8204215496778489,0.010643373128971642,0.8083106304208437,5.9604644701375754e-08,0.0,1.0240179896354675,13608,13481
pretrain,,568,-0.015384876840000856,0.04820678505013719,104781.48362559605,0.44584960605771773,0.7902718854801994,0.05084815262727863,1.4041179079739818,0.0,0.20205895398699103,0.5864803173712321,0.808235784371694,0.8241061687469482,0.012500491429076024,0.8082358159479641,5.250885376506531e-08,0.0,0.9878068789839745,13632,13505
pretrain,,569,-0.06113898286613152,0.04811037148003692,105343.26914736142,0.6559646073950544,1.2717862253210372,0.09321786424357892,1.3825551778344174,0.0,0.19127758891720859,0.5394309902829784,0.7651103287935257,0.8035009652376175,0.028546383465292348,0.7651103556688343,5.827418399680558e-08,0.0,1.0570152973135312,13656,13529
pretrain,,570,0.19120158105166388,0.04801415073707684,134121.87172629562,0.4145788445270487,0.7690630468406846,0.052673224791154306,1.4025560225404445,0.0,0.20127801127022224,0.5867599610771452,0.8051120241483053,0.8357457846403121,0.01681316292146469,0.8051120450808887,5.818548652151515e-08,0.0,1.0019455601771672,13680,13553
pretrain,,571,0.2362519092327716,0.047918122435602686,144074.7008801898,0.47129630397206973,0.9758674029526963,0.05805308903290677,1.3842161090689755,0.0,0.19210805453448784,0.582200332411698,0.7684322049220403,0.8175204753875732,0.0376671322798432,0.768432218137951,6.270905335744222e-08,0.0,0.9947881748278936,13704,13577
pretrain,,572,0.025710188290746942,0.04782228619073148,111188.56686612948,0.667939956699099,1.5062898943466798,0.062430638561457856,1.387108265023146,0.0,0.1935541325115732,0.5810705433998788,0.7742165128389994,0.8284840136766434,0.03639886995104522,0.7742165300462925,5.694372314420567e-08,0.0,1.014793040851752,13728,13601
pretrain,,573,0.09711887466795902,0.04772664161835002,120501.9119515878,0.3871114240693195,0.7973754636145063,0.06084897827905488,1.3848051707304656,0.0,0.192402585365233,0.5616922479655062,0.769610325495402,0.8059472233057022,0.037869012117164355,0.769610341460932,4.630003660096212e-08,0.0,1.0107248003284137,13752,13625
pretrain,,574,-0.14392033092975604,0.04763118833511332,93772.0138700122,0.5666638620729957,1.193256931219782,0.06458672865346766,1.3936797431004901,0.0,0.19683987155024496,0.576410717197827,0.7873594785730044,0.8108818054199218,0.01836615541498302,0.7873594862009797,5.800809181148262e-08,0.0,1.0114031235376995,13776,13649
pretrain,,575,-0.07399406878518784,0.047535925958443095,99788.53563124723,0.5060558763022224,0.929008451849222,0.059895786586338616,1.3876501679243074,0.0,0.19382508396215384,0.5651737472840718,0.7753003239631653,0.8055178582668304,0.018337212675164846,0.7753003358486152,4.6300036563954684e-08,0.0,1.0613762090603511,13800,13673
pretrain,,576,0.05280908961459645,0.04744085410652621,114750.0805151368,0.2598863456265203,0.6145904037037062,0.06310985571802748,1.386960309309264,0.0,0.193480154654632,0.5553098986191409,0.7739206080635389,0.8083914548158646,0.02352517155774953,0.773920618618528,5.348452503106671e-08,0.0,0.9383719116449356,13824,13697
pretrain,,577,-0.10860999471985008,0.04734597239831315,97840.48902742426,0.7855635154105368,1.5012054803115982,0.07211520257994553,1.402996427867384,0.0,0.20149821393369213,0.5590525322726794,0.8059928491711617,0.8398313581943512,0.023795805055395487,0.8059928557347682,6.403951421004213e-08,0.0,1.0539583936333656,13848,13721
pretrain,,578,0.20406097431250717,0.04725128045351652,136668.17109333546,0.33310287175256575,0.6529721597475665,0.05353313596651291,1.3968246070934194,0.0,0.1984123035467097,0.57453612397824,0.793649194141229,0.8248334616422653,0.01993953546982835,0.7936492141868388,7.113530525737488e-08,0.0,0.9994231313467026,13872,13745
pretrain,,579,-0.026184507598209318,0.04715677789260949,105211.00696475212,0.6417077948294935,1.4959500733762978,0.06309467679796933,1.4028351043484042,0.0,0.201417552174202,0.5532366026725088,0.8056701918443044,0.8262669026851653,0.015705558071994585,0.805670208696808,7.255446341873177e-08,0.0,1.0197649598121643,13896,13769
pretrain,,580,0.013055648960897746,0.047062464336824275,109142.33901079498,0.33336187712848186,0.8588946295902132,0.05892469576766348,1.3888425412366079,0.0,0.19442127061830394,0.5740881056657858,0.7776850610971451,0.8000110715627671,0.014337366937539973,0.7776850824732154,6.572476453821825e-08,0.0,0.9859324395656586,13920,13793
pretrain,,581,0.07503754933037748,0.04696833940815063,115969.91361858418,0.5140358484128401,1.1664373339819052,0.05222486360049463,1.384772411148463,0.0,0.1923862055742315,0.573219365307263,0.7695448075731596,0.805271977186203,0.027604975745673443,0.7695448222969259,4.4171299266408205e-08,0.0,1.0128336449464161,13944,13817
pretrain,,582,-0.038998621429930755,0.046874402729334325,104035.64644627293,0.6591166329703161,1.1070261822215146,0.06482468200157303,1.3931733000846134,0.0,0.19658665004230683,0.5851833756480898,0.7863465671737989,0.8261622190475464,0.025673713918047295,0.7863466001692272,5.3218432845743756e-08,0.0,1.0713477979103725,13968,13841
pretrain,,583,0.06732586533902349,0.046780653923875655,115504.47835870682,0.5151489113590547,1.2951017799654174,0.0557556981951993,1.4011272067825,0.0,0.20056360339124998,0.5832433764423643,0.8022543912132581,0.8385597676038742,0.027015994338751154,0.8022544135649999,5.108969556670099e-08,0.0,1.0148262878259022,13992,13865
pretrain,,584,0.003758476256473688,0.0466870926160279,107418.62342313392,0.4272127704960959,1.0942578245486523,0.054420211737575226,1.3955154769299998,0.0,0.19775773846499978,0.5828714349440165,0.791030948360761,0.8260490477085114,0.029289414658449135,0.7910309538599991,6.510388284031166e-08,0.0,1.0524089982112248,14016,13889
pretrain,,585,0.07433251230586006,0.04659371843079586,116005.5663527409,0.4691042623793085,1.015261105873755,0.05303323938374021,1.3949125968363312,0.0,0.1974562984181657,0.5793768667748995,0.7898251712322235,0.8196284145116806,0.02220654830942477,0.7898251936726625,7.317534519065323e-08,0.0,0.9997131129105886,14040,13913
pretrain,,586,-0.01819019371325678,0.04650053099393425,104391.93262953236,0.4096836844193084,1.0666856043040744,0.050218137453285704,1.4059133644969688,0.0,0.2029566822484845,0.5844308616859573,0.811826710899671,0.8341070681810379,0.016256184615528153,0.811826728993938,7.131269996740741e-08,0.0,1.0234063093860943,14064,13937
pretrain,,587,0.14520916661921723,0.04640752993194639,127314.82104248331,0.5410831213618318,1.5010917387902731,0.05778027195595114,1.392735339523781,0.0,0.1963676697618905,0.5637048472251212,0.785470669468244,0.8158598393201828,0.02624091054414777,0.7854706790475617,6.563606719245385e-08,0.0,1.0298260028163593,14088,13961
pretrain,,588,0.03893193342021272,0.0463147148720825,112592.55838122735,0.4602040699904873,1.1864865797172697,0.060758251646042365,1.3849017322506931,0.0,0.19245086612534665,0.5637810246220656,0.7698034271597862,0.7918166846036911,0.018169749394209143,0.7698034645013866,6.270905337594594e-08,0.0,0.985781821111838,14112,13985
pretrain,,589,0.031082331914361737,0.04622208544233833,110562.37411881465,0.33153522072271224,0.9512501657807395,0.05370903201327871,1.3988499844535476,0.0,0.19942499222677382,0.5635137398328101,0.797699935734272,0.8277401238679886,0.015961203477785436,0.797699968907095,5.712111790974935e-08,0.0,1.0191685259342194,14136,14009
pretrain,,590,0.037578481805159145,0.04612964127145366,113098.64373466095,0.5160202662504855,1.1159932949713296,0.06519801444045391,1.3949335497759636,0.0,0.19746677488798184,0.5717238719974245,0.789867103099823,0.8125312209129334,0.01746412318776343,0.7898670995519274,5.03801164305114e-08,0.0,1.0580558429161708,14160,14033
pretrain,,591,0.22878261703667463,0.04603738198891075,145407.91593920658,0.4158998216458019,0.9076349136020455,0.06958076247296695,1.390129170957066,0.0,0.1950645854785329,0.5437589213252068,0.7802582830190659,0.8239759892225266,0.044513651495693286,0.7802583419141316,6.38621193889873e-08,0.0,1.023452912767728,14184,14057
pretrain,,592,-0.00850653133363733,0.04594530722493293,105745.77804796094,0.42469436058863286,1.0192279959363595,0.05236858265956638,1.3983177191444804,0.0,0.1991588595722403,0.5833097100257874,0.796635406712691,0.8126439481973649,0.013352336673336516,0.7966354382889612,6.208817167803933e-08,0.0,1.0292672291398048,14208,14081
pretrain,,593,0.14105253913352972,0.04585341661048306,127172.79336821676,0.500265569026981,1.186950245073863,0.06051312621159297,1.398869218482148,0.0,0.19943460924107406,0.5868756366627557,0.7977384279171625,0.8275971651077271,0.024420924750414897,0.797738436964296,3.955903510322045e-08,0.0,1.0417541066805522,14232,14105
pretrain,,594,0.3253411751969687,0.04576170977726209,171352.5408465042,0.6772340369366464,1.5903720482119488,0.07588888458373415,1.3759738850806442,0.0,0.18798694254032203,0.5269744747451373,0.7519477307796478,0.7842407524585724,0.025966768495759997,0.751947770161288,5.924985518879211e-08,0.0,1.0883620182673137,14256,14129
pretrain,,595,0.28703853286609765,0.04567018635770757,154362.80721465225,0.47107384030130645,1.0147418533584898,0.05428085130574003,1.387333558340158,0.0,0.1936667791700789,0.5743512617690223,0.7746670891841253,0.7968348890542984,0.02061385618121724,0.7746671166803155,6.120119775780235e-08,0.0,0.9792937363187472,14280,14153
pretrain,,596,0.19238065818595892,0.04557884598499216,133404.11648159169,0.27616767873544074,0.6167614640934125,0.04834773813754311,1.3944035757865223,0.0,0.19720178789326126,0.5823351804699217,0.788807138800621,0.8168661564588546,0.02062480154781042,0.7888071515730449,4.612264181691472e-08,0.0,0.982173333565394,14304,14177
pretrain,,597,0.09817895837302573,0.04548768829302217,120480.02497040611,0.6136635488697461,1.330358534093414,0.05983994453423975,1.379445235511022,0.0,0.189722617755511,0.5741990841925144,0.7588904599348704,0.8016183525323868,0.029225297723567894,0.758890471022044,5.011402424518844e-08,0.0,1.0018145392338436,14328,14201
pretrain,,598,0.28652343697972155,0.04539671291643613,156674.16221940142,0.619041975498909,1.6434274901236794,0.06267435659386238,1.4004500884385334,0.0,0.20022504421926682,0.5847113579511642,0.8009001562992731,0.830892139673233,0.01914789562774515,0.8009001768770672,7.415101643815092e-08,0.0,1.044196496407191,14352,14225
pretrain,,599,0.13607269352522613,0.04530591949060325,126053.66402065607,0.6077767948043489,1.1400714236710752,0.05884532391949421,1.3948707538878633,0.0,0.19743537694393173,0.5389964144144739,0.7897414887944857,0.8253887355327606,0.020491308931875014,0.7897415077757267,5.6234144063527225e-08,0.0,1.0092452863852184,14376,14249
pretrain,,600,-0.035035507358637044,0.045215307651622044,104660.28120179955,0.4556724983710973,1.0953478676932198,0.0663026696022535,1.4005418507426624,0.0,0.20027092537133115,0.5257846686456884,0.8010836765170097,0.8202105611562729,0.012590533538980628,0.8010837014853246,5.6367190063670115e-08,0.0,1.0031984845797222,14400,14273
pretrain,,601,0.1354712646592023,0.0451248770363188,126471.8450767262,0.746262969803952,1.4841846103114738,0.061532432210070216,1.3988049798423337,0.0,0.1994024899211668,0.5743387341499329,0.7976099501053492,0.8246854811906814,0.018912740764531075,0.797609959684667,5.676632834165455e-08,0.0,1.0627693782250087,14424,14297
pretrain,,602,0.05118021379689206,0.045034627282246165,113329.9952348521,0.4770973725244403,1.048072503134608,0.05536737967096178,1.3979759949835993,0.0,0.19898799749179966,0.5879019999078341,0.7959519624710083,0.8286157041788101,0.018637521681223727,0.7959519899671985,6.474909327221685e-08,0.0,1.0000075871745746,14448,14321
pretrain,,603,-0.014168497875537036,0.04494455802768168,106911.03788435707,0.47311879035883714,1.0748788661722624,0.06567615206242026,1.3930950820268617,0.0,0.19654754101343105,0.5607741922140121,0.7861901645859083,0.8113471329212188,0.024477473732437978,0.7861901640537239,7.326404249941021e-08,0.0,0.9788630132873853,14472,14345
pretrain,,604,0.19732536064470932,0.04485466891162631,137408.86168155592,0.3650077087139445,0.7683011071490388,0.06243294869827729,1.4012602994750651,0.0,0.20063014973753268,0.544441642505782,0.8025205905238787,0.8299741059541702,0.019528550455905312,0.8025205989501306,5.5968051896707984e-08,0.0,0.982464944322904,14496,14369
pretrain,,605,0.03905225325426079,0.04476495957380306,119496.99958039765,0.35057064846512814,1.1026220134326385,0.10342220963521476,1.382979418106732,0.0,0.19148970905336596,0.5345778933593205,0.7659588232636452,0.8043181508779526,0.025779245865006434,0.7659588362134638,4.6654826132049486e-08,0.0,1.0103509450952213,14520,14393
pretrain,,606,-0.17530326189705142,0.04467542965465545,90123.06432531051,0.37472348110306836,0.8259088872798849,0.05475782400088764,1.391848173435955,0.0,0.19592408671797745,0.5782204855765616,0.7836963385343552,0.8117738157510758,0.022418272146455993,0.7836963468719095,4.9847932041361766e-08,0.0,1.043025364478429,14544,14417
pretrain,,607,-0.042849434887717246,0.04458607879534614,102563.08107623832,0.6718520723017197,1.692005191104752,0.05653310355999571,1.3956565762027389,0.0,0.19782828810136946,0.587275501872812,0.7913131018479665,0.8179893136024475,0.02445902501101408,0.7913131524054777,8.142420228803478e-08,0.0,1.0074019382397335,14568,14441
pretrain,,608,0.17398361528032005,0.04449690663775545,139848.70567182315,0.33254165140291053,0.5732242062687871,0.09246493792596472,1.3749574418401433,0.0,0.1874787209200717,0.5307049745959895,0.7499148671825727,0.7933564096689224,0.031059199074317038,0.7499148836802868,5.7298512712300465e-08,0.0,0.9751098901033401,14592,14465
pretrain,,609,-0.14117645445272414,0.044407912824479936,97417.73809937111,0.18644774436861988,0.48845701276191633,0.09555779387980974,1.4063210799137043,0.0,0.20316053995685213,0.5392863191664219,0.8126421322425207,0.8281884402036667,0.014312744242901658,0.8126421598274082,6.89178705030417e-08,0.0,0.9327927355964979,14616,14489
pretrain,,610,0.009523464816943446,0.04431909699883097,115045.10507108216,0.5904305825187337,1.113017976656556,0.10104353601106626,1.3858775893847148,0.0,0.19293879469235742,0.4548047775668757,0.7717551862200102,0.808272635936737,0.024844389184932043,0.7717551787694297,4.541306273623628e-08,0.0,1.095478355884552,14640,14513
pretrain,,611,0.12414827792403584,0.04423045880483332,125276.02903016105,0.6099410786603888,1.248478131209101,0.06467867952724417,1.3915402858207624,0.0,0.19577014291038117,0.5823348718030112,0.7830805604656538,0.8091201275587082,0.01754111326535177,0.7830805716415247,4.913835299769076e-08,0.0,1.054290493329366,14664,14537
pretrain,,612,0.11040422614003696,0.04414199788722365,121992.82217263953,0.6318628390186599,0.9572262721402304,0.0582295122929915,1.3969901129603386,0.0,0.1984950564801693,0.577990717121533,0.7939802135030428,0.8212002903223038,0.023312374342312803,0.7939802259206772,5.250885376506531e-08,0.0,1.0381998394926388,14688,14561
pretrain,,613,0.17918244405954883,0.0440537138914492,140001.3084527515,0.7309409783532222,1.1552018953221184,0.08878209780974122,1.3850255365527808,0.0,0.1925127682763906,0.5069562111582075,0.7700510496894518,0.7942955911159515,0.016947471300399974,0.7700510731055622,6.953875218244458e-08,0.0,1.0912864009539287,14712,14585
pretrain,,614,0.24830717704787972,0.0439656064636663,146797.31853412272,0.5720351549486319,1.533304828937564,0.05873455815379496,1.3952207395895606,0.0,0.1976103697947803,0.5875371141093118,0.7904414559404055,0.8219853430986405,0.025643204474816193,0.7904414791791211,5.446019627856439e-08,0.0,1.0248565350969632,14736,14609
pretrain,,615,0.40646191502344897,0.04387767525073897,195208.16754025762,0.580042847742637,1.2530352942113363,0.06772036459640259,1.3956076733413199,0.0,0.19780383667065982,0.5528637756194388,0.7912153055270513,0.8330345839262009,0.02380520054968041,0.7912153466826393,5.960464479389434e-08,0.0,1.0458180358012517,14760,14633
pretrain,,616,-0.2605288284106226,0.04378991990023749,84875.47426366905,0.6048382561476457,1.3317691785948613,0.06861014322258989,1.3898359498097783,0.0,0.19491797490488919,0.5428805383188384,0.7796718726555506,0.8135709285736084,0.02980503467817483,0.7796718996195566,5.4282801420502125e-08,0.0,1.0756871501604717,14784,14657
pretrain,,617,-0.056868741428822915,0.043702340060437016,100905.05626310827,0.4971817250230483,0.9097674093076157,0.05486510506861384,1.395583804164614,0.0,0.19779190208230701,0.5842705454145158,0.7911675920089086,0.8266356825828551,0.02037278466328042,0.791167608329228,4.186516716631061e-08,0.0,1.0309980312983196,14808,14681
pretrain,,618,0.1691727355705567,0.04361493538031614,130315.32433544438,0.44222460474286757,0.9781599695129048,0.05288150410695597,1.4008990146574518,0.0,0.20044950732872602,0.5884749782936913,0.8017980058987936,0.818562188744545,0.016543967319969877,0.8017980293149041,7.024833133713788e-08,0.0,1.0199573983748753,14832,14705
pretrain,,619,0.012741432048666321,0.04352770550955551,109329.89977672914,0.5376511981622094,1.0570067082132608,0.06049641424749727,1.4019147082276284,0.0,0.2009573541138144,0.5722922246370996,0.8038293942809105,0.829786291718483,0.017292798178947667,0.8038294164552576,5.5169775340739115e-08,0.0,1.0383718659480412,14856,14729
pretrain,,620,0.12508446592066935,0.0434406500985364,124913.66679871283,0.603026640778851,1.0784044405179363,0.061968849760128314,1.3856745923736267,0.0,0.1928372961868133,0.5382568878786904,0.7713491742809614,0.7982014566659927,0.017454192382147127,0.7713491847472532,6.155598730739342e-08,0.0,1.0375588461756706,14880,14753
pretrain,,621,0.15499898395961356,0.04335376879833932,127424.70788481273,0.43685457740156425,0.8795299270323343,0.05018654910483309,1.3957992274136772,0.0,0.1978996137068385,0.5887342691421509,0.79159843424956,0.8323334664106369,0.02942101994494497,0.791598454827354,5.676632832315084e-08,0.0,1.007685420413812,14904,14777
pretrain,,622,0.17905869478661013,0.043267061260742645,134374.93652556854,0.5611758507965576,1.2591673911150012,0.0639624226433534,1.395578552436616,0.0,0.19778927621830789,0.528797332729612,0.7911570767561594,0.8139771282672882,0.019443737785704254,0.7911571048732315,5.685502577993754e-08,0.0,1.0456020558873813,14928,14801
pretrain,,623,0.22745667008733536,0.04318052713822116,141538.18916216266,0.43035068923962255,0.7350379437740356,0.05501685929229879,1.3899246047561367,0.0,0.19496230237806836,0.5493345760873385,0.7798491716384888,0.8166662752628326,0.02458723914931675,0.7798492095122734,5.596805178568568e-08,0.0,0.9986448983351389,14952,14825
pretrain,,624,0.319202983799503,0.04309416608394472,161229.18870889154,0.42288357258907383,1.1320077446954588,0.05046827374348404,1.3889847202670005,0.0,0.19449236013350032,0.5829561246292931,0.7779694100220998,0.8204809308052062,0.02485356184941037,0.7779694405340013,6.386211937048358e-08,0.0,1.0169226105014484,14976,14849
pretrain,,625,-0.20751192717682795,0.04300797775177683,88948.8677947352,0.7058417813941126,1.302380963734218,0.06939210277630219,1.3921302278481775,0.0,0.19606511392408896,0.56150405641113,0.7842604393760363,0.8192873656749725,0.03343409523492379,0.7842604556963556,5.463759104410807e-08,0.0,1.0791939049959183,15000,14873
pretrain,,626,0.36934830580892297,0.04292196179627327,178973.92142816735,0.4051297778441083,1.0173166778470788,0.05992589433325163,1.3959515299648046,0.0,0.19797576498240232,0.5787060377853257,0.7919030512372652,0.8228269755840302,0.023626169675099278,0.7919030599296093,3.8849455985534576e-08,0.0,1.0210913345217705,15024,14897
pretrain,,627,0.0859680043607861,0.042836117872680726,120811.00488977402,0.583119272742243,0.9459279994879449,0.07191069433955043,1.3917465009504841,0.0,0.19587325047524198,0.5274435920374734,0.7834929823875427,0.8234825968742371,0.025006401020689066,0.7834930019009679,4.6122641798411e-08,0.0,1.030168356994788,15048,14921
pretrain,,628,0.1990862368743499,0.042750445636935364,138977.4382024548,0.5281820011192134,1.2590095490749393,0.0678104252421672,1.401598300430037,0.0,0.20079915021501837,0.5533279148595673,0.8031965966025988,0.8285390764474868,0.012467214204547076,0.8031966008600735,6.173338210994454e-08,0.0,1.0715555747350056,15072,14945
pretrain,,629,0.022087874436437345,0.0426649447456615,109020.36902844901,0.3844161890003653,0.9872428254357402,0.05054361909049204,1.3981779747243437,0.0,0.19908898736217195,0.5839539127690452,0.7963559180498123,0.8344829976558685,0.0240369271267033,0.7963559494486877,5.747590751485158e-08,0.0,1.0089945495128632,15096,14969
pretrain,,630,0.057336231040093485,0.04257961485617018,116032.72659308616,0.3833516634823311,0.9868037554834567,0.06736495562028706,1.388773203517,0.0,0.19438660175849995,0.5043564364314079,0.7775463859240214,0.8047442406415939,0.023831131073745335,0.7775464070339998,5.268624851210527e-08,0.0,1.0799778997898102,15120,14993
pretrain,,631,-0.1219592473873338,0.04249445562645783,100264.07547176302,0.4035844392187539,1.0469121800469492,0.10382753907209268,1.3838146322717269,0.0,0.1919073161358635,0.5335707430328642,0.7676292260487875,0.806356605887413,0.032682282043358976,0.7676292645434538,5.978203950392687e-08,0.0,1.0286292855938275,15144,15017
pretrain,,632,0.16525580750062951,0.042409466715204916,133452.55061597435,0.41872845958208754,1.2714900155152584,0.07117849220752953,1.3944266654018842,0.0,0.1972133327009423,0.5086473210581711,0.7888532976309458,0.8150974363088608,0.019162936180958677,0.788853330803769,6.350732982089251e-08,0.0,1.0468082676331203,15168,15041
pretrain,,633,-0.18085889109728565,0.042324647781774506,89336.6410077218,0.4193579651237953,0.9879305111510408,0.05124779311118819,1.4006402630004144,0.0,0.20032013150020722,0.5780776260154588,0.8012804860870043,0.8269774675369262,0.02729463020480393,0.8012805260008289,6.687783055125962e-08,0.0,1.0317254935701687,15192,15065
pretrain,,634,0.1714582247888919,0.042239998486210954,132803.7925844362,0.6320940604699511,1.5798526656414777,0.06295935948953481,1.393297217342825,0.0,0.19664860867141262,0.5517600785408701,0.7865944306055704,0.8179646492004394,0.022440939192832122,0.7865944346856502,5.1976669394419396e-08,0.0,1.059296578168869,15216,15089
pretrain,,635,-0.23513986351110708,0.042155518489238535,88848.0781051155,0.5758033038693525,1.081709249743393,0.0913525956488468,1.3876997738899217,0.0,0.19384988694496097,0.5293513983488083,0.7753995209932327,0.8210143566131591,0.03674438614631426,0.7753995477798439,5.694372314420567e-08,0.0,1.0686762208739917,15240,15113
pretrain,,636,0.15813683171706513,0.042071207452260055,128563.80152390155,0.31003184310559717,0.6945844066994528,0.0533660406987338,1.3894422208624226,0.0,0.19472111043121135,0.5789212589817387,0.7788844009240469,0.8087394952774047,0.030476640367103985,0.7788844417248454,6.918396268836464e-08,0.0,0.9904074693719546,15264,15137
pretrain,,637,0.046922524126452966,0.04198706503735553,116731.94562444242,0.506642738978068,1.0952403843402858,0.0803449591950941,1.3723701048819794,0.0,0.1861850524409896,0.5074684492179325,0.7447401856382688,0.7696939378976821,0.02161108133396219,0.7447402097639584,5.038011644901511e-08,0.0,1.0664134621620178,15288,15161
pretrain,,638,0.14585521588893463,0.04190309090728083,127572.42683011612,0.490512635071008,1.3155410497848472,0.058563614908161366,1.3993475300570328,0.0,0.19967376502851644,0.5634313683424677,0.7986950650811195,0.8194790810346604,0.014710333619491612,0.7986950601140658,5.605674926097611e-08,0.0,1.053841347495715,15312,15185
pretrain,,639,0.07559084188821898,0.04181928472546626,116631.47855810588,0.41840318240047925,0.9397813454270361,0.055839748409898284,1.401334664473931,0.0,0.2006673322369655,0.5845241642424038,0.8026693115631739,0.8198260009288788,0.016224501768286437,0.802669328947862,6.847438360768621e-08,0.0,1.0244416495164235,15336,15209
pretrain,,640,-0.08742717919525737,0.041735646156015334,100422.0983267433,0.4434321669506885,0.9207388721406455,0.07635868387569796,1.3837814582068297,0.0,0.1918907291034148,0.5438384488224983,0.7675628835956255,0.7926352381706238,0.021754638680269306,0.7675629164136591,6.049161869562762e-08,0.0,1.02263359973828,15360,15233
pretrain,,641,0.11984807141096702,0.0416521748637033,123008.53476236838,0.520745701688741,1.1645632032837179,0.056000173212767464,1.3964893353127297,0.0,0.19824466765636495,0.5704369454511574,0.7929786468545595,0.8191357314586639,0.017485576909866716,0.7929786706254595,5.286364331465639e-08,0.0,1.0241107195615768,15384,15257
pretrain,,642,0.20326682241678098,0.0415688705139759,139433.68222292126,0.4062395015110572,1.0714423900204042,0.06628862626525846,1.3902496223648388,0.0,0.19512481118241945,0.5746046230196953,0.7804992298285166,0.8152374595403671,0.030215661117169425,0.7804992447296778,4.292953579658013e-08,0.0,1.0780277599891026,15408,15281
pretrain,,643,-0.08788304263900279,0.041485732772947946,98162.19677502837,0.6305788595096341,1.3337981617344272,0.05763411240773275,1.4032294152836713,0.0,0.20161470764183576,0.5798717758485249,0.8064588159322739,0.8358658939599991,0.01870730176356288,0.8064588305673429,6.501518542053238e-08,0.0,1.0296842753887177,15432,15305
pretrain,,644,0.15776893175784298,0.04140276130740205,130154.70555394335,0.5534462329621116,1.0631996300071476,0.06159552366609026,1.4002687927512893,0.0,0.20013439637564479,0.5716849671942847,0.8005375613768896,0.832038751244545,0.02661836175722011,0.800537585502579,6.244296117211927e-08,0.0,1.0567301685611408,15456,15329
pretrain,,645,0.2227897743420505,0.04131995578478725,143225.11899748584,0.4702916841155716,0.8435555073831762,0.06584056353109212,1.404518101719164,0.0,0.20225905085958187,0.5168340200824397,0.8090361704428991,0.8431452631950378,0.02640855315627529,0.8090362034383275,6.031422393008394e-08,0.0,1.051506241162618,15480,15353
pretrain,,646,0.12444833930671838,0.04123731587321767,124157.24392237798,0.5592042732806433,1.152258320152759,0.058434508989677246,1.3950794430538302,0.0,0.19753972152691515,0.5488878424678529,0.7901588479677836,0.8128781497478486,0.017474167384648284,0.7901588861076604,5.126709027673352e-08,0.0,1.0222771366437275,15504,15377
pretrain,,647,0.06474613381736052,0.04115484124147123,114391.06767011352,0.38536216323042205,0.7955056894038399,0.05088311262332998,1.3941813546809412,0.0,0.19709067734047062,0.5870668249470847,0.7883627141515414,0.8102145582437515,0.01754852669418783,0.7883627093618824,5.5169775377746553e-08,0.0,1.0190214862426121,15528,15401
pretrain,,648,0.013583815827697625,0.041072531558988296,111656.45923186986,0.32369451222586487,0.5859912237950734,0.07567660754131246,1.401939798767368,0.0,0.200969899383684,0.5264642275869846,0.8038796012600263,0.8223923563957214,0.01672495964484236,0.803879597534736,4.754179995976789e-08,0.0,0.98661141594251,15552,15425
pretrain,,649,0.1849578500843304,0.040990386495870314,137755.43437891666,0.7236350605796491,1.5213182763329574,0.07426497941871206,1.3896352599951485,0.0,0.19481762999757415,0.5269775486418179,0.7792704924941063,0.8197918862104416,0.025269277723377614,0.7792705199902966,5.871767087365735e-08,0.0,1.0832850858569145,15576,15449
pretrain,,650,-0.007357470695491121,0.04090840572287857,112295.67556347673,0.6467886765354446,1.1254391240222112,0.09737602420145482,1.3834750302845524,0.0,0.1917375151422762,0.5206758986626352,0.7669500137368838,0.8048059672117233,0.028499039812209262,0.7669500605691045,6.350732978388507e-08,0.0,1.0755550265312195,15600,15473
pretrain,,651,0.09308892790582107,0.040826588911432815,121218.54816074176,0.5779361428825983,1.2978436300797114,0.06829567766164386,1.3944544195241872,0.0,0.1972272097620936,0.5626946645123618,0.7889088044563929,0.8123651415109634,0.01996117601251415,0.7889088390483744,5.7475907477844146e-08,0.0,1.0266311913728714,15624,15497
pretrain,,652,0.16739835247892348,0.04074493573360995,130486.74338078705,0.5132842935133903,1.2138620132846492,0.05520022758991309,1.4045816360573682,0.0,0.2022908180286842,0.5806918075042111,0.8091632400949796,0.8264317780733108,0.011997494596200147,0.8091632721147367,8.0980715281657e-08,0.0,1.0395991951227188,15648,15521
pretrain,,653,0.08628841459407267,0.04066344586214273,122259.83154789159,0.45899545228374855,0.956451612498079,0.07981787890338651,1.3841214726368587,0.0,0.19206073631842932,0.47968689032963346,0.7682428980867068,0.8109278678894043,0.03015286178832268,0.7682429452737173,6.421690901259325e-08,0.0,1.0577681263287861,15672,15545
pretrain,,654,0.23577911024009685,0.04058211897041845,147008.58510411828,0.604104702804415,1.1063074943210396,0.06999042324562756,1.3876065869061722,0.0,0.193803293453086,0.5598022884556225,0.7752131546537081,0.8095794528722763,0.02186958682586299,0.775213173812344,5.641153886607834e-08,0.0,1.0709606061379116,15696,15569
pretrain,,655,-0.02211110343223112,0.04050095473247761,106815.03930005096,0.8683189607801891,1.7306339448051788,0.07159445697181459,1.390508891526787,0.0,0.19525444576339357,0.5591779500246048,0.7810177927215894,0.8196483582258225,0.032163693716883136,0.7810177830535739,5.756460491612714e-08,0.0,1.0696842124064763,15720,15593
pretrain,,656,0.20705596692121783,0.04041995282301265,137132.44403261069,0.6271628885130797,1.0958785407777343,0.053101664470023104,1.4044360764147268,0.0,0.20221803820736353,0.5857887949262346,0.8088721533616384,0.8299114048480988,0.01673291809867038,0.8088721528294539,7.219967392465183e-08,0.0,1.0156030704577763,15744,15617
pretrain,,657,0.1419684714201752,0.04033911291736663,132852.24158724278,0.17329093475737387,0.25549607106617517,0.08776298990264597,1.4002820238071891,0.0,0.20014101190359468,0.5223420831773962,0.8005640010039011,0.8160432696342468,0.011396602893959676,0.8005640476143784,7.481624680893972e-08,0.0,0.9411196038126945,15768,15641
pretrain,,658,-0.12731284774065763,0.04025843469153189,94310.45165188346,0.5466645687286342,1.2914234257170132,0.05582081760063851,1.3916225109604141,0.0,0.19581125548020717,0.5771346475396837,0.7832450121641159,0.8229597359895706,0.03675993605138746,0.7832450219208283,6.12011978133135e-08,0.0,1.0328733349839847,15792,15665
pretrain,,659,0.1313909894552597,0.040177917822148836,125768.89119615374,0.6498000835999846,0.9583000946257796,0.061249858445936646,1.3913887913915373,0.0,0.19569439569576866,0.5703246114509446,0.7827775503198305,0.8242875903844833,0.03221901967254507,0.7827775827830745,6.687783058826706e-08,0.0,1.0307911907633145,15816,15689
pretrain,,660,-0.16251452884591291,0.040097561986504535,91739.82982085609,0.3625807933775442,0.8963315560349395,0.060396204621811896,1.3954682932013558,0.0,0.19773414660067787,0.573541636977877,0.7909365966916084,0.8220845490694046,0.024944179773022764,0.7909365864027113,6.244296128314157e-08,0.0,0.9951062624653181,15840,15713
pretrain,,661,0.31404936217275714,0.040017366862531524,169570.27489323512,0.7861375901848078,1.5022696529115946,0.08018719785365762,1.37803012358823,0.0,0.18901506179411498,0.5375417513506753,0.7560602178176244,0.7990438550710678,0.027107174840723402,0.7560602471764599,6.32412376910807e-08,0.0,1.092573121190071,15864,15737
pretrain,,662,0.2665422375232358,0.03993733212880646,152729.61814134778,0.4652503160427191,1.2406531537749927,0.0655882605492115,1.4049997949484911,0.0,0.20249989747424568,0.5605752420212542,0.8099995677669843,0.831537002325058,0.019504689779455565,0.8099995898969826,5.485933446403024e-08,0.0,0.9917582149306933,15888,15761
pretrain,,663,0.0044576251541065745,0.03985745746454884,107955.20255310662,0.49211426602587816,1.0956358960164443,0.05769351970332731,1.398851289635613,0.0,0.19942564481780645,0.5699070585625512,0.7977025682727495,0.828786626458168,0.02365886825256949,0.7977025792712255,5.268624843809041e-08,0.0,1.0328315397103627,15912,15785
pretrain,,664,0.16041159688776135,0.03977774254961975,129075.81334831966,0.46627529608529245,1.1647141766867466,0.05404159896672881,1.3986078339318435,0.0,0.19930391696592173,0.581069047429732,0.7972156380613645,0.8176355481147766,0.01751339488069254,0.7972156678636869,5.67663283971657e-08,0.0,0.9987080867091814,15936,15809
pretrain,,665,0.06383014545402818,0.03969818706452051,116361.66912404832,0.5109156079679018,1.1771102763180215,0.0639836047804135,1.3926640466032996,0.0,0.19633202330164967,0.5805005431175232,0.7853280827403069,0.8206414222717285,0.022697153511912076,0.7853280932065987,5.907246046025586e-08,0.0,0.9965300982197126,15960,15833
pretrain,,666,0.12628587984319856,0.039618790690391474,124960.08253170237,0.4610032401313739,0.8593956725937976,0.06121547229278076,1.4031387395890695,0.0,0.2015693697945348,0.5679872584130083,0.8062774613499641,0.8308458596467971,0.017667843871183055,0.8062774791781392,4.6388733965230244e-08,0.0,0.9767103840907415,15984,15857
pretrain,,667,0.19718979730813188,0.03953955310901069,140316.7570432326,0.5468251053687362,1.153821204496281,0.07511412291647102,1.3776659894557228,0.0,0.1888329947278613,0.5236043248857771,0.7553319657842318,0.7855294197797775,0.02416467939074942,0.7553319789114452,5.747590751485158e-08,0.0,1.0646431396404903,16008,15881
pretrain,,668,-0.03181832028819455,0.039460474002792664,103286.86464592225,0.5370885119995191,1.0326947000409874,0.053034165326212766,1.399705495153155,0.0,0.19985274757657734,0.5884511502725738,0.7994109615683556,0.8222590506076812,0.022714940897270965,0.7994109903063092,5.889506565770475e-08,0.0,0.9981690322359403,16032,15905
pretrain,,669,0.0733318926628833,0.039381553054787084,116304.05401875095,0.5415472015738487,1.0484522900411057,0.055710709304080945,1.39832333927708,0.0,0.1991616696385401,0.5732404169227396,0.7966466620564461,0.8218696802854538,0.020996395657439552,0.79664667855416,5.375061719788595e-08,0.0,1.0250622481107712,16056,15929
pretrain,,670,0.28788461880963273,0.0393027899486775,154424.6864656855,0.3989787663200072,0.916232803144625,0.053792103537418055,1.3973407104966187,0.0,0.19867035524830934,0.5872580983809061,0.7946813851594925,0.8202942579984664,0.0214729538937117,0.7946814209932374,6.031422385606906e-08,0.0,1.0123629768689473,16080,15953
pretrain,,671,0.05135207219925929,0.039224184368780154,112862.0030912842,0.32936102005520035,0.8481405032000372,0.05217511331273166,1.4031086694449186,0.0,0.20155433472245934,0.5822315812110901,0.8062173227469126,0.8275041848421096,0.022589156641026373,0.8062173388898373,6.936135749091576e-08,0.0,0.995381161570549,16104,15977
pretrain,,672,0.14389528175053584,0.039145736000042584,127807.4180552543,0.7467778065197526,1.1402492482215167,0.06139793349288728,1.3905753843663706,0.0,0.1952876921831852,0.5678053530199187,0.781150738398234,0.8109325170516968,0.02642513884772226,0.7811507687327408,5.1976669394419396e-08,0.0,1.0390532463788986,16128,16001
pretrain,,673,0.1583055310922222,0.039067444528042505,128825.75609077752,0.4453974266625231,1.2562897835459028,0.05454348189845088,1.3992373564147524,0.0,0.1996186782073762,0.5842751285859517,0.7984746967752775,0.810129451751709,0.00821186241425338,0.7984747128295046,5.153318248056019e-08,0.0,0.9588765626152357,16152,16025
pretrain,,674,0.2934460099150528,0.03898930963898642,163314.5938784814,0.5790318548235865,1.3692245445081164,0.07853236698182797,1.3853066159146172,0.0,0.19265330795730864,0.543619977576392,0.7706132034460703,0.8365533202886581,0.037927822615302226,0.7706132318292346,4.896095823214708e-08,0.0,1.0762868697444599,16176,16049
pretrain,,675,0.09498641349585672,0.038911331019708444,119052.55176057458,0.309632980309072,0.6139528846102101,0.05420699190389195,1.3956016744265245,0.0,0.19780083721326222,0.5658031143248081,0.7912033249934515,0.822660717368126,0.020915671610190863,0.7912033488530489,5.8628973453878075e-08,0.0,0.983315979441007,16200,16073
pretrain,,676,-0.04160985030238423,0.03883350835766903,102385.11765086897,0.43322112003252616,0.9700207820162174,0.05408783377559256,1.40159943078955,0.0,0.20079971539477506,0.5817450167877334,0.803198829293251,0.8218038350343704,0.01564734421556037,0.8031988615791003,5.339582759278372e-08,0.0,1.0089411363005638,16224,16097
pretrain,,677,0.08860091213785104,0.03875584134095369,118691.3474077807,0.5130523945471005,1.2180027929799895,0.057398074523591726,1.3854652482217975,0.0,0.19273262411089884,0.5461434157831329,0.7709304591019949,0.8029182136058808,0.023873460266988503,0.7709304964435953,6.838568616940321e-08,0.0,1.0181725050012271,16248,16121
pretrain,,678,0.062494132203547575,0.03867832965827179,115089.24152622362,0.5960265037914118,1.2162755914032453,0.05717910109259614,1.3949284437334253,0.0,0.19746422186671272,0.5794007096971785,0.789856880903244,0.8135228663682937,0.020687825441485414,0.7898568874668507,6.829698880513509e-08,0.0,1.0057695383826892,16272,16145
pretrain,,679,-0.052694004950624915,0.03860097299895524,101599.70350733695,0.6259864074665875,1.2249436447662967,0.05703263679990677,1.3874684154455152,0.0,0.19373420772275754,0.5798351200563567,0.7749368126193682,0.8023175716400146,0.023715118812466126,0.7749368308910302,5.0912300745646157e-08,0.0,1.0323493679364522,16296,16169
pretrain,,680,0.23700908132836765,0.03852377105295733,145847.9315954001,0.4819304131503615,1.0695512432072842,0.06445438975910874,1.4043933630344414,0.0,0.2021966815172207,0.5646310432681015,0.8087866852680842,0.825814101099968,0.013166490528284636,0.8087867260688828,5.8895065620697316e-08,0.0,1.0392630472779274,16320,16193
pretrain,,681,0.3194053256066457,0.03844672351085141,174296.2171764199,0.5838182841294578,1.2466873714434246,0.08904896445307837,1.3904614414842358,0.0,0.1952307207421178,0.5273456435118402,0.7809228400389353,0.8199687898159027,0.02964290531828796,0.7809228829684711,6.457169848816946e-08,0.0,1.0757296979427338,16344,16217
pretrain,,682,0.19423924141262738,0.038369830063829706,137778.8372911309,0.4772920388550985,0.889789836427995,0.06663324032914326,1.3924161101735775,0.0,0.1962080550867887,0.5761418954602309,0.7848321894804636,0.8188639134168625,0.032304626621983024,0.7848322203471548,6.244296119062298e-08,0.0,1.0448728576302528,16368,16241
pretrain,,683,0.30107519179692255,0.03829309040370205,157959.30450465673,0.5257969438763602,1.105254065990448,0.05487529756175296,1.3842388849173275,0.0,0.19211944245866372,0.5602796162877763,0.7684777602553368,0.806196004152298,0.02575261431717818,0.7684777698346545,6.386211940749102e-08,0.0,1.0500999266902606,16392,16265
pretrain,,684,0.14953124285311817,0.038216504222894646,127360.29359230866,0.3464350831428809,0.6331005926643096,0.054412239788098095,1.3940936566907027,0.0,0.19704682834535125,0.5523452817329338,0.7881872927149137,0.8152429550886154,0.01687235052214478,0.788187313381405,6.359602720366435e-08,0.0,0.9955473666389784,16416,16289
pretrain,,685,0.06307478730512259,0.03814007121444886,115849.91896114605,0.40345397421957124,0.8465804898313113,0.061449546389850784,1.3971192928119784,0.0,0.19855964640598925,0.511265511491469,0.7942385748028755,0.8191534668207169,0.023139983881387396,0.7942385856239569,4.5235667915181445e-08,0.0,0.9995950783292452,16440,16313
pretrain,,686,-0.09891320150832565,0.038063791072019966,97173.81812553147,0.45291829628071617,0.8270288271563392,0.058191185221909726,1.3965810524920623,0.0,0.19829052624603113,0.5644391737878323,0.7931620702147484,0.8226346939802169,0.01730661606625845,0.7931621049841245,6.421690892007466e-08,0.0,1.0191047911842663,16464,16337
pretrain,,687,0.07464019670645612,0.03798766348987592,117065.43722060934,0.45332628464148866,1.184760682364659,0.05928059095730609,1.3870744164589615,0.0,0.19353720822948076,0.5637988831315721,0.7741488069295883,0.7958896279335022,0.020834185496938114,0.7741488329179229,7.619105626040697e-08,0.0,0.979325441022714,16488,16361
pretrain,,688,-0.06383703953381654,0.03791168816289617,100370.70957168858,0.5573358811171992,1.270805229299834,0.05627536954072354,1.3990229780652694,0.0,0.1995114890326347,0.5850505764995302,0.7980459307630857,0.8231804341077804,0.022888757712791738,0.7980459561305385,5.800809177447519e-08,0.0,1.0262662669022877,16512,16385
pretrain,,689,0.15898297282615972,0.037835864786570375,128405.06382350408,0.4969540361669802,1.2403423791485173,0.05185961786973234,1.4013687013870193,0.0,0.20068435069350968,0.5877408513001032,0.8027373751004537,0.8179039180278778,0.014262127058775937,0.8027374027740387,4.9670537294321804e-08,0.0,1.009781983991464,16536,16409
pretrain,,690,0.07142953116565544,0.03776019305699723,115540.62715285452,0.38145016209178023,0.8760782794228616,0.05256170134206822,1.4067820391307275,0.0,0.20339101956536373,0.5858916022947855,0.8135640745361646,0.8328664869070053,0.012240624097060329,0.8135640782614549,5.268624845659412e-08,0.0,1.0266583586732547,16560,16433
pretrain,,691,-0.09145348344330717,0.03768467267088324,102878.25409110593,0.19644521358644684,0.36108086755765323,0.09952563920377826,1.3948546908352348,0.0,0.19742734541761733,0.5490559972822666,0.7897093718250593,0.8095108985900878,0.011499145076535518,0.7897093816704693,4.195386451207502e-08,0.0,0.9057181477546692,16584,16457
pretrain,,692,0.1641170465598562,0.03760930332554147,131898.67297703828,0.49684534487979753,0.8865051438765864,0.06477101002036582,1.3925217602047182,0.0,0.19626088010235918,0.5147023882184709,0.7850435003638268,0.8121754467487335,0.01828591024339885,0.7850435204094364,6.013682910902911e-08,0.0,1.0702719589074452,16608,16481
pretrain,,693,-0.07534185441810361,0.037534084718890394,102572.56694069339,0.7995831092287388,1.4823632482971463,0.08368526021505988,1.3935184704051131,0.0,0.1967592352025566,0.5140876184616769,0.7870369354883829,0.8138546079397202,0.026620636195065356,0.7870369408102262,4.3284325364674934e-08,0.0,1.0622879763444264,16632,16505
pretrain,,694,0.368871018652592,0.037459016549452606,184055.96765635867,0.5051556044657315,1.021138050194297,0.073179984253695,1.39441044872538,0.0,0.19720522436268983,0.5721389140401567,0.7888208876053492,0.8112456798553467,0.018657730621612276,0.7888208974507592,6.288644817849705e-08,0.0,1.0569117491443951,16656,16529
pretrain,,695,-0.0003066629448803815,0.03738409851635371,106748.86495058083,0.29144609426813467,0.7529310056673625,0.05294046042088859,1.4023476406222297,0.0,0.20117382031111494,0.580770377601896,0.8046952709555626,0.8225078850984573,0.012559917685496164,0.8046952812444595,4.0091219418355216e-08,0.0,0.976070503393809,16680,16553
pretrain,,696,0.179639693368312,0.037309330319320995,135623.0819880117,0.5517212320119143,0.9867214967097553,0.06918557520451628,1.3893327873554966,0.0,0.1946663936777484,0.5282229727932385,0.7786655575037003,0.815877491235733,0.021914563307349415,0.7786655747109935,6.36847246049399e-08,0.0,1.0617286264896393,16704,16577
pretrain,,697,-0.11310017771215104,0.037234711658682355,96457.11299768476,0.523801990163823,1.1770116851798127,0.06364166580005311,1.391336465964005,0.0,0.19566823298200256,0.5542344530778271,0.7826729019482931,0.8100739389657974,0.016497874777234557,0.7826729319280102,6.829698880513509e-08,0.0,1.0345903262495995,16728,16601
pretrain,,698,-0.06613370032005025,0.03716024223536499,99781.77700479628,0.4527422973797434,1.0180828617619613,0.05328891485472061,1.397255120000669,0.0,0.19862756000033446,0.5858995350343841,0.794510210553805,0.8248921513557435,0.01975959054913492,0.7945102400013377,6.38621193889873e-08,0.0,1.0263797988494237,16752,16625
pretrain,,699,0.07118789025657578,0.03708592175089426,117823.54003020503,0.3976639083897074,0.614242462920291,0.06673773049705346,1.401560639519067,0.0,0.20078031975953356,0.549829603838069,0.8031212488810221,0.8269257783889771,0.023607643643984377,0.803121279038134,6.847438357067877e-08,0.0,1.0353601947426796,16776,16649
pretrain,,700,0.04065290732777389,0.03701174990739247,115578.12254944936,0.3095506235646705,0.7011983066797253,0.0784428719751421,1.397882634995594,0.0,0.19894131749779698,0.5439306417746204,0.7957652558883032,0.8164839267730712,0.015224293360826691,0.7957652699911879,6.253165864740969e-08,0.0,1.04174242913723,16800,16673
pretrain,,701,0.17873525866449524,0.03693772640757769,132927.4337322547,0.6780723257079012,1.240648039643253,0.05747882022971651,1.3930727617282954,0.0,0.19653638086414763,0.5765433864934104,0.7861455182234446,0.8056135922670364,0.01734782292887203,0.7861455234565905,4.19538644935713e-08,0.0,1.0176379109422367,16824,16697
pretrain,,702,0.07512061255650501,0.03686385095476253,116633.35027941049,0.3535748429685121,0.6523846957832574,0.05624307243629911,1.3950865444328102,0.0,0.19754327221640522,0.5786182337573595,0.79017307360967,0.8034296602010726,0.0139440864863999,0.7901730888656208,5.392801190791848e-08,0.0,0.949888177216053,16848,16721
pretrain,,703,0.08269051826981397,0.03679012325285301,119690.32921800413,0.6995404611918188,1.3539791949093338,0.06818341080036631,1.394317854816715,0.0,0.19715892740835747,0.5643058983342988,0.7886356835563978,0.8297291725873946,0.031104716129674213,0.7886357096334299,5.126709027673352e-08,0.0,1.0753927528858185,16872,16745
pretrain,,704,0.22402777170451002,0.0367165430063473,141492.9167984414,0.6101314210377279,1.473742682380335,0.05768589079543494,1.3963734451681376,0.0,0.19818672258406878,0.5849947503634861,0.7927468866109848,0.818318971991539,0.020263652872310845,0.7927468903362751,5.37506171423748e-08,0.0,1.0298869734009106,16896,16769
pretrain,,705,0.125351257567385,0.03664310992033461,124633.32963654918,0.5315450899569051,1.1831882462969847,0.060245956800326704,1.3958790477453953,0.0,0.19793952387269767,0.5690309490476335,0.7917580679059029,0.8178718388080597,0.01550915001103662,0.7917580954907905,5.3129735444468196e-08,0.0,1.0048544804255168,16920,16793
pretrain,,706,0.05885015047839649,0.036569823700493935,115374.26028084429,0.5466361438323344,1.04263089160834,0.06200449794930141,1.3884440980674253,0.0,0.19422204903371276,0.5857940763235092,0.7768881668647131,0.8063897252082824,0.020631696027781418,0.776888196134851,4.949314245476325e-08,0.0,1.0059940591454506,16944,16817
pretrain,,707,0.20548844125389135,0.03649668405309295,136140.78773737754,0.41740463164058467,0.7887766015848943,0.04998152776165358,1.3927147341448636,0.0,0.19635736707243182,0.5787447584526879,0.7854294205705324,0.8009743422269822,0.015077133179249639,0.7854294682897272,5.481498582815547e-08,0.0,1.0132294644912083,16968,16841
pretrain,,708,0.0749194687901578,0.03642369068498676,119874.15604578395,0.6470959324034906,1.262194245042545,0.0757269700749401,1.4020767721924043,0.0,0.2010383860962022,0.5693181832986218,0.8041535466909409,0.8220757752656936,0.011443064103638906,0.8041535443848087,5.942724997283951e-08,0.0,1.0071759298443794,16992,16865
pretrain,,709,0.0014815611178630589,0.036350843303616785,107402.27674631265,0.4465058237935106,0.9792274941291126,0.05619956677938869,1.3991689435428096,0.0,0.1995844717714049,0.5730442841138159,0.7983378569285074,0.8168454468250275,0.014476714696659525,0.7983378870856193,5.818548655852259e-08,0.0,0.9722135240832964,17016,16889
pretrain,,710,0.017756729072841284,0.036278141617009554,108908.25977285494,0.49089643130788496,1.1217039620237692,0.053366057242581505,1.3880305803336557,0.0,0.19401529016682795,0.5870388884629523,0.7760611400008202,0.8052224069833755,0.02527186026483934,0.7760611606673117,5.04688137762758e-08,0.0,1.0171579842766125,17040,16913
pretrain,,711,0.005605608064274192,0.03620558533377553,110274.01511652625,0.6920755435490893,1.308852723187634,0.07296870284072096,1.3895090409510191,0.0,0.19475452047550967,0.569566304662398,0.7790180544058481,0.8154453843832016,0.0333835551360369,0.7790180819020384,5.375061712387108e-08,0.0,1.0489968235294025,17064,16937
pretrain,,712,-0.08222670610433133,0.03613317416310798,97988.81734520754,0.5255874443710559,0.8944446617205225,0.05141841006597477,1.3970523842033886,0.0,0.1985261921016943,0.5828771069645882,0.7941047300895056,0.8252635389566422,0.020028125625109094,0.7941047684067771,7.52153851239316e-08,0.0,0.9936627248922983,17088,16961
pretrain,,713,0.012413550837348302,0.036060907814781766,108327.78229284396,0.45773129555441083,1.06347225350993,0.05371852071288271,1.3834963022243407,0.0,0.19174815111217045,0.5868921428918839,0.7669925962885221,0.7889409840106965,0.01875878646133567,0.7669926044486818,3.79624820838013e-08,0.0,0.9959582686424255,17112,16985
pretrain,,714,-0.028870578570358615,0.03598878599915221,105283.71501517347,0.43345520904819884,0.9633878413587804,0.06588005863093134,1.395420288046201,0.0,0.19771014402310058,0.5278052586529935,0.7908405587077141,0.8176561087369919,0.018300679058361097,0.7908405760924021,4.931574774473072e-08,0.0,1.032193345328172,17136,17009
pretrain,,715,-0.2648888493134093,0.0359168084271539,84033.25369894701,0.752796485310509,1.4459821394511627,0.062403129101990855,1.3971120226418687,0.0,0.19855601132093445,0.5796007918460029,0.7942240213354429,0.8190081924200058,0.015981842602817653,0.7942240452837375,7.00709365715942e-08,0.0,1.0197621211409569,17160,17033
pretrain,,716,0.11866029130919603,0.03584497481029959,123226.92723620824,0.44567298778288417,0.7757484432842048,0.05819063756474096,1.381813215823578,0.0,0.190906607911789,0.5792583083467824,0.763626404106617,0.8051069617271424,0.028629353987087245,0.763626431647156,6.638999492751078e-08,0.0,0.9842704807718595,17184,17057
pretrain,,717,0.246751249255351,0.035773284860678996,153751.3914826034,0.5512293835303613,1.1790081741554392,0.08570677749666467,1.3888317719988879,0.0,0.194415885999444,0.4958425121647971,0.7776635239521662,0.8106660962104797,0.024878887498708407,0.7776635439977758,5.1976669412923115e-08,0.0,1.0857449794809024,17208,17081
pretrain,,718,-0.0771101050587057,0.03570173829095764,99247.99564276537,0.5725067155657425,1.1142249206347123,0.05794423495197984,1.393829066971583,0.0,0.1969145334857915,0.5839741698333195,0.7876581077774366,0.8118600249290466,0.020267126114604295,0.787658133943166,6.040292127584834e-08,0.0,1.019419826567173,17232,17105
pretrain,,719,0.006768152831994997,0.03563033481437572,108641.91224712561,0.5258678764637027,0.9800043674451964,0.06064730619410083,1.3918525618279265,0.0,0.19592628091396322,0.558817686246974,0.7837051078677177,0.8070208162069321,0.016950757420262485,0.7837051236558527,6.191077678296963e-08,0.0,1.0566990226507187,17256,17129
pretrain,,720,0.031479381951902,0.03555907414474697,112864.92239255823,0.2782131853025584,0.46223360888127757,0.06875478665257044,1.3942593843454405,0.0,0.19712969217272033,0.5530029545937265,0.7885187417268753,0.8301324099302292,0.021669414667399606,0.7885187686908811,7.166748951699849e-08,0.0,0.9558854301770529,17280,17153
pretrain,,721,0.17086381289975267,0.035487955996457474,132794.1273973481,0.3135279138306422,0.7296172683792452,0.06340903181977779,1.388425014469595,0.0,0.19421250723479763,0.5168539290981633,0.7768500124414762,0.8190606862306594,0.02466455194515327,0.7768500289391903,4.70096156076257e-08,0.0,0.9643009106318156,17304,17177
pretrain,,722,0.06068488702552437,0.03541698008446456,114585.47706152544,0.6856383825430559,1.3115540434207225,0.05550347309126491,1.3986683998789105,0.0,0.19933419993945534,0.5860666653939656,0.7973367919524511,0.8270144194364548,0.019955261647349367,0.7973367997578212,4.2219956678894256e-08,0.0,1.0383340666691463,17328,17201
pretrain,,723,0.1364311912276015,0.03534614612429563,128354.13154660042,0.6973549415845247,1.183290861759867,0.07039524393738819,1.3987244298415524,0.0,0.19936221492077624,0.5636658774954932,0.797448826332887,0.8260127454996109,0.016520659642214965,0.797448859683105,5.1089695548197277e-08,0.0,1.0730218042929967,17352,17225
pretrain,,724,0.031919570007455864,0.03527545383204704,110522.79232660354,0.590026338008188,1.338032295554876,0.05274140120983952,1.3939107943858418,0.0,0.19695539719292096,0.5724975988268852,0.7878215461969376,0.813548743724823,0.020877075351523063,0.7878215887716838,5.7475907477844146e-08,0.0,1.022284227112929,17376,17249
pretrain,,725,0.11505251877398992,0.03520490292438294,122710.78573193394,0.733757640235126,1.4006735691002437,0.0583526589335459,1.392790014367728,0.0,0.19639500718386402,0.5615185972835337,0.7855799918373426,0.804160887002945,0.014049944158920734,0.7855800287354558,7.13126999489037e-08,0.0,1.0214889670411746,17400,17273
pretrain,,726,-0.16545702706209583,0.03513449311853418,93649.23386350407,0.38905593930255805,0.8236864224608454,0.08136886005326911,1.3981150884979536,0.0,0.1990575442489769,0.5219693801232747,0.7962301770846049,0.818865391612053,0.02003719517491521,0.7962301769959076,5.0114024226684727e-08,0.0,1.0167578930656116,17424,17297
pretrain,,727,0.06718297615393924,0.03506422413229711,114803.20811526972,0.48316348435002415,1.1719937968999141,0.05146768862465518,1.4034558269860489,0.0,0.20172791349302446,0.571837907390935,0.8069116448362669,0.8267152518033981,0.01577632930763418,0.8069116539720979,4.567915484754437e-08,0.0,1.009210390349229,17448,17321
pretrain,,728,0.14527275460721906,0.034994095684032514,126513.78715806491,0.48029239695253123,0.9955544018319672,0.05358296636119395,1.3946036966517568,0.0,0.1973018483258784,0.5722232892044953,0.7892073641220728,0.8369238346815109,0.024278414456226093,0.7892073933035135,5.987073692370615e-08,0.0,1.0084447612365086,17472,17345
pretrain,,729,-0.012634377511906308,0.034924107492664454,107823.11584358418,0.49011138919740915,0.9501918974199464,0.0709912226906504,1.3995561935007572,0.0,0.1997780967503786,0.5466852832053388,0.7991123547156652,0.827615213394165,0.017094792021248667,0.7991123870015144,7.202227914060444e-08,0.0,1.0052182177702587,17496,17369
pretrain,,730,-0.08343406728229245,0.03485425927767912,103288.996915207,0.474151361866721,1.4337000869214527,0.0960639434737784,1.3970394965616009,0.0,0.19851974828080055,0.5428348114447934,0.7940789808829626,0.8154179453849792,0.020684394624613838,0.7940789931232021,5.0912300708638725e-08,0.0,1.0169248183568318,17520,17393
pretrain,,731,0.09707476833218831,0.03478455075912377,122059.12031908358,0.4942928614826607,1.0719749148935076,0.06970842943830863,1.4036085304271964,0.0,0.2018042652135981,0.5622965054852622,0.8072170366843542,0.8261204481124877,0.013141357315653105,0.8072170608543924,4.4393042704834094e-08,0.0,1.0097489655017853,17544,17417
pretrain,,732,0.0727072363248789,0.03471498165760552,124275.15444448273,0.3639997539687015,0.853087913564273,0.10218891223737996,1.3937415129372053,0.0,0.1968707564686026,0.5552624325667108,0.7874829992651939,0.8232834905385971,0.020396047952132686,0.7874830258744102,5.924985524430326e-08,0.0,0.9987601811687151,17568,17441
pretrain,,733,0.038845902299130666,0.03464555169429031,114552.954030776,0.5465357606077478,1.1200453494808496,0.07349614897829537,1.4109000612405085,0.0,0.20545003062025424,0.5797884006585394,0.8218001375595728,0.8584567487239838,0.01925359910312711,0.8218001224810169,5.446019627856439e-08,0.0,1.0304376631975174,17592,17465
pretrain,,734,0.1498042867291997,0.03457626059090173,129584.41843769957,0.7893301744368815,1.5004673182432138,0.0654149960379707,1.3974098436357008,0.0,0.19870492181785052,0.5431423825877053,0.7948196704188982,0.8211310476064682,0.014905560456761948,0.794819687271402,6.72326201008507e-08,0.0,1.0846453060706456,17616,17489
pretrain,,735,0.2673681165505487,0.034507108069719926,153301.11342418124,0.685268308656911,1.3324240038969686,0.06693408366831428,1.3857963612037043,0.0,0.1928981806018523,0.5498937964439392,0.7715926865736643,0.8052195608615875,0.020959017003384404,0.7715927224074091,5.3218432827240036e-08,0.0,1.06096796443065,17640,17513
pretrain,,736,-0.18730606819350226,0.03443809385358048,89309.49919148292,0.6040112177087438,1.103549867016928,0.05633695549399955,1.398890892575894,0.0,0.19944544628794705,0.5870570508497102,0.7977817505598068,0.8168138951063156,0.016995994693291154,0.797781785151788,6.900656786730981e-08,0.0,1.0119134063522022,17664,17537
pretrain,,737,0.08373304631601697,0.03436921766587332,117820.93593190465,0.5979548855019468,1.0486134002251284,0.05626780152722536,1.396552598990855,0.0,0.19827629949542738,0.576979105493852,0.7931051775813103,0.8173764556646347,0.017963726545702392,0.7931051979817094,4.878356344809968e-08,0.0,1.0206098904212315,17688,17561
pretrain,,738,0.046638846222317995,0.034300479230541574,115084.36176092265,0.6901514234819581,1.2378238762063638,0.07036113741172666,1.3938648032822778,0.0,0.19693240164113898,0.5623603463172913,0.787729578713576,0.8071698695421219,0.017162795825260993,0.7877296065645559,6.758740968744921e-08,0.0,1.042379302283128,17712,17585
pretrain,,739,-0.13699839806931458,0.03423187827208049,98012.99352551787,0.6296980325132608,1.548685013077088,0.09727125810036374,1.3892958887098799,0.0,0.19464794435494004,0.5320552023393768,0.7785917495687803,0.821724146604538,0.03328782695741476,0.77859177741976,5.90724604972633e-08,0.0,1.0716699933012326,17736,17609
pretrain,,740,0.09445178094955589,0.034163414515536325,119780.53346269282,0.6426128134397524,1.202694547069924,0.05890668339617125,1.3990721777968462,0.0,0.19953608889842323,0.5845609903335571,0.7981443231304487,0.8406208723783493,0.02029368909839798,0.7981443555936926,6.297514546875031e-08,0.0,1.0218367129564285,17760,17633
pretrain,,741,0.2042200594809866,0.03409508768650526,137156.06396223648,0.48295923643967226,1.0999504122350892,0.055569571366823556,1.3903161962738348,0.0,0.1951580981369175,0.5788881768073355,0.7806323915719986,0.7941609174013138,0.013794045188895042,0.7806323925476698,4.816268167617821e-08,0.0,1.0047711059451103,17784,17657
pretrain,,742,-0.11933076227380819,0.03402689751113225,95649.53569288125,0.7341880583692165,1.2930644197655574,0.0615394841097164,1.401143475746115,0.0,0.20057173787305757,0.5752916852278369,0.8022869353493055,0.8249241769313812,0.02240955421037432,0.8022869514922301,5.800809177447519e-08,0.0,1.0175024742881458,17808,17681
pretrain,,743,0.017657803701127343,0.03395884371610998,114636.20448861616,0.7235977858127582,1.5079748879585946,0.0916811937742169,1.3795439430645533,0.0,0.18977197153227668,0.5021799664412225,0.7590878531336784,0.8190892189741135,0.04471650145103878,0.7590878861291067,6.315254032681257e-08,0.0,1.083370531598727,17832,17705
pretrain,,744,0.11826676799379211,0.03389092602867776,124530.59132201943,0.5221528451712358,1.1700495079159734,0.06559807691924054,1.393885709167946,0.0,0.196942854583973,0.5726001177515303,0.7877713888883591,0.8043415755033493,0.012963023862856487,0.7877714183358919,4.931574774473072e-08,0.0,1.0029734373092651,17856,17729
pretrain,,745,0.1516016698018876,0.033823144176620405,129201.63507107513,0.5192939082071896,1.2533917456599213,0.06201193098857344,1.4045276715021047,0.0,0.20226383575105245,0.5547555892595223,0.8090553358197212,0.8256528526544571,0.013961213502587092,0.8090553430042097,7.29979503695984e-08,0.0,1.0150241429607074,17880,17753
pretrain,,746,-0.08057681727800865,0.033755497888267164,100008.51382088472,0.8380940595553034,1.5983807814972735,0.06721829019913193,1.393470018170774,0.0,0.19673500908538702,0.5576871569667543,0.7869400307536125,0.8168365687131882,0.019480912238477456,0.786940036341548,6.146728996162902e-08,0.0,1.0527251809835434,17904,17777
pretrain,,747,0.11310873567175252,0.03368798689249063,122964.719629169,0.5582073666598826,1.1173448837229176,0.06137489196761616,1.40044988514412,0.0,0.2002249425720601,0.5762661690158504,0.8008997415502866,0.8245607495307923,0.014819127640387654,0.8008997702882402,5.463759104410807e-08,0.0,1.003883163134257,17928,17801
pretrain,,748,0.10332342597538315,0.03362061091870565,122692.45738377236,0.48016129020557163,1.0521107124430789,0.06802545540224728,1.3937365883473485,0.0,0.19686829417367424,0.5265056480254446,0.7874731570482254,0.8154501110315323,0.02151760416350248,0.7874731766946969,5.8762019602050706e-08,0.0,0.9855996544162432,17952,17825
pretrain,,749,0.022550941788462873,0.033553369696868236,111233.8352260133,0.48604012309529243,0.979709833115339,0.06536835565961156,1.387918604936983,0.0,0.19395930246849147,0.5610744378396443,0.7758372003833452,0.8064471036195755,0.020863021881901204,0.7758372098739658,4.355041753149417e-08,0.0,0.9888407364487648,17976,17849
pretrain,,750,-0.05377197969541786,0.0334862629574745,101839.08177977342,0.8076998434428658,1.4846168969358715,0.05985890263993817,1.3796707477775358,0.0,0.18983537388876792,0.5730540880135127,0.7593415131171545,0.8022144854068756,0.022764490922834904,0.7593414955550716,5.268624847509784e-08,0.0,1.0602633034189541,18000,17873
pretrain,,751,0.22430122989759335,0.03341929043155955,147242.9849180793,0.727344899970506,1.3739037275314332,0.0804577227401287,1.3875894012550514,0.0,0.19379470062752568,0.5315918954355376,0.775178795059522,0.8042118608951568,0.01901481840411842,0.7751788025101026,5.073490596159876e-08,0.0,1.0401510919133823,18024,17897
pretrain,,752,-0.19359915175527545,0.033352451850696435,93208.83550874208,0.3896395517069669,0.8348598573356861,0.1006162393109542,1.395049861676636,0.0,0.19752493083831812,0.5367711633443832,0.7900996928413709,0.8142707288265228,0.021945157455771344,0.7900997233532724,5.7653302206380395e-08,0.0,1.0040344446897507,18048,17921
pretrain,,753,-0.09345222592180885,0.03328574694699504,98772.31793054372,0.5686470624946413,1.012335170911891,0.06751900961290556,1.3988660890609026,0.0,0.19943304453045133,0.5360652761799949,0.7977321594953537,0.8240832954645156,0.019267130457892353,0.7977321781218052,5.0202721646464e-08,0.0,1.0375283360481262,18072,17945
pretrain,,754,0.08746186279253032,0.033219175453101046,120456.52324274015,0.6995136052636163,1.1179538966289588,0.06863590743044508,1.3969741454791453,0.0,0.19848707273957275,0.5504400017006057,0.7939482753475507,0.8207976192235946,0.026223662100917065,0.793948290958291,5.286364324064152e-08,0.0,1.070767566561699,18096,17969
pretrain,,755,0.051031847825855015,0.033152737102194844,112905.80743102811,0.3948549780373772,0.8897713822977881,0.05272843214845796,1.3929446480636087,0.0,0.19647232403180429,0.5844244414142199,0.7858892952402433,0.8066004395484925,0.013175834214529962,0.785889296127217,4.6300036563954684e-08,0.0,1.005157545208931,18120,17993
pretrain,,756,0.19001286196584655,0.03308643162799046,134809.54948233842,0.4858595670777417,0.9426860402737345,0.056833270838857364,1.3948271288314746,0.0,0.1974135644157373,0.5830461893762862,0.7896542251110077,0.8050999730825424,0.013362185531652766,0.7896542576629489,5.454889366133623e-08,0.0,0.971219909687837,18144,18017
pretrain,,757,0.022960932927024228,0.03302025876473448,113023.60014127543,0.46794961186658063,1.031757553693439,0.07689008332644391,1.3942701073052983,0.0,0.19713505365264913,0.5328505475606238,0.7885402093331019,0.8157532781362533,0.01370968761138051,0.7885402146105965,5.725416396540339e-08,0.0,0.9660564114650091,18168,18041
pretrain,,758,0.08178808786558195,0.03295421824720501,118677.80513544273,0.6769853153576454,1.1772443797971521,0.06299531162750566,1.3939138914325406,0.0,0.1969569457162704,0.5717415836240565,0.7878277699152628,0.806864520907402,0.01592267020240883,0.7878277828650814,6.439430370412207e-08,0.0,1.017023893694083,18192,18065
pretrain,,759,-0.1616741668328597,0.0328883098107106,94989.29402199746,0.48584633404832517,1.096319181365626,0.09076995726705601,1.3973497233043115,0.0,0.19867486165215573,0.540758553892374,0.7946994304656982,0.8210104763507843,0.020242507118464363,0.7946994466086229,6.670043582272338e-08,0.0,1.0410990715026855,18216,18089
pretrain,,760,0.0369498404541366,0.03282253319108918,114370.08052795289,0.6642975492314213,1.3237848009381974,0.07391301009328048,1.4013544413305465,0.0,0.20067722066527324,0.4813492351344653,0.8027088840802511,0.8285354614257813,0.018639708796731224,0.802708882661093,3.9736429850260414e-08,0.0,1.080391933520635,18240,18113
pretrain,,761,0.23316618594297125,0.032756888124707,143067.6179117784,0.5860045476860943,1.1017293766140936,0.056553020482301784,1.3769244189773289,0.0,0.1884622094886644,0.5546659252473286,0.7538488234082857,0.7738615512847901,0.01821036930845005,0.7538488379546576,4.7541800033782757e-08,0.0,1.0303195267915726,18264,18137
pretrain,,762,0.1640686305252155,0.032691374348457584,131897.7116950257,0.33020654518068543,0.567597453721932,0.06480675211618038,1.3901134471275975,0.0,0.19505672356379886,0.5817407284464156,0.7802268664042155,0.7993381559848786,0.015569026338977335,0.7802268942551954,5.3129735444468196e-08,0.0,0.9532179832458496,18288,18161
pretrain,,763,-0.003498383373293369,0.03262599159976067,107959.05261438484,0.6601009262016132,1.1970133128975118,0.06435105538598034,1.4035495807904574,0.0,0.2017747903952287,0.5619015576583999,0.8070991411805153,0.8267654240131378,0.012877932559030783,0.8070991615809145,6.297514559827633e-08,0.0,1.026481419801712,18312,18185
pretrain,,764,0.03689863383592136,0.03256073961656115,113009.7304724417,0.7729226856359414,1.6883590567324833,0.06518484271876164,1.4044388467002484,0.0,0.20221942335012413,0.5463755833251136,0.8088776543736458,0.8337173104286194,0.020281828594102574,0.8088776934004965,6.244296119062298e-08,0.0,1.0697113300363223,18336,18209
pretrain,,765,0.11650896068631228,0.03249561813732803,125740.7033918228,0.46502527749786776,1.0183664049953216,0.07350301337398192,1.4053849391195745,0.0,0.20269246955978729,0.5690211595169135,0.8107698634266853,0.8440645307302475,0.020088329801259908,0.810769878239149,4.745310255849233e-08,0.0,1.0259381383657455,18360,18233
pretrain,,766,0.14639331101206063,0.03243062690105337,131045.0288530683,0.6925985171747882,1.3301854273038252,0.07542517567819786,1.3844125144227986,0.0,0.19220625721139925,0.5348769500851631,0.7688250069816908,0.8082968890666962,0.02336064095572086,0.768825028845597,6.683348191538485e-08,0.0,1.0354390541712444,18384,18257
pretrain,,767,0.17988295950048822,0.032365765647251264,136296.7947598088,0.8598885610256167,1.6870284068797312,0.07202005965940027,1.3896796195989563,0.0,0.19483980979947815,0.5271819798009736,0.7793592090408007,0.807822647690773,0.0199796842734582,0.7793592391979126,5.676632836015827e-08,0.0,1.0941648334264755,18408,18281
pretrain,,768,-0.21611844128684599,0.03230103411595676,90876.17661611733,0.35835479550241,0.6028133173074041,0.09643336174638713,1.3936053986350696,0.0,0.19680269931753477,0.535506964794227,0.7872107674678167,0.8069499731063843,0.0192424108500087,0.7872107972701391,6.368472456793246e-08,0.0,0.992622084915638,18432,18305
pretrain,,769,0.21884916900371457,0.03223643204772485,142203.00264634614,0.6276800359732339,1.0532668476658207,0.06494233291566974,1.3929957998473022,0.0,0.196497899923651,0.583102825496878,0.7859915842612585,0.8162795513868332,0.022791870724876432,0.7859915996946039,7.219967388764441e-08,0.0,1.0220340092976887,18456,18329
pretrain,,770,0.04513695190586073,0.032171959183629396,112736.79805287761,0.5838263359009509,1.1561318175068918,0.056534355191615315,1.3988659654167435,0.0,0.19943298270837184,0.5788786421929086,0.7977319036920866,0.8257073521614074,0.01865995344652324,0.797731930833487,6.049161862161274e-08,0.0,1.0124969258904457,18480,18353
pretrain,,771,-0.029557185180954897,0.03210761526526214,105911.2116169373,0.5226533399185255,1.1335784130862778,0.07114173571586006,1.3975716434596548,0.0,0.1987858217298275,0.5317754021712712,0.795143278936545,0.8123693406581879,0.011802268181028268,0.79514328691931,4.6300036637969555e-08,0.0,1.0290698781609535,18504,18377
pretrain,,772,-0.16477533062878338,0.03204340003473161,92705.88716575455,0.5267557467090055,0.9721630257687396,0.07174598631886042,1.3871971219556318,0.0,0.1935985609778159,0.5873441664235932,0.7743941868344942,0.807583463191986,0.022771719845047195,0.7743942439112635,6.984919309616089e-08,0.0,0.9950406501690546,18528,18401
pretrain,,773,0.3077203071929324,0.03197931323466215,161159.044587155,0.5235885305862341,0.9571834970797809,0.059812207610955535,1.4017321737039656,0.0,0.20086608685198284,0.5621890989797456,0.8034643158316612,0.8266788572072983,0.01784745660663518,0.8034643474079314,4.9847932078369204e-08,0.0,1.0177094663182895,18552,18425
pretrain,,774,0.1280282005012674,0.03191535460819283,125729.14125771016,0.5282962176993135,0.9269368407981735,0.06384270090159107,1.3935331140334408,0.0,0.1967665570167204,0.5202621796301432,0.7870662013689677,0.8120675504207611,0.01871823902202878,0.7870662280668815,4.692091828036501e-08,0.0,1.0370585322380066,18576,18449
pretrain,,775,0.07836268880294746,0.03185152389897644,116220.59241850376,0.4582776215725712,0.8086147552622216,0.05100382925761265,1.397620118622269,0.0,0.19881005931113452,0.5829184108546801,0.7952401836713155,0.8099090427160263,0.011389519495900387,0.795240237244538,7.202227906658958e-08,0.0,0.9926624049743017,18600,18473
pretrain,,776,0.04417493742138648,0.03178782085117849,111705.24118515682,0.37434179264874684,0.9215008244982785,0.05050993336217555,1.38977653577569,0.0,0.19488826788784497,0.584036766418389,0.7795530334115028,0.8017015218734741,0.017646906770052075,0.7795530715513795,6.652304102017226e-08,0.0,0.9872677971919378,18624,18497
pretrain,,777,0.058929224470123914,0.03172424520947613,113881.8295742027,0.5395949000403996,0.9396162569522857,0.05247297207821718,1.4052931457935343,0.0,0.20264657289676724,0.5834030636719294,0.8105862736701965,0.8350687533617019,0.015732505360048676,0.8105862915870689,5.97820395409343e-08,0.0,1.0057281628251076,18648,18521
pretrain,,778,0.09113404826202146,0.03166079671905718,118335.02457787535,0.3792277756368831,0.6169464627546923,0.05317300579324482,1.3971534391332951,0.0,0.1985767195666475,0.5825789581452097,0.7943068742752075,0.8121702969074249,0.01225580718653129,0.7943068782665899,5.5435867526062076e-08,0.0,0.9743674099445343,18672,18545
pretrain,,779,0.30717650391644896,0.031597475125619064,159835.04362709346,0.6325929280193079,1.1587209642997809,0.055982058537389634,1.4006584111955902,0.0,0.2003292055977952,0.5875918279801096,0.8013167952497801,0.825927060842514,0.020702511381318612,0.8013168223911807,5.6234144045023506e-08,0.0,0.9917327438791593,18696,18569
pretrain,,780,0.14391313710276307,0.03153428017536783,126729.47560318434,0.5014668328776246,1.1492751899574478,0.05583704425855405,1.4070848762279464,0.0,0.2035424381139733,0.5854498818516731,0.8141697322328886,0.8351459503173828,0.01886351212301299,0.8141697524558932,5.960464479389434e-08,0.0,1.0144834940632184,18720,18593
pretrain,,781,0.2009673259009623,0.03147121161501709,137514.342778936,0.42375946040487006,1.309703689813613,0.05986316795517368,1.4008222712381257,0.0,0.2004111356190628,0.5850746546472823,0.8016445115208626,0.82065709233284,0.01374291664002021,0.8016445424762509,6.04029212388409e-08,0.0,0.9657090778152148,18744,18617
pretrain,,782,0.041967527865321305,0.031408269191787054,114529.39039515133,0.7220981972558157,1.5820535816252226,0.07074512328813974,1.39068500316214,0.0,0.19534250158107,0.5657766472016061,0.7813699667652448,0.8061810255050659,0.01958307919452807,0.7813700063242798,5.1621879863332033e-08,0.0,1.046361615260442,18768,18641
pretrain,,783,0.06904941538577616,0.03134545265340348,116792.85643229297,0.5370225605244437,1.2840203590691088,0.06227819520985478,1.3963369642428696,0.0,0.19816848212143498,0.5785355514713696,0.7926739230751991,0.8113006263971329,0.014018222267083972,0.7926739284857397,5.827418392279071e-08,0.0,0.9771893322467804,18792,18665
pretrain,,784,0.2677116889927735,0.031282761748096674,156407.33927452427,0.7722644554672851,1.5251290377761633,0.07744343697838198,1.3971893651233545,0.0,0.19859468256167714,0.5499665077243532,0.7943787078062693,0.8388368517160415,0.0267081528003912,0.7943787302467085,5.685502574293011e-08,0.0,1.0539503966768582,18816,18689
pretrain,,785,0.26659716827934365,0.03122019622460048,151251.0539914729,0.4843542910003591,0.9978019605257675,0.06020867849454345,1.4030042117727655,0.0,0.20150210588638273,0.5260804987379483,0.8060084159175555,0.8191012114286422,0.010015303975129777,0.8060084235455309,4.363911493276973e-08,0.0,1.0019620060920715,18840,18713
pretrain,,786,0.08237340256942992,0.03115775583215128,117805.51270610161,0.41225263259063166,0.7383234491837875,0.057308239069671564,1.3992684907501651,0.0,0.19963424537508265,0.5790684090128966,0.7985369488596916,0.8139260739088059,0.011488227512671279,0.7985369815003303,5.321843291975862e-08,0.0,0.9584044516086578,18864,18737
pretrain,,787,0.00844057762361823,0.031095440320486976,108426.47019805739,0.3718232438633485,1.0844032225332088,0.05772950819554823,1.4036309982073447,0.0,0.20181549910367247,0.5831732249685696,0.8072619761029879,0.8232454925775528,0.012842975132489432,0.8072619964146898,5.7564604805104835e-08,0.0,0.9708324695626894,18888,18761
pretrain,,788,0.19180603826581372,0.031033249439846002,144590.22066190385,0.1967573889664241,0.6113362832793163,0.09715354645930128,1.3993601093866996,0.0,0.19968005469334982,0.5531816024865424,0.7987201983729998,0.8172478437423706,0.014708554654499141,0.7987202187733992,6.350732985789993e-08,0.0,0.9323592185974121,18912,18785
pretrain,,789,0.12928764189554753,0.03097118294096631,125680.29029328158,0.6177093790666688,1.2466700383595057,0.06253554095148034,1.3994365601933427,0.0,0.1997182800966714,0.576785494174276,0.7988730917374293,0.8235505878925323,0.01923243713258656,0.7988731203866856,5.6322841372284195e-08,0.0,0.9931580200791359,18936,18809
pretrain,,790,0.014607027996201533,0.03090924057508438,109058.01860132611,0.5567451305022197,1.387086623055594,0.05704154209341422,1.3881022961632834,0.0,0.1940511480816418,0.5794653370976448,0.7762045860290527,0.8145872205495834,0.027735819939507345,0.7762045923265672,4.6388733983733964e-08,0.0,0.9960024058818817,18960,18833
pretrain,,791,0.1360346373153244,0.030847422093934207,127032.75335910781,0.5107685593178585,0.8367666079529692,0.06397233896289571,1.3905162789991923,0.0,0.19525813949959622,0.5306720792182854,0.7810325597723325,0.8103471606969833,0.021577686829086846,0.7810325579983847,5.073490596159876e-08,0.0,1.06806747118632,18984,18857
pretrain,,792,0.13645727966156185,0.03078572724974634,125784.70598855623,0.4932698989508763,0.9637220894651749,0.057111256879888994,1.395764511832524,0.0,0.197882255916262,0.5423629874629634,0.7915290171901385,0.8314561128616333,0.03342529779893413,0.7915290236650477,6.395081671624799e-08,0.0,0.9910285770893097,19008,18881
pretrain,,793,0.05468990843297766,0.03072415579524685,120399.30119060763,0.2208858617980565,0.42085729033819247,0.09561707236177107,1.4009741907052338,0.0,0.20048709535261708,0.5446455462702683,0.8019483412305514,0.8187256157398224,0.013982870131777552,0.8019483814104681,6.519258009355748e-08,0.0,0.926698736846447,19032,18905
pretrain,,794,0.1376105910522024,0.030662707483656355,125354.93209842134,0.5434412882618961,1.05717961192131,0.053878785523741896,1.4049405119869682,0.0,0.20247025599348403,0.585565565952233,0.8098809818426768,0.8262642741203308,0.014821855439723754,0.8098810239739361,6.324123765407326e-08,0.0,1.0068178897102673,19056,18929
pretrain,,795,-0.056354564413328694,0.030601382068689044,102438.78836715307,0.5556640491510431,1.155314235069922,0.06680153253392553,1.3938345766315858,0.0,0.1969172883157929,0.5367895822439874,0.7876691296696663,0.8155864298343658,0.019905483344627373,0.7876691532631716,4.949314254728184e-08,0.0,1.0766853938500087,19080,18953
pretrain,,796,0.05858644058382215,0.030540179304551662,114686.51281790914,0.43190300869311954,0.9050712592899794,0.057892874331752386,1.3941244251937384,0.0,0.1970622125968692,0.5782080149011952,0.7882488196094831,0.8156713396310806,0.02063309859021738,0.7882488503874766,7.78763066996054e-08,0.0,0.9692652076482773,19104,18977
pretrain,,797,-0.07667710155160211,0.03047909894594256,98920.63451994624,0.3592409654520452,0.7238332152898822,0.0548047271275614,1.3933195506355591,0.0,0.19665977531777964,0.5809051628623689,0.7866390869021416,0.8180812805891037,0.02607570603131562,0.7866391012711184,5.5169775414753985e-08,0.0,1.0082233597834904,19128,19001
pretrain,,798,0.27640891790285665,0.030418140748050677,157818.4777613665,0.9648560252306716,1.665195500691022,0.07495976442703912,1.3911019281617232,0.0,0.19555096408086167,0.5083226614764758,0.7822038729985555,0.8109369248151779,0.021331301573707464,0.7822038563234465,5.1799274684386866e-08,0.0,1.082782506942749,19152,19025
pretrain,,799,0.20723771110705472,0.030357304466554574,139228.22315777218,0.4492993647609615,0.7448398078392656,0.062097591959357594,1.400673319563447,0.0,0.20033665978172355,0.5760892746703965,0.8013466075062752,0.8397253930568696,0.022732265322511814,0.8013466391268939,5.5214124069132474e-08,0.0,0.95527233928442,19176,19049
pretrain,,800,0.26506425909740156,0.030296589857621462,149773.64101728695,0.41010877248343264,0.848930357609476,0.05605126153649447,1.3971450522630697,0.0,0.19857252613153487,0.5801742609058107,0.7942900682489077,0.8191081374883652,0.016460447055267502,0.7942901045261395,6.37734220432229e-08,0.0,0.9389900490641594,19200,19073
pretrain,,801,0.25595836058332483,0.030235996677906222,154293.44342092544,0.5783991500557888,1.2573941365416554,0.07993829952628918,1.3946372545102523,0.0,0.19731862725512617,0.5472151072961944,0.7892744988203049,0.8282686412334442,0.02351330672237461,0.7892745090205046,6.767610708872478e-08,0.0,1.0194260751207669,19224,19097
pretrain,,802,0.1531212440985856,0.030175524684550408,128397.90080040677,0.5364809358448145,1.0852531346891605,0.056708186269234,1.3938793462390702,0.0,0.19693967311953509,0.5714276305266789,0.7877586707472801,0.804931315779686,0.014886778595972563,0.7877586924781402,4.479218096431481e-08,0.0,1.0258895705143611,19248,19121
pretrain,,803,-0.07322320271030044,0.03011517363518131,100670.71931998039,0.6728138912557847,1.2925394778805115,0.06657142432661428,1.3977876100689173,0.0,0.19889380503445864,0.5144221229212624,0.795575184126695,0.8131576925516129,0.015465866125964583,0.7955752201378345,5.020272159095285e-08,0.0,1.0579030364751816,19272,19145
pretrain,,804,0.10976751557565292,0.030054943287910946,124635.13951681285,0.5636025008834189,1.0583855610873019,0.07324211789371086,1.3936521512057098,0.0,0.19682607560285503,0.543420845908778,0.7873042697707812,0.8161706447601318,0.01820207129637927,0.7873043024114201,6.137859256035345e-08,0.0,1.019972987473011,19296,19169
pretrain,,805,0.03639774021193925,0.029994833401335123,111689.55283257893,0.49394296963388723,0.9836845338876757,0.05688614341292202,1.3994951473903796,0.0,0.19974757369518992,0.5824978388845921,0.7989902670184771,0.816165316104889,0.014299959886333691,0.7989902947807596,6.998223915181494e-08,0.0,0.9980006044109663,19320,19193
pretrain,,806,0.00016841671783696804,0.029934843734532455,111719.28789934375,0.5404950044162217,1.4183195468570493,0.08727583156230594,1.404435963813393,0.0,0.20221798190669646,0.56378608835595,0.8088719174265862,0.8326282054185867,0.015299902794891145,0.8088719276267856,4.301823314234454e-08,0.0,0.9891640742619833,19344,19217
pretrain,,807,0.2503617658649924,0.02987497404706339,149954.206983264,0.7254478752923509,1.348910823411175,0.06897331733099614,1.3946193143104513,0.0,0.19730965715522567,0.5765030266983169,0.7892385969559351,0.8096100658178329,0.018498289767353748,0.7892386286209027,6.607955406930562e-08,0.0,1.049075650672118,19368,19241
pretrain,,808,0.23502029098066785,0.02981522409896926,150323.70103230426,0.9636992537638261,1.7890126126153123,0.08312384635861512,1.3804677267159733,0.0,0.19023386335798675,0.5172250920108385,0.7609354356924692,0.7900260835886002,0.01972644700943212,0.7609354534319469,5.8717670910664786e-08,0.0,1.079699123899142,19392,19265
pretrain,,809,0.23852030153492843,0.029755593650771323,143896.47557835846,0.5938982525396914,1.337697138796959,0.05544637093619725,1.3940067450915066,0.0,0.19700337254575326,0.5847923734358378,0.7880134433507919,0.8172288089990616,0.021109157688933136,0.7880134901830128,6.989354178754681e-08,0.0,1.0378494585553806,19416,19289
pretrain,,810,-0.38294997850711415,0.029696082463469782,79334.674601051,0.2802107878960669,0.42247049153915456,0.1020559062315279,1.388970659336164,0.0,0.19448532966808196,0.5479943134954997,0.7779412915309271,0.7957194954156875,0.015674682369550944,0.7779413186723279,5.6588933557607156e-08,0.0,0.91518384963274,19440,19313
pretrain,,811,0.22419967128834933,0.02963669029854284,146336.17870521502,0.4473753171041608,0.8544960000153093,0.07703526485843305,1.391292651361298,0.0,0.19564632568064902,0.5531532721860069,0.7825853005051613,0.8213460385799408,0.02713974850301799,0.7825853027225961,6.288644810448218e-08,0.0,0.9993311564127604,19464,19337
pretrain,,812,0.2132921504225488,0.029577416917945756,139201.45032531253,0.6284723726677752,1.2972701725150855,0.05693710818183647,1.3965386012125585,0.0,0.19826930060627915,0.5753970146179199,0.7930772056182226,0.8144750535488129,0.016218672130329046,0.7930772024251166,6.173338212844826e-08,0.0,1.0284530868132908,19488,19361
pretrain,,813,0.027839944361960495,0.02951826208410986,110475.27789847601,0.29336020403674673,0.7217101435576161,0.055816803912835555,1.3981230925059034,0.0,0.19906154625295178,0.5842181933777673,0.7962461610635122,0.815861490368843,0.013760570302278268,0.7962461850118068,5.0912300708638725e-08,0.0,0.9724274799227715,19512,19385
pretrain,,814,0.17579932335701243,0.029459225559941644,140144.65159168004,0.4072393760129455,0.8171225698398684,0.09221018244147212,1.399061658641412,0.0,0.1995308293207061,0.526085438472884,0.7981232752402624,0.8287792414426803,0.019835407200427833,0.7981233172828244,5.8362881398081136e-08,0.0,0.9946704208850861,19536,19409
pretrain,,815,0.30134134724398165,0.02940030710882176,158909.15901705428,0.45315192318299696,0.8256682891664757,0.057806920515848514,1.3996650198740619,0.0,0.19983250993703094,0.5643761751375027,0.7993300234278043,0.822122922539711,0.015204797372180279,0.7993300397481237,4.621133916267913e-08,0.0,0.9761298994223276,19560,19433
pretrain,,816,0.17160475034925962,0.029341506494604118,131863.13434174642,0.3752596473232621,0.7947730197970353,0.05836097998415642,1.3972005052048537,0.0,0.19860025260242678,0.5714151955076626,0.7944010024269422,0.8152063369750977,0.013008312500628005,0.7944010104097071,5.978203959644546e-08,0.0,1.0244246299068134,19584,19457
pretrain,,817,0.16315097235987852,0.029282823481614907,130507.62965349651,0.5791142608172127,1.1722115961568693,0.05884191726065078,1.393865967878983,0.0,0.19693298393949157,0.57835560717753,0.7877319057782491,0.8064741283655167,0.015760607980783548,0.7877319357579662,6.829698878663137e-08,0.0,1.0156022161245346,19608,19481
pretrain,,818,0.12469943694015265,0.029224257834651678,126088.03806046257,0.7348123896157458,1.5320095550801063,0.06850326478805287,1.3962494047979515,0.0,0.1981247023989757,0.5506982271160399,0.7924987723429998,0.8263486981391907,0.021696837866256823,0.7924988095959028,6.244296117211927e-08,0.0,1.056360165278117,19632,19505
pretrain,,819,0.20378610147209458,0.029165809318982373,139397.75980514355,0.5320838353197489,1.0185047814888608,0.06570187949859473,1.3960959131696395,0.0,0.19804795658481975,0.5789824117507254,0.7921917910377184,0.8321164727210999,0.020984241097175345,0.792191826339279,5.268624847509784e-08,0.0,1.0447095582882564,19656,19529
pretrain,,820,0.06488358338625227,0.02910747770034441,115792.08159968017,0.482273754575068,1.1173290708501418,0.05958292011683978,1.3973851755172724,0.0,0.19869258775863619,0.584651278597968,0.7947703202565511,0.8205811113119126,0.02064625227738909,0.7947703510345447,6.50151855500584e-08,0.0,1.019433081150055,19680,19553
pretrain,,821,0.08798910279341125,0.02904926274494372,125925.31063580452,0.7638553078064607,1.7031724990478574,0.09824114164065371,1.396976578847638,0.0,0.19848828942381913,0.5649513623544148,0.7939531480272611,0.8216590106487274,0.02049389843837845,0.7939531576952764,5.8451578743845545e-08,0.0,1.0307747970024745,19704,19577
pretrain,,822,0.11807844574013622,0.028991164219453833,123708.90209319424,0.5765893680841795,1.1891111694276333,0.06131024159545842,1.3941530271743734,0.0,0.19707651358718678,0.5572863237134047,0.7883060375849406,0.8071189373731613,0.02369307158095271,0.7883060543487469,6.891787059556027e-08,0.0,1.0317974736293156,19728,19601
pretrain,,823,0.30872842063662403,0.028933181891014924,161060.566345039,0.7149588179641536,1.4717028231493063,0.058655947095747674,1.4004517717819127,0.0,0.20022588589095647,0.578296063201768,0.8009035289287567,0.8370856404304504,0.02202702218217005,0.8009035435638259,8.027113616397112e-08,0.0,1.0313745960593224,19752,19625
pretrain,,824,0.19222263411156948,0.028875315527232895,134495.5763344416,0.36855453195139054,0.7331337099628789,0.05354873998229046,1.3914717239815566,0.0,0.19573586199077822,0.5887610135333878,0.782943420112133,0.8001156330108643,0.011467807880985316,0.7829434479631128,5.97820395224306e-08,0.0,1.0052513480186462,19776,19649
pretrain,,825,0.2930205302757444,0.028817564896178434,157856.629377461,0.5552579985842818,1.1659002134576442,0.061244371847036905,1.3943639485875057,0.0,0.1971819742937528,0.5841979937894004,0.7887278671065966,0.8175290942192077,0.0191038195625392,0.788727897175011,5.454889371684738e-08,0.0,1.0353698780139287,19800,19673
pretrain,,826,0.13523940532270576,0.028759929766386076,127602.29957542846,0.5912462528129774,1.1955664841192108,0.0675630487424612,1.4103389064825718,0.0,0.20516945324128585,0.5698993812714304,0.820677787065506,0.8361717969179153,0.011282392013717868,0.8206778129651432,6.421690892007466e-08,0.0,1.0026714305082958,19824,19697
pretrain,,827,0.23798185274379807,0.0287024099068533,150797.57659846614,0.6942384667871964,1.5869298656071933,0.08239793075936397,1.3834516975496498,0.0,0.19172584877482482,0.4717653159584318,0.7669033656517664,0.8080307364463806,0.025060119905985022,0.7669033950992993,5.03801164305114e-08,0.0,1.1051634003718693,19848,19721
pretrain,,828,0.05876099546470495,0.028645005087039592,115097.7520664688,0.4777271137351082,1.207546627468296,0.060343587875345904,1.3897940494297514,0.0,0.1948970247148758,0.5758630707859993,0.7795880859096845,0.8001126110553741,0.01342162309385414,0.7795880988595032,5.800809181148262e-08,0.0,1.0184872820973396,19872,19745
pretrain,,829,0.1517353265745785,0.028587715076865514,132430.41931420652,0.41396963423384087,0.7651128921657799,0.0776259617128217,1.3991378311600002,0.0,0.19956891558000023,0.5391973155949796,0.7982756545146307,0.8109821170568466,0.012368292997482929,0.7982756623200008,6.723262004533954e-08,0.0,1.0222613662481308,19896,19769
pretrain,,830,0.22173083589871276,0.028530539646711782,141164.2003409127,0.5177674007025503,1.2453548867787632,0.0582285509624475,1.394603913295127,0.0,0.19730195664756356,0.5840883116636957,0.7892078136404356,0.8110628724098206,0.014520009231697911,0.7892078265902541,4.6654826076538335e-08,0.0,0.9938907623291016,19920,19793
pretrain,,831,0.18169563503496708,0.028473478567418362,133272.94134453003,0.5775538379592554,1.1349026709794996,0.056637088410304216,1.3998402740274158,0.0,0.19992013701370784,0.5883845122797149,0.7996805508931478,0.8145843118429184,0.015586106098966176,0.7996805480548314,5.676632836015827e-08,0.0,1.0151221975684166,19944,19817
pretrain,,832,0.4094523230439415,0.028416531610283527,198050.35116892352,0.8144612589496232,1.4929414288806062,0.07135464417276405,1.3923504137921903,0.0,0.19617520689609505,0.5735337031739098,0.7847008109092712,0.8076454132795334,0.018056982127674665,0.7847008275843802,6.350732980238878e-08,0.0,1.0496059854825337,19968,19841
pretrain,,833,0.11439465075705864,0.028359698547062957,122060.91626566387,0.45228191103697535,0.7829902289169174,0.05528523943966581,1.3850586910599045,0.0,0.19252934552995224,0.5787780891571725,0.7701173797249794,0.7983649939298629,0.019920562083106393,0.7701173821198087,5.490368322943103e-08,0.0,1.0003252426783245,19992,19865
pretrain,,834,0.08744340570658767,0.02830297914996883,117965.22475594791,0.5115097582872425,1.1513118124433925,0.05404095263506198,1.3964588482465061,0.0,0.19822942412325317,0.5873941172446524,0.7929176762700081,0.8065959513187408,0.012749260879361561,0.7929176964930127,4.044600898645001e-08,0.0,1.0238692710796993,20016,19889
pretrain,,835,0.23536587204341775,0.028246373191668894,142910.30395748417,0.5235032844135449,1.0854735152529815,0.05407876704082885,1.3962038452071803,0.0,0.19810192260359016,0.5828987945403372,0.7924076716105143,0.8227065324783325,0.019947647342859292,0.7924076904143605,5.7475907422332995e-08,0.0,1.0159846146901448,20040,19913
pretrain,,836,0.1872932451416015,0.028189880445285555,136688.1007571798,0.6300977087535319,1.1354906915553977,0.0675951474726487,1.3922073013548342,0.0,0.19610365067741706,0.5806273275188036,0.7844145720203718,0.8180959761142731,0.029104181317786,0.7844146027096679,5.375061717938223e-08,0.0,1.0343166068196297,20064,19937
pretrain,,837,-0.06550096628182617,0.028133500684394984,101302.70115303085,0.4891678645231184,1.0174457036490947,0.06530038089772384,1.3997717526342186,0.0,0.1998858763171094,0.5372996947595051,0.799543467660745,0.8332956343889236,0.01997014968163416,0.7995435052684373,6.137859252334603e-08,0.0,1.0360404253005981,20088,19961
pretrain,,838,0.21814886564241365,0.028077233683026195,143889.1225007338,0.880024826553251,1.4512577222926275,0.07239297309665567,1.3938111783493135,0.0,0.19690558917465664,0.5485701390675135,0.787622312704722,0.8144937694072724,0.02027373854503029,0.7876223566986266,5.7121117983764215e-08,0.0,1.0762137745817502,20112,19985
pretrain,,839,-0.037267466933947294,0.02802107921566014,102990.76698011701,0.5077903978970079,0.8228187099099159,0.05525553554692896,1.3965164032720383,0.0,0.19825820163601923,0.5893052890896797,0.7930327753225962,0.8135510951280593,0.013143609143969049,0.7930328065440767,5.1799274628875715e-08,0.0,1.0160608862837155,20136,20009
pretrain,,840,0.2525181292422052,0.027965037057228824,147780.12050794816,0.3929594434975159,0.7710632352956704,0.05900072408324317,1.3934572863702972,0.0,0.19672864318514863,0.5856279156037739,0.7869145224491755,0.8006319314241409,0.009481964587237065,0.7869145727405945,6.62569488348493e-08,0.0,0.9995662942528725,20160,20033
pretrain,,841,0.041703728657304734,0.027909106983114364,113758.10762140661,0.4863958374951922,1.146008982722248,0.06603170649452375,1.3963446498271963,0.0,0.19817232491359826,0.5900700549994196,0.7926892638206482,0.8250532448291779,0.020156937265409236,0.7926892996543927,6.279775070320663e-08,0.0,1.0031645769874256,20184,20057
pretrain,,842,0.14422989344676454,0.027853288769148134,128594.67688326465,0.5540998893390808,1.4217947705515785,0.06511078440472791,1.4032090464163394,0.0,0.2016045232081697,0.5901449407849992,0.8064180587728819,0.8280890226364136,0.01758206673070538,0.8064180928326788,6.208817165953562e-08,0.0,1.028746376434962,20208,20081
pretrain,,843,-0.10674590551896322,0.02779758219160984,97200.53774385304,0.5081022477132223,0.908565913646349,0.06495417736453417,1.3993453557514364,0.0,0.1996726778757182,0.5534542149731091,0.7986906791726748,0.8200143098831176,0.020346754840922347,0.7986907115028726,5.911680918864922e-08,0.0,1.0200115864475567,20232,20105
pretrain,,844,0.22274814455769615,0.02774198702722662,146169.96318683156,0.5012857571377286,1.2428284597183974,0.07759730978097117,1.391127224878541,0.0,0.19556361243927056,0.5515946793769086,0.7822544152537981,0.8082350820302964,0.018245924411829907,0.7822544497570821,8.062592575056964e-08,0.0,1.0358057444294293,20256,20129
pretrain,,845,0.023445419782933435,0.027686503053172166,111303.07719869689,0.5662888472545005,1.011405175924301,0.06508901976957936,1.3967253663355397,0.0,0.1983626831677698,0.5851440312606948,0.7934507081906,0.8155416637659073,0.0172746932844922,0.793450732671079,6.474909323520943e-08,0.0,1.0093145469824474,20280,20153
pretrain,,846,0.19068032546630995,0.027631130047065824,134797.56071539206,0.5936404787270085,1.1424395111522503,0.056222073046991394,1.3962679961252782,0.0,0.198133998062639,0.5888659879565239,0.7925359706083933,0.8059383779764175,0.009830843192300917,0.792535992250556,5.818548655852259e-08,0.0,1.041172002752622,20304,20177
pretrain,,847,0.12585558005968034,0.02757586778697169,124253.05665998253,0.7067903500671188,1.4941538900136941,0.05777937092946326,1.399779064758193,0.0,0.19988953237909649,0.5882866818990027,0.7995580856998762,0.8203259140253067,0.014085162788467175,0.7995581295163858,6.191077681997707e-08,0.0,1.027257261176904,20328,20201
pretrain,,848,0.012684038809621677,0.027520716051397744,110189.14559840287,0.6397884319137249,1.6395673280847918,0.06648796297410367,1.3988905178294295,0.0,0.1994452589147148,0.5734690385205405,0.7977809980511665,0.8233204990625381,0.030248086548759826,0.7977810356588592,5.4992380630706585e-08,0.0,1.038100818792979,20352,20225
pretrain,,849,0.24617346362004208,0.027465674619294955,145379.26324296527,0.3447145252000718,0.6600379614957739,0.05497543836935257,1.3962816545917167,0.0,0.19814082729585825,0.5831379815936089,0.7925633043050766,0.8129890710115433,0.017328318666471047,0.792563309183433,3.7607692571217655e-08,0.0,0.9717447956403097,20376,20249
pretrain,,850,0.06141089870632865,0.02741074327005636,121283.50404159239,0.3767430035707851,0.796239332269345,0.09506222060366998,1.3937189518695785,0.0,0.19685947593478934,0.5519792512059212,0.7874378835161527,0.8115751683712006,0.0155441849415695,0.7874379037391573,5.321843288275119e-08,0.0,0.926612655321757,20400,20273
pretrain,,851,0.01418195948599462,0.027355921783516247,110125.27036342642,0.293393834216875,0.5393927348777651,0.06480103834242286,1.3999780377018307,0.0,0.1999890188509155,0.5480945163539477,0.7999560634295145,0.8151910573244094,0.014585158401526221,0.7999560754036619,5.126709023972609e-08,0.0,0.9282002449035645,20424,20297
pretrain,,852,0.30993277007769565,0.02730120993994922,162417.088825717,0.7497540094135773,1.6891750552824565,0.061973725924495904,1.3966768982687168,0.0,0.19833844913435839,0.5813974088856152,0.7933537885546684,0.8186146944761277,0.018694125756422826,0.7933537965374334,5.6234144045023506e-08,0.0,1.03494589527448,20448,20321
pretrain,,853,0.2934592115067805,0.027246607520069317,158680.91788014368,0.4777183843155702,1.2710451518850665,0.06362107576063945,1.3963055219057772,0.0,0.1981527609528885,0.5844467825123242,0.7926110078891119,0.8118907868862152,0.016821320185840434,0.7926110438115539,5.543586754456579e-08,0.0,0.997560404241085,20472,20345
pretrain,,854,0.16062131124299983,0.02719211430502918,133105.0654639937,0.5332038385261383,1.0255446573453288,0.07341039999246296,1.3930710296900497,0.0,0.196535514845025,0.5583602690270968,0.7861420263846716,0.8046102970838547,0.014352329836226028,0.7861420593800998,6.102380293674751e-08,0.0,1.029555673400561,20496,20369
pretrain,,855,0.26349867379507463,0.02713773007641912,150661.0543000328,0.7479905652636218,1.3895920770508898,0.06063315627218049,1.3967948419795861,0.0,0.19839742098979296,0.5804610294955117,0.7935896540681521,0.8163989335298538,0.019517697164387955,0.7935896839591718,5.596805187820427e-08,0.0,1.0318502212564151,20520,20393
pretrain,,856,0.1933128658128006,0.027083454616266284,134701.9837274003,0.3635504858435265,0.82288264089397,0.053589641510139986,1.4000551453569816,0.0,0.20002757267849078,0.5876950014914786,0.8001102581620216,0.8197736740112305,0.01198552019770669,0.8001102907139629,6.306384288852958e-08,0.0,1.0138391703367233,20544,20417
pretrain,,857,0.19293504519418972,0.027029287707033747,134004.08667374612,0.3868496206899485,0.794449765448059,0.050682547310312374,1.4020557480731182,0.0,0.20102787403655906,0.5896338788526398,0.804111493130525,0.8348749607801437,0.019713989161504356,0.8041114961462362,5.233145894401048e-08,0.0,1.0210047637422879,20568,20441
pretrain,,858,0.04555149111999269,0.026975229131619684,111963.05850124486,0.46167076884635855,0.8578273254845822,0.05108064457470048,1.4066213750768277,0.0,0.20331068753841378,0.5908468844635146,0.8132427210609118,0.8270032644271851,0.010339157615956973,0.8132427501536551,5.4282801476013276e-08,0.0,1.028319316605727,20592,20465
pretrain,,859,0.3256364724640694,0.026921278673356443,165442.661217973,0.5123268338252923,1.1506047013348764,0.058270423010999696,1.393560715840154,0.0,0.19678035792007686,0.5600063167512417,0.7871214052041372,0.8093411922454834,0.017245737594305793,0.7871214316803075,6.124554639367712e-08,0.0,0.9927024890979131,20616,20489
pretrain,,860,0.2231525322379364,0.026867436116009728,141378.6625531353,0.5204693726042197,1.0369979498109645,0.057939294742680246,1.4018553133521763,0.0,0.20092765667608806,0.5883314577596528,0.8037105922897657,0.8217127531766891,0.01592817578490168,0.8037106267043521,7.060312090523269e-08,0.0,1.0225421835978825,20640,20513
pretrain,,861,0.18589800277103946,0.02681370124377771,136245.10107582924,0.5741677982067422,1.018121073448232,0.06677554405190401,1.3995070621105175,0.0,0.19975353105525886,0.5743740169065339,0.7990140666564306,0.8243542671203613,0.023077397182169442,0.7990141242210355,8.630255861804177e-08,0.0,1.0295323605338733,20664,20537
pretrain,,862,0.060706194905110304,0.026760073841290154,115552.50867436247,0.6477985743078448,1.2430121184459755,0.061571976086519105,1.3871705725877768,0.0,0.19358528629388838,0.5850583847079958,0.7743411138653755,0.8031926900148392,0.01941920690905411,0.7743411451755534,6.146728990611787e-08,0.0,1.0386757478117943,20688,20561
pretrain,,863,-0.15938384055215377,0.026706553693607575,92278.05615889713,0.6313996649502466,0.907721118815243,0.06308548531625402,1.4070814013968975,0.0,0.2035407006984488,0.5676383982811655,0.8141627907752991,0.8409485548734665,0.019025056713881442,0.814162802793795,5.521412414314734e-08,0.0,1.0213537191351254,20712,20585
pretrain,,864,0.21592541617638206,0.02665314058622036,141201.14061680366,0.5813701345718333,1.1176385691655533,0.06322083942185049,1.398895337911589,0.0,0.19944766895579438,0.5848212156976973,0.7977906614542007,0.8258972316980362,0.018892369256295994,0.7977906758231775,5.1976669412923115e-08,0.0,1.0044268767038982,20736,20609
pretrain,,865,-0.2421467418050499,0.026599834305047917,86146.16625843944,0.5589205828450975,0.8378162064988699,0.06777414907335176,1.4011789325713402,0.0,0.20058946628567012,0.5883491060563496,0.8023578226566315,0.8278244972229004,0.01970057857704565,0.8023578651426804,6.128989510356675e-08,0.0,1.0382990191380184,20760,20633
pretrain,,866,0.07776357190620227,0.026546634636437822,118738.17756836105,0.5957060248502309,1.3246190447892456,0.06670609903836723,1.4059193786233664,0.0,0.2029596893116832,0.5827548056840897,0.8118387485543886,0.8261681318283081,0.013299609969411767,0.8118387572467327,5.428280151302071e-08,0.0,1.028323804338773,20784,20657
pretrain,,867,-0.043144816067545805,0.026493541367164947,106907.07065549196,0.8463879367780117,1.314829503159438,0.08979415864491837,1.3926688767082636,0.0,0.19633443835413175,0.5078485554882458,0.7853377436598142,0.8082610785961151,0.016268789289310668,0.785337753416527,6.332993509235625e-08,0.0,1.0760493228832881,20808,20681
pretrain,,868,0.23082640413972305,0.02644055428443062,141728.5745382004,0.5201201659538562,1.0639269215720035,0.052999647054643995,1.4007486885723968,0.0,0.2003743442861984,0.5809555532676833,0.8014973724881808,0.8265018552541733,0.016360520787509006,0.8014973771447936,4.6433082693623597e-08,0.0,1.004196857412656,20832,20705
pretrain,,869,0.016783170324670485,0.026387673175861753,109532.80680793874,0.39932631078131847,0.7089305524315153,0.058540292473239476,1.3841640504431867,0.0,0.19208202522159334,0.5873245682035173,0.7683280954758326,0.8103555858135223,0.03159795151346798,0.7683281008863734,5.2952340660420795e-08,0.0,0.9831602697571119,20856,20729
pretrain,,870,0.20679785169751078,0.026334897829510033,136921.000974265,0.2764015415062507,0.5315341494977471,0.05237833044406248,1.3875121387342613,0.0,0.1937560693671306,0.5863808946950095,0.7750242476662,0.7967289865016938,0.018169346850968784,0.7750242774685224,4.931574770772329e-08,0.0,0.9736074979106585,20880,20753
pretrain,,871,0.13075053236981599,0.026282228033851013,125053.58767455899,0.5577468433683471,1.2958383443100105,0.05799356815204642,1.397201211014319,0.0,0.19860060550715955,0.5863928805504526,0.7944024130702019,0.8135225683450699,0.01455448763901543,0.794402422028638,4.213125935163357e-08,0.0,1.0040407155950863,20904,20777
pretrain,,872,0.17658190754251826,0.02622966357778331,133408.30663980742,0.5509671867337256,1.0337579207760947,0.06153298358655603,1.3916497100144625,0.0,0.19582485500723124,0.5847643720252174,0.7832994113365809,0.814287981390953,0.02767319086538095,0.7832994200289249,5.481498588366662e-08,0.0,1.0175957009196281,20928,20801
pretrain,,873,0.09014240342708396,0.026177204250627743,118029.58230410909,0.46330145941603756,1.0175539793712751,0.052176976423029875,1.404287933948494,0.0,0.20214396697424708,0.5862574598618916,0.8085758412877718,0.8286827772855758,0.012668640886547492,0.8085758678969883,6.563606711843899e-08,0.0,1.017840047677358,20952,20825
pretrain,,874,0.07981000199566757,0.02612484984212649,121905.61293591691,0.679415958090907,1.2653889068535396,0.0832360205501716,1.3787039271777584,0.0,0.18935196358887926,0.5133145302534103,0.7574078390995661,0.7847550362348557,0.016429414723411154,0.757407854355517,5.3928012018940784e-08,0.0,1.0755824819207191,20976,20849
pretrain,,875,0.17222716256020285,0.026072600142442236,132901.18162772417,0.6914760349761871,1.3402206686990603,0.06277839978834884,1.3975832284916014,0.0,0.19879161424580075,0.5758982822299004,0.7951664278904597,0.8176078081130982,0.01664938912555982,0.795166456983203,5.676632837866199e-08,0.0,1.053570459286372,21000,20873
pretrain,,876,-0.1750806595556961,0.026020454942157347,90627.77792018515,0.3338498439684155,0.5267667913011141,0.05972183880015186,1.3941206396335648,0.0,0.1970603198167824,0.5899663769773074,0.7882412448525429,0.8093022912740707,0.017939576871868253,0.7882412792671293,7.627975368018625e-08,0.0,0.9907683407266935,21024,20897
pretrain,,877,0.11089606739887721,0.025968414032273037,121497.83519580544,0.41791565773919936,0.7774772796247686,0.05503666699206308,1.4034487434795924,0.0,0.2017243717397962,0.5916721714394433,0.8068974589308103,0.8258638113737107,0.015231236985404519,0.8068974869591848,6.971614700349941e-08,0.0,1.0109547947843869,21048,20921
pretrain,,878,-0.025343245337667047,0.02591647720420849,106678.82547274332,0.9000108037587432,1.5100267677967036,0.07329174805352572,1.3907561176234768,0.0,0.1953780588117384,0.4848467047725405,0.7815121983488401,0.8144612044095993,0.022496850093075466,0.7815122352469536,5.321843290125491e-08,0.0,1.1043906658887863,21072,20945
pretrain,,879,0.22390657501028308,0.025864644249800072,141500.54123758138,0.3939431216124268,1.0108854169292107,0.05781862270105654,1.4010549136215733,0.0,0.20052745681078663,0.5908027866056986,0.8021098201473554,0.82422476708889,0.016105240400994265,0.8021098272431463,5.676632832315084e-08,0.0,1.01664995153745,21096,20969
pretrain,,880,-0.058908993420165756,0.025812914961300473,101584.33852577806,0.5181079239118844,1.019202841499022,0.062087733908447656,1.3967424483215882,0.0,0.198371224160794,0.5840377137064934,0.7934848864873251,0.8134106069803237,0.014925891197957465,0.793484896643176,6.133424386896753e-08,0.0,1.0029252568880718,21120,20993
pretrain,,881,0.198477713543391,0.025761289131377874,135062.12593365347,0.34538769992511903,0.8086240962679896,0.050935226628519854,1.3849844162662823,0.0,0.1924922081331412,0.5881289318203926,0.7699687828620275,0.7984801709651947,0.02251479467108206,0.7699688325325648,6.386211937048358e-08,0.0,1.0166410927971203,21144,21017
pretrain,,882,0.13051055544623036,0.025709766553115115,124714.7595634355,0.5912034595606938,1.0459082280950887,0.05638310874354605,1.3998832105259809,0.0,0.19994160526299054,0.5857162454298563,0.7997664138674736,0.8222180932760239,0.01576974590844907,0.799766421051962,6.572476453821825e-08,0.0,1.003621831536293,21168,21041
pretrain,,883,0.05905033427179035,0.025658347020008885,115759.43392796433,0.5478426506742835,1.1526137470134665,0.06424098924094294,1.3875756258411067,0.0,0.1937878129205534,0.5446848323834794,0.7751512651642164,0.7932887881994247,0.014674001904386473,0.7751512516822133,4.913835294217961e-08,0.0,1.0348419422904651,21192,21065
pretrain,,884,-0.14565692631655608,0.02560703032596887,93706.85621628688,0.5645851292647422,1.287466944647687,0.06541596104914259,1.3786004783053485,0.0,0.18930023915267416,0.5722770754780089,0.7572009513775507,0.8057288497686386,0.028428665908826593,0.7572009566106965,5.1710577264607593e-08,0.0,1.0053332249323528,21216,21089
pretrain,,885,0.2448954096002472,0.02555581626531693,145951.99275376683,0.5861808537461218,1.3051093630492683,0.058289827096230255,1.4059432253374584,0.0,0.20297161266872923,0.5875353728021895,0.8118864173690478,0.8346639066934586,0.015677914901993828,0.8118864506749169,6.479344201911393e-08,0.0,1.0078547100226085,21240,21113
pretrain,,886,0.0034908811928803874,0.025504704632786295,108236.21164390714,0.4639348441158377,0.7878039928419246,0.06050325617259317,1.3926567416638136,0.0,0.1963283708319068,0.5884440562554768,0.7853134398659071,0.8218127340078354,0.024286061002754246,0.7853134833276272,7.273185820277916e-08,0.0,0.9977341492970785,21264,21137
pretrain,,887,0.24443634250465163,0.025453695223520725,149707.7515082168,0.7515504363303384,1.703955075251204,0.07299631088370466,1.400396452196652,0.0,0.20019822609832602,0.5841838776000908,0.8007928977409998,0.8198334187269211,0.01162701202604907,0.8007929043933041,3.379370483447275e-08,0.0,1.0117517088850339,21288,21161
pretrain,,888,0.2110083959184658,0.025402787833073683,139925.59385812285,0.43120161341946744,1.0463091261684891,0.061938387297030155,1.3958912761438462,0.0,0.19794563807192303,0.5886851400136948,0.7917825157443682,0.8154165536165238,0.020544660553886623,0.791782552287692,6.244296117211927e-08,0.0,1.0119811048110325,21312,21185
pretrain,,889,0.20400190873376162,0.025351982257407535,140462.41907701228,0.5757178669972788,1.1509734377797154,0.0700532424587907,1.3967423282031504,0.0,0.1983711641015751,0.510628486850432,0.7934846431016922,0.817751145362854,0.015856309532360932,0.7934846564063003,8.000504405266302e-08,0.0,1.0594825744628906,21336,21209
pretrain,,890,-0.008949636247640731,0.025301278292892717,107308.40121317426,0.4680940672710893,0.9706589411944148,0.06421345918916506,1.3956379558270176,0.0,0.1978189779135088,0.5778038459164756,0.7912758861978849,0.8170517683029175,0.014897200838131619,0.7912759116540352,5.650023621184275e-08,0.0,1.0208945125341415,21360,21233
pretrain,,891,0.15060194609265615,0.025250675736306936,131339.66231214587,1.0176669903809117,1.5754870464759212,0.07334452115279151,1.379547380886617,0.0,0.1897736904433086,0.568442097731999,0.7590947300195694,0.7796273440122604,0.01557670645720067,0.7590947617732343,4.984793209687292e-08,0.0,1.0800068105260532,21384,21257
pretrain,,892,0.16209045845295478,0.02520017438483432,130686.52653481871,0.47219049968268906,0.9814836044396668,0.060599766142391286,1.398034161001089,0.0,0.19901708050054454,0.5710112947438444,0.7960682759682337,0.8139895141124726,0.01162121822216123,0.7960683220021781,6.838568618790693e-08,0.0,1.0166459878285725,21408,21281
pretrain,,893,0.10755258466997891,0.02514977403606465,123954.19243439524,0.6033315427956126,1.350567649091993,0.07141481360152648,1.4019064930977212,0.0,0.20095324654886057,0.5826500739370073,0.8038129756848017,0.8284883588552475,0.017893148494308408,0.8038129861954423,4.5457411372111047e-08,0.0,1.0058511048555374,21432,21305
pretrain,,894,-0.07097369018250979,0.02509947448799252,99680.04099824732,0.5030813951577459,1.027816646439688,0.056469858273462986,1.4012095796920006,0.0,0.20060478984600025,0.5901477368814605,0.8024191558361053,0.8264324456453324,0.020519910208181197,0.8024191593840007,4.789658960187756e-08,0.0,1.0147102052966754,21456,21329
pretrain,,895,0.13579027772377028,0.025049275539016536,126469.30881628918,0.5359915887404766,1.2185863161725656,0.061253374010919626,1.3982413564143437,0.0,0.19912067820717183,0.5847447035568101,0.7964827294150988,0.8204595267772674,0.017238708913818866,0.7964827128286872,5.2952340678924514e-08,0.0,1.0062086482842763,21480,21353
pretrain,,896,0.1853802300558475,0.024999176987938503,133302.9616666029,0.6266074346467143,1.0284828553242342,0.053707408662140244,1.3998865944643815,0.0,0.19994329723219081,0.589042960533074,0.799773171544075,0.8267593055963516,0.017473279476289984,0.799773188928763,4.896095815813221e-08,0.0,1.0147420068581898,21504,21377
pretrain,,897,0.06267567351749602,0.024949178633962628,114929.12095737425,0.5574646629836587,1.1179797094847472,0.05601902597473148,1.395036510147509,0.0,0.19751825507375456,0.5815511979162693,0.790073017279307,0.8076540768146515,0.011829746257328168,0.7900730202950181,5.4105406728973314e-08,0.0,0.9988724067807198,21528,21401
pretrain,,898,0.07642914245575445,0.0248992802766947,122751.39216129293,0.6402858471763985,1.0174081985439571,0.09076345481543084,1.3796177192458083,0.0,0.18980885962290425,0.5365349629095622,0.7592354019482931,0.7743545860052109,0.010589707284520616,0.7592354384916168,6.031422387457279e-08,0.0,1.082848424712817,21552,21425
pretrain,,899,0.230198294568456,0.024849481716141313,144858.20839307457,0.6450810290296518,1.1815233693591185,0.06622623135208988,1.3986445090600421,0.0,0.19932225453002114,0.582112081348896,0.7972890088955561,0.8138605803251266,0.012716541052508561,0.7972890181200846,6.208817160402447e-08,0.0,1.0212895249327023,21576,21449
pretrain,,900,0.19822004393073417,0.02479978275270903,137412.33364816022,0.33692186080761966,0.782583473463143,0.0617027026473024,1.389310891673501,0.0,0.19465544583675054,0.5757281264024121,0.7786217778921127,0.8059211879968643,0.01742528662484069,0.778621783347002,5.344017637668822e-08,0.0,0.9534550830721855,21600,21473
pretrain,,901,0.15389565544489697,0.024750183187203612,132414.97236107558,0.799526991411334,1.409100552541869,0.0757522807795178,1.3897957031482033,0.0,0.19489785157410164,0.55110245517322,0.7795913914839426,0.805886897444725,0.015194707843977617,0.7795914062964066,5.8451578743845545e-08,0.0,1.0860975633064907,21624,21497
pretrain,,902,0.13920856644057011,0.0247006828208292,126778.07150050932,0.5005954318192033,1.1310731566910233,0.06000957554389743,1.395837943468775,0.0,0.19791897173438755,0.5824481866189412,0.7916758755842844,0.8140674203634262,0.02051376446308206,0.7916758869375501,4.789658952786269e-08,0.0,1.0003660942117374,21648,21521
pretrain,,903,0.044161046942753114,0.024651281455187544,115099.83947649128,0.6260848227178767,1.1474947542484315,0.07252334225534479,1.3973628513160206,0.0,0.1986814256580103,0.5378732063940592,0.79472566395998,0.8177509129047393,0.015079653257437443,0.7947257026320411,6.031422387457279e-08,0.0,1.0385145892699559,21672,21545
pretrain,,904,0.05834805672614401,0.02460197889227717,116120.44245404938,0.7602230697604163,1.7765067515628672,0.06706427749484865,1.3867967301713566,0.0,0.19339836508567845,0.579783602484635,0.7735934555530548,0.7975787967443466,0.024714233947262156,0.7735934603427137,5.7653302187876676e-08,0.0,1.0427049001057942,21696,21569
pretrain,,905,0.10901108747752584,0.024552774934492615,124712.61692446649,0.6204878318212216,1.007069581001997,0.07428785211373719,1.3985033172315784,0.0,0.19925165861578922,0.5498182097715991,0.7970066045721372,0.8199533134698868,0.017190759715699833,0.7970066344631569,5.933855259006767e-08,0.0,1.0412025873859723,21720,21593
pretrain,,906,0.15549574612912545,0.024503669384623627,129881.51459550753,0.6004454491305209,1.1710067343498978,0.06214312332578592,1.3913271819196995,0.0,0.19566359095984984,0.5829807541200093,0.7826543301343918,0.8149076491594315,0.02020122361493264,0.7826543638393991,7.024833130013046e-08,0.0,1.0249006475011508,21744,21617
pretrain,,907,-0.026882815346212622,0.02445466204585438,103920.20617826427,0.522089950075107,1.0270292700933554,0.05383837383990831,1.4002227094911393,0.0,0.2001113547455697,0.5892016919595855,0.8004454150795937,0.832874897122383,0.021060800259491082,0.8004454189822786,5.7475907477844146e-08,0.0,1.0194409042596817,21768,21641
pretrain,,908,0.11240789289656691,0.024405752721762677,124354.23367860311,0.7477990529455599,1.3747088074950236,0.0695314505391151,1.3934969983196686,0.0,0.19674849915983425,0.5620334052613802,0.7869939679900805,0.8125755757093429,0.017068208524269032,0.7869939966393368,5.366191977810667e-08,0.0,1.043175255258878,21792,21665
pretrain,,909,0.2201685012636529,0.024356941216319147,141219.70308628833,0.7768479616691669,1.414575363642403,0.05976251004374133,1.4028912088168521,0.0,0.20144560440842593,0.5832778204764639,0.8057824000716209,0.8278025388717651,0.01683946432467117,0.8057824176337037,5.126709033224467e-08,0.0,1.0246485397219658,21816,21689
pretrain,,910,0.16266914509991703,0.02430822733388651,134653.18364933538,0.39723009240281365,0.703184698415654,0.07890186870316644,1.4020659084032687,0.0,0.20103295420163447,0.5489319493728024,0.8041317785779635,0.8206014126539231,0.013482984159827146,0.8041318168065378,4.7807892163594566e-08,0.0,0.9518367176254591,21840,21713
pretrain,,911,0.12035314839762487,0.024259610879218737,124033.70698819983,0.5890982327539296,1.0566184384482247,0.06117866442552191,1.3925856444097697,0.0,0.19629282220488506,0.5900722135390555,0.7851712852716446,0.815416231751442,0.01735947501527517,0.7851712888195402,5.924985520729583e-08,0.0,0.9998962605992953,21864,21737
pretrain,,912,0.25103397546508505,0.024211091657460302,148533.5309940224,0.504130429122597,0.9675253039492027,0.06309780774449698,1.3999722710411462,0.0,0.1999861355205732,0.579535894628082,0.7999445249636968,0.825671723484993,0.02264127085552403,0.7999445420822925,5.366191972259552e-08,0.0,0.9967490633328756,21888,21761
pretrain,,913,-0.0031044244469075333,0.024162669474145377,107815.66284671548,0.5598423660821503,1.30798260346055,0.06299616873078988,1.3973656719373093,0.0,0.19868283596865477,0.5816761202045849,0.7947313040494919,0.8120458126068115,0.016088515107803743,0.7947313438746191,6.075771078843199e-08,0.0,1.0300059417883556,21912,21785
pretrain,,914,0.11041242673145084,0.024114344135197086,120831.61219004485,0.393787430155845,0.7716549780219792,0.051657981760101834,1.402677318303003,0.0,0.20133865915150162,0.5918131449392863,0.8053546150525411,0.8266019314527512,0.013985989602581177,0.8053546366060064,5.3129735425964476e-08,0.0,1.0160201365749042,21936,21809
pretrain,,915,0.15890446550621679,0.024066115446926693,134869.23672871324,0.9335056645795703,1.6112765294100555,0.08303050346546482,1.3841768306280884,0.0,0.19208841531404428,0.5629317206995827,0.7683536460002264,0.7994599729776383,0.019567370093366426,0.7683536612561771,4.115558808563217e-08,0.0,1.056012901167075,21960,21833
pretrain,,916,0.21561563717351578,0.02401798321603284,139462.17728953145,0.5329249593473616,1.071183628908225,0.05612006097386225,1.404637606903201,0.0,0.2023188034516005,0.570601818284818,0.8092751950025558,0.8283751845359802,0.012045522977481717,0.809275213806402,5.108969551118984e-08,0.0,1.0105144108335178,21984,21857
pretrain,,917,-0.13596792034430089,0.023969947249600776,93979.29133434949,0.3316107930039011,1.027739925895418,0.05991976207885342,1.4006846920986262,0.0,0.20034234604931303,0.5871347699846541,0.8013693441947302,0.8232024073600769,0.017729937777254533,0.8013693841972521,5.898376300346916e-08,0.0,0.9580172573526701,22008,21881
pretrain,,918,0.07192826841429954,0.023922007355101575,117497.6291589449,0.5472241391294769,0.9900018770779883,0.0641589410180013,1.3943308117311624,0.0,0.1971654058655813,0.5887405840413911,0.7886615817745527,0.8150932848453522,0.026336759371320233,0.788661623462325,6.155598728888971e-08,0.0,1.0185351570447285,22032,21905
pretrain,,919,0.29330673980630495,0.023874163340391368,160222.6438935157,0.4995450299410593,0.93002447613648,0.06880146197663095,1.3807516003116256,0.0,0.19037580015581282,0.5837784356304577,0.7615031773845354,0.7827502936124802,0.020155933209716873,0.761503200623251,5.587935443992128e-08,0.0,1.0269113381703694,22056,21929
pretrain,,920,0.17956981976377728,0.023826415013710585,133297.9649693852,0.549359888370548,0.8955427656216278,0.05852598366814613,1.4047568064360394,0.0,0.2023784032180196,0.5867692764316286,0.8095136259992918,0.8274492383003235,0.011927041310081142,0.8095136128720783,5.818548659553002e-08,0.0,1.0175088470180829,22080,21953
pretrain,,921,0.11876788812901345,0.023778762183683164,128076.79441865737,0.42459538490289733,0.8110177567760857,0.08370878897055346,1.3845483066868924,0.0,0.19227415334344622,0.558164534824235,0.7690966129302979,0.7973284810781479,0.018262492899842803,0.7690966133737849,4.8428773861501164e-08,0.0,0.94923135638237,22104,21977
pretrain,,922,-0.11025400730249725,0.023731204659315802,97032.08575241097,0.33830328945380955,0.8287009317960055,0.06638922564970351,1.3999771785789303,0.0,0.19998858928946514,0.573770458144801,0.7999543199936548,0.8229359477758408,0.02421737526221016,0.7999543571578606,6.35960272591755e-08,0.0,0.9590983639160792,22128,22001
pretrain,,923,0.23119482093465438,0.023683742249997166,146853.6311906073,0.29101585130584207,0.42871886386669106,0.07321253663307596,1.3845829423960476,0.0,0.19229147119802378,0.4972470626235008,0.7691658536593119,0.7994579613208771,0.0208688970973085,0.7691658847920951,5.947159871973658e-08,0.0,0.9350739965836207,22152,22025
pretrain,,924,-0.29324258657307695,0.023636374765497174,82609.59310066239,0.4907203708065763,0.8638792969020349,0.06894118468100005,1.4053654072894937,0.0,0.20268270364474683,0.5584027144525732,0.8107307925820351,0.8299528449773789,0.018596308987751473,0.8107308145789872,5.0912300764149876e-08,0.0,0.9788280303279558,22176,22049
pretrain,,925,0.29468363215129556,0.02358910201596618,162062.55964650956,0.5170774953439832,1.1779845592166693,0.07355891846818786,1.3901890051506818,0.0,0.19509450257534075,0.5729563789708274,0.7803779890139898,0.8024842351675033,0.014497555367840543,0.7803780103013628,4.3993904500864524e-08,0.0,1.0318598722418149,22200,22073
pretrain,,926,-0.03929929266644094,0.023541923811934245,105462.97219451392,0.5559442119805941,1.186574992537498,0.07591600006097238,1.4019945968563359,0.0,0.2009972984281679,0.5565325692296028,0.8039892042676607,0.821357861161232,0.015917593653018883,0.8039891937126716,6.341863247512809e-08,0.0,1.0089899773399036,22224,22097
pretrain,,927,0.07725309723146616,0.02349483996431038,116441.00695032842,0.5496368689152101,0.8643616949075033,0.05328577043481641,1.3978564360489447,0.0,0.1989282180244724,0.5894211434892245,0.7957128410538038,0.8194391220808029,0.01812725779146477,0.7957128720978895,8.195638652915467e-08,0.0,0.9989755724867185,22248,22121
pretrain,,928,0.11336351450458468,0.023447850284381757,122862.1465438238,0.483567991183095,1.0670419928218633,0.06059678851025607,1.3996202264513287,0.0,0.19981011322566444,0.5871295343552316,0.799240455031395,0.820932251214981,0.019247543249701828,0.7992404529026574,5.69437231812131e-08,0.0,0.9730747317274412,22272,22145
pretrain,,929,0.2679702375117289,0.023400954583812996,151091.2709137446,0.49594675592102466,1.0047790085630754,0.05848179876593018,1.391391016055076,0.0,0.19569550802753796,0.5795375108718872,0.7827820132176081,0.8029553025960923,0.015029792177352468,0.7827820321101518,5.561326229160576e-08,0.0,0.9839749981959661,22296,22169
pretrain,,930,0.105371924559543,0.02335415267464537,121471.13822819403,0.5723764422527027,1.1434711859694546,0.05948937570092313,1.398525343453955,0.0,0.19926267172697756,0.5615758379655225,0.797050674756368,0.8212296754121781,0.021879610846561003,0.79705068690791,4.7630497398050885e-08,0.0,1.0187491128842037,22320,22193
pretrain,,931,0.15127903197803633,0.02330744436929608,127538.57901606205,0.6162363886389705,1.1124427448425973,0.053870407332589354,1.4055076382078584,0.0,0.20275381910392928,0.5848321935960225,0.8110152706503868,0.8296353101730347,0.015155847269452013,0.8110152764157169,5.295234062341336e-08,0.0,0.9924024815360705,22344,22217
pretrain,,932,0.1377580331868255,0.023260829480557483,125741.84290423302,0.7316431673243642,1.2652865108634743,0.05580145891234076,1.3938373604878074,0.0,0.1969186802439037,0.5800493434071541,0.787674697736899,0.8068506121635437,0.01291708361525355,0.7876747209756146,6.439430370412207e-08,0.0,1.0220625375707943,22368,22241
pretrain,,933,-0.16245011387378483,0.02321430782159637,95337.89327584436,0.6150718156824865,1.200897657551936,0.09462436291089153,1.3999514842760705,0.0,0.19997574213803526,0.5718906601624829,0.7999029631416003,0.8229855984449387,0.016852456293463887,0.7999029685521407,4.727570782995608e-08,0.0,1.0116352786620457,22392,22265
pretrain,,934,0.2591912786113431,0.023167879205953177,150753.29042937345,0.7356348858170566,1.3668971809957704,0.06456106914179682,1.3929079724919229,0.0,0.19645398624596144,0.5748557490961892,0.785815936823686,0.8128430396318436,0.017210047369756853,0.7858159449838457,6.102380297375494e-08,0.0,1.0326760808626811,22416,22289
pretrain,,935,0.20626816364357997,0.023121543447541273,140967.65107119665,0.6164268798505267,1.2421439996255292,0.0702910233969601,1.4067421063248602,0.0,0.20337105316243,0.5770522904183184,0.8134841894110044,0.8322209894657135,0.01661199020798931,0.8134842126497199,6.244296119062298e-08,0.0,0.9963317985335985,22440,22313
pretrain,,936,0.0872514865409535,0.02307530036064619,118888.12589722995,0.6360298502924188,1.2061332953827721,0.0596846833691165,1.4011356908650623,0.0,0.20056784543253126,0.5753494469182832,0.8022713735699654,0.8244609385728836,0.0173364857093823,0.802271381730125,5.144448509778835e-08,0.0,1.016948824127515,22464,22337
pretrain,,937,0.04088218214993593,0.023029149759924896,114315.86278364275,0.47064172600706417,0.9719169727393556,0.07029048451004126,1.3884336062418743,0.0,0.19421680312093703,0.5623437860714537,0.776867188513279,0.8177458077669143,0.029642939866257816,0.7768672124837481,4.867269167337559e-08,0.0,0.9813807482520739,22488,22361
pretrain,,938,-0.1171473782132778,0.022983091460405045,95813.81331874819,0.3777076997905083,0.8546606664013648,0.06121377581053863,1.4003757934440815,0.0,0.20018789672204074,0.5871308610907622,0.8007515594363213,0.8260333657264709,0.02015176077216975,0.800751586888163,6.683348189688114e-08,0.0,0.971728098889192,22512,22385
pretrain,,939,0.1207219264092858,0.022937125277484236,123203.02598985973,0.390763525097143,1.0535793273576661,0.05634141481771268,1.4015500972136146,0.0,0.20077504860680728,0.5908752200858933,0.8031001587708791,0.8189192861318588,0.016356465662323176,0.803100194427229,6.049161854759788e-08,0.0,1.0012813657522202,22536,22409
pretrain,,940,0.20726486301031555,0.02289125102692927,138528.61737519444,0.44985515542239657,0.8101652999541589,0.05905219355825154,1.4045348983878891,0.0,0.20226744919394454,0.5926663247602326,0.8090697651108106,0.8241956859827042,0.010789055390852892,0.8090697967757782,6.501518545753981e-08,0.0,1.0076882888873417,22560,22433
pretrain,,941,0.29893812053745633,0.022845468524875408,157184.27655710367,0.5439878414562416,0.9194249570369719,0.054054942010369554,1.4042598129294455,0.0,0.20212990646472292,0.5880962610244751,0.808519589404265,0.8301518529653549,0.014724349561483246,0.8085196258588914,6.306384281451471e-08,0.0,1.0233456442753475,22584,22457
pretrain,,942,0.21385351484401247,0.02279977758782566,141159.99408107964,0.557423139744926,1.1577857364501263,0.0647753946559534,1.3924756958592859,0.0,0.19623784792964305,0.5811743140220642,0.784951371451219,0.803995555639267,0.015365332715324562,0.7849513917185719,6.106815164663715e-08,0.0,1.0380451381206512,22608,22481
pretrain,,943,0.1211189367708802,0.022754178032650008,125363.5387290961,0.6056830938461991,1.033130482211709,0.06766747008733914,1.394518209089126,0.0,0.19725910454456297,0.5722202653331416,0.789036383231481,0.8140540331602096,0.021517932639164617,0.7890364181782519,6.332993505534883e-08,0.0,1.00545917203029,22632,22505
pretrain,,944,0.3097701387814026,0.022708669676584706,168615.91488475606,0.7551048343247246,1.2433606502200878,0.08097169406848788,1.3851640061253594,0.0,0.1925820030626797,0.5792373291083744,0.7703280299901962,0.8085742294788361,0.020966424270652994,0.7703280122507187,6.40395141730347e-08,0.0,1.0530964409311612,22656,22529
pretrain,,945,0.12188636190486951,0.022663252337231536,123383.5224081548,0.4823653026528301,0.9840000008898117,0.056360535966411864,1.3980622538143679,0.0,0.19903112690718402,0.58932071604899,0.7961244905988375,0.8228218466043472,0.01699181587192434,0.7961245076287359,5.321843286424747e-08,0.0,1.0057039111852646,22680,22553
pretrain,,946,-0.03721258707114566,0.022617925832557072,104497.02450331008,0.6903543645249947,1.6581748810197612,0.06687294978153127,1.394315022309976,0.0,0.197157511154988,0.5717111091528619,0.7886300211151441,0.8194168210029602,0.0175644375625985,0.7886300446199518,5.366191970409181e-08,0.0,1.0409976467490196,22704,22577
pretrain,,947,0.05071725059799262,0.022572689980891958,114781.8670156418,0.6896427814804372,1.1681711621582505,0.06505416560325789,1.3925470173625005,0.0,0.19627350868125049,0.5845595161829675,0.7850940376520157,0.8092955589294434,0.014813198287171233,0.7850940347250018,5.312973557399422e-08,0.0,1.0323666681845982,22728,22601
pretrain,,948,0.1205262907226261,0.022527544600930174,123727.12596059967,0.4659838401490734,1.0766312504453313,0.0593695894517941,1.3994870786776854,0.0,0.19974353933884278,0.5849869123526982,0.7989741166432699,0.8195880740880966,0.014548496261503533,0.7989741573553709,7.51266876856486e-08,0.0,1.001945657034715,22752,22625
pretrain,,949,0.12041251921393988,0.022482489511728317,124395.55711346304,0.6972905238646835,1.1012678273022172,0.06308354119794,1.3947270510806924,0.0,0.1973635255403462,0.5872864744492939,0.78945409009854,0.822281950712204,0.021886364600878314,0.7894541021613847,4.399390453787196e-08,0.0,1.0374056498209636,22776,22649
pretrain,,950,0.2541437425516368,0.02243752453270486,145552.12584219643,0.3449523927909987,0.7498696007366691,0.04901430670042436,1.3957118547211091,0.0,0.19785592736055455,0.5917397226606096,0.7914236734310786,0.8134308844804764,0.013766122119520193,0.791423709442218,5.233145894401048e-08,0.0,1.0233889917532604,22800,22673
pretrain,,951,-9.213774810860886e-05,0.02239264948363945,107272.16544028431,0.67608122199419,1.2250670016344103,0.05656988795862147,1.405339020437428,0.0,0.20266951021871396,0.589261531829834,0.8106780002514521,0.8290123879909516,0.016184822405686316,0.8106780408748558,6.297514554276518e-08,0.0,1.009333757062753,22824,22697
pretrain,,952,0.08655661282001677,0.022347864184672172,118782.61307749602,0.6175647114093105,1.1551456026732916,0.05964111109742831,1.3998543356678317,0.0,0.19992716783391581,0.5806538398776735,0.7997086445490519,0.8268301159143447,0.017727299517661558,0.799708671335663,5.268624843809041e-08,0.0,1.024076484143734,22848,22721
pretrain,,953,0.24643760517153013,0.022303168456302827,144400.85627512218,0.4533852525942383,0.945745392037289,0.05087143812342152,1.3946512450597115,0.0,0.19732562252985583,0.5888057297893933,0.7893024682998657,0.8085058689117431,0.012638954460379733,0.7893024901194231,6.971614700349941e-08,0.0,1.0130089844266574,22872,22745
pretrain,,954,0.2063574881307302,0.022258562119390223,139137.81647633572,0.4693409126429331,1.0673046424984927,0.06244220315939849,1.38936228047879,0.0,0.19468114023939487,0.5881162232586316,0.7787245487173399,0.805389529466629,0.0230557617563413,0.7787245609575795,5.428280145750956e-08,0.0,1.0058731536070507,22896,22769
pretrain,,955,0.08864099368605761,0.02221404499515144,120074.94934655933,0.566787364216344,1.2906756704673161,0.06545485806297317,1.4081374145157282,0.0,0.20406870725786405,0.5802134733114923,0.8162748143076897,0.8486933678388595,0.019435024974183594,0.8162748290314559,6.084640818970755e-08,0.0,0.9881844247380892,22920,22793
pretrain,,956,0.17007470487816012,0.022169616905161137,131978.49271913499,0.6994518736776497,1.155783505365252,0.06018840218629074,1.3984694855642459,0.0,0.19923474278212305,0.5875009958233153,0.7969389433662096,0.8180406659841537,0.013194872809987629,0.7969389711284922,5.454889364283252e-08,0.0,1.0142335668206215,22944,22817
pretrain,,957,0.12157322842328874,0.022125277671350814,123817.55295602354,0.682937538007363,1.4039169422217772,0.058989033315825584,1.4031157405337407,0.0,0.20155787026687041,0.5892826957362038,0.8062314540147781,0.8239979028701783,0.012850462143161958,0.8062314810674814,5.898376313299517e-08,0.0,1.0175354778766632,22968,22841
pretrain,,958,0.10677265446055807,0.022081027116008112,123049.16914754735,0.5448939542818282,1.192148494986551,0.06712007076221055,1.3934752622264484,0.0,0.19673763111322407,0.580689828310694,0.786950503786405,0.8110653519630432,0.01973174882311477,0.7869505244528963,6.235426384485858e-08,0.0,1.0207715779542923,22992,22865
pretrain,,959,-0.10480120815819433,0.022036865061776097,96394.02080306274,0.5874084482590357,1.0373656873192099,0.05616038723433816,1.386573797890118,0.0,0.19328689894505913,0.5893390093530928,0.7731475904583931,0.8070569425821305,0.02404661971552817,0.7731475957802364,4.612264177990729e-08,0.0,1.0311508178710938,23016,22889
pretrain,,960,0.2686155114153925,0.021992791331652543,152758.68817702762,0.6488980178144717,1.0643156706222465,0.06396436524133355,1.4014811889667598,0.0,0.2007405944833798,0.5885956383177212,0.8029623478651047,0.8240779787302017,0.01465860824709762,0.8029623779335192,5.703242047146636e-08,0.0,1.0107766141494114,23040,22913
pretrain,,961,-0.04493062289801694,0.021948805748989237,106249.03277114154,0.6637583347037435,1.4890718241355243,0.08645465365948173,1.3879810257681777,0.0,0.19399051288408894,0.5653504229017666,0.7759620522459348,0.8045099467039108,0.01929048878817718,0.7759620515363558,4.718701039167309e-08,0.0,1.053271345794201,23064,22937
pretrain,,962,0.003494298549218674,0.02190490813749126,107695.65226902776,0.3222952042706311,0.741371106835348,0.05663592535489861,1.406282699844312,0.0,0.20314134992215607,0.5921151723180498,0.8125653937458992,0.8260428309440613,0.009913414039867275,0.8125653996886241,7.35301347217406e-08,0.0,1.0068511019150417,23088,22961
pretrain,,963,-0.2211503354247762,0.021861098321216278,90660.3475570135,0.35612868324720437,0.8582590220762142,0.09844356911602296,1.3721185745227904,0.0,0.18605928726139523,0.5347764896495002,0.7442371174693108,0.7967527508735657,0.03754913446018205,0.7442371490455809,5.375061719788595e-08,0.0,0.9617390856146812,23112,22985
pretrain,,964,0.14483681419324423,0.021817376124573844,132612.73414247396,0.8331749069814881,1.45907104025994,0.08423982492146385,1.394224179509495,0.0,0.1971120897547475,0.549866552331618,0.7884483387072881,0.8069869309663773,0.017491359829722396,0.7884483590189899,4.035731156667074e-08,0.0,1.0584250936905544,23136,23009
pretrain,,965,0.04014103665157432,0.021773741372324695,115550.52658434022,0.7302048284604791,1.5000055926186695,0.07869723736283084,1.4033234065309876,0.0,0.20166170326549385,0.5661724789866379,0.8066467841466268,0.8235329777002335,0.01472329532539011,0.8066468130619753,5.995943434348543e-08,0.0,1.046899750828743,23160,23033
pretrain,,966,0.16527644856567333,0.02173019388958005,131746.92951171522,0.7302011037467135,1.4429069520905613,0.06307714930907286,1.3862331830674695,0.0,0.1931165915337347,0.5851837311472212,0.7724663242697716,0.8009836882352829,0.02044490227333142,0.7724663661349386,6.51038827848005e-08,0.0,1.0375868454575539,23184,23057
pretrain,,967,0.24096810525971393,0.02168673350180089,147786.02794202825,0.8611343610765679,1.422963865314211,0.0686482848125656,1.3877941844541402,0.0,0.1938970922270701,0.5800671598740986,0.7755883609255155,0.8055835753679276,0.020443043441589728,0.7755883689082803,5.108969551118984e-08,0.0,1.0338158508141835,23208,23081
pretrain,,968,0.11212916197473434,0.021643360034797283,122654.43476428691,0.5299676774468806,1.069823217232312,0.060476789926028694,1.397077462369842,0.0,0.19853873118492113,0.5804533394319671,0.7941548923651377,0.8252436369657516,0.024432736025572294,0.7941549247396843,4.940444520151743e-08,0.0,0.9790978084007899,23232,23105
pretrain,,969,-0.08655687173555347,0.02160007331472769,99134.9685835761,0.4930169213829296,0.9616915204695291,0.0648592305857914,1.405812897409002,0.0,0.202906448704501,0.5813043788075447,0.8116258208950361,0.8373265385627746,0.015396529926191095,0.811625794818004,6.244296122763042e-08,0.0,1.0275647739569347,23256,23129
pretrain,,970,0.09346964305624292,0.021556873168098234,119282.65468839616,0.6227608600720053,1.065226396386112,0.056821250563193475,1.399413355315725,0.0,0.1997066776578625,0.5890446379780769,0.7988266795873642,0.820088142156601,0.016120734092016843,0.79882671063145,5.16218798263246e-08,0.0,1.0317878276109695,23280,23153
pretrain,,971,0.2671245165521027,0.02151375942176204,150964.8590614296,0.48869645220804064,1.0304319619600257,0.05872472648286962,1.4046488745758932,0.0,0.20232443728794655,0.5811900485839163,0.8092977330088615,0.8350372284650802,0.015288261651946097,0.8092977491517862,6.971614700349941e-08,0.0,0.9790196691950163,23304,23177
pretrain,,972,0.19605441950781688,0.021470731902918518,135786.13793867038,0.3543346632560272,0.7961584449612669,0.05624448383208893,1.3982500150311914,0.0,0.1991250075155958,0.5840266825897353,0.7965000023444494,0.8294360011816024,0.02249951588514846,0.7965000300623831,5.929420386167431e-08,0.0,0.9868153433005015,23328,23201
pretrain,,973,0.23140724355676717,0.021427790439112675,143750.71500590563,0.5651129347139171,1.1443977498582427,0.06078670221248305,1.3798293279306522,0.0,0.18991466396532597,0.5722071571009499,0.7596586296955744,0.7988887220621109,0.02294586582147568,0.7596586558613039,4.940444510899885e-08,0.0,1.0237440466880798,23352,23225
pretrain,,974,0.0879556222643213,0.021384934858234454,117588.31498360644,0.34337205723637626,0.8794418640434739,0.05134978455144184,1.392339473678952,0.0,0.1961697368394761,0.590333454310894,0.7846789310375849,0.8196770191192626,0.017517533867869074,0.7846789473579042,4.541306273623628e-08,0.0,1.0185595626632373,23376,23249
pretrain,,975,0.23211801666652276,0.021342164988517983,146816.76781576444,0.5527086378119531,0.8776357420853202,0.07230072699055438,1.3897993251947416,0.0,0.19489966259737102,0.5463672141943658,0.7795986160635948,0.8141117632389069,0.026064764483421782,0.779598650389484,7.157879209721922e-08,0.0,1.0119305575887363,23400,23273
pretrain,,976,0.3839651188498363,0.021299480658540947,193274.38006860742,0.783038094506732,1.5449218736163204,0.08219644247109988,1.3862844946838562,0.0,0.19314224734192806,0.5283431942973817,0.7725689709186554,0.794173076748848,0.01585165837492351,0.7725689893677122,4.8960958195139646e-08,0.0,1.0833943337202072,23424,23297
pretrain,,977,0.12359957009347255,0.021256881697223864,125102.77665595157,0.5638153975984702,1.203142663517168,0.06421471676769024,1.3906829156247633,0.0,0.19534145781238163,0.5850502827337809,0.7813658316930135,0.7991937190294266,0.017910446220065313,0.7813658312495265,4.603394441563916e-08,0.0,0.9936258594195048,23448,23321
pretrain,,978,0.2297761368778674,0.021214367933829418,141401.01692723276,0.5365249338958945,1.071063834508614,0.05251280896419541,1.3978469860961749,0.0,0.1989234930480875,0.5820429899862833,0.7956939289967219,0.8087358355522156,0.008280346712052068,0.7956939721923498,6.448300114240506e-08,0.0,0.9943048829833666,23472,23345
pretrain,,979,-0.0016163004564666034,0.02117193919796176,108398.59004823053,0.720180376942846,1.35847788048642,0.0659125634920699,1.407763616625397,0.0,0.2038818083126985,0.5682665109634399,0.8155272081494331,0.8326873689889908,0.012771740388088404,0.815527233250794,5.791939439170335e-08,0.0,1.0220086524883907,23496,23369
pretrain,,980,0.22477488263712012,0.021129595319565837,150541.4158238865,0.5405831574684098,1.0540424652397626,0.09246340759800935,1.3896527002077728,0.0,0.19482635010388635,0.555864323994943,0.7793053785959879,0.819002228975296,0.024624334456729867,0.7793054004155454,5.4992380575195433e-08,0.0,1.0256566032767296,23520,23393
pretrain,,981,-0.2913929643919636,0.021087336128926704,82168.94771443345,0.5023410190783796,1.099689711630344,0.06199017532301518,1.402341514382334,0.0,0.20117075719116698,0.5877182558178902,0.8046829973657926,0.8271689176559448,0.01587505795271934,0.8046830287646678,5.694372308869452e-08,0.0,1.0073469604055088,23544,23417
pretrain,,982,0.31955302932574664,0.021045161456668852,167202.67134377078,0.5403145785399136,1.0635229242167301,0.06864200141971763,1.3934824704414321,0.0,0.1967412352207161,0.5847608367247241,0.7869649156928062,0.805006542801857,0.012730429449476447,0.7869649408828646,6.208817171504677e-08,0.0,1.004433403412501,23568,23441
pretrain,,983,0.13541914309491832,0.021003071133755512,125910.26605775316,0.47122793919628575,0.9027756671554273,0.05863703571567972,1.391265244378398,0.0,0.19563262218919894,0.5896208403365952,0.7825304915507635,0.8178154796361923,0.023208904193636973,0.7825304887567958,6.06246647882891e-08,0.0,0.9789872417847315,23592,23465
pretrain,,984,0.2187023157890739,0.020961064991488004,145209.81111957144,0.5286056394910529,1.0457543797791,0.0771991520907529,1.4002705046995763,0.0,0.20013525234978827,0.5691567648734366,0.8005409960945448,0.8250872403383255,0.018377373176391817,0.8005410093991528,4.94931425102744e-08,0.0,1.021241491039594,23616,23489
pretrain,,985,0.06599702194960719,0.020919142861505025,116649.97842231052,0.3454184254099215,0.8142614930069869,0.06394791321453032,1.3921324209354464,0.0,0.19606621046772318,0.584310959492411,0.7842648426691691,0.8115945607423782,0.019253797403784963,0.7842648418708927,6.217686904230746e-08,0.0,1.0010922128955524,23640,23513
pretrain,,986,-0.021871309500603398,0.020877304575782015,104898.88702555685,0.54847014863931,1.005741778122527,0.05714362384201738,1.4017798866012268,0.0,0.20088994330061336,0.5866283284766334,0.8035597478350004,0.8244546502828598,0.01522629853463826,0.8035597732024534,6.882917312026986e-08,0.0,1.0047414526343346,23664,23537
pretrain,,987,0.11597605509707049,0.02083554996663045,122804.04902701096,0.46823567848297815,0.9942780554294582,0.05809878921437838,1.3991634331288791,0.0,0.1995817165644396,0.5911632073777062,0.7983268474539121,0.8165034562349319,0.00998506856910128,0.7983268662577583,6.208817158552075e-08,0.0,1.0161954760551453,23688,23561
pretrain,,988,-0.036911247647961686,0.02079387886669719,104209.80391696937,0.6420385361471701,1.0186035169022423,0.06442386331770614,1.3990427458304024,0.0,0.19952137291520125,0.5872072534901756,0.7980854784448942,0.8259543389081955,0.02481255635438867,0.7980854916608049,6.270905339444965e-08,0.0,0.9934736241896948,23712,23585
pretrain,,989,0.08160979218035977,0.0207522911089638,119764.30977705498,1.0227348240801974,1.8296922663492807,0.06951409650701086,1.3983603903048094,0.0,0.1991801951524048,0.5694835734154498,0.7967207680145899,0.8205217480659485,0.019232729048708087,0.7967207806096189,4.8783563429595965e-08,0.0,1.0465322906772296,23736,23609
pretrain,,990,0.0996873045766502,0.02071078652674587,120970.26704940076,0.3915382151580637,1.029009493945964,0.06138607038654533,1.3976694168301211,0.0,0.19883470841506054,0.5910472295113972,0.7953388343254725,0.8181365042924881,0.017341867001226585,0.7953388336602422,5.148883377067056e-08,0.0,0.9928758318225542,23760,23633
pretrain,,991,0.05442913216636251,0.020669364953692378,115140.5213936826,0.6803769124006586,1.1567020037344524,0.06422241441468769,1.3958558990575731,0.0,0.19792794952878642,0.5788900788341249,0.791711779932181,0.8172444611787796,0.020849758580712623,0.7917117981151455,6.483779059947754e-08,0.0,1.0495649178822835,23784,23657
pretrain,,992,0.17130159696038166,0.020628026223784995,131747.52386975568,0.5245581947023138,0.9531321876150153,0.05805904585326885,1.4020729164282482,0.0,0.20103645821412408,0.58248449329819,0.8041458204388618,0.8242052644491196,0.017118890358643418,0.8041458328564962,5.650023621184275e-08,0.0,0.9802751541137695,23808,23681
pretrain,,993,0.10458991420483682,0.02058677017133742,123066.16058754412,0.5742645142267325,0.9642931683521183,0.06903252527950973,1.3965034841205035,0.0,0.19825174206025195,0.57823075566973,0.7930069540937742,0.8063101083040237,0.013518924570457396,0.7930069682410075,7.463885208040348e-08,0.0,1.0204075624545415,23832,23705
pretrain,,994,0.252392358594863,0.02054559663099475,159312.26471262096,0.6081483911368109,0.9906870891473122,0.09992464852582073,1.3894061904755377,0.0,0.19470309523776885,0.554483053939683,0.7788123761614164,0.7970543056726456,0.016375643261997627,0.7788123809510754,5.3041038117207506e-08,0.0,1.0624551847577095,23856,23729
pretrain,,995,0.145862546903277,0.02050450543773276,132558.63028050042,0.9435753014293455,1.7304112200226092,0.08312856749874668,1.394679619176757,0.0,0.1973398095883784,0.5378574090344566,0.7893592243393263,0.8130225479602814,0.015161354734506367,0.7893592383535134,4.239735144443794e-08,0.0,1.0826204121112823,23880,23753
pretrain,,996,0.18947857659668507,0.020463496426857294,137735.04397372392,0.842908118674088,1.8255369269422117,0.07040815199943441,1.3941519566412481,0.0,0.19707597832062418,0.5802190910492624,0.7883038744330406,0.8157406002283096,0.021738787216034356,0.7883039132824966,7.042572612118529e-08,0.0,1.0383581221103668,23904,23777
pretrain,,997,0.13217392438306114,0.020422569434003578,124175.91888670092,0.5286316766093174,0.9203398724219627,0.05209746277145261,1.396589954561066,0.0,0.19829497728053305,0.5863076368612903,0.793179877102375,0.8178669333457946,0.016628862353137257,0.7931799091221321,6.678913324250264e-08,0.0,0.9981779207785925,23928,23801
pretrain,,998,0.004354369540246476,0.02038172429513557,107193.14580646648,0.40172620827243444,0.732693446108273,0.052291801455196435,1.402457738073454,0.0,0.20122886903672701,0.5874789272035872,0.8049154455463091,0.8266051679849624,0.014368816430473354,0.804915476146908,4.266344361125718e-08,0.0,0.997475599249204,23952,23825
pretrain,,999,-0.01897035125774296,0.020340960846545297,105658.96302512533,0.3759288716218656,0.7589569285511969,0.06044092591099367,1.3931407886779024,0.0,0.19657039433895127,0.581513705530337,0.7862815608580908,0.8295140862464905,0.029314537664015455,0.7862815773558048,5.446019631557183e-08,0.0,0.9790985633929571,23976,23849
pretrain,,1000,-0.08134269900629991,0.02030027892485221,99576.14179598565,0.57875644007609,1.0773443840444086,0.06423839576311202,1.3995312790696819,0.0,0.19976563953484097,0.5898065577660287,0.799062525232633,0.8126847743988037,0.010050849188507797,0.7990625581393639,5.7564604860615987e-08,0.0,1.0048870667815208,24000,23873
finetune_selection,1,1,0.18728935902369492,0.05,136128.92688782283,0.5659858184822258,1.3209432960620944,0.06509409663765255,1.3921360009394228,0.0,0.1960680004697116,0.565637999347278,0.7842720001935959,0.8045815050601959,0.015527298497094884,0.7842720018788462,5.7387210039561154e-08,0.0,1.0066984444856644,24024,23873
finetune_selection,1,2,-0.050960946108104685,0.04975,102307.71396367492,0.502169456465968,1.1133094475737635,0.06126461998824839,1.3939134596536558,0.0,0.19695672982682788,0.5647348793489593,0.7878269031643867,0.8071094006299973,0.015861797095282865,0.7878269193073114,6.013682914603653e-08,0.0,1.0010583226879437,24048,23873
finetune_selection,1,3,0.29716927315894465,0.049501250000000004,157828.63676061688,0.729392599425323,1.5477228502077711,0.05769345641295256,1.3990977287203783,0.0,0.19954886436018918,0.5836981609463692,0.7981954415639242,0.8219635963439941,0.015736958032797278,0.7981954574407566,4.5501760100504406e-08,0.0,1.0327117964625359,24072,23882
finetune_selection,1,4,0.13088433571960698,0.04925374375,124010.77249184142,0.48278370801182025,1.009613717560257,0.05227842143500928,1.3991925027221441,0.0,0.1995962513610721,0.5874126479029655,0.7983849669496218,0.8233369141817093,0.01598315518550481,0.7983850054442883,6.031422387457279e-08,0.0,1.0192327971259754,24096,23906
finetune_selection,1,5,0.21928071966838736,0.04900747503125,142148.88133348516,0.6521988283244095,1.5154933025794366,0.06435958923040914,1.390467320014501,0.0,0.19523366000725048,0.5742602869868279,0.7809346169233322,0.8021544516086578,0.018650170208451188,0.7809346400290017,4.6344385310851756e-08,0.0,1.007334756354491,24120,23930
finetune_selection,1,6,0.24144656299099865,0.048762437656093754,146724.07360331234,0.728783995733552,1.4805672168731685,0.06416835155433782,1.3874061861563298,0.0,0.19370309307816483,0.5760339040841376,0.7748123680551847,0.799083998799324,0.019591533617538,0.7748123723126592,6.563606715544641e-08,0.0,1.0197484195232391,24144,23954
finetune_selection,1,7,0.16480205532097428,0.048518625467813284,129015.5938667016,0.45046354987702913,1.0545161918337855,0.05008153534411794,1.4019123714949402,0.0,0.20095618574747018,0.5886862309915679,0.8038247327009836,0.8253676354885101,0.01749509407125783,0.8038247429898807,5.0912300764149876e-08,0.0,1.0132549504439037,24168,23978
finetune_selection,1,8,0.2348089974556728,0.048276032340474215,146433.92307484473,0.7702586257697215,1.5359279323103165,0.06857427654690615,1.3985531659175952,0.0,0.1992765829587976,0.5652480838554246,0.7971063107252121,0.8266968965530396,0.016024872938675463,0.7971063318351904,7.149009473295109e-08,0.0,1.0348533044258754,24192,24002
finetune_selection,1,9,0.09048607813437466,0.04803465217877184,120062.73119403524,0.6452623459599203,1.498087293228932,0.06384666184296006,1.3927115796444316,0.0,0.19635578982221583,0.5812209876520293,0.7854231372475624,0.807790556550026,0.014206363278781109,0.7854231592888633,6.035857258446242e-08,0.0,1.010684294005235,24216,24026
finetune_selection,1,10,0.22992781053777459,0.04779447891787798,146259.46401904704,0.7369459022634794,1.3104181483387947,0.07196312486756586,1.3938240170301428,0.0,0.1969120085150713,0.5700867835964476,0.7876480395595232,0.8155866712331772,0.01490082606567438,0.7876480340602852,5.552456498284878e-08,0.0,1.0403875907262166,24240,24050
finetune_selection,1,11,0.1713508159639812,0.0475555065232886,132796.6953408921,0.6969865008168631,1.499590302471603,0.06301533088563376,1.3928280549478673,0.0,0.19641402747393366,0.5750027980123247,0.7856561094522476,0.8057578802108765,0.016668345220148283,0.7856561098957345,6.324123770958441e-08,0.0,1.0276153137286503,24264,24074
finetune_selection,1,12,0.17320895023525024,0.04731772899067215,134134.1807833972,0.7841627227275499,1.3540637116879224,0.06772410081938017,1.394341188349894,0.0,0.1971705941749471,0.5742077710373061,0.7886823688944181,0.8140224546194076,0.018944421557797405,0.788682376699788,4.87835634666034e-08,0.0,1.0454343234499295,24288,24098
finetune_selection,1,13,0.2026029567138931,0.04708114034571879,143145.95257455736,0.7415884615232547,1.360592709162405,0.08234112972887082,1.3950607346459512,0.0,0.19753036732297571,0.5638347427759851,0.7901214336355528,0.8222785085439681,0.016896927349941797,0.7901214692919026,6.26203559931741e-08,0.0,1.048145942389965,24312,24122
finetune_selection,1,14,0.16988324119014037,0.046845734643990194,133587.27758530987,0.8094419520791799,1.2991083283509528,0.06795206652066892,1.387850894193564,0.0,0.19392544709678208,0.5662527627178601,0.7757017562786738,0.8095478177070617,0.021135553192510433,0.7757017883871282,5.339582762979115e-08,0.0,1.045952486495177,24336,24146
finetune_selection,1,15,0.15066676426410242,0.046611505970770246,130855.05065940945,0.7867247327009128,1.5085316057716092,0.07094073132068807,1.3948581999256497,0.0,0.19742909996282487,0.5660116725734301,0.7897163778543472,0.819552531838417,0.01746930468648134,0.7897163998512995,4.931574772622701e-08,0.0,1.054016426205635,24360,24170
finetune_selection,1,16,0.14728884572896514,0.046378448440916396,131507.38256119087,0.800445969948279,1.4529659872608522,0.0769146424996829,1.3864585417988042,0.0,0.19322927089940226,0.5480133912393025,0.7729170496265093,0.8005089104175568,0.02204926274318427,0.7729170835976089,5.827418388578328e-08,0.0,1.0512333859999974,24384,24194
finetune_selection,1,17,0.2835877785380552,0.04614655619871181,159481.29794682545,0.8405713484666887,1.3793370501271316,0.07448287629558618,1.3933627224926435,0.0,0.19668136124632193,0.5596898687737328,0.7867254093289375,0.8245292484760284,0.019622770307263837,0.7867254449852875,4.594524699585989e-08,0.0,1.0537943715850513,24408,24218
finetune_selection,1,18,0.052309677917016545,0.04591582341771825,116171.83335234267,0.7429191242637377,1.1389646366238593,0.07241372453305843,1.3716657506302,0.0,0.18583287531509995,0.5542717703751154,0.7433314695954323,0.7892580896615982,0.03368649413151588,0.7433315012603998,6.395081679026286e-08,0.0,1.0667437513669331,24432,24242
finetune_selection,1,19,0.18603803484609108,0.04568624430062966,137449.2392589877,0.8800881469977044,1.537901637170996,0.07201721013635175,1.383432350343182,0.0,0.191716175171591,0.5484781169465609,0.7668646747867266,0.7946318477392197,0.019866124487866257,0.766864700686364,5.392801190791848e-08,0.0,1.0561216697096825,24456,24266
finetune_selection,1,20,0.2358511466978743,0.04545781307912651,144060.75926974625,0.6196286391599902,1.2790894896856373,0.058331082274624725,1.401654806475909,0.0,0.20082740323795448,0.5748515645308154,0.8033095970749855,0.8210667073726654,0.01368367429040402,0.8033096129518179,6.909526525008165e-08,0.0,1.0098900894323986,24480,24290
finetune_selection,1,21,0.08704341168990744,0.04523052401373088,121673.51632806368,0.8248669846382525,1.5430339371519426,0.07590420858088008,1.3762597500213554,0.0,0.18812987501067777,0.5633834600448608,0.7525194957852364,0.8015636950731277,0.03459985090248946,0.7525195000427111,6.368472456793246e-08,0.0,1.0683597028255463,24504,24314
finetune_selection,1,22,0.17901281155721782,0.04500437139366223,131843.64731873284,0.48180976180758855,0.9535367685769282,0.052094188165694465,1.4007415196725301,0.0,0.20037075983626504,0.5783092922398022,0.8014830201864243,0.8236460089683533,0.019062468390850337,0.8014830393450599,6.18220794187015e-08,0.0,0.9909016514817873,24528,24338
finetune_selection,1,23,0.11443822257768849,0.044779349536693915,121749.73552047029,0.3226331351879274,0.7065078472452503,0.053503964196084525,1.400623521412767,0.0,0.20031176070638357,0.5723965705505438,0.8012470280130705,0.8234248578548431,0.01413261849574576,0.8012470428255343,5.1976669412923115e-08,0.0,0.9719741766651472,24552,24362
finetune_selection,1,24,0.2353660089511849,0.04455545278901044,144648.09070697142,0.6799742014901269,1.3712142663874791,0.06108415052375782,1.4033334467205265,0.0,0.20166672336026314,0.5731728704912322,0.8066668684283892,0.8252064853906631,0.015872017835254517,0.8066668934410526,6.120119772079491e-08,0.0,1.0231970523794491,24576,24386
finetune_selection,1,25,0.3027671056272867,0.044332675525065396,163867.0080797347,0.8019201596755355,1.3843208079891542,0.07248494018949976,1.3957186925801495,0.0,0.19785934629007465,0.5513163145099367,0.7914373526970545,0.8226119071245194,0.02974418146334178,0.7914373851602985,6.262035591915922e-08,0.0,1.0393166542053223,24600,24410
finetune_selection,1,26,0.06008834718248807,0.044111012147440065,119287.65138871408,0.8791578248409287,1.4599408884665794,0.08466826082715044,1.3766718197702652,0.0,0.18833590988513263,0.5509910647358214,0.7533436094721159,0.8184359580278396,0.0480689091622759,0.7533436395405305,5.011402424518844e-08,0.0,1.0616081083814304,24624,24434
finetune_selection,1,27,0.14316764981132518,0.04389045708670286,126595.84103908528,0.360867999760168,0.9272349781755885,0.05576415420455936,1.4020087959333543,0.0,0.20100439796667724,0.577351911259549,0.8040175810456276,0.8352013736963272,0.019607324109371112,0.8040175918667088,5.552456494584135e-08,0.0,1.0065706794460614,24648,24458
finetune_selection,1,28,0.13700743423986345,0.04367100480126935,126660.27284556879,0.4469171954939763,1.0367245256102504,0.06123252404369276,1.405588685579243,0.0,0.20279434278962158,0.5746186279824801,0.8111773505806923,0.8351045429706574,0.01568035588573927,0.8111773711584863,6.900656790431725e-08,0.0,1.0129302218556404,24672,24482
finetune_selection,1,29,0.2482737544130228,0.04345264977726301,153913.90389071178,0.7612182745443924,1.2882216684520245,0.08501030293830353,1.3916931146578417,0.0,0.195846557328921,0.5354526713490486,0.7833861807982127,0.821897229552269,0.03161008008297736,0.7833862293156839,8.825390111303714e-08,0.0,1.0492817436655362,24696,24506
finetune_selection,1,30,0.30717415704677203,0.04323538652837669,170221.83276687894,0.9765378158716929,1.9291996736611632,0.0877976132881324,1.406421206714142,0.0,0.20321060335707097,0.552706852555275,0.8128424088160197,0.8511746704578399,0.02458239436891791,0.8128424134282839,6.208817158552075e-08,0.0,1.0536574373642604,24720,24530
finetune_selection,1,31,0.24306621604012876,0.043019209595734804,154967.52227125948,0.8374721617659643,1.5284992264317612,0.0930310685432277,1.4037920523080087,0.0,0.2018960261540044,0.5601794783558165,0.8075841044386228,0.8365257948637008,0.024929941826473432,0.8075841046160175,5.552456496434507e-08,0.0,1.0481282845139503,24744,24554
finetune_selection,1,32,0.331573455459983,0.04280411354775613,176688.69111309934,0.8411078207815686,1.453258202650717,0.08538280494910726,1.4051877553352998,0.0,0.20259387766764989,0.5480597556701727,0.8103754818439484,0.8448248893022537,0.020169305306908147,0.8103755106705995,6.785350190977961e-08,0.0,1.049328399201234,24768,24578
finetune_selection,1,33,0.27814905266490825,0.04259009298001735,161666.5275205634,0.8001411629264199,1.4691844647484165,0.08607809492789249,1.4035467269076476,0.0,0.2017733634538239,0.5359227487019129,0.8070934414863586,0.8455760270357132,0.02220693044603146,0.8070934538152956,5.756460489762342e-08,0.0,1.0484685078263283,24792,24602
finetune_selection,1,34,0.18523795709243374,0.04237714251511726,135688.0202541763,0.5875023468619301,1.4576402037271425,0.06481442110491636,1.4090568198201556,0.0,0.20452840991007784,0.5878340495484216,0.8181136151154836,0.846237736940384,0.019071502665742025,0.8181136396403114,5.698807183559159e-08,0.0,1.0252515872319539,24816,24626
finetune_selection,1,35,0.2750025541766135,0.04216525680254168,153671.42625789467,0.5089475873281204,1.2014691348586763,0.0618819853224789,1.4082639839588886,0.0,0.20413199197944434,0.5879959496004241,0.8165279279152552,0.8466212391853333,0.023105719816436943,0.8165279679177772,5.2774945894877114e-08,0.0,1.0237689937154453,24840,24650
finetune_selection,1,36,0.16590236426346572,0.041954430518528964,130108.69701119364,0.2935262957388269,0.8666258528828616,0.05459125562954229,1.4001960509811484,0.0,0.2000980254905742,0.5838856846094131,0.8003920937577883,0.8404610723257064,0.019884762334909486,0.8003921019622967,6.053596729449495e-08,0.0,1.0182585765918095,24864,24674
finetune_selection,1,37,0.02768121599810778,0.04174465836593633,113919.77159896385,0.6412211726863114,1.1992580348891868,0.07875669607773748,1.3863938921796422,0.0,0.19319694608982121,0.5290311548326696,0.7727877472837766,0.813386309146881,0.03061832624916559,0.7727877843592846,5.765330224338783e-08,0.0,1.0455343748132389,24888,24698
finetune_refit_all,,1,-0.03404516543855944,0.05,106919.21789136255,0.4282602047370303,0.8144219953034602,0.0822996757215681,1.4115546350367367,0.0,0.20577731751836836,0.5317955003785235,0.8231092368563017,0.846598145365715,0.017634034663204946,0.8231092700734735,5.548021623595171e-08,0.0,0.9724882791439692,24024,23873
finetune_refit_all,,2,0.15808781948878772,0.04975,127825.07357499727,0.42920598551808364,1.1135333290057519,0.04966087771675701,1.3904362536434618,0.0,0.19521812682173081,0.5859798852886473,0.7808725039164225,0.8079304963350296,0.019943578485708595,0.7808725072869231,5.2154064196970516e-08,0.0,1.0156774123509724,24048,23873
finetune_refit_all,,3,-0.053880614842039716,0.049501250000000004,104377.7095703917,0.437357400433116,0.7255119539265118,0.07985137806253552,1.4123956695465107,0.0,0.20619783477325526,0.5594755480332034,0.824791337052981,0.844336262345314,0.013737845091705668,0.824791339093021,6.16446847271727e-08,0.0,0.9677152906854948,24072,23882
finetune_refit_all,,4,0.18171909100169714,0.04925374375,132479.69190369744,0.5277794027213185,1.131232011956828,0.05287352973366708,1.400399855338037,0.0,0.2001999276690185,0.5885562226176262,0.8007997100551923,0.8214947283267975,0.014325465817926323,0.800799710676074,5.898376307748402e-08,0.0,1.029119888941447,24096,23906
finetune_refit_all,,5,-0.020609133924882887,0.04900747503125,104823.00913423122,0.5394782478521977,0.9924045915050164,0.05551675967555075,1.3711401442775415,0.0,0.18557007213877072,0.5701349909816469,0.7422802448272705,0.7826675772666931,0.023757103302058227,0.7422802885550829,6.891787048453797e-08,0.0,1.0227677424748738,24120,23930
finetune_refit_all,,6,0.2377814781896811,0.048762437656093754,145471.2832586619,0.7766439924903569,1.3355580462408916,0.06233135415416308,1.3875198481338362,0.0,0.19375992406691825,0.5789044382316726,0.7750396728515625,0.818518990278244,0.028582300828425614,0.775039696267673,4.896095823214708e-08,0.0,1.0455555692315102,24144,23954
finetune_refit_all,,7,0.11983556325567271,0.048518625467813284,121248.17832994793,0.38772979360960774,0.8708940851901255,0.0461748146005956,1.4015460561606146,0.0,0.2007730280803073,0.5755899037633623,0.8030920873085657,0.8172990351915359,0.01018244879504065,0.8030921123212291,6.031422394858765e-08,0.0,0.9947337806224823,24168,23978
finetune_refit_all,,8,-0.013957636719411302,0.048276032340474215,106549.79054233016,0.6412036908967864,1.0173244028219155,0.06285773197630416,1.3841461439040446,0.0,0.19207307195202228,0.5706629753112793,0.7682922606666883,0.8176888078451157,0.030336100224336734,0.768292287808089,6.297514548725403e-08,0.0,1.0288360218207042,24192,24002
finetune_refit_all,,9,0.180718456429085,0.04803465217877184,133081.03071256645,0.556747849099338,1.074635229951569,0.0565497089370118,1.4033187494746275,0.0,0.20165937473731385,0.5798303335905075,0.8066374634703001,0.8403792530298233,0.019473587278561296,0.8066374989492552,5.8362881342569985e-08,0.0,1.0268715073664982,24216,24026
finetune_refit_all,,10,0.16455698989629497,0.04779447891787798,130673.85537545146,0.6780043713792804,1.1976867506546633,0.058482490946477485,1.3892103533837057,0.0,0.19460517669185287,0.576419001179082,0.7784206867218018,0.8179172664880753,0.021281838976870835,0.7784207067674114,7.627975377270484e-08,0.0,1.0457965632279713,24240,24050
finetune_refit_all,,11,0.14019661346075538,0.0475555065232886,127152.53958411423,0.6660659455117726,1.1663205007357254,0.06112202039633197,1.3881171833989878,0.0,0.1940585916994938,0.5764162982148784,0.7762343436479568,0.8138108491897582,0.023953731250177513,0.7762343667979751,4.372781227853414e-08,0.0,1.0437392070889473,24264,24074
finetune_refit_all,,12,0.15707668964522206,0.04731772899067215,131514.81306309774,0.7043242672946127,1.1728870819721902,0.06879390829930847,1.393004649451801,0.0,0.19650232472590043,0.5460594424179621,0.7860092421372732,0.8176167726516723,0.02185358664956188,0.7860092989036014,7.521538508692416e-08,0.0,1.060911200940609,24288,24098
finetune_refit_all,,13,0.08506373604040039,0.04708114034571879,119524.89987022446,0.42952778026284194,0.678580166665571,0.065242091449624,1.4079119376394722,0.0,0.20395596881973602,0.5583515741995402,0.8158238430817922,0.8322633355855942,0.012979625758100053,0.815823875278944,5.791939439170335e-08,0.0,0.9979667514562607,24312,24122
finetune_refit_all,,14,0.09544065533524335,0.046845734643990194,120599.1189214645,0.6583392263744913,1.1508013104753834,0.06280490866511411,1.392393806372725,0.0,0.19619690318636243,0.5702701748481818,0.7847875778873762,0.8193747937679291,0.02199801932937158,0.7847876127454496,7.175618699228892e-08,0.0,1.0470775465170543,24336,24146
finetune_refit_all,,15,0.0606234615034991,0.046611505970770246,115649.31564529632,0.5244411282418739,0.9428451546600886,0.06224459523869088,1.3973716523143505,0.0,0.19868582615717537,0.5613414788884776,0.7947432771325111,0.8189063459634781,0.027730220995814764,0.7947433046287014,6.90065679598284e-08,0.0,1.013316775361697,24360,24170
finetune_refit_all,,16,0.19916423480781487,0.046378448440916396,140088.11678582226,0.702927741754268,1.3112672301275385,0.07249945296418618,1.4047041363748054,0.0,0.20235206818740284,0.5646908389670509,0.8094082449873289,0.8450010925531387,0.019819716003449735,0.8094082727496114,4.816268169468193e-08,0.0,1.0501152699192364,24384,24194
finetune_refit_all,,17,0.19378882310348192,0.04614655619871181,135432.79651065817,0.46134684673909626,0.9789789371192453,0.056531323418655445,1.4047435000538826,0.0,0.2023717500269413,0.5815354037497724,0.8094869703054428,0.824464988708496,0.011670678725689883,0.8094870001077651,6.066901336865271e-08,0.0,0.9926045835018158,24408,24218
finetune_refit_all,,18,0.17381806700744262,0.04591582341771825,136443.4886073071,0.7151858992431136,1.0947780279176575,0.07773147996861958,1.3995831055300576,0.0,0.19979155276502883,0.5429559254220553,0.7991661901275317,0.8316839128732681,0.019575771957543644,0.7991662110601153,5.534717018029767e-08,0.0,1.0593814825018246,24432,24242
finetune_refit_all,,19,0.10040463496913866,0.04568624430062966,120657.38848659591,0.6225229837443857,1.0583398367677415,0.05900196378648581,1.384720557058851,0.0,0.19236027852942547,0.5635743141174316,0.7694410954912504,0.8045039415359497,0.024300367419191407,0.7694411141177019,5.729851260127816e-08,0.0,1.0111478492617607,24456,24266
finetune_refit_all,,20,0.10261276034738197,0.04545781307912651,119913.55516395404,0.5767749641977605,0.9362649768058741,0.05287763516469043,1.3961985654951559,0.0,0.19809928274757813,0.5855248070188931,0.7923971141378084,0.818008902668953,0.024210085604647685,0.7923971309903122,5.268624847509784e-08,0.0,0.9965594708919525,24480,24290
finetune_refit_all,,21,0.21270838437008172,0.04523052401373088,143424.97858225484,0.7515219364847455,1.2376758920028805,0.07505249572166704,1.3984829786544044,0.0,0.19924148932720223,0.5604578810078757,0.796965924402078,0.8312504559755325,0.02180238841140824,0.7969659573088089,6.022552647329722e-08,0.0,1.055292362968127,24504,24314
finetune_refit_all,,22,0.11115660273348399,0.04500437139366223,123418.21263806286,0.6319968133632626,1.0280443500195229,0.06549184272490481,1.3776592048151153,0.0,0.18882960240755764,0.5550333298742771,0.7553183734416962,0.8022758156061172,0.027979829767347152,0.7553184096302304,6.953875221945201e-08,0.0,1.0394960741202037,24528,24338
finetune_refit_all,,23,0.19993304537155385,0.044779349536693915,136248.79957612127,0.511061331124178,1.0673142088843242,0.0550962783811297,1.4049900026903266,0.0,0.20249500134516332,0.586288224373545,0.8099800124764442,0.8270984768867493,0.0110618523384593,0.8099800053806532,5.960464479389434e-08,0.0,1.041978081067403,24552,24362
finetune_refit_all,,24,-0.010080158798847098,0.04455545278901044,106426.88172190226,0.6241936049468461,1.1871007930487392,0.05872327138897521,1.3914048528919618,0.0,0.19570242644598088,0.5783979818224907,0.7828096772233645,0.8176662981510162,0.0266895243106112,0.7828097057839235,5.1976669394419396e-08,0.0,1.0159361039598782,24576,24386
finetune_refit_all,,25,0.10435538124701228,0.044332675525065396,121084.20648929176,0.4300992746970483,0.8352593362331391,0.058144232865311084,1.4045525300538255,0.0,0.20227626502691284,0.5788520563926016,0.8091050460934639,0.8312349081039428,0.01429656068730792,0.809105060107651,5.942724997283951e-08,0.0,1.0320324103037517,24600,24410
finetune_refit_all,,26,0.25677049468968677,0.044111012147440065,156221.596131333,0.5793493779908333,1.0117331331329686,0.08592761825930058,1.3924084609995286,0.0,0.1962042304997643,0.5136282497218676,0.7848168835043907,0.8178247749805451,0.02064720942217868,0.7848169219990572,6.758740965044178e-08,0.0,1.046784761051337,24624,24434
finetune_refit_all,,27,-0.1376055475635863,0.04389045708670286,95360.22923623014,0.6380722111623203,1.0132042860878365,0.07412529192383008,1.3907446887876305,0.0,0.19537234439381534,0.5664811756994044,0.7814893573522568,0.8181926399469376,0.03440784253011385,0.7814893775752613,6.102380299225867e-08,0.0,1.0324354792634647,24648,24458
finetune_refit_all,,28,0.3297727007351403,0.04367100480126935,174644.20783452305,0.7045603239509676,1.1676837074969495,0.08136215891253368,1.4033251053964098,0.0,0.2016625526982049,0.5611865541764668,0.8066502064466476,0.8553930401802063,0.028003099794783243,0.8066502107928196,5.330713026552303e-08,0.0,1.0470587809880574,24672,24482
finetune_refit_all,,29,0.21569643575002634,0.04345264977726301,142196.19970710354,0.6679613678937866,1.1017436271267276,0.06754157446320412,1.4003522279007095,0.0,0.2001761139503547,0.5869097688368388,0.8007044196128845,0.8271609455347061,0.019502707571180285,0.8007044558014188,5.5347170143290235e-08,0.0,1.0406077230970066,24696,24506
finetune_refit_all,,30,0.2537590702936726,0.04323538652837669,156534.19323077623,0.7266059210967449,1.4443952162350924,0.08950239316391367,1.3986421765848285,0.0,0.19932108829241424,0.5291029113743986,0.7972843448321024,0.8437236934900283,0.02379180608609539,0.7972843531696568,5.800809179297891e-08,0.0,1.0478423138459523,24720,24530
finetune_refit_all,,31,0.22974040166756132,0.043019209595734804,150844.9262640167,0.7106759943334119,1.4090824250664027,0.08943927115294385,1.400286049449018,0.0,0.20014302472450907,0.5365649307412761,0.80057209978501,0.8491988360881805,0.023975393449339123,0.8005720988980359,4.949314252877812e-08,0.0,1.0518739546338718,24744,24554
finetune_refit_all,,32,0.12396534858676583,0.04280411354775613,128018.53706234999,0.4382864059880376,0.9880098471684111,0.07908148023341281,1.390047603863336,0.0,0.1950238019316679,0.5555635105286325,0.7800952022274336,0.8065392434597015,0.020086968181958154,0.7800952077266716,5.9427250065358095e-08,0.0,1.0216821109255154,24768,24578
finetune_refit_all,,33,0.10606900019775115,0.04259009298001735,126775.55410990308,0.5511121462054905,1.2833782928330555,0.08761282836644159,1.3942120688124782,0.0,0.1971060344062391,0.533529526421002,0.7884241143862406,0.8144484519958496,0.01799313952700393,0.7884241376249562,4.84287738985086e-08,0.0,1.0212717701991398,24792,24602
finetune_refit_all,,34,0.08106903380231537,0.04237714251511726,121139.76383672345,0.4621354956623344,0.9157032856983794,0.07786515804103127,1.3936127983477145,0.0,0.1968063991738572,0.5581270435026713,0.7872255692879359,0.8154211550951004,0.018517440627157586,0.7872255966954288,4.9581839985564834e-08,0.0,1.0104372799396515,24816,24626
finetune_refit_all,,35,0.13461743339706034,0.04216525680254168,128354.6867607803,0.7149870481253379,1.2124502211276973,0.07190951718812201,1.40105313940772,0.0,0.20052656970385999,0.584154294005462,0.8021062389016151,0.8208091109991074,0.015861680443360036,0.8021062788154397,4.807398427490265e-08,0.0,1.0180308297276497,24840,24650
finetune_refit_all,,36,0.2063674289572146,0.041954430518528964,145953.29803102821,0.7378459268116524,1.4569031039518967,0.09040158382930608,1.4000333436720427,0.0,0.20001667183602143,0.5421789150152887,0.8000666697820028,0.8319079726934433,0.02023282971189977,0.8000666873440855,5.162187980782088e-08,0.0,1.0426556418339412,24864,24674
finetune_refit_all,,37,-0.10025925646247481,0.04174465836593633,99278.30503297951,0.5893808425004993,0.969902393115418,0.0774915365058362,1.3990145824140026,0.0,0.19950729120700136,0.5707265106695039,0.7980291396379471,0.823361599445343,0.022602638677798763,0.7980291648280052,5.0025326825409167e-08,0.0,1.0242688183983166,24888,24698
finetune_refit_all,,38,-0.08031180567795569,0.04153593507410664,100255.54140559457,0.6474635409013856,1.0781728602945801,0.06905058853132018,1.4024554036912464,0.0,0.20122770184562322,0.5752709582448006,0.8049107814828554,0.8351948857307434,0.02456972708810275,0.8049108073824925,5.676632834165455e-08,0.0,1.002876338859399,24912,24722
finetune_refit_all,,39,0.11164356247329715,0.04132825539873611,127386.07981531479,0.4673468818710673,1.0703840068408421,0.08611775631418343,1.3985259515188988,0.0,0.19926297575944948,0.5669273781989301,0.7970519115527471,0.8180760025978089,0.01732447161418291,0.7970519030377977,6.191077689399194e-08,0.0,1.0097561006744702,24936,24746
finetune_refit_all,,40,0.007232706996658362,0.04112161412174242,109997.25974148398,0.5225510543567083,1.0044904742389915,0.06971144715304974,1.4006720830109858,0.0,0.2003360415054929,0.5645903364888258,0.8013441463311514,0.8286026924848556,0.019047191972440855,0.8013441660219712,4.062340375199369e-08,0.0,0.999965046842893,24960,24770
finetune_refit_all,,41,0.02945692852231952,0.04091600605113371,113381.29285983226,0.45955842434029487,0.7924596029732908,0.07380279973159348,1.3993446153278153,0.0,0.19967230766390762,0.5662674243961061,0.7986892138918241,0.8151192486286163,0.015321480130222154,0.7986892306556305,5.614544662524423e-08,0.0,0.9993408570686976,24984,24794
finetune_refit_all,,42,0.017888449004724957,0.040711426020878044,110190.74888978664,0.5856647238445779,1.0788435538432424,0.0621619583940794,1.4025378855211394,0.0,0.20126894276056972,0.5853608846664429,0.8050757423043251,0.8287653237581253,0.018244607685892852,0.8050757710422788,7.202227912210073e-08,0.0,0.9922353153427442,25008,24818
finetune_refit_all,,43,-0.009381693222992905,0.04050786889077365,107481.58883221011,0.5823288333291808,1.186983875823872,0.06582482496147517,1.4014742810811314,0.0,0.2007371405405658,0.5854623871190208,0.8029485444227854,0.8217817187309265,0.015837019934864718,0.8029485621622632,6.173338209144082e-08,0.0,1.0139366487661998,25032,24842
finetune_refit_all,,44,0.30488048108716365,0.04030532954631979,167447.27186063776,0.6259521561719122,1.1106584439320222,0.081597164273695,1.3955519414462503,0.0,0.19777597072312522,0.5528805649706295,0.7911038671930631,0.8204139649868012,0.0238943988502068,0.7911038828925007,5.579065711266059e-08,0.0,1.02805428703626,25056,24866
finetune_refit_all,,45,0.23764817671154198,0.04010380289858819,145863.98693906903,0.6859915252065375,1.2834662447018281,0.0639847014911311,1.3962730723211454,0.0,0.1981365361605727,0.5880659318396023,0.7925461058815321,0.8208948314189911,0.015830765483635118,0.7925461446422907,7.49492929016012e-08,0.0,1.0155201628804207,25080,24890
finetune_refit_all,,46,0.10556899347263377,0.039903283884095246,121048.24102367832,0.30732489040210137,0.760203683589186,0.056928405755453236,1.3891932855227165,0.0,0.1945966427613582,0.5826139519257205,0.7783865580956141,0.8072553992271423,0.016792325614877254,0.7783865710454329,5.9427250046854376e-08,0.0,0.9804835096001625,25104,24914
finetune_refit_all,,47,0.05835041567500522,0.03970376746467477,114973.94027419071,0.508658390758293,0.9208066194185188,0.0599060610871735,1.399305775096374,0.0,0.19965288754818697,0.5663699555609907,0.7986115316549937,0.818294295668602,0.01275786115415592,0.7986115501927479,6.288644814148962e-08,0.0,0.9825121437509855,25128,24938
finetune_refit_all,,48,0.2509342692623205,0.03950524862735139,152494.39278561168,0.5966983662386026,1.1788347023938384,0.07775326196942092,1.3967136775719977,0.0,0.19835683878599888,0.5555704842720712,0.7934272959828377,0.8195633172988892,0.021862904775679818,0.7934273551439954,7.193358172082516e-08,0.0,1.0184137647350628,25152,24962
finetune_refit_all,,49,0.06332883935503103,0.03930772238421464,114789.85187173412,0.5740163495453695,1.0108509611870558,0.05459501036267906,1.4010540508620792,0.0,0.20052702543103984,0.5831024018781525,0.8021080965797106,0.8273994654417038,0.019047459709942257,0.802108101724159,6.794219921853657e-08,0.0,0.9735854342579842,25176,24986
finetune_refit_all,,50,0.12924574127773247,0.03911118377229356,123761.12284682345,0.5912944647217435,1.0431049528398677,0.052288396418400274,1.4038885473495437,0.0,0.20194427367477194,0.5840215097580637,0.8077770918607712,0.8246405333280563,0.013358490942343787,0.8077770946990875,4.4171299340423076e-08,0.0,0.9736973196268082,25200,25010
finetune_refit_all,,51,0.07281750342098607,0.0389156278534321,116865.30513044179,0.48211009321468223,0.970731407191072,0.059580452933864984,1.4006850252903644,0.0,0.20034251264518219,0.5722584181598254,0.8013700197140375,0.8251994669437408,0.01706133557392614,0.8013700505807285,6.084640818970755e-08,0.0,0.9811624437570572,25224,25034
finetune_refit_all,,52,0.3090815711281117,0.038721049714164936,166230.83872558523,0.8655038873354594,1.4932107893750068,0.07445444557801181,1.3965861888691073,0.0,0.19829309443455367,0.5650499521621636,0.7931723569830259,0.8250298917293548,0.022829199753367328,0.7931723777382147,5.250885376506531e-08,0.0,1.0327960004409154,25248,25058
finetune_refit_all,,53,0.13736755450742527,0.03852744446559411,125875.52604607122,0.4595324301959149,0.8277641121830257,0.05683069835225415,1.400142461194524,0.0,0.20007123059726187,0.5718629344233445,0.8002849022547404,0.8209044188261032,0.01372519933317472,0.8002849223890475,6.536997497012346e-08,0.0,0.9685901875297228,25272,25082
finetune_refit_all,,54,0.2788740778572165,0.03833480724326614,158894.19447231397,0.9410613614267538,1.5900571912793173,0.07648025656533718,1.3945090673597793,0.0,0.1972545336798898,0.5672475030379636,0.7890181317925453,0.8196283996105194,0.023247849943259926,0.7890181347195591,6.306384287002587e-08,0.0,1.0351761355996132,25296,25106
finetune_refit_all,,55,0.10069255085323081,0.03814313320704981,119929.50618913276,0.5341256565103928,1.1142632699970683,0.05457023975953721,1.4033524836635305,0.0,0.20167624183176533,0.5674590984625476,0.8067049284776052,0.8212392777204514,0.012237791492323494,0.8067049673270611,5.250885374656159e-08,0.0,0.9721084982156754,25320,25130
finetune_refit_all,,56,0.29886245367086695,0.03795241754101456,163887.20896749388,0.6734426785260439,1.4745958580502436,0.07580150023155745,1.396479373221241,0.0,0.19823968661062066,0.5501619609338897,0.7929587389032046,0.8247025072574615,0.026404358329643805,0.7929587464424825,5.153318238804161e-08,0.0,1.0200765505433083,25344,25154
finetune_refit_all,,57,0.18448402033135902,0.037762655453309486,134813.5003896236,0.46493187460250085,1.1058378992336135,0.06145875483580193,1.399978500901766,0.0,0.19998925045088292,0.5755845819200789,0.7999569624662399,0.8293551653623581,0.02578981953484303,0.7999570018035316,6.11568490479127e-08,0.0,0.9752882371346155,25368,25178
finetune_refit_all,,58,0.1958764136465817,0.03757384217604294,135232.79384704868,0.48236746990698437,1.0359750538798311,0.053881649389784764,1.393316519446671,0.0,0.1966582597233355,0.585295564361981,0.7866330047448477,0.8118123918771744,0.02005492573521952,0.7866330388933419,5.06462085603232e-08,0.0,0.9615794991453489,25392,25202
finetune_refit_all,,59,0.16804695910083267,0.037385972965162724,130356.35798775694,0.44529073159875615,1.0210082175742299,0.05402094534614422,1.3954128168434614,0.0,0.19770640842173073,0.5853226126304694,0.7908255929748217,0.8128144234418869,0.016542267925624438,0.7908256336869228,7.015963393586233e-08,0.0,0.9580481623609861,25416,25226
finetune_refit_all,,60,0.07514978224188469,0.037199043100336913,116216.23183455417,0.5685275526096424,1.0753560971468688,0.05365434759769824,1.4002468585968018,0.0,0.2001234292984009,0.5801836252212524,0.8004936948418617,0.8228520929813385,0.016811568097262877,0.8004937171936035,6.173338203592967e-08,0.0,0.9675163055459658,25440,25250
finetune_refit_all,,61,0.23187593906317758,0.037013047884835226,144759.90837170495,0.5628150086849929,1.3514992700091426,0.06443755045408371,1.398647176767034,0.0,0.19932358838351713,0.575623767716544,0.7972943335771561,0.8235258936882018,0.022576730546725217,0.7972943535340683,5.06462085603232e-08,0.0,0.9804481516281763,25464,25274
