Parallel sweep worker 2/2: 5 of 10 seeds assigned.
Sweep vine observation mode: zero

[1/5] Training seed 20260842
Loading configuration from: config/config.yaml 
Run mode: full | seed: 20260842 | CVaR simulations/step: 512 | vine simulation cores: 44
Loading synthetic return bundle: data/synthetic_returns.RData
Loaded 1000 pre-training and 61 fine-tuning episodes.
Fine-tuning selection: 37 fit episodes, 23 purged overlapping episodes, 1 validation episode; final refit uses all 61.
Run seed: 20260842
Run mode: full
PyTorch: 2.10.0+cu128
Device: cuda
Action schema: interior_rank_partition_leverage_gate_v5; projection temperature=1.5
GPU: NVIDIA A100-SXM4-80GB
PYTHON: Framework ready.
Action schema: interior_rank_partition_leverage_gate_v5 | gross=1.500 | net=1.000 | max_long=0.600 | max_short=0.200
Risk/training: entropy_coef=0.005 | leverage_target=0.800 | leverage_penalty=0.25 | direction_bound=5.000 | AMP=False

============================================================
Stage 1: Pre-training on Synthetic Data

============================================================
============================================================
STAGE 1: PRE-TRAINING
============================================================
============================================================
TRAIN STAGE STARTED: stage=pretrain, episodes=1000, batch_size=128, updates_per_step=1
============================================================
Episode 1  Reward:   0.019337  Wealth:    114167.07  Turnover: 1.0767  Gross: 1.2689  Gate: 0.5378
Episode 2  Reward:  -0.121888  Wealth:     97565.39  Turnover: 1.0723  Gross: 1.2448  Gate: 0.4896
Episode 3  Reward:   0.086870  Wealth:    122344.02  Turnover: 1.1638  Gross: 1.2439  Gate: 0.4877
Episode 4  Reward:  -0.305660  Wealth:     82906.39  Turnover: 1.1513  Gross: 1.2267  Gate: 0.4534
Episode 5  Reward:  -0.337791  Wealth:     80823.59  Turnover: 0.9547  Gross: 1.2403  Gate: 0.4806
Episode 6  Reward:  -0.082602  Wealth:    101956.51  Turnover: 1.1119  Gross: 1.2801  Gate: 0.5602
Episode 7  Reward:   0.125270  Wealth:    128049.46  Turnover: 0.9995  Gross: 1.2315  Gate: 0.4631
Episode 8  Reward:   0.032386  Wealth:    115698.07  Turnover: 1.0889  Gross: 1.2495  Gate: 0.4990
Episode 9  Reward:   0.189473  Wealth:    141159.37  Turnover: 1.0375  Gross: 1.2421  Gate: 0.4841
Episode 10  Reward:   0.183909  Wealth:    140714.14  Turnover: 1.0919  Gross: 1.2503  Gate: 0.5006
Episode     10  AvgReward:  -0.021070  Noise: 0.1473
Episode 11  Reward:   0.251929  Wealth:    153521.63  Turnover: 1.0586  Gross: 1.2490  Gate: 0.4980
Episode 12  Reward:   0.104050  Wealth:    126560.60  Turnover: 1.0591  Gross: 1.2621  Gate: 0.5242
Episode 13  Reward:  -0.256553  Wealth:     86229.08  Turnover: 1.1042  Gross: 1.2598  Gate: 0.5197
Episode 14  Reward:  -0.002890  Wealth:    110970.94  Turnover: 1.1662  Gross: 1.2674  Gate: 0.5347
Episode 15  Reward:  -0.018046  Wealth:    109204.91  Turnover: 1.0834  Gross: 1.2350  Gate: 0.4701
Episode 16  Reward:   0.068206  Wealth:    120561.33  Turnover: 1.0155  Gross: 1.2529  Gate: 0.5059
Episode 17  Reward:  -0.152643  Wealth:     94935.43  Turnover: 1.1604  Gross: 1.2367  Gate: 0.4733
Episode 18  Reward:  -0.060015  Wealth:    103918.71  Turnover: 1.0028  Gross: 1.2313  Gate: 0.4627
Episode 19  Reward:   0.142109  Wealth:    131876.31  Turnover: 0.9892  Gross: 1.2692  Gate: 0.5383
Episode 20  Reward:  -0.085577  Wealth:    101541.36  Turnover: 1.0705  Gross: 1.2481  Gate: 0.4963
Episode     20  AvgReward:  -0.000943  Noise: 0.1444
Episode 21  Reward:  -0.079694  Wealth:    101892.59  Turnover: 1.0160  Gross: 1.2625  Gate: 0.5249
Episode 22  Reward:  -0.351277  Wealth:     80013.95  Turnover: 1.0452  Gross: 1.2917  Gate: 0.5833
Episode 23  Reward:   0.039296  Wealth:    115915.78  Turnover: 1.0066  Gross: 1.2589  Gate: 0.5178
Episode 24  Reward:   0.051283  Wealth:    118777.23  Turnover: 1.1332  Gross: 1.2650  Gate: 0.5301
Episode 25  Reward:   0.223831  Wealth:    147007.20  Turnover: 1.1172  Gross: 1.2689  Gate: 0.5378
Episode 26  Reward:  -0.201426  Wealth:     90887.10  Turnover: 1.0582  Gross: 1.2637  Gate: 0.5274
Episode 27  Reward:   0.086012  Wealth:    124440.86  Turnover: 1.0765  Gross: 1.2731  Gate: 0.5462
Episode 28  Reward:  -0.083343  Wealth:    101951.56  Turnover: 1.0944  Gross: 1.2515  Gate: 0.5030
Episode 29  Reward:  -0.237862  Wealth:     87662.66  Turnover: 1.1109  Gross: 1.2746  Gate: 0.5491
Episode 30  Reward:  -0.067373  Wealth:    103303.61  Turnover: 1.0287  Gross: 1.2295  Gate: 0.4591
Episode     30  AvgReward:  -0.062055  Noise: 0.1415
Episode 31  Reward:   0.286951  Wealth:    163946.34  Turnover: 0.9912  Gross: 1.2519  Gate: 0.5038
Episode 32  Reward:  -0.047760  Wealth:    104430.81  Turnover: 0.9435  Gross: 1.2195  Gate: 0.4389
Episode 33  Reward:  -0.021427  Wealth:    108907.04  Turnover: 1.1327  Gross: 1.2074  Gate: 0.4147
Episode 34  Reward:   0.037003  Wealth:    116990.74  Turnover: 1.0107  Gross: 1.2415  Gate: 0.4829
Episode 35  Reward:   0.023996  Wealth:    113769.10  Turnover: 1.1676  Gross: 1.2515  Gate: 0.5030
Episode 36  Reward:  -0.141561  Wealth:     95559.47  Turnover: 1.0403  Gross: 1.2543  Gate: 0.5086
Episode 37  Reward:  -0.187458  Wealth:     92065.29  Turnover: 1.0453  Gross: 1.2712  Gate: 0.5424
Episode 38  Reward:  -0.100199  Wealth:    100136.34  Turnover: 1.0683  Gross: 1.2745  Gate: 0.5491
Episode 39  Reward:  -0.069730  Wealth:    103316.47  Turnover: 1.0292  Gross: 1.2135  Gate: 0.4269
Episode 40  Reward:  -0.152136  Wealth:     95318.19  Turnover: 1.0902  Gross: 1.2793  Gate: 0.5586
Episode     40  AvgReward:  -0.037232  Noise: 0.1387
Episode 41  Reward:   0.023864  Wealth:    114863.74  Turnover: 1.0775  Gross: 1.2627  Gate: 0.5253
Episode 42  Reward:   0.244959  Wealth:    150730.36  Turnover: 0.6910  Gross: 1.2133  Gate: 0.4265
Episode 43  Reward:   0.019106  Wealth:    111902.52  Turnover: 0.2422  Gross: 1.0768  Gate: 0.1537
Episode 44  Reward:   0.042201  Wealth:    114083.15  Turnover: 0.2817  Gross: 1.0808  Gate: 0.1616
Episode 45  Reward:  -0.047409  Wealth:    103532.96  Turnover: 0.3092  Gross: 1.0810  Gate: 0.1619
Episode 46  Reward:  -0.059846  Wealth:    102079.79  Turnover: 0.2319  Gross: 1.0811  Gate: 0.1622
Episode 47  Reward:  -0.127194  Wealth:     95307.51  Turnover: 0.2136  Gross: 1.0849  Gate: 0.1698
Episode 48  Reward:  -0.028845  Wealth:    105273.98  Turnover: 0.2958  Gross: 1.0932  Gate: 0.1863
Episode 49  Reward:   0.256068  Wealth:    150124.10  Turnover: 0.2689  Gross: 1.0908  Gate: 0.1816
Episode 50  Reward:   0.193105  Wealth:    136903.82  Turnover: 0.2218  Gross: 1.0911  Gate: 0.1822
Episode     50  AvgReward:   0.051601  Noise: 0.1360
Episode 51  Reward:   0.124306  Wealth:    125422.35  Turnover: 0.2668  Gross: 1.0946  Gate: 0.1892
Episode 52  Reward:   0.030327  Wealth:    111919.98  Turnover: 0.2060  Gross: 1.0940  Gate: 0.1881
Episode 53  Reward:  -0.144317  Wealth:     93958.25  Turnover: 0.2298  Gross: 1.0984  Gate: 0.1969
Episode 54  Reward:  -0.354883  Wealth:     78289.86  Turnover: 0.2145  Gross: 1.0999  Gate: 0.1998
Episode 55  Reward:   0.163058  Wealth:    131336.97  Turnover: 0.2725  Gross: 1.0980  Gate: 0.1960
Episode 56  Reward:   0.095906  Wealth:    120510.11  Turnover: 0.2748  Gross: 1.1019  Gate: 0.2039
Episode 57  Reward:  -0.038351  Wealth:    103862.88  Turnover: 0.2527  Gross: 1.1048  Gate: 0.2097
Episode 58  Reward:   0.313064  Wealth:    163844.31  Turnover: 0.2648  Gross: 1.1114  Gate: 0.2228
Episode 59  Reward:   0.021976  Wealth:    110766.00  Turnover: 0.2609  Gross: 1.1095  Gate: 0.2190
Episode 60  Reward:   0.059840  Wealth:    115800.89  Turnover: 0.2563  Gross: 1.1123  Gate: 0.2247
Episode     60  AvgReward:   0.027093  Noise: 0.1333
Episode 61  Reward:   0.034765  Wealth:    112449.69  Turnover: 0.3018  Gross: 1.1170  Gate: 0.2341
Episode 62  Reward:   0.063281  Wealth:    115924.19  Turnover: 0.2294  Gross: 1.1214  Gate: 0.2427
Episode 63  Reward:   0.007770  Wealth:    109104.38  Turnover: 0.2263  Gross: 1.1247  Gate: 0.2494
Episode 64  Reward:   0.142227  Wealth:    127781.94  Turnover: 0.2446  Gross: 1.1264  Gate: 0.2528
Episode 65  Reward:   0.062749  Wealth:    115850.06  Turnover: 0.1563  Gross: 1.1260  Gate: 0.2520
Episode 66  Reward:   0.273875  Wealth:    153843.10  Turnover: 0.2896  Gross: 1.1369  Gate: 0.2737
Episode 67  Reward:  -0.218502  Wealth:     87316.76  Turnover: 0.2593  Gross: 1.1450  Gate: 0.2899
Episode 68  Reward:   0.256092  Wealth:    149308.06  Turnover: 0.2399  Gross: 1.1504  Gate: 0.3009
Episode 69  Reward:   0.206424  Wealth:    138701.82  Turnover: 0.2625  Gross: 1.1534  Gate: 0.3067
Episode 70  Reward:  -0.054980  Wealth:    101788.54  Turnover: 0.2355  Gross: 1.1551  Gate: 0.3101
Episode     70  AvgReward:   0.077370  Noise: 0.1306
Episode 71  Reward:   0.145930  Wealth:    128344.66  Turnover: 0.2706  Gross: 1.1632  Gate: 0.3264
Episode 72  Reward:   0.153365  Wealth:    129376.25  Turnover: 0.2621  Gross: 1.1718  Gate: 0.3436
Episode 73  Reward:   0.240313  Wealth:    145665.48  Turnover: 0.2321  Gross: 1.1805  Gate: 0.3611
Episode 74  Reward:   0.109743  Wealth:    122546.14  Turnover: 0.2178  Gross: 1.1882  Gate: 0.3764
Episode 75  Reward:   0.109113  Wealth:    122207.24  Turnover: 0.2352  Gross: 1.1926  Gate: 0.3852
Episode 76  Reward:  -0.052523  Wealth:    101946.77  Turnover: 0.2171  Gross: 1.2014  Gate: 0.4029
Episode 77  Reward:   0.031225  Wealth:    111737.99  Turnover: 0.2436  Gross: 1.2099  Gate: 0.4199
Episode 78  Reward:   0.071961  Wealth:    117084.03  Turnover: 0.2066  Gross: 1.2205  Gate: 0.4410
Episode 79  Reward:   0.193257  Wealth:    136560.38  Turnover: 0.2634  Gross: 1.2290  Gate: 0.4580
Episode 80  Reward:  -0.116579  Wealth:     95819.99  Turnover: 0.2175  Gross: 1.2356  Gate: 0.4711
Episode     80  AvgReward:   0.088581  Noise: 0.1281
Episode 81  Reward:   0.185506  Wealth:    135107.88  Turnover: 0.2657  Gross: 1.2394  Gate: 0.4787
Episode 82  Reward:   0.123401  Wealth:    124885.74  Turnover: 0.2575  Gross: 1.2451  Gate: 0.4903
Episode 83  Reward:   0.172750  Wealth:    132993.24  Turnover: 0.3317  Gross: 1.2534  Gate: 0.5068
Episode 84  Reward:   0.151786  Wealth:    129832.20  Turnover: 0.2602  Gross: 1.2582  Gate: 0.5164
Episode 85  Reward:   0.096433  Wealth:    121004.97  Turnover: 0.2298  Gross: 1.2655  Gate: 0.5310
Episode 86  Reward:   0.045027  Wealth:    113831.44  Turnover: 0.2776  Gross: 1.2754  Gate: 0.5508
Episode 87  Reward:   0.199063  Wealth:    138277.90  Turnover: 0.2733  Gross: 1.2815  Gate: 0.5629
Episode 88  Reward:   0.061519  Wealth:    116211.24  Turnover: 0.2431  Gross: 1.2854  Gate: 0.5709
Episode 89  Reward:   0.187021  Wealth:    136091.40  Turnover: 0.2817  Gross: 1.2923  Gate: 0.5845
Episode 90  Reward:   0.020097  Wealth:    110980.21  Turnover: 0.3203  Gross: 1.2936  Gate: 0.5872
Episode     90  AvgReward:   0.124260  Noise: 0.1255
Episode 91  Reward:   0.039786  Wealth:    113468.65  Turnover: 0.2958  Gross: 1.3077  Gate: 0.6154
Episode 92  Reward:   0.148232  Wealth:    129564.41  Turnover: 0.2750  Gross: 1.3154  Gate: 0.6307
Episode 93  Reward:   0.139401  Wealth:    128184.60  Turnover: 0.2963  Gross: 1.3220  Gate: 0.6439
Episode 94  Reward:   0.014151  Wealth:    110319.06  Turnover: 0.2063  Gross: 1.3268  Gate: 0.6535
Episode 95  Reward:   0.238346  Wealth:    146937.97  Turnover: 0.3110  Gross: 1.3338  Gate: 0.6676
Episode 96  Reward:   0.157166  Wealth:    131586.24  Turnover: 0.2454  Gross: 1.3339  Gate: 0.6677
Episode 97  Reward:   0.155563  Wealth:    130999.59  Turnover: 0.2495  Gross: 1.3372  Gate: 0.6745
Episode 98  Reward:   0.143744  Wealth:    129482.60  Turnover: 0.1728  Gross: 1.3433  Gate: 0.6866
Episode 99  Reward:   0.141597  Wealth:    129002.54  Turnover: 0.2745  Gross: 1.3476  Gate: 0.6952
Episode 100  Reward:   0.292031  Wealth:    160465.77  Turnover: 0.2413  Gross: 1.3519  Gate: 0.7039
Episode    100  AvgReward:   0.147002  Noise: 0.1230
Episode 101  Reward:  -0.069732  Wealth:    101494.69  Turnover: 0.2870  Gross: 1.3574  Gate: 0.7147
Episode 102  Reward:  -0.001399  Wealth:    108886.97  Turnover: 0.2818  Gross: 1.3667  Gate: 0.7333
Episode 103  Reward:   0.161062  Wealth:    132580.48  Turnover: 0.3184  Gross: 1.3701  Gate: 0.7403
Episode 104  Reward:   0.094867  Wealth:    121936.15  Turnover: 0.2998  Gross: 1.3725  Gate: 0.7450
Episode 105  Reward:   0.234782  Wealth:    147097.67  Turnover: 0.2914  Gross: 1.3773  Gate: 0.7545
Episode 106  Reward:   0.123097  Wealth:    126153.25  Turnover: 0.2976  Gross: 1.3789  Gate: 0.7578
Episode 107  Reward:   0.164874  Wealth:    133225.38  Turnover: 0.2863  Gross: 1.3852  Gate: 0.7705
Episode 108  Reward:  -0.065641  Wealth:    102106.29  Turnover: 0.2891  Gross: 1.3939  Gate: 0.7879
Episode 109  Reward:   0.076407  Wealth:    119200.67  Turnover: 0.3418  Gross: 1.3895  Gate: 0.7790
Episode 110  Reward:   0.062590  Wealth:    117766.83  Turnover: 0.2613  Gross: 1.3971  Gate: 0.7942
Episode    110  AvgReward:   0.078091  Noise: 0.1206
Episode 111  Reward:   0.125567  Wealth:    126495.89  Turnover: 0.2014  Gross: 1.3981  Gate: 0.7963
Episode 112  Reward:   0.213968  Wealth:    143370.34  Turnover: 0.3035  Gross: 1.4004  Gate: 0.8007
Episode 113  Reward:  -0.182845  Wealth:     91344.62  Turnover: 0.2909  Gross: 1.4009  Gate: 0.8018
Episode 114  Reward:   0.176058  Wealth:    135881.79  Turnover: 0.3240  Gross: 1.4035  Gate: 0.8070
Episode 115  Reward:   0.167389  Wealth:    134087.40  Turnover: 0.2407  Gross: 1.4002  Gate: 0.8005
Episode 116  Reward:   0.162550  Wealth:    133193.88  Turnover: 0.3010  Gross: 1.3984  Gate: 0.7969
Episode 117  Reward:   0.102647  Wealth:    123422.43  Turnover: 0.3142  Gross: 1.3983  Gate: 0.7967
Episode 118  Reward:   0.177590  Wealth:    136198.76  Turnover: 0.2315  Gross: 1.4031  Gate: 0.8061
Episode 119  Reward:   0.105669  Wealth:    124146.71  Turnover: 0.3242  Gross: 1.3957  Gate: 0.7913
Episode 120  Reward:   0.125375  Wealth:    126969.04  Turnover: 0.2565  Gross: 1.4020  Gate: 0.8041
Episode    120  AvgReward:   0.117397  Noise: 0.1182
Episode 121  Reward:   0.128866  Wealth:    127858.61  Turnover: 0.2832  Gross: 1.3991  Gate: 0.7981
Episode 122  Reward:   0.107471  Wealth:    124453.97  Turnover: 0.2928  Gross: 1.4033  Gate: 0.8067
Episode 123  Reward:   0.089951  Wealth:    121770.29  Turnover: 0.3302  Gross: 1.4021  Gate: 0.8042
Episode 124  Reward:   0.290625  Wealth:    160827.98  Turnover: 0.3079  Gross: 1.4012  Gate: 0.8025
Episode 125  Reward:  -0.006161  Wealth:    109168.71  Turnover: 0.3528  Gross: 1.3994  Gate: 0.7987
Episode 126  Reward:   0.046989  Wealth:    115630.70  Turnover: 0.3241  Gross: 1.3999  Gate: 0.7998
Episode 127  Reward:   0.132127  Wealth:    128092.68  Turnover: 0.3037  Gross: 1.4037  Gate: 0.8073
Episode 128  Reward:   0.172374  Wealth:    135176.51  Turnover: 0.2719  Gross: 1.3996  Gate: 0.7992
Episode 129  Reward:   0.157468  Wealth:    132397.32  Turnover: 0.2726  Gross: 1.4010  Gate: 0.8021
Episode 130  Reward:   0.151691  Wealth:    131221.51  Turnover: 0.3009  Gross: 1.4020  Gate: 0.8040
Episode    130  AvgReward:   0.127140  Noise: 0.1159
Episode 131  Reward:  -0.153225  Wealth:     93665.53  Turnover: 0.2859  Gross: 1.4046  Gate: 0.8093
Episode 132  Reward:   0.057344  Wealth:    117072.20  Turnover: 0.2734  Gross: 1.3986  Gate: 0.7972
Episode 133  Reward:   0.072513  Wealth:    118942.52  Turnover: 0.3401  Gross: 1.4016  Gate: 0.8031
Episode 134  Reward:  -0.474490  Wealth:     72022.64  Turnover: 0.1911  Gross: 1.3980  Gate: 0.7960
Episode 135  Reward:   0.162837  Wealth:    133488.89  Turnover: 0.3212  Gross: 1.3992  Gate: 0.7985
Episode 136  Reward:  -0.023515  Wealth:    106716.70  Turnover: 0.3425  Gross: 1.4048  Gate: 0.8097
Episode 137  Reward:   0.028840  Wealth:    113018.73  Turnover: 0.2353  Gross: 1.3980  Gate: 0.7961
Episode 138  Reward:   0.166824  Wealth:    133965.41  Turnover: 0.2757  Gross: 1.3972  Gate: 0.7945
Episode 139  Reward:   0.146820  Wealth:    130734.37  Turnover: 0.3359  Gross: 1.4016  Gate: 0.8032
Episode 140  Reward:   0.244134  Wealth:    149713.77  Turnover: 0.3025  Gross: 1.4010  Gate: 0.8020
Episode    140  AvgReward:   0.022808  Noise: 0.1136
Episode 141  Reward:   0.101304  Wealth:    124132.74  Turnover: 0.3181  Gross: 1.4017  Gate: 0.8034
Episode 142  Reward:   0.014399  Wealth:    111530.14  Turnover: 0.2833  Gross: 1.3976  Gate: 0.7952
Episode 143  Reward:   0.159630  Wealth:    132898.07  Turnover: 0.2788  Gross: 1.3958  Gate: 0.7916
Episode 144  Reward:   0.166795  Wealth:    134587.24  Turnover: 0.2617  Gross: 1.3952  Gate: 0.7904
Episode 145  Reward:   0.238945  Wealth:    149690.63  Turnover: 0.3084  Gross: 1.3980  Gate: 0.7961
Episode 146  Reward:   0.065592  Wealth:    118200.04  Turnover: 0.2658  Gross: 1.4001  Gate: 0.8002
Episode 147  Reward:   0.015496  Wealth:    112181.93  Turnover: 0.2096  Gross: 1.4057  Gate: 0.8113
Episode 148  Reward:  -0.041494  Wealth:    105447.91  Turnover: 0.2838  Gross: 1.3964  Gate: 0.7927
Episode 149  Reward:   0.144390  Wealth:    130066.56  Turnover: 0.1473  Gross: 1.3945  Gate: 0.7890
Episode 150  Reward:   0.037282  Wealth:    114722.61  Turnover: 0.2464  Gross: 1.3986  Gate: 0.7971
Episode    150  AvgReward:   0.090234  Noise: 0.1113
Episode 151  Reward:   0.142973  Wealth:    130603.02  Turnover: 0.2794  Gross: 1.3996  Gate: 0.7992
Episode 152  Reward:   0.026254  Wealth:    113028.43  Turnover: 0.2313  Gross: 1.3984  Gate: 0.7968
Episode 153  Reward:   0.122393  Wealth:    126556.29  Turnover: 0.2242  Gross: 1.3992  Gate: 0.7984
Episode 154  Reward:   0.224968  Wealth:    146484.30  Turnover: 0.2952  Gross: 1.3858  Gate: 0.7716
Episode 155  Reward:   0.034987  Wealth:    114303.97  Turnover: 0.2529  Gross: 1.4018  Gate: 0.8036
Episode 156  Reward:  -0.159191  Wealth:     93655.78  Turnover: 0.3307  Gross: 1.4072  Gate: 0.8144
Episode 157  Reward:  -0.192374  Wealth:     90708.58  Turnover: 0.1805  Gross: 1.3981  Gate: 0.7962
Episode 158  Reward:   0.060749  Wealth:    117828.33  Turnover: 0.2590  Gross: 1.3938  Gate: 0.7877
Episode 159  Reward:  -0.078438  Wealth:    101625.76  Turnover: 0.2165  Gross: 1.4031  Gate: 0.8062
Episode 160  Reward:   0.228526  Wealth:    146843.03  Turnover: 0.2104  Gross: 1.4019  Gate: 0.8037
Episode    160  AvgReward:   0.041085  Noise: 0.1091
Episode 161  Reward:   0.321218  Wealth:    170748.56  Turnover: 0.3503  Gross: 1.3870  Gate: 0.7740
Episode 162  Reward:   0.123300  Wealth:    127731.65  Turnover: 0.2956  Gross: 1.3981  Gate: 0.7963
Episode 163  Reward:   0.031476  Wealth:    114489.03  Turnover: 0.2838  Gross: 1.3972  Gate: 0.7943
Episode 164  Reward:   0.280475  Wealth:    159922.17  Turnover: 0.3614  Gross: 1.3967  Gate: 0.7934
Episode 165  Reward:   0.049913  Wealth:    117015.10  Turnover: 0.3561  Gross: 1.4027  Gate: 0.8054
Episode 166  Reward:   0.059183  Wealth:    118098.58  Turnover: 0.3183  Gross: 1.3999  Gate: 0.7999
Episode 167  Reward:   0.084258  Wealth:    121223.23  Turnover: 0.2588  Gross: 1.4021  Gate: 0.8041
Episode 168  Reward:   0.105701  Wealth:    124897.92  Turnover: 0.2593  Gross: 1.3979  Gate: 0.7958
Episode 169  Reward:   0.183883  Wealth:    138437.71  Turnover: 0.2422  Gross: 1.4001  Gate: 0.8003
Episode 170  Reward:  -0.042500  Wealth:    105317.55  Turnover: 0.3212  Gross: 1.4046  Gate: 0.8091
Episode    170  AvgReward:   0.119691  Noise: 0.1069
Episode 171  Reward:   0.157493  Wealth:    133624.61  Turnover: 0.2353  Gross: 1.3818  Gate: 0.7636
Episode 172  Reward:   0.152230  Wealth:    132449.14  Turnover: 0.2714  Gross: 1.4006  Gate: 0.8012
Episode 173  Reward:   0.282783  Wealth:    160412.38  Turnover: 0.2434  Gross: 1.3883  Gate: 0.7766
Episode 174  Reward:   0.298821  Wealth:    163956.35  Turnover: 0.2366  Gross: 1.3758  Gate: 0.7516
Episode 175  Reward:  -0.036382  Wealth:    106341.07  Turnover: 0.2450  Gross: 1.3886  Gate: 0.7773
Episode 176  Reward:  -0.099971  Wealth:     99501.91  Turnover: 0.2475  Gross: 1.4046  Gate: 0.8091
Episode 177  Reward:  -0.022828  Wealth:    107549.52  Turnover: 0.3685  Gross: 1.3959  Gate: 0.7918
Episode 178  Reward:   0.328006  Wealth:    172385.59  Turnover: 0.3198  Gross: 1.3870  Gate: 0.7740
Episode 179  Reward:   0.173172  Wealth:    136151.57  Turnover: 0.2880  Gross: 1.3948  Gate: 0.7897
Episode 180  Reward:   0.197405  Wealth:    140203.43  Turnover: 0.2790  Gross: 1.3878  Gate: 0.7756
Episode    180  AvgReward:   0.143073  Noise: 0.1048
Episode 181  Reward:   0.122300  Wealth:    126913.00  Turnover: 0.3060  Gross: 1.3950  Gate: 0.7900
Episode 182  Reward:   0.086715  Wealth:    121508.55  Turnover: 0.2560  Gross: 1.3962  Gate: 0.7924
Episode 183  Reward:  -0.162004  Wealth:     93265.16  Turnover: 0.2923  Gross: 1.3983  Gate: 0.7966
Episode 184  Reward:   0.040295  Wealth:    114994.88  Turnover: 0.2315  Gross: 1.3992  Gate: 0.7984
Episode 185  Reward:   0.005553  Wealth:    110423.13  Turnover: 0.3353  Gross: 1.3978  Gate: 0.7957
Episode 186  Reward:  -0.007673  Wealth:    108562.91  Turnover: 0.4299  Gross: 1.3927  Gate: 0.7854
Episode 187  Reward:   0.111132  Wealth:    125283.61  Turnover: 0.2737  Gross: 1.3967  Gate: 0.7934
Episode 188  Reward:   0.063606  Wealth:    118295.43  Turnover: 0.3631  Gross: 1.3985  Gate: 0.7971
Episode 189  Reward:   0.278445  Wealth:    158607.80  Turnover: 0.3644  Gross: 1.3826  Gate: 0.7651
Episode 190  Reward:   0.154896  Wealth:    132806.83  Turnover: 0.2577  Gross: 1.3930  Gate: 0.7860
Episode    190  AvgReward:   0.069327  Noise: 0.1027
Episode 191  Reward:  -0.028567  Wealth:    106696.63  Turnover: 0.2309  Gross: 1.4049  Gate: 0.8098
Episode 192  Reward:   0.324019  Wealth:    170747.92  Turnover: 0.2843  Gross: 1.3959  Gate: 0.7918
Episode 193  Reward:   0.295813  Wealth:    162638.77  Turnover: 0.3489  Gross: 1.3929  Gate: 0.7857
Episode 194  Reward:   0.129962  Wealth:    128151.42  Turnover: 0.3723  Gross: 1.3945  Gate: 0.7891
Episode 195  Reward:   0.023594  Wealth:    112306.96  Turnover: 0.4057  Gross: 1.3952  Gate: 0.7904
Episode 196  Reward:   0.093760  Wealth:    122127.11  Turnover: 0.3886  Gross: 1.3897  Gate: 0.7794
Episode 197  Reward:   0.014312  Wealth:    111445.12  Turnover: 0.3261  Gross: 1.3966  Gate: 0.7932
Episode 198  Reward:   0.212683  Wealth:    142985.09  Turnover: 0.4935  Gross: 1.3937  Gate: 0.7875
Episode 199  Reward:   0.041824  Wealth:    114655.54  Turnover: 0.4017  Gross: 1.4023  Gate: 0.8045
Episode 200  Reward:   0.160762  Wealth:    132698.49  Turnover: 0.2019  Gross: 1.3888  Gate: 0.7776
Episode    200  AvgReward:   0.126816  Noise: 0.1007
Episode 201  Reward:   0.092887  Wealth:    121963.44  Turnover: 0.2819  Gross: 1.3842  Gate: 0.7683
Episode 202  Reward:   0.271010  Wealth:    154374.20  Turnover: 0.3183  Gross: 1.4022  Gate: 0.8044
Episode 203  Reward:  -0.007156  Wealth:    108053.03  Turnover: 0.3081  Gross: 1.3975  Gate: 0.7949
Episode 204  Reward:  -0.197029  Wealth:     89879.41  Turnover: 0.3595  Gross: 1.3894  Gate: 0.7788
Episode 205  Reward:   0.098625  Wealth:    122093.38  Turnover: 0.2697  Gross: 1.3974  Gate: 0.7948
Episode 206  Reward:  -0.015400  Wealth:    107134.03  Turnover: 0.3273  Gross: 1.3760  Gate: 0.7519
Episode 207  Reward:   0.251357  Wealth:    150453.74  Turnover: 0.4299  Gross: 1.3901  Gate: 0.7803
Episode 208  Reward:  -0.144328  Wealth:     93837.38  Turnover: 0.3533  Gross: 1.3820  Gate: 0.7641
Episode 209  Reward:   0.095234  Wealth:    121845.52  Turnover: 0.3351  Gross: 1.3908  Gate: 0.7816
Episode 210  Reward:   0.093253  Wealth:    121423.42  Turnover: 0.3030  Gross: 1.3830  Gate: 0.7660
Episode    210  AvgReward:   0.053845  Noise: 0.0987
Episode 211  Reward:   0.218224  Wealth:    143036.72  Turnover: 0.4036  Gross: 1.3942  Gate: 0.7885
Episode 212  Reward:   0.069672  Wealth:    118178.90  Turnover: 0.3517  Gross: 1.3824  Gate: 0.7647
Episode 213  Reward:   0.011854  Wealth:    110320.89  Turnover: 0.2472  Gross: 1.4093  Gate: 0.8185
Episode 214  Reward:   0.084907  Wealth:    120757.29  Turnover: 0.3676  Gross: 1.3765  Gate: 0.7529
Episode 215  Reward:   0.154328  Wealth:    130954.03  Turnover: 0.3353  Gross: 1.3860  Gate: 0.7721
Episode 216  Reward:   0.273832  Wealth:    155395.55  Turnover: 0.3560  Gross: 1.3766  Gate: 0.7533
Episode 217  Reward:   0.123515  Wealth:    125697.17  Turnover: 0.4253  Gross: 1.4007  Gate: 0.8013
Episode 218  Reward:   0.105868  Wealth:    123299.37  Turnover: 0.2459  Gross: 1.4020  Gate: 0.8039
Episode 219  Reward:   0.015556  Wealth:    110619.20  Turnover: 0.2993  Gross: 1.3955  Gate: 0.7910
Episode 220  Reward:   0.099695  Wealth:    122109.42  Turnover: 0.3295  Gross: 1.3955  Gate: 0.7910
Episode    220  AvgReward:   0.115745  Noise: 0.0968
Episode 221  Reward:   0.110804  Wealth:    123707.28  Turnover: 0.2563  Gross: 1.4065  Gate: 0.8131
Episode 222  Reward:   0.061399  Wealth:    116416.37  Turnover: 0.3027  Gross: 1.4016  Gate: 0.8032
Episode 223  Reward:   0.191374  Wealth:    140143.29  Turnover: 0.3079  Gross: 1.3287  Gate: 0.6575
Episode 224  Reward:   0.084301  Wealth:    119559.26  Turnover: 0.2421  Gross: 1.3816  Gate: 0.7632
Episode 225  Reward:   0.155054  Wealth:    130915.20  Turnover: 0.2981  Gross: 1.4014  Gate: 0.8028
Episode 226  Reward:   0.103229  Wealth:    122888.91  Turnover: 0.2768  Gross: 1.4026  Gate: 0.8052
Episode 227  Reward:   0.182577  Wealth:    135853.28  Turnover: 0.3139  Gross: 1.3840  Gate: 0.7680
Episode 228  Reward:   0.055467  Wealth:    115850.93  Turnover: 0.3056  Gross: 1.3887  Gate: 0.7773
Episode 229  Reward:  -0.032302  Wealth:    105175.47  Turnover: 0.2753  Gross: 1.3850  Gate: 0.7699
Episode 230  Reward:   0.185768  Wealth:    137387.71  Turnover: 0.3080  Gross: 1.3607  Gate: 0.7214
Episode    230  AvgReward:   0.109767  Noise: 0.0948
Episode 231  Reward:   0.033115  Wealth:    112984.33  Turnover: 0.3777  Gross: 1.3930  Gate: 0.7860
Episode 232  Reward:   0.031155  Wealth:    113116.73  Turnover: 0.2038  Gross: 1.3807  Gate: 0.7613
Episode 233  Reward:  -0.034890  Wealth:    105451.05  Turnover: 0.3816  Gross: 1.3872  Gate: 0.7744
Episode 234  Reward:   0.072948  Wealth:    119544.21  Turnover: 0.1929  Gross: 1.3883  Gate: 0.7767
Episode 235  Reward:   0.277100  Wealth:    156065.45  Turnover: 0.3540  Gross: 1.3869  Gate: 0.7738
Episode 236  Reward:   0.008428  Wealth:    109804.96  Turnover: 0.3436  Gross: 1.3857  Gate: 0.7713
Episode 237  Reward:  -0.229109  Wealth:     87168.24  Turnover: 0.3899  Gross: 1.4038  Gate: 0.8077
Episode 238  Reward:   0.066403  Wealth:    118776.81  Turnover: 0.2907  Gross: 1.3918  Gate: 0.7835
Episode 239  Reward:   0.082656  Wealth:    120465.81  Turnover: 0.3482  Gross: 1.4028  Gate: 0.8057
Episode 240  Reward:   0.136517  Wealth:    128564.27  Turnover: 0.2469  Gross: 1.4059  Gate: 0.8118
Episode    240  AvgReward:   0.044432  Noise: 0.0930
Episode 241  Reward:   0.231888  Wealth:    144870.83  Turnover: 0.3247  Gross: 1.3493  Gate: 0.6987
Episode 242  Reward:   0.225551  Wealth:    147586.66  Turnover: 0.4084  Gross: 1.3728  Gate: 0.7456
Episode 243  Reward:   0.364950  Wealth:    181267.15  Turnover: 0.3343  Gross: 1.3817  Gate: 0.7634
Episode 244  Reward:   0.124846  Wealth:    126305.83  Turnover: 0.4419  Gross: 1.3768  Gate: 0.7537
Episode 245  Reward:   0.154312  Wealth:    135279.44  Turnover: 0.3252  Gross: 1.3753  Gate: 0.7506
Episode 246  Reward:   0.371541  Wealth:    185983.84  Turnover: 0.4266  Gross: 1.3906  Gate: 0.7812
Episode 247  Reward:  -0.039104  Wealth:    104183.39  Turnover: 0.3887  Gross: 1.3564  Gate: 0.7128
Episode 248  Reward:   0.187680  Wealth:    137488.85  Turnover: 0.4583  Gross: 1.3734  Gate: 0.7468
Episode 249  Reward:   0.158908  Wealth:    133846.54  Turnover: 0.4178  Gross: 1.3971  Gate: 0.7941
Episode 250  Reward:  -0.015932  Wealth:    106926.36  Turnover: 0.3477  Gross: 1.3961  Gate: 0.7923
Episode    250  AvgReward:   0.176464  Noise: 0.0911
Episode 251  Reward:   0.037527  Wealth:    118004.51  Turnover: 0.2135  Gross: 1.3643  Gate: 0.7286
Episode 252  Reward:   0.209589  Wealth:    142485.45  Turnover: 0.2747  Gross: 1.3902  Gate: 0.7804
Episode 253  Reward:   0.249824  Wealth:    153975.84  Turnover: 0.3582  Gross: 1.3788  Gate: 0.7576
Episode 254  Reward:   0.101807  Wealth:    126579.89  Turnover: 0.2809  Gross: 1.3881  Gate: 0.7762
Episode 255  Reward:  -0.179965  Wealth:     93473.71  Turnover: 0.3345  Gross: 1.3944  Gate: 0.7888
Episode 256  Reward:   0.044635  Wealth:    115516.89  Turnover: 0.4452  Gross: 1.4081  Gate: 0.8161
Episode 257  Reward:   0.096601  Wealth:    121821.67  Turnover: 0.3886  Gross: 1.3697  Gate: 0.7395
Episode 258  Reward:   0.106096  Wealth:    125762.00  Turnover: 0.3902  Gross: 1.3712  Gate: 0.7424
Episode 259  Reward:  -0.081340  Wealth:    104830.44  Turnover: 0.2455  Gross: 1.3712  Gate: 0.7424
Episode 260  Reward:   0.109773  Wealth:    123051.61  Turnover: 0.4191  Gross: 1.3630  Gate: 0.7260
Episode    260  AvgReward:   0.069455  Noise: 0.0893
Episode 261  Reward:  -0.040327  Wealth:    105157.59  Turnover: 0.3097  Gross: 1.3780  Gate: 0.7560
Episode 262  Reward:   0.099008  Wealth:    125968.62  Turnover: 0.4255  Gross: 1.3954  Gate: 0.7908
Episode 263  Reward:   0.063509  Wealth:    116161.69  Turnover: 0.5871  Gross: 1.3618  Gate: 0.7236
Episode 264  Reward:  -0.188723  Wealth:     89588.15  Turnover: 0.3576  Gross: 1.3585  Gate: 0.7171
Episode 265  Reward:  -0.040807  Wealth:    106658.24  Turnover: 0.2582  Gross: 1.3779  Gate: 0.7558
Episode 266  Reward:   0.121945  Wealth:    129967.79  Turnover: 0.3804  Gross: 1.3934  Gate: 0.7868
Episode 267  Reward:  -0.026110  Wealth:    105599.04  Turnover: 0.2195  Gross: 1.3756  Gate: 0.7513
Episode 268  Reward:   0.132315  Wealth:    131099.11  Turnover: 0.4532  Gross: 1.3921  Gate: 0.7842
Episode 269  Reward:  -0.108568  Wealth:     98087.39  Turnover: 0.5257  Gross: 1.3460  Gate: 0.6921
Episode 270  Reward:   0.109407  Wealth:    122603.26  Turnover: 0.3594  Gross: 1.3812  Gate: 0.7624
Episode    270  AvgReward:   0.012165  Noise: 0.0875
Episode 271  Reward:   0.133258  Wealth:    128413.51  Turnover: 0.2408  Gross: 1.3993  Gate: 0.7985
Episode 272  Reward:  -0.029694  Wealth:    109093.39  Turnover: 0.2670  Gross: 1.4001  Gate: 0.8002
Episode 273  Reward:   0.123625  Wealth:    126337.30  Turnover: 0.4006  Gross: 1.3917  Gate: 0.7834
Episode 274  Reward:   0.104998  Wealth:    124622.00  Turnover: 0.2538  Gross: 1.4035  Gate: 0.8071
Episode 275  Reward:  -0.041312  Wealth:    105117.48  Turnover: 0.3284  Gross: 1.3811  Gate: 0.7623
Episode 276  Reward:   0.096626  Wealth:    120653.39  Turnover: 0.3687  Gross: 1.3815  Gate: 0.7630
Episode 277  Reward:   0.211274  Wealth:    144319.18  Turnover: 0.3854  Gross: 1.3739  Gate: 0.7478
Episode 278  Reward:   0.204935  Wealth:    138362.51  Turnover: 0.3950  Gross: 1.3571  Gate: 0.7143
Episode 279  Reward:  -0.007421  Wealth:    106321.53  Turnover: 0.5058  Gross: 1.3562  Gate: 0.7124
Episode 280  Reward:   0.071431  Wealth:    115997.44  Turnover: 0.3455  Gross: 1.3656  Gate: 0.7312
Episode    280  AvgReward:   0.086772  Noise: 0.0858
Episode 281  Reward:   0.237279  Wealth:    145401.57  Turnover: 0.4655  Gross: 1.3915  Gate: 0.7830
Episode 282  Reward:   0.193154  Wealth:    140406.20  Turnover: 0.5978  Gross: 1.3927  Gate: 0.7854
Episode 283  Reward:   0.044867  Wealth:    119925.82  Turnover: 0.2676  Gross: 1.3818  Gate: 0.7635
Episode 284  Reward:  -0.122606  Wealth:     96944.25  Turnover: 0.2913  Gross: 1.3957  Gate: 0.7914
Episode 285  Reward:  -0.043397  Wealth:    106121.47  Turnover: 0.3480  Gross: 1.3859  Gate: 0.7719
Episode 286  Reward:   0.227277  Wealth:    141899.93  Turnover: 0.3663  Gross: 1.3792  Gate: 0.7583
Episode 287  Reward:   0.252027  Wealth:    148977.19  Turnover: 0.2537  Gross: 1.4016  Gate: 0.8032
Episode 288  Reward:   0.084205  Wealth:    118640.18  Turnover: 0.5186  Gross: 1.3839  Gate: 0.7679
Episode 289  Reward:   0.200399  Wealth:    137019.54  Turnover: 0.1920  Gross: 1.3681  Gate: 0.7361
Episode 290  Reward:   0.105839  Wealth:    120790.33  Turnover: 0.3700  Gross: 1.3855  Gate: 0.7709
Episode    290  AvgReward:   0.117904  Noise: 0.0841
Episode 291  Reward:   0.132179  Wealth:    125281.26  Turnover: 0.2415  Gross: 1.3833  Gate: 0.7667
Episode 292  Reward:  -0.203301  Wealth:     90160.09  Turnover: 0.2971  Gross: 1.4130  Gate: 0.8260
Episode 293  Reward:  -0.056149  Wealth:    103464.23  Turnover: 0.2467  Gross: 1.3977  Gate: 0.7955
Episode 294  Reward:   0.227030  Wealth:    151270.64  Turnover: 0.2681  Gross: 1.3753  Gate: 0.7506
Episode 295  Reward:   0.328122  Wealth:    182083.42  Turnover: 0.2383  Gross: 1.3685  Gate: 0.7371
Episode 296  Reward:   0.099251  Wealth:    119604.00  Turnover: 0.3401  Gross: 1.3824  Gate: 0.7648
Episode 297  Reward:   0.149601  Wealth:    128392.36  Turnover: 0.2402  Gross: 1.3815  Gate: 0.7629
Episode 298  Reward:   0.222349  Wealth:    148024.72  Turnover: 0.4042  Gross: 1.3931  Gate: 0.7862
Episode 299  Reward:   0.012608  Wealth:    110169.19  Turnover: 0.2873  Gross: 1.4018  Gate: 0.8036
Episode 300  Reward:   0.089941  Wealth:    126047.42  Turnover: 0.2774  Gross: 1.3824  Gate: 0.7648
Episode    300  AvgReward:   0.100163  Noise: 0.0824
Episode 301  Reward:  -0.222605  Wealth:     88807.26  Turnover: 0.3668  Gross: 1.3837  Gate: 0.7674
Episode 302  Reward:   0.288533  Wealth:    156334.73  Turnover: 0.3078  Gross: 1.3835  Gate: 0.7670
Episode 303  Reward:   0.200331  Wealth:    140927.87  Turnover: 0.3847  Gross: 1.3770  Gate: 0.7540
Episode 304  Reward:   0.134418  Wealth:    126282.96  Turnover: 0.4157  Gross: 1.4021  Gate: 0.8041
Episode 305  Reward:   0.149873  Wealth:    128062.13  Turnover: 0.3543  Gross: 1.3946  Gate: 0.7891
Episode 306  Reward:  -0.152224  Wealth:     96040.66  Turnover: 0.3787  Gross: 1.3949  Gate: 0.7898
Episode 307  Reward:  -0.026769  Wealth:    108519.76  Turnover: 0.2745  Gross: 1.3964  Gate: 0.7928
Episode 308  Reward:  -0.182940  Wealth:     93396.09  Turnover: 0.2962  Gross: 1.3927  Gate: 0.7853
Episode 309  Reward:   0.226615  Wealth:    141410.99  Turnover: 0.2568  Gross: 1.3926  Gate: 0.7852
Episode 310  Reward:  -0.125470  Wealth:     96879.35  Turnover: 0.3296  Gross: 1.3940  Gate: 0.7881
Episode    310  AvgReward:   0.028976  Noise: 0.0808
Episode 311  Reward:   0.195963  Wealth:    136095.47  Turnover: 0.3760  Gross: 1.4118  Gate: 0.8235
Episode 312  Reward:  -0.077663  Wealth:    102556.09  Turnover: 0.3650  Gross: 1.4005  Gate: 0.8010
Episode 313  Reward:   0.179026  Wealth:    136113.32  Turnover: 0.3829  Gross: 1.4070  Gate: 0.8140
Episode 314  Reward:   0.036686  Wealth:    118199.27  Turnover: 0.2486  Gross: 1.3744  Gate: 0.7489
Episode 315  Reward:  -0.112631  Wealth:    100277.18  Turnover: 0.3043  Gross: 1.3836  Gate: 0.7673
Episode 316  Reward:   0.092630  Wealth:    120779.83  Turnover: 0.3970  Gross: 1.3978  Gate: 0.7957
Episode 317  Reward:   0.255596  Wealth:    147867.42  Turnover: 0.3396  Gross: 1.3932  Gate: 0.7863
Episode 318  Reward:   0.134357  Wealth:    124525.92  Turnover: 0.3123  Gross: 1.3988  Gate: 0.7976
Episode 319  Reward:   0.012484  Wealth:    113906.71  Turnover: 0.3690  Gross: 1.3830  Gate: 0.7660
Episode 320  Reward:  -0.038974  Wealth:    102830.03  Turnover: 0.4451  Gross: 1.3926  Gate: 0.7851
Episode    320  AvgReward:   0.067747  Noise: 0.0792
Episode 321  Reward:   0.267726  Wealth:    155593.95  Turnover: 0.3097  Gross: 1.3922  Gate: 0.7844
Episode 322  Reward:  -0.059600  Wealth:    106338.86  Turnover: 0.2413  Gross: 1.3914  Gate: 0.7828
Episode 323  Reward:  -0.136653  Wealth:     97519.99  Turnover: 0.2614  Gross: 1.3897  Gate: 0.7794
Episode 324  Reward:   0.045399  Wealth:    112739.31  Turnover: 0.3763  Gross: 1.3922  Gate: 0.7844
Episode 325  Reward:   0.270230  Wealth:    150111.53  Turnover: 0.2582  Gross: 1.4005  Gate: 0.8009
Episode 326  Reward:   0.101806  Wealth:    121585.34  Turnover: 0.4322  Gross: 1.4015  Gate: 0.8030
Episode 327  Reward:   0.046134  Wealth:    112763.57  Turnover: 0.2242  Gross: 1.4003  Gate: 0.8006
Episode 328  Reward:   0.202624  Wealth:    136543.50  Turnover: 0.3735  Gross: 1.4145  Gate: 0.8290
Episode 329  Reward:  -0.041700  Wealth:    102089.39  Turnover: 0.3436  Gross: 1.4031  Gate: 0.8062
Episode 330  Reward:   0.196559  Wealth:    137178.45  Turnover: 0.4004  Gross: 1.4039  Gate: 0.8079
Episode    330  AvgReward:   0.089252  Noise: 0.0776
Episode 331  Reward:   0.076743  Wealth:    123902.50  Turnover: 0.3412  Gross: 1.3932  Gate: 0.7864
Episode 332  Reward:  -0.061043  Wealth:    104372.38  Turnover: 0.3946  Gross: 1.3796  Gate: 0.7593
Episode 333  Reward:   0.080421  Wealth:    122688.76  Turnover: 0.4680  Gross: 1.4071  Gate: 0.8142
Episode 334  Reward:   0.054175  Wealth:    115030.68  Turnover: 0.5050  Gross: 1.3857  Gate: 0.7715
Episode 335  Reward:  -0.060438  Wealth:    102766.75  Turnover: 0.4058  Gross: 1.4081  Gate: 0.8162
Episode 336  Reward:   0.083564  Wealth:    121165.86  Turnover: 0.2884  Gross: 1.3701  Gate: 0.7402
Episode 337  Reward:   0.069837  Wealth:    123286.40  Turnover: 0.3264  Gross: 1.3941  Gate: 0.7882
Episode 338  Reward:   0.254542  Wealth:    149005.31  Turnover: 0.3016  Gross: 1.3953  Gate: 0.7906
Episode 339  Reward:   0.421345  Wealth:    197037.20  Turnover: 0.3165  Gross: 1.3905  Gate: 0.7809
Episode 340  Reward:   0.140967  Wealth:    127522.59  Turnover: 0.3066  Gross: 1.4009  Gate: 0.8018
Episode    340  AvgReward:   0.106011  Noise: 0.0761
Episode 341  Reward:   0.273533  Wealth:    157101.45  Turnover: 0.3428  Gross: 1.3990  Gate: 0.7979
Episode 342  Reward:   0.035952  Wealth:    113883.61  Turnover: 0.3924  Gross: 1.3844  Gate: 0.7689
Episode 343  Reward:   0.133098  Wealth:    125742.88  Turnover: 0.3473  Gross: 1.4015  Gate: 0.8031
Episode 344  Reward:  -0.014752  Wealth:    105650.19  Turnover: 0.2870  Gross: 1.3860  Gate: 0.7721
Episode 345  Reward:  -0.006178  Wealth:    108954.26  Turnover: 0.4273  Gross: 1.4008  Gate: 0.8017
Episode 346  Reward:   0.045991  Wealth:    112774.79  Turnover: 0.3165  Gross: 1.3928  Gate: 0.7856
Episode 347  Reward:   0.083982  Wealth:    119061.20  Turnover: 0.3263  Gross: 1.4005  Gate: 0.8011
Episode 348  Reward:   0.075411  Wealth:    117138.47  Turnover: 0.3408  Gross: 1.3901  Gate: 0.7803
Episode 349  Reward:   0.256920  Wealth:    148256.75  Turnover: 0.4012  Gross: 1.3942  Gate: 0.7884
Episode 350  Reward:   0.121500  Wealth:    129244.73  Turnover: 0.3780  Gross: 1.3871  Gate: 0.7742
Episode    350  AvgReward:   0.100546  Noise: 0.0746
Episode 351  Reward:  -0.055467  Wealth:    101213.88  Turnover: 0.3836  Gross: 1.3970  Gate: 0.7940
Episode 352  Reward:  -0.130406  Wealth:     94318.44  Turnover: 0.3603  Gross: 1.3974  Gate: 0.7948
Episode 353  Reward:   0.245652  Wealth:    146133.35  Turnover: 0.3651  Gross: 1.3879  Gate: 0.7757
Episode 354  Reward:  -0.164753  Wealth:     90934.96  Turnover: 0.2856  Gross: 1.4018  Gate: 0.8036
Episode 355  Reward:   0.202746  Wealth:    136576.85  Turnover: 0.3652  Gross: 1.4044  Gate: 0.8089
Episode 356  Reward:   0.423778  Wealth:    220238.40  Turnover: 0.3843  Gross: 1.3843  Gate: 0.7686
Episode 357  Reward:  -0.262866  Wealth:     84471.79  Turnover: 0.2885  Gross: 1.3966  Gate: 0.7932
Episode 358  Reward:   0.089713  Wealth:    117910.24  Turnover: 0.3415  Gross: 1.3998  Gate: 0.7997
Episode 359  Reward:  -0.032130  Wealth:    103548.04  Turnover: 0.3928  Gross: 1.4070  Gate: 0.8140
Episode 360  Reward:   0.188641  Wealth:    134302.82  Turnover: 0.2938  Gross: 1.3967  Gate: 0.7934
Episode    360  AvgReward:   0.050491  Noise: 0.0731
Episode 361  Reward:   0.255839  Wealth:    154904.39  Turnover: 0.5781  Gross: 1.3951  Gate: 0.7902
Episode 362  Reward:   0.261258  Wealth:    154100.90  Turnover: 0.3994  Gross: 1.3863  Gate: 0.7727
Episode 363  Reward:   0.160927  Wealth:    130352.87  Turnover: 0.3264  Gross: 1.4012  Gate: 0.8025
Episode 364  Reward:   0.122882  Wealth:    123105.79  Turnover: 0.3252  Gross: 1.4014  Gate: 0.8027
Episode 365  Reward:   0.139455  Wealth:    130592.26  Turnover: 0.3199  Gross: 1.3820  Gate: 0.7640
Episode 366  Reward:   0.108243  Wealth:    122490.22  Turnover: 0.3501  Gross: 1.3916  Gate: 0.7831
Episode 367  Reward:   0.048529  Wealth:    116215.14  Turnover: 0.3004  Gross: 1.3978  Gate: 0.7956
Episode 368  Reward:  -0.198058  Wealth:     88386.89  Turnover: 0.2418  Gross: 1.3985  Gate: 0.7971
Episode 369  Reward:   0.416645  Wealth:    195553.35  Turnover: 0.3222  Gross: 1.4033  Gate: 0.8065
Episode 370  Reward:   0.226364  Wealth:    141219.24  Turnover: 0.2580  Gross: 1.4030  Gate: 0.8060
Episode    370  AvgReward:   0.154208  Noise: 0.0717
Episode 371  Reward:   0.279124  Wealth:    152600.98  Turnover: 0.3822  Gross: 1.3861  Gate: 0.7722
Episode 372  Reward:   0.247132  Wealth:    147928.06  Turnover: 0.3242  Gross: 1.3950  Gate: 0.7899
Episode 373  Reward:   0.170992  Wealth:    133386.37  Turnover: 0.3580  Gross: 1.3982  Gate: 0.7964
Episode 374  Reward:   0.054476  Wealth:    113334.81  Turnover: 0.4532  Gross: 1.4004  Gate: 0.8008
Episode 375  Reward:   0.236982  Wealth:    146750.87  Turnover: 0.3110  Gross: 1.3907  Gate: 0.7815
Episode 376  Reward:   0.103689  Wealth:    123254.46  Turnover: 0.4076  Gross: 1.3802  Gate: 0.7604
Episode 377  Reward:  -0.053362  Wealth:    101014.92  Turnover: 0.3314  Gross: 1.4003  Gate: 0.8006
Episode 378  Reward:   0.133026  Wealth:    124938.77  Turnover: 0.3852  Gross: 1.4003  Gate: 0.8005
Episode 379  Reward:   0.075264  Wealth:    116593.79  Turnover: 0.4447  Gross: 1.4059  Gate: 0.8119
Episode 380  Reward:   0.185796  Wealth:    133998.31  Turnover: 0.1652  Gross: 1.3927  Gate: 0.7854
Episode    380  AvgReward:   0.143312  Noise: 0.0702
Episode 381  Reward:  -0.061222  Wealth:    101775.99  Turnover: 0.3407  Gross: 1.4041  Gate: 0.8082
Episode 382  Reward:  -0.020692  Wealth:    107881.57  Turnover: 0.4976  Gross: 1.3881  Gate: 0.7761
Episode 383  Reward:   0.083336  Wealth:    117924.51  Turnover: 0.3655  Gross: 1.3978  Gate: 0.7957
Episode 384  Reward:   0.165734  Wealth:    140966.17  Turnover: 0.3024  Gross: 1.3878  Gate: 0.7755
Episode 385  Reward:   0.206831  Wealth:    144643.37  Turnover: 0.4330  Gross: 1.3977  Gate: 0.7953
Episode 386  Reward:  -0.132730  Wealth:     98139.91  Turnover: 0.3693  Gross: 1.3859  Gate: 0.7718
Episode 387  Reward:   0.143008  Wealth:    129223.53  Turnover: 0.5608  Gross: 1.3949  Gate: 0.7898
Episode 388  Reward:   0.156433  Wealth:    134547.88  Turnover: 0.5342  Gross: 1.3794  Gate: 0.7587
Episode 389  Reward:  -0.071131  Wealth:     99726.12  Turnover: 0.2478  Gross: 1.3930  Gate: 0.7859
Episode 390  Reward:   0.383496  Wealth:    184672.93  Turnover: 0.3790  Gross: 1.4044  Gate: 0.8088
Episode    390  AvgReward:   0.085306  Noise: 0.0688
Episode 391  Reward:   0.030687  Wealth:    111969.38  Turnover: 0.4683  Gross: 1.4043  Gate: 0.8086
Episode 392  Reward:   0.239247  Wealth:    148491.87  Turnover: 0.5292  Gross: 1.3996  Gate: 0.7991
Episode 393  Reward:   0.290661  Wealth:    166263.18  Turnover: 0.5498  Gross: 1.3986  Gate: 0.7973
Episode 394  Reward:  -0.421820  Wealth:     74673.19  Turnover: 0.3833  Gross: 1.3922  Gate: 0.7844
Episode 395  Reward:  -0.006338  Wealth:    111777.57  Turnover: 0.3839  Gross: 1.3911  Gate: 0.7823
Episode 396  Reward:   0.058616  Wealth:    114809.92  Turnover: 0.3016  Gross: 1.3966  Gate: 0.7931
Episode 397  Reward:   0.135460  Wealth:    127097.07  Turnover: 0.3601  Gross: 1.3944  Gate: 0.7889
Episode 398  Reward:   0.217107  Wealth:    139903.72  Turnover: 0.3712  Gross: 1.4027  Gate: 0.8053
Episode 399  Reward:   0.202129  Wealth:    140074.32  Turnover: 0.3910  Gross: 1.3985  Gate: 0.7971
Episode 400  Reward:  -0.139326  Wealth:     94876.12  Turnover: 0.5129  Gross: 1.3837  Gate: 0.7675
Episode    400  AvgReward:   0.060642  Noise: 0.0675
Episode 401  Reward:   0.039749  Wealth:    120102.72  Turnover: 0.3583  Gross: 1.3895  Gate: 0.7791
Episode 402  Reward:  -0.117247  Wealth:     96614.96  Turnover: 0.5968  Gross: 1.3965  Gate: 0.7930
Episode 403  Reward:   0.228046  Wealth:    141656.06  Turnover: 0.4100  Gross: 1.4010  Gate: 0.8019
Episode 404  Reward:  -0.040503  Wealth:    102400.66  Turnover: 0.3166  Gross: 1.3858  Gate: 0.7715
Episode 405  Reward:  -0.236761  Wealth:     85727.43  Turnover: 0.4647  Gross: 1.3912  Gate: 0.7823
Episode 406  Reward:   0.130575  Wealth:    125249.17  Turnover: 0.3545  Gross: 1.3995  Gate: 0.7991
Episode 407  Reward:  -0.015737  Wealth:    108629.86  Turnover: 0.3395  Gross: 1.3760  Gate: 0.7520
Episode 408  Reward:   0.096770  Wealth:    127669.62  Turnover: 0.3424  Gross: 1.4061  Gate: 0.8123
Episode 409  Reward:  -0.218098  Wealth:     90066.61  Turnover: 0.4554  Gross: 1.3898  Gate: 0.7796
Episode 410  Reward:   0.070824  Wealth:    117226.11  Turnover: 0.3484  Gross: 1.3854  Gate: 0.7708
Episode    410  AvgReward:  -0.006238  Noise: 0.0661
Episode 411  Reward:   0.161473  Wealth:    129259.70  Turnover: 0.3532  Gross: 1.4082  Gate: 0.8163
Episode 412  Reward:   0.235151  Wealth:    145302.14  Turnover: 0.4549  Gross: 1.4071  Gate: 0.8141
Episode 413  Reward:   0.156359  Wealth:    129304.32  Turnover: 0.3586  Gross: 1.3821  Gate: 0.7643
Episode 414  Reward:   0.313275  Wealth:    165868.22  Turnover: 0.4444  Gross: 1.4004  Gate: 0.8008
Episode 415  Reward:   0.207628  Wealth:    146883.25  Turnover: 0.4086  Gross: 1.3967  Gate: 0.7935
Episode 416  Reward:   0.298289  Wealth:    159897.92  Turnover: 0.3018  Gross: 1.3887  Gate: 0.7775
Episode 417  Reward:   0.185797  Wealth:    135118.66  Turnover: 0.3530  Gross: 1.4012  Gate: 0.8024
Episode 418  Reward:  -0.065954  Wealth:    102410.55  Turnover: 0.4302  Gross: 1.4079  Gate: 0.8158
Episode 419  Reward:   0.230219  Wealth:    146504.33  Turnover: 0.3261  Gross: 1.3997  Gate: 0.7993
Episode 420  Reward:   0.187207  Wealth:    135593.05  Turnover: 0.3224  Gross: 1.4075  Gate: 0.8149
Episode    420  AvgReward:   0.190944  Noise: 0.0648
Episode 421  Reward:  -0.002837  Wealth:    109838.06  Turnover: 0.2988  Gross: 1.3977  Gate: 0.7954
Episode 422  Reward:   0.001846  Wealth:    112494.83  Turnover: 0.2999  Gross: 1.3924  Gate: 0.7848
Episode 423  Reward:  -0.006631  Wealth:    111398.49  Turnover: 0.4529  Gross: 1.3882  Gate: 0.7765
Episode 424  Reward:   0.250003  Wealth:    149467.90  Turnover: 0.2598  Gross: 1.3733  Gate: 0.7467
Episode 425  Reward:   0.335540  Wealth:    175830.39  Turnover: 0.5897  Gross: 1.3985  Gate: 0.7970
Episode 426  Reward:   0.169532  Wealth:    140029.03  Turnover: 0.3303  Gross: 1.3684  Gate: 0.7368
Episode 427  Reward:   0.007979  Wealth:    111033.05  Turnover: 0.5307  Gross: 1.4030  Gate: 0.8061
Episode 428  Reward:  -0.088749  Wealth:    100972.60  Turnover: 0.3158  Gross: 1.4084  Gate: 0.8168
Episode 429  Reward:   0.140667  Wealth:    126515.73  Turnover: 0.2325  Gross: 1.3997  Gate: 0.7994
Episode 430  Reward:   0.158674  Wealth:    129622.86  Turnover: 0.3152  Gross: 1.3988  Gate: 0.7976
Episode    430  AvgReward:   0.096602  Noise: 0.0635
Episode 431  Reward:   0.114763  Wealth:    125319.69  Turnover: 0.5040  Gross: 1.4049  Gate: 0.8099
Episode 432  Reward:  -0.039902  Wealth:    104228.62  Turnover: 0.5139  Gross: 1.3869  Gate: 0.7739
Episode 433  Reward:   0.157935  Wealth:    130891.87  Turnover: 0.4776  Gross: 1.3820  Gate: 0.7639
Episode 434  Reward:   0.236721  Wealth:    143704.61  Turnover: 0.2483  Gross: 1.4008  Gate: 0.8016
Episode 435  Reward:   0.200731  Wealth:    146768.90  Turnover: 0.4850  Gross: 1.4085  Gate: 0.8170
Episode 436  Reward:   0.114475  Wealth:    128014.85  Turnover: 0.5248  Gross: 1.4070  Gate: 0.8140
Episode 437  Reward:   0.201383  Wealth:    145352.50  Turnover: 0.3901  Gross: 1.4006  Gate: 0.8012
Episode 438  Reward:   0.125627  Wealth:    132678.12  Turnover: 0.5151  Gross: 1.3798  Gate: 0.7596
Episode 439  Reward:   0.047170  Wealth:    115492.31  Turnover: 0.5074  Gross: 1.3903  Gate: 0.7807
Episode 440  Reward:   0.069570  Wealth:    119297.85  Turnover: 0.6151  Gross: 1.3809  Gate: 0.7618
Episode    440  AvgReward:   0.122847  Noise: 0.0623
Episode 441  Reward:   0.210645  Wealth:    139360.95  Turnover: 0.3247  Gross: 1.4015  Gate: 0.8030
Episode 442  Reward:   0.169892  Wealth:    131357.95  Turnover: 0.2836  Gross: 1.3987  Gate: 0.7974
Episode 443  Reward:   0.267828  Wealth:    154115.55  Turnover: 0.4370  Gross: 1.3995  Gate: 0.7990
Episode 444  Reward:   0.057411  Wealth:    116240.65  Turnover: 0.5114  Gross: 1.4037  Gate: 0.8074
Episode 445  Reward:   0.001884  Wealth:    111452.44  Turnover: 0.3619  Gross: 1.3815  Gate: 0.7629
Episode 446  Reward:   0.232293  Wealth:    154728.14  Turnover: 0.4103  Gross: 1.3851  Gate: 0.7702
Episode 447  Reward:   0.298779  Wealth:    159062.26  Turnover: 0.4512  Gross: 1.3831  Gate: 0.7662
Episode 448  Reward:   0.062409  Wealth:    114352.90  Turnover: 0.3306  Gross: 1.3873  Gate: 0.7746
Episode 449  Reward:   0.186699  Wealth:    142990.00  Turnover: 0.2979  Gross: 1.3980  Gate: 0.7959
Episode 450  Reward:   0.139787  Wealth:    127119.30  Turnover: 0.3383  Gross: 1.3867  Gate: 0.7735
Episode    450  AvgReward:   0.162763  Noise: 0.0611
Episode 451  Reward:   0.115272  Wealth:    125733.41  Turnover: 0.5967  Gross: 1.4011  Gate: 0.8023
Episode 452  Reward:  -0.168606  Wealth:     93390.20  Turnover: 0.3475  Gross: 1.3963  Gate: 0.7925
Episode 453  Reward:   0.018806  Wealth:    109579.24  Turnover: 0.3721  Gross: 1.4015  Gate: 0.8029
Episode 454  Reward:   0.107336  Wealth:    123373.62  Turnover: 0.4734  Gross: 1.3908  Gate: 0.7816
Episode 455  Reward:   0.185241  Wealth:    135179.03  Turnover: 0.3787  Gross: 1.3872  Gate: 0.7744
Episode 456  Reward:   0.243668  Wealth:    147436.65  Turnover: 0.4020  Gross: 1.3917  Gate: 0.7833
Episode 457  Reward:   0.168410  Wealth:    134918.78  Turnover: 0.6213  Gross: 1.4034  Gate: 0.8067
Episode 458  Reward:   0.319649  Wealth:    177651.63  Turnover: 0.3777  Gross: 1.3736  Gate: 0.7472
Episode 459  Reward:   0.127802  Wealth:    126357.23  Turnover: 0.4706  Gross: 1.3983  Gate: 0.7966
Episode 460  Reward:   0.062566  Wealth:    119524.93  Turnover: 0.4831  Gross: 1.4006  Gate: 0.8012
Episode    460  AvgReward:   0.118014  Noise: 0.0598
Episode 461  Reward:   0.021261  Wealth:    117496.95  Turnover: 0.4407  Gross: 1.3935  Gate: 0.7871
Episode 462  Reward:   0.370465  Wealth:    181441.30  Turnover: 0.4696  Gross: 1.3996  Gate: 0.7992
Episode 463  Reward:   0.113484  Wealth:    122387.85  Turnover: 0.5215  Gross: 1.4085  Gate: 0.8169
Episode 464  Reward:   0.206249  Wealth:    139822.44  Turnover: 0.3462  Gross: 1.3771  Gate: 0.7543
Episode 465  Reward:  -0.116055  Wealth:     96752.42  Turnover: 0.6128  Gross: 1.3880  Gate: 0.7759
Episode 466  Reward:   0.135440  Wealth:    135656.41  Turnover: 0.3185  Gross: 1.4074  Gate: 0.8148
Episode 467  Reward:   0.125288  Wealth:    124624.09  Turnover: 0.3818  Gross: 1.4059  Gate: 0.8118
Episode 468  Reward:   0.117490  Wealth:    125903.92  Turnover: 0.3830  Gross: 1.3940  Gate: 0.7881
Episode 469  Reward:  -0.126937  Wealth:     94647.37  Turnover: 0.4334  Gross: 1.4031  Gate: 0.8063
Episode 470  Reward:   0.100232  Wealth:    121971.48  Turnover: 0.3717  Gross: 1.3945  Gate: 0.7891
Episode    470  AvgReward:   0.094692  Noise: 0.0587
Episode 471  Reward:  -0.081571  Wealth:    100796.62  Turnover: 0.5752  Gross: 1.3995  Gate: 0.7990
Episode 472  Reward:   0.305789  Wealth:    161387.16  Turnover: 0.4191  Gross: 1.3898  Gate: 0.7796
Episode 473  Reward:   0.163536  Wealth:    134228.47  Turnover: 0.6236  Gross: 1.3937  Gate: 0.7875
Episode 474  Reward:   0.147167  Wealth:    129201.35  Turnover: 0.5936  Gross: 1.4052  Gate: 0.8104
Episode 475  Reward:   0.060117  Wealth:    118039.65  Turnover: 0.5419  Gross: 1.4060  Gate: 0.8120
Episode 476  Reward:   0.109183  Wealth:    123315.80  Turnover: 0.4853  Gross: 1.4027  Gate: 0.8054
Episode 477  Reward:   0.023840  Wealth:    111285.03  Turnover: 0.6327  Gross: 1.4033  Gate: 0.8065
Episode 478  Reward:   0.004600  Wealth:    109611.33  Turnover: 0.5515  Gross: 1.3951  Gate: 0.7902
Episode 479  Reward:   0.092666  Wealth:    119998.51  Turnover: 0.4003  Gross: 1.3977  Gate: 0.7954
Episode 480  Reward:   0.350157  Wealth:    172956.34  Turnover: 0.3608  Gross: 1.4075  Gate: 0.8151
Episode    480  AvgReward:   0.117548  Noise: 0.0575
Episode 481  Reward:   0.106304  Wealth:    127518.92  Turnover: 0.4122  Gross: 1.4071  Gate: 0.8143
Episode 482  Reward:   0.092924  Wealth:    125155.90  Turnover: 0.5654  Gross: 1.4066  Gate: 0.8132
Episode 483  Reward:   0.005916  Wealth:    111399.40  Turnover: 0.7314  Gross: 1.3833  Gate: 0.7666
Episode 484  Reward:   0.282745  Wealth:    153153.65  Turnover: 0.3369  Gross: 1.3982  Gate: 0.7963
Episode 485  Reward:  -0.328663  Wealth:     82108.87  Turnover: 0.4976  Gross: 1.4006  Gate: 0.8012
Episode 486  Reward:   0.065902  Wealth:    115448.12  Turnover: 0.4460  Gross: 1.3958  Gate: 0.7917
Episode 487  Reward:   0.010610  Wealth:    108731.27  Turnover: 0.4176  Gross: 1.4002  Gate: 0.8004
Episode 488  Reward:   0.023201  Wealth:    114843.45  Turnover: 0.1848  Gross: 1.3562  Gate: 0.7125
Episode 489  Reward:   0.428831  Wealth:    223428.95  Turnover: 0.3920  Gross: 1.4038  Gate: 0.8076
Episode 490  Reward:   0.255892  Wealth:    153561.38  Turnover: 0.4863  Gross: 1.4034  Gate: 0.8069
Episode    490  AvgReward:   0.094366  Noise: 0.0564
Episode 491  Reward:   0.196734  Wealth:    138816.23  Turnover: 0.5416  Gross: 1.4023  Gate: 0.8046
Episode 492  Reward:   0.258714  Wealth:    149054.38  Turnover: 0.3500  Gross: 1.4010  Gate: 0.8019
Episode 493  Reward:   0.101334  Wealth:    119530.74  Turnover: 0.4135  Gross: 1.3977  Gate: 0.7953
Episode 494  Reward:   0.032382  Wealth:    113430.78  Turnover: 0.5263  Gross: 1.4021  Gate: 0.8042
Episode 495  Reward:   0.164128  Wealth:    132886.73  Turnover: 0.5201  Gross: 1.3914  Gate: 0.7827
Episode 496  Reward:   0.203634  Wealth:    138512.16  Turnover: 0.5286  Gross: 1.3929  Gate: 0.7857
Episode 497  Reward:  -0.068093  Wealth:    103649.78  Turnover: 0.7088  Gross: 1.3819  Gate: 0.7639
Episode 498  Reward:   0.086456  Wealth:    120929.82  Turnover: 0.4997  Gross: 1.3982  Gate: 0.7963
Episode 499  Reward:   0.242692  Wealth:    155874.14  Turnover: 0.4198  Gross: 1.3994  Gate: 0.7987
Episode 500  Reward:  -0.071551  Wealth:    100159.55  Turnover: 0.2842  Gross: 1.3997  Gate: 0.7994
Episode    500  AvgReward:   0.114643  Noise: 0.0552
Episode 501  Reward:   0.037036  Wealth:    117653.46  Turnover: 0.4414  Gross: 1.4037  Gate: 0.8074
Episode 502  Reward:   0.195826  Wealth:    136031.82  Turnover: 0.3245  Gross: 1.4025  Gate: 0.8050
Episode 503  Reward:   0.019168  Wealth:    109194.16  Turnover: 0.3306  Gross: 1.3903  Gate: 0.7805
Episode 504  Reward:   0.151703  Wealth:    128347.11  Turnover: 0.3789  Gross: 1.3973  Gate: 0.7946
Episode 505  Reward:   0.197145  Wealth:    136476.50  Turnover: 0.4174  Gross: 1.4004  Gate: 0.8008
Episode 506  Reward:   0.268793  Wealth:    155469.10  Turnover: 0.5692  Gross: 1.3789  Gate: 0.7579
Episode 507  Reward:   0.187846  Wealth:    136723.17  Turnover: 0.6521  Gross: 1.3970  Gate: 0.7941
Episode 508  Reward:   0.197212  Wealth:    144463.72  Turnover: 0.5363  Gross: 1.4064  Gate: 0.8127
Episode 509  Reward:   0.059873  Wealth:    115026.10  Turnover: 0.5255  Gross: 1.3872  Gate: 0.7744
Episode 510  Reward:   0.105161  Wealth:    124741.99  Turnover: 0.6409  Gross: 1.4079  Gate: 0.8157
Episode    510  AvgReward:   0.141976  Noise: 0.0541
Episode 511  Reward:  -0.131056  Wealth:     94326.56  Turnover: 0.3266  Gross: 1.3923  Gate: 0.7846
Episode 512  Reward:  -0.059092  Wealth:    101699.94  Turnover: 0.6139  Gross: 1.3979  Gate: 0.7958
Episode 513  Reward:   0.107769  Wealth:    121750.46  Turnover: 0.5407  Gross: 1.3763  Gate: 0.7525
Episode 514  Reward:   0.141917  Wealth:    132492.11  Turnover: 0.7394  Gross: 1.3930  Gate: 0.7859
Episode 515  Reward:  -0.018930  Wealth:    105921.04  Turnover: 0.5909  Gross: 1.3895  Gate: 0.7789
Episode 516  Reward:   0.078699  Wealth:    117145.78  Turnover: 0.3675  Gross: 1.3919  Gate: 0.7838
Episode 517  Reward:  -0.024576  Wealth:    104843.93  Turnover: 0.4344  Gross: 1.4003  Gate: 0.8006
Episode 518  Reward:   0.143290  Wealth:    126724.93  Turnover: 0.3498  Gross: 1.4039  Gate: 0.8078
Episode 519  Reward:   0.306590  Wealth:    169894.11  Turnover: 0.5721  Gross: 1.4055  Gate: 0.8109
Episode 520  Reward:  -0.033546  Wealth:    108767.37  Turnover: 0.3150  Gross: 1.3963  Gate: 0.7927
Episode    520  AvgReward:   0.051107  Noise: 0.0531
Episode 521  Reward:   0.149961  Wealth:    131240.07  Turnover: 0.3348  Gross: 1.3990  Gate: 0.7981
Episode 522  Reward:   0.227830  Wealth:    148610.29  Turnover: 0.7726  Gross: 1.3983  Gate: 0.7966
Episode 523  Reward:   0.215580  Wealth:    144096.83  Turnover: 0.5672  Gross: 1.4075  Gate: 0.8150
Episode 524  Reward:   0.021706  Wealth:    114789.08  Turnover: 0.5439  Gross: 1.4011  Gate: 0.8021
Episode 525  Reward:   0.325731  Wealth:    182239.37  Turnover: 0.4763  Gross: 1.4024  Gate: 0.8048
Episode 526  Reward:   0.144416  Wealth:    127552.11  Turnover: 0.4246  Gross: 1.4089  Gate: 0.8178
Episode 527  Reward:   0.190610  Wealth:    141890.27  Turnover: 0.4249  Gross: 1.3926  Gate: 0.7851
Episode 528  Reward:  -0.039329  Wealth:    103530.81  Turnover: 0.4965  Gross: 1.3917  Gate: 0.7834
Episode 529  Reward:   0.015466  Wealth:    116316.54  Turnover: 0.2856  Gross: 1.3998  Gate: 0.7996
Episode 530  Reward:   0.049773  Wealth:    114694.55  Turnover: 0.6590  Gross: 1.3989  Gate: 0.7979
Episode    530  AvgReward:   0.130174  Noise: 0.0520
Episode 531  Reward:  -0.051322  Wealth:    101446.69  Turnover: 0.4157  Gross: 1.3757  Gate: 0.7515
Episode 532  Reward:   0.147718  Wealth:    127685.65  Turnover: 0.3186  Gross: 1.4033  Gate: 0.8066
Episode 533  Reward:   0.195753  Wealth:    135750.14  Turnover: 0.3257  Gross: 1.4070  Gate: 0.8140
Episode 534  Reward:   0.090649  Wealth:    121994.93  Turnover: 0.3543  Gross: 1.3815  Gate: 0.7629
Episode 535  Reward:   0.185517  Wealth:    134959.68  Turnover: 0.5835  Gross: 1.3975  Gate: 0.7951
Episode 536  Reward:   0.059994  Wealth:    118622.25  Turnover: 0.5583  Gross: 1.4033  Gate: 0.8065
Episode 537  Reward:   0.184644  Wealth:    132653.09  Turnover: 0.2922  Gross: 1.3949  Gate: 0.7898
Episode 538  Reward:   0.286555  Wealth:    155711.23  Turnover: 0.3426  Gross: 1.4010  Gate: 0.8020
Episode 539  Reward:   0.198444  Wealth:    139534.61  Turnover: 0.5079  Gross: 1.3894  Gate: 0.7787
Episode 540  Reward:   0.157092  Wealth:    134012.77  Turnover: 0.3805  Gross: 1.3897  Gate: 0.7793
Episode    540  AvgReward:   0.145504  Noise: 0.0510
Episode 541  Reward:   0.180497  Wealth:    133471.37  Turnover: 0.4639  Gross: 1.3928  Gate: 0.7857
Episode 542  Reward:   0.376183  Wealth:    193908.78  Turnover: 0.5018  Gross: 1.4053  Gate: 0.8106
Episode 543  Reward:  -0.034270  Wealth:    108816.62  Turnover: 0.4796  Gross: 1.3983  Gate: 0.7966
Episode 544  Reward:   0.094384  Wealth:    120899.70  Turnover: 0.6570  Gross: 1.4021  Gate: 0.8042
Episode 545  Reward:   0.126267  Wealth:    124386.68  Turnover: 0.4387  Gross: 1.3985  Gate: 0.7970
Episode 546  Reward:  -0.011579  Wealth:    106475.03  Turnover: 0.3307  Gross: 1.4080  Gate: 0.8160
Episode 547  Reward:   0.221241  Wealth:    144481.64  Turnover: 0.4936  Gross: 1.4011  Gate: 0.8022
Episode 548  Reward:  -0.122264  Wealth:     97907.75  Turnover: 0.4417  Gross: 1.3979  Gate: 0.7958
Episode 549  Reward:   0.110791  Wealth:    122277.70  Turnover: 0.4051  Gross: 1.3907  Gate: 0.7814
Episode 550  Reward:   0.170933  Wealth:    135870.64  Turnover: 0.6455  Gross: 1.3960  Gate: 0.7921
Episode    550  AvgReward:   0.111218  Noise: 0.0500
Episode 551  Reward:   0.197208  Wealth:    140363.59  Turnover: 0.4272  Gross: 1.3923  Gate: 0.7846
Episode 552  Reward:   0.227637  Wealth:    143488.22  Turnover: 0.3489  Gross: 1.4059  Gate: 0.8118
Episode 553  Reward:  -0.055150  Wealth:    105927.48  Turnover: 0.4287  Gross: 1.4025  Gate: 0.8050
Episode 554  Reward:   0.302892  Wealth:    170820.14  Turnover: 0.4363  Gross: 1.3965  Gate: 0.7930
Episode 555  Reward:   0.238703  Wealth:    143186.16  Turnover: 0.1501  Gross: 1.3951  Gate: 0.7902
Episode 556  Reward:   0.238132  Wealth:    149537.01  Turnover: 0.5164  Gross: 1.4051  Gate: 0.8102
Episode 557  Reward:   0.205372  Wealth:    138244.37  Turnover: 0.3632  Gross: 1.4004  Gate: 0.8008
Episode 558  Reward:  -0.078365  Wealth:     99525.78  Turnover: 0.3095  Gross: 1.3896  Gate: 0.7792
Episode 559  Reward:  -0.119907  Wealth:     95235.86  Turnover: 0.3579  Gross: 1.3986  Gate: 0.7971
Episode 560  Reward:   0.277530  Wealth:    156489.19  Turnover: 0.3965  Gross: 1.4080  Gate: 0.8160
Episode    560  AvgReward:   0.143405  Noise: 0.0490
Episode 561  Reward:   0.203907  Wealth:    137944.32  Turnover: 0.2425  Gross: 1.3965  Gate: 0.7931
Episode 562  Reward:   0.082365  Wealth:    120819.76  Turnover: 0.4218  Gross: 1.4041  Gate: 0.8082
Episode 563  Reward:   0.252183  Wealth:    158113.03  Turnover: 0.4023  Gross: 1.3916  Gate: 0.7833
Episode 564  Reward:   0.310869  Wealth:    169025.08  Turnover: 0.5550  Gross: 1.3993  Gate: 0.7987
Episode 565  Reward:   0.110732  Wealth:    125000.86  Turnover: 0.4106  Gross: 1.3995  Gate: 0.7990
Episode 566  Reward:   0.139481  Wealth:    134472.54  Turnover: 0.4662  Gross: 1.3994  Gate: 0.7989
Episode 567  Reward:  -0.260832  Wealth:     85648.40  Turnover: 0.4688  Gross: 1.3901  Gate: 0.7801
Episode 568  Reward:  -0.012131  Wealth:    110294.05  Turnover: 0.4194  Gross: 1.4038  Gate: 0.8075
Episode 569  Reward:   0.158631  Wealth:    132275.61  Turnover: 0.4663  Gross: 1.3960  Gate: 0.7919
Episode 570  Reward:   0.251090  Wealth:    156362.21  Turnover: 0.5100  Gross: 1.3956  Gate: 0.7912
Episode    570  AvgReward:   0.123629  Noise: 0.0480
Episode 571  Reward:   0.240361  Wealth:    147717.64  Turnover: 0.5170  Gross: 1.3933  Gate: 0.7865
Episode 572  Reward:  -0.054485  Wealth:    103730.13  Turnover: 0.5152  Gross: 1.3924  Gate: 0.7848
Episode 573  Reward:   0.188484  Wealth:    140287.62  Turnover: 0.5206  Gross: 1.3872  Gate: 0.7744
Episode 574  Reward:  -0.271330  Wealth:     84845.83  Turnover: 0.5461  Gross: 1.4041  Gate: 0.8082
Episode 575  Reward:  -0.185065  Wealth:     91213.60  Turnover: 0.3797  Gross: 1.3852  Gate: 0.7704
Episode 576  Reward:   0.101973  Wealth:    124122.14  Turnover: 0.3037  Gross: 1.4014  Gate: 0.8028
Episode 577  Reward:   0.052278  Wealth:    114738.34  Turnover: 0.4883  Gross: 1.3952  Gate: 0.7904
Episode 578  Reward:   0.107419  Wealth:    128066.88  Turnover: 0.4093  Gross: 1.3855  Gate: 0.7710
Episode 579  Reward:  -0.077009  Wealth:    101104.31  Turnover: 0.6258  Gross: 1.3884  Gate: 0.7768
Episode 580  Reward:   0.169669  Wealth:    134915.63  Turnover: 0.4592  Gross: 1.4033  Gate: 0.8065
Episode    580  AvgReward:   0.027229  Noise: 0.0471
Episode 581  Reward:   0.094450  Wealth:    122290.84  Turnover: 0.5033  Gross: 1.4013  Gate: 0.8027
Episode 582  Reward:   0.130478  Wealth:    127591.52  Turnover: 0.4738  Gross: 1.3882  Gate: 0.7764
Episode 583  Reward:   0.229581  Wealth:    153034.88  Turnover: 0.3572  Gross: 1.3995  Gate: 0.7991
Episode 584  Reward:   0.070983  Wealth:    120315.26  Turnover: 0.4664  Gross: 1.4005  Gate: 0.8011
Episode 585  Reward:   0.067667  Wealth:    121394.35  Turnover: 0.6694  Gross: 1.3911  Gate: 0.7822
Episode 586  Reward:   0.131691  Wealth:    129197.18  Turnover: 0.4083  Gross: 1.4015  Gate: 0.8030
Episode 587  Reward:   0.077009  Wealth:    116829.11  Turnover: 0.3710  Gross: 1.3919  Gate: 0.7839
Episode 588  Reward:   0.046324  Wealth:    113993.63  Turnover: 0.2826  Gross: 1.4038  Gate: 0.8076
Episode 589  Reward:  -0.024861  Wealth:    105342.63  Turnover: 0.1828  Gross: 1.4031  Gate: 0.8061
Episode 590  Reward:   0.203641  Wealth:    144065.61  Turnover: 0.4548  Gross: 1.3917  Gate: 0.7833
Episode    590  AvgReward:   0.102696  Noise: 0.0461
Episode 591  Reward:   0.203728  Wealth:    138542.31  Turnover: 0.4736  Gross: 1.4058  Gate: 0.8116
Episode 592  Reward:  -0.048221  Wealth:    105096.86  Turnover: 0.4153  Gross: 1.4135  Gate: 0.8270
Episode 593  Reward:   0.212114  Wealth:    149092.52  Turnover: 0.4668  Gross: 1.4098  Gate: 0.8196
Episode 594  Reward:   0.319182  Wealth:    164109.73  Turnover: 0.4714  Gross: 1.3823  Gate: 0.7646
Episode 595  Reward:   0.237831  Wealth:    146801.67  Turnover: 0.3990  Gross: 1.3987  Gate: 0.7975
Episode 596  Reward:   0.291645  Wealth:    168901.70  Turnover: 0.4599  Gross: 1.3923  Gate: 0.7845
Episode 597  Reward:   0.156996  Wealth:    135158.83  Turnover: 0.4535  Gross: 1.4025  Gate: 0.8051
Episode 598  Reward:   0.283751  Wealth:    166845.32  Turnover: 0.7168  Gross: 1.3968  Gate: 0.7937
Episode 599  Reward:   0.042039  Wealth:    114646.61  Turnover: 0.3279  Gross: 1.3980  Gate: 0.7960
Episode 600  Reward:  -0.030711  Wealth:    105142.50  Turnover: 0.4229  Gross: 1.4023  Gate: 0.8046
Episode    600  AvgReward:   0.166835  Noise: 0.0452
Episode 601  Reward:   0.032712  Wealth:    115490.58  Turnover: 0.4354  Gross: 1.4076  Gate: 0.8151
Episode 602  Reward:   0.350829  Wealth:    189941.03  Turnover: 0.5152  Gross: 1.4024  Gate: 0.8048
Episode 603  Reward:   0.000993  Wealth:    109049.98  Turnover: 0.4427  Gross: 1.3951  Gate: 0.7901
Episode 604  Reward:   0.168249  Wealth:    130194.63  Turnover: 0.3228  Gross: 1.3937  Gate: 0.7874
Episode 605  Reward:   0.043992  Wealth:    112798.54  Turnover: 0.3998  Gross: 1.3982  Gate: 0.7963
Episode 606  Reward:  -0.106144  Wealth:    100365.22  Turnover: 0.4191  Gross: 1.3991  Gate: 0.7983
Episode 607  Reward:   0.197344  Wealth:    144152.48  Turnover: 0.7809  Gross: 1.3990  Gate: 0.7979
Episode 608  Reward:   0.192378  Wealth:    134515.32  Turnover: 0.3822  Gross: 1.3815  Gate: 0.7630
Episode 609  Reward:   0.009303  Wealth:    108024.68  Turnover: 0.4238  Gross: 1.3941  Gate: 0.7881
Episode 610  Reward:   0.208880  Wealth:    138682.68  Turnover: 0.3037  Gross: 1.3899  Gate: 0.7798
Episode    610  AvgReward:   0.109854  Noise: 0.0443
Episode 611  Reward:   0.098767  Wealth:    124402.23  Turnover: 0.4341  Gross: 1.3965  Gate: 0.7930
Episode 612  Reward:   0.037283  Wealth:    116865.06  Turnover: 0.3902  Gross: 1.4053  Gate: 0.8106
Episode 613  Reward:   0.070476  Wealth:    119113.43  Turnover: 0.5057  Gross: 1.4049  Gate: 0.8097
Episode 614  Reward:   0.311610  Wealth:    173004.11  Turnover: 0.3174  Gross: 1.3987  Gate: 0.7974
Episode 615  Reward:   0.351695  Wealth:    175970.88  Turnover: 0.4975  Gross: 1.3833  Gate: 0.7665
Episode 616  Reward:  -0.020291  Wealth:    107557.15  Turnover: 0.4909  Gross: 1.3980  Gate: 0.7960
Episode 617  Reward:  -0.132597  Wealth:     98128.84  Turnover: 0.3790  Gross: 1.4045  Gate: 0.8089
Episode 618  Reward:   0.068376  Wealth:    121904.65  Turnover: 0.2737  Gross: 1.4006  Gate: 0.8012
Episode 619  Reward:   0.026970  Wealth:    112787.28  Turnover: 0.3666  Gross: 1.4064  Gate: 0.8128
Episode 620  Reward:   0.188426  Wealth:    139352.52  Turnover: 0.5856  Gross: 1.3956  Gate: 0.7912
Episode    620  AvgReward:   0.100071  Noise: 0.0434
Episode 621  Reward:   0.157097  Wealth:    137220.29  Turnover: 0.3548  Gross: 1.4025  Gate: 0.8051
Episode 622  Reward:  -0.020694  Wealth:    105383.08  Turnover: 0.2036  Gross: 1.4084  Gate: 0.8169
Episode 623  Reward:   0.073944  Wealth:    117362.01  Turnover: 0.2825  Gross: 1.4007  Gate: 0.8015
Episode 624  Reward:   0.173484  Wealth:    136436.93  Turnover: 0.3461  Gross: 1.3951  Gate: 0.7901
Episode 625  Reward:  -0.017330  Wealth:    106573.31  Turnover: 0.3459  Gross: 1.4051  Gate: 0.8101
Episode 626  Reward:   0.254491  Wealth:    150004.75  Turnover: 0.3278  Gross: 1.4059  Gate: 0.8119
Episode 627  Reward:   0.048503  Wealth:    113742.75  Turnover: 0.3952  Gross: 1.4032  Gate: 0.8064
Episode 628  Reward:   0.036297  Wealth:    115202.82  Turnover: 0.4583  Gross: 1.4002  Gate: 0.8003
Episode 629  Reward:   0.003837  Wealth:    110923.74  Turnover: 0.3980  Gross: 1.4055  Gate: 0.8110
Episode 630  Reward:   0.148029  Wealth:    129315.13  Turnover: 0.3617  Gross: 1.3972  Gate: 0.7944
Episode    630  AvgReward:   0.085766  Noise: 0.0426
Episode 631  Reward:  -0.013669  Wealth:    105524.94  Turnover: 0.3050  Gross: 1.4018  Gate: 0.8036
Episode 632  Reward:   0.214370  Wealth:    139900.59  Turnover: 0.4162  Gross: 1.4012  Gate: 0.8024
Episode 633  Reward:   0.000738  Wealth:    109308.57  Turnover: 0.4211  Gross: 1.4015  Gate: 0.8031
Episode 634  Reward:   0.136142  Wealth:    128198.36  Turnover: 0.3325  Gross: 1.4041  Gate: 0.8082
Episode 635  Reward:  -0.025120  Wealth:    104812.91  Turnover: 0.4681  Gross: 1.4064  Gate: 0.8128
Episode 636  Reward:   0.215994  Wealth:    142348.03  Turnover: 0.2692  Gross: 1.4016  Gate: 0.8031
Episode 637  Reward:   0.051997  Wealth:    115478.95  Turnover: 0.4967  Gross: 1.3591  Gate: 0.7183
Episode 638  Reward:   0.103996  Wealth:    122995.02  Turnover: 0.3376  Gross: 1.4027  Gate: 0.8054
Episode 639  Reward:   0.257901  Wealth:    157654.80  Turnover: 0.3598  Gross: 1.4045  Gate: 0.8090
Episode 640  Reward:   0.130219  Wealth:    126803.30  Turnover: 0.4645  Gross: 1.3997  Gate: 0.7995
Episode    640  AvgReward:   0.107257  Noise: 0.0417
Episode 641  Reward:  -0.150340  Wealth:     94131.43  Turnover: 0.4503  Gross: 1.3936  Gate: 0.7872
Episode 642  Reward:   0.494989  Wealth:    244258.58  Turnover: 0.4276  Gross: 1.4034  Gate: 0.8068
Episode 643  Reward:   0.022623  Wealth:    115455.75  Turnover: 0.6371  Gross: 1.4019  Gate: 0.8039
Episode 644  Reward:   0.192993  Wealth:    143775.85  Turnover: 0.6727  Gross: 1.3919  Gate: 0.7838
Episode 645  Reward:   0.233026  Wealth:    143911.27  Turnover: 0.3383  Gross: 1.4044  Gate: 0.8088
Episode 646  Reward:   0.132351  Wealth:    125610.47  Turnover: 0.4008  Gross: 1.4022  Gate: 0.8043
Episode 647  Reward:   0.207910  Wealth:    148591.96  Turnover: 0.3159  Gross: 1.3988  Gate: 0.7976
Episode 648  Reward:   0.039945  Wealth:    111919.03  Turnover: 0.2842  Gross: 1.4063  Gate: 0.8126
Episode 649  Reward:   0.177198  Wealth:    135841.68  Turnover: 0.3822  Gross: 1.4007  Gate: 0.8014
Episode 650  Reward:   0.110802  Wealth:    122000.70  Turnover: 0.3928  Gross: 1.4037  Gate: 0.8074
Episode    650  AvgReward:   0.146150  Noise: 0.0409
Episode 651  Reward:   0.193273  Wealth:    137158.01  Turnover: 0.4799  Gross: 1.3997  Gate: 0.7994
Episode 652  Reward:   0.060796  Wealth:    117782.37  Turnover: 0.5885  Gross: 1.3975  Gate: 0.7949
Episode 653  Reward:   0.112510  Wealth:    126087.89  Turnover: 0.4477  Gross: 1.3804  Gate: 0.7609
Episode 654  Reward:   0.049380  Wealth:    114068.05  Turnover: 0.4144  Gross: 1.3943  Gate: 0.7886
Episode 655  Reward:   0.178141  Wealth:    135747.22  Turnover: 0.5063  Gross: 1.4062  Gate: 0.8125
Episode 656  Reward:   0.139887  Wealth:    132909.04  Turnover: 0.6019  Gross: 1.3995  Gate: 0.7991
Episode 657  Reward:   0.118406  Wealth:    122365.42  Turnover: 0.3185  Gross: 1.4010  Gate: 0.8019
Episode 658  Reward:   0.143427  Wealth:    131692.36  Turnover: 0.4618  Gross: 1.4068  Gate: 0.8136
Episode 659  Reward:   0.179207  Wealth:    141785.98  Turnover: 0.4978  Gross: 1.4067  Gate: 0.8134
Episode 660  Reward:   0.021250  Wealth:    110903.31  Turnover: 0.4489  Gross: 1.3859  Gate: 0.7718
Episode    660  AvgReward:   0.119628  Noise: 0.0401
Episode 661  Reward:   0.167549  Wealth:    131403.97  Turnover: 0.3695  Gross: 1.4018  Gate: 0.8036
Episode 662  Reward:   0.309291  Wealth:    161747.57  Turnover: 0.4212  Gross: 1.3954  Gate: 0.7908
Episode 663  Reward:   0.143500  Wealth:    130538.16  Turnover: 0.5972  Gross: 1.3945  Gate: 0.7891
Episode 664  Reward:   0.071917  Wealth:    121009.94  Turnover: 0.5299  Gross: 1.4019  Gate: 0.8039
Episode 665  Reward:   0.101399  Wealth:    123075.89  Turnover: 0.5442  Gross: 1.3993  Gate: 0.7985
Episode 666  Reward:   0.028487  Wealth:    113433.10  Turnover: 0.6589  Gross: 1.4036  Gate: 0.8072
Episode 667  Reward:   0.064798  Wealth:    115444.51  Turnover: 0.3264  Gross: 1.3987  Gate: 0.7975
Episode 668  Reward:   0.123581  Wealth:    128842.01  Turnover: 0.3783  Gross: 1.4008  Gate: 0.8017
Episode 669  Reward:   0.099532  Wealth:    125434.65  Turnover: 0.3687  Gross: 1.4033  Gate: 0.8067
Episode 670  Reward:   0.353067  Wealth:    191954.99  Turnover: 0.4647  Gross: 1.4005  Gate: 0.8010
Episode    670  AvgReward:   0.146312  Noise: 0.0393
Episode 671  Reward:   0.146485  Wealth:    131993.73  Turnover: 0.4713  Gross: 1.4027  Gate: 0.8055
Episode 672  Reward:   0.146392  Wealth:    134374.96  Turnover: 0.5083  Gross: 1.4024  Gate: 0.8048
Episode 673  Reward:   0.041969  Wealth:    115416.11  Turnover: 0.7536  Gross: 1.3957  Gate: 0.7914
Episode 674  Reward:   0.355486  Wealth:    175651.08  Turnover: 0.4197  Gross: 1.4024  Gate: 0.8047
Episode 675  Reward:   0.143426  Wealth:    133005.95  Turnover: 0.4121  Gross: 1.3958  Gate: 0.7915
Episode 676  Reward:  -0.211237  Wealth:     90285.88  Turnover: 0.3948  Gross: 1.4027  Gate: 0.8055
Episode 677  Reward:   0.247385  Wealth:    146569.18  Turnover: 0.3720  Gross: 1.4038  Gate: 0.8077
Episode 678  Reward:  -0.078401  Wealth:    103271.47  Turnover: 0.5185  Gross: 1.4063  Gate: 0.8126
Episode 679  Reward:   0.167974  Wealth:    134327.50  Turnover: 0.4995  Gross: 1.4057  Gate: 0.8114
Episode 680  Reward:   0.183883  Wealth:    135910.16  Turnover: 0.5589  Gross: 1.3841  Gate: 0.7682
Episode    680  AvgReward:   0.114336  Noise: 0.0385
Episode 681  Reward:   0.319173  Wealth:    163970.56  Turnover: 0.4858  Gross: 1.3974  Gate: 0.7949
Episode 682  Reward:   0.173223  Wealth:    133692.76  Turnover: 0.4142  Gross: 1.4001  Gate: 0.8001
Episode 683  Reward:   0.288048  Wealth:    154060.74  Turnover: 0.4205  Gross: 1.3966  Gate: 0.7933
Episode 684  Reward:   0.082303  Wealth:    118713.26  Turnover: 0.3848  Gross: 1.3971  Gate: 0.7942
Episode 685  Reward:   0.109397  Wealth:    121310.25  Turnover: 0.4029  Gross: 1.3990  Gate: 0.7981
Episode 686  Reward:  -0.094823  Wealth:    100072.43  Turnover: 0.5062  Gross: 1.3876  Gate: 0.7753
Episode 687  Reward:   0.101620  Wealth:    120953.03  Turnover: 0.6605  Gross: 1.3735  Gate: 0.7470
Episode 688  Reward:   0.229596  Wealth:    150075.37  Turnover: 0.4850  Gross: 1.4018  Gate: 0.8036
Episode 689  Reward:   0.122259  Wealth:    130717.15  Turnover: 0.5486  Gross: 1.3992  Gate: 0.7984
Episode 690  Reward:   0.046124  Wealth:    116144.21  Turnover: 0.3690  Gross: 1.4014  Gate: 0.8027
Episode    690  AvgReward:   0.137692  Noise: 0.0378
Episode 691  Reward:   0.031827  Wealth:    110109.02  Turnover: 0.3443  Gross: 1.4000  Gate: 0.8001
Episode 692  Reward:   0.071366  Wealth:    116691.55  Turnover: 0.2848  Gross: 1.4036  Gate: 0.8072
Episode 693  Reward:  -0.071061  Wealth:    100768.37  Turnover: 0.6209  Gross: 1.3948  Gate: 0.7896
Episode 694  Reward:   0.360680  Wealth:    186269.21  Turnover: 0.6571  Gross: 1.3918  Gate: 0.7836
Episode 695  Reward:   0.296540  Wealth:    167600.62  Turnover: 0.4388  Gross: 1.3892  Gate: 0.7784
Episode 696  Reward:   0.150803  Wealth:    128223.21  Turnover: 0.4139  Gross: 1.4058  Gate: 0.8115
Episode 697  Reward:  -0.070123  Wealth:    102388.28  Turnover: 0.6051  Gross: 1.3892  Gate: 0.7783
Episode 698  Reward:   0.224313  Wealth:    148289.47  Turnover: 0.4313  Gross: 1.3922  Gate: 0.7845
Episode 699  Reward:   0.183325  Wealth:    135379.88  Turnover: 0.3769  Gross: 1.4028  Gate: 0.8055
Episode 700  Reward:   0.068838  Wealth:    115294.61  Turnover: 0.2374  Gross: 1.4064  Gate: 0.8129
Episode    700  AvgReward:   0.124651  Noise: 0.0370
Episode 701  Reward:   0.274801  Wealth:    162642.33  Turnover: 0.5577  Gross: 1.4060  Gate: 0.8119
Episode 702  Reward:   0.165444  Wealth:    137999.35  Turnover: 0.3239  Gross: 1.3926  Gate: 0.7852
Episode 703  Reward:   0.018788  Wealth:    110595.54  Turnover: 0.7369  Gross: 1.3905  Gate: 0.7810
Episode 704  Reward:   0.102121  Wealth:    126122.76  Turnover: 0.7437  Gross: 1.4017  Gate: 0.8034
Episode 705  Reward:   0.177663  Wealth:    137184.12  Turnover: 0.3403  Gross: 1.3990  Gate: 0.7979
Episode 706  Reward:   0.243350  Wealth:    150181.07  Turnover: 0.5944  Gross: 1.4081  Gate: 0.8162
Episode 707  Reward:   0.234705  Wealth:    145480.92  Turnover: 0.4017  Gross: 1.3929  Gate: 0.7859
Episode 708  Reward:   0.084151  Wealth:    119126.62  Turnover: 0.7661  Gross: 1.3926  Gate: 0.7853
Episode 709  Reward:   0.205527  Wealth:    140287.11  Turnover: 0.3937  Gross: 1.4091  Gate: 0.8182
Episode 710  Reward:  -0.093225  Wealth:    101575.84  Turnover: 0.4349  Gross: 1.4022  Gate: 0.8043
Episode    710  AvgReward:   0.141333  Noise: 0.0363
Episode 711  Reward:  -0.114569  Wealth:     96756.50  Turnover: 0.6334  Gross: 1.3889  Gate: 0.7778
Episode 712  Reward:   0.095686  Wealth:    120862.91  Turnover: 0.4622  Gross: 1.3983  Gate: 0.7966
Episode 713  Reward:  -0.386592  Wealth:     78624.99  Turnover: 0.3670  Gross: 1.3974  Gate: 0.7947
Episode 714  Reward:   0.050992  Wealth:    115663.53  Turnover: 0.4458  Gross: 1.4022  Gate: 0.8045
Episode 715  Reward:  -0.208808  Wealth:     91163.90  Turnover: 0.6730  Gross: 1.3914  Gate: 0.7828
Episode 716  Reward:   0.218857  Wealth:    142661.88  Turnover: 0.6093  Gross: 1.4039  Gate: 0.8079
Episode 717  Reward:   0.252166  Wealth:    147395.61  Turnover: 0.3668  Gross: 1.4034  Gate: 0.8068
Episode 718  Reward:   0.197271  Wealth:    139558.84  Turnover: 0.4294  Gross: 1.3956  Gate: 0.7912
Episode 719  Reward:   0.063500  Wealth:    117084.96  Turnover: 0.2436  Gross: 1.3909  Gate: 0.7818
Episode 720  Reward:   0.051996  Wealth:    113597.62  Turnover: 0.3982  Gross: 1.3894  Gate: 0.7789
Episode    720  AvgReward:   0.022050  Noise: 0.0356
Episode 721  Reward:   0.095014  Wealth:    118843.66  Turnover: 0.3512  Gross: 1.4034  Gate: 0.8067
Episode 722  Reward:  -0.111846  Wealth:     98745.13  Turnover: 0.4735  Gross: 1.4006  Gate: 0.8013
Episode 723  Reward:   0.325053  Wealth:    168735.32  Turnover: 0.4005  Gross: 1.4017  Gate: 0.8033
Episode 724  Reward:   0.065285  Wealth:    119024.09  Turnover: 0.3902  Gross: 1.3980  Gate: 0.7959
Episode 725  Reward:   0.165709  Wealth:    133345.33  Turnover: 0.4015  Gross: 1.3972  Gate: 0.7943
Episode 726  Reward:  -0.036198  Wealth:    102675.53  Turnover: 0.2600  Gross: 1.4026  Gate: 0.8052
Episode 727  Reward:   0.153060  Wealth:    129534.44  Turnover: 0.7559  Gross: 1.3946  Gate: 0.7892
Episode 728  Reward:   0.208029  Wealth:    146725.87  Turnover: 0.4901  Gross: 1.4034  Gate: 0.8068
Episode 729  Reward:  -0.156286  Wealth:     92764.36  Turnover: 0.5091  Gross: 1.4034  Gate: 0.8067
Episode 730  Reward:  -0.028428  Wealth:    103592.97  Turnover: 0.4492  Gross: 1.4023  Gate: 0.8047
Episode    730  AvgReward:   0.067939  Noise: 0.0349
Episode 731  Reward:   0.081523  Wealth:    118812.89  Turnover: 0.4400  Gross: 1.4011  Gate: 0.8021
Episode 732  Reward:   0.112832  Wealth:    121205.46  Turnover: 0.4403  Gross: 1.3974  Gate: 0.7949
Episode 733  Reward:   0.131056  Wealth:    128817.83  Turnover: 0.7252  Gross: 1.3949  Gate: 0.7898
Episode 734  Reward:   0.136914  Wealth:    127132.34  Turnover: 0.6186  Gross: 1.4009  Gate: 0.8019
Episode 735  Reward:   0.201411  Wealth:    136643.31  Turnover: 0.3250  Gross: 1.3919  Gate: 0.7838
Episode 736  Reward:  -0.382300  Wealth:     78965.97  Turnover: 0.5048  Gross: 1.3922  Gate: 0.7845
Episode 737  Reward:   0.020818  Wealth:    112161.17  Turnover: 0.6087  Gross: 1.3943  Gate: 0.7886
Episode 738  Reward:   0.224291  Wealth:    144591.00  Turnover: 0.5807  Gross: 1.4016  Gate: 0.8032
Episode 739  Reward:   0.235804  Wealth:    142585.11  Turnover: 0.5405  Gross: 1.3946  Gate: 0.7893
Episode 740  Reward:  -0.008596  Wealth:    109296.62  Turnover: 0.5093  Gross: 1.4052  Gate: 0.8104
Episode    740  AvgReward:   0.075375  Noise: 0.0342
Episode 741  Reward:   0.034804  Wealth:    114335.94  Turnover: 0.5609  Gross: 1.4035  Gate: 0.8071
Episode 742  Reward:   0.227267  Wealth:    150129.48  Turnover: 0.7299  Gross: 1.3819  Gate: 0.7639
Episode 743  Reward:   0.017550  Wealth:    108351.93  Turnover: 0.4069  Gross: 1.3935  Gate: 0.7870
Episode 744  Reward:   0.037853  Wealth:    113801.03  Turnover: 0.5947  Gross: 1.4022  Gate: 0.8043
Episode 745  Reward:   0.049332  Wealth:    115348.39  Turnover: 0.4324  Gross: 1.4064  Gate: 0.8129
Episode 746  Reward:  -0.167108  Wealth:     91722.69  Turnover: 0.3091  Gross: 1.3879  Gate: 0.7758
Episode 747  Reward:   0.044878  Wealth:    117884.66  Turnover: 0.5508  Gross: 1.3995  Gate: 0.7990
Episode 748  Reward:   0.105655  Wealth:    119905.13  Turnover: 0.4416  Gross: 1.4011  Gate: 0.8022
Episode 749  Reward:   0.036329  Wealth:    112559.13  Turnover: 0.4159  Gross: 1.4009  Gate: 0.8017
Episode 750  Reward:   0.028583  Wealth:    114035.22  Turnover: 0.3623  Gross: 1.3861  Gate: 0.7722
Episode    750  AvgReward:   0.041514  Noise: 0.0335
Episode 751  Reward:   0.218455  Wealth:    139206.58  Turnover: 0.5293  Gross: 1.3901  Gate: 0.7802
Episode 752  Reward:  -0.003739  Wealth:    107240.38  Turnover: 0.3282  Gross: 1.4018  Gate: 0.8035
Episode 753  Reward:  -0.292482  Wealth:     82603.21  Turnover: 0.3608  Gross: 1.4061  Gate: 0.8123
Episode 754  Reward:   0.144146  Wealth:    130324.00  Turnover: 0.4205  Gross: 1.3916  Gate: 0.7832
Episode 755  Reward:   0.048774  Wealth:    119751.52  Turnover: 0.3902  Gross: 1.3962  Gate: 0.7924
Episode 756  Reward:   0.214372  Wealth:    145518.83  Turnover: 0.3055  Gross: 1.3966  Gate: 0.7932
Episode 757  Reward:   0.149620  Wealth:    127583.93  Turnover: 0.5465  Gross: 1.3823  Gate: 0.7646
Episode 758  Reward:   0.309866  Wealth:    168588.82  Turnover: 0.5589  Gross: 1.4027  Gate: 0.8054
Episode 759  Reward:   0.111892  Wealth:    122026.06  Turnover: 0.2859  Gross: 1.4085  Gate: 0.8170
Episode 760  Reward:   0.086986  Wealth:    119225.89  Turnover: 0.2242  Gross: 1.4071  Gate: 0.8143
Episode    760  AvgReward:   0.098789  Noise: 0.0328
Episode 761  Reward:   0.021151  Wealth:    111233.29  Turnover: 0.4938  Gross: 1.3848  Gate: 0.7696
Episode 762  Reward:   0.061805  Wealth:    115958.68  Turnover: 0.4300  Gross: 1.3950  Gate: 0.7900
Episode 763  Reward:   0.054347  Wealth:    115356.18  Turnover: 0.3521  Gross: 1.4066  Gate: 0.8133
Episode 764  Reward:   0.041829  Wealth:    113207.48  Turnover: 0.4674  Gross: 1.4054  Gate: 0.8109
Episode 765  Reward:   0.167579  Wealth:    130687.52  Turnover: 0.4020  Gross: 1.4064  Gate: 0.8129
Episode 766  Reward:   0.080445  Wealth:    118042.44  Turnover: 0.5839  Gross: 1.3939  Gate: 0.7877
Episode 767  Reward:   0.225714  Wealth:    143610.13  Turnover: 0.3036  Gross: 1.4016  Gate: 0.8033
Episode 768  Reward:   0.126607  Wealth:    123049.17  Turnover: 0.4024  Gross: 1.3859  Gate: 0.7718
Episode 769  Reward:   0.294244  Wealth:    167295.64  Turnover: 0.5049  Gross: 1.4055  Gate: 0.8110
Episode 770  Reward:   0.217774  Wealth:    144155.72  Turnover: 0.4154  Gross: 1.4047  Gate: 0.8093
Episode    770  AvgReward:   0.129149  Noise: 0.0322
Episode 771  Reward:  -0.077868  Wealth:     98971.31  Turnover: 0.2146  Gross: 1.4030  Gate: 0.8059
Episode 772  Reward:  -0.092907  Wealth:    102271.04  Turnover: 0.4350  Gross: 1.3980  Gate: 0.7960
Episode 773  Reward:   0.251078  Wealth:    147260.68  Turnover: 0.4133  Gross: 1.4090  Gate: 0.8181
Episode 774  Reward:   0.208109  Wealth:    139300.03  Turnover: 0.3685  Gross: 1.4027  Gate: 0.8054
Episode 775  Reward:   0.103779  Wealth:    124416.39  Turnover: 0.4268  Gross: 1.4018  Gate: 0.8035
Episode 776  Reward:  -0.220449  Wealth:     90454.40  Turnover: 0.4193  Gross: 1.3947  Gate: 0.7893
Episode 777  Reward:   0.004575  Wealth:    112657.41  Turnover: 0.5710  Gross: 1.4053  Gate: 0.8106
Episode 778  Reward:   0.085126  Wealth:    121704.03  Turnover: 0.4555  Gross: 1.3977  Gate: 0.7953
Episode 779  Reward:   0.260157  Wealth:    157544.77  Turnover: 0.7757  Gross: 1.4029  Gate: 0.8057
Episode 780  Reward:  -0.145672  Wealth:     97143.70  Turnover: 0.4166  Gross: 1.3984  Gate: 0.7968
Episode    780  AvgReward:   0.037593  Noise: 0.0315
Episode 781  Reward:   0.052389  Wealth:    120233.40  Turnover: 0.4177  Gross: 1.4022  Gate: 0.8045
Episode 782  Reward:  -0.029972  Wealth:    106896.13  Turnover: 0.5597  Gross: 1.3902  Gate: 0.7803
Episode 783  Reward:   0.193681  Wealth:    138784.90  Turnover: 0.4701  Gross: 1.3971  Gate: 0.7942
Episode 784  Reward:   0.317454  Wealth:    168717.47  Turnover: 0.6261  Gross: 1.3974  Gate: 0.7949
Episode 785  Reward:   0.207171  Wealth:    137368.18  Turnover: 0.4595  Gross: 1.4042  Gate: 0.8084
Episode 786  Reward:   0.121834  Wealth:    129275.36  Turnover: 0.4873  Gross: 1.4027  Gate: 0.8054
Episode 787  Reward:   0.206272  Wealth:    147292.64  Turnover: 0.5772  Gross: 1.4059  Gate: 0.8117
Episode 788  Reward:   0.159609  Wealth:    128112.11  Turnover: 0.3085  Gross: 1.3971  Gate: 0.7942
Episode 789  Reward:  -0.010599  Wealth:    109032.81  Turnover: 0.7793  Gross: 1.3934  Gate: 0.7869
Episode 790  Reward:  -0.065427  Wealth:    103389.24  Turnover: 0.7447  Gross: 1.3847  Gate: 0.7694
Episode    790  AvgReward:   0.115241  Noise: 0.0309
Episode 791  Reward:   0.178382  Wealth:    135002.15  Turnover: 0.2941  Gross: 1.4013  Gate: 0.8026
Episode 792  Reward:  -0.324025  Wealth:     81805.16  Turnover: 0.4809  Gross: 1.3863  Gate: 0.7726
Episode 793  Reward:   0.127725  Wealth:    123736.51  Turnover: 0.3713  Gross: 1.4002  Gate: 0.8003
Episode 794  Reward:   0.079036  Wealth:    124309.38  Turnover: 0.5604  Gross: 1.3950  Gate: 0.7900
Episode 795  Reward:  -0.073093  Wealth:    101039.27  Turnover: 0.2549  Gross: 1.4025  Gate: 0.8050
Episode 796  Reward:   0.197326  Wealth:    137036.18  Turnover: 0.4223  Gross: 1.4068  Gate: 0.8137
Episode 797  Reward:  -0.159855  Wealth:     94237.34  Turnover: 0.3872  Gross: 1.3979  Gate: 0.7959
Episode 798  Reward:   0.306922  Wealth:    162182.84  Turnover: 0.4315  Gross: 1.3991  Gate: 0.7982
Episode 799  Reward:   0.152915  Wealth:    128370.19  Turnover: 0.2463  Gross: 1.4047  Gate: 0.8093
Episode 800  Reward:   0.224047  Wealth:    142198.21  Turnover: 0.4071  Gross: 1.4050  Gate: 0.8100
Episode    800  AvgReward:   0.070938  Noise: 0.0303
Episode 801  Reward:   0.185654  Wealth:    134343.76  Turnover: 0.5400  Gross: 1.3735  Gate: 0.7469
Episode 802  Reward:   0.146322  Wealth:    130584.52  Turnover: 0.3292  Gross: 1.3981  Gate: 0.7963
Episode 803  Reward:   0.136994  Wealth:    129782.69  Turnover: 0.3239  Gross: 1.4035  Gate: 0.8070
Episode 804  Reward:   0.013081  Wealth:    109265.60  Turnover: 0.6426  Gross: 1.3903  Gate: 0.7806
Episode 805  Reward:  -0.012124  Wealth:    112431.95  Turnover: 0.4448  Gross: 1.3982  Gate: 0.7965
Episode 806  Reward:   0.091875  Wealth:    121674.07  Turnover: 0.3760  Gross: 1.4024  Gate: 0.8049
Episode 807  Reward:   0.332061  Wealth:    171418.85  Turnover: 0.3605  Gross: 1.3994  Gate: 0.7988
Episode 808  Reward:   0.169369  Wealth:    132508.75  Turnover: 0.3147  Gross: 1.3966  Gate: 0.7932
Episode 809  Reward:   0.024730  Wealth:    115386.75  Turnover: 0.5274  Gross: 1.4045  Gate: 0.8090
Episode 810  Reward:  -0.037094  Wealth:    102372.14  Turnover: 0.3272  Gross: 1.3980  Gate: 0.7961
Episode    810  AvgReward:   0.105087  Noise: 0.0297
Episode 811  Reward:   0.180032  Wealth:    134002.01  Turnover: 0.3544  Gross: 1.4001  Gate: 0.8002
Episode 812  Reward:   0.320113  Wealth:    170185.47  Turnover: 0.4248  Gross: 1.4026  Gate: 0.8052
Episode 813  Reward:  -0.172406  Wealth:     94206.50  Turnover: 0.5890  Gross: 1.3953  Gate: 0.7906
Episode 814  Reward:   0.243631  Wealth:    144456.33  Turnover: 0.3608  Gross: 1.3976  Gate: 0.7953
Episode 815  Reward:   0.276829  Wealth:    154150.25  Turnover: 0.3064  Gross: 1.4067  Gate: 0.8134
Episode 816  Reward:   0.176296  Wealth:    135615.01  Turnover: 0.3593  Gross: 1.3916  Gate: 0.7832
Episode 817  Reward:   0.053471  Wealth:    119834.81  Turnover: 0.4612  Gross: 1.3917  Gate: 0.7835
Episode 818  Reward:   0.160995  Wealth:    136274.13  Turnover: 0.5258  Gross: 1.3994  Gate: 0.7989
Episode 819  Reward:   0.171325  Wealth:    135123.87  Turnover: 0.3775  Gross: 1.3973  Gate: 0.7945
Episode 820  Reward:   0.220266  Wealth:    148330.66  Turnover: 0.4875  Gross: 1.3923  Gate: 0.7845
Episode    820  AvgReward:   0.163055  Noise: 0.0291
Episode 821  Reward:  -0.037333  Wealth:    104874.56  Turnover: 0.6086  Gross: 1.4027  Gate: 0.8054
Episode 822  Reward:   0.069614  Wealth:    119093.46  Turnover: 0.3876  Gross: 1.4056  Gate: 0.8113
Episode 823  Reward:   0.212635  Wealth:    144248.85  Turnover: 0.4612  Gross: 1.4021  Gate: 0.8041
Episode 824  Reward:  -0.169174  Wealth:     96141.72  Turnover: 0.2383  Gross: 1.3907  Gate: 0.7815
Episode 825  Reward:   0.334257  Wealth:    171683.28  Turnover: 0.5274  Gross: 1.3947  Gate: 0.7894
Episode 826  Reward:  -0.242300  Wealth:     87705.07  Turnover: 0.5761  Gross: 1.4002  Gate: 0.8005
Episode 827  Reward:   0.321513  Wealth:    165665.14  Turnover: 0.3010  Gross: 1.3910  Gate: 0.7820
Episode 828  Reward:   0.025607  Wealth:    111568.32  Turnover: 0.2244  Gross: 1.3943  Gate: 0.7886
Episode 829  Reward:   0.226403  Wealth:    141932.51  Turnover: 0.2282  Gross: 1.4019  Gate: 0.8037
Episode 830  Reward:   0.059737  Wealth:    116810.88  Turnover: 0.7365  Gross: 1.3913  Gate: 0.7826
Episode    830  AvgReward:   0.080096  Noise: 0.0285
Episode 831  Reward:   0.160396  Wealth:    138589.83  Turnover: 0.5985  Gross: 1.4019  Gate: 0.8038
Episode 832  Reward:   0.323764  Wealth:    173067.70  Turnover: 0.4652  Gross: 1.3954  Gate: 0.7908
Episode 833  Reward:   0.043082  Wealth:    112275.71  Turnover: 0.5912  Gross: 1.3850  Gate: 0.7701
Episode 834  Reward:   0.311569  Wealth:    170651.22  Turnover: 0.4155  Gross: 1.3890  Gate: 0.7781
Episode 835  Reward:   0.305014  Wealth:    160317.93  Turnover: 0.3522  Gross: 1.3978  Gate: 0.7957
Episode 836  Reward:   0.282987  Wealth:    159043.91  Turnover: 0.5195  Gross: 1.3970  Gate: 0.7940
Episode 837  Reward:  -0.096314  Wealth:     98437.42  Turnover: 0.4410  Gross: 1.3959  Gate: 0.7919
Episode 838  Reward:   0.158382  Wealth:    131270.84  Turnover: 0.4684  Gross: 1.4010  Gate: 0.8019
Episode 839  Reward:   0.036354  Wealth:    116082.28  Turnover: 0.4902  Gross: 1.4002  Gate: 0.8004
Episode 840  Reward:   0.164254  Wealth:    137543.79  Turnover: 0.4111  Gross: 1.3968  Gate: 0.7935
Episode    840  AvgReward:   0.168949  Noise: 0.0280
Episode 841  Reward:   0.144497  Wealth:    129883.02  Turnover: 0.4564  Gross: 1.4011  Gate: 0.8023
Episode 842  Reward:   0.044620  Wealth:    116796.46  Turnover: 0.5815  Gross: 1.3971  Gate: 0.7941
Episode 843  Reward:  -0.026155  Wealth:    106547.40  Turnover: 0.3998  Gross: 1.4010  Gate: 0.8020
Episode 844  Reward:   0.157663  Wealth:    128876.88  Turnover: 0.4823  Gross: 1.3957  Gate: 0.7914
Episode 845  Reward:   0.079740  Wealth:    120145.44  Turnover: 0.3550  Gross: 1.3945  Gate: 0.7889
Episode 846  Reward:   0.185631  Wealth:    139373.29  Turnover: 0.3686  Gross: 1.4021  Gate: 0.8042
Episode 847  Reward:   0.271438  Wealth:    157463.58  Turnover: 0.4647  Gross: 1.3987  Gate: 0.7974
Episode 848  Reward:  -0.071880  Wealth:    102026.54  Turnover: 0.4365  Gross: 1.3956  Gate: 0.7912
Episode 849  Reward:   0.237344  Wealth:    144485.26  Turnover: 0.2900  Gross: 1.4041  Gate: 0.8081
Episode 850  Reward:   0.037589  Wealth:    110562.23  Turnover: 0.2767  Gross: 1.3940  Gate: 0.7880
Episode    850  AvgReward:   0.106049  Noise: 0.0274
Episode 851  Reward:  -0.006010  Wealth:    105938.56  Turnover: 0.3000  Gross: 1.3978  Gate: 0.7956
Episode 852  Reward:   0.300062  Wealth:    166613.61  Turnover: 0.4468  Gross: 1.4075  Gate: 0.8149
Episode 853  Reward:   0.146547  Wealth:    134389.49  Turnover: 0.5917  Gross: 1.3972  Gate: 0.7943
Episode 854  Reward:   0.152877  Wealth:    128783.76  Turnover: 0.3341  Gross: 1.3942  Gate: 0.7884
Episode 855  Reward:   0.111598  Wealth:    127726.35  Turnover: 0.4818  Gross: 1.4071  Gate: 0.8142
Episode 856  Reward:  -0.133199  Wealth:     97658.93  Turnover: 0.3606  Gross: 1.3995  Gate: 0.7990
Episode 857  Reward:   0.258234  Wealth:    155957.20  Turnover: 0.4405  Gross: 1.4051  Gate: 0.8103
Episode 858  Reward:   0.289747  Wealth:    163406.86  Turnover: 0.4777  Gross: 1.3925  Gate: 0.7850
Episode 859  Reward:   0.252011  Wealth:    148201.64  Turnover: 0.2585  Gross: 1.3986  Gate: 0.7972
Episode 860  Reward:   0.263970  Wealth:    155453.76  Turnover: 0.4628  Gross: 1.3988  Gate: 0.7976
Episode    860  AvgReward:   0.163584  Noise: 0.0269
Episode 861  Reward:   0.191362  Wealth:    138752.40  Turnover: 0.4566  Gross: 1.3985  Gate: 0.7969
Episode 862  Reward:   0.003959  Wealth:    109088.34  Turnover: 0.5621  Gross: 1.3814  Gate: 0.7627
Episode 863  Reward:   0.021217  Wealth:    111827.28  Turnover: 0.3823  Gross: 1.4054  Gate: 0.8107
Episode 864  Reward:  -0.025206  Wealth:    106466.22  Turnover: 0.7474  Gross: 1.3946  Gate: 0.7892
Episode 865  Reward:  -0.119640  Wealth:     96091.31  Turnover: 0.5018  Gross: 1.4029  Gate: 0.8057
Episode 866  Reward:   0.144084  Wealth:    127440.43  Turnover: 0.3826  Gross: 1.3984  Gate: 0.7968
Episode 867  Reward:   0.040818  Wealth:    114495.59  Turnover: 0.3677  Gross: 1.3866  Gate: 0.7732
Episode 868  Reward:   0.184908  Wealth:    134798.87  Turnover: 0.3713  Gross: 1.3997  Gate: 0.7994
Episode 869  Reward:   0.123837  Wealth:    123614.47  Turnover: 0.5253  Gross: 1.3893  Gate: 0.7785
Episode 870  Reward:   0.194637  Wealth:    141692.24  Turnover: 0.4486  Gross: 1.3946  Gate: 0.7892
Episode    870  AvgReward:   0.075998  Noise: 0.0263
Episode 871  Reward:  -0.062848  Wealth:    102943.78  Turnover: 0.4904  Gross: 1.4059  Gate: 0.8117
Episode 872  Reward:   0.223776  Wealth:    146163.83  Turnover: 0.4769  Gross: 1.3928  Gate: 0.7855
Episode 873  Reward:   0.084000  Wealth:    121840.35  Turnover: 0.3087  Gross: 1.3992  Gate: 0.7985
Episode 874  Reward:  -0.122330  Wealth:     95133.61  Turnover: 0.4541  Gross: 1.4029  Gate: 0.8058
Episode 875  Reward:   0.201930  Wealth:    139008.96  Turnover: 0.3885  Gross: 1.3993  Gate: 0.7986
Episode 876  Reward:  -0.208930  Wealth:     91222.35  Turnover: 0.2687  Gross: 1.4004  Gate: 0.8008
Episode 877  Reward:   0.257819  Wealth:    152935.40  Turnover: 0.3224  Gross: 1.4011  Gate: 0.8021
Episode 878  Reward:   0.076386  Wealth:    117659.99  Turnover: 0.2900  Gross: 1.4035  Gate: 0.8071
Episode 879  Reward:   0.172646  Wealth:    136596.45  Turnover: 0.5102  Gross: 1.3966  Gate: 0.7932
Episode 880  Reward:  -0.523177  Wealth:     70908.50  Turnover: 0.4163  Gross: 1.3960  Gate: 0.7920
Episode    880  AvgReward:   0.009927  Noise: 0.0258
Episode 881  Reward:   0.259990  Wealth:    155556.08  Turnover: 0.3326  Gross: 1.4020  Gate: 0.8040
Episode 882  Reward:   0.011357  Wealth:    112607.86  Turnover: 0.3966  Gross: 1.4000  Gate: 0.7999
Episode 883  Reward:   0.149953  Wealth:    130966.10  Turnover: 0.3148  Gross: 1.3896  Gate: 0.7793
Episode 884  Reward:  -0.145932  Wealth:     93367.80  Turnover: 0.5414  Gross: 1.3906  Gate: 0.7812
Episode 885  Reward:  -0.066183  Wealth:    104698.29  Turnover: 0.5543  Gross: 1.4038  Gate: 0.8075
Episode 886  Reward:   0.020837  Wealth:    110256.62  Turnover: 0.2755  Gross: 1.3913  Gate: 0.7825
Episode 887  Reward:   0.252916  Wealth:    148316.49  Turnover: 0.6182  Gross: 1.4005  Gate: 0.8010
Episode 888  Reward:   0.217455  Wealth:    148819.84  Turnover: 0.5168  Gross: 1.4032  Gate: 0.8064
Episode 889  Reward:   0.171398  Wealth:    132031.79  Turnover: 0.1511  Gross: 1.4024  Gate: 0.8047
Episode 890  Reward:  -0.017057  Wealth:    106794.86  Turnover: 0.4940  Gross: 1.3931  Gate: 0.7862
Episode    890  AvgReward:   0.085474  Noise: 0.0253
Episode 891  Reward:   0.087917  Wealth:    120374.39  Turnover: 0.2836  Gross: 1.4018  Gate: 0.8037
Episode 892  Reward:   0.155019  Wealth:    128591.39  Turnover: 0.2492  Gross: 1.3973  Gate: 0.7947
Episode 893  Reward:   0.070195  Wealth:    117430.48  Turnover: 0.2805  Gross: 1.4011  Gate: 0.8021
Episode 894  Reward:   0.028691  Wealth:    113938.57  Turnover: 0.5002  Gross: 1.4048  Gate: 0.8097
Episode 895  Reward:   0.189924  Wealth:    138287.29  Turnover: 0.4415  Gross: 1.3906  Gate: 0.7812
Episode 896  Reward:   0.260460  Wealth:    152497.74  Turnover: 0.3657  Gross: 1.3970  Gate: 0.7940
Episode 897  Reward:   0.067486  Wealth:    116748.30  Turnover: 0.3033  Gross: 1.4022  Gate: 0.8043
Episode 898  Reward:   0.216383  Wealth:    139806.41  Turnover: 0.2286  Gross: 1.3958  Gate: 0.7917
Episode 899  Reward:   0.281598  Wealth:    163062.00  Turnover: 0.6268  Gross: 1.3974  Gate: 0.7948
Episode 900  Reward:   0.113427  Wealth:    122660.89  Turnover: 0.2352  Gross: 1.4030  Gate: 0.8060
Episode    900  AvgReward:   0.147110  Noise: 0.0248
Episode 901  Reward:   0.188789  Wealth:    136468.68  Turnover: 0.2843  Gross: 1.4006  Gate: 0.8013
Episode 902  Reward:   0.150808  Wealth:    130817.85  Turnover: 0.3774  Gross: 1.3970  Gate: 0.7939
Episode 903  Reward:  -0.074997  Wealth:     99681.83  Turnover: 0.3056  Gross: 1.4008  Gate: 0.8015
Episode 904  Reward:   0.144663  Wealth:    129129.76  Turnover: 0.2833  Gross: 1.3960  Gate: 0.7920
Episode 905  Reward:   0.057464  Wealth:    117084.49  Turnover: 0.4395  Gross: 1.3936  Gate: 0.7872
Episode 906  Reward:   0.089067  Wealth:    121600.32  Turnover: 0.3220  Gross: 1.3980  Gate: 0.7960
Episode 907  Reward:   0.223009  Wealth:    146670.41  Turnover: 0.3752  Gross: 1.3983  Gate: 0.7965
Episode 908  Reward:  -0.049887  Wealth:    104143.32  Turnover: 0.3124  Gross: 1.4026  Gate: 0.8052
Episode 909  Reward:   0.224553  Wealth:    145322.66  Turnover: 0.3535  Gross: 1.4018  Gate: 0.8036
Episode 910  Reward:   0.104629  Wealth:    120017.69  Turnover: 0.3817  Gross: 1.3983  Gate: 0.7965
Episode    910  AvgReward:   0.105810  Noise: 0.0243
Episode 911  Reward:   0.136494  Wealth:    127483.43  Turnover: 0.3105  Gross: 1.4040  Gate: 0.8081
Episode 912  Reward:  -0.019772  Wealth:    110117.09  Turnover: 0.6626  Gross: 1.3943  Gate: 0.7887
Episode 913  Reward:   0.120693  Wealth:    127508.80  Turnover: 0.4586  Gross: 1.3958  Gate: 0.7916
Episode 914  Reward:  -0.247286  Wealth:     88691.70  Turnover: 0.2388  Gross: 1.4013  Gate: 0.8026
Episode 915  Reward:   0.277284  Wealth:    156377.65  Turnover: 0.3442  Gross: 1.3951  Gate: 0.7901
Episode 916  Reward:   0.220954  Wealth:    139453.40  Turnover: 0.3060  Gross: 1.3967  Gate: 0.7933
Episode 917  Reward:  -0.408898  Wealth:     76741.98  Turnover: 0.4610  Gross: 1.3936  Gate: 0.7872
Episode 918  Reward:   0.105959  Wealth:    126472.40  Turnover: 0.5430  Gross: 1.3977  Gate: 0.7954
Episode 919  Reward:   0.303277  Wealth:    161468.72  Turnover: 0.4647  Gross: 1.3924  Gate: 0.7848
Episode 920  Reward:   0.169809  Wealth:    135310.66  Turnover: 0.7695  Gross: 1.3937  Gate: 0.7874
Episode    920  AvgReward:   0.065851  Noise: 0.0238
Episode 921  Reward:  -0.102919  Wealth:     95670.59  Turnover: 0.3771  Gross: 1.3975  Gate: 0.7951
Episode 922  Reward:  -0.144599  Wealth:     93177.51  Turnover: 0.4414  Gross: 1.3967  Gate: 0.7935
Episode 923  Reward:   0.232895  Wealth:    142052.83  Turnover: 0.2184  Gross: 1.4055  Gate: 0.8111
Episode 924  Reward:  -0.267784  Wealth:     83749.94  Turnover: 0.3608  Gross: 1.4001  Gate: 0.8002
Episode 925  Reward:   0.210122  Wealth:    144405.25  Turnover: 0.4353  Gross: 1.3947  Gate: 0.7894
Episode 926  Reward:   0.074242  Wealth:    116998.66  Turnover: 0.2964  Gross: 1.3914  Gate: 0.7828
Episode 927  Reward:   0.039276  Wealth:    113016.68  Turnover: 0.3046  Gross: 1.4052  Gate: 0.8104
Episode 928  Reward:  -0.004258  Wealth:    110265.75  Turnover: 0.4830  Gross: 1.3985  Gate: 0.7970
Episode 929  Reward:   0.148448  Wealth:    127396.40  Turnover: 0.4141  Gross: 1.3902  Gate: 0.7804
Episode 930  Reward:   0.132727  Wealth:    128748.58  Turnover: 0.2706  Gross: 1.4039  Gate: 0.8079
Episode    930  AvgReward:   0.031815  Noise: 0.0234
Episode 931  Reward:   0.131304  Wealth:    125311.18  Turnover: 0.5524  Gross: 1.4069  Gate: 0.8139
Episode 932  Reward:   0.097411  Wealth:    121720.44  Turnover: 0.3993  Gross: 1.4047  Gate: 0.8094
Episode 933  Reward:   0.114385  Wealth:    121183.95  Turnover: 0.5999  Gross: 1.3935  Gate: 0.7871
Episode 934  Reward:   0.123948  Wealth:    127552.89  Turnover: 0.6110  Gross: 1.4027  Gate: 0.8054
Episode 935  Reward:  -0.103258  Wealth:     99418.67  Turnover: 0.5621  Gross: 1.4020  Gate: 0.8039
Episode 936  Reward:  -0.078105  Wealth:    100711.28  Turnover: 0.4157  Gross: 1.4011  Gate: 0.8022
Episode 937  Reward:  -0.072757  Wealth:    100644.32  Turnover: 0.5178  Gross: 1.3991  Gate: 0.7981
Episode 938  Reward:  -0.600207  Wealth:     67101.65  Turnover: 0.4794  Gross: 1.3989  Gate: 0.7978
Episode 939  Reward:   0.210904  Wealth:    147739.58  Turnover: 0.3554  Gross: 1.3992  Gate: 0.7985
Episode 940  Reward:   0.145739  Wealth:    137028.15  Turnover: 0.3041  Gross: 1.3994  Gate: 0.7988
Episode    940  AvgReward:  -0.003064  Noise: 0.0229
Episode 941  Reward:   0.311832  Wealth:    169233.05  Turnover: 0.4392  Gross: 1.3997  Gate: 0.7994
Episode 942  Reward:   0.116462  Wealth:    129226.74  Turnover: 0.4804  Gross: 1.3970  Gate: 0.7940
Episode 943  Reward:  -0.392129  Wealth:     77281.91  Turnover: 0.5751  Gross: 1.3947  Gate: 0.7894
Episode 944  Reward:   0.228460  Wealth:    148581.95  Turnover: 0.4855  Gross: 1.3919  Gate: 0.7837
Episode 945  Reward:  -0.002839  Wealth:    111796.42  Turnover: 0.4749  Gross: 1.4002  Gate: 0.8004
Episode 946  Reward:  -0.097643  Wealth:     99438.21  Turnover: 0.3420  Gross: 1.3995  Gate: 0.7991
Episode 947  Reward:   0.150338  Wealth:    132733.99  Turnover: 0.4662  Gross: 1.4010  Gate: 0.8021
Episode 948  Reward:   0.176260  Wealth:    135634.05  Turnover: 0.2990  Gross: 1.4010  Gate: 0.8019
Episode 949  Reward:   0.254347  Wealth:    150786.55  Turnover: 0.2490  Gross: 1.4037  Gate: 0.8074
Episode 950  Reward:  -0.074456  Wealth:    104501.95  Turnover: 0.3101  Gross: 1.4043  Gate: 0.8087
Episode    950  AvgReward:   0.067063  Noise: 0.0224
Episode 951  Reward:   0.134082  Wealth:    128477.55  Turnover: 0.5409  Gross: 1.4042  Gate: 0.8083
Episode 952  Reward:   0.230869  Wealth:    145026.39  Turnover: 0.2577  Gross: 1.3996  Gate: 0.7993
Episode 953  Reward:   0.167621  Wealth:    136888.81  Turnover: 0.4019  Gross: 1.4045  Gate: 0.8090
Episode 954  Reward:   0.166994  Wealth:    139311.20  Turnover: 0.3851  Gross: 1.3963  Gate: 0.7926
Episode 955  Reward:   0.049113  Wealth:    113279.62  Turnover: 0.4211  Gross: 1.4005  Gate: 0.8011
Episode 956  Reward:   0.037797  Wealth:    114845.35  Turnover: 0.4159  Gross: 1.3951  Gate: 0.7903
Episode 957  Reward:   0.185963  Wealth:    142718.42  Turnover: 0.6418  Gross: 1.3994  Gate: 0.7987
Episode 958  Reward:   0.151391  Wealth:    131628.28  Turnover: 0.3200  Gross: 1.4002  Gate: 0.8003
Episode 959  Reward:   0.112285  Wealth:    126347.98  Turnover: 0.6191  Gross: 1.3832  Gate: 0.7663
Episode 960  Reward:   0.025864  Wealth:    114341.33  Turnover: 0.6773  Gross: 1.3918  Gate: 0.7836
Episode    960  AvgReward:   0.126198  Noise: 0.0220
Episode 961  Reward:   0.079687  Wealth:    119436.05  Turnover: 0.3389  Gross: 1.3870  Gate: 0.7740
Episode 962  Reward:   0.002123  Wealth:    114488.89  Turnover: 0.3098  Gross: 1.3994  Gate: 0.7987
Episode 963  Reward:  -0.083396  Wealth:     98134.01  Turnover: 0.2932  Gross: 1.4022  Gate: 0.8043
Episode 964  Reward:   0.014571  Wealth:    109625.11  Turnover: 0.4097  Gross: 1.3976  Gate: 0.7953
Episode 965  Reward:   0.072325  Wealth:    119284.61  Turnover: 0.5757  Gross: 1.4059  Gate: 0.8118
Episode 966  Reward:   0.160439  Wealth:    129535.70  Turnover: 0.3751  Gross: 1.3998  Gate: 0.7996
Episode 967  Reward:   0.255396  Wealth:    151471.21  Turnover: 0.3558  Gross: 1.4005  Gate: 0.8010
Episode 968  Reward:   0.171784  Wealth:    131945.18  Turnover: 0.2398  Gross: 1.4055  Gate: 0.8110
Episode 969  Reward:  -0.151486  Wealth:     94954.03  Turnover: 0.4549  Gross: 1.3998  Gate: 0.7997
Episode 970  Reward:   0.026965  Wealth:    113902.20  Turnover: 0.3632  Gross: 1.3954  Gate: 0.7908
Episode    970  AvgReward:   0.054841  Noise: 0.0216
Episode 971  Reward:   0.317433  Wealth:    167190.35  Turnover: 0.4598  Gross: 1.3984  Gate: 0.7967
Episode 972  Reward:   0.160332  Wealth:    128793.63  Turnover: 0.3999  Gross: 1.4017  Gate: 0.8034
Episode 973  Reward:   0.157690  Wealth:    128184.61  Turnover: 0.3360  Gross: 1.4002  Gate: 0.8003
Episode 974  Reward:  -0.312916  Wealth:     83343.44  Turnover: 0.4346  Gross: 1.3997  Gate: 0.7995
Episode 975  Reward:   0.114652  Wealth:    121965.12  Turnover: 0.3498  Gross: 1.3983  Gate: 0.7967
Episode 976  Reward:   0.160155  Wealth:    132551.51  Turnover: 0.5308  Gross: 1.3995  Gate: 0.7990
Episode 977  Reward:   0.024402  Wealth:    112641.30  Turnover: 0.4698  Gross: 1.3931  Gate: 0.7862
Episode 978  Reward:   0.326711  Wealth:    171143.33  Turnover: 0.5143  Gross: 1.4023  Gate: 0.8046
Episode 979  Reward:  -0.078162  Wealth:    100152.37  Turnover: 0.5190  Gross: 1.4003  Gate: 0.8006
Episode 980  Reward:   0.184470  Wealth:    135979.62  Turnover: 0.3534  Gross: 1.3933  Gate: 0.7867
Episode    980  AvgReward:   0.105477  Noise: 0.0211
Episode 981  Reward:  -0.002051  Wealth:    112245.46  Turnover: 0.4600  Gross: 1.3951  Gate: 0.7902
Episode 982  Reward:   0.288033  Wealth:    160204.64  Turnover: 0.6858  Gross: 1.3966  Gate: 0.7932
Episode 983  Reward:   0.130411  Wealth:    125507.37  Turnover: 0.4739  Gross: 1.3977  Gate: 0.7955
Episode 984  Reward:   0.235498  Wealth:    144811.20  Turnover: 0.3245  Gross: 1.3992  Gate: 0.7983
Episode 985  Reward:   0.242651  Wealth:    151903.30  Turnover: 0.4692  Gross: 1.3895  Gate: 0.7791
Episode 986  Reward:  -0.398729  Wealth:     78607.44  Turnover: 0.4221  Gross: 1.3934  Gate: 0.7868
Episode 987  Reward:   0.152940  Wealth:    137836.98  Turnover: 0.3844  Gross: 1.3999  Gate: 0.7998
Episode 988  Reward:  -0.156613  Wealth:     93513.48  Turnover: 0.5800  Gross: 1.3880  Gate: 0.7761
Episode 989  Reward:   0.167718  Wealth:    134369.85  Turnover: 0.4512  Gross: 1.4000  Gate: 0.8000
Episode 990  Reward:  -0.023933  Wealth:    108646.79  Turnover: 0.2846  Gross: 1.4042  Gate: 0.8085
Episode    990  AvgReward:   0.063592  Noise: 0.0207
Episode 991  Reward:   0.051180  Wealth:    115434.91  Turnover: 0.4302  Gross: 1.3915  Gate: 0.7831
Episode 992  Reward:   0.171910  Wealth:    130924.39  Turnover: 0.3960  Gross: 1.3953  Gate: 0.7907
Episode 993  Reward:   0.024459  Wealth:    114428.25  Turnover: 0.3238  Gross: 1.3968  Gate: 0.7936
Episode 994  Reward:   0.158454  Wealth:    129090.26  Turnover: 0.4673  Gross: 1.3938  Gate: 0.7877
Episode 995  Reward:   0.219697  Wealth:    144880.79  Turnover: 0.5032  Gross: 1.4077  Gate: 0.8154
Episode 996  Reward:   0.178063  Wealth:    135323.21  Turnover: 0.5222  Gross: 1.3978  Gate: 0.7957
Episode 997  Reward:   0.171296  Wealth:    133831.03  Turnover: 0.2984  Gross: 1.4044  Gate: 0.8087
Episode 998  Reward:   0.047507  Wealth:    112826.26  Turnover: 0.2951  Gross: 1.4035  Gate: 0.8071
Episode 999  Reward:   0.073441  Wealth:    115602.47  Turnover: 0.2410  Gross: 1.4005  Gate: 0.8009
Episode 1000  Reward:  -0.001866  Wealth:    111551.11  Turnover: 0.5553  Gross: 1.3946  Gate: 0.7892
Episode   1000  AvgReward:   0.109414  Noise: 0.0203
TRAIN STAGE COMPLETE
PRE-TRAINING BEHAVIOUR GATE PASSED on deterministic held-in episodes: mean_leverage_gate=0.7945, fraction_at_gross_cap=0.0000, gate_gross_mae=0.0000, mean_turnover=0.4295, max_position_limit_violation=0.0000, mean_normalized_direction_entropy=0.8553, q05_normalized_direction_entropy=0.7639, mean_effective_positions=4.0544
Pre-training complete. Agent saved.

============================================================
Stage 2: Fine-tuning on Real Data

============================================================
============================================================
STAGE 2: FINE-TUNING
============================================================
============================================================
TRAIN STAGE STARTED: stage=finetune_selection, episodes=37, batch_size=64, updates_per_step=1
============================================================
Episode 1  Reward:   0.240066  Wealth:    149635.97  Turnover: 0.5759  Gross: 1.3980  Gate: 0.7959
Episode 2  Reward:   0.048836  Wealth:    114179.88  Turnover: 0.5317  Gross: 1.4024  Gate: 0.8048
Episode 3  Reward:   0.123522  Wealth:    124684.56  Turnover: 0.4994  Gross: 1.4021  Gate: 0.8042
Episode 4  Reward:  -0.000629  Wealth:    110630.02  Turnover: 0.3229  Gross: 1.4053  Gate: 0.8106
Episode 5  Reward:   0.094517  Wealth:    123934.60  Turnover: 0.3226  Gross: 1.4060  Gate: 0.8121
Episode 6  Reward:   0.147820  Wealth:    131006.88  Turnover: 0.4129  Gross: 1.3999  Gate: 0.7998
Episode 7  Reward:   0.096393  Wealth:    121528.86  Turnover: 0.4520  Gross: 1.4004  Gate: 0.8009
Episode 8  Reward:  -0.021460  Wealth:    105460.26  Turnover: 0.3858  Gross: 1.4000  Gate: 0.7999
Episode 9  Reward:   0.115456  Wealth:    126411.27  Turnover: 0.4795  Gross: 1.4014  Gate: 0.8028
Episode 10  Reward:   0.217486  Wealth:    141806.79  Turnover: 0.4748  Gross: 1.4036  Gate: 0.8071
Episode 11  Reward:   0.078684  Wealth:    122157.74  Turnover: 0.2780  Gross: 1.4003  Gate: 0.8006
Episode 12  Reward:   0.006035  Wealth:    112370.01  Turnover: 0.3224  Gross: 1.3949  Gate: 0.7898
Episode 13  Reward:   0.122288  Wealth:    125326.43  Turnover: 0.4903  Gross: 1.4041  Gate: 0.8083
Episode 14  Reward:   0.159849  Wealth:    132389.22  Turnover: 0.5061  Gross: 1.4052  Gate: 0.8105
Episode 15  Reward:   0.047056  Wealth:    112887.90  Turnover: 0.4204  Gross: 1.4041  Gate: 0.8082
Episode 16  Reward:   0.179023  Wealth:    135220.87  Turnover: 0.5418  Gross: 1.4027  Gate: 0.8054
Episode 17  Reward:   0.064792  Wealth:    119456.98  Turnover: 0.3947  Gross: 1.4000  Gate: 0.7999
Episode 18  Reward:   0.172474  Wealth:    133099.90  Turnover: 0.5214  Gross: 1.4036  Gate: 0.8073
Episode 19  Reward:   0.112819  Wealth:    126014.15  Turnover: 0.4800  Gross: 1.3974  Gate: 0.7949
Episode 20  Reward:   0.186357  Wealth:    136222.20  Turnover: 0.5992  Gross: 1.4034  Gate: 0.8067
Episode 21  Reward:   0.063204  Wealth:    118356.64  Turnover: 0.4595  Gross: 1.3929  Gate: 0.7858
Episode 22  Reward:   0.053390  Wealth:    117438.93  Turnover: 0.4359  Gross: 1.3940  Gate: 0.7880
Episode 23  Reward:   0.227922  Wealth:    146871.57  Turnover: 0.7191  Gross: 1.3948  Gate: 0.7896
Episode 24  Reward:   0.151266  Wealth:    131416.46  Turnover: 0.5895  Gross: 1.4023  Gate: 0.8046
Episode 25  Reward:   0.142766  Wealth:    133661.57  Turnover: 0.7160  Gross: 1.3997  Gate: 0.7995
Episode 26  Reward:   0.289009  Wealth:    161791.94  Turnover: 0.7039  Gross: 1.4024  Gate: 0.8047
Episode 27  Reward:   0.207192  Wealth:    142712.59  Turnover: 0.6195  Gross: 1.4010  Gate: 0.8020
Episode 28  Reward:   0.147978  Wealth:    130667.55  Turnover: 0.6548  Gross: 1.4044  Gate: 0.8088
Episode 29  Reward:   0.081365  Wealth:    121146.80  Turnover: 0.5538  Gross: 1.3964  Gate: 0.7929
Episode 30  Reward:   0.042344  Wealth:    115375.79  Turnover: 0.4469  Gross: 1.3909  Gate: 0.7818
Episode 31  Reward:   0.274051  Wealth:    159716.47  Turnover: 0.8058  Gross: 1.4058  Gate: 0.8116
Episode 32  Reward:   0.052985  Wealth:    116939.05  Turnover: 0.5367  Gross: 1.3928  Gate: 0.7857
Episode 33  Reward:   0.170011  Wealth:    135624.17  Turnover: 0.7323  Gross: 1.4006  Gate: 0.8012
Episode 34  Reward:   0.196957  Wealth:    140902.78  Turnover: 0.6431  Gross: 1.4019  Gate: 0.8037
Episode 35  Reward:  -0.063455  Wealth:    100947.20  Turnover: 0.5305  Gross: 1.4019  Gate: 0.8039
Episode 36  Reward:   0.086297  Wealth:    119436.17  Turnover: 0.5355  Gross: 1.4045  Gate: 0.8090
Episode 37  Reward:   0.251890  Wealth:    153330.84  Turnover: 0.7748  Gross: 1.4072  Gate: 0.8144
Episode     37  AvgReward:   0.123420  Noise: 0.0417
TRAIN STAGE COMPLETE
VALIDATION pass=1 reward=0.237443 wealth=142318.76 turnover=0.3385 gross=1.4119
============================================================
TRAIN STAGE STARTED: stage=finetune_refit_all, episodes=61, batch_size=64, updates_per_step=1
============================================================
Episode 1  Reward:   0.083929  Wealth:    121669.01  Turnover: 0.3226  Gross: 1.4039  Gate: 0.8078
Episode 2  Reward:  -0.021943  Wealth:    104379.18  Turnover: 0.3142  Gross: 1.4003  Gate: 0.8006
Episode 3  Reward:   0.053912  Wealth:    114847.24  Turnover: 0.5231  Gross: 1.4017  Gate: 0.8035
Episode 4  Reward:  -0.071898  Wealth:     99620.14  Turnover: 0.3677  Gross: 1.4054  Gate: 0.8108
Episode 5  Reward:   0.289764  Wealth:    155930.01  Turnover: 0.2510  Gross: 1.4079  Gate: 0.8157
Episode 6  Reward:   0.167356  Wealth:    130886.51  Turnover: 0.2133  Gross: 1.4078  Gate: 0.8157
Episode 7  Reward:  -0.006993  Wealth:    110126.04  Turnover: 0.2954  Gross: 1.4027  Gate: 0.8053
Episode 8  Reward:   0.188203  Wealth:    136972.40  Turnover: 0.3711  Gross: 1.4079  Gate: 0.8159
Episode 9  Reward:   0.115308  Wealth:    125646.16  Turnover: 0.3380  Gross: 1.4042  Gate: 0.8084
Episode 10  Reward:  -0.057616  Wealth:    101568.48  Turnover: 0.1626  Gross: 1.4021  Gate: 0.8042
Episode 11  Reward:   0.102368  Wealth:    124339.33  Turnover: 0.3830  Gross: 1.3990  Gate: 0.7979
Episode 12  Reward:   0.064854  Wealth:    115872.47  Turnover: 0.1783  Gross: 1.4042  Gate: 0.8085
Episode 13  Reward:   0.043839  Wealth:    113266.07  Turnover: 0.2049  Gross: 1.4019  Gate: 0.8038
Episode 14  Reward:   0.033734  Wealth:    111874.50  Turnover: 0.2871  Gross: 1.3982  Gate: 0.7964
Episode 15  Reward:   0.116932  Wealth:    124540.36  Turnover: 0.4223  Gross: 1.3998  Gate: 0.7996
Episode 16  Reward:  -0.114887  Wealth:     96089.48  Turnover: 0.2804  Gross: 1.3987  Gate: 0.7974
Episode 17  Reward:   0.199423  Wealth:    141177.37  Turnover: 0.5586  Gross: 1.4004  Gate: 0.8007
Episode 18  Reward:   0.049216  Wealth:    118187.17  Turnover: 0.5340  Gross: 1.3863  Gate: 0.7726
Episode 19  Reward:  -0.149486  Wealth:     93592.18  Turnover: 0.4726  Gross: 1.3972  Gate: 0.7945
Episode 20  Reward:  -0.116515  Wealth:     97203.39  Turnover: 0.5016  Gross: 1.4038  Gate: 0.8076
Episode 21  Reward:   0.127086  Wealth:    130465.63  Turnover: 0.6591  Gross: 1.3975  Gate: 0.7950
Episode 22  Reward:   0.209601  Wealth:    140677.48  Turnover: 0.6040  Gross: 1.4060  Gate: 0.8121
Episode 23  Reward:   0.216995  Wealth:    144286.01  Turnover: 0.6244  Gross: 1.3963  Gate: 0.7926
Episode 24  Reward:   0.138148  Wealth:    128567.37  Turnover: 0.4933  Gross: 1.4009  Gate: 0.8018
Episode 25  Reward:   0.201331  Wealth:    141584.97  Turnover: 0.6318  Gross: 1.3991  Gate: 0.7982
Episode 26  Reward:   0.064256  Wealth:    116964.87  Turnover: 0.4085  Gross: 1.4000  Gate: 0.8000
Episode 27  Reward:   0.274845  Wealth:    159216.29  Turnover: 0.6651  Gross: 1.3949  Gate: 0.7898
Episode 28  Reward:   0.014990  Wealth:    115277.42  Turnover: 0.4795  Gross: 1.3896  Gate: 0.7793
Episode 29  Reward:  -0.006391  Wealth:    108095.36  Turnover: 0.3891  Gross: 1.4072  Gate: 0.8144
Episode 30  Reward:  -0.073279  Wealth:    100722.24  Turnover: 0.4872  Gross: 1.4048  Gate: 0.8095
Episode 31  Reward:   0.136227  Wealth:    127454.79  Turnover: 0.5402  Gross: 1.4027  Gate: 0.8055
Episode 32  Reward:   0.153857  Wealth:    131096.52  Turnover: 0.5886  Gross: 1.4041  Gate: 0.8082
Episode 33  Reward:   0.249833  Wealth:    149795.85  Turnover: 0.5801  Gross: 1.4000  Gate: 0.8001
Episode 34  Reward:   0.221417  Wealth:    143222.23  Turnover: 0.5537  Gross: 1.4020  Gate: 0.8040
Episode 35  Reward:   0.082958  Wealth:    123468.49  Turnover: 0.6547  Gross: 1.3915  Gate: 0.7829
Episode 36  Reward:  -0.007450  Wealth:    107972.21  Turnover: 0.4236  Gross: 1.4036  Gate: 0.8072
Episode 37  Reward:  -0.103752  Wealth:     97242.80  Turnover: 0.4518  Gross: 1.4084  Gate: 0.8168
Episode 38  Reward:   0.209177  Wealth:    142147.30  Turnover: 0.5424  Gross: 1.3889  Gate: 0.7777
Episode 39  Reward:   0.084470  Wealth:    124104.73  Turnover: 0.6138  Gross: 1.3974  Gate: 0.7947
Episode 40  Reward:  -0.055389  Wealth:    102075.84  Turnover: 0.4132  Gross: 1.4082  Gate: 0.8164
Episode 41  Reward:   0.167290  Wealth:    131861.91  Turnover: 0.4156  Gross: 1.4052  Gate: 0.8103
Episode 42  Reward:   0.179878  Wealth:    135141.14  Turnover: 0.5094  Gross: 1.4070  Gate: 0.8141
Episode 43  Reward:  -0.002473  Wealth:    108166.25  Turnover: 0.4731  Gross: 1.4072  Gate: 0.8145
Episode 44  Reward:   0.301156  Wealth:    162027.39  Turnover: 0.5214  Gross: 1.4104  Gate: 0.8207
Episode 45  Reward:  -0.035763  Wealth:    103641.67  Turnover: 0.3238  Gross: 1.4072  Gate: 0.8144
Episode 46  Reward:  -0.068375  Wealth:    100797.38  Turnover: 0.4544  Gross: 1.4065  Gate: 0.8130
Episode 47  Reward:   0.212421  Wealth:    139888.01  Turnover: 0.3945  Gross: 1.4050  Gate: 0.8100
Episode 48  Reward:   0.196986  Wealth:    138252.53  Turnover: 0.4795  Gross: 1.4034  Gate: 0.8069
Episode 49  Reward:   0.009538  Wealth:    112980.98  Turnover: 0.6328  Gross: 1.3966  Gate: 0.7932
Episode 50  Reward:   0.156810  Wealth:    131073.14  Turnover: 0.4997  Gross: 1.4089  Gate: 0.8178
Episode 51  Reward:   0.055623  Wealth:    119666.79  Turnover: 0.5659  Gross: 1.4013  Gate: 0.8027
Episode 52  Reward:   0.042292  Wealth:    118748.74  Turnover: 0.4429  Gross: 1.4012  Gate: 0.8025
Episode 53  Reward:   0.114533  Wealth:    127315.97  Turnover: 0.6278  Gross: 1.3936  Gate: 0.7871
Episode 54  Reward:   0.171638  Wealth:    133714.78  Turnover: 0.5087  Gross: 1.4037  Gate: 0.8074
Episode 55  Reward:   0.270535  Wealth:    152267.10  Turnover: 0.3714  Gross: 1.4041  Gate: 0.8082
Episode 56  Reward:   0.048633  Wealth:    114547.30  Turnover: 0.3780  Gross: 1.4046  Gate: 0.8092
Episode 57  Reward:   0.264073  Wealth:    153246.95  Turnover: 0.4756  Gross: 1.4041  Gate: 0.8082
Episode 58  Reward:   0.080457  Wealth:    118966.75  Turnover: 0.4025  Gross: 1.4055  Gate: 0.8110
Episode 59  Reward:   0.218234  Wealth:    141017.66  Turnover: 0.4001  Gross: 1.4017  Gate: 0.8035
Episode 60  Reward:   0.156955  Wealth:    131418.99  Turnover: 0.5294  Gross: 1.4017  Gate: 0.8033
Episode 61  Reward:   0.209286  Wealth:    139601.32  Turnover: 0.4443  Gross: 1.4030  Gate: 0.8060
Episode     61  AvgReward:   0.096035  Noise: 0.0370
TRAIN STAGE COMPLETE
Fine-tuning complete. Selected 1 pass(es); final agent saved.

============================================================
TRAINING COMPLETE

============================================================
Error in py_run_string_impl(code, local, convert) : 
  ModuleNotFoundError: No module named 'pandas'
Run `reticulate::py_last_error()` for details.
Calls: py_run_string -> py_run_string_impl
Execution halted

[2/5] Training seed 20260844
Loading configuration from: config/config.yaml 
Run mode: full | seed: 20260844 | CVaR simulations/step: 512 | vine simulation cores: 44
Loading synthetic return bundle: data/synthetic_returns.RData
Loaded 1000 pre-training and 61 fine-tuning episodes.
Fine-tuning selection: 37 fit episodes, 23 purged overlapping episodes, 1 validation episode; final refit uses all 61.
Run seed: 20260844
Run mode: full
PyTorch: 2.10.0+cu128
Device: cuda
Action schema: interior_rank_partition_leverage_gate_v5; projection temperature=1.5
GPU: NVIDIA A100-SXM4-80GB
PYTHON: Framework ready.
Action schema: interior_rank_partition_leverage_gate_v5 | gross=1.500 | net=1.000 | max_long=0.600 | max_short=0.200
Risk/training: entropy_coef=0.005 | leverage_target=0.800 | leverage_penalty=0.25 | direction_bound=5.000 | AMP=False

============================================================
Stage 1: Pre-training on Synthetic Data

============================================================
============================================================
STAGE 1: PRE-TRAINING
============================================================
============================================================
TRAIN STAGE STARTED: stage=pretrain, episodes=1000, batch_size=128, updates_per_step=1
============================================================
Episode 1  Reward:   0.048076  Wealth:    118235.05  Turnover: 1.1110  Gross: 1.2810  Gate: 0.5619
Episode 2  Reward:  -0.132832  Wealth:     96739.08  Turnover: 1.1480  Gross: 1.2369  Gate: 0.4739
Episode 3  Reward:   0.219085  Wealth:    147008.37  Turnover: 1.0462  Gross: 1.2509  Gate: 0.5019
Episode 4  Reward:  -0.672806  Wealth:     63646.46  Turnover: 1.0734  Gross: 1.2651  Gate: 0.5302
Episode 5  Reward:  -0.104808  Wealth:     99906.23  Turnover: 1.1877  Gross: 1.2835  Gate: 0.5670
Episode 6  Reward:  -0.144585  Wealth:     96545.15  Turnover: 1.1389  Gross: 1.2532  Gate: 0.5064
Episode 7  Reward:   0.025672  Wealth:    115502.78  Turnover: 1.0071  Gross: 1.2262  Gate: 0.4525
Episode 8  Reward:   0.026161  Wealth:    114213.76  Turnover: 1.0995  Gross: 1.2312  Gate: 0.4623
Episode 9  Reward:   0.085329  Wealth:    122146.14  Turnover: 0.9960  Gross: 1.2271  Gate: 0.4542
Episode 10  Reward:   0.113900  Wealth:    127924.73  Turnover: 1.0587  Gross: 1.2206  Gate: 0.4412
Episode     10  AvgReward:  -0.053681  Noise: 0.1473
Episode 11  Reward:   0.251015  Wealth:    154587.66  Turnover: 1.1426  Gross: 1.2274  Gate: 0.4549
Episode 12  Reward:   0.028283  Wealth:    114947.85  Turnover: 1.0254  Gross: 1.2635  Gate: 0.5271
Episode 13  Reward:  -0.644004  Wealth:     64989.49  Turnover: 1.0329  Gross: 1.2775  Gate: 0.5551
Episode 14  Reward:  -0.012183  Wealth:    109857.99  Turnover: 1.0473  Gross: 1.2161  Gate: 0.4322
Episode 15  Reward:   0.093967  Wealth:    123919.26  Turnover: 1.0303  Gross: 1.2409  Gate: 0.4818
Episode 16  Reward:  -0.032869  Wealth:    107279.89  Turnover: 1.1424  Gross: 1.2505  Gate: 0.5009
Episode 17  Reward:  -0.006705  Wealth:    110878.97  Turnover: 1.0322  Gross: 1.2320  Gate: 0.4640
Episode 18  Reward:  -0.056103  Wealth:    104206.58  Turnover: 1.2307  Gross: 1.2970  Gate: 0.5939
Episode 19  Reward:   0.227012  Wealth:    148938.41  Turnover: 1.0193  Gross: 1.2473  Gate: 0.4945
Episode 20  Reward:  -0.093341  Wealth:    100520.24  Turnover: 1.0761  Gross: 1.2574  Gate: 0.5148
Episode     20  AvgReward:  -0.024493  Noise: 0.1444
Episode 21  Reward:  -0.048206  Wealth:    105385.20  Turnover: 0.9263  Gross: 1.2360  Gate: 0.4721
Episode 22  Reward:  -0.157339  Wealth:     94010.39  Turnover: 1.1133  Gross: 1.2540  Gate: 0.5079
Episode 23  Reward:   0.089696  Wealth:    122948.82  Turnover: 0.9701  Gross: 1.2665  Gate: 0.5330
Episode 24  Reward:   0.165288  Wealth:    137372.65  Turnover: 1.0945  Gross: 1.2616  Gate: 0.5231
Episode 25  Reward:   0.232441  Wealth:    150075.23  Turnover: 1.0735  Gross: 1.2322  Gate: 0.4644
Episode 26  Reward:  -0.254098  Wealth:     86315.21  Turnover: 1.2295  Gross: 1.2530  Gate: 0.5060
Episode 27  Reward:  -0.053783  Wealth:    105162.15  Turnover: 1.0714  Gross: 1.2363  Gate: 0.4727
Episode 28  Reward:  -0.092139  Wealth:    100637.56  Turnover: 1.0502  Gross: 1.2606  Gate: 0.5212
Episode 29  Reward:  -0.195553  Wealth:     91341.03  Turnover: 1.1365  Gross: 1.2210  Gate: 0.4419
Episode 30  Reward:  -0.140550  Wealth:     96563.26  Turnover: 1.0224  Gross: 1.2143  Gate: 0.4287
Episode     30  AvgReward:  -0.045424  Noise: 0.1415
Episode 31  Reward:   0.178523  Wealth:    138560.78  Turnover: 1.0863  Gross: 1.2399  Gate: 0.4797
Episode 32  Reward:  -0.084283  Wealth:    101192.20  Turnover: 1.1114  Gross: 1.2497  Gate: 0.4993
Episode 33  Reward:  -0.016324  Wealth:    109474.46  Turnover: 1.1994  Gross: 1.2915  Gate: 0.5830
Episode 34  Reward:  -0.078566  Wealth:    102016.95  Turnover: 1.0815  Gross: 1.2787  Gate: 0.5574
Episode 35  Reward:   0.085120  Wealth:    123624.25  Turnover: 1.1475  Gross: 1.2448  Gate: 0.4896
Episode 36  Reward:  -0.053378  Wealth:    104759.62  Turnover: 1.0726  Gross: 1.2454  Gate: 0.4909
Episode 37  Reward:  -0.111917  Wealth:     98520.54  Turnover: 1.1082  Gross: 1.2049  Gate: 0.4099
Episode 38  Reward:  -0.035353  Wealth:    108301.46  Turnover: 1.0871  Gross: 1.2814  Gate: 0.5629
Episode 39  Reward:  -0.334137  Wealth:     80835.65  Turnover: 1.0606  Gross: 1.2603  Gate: 0.5206
Episode 40  Reward:  -0.066197  Wealth:    103525.32  Turnover: 1.1057  Gross: 1.2273  Gate: 0.4546
Episode     40  AvgReward:  -0.051651  Noise: 0.1387
Episode 41  Reward:  -0.008975  Wealth:    109961.41  Turnover: 1.0265  Gross: 1.2818  Gate: 0.5636
Episode 42  Reward:   0.107760  Wealth:    123568.80  Turnover: 0.8439  Gross: 1.2176  Gate: 0.4353
Episode 43  Reward:   0.108114  Wealth:    121228.46  Turnover: 0.2963  Gross: 1.0964  Gate: 0.1927
Episode 44  Reward:   0.095590  Wealth:    119087.82  Turnover: 0.2714  Gross: 1.1009  Gate: 0.2018
Episode 45  Reward:   0.157874  Wealth:    128916.78  Turnover: 0.2624  Gross: 1.1063  Gate: 0.2126
Episode 46  Reward:   0.011798  Wealth:    108508.87  Turnover: 0.2417  Gross: 1.1047  Gate: 0.2094
Episode 47  Reward:   0.016907  Wealth:    108832.10  Turnover: 0.2388  Gross: 1.1087  Gate: 0.2175
Episode 48  Reward:   0.083922  Wealth:    117695.43  Turnover: 0.2865  Gross: 1.1145  Gate: 0.2291
Episode 49  Reward:   0.247148  Wealth:    145758.84  Turnover: 0.2451  Gross: 1.1137  Gate: 0.2274
Episode 50  Reward:   0.190273  Wealth:    133881.82  Turnover: 0.2661  Gross: 1.1235  Gate: 0.2470
Episode     50  AvgReward:   0.101041  Noise: 0.1360
Episode 51  Reward:   0.082479  Wealth:    117304.37  Turnover: 0.2873  Gross: 1.1259  Gate: 0.2518
Episode 52  Reward:   0.127845  Wealth:    123874.86  Turnover: 0.2036  Gross: 1.1249  Gate: 0.2497
Episode 53  Reward:  -0.092354  Wealth:     97513.09  Turnover: 0.1909  Gross: 1.1334  Gate: 0.2669
Episode 54  Reward:  -0.065181  Wealth:    100027.61  Turnover: 0.2328  Gross: 1.1365  Gate: 0.2730
Episode 55  Reward:   0.098966  Wealth:    119530.62  Turnover: 0.2059  Gross: 1.1446  Gate: 0.2892
Episode 56  Reward:   0.078624  Wealth:    116807.34  Turnover: 0.2313  Gross: 1.1451  Gate: 0.2901
Episode 57  Reward:   0.064772  Wealth:    114987.07  Turnover: 0.2201  Gross: 1.1504  Gate: 0.3007
Episode 58  Reward:   0.285215  Wealth:    154243.71  Turnover: 0.2397  Gross: 1.1543  Gate: 0.3087
Episode 59  Reward:   0.007575  Wealth:    107977.25  Turnover: 0.1803  Gross: 1.1615  Gate: 0.3230
Episode 60  Reward:   0.012714  Wealth:    108699.25  Turnover: 0.1723  Gross: 1.1647  Gate: 0.3294
Episode     60  AvgReward:   0.060065  Noise: 0.1333
Episode 61  Reward:   0.123797  Wealth:    123436.20  Turnover: 0.2097  Gross: 1.1657  Gate: 0.3315
Episode 62  Reward:   0.125077  Wealth:    123720.74  Turnover: 0.2203  Gross: 1.1752  Gate: 0.3504
Episode 63  Reward:   0.052842  Wealth:    113550.09  Turnover: 0.2325  Gross: 1.1770  Gate: 0.3541
Episode 64  Reward:   0.120551  Wealth:    123200.53  Turnover: 0.2121  Gross: 1.1824  Gate: 0.3647
Episode 65  Reward:   0.100565  Wealth:    120078.81  Turnover: 0.2398  Gross: 1.1882  Gate: 0.3764
Episode 66  Reward:   0.291458  Wealth:    155963.75  Turnover: 0.2529  Gross: 1.1976  Gate: 0.3952
Episode 67  Reward:  -0.193975  Wealth:     88688.72  Turnover: 0.2112  Gross: 1.1962  Gate: 0.3923
Episode 68  Reward:   0.280247  Wealth:    153374.58  Turnover: 0.2485  Gross: 1.2032  Gate: 0.4064
Episode 69  Reward:   0.188844  Wealth:    134346.81  Turnover: 0.2260  Gross: 1.2085  Gate: 0.4171
Episode 70  Reward:  -0.066189  Wealth:    100165.40  Turnover: 0.2549  Gross: 1.2039  Gate: 0.4079
Episode     70  AvgReward:   0.102322  Noise: 0.1306
Episode 71  Reward:   0.076673  Wealth:    116951.56  Turnover: 0.2913  Gross: 1.2222  Gate: 0.4445
Episode 72  Reward:   0.175931  Wealth:    132252.52  Turnover: 0.2743  Gross: 1.2191  Gate: 0.4382
Episode 73  Reward:   0.251694  Wealth:    146972.66  Turnover: 0.3027  Gross: 1.2230  Gate: 0.4461
Episode 74  Reward:   0.101595  Wealth:    120670.92  Turnover: 0.2408  Gross: 1.2357  Gate: 0.4714
Episode 75  Reward:   0.070980  Wealth:    116443.76  Turnover: 0.2150  Gross: 1.2418  Gate: 0.4835
Episode 76  Reward:   0.044856  Wealth:    112968.67  Turnover: 0.2198  Gross: 1.2524  Gate: 0.5048
Episode 77  Reward:   0.072934  Wealth:    116866.59  Turnover: 0.2139  Gross: 1.2496  Gate: 0.4991
Episode 78  Reward:   0.110223  Wealth:    122076.64  Turnover: 0.2518  Gross: 1.2635  Gate: 0.5269
Episode 79  Reward:   0.298889  Wealth:    159017.93  Turnover: 0.2842  Gross: 1.2721  Gate: 0.5442
Episode 80  Reward:  -0.104933  Wealth:     96860.32  Turnover: 0.2696  Gross: 1.2740  Gate: 0.5481
Episode     80  AvgReward:   0.109884  Noise: 0.1281
Episode 81  Reward:   0.127365  Wealth:    124867.10  Turnover: 0.2365  Gross: 1.2889  Gate: 0.5778
Episode 82  Reward:   0.095650  Wealth:    120437.46  Turnover: 0.2275  Gross: 1.3022  Gate: 0.6045
Episode 83  Reward:   0.091353  Wealth:    119755.57  Turnover: 0.2582  Gross: 1.3027  Gate: 0.6054
Episode 84  Reward:   0.182162  Wealth:    134342.37  Turnover: 0.1562  Gross: 1.2985  Gate: 0.5970
Episode 85  Reward:   0.011637  Wealth:    109442.12  Turnover: 0.2414  Gross: 1.3184  Gate: 0.6368
Episode 86  Reward:   0.033876  Wealth:    111972.19  Turnover: 0.2418  Gross: 1.3138  Gate: 0.6276
Episode 87  Reward:   0.205056  Wealth:    138673.25  Turnover: 0.2635  Gross: 1.3182  Gate: 0.6364
Episode 88  Reward:   0.070299  Wealth:    117111.30  Turnover: 0.2624  Gross: 1.3391  Gate: 0.6781
Episode 89  Reward:   0.156253  Wealth:    130043.90  Turnover: 0.2358  Gross: 1.3435  Gate: 0.6870
Episode 90  Reward:   0.093415  Wealth:    120217.72  Turnover: 0.2570  Gross: 1.3382  Gate: 0.6763
Episode     90  AvgReward:   0.106707  Noise: 0.1255
Episode 91  Reward:   0.025376  Wealth:    111236.69  Turnover: 0.3027  Gross: 1.3551  Gate: 0.7101
Episode 92  Reward:   0.025137  Wealth:    111294.12  Turnover: 0.1984  Gross: 1.3585  Gate: 0.7170
Episode 93  Reward:   0.137880  Wealth:    127346.83  Turnover: 0.2464  Gross: 1.3675  Gate: 0.7350
Episode 94  Reward:   0.152052  Wealth:    129902.66  Turnover: 0.2390  Gross: 1.3705  Gate: 0.7409
Episode 95  Reward:   0.343774  Wealth:    172053.54  Turnover: 0.2292  Gross: 1.3677  Gate: 0.7355
Episode 96  Reward:   0.168705  Wealth:    132279.16  Turnover: 0.2882  Gross: 1.3694  Gate: 0.7387
Episode 97  Reward:   0.138510  Wealth:    127343.14  Turnover: 0.2574  Gross: 1.3644  Gate: 0.7288
Episode 98  Reward:   0.203388  Wealth:    138474.31  Turnover: 0.2174  Gross: 1.3487  Gate: 0.6974
Episode 99  Reward:   0.211798  Wealth:    140706.10  Turnover: 0.1935  Gross: 1.3797  Gate: 0.7594
Episode 100  Reward:   0.257190  Wealth:    149937.88  Turnover: 0.2965  Gross: 1.3797  Gate: 0.7595
Episode    100  AvgReward:   0.166381  Noise: 0.1230
Episode 101  Reward:   0.070141  Wealth:    117184.44  Turnover: 0.2735  Gross: 1.3927  Gate: 0.7855
Episode 102  Reward:   0.130191  Wealth:    126305.86  Turnover: 0.1655  Gross: 1.3949  Gate: 0.7897
Episode 103  Reward:   0.094564  Wealth:    120704.32  Turnover: 0.2516  Gross: 1.3892  Gate: 0.7784
Episode 104  Reward:   0.165873  Wealth:    131681.73  Turnover: 0.2988  Gross: 1.3694  Gate: 0.7389
Episode 105  Reward:   0.282538  Wealth:    155771.31  Turnover: 0.2771  Gross: 1.3852  Gate: 0.7703
Episode 106  Reward:   0.123922  Wealth:    124877.51  Turnover: 0.3138  Gross: 1.3938  Gate: 0.7876
Episode 107  Reward:   0.260838  Wealth:    150722.38  Turnover: 0.2195  Gross: 1.3768  Gate: 0.7536
Episode 108  Reward:  -0.111828  Wealth:     96818.64  Turnover: 0.2357  Gross: 1.4031  Gate: 0.8063
Episode 109  Reward:  -0.018168  Wealth:    105863.86  Turnover: 0.3158  Gross: 1.3262  Gate: 0.6523
Episode 110  Reward:   0.171579  Wealth:    133133.45  Turnover: 0.2370  Gross: 1.3987  Gate: 0.7974
Episode    110  AvgReward:   0.116965  Noise: 0.1206
Episode 111  Reward:   0.278276  Wealth:    155041.13  Turnover: 0.2304  Gross: 1.3875  Gate: 0.7749
Episode 112  Reward:   0.217099  Wealth:    141162.12  Turnover: 0.2694  Gross: 1.3286  Gate: 0.6572
Episode 113  Reward:   0.003313  Wealth:    108500.83  Turnover: 0.3820  Gross: 1.3777  Gate: 0.7555
Episode 114  Reward:   0.116170  Wealth:    123627.10  Turnover: 0.2443  Gross: 1.3398  Gate: 0.6797
Episode 115  Reward:   0.211179  Wealth:    139886.91  Turnover: 0.3199  Gross: 1.3843  Gate: 0.7686
Episode 116  Reward:   0.209713  Wealth:    139812.19  Turnover: 0.2834  Gross: 1.3604  Gate: 0.7207
Episode 117  Reward:   0.063866  Wealth:    116224.85  Turnover: 0.3508  Gross: 1.3366  Gate: 0.6732
Episode 118  Reward:   0.272358  Wealth:    153021.42  Turnover: 0.2976  Gross: 1.3915  Gate: 0.7831
Episode 119  Reward:   0.177925  Wealth:    134075.37  Turnover: 0.4660  Gross: 1.3436  Gate: 0.6872
Episode 120  Reward:   0.299682  Wealth:    159728.97  Turnover: 0.2879  Gross: 1.3833  Gate: 0.7665
Episode    120  AvgReward:   0.184958  Noise: 0.1182
Episode 121  Reward:   0.207580  Wealth:    138400.66  Turnover: 0.2912  Gross: 1.3498  Gate: 0.6996
Episode 122  Reward:   0.202379  Wealth:    138798.91  Turnover: 0.3641  Gross: 1.3791  Gate: 0.7582
Episode 123  Reward:   0.086478  Wealth:    119414.31  Turnover: 0.2873  Gross: 1.3833  Gate: 0.7667
Episode 124  Reward:   0.239447  Wealth:    146419.34  Turnover: 0.4320  Gross: 1.3252  Gate: 0.6505
Episode 125  Reward:  -0.016744  Wealth:    105952.11  Turnover: 0.3023  Gross: 1.3583  Gate: 0.7166
Episode 126  Reward:   0.142149  Wealth:    128251.80  Turnover: 0.2260  Gross: 1.3882  Gate: 0.7763
Episode 127  Reward:   0.019529  Wealth:    110709.40  Turnover: 0.4038  Gross: 1.3669  Gate: 0.7337
Episode 128  Reward:   0.152779  Wealth:    129843.57  Turnover: 0.3978  Gross: 1.3378  Gate: 0.6757
Episode 129  Reward:   0.209726  Wealth:    140902.65  Turnover: 0.2741  Gross: 1.3811  Gate: 0.7622
Episode 130  Reward:   0.226593  Wealth:    143419.30  Turnover: 0.3289  Gross: 1.3769  Gate: 0.7538
Episode    130  AvgReward:   0.146992  Noise: 0.1159
Episode 131  Reward:   0.002586  Wealth:    108526.72  Turnover: 0.2824  Gross: 1.4035  Gate: 0.8070
Episode 132  Reward:   0.197230  Wealth:    137878.15  Turnover: 0.3019  Gross: 1.3933  Gate: 0.7866
Episode 133  Reward:   0.190864  Wealth:    136769.12  Turnover: 0.3133  Gross: 1.4092  Gate: 0.8184
Episode 134  Reward:  -0.434265  Wealth:     73814.90  Turnover: 0.4222  Gross: 1.3747  Gate: 0.7495
Episode 135  Reward:   0.195213  Wealth:    137469.65  Turnover: 0.3121  Gross: 1.4068  Gate: 0.8137
Episode 136  Reward:  -0.015260  Wealth:    105976.35  Turnover: 0.2405  Gross: 1.4023  Gate: 0.8046
Episode 137  Reward:   0.116325  Wealth:    123558.70  Turnover: 0.3209  Gross: 1.4074  Gate: 0.8149
Episode 138  Reward:   0.123021  Wealth:    125484.33  Turnover: 0.4220  Gross: 1.3800  Gate: 0.7599
Episode 139  Reward:   0.145524  Wealth:    128468.75  Turnover: 0.3439  Gross: 1.3966  Gate: 0.7931
Episode 140  Reward:   0.245566  Wealth:    147575.21  Turnover: 0.3497  Gross: 1.3936  Gate: 0.7873
Episode    140  AvgReward:   0.076680  Noise: 0.1136
Episode 141  Reward:   0.194616  Wealth:    138353.70  Turnover: 0.3430  Gross: 1.3831  Gate: 0.7662
Episode 142  Reward:  -0.062078  Wealth:    101584.67  Turnover: 0.3183  Gross: 1.3822  Gate: 0.7644
Episode 143  Reward:   0.123733  Wealth:    125531.76  Turnover: 0.5386  Gross: 1.3699  Gate: 0.7398
Episode 144  Reward:   0.178168  Wealth:    133577.66  Turnover: 0.4200  Gross: 1.3570  Gate: 0.7139
Episode 145  Reward:   0.185505  Wealth:    137034.45  Turnover: 0.4736  Gross: 1.3541  Gate: 0.7082
Episode 146  Reward:   0.193427  Wealth:    137106.04  Turnover: 0.3569  Gross: 1.4070  Gate: 0.8139
Episode 147  Reward:  -0.165580  Wealth:     91803.64  Turnover: 0.2976  Gross: 1.4051  Gate: 0.8102
Episode 148  Reward:   0.118860  Wealth:    123898.54  Turnover: 0.3785  Gross: 1.3688  Gate: 0.7375
Episode 149  Reward:   0.259949  Wealth:    152830.84  Turnover: 0.3867  Gross: 1.3380  Gate: 0.6759
Episode 150  Reward:   0.061490  Wealth:    116316.43  Turnover: 0.3211  Gross: 1.3993  Gate: 0.7987
Episode    150  AvgReward:   0.108809  Noise: 0.1113
Episode 151  Reward:   0.150393  Wealth:    129337.80  Turnover: 0.3433  Gross: 1.4000  Gate: 0.8001
Episode 152  Reward:  -0.075304  Wealth:    100148.40  Turnover: 0.3875  Gross: 1.3921  Gate: 0.7843
Episode 153  Reward:   0.159209  Wealth:    131377.24  Turnover: 0.3540  Gross: 1.3822  Gate: 0.7645
Episode 154  Reward:   0.304603  Wealth:    162874.54  Turnover: 0.4472  Gross: 1.3527  Gate: 0.7054
Episode 155  Reward:  -0.002300  Wealth:    108921.61  Turnover: 0.5169  Gross: 1.3590  Gate: 0.7180
Episode 156  Reward:  -0.127829  Wealth:     95138.17  Turnover: 0.3215  Gross: 1.4065  Gate: 0.8130
Episode 157  Reward:  -0.097170  Wealth:     98519.59  Turnover: 0.4065  Gross: 1.4017  Gate: 0.8035
Episode 158  Reward:   0.079603  Wealth:    118565.68  Turnover: 0.4278  Gross: 1.4011  Gate: 0.8021
Episode 159  Reward:  -0.077961  Wealth:     99938.52  Turnover: 0.2714  Gross: 1.4060  Gate: 0.8121
Episode 160  Reward:   0.175971  Wealth:    134701.24  Turnover: 0.3289  Gross: 1.3883  Gate: 0.7765
Episode    160  AvgReward:   0.048921  Noise: 0.1091
Episode 161  Reward:   0.408945  Wealth:    200338.46  Turnover: 0.5293  Gross: 1.3255  Gate: 0.6510
Episode 162  Reward:   0.092086  Wealth:    120726.61  Turnover: 0.4479  Gross: 1.4013  Gate: 0.8025
Episode 163  Reward:   0.095055  Wealth:    120440.96  Turnover: 0.3381  Gross: 1.3632  Gate: 0.7264
Episode 164  Reward:   0.209465  Wealth:    140595.01  Turnover: 0.4687  Gross: 1.3799  Gate: 0.7598
Episode 165  Reward:   0.090535  Wealth:    119855.91  Turnover: 0.3620  Gross: 1.3980  Gate: 0.7960
Episode 166  Reward:   0.120574  Wealth:    125247.03  Turnover: 0.4991  Gross: 1.3854  Gate: 0.7708
Episode 167  Reward:   0.008409  Wealth:    109575.69  Turnover: 0.3540  Gross: 1.3961  Gate: 0.7923
Episode 168  Reward:   0.140822  Wealth:    127016.60  Turnover: 0.3962  Gross: 1.3613  Gate: 0.7226
Episode 169  Reward:   0.040100  Wealth:    113008.47  Turnover: 0.2864  Gross: 1.4024  Gate: 0.8047
Episode 170  Reward:  -0.015785  Wealth:    106088.53  Turnover: 0.3409  Gross: 1.4028  Gate: 0.8055
Episode    170  AvgReward:   0.119020  Noise: 0.1069
Episode 171  Reward:   0.099846  Wealth:    123048.91  Turnover: 0.4528  Gross: 1.3655  Gate: 0.7311
Episode 172  Reward:   0.139071  Wealth:    126740.83  Turnover: 0.4027  Gross: 1.3875  Gate: 0.7751
Episode 173  Reward:   0.111592  Wealth:    123921.34  Turnover: 0.3747  Gross: 1.3859  Gate: 0.7717
Episode 174  Reward:   0.273641  Wealth:    155288.79  Turnover: 0.4763  Gross: 1.3297  Gate: 0.6594
Episode 175  Reward:   0.024988  Wealth:    110580.07  Turnover: 0.3142  Gross: 1.3591  Gate: 0.7183
Episode 176  Reward:   0.083638  Wealth:    118786.02  Turnover: 0.3560  Gross: 1.4041  Gate: 0.8083
Episode 177  Reward:   0.112749  Wealth:    123330.58  Turnover: 0.2987  Gross: 1.4016  Gate: 0.8031
Episode 178  Reward:   0.164044  Wealth:    134523.34  Turnover: 0.3871  Gross: 1.3712  Gate: 0.7423
Episode 179  Reward:  -0.018832  Wealth:    106956.64  Turnover: 0.5027  Gross: 1.3938  Gate: 0.7875
Episode 180  Reward:   0.291447  Wealth:    162051.54  Turnover: 0.3871  Gross: 1.3644  Gate: 0.7289
Episode    180  AvgReward:   0.128218  Noise: 0.1048
Episode 181  Reward:   0.066397  Wealth:    118930.52  Turnover: 0.4810  Gross: 1.3720  Gate: 0.7440
Episode 182  Reward:   0.223938  Wealth:    144357.35  Turnover: 0.3866  Gross: 1.3985  Gate: 0.7970
Episode 183  Reward:  -0.087753  Wealth:     99493.26  Turnover: 0.3783  Gross: 1.3943  Gate: 0.7885
Episode 184  Reward:   0.124829  Wealth:    125759.71  Turnover: 0.3216  Gross: 1.3937  Gate: 0.7875
Episode 185  Reward:   0.142182  Wealth:    127002.86  Turnover: 0.4344  Gross: 1.3583  Gate: 0.7166
Episode 186  Reward:   0.003553  Wealth:    109333.76  Turnover: 0.5216  Gross: 1.4027  Gate: 0.8055
Episode 187  Reward:   0.131620  Wealth:    126392.37  Turnover: 0.3616  Gross: 1.3971  Gate: 0.7942
Episode 188  Reward:  -0.001764  Wealth:    109416.35  Turnover: 0.4861  Gross: 1.3964  Gate: 0.7929
Episode 189  Reward:   0.276036  Wealth:    157472.64  Turnover: 0.4750  Gross: 1.3756  Gate: 0.7511
Episode 190  Reward:   0.120789  Wealth:    124083.43  Turnover: 0.2804  Gross: 1.3992  Gate: 0.7983
Episode    190  AvgReward:   0.099983  Noise: 0.1027
Episode 191  Reward:  -0.052768  Wealth:    102770.55  Turnover: 0.3261  Gross: 1.4012  Gate: 0.8025
Episode 192  Reward:   0.310571  Wealth:    162678.96  Turnover: 0.2970  Gross: 1.3990  Gate: 0.7981
Episode 193  Reward:   0.158477  Wealth:    132644.01  Turnover: 0.5089  Gross: 1.3918  Gate: 0.7836
Episode 194  Reward:   0.019275  Wealth:    110338.01  Turnover: 0.4031  Gross: 1.3895  Gate: 0.7789
Episode 195  Reward:  -0.039891  Wealth:    103788.07  Turnover: 0.2986  Gross: 1.4031  Gate: 0.8062
Episode 196  Reward:   0.092679  Wealth:    119999.63  Turnover: 0.3708  Gross: 1.4030  Gate: 0.8061
Episode 197  Reward:   0.031776  Wealth:    111311.16  Turnover: 0.2842  Gross: 1.3628  Gate: 0.7256
Episode 198  Reward:   0.174014  Wealth:    134513.25  Turnover: 0.4965  Gross: 1.3920  Gate: 0.7839
Episode 199  Reward:   0.006477  Wealth:    108697.88  Turnover: 0.3342  Gross: 1.4098  Gate: 0.8195
Episode 200  Reward:   0.290775  Wealth:    159545.78  Turnover: 0.3222  Gross: 1.3934  Gate: 0.7868
Episode    200  AvgReward:   0.099139  Noise: 0.1007
Episode 201  Reward:   0.146897  Wealth:    129615.79  Turnover: 0.3328  Gross: 1.3791  Gate: 0.7581
Episode 202  Reward:   0.174354  Wealth:    133575.41  Turnover: 0.3087  Gross: 1.4044  Gate: 0.8089
Episode 203  Reward:   0.066188  Wealth:    116042.55  Turnover: 0.3067  Gross: 1.4023  Gate: 0.8046
Episode 204  Reward:  -0.133830  Wealth:     94420.84  Turnover: 0.3495  Gross: 1.3984  Gate: 0.7968
Episode 205  Reward:   0.024636  Wealth:    111118.85  Turnover: 0.3839  Gross: 1.3993  Gate: 0.7986
Episode 206  Reward:   0.217195  Wealth:    141232.92  Turnover: 0.3997  Gross: 1.3950  Gate: 0.7899
Episode 207  Reward:   0.307253  Wealth:    162575.41  Turnover: 0.3566  Gross: 1.4044  Gate: 0.8089
Episode 208  Reward:  -0.105812  Wealth:     96691.19  Turnover: 0.3785  Gross: 1.3811  Gate: 0.7623
Episode 209  Reward:   0.141310  Wealth:    128307.59  Turnover: 0.4112  Gross: 1.3912  Gate: 0.7824
Episode 210  Reward:   0.236964  Wealth:    148957.95  Turnover: 0.4977  Gross: 1.3808  Gate: 0.7617
Episode    210  AvgReward:   0.107515  Noise: 0.0987
Episode 211  Reward:   0.115589  Wealth:    123555.69  Turnover: 0.2462  Gross: 1.4037  Gate: 0.8074
Episode 212  Reward:  -0.000288  Wealth:    108118.15  Turnover: 0.4660  Gross: 1.3873  Gate: 0.7746
Episode 213  Reward:   0.075056  Wealth:    117075.81  Turnover: 0.2183  Gross: 1.4047  Gate: 0.8094
Episode 214  Reward:   0.123889  Wealth:    125341.38  Turnover: 0.3148  Gross: 1.3944  Gate: 0.7887
Episode 215  Reward:   0.181588  Wealth:    135492.33  Turnover: 0.3347  Gross: 1.4024  Gate: 0.8048
Episode 216  Reward:   0.268071  Wealth:    151609.58  Turnover: 0.3607  Gross: 1.3915  Gate: 0.7830
Episode 217  Reward:   0.153126  Wealth:    129537.81  Turnover: 0.3351  Gross: 1.4018  Gate: 0.8035
Episode 218  Reward:   0.136347  Wealth:    127813.72  Turnover: 0.4024  Gross: 1.3985  Gate: 0.7970
Episode 219  Reward:  -0.004027  Wealth:    109901.66  Turnover: 0.4381  Gross: 1.3884  Gate: 0.7768
Episode 220  Reward:   0.044593  Wealth:    114526.62  Turnover: 0.4034  Gross: 1.3976  Gate: 0.7952
Episode    220  AvgReward:   0.109394  Noise: 0.0968
Episode 221  Reward:   0.132212  Wealth:    125491.81  Turnover: 0.2639  Gross: 1.4080  Gate: 0.8160
Episode 222  Reward:  -0.009027  Wealth:    108276.05  Turnover: 0.3992  Gross: 1.3951  Gate: 0.7901
Episode 223  Reward:   0.184389  Wealth:    137910.49  Turnover: 0.5739  Gross: 1.3627  Gate: 0.7253
Episode 224  Reward:   0.111617  Wealth:    122754.61  Turnover: 0.3340  Gross: 1.3974  Gate: 0.7948
Episode 225  Reward:   0.246961  Wealth:    147861.83  Turnover: 0.4896  Gross: 1.3873  Gate: 0.7746
Episode 226  Reward:   0.236371  Wealth:    146636.64  Turnover: 0.3483  Gross: 1.3978  Gate: 0.7956
Episode 227  Reward:   0.104052  Wealth:    122412.68  Turnover: 0.2891  Gross: 1.3900  Gate: 0.7800
Episode 228  Reward:  -0.016584  Wealth:    108061.84  Turnover: 0.5444  Gross: 1.4032  Gate: 0.8065
Episode 229  Reward:   0.099158  Wealth:    122048.05  Turnover: 0.2687  Gross: 1.4014  Gate: 0.8028
Episode 230  Reward:   0.090108  Wealth:    119255.97  Turnover: 0.3864  Gross: 1.3482  Gate: 0.6963
Episode    230  AvgReward:   0.117926  Noise: 0.0948
Episode 231  Reward:   0.041445  Wealth:    114764.72  Turnover: 0.3263  Gross: 1.3845  Gate: 0.7689
Episode 232  Reward:   0.155784  Wealth:    130484.09  Turnover: 0.3343  Gross: 1.3851  Gate: 0.7702
Episode 233  Reward:   0.025811  Wealth:    111407.11  Turnover: 0.2655  Gross: 1.3993  Gate: 0.7986
Episode 234  Reward:   0.072928  Wealth:    117339.36  Turnover: 0.2680  Gross: 1.3941  Gate: 0.7881
Episode 235  Reward:   0.243441  Wealth:    147518.88  Turnover: 0.4632  Gross: 1.4064  Gate: 0.8127
Episode 236  Reward:   0.035043  Wealth:    114292.68  Turnover: 0.4112  Gross: 1.3954  Gate: 0.7908
Episode 237  Reward:  -0.202079  Wealth:     89207.48  Turnover: 0.3430  Gross: 1.4043  Gate: 0.8086
Episode 238  Reward:   0.007239  Wealth:    109528.78  Turnover: 0.3700  Gross: 1.3966  Gate: 0.7931
Episode 239  Reward:   0.088562  Wealth:    119945.32  Turnover: 0.3112  Gross: 1.3999  Gate: 0.7997
Episode 240  Reward:   0.010829  Wealth:    110105.59  Turnover: 0.4097  Gross: 1.4011  Gate: 0.8022
Episode    240  AvgReward:   0.047900  Noise: 0.0930
Episode 241  Reward:   0.281067  Wealth:    156723.32  Turnover: 0.5592  Gross: 1.3868  Gate: 0.7736
Episode 242  Reward:   0.289852  Wealth:    159339.50  Turnover: 0.6561  Gross: 1.3839  Gate: 0.7679
Episode 243  Reward:   0.337219  Wealth:    177354.54  Turnover: 0.5217  Gross: 1.3916  Gate: 0.7832
Episode 244  Reward:   0.158350  Wealth:    131060.73  Turnover: 0.5224  Gross: 1.4038  Gate: 0.8076
Episode 245  Reward:   0.220978  Wealth:    142888.31  Turnover: 0.2753  Gross: 1.3914  Gate: 0.7827
Episode 246  Reward:   0.186056  Wealth:    136396.13  Turnover: 0.5141  Gross: 1.3934  Gate: 0.7868
Episode 247  Reward:   0.000363  Wealth:    111273.37  Turnover: 0.5777  Gross: 1.3810  Gate: 0.7619
Episode 248  Reward:   0.186898  Wealth:    136802.30  Turnover: 0.5347  Gross: 1.3728  Gate: 0.7455
Episode 249  Reward:   0.225049  Wealth:    144083.75  Turnover: 0.4414  Gross: 1.3961  Gate: 0.7922
Episode 250  Reward:  -0.254264  Wealth:     85611.22  Turnover: 0.6083  Gross: 1.4047  Gate: 0.8095
Episode    250  AvgReward:   0.163157  Noise: 0.0911
Episode 251  Reward:   0.144639  Wealth:    127898.87  Turnover: 0.3820  Gross: 1.3831  Gate: 0.7663
Episode 252  Reward:   0.141171  Wealth:    130034.82  Turnover: 0.3138  Gross: 1.4039  Gate: 0.8079
Episode 253  Reward:   0.223174  Wealth:    142647.06  Turnover: 0.4251  Gross: 1.4035  Gate: 0.8069
Episode 254  Reward:   0.038042  Wealth:    115797.48  Turnover: 0.4731  Gross: 1.4024  Gate: 0.8048
Episode 255  Reward:   0.000110  Wealth:    108957.45  Turnover: 0.3574  Gross: 1.4038  Gate: 0.8076
Episode 256  Reward:  -0.166935  Wealth:     92989.97  Turnover: 0.6364  Gross: 1.4042  Gate: 0.8084
Episode 257  Reward:   0.161923  Wealth:    134556.45  Turnover: 0.4209  Gross: 1.3946  Gate: 0.7892
Episode 258  Reward:   0.010813  Wealth:    109797.22  Turnover: 0.4183  Gross: 1.3671  Gate: 0.7342
Episode 259  Reward:   0.099285  Wealth:    121426.05  Turnover: 0.4873  Gross: 1.3675  Gate: 0.7350
Episode 260  Reward:   0.127101  Wealth:    129789.08  Turnover: 0.5082  Gross: 1.3997  Gate: 0.7994
Episode    260  AvgReward:   0.077932  Noise: 0.0893
Episode 261  Reward:  -0.012898  Wealth:    107703.82  Turnover: 0.4066  Gross: 1.4025  Gate: 0.8049
Episode 262  Reward:   0.051238  Wealth:    114461.36  Turnover: 0.4304  Gross: 1.3897  Gate: 0.7795
Episode 263  Reward:  -0.032398  Wealth:    104469.06  Turnover: 0.3482  Gross: 1.3993  Gate: 0.7986
Episode 264  Reward:  -0.112924  Wealth:     97251.16  Turnover: 0.3260  Gross: 1.3930  Gate: 0.7860
Episode 265  Reward:  -0.011120  Wealth:    108205.22  Turnover: 0.5254  Gross: 1.3618  Gate: 0.7235
Episode 266  Reward:   0.123665  Wealth:    125592.84  Turnover: 0.4547  Gross: 1.4054  Gate: 0.8107
Episode 267  Reward:   0.011525  Wealth:    108441.92  Turnover: 0.3166  Gross: 1.3846  Gate: 0.7691
Episode 268  Reward:   0.255687  Wealth:    151516.01  Turnover: 0.4351  Gross: 1.4071  Gate: 0.8143
Episode 269  Reward:  -0.066622  Wealth:    100611.78  Turnover: 0.4692  Gross: 1.3744  Gate: 0.7488
Episode 270  Reward:   0.115405  Wealth:    123151.40  Turnover: 0.3328  Gross: 1.4090  Gate: 0.8180
Episode    270  AvgReward:   0.032156  Noise: 0.0875
Episode 271  Reward:   0.218623  Wealth:    141305.52  Turnover: 0.2248  Gross: 1.4014  Gate: 0.8028
Episode 272  Reward:  -0.072611  Wealth:    101370.17  Turnover: 0.4028  Gross: 1.3865  Gate: 0.7730
Episode 273  Reward:   0.216539  Wealth:    143662.18  Turnover: 0.6738  Gross: 1.4017  Gate: 0.8034
Episode 274  Reward:   0.238024  Wealth:    146560.71  Turnover: 0.4982  Gross: 1.4063  Gate: 0.8125
Episode 275  Reward:  -0.066540  Wealth:    101222.30  Turnover: 0.2926  Gross: 1.3933  Gate: 0.7865
Episode 276  Reward:   0.094675  Wealth:    121663.64  Turnover: 0.3686  Gross: 1.4014  Gate: 0.8028
Episode 277  Reward:   0.215507  Wealth:    147742.46  Turnover: 0.5965  Gross: 1.3722  Gate: 0.7445
Episode 278  Reward:   0.233811  Wealth:    144079.29  Turnover: 0.2709  Gross: 1.3930  Gate: 0.7860
Episode 279  Reward:   0.014151  Wealth:    111101.60  Turnover: 0.3657  Gross: 1.3924  Gate: 0.7848
Episode 280  Reward:   0.073500  Wealth:    118688.89  Turnover: 0.2680  Gross: 1.3923  Gate: 0.7847
Episode    280  AvgReward:   0.116568  Noise: 0.0858
Episode 281  Reward:   0.147348  Wealth:    133358.51  Turnover: 0.5659  Gross: 1.3691  Gate: 0.7381
Episode 282  Reward:   0.136708  Wealth:    128850.55  Turnover: 0.5713  Gross: 1.3836  Gate: 0.7672
Episode 283  Reward:   0.159084  Wealth:    132560.47  Turnover: 0.6163  Gross: 1.3538  Gate: 0.7075
Episode 284  Reward:   0.072856  Wealth:    117749.06  Turnover: 0.1777  Gross: 1.4082  Gate: 0.8164
Episode 285  Reward:   0.087772  Wealth:    119485.18  Turnover: 0.6949  Gross: 1.3932  Gate: 0.7865
Episode 286  Reward:   0.247278  Wealth:    147923.46  Turnover: 0.3171  Gross: 1.4003  Gate: 0.8006
Episode 287  Reward:  -0.059256  Wealth:    102247.99  Turnover: 0.5481  Gross: 1.4105  Gate: 0.8211
Episode 288  Reward:   0.197371  Wealth:    137182.85  Turnover: 0.6637  Gross: 1.3926  Gate: 0.7852
Episode 289  Reward:   0.309869  Wealth:    171710.87  Turnover: 0.3249  Gross: 1.3838  Gate: 0.7677
Episode 290  Reward:  -0.016672  Wealth:    106380.28  Turnover: 0.4849  Gross: 1.4029  Gate: 0.8058
Episode    290  AvgReward:   0.128236  Noise: 0.0841
Episode 291  Reward:   0.081817  Wealth:    118766.48  Turnover: 0.3046  Gross: 1.3963  Gate: 0.7925
Episode 292  Reward:   0.091027  Wealth:    118187.48  Turnover: 0.3501  Gross: 1.3822  Gate: 0.7644
Episode 293  Reward:  -0.226894  Wealth:     86369.57  Turnover: 0.3713  Gross: 1.4010  Gate: 0.8020
Episode 294  Reward:   0.247663  Wealth:    155739.86  Turnover: 0.4166  Gross: 1.4000  Gate: 0.7999
Episode 295  Reward:   0.303081  Wealth:    162945.05  Turnover: 0.6395  Gross: 1.3601  Gate: 0.7202
Episode 296  Reward:   0.161962  Wealth:    129504.64  Turnover: 0.2533  Gross: 1.3962  Gate: 0.7923
Episode 297  Reward:   0.052688  Wealth:    117262.59  Turnover: 0.3746  Gross: 1.3995  Gate: 0.7990
Episode 298  Reward:   0.168865  Wealth:    133269.06  Turnover: 0.4101  Gross: 1.3985  Gate: 0.7971
Episode 299  Reward:   0.074932  Wealth:    117557.11  Turnover: 0.4324  Gross: 1.4028  Gate: 0.8055
Episode 300  Reward:   0.203549  Wealth:    140361.63  Turnover: 0.3996  Gross: 1.3717  Gate: 0.7433
Episode    300  AvgReward:   0.115869  Noise: 0.0824
Episode 301  Reward:  -0.293449  Wealth:     82427.16  Turnover: 0.5587  Gross: 1.3933  Gate: 0.7866
Episode 302  Reward:   0.134105  Wealth:    127341.35  Turnover: 0.6025  Gross: 1.3951  Gate: 0.7903
Episode 303  Reward:   0.230174  Wealth:    152201.50  Turnover: 0.5040  Gross: 1.3882  Gate: 0.7764
Episode 304  Reward:  -0.045813  Wealth:    103623.19  Turnover: 0.4944  Gross: 1.4036  Gate: 0.8072
Episode 305  Reward:   0.017389  Wealth:    111310.10  Turnover: 0.4672  Gross: 1.3903  Gate: 0.7807
Episode 306  Reward:   0.040854  Wealth:    113178.37  Turnover: 0.3430  Gross: 1.4031  Gate: 0.8062
Episode 307  Reward:  -0.016110  Wealth:    106602.94  Turnover: 0.6286  Gross: 1.3968  Gate: 0.7937
Episode 308  Reward:   0.026886  Wealth:    110458.34  Turnover: 0.3705  Gross: 1.3838  Gate: 0.7675
Episode 309  Reward:   0.256260  Wealth:    150532.04  Turnover: 0.4578  Gross: 1.3987  Gate: 0.7974
Episode 310  Reward:   0.069191  Wealth:    117267.35  Turnover: 0.3654  Gross: 1.3963  Gate: 0.7926
Episode    310  AvgReward:   0.041949  Noise: 0.0808
Episode 311  Reward:   0.164127  Wealth:    133701.60  Turnover: 0.5350  Gross: 1.3994  Gate: 0.7988
Episode 312  Reward:  -0.234259  Wealth:     87523.19  Turnover: 0.5164  Gross: 1.4017  Gate: 0.8035
Episode 313  Reward:   0.123987  Wealth:    125304.59  Turnover: 0.4580  Gross: 1.4007  Gate: 0.8013
Episode 314  Reward:   0.001296  Wealth:    108865.56  Turnover: 0.2833  Gross: 1.3838  Gate: 0.7676
Episode 315  Reward:   0.017426  Wealth:    109193.22  Turnover: 0.5921  Gross: 1.3804  Gate: 0.7608
Episode 316  Reward:   0.111025  Wealth:    124392.24  Turnover: 0.3661  Gross: 1.3996  Gate: 0.7992
Episode 317  Reward:   0.266937  Wealth:    153710.90  Turnover: 0.3488  Gross: 1.4101  Gate: 0.8202
Episode 318  Reward:   0.090213  Wealth:    120418.39  Turnover: 0.6662  Gross: 1.3975  Gate: 0.7950
Episode 319  Reward:   0.042801  Wealth:    113176.03  Turnover: 0.3825  Gross: 1.3772  Gate: 0.7544
Episode 320  Reward:  -0.064553  Wealth:    102734.36  Turnover: 0.5588  Gross: 1.4026  Gate: 0.8053
Episode    320  AvgReward:   0.051900  Noise: 0.0792
Episode 321  Reward:   0.290592  Wealth:    161178.82  Turnover: 0.5770  Gross: 1.3896  Gate: 0.7793
Episode 322  Reward:   0.162131  Wealth:    131844.20  Turnover: 0.7610  Gross: 1.3988  Gate: 0.7977
Episode 323  Reward:  -0.033154  Wealth:    104678.75  Turnover: 0.3623  Gross: 1.4030  Gate: 0.8061
Episode 324  Reward:   0.157607  Wealth:    133241.33  Turnover: 0.5943  Gross: 1.3922  Gate: 0.7845
Episode 325  Reward:   0.237923  Wealth:    146109.04  Turnover: 0.4389  Gross: 1.3969  Gate: 0.7939
Episode 326  Reward:   0.045066  Wealth:    114477.29  Turnover: 0.4175  Gross: 1.4074  Gate: 0.8149
Episode 327  Reward:   0.146791  Wealth:    134752.35  Turnover: 0.3500  Gross: 1.3949  Gate: 0.7897
Episode 328  Reward:   0.155774  Wealth:    130525.20  Turnover: 0.6319  Gross: 1.4002  Gate: 0.8004
Episode 329  Reward:   0.013346  Wealth:    110461.72  Turnover: 0.7228  Gross: 1.4021  Gate: 0.8042
Episode 330  Reward:   0.222013  Wealth:    143666.46  Turnover: 0.4413  Gross: 1.4111  Gate: 0.8222
Episode    330  AvgReward:   0.139809  Noise: 0.0776
Episode 331  Reward:   0.017947  Wealth:    112046.63  Turnover: 0.6049  Gross: 1.3741  Gate: 0.7481
Episode 332  Reward:   0.097575  Wealth:    120883.74  Turnover: 0.4776  Gross: 1.3924  Gate: 0.7847
Episode 333  Reward:   0.201650  Wealth:    139253.46  Turnover: 0.6534  Gross: 1.4051  Gate: 0.8103
Episode 334  Reward:   0.219474  Wealth:    141163.51  Turnover: 0.3223  Gross: 1.3910  Gate: 0.7821
Episode 335  Reward:  -0.044713  Wealth:    104087.43  Turnover: 0.5826  Gross: 1.4087  Gate: 0.8175
Episode 336  Reward:   0.182056  Wealth:    131997.56  Turnover: 0.3545  Gross: 1.3847  Gate: 0.7695
Episode 337  Reward:   0.132418  Wealth:    125298.13  Turnover: 0.5190  Gross: 1.3958  Gate: 0.7916
Episode 338  Reward:   0.245643  Wealth:    148815.42  Turnover: 0.4503  Gross: 1.4068  Gate: 0.8136
Episode 339  Reward:   0.380253  Wealth:    184998.21  Turnover: 0.4620  Gross: 1.3750  Gate: 0.7499
Episode 340  Reward:  -0.018237  Wealth:    105883.64  Turnover: 0.4926  Gross: 1.3988  Gate: 0.7976
Episode    340  AvgReward:   0.141407  Noise: 0.0761
Episode 341  Reward:   0.359557  Wealth:    176927.02  Turnover: 0.4959  Gross: 1.3910  Gate: 0.7819
Episode 342  Reward:   0.093159  Wealth:    118131.53  Turnover: 0.4148  Gross: 1.3900  Gate: 0.7799
Episode 343  Reward:   0.080754  Wealth:    118542.01  Turnover: 0.4950  Gross: 1.4111  Gate: 0.8222
Episode 344  Reward:   0.012075  Wealth:    111471.44  Turnover: 0.3944  Gross: 1.3986  Gate: 0.7972
Episode 345  Reward:  -0.050021  Wealth:    102944.03  Turnover: 0.4188  Gross: 1.3976  Gate: 0.7953
Episode 346  Reward:  -0.000273  Wealth:    109385.22  Turnover: 0.5338  Gross: 1.3920  Gate: 0.7839
Episode 347  Reward:   0.093530  Wealth:    120587.86  Turnover: 0.5386  Gross: 1.4028  Gate: 0.8056
Episode 348  Reward:  -0.067376  Wealth:    100557.03  Turnover: 0.7112  Gross: 1.3797  Gate: 0.7594
Episode 349  Reward:   0.240147  Wealth:    143243.34  Turnover: 0.4595  Gross: 1.3966  Gate: 0.7932
Episode 350  Reward:   0.063303  Wealth:    116564.79  Turnover: 0.4635  Gross: 1.4045  Gate: 0.8090
Episode    350  AvgReward:   0.082486  Noise: 0.0746
Episode 351  Reward:   0.100941  Wealth:    122183.65  Turnover: 0.4358  Gross: 1.3935  Gate: 0.7870
Episode 352  Reward:  -0.073014  Wealth:     98949.44  Turnover: 0.3877  Gross: 1.3976  Gate: 0.7951
Episode 353  Reward:   0.251995  Wealth:    147190.21  Turnover: 0.5983  Gross: 1.3968  Gate: 0.7937
Episode 354  Reward:  -0.324503  Wealth:     81637.44  Turnover: 0.3839  Gross: 1.3810  Gate: 0.7621
Episode 355  Reward:   0.291113  Wealth:    157043.07  Turnover: 0.2455  Gross: 1.4031  Gate: 0.8063
Episode 356  Reward:   0.253293  Wealth:    148945.45  Turnover: 0.4288  Gross: 1.3876  Gate: 0.7753
Episode 357  Reward:  -0.454553  Wealth:     73439.50  Turnover: 0.6022  Gross: 1.3993  Gate: 0.7985
Episode 358  Reward:   0.051342  Wealth:    114180.13  Turnover: 0.3385  Gross: 1.3994  Gate: 0.7988
Episode 359  Reward:  -0.015270  Wealth:    108278.45  Turnover: 0.5035  Gross: 1.4008  Gate: 0.8016
Episode 360  Reward:   0.163052  Wealth:    132628.83  Turnover: 0.6159  Gross: 1.4062  Gate: 0.8124
Episode    360  AvgReward:   0.024440  Noise: 0.0731
Episode 361  Reward:   0.356076  Wealth:    179358.78  Turnover: 0.7713  Gross: 1.3905  Gate: 0.7810
Episode 362  Reward:   0.144144  Wealth:    134140.12  Turnover: 0.6298  Gross: 1.3861  Gate: 0.7721
Episode 363  Reward:   0.238156  Wealth:    148667.07  Turnover: 0.6120  Gross: 1.3905  Gate: 0.7810
Episode 364  Reward:   0.089601  Wealth:    120125.72  Turnover: 0.4241  Gross: 1.4017  Gate: 0.8034
Episode 365  Reward:  -0.014703  Wealth:    106816.29  Turnover: 0.5877  Gross: 1.3895  Gate: 0.7791
Episode 366  Reward:   0.082179  Wealth:    119499.49  Turnover: 0.4223  Gross: 1.3995  Gate: 0.7990
Episode 367  Reward:   0.123682  Wealth:    122883.58  Turnover: 0.3361  Gross: 1.3911  Gate: 0.7821
Episode 368  Reward:  -0.268500  Wealth:     83925.58  Turnover: 0.4102  Gross: 1.3898  Gate: 0.7796
Episode 369  Reward:   0.363608  Wealth:    188550.93  Turnover: 0.5043  Gross: 1.3914  Gate: 0.7829
Episode 370  Reward:   0.152940  Wealth:    133401.34  Turnover: 0.5418  Gross: 1.3705  Gate: 0.7411
Episode    370  AvgReward:   0.126718  Noise: 0.0717
Episode 371  Reward:   0.232875  Wealth:    144503.07  Turnover: 0.4801  Gross: 1.3835  Gate: 0.7669
Episode 372  Reward:   0.167785  Wealth:    136095.16  Turnover: 0.6152  Gross: 1.3926  Gate: 0.7851
Episode 373  Reward:   0.119508  Wealth:    126540.12  Turnover: 0.9381  Gross: 1.3894  Gate: 0.7788
Episode 374  Reward:   0.124347  Wealth:    124669.30  Turnover: 0.5141  Gross: 1.3909  Gate: 0.7818
Episode 375  Reward:   0.303173  Wealth:    163846.65  Turnover: 0.4791  Gross: 1.3885  Gate: 0.7769
Episode 376  Reward:  -0.213367  Wealth:     89304.48  Turnover: 0.4346  Gross: 1.3841  Gate: 0.7681
Episode 377  Reward:   0.006553  Wealth:    110586.01  Turnover: 0.7367  Gross: 1.3901  Gate: 0.7802
Episode 378  Reward:   0.115167  Wealth:    122858.30  Turnover: 0.5211  Gross: 1.3930  Gate: 0.7859
Episode 379  Reward:   0.157969  Wealth:    134953.60  Turnover: 0.7405  Gross: 1.4051  Gate: 0.8102
Episode 380  Reward:   0.140866  Wealth:    127651.59  Turnover: 0.5487  Gross: 1.4011  Gate: 0.8022
Episode    380  AvgReward:   0.115488  Noise: 0.0702
Episode 381  Reward:  -0.135695  Wealth:     95430.03  Turnover: 0.7767  Gross: 1.3982  Gate: 0.7964
Episode 382  Reward:  -0.186217  Wealth:     90980.93  Turnover: 0.6511  Gross: 1.3883  Gate: 0.7767
Episode 383  Reward:   0.063505  Wealth:    115673.59  Turnover: 0.6268  Gross: 1.3921  Gate: 0.7841
Episode 384  Reward:   0.130579  Wealth:    124375.68  Turnover: 0.2535  Gross: 1.3974  Gate: 0.7948
Episode 385  Reward:   0.121616  Wealth:    123733.79  Turnover: 0.4060  Gross: 1.4027  Gate: 0.8055
Episode 386  Reward:   0.059418  Wealth:    113810.60  Turnover: 0.4885  Gross: 1.3912  Gate: 0.7823
Episode 387  Reward:   0.175927  Wealth:    133450.55  Turnover: 0.4967  Gross: 1.4047  Gate: 0.8095
Episode 388  Reward:   0.104509  Wealth:    123146.99  Turnover: 0.7041  Gross: 1.3941  Gate: 0.7882
Episode 389  Reward:  -0.070734  Wealth:     99547.88  Turnover: 0.1949  Gross: 1.3935  Gate: 0.7870
Episode 390  Reward:   0.296058  Wealth:    158434.36  Turnover: 0.5483  Gross: 1.3975  Gate: 0.7950
Episode    390  AvgReward:   0.055896  Noise: 0.0688
Episode 391  Reward:   0.008100  Wealth:    109851.71  Turnover: 0.3429  Gross: 1.3924  Gate: 0.7849
Episode 392  Reward:   0.278327  Wealth:    153481.89  Turnover: 0.5073  Gross: 1.3949  Gate: 0.7898
Episode 393  Reward:   0.247238  Wealth:    148714.17  Turnover: 0.6173  Gross: 1.3949  Gate: 0.7898
Episode 394  Reward:  -0.347817  Wealth:     78884.90  Turnover: 0.5249  Gross: 1.3944  Gate: 0.7889
Episode 395  Reward:   0.147201  Wealth:    128433.33  Turnover: 0.5076  Gross: 1.4016  Gate: 0.8032
Episode 396  Reward:  -0.103130  Wealth:     97452.07  Turnover: 0.4208  Gross: 1.3940  Gate: 0.7880
Episode 397  Reward:   0.123741  Wealth:    128238.67  Turnover: 0.6537  Gross: 1.3948  Gate: 0.7896
Episode 398  Reward:   0.266616  Wealth:    157028.64  Turnover: 0.5359  Gross: 1.3910  Gate: 0.7820
Episode 399  Reward:   0.086481  Wealth:    117980.46  Turnover: 0.5001  Gross: 1.3957  Gate: 0.7915
Episode 400  Reward:   0.042583  Wealth:    111519.99  Turnover: 0.4481  Gross: 1.3927  Gate: 0.7854
Episode    400  AvgReward:   0.074934  Noise: 0.0675
Episode 401  Reward:  -0.031956  Wealth:    103125.26  Turnover: 0.4325  Gross: 1.3829  Gate: 0.7659
Episode 402  Reward:  -0.063177  Wealth:    103042.17  Turnover: 0.7844  Gross: 1.3680  Gate: 0.7360
Episode 403  Reward:   0.270971  Wealth:    154538.26  Turnover: 0.4724  Gross: 1.3883  Gate: 0.7767
Episode 404  Reward:  -0.118317  Wealth:     96524.09  Turnover: 0.4512  Gross: 1.3909  Gate: 0.7818
Episode 405  Reward:  -0.071612  Wealth:    100446.60  Turnover: 0.3964  Gross: 1.3925  Gate: 0.7849
Episode 406  Reward:   0.093738  Wealth:    119532.87  Turnover: 0.2837  Gross: 1.4044  Gate: 0.8088
Episode 407  Reward:  -0.044413  Wealth:    104636.71  Turnover: 0.6478  Gross: 1.3917  Gate: 0.7835
Episode 408  Reward:   0.151264  Wealth:    128721.79  Turnover: 0.3497  Gross: 1.3976  Gate: 0.7952
Episode 409  Reward:   0.019066  Wealth:    110557.07  Turnover: 0.5019  Gross: 1.4004  Gate: 0.8009
Episode 410  Reward:   0.196421  Wealth:    136673.85  Turnover: 0.3456  Gross: 1.4036  Gate: 0.8071
Episode    410  AvgReward:   0.040198  Noise: 0.0661
Episode 411  Reward:   0.233950  Wealth:    143837.56  Turnover: 0.2781  Gross: 1.4022  Gate: 0.8045
Episode 412  Reward:   0.238684  Wealth:    146186.66  Turnover: 0.3644  Gross: 1.4032  Gate: 0.8064
Episode 413  Reward:   0.005037  Wealth:    108038.45  Turnover: 0.5348  Gross: 1.3924  Gate: 0.7848
Episode 414  Reward:   0.280713  Wealth:    154282.29  Turnover: 0.6720  Gross: 1.4022  Gate: 0.8044
Episode 415  Reward:   0.242759  Wealth:    144292.02  Turnover: 0.4245  Gross: 1.3931  Gate: 0.7862
Episode 416  Reward:   0.251486  Wealth:    154052.28  Turnover: 0.6620  Gross: 1.3914  Gate: 0.7827
Episode 417  Reward:   0.183972  Wealth:    135220.03  Turnover: 0.4450  Gross: 1.3972  Gate: 0.7944
Episode 418  Reward:  -0.045387  Wealth:    105790.52  Turnover: 0.4813  Gross: 1.4022  Gate: 0.8044
Episode 419  Reward:   0.134235  Wealth:    126184.25  Turnover: 0.4811  Gross: 1.3926  Gate: 0.7852
Episode 420  Reward:   0.212253  Wealth:    139799.74  Turnover: 0.3829  Gross: 1.4076  Gate: 0.8151
Episode    420  AvgReward:   0.173770  Noise: 0.0648
Episode 421  Reward:   0.013117  Wealth:    109281.69  Turnover: 0.2655  Gross: 1.4052  Gate: 0.8103
Episode 422  Reward:   0.033021  Wealth:    111206.72  Turnover: 0.4541  Gross: 1.3967  Gate: 0.7934
Episode 423  Reward:  -0.006172  Wealth:    107325.92  Turnover: 0.6772  Gross: 1.3866  Gate: 0.7731
Episode 424  Reward:   0.065885  Wealth:    119867.89  Turnover: 0.6948  Gross: 1.3699  Gate: 0.7398
Episode 425  Reward:   0.227993  Wealth:    143479.81  Turnover: 0.3016  Gross: 1.3980  Gate: 0.7961
Episode 426  Reward:   0.114655  Wealth:    121035.08  Turnover: 0.3532  Gross: 1.3476  Gate: 0.6952
Episode 427  Reward:   0.107017  Wealth:    124214.41  Turnover: 0.6436  Gross: 1.3884  Gate: 0.7767
Episode 428  Reward:   0.135821  Wealth:    127622.85  Turnover: 0.4714  Gross: 1.4019  Gate: 0.8037
Episode 429  Reward:   0.094903  Wealth:    120082.88  Turnover: 0.3469  Gross: 1.3933  Gate: 0.7865
Episode 430  Reward:   0.069431  Wealth:    120202.12  Turnover: 0.5692  Gross: 1.3920  Gate: 0.7841
Episode    430  AvgReward:   0.085567  Noise: 0.0635
Episode 431  Reward:   0.097258  Wealth:    120592.55  Turnover: 0.6125  Gross: 1.4003  Gate: 0.8006
Episode 432  Reward:  -0.136181  Wealth:     94859.55  Turnover: 0.7410  Gross: 1.3905  Gate: 0.7809
Episode 433  Reward:   0.198891  Wealth:    140525.44  Turnover: 0.6475  Gross: 1.3889  Gate: 0.7779
Episode 434  Reward:   0.249561  Wealth:    150914.11  Turnover: 0.4089  Gross: 1.3908  Gate: 0.7815
Episode 435  Reward:   0.048615  Wealth:    114717.80  Turnover: 0.5403  Gross: 1.3861  Gate: 0.7721
Episode 436  Reward:   0.147569  Wealth:    130843.99  Turnover: 0.8016  Gross: 1.3904  Gate: 0.7808
Episode 437  Reward:   0.109023  Wealth:    123602.13  Turnover: 0.7535  Gross: 1.3758  Gate: 0.7517
Episode 438  Reward:   0.128880  Wealth:    126453.23  Turnover: 0.7145  Gross: 1.3947  Gate: 0.7893
Episode 439  Reward:   0.022967  Wealth:    111832.39  Turnover: 0.6313  Gross: 1.4006  Gate: 0.8013
Episode 440  Reward:   0.015477  Wealth:    110737.77  Turnover: 0.7530  Gross: 1.3949  Gate: 0.7899
Episode    440  AvgReward:   0.088206  Noise: 0.0623
Episode 441  Reward:   0.274053  Wealth:    154705.67  Turnover: 0.5420  Gross: 1.3928  Gate: 0.7857
Episode 442  Reward:   0.170850  Wealth:    132755.14  Turnover: 0.4753  Gross: 1.3813  Gate: 0.7626
Episode 443  Reward:   0.182806  Wealth:    133655.65  Turnover: 0.5646  Gross: 1.3905  Gate: 0.7809
Episode 444  Reward:   0.177365  Wealth:    136341.56  Turnover: 0.7514  Gross: 1.3933  Gate: 0.7866
Episode 445  Reward:   0.107062  Wealth:    120714.22  Turnover: 0.3590  Gross: 1.3933  Gate: 0.7867
Episode 446  Reward:   0.209834  Wealth:    139034.12  Turnover: 0.5526  Gross: 1.3956  Gate: 0.7913
Episode 447  Reward:   0.224507  Wealth:    141535.07  Turnover: 0.4933  Gross: 1.3894  Gate: 0.7789
Episode 448  Reward:   0.186998  Wealth:    135773.51  Turnover: 0.2602  Gross: 1.4009  Gate: 0.8017
Episode 449  Reward:   0.177022  Wealth:    134122.11  Turnover: 0.6056  Gross: 1.3979  Gate: 0.7957
Episode 450  Reward:   0.005804  Wealth:    108422.45  Turnover: 0.5456  Gross: 1.3975  Gate: 0.7949
Episode    450  AvgReward:   0.171630  Noise: 0.0611
Episode 451  Reward:   0.134284  Wealth:    125573.59  Turnover: 0.4346  Gross: 1.4016  Gate: 0.8032
Episode 452  Reward:  -0.392416  Wealth:     77271.39  Turnover: 0.6454  Gross: 1.3688  Gate: 0.7375
Episode 453  Reward:   0.007393  Wealth:    109480.17  Turnover: 0.5912  Gross: 1.3942  Gate: 0.7884
Episode 454  Reward:   0.101385  Wealth:    123407.02  Turnover: 0.6481  Gross: 1.3792  Gate: 0.7585
Episode 455  Reward:   0.052993  Wealth:    117507.87  Turnover: 0.6145  Gross: 1.3849  Gate: 0.7698
Episode 456  Reward:   0.231877  Wealth:    141758.41  Turnover: 0.3034  Gross: 1.4011  Gate: 0.8021
Episode 457  Reward:   0.211355  Wealth:    140619.71  Turnover: 0.4205  Gross: 1.3973  Gate: 0.7947
Episode 458  Reward:   0.333025  Wealth:    173634.06  Turnover: 0.5901  Gross: 1.3849  Gate: 0.7697
Episode 459  Reward:   0.104918  Wealth:    121267.07  Turnover: 0.5436  Gross: 1.3933  Gate: 0.7866
Episode 460  Reward:   0.188464  Wealth:    135854.77  Turnover: 0.4251  Gross: 1.3967  Gate: 0.7935
Episode    460  AvgReward:   0.097328  Noise: 0.0598
Episode 461  Reward:   0.263912  Wealth:    150083.06  Turnover: 0.3360  Gross: 1.3926  Gate: 0.7853
Episode 462  Reward:   0.408444  Wealth:    188829.34  Turnover: 0.3512  Gross: 1.3986  Gate: 0.7972
Episode 463  Reward:   0.084914  Wealth:    118501.68  Turnover: 0.4739  Gross: 1.4078  Gate: 0.8156
Episode 464  Reward:   0.179667  Wealth:    137771.72  Turnover: 0.5986  Gross: 1.3986  Gate: 0.7972
Episode 465  Reward:   0.052613  Wealth:    113808.93  Turnover: 0.3403  Gross: 1.3954  Gate: 0.7908
Episode 466  Reward:   0.040605  Wealth:    111911.68  Turnover: 0.3575  Gross: 1.3798  Gate: 0.7597
Episode 467  Reward:   0.102927  Wealth:    120460.52  Turnover: 0.3222  Gross: 1.4059  Gate: 0.8117
Episode 468  Reward:   0.181103  Wealth:    134118.22  Turnover: 0.2427  Gross: 1.4035  Gate: 0.8070
Episode 469  Reward:  -0.185125  Wealth:     90023.17  Turnover: 0.5618  Gross: 1.4038  Gate: 0.8076
Episode 470  Reward:  -0.220119  Wealth:     89149.33  Turnover: 0.6908  Gross: 1.4004  Gate: 0.8008
Episode    470  AvgReward:   0.090894  Noise: 0.0587
Episode 471  Reward:  -0.059395  Wealth:    101717.45  Turnover: 0.4243  Gross: 1.4007  Gate: 0.8013
Episode 472  Reward:   0.365017  Wealth:    176410.80  Turnover: 0.2746  Gross: 1.4012  Gate: 0.8023
Episode 473  Reward:   0.238997  Wealth:    144767.81  Turnover: 0.3789  Gross: 1.4030  Gate: 0.8060
Episode 474  Reward:   0.354538  Wealth:    179909.83  Turnover: 1.0299  Gross: 1.3874  Gate: 0.7749
Episode 475  Reward:   0.123380  Wealth:    124644.81  Turnover: 0.4247  Gross: 1.4043  Gate: 0.8086
Episode 476  Reward:   0.146704  Wealth:    126847.72  Turnover: 0.3972  Gross: 1.4167  Gate: 0.8335
Episode 477  Reward:   0.134931  Wealth:    126413.86  Turnover: 0.4380  Gross: 1.4045  Gate: 0.8090
Episode 478  Reward:  -0.128678  Wealth:     96364.74  Turnover: 0.7970  Gross: 1.3952  Gate: 0.7905
Episode 479  Reward:   0.204199  Wealth:    138354.79  Turnover: 0.4092  Gross: 1.4012  Gate: 0.8025
Episode 480  Reward:   0.305019  Wealth:    159736.59  Turnover: 0.3976  Gross: 1.4112  Gate: 0.8225
Episode    480  AvgReward:   0.168471  Noise: 0.0575
Episode 481  Reward:   0.199793  Wealth:    137565.29  Turnover: 0.3299  Gross: 1.3999  Gate: 0.7998
Episode 482  Reward:   0.163766  Wealth:    131802.44  Turnover: 0.5617  Gross: 1.3976  Gate: 0.7952
Episode 483  Reward:   0.204001  Wealth:    137773.96  Turnover: 0.5044  Gross: 1.4013  Gate: 0.8025
Episode 484  Reward:   0.239415  Wealth:    145267.14  Turnover: 0.3033  Gross: 1.4054  Gate: 0.8108
Episode 485  Reward:   0.090056  Wealth:    119007.35  Turnover: 0.5947  Gross: 1.3937  Gate: 0.7875
Episode 486  Reward:   0.071026  Wealth:    115791.74  Turnover: 0.2781  Gross: 1.3984  Gate: 0.7969
Episode 487  Reward:  -0.040986  Wealth:    105229.21  Turnover: 0.5127  Gross: 1.4032  Gate: 0.8064
Episode 488  Reward:   0.133048  Wealth:    125662.16  Turnover: 0.4692  Gross: 1.3830  Gate: 0.7659
Episode 489  Reward:   0.274389  Wealth:    152754.67  Turnover: 0.5297  Gross: 1.3954  Gate: 0.7908
Episode 490  Reward:   0.264023  Wealth:    153601.01  Turnover: 0.4336  Gross: 1.4021  Gate: 0.8042
Episode    490  AvgReward:   0.159853  Noise: 0.0564
Episode 491  Reward:   0.150114  Wealth:    128676.49  Turnover: 0.5420  Gross: 1.4026  Gate: 0.8051
Episode 492  Reward:   0.224123  Wealth:    143038.35  Turnover: 0.2294  Gross: 1.3940  Gate: 0.7881
Episode 493  Reward:   0.100018  Wealth:    121280.32  Turnover: 0.3589  Gross: 1.3920  Gate: 0.7840
Episode 494  Reward:   0.152707  Wealth:    128231.98  Turnover: 0.5594  Gross: 1.4011  Gate: 0.8022
Episode 495  Reward:   0.171487  Wealth:    133433.73  Turnover: 0.6852  Gross: 1.4027  Gate: 0.8054
Episode 496  Reward:   0.152617  Wealth:    131141.27  Turnover: 0.6918  Gross: 1.4065  Gate: 0.8130
Episode 497  Reward:   0.072867  Wealth:    119111.37  Turnover: 0.5824  Gross: 1.4038  Gate: 0.8077
Episode 498  Reward:   0.111299  Wealth:    122488.17  Turnover: 0.4245  Gross: 1.4058  Gate: 0.8116
Episode 499  Reward:   0.270505  Wealth:    151519.26  Turnover: 0.3856  Gross: 1.3956  Gate: 0.7913
Episode 500  Reward:  -0.116036  Wealth:     96707.17  Turnover: 0.5910  Gross: 1.3989  Gate: 0.7978
Episode    500  AvgReward:   0.128970  Noise: 0.0552
Episode 501  Reward:   0.099604  Wealth:    120309.41  Turnover: 0.4735  Gross: 1.4019  Gate: 0.8037
Episode 502  Reward:   0.185999  Wealth:    134407.95  Turnover: 0.3337  Gross: 1.4003  Gate: 0.8006
Episode 503  Reward:   0.105587  Wealth:    122823.59  Turnover: 0.5418  Gross: 1.3983  Gate: 0.7967
Episode 504  Reward:   0.158367  Wealth:    131316.24  Turnover: 0.5250  Gross: 1.3962  Gate: 0.7925
Episode 505  Reward:   0.184986  Wealth:    135277.18  Turnover: 0.5053  Gross: 1.3799  Gate: 0.7597
Episode 506  Reward:   0.252376  Wealth:    152152.62  Turnover: 0.9514  Gross: 1.3811  Gate: 0.7621
Episode 507  Reward:   0.106947  Wealth:    126601.87  Turnover: 1.0013  Gross: 1.3792  Gate: 0.7584
Episode 508  Reward:   0.179413  Wealth:    133666.04  Turnover: 0.3561  Gross: 1.3877  Gate: 0.7754
Episode 509  Reward:   0.100482  Wealth:    120672.27  Turnover: 0.2511  Gross: 1.3999  Gate: 0.7997
Episode 510  Reward:   0.123145  Wealth:    124886.32  Turnover: 0.5202  Gross: 1.3984  Gate: 0.7969
Episode    510  AvgReward:   0.149691  Noise: 0.0541
Episode 511  Reward:  -0.276361  Wealth:     84034.60  Turnover: 0.8037  Gross: 1.3875  Gate: 0.7750
Episode 512  Reward:   0.060235  Wealth:    114852.96  Turnover: 0.4135  Gross: 1.3999  Gate: 0.7998
Episode 513  Reward:   0.119314  Wealth:    123784.05  Turnover: 0.3825  Gross: 1.3890  Gate: 0.7781
Episode 514  Reward:   0.129582  Wealth:    124862.83  Turnover: 0.4699  Gross: 1.4024  Gate: 0.8047
Episode 515  Reward:  -0.001139  Wealth:    108657.40  Turnover: 0.5069  Gross: 1.4020  Gate: 0.8041
Episode 516  Reward:   0.129024  Wealth:    125394.52  Turnover: 0.3529  Gross: 1.4039  Gate: 0.8077
Episode 517  Reward:  -0.058985  Wealth:    101162.74  Turnover: 0.5407  Gross: 1.3988  Gate: 0.7976
Episode 518  Reward:   0.186010  Wealth:    134543.65  Turnover: 0.3522  Gross: 1.4037  Gate: 0.8075
Episode 519  Reward:   0.114938  Wealth:    122245.04  Turnover: 0.4768  Gross: 1.4026  Gate: 0.8051
Episode 520  Reward:   0.144096  Wealth:    127726.78  Turnover: 0.4093  Gross: 1.3980  Gate: 0.7960
Episode    520  AvgReward:   0.054671  Noise: 0.0531
Episode 521  Reward:  -0.014164  Wealth:    105983.50  Turnover: 0.4577  Gross: 1.4026  Gate: 0.8052
Episode 522  Reward:   0.262022  Wealth:    150420.10  Turnover: 0.7663  Gross: 1.3865  Gate: 0.7731
Episode 523  Reward:   0.323195  Wealth:    166072.91  Turnover: 0.5377  Gross: 1.4006  Gate: 0.8013
Episode 524  Reward:  -0.020619  Wealth:    106314.88  Turnover: 0.5445  Gross: 1.3940  Gate: 0.7880
Episode 525  Reward:   0.245034  Wealth:    146303.43  Turnover: 0.4135  Gross: 1.3922  Gate: 0.7843
Episode 526  Reward:   0.142682  Wealth:    127095.13  Turnover: 0.2905  Gross: 1.4053  Gate: 0.8105
Episode 527  Reward:   0.111243  Wealth:    120724.22  Turnover: 0.3260  Gross: 1.4066  Gate: 0.8132
Episode 528  Reward:  -0.110401  Wealth:     96454.17  Turnover: 0.5239  Gross: 1.3993  Gate: 0.7985
Episode 529  Reward:  -0.004583  Wealth:    106461.73  Turnover: 0.4010  Gross: 1.3796  Gate: 0.7592
Episode 530  Reward:   0.014094  Wealth:    110006.73  Turnover: 0.9011  Gross: 1.4036  Gate: 0.8072
Episode    530  AvgReward:   0.094850  Noise: 0.0520
Episode 531  Reward:   0.011020  Wealth:    108505.38  Turnover: 0.2189  Gross: 1.4006  Gate: 0.8012
Episode 532  Reward:   0.168328  Wealth:    133720.81  Turnover: 0.6805  Gross: 1.3749  Gate: 0.7499
Episode 533  Reward:   0.216370  Wealth:    140466.53  Turnover: 0.4180  Gross: 1.3997  Gate: 0.7994
Episode 534  Reward:   0.182245  Wealth:    134051.34  Turnover: 0.2326  Gross: 1.3964  Gate: 0.7929
Episode 535  Reward:   0.031385  Wealth:    111566.18  Turnover: 0.5911  Gross: 1.3994  Gate: 0.7988
Episode 536  Reward:   0.005257  Wealth:    108676.51  Turnover: 0.3245  Gross: 1.4049  Gate: 0.8098
Episode 537  Reward:   0.276498  Wealth:    152829.82  Turnover: 0.3084  Gross: 1.4022  Gate: 0.8044
Episode 538  Reward:   0.272984  Wealth:    155710.29  Turnover: 0.7910  Gross: 1.3780  Gate: 0.7560
Episode 539  Reward:   0.067218  Wealth:    116412.12  Turnover: 0.8726  Gross: 1.3774  Gate: 0.7547
Episode 540  Reward:   0.114901  Wealth:    121172.50  Turnover: 0.4060  Gross: 1.4002  Gate: 0.8004
Episode    540  AvgReward:   0.134621  Noise: 0.0510
Episode 541  Reward:   0.216745  Wealth:    140429.53  Turnover: 0.3746  Gross: 1.4004  Gate: 0.8009
Episode 542  Reward:   0.260108  Wealth:    150319.71  Turnover: 0.5878  Gross: 1.3991  Gate: 0.7982
Episode 543  Reward:  -0.051177  Wealth:    101915.74  Turnover: 0.4596  Gross: 1.3943  Gate: 0.7885
Episode 544  Reward:   0.214134  Wealth:    139411.76  Turnover: 0.5032  Gross: 1.3997  Gate: 0.7994
Episode 545  Reward:   0.195495  Wealth:    135927.50  Turnover: 0.2835  Gross: 1.4041  Gate: 0.8083
Episode 546  Reward:  -0.190230  Wealth:     90788.05  Turnover: 0.8906  Gross: 1.3942  Gate: 0.7884
Episode 547  Reward:   0.206817  Wealth:    137786.11  Turnover: 0.3742  Gross: 1.4075  Gate: 0.8150
Episode 548  Reward:  -0.046596  Wealth:    102831.69  Turnover: 0.6054  Gross: 1.3908  Gate: 0.7815
Episode 549  Reward:   0.096069  Wealth:    119385.55  Turnover: 0.3390  Gross: 1.4075  Gate: 0.8150
Episode 550  Reward:   0.068516  Wealth:    116485.78  Turnover: 0.3783  Gross: 1.4048  Gate: 0.8096
Episode    550  AvgReward:   0.096988  Noise: 0.0500
Episode 551  Reward:   0.262303  Wealth:    150118.08  Turnover: 0.4420  Gross: 1.4042  Gate: 0.8083
Episode 552  Reward:   0.307887  Wealth:    165004.19  Turnover: 1.0054  Gross: 1.3956  Gate: 0.7912
Episode 553  Reward:   0.106279  Wealth:    120850.09  Turnover: 0.4010  Gross: 1.4049  Gate: 0.8099
Episode 554  Reward:  -0.123478  Wealth:     94007.09  Turnover: 0.3677  Gross: 1.4038  Gate: 0.8075
Episode 555  Reward:   0.240909  Wealth:    146079.86  Turnover: 0.3504  Gross: 1.3947  Gate: 0.7894
Episode 556  Reward:   0.318920  Wealth:    167889.76  Turnover: 0.6331  Gross: 1.4015  Gate: 0.8030
Episode 557  Reward:   0.208161  Wealth:    140680.40  Turnover: 0.9077  Gross: 1.3932  Gate: 0.7864
Episode 558  Reward:  -0.071687  Wealth:    100233.22  Turnover: 0.6344  Gross: 1.3898  Gate: 0.7796
Episode 559  Reward:  -0.082998  Wealth:     98672.53  Turnover: 0.3913  Gross: 1.4064  Gate: 0.8128
Episode 560  Reward:   0.335049  Wealth:    171797.38  Turnover: 0.7620  Gross: 1.4020  Gate: 0.8040
Episode    560  AvgReward:   0.150135  Noise: 0.0490
Episode 561  Reward:   0.177184  Wealth:    135649.99  Turnover: 0.7910  Gross: 1.3876  Gate: 0.7752
Episode 562  Reward:   0.126825  Wealth:    127578.38  Turnover: 0.6632  Gross: 1.4037  Gate: 0.8074
Episode 563  Reward:   0.109321  Wealth:    121765.95  Turnover: 0.4213  Gross: 1.3851  Gate: 0.7702
Episode 564  Reward:   0.132886  Wealth:    125601.24  Turnover: 0.3488  Gross: 1.4013  Gate: 0.8026
Episode 565  Reward:   0.171238  Wealth:    131418.29  Turnover: 0.5526  Gross: 1.3987  Gate: 0.7974
Episode 566  Reward:   0.291716  Wealth:    158257.34  Turnover: 0.4850  Gross: 1.3968  Gate: 0.7935
Episode 567  Reward:  -0.152831  Wealth:     92865.47  Turnover: 0.4683  Gross: 1.3995  Gate: 0.7990
Episode 568  Reward:   0.047144  Wealth:    112412.33  Turnover: 0.4715  Gross: 1.4077  Gate: 0.8153
Episode 569  Reward:   0.238297  Wealth:    145000.35  Turnover: 0.3507  Gross: 1.3976  Gate: 0.7953
Episode 570  Reward:   0.234641  Wealth:    143290.12  Turnover: 0.3105  Gross: 1.4017  Gate: 0.8033
Episode    570  AvgReward:   0.137642  Noise: 0.0480
Episode 571  Reward:   0.161684  Wealth:    129587.51  Turnover: 0.5806  Gross: 1.4033  Gate: 0.8066
Episode 572  Reward:  -0.151272  Wealth:     93282.51  Turnover: 0.6993  Gross: 1.3909  Gate: 0.7818
Episode 573  Reward:   0.228469  Wealth:    142230.07  Turnover: 0.2379  Gross: 1.4027  Gate: 0.8054
Episode 574  Reward:  -0.198250  Wealth:     89759.28  Turnover: 0.5835  Gross: 1.3874  Gate: 0.7748
Episode 575  Reward:  -0.187485  Wealth:     92174.07  Turnover: 0.5956  Gross: 1.3896  Gate: 0.7792
Episode 576  Reward:   0.062763  Wealth:    117486.55  Turnover: 0.4731  Gross: 1.3773  Gate: 0.7546
Episode 577  Reward:   0.039534  Wealth:    115819.91  Turnover: 0.9802  Gross: 1.3980  Gate: 0.7960
Episode 578  Reward:   0.158466  Wealth:    129588.25  Turnover: 0.3696  Gross: 1.4006  Gate: 0.8013
Episode 579  Reward:   0.022923  Wealth:    110755.52  Turnover: 0.5199  Gross: 1.3953  Gate: 0.7906
Episode 580  Reward:   0.016974  Wealth:    110145.07  Turnover: 0.6057  Gross: 1.3965  Gate: 0.7930
Episode    580  AvgReward:   0.015381  Noise: 0.0471
Episode 581  Reward:   0.064569  Wealth:    115810.09  Turnover: 0.3201  Gross: 1.4048  Gate: 0.8097
Episode 582  Reward:  -0.066890  Wealth:    100991.26  Turnover: 0.8797  Gross: 1.3913  Gate: 0.7827
Episode 583  Reward:   0.104447  Wealth:    123832.35  Turnover: 0.4483  Gross: 1.4015  Gate: 0.8031
Episode 584  Reward:  -0.069955  Wealth:    100279.59  Turnover: 0.5168  Gross: 1.3867  Gate: 0.7733
Episode 585  Reward:   0.136362  Wealth:    125775.49  Turnover: 0.4420  Gross: 1.4045  Gate: 0.8091
Episode 586  Reward:   0.094653  Wealth:    121694.44  Turnover: 0.6721  Gross: 1.3996  Gate: 0.7991
Episode 587  Reward:   0.055018  Wealth:    114755.55  Turnover: 0.6745  Gross: 1.3930  Gate: 0.7860
Episode 588  Reward:   0.064411  Wealth:    118097.53  Turnover: 0.7316  Gross: 1.4056  Gate: 0.8111
Episode 589  Reward:  -0.052034  Wealth:    102117.04  Turnover: 0.3278  Gross: 1.3883  Gate: 0.7765
Episode 590  Reward:   0.178615  Wealth:    136334.23  Turnover: 0.8312  Gross: 1.4034  Gate: 0.8068
Episode    590  AvgReward:   0.050920  Noise: 0.0461
Episode 591  Reward:   0.260254  Wealth:    153869.93  Turnover: 0.8954  Gross: 1.3947  Gate: 0.7895
Episode 592  Reward:   0.040104  Wealth:    114102.91  Turnover: 0.9663  Gross: 1.3942  Gate: 0.7884
Episode 593  Reward:   0.076459  Wealth:    118808.76  Turnover: 0.7208  Gross: 1.3933  Gate: 0.7867
Episode 594  Reward:   0.369524  Wealth:    184028.90  Turnover: 0.7613  Gross: 1.3929  Gate: 0.7858
Episode 595  Reward:   0.293836  Wealth:    158538.90  Turnover: 0.4555  Gross: 1.4011  Gate: 0.8022
Episode 596  Reward:   0.218911  Wealth:    140069.56  Turnover: 0.3008  Gross: 1.3962  Gate: 0.7925
Episode 597  Reward:   0.168117  Wealth:    133055.20  Turnover: 0.5199  Gross: 1.3963  Gate: 0.7927
Episode 598  Reward:   0.355246  Wealth:    174328.37  Turnover: 0.7329  Gross: 1.3903  Gate: 0.7806
Episode 599  Reward:   0.121725  Wealth:    124429.48  Turnover: 0.5160  Gross: 1.3995  Gate: 0.7990
Episode 600  Reward:   0.037088  Wealth:    112462.32  Turnover: 0.4370  Gross: 1.4037  Gate: 0.8073
Episode    600  AvgReward:   0.194126  Noise: 0.0452
Episode 601  Reward:   0.125671  Wealth:    125080.50  Turnover: 0.4267  Gross: 1.4034  Gate: 0.8067
Episode 602  Reward:   0.192543  Wealth:    135765.22  Turnover: 0.6122  Gross: 1.4026  Gate: 0.8053
Episode 603  Reward:  -0.020953  Wealth:    105371.30  Turnover: 0.3929  Gross: 1.3964  Gate: 0.7928
Episode 604  Reward:   0.232623  Wealth:    143848.43  Turnover: 0.4337  Gross: 1.4044  Gate: 0.8088
Episode 605  Reward:   0.090651  Wealth:    119127.44  Turnover: 0.2702  Gross: 1.3937  Gate: 0.7874
Episode 606  Reward:  -0.100745  Wealth:     97494.97  Turnover: 0.4102  Gross: 1.3968  Gate: 0.7936
Episode 607  Reward:   0.192894  Wealth:    135893.48  Turnover: 0.7305  Gross: 1.3956  Gate: 0.7911
Episode 608  Reward:   0.203273  Wealth:    137302.33  Turnover: 0.3739  Gross: 1.3941  Gate: 0.7882
Episode 609  Reward:   0.018262  Wealth:    109696.06  Turnover: 0.3040  Gross: 1.4057  Gate: 0.8114
Episode 610  Reward:   0.086492  Wealth:    119850.99  Turnover: 0.6211  Gross: 1.3959  Gate: 0.7918
Episode    610  AvgReward:   0.102071  Noise: 0.0443
Episode 611  Reward:   0.072423  Wealth:    119061.16  Turnover: 0.7156  Gross: 1.3748  Gate: 0.7495
Episode 612  Reward:   0.165106  Wealth:    132114.30  Turnover: 0.4260  Gross: 1.4002  Gate: 0.8003
Episode 613  Reward:  -0.030890  Wealth:    105658.33  Turnover: 0.7928  Gross: 1.4094  Gate: 0.8188
Episode 614  Reward:   0.127681  Wealth:    126113.01  Turnover: 0.4904  Gross: 1.3986  Gate: 0.7972
Episode 615  Reward:   0.344633  Wealth:    170228.09  Turnover: 0.5986  Gross: 1.4032  Gate: 0.8064
Episode 616  Reward:  -0.035696  Wealth:    105079.58  Turnover: 0.6339  Gross: 1.3994  Gate: 0.7989
Episode 617  Reward:   0.056473  Wealth:    115222.61  Turnover: 0.6545  Gross: 1.3938  Gate: 0.7876
Episode 618  Reward:   0.212509  Wealth:    140338.40  Turnover: 0.3037  Gross: 1.3943  Gate: 0.7886
Episode 619  Reward:   0.093378  Wealth:    121977.04  Turnover: 0.6745  Gross: 1.3968  Gate: 0.7936
Episode 620  Reward:   0.175427  Wealth:    132105.85  Turnover: 0.5259  Gross: 1.4049  Gate: 0.8098
Episode    620  AvgReward:   0.118105  Noise: 0.0434
Episode 621  Reward:   0.220546  Wealth:    141763.61  Turnover: 0.4586  Gross: 1.3880  Gate: 0.7761
Episode 622  Reward:  -0.080542  Wealth:    101402.89  Turnover: 0.9245  Gross: 1.3988  Gate: 0.7977
Episode 623  Reward:   0.149241  Wealth:    128040.19  Turnover: 0.4561  Gross: 1.3935  Gate: 0.7870
Episode 624  Reward:   0.162584  Wealth:    128545.97  Turnover: 0.3560  Gross: 1.3861  Gate: 0.7723
Episode 625  Reward:   0.064273  Wealth:    116070.59  Turnover: 0.4320  Gross: 1.3990  Gate: 0.7981
Episode 626  Reward:   0.308988  Wealth:    163661.16  Turnover: 0.5313  Gross: 1.3960  Gate: 0.7920
Episode 627  Reward:   0.060716  Wealth:    114880.92  Turnover: 0.4025  Gross: 1.3967  Gate: 0.7934
Episode 628  Reward:   0.268677  Wealth:    153716.60  Turnover: 0.8022  Gross: 1.3986  Gate: 0.7973
Episode 629  Reward:   0.055879  Wealth:    114272.03  Turnover: 0.5893  Gross: 1.4026  Gate: 0.8052
Episode 630  Reward:   0.104563  Wealth:    121096.36  Turnover: 0.5419  Gross: 1.3898  Gate: 0.7797
Episode    630  AvgReward:   0.131492  Noise: 0.0426
Episode 631  Reward:  -0.066264  Wealth:    100865.91  Turnover: 0.5210  Gross: 1.3935  Gate: 0.7870
Episode 632  Reward:   0.250457  Wealth:    146673.07  Turnover: 0.3230  Gross: 1.4033  Gate: 0.8065
Episode 633  Reward:   0.052494  Wealth:    114251.79  Turnover: 0.5448  Gross: 1.3973  Gate: 0.7945
Episode 634  Reward:   0.188971  Wealth:    135972.71  Turnover: 0.5103  Gross: 1.4036  Gate: 0.8072
Episode 635  Reward:  -0.226798  Wealth:     87183.04  Turnover: 0.5824  Gross: 1.4055  Gate: 0.8110
Episode 636  Reward:   0.164308  Wealth:    131371.92  Turnover: 0.6965  Gross: 1.3916  Gate: 0.7832
Episode 637  Reward:   0.197232  Wealth:    140362.21  Turnover: 0.5332  Gross: 1.3929  Gate: 0.7859
Episode 638  Reward:   0.026877  Wealth:    111882.22  Turnover: 0.4533  Gross: 1.4004  Gate: 0.8008
Episode 639  Reward:   0.216741  Wealth:    140335.34  Turnover: 0.3653  Gross: 1.3978  Gate: 0.7956
Episode 640  Reward:   0.151006  Wealth:    128131.90  Turnover: 0.3385  Gross: 1.4066  Gate: 0.8133
Episode    640  AvgReward:   0.095502  Noise: 0.0417
Episode 641  Reward:   0.050151  Wealth:    113346.93  Turnover: 0.4546  Gross: 1.3990  Gate: 0.7980
Episode 642  Reward:   0.398788  Wealth:    186619.09  Turnover: 0.4065  Gross: 1.3981  Gate: 0.7961
Episode 643  Reward:   0.118417  Wealth:    124328.60  Turnover: 0.6405  Gross: 1.4038  Gate: 0.8077
Episode 644  Reward:   0.143376  Wealth:    127784.57  Turnover: 0.8595  Gross: 1.3987  Gate: 0.7974
Episode 645  Reward:   0.211145  Wealth:    138719.68  Turnover: 0.4101  Gross: 1.4033  Gate: 0.8066
Episode 646  Reward:   0.178190  Wealth:    133070.14  Turnover: 0.3242  Gross: 1.4032  Gate: 0.8063
Episode 647  Reward:   0.088472  Wealth:    118469.40  Turnover: 0.4023  Gross: 1.3881  Gate: 0.7763
Episode 648  Reward:   0.163788  Wealth:    129437.18  Turnover: 0.4141  Gross: 1.4015  Gate: 0.8031
Episode 649  Reward:   0.199275  Wealth:    139428.79  Turnover: 0.7678  Gross: 1.4001  Gate: 0.8002
Episode 650  Reward:  -0.121191  Wealth:     96524.64  Turnover: 0.8168  Gross: 1.4027  Gate: 0.8053
Episode    650  AvgReward:   0.143041  Noise: 0.0409
Episode 651  Reward:   0.038313  Wealth:    113504.20  Turnover: 0.7252  Gross: 1.4052  Gate: 0.8104
Episode 652  Reward:   0.171496  Wealth:    131405.55  Turnover: 0.5980  Gross: 1.3945  Gate: 0.7891
Episode 653  Reward:   0.160414  Wealth:    132136.65  Turnover: 0.6834  Gross: 1.3966  Gate: 0.7931
Episode 654  Reward:   0.163248  Wealth:    130960.47  Turnover: 0.5834  Gross: 1.3998  Gate: 0.7997
Episode 655  Reward:   0.006554  Wealth:    108263.27  Turnover: 0.8245  Gross: 1.3955  Gate: 0.7910
Episode 656  Reward:   0.174588  Wealth:    132458.73  Turnover: 0.5090  Gross: 1.4051  Gate: 0.8102
Episode 657  Reward:   0.112203  Wealth:    122137.89  Turnover: 0.2770  Gross: 1.3948  Gate: 0.7897
Episode 658  Reward:  -0.027140  Wealth:    104887.93  Turnover: 0.5650  Gross: 1.3938  Gate: 0.7875
Episode 659  Reward:   0.190660  Wealth:    137348.16  Turnover: 0.5921  Gross: 1.3971  Gate: 0.7941
Episode 660  Reward:  -0.000077  Wealth:    108336.19  Turnover: 0.5358  Gross: 1.3926  Gate: 0.7852
Episode    660  AvgReward:   0.099026  Noise: 0.0401
Episode 661  Reward:   0.151992  Wealth:    128671.14  Turnover: 0.9063  Gross: 1.4013  Gate: 0.8026
Episode 662  Reward:   0.293091  Wealth:    156738.33  Turnover: 0.5647  Gross: 1.3946  Gate: 0.7891
Episode 663  Reward:   0.023887  Wealth:    110641.78  Turnover: 0.6230  Gross: 1.3985  Gate: 0.7970
Episode 664  Reward:  -0.004416  Wealth:    107024.62  Turnover: 0.2752  Gross: 1.4022  Gate: 0.8044
Episode 665  Reward:   0.074229  Wealth:    116962.48  Turnover: 0.3594  Gross: 1.4005  Gate: 0.8011
Episode 666  Reward:   0.063521  Wealth:    115290.84  Turnover: 0.4159  Gross: 1.4047  Gate: 0.8094
Episode 667  Reward:   0.208164  Wealth:    139185.60  Turnover: 0.6078  Gross: 1.3966  Gate: 0.7931
Episode 668  Reward:  -0.045565  Wealth:    102953.07  Turnover: 0.5193  Gross: 1.3949  Gate: 0.7898
Episode 669  Reward:   0.097056  Wealth:    121140.70  Turnover: 0.4033  Gross: 1.3995  Gate: 0.7989
Episode 670  Reward:   0.284642  Wealth:    154833.95  Turnover: 0.4767  Gross: 1.3958  Gate: 0.7916
Episode    670  AvgReward:   0.114660  Noise: 0.0393
Episode 671  Reward:   0.125500  Wealth:    124191.01  Turnover: 0.3534  Gross: 1.4017  Gate: 0.8034
Episode 672  Reward:   0.110242  Wealth:    122616.08  Turnover: 0.3399  Gross: 1.3978  Gate: 0.7956
Episode 673  Reward:   0.046967  Wealth:    113029.48  Turnover: 0.4321  Gross: 1.4021  Gate: 0.8041
Episode 674  Reward:   0.308508  Wealth:    160682.48  Turnover: 0.6112  Gross: 1.4034  Gate: 0.8068
Episode 675  Reward:   0.175029  Wealth:    131285.28  Turnover: 0.5004  Gross: 1.3963  Gate: 0.7926
Episode 676  Reward:   0.015501  Wealth:    110593.55  Turnover: 0.5126  Gross: 1.4063  Gate: 0.8125
Episode 677  Reward:   0.165394  Wealth:    130861.35  Turnover: 0.7378  Gross: 1.3999  Gate: 0.7998
Episode 678  Reward:   0.110406  Wealth:    122522.74  Turnover: 0.4787  Gross: 1.3968  Gate: 0.7935
Episode 679  Reward:   0.221407  Wealth:    141704.05  Turnover: 0.5756  Gross: 1.3958  Gate: 0.7916
Episode 680  Reward:   0.327029  Wealth:    165351.84  Turnover: 0.6277  Gross: 1.3949  Gate: 0.7898
Episode    680  AvgReward:   0.160598  Noise: 0.0385
Episode 681  Reward:   0.157570  Wealth:    129720.82  Turnover: 0.5496  Gross: 1.3948  Gate: 0.7896
Episode 682  Reward:   0.176357  Wealth:    133166.68  Turnover: 0.4479  Gross: 1.4032  Gate: 0.8064
Episode 683  Reward:   0.258967  Wealth:    147256.64  Turnover: 0.5461  Gross: 1.4007  Gate: 0.8015
Episode 684  Reward:   0.131332  Wealth:    126166.92  Turnover: 0.3167  Gross: 1.3988  Gate: 0.7976
Episode 685  Reward:   0.170355  Wealth:    131940.30  Turnover: 0.3024  Gross: 1.4022  Gate: 0.8043
Episode 686  Reward:  -0.178470  Wealth:     90457.20  Turnover: 0.4360  Gross: 1.3978  Gate: 0.7956
Episode 687  Reward:   0.233805  Wealth:    143356.59  Turnover: 0.3249  Gross: 1.3999  Gate: 0.7999
Episode 688  Reward:   0.213281  Wealth:    139988.35  Turnover: 0.5842  Gross: 1.3981  Gate: 0.7962
Episode 689  Reward:   0.059034  Wealth:    114936.30  Turnover: 0.4934  Gross: 1.3994  Gate: 0.7989
Episode 690  Reward:   0.045418  Wealth:    114182.70  Turnover: 0.4282  Gross: 1.3991  Gate: 0.7983
Episode    690  AvgReward:   0.126765  Noise: 0.0378
Episode 691  Reward:   0.023053  Wealth:    110799.13  Turnover: 0.3401  Gross: 1.3994  Gate: 0.7988
Episode 692  Reward:   0.031068  Wealth:    112248.32  Turnover: 0.7692  Gross: 1.3983  Gate: 0.7967
Episode 693  Reward:   0.008363  Wealth:    108929.51  Turnover: 0.7613  Gross: 1.4014  Gate: 0.8028
Episode 694  Reward:   0.208601  Wealth:    138373.70  Turnover: 0.5772  Gross: 1.3927  Gate: 0.7855
Episode 695  Reward:   0.053668  Wealth:    113420.48  Turnover: 0.4188  Gross: 1.4011  Gate: 0.8021
Episode 696  Reward:   0.213228  Wealth:    140313.53  Turnover: 0.4609  Gross: 1.3991  Gate: 0.7982
Episode 697  Reward:  -0.107353  Wealth:     95971.14  Turnover: 0.4264  Gross: 1.3894  Gate: 0.7787
Episode 698  Reward:   0.194715  Wealth:    135925.14  Turnover: 0.6735  Gross: 1.3969  Gate: 0.7938
Episode 699  Reward:   0.155789  Wealth:    129371.37  Turnover: 0.4703  Gross: 1.3860  Gate: 0.7720
Episode 700  Reward:   0.106303  Wealth:    121771.28  Turnover: 0.2761  Gross: 1.4034  Gate: 0.8067
Episode    700  AvgReward:   0.088743  Noise: 0.0370
Episode 701  Reward:   0.087466  Wealth:    118030.89  Turnover: 0.5703  Gross: 1.3998  Gate: 0.7997
Episode 702  Reward:   0.153735  Wealth:    127951.11  Turnover: 0.4409  Gross: 1.3888  Gate: 0.7775
Episode 703  Reward:   0.048013  Wealth:    112626.63  Turnover: 0.7104  Gross: 1.3975  Gate: 0.7950
Episode 704  Reward:   0.291702  Wealth:    156237.30  Turnover: 0.7803  Gross: 1.3947  Gate: 0.7895
Episode 705  Reward:   0.247605  Wealth:    148022.10  Turnover: 0.6184  Gross: 1.3974  Gate: 0.7947
Episode 706  Reward:   0.116216  Wealth:    122969.85  Turnover: 0.7413  Gross: 1.3949  Gate: 0.7898
Episode 707  Reward:   0.264472  Wealth:    149770.32  Turnover: 0.3498  Gross: 1.4087  Gate: 0.8175
Episode 708  Reward:   0.036462  Wealth:    112132.16  Turnover: 0.9414  Gross: 1.4038  Gate: 0.8077
Episode 709  Reward:   0.163369  Wealth:    130742.68  Turnover: 0.4769  Gross: 1.4000  Gate: 0.8000
Episode 710  Reward:  -0.038755  Wealth:    102892.91  Turnover: 0.4248  Gross: 1.3939  Gate: 0.7877
Episode    710  AvgReward:   0.137029  Noise: 0.0363
Episode 711  Reward:   0.041974  Wealth:    112495.59  Turnover: 0.6756  Gross: 1.3935  Gate: 0.7870
Episode 712  Reward:   0.074843  Wealth:    117008.22  Turnover: 0.6214  Gross: 1.4011  Gate: 0.8022
Episode 713  Reward:   0.075474  Wealth:    116519.06  Turnover: 0.6909  Gross: 1.3814  Gate: 0.7629
Episode 714  Reward:   0.158666  Wealth:    129106.93  Turnover: 0.3492  Gross: 1.4037  Gate: 0.8075
Episode 715  Reward:   0.084152  Wealth:    119117.30  Turnover: 0.5574  Gross: 1.4004  Gate: 0.8008
Episode 716  Reward:   0.274871  Wealth:    153136.85  Turnover: 0.8287  Gross: 1.3965  Gate: 0.7930
Episode 717  Reward:   0.206076  Wealth:    139199.91  Turnover: 0.9021  Gross: 1.3963  Gate: 0.7927
Episode 718  Reward:   0.082956  Wealth:    118246.67  Turnover: 0.5651  Gross: 1.3959  Gate: 0.7919
Episode 719  Reward:   0.112560  Wealth:    123982.08  Turnover: 0.6465  Gross: 1.4029  Gate: 0.8058
Episode 720  Reward:   0.051041  Wealth:    114271.06  Turnover: 0.2830  Gross: 1.3984  Gate: 0.7968
Episode    720  AvgReward:   0.116261  Noise: 0.0356
Episode 721  Reward:   0.184949  Wealth:    134347.55  Turnover: 0.6039  Gross: 1.3937  Gate: 0.7874
Episode 722  Reward:   0.062483  Wealth:    118305.77  Turnover: 0.7218  Gross: 1.3989  Gate: 0.7978
Episode 723  Reward:   0.377045  Wealth:    184173.90  Turnover: 0.4953  Gross: 1.4016  Gate: 0.8031
Episode 724  Reward:   0.046676  Wealth:    113986.77  Turnover: 0.5310  Gross: 1.3947  Gate: 0.7895
Episode 725  Reward:   0.217342  Wealth:    141383.53  Turnover: 0.4092  Gross: 1.4051  Gate: 0.8101
Episode 726  Reward:  -0.300422  Wealth:     82264.97  Turnover: 0.7335  Gross: 1.3986  Gate: 0.7971
Episode 727  Reward:   0.037483  Wealth:    112026.66  Turnover: 0.5841  Gross: 1.3989  Gate: 0.7977
Episode 728  Reward:   0.217486  Wealth:    139910.59  Turnover: 0.5672  Gross: 1.3927  Gate: 0.7854
Episode 729  Reward:  -0.038404  Wealth:    103826.96  Turnover: 0.4927  Gross: 1.4012  Gate: 0.8023
Episode 730  Reward:   0.071910  Wealth:    118018.93  Turnover: 0.8415  Gross: 1.4025  Gate: 0.8050
Episode    730  AvgReward:   0.087655  Noise: 0.0349
Episode 731  Reward:   0.077347  Wealth:    118542.38  Turnover: 0.7031  Gross: 1.3957  Gate: 0.7915
Episode 732  Reward:   0.184993  Wealth:    135753.37  Turnover: 0.6619  Gross: 1.3895  Gate: 0.7789
Episode 733  Reward:   0.177357  Wealth:    133365.45  Turnover: 0.8311  Gross: 1.4050  Gate: 0.8100
Episode 734  Reward:   0.181873  Wealth:    134152.89  Turnover: 0.4646  Gross: 1.3985  Gate: 0.7970
Episode 735  Reward:   0.131763  Wealth:    126173.08  Turnover: 0.7953  Gross: 1.4013  Gate: 0.8026
Episode 736  Reward:   0.156731  Wealth:    129760.18  Turnover: 0.5141  Gross: 1.3923  Gate: 0.7847
Episode 737  Reward:  -0.054507  Wealth:    101960.83  Turnover: 0.5417  Gross: 1.3993  Gate: 0.7987
Episode 738  Reward:   0.245498  Wealth:    147328.12  Turnover: 0.4182  Gross: 1.3983  Gate: 0.7966
Episode 739  Reward:   0.189104  Wealth:    135716.77  Turnover: 0.6504  Gross: 1.4001  Gate: 0.8003
Episode 740  Reward:   0.108383  Wealth:    122388.65  Turnover: 0.7533  Gross: 1.4047  Gate: 0.8094
Episode    740  AvgReward:   0.139854  Noise: 0.0342
Episode 741  Reward:   0.224550  Wealth:    142435.87  Turnover: 0.3684  Gross: 1.4057  Gate: 0.8114
Episode 742  Reward:   0.086518  Wealth:    118616.25  Turnover: 0.6462  Gross: 1.3975  Gate: 0.7950
Episode 743  Reward:   0.053136  Wealth:    113743.85  Turnover: 0.4700  Gross: 1.4005  Gate: 0.8010
Episode 744  Reward:  -0.062707  Wealth:    101743.66  Turnover: 0.5109  Gross: 1.4092  Gate: 0.8184
Episode 745  Reward:  -0.159117  Wealth:     92690.50  Turnover: 0.7793  Gross: 1.3926  Gate: 0.7852
Episode 746  Reward:   0.014192  Wealth:    110420.91  Turnover: 0.8073  Gross: 1.3960  Gate: 0.7920
Episode 747  Reward:   0.038644  Wealth:    112856.33  Turnover: 0.6749  Gross: 1.3963  Gate: 0.7927
Episode 748  Reward:   0.200751  Wealth:    137221.70  Turnover: 0.3053  Gross: 1.4000  Gate: 0.7999
Episode 749  Reward:   0.003002  Wealth:    110497.34  Turnover: 0.6729  Gross: 1.3935  Gate: 0.7871
Episode 750  Reward:  -0.163254  Wealth:     92492.33  Turnover: 0.7677  Gross: 1.3747  Gate: 0.7494
Episode    750  AvgReward:   0.023572  Noise: 0.0335
Episode 751  Reward:   0.261231  Wealth:    149895.97  Turnover: 0.7753  Gross: 1.3997  Gate: 0.7994
Episode 752  Reward:   0.013295  Wealth:    109972.61  Turnover: 0.3927  Gross: 1.3922  Gate: 0.7844
Episode 753  Reward:  -0.082608  Wealth:    100188.47  Turnover: 0.7723  Gross: 1.4057  Gate: 0.8114
Episode 754  Reward:   0.125390  Wealth:    124051.13  Turnover: 0.6888  Gross: 1.4017  Gate: 0.8034
Episode 755  Reward:  -0.008040  Wealth:    106783.27  Turnover: 0.4002  Gross: 1.3906  Gate: 0.7813
Episode 756  Reward:   0.290779  Wealth:    157237.99  Turnover: 0.4338  Gross: 1.3987  Gate: 0.7974
Episode 757  Reward:   0.044653  Wealth:    113901.10  Turnover: 0.3833  Gross: 1.3965  Gate: 0.7930
Episode 758  Reward:   0.192558  Wealth:    135599.06  Turnover: 0.7393  Gross: 1.3947  Gate: 0.7894
Episode 759  Reward:  -0.036462  Wealth:    105392.45  Turnover: 0.6585  Gross: 1.3997  Gate: 0.7994
Episode 760  Reward:   0.037110  Wealth:    113401.07  Turnover: 0.5184  Gross: 1.4017  Gate: 0.8035
Episode    760  AvgReward:   0.083791  Noise: 0.0328
Episode 761  Reward:   0.244840  Wealth:    146115.19  Turnover: 0.4082  Gross: 1.3997  Gate: 0.7994
Episode 762  Reward:   0.138949  Wealth:    127134.58  Turnover: 0.3879  Gross: 1.3931  Gate: 0.7862
Episode 763  Reward:  -0.032529  Wealth:    105110.63  Turnover: 0.7095  Gross: 1.4007  Gate: 0.8014
Episode 764  Reward:   0.175612  Wealth:    133548.20  Turnover: 0.9789  Gross: 1.4035  Gate: 0.8070
Episode 765  Reward:   0.169992  Wealth:    131861.91  Turnover: 0.5432  Gross: 1.3967  Gate: 0.7935
Episode 766  Reward:   0.149458  Wealth:    129035.06  Turnover: 0.7212  Gross: 1.3943  Gate: 0.7885
Episode 767  Reward:   0.230435  Wealth:    142821.10  Turnover: 0.8495  Gross: 1.4021  Gate: 0.8042
Episode 768  Reward:   0.102227  Wealth:    121928.89  Turnover: 0.3457  Gross: 1.3950  Gate: 0.7900
Episode 769  Reward:   0.228301  Wealth:    144166.79  Turnover: 0.8074  Gross: 1.4017  Gate: 0.8034
Episode 770  Reward:   0.111139  Wealth:    122739.63  Turnover: 0.5875  Gross: 1.4030  Gate: 0.8061
Episode    770  AvgReward:   0.151842  Noise: 0.0322
Episode 771  Reward:  -0.147062  Wealth:     93454.42  Turnover: 0.6476  Gross: 1.3959  Gate: 0.7918
Episode 772  Reward:  -0.057124  Wealth:    101618.31  Turnover: 0.5736  Gross: 1.3796  Gate: 0.7592
Episode 773  Reward:   0.325531  Wealth:    166910.20  Turnover: 0.8835  Gross: 1.3962  Gate: 0.7924
Episode 774  Reward:   0.235770  Wealth:    145247.04  Turnover: 0.4141  Gross: 1.4036  Gate: 0.8071
Episode 775  Reward:   0.194553  Wealth:    136702.78  Turnover: 0.4186  Gross: 1.4043  Gate: 0.8086
Episode 776  Reward:  -0.076972  Wealth:     99560.21  Turnover: 0.6278  Gross: 1.3753  Gate: 0.7506
Episode 777  Reward:   0.173205  Wealth:    134205.22  Turnover: 0.7409  Gross: 1.4058  Gate: 0.8115
Episode 778  Reward:   0.089129  Wealth:    119788.10  Turnover: 0.2816  Gross: 1.4033  Gate: 0.8067
Episode 779  Reward:   0.266515  Wealth:    151198.30  Turnover: 0.6220  Gross: 1.4036  Gate: 0.8071
Episode 780  Reward:   0.107187  Wealth:    122947.23  Turnover: 0.4861  Gross: 1.3977  Gate: 0.7955
Episode    780  AvgReward:   0.111073  Noise: 0.0315
Episode 781  Reward:   0.186623  Wealth:    136204.72  Turnover: 0.4800  Gross: 1.4070  Gate: 0.8139
Episode 782  Reward:   0.111527  Wealth:    124272.49  Turnover: 0.6490  Gross: 1.3993  Gate: 0.7986
Episode 783  Reward:   0.141084  Wealth:    127642.22  Turnover: 0.6114  Gross: 1.3972  Gate: 0.7944
Episode 784  Reward:   0.291519  Wealth:    158296.06  Turnover: 0.7340  Gross: 1.3995  Gate: 0.7990
Episode 785  Reward:   0.335765  Wealth:    169651.13  Turnover: 0.3304  Gross: 1.3936  Gate: 0.7871
Episode 786  Reward:   0.109801  Wealth:    122964.25  Turnover: 0.3914  Gross: 1.4085  Gate: 0.8171
Episode 787  Reward:   0.040601  Wealth:    112423.53  Turnover: 0.6246  Gross: 1.3948  Gate: 0.7896
Episode 788  Reward:   0.231933  Wealth:    143691.71  Turnover: 0.3151  Gross: 1.3941  Gate: 0.7882
Episode 789  Reward:  -0.061033  Wealth:    101385.22  Turnover: 0.7491  Gross: 1.3953  Gate: 0.7906
Episode 790  Reward:   0.220278  Wealth:    140827.25  Turnover: 0.7990  Gross: 1.3961  Gate: 0.7922
Episode    790  AvgReward:   0.160810  Noise: 0.0309
Episode 791  Reward:   0.240037  Wealth:    148251.30  Turnover: 0.6257  Gross: 1.3966  Gate: 0.7931
Episode 792  Reward:  -0.093764  Wealth:     98303.43  Turnover: 0.5539  Gross: 1.3847  Gate: 0.7694
Episode 793  Reward:   0.113585  Wealth:    123010.10  Turnover: 0.3151  Gross: 1.3941  Gate: 0.7882
Episode 794  Reward:   0.230612  Wealth:    144368.01  Turnover: 0.3432  Gross: 1.3999  Gate: 0.7998
Episode 795  Reward:  -0.043505  Wealth:    103544.86  Turnover: 0.6407  Gross: 1.3899  Gate: 0.7798
Episode 796  Reward:   0.168668  Wealth:    131315.29  Turnover: 0.6315  Gross: 1.3898  Gate: 0.7797
Episode 797  Reward:   0.096329  Wealth:    119541.38  Turnover: 0.5651  Gross: 1.3965  Gate: 0.7930
Episode 798  Reward:   0.247179  Wealth:    147157.72  Turnover: 0.8438  Gross: 1.3930  Gate: 0.7860
Episode 799  Reward:   0.216154  Wealth:    141388.28  Turnover: 0.7146  Gross: 1.3928  Gate: 0.7857
Episode 800  Reward:   0.210654  Wealth:    138842.11  Turnover: 0.3993  Gross: 1.3972  Gate: 0.7944
Episode    800  AvgReward:   0.138595  Noise: 0.0303
Episode 801  Reward:   0.195251  Wealth:    135803.92  Turnover: 0.5526  Gross: 1.3990  Gate: 0.7979
Episode 802  Reward:   0.129892  Wealth:    125773.22  Turnover: 0.6552  Gross: 1.3949  Gate: 0.7898
Episode 803  Reward:   0.072961  Wealth:    118232.58  Turnover: 0.6149  Gross: 1.4013  Gate: 0.8026
Episode 804  Reward:   0.091684  Wealth:    119085.36  Turnover: 0.5807  Gross: 1.3965  Gate: 0.7931
Episode 805  Reward:   0.022131  Wealth:    110530.26  Turnover: 0.4082  Gross: 1.3954  Gate: 0.7907
Episode 806  Reward:   0.193403  Wealth:    137562.57  Turnover: 0.3112  Gross: 1.3989  Gate: 0.7979
Episode 807  Reward:   0.256872  Wealth:    148204.56  Turnover: 0.6102  Gross: 1.4086  Gate: 0.8171
Episode 808  Reward:   0.176705  Wealth:    131666.04  Turnover: 0.5253  Gross: 1.4040  Gate: 0.8079
Episode 809  Reward:   0.306226  Wealth:    163965.19  Turnover: 1.0041  Gross: 1.3950  Gate: 0.7901
Episode 810  Reward:   0.014821  Wealth:    109123.06  Turnover: 0.3382  Gross: 1.3865  Gate: 0.7731
Episode    810  AvgReward:   0.145995  Noise: 0.0297
Episode 811  Reward:   0.212622  Wealth:    139584.88  Turnover: 0.5818  Gross: 1.3984  Gate: 0.7969
Episode 812  Reward:   0.312521  Wealth:    163522.04  Turnover: 0.5081  Gross: 1.4001  Gate: 0.8003
Episode 813  Reward:   0.023553  Wealth:    110785.95  Turnover: 0.3896  Gross: 1.3978  Gate: 0.7956
Episode 814  Reward:   0.276435  Wealth:    153154.12  Turnover: 0.5416  Gross: 1.3969  Gate: 0.7938
Episode 815  Reward:   0.275145  Wealth:    152049.90  Turnover: 0.4902  Gross: 1.3951  Gate: 0.7902
Episode 816  Reward:   0.138225  Wealth:    127385.80  Turnover: 0.2346  Gross: 1.4037  Gate: 0.8074
Episode 817  Reward:   0.137375  Wealth:    126381.70  Turnover: 0.5846  Gross: 1.3931  Gate: 0.7863
Episode 818  Reward:   0.275757  Wealth:    156308.19  Turnover: 0.6370  Gross: 1.4018  Gate: 0.8037
Episode 819  Reward:   0.104075  Wealth:    122750.32  Turnover: 0.8234  Gross: 1.3887  Gate: 0.7773
Episode 820  Reward:   0.266892  Wealth:    151201.33  Turnover: 0.5650  Gross: 1.3955  Gate: 0.7911
Episode    820  AvgReward:   0.202260  Noise: 0.0291
Episode 821  Reward:   0.137760  Wealth:    127905.74  Turnover: 0.7069  Gross: 1.3860  Gate: 0.7719
Episode 822  Reward:   0.022491  Wealth:    111062.40  Turnover: 0.6964  Gross: 1.4038  Gate: 0.8076
Episode 823  Reward:   0.268175  Wealth:    153354.98  Turnover: 0.8686  Gross: 1.3933  Gate: 0.7867
Episode 824  Reward:   0.079722  Wealth:    117705.19  Turnover: 0.3758  Gross: 1.3830  Gate: 0.7659
Episode 825  Reward:   0.307491  Wealth:    162096.63  Turnover: 0.5605  Gross: 1.3999  Gate: 0.7999
Episode 826  Reward:   0.162983  Wealth:    132298.17  Turnover: 0.6333  Gross: 1.4066  Gate: 0.8133
Episode 827  Reward:   0.315969  Wealth:    163661.05  Turnover: 0.4433  Gross: 1.3958  Gate: 0.7917
Episode 828  Reward:  -0.026314  Wealth:    105338.95  Turnover: 0.3928  Gross: 1.3830  Gate: 0.7659
Episode 829  Reward:   0.212441  Wealth:    140711.63  Turnover: 0.4717  Gross: 1.4005  Gate: 0.8009
Episode 830  Reward:   0.202336  Wealth:    138113.85  Turnover: 0.4253  Gross: 1.3995  Gate: 0.7991
Episode    830  AvgReward:   0.168305  Noise: 0.0285
Episode 831  Reward:   0.358664  Wealth:    177482.81  Turnover: 0.7051  Gross: 1.3923  Gate: 0.7847
Episode 832  Reward:   0.387012  Wealth:    188581.23  Turnover: 0.5475  Gross: 1.3897  Gate: 0.7794
Episode 833  Reward:   0.124858  Wealth:    123938.82  Turnover: 0.5051  Gross: 1.3965  Gate: 0.7929
Episode 834  Reward:   0.228784  Wealth:    142872.22  Turnover: 0.4983  Gross: 1.3973  Gate: 0.7947
Episode 835  Reward:   0.186371  Wealth:    135432.14  Turnover: 0.8100  Gross: 1.3981  Gate: 0.7961
Episode 836  Reward:   0.220516  Wealth:    144800.19  Turnover: 0.7345  Gross: 1.4040  Gate: 0.8080
Episode 837  Reward:  -0.094199  Wealth:     96812.38  Turnover: 0.6542  Gross: 1.3953  Gate: 0.7907
Episode 838  Reward:   0.070318  Wealth:    117421.49  Turnover: 0.8214  Gross: 1.3988  Gate: 0.7977
Episode 839  Reward:   0.024279  Wealth:    110578.64  Turnover: 0.5230  Gross: 1.3941  Gate: 0.7883
Episode 840  Reward:   0.288786  Wealth:    156714.37  Turnover: 0.4189  Gross: 1.3924  Gate: 0.7849
Episode    840  AvgReward:   0.179539  Noise: 0.0280
Episode 841  Reward:   0.118474  Wealth:    125075.20  Turnover: 0.6665  Gross: 1.3974  Gate: 0.7947
Episode 842  Reward:   0.141356  Wealth:    127167.16  Turnover: 0.5650  Gross: 1.3942  Gate: 0.7884
Episode 843  Reward:  -0.038879  Wealth:    104054.74  Turnover: 0.5382  Gross: 1.4089  Gate: 0.8179
Episode 844  Reward:   0.048544  Wealth:    114062.44  Turnover: 0.5150  Gross: 1.3950  Gate: 0.7901
Episode 845  Reward:   0.045067  Wealth:    117473.18  Turnover: 0.6326  Gross: 1.3954  Gate: 0.7908
Episode 846  Reward:   0.120922  Wealth:    124495.78  Turnover: 0.5681  Gross: 1.3984  Gate: 0.7967
Episode 847  Reward:   0.336701  Wealth:    173118.90  Turnover: 0.8389  Gross: 1.3998  Gate: 0.7995
Episode 848  Reward:  -0.002679  Wealth:    107994.79  Turnover: 0.6777  Gross: 1.4031  Gate: 0.8061
Episode 849  Reward:   0.273515  Wealth:    152362.42  Turnover: 0.2727  Gross: 1.4030  Gate: 0.8060
Episode 850  Reward:   0.079798  Wealth:    118715.86  Turnover: 0.7288  Gross: 1.3957  Gate: 0.7913
Episode    850  AvgReward:   0.112282  Noise: 0.0274
Episode 851  Reward:   0.037265  Wealth:    111793.97  Turnover: 0.2843  Gross: 1.4028  Gate: 0.8057
Episode 852  Reward:   0.208058  Wealth:    140654.00  Turnover: 0.9468  Gross: 1.3893  Gate: 0.7786
Episode 853  Reward:   0.294218  Wealth:    158309.18  Turnover: 0.4400  Gross: 1.3996  Gate: 0.7993
Episode 854  Reward:   0.018753  Wealth:    111656.07  Turnover: 0.7325  Gross: 1.4009  Gate: 0.8018
Episode 855  Reward:   0.342239  Wealth:    175458.90  Turnover: 0.8413  Gross: 1.3843  Gate: 0.7687
Episode 856  Reward:   0.064794  Wealth:    115875.00  Turnover: 0.4355  Gross: 1.4027  Gate: 0.8055
Episode 857  Reward:   0.222605  Wealth:    142865.52  Turnover: 0.5937  Gross: 1.4002  Gate: 0.8003
Episode 858  Reward:   0.128767  Wealth:    125008.09  Turnover: 0.7535  Gross: 1.3858  Gate: 0.7717
Episode 859  Reward:   0.277603  Wealth:    155146.94  Turnover: 0.5357  Gross: 1.3992  Gate: 0.7985
Episode 860  Reward:   0.252279  Wealth:    150725.24  Turnover: 1.0690  Gross: 1.3803  Gate: 0.7607
Episode    860  AvgReward:   0.184658  Noise: 0.0269
Episode 861  Reward:   0.124247  Wealth:    124965.02  Turnover: 0.6176  Gross: 1.3942  Gate: 0.7884
Episode 862  Reward:   0.056612  Wealth:    114449.02  Turnover: 0.6692  Gross: 1.3998  Gate: 0.7996
Episode 863  Reward:   0.071873  Wealth:    117176.76  Turnover: 0.4389  Gross: 1.3993  Gate: 0.7986
Episode 864  Reward:   0.111766  Wealth:    123647.40  Turnover: 0.7713  Gross: 1.4038  Gate: 0.8076
Episode 865  Reward:   0.033712  Wealth:    113978.64  Turnover: 0.6006  Gross: 1.3938  Gate: 0.7876
Episode 866  Reward:   0.208424  Wealth:    141834.75  Turnover: 0.6920  Gross: 1.3981  Gate: 0.7962
Episode 867  Reward:  -0.016166  Wealth:    108425.11  Turnover: 0.7846  Gross: 1.4001  Gate: 0.8003
Episode 868  Reward:   0.231069  Wealth:    143867.83  Turnover: 0.6141  Gross: 1.4000  Gate: 0.7999
Episode 869  Reward:   0.226021  Wealth:    143379.12  Turnover: 0.5405  Gross: 1.4000  Gate: 0.8001
Episode 870  Reward:   0.235238  Wealth:    144167.26  Turnover: 0.6331  Gross: 1.3640  Gate: 0.7280
Episode    870  AvgReward:   0.128279  Noise: 0.0263
Episode 871  Reward:   0.024291  Wealth:    110983.55  Turnover: 0.5024  Gross: 1.3990  Gate: 0.7980
Episode 872  Reward:   0.148105  Wealth:    128861.39  Turnover: 0.7435  Gross: 1.3875  Gate: 0.7750
Episode 873  Reward:   0.095757  Wealth:    120552.19  Turnover: 0.4917  Gross: 1.3992  Gate: 0.7985
Episode 874  Reward:  -0.106180  Wealth:     97336.24  Turnover: 0.4034  Gross: 1.4067  Gate: 0.8133
Episode 875  Reward:   0.129399  Wealth:    125643.21  Turnover: 0.7105  Gross: 1.4029  Gate: 0.8058
Episode 876  Reward:  -0.115663  Wealth:     97409.46  Turnover: 0.5779  Gross: 1.3975  Gate: 0.7950
Episode 877  Reward:   0.124549  Wealth:    125214.59  Turnover: 0.6000  Gross: 1.3952  Gate: 0.7903
Episode 878  Reward:  -0.027993  Wealth:    105370.07  Turnover: 0.5604  Gross: 1.3987  Gate: 0.7975
Episode 879  Reward:   0.126511  Wealth:    126743.75  Turnover: 0.5066  Gross: 1.4083  Gate: 0.8165
Episode 880  Reward:  -0.205920  Wealth:     89313.36  Turnover: 0.6980  Gross: 1.3966  Gate: 0.7932
Episode    880  AvgReward:   0.019286  Noise: 0.0258
Episode 881  Reward:   0.227958  Wealth:    141950.65  Turnover: 0.4668  Gross: 1.3981  Gate: 0.7961
Episode 882  Reward:   0.069809  Wealth:    117035.17  Turnover: 0.6126  Gross: 1.4016  Gate: 0.8032
Episode 883  Reward:   0.188670  Wealth:    137457.27  Turnover: 0.4512  Gross: 1.3969  Gate: 0.7938
Episode 884  Reward:  -0.173491  Wealth:     91642.35  Turnover: 0.6659  Gross: 1.3848  Gate: 0.7696
Episode 885  Reward:   0.208307  Wealth:    139484.62  Turnover: 0.4214  Gross: 1.3981  Gate: 0.7962
Episode 886  Reward:  -0.000992  Wealth:    108022.43  Turnover: 0.3846  Gross: 1.4046  Gate: 0.8092
Episode 887  Reward:   0.380321  Wealth:    184556.86  Turnover: 0.8462  Gross: 1.3893  Gate: 0.7785
Episode 888  Reward:   0.256007  Wealth:    149409.00  Turnover: 0.4800  Gross: 1.4035  Gate: 0.8070
Episode 889  Reward:   0.098904  Wealth:    120676.22  Turnover: 0.6222  Gross: 1.3927  Gate: 0.7855
Episode 890  Reward:  -0.015717  Wealth:    106762.29  Turnover: 0.5140  Gross: 1.4040  Gate: 0.8079
Episode    890  AvgReward:   0.123978  Noise: 0.0253
Episode 891  Reward:   0.068757  Wealth:    117996.24  Turnover: 0.7080  Gross: 1.3993  Gate: 0.7985
Episode 892  Reward:   0.197392  Wealth:    137944.94  Turnover: 0.3004  Gross: 1.3983  Gate: 0.7966
Episode 893  Reward:   0.129591  Wealth:    127145.24  Turnover: 0.6240  Gross: 1.4053  Gate: 0.8107
Episode 894  Reward:   0.046597  Wealth:    115360.66  Turnover: 0.6092  Gross: 1.4003  Gate: 0.8007
Episode 895  Reward:   0.223257  Wealth:    142582.27  Turnover: 0.6155  Gross: 1.3955  Gate: 0.7910
Episode 896  Reward:   0.258804  Wealth:    150088.38  Turnover: 0.3928  Gross: 1.3999  Gate: 0.7997
Episode 897  Reward:  -0.005828  Wealth:    107263.14  Turnover: 0.5744  Gross: 1.3983  Gate: 0.7967
Episode 898  Reward:   0.164672  Wealth:    130394.05  Turnover: 0.5976  Gross: 1.3996  Gate: 0.7992
Episode 899  Reward:   0.344667  Wealth:    175030.90  Turnover: 0.7484  Gross: 1.4007  Gate: 0.8014
Episode 900  Reward:   0.170631  Wealth:    132482.96  Turnover: 0.2425  Gross: 1.4058  Gate: 0.8115
Episode    900  AvgReward:   0.159854  Noise: 0.0248
Episode 901  Reward:   0.325336  Wealth:    168338.22  Turnover: 0.9649  Gross: 1.4006  Gate: 0.8012
Episode 902  Reward:   0.171796  Wealth:    133073.89  Turnover: 0.6914  Gross: 1.4029  Gate: 0.8057
Episode 903  Reward:  -0.049582  Wealth:    102328.28  Turnover: 0.6516  Gross: 1.4036  Gate: 0.8073
Episode 904  Reward:   0.135479  Wealth:    126615.42  Turnover: 0.4219  Gross: 1.4002  Gate: 0.8003
Episode 905  Reward:   0.147690  Wealth:    128455.52  Turnover: 0.4065  Gross: 1.4025  Gate: 0.8050
Episode 906  Reward:  -0.021113  Wealth:    105861.53  Turnover: 0.4941  Gross: 1.3953  Gate: 0.7906
Episode 907  Reward:   0.125026  Wealth:    125701.30  Turnover: 0.5670  Gross: 1.3995  Gate: 0.7990
Episode 908  Reward:   0.118800  Wealth:    124390.31  Turnover: 0.7350  Gross: 1.3989  Gate: 0.7978
Episode 909  Reward:   0.282552  Wealth:    155022.37  Turnover: 0.5502  Gross: 1.4048  Gate: 0.8097
Episode 910  Reward:   0.137135  Wealth:    127213.27  Turnover: 0.7838  Gross: 1.3894  Gate: 0.7787
Episode    910  AvgReward:   0.137312  Noise: 0.0243
Episode 911  Reward:   0.074611  Wealth:    118670.48  Turnover: 0.7576  Gross: 1.3975  Gate: 0.7950
Episode 912  Reward:   0.145097  Wealth:    127967.73  Turnover: 0.5564  Gross: 1.3944  Gate: 0.7888
Episode 913  Reward:   0.154173  Wealth:    128412.11  Turnover: 0.5512  Gross: 1.3986  Gate: 0.7972
Episode 914  Reward:   0.107263  Wealth:    122175.22  Turnover: 0.5504  Gross: 1.3943  Gate: 0.7886
Episode 915  Reward:   0.180352  Wealth:    137819.70  Turnover: 0.7894  Gross: 1.3988  Gate: 0.7977
Episode 916  Reward:   0.206361  Wealth:    139032.54  Turnover: 0.4326  Gross: 1.4030  Gate: 0.8059
Episode 917  Reward:  -0.269298  Wealth:     83741.51  Turnover: 0.4163  Gross: 1.3964  Gate: 0.7929
Episode 918  Reward:   0.103024  Wealth:    124056.20  Turnover: 0.7964  Gross: 1.4008  Gate: 0.8016
Episode 919  Reward:   0.244024  Wealth:    146955.34  Turnover: 0.3869  Gross: 1.4024  Gate: 0.8048
Episode 920  Reward:   0.188747  Wealth:    135575.66  Turnover: 0.6756  Gross: 1.4016  Gate: 0.8032
Episode    920  AvgReward:   0.113435  Noise: 0.0238
Episode 921  Reward:  -0.004517  Wealth:    106846.37  Turnover: 0.6200  Gross: 1.3850  Gate: 0.7699
Episode 922  Reward:  -0.342449  Wealth:     78932.67  Turnover: 0.5452  Gross: 1.3991  Gate: 0.7981
Episode 923  Reward:   0.270599  Wealth:    151088.18  Turnover: 0.3664  Gross: 1.3964  Gate: 0.7928
Episode 924  Reward:  -0.353024  Wealth:     78293.42  Turnover: 0.6352  Gross: 1.4045  Gate: 0.8090
Episode 925  Reward:   0.275007  Wealth:    154956.13  Turnover: 0.4201  Gross: 1.3999  Gate: 0.7997
Episode 926  Reward:  -0.052512  Wealth:    101813.71  Turnover: 0.3214  Gross: 1.4008  Gate: 0.8016
Episode 927  Reward:  -0.029651  Wealth:    104321.96  Turnover: 0.9145  Gross: 1.3982  Gate: 0.7964
Episode 928  Reward:  -0.029606  Wealth:    104183.92  Turnover: 0.7126  Gross: 1.3984  Gate: 0.7968
Episode 929  Reward:   0.237439  Wealth:    144551.03  Turnover: 0.5643  Gross: 1.3980  Gate: 0.7960
Episode 930  Reward:   0.129497  Wealth:    124119.55  Turnover: 0.7963  Gross: 1.3940  Gate: 0.7879
Episode    930  AvgReward:   0.010078  Noise: 0.0234
Episode 931  Reward:   0.143859  Wealth:    127003.22  Turnover: 0.6299  Gross: 1.4055  Gate: 0.8111
Episode 932  Reward:   0.050781  Wealth:    114218.30  Turnover: 0.7414  Gross: 1.3983  Gate: 0.7967
Episode 933  Reward:  -0.066413  Wealth:    100858.05  Turnover: 0.7097  Gross: 1.3897  Gate: 0.7795
Episode 934  Reward:   0.130976  Wealth:    126531.87  Turnover: 0.7889  Gross: 1.3981  Gate: 0.7962
Episode 935  Reward:   0.179539  Wealth:    134098.90  Turnover: 0.4980  Gross: 1.4053  Gate: 0.8107
Episode 936  Reward:   0.131142  Wealth:    126691.16  Turnover: 0.5697  Gross: 1.4032  Gate: 0.8063
Episode 937  Reward:   0.123178  Wealth:    124982.70  Turnover: 0.6903  Gross: 1.3962  Gate: 0.7924
Episode 938  Reward:  -0.040935  Wealth:    103424.34  Turnover: 0.4300  Gross: 1.3920  Gate: 0.7840
Episode 939  Reward:   0.181987  Wealth:    134826.28  Turnover: 0.3493  Gross: 1.3951  Gate: 0.7903
Episode 940  Reward:   0.272109  Wealth:    153663.86  Turnover: 0.4839  Gross: 1.4075  Gate: 0.8149
Episode    940  AvgReward:   0.110622  Noise: 0.0229
Episode 941  Reward:   0.340095  Wealth:    172006.24  Turnover: 0.6605  Gross: 1.4001  Gate: 0.8002
Episode 942  Reward:   0.243413  Wealth:    148905.36  Turnover: 0.6021  Gross: 1.4064  Gate: 0.8129
Episode 943  Reward:   0.071929  Wealth:    117986.28  Turnover: 0.5246  Gross: 1.3988  Gate: 0.7977
Episode 944  Reward:   0.203341  Wealth:    139705.44  Turnover: 0.6685  Gross: 1.4014  Gate: 0.8028
Episode 945  Reward:   0.166313  Wealth:    131577.37  Turnover: 0.4444  Gross: 1.3927  Gate: 0.7854
Episode 946  Reward:  -0.014099  Wealth:    106263.11  Turnover: 0.4589  Gross: 1.3953  Gate: 0.7905
Episode 947  Reward:   0.088768  Wealth:    121401.01  Turnover: 0.6876  Gross: 1.3964  Gate: 0.7928
Episode 948  Reward:   0.127430  Wealth:    126565.99  Turnover: 0.5596  Gross: 1.4019  Gate: 0.8037
Episode 949  Reward:   0.053791  Wealth:    117521.57  Turnover: 0.8265  Gross: 1.3888  Gate: 0.7775
Episode 950  Reward:   0.252755  Wealth:    148863.40  Turnover: 0.4796  Gross: 1.3891  Gate: 0.7781
Episode    950  AvgReward:   0.153374  Noise: 0.0224
Episode 951  Reward:   0.260205  Wealth:    153441.93  Turnover: 1.0447  Gross: 1.3994  Gate: 0.7989
Episode 952  Reward:   0.141776  Wealth:    127772.77  Turnover: 0.5181  Gross: 1.4005  Gate: 0.8011
Episode 953  Reward:   0.098951  Wealth:    123105.75  Turnover: 0.6491  Gross: 1.3902  Gate: 0.7805
Episode 954  Reward:   0.183701  Wealth:    136470.44  Turnover: 0.5802  Gross: 1.3813  Gate: 0.7627
Episode 955  Reward:   0.115592  Wealth:    124274.46  Turnover: 0.5979  Gross: 1.3994  Gate: 0.7987
Episode 956  Reward:   0.125854  Wealth:    126231.56  Turnover: 0.7069  Gross: 1.4034  Gate: 0.8068
Episode 957  Reward:   0.121373  Wealth:    126609.58  Turnover: 0.6399  Gross: 1.4018  Gate: 0.8037
Episode 958  Reward:  -0.021481  Wealth:    105362.18  Turnover: 0.6109  Gross: 1.4021  Gate: 0.8041
Episode 959  Reward:  -0.194136  Wealth:     89115.41  Turnover: 0.6712  Gross: 1.3994  Gate: 0.7987
Episode 960  Reward:   0.229209  Wealth:    144698.33  Turnover: 0.4647  Gross: 1.4030  Gate: 0.8060
Episode    960  AvgReward:   0.106104  Noise: 0.0220
Episode 961  Reward:   0.119473  Wealth:    127160.88  Turnover: 0.6391  Gross: 1.3973  Gate: 0.7946
Episode 962  Reward:   0.054649  Wealth:    115262.56  Turnover: 0.4116  Gross: 1.4032  Gate: 0.8064
Episode 963  Reward:  -0.229503  Wealth:     86989.83  Turnover: 0.5876  Gross: 1.3879  Gate: 0.7758
Episode 964  Reward:   0.086393  Wealth:    119486.03  Turnover: 0.6688  Gross: 1.3989  Gate: 0.7979
Episode 965  Reward:   0.155723  Wealth:    130444.84  Turnover: 0.8015  Gross: 1.4018  Gate: 0.8036
Episode 966  Reward:   0.197296  Wealth:    137376.55  Turnover: 0.5421  Gross: 1.3957  Gate: 0.7915
Episode 967  Reward:   0.157991  Wealth:    131249.42  Turnover: 0.7997  Gross: 1.4005  Gate: 0.8009
Episode 968  Reward:   0.147911  Wealth:    128455.80  Turnover: 0.4825  Gross: 1.4043  Gate: 0.8087
Episode 969  Reward:   0.020885  Wealth:    110816.63  Turnover: 0.3155  Gross: 1.4053  Gate: 0.8106
Episode 970  Reward:   0.051727  Wealth:    115407.19  Turnover: 0.5710  Gross: 1.4095  Gate: 0.8190
Episode    970  AvgReward:   0.076254  Noise: 0.0216
Episode 971  Reward:   0.373058  Wealth:    184973.73  Turnover: 0.7113  Gross: 1.3938  Gate: 0.7877
Episode 972  Reward:   0.314308  Wealth:    165587.29  Turnover: 0.5802  Gross: 1.3963  Gate: 0.7927
Episode 973  Reward:   0.156506  Wealth:    129865.80  Turnover: 0.5456  Gross: 1.3955  Gate: 0.7909
Episode 974  Reward:   0.014407  Wealth:    108616.27  Turnover: 0.6210  Gross: 1.3807  Gate: 0.7615
Episode 975  Reward:   0.079069  Wealth:    117687.74  Turnover: 0.3964  Gross: 1.4013  Gate: 0.8025
Episode 976  Reward:   0.199836  Wealth:    137492.43  Turnover: 0.2893  Gross: 1.4048  Gate: 0.8096
Episode 977  Reward:   0.107595  Wealth:    122460.84  Turnover: 0.6971  Gross: 1.3964  Gate: 0.7929
Episode 978  Reward:   0.298884  Wealth:    158533.75  Turnover: 0.6562  Gross: 1.3986  Gate: 0.7973
Episode 979  Reward:  -0.024061  Wealth:    105978.56  Turnover: 0.4891  Gross: 1.3994  Gate: 0.7988
Episode 980  Reward:   0.144481  Wealth:    130614.57  Turnover: 0.8832  Gross: 1.3991  Gate: 0.7983
Episode    980  AvgReward:   0.166408  Noise: 0.0211
Episode 981  Reward:  -0.176321  Wealth:     92434.69  Turnover: 0.8243  Gross: 1.4036  Gate: 0.8071
Episode 982  Reward:   0.207146  Wealth:    138726.23  Turnover: 0.8459  Gross: 1.3963  Gate: 0.7925
Episode 983  Reward:   0.176072  Wealth:    134245.27  Turnover: 0.5436  Gross: 1.4037  Gate: 0.8073
Episode 984  Reward:   0.251358  Wealth:    149821.88  Turnover: 0.8414  Gross: 1.3962  Gate: 0.7924
Episode 985  Reward:   0.239459  Wealth:    145712.73  Turnover: 0.3229  Gross: 1.3972  Gate: 0.7945
Episode 986  Reward:  -0.063948  Wealth:    100950.79  Turnover: 0.5348  Gross: 1.3931  Gate: 0.7862
Episode 987  Reward:  -0.016767  Wealth:    106419.54  Turnover: 0.4046  Gross: 1.3912  Gate: 0.7825
Episode 988  Reward:   0.020743  Wealth:    110208.65  Turnover: 0.4439  Gross: 1.3947  Gate: 0.7894
Episode 989  Reward:   0.143141  Wealth:    127873.16  Turnover: 0.6877  Gross: 1.4019  Gate: 0.8038
Episode 990  Reward:   0.014086  Wealth:    109928.01  Turnover: 0.2482  Gross: 1.4053  Gate: 0.8106
Episode    990  AvgReward:   0.079497  Noise: 0.0207
Episode 991  Reward:  -0.080951  Wealth:    100166.72  Turnover: 0.6033  Gross: 1.3968  Gate: 0.7936
Episode 992  Reward:   0.178571  Wealth:    134034.91  Turnover: 0.2784  Gross: 1.3991  Gate: 0.7982
Episode 993  Reward:   0.182075  Wealth:    134877.02  Turnover: 0.3609  Gross: 1.3949  Gate: 0.7898
Episode 994  Reward:   0.241145  Wealth:    144855.99  Turnover: 0.5120  Gross: 1.4058  Gate: 0.8115
Episode 995  Reward:   0.150802  Wealth:    131429.85  Turnover: 0.9314  Gross: 1.4023  Gate: 0.8047
Episode 996  Reward:   0.056640  Wealth:    114949.34  Turnover: 0.8288  Gross: 1.3988  Gate: 0.7977
Episode 997  Reward:   0.122385  Wealth:    123913.00  Turnover: 0.5317  Gross: 1.4033  Gate: 0.8066
Episode 998  Reward:   0.091022  Wealth:    119893.76  Turnover: 0.5106  Gross: 1.3997  Gate: 0.7994
Episode 999  Reward:   0.040045  Wealth:    111792.62  Turnover: 0.4927  Gross: 1.3903  Gate: 0.7806
Episode 1000  Reward:   0.046433  Wealth:    114005.56  Turnover: 0.5703  Gross: 1.4019  Gate: 0.8038
Episode   1000  AvgReward:   0.102817  Noise: 0.0203
TRAIN STAGE COMPLETE
PRE-TRAINING BEHAVIOUR GATE PASSED on deterministic held-in episodes: mean_leverage_gate=0.7988, fraction_at_gross_cap=0.0000, gate_gross_mae=0.0000, mean_turnover=0.5832, max_position_limit_violation=0.0000, mean_normalized_direction_entropy=0.8167, q05_normalized_direction_entropy=0.7081, mean_effective_positions=3.7801
Pre-training complete. Agent saved.

============================================================
Stage 2: Fine-tuning on Real Data

============================================================
============================================================
STAGE 2: FINE-TUNING
============================================================
============================================================
TRAIN STAGE STARTED: stage=finetune_selection, episodes=37, batch_size=64, updates_per_step=1
============================================================
Episode 1  Reward:   0.144964  Wealth:    127198.84  Turnover: 0.6275  Gross: 1.3948  Gate: 0.7897
Episode 2  Reward:   0.271744  Wealth:    153939.61  Turnover: 0.8427  Gross: 1.4009  Gate: 0.8017
Episode 3  Reward:   0.164524  Wealth:    131500.87  Turnover: 0.5462  Gross: 1.4033  Gate: 0.8065
Episode 4  Reward:   0.212254  Wealth:    140842.53  Turnover: 0.8671  Gross: 1.4021  Gate: 0.8042
Episode 5  Reward:   0.151690  Wealth:    130303.28  Turnover: 0.9685  Gross: 1.4001  Gate: 0.8003
Episode 6  Reward:   0.171188  Wealth:    133542.61  Turnover: 0.9584  Gross: 1.3979  Gate: 0.7958
Episode 7  Reward:   0.296974  Wealth:    161916.14  Turnover: 0.9055  Gross: 1.3961  Gate: 0.7922
Episode 8  Reward:   0.135105  Wealth:    125654.87  Turnover: 0.5767  Gross: 1.4053  Gate: 0.8106
Episode 9  Reward:   0.179239  Wealth:    135188.92  Turnover: 0.8155  Gross: 1.3979  Gate: 0.7958
Episode 10  Reward:   0.235039  Wealth:    148970.26  Turnover: 0.9694  Gross: 1.4062  Gate: 0.8124
Episode 11  Reward:   0.155017  Wealth:    131975.64  Turnover: 0.7366  Gross: 1.3938  Gate: 0.7877
Episode 12  Reward:   0.145495  Wealth:    127594.25  Turnover: 0.6310  Gross: 1.4089  Gate: 0.8179
Episode 13  Reward:   0.007107  Wealth:    111878.63  Turnover: 0.7083  Gross: 1.3951  Gate: 0.7902
Episode 14  Reward:   0.115495  Wealth:    125993.25  Turnover: 0.6449  Gross: 1.3950  Gate: 0.7900
Episode 15  Reward:   0.163592  Wealth:    133794.21  Turnover: 0.9237  Gross: 1.4039  Gate: 0.8077
Episode 16  Reward:   0.214849  Wealth:    143716.68  Turnover: 0.6428  Gross: 1.3952  Gate: 0.7904
Episode 17  Reward:   0.233631  Wealth:    148443.64  Turnover: 0.6939  Gross: 1.3977  Gate: 0.7954
Episode 18  Reward:   0.216793  Wealth:    147071.92  Turnover: 0.7619  Gross: 1.4003  Gate: 0.8007
Episode 19  Reward:   0.218485  Wealth:    145159.41  Turnover: 0.7051  Gross: 1.3984  Gate: 0.7968
Episode 20  Reward:   0.253243  Wealth:    152799.60  Turnover: 0.6311  Gross: 1.3961  Gate: 0.7922
Episode 21  Reward:   0.101317  Wealth:    125736.09  Turnover: 0.6541  Gross: 1.3983  Gate: 0.7967
Episode 22  Reward:   0.250714  Wealth:    152110.25  Turnover: 0.6817  Gross: 1.4000  Gate: 0.8001
Episode 23  Reward:   0.111651  Wealth:    125502.98  Turnover: 0.8682  Gross: 1.4063  Gate: 0.8127
Episode 24  Reward:   0.117936  Wealth:    125243.82  Turnover: 0.7379  Gross: 1.4059  Gate: 0.8117
Episode 25  Reward:   0.185560  Wealth:    139484.44  Turnover: 0.9032  Gross: 1.4018  Gate: 0.8036
Episode 26  Reward:   0.204609  Wealth:    144874.83  Turnover: 0.8928  Gross: 1.4034  Gate: 0.8067
Episode 27  Reward:   0.188365  Wealth:    138014.38  Turnover: 0.7765  Gross: 1.4049  Gate: 0.8098
Episode 28  Reward:   0.133274  Wealth:    127240.52  Turnover: 0.6559  Gross: 1.4044  Gate: 0.8087
Episode 29  Reward:   0.142250  Wealth:    130838.80  Turnover: 0.8777  Gross: 1.4017  Gate: 0.8034
Episode 30  Reward:   0.269448  Wealth:    156145.83  Turnover: 0.6831  Gross: 1.4012  Gate: 0.8025
Episode 31  Reward:   0.261628  Wealth:    154530.90  Turnover: 0.7715  Gross: 1.4011  Gate: 0.8021
Episode 32  Reward:   0.218715  Wealth:    146321.82  Turnover: 0.7692  Gross: 1.4018  Gate: 0.8035
Episode 33  Reward:  -0.010725  Wealth:    109127.61  Turnover: 0.7308  Gross: 1.4024  Gate: 0.8047
Episode 34  Reward:   0.085277  Wealth:    121350.99  Turnover: 0.7104  Gross: 1.4027  Gate: 0.8054
Episode 35  Reward:   0.254054  Wealth:    152471.31  Turnover: 0.7473  Gross: 1.4019  Gate: 0.8039
Episode 36  Reward:   0.223614  Wealth:    147372.67  Turnover: 0.7640  Gross: 1.4014  Gate: 0.8028
Episode 37  Reward:   0.261644  Wealth:    158088.17  Turnover: 0.8517  Gross: 1.4024  Gate: 0.8049
Episode     37  AvgReward:   0.180696  Noise: 0.0417
TRAIN STAGE COMPLETE
VALIDATION pass=1 reward=0.245327 wealth=147002.80 turnover=0.4121 gross=1.4122
============================================================
TRAIN STAGE STARTED: stage=finetune_refit_all, episodes=61, batch_size=64, updates_per_step=1
============================================================
Episode 1  Reward:   0.218255  Wealth:    141744.37  Turnover: 0.7356  Gross: 1.3952  Gate: 0.7904
Episode 2  Reward:   0.093644  Wealth:    119390.91  Turnover: 0.5892  Gross: 1.3954  Gate: 0.7908
Episode 3  Reward:   0.208940  Wealth:    140521.71  Turnover: 0.6483  Gross: 1.3993  Gate: 0.7987
Episode 4  Reward:   0.220401  Wealth:    142509.27  Turnover: 0.8857  Gross: 1.4034  Gate: 0.8068
Episode 5  Reward:   0.097644  Wealth:    121404.69  Turnover: 0.8225  Gross: 1.3936  Gate: 0.7872
Episode 6  Reward:   0.100817  Wealth:    121726.13  Turnover: 0.8265  Gross: 1.3999  Gate: 0.7998
Episode 7  Reward:   0.261351  Wealth:    157752.35  Turnover: 0.9473  Gross: 1.3952  Gate: 0.7904
Episode 8  Reward:   0.205871  Wealth:    145992.50  Turnover: 0.8885  Gross: 1.3982  Gate: 0.7964
Episode 9  Reward:   0.205015  Wealth:    144974.87  Turnover: 0.7633  Gross: 1.3947  Gate: 0.7893
Episode 10  Reward:   0.134242  Wealth:    131567.23  Turnover: 0.9771  Gross: 1.4002  Gate: 0.8005
Episode 11  Reward:   0.182129  Wealth:    139949.46  Turnover: 0.9289  Gross: 1.3985  Gate: 0.7970
Episode 12  Reward:  -0.075236  Wealth:    104277.84  Turnover: 0.6963  Gross: 1.3980  Gate: 0.7959
Episode 13  Reward:   0.144603  Wealth:    132262.07  Turnover: 0.5852  Gross: 1.4114  Gate: 0.8227
Episode 14  Reward:   0.157433  Wealth:    134962.41  Turnover: 0.6582  Gross: 1.4108  Gate: 0.8216
Episode 15  Reward:   0.193310  Wealth:    143737.02  Turnover: 0.6688  Gross: 1.3925  Gate: 0.7851
Episode 16  Reward:   0.042917  Wealth:    116862.95  Turnover: 0.6267  Gross: 1.4066  Gate: 0.8132
Episode 17  Reward:   0.057041  Wealth:    118770.51  Turnover: 0.6145  Gross: 1.4047  Gate: 0.8093
Episode 18  Reward:   0.217840  Wealth:    150771.41  Turnover: 0.6961  Gross: 1.3971  Gate: 0.7943
Episode 19  Reward:   0.111588  Wealth:    127716.10  Turnover: 0.5309  Gross: 1.3926  Gate: 0.7852
Episode 20  Reward:  -0.080259  Wealth:    101914.01  Turnover: 0.5082  Gross: 1.3989  Gate: 0.7977
Episode 21  Reward:  -0.005667  Wealth:    110775.80  Turnover: 0.6197  Gross: 1.4022  Gate: 0.8044
Episode 22  Reward:  -0.014424  Wealth:    108768.24  Turnover: 0.5964  Gross: 1.4000  Gate: 0.8000
Episode 23  Reward:   0.130531  Wealth:    126870.89  Turnover: 0.5258  Gross: 1.4020  Gate: 0.8039
Episode 24  Reward:  -0.110879  Wealth:     98730.51  Turnover: 0.5230  Gross: 1.3954  Gate: 0.7909
Episode 25  Reward:   0.260108  Wealth:    155477.79  Turnover: 0.6741  Gross: 1.4016  Gate: 0.8032
Episode 26  Reward:  -0.112768  Wealth:     98641.92  Turnover: 0.5060  Gross: 1.3937  Gate: 0.7874
Episode 27  Reward:   0.161718  Wealth:    131183.10  Turnover: 0.5146  Gross: 1.3976  Gate: 0.7952
Episode 28  Reward:  -0.101672  Wealth:     98902.72  Turnover: 0.4806  Gross: 1.3988  Gate: 0.7977
Episode 29  Reward:  -0.117163  Wealth:     97647.33  Turnover: 0.4144  Gross: 1.3966  Gate: 0.7931
Episode 30  Reward:   0.092830  Wealth:    123519.63  Turnover: 0.4757  Gross: 1.3985  Gate: 0.7970
Episode 31  Reward:   0.039541  Wealth:    114783.85  Turnover: 0.5032  Gross: 1.4034  Gate: 0.8068
Episode 32  Reward:   0.170391  Wealth:    137837.66  Turnover: 0.4860  Gross: 1.3997  Gate: 0.7993
Episode 33  Reward:   0.048987  Wealth:    117286.06  Turnover: 0.4170  Gross: 1.3997  Gate: 0.7994
Episode 34  Reward:   0.170482  Wealth:    137532.25  Turnover: 0.4325  Gross: 1.4007  Gate: 0.8013
Episode 35  Reward:  -0.164051  Wealth:     93729.28  Turnover: 0.3489  Gross: 1.3986  Gate: 0.7971
Episode 36  Reward:   0.144292  Wealth:    130889.43  Turnover: 0.8790  Gross: 1.3986  Gate: 0.7972
Episode 37  Reward:  -0.084344  Wealth:    100082.94  Turnover: 0.3438  Gross: 1.4003  Gate: 0.8005
Episode 38  Reward:   0.164046  Wealth:    139986.86  Turnover: 0.6239  Gross: 1.4032  Gate: 0.8063
Episode 39  Reward:  -0.080329  Wealth:    101905.89  Turnover: 0.3671  Gross: 1.3994  Gate: 0.7989
Episode 40  Reward:  -0.101772  Wealth:     98506.66  Turnover: 0.3245  Gross: 1.3998  Gate: 0.7996
Episode 41  Reward:   0.220905  Wealth:    151222.94  Turnover: 0.6392  Gross: 1.4030  Gate: 0.8061
Episode 42  Reward:   0.196950  Wealth:    145832.31  Turnover: 0.5458  Gross: 1.4019  Gate: 0.8038
Episode 43  Reward:   0.222650  Wealth:    144895.42  Turnover: 0.4933  Gross: 1.4090  Gate: 0.8181
Episode 44  Reward:   0.159844  Wealth:    132664.67  Turnover: 0.8048  Gross: 1.3958  Gate: 0.7916
Episode 45  Reward:   0.189621  Wealth:    136712.93  Turnover: 0.6408  Gross: 1.3957  Gate: 0.7913
Episode 46  Reward:   0.155050  Wealth:    130043.71  Turnover: 0.4672  Gross: 1.4074  Gate: 0.8148
Episode 47  Reward:   0.106488  Wealth:    127939.68  Turnover: 0.5121  Gross: 1.4009  Gate: 0.8019
Episode 48  Reward:   0.145944  Wealth:    134053.14  Turnover: 0.3864  Gross: 1.3935  Gate: 0.7870
Episode 49  Reward:  -0.067322  Wealth:    102142.30  Turnover: 0.3265  Gross: 1.3980  Gate: 0.7960
Episode 50  Reward:  -0.045433  Wealth:    103915.26  Turnover: 0.3130  Gross: 1.3979  Gate: 0.7959
Episode 51  Reward:   0.002110  Wealth:    109124.23  Turnover: 0.5134  Gross: 1.4035  Gate: 0.8070
Episode 52  Reward:   0.127244  Wealth:    127809.03  Turnover: 0.8792  Gross: 1.3906  Gate: 0.7812
Episode 53  Reward:   0.158841  Wealth:    135179.13  Turnover: 0.4113  Gross: 1.3928  Gate: 0.7857
Episode 54  Reward:   0.180646  Wealth:    134681.90  Turnover: 0.6093  Gross: 1.3984  Gate: 0.7968
Episode 55  Reward:   0.092429  Wealth:    127175.77  Turnover: 0.5352  Gross: 1.3992  Gate: 0.7985
Episode 56  Reward:   0.168796  Wealth:    137181.74  Turnover: 0.3749  Gross: 1.3888  Gate: 0.7777
Episode 57  Reward:  -0.050391  Wealth:    103587.73  Turnover: 0.3257  Gross: 1.3939  Gate: 0.7877
Episode 58  Reward:   0.015129  Wealth:    110870.24  Turnover: 0.5066  Gross: 1.4002  Gate: 0.8004
Episode 59  Reward:   0.068374  Wealth:    119799.60  Turnover: 0.3612  Gross: 1.3955  Gate: 0.7910
Episode 60  Reward:   0.129965  Wealth:    130006.07  Turnover: 0.4126  Gross: 1.3907  Gate: 0.7814
Episode 61  Reward:  -0.084558  Wealth:    100209.24  Turnover: 0.3209  Gross: 1.3969  Gate: 0.7937
Episode     61  AvgReward:   0.086569  Noise: 0.0370
TRAIN STAGE COMPLETE
Fine-tuning complete. Selected 1 pass(es); final agent saved.

============================================================
TRAINING COMPLETE

============================================================
Error in py_run_string_impl(code, local, convert) : 
  ModuleNotFoundError: No module named 'pandas'
Run `reticulate::py_last_error()` for details.
Calls: py_run_string -> py_run_string_impl
Execution halted

[3/5] Training seed 20260846
Loading configuration from: config/config.yaml 
Run mode: full | seed: 20260846 | CVaR simulations/step: 512 | vine simulation cores: 44
Loading synthetic return bundle: data/synthetic_returns.RData
Loaded 1000 pre-training and 61 fine-tuning episodes.
Fine-tuning selection: 37 fit episodes, 23 purged overlapping episodes, 1 validation episode; final refit uses all 61.
Run seed: 20260846
Run mode: full
PyTorch: 2.10.0+cu128
Device: cuda
Action schema: interior_rank_partition_leverage_gate_v5; projection temperature=1.5
GPU: NVIDIA A100-SXM4-80GB
PYTHON: Framework ready.
Action schema: interior_rank_partition_leverage_gate_v5 | gross=1.500 | net=1.000 | max_long=0.600 | max_short=0.200
Risk/training: entropy_coef=0.005 | leverage_target=0.800 | leverage_penalty=0.25 | direction_bound=5.000 | AMP=False

============================================================
Stage 1: Pre-training on Synthetic Data

============================================================
============================================================
STAGE 1: PRE-TRAINING
============================================================
============================================================
TRAIN STAGE STARTED: stage=pretrain, episodes=1000, batch_size=128, updates_per_step=1
============================================================
Episode 1  Reward:   0.070009  Wealth:    121697.17  Turnover: 1.1110  Gross: 1.2352  Gate: 0.4704
Episode 2  Reward:  -0.097250  Wealth:    100057.22  Turnover: 1.0289  Gross: 1.2499  Gate: 0.4998
Episode 3  Reward:   0.205197  Wealth:    144727.00  Turnover: 1.1033  Gross: 1.2391  Gate: 0.4783
Episode 4  Reward:  -0.223935  Wealth:     88711.99  Turnover: 1.0911  Gross: 1.2361  Gate: 0.4723
Episode 5  Reward:  -0.339320  Wealth:     80837.05  Turnover: 1.0792  Gross: 1.2336  Gate: 0.4672
Episode 6  Reward:  -0.322449  Wealth:     81990.53  Turnover: 0.9455  Gross: 1.2339  Gate: 0.4678
Episode 7  Reward:   0.261967  Wealth:    156395.75  Turnover: 1.1055  Gross: 1.2615  Gate: 0.5229
Episode 8  Reward:  -0.107763  Wealth:    100027.27  Turnover: 1.0828  Gross: 1.2537  Gate: 0.5074
Episode 9  Reward:   0.166601  Wealth:    134837.18  Turnover: 1.0494  Gross: 1.2264  Gate: 0.4529
Episode 10  Reward:   0.151394  Wealth:    133870.04  Turnover: 1.0895  Gross: 1.2441  Gate: 0.4882
Episode     10  AvgReward:  -0.023555  Noise: 0.1473
Episode 11  Reward:   0.306220  Wealth:    170214.16  Turnover: 0.9869  Gross: 1.2082  Gate: 0.4164
Episode 12  Reward:   0.037716  Wealth:    116448.76  Turnover: 1.0924  Gross: 1.2209  Gate: 0.4418
Episode 13  Reward:  -0.266806  Wealth:     85543.00  Turnover: 1.0793  Gross: 1.2533  Gate: 0.5067
Episode 14  Reward:   0.018777  Wealth:    113120.03  Turnover: 1.0149  Gross: 1.2534  Gate: 0.5068
Episode 15  Reward:   0.069393  Wealth:    119678.17  Turnover: 1.0491  Gross: 1.2325  Gate: 0.4651
Episode 16  Reward:   0.033103  Wealth:    114970.27  Turnover: 1.1399  Gross: 1.2532  Gate: 0.5065
Episode 17  Reward:  -0.145180  Wealth:     95651.83  Turnover: 1.0142  Gross: 1.2524  Gate: 0.5047
Episode 18  Reward:  -0.315590  Wealth:     82274.43  Turnover: 0.9645  Gross: 1.2568  Gate: 0.5135
Episode 19  Reward:   0.218582  Wealth:    146086.12  Turnover: 1.1478  Gross: 1.2086  Gate: 0.4172
Episode 20  Reward:  -0.140711  Wealth:     96275.73  Turnover: 1.1591  Gross: 1.2922  Gate: 0.5844
Episode     20  AvgReward:  -0.018450  Noise: 0.1444
Episode 21  Reward:   0.064613  Wealth:    120292.39  Turnover: 1.0755  Gross: 1.2459  Gate: 0.4917
Episode 22  Reward:  -0.214029  Wealth:     89869.73  Turnover: 0.9844  Gross: 1.2306  Gate: 0.4612
Episode 23  Reward:   0.085629  Wealth:    122248.89  Turnover: 1.0417  Gross: 1.2447  Gate: 0.4894
Episode 24  Reward:   0.098122  Wealth:    124774.65  Turnover: 1.0687  Gross: 1.2584  Gate: 0.5168
Episode 25  Reward:   0.156717  Wealth:    134645.28  Turnover: 1.0583  Gross: 1.2954  Gate: 0.5907
Episode 26  Reward:  -0.148542  Wealth:     94704.90  Turnover: 0.9141  Gross: 1.2141  Gate: 0.4283
Episode 27  Reward:   0.041201  Wealth:    117584.35  Turnover: 1.0837  Gross: 1.2846  Gate: 0.5692
Episode 28  Reward:  -0.015038  Wealth:    109397.81  Turnover: 1.0586  Gross: 1.2428  Gate: 0.4855
Episode 29  Reward:  -0.186589  Wealth:     91811.70  Turnover: 1.0377  Gross: 1.2883  Gate: 0.5766
Episode 30  Reward:  -0.044780  Wealth:    105619.02  Turnover: 0.9837  Gross: 1.2626  Gate: 0.5252
Episode     30  AvgReward:  -0.016269  Noise: 0.1415
Episode 31  Reward:   0.286383  Wealth:    162732.29  Turnover: 1.1389  Gross: 1.2471  Gate: 0.4942
Episode 32  Reward:  -0.124195  Wealth:     97977.44  Turnover: 1.1414  Gross: 1.2913  Gate: 0.5826
Episode 33  Reward:  -0.056367  Wealth:    104562.03  Turnover: 1.0844  Gross: 1.2325  Gate: 0.4651
Episode 34  Reward:  -0.008561  Wealth:    110864.12  Turnover: 1.0396  Gross: 1.2433  Gate: 0.4867
Episode 35  Reward:  -0.106167  Wealth:     99815.31  Turnover: 1.0635  Gross: 1.2540  Gate: 0.5081
Episode 36  Reward:  -0.209799  Wealth:     90131.98  Turnover: 1.0472  Gross: 1.2454  Gate: 0.4909
Episode 37  Reward:  -0.081683  Wealth:    101692.60  Turnover: 1.0725  Gross: 1.2128  Gate: 0.4257
Episode 38  Reward:  -0.017407  Wealth:    109108.01  Turnover: 1.1047  Gross: 1.2401  Gate: 0.4801
Episode 39  Reward:  -0.276067  Wealth:     85209.58  Turnover: 1.0384  Gross: 1.2401  Gate: 0.4801
Episode 40  Reward:  -0.059617  Wealth:    104198.48  Turnover: 0.9827  Gross: 1.2649  Gate: 0.5298
Episode     40  AvgReward:  -0.065348  Noise: 0.1387
Episode 41  Reward:   0.116565  Wealth:    128713.44  Turnover: 0.9917  Gross: 1.2695  Gate: 0.5390
Episode 42  Reward:   0.134932  Wealth:    129977.15  Turnover: 0.7701  Gross: 1.1735  Gate: 0.3471
Episode 43  Reward:   0.034795  Wealth:    114140.83  Turnover: 0.3251  Gross: 1.0791  Gate: 0.1582
Episode 44  Reward:   0.162322  Wealth:    132714.82  Turnover: 0.2995  Gross: 1.0814  Gate: 0.1627
Episode 45  Reward:  -0.003639  Wealth:    109113.03  Turnover: 0.2243  Gross: 1.0821  Gate: 0.1642
Episode 46  Reward:   0.040463  Wealth:    114674.84  Turnover: 0.3695  Gross: 1.0809  Gate: 0.1619
Episode 47  Reward:   0.000306  Wealth:    109289.54  Turnover: 0.3079  Gross: 1.0887  Gate: 0.1774
Episode 48  Reward:   0.124977  Wealth:    127098.97  Turnover: 0.3166  Gross: 1.0910  Gate: 0.1820
Episode 49  Reward:   0.283594  Wealth:    159674.61  Turnover: 0.3407  Gross: 1.0893  Gate: 0.1786
Episode 50  Reward:   0.177708  Wealth:    136105.40  Turnover: 0.3244  Gross: 1.0911  Gate: 0.1822
Episode     50  AvgReward:   0.107202  Noise: 0.1360
Episode 51  Reward:   0.063083  Wealth:    117784.87  Turnover: 0.2743  Gross: 1.0945  Gate: 0.1890
Episode 52  Reward:   0.072684  Wealth:    119209.09  Turnover: 0.2835  Gross: 1.0965  Gate: 0.1930
Episode 53  Reward:  -0.072859  Wealth:    101669.10  Turnover: 0.2291  Gross: 1.0975  Gate: 0.1950
Episode 54  Reward:  -0.106852  Wealth:     98027.91  Turnover: 0.2539  Gross: 1.0954  Gate: 0.1908
Episode 55  Reward:   0.087695  Wealth:    121089.52  Turnover: 0.3149  Gross: 1.0947  Gate: 0.1894
Episode 56  Reward:  -0.081354  Wealth:    100731.66  Turnover: 0.2183  Gross: 1.1024  Gate: 0.2049
Episode 57  Reward:  -0.062352  Wealth:    102403.62  Turnover: 0.2712  Gross: 1.1068  Gate: 0.2136
Episode 58  Reward:   0.262799  Wealth:    154354.04  Turnover: 0.2729  Gross: 1.1088  Gate: 0.2176
Episode 59  Reward:   0.047664  Wealth:    115657.45  Turnover: 0.2556  Gross: 1.1090  Gate: 0.2181
Episode 60  Reward:   0.037567  Wealth:    114501.62  Turnover: 0.2122  Gross: 1.1150  Gate: 0.2300
Episode     60  AvgReward:   0.024807  Noise: 0.1333
Episode 61  Reward:   0.030559  Wealth:    113208.29  Turnover: 0.2701  Gross: 1.1219  Gate: 0.2439
Episode 62  Reward:   0.006814  Wealth:    110268.86  Turnover: 0.2251  Gross: 1.1215  Gate: 0.2430
Episode 63  Reward:  -0.042559  Wealth:    104590.03  Turnover: 0.2239  Gross: 1.1233  Gate: 0.2465
Episode 64  Reward:   0.192162  Wealth:    138485.35  Turnover: 0.2252  Gross: 1.1245  Gate: 0.2489
Episode 65  Reward:   0.109427  Wealth:    124117.52  Turnover: 0.2854  Gross: 1.1257  Gate: 0.2514
Episode 66  Reward:   0.346576  Wealth:    176084.51  Turnover: 0.2447  Gross: 1.1328  Gate: 0.2656
Episode 67  Reward:  -0.249712  Wealth:     85771.50  Turnover: 0.2209  Gross: 1.1326  Gate: 0.2653
Episode 68  Reward:   0.300565  Wealth:    162379.18  Turnover: 0.2733  Gross: 1.1393  Gate: 0.2785
Episode 69  Reward:   0.243994  Wealth:    148340.37  Turnover: 0.1882  Gross: 1.1433  Gate: 0.2867
Episode 70  Reward:  -0.117629  Wealth:     96614.36  Turnover: 0.2597  Gross: 1.1413  Gate: 0.2827
Episode     70  AvgReward:   0.082020  Noise: 0.1306
Episode 71  Reward:   0.075088  Wealth:    118786.48  Turnover: 0.2242  Gross: 1.1553  Gate: 0.3106
Episode 72  Reward:   0.202552  Wealth:    139843.81  Turnover: 0.2176  Gross: 1.1546  Gate: 0.3092
Episode 73  Reward:   0.266949  Wealth:    153398.05  Turnover: 0.2663  Gross: 1.1572  Gate: 0.3145
Episode 74  Reward:   0.118814  Wealth:    125223.40  Turnover: 0.2473  Gross: 1.1662  Gate: 0.3324
Episode 75  Reward:   0.117931  Wealth:    125069.36  Turnover: 0.2533  Gross: 1.1651  Gate: 0.3303
Episode 76  Reward:   0.009331  Wealth:    109876.34  Turnover: 0.2615  Gross: 1.1718  Gate: 0.3436
Episode 77  Reward:   0.031532  Wealth:    112907.73  Turnover: 0.2774  Gross: 1.1733  Gate: 0.3467
Episode 78  Reward:   0.076074  Wealth:    118627.09  Turnover: 0.2473  Gross: 1.1895  Gate: 0.3789
Episode 79  Reward:   0.262541  Wealth:    152736.38  Turnover: 0.2398  Gross: 1.1923  Gate: 0.3847
Episode 80  Reward:  -0.115090  Wealth:     96772.85  Turnover: 0.2745  Gross: 1.2007  Gate: 0.4014
Episode     80  AvgReward:   0.104572  Noise: 0.1281
Episode 81  Reward:   0.128259  Wealth:    126200.42  Turnover: 0.2313  Gross: 1.2009  Gate: 0.4018
Episode 82  Reward:   0.083372  Wealth:    119863.42  Turnover: 0.2084  Gross: 1.2147  Gate: 0.4294
Episode 83  Reward:   0.134896  Wealth:    127484.81  Turnover: 0.2625  Gross: 1.2163  Gate: 0.4325
Episode 84  Reward:   0.135210  Wealth:    127480.95  Turnover: 0.2094  Gross: 1.2272  Gate: 0.4545
Episode 85  Reward:  -0.040414  Wealth:    104229.50  Turnover: 0.2528  Gross: 1.2305  Gate: 0.4611
Episode 86  Reward:   0.038363  Wealth:    113373.01  Turnover: 0.2471  Gross: 1.2350  Gate: 0.4699
Episode 87  Reward:   0.235189  Wealth:    146378.90  Turnover: 0.2733  Gross: 1.2421  Gate: 0.4842
Episode 88  Reward:   0.006186  Wealth:    109632.99  Turnover: 0.2744  Gross: 1.2586  Gate: 0.5171
Episode 89  Reward:   0.211365  Wealth:    141342.88  Turnover: 0.2397  Gross: 1.2687  Gate: 0.5373
Episode 90  Reward:  -0.107252  Wealth:     97347.87  Turnover: 0.2767  Gross: 1.2604  Gate: 0.5209
Episode     90  AvgReward:   0.082517  Noise: 0.1255
Episode 91  Reward:   0.053815  Wealth:    115569.10  Turnover: 0.2853  Gross: 1.2767  Gate: 0.5535
Episode 92  Reward:  -0.011416  Wealth:    107487.03  Turnover: 0.2607  Gross: 1.2844  Gate: 0.5689
Episode 93  Reward:   0.100471  Wealth:    122196.30  Turnover: 0.2585  Gross: 1.2951  Gate: 0.5902
Episode 94  Reward:   0.113087  Wealth:    124494.68  Turnover: 0.3002  Gross: 1.3098  Gate: 0.6196
Episode 95  Reward:   0.240820  Wealth:    147246.49  Turnover: 0.2585  Gross: 1.3098  Gate: 0.6196
Episode 96  Reward:   0.133025  Wealth:    127075.85  Turnover: 0.2102  Gross: 1.3232  Gate: 0.6464
Episode 97  Reward:   0.100670  Wealth:    122407.32  Turnover: 0.2531  Gross: 1.3232  Gate: 0.6465
Episode 98  Reward:   0.114740  Wealth:    124378.33  Turnover: 0.2772  Gross: 1.3343  Gate: 0.6686
Episode 99  Reward:   0.200591  Wealth:    139544.12  Turnover: 0.2144  Gross: 1.3416  Gate: 0.6831
Episode 100  Reward:   0.347186  Wealth:    174985.06  Turnover: 0.2405  Gross: 1.3487  Gate: 0.6974
Episode    100  AvgReward:   0.139299  Noise: 0.1230
Episode 101  Reward:  -0.023238  Wealth:    106290.06  Turnover: 0.2337  Gross: 1.3547  Gate: 0.7093
Episode 102  Reward:   0.068917  Wealth:    118113.45  Turnover: 0.2158  Gross: 1.3589  Gate: 0.7178
Episode 103  Reward:   0.035147  Wealth:    113476.83  Turnover: 0.2397  Gross: 1.3729  Gate: 0.7458
Episode 104  Reward:   0.114926  Wealth:    124528.29  Turnover: 0.2211  Gross: 1.3769  Gate: 0.7537
Episode 105  Reward:   0.283832  Wealth:    158311.28  Turnover: 0.2331  Gross: 1.3808  Gate: 0.7617
Episode 106  Reward:   0.136447  Wealth:    128343.19  Turnover: 0.1639  Gross: 1.3866  Gate: 0.7732
Episode 107  Reward:   0.188789  Wealth:    137685.12  Turnover: 0.2544  Gross: 1.3933  Gate: 0.7866
Episode 108  Reward:  -0.034902  Wealth:    105354.41  Turnover: 0.1979  Gross: 1.3999  Gate: 0.7998
Episode 109  Reward:  -0.049057  Wealth:    103471.35  Turnover: 0.2145  Gross: 1.3973  Gate: 0.7947
Episode 110  Reward:   0.126420  Wealth:    126735.58  Turnover: 0.2116  Gross: 1.4072  Gate: 0.8144
Episode    110  AvgReward:   0.084728  Noise: 0.1206
Episode 111  Reward:   0.241370  Wealth:    148476.79  Turnover: 0.2138  Gross: 1.4048  Gate: 0.8095
Episode 112  Reward:   0.194220  Wealth:    138967.61  Turnover: 0.2041  Gross: 1.4046  Gate: 0.8091
Episode 113  Reward:  -0.165958  Wealth:     92461.11  Turnover: 0.2393  Gross: 1.4020  Gate: 0.8041
Episode 114  Reward:   0.139785  Wealth:    128784.39  Turnover: 0.2339  Gross: 1.4044  Gate: 0.8088
Episode 115  Reward:   0.245008  Wealth:    148955.01  Turnover: 0.2385  Gross: 1.4065  Gate: 0.8130
Episode 116  Reward:   0.239944  Wealth:    147916.27  Turnover: 0.2663  Gross: 1.4047  Gate: 0.8094
Episode 117  Reward:   0.000415  Wealth:    109200.67  Turnover: 0.2671  Gross: 1.3990  Gate: 0.7980
Episode 118  Reward:   0.245992  Wealth:    148945.95  Turnover: 0.2761  Gross: 1.4072  Gate: 0.8144
Episode 119  Reward:   0.128257  Wealth:    127090.31  Turnover: 0.2381  Gross: 1.3996  Gate: 0.7992
Episode 120  Reward:   0.206577  Wealth:    140754.92  Turnover: 0.2959  Gross: 1.4054  Gate: 0.8108
Episode    120  AvgReward:   0.147561  Noise: 0.1182
Episode 121  Reward:   0.181443  Wealth:    136071.94  Turnover: 0.2530  Gross: 1.4006  Gate: 0.8012
Episode 122  Reward:   0.269156  Wealth:    154783.15  Turnover: 0.2421  Gross: 1.4035  Gate: 0.8070
Episode 123  Reward:   0.151628  Wealth:    130527.35  Turnover: 0.2366  Gross: 1.4029  Gate: 0.8057
Episode 124  Reward:   0.202563  Wealth:    140645.94  Turnover: 0.2745  Gross: 1.3992  Gate: 0.7985
Episode 125  Reward:  -0.012731  Wealth:    107579.19  Turnover: 0.2307  Gross: 1.4036  Gate: 0.8072
Episode 126  Reward:   0.165590  Wealth:    133699.06  Turnover: 0.2271  Gross: 1.4053  Gate: 0.8105
Episode 127  Reward:   0.078110  Wealth:    119326.90  Turnover: 0.2571  Gross: 1.4033  Gate: 0.8066
Episode 128  Reward:   0.115298  Wealth:    125157.67  Turnover: 0.2080  Gross: 1.3977  Gate: 0.7954
Episode 129  Reward:   0.180723  Wealth:    135884.41  Turnover: 0.1928  Gross: 1.4051  Gate: 0.8102
Episode 130  Reward:   0.209823  Wealth:    141748.27  Turnover: 0.2321  Gross: 1.4043  Gate: 0.8086
Episode    130  AvgReward:   0.154160  Noise: 0.1159
Episode 131  Reward:   0.044512  Wealth:    114623.59  Turnover: 0.1981  Gross: 1.4044  Gate: 0.8089
Episode 132  Reward:   0.114296  Wealth:    124597.57  Turnover: 0.1572  Gross: 1.4026  Gate: 0.8052
Episode 133  Reward:   0.152962  Wealth:    131143.14  Turnover: 0.1815  Gross: 1.4064  Gate: 0.8127
Episode 134  Reward:  -0.478556  Wealth:     71753.65  Turnover: 0.2530  Gross: 1.3990  Gate: 0.7979
Episode 135  Reward:   0.260903  Wealth:    153275.47  Turnover: 0.2703  Gross: 1.4041  Gate: 0.8081
Episode 136  Reward:   0.071232  Wealth:    118049.08  Turnover: 0.2767  Gross: 1.4064  Gate: 0.8127
Episode 137  Reward:   0.095124  Wealth:    121473.15  Turnover: 0.1997  Gross: 1.4060  Gate: 0.8119
Episode 138  Reward:   0.098196  Wealth:    122159.20  Turnover: 0.1967  Gross: 1.3971  Gate: 0.7941
Episode 139  Reward:   0.097971  Wealth:    122339.52  Turnover: 0.1946  Gross: 1.4055  Gate: 0.8109
Episode 140  Reward:   0.286399  Wealth:    158665.82  Turnover: 0.2300  Gross: 1.3968  Gate: 0.7936
Episode    140  AvgReward:   0.074304  Noise: 0.1136
Episode 141  Reward:   0.159831  Wealth:    132662.95  Turnover: 0.2011  Gross: 1.4049  Gate: 0.8098
Episode 142  Reward:  -0.000780  Wealth:    108877.67  Turnover: 0.2557  Gross: 1.4049  Gate: 0.8098
Episode 143  Reward:   0.157980  Wealth:    132130.78  Turnover: 0.2654  Gross: 1.3983  Gate: 0.7967
Episode 144  Reward:   0.185345  Wealth:    136667.43  Turnover: 0.1950  Gross: 1.4034  Gate: 0.8067
Episode 145  Reward:   0.217715  Wealth:    143817.50  Turnover: 0.2343  Gross: 1.3980  Gate: 0.7960
Episode 146  Reward:   0.141821  Wealth:    129172.39  Turnover: 0.2337  Gross: 1.4011  Gate: 0.8022
Episode 147  Reward:   0.013028  Wealth:    110696.72  Turnover: 0.2004  Gross: 1.4035  Gate: 0.8070
Episode 148  Reward:   0.095969  Wealth:    121879.43  Turnover: 0.1775  Gross: 1.4021  Gate: 0.8041
Episode 149  Reward:   0.100397  Wealth:    123053.28  Turnover: 0.2110  Gross: 1.3919  Gate: 0.7838
Episode 150  Reward:   0.044071  Wealth:    114976.84  Turnover: 0.1360  Gross: 1.3943  Gate: 0.7887
Episode    150  AvgReward:   0.111538  Noise: 0.1113
Episode 151  Reward:   0.153992  Wealth:    130949.60  Turnover: 0.1038  Gross: 1.4057  Gate: 0.8113
Episode 152  Reward:  -0.083407  Wealth:    100213.12  Turnover: 0.1533  Gross: 1.4022  Gate: 0.8044
Episode 153  Reward:   0.177494  Wealth:    136086.92  Turnover: 0.1883  Gross: 1.3940  Gate: 0.7881
Episode 154  Reward:   0.204164  Wealth:    140872.49  Turnover: 0.1718  Gross: 1.3867  Gate: 0.7733
Episode 155  Reward:   0.089105  Wealth:    121577.98  Turnover: 0.1530  Gross: 1.3849  Gate: 0.7698
Episode 156  Reward:  -0.176837  Wealth:     91827.67  Turnover: 0.1435  Gross: 1.3991  Gate: 0.7982
Episode 157  Reward:  -0.111071  Wealth:     97790.83  Turnover: 0.1625  Gross: 1.3966  Gate: 0.7933
Episode 158  Reward:   0.051461  Wealth:    116310.84  Turnover: 0.1566  Gross: 1.3821  Gate: 0.7643
Episode 159  Reward:  -0.001337  Wealth:    109434.23  Turnover: 0.1491  Gross: 1.3953  Gate: 0.7905
Episode 160  Reward:   0.267474  Wealth:    155697.15  Turnover: 0.1924  Gross: 1.3792  Gate: 0.7585
Episode    160  AvgReward:   0.057104  Noise: 0.1091
Episode 161  Reward:   0.387767  Wealth:    193107.35  Turnover: 0.2059  Gross: 1.3633  Gate: 0.7266
Episode 162  Reward:   0.105881  Wealth:    124929.33  Turnover: 0.1934  Gross: 1.3896  Gate: 0.7792
Episode 163  Reward:   0.103615  Wealth:    124616.26  Turnover: 0.2020  Gross: 1.3829  Gate: 0.7658
Episode 164  Reward:   0.274350  Wealth:    158451.05  Turnover: 0.2168  Gross: 1.3788  Gate: 0.7576
Episode 165  Reward:   0.100134  Wealth:    124235.85  Turnover: 0.2208  Gross: 1.3955  Gate: 0.7910
Episode 166  Reward:   0.061351  Wealth:    117927.35  Turnover: 0.2121  Gross: 1.3918  Gate: 0.7837
Episode 167  Reward:   0.080631  Wealth:    121298.61  Turnover: 0.2566  Gross: 1.3929  Gate: 0.7859
Episode 168  Reward:   0.155468  Wealth:    132528.28  Turnover: 0.2228  Gross: 1.3848  Gate: 0.7696
Episode 169  Reward:   0.157457  Wealth:    133696.14  Turnover: 0.2228  Gross: 1.3789  Gate: 0.7578
Episode 170  Reward:  -0.042018  Wealth:    105265.88  Turnover: 0.2416  Gross: 1.3941  Gate: 0.7883
Episode    170  AvgReward:   0.138464  Noise: 0.1069
Episode 171  Reward:   0.076086  Wealth:    121075.16  Turnover: 0.3529  Gross: 1.3695  Gate: 0.7389
Episode 172  Reward:   0.164655  Wealth:    135660.28  Turnover: 0.3445  Gross: 1.3587  Gate: 0.7174
Episode 173  Reward:   0.267966  Wealth:    157350.62  Turnover: 0.2525  Gross: 1.3587  Gate: 0.7175
Episode 174  Reward:   0.225492  Wealth:    148572.87  Turnover: 0.3236  Gross: 1.3386  Gate: 0.6773
Episode 175  Reward:  -0.007742  Wealth:    108356.02  Turnover: 0.3538  Gross: 1.3452  Gate: 0.6903
Episode 176  Reward:  -0.101855  Wealth:     98653.86  Turnover: 0.3461  Gross: 1.3743  Gate: 0.7487
Episode 177  Reward:  -0.038984  Wealth:    105907.18  Turnover: 0.3220  Gross: 1.4023  Gate: 0.8046
Episode 178  Reward:   0.351607  Wealth:    183785.91  Turnover: 0.2526  Gross: 1.3461  Gate: 0.6922
Episode 179  Reward:   0.175331  Wealth:    137727.80  Turnover: 0.3611  Gross: 1.3742  Gate: 0.7484
Episode 180  Reward:   0.127992  Wealth:    129219.12  Turnover: 0.3527  Gross: 1.3702  Gate: 0.7405
Episode    180  AvgReward:   0.124055  Noise: 0.1048
Episode 181  Reward:   0.162262  Wealth:    135758.44  Turnover: 0.3608  Gross: 1.3782  Gate: 0.7563
Episode 182  Reward:   0.118023  Wealth:    127514.71  Turnover: 0.3372  Gross: 1.4024  Gate: 0.8049
Episode 183  Reward:  -0.284887  Wealth:     83841.14  Turnover: 0.4402  Gross: 1.4014  Gate: 0.8029
Episode 184  Reward:   0.150211  Wealth:    132616.07  Turnover: 0.4185  Gross: 1.3886  Gate: 0.7772
Episode 185  Reward:   0.093029  Wealth:    123097.68  Turnover: 0.4950  Gross: 1.3802  Gate: 0.7605
Episode 186  Reward:   0.067375  Wealth:    119314.94  Turnover: 0.4942  Gross: 1.3903  Gate: 0.7805
Episode 187  Reward:   0.007077  Wealth:    111133.70  Turnover: 0.3945  Gross: 1.3844  Gate: 0.7688
Episode 188  Reward:   0.118010  Wealth:    127699.81  Turnover: 0.5184  Gross: 1.3759  Gate: 0.7518
Episode 189  Reward:   0.210234  Wealth:    144759.96  Turnover: 0.4241  Gross: 1.3685  Gate: 0.7370
Episode 190  Reward:   0.109201  Wealth:    123651.59  Turnover: 0.4394  Gross: 1.3565  Gate: 0.7131
Episode    190  AvgReward:   0.075053  Noise: 0.1027
Episode 191  Reward:  -0.031135  Wealth:    106531.92  Turnover: 0.4577  Gross: 1.3895  Gate: 0.7790
Episode 192  Reward:   0.218069  Wealth:    145579.66  Turnover: 0.4952  Gross: 1.3655  Gate: 0.7310
Episode 193  Reward:   0.199195  Wealth:    140648.68  Turnover: 0.4839  Gross: 1.3747  Gate: 0.7495
Episode 194  Reward:   0.154750  Wealth:    131478.94  Turnover: 0.4714  Gross: 1.3769  Gate: 0.7538
Episode 195  Reward:   0.038587  Wealth:    114767.95  Turnover: 0.5201  Gross: 1.3932  Gate: 0.7863
Episode 196  Reward:   0.150848  Wealth:    130251.94  Turnover: 0.4903  Gross: 1.3611  Gate: 0.7222
Episode 197  Reward:   0.024057  Wealth:    112108.57  Turnover: 0.5294  Gross: 1.3703  Gate: 0.7405
Episode 198  Reward:   0.197019  Wealth:    139427.75  Turnover: 0.6340  Gross: 1.3653  Gate: 0.7306
Episode 199  Reward:   0.113765  Wealth:    123359.21  Turnover: 0.4762  Gross: 1.3771  Gate: 0.7543
Episode 200  Reward:   0.162383  Wealth:    132066.83  Turnover: 0.3846  Gross: 1.3845  Gate: 0.7689
Episode    200  AvgReward:   0.122754  Noise: 0.1007
Episode 201  Reward:   0.153151  Wealth:    132196.24  Turnover: 0.5318  Gross: 1.3376  Gate: 0.6752
Episode 202  Reward:   0.187052  Wealth:    136819.54  Turnover: 0.6433  Gross: 1.3851  Gate: 0.7701
Episode 203  Reward:  -0.050239  Wealth:    102607.89  Turnover: 0.6593  Gross: 1.3895  Gate: 0.7790
Episode 204  Reward:  -0.220042  Wealth:     87238.19  Turnover: 0.4223  Gross: 1.3666  Gate: 0.7331
Episode 205  Reward:   0.053074  Wealth:    115078.32  Turnover: 0.5788  Gross: 1.3981  Gate: 0.7962
Episode 206  Reward:   0.159943  Wealth:    132930.24  Turnover: 0.6158  Gross: 1.3680  Gate: 0.7360
Episode 207  Reward:   0.286780  Wealth:    158438.15  Turnover: 0.5182  Gross: 1.3942  Gate: 0.7885
Episode 208  Reward:  -0.148577  Wealth:     93425.78  Turnover: 0.7373  Gross: 1.3617  Gate: 0.7233
Episode 209  Reward:   0.160358  Wealth:    133087.00  Turnover: 0.7389  Gross: 1.3835  Gate: 0.7669
Episode 210  Reward:   0.129100  Wealth:    127726.70  Turnover: 0.5608  Gross: 1.3830  Gate: 0.7659
Episode    210  AvgReward:   0.071060  Noise: 0.0987
Episode 211  Reward:   0.199810  Wealth:    137528.24  Turnover: 0.3781  Gross: 1.3762  Gate: 0.7523
Episode 212  Reward:   0.043083  Wealth:    113832.92  Turnover: 0.5432  Gross: 1.3860  Gate: 0.7720
Episode 213  Reward:   0.045934  Wealth:    112975.55  Turnover: 0.2711  Gross: 1.3977  Gate: 0.7954
Episode 214  Reward:   0.025848  Wealth:    111083.64  Turnover: 0.4417  Gross: 1.3601  Gate: 0.7202
Episode 215  Reward:   0.239839  Wealth:    146550.37  Turnover: 0.5011  Gross: 1.3928  Gate: 0.7855
Episode 216  Reward:   0.237442  Wealth:    144374.37  Turnover: 0.5367  Gross: 1.3553  Gate: 0.7107
Episode 217  Reward:   0.242899  Wealth:    146701.74  Turnover: 0.6175  Gross: 1.3922  Gate: 0.7843
Episode 218  Reward:   0.007640  Wealth:    109078.80  Turnover: 0.6512  Gross: 1.3990  Gate: 0.7981
Episode 219  Reward:   0.101378  Wealth:    123733.65  Turnover: 0.8412  Gross: 1.3773  Gate: 0.7546
Episode 220  Reward:   0.121016  Wealth:    126559.99  Turnover: 0.8447  Gross: 1.3817  Gate: 0.7634
Episode    220  AvgReward:   0.126489  Noise: 0.0968
Episode 221  Reward:   0.085858  Wealth:    119692.57  Turnover: 0.7148  Gross: 1.3992  Gate: 0.7984
Episode 222  Reward:   0.089145  Wealth:    121277.66  Turnover: 0.8300  Gross: 1.3809  Gate: 0.7619
Episode 223  Reward:   0.119394  Wealth:    127040.69  Turnover: 0.7895  Gross: 1.3656  Gate: 0.7313
Episode 224  Reward:   0.048635  Wealth:    113399.32  Turnover: 0.5086  Gross: 1.3570  Gate: 0.7140
Episode 225  Reward:   0.159707  Wealth:    132965.99  Turnover: 0.9047  Gross: 1.3824  Gate: 0.7647
Episode 226  Reward:   0.153358  Wealth:    130842.93  Turnover: 0.8351  Gross: 1.3959  Gate: 0.7919
Episode 227  Reward:   0.146772  Wealth:    129066.87  Turnover: 0.5936  Gross: 1.3939  Gate: 0.7877
Episode 228  Reward:   0.049003  Wealth:    115742.19  Turnover: 0.8935  Gross: 1.3906  Gate: 0.7811
Episode 229  Reward:   0.035399  Wealth:    112757.29  Turnover: 0.5235  Gross: 1.4020  Gate: 0.8041
Episode 230  Reward:   0.012452  Wealth:    110941.65  Turnover: 0.8777  Gross: 1.3699  Gate: 0.7398
Episode    230  AvgReward:   0.089972  Noise: 0.0948
Episode 231  Reward:   0.070912  Wealth:    116532.31  Turnover: 0.4636  Gross: 1.3823  Gate: 0.7646
Episode 232  Reward:   0.095475  Wealth:    120080.99  Turnover: 0.5188  Gross: 1.3904  Gate: 0.7808
Episode 233  Reward:   0.099791  Wealth:    121792.99  Turnover: 0.5481  Gross: 1.3929  Gate: 0.7858
Episode 234  Reward:   0.119709  Wealth:    124714.61  Turnover: 0.5484  Gross: 1.4062  Gate: 0.8124
Episode 235  Reward:   0.184853  Wealth:    136493.49  Turnover: 0.7952  Gross: 1.3900  Gate: 0.7800
Episode 236  Reward:   0.012276  Wealth:    109497.56  Turnover: 0.4929  Gross: 1.3886  Gate: 0.7771
Episode 237  Reward:  -0.154780  Wealth:     92555.92  Turnover: 0.6845  Gross: 1.4015  Gate: 0.8029
Episode 238  Reward:   0.138317  Wealth:    127953.43  Turnover: 0.5444  Gross: 1.4045  Gate: 0.8091
Episode 239  Reward:   0.105317  Wealth:    121945.23  Turnover: 0.3839  Gross: 1.4083  Gate: 0.8166
Episode 240  Reward:   0.054835  Wealth:    115878.47  Turnover: 0.7944  Gross: 1.3928  Gate: 0.7857
Episode    240  AvgReward:   0.072671  Noise: 0.0930
Episode 241  Reward:   0.221080  Wealth:    143194.42  Turnover: 0.8043  Gross: 1.3789  Gate: 0.7578
Episode 242  Reward:   0.286318  Wealth:    160562.69  Turnover: 0.9644  Gross: 1.3857  Gate: 0.7713
Episode 243  Reward:   0.329529  Wealth:    172792.53  Turnover: 1.0377  Gross: 1.3830  Gate: 0.7660
Episode 244  Reward:  -0.004545  Wealth:    108421.24  Turnover: 0.8927  Gross: 1.3903  Gate: 0.7805
Episode 245  Reward:   0.210347  Wealth:    142364.47  Turnover: 0.6718  Gross: 1.4023  Gate: 0.8046
Episode 246  Reward:   0.231698  Wealth:    146977.78  Turnover: 0.9707  Gross: 1.3992  Gate: 0.7985
Episode 247  Reward:   0.012136  Wealth:    110576.53  Turnover: 0.8123  Gross: 1.3782  Gate: 0.7564
Episode 248  Reward:   0.198019  Wealth:    139881.35  Turnover: 0.9505  Gross: 1.3748  Gate: 0.7496
Episode 249  Reward:   0.215458  Wealth:    143967.86  Turnover: 0.9423  Gross: 1.4119  Gate: 0.8238
Episode 250  Reward:  -0.094770  Wealth:     98867.01  Turnover: 1.0282  Gross: 1.3949  Gate: 0.7897
Episode    250  AvgReward:   0.160527  Noise: 0.0911
Episode 251  Reward:   0.189213  Wealth:    139087.86  Turnover: 0.7158  Gross: 1.3880  Gate: 0.7761
Episode 252  Reward:   0.217711  Wealth:    144567.83  Turnover: 0.7072  Gross: 1.3984  Gate: 0.7967
Episode 253  Reward:   0.226515  Wealth:    145824.45  Turnover: 0.8103  Gross: 1.3813  Gate: 0.7627
Episode 254  Reward:   0.056098  Wealth:    117982.72  Turnover: 0.6940  Gross: 1.4040  Gate: 0.8080
Episode 255  Reward:  -0.100959  Wealth:     98845.92  Turnover: 0.6459  Gross: 1.4067  Gate: 0.8134
Episode 256  Reward:  -0.115180  Wealth:     97610.51  Turnover: 1.2452  Gross: 1.4039  Gate: 0.8079
Episode 257  Reward:   0.037898  Wealth:    113877.65  Turnover: 0.5650  Gross: 1.3802  Gate: 0.7604
Episode 258  Reward:   0.095595  Wealth:    122989.47  Turnover: 0.8134  Gross: 1.3847  Gate: 0.7693
Episode 259  Reward:   0.079356  Wealth:    121302.30  Turnover: 0.9871  Gross: 1.3924  Gate: 0.7849
Episode 260  Reward:   0.077218  Wealth:    120124.20  Turnover: 0.9642  Gross: 1.3931  Gate: 0.7862
Episode    260  AvgReward:   0.076346  Noise: 0.0893
Episode 261  Reward:   0.056791  Wealth:    116974.91  Turnover: 0.6021  Gross: 1.3946  Gate: 0.7893
Episode 262  Reward:   0.048606  Wealth:    116186.32  Turnover: 0.8810  Gross: 1.4008  Gate: 0.8015
Episode 263  Reward:  -0.093779  Wealth:     98820.40  Turnover: 0.6436  Gross: 1.3792  Gate: 0.7584
Episode 264  Reward:  -0.222226  Wealth:     87647.90  Turnover: 0.4403  Gross: 1.3865  Gate: 0.7730
Episode 265  Reward:  -0.007821  Wealth:    109887.13  Turnover: 0.6055  Gross: 1.3879  Gate: 0.7759
Episode 266  Reward:   0.092049  Wealth:    122395.43  Turnover: 0.7522  Gross: 1.3989  Gate: 0.7977
Episode 267  Reward:   0.034483  Wealth:    113525.39  Turnover: 0.4543  Gross: 1.3934  Gate: 0.7867
Episode 268  Reward:   0.134559  Wealth:    129667.05  Turnover: 0.6749  Gross: 1.4012  Gate: 0.8024
Episode 269  Reward:  -0.009320  Wealth:    109192.62  Turnover: 0.7931  Gross: 1.3801  Gate: 0.7602
Episode 270  Reward:   0.084365  Wealth:    120367.02  Turnover: 0.5482  Gross: 1.3922  Gate: 0.7844
Episode    270  AvgReward:   0.011771  Noise: 0.0875
Episode 271  Reward:   0.177084  Wealth:    135957.03  Turnover: 0.5134  Gross: 1.3989  Gate: 0.7978
Episode 272  Reward:  -0.182092  Wealth:     91436.97  Turnover: 0.7083  Gross: 1.4069  Gate: 0.8139
Episode 273  Reward:   0.142993  Wealth:    131231.12  Turnover: 0.8605  Gross: 1.3987  Gate: 0.7974
Episode 274  Reward:   0.155352  Wealth:    133326.11  Turnover: 1.1033  Gross: 1.3996  Gate: 0.7992
Episode 275  Reward:  -0.061918  Wealth:    102916.52  Turnover: 0.6965  Gross: 1.3862  Gate: 0.7725
Episode 276  Reward:   0.112609  Wealth:    125842.06  Turnover: 0.5331  Gross: 1.4029  Gate: 0.8057
Episode 277  Reward:   0.188381  Wealth:    140708.38  Turnover: 1.0554  Gross: 1.3805  Gate: 0.7610
Episode 278  Reward:   0.193568  Wealth:    140109.66  Turnover: 0.6160  Gross: 1.3964  Gate: 0.7928
Episode 279  Reward:  -0.099482  Wealth:     98783.90  Turnover: 0.5402  Gross: 1.3838  Gate: 0.7676
Episode 280  Reward:   0.072239  Wealth:    118447.17  Turnover: 0.5406  Gross: 1.3968  Gate: 0.7936
Episode    280  AvgReward:   0.069873  Noise: 0.0858
Episode 281  Reward:   0.214546  Wealth:    143935.00  Turnover: 0.9237  Gross: 1.3890  Gate: 0.7781
Episode 282  Reward:   0.204682  Wealth:    142541.83  Turnover: 0.9119  Gross: 1.3831  Gate: 0.7662
Episode 283  Reward:   0.154553  Wealth:    133099.50  Turnover: 0.7198  Gross: 1.3960  Gate: 0.7920
Episode 284  Reward:   0.026844  Wealth:    112097.34  Turnover: 0.3569  Gross: 1.4059  Gate: 0.8119
Episode 285  Reward:   0.055639  Wealth:    116970.92  Turnover: 1.0169  Gross: 1.3872  Gate: 0.7745
Episode 286  Reward:   0.226975  Wealth:    144563.29  Turnover: 0.4464  Gross: 1.3842  Gate: 0.7684
Episode 287  Reward:   0.172199  Wealth:    134724.73  Turnover: 0.8015  Gross: 1.4001  Gate: 0.8003
Episode 288  Reward:   0.013329  Wealth:    110880.43  Turnover: 1.1863  Gross: 1.3848  Gate: 0.7695
Episode 289  Reward:   0.240633  Wealth:    148582.61  Turnover: 0.5943  Gross: 1.3722  Gate: 0.7444
Episode 290  Reward:   0.013374  Wealth:    110255.67  Turnover: 0.8229  Gross: 1.3987  Gate: 0.7975
Episode    290  AvgReward:   0.132277  Noise: 0.0841
Episode 291  Reward:   0.090065  Wealth:    120289.48  Turnover: 0.3051  Gross: 1.4035  Gate: 0.8070
Episode 292  Reward:  -0.008138  Wealth:    108178.60  Turnover: 0.7197  Gross: 1.4020  Gate: 0.8040
Episode 293  Reward:   0.034487  Wealth:    113304.84  Turnover: 0.7111  Gross: 1.4005  Gate: 0.8010
Episode 294  Reward:   0.111402  Wealth:    126132.35  Turnover: 0.7161  Gross: 1.3898  Gate: 0.7796
Episode 295  Reward:   0.220338  Wealth:    146040.26  Turnover: 0.7000  Gross: 1.3824  Gate: 0.7648
Episode 296  Reward:   0.068721  Wealth:    116605.88  Turnover: 0.4502  Gross: 1.3808  Gate: 0.7617
Episode 297  Reward:   0.084281  Wealth:    119970.85  Turnover: 0.5840  Gross: 1.4005  Gate: 0.8009
Episode 298  Reward:   0.170114  Wealth:    134521.43  Turnover: 0.6493  Gross: 1.3941  Gate: 0.7882
Episode 299  Reward:   0.073309  Wealth:    118357.06  Turnover: 0.6390  Gross: 1.3979  Gate: 0.7957
Episode 300  Reward:   0.087208  Wealth:    121742.99  Turnover: 0.5042  Gross: 1.3934  Gate: 0.7867
Episode    300  AvgReward:   0.093179  Noise: 0.0824
Episode 301  Reward:   0.032437  Wealth:    112922.06  Turnover: 0.6060  Gross: 1.3924  Gate: 0.7848
Episode 302  Reward:   0.313451  Wealth:    166966.30  Turnover: 0.8764  Gross: 1.3860  Gate: 0.7720
Episode 303  Reward:   0.183409  Wealth:    137426.72  Turnover: 0.6181  Gross: 1.3859  Gate: 0.7719
Episode 304  Reward:   0.088099  Wealth:    121073.58  Turnover: 0.9207  Gross: 1.4077  Gate: 0.8154
Episode 305  Reward:   0.028396  Wealth:    112636.11  Turnover: 0.8280  Gross: 1.3904  Gate: 0.7809
Episode 306  Reward:  -0.040098  Wealth:    104645.36  Turnover: 0.4720  Gross: 1.4065  Gate: 0.8129
Episode 307  Reward:   0.113938  Wealth:    124563.46  Turnover: 0.7166  Gross: 1.3959  Gate: 0.7918
Episode 308  Reward:   0.025445  Wealth:    111884.72  Turnover: 0.5326  Gross: 1.3922  Gate: 0.7843
Episode 309  Reward:   0.258867  Wealth:    151752.40  Turnover: 0.7095  Gross: 1.3901  Gate: 0.7803
Episode 310  Reward:  -0.006781  Wealth:    108377.24  Turnover: 0.5365  Gross: 1.4038  Gate: 0.8076
Episode    310  AvgReward:   0.099716  Noise: 0.0808
Episode 311  Reward:   0.114828  Wealth:    124842.86  Turnover: 1.0083  Gross: 1.4016  Gate: 0.8033
Episode 312  Reward:  -0.126426  Wealth:     96152.36  Turnover: 0.8985  Gross: 1.4066  Gate: 0.8133
Episode 313  Reward:   0.194666  Wealth:    139125.76  Turnover: 0.6030  Gross: 1.3957  Gate: 0.7914
Episode 314  Reward:   0.070178  Wealth:    118486.01  Turnover: 0.3014  Gross: 1.3998  Gate: 0.7997
Episode 315  Reward:   0.084333  Wealth:    120132.57  Turnover: 0.7266  Gross: 1.3900  Gate: 0.7799
Episode 316  Reward:   0.065011  Wealth:    116630.03  Turnover: 0.5824  Gross: 1.4018  Gate: 0.8037
Episode 317  Reward:   0.295587  Wealth:    160922.35  Turnover: 0.5048  Gross: 1.4026  Gate: 0.8052
Episode 318  Reward:   0.141930  Wealth:    128835.26  Turnover: 0.9935  Gross: 1.3921  Gate: 0.7843
Episode 319  Reward:   0.112267  Wealth:    123723.14  Turnover: 0.7003  Gross: 1.4030  Gate: 0.8059
Episode 320  Reward:  -0.007435  Wealth:    108032.88  Turnover: 0.8183  Gross: 1.3711  Gate: 0.7422
Episode    320  AvgReward:   0.094494  Noise: 0.0792
Episode 321  Reward:   0.353654  Wealth:    177155.24  Turnover: 0.6790  Gross: 1.3810  Gate: 0.7621
Episode 322  Reward:   0.015005  Wealth:    110216.73  Turnover: 0.6705  Gross: 1.4047  Gate: 0.8093
Episode 323  Reward:  -0.051619  Wealth:    102232.60  Turnover: 0.3686  Gross: 1.4047  Gate: 0.8095
Episode 324  Reward:   0.117430  Wealth:    124428.96  Turnover: 0.7180  Gross: 1.3833  Gate: 0.7666
Episode 325  Reward:   0.210352  Wealth:    139761.62  Turnover: 0.6054  Gross: 1.3800  Gate: 0.7600
Episode 326  Reward:   0.094060  Wealth:    120983.06  Turnover: 0.6627  Gross: 1.4042  Gate: 0.8084
Episode 327  Reward:   0.144839  Wealth:    128718.54  Turnover: 0.5292  Gross: 1.3844  Gate: 0.7688
Episode 328  Reward:   0.026730  Wealth:    111919.50  Turnover: 0.9285  Gross: 1.3979  Gate: 0.7958
Episode 329  Reward:  -0.098881  Wealth:     97524.83  Turnover: 0.9740  Gross: 1.3880  Gate: 0.7761
Episode 330  Reward:   0.224216  Wealth:    143422.59  Turnover: 0.6325  Gross: 1.3981  Gate: 0.7963
Episode    330  AvgReward:   0.103579  Noise: 0.0776
Episode 331  Reward:   0.137270  Wealth:    127493.93  Turnover: 0.5554  Gross: 1.3965  Gate: 0.7930
Episode 332  Reward:   0.068530  Wealth:    117576.73  Turnover: 0.8229  Gross: 1.3939  Gate: 0.7879
Episode 333  Reward:   0.232756  Wealth:    145783.49  Turnover: 0.8194  Gross: 1.4065  Gate: 0.8129
Episode 334  Reward:   0.169223  Wealth:    133541.32  Turnover: 0.5994  Gross: 1.4005  Gate: 0.8010
Episode 335  Reward:  -0.188784  Wealth:     90625.66  Turnover: 0.6377  Gross: 1.4087  Gate: 0.8173
Episode 336  Reward:   0.086424  Wealth:    120025.65  Turnover: 0.7999  Gross: 1.3821  Gate: 0.7642
Episode 337  Reward:   0.097861  Wealth:    122309.62  Turnover: 0.9195  Gross: 1.4042  Gate: 0.8085
Episode 338  Reward:   0.233215  Wealth:    146074.27  Turnover: 0.4723  Gross: 1.4004  Gate: 0.8009
Episode 339  Reward:   0.418610  Wealth:    200116.39  Turnover: 0.4891  Gross: 1.3816  Gate: 0.7632
Episode 340  Reward:   0.056627  Wealth:    116327.97  Turnover: 0.5677  Gross: 1.4029  Gate: 0.8057
Episode    340  AvgReward:   0.131173  Noise: 0.0761
Episode 341  Reward:   0.226897  Wealth:    144039.42  Turnover: 0.7984  Gross: 1.3944  Gate: 0.7888
Episode 342  Reward:   0.141664  Wealth:    128266.50  Turnover: 0.6290  Gross: 1.4002  Gate: 0.8004
Episode 343  Reward:   0.077716  Wealth:    119597.06  Turnover: 0.6831  Gross: 1.4043  Gate: 0.8086
Episode 344  Reward:  -0.073873  Wealth:    100805.07  Turnover: 0.4174  Gross: 1.4014  Gate: 0.8028
Episode 345  Reward:   0.021098  Wealth:    111612.20  Turnover: 0.7316  Gross: 1.4028  Gate: 0.8056
Episode 346  Reward:  -0.011870  Wealth:    107338.75  Turnover: 0.9223  Gross: 1.3953  Gate: 0.7905
Episode 347  Reward:   0.139492  Wealth:    127327.98  Turnover: 0.7181  Gross: 1.4007  Gate: 0.8015
Episode 348  Reward:   0.010677  Wealth:    109535.22  Turnover: 0.7663  Gross: 1.3828  Gate: 0.7656
Episode 349  Reward:   0.348322  Wealth:    174657.28  Turnover: 0.7810  Gross: 1.3843  Gate: 0.7686
Episode 350  Reward:   0.082561  Wealth:    120024.28  Turnover: 0.4897  Gross: 1.3998  Gate: 0.7995
Episode    350  AvgReward:   0.096268  Noise: 0.0746
Episode 351  Reward:   0.082826  Wealth:    119500.04  Turnover: 0.3856  Gross: 1.4050  Gate: 0.8100
Episode 352  Reward:  -0.108372  Wealth:     97063.38  Turnover: 0.5302  Gross: 1.3906  Gate: 0.7813
Episode 353  Reward:   0.254427  Wealth:    149668.59  Turnover: 0.7920  Gross: 1.3933  Gate: 0.7867
Episode 354  Reward:  -0.271791  Wealth:     83413.40  Turnover: 0.7984  Gross: 1.3800  Gate: 0.7601
Episode 355  Reward:   0.249349  Wealth:    148071.11  Turnover: 0.4616  Gross: 1.3966  Gate: 0.7933
Episode 356  Reward:   0.240877  Wealth:    149120.38  Turnover: 0.9344  Gross: 1.3908  Gate: 0.7817
Episode 357  Reward:  -0.319710  Wealth:     80667.36  Turnover: 0.7003  Gross: 1.4083  Gate: 0.8165
Episode 358  Reward:  -0.031718  Wealth:    104305.86  Turnover: 0.4777  Gross: 1.4014  Gate: 0.8027
Episode 359  Reward:  -0.041456  Wealth:    103700.63  Turnover: 0.5198  Gross: 1.4101  Gate: 0.8202
Episode 360  Reward:   0.232772  Wealth:    144730.78  Turnover: 0.7579  Gross: 1.3965  Gate: 0.7929
Episode    360  AvgReward:   0.028720  Noise: 0.0731
Episode 361  Reward:   0.250908  Wealth:    149751.95  Turnover: 0.8771  Gross: 1.3911  Gate: 0.7822
Episode 362  Reward:   0.227507  Wealth:    144508.52  Turnover: 0.6571  Gross: 1.3903  Gate: 0.7807
Episode 363  Reward:   0.216449  Wealth:    143448.87  Turnover: 0.9939  Gross: 1.3898  Gate: 0.7797
Episode 364  Reward:   0.069130  Wealth:    117501.46  Turnover: 0.6488  Gross: 1.3884  Gate: 0.7769
Episode 365  Reward:   0.186112  Wealth:    137600.54  Turnover: 0.6868  Gross: 1.3932  Gate: 0.7864
Episode 366  Reward:   0.137081  Wealth:    128444.33  Turnover: 0.6430  Gross: 1.4010  Gate: 0.8019
Episode 367  Reward:   0.139170  Wealth:    127442.64  Turnover: 0.5116  Gross: 1.3977  Gate: 0.7955
Episode 368  Reward:  -0.220819  Wealth:     87651.86  Turnover: 0.5276  Gross: 1.3981  Gate: 0.7962
Episode 369  Reward:   0.388450  Wealth:    191564.88  Turnover: 0.7625  Gross: 1.3827  Gate: 0.7653
Episode 370  Reward:   0.077470  Wealth:    118457.87  Turnover: 0.8315  Gross: 1.3730  Gate: 0.7460
Episode    370  AvgReward:   0.147146  Noise: 0.0717
Episode 371  Reward:   0.289766  Wealth:    161356.41  Turnover: 0.7276  Gross: 1.3832  Gate: 0.7664
Episode 372  Reward:   0.268180  Wealth:    156399.39  Turnover: 0.8149  Gross: 1.3926  Gate: 0.7852
Episode 373  Reward:   0.144528  Wealth:    128566.58  Turnover: 0.6492  Gross: 1.4026  Gate: 0.8053
Episode 374  Reward:   0.156479  Wealth:    132681.36  Turnover: 0.8577  Gross: 1.3950  Gate: 0.7899
Episode 375  Reward:   0.195304  Wealth:    138710.80  Turnover: 0.8077  Gross: 1.3969  Gate: 0.7938
Episode 376  Reward:  -0.057657  Wealth:    103422.21  Turnover: 0.8132  Gross: 1.3849  Gate: 0.7698
Episode 377  Reward:  -0.020582  Wealth:    106661.09  Turnover: 0.8301  Gross: 1.3967  Gate: 0.7934
Episode 378  Reward:   0.165592  Wealth:    133725.26  Turnover: 0.9462  Gross: 1.3768  Gate: 0.7536
Episode 379  Reward:   0.310679  Wealth:    166626.84  Turnover: 0.8513  Gross: 1.4004  Gate: 0.8009
Episode 380  Reward:   0.010331  Wealth:    110762.88  Turnover: 0.8247  Gross: 1.3897  Gate: 0.7794
Episode    380  AvgReward:   0.146262  Noise: 0.0702
Episode 381  Reward:  -0.074990  Wealth:    100546.70  Turnover: 0.8324  Gross: 1.4054  Gate: 0.8108
Episode 382  Reward:  -0.090959  Wealth:    100359.64  Turnover: 0.8157  Gross: 1.3932  Gate: 0.7865
Episode 383  Reward:  -0.011820  Wealth:    107470.61  Turnover: 1.1305  Gross: 1.3987  Gate: 0.7975
Episode 384  Reward:   0.071771  Wealth:    119320.82  Turnover: 0.7361  Gross: 1.3936  Gate: 0.7872
Episode 385  Reward:   0.219860  Wealth:    145720.76  Turnover: 0.7436  Gross: 1.3970  Gate: 0.7940
Episode 386  Reward:  -0.050143  Wealth:    103038.50  Turnover: 0.8054  Gross: 1.3947  Gate: 0.7894
Episode 387  Reward:   0.206989  Wealth:    142013.46  Turnover: 0.8738  Gross: 1.4012  Gate: 0.8023
Episode 388  Reward:   0.045831  Wealth:    116568.17  Turnover: 0.7484  Gross: 1.3964  Gate: 0.7929
Episode 389  Reward:  -0.067316  Wealth:    102106.62  Turnover: 0.4955  Gross: 1.4000  Gate: 0.8000
Episode 390  Reward:   0.342425  Wealth:    174842.83  Turnover: 1.0151  Gross: 1.3937  Gate: 0.7875
Episode    390  AvgReward:   0.059165  Noise: 0.0688
Episode 391  Reward:   0.083955  Wealth:    120455.06  Turnover: 0.5230  Gross: 1.3983  Gate: 0.7967
Episode 392  Reward:   0.293901  Wealth:    161748.77  Turnover: 1.0087  Gross: 1.3962  Gate: 0.7923
Episode 393  Reward:   0.265545  Wealth:    155012.27  Turnover: 0.9690  Gross: 1.3913  Gate: 0.7827
Episode 394  Reward:  -0.463594  Wealth:     72770.61  Turnover: 0.6395  Gross: 1.3995  Gate: 0.7990
Episode 395  Reward:   0.152659  Wealth:    131324.64  Turnover: 0.7167  Gross: 1.3996  Gate: 0.7993
Episode 396  Reward:  -0.059130  Wealth:    102508.11  Turnover: 0.6929  Gross: 1.3985  Gate: 0.7970
Episode 397  Reward:   0.144557  Wealth:    131093.16  Turnover: 0.8228  Gross: 1.4043  Gate: 0.8087
Episode 398  Reward:   0.221774  Wealth:    144902.37  Turnover: 0.6852  Gross: 1.3918  Gate: 0.7836
Episode 399  Reward:   0.123480  Wealth:    125638.10  Turnover: 0.9628  Gross: 1.4103  Gate: 0.8205
Episode 400  Reward:   0.074551  Wealth:    117791.22  Turnover: 0.8228  Gross: 1.3963  Gate: 0.7926
Episode    400  AvgReward:   0.083770  Noise: 0.0675
Episode 401  Reward:   0.095750  Wealth:    123217.74  Turnover: 0.6658  Gross: 1.3920  Gate: 0.7840
Episode 402  Reward:  -0.105340  Wealth:     97913.47  Turnover: 0.8199  Gross: 1.3920  Gate: 0.7840
Episode 403  Reward:   0.235073  Wealth:    147712.69  Turnover: 0.9371  Gross: 1.3849  Gate: 0.7699
Episode 404  Reward:  -0.126129  Wealth:     96351.50  Turnover: 0.6666  Gross: 1.3903  Gate: 0.7807
Episode 405  Reward:  -0.025271  Wealth:    106449.96  Turnover: 0.7159  Gross: 1.4013  Gate: 0.8026
Episode 406  Reward:   0.198274  Wealth:    138502.56  Turnover: 0.5809  Gross: 1.3859  Gate: 0.7718
Episode 407  Reward:   0.184747  Wealth:    138864.92  Turnover: 0.6135  Gross: 1.3814  Gate: 0.7627
Episode 408  Reward:   0.093987  Wealth:    121644.01  Turnover: 0.6858  Gross: 1.3963  Gate: 0.7926
Episode 409  Reward:   0.094233  Wealth:    121587.74  Turnover: 0.8513  Gross: 1.4016  Gate: 0.8032
Episode 410  Reward:   0.134319  Wealth:    127207.75  Turnover: 0.6515  Gross: 1.3917  Gate: 0.7834
Episode    410  AvgReward:   0.077964  Noise: 0.0661
Episode 411  Reward:   0.150128  Wealth:    129932.34  Turnover: 0.7750  Gross: 1.3831  Gate: 0.7662
Episode 412  Reward:   0.205063  Wealth:    142869.48  Turnover: 1.2162  Gross: 1.4017  Gate: 0.8033
Episode 413  Reward:   0.089324  Wealth:    122544.80  Turnover: 0.8560  Gross: 1.3978  Gate: 0.7956
Episode 414  Reward:   0.290851  Wealth:    159281.03  Turnover: 0.7843  Gross: 1.4022  Gate: 0.8044
Episode 415  Reward:   0.196871  Wealth:    140199.72  Turnover: 0.9040  Gross: 1.3945  Gate: 0.7889
Episode 416  Reward:   0.287994  Wealth:    164379.42  Turnover: 0.6995  Gross: 1.3848  Gate: 0.7696
Episode 417  Reward:   0.240622  Wealth:    150131.62  Turnover: 0.8271  Gross: 1.3899  Gate: 0.7797
Episode 418  Reward:  -0.070749  Wealth:    102074.58  Turnover: 0.7640  Gross: 1.3930  Gate: 0.7861
Episode 419  Reward:   0.247875  Wealth:    150864.63  Turnover: 0.7458  Gross: 1.3997  Gate: 0.7993
Episode 420  Reward:   0.298690  Wealth:    164106.85  Turnover: 0.8260  Gross: 1.3970  Gate: 0.7940
Episode    420  AvgReward:   0.193667  Noise: 0.0648
Episode 421  Reward:  -0.069666  Wealth:    101981.14  Turnover: 0.8556  Gross: 1.4026  Gate: 0.8052
Episode 422  Reward:   0.040054  Wealth:    113050.10  Turnover: 0.6876  Gross: 1.4042  Gate: 0.8085
Episode 423  Reward:  -0.037030  Wealth:    105475.69  Turnover: 0.7208  Gross: 1.3936  Gate: 0.7872
Episode 424  Reward:   0.208856  Wealth:    141936.72  Turnover: 0.5593  Gross: 1.3883  Gate: 0.7766
Episode 425  Reward:   0.304335  Wealth:    164943.58  Turnover: 0.7787  Gross: 1.3915  Gate: 0.7829
Episode 426  Reward:   0.210444  Wealth:    140826.39  Turnover: 0.6151  Gross: 1.3762  Gate: 0.7523
Episode 427  Reward:  -0.021404  Wealth:    107496.60  Turnover: 0.9725  Gross: 1.4096  Gate: 0.8192
Episode 428  Reward:   0.102513  Wealth:    123163.72  Turnover: 0.7654  Gross: 1.4071  Gate: 0.8142
Episode 429  Reward:  -0.072592  Wealth:    101254.06  Turnover: 0.8295  Gross: 1.3916  Gate: 0.7833
Episode 430  Reward:   0.059418  Wealth:    118349.46  Turnover: 1.1017  Gross: 1.3789  Gate: 0.7577
Episode    430  AvgReward:   0.072493  Noise: 0.0635
Episode 431  Reward:   0.036822  Wealth:    113136.48  Turnover: 0.8478  Gross: 1.4031  Gate: 0.8062
Episode 432  Reward:  -0.115627  Wealth:     97414.62  Turnover: 0.8140  Gross: 1.3989  Gate: 0.7978
Episode 433  Reward:   0.043402  Wealth:    117500.86  Turnover: 0.9287  Gross: 1.3866  Gate: 0.7731
Episode 434  Reward:   0.159786  Wealth:    131861.90  Turnover: 0.8752  Gross: 1.3933  Gate: 0.7867
Episode 435  Reward:   0.144085  Wealth:    130759.80  Turnover: 0.7424  Gross: 1.3979  Gate: 0.7959
Episode 436  Reward:   0.163189  Wealth:    134393.61  Turnover: 1.1120  Gross: 1.4031  Gate: 0.8061
Episode 437  Reward:   0.188761  Wealth:    140699.01  Turnover: 0.9457  Gross: 1.4014  Gate: 0.8027
Episode 438  Reward:   0.162314  Wealth:    136805.06  Turnover: 0.6872  Gross: 1.3869  Gate: 0.7739
Episode 439  Reward:   0.106149  Wealth:    126146.32  Turnover: 1.0581  Gross: 1.4005  Gate: 0.8010
Episode 440  Reward:  -0.045469  Wealth:    105054.12  Turnover: 0.9192  Gross: 1.3941  Gate: 0.7882
Episode    440  AvgReward:   0.084341  Noise: 0.0623
Episode 441  Reward:   0.327049  Wealth:    172604.85  Turnover: 0.9162  Gross: 1.3916  Gate: 0.7833
Episode 442  Reward:   0.074627  Wealth:    118191.55  Turnover: 0.8018  Gross: 1.3898  Gate: 0.7796
Episode 443  Reward:   0.237848  Wealth:    145991.43  Turnover: 0.7042  Gross: 1.4032  Gate: 0.8063
Episode 444  Reward:   0.148745  Wealth:    133216.11  Turnover: 0.9589  Gross: 1.4085  Gate: 0.8169
Episode 445  Reward:   0.012583  Wealth:    109564.94  Turnover: 0.7862  Gross: 1.3902  Gate: 0.7805
Episode 446  Reward:   0.209058  Wealth:    144853.94  Turnover: 0.9171  Gross: 1.3978  Gate: 0.7955
Episode 447  Reward:   0.303278  Wealth:    165320.05  Turnover: 0.8176  Gross: 1.3875  Gate: 0.7750
Episode 448  Reward:   0.036787  Wealth:    113760.40  Turnover: 0.6136  Gross: 1.3936  Gate: 0.7871
Episode 449  Reward:   0.180473  Wealth:    137168.10  Turnover: 0.8081  Gross: 1.3980  Gate: 0.7960
Episode 450  Reward:   0.039573  Wealth:    116439.12  Turnover: 0.7380  Gross: 1.3953  Gate: 0.7906
Episode    450  AvgReward:   0.157002  Noise: 0.0611
Episode 451  Reward:   0.013456  Wealth:    110153.61  Turnover: 0.7833  Gross: 1.3976  Gate: 0.7953
Episode 452  Reward:  -0.141714  Wealth:     94267.70  Turnover: 0.4839  Gross: 1.3911  Gate: 0.7821
Episode 453  Reward:  -0.045908  Wealth:    104284.93  Turnover: 1.1140  Gross: 1.4008  Gate: 0.8016
Episode 454  Reward:   0.073255  Wealth:    120929.47  Turnover: 0.6849  Gross: 1.3914  Gate: 0.7828
Episode 455  Reward:   0.185808  Wealth:    136829.89  Turnover: 0.6025  Gross: 1.3932  Gate: 0.7863
Episode 456  Reward:   0.185093  Wealth:    133711.69  Turnover: 0.7420  Gross: 1.3888  Gate: 0.7776
Episode 457  Reward:   0.224797  Wealth:    144224.70  Turnover: 0.9125  Gross: 1.3997  Gate: 0.7993
Episode 458  Reward:   0.335744  Wealth:    179810.69  Turnover: 0.7035  Gross: 1.3716  Gate: 0.7431
Episode 459  Reward:   0.134705  Wealth:    126205.93  Turnover: 0.9231  Gross: 1.3904  Gate: 0.7808
Episode 460  Reward:   0.144765  Wealth:    130454.11  Turnover: 0.8440  Gross: 1.4053  Gate: 0.8105
Episode    460  AvgReward:   0.111000  Noise: 0.0598
Episode 461  Reward:   0.193508  Wealth:    139635.78  Turnover: 0.7681  Gross: 1.4004  Gate: 0.8007
Episode 462  Reward:   0.352479  Wealth:    172249.92  Turnover: 0.6470  Gross: 1.3953  Gate: 0.7905
Episode 463  Reward:   0.124188  Wealth:    124600.16  Turnover: 0.7531  Gross: 1.4022  Gate: 0.8043
Episode 464  Reward:   0.233956  Wealth:    148629.50  Turnover: 0.6778  Gross: 1.3916  Gate: 0.7832
Episode 465  Reward:  -0.098937  Wealth:     98999.27  Turnover: 0.8448  Gross: 1.3965  Gate: 0.7931
Episode 466  Reward:  -0.037880  Wealth:    105518.67  Turnover: 0.5723  Gross: 1.3973  Gate: 0.7946
Episode 467  Reward:   0.095818  Wealth:    120133.39  Turnover: 0.6893  Gross: 1.4002  Gate: 0.8003
Episode 468  Reward:   0.119132  Wealth:    123071.28  Turnover: 0.4267  Gross: 1.3935  Gate: 0.7870
Episode 469  Reward:  -0.131474  Wealth:     95248.21  Turnover: 1.0240  Gross: 1.4057  Gate: 0.8115
Episode 470  Reward:   0.037322  Wealth:    114044.41  Turnover: 0.7789  Gross: 1.4001  Gate: 0.8001
Episode    470  AvgReward:   0.088811  Noise: 0.0587
Episode 471  Reward:  -0.075398  Wealth:    100843.28  Turnover: 0.6995  Gross: 1.4060  Gate: 0.8121
Episode 472  Reward:   0.350343  Wealth:    173998.09  Turnover: 0.5945  Gross: 1.4021  Gate: 0.8043
Episode 473  Reward:   0.150309  Wealth:    129506.18  Turnover: 0.7862  Gross: 1.3989  Gate: 0.7979
Episode 474  Reward:   0.230636  Wealth:    145139.71  Turnover: 1.0393  Gross: 1.4006  Gate: 0.8012
Episode 475  Reward:   0.101036  Wealth:    120816.21  Turnover: 0.8030  Gross: 1.3971  Gate: 0.7942
Episode 476  Reward:   0.033184  Wealth:    110438.65  Turnover: 0.6233  Gross: 1.3972  Gate: 0.7943
Episode 477  Reward:   0.018952  Wealth:    110175.36  Turnover: 0.8860  Gross: 1.3974  Gate: 0.7948
Episode 478  Reward:   0.103087  Wealth:    121615.72  Turnover: 0.6762  Gross: 1.3891  Gate: 0.7782
Episode 479  Reward:  -0.038915  Wealth:    103759.98  Turnover: 0.7678  Gross: 1.3987  Gate: 0.7973
Episode 480  Reward:   0.234476  Wealth:    143787.29  Turnover: 0.8263  Gross: 1.4062  Gate: 0.8124
Episode    480  AvgReward:   0.110771  Noise: 0.0575
Episode 481  Reward:   0.123065  Wealth:    123298.30  Turnover: 0.3881  Gross: 1.3960  Gate: 0.7921
Episode 482  Reward:   0.157747  Wealth:    132333.99  Turnover: 0.9347  Gross: 1.4052  Gate: 0.8103
Episode 483  Reward:   0.066017  Wealth:    117692.64  Turnover: 0.9957  Gross: 1.4023  Gate: 0.8046
Episode 484  Reward:   0.176002  Wealth:    133049.50  Turnover: 0.6418  Gross: 1.3935  Gate: 0.7869
Episode 485  Reward:   0.085740  Wealth:    117511.95  Turnover: 0.4136  Gross: 1.4070  Gate: 0.8139
Episode 486  Reward:   0.060997  Wealth:    114314.49  Turnover: 0.5635  Gross: 1.3993  Gate: 0.7986
Episode 487  Reward:   0.038261  Wealth:    112915.41  Turnover: 0.4699  Gross: 1.4036  Gate: 0.8073
Episode 488  Reward:   0.146093  Wealth:    131619.12  Turnover: 0.3338  Gross: 1.3839  Gate: 0.7679
Episode 489  Reward:   0.319429  Wealth:    167411.43  Turnover: 0.6640  Gross: 1.4006  Gate: 0.8012
Episode 490  Reward:   0.258571  Wealth:    151183.22  Turnover: 0.6745  Gross: 1.3906  Gate: 0.7813
Episode    490  AvgReward:   0.143192  Noise: 0.0564
Episode 491  Reward:   0.275636  Wealth:    154807.29  Turnover: 0.7057  Gross: 1.4011  Gate: 0.8023
Episode 492  Reward:   0.242464  Wealth:    144550.68  Turnover: 0.5618  Gross: 1.4015  Gate: 0.8031
Episode 493  Reward:   0.043688  Wealth:    113838.73  Turnover: 1.0334  Gross: 1.3892  Gate: 0.7784
Episode 494  Reward:  -0.023942  Wealth:    104541.63  Turnover: 0.6758  Gross: 1.4053  Gate: 0.8107
Episode 495  Reward:   0.073953  Wealth:    118739.97  Turnover: 1.0202  Gross: 1.3986  Gate: 0.7971
Episode 496  Reward:   0.126794  Wealth:    125672.31  Turnover: 0.8981  Gross: 1.3974  Gate: 0.7948
Episode 497  Reward:  -0.007889  Wealth:    111133.91  Turnover: 0.8218  Gross: 1.3961  Gate: 0.7922
Episode 498  Reward:   0.042797  Wealth:    112094.37  Turnover: 0.6073  Gross: 1.4066  Gate: 0.8133
Episode 499  Reward:   0.270062  Wealth:    151982.63  Turnover: 0.6316  Gross: 1.4033  Gate: 0.8066
Episode 500  Reward:   0.006472  Wealth:    109314.80  Turnover: 0.6569  Gross: 1.3997  Gate: 0.7994
Episode    500  AvgReward:   0.105004  Noise: 0.0552
Episode 501  Reward:   0.121786  Wealth:    123845.58  Turnover: 0.6475  Gross: 1.3974  Gate: 0.7949
Episode 502  Reward:   0.046145  Wealth:    113561.03  Turnover: 0.9159  Gross: 1.3887  Gate: 0.7774
Episode 503  Reward:   0.097249  Wealth:    120422.46  Turnover: 0.6954  Gross: 1.3971  Gate: 0.7942
Episode 504  Reward:   0.154710  Wealth:    130179.32  Turnover: 0.7788  Gross: 1.3948  Gate: 0.7895
Episode 505  Reward:   0.054482  Wealth:    116097.81  Turnover: 0.8654  Gross: 1.3809  Gate: 0.7619
Episode 506  Reward:   0.320822  Wealth:    174757.59  Turnover: 0.8411  Gross: 1.3888  Gate: 0.7776
Episode 507  Reward:   0.215644  Wealth:    146028.88  Turnover: 0.9280  Gross: 1.3792  Gate: 0.7583
Episode 508  Reward:   0.095155  Wealth:    121494.21  Turnover: 0.5700  Gross: 1.4045  Gate: 0.8090
Episode 509  Reward:   0.067455  Wealth:    115471.06  Turnover: 0.5325  Gross: 1.4018  Gate: 0.8037
Episode 510  Reward:   0.093885  Wealth:    120602.84  Turnover: 0.7139  Gross: 1.4073  Gate: 0.8147
Episode    510  AvgReward:   0.126733  Noise: 0.0541
Episode 511  Reward:  -0.135887  Wealth:     95650.69  Turnover: 1.0607  Gross: 1.3936  Gate: 0.7872
Episode 512  Reward:  -0.001605  Wealth:    107494.49  Turnover: 0.6633  Gross: 1.3943  Gate: 0.7886
Episode 513  Reward:   0.016552  Wealth:    113732.49  Turnover: 0.8334  Gross: 1.3981  Gate: 0.7963
Episode 514  Reward:   0.138214  Wealth:    129079.64  Turnover: 0.9923  Gross: 1.4015  Gate: 0.8031
Episode 515  Reward:  -0.020381  Wealth:    109553.14  Turnover: 0.9378  Gross: 1.3901  Gate: 0.7802
Episode 516  Reward:   0.052276  Wealth:    114082.50  Turnover: 0.8116  Gross: 1.3964  Gate: 0.7928
Episode 517  Reward:  -0.006568  Wealth:    106137.74  Turnover: 0.5964  Gross: 1.4041  Gate: 0.8082
Episode 518  Reward:   0.081337  Wealth:    117725.35  Turnover: 0.5945  Gross: 1.4041  Gate: 0.8081
Episode 519  Reward:   0.281477  Wealth:    159306.51  Turnover: 0.8297  Gross: 1.4040  Gate: 0.8080
Episode 520  Reward:   0.150657  Wealth:    135160.04  Turnover: 0.3867  Gross: 1.3869  Gate: 0.7738
Episode    520  AvgReward:   0.055607  Noise: 0.0531
Episode 521  Reward:   0.244738  Wealth:    147569.54  Turnover: 0.5163  Gross: 1.4078  Gate: 0.8156
Episode 522  Reward:   0.226101  Wealth:    146623.62  Turnover: 0.9892  Gross: 1.3947  Gate: 0.7894
Episode 523  Reward:   0.256812  Wealth:    151068.51  Turnover: 0.8522  Gross: 1.3899  Gate: 0.7798
Episode 524  Reward:   0.128611  Wealth:    126813.63  Turnover: 0.6995  Gross: 1.4024  Gate: 0.8048
Episode 525  Reward:   0.222100  Wealth:    145059.37  Turnover: 0.7316  Gross: 1.4001  Gate: 0.8002
Episode 526  Reward:   0.135580  Wealth:    125332.78  Turnover: 0.8122  Gross: 1.4050  Gate: 0.8100
Episode 527  Reward:   0.183973  Wealth:    133299.82  Turnover: 0.5304  Gross: 1.4012  Gate: 0.8024
Episode 528  Reward:  -0.276514  Wealth:     84060.47  Turnover: 0.7620  Gross: 1.3925  Gate: 0.7851
Episode 529  Reward:  -0.050892  Wealth:    104089.75  Turnover: 0.5955  Gross: 1.3862  Gate: 0.7724
Episode 530  Reward:   0.025582  Wealth:    112527.50  Turnover: 0.7898  Gross: 1.4017  Gate: 0.8035
Episode    530  AvgReward:   0.109609  Noise: 0.0520
Episode 531  Reward:   0.016049  Wealth:    111100.25  Turnover: 0.6592  Gross: 1.3963  Gate: 0.7926
Episode 532  Reward:   0.246168  Wealth:    147023.03  Turnover: 0.5561  Gross: 1.3950  Gate: 0.7900
Episode 533  Reward:   0.187495  Wealth:    134905.33  Turnover: 0.6398  Gross: 1.4008  Gate: 0.8015
Episode 534  Reward:   0.182479  Wealth:    133984.85  Turnover: 0.3632  Gross: 1.4015  Gate: 0.8031
Episode 535  Reward:   0.177697  Wealth:    135142.43  Turnover: 0.7140  Gross: 1.3992  Gate: 0.7984
Episode 536  Reward:   0.049034  Wealth:    115834.08  Turnover: 0.5320  Gross: 1.4041  Gate: 0.8082
Episode 537  Reward:   0.192706  Wealth:    136357.65  Turnover: 0.6009  Gross: 1.3872  Gate: 0.7745
Episode 538  Reward:   0.250494  Wealth:    154359.52  Turnover: 0.7352  Gross: 1.3833  Gate: 0.7666
Episode 539  Reward:  -0.060729  Wealth:    103820.30  Turnover: 0.8065  Gross: 1.3751  Gate: 0.7502
Episode 540  Reward:   0.089044  Wealth:    119183.64  Turnover: 0.5683  Gross: 1.3875  Gate: 0.7750
Episode    540  AvgReward:   0.133044  Noise: 0.0510
Episode 541  Reward:   0.095621  Wealth:    121420.39  Turnover: 0.6326  Gross: 1.4027  Gate: 0.8055
Episode 542  Reward:   0.317951  Wealth:    166317.27  Turnover: 0.7330  Gross: 1.4000  Gate: 0.8001
Episode 543  Reward:  -0.087020  Wealth:     98740.81  Turnover: 0.6807  Gross: 1.3930  Gate: 0.7859
Episode 544  Reward:   0.111200  Wealth:    123050.70  Turnover: 0.8174  Gross: 1.3941  Gate: 0.7882
Episode 545  Reward:   0.167880  Wealth:    131001.27  Turnover: 0.4697  Gross: 1.4009  Gate: 0.8019
Episode 546  Reward:  -0.165676  Wealth:     92496.06  Turnover: 0.8483  Gross: 1.3977  Gate: 0.7955
Episode 547  Reward:   0.238171  Wealth:    146350.02  Turnover: 0.6261  Gross: 1.4033  Gate: 0.8066
Episode 548  Reward:   0.041723  Wealth:    116446.43  Turnover: 0.6948  Gross: 1.3931  Gate: 0.7861
Episode 549  Reward:   0.066530  Wealth:    116072.26  Turnover: 0.6145  Gross: 1.4027  Gate: 0.8053
Episode 550  Reward:   0.082405  Wealth:    119567.07  Turnover: 0.6371  Gross: 1.4023  Gate: 0.8045
Episode    550  AvgReward:   0.086879  Noise: 0.0500
Episode 551  Reward:   0.247116  Wealth:    150743.94  Turnover: 0.7393  Gross: 1.3927  Gate: 0.7854
Episode 552  Reward:   0.210590  Wealth:    143085.85  Turnover: 1.0181  Gross: 1.4026  Gate: 0.8053
Episode 553  Reward:   0.157974  Wealth:    129335.19  Turnover: 0.4240  Gross: 1.3996  Gate: 0.7992
Episode 554  Reward:   0.010978  Wealth:    108917.82  Turnover: 0.5873  Gross: 1.3974  Gate: 0.7948
Episode 555  Reward:   0.207359  Wealth:    139343.00  Turnover: 0.9466  Gross: 1.3797  Gate: 0.7593
Episode 556  Reward:   0.285713  Wealth:    160235.75  Turnover: 0.9811  Gross: 1.3980  Gate: 0.7959
Episode 557  Reward:   0.151875  Wealth:    131820.85  Turnover: 1.2093  Gross: 1.3905  Gate: 0.7810
Episode 558  Reward:  -0.045674  Wealth:    103238.73  Turnover: 0.5412  Gross: 1.3684  Gate: 0.7368
Episode 559  Reward:  -0.236498  Wealth:     85686.04  Turnover: 0.5164  Gross: 1.3921  Gate: 0.7843
Episode 560  Reward:   0.388344  Wealth:    200130.78  Turnover: 0.8852  Gross: 1.3927  Gate: 0.7853
Episode    560  AvgReward:   0.137778  Noise: 0.0490
Episode 561  Reward:   0.107085  Wealth:    126871.25  Turnover: 0.7529  Gross: 1.3815  Gate: 0.7629
Episode 562  Reward:   0.065053  Wealth:    119414.55  Turnover: 0.9090  Gross: 1.4004  Gate: 0.8008
Episode 563  Reward:   0.150627  Wealth:    129930.97  Turnover: 0.6402  Gross: 1.3896  Gate: 0.7792
Episode 564  Reward:   0.270558  Wealth:    152684.43  Turnover: 0.5340  Gross: 1.4097  Gate: 0.8193
Episode 565  Reward:   0.078878  Wealth:    117482.95  Turnover: 0.6921  Gross: 1.4005  Gate: 0.8010
Episode 566  Reward:   0.273379  Wealth:    155838.95  Turnover: 0.5626  Gross: 1.3956  Gate: 0.7911
Episode 567  Reward:  -0.254712  Wealth:     86405.11  Turnover: 0.6480  Gross: 1.4026  Gate: 0.8052
Episode 568  Reward:   0.017977  Wealth:    111109.88  Turnover: 0.5883  Gross: 1.4011  Gate: 0.8022
Episode 569  Reward:  -0.069920  Wealth:    104436.23  Turnover: 1.0476  Gross: 1.3848  Gate: 0.7696
Episode 570  Reward:   0.185072  Wealth:    135361.34  Turnover: 0.5398  Gross: 1.3910  Gate: 0.7821
Episode    570  AvgReward:   0.082400  Noise: 0.0480
Episode 571  Reward:   0.199355  Wealth:    140935.53  Turnover: 0.7898  Gross: 1.4018  Gate: 0.8036
Episode 572  Reward:   0.157974  Wealth:    132517.66  Turnover: 0.7605  Gross: 1.4088  Gate: 0.8177
Episode 573  Reward:   0.196103  Wealth:    138822.81  Turnover: 0.5820  Gross: 1.3981  Gate: 0.7963
Episode 574  Reward:  -0.224791  Wealth:     87688.33  Turnover: 0.8752  Gross: 1.3988  Gate: 0.7976
Episode 575  Reward:  -0.272080  Wealth:     86787.44  Turnover: 0.4247  Gross: 1.3861  Gate: 0.7723
Episode 576  Reward:   0.159243  Wealth:    133488.46  Turnover: 0.7406  Gross: 1.3947  Gate: 0.7893
Episode 577  Reward:  -0.061147  Wealth:    105340.77  Turnover: 0.8256  Gross: 1.4025  Gate: 0.8051
Episode 578  Reward:   0.170455  Wealth:    134232.30  Turnover: 0.4503  Gross: 1.3945  Gate: 0.7890
Episode 579  Reward:  -0.038460  Wealth:    104004.64  Turnover: 0.6683  Gross: 1.3976  Gate: 0.7952
Episode 580  Reward:   0.129995  Wealth:    126584.91  Turnover: 0.8446  Gross: 1.3930  Gate: 0.7861
Episode    580  AvgReward:   0.041665  Noise: 0.0471
Episode 581  Reward:   0.115748  Wealth:    124948.67  Turnover: 0.6361  Gross: 1.4058  Gate: 0.8117
Episode 582  Reward:   0.094826  Wealth:    126482.22  Turnover: 0.7784  Gross: 1.3946  Gate: 0.7891
Episode 583  Reward:   0.084360  Wealth:    123008.42  Turnover: 0.5943  Gross: 1.4053  Gate: 0.8107
Episode 584  Reward:   0.074041  Wealth:    122088.21  Turnover: 0.7215  Gross: 1.3891  Gate: 0.7783
Episode 585  Reward:   0.021002  Wealth:    110682.77  Turnover: 0.5838  Gross: 1.4018  Gate: 0.8035
Episode 586  Reward:   0.145378  Wealth:    126739.05  Turnover: 0.4986  Gross: 1.3971  Gate: 0.7941
Episode 587  Reward:   0.144993  Wealth:    130270.60  Turnover: 0.6950  Gross: 1.3989  Gate: 0.7977
Episode 588  Reward:   0.098402  Wealth:    126996.82  Turnover: 0.7711  Gross: 1.3921  Gate: 0.7843
Episode 589  Reward:   0.023046  Wealth:    109200.27  Turnover: 0.3033  Gross: 1.4003  Gate: 0.8007
Episode 590  Reward:   0.131037  Wealth:    132945.61  Turnover: 0.8659  Gross: 1.3980  Gate: 0.7961
Episode    590  AvgReward:   0.093283  Noise: 0.0461
Episode 591  Reward:   0.259355  Wealth:    152991.30  Turnover: 0.9884  Gross: 1.4040  Gate: 0.8081
Episode 592  Reward:  -0.076884  Wealth:    103113.36  Turnover: 0.7940  Gross: 1.3949  Gate: 0.7899
Episode 593  Reward:   0.183140  Wealth:    138768.05  Turnover: 0.7678  Gross: 1.3998  Gate: 0.7996
Episode 594  Reward:   0.467841  Wealth:    239797.50  Turnover: 1.0514  Gross: 1.3918  Gate: 0.7836
Episode 595  Reward:   0.241801  Wealth:    150903.74  Turnover: 0.8872  Gross: 1.3949  Gate: 0.7899
Episode 596  Reward:   0.229016  Wealth:    142259.37  Turnover: 0.3200  Gross: 1.4012  Gate: 0.8024
Episode 597  Reward:   0.189424  Wealth:    137310.92  Turnover: 0.6767  Gross: 1.4018  Gate: 0.8035
Episode 598  Reward:   0.259356  Wealth:    155337.46  Turnover: 0.9013  Gross: 1.3962  Gate: 0.7925
Episode 599  Reward:   0.103392  Wealth:    122107.25  Turnover: 0.8650  Gross: 1.3941  Gate: 0.7882
Episode 600  Reward:  -0.088123  Wealth:     98842.10  Turnover: 0.6767  Gross: 1.4067  Gate: 0.8134
Episode    600  AvgReward:   0.176832  Noise: 0.0452
Episode 601  Reward:   0.022889  Wealth:    116360.42  Turnover: 0.6275  Gross: 1.3958  Gate: 0.7915
Episode 602  Reward:   0.264388  Wealth:    152550.27  Turnover: 0.7290  Gross: 1.3959  Gate: 0.7918
Episode 603  Reward:  -0.102458  Wealth:     99545.41  Turnover: 0.8444  Gross: 1.3941  Gate: 0.7881
Episode 604  Reward:   0.302921  Wealth:    159704.15  Turnover: 0.5696  Gross: 1.3963  Gate: 0.7927
Episode 605  Reward:   0.094901  Wealth:    123764.52  Turnover: 0.7497  Gross: 1.3933  Gate: 0.7867
Episode 606  Reward:  -0.077645  Wealth:    102642.48  Turnover: 0.6266  Gross: 1.4028  Gate: 0.8055
Episode 607  Reward:   0.012788  Wealth:    109750.22  Turnover: 0.8163  Gross: 1.3936  Gate: 0.7873
Episode 608  Reward:   0.226940  Wealth:    149000.50  Turnover: 0.7211  Gross: 1.3909  Gate: 0.7819
Episode 609  Reward:  -0.109870  Wealth:     97515.76  Turnover: 0.4061  Gross: 1.3840  Gate: 0.7680
Episode 610  Reward:   0.030109  Wealth:    118392.50  Turnover: 0.4123  Gross: 1.3869  Gate: 0.7739
Episode    610  AvgReward:   0.066496  Noise: 0.0443
Episode 611  Reward:   0.021313  Wealth:    112848.79  Turnover: 0.8466  Gross: 1.3980  Gate: 0.7960
Episode 612  Reward:   0.169462  Wealth:    133660.39  Turnover: 0.5809  Gross: 1.4036  Gate: 0.8072
Episode 613  Reward:   0.042871  Wealth:    118926.72  Turnover: 1.0550  Gross: 1.4005  Gate: 0.8009
Episode 614  Reward:   0.275665  Wealth:    155294.73  Turnover: 0.4267  Gross: 1.3995  Gate: 0.7990
Episode 615  Reward:   0.390912  Wealth:    198033.59  Turnover: 0.9667  Gross: 1.4013  Gate: 0.8025
Episode 616  Reward:  -0.026630  Wealth:    107377.98  Turnover: 0.7193  Gross: 1.3986  Gate: 0.7972
Episode 617  Reward:  -0.129561  Wealth:     96997.54  Turnover: 0.6747  Gross: 1.3966  Gate: 0.7932
Episode 618  Reward:   0.210469  Wealth:    138225.05  Turnover: 0.3440  Gross: 1.4005  Gate: 0.8011
Episode 619  Reward:   0.103454  Wealth:    123437.69  Turnover: 0.8847  Gross: 1.4004  Gate: 0.8007
Episode 620  Reward:   0.212796  Wealth:    144105.36  Turnover: 0.9935  Gross: 1.3981  Gate: 0.7963
Episode    620  AvgReward:   0.127075  Noise: 0.0434
Episode 621  Reward:   0.216284  Wealth:    140126.26  Turnover: 0.4131  Gross: 1.3941  Gate: 0.7882
Episode 622  Reward:  -0.027409  Wealth:    108279.11  Turnover: 1.0078  Gross: 1.3949  Gate: 0.7898
Episode 623  Reward:   0.099891  Wealth:    121600.65  Turnover: 0.7571  Gross: 1.3827  Gate: 0.7655
Episode 624  Reward:   0.236592  Wealth:    141976.32  Turnover: 0.2694  Gross: 1.3972  Gate: 0.7944
Episode 625  Reward:  -0.171533  Wealth:     93202.28  Turnover: 0.8990  Gross: 1.4018  Gate: 0.8036
Episode 626  Reward:   0.257238  Wealth:    150949.61  Turnover: 0.9454  Gross: 1.4007  Gate: 0.8015
Episode 627  Reward:  -0.014808  Wealth:    105350.19  Turnover: 0.6949  Gross: 1.3972  Gate: 0.7944
Episode 628  Reward:   0.109294  Wealth:    129088.69  Turnover: 0.7501  Gross: 1.4028  Gate: 0.8056
Episode 629  Reward:   0.091909  Wealth:    118464.64  Turnover: 0.3582  Gross: 1.4024  Gate: 0.8048
Episode 630  Reward:   0.236336  Wealth:    153272.38  Turnover: 0.5651  Gross: 1.4016  Gate: 0.8032
Episode    630  AvgReward:   0.103379  Noise: 0.0426
Episode 631  Reward:  -0.076318  Wealth:    101485.14  Turnover: 0.7656  Gross: 1.3880  Gate: 0.7760
Episode 632  Reward:   0.243336  Wealth:    146222.28  Turnover: 0.6201  Gross: 1.4036  Gate: 0.8073
Episode 633  Reward:   0.056280  Wealth:    114830.28  Turnover: 0.6061  Gross: 1.4105  Gate: 0.8209
Episode 634  Reward:   0.084155  Wealth:    121571.11  Turnover: 0.8384  Gross: 1.4006  Gate: 0.8013
Episode 635  Reward:   0.063394  Wealth:    119142.76  Turnover: 0.8552  Gross: 1.3916  Gate: 0.7831
Episode 636  Reward:   0.203146  Wealth:    140083.14  Turnover: 0.5942  Gross: 1.3976  Gate: 0.7952
Episode 637  Reward:   0.048531  Wealth:    121262.62  Turnover: 0.3797  Gross: 1.4024  Gate: 0.8048
Episode 638  Reward:   0.037011  Wealth:    115932.23  Turnover: 0.8989  Gross: 1.4070  Gate: 0.8140
Episode 639  Reward:   0.192029  Wealth:    138245.03  Turnover: 0.5105  Gross: 1.4078  Gate: 0.8156
Episode 640  Reward:   0.053158  Wealth:    117869.46  Turnover: 0.6912  Gross: 1.4024  Gate: 0.8048
Episode    640  AvgReward:   0.090472  Noise: 0.0417
Episode 641  Reward:  -0.226724  Wealth:     88530.20  Turnover: 1.2156  Gross: 1.3960  Gate: 0.7920
Episode 642  Reward:   0.481375  Wealth:    243961.30  Turnover: 0.7796  Gross: 1.3972  Gate: 0.7943
Episode 643  Reward:   0.100847  Wealth:    124011.19  Turnover: 0.7978  Gross: 1.4059  Gate: 0.8119
Episode 644  Reward:   0.255271  Wealth:    155842.95  Turnover: 0.8384  Gross: 1.3972  Gate: 0.7945
Episode 645  Reward:   0.125303  Wealth:    125501.97  Turnover: 0.9516  Gross: 1.3964  Gate: 0.7929
Episode 646  Reward:  -0.000312  Wealth:    111792.71  Turnover: 1.0967  Gross: 1.4020  Gate: 0.8039
Episode 647  Reward:   0.106276  Wealth:    121170.31  Turnover: 0.4143  Gross: 1.3967  Gate: 0.7934
Episode 648  Reward:   0.093605  Wealth:    119604.72  Turnover: 0.7090  Gross: 1.3911  Gate: 0.7822
Episode 649  Reward:   0.187976  Wealth:    144746.74  Turnover: 0.7609  Gross: 1.3980  Gate: 0.7961
Episode 650  Reward:   0.023400  Wealth:    116000.46  Turnover: 0.7398  Gross: 1.3909  Gate: 0.7817
Episode    650  AvgReward:   0.114702  Noise: 0.0409
Episode 651  Reward:   0.320043  Wealth:    176418.85  Turnover: 0.9106  Gross: 1.3998  Gate: 0.7997
Episode 652  Reward:   0.117013  Wealth:    128146.34  Turnover: 0.7069  Gross: 1.3939  Gate: 0.7879
Episode 653  Reward:   0.114666  Wealth:    131586.56  Turnover: 0.4263  Gross: 1.3997  Gate: 0.7995
Episode 654  Reward:   0.220090  Wealth:    151945.10  Turnover: 0.8787  Gross: 1.4016  Gate: 0.8032
Episode 655  Reward:   0.239663  Wealth:    156800.77  Turnover: 0.8687  Gross: 1.3966  Gate: 0.7931
Episode 656  Reward:   0.183966  Wealth:    137310.39  Turnover: 0.8800  Gross: 1.4016  Gate: 0.8032
Episode 657  Reward:   0.126254  Wealth:    128187.99  Turnover: 0.8129  Gross: 1.3786  Gate: 0.7571
Episode 658  Reward:   0.072582  Wealth:    122009.21  Turnover: 0.9336  Gross: 1.3949  Gate: 0.7899
Episode 659  Reward:   0.132297  Wealth:    129364.89  Turnover: 0.7727  Gross: 1.4014  Gate: 0.8027
Episode 660  Reward:   0.026508  Wealth:    113236.30  Turnover: 0.6063  Gross: 1.3919  Gate: 0.7839
Episode    660  AvgReward:   0.155308  Noise: 0.0401
Episode 661  Reward:   0.289151  Wealth:    162067.75  Turnover: 1.0243  Gross: 1.3944  Gate: 0.7887
Episode 662  Reward:   0.284321  Wealth:    155530.80  Turnover: 0.6699  Gross: 1.3956  Gate: 0.7913
Episode 663  Reward:  -0.044397  Wealth:    108019.16  Turnover: 0.7468  Gross: 1.4037  Gate: 0.8073
Episode 664  Reward:   0.110039  Wealth:    123200.75  Turnover: 0.3802  Gross: 1.4085  Gate: 0.8171
Episode 665  Reward:   0.037065  Wealth:    115037.62  Turnover: 0.7496  Gross: 1.3993  Gate: 0.7987
Episode 666  Reward:   0.011660  Wealth:    111888.98  Turnover: 0.9474  Gross: 1.4104  Gate: 0.8208
Episode 667  Reward:   0.147587  Wealth:    136149.96  Turnover: 0.6400  Gross: 1.3983  Gate: 0.7965
Episode 668  Reward:   0.097384  Wealth:    126151.49  Turnover: 0.7693  Gross: 1.3987  Gate: 0.7974
Episode 669  Reward:   0.141337  Wealth:    130767.36  Turnover: 0.6935  Gross: 1.4017  Gate: 0.8034
Episode 670  Reward:   0.233518  Wealth:    146039.66  Turnover: 0.5821  Gross: 1.3997  Gate: 0.7994
Episode    670  AvgReward:   0.130767  Noise: 0.0393
Episode 671  Reward:   0.094670  Wealth:    121943.53  Turnover: 0.7981  Gross: 1.3988  Gate: 0.7976
Episode 672  Reward:   0.077237  Wealth:    120889.06  Turnover: 0.8983  Gross: 1.3903  Gate: 0.7806
Episode 673  Reward:   0.076508  Wealth:    117432.05  Turnover: 0.5582  Gross: 1.4040  Gate: 0.8080
Episode 674  Reward:   0.352668  Wealth:    193094.28  Turnover: 0.8232  Gross: 1.3960  Gate: 0.7920
Episode 675  Reward:   0.068856  Wealth:    115312.30  Turnover: 0.5490  Gross: 1.3966  Gate: 0.7933
Episode 676  Reward:  -0.327249  Wealth:     82873.91  Turnover: 0.6627  Gross: 1.3984  Gate: 0.7969
Episode 677  Reward:   0.085726  Wealth:    123742.67  Turnover: 0.9240  Gross: 1.3947  Gate: 0.7895
Episode 678  Reward:  -0.034792  Wealth:    106656.98  Turnover: 0.7440  Gross: 1.3967  Gate: 0.7933
Episode 679  Reward:   0.091636  Wealth:    122507.94  Turnover: 0.9957  Gross: 1.4049  Gate: 0.8099
Episode 680  Reward:   0.355381  Wealth:    184839.99  Turnover: 0.7625  Gross: 1.3904  Gate: 0.7808
Episode    680  AvgReward:   0.084064  Noise: 0.0385
Episode 681  Reward:   0.400227  Wealth:    211705.76  Turnover: 0.5109  Gross: 1.4009  Gate: 0.8018
Episode 682  Reward:   0.136604  Wealth:    127339.43  Turnover: 0.5366  Gross: 1.4043  Gate: 0.8086
Episode 683  Reward:   0.198555  Wealth:    141776.92  Turnover: 0.8400  Gross: 1.3989  Gate: 0.7978
Episode 684  Reward:   0.116545  Wealth:    122478.12  Turnover: 0.4427  Gross: 1.4006  Gate: 0.8011
Episode 685  Reward:   0.087744  Wealth:    120576.26  Turnover: 0.7790  Gross: 1.3944  Gate: 0.7888
Episode 686  Reward:  -0.105466  Wealth:    100887.17  Turnover: 0.6286  Gross: 1.3994  Gate: 0.7987
Episode 687  Reward:   0.063575  Wealth:    119121.92  Turnover: 0.7761  Gross: 1.3944  Gate: 0.7888
Episode 688  Reward:   0.231039  Wealth:    151897.68  Turnover: 0.7937  Gross: 1.3964  Gate: 0.7929
Episode 689  Reward:   0.100484  Wealth:    120487.95  Turnover: 0.5254  Gross: 1.3996  Gate: 0.7991
Episode 690  Reward:   0.145903  Wealth:    128126.34  Turnover: 0.5155  Gross: 1.4009  Gate: 0.8018
Episode    690  AvgReward:   0.137521  Noise: 0.0378
Episode 691  Reward:   0.094268  Wealth:    122645.56  Turnover: 0.8304  Gross: 1.3915  Gate: 0.7829
Episode 692  Reward:   0.190427  Wealth:    138789.39  Turnover: 1.0646  Gross: 1.3957  Gate: 0.7915
Episode 693  Reward:   0.051921  Wealth:    120530.41  Turnover: 0.9202  Gross: 1.3922  Gate: 0.7845
Episode 694  Reward:   0.429082  Wealth:    219048.31  Turnover: 0.6465  Gross: 1.4005  Gate: 0.8010
Episode 695  Reward:   0.072152  Wealth:    115579.12  Turnover: 0.3930  Gross: 1.4018  Gate: 0.8037
Episode 696  Reward:   0.130735  Wealth:    129778.21  Turnover: 0.8096  Gross: 1.3906  Gate: 0.7812
Episode 697  Reward:  -0.074562  Wealth:    104956.03  Turnover: 0.6235  Gross: 1.3967  Gate: 0.7935
Episode 698  Reward:   0.188631  Wealth:    138127.42  Turnover: 0.6686  Gross: 1.3951  Gate: 0.7903
Episode 699  Reward:   0.158306  Wealth:    129643.25  Turnover: 0.7497  Gross: 1.3966  Gate: 0.7931
Episode 700  Reward:   0.067392  Wealth:    117076.58  Turnover: 0.6885  Gross: 1.3929  Gate: 0.7859
Episode    700  AvgReward:   0.130835  Noise: 0.0370
Episode 701  Reward:   0.314871  Wealth:    169180.75  Turnover: 1.0567  Gross: 1.4026  Gate: 0.8052
Episode 702  Reward:   0.197410  Wealth:    136127.99  Turnover: 0.4759  Gross: 1.3977  Gate: 0.7955
Episode 703  Reward:  -0.151266  Wealth:     96915.23  Turnover: 0.7623  Gross: 1.3972  Gate: 0.7943
Episode 704  Reward:   0.203658  Wealth:    143735.62  Turnover: 1.0390  Gross: 1.3911  Gate: 0.7822
Episode 705  Reward:   0.109288  Wealth:    125176.24  Turnover: 0.9594  Gross: 1.3897  Gate: 0.7794
Episode 706  Reward:   0.038554  Wealth:    115900.69  Turnover: 1.2156  Gross: 1.3967  Gate: 0.7933
Episode 707  Reward:   0.280146  Wealth:    158775.89  Turnover: 0.5971  Gross: 1.3970  Gate: 0.7940
Episode 708  Reward:  -0.008926  Wealth:    109974.02  Turnover: 1.2909  Gross: 1.4014  Gate: 0.8027
Episode 709  Reward:   0.069355  Wealth:    115847.86  Turnover: 0.5096  Gross: 1.4063  Gate: 0.8125
Episode 710  Reward:  -0.015531  Wealth:    106272.43  Turnover: 0.4823  Gross: 1.3919  Gate: 0.7839
Episode    710  AvgReward:   0.103756  Noise: 0.0363
Episode 711  Reward:   0.241197  Wealth:    153286.69  Turnover: 0.6625  Gross: 1.3973  Gate: 0.7946
Episode 712  Reward:   0.095688  Wealth:    121030.84  Turnover: 0.7346  Gross: 1.3981  Gate: 0.7962
Episode 713  Reward:   0.009189  Wealth:    107910.58  Turnover: 0.4002  Gross: 1.3997  Gate: 0.7995
Episode 714  Reward:   0.154189  Wealth:    129694.00  Turnover: 0.6290  Gross: 1.3918  Gate: 0.7836
Episode 715  Reward:   0.071431  Wealth:    120525.26  Turnover: 0.6426  Gross: 1.3963  Gate: 0.7925
Episode 716  Reward:   0.300513  Wealth:    166984.39  Turnover: 0.8787  Gross: 1.3965  Gate: 0.7930
Episode 717  Reward:   0.094189  Wealth:    124854.28  Turnover: 1.0035  Gross: 1.3921  Gate: 0.7842
Episode 718  Reward:   0.011656  Wealth:    113832.34  Turnover: 0.6073  Gross: 1.3956  Gate: 0.7912
Episode 719  Reward:  -0.004583  Wealth:    112992.58  Turnover: 0.4933  Gross: 1.3997  Gate: 0.7995
Episode 720  Reward:   0.095426  Wealth:    121809.03  Turnover: 0.4652  Gross: 1.3962  Gate: 0.7925
Episode    720  AvgReward:   0.106890  Noise: 0.0356
Episode 721  Reward:   0.099842  Wealth:    121587.90  Turnover: 0.7938  Gross: 1.3896  Gate: 0.7792
Episode 722  Reward:   0.024053  Wealth:    114202.55  Turnover: 0.8210  Gross: 1.4043  Gate: 0.8087
Episode 723  Reward:   0.294812  Wealth:    165327.91  Turnover: 0.8188  Gross: 1.3991  Gate: 0.7983
Episode 724  Reward:  -0.026766  Wealth:    104343.35  Turnover: 0.7545  Gross: 1.4010  Gate: 0.8021
Episode 725  Reward:   0.098039  Wealth:    121433.96  Turnover: 0.8353  Gross: 1.4038  Gate: 0.8076
Episode 726  Reward:  -0.024402  Wealth:    106491.34  Turnover: 0.9191  Gross: 1.3909  Gate: 0.7817
Episode 727  Reward:  -0.072364  Wealth:     99748.68  Turnover: 0.9482  Gross: 1.4000  Gate: 0.8001
Episode 728  Reward:   0.227992  Wealth:    143769.76  Turnover: 0.7760  Gross: 1.3998  Gate: 0.7995
Episode 729  Reward:   0.032814  Wealth:    112649.88  Turnover: 0.7598  Gross: 1.3922  Gate: 0.7844
Episode 730  Reward:   0.051101  Wealth:    120657.87  Turnover: 0.9169  Gross: 1.3942  Gate: 0.7883
Episode    730  AvgReward:   0.070512  Noise: 0.0349
Episode 731  Reward:   0.231689  Wealth:    148175.01  Turnover: 0.9394  Gross: 1.3914  Gate: 0.7827
Episode 732  Reward:   0.173429  Wealth:    139061.94  Turnover: 0.8751  Gross: 1.3930  Gate: 0.7860
Episode 733  Reward:   0.096806  Wealth:    126960.95  Turnover: 0.7622  Gross: 1.4018  Gate: 0.8036
Episode 734  Reward:   0.148908  Wealth:    132285.68  Turnover: 0.9482  Gross: 1.4017  Gate: 0.8035
Episode 735  Reward:   0.149984  Wealth:    133604.49  Turnover: 0.9557  Gross: 1.3957  Gate: 0.7915
Episode 736  Reward:  -0.019390  Wealth:    108056.85  Turnover: 0.5978  Gross: 1.3931  Gate: 0.7861
Episode 737  Reward:   0.130052  Wealth:    125623.83  Turnover: 0.6700  Gross: 1.3899  Gate: 0.7798
Episode 738  Reward:   0.148864  Wealth:    131817.00  Turnover: 0.5725  Gross: 1.4015  Gate: 0.8030
Episode 739  Reward:   0.146833  Wealth:    134155.99  Turnover: 0.9006  Gross: 1.3915  Gate: 0.7831
Episode 740  Reward:   0.119631  Wealth:    127474.14  Turnover: 0.9017  Gross: 1.4016  Gate: 0.8033
Episode    740  AvgReward:   0.132680  Noise: 0.0342
Episode 741  Reward:   0.154235  Wealth:    132223.13  Turnover: 0.9089  Gross: 1.3986  Gate: 0.7972
Episode 742  Reward:   0.229423  Wealth:    147724.30  Turnover: 0.8392  Gross: 1.4006  Gate: 0.8012
Episode 743  Reward:   0.126625  Wealth:    133076.58  Turnover: 0.8710  Gross: 1.3982  Gate: 0.7965
Episode 744  Reward:   0.045933  Wealth:    114567.90  Turnover: 0.7773  Gross: 1.4064  Gate: 0.8129
Episode 745  Reward:  -0.063376  Wealth:    103032.05  Turnover: 0.9741  Gross: 1.3908  Gate: 0.7816
Episode 746  Reward:  -0.159409  Wealth:     92181.80  Turnover: 0.9087  Gross: 1.3792  Gate: 0.7583
Episode 747  Reward:   0.129885  Wealth:    128046.15  Turnover: 0.7029  Gross: 1.3974  Gate: 0.7948
Episode 748  Reward:   0.042140  Wealth:    112928.62  Turnover: 0.8556  Gross: 1.3952  Gate: 0.7904
Episode 749  Reward:   0.045621  Wealth:    113745.94  Turnover: 0.7007  Gross: 1.3989  Gate: 0.7978
Episode 750  Reward:  -0.105007  Wealth:     98522.64  Turnover: 0.8386  Gross: 1.3987  Gate: 0.7973
Episode    750  AvgReward:   0.044607  Noise: 0.0335
Episode 751  Reward:   0.205121  Wealth:    142242.65  Turnover: 0.8680  Gross: 1.4026  Gate: 0.8052
Episode 752  Reward:   0.073968  Wealth:    119132.72  Turnover: 0.8427  Gross: 1.3843  Gate: 0.7686
Episode 753  Reward:  -0.176346  Wealth:     92996.89  Turnover: 0.9296  Gross: 1.4066  Gate: 0.8132
Episode 754  Reward:   0.132662  Wealth:    133146.90  Turnover: 0.8715  Gross: 1.3967  Gate: 0.7934
Episode 755  Reward:  -0.029512  Wealth:    104921.39  Turnover: 0.4402  Gross: 1.4011  Gate: 0.8022
Episode 756  Reward:   0.189424  Wealth:    139707.54  Turnover: 0.6670  Gross: 1.3977  Gate: 0.7954
Episode 757  Reward:   0.129313  Wealth:    130989.47  Turnover: 0.8723  Gross: 1.4014  Gate: 0.8029
Episode 758  Reward:   0.086704  Wealth:    122222.60  Turnover: 1.0630  Gross: 1.4016  Gate: 0.8033
Episode 759  Reward:  -0.129943  Wealth:     99431.25  Turnover: 0.9165  Gross: 1.3797  Gate: 0.7593
Episode 760  Reward:   0.004903  Wealth:    110236.07  Turnover: 0.7823  Gross: 1.4022  Gate: 0.8043
Episode    760  AvgReward:   0.048630  Noise: 0.0328
Episode 761  Reward:   0.238821  Wealth:    152295.34  Turnover: 0.8741  Gross: 1.3939  Gate: 0.7878
Episode 762  Reward:   0.125142  Wealth:    128064.66  Turnover: 0.5210  Gross: 1.3884  Gate: 0.7768
Episode 763  Reward:  -0.016709  Wealth:    109149.37  Turnover: 1.0874  Gross: 1.3955  Gate: 0.7910
Episode 764  Reward:  -0.031985  Wealth:    108931.52  Turnover: 1.0656  Gross: 1.4017  Gate: 0.8035
Episode 765  Reward:   0.202903  Wealth:    141315.09  Turnover: 0.9311  Gross: 1.4041  Gate: 0.8081
Episode 766  Reward:   0.195332  Wealth:    144076.97  Turnover: 0.7299  Gross: 1.3983  Gate: 0.7965
Episode 767  Reward:   0.182561  Wealth:    142874.58  Turnover: 0.8203  Gross: 1.3909  Gate: 0.7819
Episode 768  Reward:  -0.048980  Wealth:    106452.96  Turnover: 0.7271  Gross: 1.3798  Gate: 0.7596
Episode 769  Reward:   0.334886  Wealth:    183692.85  Turnover: 0.7112  Gross: 1.3960  Gate: 0.7920
Episode 770  Reward:   0.171420  Wealth:    134243.40  Turnover: 0.8028  Gross: 1.3998  Gate: 0.7997
Episode    770  AvgReward:   0.135339  Noise: 0.0322
Episode 771  Reward:  -0.128068  Wealth:     97115.75  Turnover: 0.9802  Gross: 1.4038  Gate: 0.8075
Episode 772  Reward:  -0.022711  Wealth:    106654.30  Turnover: 0.6382  Gross: 1.3905  Gate: 0.7809
Episode 773  Reward:   0.311144  Wealth:    165224.49  Turnover: 0.9824  Gross: 1.3983  Gate: 0.7966
Episode 774  Reward:  -0.033520  Wealth:    105824.88  Turnover: 0.8039  Gross: 1.4014  Gate: 0.8028
Episode 775  Reward:   0.233869  Wealth:    145946.11  Turnover: 0.7934  Gross: 1.3991  Gate: 0.7982
Episode 776  Reward:  -0.045769  Wealth:    102683.58  Turnover: 0.6476  Gross: 1.3975  Gate: 0.7951
Episode 777  Reward:   0.196780  Wealth:    137972.34  Turnover: 0.8416  Gross: 1.4112  Gate: 0.8224
Episode 778  Reward:   0.083826  Wealth:    117738.59  Turnover: 0.4330  Gross: 1.4074  Gate: 0.8148
Episode 779  Reward:   0.319451  Wealth:    164715.12  Turnover: 0.7127  Gross: 1.4008  Gate: 0.8016
Episode 780  Reward:   0.029907  Wealth:    113103.56  Turnover: 0.5753  Gross: 1.4008  Gate: 0.8017
Episode    780  AvgReward:   0.094491  Noise: 0.0315
Episode 781  Reward:   0.141431  Wealth:    129506.41  Turnover: 0.5490  Gross: 1.4013  Gate: 0.8027
Episode 782  Reward:   0.030170  Wealth:    114958.66  Turnover: 1.0461  Gross: 1.3955  Gate: 0.7910
Episode 783  Reward:   0.040877  Wealth:    115179.43  Turnover: 0.9658  Gross: 1.4000  Gate: 0.8000
Episode 784  Reward:   0.333330  Wealth:    178997.92  Turnover: 0.8739  Gross: 1.3945  Gate: 0.7891
Episode 785  Reward:   0.357360  Wealth:    176263.11  Turnover: 0.7467  Gross: 1.3982  Gate: 0.7965
Episode 786  Reward:   0.070939  Wealth:    117135.44  Turnover: 0.7302  Gross: 1.3980  Gate: 0.7961
Episode 787  Reward:   0.122785  Wealth:    125351.70  Turnover: 0.4767  Gross: 1.3911  Gate: 0.7821
Episode 788  Reward:   0.096131  Wealth:    120207.42  Turnover: 0.8748  Gross: 1.3834  Gate: 0.7668
Episode 789  Reward:  -0.015992  Wealth:    108742.87  Turnover: 0.7670  Gross: 1.4039  Gate: 0.8077
Episode 790  Reward:   0.077373  Wealth:    119491.30  Turnover: 0.7135  Gross: 1.3905  Gate: 0.7809
Episode    790  AvgReward:   0.125441  Noise: 0.0309
Episode 791  Reward:   0.194965  Wealth:    138599.57  Turnover: 0.8968  Gross: 1.3968  Gate: 0.7935
Episode 792  Reward:  -0.040354  Wealth:    105226.81  Turnover: 0.6178  Gross: 1.3984  Gate: 0.7968
Episode 793  Reward:   0.127457  Wealth:    126064.77  Turnover: 0.6702  Gross: 1.3946  Gate: 0.7893
Episode 794  Reward:   0.164020  Wealth:    132235.58  Turnover: 0.5567  Gross: 1.4023  Gate: 0.8046
Episode 795  Reward:  -0.011279  Wealth:    108304.13  Turnover: 0.9095  Gross: 1.3890  Gate: 0.7780
Episode 796  Reward:   0.087201  Wealth:    122132.81  Turnover: 0.8728  Gross: 1.3854  Gate: 0.7708
Episode 797  Reward:  -0.233569  Wealth:     87345.96  Turnover: 0.8450  Gross: 1.3792  Gate: 0.7584
Episode 798  Reward:   0.351944  Wealth:    185439.86  Turnover: 1.2822  Gross: 1.3946  Gate: 0.7893
Episode 799  Reward:   0.206987  Wealth:    138078.64  Turnover: 0.5761  Gross: 1.3927  Gate: 0.7853
Episode 800  Reward:   0.176812  Wealth:    133438.04  Turnover: 0.6899  Gross: 1.4057  Gate: 0.8114
Episode    800  AvgReward:   0.102418  Noise: 0.0303
Episode 801  Reward:   0.300009  Wealth:    171706.27  Turnover: 0.6933  Gross: 1.3974  Gate: 0.7948
Episode 802  Reward:   0.025520  Wealth:    110800.83  Turnover: 0.6624  Gross: 1.3932  Gate: 0.7864
Episode 803  Reward:  -0.112979  Wealth:    100027.35  Turnover: 0.7863  Gross: 1.3965  Gate: 0.7930
Episode 804  Reward:  -0.054575  Wealth:    103067.84  Turnover: 0.8372  Gross: 1.3957  Gate: 0.7913
Episode 805  Reward:   0.068160  Wealth:    119270.54  Turnover: 0.6206  Gross: 1.3984  Gate: 0.7967
Episode 806  Reward:   0.123065  Wealth:    131421.39  Turnover: 0.6233  Gross: 1.4002  Gate: 0.8004
Episode 807  Reward:   0.328040  Wealth:    180545.71  Turnover: 0.6532  Gross: 1.3998  Gate: 0.7997
Episode 808  Reward:   0.119142  Wealth:    130947.79  Turnover: 0.8760  Gross: 1.3992  Gate: 0.7983
Episode 809  Reward:   0.132457  Wealth:    131801.62  Turnover: 0.9105  Gross: 1.4009  Gate: 0.8017
Episode 810  Reward:  -0.161146  Wealth:     92353.31  Turnover: 0.6233  Gross: 1.3803  Gate: 0.7606
Episode    810  AvgReward:   0.076769  Noise: 0.0297
Episode 811  Reward:   0.190486  Wealth:    142185.89  Turnover: 0.8573  Gross: 1.3854  Gate: 0.7708
Episode 812  Reward:   0.260615  Wealth:    153738.51  Turnover: 0.7675  Gross: 1.3997  Gate: 0.7994
Episode 813  Reward:   0.097838  Wealth:    119647.07  Turnover: 0.4740  Gross: 1.4067  Gate: 0.8134
Episode 814  Reward:   0.067511  Wealth:    118026.99  Turnover: 1.1194  Gross: 1.3902  Gate: 0.7805
Episode 815  Reward:   0.237285  Wealth:    147477.14  Turnover: 0.7524  Gross: 1.3957  Gate: 0.7913
Episode 816  Reward:   0.194450  Wealth:    136464.93  Turnover: 0.6299  Gross: 1.3978  Gate: 0.7956
Episode 817  Reward:   0.078826  Wealth:    119540.06  Turnover: 0.7070  Gross: 1.3967  Gate: 0.7934
Episode 818  Reward:   0.332030  Wealth:    178076.00  Turnover: 0.8842  Gross: 1.3991  Gate: 0.7982
Episode 819  Reward:   0.003242  Wealth:    111320.41  Turnover: 0.9245  Gross: 1.3929  Gate: 0.7859
Episode 820  Reward:   0.236077  Wealth:    148583.50  Turnover: 0.5203  Gross: 1.3971  Gate: 0.7941
Episode    820  AvgReward:   0.169836  Noise: 0.0291
Episode 821  Reward:   0.027497  Wealth:    114827.34  Turnover: 1.0930  Gross: 1.3972  Gate: 0.7944
Episode 822  Reward:  -0.009925  Wealth:    110041.01  Turnover: 1.2553  Gross: 1.3958  Gate: 0.7916
Episode 823  Reward:   0.321955  Wealth:    168456.28  Turnover: 0.9834  Gross: 1.4045  Gate: 0.8090
Episode 824  Reward:   0.158467  Wealth:    130039.16  Turnover: 0.3254  Gross: 1.3982  Gate: 0.7964
Episode 825  Reward:   0.206293  Wealth:    140825.79  Turnover: 0.9567  Gross: 1.3851  Gate: 0.7703
Episode 826  Reward:   0.075598  Wealth:    118940.60  Turnover: 0.8887  Gross: 1.4026  Gate: 0.8053
Episode 827  Reward:   0.326820  Wealth:    171856.24  Turnover: 0.9130  Gross: 1.3887  Gate: 0.7773
Episode 828  Reward:   0.102112  Wealth:    119741.13  Turnover: 0.4497  Gross: 1.3975  Gate: 0.7950
Episode 829  Reward:   0.188981  Wealth:    139031.69  Turnover: 1.0086  Gross: 1.3868  Gate: 0.7735
Episode 830  Reward:   0.081846  Wealth:    120054.80  Turnover: 0.9360  Gross: 1.4017  Gate: 0.8035
Episode    830  AvgReward:   0.147964  Noise: 0.0285
Episode 831  Reward:   0.191877  Wealth:    138925.43  Turnover: 0.9307  Gross: 1.4011  Gate: 0.8023
Episode 832  Reward:   0.289725  Wealth:    157426.95  Turnover: 0.6725  Gross: 1.3947  Gate: 0.7894
Episode 833  Reward:  -0.020683  Wealth:    106094.94  Turnover: 0.8481  Gross: 1.4005  Gate: 0.8010
Episode 834  Reward:   0.156856  Wealth:    129062.82  Turnover: 0.5520  Gross: 1.4012  Gate: 0.8023
Episode 835  Reward:   0.172706  Wealth:    132694.32  Turnover: 0.7360  Gross: 1.3910  Gate: 0.7820
Episode 836  Reward:   0.348931  Wealth:    183557.71  Turnover: 0.8529  Gross: 1.3904  Gate: 0.7808
Episode 837  Reward:  -0.437953  Wealth:     74495.07  Turnover: 0.9271  Gross: 1.3762  Gate: 0.7523
Episode 838  Reward:   0.115071  Wealth:    130449.69  Turnover: 1.2368  Gross: 1.3939  Gate: 0.7877
Episode 839  Reward:  -0.138270  Wealth:     95712.59  Turnover: 0.7923  Gross: 1.3967  Gate: 0.7933
Episode 840  Reward:   0.239460  Wealth:    143249.85  Turnover: 0.3654  Gross: 1.4048  Gate: 0.8095
Episode    840  AvgReward:   0.091772  Noise: 0.0280
Episode 841  Reward:   0.127460  Wealth:    127720.14  Turnover: 0.8624  Gross: 1.3951  Gate: 0.7903
Episode 842  Reward:   0.066775  Wealth:    118558.87  Turnover: 0.7918  Gross: 1.3962  Gate: 0.7924
Episode 843  Reward:  -0.000819  Wealth:    109918.22  Turnover: 0.8349  Gross: 1.3973  Gate: 0.7947
Episode 844  Reward:   0.225114  Wealth:    148561.01  Turnover: 0.7366  Gross: 1.3996  Gate: 0.7992
Episode 845  Reward:   0.097789  Wealth:    121087.85  Turnover: 0.6519  Gross: 1.3923  Gate: 0.7845
Episode 846  Reward:   0.166955  Wealth:    134057.50  Turnover: 0.8010  Gross: 1.3928  Gate: 0.7857
Episode 847  Reward:   0.268281  Wealth:    156710.58  Turnover: 0.7331  Gross: 1.4033  Gate: 0.8066
Episode 848  Reward:   0.057395  Wealth:    119227.38  Turnover: 0.6842  Gross: 1.3961  Gate: 0.7921
Episode 849  Reward:   0.207974  Wealth:    138103.66  Turnover: 0.3879  Gross: 1.4045  Gate: 0.8089
Episode 850  Reward:  -0.151756  Wealth:     95729.22  Turnover: 0.8534  Gross: 1.3958  Gate: 0.7917
Episode    850  AvgReward:   0.106517  Noise: 0.0274
Episode 851  Reward:   0.104036  Wealth:    120928.30  Turnover: 0.3466  Gross: 1.4021  Gate: 0.8043
Episode 852  Reward:   0.341767  Wealth:    183302.81  Turnover: 1.0729  Gross: 1.3935  Gate: 0.7870
Episode 853  Reward:   0.256484  Wealth:    160289.03  Turnover: 0.6055  Gross: 1.3984  Gate: 0.7968
Episode 854  Reward:   0.134143  Wealth:    127676.02  Turnover: 0.5252  Gross: 1.3958  Gate: 0.7917
Episode 855  Reward:   0.231122  Wealth:    143461.42  Turnover: 0.6606  Gross: 1.3956  Gate: 0.7913
Episode 856  Reward:   0.091593  Wealth:    119599.25  Turnover: 0.3049  Gross: 1.4006  Gate: 0.8012
Episode 857  Reward:   0.178899  Wealth:    133438.44  Turnover: 0.5096  Gross: 1.4025  Gate: 0.8050
Episode 858  Reward:   0.055166  Wealth:    115021.34  Turnover: 0.5713  Gross: 1.3995  Gate: 0.7990
Episode 859  Reward:   0.301454  Wealth:    161410.00  Turnover: 0.6397  Gross: 1.3926  Gate: 0.7852
Episode 860  Reward:   0.154837  Wealth:    130154.05  Turnover: 0.9458  Gross: 1.4026  Gate: 0.8052
Episode    860  AvgReward:   0.184950  Noise: 0.0269
Episode 861  Reward:   0.059712  Wealth:    117532.85  Turnover: 0.8459  Gross: 1.3992  Gate: 0.7984
Episode 862  Reward:   0.072327  Wealth:    119242.26  Turnover: 0.8703  Gross: 1.3948  Gate: 0.7896
Episode 863  Reward:   0.001359  Wealth:    109492.49  Turnover: 0.8337  Gross: 1.3999  Gate: 0.7999
Episode 864  Reward:   0.098308  Wealth:    122762.39  Turnover: 0.6711  Gross: 1.4022  Gate: 0.8044
Episode 865  Reward:  -0.236614  Wealth:     86682.14  Turnover: 0.5901  Gross: 1.4031  Gate: 0.8062
Episode 866  Reward:   0.274922  Wealth:    155051.07  Turnover: 0.4961  Gross: 1.4026  Gate: 0.8052
Episode 867  Reward:  -0.058102  Wealth:    106117.42  Turnover: 0.7660  Gross: 1.4033  Gate: 0.8066
Episode 868  Reward:   0.164800  Wealth:    131072.50  Turnover: 0.6749  Gross: 1.3998  Gate: 0.7996
Episode 869  Reward:   0.006246  Wealth:    108686.11  Turnover: 0.6726  Gross: 1.3882  Gate: 0.7764
Episode 870  Reward:   0.187968  Wealth:    136021.63  Turnover: 0.7040  Gross: 1.3886  Gate: 0.7772
Episode    870  AvgReward:   0.057092  Noise: 0.0263
Episode 871  Reward:   0.024020  Wealth:    111247.30  Turnover: 0.7318  Gross: 1.3994  Gate: 0.7988
Episode 872  Reward:   0.207829  Wealth:    141779.23  Turnover: 0.7880  Gross: 1.4019  Gate: 0.8037
Episode 873  Reward:   0.113626  Wealth:    122260.69  Turnover: 0.4031  Gross: 1.4069  Gate: 0.8138
Episode 874  Reward:   0.067407  Wealth:    123091.39  Turnover: 0.6133  Gross: 1.3936  Gate: 0.7871
Episode 875  Reward:   0.246531  Wealth:    155750.57  Turnover: 0.6622  Gross: 1.3943  Gate: 0.7886
Episode 876  Reward:  -0.186882  Wealth:     92451.72  Turnover: 0.3936  Gross: 1.4029  Gate: 0.8058
Episode 877  Reward:   0.052224  Wealth:    113483.24  Turnover: 0.5335  Gross: 1.4019  Gate: 0.8037
Episode 878  Reward:   0.003706  Wealth:    111144.81  Turnover: 0.6550  Gross: 1.3909  Gate: 0.7818
Episode 879  Reward:   0.220393  Wealth:    143811.70  Turnover: 0.5822  Gross: 1.4054  Gate: 0.8107
Episode 880  Reward:  -0.206130  Wealth:     90745.07  Turnover: 0.6057  Gross: 1.4057  Gate: 0.8115
Episode    880  AvgReward:   0.054272  Noise: 0.0258
Episode 881  Reward:   0.188642  Wealth:    133502.19  Turnover: 0.4875  Gross: 1.3942  Gate: 0.7885
Episode 882  Reward:   0.162308  Wealth:    130608.46  Turnover: 0.5438  Gross: 1.4064  Gate: 0.8128
Episode 883  Reward:   0.199339  Wealth:    143830.12  Turnover: 0.4107  Gross: 1.4008  Gate: 0.8016
Episode 884  Reward:  -0.090604  Wealth:     98899.84  Turnover: 0.6236  Gross: 1.3922  Gate: 0.7843
Episode 885  Reward:   0.191249  Wealth:    139769.67  Turnover: 0.8029  Gross: 1.4027  Gate: 0.8054
Episode 886  Reward:  -0.034521  Wealth:    104951.23  Turnover: 0.6712  Gross: 1.3953  Gate: 0.7907
Episode 887  Reward:   0.305191  Wealth:    164303.36  Turnover: 0.7655  Gross: 1.3969  Gate: 0.7938
Episode 888  Reward:   0.238958  Wealth:    144833.76  Turnover: 0.5576  Gross: 1.4009  Gate: 0.8018
Episode 889  Reward:   0.163545  Wealth:    130600.72  Turnover: 0.6678  Gross: 1.3904  Gate: 0.7808
Episode 890  Reward:  -0.086294  Wealth:     99267.42  Turnover: 0.6189  Gross: 1.4053  Gate: 0.8107
Episode    890  AvgReward:   0.123781  Noise: 0.0253
Episode 891  Reward:   0.097056  Wealth:    123106.90  Turnover: 0.7053  Gross: 1.3896  Gate: 0.7792
Episode 892  Reward:   0.122164  Wealth:    124514.43  Turnover: 0.5138  Gross: 1.3995  Gate: 0.7990
Episode 893  Reward:  -0.003310  Wealth:    108476.52  Turnover: 0.6230  Gross: 1.3983  Gate: 0.7966
Episode 894  Reward:  -0.076443  Wealth:     99181.83  Turnover: 0.4980  Gross: 1.4009  Gate: 0.8019
Episode 895  Reward:   0.250235  Wealth:    153336.36  Turnover: 0.8513  Gross: 1.4027  Gate: 0.8054
Episode 896  Reward:   0.240686  Wealth:    145160.82  Turnover: 0.3406  Gross: 1.4029  Gate: 0.8058
Episode 897  Reward:   0.080479  Wealth:    117366.34  Turnover: 0.6426  Gross: 1.3925  Gate: 0.7850
Episode 898  Reward:  -0.028163  Wealth:    107489.25  Turnover: 0.5498  Gross: 1.4021  Gate: 0.8042
Episode 899  Reward:   0.329775  Wealth:    176743.57  Turnover: 1.1234  Gross: 1.3879  Gate: 0.7758
Episode 900  Reward:   0.130614  Wealth:    125539.93  Turnover: 0.4533  Gross: 1.3919  Gate: 0.7838
Episode    900  AvgReward:   0.114309  Noise: 0.0248
Episode 901  Reward:   0.166446  Wealth:    133717.73  Turnover: 0.9606  Gross: 1.3861  Gate: 0.7723
Episode 902  Reward:   0.118911  Wealth:    125331.33  Turnover: 0.8062  Gross: 1.3950  Gate: 0.7901
Episode 903  Reward:   0.000484  Wealth:    110198.70  Turnover: 0.8576  Gross: 1.3951  Gate: 0.7902
Episode 904  Reward:   0.103283  Wealth:    122524.57  Turnover: 0.5526  Gross: 1.3787  Gate: 0.7573
Episode 905  Reward:   0.100256  Wealth:    122897.60  Turnover: 0.5130  Gross: 1.3949  Gate: 0.7897
Episode 906  Reward:   0.104310  Wealth:    122716.88  Turnover: 0.6087  Gross: 1.4018  Gate: 0.8036
Episode 907  Reward:   0.035264  Wealth:    112140.60  Turnover: 0.8139  Gross: 1.3960  Gate: 0.7920
Episode 908  Reward:   0.000733  Wealth:    111034.52  Turnover: 0.6355  Gross: 1.3966  Gate: 0.7933
Episode 909  Reward:   0.237894  Wealth:    146172.66  Turnover: 0.7282  Gross: 1.3931  Gate: 0.7862
Episode 910  Reward:   0.187450  Wealth:    138524.33  Turnover: 0.8916  Gross: 1.3958  Gate: 0.7916
Episode    910  AvgReward:   0.105503  Noise: 0.0243
Episode 911  Reward:   0.090676  Wealth:    122864.39  Turnover: 0.9403  Gross: 1.3912  Gate: 0.7824
Episode 912  Reward:   0.113763  Wealth:    130297.37  Turnover: 0.7361  Gross: 1.4069  Gate: 0.8138
Episode 913  Reward:   0.141973  Wealth:    134449.87  Turnover: 0.6531  Gross: 1.3923  Gate: 0.7847
Episode 914  Reward:   0.186999  Wealth:    137708.52  Turnover: 0.5349  Gross: 1.3957  Gate: 0.7915
Episode 915  Reward:   0.248893  Wealth:    156965.62  Turnover: 0.8720  Gross: 1.3870  Gate: 0.7739
Episode 916  Reward:   0.179990  Wealth:    134469.03  Turnover: 0.6000  Gross: 1.4029  Gate: 0.8058
Episode 917  Reward:  -0.298746  Wealth:     83662.14  Turnover: 0.4290  Gross: 1.3990  Gate: 0.7980
Episode 918  Reward:   0.184361  Wealth:    137821.84  Turnover: 0.5905  Gross: 1.4057  Gate: 0.8113
Episode 919  Reward:   0.325852  Wealth:    175499.49  Turnover: 0.7158  Gross: 1.3876  Gate: 0.7753
Episode 920  Reward:   0.154283  Wealth:    130786.90  Turnover: 0.5775  Gross: 1.4022  Gate: 0.8044
Episode    920  AvgReward:   0.132804  Noise: 0.0238
Episode 921  Reward:   0.118114  Wealth:    128252.98  Turnover: 0.6734  Gross: 1.3931  Gate: 0.7862
Episode 922  Reward:  -0.016484  Wealth:    106581.79  Turnover: 0.7805  Gross: 1.3967  Gate: 0.7935
Episode 923  Reward:   0.254882  Wealth:    146884.31  Turnover: 0.4913  Gross: 1.3936  Gate: 0.7872
Episode 924  Reward:  -0.293283  Wealth:     83311.65  Turnover: 0.7871  Gross: 1.3986  Gate: 0.7972
Episode 925  Reward:   0.139573  Wealth:    133627.87  Turnover: 0.5436  Gross: 1.4005  Gate: 0.8010
Episode 926  Reward:   0.098054  Wealth:    122728.20  Turnover: 0.6248  Gross: 1.4030  Gate: 0.8060
Episode 927  Reward:  -0.015250  Wealth:    104768.29  Turnover: 0.5958  Gross: 1.3919  Gate: 0.7838
Episode 928  Reward:   0.080064  Wealth:    119694.99  Turnover: 0.6004  Gross: 1.4011  Gate: 0.8022
Episode 929  Reward:   0.281882  Wealth:    158648.32  Turnover: 0.9294  Gross: 1.3963  Gate: 0.7926
Episode 930  Reward:   0.026123  Wealth:    111113.96  Turnover: 0.7820  Gross: 1.3795  Gate: 0.7589
Episode    930  AvgReward:   0.067367  Noise: 0.0234
Episode 931  Reward:   0.105169  Wealth:    124120.80  Turnover: 0.8726  Gross: 1.3991  Gate: 0.7982
Episode 932  Reward:   0.183240  Wealth:    137145.24  Turnover: 0.9885  Gross: 1.3940  Gate: 0.7880
Episode 933  Reward:  -0.242464  Wealth:     88357.97  Turnover: 0.6817  Gross: 1.3947  Gate: 0.7894
Episode 934  Reward:   0.124754  Wealth:    130219.00  Turnover: 1.2993  Gross: 1.3969  Gate: 0.7938
Episode 935  Reward:  -0.008193  Wealth:    111480.92  Turnover: 0.7211  Gross: 1.4036  Gate: 0.8073
Episode 936  Reward:   0.174410  Wealth:    133163.96  Turnover: 0.6557  Gross: 1.4009  Gate: 0.8018
Episode 937  Reward:   0.070078  Wealth:    118330.28  Turnover: 0.9873  Gross: 1.3918  Gate: 0.7836
Episode 938  Reward:  -0.224312  Wealth:     87592.18  Turnover: 0.6745  Gross: 1.3962  Gate: 0.7924
Episode 939  Reward:   0.096490  Wealth:    121945.28  Turnover: 0.3896  Gross: 1.4027  Gate: 0.8054
Episode 940  Reward:   0.231563  Wealth:    149123.18  Turnover: 0.4772  Gross: 1.4021  Gate: 0.8042
Episode    940  AvgReward:   0.051074  Noise: 0.0229
Episode 941  Reward:   0.321476  Wealth:    168321.56  Turnover: 0.8152  Gross: 1.4062  Gate: 0.8125
Episode 942  Reward:   0.206862  Wealth:    147500.68  Turnover: 0.9948  Gross: 1.3982  Gate: 0.7965
Episode 943  Reward:  -0.206238  Wealth:     91494.64  Turnover: 0.7758  Gross: 1.3997  Gate: 0.7994
Episode 944  Reward:   0.316812  Wealth:    179206.52  Turnover: 0.9940  Gross: 1.3938  Gate: 0.7876
Episode 945  Reward:   0.118739  Wealth:    126022.54  Turnover: 0.6057  Gross: 1.3931  Gate: 0.7862
Episode 946  Reward:  -0.040838  Wealth:    105829.60  Turnover: 0.8454  Gross: 1.3946  Gate: 0.7892
Episode 947  Reward:   0.041865  Wealth:    116110.30  Turnover: 0.8326  Gross: 1.4000  Gate: 0.8000
Episode 948  Reward:   0.014879  Wealth:    115156.00  Turnover: 0.6918  Gross: 1.3964  Gate: 0.7929
Episode 949  Reward:   0.039926  Wealth:    116371.70  Turnover: 1.0058  Gross: 1.3956  Gate: 0.7911
Episode 950  Reward:   0.306076  Wealth:    160402.75  Turnover: 0.2620  Gross: 1.4011  Gate: 0.8021
Episode    950  AvgReward:   0.111956  Noise: 0.0224
Episode 951  Reward:   0.174800  Wealth:    139756.38  Turnover: 1.2704  Gross: 1.3980  Gate: 0.7960
Episode 952  Reward:   0.136215  Wealth:    128954.21  Turnover: 0.7108  Gross: 1.3929  Gate: 0.7858
Episode 953  Reward:   0.225875  Wealth:    146521.00  Turnover: 0.7343  Gross: 1.3971  Gate: 0.7941
Episode 954  Reward:   0.192483  Wealth:    140015.89  Turnover: 0.5849  Gross: 1.3990  Gate: 0.7981
Episode 955  Reward:   0.036414  Wealth:    114548.88  Turnover: 0.8502  Gross: 1.3997  Gate: 0.7994
Episode 956  Reward:   0.015493  Wealth:    113665.87  Turnover: 0.6294  Gross: 1.3991  Gate: 0.7983
Episode 957  Reward:   0.205203  Wealth:    141098.23  Turnover: 0.9106  Gross: 1.4021  Gate: 0.8041
Episode 958  Reward:  -0.061802  Wealth:    105434.45  Turnover: 0.5319  Gross: 1.3918  Gate: 0.7837
Episode 959  Reward:  -0.117538  Wealth:    100987.05  Turnover: 0.7160  Gross: 1.3920  Gate: 0.7841
Episode 960  Reward:   0.126292  Wealth:    132957.07  Turnover: 0.6997  Gross: 1.4017  Gate: 0.8034
Episode    960  AvgReward:   0.093344  Noise: 0.0220
Episode 961  Reward:   0.034547  Wealth:    118253.75  Turnover: 0.7281  Gross: 1.3924  Gate: 0.7848
Episode 962  Reward:   0.082566  Wealth:    119573.21  Turnover: 0.3864  Gross: 1.4026  Gate: 0.8053
Episode 963  Reward:  -0.185144  Wealth:     92617.91  Turnover: 0.5577  Gross: 1.3824  Gate: 0.7648
Episode 964  Reward:   0.172483  Wealth:    140122.89  Turnover: 0.7899  Gross: 1.3991  Gate: 0.7981
Episode 965  Reward:   0.115872  Wealth:    132538.12  Turnover: 0.7186  Gross: 1.3958  Gate: 0.7917
Episode 966  Reward:   0.088445  Wealth:    125670.87  Turnover: 0.7786  Gross: 1.3940  Gate: 0.7881
Episode 967  Reward:   0.180918  Wealth:    141777.63  Turnover: 1.1019  Gross: 1.3818  Gate: 0.7636
Episode 968  Reward:   0.102093  Wealth:    122144.39  Turnover: 0.6964  Gross: 1.4062  Gate: 0.8123
Episode 969  Reward:   0.020748  Wealth:    116639.23  Turnover: 0.6801  Gross: 1.3982  Gate: 0.7964
Episode 970  Reward:  -0.033369  Wealth:    107258.61  Turnover: 0.7752  Gross: 1.3992  Gate: 0.7985
Episode    970  AvgReward:   0.057916  Noise: 0.0216
Episode 971  Reward:   0.252479  Wealth:    154300.58  Turnover: 1.0460  Gross: 1.3850  Gate: 0.7701
Episode 972  Reward:   0.357187  Wealth:    181021.04  Turnover: 0.6554  Gross: 1.3965  Gate: 0.7929
Episode 973  Reward:   0.203988  Wealth:    146529.24  Turnover: 0.6457  Gross: 1.4036  Gate: 0.8071
Episode 974  Reward:  -0.048604  Wealth:    101708.25  Turnover: 0.5581  Gross: 1.3919  Gate: 0.7838
Episode 975  Reward:   0.081981  Wealth:    121549.17  Turnover: 0.9399  Gross: 1.3925  Gate: 0.7849
Episode 976  Reward:   0.418522  Wealth:    215254.08  Turnover: 0.6963  Gross: 1.3924  Gate: 0.7847
Episode 977  Reward:   0.061127  Wealth:    118892.16  Turnover: 1.0658  Gross: 1.3908  Gate: 0.7816
Episode 978  Reward:   0.292008  Wealth:    162570.29  Turnover: 0.9992  Gross: 1.3992  Gate: 0.7985
Episode 979  Reward:  -0.011386  Wealth:    108391.14  Turnover: 0.8054  Gross: 1.4029  Gate: 0.8059
Episode 980  Reward:   0.183241  Wealth:    141033.29  Turnover: 1.1266  Gross: 1.3905  Gate: 0.7809
Episode    980  AvgReward:   0.179054  Noise: 0.0211
Episode 981  Reward:  -0.169060  Wealth:     92428.78  Turnover: 0.7491  Gross: 1.4051  Gate: 0.8103
Episode 982  Reward:   0.284592  Wealth:    160417.18  Turnover: 0.7432  Gross: 1.3923  Gate: 0.7846
Episode 983  Reward:   0.113598  Wealth:    126130.79  Turnover: 0.9490  Gross: 1.3968  Gate: 0.7937
Episode 984  Reward:   0.196289  Wealth:    141165.78  Turnover: 1.0347  Gross: 1.3985  Gate: 0.7969
Episode 985  Reward:   0.282008  Wealth:    163229.78  Turnover: 0.4328  Gross: 1.3926  Gate: 0.7853
Episode 986  Reward:  -0.227716  Wealth:     87405.45  Turnover: 0.6178  Gross: 1.4034  Gate: 0.8069
Episode 987  Reward:  -0.108467  Wealth:     97196.58  Turnover: 0.4565  Gross: 1.3966  Gate: 0.7931
Episode 988  Reward:  -0.087547  Wealth:    102909.94  Turnover: 0.9822  Gross: 1.4007  Gate: 0.8015
Episode 989  Reward:   0.037589  Wealth:    118752.06  Turnover: 0.8475  Gross: 1.4039  Gate: 0.8077
Episode 990  Reward:   0.056751  Wealth:    119077.47  Turnover: 0.4462  Gross: 1.3958  Gate: 0.7916
Episode    990  AvgReward:   0.037804  Noise: 0.0207
Episode 991  Reward:  -0.241313  Wealth:     89151.30  Turnover: 0.9375  Gross: 1.3968  Gate: 0.7937
Episode 992  Reward:   0.153406  Wealth:    130967.30  Turnover: 0.5717  Gross: 1.4008  Gate: 0.8015
Episode 993  Reward:   0.142838  Wealth:    131867.67  Turnover: 0.6775  Gross: 1.3913  Gate: 0.7827
Episode 994  Reward:   0.314690  Wealth:    179243.66  Turnover: 0.6014  Gross: 1.3985  Gate: 0.7970
Episode 995  Reward:   0.059775  Wealth:    122712.54  Turnover: 0.7796  Gross: 1.3935  Gate: 0.7870
Episode 996  Reward:   0.164191  Wealth:    135350.36  Turnover: 0.8441  Gross: 1.3881  Gate: 0.7763
Episode 997  Reward:   0.209777  Wealth:    138415.96  Turnover: 0.3338  Gross: 1.4063  Gate: 0.8126
Episode 998  Reward:   0.071034  Wealth:    119227.26  Turnover: 0.6305  Gross: 1.3951  Gate: 0.7902
Episode 999  Reward:  -0.030032  Wealth:    105081.99  Turnover: 0.6543  Gross: 1.3825  Gate: 0.7650
Episode 1000  Reward:  -0.032167  Wealth:    107783.56  Turnover: 0.6870  Gross: 1.3963  Gate: 0.7927
Episode   1000  AvgReward:   0.081220  Noise: 0.0203
TRAIN STAGE COMPLETE
PRE-TRAINING BEHAVIOUR GATE PASSED on deterministic held-in episodes: mean_leverage_gate=0.7971, fraction_at_gross_cap=0.0000, gate_gross_mae=0.0000, mean_turnover=0.7408, max_position_limit_violation=0.0000, mean_normalized_direction_entropy=0.8742, q05_normalized_direction_entropy=0.7917, mean_effective_positions=4.2610
Pre-training complete. Agent saved.

============================================================
Stage 2: Fine-tuning on Real Data

============================================================
============================================================
STAGE 2: FINE-TUNING
============================================================
============================================================
TRAIN STAGE STARTED: stage=finetune_selection, episodes=37, batch_size=64, updates_per_step=1
============================================================
Episode 1  Reward:   0.148048  Wealth:    133857.20  Turnover: 1.2016  Gross: 1.3929  Gate: 0.7858
Episode 2  Reward:   0.151665  Wealth:    134470.06  Turnover: 1.2549  Gross: 1.3885  Gate: 0.7770
Episode 3  Reward:   0.157929  Wealth:    135826.98  Turnover: 1.2764  Gross: 1.3908  Gate: 0.7816
Episode 4  Reward:   0.203790  Wealth:    140329.70  Turnover: 0.9596  Gross: 1.3965  Gate: 0.7930
Episode 5  Reward:   0.163640  Wealth:    139606.65  Turnover: 0.9984  Gross: 1.3906  Gate: 0.7812
Episode 6  Reward:   0.246757  Wealth:    157861.96  Turnover: 1.0059  Gross: 1.3933  Gate: 0.7867
Episode 7  Reward:   0.222678  Wealth:    148471.60  Turnover: 1.1049  Gross: 1.3935  Gate: 0.7870
Episode 8  Reward:   0.140543  Wealth:    134892.62  Turnover: 0.6302  Gross: 1.3987  Gate: 0.7975
Episode 9  Reward:   0.099402  Wealth:    127988.99  Turnover: 0.6794  Gross: 1.4038  Gate: 0.8076
Episode 10  Reward:   0.165345  Wealth:    137389.12  Turnover: 1.0591  Gross: 1.3988  Gate: 0.7975
Episode 11  Reward:   0.130650  Wealth:    130206.28  Turnover: 0.9438  Gross: 1.3953  Gate: 0.7907
Episode 12  Reward:   0.109124  Wealth:    125937.84  Turnover: 0.8704  Gross: 1.3974  Gate: 0.7947
Episode 13  Reward:   0.014938  Wealth:    113910.75  Turnover: 0.7266  Gross: 1.3948  Gate: 0.7896
Episode 14  Reward:   0.041415  Wealth:    113390.99  Turnover: 0.6129  Gross: 1.4002  Gate: 0.8003
Episode 15  Reward:  -0.100957  Wealth:     96886.42  Turnover: 0.5379  Gross: 1.3957  Gate: 0.7915
Episode 16  Reward:   0.135742  Wealth:    126715.58  Turnover: 0.6638  Gross: 1.4006  Gate: 0.8013
Episode 17  Reward:  -0.067539  Wealth:    100915.46  Turnover: 0.6895  Gross: 1.3935  Gate: 0.7871
Episode 18  Reward:   0.109595  Wealth:    122753.23  Turnover: 0.6229  Gross: 1.4006  Gate: 0.8011
Episode 19  Reward:   0.195188  Wealth:    138311.14  Turnover: 0.7094  Gross: 1.3933  Gate: 0.7866
Episode 20  Reward:  -0.022865  Wealth:    105436.62  Turnover: 0.7709  Gross: 1.3913  Gate: 0.7826
Episode 21  Reward:   0.226028  Wealth:    145974.19  Turnover: 0.8634  Gross: 1.3980  Gate: 0.7960
Episode 22  Reward:   0.177752  Wealth:    135076.56  Turnover: 0.6053  Gross: 1.3955  Gate: 0.7910
Episode 23  Reward:   0.186654  Wealth:    137184.29  Turnover: 0.7976  Gross: 1.3971  Gate: 0.7942
Episode 24  Reward:   0.238624  Wealth:    149250.25  Turnover: 0.9905  Gross: 1.3946  Gate: 0.7892
Episode 25  Reward:   0.176888  Wealth:    135774.03  Turnover: 1.0511  Gross: 1.3983  Gate: 0.7967
Episode 26  Reward:   0.133625  Wealth:    127588.40  Turnover: 0.9464  Gross: 1.3962  Gate: 0.7924
Episode 27  Reward:   0.259238  Wealth:    156185.16  Turnover: 0.9814  Gross: 1.3963  Gate: 0.7925
Episode 28  Reward:   0.187105  Wealth:    137753.44  Turnover: 1.0108  Gross: 1.3948  Gate: 0.7896
Episode 29  Reward:   0.114187  Wealth:    125582.92  Turnover: 0.9404  Gross: 1.3947  Gate: 0.7894
Episode 30  Reward:   0.134033  Wealth:    129426.17  Turnover: 0.8436  Gross: 1.3915  Gate: 0.7830
Episode 31  Reward:   0.098328  Wealth:    127100.30  Turnover: 0.5050  Gross: 1.3955  Gate: 0.7910
Episode 32  Reward:   0.073688  Wealth:    122050.10  Turnover: 0.6660  Gross: 1.3920  Gate: 0.7840
Episode 33  Reward:   0.052728  Wealth:    120136.47  Turnover: 0.4580  Gross: 1.3922  Gate: 0.7844
Episode 34  Reward:   0.186429  Wealth:    138822.56  Turnover: 0.9929  Gross: 1.3951  Gate: 0.7903
Episode 35  Reward:   0.167449  Wealth:    137565.78  Turnover: 0.6459  Gross: 1.3905  Gate: 0.7810
Episode 36  Reward:   0.189991  Wealth:    139856.84  Turnover: 0.8884  Gross: 1.3910  Gate: 0.7820
Episode 37  Reward:   0.347893  Wealth:    180672.63  Turnover: 0.9109  Gross: 1.3883  Gate: 0.7766
Episode     37  AvgReward:   0.140425  Noise: 0.0417
TRAIN STAGE COMPLETE
VALIDATION pass=1 reward=-0.073325 wealth=101344.13 turnover=0.6032 gross=1.3935
============================================================
TRAIN STAGE STARTED: stage=finetune_refit_all, episodes=61, batch_size=64, updates_per_step=1
============================================================
Episode 1  Reward:  -0.003293  Wealth:    108399.22  Turnover: 0.9183  Gross: 1.3952  Gate: 0.7903
Episode 2  Reward:   0.081541  Wealth:    121335.20  Turnover: 0.8768  Gross: 1.4028  Gate: 0.8056
Episode 3  Reward:   0.111325  Wealth:    123506.26  Turnover: 0.7724  Gross: 1.3994  Gate: 0.7987
Episode 4  Reward:   0.067378  Wealth:    118121.60  Turnover: 0.8945  Gross: 1.3948  Gate: 0.7897
Episode 5  Reward:   0.026267  Wealth:    115244.57  Turnover: 0.7497  Gross: 1.3958  Gate: 0.7917
Episode 6  Reward:   0.110723  Wealth:    122686.19  Turnover: 0.6818  Gross: 1.3824  Gate: 0.7648
Episode 7  Reward:   0.073965  Wealth:    118827.61  Turnover: 0.9372  Gross: 1.3776  Gate: 0.7551
Episode 8  Reward:   0.099753  Wealth:    124173.56  Turnover: 1.0691  Gross: 1.3771  Gate: 0.7542
Episode 9  Reward:   0.221506  Wealth:    145093.07  Turnover: 0.9060  Gross: 1.3846  Gate: 0.7692
Episode 10  Reward:   0.146860  Wealth:    131111.73  Turnover: 0.9909  Gross: 1.3966  Gate: 0.7932
Episode 11  Reward:   0.115363  Wealth:    121964.13  Turnover: 0.3306  Gross: 1.3922  Gate: 0.7844
Episode 12  Reward:  -0.010890  Wealth:    109254.61  Turnover: 0.7706  Gross: 1.3900  Gate: 0.7799
Episode 13  Reward:  -0.047060  Wealth:    104578.31  Turnover: 0.6403  Gross: 1.3938  Gate: 0.7876
Episode 14  Reward:   0.115869  Wealth:    126846.67  Turnover: 0.6931  Gross: 1.3971  Gate: 0.7942
Episode 15  Reward:  -0.151589  Wealth:     95906.60  Turnover: 0.7798  Gross: 1.3961  Gate: 0.7921
Episode 16  Reward:   0.115242  Wealth:    122703.42  Turnover: 0.4528  Gross: 1.3990  Gate: 0.7979
Episode 17  Reward:  -0.055645  Wealth:    104443.03  Turnover: 0.9099  Gross: 1.3980  Gate: 0.7961
Episode 18  Reward:   0.119992  Wealth:    125535.65  Turnover: 0.8686  Gross: 1.3856  Gate: 0.7712
Episode 19  Reward:  -0.030842  Wealth:    106768.62  Turnover: 0.9730  Gross: 1.3970  Gate: 0.7941
Episode 20  Reward:  -0.083210  Wealth:    101773.06  Turnover: 0.9707  Gross: 1.3990  Gate: 0.7980
Episode 21  Reward:   0.060621  Wealth:    117124.86  Turnover: 0.8877  Gross: 1.3916  Gate: 0.7831
Episode 22  Reward:  -0.059053  Wealth:    101818.79  Turnover: 0.7183  Gross: 1.3955  Gate: 0.7910
Episode 23  Reward:   0.085210  Wealth:    119016.15  Turnover: 0.7104  Gross: 1.3959  Gate: 0.7918
Episode 24  Reward:   0.173240  Wealth:    133334.60  Turnover: 0.5232  Gross: 1.3956  Gate: 0.7912
Episode 25  Reward:   0.232916  Wealth:    148666.49  Turnover: 0.9358  Gross: 1.4010  Gate: 0.8020
Episode 26  Reward:  -0.038957  Wealth:    104649.55  Turnover: 0.7425  Gross: 1.3952  Gate: 0.7903
Episode 27  Reward:   0.093728  Wealth:    122049.53  Turnover: 0.7634  Gross: 1.3926  Gate: 0.7851
Episode 28  Reward:   0.189120  Wealth:    136812.19  Turnover: 0.6452  Gross: 1.4030  Gate: 0.8061
Episode 29  Reward:   0.151243  Wealth:    130911.44  Turnover: 0.7816  Gross: 1.3994  Gate: 0.7987
Episode 30  Reward:   0.243633  Wealth:    150955.66  Turnover: 1.0525  Gross: 1.4019  Gate: 0.8039
Episode 31  Reward:   0.214468  Wealth:    146803.13  Turnover: 0.9772  Gross: 1.3984  Gate: 0.7969
Episode 32  Reward:   0.156598  Wealth:    133549.26  Turnover: 0.8992  Gross: 1.3944  Gate: 0.7889
Episode 33  Reward:   0.025298  Wealth:    114156.99  Turnover: 0.8701  Gross: 1.3921  Gate: 0.7842
Episode 34  Reward:  -0.189334  Wealth:     93108.03  Turnover: 0.9625  Gross: 1.3953  Gate: 0.7907
Episode 35  Reward:  -0.178765  Wealth:     94588.69  Turnover: 0.9315  Gross: 1.3954  Gate: 0.7907
Episode 36  Reward:  -0.365264  Wealth:     79790.06  Turnover: 0.8584  Gross: 1.3939  Gate: 0.7877
Episode 37  Reward:  -0.168900  Wealth:     93458.30  Turnover: 0.8765  Gross: 1.3972  Gate: 0.7944
Episode 38  Reward:   0.214864  Wealth:    141462.57  Turnover: 0.4866  Gross: 1.3901  Gate: 0.7803
Episode 39  Reward:   0.258757  Wealth:    152297.93  Turnover: 0.8479  Gross: 1.3961  Gate: 0.7923
Episode 40  Reward:   0.107754  Wealth:    123027.26  Turnover: 0.8899  Gross: 1.3949  Gate: 0.7898
Episode 41  Reward:   0.181375  Wealth:    136967.77  Turnover: 0.7267  Gross: 1.4041  Gate: 0.8082
Episode 42  Reward:   0.176816  Wealth:    134745.24  Turnover: 0.8067  Gross: 1.3980  Gate: 0.7960
Episode 43  Reward:   0.159777  Wealth:    132810.74  Turnover: 0.6486  Gross: 1.3997  Gate: 0.7994
Episode 44  Reward:   0.244434  Wealth:    149200.86  Turnover: 0.9136  Gross: 1.3996  Gate: 0.7991
Episode 45  Reward:   0.209282  Wealth:    141465.24  Turnover: 0.8304  Gross: 1.4006  Gate: 0.8011
Episode 46  Reward:   0.119352  Wealth:    125086.71  Turnover: 0.7690  Gross: 1.4015  Gate: 0.8030
Episode 47  Reward:   0.160569  Wealth:    134053.24  Turnover: 0.9176  Gross: 1.3985  Gate: 0.7971
Episode 48  Reward:   0.189938  Wealth:    141279.02  Turnover: 0.9083  Gross: 1.3976  Gate: 0.7953
Episode 49  Reward:   0.172557  Wealth:    135958.69  Turnover: 0.6737  Gross: 1.3998  Gate: 0.7996
Episode 50  Reward:   0.126478  Wealth:    124956.21  Turnover: 0.8109  Gross: 1.4007  Gate: 0.8015
Episode 51  Reward:   0.101650  Wealth:    121198.76  Turnover: 0.8669  Gross: 1.3984  Gate: 0.7967
Episode 52  Reward:   0.200218  Wealth:    145241.95  Turnover: 0.8627  Gross: 1.4022  Gate: 0.8044
Episode 53  Reward:   0.156463  Wealth:    132798.35  Turnover: 0.6703  Gross: 1.4024  Gate: 0.8049
Episode 54  Reward:   0.250974  Wealth:    153243.69  Turnover: 0.8550  Gross: 1.4015  Gate: 0.8031
Episode 55  Reward:   0.207399  Wealth:    142733.46  Turnover: 0.8460  Gross: 1.4012  Gate: 0.8023
Episode 56  Reward:   0.137203  Wealth:    125757.42  Turnover: 0.7699  Gross: 1.3972  Gate: 0.7943
Episode 57  Reward:   0.161676  Wealth:    130994.86  Turnover: 0.9126  Gross: 1.3957  Gate: 0.7915
Episode 58  Reward:   0.151458  Wealth:    128910.85  Turnover: 0.9836  Gross: 1.3969  Gate: 0.7939
Episode 59  Reward:   0.301883  Wealth:    172512.14  Turnover: 0.8614  Gross: 1.3961  Gate: 0.7921
Episode 60  Reward:   0.243600  Wealth:    156301.00  Turnover: 0.8648  Gross: 1.3975  Gate: 0.7950
Episode 61  Reward:   0.280394  Wealth:    162674.70  Turnover: 0.9199  Gross: 1.4003  Gate: 0.8006
Episode     61  AvgReward:   0.101048  Noise: 0.0370
TRAIN STAGE COMPLETE
Fine-tuning complete. Selected 1 pass(es); final agent saved.

============================================================
TRAINING COMPLETE

============================================================
Error in py_run_string_impl(code, local, convert) : 
  ModuleNotFoundError: No module named 'pandas'
Run `reticulate::py_last_error()` for details.
Calls: py_run_string -> py_run_string_impl
Execution halted

[4/5] Training seed 20260848
Loading configuration from: config/config.yaml 
Run mode: full | seed: 20260848 | CVaR simulations/step: 512 | vine simulation cores: 44
Loading synthetic return bundle: data/synthetic_returns.RData
Loaded 1000 pre-training and 61 fine-tuning episodes.
Fine-tuning selection: 37 fit episodes, 23 purged overlapping episodes, 1 validation episode; final refit uses all 61.
Run seed: 20260848
Run mode: full
PyTorch: 2.10.0+cu128
Device: cuda
Action schema: interior_rank_partition_leverage_gate_v5; projection temperature=1.5
GPU: NVIDIA A100-SXM4-80GB
PYTHON: Framework ready.
Action schema: interior_rank_partition_leverage_gate_v5 | gross=1.500 | net=1.000 | max_long=0.600 | max_short=0.200
Risk/training: entropy_coef=0.005 | leverage_target=0.800 | leverage_penalty=0.25 | direction_bound=5.000 | AMP=False

============================================================
Stage 1: Pre-training on Synthetic Data

============================================================
============================================================
STAGE 1: PRE-TRAINING
============================================================
============================================================
TRAIN STAGE STARTED: stage=pretrain, episodes=1000, batch_size=128, updates_per_step=1
============================================================
Episode 1  Reward:   0.033711  Wealth:    115900.87  Turnover: 1.1367  Gross: 1.2283  Gate: 0.4567
Episode 2  Reward:  -0.054421  Wealth:    104517.14  Turnover: 0.9905  Gross: 1.2579  Gate: 0.5159
Episode 3  Reward:   0.223570  Wealth:    149331.54  Turnover: 1.0030  Gross: 1.2505  Gate: 0.5010
Episode 4  Reward:  -0.556302  Wealth:     68762.58  Turnover: 1.1388  Gross: 1.2392  Gate: 0.4784
Episode 5  Reward:  -0.346983  Wealth:     80262.69  Turnover: 1.0483  Gross: 1.2985  Gate: 0.5970
Episode 6  Reward:  -0.093827  Wealth:    100295.32  Turnover: 1.0542  Gross: 1.2285  Gate: 0.4570
Episode 7  Reward:   0.212531  Wealth:    146018.51  Turnover: 1.1393  Gross: 1.2483  Gate: 0.4966
Episode 8  Reward:  -0.159642  Wealth:     94364.71  Turnover: 1.0777  Gross: 1.2129  Gate: 0.4259
Episode 9  Reward:   0.118361  Wealth:    128805.98  Turnover: 1.0122  Gross: 1.2397  Gate: 0.4794
Episode 10  Reward:   0.160904  Wealth:    135739.25  Turnover: 1.0556  Gross: 1.2557  Gate: 0.5115
Episode     10  AvgReward:  -0.046210  Noise: 0.1473
Episode 11  Reward:   0.302772  Wealth:    169057.05  Turnover: 1.0339  Gross: 1.2319  Gate: 0.4638
Episode 12  Reward:  -0.030213  Wealth:    108339.25  Turnover: 1.1820  Gross: 1.2665  Gate: 0.5331
Episode 13  Reward:  -0.384255  Wealth:     78110.40  Turnover: 1.1507  Gross: 1.2456  Gate: 0.4912
Episode 14  Reward:   0.023488  Wealth:    113952.01  Turnover: 1.0165  Gross: 1.2557  Gate: 0.5113
Episode 15  Reward:   0.163232  Wealth:    134654.39  Turnover: 1.1244  Gross: 1.2443  Gate: 0.4885
Episode 16  Reward:   0.164606  Wealth:    135591.39  Turnover: 1.1264  Gross: 1.2390  Gate: 0.4781
Episode 17  Reward:   0.000041  Wealth:    111022.76  Turnover: 1.1006  Gross: 1.2481  Gate: 0.4961
Episode 18  Reward:  -0.294815  Wealth:     83487.41  Turnover: 1.0069  Gross: 1.2257  Gate: 0.4513
Episode 19  Reward:   0.255897  Wealth:    154978.78  Turnover: 1.1098  Gross: 1.2281  Gate: 0.4563
Episode 20  Reward:  -0.170117  Wealth:     93878.22  Turnover: 1.0340  Gross: 1.2807  Gate: 0.5614
Episode     20  AvgReward:   0.003064  Noise: 0.1444
Episode 21  Reward:  -0.015736  Wealth:    109209.99  Turnover: 1.0341  Gross: 1.2333  Gate: 0.4666
Episode 22  Reward:  -0.228707  Wealth:     88329.76  Turnover: 1.0726  Gross: 1.2261  Gate: 0.4523
Episode 23  Reward:  -0.031898  Wealth:    107467.32  Turnover: 1.0644  Gross: 1.2621  Gate: 0.5241
Episode 24  Reward:   0.180453  Wealth:    140189.11  Turnover: 0.9479  Gross: 1.2400  Gate: 0.4800
Episode 25  Reward:   0.140112  Wealth:    131316.61  Turnover: 1.0224  Gross: 1.2496  Gate: 0.4992
Episode 26  Reward:  -0.193740  Wealth:     91459.95  Turnover: 1.2468  Gross: 1.2813  Gate: 0.5626
Episode 27  Reward:   0.098211  Wealth:    125186.81  Turnover: 1.1048  Gross: 1.2646  Gate: 0.5291
Episode 28  Reward:  -0.287068  Wealth:     84104.54  Turnover: 1.0495  Gross: 1.2608  Gate: 0.5215
Episode 29  Reward:  -0.082845  Wealth:    101345.16  Turnover: 1.1951  Gross: 1.2713  Gate: 0.5427
Episode 30  Reward:  -0.017442  Wealth:    108949.17  Turnover: 0.9964  Gross: 1.2410  Gate: 0.4821
Episode     30  AvgReward:  -0.043866  Noise: 0.1415
Episode 31  Reward:   0.306242  Wealth:    170159.58  Turnover: 1.1177  Gross: 1.2511  Gate: 0.5021
Episode 32  Reward:   0.017198  Wealth:    112404.27  Turnover: 1.1165  Gross: 1.2322  Gate: 0.4643
Episode 33  Reward:  -0.010520  Wealth:    110800.42  Turnover: 1.0617  Gross: 1.2443  Gate: 0.4885
Episode 34  Reward:   0.140527  Wealth:    131812.13  Turnover: 1.0257  Gross: 1.2126  Gate: 0.4251
Episode 35  Reward:   0.004870  Wealth:    111831.33  Turnover: 1.1076  Gross: 1.2450  Gate: 0.4900
Episode 36  Reward:  -0.234538  Wealth:     88465.16  Turnover: 1.0386  Gross: 1.2575  Gate: 0.5150
Episode 37  Reward:  -0.202541  Wealth:     90769.61  Turnover: 0.9867  Gross: 1.2528  Gate: 0.5056
Episode 38  Reward:  -0.254545  Wealth:     87035.86  Turnover: 1.1452  Gross: 1.2461  Gate: 0.4922
Episode 39  Reward:  -0.331826  Wealth:     81139.51  Turnover: 1.0983  Gross: 1.2381  Gate: 0.4762
Episode 40  Reward:  -0.110956  Wealth:     98138.33  Turnover: 1.0507  Gross: 1.2611  Gate: 0.5223
Episode     40  AvgReward:  -0.067609  Noise: 0.1387
Episode 41  Reward:  -0.163150  Wealth:     93822.47  Turnover: 1.0578  Gross: 1.2098  Gate: 0.4197
Episode 42  Reward:   0.121260  Wealth:    128687.95  Turnover: 0.9269  Gross: 1.2197  Gate: 0.4395
Episode 43  Reward:   0.027488  Wealth:    114224.01  Turnover: 0.3026  Gross: 1.0816  Gate: 0.1631
Episode 44  Reward:   0.089321  Wealth:    122534.02  Turnover: 0.3357  Gross: 1.0816  Gate: 0.1632
Episode 45  Reward:  -0.009802  Wealth:    109114.38  Turnover: 0.2816  Gross: 1.0857  Gate: 0.1714
Episode 46  Reward:   0.007304  Wealth:    111353.07  Turnover: 0.2954  Gross: 1.0819  Gate: 0.1639
Episode 47  Reward:  -0.036726  Wealth:    105562.10  Turnover: 0.1713  Gross: 1.0803  Gate: 0.1607
Episode 48  Reward:   0.123016  Wealth:    127314.61  Turnover: 0.2321  Gross: 1.0821  Gate: 0.1642
Episode 49  Reward:   0.285948  Wealth:    160087.60  Turnover: 0.2181  Gross: 1.0823  Gate: 0.1645
Episode 50  Reward:   0.149733  Wealth:    131349.41  Turnover: 0.2669  Gross: 1.0837  Gate: 0.1674
Episode     50  AvgReward:   0.059439  Noise: 0.1360
Episode 51  Reward:   0.092119  Wealth:    122215.86  Turnover: 0.2336  Gross: 1.0878  Gate: 0.1756
Episode 52  Reward:  -0.010623  Wealth:    108549.27  Turnover: 0.3028  Gross: 1.0917  Gate: 0.1833
Episode 53  Reward:  -0.093802  Wealth:     99745.26  Turnover: 0.2748  Gross: 1.0917  Gate: 0.1834
Episode 54  Reward:  -0.195240  Wealth:     90373.11  Turnover: 0.2891  Gross: 1.0965  Gate: 0.1930
Episode 55  Reward:   0.080844  Wealth:    120085.89  Turnover: 0.1935  Gross: 1.0937  Gate: 0.1874
Episode 56  Reward:  -0.035914  Wealth:    105371.71  Turnover: 0.2277  Gross: 1.0972  Gate: 0.1943
Episode 57  Reward:  -0.200249  Wealth:     89827.42  Turnover: 0.3134  Gross: 1.1026  Gate: 0.2052
Episode 58  Reward:   0.318702  Wealth:    168357.06  Turnover: 0.2272  Gross: 1.1012  Gate: 0.2024
Episode 59  Reward:   0.070060  Wealth:    118440.22  Turnover: 0.2793  Gross: 1.1065  Gate: 0.2130
Episode 60  Reward:   0.118548  Wealth:    125829.98  Turnover: 0.2748  Gross: 1.1057  Gate: 0.2115
Episode     60  AvgReward:   0.014445  Noise: 0.1333
Episode 61  Reward:   0.038445  Wealth:    113966.68  Turnover: 0.2386  Gross: 1.1064  Gate: 0.2129
Episode 62  Reward:   0.027238  Wealth:    112604.87  Turnover: 0.2872  Gross: 1.1130  Gate: 0.2260
Episode 63  Reward:  -0.103979  Wealth:     98154.65  Turnover: 0.2887  Gross: 1.1148  Gate: 0.2297
Episode 64  Reward:   0.154008  Wealth:    131234.62  Turnover: 0.2322  Gross: 1.1141  Gate: 0.2281
Episode 65  Reward:   0.093118  Wealth:    121086.82  Turnover: 0.2291  Gross: 1.1165  Gate: 0.2330
Episode 66  Reward:   0.268469  Wealth:    154023.69  Turnover: 0.2312  Gross: 1.1259  Gate: 0.2517
Episode 67  Reward:  -0.248250  Wealth:     85633.15  Turnover: 0.2748  Gross: 1.1287  Gate: 0.2575
Episode 68  Reward:   0.220647  Wealth:    142902.44  Turnover: 0.2769  Gross: 1.1276  Gate: 0.2551
Episode 69  Reward:   0.238653  Wealth:    146316.33  Turnover: 0.3124  Gross: 1.1286  Gate: 0.2572
Episode 70  Reward:  -0.131445  Wealth:     95135.49  Turnover: 0.2744  Gross: 1.1385  Gate: 0.2770
Episode     70  AvgReward:   0.055690  Noise: 0.1306
Episode 71  Reward:   0.113352  Wealth:    123908.31  Turnover: 0.1916  Gross: 1.1366  Gate: 0.2732
Episode 72  Reward:   0.184052  Wealth:    135695.94  Turnover: 0.2813  Gross: 1.1445  Gate: 0.2890
Episode 73  Reward:   0.237547  Wealth:    146149.82  Turnover: 0.2660  Gross: 1.1503  Gate: 0.3007
Episode 74  Reward:   0.039367  Wealth:    113357.32  Turnover: 0.2846  Gross: 1.1604  Gate: 0.3208
Episode 75  Reward:   0.085470  Wealth:    119412.17  Turnover: 0.2073  Gross: 1.1597  Gate: 0.3194
Episode 76  Reward:   0.029205  Wealth:    111562.90  Turnover: 0.2893  Gross: 1.1675  Gate: 0.3350
Episode 77  Reward:   0.002251  Wealth:    108416.69  Turnover: 0.2835  Gross: 1.1735  Gate: 0.3470
Episode 78  Reward:   0.085276  Wealth:    118947.99  Turnover: 0.3119  Gross: 1.1764  Gate: 0.3529
Episode 79  Reward:   0.127530  Wealth:    125364.23  Turnover: 0.2754  Gross: 1.1884  Gate: 0.3767
Episode 80  Reward:  -0.094053  Wealth:     97939.80  Turnover: 0.2625  Gross: 1.1945  Gate: 0.3890
Episode     80  AvgReward:   0.081000  Noise: 0.1281
Episode 81  Reward:   0.112267  Wealth:    122801.38  Turnover: 0.3180  Gross: 1.2010  Gate: 0.4020
Episode 82  Reward:   0.094252  Wealth:    120137.13  Turnover: 0.2409  Gross: 1.2025  Gate: 0.4051
Episode 83  Reward:   0.172083  Wealth:    132097.91  Turnover: 0.3767  Gross: 1.2157  Gate: 0.4313
Episode 84  Reward:   0.157955  Wealth:    130202.45  Turnover: 0.3566  Gross: 1.2197  Gate: 0.4394
Episode 85  Reward:   0.070135  Wealth:    116752.35  Turnover: 0.3028  Gross: 1.2280  Gate: 0.4561
Episode 86  Reward:   0.068113  Wealth:    116161.78  Turnover: 0.2963  Gross: 1.2346  Gate: 0.4693
Episode 87  Reward:   0.119699  Wealth:    123931.74  Turnover: 0.3513  Gross: 1.2390  Gate: 0.4779
Episode 88  Reward:   0.048166  Wealth:    113559.73  Turnover: 0.4512  Gross: 1.2564  Gate: 0.5128
Episode 89  Reward:   0.150086  Wealth:    128522.79  Turnover: 0.3171  Gross: 1.2613  Gate: 0.5226
Episode 90  Reward:   0.118722  Wealth:    123075.21  Turnover: 0.2638  Gross: 1.2588  Gate: 0.5177
Episode     90  AvgReward:   0.111148  Noise: 0.1255
Episode 91  Reward:   0.113376  Wealth:    122824.04  Turnover: 0.3559  Gross: 1.2757  Gate: 0.5513
Episode 92  Reward:   0.120509  Wealth:    123864.29  Turnover: 0.4302  Gross: 1.2864  Gate: 0.5729
Episode 93  Reward:   0.077694  Wealth:    117764.78  Turnover: 0.3401  Gross: 1.2971  Gate: 0.5942
Episode 94  Reward:   0.042023  Wealth:    112987.52  Turnover: 0.3275  Gross: 1.3095  Gate: 0.6191
Episode 95  Reward:   0.227493  Wealth:    142282.64  Turnover: 0.3434  Gross: 1.3153  Gate: 0.6306
Episode 96  Reward:   0.144783  Wealth:    127640.42  Turnover: 0.2775  Gross: 1.3124  Gate: 0.6248
Episode 97  Reward:   0.010247  Wealth:    108937.57  Turnover: 0.3771  Gross: 1.3208  Gate: 0.6416
Episode 98  Reward:   0.068097  Wealth:    116033.89  Turnover: 0.4348  Gross: 1.3169  Gate: 0.6338
Episode 99  Reward:   0.135678  Wealth:    126240.93  Turnover: 0.3752  Gross: 1.3395  Gate: 0.6789
Episode 100  Reward:   0.254992  Wealth:    149000.60  Turnover: 0.3893  Gross: 1.3299  Gate: 0.6598
Episode    100  AvgReward:   0.119489  Noise: 0.1230
Episode 101  Reward:  -0.138163  Wealth:     93941.45  Turnover: 0.3411  Gross: 1.3379  Gate: 0.6757
Episode 102  Reward:   0.029088  Wealth:    110852.59  Turnover: 0.4275  Gross: 1.3564  Gate: 0.7127
Episode 103  Reward:   0.109394  Wealth:    121953.66  Turnover: 0.3968  Gross: 1.3489  Gate: 0.6977
Episode 104  Reward:   0.126359  Wealth:    124479.06  Turnover: 0.3585  Gross: 1.3500  Gate: 0.7000
Episode 105  Reward:   0.244396  Wealth:    146610.70  Turnover: 0.3993  Gross: 1.3645  Gate: 0.7289
Episode 106  Reward:   0.136471  Wealth:    126173.47  Turnover: 0.3639  Gross: 1.3742  Gate: 0.7483
Episode 107  Reward:   0.150288  Wealth:    127873.81  Turnover: 0.3973  Gross: 1.3806  Gate: 0.7612
Episode 108  Reward:  -0.034169  Wealth:    104288.28  Turnover: 0.3651  Gross: 1.3868  Gate: 0.7735
Episode 109  Reward:   0.118237  Wealth:    123022.68  Turnover: 0.4774  Gross: 1.3674  Gate: 0.7348
Episode 110  Reward:  -0.106602  Wealth:     96600.81  Turnover: 0.4050  Gross: 1.3954  Gate: 0.7907
Episode    110  AvgReward:   0.063530  Noise: 0.1206
Episode 111  Reward:   0.145537  Wealth:    128069.94  Turnover: 0.4016  Gross: 1.3934  Gate: 0.7867
Episode 112  Reward:   0.137789  Wealth:    126982.26  Turnover: 0.4620  Gross: 1.3873  Gate: 0.7747
Episode 113  Reward:  -0.096035  Wealth:     97718.61  Turnover: 0.4481  Gross: 1.3872  Gate: 0.7743
Episode 114  Reward:   0.242538  Wealth:    146163.02  Turnover: 0.4968  Gross: 1.3892  Gate: 0.7785
Episode 115  Reward:   0.126518  Wealth:    125337.35  Turnover: 0.4980  Gross: 1.3942  Gate: 0.7884
Episode 116  Reward:   0.133248  Wealth:    126593.62  Turnover: 0.4593  Gross: 1.3870  Gate: 0.7739
Episode 117  Reward:   0.163792  Wealth:    131240.99  Turnover: 0.4937  Gross: 1.3697  Gate: 0.7394
Episode 118  Reward:   0.200171  Wealth:    137812.12  Turnover: 0.4869  Gross: 1.4000  Gate: 0.7999
Episode 119  Reward:   0.063617  Wealth:    116466.23  Turnover: 0.5866  Gross: 1.3767  Gate: 0.7535
Episode 120  Reward:   0.128497  Wealth:    125338.18  Turnover: 0.5232  Gross: 1.3992  Gate: 0.7984
Episode    120  AvgReward:   0.124567  Noise: 0.1182
Episode 121  Reward:   0.117955  Wealth:    124899.28  Turnover: 0.3920  Gross: 1.3647  Gate: 0.7294
Episode 122  Reward:   0.171215  Wealth:    133634.03  Turnover: 0.5354  Gross: 1.3907  Gate: 0.7814
Episode 123  Reward:   0.027216  Wealth:    111541.71  Turnover: 0.3781  Gross: 1.3976  Gate: 0.7951
Episode 124  Reward:   0.326082  Wealth:    167937.77  Turnover: 0.4580  Gross: 1.3778  Gate: 0.7556
Episode 125  Reward:   0.043668  Wealth:    114068.79  Turnover: 0.3895  Gross: 1.3840  Gate: 0.7680
Episode 126  Reward:   0.072141  Wealth:    118108.16  Turnover: 0.3671  Gross: 1.3894  Gate: 0.7788
Episode 127  Reward:   0.051711  Wealth:    115439.32  Turnover: 0.5517  Gross: 1.3841  Gate: 0.7681
Episode 128  Reward:   0.148307  Wealth:    129542.32  Turnover: 0.4412  Gross: 1.3757  Gate: 0.7513
Episode 129  Reward:  -0.030519  Wealth:    105254.55  Turnover: 0.5482  Gross: 1.3946  Gate: 0.7891
Episode 130  Reward:   0.141960  Wealth:    127704.87  Turnover: 0.4326  Gross: 1.3991  Gate: 0.7981
Episode    130  AvgReward:   0.106973  Noise: 0.1159
Episode 131  Reward:   0.042961  Wealth:    113805.56  Turnover: 0.4499  Gross: 1.3964  Gate: 0.7929
Episode 132  Reward:  -0.108528  Wealth:     97721.28  Turnover: 0.5435  Gross: 1.3635  Gate: 0.7271
Episode 133  Reward:   0.044949  Wealth:    114067.98  Turnover: 0.5496  Gross: 1.3966  Gate: 0.7931
Episode 134  Reward:  -0.351559  Wealth:     78466.22  Turnover: 0.5590  Gross: 1.3762  Gate: 0.7525
Episode 135  Reward:   0.170492  Wealth:    133597.52  Turnover: 0.5231  Gross: 1.3911  Gate: 0.7822
Episode 136  Reward:   0.001751  Wealth:    108566.06  Turnover: 0.4294  Gross: 1.3953  Gate: 0.7906
Episode 137  Reward:   0.025938  Wealth:    111762.02  Turnover: 0.5126  Gross: 1.3918  Gate: 0.7837
Episode 138  Reward:   0.167935  Wealth:    133415.18  Turnover: 0.6539  Gross: 1.3866  Gate: 0.7732
Episode 139  Reward:   0.072709  Wealth:    117647.85  Turnover: 0.5715  Gross: 1.3927  Gate: 0.7854
Episode 140  Reward:   0.209108  Wealth:    140407.85  Turnover: 0.5554  Gross: 1.3878  Gate: 0.7755
Episode    140  AvgReward:   0.027576  Noise: 0.1136
Episode 141  Reward:   0.113522  Wealth:    126149.67  Turnover: 0.7422  Gross: 1.3319  Gate: 0.6638
Episode 142  Reward:  -0.223502  Wealth:     87793.78  Turnover: 0.6223  Gross: 1.3644  Gate: 0.7288
Episode 143  Reward:   0.046980  Wealth:    114555.99  Turnover: 0.5908  Gross: 1.3926  Gate: 0.7852
Episode 144  Reward:   0.165196  Wealth:    131840.27  Turnover: 0.4729  Gross: 1.3858  Gate: 0.7716
Episode 145  Reward:   0.014734  Wealth:    110623.43  Turnover: 0.6476  Gross: 1.3767  Gate: 0.7535
Episode 146  Reward:   0.135920  Wealth:    127833.60  Turnover: 0.4801  Gross: 1.3934  Gate: 0.7868
Episode 147  Reward:  -0.177912  Wealth:     91090.03  Turnover: 0.4761  Gross: 1.4014  Gate: 0.8029
Episode 148  Reward:  -0.058821  Wealth:    102425.55  Turnover: 0.6747  Gross: 1.3954  Gate: 0.7907
Episode 149  Reward:   0.203289  Wealth:    140069.47  Turnover: 0.4863  Gross: 1.3873  Gate: 0.7747
Episode 150  Reward:  -0.012335  Wealth:    108034.57  Turnover: 0.6660  Gross: 1.3942  Gate: 0.7883
Episode    150  AvgReward:   0.020707  Noise: 0.1113
Episode 151  Reward:   0.079104  Wealth:    120610.96  Turnover: 0.7046  Gross: 1.3788  Gate: 0.7577
Episode 152  Reward:   0.007277  Wealth:    109254.58  Turnover: 0.4483  Gross: 1.3975  Gate: 0.7949
Episode 153  Reward:   0.140382  Wealth:    128067.94  Turnover: 0.3984  Gross: 1.3867  Gate: 0.7734
Episode 154  Reward:   0.183584  Wealth:    136687.30  Turnover: 0.5465  Gross: 1.3771  Gate: 0.7543
Episode 155  Reward:   0.002091  Wealth:    110236.87  Turnover: 0.7681  Gross: 1.3872  Gate: 0.7745
Episode 156  Reward:  -0.289030  Wealth:     82469.46  Turnover: 0.4301  Gross: 1.3880  Gate: 0.7760
Episode 157  Reward:  -0.256354  Wealth:     84950.68  Turnover: 0.5253  Gross: 1.3918  Gate: 0.7836
Episode 158  Reward:   0.144565  Wealth:    129539.11  Turnover: 0.4065  Gross: 1.3845  Gate: 0.7690
Episode 159  Reward:  -0.076671  Wealth:    101207.97  Turnover: 0.5783  Gross: 1.3912  Gate: 0.7823
Episode 160  Reward:   0.168336  Wealth:    133330.84  Turnover: 0.5196  Gross: 1.4031  Gate: 0.8061
Episode    160  AvgReward:   0.010328  Noise: 0.1091
Episode 161  Reward:   0.330544  Wealth:    172457.93  Turnover: 0.6373  Gross: 1.3790  Gate: 0.7580
Episode 162  Reward:   0.053273  Wealth:    115430.22  Turnover: 0.5483  Gross: 1.4064  Gate: 0.8129
Episode 163  Reward:   0.019011  Wealth:    110909.09  Turnover: 0.4424  Gross: 1.3613  Gate: 0.7225
Episode 164  Reward:   0.210591  Wealth:    142135.38  Turnover: 0.5040  Gross: 1.3988  Gate: 0.7976
Episode 165  Reward:   0.062826  Wealth:    115847.70  Turnover: 0.4079  Gross: 1.3754  Gate: 0.7508
Episode 166  Reward:   0.038228  Wealth:    115196.68  Turnover: 0.7325  Gross: 1.3918  Gate: 0.7836
Episode 167  Reward:   0.110914  Wealth:    124840.18  Turnover: 0.4709  Gross: 1.4025  Gate: 0.8050
Episode 168  Reward:  -0.204245  Wealth:     89150.20  Turnover: 0.4972  Gross: 1.3927  Gate: 0.7854
Episode 169  Reward:   0.082169  Wealth:    120813.06  Turnover: 0.6317  Gross: 1.3952  Gate: 0.7905
Episode 170  Reward:  -0.040246  Wealth:    105824.34  Turnover: 0.4402  Gross: 1.4015  Gate: 0.8029
Episode    170  AvgReward:   0.066306  Noise: 0.1069
Episode 171  Reward:   0.102581  Wealth:    128196.02  Turnover: 0.4620  Gross: 1.3446  Gate: 0.6893
Episode 172  Reward:   0.103005  Wealth:    121930.88  Turnover: 0.3839  Gross: 1.3797  Gate: 0.7594
Episode 173  Reward:   0.167153  Wealth:    140165.22  Turnover: 0.5182  Gross: 1.3555  Gate: 0.7109
Episode 174  Reward:   0.278998  Wealth:    155841.25  Turnover: 0.3924  Gross: 1.3617  Gate: 0.7235
Episode 175  Reward:  -0.195510  Wealth:     91091.07  Turnover: 0.6714  Gross: 1.3409  Gate: 0.6819
Episode 176  Reward:  -0.228679  Wealth:     88091.82  Turnover: 0.5334  Gross: 1.3917  Gate: 0.7834
Episode 177  Reward:  -0.071945  Wealth:    101876.55  Turnover: 0.6884  Gross: 1.3849  Gate: 0.7698
Episode 178  Reward:   0.238719  Wealth:    149407.93  Turnover: 0.4742  Gross: 1.3999  Gate: 0.7997
Episode 179  Reward:   0.129808  Wealth:    128519.36  Turnover: 0.5690  Gross: 1.4098  Gate: 0.8196
Episode 180  Reward:   0.265090  Wealth:    152744.33  Turnover: 0.4694  Gross: 1.4002  Gate: 0.8004
Episode    180  AvgReward:   0.078922  Noise: 0.1048
Episode 181  Reward:   0.094604  Wealth:    122255.13  Turnover: 0.6028  Gross: 1.4010  Gate: 0.8019
Episode 182  Reward:   0.051583  Wealth:    115931.33  Turnover: 0.5934  Gross: 1.4006  Gate: 0.8011
Episode 183  Reward:  -0.231080  Wealth:     87470.00  Turnover: 0.6402  Gross: 1.4048  Gate: 0.8095
Episode 184  Reward:   0.067540  Wealth:    118031.67  Turnover: 0.4227  Gross: 1.3974  Gate: 0.7948
Episode 185  Reward:   0.093047  Wealth:    121458.01  Turnover: 0.4974  Gross: 1.3719  Gate: 0.7438
Episode 186  Reward:   0.039416  Wealth:    114581.12  Turnover: 0.5465  Gross: 1.4111  Gate: 0.8221
Episode 187  Reward:  -0.084290  Wealth:    100912.19  Turnover: 0.7054  Gross: 1.3769  Gate: 0.7538
Episode 188  Reward:   0.062236  Wealth:    116445.28  Turnover: 0.5646  Gross: 1.4076  Gate: 0.8152
Episode 189  Reward:   0.191582  Wealth:    137089.29  Turnover: 0.6810  Gross: 1.3749  Gate: 0.7498
Episode 190  Reward:  -0.056033  Wealth:    106343.80  Turnover: 0.5268  Gross: 1.3840  Gate: 0.7681
Episode    190  AvgReward:   0.022861  Noise: 0.1027
Episode 191  Reward:   0.129727  Wealth:    130714.82  Turnover: 0.7892  Gross: 1.4046  Gate: 0.8091
Episode 192  Reward:   0.267923  Wealth:    159285.00  Turnover: 0.6234  Gross: 1.3866  Gate: 0.7731
Episode 193  Reward:   0.261074  Wealth:    153196.21  Turnover: 0.6833  Gross: 1.3934  Gate: 0.7869
Episode 194  Reward:   0.058401  Wealth:    118849.90  Turnover: 0.9038  Gross: 1.3869  Gate: 0.7738
Episode 195  Reward:  -0.006372  Wealth:    107886.94  Turnover: 0.5949  Gross: 1.4059  Gate: 0.8118
Episode 196  Reward:   0.139425  Wealth:    133459.43  Turnover: 0.7304  Gross: 1.3845  Gate: 0.7689
Episode 197  Reward:  -0.001856  Wealth:    108874.15  Turnover: 0.5340  Gross: 1.3798  Gate: 0.7596
Episode 198  Reward:   0.097185  Wealth:    125054.35  Turnover: 0.7494  Gross: 1.3815  Gate: 0.7629
Episode 199  Reward:  -0.193558  Wealth:     90211.03  Turnover: 0.5926  Gross: 1.4017  Gate: 0.8035
Episode 200  Reward:   0.252930  Wealth:    152526.65  Turnover: 0.5997  Gross: 1.4142  Gate: 0.8284
Episode    200  AvgReward:   0.100488  Noise: 0.1007
Episode 201  Reward:   0.102796  Wealth:    122068.94  Turnover: 0.4580  Gross: 1.3679  Gate: 0.7359
Episode 202  Reward:   0.158143  Wealth:    133732.68  Turnover: 0.6080  Gross: 1.4120  Gate: 0.8240
Episode 203  Reward:  -0.240198  Wealth:     88372.55  Turnover: 0.5898  Gross: 1.3832  Gate: 0.7663
Episode 204  Reward:  -0.216531  Wealth:     90820.88  Turnover: 0.5520  Gross: 1.3697  Gate: 0.7394
Episode 205  Reward:   0.022939  Wealth:    113424.52  Turnover: 0.5701  Gross: 1.4011  Gate: 0.8022
Episode 206  Reward:   0.107757  Wealth:    122251.31  Turnover: 0.2688  Gross: 1.3938  Gate: 0.7877
Episode 207  Reward:   0.185627  Wealth:    135516.62  Turnover: 0.3610  Gross: 1.4025  Gate: 0.8049
Episode 208  Reward:  -0.344144  Wealth:     81239.78  Turnover: 0.5595  Gross: 1.3621  Gate: 0.7243
Episode 209  Reward:   0.094562  Wealth:    120603.54  Turnover: 0.5141  Gross: 1.4005  Gate: 0.8010
Episode 210  Reward:   0.001630  Wealth:    109200.52  Turnover: 0.5573  Gross: 1.3849  Gate: 0.7698
Episode    210  AvgReward:  -0.012742  Noise: 0.0987
Episode 211  Reward:   0.115801  Wealth:    122829.27  Turnover: 0.2958  Gross: 1.3890  Gate: 0.7780
Episode 212  Reward:  -0.070795  Wealth:    101159.67  Turnover: 0.6134  Gross: 1.4017  Gate: 0.8035
Episode 213  Reward:   0.004346  Wealth:    109350.23  Turnover: 0.3982  Gross: 1.4168  Gate: 0.8336
Episode 214  Reward:   0.094614  Wealth:    124304.03  Turnover: 0.6921  Gross: 1.3883  Gate: 0.7767
Episode 215  Reward:   0.092930  Wealth:    122019.82  Turnover: 0.5524  Gross: 1.4098  Gate: 0.8196
Episode 216  Reward:   0.238758  Wealth:    150714.47  Turnover: 0.6080  Gross: 1.3769  Gate: 0.7537
Episode 217  Reward:   0.038209  Wealth:    114738.32  Turnover: 0.7731  Gross: 1.4038  Gate: 0.8076
Episode 218  Reward:   0.031151  Wealth:    115582.79  Turnover: 0.7023  Gross: 1.4073  Gate: 0.8146
Episode 219  Reward:   0.049101  Wealth:    114454.91  Turnover: 0.5884  Gross: 1.4008  Gate: 0.8016
Episode 220  Reward:   0.021574  Wealth:    110630.59  Turnover: 0.5431  Gross: 1.4005  Gate: 0.8010
Episode    220  AvgReward:   0.061569  Noise: 0.0968
Episode 221  Reward:   0.010976  Wealth:    109830.80  Turnover: 0.3701  Gross: 1.3983  Gate: 0.7965
Episode 222  Reward:  -0.100255  Wealth:    100062.97  Turnover: 0.7579  Gross: 1.3890  Gate: 0.7779
Episode 223  Reward:   0.221746  Wealth:    141593.89  Turnover: 0.3758  Gross: 1.3892  Gate: 0.7783
Episode 224  Reward:  -0.012106  Wealth:    108065.73  Turnover: 0.5975  Gross: 1.3880  Gate: 0.7759
Episode 225  Reward:   0.202684  Wealth:    142813.79  Turnover: 0.4285  Gross: 1.3893  Gate: 0.7786
Episode 226  Reward:   0.095379  Wealth:    122452.19  Turnover: 0.6319  Gross: 1.4176  Gate: 0.8353
Episode 227  Reward:   0.149035  Wealth:    131353.89  Turnover: 0.5120  Gross: 1.4097  Gate: 0.8195
Episode 228  Reward:  -0.039711  Wealth:    104135.15  Turnover: 0.5040  Gross: 1.4059  Gate: 0.8117
Episode 229  Reward:  -0.116235  Wealth:     96829.58  Turnover: 0.4739  Gross: 1.3993  Gate: 0.7987
Episode 230  Reward:   0.014082  Wealth:    111618.18  Turnover: 0.4286  Gross: 1.3897  Gate: 0.7794
Episode    230  AvgReward:   0.042560  Noise: 0.0948
Episode 231  Reward:   0.037632  Wealth:    118222.64  Turnover: 0.5037  Gross: 1.3845  Gate: 0.7690
Episode 232  Reward:   0.103283  Wealth:    121259.38  Turnover: 0.3967  Gross: 1.4056  Gate: 0.8112
Episode 233  Reward:  -0.027323  Wealth:    104582.58  Turnover: 0.3957  Gross: 1.4005  Gate: 0.8011
Episode 234  Reward:   0.069281  Wealth:    115926.20  Turnover: 0.2338  Gross: 1.4013  Gate: 0.8027
Episode 235  Reward:   0.197970  Wealth:    136671.03  Turnover: 0.3665  Gross: 1.3978  Gate: 0.7956
Episode 236  Reward:   0.057826  Wealth:    116660.01  Turnover: 0.5579  Gross: 1.4142  Gate: 0.8284
Episode 237  Reward:  -0.221996  Wealth:     87981.17  Turnover: 0.5252  Gross: 1.4137  Gate: 0.8275
Episode 238  Reward:   0.038526  Wealth:    112118.66  Turnover: 0.3611  Gross: 1.4121  Gate: 0.8241
Episode 239  Reward:   0.137712  Wealth:    127866.26  Turnover: 0.4211  Gross: 1.4116  Gate: 0.8232
Episode 240  Reward:   0.096863  Wealth:    126052.44  Turnover: 0.5600  Gross: 1.3910  Gate: 0.7820
Episode    240  AvgReward:   0.048977  Noise: 0.0930
Episode 241  Reward:   0.026282  Wealth:    115607.48  Turnover: 0.5979  Gross: 1.3877  Gate: 0.7753
Episode 242  Reward:   0.225942  Wealth:    141857.85  Turnover: 0.3446  Gross: 1.3996  Gate: 0.7992
Episode 243  Reward:   0.329392  Wealth:    169301.43  Turnover: 0.6061  Gross: 1.4003  Gate: 0.8005
Episode 244  Reward:  -0.101666  Wealth:     99937.92  Turnover: 0.6074  Gross: 1.3875  Gate: 0.7749
Episode 245  Reward:   0.159064  Wealth:    129356.54  Turnover: 0.1691  Gross: 1.3980  Gate: 0.7960
Episode 246  Reward:   0.182346  Wealth:    133356.81  Turnover: 0.2272  Gross: 1.3935  Gate: 0.7870
Episode 247  Reward:  -0.166461  Wealth:     93890.27  Turnover: 0.5605  Gross: 1.3923  Gate: 0.7847
Episode 248  Reward:   0.178907  Wealth:    134909.73  Turnover: 0.5417  Gross: 1.3934  Gate: 0.7868
Episode 249  Reward:   0.130683  Wealth:    124686.38  Turnover: 0.2747  Gross: 1.3978  Gate: 0.7956
Episode 250  Reward:  -0.088896  Wealth:     99636.26  Turnover: 0.7873  Gross: 1.4039  Gate: 0.8078
Episode    250  AvgReward:   0.087559  Noise: 0.0911
Episode 251  Reward:   0.177634  Wealth:    134438.44  Turnover: 0.2347  Gross: 1.3934  Gate: 0.7869
Episode 252  Reward:   0.135503  Wealth:    126986.95  Turnover: 0.4678  Gross: 1.4104  Gate: 0.8207
Episode 253  Reward:   0.241502  Wealth:    146633.40  Turnover: 0.2594  Gross: 1.3938  Gate: 0.7877
Episode 254  Reward:   0.142634  Wealth:    126978.23  Turnover: 0.4205  Gross: 1.4028  Gate: 0.8055
Episode 255  Reward:  -0.018697  Wealth:    108416.49  Turnover: 0.3988  Gross: 1.4024  Gate: 0.8048
Episode 256  Reward:  -0.012877  Wealth:    106993.87  Turnover: 0.6475  Gross: 1.4039  Gate: 0.8078
Episode 257  Reward:   0.075366  Wealth:    118701.73  Turnover: 0.5238  Gross: 1.3946  Gate: 0.7891
Episode 258  Reward:   0.192614  Wealth:    138236.12  Turnover: 0.3361  Gross: 1.3969  Gate: 0.7939
Episode 259  Reward:   0.160150  Wealth:    130893.32  Turnover: 0.3678  Gross: 1.4055  Gate: 0.8111
Episode 260  Reward:   0.043730  Wealth:    119015.28  Turnover: 0.6167  Gross: 1.3921  Gate: 0.7841
Episode    260  AvgReward:   0.113756  Noise: 0.0893
Episode 261  Reward:  -0.089066  Wealth:     98775.71  Turnover: 0.4277  Gross: 1.3986  Gate: 0.7971
Episode 262  Reward:   0.048570  Wealth:    113060.59  Turnover: 0.2863  Gross: 1.4004  Gate: 0.8008
Episode 263  Reward:   0.063800  Wealth:    116820.05  Turnover: 0.4763  Gross: 1.3870  Gate: 0.7741
Episode 264  Reward:  -0.192925  Wealth:     90567.42  Turnover: 0.5333  Gross: 1.4029  Gate: 0.8057
Episode 265  Reward:   0.154663  Wealth:    131703.40  Turnover: 0.4842  Gross: 1.4001  Gate: 0.8003
Episode 266  Reward:   0.111019  Wealth:    121726.03  Turnover: 0.3784  Gross: 1.3973  Gate: 0.7946
Episode 267  Reward:  -0.040050  Wealth:    104679.37  Turnover: 0.3572  Gross: 1.3900  Gate: 0.7799
Episode 268  Reward:   0.127906  Wealth:    124914.91  Turnover: 0.4384  Gross: 1.4116  Gate: 0.8233
Episode 269  Reward:   0.120947  Wealth:    127041.63  Turnover: 0.4251  Gross: 1.3789  Gate: 0.7577
Episode 270  Reward:   0.058549  Wealth:    115583.62  Turnover: 0.2998  Gross: 1.3909  Gate: 0.7817
Episode    270  AvgReward:   0.036341  Noise: 0.0875
Episode 271  Reward:   0.152946  Wealth:    130495.32  Turnover: 0.4462  Gross: 1.4090  Gate: 0.8180
Episode 272  Reward:   0.076366  Wealth:    115929.82  Turnover: 0.4274  Gross: 1.4011  Gate: 0.8022
Episode 273  Reward:   0.164721  Wealth:    130082.34  Turnover: 0.2912  Gross: 1.4016  Gate: 0.8032
Episode 274  Reward:   0.046887  Wealth:    115862.92  Turnover: 0.5986  Gross: 1.4005  Gate: 0.8010
Episode 275  Reward:  -0.058118  Wealth:    102142.70  Turnover: 0.5436  Gross: 1.4009  Gate: 0.8018
Episode 276  Reward:   0.130210  Wealth:    128140.53  Turnover: 0.5684  Gross: 1.4022  Gate: 0.8045
Episode 277  Reward:   0.174669  Wealth:    134316.59  Turnover: 0.7329  Gross: 1.3945  Gate: 0.7890
Episode 278  Reward:   0.289297  Wealth:    162420.04  Turnover: 0.4595  Gross: 1.3872  Gate: 0.7743
Episode 279  Reward:   0.034865  Wealth:    112614.34  Turnover: 0.4247  Gross: 1.4003  Gate: 0.8007
Episode 280  Reward:  -0.161595  Wealth:     95265.17  Turnover: 0.5577  Gross: 1.3811  Gate: 0.7622
Episode    280  AvgReward:   0.085025  Noise: 0.0858
Episode 281  Reward:   0.179263  Wealth:    137619.54  Turnover: 0.7280  Gross: 1.3896  Gate: 0.7793
Episode 282  Reward:   0.108369  Wealth:    122157.87  Turnover: 0.5746  Gross: 1.4015  Gate: 0.8030
Episode 283  Reward:   0.188110  Wealth:    134201.26  Turnover: 0.3311  Gross: 1.3979  Gate: 0.7959
Episode 284  Reward:   0.075201  Wealth:    117910.54  Turnover: 0.4070  Gross: 1.3982  Gate: 0.7964
Episode 285  Reward:  -0.060219  Wealth:    103260.18  Turnover: 0.8444  Gross: 1.4044  Gate: 0.8088
Episode 286  Reward:   0.258958  Wealth:    150902.65  Turnover: 0.3801  Gross: 1.4004  Gate: 0.8009
Episode 287  Reward:  -0.048395  Wealth:    102491.86  Turnover: 0.6124  Gross: 1.4034  Gate: 0.8068
Episode 288  Reward:   0.207355  Wealth:    139939.32  Turnover: 0.6312  Gross: 1.3963  Gate: 0.7926
Episode 289  Reward:   0.285787  Wealth:    158935.69  Turnover: 0.4491  Gross: 1.3856  Gate: 0.7712
Episode 290  Reward:  -0.178716  Wealth:     93719.39  Turnover: 0.6639  Gross: 1.3876  Gate: 0.7753
Episode    290  AvgReward:   0.101571  Noise: 0.0841
Episode 291  Reward:  -0.018692  Wealth:    106755.54  Turnover: 0.5580  Gross: 1.4120  Gate: 0.8241
Episode 292  Reward:   0.036611  Wealth:    112232.88  Turnover: 0.3164  Gross: 1.4042  Gate: 0.8083
Episode 293  Reward:  -0.309757  Wealth:     80686.60  Turnover: 0.3442  Gross: 1.3959  Gate: 0.7918
Episode 294  Reward:   0.181338  Wealth:    132595.78  Turnover: 0.3021  Gross: 1.3963  Gate: 0.7927
Episode 295  Reward:   0.281176  Wealth:    153464.30  Turnover: 0.3146  Gross: 1.4026  Gate: 0.8052
Episode 296  Reward:   0.036489  Wealth:    114733.87  Turnover: 0.4338  Gross: 1.3827  Gate: 0.7653
Episode 297  Reward:  -0.034274  Wealth:    106317.52  Turnover: 0.5944  Gross: 1.3959  Gate: 0.7919
Episode 298  Reward:   0.280330  Wealth:    153951.10  Turnover: 0.3166  Gross: 1.4098  Gate: 0.8196
Episode 299  Reward:   0.072904  Wealth:    116574.31  Turnover: 0.3342  Gross: 1.4027  Gate: 0.8053
Episode 300  Reward:   0.065624  Wealth:    114313.28  Turnover: 0.2378  Gross: 1.3910  Gate: 0.7821
Episode    300  AvgReward:   0.059175  Noise: 0.0824
Episode 301  Reward:   0.068730  Wealth:    116345.05  Turnover: 0.3767  Gross: 1.3967  Gate: 0.7933
Episode 302  Reward:   0.270311  Wealth:    154229.84  Turnover: 0.5985  Gross: 1.4055  Gate: 0.8109
Episode 303  Reward:   0.124337  Wealth:    123986.76  Turnover: 0.4050  Gross: 1.4035  Gate: 0.8070
Episode 304  Reward:   0.146534  Wealth:    129064.44  Turnover: 0.5619  Gross: 1.4062  Gate: 0.8124
Episode 305  Reward:   0.040954  Wealth:    113965.64  Turnover: 0.4969  Gross: 1.3988  Gate: 0.7976
Episode 306  Reward:   0.036824  Wealth:    111940.84  Turnover: 0.4507  Gross: 1.4146  Gate: 0.8293
Episode 307  Reward:  -0.042145  Wealth:    105381.45  Turnover: 0.4763  Gross: 1.3762  Gate: 0.7524
Episode 308  Reward:   0.029111  Wealth:    112697.98  Turnover: 0.2062  Gross: 1.3942  Gate: 0.7885
Episode 309  Reward:   0.156475  Wealth:    132488.75  Turnover: 0.4328  Gross: 1.3860  Gate: 0.7720
Episode 310  Reward:  -0.056432  Wealth:    102148.64  Turnover: 0.3994  Gross: 1.4053  Gate: 0.8105
Episode    310  AvgReward:   0.077470  Noise: 0.0808
Episode 311  Reward:   0.152112  Wealth:    129508.90  Turnover: 0.5190  Gross: 1.4093  Gate: 0.8186
Episode 312  Reward:   0.016385  Wealth:    108774.23  Turnover: 0.5630  Gross: 1.4028  Gate: 0.8057
Episode 313  Reward:   0.138752  Wealth:    125782.85  Turnover: 0.3122  Gross: 1.4123  Gate: 0.8245
Episode 314  Reward:   0.124427  Wealth:    124717.69  Turnover: 0.3193  Gross: 1.4026  Gate: 0.8052
Episode 315  Reward:   0.060637  Wealth:    115930.20  Turnover: 0.4074  Gross: 1.4042  Gate: 0.8084
Episode 316  Reward:   0.157415  Wealth:    132180.55  Turnover: 0.5385  Gross: 1.4020  Gate: 0.8039
Episode 317  Reward:   0.154187  Wealth:    132309.30  Turnover: 0.4726  Gross: 1.4024  Gate: 0.8048
Episode 318  Reward:   0.152214  Wealth:    128928.90  Turnover: 0.6079  Gross: 1.4061  Gate: 0.8123
Episode 319  Reward:   0.162313  Wealth:    131288.57  Turnover: 0.3772  Gross: 1.3938  Gate: 0.7875
Episode 320  Reward:  -0.126272  Wealth:     95325.12  Turnover: 0.4547  Gross: 1.3998  Gate: 0.7996
Episode    320  AvgReward:   0.099217  Noise: 0.0792
Episode 321  Reward:   0.201264  Wealth:    138275.21  Turnover: 0.3447  Gross: 1.4018  Gate: 0.8036
Episode 322  Reward:   0.021026  Wealth:    109775.79  Turnover: 0.3818  Gross: 1.4039  Gate: 0.8079
Episode 323  Reward:   0.024664  Wealth:    110598.25  Turnover: 0.3422  Gross: 1.4045  Gate: 0.8089
Episode 324  Reward:   0.159233  Wealth:    132757.71  Turnover: 0.5264  Gross: 1.3871  Gate: 0.7742
Episode 325  Reward:   0.158078  Wealth:    130231.79  Turnover: 0.3781  Gross: 1.4026  Gate: 0.8053
Episode 326  Reward:   0.014501  Wealth:    111716.95  Turnover: 0.4789  Gross: 1.4136  Gate: 0.8272
Episode 327  Reward:   0.076265  Wealth:    120644.97  Turnover: 0.5648  Gross: 1.3842  Gate: 0.7683
Episode 328  Reward:   0.071000  Wealth:    117564.98  Turnover: 0.4831  Gross: 1.4024  Gate: 0.8048
Episode 329  Reward:  -0.240916  Wealth:     87698.36  Turnover: 0.5738  Gross: 1.3978  Gate: 0.7957
Episode 330  Reward:   0.228159  Wealth:    141697.69  Turnover: 0.3153  Gross: 1.4083  Gate: 0.8167
Episode    330  AvgReward:   0.071327  Noise: 0.0776
Episode 331  Reward:  -0.006384  Wealth:    105769.20  Turnover: 0.3087  Gross: 1.3737  Gate: 0.7474
Episode 332  Reward:   0.079061  Wealth:    118950.76  Turnover: 0.4784  Gross: 1.3938  Gate: 0.7876
Episode 333  Reward:   0.183423  Wealth:    133978.46  Turnover: 0.4350  Gross: 1.4051  Gate: 0.8101
Episode 334  Reward:   0.040082  Wealth:    112846.89  Turnover: 0.4476  Gross: 1.4071  Gate: 0.8142
Episode 335  Reward:  -0.123676  Wealth:     96632.46  Turnover: 0.5061  Gross: 1.3980  Gate: 0.7961
Episode 336  Reward:  -0.154323  Wealth:     94776.93  Turnover: 0.3718  Gross: 1.3851  Gate: 0.7703
Episode 337  Reward:   0.037365  Wealth:    111934.71  Turnover: 0.4083  Gross: 1.4017  Gate: 0.8033
Episode 338  Reward:   0.161257  Wealth:    128725.90  Turnover: 0.2223  Gross: 1.4037  Gate: 0.8074
Episode 339  Reward:   0.390551  Wealth:    187915.07  Turnover: 0.2587  Gross: 1.3919  Gate: 0.7838
Episode 340  Reward:   0.102802  Wealth:    123348.80  Turnover: 0.3989  Gross: 1.3929  Gate: 0.7858
Episode    340  AvgReward:   0.071016  Noise: 0.0761
Episode 341  Reward:   0.270660  Wealth:    151713.66  Turnover: 0.3557  Gross: 1.3998  Gate: 0.7996
Episode 342  Reward:   0.122922  Wealth:    124698.99  Turnover: 0.3251  Gross: 1.4012  Gate: 0.8025
Episode 343  Reward:   0.006492  Wealth:    109783.88  Turnover: 0.4660  Gross: 1.4111  Gate: 0.8222
Episode 344  Reward:  -0.107229  Wealth:     97057.85  Turnover: 0.4728  Gross: 1.3995  Gate: 0.7989
Episode 345  Reward:   0.057597  Wealth:    115537.56  Turnover: 0.4538  Gross: 1.4120  Gate: 0.8240
Episode 346  Reward:  -0.113389  Wealth:     98832.14  Turnover: 0.6472  Gross: 1.3920  Gate: 0.7840
Episode 347  Reward:   0.054610  Wealth:    115937.45  Turnover: 0.5954  Gross: 1.4071  Gate: 0.8141
Episode 348  Reward:  -0.176372  Wealth:     92873.17  Turnover: 0.4900  Gross: 1.3936  Gate: 0.7873
Episode 349  Reward:   0.274264  Wealth:    152475.19  Turnover: 0.2036  Gross: 1.4015  Gate: 0.8030
Episode 350  Reward:   0.222598  Wealth:    142600.53  Turnover: 0.3042  Gross: 1.4060  Gate: 0.8121
Episode    350  AvgReward:   0.061215  Noise: 0.0746
Episode 351  Reward:   0.182741  Wealth:    134321.97  Turnover: 0.3193  Gross: 1.4040  Gate: 0.8080
Episode 352  Reward:  -0.113828  Wealth:     98793.08  Turnover: 0.2974  Gross: 1.3781  Gate: 0.7562
Episode 353  Reward:   0.150049  Wealth:    128271.46  Turnover: 0.3454  Gross: 1.4053  Gate: 0.8106
Episode 354  Reward:  -0.343425  Wealth:     79799.50  Turnover: 0.3594  Gross: 1.3801  Gate: 0.7601
Episode 355  Reward:   0.178715  Wealth:    132471.55  Turnover: 0.2813  Gross: 1.4058  Gate: 0.8116
Episode 356  Reward:   0.321948  Wealth:    163291.34  Turnover: 0.2586  Gross: 1.3945  Gate: 0.7891
Episode 357  Reward:  -0.359222  Wealth:     79112.28  Turnover: 0.5095  Gross: 1.3971  Gate: 0.7942
Episode 358  Reward:  -0.100109  Wealth:     98970.93  Turnover: 0.4712  Gross: 1.3957  Gate: 0.7914
Episode 359  Reward:  -0.001182  Wealth:    108766.79  Turnover: 0.3717  Gross: 1.4011  Gate: 0.8023
Episode 360  Reward:   0.029396  Wealth:    110815.73  Turnover: 0.4626  Gross: 1.3941  Gate: 0.7882
Episode    360  AvgReward:  -0.005492  Noise: 0.0731
Episode 361  Reward:   0.210523  Wealth:    137863.89  Turnover: 0.3047  Gross: 1.3992  Gate: 0.7984
Episode 362  Reward:   0.157366  Wealth:    135373.94  Turnover: 0.5199  Gross: 1.3749  Gate: 0.7498
Episode 363  Reward:   0.154116  Wealth:    134910.16  Turnover: 0.5731  Gross: 1.3926  Gate: 0.7852
Episode 364  Reward:   0.121348  Wealth:    126242.79  Turnover: 0.4432  Gross: 1.3965  Gate: 0.7930
Episode 365  Reward:  -0.050738  Wealth:    103404.82  Turnover: 0.4742  Gross: 1.3862  Gate: 0.7723
Episode 366  Reward:  -0.038841  Wealth:    104834.68  Turnover: 0.3614  Gross: 1.4009  Gate: 0.8018
Episode 367  Reward:   0.084986  Wealth:    119409.83  Turnover: 0.3813  Gross: 1.3929  Gate: 0.7857
Episode 368  Reward:  -0.021554  Wealth:    110294.63  Turnover: 0.4035  Gross: 1.3931  Gate: 0.7863
Episode 369  Reward:   0.321060  Wealth:    168740.29  Turnover: 0.4421  Gross: 1.4004  Gate: 0.8008
Episode 370  Reward:  -0.065087  Wealth:    103649.96  Turnover: 0.4136  Gross: 1.3913  Gate: 0.7825
Episode    370  AvgReward:   0.087318  Noise: 0.0717
Episode 371  Reward:   0.275020  Wealth:    153909.44  Turnover: 0.4291  Gross: 1.3914  Gate: 0.7828
Episode 372  Reward:   0.228597  Wealth:    145082.11  Turnover: 0.4142  Gross: 1.3999  Gate: 0.7997
Episode 373  Reward:   0.103148  Wealth:    122669.68  Turnover: 0.3777  Gross: 1.3928  Gate: 0.7856
Episode 374  Reward:   0.127805  Wealth:    126106.02  Turnover: 0.5236  Gross: 1.4041  Gate: 0.8082
Episode 375  Reward:   0.127403  Wealth:    124489.28  Turnover: 0.3428  Gross: 1.3990  Gate: 0.7979
Episode 376  Reward:   0.211331  Wealth:    147904.10  Turnover: 0.3680  Gross: 1.3789  Gate: 0.7578
Episode 377  Reward:  -0.005576  Wealth:    110139.88  Turnover: 0.4375  Gross: 1.4023  Gate: 0.8045
Episode 378  Reward:   0.021833  Wealth:    111567.91  Turnover: 0.4238  Gross: 1.3990  Gate: 0.7979
Episode 379  Reward:   0.146955  Wealth:    129597.08  Turnover: 0.5247  Gross: 1.4002  Gate: 0.8003
Episode 380  Reward:   0.090841  Wealth:    118719.26  Turnover: 0.4597  Gross: 1.3978  Gate: 0.7957
Episode    380  AvgReward:   0.132736  Noise: 0.0702
Episode 381  Reward:  -0.191056  Wealth:     89983.57  Turnover: 0.4312  Gross: 1.3983  Gate: 0.7967
Episode 382  Reward:   0.077905  Wealth:    122640.33  Turnover: 0.5786  Gross: 1.3889  Gate: 0.7778
Episode 383  Reward:  -0.032273  Wealth:    104780.49  Turnover: 0.7365  Gross: 1.4131  Gate: 0.8261
Episode 384  Reward:   0.108847  Wealth:    124880.75  Turnover: 0.3153  Gross: 1.3881  Gate: 0.7762
Episode 385  Reward:   0.074163  Wealth:    117400.35  Turnover: 0.3196  Gross: 1.4051  Gate: 0.8103
Episode 386  Reward:   0.038428  Wealth:    115588.69  Turnover: 0.4807  Gross: 1.4080  Gate: 0.8160
Episode 387  Reward:   0.155504  Wealth:    130715.01  Turnover: 0.4600  Gross: 1.4060  Gate: 0.8120
Episode 388  Reward:   0.047985  Wealth:    113907.95  Turnover: 0.5767  Gross: 1.3876  Gate: 0.7751
Episode 389  Reward:   0.047299  Wealth:    116157.48  Turnover: 0.4338  Gross: 1.3999  Gate: 0.7997
Episode 390  Reward:   0.401404  Wealth:    196837.56  Turnover: 0.4595  Gross: 1.4044  Gate: 0.8088
Episode    390  AvgReward:   0.072821  Noise: 0.0688
Episode 391  Reward:   0.030623  Wealth:    112126.75  Turnover: 0.3659  Gross: 1.4004  Gate: 0.8008
Episode 392  Reward:   0.227569  Wealth:    142729.93  Turnover: 0.3962  Gross: 1.4048  Gate: 0.8096
Episode 393  Reward:   0.378883  Wealth:    186767.69  Turnover: 0.3568  Gross: 1.4079  Gate: 0.8159
Episode 394  Reward:  -0.559961  Wealth:     67594.35  Turnover: 0.5524  Gross: 1.3952  Gate: 0.7904
Episode 395  Reward:   0.189566  Wealth:    133786.40  Turnover: 0.2818  Gross: 1.3940  Gate: 0.7880
Episode 396  Reward:   0.002876  Wealth:    110145.97  Turnover: 0.5416  Gross: 1.3992  Gate: 0.7985
Episode 397  Reward:   0.180457  Wealth:    136423.16  Turnover: 0.4743  Gross: 1.3949  Gate: 0.7899
Episode 398  Reward:   0.122737  Wealth:    125240.95  Turnover: 0.5968  Gross: 1.4093  Gate: 0.8187
Episode 399  Reward:   0.014404  Wealth:    109277.93  Turnover: 0.4640  Gross: 1.4013  Gate: 0.8027
Episode 400  Reward:  -0.135701  Wealth:     94730.89  Turnover: 0.3856  Gross: 1.4057  Gate: 0.8115
Episode    400  AvgReward:   0.045145  Noise: 0.0675
Episode 401  Reward:   0.018318  Wealth:    111489.30  Turnover: 0.3896  Gross: 1.3927  Gate: 0.7854
Episode 402  Reward:   0.043875  Wealth:    112631.13  Turnover: 0.4570  Gross: 1.3947  Gate: 0.7895
Episode 403  Reward:   0.191037  Wealth:    138692.30  Turnover: 0.5071  Gross: 1.3997  Gate: 0.7995
Episode 404  Reward:  -0.221245  Wealth:     88141.42  Turnover: 0.6356  Gross: 1.4030  Gate: 0.8060
Episode 405  Reward:  -0.020039  Wealth:    109233.87  Turnover: 0.6162  Gross: 1.3954  Gate: 0.7908
Episode 406  Reward:   0.073010  Wealth:    119237.38  Turnover: 0.2970  Gross: 1.4000  Gate: 0.8001
Episode 407  Reward:   0.058762  Wealth:    116003.08  Turnover: 0.3736  Gross: 1.4033  Gate: 0.8066
Episode 408  Reward:   0.161799  Wealth:    134152.39  Turnover: 0.3009  Gross: 1.4040  Gate: 0.8079
Episode 409  Reward:  -0.135140  Wealth:     95895.20  Turnover: 0.5985  Gross: 1.3996  Gate: 0.7992
Episode 410  Reward:  -0.138062  Wealth:     96318.48  Turnover: 0.4255  Gross: 1.3932  Gate: 0.7864
Episode    410  AvgReward:   0.003231  Noise: 0.0661
Episode 411  Reward:   0.073553  Wealth:    117033.14  Turnover: 0.3909  Gross: 1.4032  Gate: 0.8063
Episode 412  Reward:   0.285677  Wealth:    157320.37  Turnover: 0.4001  Gross: 1.4066  Gate: 0.8133
Episode 413  Reward:   0.141513  Wealth:    132007.87  Turnover: 0.6193  Gross: 1.3865  Gate: 0.7729
Episode 414  Reward:   0.165943  Wealth:    131248.82  Turnover: 0.4585  Gross: 1.4028  Gate: 0.8056
Episode 415  Reward:   0.241184  Wealth:    146952.28  Turnover: 0.3375  Gross: 1.4029  Gate: 0.8057
Episode 416  Reward:   0.322970  Wealth:    166872.38  Turnover: 0.4075  Gross: 1.3964  Gate: 0.7928
Episode 417  Reward:   0.018220  Wealth:    109964.97  Turnover: 0.3936  Gross: 1.3922  Gate: 0.7845
Episode 418  Reward:  -0.044785  Wealth:    102029.55  Turnover: 0.4604  Gross: 1.4052  Gate: 0.8105
Episode 419  Reward:   0.154399  Wealth:    129130.22  Turnover: 0.3968  Gross: 1.4033  Gate: 0.8066
Episode 420  Reward:   0.182300  Wealth:    136928.07  Turnover: 0.4559  Gross: 1.4102  Gate: 0.8205
Episode    420  AvgReward:   0.154097  Noise: 0.0648
Episode 421  Reward:  -0.137183  Wealth:     95320.53  Turnover: 0.3576  Gross: 1.4072  Gate: 0.8144
Episode 422  Reward:  -0.395533  Wealth:     77530.54  Turnover: 0.4290  Gross: 1.3959  Gate: 0.7917
Episode 423  Reward:  -0.040298  Wealth:    103197.19  Turnover: 0.4065  Gross: 1.4008  Gate: 0.8017
Episode 424  Reward:   0.291342  Wealth:    156289.12  Turnover: 0.3225  Gross: 1.3962  Gate: 0.7925
Episode 425  Reward:   0.383162  Wealth:    185865.17  Turnover: 0.4014  Gross: 1.4022  Gate: 0.8043
Episode 426  Reward:   0.171986  Wealth:    138992.50  Turnover: 0.2733  Gross: 1.3910  Gate: 0.7820
Episode 427  Reward:   0.026679  Wealth:    111005.86  Turnover: 0.4026  Gross: 1.4047  Gate: 0.8095
Episode 428  Reward:   0.093497  Wealth:    118692.96  Turnover: 0.3607  Gross: 1.4031  Gate: 0.8061
Episode 429  Reward:  -0.100176  Wealth:     97972.96  Turnover: 0.4181  Gross: 1.3946  Gate: 0.7891
Episode 430  Reward:   0.178578  Wealth:    134063.77  Turnover: 0.6463  Gross: 1.3896  Gate: 0.7792
Episode    430  AvgReward:   0.047205  Noise: 0.0635
Episode 431  Reward:   0.058626  Wealth:    114642.99  Turnover: 0.3493  Gross: 1.4010  Gate: 0.8020
Episode 432  Reward:   0.088781  Wealth:    120137.80  Turnover: 0.4010  Gross: 1.4033  Gate: 0.8067
Episode 433  Reward:   0.066498  Wealth:    120523.12  Turnover: 0.4063  Gross: 1.3981  Gate: 0.7963
Episode 434  Reward:   0.156931  Wealth:    129139.19  Turnover: 0.3441  Gross: 1.4017  Gate: 0.8034
Episode 435  Reward:   0.188949  Wealth:    138643.46  Turnover: 0.4312  Gross: 1.4062  Gate: 0.8125
Episode 436  Reward:   0.108859  Wealth:    122628.23  Turnover: 0.4447  Gross: 1.4023  Gate: 0.8045
Episode 437  Reward:   0.131060  Wealth:    128315.69  Turnover: 0.4288  Gross: 1.3989  Gate: 0.7978
Episode 438  Reward:   0.066676  Wealth:    117282.55  Turnover: 0.5129  Gross: 1.3844  Gate: 0.7689
Episode 439  Reward:   0.064284  Wealth:    116708.95  Turnover: 0.4056  Gross: 1.3999  Gate: 0.7998
Episode 440  Reward:   0.012671  Wealth:    108617.67  Turnover: 0.4949  Gross: 1.4024  Gate: 0.8049
Episode    440  AvgReward:   0.094334  Noise: 0.0623
Episode 441  Reward:   0.253952  Wealth:    152841.06  Turnover: 0.4459  Gross: 1.4064  Gate: 0.8128
Episode 442  Reward:   0.123694  Wealth:    125529.34  Turnover: 0.5415  Gross: 1.3913  Gate: 0.7825
Episode 443  Reward:   0.209456  Wealth:    139883.95  Turnover: 0.4542  Gross: 1.4046  Gate: 0.8093
Episode 444  Reward:   0.102571  Wealth:    122300.53  Turnover: 0.5766  Gross: 1.4014  Gate: 0.8029
Episode 445  Reward:   0.077637  Wealth:    120633.60  Turnover: 0.3767  Gross: 1.3979  Gate: 0.7957
Episode 446  Reward:   0.200361  Wealth:    137926.55  Turnover: 0.4649  Gross: 1.3967  Gate: 0.7934
Episode 447  Reward:   0.208263  Wealth:    140008.50  Turnover: 0.4254  Gross: 1.4050  Gate: 0.8099
Episode 448  Reward:   0.022533  Wealth:    110754.18  Turnover: 0.5140  Gross: 1.3945  Gate: 0.7890
Episode 449  Reward:   0.150797  Wealth:    126921.37  Turnover: 0.3273  Gross: 1.3959  Gate: 0.7917
Episode 450  Reward:   0.074552  Wealth:    123560.72  Turnover: 0.3414  Gross: 1.3824  Gate: 0.7648
Episode    450  AvgReward:   0.142382  Noise: 0.0611
Episode 451  Reward:   0.113367  Wealth:    122240.32  Turnover: 0.4134  Gross: 1.4042  Gate: 0.8085
Episode 452  Reward:  -0.246725  Wealth:     85813.02  Turnover: 0.3656  Gross: 1.3887  Gate: 0.7773
Episode 453  Reward:   0.000494  Wealth:    106890.59  Turnover: 0.5654  Gross: 1.4052  Gate: 0.8103
Episode 454  Reward:   0.085115  Wealth:    119679.32  Turnover: 0.4622  Gross: 1.3891  Gate: 0.7781
Episode 455  Reward:   0.190526  Wealth:    135264.75  Turnover: 0.3836  Gross: 1.4001  Gate: 0.8003
Episode 456  Reward:   0.100902  Wealth:    122966.94  Turnover: 0.3180  Gross: 1.3991  Gate: 0.7982
Episode 457  Reward:   0.228589  Wealth:    141910.90  Turnover: 0.4567  Gross: 1.4085  Gate: 0.8169
Episode 458  Reward:   0.136637  Wealth:    125366.57  Turnover: 0.3479  Gross: 1.3852  Gate: 0.7704
Episode 459  Reward:   0.131791  Wealth:    127276.79  Turnover: 0.4638  Gross: 1.4022  Gate: 0.8044
Episode 460  Reward:   0.254948  Wealth:    153478.95  Turnover: 0.5393  Gross: 1.3975  Gate: 0.7949
Episode    460  AvgReward:   0.099564  Noise: 0.0598
Episode 461  Reward:   0.213735  Wealth:    142535.35  Turnover: 0.4865  Gross: 1.3919  Gate: 0.7838
Episode 462  Reward:   0.282364  Wealth:    152760.81  Turnover: 0.2568  Gross: 1.4007  Gate: 0.8014
Episode 463  Reward:  -0.019959  Wealth:    105472.31  Turnover: 0.5172  Gross: 1.4054  Gate: 0.8108
Episode 464  Reward:   0.225500  Wealth:    140162.19  Turnover: 0.2937  Gross: 1.4025  Gate: 0.8051
Episode 465  Reward:  -0.059332  Wealth:    100784.10  Turnover: 0.3879  Gross: 1.4055  Gate: 0.8111
Episode 466  Reward:   0.055833  Wealth:    115190.97  Turnover: 0.4117  Gross: 1.3872  Gate: 0.7744
Episode 467  Reward:   0.044883  Wealth:    113210.03  Turnover: 0.4289  Gross: 1.4072  Gate: 0.8143
Episode 468  Reward:   0.156641  Wealth:    128695.35  Turnover: 0.2184  Gross: 1.4072  Gate: 0.8144
Episode 469  Reward:  -0.233671  Wealth:     85511.01  Turnover: 0.4780  Gross: 1.4041  Gate: 0.8081
Episode 470  Reward:   0.083945  Wealth:    117559.63  Turnover: 0.4155  Gross: 1.3980  Gate: 0.7961
Episode    470  AvgReward:   0.074994  Noise: 0.0587
Episode 471  Reward:  -0.056250  Wealth:    103438.23  Turnover: 0.5559  Gross: 1.4039  Gate: 0.8078
Episode 472  Reward:   0.240243  Wealth:    144789.66  Turnover: 0.3072  Gross: 1.4019  Gate: 0.8039
Episode 473  Reward:   0.144548  Wealth:    127038.38  Turnover: 0.4079  Gross: 1.4089  Gate: 0.8178
Episode 474  Reward:   0.233326  Wealth:    142936.69  Turnover: 0.4973  Gross: 1.3999  Gate: 0.7998
Episode 475  Reward:   0.002843  Wealth:    108360.76  Turnover: 0.5021  Gross: 1.4046  Gate: 0.8092
Episode 476  Reward:   0.041350  Wealth:    112685.43  Turnover: 0.3998  Gross: 1.4097  Gate: 0.8193
Episode 477  Reward:   0.140484  Wealth:    126372.91  Turnover: 0.4883  Gross: 1.4044  Gate: 0.8089
Episode 478  Reward:   0.000986  Wealth:    108850.75  Turnover: 0.4187  Gross: 1.3922  Gate: 0.7844
Episode 479  Reward:   0.148036  Wealth:    126733.59  Turnover: 0.3034  Gross: 1.4018  Gate: 0.8036
Episode 480  Reward:   0.260282  Wealth:    147724.36  Turnover: 0.3359  Gross: 1.4043  Gate: 0.8086
Episode    480  AvgReward:   0.115585  Noise: 0.0575
Episode 481  Reward:   0.096295  Wealth:    118889.97  Turnover: 0.2486  Gross: 1.4012  Gate: 0.8025
Episode 482  Reward:   0.215744  Wealth:    139494.97  Turnover: 0.5072  Gross: 1.4013  Gate: 0.8026
Episode 483  Reward:   0.164868  Wealth:    131283.42  Turnover: 0.4230  Gross: 1.3952  Gate: 0.7905
Episode 484  Reward:   0.161225  Wealth:    130939.67  Turnover: 0.3719  Gross: 1.4038  Gate: 0.8077
Episode 485  Reward:  -0.088422  Wealth:     99127.37  Turnover: 0.3242  Gross: 1.3992  Gate: 0.7984
Episode 486  Reward:   0.162390  Wealth:    131459.99  Turnover: 0.4974  Gross: 1.3909  Gate: 0.7818
Episode 487  Reward:   0.034608  Wealth:    111521.66  Turnover: 0.5049  Gross: 1.4044  Gate: 0.8089
Episode 488  Reward:   0.249708  Wealth:    147201.51  Turnover: 0.2586  Gross: 1.3902  Gate: 0.7804
Episode 489  Reward:   0.309022  Wealth:    164247.29  Turnover: 0.4467  Gross: 1.3995  Gate: 0.7989
Episode 490  Reward:   0.261257  Wealth:    150688.58  Turnover: 0.3982  Gross: 1.4036  Gate: 0.8071
Episode    490  AvgReward:   0.156670  Noise: 0.0564
Episode 491  Reward:   0.149284  Wealth:    126798.77  Turnover: 0.3013  Gross: 1.4028  Gate: 0.8056
Episode 492  Reward:   0.243900  Wealth:    143574.18  Turnover: 0.3489  Gross: 1.3953  Gate: 0.7907
Episode 493  Reward:   0.130855  Wealth:    127069.85  Turnover: 0.5556  Gross: 1.3932  Gate: 0.7863
Episode 494  Reward:   0.058658  Wealth:    116308.48  Turnover: 0.6340  Gross: 1.4041  Gate: 0.8081
Episode 495  Reward:   0.109856  Wealth:    121189.23  Turnover: 0.4194  Gross: 1.4076  Gate: 0.8153
Episode 496  Reward:   0.183672  Wealth:    132875.20  Turnover: 0.4012  Gross: 1.4051  Gate: 0.8101
Episode 497  Reward:  -0.117966  Wealth:     95660.34  Turnover: 0.6250  Gross: 1.3980  Gate: 0.7960
Episode 498  Reward:  -0.027070  Wealth:    103542.08  Turnover: 0.4477  Gross: 1.4017  Gate: 0.8034
Episode 499  Reward:   0.189184  Wealth:    138596.98  Turnover: 0.3936  Gross: 1.3876  Gate: 0.7752
Episode 500  Reward:  -0.167143  Wealth:     90590.90  Turnover: 0.4629  Gross: 1.3974  Gate: 0.7949
Episode    500  AvgReward:   0.075323  Noise: 0.0552
Episode 501  Reward:   0.036747  Wealth:    111134.07  Turnover: 0.3657  Gross: 1.3976  Gate: 0.7951
Episode 502  Reward:   0.145818  Wealth:    126026.77  Turnover: 0.4249  Gross: 1.3991  Gate: 0.7981
Episode 503  Reward:  -0.027979  Wealth:    103592.27  Turnover: 0.5623  Gross: 1.3930  Gate: 0.7861
Episode 504  Reward:   0.090297  Wealth:    118905.92  Turnover: 0.4177  Gross: 1.4075  Gate: 0.8151
Episode 505  Reward:   0.181051  Wealth:    134552.91  Turnover: 0.4020  Gross: 1.3974  Gate: 0.7948
Episode 506  Reward:   0.085925  Wealth:    119813.19  Turnover: 0.5035  Gross: 1.3851  Gate: 0.7702
Episode 507  Reward:   0.179833  Wealth:    135379.15  Turnover: 0.5632  Gross: 1.3862  Gate: 0.7723
Episode 508  Reward:   0.104631  Wealth:    120058.11  Turnover: 0.3615  Gross: 1.4018  Gate: 0.8036
Episode 509  Reward:   0.085107  Wealth:    117331.29  Turnover: 0.2355  Gross: 1.4046  Gate: 0.8092
Episode 510  Reward:   0.089056  Wealth:    119117.26  Turnover: 0.4691  Gross: 1.3994  Gate: 0.7987
Episode    510  AvgReward:   0.097049  Noise: 0.0541
Episode 511  Reward:  -0.170671  Wealth:     91834.33  Turnover: 0.7082  Gross: 1.4010  Gate: 0.8021
Episode 512  Reward:  -0.041961  Wealth:    103226.43  Turnover: 0.5672  Gross: 1.4046  Gate: 0.8092
Episode 513  Reward:  -0.047254  Wealth:    104772.97  Turnover: 0.4968  Gross: 1.4009  Gate: 0.8018
Episode 514  Reward:   0.110515  Wealth:    121000.02  Turnover: 0.3734  Gross: 1.3990  Gate: 0.7981
Episode 515  Reward:  -0.029075  Wealth:    106937.66  Turnover: 0.5243  Gross: 1.3922  Gate: 0.7845
Episode 516  Reward:  -0.037882  Wealth:    103611.33  Turnover: 0.5632  Gross: 1.3979  Gate: 0.7959
Episode 517  Reward:  -0.222052  Wealth:     86605.67  Turnover: 0.4205  Gross: 1.4041  Gate: 0.8082
Episode 518  Reward:   0.110229  Wealth:    121063.95  Turnover: 0.3129  Gross: 1.4016  Gate: 0.8033
Episode 519  Reward:   0.080735  Wealth:    118188.61  Turnover: 0.4882  Gross: 1.3979  Gate: 0.7957
Episode 520  Reward:   0.201023  Wealth:    138172.89  Turnover: 0.3735  Gross: 1.3704  Gate: 0.7407
Episode    520  AvgReward:  -0.004639  Noise: 0.0531
Episode 521  Reward:   0.055743  Wealth:    115120.12  Turnover: 0.3975  Gross: 1.3866  Gate: 0.7732
Episode 522  Reward:   0.249017  Wealth:    145014.73  Turnover: 0.3203  Gross: 1.3997  Gate: 0.7994
Episode 523  Reward:   0.284652  Wealth:    156428.01  Turnover: 0.5242  Gross: 1.4049  Gate: 0.8097
Episode 524  Reward:   0.016849  Wealth:    110346.87  Turnover: 0.4380  Gross: 1.4056  Gate: 0.8111
Episode 525  Reward:   0.201095  Wealth:    138121.97  Turnover: 0.3640  Gross: 1.3879  Gate: 0.7758
Episode 526  Reward:   0.088566  Wealth:    117874.80  Turnover: 0.4440  Gross: 1.4023  Gate: 0.8047
Episode 527  Reward:  -0.110459  Wealth:     98247.01  Turnover: 0.4213  Gross: 1.3977  Gate: 0.7954
Episode 528  Reward:  -0.072129  Wealth:    100503.85  Turnover: 0.6499  Gross: 1.3985  Gate: 0.7971
Episode 529  Reward:   0.162335  Wealth:    134701.88  Turnover: 0.4747  Gross: 1.3849  Gate: 0.7697
Episode 530  Reward:   0.256189  Wealth:    148067.69  Turnover: 0.4612  Gross: 1.3986  Gate: 0.7971
Episode    530  AvgReward:   0.113186  Noise: 0.0520
Episode 531  Reward:  -0.058463  Wealth:    104129.60  Turnover: 0.5331  Gross: 1.3999  Gate: 0.7999
Episode 532  Reward:   0.170866  Wealth:    132919.11  Turnover: 0.3901  Gross: 1.3967  Gate: 0.7935
Episode 533  Reward:   0.191628  Wealth:    135132.47  Turnover: 0.3767  Gross: 1.4048  Gate: 0.8097
Episode 534  Reward:   0.126787  Wealth:    123327.06  Turnover: 0.2565  Gross: 1.3985  Gate: 0.7970
Episode 535  Reward:   0.102937  Wealth:    120986.70  Turnover: 0.5180  Gross: 1.4036  Gate: 0.8072
Episode 536  Reward:   0.113323  Wealth:    123807.53  Turnover: 0.5369  Gross: 1.4040  Gate: 0.8079
Episode 537  Reward:   0.167019  Wealth:    129779.91  Turnover: 0.3069  Gross: 1.3928  Gate: 0.7856
Episode 538  Reward:   0.198867  Wealth:    135630.90  Turnover: 0.3916  Gross: 1.3967  Gate: 0.7933
Episode 539  Reward:   0.216160  Wealth:    143998.43  Turnover: 0.4396  Gross: 1.3939  Gate: 0.7879
Episode 540  Reward:   0.136116  Wealth:    127538.41  Turnover: 0.3824  Gross: 1.3968  Gate: 0.7935
Episode    540  AvgReward:   0.136524  Noise: 0.0510
Episode 541  Reward:   0.203142  Wealth:    135957.00  Turnover: 0.3734  Gross: 1.4028  Gate: 0.8056
Episode 542  Reward:   0.209834  Wealth:    138018.48  Turnover: 0.3791  Gross: 1.4019  Gate: 0.8038
Episode 543  Reward:   0.005019  Wealth:    111451.79  Turnover: 0.5595  Gross: 1.3951  Gate: 0.7901
Episode 544  Reward:   0.152602  Wealth:    127282.64  Turnover: 0.3563  Gross: 1.4033  Gate: 0.8065
Episode 545  Reward:   0.118460  Wealth:    122772.36  Turnover: 0.4280  Gross: 1.4054  Gate: 0.8107
Episode 546  Reward:  -0.109611  Wealth:     96457.57  Turnover: 0.4288  Gross: 1.4012  Gate: 0.8023
Episode 547  Reward:   0.155742  Wealth:    127996.85  Turnover: 0.2628  Gross: 1.4079  Gate: 0.8158
Episode 548  Reward:   0.103104  Wealth:    123742.81  Turnover: 0.3929  Gross: 1.3918  Gate: 0.7835
Episode 549  Reward:   0.010006  Wealth:    108330.80  Turnover: 0.3694  Gross: 1.4032  Gate: 0.8065
Episode 550  Reward:   0.059111  Wealth:    115174.25  Turnover: 0.4760  Gross: 1.4005  Gate: 0.8011
Episode    550  AvgReward:   0.090741  Noise: 0.0500
Episode 551  Reward:   0.290768  Wealth:    154487.56  Turnover: 0.2674  Gross: 1.4052  Gate: 0.8105
Episode 552  Reward:   0.095176  Wealth:    119083.03  Turnover: 0.4536  Gross: 1.3985  Gate: 0.7971
Episode 553  Reward:   0.049208  Wealth:    114642.04  Turnover: 0.4962  Gross: 1.4036  Gate: 0.8072
Episode 554  Reward:   0.087767  Wealth:    120048.64  Turnover: 0.4237  Gross: 1.4049  Gate: 0.8099
Episode 555  Reward:   0.148830  Wealth:    126402.50  Turnover: 0.3425  Gross: 1.3905  Gate: 0.7811
Episode 556  Reward:   0.355684  Wealth:    177620.79  Turnover: 0.4892  Gross: 1.3989  Gate: 0.7978
Episode 557  Reward:   0.103251  Wealth:    120264.56  Turnover: 0.5392  Gross: 1.4003  Gate: 0.8007
Episode 558  Reward:  -0.003600  Wealth:    106893.86  Turnover: 0.3409  Gross: 1.3932  Gate: 0.7864
Episode 559  Reward:  -0.171042  Wealth:     91333.33  Turnover: 0.4493  Gross: 1.3976  Gate: 0.7952
Episode 560  Reward:   0.121391  Wealth:    123314.75  Turnover: 0.5018  Gross: 1.4010  Gate: 0.8020
Episode    560  AvgReward:   0.107743  Noise: 0.0490
Episode 561  Reward:   0.111067  Wealth:    121684.39  Turnover: 0.6429  Gross: 1.3916  Gate: 0.7833
Episode 562  Reward:   0.093077  Wealth:    119073.24  Turnover: 0.4449  Gross: 1.4005  Gate: 0.8011
Episode 563  Reward:   0.140451  Wealth:    127085.70  Turnover: 0.4213  Gross: 1.3904  Gate: 0.7808
Episode 564  Reward:   0.136573  Wealth:    125779.10  Turnover: 0.3902  Gross: 1.4063  Gate: 0.8126
Episode 565  Reward:   0.012245  Wealth:    111247.57  Turnover: 0.4866  Gross: 1.4034  Gate: 0.8067
Episode 566  Reward:   0.223201  Wealth:    140449.02  Turnover: 0.2814  Gross: 1.3975  Gate: 0.7950
Episode 567  Reward:   0.054105  Wealth:    114798.58  Turnover: 0.3702  Gross: 1.3972  Gate: 0.7944
Episode 568  Reward:   0.057076  Wealth:    116004.95  Turnover: 0.4963  Gross: 1.4004  Gate: 0.8008
Episode 569  Reward:   0.112492  Wealth:    124538.49  Turnover: 0.6240  Gross: 1.3988  Gate: 0.7976
Episode 570  Reward:   0.202886  Wealth:    136451.73  Turnover: 0.2894  Gross: 1.4006  Gate: 0.8012
Episode    570  AvgReward:   0.114317  Noise: 0.0480
Episode 571  Reward:   0.040906  Wealth:    112520.70  Turnover: 0.4161  Gross: 1.4003  Gate: 0.8007
Episode 572  Reward:   0.030679  Wealth:    110299.47  Turnover: 0.3206  Gross: 1.4041  Gate: 0.8082
Episode 573  Reward:   0.168936  Wealth:    132609.66  Turnover: 0.4252  Gross: 1.3985  Gate: 0.7970
Episode 574  Reward:  -0.172971  Wealth:     91637.91  Turnover: 0.5897  Gross: 1.4018  Gate: 0.8035
Episode 575  Reward:  -0.066750  Wealth:    100617.71  Turnover: 0.3877  Gross: 1.3801  Gate: 0.7602
Episode 576  Reward:  -0.007695  Wealth:    110695.01  Turnover: 0.4458  Gross: 1.3962  Gate: 0.7923
Episode 577  Reward:   0.010993  Wealth:    109430.53  Turnover: 0.6958  Gross: 1.4030  Gate: 0.8059
Episode 578  Reward:   0.211676  Wealth:    139902.73  Turnover: 0.3470  Gross: 1.4023  Gate: 0.8047
Episode 579  Reward:   0.012942  Wealth:    108065.31  Turnover: 0.3796  Gross: 1.4022  Gate: 0.8044
Episode 580  Reward:   0.108515  Wealth:    125000.51  Turnover: 0.4824  Gross: 1.3966  Gate: 0.7932
Episode    580  AvgReward:   0.033723  Noise: 0.0471
Episode 581  Reward:   0.019502  Wealth:    109800.28  Turnover: 0.3427  Gross: 1.3980  Gate: 0.7961
Episode 582  Reward:   0.122601  Wealth:    122839.11  Turnover: 0.4314  Gross: 1.3972  Gate: 0.7943
Episode 583  Reward:  -0.015812  Wealth:    105805.63  Turnover: 0.4656  Gross: 1.3934  Gate: 0.7869
Episode 584  Reward:   0.223582  Wealth:    142707.46  Turnover: 0.2334  Gross: 1.4026  Gate: 0.8052
Episode 585  Reward:   0.074168  Wealth:    115599.31  Turnover: 0.3101  Gross: 1.3972  Gate: 0.7945
Episode 586  Reward:   0.035439  Wealth:    111730.95  Turnover: 0.3477  Gross: 1.3977  Gate: 0.7955
Episode 587  Reward:   0.020076  Wealth:    109762.65  Turnover: 0.4434  Gross: 1.3993  Gate: 0.7986
Episode 588  Reward:  -0.001108  Wealth:    108820.31  Turnover: 0.5088  Gross: 1.4072  Gate: 0.8143
Episode 589  Reward:  -0.124688  Wealth:     94577.03  Turnover: 0.3865  Gross: 1.3973  Gate: 0.7945
Episode 590  Reward:   0.147379  Wealth:    128318.50  Turnover: 0.4775  Gross: 1.3767  Gate: 0.7534
Episode    590  AvgReward:   0.050114  Noise: 0.0461
Episode 591  Reward:   0.187804  Wealth:    133312.67  Turnover: 0.3467  Gross: 1.4006  Gate: 0.8013
Episode 592  Reward:   0.034469  Wealth:    112129.60  Turnover: 0.4111  Gross: 1.4015  Gate: 0.8029
Episode 593  Reward:   0.002231  Wealth:    107809.38  Turnover: 0.4603  Gross: 1.3968  Gate: 0.7937
Episode 594  Reward:   0.209978  Wealth:    137069.02  Turnover: 0.4085  Gross: 1.3976  Gate: 0.7952
Episode 595  Reward:   0.227027  Wealth:    141439.27  Turnover: 0.4132  Gross: 1.4029  Gate: 0.8057
Episode 596  Reward:   0.126524  Wealth:    123429.46  Turnover: 0.3568  Gross: 1.3990  Gate: 0.7981
Episode 597  Reward:   0.216423  Wealth:    142485.06  Turnover: 0.4210  Gross: 1.4052  Gate: 0.8103
Episode 598  Reward:   0.267585  Wealth:    150224.95  Turnover: 0.4545  Gross: 1.3964  Gate: 0.7929
Episode 599  Reward:   0.084547  Wealth:    120815.14  Turnover: 0.6793  Gross: 1.3948  Gate: 0.7896
Episode 600  Reward:  -0.158961  Wealth:     91099.79  Turnover: 0.3867  Gross: 1.4062  Gate: 0.8125
Episode    600  AvgReward:   0.119763  Noise: 0.0452
Episode 601  Reward:   0.104833  Wealth:    122181.91  Turnover: 0.5493  Gross: 1.3990  Gate: 0.7980
Episode 602  Reward:   0.170371  Wealth:    130233.66  Turnover: 0.2868  Gross: 1.3987  Gate: 0.7974
Episode 603  Reward:  -0.099393  Wealth:     98435.70  Turnover: 0.6108  Gross: 1.3998  Gate: 0.7996
Episode 604  Reward:   0.155689  Wealth:    129328.54  Turnover: 0.6031  Gross: 1.4000  Gate: 0.8001
Episode 605  Reward:   0.109151  Wealth:    127113.80  Turnover: 0.4859  Gross: 1.3967  Gate: 0.7934
Episode 606  Reward:  -0.027981  Wealth:    109009.26  Turnover: 0.4759  Gross: 1.3905  Gate: 0.7810
Episode 607  Reward:   0.147150  Wealth:    128463.16  Turnover: 0.5591  Gross: 1.3975  Gate: 0.7951
Episode 608  Reward:   0.244248  Wealth:    149967.22  Turnover: 0.4033  Gross: 1.3949  Gate: 0.7899
Episode 609  Reward:  -0.014589  Wealth:    105195.13  Turnover: 0.3733  Gross: 1.3970  Gate: 0.7939
Episode 610  Reward:   0.105513  Wealth:    122898.67  Turnover: 0.4749  Gross: 1.3905  Gate: 0.7809
Episode    610  AvgReward:   0.089499  Noise: 0.0443
Episode 611  Reward:   0.166457  Wealth:    132347.75  Turnover: 0.4691  Gross: 1.3964  Gate: 0.7928
Episode 612  Reward:   0.202818  Wealth:    138503.86  Turnover: 0.3849  Gross: 1.3977  Gate: 0.7953
Episode 613  Reward:  -0.022620  Wealth:    106636.84  Turnover: 0.6981  Gross: 1.3971  Gate: 0.7941
Episode 614  Reward:   0.072552  Wealth:    116716.04  Turnover: 0.3475  Gross: 1.3966  Gate: 0.7932
Episode 615  Reward:   0.310340  Wealth:    158523.04  Turnover: 0.3147  Gross: 1.4037  Gate: 0.8074
Episode 616  Reward:   0.062674  Wealth:    117025.74  Turnover: 0.4276  Gross: 1.3934  Gate: 0.7868
Episode 617  Reward:   0.072074  Wealth:    116633.30  Turnover: 0.4151  Gross: 1.3986  Gate: 0.7972
Episode 618  Reward:   0.187901  Wealth:    134367.37  Turnover: 0.3290  Gross: 1.4056  Gate: 0.8111
Episode 619  Reward:   0.063591  Wealth:    116707.14  Turnover: 0.4206  Gross: 1.4003  Gate: 0.8006
Episode 620  Reward:   0.160561  Wealth:    130215.81  Turnover: 0.5353  Gross: 1.4045  Gate: 0.8090
Episode    620  AvgReward:   0.127635  Noise: 0.0434
Episode 621  Reward:   0.188600  Wealth:    134582.37  Turnover: 0.3260  Gross: 1.3994  Gate: 0.7988
Episode 622  Reward:  -0.022998  Wealth:    105848.42  Turnover: 0.7222  Gross: 1.4024  Gate: 0.8047
Episode 623  Reward:   0.084237  Wealth:    123303.74  Turnover: 0.4836  Gross: 1.3898  Gate: 0.7796
Episode 624  Reward:   0.076542  Wealth:    120905.99  Turnover: 0.5378  Gross: 1.3906  Gate: 0.7812
Episode 625  Reward:  -0.031045  Wealth:    103590.74  Turnover: 0.4467  Gross: 1.3999  Gate: 0.7998
Episode 626  Reward:   0.337764  Wealth:    173546.97  Turnover: 0.6036  Gross: 1.3999  Gate: 0.7999
Episode 627  Reward:  -0.049419  Wealth:    101391.08  Turnover: 0.5368  Gross: 1.3949  Gate: 0.7898
Episode 628  Reward:   0.155533  Wealth:    129229.88  Turnover: 0.6275  Gross: 1.3992  Gate: 0.7985
Episode 629  Reward:   0.006394  Wealth:    107764.10  Turnover: 0.3870  Gross: 1.4059  Gate: 0.8119
Episode 630  Reward:   0.096724  Wealth:    121492.71  Turnover: 0.4305  Gross: 1.3867  Gate: 0.7734
Episode    630  AvgReward:   0.084233  Noise: 0.0426
Episode 631  Reward:   0.040644  Wealth:    113131.30  Turnover: 0.5230  Gross: 1.3986  Gate: 0.7972
Episode 632  Reward:   0.210668  Wealth:    137041.31  Turnover: 0.3950  Gross: 1.4010  Gate: 0.8020
Episode 633  Reward:  -0.114658  Wealth:     95300.24  Turnover: 0.3806  Gross: 1.4039  Gate: 0.8078
Episode 634  Reward:   0.102600  Wealth:    122510.94  Turnover: 0.5380  Gross: 1.4058  Gate: 0.8115
Episode 635  Reward:  -0.064585  Wealth:     99978.31  Turnover: 0.4317  Gross: 1.4046  Gate: 0.8091
Episode 636  Reward:   0.129423  Wealth:    124985.66  Turnover: 0.4318  Gross: 1.3981  Gate: 0.7963
Episode 637  Reward:   0.011444  Wealth:    108666.67  Turnover: 0.5428  Gross: 1.3720  Gate: 0.7440
Episode 638  Reward:   0.077884  Wealth:    119162.47  Turnover: 0.6025  Gross: 1.4023  Gate: 0.8046
Episode 639  Reward:   0.156972  Wealth:    127982.40  Turnover: 0.3307  Gross: 1.4010  Gate: 0.8019
Episode 640  Reward:  -0.083866  Wealth:     99641.73  Turnover: 0.3970  Gross: 1.4024  Gate: 0.8048
Episode    640  AvgReward:   0.046652  Noise: 0.0417
Episode 641  Reward:  -0.044113  Wealth:    102831.21  Turnover: 0.5326  Gross: 1.4025  Gate: 0.8049
Episode 642  Reward:   0.390921  Wealth:    183804.60  Turnover: 0.2284  Gross: 1.4025  Gate: 0.8049
Episode 643  Reward:   0.060692  Wealth:    115072.93  Turnover: 0.4915  Gross: 1.4001  Gate: 0.8001
Episode 644  Reward:   0.109855  Wealth:    121768.98  Turnover: 0.4751  Gross: 1.4017  Gate: 0.8034
Episode 645  Reward:   0.234250  Wealth:    148246.53  Turnover: 0.6870  Gross: 1.3981  Gate: 0.7961
Episode 646  Reward:   0.120035  Wealth:    123201.30  Turnover: 0.5464  Gross: 1.4068  Gate: 0.8136
Episode 647  Reward:   0.106830  Wealth:    122830.00  Turnover: 0.4926  Gross: 1.4004  Gate: 0.8009
Episode 648  Reward:  -0.079260  Wealth:    100387.88  Turnover: 0.4824  Gross: 1.3945  Gate: 0.7890
Episode 649  Reward:   0.213930  Wealth:    139895.54  Turnover: 0.5870  Gross: 1.3906  Gate: 0.7812
Episode 650  Reward:   0.112075  Wealth:    121594.75  Turnover: 0.4884  Gross: 1.3924  Gate: 0.7848
Episode    650  AvgReward:   0.122521  Noise: 0.0409
Episode 651  Reward:   0.167484  Wealth:    131707.05  Turnover: 0.5148  Gross: 1.4064  Gate: 0.8129
Episode 652  Reward:   0.083952  Wealth:    119898.89  Turnover: 0.5876  Gross: 1.3977  Gate: 0.7954
Episode 653  Reward:   0.078426  Wealth:    117322.86  Turnover: 0.5508  Gross: 1.3739  Gate: 0.7479
Episode 654  Reward:   0.155300  Wealth:    129517.84  Turnover: 0.4871  Gross: 1.4008  Gate: 0.8016
Episode 655  Reward:  -0.020597  Wealth:    106802.51  Turnover: 0.9234  Gross: 1.3973  Gate: 0.7945
Episode 656  Reward:   0.200146  Wealth:    135717.81  Turnover: 0.4182  Gross: 1.4046  Gate: 0.8091
Episode 657  Reward:   0.083870  Wealth:    121484.29  Turnover: 0.4555  Gross: 1.3937  Gate: 0.7874
Episode 658  Reward:   0.094073  Wealth:    121822.75  Turnover: 0.6557  Gross: 1.4050  Gate: 0.8100
Episode 659  Reward:   0.211715  Wealth:    140366.67  Turnover: 0.5312  Gross: 1.4009  Gate: 0.8019
Episode 660  Reward:   0.073838  Wealth:    115898.82  Turnover: 0.3717  Gross: 1.3996  Gate: 0.7992
Episode    660  AvgReward:   0.112821  Noise: 0.0401
Episode 661  Reward:   0.086166  Wealth:    117525.74  Turnover: 0.4774  Gross: 1.3954  Gate: 0.7908
Episode 662  Reward:   0.309376  Wealth:    161202.46  Turnover: 0.5519  Gross: 1.4037  Gate: 0.8074
Episode 663  Reward:   0.051749  Wealth:    113935.72  Turnover: 0.5483  Gross: 1.3976  Gate: 0.7951
Episode 664  Reward:   0.055148  Wealth:    116576.48  Turnover: 0.4954  Gross: 1.4022  Gate: 0.8044
Episode 665  Reward:   0.038162  Wealth:    114396.04  Turnover: 0.5816  Gross: 1.4035  Gate: 0.8071
Episode 666  Reward:  -0.041843  Wealth:    102891.00  Turnover: 0.5012  Gross: 1.4052  Gate: 0.8104
Episode 667  Reward:   0.100415  Wealth:    121337.36  Turnover: 0.6146  Gross: 1.3844  Gate: 0.7687
Episode 668  Reward:  -0.045120  Wealth:    102223.00  Turnover: 0.4240  Gross: 1.4023  Gate: 0.8046
Episode 669  Reward:   0.194055  Wealth:    141638.44  Turnover: 0.5682  Gross: 1.3975  Gate: 0.7950
Episode 670  Reward:   0.233925  Wealth:    143944.90  Turnover: 0.3325  Gross: 1.3903  Gate: 0.7805
Episode    670  AvgReward:   0.098203  Noise: 0.0393
Episode 671  Reward:   0.185583  Wealth:    134837.14  Turnover: 0.4966  Gross: 1.4006  Gate: 0.8013
Episode 672  Reward:   0.143280  Wealth:    131768.06  Turnover: 0.6154  Gross: 1.3992  Gate: 0.7985
Episode 673  Reward:   0.041077  Wealth:    112454.88  Turnover: 0.4128  Gross: 1.4040  Gate: 0.8080
Episode 674  Reward:   0.329023  Wealth:    166723.98  Turnover: 0.4585  Gross: 1.4000  Gate: 0.8000
Episode 675  Reward:  -0.002690  Wealth:    109784.85  Turnover: 0.4931  Gross: 1.3969  Gate: 0.7939
Episode 676  Reward:  -0.271911  Wealth:     85583.32  Turnover: 0.6954  Gross: 1.3895  Gate: 0.7790
Episode 677  Reward:   0.144521  Wealth:    126651.75  Turnover: 0.4688  Gross: 1.4060  Gate: 0.8119
Episode 678  Reward:  -0.135292  Wealth:     96190.71  Turnover: 0.5108  Gross: 1.4032  Gate: 0.8063
Episode 679  Reward:   0.192526  Wealth:    135264.78  Turnover: 0.5087  Gross: 1.4059  Gate: 0.8118
Episode 680  Reward:   0.292258  Wealth:    155766.02  Turnover: 0.4040  Gross: 1.3999  Gate: 0.7998
Episode    680  AvgReward:   0.091837  Noise: 0.0385
Episode 681  Reward:   0.216672  Wealth:    140309.75  Turnover: 0.4706  Gross: 1.3984  Gate: 0.7968
Episode 682  Reward:   0.131211  Wealth:    128086.27  Turnover: 0.4115  Gross: 1.4006  Gate: 0.8013
Episode 683  Reward:   0.230136  Wealth:    141581.54  Turnover: 0.3321  Gross: 1.4014  Gate: 0.8028
Episode 684  Reward:   0.023416  Wealth:    111011.06  Turnover: 0.4173  Gross: 1.4019  Gate: 0.8038
Episode 685  Reward:   0.104912  Wealth:    123872.48  Turnover: 0.5430  Gross: 1.3985  Gate: 0.7970
Episode 686  Reward:  -0.145535  Wealth:     94394.73  Turnover: 0.5746  Gross: 1.3707  Gate: 0.7415
Episode 687  Reward:   0.135100  Wealth:    124647.06  Turnover: 0.3016  Gross: 1.4026  Gate: 0.8053
Episode 688  Reward:   0.185993  Wealth:    135211.66  Turnover: 0.5113  Gross: 1.3959  Gate: 0.7918
Episode 689  Reward:   0.135202  Wealth:    124491.12  Turnover: 0.3104  Gross: 1.3995  Gate: 0.7990
Episode 690  Reward:   0.121026  Wealth:    123417.10  Turnover: 0.3241  Gross: 1.4064  Gate: 0.8129
Episode    690  AvgReward:   0.113813  Noise: 0.0378
Episode 691  Reward:   0.047273  Wealth:    112735.10  Turnover: 0.4287  Gross: 1.3973  Gate: 0.7947
Episode 692  Reward:   0.046689  Wealth:    114417.79  Turnover: 0.6241  Gross: 1.3958  Gate: 0.7916
Episode 693  Reward:   0.055123  Wealth:    114817.25  Turnover: 0.5777  Gross: 1.3989  Gate: 0.7978
Episode 694  Reward:   0.247653  Wealth:    146373.52  Turnover: 0.3904  Gross: 1.3999  Gate: 0.7999
Episode 695  Reward:   0.111111  Wealth:    121832.14  Turnover: 0.3707  Gross: 1.3949  Gate: 0.7899
Episode 696  Reward:   0.184346  Wealth:    133552.97  Turnover: 0.4654  Gross: 1.4010  Gate: 0.8021
Episode 697  Reward:  -0.096138  Wealth:     99932.06  Turnover: 0.5262  Gross: 1.3886  Gate: 0.7772
Episode 698  Reward:   0.251549  Wealth:    148747.62  Turnover: 0.4449  Gross: 1.4021  Gate: 0.8041
Episode 699  Reward:   0.090782  Wealth:    118812.52  Turnover: 0.4793  Gross: 1.3982  Gate: 0.7965
Episode 700  Reward:   0.052827  Wealth:    112981.63  Turnover: 0.3768  Gross: 1.3989  Gate: 0.7978
Episode    700  AvgReward:   0.099121  Noise: 0.0370
Episode 701  Reward:   0.128251  Wealth:    123302.26  Turnover: 0.2667  Gross: 1.4050  Gate: 0.8099
Episode 702  Reward:   0.163265  Wealth:    132042.56  Turnover: 0.4223  Gross: 1.3931  Gate: 0.7862
Episode 703  Reward:   0.075505  Wealth:    120636.90  Turnover: 0.6878  Gross: 1.3947  Gate: 0.7894
Episode 704  Reward:   0.127235  Wealth:    125184.67  Turnover: 0.6386  Gross: 1.3980  Gate: 0.7961
Episode 705  Reward:   0.030603  Wealth:    112202.56  Turnover: 0.5421  Gross: 1.4000  Gate: 0.8001
Episode 706  Reward:   0.207530  Wealth:    136992.64  Turnover: 0.4404  Gross: 1.4059  Gate: 0.8119
Episode 707  Reward:   0.219529  Wealth:    139342.60  Turnover: 0.3087  Gross: 1.4028  Gate: 0.8057
Episode 708  Reward:   0.046095  Wealth:    113596.08  Turnover: 0.6636  Gross: 1.4007  Gate: 0.8014
Episode 709  Reward:   0.090049  Wealth:    119537.23  Turnover: 0.4100  Gross: 1.4026  Gate: 0.8053
Episode 710  Reward:   0.054986  Wealth:    115884.81  Turnover: 0.2857  Gross: 1.3909  Gate: 0.7818
Episode    710  AvgReward:   0.114305  Noise: 0.0363
Episode 711  Reward:  -0.008117  Wealth:    106157.77  Turnover: 0.3875  Gross: 1.3983  Gate: 0.7965
Episode 712  Reward:  -0.032750  Wealth:    102741.23  Turnover: 0.2688  Gross: 1.4008  Gate: 0.8015
Episode 713  Reward:  -0.034523  Wealth:    104789.96  Turnover: 0.3991  Gross: 1.4011  Gate: 0.8023
Episode 714  Reward:  -0.053344  Wealth:    103117.72  Turnover: 0.4336  Gross: 1.3981  Gate: 0.7962
Episode 715  Reward:   0.037894  Wealth:    111675.48  Turnover: 0.2721  Gross: 1.4038  Gate: 0.8077
Episode 716  Reward:   0.234513  Wealth:    142754.53  Turnover: 0.4237  Gross: 1.3996  Gate: 0.7992
Episode 717  Reward:   0.218666  Wealth:    142504.50  Turnover: 0.6610  Gross: 1.3963  Gate: 0.7926
Episode 718  Reward:   0.141797  Wealth:    126420.48  Turnover: 0.3969  Gross: 1.4012  Gate: 0.8024
Episode 719  Reward:   0.107077  Wealth:    121376.59  Turnover: 0.4391  Gross: 1.3964  Gate: 0.7928
Episode 720  Reward:   0.075554  Wealth:    117455.38  Turnover: 0.3497  Gross: 1.4024  Gate: 0.8048
Episode    720  AvgReward:   0.068677  Noise: 0.0356
Episode 721  Reward:   0.079832  Wealth:    117338.90  Turnover: 0.3838  Gross: 1.3912  Gate: 0.7823
Episode 722  Reward:   0.189580  Wealth:    135534.85  Turnover: 0.5112  Gross: 1.4023  Gate: 0.8046
Episode 723  Reward:   0.389740  Wealth:    185874.34  Turnover: 0.5162  Gross: 1.3986  Gate: 0.7971
Episode 724  Reward:   0.053092  Wealth:    116174.11  Turnover: 0.5568  Gross: 1.4048  Gate: 0.8096
Episode 725  Reward:   0.205590  Wealth:    139306.69  Turnover: 0.4528  Gross: 1.4014  Gate: 0.8028
Episode 726  Reward:  -0.060790  Wealth:    100490.63  Turnover: 0.4619  Gross: 1.3932  Gate: 0.7865
Episode 727  Reward:  -0.054558  Wealth:    100832.25  Turnover: 0.5218  Gross: 1.4036  Gate: 0.8071
Episode 728  Reward:   0.195966  Wealth:    138982.83  Turnover: 0.5530  Gross: 1.4027  Gate: 0.8054
Episode 729  Reward:  -0.004948  Wealth:    105994.61  Turnover: 0.3722  Gross: 1.3987  Gate: 0.7973
Episode 730  Reward:   0.042838  Wealth:    115109.57  Turnover: 0.5783  Gross: 1.4020  Gate: 0.8039
Episode    730  AvgReward:   0.103634  Noise: 0.0349
Episode 731  Reward:   0.222296  Wealth:    140195.16  Turnover: 0.4392  Gross: 1.4023  Gate: 0.8045
Episode 732  Reward:   0.216240  Wealth:    139572.12  Turnover: 0.5156  Gross: 1.3930  Gate: 0.7861
Episode 733  Reward:   0.113241  Wealth:    122861.37  Turnover: 0.6119  Gross: 1.3940  Gate: 0.7881
Episode 734  Reward:   0.240728  Wealth:    147278.70  Turnover: 0.5783  Gross: 1.4022  Gate: 0.8045
Episode 735  Reward:   0.162350  Wealth:    129200.59  Turnover: 0.4671  Gross: 1.4036  Gate: 0.8072
Episode 736  Reward:   0.022059  Wealth:    110066.98  Turnover: 0.4221  Gross: 1.3970  Gate: 0.7940
Episode 737  Reward:  -0.051938  Wealth:    102117.50  Turnover: 0.4515  Gross: 1.3995  Gate: 0.7991
Episode 738  Reward:   0.201237  Wealth:    137946.17  Turnover: 0.4119  Gross: 1.4049  Gate: 0.8098
Episode 739  Reward:   0.194568  Wealth:    137566.33  Turnover: 0.6871  Gross: 1.3966  Gate: 0.7932
Episode 740  Reward:   0.028611  Wealth:    110084.76  Turnover: 0.4466  Gross: 1.3962  Gate: 0.7924
Episode    740  AvgReward:   0.134939  Noise: 0.0342
Episode 741  Reward:   0.141452  Wealth:    126393.00  Turnover: 0.4949  Gross: 1.4052  Gate: 0.8104
Episode 742  Reward:   0.082682  Wealth:    117192.22  Turnover: 0.3422  Gross: 1.4070  Gate: 0.8140
Episode 743  Reward:   0.126636  Wealth:    124129.79  Turnover: 0.3375  Gross: 1.3883  Gate: 0.7766
Episode 744  Reward:   0.034076  Wealth:    111312.97  Turnover: 0.4760  Gross: 1.4050  Gate: 0.8100
Episode 745  Reward:   0.047315  Wealth:    116094.85  Turnover: 0.6708  Gross: 1.3947  Gate: 0.7894
Episode 746  Reward:  -0.043874  Wealth:    103272.37  Turnover: 0.5717  Gross: 1.3897  Gate: 0.7794
Episode 747  Reward:   0.072287  Wealth:    115643.99  Turnover: 0.3265  Gross: 1.3999  Gate: 0.7997
Episode 748  Reward:   0.095700  Wealth:    118921.50  Turnover: 0.5125  Gross: 1.4024  Gate: 0.8047
Episode 749  Reward:   0.180323  Wealth:    132462.27  Turnover: 0.4204  Gross: 1.4032  Gate: 0.8065
Episode 750  Reward:  -0.036116  Wealth:    106404.03  Turnover: 0.5848  Gross: 1.3911  Gate: 0.7823
Episode    750  AvgReward:   0.070048  Noise: 0.0335
Episode 751  Reward:   0.147849  Wealth:    127239.61  Turnover: 0.4473  Gross: 1.4034  Gate: 0.8068
Episode 752  Reward:  -0.098332  Wealth:     98592.11  Turnover: 0.5125  Gross: 1.3940  Gate: 0.7881
Episode 753  Reward:  -0.176114  Wealth:     91680.32  Turnover: 0.8496  Gross: 1.4013  Gate: 0.8027
Episode 754  Reward:   0.177002  Wealth:    133894.12  Turnover: 0.5235  Gross: 1.3952  Gate: 0.7904
Episode 755  Reward:   0.056350  Wealth:    116725.30  Turnover: 0.5087  Gross: 1.3965  Gate: 0.7931
Episode 756  Reward:   0.137620  Wealth:    128488.23  Turnover: 0.5627  Gross: 1.3950  Gate: 0.7900
Episode 757  Reward:   0.179035  Wealth:    135747.48  Turnover: 0.6136  Gross: 1.4034  Gate: 0.8068
Episode 758  Reward:   0.137901  Wealth:    126051.97  Turnover: 0.4102  Gross: 1.4037  Gate: 0.8074
Episode 759  Reward:   0.058030  Wealth:    115328.40  Turnover: 0.5470  Gross: 1.3965  Gate: 0.7929
Episode 760  Reward:   0.017348  Wealth:    110639.39  Turnover: 0.6104  Gross: 1.4027  Gate: 0.8055
Episode    760  AvgReward:   0.063669  Noise: 0.0328
Episode 761  Reward:   0.197767  Wealth:    135115.18  Turnover: 0.4054  Gross: 1.4004  Gate: 0.8008
Episode 762  Reward:   0.172878  Wealth:    134274.43  Turnover: 0.4145  Gross: 1.4038  Gate: 0.8076
Episode 763  Reward:   0.024222  Wealth:    111604.71  Turnover: 0.6572  Gross: 1.4064  Gate: 0.8129
Episode 764  Reward:   0.067171  Wealth:    116648.29  Turnover: 0.7907  Gross: 1.3993  Gate: 0.7985
Episode 765  Reward:   0.093246  Wealth:    118756.64  Turnover: 0.5415  Gross: 1.4010  Gate: 0.8020
Episode 766  Reward:   0.135014  Wealth:    125994.68  Turnover: 0.5312  Gross: 1.4028  Gate: 0.8056
Episode 767  Reward:   0.268769  Wealth:    155683.46  Turnover: 0.6559  Gross: 1.3934  Gate: 0.7868
Episode 768  Reward:   0.143499  Wealth:    128784.24  Turnover: 0.6001  Gross: 1.4013  Gate: 0.8027
Episode 769  Reward:   0.204249  Wealth:    140058.49  Turnover: 0.5618  Gross: 1.3991  Gate: 0.7983
Episode 770  Reward:   0.161414  Wealth:    130740.51  Turnover: 0.4854  Gross: 1.4059  Gate: 0.8118
Episode    770  AvgReward:   0.146823  Noise: 0.0322
Episode 771  Reward:  -0.171353  Wealth:     90888.07  Turnover: 0.5666  Gross: 1.3983  Gate: 0.7967
Episode 772  Reward:   0.038705  Wealth:    114351.56  Turnover: 0.4647  Gross: 1.3937  Gate: 0.7875
Episode 773  Reward:   0.277885  Wealth:    151783.28  Turnover: 0.4357  Gross: 1.3979  Gate: 0.7958
Episode 774  Reward:   0.130284  Wealth:    125563.21  Turnover: 0.4952  Gross: 1.4040  Gate: 0.8079
Episode 775  Reward:   0.018580  Wealth:    109708.58  Turnover: 0.3987  Gross: 1.3974  Gate: 0.7948
Episode 776  Reward:  -0.106629  Wealth:     97878.94  Turnover: 0.3758  Gross: 1.3974  Gate: 0.7948
Episode 777  Reward:   0.057313  Wealth:    115161.89  Turnover: 0.5685  Gross: 1.4038  Gate: 0.8076
Episode 778  Reward:   0.076868  Wealth:    116353.48  Turnover: 0.2940  Gross: 1.4002  Gate: 0.8005
Episode 779  Reward:   0.207444  Wealth:    137815.02  Turnover: 0.3280  Gross: 1.4025  Gate: 0.8050
Episode 780  Reward:  -0.029487  Wealth:    105779.41  Turnover: 0.6108  Gross: 1.4010  Gate: 0.8020
Episode    780  AvgReward:   0.049961  Noise: 0.0315
Episode 781  Reward:   0.061762  Wealth:    115537.34  Turnover: 0.3507  Gross: 1.4013  Gate: 0.8026
Episode 782  Reward:  -0.042950  Wealth:    105461.06  Turnover: 0.7141  Gross: 1.3945  Gate: 0.7890
Episode 783  Reward:   0.224117  Wealth:    148085.08  Turnover: 0.6089  Gross: 1.4016  Gate: 0.8032
Episode 784  Reward:   0.273228  Wealth:    151758.29  Turnover: 0.4229  Gross: 1.4015  Gate: 0.8029
Episode 785  Reward:   0.232948  Wealth:    141270.22  Turnover: 0.3126  Gross: 1.3984  Gate: 0.7967
Episode 786  Reward:   0.144812  Wealth:    127427.91  Turnover: 0.5125  Gross: 1.4095  Gate: 0.8189
Episode 787  Reward:   0.092848  Wealth:    120720.07  Turnover: 0.5555  Gross: 1.3960  Gate: 0.7921
Episode 788  Reward:   0.159713  Wealth:    128527.08  Turnover: 0.4149  Gross: 1.3895  Gate: 0.7790
Episode 789  Reward:  -0.062512  Wealth:    100878.65  Turnover: 0.4946  Gross: 1.3993  Gate: 0.7986
Episode 790  Reward:   0.163700  Wealth:    130418.50  Turnover: 0.3727  Gross: 1.4058  Gate: 0.8116
Episode    790  AvgReward:   0.124767  Noise: 0.0309
Episode 791  Reward:   0.138076  Wealth:    127191.61  Turnover: 0.5438  Gross: 1.3994  Gate: 0.7988
Episode 792  Reward:   0.120715  Wealth:    124057.96  Turnover: 0.3743  Gross: 1.4052  Gate: 0.8104
Episode 793  Reward:   0.128796  Wealth:    123186.34  Turnover: 0.2909  Gross: 1.3929  Gate: 0.7859
Episode 794  Reward:   0.147704  Wealth:    127427.42  Turnover: 0.3172  Gross: 1.4022  Gate: 0.8044
Episode 795  Reward:  -0.197832  Wealth:     91131.32  Turnover: 0.6382  Gross: 1.3910  Gate: 0.7819
Episode 796  Reward:   0.106268  Wealth:    121102.70  Turnover: 0.2928  Gross: 1.3925  Gate: 0.7851
Episode 797  Reward:  -0.200219  Wealth:     89998.44  Turnover: 0.5654  Gross: 1.3896  Gate: 0.7793
Episode 798  Reward:   0.260593  Wealth:    149085.86  Turnover: 0.5057  Gross: 1.4007  Gate: 0.8014
Episode 799  Reward:   0.174709  Wealth:    130979.78  Turnover: 0.3828  Gross: 1.4012  Gate: 0.8024
Episode 800  Reward:   0.176141  Wealth:    131453.53  Turnover: 0.2176  Gross: 1.3953  Gate: 0.7906
Episode    800  AvgReward:   0.085495  Noise: 0.0303
Episode 801  Reward:   0.186045  Wealth:    133858.87  Turnover: 0.3271  Gross: 1.4053  Gate: 0.8106
Episode 802  Reward:   0.054097  Wealth:    113426.33  Turnover: 0.3165  Gross: 1.3996  Gate: 0.7993
Episode 803  Reward:   0.121762  Wealth:    126733.31  Turnover: 0.5555  Gross: 1.3976  Gate: 0.7951
Episode 804  Reward:   0.027393  Wealth:    110012.77  Turnover: 0.2734  Gross: 1.4001  Gate: 0.8001
Episode 805  Reward:   0.053066  Wealth:    115582.33  Turnover: 0.4412  Gross: 1.4040  Gate: 0.8081
Episode 806  Reward:   0.102307  Wealth:    121527.68  Turnover: 0.4339  Gross: 1.4013  Gate: 0.8025
Episode 807  Reward:   0.237324  Wealth:    143593.23  Turnover: 0.3212  Gross: 1.4038  Gate: 0.8076
Episode 808  Reward:   0.219589  Wealth:    145261.14  Turnover: 0.5539  Gross: 1.3964  Gate: 0.7927
Episode 809  Reward:   0.218915  Wealth:    140200.56  Turnover: 0.4848  Gross: 1.3919  Gate: 0.7838
Episode 810  Reward:  -0.009433  Wealth:    105581.74  Turnover: 0.3654  Gross: 1.3881  Gate: 0.7763
Episode    810  AvgReward:   0.121106  Noise: 0.0297
Episode 811  Reward:   0.142993  Wealth:    126098.81  Turnover: 0.4207  Gross: 1.4003  Gate: 0.8007
Episode 812  Reward:   0.227461  Wealth:    142108.62  Turnover: 0.4255  Gross: 1.4064  Gate: 0.8128
Episode 813  Reward:  -0.035862  Wealth:    102940.82  Turnover: 0.3178  Gross: 1.4007  Gate: 0.8015
Episode 814  Reward:   0.160682  Wealth:    128140.09  Turnover: 0.3824  Gross: 1.4002  Gate: 0.8005
Episode 815  Reward:   0.200684  Wealth:    135721.78  Turnover: 0.3075  Gross: 1.3954  Gate: 0.7907
Episode 816  Reward:   0.135987  Wealth:    126171.56  Turnover: 0.3867  Gross: 1.4045  Gate: 0.8089
Episode 817  Reward:   0.086460  Wealth:    122978.20  Turnover: 0.6169  Gross: 1.3964  Gate: 0.7928
Episode 818  Reward:   0.170736  Wealth:    135880.20  Turnover: 0.6370  Gross: 1.3977  Gate: 0.7953
Episode 819  Reward:   0.023937  Wealth:    111424.53  Turnover: 0.7907  Gross: 1.3972  Gate: 0.7943
Episode 820  Reward:   0.204147  Wealth:    141126.90  Turnover: 0.5554  Gross: 1.3924  Gate: 0.7848
Episode    820  AvgReward:   0.131723  Noise: 0.0291
Episode 821  Reward:   0.013828  Wealth:    109314.75  Turnover: 0.6758  Gross: 1.3968  Gate: 0.7936
Episode 822  Reward:   0.152195  Wealth:    131389.20  Turnover: 0.7531  Gross: 1.4066  Gate: 0.8133
Episode 823  Reward:   0.186143  Wealth:    135933.34  Turnover: 0.5962  Gross: 1.4020  Gate: 0.8040
Episode 824  Reward:   0.071099  Wealth:    115540.97  Turnover: 0.2370  Gross: 1.3960  Gate: 0.7921
Episode 825  Reward:   0.232825  Wealth:    143262.42  Turnover: 0.5130  Gross: 1.4037  Gate: 0.8074
Episode 826  Reward:   0.168305  Wealth:    130713.66  Turnover: 0.4083  Gross: 1.3980  Gate: 0.7961
Episode 827  Reward:   0.295855  Wealth:    160135.70  Turnover: 0.3751  Gross: 1.3975  Gate: 0.7950
Episode 828  Reward:   0.023717  Wealth:    110148.09  Turnover: 0.3155  Gross: 1.3915  Gate: 0.7830
Episode 829  Reward:   0.225937  Wealth:    144231.91  Turnover: 0.6115  Gross: 1.3962  Gate: 0.7924
Episode 830  Reward:   0.169655  Wealth:    131000.54  Turnover: 0.4544  Gross: 1.4038  Gate: 0.8076
Episode    830  AvgReward:   0.153956  Noise: 0.0285
Episode 831  Reward:   0.327019  Wealth:    167565.66  Turnover: 0.5351  Gross: 1.3920  Gate: 0.7839
Episode 832  Reward:   0.331575  Wealth:    166186.01  Turnover: 0.3804  Gross: 1.3911  Gate: 0.7821
Episode 833  Reward:   0.086067  Wealth:    118145.34  Turnover: 0.3843  Gross: 1.4005  Gate: 0.8010
Episode 834  Reward:   0.202000  Wealth:    136481.13  Turnover: 0.3505  Gross: 1.3999  Gate: 0.7997
Episode 835  Reward:   0.158848  Wealth:    129072.90  Turnover: 0.5108  Gross: 1.4026  Gate: 0.8052
Episode 836  Reward:   0.282831  Wealth:    154239.62  Turnover: 0.4447  Gross: 1.4027  Gate: 0.8054
Episode 837  Reward:  -0.164939  Wealth:     94082.15  Turnover: 0.5967  Gross: 1.3917  Gate: 0.7834
Episode 838  Reward:   0.163343  Wealth:    132769.65  Turnover: 0.7596  Gross: 1.4012  Gate: 0.8024
Episode 839  Reward:  -0.013596  Wealth:    105329.27  Turnover: 0.2711  Gross: 1.4032  Gate: 0.8064
Episode 840  Reward:   0.275198  Wealth:    153170.52  Turnover: 0.4060  Gross: 1.3914  Gate: 0.7829
Episode    840  AvgReward:   0.164835  Noise: 0.0280
Episode 841  Reward:   0.143728  Wealth:    129307.18  Turnover: 0.6693  Gross: 1.4063  Gate: 0.8125
Episode 842  Reward:   0.044961  Wealth:    114130.33  Turnover: 0.5155  Gross: 1.3991  Gate: 0.7982
Episode 843  Reward:   0.036952  Wealth:    114092.86  Turnover: 0.5769  Gross: 1.3961  Gate: 0.7922
Episode 844  Reward:   0.167700  Wealth:    132230.60  Turnover: 0.3874  Gross: 1.3975  Gate: 0.7950
Episode 845  Reward:   0.186555  Wealth:    133382.43  Turnover: 0.2433  Gross: 1.3928  Gate: 0.7857
Episode 846  Reward:   0.145400  Wealth:    128057.65  Turnover: 0.3621  Gross: 1.4028  Gate: 0.8056
Episode 847  Reward:   0.283152  Wealth:    157996.42  Turnover: 0.4977  Gross: 1.3980  Gate: 0.7960
Episode 848  Reward:  -0.054505  Wealth:    104245.09  Turnover: 0.5498  Gross: 1.3965  Gate: 0.7930
Episode 849  Reward:   0.191698  Wealth:    134417.96  Turnover: 0.2554  Gross: 1.4033  Gate: 0.8066
Episode 850  Reward:   0.040986  Wealth:    112675.66  Turnover: 0.5012  Gross: 1.4023  Gate: 0.8047
Episode    850  AvgReward:   0.118663  Noise: 0.0274
Episode 851  Reward:   0.084524  Wealth:    117585.01  Turnover: 0.3271  Gross: 1.3979  Gate: 0.7959
Episode 852  Reward:   0.236953  Wealth:    147458.06  Turnover: 0.6714  Gross: 1.4052  Gate: 0.8104
Episode 853  Reward:   0.166805  Wealth:    131593.09  Turnover: 0.4788  Gross: 1.4031  Gate: 0.8062
Episode 854  Reward:   0.240239  Wealth:    144516.80  Turnover: 0.4434  Gross: 1.4002  Gate: 0.8004
Episode 855  Reward:   0.214532  Wealth:    139258.96  Turnover: 0.4750  Gross: 1.3961  Gate: 0.7923
Episode 856  Reward:   0.004121  Wealth:    109275.64  Turnover: 0.4428  Gross: 1.4024  Gate: 0.8049
Episode 857  Reward:   0.189845  Wealth:    135342.34  Turnover: 0.4219  Gross: 1.4002  Gate: 0.8004
Episode 858  Reward:   0.142464  Wealth:    127209.41  Turnover: 0.4476  Gross: 1.4027  Gate: 0.8054
Episode 859  Reward:   0.201923  Wealth:    136457.04  Turnover: 0.3978  Gross: 1.4013  Gate: 0.8026
Episode 860  Reward:   0.235379  Wealth:    145084.33  Turnover: 0.6138  Gross: 1.3993  Gate: 0.7987
Episode    860  AvgReward:   0.171678  Noise: 0.0269
Episode 861  Reward:   0.197423  Wealth:    138369.18  Turnover: 0.4471  Gross: 1.4044  Gate: 0.8088
Episode 862  Reward:   0.020547  Wealth:    110519.42  Turnover: 0.6340  Gross: 1.4010  Gate: 0.8021
Episode 863  Reward:  -0.117238  Wealth:     95346.76  Turnover: 0.4694  Gross: 1.4028  Gate: 0.8055
Episode 864  Reward:   0.066552  Wealth:    115599.78  Turnover: 0.5412  Gross: 1.4063  Gate: 0.8127
Episode 865  Reward:  -0.142432  Wealth:     93967.07  Turnover: 0.5535  Gross: 1.4020  Gate: 0.8040
Episode 866  Reward:   0.202632  Wealth:    137806.40  Turnover: 0.5672  Gross: 1.4036  Gate: 0.8073
Episode 867  Reward:  -0.087829  Wealth:    101511.75  Turnover: 0.7963  Gross: 1.3951  Gate: 0.7903
Episode 868  Reward:   0.141602  Wealth:    126053.53  Turnover: 0.3764  Gross: 1.4065  Gate: 0.8131
Episode 869  Reward:   0.122828  Wealth:    122368.17  Turnover: 0.3123  Gross: 1.4022  Gate: 0.8044
Episode 870  Reward:   0.147943  Wealth:    130538.71  Turnover: 0.4892  Gross: 1.3919  Gate: 0.7838
Episode    870  AvgReward:   0.055203  Noise: 0.0263
Episode 871  Reward:   0.006794  Wealth:    109537.05  Turnover: 0.5497  Gross: 1.4049  Gate: 0.8097
Episode 872  Reward:   0.281074  Wealth:    159229.60  Turnover: 0.5649  Gross: 1.3947  Gate: 0.7893
Episode 873  Reward:   0.148720  Wealth:    129834.15  Turnover: 0.3792  Gross: 1.4039  Gate: 0.8078
Episode 874  Reward:  -0.113038  Wealth:     97873.13  Turnover: 0.7231  Gross: 1.3882  Gate: 0.7763
Episode 875  Reward:   0.145296  Wealth:    129339.49  Turnover: 0.5655  Gross: 1.3990  Gate: 0.7979
Episode 876  Reward:  -0.127348  Wealth:     96813.22  Turnover: 0.3688  Gross: 1.4050  Gate: 0.8100
Episode 877  Reward:   0.248738  Wealth:    146907.87  Turnover: 0.5077  Gross: 1.4030  Gate: 0.8061
Episode 878  Reward:  -0.150227  Wealth:     94560.54  Turnover: 0.6176  Gross: 1.3893  Gate: 0.7786
Episode 879  Reward:   0.177638  Wealth:    133215.42  Turnover: 0.4142  Gross: 1.4047  Gate: 0.8093
Episode 880  Reward:  -0.352470  Wealth:     79292.25  Turnover: 0.5795  Gross: 1.3924  Gate: 0.7848
Episode    880  AvgReward:   0.026518  Noise: 0.0258
Episode 881  Reward:   0.245203  Wealth:    151159.00  Turnover: 0.4459  Gross: 1.4040  Gate: 0.8079
Episode 882  Reward:   0.158203  Wealth:    130629.87  Turnover: 0.4400  Gross: 1.4001  Gate: 0.8001
Episode 883  Reward:   0.168455  Wealth:    131254.20  Turnover: 0.5021  Gross: 1.3997  Gate: 0.7994
Episode 884  Reward:   0.036005  Wealth:    112695.19  Turnover: 0.5864  Gross: 1.3939  Gate: 0.7879
Episode 885  Reward:  -0.061664  Wealth:    102949.49  Turnover: 0.4403  Gross: 1.4014  Gate: 0.8028
Episode 886  Reward:  -0.016161  Wealth:    106479.81  Turnover: 0.4853  Gross: 1.4040  Gate: 0.8079
Episode 887  Reward:   0.249471  Wealth:    149130.49  Turnover: 0.8381  Gross: 1.4019  Gate: 0.8038
Episode 888  Reward:   0.206666  Wealth:    138393.45  Turnover: 0.3622  Gross: 1.4025  Gate: 0.8050
Episode 889  Reward:   0.124851  Wealth:    123335.27  Turnover: 0.4978  Gross: 1.4034  Gate: 0.8068
Episode 890  Reward:   0.100976  Wealth:    124144.89  Turnover: 0.6174  Gross: 1.4070  Gate: 0.8140
Episode    890  AvgReward:   0.121201  Noise: 0.0253
Episode 891  Reward:   0.119060  Wealth:    127585.42  Turnover: 1.0897  Gross: 1.3868  Gate: 0.7737
Episode 892  Reward:   0.227236  Wealth:    142951.08  Turnover: 0.4503  Gross: 1.3968  Gate: 0.7935
Episode 893  Reward:   0.101247  Wealth:    121948.42  Turnover: 0.5490  Gross: 1.4018  Gate: 0.8037
Episode 894  Reward:   0.030479  Wealth:    111313.03  Turnover: 0.4045  Gross: 1.3927  Gate: 0.7853
Episode 895  Reward:   0.367580  Wealth:    181675.26  Turnover: 0.6985  Gross: 1.4006  Gate: 0.8013
Episode 896  Reward:   0.185727  Wealth:    133874.11  Turnover: 0.4360  Gross: 1.4030  Gate: 0.8059
Episode 897  Reward:   0.066772  Wealth:    114870.30  Turnover: 0.3289  Gross: 1.4033  Gate: 0.8066
Episode 898  Reward:   0.091323  Wealth:    125219.33  Turnover: 0.6046  Gross: 1.3833  Gate: 0.7666
Episode 899  Reward:   0.274292  Wealth:    155552.79  Turnover: 0.6127  Gross: 1.4003  Gate: 0.8006
Episode 900  Reward:   0.113220  Wealth:    124419.65  Turnover: 0.6284  Gross: 1.4000  Gate: 0.7999
Episode    900  AvgReward:   0.157694  Noise: 0.0248
Episode 901  Reward:   0.134513  Wealth:    128557.26  Turnover: 0.7855  Gross: 1.3951  Gate: 0.7901
Episode 902  Reward:   0.194495  Wealth:    138396.67  Turnover: 0.6254  Gross: 1.3993  Gate: 0.7986
Episode 903  Reward:  -0.009724  Wealth:    108007.78  Turnover: 0.8124  Gross: 1.4000  Gate: 0.8000
Episode 904  Reward:   0.195959  Wealth:    138610.41  Turnover: 0.6200  Gross: 1.3902  Gate: 0.7804
Episode 905  Reward:  -0.006090  Wealth:    109829.19  Turnover: 0.5679  Gross: 1.3942  Gate: 0.7884
Episode 906  Reward:   0.002537  Wealth:    111270.50  Turnover: 0.5956  Gross: 1.4019  Gate: 0.8039
Episode 907  Reward:   0.173629  Wealth:    132617.42  Turnover: 0.5260  Gross: 1.4008  Gate: 0.8017
Episode 908  Reward:   0.072921  Wealth:    118930.31  Turnover: 0.6944  Gross: 1.3995  Gate: 0.7991
Episode 909  Reward:   0.228909  Wealth:    148369.87  Turnover: 0.5366  Gross: 1.4025  Gate: 0.8050
Episode 910  Reward:   0.134009  Wealth:    124910.79  Turnover: 0.4814  Gross: 1.4012  Gate: 0.8023
Episode    910  AvgReward:   0.112116  Noise: 0.0243
Episode 911  Reward:   0.190785  Wealth:    137351.77  Turnover: 0.6067  Gross: 1.4030  Gate: 0.8059
Episode 912  Reward:   0.031050  Wealth:    113879.45  Turnover: 0.4972  Gross: 1.4009  Gate: 0.8017
Episode 913  Reward:   0.119063  Wealth:    126149.64  Turnover: 0.5021  Gross: 1.4001  Gate: 0.8001
Episode 914  Reward:   0.167865  Wealth:    133943.17  Turnover: 0.3532  Gross: 1.3992  Gate: 0.7984
Episode 915  Reward:   0.271712  Wealth:    159042.32  Turnover: 0.5705  Gross: 1.3883  Gate: 0.7767
Episode 916  Reward:   0.199933  Wealth:    136188.18  Turnover: 0.4385  Gross: 1.4007  Gate: 0.8013
Episode 917  Reward:  -0.275368  Wealth:     83738.29  Turnover: 0.4328  Gross: 1.4005  Gate: 0.8009
Episode 918  Reward:   0.262551  Wealth:    153838.05  Turnover: 0.5740  Gross: 1.3984  Gate: 0.7968
Episode 919  Reward:   0.267905  Wealth:    152707.04  Turnover: 0.5844  Gross: 1.3991  Gate: 0.7982
Episode 920  Reward:   0.144950  Wealth:    130145.21  Turnover: 0.6601  Gross: 1.4040  Gate: 0.8081
Episode    920  AvgReward:   0.138044  Noise: 0.0238
Episode 921  Reward:  -0.015767  Wealth:    105313.02  Turnover: 0.5209  Gross: 1.3991  Gate: 0.7983
Episode 922  Reward:  -0.303831  Wealth:     81415.81  Turnover: 0.5114  Gross: 1.4020  Gate: 0.8041
Episode 923  Reward:   0.242260  Wealth:    144361.44  Turnover: 0.4474  Gross: 1.3947  Gate: 0.7894
Episode 924  Reward:  -0.275037  Wealth:     83636.31  Turnover: 0.4406  Gross: 1.4021  Gate: 0.8042
Episode 925  Reward:   0.213745  Wealth:    142841.58  Turnover: 0.4722  Gross: 1.3952  Gate: 0.7903
Episode 926  Reward:  -0.069153  Wealth:    103908.69  Turnover: 0.3415  Gross: 1.3988  Gate: 0.7977
Episode 927  Reward:   0.018082  Wealth:    111538.74  Turnover: 0.6537  Gross: 1.4002  Gate: 0.8004
Episode 928  Reward:  -0.054891  Wealth:    103329.07  Turnover: 0.4387  Gross: 1.4058  Gate: 0.8115
Episode 929  Reward:   0.160851  Wealth:    129881.57  Turnover: 0.4060  Gross: 1.3957  Gate: 0.7914
Episode 930  Reward:   0.058415  Wealth:    116133.05  Turnover: 0.5060  Gross: 1.3967  Gate: 0.7934
Episode    930  AvgReward:  -0.002533  Noise: 0.0234
Episode 931  Reward:   0.156258  Wealth:    129948.70  Turnover: 0.5907  Gross: 1.3968  Gate: 0.7937
Episode 932  Reward:   0.006716  Wealth:    111436.02  Turnover: 0.8464  Gross: 1.4061  Gate: 0.8122
Episode 933  Reward:   0.032468  Wealth:    115125.53  Turnover: 0.9470  Gross: 1.3860  Gate: 0.7720
Episode 934  Reward:   0.173096  Wealth:    134647.25  Turnover: 0.6577  Gross: 1.4050  Gate: 0.8100
Episode 935  Reward:   0.107540  Wealth:    122633.60  Turnover: 0.5291  Gross: 1.4076  Gate: 0.8153
Episode 936  Reward:   0.092529  Wealth:    120813.85  Turnover: 0.6061  Gross: 1.4024  Gate: 0.8047
Episode 937  Reward:   0.152213  Wealth:    128998.32  Turnover: 0.4770  Gross: 1.3994  Gate: 0.7988
Episode 938  Reward:  -0.295150  Wealth:     82268.59  Turnover: 0.4825  Gross: 1.4039  Gate: 0.8078
Episode 939  Reward:   0.143295  Wealth:    128277.54  Turnover: 0.3735  Gross: 1.3935  Gate: 0.7871
Episode 940  Reward:   0.200524  Wealth:    139358.98  Turnover: 0.4373  Gross: 1.3930  Gate: 0.7859
Episode    940  AvgReward:   0.076949  Noise: 0.0229
Episode 941  Reward:   0.213944  Wealth:    142227.78  Turnover: 0.5107  Gross: 1.3973  Gate: 0.7946
Episode 942  Reward:   0.262385  Wealth:    157114.95  Turnover: 0.6692  Gross: 1.3910  Gate: 0.7820
Episode 943  Reward:   0.067650  Wealth:    117532.25  Turnover: 0.5195  Gross: 1.3971  Gate: 0.7943
Episode 944  Reward:   0.254475  Wealth:    153818.07  Turnover: 0.6218  Gross: 1.3910  Gate: 0.7821
Episode 945  Reward:   0.172118  Wealth:    132034.22  Turnover: 0.3357  Gross: 1.4048  Gate: 0.8096
Episode 946  Reward:  -0.223249  Wealth:     89594.14  Turnover: 0.4336  Gross: 1.3942  Gate: 0.7884
Episode 947  Reward:   0.169248  Wealth:    135080.84  Turnover: 0.5524  Gross: 1.4043  Gate: 0.8086
Episode 948  Reward:   0.106957  Wealth:    125583.79  Turnover: 0.5846  Gross: 1.4035  Gate: 0.8070
Episode 949  Reward:   0.189110  Wealth:    136628.53  Turnover: 0.5813  Gross: 1.4007  Gate: 0.8014
Episode 950  Reward:   0.229337  Wealth:    143769.65  Turnover: 0.3931  Gross: 1.3884  Gate: 0.7769
Episode    950  AvgReward:   0.144198  Noise: 0.0224
Episode 951  Reward:   0.323332  Wealth:    168836.16  Turnover: 0.9037  Gross: 1.4014  Gate: 0.8028
Episode 952  Reward:   0.168711  Wealth:    131222.11  Turnover: 0.3987  Gross: 1.3998  Gate: 0.7995
Episode 953  Reward:   0.148019  Wealth:    130763.38  Turnover: 0.5125  Gross: 1.3866  Gate: 0.7731
Episode 954  Reward:   0.131231  Wealth:    130829.85  Turnover: 0.4276  Gross: 1.3927  Gate: 0.7854
Episode 955  Reward:   0.037482  Wealth:    111907.25  Turnover: 0.5941  Gross: 1.4009  Gate: 0.8018
Episode 956  Reward:   0.062872  Wealth:    116886.70  Turnover: 0.5234  Gross: 1.4001  Gate: 0.8001
Episode 957  Reward:   0.198777  Wealth:    139108.11  Turnover: 0.5243  Gross: 1.4026  Gate: 0.8052
Episode 958  Reward:  -0.027824  Wealth:    106877.34  Turnover: 0.8184  Gross: 1.4060  Gate: 0.8120
Episode 959  Reward:  -0.007249  Wealth:    107621.68  Turnover: 0.6419  Gross: 1.3988  Gate: 0.7975
Episode 960  Reward:   0.154139  Wealth:    128971.07  Turnover: 0.5006  Gross: 1.4029  Gate: 0.8058
Episode    960  AvgReward:   0.118949  Noise: 0.0220
Episode 961  Reward:   0.162832  Wealth:    136922.45  Turnover: 0.9136  Gross: 1.3929  Gate: 0.7858
Episode 962  Reward:   0.062322  Wealth:    115844.54  Turnover: 0.4146  Gross: 1.4013  Gate: 0.8026
Episode 963  Reward:  -0.098382  Wealth:     97415.08  Turnover: 0.5355  Gross: 1.3935  Gate: 0.7870
Episode 964  Reward:   0.007274  Wealth:    110503.91  Turnover: 0.7706  Gross: 1.3961  Gate: 0.7922
Episode 965  Reward:   0.105118  Wealth:    124428.47  Turnover: 0.7462  Gross: 1.3917  Gate: 0.7834
Episode 966  Reward:   0.115692  Wealth:    124492.87  Turnover: 0.6883  Gross: 1.3925  Gate: 0.7850
Episode 967  Reward:   0.226555  Wealth:    147040.08  Turnover: 0.7788  Gross: 1.3909  Gate: 0.7818
Episode 968  Reward:   0.132231  Wealth:    125843.20  Turnover: 0.4725  Gross: 1.4048  Gate: 0.8096
Episode 969  Reward:  -0.005421  Wealth:    110826.29  Turnover: 0.5059  Gross: 1.4005  Gate: 0.8009
Episode 970  Reward:   0.025516  Wealth:    112757.13  Turnover: 0.5499  Gross: 1.3988  Gate: 0.7976
Episode    970  AvgReward:   0.073374  Noise: 0.0216
Episode 971  Reward:   0.324477  Wealth:    166836.56  Turnover: 0.4295  Gross: 1.3962  Gate: 0.7925
Episode 972  Reward:   0.190020  Wealth:    134135.64  Turnover: 0.3770  Gross: 1.4042  Gate: 0.8083
Episode 973  Reward:   0.221601  Wealth:    141698.45  Turnover: 0.4415  Gross: 1.3970  Gate: 0.7941
Episode 974  Reward:  -0.095296  Wealth:     99889.97  Turnover: 0.4306  Gross: 1.3906  Gate: 0.7813
Episode 975  Reward:   0.126267  Wealth:    128486.68  Turnover: 0.6270  Gross: 1.4003  Gate: 0.8005
Episode 976  Reward:   0.346751  Wealth:    175887.39  Turnover: 0.8337  Gross: 1.3934  Gate: 0.7869
Episode 977  Reward:   0.168235  Wealth:    131536.46  Turnover: 0.5562  Gross: 1.3981  Gate: 0.7962
Episode 978  Reward:   0.274503  Wealth:    152348.88  Turnover: 0.4362  Gross: 1.3978  Gate: 0.7956
Episode 979  Reward:  -0.010857  Wealth:    106312.29  Turnover: 0.5558  Gross: 1.4012  Gate: 0.8025
Episode 980  Reward:   0.227213  Wealth:    146408.03  Turnover: 0.7818  Gross: 1.3938  Gate: 0.7875
Episode    980  AvgReward:   0.177291  Noise: 0.0211
Episode 981  Reward:   0.034092  Wealth:    115135.83  Turnover: 0.7259  Gross: 1.4024  Gate: 0.8048
Episode 982  Reward:   0.291725  Wealth:    158973.55  Turnover: 0.6120  Gross: 1.4059  Gate: 0.8119
Episode 983  Reward:   0.179274  Wealth:    133316.31  Turnover: 0.4854  Gross: 1.4055  Gate: 0.8110
Episode 984  Reward:   0.148820  Wealth:    127294.57  Turnover: 0.4247  Gross: 1.4039  Gate: 0.8078
Episode 985  Reward:   0.145431  Wealth:    126824.53  Turnover: 0.2435  Gross: 1.4079  Gate: 0.8158
Episode 986  Reward:  -0.208208  Wealth:     89206.93  Turnover: 0.5561  Gross: 1.3983  Gate: 0.7966
Episode 987  Reward:   0.031957  Wealth:    111926.84  Turnover: 0.3879  Gross: 1.3984  Gate: 0.7968
Episode 988  Reward:  -0.227817  Wealth:     87695.14  Turnover: 0.6482  Gross: 1.3964  Gate: 0.7929
Episode 989  Reward:   0.005721  Wealth:    111967.18  Turnover: 0.7208  Gross: 1.4003  Gate: 0.8007
Episode 990  Reward:   0.057559  Wealth:    116108.77  Turnover: 0.3735  Gross: 1.4041  Gate: 0.8083
Episode    990  AvgReward:   0.045855  Noise: 0.0207
Episode 991  Reward:  -0.052099  Wealth:    103506.96  Turnover: 0.7015  Gross: 1.4006  Gate: 0.8013
Episode 992  Reward:   0.161736  Wealth:    130186.42  Turnover: 0.4239  Gross: 1.4058  Gate: 0.8116
Episode 993  Reward:   0.066986  Wealth:    122939.13  Turnover: 0.4509  Gross: 1.3945  Gate: 0.7890
Episode 994  Reward:   0.292880  Wealth:    161755.50  Turnover: 0.7399  Gross: 1.3892  Gate: 0.7785
Episode 995  Reward:   0.195705  Wealth:    143099.27  Turnover: 0.6465  Gross: 1.3956  Gate: 0.7911
Episode 996  Reward:   0.111050  Wealth:    123878.67  Turnover: 0.6672  Gross: 1.3933  Gate: 0.7866
Episode 997  Reward:   0.100582  Wealth:    120850.35  Turnover: 0.4679  Gross: 1.3994  Gate: 0.7988
Episode 998  Reward:   0.053409  Wealth:    115019.61  Turnover: 0.4964  Gross: 1.3963  Gate: 0.7926
Episode 999  Reward:   0.192851  Wealth:    139445.55  Turnover: 0.7964  Gross: 1.3918  Gate: 0.7837
Episode 1000  Reward:   0.016061  Wealth:    113346.97  Turnover: 0.7482  Gross: 1.3937  Gate: 0.7875
Episode   1000  AvgReward:   0.113916  Noise: 0.0203
TRAIN STAGE COMPLETE
PRE-TRAINING BEHAVIOUR GATE PASSED on deterministic held-in episodes: mean_leverage_gate=0.7971, fraction_at_gross_cap=0.0000, gate_gross_mae=0.0000, mean_turnover=0.5685, max_position_limit_violation=0.0000, mean_normalized_direction_entropy=0.8538, q05_normalized_direction_entropy=0.7667, mean_effective_positions=4.0122
Pre-training complete. Agent saved.

============================================================
Stage 2: Fine-tuning on Real Data

============================================================
============================================================
STAGE 2: FINE-TUNING
============================================================
============================================================
TRAIN STAGE STARTED: stage=finetune_selection, episodes=37, batch_size=64, updates_per_step=1
============================================================
Episode 1  Reward:   0.268462  Wealth:    152351.35  Turnover: 0.6096  Gross: 1.3990  Gate: 0.7979
Episode 2  Reward:   0.089732  Wealth:    122891.09  Turnover: 0.5830  Gross: 1.3960  Gate: 0.7919
Episode 3  Reward:   0.115113  Wealth:    122639.61  Turnover: 0.4930  Gross: 1.3986  Gate: 0.7972
Episode 4  Reward:   0.221393  Wealth:    141783.05  Turnover: 0.6381  Gross: 1.3964  Gate: 0.7927
Episode 5  Reward:   0.203394  Wealth:    137552.66  Turnover: 0.5923  Gross: 1.3984  Gate: 0.7968
Episode 6  Reward:   0.098088  Wealth:    119913.85  Turnover: 0.5372  Gross: 1.4047  Gate: 0.8093
Episode 7  Reward:   0.223639  Wealth:    142646.17  Turnover: 0.6728  Gross: 1.4020  Gate: 0.8040
Episode 8  Reward:   0.206644  Wealth:    140216.92  Turnover: 0.7580  Gross: 1.4014  Gate: 0.8027
Episode 9  Reward:   0.031318  Wealth:    113022.03  Turnover: 0.6246  Gross: 1.4035  Gate: 0.8071
Episode 10  Reward:   0.256189  Wealth:    150897.17  Turnover: 0.7040  Gross: 1.4007  Gate: 0.8015
Episode 11  Reward:   0.016239  Wealth:    110631.21  Turnover: 0.5232  Gross: 1.4007  Gate: 0.8014
Episode 12  Reward:   0.037804  Wealth:    113609.46  Turnover: 0.4915  Gross: 1.3986  Gate: 0.7971
Episode 13  Reward:   0.028610  Wealth:    112085.44  Turnover: 0.4950  Gross: 1.3919  Gate: 0.7837
Episode 14  Reward:   0.259286  Wealth:    153982.09  Turnover: 0.7338  Gross: 1.4041  Gate: 0.8083
Episode 15  Reward:   0.062350  Wealth:    116653.82  Turnover: 0.5363  Gross: 1.3937  Gate: 0.7875
Episode 16  Reward:   0.052824  Wealth:    116035.89  Turnover: 0.6793  Gross: 1.4001  Gate: 0.8002
Episode 17  Reward:   0.211747  Wealth:    143376.21  Turnover: 0.7415  Gross: 1.4028  Gate: 0.8057
Episode 18  Reward:   0.194829  Wealth:    139699.51  Turnover: 0.7328  Gross: 1.4018  Gate: 0.8037
Episode 19  Reward:   0.215782  Wealth:    144748.37  Turnover: 0.6513  Gross: 1.4015  Gate: 0.8030
Episode 20  Reward:   0.072079  Wealth:    117751.59  Turnover: 0.4663  Gross: 1.4002  Gate: 0.8003
Episode 21  Reward:   0.095183  Wealth:    121561.83  Turnover: 0.5460  Gross: 1.3966  Gate: 0.7932
Episode 22  Reward:   0.105916  Wealth:    121621.76  Turnover: 0.5563  Gross: 1.3980  Gate: 0.7960
Episode 23  Reward:   0.097733  Wealth:    120152.00  Turnover: 0.5154  Gross: 1.3996  Gate: 0.7993
Episode 24  Reward:   0.298494  Wealth:    162395.42  Turnover: 0.6261  Gross: 1.4021  Gate: 0.8042
Episode 25  Reward:   0.075790  Wealth:    120095.35  Turnover: 0.5371  Gross: 1.4035  Gate: 0.8071
Episode 26  Reward:   0.255843  Wealth:    152296.82  Turnover: 0.5559  Gross: 1.4023  Gate: 0.8045
Episode 27  Reward:   0.101587  Wealth:    121966.71  Turnover: 0.6381  Gross: 1.3993  Gate: 0.7985
Episode 28  Reward:   0.222253  Wealth:    145254.16  Turnover: 0.6488  Gross: 1.4041  Gate: 0.8081
Episode 29  Reward:   0.256377  Wealth:    151903.68  Turnover: 0.6131  Gross: 1.4009  Gate: 0.8018
Episode 30  Reward:   0.030641  Wealth:    111175.75  Turnover: 0.4694  Gross: 1.3965  Gate: 0.7931
Episode 31  Reward:   0.102737  Wealth:    123680.94  Turnover: 0.6763  Gross: 1.4009  Gate: 0.8019
Episode 32  Reward:   0.267834  Wealth:    155092.68  Turnover: 0.6917  Gross: 1.4016  Gate: 0.8031
Episode 33  Reward:   0.248468  Wealth:    151462.94  Turnover: 0.6918  Gross: 1.4024  Gate: 0.8048
Episode 34  Reward:   0.275966  Wealth:    159236.40  Turnover: 0.5805  Gross: 1.4025  Gate: 0.8049
Episode 35  Reward:   0.116055  Wealth:    123344.49  Turnover: 0.5422  Gross: 1.3995  Gate: 0.7991
Episode 36  Reward:   0.206258  Wealth:    142675.40  Turnover: 0.5715  Gross: 1.4037  Gate: 0.8075
Episode 37  Reward:   0.201157  Wealth:    141501.94  Turnover: 0.6148  Gross: 1.4003  Gate: 0.8006
Episode     37  AvgReward:   0.157400  Noise: 0.0417
TRAIN STAGE COMPLETE
VALIDATION pass=1 reward=0.126853 wealth=124740.65 turnover=0.5033 gross=1.4049
============================================================
TRAIN STAGE STARTED: stage=finetune_refit_all, episodes=61, batch_size=64, updates_per_step=1
============================================================
Episode 1  Reward:   0.313931  Wealth:    162733.68  Turnover: 0.5625  Gross: 1.3962  Gate: 0.7924
Episode 2  Reward:  -0.002917  Wealth:    110197.21  Turnover: 0.5520  Gross: 1.3902  Gate: 0.7805
Episode 3  Reward:  -0.061474  Wealth:    100255.88  Turnover: 0.4472  Gross: 1.4038  Gate: 0.8076
Episode 4  Reward:   0.078830  Wealth:    120516.75  Turnover: 0.6196  Gross: 1.3938  Gate: 0.7877
Episode 5  Reward:   0.166746  Wealth:    130399.19  Turnover: 0.4868  Gross: 1.4001  Gate: 0.8002
Episode 6  Reward:   0.100521  Wealth:    119616.38  Turnover: 0.4703  Gross: 1.4020  Gate: 0.8040
Episode 7  Reward:   0.220953  Wealth:    141138.53  Turnover: 0.6301  Gross: 1.4052  Gate: 0.8104
Episode 8  Reward:  -0.013123  Wealth:    105035.82  Turnover: 0.4718  Gross: 1.4037  Gate: 0.8073
Episode 9  Reward:   0.030773  Wealth:    110276.91  Turnover: 0.4834  Gross: 1.4036  Gate: 0.8073
Episode 10  Reward:  -0.037201  Wealth:    103111.45  Turnover: 0.5626  Gross: 1.4062  Gate: 0.8124
Episode 11  Reward:   0.096448  Wealth:    120376.73  Turnover: 0.5849  Gross: 1.3939  Gate: 0.7877
Episode 12  Reward:   0.254672  Wealth:    149941.01  Turnover: 0.7659  Gross: 1.4027  Gate: 0.8053
Episode 13  Reward:   0.092439  Wealth:    119663.38  Turnover: 0.6303  Gross: 1.3940  Gate: 0.7880
Episode 14  Reward:   0.094113  Wealth:    119722.81  Turnover: 0.5249  Gross: 1.3912  Gate: 0.7823
Episode 15  Reward:   0.172894  Wealth:    130726.64  Turnover: 0.5640  Gross: 1.4096  Gate: 0.8192
Episode 16  Reward:   0.192315  Wealth:    136967.42  Turnover: 0.7329  Gross: 1.4033  Gate: 0.8066
Episode 17  Reward:  -0.003591  Wealth:    107020.73  Turnover: 0.5385  Gross: 1.4034  Gate: 0.8068
Episode 18  Reward:   0.159406  Wealth:    129567.75  Turnover: 0.6885  Gross: 1.4044  Gate: 0.8087
Episode 19  Reward:   0.097713  Wealth:    121043.45  Turnover: 0.6908  Gross: 1.4039  Gate: 0.8079
Episode 20  Reward:   0.226564  Wealth:    142770.66  Turnover: 0.7134  Gross: 1.4040  Gate: 0.8080
Episode 21  Reward:   0.010645  Wealth:    108512.94  Turnover: 0.5802  Gross: 1.4034  Gate: 0.8068
Episode 22  Reward:   0.248395  Wealth:    147086.02  Turnover: 0.6605  Gross: 1.4042  Gate: 0.8084
Episode 23  Reward:  -0.034156  Wealth:    102857.38  Turnover: 0.4650  Gross: 1.4030  Gate: 0.8060
Episode 24  Reward:   0.256850  Wealth:    149224.55  Turnover: 0.7099  Gross: 1.4021  Gate: 0.8042
Episode 25  Reward:   0.019156  Wealth:    108916.91  Turnover: 0.4646  Gross: 1.4030  Gate: 0.8060
Episode 26  Reward:   0.182749  Wealth:    135460.44  Turnover: 0.7324  Gross: 1.4047  Gate: 0.8094
Episode 27  Reward:  -0.054316  Wealth:    101145.42  Turnover: 0.4172  Gross: 1.4000  Gate: 0.8001
Episode 28  Reward:   0.158840  Wealth:    129546.90  Turnover: 0.6790  Gross: 1.3987  Gate: 0.7974
Episode 29  Reward:   0.008424  Wealth:    110098.99  Turnover: 0.5490  Gross: 1.3994  Gate: 0.7988
Episode 30  Reward:  -0.004323  Wealth:    108977.68  Turnover: 0.4715  Gross: 1.3968  Gate: 0.7935
Episode 31  Reward:   0.123326  Wealth:    124124.53  Turnover: 0.5617  Gross: 1.4012  Gate: 0.8024
Episode 32  Reward:   0.285458  Wealth:    155852.93  Turnover: 0.7010  Gross: 1.4050  Gate: 0.8101
Episode 33  Reward:   0.204059  Wealth:    137357.63  Turnover: 0.6951  Gross: 1.4007  Gate: 0.8014
Episode 34  Reward:  -0.031036  Wealth:    103278.53  Turnover: 0.4404  Gross: 1.4035  Gate: 0.8071
Episode 35  Reward:   0.243920  Wealth:    147098.14  Turnover: 0.7295  Gross: 1.4042  Gate: 0.8084
Episode 36  Reward:   0.250950  Wealth:    147859.37  Turnover: 0.7328  Gross: 1.4044  Gate: 0.8088
Episode 37  Reward:   0.039694  Wealth:    110703.68  Turnover: 0.3360  Gross: 1.4068  Gate: 0.8136
Episode 38  Reward:   0.155060  Wealth:    129949.27  Turnover: 0.6836  Gross: 1.4035  Gate: 0.8071
Episode 39  Reward:  -0.043011  Wealth:    102386.61  Turnover: 0.5116  Gross: 1.4014  Gate: 0.8027
Episode 40  Reward:   0.154577  Wealth:    126805.69  Turnover: 0.3819  Gross: 1.4085  Gate: 0.8170
Episode 41  Reward:   0.074783  Wealth:    117798.54  Turnover: 0.6495  Gross: 1.4025  Gate: 0.8049
Episode 42  Reward:   0.067791  Wealth:    116116.79  Turnover: 0.5919  Gross: 1.4010  Gate: 0.8020
Episode 43  Reward:   0.160982  Wealth:    128447.55  Turnover: 0.4007  Gross: 1.4079  Gate: 0.8158
Episode 44  Reward:   0.055595  Wealth:    114252.93  Turnover: 0.5244  Gross: 1.4040  Gate: 0.8080
Episode 45  Reward:  -0.015805  Wealth:    105078.87  Turnover: 0.5016  Gross: 1.4004  Gate: 0.8008
Episode 46  Reward:   0.234813  Wealth:    144213.34  Turnover: 0.6550  Gross: 1.3999  Gate: 0.7999
Episode 47  Reward:   0.140301  Wealth:    126628.42  Turnover: 0.6582  Gross: 1.4033  Gate: 0.8065
Episode 48  Reward:   0.096286  Wealth:    120652.84  Turnover: 0.6193  Gross: 1.4037  Gate: 0.8073
Episode 49  Reward:  -0.033414  Wealth:    103642.25  Turnover: 0.5390  Gross: 1.4023  Gate: 0.8047
Episode 50  Reward:   0.229655  Wealth:    143311.99  Turnover: 0.7259  Gross: 1.4019  Gate: 0.8038
Episode 51  Reward:  -0.003348  Wealth:    106555.81  Turnover: 0.5451  Gross: 1.4023  Gate: 0.8046
Episode 52  Reward:   0.108554  Wealth:    122777.76  Turnover: 0.6274  Gross: 1.4009  Gate: 0.8018
Episode 53  Reward:   0.001096  Wealth:    109389.63  Turnover: 0.5347  Gross: 1.3961  Gate: 0.7921
Episode 54  Reward:   0.252813  Wealth:    148593.51  Turnover: 0.7518  Gross: 1.4006  Gate: 0.8011
Episode 55  Reward:   0.162443  Wealth:    130110.96  Turnover: 0.7106  Gross: 1.3992  Gate: 0.7985
Episode 56  Reward:   0.249574  Wealth:    147103.28  Turnover: 0.6868  Gross: 1.4000  Gate: 0.7999
Episode 57  Reward:   0.090921  Wealth:    117651.50  Turnover: 0.4395  Gross: 1.4068  Gate: 0.8137
Episode 58  Reward:   0.139341  Wealth:    124379.22  Turnover: 0.4521  Gross: 1.4058  Gate: 0.8117
Episode 59  Reward:   0.065780  Wealth:    115978.31  Turnover: 0.6069  Gross: 1.4031  Gate: 0.8061
Episode 60  Reward:   0.227332  Wealth:    142900.07  Turnover: 0.6973  Gross: 1.4005  Gate: 0.8010
Episode 61  Reward:   0.207093  Wealth:    139156.39  Turnover: 0.7269  Gross: 1.4010  Gate: 0.8019
Episode     61  AvgReward:   0.112588  Noise: 0.0370
TRAIN STAGE COMPLETE
Fine-tuning complete. Selected 1 pass(es); final agent saved.

============================================================
TRAINING COMPLETE

============================================================
Error in py_run_string_impl(code, local, convert) : 
  ModuleNotFoundError: No module named 'pandas'
Run `reticulate::py_last_error()` for details.
Calls: py_run_string -> py_run_string_impl
Execution halted

[5/5] Training seed 20260850
Loading configuration from: config/config.yaml 
Run mode: full | seed: 20260850 | CVaR simulations/step: 512 | vine simulation cores: 44
Loading synthetic return bundle: data/synthetic_returns.RData
Loaded 1000 pre-training and 61 fine-tuning episodes.
Fine-tuning selection: 37 fit episodes, 23 purged overlapping episodes, 1 validation episode; final refit uses all 61.
Run seed: 20260850
Run mode: full
PyTorch: 2.10.0+cu128
Device: cuda
Action schema: interior_rank_partition_leverage_gate_v5; projection temperature=1.5
GPU: NVIDIA A100-SXM4-80GB
PYTHON: Framework ready.
Action schema: interior_rank_partition_leverage_gate_v5 | gross=1.500 | net=1.000 | max_long=0.600 | max_short=0.200
Risk/training: entropy_coef=0.005 | leverage_target=0.800 | leverage_penalty=0.25 | direction_bound=5.000 | AMP=False

============================================================
Stage 1: Pre-training on Synthetic Data

============================================================
============================================================
STAGE 1: PRE-TRAINING
============================================================
============================================================
TRAIN STAGE STARTED: stage=pretrain, episodes=1000, batch_size=128, updates_per_step=1
============================================================
Episode 1  Reward:   0.189162  Wealth:    140224.48  Turnover: 1.0325  Gross: 1.2275  Gate: 0.4550
Episode 2  Reward:  -0.259414  Wealth:     86479.09  Turnover: 1.0202  Gross: 1.2592  Gate: 0.5184
Episode 3  Reward:   0.128799  Wealth:    130066.85  Turnover: 1.1192  Gross: 1.2586  Gate: 0.5173
Episode 4  Reward:  -0.694349  Wealth:     63026.43  Turnover: 1.0383  Gross: 1.2675  Gate: 0.5349
Episode 5  Reward:  -0.279074  Wealth:     84702.50  Turnover: 1.0849  Gross: 1.2352  Gate: 0.4703
Episode 6  Reward:  -0.179043  Wealth:     92727.91  Turnover: 1.0806  Gross: 1.2425  Gate: 0.4850
Episode 7  Reward:  -0.007136  Wealth:    110721.44  Turnover: 1.1000  Gross: 1.2764  Gate: 0.5528
Episode 8  Reward:  -0.035163  Wealth:    106166.32  Turnover: 0.9774  Gross: 1.2357  Gate: 0.4715
Episode 9  Reward:   0.088735  Wealth:    123467.74  Turnover: 1.0713  Gross: 1.2513  Gate: 0.5026
Episode 10  Reward:   0.193716  Wealth:    143551.88  Turnover: 1.1675  Gross: 1.2862  Gate: 0.5725
Episode     10  AvgReward:  -0.085377  Noise: 0.1473
Episode 11  Reward:   0.300651  Wealth:    166547.41  Turnover: 1.1292  Gross: 1.2428  Gate: 0.4856
Episode 12  Reward:   0.029461  Wealth:    115881.00  Turnover: 1.0226  Gross: 1.2171  Gate: 0.4342
Episode 13  Reward:  -0.300417  Wealth:     83226.34  Turnover: 1.1089  Gross: 1.2921  Gate: 0.5843
Episode 14  Reward:   0.007677  Wealth:    112068.57  Turnover: 1.0566  Gross: 1.2125  Gate: 0.4251
Episode 15  Reward:   0.068601  Wealth:    120045.84  Turnover: 1.1407  Gross: 1.2714  Gate: 0.5427
Episode 16  Reward:   0.085174  Wealth:    122668.84  Turnover: 1.0401  Gross: 1.2853  Gate: 0.5706
Episode 17  Reward:  -0.070933  Wealth:    102806.21  Turnover: 0.9826  Gross: 1.2340  Gate: 0.4679
Episode 18  Reward:  -0.173853  Wealth:     92707.27  Turnover: 1.1804  Gross: 1.2369  Gate: 0.4739
Episode 19  Reward:   0.271548  Wealth:    158612.86  Turnover: 1.0383  Gross: 1.2175  Gate: 0.4350
Episode 20  Reward:  -0.144548  Wealth:     95156.70  Turnover: 1.0507  Gross: 1.2421  Gate: 0.4842
Episode     20  AvgReward:   0.007336  Noise: 0.1444
Episode 21  Reward:  -0.039783  Wealth:    106512.89  Turnover: 1.0920  Gross: 1.2686  Gate: 0.5373
Episode 22  Reward:  -0.303156  Wealth:     83396.23  Turnover: 1.0260  Gross: 1.2656  Gate: 0.5311
Episode 23  Reward:   0.091606  Wealth:    123783.39  Turnover: 1.0814  Gross: 1.2706  Gate: 0.5412
Episode 24  Reward:   0.223850  Wealth:    148740.53  Turnover: 1.0376  Gross: 1.2754  Gate: 0.5508
Episode 25  Reward:   0.010085  Wealth:    111875.77  Turnover: 1.0089  Gross: 1.2579  Gate: 0.5158
Episode 26  Reward:  -0.025984  Wealth:    107592.89  Turnover: 1.1906  Gross: 1.2546  Gate: 0.5093
Episode 27  Reward:   0.088464  Wealth:    123334.80  Turnover: 1.1358  Gross: 1.2451  Gate: 0.4902
Episode 28  Reward:  -0.119693  Wealth:     97989.72  Turnover: 1.0175  Gross: 1.2290  Gate: 0.4581
Episode 29  Reward:  -0.054985  Wealth:    104643.08  Turnover: 1.1023  Gross: 1.2455  Gate: 0.4911
Episode 30  Reward:   0.134065  Wealth:    130310.93  Turnover: 1.1258  Gross: 1.2180  Gate: 0.4360
Episode     30  AvgReward:   0.000447  Noise: 0.1415
Episode 31  Reward:   0.309050  Wealth:    169683.15  Turnover: 1.1201  Gross: 1.2612  Gate: 0.5224
Episode 32  Reward:   0.017217  Wealth:    113182.40  Turnover: 1.0552  Gross: 1.2614  Gate: 0.5228
Episode 33  Reward:  -0.105160  Wealth:    100124.20  Turnover: 1.0742  Gross: 1.2636  Gate: 0.5273
Episode 34  Reward:   0.113206  Wealth:    127681.83  Turnover: 1.0880  Gross: 1.2549  Gate: 0.5098
Episode 35  Reward:  -0.046426  Wealth:    105699.62  Turnover: 0.9578  Gross: 1.2398  Gate: 0.4795
Episode 36  Reward:  -0.222802  Wealth:     88710.92  Turnover: 1.1307  Gross: 1.2691  Gate: 0.5381
Episode 37  Reward:  -0.258343  Wealth:     86371.77  Turnover: 1.1586  Gross: 1.2479  Gate: 0.4959
Episode 38  Reward:  -0.033570  Wealth:    107213.02  Turnover: 1.0631  Gross: 1.2620  Gate: 0.5240
Episode 39  Reward:  -0.258812  Wealth:     86039.59  Turnover: 1.0990  Gross: 1.2255  Gate: 0.4511
Episode 40  Reward:  -0.042212  Wealth:    106077.88  Turnover: 1.1204  Gross: 1.2197  Gate: 0.4394
Episode     40  AvgReward:  -0.052785  Noise: 0.1387
Episode 41  Reward:   0.009840  Wealth:    112485.93  Turnover: 1.1403  Gross: 1.2635  Gate: 0.5269
Episode 42  Reward:   0.245153  Wealth:    148568.80  Turnover: 0.7689  Gross: 1.1852  Gate: 0.3705
Episode 43  Reward:  -0.002777  Wealth:    106332.39  Turnover: 0.2779  Gross: 1.1101  Gate: 0.2203
Episode 44  Reward:   0.105060  Wealth:    119470.17  Turnover: 0.2884  Gross: 1.1133  Gate: 0.2267
Episode 45  Reward:   0.025116  Wealth:    109498.39  Turnover: 0.2385  Gross: 1.1146  Gate: 0.2292
Episode 46  Reward:   0.052393  Wealth:    112819.25  Turnover: 0.2376  Gross: 1.1197  Gate: 0.2394
Episode 47  Reward:  -0.031070  Wealth:    102919.45  Turnover: 0.2777  Gross: 1.1244  Gate: 0.2489
Episode 48  Reward:   0.101649  Wealth:    119505.65  Turnover: 0.2801  Gross: 1.1274  Gate: 0.2548
Episode 49  Reward:   0.155985  Wealth:    127909.05  Turnover: 0.2671  Gross: 1.1280  Gate: 0.2559
Episode 50  Reward:   0.205039  Wealth:    135760.55  Turnover: 0.2736  Gross: 1.1340  Gate: 0.2680
Episode     50  AvgReward:   0.086639  Noise: 0.1360
Episode 51  Reward:   0.107678  Wealth:    120092.21  Turnover: 0.1926  Gross: 1.1334  Gate: 0.2668
Episode 52  Reward:   0.088546  Wealth:    117655.86  Turnover: 0.2812  Gross: 1.1353  Gate: 0.2706
Episode 53  Reward:  -0.171279  Wealth:     90036.04  Turnover: 0.2748  Gross: 1.1463  Gate: 0.2926
Episode 54  Reward:  -0.115647  Wealth:     94836.23  Turnover: 0.2538  Gross: 1.1483  Gate: 0.2966
Episode 55  Reward:   0.133469  Wealth:    124140.60  Turnover: 0.2607  Gross: 1.1469  Gate: 0.2938
Episode 56  Reward:   0.098343  Wealth:    118945.34  Turnover: 0.2683  Gross: 1.1485  Gate: 0.2969
Episode 57  Reward:   0.002975  Wealth:    106858.73  Turnover: 0.2196  Gross: 1.1597  Gate: 0.3194
Episode 58  Reward:   0.257215  Wealth:    146836.66  Turnover: 0.3816  Gross: 1.1596  Gate: 0.3192
Episode 59  Reward:   0.023640  Wealth:    109160.40  Turnover: 0.2884  Gross: 1.1659  Gate: 0.3319
Episode 60  Reward:  -0.042942  Wealth:    101978.24  Turnover: 0.3453  Gross: 1.1651  Gate: 0.3303
Episode     60  AvgReward:   0.038200  Noise: 0.1333
Episode 61  Reward:   0.082955  Wealth:    116909.22  Turnover: 0.2938  Gross: 1.1712  Gate: 0.3425
Episode 62  Reward:   0.198420  Wealth:    134964.02  Turnover: 0.2950  Gross: 1.1725  Gate: 0.3449
Episode 63  Reward:   0.020415  Wealth:    108934.05  Turnover: 0.2922  Gross: 1.1837  Gate: 0.3675
Episode 64  Reward:   0.135174  Wealth:    124408.23  Turnover: 0.2560  Gross: 1.1780  Gate: 0.3559
Episode 65  Reward:   0.056422  Wealth:    113441.24  Turnover: 0.3309  Gross: 1.1869  Gate: 0.3738
Episode 66  Reward:   0.267965  Wealth:    149306.15  Turnover: 0.3386  Gross: 1.1778  Gate: 0.3557
Episode 67  Reward:  -0.140082  Wealth:     92715.65  Turnover: 0.3021  Gross: 1.1978  Gate: 0.3955
Episode 68  Reward:   0.229702  Wealth:    140904.90  Turnover: 0.3802  Gross: 1.1994  Gate: 0.3989
Episode 69  Reward:   0.164826  Wealth:    129060.70  Turnover: 0.2521  Gross: 1.2008  Gate: 0.4016
Episode 70  Reward:  -0.030432  Wealth:    103003.67  Turnover: 0.3424  Gross: 1.2012  Gate: 0.4023
Episode     70  AvgReward:   0.098536  Noise: 0.1306
Episode 71  Reward:   0.078320  Wealth:    116525.07  Turnover: 0.3418  Gross: 1.2084  Gate: 0.4168
Episode 72  Reward:   0.140126  Wealth:    125127.12  Turnover: 0.2945  Gross: 1.2162  Gate: 0.4324
Episode 73  Reward:   0.285853  Wealth:    153101.44  Turnover: 0.4422  Gross: 1.2186  Gate: 0.4373
Episode 74  Reward:   0.081596  Wealth:    116734.90  Turnover: 0.3669  Gross: 1.2233  Gate: 0.4466
Episode 75  Reward:   0.044549  Wealth:    111927.35  Turnover: 0.2270  Gross: 1.2253  Gate: 0.4506
Episode 76  Reward:  -0.008521  Wealth:    105589.83  Turnover: 0.3107  Gross: 1.2255  Gate: 0.4511
Episode 77  Reward:   0.080265  Wealth:    116673.75  Turnover: 0.3711  Gross: 1.2206  Gate: 0.4413
Episode 78  Reward:   0.088862  Wealth:    117563.77  Turnover: 0.3889  Gross: 1.2413  Gate: 0.4826
Episode 79  Reward:   0.218822  Wealth:    139289.56  Turnover: 0.4353  Gross: 1.2385  Gate: 0.4770
Episode 80  Reward:  -0.087499  Wealth:     97465.43  Turnover: 0.3264  Gross: 1.2409  Gate: 0.4819
Episode     80  AvgReward:   0.092237  Noise: 0.1281
Episode 81  Reward:   0.126893  Wealth:    123344.29  Turnover: 0.4329  Gross: 1.2456  Gate: 0.4912
Episode 82  Reward:   0.024106  Wealth:    109451.86  Turnover: 0.3204  Gross: 1.2534  Gate: 0.5068
Episode 83  Reward:  -0.007169  Wealth:    105608.35  Turnover: 0.3930  Gross: 1.2543  Gate: 0.5085
Episode 84  Reward:   0.160496  Wealth:    128621.51  Turnover: 0.3541  Gross: 1.2519  Gate: 0.5037
Episode 85  Reward:   0.092200  Wealth:    118163.25  Turnover: 0.3731  Gross: 1.2631  Gate: 0.5261
Episode 86  Reward:  -0.010590  Wealth:    105219.00  Turnover: 0.4044  Gross: 1.2716  Gate: 0.5431
Episode 87  Reward:   0.174705  Wealth:    131126.30  Turnover: 0.2701  Gross: 1.2541  Gate: 0.5082
Episode 88  Reward:   0.071470  Wealth:    115007.87  Turnover: 0.3780  Gross: 1.2675  Gate: 0.5350
Episode 89  Reward:   0.076512  Wealth:    115863.23  Turnover: 0.3818  Gross: 1.2778  Gate: 0.5556
Episode 90  Reward:   0.074519  Wealth:    115305.38  Turnover: 0.3077  Gross: 1.2726  Gate: 0.5452
Episode     90  AvgReward:   0.078314  Noise: 0.1255
Episode 91  Reward:   0.062189  Wealth:    113925.51  Turnover: 0.4218  Gross: 1.2619  Gate: 0.5237
Episode 92  Reward:   0.163605  Wealth:    128996.23  Turnover: 0.4698  Gross: 1.2610  Gate: 0.5220
Episode 93  Reward:   0.072746  Wealth:    115449.49  Turnover: 0.3877  Gross: 1.2866  Gate: 0.5733
Episode 94  Reward:  -0.027356  Wealth:    103557.26  Turnover: 0.3358  Gross: 1.2871  Gate: 0.5742
Episode 95  Reward:   0.333437  Wealth:    164760.79  Turnover: 0.4213  Gross: 1.2769  Gate: 0.5538
Episode 96  Reward:   0.165602  Wealth:    129094.53  Turnover: 0.3826  Gross: 1.2934  Gate: 0.5867
Episode 97  Reward:   0.051392  Wealth:    112657.37  Turnover: 0.3248  Gross: 1.2485  Gate: 0.4970
Episode 98  Reward:   0.169712  Wealth:    129783.79  Turnover: 0.3426  Gross: 1.2979  Gate: 0.5959
Episode 99  Reward:   0.121160  Wealth:    122477.14  Turnover: 0.3640  Gross: 1.2815  Gate: 0.5631
Episode 100  Reward:   0.131803  Wealth:    124085.19  Turnover: 0.4263  Gross: 1.2890  Gate: 0.5780
Episode    100  AvgReward:   0.124429  Noise: 0.1230
Episode 101  Reward:  -0.248543  Wealth:     85268.31  Turnover: 0.4277  Gross: 1.2495  Gate: 0.4990
Episode 102  Reward:  -0.009077  Wealth:    105670.88  Turnover: 0.4287  Gross: 1.2948  Gate: 0.5896
Episode 103  Reward:   0.101427  Wealth:    119386.37  Turnover: 0.4416  Gross: 1.3113  Gate: 0.6226
Episode 104  Reward:   0.142444  Wealth:    125779.63  Turnover: 0.5257  Gross: 1.3313  Gate: 0.6627
Episode 105  Reward:   0.182889  Wealth:    133099.79  Turnover: 0.4824  Gross: 1.3135  Gate: 0.6271
Episode 106  Reward:   0.058407  Wealth:    114268.94  Turnover: 0.4138  Gross: 1.3102  Gate: 0.6204
Episode 107  Reward:   0.231109  Wealth:    140995.33  Turnover: 0.4762  Gross: 1.3565  Gate: 0.7130
Episode 108  Reward:  -0.076972  Wealth:     98693.32  Turnover: 0.5208  Gross: 1.3490  Gate: 0.6981
Episode 109  Reward:   0.058021  Wealth:    113746.87  Turnover: 0.5407  Gross: 1.3488  Gate: 0.6976
Episode 110  Reward:  -0.068770  Wealth:     99617.49  Turnover: 0.5075  Gross: 1.3707  Gate: 0.7415
Episode    110  AvgReward:   0.037093  Noise: 0.1206
Episode 111  Reward:   0.071842  Wealth:    115468.66  Turnover: 0.4124  Gross: 1.3621  Gate: 0.7242
Episode 112  Reward:   0.129243  Wealth:    123622.40  Turnover: 0.4850  Gross: 1.3722  Gate: 0.7443
Episode 113  Reward:  -0.109177  Wealth:     97014.40  Turnover: 0.5262  Gross: 1.3384  Gate: 0.6768
Episode 114  Reward:   0.124791  Wealth:    122829.09  Turnover: 0.3937  Gross: 1.3868  Gate: 0.7736
Episode 115  Reward:   0.189997  Wealth:    135084.09  Turnover: 0.5655  Gross: 1.3800  Gate: 0.7601
Episode 116  Reward:   0.177623  Wealth:    131831.87  Turnover: 0.4000  Gross: 1.3883  Gate: 0.7767
Episode 117  Reward:   0.194694  Wealth:    134591.35  Turnover: 0.4338  Gross: 1.3733  Gate: 0.7466
Episode 118  Reward:   0.157807  Wealth:    128269.55  Turnover: 0.6265  Gross: 1.4064  Gate: 0.8127
Episode 119  Reward:   0.023454  Wealth:    109151.90  Turnover: 0.4608  Gross: 1.3866  Gate: 0.7731
Episode 120  Reward:   0.211606  Wealth:    137074.44  Turnover: 0.4997  Gross: 1.3951  Gate: 0.7902
Episode    120  AvgReward:   0.117188  Noise: 0.1182
Episode 121  Reward:  -0.023295  Wealth:    105418.27  Turnover: 0.4191  Gross: 1.3638  Gate: 0.7276
Episode 122  Reward:   0.064166  Wealth:    115260.87  Turnover: 0.6666  Gross: 1.3886  Gate: 0.7772
Episode 123  Reward:   0.047013  Wealth:    112148.68  Turnover: 0.5771  Gross: 1.3948  Gate: 0.7896
Episode 124  Reward:   0.254264  Wealth:    145877.57  Turnover: 0.4113  Gross: 1.3864  Gate: 0.7727
Episode 125  Reward:  -0.065531  Wealth:     99556.02  Turnover: 0.5016  Gross: 1.3869  Gate: 0.7738
Episode 126  Reward:  -0.132480  Wealth:     94595.58  Turnover: 0.6202  Gross: 1.3828  Gate: 0.7656
Episode 127  Reward:   0.167628  Wealth:    130581.20  Turnover: 0.6270  Gross: 1.3895  Gate: 0.7790
Episode 128  Reward:   0.062854  Wealth:    114150.80  Turnover: 0.3512  Gross: 1.4002  Gate: 0.8004
Episode 129  Reward:   0.148180  Wealth:    126342.93  Turnover: 0.5112  Gross: 1.4046  Gate: 0.8092
Episode 130  Reward:   0.056326  Wealth:    115166.55  Turnover: 0.4715  Gross: 1.3397  Gate: 0.6794
Episode    130  AvgReward:   0.057913  Noise: 0.1159
Episode 131  Reward:  -0.273046  Wealth:     84718.99  Turnover: 0.5442  Gross: 1.3422  Gate: 0.6845
Episode 132  Reward:   0.092909  Wealth:    118127.62  Turnover: 0.3014  Gross: 1.3907  Gate: 0.7814
Episode 133  Reward:   0.165036  Wealth:    129581.76  Turnover: 0.5690  Gross: 1.4157  Gate: 0.8314
Episode 134  Reward:  -0.308859  Wealth:     81882.15  Turnover: 0.5519  Gross: 1.3348  Gate: 0.6696
Episode 135  Reward:   0.135565  Wealth:    124961.21  Turnover: 0.4215  Gross: 1.3956  Gate: 0.7912
Episode 136  Reward:  -0.332518  Wealth:     81122.10  Turnover: 0.5041  Gross: 1.3520  Gate: 0.7040
Episode 137  Reward:   0.023211  Wealth:    111409.27  Turnover: 0.5306  Gross: 1.3875  Gate: 0.7750
Episode 138  Reward:   0.164405  Wealth:    129531.76  Turnover: 0.4281  Gross: 1.3889  Gate: 0.7778
Episode 139  Reward:   0.141637  Wealth:    125489.15  Turnover: 0.4483  Gross: 1.4030  Gate: 0.8060
Episode 140  Reward:   0.205371  Wealth:    136968.56  Turnover: 0.4334  Gross: 1.3965  Gate: 0.7931
Episode    140  AvgReward:   0.001371  Noise: 0.1136
Episode 141  Reward:   0.196563  Wealth:    134572.24  Turnover: 0.4505  Gross: 1.3962  Gate: 0.7923
Episode 142  Reward:  -0.061718  Wealth:    101860.17  Turnover: 0.5504  Gross: 1.3741  Gate: 0.7483
Episode 143  Reward:   0.048041  Wealth:    112334.30  Turnover: 0.4247  Gross: 1.4060  Gate: 0.8120
Episode 144  Reward:   0.125367  Wealth:    122868.64  Turnover: 0.2535  Gross: 1.3982  Gate: 0.7964
Episode 145  Reward:   0.128212  Wealth:    124930.68  Turnover: 0.5597  Gross: 1.3698  Gate: 0.7396
Episode 146  Reward:   0.165212  Wealth:    130150.74  Turnover: 0.5286  Gross: 1.3988  Gate: 0.7976
Episode 147  Reward:   0.030504  Wealth:    111774.92  Turnover: 0.5499  Gross: 1.3939  Gate: 0.7878
Episode 148  Reward:   0.050406  Wealth:    112686.33  Turnover: 0.5068  Gross: 1.4022  Gate: 0.8043
Episode 149  Reward:   0.137513  Wealth:    125673.93  Turnover: 0.3422  Gross: 1.2915  Gate: 0.5830
Episode 150  Reward:  -0.109697  Wealth:     95747.23  Turnover: 0.4112  Gross: 1.4090  Gate: 0.8179
Episode    150  AvgReward:   0.071040  Noise: 0.1113
Episode 151  Reward:   0.149122  Wealth:    126692.67  Turnover: 0.3326  Gross: 1.4032  Gate: 0.8064
Episode 152  Reward:   0.013650  Wealth:    109624.40  Turnover: 0.4247  Gross: 1.3873  Gate: 0.7746
Episode 153  Reward:  -0.012370  Wealth:    107141.52  Turnover: 0.4509  Gross: 1.3484  Gate: 0.6969
Episode 154  Reward:   0.061516  Wealth:    114251.24  Turnover: 0.3897  Gross: 1.4014  Gate: 0.8029
Episode 155  Reward:   0.016991  Wealth:    108807.79  Turnover: 0.5784  Gross: 1.3869  Gate: 0.7738
Episode 156  Reward:  -0.301744  Wealth:     82692.44  Turnover: 0.5531  Gross: 1.3581  Gate: 0.7162
Episode 157  Reward:   0.040150  Wealth:    114327.08  Turnover: 0.6412  Gross: 1.3657  Gate: 0.7313
Episode 158  Reward:   0.026153  Wealth:    109594.57  Turnover: 0.4125  Gross: 1.4013  Gate: 0.8027
Episode 159  Reward:  -0.117131  Wealth:     96576.20  Turnover: 0.6453  Gross: 1.3837  Gate: 0.7674
Episode 160  Reward:   0.116760  Wealth:    121383.35  Turnover: 0.3948  Gross: 1.3914  Gate: 0.7829
Episode    160  AvgReward:  -0.000690  Noise: 0.1091
Episode 161  Reward:   0.258727  Wealth:    146823.70  Turnover: 0.4417  Gross: 1.3798  Gate: 0.7596
Episode 162  Reward:   0.161377  Wealth:    129339.82  Turnover: 0.7267  Gross: 1.3956  Gate: 0.7912
Episode 163  Reward:   0.015828  Wealth:    108739.48  Turnover: 0.3374  Gross: 1.3819  Gate: 0.7637
Episode 164  Reward:   0.079530  Wealth:    116263.23  Turnover: 0.3568  Gross: 1.4044  Gate: 0.8089
Episode 165  Reward:  -0.114738  Wealth:     98070.80  Turnover: 0.7069  Gross: 1.3655  Gate: 0.7309
Episode 166  Reward:   0.045644  Wealth:    112077.28  Turnover: 0.4410  Gross: 1.4054  Gate: 0.8108
Episode 167  Reward:   0.115745  Wealth:    125981.86  Turnover: 0.5620  Gross: 1.3851  Gate: 0.7702
Episode 168  Reward:   0.071559  Wealth:    114978.93  Turnover: 0.3009  Gross: 1.3951  Gate: 0.7903
Episode 169  Reward:  -0.012962  Wealth:    105235.49  Turnover: 0.2055  Gross: 1.3921  Gate: 0.7842
Episode 170  Reward:  -0.095917  Wealth:     97703.83  Turnover: 0.5692  Gross: 1.3961  Gate: 0.7923
Episode    170  AvgReward:   0.052479  Noise: 0.1069
Episode 171  Reward:   0.193084  Wealth:    135962.94  Turnover: 0.4627  Gross: 1.3632  Gate: 0.7265
Episode 172  Reward:   0.065031  Wealth:    114572.70  Turnover: 0.3307  Gross: 1.3846  Gate: 0.7692
Episode 173  Reward:   0.146537  Wealth:    126333.60  Turnover: 0.3674  Gross: 1.3939  Gate: 0.7878
Episode 174  Reward:   0.263397  Wealth:    147998.09  Turnover: 0.3176  Gross: 1.3864  Gate: 0.7727
Episode 175  Reward:  -0.054366  Wealth:    101009.21  Turnover: 0.2574  Gross: 1.3717  Gate: 0.7434
Episode 176  Reward:  -0.091472  Wealth:     97962.58  Turnover: 0.3539  Gross: 1.3873  Gate: 0.7746
Episode 177  Reward:   0.044606  Wealth:    115269.30  Turnover: 0.7388  Gross: 1.3693  Gate: 0.7385
Episode 178  Reward:   0.230935  Wealth:    141910.92  Turnover: 0.2965  Gross: 1.3588  Gate: 0.7176
Episode 179  Reward:   0.061092  Wealth:    113664.51  Turnover: 0.4814  Gross: 1.4025  Gate: 0.8051
Episode 180  Reward:   0.187706  Wealth:    133134.82  Turnover: 0.2844  Gross: 1.3591  Gate: 0.7181
Episode    180  AvgReward:   0.104655  Noise: 0.1048
Episode 181  Reward:   0.211149  Wealth:    139639.81  Turnover: 0.3442  Gross: 1.3505  Gate: 0.7010
Episode 182  Reward:   0.034751  Wealth:    111333.36  Turnover: 0.4622  Gross: 1.3922  Gate: 0.7844
Episode 183  Reward:  -0.145905  Wealth:     93993.07  Turnover: 0.5406  Gross: 1.3659  Gate: 0.7317
Episode 184  Reward:   0.059927  Wealth:    115384.91  Turnover: 0.7225  Gross: 1.3784  Gate: 0.7568
Episode 185  Reward:   0.101414  Wealth:    119230.30  Turnover: 0.3555  Gross: 1.3988  Gate: 0.7977
Episode 186  Reward:   0.051847  Wealth:    114248.67  Turnover: 0.5528  Gross: 1.4058  Gate: 0.8117
Episode 187  Reward:   0.099975  Wealth:    120016.48  Turnover: 0.4900  Gross: 1.3961  Gate: 0.7923
Episode 188  Reward:  -0.023325  Wealth:    104069.03  Turnover: 0.5523  Gross: 1.3997  Gate: 0.7994
Episode 189  Reward:   0.145836  Wealth:    125419.27  Turnover: 0.4040  Gross: 1.3979  Gate: 0.7957
Episode 190  Reward:   0.090584  Wealth:    117804.25  Turnover: 0.2900  Gross: 1.3973  Gate: 0.7945
Episode    190  AvgReward:   0.062625  Noise: 0.1027
Episode 191  Reward:  -0.014167  Wealth:    104902.06  Turnover: 0.4556  Gross: 1.3970  Gate: 0.7941
Episode 192  Reward:   0.127671  Wealth:    123147.54  Turnover: 0.2640  Gross: 1.4052  Gate: 0.8104
Episode 193  Reward:   0.122336  Wealth:    121949.53  Turnover: 0.3738  Gross: 1.4035  Gate: 0.8069
Episode 194  Reward:   0.000307  Wealth:    106404.14  Turnover: 0.3290  Gross: 1.3963  Gate: 0.7926
Episode 195  Reward:  -0.068953  Wealth:    100996.43  Turnover: 0.6569  Gross: 1.3747  Gate: 0.7493
Episode 196  Reward:  -0.029838  Wealth:    103414.17  Turnover: 0.3875  Gross: 1.3812  Gate: 0.7623
Episode 197  Reward:   0.062854  Wealth:    114467.24  Turnover: 0.3394  Gross: 1.3985  Gate: 0.7970
Episode 198  Reward:   0.289064  Wealth:    153775.09  Turnover: 0.4740  Gross: 1.3922  Gate: 0.7844
Episode 199  Reward:  -0.031474  Wealth:    103340.91  Turnover: 0.3810  Gross: 1.3980  Gate: 0.7961
Episode 200  Reward:   0.118593  Wealth:    121318.32  Turnover: 0.4477  Gross: 1.4087  Gate: 0.8173
Episode    200  AvgReward:   0.057639  Noise: 0.1007
Episode 201  Reward:   0.065546  Wealth:    115900.36  Turnover: 0.4591  Gross: 1.3437  Gate: 0.6875
Episode 202  Reward:   0.094114  Wealth:    118315.52  Turnover: 0.3469  Gross: 1.4068  Gate: 0.8137
Episode 203  Reward:  -0.057673  Wealth:    101156.27  Turnover: 0.5093  Gross: 1.3920  Gate: 0.7839
Episode 204  Reward:   0.073879  Wealth:    116528.60  Turnover: 0.4751  Gross: 1.3860  Gate: 0.7720
Episode 205  Reward:   0.053938  Wealth:    116795.39  Turnover: 0.5701  Gross: 1.3873  Gate: 0.7745
Episode 206  Reward:  -0.164978  Wealth:     90749.67  Turnover: 0.4398  Gross: 1.3793  Gate: 0.7586
Episode 207  Reward:   0.203057  Wealth:    135504.49  Turnover: 0.2873  Gross: 1.4117  Gate: 0.8234
Episode 208  Reward:  -0.140514  Wealth:     93680.27  Turnover: 0.6272  Gross: 1.3897  Gate: 0.7794
Episode 209  Reward:   0.176946  Wealth:    133179.58  Turnover: 0.4800  Gross: 1.3908  Gate: 0.7816
Episode 210  Reward:   0.041652  Wealth:    113667.72  Turnover: 0.3515  Gross: 1.3636  Gate: 0.7273
Episode    210  AvgReward:   0.034597  Noise: 0.0987
Episode 211  Reward:   0.014248  Wealth:    109035.51  Turnover: 0.4058  Gross: 1.3921  Gate: 0.7841
Episode 212  Reward:   0.019206  Wealth:    109095.26  Turnover: 0.5227  Gross: 1.3966  Gate: 0.7933
Episode 213  Reward:   0.063157  Wealth:    115425.54  Turnover: 0.3378  Gross: 1.4003  Gate: 0.8007
Episode 214  Reward:   0.175943  Wealth:    131085.02  Turnover: 0.2217  Gross: 1.3994  Gate: 0.7988
Episode 215  Reward:   0.219873  Wealth:    139910.52  Turnover: 0.5903  Gross: 1.3956  Gate: 0.7912
Episode 216  Reward:   0.233966  Wealth:    141398.89  Turnover: 0.2324  Gross: 1.3970  Gate: 0.7939
Episode 217  Reward:   0.162392  Wealth:    129365.01  Turnover: 0.4799  Gross: 1.4050  Gate: 0.8100
Episode 218  Reward:   0.227059  Wealth:    142506.31  Turnover: 0.5537  Gross: 1.4043  Gate: 0.8085
Episode 219  Reward:   0.037555  Wealth:    112650.37  Turnover: 0.5202  Gross: 1.3765  Gate: 0.7529
Episode 220  Reward:   0.075933  Wealth:    117619.60  Turnover: 0.7149  Gross: 1.3926  Gate: 0.7852
Episode    220  AvgReward:   0.122933  Noise: 0.0968
Episode 221  Reward:   0.040695  Wealth:    111794.47  Turnover: 0.2903  Gross: 1.3995  Gate: 0.7990
Episode 222  Reward:   0.000430  Wealth:    107673.95  Turnover: 0.6373  Gross: 1.3633  Gate: 0.7265
Episode 223  Reward:   0.164280  Wealth:    129621.42  Turnover: 0.5707  Gross: 1.3899  Gate: 0.7797
Episode 224  Reward:   0.095470  Wealth:    119697.84  Turnover: 0.3582  Gross: 1.3876  Gate: 0.7753
Episode 225  Reward:   0.196033  Wealth:    134318.16  Turnover: 0.2300  Gross: 1.4059  Gate: 0.8118
Episode 226  Reward:   0.159699  Wealth:    129512.67  Turnover: 0.4630  Gross: 1.4043  Gate: 0.8086
Episode 227  Reward:  -0.008505  Wealth:    106304.39  Turnover: 0.4693  Gross: 1.3949  Gate: 0.7897
Episode 228  Reward:   0.100956  Wealth:    119814.02  Turnover: 0.5234  Gross: 1.3815  Gate: 0.7630
Episode 229  Reward:   0.001275  Wealth:    111440.64  Turnover: 0.3933  Gross: 1.4005  Gate: 0.8010
Episode 230  Reward:   0.031525  Wealth:    109972.96  Turnover: 0.2450  Gross: 1.3940  Gate: 0.7880
Episode    230  AvgReward:   0.078186  Noise: 0.0948
Episode 231  Reward:   0.070946  Wealth:    115003.72  Turnover: 0.2603  Gross: 1.4059  Gate: 0.8117
Episode 232  Reward:   0.089116  Wealth:    118138.41  Turnover: 0.4886  Gross: 1.3944  Gate: 0.7887
Episode 233  Reward:  -0.118494  Wealth:     97805.86  Turnover: 0.4742  Gross: 1.3879  Gate: 0.7759
Episode 234  Reward:   0.092283  Wealth:    120470.37  Turnover: 0.4547  Gross: 1.4019  Gate: 0.8039
Episode 235  Reward:   0.238469  Wealth:    143424.78  Turnover: 0.4252  Gross: 1.3943  Gate: 0.7886
Episode 236  Reward:   0.101787  Wealth:    119909.12  Turnover: 0.5390  Gross: 1.4005  Gate: 0.8009
Episode 237  Reward:  -0.328566  Wealth:     80139.22  Turnover: 0.5111  Gross: 1.4053  Gate: 0.8105
Episode 238  Reward:  -0.037802  Wealth:    105503.89  Turnover: 0.4410  Gross: 1.4012  Gate: 0.8025
Episode 239  Reward:   0.143630  Wealth:    127674.54  Turnover: 0.3956  Gross: 1.4059  Gate: 0.8119
Episode 240  Reward:   0.078878  Wealth:    117274.81  Turnover: 0.3543  Gross: 1.4021  Gate: 0.8042
Episode    240  AvgReward:   0.033025  Noise: 0.0930
Episode 241  Reward:   0.259355  Wealth:    147310.41  Turnover: 0.3261  Gross: 1.3874  Gate: 0.7748
Episode 242  Reward:   0.122720  Wealth:    122368.09  Turnover: 0.4068  Gross: 1.3931  Gate: 0.7862
Episode 243  Reward:   0.292514  Wealth:    154446.77  Turnover: 0.4701  Gross: 1.3999  Gate: 0.7998
Episode 244  Reward:   0.142833  Wealth:    126879.35  Turnover: 0.5168  Gross: 1.3987  Gate: 0.7974
Episode 245  Reward:   0.188056  Wealth:    134243.34  Turnover: 0.4680  Gross: 1.3830  Gate: 0.7660
Episode 246  Reward:   0.076842  Wealth:    115798.30  Turnover: 0.2641  Gross: 1.4058  Gate: 0.8116
Episode 247  Reward:   0.055970  Wealth:    114293.18  Turnover: 0.5874  Gross: 1.3831  Gate: 0.7662
Episode 248  Reward:   0.168993  Wealth:    129765.89  Turnover: 0.3118  Gross: 1.3981  Gate: 0.7961
Episode 249  Reward:   0.148733  Wealth:    127894.00  Turnover: 0.4934  Gross: 1.4014  Gate: 0.8029
Episode 250  Reward:  -0.113166  Wealth:     96566.07  Turnover: 0.5905  Gross: 1.3922  Gate: 0.7845
Episode    250  AvgReward:   0.134285  Noise: 0.0911
Episode 251  Reward:   0.214465  Wealth:    138126.38  Turnover: 0.2274  Gross: 1.3999  Gate: 0.7998
Episode 252  Reward:  -0.023929  Wealth:    105888.26  Turnover: 0.5571  Gross: 1.3926  Gate: 0.7852
Episode 253  Reward:   0.204051  Wealth:    135935.38  Turnover: 0.3257  Gross: 1.4060  Gate: 0.8120
Episode 254  Reward:   0.170453  Wealth:    131646.25  Turnover: 0.6177  Gross: 1.3947  Gate: 0.7893
Episode 255  Reward:  -0.077010  Wealth:     99417.07  Turnover: 0.4784  Gross: 1.4041  Gate: 0.8082
Episode 256  Reward:  -0.076873  Wealth:     98466.73  Turnover: 0.3138  Gross: 1.4013  Gate: 0.8025
Episode 257  Reward:   0.087572  Wealth:    117020.91  Turnover: 0.4510  Gross: 1.3938  Gate: 0.7876
Episode 258  Reward:   0.080452  Wealth:    116550.02  Turnover: 0.4274  Gross: 1.3871  Gate: 0.7743
Episode 259  Reward:   0.107920  Wealth:    120187.02  Turnover: 0.4668  Gross: 1.3868  Gate: 0.7735
Episode 260  Reward:   0.137305  Wealth:    124955.97  Turnover: 0.6432  Gross: 1.3995  Gate: 0.7991
Episode    260  AvgReward:   0.082441  Noise: 0.0893
Episode 261  Reward:  -0.278814  Wealth:     84025.88  Turnover: 0.5613  Gross: 1.3879  Gate: 0.7759
Episode 262  Reward:   0.056078  Wealth:    114273.29  Turnover: 0.6014  Gross: 1.4030  Gate: 0.8060
Episode 263  Reward:   0.108497  Wealth:    120821.14  Turnover: 0.3360  Gross: 1.3767  Gate: 0.7533
Episode 264  Reward:  -0.125897  Wealth:     95728.40  Turnover: 0.5490  Gross: 1.3925  Gate: 0.7850
Episode 265  Reward:   0.125528  Wealth:    125659.53  Turnover: 0.6748  Gross: 1.3809  Gate: 0.7618
Episode 266  Reward:   0.114568  Wealth:    121331.68  Turnover: 0.5295  Gross: 1.3887  Gate: 0.7774
Episode 267  Reward:   0.031000  Wealth:    109861.97  Turnover: 0.2178  Gross: 1.3925  Gate: 0.7851
Episode 268  Reward:   0.113387  Wealth:    122175.57  Turnover: 0.7209  Gross: 1.3979  Gate: 0.7957
Episode 269  Reward:   0.005603  Wealth:    106557.78  Turnover: 0.2654  Gross: 1.3894  Gate: 0.7788
Episode 270  Reward:  -0.047215  Wealth:    102343.89  Turnover: 0.2298  Gross: 1.3927  Gate: 0.7854
Episode    270  AvgReward:   0.010274  Noise: 0.0875
Episode 271  Reward:   0.147486  Wealth:    127334.97  Turnover: 0.4163  Gross: 1.3907  Gate: 0.7814
Episode 272  Reward:  -0.081232  Wealth:     99343.17  Turnover: 0.8826  Gross: 1.3941  Gate: 0.7881
Episode 273  Reward:   0.163372  Wealth:    129582.06  Turnover: 0.4476  Gross: 1.4025  Gate: 0.8051
Episode 274  Reward:   0.148097  Wealth:    127586.69  Turnover: 0.6014  Gross: 1.4137  Gate: 0.8275
Episode 275  Reward:  -0.027687  Wealth:    105702.35  Turnover: 0.4797  Gross: 1.3846  Gate: 0.7693
Episode 276  Reward:  -0.093568  Wealth:     97539.44  Turnover: 0.5902  Gross: 1.4014  Gate: 0.8028
Episode 277  Reward:   0.139183  Wealth:    126356.46  Turnover: 0.7204  Gross: 1.3939  Gate: 0.7878
Episode 278  Reward:   0.252475  Wealth:    146775.92  Turnover: 0.3763  Gross: 1.3881  Gate: 0.7761
Episode 279  Reward:   0.112737  Wealth:    122992.21  Turnover: 0.6472  Gross: 1.3878  Gate: 0.7756
Episode 280  Reward:   0.028714  Wealth:    110409.92  Turnover: 0.5112  Gross: 1.3861  Gate: 0.7721
Episode    280  AvgReward:   0.078958  Noise: 0.0858
Episode 281  Reward:   0.081752  Wealth:    117707.02  Turnover: 0.6315  Gross: 1.3979  Gate: 0.7958
Episode 282  Reward:   0.032295  Wealth:    110692.37  Turnover: 0.6422  Gross: 1.3933  Gate: 0.7866
Episode 283  Reward:   0.067261  Wealth:    115569.48  Turnover: 0.5919  Gross: 1.3975  Gate: 0.7949
Episode 284  Reward:  -0.090848  Wealth:    100196.30  Turnover: 0.5291  Gross: 1.3946  Gate: 0.7891
Episode 285  Reward:   0.110473  Wealth:    122506.51  Turnover: 0.6295  Gross: 1.3857  Gate: 0.7714
Episode 286  Reward:   0.206477  Wealth:    135845.12  Turnover: 0.2425  Gross: 1.4011  Gate: 0.8021
Episode 287  Reward:   0.199681  Wealth:    137079.23  Turnover: 0.5653  Gross: 1.3971  Gate: 0.7942
Episode 288  Reward:   0.203942  Wealth:    135512.00  Turnover: 0.4243  Gross: 1.3935  Gate: 0.7870
Episode 289  Reward:   0.163813  Wealth:    129163.41  Turnover: 0.2656  Gross: 1.4018  Gate: 0.8037
Episode 290  Reward:   0.081669  Wealth:    117863.38  Turnover: 0.5087  Gross: 1.4026  Gate: 0.8051
Episode    290  AvgReward:   0.105652  Noise: 0.0841
Episode 291  Reward:   0.031184  Wealth:    111372.60  Turnover: 0.4117  Gross: 1.3887  Gate: 0.7775
Episode 292  Reward:   0.011667  Wealth:    108872.04  Turnover: 0.3919  Gross: 1.4005  Gate: 0.8010
Episode 293  Reward:  -0.250571  Wealth:     84891.50  Turnover: 0.4348  Gross: 1.3879  Gate: 0.7758
Episode 294  Reward:   0.217235  Wealth:    142232.53  Turnover: 0.3548  Gross: 1.3761  Gate: 0.7522
Episode 295  Reward:   0.151220  Wealth:    128153.22  Turnover: 0.4155  Gross: 1.3731  Gate: 0.7462
Episode 296  Reward:   0.102393  Wealth:    119406.15  Turnover: 0.2618  Gross: 1.3729  Gate: 0.7457
Episode 297  Reward:  -0.104228  Wealth:     97413.80  Turnover: 0.5996  Gross: 1.3961  Gate: 0.7921
Episode 298  Reward:   0.031786  Wealth:    111080.61  Turnover: 0.5157  Gross: 1.3939  Gate: 0.7878
Episode 299  Reward:  -0.033351  Wealth:    102639.54  Turnover: 0.3915  Gross: 1.3989  Gate: 0.7979
Episode 300  Reward:   0.064878  Wealth:    118655.70  Turnover: 0.4504  Gross: 1.3843  Gate: 0.7685
Episode    300  AvgReward:   0.022221  Noise: 0.0824
Episode 301  Reward:   0.008433  Wealth:    110677.69  Turnover: 0.5697  Gross: 1.3783  Gate: 0.7566
Episode 302  Reward:   0.112056  Wealth:    121623.84  Turnover: 0.4794  Gross: 1.3949  Gate: 0.7898
Episode 303  Reward:   0.075328  Wealth:    117546.98  Turnover: 0.5935  Gross: 1.3811  Gate: 0.7621
Episode 304  Reward:   0.128911  Wealth:    126226.76  Turnover: 0.6918  Gross: 1.4017  Gate: 0.8035
Episode 305  Reward:   0.142596  Wealth:    125698.07  Turnover: 0.3999  Gross: 1.3818  Gate: 0.7637
Episode 306  Reward:  -0.094616  Wealth:     99410.98  Turnover: 0.7221  Gross: 1.3852  Gate: 0.7705
Episode 307  Reward:   0.030227  Wealth:    111543.91  Turnover: 0.5373  Gross: 1.3892  Gate: 0.7783
Episode 308  Reward:   0.010442  Wealth:    108962.59  Turnover: 0.3890  Gross: 1.3863  Gate: 0.7725
Episode 309  Reward:   0.143799  Wealth:    125251.21  Turnover: 0.2709  Gross: 1.4097  Gate: 0.8193
Episode 310  Reward:  -0.181006  Wealth:     92128.99  Turnover: 0.7209  Gross: 1.3977  Gate: 0.7953
Episode    310  AvgReward:   0.037617  Noise: 0.0808
Episode 311  Reward:   0.173033  Wealth:    130338.40  Turnover: 0.5031  Gross: 1.3916  Gate: 0.7831
Episode 312  Reward:  -0.036505  Wealth:    104203.11  Turnover: 0.8556  Gross: 1.3887  Gate: 0.7773
Episode 313  Reward:   0.136440  Wealth:    127171.34  Turnover: 0.4448  Gross: 1.4038  Gate: 0.8076
Episode 314  Reward:   0.055412  Wealth:    115700.21  Turnover: 0.4855  Gross: 1.3572  Gate: 0.7145
Episode 315  Reward:   0.088209  Wealth:    118255.37  Turnover: 0.3970  Gross: 1.3899  Gate: 0.7798
Episode 316  Reward:   0.135535  Wealth:    124446.77  Turnover: 0.3623  Gross: 1.3933  Gate: 0.7867
Episode 317  Reward:   0.196783  Wealth:    140314.43  Turnover: 0.5555  Gross: 1.3977  Gate: 0.7954
Episode 318  Reward:   0.040607  Wealth:    112289.64  Turnover: 0.6992  Gross: 1.3929  Gate: 0.7859
Episode 319  Reward:   0.017005  Wealth:    112842.37  Turnover: 0.6960  Gross: 1.3917  Gate: 0.7834
Episode 320  Reward:  -0.085809  Wealth:     98094.00  Turnover: 0.4573  Gross: 1.3912  Gate: 0.7824
Episode    320  AvgReward:   0.072071  Noise: 0.0792
Episode 321  Reward:  -0.019568  Wealth:    105030.26  Turnover: 0.4239  Gross: 1.3958  Gate: 0.7915
Episode 322  Reward:  -0.014367  Wealth:    105947.65  Turnover: 0.6105  Gross: 1.3842  Gate: 0.7684
Episode 323  Reward:  -0.060408  Wealth:    101227.76  Turnover: 0.4101  Gross: 1.3881  Gate: 0.7762
Episode 324  Reward:  -0.026486  Wealth:    103851.96  Turnover: 0.4957  Gross: 1.3897  Gate: 0.7793
Episode 325  Reward:   0.278953  Wealth:    151689.04  Turnover: 0.2644  Gross: 1.4006  Gate: 0.8012
Episode 326  Reward:   0.034701  Wealth:    112284.86  Turnover: 0.5870  Gross: 1.4029  Gate: 0.8057
Episode 327  Reward:   0.141138  Wealth:    125472.09  Turnover: 0.3602  Gross: 1.3877  Gate: 0.7754
Episode 328  Reward:   0.195228  Wealth:    134305.89  Turnover: 0.5023  Gross: 1.4111  Gate: 0.8221
Episode 329  Reward:  -0.144243  Wealth:     92214.54  Turnover: 0.4374  Gross: 1.3949  Gate: 0.7898
Episode 330  Reward:   0.283331  Wealth:    155476.85  Turnover: 0.7243  Gross: 1.4029  Gate: 0.8059
Episode    330  AvgReward:   0.066828  Noise: 0.0776
Episode 331  Reward:   0.099687  Wealth:    121809.46  Turnover: 0.4321  Gross: 1.3750  Gate: 0.7500
Episode 332  Reward:   0.071824  Wealth:    117657.35  Turnover: 0.5379  Gross: 1.3836  Gate: 0.7671
Episode 333  Reward:  -0.114275  Wealth:     95626.71  Turnover: 0.7689  Gross: 1.4025  Gate: 0.8049
Episode 334  Reward:  -0.041040  Wealth:    102480.75  Turnover: 0.5800  Gross: 1.3940  Gate: 0.7881
Episode 335  Reward:   0.150042  Wealth:    130600.40  Turnover: 0.7616  Gross: 1.3989  Gate: 0.7978
Episode 336  Reward:   0.116567  Wealth:    122471.09  Turnover: 0.3127  Gross: 1.3907  Gate: 0.7814
Episode 337  Reward:   0.105899  Wealth:    121755.72  Turnover: 0.6299  Gross: 1.4004  Gate: 0.8008
Episode 338  Reward:   0.111305  Wealth:    122042.26  Turnover: 0.5607  Gross: 1.4052  Gate: 0.8103
Episode 339  Reward:   0.410722  Wealth:    189304.90  Turnover: 0.3574  Gross: 1.3947  Gate: 0.7893
Episode 340  Reward:   0.041657  Wealth:    111490.37  Turnover: 0.4892  Gross: 1.3954  Gate: 0.7908
Episode    340  AvgReward:   0.095239  Noise: 0.0761
Episode 341  Reward:   0.250503  Wealth:    148625.22  Turnover: 0.5614  Gross: 1.4011  Gate: 0.8023
Episode 342  Reward:   0.097004  Wealth:    118885.18  Turnover: 0.3497  Gross: 1.4038  Gate: 0.8076
Episode 343  Reward:   0.003822  Wealth:    107937.36  Turnover: 0.5730  Gross: 1.3984  Gate: 0.7968
Episode 344  Reward:  -0.012955  Wealth:    109708.40  Turnover: 0.5206  Gross: 1.3910  Gate: 0.7820
Episode 345  Reward:   0.099531  Wealth:    119361.06  Turnover: 0.6339  Gross: 1.4004  Gate: 0.8008
Episode 346  Reward:  -0.078529  Wealth:     98664.18  Turnover: 0.6524  Gross: 1.3831  Gate: 0.7663
Episode 347  Reward:   0.055768  Wealth:    116865.79  Turnover: 0.6608  Gross: 1.4045  Gate: 0.8090
Episode 348  Reward:  -0.323729  Wealth:     79881.16  Turnover: 0.4779  Gross: 1.4000  Gate: 0.7999
Episode 349  Reward:   0.353035  Wealth:    174321.61  Turnover: 0.4968  Gross: 1.3898  Gate: 0.7797
Episode 350  Reward:   0.175610  Wealth:    136316.78  Turnover: 0.5403  Gross: 1.3989  Gate: 0.7978
Episode    350  AvgReward:   0.062006  Noise: 0.0746
Episode 351  Reward:   0.121357  Wealth:    124077.66  Turnover: 0.5313  Gross: 1.3867  Gate: 0.7735
Episode 352  Reward:  -0.073254  Wealth:     99238.92  Turnover: 0.3992  Gross: 1.3975  Gate: 0.7949
Episode 353  Reward:   0.234783  Wealth:    143745.69  Turnover: 0.3621  Gross: 1.3937  Gate: 0.7874
Episode 354  Reward:  -0.083301  Wealth:    100100.55  Turnover: 0.6555  Gross: 1.3682  Gate: 0.7364
Episode 355  Reward:   0.255222  Wealth:    149577.34  Turnover: 0.4562  Gross: 1.4029  Gate: 0.8059
Episode 356  Reward:   0.282227  Wealth:    153554.19  Turnover: 0.3855  Gross: 1.3790  Gate: 0.7580
Episode 357  Reward:  -0.352597  Wealth:     80116.61  Turnover: 0.6608  Gross: 1.3949  Gate: 0.7897
Episode 358  Reward:   0.050185  Wealth:    114321.02  Turnover: 0.4038  Gross: 1.3901  Gate: 0.7801
Episode 359  Reward:  -0.192456  Wealth:     90762.55  Turnover: 0.5975  Gross: 1.3926  Gate: 0.7852
Episode 360  Reward:   0.120254  Wealth:    124539.40  Turnover: 0.4477  Gross: 1.3995  Gate: 0.7990
Episode    360  AvgReward:   0.036242  Noise: 0.0731
Episode 361  Reward:   0.229678  Wealth:    143277.31  Turnover: 0.5253  Gross: 1.3908  Gate: 0.7816
Episode 362  Reward:   0.218673  Wealth:    142684.76  Turnover: 0.5549  Gross: 1.3909  Gate: 0.7818
Episode 363  Reward:   0.139378  Wealth:    127195.67  Turnover: 0.7382  Gross: 1.4042  Gate: 0.8083
Episode 364  Reward:   0.128257  Wealth:    123991.43  Turnover: 0.4847  Gross: 1.3891  Gate: 0.7783
Episode 365  Reward:   0.008470  Wealth:    108858.40  Turnover: 0.5036  Gross: 1.3825  Gate: 0.7651
Episode 366  Reward:  -0.039517  Wealth:    106100.54  Turnover: 0.5607  Gross: 1.3910  Gate: 0.7821
Episode 367  Reward:   0.018807  Wealth:    110687.91  Turnover: 0.5041  Gross: 1.4013  Gate: 0.8027
Episode 368  Reward:  -0.373324  Wealth:     77287.35  Turnover: 0.3786  Gross: 1.3793  Gate: 0.7585
Episode 369  Reward:   0.298380  Wealth:    159368.26  Turnover: 0.5336  Gross: 1.3982  Gate: 0.7964
Episode 370  Reward:   0.119921  Wealth:    122174.82  Turnover: 0.3881  Gross: 1.3928  Gate: 0.7857
Episode    370  AvgReward:   0.074872  Noise: 0.0717
Episode 371  Reward:   0.244136  Wealth:    147097.74  Turnover: 0.4882  Gross: 1.3938  Gate: 0.7876
Episode 372  Reward:   0.216536  Wealth:    141392.59  Turnover: 0.5672  Gross: 1.3911  Gate: 0.7822
Episode 373  Reward:   0.170436  Wealth:    133609.74  Turnover: 0.6173  Gross: 1.4068  Gate: 0.8136
Episode 374  Reward:   0.124275  Wealth:    123033.61  Turnover: 0.5719  Gross: 1.3926  Gate: 0.7851
Episode 375  Reward:   0.321949  Wealth:    164985.74  Turnover: 0.4650  Gross: 1.3876  Gate: 0.7753
Episode 376  Reward:   0.114843  Wealth:    121507.71  Turnover: 0.4485  Gross: 1.3846  Gate: 0.7692
Episode 377  Reward:   0.074720  Wealth:    115355.94  Turnover: 0.3824  Gross: 1.3964  Gate: 0.7929
Episode 378  Reward:   0.041345  Wealth:    110903.53  Turnover: 0.3552  Gross: 1.3978  Gate: 0.7956
Episode 379  Reward:   0.003102  Wealth:    107465.99  Turnover: 0.7079  Gross: 1.4022  Gate: 0.8045
Episode 380  Reward:   0.138501  Wealth:    126192.71  Turnover: 0.5605  Gross: 1.3980  Gate: 0.7960
Episode    380  AvgReward:   0.144984  Noise: 0.0702
Episode 381  Reward:  -0.081034  Wealth:     98812.05  Turnover: 0.4651  Gross: 1.3899  Gate: 0.7798
Episode 382  Reward:   0.022193  Wealth:    109668.08  Turnover: 0.4993  Gross: 1.3725  Gate: 0.7450
Episode 383  Reward:  -0.059358  Wealth:    100362.92  Turnover: 0.4974  Gross: 1.3960  Gate: 0.7921
Episode 384  Reward:   0.136272  Wealth:    130228.53  Turnover: 0.4737  Gross: 1.3687  Gate: 0.7374
Episode 385  Reward:   0.113084  Wealth:    123884.21  Turnover: 0.4506  Gross: 1.3907  Gate: 0.7813
Episode 386  Reward:   0.026606  Wealth:    109912.48  Turnover: 0.5201  Gross: 1.3806  Gate: 0.7612
Episode 387  Reward:   0.173972  Wealth:    133553.01  Turnover: 0.6848  Gross: 1.4001  Gate: 0.8002
Episode 388  Reward:   0.208066  Wealth:    139477.15  Turnover: 0.5192  Gross: 1.3658  Gate: 0.7316
Episode 389  Reward:  -0.113530  Wealth:     96527.91  Turnover: 0.3472  Gross: 1.3794  Gate: 0.7589
Episode 390  Reward:   0.280608  Wealth:    152721.21  Turnover: 0.5715  Gross: 1.4038  Gate: 0.8077
Episode    390  AvgReward:   0.070688  Noise: 0.0688
Episode 391  Reward:   0.000089  Wealth:    106334.95  Turnover: 0.4814  Gross: 1.3988  Gate: 0.7975
Episode 392  Reward:   0.327862  Wealth:    165306.13  Turnover: 0.4489  Gross: 1.3964  Gate: 0.7929
Episode 393  Reward:   0.134232  Wealth:    125256.94  Turnover: 0.5526  Gross: 1.4047  Gate: 0.8094
Episode 394  Reward:  -0.368829  Wealth:     78856.30  Turnover: 0.6995  Gross: 1.3659  Gate: 0.7319
Episode 395  Reward:   0.057010  Wealth:    116111.41  Turnover: 0.4209  Gross: 1.4012  Gate: 0.8023
Episode 396  Reward:  -0.030668  Wealth:    104066.30  Turnover: 0.4391  Gross: 1.4008  Gate: 0.8015
Episode 397  Reward:   0.132150  Wealth:    127773.73  Turnover: 0.6110  Gross: 1.3930  Gate: 0.7861
Episode 398  Reward:   0.110953  Wealth:    122132.20  Turnover: 0.5888  Gross: 1.4052  Gate: 0.8105
Episode 399  Reward:  -0.012549  Wealth:    104699.72  Turnover: 0.4160  Gross: 1.3962  Gate: 0.7924
Episode 400  Reward:   0.021639  Wealth:    110093.19  Turnover: 0.4081  Gross: 1.3970  Gate: 0.7940
Episode    400  AvgReward:   0.037189  Noise: 0.0675
Episode 401  Reward:   0.097423  Wealth:    122008.97  Turnover: 0.5098  Gross: 1.3764  Gate: 0.7528
Episode 402  Reward:  -0.124689  Wealth:     96084.82  Turnover: 0.6418  Gross: 1.3833  Gate: 0.7665
Episode 403  Reward:   0.234491  Wealth:    143700.66  Turnover: 0.5653  Gross: 1.3961  Gate: 0.7922
Episode 404  Reward:  -0.024951  Wealth:    107645.37  Turnover: 0.5515  Gross: 1.3801  Gate: 0.7603
Episode 405  Reward:  -0.140852  Wealth:     93450.16  Turnover: 0.4484  Gross: 1.4004  Gate: 0.8009
Episode 406  Reward:   0.081051  Wealth:    116996.51  Turnover: 0.4709  Gross: 1.4000  Gate: 0.8001
Episode 407  Reward:  -0.157906  Wealth:     93350.40  Turnover: 0.6277  Gross: 1.3736  Gate: 0.7472
Episode 408  Reward:   0.022255  Wealth:    110514.32  Turnover: 0.4899  Gross: 1.3853  Gate: 0.7706
Episode 409  Reward:  -0.173227  Wealth:     93207.05  Turnover: 0.7480  Gross: 1.3966  Gate: 0.7932
Episode 410  Reward:  -0.111576  Wealth:     97416.09  Turnover: 0.2781  Gross: 1.3802  Gate: 0.7603
Episode    410  AvgReward:  -0.029798  Noise: 0.0661
Episode 411  Reward:   0.179538  Wealth:    132160.82  Turnover: 0.3705  Gross: 1.3969  Gate: 0.7937
Episode 412  Reward:   0.232961  Wealth:    143867.72  Turnover: 0.6082  Gross: 1.3975  Gate: 0.7949
Episode 413  Reward:   0.134208  Wealth:    126445.62  Turnover: 0.5796  Gross: 1.3729  Gate: 0.7458
Episode 414  Reward:   0.169622  Wealth:    131616.61  Turnover: 0.5449  Gross: 1.3979  Gate: 0.7958
Episode 415  Reward:   0.238833  Wealth:    144545.59  Turnover: 0.5627  Gross: 1.3954  Gate: 0.7909
Episode 416  Reward:   0.323882  Wealth:    165619.21  Turnover: 0.6324  Gross: 1.3970  Gate: 0.7941
Episode 417  Reward:   0.161049  Wealth:    129526.64  Turnover: 0.3049  Gross: 1.3932  Gate: 0.7865
Episode 418  Reward:  -0.106110  Wealth:     97065.70  Turnover: 0.6396  Gross: 1.3874  Gate: 0.7747
Episode 419  Reward:   0.068912  Wealth:    116503.33  Turnover: 0.4797  Gross: 1.4017  Gate: 0.8033
Episode 420  Reward:   0.149404  Wealth:    127851.76  Turnover: 0.4005  Gross: 1.4051  Gate: 0.8102
Episode    420  AvgReward:   0.155230  Noise: 0.0648
Episode 421  Reward:   0.024685  Wealth:    111454.55  Turnover: 0.4619  Gross: 1.3975  Gate: 0.7950
Episode 422  Reward:  -0.106130  Wealth:     97197.36  Turnover: 0.3237  Gross: 1.3813  Gate: 0.7627
Episode 423  Reward:  -0.030729  Wealth:    104297.46  Turnover: 0.6753  Gross: 1.3824  Gate: 0.7648
Episode 424  Reward:   0.209449  Wealth:    141689.92  Turnover: 0.5790  Gross: 1.3829  Gate: 0.7658
Episode 425  Reward:   0.190654  Wealth:    133756.68  Turnover: 0.4804  Gross: 1.3941  Gate: 0.7883
Episode 426  Reward:   0.189473  Wealth:    133429.52  Turnover: 0.3109  Gross: 1.3864  Gate: 0.7728
Episode 427  Reward:   0.111681  Wealth:    122963.95  Turnover: 0.4649  Gross: 1.4012  Gate: 0.8024
Episode 428  Reward:   0.059157  Wealth:    117279.44  Turnover: 0.6661  Gross: 1.3966  Gate: 0.7932
Episode 429  Reward:  -0.184068  Wealth:     91037.10  Turnover: 0.3289  Gross: 1.3925  Gate: 0.7850
Episode 430  Reward:   0.180929  Wealth:    134543.30  Turnover: 0.4054  Gross: 1.3923  Gate: 0.7847
Episode    430  AvgReward:   0.064510  Noise: 0.0635
Episode 431  Reward:   0.051832  Wealth:    113200.62  Turnover: 0.4504  Gross: 1.4031  Gate: 0.8062
Episode 432  Reward:  -0.138093  Wealth:     94484.31  Turnover: 0.5586  Gross: 1.3848  Gate: 0.7697
Episode 433  Reward:  -0.016844  Wealth:    108296.57  Turnover: 0.5492  Gross: 1.3748  Gate: 0.7497
Episode 434  Reward:   0.236147  Wealth:    143233.89  Turnover: 0.4109  Gross: 1.3988  Gate: 0.7977
Episode 435  Reward:   0.031789  Wealth:    110615.55  Turnover: 0.3644  Gross: 1.3883  Gate: 0.7767
Episode 436  Reward:   0.090790  Wealth:    119118.95  Turnover: 0.4926  Gross: 1.3920  Gate: 0.7841
Episode 437  Reward:   0.207012  Wealth:    137220.42  Turnover: 0.3764  Gross: 1.3770  Gate: 0.7540
Episode 438  Reward:   0.174957  Wealth:    136315.13  Turnover: 0.5630  Gross: 1.3570  Gate: 0.7140
Episode 439  Reward:   0.043089  Wealth:    112855.13  Turnover: 0.5637  Gross: 1.4048  Gate: 0.8097
Episode 440  Reward:  -0.188083  Wealth:     89990.28  Turnover: 0.5768  Gross: 1.3883  Gate: 0.7766
Episode    440  AvgReward:   0.049260  Noise: 0.0623
Episode 441  Reward:   0.209913  Wealth:    137169.97  Turnover: 0.3715  Gross: 1.4042  Gate: 0.8084
Episode 442  Reward:   0.134165  Wealth:    126071.56  Turnover: 0.4969  Gross: 1.3951  Gate: 0.7901
Episode 443  Reward:   0.306759  Wealth:    159710.70  Turnover: 0.4563  Gross: 1.3991  Gate: 0.7983
Episode 444  Reward:   0.123169  Wealth:    124323.16  Turnover: 0.5026  Gross: 1.4037  Gate: 0.8075
Episode 445  Reward:   0.140416  Wealth:    127699.69  Turnover: 0.2965  Gross: 1.3800  Gate: 0.7600
Episode 446  Reward:   0.268467  Wealth:    153677.77  Turnover: 0.6579  Gross: 1.3710  Gate: 0.7420
Episode 447  Reward:   0.248548  Wealth:    147782.21  Turnover: 0.5194  Gross: 1.3915  Gate: 0.7831
Episode 448  Reward:   0.043773  Wealth:    113808.98  Turnover: 0.4458  Gross: 1.4047  Gate: 0.8094
Episode 449  Reward:   0.219245  Wealth:    142438.39  Turnover: 0.4288  Gross: 1.3761  Gate: 0.7521
Episode 450  Reward:   0.168642  Wealth:    132491.65  Turnover: 0.4630  Gross: 1.3595  Gate: 0.7190
Episode    450  AvgReward:   0.186310  Noise: 0.0611
Episode 451  Reward:   0.179688  Wealth:    134009.75  Turnover: 0.4532  Gross: 1.4026  Gate: 0.8052
Episode 452  Reward:  -0.089979  Wealth:     99241.27  Turnover: 0.6890  Gross: 1.3871  Gate: 0.7741
Episode 453  Reward:   0.035330  Wealth:    112738.62  Turnover: 0.6431  Gross: 1.4006  Gate: 0.8011
Episode 454  Reward:   0.134236  Wealth:    127026.11  Turnover: 0.6910  Gross: 1.3906  Gate: 0.7811
Episode 455  Reward:  -0.199285  Wealth:     89804.55  Turnover: 0.5847  Gross: 1.3877  Gate: 0.7753
Episode 456  Reward:   0.124215  Wealth:    124411.25  Turnover: 0.3334  Gross: 1.3982  Gate: 0.7965
Episode 457  Reward:   0.121149  Wealth:    123959.16  Turnover: 0.4860  Gross: 1.4052  Gate: 0.8104
Episode 458  Reward:   0.180752  Wealth:    135780.68  Turnover: 0.5237  Gross: 1.3297  Gate: 0.6594
Episode 459  Reward:   0.019905  Wealth:    108888.26  Turnover: 0.3372  Gross: 1.4012  Gate: 0.8024
Episode 460  Reward:   0.289697  Wealth:    157874.11  Turnover: 0.5000  Gross: 1.3840  Gate: 0.7680
Episode    460  AvgReward:   0.079571  Noise: 0.0598
Episode 461  Reward:   0.102503  Wealth:    123313.22  Turnover: 0.7462  Gross: 1.3616  Gate: 0.7232
Episode 462  Reward:   0.412979  Wealth:    193604.45  Turnover: 0.3264  Gross: 1.3991  Gate: 0.7981
Episode 463  Reward:   0.092237  Wealth:    118901.73  Turnover: 0.4642  Gross: 1.4043  Gate: 0.8086
Episode 464  Reward:  -0.059008  Wealth:    103220.83  Turnover: 0.4037  Gross: 1.3841  Gate: 0.7682
Episode 465  Reward:  -0.263922  Wealth:     84708.95  Turnover: 0.6227  Gross: 1.3924  Gate: 0.7847
Episode 466  Reward:   0.079256  Wealth:    118482.18  Turnover: 0.4188  Gross: 1.3566  Gate: 0.7132
Episode 467  Reward:   0.042264  Wealth:    111374.47  Turnover: 0.3700  Gross: 1.4024  Gate: 0.8047
Episode 468  Reward:   0.158724  Wealth:    129809.17  Turnover: 0.4155  Gross: 1.4036  Gate: 0.8071
Episode 469  Reward:  -0.071616  Wealth:    100113.70  Turnover: 0.4919  Gross: 1.3977  Gate: 0.7954
Episode 470  Reward:  -0.064116  Wealth:    101760.28  Turnover: 0.6324  Gross: 1.3823  Gate: 0.7645
Episode    470  AvgReward:   0.042930  Noise: 0.0587
Episode 471  Reward:  -0.038892  Wealth:    104014.24  Turnover: 0.6125  Gross: 1.3836  Gate: 0.7672
Episode 472  Reward:   0.266776  Wealth:    151460.43  Turnover: 0.3861  Gross: 1.3980  Gate: 0.7960
Episode 473  Reward:   0.234494  Wealth:    144555.05  Turnover: 0.8870  Gross: 1.3941  Gate: 0.7882
Episode 474  Reward:   0.199061  Wealth:    135871.69  Turnover: 0.5576  Gross: 1.3967  Gate: 0.7934
Episode 475  Reward:   0.056489  Wealth:    115520.44  Turnover: 0.6009  Gross: 1.4004  Gate: 0.8009
Episode 476  Reward:   0.069140  Wealth:    116531.83  Turnover: 0.4227  Gross: 1.4016  Gate: 0.8033
Episode 477  Reward:   0.080281  Wealth:    118028.59  Turnover: 0.4705  Gross: 1.4068  Gate: 0.8136
Episode 478  Reward:  -0.047125  Wealth:    101821.69  Turnover: 0.5080  Gross: 1.3911  Gate: 0.7821
Episode 479  Reward:   0.116610  Wealth:    123975.77  Turnover: 0.3766  Gross: 1.4050  Gate: 0.8100
Episode 480  Reward:   0.276555  Wealth:    154291.27  Turnover: 0.4861  Gross: 1.4109  Gate: 0.8217
Episode    480  AvgReward:   0.121339  Noise: 0.0575
Episode 481  Reward:   0.112766  Wealth:    124587.00  Turnover: 0.5218  Gross: 1.4043  Gate: 0.8085
Episode 482  Reward:   0.170449  Wealth:    133894.01  Turnover: 0.7352  Gross: 1.3918  Gate: 0.7836
Episode 483  Reward:   0.115650  Wealth:    123997.81  Turnover: 0.5741  Gross: 1.3521  Gate: 0.7042
Episode 484  Reward:   0.101099  Wealth:    120781.69  Turnover: 0.3493  Gross: 1.3994  Gate: 0.7988
Episode 485  Reward:  -0.014127  Wealth:    106418.65  Turnover: 0.6672  Gross: 1.3925  Gate: 0.7850
Episode 486  Reward:   0.071790  Wealth:    114538.39  Turnover: 0.3067  Gross: 1.3995  Gate: 0.7989
Episode 487  Reward:  -0.039926  Wealth:    104293.78  Turnover: 0.3984  Gross: 1.3940  Gate: 0.7880
Episode 488  Reward:   0.113599  Wealth:    126163.67  Turnover: 0.5089  Gross: 1.3137  Gate: 0.6274
Episode 489  Reward:   0.216066  Wealth:    139132.56  Turnover: 0.5387  Gross: 1.3763  Gate: 0.7526
Episode 490  Reward:   0.228241  Wealth:    143555.25  Turnover: 0.4100  Gross: 1.4079  Gate: 0.8158
Episode    490  AvgReward:   0.107561  Noise: 0.0564
Episode 491  Reward:   0.211910  Wealth:    139135.27  Turnover: 0.5232  Gross: 1.4039  Gate: 0.8078
Episode 492  Reward:   0.248881  Wealth:    147732.30  Turnover: 0.5404  Gross: 1.4085  Gate: 0.8170
Episode 493  Reward:   0.062279  Wealth:    115948.36  Turnover: 0.4964  Gross: 1.4012  Gate: 0.8023
Episode 494  Reward:   0.095051  Wealth:    118372.67  Turnover: 0.4202  Gross: 1.4030  Gate: 0.8060
Episode 495  Reward:   0.160968  Wealth:    129928.71  Turnover: 0.7318  Gross: 1.3838  Gate: 0.7676
Episode 496  Reward:   0.171752  Wealth:    133584.97  Turnover: 0.5935  Gross: 1.4016  Gate: 0.8032
Episode 497  Reward:  -0.270378  Wealth:     86217.51  Turnover: 0.6608  Gross: 1.3859  Gate: 0.7718
Episode 498  Reward:  -0.032417  Wealth:    103002.46  Turnover: 0.4337  Gross: 1.4039  Gate: 0.8078
Episode 499  Reward:   0.231124  Wealth:    143999.93  Turnover: 0.5304  Gross: 1.3361  Gate: 0.6721
Episode 500  Reward:  -0.020492  Wealth:    106329.63  Turnover: 0.5798  Gross: 1.3882  Gate: 0.7764
Episode    500  AvgReward:   0.085868  Noise: 0.0552
Episode 501  Reward:   0.168208  Wealth:    131252.19  Turnover: 0.4813  Gross: 1.3953  Gate: 0.7906
Episode 502  Reward:   0.139702  Wealth:    126035.21  Turnover: 0.3593  Gross: 1.4091  Gate: 0.8182
Episode 503  Reward:  -0.010830  Wealth:    106127.72  Turnover: 0.4191  Gross: 1.3961  Gate: 0.7922
Episode 504  Reward:   0.055017  Wealth:    113724.32  Turnover: 0.4998  Gross: 1.3963  Gate: 0.7925
Episode 505  Reward:   0.153451  Wealth:    127295.63  Turnover: 0.4161  Gross: 1.3916  Gate: 0.7831
Episode 506  Reward:   0.316120  Wealth:    165585.14  Turnover: 0.6495  Gross: 1.3520  Gate: 0.7041
Episode 507  Reward:  -0.006877  Wealth:    107918.63  Turnover: 0.9053  Gross: 1.3830  Gate: 0.7660
Episode 508  Reward:   0.206264  Wealth:    141300.16  Turnover: 0.6974  Gross: 1.3642  Gate: 0.7285
Episode 509  Reward:   0.009483  Wealth:    107599.18  Turnover: 0.4638  Gross: 1.3881  Gate: 0.7762
Episode 510  Reward:   0.028237  Wealth:    111729.97  Turnover: 0.7462  Gross: 1.4041  Gate: 0.8081
Episode    510  AvgReward:   0.105878  Noise: 0.0541
Episode 511  Reward:  -0.208507  Wealth:     87688.24  Turnover: 0.6299  Gross: 1.3938  Gate: 0.7875
Episode 512  Reward:  -0.003456  Wealth:    106587.71  Turnover: 0.4224  Gross: 1.3945  Gate: 0.7889
Episode 513  Reward:   0.152218  Wealth:    129196.16  Turnover: 0.5865  Gross: 1.3743  Gate: 0.7486
Episode 514  Reward:   0.150922  Wealth:    129405.56  Turnover: 0.6329  Gross: 1.4040  Gate: 0.8079
Episode 515  Reward:   0.090553  Wealth:    121939.73  Turnover: 0.5990  Gross: 1.3727  Gate: 0.7455
Episode 516  Reward:  -0.061480  Wealth:    101216.43  Turnover: 0.5343  Gross: 1.3952  Gate: 0.7903
Episode 517  Reward:  -0.061662  Wealth:    100032.28  Turnover: 0.5230  Gross: 1.3981  Gate: 0.7962
Episode 518  Reward:   0.165177  Wealth:    130241.11  Turnover: 0.4499  Gross: 1.4010  Gate: 0.8020
Episode 519  Reward:   0.141411  Wealth:    127135.45  Turnover: 0.4782  Gross: 1.3794  Gate: 0.7587
Episode 520  Reward:  -0.326463  Wealth:     81630.50  Turnover: 0.3531  Gross: 1.3347  Gate: 0.6694
Episode    520  AvgReward:   0.003871  Noise: 0.0531
Episode 521  Reward:   0.087521  Wealth:    117615.65  Turnover: 0.3807  Gross: 1.3758  Gate: 0.7517
Episode 522  Reward:   0.084413  Wealth:    119975.81  Turnover: 0.5762  Gross: 1.4037  Gate: 0.8074
Episode 523  Reward:   0.192409  Wealth:    137999.61  Turnover: 0.7856  Gross: 1.4086  Gate: 0.8173
Episode 524  Reward:  -0.052730  Wealth:    102349.26  Turnover: 0.6258  Gross: 1.3998  Gate: 0.7996
Episode 525  Reward:   0.278346  Wealth:    156226.99  Turnover: 0.5262  Gross: 1.3468  Gate: 0.6936
Episode 526  Reward:   0.109931  Wealth:    121019.44  Turnover: 0.3955  Gross: 1.3984  Gate: 0.7968
Episode 527  Reward:  -0.007185  Wealth:    107707.25  Turnover: 0.3044  Gross: 1.3997  Gate: 0.7994
Episode 528  Reward:  -0.103193  Wealth:     96831.60  Turnover: 0.3881  Gross: 1.4019  Gate: 0.8039
Episode 529  Reward:   0.050543  Wealth:    113959.03  Turnover: 0.5895  Gross: 1.3687  Gate: 0.7375
Episode 530  Reward:   0.132140  Wealth:    126238.81  Turnover: 0.5337  Gross: 1.3912  Gate: 0.7825
Episode    530  AvgReward:   0.077219  Noise: 0.0520
Episode 531  Reward:  -0.015779  Wealth:    106286.18  Turnover: 0.3522  Gross: 1.3975  Gate: 0.7950
Episode 532  Reward:   0.097667  Wealth:    119011.69  Turnover: 0.2786  Gross: 1.3908  Gate: 0.7816
Episode 533  Reward:   0.199915  Wealth:    136038.38  Turnover: 0.5249  Gross: 1.3981  Gate: 0.7963
Episode 534  Reward:   0.013649  Wealth:    108531.83  Turnover: 0.3288  Gross: 1.3867  Gate: 0.7733
Episode 535  Reward:   0.121230  Wealth:    124493.99  Turnover: 0.5036  Gross: 1.3969  Gate: 0.7939
Episode 536  Reward:   0.111341  Wealth:    123510.93  Turnover: 0.5782  Gross: 1.3843  Gate: 0.7686
Episode 537  Reward:   0.204156  Wealth:    136575.18  Turnover: 0.2737  Gross: 1.3926  Gate: 0.7852
Episode 538  Reward:   0.296576  Wealth:    158668.72  Turnover: 0.4253  Gross: 1.3937  Gate: 0.7874
Episode 539  Reward:   0.098195  Wealth:    121498.20  Turnover: 0.7245  Gross: 1.3942  Gate: 0.7885
Episode 540  Reward:   0.110942  Wealth:    122138.90  Turnover: 0.3855  Gross: 1.4002  Gate: 0.8003
Episode    540  AvgReward:   0.123789  Noise: 0.0510
Episode 541  Reward:   0.304416  Wealth:    160374.33  Turnover: 0.4335  Gross: 1.4037  Gate: 0.8075
Episode 542  Reward:   0.229188  Wealth:    144580.94  Turnover: 0.4588  Gross: 1.3985  Gate: 0.7969
Episode 543  Reward:   0.071200  Wealth:    117665.19  Turnover: 0.6213  Gross: 1.3800  Gate: 0.7600
Episode 544  Reward:   0.133386  Wealth:    124817.03  Turnover: 0.5746  Gross: 1.3953  Gate: 0.7905
Episode 545  Reward:   0.112929  Wealth:    122836.69  Turnover: 0.4800  Gross: 1.3971  Gate: 0.7941
Episode 546  Reward:   0.067328  Wealth:    116785.06  Turnover: 0.6144  Gross: 1.3956  Gate: 0.7912
Episode 547  Reward:   0.242634  Wealth:    146411.98  Turnover: 0.5827  Gross: 1.3959  Gate: 0.7918
Episode 548  Reward:  -0.107828  Wealth:     98160.78  Turnover: 0.6036  Gross: 1.3519  Gate: 0.7037
Episode 549  Reward:   0.113046  Wealth:    122232.46  Turnover: 0.3415  Gross: 1.4075  Gate: 0.8149
Episode 550  Reward:   0.121502  Wealth:    123765.57  Turnover: 0.5485  Gross: 1.4080  Gate: 0.8160
Episode    550  AvgReward:   0.128780  Noise: 0.0500
Episode 551  Reward:   0.312706  Wealth:    164481.60  Turnover: 0.5156  Gross: 1.4053  Gate: 0.8107
Episode 552  Reward:   0.240589  Wealth:    146163.64  Turnover: 0.4939  Gross: 1.4039  Gate: 0.8077
Episode 553  Reward:   0.080757  Wealth:    118873.74  Turnover: 0.5635  Gross: 1.3985  Gate: 0.7970
Episode 554  Reward:   0.008857  Wealth:    107759.44  Turnover: 0.4143  Gross: 1.3981  Gate: 0.7963
Episode 555  Reward:   0.218426  Wealth:    138162.23  Turnover: 0.3642  Gross: 1.3935  Gate: 0.7871
Episode 556  Reward:   0.264003  Wealth:    149305.87  Turnover: 0.5257  Gross: 1.3927  Gate: 0.7854
Episode 557  Reward:   0.167019  Wealth:    130342.44  Turnover: 0.4995  Gross: 1.3990  Gate: 0.7979
Episode 558  Reward:  -0.045443  Wealth:    102344.06  Turnover: 0.4277  Gross: 1.3907  Gate: 0.7814
Episode 559  Reward:  -0.014719  Wealth:    105814.51  Turnover: 0.3184  Gross: 1.3987  Gate: 0.7973
Episode 560  Reward:   0.273425  Wealth:    154322.99  Turnover: 0.5461  Gross: 1.3893  Gate: 0.7785
Episode    560  AvgReward:   0.150562  Noise: 0.0490
Episode 561  Reward:   0.198262  Wealth:    137413.29  Turnover: 0.5274  Gross: 1.3947  Gate: 0.7894
Episode 562  Reward:  -0.042814  Wealth:    102510.54  Turnover: 0.5217  Gross: 1.3667  Gate: 0.7333
Episode 563  Reward:   0.176761  Wealth:    134652.26  Turnover: 0.4284  Gross: 1.3764  Gate: 0.7527
Episode 564  Reward:   0.179615  Wealth:    132034.69  Turnover: 0.3429  Gross: 1.3985  Gate: 0.7971
Episode 565  Reward:   0.126394  Wealth:    123562.31  Turnover: 0.4302  Gross: 1.4012  Gate: 0.8025
Episode 566  Reward:   0.113606  Wealth:    125492.49  Turnover: 0.6123  Gross: 1.3955  Gate: 0.7911
Episode 567  Reward:  -0.217006  Wealth:     88201.77  Turnover: 0.5517  Gross: 1.3791  Gate: 0.7581
Episode 568  Reward:   0.065098  Wealth:    116069.30  Turnover: 0.6574  Gross: 1.4109  Gate: 0.8219
Episode 569  Reward:  -0.052452  Wealth:    102559.24  Turnover: 0.5840  Gross: 1.3932  Gate: 0.7864
Episode 570  Reward:   0.111430  Wealth:    122661.01  Turnover: 0.4700  Gross: 1.3939  Gate: 0.7879
Episode    570  AvgReward:   0.065889  Noise: 0.0480
Episode 571  Reward:   0.189861  Wealth:    134269.53  Turnover: 0.3700  Gross: 1.4057  Gate: 0.8115
Episode 572  Reward:   0.019194  Wealth:    109535.96  Turnover: 0.4147  Gross: 1.4009  Gate: 0.8017
Episode 573  Reward:   0.203152  Wealth:    138520.87  Turnover: 0.3445  Gross: 1.3977  Gate: 0.7954
Episode 574  Reward:  -0.212595  Wealth:     88051.10  Turnover: 0.7658  Gross: 1.3999  Gate: 0.7998
Episode 575  Reward:  -0.189356  Wealth:     91708.62  Turnover: 0.5538  Gross: 1.3598  Gate: 0.7197
Episode 576  Reward:   0.080707  Wealth:    117398.77  Turnover: 0.3946  Gross: 1.4052  Gate: 0.8105
Episode 577  Reward:   0.008425  Wealth:    108681.79  Turnover: 0.6922  Gross: 1.3767  Gate: 0.7534
Episode 578  Reward:   0.209844  Wealth:    141702.13  Turnover: 0.4495  Gross: 1.3935  Gate: 0.7871
Episode 579  Reward:   0.029199  Wealth:    111010.66  Turnover: 0.6095  Gross: 1.3904  Gate: 0.7808
Episode 580  Reward:   0.082498  Wealth:    117121.55  Turnover: 0.3701  Gross: 1.3968  Gate: 0.7936
Episode    580  AvgReward:   0.042093  Noise: 0.0471
Episode 581  Reward:   0.165320  Wealth:    130306.92  Turnover: 0.3506  Gross: 1.3989  Gate: 0.7979
Episode 582  Reward:   0.079754  Wealth:    118893.66  Turnover: 0.6301  Gross: 1.3939  Gate: 0.7878
Episode 583  Reward:   0.198869  Wealth:    137884.60  Turnover: 0.5241  Gross: 1.3781  Gate: 0.7562
Episode 584  Reward:   0.066813  Wealth:    117933.17  Turnover: 0.6701  Gross: 1.3930  Gate: 0.7860
Episode 585  Reward:   0.028235  Wealth:    110452.38  Turnover: 0.5735  Gross: 1.3968  Gate: 0.7937
Episode 586  Reward:   0.094062  Wealth:    118783.40  Turnover: 0.3788  Gross: 1.3854  Gate: 0.7707
Episode 587  Reward:   0.035862  Wealth:    111861.91  Turnover: 0.4258  Gross: 1.3910  Gate: 0.7820
Episode 588  Reward:   0.030725  Wealth:    110582.62  Turnover: 0.4144  Gross: 1.3899  Gate: 0.7797
Episode 589  Reward:  -0.074714  Wealth:     98284.57  Turnover: 0.3087  Gross: 1.3941  Gate: 0.7881
Episode 590  Reward:   0.115989  Wealth:    126254.25  Turnover: 0.5727  Gross: 1.3728  Gate: 0.7457
Episode    590  AvgReward:   0.074091  Noise: 0.0461
Episode 591  Reward:   0.142023  Wealth:    125643.09  Turnover: 0.4366  Gross: 1.3987  Gate: 0.7974
Episode 592  Reward:   0.011515  Wealth:    109557.18  Turnover: 0.6440  Gross: 1.3858  Gate: 0.7715
Episode 593  Reward:   0.169750  Wealth:    133078.25  Turnover: 0.6259  Gross: 1.3941  Gate: 0.7883
Episode 594  Reward:   0.360028  Wealth:    176690.19  Turnover: 0.5399  Gross: 1.3709  Gate: 0.7419
Episode 595  Reward:   0.281654  Wealth:    156291.88  Turnover: 0.3446  Gross: 1.4002  Gate: 0.8003
Episode 596  Reward:   0.203539  Wealth:    138222.09  Turnover: 0.3886  Gross: 1.3908  Gate: 0.7816
Episode 597  Reward:   0.143830  Wealth:    127589.88  Turnover: 0.3921  Gross: 1.3991  Gate: 0.7983
Episode 598  Reward:   0.381841  Wealth:    187635.76  Turnover: 0.7846  Gross: 1.3718  Gate: 0.7437
Episode 599  Reward:   0.140665  Wealth:    125752.79  Turnover: 0.4506  Gross: 1.3999  Gate: 0.7999
Episode 600  Reward:  -0.133124  Wealth:     93509.76  Turnover: 0.3028  Gross: 1.4022  Gate: 0.8044
Episode    600  AvgReward:   0.170172  Noise: 0.0452
Episode 601  Reward:   0.128111  Wealth:    127649.74  Turnover: 0.5566  Gross: 1.4121  Gate: 0.8242
Episode 602  Reward:  -0.011129  Wealth:    105639.84  Turnover: 0.5822  Gross: 1.4004  Gate: 0.8008
Episode 603  Reward:  -0.072559  Wealth:     99892.43  Turnover: 0.5739  Gross: 1.4003  Gate: 0.8007
Episode 604  Reward:   0.212226  Wealth:    138745.73  Turnover: 0.2853  Gross: 1.3995  Gate: 0.7990
Episode 605  Reward:   0.010670  Wealth:    108327.91  Turnover: 0.4110  Gross: 1.3958  Gate: 0.7917
Episode 606  Reward:  -0.201672  Wealth:     90382.11  Turnover: 0.5942  Gross: 1.3817  Gate: 0.7634
Episode 607  Reward:   0.213821  Wealth:    141185.64  Turnover: 0.8183  Gross: 1.3939  Gate: 0.7877
Episode 608  Reward:   0.202981  Wealth:    139282.08  Turnover: 0.3374  Gross: 1.3973  Gate: 0.7946
Episode 609  Reward:  -0.028429  Wealth:    103820.83  Turnover: 0.3875  Gross: 1.3967  Gate: 0.7934
Episode 610  Reward:   0.167157  Wealth:    133998.54  Turnover: 0.4894  Gross: 1.3692  Gate: 0.7384
Episode    610  AvgReward:   0.062118  Noise: 0.0443
Episode 611  Reward:   0.088428  Wealth:    120700.65  Turnover: 0.6295  Gross: 1.4027  Gate: 0.8055
Episode 612  Reward:   0.180266  Wealth:    134736.14  Turnover: 0.5246  Gross: 1.4078  Gate: 0.8155
Episode 613  Reward:   0.130824  Wealth:    126076.28  Turnover: 0.7249  Gross: 1.3897  Gate: 0.7794
Episode 614  Reward:   0.229084  Wealth:    142674.12  Turnover: 0.3859  Gross: 1.3997  Gate: 0.7994
Episode 615  Reward:   0.367612  Wealth:    179703.87  Turnover: 0.4828  Gross: 1.4003  Gate: 0.8007
Episode 616  Reward:  -0.089187  Wealth:    100038.11  Turnover: 0.6712  Gross: 1.3878  Gate: 0.7756
Episode 617  Reward:  -0.167848  Wealth:     92612.25  Turnover: 0.7409  Gross: 1.3894  Gate: 0.7789
Episode 618  Reward:   0.222961  Wealth:    143286.34  Turnover: 0.5476  Gross: 1.3980  Gate: 0.7960
Episode 619  Reward:   0.103826  Wealth:    120652.09  Turnover: 0.4132  Gross: 1.3965  Gate: 0.7930
Episode 620  Reward:   0.154793  Wealth:    128345.20  Turnover: 0.5475  Gross: 1.3947  Gate: 0.7893
Episode    620  AvgReward:   0.122076  Noise: 0.0434
Episode 621  Reward:   0.171678  Wealth:    132422.20  Turnover: 0.4798  Gross: 1.3916  Gate: 0.7833
Episode 622  Reward:  -0.054811  Wealth:    102242.33  Turnover: 0.4943  Gross: 1.3905  Gate: 0.7811
Episode 623  Reward:   0.083270  Wealth:    117287.98  Turnover: 0.2872  Gross: 1.4018  Gate: 0.8036
Episode 624  Reward:   0.198082  Wealth:    136908.08  Turnover: 0.2822  Gross: 1.3943  Gate: 0.7886
Episode 625  Reward:  -0.004459  Wealth:    107349.89  Turnover: 0.4478  Gross: 1.4024  Gate: 0.8048
Episode 626  Reward:   0.261521  Wealth:    148646.26  Turnover: 0.3782  Gross: 1.3993  Gate: 0.7987
Episode 627  Reward:  -0.021951  Wealth:    104343.88  Turnover: 0.4421  Gross: 1.4017  Gate: 0.8034
Episode 628  Reward:   0.218586  Wealth:    143894.45  Turnover: 0.6248  Gross: 1.3851  Gate: 0.7702
Episode 629  Reward:   0.062033  Wealth:    115387.47  Turnover: 0.4181  Gross: 1.4021  Gate: 0.8043
Episode 630  Reward:   0.170737  Wealth:    133963.52  Turnover: 0.4927  Gross: 1.3864  Gate: 0.7728
Episode    630  AvgReward:   0.108468  Noise: 0.0426
Episode 631  Reward:   0.064667  Wealth:    114859.01  Turnover: 0.3988  Gross: 1.3951  Gate: 0.7902
Episode 632  Reward:   0.249980  Wealth:    146468.17  Turnover: 0.3515  Gross: 1.3998  Gate: 0.7996
Episode 633  Reward:   0.073642  Wealth:    116911.46  Turnover: 0.4028  Gross: 1.3998  Gate: 0.7995
Episode 634  Reward:   0.122657  Wealth:    123955.32  Turnover: 0.3642  Gross: 1.3991  Gate: 0.7983
Episode 635  Reward:  -0.074247  Wealth:    100709.64  Turnover: 0.5339  Gross: 1.3917  Gate: 0.7833
Episode 636  Reward:   0.175433  Wealth:    131429.05  Turnover: 0.3677  Gross: 1.4002  Gate: 0.8004
Episode 637  Reward:   0.166756  Wealth:    137040.83  Turnover: 0.6442  Gross: 1.3424  Gate: 0.6848
Episode 638  Reward:   0.192557  Wealth:    137496.82  Turnover: 0.4511  Gross: 1.3985  Gate: 0.7971
Episode 639  Reward:   0.127457  Wealth:    124995.55  Turnover: 0.4309  Gross: 1.4011  Gate: 0.8023
Episode 640  Reward:   0.156674  Wealth:    129048.63  Turnover: 0.5044  Gross: 1.4056  Gate: 0.8112
Episode    640  AvgReward:   0.125557  Noise: 0.0417
Episode 641  Reward:  -0.025589  Wealth:    105879.37  Turnover: 0.5492  Gross: 1.3963  Gate: 0.7925
Episode 642  Reward:   0.389515  Wealth:    186648.66  Turnover: 0.4364  Gross: 1.4045  Gate: 0.8089
Episode 643  Reward:   0.141747  Wealth:    128191.22  Turnover: 0.7626  Gross: 1.3911  Gate: 0.7822
Episode 644  Reward:   0.243238  Wealth:    148407.20  Turnover: 0.7143  Gross: 1.3927  Gate: 0.7854
Episode 645  Reward:   0.215051  Wealth:    139538.28  Turnover: 0.3872  Gross: 1.4036  Gate: 0.8071
Episode 646  Reward:   0.172815  Wealth:    132158.06  Turnover: 0.5061  Gross: 1.3974  Gate: 0.7948
Episode 647  Reward:   0.176042  Wealth:    134939.92  Turnover: 0.5929  Gross: 1.3962  Gate: 0.7924
Episode 648  Reward:   0.063162  Wealth:    114378.10  Turnover: 0.3074  Gross: 1.3820  Gate: 0.7640
Episode 649  Reward:   0.266018  Wealth:    153788.21  Turnover: 0.5675  Gross: 1.3913  Gate: 0.7826
Episode 650  Reward:  -0.076551  Wealth:    100539.62  Turnover: 0.5884  Gross: 1.3883  Gate: 0.7765
Episode    650  AvgReward:   0.156545  Noise: 0.0409
Episode 651  Reward:   0.211085  Wealth:    139916.61  Turnover: 0.5295  Gross: 1.3946  Gate: 0.7892
Episode 652  Reward:   0.044470  Wealth:    113208.84  Turnover: 0.4400  Gross: 1.3732  Gate: 0.7465
Episode 653  Reward:   0.002337  Wealth:    112653.91  Turnover: 0.6389  Gross: 1.3784  Gate: 0.7567
Episode 654  Reward:   0.082015  Wealth:    118389.66  Turnover: 0.5200  Gross: 1.3785  Gate: 0.7569
Episode 655  Reward:   0.059852  Wealth:    114596.99  Turnover: 0.5308  Gross: 1.3933  Gate: 0.7867
Episode 656  Reward:   0.227301  Wealth:    143628.81  Turnover: 0.5697  Gross: 1.3993  Gate: 0.7987
Episode 657  Reward:   0.088292  Wealth:    117582.10  Turnover: 0.2939  Gross: 1.3989  Gate: 0.7977
Episode 658  Reward:   0.075754  Wealth:    118391.22  Turnover: 0.5928  Gross: 1.3990  Gate: 0.7980
Episode 659  Reward:   0.104387  Wealth:    123158.44  Turnover: 0.7043  Gross: 1.3909  Gate: 0.7818
Episode 660  Reward:   0.033075  Wealth:    111777.92  Turnover: 0.4982  Gross: 1.3858  Gate: 0.7717
Episode    660  AvgReward:   0.092857  Noise: 0.0401
Episode 661  Reward:   0.290650  Wealth:    157132.80  Turnover: 0.5377  Gross: 1.4018  Gate: 0.8036
Episode 662  Reward:   0.319915  Wealth:    163659.98  Turnover: 0.5303  Gross: 1.3924  Gate: 0.7849
Episode 663  Reward:   0.143509  Wealth:    128954.03  Turnover: 0.6656  Gross: 1.3856  Gate: 0.7712
Episode 664  Reward:   0.108651  Wealth:    122492.21  Turnover: 0.4747  Gross: 1.3997  Gate: 0.7995
Episode 665  Reward:   0.143929  Wealth:    127531.04  Turnover: 0.5341  Gross: 1.4024  Gate: 0.8048
Episode 666  Reward:   0.068096  Wealth:    115902.24  Turnover: 0.5162  Gross: 1.4032  Gate: 0.8064
Episode 667  Reward:   0.111211  Wealth:    123334.58  Turnover: 0.4647  Gross: 1.3771  Gate: 0.7543
Episode 668  Reward:   0.087353  Wealth:    119594.92  Turnover: 0.4860  Gross: 1.4027  Gate: 0.8055
Episode 669  Reward:   0.031250  Wealth:    112157.21  Turnover: 0.5477  Gross: 1.3958  Gate: 0.7917
Episode 670  Reward:   0.295202  Wealth:    159120.27  Turnover: 0.5213  Gross: 1.3917  Gate: 0.7834
Episode    670  AvgReward:   0.159976  Noise: 0.0393
Episode 671  Reward:   0.101220  Wealth:    120564.38  Turnover: 0.4365  Gross: 1.3958  Gate: 0.7916
Episode 672  Reward:   0.199393  Wealth:    138084.98  Turnover: 0.6505  Gross: 1.3998  Gate: 0.7996
Episode 673  Reward:   0.036971  Wealth:    112988.42  Turnover: 0.4411  Gross: 1.4044  Gate: 0.8089
Episode 674  Reward:   0.312254  Wealth:    163078.99  Turnover: 0.4472  Gross: 1.3942  Gate: 0.7884
Episode 675  Reward:   0.240922  Wealth:    146474.22  Turnover: 0.3979  Gross: 1.3870  Gate: 0.7741
Episode 676  Reward:   0.045868  Wealth:    117413.20  Turnover: 0.5966  Gross: 1.3892  Gate: 0.7784
Episode 677  Reward:   0.216363  Wealth:    140056.95  Turnover: 0.4517  Gross: 1.3935  Gate: 0.7870
Episode 678  Reward:  -0.126513  Wealth:     95649.58  Turnover: 0.5327  Gross: 1.3937  Gate: 0.7873
Episode 679  Reward:   0.159083  Wealth:    129196.04  Turnover: 0.4519  Gross: 1.4038  Gate: 0.8076
Episode 680  Reward:   0.264702  Wealth:    151750.42  Turnover: 0.4176  Gross: 1.3809  Gate: 0.7619
Episode    680  AvgReward:   0.145026  Noise: 0.0385
Episode 681  Reward:   0.341054  Wealth:    172053.12  Turnover: 0.4101  Gross: 1.3934  Gate: 0.7868
Episode 682  Reward:   0.148504  Wealth:    130218.31  Turnover: 0.4629  Gross: 1.3960  Gate: 0.7921
Episode 683  Reward:   0.252669  Wealth:    147710.50  Turnover: 0.3956  Gross: 1.3957  Gate: 0.7913
Episode 684  Reward:   0.134960  Wealth:    126798.91  Turnover: 0.3711  Gross: 1.3930  Gate: 0.7861
Episode 685  Reward:   0.144667  Wealth:    126111.83  Turnover: 0.3743  Gross: 1.3963  Gate: 0.7927
Episode 686  Reward:  -0.036571  Wealth:    107659.26  Turnover: 0.3798  Gross: 1.3551  Gate: 0.7102
Episode 687  Reward:   0.137179  Wealth:    126677.27  Turnover: 0.4908  Gross: 1.3959  Gate: 0.7919
Episode 688  Reward:   0.020738  Wealth:    111138.93  Turnover: 0.6495  Gross: 1.3925  Gate: 0.7851
Episode 689  Reward:   0.166890  Wealth:    132179.64  Turnover: 0.5657  Gross: 1.3995  Gate: 0.7989
Episode 690  Reward:   0.031280  Wealth:    112805.41  Turnover: 0.4073  Gross: 1.4004  Gate: 0.8008
Episode    690  AvgReward:   0.134137  Noise: 0.0378
Episode 691  Reward:   0.112739  Wealth:    120755.04  Turnover: 0.4521  Gross: 1.3910  Gate: 0.7820
Episode 692  Reward:   0.075754  Wealth:    117098.38  Turnover: 0.4507  Gross: 1.4048  Gate: 0.8096
Episode 693  Reward:   0.075859  Wealth:    118438.67  Turnover: 0.7097  Gross: 1.3910  Gate: 0.7819
Episode 694  Reward:   0.306136  Wealth:    162097.50  Turnover: 0.5025  Gross: 1.3773  Gate: 0.7545
Episode 695  Reward:   0.174587  Wealth:    132414.98  Turnover: 0.4272  Gross: 1.3934  Gate: 0.7869
Episode 696  Reward:   0.194025  Wealth:    135119.23  Turnover: 0.3814  Gross: 1.3981  Gate: 0.7963
Episode 697  Reward:  -0.104162  Wealth:     99837.82  Turnover: 0.6434  Gross: 1.3734  Gate: 0.7467
Episode 698  Reward:   0.247035  Wealth:    147753.20  Turnover: 0.7049  Gross: 1.3968  Gate: 0.7935
Episode 699  Reward:   0.199583  Wealth:    138442.07  Turnover: 0.4306  Gross: 1.3964  Gate: 0.7927
Episode 700  Reward:   0.065124  Wealth:    114944.94  Turnover: 0.3177  Gross: 1.4054  Gate: 0.8108
Episode    700  AvgReward:   0.134668  Noise: 0.0370
Episode 701  Reward:   0.045414  Wealth:    113355.55  Turnover: 0.4945  Gross: 1.4019  Gate: 0.8038
Episode 702  Reward:   0.162521  Wealth:    130140.16  Turnover: 0.3366  Gross: 1.3942  Gate: 0.7884
Episode 703  Reward:  -0.031318  Wealth:    105177.84  Turnover: 0.4820  Gross: 1.3937  Gate: 0.7875
Episode 704  Reward:   0.289773  Wealth:    157963.30  Turnover: 0.7699  Gross: 1.3995  Gate: 0.7990
Episode 705  Reward:   0.168259  Wealth:    131018.61  Turnover: 0.4104  Gross: 1.3950  Gate: 0.7900
Episode 706  Reward:   0.187085  Wealth:    135285.97  Turnover: 0.5562  Gross: 1.3986  Gate: 0.7973
Episode 707  Reward:   0.280988  Wealth:    155411.71  Turnover: 0.3433  Gross: 1.3987  Gate: 0.7974
Episode 708  Reward:  -0.022120  Wealth:    105546.90  Turnover: 0.6435  Gross: 1.3950  Gate: 0.7901
Episode 709  Reward:   0.188383  Wealth:    136105.21  Turnover: 0.3259  Gross: 1.3932  Gate: 0.7864
Episode 710  Reward:  -0.148957  Wealth:     94455.28  Turnover: 0.7058  Gross: 1.3794  Gate: 0.7588
Episode    710  AvgReward:   0.112003  Noise: 0.0363
Episode 711  Reward:   0.125054  Wealth:    124451.15  Turnover: 0.5493  Gross: 1.4008  Gate: 0.8016
Episode 712  Reward:   0.060170  Wealth:    114999.43  Turnover: 0.3758  Gross: 1.4026  Gate: 0.8053
Episode 713  Reward:  -0.207461  Wealth:     88457.87  Turnover: 0.6228  Gross: 1.3898  Gate: 0.7796
Episode 714  Reward:   0.180191  Wealth:    133903.27  Turnover: 0.3667  Gross: 1.3800  Gate: 0.7601
Episode 715  Reward:  -0.072422  Wealth:    100189.76  Turnover: 0.5115  Gross: 1.3829  Gate: 0.7657
Episode 716  Reward:   0.124632  Wealth:    122897.23  Turnover: 0.4678  Gross: 1.3972  Gate: 0.7945
Episode 717  Reward:   0.247895  Wealth:    146807.45  Turnover: 0.5286  Gross: 1.3998  Gate: 0.7996
Episode 718  Reward:   0.179517  Wealth:    134622.62  Turnover: 0.5473  Gross: 1.3950  Gate: 0.7900
Episode 719  Reward:   0.097475  Wealth:    121850.16  Turnover: 0.5602  Gross: 1.3971  Gate: 0.7942
Episode 720  Reward:   0.132085  Wealth:    125182.88  Turnover: 0.2754  Gross: 1.3949  Gate: 0.7898
Episode    720  AvgReward:   0.086714  Noise: 0.0356
Episode 721  Reward:   0.096253  Wealth:    118911.85  Turnover: 0.3721  Gross: 1.3951  Gate: 0.7902
Episode 722  Reward:   0.029258  Wealth:    112066.77  Turnover: 0.6549  Gross: 1.3968  Gate: 0.7936
Episode 723  Reward:   0.297632  Wealth:    162081.04  Turnover: 0.5115  Gross: 1.4073  Gate: 0.8146
Episode 724  Reward:   0.077366  Wealth:    118351.61  Turnover: 0.6307  Gross: 1.4066  Gate: 0.8132
Episode 725  Reward:   0.202626  Wealth:    139718.36  Turnover: 0.4135  Gross: 1.3853  Gate: 0.7705
Episode 726  Reward:  -0.008063  Wealth:    106113.75  Turnover: 0.3549  Gross: 1.3950  Gate: 0.7899
Episode 727  Reward:   0.080927  Wealth:    118584.14  Turnover: 0.5429  Gross: 1.3974  Gate: 0.7947
Episode 728  Reward:   0.216924  Wealth:    139845.85  Turnover: 0.4514  Gross: 1.3974  Gate: 0.7948
Episode 729  Reward:  -0.095117  Wealth:     98028.23  Turnover: 0.4206  Gross: 1.3942  Gate: 0.7884
Episode 730  Reward:   0.022614  Wealth:    110325.70  Turnover: 0.5218  Gross: 1.4024  Gate: 0.8047
Episode    730  AvgReward:   0.092042  Noise: 0.0349
Episode 731  Reward:   0.069673  Wealth:    117235.31  Turnover: 0.5294  Gross: 1.4010  Gate: 0.8020
Episode 732  Reward:   0.213070  Wealth:    139692.03  Turnover: 0.4017  Gross: 1.3931  Gate: 0.7861
Episode 733  Reward:   0.206138  Wealth:    140194.58  Turnover: 0.6241  Gross: 1.4044  Gate: 0.8088
Episode 734  Reward:   0.165387  Wealth:    131414.29  Turnover: 0.5692  Gross: 1.3949  Gate: 0.7897
Episode 735  Reward:   0.179513  Wealth:    134193.61  Turnover: 0.3902  Gross: 1.4017  Gate: 0.8034
Episode 736  Reward:   0.134785  Wealth:    127056.95  Turnover: 0.4776  Gross: 1.3939  Gate: 0.7878
Episode 737  Reward:  -0.044047  Wealth:    104104.72  Turnover: 0.4387  Gross: 1.4010  Gate: 0.8019
Episode 738  Reward:   0.260605  Wealth:    151459.84  Turnover: 0.3920  Gross: 1.3918  Gate: 0.7835
Episode 739  Reward:   0.241173  Wealth:    147582.04  Turnover: 0.5602  Gross: 1.3911  Gate: 0.7822
Episode 740  Reward:   0.193132  Wealth:    136824.90  Turnover: 0.5162  Gross: 1.4015  Gate: 0.8030
Episode    740  AvgReward:   0.161943  Noise: 0.0342
Episode 741  Reward:   0.198842  Wealth:    139415.79  Turnover: 0.4511  Gross: 1.3858  Gate: 0.7716
Episode 742  Reward:   0.205772  Wealth:    139403.02  Turnover: 0.5731  Gross: 1.4004  Gate: 0.8007
Episode 743  Reward:   0.177699  Wealth:    134012.29  Turnover: 0.3807  Gross: 1.3922  Gate: 0.7844
Episode 744  Reward:   0.006418  Wealth:    108701.83  Turnover: 0.4307  Gross: 1.3938  Gate: 0.7876
Episode 745  Reward:   0.045772  Wealth:    113232.71  Turnover: 0.4425  Gross: 1.4054  Gate: 0.8108
Episode 746  Reward:   0.002442  Wealth:    108600.66  Turnover: 0.4550  Gross: 1.3729  Gate: 0.7458
Episode 747  Reward:   0.088251  Wealth:    120070.81  Turnover: 0.4042  Gross: 1.3875  Gate: 0.7749
Episode 748  Reward:   0.164361  Wealth:    130094.31  Turnover: 0.3956  Gross: 1.4073  Gate: 0.8145
Episode 749  Reward:  -0.003192  Wealth:    108650.68  Turnover: 0.3625  Gross: 1.3989  Gate: 0.7977
Episode 750  Reward:  -0.074110  Wealth:    100053.35  Turnover: 0.4932  Gross: 1.3907  Gate: 0.7815
Episode    750  AvgReward:   0.081225  Noise: 0.0335
Episode 751  Reward:   0.241679  Wealth:    146189.31  Turnover: 0.5051  Gross: 1.3999  Gate: 0.7999
Episode 752  Reward:  -0.019420  Wealth:    104973.65  Turnover: 0.4326  Gross: 1.3986  Gate: 0.7973
Episode 753  Reward:  -0.148118  Wealth:     93984.21  Turnover: 0.7324  Gross: 1.4008  Gate: 0.8016
Episode 754  Reward:   0.082371  Wealth:    118683.51  Turnover: 0.5843  Gross: 1.4074  Gate: 0.8149
Episode 755  Reward:   0.100824  Wealth:    120599.71  Turnover: 0.4562  Gross: 1.3892  Gate: 0.7784
Episode 756  Reward:   0.272518  Wealth:    153430.52  Turnover: 0.3558  Gross: 1.3969  Gate: 0.7937
Episode 757  Reward:   0.211420  Wealth:    139975.71  Turnover: 0.4081  Gross: 1.3991  Gate: 0.7982
Episode 758  Reward:   0.283138  Wealth:    155783.05  Turnover: 0.4682  Gross: 1.4048  Gate: 0.8095
Episode 759  Reward:   0.078370  Wealth:    116895.99  Turnover: 0.3806  Gross: 1.4026  Gate: 0.8053
Episode 760  Reward:   0.065185  Wealth:    117425.31  Turnover: 0.4087  Gross: 1.4053  Gate: 0.8106
Episode    760  AvgReward:   0.116797  Noise: 0.0328
Episode 761  Reward:   0.185388  Wealth:    134637.51  Turnover: 0.3727  Gross: 1.3903  Gate: 0.7807
Episode 762  Reward:   0.176666  Wealth:    133448.94  Turnover: 0.2634  Gross: 1.3863  Gate: 0.7727
Episode 763  Reward:   0.133120  Wealth:    126072.46  Turnover: 0.4632  Gross: 1.4047  Gate: 0.8093
Episode 764  Reward:   0.146219  Wealth:    129419.44  Turnover: 0.6145  Gross: 1.4068  Gate: 0.8135
Episode 765  Reward:   0.168161  Wealth:    132155.86  Turnover: 0.4349  Gross: 1.3985  Gate: 0.7970
Episode 766  Reward:   0.131797  Wealth:    126302.57  Turnover: 0.4803  Gross: 1.3871  Gate: 0.7742
Episode 767  Reward:   0.215019  Wealth:    142930.53  Turnover: 0.4879  Gross: 1.3949  Gate: 0.7898
Episode 768  Reward:   0.179119  Wealth:    133949.62  Turnover: 0.3198  Gross: 1.3958  Gate: 0.7916
Episode 769  Reward:   0.094107  Wealth:    120018.73  Turnover: 0.4388  Gross: 1.3962  Gate: 0.7923
Episode 770  Reward:   0.109843  Wealth:    122627.68  Turnover: 0.4482  Gross: 1.4019  Gate: 0.8038
Episode    770  AvgReward:   0.153944  Noise: 0.0322
Episode 771  Reward:  -0.114691  Wealth:     95641.92  Turnover: 0.3803  Gross: 1.3947  Gate: 0.7894
Episode 772  Reward:   0.083887  Wealth:    119565.72  Turnover: 0.6758  Gross: 1.3811  Gate: 0.7623
Episode 773  Reward:   0.273814  Wealth:    153258.40  Turnover: 0.4272  Gross: 1.4027  Gate: 0.8055
Episode 774  Reward:   0.214906  Wealth:    141255.87  Turnover: 0.3344  Gross: 1.4061  Gate: 0.8122
Episode 775  Reward:   0.185734  Wealth:    135190.78  Turnover: 0.4509  Gross: 1.3992  Gate: 0.7983
Episode 776  Reward:   0.010096  Wealth:    109131.92  Turnover: 0.5099  Gross: 1.3862  Gate: 0.7724
Episode 777  Reward:   0.048203  Wealth:    115071.93  Turnover: 0.4990  Gross: 1.3997  Gate: 0.7994
Episode 778  Reward:   0.087430  Wealth:    119344.98  Turnover: 0.3777  Gross: 1.3980  Gate: 0.7959
Episode 779  Reward:   0.333376  Wealth:    171729.69  Turnover: 0.5128  Gross: 1.3990  Gate: 0.7980
Episode 780  Reward:   0.126092  Wealth:    126245.70  Turnover: 0.6501  Gross: 1.4036  Gate: 0.8072
Episode    780  AvgReward:   0.124885  Noise: 0.0315
Episode 781  Reward:   0.047794  Wealth:    114582.70  Turnover: 0.4634  Gross: 1.4042  Gate: 0.8085
Episode 782  Reward:  -0.018505  Wealth:    107015.81  Turnover: 0.4971  Gross: 1.3885  Gate: 0.7769
Episode 783  Reward:   0.182672  Wealth:    136337.31  Turnover: 0.4923  Gross: 1.3976  Gate: 0.7951
Episode 784  Reward:   0.310980  Wealth:    165652.33  Turnover: 0.4861  Gross: 1.3855  Gate: 0.7709
Episode 785  Reward:   0.300975  Wealth:    162305.67  Turnover: 0.3975  Gross: 1.4031  Gate: 0.8062
Episode 786  Reward:   0.094202  Wealth:    121771.45  Turnover: 0.4676  Gross: 1.3997  Gate: 0.7994
Episode 787  Reward:   0.025476  Wealth:    110316.20  Turnover: 0.4343  Gross: 1.3950  Gate: 0.7899
Episode 788  Reward:   0.096874  Wealth:    118730.39  Turnover: 0.2775  Gross: 1.3901  Gate: 0.7801
Episode 789  Reward:  -0.005153  Wealth:    107669.42  Turnover: 0.5999  Gross: 1.3974  Gate: 0.7949
Episode 790  Reward:   0.209403  Wealth:    140232.58  Turnover: 0.5274  Gross: 1.3886  Gate: 0.7772
Episode    790  AvgReward:   0.124472  Noise: 0.0309
Episode 791  Reward:   0.148070  Wealth:    129984.73  Turnover: 0.3087  Gross: 1.3955  Gate: 0.7910
Episode 792  Reward:   0.110965  Wealth:    122856.69  Turnover: 0.4023  Gross: 1.3979  Gate: 0.7959
Episode 793  Reward:   0.148836  Wealth:    127545.98  Turnover: 0.3115  Gross: 1.3992  Gate: 0.7984
Episode 794  Reward:   0.173944  Wealth:    135129.99  Turnover: 0.4947  Gross: 1.4018  Gate: 0.8037
Episode 795  Reward:  -0.038260  Wealth:    103921.99  Turnover: 0.4444  Gross: 1.4002  Gate: 0.8004
Episode 796  Reward:   0.139434  Wealth:    126297.49  Turnover: 0.4090  Gross: 1.4069  Gate: 0.8139
Episode 797  Reward:   0.056074  Wealth:    114954.96  Turnover: 0.4559  Gross: 1.3908  Gate: 0.7815
Episode 798  Reward:   0.271253  Wealth:    153987.82  Turnover: 0.4476  Gross: 1.3836  Gate: 0.7673
Episode 799  Reward:   0.201934  Wealth:    139001.34  Turnover: 0.2930  Gross: 1.3985  Gate: 0.7970
Episode 800  Reward:   0.263592  Wealth:    150925.13  Turnover: 0.3232  Gross: 1.4023  Gate: 0.8045
Episode    800  AvgReward:   0.147584  Noise: 0.0303
Episode 801  Reward:   0.270657  Wealth:    154855.57  Turnover: 0.4002  Gross: 1.3963  Gate: 0.7926
Episode 802  Reward:   0.090408  Wealth:    120635.22  Turnover: 0.3626  Gross: 1.3938  Gate: 0.7877
Episode 803  Reward:   0.164827  Wealth:    131382.16  Turnover: 0.4461  Gross: 1.4048  Gate: 0.8096
Episode 804  Reward:   0.060682  Wealth:    116370.42  Turnover: 0.4958  Gross: 1.3974  Gate: 0.7948
Episode 805  Reward:  -0.010785  Wealth:    108408.45  Turnover: 0.5359  Gross: 1.3966  Gate: 0.7932
Episode 806  Reward:   0.308258  Wealth:    163469.83  Turnover: 0.4973  Gross: 1.3992  Gate: 0.7984
Episode 807  Reward:   0.307388  Wealth:    162747.75  Turnover: 0.4174  Gross: 1.3987  Gate: 0.7974
Episode 808  Reward:   0.184897  Wealth:    133870.75  Turnover: 0.2688  Gross: 1.3822  Gate: 0.7643
Episode 809  Reward:   0.080660  Wealth:    118219.78  Turnover: 0.6646  Gross: 1.4064  Gate: 0.8128
Episode 810  Reward:  -0.226272  Wealth:     86088.48  Turnover: 0.3528  Gross: 1.3898  Gate: 0.7795
Episode    810  AvgReward:   0.123072  Noise: 0.0297
Episode 811  Reward:   0.097082  Wealth:    118828.98  Turnover: 0.4351  Gross: 1.3972  Gate: 0.7944
Episode 812  Reward:   0.256017  Wealth:    149984.55  Turnover: 0.4107  Gross: 1.4055  Gate: 0.8111
Episode 813  Reward:   0.014115  Wealth:    109869.27  Turnover: 0.4318  Gross: 1.4068  Gate: 0.8136
Episode 814  Reward:   0.214086  Wealth:    138215.12  Turnover: 0.4783  Gross: 1.3975  Gate: 0.7950
Episode 815  Reward:   0.262005  Wealth:    149673.22  Turnover: 0.3295  Gross: 1.4055  Gate: 0.8110
Episode 816  Reward:   0.138244  Wealth:    129257.89  Turnover: 0.2922  Gross: 1.4005  Gate: 0.8009
Episode 817  Reward:   0.113351  Wealth:    124665.75  Turnover: 0.4710  Gross: 1.3913  Gate: 0.7825
Episode 818  Reward:   0.234542  Wealth:    146462.25  Turnover: 0.5963  Gross: 1.3907  Gate: 0.7814
Episode 819  Reward:  -0.015350  Wealth:    105869.84  Turnover: 0.5346  Gross: 1.3998  Gate: 0.7995
Episode 820  Reward:  -0.030387  Wealth:    105027.32  Turnover: 0.4543  Gross: 1.3921  Gate: 0.7841
Episode    820  AvgReward:   0.128370  Noise: 0.0291
Episode 821  Reward:   0.093232  Wealth:    119995.72  Turnover: 0.6246  Gross: 1.3859  Gate: 0.7719
Episode 822  Reward:   0.075566  Wealth:    118135.82  Turnover: 0.4639  Gross: 1.3981  Gate: 0.7962
Episode 823  Reward:   0.266555  Wealth:    152727.09  Turnover: 0.4777  Gross: 1.4010  Gate: 0.8020
Episode 824  Reward:   0.171156  Wealth:    133484.63  Turnover: 0.5375  Gross: 1.3964  Gate: 0.7929
Episode 825  Reward:   0.271008  Wealth:    154152.23  Turnover: 0.3154  Gross: 1.3954  Gate: 0.7908
Episode 826  Reward:   0.050143  Wealth:    114697.80  Turnover: 0.5078  Gross: 1.4103  Gate: 0.8206
Episode 827  Reward:   0.344273  Wealth:    175166.37  Turnover: 0.3362  Gross: 1.3974  Gate: 0.7948
Episode 828  Reward:  -0.019644  Wealth:    105728.80  Turnover: 0.2286  Gross: 1.3923  Gate: 0.7847
Episode 829  Reward:   0.204390  Wealth:    136535.32  Turnover: 0.3118  Gross: 1.4037  Gate: 0.8074
Episode 830  Reward:   0.178682  Wealth:    133643.68  Turnover: 0.4612  Gross: 1.4056  Gate: 0.8112
Episode    830  AvgReward:   0.163536  Noise: 0.0285
Episode 831  Reward:   0.253376  Wealth:    149705.33  Turnover: 0.5729  Gross: 1.4016  Gate: 0.8031
Episode 832  Reward:   0.340169  Wealth:    174160.63  Turnover: 0.4294  Gross: 1.3903  Gate: 0.7807
Episode 833  Reward:   0.110135  Wealth:    122496.45  Turnover: 0.4361  Gross: 1.3967  Gate: 0.7933
Episode 834  Reward:   0.272186  Wealth:    155318.53  Turnover: 0.3372  Gross: 1.3991  Gate: 0.7983
Episode 835  Reward:   0.260618  Wealth:    150143.08  Turnover: 0.2463  Gross: 1.3939  Gate: 0.7878
Episode 836  Reward:   0.241755  Wealth:    148629.74  Turnover: 0.4154  Gross: 1.3965  Gate: 0.7930
Episode 837  Reward:  -0.299041  Wealth:     81656.05  Turnover: 0.4641  Gross: 1.3879  Gate: 0.7759
Episode 838  Reward:   0.130643  Wealth:    127348.16  Turnover: 0.4953  Gross: 1.3942  Gate: 0.7884
Episode 839  Reward:  -0.061225  Wealth:    101057.99  Turnover: 0.4445  Gross: 1.3965  Gate: 0.7929
Episode 840  Reward:   0.235521  Wealth:    146432.62  Turnover: 0.2805  Gross: 1.3886  Gate: 0.7772
Episode    840  AvgReward:   0.148414  Noise: 0.0280
Episode 841  Reward:   0.143979  Wealth:    128702.67  Turnover: 0.3812  Gross: 1.4043  Gate: 0.8086
Episode 842  Reward:   0.089992  Wealth:    120985.84  Turnover: 0.4698  Gross: 1.4042  Gate: 0.8084
Episode 843  Reward:  -0.037307  Wealth:    104734.11  Turnover: 0.4512  Gross: 1.4036  Gate: 0.8071
Episode 844  Reward:   0.240051  Wealth:    144930.99  Turnover: 0.3506  Gross: 1.3956  Gate: 0.7911
Episode 845  Reward:   0.085373  Wealth:    119585.12  Turnover: 0.4108  Gross: 1.4035  Gate: 0.8070
Episode 846  Reward:   0.173775  Wealth:    135066.01  Turnover: 0.2922  Gross: 1.4003  Gate: 0.8005
Episode 847  Reward:   0.279184  Wealth:    155744.50  Turnover: 0.4513  Gross: 1.4049  Gate: 0.8099
Episode 848  Reward:  -0.119308  Wealth:     96193.73  Turnover: 0.3816  Gross: 1.4031  Gate: 0.8062
Episode 849  Reward:   0.291282  Wealth:    158445.70  Turnover: 0.2249  Gross: 1.3975  Gate: 0.7951
Episode 850  Reward:  -0.008656  Wealth:    105721.07  Turnover: 0.3532  Gross: 1.3981  Gate: 0.7962
Episode    850  AvgReward:   0.113837  Noise: 0.0274
Episode 851  Reward:  -0.023074  Wealth:    105805.53  Turnover: 0.2500  Gross: 1.4037  Gate: 0.8074
Episode 852  Reward:   0.162193  Wealth:    132895.81  Turnover: 0.5179  Gross: 1.3988  Gate: 0.7975
Episode 853  Reward:   0.260182  Wealth:    153234.41  Turnover: 0.4446  Gross: 1.3884  Gate: 0.7769
Episode 854  Reward:   0.220502  Wealth:    142984.03  Turnover: 0.3172  Gross: 1.4060  Gate: 0.8120
Episode 855  Reward:   0.221415  Wealth:    145956.03  Turnover: 0.3538  Gross: 1.3959  Gate: 0.7919
Episode 856  Reward:   0.016923  Wealth:    111690.35  Turnover: 0.3490  Gross: 1.3994  Gate: 0.7988
Episode 857  Reward:   0.257986  Wealth:    151934.58  Turnover: 0.3912  Gross: 1.3973  Gate: 0.7945
Episode 858  Reward:   0.182997  Wealth:    135363.98  Turnover: 0.3980  Gross: 1.4040  Gate: 0.8081
Episode 859  Reward:   0.278173  Wealth:    154677.65  Turnover: 0.3111  Gross: 1.4025  Gate: 0.8051
Episode 860  Reward:   0.244687  Wealth:    149692.61  Turnover: 0.4476  Gross: 1.4038  Gate: 0.8076
Episode    860  AvgReward:   0.182198  Noise: 0.0269
Episode 861  Reward:   0.174691  Wealth:    135547.52  Turnover: 0.3672  Gross: 1.3969  Gate: 0.7938
Episode 862  Reward:   0.058589  Wealth:    116226.27  Turnover: 0.3700  Gross: 1.3923  Gate: 0.7846
Episode 863  Reward:   0.055204  Wealth:    114633.59  Turnover: 0.4140  Gross: 1.3978  Gate: 0.7957
Episode 864  Reward:   0.030249  Wealth:    113186.58  Turnover: 0.6015  Gross: 1.4099  Gate: 0.8199
Episode 865  Reward:  -0.128334  Wealth:     94968.91  Turnover: 0.3786  Gross: 1.3818  Gate: 0.7636
Episode 866  Reward:   0.175421  Wealth:    135614.33  Turnover: 0.3480  Gross: 1.4033  Gate: 0.8065
Episode 867  Reward:   0.024865  Wealth:    112857.81  Turnover: 0.5983  Gross: 1.4066  Gate: 0.8133
Episode 868  Reward:   0.232280  Wealth:    146943.49  Turnover: 0.2913  Gross: 1.4022  Gate: 0.8045
Episode 869  Reward:   0.081091  Wealth:    119693.81  Turnover: 0.3248  Gross: 1.3986  Gate: 0.7972
Episode 870  Reward:   0.178706  Wealth:    133104.11  Turnover: 0.3321  Gross: 1.3812  Gate: 0.7624
Episode    870  AvgReward:   0.088276  Noise: 0.0263
Episode 871  Reward:   0.044232  Wealth:    113949.50  Turnover: 0.4840  Gross: 1.4011  Gate: 0.8022
Episode 872  Reward:   0.245984  Wealth:    151278.15  Turnover: 0.5106  Gross: 1.3994  Gate: 0.7988
Episode 873  Reward:   0.104589  Wealth:    125196.78  Turnover: 0.3165  Gross: 1.4056  Gate: 0.8112
Episode 874  Reward:  -0.115274  Wealth:     96823.33  Turnover: 0.5062  Gross: 1.3899  Gate: 0.7798
Episode 875  Reward:   0.206696  Wealth:    141452.05  Turnover: 0.3939  Gross: 1.3957  Gate: 0.7914
Episode 876  Reward:  -0.115537  Wealth:     96130.80  Turnover: 0.4598  Gross: 1.3865  Gate: 0.7729
Episode 877  Reward:   0.195913  Wealth:    140644.60  Turnover: 0.2986  Gross: 1.4028  Gate: 0.8057
Episode 878  Reward:   0.062933  Wealth:    116575.97  Turnover: 0.3967  Gross: 1.3994  Gate: 0.7987
Episode 879  Reward:   0.105546  Wealth:    124712.70  Turnover: 0.3971  Gross: 1.3985  Gate: 0.7970
Episode 880  Reward:  -0.331968  Wealth:     80468.31  Turnover: 0.5908  Gross: 1.3996  Gate: 0.7992
Episode    880  AvgReward:   0.040311  Noise: 0.0258
Episode 881  Reward:   0.281024  Wealth:    158194.26  Turnover: 0.2607  Gross: 1.3917  Gate: 0.7834
Episode 882  Reward:   0.154208  Wealth:    131315.17  Turnover: 0.3449  Gross: 1.3995  Gate: 0.7991
Episode 883  Reward:   0.080755  Wealth:    116982.97  Turnover: 0.4020  Gross: 1.3884  Gate: 0.7768
Episode 884  Reward:  -0.156296  Wealth:     92211.32  Turnover: 0.3925  Gross: 1.3853  Gate: 0.7705
Episode 885  Reward:   0.159365  Wealth:    133961.83  Turnover: 0.4246  Gross: 1.4019  Gate: 0.8038
Episode 886  Reward:  -0.032813  Wealth:    105513.08  Turnover: 0.2811  Gross: 1.3954  Gate: 0.7908
Episode 887  Reward:   0.299235  Wealth:    162400.27  Turnover: 0.5428  Gross: 1.4021  Gate: 0.8042
Episode 888  Reward:   0.274315  Wealth:    155990.43  Turnover: 0.3859  Gross: 1.3974  Gate: 0.7949
Episode 889  Reward:   0.144598  Wealth:    127168.31  Turnover: 0.2641  Gross: 1.4026  Gate: 0.8052
Episode 890  Reward:  -0.103879  Wealth:     98598.04  Turnover: 0.2700  Gross: 1.3902  Gate: 0.7804
Episode    890  AvgReward:   0.110051  Noise: 0.0253
Episode 891  Reward:   0.203351  Wealth:    141787.98  Turnover: 0.4447  Gross: 1.4008  Gate: 0.8016
Episode 892  Reward:   0.109581  Wealth:    122599.67  Turnover: 0.2341  Gross: 1.3988  Gate: 0.7975
Episode 893  Reward:  -0.027756  Wealth:    107044.48  Turnover: 0.4247  Gross: 1.3989  Gate: 0.7977
Episode 894  Reward:   0.061642  Wealth:    117427.17  Turnover: 0.3716  Gross: 1.3957  Gate: 0.7913
Episode 895  Reward:   0.209573  Wealth:    139720.61  Turnover: 0.4195  Gross: 1.3980  Gate: 0.7960
Episode 896  Reward:   0.267709  Wealth:    155142.70  Turnover: 0.2911  Gross: 1.3987  Gate: 0.7974
Episode 897  Reward:   0.058284  Wealth:    116208.83  Turnover: 0.4280  Gross: 1.4000  Gate: 0.8001
Episode 898  Reward:   0.158098  Wealth:    131556.17  Turnover: 0.3323  Gross: 1.3960  Gate: 0.7921
Episode 899  Reward:   0.196536  Wealth:    140521.51  Turnover: 0.4050  Gross: 1.3876  Gate: 0.7753
Episode 900  Reward:   0.188689  Wealth:    136242.50  Turnover: 0.2803  Gross: 1.3959  Gate: 0.7918
Episode    900  AvgReward:   0.142571  Noise: 0.0248
Episode 901  Reward:   0.140682  Wealth:    130633.95  Turnover: 0.3046  Gross: 1.3979  Gate: 0.7959
Episode 902  Reward:   0.147948  Wealth:    130767.83  Turnover: 0.3652  Gross: 1.3959  Gate: 0.7917
Episode 903  Reward:  -0.075898  Wealth:    100762.05  Turnover: 0.3931  Gross: 1.4041  Gate: 0.8081
Episode 904  Reward:   0.180298  Wealth:    136921.89  Turnover: 0.3682  Gross: 1.3943  Gate: 0.7886
Episode 905  Reward:  -0.006734  Wealth:    109994.61  Turnover: 0.3943  Gross: 1.4004  Gate: 0.8008
Episode 906  Reward:   0.050797  Wealth:    116167.51  Turnover: 0.4587  Gross: 1.4043  Gate: 0.8087
Episode 907  Reward:   0.248494  Wealth:    152982.28  Turnover: 0.2834  Gross: 1.3986  Gate: 0.7971
Episode 908  Reward:   0.026901  Wealth:    112862.42  Turnover: 0.5569  Gross: 1.3992  Gate: 0.7983
Episode 909  Reward:   0.236283  Wealth:    149666.49  Turnover: 0.3681  Gross: 1.4015  Gate: 0.8030
Episode 910  Reward:   0.170767  Wealth:    130537.30  Turnover: 0.3702  Gross: 1.3970  Gate: 0.7939
Episode    910  AvgReward:   0.111954  Noise: 0.0243
Episode 911  Reward:   0.126514  Wealth:    126225.33  Turnover: 0.4506  Gross: 1.4059  Gate: 0.8117
Episode 912  Reward:   0.123844  Wealth:    128339.92  Turnover: 0.6396  Gross: 1.4067  Gate: 0.8134
Episode 913  Reward:   0.091234  Wealth:    119837.72  Turnover: 0.4797  Gross: 1.3964  Gate: 0.7928
Episode 914  Reward:   0.060385  Wealth:    115996.13  Turnover: 0.5600  Gross: 1.3896  Gate: 0.7791
Episode 915  Reward:   0.232048  Wealth:    146630.32  Turnover: 0.4487  Gross: 1.4005  Gate: 0.8011
Episode 916  Reward:   0.175329  Wealth:    133630.19  Turnover: 0.2762  Gross: 1.3968  Gate: 0.7937
Episode 917  Reward:  -0.247610  Wealth:     86806.35  Turnover: 0.5786  Gross: 1.3850  Gate: 0.7700
Episode 918  Reward:   0.168713  Wealth:    134572.44  Turnover: 0.5343  Gross: 1.4010  Gate: 0.8020
Episode 919  Reward:   0.267656  Wealth:    155922.80  Turnover: 0.3118  Gross: 1.3944  Gate: 0.7887
Episode 920  Reward:   0.201867  Wealth:    142999.33  Turnover: 0.5073  Gross: 1.4021  Gate: 0.8043
Episode    920  AvgReward:   0.119998  Noise: 0.0238
Episode 921  Reward:  -0.024474  Wealth:    104244.51  Turnover: 0.3723  Gross: 1.3853  Gate: 0.7705
Episode 922  Reward:  -0.269208  Wealth:     83920.83  Turnover: 0.4513  Gross: 1.4004  Gate: 0.8008
Episode 923  Reward:   0.229819  Wealth:    140766.76  Turnover: 0.2087  Gross: 1.3881  Gate: 0.7761
Episode 924  Reward:  -0.205587  Wealth:     88556.77  Turnover: 0.3900  Gross: 1.4000  Gate: 0.7999
Episode 925  Reward:   0.129494  Wealth:    128212.25  Turnover: 0.3677  Gross: 1.3864  Gate: 0.7729
Episode 926  Reward:  -0.033153  Wealth:    105119.13  Turnover: 0.3513  Gross: 1.3961  Gate: 0.7921
Episode 927  Reward:   0.083571  Wealth:    118604.04  Turnover: 0.3401  Gross: 1.4012  Gate: 0.8023
Episode 928  Reward:   0.032699  Wealth:    113412.60  Turnover: 0.3941  Gross: 1.3981  Gate: 0.7962
Episode 929  Reward:   0.197063  Wealth:    138522.33  Turnover: 0.3374  Gross: 1.3945  Gate: 0.7891
Episode 930  Reward:   0.150047  Wealth:    130022.69  Turnover: 0.3421  Gross: 1.3840  Gate: 0.7681
Episode    930  AvgReward:   0.029027  Noise: 0.0234
Episode 931  Reward:   0.171478  Wealth:    134294.69  Turnover: 0.4316  Gross: 1.3963  Gate: 0.7925
Episode 932  Reward:   0.120535  Wealth:    126843.85  Turnover: 0.3981  Gross: 1.4041  Gate: 0.8082
Episode 933  Reward:   0.124098  Wealth:    125753.21  Turnover: 0.4166  Gross: 1.3919  Gate: 0.7838
Episode 934  Reward:   0.091246  Wealth:    123895.79  Turnover: 0.4251  Gross: 1.3967  Gate: 0.7935
Episode 935  Reward:   0.153049  Wealth:    131871.63  Turnover: 0.5579  Gross: 1.4024  Gate: 0.8047
Episode 936  Reward:   0.005737  Wealth:    109454.79  Turnover: 0.4278  Gross: 1.4013  Gate: 0.8026
Episode 937  Reward:  -0.120480  Wealth:     95440.38  Turnover: 0.4033  Gross: 1.3891  Gate: 0.7781
Episode 938  Reward:  -0.191235  Wealth:     91114.80  Turnover: 0.5288  Gross: 1.4000  Gate: 0.8000
Episode 939  Reward:   0.075884  Wealth:    118161.54  Turnover: 0.3618  Gross: 1.4012  Gate: 0.8024
Episode 940  Reward:   0.305000  Wealth:    163996.58  Turnover: 0.5433  Gross: 1.4038  Gate: 0.8075
Episode    940  AvgReward:   0.073531  Noise: 0.0229
Episode 941  Reward:   0.280059  Wealth:    159061.28  Turnover: 0.4738  Gross: 1.4028  Gate: 0.8057
Episode 942  Reward:   0.239630  Wealth:    148148.77  Turnover: 0.4445  Gross: 1.4048  Gate: 0.8096
Episode 943  Reward:   0.064953  Wealth:    117710.87  Turnover: 0.5834  Gross: 1.4029  Gate: 0.8057
Episode 944  Reward:   0.192341  Wealth:    138411.40  Turnover: 0.4022  Gross: 1.3874  Gate: 0.7747
Episode 945  Reward:   0.176011  Wealth:    137054.38  Turnover: 0.3669  Gross: 1.3919  Gate: 0.7839
Episode 946  Reward:  -0.073448  Wealth:    101740.93  Turnover: 0.3996  Gross: 1.4024  Gate: 0.8049
Episode 947  Reward:   0.101022  Wealth:    122975.98  Turnover: 0.2996  Gross: 1.3893  Gate: 0.7785
Episode 948  Reward:   0.190649  Wealth:    136625.75  Turnover: 0.3573  Gross: 1.4000  Gate: 0.7999
Episode 949  Reward:   0.236050  Wealth:    146553.26  Turnover: 0.3006  Gross: 1.4006  Gate: 0.8011
Episode 950  Reward:   0.248610  Wealth:    150351.85  Turnover: 0.4253  Gross: 1.3952  Gate: 0.7905
Episode    950  AvgReward:   0.165588  Noise: 0.0224
Episode 951  Reward:   0.140852  Wealth:    130023.67  Turnover: 0.6608  Gross: 1.4009  Gate: 0.8017
Episode 952  Reward:   0.238766  Wealth:    146693.97  Turnover: 0.2596  Gross: 1.4054  Gate: 0.8107
Episode 953  Reward:   0.223189  Wealth:    144562.29  Turnover: 0.3943  Gross: 1.3869  Gate: 0.7739
Episode 954  Reward:   0.209449  Wealth:    144774.39  Turnover: 0.5188  Gross: 1.3929  Gate: 0.7858
Episode 955  Reward:   0.035826  Wealth:    111742.35  Turnover: 0.4315  Gross: 1.4054  Gate: 0.8107
Episode 956  Reward:   0.118764  Wealth:    124642.60  Turnover: 0.4570  Gross: 1.4046  Gate: 0.8091
Episode 957  Reward:   0.154693  Wealth:    132024.29  Turnover: 0.5323  Gross: 1.4032  Gate: 0.8064
Episode 958  Reward:   0.131568  Wealth:    126426.35  Turnover: 0.4397  Gross: 1.3946  Gate: 0.7893
Episode 959  Reward:  -0.037902  Wealth:    105404.67  Turnover: 0.4591  Gross: 1.3878  Gate: 0.7757
Episode 960  Reward:   0.185423  Wealth:    140825.58  Turnover: 0.4052  Gross: 1.4043  Gate: 0.8087
Episode    960  AvgReward:   0.140063  Noise: 0.0220
Episode 961  Reward:   0.162882  Wealth:    133039.95  Turnover: 0.4422  Gross: 1.3940  Gate: 0.7881
Episode 962  Reward:   0.096674  Wealth:    122884.95  Turnover: 0.3611  Gross: 1.3980  Gate: 0.7959
Episode 963  Reward:  -0.053627  Wealth:    100612.58  Turnover: 0.3599  Gross: 1.3928  Gate: 0.7855
Episode 964  Reward:   0.027638  Wealth:    110645.46  Turnover: 0.3625  Gross: 1.4013  Gate: 0.8025
Episode 965  Reward:   0.048036  Wealth:    115732.07  Turnover: 0.5486  Gross: 1.4052  Gate: 0.8104
Episode 966  Reward:   0.204744  Wealth:    139081.71  Turnover: 0.4209  Gross: 1.4051  Gate: 0.8101
Episode 967  Reward:   0.203793  Wealth:    140819.59  Turnover: 0.4886  Gross: 1.4077  Gate: 0.8154
Episode 968  Reward:   0.147381  Wealth:    130109.55  Turnover: 0.2841  Gross: 1.4010  Gate: 0.8020
Episode 969  Reward:  -0.029368  Wealth:    107249.77  Turnover: 0.3703  Gross: 1.3977  Gate: 0.7954
Episode 970  Reward:   0.008890  Wealth:    111253.93  Turnover: 0.3641  Gross: 1.4003  Gate: 0.8006
Episode    970  AvgReward:   0.081704  Noise: 0.0216
Episode 971  Reward:   0.273276  Wealth:    153228.52  Turnover: 0.4079  Gross: 1.3956  Gate: 0.7912
Episode 972  Reward:   0.199517  Wealth:    137212.61  Turnover: 0.2755  Gross: 1.3981  Gate: 0.7962
Episode 973  Reward:   0.193081  Wealth:    136281.96  Turnover: 0.2315  Gross: 1.3920  Gate: 0.7841
Episode 974  Reward:  -0.073040  Wealth:    100540.63  Turnover: 0.5851  Gross: 1.3858  Gate: 0.7716
Episode 975  Reward:   0.083265  Wealth:    119480.91  Turnover: 0.3538  Gross: 1.3999  Gate: 0.7998
Episode 976  Reward:   0.371056  Wealth:    185421.61  Turnover: 0.6123  Gross: 1.3969  Gate: 0.7938
Episode 977  Reward:   0.113234  Wealth:    125006.55  Turnover: 0.3443  Gross: 1.3910  Gate: 0.7820
Episode 978  Reward:   0.333951  Wealth:    173720.51  Turnover: 0.3945  Gross: 1.3935  Gate: 0.7870
Episode 979  Reward:  -0.053422  Wealth:    103508.46  Turnover: 0.4092  Gross: 1.4046  Gate: 0.8092
Episode 980  Reward:   0.220198  Wealth:    144736.09  Turnover: 0.4100  Gross: 1.4001  Gate: 0.8001
Episode    980  AvgReward:   0.166111  Noise: 0.0211
Episode 981  Reward:  -0.202568  Wealth:     89662.63  Turnover: 0.4136  Gross: 1.3930  Gate: 0.7860
Episode 982  Reward:   0.271136  Wealth:    157638.88  Turnover: 0.5301  Gross: 1.4031  Gate: 0.8062
Episode 983  Reward:   0.117885  Wealth:    124511.41  Turnover: 0.4488  Gross: 1.3910  Gate: 0.7820
Episode 984  Reward:   0.260826  Wealth:    150093.95  Turnover: 0.3722  Gross: 1.4015  Gate: 0.8029
Episode 985  Reward:   0.276268  Wealth:    159836.94  Turnover: 0.3563  Gross: 1.4016  Gate: 0.8032
Episode 986  Reward:  -0.276871  Wealth:     84924.55  Turnover: 0.5806  Gross: 1.3994  Gate: 0.7988
Episode 987  Reward:   0.174305  Wealth:    137927.17  Turnover: 0.4241  Gross: 1.3954  Gate: 0.7908
Episode 988  Reward:   0.013915  Wealth:    111061.04  Turnover: 0.5971  Gross: 1.3980  Gate: 0.7960
Episode 989  Reward:   0.196433  Wealth:    140972.26  Turnover: 0.5012  Gross: 1.4003  Gate: 0.8005
Episode 990  Reward:   0.130533  Wealth:    128702.30  Turnover: 0.3112  Gross: 1.3930  Gate: 0.7860
Episode    990  AvgReward:   0.096186  Noise: 0.0207
Episode 991  Reward:  -0.042506  Wealth:    104028.71  Turnover: 0.3661  Gross: 1.4005  Gate: 0.8011
Episode 992  Reward:   0.172204  Wealth:    134459.54  Turnover: 0.3096  Gross: 1.4022  Gate: 0.8043
Episode 993  Reward:   0.127148  Wealth:    128316.20  Turnover: 0.3409  Gross: 1.3987  Gate: 0.7974
Episode 994  Reward:   0.245045  Wealth:    151713.80  Turnover: 0.4608  Gross: 1.3959  Gate: 0.7917
Episode 995  Reward:   0.234059  Wealth:    149450.23  Turnover: 0.4766  Gross: 1.3990  Gate: 0.7981
Episode 996  Reward:   0.158268  Wealth:    133137.06  Turnover: 0.5511  Gross: 1.4014  Gate: 0.8028
Episode 997  Reward:   0.232669  Wealth:    147368.94  Turnover: 0.2957  Gross: 1.3985  Gate: 0.7969
Episode 998  Reward:   0.046475  Wealth:    114283.53  Turnover: 0.2947  Gross: 1.3959  Gate: 0.7918
Episode 999  Reward:   0.051056  Wealth:    113054.76  Turnover: 0.2940  Gross: 1.4042  Gate: 0.8084
Episode 1000  Reward:  -0.015355  Wealth:    107870.18  Turnover: 0.4794  Gross: 1.3975  Gate: 0.7949
Episode   1000  AvgReward:   0.120906  Noise: 0.0203
TRAIN STAGE COMPLETE
PRE-TRAINING BEHAVIOUR GATE PASSED on deterministic held-in episodes: mean_leverage_gate=0.7960, fraction_at_gross_cap=0.0000, gate_gross_mae=0.0000, mean_turnover=0.4112, max_position_limit_violation=0.0000, mean_normalized_direction_entropy=0.8584, q05_normalized_direction_entropy=0.7836, mean_effective_positions=4.1670
Pre-training complete. Agent saved.

============================================================
Stage 2: Fine-tuning on Real Data

============================================================
============================================================
STAGE 2: FINE-TUNING
============================================================
============================================================
TRAIN STAGE STARTED: stage=finetune_selection, episodes=37, batch_size=64, updates_per_step=1
============================================================
Episode 1  Reward:   0.279583  Wealth:    154295.82  Turnover: 0.3600  Gross: 1.4008  Gate: 0.8015
Episode 2  Reward:   0.167303  Wealth:    131306.53  Turnover: 0.2900  Gross: 1.4007  Gate: 0.8015
Episode 3  Reward:   0.201621  Wealth:    138498.02  Turnover: 0.4991  Gross: 1.3980  Gate: 0.7961
Episode 4  Reward:   0.204557  Wealth:    139926.52  Turnover: 0.5075  Gross: 1.3939  Gate: 0.7879
Episode 5  Reward:   0.114267  Wealth:    123179.46  Turnover: 0.5506  Gross: 1.3961  Gate: 0.7921
Episode 6  Reward:   0.084030  Wealth:    117833.25  Turnover: 0.5530  Gross: 1.4011  Gate: 0.8022
Episode 7  Reward:   0.082738  Wealth:    117549.65  Turnover: 0.3983  Gross: 1.3860  Gate: 0.7720
Episode 8  Reward:   0.246710  Wealth:    144898.07  Turnover: 0.5259  Gross: 1.3995  Gate: 0.7990
Episode 9  Reward:   0.258587  Wealth:    148106.37  Turnover: 0.5676  Gross: 1.4000  Gate: 0.7999
Episode 10  Reward:   0.094498  Wealth:    118960.26  Turnover: 0.4497  Gross: 1.3980  Gate: 0.7959
Episode 11  Reward:   0.311444  Wealth:    162545.43  Turnover: 0.6173  Gross: 1.3996  Gate: 0.7993
Episode 12  Reward:   0.172819  Wealth:    132427.09  Turnover: 0.6269  Gross: 1.3983  Gate: 0.7965
Episode 13  Reward:   0.179167  Wealth:    133322.65  Turnover: 0.6233  Gross: 1.4022  Gate: 0.8045
Episode 14  Reward:   0.319643  Wealth:    163423.65  Turnover: 0.5651  Gross: 1.4006  Gate: 0.8012
Episode 15  Reward:   0.292379  Wealth:    157723.42  Turnover: 0.6471  Gross: 1.3965  Gate: 0.7930
Episode 16  Reward:   0.071342  Wealth:    116191.15  Turnover: 0.3569  Gross: 1.3814  Gate: 0.7628
Episode 17  Reward:   0.217748  Wealth:    141238.16  Turnover: 0.5880  Gross: 1.3962  Gate: 0.7925
Episode 18  Reward:   0.102105  Wealth:    120293.90  Turnover: 0.3132  Gross: 1.3836  Gate: 0.7671
Episode 19  Reward:  -0.057382  Wealth:    100572.51  Turnover: 0.3762  Gross: 1.3901  Gate: 0.7801
Episode 20  Reward:   0.106494  Wealth:    120412.75  Turnover: 0.2865  Gross: 1.3800  Gate: 0.7600
Episode 21  Reward:   0.232084  Wealth:    146745.61  Turnover: 0.6092  Gross: 1.3961  Gate: 0.7921
Episode 22  Reward:   0.259153  Wealth:    151857.34  Turnover: 0.5678  Gross: 1.3965  Gate: 0.7930
Episode 23  Reward:   0.163541  Wealth:    130044.34  Turnover: 0.3172  Gross: 1.3891  Gate: 0.7781
Episode 24  Reward:   0.035764  Wealth:    111992.78  Turnover: 0.3534  Gross: 1.3965  Gate: 0.7931
Episode 25  Reward:   0.214198  Wealth:    140370.11  Turnover: 0.4432  Gross: 1.3920  Gate: 0.7840
Episode 26  Reward:   0.177032  Wealth:    136640.87  Turnover: 0.5435  Gross: 1.3957  Gate: 0.7914
Episode 27  Reward:   0.301480  Wealth:    167026.91  Turnover: 0.6321  Gross: 1.3946  Gate: 0.7892
Episode 28  Reward:   0.196838  Wealth:    136937.98  Turnover: 0.3430  Gross: 1.3905  Gate: 0.7811
Episode 29  Reward:   0.155823  Wealth:    130152.74  Turnover: 0.4039  Gross: 1.3949  Gate: 0.7899
Episode 30  Reward:   0.361244  Wealth:    182798.38  Turnover: 0.7009  Gross: 1.3971  Gate: 0.7943
Episode 31  Reward:   0.280766  Wealth:    159098.87  Turnover: 0.6753  Gross: 1.3929  Gate: 0.7857
Episode 32  Reward:   0.346135  Wealth:    179695.57  Turnover: 0.6897  Gross: 1.3987  Gate: 0.7975
Episode 33  Reward:   0.308744  Wealth:    166477.00  Turnover: 0.6995  Gross: 1.3970  Gate: 0.7940
Episode 34  Reward:   0.372927  Wealth:    189171.02  Turnover: 0.7435  Gross: 1.4002  Gate: 0.8003
Episode 35  Reward:   0.220090  Wealth:    141558.44  Turnover: 0.4113  Gross: 1.4014  Gate: 0.8028
Episode 36  Reward:   0.334823  Wealth:    172834.29  Turnover: 0.6523  Gross: 1.4040  Gate: 0.8080
Episode 37  Reward:   0.139948  Wealth:    126650.61  Turnover: 0.2594  Gross: 1.3936  Gate: 0.7872
Episode     37  AvgReward:   0.204061  Noise: 0.0417
TRAIN STAGE COMPLETE
VALIDATION pass=1 reward=0.192289 wealth=135363.00 turnover=0.5074 gross=1.3902
============================================================
TRAIN STAGE STARTED: stage=finetune_refit_all, episodes=61, batch_size=64, updates_per_step=1
============================================================
Episode 1  Reward:   0.151171  Wealth:    126710.45  Turnover: 0.3652  Gross: 1.4027  Gate: 0.8054
Episode 2  Reward:   0.048237  Wealth:    113023.05  Turnover: 0.3298  Gross: 1.3881  Gate: 0.7762
Episode 3  Reward:   0.215202  Wealth:    141561.74  Turnover: 0.5578  Gross: 1.3953  Gate: 0.7906
Episode 4  Reward:   0.118678  Wealth:    124253.01  Turnover: 0.3969  Gross: 1.3947  Gate: 0.7894
Episode 5  Reward:   0.142883  Wealth:    126905.70  Turnover: 0.3894  Gross: 1.3976  Gate: 0.7953
Episode 6  Reward:   0.109682  Wealth:    120989.84  Turnover: 0.2355  Gross: 1.4024  Gate: 0.8047
Episode 7  Reward:   0.151003  Wealth:    127051.85  Turnover: 0.3945  Gross: 1.3979  Gate: 0.7958
Episode 8  Reward:   0.196358  Wealth:    135049.72  Turnover: 0.3556  Gross: 1.3982  Gate: 0.7965
Episode 9  Reward:   0.201337  Wealth:    136433.62  Turnover: 0.4068  Gross: 1.3974  Gate: 0.7949
Episode 10  Reward:   0.153720  Wealth:    128236.32  Turnover: 0.4442  Gross: 1.3988  Gate: 0.7976
Episode 11  Reward:   0.104882  Wealth:    119137.94  Turnover: 0.3333  Gross: 1.3995  Gate: 0.7989
Episode 12  Reward:   0.104898  Wealth:    120052.18  Turnover: 0.3332  Gross: 1.4008  Gate: 0.8016
Episode 13  Reward:   0.194319  Wealth:    135172.50  Turnover: 0.5129  Gross: 1.3993  Gate: 0.7986
Episode 14  Reward:   0.080004  Wealth:    115569.64  Turnover: 0.3368  Gross: 1.3996  Gate: 0.7992
Episode 15  Reward:   0.119747  Wealth:    122239.76  Turnover: 0.3583  Gross: 1.4001  Gate: 0.8003
Episode 16  Reward:  -0.033718  Wealth:    102536.22  Turnover: 0.3707  Gross: 1.3985  Gate: 0.7969
Episode 17  Reward:   0.095024  Wealth:    118602.26  Turnover: 0.3204  Gross: 1.3976  Gate: 0.7952
Episode 18  Reward:   0.202055  Wealth:    136456.60  Turnover: 0.5407  Gross: 1.4013  Gate: 0.8026
Episode 19  Reward:   0.068868  Wealth:    114232.98  Turnover: 0.3727  Gross: 1.4035  Gate: 0.8069
Episode 20  Reward:   0.114723  Wealth:    121502.81  Turnover: 0.3167  Gross: 1.3973  Gate: 0.7946
Episode 21  Reward:   0.242623  Wealth:    145088.57  Turnover: 0.5132  Gross: 1.4012  Gate: 0.8024
Episode 22  Reward:   0.098589  Wealth:    120104.48  Turnover: 0.4542  Gross: 1.4014  Gate: 0.8028
Episode 23  Reward:   0.160367  Wealth:    129840.86  Turnover: 0.5373  Gross: 1.4007  Gate: 0.8014
Episode 24  Reward:   0.092896  Wealth:    118174.05  Turnover: 0.4021  Gross: 1.4007  Gate: 0.8013
Episode 25  Reward:   0.186308  Wealth:    131595.81  Turnover: 0.3760  Gross: 1.3979  Gate: 0.7959
Episode 26  Reward:   0.150492  Wealth:    126162.06  Turnover: 0.4374  Gross: 1.3993  Gate: 0.7985
Episode 27  Reward:   0.212032  Wealth:    138733.16  Turnover: 0.5016  Gross: 1.4063  Gate: 0.8125
Episode 28  Reward:   0.301654  Wealth:    158441.00  Turnover: 0.4245  Gross: 1.4036  Gate: 0.8072
Episode 29  Reward:   0.166743  Wealth:    131471.12  Turnover: 0.6268  Gross: 1.4013  Gate: 0.8027
Episode 30  Reward:   0.118775  Wealth:    122512.73  Turnover: 0.3920  Gross: 1.4048  Gate: 0.8096
Episode 31  Reward:   0.274398  Wealth:    155092.87  Turnover: 0.6102  Gross: 1.3983  Gate: 0.7966
Episode 32  Reward:   0.114332  Wealth:    120395.07  Turnover: 0.3074  Gross: 1.4016  Gate: 0.8032
Episode 33  Reward:   0.153893  Wealth:    126679.02  Turnover: 0.2900  Gross: 1.3982  Gate: 0.7964
Episode 34  Reward:   0.139550  Wealth:    124519.82  Turnover: 0.2600  Gross: 1.3979  Gate: 0.7959
Episode 35  Reward:   0.021665  Wealth:    109244.75  Turnover: 0.3472  Gross: 1.4019  Gate: 0.8038
Episode 36  Reward:   0.063605  Wealth:    114290.71  Turnover: 0.3959  Gross: 1.4012  Gate: 0.8024
Episode 37  Reward:   0.334896  Wealth:    173697.16  Turnover: 0.4348  Gross: 1.3984  Gate: 0.7967
Episode 38  Reward:   0.127869  Wealth:    124225.85  Turnover: 0.3250  Gross: 1.4006  Gate: 0.8011
Episode 39  Reward:   0.190642  Wealth:    136980.09  Turnover: 0.4264  Gross: 1.4022  Gate: 0.8044
Episode 40  Reward:   0.057282  Wealth:    114106.74  Turnover: 0.3967  Gross: 1.4013  Gate: 0.8025
Episode 41  Reward:   0.075888  Wealth:    116174.43  Turnover: 0.3308  Gross: 1.3983  Gate: 0.7967
Episode 42  Reward:   0.074373  Wealth:    116265.79  Turnover: 0.3127  Gross: 1.3992  Gate: 0.7983
Episode 43  Reward:  -0.010638  Wealth:    106891.61  Turnover: 0.4616  Gross: 1.4032  Gate: 0.8064
Episode 44  Reward:   0.148233  Wealth:    126988.09  Turnover: 0.4619  Gross: 1.3999  Gate: 0.7998
Episode 45  Reward:   0.271576  Wealth:    154208.91  Turnover: 0.5361  Gross: 1.4054  Gate: 0.8107
Episode 46  Reward:   0.069430  Wealth:    116682.44  Turnover: 0.4243  Gross: 1.4053  Gate: 0.8105
Episode 47  Reward:   0.382135  Wealth:    191378.40  Turnover: 0.5149  Gross: 1.4022  Gate: 0.8044
Episode 48  Reward:   0.360205  Wealth:    183106.42  Turnover: 0.5631  Gross: 1.3998  Gate: 0.7996
Episode 49  Reward:   0.207157  Wealth:    139083.00  Turnover: 0.4598  Gross: 1.4062  Gate: 0.8124
Episode 50  Reward:   0.107192  Wealth:    120877.64  Turnover: 0.3799  Gross: 1.4009  Gate: 0.8019
Episode 51  Reward:   0.099651  Wealth:    119044.90  Turnover: 0.3975  Gross: 1.3968  Gate: 0.7936
Episode 52  Reward:   0.388479  Wealth:    196038.52  Turnover: 0.5980  Gross: 1.4034  Gate: 0.8068
Episode 53  Reward:   0.401282  Wealth:    197056.46  Turnover: 0.6162  Gross: 1.3978  Gate: 0.7956
Episode 54  Reward:   0.131732  Wealth:    124842.77  Turnover: 0.4220  Gross: 1.4028  Gate: 0.8056
Episode 55  Reward:   0.144007  Wealth:    125199.63  Turnover: 0.3938  Gross: 1.3979  Gate: 0.7959
Episode 56  Reward:   0.325467  Wealth:    170998.15  Turnover: 0.5614  Gross: 1.4015  Gate: 0.8030
Episode 57  Reward:   0.240252  Wealth:    143818.61  Turnover: 0.4261  Gross: 1.3976  Gate: 0.7953
Episode 58  Reward:   0.094697  Wealth:    117955.75  Turnover: 0.3098  Gross: 1.3997  Gate: 0.7994
Episode 59  Reward:   0.224753  Wealth:    139929.84  Turnover: 0.3976  Gross: 1.3972  Gate: 0.7944
Episode 60  Reward:   0.358302  Wealth:    185213.99  Turnover: 0.5869  Gross: 1.3997  Gate: 0.7993
Episode 61  Reward:   0.276185  Wealth:    150404.74  Turnover: 0.3864  Gross: 1.3973  Gate: 0.7946
Episode     61  AvgReward:   0.165870  Noise: 0.0370
TRAIN STAGE COMPLETE
Fine-tuning complete. Selected 1 pass(es); final agent saved.

============================================================
TRAINING COMPLETE

============================================================
Error in py_run_string_impl(code, local, convert) : 
  ModuleNotFoundError: No module named 'pandas'
Run `reticulate::py_last_error()` for details.
Calls: py_run_string -> py_run_string_impl
Execution halted

No-holdout gate passed for 0/5 seeds.
Error: Worker shard failed closed: 0/5 assigned seeds passed training, sanity, and behavior gates.
Execution halted
