Parallel sweep worker 1/2: 5 of 10 seeds assigned.
Sweep vine observation mode: zero

[1/5] Training seed 20260841
Loading configuration from: config/config.yaml 
Run mode: full | seed: 20260841 | CVaR simulations/step: 512 | vine simulation cores: 44
Loading synthetic return bundle: data/synthetic_returns.RData
Loaded 1000 pre-training and 61 fine-tuning episodes.
Fine-tuning selection: 37 fit episodes, 23 purged overlapping episodes, 1 validation episode; final refit uses all 61.
Run seed: 20260841
Run mode: full
PyTorch: 2.10.0+cu128
Device: cuda
Action schema: interior_rank_partition_leverage_gate_v5; projection temperature=1.5
GPU: NVIDIA A100-SXM4-80GB
PYTHON: Framework ready.
Action schema: interior_rank_partition_leverage_gate_v5 | gross=1.500 | net=1.000 | max_long=0.600 | max_short=0.200
Risk/training: entropy_coef=0.005 | leverage_target=0.800 | leverage_penalty=0.25 | direction_bound=5.000 | AMP=False

============================================================
Stage 1: Pre-training on Synthetic Data

============================================================
============================================================
STAGE 1: PRE-TRAINING
============================================================
============================================================
TRAIN STAGE STARTED: stage=pretrain, episodes=1000, batch_size=128, updates_per_step=1
============================================================
Episode 1  Reward:   0.125366  Wealth:    129180.12  Turnover: 1.0737  Gross: 1.2368  Gate: 0.4737
Episode 2  Reward:  -0.033984  Wealth:    106697.10  Turnover: 1.1747  Gross: 1.2494  Gate: 0.4988
Episode 3  Reward:   0.244376  Wealth:    154685.08  Turnover: 1.1080  Gross: 1.2725  Gate: 0.5451
Episode 4  Reward:  -0.431727  Wealth:     75319.26  Turnover: 1.0930  Gross: 1.2610  Gate: 0.5220
Episode 5  Reward:  -0.136350  Wealth:     96723.03  Turnover: 1.1240  Gross: 1.2767  Gate: 0.5534
Episode 6  Reward:   0.041147  Wealth:    116677.41  Turnover: 1.1834  Gross: 1.2502  Gate: 0.5004
Episode 7  Reward:   0.297654  Wealth:    165841.02  Turnover: 1.0718  Gross: 1.2355  Gate: 0.4711
Episode 8  Reward:   0.066418  Wealth:    120116.22  Turnover: 1.2116  Gross: 1.2812  Gate: 0.5624
Episode 9  Reward:   0.085867  Wealth:    121984.46  Turnover: 1.1406  Gross: 1.2655  Gate: 0.5311
Episode 10  Reward:   0.107771  Wealth:    126754.42  Turnover: 1.0398  Gross: 1.2290  Gate: 0.4580
Episode     10  AvgReward:   0.036654  Noise: 0.1473
Episode 11  Reward:   0.294737  Wealth:    164974.66  Turnover: 1.0030  Gross: 1.2445  Gate: 0.4891
Episode 12  Reward:  -0.126569  Wealth:     97595.67  Turnover: 1.1307  Gross: 1.2609  Gate: 0.5219
Episode 13  Reward:  -0.241440  Wealth:     87772.83  Turnover: 1.1344  Gross: 1.2335  Gate: 0.4670
Episode 14  Reward:   0.005547  Wealth:    111813.29  Turnover: 1.1145  Gross: 1.2330  Gate: 0.4659
Episode 15  Reward:   0.009651  Wealth:    111377.60  Turnover: 1.0885  Gross: 1.2253  Gate: 0.4507
Episode 16  Reward:   0.052947  Wealth:    118452.50  Turnover: 1.1627  Gross: 1.2291  Gate: 0.4582
Episode 17  Reward:   0.169576  Wealth:    137897.37  Turnover: 1.0857  Gross: 1.2562  Gate: 0.5124
Episode 18  Reward:  -0.189354  Wealth:     91444.85  Turnover: 1.0005  Gross: 1.2475  Gate: 0.4949
Episode 19  Reward:   0.199353  Wealth:    143847.46  Turnover: 1.0620  Gross: 1.2353  Gate: 0.4706
Episode 20  Reward:  -0.064501  Wealth:    103494.21  Turnover: 1.0877  Gross: 1.2445  Gate: 0.4889
Episode     20  AvgReward:   0.010995  Noise: 0.1444
Episode 21  Reward:   0.055893  Wealth:    118305.56  Turnover: 1.1675  Gross: 1.3112  Gate: 0.6223
Episode 22  Reward:  -0.321938  Wealth:     81461.71  Turnover: 1.1076  Gross: 1.2822  Gate: 0.5643
Episode 23  Reward:   0.085223  Wealth:    123862.66  Turnover: 1.1668  Gross: 1.2857  Gate: 0.5713
Episode 24  Reward:   0.243117  Wealth:    152647.51  Turnover: 1.1453  Gross: 1.2521  Gate: 0.5041
Episode 25  Reward:   0.170850  Wealth:    137058.88  Turnover: 1.0011  Gross: 1.2173  Gate: 0.4346
Episode 26  Reward:  -0.093417  Wealth:    100405.91  Turnover: 1.0821  Gross: 1.2764  Gate: 0.5527
Episode 27  Reward:   0.071236  Wealth:    120936.46  Turnover: 1.1077  Gross: 1.2638  Gate: 0.5276
Episode 28  Reward:  -0.016467  Wealth:    109102.26  Turnover: 1.0263  Gross: 1.2337  Gate: 0.4675
Episode 29  Reward:  -0.044181  Wealth:    105617.35  Turnover: 1.2420  Gross: 1.2686  Gate: 0.5371
Episode 30  Reward:   0.023117  Wealth:    114134.85  Turnover: 1.0068  Gross: 1.2385  Gate: 0.4769
Episode     30  AvgReward:   0.017343  Noise: 0.1415
Episode 31  Reward:   0.329602  Wealth:    174312.78  Turnover: 1.0469  Gross: 1.2195  Gate: 0.4390
Episode 32  Reward:  -0.023111  Wealth:    109273.01  Turnover: 1.0491  Gross: 1.2500  Gate: 0.5001
Episode 33  Reward:  -0.050013  Wealth:    105277.46  Turnover: 1.0519  Gross: 1.2179  Gate: 0.4358
Episode 34  Reward:   0.071872  Wealth:    121859.00  Turnover: 1.1426  Gross: 1.2408  Gate: 0.4817
Episode 35  Reward:  -0.051400  Wealth:    105508.52  Turnover: 1.0738  Gross: 1.2196  Gate: 0.4392
Episode 36  Reward:  -0.157778  Wealth:     94585.54  Turnover: 1.2400  Gross: 1.2997  Gate: 0.5993
Episode 37  Reward:  -0.297183  Wealth:     83763.71  Turnover: 1.0245  Gross: 1.2404  Gate: 0.4808
Episode 38  Reward:  -0.050880  Wealth:    105732.62  Turnover: 0.9810  Gross: 1.2076  Gate: 0.4153
Episode 39  Reward:  -0.348839  Wealth:     80353.60  Turnover: 1.0626  Gross: 1.2701  Gate: 0.5403
Episode 40  Reward:  -0.000928  Wealth:    111235.99  Turnover: 0.9219  Gross: 1.2176  Gate: 0.4351
Episode     40  AvgReward:  -0.057866  Noise: 0.1387
Episode 41  Reward:   0.087153  Wealth:    123823.39  Turnover: 1.0053  Gross: 1.2365  Gate: 0.4730
Episode 42  Reward:   0.115907  Wealth:    126686.60  Turnover: 0.8429  Gross: 1.1921  Gate: 0.3842
Episode 43  Reward:   0.179919  Wealth:    137236.48  Turnover: 0.2540  Gross: 1.1161  Gate: 0.2323
Episode 44  Reward:   0.155687  Wealth:    132541.97  Turnover: 0.2285  Gross: 1.1247  Gate: 0.2495
Episode 45  Reward:  -0.113757  Wealth:     97878.78  Turnover: 0.2703  Gross: 1.1196  Gate: 0.2392
Episode 46  Reward:  -0.179877  Wealth:     92089.58  Turnover: 0.2313  Gross: 1.1328  Gate: 0.2655
Episode 47  Reward:  -0.014986  Wealth:    108278.28  Turnover: 0.2524  Gross: 1.1464  Gate: 0.2927
Episode 48  Reward:   0.141562  Wealth:    130748.54  Turnover: 0.2426  Gross: 1.1431  Gate: 0.2863
Episode 49  Reward:   0.360908  Wealth:    184067.27  Turnover: 0.2018  Gross: 1.1493  Gate: 0.2985
Episode 50  Reward:   0.295044  Wealth:    163605.40  Turnover: 0.2548  Gross: 1.1616  Gate: 0.3232
Episode     50  AvgReward:   0.102756  Noise: 0.1360
Episode 51  Reward:   0.122594  Wealth:    127687.74  Turnover: 0.2102  Gross: 1.1648  Gate: 0.3297
Episode 52  Reward:   0.054483  Wealth:    117825.29  Turnover: 0.2626  Gross: 1.1657  Gate: 0.3314
Episode 53  Reward:  -0.400628  Wealth:     76708.63  Turnover: 0.2660  Gross: 1.1670  Gate: 0.3339
Episode 54  Reward:  -0.787735  Wealth:     59041.71  Turnover: 0.2521  Gross: 1.1787  Gate: 0.3573
Episode 55  Reward:   0.219132  Wealth:    145824.76  Turnover: 0.2411  Gross: 1.1846  Gate: 0.3692
Episode 56  Reward:   0.163343  Wealth:    135858.45  Turnover: 0.2541  Gross: 1.1893  Gate: 0.3785
Episode 57  Reward:  -0.163960  Wealth:     93493.41  Turnover: 0.2686  Gross: 1.1961  Gate: 0.3922
Episode 58  Reward:   0.029769  Wealth:    114405.77  Turnover: 0.2809  Gross: 1.1990  Gate: 0.3980
Episode 59  Reward:  -0.181255  Wealth:     92477.56  Turnover: 0.2427  Gross: 1.1999  Gate: 0.3998
Episode 60  Reward:  -0.114274  Wealth:     98529.66  Turnover: 0.2377  Gross: 1.2064  Gate: 0.4129
Episode     60  AvgReward:  -0.105853  Noise: 0.1333
Episode 61  Reward:   0.187433  Wealth:    140372.96  Turnover: 0.2158  Gross: 1.2180  Gate: 0.4360
Episode 62  Reward:  -0.140468  Wealth:     96200.75  Turnover: 0.2399  Gross: 1.2193  Gate: 0.4385
Episode 63  Reward:  -0.132476  Wealth:     96950.89  Turnover: 0.2695  Gross: 1.2141  Gate: 0.4282
Episode 64  Reward:   0.171428  Wealth:    137648.40  Turnover: 0.1965  Gross: 1.2231  Gate: 0.4461
Episode 65  Reward:  -0.050632  Wealth:    105390.01  Turnover: 0.2342  Gross: 1.2246  Gate: 0.4492
Episode 66  Reward:   0.307192  Wealth:    170153.24  Turnover: 0.1596  Gross: 1.2363  Gate: 0.4726
Episode 67  Reward:  -0.315217  Wealth:     82633.69  Turnover: 0.1600  Gross: 1.2402  Gate: 0.4803
Episode 68  Reward:   0.077342  Wealth:    121932.58  Turnover: 0.1656  Gross: 1.2462  Gate: 0.4924
Episode 69  Reward:  -0.023317  Wealth:    108697.99  Turnover: 0.0870  Gross: 1.2478  Gate: 0.4957
Episode 70  Reward:  -0.105687  Wealth:     99886.92  Turnover: 0.0989  Gross: 1.2469  Gate: 0.4938
Episode     70  AvgReward:  -0.002440  Noise: 0.1306
Episode 71  Reward:   0.096677  Wealth:    125461.33  Turnover: 0.1176  Gross: 1.2533  Gate: 0.5066
Episode 72  Reward:   0.122992  Wealth:    129546.79  Turnover: 0.0919  Gross: 1.2559  Gate: 0.5118
Episode 73  Reward:   0.064786  Wealth:    120641.91  Turnover: 0.1098  Gross: 1.2611  Gate: 0.5222
Episode 74  Reward:   0.138736  Wealth:    133073.37  Turnover: 0.0994  Gross: 1.2522  Gate: 0.5045
Episode 75  Reward:  -0.101106  Wealth:    100908.74  Turnover: 0.1027  Gross: 1.2576  Gate: 0.5151
Episode 76  Reward:  -0.104829  Wealth:    100121.45  Turnover: 0.1039  Gross: 1.2511  Gate: 0.5021
Episode 77  Reward:  -0.119879  Wealth:     99243.80  Turnover: 0.0966  Gross: 1.2586  Gate: 0.5172
Episode 78  Reward:  -0.064815  Wealth:    104559.57  Turnover: 0.1012  Gross: 1.2486  Gate: 0.4973
Episode 79  Reward:   0.034486  Wealth:    117108.54  Turnover: 0.1034  Gross: 1.2566  Gate: 0.5131
Episode 80  Reward:   0.047211  Wealth:    118440.14  Turnover: 0.1090  Gross: 1.2482  Gate: 0.4964
Episode     80  AvgReward:   0.011426  Noise: 0.1281
Episode 81  Reward:   0.128692  Wealth:    131473.93  Turnover: 0.1054  Gross: 1.2451  Gate: 0.4902
Episode 82  Reward:   0.087077  Wealth:    124867.95  Turnover: 0.1061  Gross: 1.2547  Gate: 0.5095
Episode 83  Reward:   0.141856  Wealth:    134418.96  Turnover: 0.0980  Gross: 1.2433  Gate: 0.4866
Episode 84  Reward:  -0.024621  Wealth:    110407.31  Turnover: 0.1004  Gross: 1.2442  Gate: 0.4885
Episode 85  Reward:   0.160892  Wealth:    138393.26  Turnover: 0.1109  Gross: 1.2422  Gate: 0.4843
Episode 86  Reward:   0.160810  Wealth:    138224.90  Turnover: 0.0985  Gross: 1.2430  Gate: 0.4859
Episode 87  Reward:  -0.251319  Wealth:     87921.89  Turnover: 0.0961  Gross: 1.2531  Gate: 0.5062
Episode 88  Reward:   0.033029  Wealth:    117716.35  Turnover: 0.0982  Gross: 1.2481  Gate: 0.4962
Episode 89  Reward:   0.150655  Wealth:    137040.18  Turnover: 0.0971  Gross: 1.2426  Gate: 0.4852
Episode 90  Reward:   0.403248  Wealth:    207456.13  Turnover: 0.1098  Gross: 1.2410  Gate: 0.4819
Episode     90  AvgReward:   0.099032  Noise: 0.1255
Episode 91  Reward:   0.162846  Wealth:    139801.86  Turnover: 0.0993  Gross: 1.2512  Gate: 0.5024
Episode 92  Reward:   0.182706  Wealth:    142745.38  Turnover: 0.1116  Gross: 1.2609  Gate: 0.5219
Episode 93  Reward:  -0.140016  Wealth:     97813.48  Turnover: 0.1063  Gross: 1.2595  Gate: 0.5191
Episode 94  Reward:  -0.336008  Wealth:     82137.99  Turnover: 0.1013  Gross: 1.2590  Gate: 0.5180
Episode 95  Reward:   0.202755  Wealth:    147041.92  Turnover: 0.0973  Gross: 1.2657  Gate: 0.5314
Episode 96  Reward:   0.075868  Wealth:    123885.95  Turnover: 0.0946  Gross: 1.2686  Gate: 0.5373
Episode 97  Reward:   0.112567  Wealth:    129814.14  Turnover: 0.1046  Gross: 1.2806  Gate: 0.5611
Episode 98  Reward:   0.056935  Wealth:    120990.87  Turnover: 0.0955  Gross: 1.2728  Gate: 0.5456
Episode 99  Reward:  -0.390200  Wealth:     78540.94  Turnover: 0.0919  Gross: 1.2853  Gate: 0.5707
Episode 100  Reward:  -0.127109  Wealth:     98925.15  Turnover: 0.0954  Gross: 1.2814  Gate: 0.5628
Episode    100  AvgReward:  -0.019966  Noise: 0.1230
Episode 101  Reward:  -0.644943  Wealth:     65488.44  Turnover: 0.1017  Gross: 1.2863  Gate: 0.5727
Episode 102  Reward:  -0.117312  Wealth:     99807.79  Turnover: 0.0950  Gross: 1.3055  Gate: 0.6109
Episode 103  Reward:   0.273159  Wealth:    162617.69  Turnover: 0.1009  Gross: 1.3090  Gate: 0.6180
Episode 104  Reward:  -0.000834  Wealth:    112828.56  Turnover: 0.1050  Gross: 1.3077  Gate: 0.6154
Episode 105  Reward:   0.002586  Wealth:    112750.15  Turnover: 0.0990  Gross: 1.3126  Gate: 0.6251
Episode 106  Reward:  -0.148318  Wealth:     96561.29  Turnover: 0.0984  Gross: 1.3211  Gate: 0.6422
Episode 107  Reward:   0.184528  Wealth:    140384.22  Turnover: 0.0950  Gross: 1.3258  Gate: 0.6517
Episode 108  Reward:  -0.244647  Wealth:     88133.54  Turnover: 0.0949  Gross: 1.3186  Gate: 0.6372
Episode 109  Reward:   0.235317  Wealth:    152357.57  Turnover: 0.1117  Gross: 1.3159  Gate: 0.6318
Episode 110  Reward:  -0.214718  Wealth:     90377.86  Turnover: 0.1005  Gross: 1.3253  Gate: 0.6506
Episode    110  AvgReward:  -0.067518  Noise: 0.1206
Episode 111  Reward:   0.068179  Wealth:    120939.89  Turnover: 0.1091  Gross: 1.3243  Gate: 0.6486
Episode 112  Reward:   0.171224  Wealth:    138493.09  Turnover: 0.1222  Gross: 1.3306  Gate: 0.6611
Episode 113  Reward:  -0.103167  Wealth:     99883.14  Turnover: 0.1018  Gross: 1.3257  Gate: 0.6514
Episode 114  Reward:   0.204585  Wealth:    144468.69  Turnover: 0.1123  Gross: 1.3360  Gate: 0.6720
Episode 115  Reward:  -0.021104  Wealth:    108722.30  Turnover: 0.1063  Gross: 1.3279  Gate: 0.6557
Episode 116  Reward:   0.052218  Wealth:    117912.65  Turnover: 0.1066  Gross: 1.3340  Gate: 0.6680
Episode 117  Reward:   0.215869  Wealth:    145211.34  Turnover: 0.1041  Gross: 1.3351  Gate: 0.6703
Episode 118  Reward:   0.115449  Wealth:    126931.15  Turnover: 0.1100  Gross: 1.3364  Gate: 0.6728
Episode 119  Reward:   0.056513  Wealth:    117303.06  Turnover: 0.1174  Gross: 1.3359  Gate: 0.6718
Episode 120  Reward:   0.231769  Wealth:    148290.40  Turnover: 0.1142  Gross: 1.3371  Gate: 0.6742
Episode    120  AvgReward:   0.099153  Noise: 0.1182
Episode 121  Reward:  -0.157308  Wealth:     93975.74  Turnover: 0.1133  Gross: 1.3230  Gate: 0.6461
Episode 122  Reward:  -0.157471  Wealth:     93958.71  Turnover: 0.1175  Gross: 1.3260  Gate: 0.6519
Episode 123  Reward:   0.014320  Wealth:    111455.49  Turnover: 0.1014  Gross: 1.3328  Gate: 0.6656
Episode 124  Reward:   0.389270  Wealth:    192311.78  Turnover: 0.1066  Gross: 1.3226  Gate: 0.6452
Episode 125  Reward:  -0.157265  Wealth:     93488.33  Turnover: 0.1103  Gross: 1.3122  Gate: 0.6244
Episode 126  Reward:  -0.286851  Wealth:     83327.81  Turnover: 0.1168  Gross: 1.3025  Gate: 0.6050
Episode 127  Reward:  -0.038241  Wealth:    104907.86  Turnover: 0.1122  Gross: 1.2921  Gate: 0.5843
Episode 128  Reward:   0.211339  Wealth:    142572.89  Turnover: 0.1149  Gross: 1.3053  Gate: 0.6107
Episode 129  Reward:   0.199341  Wealth:    139912.85  Turnover: 0.1129  Gross: 1.2979  Gate: 0.5958
Episode 130  Reward:   0.143587  Wealth:    129549.99  Turnover: 0.0951  Gross: 1.2650  Gate: 0.5300
Episode    130  AvgReward:   0.016072  Noise: 0.1159
Episode 131  Reward:  -0.348644  Wealth:     79169.71  Turnover: 0.1303  Gross: 1.2559  Gate: 0.5118
Episode 132  Reward:   0.002447  Wealth:    109749.82  Turnover: 0.1055  Gross: 1.2680  Gate: 0.5361
Episode 133  Reward:  -0.010427  Wealth:    107935.64  Turnover: 0.1107  Gross: 1.2548  Gate: 0.5096
Episode 134  Reward:  -0.262949  Wealth:     84630.41  Turnover: 0.1237  Gross: 1.2341  Gate: 0.4683
Episode 135  Reward:   0.012494  Wealth:    110552.78  Turnover: 0.0980  Gross: 1.2346  Gate: 0.4692
Episode 136  Reward:  -0.318163  Wealth:     80983.44  Turnover: 0.1033  Gross: 1.2198  Gate: 0.4396
Episode 137  Reward:  -0.015935  Wealth:    107212.32  Turnover: 0.1014  Gross: 1.2315  Gate: 0.4630
Episode 138  Reward:   0.257594  Wealth:    151757.99  Turnover: 0.0937  Gross: 1.2408  Gate: 0.4816
Episode 139  Reward:   0.125880  Wealth:    126139.48  Turnover: 0.1157  Gross: 1.2334  Gate: 0.4669
Episode 140  Reward:   0.186131  Wealth:    136756.51  Turnover: 0.1114  Gross: 1.2338  Gate: 0.4677
Episode    140  AvgReward:  -0.037157  Noise: 0.1136
Episode 141  Reward:   0.209817  Wealth:    141564.46  Turnover: 0.1194  Gross: 1.2437  Gate: 0.4873
Episode 142  Reward:  -0.133140  Wealth:     95160.47  Turnover: 0.1176  Gross: 1.2185  Gate: 0.4371
Episode 143  Reward:   0.086349  Wealth:    119915.88  Turnover: 0.1410  Gross: 1.2445  Gate: 0.4889
Episode 144  Reward:   0.104411  Wealth:    123216.67  Turnover: 0.1071  Gross: 1.2444  Gate: 0.4888
Episode 145  Reward:   0.224278  Wealth:    143906.88  Turnover: 0.1230  Gross: 1.2310  Gate: 0.4621
Episode 146  Reward:   0.143131  Wealth:    129121.05  Turnover: 0.1629  Gross: 1.2158  Gate: 0.4315
Episode 147  Reward:  -0.320762  Wealth:     80881.85  Turnover: 0.1679  Gross: 1.2075  Gate: 0.4150
Episode 148  Reward:   0.009037  Wealth:    110022.65  Turnover: 0.1556  Gross: 1.2435  Gate: 0.4871
Episode 149  Reward:   0.251613  Wealth:    149882.66  Turnover: 0.0899  Gross: 1.2142  Gate: 0.4285
Episode 150  Reward:  -0.020019  Wealth:    106656.05  Turnover: 0.1204  Gross: 1.2625  Gate: 0.5251
Episode    150  AvgReward:   0.055472  Noise: 0.1113
Episode 151  Reward:   0.045968  Wealth:    115073.36  Turnover: 0.1131  Gross: 1.2593  Gate: 0.5185
Episode 152  Reward:   0.041287  Wealth:    114270.24  Turnover: 0.1634  Gross: 1.2381  Gate: 0.4761
Episode 153  Reward:  -0.002289  Wealth:    108152.12  Turnover: 0.1306  Gross: 1.1998  Gate: 0.3996
Episode 154  Reward:   0.261012  Wealth:    152789.13  Turnover: 0.1892  Gross: 1.2482  Gate: 0.4963
Episode 155  Reward:  -0.009769  Wealth:    107790.14  Turnover: 0.2397  Gross: 1.1916  Gate: 0.3831
Episode 156  Reward:  -0.254150  Wealth:     85365.01  Turnover: 0.1887  Gross: 1.1776  Gate: 0.3552
Episode 157  Reward:  -0.042548  Wealth:    104318.23  Turnover: 0.2113  Gross: 1.1959  Gate: 0.3918
Episode 158  Reward:   0.019131  Wealth:    111415.96  Turnover: 0.2564  Gross: 1.1958  Gate: 0.3916
Episode 159  Reward:  -0.183945  Wealth:     91172.10  Turnover: 0.2334  Gross: 1.1654  Gate: 0.3308
Episode 160  Reward:   0.114000  Wealth:    124583.52  Turnover: 0.2127  Gross: 1.1930  Gate: 0.3861
Episode    160  AvgReward:  -0.001130  Noise: 0.1091
Episode 161  Reward:   0.249802  Wealth:    149814.11  Turnover: 0.2452  Gross: 1.1936  Gate: 0.3872
Episode 162  Reward:   0.127589  Wealth:    127108.95  Turnover: 0.3811  Gross: 1.1682  Gate: 0.3364
Episode 163  Reward:  -0.030756  Wealth:    105442.95  Turnover: 0.4139  Gross: 1.1093  Gate: 0.2186
Episode 164  Reward:   0.099523  Wealth:    123390.16  Turnover: 0.2969  Gross: 1.2093  Gate: 0.4186
Episode 165  Reward:  -0.058013  Wealth:    102932.38  Turnover: 0.3050  Gross: 1.1340  Gate: 0.2679
Episode 166  Reward:   0.151496  Wealth:    132355.92  Turnover: 0.2676  Gross: 1.2304  Gate: 0.4607
Episode 167  Reward:  -0.038749  Wealth:    105518.42  Turnover: 0.1810  Gross: 1.1907  Gate: 0.3814
Episode 168  Reward:  -0.038998  Wealth:    105749.42  Turnover: 0.4583  Gross: 1.1805  Gate: 0.3610
Episode 169  Reward:  -0.048232  Wealth:    104861.02  Turnover: 0.3929  Gross: 1.1903  Gate: 0.3806
Episode 170  Reward:  -0.189164  Wealth:     91893.16  Turnover: 0.3251  Gross: 1.1955  Gate: 0.3911
Episode    170  AvgReward:   0.022450  Noise: 0.1069
Episode 171  Reward:   0.135705  Wealth:    129476.75  Turnover: 0.2432  Gross: 1.1667  Gate: 0.3335
Episode 172  Reward:  -0.092340  Wealth:     99319.11  Turnover: 0.4565  Gross: 1.1388  Gate: 0.2775
Episode 173  Reward:   0.043232  Wealth:    116417.06  Turnover: 0.4350  Gross: 1.1512  Gate: 0.3023
Episode 174  Reward:   0.261899  Wealth:    152808.14  Turnover: 0.4198  Gross: 1.1425  Gate: 0.2850
Episode 175  Reward:  -0.253228  Wealth:     86760.45  Turnover: 0.3680  Gross: 1.1291  Gate: 0.2583
Episode 176  Reward:  -0.307272  Wealth:     83433.48  Turnover: 0.4740  Gross: 1.1624  Gate: 0.3248
Episode 177  Reward:   0.008326  Wealth:    112625.96  Turnover: 0.4682  Gross: 1.1924  Gate: 0.3848
Episode 178  Reward:   0.212817  Wealth:    142310.72  Turnover: 0.1872  Gross: 1.1272  Gate: 0.2544
Episode 179  Reward:   0.072939  Wealth:    119813.31  Turnover: 0.5200  Gross: 1.1806  Gate: 0.3612
Episode 180  Reward:   0.317514  Wealth:    167800.95  Turnover: 0.2264  Gross: 1.1356  Gate: 0.2712
Episode    180  AvgReward:   0.039959  Noise: 0.1048
Episode 181  Reward:   0.107901  Wealth:    125289.49  Turnover: 0.2760  Gross: 1.1642  Gate: 0.3284
Episode 182  Reward:   0.211215  Wealth:    146840.00  Turnover: 0.4743  Gross: 1.2362  Gate: 0.4723
Episode 183  Reward:  -0.112830  Wealth:     98488.08  Turnover: 0.3420  Gross: 1.1700  Gate: 0.3401
Episode 184  Reward:  -0.067625  Wealth:    103259.05  Turnover: 0.4947  Gross: 1.1719  Gate: 0.3439
Episode 185  Reward:  -0.205497  Wealth:     90118.74  Turnover: 0.4829  Gross: 1.1811  Gate: 0.3622
Episode 186  Reward:   0.064089  Wealth:    121048.25  Turnover: 0.3984  Gross: 1.2545  Gate: 0.5089
Episode 187  Reward:   0.084424  Wealth:    123589.23  Turnover: 0.6087  Gross: 1.2340  Gate: 0.4679
Episode 188  Reward:  -0.128996  Wealth:     96791.84  Turnover: 0.3928  Gross: 1.2552  Gate: 0.5104
Episode 189  Reward:   0.321004  Wealth:    174277.19  Turnover: 0.4877  Gross: 1.2822  Gate: 0.5644
Episode 190  Reward:   0.039967  Wealth:    117983.59  Turnover: 0.4459  Gross: 1.2502  Gate: 0.5004
Episode    190  AvgReward:   0.031365  Noise: 0.1027
Episode 191  Reward:   0.097045  Wealth:    128031.01  Turnover: 0.4362  Gross: 1.2896  Gate: 0.5792
Episode 192  Reward:   0.292450  Wealth:    164509.88  Turnover: 0.3134  Gross: 1.2463  Gate: 0.4926
Episode 193  Reward:   0.273524  Wealth:    161314.53  Turnover: 0.5968  Gross: 1.2976  Gate: 0.5951
Episode 194  Reward:  -0.025243  Wealth:    108505.79  Turnover: 0.6269  Gross: 1.2937  Gate: 0.5875
Episode 195  Reward:  -0.017098  Wealth:    108633.37  Turnover: 0.4804  Gross: 1.2423  Gate: 0.4845
Episode 196  Reward:  -0.107030  Wealth:    100582.43  Turnover: 0.4657  Gross: 1.2629  Gate: 0.5257
Episode 197  Reward:  -0.006610  Wealth:    111189.70  Turnover: 0.5581  Gross: 1.2706  Gate: 0.5413
Episode 198  Reward:   0.154972  Wealth:    134271.69  Turnover: 0.6056  Gross: 1.2637  Gate: 0.5274
Episode 199  Reward:  -0.073769  Wealth:    105921.85  Turnover: 0.5152  Gross: 1.3033  Gate: 0.6067
Episode 200  Reward:   0.242593  Wealth:    157445.81  Turnover: 0.3814  Gross: 1.3309  Gate: 0.6618
Episode    200  AvgReward:   0.083083  Noise: 0.1007
Episode 201  Reward:  -0.056648  Wealth:    103896.56  Turnover: 0.4396  Gross: 1.2111  Gate: 0.4221
Episode 202  Reward:   0.019985  Wealth:    114766.34  Turnover: 0.6200  Gross: 1.3104  Gate: 0.6207
Episode 203  Reward:  -0.574191  Wealth:     68548.66  Turnover: 0.5525  Gross: 1.2977  Gate: 0.5954
Episode 204  Reward:  -0.210672  Wealth:     91881.42  Turnover: 0.5313  Gross: 1.3096  Gate: 0.6192
Episode 205  Reward:  -0.202271  Wealth:     91359.99  Turnover: 0.4871  Gross: 1.3155  Gate: 0.6310
Episode 206  Reward:  -0.376674  Wealth:     77327.24  Turnover: 0.2964  Gross: 1.2824  Gate: 0.5647
Episode 207  Reward:  -0.076486  Wealth:    103707.42  Turnover: 0.5746  Gross: 1.3574  Gate: 0.7148
Episode 208  Reward:  -0.333575  Wealth:     81926.01  Turnover: 0.5174  Gross: 1.3076  Gate: 0.6152
Episode 209  Reward:   0.119231  Wealth:    131102.72  Turnover: 0.6410  Gross: 1.3456  Gate: 0.6911
Episode 210  Reward:   0.063426  Wealth:    119008.42  Turnover: 0.4834  Gross: 1.2936  Gate: 0.5873
Episode    210  AvgReward:  -0.162788  Noise: 0.0987
Episode 211  Reward:  -0.144514  Wealth:     98669.68  Turnover: 0.6301  Gross: 1.3767  Gate: 0.7533
Episode 212  Reward:   0.077205  Wealth:    125365.25  Turnover: 0.7232  Gross: 1.3767  Gate: 0.7534
Episode 213  Reward:  -0.375093  Wealth:     80787.48  Turnover: 0.4960  Gross: 1.3935  Gate: 0.7871
Episode 214  Reward:   0.242430  Wealth:    161854.15  Turnover: 0.4244  Gross: 1.3619  Gate: 0.7239
Episode 215  Reward:   0.006683  Wealth:    114143.54  Turnover: 0.6327  Gross: 1.3557  Gate: 0.7113
Episode 216  Reward:  -0.008612  Wealth:    112916.76  Turnover: 0.5182  Gross: 1.3698  Gate: 0.7397
Episode 217  Reward:  -0.133933  Wealth:     98412.35  Turnover: 0.7342  Gross: 1.3811  Gate: 0.7622
Episode 218  Reward:   0.171024  Wealth:    143593.36  Turnover: 0.6289  Gross: 1.4009  Gate: 0.8019
Episode 219  Reward:  -0.025986  Wealth:    109204.46  Turnover: 0.4984  Gross: 1.3372  Gate: 0.6745
Episode 220  Reward:   0.045930  Wealth:    117275.58  Turnover: 0.5226  Gross: 1.3511  Gate: 0.7023
Episode    220  AvgReward:  -0.014487  Noise: 0.0968
Episode 221  Reward:   0.100096  Wealth:    128046.70  Turnover: 0.4053  Gross: 1.3915  Gate: 0.7830
Episode 222  Reward:   0.059854  Wealth:    118460.77  Turnover: 0.5945  Gross: 1.3319  Gate: 0.6638
Episode 223  Reward:   0.174084  Wealth:    138039.67  Turnover: 0.5473  Gross: 1.3427  Gate: 0.6854
Episode 224  Reward:  -0.029319  Wealth:    112221.60  Turnover: 0.4098  Gross: 1.3307  Gate: 0.6615
Episode 225  Reward:  -0.036166  Wealth:    105857.52  Turnover: 0.3772  Gross: 1.3479  Gate: 0.6958
Episode 226  Reward:  -0.023940  Wealth:    110898.60  Turnover: 0.7392  Gross: 1.3954  Gate: 0.7907
Episode 227  Reward:  -0.024518  Wealth:    110924.91  Turnover: 0.6034  Gross: 1.3662  Gate: 0.7325
Episode 228  Reward:  -0.144924  Wealth:     95956.69  Turnover: 0.5529  Gross: 1.3403  Gate: 0.6806
Episode 229  Reward:   0.051503  Wealth:    118988.05  Turnover: 0.5006  Gross: 1.3466  Gate: 0.6932
Episode 230  Reward:  -0.002680  Wealth:    111985.44  Turnover: 0.5077  Gross: 1.3784  Gate: 0.7568
Episode    230  AvgReward:   0.012399  Noise: 0.0948
Episode 231  Reward:  -0.166074  Wealth:     96698.87  Turnover: 0.4641  Gross: 1.3897  Gate: 0.7794
Episode 232  Reward:  -0.211433  Wealth:     93239.01  Turnover: 0.6136  Gross: 1.3954  Gate: 0.7908
Episode 233  Reward:  -0.141273  Wealth:     97678.40  Turnover: 0.6377  Gross: 1.3875  Gate: 0.7750
Episode 234  Reward:   0.019162  Wealth:    116032.96  Turnover: 0.3833  Gross: 1.4012  Gate: 0.8024
Episode 235  Reward:   0.023969  Wealth:    115772.67  Turnover: 0.6877  Gross: 1.3815  Gate: 0.7630
Episode 236  Reward:   0.145121  Wealth:    139142.15  Turnover: 0.4055  Gross: 1.3665  Gate: 0.7331
Episode 237  Reward:  -0.393740  Wealth:     78797.08  Turnover: 0.5191  Gross: 1.3824  Gate: 0.7649
Episode 238  Reward:   0.197226  Wealth:    148448.90  Turnover: 0.4506  Gross: 1.3974  Gate: 0.7949
Episode 239  Reward:  -0.121648  Wealth:    101103.49  Turnover: 0.5296  Gross: 1.4029  Gate: 0.8058
Episode 240  Reward:   0.177995  Wealth:    145144.49  Turnover: 0.6112  Gross: 1.3961  Gate: 0.7922
Episode    240  AvgReward:  -0.047069  Noise: 0.0930
Episode 241  Reward:  -0.100876  Wealth:    101535.27  Turnover: 0.6743  Gross: 1.3523  Gate: 0.7047
Episode 242  Reward:   0.212518  Wealth:    149211.95  Turnover: 0.7611  Gross: 1.3922  Gate: 0.7845
Episode 243  Reward:   0.375610  Wealth:    197213.22  Turnover: 0.6522  Gross: 1.3489  Gate: 0.6978
Episode 244  Reward:  -0.282471  Wealth:     86240.66  Turnover: 0.6736  Gross: 1.3855  Gate: 0.7711
Episode 245  Reward:  -0.043169  Wealth:    108280.95  Turnover: 0.4771  Gross: 1.3905  Gate: 0.7811
Episode 246  Reward:   0.373472  Wealth:    201579.86  Turnover: 0.5947  Gross: 1.3828  Gate: 0.7657
Episode 247  Reward:   0.055686  Wealth:    120889.23  Turnover: 0.5232  Gross: 1.3183  Gate: 0.6365
Episode 248  Reward:   0.149341  Wealth:    137363.07  Turnover: 0.6725  Gross: 1.3946  Gate: 0.7892
Episode 249  Reward:  -0.046974  Wealth:    107781.66  Turnover: 0.6915  Gross: 1.3999  Gate: 0.7997
Episode 250  Reward:  -0.043380  Wealth:    109723.99  Turnover: 0.5198  Gross: 1.3444  Gate: 0.6889
Episode    250  AvgReward:   0.064976  Noise: 0.0911
Episode 251  Reward:  -0.007388  Wealth:    110860.67  Turnover: 0.2989  Gross: 1.3811  Gate: 0.7621
Episode 252  Reward:   0.158272  Wealth:    138151.41  Turnover: 0.5727  Gross: 1.3758  Gate: 0.7515
Episode 253  Reward:   0.146063  Wealth:    136560.88  Turnover: 0.4199  Gross: 1.3807  Gate: 0.7614
Episode 254  Reward:   0.106906  Wealth:    124950.28  Turnover: 0.4791  Gross: 1.3724  Gate: 0.7447
Episode 255  Reward:  -0.383451  Wealth:     78374.28  Turnover: 0.3165  Gross: 1.4058  Gate: 0.8117
Episode 256  Reward:  -0.090382  Wealth:    103576.83  Turnover: 0.9069  Gross: 1.3819  Gate: 0.7638
Episode 257  Reward:   0.105212  Wealth:    130362.61  Turnover: 0.6788  Gross: 1.3656  Gate: 0.7312
Episode 258  Reward:  -0.093165  Wealth:    102073.58  Turnover: 0.3986  Gross: 1.3927  Gate: 0.7854
Episode 259  Reward:  -0.092986  Wealth:    102005.38  Turnover: 0.5408  Gross: 1.3939  Gate: 0.7878
Episode 260  Reward:   0.033763  Wealth:    118724.22  Turnover: 0.6253  Gross: 1.3542  Gate: 0.7084
Episode    260  AvgReward:  -0.011716  Noise: 0.0893
Episode 261  Reward:  -0.229760  Wealth:     90405.93  Turnover: 0.6807  Gross: 1.3474  Gate: 0.6948
Episode 262  Reward:   0.103968  Wealth:    127873.73  Turnover: 0.7689  Gross: 1.3887  Gate: 0.7773
Episode 263  Reward:   0.136272  Wealth:    137188.22  Turnover: 0.6067  Gross: 1.3688  Gate: 0.7376
Episode 264  Reward:  -0.140587  Wealth:     99263.72  Turnover: 0.3887  Gross: 1.3624  Gate: 0.7249
Episode 265  Reward:   0.161754  Wealth:    135379.92  Turnover: 0.4145  Gross: 1.3713  Gate: 0.7427
Episode 266  Reward:   0.145399  Wealth:    135794.71  Turnover: 0.6245  Gross: 1.3992  Gate: 0.7985
Episode 267  Reward:  -0.191677  Wealth:     93559.17  Turnover: 0.3892  Gross: 1.3940  Gate: 0.7879
Episode 268  Reward:   0.000099  Wealth:    111452.26  Turnover: 0.5940  Gross: 1.3915  Gate: 0.7829
Episode 269  Reward:  -0.189983  Wealth:     92770.28  Turnover: 0.3124  Gross: 1.3981  Gate: 0.7961
Episode 270  Reward:  -0.000997  Wealth:    115298.10  Turnover: 0.4000  Gross: 1.3701  Gate: 0.7401
Episode    270  AvgReward:  -0.020551  Noise: 0.0875
Episode 271  Reward:   0.101224  Wealth:    129568.61  Turnover: 0.3833  Gross: 1.3987  Gate: 0.7973
Episode 272  Reward:   0.015435  Wealth:    116207.57  Turnover: 0.4908  Gross: 1.3848  Gate: 0.7696
Episode 273  Reward:   0.026881  Wealth:    115549.78  Turnover: 0.5276  Gross: 1.3700  Gate: 0.7399
Episode 274  Reward:  -0.140858  Wealth:     96889.38  Turnover: 0.5065  Gross: 1.4146  Gate: 0.8292
Episode 275  Reward:  -0.159462  Wealth:     95455.50  Turnover: 0.4026  Gross: 1.3777  Gate: 0.7554
Episode 276  Reward:   0.103904  Wealth:    129018.76  Turnover: 0.5470  Gross: 1.3498  Gate: 0.6997
Episode 277  Reward:   0.211129  Wealth:    144958.65  Turnover: 0.6687  Gross: 1.3391  Gate: 0.6783
Episode 278  Reward:   0.006628  Wealth:    114523.68  Turnover: 0.4465  Gross: 1.3832  Gate: 0.7664
Episode 279  Reward:   0.019059  Wealth:    117607.93  Turnover: 0.2770  Gross: 1.3362  Gate: 0.6723
Episode 280  Reward:  -0.215938  Wealth:     91713.42  Turnover: 0.5189  Gross: 1.3992  Gate: 0.7983
Episode    280  AvgReward:  -0.003200  Noise: 0.0858
Episode 281  Reward:   0.142348  Wealth:    135383.02  Turnover: 0.6172  Gross: 1.3784  Gate: 0.7568
Episode 282  Reward:   0.325048  Wealth:    180872.37  Turnover: 0.5595  Gross: 1.3781  Gate: 0.7563
Episode 283  Reward:   0.176476  Wealth:    135929.41  Turnover: 0.4267  Gross: 1.3539  Gate: 0.7078
Episode 284  Reward:  -0.348473  Wealth:     80777.51  Turnover: 0.4211  Gross: 1.3939  Gate: 0.7878
Episode 285  Reward:  -0.067840  Wealth:    103202.79  Turnover: 0.5700  Gross: 1.3921  Gate: 0.7843
Episode 286  Reward:  -0.024985  Wealth:    112470.87  Turnover: 0.4191  Gross: 1.3842  Gate: 0.7684
Episode 287  Reward:   0.039542  Wealth:    118081.32  Turnover: 0.5264  Gross: 1.3897  Gate: 0.7794
Episode 288  Reward:   0.021694  Wealth:    117613.49  Turnover: 0.4557  Gross: 1.3863  Gate: 0.7726
Episode 289  Reward:   0.341672  Wealth:    189644.71  Turnover: 0.4072  Gross: 1.3825  Gate: 0.7651
Episode 290  Reward:  -0.330047  Wealth:     83076.83  Turnover: 0.5926  Gross: 1.3945  Gate: 0.7891
Episode    290  AvgReward:   0.027544  Noise: 0.0841
Episode 291  Reward:  -0.105153  Wealth:    102995.62  Turnover: 0.2923  Gross: 1.3970  Gate: 0.7941
Episode 292  Reward:  -0.350292  Wealth:     80353.38  Turnover: 0.3877  Gross: 1.3975  Gate: 0.7950
Episode 293  Reward:  -0.202417  Wealth:     91836.90  Turnover: 0.5549  Gross: 1.4044  Gate: 0.8089
Episode 294  Reward:   0.197128  Wealth:    144568.29  Turnover: 0.3097  Gross: 1.3345  Gate: 0.6690
Episode 295  Reward:   0.211256  Wealth:    144036.05  Turnover: 0.3721  Gross: 1.3747  Gate: 0.7495
Episode 296  Reward:  -0.409575  Wealth:     78033.80  Turnover: 0.3708  Gross: 1.3739  Gate: 0.7477
Episode 297  Reward:  -0.263554  Wealth:     86613.18  Turnover: 0.3981  Gross: 1.3939  Gate: 0.7878
Episode 298  Reward:  -0.057511  Wealth:    105581.04  Turnover: 0.2706  Gross: 1.3973  Gate: 0.7946
Episode 299  Reward:  -0.014578  Wealth:    113580.60  Turnover: 0.4283  Gross: 1.3938  Gate: 0.7876
Episode 300  Reward:   0.177112  Wealth:    139588.39  Turnover: 0.4200  Gross: 1.3353  Gate: 0.6706
Episode    300  AvgReward:  -0.081759  Noise: 0.0824
Episode 301  Reward:  -0.098021  Wealth:    100272.54  Turnover: 0.5042  Gross: 1.3554  Gate: 0.7107
Episode 302  Reward:   0.305257  Wealth:    174445.64  Turnover: 0.5471  Gross: 1.3881  Gate: 0.7761
Episode 303  Reward:   0.291424  Wealth:    168889.90  Turnover: 0.5426  Gross: 1.3511  Gate: 0.7022
Episode 304  Reward:  -0.022501  Wealth:    110281.07  Turnover: 0.5668  Gross: 1.3896  Gate: 0.7792
Episode 305  Reward:  -0.171812  Wealth:     96496.74  Turnover: 0.4970  Gross: 1.3882  Gate: 0.7763
Episode 306  Reward:  -0.019439  Wealth:    110996.76  Turnover: 0.5265  Gross: 1.4029  Gate: 0.8059
Episode 307  Reward:  -0.010777  Wealth:    110062.61  Turnover: 0.3373  Gross: 1.3814  Gate: 0.7627
Episode 308  Reward:  -0.291648  Wealth:     84897.20  Turnover: 0.2885  Gross: 1.4029  Gate: 0.8058
Episode 309  Reward:  -0.096748  Wealth:    103114.33  Turnover: 0.5866  Gross: 1.4018  Gate: 0.8037
Episode 310  Reward:  -0.188391  Wealth:     92949.75  Turnover: 0.5221  Gross: 1.3671  Gate: 0.7341
Episode    310  AvgReward:  -0.030266  Noise: 0.0808
Episode 311  Reward:   0.081581  Wealth:    127538.13  Turnover: 0.6513  Gross: 1.3940  Gate: 0.7881
Episode 312  Reward:  -0.307558  Wealth:     84236.66  Turnover: 0.5397  Gross: 1.3739  Gate: 0.7477
Episode 313  Reward:   0.093661  Wealth:    125017.45  Turnover: 0.4920  Gross: 1.3890  Gate: 0.7780
Episode 314  Reward:   0.278150  Wealth:    166567.89  Turnover: 0.4456  Gross: 1.3967  Gate: 0.7934
Episode 315  Reward:  -0.152040  Wealth:     95896.13  Turnover: 0.4077  Gross: 1.3952  Gate: 0.7905
Episode 316  Reward:   0.019951  Wealth:    117580.59  Turnover: 0.3899  Gross: 1.3947  Gate: 0.7894
Episode 317  Reward:   0.155580  Wealth:    138392.00  Turnover: 0.7526  Gross: 1.4090  Gate: 0.8181
Episode 318  Reward:   0.184403  Wealth:    145552.56  Turnover: 0.5273  Gross: 1.3664  Gate: 0.7329
Episode 319  Reward:   0.041514  Wealth:    117003.61  Turnover: 0.3848  Gross: 1.3729  Gate: 0.7459
Episode 320  Reward:  -0.099117  Wealth:    102098.97  Turnover: 0.5192  Gross: 1.3816  Gate: 0.7633
Episode    320  AvgReward:   0.029612  Noise: 0.0792
Episode 321  Reward:   0.223259  Wealth:    147948.33  Turnover: 0.4555  Gross: 1.3936  Gate: 0.7871
Episode 322  Reward:   0.043327  Wealth:    117375.93  Turnover: 0.4789  Gross: 1.3924  Gate: 0.7848
Episode 323  Reward:  -0.264985  Wealth:     86379.45  Turnover: 0.4371  Gross: 1.3894  Gate: 0.7789
Episode 324  Reward:   0.244163  Wealth:    161140.24  Turnover: 0.5178  Gross: 1.3639  Gate: 0.7279
Episode 325  Reward:  -0.150242  Wealth:     97402.53  Turnover: 0.4647  Gross: 1.3671  Gate: 0.7341
Episode 326  Reward:  -0.042038  Wealth:    108338.95  Turnover: 0.4982  Gross: 1.3950  Gate: 0.7900
Episode 327  Reward:   0.104443  Wealth:    130899.53  Turnover: 0.5389  Gross: 1.3753  Gate: 0.7507
Episode 328  Reward:  -0.128720  Wealth:     99163.32  Turnover: 0.7412  Gross: 1.3870  Gate: 0.7740
Episode 329  Reward:  -0.310508  Wealth:     84960.00  Turnover: 0.7104  Gross: 1.3860  Gate: 0.7720
Episode 330  Reward:   0.197330  Wealth:    148702.63  Turnover: 0.5242  Gross: 1.3943  Gate: 0.7886
Episode    330  AvgReward:  -0.008397  Noise: 0.0776
Episode 331  Reward:   0.085728  Wealth:    122813.73  Turnover: 0.3189  Gross: 1.3637  Gate: 0.7273
Episode 332  Reward:  -0.001358  Wealth:    110782.36  Turnover: 0.3742  Gross: 1.3669  Gate: 0.7337
Episode 333  Reward:   0.215533  Wealth:    147867.55  Turnover: 0.4931  Gross: 1.3829  Gate: 0.7658
Episode 334  Reward:   0.154555  Wealth:    139313.48  Turnover: 0.6644  Gross: 1.3944  Gate: 0.7889
Episode 335  Reward:  -0.428109  Wealth:     76610.56  Turnover: 0.5158  Gross: 1.4029  Gate: 0.8057
Episode 336  Reward:  -0.144828  Wealth:     97965.73  Turnover: 0.1168  Gross: 1.3935  Gate: 0.7869
Episode 337  Reward:   0.061191  Wealth:    121978.62  Turnover: 0.5716  Gross: 1.3901  Gate: 0.7802
Episode 338  Reward:   0.260373  Wealth:    163184.53  Turnover: 0.4472  Gross: 1.3694  Gate: 0.7389
Episode 339  Reward:   0.460660  Wealth:    242233.22  Turnover: 0.3969  Gross: 1.3680  Gate: 0.7361
Episode 340  Reward:   0.004460  Wealth:    115175.98  Turnover: 0.5745  Gross: 1.3810  Gate: 0.7620
Episode    340  AvgReward:   0.066820  Noise: 0.0761
Episode 341  Reward:   0.181232  Wealth:    137926.93  Turnover: 0.3388  Gross: 1.3819  Gate: 0.7637
Episode 342  Reward:  -0.094362  Wealth:    101059.08  Turnover: 0.4745  Gross: 1.3723  Gate: 0.7445
Episode 343  Reward:   0.172916  Wealth:    143686.38  Turnover: 0.6599  Gross: 1.3967  Gate: 0.7934
Episode 344  Reward:  -0.144119  Wealth:     98821.81  Turnover: 0.3970  Gross: 1.3782  Gate: 0.7565
Episode 345  Reward:   0.053375  Wealth:    121147.44  Turnover: 0.6231  Gross: 1.4017  Gate: 0.8033
Episode 346  Reward:  -0.329447  Wealth:     82864.96  Turnover: 0.5700  Gross: 1.3451  Gate: 0.6902
Episode 347  Reward:  -0.161666  Wealth:     95592.89  Turnover: 0.3906  Gross: 1.4114  Gate: 0.8228
Episode 348  Reward:  -0.465800  Wealth:     74266.57  Turnover: 0.4158  Gross: 1.3963  Gate: 0.7927
Episode 349  Reward:   0.185339  Wealth:    140717.28  Turnover: 0.5490  Gross: 1.3668  Gate: 0.7336
Episode 350  Reward:   0.044187  Wealth:    118230.00  Turnover: 0.3592  Gross: 1.3968  Gate: 0.7935
Episode    350  AvgReward:  -0.055835  Noise: 0.0746
Episode 351  Reward:   0.317306  Wealth:    180585.73  Turnover: 0.4551  Gross: 1.3831  Gate: 0.7661
Episode 352  Reward:  -0.288689  Wealth:     87068.88  Turnover: 0.3770  Gross: 1.4009  Gate: 0.8018
Episode 353  Reward:  -0.082339  Wealth:    102865.58  Turnover: 0.4917  Gross: 1.3823  Gate: 0.7647
Episode 354  Reward:  -0.871420  Wealth:     57308.79  Turnover: 0.4260  Gross: 1.3685  Gate: 0.7371
Episode 355  Reward:   0.008406  Wealth:    115988.98  Turnover: 0.5924  Gross: 1.3810  Gate: 0.7621
Episode 356  Reward:   0.270049  Wealth:    160609.23  Turnover: 0.3575  Gross: 1.3695  Gate: 0.7389
Episode 357  Reward:  -0.315002  Wealth:     83451.96  Turnover: 0.6309  Gross: 1.3979  Gate: 0.7958
Episode 358  Reward:  -0.507343  Wealth:     73292.77  Turnover: 0.3768  Gross: 1.4008  Gate: 0.8017
Episode 359  Reward:  -0.177376  Wealth:     95284.04  Turnover: 0.6472  Gross: 1.3797  Gate: 0.7595
Episode 360  Reward:  -0.022181  Wealth:    112034.49  Turnover: 0.5989  Gross: 1.3922  Gate: 0.7844
Episode    360  AvgReward:  -0.166859  Noise: 0.0731
Episode 361  Reward:   0.335502  Wealth:    178359.06  Turnover: 0.6180  Gross: 1.3850  Gate: 0.7700
Episode 362  Reward:   0.110369  Wealth:    126476.66  Turnover: 0.3456  Gross: 1.3792  Gate: 0.7584
Episode 363  Reward:   0.035004  Wealth:    117027.46  Turnover: 0.5832  Gross: 1.3978  Gate: 0.7957
Episode 364  Reward:  -0.021268  Wealth:    113717.52  Turnover: 0.4870  Gross: 1.3917  Gate: 0.7834
Episode 365  Reward:   0.107302  Wealth:    128230.14  Turnover: 0.4515  Gross: 1.3788  Gate: 0.7576
Episode 366  Reward:   0.023896  Wealth:    116171.63  Turnover: 0.5217  Gross: 1.3934  Gate: 0.7868
Episode 367  Reward:   0.065035  Wealth:    119342.07  Turnover: 0.3021  Gross: 1.3754  Gate: 0.7507
Episode 368  Reward:  -0.049759  Wealth:    108800.03  Turnover: 0.4635  Gross: 1.3874  Gate: 0.7748
Episode 369  Reward:   0.386282  Wealth:    195577.39  Turnover: 0.4976  Gross: 1.3826  Gate: 0.7652
Episode 370  Reward:  -0.173588  Wealth:     94969.71  Turnover: 0.5138  Gross: 1.3742  Gate: 0.7483
Episode    370  AvgReward:   0.081878  Noise: 0.0717
Episode 371  Reward:   0.026589  Wealth:    117540.16  Turnover: 0.6374  Gross: 1.3824  Gate: 0.7647
Episode 372  Reward:   0.276310  Wealth:    162043.22  Turnover: 0.3932  Gross: 1.3814  Gate: 0.7628
Episode 373  Reward:   0.146772  Wealth:    132348.84  Turnover: 0.3797  Gross: 1.3772  Gate: 0.7544
Episode 374  Reward:   0.144148  Wealth:    138423.04  Turnover: 0.5800  Gross: 1.3905  Gate: 0.7810
Episode 375  Reward:   0.070972  Wealth:    121018.54  Turnover: 0.4882  Gross: 1.3946  Gate: 0.7892
Episode 376  Reward:   0.011059  Wealth:    115295.63  Turnover: 0.4622  Gross: 1.3983  Gate: 0.7966
Episode 377  Reward:   0.025311  Wealth:    118716.54  Turnover: 0.5892  Gross: 1.3936  Gate: 0.7873
Episode 378  Reward:   0.249887  Wealth:    160915.64  Turnover: 0.5306  Gross: 1.3595  Gate: 0.7191
Episode 379  Reward:   0.239900  Wealth:    155968.15  Turnover: 0.6608  Gross: 1.3798  Gate: 0.7596
Episode 380  Reward:  -0.087682  Wealth:    103818.15  Turnover: 0.6275  Gross: 1.3973  Gate: 0.7946
Episode    380  AvgReward:   0.110327  Noise: 0.0702
Episode 381  Reward:  -0.265628  Wealth:     87003.83  Turnover: 0.5948  Gross: 1.3877  Gate: 0.7754
Episode 382  Reward:  -0.166701  Wealth:     95203.65  Turnover: 0.6055  Gross: 1.3856  Gate: 0.7712
Episode 383  Reward:  -0.263192  Wealth:     87429.57  Turnover: 0.7810  Gross: 1.3948  Gate: 0.7896
Episode 384  Reward:   0.111883  Wealth:    125910.12  Turnover: 0.3006  Gross: 1.3909  Gate: 0.7819
Episode 385  Reward:   0.092137  Wealth:    125039.65  Turnover: 0.4089  Gross: 1.4025  Gate: 0.8051
Episode 386  Reward:  -0.309254  Wealth:     83962.04  Turnover: 0.3208  Gross: 1.3980  Gate: 0.7959
Episode 387  Reward:   0.259115  Wealth:    161153.42  Turnover: 0.6433  Gross: 1.3931  Gate: 0.7862
Episode 388  Reward:   0.189502  Wealth:    144311.20  Turnover: 0.5610  Gross: 1.3782  Gate: 0.7565
Episode 389  Reward:  -0.026811  Wealth:    111789.58  Turnover: 0.4656  Gross: 1.3898  Gate: 0.7796
Episode 390  Reward:   0.238886  Wealth:    154434.55  Turnover: 0.6023  Gross: 1.3838  Gate: 0.7677
Episode    390  AvgReward:  -0.014006  Noise: 0.0688
Episode 391  Reward:  -0.034819  Wealth:    110675.58  Turnover: 0.5434  Gross: 1.3758  Gate: 0.7516
Episode 392  Reward:   0.258267  Wealth:    158457.50  Turnover: 0.6255  Gross: 1.3907  Gate: 0.7813
Episode 393  Reward:   0.156511  Wealth:    134239.18  Turnover: 0.5448  Gross: 1.3869  Gate: 0.7738
Episode 394  Reward:  -0.820336  Wealth:     58887.43  Turnover: 0.5766  Gross: 1.3784  Gate: 0.7568
Episode 395  Reward:  -0.080864  Wealth:    102062.84  Turnover: 0.4569  Gross: 1.3822  Gate: 0.7643
Episode 396  Reward:   0.015117  Wealth:    117141.97  Turnover: 0.6198  Gross: 1.3842  Gate: 0.7684
Episode 397  Reward:   0.152681  Wealth:    137117.09  Turnover: 0.6048  Gross: 1.3875  Gate: 0.7749
Episode 398  Reward:   0.074075  Wealth:    125172.90  Turnover: 0.7239  Gross: 1.3948  Gate: 0.7896
Episode 399  Reward:   0.075596  Wealth:    122741.65  Turnover: 0.6215  Gross: 1.3540  Gate: 0.7079
Episode 400  Reward:  -0.417250  Wealth:     76616.20  Turnover: 0.7216  Gross: 1.3839  Gate: 0.7679
Episode    400  AvgReward:  -0.062102  Noise: 0.0675
Episode 401  Reward:   0.026125  Wealth:    116518.50  Turnover: 0.4293  Gross: 1.3824  Gate: 0.7649
Episode 402  Reward:  -0.160966  Wealth:     94149.52  Turnover: 0.6472  Gross: 1.3443  Gate: 0.6887
Episode 403  Reward:   0.204809  Wealth:    148618.57  Turnover: 0.5844  Gross: 1.3807  Gate: 0.7614
Episode 404  Reward:  -0.401943  Wealth:     78706.90  Turnover: 0.5566  Gross: 1.3804  Gate: 0.7609
Episode 405  Reward:  -0.176289  Wealth:     95645.53  Turnover: 0.6159  Gross: 1.3888  Gate: 0.7776
Episode 406  Reward:   0.017418  Wealth:    116267.68  Turnover: 0.5585  Gross: 1.3914  Gate: 0.7828
Episode 407  Reward:   0.003865  Wealth:    113428.21  Turnover: 0.4756  Gross: 1.3920  Gate: 0.7840
Episode 408  Reward:   0.017175  Wealth:    111991.33  Turnover: 0.4554  Gross: 1.3830  Gate: 0.7660
Episode 409  Reward:  -0.185130  Wealth:     92570.68  Turnover: 0.4885  Gross: 1.3981  Gate: 0.7962
Episode 410  Reward:  -0.271150  Wealth:     87992.17  Turnover: 0.2948  Gross: 1.3984  Gate: 0.7969
Episode    410  AvgReward:  -0.092609  Noise: 0.0661
Episode 411  Reward:  -0.387295  Wealth:     78827.87  Turnover: 0.5541  Gross: 1.3757  Gate: 0.7514
Episode 412  Reward:   0.298759  Wealth:    171309.66  Turnover: 0.7403  Gross: 1.4002  Gate: 0.8005
Episode 413  Reward:   0.152611  Wealth:    137037.16  Turnover: 0.6605  Gross: 1.3676  Gate: 0.7352
Episode 414  Reward:   0.063985  Wealth:    118493.83  Turnover: 0.4905  Gross: 1.3759  Gate: 0.7519
Episode 415  Reward:   0.010600  Wealth:    111755.69  Turnover: 0.5248  Gross: 1.3801  Gate: 0.7602
Episode 416  Reward:   0.266598  Wealth:    160346.93  Turnover: 0.5749  Gross: 1.3853  Gate: 0.7705
Episode 417  Reward:  -0.125055  Wealth:    100745.34  Turnover: 0.5074  Gross: 1.3806  Gate: 0.7611
Episode 418  Reward:  -0.125324  Wealth:     98935.59  Turnover: 0.7699  Gross: 1.3905  Gate: 0.7810
Episode 419  Reward:   0.154874  Wealth:    135114.90  Turnover: 0.5510  Gross: 1.3762  Gate: 0.7525
Episode 420  Reward:   0.259800  Wealth:    162946.13  Turnover: 0.6716  Gross: 1.3979  Gate: 0.7958
Episode    420  AvgReward:   0.056955  Noise: 0.0648
Episode 421  Reward:  -0.096423  Wealth:    101840.10  Turnover: 0.5988  Gross: 1.4082  Gate: 0.8164
Episode 422  Reward:   0.035009  Wealth:    116348.05  Turnover: 0.2181  Gross: 1.3687  Gate: 0.7374
Episode 423  Reward:   0.031045  Wealth:    116651.15  Turnover: 0.5592  Gross: 1.3877  Gate: 0.7753
Episode 424  Reward:   0.126516  Wealth:    129460.62  Turnover: 0.4618  Gross: 1.3551  Gate: 0.7102
Episode 425  Reward:   0.374819  Wealth:    192379.33  Turnover: 0.5539  Gross: 1.3797  Gate: 0.7594
Episode 426  Reward:   0.117211  Wealth:    126486.42  Turnover: 0.2857  Gross: 1.3294  Gate: 0.6587
Episode 427  Reward:  -0.098862  Wealth:    100991.89  Turnover: 0.5937  Gross: 1.3944  Gate: 0.7889
Episode 428  Reward:  -0.100891  Wealth:     98975.63  Turnover: 0.4688  Gross: 1.3805  Gate: 0.7610
Episode 429  Reward:  -0.005328  Wealth:    114730.56  Turnover: 0.4841  Gross: 1.3890  Gate: 0.7779
Episode 430  Reward:   0.104757  Wealth:    127800.62  Turnover: 0.5581  Gross: 1.3639  Gate: 0.7277
Episode    430  AvgReward:   0.048785  Noise: 0.0635
Episode 431  Reward:   0.033853  Wealth:    114686.99  Turnover: 0.5541  Gross: 1.3575  Gate: 0.7151
Episode 432  Reward:  -0.171575  Wealth:     93924.60  Turnover: 0.5999  Gross: 1.3939  Gate: 0.7879
Episode 433  Reward:  -0.201424  Wealth:     92900.46  Turnover: 0.4982  Gross: 1.3712  Gate: 0.7424
Episode 434  Reward:  -0.138012  Wealth:     98331.31  Turnover: 0.6884  Gross: 1.3850  Gate: 0.7701
Episode 435  Reward:   0.142285  Wealth:    132821.38  Turnover: 0.4829  Gross: 1.4031  Gate: 0.8063
Episode 436  Reward:   0.128934  Wealth:    129832.59  Turnover: 0.4399  Gross: 1.3815  Gate: 0.7629
Episode 437  Reward:   0.199588  Wealth:    144104.23  Turnover: 0.5860  Gross: 1.3882  Gate: 0.7764
Episode 438  Reward:   0.141386  Wealth:    132574.55  Turnover: 0.4646  Gross: 1.3769  Gate: 0.7538
Episode 439  Reward:   0.081903  Wealth:    126405.36  Turnover: 0.7522  Gross: 1.4089  Gate: 0.8178
Episode 440  Reward:  -0.053992  Wealth:    106129.80  Turnover: 0.6908  Gross: 1.3738  Gate: 0.7477
Episode    440  AvgReward:   0.016295  Noise: 0.0623
Episode 441  Reward:   0.281480  Wealth:    167688.66  Turnover: 0.8536  Gross: 1.4016  Gate: 0.8032
Episode 442  Reward:   0.074197  Wealth:    124006.15  Turnover: 0.6438  Gross: 1.3666  Gate: 0.7332
Episode 443  Reward:   0.201676  Wealth:    140804.68  Turnover: 0.5680  Gross: 1.3707  Gate: 0.7414
Episode 444  Reward:   0.044897  Wealth:    117304.03  Turnover: 0.6353  Gross: 1.3827  Gate: 0.7654
Episode 445  Reward:   0.050531  Wealth:    117349.01  Turnover: 0.4311  Gross: 1.3879  Gate: 0.7759
Episode 446  Reward:   0.221951  Wealth:    148722.58  Turnover: 0.4261  Gross: 1.3815  Gate: 0.7630
Episode 447  Reward:   0.141070  Wealth:    132626.39  Turnover: 0.5958  Gross: 1.3671  Gate: 0.7342
Episode 448  Reward:  -0.409772  Wealth:     78555.83  Turnover: 0.3985  Gross: 1.3880  Gate: 0.7761
Episode 449  Reward:   0.216500  Wealth:    147027.73  Turnover: 0.4095  Gross: 1.3849  Gate: 0.7698
Episode 450  Reward:   0.128233  Wealth:    131147.91  Turnover: 0.3961  Gross: 1.3624  Gate: 0.7248
Episode    450  AvgReward:   0.095076  Noise: 0.0611
Episode 451  Reward:   0.075724  Wealth:    121746.76  Turnover: 0.6727  Gross: 1.3889  Gate: 0.7778
Episode 452  Reward:  -0.247585  Wealth:     87726.67  Turnover: 0.4052  Gross: 1.3634  Gate: 0.7267
Episode 453  Reward:  -0.204365  Wealth:     91689.78  Turnover: 0.7924  Gross: 1.3806  Gate: 0.7612
Episode 454  Reward:   0.041692  Wealth:    116906.27  Turnover: 0.6342  Gross: 1.3597  Gate: 0.7194
Episode 455  Reward:   0.025563  Wealth:    114514.81  Turnover: 0.4847  Gross: 1.3393  Gate: 0.6785
Episode 456  Reward:   0.137740  Wealth:    131699.25  Turnover: 0.3805  Gross: 1.3940  Gate: 0.7880
Episode 457  Reward:   0.173649  Wealth:    137661.38  Turnover: 0.6109  Gross: 1.3883  Gate: 0.7765
Episode 458  Reward:   0.155077  Wealth:    137117.75  Turnover: 0.4550  Gross: 1.3793  Gate: 0.7587
Episode 459  Reward:   0.048014  Wealth:    118699.23  Turnover: 0.6782  Gross: 1.3833  Gate: 0.7666
Episode 460  Reward:   0.217839  Wealth:    145553.95  Turnover: 0.4550  Gross: 1.3902  Gate: 0.7804
Episode    460  AvgReward:   0.042335  Noise: 0.0598
Episode 461  Reward:   0.055182  Wealth:    118299.22  Turnover: 0.3661  Gross: 1.4026  Gate: 0.8052
Episode 462  Reward:   0.237363  Wealth:    147947.50  Turnover: 0.5545  Gross: 1.3585  Gate: 0.7170
Episode 463  Reward:   0.111031  Wealth:    129523.62  Turnover: 0.7212  Gross: 1.3929  Gate: 0.7859
Episode 464  Reward:   0.192574  Wealth:    145497.23  Turnover: 0.4738  Gross: 1.3715  Gate: 0.7430
Episode 465  Reward:  -0.359926  Wealth:     80477.79  Turnover: 0.7737  Gross: 1.3942  Gate: 0.7884
Episode 466  Reward:  -0.041262  Wealth:    105218.48  Turnover: 0.4060  Gross: 1.3837  Gate: 0.7674
Episode 467  Reward:   0.017310  Wealth:    114420.29  Turnover: 0.8072  Gross: 1.3935  Gate: 0.7871
Episode 468  Reward:   0.067179  Wealth:    119861.53  Turnover: 0.4282  Gross: 1.3978  Gate: 0.7956
Episode 469  Reward:  -0.410589  Wealth:     77697.48  Turnover: 0.7314  Gross: 1.3784  Gate: 0.7567
Episode 470  Reward:  -0.127188  Wealth:     99927.82  Turnover: 0.6023  Gross: 1.3773  Gate: 0.7546
Episode    470  AvgReward:  -0.025833  Noise: 0.0587
Episode 471  Reward:  -0.279414  Wealth:     85600.55  Turnover: 0.6421  Gross: 1.4069  Gate: 0.8138
Episode 472  Reward:   0.160337  Wealth:    139584.57  Turnover: 0.4636  Gross: 1.3956  Gate: 0.7912
Episode 473  Reward:  -0.060493  Wealth:    105073.07  Turnover: 0.6729  Gross: 1.4033  Gate: 0.8067
Episode 474  Reward:   0.320320  Wealth:    178633.38  Turnover: 0.6994  Gross: 1.3865  Gate: 0.7729
Episode 475  Reward:  -0.039859  Wealth:    105965.42  Turnover: 0.5078  Gross: 1.3946  Gate: 0.7892
Episode 476  Reward:   0.020461  Wealth:    113782.52  Turnover: 0.4569  Gross: 1.3874  Gate: 0.7748
Episode 477  Reward:  -0.229335  Wealth:     88337.00  Turnover: 0.7382  Gross: 1.3665  Gate: 0.7331
Episode 478  Reward:  -0.326662  Wealth:     82202.28  Turnover: 0.5871  Gross: 1.3889  Gate: 0.7779
Episode 479  Reward:  -0.154717  Wealth:     95360.75  Turnover: 0.7697  Gross: 1.3930  Gate: 0.7860
Episode 480  Reward:   0.084394  Wealth:    125348.05  Turnover: 0.8492  Gross: 1.4096  Gate: 0.8192
Episode    480  AvgReward:  -0.050497  Noise: 0.0575
Episode 481  Reward:   0.056078  Wealth:    118192.62  Turnover: 0.3776  Gross: 1.3985  Gate: 0.7969
Episode 482  Reward:   0.128835  Wealth:    128674.77  Turnover: 0.4471  Gross: 1.3957  Gate: 0.7914
Episode 483  Reward:   0.098734  Wealth:    126209.55  Turnover: 0.6034  Gross: 1.3890  Gate: 0.7781
Episode 484  Reward:  -0.212321  Wealth:     92122.80  Turnover: 0.5090  Gross: 1.3800  Gate: 0.7601
Episode 485  Reward:  -0.115449  Wealth:     96313.63  Turnover: 0.4412  Gross: 1.3507  Gate: 0.7014
Episode 486  Reward:   0.012359  Wealth:    114629.16  Turnover: 0.4868  Gross: 1.3615  Gate: 0.7229
Episode 487  Reward:  -0.203391  Wealth:     93864.45  Turnover: 0.6320  Gross: 1.3949  Gate: 0.7898
Episode 488  Reward:   0.143917  Wealth:    132647.21  Turnover: 0.2889  Gross: 1.3745  Gate: 0.7489
Episode 489  Reward:   0.301697  Wealth:    164942.70  Turnover: 0.4124  Gross: 1.3919  Gate: 0.7838
Episode 490  Reward:   0.159435  Wealth:    131875.79  Turnover: 0.4565  Gross: 1.3876  Gate: 0.7753
Episode    490  AvgReward:   0.036990  Noise: 0.0564
Episode 491  Reward:   0.242267  Wealth:    157932.43  Turnover: 0.6938  Gross: 1.3994  Gate: 0.7987
Episode 492  Reward:   0.222031  Wealth:    149259.94  Turnover: 0.5826  Gross: 1.3803  Gate: 0.7606
Episode 493  Reward:  -0.026535  Wealth:    111287.33  Turnover: 0.6451  Gross: 1.3755  Gate: 0.7509
Episode 494  Reward:  -0.057353  Wealth:    105319.81  Turnover: 0.6830  Gross: 1.4020  Gate: 0.8040
Episode 495  Reward:  -0.078432  Wealth:    103590.08  Turnover: 0.8231  Gross: 1.3575  Gate: 0.7151
Episode 496  Reward:   0.037257  Wealth:    117841.86  Turnover: 0.6810  Gross: 1.4028  Gate: 0.8056
Episode 497  Reward:  -0.126148  Wealth:     96572.28  Turnover: 0.5614  Gross: 1.3918  Gate: 0.7836
Episode 498  Reward:  -0.260531  Wealth:     85666.26  Turnover: 0.7781  Gross: 1.3867  Gate: 0.7734
Episode 499  Reward:   0.321437  Wealth:    172083.17  Turnover: 0.3305  Gross: 1.3883  Gate: 0.7766
Episode 500  Reward:  -0.269283  Wealth:     86611.42  Turnover: 0.5522  Gross: 1.3871  Gate: 0.7742
Episode    500  AvgReward:   0.000471  Noise: 0.0552
Episode 501  Reward:   0.134756  Wealth:    126618.94  Turnover: 0.3106  Gross: 1.3842  Gate: 0.7683
Episode 502  Reward:  -0.226808  Wealth:     87241.71  Turnover: 0.4123  Gross: 1.3330  Gate: 0.6661
Episode 503  Reward:  -0.012401  Wealth:    111880.16  Turnover: 0.5876  Gross: 1.3525  Gate: 0.7050
Episode 504  Reward:  -0.168035  Wealth:     95131.65  Turnover: 0.6589  Gross: 1.3965  Gate: 0.7929
Episode 505  Reward:   0.116452  Wealth:    127600.65  Turnover: 0.6253  Gross: 1.3540  Gate: 0.7080
Episode 506  Reward:   0.162594  Wealth:    137983.05  Turnover: 0.5714  Gross: 1.3786  Gate: 0.7573
Episode 507  Reward:   0.081374  Wealth:    123506.83  Turnover: 0.7023  Gross: 1.3622  Gate: 0.7244
Episode 508  Reward:   0.180493  Wealth:    136581.53  Turnover: 0.3516  Gross: 1.4036  Gate: 0.8071
Episode 509  Reward:   0.006172  Wealth:    111988.31  Turnover: 0.5935  Gross: 1.4017  Gate: 0.8033
Episode 510  Reward:   0.023367  Wealth:    112538.82  Turnover: 0.4369  Gross: 1.4008  Gate: 0.8015
Episode    510  AvgReward:   0.029796  Noise: 0.0541
Episode 511  Reward:  -0.375018  Wealth:     79291.82  Turnover: 0.5158  Gross: 1.3821  Gate: 0.7642
Episode 512  Reward:  -0.214464  Wealth:     89589.20  Turnover: 0.6825  Gross: 1.3945  Gate: 0.7889
Episode 513  Reward:  -0.012610  Wealth:    111589.78  Turnover: 0.5704  Gross: 1.3905  Gate: 0.7810
Episode 514  Reward:   0.241037  Wealth:    148674.79  Turnover: 0.3440  Gross: 1.3897  Gate: 0.7795
Episode 515  Reward:  -0.061690  Wealth:    104484.30  Turnover: 0.4588  Gross: 1.3888  Gate: 0.7776
Episode 516  Reward:  -0.151646  Wealth:     97278.26  Turnover: 0.5091  Gross: 1.3904  Gate: 0.7807
Episode 517  Reward:  -0.340565  Wealth:     80259.28  Turnover: 0.8681  Gross: 1.3596  Gate: 0.7193
Episode 518  Reward:   0.142518  Wealth:    132299.26  Turnover: 0.6044  Gross: 1.3967  Gate: 0.7935
Episode 519  Reward:   0.207661  Wealth:    145167.70  Turnover: 0.4206  Gross: 1.3940  Gate: 0.7879
Episode 520  Reward:   0.135261  Wealth:    131717.87  Turnover: 0.2352  Gross: 1.3943  Gate: 0.7885
Episode    520  AvgReward:  -0.042952  Noise: 0.0531
Episode 521  Reward:   0.252493  Wealth:    157218.28  Turnover: 0.3442  Gross: 1.3845  Gate: 0.7690
Episode 522  Reward:   0.207860  Wealth:    139991.56  Turnover: 0.5073  Gross: 1.3715  Gate: 0.7429
Episode 523  Reward:   0.058179  Wealth:    116046.00  Turnover: 0.4678  Gross: 1.3878  Gate: 0.7757
Episode 524  Reward:  -0.116957  Wealth:     98372.11  Turnover: 0.5421  Gross: 1.4024  Gate: 0.8048
Episode 525  Reward:   0.224895  Wealth:    146911.90  Turnover: 0.2975  Gross: 1.3918  Gate: 0.7837
Episode 526  Reward:   0.035257  Wealth:    115536.42  Turnover: 0.5828  Gross: 1.3830  Gate: 0.7660
Episode 527  Reward:   0.212856  Wealth:    147657.19  Turnover: 0.4385  Gross: 1.3936  Gate: 0.7871
Episode 528  Reward:  -0.192145  Wealth:     94073.28  Turnover: 0.6871  Gross: 1.3873  Gate: 0.7746
Episode 529  Reward:  -0.033859  Wealth:    106141.85  Turnover: 0.3348  Gross: 1.3753  Gate: 0.7506
Episode 530  Reward:   0.290483  Wealth:    171684.99  Turnover: 0.6984  Gross: 1.4022  Gate: 0.8044
Episode    530  AvgReward:   0.093906  Noise: 0.0520
Episode 531  Reward:  -0.207146  Wealth:     92521.93  Turnover: 0.4045  Gross: 1.3899  Gate: 0.7799
Episode 532  Reward:   0.267073  Wealth:    164116.00  Turnover: 0.6687  Gross: 1.3770  Gate: 0.7541
Episode 533  Reward:   0.158708  Wealth:    135638.98  Turnover: 0.7977  Gross: 1.3762  Gate: 0.7524
Episode 534  Reward:  -0.268206  Wealth:     87438.13  Turnover: 0.4762  Gross: 1.3964  Gate: 0.7927
Episode 535  Reward:   0.121930  Wealth:    132550.38  Turnover: 0.6677  Gross: 1.3964  Gate: 0.7928
Episode 536  Reward:   0.129529  Wealth:    134025.39  Turnover: 0.4835  Gross: 1.4073  Gate: 0.8147
Episode 537  Reward:  -0.438493  Wealth:     76534.50  Turnover: 0.4663  Gross: 1.3814  Gate: 0.7629
Episode 538  Reward:   0.323296  Wealth:    180457.92  Turnover: 0.4783  Gross: 1.3794  Gate: 0.7589
Episode 539  Reward:   0.080086  Wealth:    123286.20  Turnover: 0.4406  Gross: 1.3597  Gate: 0.7194
Episode 540  Reward:  -0.006912  Wealth:    107888.49  Turnover: 0.3413  Gross: 1.3700  Gate: 0.7400
Episode    540  AvgReward:   0.015987  Noise: 0.0510
Episode 541  Reward:  -0.020886  Wealth:    109987.34  Turnover: 0.7025  Gross: 1.3994  Gate: 0.7988
Episode 542  Reward:   0.227588  Wealth:    149553.20  Turnover: 0.6593  Gross: 1.4005  Gate: 0.8009
Episode 543  Reward:  -0.121621  Wealth:     97795.65  Turnover: 0.3355  Gross: 1.3917  Gate: 0.7834
Episode 544  Reward:  -0.041727  Wealth:    106331.65  Turnover: 0.8449  Gross: 1.3759  Gate: 0.7518
Episode 545  Reward:  -0.115718  Wealth:    100370.10  Turnover: 0.3797  Gross: 1.3946  Gate: 0.7892
Episode 546  Reward:  -0.137960  Wealth:     97564.22  Turnover: 0.7096  Gross: 1.3545  Gate: 0.7091
Episode 547  Reward:   0.244923  Wealth:    156929.06  Turnover: 0.4298  Gross: 1.4089  Gate: 0.8177
Episode 548  Reward:  -0.122810  Wealth:     99079.09  Turnover: 0.3252  Gross: 1.3961  Gate: 0.7921
Episode 549  Reward:  -0.445334  Wealth:     75824.70  Turnover: 0.7611  Gross: 1.4010  Gate: 0.8021
Episode 550  Reward:   0.234653  Wealth:    157206.52  Turnover: 0.7170  Gross: 1.4044  Gate: 0.8088
Episode    550  AvgReward:  -0.029889  Noise: 0.0500
Episode 551  Reward:   0.167099  Wealth:    132822.85  Turnover: 0.5440  Gross: 1.3753  Gate: 0.7507
Episode 552  Reward:   0.216839  Wealth:    148484.80  Turnover: 0.6296  Gross: 1.3516  Gate: 0.7032
Episode 553  Reward:   0.096268  Wealth:    123373.24  Turnover: 0.2701  Gross: 1.3848  Gate: 0.7696
Episode 554  Reward:   0.211991  Wealth:    145406.49  Turnover: 0.4675  Gross: 1.3902  Gate: 0.7804
Episode 555  Reward:  -0.066954  Wealth:    106759.32  Turnover: 0.4924  Gross: 1.3765  Gate: 0.7530
Episode 556  Reward:   0.236200  Wealth:    153743.58  Turnover: 0.7529  Gross: 1.3946  Gate: 0.7892
Episode 557  Reward:   0.089960  Wealth:    125322.35  Turnover: 0.7900  Gross: 1.3728  Gate: 0.7456
Episode 558  Reward:  -0.938633  Wealth:     54754.53  Turnover: 0.5134  Gross: 1.3310  Gate: 0.6620
Episode 559  Reward:  -0.524026  Wealth:     71320.05  Turnover: 0.5408  Gross: 1.3941  Gate: 0.7883
Episode 560  Reward:   0.310500  Wealth:    177593.79  Turnover: 0.5334  Gross: 1.3972  Gate: 0.7944
Episode    560  AvgReward:  -0.020076  Noise: 0.0490
Episode 561  Reward:   0.043299  Wealth:    118063.55  Turnover: 0.6864  Gross: 1.3547  Gate: 0.7095
Episode 562  Reward:   0.231002  Wealth:    154870.81  Turnover: 0.6575  Gross: 1.3989  Gate: 0.7978
Episode 563  Reward:   0.124098  Wealth:    131156.10  Turnover: 0.4532  Gross: 1.3793  Gate: 0.7585
Episode 564  Reward:   0.207573  Wealth:    144510.12  Turnover: 0.5259  Gross: 1.3860  Gate: 0.7719
Episode 565  Reward:  -0.000518  Wealth:    109249.96  Turnover: 0.4782  Gross: 1.3758  Gate: 0.7515
Episode 566  Reward:   0.247453  Wealth:    154458.99  Turnover: 0.4480  Gross: 1.4027  Gate: 0.8053
Episode 567  Reward:  -0.470711  Wealth:     74248.76  Turnover: 0.4837  Gross: 1.3901  Gate: 0.7802
Episode 568  Reward:  -0.027832  Wealth:    105799.07  Turnover: 0.3340  Gross: 1.3886  Gate: 0.7773
Episode 569  Reward:  -0.400027  Wealth:     77161.11  Turnover: 0.6307  Gross: 1.3932  Gate: 0.7863
Episode 570  Reward:   0.097440  Wealth:    125437.98  Turnover: 0.4209  Gross: 1.3795  Gate: 0.7590
Episode    570  AvgReward:   0.005178  Noise: 0.0480
Episode 571  Reward:   0.228571  Wealth:    155264.79  Turnover: 0.7467  Gross: 1.3903  Gate: 0.7806
Episode 572  Reward:  -0.512181  Wealth:     71618.00  Turnover: 0.7725  Gross: 1.3658  Gate: 0.7315
Episode 573  Reward:   0.080094  Wealth:    125627.53  Turnover: 0.3947  Gross: 1.3955  Gate: 0.7909
Episode 574  Reward:  -0.167408  Wealth:     92246.44  Turnover: 0.5246  Gross: 1.3945  Gate: 0.7889
Episode 575  Reward:  -0.209928  Wealth:     92453.28  Turnover: 0.4506  Gross: 1.3741  Gate: 0.7481
Episode 576  Reward:   0.093232  Wealth:    124102.87  Turnover: 0.3613  Gross: 1.3882  Gate: 0.7764
Episode 577  Reward:  -0.141145  Wealth:     99042.65  Turnover: 0.7607  Gross: 1.3853  Gate: 0.7706
Episode 578  Reward:  -0.073710  Wealth:    104845.03  Turnover: 0.4513  Gross: 1.3947  Gate: 0.7893
Episode 579  Reward:   0.191545  Wealth:    144834.05  Turnover: 0.5938  Gross: 1.3962  Gate: 0.7923
Episode 580  Reward:   0.172736  Wealth:    138675.57  Turnover: 0.5878  Gross: 1.3879  Gate: 0.7758
Episode    580  AvgReward:  -0.033819  Noise: 0.0471
Episode 581  Reward:   0.099154  Wealth:    126763.56  Turnover: 0.4999  Gross: 1.3971  Gate: 0.7942
Episode 582  Reward:  -0.059338  Wealth:    105379.64  Turnover: 0.5865  Gross: 1.3660  Gate: 0.7320
Episode 583  Reward:   0.190350  Wealth:    144293.59  Turnover: 0.4284  Gross: 1.3934  Gate: 0.7868
Episode 584  Reward:  -0.124958  Wealth:     97257.36  Turnover: 0.4815  Gross: 1.3724  Gate: 0.7449
Episode 585  Reward:  -0.013596  Wealth:    111399.27  Turnover: 0.5594  Gross: 1.3831  Gate: 0.7662
Episode 586  Reward:   0.093662  Wealth:    126226.59  Turnover: 0.3465  Gross: 1.3927  Gate: 0.7853
Episode 587  Reward:   0.062144  Wealth:    123337.96  Turnover: 0.5050  Gross: 1.3864  Gate: 0.7728
Episode 588  Reward:   0.177540  Wealth:    144809.02  Turnover: 0.4147  Gross: 1.3847  Gate: 0.7693
Episode 589  Reward:   0.032817  Wealth:    115941.27  Turnover: 0.4412  Gross: 1.3858  Gate: 0.7716
Episode 590  Reward:   0.184831  Wealth:    141952.88  Turnover: 0.3803  Gross: 1.4011  Gate: 0.8021
Episode    590  AvgReward:   0.064261  Noise: 0.0461
Episode 591  Reward:   0.184339  Wealth:    143503.60  Turnover: 0.6365  Gross: 1.3677  Gate: 0.7354
Episode 592  Reward:  -0.271699  Wealth:     86843.51  Turnover: 0.7561  Gross: 1.3911  Gate: 0.7822
Episode 593  Reward:   0.061446  Wealth:    117613.32  Turnover: 0.4161  Gross: 1.3956  Gate: 0.7912
Episode 594  Reward:   0.347863  Wealth:    193539.85  Turnover: 0.6936  Gross: 1.3803  Gate: 0.7606
Episode 595  Reward:   0.199849  Wealth:    148118.68  Turnover: 0.6029  Gross: 1.4007  Gate: 0.8013
Episode 596  Reward:   0.235052  Wealth:    152489.24  Turnover: 0.3981  Gross: 1.3791  Gate: 0.7581
Episode 597  Reward:   0.143775  Wealth:    132151.54  Turnover: 0.4509  Gross: 1.3922  Gate: 0.7844
Episode 598  Reward:   0.167281  Wealth:    134903.22  Turnover: 0.4805  Gross: 1.3818  Gate: 0.7635
Episode 599  Reward:   0.098360  Wealth:    126311.49  Turnover: 0.5961  Gross: 1.3960  Gate: 0.7921
Episode 600  Reward:   0.041851  Wealth:    120724.46  Turnover: 0.7739  Gross: 1.4019  Gate: 0.8038
Episode    600  AvgReward:   0.120812  Noise: 0.0452
Episode 601  Reward:  -0.128878  Wealth:     98216.39  Turnover: 0.4249  Gross: 1.3911  Gate: 0.7823
Episode 602  Reward:   0.293111  Wealth:    165306.38  Turnover: 0.4514  Gross: 1.3919  Gate: 0.7839
Episode 603  Reward:  -0.058987  Wealth:    107247.62  Turnover: 0.5442  Gross: 1.3954  Gate: 0.7909
Episode 604  Reward:   0.372276  Wealth:    201527.17  Turnover: 0.4590  Gross: 1.3964  Gate: 0.7928
Episode 605  Reward:  -0.024950  Wealth:    110548.79  Turnover: 0.5694  Gross: 1.3764  Gate: 0.7528
Episode 606  Reward:  -0.006692  Wealth:    109785.91  Turnover: 0.4259  Gross: 1.3863  Gate: 0.7726
Episode 607  Reward:   0.006759  Wealth:    112884.10  Turnover: 0.7147  Gross: 1.3963  Gate: 0.7925
Episode 608  Reward:   0.223811  Wealth:    160324.00  Turnover: 0.3647  Gross: 1.4045  Gate: 0.8091
Episode 609  Reward:  -0.780532  Wealth:     61020.53  Turnover: 0.3507  Gross: 1.4031  Gate: 0.8062
Episode 610  Reward:  -0.048169  Wealth:    109090.15  Turnover: 0.6062  Gross: 1.3881  Gate: 0.7763
Episode    610  AvgReward:  -0.015225  Noise: 0.0443
Episode 611  Reward:   0.151089  Wealth:    131235.48  Turnover: 0.3700  Gross: 1.3964  Gate: 0.7927
Episode 612  Reward:   0.151012  Wealth:    133606.56  Turnover: 0.4334  Gross: 1.3956  Gate: 0.7911
Episode 613  Reward:   0.128972  Wealth:    136326.23  Turnover: 0.5380  Gross: 1.3939  Gate: 0.7878
Episode 614  Reward:   0.238991  Wealth:    158740.91  Turnover: 0.4732  Gross: 1.3892  Gate: 0.7784
Episode 615  Reward:   0.188055  Wealth:    147530.22  Turnover: 0.6423  Gross: 1.3933  Gate: 0.7867
Episode 616  Reward:  -0.217533  Wealth:     90357.23  Turnover: 0.5691  Gross: 1.3912  Gate: 0.7823
Episode 617  Reward:  -0.207244  Wealth:     90683.77  Turnover: 0.4049  Gross: 1.3995  Gate: 0.7990
Episode 618  Reward:   0.106759  Wealth:    125060.72  Turnover: 0.3156  Gross: 1.4016  Gate: 0.8033
Episode 619  Reward:   0.041754  Wealth:    116923.80  Turnover: 0.4535  Gross: 1.4018  Gate: 0.8035
Episode 620  Reward:   0.162189  Wealth:    141246.41  Turnover: 0.6465  Gross: 1.3956  Gate: 0.7913
Episode    620  AvgReward:   0.074405  Noise: 0.0434
Episode 621  Reward:   0.152588  Wealth:    131677.59  Turnover: 0.3529  Gross: 1.3958  Gate: 0.7916
Episode 622  Reward:  -0.185984  Wealth:     94573.14  Turnover: 0.4665  Gross: 1.3867  Gate: 0.7734
Episode 623  Reward:   0.124139  Wealth:    130958.86  Turnover: 0.4912  Gross: 1.3784  Gate: 0.7567
Episode 624  Reward:   0.142808  Wealth:    133436.47  Turnover: 0.2841  Gross: 1.3777  Gate: 0.7553
Episode 625  Reward:  -0.093179  Wealth:    102715.46  Turnover: 0.6158  Gross: 1.3940  Gate: 0.7879
Episode 626  Reward:   0.232227  Wealth:    155271.67  Turnover: 0.7931  Gross: 1.3973  Gate: 0.7945
Episode 627  Reward:  -0.347704  Wealth:     80390.28  Turnover: 0.6180  Gross: 1.3826  Gate: 0.7652
Episode 628  Reward:   0.198743  Wealth:    143965.95  Turnover: 0.5768  Gross: 1.3843  Gate: 0.7685
Episode 629  Reward:  -0.211373  Wealth:     89636.01  Turnover: 0.5161  Gross: 1.4004  Gate: 0.8009
Episode 630  Reward:   0.111674  Wealth:    131595.52  Turnover: 0.4567  Gross: 1.3898  Gate: 0.7797
Episode    630  AvgReward:   0.012394  Noise: 0.0426
Episode 631  Reward:  -0.458579  Wealth:     75427.62  Turnover: 0.7099  Gross: 1.3739  Gate: 0.7478
Episode 632  Reward:  -0.148999  Wealth:     96597.73  Turnover: 0.5199  Gross: 1.3990  Gate: 0.7979
Episode 633  Reward:  -0.278293  Wealth:     85013.95  Turnover: 0.6342  Gross: 1.4026  Gate: 0.8053
Episode 634  Reward:   0.181367  Wealth:    142305.29  Turnover: 0.5159  Gross: 1.3975  Gate: 0.7950
Episode 635  Reward:  -0.180877  Wealth:     93139.42  Turnover: 0.4779  Gross: 1.3692  Gate: 0.7384
Episode 636  Reward:   0.032154  Wealth:    117476.34  Turnover: 0.5185  Gross: 1.3912  Gate: 0.7823
Episode 637  Reward:  -0.060114  Wealth:    107154.61  Turnover: 0.4281  Gross: 1.3502  Gate: 0.7004
Episode 638  Reward:  -0.060342  Wealth:    105602.27  Turnover: 0.4966  Gross: 1.3979  Gate: 0.7957
Episode 639  Reward:   0.182322  Wealth:    137028.07  Turnover: 0.3599  Gross: 1.3997  Gate: 0.7993
Episode 640  Reward:  -0.452797  Wealth:     75660.58  Turnover: 0.5139  Gross: 1.4017  Gate: 0.8034
Episode    640  AvgReward:  -0.124416  Noise: 0.0417
Episode 641  Reward:  -0.540403  Wealth:     69741.09  Turnover: 0.5715  Gross: 1.3953  Gate: 0.7906
Episode 642  Reward:   0.354632  Wealth:    175978.71  Turnover: 0.3082  Gross: 1.3943  Gate: 0.7885
Episode 643  Reward:  -0.166680  Wealth:     94058.89  Turnover: 0.5901  Gross: 1.3940  Gate: 0.7880
Episode 644  Reward:  -0.009409  Wealth:    110809.04  Turnover: 0.7244  Gross: 1.3830  Gate: 0.7659
Episode 645  Reward:   0.262782  Wealth:    156120.63  Turnover: 0.6144  Gross: 1.3800  Gate: 0.7601
Episode 646  Reward:   0.013934  Wealth:    118483.51  Turnover: 0.8367  Gross: 1.4086  Gate: 0.8173
Episode 647  Reward:   0.104947  Wealth:    125104.57  Turnover: 0.2864  Gross: 1.4036  Gate: 0.8072
Episode 648  Reward:  -0.165485  Wealth:     94359.94  Turnover: 0.5780  Gross: 1.3878  Gate: 0.7755
Episode 649  Reward:   0.074361  Wealth:    122756.17  Turnover: 0.4968  Gross: 1.3803  Gate: 0.7605
Episode 650  Reward:  -0.144513  Wealth:     97310.09  Turnover: 0.6030  Gross: 1.3661  Gate: 0.7322
Episode    650  AvgReward:  -0.021584  Noise: 0.0409
Episode 651  Reward:   0.273772  Wealth:    169715.35  Turnover: 0.6312  Gross: 1.4048  Gate: 0.8095
Episode 652  Reward:   0.152147  Wealth:    139316.80  Turnover: 0.5955  Gross: 1.3933  Gate: 0.7866
Episode 653  Reward:   0.091307  Wealth:    126673.06  Turnover: 0.5195  Gross: 1.3433  Gate: 0.6866
Episode 654  Reward:   0.339955  Wealth:    189955.61  Turnover: 0.5948  Gross: 1.3893  Gate: 0.7786
Episode 655  Reward:   0.125724  Wealth:    132805.90  Turnover: 0.7658  Gross: 1.3704  Gate: 0.7409
Episode 656  Reward:   0.170599  Wealth:    137767.00  Turnover: 0.6023  Gross: 1.3983  Gate: 0.7965
Episode 657  Reward:  -0.131703  Wealth:     99068.88  Turnover: 0.5264  Gross: 1.3802  Gate: 0.7605
Episode 658  Reward:   0.203285  Wealth:    144344.86  Turnover: 0.6731  Gross: 1.3930  Gate: 0.7861
Episode 659  Reward:   0.237844  Wealth:    150277.70  Turnover: 0.5288  Gross: 1.4064  Gate: 0.8128
Episode 660  Reward:  -0.189578  Wealth:     93172.41  Turnover: 0.6942  Gross: 1.3778  Gate: 0.7556
Episode    660  AvgReward:   0.127335  Noise: 0.0401
Episode 661  Reward:   0.009228  Wealth:    111845.52  Turnover: 0.7664  Gross: 1.3770  Gate: 0.7540
Episode 662  Reward:   0.331066  Wealth:    182481.14  Turnover: 0.8808  Gross: 1.3988  Gate: 0.7976
Episode 663  Reward:   0.074496  Wealth:    123355.48  Turnover: 0.8197  Gross: 1.3920  Gate: 0.7840
Episode 664  Reward:  -0.023811  Wealth:    109387.65  Turnover: 0.4337  Gross: 1.3930  Gate: 0.7860
Episode 665  Reward:   0.126400  Wealth:    132771.73  Turnover: 0.8211  Gross: 1.3971  Gate: 0.7942
Episode 666  Reward:  -0.192354  Wealth:     91087.55  Turnover: 0.9838  Gross: 1.3940  Gate: 0.7881
Episode 667  Reward:   0.195094  Wealth:    146754.26  Turnover: 0.5804  Gross: 1.3854  Gate: 0.7708
Episode 668  Reward:  -0.020108  Wealth:    107514.98  Turnover: 0.4978  Gross: 1.3959  Gate: 0.7918
Episode 669  Reward:   0.004507  Wealth:    111571.67  Turnover: 0.4363  Gross: 1.3908  Gate: 0.7816
Episode 670  Reward:   0.241820  Wealth:    146841.89  Turnover: 0.3307  Gross: 1.3931  Gate: 0.7862
Episode    670  AvgReward:   0.074634  Noise: 0.0393
Episode 671  Reward:   0.214594  Wealth:    145135.21  Turnover: 0.6275  Gross: 1.3897  Gate: 0.7795
Episode 672  Reward:   0.002555  Wealth:    109722.56  Turnover: 0.5522  Gross: 1.3993  Gate: 0.7985
Episode 673  Reward:   0.000423  Wealth:    111043.66  Turnover: 0.6005  Gross: 1.3933  Gate: 0.7865
Episode 674  Reward:   0.166833  Wealth:    137058.95  Turnover: 0.7189  Gross: 1.3836  Gate: 0.7672
Episode 675  Reward:   0.040833  Wealth:    113945.01  Turnover: 0.3644  Gross: 1.3829  Gate: 0.7657
Episode 676  Reward:  -0.145288  Wealth:     95825.58  Turnover: 0.5935  Gross: 1.3880  Gate: 0.7759
Episode 677  Reward:   0.058061  Wealth:    119754.07  Turnover: 0.7240  Gross: 1.3924  Gate: 0.7849
Episode 678  Reward:  -0.423884  Wealth:     75023.99  Turnover: 0.4489  Gross: 1.3850  Gate: 0.7700
Episode 679  Reward:   0.177717  Wealth:    134945.04  Turnover: 0.6879  Gross: 1.3849  Gate: 0.7698
Episode 680  Reward:   0.333782  Wealth:    181110.42  Turnover: 0.6576  Gross: 1.3855  Gate: 0.7710
Episode    680  AvgReward:   0.042563  Noise: 0.0385
Episode 681  Reward:   0.273674  Wealth:    167072.67  Turnover: 0.6459  Gross: 1.3858  Gate: 0.7715
Episode 682  Reward:  -0.056719  Wealth:    105774.00  Turnover: 0.4877  Gross: 1.3985  Gate: 0.7971
Episode 683  Reward:   0.192152  Wealth:    144744.44  Turnover: 0.7197  Gross: 1.3893  Gate: 0.7786
Episode 684  Reward:   0.051442  Wealth:    120060.87  Turnover: 0.4704  Gross: 1.3894  Gate: 0.7788
Episode 685  Reward:  -0.095115  Wealth:    103266.11  Turnover: 0.5293  Gross: 1.3955  Gate: 0.7911
Episode 686  Reward:   0.014299  Wealth:    115785.35  Turnover: 0.3211  Gross: 1.3770  Gate: 0.7539
Episode 687  Reward:  -0.182558  Wealth:     94832.81  Turnover: 0.4634  Gross: 1.3956  Gate: 0.7911
Episode 688  Reward:   0.195333  Wealth:    139310.72  Turnover: 0.4506  Gross: 1.3932  Gate: 0.7864
Episode 689  Reward:   0.037312  Wealth:    115418.57  Turnover: 0.4451  Gross: 1.3773  Gate: 0.7546
Episode 690  Reward:   0.047079  Wealth:    119263.33  Turnover: 0.4997  Gross: 1.3991  Gate: 0.7981
Episode    690  AvgReward:   0.047690  Noise: 0.0378
Episode 691  Reward:   0.085510  Wealth:    131987.47  Turnover: 0.5067  Gross: 1.4062  Gate: 0.8123
Episode 692  Reward:   0.239473  Wealth:    152492.70  Turnover: 0.7131  Gross: 1.3863  Gate: 0.7726
Episode 693  Reward:  -0.033648  Wealth:    109778.38  Turnover: 0.8176  Gross: 1.3811  Gate: 0.7621
Episode 694  Reward:   0.253185  Wealth:    158244.37  Turnover: 0.6731  Gross: 1.3725  Gate: 0.7450
Episode 695  Reward:   0.032609  Wealth:    114119.10  Turnover: 0.5036  Gross: 1.3900  Gate: 0.7800
Episode 696  Reward:   0.056197  Wealth:    119748.97  Turnover: 0.6456  Gross: 1.3834  Gate: 0.7667
Episode 697  Reward:  -0.093386  Wealth:    103183.85  Turnover: 0.4266  Gross: 1.3863  Gate: 0.7726
Episode 698  Reward:   0.233322  Wealth:    150405.59  Turnover: 0.5336  Gross: 1.3937  Gate: 0.7874
Episode 699  Reward:   0.035977  Wealth:    113347.85  Turnover: 0.5721  Gross: 1.3777  Gate: 0.7553
Episode 700  Reward:  -0.089189  Wealth:    104084.39  Turnover: 0.5579  Gross: 1.3950  Gate: 0.7899
Episode    700  AvgReward:   0.072005  Noise: 0.0370
Episode 701  Reward:   0.245255  Wealth:    152681.34  Turnover: 0.4852  Gross: 1.3934  Gate: 0.7868
Episode 702  Reward:   0.164052  Wealth:    130681.01  Turnover: 0.3774  Gross: 1.3866  Gate: 0.7733
Episode 703  Reward:   0.002051  Wealth:    113815.87  Turnover: 0.7270  Gross: 1.3804  Gate: 0.7608
Episode 704  Reward:  -0.121156  Wealth:     98326.71  Turnover: 0.7299  Gross: 1.3790  Gate: 0.7581
Episode 705  Reward:  -0.049627  Wealth:    105467.84  Turnover: 0.6132  Gross: 1.3822  Gate: 0.7645
Episode 706  Reward:   0.232405  Wealth:    150044.82  Turnover: 0.8140  Gross: 1.3868  Gate: 0.7735
Episode 707  Reward:   0.134085  Wealth:    136157.54  Turnover: 0.4410  Gross: 1.3995  Gate: 0.7989
Episode 708  Reward:   0.005824  Wealth:    114372.10  Turnover: 1.1110  Gross: 1.3873  Gate: 0.7746
Episode 709  Reward:   0.000961  Wealth:    112769.68  Turnover: 0.5670  Gross: 1.3850  Gate: 0.7699
Episode 710  Reward:  -0.337936  Wealth:     79773.17  Turnover: 0.4227  Gross: 1.3891  Gate: 0.7783
Episode    710  AvgReward:   0.027591  Noise: 0.0363
Episode 711  Reward:  -0.608101  Wealth:     67580.40  Turnover: 0.5632  Gross: 1.3926  Gate: 0.7853
Episode 712  Reward:  -0.161696  Wealth:     94491.69  Turnover: 0.9107  Gross: 1.3858  Gate: 0.7716
Episode 713  Reward:  -0.151559  Wealth:     93227.93  Turnover: 0.4043  Gross: 1.3889  Gate: 0.7778
Episode 714  Reward:  -0.037522  Wealth:    105725.60  Turnover: 0.4926  Gross: 1.3875  Gate: 0.7749
Episode 715  Reward:  -0.103830  Wealth:    102474.28  Turnover: 0.4792  Gross: 1.3881  Gate: 0.7762
Episode 716  Reward:   0.378368  Wealth:    204644.22  Turnover: 0.8347  Gross: 1.3954  Gate: 0.7909
Episode 717  Reward:   0.103465  Wealth:    127293.34  Turnover: 0.8992  Gross: 1.3816  Gate: 0.7633
Episode 718  Reward:  -0.194389  Wealth:     92777.29  Turnover: 0.5321  Gross: 1.3709  Gate: 0.7418
Episode 719  Reward:  -0.066224  Wealth:    106146.35  Turnover: 0.4997  Gross: 1.3818  Gate: 0.7635
Episode 720  Reward:   0.113284  Wealth:    133075.57  Turnover: 0.4641  Gross: 1.3955  Gate: 0.7910
Episode    720  AvgReward:  -0.072820  Noise: 0.0356
Episode 721  Reward:   0.038500  Wealth:    122666.71  Turnover: 0.7101  Gross: 1.3855  Gate: 0.7710
Episode 722  Reward:  -0.019532  Wealth:    109501.20  Turnover: 0.6636  Gross: 1.3879  Gate: 0.7758
Episode 723  Reward:  -0.014360  Wealth:    112018.08  Turnover: 0.4260  Gross: 1.3880  Gate: 0.7759
Episode 724  Reward:  -0.040422  Wealth:    105255.17  Turnover: 0.4741  Gross: 1.3927  Gate: 0.7853
Episode 725  Reward:   0.104979  Wealth:    124595.53  Turnover: 0.4237  Gross: 1.3877  Gate: 0.7755
Episode 726  Reward:  -0.141039  Wealth:     98218.85  Turnover: 0.7294  Gross: 1.3774  Gate: 0.7547
Episode 727  Reward:   0.051237  Wealth:    119889.24  Turnover: 0.8845  Gross: 1.3846  Gate: 0.7692
Episode 728  Reward:   0.069870  Wealth:    117867.53  Turnover: 0.5400  Gross: 1.3918  Gate: 0.7836
Episode 729  Reward:  -0.210291  Wealth:     92289.00  Turnover: 0.6227  Gross: 1.3936  Gate: 0.7872
Episode 730  Reward:  -0.131559  Wealth:    100131.24  Turnover: 0.7297  Gross: 1.3911  Gate: 0.7821
Episode    730  AvgReward:  -0.029262  Noise: 0.0349
Episode 731  Reward:   0.146539  Wealth:    133780.08  Turnover: 0.8425  Gross: 1.3975  Gate: 0.7950
Episode 732  Reward:   0.121942  Wealth:    130559.27  Turnover: 0.6354  Gross: 1.3739  Gate: 0.7477
Episode 733  Reward:   0.043233  Wealth:    120876.32  Turnover: 0.6863  Gross: 1.3937  Gate: 0.7874
Episode 734  Reward:   0.161709  Wealth:    139400.59  Turnover: 0.4917  Gross: 1.3968  Gate: 0.7936
Episode 735  Reward:   0.026174  Wealth:    117384.88  Turnover: 0.9514  Gross: 1.3970  Gate: 0.7940
Episode 736  Reward:  -0.300757  Wealth:     83706.72  Turnover: 0.6007  Gross: 1.3960  Gate: 0.7920
Episode 737  Reward:  -0.008364  Wealth:    113013.29  Turnover: 0.5414  Gross: 1.3925  Gate: 0.7850
Episode 738  Reward:   0.117088  Wealth:    132204.76  Turnover: 0.4735  Gross: 1.4021  Gate: 0.8042
Episode 739  Reward:  -0.088355  Wealth:    102602.35  Turnover: 0.7663  Gross: 1.3849  Gate: 0.7698
Episode 740  Reward:  -0.020243  Wealth:    109812.59  Turnover: 0.5739  Gross: 1.3947  Gate: 0.7894
Episode    740  AvgReward:   0.019897  Noise: 0.0342
Episode 741  Reward:  -0.076499  Wealth:    103118.03  Turnover: 0.5447  Gross: 1.3884  Gate: 0.7769
Episode 742  Reward:   0.127068  Wealth:    134248.98  Turnover: 0.5573  Gross: 1.3979  Gate: 0.7958
Episode 743  Reward:  -0.094935  Wealth:    103935.46  Turnover: 0.5291  Gross: 1.3954  Gate: 0.7909
Episode 744  Reward:   0.055562  Wealth:    122594.14  Turnover: 0.7486  Gross: 1.4029  Gate: 0.8058
Episode 745  Reward:   0.057957  Wealth:    121094.77  Turnover: 0.7767  Gross: 1.3900  Gate: 0.7800
Episode 746  Reward:   0.028332  Wealth:    117868.88  Turnover: 0.6175  Gross: 1.3934  Gate: 0.7868
Episode 747  Reward:  -0.012466  Wealth:    110707.76  Turnover: 0.6634  Gross: 1.3913  Gate: 0.7826
Episode 748  Reward:  -0.235962  Wealth:     88479.57  Turnover: 0.8704  Gross: 1.3881  Gate: 0.7761
Episode 749  Reward:   0.060149  Wealth:    122236.77  Turnover: 0.8424  Gross: 1.3821  Gate: 0.7643
Episode 750  Reward:   0.021878  Wealth:    116508.42  Turnover: 0.4249  Gross: 1.3880  Gate: 0.7761
Episode    750  AvgReward:  -0.006892  Noise: 0.0335
Episode 751  Reward:  -0.047170  Wealth:    110135.04  Turnover: 0.6553  Gross: 1.3934  Gate: 0.7867
Episode 752  Reward:  -0.450153  Wealth:     74288.21  Turnover: 0.7075  Gross: 1.3740  Gate: 0.7480
Episode 753  Reward:  -0.257394  Wealth:     87624.69  Turnover: 0.5999  Gross: 1.3903  Gate: 0.7806
Episode 754  Reward:   0.155925  Wealth:    135858.87  Turnover: 0.9444  Gross: 1.3893  Gate: 0.7787
Episode 755  Reward:  -0.104697  Wealth:     98080.20  Turnover: 0.3815  Gross: 1.4015  Gate: 0.8030
Episode 756  Reward:  -0.013095  Wealth:    107923.67  Turnover: 0.4850  Gross: 1.3933  Gate: 0.7866
Episode 757  Reward:   0.315931  Wealth:    184316.37  Turnover: 0.5719  Gross: 1.4009  Gate: 0.8018
Episode 758  Reward:   0.175887  Wealth:    135849.88  Turnover: 0.6477  Gross: 1.3847  Gate: 0.7695
Episode 759  Reward:   0.131872  Wealth:    130165.98  Turnover: 0.8495  Gross: 1.3691  Gate: 0.7382
Episode 760  Reward:  -0.358454  Wealth:     80434.32  Turnover: 0.7224  Gross: 1.3892  Gate: 0.7784
Episode    760  AvgReward:  -0.045135  Noise: 0.0328
Episode 761  Reward:  -0.092181  Wealth:    104096.17  Turnover: 0.6772  Gross: 1.3886  Gate: 0.7773
Episode 762  Reward:   0.038640  Wealth:    118775.28  Turnover: 0.4103  Gross: 1.3863  Gate: 0.7727
Episode 763  Reward:  -0.005805  Wealth:    112398.37  Turnover: 0.6362  Gross: 1.3894  Gate: 0.7788
Episode 764  Reward:  -0.157752  Wealth:     95852.64  Turnover: 1.0353  Gross: 1.3968  Gate: 0.7937
Episode 765  Reward:   0.184421  Wealth:    140853.32  Turnover: 0.7177  Gross: 1.3890  Gate: 0.7781
Episode 766  Reward:  -0.125477  Wealth:    100726.70  Turnover: 0.6747  Gross: 1.3882  Gate: 0.7764
Episode 767  Reward:   0.199142  Wealth:    145744.20  Turnover: 0.5990  Gross: 1.3893  Gate: 0.7787
Episode 768  Reward:   0.082866  Wealth:    131351.55  Turnover: 0.3783  Gross: 1.3981  Gate: 0.7963
Episode 769  Reward:   0.229731  Wealth:    153838.05  Turnover: 0.5098  Gross: 1.3890  Gate: 0.7780
Episode 770  Reward:   0.268124  Wealth:    162074.09  Turnover: 0.6284  Gross: 1.4017  Gate: 0.8035
Episode    770  AvgReward:   0.062171  Noise: 0.0322
Episode 771  Reward:  -0.099108  Wealth:    102990.02  Turnover: 0.6344  Gross: 1.3945  Gate: 0.7890
Episode 772  Reward:   0.104943  Wealth:    124662.06  Turnover: 0.5853  Gross: 1.3966  Gate: 0.7932
Episode 773  Reward:   0.288109  Wealth:    163788.12  Turnover: 0.8451  Gross: 1.3941  Gate: 0.7883
Episode 774  Reward:  -0.212923  Wealth:     90911.53  Turnover: 0.5662  Gross: 1.3937  Gate: 0.7875
Episode 775  Reward:   0.053444  Wealth:    119511.25  Turnover: 0.4059  Gross: 1.3998  Gate: 0.7996
Episode 776  Reward:  -0.021005  Wealth:    106445.76  Turnover: 0.2535  Gross: 1.4048  Gate: 0.8096
Episode 777  Reward:   0.098537  Wealth:    127967.36  Turnover: 0.7243  Gross: 1.4038  Gate: 0.8077
Episode 778  Reward:   0.002971  Wealth:    113680.00  Turnover: 0.3935  Gross: 1.3843  Gate: 0.7686
Episode 779  Reward:   0.127112  Wealth:    129475.95  Turnover: 0.8307  Gross: 1.4059  Gate: 0.8119
Episode 780  Reward:  -0.133686  Wealth:     97580.12  Turnover: 0.5848  Gross: 1.4022  Gate: 0.8043
Episode    780  AvgReward:   0.020839  Noise: 0.0315
Episode 781  Reward:  -0.064250  Wealth:    106328.81  Turnover: 0.5036  Gross: 1.3976  Gate: 0.7951
Episode 782  Reward:   0.189258  Wealth:    143234.37  Turnover: 0.6776  Gross: 1.3863  Gate: 0.7726
Episode 783  Reward:   0.244669  Wealth:    156248.90  Turnover: 0.6211  Gross: 1.3870  Gate: 0.7740
Episode 784  Reward:   0.025763  Wealth:    119115.28  Turnover: 0.7149  Gross: 1.3795  Gate: 0.7589
Episode 785  Reward:   0.227477  Wealth:    152717.57  Turnover: 0.6847  Gross: 1.3944  Gate: 0.7888
Episode 786  Reward:   0.098226  Wealth:    128229.50  Turnover: 0.5257  Gross: 1.3913  Gate: 0.7826
Episode 787  Reward:   0.054535  Wealth:    119685.18  Turnover: 0.6084  Gross: 1.3766  Gate: 0.7532
Episode 788  Reward:  -0.697621  Wealth:     64802.54  Turnover: 0.4301  Gross: 1.3973  Gate: 0.7946
Episode 789  Reward:  -0.186983  Wealth:     94012.07  Turnover: 0.6388  Gross: 1.3823  Gate: 0.7647
Episode 790  Reward:  -0.221078  Wealth:     89183.58  Turnover: 0.7221  Gross: 1.3752  Gate: 0.7503
Episode    790  AvgReward:  -0.033000  Noise: 0.0309
Episode 791  Reward:   0.115799  Wealth:    131420.90  Turnover: 0.6488  Gross: 1.3779  Gate: 0.7559
Episode 792  Reward:  -0.654259  Wealth:     65847.54  Turnover: 0.5635  Gross: 1.3838  Gate: 0.7676
Episode 793  Reward:  -0.307911  Wealth:     85148.50  Turnover: 0.6670  Gross: 1.4009  Gate: 0.8017
Episode 794  Reward:  -0.093426  Wealth:    101689.60  Turnover: 0.6806  Gross: 1.3864  Gate: 0.7728
Episode 795  Reward:  -0.274644  Wealth:     84377.14  Turnover: 0.6008  Gross: 1.3854  Gate: 0.7709
Episode 796  Reward:   0.083436  Wealth:    123321.45  Turnover: 0.8222  Gross: 1.3851  Gate: 0.7702
Episode 797  Reward:  -0.238106  Wealth:     87688.26  Turnover: 0.5930  Gross: 1.3987  Gate: 0.7974
Episode 798  Reward:   0.280103  Wealth:    164013.64  Turnover: 0.7433  Gross: 1.3933  Gate: 0.7866
Episode 799  Reward:   0.232359  Wealth:    154691.02  Turnover: 0.8096  Gross: 1.3950  Gate: 0.7899
Episode 800  Reward:   0.293886  Wealth:    168684.59  Turnover: 0.6170  Gross: 1.3974  Gate: 0.7947
Episode    800  AvgReward:  -0.056276  Noise: 0.0303
Episode 801  Reward:   0.256669  Wealth:    165461.26  Turnover: 0.6110  Gross: 1.3874  Gate: 0.7747
Episode 802  Reward:   0.234440  Wealth:    154666.54  Turnover: 0.5298  Gross: 1.3932  Gate: 0.7864
Episode 803  Reward:  -0.173132  Wealth:     93760.28  Turnover: 0.4677  Gross: 1.3853  Gate: 0.7706
Episode 804  Reward:  -0.161501  Wealth:     96736.60  Turnover: 0.6550  Gross: 1.3944  Gate: 0.7887
Episode 805  Reward:   0.048902  Wealth:    118306.09  Turnover: 0.3108  Gross: 1.3953  Gate: 0.7906
Episode 806  Reward:  -0.087648  Wealth:    103776.92  Turnover: 0.6658  Gross: 1.3984  Gate: 0.7968
Episode 807  Reward:   0.107700  Wealth:    127153.49  Turnover: 0.6238  Gross: 1.3854  Gate: 0.7707
Episode 808  Reward:   0.233454  Wealth:    153014.34  Turnover: 0.5026  Gross: 1.3920  Gate: 0.7840
Episode 809  Reward:   0.066515  Wealth:    119636.26  Turnover: 0.4639  Gross: 1.3877  Gate: 0.7754
Episode 810  Reward:  -0.841611  Wealth:     59203.75  Turnover: 0.4780  Gross: 1.3902  Gate: 0.7805
Episode    810  AvgReward:  -0.031621  Noise: 0.0297
Episode 811  Reward:  -0.730785  Wealth:     62647.44  Turnover: 0.3809  Gross: 1.3900  Gate: 0.7800
Episode 812  Reward:   0.265879  Wealth:    156651.93  Turnover: 0.6649  Gross: 1.3943  Gate: 0.7886
Episode 813  Reward:  -0.089588  Wealth:    102063.89  Turnover: 0.7209  Gross: 1.3907  Gate: 0.7815
Episode 814  Reward:  -0.438753  Wealth:     78009.43  Turnover: 0.4636  Gross: 1.4082  Gate: 0.8163
Episode 815  Reward:   0.202222  Wealth:    144643.04  Turnover: 0.8052  Gross: 1.3925  Gate: 0.7850
Episode 816  Reward:   0.221407  Wealth:    150266.86  Turnover: 0.4415  Gross: 1.3972  Gate: 0.7945
Episode 817  Reward:   0.159660  Wealth:    131596.83  Turnover: 0.3535  Gross: 1.3808  Gate: 0.7616
Episode 818  Reward:   0.029460  Wealth:    116286.05  Turnover: 0.5967  Gross: 1.3873  Gate: 0.7746
Episode 819  Reward:   0.029544  Wealth:    114998.17  Turnover: 0.6541  Gross: 1.3767  Gate: 0.7533
Episode 820  Reward:   0.065669  Wealth:    117990.81  Turnover: 0.4952  Gross: 1.3841  Gate: 0.7682
Episode    820  AvgReward:  -0.028528  Noise: 0.0291
Episode 821  Reward:  -0.092916  Wealth:    101052.24  Turnover: 0.7083  Gross: 1.3868  Gate: 0.7736
Episode 822  Reward:   0.098242  Wealth:    124869.75  Turnover: 0.7072  Gross: 1.3944  Gate: 0.7889
Episode 823  Reward:   0.152888  Wealth:    135447.68  Turnover: 0.8941  Gross: 1.3938  Gate: 0.7877
Episode 824  Reward:  -0.146160  Wealth:     94530.32  Turnover: 0.3082  Gross: 1.3845  Gate: 0.7690
Episode 825  Reward:   0.230007  Wealth:    152109.86  Turnover: 0.8052  Gross: 1.3971  Gate: 0.7943
Episode 826  Reward:  -0.189480  Wealth:     93698.13  Turnover: 0.7575  Gross: 1.3991  Gate: 0.7982
Episode 827  Reward:   0.144467  Wealth:    132785.56  Turnover: 0.5980  Gross: 1.3897  Gate: 0.7795
Episode 828  Reward:   0.007062  Wealth:    112757.71  Turnover: 0.3627  Gross: 1.3720  Gate: 0.7439
Episode 829  Reward:   0.148130  Wealth:    137086.20  Turnover: 0.5929  Gross: 1.3955  Gate: 0.7910
Episode 830  Reward:  -0.087428  Wealth:    103412.66  Turnover: 0.7139  Gross: 1.3956  Gate: 0.7912
Episode    830  AvgReward:   0.026481  Noise: 0.0285
Episode 831  Reward:   0.073010  Wealth:    120231.77  Turnover: 0.6462  Gross: 1.3976  Gate: 0.7953
Episode 832  Reward:   0.172870  Wealth:    139265.63  Turnover: 0.4220  Gross: 1.3879  Gate: 0.7757
Episode 833  Reward:  -0.078680  Wealth:    107166.51  Turnover: 0.4948  Gross: 1.4006  Gate: 0.8013
Episode 834  Reward:   0.410689  Wealth:    204111.20  Turnover: 0.4436  Gross: 1.3914  Gate: 0.7828
Episode 835  Reward:   0.078283  Wealth:    123069.45  Turnover: 0.8324  Gross: 1.3891  Gate: 0.7782
Episode 836  Reward:   0.253170  Wealth:    158280.54  Turnover: 0.8621  Gross: 1.3964  Gate: 0.7928
Episode 837  Reward:  -0.009429  Wealth:    109754.89  Turnover: 0.4302  Gross: 1.3900  Gate: 0.7800
Episode 838  Reward:   0.077933  Wealth:    123926.03  Turnover: 0.9983  Gross: 1.3972  Gate: 0.7945
Episode 839  Reward:  -0.314919  Wealth:     82063.38  Turnover: 0.7179  Gross: 1.3926  Gate: 0.7852
Episode 840  Reward:   0.174187  Wealth:    134201.28  Turnover: 0.4572  Gross: 1.4018  Gate: 0.8036
Episode    840  AvgReward:   0.083711  Noise: 0.0280
Episode 841  Reward:   0.118119  Wealth:    131265.42  Turnover: 0.7245  Gross: 1.3946  Gate: 0.7892
Episode 842  Reward:   0.089994  Wealth:    124732.94  Turnover: 0.7657  Gross: 1.3864  Gate: 0.7729
Episode 843  Reward:  -0.214589  Wealth:     91147.76  Turnover: 0.7834  Gross: 1.3878  Gate: 0.7756
Episode 844  Reward:   0.102872  Wealth:    129260.36  Turnover: 0.5523  Gross: 1.3926  Gate: 0.7852
Episode 845  Reward:   0.093125  Wealth:    126670.27  Turnover: 0.4393  Gross: 1.3658  Gate: 0.7316
Episode 846  Reward:   0.102986  Wealth:    125532.65  Turnover: 0.4604  Gross: 1.3890  Gate: 0.7781
Episode 847  Reward:   0.077068  Wealth:    124412.65  Turnover: 0.5856  Gross: 1.3880  Gate: 0.7760
Episode 848  Reward:  -0.032762  Wealth:    106330.25  Turnover: 0.7009  Gross: 1.3903  Gate: 0.7806
Episode 849  Reward:   0.073795  Wealth:    121654.74  Turnover: 0.4683  Gross: 1.3942  Gate: 0.7883
Episode 850  Reward:  -0.106161  Wealth:    105485.53  Turnover: 0.4882  Gross: 1.3968  Gate: 0.7936
Episode    850  AvgReward:   0.030444  Noise: 0.0274
Episode 851  Reward:   0.017288  Wealth:    115019.53  Turnover: 0.4631  Gross: 1.3922  Gate: 0.7844
Episode 852  Reward:   0.065187  Wealth:    119965.89  Turnover: 0.6643  Gross: 1.3926  Gate: 0.7852
Episode 853  Reward:  -0.100674  Wealth:    102429.28  Turnover: 0.4501  Gross: 1.4007  Gate: 0.8014
Episode 854  Reward:  -0.257500  Wealth:     89488.54  Turnover: 0.7164  Gross: 1.3905  Gate: 0.7810
Episode 855  Reward:   0.126304  Wealth:    127319.31  Turnover: 0.6747  Gross: 1.3956  Gate: 0.7913
Episode 856  Reward:  -0.169615  Wealth:     93981.18  Turnover: 0.5102  Gross: 1.3999  Gate: 0.7999
Episode 857  Reward:   0.222562  Wealth:    148463.46  Turnover: 0.6155  Gross: 1.3960  Gate: 0.7920
Episode 858  Reward:   0.239588  Wealth:    150777.10  Turnover: 0.5773  Gross: 1.3938  Gate: 0.7877
Episode 859  Reward:   0.079557  Wealth:    125601.21  Turnover: 0.6581  Gross: 1.3900  Gate: 0.7800
Episode 860  Reward:   0.211833  Wealth:    146719.86  Turnover: 0.6724  Gross: 1.3946  Gate: 0.7892
Episode    860  AvgReward:   0.043453  Noise: 0.0269
Episode 861  Reward:   0.241867  Wealth:    151687.98  Turnover: 0.5611  Gross: 1.3947  Gate: 0.7894
Episode 862  Reward:   0.072500  Wealth:    124357.98  Turnover: 0.5322  Gross: 1.3842  Gate: 0.7683
Episode 863  Reward:  -0.222826  Wealth:     90078.30  Turnover: 0.5615  Gross: 1.3804  Gate: 0.7608
Episode 864  Reward:  -0.225863  Wealth:     91826.24  Turnover: 0.7135  Gross: 1.3859  Gate: 0.7719
Episode 865  Reward:   0.207854  Wealth:    151958.57  Turnover: 0.8279  Gross: 1.4014  Gate: 0.8027
Episode 866  Reward:  -0.008068  Wealth:    113842.34  Turnover: 0.6832  Gross: 1.3933  Gate: 0.7866
Episode 867  Reward:  -0.095331  Wealth:    102522.58  Turnover: 0.5348  Gross: 1.3785  Gate: 0.7569
Episode 868  Reward:   0.199324  Wealth:    144245.89  Turnover: 0.6043  Gross: 1.3928  Gate: 0.7855
Episode 869  Reward:   0.172678  Wealth:    147754.13  Turnover: 0.6305  Gross: 1.3885  Gate: 0.7769
Episode 870  Reward:   0.147366  Wealth:    128281.38  Turnover: 0.3049  Gross: 1.3874  Gate: 0.7748
Episode    870  AvgReward:   0.048950  Noise: 0.0263
Episode 871  Reward:  -0.152092  Wealth:     95012.46  Turnover: 0.4841  Gross: 1.3966  Gate: 0.7931
Episode 872  Reward:   0.351668  Wealth:    181242.46  Turnover: 0.5215  Gross: 1.3907  Gate: 0.7814
Episode 873  Reward:   0.028255  Wealth:    115612.56  Turnover: 0.5159  Gross: 1.4030  Gate: 0.8060
Episode 874  Reward:  -0.139286  Wealth:     98544.57  Turnover: 0.5307  Gross: 1.3843  Gate: 0.7685
Episode 875  Reward:  -0.017574  Wealth:    111404.56  Turnover: 0.4162  Gross: 1.3986  Gate: 0.7972
Episode 876  Reward:  -0.223783  Wealth:     90303.01  Turnover: 0.4156  Gross: 1.3861  Gate: 0.7723
Episode 877  Reward:   0.241204  Wealth:    154583.91  Turnover: 0.6206  Gross: 1.3886  Gate: 0.7773
Episode 878  Reward:  -0.176572  Wealth:     96970.47  Turnover: 0.6826  Gross: 1.3871  Gate: 0.7742
Episode 879  Reward:   0.214283  Wealth:    148640.67  Turnover: 0.5142  Gross: 1.3980  Gate: 0.7960
Episode 880  Reward:  -0.227859  Wealth:     89730.26  Turnover: 0.4746  Gross: 1.3731  Gate: 0.7463
Episode    880  AvgReward:  -0.010175  Noise: 0.0258
Episode 881  Reward:   0.273144  Wealth:    155228.91  Turnover: 0.3547  Gross: 1.3958  Gate: 0.7916
Episode 882  Reward:   0.023297  Wealth:    113195.97  Turnover: 0.5574  Gross: 1.3993  Gate: 0.7986
Episode 883  Reward:   0.156190  Wealth:    138239.66  Turnover: 0.5292  Gross: 1.3759  Gate: 0.7519
Episode 884  Reward:  -0.269568  Wealth:     89420.45  Turnover: 0.6011  Gross: 1.3786  Gate: 0.7573
Episode 885  Reward:  -0.104922  Wealth:     99089.81  Turnover: 0.7499  Gross: 1.3965  Gate: 0.7930
Episode 886  Reward:  -0.097177  Wealth:    102549.38  Turnover: 0.6543  Gross: 1.3927  Gate: 0.7855
Episode 887  Reward:   0.057337  Wealth:    122454.37  Turnover: 0.9401  Gross: 1.3922  Gate: 0.7844
Episode 888  Reward:   0.226098  Wealth:    147072.81  Turnover: 0.4942  Gross: 1.4019  Gate: 0.8038
Episode 889  Reward:  -0.077018  Wealth:    105279.76  Turnover: 0.6749  Gross: 1.3987  Gate: 0.7973
Episode 890  Reward:   0.268478  Wealth:    168381.47  Turnover: 0.7610  Gross: 1.3942  Gate: 0.7885
Episode    890  AvgReward:   0.045586  Noise: 0.0253
Episode 891  Reward:  -0.024152  Wealth:    110086.66  Turnover: 0.7678  Gross: 1.3933  Gate: 0.7865
Episode 892  Reward:   0.097130  Wealth:    132557.69  Turnover: 0.5011  Gross: 1.4023  Gate: 0.8046
Episode 893  Reward:  -0.126632  Wealth:     99201.61  Turnover: 0.6127  Gross: 1.3816  Gate: 0.7633
Episode 894  Reward:   0.106308  Wealth:    126784.18  Turnover: 0.5669  Gross: 1.3994  Gate: 0.7988
Episode 895  Reward:   0.235905  Wealth:    155902.97  Turnover: 0.7090  Gross: 1.3889  Gate: 0.7778
Episode 896  Reward:   0.174738  Wealth:    137869.99  Turnover: 0.4372  Gross: 1.4012  Gate: 0.8025
Episode 897  Reward:  -0.111900  Wealth:     99297.83  Turnover: 0.5207  Gross: 1.3943  Gate: 0.7886
Episode 898  Reward:  -0.091092  Wealth:    103740.91  Turnover: 0.5589  Gross: 1.3969  Gate: 0.7938
Episode 899  Reward:   0.154151  Wealth:    135004.64  Turnover: 0.7408  Gross: 1.3886  Gate: 0.7772
Episode 900  Reward:  -0.011370  Wealth:    111412.98  Turnover: 0.2177  Gross: 1.4033  Gate: 0.8065
Episode    900  AvgReward:   0.040309  Noise: 0.0248
Episode 901  Reward:   0.030480  Wealth:    115621.01  Turnover: 0.7608  Gross: 1.3876  Gate: 0.7752
Episode 902  Reward:   0.320660  Wealth:    178165.51  Turnover: 0.6417  Gross: 1.3947  Gate: 0.7895
Episode 903  Reward:   0.069246  Wealth:    121593.92  Turnover: 0.6431  Gross: 1.4017  Gate: 0.8033
Episode 904  Reward:   0.060186  Wealth:    120168.77  Turnover: 0.6177  Gross: 1.3903  Gate: 0.7805
Episode 905  Reward:   0.065382  Wealth:    121132.51  Turnover: 0.6137  Gross: 1.3912  Gate: 0.7824
Episode 906  Reward:  -0.120837  Wealth:     97082.72  Turnover: 0.5970  Gross: 1.3941  Gate: 0.7881
Episode 907  Reward:   0.260917  Wealth:    154197.14  Turnover: 0.4409  Gross: 1.3902  Gate: 0.7803
Episode 908  Reward:   0.151496  Wealth:    132735.03  Turnover: 0.8243  Gross: 1.3717  Gate: 0.7433
Episode 909  Reward:   0.153216  Wealth:    132822.44  Turnover: 0.6106  Gross: 1.3888  Gate: 0.7776
Episode 910  Reward:   0.214253  Wealth:    157482.38  Turnover: 0.6181  Gross: 1.3854  Gate: 0.7709
Episode    910  AvgReward:   0.120500  Noise: 0.0243
Episode 911  Reward:  -0.005638  Wealth:    111923.61  Turnover: 0.8240  Gross: 1.3931  Gate: 0.7861
Episode 912  Reward:  -0.232347  Wealth:     88674.18  Turnover: 0.6504  Gross: 1.3805  Gate: 0.7610
Episode 913  Reward:  -0.132785  Wealth:     96657.56  Turnover: 0.5903  Gross: 1.3802  Gate: 0.7604
Episode 914  Reward:  -0.004890  Wealth:    107016.75  Turnover: 0.3288  Gross: 1.3969  Gate: 0.7938
Episode 915  Reward:   0.121888  Wealth:    130181.21  Turnover: 0.4994  Gross: 1.3852  Gate: 0.7704
Episode 916  Reward:   0.268182  Wealth:    161467.44  Turnover: 0.5433  Gross: 1.4039  Gate: 0.8078
Episode 917  Reward:  -0.495908  Wealth:     71851.97  Turnover: 0.4155  Gross: 1.3890  Gate: 0.7779
Episode 918  Reward:   0.312972  Wealth:    167449.56  Turnover: 0.5071  Gross: 1.3936  Gate: 0.7873
Episode 919  Reward:   0.238029  Wealth:    152855.41  Turnover: 0.7090  Gross: 1.3931  Gate: 0.7861
Episode 920  Reward:   0.011380  Wealth:    113702.79  Turnover: 0.6127  Gross: 1.3892  Gate: 0.7783
Episode    920  AvgReward:   0.008088  Noise: 0.0238
Episode 921  Reward:  -0.081977  Wealth:    107232.18  Turnover: 0.4588  Gross: 1.3938  Gate: 0.7877
Episode 922  Reward:  -0.140213  Wealth:     97265.17  Turnover: 0.9503  Gross: 1.3956  Gate: 0.7911
Episode 923  Reward:   0.178989  Wealth:    149459.26  Turnover: 0.4818  Gross: 1.3903  Gate: 0.7806
Episode 924  Reward:  -0.266861  Wealth:     86154.19  Turnover: 0.7201  Gross: 1.3988  Gate: 0.7976
Episode 925  Reward:   0.050081  Wealth:    118738.24  Turnover: 0.5628  Gross: 1.3812  Gate: 0.7624
Episode 926  Reward:  -0.156236  Wealth:     95451.51  Turnover: 0.4657  Gross: 1.4075  Gate: 0.8150
Episode 927  Reward:   0.003398  Wealth:    109887.36  Turnover: 0.7119  Gross: 1.3945  Gate: 0.7890
Episode 928  Reward:   0.000189  Wealth:    110458.17  Turnover: 0.6089  Gross: 1.3934  Gate: 0.7869
Episode 929  Reward:   0.323310  Wealth:    174035.58  Turnover: 0.5397  Gross: 1.3926  Gate: 0.7853
Episode 930  Reward:   0.022509  Wealth:    110734.19  Turnover: 0.4284  Gross: 1.3930  Gate: 0.7859
Episode    930  AvgReward:  -0.006681  Noise: 0.0234
Episode 931  Reward:   0.123370  Wealth:    127037.88  Turnover: 0.5833  Gross: 1.4027  Gate: 0.8054
Episode 932  Reward:   0.097005  Wealth:    125149.47  Turnover: 0.7143  Gross: 1.4026  Gate: 0.8052
Episode 933  Reward:   0.131460  Wealth:    135155.44  Turnover: 0.7286  Gross: 1.3896  Gate: 0.7791
Episode 934  Reward:   0.046548  Wealth:    117013.47  Turnover: 0.8868  Gross: 1.4005  Gate: 0.8010
Episode 935  Reward:  -0.277253  Wealth:     84884.01  Turnover: 0.6150  Gross: 1.3949  Gate: 0.7898
Episode 936  Reward:   0.040595  Wealth:    118258.08  Turnover: 0.7548  Gross: 1.3813  Gate: 0.7625
Episode 937  Reward:   0.262547  Wealth:    161738.71  Turnover: 0.9388  Gross: 1.3916  Gate: 0.7832
Episode 938  Reward:  -0.594023  Wealth:     67457.51  Turnover: 0.6195  Gross: 1.3921  Gate: 0.7841
Episode 939  Reward:   0.213924  Wealth:    143209.78  Turnover: 0.2725  Gross: 1.3995  Gate: 0.7989
Episode 940  Reward:   0.178629  Wealth:    134666.18  Turnover: 0.4094  Gross: 1.3966  Gate: 0.7932
Episode    940  AvgReward:   0.022280  Noise: 0.0229
Episode 941  Reward:   0.379956  Wealth:    190405.04  Turnover: 0.7431  Gross: 1.4014  Gate: 0.8029
Episode 942  Reward:   0.296163  Wealth:    164350.06  Turnover: 0.4909  Gross: 1.3866  Gate: 0.7732
Episode 943  Reward:  -0.371852  Wealth:     79371.15  Turnover: 0.7733  Gross: 1.3883  Gate: 0.7766
Episode 944  Reward:   0.045795  Wealth:    118233.95  Turnover: 0.6096  Gross: 1.3925  Gate: 0.7850
Episode 945  Reward:   0.158267  Wealth:    129648.24  Turnover: 0.2285  Gross: 1.3850  Gate: 0.7700
Episode 946  Reward:  -0.221314  Wealth:     89032.34  Turnover: 0.4494  Gross: 1.3979  Gate: 0.7959
Episode 947  Reward:   0.177181  Wealth:    139809.00  Turnover: 0.4431  Gross: 1.4006  Gate: 0.8012
Episode 948  Reward:   0.063833  Wealth:    120823.01  Turnover: 0.5679  Gross: 1.3885  Gate: 0.7770
Episode 949  Reward:   0.172194  Wealth:    136724.57  Turnover: 0.4815  Gross: 1.3834  Gate: 0.7668
Episode 950  Reward:   0.215463  Wealth:    141665.28  Turnover: 0.2478  Gross: 1.4015  Gate: 0.8030
Episode    950  AvgReward:   0.091569  Noise: 0.0224
Episode 951  Reward:   0.240150  Wealth:    154589.90  Turnover: 0.9165  Gross: 1.3904  Gate: 0.7808
Episode 952  Reward:   0.012814  Wealth:    112271.17  Turnover: 0.4729  Gross: 1.3896  Gate: 0.7793
Episode 953  Reward:   0.221658  Wealth:    145151.54  Turnover: 0.4512  Gross: 1.3976  Gate: 0.7953
Episode 954  Reward:   0.210801  Wealth:    141570.92  Turnover: 0.3807  Gross: 1.4022  Gate: 0.8044
Episode 955  Reward:  -0.002005  Wealth:    112937.55  Turnover: 0.9512  Gross: 1.3926  Gate: 0.7853
Episode 956  Reward:  -0.196788  Wealth:     93068.22  Turnover: 0.5503  Gross: 1.3804  Gate: 0.7609
Episode 957  Reward:   0.255340  Wealth:    156054.75  Turnover: 0.5783  Gross: 1.3973  Gate: 0.7946
Episode 958  Reward:  -0.052350  Wealth:    107104.20  Turnover: 0.7541  Gross: 1.3914  Gate: 0.7828
Episode 959  Reward:   0.041689  Wealth:    119063.36  Turnover: 0.5168  Gross: 1.3921  Gate: 0.7842
Episode 960  Reward:   0.083284  Wealth:    123819.06  Turnover: 0.7093  Gross: 1.4004  Gate: 0.8008
Episode    960  AvgReward:   0.081459  Noise: 0.0220
Episode 961  Reward:  -0.018034  Wealth:    112044.26  Turnover: 0.7247  Gross: 1.3890  Gate: 0.7781
Episode 962  Reward:  -0.066190  Wealth:    102473.30  Turnover: 0.5299  Gross: 1.3957  Gate: 0.7914
Episode 963  Reward:  -0.801160  Wealth:     60826.84  Turnover: 0.4725  Gross: 1.3937  Gate: 0.7874
Episode 964  Reward:   0.010829  Wealth:    117508.88  Turnover: 0.7179  Gross: 1.3906  Gate: 0.7812
Episode 965  Reward:   0.226140  Wealth:    151404.54  Turnover: 0.7023  Gross: 1.3943  Gate: 0.7885
Episode 966  Reward:  -0.232336  Wealth:     91736.70  Turnover: 0.6958  Gross: 1.3905  Gate: 0.7811
Episode 967  Reward:  -0.146746  Wealth:     96857.02  Turnover: 0.7136  Gross: 1.3845  Gate: 0.7691
Episode 968  Reward:   0.062638  Wealth:    121000.36  Turnover: 0.7646  Gross: 1.4001  Gate: 0.8002
Episode 969  Reward:  -0.063920  Wealth:    105855.40  Turnover: 0.4447  Gross: 1.3966  Gate: 0.7932
Episode 970  Reward:   0.058516  Wealth:    120539.99  Turnover: 0.5018  Gross: 1.4000  Gate: 0.7999
Episode    970  AvgReward:  -0.097026  Noise: 0.0216
Episode 971  Reward:   0.299283  Wealth:    165110.59  Turnover: 0.6067  Gross: 1.3888  Gate: 0.7776
Episode 972  Reward:   0.272898  Wealth:    166301.45  Turnover: 0.6089  Gross: 1.3968  Gate: 0.7936
Episode 973  Reward:  -0.009527  Wealth:    115845.12  Turnover: 0.4500  Gross: 1.3996  Gate: 0.7993
Episode 974  Reward:  -0.004593  Wealth:    106955.80  Turnover: 0.5232  Gross: 1.3968  Gate: 0.7935
Episode 975  Reward:   0.090766  Wealth:    126072.77  Turnover: 0.4398  Gross: 1.4058  Gate: 0.8116
Episode 976  Reward:   0.264334  Wealth:    160431.63  Turnover: 0.8159  Gross: 1.3747  Gate: 0.7494
Episode 977  Reward:   0.039311  Wealth:    116910.54  Turnover: 0.6946  Gross: 1.3937  Gate: 0.7875
Episode 978  Reward:   0.388535  Wealth:    193075.23  Turnover: 0.6529  Gross: 1.3974  Gate: 0.7947
Episode 979  Reward:  -0.109936  Wealth:    101881.02  Turnover: 0.9351  Gross: 1.4016  Gate: 0.8033
Episode 980  Reward:   0.192593  Wealth:    143456.69  Turnover: 0.7088  Gross: 1.3936  Gate: 0.7873
Episode    980  AvgReward:   0.142366  Noise: 0.0211
Episode 981  Reward:   0.024912  Wealth:    118642.81  Turnover: 0.8529  Gross: 1.3992  Gate: 0.7983
Episode 982  Reward:   0.160716  Wealth:    139217.79  Turnover: 0.9006  Gross: 1.3887  Gate: 0.7774
Episode 983  Reward:   0.069128  Wealth:    122952.46  Turnover: 0.8385  Gross: 1.3949  Gate: 0.7899
Episode 984  Reward:   0.113063  Wealth:    128302.86  Turnover: 0.7292  Gross: 1.3957  Gate: 0.7915
Episode 985  Reward:   0.064985  Wealth:    119782.49  Turnover: 0.4252  Gross: 1.3677  Gate: 0.7354
Episode 986  Reward:  -0.290688  Wealth:     84074.16  Turnover: 0.6468  Gross: 1.3843  Gate: 0.7687
Episode 987  Reward:   0.052626  Wealth:    117460.34  Turnover: 0.5454  Gross: 1.3851  Gate: 0.7701
Episode 988  Reward:  -0.185817  Wealth:     93150.28  Turnover: 0.6628  Gross: 1.3957  Gate: 0.7914
Episode 989  Reward:   0.109500  Wealth:    127831.49  Turnover: 0.7026  Gross: 1.3986  Gate: 0.7972
Episode 990  Reward:  -0.071117  Wealth:    103642.03  Turnover: 0.4056  Gross: 1.3996  Gate: 0.7991
Episode    990  AvgReward:   0.004731  Noise: 0.0207
Episode 991  Reward:  -0.107763  Wealth:    102545.41  Turnover: 0.8734  Gross: 1.3828  Gate: 0.7655
Episode 992  Reward:   0.208375  Wealth:    146247.36  Turnover: 0.6909  Gross: 1.3984  Gate: 0.7967
Episode 993  Reward:   0.042460  Wealth:    117726.47  Turnover: 0.3493  Gross: 1.3934  Gate: 0.7869
Episode 994  Reward:   0.118193  Wealth:    132968.30  Turnover: 0.5713  Gross: 1.4006  Gate: 0.8011
Episode 995  Reward:   0.068695  Wealth:    123129.08  Turnover: 0.6502  Gross: 1.3841  Gate: 0.7682
Episode 996  Reward:   0.106901  Wealth:    127354.63  Turnover: 0.8088  Gross: 1.3923  Gate: 0.7846
Episode 997  Reward:   0.141661  Wealth:    129660.05  Turnover: 0.5208  Gross: 1.3992  Gate: 0.7984
Episode 998  Reward:   0.069815  Wealth:    122458.55  Turnover: 0.6613  Gross: 1.3899  Gate: 0.7798
Episode 999  Reward:   0.053931  Wealth:    122982.48  Turnover: 0.6018  Gross: 1.3969  Gate: 0.7937
Episode 1000  Reward:   0.014508  Wealth:    114248.91  Turnover: 0.5911  Gross: 1.3880  Gate: 0.7759
Episode   1000  AvgReward:   0.071678  Noise: 0.0203
TRAIN STAGE COMPLETE
PRE-TRAINING BEHAVIOUR GATE PASSED on deterministic held-in episodes: mean_leverage_gate=0.7838, fraction_at_gross_cap=0.0000, gate_gross_mae=0.0000, mean_turnover=0.6186, max_position_limit_violation=0.0000, mean_normalized_direction_entropy=0.8971, q05_normalized_direction_entropy=0.8262, mean_effective_positions=4.5303
Pre-training complete. Agent saved.

============================================================
Stage 2: Fine-tuning on Real Data

============================================================
============================================================
STAGE 2: FINE-TUNING
============================================================
============================================================
TRAIN STAGE STARTED: stage=finetune_selection, episodes=37, batch_size=64, updates_per_step=1
============================================================
Episode 1  Reward:   0.098285  Wealth:    127076.97  Turnover: 0.7199  Gross: 1.3955  Gate: 0.7909
Episode 2  Reward:   0.081380  Wealth:    125307.95  Turnover: 0.6827  Gross: 1.3949  Gate: 0.7898
Episode 3  Reward:   0.138666  Wealth:    131715.39  Turnover: 0.7250  Gross: 1.3940  Gate: 0.7880
Episode 4  Reward:   0.089466  Wealth:    123816.31  Turnover: 0.8150  Gross: 1.3923  Gate: 0.7846
Episode 5  Reward:   0.054797  Wealth:    117379.19  Turnover: 0.4541  Gross: 1.3825  Gate: 0.7650
Episode 6  Reward:   0.022236  Wealth:    114728.79  Turnover: 0.8598  Gross: 1.3934  Gate: 0.7869
Episode 7  Reward:  -0.005498  Wealth:    111119.08  Turnover: 0.5829  Gross: 1.3925  Gate: 0.7850
Episode 8  Reward:   0.002880  Wealth:    113421.24  Turnover: 0.4767  Gross: 1.3871  Gate: 0.7741
Episode 9  Reward:   0.074726  Wealth:    121751.84  Turnover: 0.8577  Gross: 1.3991  Gate: 0.7981
Episode 10  Reward:   0.077985  Wealth:    124527.46  Turnover: 0.7084  Gross: 1.3943  Gate: 0.7887
Episode 11  Reward:   0.095175  Wealth:    124543.75  Turnover: 0.6142  Gross: 1.3966  Gate: 0.7932
Episode 12  Reward:   0.182515  Wealth:    139638.82  Turnover: 0.9271  Gross: 1.3952  Gate: 0.7904
Episode 13  Reward:   0.083700  Wealth:    124942.31  Turnover: 0.7052  Gross: 1.3955  Gate: 0.7911
Episode 14  Reward:  -0.004481  Wealth:    111095.65  Turnover: 0.2228  Gross: 1.4043  Gate: 0.8086
Episode 15  Reward:   0.157486  Wealth:    137918.01  Turnover: 0.7672  Gross: 1.3975  Gate: 0.7949
Episode 16  Reward:  -0.027335  Wealth:    109207.39  Turnover: 0.2559  Gross: 1.4007  Gate: 0.8014
Episode 17  Reward:   0.140355  Wealth:    132858.09  Turnover: 0.7863  Gross: 1.3942  Gate: 0.7883
Episode 18  Reward:   0.266855  Wealth:    158920.77  Turnover: 0.8192  Gross: 1.4001  Gate: 0.8002
Episode 19  Reward:   0.034714  Wealth:    119329.25  Turnover: 0.6836  Gross: 1.4006  Gate: 0.8012
Episode 20  Reward:   0.142887  Wealth:    135833.09  Turnover: 0.6619  Gross: 1.3970  Gate: 0.7941
Episode 21  Reward:   0.262734  Wealth:    155767.61  Turnover: 0.6972  Gross: 1.3960  Gate: 0.7920
Episode 22  Reward:   0.226815  Wealth:    147839.30  Turnover: 0.6512  Gross: 1.3994  Gate: 0.7988
Episode 23  Reward:   0.238295  Wealth:    150083.67  Turnover: 0.7115  Gross: 1.4028  Gate: 0.8056
Episode 24  Reward:  -0.028905  Wealth:    109120.07  Turnover: 0.6885  Gross: 1.3949  Gate: 0.7897
Episode 25  Reward:   0.245141  Wealth:    151795.76  Turnover: 0.6172  Gross: 1.4006  Gate: 0.8012
Episode 26  Reward:   0.069384  Wealth:    121956.14  Turnover: 0.3407  Gross: 1.3959  Gate: 0.7919
Episode 27  Reward:   0.277821  Wealth:    160551.51  Turnover: 0.7409  Gross: 1.4026  Gate: 0.8052
Episode 28  Reward:   0.004938  Wealth:    113350.44  Turnover: 0.2068  Gross: 1.4022  Gate: 0.8044
Episode 29  Reward:   0.189432  Wealth:    142012.43  Turnover: 0.7390  Gross: 1.3989  Gate: 0.7978
Episode 30  Reward:   0.276913  Wealth:    162571.69  Turnover: 0.7103  Gross: 1.3983  Gate: 0.7966
Episode 31  Reward:   0.179836  Wealth:    140607.68  Turnover: 0.3502  Gross: 1.4071  Gate: 0.8142
Episode 32  Reward:   0.218601  Wealth:    147754.15  Turnover: 0.7289  Gross: 1.3981  Gate: 0.7963
Episode 33  Reward:   0.251958  Wealth:    154656.71  Turnover: 0.7127  Gross: 1.4039  Gate: 0.8078
Episode 34  Reward:   0.058547  Wealth:    120243.83  Turnover: 0.2214  Gross: 1.4023  Gate: 0.8046
Episode 35  Reward:   0.250526  Wealth:    153329.25  Turnover: 0.7452  Gross: 1.4062  Gate: 0.8124
Episode 36  Reward:  -0.010481  Wealth:    111096.80  Turnover: 0.1574  Gross: 1.4017  Gate: 0.8034
Episode 37  Reward:  -0.010965  Wealth:    110803.65  Turnover: 0.2948  Gross: 1.4020  Gate: 0.8041
Episode     37  AvgReward:   0.119119  Noise: 0.0417
TRAIN STAGE COMPLETE
VALIDATION pass=1 reward=0.011304 wealth=111639.21 turnover=0.7006 gross=1.4031
============================================================
TRAIN STAGE STARTED: stage=finetune_refit_all, episodes=61, batch_size=64, updates_per_step=1
============================================================
Episode 1  Reward:   0.228862  Wealth:    149893.27  Turnover: 0.9032  Gross: 1.3919  Gate: 0.7838
Episode 2  Reward:   0.088212  Wealth:    125581.67  Turnover: 0.7179  Gross: 1.3944  Gate: 0.7888
Episode 3  Reward:  -0.006404  Wealth:    113452.14  Turnover: 0.7056  Gross: 1.3987  Gate: 0.7974
Episode 4  Reward:  -0.033980  Wealth:    109959.49  Turnover: 0.9118  Gross: 1.3967  Gate: 0.7934
Episode 5  Reward:  -0.048864  Wealth:    106410.20  Turnover: 1.0849  Gross: 1.3951  Gate: 0.7902
Episode 6  Reward:   0.155309  Wealth:    132111.68  Turnover: 0.8006  Gross: 1.3989  Gate: 0.7979
Episode 7  Reward:  -0.067454  Wealth:    102805.77  Turnover: 0.7060  Gross: 1.3975  Gate: 0.7949
Episode 8  Reward:   0.143829  Wealth:    129578.10  Turnover: 0.6863  Gross: 1.4028  Gate: 0.8056
Episode 9  Reward:   0.105454  Wealth:    122313.41  Turnover: 0.6754  Gross: 1.4031  Gate: 0.8061
Episode 10  Reward:   0.120129  Wealth:    125231.23  Turnover: 0.5759  Gross: 1.4011  Gate: 0.8022
Episode 11  Reward:   0.081363  Wealth:    116884.47  Turnover: 0.3848  Gross: 1.3851  Gate: 0.7703
Episode 12  Reward:   0.030287  Wealth:    112397.84  Turnover: 0.6942  Gross: 1.4048  Gate: 0.8097
Episode 13  Reward:   0.144295  Wealth:    130064.65  Turnover: 0.6372  Gross: 1.4054  Gate: 0.8109
Episode 14  Reward:  -0.102095  Wealth:     97620.21  Turnover: 0.4472  Gross: 1.3970  Gate: 0.7939
Episode 15  Reward:   0.049103  Wealth:    112856.83  Turnover: 0.3301  Gross: 1.3808  Gate: 0.7616
Episode 16  Reward:  -0.083494  Wealth:     99946.75  Turnover: 0.4240  Gross: 1.3999  Gate: 0.7997
Episode 17  Reward:   0.012211  Wealth:    112268.92  Turnover: 0.6547  Gross: 1.4041  Gate: 0.8081
Episode 18  Reward:  -0.039299  Wealth:    105163.28  Turnover: 0.7172  Gross: 1.4002  Gate: 0.8004
Episode 19  Reward:  -0.012987  Wealth:    109330.07  Turnover: 0.6954  Gross: 1.4060  Gate: 0.8119
Episode 20  Reward:  -0.073073  Wealth:    103762.66  Turnover: 0.5942  Gross: 1.3994  Gate: 0.7989
Episode 21  Reward:  -0.027602  Wealth:    106967.11  Turnover: 0.7479  Gross: 1.4016  Gate: 0.8032
Episode 22  Reward:   0.002046  Wealth:    112567.61  Turnover: 0.4888  Gross: 1.3996  Gate: 0.7992
Episode 23  Reward:   0.145779  Wealth:    133317.30  Turnover: 0.4967  Gross: 1.4020  Gate: 0.8039
Episode 24  Reward:   0.051213  Wealth:    118580.42  Turnover: 0.4745  Gross: 1.3992  Gate: 0.7984
Episode 25  Reward:   0.222395  Wealth:    148086.72  Turnover: 0.5125  Gross: 1.4016  Gate: 0.8032
Episode 26  Reward:   0.081568  Wealth:    121407.43  Turnover: 0.7617  Gross: 1.4069  Gate: 0.8139
Episode 27  Reward:  -0.009598  Wealth:    108651.49  Turnover: 0.4321  Gross: 1.3979  Gate: 0.7959
Episode 28  Reward:   0.073695  Wealth:    118933.27  Turnover: 0.7224  Gross: 1.4049  Gate: 0.8097
Episode 29  Reward:  -0.101111  Wealth:     99480.22  Turnover: 0.6288  Gross: 1.3968  Gate: 0.7937
Episode 30  Reward:   0.195057  Wealth:    139624.76  Turnover: 0.5774  Gross: 1.4047  Gate: 0.8094
Episode 31  Reward:  -0.045419  Wealth:    104453.53  Turnover: 0.5581  Gross: 1.3985  Gate: 0.7970
Episode 32  Reward:  -0.049465  Wealth:    104504.66  Turnover: 0.5591  Gross: 1.3987  Gate: 0.7973
Episode 33  Reward:   0.203472  Wealth:    140503.14  Turnover: 0.7371  Gross: 1.4065  Gate: 0.8130
Episode 34  Reward:   0.094420  Wealth:    120880.83  Turnover: 0.4922  Gross: 1.4072  Gate: 0.8144
Episode 35  Reward:   0.160637  Wealth:    133435.16  Turnover: 0.6070  Gross: 1.4033  Gate: 0.8065
Episode 36  Reward:   0.118514  Wealth:    127072.73  Turnover: 0.6210  Gross: 1.3983  Gate: 0.7966
Episode 37  Reward:  -0.143478  Wealth:     95317.82  Turnover: 0.5169  Gross: 1.4014  Gate: 0.8028
Episode 38  Reward:  -0.135561  Wealth:     95937.81  Turnover: 0.5387  Gross: 1.4018  Gate: 0.8036
Episode 39  Reward:  -0.154116  Wealth:     94921.56  Turnover: 0.5377  Gross: 1.4026  Gate: 0.8052
Episode 40  Reward:   0.113664  Wealth:    123308.56  Turnover: 0.4966  Gross: 1.4050  Gate: 0.8100
Episode 41  Reward:   0.270644  Wealth:    155943.12  Turnover: 0.6767  Gross: 1.3988  Gate: 0.7975
Episode 42  Reward:  -0.119096  Wealth:     98128.74  Turnover: 0.5024  Gross: 1.4001  Gate: 0.8002
Episode 43  Reward:   0.049947  Wealth:    116782.07  Turnover: 0.5710  Gross: 1.4027  Gate: 0.8055
Episode 44  Reward:   0.011613  Wealth:    111178.08  Turnover: 0.2366  Gross: 1.4050  Gate: 0.8100
Episode 45  Reward:   0.185126  Wealth:    137378.92  Turnover: 0.7139  Gross: 1.4075  Gate: 0.8149
Episode 46  Reward:   0.143945  Wealth:    132320.35  Turnover: 0.7251  Gross: 1.3980  Gate: 0.7959
Episode 47  Reward:   0.248461  Wealth:    153289.69  Turnover: 0.7159  Gross: 1.3987  Gate: 0.7975
Episode 48  Reward:   0.013752  Wealth:    110980.95  Turnover: 0.5901  Gross: 1.4007  Gate: 0.8015
Episode 49  Reward:   0.299873  Wealth:    164298.59  Turnover: 0.6335  Gross: 1.3997  Gate: 0.7994
Episode 50  Reward:   0.234772  Wealth:    149719.26  Turnover: 0.6817  Gross: 1.4006  Gate: 0.8013
Episode 51  Reward:  -0.067551  Wealth:    102321.27  Turnover: 0.5781  Gross: 1.4001  Gate: 0.8002
Episode 52  Reward:   0.262520  Wealth:    155924.63  Turnover: 0.6456  Gross: 1.4015  Gate: 0.8030
Episode 53  Reward:   0.144333  Wealth:    129309.40  Turnover: 0.3876  Gross: 1.4082  Gate: 0.8164
Episode 54  Reward:   0.026914  Wealth:    113049.70  Turnover: 0.2961  Gross: 1.4015  Gate: 0.8030
Episode 55  Reward:   0.268212  Wealth:    155386.61  Turnover: 0.7117  Gross: 1.4019  Gate: 0.8038
Episode 56  Reward:   0.078671  Wealth:    119047.91  Turnover: 0.3212  Gross: 1.4051  Gate: 0.8102
Episode 57  Reward:   0.050080  Wealth:    114405.86  Turnover: 0.5196  Gross: 1.3999  Gate: 0.7998
Episode 58  Reward:   0.055398  Wealth:    116044.72  Turnover: 0.3287  Gross: 1.4042  Gate: 0.8084
Episode 59  Reward:   0.280597  Wealth:    157653.01  Turnover: 0.6018  Gross: 1.4032  Gate: 0.8065
Episode 60  Reward:   0.272368  Wealth:    157741.15  Turnover: 0.6619  Gross: 1.4000  Gate: 0.7999
Episode 61  Reward:   0.092567  Wealth:    122256.52  Turnover: 0.6178  Gross: 1.4021  Gate: 0.8042
Episode     61  AvgReward:   0.070339  Noise: 0.0370
TRAIN STAGE COMPLETE
Fine-tuning complete. Selected 1 pass(es); final agent saved.

============================================================
TRAINING COMPLETE

============================================================
Error in py_run_string_impl(code, local, convert) : 
  ModuleNotFoundError: No module named 'pandas'
Run `reticulate::py_last_error()` for details.
Calls: py_run_string -> py_run_string_impl
Execution halted

[2/5] Training seed 20260843
Loading configuration from: config/config.yaml 
Run mode: full | seed: 20260843 | CVaR simulations/step: 512 | vine simulation cores: 44
Loading synthetic return bundle: data/synthetic_returns.RData
Loaded 1000 pre-training and 61 fine-tuning episodes.
Fine-tuning selection: 37 fit episodes, 23 purged overlapping episodes, 1 validation episode; final refit uses all 61.
Run seed: 20260843
Run mode: full
PyTorch: 2.10.0+cu128
Device: cuda
Action schema: interior_rank_partition_leverage_gate_v5; projection temperature=1.5
GPU: NVIDIA A100-SXM4-80GB
PYTHON: Framework ready.
Action schema: interior_rank_partition_leverage_gate_v5 | gross=1.500 | net=1.000 | max_long=0.600 | max_short=0.200
Risk/training: entropy_coef=0.005 | leverage_target=0.800 | leverage_penalty=0.25 | direction_bound=5.000 | AMP=False

============================================================
Stage 1: Pre-training on Synthetic Data

============================================================
============================================================
STAGE 1: PRE-TRAINING
============================================================
============================================================
TRAIN STAGE STARTED: stage=pretrain, episodes=1000, batch_size=128, updates_per_step=1
============================================================
Episode 1  Reward:   0.085305  Wealth:    122835.25  Turnover: 1.0015  Gross: 1.2800  Gate: 0.5600
Episode 2  Reward:  -0.297836  Wealth:     83232.89  Turnover: 1.0847  Gross: 1.2335  Gate: 0.4670
Episode 3  Reward:   0.189929  Wealth:    141436.42  Turnover: 1.0600  Gross: 1.2733  Gate: 0.5467
Episode 4  Reward:  -0.570447  Wealth:     68088.09  Turnover: 1.0475  Gross: 1.2380  Gate: 0.4759
Episode 5  Reward:  -0.184008  Wealth:     91827.16  Turnover: 0.9765  Gross: 1.2411  Gate: 0.4823
Episode 6  Reward:  -0.064042  Wealth:    103464.68  Turnover: 1.1374  Gross: 1.2270  Gate: 0.4541
Episode 7  Reward:   0.235177  Wealth:    149652.13  Turnover: 1.0380  Gross: 1.2320  Gate: 0.4641
Episode 8  Reward:  -0.165108  Wealth:     94393.10  Turnover: 1.0009  Gross: 1.2791  Gate: 0.5581
Episode 9  Reward:  -0.023225  Wealth:    107910.97  Turnover: 1.0679  Gross: 1.2615  Gate: 0.5231
Episode 10  Reward:   0.163910  Wealth:    136870.64  Turnover: 1.0828  Gross: 1.2766  Gate: 0.5532
Episode     10  AvgReward:  -0.063035  Noise: 0.1473
Episode 11  Reward:   0.262820  Wealth:    156903.60  Turnover: 1.1528  Gross: 1.2578  Gate: 0.5156
Episode 12  Reward:  -0.005125  Wealth:    111684.09  Turnover: 1.0297  Gross: 1.2517  Gate: 0.5035
Episode 13  Reward:  -0.427521  Wealth:     75524.17  Turnover: 1.1039  Gross: 1.2536  Gate: 0.5073
Episode 14  Reward:  -0.054199  Wealth:    104582.93  Turnover: 1.0969  Gross: 1.2427  Gate: 0.4854
Episode 15  Reward:  -0.036434  Wealth:    107145.20  Turnover: 1.0951  Gross: 1.2345  Gate: 0.4689
Episode 16  Reward:   0.033066  Wealth:    116014.32  Turnover: 1.0904  Gross: 1.2736  Gate: 0.5471
Episode 17  Reward:  -0.174945  Wealth:     93347.05  Turnover: 1.1121  Gross: 1.2542  Gate: 0.5083
Episode 18  Reward:  -0.190483  Wealth:     91338.46  Turnover: 0.9614  Gross: 1.2275  Gate: 0.4550
Episode 19  Reward:   0.203809  Wealth:    143199.99  Turnover: 1.0226  Gross: 1.2844  Gate: 0.5687
Episode 20  Reward:  -0.140345  Wealth:     96134.21  Turnover: 0.9846  Gross: 1.2932  Gate: 0.5865
Episode     20  AvgReward:  -0.052936  Noise: 0.1444
Episode 21  Reward:  -0.074276  Wealth:    101663.21  Turnover: 1.0629  Gross: 1.2464  Gate: 0.4927
Episode 22  Reward:  -0.259176  Wealth:     85593.29  Turnover: 1.1086  Gross: 1.2572  Gate: 0.5145
Episode 23  Reward:   0.106275  Wealth:    126111.92  Turnover: 1.1010  Gross: 1.2205  Gate: 0.4411
Episode 24  Reward:   0.048055  Wealth:    117554.91  Turnover: 1.0920  Gross: 1.2426  Gate: 0.4852
Episode 25  Reward:   0.233668  Wealth:    149621.02  Turnover: 1.0032  Gross: 1.2129  Gate: 0.4258
Episode 26  Reward:  -0.233826  Wealth:     87600.81  Turnover: 1.1252  Gross: 1.2424  Gate: 0.4847
Episode 27  Reward:   0.111336  Wealth:    127790.75  Turnover: 1.0660  Gross: 1.2459  Gate: 0.4917
Episode 28  Reward:  -0.142720  Wealth:     96063.66  Turnover: 1.0792  Gross: 1.2434  Gate: 0.4868
Episode 29  Reward:  -0.009529  Wealth:    109712.88  Turnover: 1.0067  Gross: 1.2295  Gate: 0.4591
Episode 30  Reward:  -0.012439  Wealth:    109284.10  Turnover: 1.0121  Gross: 1.2786  Gate: 0.5572
Episode     30  AvgReward:  -0.023263  Noise: 0.1415
Episode 31  Reward:   0.318263  Wealth:    172415.33  Turnover: 1.1165  Gross: 1.2564  Gate: 0.5128
Episode 32  Reward:   0.027284  Wealth:    114167.67  Turnover: 1.0457  Gross: 1.2198  Gate: 0.4396
Episode 33  Reward:   0.026411  Wealth:    115692.54  Turnover: 1.0912  Gross: 1.2569  Gate: 0.5138
Episode 34  Reward:  -0.014611  Wealth:    109640.09  Turnover: 1.1541  Gross: 1.2359  Gate: 0.4719
Episode 35  Reward:   0.083817  Wealth:    122751.78  Turnover: 1.0513  Gross: 1.2489  Gate: 0.4978
Episode 36  Reward:  -0.134044  Wealth:     96740.88  Turnover: 1.1199  Gross: 1.2738  Gate: 0.5476
Episode 37  Reward:  -0.416433  Wealth:     75679.91  Turnover: 1.1729  Gross: 1.2831  Gate: 0.5661
Episode 38  Reward:  -0.249966  Wealth:     87038.79  Turnover: 1.0546  Gross: 1.2009  Gate: 0.4017
Episode 39  Reward:  -0.203638  Wealth:     90843.18  Turnover: 1.0462  Gross: 1.2207  Gate: 0.4414
Episode 40  Reward:   0.059145  Wealth:    118563.80  Turnover: 1.0367  Gross: 1.2441  Gate: 0.4882
Episode     40  AvgReward:  -0.050377  Noise: 0.1387
Episode 41  Reward:   0.092565  Wealth:    123687.92  Turnover: 1.0836  Gross: 1.2284  Gate: 0.4569
Episode 42  Reward:   0.182423  Wealth:    139526.37  Turnover: 0.8133  Gross: 1.1993  Gate: 0.3986
Episode 43  Reward:  -0.213237  Wealth:     90914.41  Turnover: 0.2533  Gross: 1.0833  Gate: 0.1667
Episode 44  Reward:   0.033392  Wealth:    116152.72  Turnover: 0.2496  Gross: 1.0871  Gate: 0.1743
Episode 45  Reward:  -0.445541  Wealth:     74608.81  Turnover: 0.2745  Gross: 1.0889  Gate: 0.1777
Episode 46  Reward:  -0.094614  Wealth:    101200.57  Turnover: 0.2939  Gross: 1.0885  Gate: 0.1770
Episode 47  Reward:  -0.263214  Wealth:     86148.06  Turnover: 0.2351  Gross: 1.0937  Gate: 0.1874
Episode 48  Reward:   0.005848  Wealth:    113004.76  Turnover: 0.2568  Gross: 1.0952  Gate: 0.1904
Episode 49  Reward:   0.242186  Wealth:    154259.22  Turnover: 0.2632  Gross: 1.0924  Gate: 0.1848
Episode 50  Reward:   0.204852  Wealth:    144441.32  Turnover: 0.1954  Gross: 1.1002  Gate: 0.2004
Episode     50  AvgReward:  -0.025534  Noise: 0.1360
Episode 51  Reward:   0.014288  Wealth:    112797.01  Turnover: 0.2364  Gross: 1.1018  Gate: 0.2035
Episode 52  Reward:  -0.010247  Wealth:    110308.83  Turnover: 0.2726  Gross: 1.1028  Gate: 0.2056
Episode 53  Reward:  -0.432373  Wealth:     75087.14  Turnover: 0.2350  Gross: 1.1050  Gate: 0.2100
Episode 54  Reward:  -0.500811  Wealth:     71019.22  Turnover: 0.2725  Gross: 1.1022  Gate: 0.2044
Episode 55  Reward:   0.176472  Wealth:    137691.87  Turnover: 0.2650  Gross: 1.1108  Gate: 0.2217
Episode 56  Reward:   0.005512  Wealth:    111858.43  Turnover: 0.2620  Gross: 1.1112  Gate: 0.2224
Episode 57  Reward:  -0.291673  Wealth:     83736.78  Turnover: 0.2613  Gross: 1.1182  Gate: 0.2365
Episode 58  Reward:   0.217954  Wealth:    145559.27  Turnover: 0.1455  Gross: 1.1165  Gate: 0.2330
Episode 59  Reward:   0.041181  Wealth:    115859.63  Turnover: 0.2507  Gross: 1.1209  Gate: 0.2418
Episode 60  Reward:   0.068882  Wealth:    119786.08  Turnover: 0.2322  Gross: 1.1226  Gate: 0.2452
Episode     60  AvgReward:  -0.071082  Noise: 0.1333
Episode 61  Reward:   0.069505  Wealth:    119879.36  Turnover: 0.1908  Gross: 1.1223  Gate: 0.2446
Episode 62  Reward:  -0.166730  Wealth:     93197.05  Turnover: 0.2719  Gross: 1.1260  Gate: 0.2520
Episode 63  Reward:  -0.062280  Wealth:    103310.28  Turnover: 0.2369  Gross: 1.1304  Gate: 0.2609
Episode 64  Reward:   0.077813  Wealth:    120850.86  Turnover: 0.2323  Gross: 1.1342  Gate: 0.2685
Episode 65  Reward:   0.056636  Wealth:    117561.18  Turnover: 0.3102  Gross: 1.1325  Gate: 0.2650
Episode 66  Reward:   0.238700  Wealth:    150719.75  Turnover: 0.3085  Gross: 1.1362  Gate: 0.2724
Episode 67  Reward:  -0.286567  Wealth:     83802.35  Turnover: 0.2893  Gross: 1.1371  Gate: 0.2743
Episode 68  Reward:  -0.017963  Wealth:    108503.72  Turnover: 0.3523  Gross: 1.1409  Gate: 0.2818
Episode 69  Reward:   0.078720  Wealth:    120834.96  Turnover: 0.3914  Gross: 1.1419  Gate: 0.2838
Episode 70  Reward:  -0.281260  Wealth:     84266.58  Turnover: 0.2945  Gross: 1.1493  Gate: 0.2986
Episode     70  AvgReward:  -0.029343  Noise: 0.1306
Episode 71  Reward:   0.092151  Wealth:    123611.34  Turnover: 0.3606  Gross: 1.1427  Gate: 0.2854
Episode 72  Reward:  -0.020167  Wealth:    108131.66  Turnover: 0.3634  Gross: 1.1499  Gate: 0.2997
Episode 73  Reward:   0.150374  Wealth:    132689.01  Turnover: 0.3735  Gross: 1.1436  Gate: 0.2872
Episode 74  Reward:   0.081466  Wealth:    121908.65  Turnover: 0.3084  Gross: 1.1488  Gate: 0.2975
Episode 75  Reward:  -0.014508  Wealth:    108553.04  Turnover: 0.3046  Gross: 1.1497  Gate: 0.2994
Episode 76  Reward:   0.005440  Wealth:    110525.47  Turnover: 0.3203  Gross: 1.1494  Gate: 0.2988
Episode 77  Reward:  -0.049017  Wealth:    104672.63  Turnover: 0.2537  Gross: 1.1405  Gate: 0.2809
Episode 78  Reward:   0.001397  Wealth:    109782.77  Turnover: 0.2150  Gross: 1.1488  Gate: 0.2977
Episode 79  Reward:  -0.016345  Wealth:    107560.62  Turnover: 0.3513  Gross: 1.1519  Gate: 0.3037
Episode 80  Reward:   0.032733  Wealth:    113396.41  Turnover: 0.4352  Gross: 1.1457  Gate: 0.2914
Episode     80  AvgReward:   0.026352  Noise: 0.1281
Episode 81  Reward:   0.181992  Wealth:    135699.68  Turnover: 0.2191  Gross: 1.1496  Gate: 0.2992
Episode 82  Reward:   0.072469  Wealth:    117961.73  Turnover: 0.1674  Gross: 1.1503  Gate: 0.3006
Episode 83  Reward:   0.101516  Wealth:    122093.27  Turnover: 0.3226  Gross: 1.1483  Gate: 0.2965
Episode 84  Reward:   0.064831  Wealth:    116404.10  Turnover: 0.2055  Gross: 1.1491  Gate: 0.2982
Episode 85  Reward:   0.087046  Wealth:    119752.74  Turnover: 0.1966  Gross: 1.1579  Gate: 0.3158
Episode 86  Reward:   0.079303  Wealth:    118513.80  Turnover: 0.3099  Gross: 1.1508  Gate: 0.3017
Episode 87  Reward:   0.058690  Wealth:    115107.58  Turnover: 0.2554  Gross: 1.1514  Gate: 0.3028
Episode 88  Reward:   0.113716  Wealth:    122546.18  Turnover: 0.1731  Gross: 1.1556  Gate: 0.3112
Episode 89  Reward:   0.135978  Wealth:    126516.51  Turnover: 0.2370  Gross: 1.1545  Gate: 0.3089
Episode 90  Reward:   0.307289  Wealth:    161616.40  Turnover: 0.3523  Gross: 1.1495  Gate: 0.2990
Episode     90  AvgReward:   0.120283  Noise: 0.1255
Episode 91  Reward:   0.132798  Wealth:    125906.25  Turnover: 0.3149  Gross: 1.1653  Gate: 0.3306
Episode 92  Reward:   0.077410  Wealth:    116992.79  Turnover: 0.3618  Gross: 1.1637  Gate: 0.3273
Episode 93  Reward:  -0.014112  Wealth:    105931.94  Turnover: 0.3088  Gross: 1.1776  Gate: 0.3552
Episode 94  Reward:  -0.056253  Wealth:    101132.59  Turnover: 0.3087  Gross: 1.1848  Gate: 0.3697
Episode 95  Reward:   0.334520  Wealth:    167585.78  Turnover: 0.3537  Gross: 1.1826  Gate: 0.3652
Episode 96  Reward:   0.125015  Wealth:    124257.40  Turnover: 0.3325  Gross: 1.2001  Gate: 0.4002
Episode 97  Reward:   0.092597  Wealth:    119167.26  Turnover: 0.4405  Gross: 1.2018  Gate: 0.4035
Episode 98  Reward:   0.144439  Wealth:    127574.92  Turnover: 0.4417  Gross: 1.2084  Gate: 0.4169
Episode 99  Reward:   0.060706  Wealth:    114568.28  Turnover: 0.4059  Gross: 1.2246  Gate: 0.4491
Episode 100  Reward:   0.005476  Wealth:    108059.12  Turnover: 0.3593  Gross: 1.2396  Gate: 0.4792
Episode    100  AvgReward:   0.090259  Noise: 0.1230
Episode 101  Reward:  -0.048159  Wealth:    102150.27  Turnover: 0.5440  Gross: 1.2413  Gate: 0.4826
Episode 102  Reward:   0.119103  Wealth:    123175.56  Turnover: 0.3693  Gross: 1.2562  Gate: 0.5124
Episode 103  Reward:   0.102959  Wealth:    120574.27  Turnover: 0.3643  Gross: 1.2676  Gate: 0.5352
Episode 104  Reward:   0.218595  Wealth:    140227.76  Turnover: 0.4191  Gross: 1.2895  Gate: 0.5791
Episode 105  Reward:   0.238022  Wealth:    144330.25  Turnover: 0.4017  Gross: 1.3065  Gate: 0.6131
Episode 106  Reward:   0.103036  Wealth:    120500.08  Turnover: 0.3678  Gross: 1.3087  Gate: 0.6175
Episode 107  Reward:   0.258455  Wealth:    148188.31  Turnover: 0.4428  Gross: 1.3215  Gate: 0.6430
Episode 108  Reward:  -0.175379  Wealth:     90353.70  Turnover: 0.4558  Gross: 1.3368  Gate: 0.6735
Episode 109  Reward:   0.097588  Wealth:    120032.85  Turnover: 0.4962  Gross: 1.3291  Gate: 0.6582
Episode 110  Reward:   0.069185  Wealth:    115750.22  Turnover: 0.4605  Gross: 1.3618  Gate: 0.7236
Episode    110  AvgReward:   0.098340  Noise: 0.1206
Episode 111  Reward:   0.265795  Wealth:    150631.18  Turnover: 0.4423  Gross: 1.3592  Gate: 0.7185
Episode 112  Reward:   0.210934  Wealth:    139459.82  Turnover: 0.3799  Gross: 1.3688  Gate: 0.7377
Episode 113  Reward:   0.069628  Wealth:    115864.37  Turnover: 0.5209  Gross: 1.3724  Gate: 0.7448
Episode 114  Reward:   0.122279  Wealth:    123932.81  Turnover: 0.3258  Gross: 1.3875  Gate: 0.7749
Episode 115  Reward:   0.213043  Wealth:    139443.40  Turnover: 0.4023  Gross: 1.3932  Gate: 0.7865
Episode 116  Reward:   0.121012  Wealth:    123301.86  Turnover: 0.3158  Gross: 1.3957  Gate: 0.7915
Episode 117  Reward:  -0.001784  Wealth:    107149.23  Turnover: 0.3838  Gross: 1.3896  Gate: 0.7791
Episode 118  Reward:   0.277553  Wealth:    152590.95  Turnover: 0.5318  Gross: 1.4030  Gate: 0.8060
Episode 119  Reward:   0.206986  Wealth:    138185.37  Turnover: 0.5048  Gross: 1.3969  Gate: 0.7938
Episode 120  Reward:   0.319759  Wealth:    164417.60  Turnover: 0.2858  Gross: 1.3912  Gate: 0.7824
Episode    120  AvgReward:   0.180521  Noise: 0.1182
Episode 121  Reward:   0.148952  Wealth:    127558.03  Turnover: 0.4019  Gross: 1.3944  Gate: 0.7888
Episode 122  Reward:   0.149081  Wealth:    127746.88  Turnover: 0.4155  Gross: 1.3968  Gate: 0.7936
Episode 123  Reward:   0.041203  Wealth:    112129.96  Turnover: 0.4029  Gross: 1.4022  Gate: 0.8044
Episode 124  Reward:   0.290595  Wealth:    156907.92  Turnover: 0.3658  Gross: 1.3986  Gate: 0.7972
Episode 125  Reward:  -0.060832  Wealth:    100628.78  Turnover: 0.4126  Gross: 1.4040  Gate: 0.8079
Episode 126  Reward:   0.008683  Wealth:    108540.11  Turnover: 0.3429  Gross: 1.3993  Gate: 0.7986
Episode 127  Reward:   0.098498  Wealth:    119793.60  Turnover: 0.5343  Gross: 1.4019  Gate: 0.8039
Episode 128  Reward:   0.158635  Wealth:    130386.31  Turnover: 0.2975  Gross: 1.3746  Gate: 0.7493
Episode 129  Reward:   0.263196  Wealth:    150822.80  Turnover: 0.3456  Gross: 1.4003  Gate: 0.8006
Episode 130  Reward:   0.305261  Wealth:    159679.34  Turnover: 0.3735  Gross: 1.3985  Gate: 0.7970
Episode    130  AvgReward:   0.140327  Noise: 0.1159
Episode 131  Reward:   0.134065  Wealth:    124779.24  Turnover: 0.4079  Gross: 1.3946  Gate: 0.7892
Episode 132  Reward:   0.071636  Wealth:    115770.99  Turnover: 0.4553  Gross: 1.4010  Gate: 0.8020
Episode 133  Reward:   0.059601  Wealth:    114362.46  Turnover: 0.3481  Gross: 1.3989  Gate: 0.7977
Episode 134  Reward:  -0.370430  Wealth:     76921.17  Turnover: 0.4006  Gross: 1.3801  Gate: 0.7602
Episode 135  Reward:   0.084382  Wealth:    118776.50  Turnover: 0.3044  Gross: 1.3764  Gate: 0.7529
Episode 136  Reward:   0.098069  Wealth:    119295.69  Turnover: 0.4064  Gross: 1.3961  Gate: 0.7921
Episode 137  Reward:   0.118362  Wealth:    122392.82  Turnover: 0.4240  Gross: 1.3984  Gate: 0.7968
Episode 138  Reward:   0.133607  Wealth:    125445.84  Turnover: 0.3619  Gross: 1.4000  Gate: 0.7999
Episode 139  Reward:   0.125725  Wealth:    123604.41  Turnover: 0.4517  Gross: 1.4092  Gate: 0.8184
Episode 140  Reward:   0.176925  Wealth:    133674.70  Turnover: 0.2862  Gross: 1.3806  Gate: 0.7612
Episode    140  AvgReward:   0.063194  Noise: 0.1136
Episode 141  Reward:   0.179499  Wealth:    132894.06  Turnover: 0.3676  Gross: 1.3939  Gate: 0.7879
Episode 142  Reward:   0.046381  Wealth:    112443.46  Turnover: 0.3620  Gross: 1.3852  Gate: 0.7703
Episode 143  Reward:   0.077313  Wealth:    118320.57  Turnover: 0.3557  Gross: 1.3754  Gate: 0.7508
Episode 144  Reward:   0.117902  Wealth:    124222.07  Turnover: 0.2466  Gross: 1.3658  Gate: 0.7316
Episode 145  Reward:   0.254649  Wealth:    147862.17  Turnover: 0.4351  Gross: 1.3938  Gate: 0.7876
Episode 146  Reward:   0.202836  Wealth:    137700.81  Turnover: 0.4306  Gross: 1.3860  Gate: 0.7719
Episode 147  Reward:  -0.221336  Wealth:     86574.67  Turnover: 0.4018  Gross: 1.3929  Gate: 0.7858
Episode 148  Reward:   0.126016  Wealth:    123952.70  Turnover: 0.3960  Gross: 1.3999  Gate: 0.7997
Episode 149  Reward:   0.207350  Wealth:    138647.30  Turnover: 0.2551  Gross: 1.3776  Gate: 0.7551
Episode 150  Reward:  -0.062901  Wealth:    101098.76  Turnover: 0.4263  Gross: 1.4021  Gate: 0.8042
Episode    150  AvgReward:   0.092771  Noise: 0.1113
Episode 151  Reward:   0.057351  Wealth:    113918.00  Turnover: 0.3693  Gross: 1.4049  Gate: 0.8098
Episode 152  Reward:  -0.028983  Wealth:    104499.33  Turnover: 0.4391  Gross: 1.3914  Gate: 0.7827
Episode 153  Reward:   0.077608  Wealth:    117060.27  Turnover: 0.5039  Gross: 1.3849  Gate: 0.7697
Episode 154  Reward:   0.293490  Wealth:    159666.61  Turnover: 0.3632  Gross: 1.3731  Gate: 0.7462
Episode 155  Reward:   0.035924  Wealth:    112215.02  Turnover: 0.5928  Gross: 1.3901  Gate: 0.7802
Episode 156  Reward:  -0.150030  Wealth:     92600.98  Turnover: 0.4389  Gross: 1.3857  Gate: 0.7715
Episode 157  Reward:  -0.036339  Wealth:    103497.27  Turnover: 0.5531  Gross: 1.3962  Gate: 0.7923
Episode 158  Reward:  -0.123583  Wealth:     95060.17  Turnover: 0.3709  Gross: 1.3910  Gate: 0.7821
Episode 159  Reward:  -0.045116  Wealth:    101743.29  Turnover: 0.3877  Gross: 1.3893  Gate: 0.7786
Episode 160  Reward:   0.008474  Wealth:    109294.36  Turnover: 0.3810  Gross: 1.3903  Gate: 0.7805
Episode    160  AvgReward:   0.008880  Noise: 0.1091
Episode 161  Reward:   0.286326  Wealth:    157967.58  Turnover: 0.4628  Gross: 1.3743  Gate: 0.7486
Episode 162  Reward:   0.115980  Wealth:    123100.84  Turnover: 0.6412  Gross: 1.3975  Gate: 0.7950
Episode 163  Reward:  -0.046481  Wealth:    102317.31  Turnover: 0.5733  Gross: 1.3815  Gate: 0.7630
Episode 164  Reward:  -0.048889  Wealth:    103740.31  Turnover: 0.3564  Gross: 1.3880  Gate: 0.7759
Episode 165  Reward:   0.047815  Wealth:    113084.63  Turnover: 0.3740  Gross: 1.3936  Gate: 0.7872
Episode 166  Reward:   0.140090  Wealth:    126652.32  Turnover: 0.4958  Gross: 1.4037  Gate: 0.8073
Episode 167  Reward:   0.122411  Wealth:    123058.89  Turnover: 0.4040  Gross: 1.3864  Gate: 0.7728
Episode 168  Reward:  -0.040020  Wealth:    103000.72  Turnover: 0.4656  Gross: 1.3998  Gate: 0.7997
Episode 169  Reward:   0.067217  Wealth:    115339.70  Turnover: 0.4372  Gross: 1.4054  Gate: 0.8109
Episode 170  Reward:  -0.056486  Wealth:    100577.02  Turnover: 0.3611  Gross: 1.3965  Gate: 0.7931
Episode    170  AvgReward:   0.058796  Noise: 0.1069
Episode 171  Reward:   0.175468  Wealth:    131778.74  Turnover: 0.3376  Gross: 1.3775  Gate: 0.7549
Episode 172  Reward:  -0.033299  Wealth:    103754.72  Turnover: 0.4953  Gross: 1.3837  Gate: 0.7674
Episode 173  Reward:   0.032919  Wealth:    111162.39  Turnover: 0.4716  Gross: 1.3876  Gate: 0.7751
Episode 174  Reward:   0.252318  Wealth:    150992.73  Turnover: 0.4577  Gross: 1.3473  Gate: 0.6945
Episode 175  Reward:  -0.119355  Wealth:     95393.45  Turnover: 0.4398  Gross: 1.3557  Gate: 0.7113
Episode 176  Reward:   0.006116  Wealth:    107572.68  Turnover: 0.4108  Gross: 1.3892  Gate: 0.7785
Episode 177  Reward:   0.113985  Wealth:    122079.86  Turnover: 0.3672  Gross: 1.3885  Gate: 0.7770
Episode 178  Reward:   0.277376  Wealth:    152378.16  Turnover: 0.3696  Gross: 1.3794  Gate: 0.7588
Episode 179  Reward:  -0.079453  Wealth:     98753.18  Turnover: 0.4073  Gross: 1.3962  Gate: 0.7923
Episode 180  Reward:   0.208373  Wealth:    138404.37  Turnover: 0.5193  Gross: 1.3787  Gate: 0.7574
Episode    180  AvgReward:   0.083445  Noise: 0.1048
Episode 181  Reward:   0.198694  Wealth:    136240.96  Turnover: 0.3654  Gross: 1.3871  Gate: 0.7742
Episode 182  Reward:   0.172211  Wealth:    132293.21  Turnover: 0.4112  Gross: 1.3982  Gate: 0.7965
Episode 183  Reward:  -0.137152  Wealth:     93365.83  Turnover: 0.4474  Gross: 1.3860  Gate: 0.7720
Episode 184  Reward:  -0.026043  Wealth:    104141.89  Turnover: 0.4538  Gross: 1.3914  Gate: 0.7827
Episode 185  Reward:   0.154948  Wealth:    129085.14  Turnover: 0.5661  Gross: 1.3733  Gate: 0.7466
Episode 186  Reward:   0.154448  Wealth:    128695.84  Turnover: 0.4440  Gross: 1.3862  Gate: 0.7724
Episode 187  Reward:   0.117987  Wealth:    122711.66  Turnover: 0.5593  Gross: 1.3917  Gate: 0.7834
Episode 188  Reward:  -0.007028  Wealth:    106593.66  Turnover: 0.5987  Gross: 1.3956  Gate: 0.7912
Episode 189  Reward:   0.298119  Wealth:    160419.31  Turnover: 0.5451  Gross: 1.3910  Gate: 0.7819
Episode 190  Reward:   0.095539  Wealth:    119284.07  Turnover: 0.5285  Gross: 1.3867  Gate: 0.7733
Episode    190  AvgReward:   0.102172  Noise: 0.1027
Episode 191  Reward:  -0.094876  Wealth:     97457.62  Turnover: 0.4307  Gross: 1.4078  Gate: 0.8157
Episode 192  Reward:   0.127250  Wealth:    124873.22  Turnover: 0.5442  Gross: 1.3861  Gate: 0.7722
Episode 193  Reward:   0.116525  Wealth:    124425.43  Turnover: 0.4715  Gross: 1.3955  Gate: 0.7911
Episode 194  Reward:   0.165706  Wealth:    130636.39  Turnover: 0.6482  Gross: 1.3971  Gate: 0.7942
Episode 195  Reward:   0.027615  Wealth:    110035.60  Turnover: 0.4828  Gross: 1.3903  Gate: 0.7806
Episode 196  Reward:   0.103324  Wealth:    121047.79  Turnover: 0.5528  Gross: 1.3819  Gate: 0.7638
Episode 197  Reward:   0.097383  Wealth:    121379.77  Turnover: 0.6438  Gross: 1.3748  Gate: 0.7495
Episode 198  Reward:   0.238143  Wealth:    145124.10  Turnover: 0.6144  Gross: 1.3657  Gate: 0.7314
Episode 199  Reward:   0.127216  Wealth:    124882.49  Turnover: 0.5774  Gross: 1.3984  Gate: 0.7968
Episode 200  Reward:   0.284746  Wealth:    155726.39  Turnover: 0.5210  Gross: 1.3933  Gate: 0.7866
Episode    200  AvgReward:   0.119303  Noise: 0.1007
Episode 201  Reward:   0.142581  Wealth:    127587.33  Turnover: 0.4821  Gross: 1.3393  Gate: 0.6787
Episode 202  Reward:   0.140064  Wealth:    125913.92  Turnover: 0.5036  Gross: 1.4079  Gate: 0.8158
Episode 203  Reward:   0.045806  Wealth:    112758.53  Turnover: 0.6073  Gross: 1.3823  Gate: 0.7646
Episode 204  Reward:  -0.141482  Wealth:     93986.03  Turnover: 0.4582  Gross: 1.3832  Gate: 0.7663
Episode 205  Reward:   0.115366  Wealth:    122759.35  Turnover: 0.3238  Gross: 1.4013  Gate: 0.8025
Episode 206  Reward:  -0.167651  Wealth:     92448.24  Turnover: 0.5733  Gross: 1.3353  Gate: 0.6706
Episode 207  Reward:   0.295260  Wealth:    159885.07  Turnover: 0.5142  Gross: 1.3988  Gate: 0.7976
Episode 208  Reward:  -0.134420  Wealth:     94213.64  Turnover: 0.3764  Gross: 1.3721  Gate: 0.7442
Episode 209  Reward:   0.122637  Wealth:    124168.90  Turnover: 0.3915  Gross: 1.3906  Gate: 0.7813
Episode 210  Reward:   0.205451  Wealth:    137131.93  Turnover: 0.3336  Gross: 1.3860  Gate: 0.7720
Episode    210  AvgReward:   0.062361  Noise: 0.0987
Episode 211  Reward:   0.154925  Wealth:    128702.89  Turnover: 0.3655  Gross: 1.3868  Gate: 0.7737
Episode 212  Reward:   0.159522  Wealth:    130831.38  Turnover: 0.6232  Gross: 1.3953  Gate: 0.7905
Episode 213  Reward:   0.138333  Wealth:    126348.32  Turnover: 0.2507  Gross: 1.4028  Gate: 0.8056
Episode 214  Reward:   0.099774  Wealth:    121078.88  Turnover: 0.4698  Gross: 1.3926  Gate: 0.7852
Episode 215  Reward:   0.234875  Wealth:    144056.89  Turnover: 0.4725  Gross: 1.4026  Gate: 0.8052
Episode 216  Reward:   0.198143  Wealth:    137669.00  Turnover: 0.5518  Gross: 1.3839  Gate: 0.7678
Episode 217  Reward:   0.291033  Wealth:    156605.78  Turnover: 0.5711  Gross: 1.4009  Gate: 0.8018
Episode 218  Reward:   0.053851  Wealth:    114463.46  Turnover: 0.3684  Gross: 1.4064  Gate: 0.8129
Episode 219  Reward:   0.030399  Wealth:    110798.96  Turnover: 0.4230  Gross: 1.3951  Gate: 0.7902
Episode 220  Reward:   0.147484  Wealth:    127919.09  Turnover: 0.4449  Gross: 1.3963  Gate: 0.7926
Episode    220  AvgReward:   0.150834  Noise: 0.0968
Episode 221  Reward:   0.069190  Wealth:    116634.11  Turnover: 0.4365  Gross: 1.3835  Gate: 0.7670
Episode 222  Reward:   0.070813  Wealth:    116342.00  Turnover: 0.5424  Gross: 1.3948  Gate: 0.7897
Episode 223  Reward:   0.268861  Wealth:    150945.39  Turnover: 0.4638  Gross: 1.3764  Gate: 0.7528
Episode 224  Reward:   0.090972  Wealth:    119387.23  Turnover: 0.4625  Gross: 1.3864  Gate: 0.7728
Episode 225  Reward:   0.062667  Wealth:    115924.73  Turnover: 0.6576  Gross: 1.3742  Gate: 0.7483
Episode 226  Reward:   0.226501  Wealth:    142617.76  Turnover: 0.6037  Gross: 1.4030  Gate: 0.8060
Episode 227  Reward:   0.086699  Wealth:    118184.68  Turnover: 0.4785  Gross: 1.4045  Gate: 0.8091
Episode 228  Reward:   0.012327  Wealth:    108659.42  Turnover: 0.5062  Gross: 1.4007  Gate: 0.8015
Episode 229  Reward:   0.082799  Wealth:    117731.01  Turnover: 0.4294  Gross: 1.3960  Gate: 0.7920
Episode 230  Reward:   0.138236  Wealth:    128089.31  Turnover: 0.5541  Gross: 1.3837  Gate: 0.7674
Episode    230  AvgReward:   0.110906  Noise: 0.0948
Episode 231  Reward:   0.066945  Wealth:    115918.35  Turnover: 0.3014  Gross: 1.3873  Gate: 0.7746
Episode 232  Reward:   0.199132  Wealth:    137458.35  Turnover: 0.4699  Gross: 1.4010  Gate: 0.8020
Episode 233  Reward:   0.089868  Wealth:    118547.53  Turnover: 0.3019  Gross: 1.3934  Gate: 0.7867
Episode 234  Reward:   0.101860  Wealth:    120052.69  Turnover: 0.2799  Gross: 1.4036  Gate: 0.8072
Episode 235  Reward:   0.175468  Wealth:    132719.80  Turnover: 0.6130  Gross: 1.3937  Gate: 0.7874
Episode 236  Reward:  -0.020260  Wealth:    105662.15  Turnover: 0.3685  Gross: 1.3993  Gate: 0.7986
Episode 237  Reward:  -0.175103  Wealth:     90600.70  Turnover: 0.5309  Gross: 1.3999  Gate: 0.7998
Episode 238  Reward:   0.140725  Wealth:    126282.54  Turnover: 0.2306  Gross: 1.3964  Gate: 0.7929
Episode 239  Reward:   0.054140  Wealth:    114641.09  Turnover: 0.3342  Gross: 1.4002  Gate: 0.8004
Episode 240  Reward:   0.047175  Wealth:    114263.92  Turnover: 0.5752  Gross: 1.3962  Gate: 0.7924
Episode    240  AvgReward:   0.067995  Noise: 0.0930
Episode 241  Reward:   0.151823  Wealth:    129241.86  Turnover: 0.6950  Gross: 1.3749  Gate: 0.7498
Episode 242  Reward:   0.199811  Wealth:    139045.94  Turnover: 0.6698  Gross: 1.3993  Gate: 0.7985
Episode 243  Reward:   0.265099  Wealth:    151087.76  Turnover: 0.4521  Gross: 1.3970  Gate: 0.7940
Episode 244  Reward:   0.075978  Wealth:    118806.92  Turnover: 0.6940  Gross: 1.3876  Gate: 0.7751
Episode 245  Reward:   0.187365  Wealth:    134769.94  Turnover: 0.3959  Gross: 1.3861  Gate: 0.7721
Episode 246  Reward:   0.036730  Wealth:    112660.32  Turnover: 0.4125  Gross: 1.3941  Gate: 0.7883
Episode 247  Reward:   0.159461  Wealth:    130967.30  Turnover: 0.5458  Gross: 1.3878  Gate: 0.7755
Episode 248  Reward:   0.198252  Wealth:    138712.85  Turnover: 0.6110  Gross: 1.3996  Gate: 0.7991
Episode 249  Reward:   0.107606  Wealth:    121532.05  Turnover: 0.5373  Gross: 1.3900  Gate: 0.7799
Episode 250  Reward:  -0.173867  Wealth:     90571.17  Turnover: 0.4396  Gross: 1.4002  Gate: 0.8003
Episode    250  AvgReward:   0.120826  Noise: 0.0911
Episode 251  Reward:   0.211791  Wealth:    140466.81  Turnover: 0.4464  Gross: 1.3991  Gate: 0.7983
Episode 252  Reward:   0.159485  Wealth:    129153.79  Turnover: 0.3616  Gross: 1.3955  Gate: 0.7909
Episode 253  Reward:   0.254716  Wealth:    151656.32  Turnover: 0.5590  Gross: 1.3946  Gate: 0.7892
Episode 254  Reward:   0.093340  Wealth:    118603.16  Turnover: 0.4085  Gross: 1.3907  Gate: 0.7814
Episode 255  Reward:  -0.119189  Wealth:     95200.62  Turnover: 0.5522  Gross: 1.4044  Gate: 0.8088
Episode 256  Reward:  -0.056473  Wealth:    101811.00  Turnover: 0.6165  Gross: 1.4013  Gate: 0.8026
Episode 257  Reward:   0.113054  Wealth:    122917.37  Turnover: 0.4818  Gross: 1.3755  Gate: 0.7510
Episode 258  Reward:   0.198824  Wealth:    141098.02  Turnover: 0.4473  Gross: 1.4023  Gate: 0.8045
Episode 259  Reward:   0.101814  Wealth:    122961.75  Turnover: 0.6130  Gross: 1.3917  Gate: 0.7835
Episode 260  Reward:   0.098756  Wealth:    120411.99  Turnover: 0.4349  Gross: 1.3882  Gate: 0.7765
Episode    260  AvgReward:   0.105612  Noise: 0.0893
Episode 261  Reward:   0.118554  Wealth:    123578.87  Turnover: 0.4698  Gross: 1.3954  Gate: 0.7909
Episode 262  Reward:   0.044764  Wealth:    113327.26  Turnover: 0.5508  Gross: 1.3949  Gate: 0.7897
Episode 263  Reward:  -0.031433  Wealth:    104364.17  Turnover: 0.6052  Gross: 1.3963  Gate: 0.7926
Episode 264  Reward:  -0.127881  Wealth:     94586.38  Turnover: 0.2921  Gross: 1.4035  Gate: 0.8069
Episode 265  Reward:  -0.144148  Wealth:     94242.90  Turnover: 0.5061  Gross: 1.3822  Gate: 0.7644
Episode 266  Reward:   0.198954  Wealth:    138306.12  Turnover: 0.7280  Gross: 1.3960  Gate: 0.7920
Episode 267  Reward:  -0.146943  Wealth:     93162.62  Turnover: 0.6151  Gross: 1.3995  Gate: 0.7991
Episode 268  Reward:   0.122643  Wealth:    124490.43  Turnover: 0.6621  Gross: 1.4106  Gate: 0.8211
Episode 269  Reward:  -0.037335  Wealth:    105873.04  Turnover: 0.5789  Gross: 1.4002  Gate: 0.8005
Episode 270  Reward:  -0.024025  Wealth:    105048.86  Turnover: 0.5369  Gross: 1.3883  Gate: 0.7766
Episode    270  AvgReward:  -0.002685  Noise: 0.0875
Episode 271  Reward:   0.149753  Wealth:    128308.25  Turnover: 0.5339  Gross: 1.4076  Gate: 0.8152
Episode 272  Reward:   0.082276  Wealth:    117676.74  Turnover: 0.5168  Gross: 1.3944  Gate: 0.7889
Episode 273  Reward:   0.186577  Wealth:    135277.70  Turnover: 0.5085  Gross: 1.3941  Gate: 0.7882
Episode 274  Reward:   0.200597  Wealth:    137496.06  Turnover: 0.7540  Gross: 1.4133  Gate: 0.8267
Episode 275  Reward:   0.087373  Wealth:    118307.58  Turnover: 0.4316  Gross: 1.3824  Gate: 0.7649
Episode 276  Reward:   0.073496  Wealth:    117300.82  Turnover: 0.4909  Gross: 1.3955  Gate: 0.7909
Episode 277  Reward:   0.303755  Wealth:    163386.58  Turnover: 0.5644  Gross: 1.3674  Gate: 0.7349
Episode 278  Reward:   0.192514  Wealth:    135636.33  Turnover: 0.5692  Gross: 1.3887  Gate: 0.7774
Episode 279  Reward:   0.016648  Wealth:    109728.61  Turnover: 0.4939  Gross: 1.3956  Gate: 0.7912
Episode 280  Reward:   0.103926  Wealth:    120674.15  Turnover: 0.4341  Gross: 1.4001  Gate: 0.8001
Episode    280  AvgReward:   0.139691  Noise: 0.0858
Episode 281  Reward:   0.201320  Wealth:    138621.89  Turnover: 0.5933  Gross: 1.3970  Gate: 0.7939
Episode 282  Reward:   0.190041  Wealth:    138411.04  Turnover: 0.5205  Gross: 1.3982  Gate: 0.7965
Episode 283  Reward:   0.188904  Wealth:    136910.36  Turnover: 0.5331  Gross: 1.3865  Gate: 0.7729
Episode 284  Reward:  -0.028285  Wealth:    104217.22  Turnover: 0.5503  Gross: 1.3927  Gate: 0.7853
Episode 285  Reward:  -0.011175  Wealth:    107398.36  Turnover: 0.8392  Gross: 1.3905  Gate: 0.7810
Episode 286  Reward:   0.306031  Wealth:    163437.01  Turnover: 0.5688  Gross: 1.4019  Gate: 0.8037
Episode 287  Reward:   0.161864  Wealth:    129651.08  Turnover: 0.3917  Gross: 1.4026  Gate: 0.8052
Episode 288  Reward:   0.112272  Wealth:    124673.78  Turnover: 0.8374  Gross: 1.4001  Gate: 0.8001
Episode 289  Reward:   0.253287  Wealth:    149444.05  Turnover: 0.4598  Gross: 1.3970  Gate: 0.7939
Episode 290  Reward:   0.017487  Wealth:    109843.11  Turnover: 0.6850  Gross: 1.3874  Gate: 0.7748
Episode    290  AvgReward:   0.139175  Noise: 0.0841
Episode 291  Reward:   0.126892  Wealth:    124256.20  Turnover: 0.3394  Gross: 1.3980  Gate: 0.7960
Episode 292  Reward:  -0.100796  Wealth:     97412.70  Turnover: 0.4445  Gross: 1.3878  Gate: 0.7756
Episode 293  Reward:  -0.137882  Wealth:     93685.46  Turnover: 0.4104  Gross: 1.3954  Gate: 0.7908
Episode 294  Reward:   0.153135  Wealth:    128289.09  Turnover: 0.3581  Gross: 1.3906  Gate: 0.7812
Episode 295  Reward:   0.331093  Wealth:    169065.55  Turnover: 0.4684  Gross: 1.3729  Gate: 0.7458
Episode 296  Reward:   0.119158  Wealth:    124042.22  Turnover: 0.5715  Gross: 1.3966  Gate: 0.7932
Episode 297  Reward:   0.253987  Wealth:    149307.44  Turnover: 0.5033  Gross: 1.4035  Gate: 0.8070
Episode 298  Reward:   0.318250  Wealth:    166584.02  Turnover: 0.6800  Gross: 1.3998  Gate: 0.7997
Episode 299  Reward:   0.045110  Wealth:    113075.07  Turnover: 0.5725  Gross: 1.3906  Gate: 0.7812
Episode 300  Reward:   0.048316  Wealth:    112894.56  Turnover: 0.3290  Gross: 1.3830  Gate: 0.7659
Episode    300  AvgReward:   0.115726  Noise: 0.0824
Episode 301  Reward:  -0.060196  Wealth:    100948.94  Turnover: 0.5990  Gross: 1.3901  Gate: 0.7801
Episode 302  Reward:   0.089662  Wealth:    120192.80  Turnover: 0.5876  Gross: 1.3992  Gate: 0.7983
Episode 303  Reward:   0.184599  Wealth:    135674.87  Turnover: 0.4680  Gross: 1.3902  Gate: 0.7804
Episode 304  Reward:   0.167891  Wealth:    131453.01  Turnover: 0.6315  Gross: 1.4040  Gate: 0.8080
Episode 305  Reward:   0.091808  Wealth:    119482.18  Turnover: 0.4683  Gross: 1.3955  Gate: 0.7911
Episode 306  Reward:   0.068357  Wealth:    115856.03  Turnover: 0.4466  Gross: 1.4054  Gate: 0.8108
Episode 307  Reward:   0.079373  Wealth:    117878.51  Turnover: 0.7077  Gross: 1.3906  Gate: 0.7812
Episode 308  Reward:   0.066773  Wealth:    115397.76  Turnover: 0.4847  Gross: 1.3857  Gate: 0.7714
Episode 309  Reward:   0.300112  Wealth:    159724.46  Turnover: 0.5922  Gross: 1.4079  Gate: 0.8159
Episode 310  Reward:   0.065094  Wealth:    115579.38  Turnover: 0.4778  Gross: 1.3975  Gate: 0.7949
Episode    310  AvgReward:   0.105347  Noise: 0.0808
Episode 311  Reward:   0.125415  Wealth:    124839.02  Turnover: 0.7771  Gross: 1.3903  Gate: 0.7806
Episode 312  Reward:   0.108208  Wealth:    121735.44  Turnover: 0.5840  Gross: 1.4030  Gate: 0.8061
Episode 313  Reward:   0.208616  Wealth:    139773.75  Turnover: 0.4676  Gross: 1.4043  Gate: 0.8086
Episode 314  Reward:   0.047508  Wealth:    113362.70  Turnover: 0.3566  Gross: 1.4024  Gate: 0.8048
Episode 315  Reward:   0.219986  Wealth:    142541.66  Turnover: 0.6065  Gross: 1.3837  Gate: 0.7673
Episode 316  Reward:   0.120075  Wealth:    123235.16  Turnover: 0.6375  Gross: 1.4072  Gate: 0.8145
Episode 317  Reward:   0.317733  Wealth:    162880.12  Turnover: 0.4608  Gross: 1.3876  Gate: 0.7752
Episode 318  Reward:   0.070151  Wealth:    117349.82  Turnover: 0.6212  Gross: 1.4017  Gate: 0.8034
Episode 319  Reward:   0.090758  Wealth:    119477.50  Turnover: 0.5647  Gross: 1.3965  Gate: 0.7930
Episode 320  Reward:   0.049863  Wealth:    115458.50  Turnover: 0.5918  Gross: 1.3964  Gate: 0.7929
Episode    320  AvgReward:   0.135832  Noise: 0.0792
Episode 321  Reward:   0.251731  Wealth:    149536.12  Turnover: 0.5254  Gross: 1.3995  Gate: 0.7991
Episode 322  Reward:   0.118650  Wealth:    122203.27  Turnover: 0.5402  Gross: 1.3936  Gate: 0.7872
Episode 323  Reward:  -0.008767  Wealth:    106454.38  Turnover: 0.4560  Gross: 1.3955  Gate: 0.7911
Episode 324  Reward:   0.085355  Wealth:    119335.58  Turnover: 0.5204  Gross: 1.3989  Gate: 0.7978
Episode 325  Reward:   0.245547  Wealth:    147385.06  Turnover: 0.5022  Gross: 1.3965  Gate: 0.7931
Episode 326  Reward:   0.088826  Wealth:    118840.00  Turnover: 0.4983  Gross: 1.3939  Gate: 0.7877
Episode 327  Reward:   0.150648  Wealth:    128895.39  Turnover: 0.4389  Gross: 1.3991  Gate: 0.7982
Episode 328  Reward:   0.178284  Wealth:    133228.89  Turnover: 0.5859  Gross: 1.3960  Gate: 0.7921
Episode 329  Reward:  -0.093094  Wealth:     97812.73  Turnover: 0.6907  Gross: 1.3976  Gate: 0.7952
Episode 330  Reward:   0.241940  Wealth:    145254.29  Turnover: 0.3471  Gross: 1.4003  Gate: 0.8006
Episode    330  AvgReward:   0.125912  Noise: 0.0776
Episode 331  Reward:   0.042448  Wealth:    111482.72  Turnover: 0.2957  Gross: 1.3730  Gate: 0.7459
Episode 332  Reward:   0.098627  Wealth:    121471.13  Turnover: 0.7139  Gross: 1.3791  Gate: 0.7583
Episode 333  Reward:   0.192425  Wealth:    136195.73  Turnover: 0.6672  Gross: 1.3994  Gate: 0.7988
Episode 334  Reward:   0.210060  Wealth:    139773.17  Turnover: 0.5711  Gross: 1.3995  Gate: 0.7990
Episode 335  Reward:   0.026031  Wealth:    110630.45  Turnover: 0.4316  Gross: 1.4072  Gate: 0.8144
Episode 336  Reward:   0.154502  Wealth:    129983.58  Turnover: 0.4933  Gross: 1.3866  Gate: 0.7733
Episode 337  Reward:   0.085013  Wealth:    118462.23  Turnover: 0.5416  Gross: 1.3951  Gate: 0.7902
Episode 338  Reward:   0.244889  Wealth:    146243.17  Turnover: 0.3873  Gross: 1.3949  Gate: 0.7899
Episode 339  Reward:   0.387967  Wealth:    188857.44  Turnover: 0.4309  Gross: 1.3913  Gate: 0.7826
Episode 340  Reward:   0.035845  Wealth:    112627.57  Turnover: 0.4607  Gross: 1.4081  Gate: 0.8162
Episode    340  AvgReward:   0.147781  Noise: 0.0761
Episode 341  Reward:   0.210376  Wealth:    139366.46  Turnover: 0.6018  Gross: 1.4032  Gate: 0.8063
Episode 342  Reward:   0.106352  Wealth:    121361.00  Turnover: 0.4895  Gross: 1.3916  Gate: 0.7832
Episode 343  Reward:   0.133320  Wealth:    125667.21  Turnover: 0.5683  Gross: 1.3980  Gate: 0.7959
Episode 344  Reward:  -0.008698  Wealth:    106845.85  Turnover: 0.2666  Gross: 1.4034  Gate: 0.8068
Episode 345  Reward:   0.140876  Wealth:    127170.08  Turnover: 0.5145  Gross: 1.4030  Gate: 0.8060
Episode 346  Reward:  -0.009409  Wealth:    106772.43  Turnover: 0.4913  Gross: 1.3987  Gate: 0.7974
Episode 347  Reward:   0.194240  Wealth:    134999.85  Turnover: 0.4366  Gross: 1.4016  Gate: 0.8032
Episode 348  Reward:  -0.120655  Wealth:     96179.09  Turnover: 0.7038  Gross: 1.3936  Gate: 0.7872
Episode 349  Reward:   0.298394  Wealth:    164432.89  Turnover: 0.5973  Gross: 1.3861  Gate: 0.7723
Episode 350  Reward:   0.179614  Wealth:    132751.90  Turnover: 0.5762  Gross: 1.3967  Gate: 0.7933
Episode    350  AvgReward:   0.112441  Noise: 0.0746
Episode 351  Reward:  -0.041839  Wealth:    103028.02  Turnover: 0.3122  Gross: 1.3985  Gate: 0.7970
Episode 352  Reward:  -0.154063  Wealth:     92315.95  Turnover: 0.5403  Gross: 1.3954  Gate: 0.7909
Episode 353  Reward:   0.259771  Wealth:    150979.85  Turnover: 0.5911  Gross: 1.3962  Gate: 0.7923
Episode 354  Reward:  -0.211670  Wealth:     87981.13  Turnover: 0.6139  Gross: 1.3929  Gate: 0.7858
Episode 355  Reward:   0.245295  Wealth:    146953.82  Turnover: 0.5161  Gross: 1.3837  Gate: 0.7675
Episode 356  Reward:   0.245833  Wealth:    146377.54  Turnover: 0.5115  Gross: 1.3933  Gate: 0.7867
Episode 357  Reward:  -0.179940  Wealth:     89975.81  Turnover: 0.4628  Gross: 1.3990  Gate: 0.7979
Episode 358  Reward:   0.057140  Wealth:    114644.23  Turnover: 0.6050  Gross: 1.4044  Gate: 0.8087
Episode 359  Reward:  -0.039746  Wealth:    103415.59  Turnover: 0.5016  Gross: 1.3956  Gate: 0.7911
Episode 360  Reward:   0.242285  Wealth:    145363.63  Turnover: 0.5670  Gross: 1.4029  Gate: 0.8058
Episode    360  AvgReward:   0.042306  Noise: 0.0731
Episode 361  Reward:   0.257230  Wealth:    149743.91  Turnover: 0.6930  Gross: 1.3978  Gate: 0.7955
Episode 362  Reward:   0.243875  Wealth:    146195.79  Turnover: 0.7581  Gross: 1.3726  Gate: 0.7451
Episode 363  Reward:   0.234657  Wealth:    146055.52  Turnover: 0.8142  Gross: 1.3946  Gate: 0.7891
Episode 364  Reward:   0.039419  Wealth:    112539.29  Turnover: 0.3868  Gross: 1.3961  Gate: 0.7922
Episode 365  Reward:   0.128216  Wealth:    125269.31  Turnover: 0.5576  Gross: 1.3996  Gate: 0.7992
Episode 366  Reward:   0.135010  Wealth:    125769.72  Turnover: 0.4322  Gross: 1.4036  Gate: 0.8072
Episode 367  Reward:   0.226766  Wealth:    140776.99  Turnover: 0.4674  Gross: 1.4004  Gate: 0.8008
Episode 368  Reward:  -0.115304  Wealth:     95799.38  Turnover: 0.4627  Gross: 1.4006  Gate: 0.8012
Episode 369  Reward:   0.422986  Wealth:    198523.06  Turnover: 0.5830  Gross: 1.3920  Gate: 0.7839
Episode 370  Reward:   0.034183  Wealth:    112459.17  Turnover: 0.6502  Gross: 1.4014  Gate: 0.8027
Episode    370  AvgReward:   0.160704  Noise: 0.0717
Episode 371  Reward:   0.407334  Wealth:    195357.41  Turnover: 0.5120  Gross: 1.3983  Gate: 0.7966
Episode 372  Reward:   0.204157  Wealth:    138904.52  Turnover: 0.6374  Gross: 1.3907  Gate: 0.7813
Episode 373  Reward:   0.073860  Wealth:    115980.62  Turnover: 0.4444  Gross: 1.3907  Gate: 0.7814
Episode 374  Reward:   0.164759  Wealth:    132514.00  Turnover: 0.6794  Gross: 1.4016  Gate: 0.8031
Episode 375  Reward:   0.232416  Wealth:    143113.18  Turnover: 0.4785  Gross: 1.3922  Gate: 0.7844
Episode 376  Reward:   0.018527  Wealth:    110796.10  Turnover: 0.7313  Gross: 1.3899  Gate: 0.7798
Episode 377  Reward:   0.014479  Wealth:    109035.72  Turnover: 0.5889  Gross: 1.3965  Gate: 0.7930
Episode 378  Reward:   0.091769  Wealth:    120920.19  Turnover: 0.6343  Gross: 1.4030  Gate: 0.8061
Episode 379  Reward:   0.287257  Wealth:    155958.72  Turnover: 0.5164  Gross: 1.3991  Gate: 0.7982
Episode 380  Reward:   0.165725  Wealth:    130873.02  Turnover: 0.4936  Gross: 1.4005  Gate: 0.8010
Episode    380  AvgReward:   0.166028  Noise: 0.0702
Episode 381  Reward:  -0.005634  Wealth:    105938.57  Turnover: 0.5165  Gross: 1.4004  Gate: 0.8008
Episode 382  Reward:  -0.073730  Wealth:     99627.56  Turnover: 0.5995  Gross: 1.3776  Gate: 0.7551
Episode 383  Reward:   0.011973  Wealth:    108803.00  Turnover: 0.7462  Gross: 1.4053  Gate: 0.8106
Episode 384  Reward:   0.032180  Wealth:    110585.16  Turnover: 0.4982  Gross: 1.3907  Gate: 0.7814
Episode 385  Reward:   0.079270  Wealth:    117132.31  Turnover: 0.5060  Gross: 1.4014  Gate: 0.8027
Episode 386  Reward:  -0.060517  Wealth:    101170.51  Turnover: 0.6030  Gross: 1.3935  Gate: 0.7870
Episode 387  Reward:   0.130075  Wealth:    125129.23  Turnover: 0.6115  Gross: 1.3994  Gate: 0.7988
Episode 388  Reward:  -0.035218  Wealth:    104285.12  Turnover: 0.6820  Gross: 1.3847  Gate: 0.7694
Episode 389  Reward:  -0.100247  Wealth:     96993.10  Turnover: 0.3155  Gross: 1.3855  Gate: 0.7710
Episode 390  Reward:   0.232071  Wealth:    151089.88  Turnover: 0.7943  Gross: 1.3830  Gate: 0.7661
Episode    390  AvgReward:   0.021022  Noise: 0.0688
Episode 391  Reward:   0.112522  Wealth:    123485.88  Turnover: 0.4793  Gross: 1.4015  Gate: 0.8030
Episode 392  Reward:   0.204466  Wealth:    139901.81  Turnover: 0.5777  Gross: 1.4043  Gate: 0.8087
Episode 393  Reward:   0.275383  Wealth:    155721.77  Turnover: 0.8686  Gross: 1.3922  Gate: 0.7844
Episode 394  Reward:  -0.238853  Wealth:     84974.70  Turnover: 0.4363  Gross: 1.3981  Gate: 0.7962
Episode 395  Reward:   0.142840  Wealth:    127076.44  Turnover: 0.5082  Gross: 1.3952  Gate: 0.7904
Episode 396  Reward:   0.103903  Wealth:    121142.89  Turnover: 0.5783  Gross: 1.3993  Gate: 0.7986
Episode 397  Reward:   0.095215  Wealth:    120238.20  Turnover: 0.7152  Gross: 1.3869  Gate: 0.7738
Episode 398  Reward:   0.242016  Wealth:    145658.65  Turnover: 0.5407  Gross: 1.4039  Gate: 0.8078
Episode 399  Reward:  -0.092438  Wealth:     98276.53  Turnover: 0.5862  Gross: 1.3969  Gate: 0.7939
Episode 400  Reward:  -0.093944  Wealth:     98566.69  Turnover: 0.6580  Gross: 1.3946  Gate: 0.7893
Episode    400  AvgReward:   0.075111  Noise: 0.0675
Episode 401  Reward:   0.171933  Wealth:    133234.97  Turnover: 0.4431  Gross: 1.3814  Gate: 0.7628
Episode 402  Reward:   0.068603  Wealth:    117092.33  Turnover: 0.7016  Gross: 1.3953  Gate: 0.7906
Episode 403  Reward:   0.214925  Wealth:    140696.91  Turnover: 0.5871  Gross: 1.3976  Gate: 0.7953
Episode 404  Reward:   0.078885  Wealth:    116864.03  Turnover: 0.4772  Gross: 1.3999  Gate: 0.7998
Episode 405  Reward:   0.018863  Wealth:    109772.86  Turnover: 0.5728  Gross: 1.4040  Gate: 0.8081
Episode 406  Reward:   0.248588  Wealth:    149078.64  Turnover: 0.5219  Gross: 1.4011  Gate: 0.8021
Episode 407  Reward:   0.138442  Wealth:    125653.28  Turnover: 0.5157  Gross: 1.3979  Gate: 0.7957
Episode 408  Reward:   0.178820  Wealth:    134697.74  Turnover: 0.4377  Gross: 1.3996  Gate: 0.7993
Episode 409  Reward:   0.038484  Wealth:    112784.27  Turnover: 0.7338  Gross: 1.4021  Gate: 0.8042
Episode 410  Reward:   0.133082  Wealth:    125946.23  Turnover: 0.5963  Gross: 1.3995  Gate: 0.7990
Episode    410  AvgReward:   0.129062  Noise: 0.0661
Episode 411  Reward:   0.221370  Wealth:    143113.95  Turnover: 0.6216  Gross: 1.4010  Gate: 0.8021
Episode 412  Reward:   0.199257  Wealth:    139429.73  Turnover: 0.5979  Gross: 1.4050  Gate: 0.8100
Episode 413  Reward:   0.129460  Wealth:    125682.68  Turnover: 0.5102  Gross: 1.3597  Gate: 0.7195
Episode 414  Reward:   0.177103  Wealth:    135164.53  Turnover: 0.7079  Gross: 1.4035  Gate: 0.8069
Episode 415  Reward:   0.330223  Wealth:    170569.45  Turnover: 0.5950  Gross: 1.4028  Gate: 0.8056
Episode 416  Reward:   0.320323  Wealth:    166341.82  Turnover: 0.6379  Gross: 1.3786  Gate: 0.7572
Episode 417  Reward:   0.239416  Wealth:    146181.31  Turnover: 0.4912  Gross: 1.3952  Gate: 0.7905
Episode 418  Reward:  -0.006470  Wealth:    106267.94  Turnover: 0.6007  Gross: 1.3990  Gate: 0.7980
Episode 419  Reward:   0.189793  Wealth:    136058.43  Turnover: 0.4832  Gross: 1.4021  Gate: 0.8041
Episode 420  Reward:   0.205801  Wealth:    138037.27  Turnover: 0.4228  Gross: 1.3964  Gate: 0.7929
Episode    420  AvgReward:   0.200628  Noise: 0.0648
Episode 421  Reward:   0.029837  Wealth:    110816.35  Turnover: 0.5735  Gross: 1.4006  Gate: 0.8012
Episode 422  Reward:  -0.058748  Wealth:    100936.38  Turnover: 0.6432  Gross: 1.3820  Gate: 0.7639
Episode 423  Reward:  -0.032762  Wealth:    103951.40  Turnover: 0.4999  Gross: 1.3903  Gate: 0.7806
Episode 424  Reward:   0.286517  Wealth:    154812.16  Turnover: 0.5694  Gross: 1.3916  Gate: 0.7831
Episode 425  Reward:   0.396683  Wealth:    193131.93  Turnover: 0.4853  Gross: 1.3987  Gate: 0.7973
Episode 426  Reward:   0.093997  Wealth:    124308.90  Turnover: 0.4026  Gross: 1.3840  Gate: 0.7680
Episode 427  Reward:   0.119479  Wealth:    123195.29  Turnover: 0.6241  Gross: 1.4017  Gate: 0.8033
Episode 428  Reward:   0.102676  Wealth:    120633.81  Turnover: 0.4901  Gross: 1.4061  Gate: 0.8122
Episode 429  Reward:  -0.114512  Wealth:     96058.14  Turnover: 0.5012  Gross: 1.4010  Gate: 0.8021
Episode 430  Reward:   0.059693  Wealth:    116319.39  Turnover: 0.6828  Gross: 1.3868  Gate: 0.7736
Episode    430  AvgReward:   0.088286  Noise: 0.0635
Episode 431  Reward:   0.041381  Wealth:    114005.70  Turnover: 0.5818  Gross: 1.4052  Gate: 0.8104
Episode 432  Reward:  -0.033252  Wealth:    103733.33  Turnover: 0.7424  Gross: 1.3962  Gate: 0.7923
Episode 433  Reward:   0.046758  Wealth:    114841.91  Turnover: 0.7925  Gross: 1.3854  Gate: 0.7709
Episode 434  Reward:   0.198764  Wealth:    136579.91  Turnover: 0.4532  Gross: 1.4023  Gate: 0.8045
Episode 435  Reward:   0.126577  Wealth:    125552.66  Turnover: 0.4563  Gross: 1.3977  Gate: 0.7955
Episode 436  Reward:   0.154757  Wealth:    130979.91  Turnover: 0.6743  Gross: 1.3990  Gate: 0.7981
Episode 437  Reward:   0.116081  Wealth:    124303.01  Turnover: 0.5026  Gross: 1.4045  Gate: 0.8089
Episode 438  Reward:   0.143039  Wealth:    127559.66  Turnover: 0.5179  Gross: 1.3870  Gate: 0.7740
Episode 439  Reward:   0.031845  Wealth:    112161.26  Turnover: 0.5626  Gross: 1.4051  Gate: 0.8103
Episode 440  Reward:  -0.109937  Wealth:     97335.72  Turnover: 0.6084  Gross: 1.3961  Gate: 0.7922
Episode    440  AvgReward:   0.071601  Noise: 0.0623
Episode 441  Reward:   0.313133  Wealth:    163792.78  Turnover: 0.5547  Gross: 1.4016  Gate: 0.8033
Episode 442  Reward:   0.054941  Wealth:    116063.94  Turnover: 0.6364  Gross: 1.3856  Gate: 0.7713
Episode 443  Reward:   0.075825  Wealth:    117667.68  Turnover: 0.6004  Gross: 1.3971  Gate: 0.7943
Episode 444  Reward:   0.202609  Wealth:    138772.15  Turnover: 0.6642  Gross: 1.3942  Gate: 0.7883
Episode 445  Reward:   0.017063  Wealth:    111263.48  Turnover: 0.7074  Gross: 1.3790  Gate: 0.7580
Episode 446  Reward:   0.159686  Wealth:    130239.38  Turnover: 0.5676  Gross: 1.3931  Gate: 0.7862
Episode 447  Reward:   0.354208  Wealth:    177669.30  Turnover: 0.5509  Gross: 1.3932  Gate: 0.7865
Episode 448  Reward:   0.217273  Wealth:    141294.13  Turnover: 0.5382  Gross: 1.4022  Gate: 0.8044
Episode 449  Reward:   0.042831  Wealth:    112439.41  Turnover: 0.4088  Gross: 1.3984  Gate: 0.7968
Episode 450  Reward:   0.196425  Wealth:    136652.98  Turnover: 0.5487  Gross: 1.3667  Gate: 0.7334
Episode    450  AvgReward:   0.163399  Noise: 0.0611
Episode 451  Reward:   0.037607  Wealth:    112763.10  Turnover: 0.6077  Gross: 1.3948  Gate: 0.7896
Episode 452  Reward:  -0.169926  Wealth:     90602.41  Turnover: 0.4730  Gross: 1.3875  Gate: 0.7751
Episode 453  Reward:  -0.124257  Wealth:     95401.82  Turnover: 0.6521  Gross: 1.4037  Gate: 0.8074
Episode 454  Reward:   0.050270  Wealth:    116233.12  Turnover: 0.5885  Gross: 1.3800  Gate: 0.7600
Episode 455  Reward:  -0.055924  Wealth:    102805.56  Turnover: 0.5788  Gross: 1.3914  Gate: 0.7828
Episode 456  Reward:   0.075043  Wealth:    117995.32  Turnover: 0.7172  Gross: 1.3820  Gate: 0.7641
Episode 457  Reward:   0.101767  Wealth:    122327.76  Turnover: 0.7390  Gross: 1.4051  Gate: 0.8102
Episode 458  Reward:   0.311501  Wealth:    163577.19  Turnover: 0.3897  Gross: 1.3830  Gate: 0.7659
Episode 459  Reward:   0.181327  Wealth:    137576.90  Turnover: 0.8509  Gross: 1.3964  Gate: 0.7928
Episode 460  Reward:   0.090390  Wealth:    119930.20  Turnover: 0.5426  Gross: 1.4044  Gate: 0.8087
Episode    460  AvgReward:   0.049780  Noise: 0.0598
Episode 461  Reward:   0.184051  Wealth:    134988.77  Turnover: 0.5127  Gross: 1.3925  Gate: 0.7849
Episode 462  Reward:   0.305892  Wealth:    163211.33  Turnover: 0.6168  Gross: 1.3971  Gate: 0.7943
Episode 463  Reward:   0.086273  Wealth:    118612.29  Turnover: 0.5891  Gross: 1.4041  Gate: 0.8082
Episode 464  Reward:   0.262322  Wealth:    149843.01  Turnover: 0.4466  Gross: 1.3933  Gate: 0.7867
Episode 465  Reward:   0.026885  Wealth:    112225.38  Turnover: 0.6220  Gross: 1.3970  Gate: 0.7940
Episode 466  Reward:   0.089418  Wealth:    118837.73  Turnover: 0.4188  Gross: 1.3883  Gate: 0.7767
Episode 467  Reward:   0.061151  Wealth:    116316.49  Turnover: 0.4425  Gross: 1.3996  Gate: 0.7993
Episode 468  Reward:   0.154794  Wealth:    129587.38  Turnover: 0.3506  Gross: 1.3974  Gate: 0.7948
Episode 469  Reward:  -0.177562  Wealth:     90638.38  Turnover: 0.5723  Gross: 1.4013  Gate: 0.8026
Episode 470  Reward:  -0.053303  Wealth:    101830.48  Turnover: 0.5717  Gross: 1.3995  Gate: 0.7991
Episode    470  AvgReward:   0.093992  Noise: 0.0587
Episode 471  Reward:  -0.037175  Wealth:    104214.84  Turnover: 0.6623  Gross: 1.4005  Gate: 0.8009
Episode 472  Reward:   0.407253  Wealth:    192422.36  Turnover: 0.5212  Gross: 1.3957  Gate: 0.7914
Episode 473  Reward:   0.198531  Wealth:    138229.17  Turnover: 0.5483  Gross: 1.4051  Gate: 0.8102
Episode 474  Reward:   0.205391  Wealth:    139913.09  Turnover: 0.7109  Gross: 1.3993  Gate: 0.7987
Episode 475  Reward:   0.145005  Wealth:    127999.22  Turnover: 0.5907  Gross: 1.4082  Gate: 0.8164
Episode 476  Reward:  -0.026798  Wealth:    105067.66  Turnover: 0.6730  Gross: 1.4018  Gate: 0.8035
Episode 477  Reward:   0.015606  Wealth:    110384.89  Turnover: 0.6995  Gross: 1.3998  Gate: 0.7996
Episode 478  Reward:   0.005340  Wealth:    109009.09  Turnover: 0.4738  Gross: 1.3929  Gate: 0.7859
Episode 479  Reward:  -0.086159  Wealth:     99278.07  Turnover: 0.5471  Gross: 1.3953  Gate: 0.7906
Episode 480  Reward:   0.163007  Wealth:    131612.54  Turnover: 0.5817  Gross: 1.3955  Gate: 0.7910
Episode    480  AvgReward:   0.099000  Noise: 0.0575
Episode 481  Reward:   0.214190  Wealth:    139720.49  Turnover: 0.4570  Gross: 1.4036  Gate: 0.8072
Episode 482  Reward:   0.283968  Wealth:    157422.20  Turnover: 0.9222  Gross: 1.3972  Gate: 0.7945
Episode 483  Reward:   0.127894  Wealth:    126809.89  Turnover: 0.8392  Gross: 1.3953  Gate: 0.7907
Episode 484  Reward:   0.200837  Wealth:    137737.96  Turnover: 0.4628  Gross: 1.4035  Gate: 0.8070
Episode 485  Reward:  -0.135923  Wealth:     94722.70  Turnover: 0.5235  Gross: 1.3875  Gate: 0.7751
Episode 486  Reward:   0.073110  Wealth:    117233.74  Turnover: 0.5862  Gross: 1.3977  Gate: 0.7954
Episode 487  Reward:   0.102873  Wealth:    120905.70  Turnover: 0.3382  Gross: 1.4044  Gate: 0.8087
Episode 488  Reward:   0.083179  Wealth:    117319.20  Turnover: 0.3340  Gross: 1.3804  Gate: 0.7609
Episode 489  Reward:   0.371772  Wealth:    182080.65  Turnover: 0.4908  Gross: 1.4023  Gate: 0.8046
Episode 490  Reward:   0.306384  Wealth:    162410.98  Turnover: 0.5169  Gross: 1.4005  Gate: 0.8010
Episode    490  AvgReward:   0.162828  Noise: 0.0564
Episode 491  Reward:   0.312799  Wealth:    165907.67  Turnover: 0.5611  Gross: 1.4015  Gate: 0.8029
Episode 492  Reward:   0.178963  Wealth:    133199.95  Turnover: 0.4202  Gross: 1.3984  Gate: 0.7967
Episode 493  Reward:   0.047444  Wealth:    113967.51  Turnover: 0.5359  Gross: 1.4100  Gate: 0.8199
Episode 494  Reward:   0.006325  Wealth:    108297.56  Turnover: 0.5760  Gross: 1.3932  Gate: 0.7864
Episode 495  Reward:   0.154076  Wealth:    129923.18  Turnover: 0.7088  Gross: 1.3895  Gate: 0.7790
Episode 496  Reward:   0.183564  Wealth:    135215.27  Turnover: 0.4625  Gross: 1.4039  Gate: 0.8078
Episode 497  Reward:   0.016558  Wealth:    110168.82  Turnover: 0.6460  Gross: 1.3826  Gate: 0.7652
Episode 498  Reward:   0.030545  Wealth:    111152.47  Turnover: 0.6132  Gross: 1.3999  Gate: 0.7997
Episode 499  Reward:   0.194115  Wealth:    136920.72  Turnover: 0.4497  Gross: 1.3949  Gate: 0.7897
Episode 500  Reward:   0.008719  Wealth:    108346.02  Turnover: 0.3636  Gross: 1.3992  Gate: 0.7983
Episode    500  AvgReward:   0.113311  Noise: 0.0552
Episode 501  Reward:   0.063548  Wealth:    116301.61  Turnover: 0.4362  Gross: 1.4027  Gate: 0.8054
Episode 502  Reward:   0.060231  Wealth:    116950.12  Turnover: 0.6090  Gross: 1.4043  Gate: 0.8086
Episode 503  Reward:   0.151178  Wealth:    128631.25  Turnover: 0.4783  Gross: 1.4044  Gate: 0.8088
Episode 504  Reward:   0.185243  Wealth:    134978.72  Turnover: 0.4048  Gross: 1.4051  Gate: 0.8103
Episode 505  Reward:   0.123805  Wealth:    125793.34  Turnover: 0.6814  Gross: 1.3983  Gate: 0.7965
Episode 506  Reward:   0.324738  Wealth:    169517.20  Turnover: 0.6964  Gross: 1.3885  Gate: 0.7769
Episode 507  Reward:   0.153842  Wealth:    130725.07  Turnover: 0.8548  Gross: 1.3871  Gate: 0.7742
Episode 508  Reward:   0.182256  Wealth:    133928.01  Turnover: 0.4460  Gross: 1.4010  Gate: 0.8021
Episode 509  Reward:   0.090500  Wealth:    119906.99  Turnover: 0.6766  Gross: 1.3920  Gate: 0.7840
Episode 510  Reward:   0.143330  Wealth:    129093.20  Turnover: 0.6389  Gross: 1.4039  Gate: 0.8079
Episode    510  AvgReward:   0.147867  Noise: 0.0541
Episode 511  Reward:  -0.044762  Wealth:    103147.17  Turnover: 0.6479  Gross: 1.3957  Gate: 0.7914
Episode 512  Reward:   0.059815  Wealth:    115578.60  Turnover: 0.7030  Gross: 1.4065  Gate: 0.8131
Episode 513  Reward:   0.096152  Wealth:    119760.42  Turnover: 0.4908  Gross: 1.3991  Gate: 0.7982
Episode 514  Reward:   0.002404  Wealth:    111036.33  Turnover: 0.7532  Gross: 1.3928  Gate: 0.7855
Episode 515  Reward:   0.193789  Wealth:    136794.36  Turnover: 0.5125  Gross: 1.3859  Gate: 0.7717
Episode 516  Reward:   0.100753  Wealth:    120998.06  Turnover: 0.5166  Gross: 1.3978  Gate: 0.7955
Episode 517  Reward:  -0.204110  Wealth:     89350.24  Turnover: 0.5705  Gross: 1.4014  Gate: 0.8028
Episode 518  Reward:   0.155588  Wealth:    130033.47  Turnover: 0.4100  Gross: 1.3992  Gate: 0.7985
Episode 519  Reward:   0.182529  Wealth:    137027.44  Turnover: 0.5213  Gross: 1.4052  Gate: 0.8105
Episode 520  Reward:   0.095119  Wealth:    118958.82  Turnover: 0.4051  Gross: 1.3889  Gate: 0.7778
Episode    520  AvgReward:   0.063728  Noise: 0.0531
Episode 521  Reward:   0.124099  Wealth:    127029.49  Turnover: 0.6434  Gross: 1.3780  Gate: 0.7560
Episode 522  Reward:   0.266710  Wealth:    155362.42  Turnover: 0.8121  Gross: 1.3866  Gate: 0.7732
Episode 523  Reward:   0.328128  Wealth:    168172.40  Turnover: 0.6679  Gross: 1.4013  Gate: 0.8026
Episode 524  Reward:  -0.019778  Wealth:    104995.26  Turnover: 0.4913  Gross: 1.3982  Gate: 0.7964
Episode 525  Reward:   0.328044  Wealth:    169044.13  Turnover: 0.6285  Gross: 1.3864  Gate: 0.7728
Episode 526  Reward:   0.148339  Wealth:    129426.89  Turnover: 0.7444  Gross: 1.3951  Gate: 0.7902
Episode 527  Reward:  -0.057079  Wealth:    101366.81  Turnover: 0.4997  Gross: 1.3908  Gate: 0.7815
Episode 528  Reward:  -0.165442  Wealth:     91726.40  Turnover: 0.5107  Gross: 1.4004  Gate: 0.8009
Episode 529  Reward:   0.095325  Wealth:    119279.62  Turnover: 0.3179  Gross: 1.3788  Gate: 0.7576
Episode 530  Reward:   0.162277  Wealth:    133131.81  Turnover: 0.7227  Gross: 1.3962  Gate: 0.7923
Episode    530  AvgReward:   0.121063  Noise: 0.0520
Episode 531  Reward:   0.050603  Wealth:    114585.18  Turnover: 0.4743  Gross: 1.4078  Gate: 0.8156
Episode 532  Reward:   0.206702  Wealth:    140661.27  Turnover: 0.5091  Gross: 1.4013  Gate: 0.8026
Episode 533  Reward:   0.159976  Wealth:    131686.73  Turnover: 0.6439  Gross: 1.4029  Gate: 0.8058
Episode 534  Reward:   0.203238  Wealth:    138253.11  Turnover: 0.3351  Gross: 1.3958  Gate: 0.7916
Episode 535  Reward:   0.211762  Wealth:    140995.83  Turnover: 0.6900  Gross: 1.3986  Gate: 0.7972
Episode 536  Reward:   0.042753  Wealth:    114131.04  Turnover: 0.5624  Gross: 1.3958  Gate: 0.7915
Episode 537  Reward:   0.324422  Wealth:    165944.55  Turnover: 0.4318  Gross: 1.4061  Gate: 0.8121
Episode 538  Reward:   0.293271  Wealth:    158888.65  Turnover: 0.4778  Gross: 1.3981  Gate: 0.7962
Episode 539  Reward:  -0.381987  Wealth:     78351.78  Turnover: 0.8219  Gross: 1.3845  Gate: 0.7690
Episode 540  Reward:  -0.183067  Wealth:     91156.45  Turnover: 0.6760  Gross: 1.3942  Gate: 0.7884
Episode    540  AvgReward:   0.092767  Noise: 0.0510
Episode 541  Reward:   0.272210  Wealth:    152153.49  Turnover: 0.3824  Gross: 1.3973  Gate: 0.7947
Episode 542  Reward:   0.373387  Wealth:    183716.96  Turnover: 0.5963  Gross: 1.4006  Gate: 0.8012
Episode 543  Reward:  -0.053588  Wealth:    102336.62  Turnover: 0.6283  Gross: 1.3839  Gate: 0.7677
Episode 544  Reward:   0.203336  Wealth:    140467.43  Turnover: 0.5971  Gross: 1.3976  Gate: 0.7951
Episode 545  Reward:   0.181010  Wealth:    133439.65  Turnover: 0.3624  Gross: 1.3994  Gate: 0.7987
Episode 546  Reward:  -0.030037  Wealth:    104786.31  Turnover: 0.6341  Gross: 1.3987  Gate: 0.7974
Episode 547  Reward:   0.173052  Wealth:    132986.12  Turnover: 0.4818  Gross: 1.3950  Gate: 0.7901
Episode 548  Reward:   0.017192  Wealth:    109769.38  Turnover: 0.5060  Gross: 1.3980  Gate: 0.7961
Episode 549  Reward:   0.040069  Wealth:    113062.51  Turnover: 0.3869  Gross: 1.3986  Gate: 0.7972
Episode 550  Reward:   0.163395  Wealth:    131669.48  Turnover: 0.3858  Gross: 1.3989  Gate: 0.7977
Episode    550  AvgReward:   0.134003  Noise: 0.0500
Episode 551  Reward:   0.189803  Wealth:    135731.19  Turnover: 0.5048  Gross: 1.3906  Gate: 0.7811
Episode 552  Reward:   0.134633  Wealth:    128447.82  Turnover: 0.8488  Gross: 1.3953  Gate: 0.7906
Episode 553  Reward:  -0.093086  Wealth:     98276.28  Turnover: 0.6967  Gross: 1.4017  Gate: 0.8035
Episode 554  Reward:   0.060222  Wealth:    117223.42  Turnover: 0.5570  Gross: 1.3891  Gate: 0.7782
Episode 555  Reward:   0.293120  Wealth:    158424.92  Turnover: 0.5191  Gross: 1.4054  Gate: 0.8107
Episode 556  Reward:   0.377427  Wealth:    184104.13  Turnover: 0.5288  Gross: 1.4022  Gate: 0.8044
Episode 557  Reward:   0.257881  Wealth:    152324.43  Turnover: 0.7915  Gross: 1.3998  Gate: 0.7996
Episode 558  Reward:  -0.073627  Wealth:     99705.43  Turnover: 0.4749  Gross: 1.4016  Gate: 0.8032
Episode 559  Reward:  -0.212041  Wealth:     87903.31  Turnover: 0.3365  Gross: 1.3960  Gate: 0.7920
Episode 560  Reward:   0.346953  Wealth:    175690.60  Turnover: 0.4654  Gross: 1.3973  Gate: 0.7946
Episode    560  AvgReward:   0.128128  Noise: 0.0490
Episode 561  Reward:   0.062540  Wealth:    116596.64  Turnover: 0.5671  Gross: 1.3934  Gate: 0.7868
Episode 562  Reward:   0.017871  Wealth:    111312.95  Turnover: 0.4542  Gross: 1.4057  Gate: 0.8113
Episode 563  Reward:   0.061439  Wealth:    115946.98  Turnover: 0.4814  Gross: 1.3968  Gate: 0.7936
Episode 564  Reward:   0.156170  Wealth:    132070.93  Turnover: 0.5157  Gross: 1.3981  Gate: 0.7963
Episode 565  Reward:   0.139985  Wealth:    126865.31  Turnover: 0.6493  Gross: 1.3921  Gate: 0.7843
Episode 566  Reward:   0.338212  Wealth:    171794.41  Turnover: 0.5793  Gross: 1.3943  Gate: 0.7887
Episode 567  Reward:  -0.137125  Wealth:     94198.95  Turnover: 0.4452  Gross: 1.4026  Gate: 0.8053
Episode 568  Reward:  -0.045206  Wealth:    102461.22  Turnover: 0.5907  Gross: 1.3957  Gate: 0.7915
Episode 569  Reward:   0.221415  Wealth:    143201.73  Turnover: 0.5168  Gross: 1.4012  Gate: 0.8023
Episode 570  Reward:   0.268636  Wealth:    152947.17  Turnover: 0.4358  Gross: 1.4010  Gate: 0.8021
Episode    570  AvgReward:   0.108394  Noise: 0.0480
Episode 571  Reward:   0.187600  Wealth:    135885.91  Turnover: 0.4315  Gross: 1.4007  Gate: 0.8013
Episode 572  Reward:   0.065391  Wealth:    116290.44  Turnover: 0.5278  Gross: 1.4030  Gate: 0.8061
Episode 573  Reward:   0.249847  Wealth:    147963.02  Turnover: 0.4271  Gross: 1.3949  Gate: 0.7897
Episode 574  Reward:  -0.266028  Wealth:     84721.60  Turnover: 0.9000  Gross: 1.4052  Gate: 0.8105
Episode 575  Reward:  -0.097645  Wealth:     97116.90  Turnover: 0.3351  Gross: 1.3917  Gate: 0.7833
Episode 576  Reward:   0.070931  Wealth:    116766.02  Turnover: 0.4832  Gross: 1.3947  Gate: 0.7894
Episode 577  Reward:   0.025594  Wealth:    110840.19  Turnover: 0.6189  Gross: 1.3968  Gate: 0.7935
Episode 578  Reward:   0.316211  Wealth:    165162.09  Turnover: 0.5683  Gross: 1.3954  Gate: 0.7908
Episode 579  Reward:  -0.054808  Wealth:    102421.52  Turnover: 0.5766  Gross: 1.3907  Gate: 0.7813
Episode 580  Reward:   0.028176  Wealth:    112534.08  Turnover: 0.7016  Gross: 1.3923  Gate: 0.7847
Episode    580  AvgReward:   0.052527  Noise: 0.0471
Episode 581  Reward:   0.058158  Wealth:    115520.17  Turnover: 0.4943  Gross: 1.4059  Gate: 0.8117
Episode 582  Reward:   0.109681  Wealth:    122310.71  Turnover: 0.6737  Gross: 1.3899  Gate: 0.7799
Episode 583  Reward:   0.214229  Wealth:    141083.12  Turnover: 0.4282  Gross: 1.3968  Gate: 0.7936
Episode 584  Reward:   0.061354  Wealth:    115375.74  Turnover: 0.5240  Gross: 1.3964  Gate: 0.7928
Episode 585  Reward:   0.059779  Wealth:    115759.73  Turnover: 0.4726  Gross: 1.3931  Gate: 0.7862
Episode 586  Reward:   0.057623  Wealth:    114653.59  Turnover: 0.5419  Gross: 1.3985  Gate: 0.7969
Episode 587  Reward:   0.072775  Wealth:    117787.30  Turnover: 0.4904  Gross: 1.3906  Gate: 0.7813
Episode 588  Reward:  -0.027835  Wealth:    105221.45  Turnover: 0.4324  Gross: 1.3853  Gate: 0.7706
Episode 589  Reward:   0.054412  Wealth:    114891.41  Turnover: 0.5022  Gross: 1.3919  Gate: 0.7838
Episode 590  Reward:   0.144687  Wealth:    127786.10  Turnover: 0.6971  Gross: 1.3811  Gate: 0.7622
Episode    590  AvgReward:   0.080486  Noise: 0.0461
Episode 591  Reward:   0.327378  Wealth:    168423.15  Turnover: 0.7526  Gross: 1.3936  Gate: 0.7871
Episode 592  Reward:   0.041414  Wealth:    112247.59  Turnover: 0.4263  Gross: 1.3997  Gate: 0.7993
Episode 593  Reward:   0.230127  Wealth:    144095.87  Turnover: 0.6807  Gross: 1.3955  Gate: 0.7911
Episode 594  Reward:   0.413480  Wealth:    201311.09  Turnover: 0.6902  Gross: 1.3930  Gate: 0.7861
Episode 595  Reward:   0.253518  Wealth:    148580.31  Turnover: 0.3536  Gross: 1.3958  Gate: 0.7916
Episode 596  Reward:   0.240272  Wealth:    146101.01  Turnover: 0.3828  Gross: 1.3993  Gate: 0.7985
Episode 597  Reward:   0.147614  Wealth:    129593.37  Turnover: 0.6774  Gross: 1.3935  Gate: 0.7869
Episode 598  Reward:   0.297181  Wealth:    161835.43  Turnover: 0.7892  Gross: 1.3915  Gate: 0.7830
Episode 599  Reward:   0.148379  Wealth:    130106.39  Turnover: 0.7457  Gross: 1.4006  Gate: 0.8013
Episode 600  Reward:   0.008123  Wealth:    109784.51  Turnover: 0.6580  Gross: 1.3986  Gate: 0.7973
Episode    600  AvgReward:   0.210749  Noise: 0.0452
Episode 601  Reward:   0.076963  Wealth:    117650.20  Turnover: 0.5451  Gross: 1.4025  Gate: 0.8049
Episode 602  Reward:   0.321480  Wealth:    168622.40  Turnover: 0.5745  Gross: 1.3954  Gate: 0.7908
Episode 603  Reward:  -0.068562  Wealth:    100900.83  Turnover: 0.6054  Gross: 1.3972  Gate: 0.7944
Episode 604  Reward:   0.225446  Wealth:    143326.44  Turnover: 0.4282  Gross: 1.3989  Gate: 0.7977
Episode 605  Reward:  -0.008280  Wealth:    108662.92  Turnover: 0.6206  Gross: 1.3847  Gate: 0.7695
Episode 606  Reward:  -0.005294  Wealth:    106870.20  Turnover: 0.5611  Gross: 1.3876  Gate: 0.7753
Episode 607  Reward:   0.145526  Wealth:    130307.70  Turnover: 0.8797  Gross: 1.3907  Gate: 0.7814
Episode 608  Reward:   0.221746  Wealth:    141265.74  Turnover: 0.3657  Gross: 1.4031  Gate: 0.8063
Episode 609  Reward:   0.121109  Wealth:    122871.00  Turnover: 0.3299  Gross: 1.3903  Gate: 0.7807
Episode 610  Reward:   0.203856  Wealth:    138608.75  Turnover: 0.4646  Gross: 1.3846  Gate: 0.7692
Episode    610  AvgReward:   0.123399  Noise: 0.0443
Episode 611  Reward:   0.133199  Wealth:    127177.39  Turnover: 0.8665  Gross: 1.3899  Gate: 0.7797
Episode 612  Reward:   0.202002  Wealth:    137802.60  Turnover: 0.5691  Gross: 1.3999  Gate: 0.7998
Episode 613  Reward:   0.138612  Wealth:    130897.33  Turnover: 0.7614  Gross: 1.3921  Gate: 0.7841
Episode 614  Reward:   0.196388  Wealth:    138425.23  Turnover: 0.4164  Gross: 1.3938  Gate: 0.7877
Episode 615  Reward:   0.391799  Wealth:    188603.84  Turnover: 0.6245  Gross: 1.3962  Gate: 0.7924
Episode 616  Reward:  -0.177394  Wealth:     91093.68  Turnover: 0.6081  Gross: 1.3944  Gate: 0.7888
Episode 617  Reward:  -0.023683  Wealth:    105221.60  Turnover: 0.5392  Gross: 1.3940  Gate: 0.7880
Episode 618  Reward:   0.223128  Wealth:    141405.89  Turnover: 0.5132  Gross: 1.4017  Gate: 0.8034
Episode 619  Reward:   0.041538  Wealth:    113289.02  Turnover: 0.6372  Gross: 1.4016  Gate: 0.8032
Episode 620  Reward:   0.175823  Wealth:    134254.36  Turnover: 0.6546  Gross: 1.4088  Gate: 0.8177
Episode    620  AvgReward:   0.130141  Noise: 0.0434
Episode 621  Reward:   0.199278  Wealth:    137677.83  Turnover: 0.5295  Gross: 1.4015  Gate: 0.8031
Episode 622  Reward:   0.007217  Wealth:    109746.66  Turnover: 0.6760  Gross: 1.3911  Gate: 0.7821
Episode 623  Reward:   0.123466  Wealth:    124398.71  Turnover: 0.5564  Gross: 1.3882  Gate: 0.7764
Episode 624  Reward:   0.158108  Wealth:    130564.67  Turnover: 0.5497  Gross: 1.3839  Gate: 0.7678
Episode 625  Reward:  -0.031533  Wealth:    104874.57  Turnover: 0.7083  Gross: 1.3951  Gate: 0.7902
Episode 626  Reward:   0.193639  Wealth:    137419.07  Turnover: 0.7640  Gross: 1.3978  Gate: 0.7956
Episode 627  Reward:   0.061974  Wealth:    116437.91  Turnover: 0.7643  Gross: 1.4012  Gate: 0.8024
Episode 628  Reward:   0.245465  Wealth:    148712.83  Turnover: 0.7991  Gross: 1.3929  Gate: 0.7857
Episode 629  Reward:  -0.192017  Wealth:     89537.14  Turnover: 0.7709  Gross: 1.3932  Gate: 0.7865
Episode 630  Reward:   0.111911  Wealth:    122485.16  Turnover: 0.5051  Gross: 1.3960  Gate: 0.7921
Episode    630  AvgReward:   0.087751  Noise: 0.0426
Episode 631  Reward:   0.087150  Wealth:    118276.99  Turnover: 0.5226  Gross: 1.3993  Gate: 0.7986
Episode 632  Reward:   0.287441  Wealth:    156326.33  Turnover: 0.6368  Gross: 1.4012  Gate: 0.8025
Episode 633  Reward:  -0.059676  Wealth:    100954.05  Turnover: 0.5302  Gross: 1.3995  Gate: 0.7991
Episode 634  Reward:   0.115552  Wealth:    124035.13  Turnover: 0.6348  Gross: 1.4024  Gate: 0.8048
Episode 635  Reward:  -0.079637  Wealth:     99976.53  Turnover: 0.6955  Gross: 1.3871  Gate: 0.7741
Episode 636  Reward:   0.116235  Wealth:    123920.83  Turnover: 0.4471  Gross: 1.3989  Gate: 0.7977
Episode 637  Reward:   0.083243  Wealth:    118640.31  Turnover: 0.7096  Gross: 1.3576  Gate: 0.7152
Episode 638  Reward:   0.153801  Wealth:    129323.89  Turnover: 0.4630  Gross: 1.4042  Gate: 0.8084
Episode 639  Reward:   0.172819  Wealth:    133465.40  Turnover: 0.4931  Gross: 1.4051  Gate: 0.8102
Episode 640  Reward:   0.149712  Wealth:    127699.89  Turnover: 0.4290  Gross: 1.3968  Gate: 0.7936
Episode    640  AvgReward:   0.102664  Noise: 0.0417
Episode 641  Reward:   0.029395  Wealth:    112280.10  Turnover: 0.7541  Gross: 1.3960  Gate: 0.7921
Episode 642  Reward:   0.320236  Wealth:    169167.13  Turnover: 0.6136  Gross: 1.4047  Gate: 0.8095
Episode 643  Reward:   0.109968  Wealth:    122459.46  Turnover: 0.7424  Gross: 1.3929  Gate: 0.7857
Episode 644  Reward:   0.142000  Wealth:    128350.77  Turnover: 0.5824  Gross: 1.3975  Gate: 0.7951
Episode 645  Reward:   0.206259  Wealth:    138526.84  Turnover: 0.5067  Gross: 1.3959  Gate: 0.7917
Episode 646  Reward:   0.119157  Wealth:    123994.11  Turnover: 0.4400  Gross: 1.4002  Gate: 0.8004
Episode 647  Reward:   0.137161  Wealth:    126267.96  Turnover: 0.4715  Gross: 1.3944  Gate: 0.7888
Episode 648  Reward:   0.134206  Wealth:    125616.99  Turnover: 0.2539  Gross: 1.3878  Gate: 0.7756
Episode 649  Reward:   0.137753  Wealth:    127225.92  Turnover: 0.7010  Gross: 1.3872  Gate: 0.7743
Episode 650  Reward:   0.233001  Wealth:    144919.24  Turnover: 0.6668  Gross: 1.3939  Gate: 0.7877
Episode    650  AvgReward:   0.156913  Noise: 0.0409
Episode 651  Reward:   0.283162  Wealth:    157562.03  Turnover: 0.6623  Gross: 1.3987  Gate: 0.7973
Episode 652  Reward:   0.079121  Wealth:    118735.32  Turnover: 0.5873  Gross: 1.3904  Gate: 0.7808
Episode 653  Reward:   0.249697  Wealth:    148937.51  Turnover: 0.5249  Gross: 1.3759  Gate: 0.7517
Episode 654  Reward:   0.128439  Wealth:    126485.36  Turnover: 0.7263  Gross: 1.3913  Gate: 0.7825
Episode 655  Reward:  -0.170099  Wealth:     92175.32  Turnover: 0.7362  Gross: 1.3990  Gate: 0.7981
Episode 656  Reward:   0.185170  Wealth:    136307.92  Turnover: 0.6605  Gross: 1.4024  Gate: 0.8047
Episode 657  Reward:   0.194471  Wealth:    135381.19  Turnover: 0.4905  Gross: 1.3985  Gate: 0.7970
Episode 658  Reward:  -0.061067  Wealth:    102913.12  Turnover: 0.9222  Gross: 1.3938  Gate: 0.7877
Episode 659  Reward:   0.207023  Wealth:    143014.87  Turnover: 0.9825  Gross: 1.4010  Gate: 0.8019
Episode 660  Reward:  -0.104902  Wealth:     96688.26  Turnover: 0.6018  Gross: 1.3868  Gate: 0.7737
Episode    660  AvgReward:   0.099101  Noise: 0.0401
Episode 661  Reward:   0.192659  Wealth:    137191.07  Turnover: 0.6663  Gross: 1.4017  Gate: 0.8033
Episode 662  Reward:   0.377288  Wealth:    182302.17  Turnover: 0.5687  Gross: 1.4015  Gate: 0.8029
Episode 663  Reward:   0.111879  Wealth:    122071.13  Turnover: 0.5755  Gross: 1.4022  Gate: 0.8044
Episode 664  Reward:  -0.016721  Wealth:    107059.80  Turnover: 0.7123  Gross: 1.3962  Gate: 0.7924
Episode 665  Reward:   0.134897  Wealth:    126285.51  Turnover: 0.5541  Gross: 1.3921  Gate: 0.7843
Episode 666  Reward:   0.120066  Wealth:    123124.31  Turnover: 0.6801  Gross: 1.4025  Gate: 0.8049
Episode 667  Reward:   0.105430  Wealth:    122019.05  Turnover: 0.5816  Gross: 1.3900  Gate: 0.7800
Episode 668  Reward:  -0.149877  Wealth:     93432.18  Turnover: 0.4981  Gross: 1.3956  Gate: 0.7912
Episode 669  Reward:   0.203417  Wealth:    138266.35  Turnover: 0.6259  Gross: 1.3991  Gate: 0.7982
Episode 670  Reward:   0.294482  Wealth:    158435.34  Turnover: 0.4940  Gross: 1.3960  Gate: 0.7919
Episode    670  AvgReward:   0.137352  Noise: 0.0393
Episode 671  Reward:   0.152743  Wealth:    129951.77  Turnover: 0.5604  Gross: 1.3972  Gate: 0.7943
Episode 672  Reward:   0.126599  Wealth:    125979.30  Turnover: 0.6930  Gross: 1.4003  Gate: 0.8006
Episode 673  Reward:  -0.047110  Wealth:    102244.59  Turnover: 0.5685  Gross: 1.4003  Gate: 0.8006
Episode 674  Reward:   0.356119  Wealth:    178011.48  Turnover: 0.4741  Gross: 1.4021  Gate: 0.8042
Episode 675  Reward:   0.032246  Wealth:    112747.01  Turnover: 0.6136  Gross: 1.3894  Gate: 0.7787
Episode 676  Reward:  -0.015305  Wealth:    105381.62  Turnover: 0.5341  Gross: 1.4015  Gate: 0.8031
Episode 677  Reward:   0.084681  Wealth:    118383.87  Turnover: 0.6192  Gross: 1.4003  Gate: 0.8005
Episode 678  Reward:  -0.190611  Wealth:     90589.42  Turnover: 0.7058  Gross: 1.3891  Gate: 0.7782
Episode 679  Reward:   0.045109  Wealth:    114041.74  Turnover: 0.7907  Gross: 1.4002  Gate: 0.8004
Episode 680  Reward:   0.347612  Wealth:    172723.51  Turnover: 0.5714  Gross: 1.3927  Gate: 0.7855
Episode    680  AvgReward:   0.089208  Noise: 0.0385
Episode 681  Reward:   0.385965  Wealth:    187397.09  Turnover: 0.5873  Gross: 1.3897  Gate: 0.7794
Episode 682  Reward:   0.269881  Wealth:    152581.45  Turnover: 0.6030  Gross: 1.4007  Gate: 0.8015
Episode 683  Reward:   0.052417  Wealth:    114879.01  Turnover: 0.5851  Gross: 1.3972  Gate: 0.7944
Episode 684  Reward:   0.131732  Wealth:    124974.02  Turnover: 0.5136  Gross: 1.3956  Gate: 0.7911
Episode 685  Reward:   0.191092  Wealth:    135395.20  Turnover: 0.4547  Gross: 1.4015  Gate: 0.8030
Episode 686  Reward:   0.018103  Wealth:    109773.12  Turnover: 0.5095  Gross: 1.3791  Gate: 0.7583
Episode 687  Reward:   0.020225  Wealth:    110118.36  Turnover: 0.6017  Gross: 1.3991  Gate: 0.7983
Episode 688  Reward:   0.008119  Wealth:    108797.83  Turnover: 0.5266  Gross: 1.3946  Gate: 0.7892
Episode 689  Reward:   0.113088  Wealth:    123224.18  Turnover: 0.5412  Gross: 1.4028  Gate: 0.8057
Episode 690  Reward:   0.115761  Wealth:    122891.66  Turnover: 0.5901  Gross: 1.3953  Gate: 0.7906
Episode    690  AvgReward:   0.130638  Noise: 0.0378
Episode 691  Reward:   0.109889  Wealth:    121600.11  Turnover: 0.4771  Gross: 1.4022  Gate: 0.8045
Episode 692  Reward:   0.166634  Wealth:    132688.43  Turnover: 0.6788  Gross: 1.4003  Gate: 0.8006
Episode 693  Reward:  -0.032707  Wealth:    105420.68  Turnover: 0.7990  Gross: 1.3983  Gate: 0.7967
Episode 694  Reward:   0.324396  Wealth:    171513.96  Turnover: 0.6567  Gross: 1.3956  Gate: 0.7911
Episode 695  Reward:  -0.019298  Wealth:    105560.90  Turnover: 0.4710  Gross: 1.4014  Gate: 0.8028
Episode 696  Reward:   0.165641  Wealth:    133333.55  Turnover: 0.6395  Gross: 1.4008  Gate: 0.8016
Episode 697  Reward:  -0.240432  Wealth:     85379.67  Turnover: 0.6043  Gross: 1.3846  Gate: 0.7692
Episode 698  Reward:  -0.060090  Wealth:    101176.12  Turnover: 0.5137  Gross: 1.3954  Gate: 0.7908
Episode 699  Reward:   0.164000  Wealth:    130988.25  Turnover: 0.4673  Gross: 1.3971  Gate: 0.7943
Episode 700  Reward:   0.061510  Wealth:    114567.64  Turnover: 0.5537  Gross: 1.3965  Gate: 0.7929
Episode    700  AvgReward:   0.063954  Noise: 0.0370
Episode 701  Reward:   0.236839  Wealth:    149580.29  Turnover: 0.6074  Gross: 1.3992  Gate: 0.7985
Episode 702  Reward:   0.087805  Wealth:    118175.99  Turnover: 0.3511  Gross: 1.3979  Gate: 0.7957
Episode 703  Reward:  -0.031691  Wealth:    104081.23  Turnover: 0.9094  Gross: 1.3872  Gate: 0.7744
Episode 704  Reward:   0.262487  Wealth:    151790.46  Turnover: 0.7285  Gross: 1.3944  Gate: 0.7887
Episode 705  Reward:   0.155597  Wealth:    129751.22  Turnover: 0.5950  Gross: 1.3824  Gate: 0.7649
Episode 706  Reward:   0.277266  Wealth:    157563.92  Turnover: 0.8455  Gross: 1.4041  Gate: 0.8082
Episode 707  Reward:   0.250713  Wealth:    147371.84  Turnover: 0.3794  Gross: 1.3995  Gate: 0.7990
Episode 708  Reward:   0.104710  Wealth:    123479.66  Turnover: 0.8663  Gross: 1.4026  Gate: 0.8052
Episode 709  Reward:   0.128764  Wealth:    125786.05  Turnover: 0.6350  Gross: 1.3961  Gate: 0.7921
Episode 710  Reward:  -0.250804  Wealth:     85963.05  Turnover: 0.5464  Gross: 1.3894  Gate: 0.7787
Episode    710  AvgReward:   0.122169  Noise: 0.0363
Episode 711  Reward:   0.015981  Wealth:    109383.51  Turnover: 0.5815  Gross: 1.3999  Gate: 0.7999
Episode 712  Reward:   0.014917  Wealth:    109212.52  Turnover: 0.5927  Gross: 1.3977  Gate: 0.7954
Episode 713  Reward:  -0.134815  Wealth:     94753.75  Turnover: 0.4656  Gross: 1.3868  Gate: 0.7735
Episode 714  Reward:   0.173531  Wealth:    133435.54  Turnover: 0.3609  Gross: 1.3963  Gate: 0.7927
Episode 715  Reward:  -0.173798  Wealth:     91990.50  Turnover: 0.8906  Gross: 1.3981  Gate: 0.7962
Episode 716  Reward:   0.244806  Wealth:    149025.63  Turnover: 0.5963  Gross: 1.4027  Gate: 0.8055
Episode 717  Reward:   0.141058  Wealth:    129656.64  Turnover: 0.7678  Gross: 1.3931  Gate: 0.7862
Episode 718  Reward:   0.090343  Wealth:    118891.10  Turnover: 0.5107  Gross: 1.3921  Gate: 0.7843
Episode 719  Reward:   0.065914  Wealth:    115802.88  Turnover: 0.4665  Gross: 1.3861  Gate: 0.7722
Episode 720  Reward:   0.180937  Wealth:    134459.91  Turnover: 0.4403  Gross: 1.3922  Gate: 0.7843
Episode    720  AvgReward:   0.061887  Noise: 0.0356
Episode 721  Reward:   0.125205  Wealth:    125567.74  Turnover: 0.5411  Gross: 1.4032  Gate: 0.8063
Episode 722  Reward:   0.092666  Wealth:    119360.77  Turnover: 0.4661  Gross: 1.3983  Gate: 0.7967
Episode 723  Reward:   0.391151  Wealth:    188844.12  Turnover: 0.5336  Gross: 1.3925  Gate: 0.7850
Episode 724  Reward:   0.003870  Wealth:    108487.86  Turnover: 0.5329  Gross: 1.3972  Gate: 0.7943
Episode 725  Reward:   0.242264  Wealth:    147945.89  Turnover: 0.6530  Gross: 1.3992  Gate: 0.7984
Episode 726  Reward:   0.017806  Wealth:    110829.57  Turnover: 0.5332  Gross: 1.3915  Gate: 0.7830
Episode 727  Reward:  -0.045060  Wealth:    104752.45  Turnover: 1.0817  Gross: 1.3987  Gate: 0.7974
Episode 728  Reward:   0.251743  Wealth:    152385.19  Turnover: 0.7831  Gross: 1.3988  Gate: 0.7976
Episode 729  Reward:  -0.034300  Wealth:    106672.88  Turnover: 0.5972  Gross: 1.3955  Gate: 0.7910
Episode 730  Reward:   0.141528  Wealth:    128336.78  Turnover: 0.6519  Gross: 1.4038  Gate: 0.8075
Episode    730  AvgReward:   0.118687  Noise: 0.0349
Episode 731  Reward:   0.207260  Wealth:    142125.75  Turnover: 0.7846  Gross: 1.4001  Gate: 0.8003
Episode 732  Reward:   0.263633  Wealth:    151407.22  Turnover: 0.5840  Gross: 1.3981  Gate: 0.7961
Episode 733  Reward:   0.117019  Wealth:    123840.45  Turnover: 0.6572  Gross: 1.3961  Gate: 0.7922
Episode 734  Reward:   0.194410  Wealth:    140578.42  Turnover: 0.7799  Gross: 1.3958  Gate: 0.7916
Episode 735  Reward:   0.176310  Wealth:    134972.35  Turnover: 0.5727  Gross: 1.4041  Gate: 0.8083
Episode 736  Reward:  -0.074644  Wealth:    100247.12  Turnover: 0.7311  Gross: 1.4004  Gate: 0.8009
Episode 737  Reward:   0.008112  Wealth:    110801.61  Turnover: 0.7079  Gross: 1.3956  Gate: 0.7913
Episode 738  Reward:   0.219473  Wealth:    143515.57  Turnover: 0.4723  Gross: 1.3988  Gate: 0.7976
Episode 739  Reward:   0.194826  Wealth:    138748.83  Turnover: 0.7346  Gross: 1.3946  Gate: 0.7893
Episode 740  Reward:   0.113592  Wealth:    123437.08  Turnover: 0.4796  Gross: 1.3980  Gate: 0.7960
Episode    740  AvgReward:   0.141999  Noise: 0.0342
Episode 741  Reward:   0.190474  Wealth:    140148.92  Turnover: 0.9031  Gross: 1.3919  Gate: 0.7838
Episode 742  Reward:  -0.082323  Wealth:    100384.19  Turnover: 0.9699  Gross: 1.3933  Gate: 0.7866
Episode 743  Reward:   0.045356  Wealth:    115817.62  Turnover: 0.6429  Gross: 1.3969  Gate: 0.7938
Episode 744  Reward:   0.005599  Wealth:    111300.39  Turnover: 0.6698  Gross: 1.4013  Gate: 0.8027
Episode 745  Reward:  -0.110305  Wealth:     97137.45  Turnover: 0.5610  Gross: 1.4062  Gate: 0.8124
Episode 746  Reward:  -0.280461  Wealth:     83671.48  Turnover: 0.8296  Gross: 1.3883  Gate: 0.7766
Episode 747  Reward:   0.043875  Wealth:    116634.52  Turnover: 0.5990  Gross: 1.3972  Gate: 0.7945
Episode 748  Reward:   0.116774  Wealth:    122803.22  Turnover: 0.3865  Gross: 1.4002  Gate: 0.8004
Episode 749  Reward:   0.083017  Wealth:    119829.77  Turnover: 0.4392  Gross: 1.4053  Gate: 0.8106
Episode 750  Reward:  -0.281244  Wealth:     83377.11  Turnover: 0.6311  Gross: 1.3904  Gate: 0.7807
Episode    750  AvgReward:  -0.026924  Noise: 0.0335
Episode 751  Reward:   0.199097  Wealth:    138993.60  Turnover: 0.4774  Gross: 1.3991  Gate: 0.7982
Episode 752  Reward:   0.057541  Wealth:    115895.38  Turnover: 0.5800  Gross: 1.3931  Gate: 0.7863
Episode 753  Reward:  -0.136228  Wealth:     94699.99  Turnover: 0.8224  Gross: 1.3991  Gate: 0.7982
Episode 754  Reward:   0.090811  Wealth:    122047.08  Turnover: 0.7236  Gross: 1.3936  Gate: 0.7872
Episode 755  Reward:   0.048178  Wealth:    113515.13  Turnover: 0.4654  Gross: 1.3946  Gate: 0.7892
Episode 756  Reward:   0.261013  Wealth:    150151.72  Turnover: 0.4277  Gross: 1.3940  Gate: 0.7880
Episode 757  Reward:   0.171967  Wealth:    132902.65  Turnover: 0.5423  Gross: 1.3963  Gate: 0.7926
Episode 758  Reward:   0.050728  Wealth:    116740.94  Turnover: 0.7113  Gross: 1.3993  Gate: 0.7987
Episode 759  Reward:   0.065225  Wealth:    116492.82  Turnover: 0.6143  Gross: 1.3943  Gate: 0.7886
Episode 760  Reward:   0.046462  Wealth:    113766.97  Turnover: 0.4461  Gross: 1.3970  Gate: 0.7939
Episode    760  AvgReward:   0.085480  Noise: 0.0328
Episode 761  Reward:   0.213686  Wealth:    140416.83  Turnover: 0.3179  Gross: 1.3983  Gate: 0.7966
Episode 762  Reward:   0.178583  Wealth:    134267.66  Turnover: 0.4315  Gross: 1.3924  Gate: 0.7848
Episode 763  Reward:  -0.049489  Wealth:    103709.59  Turnover: 0.5843  Gross: 1.4016  Gate: 0.8033
Episode 764  Reward:   0.015723  Wealth:    110653.44  Turnover: 0.7707  Gross: 1.4000  Gate: 0.8000
Episode 765  Reward:   0.318312  Wealth:    167926.41  Turnover: 0.7351  Gross: 1.3926  Gate: 0.7852
Episode 766  Reward:   0.223853  Wealth:    144613.22  Turnover: 0.7541  Gross: 1.3950  Gate: 0.7899
Episode 767  Reward:   0.213107  Wealth:    143494.51  Turnover: 0.9034  Gross: 1.3915  Gate: 0.7831
Episode 768  Reward:   0.058343  Wealth:    115059.60  Turnover: 0.2892  Gross: 1.3966  Gate: 0.7932
Episode 769  Reward:   0.317416  Wealth:    168280.57  Turnover: 0.5531  Gross: 1.4013  Gate: 0.8025
Episode 770  Reward:   0.139420  Wealth:    128747.74  Turnover: 0.7121  Gross: 1.3956  Gate: 0.7912
Episode    770  AvgReward:   0.162895  Noise: 0.0322
Episode 771  Reward:  -0.146875  Wealth:     94787.69  Turnover: 0.6822  Gross: 1.3914  Gate: 0.7829
Episode 772  Reward:  -0.002501  Wealth:    111009.59  Turnover: 0.9245  Gross: 1.3739  Gate: 0.7477
Episode 773  Reward:   0.356236  Wealth:    177577.78  Turnover: 0.5271  Gross: 1.4013  Gate: 0.8025
Episode 774  Reward:   0.166452  Wealth:    131827.81  Turnover: 0.4568  Gross: 1.3989  Gate: 0.7977
Episode 775  Reward:   0.151016  Wealth:    128476.54  Turnover: 0.3285  Gross: 1.3971  Gate: 0.7941
Episode 776  Reward:  -0.095363  Wealth:     97472.51  Turnover: 0.4012  Gross: 1.3924  Gate: 0.7848
Episode 777  Reward:   0.121520  Wealth:    124898.39  Turnover: 0.8614  Gross: 1.4021  Gate: 0.8043
Episode 778  Reward:   0.082070  Wealth:    118774.21  Turnover: 0.8523  Gross: 1.3911  Gate: 0.7822
Episode 779  Reward:   0.309073  Wealth:    164454.03  Turnover: 0.6007  Gross: 1.4009  Gate: 0.8018
Episode 780  Reward:   0.112276  Wealth:    123512.05  Turnover: 0.5855  Gross: 1.4038  Gate: 0.8076
Episode    780  AvgReward:   0.105390  Noise: 0.0315
Episode 781  Reward:   0.201027  Wealth:    139196.44  Turnover: 0.5437  Gross: 1.3975  Gate: 0.7951
Episode 782  Reward:  -0.088256  Wealth:    100945.39  Turnover: 0.7886  Gross: 1.3932  Gate: 0.7865
Episode 783  Reward:   0.067297  Wealth:    118139.87  Turnover: 0.7819  Gross: 1.3969  Gate: 0.7939
Episode 784  Reward:   0.436756  Wealth:    209420.12  Turnover: 0.6432  Gross: 1.3836  Gate: 0.7673
Episode 785  Reward:   0.355985  Wealth:    175618.15  Turnover: 0.4930  Gross: 1.4022  Gate: 0.8044
Episode 786  Reward:   0.088383  Wealth:    120554.47  Turnover: 0.6172  Gross: 1.4017  Gate: 0.8033
Episode 787  Reward:  -0.083881  Wealth:     98861.46  Turnover: 0.5628  Gross: 1.3920  Gate: 0.7840
Episode 788  Reward:   0.258021  Wealth:    147672.60  Turnover: 0.3131  Gross: 1.3992  Gate: 0.7984
Episode 789  Reward:   0.057378  Wealth:    116710.56  Turnover: 0.7561  Gross: 1.3956  Gate: 0.7911
Episode 790  Reward:  -0.060336  Wealth:    102148.57  Turnover: 0.8347  Gross: 1.3902  Gate: 0.7803
Episode    790  AvgReward:   0.123237  Noise: 0.0309
Episode 791  Reward:   0.216660  Wealth:    145651.44  Turnover: 0.7380  Gross: 1.3978  Gate: 0.7957
Episode 792  Reward:   0.157133  Wealth:    129371.97  Turnover: 0.5185  Gross: 1.3940  Gate: 0.7881
Episode 793  Reward:   0.156479  Wealth:    128892.17  Turnover: 0.3210  Gross: 1.4039  Gate: 0.8078
Episode 794  Reward:   0.166806  Wealth:    131988.36  Turnover: 0.5753  Gross: 1.4000  Gate: 0.8000
Episode 795  Reward:  -0.038205  Wealth:    104158.17  Turnover: 0.5431  Gross: 1.3949  Gate: 0.7898
Episode 796  Reward:   0.191885  Wealth:    136284.65  Turnover: 0.4890  Gross: 1.4051  Gate: 0.8102
Episode 797  Reward:   0.105410  Wealth:    120852.33  Turnover: 0.4178  Gross: 1.3908  Gate: 0.7816
Episode 798  Reward:   0.310418  Wealth:    171638.08  Turnover: 0.8322  Gross: 1.3899  Gate: 0.7798
Episode 799  Reward:   0.205415  Wealth:    139210.89  Turnover: 0.5159  Gross: 1.3987  Gate: 0.7973
Episode 800  Reward:   0.149052  Wealth:    128632.22  Turnover: 0.4995  Gross: 1.4003  Gate: 0.8005
Episode    800  AvgReward:   0.162105  Noise: 0.0303
Episode 801  Reward:   0.174938  Wealth:    134853.67  Turnover: 0.6166  Gross: 1.3973  Gate: 0.7946
Episode 802  Reward:   0.153501  Wealth:    131685.69  Turnover: 0.7356  Gross: 1.4028  Gate: 0.8056
Episode 803  Reward:   0.101205  Wealth:    120894.66  Turnover: 0.4992  Gross: 1.3937  Gate: 0.7875
Episode 804  Reward:  -0.020455  Wealth:    105379.22  Turnover: 0.6147  Gross: 1.4039  Gate: 0.8078
Episode 805  Reward:   0.003024  Wealth:    110125.63  Turnover: 0.7528  Gross: 1.3882  Gate: 0.7764
Episode 806  Reward:   0.256072  Wealth:    148277.61  Turnover: 0.5657  Gross: 1.3926  Gate: 0.7851
Episode 807  Reward:   0.271827  Wealth:    155097.56  Turnover: 0.6057  Gross: 1.3976  Gate: 0.7952
Episode 808  Reward:   0.207061  Wealth:    139925.92  Turnover: 0.7276  Gross: 1.3967  Gate: 0.7933
Episode 809  Reward:   0.222966  Wealth:    142341.34  Turnover: 0.7213  Gross: 1.3872  Gate: 0.7743
Episode 810  Reward:   0.049252  Wealth:    112559.89  Turnover: 0.3133  Gross: 1.4033  Gate: 0.8065
Episode    810  AvgReward:   0.141939  Noise: 0.0297
Episode 811  Reward:   0.193456  Wealth:    135533.83  Turnover: 0.5267  Gross: 1.4025  Gate: 0.8050
Episode 812  Reward:   0.287957  Wealth:    157970.88  Turnover: 0.6182  Gross: 1.3946  Gate: 0.7892
Episode 813  Reward:   0.000559  Wealth:    108072.75  Turnover: 0.5563  Gross: 1.4026  Gate: 0.8052
Episode 814  Reward:   0.252696  Wealth:    147328.17  Turnover: 0.5351  Gross: 1.4047  Gate: 0.8094
Episode 815  Reward:   0.263196  Wealth:    150119.27  Turnover: 0.4155  Gross: 1.4063  Gate: 0.8126
Episode 816  Reward:   0.171561  Wealth:    133175.73  Turnover: 0.4551  Gross: 1.3959  Gate: 0.7918
Episode 817  Reward:   0.063591  Wealth:    115918.73  Turnover: 0.4838  Gross: 1.3909  Gate: 0.7817
Episode 818  Reward:   0.321219  Wealth:    175685.65  Turnover: 0.8034  Gross: 1.3982  Gate: 0.7965
Episode 819  Reward:   0.093255  Wealth:    121062.91  Turnover: 0.6860  Gross: 1.3981  Gate: 0.7962
Episode 820  Reward:   0.136723  Wealth:    127978.97  Turnover: 0.6520  Gross: 1.3962  Gate: 0.7923
Episode    820  AvgReward:   0.178421  Noise: 0.0291
Episode 821  Reward:   0.098242  Wealth:    122957.66  Turnover: 0.8578  Gross: 1.3972  Gate: 0.7944
Episode 822  Reward:   0.055871  Wealth:    115686.00  Turnover: 0.7082  Gross: 1.4003  Gate: 0.8006
Episode 823  Reward:   0.247312  Wealth:    148518.93  Turnover: 0.6923  Gross: 1.3996  Gate: 0.7992
Episode 824  Reward:   0.116289  Wealth:    122967.87  Turnover: 0.4524  Gross: 1.3954  Gate: 0.7909
Episode 825  Reward:   0.255879  Wealth:    153614.36  Turnover: 0.6898  Gross: 1.3932  Gate: 0.7863
Episode 826  Reward:   0.095607  Wealth:    120282.81  Turnover: 0.6425  Gross: 1.3944  Gate: 0.7889
Episode 827  Reward:   0.375295  Wealth:    186660.13  Turnover: 0.4929  Gross: 1.3953  Gate: 0.7906
Episode 828  Reward:   0.060219  Wealth:    117621.70  Turnover: 0.6048  Gross: 1.3919  Gate: 0.7838
Episode 829  Reward:   0.199046  Wealth:    136338.12  Turnover: 0.4338  Gross: 1.3983  Gate: 0.7966
Episode 830  Reward:   0.211152  Wealth:    138572.01  Turnover: 0.5241  Gross: 1.4024  Gate: 0.8048
Episode    830  AvgReward:   0.171491  Noise: 0.0285
Episode 831  Reward:   0.236274  Wealth:    144746.44  Turnover: 0.7609  Gross: 1.3928  Gate: 0.7856
Episode 832  Reward:   0.354682  Wealth:    180289.48  Turnover: 0.5014  Gross: 1.3951  Gate: 0.7903
Episode 833  Reward:   0.032747  Wealth:    111818.17  Turnover: 0.4960  Gross: 1.3976  Gate: 0.7953
Episode 834  Reward:   0.159779  Wealth:    132804.02  Turnover: 0.6015  Gross: 1.3938  Gate: 0.7876
Episode 835  Reward:   0.200166  Wealth:    137044.11  Turnover: 0.6809  Gross: 1.3899  Gate: 0.7799
Episode 836  Reward:   0.289882  Wealth:    158191.30  Turnover: 0.4933  Gross: 1.4007  Gate: 0.8014
Episode 837  Reward:  -0.018414  Wealth:    106190.25  Turnover: 0.6706  Gross: 1.3895  Gate: 0.7789
Episode 838  Reward:   0.175558  Wealth:    136135.64  Turnover: 0.7285  Gross: 1.3965  Gate: 0.7929
Episode 839  Reward:  -0.071688  Wealth:    101053.54  Turnover: 0.6311  Gross: 1.3959  Gate: 0.7917
Episode 840  Reward:   0.104711  Wealth:    123867.48  Turnover: 0.4989  Gross: 1.3935  Gate: 0.7869
Episode    840  AvgReward:   0.146370  Noise: 0.0280
Episode 841  Reward:   0.101282  Wealth:    121826.86  Turnover: 0.6975  Gross: 1.4018  Gate: 0.8035
Episode 842  Reward:   0.119312  Wealth:    124596.53  Turnover: 0.6806  Gross: 1.3961  Gate: 0.7922
Episode 843  Reward:   0.094390  Wealth:    119728.00  Turnover: 0.6371  Gross: 1.3958  Gate: 0.7916
Episode 844  Reward:   0.220228  Wealth:    140791.95  Turnover: 0.3837  Gross: 1.4032  Gate: 0.8064
Episode 845  Reward:   0.093527  Wealth:    119766.06  Turnover: 0.4493  Gross: 1.3782  Gate: 0.7564
Episode 846  Reward:   0.207562  Wealth:    140226.68  Turnover: 0.5611  Gross: 1.3884  Gate: 0.7768
Episode 847  Reward:   0.271140  Wealth:    154365.51  Turnover: 0.6983  Gross: 1.3952  Gate: 0.7903
Episode 848  Reward:  -0.020612  Wealth:    107065.47  Turnover: 0.5537  Gross: 1.4001  Gate: 0.8001
Episode 849  Reward:   0.213584  Wealth:    138949.40  Turnover: 0.3355  Gross: 1.3931  Gate: 0.7862
Episode 850  Reward:  -0.044416  Wealth:    101950.55  Turnover: 0.3794  Gross: 1.4045  Gate: 0.8090
Episode    850  AvgReward:   0.125600  Noise: 0.0274
Episode 851  Reward:   0.022767  Wealth:    110269.79  Turnover: 0.3119  Gross: 1.4015  Gate: 0.8031
Episode 852  Reward:   0.310534  Wealth:    168429.62  Turnover: 0.7705  Gross: 1.3984  Gate: 0.7969
Episode 853  Reward:   0.294431  Wealth:    157363.54  Turnover: 0.4858  Gross: 1.3978  Gate: 0.7956
Episode 854  Reward:   0.170647  Wealth:    131093.83  Turnover: 0.4805  Gross: 1.3969  Gate: 0.7937
Episode 855  Reward:   0.310214  Wealth:    165757.79  Turnover: 0.7631  Gross: 1.3978  Gate: 0.7957
Episode 856  Reward:   0.100707  Wealth:    121481.08  Turnover: 0.4134  Gross: 1.3985  Gate: 0.7971
Episode 857  Reward:   0.227615  Wealth:    142473.76  Turnover: 0.4591  Gross: 1.4015  Gate: 0.8031
Episode 858  Reward:   0.065263  Wealth:    115279.05  Turnover: 0.5568  Gross: 1.4001  Gate: 0.8003
Episode 859  Reward:   0.247320  Wealth:    146805.78  Turnover: 0.3620  Gross: 1.3965  Gate: 0.7929
Episode 860  Reward:   0.241268  Wealth:    147448.10  Turnover: 0.8395  Gross: 1.4017  Gate: 0.8034
Episode    860  AvgReward:   0.199077  Noise: 0.0269
Episode 861  Reward:   0.173408  Wealth:    134181.02  Turnover: 0.5123  Gross: 1.4006  Gate: 0.8013
Episode 862  Reward:   0.031003  Wealth:    112096.97  Turnover: 0.6332  Gross: 1.3992  Gate: 0.7983
Episode 863  Reward:   0.013158  Wealth:    109594.92  Turnover: 0.6242  Gross: 1.3889  Gate: 0.7777
Episode 864  Reward:   0.119368  Wealth:    124563.31  Turnover: 0.4727  Gross: 1.4057  Gate: 0.8115
Episode 865  Reward:  -0.209851  Wealth:     88532.90  Turnover: 0.5412  Gross: 1.3988  Gate: 0.7976
Episode 866  Reward:   0.194004  Wealth:    136617.92  Turnover: 0.4193  Gross: 1.4009  Gate: 0.8019
Episode 867  Reward:   0.038505  Wealth:    113946.77  Turnover: 0.4158  Gross: 1.4006  Gate: 0.8013
Episode 868  Reward:   0.166552  Wealth:    131878.57  Turnover: 0.4619  Gross: 1.4025  Gate: 0.8050
Episode 869  Reward:   0.078756  Wealth:    119746.62  Turnover: 0.3419  Gross: 1.3947  Gate: 0.7893
Episode 870  Reward:   0.281648  Wealth:    153804.89  Turnover: 0.2950  Gross: 1.4039  Gate: 0.8079
Episode    870  AvgReward:   0.088655  Noise: 0.0263
Episode 871  Reward:   0.146665  Wealth:    129026.53  Turnover: 0.4790  Gross: 1.4016  Gate: 0.8032
Episode 872  Reward:   0.210894  Wealth:    143611.36  Turnover: 0.6750  Gross: 1.4008  Gate: 0.8016
Episode 873  Reward:   0.113491  Wealth:    123171.19  Turnover: 0.5374  Gross: 1.4008  Gate: 0.8016
Episode 874  Reward:  -0.001663  Wealth:    109826.62  Turnover: 0.5937  Gross: 1.3941  Gate: 0.7882
Episode 875  Reward:   0.208310  Wealth:    140504.69  Turnover: 0.3296  Gross: 1.3933  Gate: 0.7866
Episode 876  Reward:  -0.182558  Wealth:     89909.12  Turnover: 0.2412  Gross: 1.3919  Gate: 0.7837
Episode 877  Reward:   0.235110  Wealth:    145035.99  Turnover: 0.4593  Gross: 1.4019  Gate: 0.8038
Episode 878  Reward:  -0.047556  Wealth:    102934.79  Turnover: 0.6792  Gross: 1.3996  Gate: 0.7993
Episode 879  Reward:   0.145500  Wealth:    129200.05  Turnover: 0.4422  Gross: 1.4020  Gate: 0.8041
Episode 880  Reward:  -0.049980  Wealth:    102385.69  Turnover: 0.5435  Gross: 1.3978  Gate: 0.7956
Episode    880  AvgReward:   0.077821  Noise: 0.0258
Episode 881  Reward:   0.202584  Wealth:    138425.59  Turnover: 0.4094  Gross: 1.3946  Gate: 0.7893
Episode 882  Reward:   0.108269  Wealth:    122066.14  Turnover: 0.5134  Gross: 1.4029  Gate: 0.8058
Episode 883  Reward:   0.163723  Wealth:    131214.45  Turnover: 0.4069  Gross: 1.3940  Gate: 0.7879
Episode 884  Reward:  -0.150138  Wealth:     93005.84  Turnover: 0.5446  Gross: 1.3936  Gate: 0.7872
Episode 885  Reward:   0.147619  Wealth:    128436.48  Turnover: 0.6052  Gross: 1.3907  Gate: 0.7814
Episode 886  Reward:  -0.094958  Wealth:     97714.29  Turnover: 0.4283  Gross: 1.3944  Gate: 0.7888
Episode 887  Reward:   0.320846  Wealth:    165905.68  Turnover: 0.6951  Gross: 1.4052  Gate: 0.8105
Episode 888  Reward:   0.267661  Wealth:    152218.37  Turnover: 0.5009  Gross: 1.3940  Gate: 0.7881
Episode 889  Reward:   0.228567  Wealth:    141952.18  Turnover: 0.4651  Gross: 1.4055  Gate: 0.8110
Episode 890  Reward:   0.046898  Wealth:    116313.64  Turnover: 0.5812  Gross: 1.3917  Gate: 0.7835
Episode    890  AvgReward:   0.124107  Noise: 0.0253
Episode 891  Reward:   0.035652  Wealth:    113544.87  Turnover: 0.7177  Gross: 1.3871  Gate: 0.7742
Episode 892  Reward:   0.132606  Wealth:    124952.24  Turnover: 0.4445  Gross: 1.4030  Gate: 0.8061
Episode 893  Reward:   0.076947  Wealth:    118069.63  Turnover: 0.5361  Gross: 1.4021  Gate: 0.8041
Episode 894  Reward:  -0.129167  Wealth:     94672.16  Turnover: 0.4800  Gross: 1.4050  Gate: 0.8099
Episode 895  Reward:   0.218560  Wealth:    143428.58  Turnover: 0.5602  Gross: 1.3974  Gate: 0.7948
Episode 896  Reward:   0.174896  Wealth:    133084.55  Turnover: 0.5447  Gross: 1.3990  Gate: 0.7980
Episode 897  Reward:   0.032239  Wealth:    112171.74  Turnover: 0.4541  Gross: 1.3965  Gate: 0.7929
Episode 898  Reward:   0.162091  Wealth:    130997.21  Turnover: 0.4233  Gross: 1.4029  Gate: 0.8057
Episode 899  Reward:   0.281648  Wealth:    159898.85  Turnover: 0.6129  Gross: 1.3989  Gate: 0.7979
Episode 900  Reward:   0.193845  Wealth:    135448.81  Turnover: 0.2383  Gross: 1.4000  Gate: 0.8000
Episode    900  AvgReward:   0.117932  Noise: 0.0248
Episode 901  Reward:   0.179039  Wealth:    135339.00  Turnover: 0.4902  Gross: 1.3964  Gate: 0.7928
Episode 902  Reward:   0.224492  Wealth:    144664.80  Turnover: 0.5402  Gross: 1.3944  Gate: 0.7889
Episode 903  Reward:  -0.149076  Wealth:     92354.09  Turnover: 0.5300  Gross: 1.3965  Gate: 0.7931
Episode 904  Reward:   0.064779  Wealth:    116613.92  Turnover: 0.4463  Gross: 1.3920  Gate: 0.7841
Episode 905  Reward:   0.125797  Wealth:    126300.97  Turnover: 0.7537  Gross: 1.3946  Gate: 0.7892
Episode 906  Reward:  -0.008968  Wealth:    107817.75  Turnover: 0.6589  Gross: 1.3956  Gate: 0.7913
Episode 907  Reward:   0.058515  Wealth:    115503.44  Turnover: 0.4372  Gross: 1.3987  Gate: 0.7973
Episode 908  Reward:   0.078690  Wealth:    118757.40  Turnover: 0.4343  Gross: 1.3921  Gate: 0.7842
Episode 909  Reward:   0.298178  Wealth:    160111.42  Turnover: 0.4957  Gross: 1.3942  Gate: 0.7883
Episode 910  Reward:   0.213021  Wealth:    142822.69  Turnover: 0.4350  Gross: 1.4012  Gate: 0.8024
Episode    910  AvgReward:   0.108447  Noise: 0.0243
Episode 911  Reward:   0.092298  Wealth:    120207.42  Turnover: 0.5782  Gross: 1.4024  Gate: 0.8047
Episode 912  Reward:   0.252353  Wealth:    150721.40  Turnover: 0.5124  Gross: 1.3994  Gate: 0.7988
Episode 913  Reward:   0.101484  Wealth:    121279.02  Turnover: 0.5108  Gross: 1.3957  Gate: 0.7914
Episode 914  Reward:   0.181738  Wealth:    132957.04  Turnover: 0.2854  Gross: 1.3906  Gate: 0.7813
Episode 915  Reward:   0.189473  Wealth:    137453.75  Turnover: 0.8258  Gross: 1.3807  Gate: 0.7614
Episode 916  Reward:   0.202802  Wealth:    137835.41  Turnover: 0.3885  Gross: 1.4000  Gate: 0.8000
Episode 917  Reward:  -0.258368  Wealth:     84161.90  Turnover: 0.4741  Gross: 1.3881  Gate: 0.7762
Episode 918  Reward:   0.082151  Wealth:    119760.18  Turnover: 0.6846  Gross: 1.3864  Gate: 0.7727
Episode 919  Reward:   0.336214  Wealth:    172355.63  Turnover: 0.4871  Gross: 1.3875  Gate: 0.7750
Episode 920  Reward:   0.127603  Wealth:    125897.61  Turnover: 0.7179  Gross: 1.3976  Gate: 0.7951
Episode    920  AvgReward:   0.130775  Noise: 0.0238
Episode 921  Reward:  -0.025754  Wealth:    104691.58  Turnover: 0.6175  Gross: 1.3951  Gate: 0.7903
Episode 922  Reward:  -0.194199  Wealth:     89469.78  Turnover: 0.4264  Gross: 1.4027  Gate: 0.8053
Episode 923  Reward:   0.247358  Wealth:    145763.88  Turnover: 0.3296  Gross: 1.3993  Gate: 0.7987
Episode 924  Reward:  -0.196599  Wealth:     89060.32  Turnover: 0.5101  Gross: 1.4027  Gate: 0.8053
Episode 925  Reward:   0.303664  Wealth:    164652.75  Turnover: 0.4974  Gross: 1.3841  Gate: 0.7682
Episode 926  Reward:   0.032435  Wealth:    111924.36  Turnover: 0.5960  Gross: 1.3997  Gate: 0.7994
Episode 927  Reward:   0.046143  Wealth:    112901.82  Turnover: 0.6004  Gross: 1.4005  Gate: 0.8010
Episode 928  Reward:   0.114680  Wealth:    122926.89  Turnover: 0.4583  Gross: 1.3945  Gate: 0.7890
Episode 929  Reward:   0.222043  Wealth:    143796.63  Turnover: 0.4386  Gross: 1.3978  Gate: 0.7955
Episode 930  Reward:   0.127037  Wealth:    125612.47  Turnover: 0.6393  Gross: 1.3913  Gate: 0.7826
Episode    930  AvgReward:   0.067681  Noise: 0.0234
Episode 931  Reward:  -0.047942  Wealth:    102560.31  Turnover: 0.5883  Gross: 1.4015  Gate: 0.8030
Episode 932  Reward:   0.135826  Wealth:    127565.01  Turnover: 0.8285  Gross: 1.3912  Gate: 0.7823
Episode 933  Reward:   0.027281  Wealth:    111464.61  Turnover: 0.8433  Gross: 1.3894  Gate: 0.7788
Episode 934  Reward:   0.163014  Wealth:    135586.68  Turnover: 0.9281  Gross: 1.3988  Gate: 0.7976
Episode 935  Reward:   0.143745  Wealth:    127095.96  Turnover: 0.6281  Gross: 1.3903  Gate: 0.7805
Episode 936  Reward:   0.145960  Wealth:    128081.08  Turnover: 0.4078  Gross: 1.4054  Gate: 0.8107
Episode 937  Reward:   0.034721  Wealth:    112412.79  Turnover: 0.4740  Gross: 1.3941  Gate: 0.7883
Episode 938  Reward:   0.002842  Wealth:    108704.29  Turnover: 0.5235  Gross: 1.3940  Gate: 0.7879
Episode 939  Reward:   0.108198  Wealth:    121788.34  Turnover: 0.3171  Gross: 1.3864  Gate: 0.7727
Episode 940  Reward:   0.165860  Wealth:    131112.56  Turnover: 0.3503  Gross: 1.3940  Gate: 0.7880
Episode    940  AvgReward:   0.087950  Noise: 0.0229
Episode 941  Reward:   0.345260  Wealth:    172326.84  Turnover: 0.5012  Gross: 1.4012  Gate: 0.8024
Episode 942  Reward:   0.194429  Wealth:    137045.14  Turnover: 0.4710  Gross: 1.3928  Gate: 0.7855
Episode 943  Reward:   0.020739  Wealth:    110275.00  Turnover: 0.5737  Gross: 1.3947  Gate: 0.7893
Episode 944  Reward:   0.375043  Wealth:    197465.83  Turnover: 0.8027  Gross: 1.3844  Gate: 0.7689
Episode 945  Reward:   0.041287  Wealth:    113284.46  Turnover: 0.4179  Gross: 1.3966  Gate: 0.7931
Episode 946  Reward:  -0.030048  Wealth:    104284.45  Turnover: 0.4587  Gross: 1.4012  Gate: 0.8024
Episode 947  Reward:   0.061601  Wealth:    116162.66  Turnover: 0.6908  Gross: 1.3957  Gate: 0.7915
Episode 948  Reward:   0.185226  Wealth:    135615.38  Turnover: 0.4139  Gross: 1.3910  Gate: 0.7820
Episode 949  Reward:   0.281584  Wealth:    156896.98  Turnover: 0.5164  Gross: 1.3966  Gate: 0.7932
Episode 950  Reward:   0.303468  Wealth:    159033.25  Turnover: 0.2601  Gross: 1.3916  Gate: 0.7832
Episode    950  AvgReward:   0.177859  Noise: 0.0224
Episode 951  Reward:   0.042246  Wealth:    113650.03  Turnover: 0.7648  Gross: 1.3959  Gate: 0.7919
Episode 952  Reward:   0.199925  Wealth:    137658.97  Turnover: 0.5343  Gross: 1.4028  Gate: 0.8057
Episode 953  Reward:   0.183187  Wealth:    134299.77  Turnover: 0.2889  Gross: 1.4029  Gate: 0.8058
Episode 954  Reward:   0.224405  Wealth:    142005.96  Turnover: 0.3635  Gross: 1.3911  Gate: 0.7823
Episode 955  Reward:   0.029442  Wealth:    110519.12  Turnover: 0.4433  Gross: 1.3997  Gate: 0.7993
Episode 956  Reward:   0.093878  Wealth:    119969.40  Turnover: 0.4468  Gross: 1.3993  Gate: 0.7986
Episode 957  Reward:   0.229778  Wealth:    144694.17  Turnover: 0.6758  Gross: 1.4019  Gate: 0.8038
Episode 958  Reward:  -0.019672  Wealth:    106762.74  Turnover: 0.5798  Gross: 1.3911  Gate: 0.7823
Episode 959  Reward:  -0.131762  Wealth:     94680.07  Turnover: 0.6162  Gross: 1.3923  Gate: 0.7847
Episode 960  Reward:   0.222732  Wealth:    144658.47  Turnover: 0.6901  Gross: 1.4009  Gate: 0.8019
Episode    960  AvgReward:   0.107416  Noise: 0.0220
Episode 961  Reward:  -0.052413  Wealth:    103600.16  Turnover: 0.4693  Gross: 1.3950  Gate: 0.7900
Episode 962  Reward:   0.023432  Wealth:    110971.96  Turnover: 0.4022  Gross: 1.3912  Gate: 0.7824
Episode 963  Reward:   0.035389  Wealth:    111146.87  Turnover: 0.4065  Gross: 1.3878  Gate: 0.7755
Episode 964  Reward:  -0.032083  Wealth:    104569.70  Turnover: 0.5512  Gross: 1.3973  Gate: 0.7947
Episode 965  Reward:   0.129599  Wealth:    129451.37  Turnover: 0.6043  Gross: 1.4007  Gate: 0.8013
Episode 966  Reward:   0.157934  Wealth:    130171.86  Turnover: 0.5043  Gross: 1.3999  Gate: 0.7998
Episode 967  Reward:   0.048008  Wealth:    116059.02  Turnover: 0.6257  Gross: 1.3999  Gate: 0.7997
Episode 968  Reward:   0.131152  Wealth:    125140.17  Turnover: 0.4227  Gross: 1.3976  Gate: 0.7951
Episode 969  Reward:   0.040771  Wealth:    113656.12  Turnover: 0.6161  Gross: 1.3963  Gate: 0.7925
Episode 970  Reward:  -0.073473  Wealth:    100896.66  Turnover: 0.4705  Gross: 1.3940  Gate: 0.7879
Episode    970  AvgReward:   0.040832  Noise: 0.0216
Episode 971  Reward:   0.292602  Wealth:    158209.59  Turnover: 0.4063  Gross: 1.4009  Gate: 0.8019
Episode 972  Reward:   0.256263  Wealth:    150641.19  Turnover: 0.3833  Gross: 1.4015  Gate: 0.8029
Episode 973  Reward:   0.177515  Wealth:    132825.79  Turnover: 0.4306  Gross: 1.4019  Gate: 0.8038
Episode 974  Reward:   0.065017  Wealth:    115300.02  Turnover: 0.3526  Gross: 1.3988  Gate: 0.7977
Episode 975  Reward:   0.081065  Wealth:    117448.06  Turnover: 0.5590  Gross: 1.3927  Gate: 0.7854
Episode 976  Reward:   0.342061  Wealth:    182197.75  Turnover: 0.5528  Gross: 1.3824  Gate: 0.7648
Episode 977  Reward:   0.065079  Wealth:    117880.55  Turnover: 0.7200  Gross: 1.3971  Gate: 0.7942
Episode 978  Reward:   0.269483  Wealth:    154330.60  Turnover: 0.7077  Gross: 1.3935  Gate: 0.7869
Episode 979  Reward:   0.104921  Wealth:    121512.62  Turnover: 0.6375  Gross: 1.4031  Gate: 0.8062
Episode 980  Reward:   0.255657  Wealth:    151574.86  Turnover: 0.4387  Gross: 1.3930  Gate: 0.7861
Episode    980  AvgReward:   0.190966  Noise: 0.0211
Episode 981  Reward:  -0.233885  Wealth:     87132.92  Turnover: 0.6934  Gross: 1.3954  Gate: 0.7907
Episode 982  Reward:   0.216006  Wealth:    144584.15  Turnover: 0.6243  Gross: 1.3992  Gate: 0.7984
Episode 983  Reward:   0.155249  Wealth:    129790.25  Turnover: 0.4274  Gross: 1.3999  Gate: 0.7997
Episode 984  Reward:   0.155199  Wealth:    130543.77  Turnover: 0.7235  Gross: 1.3924  Gate: 0.7847
Episode 985  Reward:   0.138357  Wealth:    127107.27  Turnover: 0.3684  Gross: 1.3888  Gate: 0.7775
Episode 986  Reward:  -0.118720  Wealth:     95900.47  Turnover: 0.4905  Gross: 1.3908  Gate: 0.7815
Episode 987  Reward:  -0.072486  Wealth:     99968.78  Turnover: 0.3689  Gross: 1.3948  Gate: 0.7896
Episode 988  Reward:   0.042579  Wealth:    114267.94  Turnover: 0.7270  Gross: 1.3996  Gate: 0.7991
Episode 989  Reward:   0.145241  Wealth:    130614.66  Turnover: 0.7732  Gross: 1.3988  Gate: 0.7977
Episode 990  Reward:   0.006125  Wealth:    109228.18  Turnover: 0.3465  Gross: 1.3978  Gate: 0.7956
Episode    990  AvgReward:   0.043366  Noise: 0.0207
Episode 991  Reward:  -0.139034  Wealth:     94844.47  Turnover: 0.5524  Gross: 1.3954  Gate: 0.7908
Episode 992  Reward:   0.133728  Wealth:    125978.17  Turnover: 0.4885  Gross: 1.3977  Gate: 0.7954
Episode 993  Reward:   0.142254  Wealth:    130975.74  Turnover: 0.6524  Gross: 1.3944  Gate: 0.7888
Episode 994  Reward:   0.273511  Wealth:    157106.69  Turnover: 0.5543  Gross: 1.3976  Gate: 0.7952
Episode 995  Reward:   0.130913  Wealth:    128483.41  Turnover: 0.6745  Gross: 1.3940  Gate: 0.7880
Episode 996  Reward:   0.158089  Wealth:    134575.43  Turnover: 0.8512  Gross: 1.3911  Gate: 0.7822
Episode 997  Reward:   0.208149  Wealth:    139569.32  Turnover: 0.7083  Gross: 1.3999  Gate: 0.7997
Episode 998  Reward:   0.105779  Wealth:    121595.26  Turnover: 0.3844  Gross: 1.3939  Gate: 0.7877
Episode 999  Reward:   0.062766  Wealth:    115005.77  Turnover: 0.5667  Gross: 1.3948  Gate: 0.7895
Episode 1000  Reward:  -0.122883  Wealth:     96083.72  Turnover: 0.5903  Gross: 1.3957  Gate: 0.7915
Episode   1000  AvgReward:   0.095327  Noise: 0.0203
TRAIN STAGE COMPLETE
PRE-TRAINING BEHAVIOUR GATE PASSED on deterministic held-in episodes: mean_leverage_gate=0.7942, fraction_at_gross_cap=0.0000, gate_gross_mae=0.0000, mean_turnover=0.5212, max_position_limit_violation=0.0000, mean_normalized_direction_entropy=0.8805, q05_normalized_direction_entropy=0.7894, mean_effective_positions=4.2804
Pre-training complete. Agent saved.

============================================================
Stage 2: Fine-tuning on Real Data

============================================================
============================================================
STAGE 2: FINE-TUNING
============================================================
============================================================
TRAIN STAGE STARTED: stage=finetune_selection, episodes=37, batch_size=64, updates_per_step=1
============================================================
Episode 1  Reward:   0.149474  Wealth:    130857.81  Turnover: 0.5251  Gross: 1.3955  Gate: 0.7910
Episode 2  Reward:   0.244732  Wealth:    149853.00  Turnover: 0.7054  Gross: 1.3887  Gate: 0.7774
Episode 3  Reward:   0.174947  Wealth:    134259.10  Turnover: 0.4252  Gross: 1.3977  Gate: 0.7954
Episode 4  Reward:   0.243192  Wealth:    147452.00  Turnover: 0.6181  Gross: 1.3897  Gate: 0.7795
Episode 5  Reward:   0.280303  Wealth:    156751.01  Turnover: 0.6344  Gross: 1.3941  Gate: 0.7882
Episode 6  Reward:   0.201626  Wealth:    137649.67  Turnover: 0.5381  Gross: 1.4027  Gate: 0.8053
Episode 7  Reward:   0.066810  Wealth:    115140.63  Turnover: 0.4458  Gross: 1.3971  Gate: 0.7943
Episode 8  Reward:   0.253792  Wealth:    149429.91  Turnover: 0.5331  Gross: 1.3927  Gate: 0.7855
Episode 9  Reward:   0.156264  Wealth:    129765.19  Turnover: 0.4502  Gross: 1.4058  Gate: 0.8117
Episode 10  Reward:   0.170827  Wealth:    132825.40  Turnover: 0.4242  Gross: 1.4033  Gate: 0.8067
Episode 11  Reward:   0.118922  Wealth:    123978.33  Turnover: 0.4668  Gross: 1.3995  Gate: 0.7991
Episode 12  Reward:   0.230718  Wealth:    145896.24  Turnover: 0.6387  Gross: 1.3996  Gate: 0.7992
Episode 13  Reward:   0.148972  Wealth:    128657.90  Turnover: 0.3942  Gross: 1.3937  Gate: 0.7875
Episode 14  Reward:   0.196935  Wealth:    136970.56  Turnover: 0.4291  Gross: 1.3929  Gate: 0.7857
Episode 15  Reward:   0.143816  Wealth:    127264.97  Turnover: 0.3700  Gross: 1.3990  Gate: 0.7981
Episode 16  Reward:   0.332620  Wealth:    174607.48  Turnover: 0.7417  Gross: 1.4039  Gate: 0.8077
Episode 17  Reward:   0.133548  Wealth:    127458.52  Turnover: 0.4370  Gross: 1.4036  Gate: 0.8072
Episode 18  Reward:   0.113855  Wealth:    123887.95  Turnover: 0.4131  Gross: 1.4025  Gate: 0.8051
Episode 19  Reward:   0.230467  Wealth:    149714.93  Turnover: 0.6550  Gross: 1.3937  Gate: 0.7874
Episode 20  Reward:   0.044808  Wealth:    117458.83  Turnover: 0.5277  Gross: 1.3999  Gate: 0.7998
Episode 21  Reward:   0.258081  Wealth:    155602.59  Turnover: 0.7374  Gross: 1.4073  Gate: 0.8146
Episode 22  Reward:   0.267950  Wealth:    155771.32  Turnover: 0.6511  Gross: 1.3993  Gate: 0.7985
Episode 23  Reward:   0.306950  Wealth:    168284.85  Turnover: 0.6265  Gross: 1.3987  Gate: 0.7974
Episode 24  Reward:   0.232926  Wealth:    148947.72  Turnover: 0.6400  Gross: 1.3982  Gate: 0.7963
Episode 25  Reward:   0.271551  Wealth:    159757.63  Turnover: 0.5994  Gross: 1.3992  Gate: 0.7984
Episode 26  Reward:   0.187328  Wealth:    140002.60  Turnover: 0.6753  Gross: 1.4024  Gate: 0.8049
Episode 27  Reward:   0.245255  Wealth:    151336.94  Turnover: 0.6522  Gross: 1.4030  Gate: 0.8060
Episode 28  Reward:   0.264064  Wealth:    156681.34  Turnover: 0.6457  Gross: 1.3988  Gate: 0.7976
Episode 29  Reward:   0.258137  Wealth:    157613.00  Turnover: 0.7276  Gross: 1.4022  Gate: 0.8044
Episode 30  Reward:   0.258625  Wealth:    155836.08  Turnover: 0.6910  Gross: 1.3983  Gate: 0.7966
Episode 31  Reward:   0.351395  Wealth:    181653.34  Turnover: 0.6719  Gross: 1.4010  Gate: 0.8019
Episode 32  Reward:   0.050907  Wealth:    116653.14  Turnover: 0.6634  Gross: 1.3988  Gate: 0.7976
Episode 33  Reward:   0.297141  Wealth:    165217.79  Turnover: 0.6305  Gross: 1.4025  Gate: 0.8049
Episode 34  Reward:   0.084300  Wealth:    122103.90  Turnover: 0.3764  Gross: 1.4012  Gate: 0.8024
Episode 35  Reward:   0.136967  Wealth:    131622.53  Turnover: 0.5810  Gross: 1.3959  Gate: 0.7917
Episode 36  Reward:   0.314275  Wealth:    170872.09  Turnover: 0.7882  Gross: 1.4034  Gate: 0.8068
Episode 37  Reward:   0.300681  Wealth:    166226.28  Turnover: 0.7856  Gross: 1.3994  Gate: 0.7989
Episode     37  AvgReward:   0.208734  Noise: 0.0417
TRAIN STAGE COMPLETE
VALIDATION pass=1 reward=0.187896 wealth=134956.79 turnover=0.5771 gross=1.4140
============================================================
TRAIN STAGE STARTED: stage=finetune_refit_all, episodes=61, batch_size=64, updates_per_step=1
============================================================
Episode 1  Reward:   0.280300  Wealth:    154149.30  Turnover: 0.3931  Gross: 1.3960  Gate: 0.7920
Episode 2  Reward:   0.087936  Wealth:    118062.17  Turnover: 0.3198  Gross: 1.3941  Gate: 0.7882
Episode 3  Reward:   0.155134  Wealth:    128365.64  Turnover: 0.3218  Gross: 1.3968  Gate: 0.7935
Episode 4  Reward:   0.135841  Wealth:    125440.97  Turnover: 0.2860  Gross: 1.4003  Gate: 0.8005
Episode 5  Reward:   0.130357  Wealth:    125167.07  Turnover: 0.2867  Gross: 1.4055  Gate: 0.8111
Episode 6  Reward:   0.047440  Wealth:    113709.73  Turnover: 0.2907  Gross: 1.4055  Gate: 0.8110
Episode 7  Reward:   0.101570  Wealth:    120322.21  Turnover: 0.3503  Gross: 1.4010  Gate: 0.8019
Episode 8  Reward:   0.262852  Wealth:    148906.78  Turnover: 0.3380  Gross: 1.3995  Gate: 0.7990
Episode 9  Reward:   0.216187  Wealth:    140749.62  Turnover: 0.5471  Gross: 1.3901  Gate: 0.7802
Episode 10  Reward:   0.112180  Wealth:    121406.32  Turnover: 0.3638  Gross: 1.4020  Gate: 0.8039
Episode 11  Reward:   0.149110  Wealth:    129670.20  Turnover: 0.4847  Gross: 1.3970  Gate: 0.7941
Episode 12  Reward:   0.239140  Wealth:    146280.22  Turnover: 0.6722  Gross: 1.3942  Gate: 0.7884
Episode 13  Reward:   0.244807  Wealth:    149108.74  Turnover: 0.6474  Gross: 1.3933  Gate: 0.7866
Episode 14  Reward:   0.212621  Wealth:    140358.02  Turnover: 0.5486  Gross: 1.3967  Gate: 0.7934
Episode 15  Reward:   0.236214  Wealth:    145073.22  Turnover: 0.6053  Gross: 1.3970  Gate: 0.7941
Episode 16  Reward:   0.152238  Wealth:    126642.41  Turnover: 0.3845  Gross: 1.3980  Gate: 0.7959
Episode 17  Reward:   0.186921  Wealth:    136528.33  Turnover: 0.5891  Gross: 1.3971  Gate: 0.7943
Episode 18  Reward:   0.119217  Wealth:    122945.51  Turnover: 0.5817  Gross: 1.4002  Gate: 0.8004
Episode 19  Reward:   0.204798  Wealth:    139470.32  Turnover: 0.5673  Gross: 1.3962  Gate: 0.7924
Episode 20  Reward:   0.097186  Wealth:    121777.39  Turnover: 0.4431  Gross: 1.3919  Gate: 0.7838
Episode 21  Reward:   0.161093  Wealth:    129327.13  Turnover: 0.5261  Gross: 1.3972  Gate: 0.7943
Episode 22  Reward:   0.225511  Wealth:    139871.88  Turnover: 0.2617  Gross: 1.3973  Gate: 0.7947
Episode 23  Reward:   0.147606  Wealth:    125638.95  Turnover: 0.3189  Gross: 1.3961  Gate: 0.7923
Episode 24  Reward:   0.191734  Wealth:    134809.50  Turnover: 0.5212  Gross: 1.3990  Gate: 0.7980
Episode 25  Reward:   0.093320  Wealth:    117994.94  Turnover: 0.3750  Gross: 1.4017  Gate: 0.8034
Episode 26  Reward:   0.218499  Wealth:    141315.34  Turnover: 0.5722  Gross: 1.3955  Gate: 0.7911
Episode 27  Reward:   0.226026  Wealth:    139680.05  Turnover: 0.2544  Gross: 1.4036  Gate: 0.8073
Episode 28  Reward:   0.255690  Wealth:    149706.91  Turnover: 0.5913  Gross: 1.3990  Gate: 0.7981
Episode 29  Reward:   0.165897  Wealth:    128908.74  Turnover: 0.3935  Gross: 1.3969  Gate: 0.7939
Episode 30  Reward:   0.068678  Wealth:    115962.04  Turnover: 0.5195  Gross: 1.4025  Gate: 0.8050
Episode 31  Reward:   0.155114  Wealth:    129355.21  Turnover: 0.4655  Gross: 1.3861  Gate: 0.7722
Episode 32  Reward:   0.153685  Wealth:    129754.01  Turnover: 0.5138  Gross: 1.3909  Gate: 0.7818
Episode 33  Reward:   0.197724  Wealth:    137152.56  Turnover: 0.4860  Gross: 1.4013  Gate: 0.8026
Episode 34  Reward:   0.270680  Wealth:    149282.86  Turnover: 0.3007  Gross: 1.4037  Gate: 0.8074
Episode 35  Reward:   0.094982  Wealth:    119669.61  Turnover: 0.4325  Gross: 1.4015  Gate: 0.8029
Episode 36  Reward:   0.264920  Wealth:    152542.12  Turnover: 0.5441  Gross: 1.4004  Gate: 0.8008
Episode 37  Reward:   0.141770  Wealth:    125019.59  Turnover: 0.3583  Gross: 1.4015  Gate: 0.8029
Episode 38  Reward:   0.175537  Wealth:    131214.92  Turnover: 0.2883  Gross: 1.4028  Gate: 0.8055
Episode 39  Reward:   0.250528  Wealth:    148654.77  Turnover: 0.4660  Gross: 1.4011  Gate: 0.8021
Episode 40  Reward:   0.174040  Wealth:    133745.40  Turnover: 0.5158  Gross: 1.3946  Gate: 0.7893
Episode 41  Reward:   0.130344  Wealth:    123319.21  Turnover: 0.3345  Gross: 1.3998  Gate: 0.7996
Episode 42  Reward:   0.155632  Wealth:    129283.29  Turnover: 0.4429  Gross: 1.3922  Gate: 0.7844
Episode 43  Reward:   0.353004  Wealth:    178344.03  Turnover: 0.6268  Gross: 1.4023  Gate: 0.8047
Episode 44  Reward:   0.121760  Wealth:    122433.40  Turnover: 0.3711  Gross: 1.4039  Gate: 0.8079
Episode 45  Reward:   0.220008  Wealth:    143753.49  Turnover: 0.5621  Gross: 1.3982  Gate: 0.7964
Episode 46  Reward:   0.331569  Wealth:    171647.45  Turnover: 0.6280  Gross: 1.4000  Gate: 0.8001
Episode 47  Reward:   0.219678  Wealth:    142980.62  Turnover: 0.5256  Gross: 1.4010  Gate: 0.8021
Episode 48  Reward:   0.195859  Wealth:    138487.86  Turnover: 0.6124  Gross: 1.4016  Gate: 0.8031
Episode 49  Reward:   0.120859  Wealth:    122477.39  Turnover: 0.2836  Gross: 1.3984  Gate: 0.7968
Episode 50  Reward:  -0.018196  Wealth:    105931.22  Turnover: 0.5075  Gross: 1.4024  Gate: 0.8047
Episode 51  Reward:   0.121360  Wealth:    122959.79  Turnover: 0.3699  Gross: 1.4022  Gate: 0.8044
Episode 52  Reward:   0.039815  Wealth:    112264.45  Turnover: 0.3516  Gross: 1.4030  Gate: 0.8061
Episode 53  Reward:   0.279337  Wealth:    158116.44  Turnover: 0.7691  Gross: 1.4058  Gate: 0.8117
Episode 54  Reward:   0.076962  Wealth:    117183.49  Turnover: 0.3763  Gross: 1.4015  Gate: 0.8030
Episode 55  Reward:   0.312635  Wealth:    168743.96  Turnover: 0.8334  Gross: 1.4053  Gate: 0.8105
Episode 56  Reward:   0.155073  Wealth:    131925.81  Turnover: 0.7193  Gross: 1.3964  Gate: 0.7928
Episode 57  Reward:   0.283614  Wealth:    160772.19  Turnover: 0.5876  Gross: 1.3947  Gate: 0.7894
Episode 58  Reward:   0.128310  Wealth:    125595.06  Turnover: 0.4561  Gross: 1.4032  Gate: 0.8063
Episode 59  Reward:   0.073812  Wealth:    118095.48  Turnover: 0.4646  Gross: 1.4027  Gate: 0.8054
Episode 60  Reward:   0.128263  Wealth:    128167.37  Turnover: 0.6708  Gross: 1.3985  Gate: 0.7970
Episode 61  Reward:   0.261704  Wealth:    157778.53  Turnover: 0.6414  Gross: 1.3980  Gate: 0.7961
Episode     61  AvgReward:   0.175352  Noise: 0.0370
TRAIN STAGE COMPLETE
Fine-tuning complete. Selected 1 pass(es); final agent saved.

============================================================
TRAINING COMPLETE

============================================================
Error in py_run_string_impl(code, local, convert) : 
  ModuleNotFoundError: No module named 'pandas'
Run `reticulate::py_last_error()` for details.
Calls: py_run_string -> py_run_string_impl
Execution halted

[3/5] Training seed 20260845
Loading configuration from: config/config.yaml 
Run mode: full | seed: 20260845 | CVaR simulations/step: 512 | vine simulation cores: 44
Loading synthetic return bundle: data/synthetic_returns.RData
Loaded 1000 pre-training and 61 fine-tuning episodes.
Fine-tuning selection: 37 fit episodes, 23 purged overlapping episodes, 1 validation episode; final refit uses all 61.
Run seed: 20260845
Run mode: full
PyTorch: 2.10.0+cu128
Device: cuda
Action schema: interior_rank_partition_leverage_gate_v5; projection temperature=1.5
GPU: NVIDIA A100-SXM4-80GB
PYTHON: Framework ready.
Action schema: interior_rank_partition_leverage_gate_v5 | gross=1.500 | net=1.000 | max_long=0.600 | max_short=0.200
Risk/training: entropy_coef=0.005 | leverage_target=0.800 | leverage_penalty=0.25 | direction_bound=5.000 | AMP=False

============================================================
Stage 1: Pre-training on Synthetic Data

============================================================
============================================================
STAGE 1: PRE-TRAINING
============================================================
============================================================
TRAIN STAGE STARTED: stage=pretrain, episodes=1000, batch_size=128, updates_per_step=1
============================================================
Episode 1  Reward:  -0.026205  Wealth:    108072.90  Turnover: 0.9050  Gross: 1.2614  Gate: 0.5229
Episode 2  Reward:  -0.171490  Wealth:     93690.29  Turnover: 0.9963  Gross: 1.2343  Gate: 0.4685
Episode 3  Reward:   0.248701  Wealth:    153321.35  Turnover: 1.0337  Gross: 1.2611  Gate: 0.5222
Episode 4  Reward:  -0.619617  Wealth:     66152.63  Turnover: 1.1590  Gross: 1.2466  Gate: 0.4932
Episode 5  Reward:  -0.042814  Wealth:    106714.21  Turnover: 1.0190  Gross: 1.2515  Gate: 0.5030
Episode 6  Reward:  -0.047121  Wealth:    106117.11  Turnover: 1.0582  Gross: 1.2587  Gate: 0.5174
Episode 7  Reward:   0.207466  Wealth:    144080.43  Turnover: 1.1245  Gross: 1.2833  Gate: 0.5665
Episode 8  Reward:   0.067035  Wealth:    120502.18  Turnover: 1.0785  Gross: 1.2403  Gate: 0.4806
Episode 9  Reward:   0.105330  Wealth:    125756.36  Turnover: 1.0903  Gross: 1.2867  Gate: 0.5735
Episode 10  Reward:   0.080647  Wealth:    121767.99  Turnover: 1.0448  Gross: 1.2609  Gate: 0.5219
Episode     10  AvgReward:  -0.019807  Noise: 0.1473
Episode 11  Reward:   0.260259  Wealth:    157956.32  Turnover: 1.0679  Gross: 1.2415  Gate: 0.4829
Episode 12  Reward:  -0.026722  Wealth:    109024.47  Turnover: 0.9146  Gross: 1.2614  Gate: 0.5227
Episode 13  Reward:  -0.442947  Wealth:     74946.74  Turnover: 1.0596  Gross: 1.2808  Gate: 0.5617
Episode 14  Reward:  -0.149056  Wealth:     95173.29  Turnover: 0.9793  Gross: 1.2408  Gate: 0.4816
Episode 15  Reward:  -0.003056  Wealth:    110121.81  Turnover: 0.9774  Gross: 1.2385  Gate: 0.4770
Episode 16  Reward:   0.068282  Wealth:    120871.49  Turnover: 1.0789  Gross: 1.2028  Gate: 0.4057
Episode 17  Reward:  -0.073832  Wealth:    103165.26  Turnover: 1.1304  Gross: 1.2688  Gate: 0.5377
Episode 18  Reward:  -0.245682  Wealth:     86904.07  Turnover: 1.1412  Gross: 1.2756  Gate: 0.5512
Episode 19  Reward:   0.198287  Wealth:    143398.12  Turnover: 1.0347  Gross: 1.2609  Gate: 0.5219
Episode 20  Reward:   0.026324  Wealth:    114746.92  Turnover: 1.1329  Gross: 1.2469  Gate: 0.4938
Episode     20  AvgReward:  -0.038814  Noise: 0.1444
Episode 21  Reward:  -0.169435  Wealth:     93198.33  Turnover: 1.0184  Gross: 1.2655  Gate: 0.5311
Episode 22  Reward:  -0.238068  Wealth:     87613.46  Turnover: 1.0818  Gross: 1.2393  Gate: 0.4786
Episode 23  Reward:   0.037534  Wealth:    116078.90  Turnover: 1.2754  Gross: 1.2804  Gate: 0.5608
Episode 24  Reward:   0.050773  Wealth:    117433.48  Turnover: 1.0670  Gross: 1.2578  Gate: 0.5157
Episode 25  Reward:   0.176836  Wealth:    137731.37  Turnover: 0.9774  Gross: 1.2133  Gate: 0.4266
Episode 26  Reward:  -0.114109  Wealth:     99237.67  Turnover: 1.1059  Gross: 1.2248  Gate: 0.4496
Episode 27  Reward:   0.055738  Wealth:    118604.78  Turnover: 1.1063  Gross: 1.2515  Gate: 0.5029
Episode 28  Reward:  -0.055225  Wealth:    104118.17  Turnover: 1.0703  Gross: 1.2428  Gate: 0.4856
Episode 29  Reward:  -0.121686  Wealth:     97549.29  Turnover: 1.0521  Gross: 1.2264  Gate: 0.4527
Episode 30  Reward:  -0.013075  Wealth:    108881.81  Turnover: 0.9613  Gross: 1.2189  Gate: 0.4379
Episode     30  AvgReward:  -0.039072  Noise: 0.1415
Episode 31  Reward:   0.232961  Wealth:    148361.61  Turnover: 1.0561  Gross: 1.2069  Gate: 0.4138
Episode 32  Reward:  -0.015309  Wealth:    109112.12  Turnover: 1.0545  Gross: 1.2563  Gate: 0.5127
Episode 33  Reward:   0.066233  Wealth:    121236.56  Turnover: 1.0338  Gross: 1.2482  Gate: 0.4963
Episode 34  Reward:   0.015385  Wealth:    113171.44  Turnover: 1.0148  Gross: 1.1960  Gate: 0.3920
Episode 35  Reward:  -0.062078  Wealth:    104016.15  Turnover: 1.1472  Gross: 1.2114  Gate: 0.4229
Episode 36  Reward:  -0.193085  Wealth:     91651.98  Turnover: 1.1220  Gross: 1.2975  Gate: 0.5949
Episode 37  Reward:  -0.087375  Wealth:    101097.32  Turnover: 0.9608  Gross: 1.2358  Gate: 0.4716
Episode 38  Reward:  -0.035849  Wealth:    107599.14  Turnover: 1.0465  Gross: 1.2668  Gate: 0.5336
Episode 39  Reward:  -0.267190  Wealth:     86041.15  Turnover: 1.1515  Gross: 1.2680  Gate: 0.5360
Episode 40  Reward:  -0.028737  Wealth:    107288.06  Turnover: 1.0101  Gross: 1.2287  Gate: 0.4573
Episode     40  AvgReward:  -0.037504  Noise: 0.1387
Episode 41  Reward:   0.157314  Wealth:    135834.17  Turnover: 1.1367  Gross: 1.2744  Gate: 0.5488
Episode 42  Reward:   0.119792  Wealth:    126755.82  Turnover: 0.6408  Gross: 1.2062  Gate: 0.4124
Episode 43  Reward:   0.047385  Wealth:    114798.57  Turnover: 0.1405  Gross: 1.0747  Gate: 0.1495
Episode 44  Reward:   0.112029  Wealth:    123635.20  Turnover: 0.1976  Gross: 1.0763  Gate: 0.1526
Episode 45  Reward:   0.026827  Wealth:    112217.17  Turnover: 0.2860  Gross: 1.0742  Gate: 0.1484
Episode 46  Reward:   0.030634  Wealth:    112470.61  Turnover: 0.2181  Gross: 1.0765  Gate: 0.1529
Episode 47  Reward:  -0.036541  Wealth:    104192.18  Turnover: 0.2147  Gross: 1.0773  Gate: 0.1547
Episode 48  Reward:   0.042524  Wealth:    113596.90  Turnover: 0.2707  Gross: 1.0799  Gate: 0.1598
Episode 49  Reward:   0.213641  Wealth:    140729.62  Turnover: 0.2488  Gross: 1.0807  Gate: 0.1614
Episode 50  Reward:   0.167940  Wealth:    131614.47  Turnover: 0.2685  Gross: 1.0791  Gate: 0.1582
Episode     50  AvgReward:   0.088155  Noise: 0.1360
Episode 51  Reward:   0.111198  Wealth:    123042.81  Turnover: 0.3771  Gross: 1.0836  Gate: 0.1672
Episode 52  Reward:   0.117085  Wealth:    123900.58  Turnover: 0.3175  Gross: 1.0890  Gate: 0.1780
Episode 53  Reward:  -0.139758  Wealth:     94189.44  Turnover: 0.3812  Gross: 1.0859  Gate: 0.1719
Episode 54  Reward:  -0.266035  Wealth:     84179.91  Turnover: 0.3780  Gross: 1.0894  Gate: 0.1788
Episode 55  Reward:   0.150518  Wealth:    128824.38  Turnover: 0.2866  Gross: 1.0982  Gate: 0.1964
Episode 56  Reward:   0.090483  Wealth:    119329.12  Turnover: 0.3237  Gross: 1.1005  Gate: 0.2010
Episode 57  Reward:  -0.022567  Wealth:    105320.82  Turnover: 0.3965  Gross: 1.1019  Gate: 0.2038
Episode 58  Reward:   0.264264  Wealth:    150604.58  Turnover: 0.3753  Gross: 1.1000  Gate: 0.2001
Episode 59  Reward:  -0.052380  Wealth:    101935.87  Turnover: 0.4384  Gross: 1.1161  Gate: 0.2322
Episode 60  Reward:  -0.001162  Wealth:    107595.55  Turnover: 0.3880  Gross: 1.1115  Gate: 0.2230
Episode     60  AvgReward:   0.025165  Noise: 0.1333
Episode 61  Reward:   0.129720  Wealth:    125387.51  Turnover: 0.3954  Gross: 1.1162  Gate: 0.2324
Episode 62  Reward:   0.021869  Wealth:    110179.92  Turnover: 0.3851  Gross: 1.1259  Gate: 0.2518
Episode 63  Reward:  -0.007727  Wealth:    106660.00  Turnover: 0.4637  Gross: 1.1318  Gate: 0.2636
Episode 64  Reward:   0.102563  Wealth:    120743.43  Turnover: 0.3701  Gross: 1.1394  Gate: 0.2788
Episode 65  Reward:   0.086418  Wealth:    118464.56  Turnover: 0.4258  Gross: 1.1412  Gate: 0.2823
Episode 66  Reward:   0.266704  Wealth:    150170.53  Turnover: 0.2926  Gross: 1.1487  Gate: 0.2975
Episode 67  Reward:  -0.231845  Wealth:     85908.54  Turnover: 0.3146  Gross: 1.1528  Gate: 0.3056
Episode 68  Reward:   0.218634  Wealth:    139921.43  Turnover: 0.5398  Gross: 1.1593  Gate: 0.3186
Episode 69  Reward:   0.135576  Wealth:    125359.28  Turnover: 0.4078  Gross: 1.1658  Gate: 0.3315
Episode 70  Reward:  -0.200470  Wealth:     88343.04  Turnover: 0.4391  Gross: 1.1703  Gate: 0.3405
Episode     70  AvgReward:   0.052144  Noise: 0.1306
Episode 71  Reward:   0.129022  Wealth:    124704.86  Turnover: 0.3138  Gross: 1.1794  Gate: 0.3588
Episode 72  Reward:   0.039785  Wealth:    111738.65  Turnover: 0.2624  Gross: 1.1920  Gate: 0.3839
Episode 73  Reward:   0.226776  Wealth:    141237.62  Turnover: 0.4402  Gross: 1.1912  Gate: 0.3825
Episode 74  Reward:   0.092499  Wealth:    119112.00  Turnover: 0.4206  Gross: 1.2070  Gate: 0.4140
Episode 75  Reward:  -0.005324  Wealth:    106442.70  Turnover: 0.3639  Gross: 1.2035  Gate: 0.4070
Episode 76  Reward:   0.035679  Wealth:    111398.95  Turnover: 0.3452  Gross: 1.2169  Gate: 0.4338
Episode 77  Reward:   0.064632  Wealth:    115178.09  Turnover: 0.3303  Gross: 1.2257  Gate: 0.4515
Episode 78  Reward:   0.051955  Wealth:    113354.72  Turnover: 0.4143  Gross: 1.2356  Gate: 0.4712
Episode 79  Reward:   0.112890  Wealth:    122281.37  Turnover: 0.4836  Gross: 1.2471  Gate: 0.4942
Episode 80  Reward:  -0.004569  Wealth:    106529.49  Turnover: 0.3971  Gross: 1.2597  Gate: 0.5194
Episode     80  AvgReward:   0.074335  Noise: 0.1281
Episode 81  Reward:   0.147421  Wealth:    126762.70  Turnover: 0.3905  Gross: 1.2760  Gate: 0.5520
Episode 82  Reward:   0.087146  Wealth:    118126.70  Turnover: 0.4461  Gross: 1.2836  Gate: 0.5672
Episode 83  Reward:   0.096424  Wealth:    119386.50  Turnover: 0.4240  Gross: 1.2905  Gate: 0.5810
Episode 84  Reward:   0.170781  Wealth:    132134.10  Turnover: 0.3048  Gross: 1.2681  Gate: 0.5362
Episode 85  Reward:  -0.022108  Wealth:    104842.60  Turnover: 0.4142  Gross: 1.3079  Gate: 0.6157
Episode 86  Reward:   0.111745  Wealth:    121536.43  Turnover: 0.3621  Gross: 1.3103  Gate: 0.6207
Episode 87  Reward:   0.097718  Wealth:    120611.11  Turnover: 0.4750  Gross: 1.2989  Gate: 0.5979
Episode 88  Reward:   0.048097  Wealth:    112721.65  Turnover: 0.5307  Gross: 1.3377  Gate: 0.6755
Episode 89  Reward:   0.147279  Wealth:    126931.09  Turnover: 0.4640  Gross: 1.3372  Gate: 0.6744
Episode 90  Reward:   0.290179  Wealth:    154947.20  Turnover: 0.2841  Gross: 1.3224  Gate: 0.6449
Episode     90  AvgReward:   0.117468  Noise: 0.1255
Episode 91  Reward:   0.090022  Wealth:    118959.48  Turnover: 0.3441  Gross: 1.3375  Gate: 0.6751
Episode 92  Reward:   0.155397  Wealth:    128706.66  Turnover: 0.3618  Gross: 1.3533  Gate: 0.7067
Episode 93  Reward:   0.063683  Wealth:    114754.65  Turnover: 0.4964  Gross: 1.3797  Gate: 0.7595
Episode 94  Reward:  -0.040648  Wealth:    102973.91  Turnover: 0.3429  Gross: 1.3812  Gate: 0.7624
Episode 95  Reward:   0.296208  Wealth:    156768.56  Turnover: 0.3847  Gross: 1.3836  Gate: 0.7671
Episode 96  Reward:   0.124387  Wealth:    123645.07  Turnover: 0.5795  Gross: 1.3925  Gate: 0.7849
Episode 97  Reward:   0.142179  Wealth:    128242.12  Turnover: 0.4316  Gross: 1.3456  Gate: 0.6912
Episode 98  Reward:   0.138434  Wealth:    125856.09  Turnover: 0.3768  Gross: 1.3800  Gate: 0.7600
Episode 99  Reward:   0.131581  Wealth:    126066.74  Turnover: 0.4415  Gross: 1.3846  Gate: 0.7693
Episode 100  Reward:   0.213643  Wealth:    139133.51  Turnover: 0.3980  Gross: 1.3818  Gate: 0.7636
Episode    100  AvgReward:   0.131489  Noise: 0.1230
Episode 101  Reward:  -0.187354  Wealth:     90518.92  Turnover: 0.5637  Gross: 1.3581  Gate: 0.7162
Episode 102  Reward:   0.100235  Wealth:    120576.54  Turnover: 0.3496  Gross: 1.3950  Gate: 0.7901
Episode 103  Reward:   0.122418  Wealth:    123292.99  Turnover: 0.4743  Gross: 1.3949  Gate: 0.7899
Episode 104  Reward:   0.131797  Wealth:    124474.10  Turnover: 0.4351  Gross: 1.3899  Gate: 0.7797
Episode 105  Reward:   0.259076  Wealth:    149821.47  Turnover: 0.4616  Gross: 1.3835  Gate: 0.7670
Episode 106  Reward:   0.185337  Wealth:    134331.54  Turnover: 0.3735  Gross: 1.3980  Gate: 0.7959
Episode 107  Reward:   0.214819  Wealth:    139136.92  Turnover: 0.3149  Gross: 1.4026  Gate: 0.8053
Episode 108  Reward:  -0.183786  Wealth:     90202.57  Turnover: 0.4735  Gross: 1.4033  Gate: 0.8066
Episode 109  Reward:  -0.007591  Wealth:    106436.69  Turnover: 0.2897  Gross: 1.3642  Gate: 0.7284
Episode 110  Reward:   0.112032  Wealth:    122106.04  Turnover: 0.3020  Gross: 1.4060  Gate: 0.8120
Episode    110  AvgReward:   0.074698  Noise: 0.1206
Episode 111  Reward:   0.245754  Wealth:    146055.22  Turnover: 0.4366  Gross: 1.3979  Gate: 0.7958
Episode 112  Reward:   0.208862  Wealth:    138261.63  Turnover: 0.2861  Gross: 1.4023  Gate: 0.8045
Episode 113  Reward:   0.100987  Wealth:    120512.48  Turnover: 0.3016  Gross: 1.3804  Gate: 0.7608
Episode 114  Reward:   0.119932  Wealth:    123378.67  Turnover: 0.1442  Gross: 1.3957  Gate: 0.7913
Episode 115  Reward:   0.242542  Wealth:    146640.96  Turnover: 0.4262  Gross: 1.3934  Gate: 0.7868
Episode 116  Reward:   0.068916  Wealth:    116276.82  Turnover: 0.5108  Gross: 1.3878  Gate: 0.7757
Episode 117  Reward:   0.131097  Wealth:    126614.85  Turnover: 0.4232  Gross: 1.3595  Gate: 0.7189
Episode 118  Reward:   0.205428  Wealth:    137937.59  Turnover: 0.5089  Gross: 1.4068  Gate: 0.8135
Episode 119  Reward:   0.239898  Wealth:    145593.91  Turnover: 0.5779  Gross: 1.3933  Gate: 0.7866
Episode 120  Reward:   0.300156  Wealth:    157608.64  Turnover: 0.3718  Gross: 1.4042  Gate: 0.8084
Episode    120  AvgReward:   0.186357  Noise: 0.1182
Episode 121  Reward:   0.089184  Wealth:    119171.73  Turnover: 0.4022  Gross: 1.3633  Gate: 0.7266
Episode 122  Reward:   0.193885  Wealth:    137930.28  Turnover: 0.6084  Gross: 1.3919  Gate: 0.7839
Episode 123  Reward:   0.098838  Wealth:    119729.61  Turnover: 0.4529  Gross: 1.4023  Gate: 0.8046
Episode 124  Reward:   0.326811  Wealth:    165601.77  Turnover: 0.3616  Gross: 1.3996  Gate: 0.7992
Episode 125  Reward:   0.005632  Wealth:    108313.42  Turnover: 0.3481  Gross: 1.3859  Gate: 0.7718
Episode 126  Reward:  -0.013841  Wealth:    107538.05  Turnover: 0.3736  Gross: 1.3899  Gate: 0.7798
Episode 127  Reward:   0.038029  Wealth:    114089.69  Turnover: 0.5509  Gross: 1.3852  Gate: 0.7704
Episode 128  Reward:   0.226946  Wealth:    142764.41  Turnover: 0.2332  Gross: 1.3993  Gate: 0.7986
Episode 129  Reward:   0.177376  Wealth:    132353.04  Turnover: 0.3543  Gross: 1.4156  Gate: 0.8313
Episode 130  Reward:  -0.000501  Wealth:    109420.70  Turnover: 0.4747  Gross: 1.3834  Gate: 0.7669
Episode    130  AvgReward:   0.114236  Noise: 0.1159
Episode 131  Reward:   0.121913  Wealth:    128681.77  Turnover: 0.5218  Gross: 1.3691  Gate: 0.7383
Episode 132  Reward:   0.142446  Wealth:    128358.32  Turnover: 0.5117  Gross: 1.3897  Gate: 0.7795
Episode 133  Reward:   0.000223  Wealth:    109661.30  Turnover: 0.5211  Gross: 1.3923  Gate: 0.7846
Episode 134  Reward:  -0.182813  Wealth:     90854.34  Turnover: 0.5322  Gross: 1.3843  Gate: 0.7686
Episode 135  Reward:   0.208045  Wealth:    139830.80  Turnover: 0.3055  Gross: 1.3987  Gate: 0.7973
Episode 136  Reward:   0.114213  Wealth:    126471.26  Turnover: 0.3517  Gross: 1.3960  Gate: 0.7919
Episode 137  Reward:   0.184078  Wealth:    134976.88  Turnover: 0.4382  Gross: 1.4070  Gate: 0.8141
Episode 138  Reward:   0.218383  Wealth:    141134.89  Turnover: 0.4446  Gross: 1.4023  Gate: 0.8046
Episode 139  Reward:   0.074259  Wealth:    117149.00  Turnover: 0.1936  Gross: 1.3967  Gate: 0.7935
Episode 140  Reward:   0.178850  Wealth:    133967.93  Turnover: 0.4674  Gross: 1.3953  Gate: 0.7907
Episode    140  AvgReward:   0.105960  Noise: 0.1136
Episode 141  Reward:   0.167623  Wealth:    132620.98  Turnover: 0.3457  Gross: 1.3984  Gate: 0.7968
Episode 142  Reward:   0.003258  Wealth:    112872.56  Turnover: 0.3342  Gross: 1.3471  Gate: 0.6941
Episode 143  Reward:   0.149297  Wealth:    129097.23  Turnover: 0.4811  Gross: 1.3982  Gate: 0.7965
Episode 144  Reward:   0.143249  Wealth:    126849.16  Turnover: 0.1830  Gross: 1.3901  Gate: 0.7802
Episode 145  Reward:   0.146153  Wealth:    132370.35  Turnover: 0.4593  Gross: 1.3712  Gate: 0.7424
Episode 146  Reward:   0.175900  Wealth:    134213.82  Turnover: 0.4743  Gross: 1.3975  Gate: 0.7949
Episode 147  Reward:  -0.064949  Wealth:    102433.02  Turnover: 0.5402  Gross: 1.4014  Gate: 0.8029
Episode 148  Reward:   0.096209  Wealth:    121160.20  Turnover: 0.4659  Gross: 1.3991  Gate: 0.7982
Episode 149  Reward:   0.194040  Wealth:    137791.43  Turnover: 0.3996  Gross: 1.3780  Gate: 0.7560
Episode 150  Reward:  -0.041704  Wealth:    103653.69  Turnover: 0.4192  Gross: 1.3985  Gate: 0.7969
Episode    150  AvgReward:   0.096908  Noise: 0.1113
Episode 151  Reward:   0.072156  Wealth:    117451.33  Turnover: 0.4170  Gross: 1.4011  Gate: 0.8021
Episode 152  Reward:  -0.026653  Wealth:    105293.94  Turnover: 0.4465  Gross: 1.4083  Gate: 0.8165
Episode 153  Reward:   0.190514  Wealth:    138484.26  Turnover: 0.4816  Gross: 1.3905  Gate: 0.7810
Episode 154  Reward:   0.229816  Wealth:    143839.43  Turnover: 0.4127  Gross: 1.4062  Gate: 0.8124
Episode 155  Reward:   0.169175  Wealth:    133881.08  Turnover: 0.6385  Gross: 1.4094  Gate: 0.8189
Episode 156  Reward:  -0.215649  Wealth:     88320.95  Turnover: 0.5253  Gross: 1.4013  Gate: 0.8025
Episode 157  Reward:  -0.025102  Wealth:    105068.45  Turnover: 0.6367  Gross: 1.4094  Gate: 0.8189
Episode 158  Reward:   0.079436  Wealth:    118071.69  Turnover: 0.3735  Gross: 1.4050  Gate: 0.8100
Episode 159  Reward:  -0.086170  Wealth:    101316.30  Turnover: 0.4711  Gross: 1.3861  Gate: 0.7723
Episode 160  Reward:   0.115574  Wealth:    123905.51  Turnover: 0.4515  Gross: 1.4018  Gate: 0.8037
Episode    160  AvgReward:   0.050310  Noise: 0.1091
Episode 161  Reward:   0.393683  Wealth:    190519.59  Turnover: 0.4869  Gross: 1.3928  Gate: 0.7856
Episode 162  Reward:   0.143192  Wealth:    128422.46  Turnover: 0.6564  Gross: 1.4075  Gate: 0.8149
Episode 163  Reward:   0.074480  Wealth:    117108.55  Turnover: 0.4035  Gross: 1.3703  Gate: 0.7405
Episode 164  Reward:   0.097867  Wealth:    120221.72  Turnover: 0.4356  Gross: 1.4036  Gate: 0.8071
Episode 165  Reward:  -0.005394  Wealth:    107619.03  Turnover: 0.5204  Gross: 1.3850  Gate: 0.7700
Episode 166  Reward:   0.185554  Wealth:    136823.13  Turnover: 0.5516  Gross: 1.3912  Gate: 0.7823
Episode 167  Reward:   0.142221  Wealth:    131481.75  Turnover: 0.5466  Gross: 1.3839  Gate: 0.7679
Episode 168  Reward:   0.075628  Wealth:    117017.36  Turnover: 0.4792  Gross: 1.4043  Gate: 0.8086
Episode 169  Reward:   0.107958  Wealth:    122900.85  Turnover: 0.4299  Gross: 1.3925  Gate: 0.7850
Episode 170  Reward:  -0.011635  Wealth:    107140.13  Turnover: 0.4032  Gross: 1.3942  Gate: 0.7883
Episode    170  AvgReward:   0.120355  Noise: 0.1069
Episode 171  Reward:   0.111935  Wealth:    128576.14  Turnover: 0.3689  Gross: 1.3622  Gate: 0.7244
Episode 172  Reward:   0.059181  Wealth:    115144.31  Turnover: 0.4482  Gross: 1.3782  Gate: 0.7564
Episode 173  Reward:   0.205553  Wealth:    144663.81  Turnover: 0.5210  Gross: 1.3858  Gate: 0.7716
Episode 174  Reward:   0.260593  Wealth:    148770.38  Turnover: 0.2782  Gross: 1.3884  Gate: 0.7767
Episode 175  Reward:  -0.130227  Wealth:     94933.03  Turnover: 0.4411  Gross: 1.3507  Gate: 0.7015
Episode 176  Reward:   0.039245  Wealth:    114789.87  Turnover: 0.4869  Gross: 1.3884  Gate: 0.7767
Episode 177  Reward:   0.007566  Wealth:    109887.48  Turnover: 0.5447  Gross: 1.4076  Gate: 0.8152
Episode 178  Reward:   0.213153  Wealth:    145052.53  Turnover: 0.3993  Gross: 1.3853  Gate: 0.7705
Episode 179  Reward:   0.087484  Wealth:    121603.98  Turnover: 0.6487  Gross: 1.4070  Gate: 0.8139
Episode 180  Reward:   0.275449  Wealth:    153705.80  Turnover: 0.4254  Gross: 1.3957  Gate: 0.7913
Episode    180  AvgReward:   0.112993  Noise: 0.1048
Episode 181  Reward:   0.245305  Wealth:    150389.20  Turnover: 0.4614  Gross: 1.3789  Gate: 0.7578
Episode 182  Reward:   0.149709  Wealth:    130005.35  Turnover: 0.5288  Gross: 1.4015  Gate: 0.8030
Episode 183  Reward:  -0.207631  Wealth:     90505.91  Turnover: 0.4630  Gross: 1.3783  Gate: 0.7567
Episode 184  Reward:  -0.038061  Wealth:    105549.96  Turnover: 0.5602  Gross: 1.3940  Gate: 0.7880
Episode 185  Reward:   0.229434  Wealth:    143563.46  Turnover: 0.7225  Gross: 1.3929  Gate: 0.7857
Episode 186  Reward:   0.092496  Wealth:    121996.47  Turnover: 0.6519  Gross: 1.4039  Gate: 0.8077
Episode 187  Reward:   0.092485  Wealth:    119381.27  Turnover: 0.4570  Gross: 1.4043  Gate: 0.8086
Episode 188  Reward:   0.092796  Wealth:    120691.04  Turnover: 0.6703  Gross: 1.3952  Gate: 0.7903
Episode 189  Reward:   0.215418  Wealth:    140207.86  Turnover: 0.4089  Gross: 1.3966  Gate: 0.7933
Episode 190  Reward:   0.184341  Wealth:    136157.82  Turnover: 0.5393  Gross: 1.4037  Gate: 0.8074
Episode    190  AvgReward:   0.105629  Noise: 0.1027
Episode 191  Reward:   0.065496  Wealth:    115883.35  Turnover: 0.5512  Gross: 1.4094  Gate: 0.8187
Episode 192  Reward:   0.220688  Wealth:    140764.76  Turnover: 0.4373  Gross: 1.3966  Gate: 0.7932
Episode 193  Reward:   0.256737  Wealth:    149942.66  Turnover: 0.6611  Gross: 1.3984  Gate: 0.7968
Episode 194  Reward:   0.151205  Wealth:    128901.53  Turnover: 0.5772  Gross: 1.3942  Gate: 0.7884
Episode 195  Reward:  -0.058350  Wealth:    103881.31  Turnover: 0.6348  Gross: 1.4018  Gate: 0.8035
Episode 196  Reward:   0.195607  Wealth:    138895.15  Turnover: 0.6555  Gross: 1.3990  Gate: 0.7980
Episode 197  Reward:   0.100960  Wealth:    121114.07  Turnover: 0.4682  Gross: 1.4005  Gate: 0.8010
Episode 198  Reward:   0.283631  Wealth:    158388.65  Turnover: 0.7491  Gross: 1.3991  Gate: 0.7983
Episode 199  Reward:   0.125355  Wealth:    125192.86  Turnover: 0.5691  Gross: 1.3995  Gate: 0.7990
Episode 200  Reward:   0.220675  Wealth:    141352.33  Turnover: 0.3268  Gross: 1.4071  Gate: 0.8142
Episode    200  AvgReward:   0.156200  Noise: 0.1007
Episode 201  Reward:   0.180087  Wealth:    135066.51  Turnover: 0.3899  Gross: 1.3740  Gate: 0.7480
Episode 202  Reward:   0.315817  Wealth:    168519.43  Turnover: 0.7883  Gross: 1.4087  Gate: 0.8174
Episode 203  Reward:  -0.181795  Wealth:     92284.44  Turnover: 0.4814  Gross: 1.4044  Gate: 0.8088
Episode 204  Reward:  -0.235169  Wealth:     87434.12  Turnover: 0.6586  Gross: 1.3898  Gate: 0.7796
Episode 205  Reward:  -0.063916  Wealth:    104520.45  Turnover: 0.5392  Gross: 1.4029  Gate: 0.8058
Episode 206  Reward:   0.066377  Wealth:    117199.82  Turnover: 0.4330  Gross: 1.3693  Gate: 0.7386
Episode 207  Reward:   0.184700  Wealth:    136135.01  Turnover: 0.5665  Gross: 1.4101  Gate: 0.8202
Episode 208  Reward:  -0.129330  Wealth:     97683.60  Turnover: 0.5541  Gross: 1.3912  Gate: 0.7824
Episode 209  Reward:   0.151354  Wealth:    130233.55  Turnover: 0.6414  Gross: 1.4013  Gate: 0.8027
Episode 210  Reward:   0.135775  Wealth:    130738.08  Turnover: 0.4900  Gross: 1.3834  Gate: 0.7667
Episode    210  AvgReward:   0.042390  Noise: 0.0987
Episode 211  Reward:   0.141990  Wealth:    128078.80  Turnover: 0.5857  Gross: 1.4000  Gate: 0.8001
Episode 212  Reward:   0.144658  Wealth:    128039.90  Turnover: 0.4602  Gross: 1.4073  Gate: 0.8146
Episode 213  Reward:   0.100305  Wealth:    121265.35  Turnover: 0.4771  Gross: 1.4013  Gate: 0.8025
Episode 214  Reward:   0.100673  Wealth:    120282.31  Turnover: 0.3720  Gross: 1.3849  Gate: 0.7699
Episode 215  Reward:   0.142887  Wealth:    131595.86  Turnover: 0.5691  Gross: 1.3936  Gate: 0.7873
Episode 216  Reward:   0.329564  Wealth:    167571.96  Turnover: 0.3599  Gross: 1.3989  Gate: 0.7978
Episode 217  Reward:   0.211177  Wealth:    140851.85  Turnover: 0.6947  Gross: 1.4062  Gate: 0.8124
Episode 218  Reward:   0.120608  Wealth:    124294.02  Turnover: 0.5179  Gross: 1.4132  Gate: 0.8264
Episode 219  Reward:   0.164822  Wealth:    134415.22  Turnover: 0.5476  Gross: 1.4016  Gate: 0.8033
Episode 220  Reward:   0.130837  Wealth:    126729.26  Turnover: 0.4755  Gross: 1.3935  Gate: 0.7869
Episode    220  AvgReward:   0.158752  Noise: 0.0968
Episode 221  Reward:   0.082614  Wealth:    118051.75  Turnover: 0.2989  Gross: 1.4078  Gate: 0.8155
Episode 222  Reward:   0.125489  Wealth:    127988.26  Turnover: 0.6673  Gross: 1.3965  Gate: 0.7931
Episode 223  Reward:   0.203026  Wealth:    137210.32  Turnover: 0.2643  Gross: 1.3910  Gate: 0.7820
Episode 224  Reward:   0.023527  Wealth:    110717.43  Turnover: 0.4804  Gross: 1.3817  Gate: 0.7634
Episode 225  Reward:   0.222081  Wealth:    143136.05  Turnover: 0.6664  Gross: 1.3931  Gate: 0.7862
Episode 226  Reward:   0.201627  Wealth:    140410.57  Turnover: 0.7140  Gross: 1.4066  Gate: 0.8131
Episode 227  Reward:   0.138850  Wealth:    130886.12  Turnover: 0.5893  Gross: 1.4060  Gate: 0.8119
Episode 228  Reward:  -0.019323  Wealth:    107611.96  Turnover: 0.5105  Gross: 1.3961  Gate: 0.7922
Episode 229  Reward:  -0.169645  Wealth:     93681.95  Turnover: 0.4125  Gross: 1.3911  Gate: 0.7821
Episode 230  Reward:   0.168430  Wealth:    132076.80  Turnover: 0.4919  Gross: 1.3978  Gate: 0.7956
Episode    230  AvgReward:   0.097668  Noise: 0.0948
Episode 231  Reward:   0.022555  Wealth:    110935.21  Turnover: 0.3351  Gross: 1.3969  Gate: 0.7938
Episode 232  Reward:   0.195422  Wealth:    137034.07  Turnover: 0.4161  Gross: 1.4034  Gate: 0.8069
Episode 233  Reward:   0.005981  Wealth:    110031.38  Turnover: 0.4690  Gross: 1.4000  Gate: 0.7999
Episode 234  Reward:   0.153093  Wealth:    128686.95  Turnover: 0.3038  Gross: 1.3972  Gate: 0.7943
Episode 235  Reward:   0.268352  Wealth:    153900.00  Turnover: 0.6522  Gross: 1.4091  Gate: 0.8181
Episode 236  Reward:  -0.063385  Wealth:    102155.87  Turnover: 0.4898  Gross: 1.4048  Gate: 0.8097
Episode 237  Reward:  -0.354752  Wealth:     79005.26  Turnover: 0.5624  Gross: 1.4029  Gate: 0.8057
Episode 238  Reward:   0.049892  Wealth:    115614.62  Turnover: 0.3204  Gross: 1.4028  Gate: 0.8056
Episode 239  Reward:   0.094021  Wealth:    120335.85  Turnover: 0.2632  Gross: 1.4044  Gate: 0.8089
Episode 240  Reward:   0.087254  Wealth:    120193.19  Turnover: 0.5034  Gross: 1.4023  Gate: 0.8046
Episode    240  AvgReward:   0.045843  Noise: 0.0930
Episode 241  Reward:   0.176779  Wealth:    137580.93  Turnover: 0.7400  Gross: 1.4000  Gate: 0.8001
Episode 242  Reward:   0.183794  Wealth:    134029.84  Turnover: 0.4448  Gross: 1.3942  Gate: 0.7884
Episode 243  Reward:   0.255396  Wealth:    149229.60  Turnover: 0.5046  Gross: 1.4073  Gate: 0.8147
Episode 244  Reward:   0.078545  Wealth:    120199.24  Turnover: 0.7912  Gross: 1.4030  Gate: 0.8060
Episode 245  Reward:   0.142845  Wealth:    126545.04  Turnover: 0.2750  Gross: 1.3914  Gate: 0.7828
Episode 246  Reward:   0.137220  Wealth:    125661.03  Turnover: 0.2865  Gross: 1.4079  Gate: 0.8158
Episode 247  Reward:  -0.020207  Wealth:    108324.77  Turnover: 0.5648  Gross: 1.3807  Gate: 0.7615
Episode 248  Reward:   0.204462  Wealth:    138556.60  Turnover: 0.3364  Gross: 1.4010  Gate: 0.8021
Episode 249  Reward:   0.075029  Wealth:    117671.46  Turnover: 0.5708  Gross: 1.3975  Gate: 0.7950
Episode 250  Reward:  -0.096797  Wealth:     98392.29  Turnover: 0.6324  Gross: 1.3962  Gate: 0.7923
Episode    250  AvgReward:   0.113707  Noise: 0.0911
Episode 251  Reward:   0.197611  Wealth:    136621.20  Turnover: 0.3083  Gross: 1.4016  Gate: 0.8031
Episode 252  Reward:   0.041477  Wealth:    114886.31  Turnover: 0.4624  Gross: 1.3991  Gate: 0.7981
Episode 253  Reward:   0.235573  Wealth:    144115.77  Turnover: 0.3010  Gross: 1.4080  Gate: 0.8159
Episode 254  Reward:  -0.037269  Wealth:    104389.37  Turnover: 0.5280  Gross: 1.3940  Gate: 0.7880
Episode 255  Reward:  -0.202268  Wealth:     88366.10  Turnover: 0.3794  Gross: 1.3970  Gate: 0.7939
Episode 256  Reward:  -0.004963  Wealth:    106834.31  Turnover: 0.4824  Gross: 1.4003  Gate: 0.8006
Episode 257  Reward:   0.111523  Wealth:    122056.68  Turnover: 0.3976  Gross: 1.3857  Gate: 0.7715
Episode 258  Reward:   0.107392  Wealth:    121594.49  Turnover: 0.2358  Gross: 1.4096  Gate: 0.8193
Episode 259  Reward:   0.196625  Wealth:    136672.74  Turnover: 0.4591  Gross: 1.4035  Gate: 0.8069
Episode 260  Reward:   0.058500  Wealth:    115964.38  Turnover: 0.5183  Gross: 1.3975  Gate: 0.7950
Episode    260  AvgReward:   0.070420  Noise: 0.0893
Episode 261  Reward:   0.159903  Wealth:    134359.48  Turnover: 0.5478  Gross: 1.3943  Gate: 0.7885
Episode 262  Reward:  -0.064296  Wealth:    100075.39  Turnover: 0.2945  Gross: 1.4000  Gate: 0.8001
Episode 263  Reward:   0.059956  Wealth:    115034.29  Turnover: 0.3138  Gross: 1.4067  Gate: 0.8133
Episode 264  Reward:  -0.214211  Wealth:     88672.11  Turnover: 0.3870  Gross: 1.3957  Gate: 0.7914
Episode 265  Reward:  -0.060685  Wealth:    103027.30  Turnover: 0.4970  Gross: 1.3863  Gate: 0.7726
Episode 266  Reward:   0.089012  Wealth:    118293.90  Turnover: 0.2476  Gross: 1.4040  Gate: 0.8080
Episode 267  Reward:  -0.051715  Wealth:    101968.56  Turnover: 0.3706  Gross: 1.4048  Gate: 0.8096
Episode 268  Reward:   0.126450  Wealth:    125768.76  Turnover: 0.6078  Gross: 1.4074  Gate: 0.8147
Episode 269  Reward:   0.116124  Wealth:    122773.09  Turnover: 0.2226  Gross: 1.4094  Gate: 0.8188
Episode 270  Reward:   0.030067  Wealth:    111216.89  Turnover: 0.2634  Gross: 1.3991  Gate: 0.7982
Episode    270  AvgReward:   0.019060  Noise: 0.0875
Episode 271  Reward:   0.116695  Wealth:    122508.78  Turnover: 0.3225  Gross: 1.3991  Gate: 0.7981
Episode 272  Reward:   0.080973  Wealth:    117676.64  Turnover: 0.4113  Gross: 1.4109  Gate: 0.8218
Episode 273  Reward:   0.223938  Wealth:    143373.14  Turnover: 0.3758  Gross: 1.4033  Gate: 0.8066
Episode 274  Reward:   0.165135  Wealth:    130742.04  Turnover: 0.6114  Gross: 1.4084  Gate: 0.8168
Episode 275  Reward:  -0.113387  Wealth:     97820.48  Turnover: 0.4686  Gross: 1.4003  Gate: 0.8006
Episode 276  Reward:   0.102299  Wealth:    124249.59  Turnover: 0.5174  Gross: 1.3954  Gate: 0.7908
Episode 277  Reward:   0.220490  Wealth:    143187.65  Turnover: 0.6114  Gross: 1.4008  Gate: 0.8016
Episode 278  Reward:   0.295614  Wealth:    158354.51  Turnover: 0.4797  Gross: 1.3855  Gate: 0.7710
Episode 279  Reward:   0.021714  Wealth:    111316.93  Turnover: 0.4426  Gross: 1.3788  Gate: 0.7576
Episode 280  Reward:   0.032677  Wealth:    113638.52  Turnover: 0.6572  Gross: 1.4034  Gate: 0.8068
Episode    280  AvgReward:   0.114615  Noise: 0.0858
Episode 281  Reward:   0.167421  Wealth:    133272.72  Turnover: 0.5969  Gross: 1.3990  Gate: 0.7979
Episode 282  Reward:   0.135845  Wealth:    125421.62  Turnover: 0.3249  Gross: 1.3941  Gate: 0.7882
Episode 283  Reward:   0.239157  Wealth:    145131.91  Turnover: 0.4536  Gross: 1.3750  Gate: 0.7500
Episode 284  Reward:  -0.141836  Wealth:     95253.40  Turnover: 0.5342  Gross: 1.3942  Gate: 0.7883
Episode 285  Reward:   0.160763  Wealth:    132692.47  Turnover: 0.8922  Gross: 1.3808  Gate: 0.7616
Episode 286  Reward:   0.277643  Wealth:    153798.55  Turnover: 0.1877  Gross: 1.4064  Gate: 0.8128
Episode 287  Reward:   0.098767  Wealth:    122028.34  Turnover: 0.5367  Gross: 1.4087  Gate: 0.8174
Episode 288  Reward:   0.211845  Wealth:    139729.67  Turnover: 0.5116  Gross: 1.3973  Gate: 0.7946
Episode 289  Reward:   0.197888  Wealth:    136533.28  Turnover: 0.2708  Gross: 1.3981  Gate: 0.7961
Episode 290  Reward:   0.037362  Wealth:    115452.72  Turnover: 0.7437  Gross: 1.4032  Gate: 0.8064
Episode    290  AvgReward:   0.138485  Noise: 0.0841
Episode 291  Reward:   0.032547  Wealth:    112119.02  Turnover: 0.3940  Gross: 1.4086  Gate: 0.8173
Episode 292  Reward:   0.088175  Wealth:    119284.86  Turnover: 0.4388  Gross: 1.4035  Gate: 0.8071
Episode 293  Reward:   0.063046  Wealth:    116865.15  Turnover: 0.6482  Gross: 1.3931  Gate: 0.7862
Episode 294  Reward:   0.296763  Wealth:    161536.63  Turnover: 0.3851  Gross: 1.3939  Gate: 0.7878
Episode 295  Reward:   0.277318  Wealth:    152306.12  Turnover: 0.2332  Gross: 1.3796  Gate: 0.7591
Episode 296  Reward:   0.144286  Wealth:    128141.69  Turnover: 0.3528  Gross: 1.3826  Gate: 0.7652
Episode 297  Reward:   0.030604  Wealth:    114361.22  Turnover: 0.4987  Gross: 1.4026  Gate: 0.8051
Episode 298  Reward:   0.261450  Wealth:    149945.60  Turnover: 0.2998  Gross: 1.4063  Gate: 0.8126
Episode 299  Reward:   0.054474  Wealth:    114510.44  Turnover: 0.4206  Gross: 1.4010  Gate: 0.8019
Episode 300  Reward:   0.136647  Wealth:    126963.22  Turnover: 0.4275  Gross: 1.3938  Gate: 0.7877
Episode    300  AvgReward:   0.138531  Noise: 0.0824
Episode 301  Reward:  -0.071992  Wealth:    102875.62  Turnover: 0.6641  Gross: 1.3920  Gate: 0.7841
Episode 302  Reward:   0.263579  Wealth:    154588.39  Turnover: 0.6240  Gross: 1.3934  Gate: 0.7868
Episode 303  Reward:   0.230501  Wealth:    145334.62  Turnover: 0.4612  Gross: 1.3978  Gate: 0.7956
Episode 304  Reward:   0.073064  Wealth:    119915.25  Turnover: 0.7313  Gross: 1.4050  Gate: 0.8101
Episode 305  Reward:   0.077416  Wealth:    118438.15  Turnover: 0.5445  Gross: 1.4065  Gate: 0.8130
Episode 306  Reward:   0.062014  Wealth:    115276.23  Turnover: 0.2846  Gross: 1.4006  Gate: 0.8012
Episode 307  Reward:   0.011681  Wealth:    109016.91  Turnover: 0.4182  Gross: 1.3816  Gate: 0.7632
Episode 308  Reward:   0.097925  Wealth:    120259.06  Turnover: 0.3683  Gross: 1.4057  Gate: 0.8113
Episode 309  Reward:   0.295042  Wealth:    158114.22  Turnover: 0.4847  Gross: 1.3946  Gate: 0.7892
Episode 310  Reward:  -0.117329  Wealth:     98066.24  Turnover: 0.6630  Gross: 1.3934  Gate: 0.7868
Episode    310  AvgReward:   0.092190  Noise: 0.0808
Episode 311  Reward:   0.193672  Wealth:    135616.00  Turnover: 0.5180  Gross: 1.4058  Gate: 0.8117
Episode 312  Reward:  -0.046108  Wealth:    103519.00  Turnover: 0.7127  Gross: 1.4071  Gate: 0.8143
Episode 313  Reward:   0.098557  Wealth:    119914.00  Turnover: 0.3727  Gross: 1.4045  Gate: 0.8091
Episode 314  Reward:   0.012017  Wealth:    108946.20  Turnover: 0.2437  Gross: 1.4019  Gate: 0.8038
Episode 315  Reward:   0.144957  Wealth:    127726.39  Turnover: 0.3801  Gross: 1.3977  Gate: 0.7955
Episode 316  Reward:   0.060955  Wealth:    115359.73  Turnover: 0.3057  Gross: 1.4087  Gate: 0.8175
Episode 317  Reward:   0.230989  Wealth:    145408.64  Turnover: 0.6167  Gross: 1.4003  Gate: 0.8007
Episode 318  Reward:   0.215938  Wealth:    141593.67  Turnover: 0.5835  Gross: 1.4005  Gate: 0.8010
Episode 319  Reward:   0.138105  Wealth:    129240.72  Turnover: 0.7119  Gross: 1.3874  Gate: 0.7748
Episode 320  Reward:  -0.168469  Wealth:     92245.20  Turnover: 0.4872  Gross: 1.3951  Gate: 0.7902
Episode    320  AvgReward:   0.088061  Noise: 0.0792
Episode 321  Reward:   0.212919  Wealth:    139530.63  Turnover: 0.3156  Gross: 1.3943  Gate: 0.7886
Episode 322  Reward:   0.037377  Wealth:    111792.68  Turnover: 0.3646  Gross: 1.4031  Gate: 0.8062
Episode 323  Reward:   0.025858  Wealth:    110954.16  Turnover: 0.2209  Gross: 1.4008  Gate: 0.8016
Episode 324  Reward:   0.089969  Wealth:    121362.19  Turnover: 0.5935  Gross: 1.3982  Gate: 0.7964
Episode 325  Reward:   0.267878  Wealth:    152767.49  Turnover: 0.4556  Gross: 1.3972  Gate: 0.7944
Episode 326  Reward:   0.055920  Wealth:    115420.02  Turnover: 0.4531  Gross: 1.4044  Gate: 0.8089
Episode 327  Reward:   0.150144  Wealth:    128993.12  Turnover: 0.4709  Gross: 1.3997  Gate: 0.7994
Episode 328  Reward:   0.134720  Wealth:    125761.06  Turnover: 0.3710  Gross: 1.4051  Gate: 0.8103
Episode 329  Reward:   0.091466  Wealth:    121279.86  Turnover: 0.7679  Gross: 1.3977  Gate: 0.7954
Episode 330  Reward:   0.248225  Wealth:    147296.03  Turnover: 0.4414  Gross: 1.4040  Gate: 0.8080
Episode    330  AvgReward:   0.131447  Noise: 0.0776
Episode 331  Reward:   0.045544  Wealth:    115370.40  Turnover: 0.5067  Gross: 1.3572  Gate: 0.7143
Episode 332  Reward:   0.031041  Wealth:    115083.57  Turnover: 0.5706  Gross: 1.3806  Gate: 0.7612
Episode 333  Reward:   0.215809  Wealth:    139576.30  Turnover: 0.2928  Gross: 1.3969  Gate: 0.7937
Episode 334  Reward:   0.135484  Wealth:    126509.60  Turnover: 0.4562  Gross: 1.3998  Gate: 0.7997
Episode 335  Reward:   0.007421  Wealth:    108552.13  Turnover: 0.4367  Gross: 1.4032  Gate: 0.8064
Episode 336  Reward:   0.178640  Wealth:    133518.27  Turnover: 0.3642  Gross: 1.3985  Gate: 0.7970
Episode 337  Reward:   0.036741  Wealth:    112576.43  Turnover: 0.4430  Gross: 1.4036  Gate: 0.8072
Episode 338  Reward:   0.217186  Wealth:    141375.76  Turnover: 0.2978  Gross: 1.3930  Gate: 0.7859
Episode 339  Reward:   0.333008  Wealth:    166592.76  Turnover: 0.1882  Gross: 1.4084  Gate: 0.8167
Episode 340  Reward:  -0.093674  Wealth:     97951.17  Turnover: 0.4241  Gross: 1.4014  Gate: 0.8027
Episode    340  AvgReward:   0.110720  Noise: 0.0761
Episode 341  Reward:   0.216161  Wealth:    143860.95  Turnover: 0.6227  Gross: 1.3809  Gate: 0.7619
Episode 342  Reward:   0.192754  Wealth:    135263.46  Turnover: 0.2717  Gross: 1.4112  Gate: 0.8224
Episode 343  Reward:  -0.058719  Wealth:    101112.11  Turnover: 0.3356  Gross: 1.4016  Gate: 0.8032
Episode 344  Reward:  -0.156747  Wealth:     93768.56  Turnover: 0.4328  Gross: 1.3932  Gate: 0.7864
Episode 345  Reward:   0.088014  Wealth:    118662.20  Turnover: 0.3274  Gross: 1.4068  Gate: 0.8137
Episode 346  Reward:  -0.028336  Wealth:    106803.30  Turnover: 0.7490  Gross: 1.3952  Gate: 0.7905
Episode 347  Reward:   0.102881  Wealth:    123337.72  Turnover: 0.5291  Gross: 1.4007  Gate: 0.8013
Episode 348  Reward:   0.078711  Wealth:    119415.02  Turnover: 0.5024  Gross: 1.3893  Gate: 0.7787
Episode 349  Reward:   0.346846  Wealth:    173705.19  Turnover: 0.6489  Gross: 1.3565  Gate: 0.7130
Episode 350  Reward:   0.113174  Wealth:    121914.20  Turnover: 0.2465  Gross: 1.3991  Gate: 0.7982
Episode    350  AvgReward:   0.089474  Noise: 0.0746
Episode 351  Reward:   0.084513  Wealth:    117731.77  Turnover: 0.2969  Gross: 1.3936  Gate: 0.7873
Episode 352  Reward:  -0.100470  Wealth:     97313.23  Turnover: 0.2939  Gross: 1.4066  Gate: 0.8133
Episode 353  Reward:   0.295577  Wealth:    158738.28  Turnover: 0.4768  Gross: 1.4023  Gate: 0.8047
Episode 354  Reward:  -0.287654  Wealth:     83713.51  Turnover: 0.6479  Gross: 1.3819  Gate: 0.7639
Episode 355  Reward:   0.202081  Wealth:    138876.09  Turnover: 0.5009  Gross: 1.3961  Gate: 0.7923
Episode 356  Reward:   0.373323  Wealth:    187366.40  Turnover: 0.4035  Gross: 1.3822  Gate: 0.7645
Episode 357  Reward:  -0.249196  Wealth:     86857.48  Turnover: 0.7755  Gross: 1.3950  Gate: 0.7900
Episode 358  Reward:  -0.030452  Wealth:    105367.91  Turnover: 0.4813  Gross: 1.4024  Gate: 0.8048
Episode 359  Reward:   0.016298  Wealth:    110980.36  Turnover: 0.4551  Gross: 1.3921  Gate: 0.7842
Episode 360  Reward:   0.159553  Wealth:    133309.02  Turnover: 0.5957  Gross: 1.4035  Gate: 0.8070
Episode    360  AvgReward:   0.046357  Noise: 0.0731
Episode 361  Reward:   0.275573  Wealth:    155968.70  Turnover: 0.5516  Gross: 1.3831  Gate: 0.7661
Episode 362  Reward:   0.044908  Wealth:    117640.68  Turnover: 0.6112  Gross: 1.3741  Gate: 0.7482
Episode 363  Reward:   0.202319  Wealth:    138351.05  Turnover: 0.4673  Gross: 1.3904  Gate: 0.7809
Episode 364  Reward:   0.089456  Wealth:    120385.74  Turnover: 0.4299  Gross: 1.3985  Gate: 0.7970
Episode 365  Reward:  -0.015187  Wealth:    111345.14  Turnover: 0.5121  Gross: 1.3771  Gate: 0.7542
Episode 366  Reward:  -0.067476  Wealth:    104343.30  Turnover: 0.4973  Gross: 1.3953  Gate: 0.7906
Episode 367  Reward:  -0.158953  Wealth:     94474.06  Turnover: 0.5234  Gross: 1.3692  Gate: 0.7383
Episode 368  Reward:  -0.048650  Wealth:    104671.93  Turnover: 0.7228  Gross: 1.3810  Gate: 0.7621
Episode 369  Reward:   0.339131  Wealth:    178665.98  Turnover: 0.5346  Gross: 1.3908  Gate: 0.7817
Episode 370  Reward:   0.213557  Wealth:    140404.58  Turnover: 0.3756  Gross: 1.3920  Gate: 0.7839
Episode    370  AvgReward:   0.087468  Noise: 0.0717
Episode 371  Reward:   0.287777  Wealth:    159332.32  Turnover: 0.5762  Gross: 1.3836  Gate: 0.7671
Episode 372  Reward:   0.197669  Wealth:    145980.19  Turnover: 0.5248  Gross: 1.3892  Gate: 0.7784
Episode 373  Reward:  -0.123104  Wealth:     96659.52  Turnover: 0.5374  Gross: 1.3843  Gate: 0.7686
Episode 374  Reward:   0.063153  Wealth:    115107.33  Turnover: 0.3461  Gross: 1.3993  Gate: 0.7985
Episode 375  Reward:   0.298466  Wealth:    159773.45  Turnover: 0.3424  Gross: 1.3952  Gate: 0.7904
Episode 376  Reward:  -0.103894  Wealth:     97027.67  Turnover: 0.3366  Gross: 1.4127  Gate: 0.8255
Episode 377  Reward:  -0.043442  Wealth:    102472.72  Turnover: 0.2839  Gross: 1.4109  Gate: 0.8218
Episode 378  Reward:   0.184048  Wealth:    134148.63  Turnover: 0.3692  Gross: 1.4006  Gate: 0.8012
Episode 379  Reward:   0.246871  Wealth:    147144.68  Turnover: 0.4604  Gross: 1.3992  Gate: 0.7985
Episode 380  Reward:   0.090304  Wealth:    122738.73  Turnover: 0.6703  Gross: 1.4064  Gate: 0.8127
Episode    380  AvgReward:   0.109785  Noise: 0.0702
Episode 381  Reward:   0.022669  Wealth:    112212.68  Turnover: 0.6523  Gross: 1.3980  Gate: 0.7961
Episode 382  Reward:   0.179952  Wealth:    133343.16  Turnover: 0.4581  Gross: 1.3861  Gate: 0.7722
Episode 383  Reward:   0.003504  Wealth:    111932.68  Turnover: 1.0202  Gross: 1.4055  Gate: 0.8110
Episode 384  Reward:  -0.006102  Wealth:    107274.90  Turnover: 0.3060  Gross: 1.3779  Gate: 0.7558
Episode 385  Reward:   0.129143  Wealth:    127030.10  Turnover: 0.3825  Gross: 1.4054  Gate: 0.8107
Episode 386  Reward:   0.091827  Wealth:    119140.57  Turnover: 0.3294  Gross: 1.4046  Gate: 0.8093
Episode 387  Reward:   0.116468  Wealth:    125615.80  Turnover: 0.7307  Gross: 1.4036  Gate: 0.8071
Episode 388  Reward:   0.090791  Wealth:    123055.69  Turnover: 0.6491  Gross: 1.3785  Gate: 0.7571
Episode 389  Reward:  -0.024580  Wealth:    105812.92  Turnover: 0.3849  Gross: 1.3698  Gate: 0.7396
Episode 390  Reward:   0.364308  Wealth:    177191.98  Turnover: 0.5052  Gross: 1.3898  Gate: 0.7795
Episode    390  AvgReward:   0.096798  Noise: 0.0688
Episode 391  Reward:  -0.011609  Wealth:    106511.68  Turnover: 0.2781  Gross: 1.4038  Gate: 0.8076
Episode 392  Reward:   0.219635  Wealth:    141051.70  Turnover: 0.4454  Gross: 1.4137  Gate: 0.8274
Episode 393  Reward:   0.298413  Wealth:    157847.39  Turnover: 0.3276  Gross: 1.4082  Gate: 0.8163
Episode 394  Reward:  -0.577225  Wealth:     67806.57  Turnover: 0.6903  Gross: 1.3968  Gate: 0.7936
Episode 395  Reward:   0.255366  Wealth:    149290.74  Turnover: 0.3819  Gross: 1.3994  Gate: 0.7987
Episode 396  Reward:   0.048800  Wealth:    115024.37  Turnover: 0.4812  Gross: 1.4075  Gate: 0.8149
Episode 397  Reward:   0.234991  Wealth:    148777.39  Turnover: 0.6191  Gross: 1.3988  Gate: 0.7977
Episode 398  Reward:   0.202700  Wealth:    139839.51  Turnover: 0.5639  Gross: 1.3976  Gate: 0.7952
Episode 399  Reward:   0.092554  Wealth:    119498.43  Turnover: 0.4175  Gross: 1.4051  Gate: 0.8102
Episode 400  Reward:   0.160095  Wealth:    130894.95  Turnover: 0.6839  Gross: 1.3864  Gate: 0.7729
Episode    400  AvgReward:   0.092372  Noise: 0.0675
Episode 401  Reward:   0.103077  Wealth:    120902.69  Turnover: 0.3415  Gross: 1.3973  Gate: 0.7947
Episode 402  Reward:   0.043081  Wealth:    114103.66  Turnover: 0.6357  Gross: 1.3831  Gate: 0.7661
Episode 403  Reward:   0.200672  Wealth:    136424.00  Turnover: 0.3570  Gross: 1.3827  Gate: 0.7654
Episode 404  Reward:  -0.282814  Wealth:     83967.52  Turnover: 0.4594  Gross: 1.3916  Gate: 0.7832
Episode 405  Reward:  -0.177324  Wealth:     90412.64  Turnover: 0.4042  Gross: 1.3887  Gate: 0.7775
Episode 406  Reward:   0.142993  Wealth:    127212.70  Turnover: 0.3293  Gross: 1.3992  Gate: 0.7984
Episode 407  Reward:   0.004926  Wealth:    112244.89  Turnover: 0.5139  Gross: 1.4014  Gate: 0.8027
Episode 408  Reward:   0.112965  Wealth:    123088.44  Turnover: 0.3405  Gross: 1.4068  Gate: 0.8135
Episode 409  Reward:  -0.055415  Wealth:    103224.91  Turnover: 0.6371  Gross: 1.3991  Gate: 0.7983
Episode 410  Reward:   0.132283  Wealth:    126080.87  Turnover: 0.3168  Gross: 1.3923  Gate: 0.7845
Episode    410  AvgReward:   0.022444  Noise: 0.0661
Episode 411  Reward:   0.206727  Wealth:    139153.11  Turnover: 0.3814  Gross: 1.4027  Gate: 0.8054
Episode 412  Reward:   0.185332  Wealth:    134048.01  Turnover: 0.3721  Gross: 1.4059  Gate: 0.8117
Episode 413  Reward:   0.128363  Wealth:    127536.22  Turnover: 0.5530  Gross: 1.3681  Gate: 0.7361
Episode 414  Reward:   0.266773  Wealth:    151542.64  Turnover: 0.4888  Gross: 1.4053  Gate: 0.8105
Episode 415  Reward:   0.296425  Wealth:    160775.30  Turnover: 0.5877  Gross: 1.4013  Gate: 0.8027
Episode 416  Reward:   0.353227  Wealth:    179747.27  Turnover: 0.5665  Gross: 1.3945  Gate: 0.7890
Episode 417  Reward:   0.177071  Wealth:    134854.76  Turnover: 0.4133  Gross: 1.4013  Gate: 0.8027
Episode 418  Reward:  -0.105644  Wealth:     97551.42  Turnover: 0.6422  Gross: 1.4040  Gate: 0.8081
Episode 419  Reward:   0.013665  Wealth:    111621.22  Turnover: 0.4584  Gross: 1.3973  Gate: 0.7945
Episode 420  Reward:   0.251209  Wealth:    148449.07  Turnover: 0.3480  Gross: 1.4138  Gate: 0.8277
Episode    420  AvgReward:   0.177315  Noise: 0.0648
Episode 421  Reward:  -0.084202  Wealth:     98726.86  Turnover: 0.3141  Gross: 1.3975  Gate: 0.7951
Episode 422  Reward:  -0.132808  Wealth:     94302.09  Turnover: 0.3884  Gross: 1.3908  Gate: 0.7815
Episode 423  Reward:   0.006173  Wealth:    109561.89  Turnover: 0.5150  Gross: 1.3870  Gate: 0.7741
Episode 424  Reward:   0.038755  Wealth:    117767.36  Turnover: 0.5094  Gross: 1.3935  Gate: 0.7869
Episode 425  Reward:   0.358477  Wealth:    176297.92  Turnover: 0.3186  Gross: 1.4107  Gate: 0.8215
Episode 426  Reward:   0.157431  Wealth:    130079.75  Turnover: 0.2290  Gross: 1.3887  Gate: 0.7773
Episode 427  Reward:  -0.041596  Wealth:    104559.08  Turnover: 0.5238  Gross: 1.3858  Gate: 0.7715
Episode 428  Reward:   0.049605  Wealth:    115391.40  Turnover: 0.5341  Gross: 1.3907  Gate: 0.7813
Episode 429  Reward:  -0.095342  Wealth:     98660.23  Turnover: 0.4525  Gross: 1.3966  Gate: 0.7931
Episode 430  Reward:   0.265829  Wealth:    154107.89  Turnover: 0.7694  Gross: 1.3824  Gate: 0.7647
Episode    430  AvgReward:   0.052232  Noise: 0.0635
Episode 431  Reward:   0.081309  Wealth:    118153.83  Turnover: 0.3735  Gross: 1.4084  Gate: 0.8168
Episode 432  Reward:   0.031801  Wealth:    115659.75  Turnover: 0.8231  Gross: 1.3911  Gate: 0.7822
Episode 433  Reward:   0.068079  Wealth:    121450.57  Turnover: 0.7333  Gross: 1.3976  Gate: 0.7952
Episode 434  Reward:   0.249015  Wealth:    149046.70  Turnover: 0.5385  Gross: 1.3983  Gate: 0.7966
Episode 435  Reward:   0.131290  Wealth:    128892.54  Turnover: 0.5339  Gross: 1.4021  Gate: 0.8042
Episode 436  Reward:   0.090536  Wealth:    120795.07  Turnover: 0.5836  Gross: 1.3919  Gate: 0.7837
Episode 437  Reward:   0.093718  Wealth:    121614.93  Turnover: 0.4853  Gross: 1.3981  Gate: 0.7963
Episode 438  Reward:   0.146926  Wealth:    136523.57  Turnover: 0.6409  Gross: 1.3915  Gate: 0.7831
Episode 439  Reward:   0.136655  Wealth:    128611.94  Turnover: 0.6908  Gross: 1.3991  Gate: 0.7982
Episode 440  Reward:  -0.027113  Wealth:    108086.67  Turnover: 0.9451  Gross: 1.4019  Gate: 0.8038
Episode    440  AvgReward:   0.100222  Noise: 0.0623
Episode 441  Reward:   0.190449  Wealth:    135884.40  Turnover: 0.3595  Gross: 1.4065  Gate: 0.8130
Episode 442  Reward:   0.064109  Wealth:    117187.04  Turnover: 0.4826  Gross: 1.3900  Gate: 0.7800
Episode 443  Reward:   0.163990  Wealth:    133384.02  Turnover: 0.6684  Gross: 1.3921  Gate: 0.7842
Episode 444  Reward:   0.193038  Wealth:    137719.00  Turnover: 0.5649  Gross: 1.3930  Gate: 0.7859
Episode 445  Reward:   0.082771  Wealth:    117833.61  Turnover: 0.3022  Gross: 1.4074  Gate: 0.8149
Episode 446  Reward:   0.120407  Wealth:    128070.32  Turnover: 0.7723  Gross: 1.3893  Gate: 0.7787
Episode 447  Reward:   0.166025  Wealth:    135885.27  Turnover: 0.6245  Gross: 1.3965  Gate: 0.7931
Episode 448  Reward:   0.203113  Wealth:    138643.95  Turnover: 0.3172  Gross: 1.3995  Gate: 0.7989
Episode 449  Reward:   0.082846  Wealth:    121071.94  Turnover: 0.6161  Gross: 1.3903  Gate: 0.7806
Episode 450  Reward:   0.110129  Wealth:    124180.37  Turnover: 0.4241  Gross: 1.3790  Gate: 0.7580
Episode    450  AvgReward:   0.137688  Noise: 0.0611
Episode 451  Reward:  -0.078618  Wealth:    100192.16  Turnover: 0.5789  Gross: 1.3898  Gate: 0.7796
Episode 452  Reward:  -0.307780  Wealth:     82637.46  Turnover: 0.7135  Gross: 1.3627  Gate: 0.7255
Episode 453  Reward:  -0.045405  Wealth:    104670.46  Turnover: 0.8646  Gross: 1.4064  Gate: 0.8128
Episode 454  Reward:   0.084833  Wealth:    120866.69  Turnover: 0.6267  Gross: 1.3839  Gate: 0.7679
Episode 455  Reward:  -0.164938  Wealth:     95175.42  Turnover: 0.5394  Gross: 1.3860  Gate: 0.7719
Episode 456  Reward:   0.138421  Wealth:    126603.40  Turnover: 0.4130  Gross: 1.4096  Gate: 0.8192
Episode 457  Reward:   0.240979  Wealth:    146709.56  Turnover: 0.5586  Gross: 1.4083  Gate: 0.8165
Episode 458  Reward:   0.349636  Wealth:    182056.24  Turnover: 0.5537  Gross: 1.3858  Gate: 0.7716
Episode 459  Reward:   0.093616  Wealth:    119797.61  Turnover: 0.3813  Gross: 1.4015  Gate: 0.8031
Episode 460  Reward:   0.105068  Wealth:    122337.58  Turnover: 0.5631  Gross: 1.3974  Gate: 0.7948
Episode    460  AvgReward:   0.041581  Noise: 0.0598
Episode 461  Reward:   0.124812  Wealth:    128430.49  Turnover: 0.7557  Gross: 1.3820  Gate: 0.7639
Episode 462  Reward:   0.401941  Wealth:    191879.27  Turnover: 0.5326  Gross: 1.4058  Gate: 0.8117
Episode 463  Reward:   0.074007  Wealth:    117851.28  Turnover: 0.4469  Gross: 1.4079  Gate: 0.8158
Episode 464  Reward:   0.148412  Wealth:    132634.86  Turnover: 0.3916  Gross: 1.3937  Gate: 0.7874
Episode 465  Reward:   0.050865  Wealth:    115630.79  Turnover: 0.6668  Gross: 1.3971  Gate: 0.7942
Episode 466  Reward:   0.105111  Wealth:    122119.28  Turnover: 0.4527  Gross: 1.3792  Gate: 0.7584
Episode 467  Reward:   0.080689  Wealth:    118269.35  Turnover: 0.4583  Gross: 1.4029  Gate: 0.8058
Episode 468  Reward:   0.107741  Wealth:    122067.28  Turnover: 0.2467  Gross: 1.4035  Gate: 0.8070
Episode 469  Reward:  -0.349699  Wealth:     79473.79  Turnover: 0.6481  Gross: 1.3997  Gate: 0.7994
Episode 470  Reward:  -0.152958  Wealth:     94961.50  Turnover: 0.7753  Gross: 1.3968  Gate: 0.7935
Episode    470  AvgReward:   0.059092  Noise: 0.0587
Episode 471  Reward:  -0.053125  Wealth:    102388.22  Turnover: 0.5543  Gross: 1.3974  Gate: 0.7948
Episode 472  Reward:   0.331439  Wealth:    168079.54  Turnover: 0.3951  Gross: 1.3949  Gate: 0.7899
Episode 473  Reward:   0.132055  Wealth:    126154.45  Turnover: 0.5936  Gross: 1.3951  Gate: 0.7903
Episode 474  Reward:   0.242459  Wealth:    147018.60  Turnover: 0.6990  Gross: 1.4005  Gate: 0.8009
Episode 475  Reward:   0.021158  Wealth:    110782.09  Turnover: 0.6076  Gross: 1.4089  Gate: 0.8177
Episode 476  Reward:   0.068005  Wealth:    117033.22  Turnover: 0.6204  Gross: 1.3950  Gate: 0.7901
Episode 477  Reward:   0.124795  Wealth:    126104.03  Turnover: 0.5327  Gross: 1.4051  Gate: 0.8101
Episode 478  Reward:  -0.068553  Wealth:    103032.17  Turnover: 0.7504  Gross: 1.3937  Gate: 0.7874
Episode 479  Reward:   0.148937  Wealth:    129903.57  Turnover: 0.5813  Gross: 1.3940  Gate: 0.7880
Episode 480  Reward:   0.306183  Wealth:    161882.73  Turnover: 0.5242  Gross: 1.3992  Gate: 0.7985
Episode    480  AvgReward:   0.125335  Noise: 0.0575
Episode 481  Reward:   0.126760  Wealth:    125179.63  Turnover: 0.4361  Gross: 1.3958  Gate: 0.7915
Episode 482  Reward:   0.303299  Wealth:    162443.28  Turnover: 0.8358  Gross: 1.4006  Gate: 0.8011
Episode 483  Reward:   0.080108  Wealth:    119478.04  Turnover: 0.7023  Gross: 1.3820  Gate: 0.7641
Episode 484  Reward:   0.187769  Wealth:    136055.16  Turnover: 0.4147  Gross: 1.3996  Gate: 0.7992
Episode 485  Reward:  -0.022192  Wealth:    107065.89  Turnover: 0.6358  Gross: 1.3878  Gate: 0.7757
Episode 486  Reward:   0.206537  Wealth:    138533.81  Turnover: 0.3950  Gross: 1.3978  Gate: 0.7957
Episode 487  Reward:  -0.076115  Wealth:    100260.28  Turnover: 0.3808  Gross: 1.4077  Gate: 0.8154
Episode 488  Reward:   0.017978  Wealth:    115197.75  Turnover: 0.3500  Gross: 1.3944  Gate: 0.7888
Episode 489  Reward:   0.348774  Wealth:    172861.07  Turnover: 0.4199  Gross: 1.4026  Gate: 0.8052
Episode 490  Reward:   0.312195  Wealth:    160915.97  Turnover: 0.2816  Gross: 1.4044  Gate: 0.8087
Episode    490  AvgReward:   0.148511  Noise: 0.0564
Episode 491  Reward:   0.260106  Wealth:    150396.84  Turnover: 0.4764  Gross: 1.3956  Gate: 0.7912
Episode 492  Reward:   0.167520  Wealth:    130847.71  Turnover: 0.2892  Gross: 1.3987  Gate: 0.7974
Episode 493  Reward:   0.108150  Wealth:    122072.09  Turnover: 0.4423  Gross: 1.3892  Gate: 0.7784
Episode 494  Reward:   0.052598  Wealth:    113915.40  Turnover: 0.4451  Gross: 1.4138  Gate: 0.8276
Episode 495  Reward:   0.106169  Wealth:    123953.61  Turnover: 0.7786  Gross: 1.4056  Gate: 0.8112
Episode 496  Reward:   0.213919  Wealth:    140553.40  Turnover: 0.5605  Gross: 1.4064  Gate: 0.8128
Episode 497  Reward:  -0.165765  Wealth:     92393.92  Turnover: 0.7317  Gross: 1.4101  Gate: 0.8201
Episode 498  Reward:   0.138554  Wealth:    126891.88  Turnover: 0.4846  Gross: 1.4084  Gate: 0.8168
Episode 499  Reward:   0.240374  Wealth:    150824.04  Turnover: 0.5892  Gross: 1.3778  Gate: 0.7555
Episode 500  Reward:  -0.114432  Wealth:     97388.67  Turnover: 0.7196  Gross: 1.4032  Gate: 0.8064
Episode    500  AvgReward:   0.100719  Noise: 0.0552
Episode 501  Reward:  -0.014385  Wealth:    108714.59  Turnover: 0.5457  Gross: 1.3878  Gate: 0.7755
Episode 502  Reward:   0.199849  Wealth:    138245.02  Turnover: 0.5003  Gross: 1.4018  Gate: 0.8035
Episode 503  Reward:   0.029065  Wealth:    111174.65  Turnover: 0.3541  Gross: 1.4052  Gate: 0.8105
Episode 504  Reward:   0.070970  Wealth:    118906.85  Turnover: 0.4817  Gross: 1.4023  Gate: 0.8047
Episode 505  Reward:   0.220184  Wealth:    143117.49  Turnover: 0.6390  Gross: 1.3916  Gate: 0.7831
Episode 506  Reward:   0.085697  Wealth:    122455.86  Turnover: 0.6644  Gross: 1.3959  Gate: 0.7919
Episode 507  Reward:   0.147559  Wealth:    131968.95  Turnover: 0.9603  Gross: 1.3895  Gate: 0.7790
Episode 508  Reward:   0.088030  Wealth:    119650.58  Turnover: 0.5496  Gross: 1.3891  Gate: 0.7782
Episode 509  Reward:   0.038934  Wealth:    112694.21  Turnover: 0.4388  Gross: 1.3998  Gate: 0.7996
Episode 510  Reward:   0.188629  Wealth:    136837.87  Turnover: 0.7707  Gross: 1.3919  Gate: 0.7839
Episode    510  AvgReward:   0.105453  Noise: 0.0541
Episode 511  Reward:  -0.091569  Wealth:     99253.60  Turnover: 0.6477  Gross: 1.3985  Gate: 0.7970
Episode 512  Reward:   0.099869  Wealth:    120839.63  Turnover: 0.3554  Gross: 1.4003  Gate: 0.8007
Episode 513  Reward:   0.010466  Wealth:    108916.93  Turnover: 0.4439  Gross: 1.3950  Gate: 0.7900
Episode 514  Reward:  -0.122953  Wealth:     98252.86  Turnover: 0.5470  Gross: 1.3863  Gate: 0.7726
Episode 515  Reward:   0.181116  Wealth:    134296.46  Turnover: 0.6308  Gross: 1.3940  Gate: 0.7880
Episode 516  Reward:   0.116795  Wealth:    123940.89  Turnover: 0.4809  Gross: 1.4041  Gate: 0.8082
Episode 517  Reward:  -0.132898  Wealth:     95664.32  Turnover: 0.6555  Gross: 1.3957  Gate: 0.7913
Episode 518  Reward:   0.144246  Wealth:    127460.95  Turnover: 0.3389  Gross: 1.3991  Gate: 0.7982
Episode 519  Reward:   0.105197  Wealth:    124106.10  Turnover: 0.5632  Gross: 1.3921  Gate: 0.7843
Episode 520  Reward:  -0.142315  Wealth:     96493.55  Turnover: 0.8124  Gross: 1.3797  Gate: 0.7593
Episode    520  AvgReward:   0.016795  Noise: 0.0531
Episode 521  Reward:   0.062253  Wealth:    118434.56  Turnover: 0.5312  Gross: 1.3796  Gate: 0.7593
Episode 522  Reward:   0.209946  Wealth:    142967.64  Turnover: 1.0307  Gross: 1.3954  Gate: 0.7908
Episode 523  Reward:   0.335302  Wealth:    172698.84  Turnover: 0.7015  Gross: 1.4010  Gate: 0.8019
Episode 524  Reward:  -0.043735  Wealth:    103094.49  Turnover: 0.4506  Gross: 1.3974  Gate: 0.7947
Episode 525  Reward:   0.284226  Wealth:    158234.22  Turnover: 0.5631  Gross: 1.3677  Gate: 0.7355
Episode 526  Reward:   0.183386  Wealth:    134313.61  Turnover: 0.4745  Gross: 1.4002  Gate: 0.8004
Episode 527  Reward:   0.096183  Wealth:    120469.64  Turnover: 0.4130  Gross: 1.4012  Gate: 0.8023
Episode 528  Reward:  -0.103461  Wealth:     97233.69  Turnover: 0.5888  Gross: 1.4046  Gate: 0.8092
Episode 529  Reward:   0.086901  Wealth:    118292.84  Turnover: 0.4051  Gross: 1.3970  Gate: 0.7940
Episode 530  Reward:   0.080080  Wealth:    118517.13  Turnover: 0.7651  Gross: 1.3993  Gate: 0.7986
Episode    530  AvgReward:   0.119108  Noise: 0.0520
Episode 531  Reward:   0.056187  Wealth:    114451.89  Turnover: 0.4365  Gross: 1.4001  Gate: 0.8001
Episode 532  Reward:   0.156552  Wealth:    129425.60  Turnover: 0.3063  Gross: 1.4088  Gate: 0.8176
Episode 533  Reward:   0.200651  Wealth:    137319.02  Turnover: 0.2968  Gross: 1.4033  Gate: 0.8066
Episode 534  Reward:   0.131643  Wealth:    125676.07  Turnover: 0.1784  Gross: 1.4011  Gate: 0.8022
Episode 535  Reward:   0.307067  Wealth:    162750.99  Turnover: 0.7409  Gross: 1.3974  Gate: 0.7948
Episode 536  Reward:  -0.068449  Wealth:    100259.59  Turnover: 0.3935  Gross: 1.4005  Gate: 0.8011
Episode 537  Reward:   0.263421  Wealth:    151279.52  Turnover: 0.3526  Gross: 1.4010  Gate: 0.8021
Episode 538  Reward:   0.296452  Wealth:    159198.20  Turnover: 0.5085  Gross: 1.3959  Gate: 0.7917
Episode 539  Reward:  -0.040622  Wealth:    105339.97  Turnover: 0.9751  Gross: 1.3815  Gate: 0.7630
Episode 540  Reward:   0.218576  Wealth:    140194.96  Turnover: 0.4965  Gross: 1.4047  Gate: 0.8094
Episode    540  AvgReward:   0.152148  Noise: 0.0510
Episode 541  Reward:   0.129994  Wealth:    125053.61  Turnover: 0.2524  Gross: 1.4068  Gate: 0.8135
Episode 542  Reward:   0.242873  Wealth:    147213.95  Turnover: 0.5230  Gross: 1.4023  Gate: 0.8045
Episode 543  Reward:  -0.080584  Wealth:     99635.04  Turnover: 0.5771  Gross: 1.3860  Gate: 0.7721
Episode 544  Reward:   0.174486  Wealth:    132962.30  Turnover: 0.5079  Gross: 1.4052  Gate: 0.8104
Episode 545  Reward:   0.163842  Wealth:    132188.89  Turnover: 0.3813  Gross: 1.4017  Gate: 0.8033
Episode 546  Reward:  -0.075912  Wealth:    102533.20  Turnover: 0.8564  Gross: 1.3956  Gate: 0.7912
Episode 547  Reward:   0.253848  Wealth:    149866.20  Turnover: 0.6967  Gross: 1.3909  Gate: 0.7818
Episode 548  Reward:  -0.029595  Wealth:    107410.77  Turnover: 0.9655  Gross: 1.3847  Gate: 0.7695
Episode 549  Reward:   0.200270  Wealth:    139236.11  Turnover: 0.5966  Gross: 1.3972  Gate: 0.7944
Episode 550  Reward:   0.066356  Wealth:    116327.40  Turnover: 0.4040  Gross: 1.4006  Gate: 0.8012
Episode    550  AvgReward:   0.104558  Noise: 0.0500
Episode 551  Reward:   0.361162  Wealth:    180416.17  Turnover: 0.5140  Gross: 1.3968  Gate: 0.7937
Episode 552  Reward:   0.163765  Wealth:    131200.47  Turnover: 0.6790  Gross: 1.3941  Gate: 0.7882
Episode 553  Reward:   0.046158  Wealth:    114306.64  Turnover: 0.7273  Gross: 1.3914  Gate: 0.7829
Episode 554  Reward:  -0.010404  Wealth:    106806.39  Turnover: 0.4958  Gross: 1.3889  Gate: 0.7778
Episode 555  Reward:   0.203613  Wealth:    138423.62  Turnover: 0.4430  Gross: 1.4050  Gate: 0.8100
Episode 556  Reward:   0.245976  Wealth:    146762.20  Turnover: 0.4260  Gross: 1.4047  Gate: 0.8094
Episode 557  Reward:   0.256770  Wealth:    152085.70  Turnover: 0.9909  Gross: 1.4019  Gate: 0.8037
Episode 558  Reward:  -0.289852  Wealth:     84149.11  Turnover: 0.4440  Gross: 1.4021  Gate: 0.8043
Episode 559  Reward:  -0.157355  Wealth:     92578.70  Turnover: 0.4092  Gross: 1.4049  Gate: 0.8099
Episode 560  Reward:   0.184068  Wealth:    136408.29  Turnover: 0.8221  Gross: 1.3883  Gate: 0.7766
Episode    560  AvgReward:   0.100390  Noise: 0.0490
Episode 561  Reward:   0.176321  Wealth:    137085.34  Turnover: 0.7835  Gross: 1.3962  Gate: 0.7925
Episode 562  Reward:   0.132220  Wealth:    127838.52  Turnover: 0.6487  Gross: 1.3791  Gate: 0.7583
Episode 563  Reward:  -0.041354  Wealth:    103640.46  Turnover: 0.5908  Gross: 1.3789  Gate: 0.7578
Episode 564  Reward:   0.220083  Wealth:    144900.93  Turnover: 0.7077  Gross: 1.3930  Gate: 0.7859
Episode 565  Reward:   0.192796  Wealth:    136458.70  Turnover: 0.3454  Gross: 1.4075  Gate: 0.8150
Episode 566  Reward:   0.200953  Wealth:    140313.88  Turnover: 0.5502  Gross: 1.3921  Gate: 0.7842
Episode 567  Reward:  -0.026460  Wealth:    108107.91  Turnover: 0.7148  Gross: 1.3960  Gate: 0.7920
Episode 568  Reward:   0.118871  Wealth:    125702.88  Turnover: 0.8920  Gross: 1.3760  Gate: 0.7519
Episode 569  Reward:   0.155028  Wealth:    131230.37  Turnover: 0.6790  Gross: 1.3953  Gate: 0.7907
Episode 570  Reward:   0.257312  Wealth:    150227.39  Turnover: 0.5636  Gross: 1.3939  Gate: 0.7879
Episode    570  AvgReward:   0.138577  Noise: 0.0480
Episode 571  Reward:   0.168330  Wealth:    133612.00  Turnover: 0.5481  Gross: 1.4007  Gate: 0.8014
Episode 572  Reward:   0.043912  Wealth:    116788.81  Turnover: 0.5969  Gross: 1.4039  Gate: 0.8079
Episode 573  Reward:   0.254678  Wealth:    151029.25  Turnover: 0.5305  Gross: 1.3926  Gate: 0.7851
Episode 574  Reward:  -0.150959  Wealth:     94116.14  Turnover: 0.7708  Gross: 1.3867  Gate: 0.7734
Episode 575  Reward:  -0.239808  Wealth:     89710.87  Turnover: 0.3789  Gross: 1.3957  Gate: 0.7914
Episode 576  Reward:   0.146258  Wealth:    129675.61  Turnover: 0.5205  Gross: 1.4063  Gate: 0.8126
Episode 577  Reward:  -0.165124  Wealth:     94407.54  Turnover: 0.6805  Gross: 1.3969  Gate: 0.7938
Episode 578  Reward:   0.066900  Wealth:    120355.98  Turnover: 0.5661  Gross: 1.3879  Gate: 0.7757
Episode 579  Reward:  -0.023033  Wealth:    107473.72  Turnover: 0.9017  Gross: 1.4021  Gate: 0.8043
Episode 580  Reward:  -0.016989  Wealth:    105954.27  Turnover: 0.3462  Gross: 1.4036  Gate: 0.8072
Episode    580  AvgReward:   0.008416  Noise: 0.0471
Episode 581  Reward:   0.036928  Wealth:    112997.06  Turnover: 0.3852  Gross: 1.4096  Gate: 0.8192
Episode 582  Reward:  -0.113423  Wealth:     99138.71  Turnover: 0.5861  Gross: 1.3979  Gate: 0.7958
Episode 583  Reward:  -0.023286  Wealth:    108107.53  Turnover: 0.5333  Gross: 1.3882  Gate: 0.7764
Episode 584  Reward:  -0.112078  Wealth:    100262.05  Turnover: 0.4436  Gross: 1.3973  Gate: 0.7947
Episode 585  Reward:   0.002319  Wealth:    108794.08  Turnover: 0.4124  Gross: 1.3997  Gate: 0.7993
Episode 586  Reward:   0.084964  Wealth:    123026.28  Turnover: 0.5957  Gross: 1.3946  Gate: 0.7892
Episode 587  Reward:   0.185506  Wealth:    140476.43  Turnover: 0.6147  Gross: 1.3951  Gate: 0.7902
Episode 588  Reward:  -0.025366  Wealth:    105998.38  Turnover: 0.4352  Gross: 1.4064  Gate: 0.8129
Episode 589  Reward:  -0.053623  Wealth:    102357.29  Turnover: 0.3778  Gross: 1.4098  Gate: 0.8195
Episode 590  Reward:   0.136354  Wealth:    132670.23  Turnover: 0.8035  Gross: 1.3912  Gate: 0.7823
Episode    590  AvgReward:   0.011829  Noise: 0.0461
Episode 591  Reward:   0.304516  Wealth:    163298.77  Turnover: 0.6249  Gross: 1.4066  Gate: 0.8131
Episode 592  Reward:  -0.074510  Wealth:    104260.86  Turnover: 0.5158  Gross: 1.3893  Gate: 0.7787
Episode 593  Reward:   0.134892  Wealth:    131723.17  Turnover: 0.7891  Gross: 1.3965  Gate: 0.7931
Episode 594  Reward:   0.392446  Wealth:    197280.01  Turnover: 0.7794  Gross: 1.3950  Gate: 0.7900
Episode 595  Reward:   0.219397  Wealth:    143825.50  Turnover: 0.3539  Gross: 1.4064  Gate: 0.8127
Episode 596  Reward:   0.214907  Wealth:    140488.51  Turnover: 0.2588  Gross: 1.3971  Gate: 0.7942
Episode 597  Reward:   0.215608  Wealth:    143537.51  Turnover: 0.5123  Gross: 1.4055  Gate: 0.8109
Episode 598  Reward:   0.278829  Wealth:    160795.14  Turnover: 0.8814  Gross: 1.3953  Gate: 0.7906
Episode 599  Reward:  -0.011578  Wealth:    108761.52  Turnover: 0.7096  Gross: 1.3869  Gate: 0.7738
Episode 600  Reward:  -0.071748  Wealth:    102056.64  Turnover: 0.6253  Gross: 1.4090  Gate: 0.8179
Episode    600  AvgReward:   0.160276  Noise: 0.0452
Episode 601  Reward:   0.012246  Wealth:    113439.67  Turnover: 0.4615  Gross: 1.3986  Gate: 0.7973
Episode 602  Reward:   0.372296  Wealth:    191636.73  Turnover: 0.6868  Gross: 1.4016  Gate: 0.8032
Episode 603  Reward:  -0.025843  Wealth:    107188.57  Turnover: 0.7132  Gross: 1.3878  Gate: 0.7756
Episode 604  Reward:   0.153109  Wealth:    129327.92  Turnover: 0.3910  Gross: 1.4039  Gate: 0.8077
Episode 605  Reward:   0.163640  Wealth:    135414.37  Turnover: 0.4381  Gross: 1.3887  Gate: 0.7773
Episode 606  Reward:  -0.137272  Wealth:     97579.88  Turnover: 0.7312  Gross: 1.3840  Gate: 0.7680
Episode 607  Reward:   0.183131  Wealth:    139194.59  Turnover: 0.7640  Gross: 1.3928  Gate: 0.7857
Episode 608  Reward:   0.220224  Wealth:    143453.13  Turnover: 0.4273  Gross: 1.3906  Gate: 0.7812
Episode 609  Reward:  -0.004959  Wealth:    110485.57  Turnover: 0.4419  Gross: 1.4041  Gate: 0.8082
Episode 610  Reward:   0.010887  Wealth:    113868.15  Turnover: 0.3342  Gross: 1.3896  Gate: 0.7792
Episode    610  AvgReward:   0.094746  Noise: 0.0443
Episode 611  Reward:   0.110579  Wealth:    130825.35  Turnover: 0.8939  Gross: 1.3920  Gate: 0.7839
Episode 612  Reward:   0.072284  Wealth:    121300.74  Turnover: 0.4658  Gross: 1.4006  Gate: 0.8012
Episode 613  Reward:   0.004640  Wealth:    110368.26  Turnover: 0.7870  Gross: 1.3955  Gate: 0.7909
Episode 614  Reward:   0.197197  Wealth:    137901.96  Turnover: 0.3628  Gross: 1.3970  Gate: 0.7940
Episode 615  Reward:   0.315688  Wealth:    167553.19  Turnover: 0.6936  Gross: 1.3928  Gate: 0.7856
Episode 616  Reward:  -0.108022  Wealth:    101494.72  Turnover: 0.8272  Gross: 1.3974  Gate: 0.7947
Episode 617  Reward:  -0.042396  Wealth:    106862.50  Turnover: 0.6620  Gross: 1.3975  Gate: 0.7951
Episode 618  Reward:   0.188289  Wealth:    138476.10  Turnover: 0.3821  Gross: 1.4017  Gate: 0.8034
Episode 619  Reward:   0.084362  Wealth:    121046.47  Turnover: 0.6866  Gross: 1.4088  Gate: 0.8176
Episode 620  Reward:   0.162149  Wealth:    131484.40  Turnover: 0.7141  Gross: 1.3880  Gate: 0.7760
Episode    620  AvgReward:   0.098477  Noise: 0.0434
Episode 621  Reward:   0.161041  Wealth:    131938.58  Turnover: 0.3864  Gross: 1.3938  Gate: 0.7875
Episode 622  Reward:   0.064972  Wealth:    118968.02  Turnover: 0.8106  Gross: 1.4016  Gate: 0.8032
Episode 623  Reward:   0.082224  Wealth:    118394.03  Turnover: 0.2909  Gross: 1.4086  Gate: 0.8171
Episode 624  Reward:   0.124259  Wealth:    124510.79  Turnover: 0.3058  Gross: 1.4068  Gate: 0.8137
Episode 625  Reward:  -0.114125  Wealth:     97958.99  Turnover: 0.6073  Gross: 1.3963  Gate: 0.7926
Episode 626  Reward:   0.079399  Wealth:    118751.01  Turnover: 0.5066  Gross: 1.4076  Gate: 0.8152
Episode 627  Reward:   0.145800  Wealth:    130951.09  Turnover: 0.8097  Gross: 1.3968  Gate: 0.7936
Episode 628  Reward:   0.136534  Wealth:    130214.51  Turnover: 0.8529  Gross: 1.4021  Gate: 0.8043
Episode 629  Reward:  -0.015860  Wealth:    106803.62  Turnover: 0.4736  Gross: 1.4029  Gate: 0.8058
Episode 630  Reward:   0.069640  Wealth:    122532.14  Turnover: 0.4778  Gross: 1.3935  Gate: 0.7869
Episode    630  AvgReward:   0.073388  Noise: 0.0426
Episode 631  Reward:  -0.064373  Wealth:    103197.04  Turnover: 0.6345  Gross: 1.4005  Gate: 0.8010
Episode 632  Reward:   0.325117  Wealth:    167325.78  Turnover: 0.4724  Gross: 1.4027  Gate: 0.8055
Episode 633  Reward:  -0.069558  Wealth:    102691.11  Turnover: 0.6519  Gross: 1.4036  Gate: 0.8071
Episode 634  Reward:   0.262613  Wealth:    153818.51  Turnover: 0.6545  Gross: 1.4069  Gate: 0.8139
Episode 635  Reward:  -0.196038  Wealth:     91163.87  Turnover: 0.7232  Gross: 1.3929  Gate: 0.7858
Episode 636  Reward:   0.124841  Wealth:    126302.42  Turnover: 0.5866  Gross: 1.4038  Gate: 0.8075
Episode 637  Reward:   0.094538  Wealth:    127825.95  Turnover: 0.3409  Gross: 1.3855  Gate: 0.7711
Episode 638  Reward:   0.126270  Wealth:    127278.35  Turnover: 0.5436  Gross: 1.4035  Gate: 0.8070
Episode 639  Reward:   0.263819  Wealth:    158777.10  Turnover: 0.5341  Gross: 1.3945  Gate: 0.7891
Episode 640  Reward:   0.081454  Wealth:    119983.26  Turnover: 0.5157  Gross: 1.4012  Gate: 0.8024
Episode    640  AvgReward:   0.094868  Noise: 0.0417
Episode 641  Reward:   0.147556  Wealth:    130930.01  Turnover: 0.8880  Gross: 1.3999  Gate: 0.7998
Episode 642  Reward:   0.388106  Wealth:    194175.08  Turnover: 0.5844  Gross: 1.4025  Gate: 0.8050
Episode 643  Reward:  -0.057859  Wealth:    105161.40  Turnover: 0.7676  Gross: 1.3989  Gate: 0.7979
Episode 644  Reward:   0.262000  Wealth:    157002.67  Turnover: 0.6716  Gross: 1.3941  Gate: 0.7883
Episode 645  Reward:   0.180684  Wealth:    133825.82  Turnover: 0.3060  Gross: 1.4107  Gate: 0.8215
Episode 646  Reward:   0.076309  Wealth:    117758.19  Turnover: 0.3912  Gross: 1.4083  Gate: 0.8167
Episode 647  Reward:   0.113899  Wealth:    126573.77  Turnover: 0.6031  Gross: 1.3825  Gate: 0.7650
Episode 648  Reward:   0.107565  Wealth:    121705.76  Turnover: 0.2640  Gross: 1.4023  Gate: 0.8047
Episode 649  Reward:   0.300190  Wealth:    167061.82  Turnover: 0.8143  Gross: 1.3969  Gate: 0.7939
Episode 650  Reward:   0.016200  Wealth:    112911.23  Turnover: 0.6584  Gross: 1.4005  Gate: 0.8009
Episode    650  AvgReward:   0.153465  Noise: 0.0409
Episode 651  Reward:   0.301411  Wealth:    160328.50  Turnover: 0.4967  Gross: 1.4040  Gate: 0.8081
Episode 652  Reward:   0.224918  Wealth:    145988.14  Turnover: 0.6316  Gross: 1.3791  Gate: 0.7583
Episode 653  Reward:  -0.006718  Wealth:    111276.03  Turnover: 0.5263  Gross: 1.3990  Gate: 0.7979
Episode 654  Reward:   0.141978  Wealth:    128694.13  Turnover: 0.5539  Gross: 1.3900  Gate: 0.7799
Episode 655  Reward:   0.202755  Wealth:    144530.94  Turnover: 1.1603  Gross: 1.4032  Gate: 0.8065
Episode 656  Reward:   0.106219  Wealth:    122824.69  Turnover: 0.5449  Gross: 1.4023  Gate: 0.8046
Episode 657  Reward:   0.169687  Wealth:    132284.24  Turnover: 0.2652  Gross: 1.4027  Gate: 0.8054
Episode 658  Reward:   0.153756  Wealth:    132835.41  Turnover: 0.8380  Gross: 1.3940  Gate: 0.7880
Episode 659  Reward:   0.155128  Wealth:    133285.04  Turnover: 0.8611  Gross: 1.4002  Gate: 0.8004
Episode 660  Reward:  -0.114209  Wealth:     97696.90  Turnover: 0.6106  Gross: 1.3967  Gate: 0.7933
Episode    660  AvgReward:   0.133492  Noise: 0.0401
Episode 661  Reward:   0.353829  Wealth:    177951.19  Turnover: 0.8733  Gross: 1.4019  Gate: 0.8037
Episode 662  Reward:   0.282107  Wealth:    154458.63  Turnover: 0.5020  Gross: 1.4006  Gate: 0.8013
Episode 663  Reward:   0.132596  Wealth:    129768.75  Turnover: 0.7820  Gross: 1.3992  Gate: 0.7984
Episode 664  Reward:  -0.050491  Wealth:    104545.38  Turnover: 0.5380  Gross: 1.3955  Gate: 0.7909
Episode 665  Reward:  -0.061280  Wealth:    102090.52  Turnover: 0.5154  Gross: 1.4002  Gate: 0.8004
Episode 666  Reward:   0.037213  Wealth:    115778.16  Turnover: 0.7500  Gross: 1.4095  Gate: 0.8191
Episode 667  Reward:   0.092014  Wealth:    123444.36  Turnover: 0.4528  Gross: 1.3906  Gate: 0.7812
Episode 668  Reward:   0.034226  Wealth:    115810.60  Turnover: 0.5640  Gross: 1.3994  Gate: 0.7988
Episode 669  Reward:   0.145104  Wealth:    132620.14  Turnover: 0.6910  Gross: 1.3908  Gate: 0.7816
Episode 670  Reward:   0.327945  Wealth:    174464.66  Turnover: 0.5196  Gross: 1.3963  Gate: 0.7925
Episode    670  AvgReward:   0.129326  Noise: 0.0393
Episode 671  Reward:   0.093699  Wealth:    121196.68  Turnover: 0.4870  Gross: 1.4030  Gate: 0.8061
Episode 672  Reward:   0.169430  Wealth:    134614.13  Turnover: 0.7052  Gross: 1.4025  Gate: 0.8049
Episode 673  Reward:   0.056481  Wealth:    117772.49  Turnover: 0.5521  Gross: 1.3950  Gate: 0.7900
Episode 674  Reward:   0.296996  Wealth:    160993.50  Turnover: 0.5266  Gross: 1.3953  Gate: 0.7906
Episode 675  Reward:   0.183494  Wealth:    135524.08  Turnover: 0.3882  Gross: 1.4032  Gate: 0.8063
Episode 676  Reward:  -0.386413  Wealth:     77943.69  Turnover: 0.5209  Gross: 1.4014  Gate: 0.8027
Episode 677  Reward:   0.226669  Wealth:    146525.67  Turnover: 0.6076  Gross: 1.4027  Gate: 0.8054
Episode 678  Reward:  -0.007620  Wealth:    110565.96  Turnover: 0.5833  Gross: 1.3969  Gate: 0.7938
Episode 679  Reward:   0.233518  Wealth:    148830.76  Turnover: 0.8519  Gross: 1.3956  Gate: 0.7913
Episode 680  Reward:   0.180276  Wealth:    135615.81  Turnover: 0.4593  Gross: 1.3880  Gate: 0.7761
Episode    680  AvgReward:   0.104653  Noise: 0.0385
Episode 681  Reward:   0.258526  Wealth:    151575.26  Turnover: 0.4209  Gross: 1.3912  Gate: 0.7825
Episode 682  Reward:   0.217929  Wealth:    145295.56  Turnover: 0.5936  Gross: 1.3939  Gate: 0.7877
Episode 683  Reward:   0.308233  Wealth:    163903.33  Turnover: 0.6373  Gross: 1.3816  Gate: 0.7631
Episode 684  Reward:   0.024772  Wealth:    111113.91  Turnover: 0.2709  Gross: 1.4075  Gate: 0.8151
Episode 685  Reward:   0.150631  Wealth:    128797.53  Turnover: 0.4141  Gross: 1.4035  Gate: 0.8070
Episode 686  Reward:   0.094955  Wealth:    125241.09  Turnover: 0.4081  Gross: 1.3927  Gate: 0.7855
Episode 687  Reward:   0.191221  Wealth:    137249.93  Turnover: 0.6272  Gross: 1.3879  Gate: 0.7757
Episode 688  Reward:  -0.088565  Wealth:    102034.27  Turnover: 0.9803  Gross: 1.4008  Gate: 0.8016
Episode 689  Reward:   0.098953  Wealth:    120453.37  Turnover: 0.5420  Gross: 1.4027  Gate: 0.8053
Episode 690  Reward:   0.032069  Wealth:    112851.52  Turnover: 0.4416  Gross: 1.3939  Gate: 0.7879
Episode    690  AvgReward:   0.128872  Noise: 0.0378
Episode 691  Reward:   0.013048  Wealth:    108957.70  Turnover: 0.2593  Gross: 1.4003  Gate: 0.8005
Episode 692  Reward:   0.153963  Wealth:    130921.81  Turnover: 0.7378  Gross: 1.4041  Gate: 0.8082
Episode 693  Reward:   0.032876  Wealth:    113648.26  Turnover: 0.8309  Gross: 1.3965  Gate: 0.7930
Episode 694  Reward:   0.213843  Wealth:    144042.70  Turnover: 0.4355  Gross: 1.3956  Gate: 0.7911
Episode 695  Reward:   0.131709  Wealth:    125929.68  Turnover: 0.3804  Gross: 1.4022  Gate: 0.8044
Episode 696  Reward:   0.219253  Wealth:    141886.85  Turnover: 0.5647  Gross: 1.4015  Gate: 0.8029
Episode 697  Reward:  -0.168836  Wealth:     94108.45  Turnover: 0.4301  Gross: 1.3928  Gate: 0.7855
Episode 698  Reward:   0.149689  Wealth:    132394.43  Turnover: 0.8266  Gross: 1.3946  Gate: 0.7892
Episode 699  Reward:   0.108546  Wealth:    123724.47  Turnover: 0.5755  Gross: 1.3965  Gate: 0.7930
Episode 700  Reward:   0.087953  Wealth:    118999.95  Turnover: 0.4559  Gross: 1.4076  Gate: 0.8153
Episode    700  AvgReward:   0.094204  Noise: 0.0370
Episode 701  Reward:   0.187078  Wealth:    136369.50  Turnover: 0.6335  Gross: 1.4009  Gate: 0.8017
Episode 702  Reward:   0.145881  Wealth:    128766.57  Turnover: 0.3399  Gross: 1.3907  Gate: 0.7815
Episode 703  Reward:   0.085102  Wealth:    121513.69  Turnover: 0.6687  Gross: 1.3947  Gate: 0.7894
Episode 704  Reward:   0.066100  Wealth:    117488.83  Turnover: 0.7058  Gross: 1.4017  Gate: 0.8034
Episode 705  Reward:   0.127542  Wealth:    125016.00  Turnover: 0.3140  Gross: 1.4078  Gate: 0.8155
Episode 706  Reward:   0.264057  Wealth:    151958.40  Turnover: 0.7271  Gross: 1.4025  Gate: 0.8049
Episode 707  Reward:   0.281406  Wealth:    154700.13  Turnover: 0.2367  Gross: 1.4004  Gate: 0.8009
Episode 708  Reward:   0.106572  Wealth:    121554.31  Turnover: 0.7225  Gross: 1.3901  Gate: 0.7802
Episode 709  Reward:   0.139490  Wealth:    127049.87  Turnover: 0.4493  Gross: 1.4032  Gate: 0.8063
Episode 710  Reward:   0.017242  Wealth:    111855.91  Turnover: 0.5598  Gross: 1.3888  Gate: 0.7777
Episode    710  AvgReward:   0.142047  Noise: 0.0363
Episode 711  Reward:  -0.011079  Wealth:    107593.41  Turnover: 0.6958  Gross: 1.3955  Gate: 0.7910
Episode 712  Reward:   0.145988  Wealth:    128626.53  Turnover: 0.5916  Gross: 1.3980  Gate: 0.7960
Episode 713  Reward:  -0.057055  Wealth:    103360.31  Turnover: 0.6574  Gross: 1.3768  Gate: 0.7536
Episode 714  Reward:   0.178903  Wealth:    133124.94  Turnover: 0.3286  Gross: 1.4008  Gate: 0.8017
Episode 715  Reward:  -0.022948  Wealth:    105968.98  Turnover: 0.7318  Gross: 1.3921  Gate: 0.7842
Episode 716  Reward:   0.245457  Wealth:    147661.87  Turnover: 0.5024  Gross: 1.4016  Gate: 0.8033
Episode 717  Reward:   0.235314  Wealth:    146471.52  Turnover: 0.8337  Gross: 1.3977  Gate: 0.7954
Episode 718  Reward:   0.124908  Wealth:    128004.02  Turnover: 0.8383  Gross: 1.3986  Gate: 0.7972
Episode 719  Reward:   0.094099  Wealth:    123285.36  Turnover: 0.5992  Gross: 1.3960  Gate: 0.7921
Episode 720  Reward:   0.127619  Wealth:    124422.21  Turnover: 0.2229  Gross: 1.3907  Gate: 0.7814
Episode    720  AvgReward:   0.106121  Noise: 0.0356
Episode 721  Reward:   0.117851  Wealth:    123964.04  Turnover: 0.5180  Gross: 1.4037  Gate: 0.8073
Episode 722  Reward:  -0.093133  Wealth:     99452.28  Turnover: 0.7573  Gross: 1.3976  Gate: 0.7953
Episode 723  Reward:   0.352654  Wealth:    177816.37  Turnover: 0.6844  Gross: 1.3993  Gate: 0.7985
Episode 724  Reward:  -0.165104  Wealth:     93170.69  Turnover: 0.5748  Gross: 1.3966  Gate: 0.7932
Episode 725  Reward:   0.189551  Wealth:    136274.28  Turnover: 0.5201  Gross: 1.3983  Gate: 0.7965
Episode 726  Reward:  -0.032162  Wealth:    104720.94  Turnover: 0.5868  Gross: 1.4014  Gate: 0.8027
Episode 727  Reward:   0.123812  Wealth:    125955.96  Turnover: 0.9802  Gross: 1.3911  Gate: 0.7823
Episode 728  Reward:   0.206875  Wealth:    138671.25  Turnover: 0.4440  Gross: 1.4021  Gate: 0.8043
Episode 729  Reward:  -0.235806  Wealth:     86400.07  Turnover: 0.6291  Gross: 1.3949  Gate: 0.7899
Episode 730  Reward:   0.032375  Wealth:    112852.07  Turnover: 0.6195  Gross: 1.4003  Gate: 0.8005
Episode    730  AvgReward:   0.049691  Noise: 0.0349
Episode 731  Reward:   0.152841  Wealth:    130281.99  Turnover: 0.6512  Gross: 1.4013  Gate: 0.8026
Episode 732  Reward:   0.162192  Wealth:    132335.35  Turnover: 0.5764  Gross: 1.3954  Gate: 0.7908
Episode 733  Reward:   0.162703  Wealth:    132600.70  Turnover: 0.6922  Gross: 1.3982  Gate: 0.7964
Episode 734  Reward:   0.052799  Wealth:    114664.41  Turnover: 0.5772  Gross: 1.3934  Gate: 0.7869
Episode 735  Reward:   0.168459  Wealth:    131808.96  Turnover: 0.4618  Gross: 1.4071  Gate: 0.8141
Episode 736  Reward:   0.202785  Wealth:    140038.61  Turnover: 0.5999  Gross: 1.3908  Gate: 0.7816
Episode 737  Reward:  -0.058911  Wealth:    103319.62  Turnover: 0.7849  Gross: 1.3925  Gate: 0.7850
Episode 738  Reward:   0.111435  Wealth:    123890.94  Turnover: 0.4790  Gross: 1.3957  Gate: 0.7914
Episode 739  Reward:   0.156588  Wealth:    131176.24  Turnover: 0.6191  Gross: 1.4006  Gate: 0.8013
Episode 740  Reward:   0.118089  Wealth:    125486.31  Turnover: 0.5886  Gross: 1.4024  Gate: 0.8047
Episode    740  AvgReward:   0.122898  Noise: 0.0342
Episode 741  Reward:   0.153263  Wealth:    130535.71  Turnover: 0.5874  Gross: 1.3938  Gate: 0.7875
Episode 742  Reward:   0.119039  Wealth:    127457.37  Turnover: 0.7554  Gross: 1.4030  Gate: 0.8061
Episode 743  Reward:   0.055227  Wealth:    116934.39  Turnover: 0.5142  Gross: 1.3943  Gate: 0.7886
Episode 744  Reward:   0.035540  Wealth:    112939.71  Turnover: 0.3973  Gross: 1.4026  Gate: 0.8052
Episode 745  Reward:  -0.014021  Wealth:    106672.38  Turnover: 0.5543  Gross: 1.4042  Gate: 0.8085
Episode 746  Reward:   0.064761  Wealth:    118714.86  Turnover: 0.8276  Gross: 1.3921  Gate: 0.7843
Episode 747  Reward:   0.095452  Wealth:    123236.34  Turnover: 0.5099  Gross: 1.4040  Gate: 0.8079
Episode 748  Reward:   0.167167  Wealth:    131965.66  Turnover: 0.4996  Gross: 1.4090  Gate: 0.8181
Episode 749  Reward:   0.053515  Wealth:    114932.01  Turnover: 0.3643  Gross: 1.4056  Gate: 0.8111
Episode 750  Reward:  -0.134995  Wealth:     97601.87  Turnover: 0.7709  Gross: 1.3836  Gate: 0.7672
Episode    750  AvgReward:   0.059495  Noise: 0.0335
Episode 751  Reward:   0.278789  Wealth:    156817.97  Turnover: 0.6361  Gross: 1.4052  Gate: 0.8103
Episode 752  Reward:  -0.102129  Wealth:     99325.21  Turnover: 0.5619  Gross: 1.3976  Gate: 0.7953
Episode 753  Reward:  -0.155082  Wealth:     94033.14  Turnover: 0.7780  Gross: 1.3999  Gate: 0.7998
Episode 754  Reward:   0.073271  Wealth:    118296.76  Turnover: 0.5590  Gross: 1.3944  Gate: 0.7888
Episode 755  Reward:   0.067712  Wealth:    117547.28  Turnover: 0.5954  Gross: 1.3899  Gate: 0.7799
Episode 756  Reward:   0.205094  Wealth:    140176.36  Turnover: 0.4712  Gross: 1.4009  Gate: 0.8018
Episode 757  Reward:  -0.000617  Wealth:    107006.97  Turnover: 0.2912  Gross: 1.3939  Gate: 0.7878
Episode 758  Reward:   0.108386  Wealth:    125237.25  Turnover: 0.7432  Gross: 1.3990  Gate: 0.7980
Episode 759  Reward:   0.076707  Wealth:    118429.97  Turnover: 0.5816  Gross: 1.4008  Gate: 0.8015
Episode 760  Reward:  -0.018406  Wealth:    106928.97  Turnover: 0.5900  Gross: 1.3950  Gate: 0.7900
Episode    760  AvgReward:   0.053373  Noise: 0.0328
Episode 761  Reward:   0.235473  Wealth:    143832.77  Turnover: 0.2674  Gross: 1.4036  Gate: 0.8071
Episode 762  Reward:   0.187959  Wealth:    134983.01  Turnover: 0.1412  Gross: 1.4068  Gate: 0.8136
Episode 763  Reward:   0.129241  Wealth:    126614.21  Turnover: 0.8495  Gross: 1.4052  Gate: 0.8104
Episode 764  Reward:   0.256249  Wealth:    150954.99  Turnover: 1.0347  Gross: 1.4083  Gate: 0.8167
Episode 765  Reward:   0.242027  Wealth:    146986.21  Turnover: 0.7792  Gross: 1.4013  Gate: 0.8026
Episode 766  Reward:   0.107601  Wealth:    122558.22  Turnover: 0.5192  Gross: 1.3981  Gate: 0.7962
Episode 767  Reward:   0.120805  Wealth:    127128.68  Turnover: 0.8317  Gross: 1.3933  Gate: 0.7866
Episode 768  Reward:  -0.125635  Wealth:     94828.41  Turnover: 0.2954  Gross: 1.4020  Gate: 0.8040
Episode 769  Reward:   0.237627  Wealth:    147491.87  Turnover: 0.5916  Gross: 1.4007  Gate: 0.8014
Episode 770  Reward:   0.162602  Wealth:    133348.57  Turnover: 0.9086  Gross: 1.3964  Gate: 0.7927
Episode    770  AvgReward:   0.155395  Noise: 0.0322
Episode 771  Reward:  -0.133152  Wealth:     95150.99  Turnover: 0.6973  Gross: 1.3990  Gate: 0.7981
Episode 772  Reward:   0.041845  Wealth:    113560.67  Turnover: 0.4969  Gross: 1.4007  Gate: 0.8013
Episode 773  Reward:   0.337133  Wealth:    170329.98  Turnover: 0.4664  Gross: 1.4068  Gate: 0.8136
Episode 774  Reward:   0.183815  Wealth:    135256.80  Turnover: 0.5239  Gross: 1.4109  Gate: 0.8218
Episode 775  Reward:   0.042787  Wealth:    113466.99  Turnover: 0.3947  Gross: 1.4042  Gate: 0.8085
Episode 776  Reward:   0.046929  Wealth:    113843.77  Turnover: 0.3811  Gross: 1.4053  Gate: 0.8105
Episode 777  Reward:   0.021174  Wealth:    110925.28  Turnover: 0.3965  Gross: 1.4050  Gate: 0.8099
Episode 778  Reward:   0.091797  Wealth:    119934.20  Turnover: 0.2825  Gross: 1.4074  Gate: 0.8148
Episode 779  Reward:   0.343092  Wealth:    172156.22  Turnover: 0.5059  Gross: 1.3993  Gate: 0.7985
Episode 780  Reward:  -0.104474  Wealth:     97436.22  Turnover: 0.6244  Gross: 1.3950  Gate: 0.7901
Episode    780  AvgReward:   0.087094  Noise: 0.0315
Episode 781  Reward:   0.112244  Wealth:    123919.01  Turnover: 0.3784  Gross: 1.3986  Gate: 0.7972
Episode 782  Reward:   0.037605  Wealth:    112915.04  Turnover: 0.6647  Gross: 1.3981  Gate: 0.7962
Episode 783  Reward:   0.154535  Wealth:    131463.39  Turnover: 0.8283  Gross: 1.3978  Gate: 0.7957
Episode 784  Reward:   0.146747  Wealth:    128602.97  Turnover: 0.5345  Gross: 1.3917  Gate: 0.7834
Episode 785  Reward:   0.253564  Wealth:    148726.15  Turnover: 0.4600  Gross: 1.3998  Gate: 0.7996
Episode 786  Reward:   0.124367  Wealth:    125136.91  Turnover: 0.5667  Gross: 1.3965  Gate: 0.7929
Episode 787  Reward:   0.103391  Wealth:    125145.29  Turnover: 0.8139  Gross: 1.3969  Gate: 0.7938
Episode 788  Reward:   0.281388  Wealth:    155278.91  Turnover: 0.2612  Gross: 1.4040  Gate: 0.8081
Episode 789  Reward:   0.070729  Wealth:    118301.72  Turnover: 0.6059  Gross: 1.3961  Gate: 0.7922
Episode 790  Reward:   0.197520  Wealth:    142626.01  Turnover: 0.7424  Gross: 1.4039  Gate: 0.8078
Episode    790  AvgReward:   0.148209  Noise: 0.0309
Episode 791  Reward:   0.142259  Wealth:    128040.53  Turnover: 0.4760  Gross: 1.3981  Gate: 0.7962
Episode 792  Reward:   0.084128  Wealth:    121789.75  Turnover: 0.5798  Gross: 1.4023  Gate: 0.8047
Episode 793  Reward:   0.232901  Wealth:    144657.60  Turnover: 0.4120  Gross: 1.4042  Gate: 0.8085
Episode 794  Reward:   0.055217  Wealth:    116122.30  Turnover: 0.4996  Gross: 1.3966  Gate: 0.7933
Episode 795  Reward:  -0.042430  Wealth:    104673.33  Turnover: 0.5163  Gross: 1.3869  Gate: 0.7738
Episode 796  Reward:   0.232235  Wealth:    145155.06  Turnover: 0.4530  Gross: 1.4030  Gate: 0.8060
Episode 797  Reward:   0.086686  Wealth:    119132.77  Turnover: 0.5268  Gross: 1.3983  Gate: 0.7967
Episode 798  Reward:   0.321830  Wealth:    167414.03  Turnover: 0.7622  Gross: 1.3985  Gate: 0.7970
Episode 799  Reward:   0.176210  Wealth:    133180.80  Turnover: 0.4119  Gross: 1.4012  Gate: 0.8023
Episode 800  Reward:   0.216531  Wealth:    140389.33  Turnover: 0.3294  Gross: 1.3973  Gate: 0.7947
Episode    800  AvgReward:   0.150557  Noise: 0.0303
Episode 801  Reward:   0.176147  Wealth:    132379.55  Turnover: 0.4575  Gross: 1.3962  Gate: 0.7925
Episode 802  Reward:   0.069387  Wealth:    117559.79  Turnover: 0.5833  Gross: 1.3970  Gate: 0.7940
Episode 803  Reward:   0.175627  Wealth:    136040.17  Turnover: 0.5377  Gross: 1.3948  Gate: 0.7897
Episode 804  Reward:   0.116384  Wealth:    124965.01  Turnover: 0.6449  Gross: 1.3935  Gate: 0.7871
Episode 805  Reward:   0.124808  Wealth:    126994.11  Turnover: 0.6489  Gross: 1.3802  Gate: 0.7605
Episode 806  Reward:   0.227533  Wealth:    143241.94  Turnover: 0.3972  Gross: 1.4014  Gate: 0.8028
Episode 807  Reward:   0.306088  Wealth:    162975.22  Turnover: 0.6774  Gross: 1.4020  Gate: 0.8039
Episode 808  Reward:   0.143528  Wealth:    129721.75  Turnover: 0.5499  Gross: 1.4022  Gate: 0.8044
Episode 809  Reward:   0.216919  Wealth:    141251.59  Turnover: 0.5246  Gross: 1.4068  Gate: 0.8136
Episode 810  Reward:  -0.185252  Wealth:     90922.65  Turnover: 0.3480  Gross: 1.3914  Gate: 0.7829
Episode    810  AvgReward:   0.137117  Noise: 0.0297
Episode 811  Reward:   0.278615  Wealth:    157197.68  Turnover: 0.5728  Gross: 1.4025  Gate: 0.8051
Episode 812  Reward:   0.194804  Wealth:    137691.12  Turnover: 0.7661  Gross: 1.3951  Gate: 0.7902
Episode 813  Reward:  -0.161519  Wealth:     93316.35  Turnover: 0.6252  Gross: 1.3973  Gate: 0.7946
Episode 814  Reward:   0.255913  Wealth:    149354.37  Turnover: 0.5465  Gross: 1.4032  Gate: 0.8064
Episode 815  Reward:   0.194102  Wealth:    137552.31  Turnover: 0.5548  Gross: 1.3986  Gate: 0.7973
Episode 816  Reward:   0.187151  Wealth:    135482.39  Turnover: 0.4770  Gross: 1.3905  Gate: 0.7810
Episode 817  Reward:   0.173328  Wealth:    137702.16  Turnover: 0.7521  Gross: 1.3851  Gate: 0.7702
Episode 818  Reward:   0.189374  Wealth:    138799.20  Turnover: 0.6862  Gross: 1.3996  Gate: 0.7992
Episode 819  Reward:   0.030520  Wealth:    113773.66  Turnover: 0.9355  Gross: 1.3970  Gate: 0.7940
Episode 820  Reward:   0.216207  Wealth:    146611.23  Turnover: 0.9455  Gross: 1.3939  Gate: 0.7877
Episode    820  AvgReward:   0.155849  Noise: 0.0291
Episode 821  Reward:   0.098151  Wealth:    122973.72  Turnover: 0.7494  Gross: 1.4008  Gate: 0.8017
Episode 822  Reward:   0.031799  Wealth:    111451.06  Turnover: 0.5249  Gross: 1.4086  Gate: 0.8172
Episode 823  Reward:   0.213103  Wealth:    142065.26  Turnover: 0.6056  Gross: 1.4025  Gate: 0.8051
Episode 824  Reward:   0.098949  Wealth:    121922.37  Turnover: 0.3750  Gross: 1.3901  Gate: 0.7802
Episode 825  Reward:   0.159893  Wealth:    130481.22  Turnover: 0.5536  Gross: 1.3940  Gate: 0.7880
Episode 826  Reward:  -0.000230  Wealth:    108521.58  Turnover: 0.5759  Gross: 1.4038  Gate: 0.8076
Episode 827  Reward:   0.255899  Wealth:    151427.79  Turnover: 0.4940  Gross: 1.3966  Gate: 0.7931
Episode 828  Reward:   0.044958  Wealth:    114213.09  Turnover: 0.4240  Gross: 1.3874  Gate: 0.7747
Episode 829  Reward:   0.190002  Wealth:    135991.69  Turnover: 0.4635  Gross: 1.4092  Gate: 0.8183
Episode 830  Reward:   0.218718  Wealth:    142783.03  Turnover: 0.6711  Gross: 1.4002  Gate: 0.8004
Episode    830  AvgReward:   0.131124  Noise: 0.0285
Episode 831  Reward:   0.235543  Wealth:    148025.36  Turnover: 0.5939  Gross: 1.3989  Gate: 0.7978
Episode 832  Reward:   0.263396  Wealth:    154234.44  Turnover: 0.6379  Gross: 1.3911  Gate: 0.7823
Episode 833  Reward:   0.084953  Wealth:    119475.24  Turnover: 0.5828  Gross: 1.3881  Gate: 0.7762
Episode 834  Reward:   0.073952  Wealth:    118938.74  Turnover: 0.5830  Gross: 1.3900  Gate: 0.7799
Episode 835  Reward:   0.182343  Wealth:    136137.56  Turnover: 0.6756  Gross: 1.4015  Gate: 0.8029
Episode 836  Reward:   0.299273  Wealth:    161635.69  Turnover: 0.6190  Gross: 1.3984  Gate: 0.7968
Episode 837  Reward:  -0.132742  Wealth:     95547.21  Turnover: 0.5805  Gross: 1.3952  Gate: 0.7905
Episode 838  Reward:   0.093453  Wealth:    118635.06  Turnover: 0.5493  Gross: 1.3951  Gate: 0.7903
Episode 839  Reward:  -0.011410  Wealth:    108588.73  Turnover: 0.8772  Gross: 1.3959  Gate: 0.7919
Episode 840  Reward:   0.223685  Wealth:    142976.35  Turnover: 0.4411  Gross: 1.3908  Gate: 0.7816
Episode    840  AvgReward:   0.131245  Noise: 0.0280
Episode 841  Reward:   0.109754  Wealth:    123032.93  Turnover: 0.6321  Gross: 1.4082  Gate: 0.8163
Episode 842  Reward:  -0.166845  Wealth:     93165.27  Turnover: 0.6130  Gross: 1.3976  Gate: 0.7952
Episode 843  Reward:  -0.006499  Wealth:    108661.62  Turnover: 0.6011  Gross: 1.4045  Gate: 0.8090
Episode 844  Reward:   0.118915  Wealth:    128470.04  Turnover: 0.5198  Gross: 1.4035  Gate: 0.8069
Episode 845  Reward:  -0.088066  Wealth:     99522.36  Turnover: 0.4017  Gross: 1.4016  Gate: 0.8032
Episode 846  Reward:   0.195530  Wealth:    139536.02  Turnover: 0.5432  Gross: 1.4026  Gate: 0.8052
Episode 847  Reward:   0.247659  Wealth:    153849.88  Turnover: 0.5254  Gross: 1.4018  Gate: 0.8036
Episode 848  Reward:   0.051509  Wealth:    118132.66  Turnover: 0.7262  Gross: 1.4049  Gate: 0.8097
Episode 849  Reward:   0.259351  Wealth:    149946.32  Turnover: 0.2721  Gross: 1.4041  Gate: 0.8083
Episode 850  Reward:   0.094603  Wealth:    119829.88  Turnover: 0.5260  Gross: 1.3917  Gate: 0.7834
Episode    850  AvgReward:   0.081591  Noise: 0.0274
Episode 851  Reward:   0.034799  Wealth:    111804.92  Turnover: 0.2192  Gross: 1.4020  Gate: 0.8040
Episode 852  Reward:   0.364824  Wealth:    184089.21  Turnover: 0.6218  Gross: 1.4018  Gate: 0.8036
Episode 853  Reward:   0.245570  Wealth:    149899.16  Turnover: 0.6480  Gross: 1.3839  Gate: 0.7678
Episode 854  Reward:   0.159663  Wealth:    133794.80  Turnover: 0.5098  Gross: 1.4047  Gate: 0.8094
Episode 855  Reward:   0.220295  Wealth:    144280.29  Turnover: 0.8109  Gross: 1.4012  Gate: 0.8023
Episode 856  Reward:  -0.106959  Wealth:     99687.36  Turnover: 0.4153  Gross: 1.4008  Gate: 0.8016
Episode 857  Reward:   0.159280  Wealth:    130651.22  Turnover: 0.3480  Gross: 1.4023  Gate: 0.8047
Episode 858  Reward:   0.134911  Wealth:    128171.64  Turnover: 0.7590  Gross: 1.3956  Gate: 0.7912
Episode 859  Reward:   0.194706  Wealth:    136266.08  Turnover: 0.4427  Gross: 1.4033  Gate: 0.8065
Episode 860  Reward:   0.229343  Wealth:    145538.69  Turnover: 0.7127  Gross: 1.4106  Gate: 0.8211
Episode    860  AvgReward:   0.163643  Noise: 0.0269
Episode 861  Reward:   0.103250  Wealth:    124476.31  Turnover: 0.7857  Gross: 1.3960  Gate: 0.7921
Episode 862  Reward:  -0.036990  Wealth:    107131.69  Turnover: 0.5410  Gross: 1.3982  Gate: 0.7964
Episode 863  Reward:   0.077309  Wealth:    120006.19  Turnover: 0.5459  Gross: 1.4035  Gate: 0.8070
Episode 864  Reward:   0.011941  Wealth:    110362.33  Turnover: 0.6467  Gross: 1.4006  Gate: 0.8011
Episode 865  Reward:  -0.189059  Wealth:     89663.19  Turnover: 0.4520  Gross: 1.4027  Gate: 0.8053
Episode 866  Reward:   0.118586  Wealth:    124425.17  Turnover: 0.4540  Gross: 1.4016  Gate: 0.8033
Episode 867  Reward:  -0.068940  Wealth:    102256.17  Turnover: 0.6984  Gross: 1.3967  Gate: 0.7935
Episode 868  Reward:   0.189558  Wealth:    136790.12  Turnover: 0.5598  Gross: 1.4054  Gate: 0.8109
Episode 869  Reward:   0.046844  Wealth:    113392.54  Turnover: 0.5144  Gross: 1.3995  Gate: 0.7989
Episode 870  Reward:   0.243048  Wealth:    145759.99  Turnover: 0.3202  Gross: 1.4003  Gate: 0.8005
Episode    870  AvgReward:   0.049555  Noise: 0.0263
Episode 871  Reward:   0.029542  Wealth:    113757.24  Turnover: 0.5654  Gross: 1.3971  Gate: 0.7943
Episode 872  Reward:   0.082497  Wealth:    121777.02  Turnover: 0.7617  Gross: 1.3970  Gate: 0.7940
Episode 873  Reward:   0.184510  Wealth:    139264.99  Turnover: 0.6973  Gross: 1.4032  Gate: 0.8065
Episode 874  Reward:  -0.113985  Wealth:     98373.43  Turnover: 0.5130  Gross: 1.3983  Gate: 0.7966
Episode 875  Reward:   0.166219  Wealth:    133627.08  Turnover: 0.5810  Gross: 1.4012  Gate: 0.8024
Episode 876  Reward:  -0.262159  Wealth:     87042.89  Turnover: 0.4663  Gross: 1.3932  Gate: 0.7864
Episode 877  Reward:   0.169834  Wealth:    132551.68  Turnover: 0.5435  Gross: 1.4069  Gate: 0.8138
Episode 878  Reward:  -0.087804  Wealth:    101045.17  Turnover: 0.6143  Gross: 1.4021  Gate: 0.8042
Episode 879  Reward:   0.154127  Wealth:    130022.04  Turnover: 0.4713  Gross: 1.3978  Gate: 0.7957
Episode 880  Reward:  -0.357438  Wealth:     79638.50  Turnover: 0.6224  Gross: 1.3964  Gate: 0.7928
Episode    880  AvgReward:  -0.003466  Noise: 0.0258
Episode 881  Reward:   0.203818  Wealth:    138347.05  Turnover: 0.2810  Gross: 1.3990  Gate: 0.7981
Episode 882  Reward:   0.082091  Wealth:    121288.49  Turnover: 0.5023  Gross: 1.4009  Gate: 0.8018
Episode 883  Reward:   0.104360  Wealth:    125655.72  Turnover: 0.5648  Gross: 1.3920  Gate: 0.7841
Episode 884  Reward:  -0.041831  Wealth:    103196.98  Turnover: 0.5964  Gross: 1.3945  Gate: 0.7891
Episode 885  Reward:  -0.136992  Wealth:     96286.28  Turnover: 0.5936  Gross: 1.3989  Gate: 0.7977
Episode 886  Reward:   0.071234  Wealth:    117290.59  Turnover: 0.4159  Gross: 1.3978  Gate: 0.7956
Episode 887  Reward:   0.281030  Wealth:    157812.50  Turnover: 0.8400  Gross: 1.4009  Gate: 0.8017
Episode 888  Reward:   0.220581  Wealth:    145280.91  Turnover: 0.6664  Gross: 1.3950  Gate: 0.7899
Episode 889  Reward:   0.247871  Wealth:    149979.86  Turnover: 0.6847  Gross: 1.3945  Gate: 0.7890
Episode 890  Reward:   0.068763  Wealth:    115624.61  Turnover: 0.3619  Gross: 1.3926  Gate: 0.7852
Episode    890  AvgReward:   0.110093  Noise: 0.0253
Episode 891  Reward:   0.177106  Wealth:    136901.89  Turnover: 0.8207  Gross: 1.3897  Gate: 0.7794
Episode 892  Reward:   0.103567  Wealth:    120668.33  Turnover: 0.3321  Gross: 1.4061  Gate: 0.8122
Episode 893  Reward:  -0.030935  Wealth:    107262.39  Turnover: 0.5571  Gross: 1.3978  Gate: 0.7956
Episode 894  Reward:  -0.034663  Wealth:    105175.89  Turnover: 0.5803  Gross: 1.3959  Gate: 0.7918
Episode 895  Reward:   0.253433  Wealth:    151435.38  Turnover: 0.7001  Gross: 1.4019  Gate: 0.8037
Episode 896  Reward:   0.278745  Wealth:    158837.01  Turnover: 0.4339  Gross: 1.3923  Gate: 0.7846
Episode 897  Reward:   0.048995  Wealth:    114868.91  Turnover: 0.5019  Gross: 1.4028  Gate: 0.8057
Episode 898  Reward:   0.098068  Wealth:    125445.36  Turnover: 0.5011  Gross: 1.3985  Gate: 0.7970
Episode 899  Reward:   0.212027  Wealth:    143189.27  Turnover: 0.7095  Gross: 1.3972  Gate: 0.7944
Episode 900  Reward:   0.185687  Wealth:    135184.52  Turnover: 0.3124  Gross: 1.3996  Gate: 0.7992
Episode    900  AvgReward:   0.129203  Noise: 0.0248
Episode 901  Reward:   0.167545  Wealth:    133735.18  Turnover: 0.6005  Gross: 1.3984  Gate: 0.7968
Episode 902  Reward:   0.198686  Wealth:    139861.10  Turnover: 0.6941  Gross: 1.3966  Gate: 0.7933
Episode 903  Reward:  -0.131069  Wealth:     96262.22  Turnover: 0.6730  Gross: 1.4051  Gate: 0.8101
Episode 904  Reward:   0.126937  Wealth:    129814.61  Turnover: 0.4935  Gross: 1.3903  Gate: 0.7806
Episode 905  Reward:   0.021922  Wealth:    113181.77  Turnover: 0.6391  Gross: 1.3963  Gate: 0.7925
Episode 906  Reward:  -0.057187  Wealth:    104639.01  Turnover: 0.5147  Gross: 1.3933  Gate: 0.7865
Episode 907  Reward:   0.041340  Wealth:    114283.27  Turnover: 0.6670  Gross: 1.3918  Gate: 0.7836
Episode 908  Reward:  -0.064333  Wealth:    104325.31  Turnover: 0.6213  Gross: 1.3942  Gate: 0.7884
Episode 909  Reward:   0.212241  Wealth:    147125.54  Turnover: 0.5716  Gross: 1.3982  Gate: 0.7965
Episode 910  Reward:   0.103441  Wealth:    121416.32  Turnover: 0.6023  Gross: 1.3992  Gate: 0.7984
Episode    910  AvgReward:   0.061952  Noise: 0.0243
Episode 911  Reward:   0.210897  Wealth:    142535.50  Turnover: 0.6579  Gross: 1.3997  Gate: 0.7994
Episode 912  Reward:   0.031613  Wealth:    114499.96  Turnover: 0.7298  Gross: 1.3995  Gate: 0.7989
Episode 913  Reward:   0.041272  Wealth:    116629.52  Turnover: 0.6476  Gross: 1.3995  Gate: 0.7990
Episode 914  Reward:   0.023954  Wealth:    114479.13  Turnover: 0.4429  Gross: 1.3921  Gate: 0.7842
Episode 915  Reward:   0.172228  Wealth:    137305.19  Turnover: 0.7419  Gross: 1.4017  Gate: 0.8035
Episode 916  Reward:   0.282083  Wealth:    155130.19  Turnover: 0.5534  Gross: 1.4027  Gate: 0.8055
Episode 917  Reward:  -0.246376  Wealth:     86437.21  Turnover: 0.5218  Gross: 1.3742  Gate: 0.7485
Episode 918  Reward:   0.079107  Wealth:    121996.78  Turnover: 0.6137  Gross: 1.3929  Gate: 0.7858
Episode 919  Reward:   0.268085  Wealth:    152804.83  Turnover: 0.5924  Gross: 1.3953  Gate: 0.7905
Episode 920  Reward:   0.081302  Wealth:    119234.26  Turnover: 0.6493  Gross: 1.3957  Gate: 0.7914
Episode    920  AvgReward:   0.094416  Noise: 0.0238
Episode 921  Reward:   0.149967  Wealth:    130054.10  Turnover: 0.6011  Gross: 1.3976  Gate: 0.7953
Episode 922  Reward:  -0.252682  Wealth:     85250.50  Turnover: 0.5845  Gross: 1.4024  Gate: 0.8048
Episode 923  Reward:   0.206100  Wealth:    138072.99  Turnover: 0.2889  Gross: 1.3975  Gate: 0.7951
Episode 924  Reward:  -0.281689  Wealth:     84343.56  Turnover: 0.5666  Gross: 1.4045  Gate: 0.8090
Episode 925  Reward:   0.227383  Wealth:    149189.34  Turnover: 0.5143  Gross: 1.3981  Gate: 0.7962
Episode 926  Reward:   0.115302  Wealth:    127715.59  Turnover: 0.5861  Gross: 1.3998  Gate: 0.7997
Episode 927  Reward:   0.072521  Wealth:    117160.67  Turnover: 0.5048  Gross: 1.4114  Gate: 0.8227
Episode 928  Reward:   0.102113  Wealth:    125655.50  Turnover: 0.6104  Gross: 1.3974  Gate: 0.7948
Episode 929  Reward:   0.160601  Wealth:    131419.22  Turnover: 0.5774  Gross: 1.3892  Gate: 0.7784
Episode 930  Reward:   0.173666  Wealth:    134612.73  Turnover: 0.3518  Gross: 1.4056  Gate: 0.8113
Episode    930  AvgReward:   0.067328  Noise: 0.0234
Episode 931  Reward:   0.094943  Wealth:    120882.05  Turnover: 0.5831  Gross: 1.3971  Gate: 0.7941
Episode 932  Reward:  -0.018348  Wealth:    108071.54  Turnover: 0.8164  Gross: 1.3909  Gate: 0.7818
Episode 933  Reward:   0.207147  Wealth:    139415.83  Turnover: 0.5762  Gross: 1.3983  Gate: 0.7967
Episode 934  Reward:   0.185333  Wealth:    136645.16  Turnover: 0.7511  Gross: 1.3970  Gate: 0.7941
Episode 935  Reward:   0.065375  Wealth:    117384.86  Turnover: 0.5711  Gross: 1.4002  Gate: 0.8003
Episode 936  Reward:  -0.035994  Wealth:    104134.31  Turnover: 0.4638  Gross: 1.4027  Gate: 0.8055
Episode 937  Reward:   0.050280  Wealth:    114422.81  Turnover: 0.5263  Gross: 1.4015  Gate: 0.8030
Episode 938  Reward:  -0.494568  Wealth:     71356.49  Turnover: 0.5314  Gross: 1.3940  Gate: 0.7880
Episode 939  Reward:   0.044675  Wealth:    114148.50  Turnover: 0.3746  Gross: 1.3927  Gate: 0.7854
Episode 940  Reward:   0.111170  Wealth:    124816.55  Turnover: 0.5433  Gross: 1.3819  Gate: 0.7637
Episode    940  AvgReward:   0.021001  Noise: 0.0229
Episode 941  Reward:   0.229403  Wealth:    143036.92  Turnover: 0.4102  Gross: 1.4048  Gate: 0.8096
Episode 942  Reward:   0.211267  Wealth:    140323.52  Turnover: 0.6407  Gross: 1.3832  Gate: 0.7665
Episode 943  Reward:   0.053968  Wealth:    115017.35  Turnover: 0.6140  Gross: 1.3875  Gate: 0.7750
Episode 944  Reward:   0.247379  Wealth:    151091.02  Turnover: 0.5190  Gross: 1.3948  Gate: 0.7895
Episode 945  Reward:   0.106843  Wealth:    122353.68  Turnover: 0.5674  Gross: 1.3781  Gate: 0.7561
Episode 946  Reward:  -0.151055  Wealth:     94174.01  Turnover: 0.4968  Gross: 1.3927  Gate: 0.7855
Episode 947  Reward:   0.177761  Wealth:    134822.72  Turnover: 0.5375  Gross: 1.3841  Gate: 0.7683
Episode 948  Reward:   0.220876  Wealth:    144956.21  Turnover: 0.4111  Gross: 1.3909  Gate: 0.7818
Episode 949  Reward:   0.207675  Wealth:    139669.61  Turnover: 0.4287  Gross: 1.4068  Gate: 0.8137
Episode 950  Reward:   0.288210  Wealth:    157634.97  Turnover: 0.3834  Gross: 1.3952  Gate: 0.7904
Episode    950  AvgReward:   0.159233  Noise: 0.0224
Episode 951  Reward:   0.043878  Wealth:    113886.75  Turnover: 0.7169  Gross: 1.4021  Gate: 0.8042
Episode 952  Reward:   0.167291  Wealth:    133112.51  Turnover: 0.4578  Gross: 1.3994  Gate: 0.7989
Episode 953  Reward:   0.157660  Wealth:    131708.05  Turnover: 0.3871  Gross: 1.3952  Gate: 0.7904
Episode 954  Reward:   0.203620  Wealth:    141726.53  Turnover: 0.4511  Gross: 1.3684  Gate: 0.7368
Episode 955  Reward:   0.167326  Wealth:    132136.52  Turnover: 0.5393  Gross: 1.4108  Gate: 0.8216
Episode 956  Reward:   0.011357  Wealth:    110201.98  Turnover: 0.4259  Gross: 1.3968  Gate: 0.7935
Episode 957  Reward:   0.266484  Wealth:    155215.88  Turnover: 0.6644  Gross: 1.3847  Gate: 0.7694
Episode 958  Reward:  -0.128676  Wealth:     97684.29  Turnover: 0.6666  Gross: 1.3986  Gate: 0.7971
Episode 959  Reward:  -0.095563  Wealth:     98164.79  Turnover: 0.5945  Gross: 1.3823  Gate: 0.7645
Episode 960  Reward:   0.078840  Wealth:    119061.32  Turnover: 0.7157  Gross: 1.3885  Gate: 0.7770
Episode    960  AvgReward:   0.087222  Noise: 0.0220
Episode 961  Reward:   0.175384  Wealth:    137519.43  Turnover: 0.8202  Gross: 1.3960  Gate: 0.7920
Episode 962  Reward:  -0.034545  Wealth:    107146.60  Turnover: 0.4253  Gross: 1.3867  Gate: 0.7735
Episode 963  Reward:  -0.166768  Wealth:     92766.82  Turnover: 0.6156  Gross: 1.3936  Gate: 0.7872
Episode 964  Reward:   0.081418  Wealth:    121124.74  Turnover: 0.8084  Gross: 1.4018  Gate: 0.8037
Episode 965  Reward:   0.150025  Wealth:    130608.22  Turnover: 0.8219  Gross: 1.3971  Gate: 0.7943
Episode 966  Reward:   0.085199  Wealth:    120264.88  Turnover: 0.6675  Gross: 1.3940  Gate: 0.7880
Episode 967  Reward:   0.240350  Wealth:    152225.01  Turnover: 0.7711  Gross: 1.3945  Gate: 0.7890
Episode 968  Reward:   0.082710  Wealth:    119128.36  Turnover: 0.5689  Gross: 1.4127  Gate: 0.8253
Episode 969  Reward:  -0.168507  Wealth:     91911.56  Turnover: 0.5141  Gross: 1.3854  Gate: 0.7707
Episode 970  Reward:  -0.013458  Wealth:    108854.34  Turnover: 0.7180  Gross: 1.3910  Gate: 0.7821
Episode    970  AvgReward:   0.043181  Noise: 0.0216
Episode 971  Reward:   0.191344  Wealth:    137196.52  Turnover: 0.4916  Gross: 1.4003  Gate: 0.8005
Episode 972  Reward:   0.187621  Wealth:    137449.61  Turnover: 0.4977  Gross: 1.4085  Gate: 0.8170
Episode 973  Reward:   0.064853  Wealth:    116495.82  Turnover: 0.5635  Gross: 1.3994  Gate: 0.7988
Episode 974  Reward:  -0.001503  Wealth:    108063.71  Turnover: 0.4169  Gross: 1.3965  Gate: 0.7931
Episode 975  Reward:   0.032642  Wealth:    114282.15  Turnover: 0.7250  Gross: 1.4037  Gate: 0.8074
Episode 976  Reward:   0.397753  Wealth:    195647.29  Turnover: 0.7795  Gross: 1.3945  Gate: 0.7890
Episode 977  Reward:   0.172429  Wealth:    134304.95  Turnover: 0.8636  Gross: 1.3920  Gate: 0.7840
Episode 978  Reward:   0.327323  Wealth:    167675.40  Turnover: 0.5528  Gross: 1.4050  Gate: 0.8101
Episode 979  Reward:  -0.060560  Wealth:    101783.91  Turnover: 0.5501  Gross: 1.4071  Gate: 0.8143
Episode 980  Reward:   0.194411  Wealth:    137640.76  Turnover: 0.5902  Gross: 1.3904  Gate: 0.7808
Episode    980  AvgReward:   0.150631  Noise: 0.0211
Episode 981  Reward:  -0.172746  Wealth:     91433.13  Turnover: 0.6526  Gross: 1.3892  Gate: 0.7783
Episode 982  Reward:   0.250297  Wealth:    148896.88  Turnover: 0.6780  Gross: 1.3984  Gate: 0.7969
Episode 983  Reward:   0.153206  Wealth:    128852.96  Turnover: 0.3882  Gross: 1.4052  Gate: 0.8103
Episode 984  Reward:   0.202851  Wealth:    140076.18  Turnover: 0.5228  Gross: 1.4000  Gate: 0.7999
Episode 985  Reward:   0.079807  Wealth:    119670.51  Turnover: 0.4337  Gross: 1.4024  Gate: 0.8049
Episode 986  Reward:  -0.401606  Wealth:     75777.84  Turnover: 0.7021  Gross: 1.3775  Gate: 0.7550
Episode 987  Reward:  -0.156194  Wealth:     91820.20  Turnover: 0.3894  Gross: 1.3797  Gate: 0.7594
Episode 988  Reward:  -0.173417  Wealth:     92005.66  Turnover: 0.6635  Gross: 1.3904  Gate: 0.7809
Episode 989  Reward:   0.023381  Wealth:    113817.30  Turnover: 0.8658  Gross: 1.4055  Gate: 0.8109
Episode 990  Reward:   0.034119  Wealth:    113317.92  Turnover: 0.3612  Gross: 1.3899  Gate: 0.7798
Episode    990  AvgReward:  -0.016030  Noise: 0.0207
Episode 991  Reward:   0.067288  Wealth:    115903.47  Turnover: 0.4562  Gross: 1.3987  Gate: 0.7974
Episode 992  Reward:   0.094115  Wealth:    119931.01  Turnover: 0.3695  Gross: 1.4061  Gate: 0.8122
Episode 993  Reward:   0.038519  Wealth:    115012.38  Turnover: 0.4428  Gross: 1.3829  Gate: 0.7658
Episode 994  Reward:   0.119811  Wealth:    126146.77  Turnover: 0.6049  Gross: 1.4018  Gate: 0.8035
Episode 995  Reward:   0.134764  Wealth:    127247.42  Turnover: 0.5933  Gross: 1.4007  Gate: 0.8014
Episode 996  Reward:   0.146176  Wealth:    129615.31  Turnover: 0.8059  Gross: 1.3982  Gate: 0.7964
Episode 997  Reward:   0.243533  Wealth:    146333.06  Turnover: 0.3449  Gross: 1.4076  Gate: 0.8152
Episode 998  Reward:   0.099313  Wealth:    120356.89  Turnover: 0.3128  Gross: 1.3997  Gate: 0.7993
Episode 999  Reward:   0.001806  Wealth:    107614.06  Turnover: 0.3575  Gross: 1.4047  Gate: 0.8094
Episode 1000  Reward:  -0.017989  Wealth:    108532.78  Turnover: 0.7425  Gross: 1.3917  Gate: 0.7835
Episode   1000  AvgReward:   0.092734  Noise: 0.0203
TRAIN STAGE COMPLETE
PRE-TRAINING BEHAVIOUR GATE PASSED on deterministic held-in episodes: mean_leverage_gate=0.7931, fraction_at_gross_cap=0.0000, gate_gross_mae=0.0000, mean_turnover=0.5654, max_position_limit_violation=0.0000, mean_normalized_direction_entropy=0.8787, q05_normalized_direction_entropy=0.8032, mean_effective_positions=4.2570
Pre-training complete. Agent saved.

============================================================
Stage 2: Fine-tuning on Real Data

============================================================
============================================================
STAGE 2: FINE-TUNING
============================================================
============================================================
TRAIN STAGE STARTED: stage=finetune_selection, episodes=37, batch_size=64, updates_per_step=1
============================================================
Episode 1  Reward:   0.215523  Wealth:    139960.39  Turnover: 0.5292  Gross: 1.3954  Gate: 0.7907
Episode 2  Reward:   0.079495  Wealth:    120509.31  Turnover: 0.4537  Gross: 1.3904  Gate: 0.7808
Episode 3  Reward:   0.072688  Wealth:    119073.46  Turnover: 0.5312  Gross: 1.3990  Gate: 0.7980
Episode 4  Reward:   0.118467  Wealth:    123019.55  Turnover: 0.5153  Gross: 1.3998  Gate: 0.7995
Episode 5  Reward:   0.112744  Wealth:    125783.70  Turnover: 0.4112  Gross: 1.4005  Gate: 0.8009
Episode 6  Reward:   0.156433  Wealth:    129362.10  Turnover: 0.4085  Gross: 1.4048  Gate: 0.8096
Episode 7  Reward:   0.132051  Wealth:    126269.04  Turnover: 0.4085  Gross: 1.4026  Gate: 0.8052
Episode 8  Reward:   0.137248  Wealth:    126117.03  Turnover: 0.2831  Gross: 1.4060  Gate: 0.8120
Episode 9  Reward:   0.136379  Wealth:    126792.20  Turnover: 0.3557  Gross: 1.4039  Gate: 0.8078
Episode 10  Reward:   0.119929  Wealth:    123888.28  Turnover: 0.3339  Gross: 1.4008  Gate: 0.8016
Episode 11  Reward:   0.151877  Wealth:    128981.77  Turnover: 0.3351  Gross: 1.3960  Gate: 0.7920
Episode 12  Reward:   0.125688  Wealth:    124630.58  Turnover: 0.2922  Gross: 1.4039  Gate: 0.8078
Episode 13  Reward:   0.109724  Wealth:    121337.59  Turnover: 0.2885  Gross: 1.4041  Gate: 0.8082
Episode 14  Reward:  -0.019723  Wealth:    104837.30  Turnover: 0.2709  Gross: 1.4084  Gate: 0.8168
Episode 15  Reward:   0.061097  Wealth:    114394.46  Turnover: 0.2582  Gross: 1.4078  Gate: 0.8156
Episode 16  Reward:   0.127820  Wealth:    125181.18  Turnover: 0.3642  Gross: 1.4020  Gate: 0.8040
Episode 17  Reward:   0.123752  Wealth:    124153.38  Turnover: 0.3257  Gross: 1.4048  Gate: 0.8096
Episode 18  Reward:   0.162362  Wealth:    131108.67  Turnover: 0.4672  Gross: 1.4043  Gate: 0.8085
Episode 19  Reward:   0.153856  Wealth:    129112.28  Turnover: 0.3991  Gross: 1.4017  Gate: 0.8034
Episode 20  Reward:   0.133025  Wealth:    125425.78  Turnover: 0.3394  Gross: 1.4020  Gate: 0.8040
Episode 21  Reward:   0.101184  Wealth:    120279.28  Turnover: 0.3705  Gross: 1.4028  Gate: 0.8055
Episode 22  Reward:   0.079010  Wealth:    117965.39  Turnover: 0.4048  Gross: 1.4034  Gate: 0.8068
Episode 23  Reward:   0.105972  Wealth:    120834.47  Turnover: 0.3678  Gross: 1.4031  Gate: 0.8061
Episode 24  Reward:   0.163704  Wealth:    131617.17  Turnover: 0.5306  Gross: 1.4044  Gate: 0.8088
Episode 25  Reward:   0.078534  Wealth:    117126.99  Turnover: 0.3698  Gross: 1.4008  Gate: 0.8017
Episode 26  Reward:   0.142700  Wealth:    127012.46  Turnover: 0.4747  Gross: 1.3976  Gate: 0.7952
Episode 27  Reward:   0.173355  Wealth:    133132.07  Turnover: 0.4914  Gross: 1.4016  Gate: 0.8032
Episode 28  Reward:   0.142941  Wealth:    127879.33  Turnover: 0.4455  Gross: 1.4012  Gate: 0.8024
Episode 29  Reward:   0.156076  Wealth:    129499.39  Turnover: 0.3985  Gross: 1.3910  Gate: 0.7820
Episode 30  Reward:   0.187695  Wealth:    134410.59  Turnover: 0.4539  Gross: 1.3993  Gate: 0.7987
Episode 31  Reward:   0.102214  Wealth:    120122.09  Turnover: 0.3636  Gross: 1.4027  Gate: 0.8054
Episode 32  Reward:   0.200816  Wealth:    136609.66  Turnover: 0.3868  Gross: 1.4016  Gate: 0.8032
Episode 33  Reward:   0.071401  Wealth:    116109.13  Turnover: 0.4091  Gross: 1.3993  Gate: 0.7986
Episode 34  Reward:  -0.028636  Wealth:    103820.59  Turnover: 0.3877  Gross: 1.3992  Gate: 0.7983
Episode 35  Reward:   0.217764  Wealth:    141211.42  Turnover: 0.4799  Gross: 1.3979  Gate: 0.7957
Episode 36  Reward:   0.104968  Wealth:    120443.15  Turnover: 0.4341  Gross: 1.3988  Gate: 0.7977
Episode 37  Reward:   0.098074  Wealth:    119340.98  Turnover: 0.4543  Gross: 1.4000  Gate: 0.8000
Episode     37  AvgReward:   0.121843  Noise: 0.0417
TRAIN STAGE COMPLETE
VALIDATION pass=1 reward=0.281022 wealth=153646.25 turnover=0.3543 gross=1.4009
============================================================
TRAIN STAGE STARTED: stage=finetune_refit_all, episodes=61, batch_size=64, updates_per_step=1
============================================================
Episode 1  Reward:   0.141501  Wealth:    126231.67  Turnover: 0.4366  Gross: 1.4119  Gate: 0.8238
Episode 2  Reward:   0.016589  Wealth:    108824.75  Turnover: 0.4974  Gross: 1.4038  Gate: 0.8075
Episode 3  Reward:   0.071497  Wealth:    119669.32  Turnover: 0.4215  Gross: 1.3904  Gate: 0.7807
Episode 4  Reward:   0.282135  Wealth:    153614.81  Turnover: 0.3616  Gross: 1.4104  Gate: 0.8208
Episode 5  Reward:   0.142808  Wealth:    127457.89  Turnover: 0.5156  Gross: 1.3984  Gate: 0.7968
Episode 6  Reward:   0.180720  Wealth:    132664.48  Turnover: 0.5097  Gross: 1.4007  Gate: 0.8013
Episode 7  Reward:   0.118756  Wealth:    122501.07  Turnover: 0.4631  Gross: 1.4062  Gate: 0.8124
Episode 8  Reward:   0.208559  Wealth:    139291.92  Turnover: 0.5394  Gross: 1.4048  Gate: 0.8095
Episode 9  Reward:   0.051759  Wealth:    115714.99  Turnover: 0.5838  Gross: 1.4116  Gate: 0.8232
Episode 10  Reward:   0.123868  Wealth:    123830.76  Turnover: 0.5450  Gross: 1.4039  Gate: 0.8078
Episode 11  Reward:   0.215203  Wealth:    140554.52  Turnover: 0.5551  Gross: 1.4039  Gate: 0.8077
Episode 12  Reward:   0.065973  Wealth:    114716.66  Turnover: 0.5895  Gross: 1.4035  Gate: 0.8070
Episode 13  Reward:   0.116832  Wealth:    121934.04  Turnover: 0.5401  Gross: 1.4017  Gate: 0.8034
Episode 14  Reward:   0.096181  Wealth:    120640.16  Turnover: 0.4936  Gross: 1.4026  Gate: 0.8052
Episode 15  Reward:   0.247246  Wealth:    150766.81  Turnover: 0.4301  Gross: 1.4056  Gate: 0.8113
Episode 16  Reward:   0.286998  Wealth:    159873.26  Turnover: 0.5472  Gross: 1.4057  Gate: 0.8113
Episode 17  Reward:   0.082368  Wealth:    121351.02  Turnover: 0.3571  Gross: 1.4059  Gate: 0.8119
Episode 18  Reward:   0.145390  Wealth:    132855.61  Turnover: 0.7415  Gross: 1.3970  Gate: 0.7940
Episode 19  Reward:  -0.033720  Wealth:    105256.71  Turnover: 0.4480  Gross: 1.4046  Gate: 0.8092
Episode 20  Reward:  -0.079901  Wealth:     99091.04  Turnover: 0.6290  Gross: 1.4019  Gate: 0.8038
Episode 21  Reward:   0.097494  Wealth:    124108.44  Turnover: 0.6902  Gross: 1.3976  Gate: 0.7952
Episode 22  Reward:   0.037076  Wealth:    112634.84  Turnover: 0.5696  Gross: 1.4049  Gate: 0.8098
Episode 23  Reward:   0.259581  Wealth:    152761.48  Turnover: 0.8143  Gross: 1.4013  Gate: 0.8026
Episode 24  Reward:   0.040224  Wealth:    112172.87  Turnover: 0.5308  Gross: 1.4077  Gate: 0.8154
Episode 25  Reward:   0.232120  Wealth:    143812.59  Turnover: 0.5399  Gross: 1.4058  Gate: 0.8116
Episode 26  Reward:   0.050233  Wealth:    113651.96  Turnover: 0.4144  Gross: 1.4087  Gate: 0.8175
Episode 27  Reward:   0.158309  Wealth:    133097.96  Turnover: 0.7284  Gross: 1.4013  Gate: 0.8027
Episode 28  Reward:   0.046215  Wealth:    116504.56  Turnover: 0.5129  Gross: 1.3979  Gate: 0.7957
Episode 29  Reward:   0.214301  Wealth:    140164.58  Turnover: 0.6141  Gross: 1.4068  Gate: 0.8136
Episode 30  Reward:   0.175880  Wealth:    133510.27  Turnover: 0.6141  Gross: 1.4064  Gate: 0.8127
Episode 31  Reward:   0.093788  Wealth:    122053.62  Turnover: 0.6384  Gross: 1.4020  Gate: 0.8040
Episode 32  Reward:   0.000523  Wealth:    107648.54  Turnover: 0.5548  Gross: 1.4090  Gate: 0.8180
Episode 33  Reward:   0.133592  Wealth:    128355.12  Turnover: 0.6204  Gross: 1.4036  Gate: 0.8072
Episode 34  Reward:   0.046305  Wealth:    113028.02  Turnover: 0.5641  Gross: 1.4094  Gate: 0.8187
Episode 35  Reward:   0.067696  Wealth:    115951.05  Turnover: 0.6196  Gross: 1.4080  Gate: 0.8161
Episode 36  Reward:   0.233093  Wealth:    143980.95  Turnover: 0.5774  Gross: 1.4056  Gate: 0.8112
Episode 37  Reward:   0.209397  Wealth:    138623.22  Turnover: 0.4971  Gross: 1.4078  Gate: 0.8155
Episode 38  Reward:   0.161570  Wealth:    130604.07  Turnover: 0.5143  Gross: 1.4094  Gate: 0.8188
Episode 39  Reward:   0.220408  Wealth:    144904.53  Turnover: 0.7517  Gross: 1.4038  Gate: 0.8077
Episode 40  Reward:   0.314938  Wealth:    167225.39  Turnover: 0.7623  Gross: 1.4048  Gate: 0.8095
Episode 41  Reward:  -0.016730  Wealth:    105574.59  Turnover: 0.5792  Gross: 1.4080  Gate: 0.8161
Episode 42  Reward:   0.049868  Wealth:    113903.07  Turnover: 0.6684  Gross: 1.4082  Gate: 0.8163
Episode 43  Reward:   0.295061  Wealth:    158524.00  Turnover: 0.6298  Gross: 1.4043  Gate: 0.8086
Episode 44  Reward:   0.184515  Wealth:    134162.43  Turnover: 0.5598  Gross: 1.4073  Gate: 0.8146
Episode 45  Reward:   0.049573  Wealth:    117925.00  Turnover: 0.6423  Gross: 1.3953  Gate: 0.7905
Episode 46  Reward:   0.052717  Wealth:    118103.00  Turnover: 0.7638  Gross: 1.3966  Gate: 0.7931
Episode 47  Reward:   0.010389  Wealth:    108433.82  Turnover: 0.5797  Gross: 1.4076  Gate: 0.8151
Episode 48  Reward:   0.116982  Wealth:    123080.90  Turnover: 0.5575  Gross: 1.4079  Gate: 0.8159
Episode 49  Reward:   0.257701  Wealth:    149289.40  Turnover: 0.6117  Gross: 1.4062  Gate: 0.8125
Episode 50  Reward:   0.077407  Wealth:    117235.86  Turnover: 0.6131  Gross: 1.4083  Gate: 0.8167
Episode 51  Reward:   0.224770  Wealth:    145127.44  Turnover: 0.7472  Gross: 1.4065  Gate: 0.8131
Episode 52  Reward:   0.271654  Wealth:    151722.01  Turnover: 0.5121  Gross: 1.4085  Gate: 0.8169
Episode 53  Reward:   0.203015  Wealth:    142130.03  Turnover: 0.9153  Gross: 1.4068  Gate: 0.8135
Episode 54  Reward:   0.167001  Wealth:    130397.83  Turnover: 0.5507  Gross: 1.4071  Gate: 0.8142
Episode 55  Reward:   0.259618  Wealth:    149599.65  Turnover: 0.5777  Gross: 1.4063  Gate: 0.8127
Episode 56  Reward:   0.203132  Wealth:    136902.55  Turnover: 0.5166  Gross: 1.4075  Gate: 0.8151
Episode 57  Reward:   0.241348  Wealth:    145266.66  Turnover: 0.5762  Gross: 1.4064  Gate: 0.8128
Episode 58  Reward:   0.212955  Wealth:    143946.17  Turnover: 0.9069  Gross: 1.4055  Gate: 0.8111
Episode 59  Reward:   0.181004  Wealth:    138935.92  Turnover: 0.9396  Gross: 1.4010  Gate: 0.8021
Episode 60  Reward:   0.098236  Wealth:    119759.66  Turnover: 0.5062  Gross: 1.4064  Gate: 0.8128
Episode 61  Reward:   0.067991  Wealth:    119990.26  Turnover: 0.7742  Gross: 1.3954  Gate: 0.7908
Episode     61  AvgReward:   0.139044  Noise: 0.0370
TRAIN STAGE COMPLETE
Fine-tuning complete. Selected 1 pass(es); final agent saved.

============================================================
TRAINING COMPLETE

============================================================
Error in py_run_string_impl(code, local, convert) : 
  ModuleNotFoundError: No module named 'pandas'
Run `reticulate::py_last_error()` for details.
Calls: py_run_string -> py_run_string_impl
Execution halted

[4/5] Training seed 20260847
Loading configuration from: config/config.yaml 
Run mode: full | seed: 20260847 | CVaR simulations/step: 512 | vine simulation cores: 44
Loading synthetic return bundle: data/synthetic_returns.RData
Loaded 1000 pre-training and 61 fine-tuning episodes.
Fine-tuning selection: 37 fit episodes, 23 purged overlapping episodes, 1 validation episode; final refit uses all 61.
Run seed: 20260847
Run mode: full
PyTorch: 2.10.0+cu128
Device: cuda
Action schema: interior_rank_partition_leverage_gate_v5; projection temperature=1.5
GPU: NVIDIA A100-SXM4-80GB
PYTHON: Framework ready.
Action schema: interior_rank_partition_leverage_gate_v5 | gross=1.500 | net=1.000 | max_long=0.600 | max_short=0.200
Risk/training: entropy_coef=0.005 | leverage_target=0.800 | leverage_penalty=0.25 | direction_bound=5.000 | AMP=False

============================================================
Stage 1: Pre-training on Synthetic Data

============================================================
============================================================
STAGE 1: PRE-TRAINING
============================================================
============================================================
TRAIN STAGE STARTED: stage=pretrain, episodes=1000, batch_size=128, updates_per_step=1
============================================================
Episode 1  Reward:  -0.011058  Wealth:    109927.45  Turnover: 1.1797  Gross: 1.3036  Gate: 0.6072
Episode 2  Reward:  -0.219658  Wealth:     89547.17  Turnover: 1.0475  Gross: 1.2434  Gate: 0.4868
Episode 3  Reward:   0.265882  Wealth:    158107.22  Turnover: 1.0995  Gross: 1.2435  Gate: 0.4871
Episode 4  Reward:  -0.658458  Wealth:     64203.60  Turnover: 0.9511  Gross: 1.2224  Gate: 0.4447
Episode 5  Reward:  -0.172737  Wealth:     93683.71  Turnover: 1.0582  Gross: 1.2689  Gate: 0.5378
Episode 6  Reward:  -0.233539  Wealth:     88516.12  Turnover: 1.0632  Gross: 1.2638  Gate: 0.5277
Episode 7  Reward:   0.301017  Wealth:    166616.67  Turnover: 1.1041  Gross: 1.2962  Gate: 0.5925
Episode 8  Reward:   0.097224  Wealth:    124032.42  Turnover: 1.1033  Gross: 1.2554  Gate: 0.5108
Episode 9  Reward:   0.140299  Wealth:    131877.88  Turnover: 1.2103  Gross: 1.2822  Gate: 0.5644
Episode 10  Reward:   0.065912  Wealth:    119639.61  Turnover: 1.1384  Gross: 1.2541  Gate: 0.5082
Episode     10  AvgReward:  -0.042512  Noise: 0.1473
Episode 11  Reward:   0.230068  Wealth:    149920.99  Turnover: 1.1637  Gross: 1.2445  Gate: 0.4891
Episode 12  Reward:  -0.060883  Wealth:    104426.21  Turnover: 1.0663  Gross: 1.2508  Gate: 0.5015
Episode 13  Reward:  -0.290386  Wealth:     83997.16  Turnover: 1.1308  Gross: 1.2627  Gate: 0.5254
Episode 14  Reward:  -0.225273  Wealth:     89058.72  Turnover: 1.1907  Gross: 1.2380  Gate: 0.4760
Episode 15  Reward:   0.086431  Wealth:    122193.46  Turnover: 1.0565  Gross: 1.2521  Gate: 0.5042
Episode 16  Reward:   0.013398  Wealth:    113318.53  Turnover: 1.0755  Gross: 1.2542  Gate: 0.5085
Episode 17  Reward:   0.103613  Wealth:    124674.33  Turnover: 1.0028  Gross: 1.2299  Gate: 0.4598
Episode 18  Reward:  -0.140901  Wealth:     96622.13  Turnover: 1.0206  Gross: 1.2677  Gate: 0.5354
Episode 19  Reward:   0.239094  Wealth:    150603.75  Turnover: 1.0470  Gross: 1.2406  Gate: 0.4813
Episode 20  Reward:  -0.154029  Wealth:     95115.92  Turnover: 1.1611  Gross: 1.2939  Gate: 0.5879
Episode     20  AvgReward:  -0.019887  Noise: 0.1444
Episode 21  Reward:  -0.045129  Wealth:    105990.37  Turnover: 1.0234  Gross: 1.2543  Gate: 0.5086
Episode 22  Reward:  -0.288520  Wealth:     84348.04  Turnover: 1.0808  Gross: 1.2572  Gate: 0.5143
Episode 23  Reward:   0.057530  Wealth:    118330.67  Turnover: 1.0450  Gross: 1.2493  Gate: 0.4986
Episode 24  Reward:   0.138623  Wealth:    130367.05  Turnover: 0.9774  Gross: 1.2310  Gate: 0.4620
Episode 25  Reward:   0.183675  Wealth:    139091.91  Turnover: 1.0733  Gross: 1.2521  Gate: 0.5042
Episode 26  Reward:  -0.230102  Wealth:     88677.38  Turnover: 1.1514  Gross: 1.2564  Gate: 0.5127
Episode 27  Reward:   0.115150  Wealth:    127850.46  Turnover: 1.0823  Gross: 1.2681  Gate: 0.5362
Episode 28  Reward:  -0.171878  Wealth:     93212.05  Turnover: 1.0547  Gross: 1.2428  Gate: 0.4857
Episode 29  Reward:  -0.203455  Wealth:     90846.89  Turnover: 1.1632  Gross: 1.2712  Gate: 0.5424
Episode 30  Reward:  -0.009448  Wealth:    109237.33  Turnover: 0.9663  Gross: 1.2270  Gate: 0.4540
Episode     30  AvgReward:  -0.045356  Noise: 0.1415
Episode 31  Reward:   0.225804  Wealth:    148417.07  Turnover: 1.0906  Gross: 1.2386  Gate: 0.4771
Episode 32  Reward:  -0.010010  Wealth:    109497.35  Turnover: 1.0791  Gross: 1.2220  Gate: 0.4439
Episode 33  Reward:  -0.003548  Wealth:    110437.61  Turnover: 1.1188  Gross: 1.2700  Gate: 0.5399
Episode 34  Reward:   0.088005  Wealth:    123580.07  Turnover: 1.1004  Gross: 1.2114  Gate: 0.4227
Episode 35  Reward:   0.007848  Wealth:    112492.30  Turnover: 1.0161  Gross: 1.2642  Gate: 0.5284
Episode 36  Reward:  -0.246560  Wealth:     87452.94  Turnover: 0.9594  Gross: 1.2338  Gate: 0.4677
Episode 37  Reward:  -0.252957  Wealth:     86969.89  Turnover: 1.1043  Gross: 1.2411  Gate: 0.4822
Episode 38  Reward:  -0.056214  Wealth:    104709.79  Turnover: 1.0584  Gross: 1.2488  Gate: 0.4976
Episode 39  Reward:  -0.180690  Wealth:     92369.22  Turnover: 0.9019  Gross: 1.2275  Gate: 0.4550
Episode 40  Reward:  -0.049127  Wealth:    104655.69  Turnover: 1.0753  Gross: 1.2389  Gate: 0.4778
Episode     40  AvgReward:  -0.047745  Noise: 0.1387
Episode 41  Reward:  -0.034402  Wealth:    106781.29  Turnover: 1.0561  Gross: 1.2663  Gate: 0.5326
Episode 42  Reward:   0.064749  Wealth:    119687.62  Turnover: 0.9084  Gross: 1.2118  Gate: 0.4235
Episode 43  Reward:  -0.107674  Wealth:     99951.99  Turnover: 0.2297  Gross: 1.0810  Gate: 0.1620
Episode 44  Reward:   0.132802  Wealth:    131009.36  Turnover: 0.2241  Gross: 1.0875  Gate: 0.1751
Episode 45  Reward:  -0.177578  Wealth:     93388.98  Turnover: 0.2373  Gross: 1.0866  Gate: 0.1732
Episode 46  Reward:  -0.016512  Wealth:    109862.05  Turnover: 0.2550  Gross: 1.0937  Gate: 0.1874
Episode 47  Reward:  -0.168257  Wealth:     94421.80  Turnover: 0.2116  Gross: 1.0879  Gate: 0.1757
Episode 48  Reward:   0.054982  Wealth:    119389.79  Turnover: 0.2203  Gross: 1.0932  Gate: 0.1865
Episode 49  Reward:   0.272134  Wealth:    161317.60  Turnover: 0.2411  Gross: 1.0983  Gate: 0.1966
Episode 50  Reward:   0.177557  Wealth:    139970.92  Turnover: 0.2353  Gross: 1.0950  Gate: 0.1899
Episode     50  AvgReward:   0.019780  Noise: 0.1360
Episode 51  Reward:   0.014314  Wealth:    114101.47  Turnover: 0.2596  Gross: 1.0970  Gate: 0.1941
Episode 52  Reward:   0.007187  Wealth:    112824.36  Turnover: 0.1819  Gross: 1.1023  Gate: 0.2047
Episode 53  Reward:  -0.169617  Wealth:     94478.48  Turnover: 0.2318  Gross: 1.1031  Gate: 0.2062
Episode 54  Reward:  -0.392508  Wealth:     77869.83  Turnover: 0.1834  Gross: 1.1039  Gate: 0.2079
Episode 55  Reward:   0.112159  Wealth:    127768.77  Turnover: 0.2301  Gross: 1.1078  Gate: 0.2156
Episode 56  Reward:  -0.189186  Wealth:     92518.93  Turnover: 0.2537  Gross: 1.1102  Gate: 0.2203
Episode 57  Reward:  -0.222929  Wealth:     89604.58  Turnover: 0.2146  Gross: 1.1140  Gate: 0.2279
Episode 58  Reward:   0.327500  Wealth:    177703.20  Turnover: 0.2311  Gross: 1.1148  Gate: 0.2296
Episode 59  Reward:   0.082963  Wealth:    123796.45  Turnover: 0.2400  Gross: 1.1243  Gate: 0.2486
Episode 60  Reward:   0.117626  Wealth:    129876.49  Turnover: 0.1706  Gross: 1.1248  Gate: 0.2497
Episode     60  AvgReward:  -0.031249  Noise: 0.1333
Episode 61  Reward:  -0.109712  Wealth:     99947.34  Turnover: 0.2147  Gross: 1.1205  Gate: 0.2410
Episode 62  Reward:  -0.132193  Wealth:     97791.15  Turnover: 0.2471  Gross: 1.1322  Gate: 0.2645
Episode 63  Reward:  -0.124551  Wealth:     98412.40  Turnover: 0.2050  Gross: 1.1318  Gate: 0.2637
Episode 64  Reward:   0.196622  Wealth:    144803.82  Turnover: 0.1653  Gross: 1.1334  Gate: 0.2667
Episode 65  Reward:   0.092265  Wealth:    125000.71  Turnover: 0.1770  Gross: 1.1418  Gate: 0.2835
Episode 66  Reward:   0.313820  Wealth:    173810.39  Turnover: 0.2162  Gross: 1.1504  Gate: 0.3009
Episode 67  Reward:  -0.224496  Wealth:     89407.38  Turnover: 0.2228  Gross: 1.1505  Gate: 0.3010
Episode 68  Reward:   0.216111  Wealth:    146971.43  Turnover: 0.2099  Gross: 1.1500  Gate: 0.2999
Episode 69  Reward:   0.284068  Wealth:    163805.73  Turnover: 0.2244  Gross: 1.1645  Gate: 0.3290
Episode 70  Reward:  -0.204946  Wealth:     91008.97  Turnover: 0.2104  Gross: 1.1596  Gate: 0.3193
Episode     70  AvgReward:   0.030699  Noise: 0.1306
Episode 71  Reward:   0.055595  Wealth:    119814.48  Turnover: 0.2404  Gross: 1.1648  Gate: 0.3296
Episode 72  Reward:   0.247233  Wealth:    154961.20  Turnover: 0.1778  Gross: 1.1754  Gate: 0.3507
Episode 73  Reward:   0.253218  Wealth:    156405.46  Turnover: 0.2116  Gross: 1.1771  Gate: 0.3541
Episode 74  Reward:   0.110576  Wealth:    128580.05  Turnover: 0.2061  Gross: 1.1770  Gate: 0.3541
Episode 75  Reward:   0.171509  Wealth:    139003.63  Turnover: 0.1901  Gross: 1.1878  Gate: 0.3756
Episode 76  Reward:  -0.019617  Wealth:    110171.41  Turnover: 0.1839  Gross: 1.1896  Gate: 0.3792
Episode 77  Reward:  -0.038285  Wealth:    108203.67  Turnover: 0.2073  Gross: 1.2011  Gate: 0.4022
Episode 78  Reward:   0.030124  Wealth:    116509.87  Turnover: 0.2184  Gross: 1.2071  Gate: 0.4143
Episode 79  Reward:   0.136177  Wealth:    133130.39  Turnover: 0.2893  Gross: 1.2152  Gate: 0.4303
Episode 80  Reward:  -0.190105  Wealth:     93178.68  Turnover: 0.2242  Gross: 1.2191  Gate: 0.4383
Episode     80  AvgReward:   0.075642  Noise: 0.1281
Episode 81  Reward:   0.145472  Wealth:    134470.85  Turnover: 0.2340  Gross: 1.2297  Gate: 0.4594
Episode 82  Reward:   0.157777  Wealth:    137691.58  Turnover: 0.2914  Gross: 1.2331  Gate: 0.4662
Episode 83  Reward:   0.247381  Wealth:    156668.60  Turnover: 0.1816  Gross: 1.2470  Gate: 0.4941
Episode 84  Reward:   0.009080  Wealth:    114478.54  Turnover: 0.2171  Gross: 1.2510  Gate: 0.5019
Episode 85  Reward:  -0.066473  Wealth:    105787.53  Turnover: 0.2387  Gross: 1.2521  Gate: 0.5042
Episode 86  Reward:   0.018020  Wealth:    115437.27  Turnover: 0.2403  Gross: 1.2692  Gate: 0.5383
Episode 87  Reward:   0.133100  Wealth:    133367.73  Turnover: 0.2542  Gross: 1.2753  Gate: 0.5507
Episode 88  Reward:  -0.036475  Wealth:    109040.25  Turnover: 0.2792  Gross: 1.2862  Gate: 0.5725
Episode 89  Reward:   0.256987  Wealth:    160437.71  Turnover: 0.2659  Gross: 1.2931  Gate: 0.5862
Episode 90  Reward:  -0.311006  Wealth:     83763.35  Turnover: 0.2551  Gross: 1.2892  Gate: 0.5783
Episode     90  AvgReward:   0.055386  Noise: 0.1255
Episode 91  Reward:   0.026296  Wealth:    116829.74  Turnover: 0.2483  Gross: 1.3048  Gate: 0.6096
Episode 92  Reward:   0.006252  Wealth:    114259.84  Turnover: 0.2865  Gross: 1.3151  Gate: 0.6302
Episode 93  Reward:   0.090362  Wealth:    126936.16  Turnover: 0.4084  Gross: 1.3282  Gate: 0.6564
Episode 94  Reward:   0.136354  Wealth:    134877.37  Turnover: 0.3906  Gross: 1.3355  Gate: 0.6709
Episode 95  Reward:   0.186356  Wealth:    144218.49  Turnover: 0.4374  Gross: 1.3373  Gate: 0.6746
Episode 96  Reward:   0.073626  Wealth:    124141.54  Turnover: 0.4021  Gross: 1.3394  Gate: 0.6789
Episode 97  Reward:   0.196654  Wealth:    147220.09  Turnover: 0.4185  Gross: 1.3491  Gate: 0.6982
Episode 98  Reward:   0.068604  Wealth:    123327.95  Turnover: 0.3485  Gross: 1.3541  Gate: 0.7081
Episode 99  Reward:   0.175113  Wealth:    141539.06  Turnover: 0.3864  Gross: 1.3621  Gate: 0.7243
Episode 100  Reward:   0.340219  Wealth:    184579.58  Turnover: 0.3260  Gross: 1.3707  Gate: 0.7414
Episode    100  AvgReward:   0.129983  Noise: 0.1230
Episode 101  Reward:  -0.237416  Wealth:     89427.92  Turnover: 0.3556  Gross: 1.3717  Gate: 0.7434
Episode 102  Reward:  -0.015608  Wealth:    111648.93  Turnover: 0.4109  Gross: 1.3773  Gate: 0.7546
Episode 103  Reward:   0.050205  Wealth:    120578.08  Turnover: 0.4054  Gross: 1.3855  Gate: 0.7709
Episode 104  Reward:   0.153064  Wealth:    137528.64  Turnover: 0.3672  Gross: 1.3902  Gate: 0.7804
Episode 105  Reward:   0.273390  Wealth:    165158.63  Turnover: 0.3784  Gross: 1.3929  Gate: 0.7859
Episode 106  Reward:  -0.016777  Wealth:    111901.04  Turnover: 0.4123  Gross: 1.4035  Gate: 0.8070
Episode 107  Reward:   0.131800  Wealth:    134669.94  Turnover: 0.4764  Gross: 1.4033  Gate: 0.8066
Episode 108  Reward:  -0.088528  Wealth:    104256.25  Turnover: 0.4369  Gross: 1.4069  Gate: 0.8137
Episode 109  Reward:   0.154728  Wealth:    138425.38  Turnover: 0.3584  Gross: 1.4038  Gate: 0.8076
Episode 110  Reward:   0.066675  Wealth:    124185.65  Turnover: 0.3945  Gross: 1.4054  Gate: 0.8107
Episode    110  AvgReward:   0.047153  Noise: 0.1206
Episode 111  Reward:   0.112471  Wealth:    131478.12  Turnover: 0.4183  Gross: 1.4044  Gate: 0.8088
Episode 112  Reward:   0.209758  Wealth:    150208.41  Turnover: 0.3795  Gross: 1.4031  Gate: 0.8063
Episode 113  Reward:  -0.411476  Wealth:     77612.75  Turnover: 0.3908  Gross: 1.4001  Gate: 0.8003
Episode 114  Reward:   0.133802  Wealth:    134439.26  Turnover: 0.4045  Gross: 1.4070  Gate: 0.8140
Episode 115  Reward:   0.113479  Wealth:    130717.07  Turnover: 0.3402  Gross: 1.4048  Gate: 0.8097
Episode 116  Reward:   0.121717  Wealth:    131955.41  Turnover: 0.3599  Gross: 1.4011  Gate: 0.8022
Episode 117  Reward:   0.062068  Wealth:    122234.19  Turnover: 0.3609  Gross: 1.4032  Gate: 0.8063
Episode 118  Reward:   0.219314  Wealth:    150787.28  Turnover: 0.3100  Gross: 1.4032  Gate: 0.8064
Episode 119  Reward:   0.173164  Wealth:    141494.36  Turnover: 0.3092  Gross: 1.4036  Gate: 0.8072
Episode 120  Reward:   0.156647  Wealth:    138451.62  Turnover: 0.3713  Gross: 1.4046  Gate: 0.8092
Episode    120  AvgReward:   0.089094  Noise: 0.1182
Episode 121  Reward:   0.039944  Wealth:    119169.39  Turnover: 0.4055  Gross: 1.4021  Gate: 0.8042
Episode 122  Reward:   0.280817  Wealth:    166908.61  Turnover: 0.3968  Gross: 1.4053  Gate: 0.8105
Episode 123  Reward:   0.116700  Wealth:    131367.73  Turnover: 0.4019  Gross: 1.4030  Gate: 0.8060
Episode 124  Reward:   0.205538  Wealth:    148019.17  Turnover: 0.3744  Gross: 1.4007  Gate: 0.8014
Episode 125  Reward:   0.030498  Wealth:    117859.50  Turnover: 0.3118  Gross: 1.4022  Gate: 0.8043
Episode 126  Reward:   0.162478  Wealth:    139241.28  Turnover: 0.3351  Gross: 1.4007  Gate: 0.8013
Episode 127  Reward:   0.107840  Wealth:    129563.89  Turnover: 0.3740  Gross: 1.4034  Gate: 0.8068
Episode 128  Reward:   0.195905  Wealth:    146148.70  Turnover: 0.3441  Gross: 1.4037  Gate: 0.8073
Episode 129  Reward:   0.261358  Wealth:    161142.12  Turnover: 0.3187  Gross: 1.4019  Gate: 0.8038
Episode 130  Reward:   0.058416  Wealth:    121166.01  Turnover: 0.3247  Gross: 1.4023  Gate: 0.8046
Episode    130  AvgReward:   0.145949  Noise: 0.1159
Episode 131  Reward:  -0.122752  Wealth:     99433.69  Turnover: 0.2845  Gross: 1.4037  Gate: 0.8074
Episode 132  Reward:   0.128952  Wealth:    132852.61  Turnover: 0.3187  Gross: 1.4025  Gate: 0.8050
Episode 133  Reward:   0.110221  Wealth:    129424.41  Turnover: 0.3631  Gross: 1.4055  Gate: 0.8110
Episode 134  Reward:  -0.715114  Wealth:     62602.56  Turnover: 0.3392  Gross: 1.4027  Gate: 0.8054
Episode 135  Reward:   0.211575  Wealth:    149279.50  Turnover: 0.2818  Gross: 1.4030  Gate: 0.8059
Episode 136  Reward:  -0.078788  Wealth:    103981.24  Turnover: 0.3606  Gross: 1.4068  Gate: 0.8136
Episode 137  Reward:   0.070409  Wealth:    123274.37  Turnover: 0.2928  Gross: 1.4048  Gate: 0.8097
Episode 138  Reward:   0.157632  Wealth:    137928.84  Turnover: 0.3846  Gross: 1.4023  Gate: 0.8047
Episode 139  Reward:   0.079270  Wealth:    124596.13  Turnover: 0.2889  Gross: 1.4011  Gate: 0.8021
Episode 140  Reward:   0.307911  Wealth:    173585.99  Turnover: 0.3240  Gross: 1.4022  Gate: 0.8043
Episode    140  AvgReward:   0.014932  Noise: 0.1136
Episode 141  Reward:   0.142274  Wealth:    135213.54  Turnover: 0.3090  Gross: 1.4025  Gate: 0.8050
Episode 142  Reward:  -0.024499  Wealth:    110042.29  Turnover: 0.3794  Gross: 1.4022  Gate: 0.8045
Episode 143  Reward:   0.213695  Wealth:    149142.01  Turnover: 0.3503  Gross: 1.4032  Gate: 0.8064
Episode 144  Reward:   0.179048  Wealth:    141647.32  Turnover: 0.2893  Gross: 1.4031  Gate: 0.8061
Episode 145  Reward:   0.213637  Wealth:    149530.64  Turnover: 0.3342  Gross: 1.4012  Gate: 0.8024
Episode 146  Reward:  -0.034110  Wealth:    108958.46  Turnover: 0.3357  Gross: 1.4044  Gate: 0.8088
Episode 147  Reward:   0.003744  Wealth:    113798.45  Turnover: 0.3460  Gross: 1.4019  Gate: 0.8037
Episode 148  Reward:  -0.041383  Wealth:    108052.96  Turnover: 0.2926  Gross: 1.4051  Gate: 0.8102
Episode 149  Reward:   0.121889  Wealth:    131522.63  Turnover: 0.2681  Gross: 1.4035  Gate: 0.8069
Episode 150  Reward:   0.057147  Wealth:    120984.00  Turnover: 0.3362  Gross: 1.4022  Gate: 0.8045
Episode    150  AvgReward:   0.083144  Noise: 0.1113
Episode 151  Reward:   0.140972  Wealth:    134122.79  Turnover: 0.2310  Gross: 1.4011  Gate: 0.8021
Episode 152  Reward:  -0.055027  Wealth:    106436.88  Turnover: 0.2679  Gross: 1.4051  Gate: 0.8102
Episode 153  Reward:   0.178533  Wealth:    141656.12  Turnover: 0.2826  Gross: 1.4059  Gate: 0.8118
Episode 154  Reward:   0.215542  Wealth:    149276.44  Turnover: 0.2958  Gross: 1.3985  Gate: 0.7969
Episode 155  Reward:   0.034847  Wealth:    117866.54  Turnover: 0.3040  Gross: 1.4030  Gate: 0.8061
Episode 156  Reward:  -0.440925  Wealth:     75524.83  Turnover: 0.2837  Gross: 1.4074  Gate: 0.8149
Episode 157  Reward:  -0.333666  Wealth:     82213.64  Turnover: 0.3142  Gross: 1.4047  Gate: 0.8094
Episode 158  Reward:   0.106571  Wealth:    128665.36  Turnover: 0.2567  Gross: 1.4047  Gate: 0.8095
Episode 159  Reward:  -0.192464  Wealth:     93003.08  Turnover: 0.2791  Gross: 1.4034  Gate: 0.8069
Episode 160  Reward:   0.226529  Wealth:    151885.21  Turnover: 0.2224  Gross: 1.4033  Gate: 0.8066
Episode    160  AvgReward:  -0.011909  Noise: 0.1091
Episode 161  Reward:   0.320375  Wealth:    177380.58  Turnover: 0.2489  Gross: 1.3993  Gate: 0.7985
Episode 162  Reward:   0.095748  Wealth:    126996.15  Turnover: 0.2727  Gross: 1.4033  Gate: 0.8066
Episode 163  Reward:   0.088065  Wealth:    126106.39  Turnover: 0.2093  Gross: 1.4041  Gate: 0.8082
Episode 164  Reward:   0.353967  Wealth:    189544.33  Turnover: 0.2331  Gross: 1.3986  Gate: 0.7972
Episode 165  Reward:   0.003553  Wealth:    114150.68  Turnover: 0.2236  Gross: 1.4031  Gate: 0.8061
Episode 166  Reward:   0.061321  Wealth:    121418.42  Turnover: 0.2118  Gross: 1.4039  Gate: 0.8077
Episode 167  Reward:   0.040616  Wealth:    118689.24  Turnover: 0.2086  Gross: 1.4030  Gate: 0.8059
Episode 168  Reward:   0.189591  Wealth:    144130.95  Turnover: 0.2609  Gross: 1.4042  Gate: 0.8084
Episode 169  Reward:   0.136390  Wealth:    134328.88  Turnover: 0.2565  Gross: 1.4005  Gate: 0.8011
Episode 170  Reward:  -0.049330  Wealth:    107518.18  Turnover: 0.2671  Gross: 1.4033  Gate: 0.8067
Episode    170  AvgReward:   0.124030  Noise: 0.1069
Episode 171  Reward:   0.105314  Wealth:    128424.34  Turnover: 0.1794  Gross: 1.3998  Gate: 0.7996
Episode 172  Reward:   0.154710  Wealth:    137187.17  Turnover: 0.1781  Gross: 1.4034  Gate: 0.8067
Episode 173  Reward:   0.267046  Wealth:    162718.88  Turnover: 0.2932  Gross: 1.3995  Gate: 0.7991
Episode 174  Reward:   0.235699  Wealth:    154654.96  Turnover: 0.2000  Gross: 1.4025  Gate: 0.8049
Episode 175  Reward:  -0.001472  Wealth:    113203.63  Turnover: 0.2333  Gross: 1.3968  Gate: 0.7936
Episode 176  Reward:  -0.188271  Wealth:     93345.22  Turnover: 0.2451  Gross: 1.4030  Gate: 0.8060
Episode 177  Reward:  -0.209693  Wealth:     91640.11  Turnover: 0.2332  Gross: 1.4023  Gate: 0.8047
Episode 178  Reward:   0.323809  Wealth:    178157.69  Turnover: 0.1743  Gross: 1.4010  Gate: 0.8019
Episode 179  Reward:   0.222180  Wealth:    150909.06  Turnover: 0.1893  Gross: 1.4025  Gate: 0.8050
Episode 180  Reward:   0.114854  Wealth:    129468.12  Turnover: 0.2406  Gross: 1.3983  Gate: 0.7966
Episode    180  AvgReward:   0.102418  Noise: 0.1048
Episode 181  Reward:   0.119302  Wealth:    130490.65  Turnover: 0.1736  Gross: 1.3987  Gate: 0.7975
Episode 182  Reward:   0.071609  Wealth:    123485.80  Turnover: 0.1968  Gross: 1.4024  Gate: 0.8049
Episode 183  Reward:  -0.206894  Wealth:     91774.21  Turnover: 0.2329  Gross: 1.3989  Gate: 0.7977
Episode 184  Reward:   0.077209  Wealth:    124166.37  Turnover: 0.1893  Gross: 1.4027  Gate: 0.8053
Episode 185  Reward:   0.039455  Wealth:    118688.02  Turnover: 0.2335  Gross: 1.4004  Gate: 0.8007
Episode 186  Reward:   0.011026  Wealth:    114502.33  Turnover: 0.1903  Gross: 1.4016  Gate: 0.8031
Episode 187  Reward:   0.069907  Wealth:    123307.13  Turnover: 0.2089  Gross: 1.4015  Gate: 0.8030
Episode 188  Reward:   0.163249  Wealth:    138643.01  Turnover: 0.1138  Gross: 1.4015  Gate: 0.8029
Episode 189  Reward:   0.277141  Wealth:    164345.64  Turnover: 0.1370  Gross: 1.3976  Gate: 0.7952
Episode 190  Reward:   0.106923  Wealth:    128693.98  Turnover: 0.1984  Gross: 1.4021  Gate: 0.8042
Episode    190  AvgReward:   0.072893  Noise: 0.1027
Episode 191  Reward:  -0.025498  Wealth:    110035.65  Turnover: 0.1634  Gross: 1.4019  Gate: 0.8038
Episode 192  Reward:   0.307819  Wealth:    174060.58  Turnover: 0.1770  Gross: 1.4037  Gate: 0.8074
Episode 193  Reward:   0.364365  Wealth:    191827.91  Turnover: 0.1428  Gross: 1.4009  Gate: 0.8018
Episode 194  Reward:   0.196127  Wealth:    145861.81  Turnover: 0.1656  Gross: 1.4007  Gate: 0.8014
Episode 195  Reward:   0.104633  Wealth:    128595.80  Turnover: 0.1775  Gross: 1.4039  Gate: 0.8078
Episode 196  Reward:   0.276157  Wealth:    165640.47  Turnover: 0.1888  Gross: 1.3968  Gate: 0.7937
Episode 197  Reward:   0.013567  Wealth:    115260.39  Turnover: 0.1770  Gross: 1.4008  Gate: 0.8017
Episode 198  Reward:   0.170021  Wealth:    140730.61  Turnover: 0.2343  Gross: 1.3975  Gate: 0.7950
Episode 199  Reward:  -0.032725  Wealth:    109693.62  Turnover: 0.1875  Gross: 1.4042  Gate: 0.8084
Episode 200  Reward:   0.153166  Wealth:    137027.85  Turnover: 0.1515  Gross: 1.3987  Gate: 0.7974
Episode    200  AvgReward:   0.152763  Noise: 0.1007
Episode 201  Reward:   0.176647  Wealth:    142443.71  Turnover: 0.1767  Gross: 1.3958  Gate: 0.7916
Episode 202  Reward:   0.376218  Wealth:    198053.97  Turnover: 0.1724  Gross: 1.3996  Gate: 0.7992
Episode 203  Reward:  -0.033080  Wealth:    109256.90  Turnover: 0.2104  Gross: 1.4016  Gate: 0.8032
Episode 204  Reward:  -0.257028  Wealth:     87929.51  Turnover: 0.2001  Gross: 1.3966  Gate: 0.7931
Episode 205  Reward:  -0.061128  Wealth:    106039.12  Turnover: 0.2237  Gross: 1.4007  Gate: 0.8014
Episode 206  Reward:   0.139488  Wealth:    134548.59  Turnover: 0.1262  Gross: 1.3955  Gate: 0.7910
Episode 207  Reward:   0.292686  Wealth:    169796.35  Turnover: 0.2353  Gross: 1.4020  Gate: 0.8040
Episode 208  Reward:  -0.121391  Wealth:     99573.13  Turnover: 0.1748  Gross: 1.3970  Gate: 0.7941
Episode 209  Reward:   0.140527  Wealth:    135003.56  Turnover: 0.2481  Gross: 1.3993  Gate: 0.7987
Episode 210  Reward:  -0.004878  Wealth:    112710.78  Turnover: 0.1523  Gross: 1.3961  Gate: 0.7923
Episode    210  AvgReward:   0.064806  Noise: 0.0987
Episode 211  Reward:   0.276055  Wealth:    165267.03  Turnover: 0.2354  Gross: 1.4028  Gate: 0.8056
Episode 212  Reward:  -0.080786  Wealth:    103924.33  Turnover: 0.2647  Gross: 1.3981  Gate: 0.7962
Episode 213  Reward:  -0.080483  Wealth:    104164.25  Turnover: 0.2555  Gross: 1.4055  Gate: 0.8110
Episode 214  Reward:   0.125579  Wealth:    132193.07  Turnover: 0.2018  Gross: 1.3962  Gate: 0.7924
Episode 215  Reward:   0.164688  Wealth:    139402.39  Turnover: 0.1686  Gross: 1.3976  Gate: 0.7953
Episode 216  Reward:   0.245224  Wealth:    157018.23  Turnover: 0.2369  Gross: 1.3976  Gate: 0.7951
Episode 217  Reward:   0.124804  Wealth:    132192.18  Turnover: 0.2030  Gross: 1.4032  Gate: 0.8065
Episode 218  Reward:   0.140422  Wealth:    135176.11  Turnover: 0.2027  Gross: 1.4044  Gate: 0.8088
Episode 219  Reward:   0.059642  Wealth:    121712.58  Turnover: 0.2988  Gross: 1.4036  Gate: 0.8073
Episode 220  Reward:   0.054207  Wealth:    121038.46  Turnover: 0.2499  Gross: 1.4021  Gate: 0.8043
Episode    220  AvgReward:   0.102935  Noise: 0.0968
Episode 221  Reward:   0.058838  Wealth:    121958.87  Turnover: 0.2339  Gross: 1.4002  Gate: 0.8005
Episode 222  Reward:   0.074780  Wealth:    123750.04  Turnover: 0.2418  Gross: 1.4034  Gate: 0.8067
Episode 223  Reward:   0.117706  Wealth:    130946.13  Turnover: 0.2276  Gross: 1.3981  Gate: 0.7962
Episode 224  Reward:  -0.018492  Wealth:    111236.16  Turnover: 0.2406  Gross: 1.3987  Gate: 0.7975
Episode 225  Reward:   0.225704  Wealth:    152129.61  Turnover: 0.2019  Gross: 1.3996  Gate: 0.7991
Episode 226  Reward:   0.189990  Wealth:    144708.72  Turnover: 0.1936  Gross: 1.4029  Gate: 0.8058
Episode 227  Reward:   0.255268  Wealth:    159394.87  Turnover: 0.1758  Gross: 1.4021  Gate: 0.8043
Episode 228  Reward:   0.086952  Wealth:    125545.12  Turnover: 0.1255  Gross: 1.4002  Gate: 0.8005
Episode 229  Reward:   0.023089  Wealth:    116313.48  Turnover: 0.2357  Gross: 1.3988  Gate: 0.7975
Episode 230  Reward:   0.163497  Wealth:    139373.27  Turnover: 0.2321  Gross: 1.3935  Gate: 0.7870
Episode    230  AvgReward:   0.117733  Noise: 0.0948
Episode 231  Reward:   0.024616  Wealth:    116487.33  Turnover: 0.2245  Gross: 1.4022  Gate: 0.8043
Episode 232  Reward:  -0.037258  Wealth:    109150.84  Turnover: 0.2300  Gross: 1.3970  Gate: 0.7939
Episode 233  Reward:  -0.041939  Wealth:    108495.85  Turnover: 0.1910  Gross: 1.3975  Gate: 0.7951
Episode 234  Reward:   0.159650  Wealth:    138786.80  Turnover: 0.2228  Gross: 1.4067  Gate: 0.8133
Episode 235  Reward:   0.288245  Wealth:    168641.70  Turnover: 0.2102  Gross: 1.4010  Gate: 0.8019
Episode 236  Reward:   0.047160  Wealth:    119869.58  Turnover: 0.1990  Gross: 1.4030  Gate: 0.8059
Episode 237  Reward:  -0.289712  Wealth:     85692.55  Turnover: 0.1746  Gross: 1.4029  Gate: 0.8057
Episode 238  Reward:   0.075260  Wealth:    124958.72  Turnover: 0.2479  Gross: 1.4025  Gate: 0.8051
Episode 239  Reward:  -0.172276  Wealth:     95671.77  Turnover: 0.2002  Gross: 1.4096  Gate: 0.8193
Episode 240  Reward:   0.105103  Wealth:    129453.80  Turnover: 0.2584  Gross: 1.4041  Gate: 0.8081
Episode    240  AvgReward:   0.015885  Noise: 0.0930
Episode 241  Reward:   0.121980  Wealth:    132114.93  Turnover: 0.1793  Gross: 1.3953  Gate: 0.7906
Episode 242  Reward:   0.300785  Wealth:    172663.31  Turnover: 0.2642  Gross: 1.4008  Gate: 0.8015
Episode 243  Reward:   0.277525  Wealth:    165733.15  Turnover: 0.3222  Gross: 1.3952  Gate: 0.7904
Episode 244  Reward:   0.097273  Wealth:    128165.10  Turnover: 0.3268  Gross: 1.3975  Gate: 0.7949
Episode 245  Reward:   0.159396  Wealth:    138606.02  Turnover: 0.1673  Gross: 1.4032  Gate: 0.8063
Episode 246  Reward:   0.364245  Wealth:    192672.49  Turnover: 0.1568  Gross: 1.3984  Gate: 0.7968
Episode 247  Reward:  -0.185095  Wealth:     93783.52  Turnover: 0.2586  Gross: 1.3845  Gate: 0.7689
Episode 248  Reward:   0.200365  Wealth:    146734.00  Turnover: 0.2687  Gross: 1.3827  Gate: 0.7653
Episode 249  Reward:   0.278620  Wealth:    165284.97  Turnover: 0.1827  Gross: 1.3984  Gate: 0.7968
Episode 250  Reward:  -0.063546  Wealth:    105952.50  Turnover: 0.2578  Gross: 1.4035  Gate: 0.8069
Episode    250  AvgReward:   0.155155  Noise: 0.0911
Episode 251  Reward:   0.074463  Wealth:    123470.27  Turnover: 0.2596  Gross: 1.3872  Gate: 0.7744
Episode 252  Reward:   0.199348  Wealth:    145890.42  Turnover: 0.2084  Gross: 1.3976  Gate: 0.7951
Episode 253  Reward:   0.260424  Wealth:    160548.44  Turnover: 0.2248  Gross: 1.3844  Gate: 0.7688
Episode 254  Reward:   0.077225  Wealth:    123797.42  Turnover: 0.1594  Gross: 1.3973  Gate: 0.7946
Episode 255  Reward:  -0.032855  Wealth:    109252.41  Turnover: 0.2295  Gross: 1.3986  Gate: 0.7972
Episode 256  Reward:   0.092516  Wealth:    125986.10  Turnover: 0.2949  Gross: 1.3963  Gate: 0.7926
Episode 257  Reward:   0.096213  Wealth:    126442.52  Turnover: 0.3008  Gross: 1.3851  Gate: 0.7702
Episode 258  Reward:   0.067354  Wealth:    121640.26  Turnover: 0.2600  Gross: 1.3707  Gate: 0.7414
Episode 259  Reward:   0.068402  Wealth:    122541.19  Turnover: 0.3160  Gross: 1.3724  Gate: 0.7448
Episode 260  Reward:   0.080482  Wealth:    123617.63  Turnover: 0.3071  Gross: 1.3954  Gate: 0.7909
Episode    260  AvgReward:   0.098357  Noise: 0.0893
Episode 261  Reward:   0.078495  Wealth:    124170.24  Turnover: 0.2692  Gross: 1.3816  Gate: 0.7632
Episode 262  Reward:   0.052187  Wealth:    119735.81  Turnover: 0.3667  Gross: 1.3945  Gate: 0.7890
Episode 263  Reward:  -0.166868  Wealth:     94976.49  Turnover: 0.2245  Gross: 1.3821  Gate: 0.7643
Episode 264  Reward:  -0.229196  Wealth:     89509.56  Turnover: 0.3246  Gross: 1.4003  Gate: 0.8005
Episode 265  Reward:  -0.023604  Wealth:    109281.53  Turnover: 0.2379  Gross: 1.3634  Gate: 0.7269
Episode 266  Reward:   0.105636  Wealth:    127649.80  Turnover: 0.3694  Gross: 1.3901  Gate: 0.7801
Episode 267  Reward:  -0.006876  Wealth:    111765.43  Turnover: 0.2781  Gross: 1.3483  Gate: 0.6966
Episode 268  Reward:   0.167240  Wealth:    138733.47  Turnover: 0.3393  Gross: 1.3874  Gate: 0.7747
Episode 269  Reward:   0.002555  Wealth:    112386.28  Turnover: 0.2942  Gross: 1.3476  Gate: 0.6953
Episode 270  Reward:   0.182983  Wealth:    142325.30  Turnover: 0.2340  Gross: 1.3963  Gate: 0.7926
Episode    270  AvgReward:   0.016255  Noise: 0.0875
Episode 271  Reward:   0.132647  Wealth:    132971.22  Turnover: 0.2654  Gross: 1.4064  Gate: 0.8128
Episode 272  Reward:  -0.186959  Wealth:     93069.99  Turnover: 0.3375  Gross: 1.3911  Gate: 0.7822
Episode 273  Reward:   0.169424  Wealth:    138334.48  Turnover: 0.3104  Gross: 1.3865  Gate: 0.7730
Episode 274  Reward:   0.227915  Wealth:    150465.02  Turnover: 0.4535  Gross: 1.3718  Gate: 0.7435
Episode 275  Reward:  -0.135494  Wealth:     98130.68  Turnover: 0.2778  Gross: 1.3593  Gate: 0.7185
Episode 276  Reward:   0.197235  Wealth:    145754.81  Turnover: 0.3702  Gross: 1.3952  Gate: 0.7903
Episode 277  Reward:   0.187354  Wealth:    141768.67  Turnover: 0.4528  Gross: 1.3406  Gate: 0.6812
Episode 278  Reward:   0.304909  Wealth:    172995.16  Turnover: 0.3318  Gross: 1.3961  Gate: 0.7922
Episode 279  Reward:  -0.044412  Wealth:    107473.34  Turnover: 0.2260  Gross: 1.3905  Gate: 0.7809
Episode 280  Reward:   0.079778  Wealth:    123993.97  Turnover: 0.3489  Gross: 1.3847  Gate: 0.7694
Episode    280  AvgReward:   0.093240  Noise: 0.0858
Episode 281  Reward:   0.250175  Wealth:    155033.64  Turnover: 0.4995  Gross: 1.3428  Gate: 0.6856
Episode 282  Reward:   0.201064  Wealth:    143865.99  Turnover: 0.4727  Gross: 1.3348  Gate: 0.6696
Episode 283  Reward:   0.135090  Wealth:    131415.88  Turnover: 0.4083  Gross: 1.2863  Gate: 0.5725
Episode 284  Reward:   0.039886  Wealth:    118478.64  Turnover: 0.3570  Gross: 1.3856  Gate: 0.7711
Episode 285  Reward:   0.104641  Wealth:    127370.90  Turnover: 0.5118  Gross: 1.3071  Gate: 0.6141
Episode 286  Reward:   0.169177  Wealth:    138760.81  Turnover: 0.4778  Gross: 1.3770  Gate: 0.7540
Episode 287  Reward:   0.158444  Wealth:    136340.68  Turnover: 0.3750  Gross: 1.3852  Gate: 0.7703
Episode 288  Reward:   0.021357  Wealth:    115156.45  Turnover: 0.5901  Gross: 1.3598  Gate: 0.7195
Episode 289  Reward:   0.331931  Wealth:    177331.45  Turnover: 0.3362  Gross: 1.3841  Gate: 0.7683
Episode 290  Reward:  -0.121458  Wealth:     99303.46  Turnover: 0.3956  Gross: 1.3845  Gate: 0.7689
Episode    290  AvgReward:   0.129031  Noise: 0.0841
Episode 291  Reward:   0.043583  Wealth:    118740.38  Turnover: 0.2674  Gross: 1.4024  Gate: 0.8047
Episode 292  Reward:  -0.188994  Wealth:     93059.36  Turnover: 0.3210  Gross: 1.3625  Gate: 0.7250
Episode 293  Reward:   0.021500  Wealth:    115458.36  Turnover: 0.4315  Gross: 1.3843  Gate: 0.7686
Episode 294  Reward:   0.150169  Wealth:    135237.57  Turnover: 0.2694  Gross: 1.3682  Gate: 0.7365
Episode 295  Reward:   0.402743  Wealth:    202874.15  Turnover: 0.4889  Gross: 1.3282  Gate: 0.6563
Episode 296  Reward:  -0.035731  Wealth:    107957.65  Turnover: 0.3507  Gross: 1.3929  Gate: 0.7857
Episode 297  Reward:   0.081616  Wealth:    124337.69  Turnover: 0.4473  Gross: 1.3840  Gate: 0.7681
Episode 298  Reward:   0.282811  Wealth:    163999.21  Turnover: 0.5905  Gross: 1.3627  Gate: 0.7254
Episode 299  Reward:   0.073410  Wealth:    122866.66  Turnover: 0.4169  Gross: 1.4095  Gate: 0.8190
Episode 300  Reward:   0.141184  Wealth:    133597.17  Turnover: 0.3585  Gross: 1.3754  Gate: 0.7507
Episode    300  AvgReward:   0.097229  Noise: 0.0824
Episode 301  Reward:   0.047515  Wealth:    119042.53  Turnover: 0.5328  Gross: 1.3654  Gate: 0.7308
Episode 302  Reward:   0.398496  Wealth:    203991.75  Turnover: 0.5444  Gross: 1.3716  Gate: 0.7433
Episode 303  Reward:   0.277177  Wealth:    163442.84  Turnover: 0.4952  Gross: 1.3668  Gate: 0.7337
Episode 304  Reward:   0.014712  Wealth:    114936.49  Turnover: 0.6089  Gross: 1.3735  Gate: 0.7470
Episode 305  Reward:  -0.112007  Wealth:    100181.04  Turnover: 0.3711  Gross: 1.3927  Gate: 0.7855
Episode 306  Reward:   0.008725  Wealth:    114734.02  Turnover: 0.2983  Gross: 1.4038  Gate: 0.8076
Episode 307  Reward:   0.021619  Wealth:    115038.38  Turnover: 0.5595  Gross: 1.3384  Gate: 0.6768
Episode 308  Reward:  -0.152317  Wealth:     95967.56  Turnover: 0.4499  Gross: 1.3874  Gate: 0.7747
Episode 309  Reward:   0.301852  Wealth:    171389.63  Turnover: 0.5724  Gross: 1.4063  Gate: 0.8127
Episode 310  Reward:  -0.054522  Wealth:    106716.49  Turnover: 0.3634  Gross: 1.3843  Gate: 0.7685
Episode    310  AvgReward:   0.075125  Noise: 0.0808
Episode 311  Reward:   0.098325  Wealth:    127512.62  Turnover: 0.5411  Gross: 1.4106  Gate: 0.8213
Episode 312  Reward:  -0.184804  Wealth:     93707.62  Turnover: 0.3385  Gross: 1.4045  Gate: 0.8090
Episode 313  Reward:   0.073924  Wealth:    122862.43  Turnover: 0.6027  Gross: 1.3951  Gate: 0.7901
Episode 314  Reward:   0.027608  Wealth:    117049.56  Turnover: 0.2813  Gross: 1.3989  Gate: 0.7978
Episode 315  Reward:  -0.055191  Wealth:    106081.15  Turnover: 0.6170  Gross: 1.3624  Gate: 0.7248
Episode 316  Reward:  -0.099567  Wealth:    101737.24  Turnover: 0.4537  Gross: 1.4106  Gate: 0.8211
Episode 317  Reward:   0.249740  Wealth:    157911.86  Turnover: 0.4641  Gross: 1.3958  Gate: 0.7915
Episode 318  Reward:   0.075791  Wealth:    123748.07  Turnover: 0.5109  Gross: 1.3868  Gate: 0.7735
Episode 319  Reward:   0.083047  Wealth:    124654.22  Turnover: 0.6477  Gross: 1.3532  Gate: 0.7064
Episode 320  Reward:  -0.115690  Wealth:     99028.48  Turnover: 0.5208  Gross: 1.3459  Gate: 0.6917
Episode    320  AvgReward:   0.015318  Noise: 0.0792
Episode 321  Reward:   0.302510  Wealth:    169249.45  Turnover: 0.5107  Gross: 1.3560  Gate: 0.7119
Episode 322  Reward:   0.008653  Wealth:    114285.02  Turnover: 0.4426  Gross: 1.3973  Gate: 0.7945
Episode 323  Reward:  -0.092028  Wealth:    102264.19  Turnover: 0.3418  Gross: 1.4077  Gate: 0.8155
Episode 324  Reward:   0.280659  Wealth:    165848.02  Turnover: 0.4612  Gross: 1.3951  Gate: 0.7901
Episode 325  Reward:  -0.051715  Wealth:    106217.01  Turnover: 0.3801  Gross: 1.3895  Gate: 0.7790
Episode 326  Reward:   0.030397  Wealth:    117316.44  Turnover: 0.6788  Gross: 1.3872  Gate: 0.7744
Episode 327  Reward:   0.230925  Wealth:    152354.56  Turnover: 0.5396  Gross: 1.3956  Gate: 0.7911
Episode 328  Reward:   0.171372  Wealth:    140233.70  Turnover: 0.8263  Gross: 1.3921  Gate: 0.7842
Episode 329  Reward:   0.011657  Wealth:    115067.66  Turnover: 0.6033  Gross: 1.4041  Gate: 0.8083
Episode 330  Reward:   0.241315  Wealth:    156463.20  Turnover: 0.4975  Gross: 1.4133  Gate: 0.8266
Episode    330  AvgReward:   0.113374  Noise: 0.0776
Episode 331  Reward:   0.028656  Wealth:    116405.43  Turnover: 0.5536  Gross: 1.3508  Gate: 0.7015
Episode 332  Reward:   0.074688  Wealth:    122932.86  Turnover: 0.5495  Gross: 1.3387  Gate: 0.6773
Episode 333  Reward:   0.357979  Wealth:    189952.59  Turnover: 0.6913  Gross: 1.4027  Gate: 0.8054
Episode 334  Reward:   0.204453  Wealth:    147798.42  Turnover: 0.4850  Gross: 1.4034  Gate: 0.8068
Episode 335  Reward:  -0.396875  Wealth:     78543.64  Turnover: 0.2543  Gross: 1.3992  Gate: 0.7984
Episode 336  Reward:   0.079239  Wealth:    123640.78  Turnover: 0.5588  Gross: 1.3837  Gate: 0.7674
Episode 337  Reward:   0.117445  Wealth:    130567.84  Turnover: 0.4736  Gross: 1.4040  Gate: 0.8081
Episode 338  Reward:   0.344140  Wealth:    183979.35  Turnover: 0.5197  Gross: 1.4060  Gate: 0.8121
Episode 339  Reward:   0.425898  Wealth:    215931.30  Turnover: 0.5406  Gross: 1.3787  Gate: 0.7574
Episode 340  Reward:   0.135395  Wealth:    134382.54  Turnover: 0.5134  Gross: 1.4009  Gate: 0.8017
Episode    340  AvgReward:   0.137102  Noise: 0.0761
Episode 341  Reward:   0.052790  Wealth:    118449.88  Turnover: 0.6036  Gross: 1.3572  Gate: 0.7144
Episode 342  Reward:   0.086890  Wealth:    124114.83  Turnover: 0.5446  Gross: 1.4031  Gate: 0.8061
Episode 343  Reward:   0.093959  Wealth:    126391.00  Turnover: 0.4739  Gross: 1.4012  Gate: 0.8023
Episode 344  Reward:  -0.246485  Wealth:     88994.38  Turnover: 0.3140  Gross: 1.4008  Gate: 0.8016
Episode 345  Reward:   0.028581  Wealth:    117152.14  Turnover: 0.4885  Gross: 1.4068  Gate: 0.8136
Episode 346  Reward:   0.055819  Wealth:    119656.50  Turnover: 0.6352  Gross: 1.3923  Gate: 0.7847
Episode 347  Reward:   0.145654  Wealth:    132880.09  Turnover: 0.6620  Gross: 1.3715  Gate: 0.7430
Episode 348  Reward:  -0.172668  Wealth:     93775.64  Turnover: 0.6326  Gross: 1.3769  Gate: 0.7537
Episode 349  Reward:   0.200928  Wealth:    144500.01  Turnover: 0.5153  Gross: 1.3673  Gate: 0.7347
Episode 350  Reward:   0.223358  Wealth:    148866.23  Turnover: 0.4935  Gross: 1.3971  Gate: 0.7942
Episode    350  AvgReward:   0.046883  Noise: 0.0746
Episode 351  Reward:   0.153852  Wealth:    136474.56  Turnover: 0.3539  Gross: 1.4072  Gate: 0.8144
Episode 352  Reward:  -0.007425  Wealth:    111714.16  Turnover: 0.3946  Gross: 1.4018  Gate: 0.8036
Episode 353  Reward:   0.129691  Wealth:    131469.05  Turnover: 0.6168  Gross: 1.3901  Gate: 0.7802
Episode 354  Reward:  -0.608623  Wealth:     66708.69  Turnover: 0.3633  Gross: 1.3911  Gate: 0.7823
Episode 355  Reward:   0.258492  Wealth:    158597.43  Turnover: 0.5786  Gross: 1.3976  Gate: 0.7951
Episode 356  Reward:   0.409383  Wealth:    207156.23  Turnover: 0.3771  Gross: 1.3987  Gate: 0.7974
Episode 357  Reward:  -0.354185  Wealth:     80496.77  Turnover: 0.4166  Gross: 1.3805  Gate: 0.7610
Episode 358  Reward:  -0.150487  Wealth:     96918.22  Turnover: 0.3983  Gross: 1.3980  Gate: 0.7960
Episode 359  Reward:   0.020118  Wealth:    116278.17  Turnover: 0.4710  Gross: 1.3998  Gate: 0.7995
Episode 360  Reward:   0.152167  Wealth:    136874.67  Turnover: 0.5529  Gross: 1.4110  Gate: 0.8220
Episode    360  AvgReward:   0.000298  Noise: 0.0731
Episode 361  Reward:   0.310427  Wealth:    171360.39  Turnover: 0.8187  Gross: 1.3900  Gate: 0.7800
Episode 362  Reward:   0.169744  Wealth:    137380.27  Turnover: 0.5783  Gross: 1.3593  Gate: 0.7186
Episode 363  Reward:   0.219971  Wealth:    147997.92  Turnover: 0.8684  Gross: 1.3678  Gate: 0.7356
Episode 364  Reward:  -0.248986  Wealth:     88806.39  Turnover: 0.3407  Gross: 1.3974  Gate: 0.7947
Episode 365  Reward:   0.180136  Wealth:    141918.86  Turnover: 0.4264  Gross: 1.3851  Gate: 0.7702
Episode 366  Reward:   0.082991  Wealth:    124500.50  Turnover: 0.4097  Gross: 1.3880  Gate: 0.7760
Episode 367  Reward:   0.130799  Wealth:    131375.43  Turnover: 0.4070  Gross: 1.3835  Gate: 0.7671
Episode 368  Reward:  -0.132561  Wealth:     99031.69  Turnover: 0.3927  Gross: 1.3910  Gate: 0.7820
Episode 369  Reward:   0.345583  Wealth:    183368.86  Turnover: 0.7334  Gross: 1.3887  Gate: 0.7773
Episode 370  Reward:   0.090547  Wealth:    124756.68  Turnover: 0.5267  Gross: 1.3809  Gate: 0.7617
Episode    370  AvgReward:   0.114865  Noise: 0.0717
Episode 371  Reward:   0.303973  Wealth:    171366.74  Turnover: 0.4874  Gross: 1.3852  Gate: 0.7703
Episode 372  Reward:   0.246718  Wealth:    155407.30  Turnover: 0.7495  Gross: 1.3764  Gate: 0.7527
Episode 373  Reward:   0.056368  Wealth:    118683.08  Turnover: 0.6824  Gross: 1.3841  Gate: 0.7681
Episode 374  Reward:   0.133575  Wealth:    133432.74  Turnover: 0.5623  Gross: 1.4080  Gate: 0.8160
Episode 375  Reward:   0.256511  Wealth:    158550.60  Turnover: 0.4443  Gross: 1.4019  Gate: 0.8039
Episode 376  Reward:   0.090037  Wealth:    126227.56  Turnover: 0.5663  Gross: 1.3924  Gate: 0.7849
Episode 377  Reward:  -0.111467  Wealth:    100378.57  Turnover: 0.4000  Gross: 1.3942  Gate: 0.7885
Episode 378  Reward:   0.282118  Wealth:    165176.04  Turnover: 0.7500  Gross: 1.3861  Gate: 0.7722
Episode 379  Reward:   0.304119  Wealth:    169834.50  Turnover: 0.8055  Gross: 1.4134  Gate: 0.8268
Episode 380  Reward:   0.036354  Wealth:    116883.68  Turnover: 0.5697  Gross: 1.3900  Gate: 0.7801
Episode    380  AvgReward:   0.159831  Noise: 0.0702
Episode 381  Reward:  -0.047945  Wealth:    107258.81  Turnover: 0.4561  Gross: 1.4015  Gate: 0.8030
Episode 382  Reward:   0.054205  Wealth:    118896.92  Turnover: 0.6731  Gross: 1.3920  Gate: 0.7840
Episode 383  Reward:   0.190980  Wealth:    143564.19  Turnover: 0.8264  Gross: 1.3953  Gate: 0.7907
Episode 384  Reward:  -0.031219  Wealth:    107809.55  Turnover: 0.4854  Gross: 1.3803  Gate: 0.7606
Episode 385  Reward:   0.169110  Wealth:    139471.50  Turnover: 0.3965  Gross: 1.4001  Gate: 0.8002
Episode 386  Reward:  -0.007290  Wealth:    111008.04  Turnover: 0.6930  Gross: 1.3906  Gate: 0.7813
Episode 387  Reward:   0.182515  Wealth:    140027.59  Turnover: 0.6574  Gross: 1.3975  Gate: 0.7950
Episode 388  Reward:   0.070260  Wealth:    121478.89  Turnover: 0.5904  Gross: 1.3888  Gate: 0.7775
Episode 389  Reward:  -0.077442  Wealth:    102995.16  Turnover: 0.5016  Gross: 1.3928  Gate: 0.7855
Episode 390  Reward:   0.231038  Wealth:    152020.72  Turnover: 0.7294  Gross: 1.3921  Gate: 0.7841
Episode    390  AvgReward:   0.073421  Noise: 0.0688
Episode 391  Reward:   0.000271  Wealth:    113064.41  Turnover: 0.5376  Gross: 1.4118  Gate: 0.8237
Episode 392  Reward:   0.266031  Wealth:    159866.28  Turnover: 0.7307  Gross: 1.4083  Gate: 0.8167
Episode 393  Reward:   0.326244  Wealth:    178081.66  Turnover: 0.7655  Gross: 1.3912  Gate: 0.7824
Episode 394  Reward:  -0.678355  Wealth:     63723.73  Turnover: 0.5275  Gross: 1.3882  Gate: 0.7765
Episode 395  Reward:   0.220969  Wealth:    149974.79  Turnover: 0.5257  Gross: 1.4084  Gate: 0.8169
Episode 396  Reward:   0.091431  Wealth:    127154.43  Turnover: 0.4222  Gross: 1.3992  Gate: 0.7984
Episode 397  Reward:   0.259889  Wealth:    157152.01  Turnover: 0.6318  Gross: 1.3870  Gate: 0.7740
Episode 398  Reward:   0.229420  Wealth:    152189.21  Turnover: 0.8162  Gross: 1.4178  Gate: 0.8355
Episode 399  Reward:   0.230603  Wealth:    155066.77  Turnover: 0.5123  Gross: 1.3999  Gate: 0.7999
Episode 400  Reward:  -0.092157  Wealth:    102746.15  Turnover: 0.5236  Gross: 1.3918  Gate: 0.7835
Episode    400  AvgReward:   0.085435  Noise: 0.0675
Episode 401  Reward:   0.186483  Wealth:    144136.13  Turnover: 0.4897  Gross: 1.3855  Gate: 0.7710
Episode 402  Reward:  -0.252631  Wealth:     88168.28  Turnover: 0.7517  Gross: 1.4002  Gate: 0.8005
Episode 403  Reward:   0.192089  Wealth:    145007.02  Turnover: 0.6209  Gross: 1.4112  Gate: 0.8223
Episode 404  Reward:  -0.274403  Wealth:     86908.77  Turnover: 0.2255  Gross: 1.3982  Gate: 0.7963
Episode 405  Reward:  -0.105490  Wealth:    101875.67  Turnover: 0.4244  Gross: 1.3996  Gate: 0.7991
Episode 406  Reward:   0.171038  Wealth:    140383.96  Turnover: 0.5370  Gross: 1.4005  Gate: 0.8011
Episode 407  Reward:   0.087044  Wealth:    124627.77  Turnover: 0.5413  Gross: 1.3918  Gate: 0.7836
Episode 408  Reward:   0.180037  Wealth:    140579.46  Turnover: 0.5429  Gross: 1.4001  Gate: 0.8002
Episode 409  Reward:  -0.014967  Wealth:    109750.30  Turnover: 0.6923  Gross: 1.3965  Gate: 0.7929
Episode 410  Reward:   0.108300  Wealth:    129145.59  Turnover: 0.5810  Gross: 1.3881  Gate: 0.7762
Episode    410  AvgReward:   0.027750  Noise: 0.0661
Episode 411  Reward:   0.057289  Wealth:    121367.50  Turnover: 0.4976  Gross: 1.4039  Gate: 0.8079
Episode 412  Reward:   0.216039  Wealth:    149544.54  Turnover: 0.7240  Gross: 1.4084  Gate: 0.8168
Episode 413  Reward:   0.050671  Wealth:    118335.08  Turnover: 0.6685  Gross: 1.3822  Gate: 0.7643
Episode 414  Reward:   0.116661  Wealth:    130226.82  Turnover: 0.5878  Gross: 1.4061  Gate: 0.8122
Episode 415  Reward:   0.135528  Wealth:    131187.85  Turnover: 0.8369  Gross: 1.3964  Gate: 0.7928
Episode 416  Reward:   0.278300  Wealth:    165480.55  Turnover: 0.5699  Gross: 1.3938  Gate: 0.7875
Episode 417  Reward:   0.058399  Wealth:    122642.99  Turnover: 0.3535  Gross: 1.3993  Gate: 0.7987
Episode 418  Reward:  -0.111332  Wealth:     99816.72  Turnover: 0.6228  Gross: 1.4093  Gate: 0.8187
Episode 419  Reward:   0.173551  Wealth:    141447.19  Turnover: 0.4102  Gross: 1.3986  Gate: 0.7971
Episode 420  Reward:   0.308515  Wealth:    174397.28  Turnover: 0.4678  Gross: 1.4089  Gate: 0.8178
Episode    420  AvgReward:   0.128362  Noise: 0.0648
Episode 421  Reward:  -0.016497  Wealth:    110867.73  Turnover: 0.4068  Gross: 1.3992  Gate: 0.7984
Episode 422  Reward:  -0.114071  Wealth:     99601.97  Turnover: 0.6401  Gross: 1.3847  Gate: 0.7694
Episode 423  Reward:   0.129084  Wealth:    132465.94  Turnover: 0.6988  Gross: 1.3936  Gate: 0.7871
Episode 424  Reward:   0.042779  Wealth:    117579.16  Turnover: 0.5409  Gross: 1.3884  Gate: 0.7768
Episode 425  Reward:   0.439312  Wealth:    224533.48  Turnover: 0.5712  Gross: 1.3988  Gate: 0.7976
Episode 426  Reward:   0.107962  Wealth:    129015.18  Turnover: 0.5994  Gross: 1.3479  Gate: 0.6957
Episode 427  Reward:  -0.065699  Wealth:    105685.53  Turnover: 0.7542  Gross: 1.4014  Gate: 0.8028
Episode 428  Reward:  -0.213715  Wealth:     91109.82  Turnover: 0.4814  Gross: 1.4008  Gate: 0.8017
Episode 429  Reward:  -0.028661  Wealth:    110624.84  Turnover: 0.3091  Gross: 1.4015  Gate: 0.8031
Episode 430  Reward:  -0.203742  Wealth:     91666.22  Turnover: 0.7154  Gross: 1.3982  Gate: 0.7964
Episode    430  AvgReward:   0.007675  Noise: 0.0635
Episode 431  Reward:   0.086323  Wealth:    125649.17  Turnover: 0.5564  Gross: 1.4014  Gate: 0.8027
Episode 432  Reward:  -0.055008  Wealth:    106163.34  Turnover: 0.6746  Gross: 1.3951  Gate: 0.7903
Episode 433  Reward:  -0.062331  Wealth:    104755.83  Turnover: 0.6000  Gross: 1.3854  Gate: 0.7707
Episode 434  Reward:   0.204818  Wealth:    147723.47  Turnover: 0.4967  Gross: 1.4060  Gate: 0.8120
Episode 435  Reward:   0.256305  Wealth:    159221.13  Turnover: 0.4652  Gross: 1.4007  Gate: 0.8014
Episode 436  Reward:   0.165537  Wealth:    139679.01  Turnover: 0.6527  Gross: 1.4046  Gate: 0.8093
Episode 437  Reward:   0.094134  Wealth:    126682.97  Turnover: 0.5884  Gross: 1.3986  Gate: 0.7973
Episode 438  Reward:   0.060063  Wealth:    120703.63  Turnover: 0.5357  Gross: 1.3978  Gate: 0.7956
Episode 439  Reward:   0.066966  Wealth:    122301.86  Turnover: 0.6311  Gross: 1.4047  Gate: 0.8093
Episode 440  Reward:   0.025248  Wealth:    115176.84  Turnover: 0.8892  Gross: 1.4009  Gate: 0.8017
Episode    440  AvgReward:   0.084206  Noise: 0.0623
Episode 441  Reward:   0.340934  Wealth:    184662.76  Turnover: 0.5877  Gross: 1.4023  Gate: 0.8046
Episode 442  Reward:   0.103396  Wealth:    128081.49  Turnover: 0.5345  Gross: 1.3913  Gate: 0.7826
Episode 443  Reward:   0.289426  Wealth:    165616.30  Turnover: 0.8590  Gross: 1.3926  Gate: 0.7853
Episode 444  Reward:   0.177855  Wealth:    140416.84  Turnover: 0.8056  Gross: 1.4025  Gate: 0.8051
Episode 445  Reward:  -0.031221  Wealth:    108150.99  Turnover: 0.5228  Gross: 1.3861  Gate: 0.7723
Episode 446  Reward:   0.146456  Wealth:    131461.86  Turnover: 0.5495  Gross: 1.3903  Gate: 0.7805
Episode 447  Reward:   0.181438  Wealth:    140145.47  Turnover: 0.5180  Gross: 1.3950  Gate: 0.7900
Episode 448  Reward:   0.137146  Wealth:    134763.79  Turnover: 0.2202  Gross: 1.4025  Gate: 0.8050
Episode 449  Reward:   0.096776  Wealth:    124331.12  Turnover: 0.5909  Gross: 1.3999  Gate: 0.7998
Episode 450  Reward:   0.154106  Wealth:    130999.82  Turnover: 0.5741  Gross: 1.3774  Gate: 0.7548
Episode    450  AvgReward:   0.159631  Noise: 0.0611
Episode 451  Reward:   0.120026  Wealth:    127956.92  Turnover: 0.7299  Gross: 1.4013  Gate: 0.8026
Episode 452  Reward:  -0.200362  Wealth:     90140.51  Turnover: 0.6678  Gross: 1.3890  Gate: 0.7780
Episode 453  Reward:  -0.020458  Wealth:    109279.89  Turnover: 0.7595  Gross: 1.4083  Gate: 0.8167
Episode 454  Reward:   0.018907  Wealth:    113354.48  Turnover: 0.6411  Gross: 1.4005  Gate: 0.8011
Episode 455  Reward:  -0.094767  Wealth:    100370.66  Turnover: 0.5147  Gross: 1.3981  Gate: 0.7961
Episode 456  Reward:   0.220536  Wealth:    145922.86  Turnover: 0.6251  Gross: 1.3861  Gate: 0.7721
Episode 457  Reward:   0.211517  Wealth:    145234.72  Turnover: 0.6578  Gross: 1.4139  Gate: 0.8278
Episode 458  Reward:   0.316562  Wealth:    170434.04  Turnover: 0.4263  Gross: 1.3882  Gate: 0.7764
Episode 459  Reward:   0.099117  Wealth:    125489.28  Turnover: 0.6050  Gross: 1.3967  Gate: 0.7934
Episode 460  Reward:   0.122173  Wealth:    127074.26  Turnover: 0.6023  Gross: 1.4038  Gate: 0.8076
Episode    460  AvgReward:   0.079325  Noise: 0.0598
Episode 461  Reward:   0.144415  Wealth:    130775.06  Turnover: 0.6635  Gross: 1.3934  Gate: 0.7868
Episode 462  Reward:   0.431453  Wealth:    213394.16  Turnover: 0.8990  Gross: 1.4037  Gate: 0.8074
Episode 463  Reward:   0.148748  Wealth:    133078.37  Turnover: 0.6963  Gross: 1.4052  Gate: 0.8105
Episode 464  Reward:   0.240802  Wealth:    149622.04  Turnover: 0.5395  Gross: 1.3997  Gate: 0.7994
Episode 465  Reward:  -0.008712  Wealth:    110806.68  Turnover: 0.7155  Gross: 1.4009  Gate: 0.8018
Episode 466  Reward:   0.126885  Wealth:    127857.55  Turnover: 0.5319  Gross: 1.3944  Gate: 0.7888
Episode 467  Reward:   0.126248  Wealth:    130250.45  Turnover: 0.5669  Gross: 1.4017  Gate: 0.8034
Episode 468  Reward:   0.119352  Wealth:    128039.83  Turnover: 0.4173  Gross: 1.4045  Gate: 0.8090
Episode 469  Reward:  -0.337529  Wealth:     81466.41  Turnover: 0.5021  Gross: 1.4070  Gate: 0.8141
Episode 470  Reward:  -0.089948  Wealth:    100891.20  Turnover: 0.7772  Gross: 1.4019  Gate: 0.8037
Episode    470  AvgReward:   0.090171  Noise: 0.0587
Episode 471  Reward:  -0.019523  Wealth:    108205.63  Turnover: 0.6291  Gross: 1.4026  Gate: 0.8052
Episode 472  Reward:   0.362580  Wealth:    188881.48  Turnover: 0.3938  Gross: 1.3986  Gate: 0.7973
Episode 473  Reward:   0.159100  Wealth:    134628.94  Turnover: 0.4878  Gross: 1.4010  Gate: 0.8020
Episode 474  Reward:   0.264291  Wealth:    158396.12  Turnover: 0.6818  Gross: 1.3933  Gate: 0.7867
Episode 475  Reward:   0.119833  Wealth:    127812.69  Turnover: 0.6751  Gross: 1.4079  Gate: 0.8158
Episode 476  Reward:   0.036483  Wealth:    115635.50  Turnover: 0.5467  Gross: 1.4062  Gate: 0.8123
Episode 477  Reward:   0.075387  Wealth:    121142.15  Turnover: 0.7589  Gross: 1.4133  Gate: 0.8266
Episode 478  Reward:   0.023666  Wealth:    113870.64  Turnover: 0.7177  Gross: 1.3994  Gate: 0.7988
Episode 479  Reward:   0.073258  Wealth:    122206.13  Turnover: 0.7306  Gross: 1.4021  Gate: 0.8043
Episode 480  Reward:   0.308705  Wealth:    170718.70  Turnover: 0.5484  Gross: 1.4119  Gate: 0.8238
Episode    480  AvgReward:   0.140378  Noise: 0.0575
Episode 481  Reward:   0.188476  Wealth:    139526.37  Turnover: 0.4316  Gross: 1.4061  Gate: 0.8122
Episode 482  Reward:   0.292948  Wealth:    162935.48  Turnover: 0.8338  Gross: 1.4071  Gate: 0.8142
Episode 483  Reward:   0.029845  Wealth:    114233.02  Turnover: 0.7394  Gross: 1.3904  Gate: 0.7808
Episode 484  Reward:   0.136420  Wealth:    131427.40  Turnover: 0.4661  Gross: 1.3950  Gate: 0.7901
Episode 485  Reward:  -0.052185  Wealth:    104956.73  Turnover: 0.6916  Gross: 1.3932  Gate: 0.7865
Episode 486  Reward:   0.153090  Wealth:    135177.09  Turnover: 0.3996  Gross: 1.3928  Gate: 0.7855
Episode 487  Reward:  -0.066159  Wealth:    104324.00  Turnover: 0.2792  Gross: 1.4092  Gate: 0.8183
Episode 488  Reward:   0.122188  Wealth:    127076.83  Turnover: 0.2938  Gross: 1.3758  Gate: 0.7517
Episode 489  Reward:   0.417279  Wealth:    208171.57  Turnover: 0.4195  Gross: 1.4070  Gate: 0.8139
Episode 490  Reward:   0.270308  Wealth:    157315.85  Turnover: 0.6750  Gross: 1.3996  Gate: 0.7993
Episode    490  AvgReward:   0.149221  Noise: 0.0564
Episode 491  Reward:   0.271056  Wealth:    161038.42  Turnover: 0.6342  Gross: 1.4062  Gate: 0.8123
Episode 492  Reward:   0.250597  Wealth:    157350.86  Turnover: 0.4153  Gross: 1.4122  Gate: 0.8244
Episode 493  Reward:   0.045872  Wealth:    118831.61  Turnover: 0.3790  Gross: 1.3954  Gate: 0.7908
Episode 494  Reward:   0.081409  Wealth:    122821.07  Turnover: 0.6209  Gross: 1.4041  Gate: 0.8083
Episode 495  Reward:   0.150327  Wealth:    134306.12  Turnover: 0.7653  Gross: 1.4069  Gate: 0.8138
Episode 496  Reward:   0.143900  Wealth:    132876.11  Turnover: 0.5231  Gross: 1.4044  Gate: 0.8087
Episode 497  Reward:   0.098219  Wealth:    124183.27  Turnover: 0.4452  Gross: 1.3925  Gate: 0.7850
Episode 498  Reward:   0.199191  Wealth:    145046.77  Turnover: 0.4315  Gross: 1.3999  Gate: 0.7998
Episode 499  Reward:   0.174496  Wealth:    137383.20  Turnover: 0.5816  Gross: 1.3917  Gate: 0.7833
Episode 500  Reward:  -0.065444  Wealth:    103757.49  Turnover: 0.5268  Gross: 1.3994  Gate: 0.7987
Episode    500  AvgReward:   0.134962  Noise: 0.0552
Episode 501  Reward:  -0.041810  Wealth:    106887.82  Turnover: 0.6562  Gross: 1.3973  Gate: 0.7947
Episode 502  Reward:   0.033645  Wealth:    116208.29  Turnover: 0.4603  Gross: 1.3981  Gate: 0.7962
Episode 503  Reward:  -0.074505  Wealth:    104412.53  Turnover: 0.2695  Gross: 1.3965  Gate: 0.7929
Episode 504  Reward:   0.043642  Wealth:    117985.87  Turnover: 0.6320  Gross: 1.3990  Gate: 0.7979
Episode 505  Reward:   0.051401  Wealth:    118692.33  Turnover: 0.5579  Gross: 1.3716  Gate: 0.7432
Episode 506  Reward:   0.280015  Wealth:    163407.43  Turnover: 0.6319  Gross: 1.3944  Gate: 0.7889
Episode 507  Reward:   0.215372  Wealth:    147698.39  Turnover: 0.9248  Gross: 1.3951  Gate: 0.7902
Episode 508  Reward:   0.274795  Wealth:    160138.02  Turnover: 0.5032  Gross: 1.3996  Gate: 0.7992
Episode 509  Reward:   0.098589  Wealth:    124726.87  Turnover: 0.7490  Gross: 1.3889  Gate: 0.7778
Episode 510  Reward:   0.165177  Wealth:    136425.60  Turnover: 0.6844  Gross: 1.3981  Gate: 0.7962
Episode    510  AvgReward:   0.104632  Noise: 0.0541
Episode 511  Reward:  -0.169601  Wealth:     94789.19  Turnover: 0.7019  Gross: 1.3979  Gate: 0.7957
Episode 512  Reward:   0.103165  Wealth:    127403.59  Turnover: 0.5170  Gross: 1.4032  Gate: 0.8065
Episode 513  Reward:   0.082208  Wealth:    122008.09  Turnover: 0.5101  Gross: 1.3943  Gate: 0.7886
Episode 514  Reward:  -0.250552  Wealth:     87740.59  Turnover: 0.7356  Gross: 1.4053  Gate: 0.8106
Episode 515  Reward:   0.107059  Wealth:    126048.57  Turnover: 0.6990  Gross: 1.3953  Gate: 0.7906
Episode 516  Reward:  -0.162441  Wealth:     95588.06  Turnover: 0.4742  Gross: 1.3944  Gate: 0.7888
Episode 517  Reward:  -0.084227  Wealth:    103086.10  Turnover: 0.6543  Gross: 1.3914  Gate: 0.7829
Episode 518  Reward:   0.204318  Wealth:    147590.41  Turnover: 0.3864  Gross: 1.4071  Gate: 0.8142
Episode 519  Reward:   0.132169  Wealth:    132641.76  Turnover: 0.6446  Gross: 1.4005  Gate: 0.8010
Episode 520  Reward:   0.070289  Wealth:    119590.79  Turnover: 0.5038  Gross: 1.3947  Gate: 0.7894
Episode    520  AvgReward:   0.003239  Noise: 0.0531
Episode 521  Reward:   0.195415  Wealth:    145402.21  Turnover: 0.5538  Gross: 1.3786  Gate: 0.7573
Episode 522  Reward:   0.093649  Wealth:    124919.18  Turnover: 0.6516  Gross: 1.3990  Gate: 0.7980
Episode 523  Reward:   0.049506  Wealth:    118531.13  Turnover: 0.7422  Gross: 1.4065  Gate: 0.8130
Episode 524  Reward:   0.117049  Wealth:    129160.64  Turnover: 0.7472  Gross: 1.4023  Gate: 0.8047
Episode 525  Reward:   0.332590  Wealth:    179597.10  Turnover: 0.5642  Gross: 1.3919  Gate: 0.7837
Episode 526  Reward:   0.129764  Wealth:    131531.18  Turnover: 0.5609  Gross: 1.4061  Gate: 0.8121
Episode 527  Reward:   0.193861  Wealth:    144234.66  Turnover: 0.6736  Gross: 1.3872  Gate: 0.7744
Episode 528  Reward:  -0.430981  Wealth:     76415.08  Turnover: 0.6142  Gross: 1.3944  Gate: 0.7888
Episode 529  Reward:   0.081799  Wealth:    122121.46  Turnover: 0.5173  Gross: 1.3657  Gate: 0.7314
Episode 530  Reward:   0.211388  Wealth:    148848.62  Turnover: 0.6794  Gross: 1.4032  Gate: 0.8064
Episode    530  AvgReward:   0.097404  Noise: 0.0520
Episode 531  Reward:   0.030354  Wealth:    117103.74  Turnover: 0.4663  Gross: 1.4034  Gate: 0.8068
Episode 532  Reward:   0.212368  Wealth:    147041.27  Turnover: 0.4656  Gross: 1.3698  Gate: 0.7397
Episode 533  Reward:   0.225425  Wealth:    153123.97  Turnover: 0.4475  Gross: 1.4073  Gate: 0.8145
Episode 534  Reward:   0.216946  Wealth:    151386.83  Turnover: 0.3205  Gross: 1.4020  Gate: 0.8039
Episode 535  Reward:   0.267140  Wealth:    162820.36  Turnover: 0.6271  Gross: 1.3922  Gate: 0.7844
Episode 536  Reward:   0.171767  Wealth:    138836.82  Turnover: 0.5858  Gross: 1.4049  Gate: 0.8098
Episode 537  Reward:   0.246379  Wealth:    158058.52  Turnover: 0.2683  Gross: 1.3948  Gate: 0.7896
Episode 538  Reward:   0.214085  Wealth:    148888.50  Turnover: 0.6561  Gross: 1.3996  Gate: 0.7991
Episode 539  Reward:  -0.822893  Wealth:     58620.17  Turnover: 0.5765  Gross: 1.3852  Gate: 0.7705
Episode 540  Reward:   0.075677  Wealth:    124446.99  Turnover: 0.5446  Gross: 1.3880  Gate: 0.7759
Episode    540  AvgReward:   0.083725  Noise: 0.0510
Episode 541  Reward:  -0.061762  Wealth:    106373.76  Turnover: 0.2410  Gross: 1.4002  Gate: 0.8005
Episode 542  Reward:   0.402398  Wealth:    207844.41  Turnover: 0.5855  Gross: 1.4017  Gate: 0.8034
Episode 543  Reward:  -0.164565  Wealth:     94501.16  Turnover: 0.5640  Gross: 1.3845  Gate: 0.7690
Episode 544  Reward:   0.063093  Wealth:    120792.88  Turnover: 0.5986  Gross: 1.3888  Gate: 0.7776
Episode 545  Reward:   0.179684  Wealth:    142442.50  Turnover: 0.4282  Gross: 1.4011  Gate: 0.8022
Episode 546  Reward:  -0.319732  Wealth:     83558.75  Turnover: 0.8514  Gross: 1.3958  Gate: 0.7917
Episode 547  Reward:   0.278350  Wealth:    164271.73  Turnover: 0.4311  Gross: 1.4067  Gate: 0.8134
Episode 548  Reward:  -0.321461  Wealth:     81867.39  Turnover: 0.5598  Gross: 1.3874  Gate: 0.7748
Episode 549  Reward:   0.143492  Wealth:    136397.68  Turnover: 0.4749  Gross: 1.4022  Gate: 0.8043
Episode 550  Reward:   0.190105  Wealth:    144570.59  Turnover: 0.3515  Gross: 1.4041  Gate: 0.8083
Episode    550  AvgReward:   0.038960  Noise: 0.0500
Episode 551  Reward:   0.233882  Wealth:    154184.43  Turnover: 0.4628  Gross: 1.4079  Gate: 0.8157
Episode 552  Reward:   0.263438  Wealth:    160110.39  Turnover: 0.9594  Gross: 1.3999  Gate: 0.7999
Episode 553  Reward:  -0.013034  Wealth:    110611.97  Turnover: 0.5888  Gross: 1.3929  Gate: 0.7858
Episode 554  Reward:   0.278601  Wealth:    163031.81  Turnover: 0.6845  Gross: 1.3894  Gate: 0.7788
Episode 555  Reward:   0.140919  Wealth:    135783.91  Turnover: 0.2105  Gross: 1.3984  Gate: 0.7968
Episode 556  Reward:   0.242533  Wealth:    152970.41  Turnover: 0.6328  Gross: 1.4051  Gate: 0.8102
Episode 557  Reward:   0.258509  Wealth:    159533.04  Turnover: 0.8269  Gross: 1.3983  Gate: 0.7965
Episode 558  Reward:  -0.225190  Wealth:     89790.64  Turnover: 0.5816  Gross: 1.3871  Gate: 0.7742
Episode 559  Reward:  -0.771661  Wealth:     60624.78  Turnover: 0.3042  Gross: 1.4079  Gate: 0.8158
Episode 560  Reward:   0.309837  Wealth:    170865.61  Turnover: 0.6950  Gross: 1.4078  Gate: 0.8157
Episode    560  AvgReward:   0.071783  Noise: 0.0490
Episode 561  Reward:   0.112821  Wealth:    128765.78  Turnover: 0.9080  Gross: 1.3919  Gate: 0.7839
Episode 562  Reward:   0.203584  Wealth:    146092.34  Turnover: 0.4334  Gross: 1.4060  Gate: 0.8120
Episode 563  Reward:   0.128640  Wealth:    129616.77  Turnover: 0.4278  Gross: 1.3881  Gate: 0.7762
Episode 564  Reward:   0.168302  Wealth:    140064.14  Turnover: 0.5722  Gross: 1.3885  Gate: 0.7769
Episode 565  Reward:   0.113988  Wealth:    128065.32  Turnover: 0.5763  Gross: 1.3907  Gate: 0.7815
Episode 566  Reward:   0.285313  Wealth:    165158.98  Turnover: 0.5870  Gross: 1.3988  Gate: 0.7976
Episode 567  Reward:  -0.193682  Wealth:     92434.26  Turnover: 0.3525  Gross: 1.4001  Gate: 0.8002
Episode 568  Reward:   0.095932  Wealth:    124474.34  Turnover: 0.6455  Gross: 1.3900  Gate: 0.7799
Episode 569  Reward:  -0.035820  Wealth:    107989.49  Turnover: 0.7005  Gross: 1.3976  Gate: 0.7953
Episode 570  Reward:   0.236778  Wealth:    152684.71  Turnover: 0.5493  Gross: 1.3915  Gate: 0.7829
Episode    570  AvgReward:   0.111586  Noise: 0.0480
Episode 571  Reward:   0.149022  Wealth:    134989.82  Turnover: 0.7560  Gross: 1.3915  Gate: 0.7831
Episode 572  Reward:  -0.000458  Wealth:    112862.13  Turnover: 0.5002  Gross: 1.3999  Gate: 0.7998
Episode 573  Reward:   0.377401  Wealth:    193391.10  Turnover: 0.4670  Gross: 1.3941  Gate: 0.7882
Episode 574  Reward:  -0.143644  Wealth:     95800.95  Turnover: 0.7870  Gross: 1.3853  Gate: 0.7706
Episode 575  Reward:  -0.252366  Wealth:     86692.27  Turnover: 0.4209  Gross: 1.3868  Gate: 0.7737
Episode 576  Reward:   0.216826  Wealth:    144812.50  Turnover: 0.5281  Gross: 1.3858  Gate: 0.7717
Episode 577  Reward:  -0.128569  Wealth:     97499.03  Turnover: 0.6158  Gross: 1.3978  Gate: 0.7955
Episode 578  Reward:   0.251321  Wealth:    155039.25  Turnover: 0.3927  Gross: 1.3978  Gate: 0.7957
Episode 579  Reward:  -0.043493  Wealth:    107202.48  Turnover: 0.4994  Gross: 1.3993  Gate: 0.7986
Episode 580  Reward:   0.025192  Wealth:    113486.86  Turnover: 0.5620  Gross: 1.3874  Gate: 0.7748
Episode    580  AvgReward:   0.045123  Noise: 0.0471
Episode 581  Reward:   0.121316  Wealth:    129018.95  Turnover: 0.4745  Gross: 1.4033  Gate: 0.8065
Episode 582  Reward:   0.112002  Wealth:    127515.33  Turnover: 0.6063  Gross: 1.3980  Gate: 0.7960
Episode 583  Reward:   0.212671  Wealth:    144787.62  Turnover: 0.3676  Gross: 1.3977  Gate: 0.7954
Episode 584  Reward:   0.031437  Wealth:    116112.03  Turnover: 0.5361  Gross: 1.3979  Gate: 0.7957
Episode 585  Reward:   0.106409  Wealth:    127271.58  Turnover: 0.4885  Gross: 1.3918  Gate: 0.7837
Episode 586  Reward:   0.020427  Wealth:    112505.58  Turnover: 0.5595  Gross: 1.4022  Gate: 0.8045
Episode 587  Reward:   0.107945  Wealth:    127978.67  Turnover: 0.6282  Gross: 1.3871  Gate: 0.7742
Episode 588  Reward:  -0.014658  Wealth:    107431.38  Turnover: 0.4502  Gross: 1.3982  Gate: 0.7964
Episode 589  Reward:   0.035521  Wealth:    116226.25  Turnover: 0.3832  Gross: 1.4011  Gate: 0.8022
Episode 590  Reward:   0.022557  Wealth:    112355.13  Turnover: 0.5707  Gross: 1.4073  Gate: 0.8145
Episode    590  AvgReward:   0.075563  Noise: 0.0461
Episode 591  Reward:   0.216782  Wealth:    144927.84  Turnover: 0.6751  Gross: 1.4008  Gate: 0.8016
Episode 592  Reward:   0.001975  Wealth:    110127.10  Turnover: 0.5546  Gross: 1.3993  Gate: 0.7987
Episode 593  Reward:   0.218124  Wealth:    145299.25  Turnover: 0.5404  Gross: 1.4014  Gate: 0.8028
Episode 594  Reward:   0.414241  Wealth:    206830.83  Turnover: 0.6194  Gross: 1.3856  Gate: 0.7712
Episode 595  Reward:   0.267032  Wealth:    155729.05  Turnover: 0.6266  Gross: 1.4043  Gate: 0.8086
Episode 596  Reward:   0.199079  Wealth:    141110.53  Turnover: 0.3545  Gross: 1.3877  Gate: 0.7753
Episode 597  Reward:   0.119978  Wealth:    126321.94  Turnover: 0.6823  Gross: 1.3975  Gate: 0.7949
Episode 598  Reward:   0.296381  Wealth:    163943.21  Turnover: 0.6581  Gross: 1.3905  Gate: 0.7809
Episode 599  Reward:   0.210535  Wealth:    144753.86  Turnover: 0.5893  Gross: 1.3882  Gate: 0.7764
Episode 600  Reward:   0.097902  Wealth:    124935.33  Turnover: 0.6675  Gross: 1.4057  Gate: 0.8113
Episode    600  AvgReward:   0.204203  Noise: 0.0452
Episode 601  Reward:   0.075689  Wealth:    119059.27  Turnover: 0.5143  Gross: 1.4052  Gate: 0.8105
Episode 602  Reward:   0.314818  Wealth:    167931.21  Turnover: 0.6055  Gross: 1.3942  Gate: 0.7883
Episode 603  Reward:   0.015078  Wealth:    112288.28  Turnover: 0.4867  Gross: 1.3928  Gate: 0.7857
Episode 604  Reward:   0.142066  Wealth:    132856.14  Turnover: 0.3043  Gross: 1.4016  Gate: 0.8032
Episode 605  Reward:   0.037828  Wealth:    115205.30  Turnover: 0.5160  Gross: 1.3942  Gate: 0.7883
Episode 606  Reward:  -0.215633  Wealth:     88077.64  Turnover: 0.5034  Gross: 1.3939  Gate: 0.7878
Episode 607  Reward:   0.131143  Wealth:    128638.56  Turnover: 0.7109  Gross: 1.3928  Gate: 0.7857
Episode 608  Reward:   0.214815  Wealth:    144138.71  Turnover: 0.4012  Gross: 1.3937  Gate: 0.7874
Episode 609  Reward:  -0.045311  Wealth:    106524.50  Turnover: 0.3173  Gross: 1.3962  Gate: 0.7923
Episode 610  Reward:   0.174485  Wealth:    135898.48  Turnover: 0.5048  Gross: 1.3836  Gate: 0.7673
Episode    610  AvgReward:   0.084498  Noise: 0.0443
Episode 611  Reward:   0.143563  Wealth:    129514.61  Turnover: 0.7451  Gross: 1.3953  Gate: 0.7906
Episode 612  Reward:   0.168204  Wealth:    132692.57  Turnover: 0.4744  Gross: 1.4073  Gate: 0.8146
Episode 613  Reward:   0.115211  Wealth:    125135.21  Turnover: 0.5435  Gross: 1.4027  Gate: 0.8053
Episode 614  Reward:   0.204399  Wealth:    140681.04  Turnover: 0.3730  Gross: 1.4005  Gate: 0.8011
Episode 615  Reward:   0.370840  Wealth:    186616.66  Turnover: 0.5265  Gross: 1.3955  Gate: 0.7910
Episode 616  Reward:  -0.049536  Wealth:    105332.00  Turnover: 0.8485  Gross: 1.3938  Gate: 0.7877
Episode 617  Reward:   0.038747  Wealth:    114104.48  Turnover: 0.6298  Gross: 1.3982  Gate: 0.7965
Episode 618  Reward:   0.224479  Wealth:    145045.01  Turnover: 0.4862  Gross: 1.4049  Gate: 0.8097
Episode 619  Reward:   0.106955  Wealth:    123015.04  Turnover: 0.6590  Gross: 1.4032  Gate: 0.8065
Episode 620  Reward:   0.135974  Wealth:    127936.57  Turnover: 0.5304  Gross: 1.4032  Gate: 0.8064
Episode    620  AvgReward:   0.145884  Noise: 0.0434
Episode 621  Reward:   0.214204  Wealth:    142949.91  Turnover: 0.5173  Gross: 1.3908  Gate: 0.7816
Episode 622  Reward:  -0.045613  Wealth:    104307.09  Turnover: 0.6805  Gross: 1.3957  Gate: 0.7914
Episode 623  Reward:   0.203405  Wealth:    140401.65  Turnover: 0.5370  Gross: 1.3931  Gate: 0.7862
Episode 624  Reward:   0.166844  Wealth:    135195.38  Turnover: 0.5697  Gross: 1.3837  Gate: 0.7675
Episode 625  Reward:   0.088084  Wealth:    120238.27  Turnover: 0.7568  Gross: 1.4078  Gate: 0.8157
Episode 626  Reward:   0.281616  Wealth:    159940.25  Turnover: 0.6494  Gross: 1.3972  Gate: 0.7944
Episode 627  Reward:  -0.019873  Wealth:    108135.44  Turnover: 0.4686  Gross: 1.3947  Gate: 0.7894
Episode 628  Reward:   0.253589  Wealth:    151335.26  Turnover: 0.6009  Gross: 1.3944  Gate: 0.7888
Episode 629  Reward:   0.077601  Wealth:    119319.43  Turnover: 0.5676  Gross: 1.3993  Gate: 0.7985
Episode 630  Reward:   0.151181  Wealth:    131390.69  Turnover: 0.4058  Gross: 1.4047  Gate: 0.8095
Episode    630  AvgReward:   0.137104  Noise: 0.0426
Episode 631  Reward:  -0.004678  Wealth:    110583.48  Turnover: 0.3877  Gross: 1.3992  Gate: 0.7983
Episode 632  Reward:   0.292456  Wealth:    161791.60  Turnover: 0.5219  Gross: 1.4031  Gate: 0.8063
Episode 633  Reward:   0.076254  Wealth:    119976.33  Turnover: 0.5727  Gross: 1.4062  Gate: 0.8124
Episode 634  Reward:   0.231487  Wealth:    145202.49  Turnover: 0.5620  Gross: 1.4022  Gate: 0.8045
Episode 635  Reward:  -0.369573  Wealth:     78443.11  Turnover: 0.5618  Gross: 1.3913  Gate: 0.7825
Episode 636  Reward:   0.141238  Wealth:    129595.04  Turnover: 0.5450  Gross: 1.3947  Gate: 0.7894
Episode 637  Reward:   0.110040  Wealth:    123915.79  Turnover: 0.4907  Gross: 1.3791  Gate: 0.7582
Episode 638  Reward:   0.246174  Wealth:    149787.82  Turnover: 0.5905  Gross: 1.4020  Gate: 0.8039
Episode 639  Reward:   0.209036  Wealth:    139563.42  Turnover: 0.5670  Gross: 1.4004  Gate: 0.8008
Episode 640  Reward:   0.052795  Wealth:    117229.50  Turnover: 0.5023  Gross: 1.4012  Gate: 0.8024
Episode    640  AvgReward:   0.098523  Noise: 0.0417
Episode 641  Reward:  -0.045622  Wealth:    106142.94  Turnover: 0.3575  Gross: 1.3998  Gate: 0.7997
Episode 642  Reward:   0.359879  Wealth:    180274.59  Turnover: 0.6813  Gross: 1.3918  Gate: 0.7835
Episode 643  Reward:  -0.039281  Wealth:    105440.08  Turnover: 0.5751  Gross: 1.4063  Gate: 0.8125
Episode 644  Reward:   0.175915  Wealth:    137193.30  Turnover: 0.5450  Gross: 1.3970  Gate: 0.7940
Episode 645  Reward:   0.179268  Wealth:    136106.90  Turnover: 0.5559  Gross: 1.4073  Gate: 0.8146
Episode 646  Reward:   0.139026  Wealth:    129828.54  Turnover: 0.7056  Gross: 1.4058  Gate: 0.8116
Episode 647  Reward:   0.148028  Wealth:    129355.47  Turnover: 0.4283  Gross: 1.3957  Gate: 0.7914
Episode 648  Reward:  -0.025812  Wealth:    107730.32  Turnover: 0.2987  Gross: 1.4028  Gate: 0.8055
Episode 649  Reward:   0.225093  Wealth:    145694.10  Turnover: 0.6897  Gross: 1.4035  Gate: 0.8071
Episode 650  Reward:  -0.039479  Wealth:    106494.81  Turnover: 0.6380  Gross: 1.3934  Gate: 0.7868
Episode    650  AvgReward:   0.107702  Noise: 0.0409
Episode 651  Reward:   0.313928  Wealth:    167035.46  Turnover: 0.5878  Gross: 1.4057  Gate: 0.8113
Episode 652  Reward:   0.226431  Wealth:    144813.95  Turnover: 0.4807  Gross: 1.3962  Gate: 0.7923
Episode 653  Reward:   0.099041  Wealth:    122341.89  Turnover: 0.4673  Gross: 1.3905  Gate: 0.7811
Episode 654  Reward:   0.209529  Wealth:    141893.34  Turnover: 0.5482  Gross: 1.3945  Gate: 0.7890
Episode 655  Reward:   0.024809  Wealth:    112079.54  Turnover: 0.9673  Gross: 1.4074  Gate: 0.8147
Episode 656  Reward:   0.157978  Wealth:    131615.69  Turnover: 0.5560  Gross: 1.4037  Gate: 0.8075
Episode 657  Reward:   0.187112  Wealth:    139259.68  Turnover: 0.3125  Gross: 1.4054  Gate: 0.8109
Episode 658  Reward:  -0.102470  Wealth:     98073.91  Turnover: 0.8017  Gross: 1.4021  Gate: 0.8042
Episode 659  Reward:   0.149302  Wealth:    129858.37  Turnover: 0.6943  Gross: 1.3986  Gate: 0.7971
Episode 660  Reward:  -0.071654  Wealth:    102803.95  Turnover: 0.5548  Gross: 1.3769  Gate: 0.7538
Episode    660  AvgReward:   0.119401  Noise: 0.0401
Episode 661  Reward:   0.321521  Wealth:    170931.24  Turnover: 0.9878  Gross: 1.3914  Gate: 0.7829
Episode 662  Reward:   0.307822  Wealth:    165577.49  Turnover: 0.6221  Gross: 1.3806  Gate: 0.7611
Episode 663  Reward:   0.182963  Wealth:    137540.21  Turnover: 0.6804  Gross: 1.4018  Gate: 0.8036
Episode 664  Reward:   0.038222  Wealth:    114474.43  Turnover: 0.5360  Gross: 1.4030  Gate: 0.8060
Episode 665  Reward:  -0.048286  Wealth:    103641.80  Turnover: 0.5739  Gross: 1.3947  Gate: 0.7894
Episode 666  Reward:  -0.078319  Wealth:    102828.02  Turnover: 0.6213  Gross: 1.4036  Gate: 0.8073
Episode 667  Reward:   0.064085  Wealth:    119032.82  Turnover: 0.5557  Gross: 1.3918  Gate: 0.7836
Episode 668  Reward:  -0.076410  Wealth:    100568.62  Turnover: 0.6173  Gross: 1.4055  Gate: 0.8110
Episode 669  Reward:   0.221662  Wealth:    143753.43  Turnover: 0.5381  Gross: 1.4015  Gate: 0.8031
Episode 670  Reward:   0.292219  Wealth:    161257.96  Turnover: 0.5132  Gross: 1.3917  Gate: 0.7835
Episode    670  AvgReward:   0.122548  Noise: 0.0393
Episode 671  Reward:   0.192902  Wealth:    139731.15  Turnover: 0.5849  Gross: 1.3932  Gate: 0.7864
Episode 672  Reward:   0.084544  Wealth:    119729.23  Turnover: 0.6760  Gross: 1.3972  Gate: 0.7944
Episode 673  Reward:   0.147943  Wealth:    133237.94  Turnover: 0.5938  Gross: 1.4005  Gate: 0.8010
Episode 674  Reward:   0.271261  Wealth:    156638.61  Turnover: 0.6321  Gross: 1.3893  Gate: 0.7787
Episode 675  Reward:   0.051389  Wealth:    115865.69  Turnover: 0.7605  Gross: 1.3892  Gate: 0.7784
Episode 676  Reward:  -0.142371  Wealth:     93958.03  Turnover: 0.3456  Gross: 1.4002  Gate: 0.8003
Episode 677  Reward:   0.180932  Wealth:    136243.26  Turnover: 0.8277  Gross: 1.4064  Gate: 0.8128
Episode 678  Reward:   0.009813  Wealth:    111872.91  Turnover: 0.6166  Gross: 1.3919  Gate: 0.7839
Episode 679  Reward:   0.077542  Wealth:    119212.31  Turnover: 0.7831  Gross: 1.4123  Gate: 0.8246
Episode 680  Reward:   0.280735  Wealth:    159936.82  Turnover: 0.5323  Gross: 1.3926  Gate: 0.7851
Episode    680  AvgReward:   0.115469  Noise: 0.0385
Episode 681  Reward:   0.419872  Wealth:    203309.01  Turnover: 0.5058  Gross: 1.3921  Gate: 0.7841
Episode 682  Reward:   0.187094  Wealth:    139621.30  Turnover: 0.6668  Gross: 1.3925  Gate: 0.7850
Episode 683  Reward:   0.315080  Wealth:    171232.40  Turnover: 0.6505  Gross: 1.3839  Gate: 0.7678
Episode 684  Reward:   0.154454  Wealth:    131520.52  Turnover: 0.5237  Gross: 1.3954  Gate: 0.7908
Episode 685  Reward:   0.192286  Wealth:    139398.32  Turnover: 0.5754  Gross: 1.4037  Gate: 0.8073
Episode 686  Reward:  -0.000055  Wealth:    109649.96  Turnover: 0.3283  Gross: 1.3948  Gate: 0.7895
Episode 687  Reward:   0.082961  Wealth:    123491.03  Turnover: 0.5700  Gross: 1.3871  Gate: 0.7741
Episode 688  Reward:   0.155821  Wealth:    131105.73  Turnover: 0.7333  Gross: 1.4048  Gate: 0.8097
Episode 689  Reward:   0.075153  Wealth:    119358.75  Turnover: 0.4832  Gross: 1.4012  Gate: 0.8024
Episode 690  Reward:   0.035136  Wealth:    113956.36  Turnover: 0.4111  Gross: 1.4019  Gate: 0.8038
Episode    690  AvgReward:   0.161780  Noise: 0.0378
Episode 691  Reward:   0.025155  Wealth:    114082.18  Turnover: 0.3847  Gross: 1.3948  Gate: 0.7896
Episode 692  Reward:   0.169991  Wealth:    134867.49  Turnover: 0.7803  Gross: 1.3903  Gate: 0.7807
Episode 693  Reward:   0.066407  Wealth:    119504.87  Turnover: 0.8188  Gross: 1.3936  Gate: 0.7872
Episode 694  Reward:   0.324549  Wealth:    173092.68  Turnover: 0.5316  Gross: 1.3878  Gate: 0.7757
Episode 695  Reward:   0.168331  Wealth:    134344.79  Turnover: 0.6108  Gross: 1.3909  Gate: 0.7818
Episode 696  Reward:   0.230581  Wealth:    148385.38  Turnover: 0.6320  Gross: 1.4031  Gate: 0.8063
Episode 697  Reward:  -0.099161  Wealth:     99874.66  Turnover: 0.4658  Gross: 1.3892  Gate: 0.7784
Episode 698  Reward:   0.101981  Wealth:    125013.52  Turnover: 0.5501  Gross: 1.3920  Gate: 0.7839
Episode 699  Reward:   0.043615  Wealth:    115949.81  Turnover: 0.6017  Gross: 1.3871  Gate: 0.7741
Episode 700  Reward:   0.077150  Wealth:    120187.77  Turnover: 0.5152  Gross: 1.4064  Gate: 0.8129
Episode    700  AvgReward:   0.110860  Noise: 0.0370
Episode 701  Reward:   0.132096  Wealth:    129780.37  Turnover: 0.5649  Gross: 1.3813  Gate: 0.7626
Episode 702  Reward:   0.211171  Wealth:    142262.76  Turnover: 0.5823  Gross: 1.3826  Gate: 0.7652
Episode 703  Reward:   0.006903  Wealth:    111193.85  Turnover: 0.6915  Gross: 1.3871  Gate: 0.7742
Episode 704  Reward:   0.014497  Wealth:    112409.72  Turnover: 0.7909  Gross: 1.3908  Gate: 0.7817
Episode 705  Reward:   0.153398  Wealth:    130532.57  Turnover: 0.5561  Gross: 1.3874  Gate: 0.7748
Episode 706  Reward:   0.270165  Wealth:    157173.18  Turnover: 0.8878  Gross: 1.3916  Gate: 0.7831
Episode 707  Reward:   0.260142  Wealth:    152939.80  Turnover: 0.5345  Gross: 1.3921  Gate: 0.7843
Episode 708  Reward:   0.037409  Wealth:    115029.44  Turnover: 0.7091  Gross: 1.3988  Gate: 0.7975
Episode 709  Reward:   0.239613  Wealth:    147729.82  Turnover: 0.7518  Gross: 1.3992  Gate: 0.7985
Episode 710  Reward:   0.038711  Wealth:    115934.59  Turnover: 0.6091  Gross: 1.3969  Gate: 0.7938
Episode    710  AvgReward:   0.136410  Noise: 0.0363
Episode 711  Reward:   0.031688  Wealth:    114281.74  Turnover: 0.5478  Gross: 1.3947  Gate: 0.7894
Episode 712  Reward:   0.177349  Wealth:    140448.38  Turnover: 0.6399  Gross: 1.3950  Gate: 0.7900
Episode 713  Reward:  -0.277508  Wealth:     85758.37  Turnover: 0.4651  Gross: 1.3884  Gate: 0.7767
Episode 714  Reward:   0.050884  Wealth:    118148.65  Turnover: 0.5283  Gross: 1.3931  Gate: 0.7861
Episode 715  Reward:   0.018318  Wealth:    112685.01  Turnover: 0.5978  Gross: 1.4007  Gate: 0.8015
Episode 716  Reward:   0.303392  Wealth:    165578.13  Turnover: 0.5569  Gross: 1.3843  Gate: 0.7686
Episode 717  Reward:   0.171593  Wealth:    136577.11  Turnover: 1.0513  Gross: 1.3888  Gate: 0.7776
Episode 718  Reward:   0.185475  Wealth:    140593.93  Turnover: 0.6050  Gross: 1.3942  Gate: 0.7884
Episode 719  Reward:   0.089888  Wealth:    120824.96  Turnover: 0.5463  Gross: 1.3921  Gate: 0.7842
Episode 720  Reward:   0.195239  Wealth:    141094.64  Turnover: 0.4113  Gross: 1.3999  Gate: 0.7999
Episode    720  AvgReward:   0.094632  Noise: 0.0356
Episode 721  Reward:   0.191009  Wealth:    139537.90  Turnover: 0.6435  Gross: 1.3893  Gate: 0.7785
Episode 722  Reward:   0.068903  Wealth:    118537.80  Turnover: 0.6735  Gross: 1.3926  Gate: 0.7853
Episode 723  Reward:   0.363189  Wealth:    185158.73  Turnover: 0.5903  Gross: 1.4058  Gate: 0.8115
Episode 724  Reward:  -0.127385  Wealth:     96901.14  Turnover: 0.8303  Gross: 1.3993  Gate: 0.7987
Episode 725  Reward:   0.093742  Wealth:    122316.85  Turnover: 0.6457  Gross: 1.4025  Gate: 0.8050
Episode 726  Reward:  -0.228545  Wealth:     88527.80  Turnover: 0.4889  Gross: 1.3954  Gate: 0.7908
Episode 727  Reward:   0.093954  Wealth:    124618.42  Turnover: 0.7711  Gross: 1.3988  Gate: 0.7976
Episode 728  Reward:   0.261487  Wealth:    153598.22  Turnover: 0.6395  Gross: 1.3929  Gate: 0.7858
Episode 729  Reward:  -0.105790  Wealth:     99513.47  Turnover: 0.5497  Gross: 1.3973  Gate: 0.7946
Episode 730  Reward:  -0.033071  Wealth:    106420.95  Turnover: 0.6262  Gross: 1.3950  Gate: 0.7899
Episode    730  AvgReward:   0.057749  Noise: 0.0349
Episode 731  Reward:   0.114138  Wealth:    127590.50  Turnover: 0.6659  Gross: 1.4058  Gate: 0.8117
Episode 732  Reward:   0.302162  Wealth:    166255.93  Turnover: 0.4902  Gross: 1.3969  Gate: 0.7938
Episode 733  Reward:   0.154626  Wealth:    133766.05  Turnover: 0.5394  Gross: 1.4007  Gate: 0.8014
Episode 734  Reward:   0.086096  Wealth:    121488.50  Turnover: 0.7052  Gross: 1.4055  Gate: 0.8110
Episode 735  Reward:   0.129583  Wealth:    127472.02  Turnover: 0.5952  Gross: 1.4068  Gate: 0.8136
Episode 736  Reward:   0.170168  Wealth:    133136.13  Turnover: 0.6635  Gross: 1.3803  Gate: 0.7606
Episode 737  Reward:  -0.115402  Wealth:     98585.77  Turnover: 0.5652  Gross: 1.3993  Gate: 0.7985
Episode 738  Reward:   0.167825  Wealth:    134198.71  Turnover: 0.4235  Gross: 1.3993  Gate: 0.7985
Episode 739  Reward:   0.063031  Wealth:    118537.55  Turnover: 0.6735  Gross: 1.3917  Gate: 0.7834
Episode 740  Reward:  -0.020947  Wealth:    106193.64  Turnover: 0.6628  Gross: 1.4060  Gate: 0.8120
Episode    740  AvgReward:   0.105128  Noise: 0.0342
Episode 741  Reward:   0.066471  Wealth:    117255.37  Turnover: 0.5827  Gross: 1.4014  Gate: 0.8028
Episode 742  Reward:   0.011922  Wealth:    111383.52  Turnover: 0.7489  Gross: 1.3930  Gate: 0.7860
Episode 743  Reward:   0.186058  Wealth:    137793.72  Turnover: 0.5685  Gross: 1.3925  Gate: 0.7850
Episode 744  Reward:  -0.105364  Wealth:     98961.26  Turnover: 0.6020  Gross: 1.4060  Gate: 0.8119
Episode 745  Reward:   0.036262  Wealth:    113731.28  Turnover: 0.6929  Gross: 1.4008  Gate: 0.8016
Episode 746  Reward:  -0.057573  Wealth:    103994.86  Turnover: 0.7818  Gross: 1.3785  Gate: 0.7570
Episode 747  Reward:   0.134540  Wealth:    131080.08  Turnover: 0.5693  Gross: 1.3949  Gate: 0.7897
Episode 748  Reward:   0.068582  Wealth:    121217.21  Turnover: 0.4862  Gross: 1.3962  Gate: 0.7924
Episode 749  Reward:   0.176346  Wealth:    137015.62  Turnover: 0.5774  Gross: 1.4052  Gate: 0.8103
Episode 750  Reward:  -0.212195  Wealth:     89153.60  Turnover: 0.7135  Gross: 1.3861  Gate: 0.7721
Episode    750  AvgReward:   0.030505  Noise: 0.0335
Episode 751  Reward:   0.239419  Wealth:    154300.70  Turnover: 0.7646  Gross: 1.3895  Gate: 0.7790
Episode 752  Reward:  -0.035456  Wealth:    107059.42  Turnover: 0.5799  Gross: 1.3948  Gate: 0.7896
Episode 753  Reward:  -0.095138  Wealth:     99988.29  Turnover: 0.6232  Gross: 1.3911  Gate: 0.7821
Episode 754  Reward:   0.062040  Wealth:    118234.56  Turnover: 0.6065  Gross: 1.3939  Gate: 0.7877
Episode 755  Reward:   0.099449  Wealth:    123582.87  Turnover: 0.4627  Gross: 1.3952  Gate: 0.7904
Episode 756  Reward:   0.204969  Wealth:    141732.16  Turnover: 0.6037  Gross: 1.4010  Gate: 0.8020
Episode 757  Reward:   0.128637  Wealth:    129070.89  Turnover: 0.6083  Gross: 1.3977  Gate: 0.7953
Episode 758  Reward:   0.184936  Wealth:    138666.30  Turnover: 0.7943  Gross: 1.3832  Gate: 0.7663
Episode 759  Reward:   0.024840  Wealth:    111067.92  Turnover: 0.5200  Gross: 1.4061  Gate: 0.8122
Episode 760  Reward:  -0.017945  Wealth:    108567.41  Turnover: 0.5781  Gross: 1.3928  Gate: 0.7857
Episode    760  AvgReward:   0.079575  Noise: 0.0328
Episode 761  Reward:   0.172670  Wealth:    137055.81  Turnover: 0.6030  Gross: 1.3933  Gate: 0.7866
Episode 762  Reward:   0.176075  Wealth:    136184.81  Turnover: 0.4164  Gross: 1.3888  Gate: 0.7775
Episode 763  Reward:   0.095437  Wealth:    123379.90  Turnover: 0.8821  Gross: 1.3956  Gate: 0.7911
Episode 764  Reward:   0.238160  Wealth:    150108.57  Turnover: 0.8174  Gross: 1.4043  Gate: 0.8087
Episode 765  Reward:   0.120272  Wealth:    127575.47  Turnover: 0.6582  Gross: 1.4056  Gate: 0.8112
Episode 766  Reward:   0.213638  Wealth:    145571.01  Turnover: 0.5906  Gross: 1.3839  Gate: 0.7677
Episode 767  Reward:   0.239302  Wealth:    148351.51  Turnover: 0.8559  Gross: 1.3934  Gate: 0.7868
Episode 768  Reward:  -0.192899  Wealth:     92092.08  Turnover: 0.4367  Gross: 1.3919  Gate: 0.7839
Episode 769  Reward:   0.249926  Wealth:    151186.91  Turnover: 0.5075  Gross: 1.4025  Gate: 0.8050
Episode 770  Reward:   0.227503  Wealth:    148705.00  Turnover: 0.6871  Gross: 1.4007  Gate: 0.8014
Episode    770  AvgReward:   0.154008  Noise: 0.0322
Episode 771  Reward:  -0.189946  Wealth:     91908.83  Turnover: 0.5669  Gross: 1.4042  Gate: 0.8083
Episode 772  Reward:  -0.079781  Wealth:    100998.11  Turnover: 0.6185  Gross: 1.3979  Gate: 0.7957
Episode 773  Reward:   0.210384  Wealth:    142028.35  Turnover: 0.5553  Gross: 1.4028  Gate: 0.8056
Episode 774  Reward:   0.120838  Wealth:    131065.42  Turnover: 0.5645  Gross: 1.4027  Gate: 0.8053
Episode 775  Reward:   0.090972  Wealth:    122564.12  Turnover: 0.5239  Gross: 1.4006  Gate: 0.8012
Episode 776  Reward:  -0.055818  Wealth:    103167.36  Turnover: 0.6221  Gross: 1.3850  Gate: 0.7700
Episode 777  Reward:  -0.115184  Wealth:     98343.02  Turnover: 0.5299  Gross: 1.4054  Gate: 0.8107
Episode 778  Reward:   0.106590  Wealth:    126531.21  Turnover: 0.5284  Gross: 1.4037  Gate: 0.8074
Episode 779  Reward:   0.379687  Wealth:    196106.23  Turnover: 0.7115  Gross: 1.3938  Gate: 0.7876
Episode 780  Reward:  -0.093588  Wealth:    100522.04  Turnover: 0.3593  Gross: 1.4020  Gate: 0.8039
Episode    780  AvgReward:   0.037415  Noise: 0.0315
Episode 781  Reward:   0.157528  Wealth:    133478.27  Turnover: 0.4841  Gross: 1.4030  Gate: 0.8061
Episode 782  Reward:  -0.049240  Wealth:    105368.41  Turnover: 0.6389  Gross: 1.3904  Gate: 0.7808
Episode 783  Reward:   0.247133  Wealth:    153849.31  Turnover: 0.7884  Gross: 1.4026  Gate: 0.8052
Episode 784  Reward:   0.227246  Wealth:    149124.66  Turnover: 0.4483  Gross: 1.3873  Gate: 0.7746
Episode 785  Reward:   0.429432  Wealth:    213198.38  Turnover: 0.5179  Gross: 1.4052  Gate: 0.8103
Episode 786  Reward:   0.136468  Wealth:    129358.09  Turnover: 0.3870  Gross: 1.4039  Gate: 0.8078
Episode 787  Reward:   0.045905  Wealth:    115879.65  Turnover: 0.4201  Gross: 1.4010  Gate: 0.8019
Episode 788  Reward:   0.204843  Wealth:    142510.03  Turnover: 0.3796  Gross: 1.3973  Gate: 0.7946
Episode 789  Reward:   0.070337  Wealth:    119873.35  Turnover: 0.5895  Gross: 1.3930  Gate: 0.7860
Episode 790  Reward:   0.054978  Wealth:    120879.81  Turnover: 0.6842  Gross: 1.3915  Gate: 0.7830
Episode    790  AvgReward:   0.152463  Noise: 0.0309
Episode 791  Reward:   0.181759  Wealth:    135647.32  Turnover: 0.6524  Gross: 1.3962  Gate: 0.7924
Episode 792  Reward:   0.126738  Wealth:    131924.25  Turnover: 0.5621  Gross: 1.3860  Gate: 0.7721
Episode 793  Reward:   0.227928  Wealth:    149478.92  Turnover: 0.3767  Gross: 1.4057  Gate: 0.8115
Episode 794  Reward:   0.095571  Wealth:    124546.96  Turnover: 0.3783  Gross: 1.4038  Gate: 0.8076
Episode 795  Reward:  -0.010492  Wealth:    108615.33  Turnover: 0.5959  Gross: 1.3872  Gate: 0.7744
Episode 796  Reward:   0.216360  Wealth:    143858.31  Turnover: 0.6859  Gross: 1.3938  Gate: 0.7875
Episode 797  Reward:  -0.207106  Wealth:     89405.93  Turnover: 0.4725  Gross: 1.3865  Gate: 0.7731
Episode 798  Reward:   0.332099  Wealth:    174190.60  Turnover: 0.6986  Gross: 1.4010  Gate: 0.8021
Episode 799  Reward:   0.223556  Wealth:    145056.47  Turnover: 0.3904  Gross: 1.4039  Gate: 0.8077
Episode 800  Reward:   0.319574  Wealth:    172560.52  Turnover: 0.5070  Gross: 1.3789  Gate: 0.7578
Episode    800  AvgReward:   0.150599  Noise: 0.0303
Episode 801  Reward:   0.335197  Wealth:    176440.52  Turnover: 0.5972  Gross: 1.3988  Gate: 0.7977
Episode 802  Reward:   0.123642  Wealth:    128407.77  Turnover: 0.6682  Gross: 1.3923  Gate: 0.7846
Episode 803  Reward:   0.051095  Wealth:    114945.21  Turnover: 0.5027  Gross: 1.3955  Gate: 0.7909
Episode 804  Reward:  -0.061437  Wealth:    105586.45  Turnover: 0.6771  Gross: 1.3765  Gate: 0.7529
Episode 805  Reward:  -0.000621  Wealth:    111466.95  Turnover: 0.3350  Gross: 1.3981  Gate: 0.7962
Episode 806  Reward:   0.310704  Wealth:    170455.27  Turnover: 0.5384  Gross: 1.4068  Gate: 0.8136
Episode 807  Reward:   0.315415  Wealth:    170298.01  Turnover: 0.6688  Gross: 1.3954  Gate: 0.7907
Episode 808  Reward:   0.230731  Wealth:    151370.21  Turnover: 0.6375  Gross: 1.3945  Gate: 0.7890
Episode 809  Reward:   0.125425  Wealth:    127933.04  Turnover: 0.6295  Gross: 1.3961  Gate: 0.7921
Episode 810  Reward:  -0.379194  Wealth:     78998.17  Turnover: 0.2194  Gross: 1.3856  Gate: 0.7712
Episode    810  AvgReward:   0.105096  Noise: 0.0297
Episode 811  Reward:   0.291846  Wealth:    163457.63  Turnover: 0.6052  Gross: 1.3987  Gate: 0.7974
Episode 812  Reward:   0.316178  Wealth:    167894.18  Turnover: 0.6207  Gross: 1.3999  Gate: 0.7997
Episode 813  Reward:  -0.218853  Wealth:     90956.79  Turnover: 0.3745  Gross: 1.3963  Gate: 0.7925
Episode 814  Reward:   0.236617  Wealth:    153455.20  Turnover: 0.5766  Gross: 1.3959  Gate: 0.7917
Episode 815  Reward:   0.261795  Wealth:    154091.21  Turnover: 0.6585  Gross: 1.3900  Gate: 0.7799
Episode 816  Reward:   0.155375  Wealth:    135390.36  Turnover: 0.3363  Gross: 1.3963  Gate: 0.7926
Episode 817  Reward:   0.023093  Wealth:    114511.39  Turnover: 0.4719  Gross: 1.3976  Gate: 0.7952
Episode 818  Reward:   0.213738  Wealth:    145346.66  Turnover: 0.6091  Gross: 1.3995  Gate: 0.7989
Episode 819  Reward:   0.088643  Wealth:    122457.34  Turnover: 0.6769  Gross: 1.3953  Gate: 0.7906
Episode 820  Reward:   0.210283  Wealth:    143656.07  Turnover: 0.5645  Gross: 1.4008  Gate: 0.8017
Episode    820  AvgReward:   0.157872  Noise: 0.0291
Episode 821  Reward:   0.000410  Wealth:    110166.38  Turnover: 0.8927  Gross: 1.3997  Gate: 0.7994
Episode 822  Reward:   0.161617  Wealth:    132900.32  Turnover: 0.7678  Gross: 1.4088  Gate: 0.8177
Episode 823  Reward:   0.163890  Wealth:    136210.27  Turnover: 0.6816  Gross: 1.4037  Gate: 0.8073
Episode 824  Reward:  -0.067850  Wealth:    104135.98  Turnover: 0.2665  Gross: 1.3973  Gate: 0.7945
Episode 825  Reward:   0.311353  Wealth:    171817.61  Turnover: 0.6994  Gross: 1.3922  Gate: 0.7845
Episode 826  Reward:   0.049640  Wealth:    117665.64  Turnover: 0.5304  Gross: 1.4027  Gate: 0.8053
Episode 827  Reward:   0.233296  Wealth:    153630.36  Turnover: 0.4473  Gross: 1.3858  Gate: 0.7716
Episode 828  Reward:   0.095592  Wealth:    123806.57  Turnover: 0.4877  Gross: 1.3841  Gate: 0.7682
Episode 829  Reward:   0.174012  Wealth:    134421.24  Turnover: 0.6052  Gross: 1.4016  Gate: 0.8032
Episode 830  Reward:   0.117518  Wealth:    130588.46  Turnover: 0.4994  Gross: 1.4030  Gate: 0.8061
Episode    830  AvgReward:   0.123948  Noise: 0.0285
Episode 831  Reward:   0.198954  Wealth:    141386.79  Turnover: 0.5724  Gross: 1.4006  Gate: 0.8012
Episode 832  Reward:   0.338683  Wealth:    178893.23  Turnover: 0.7587  Gross: 1.3909  Gate: 0.7818
Episode 833  Reward:   0.101512  Wealth:    126944.39  Turnover: 0.5428  Gross: 1.3903  Gate: 0.7807
Episode 834  Reward:   0.196177  Wealth:    142035.46  Turnover: 0.4663  Gross: 1.3942  Gate: 0.7885
Episode 835  Reward:   0.252151  Wealth:    157726.90  Turnover: 0.5086  Gross: 1.3870  Gate: 0.7740
Episode 836  Reward:   0.356007  Wealth:    183375.98  Turnover: 0.6435  Gross: 1.3947  Gate: 0.7893
Episode 837  Reward:   0.055646  Wealth:    119774.68  Turnover: 0.6972  Gross: 1.3836  Gate: 0.7672
Episode 838  Reward:   0.238817  Wealth:    149664.77  Turnover: 0.7914  Gross: 1.3929  Gate: 0.7859
Episode 839  Reward:   0.122072  Wealth:    130006.86  Turnover: 0.5504  Gross: 1.3988  Gate: 0.7977
Episode 840  Reward:   0.117181  Wealth:    129452.40  Turnover: 0.3330  Gross: 1.3959  Gate: 0.7918
Episode    840  AvgReward:   0.197720  Noise: 0.0280
Episode 841  Reward:   0.125102  Wealth:    129552.75  Turnover: 0.6646  Gross: 1.3960  Gate: 0.7921
Episode 842  Reward:   0.054125  Wealth:    119479.45  Turnover: 0.4918  Gross: 1.3924  Gate: 0.7847
Episode 843  Reward:  -0.096971  Wealth:    100623.39  Turnover: 0.6201  Gross: 1.3932  Gate: 0.7865
Episode 844  Reward:   0.168894  Wealth:    138512.28  Turnover: 0.5451  Gross: 1.3957  Gate: 0.7915
Episode 845  Reward:   0.015420  Wealth:    110784.84  Turnover: 0.6334  Gross: 1.3926  Gate: 0.7851
Episode 846  Reward:   0.201433  Wealth:    142623.17  Turnover: 0.5740  Gross: 1.3976  Gate: 0.7952
Episode 847  Reward:   0.252742  Wealth:    156064.97  Turnover: 0.7052  Gross: 1.3956  Gate: 0.7911
Episode 848  Reward:  -0.082528  Wealth:    102688.47  Turnover: 0.5522  Gross: 1.3952  Gate: 0.7905
Episode 849  Reward:   0.270762  Wealth:    162418.29  Turnover: 0.4986  Gross: 1.4012  Gate: 0.8023
Episode 850  Reward:   0.107238  Wealth:    128132.00  Turnover: 0.6029  Gross: 1.3940  Gate: 0.7881
Episode    850  AvgReward:   0.101622  Noise: 0.0274
Episode 851  Reward:   0.035125  Wealth:    119304.08  Turnover: 0.2531  Gross: 1.4010  Gate: 0.8019
Episode 852  Reward:   0.297283  Wealth:    165832.18  Turnover: 0.6269  Gross: 1.4059  Gate: 0.8117
Episode 853  Reward:   0.245268  Wealth:    155044.24  Turnover: 0.4188  Gross: 1.4066  Gate: 0.8133
Episode 854  Reward:  -0.017486  Wealth:    112245.69  Turnover: 0.2714  Gross: 1.3957  Gate: 0.7915
Episode 855  Reward:   0.219363  Wealth:    149519.67  Turnover: 0.6267  Gross: 1.4040  Gate: 0.8080
Episode 856  Reward:  -0.229425  Wealth:     89534.38  Turnover: 0.4050  Gross: 1.4064  Gate: 0.8129
Episode 857  Reward:   0.232013  Wealth:    150959.15  Turnover: 0.4093  Gross: 1.3996  Gate: 0.7991
Episode 858  Reward:   0.131801  Wealth:    129258.11  Turnover: 0.6083  Gross: 1.3950  Gate: 0.7901
Episode 859  Reward:   0.206566  Wealth:    143621.04  Turnover: 0.5133  Gross: 1.3974  Gate: 0.7948
Episode 860  Reward:   0.207320  Wealth:    142758.56  Turnover: 0.7678  Gross: 1.3885  Gate: 0.7770
Episode    860  AvgReward:   0.132783  Noise: 0.0269
Episode 861  Reward:   0.150519  Wealth:    134715.70  Turnover: 0.5887  Gross: 1.4014  Gate: 0.8028
Episode 862  Reward:   0.111837  Wealth:    128405.43  Turnover: 0.6180  Gross: 1.3984  Gate: 0.7969
Episode 863  Reward:  -0.221446  Wealth:     88926.87  Turnover: 0.5492  Gross: 1.3887  Gate: 0.7775
Episode 864  Reward:   0.082186  Wealth:    123299.87  Turnover: 0.7686  Gross: 1.4066  Gate: 0.8131
Episode 865  Reward:  -0.263659  Wealth:     85985.04  Turnover: 0.5496  Gross: 1.4089  Gate: 0.8178
Episode 866  Reward:   0.146357  Wealth:    135211.30  Turnover: 0.3910  Gross: 1.4005  Gate: 0.8010
Episode 867  Reward:   0.057891  Wealth:    117421.77  Turnover: 0.4892  Gross: 1.3932  Gate: 0.7863
Episode 868  Reward:   0.240261  Wealth:    154068.36  Turnover: 0.6546  Gross: 1.4004  Gate: 0.8008
Episode 869  Reward:   0.056325  Wealth:    118856.48  Turnover: 0.5262  Gross: 1.3893  Gate: 0.7785
Episode 870  Reward:   0.209014  Wealth:    141268.37  Turnover: 0.4537  Gross: 1.3801  Gate: 0.7601
Episode    870  AvgReward:   0.056929  Noise: 0.0263
Episode 871  Reward:  -0.060941  Wealth:    104899.07  Turnover: 0.5259  Gross: 1.3954  Gate: 0.7909
Episode 872  Reward:   0.121552  Wealth:    127509.84  Turnover: 0.6671  Gross: 1.3951  Gate: 0.7903
Episode 873  Reward:  -0.038008  Wealth:    108867.40  Turnover: 0.4173  Gross: 1.4017  Gate: 0.8034
Episode 874  Reward:  -0.080199  Wealth:    102650.76  Turnover: 0.6817  Gross: 1.3946  Gate: 0.7891
Episode 875  Reward:   0.101125  Wealth:    125328.07  Turnover: 0.4893  Gross: 1.4023  Gate: 0.8046
Episode 876  Reward:  -0.149511  Wealth:     95126.50  Turnover: 0.3186  Gross: 1.3908  Gate: 0.7815
Episode 877  Reward:   0.281137  Wealth:    160469.08  Turnover: 0.5463  Gross: 1.3965  Gate: 0.7931
Episode 878  Reward:   0.093499  Wealth:    125331.33  Turnover: 0.6662  Gross: 1.3929  Gate: 0.7859
Episode 879  Reward:   0.236536  Wealth:    151112.06  Turnover: 0.5732  Gross: 1.3992  Gate: 0.7984
Episode 880  Reward:  -0.381144  Wealth:     78052.15  Turnover: 0.5290  Gross: 1.3856  Gate: 0.7712
Episode    880  AvgReward:   0.012404  Noise: 0.0258
Episode 881  Reward:   0.140758  Wealth:    132411.58  Turnover: 0.4434  Gross: 1.3972  Gate: 0.7945
Episode 882  Reward:  -0.022072  Wealth:    109825.52  Turnover: 0.5603  Gross: 1.3995  Gate: 0.7990
Episode 883  Reward:   0.124178  Wealth:    127279.84  Turnover: 0.4535  Gross: 1.3833  Gate: 0.7666
Episode 884  Reward:  -0.015509  Wealth:    110998.42  Turnover: 0.6164  Gross: 1.3875  Gate: 0.7750
Episode 885  Reward:   0.068053  Wealth:    121718.01  Turnover: 0.4095  Gross: 1.4064  Gate: 0.8127
Episode 886  Reward:  -0.027964  Wealth:    108115.45  Turnover: 0.5781  Gross: 1.4038  Gate: 0.8075
Episode 887  Reward:   0.226153  Wealth:    150916.83  Turnover: 0.7273  Gross: 1.3932  Gate: 0.7865
Episode 888  Reward:   0.225671  Wealth:    150512.28  Turnover: 0.6356  Gross: 1.4030  Gate: 0.8060
Episode 889  Reward:   0.229252  Wealth:    149116.19  Turnover: 0.6091  Gross: 1.4051  Gate: 0.8102
Episode 890  Reward:  -0.013390  Wealth:    110011.76  Turnover: 0.5497  Gross: 1.3995  Gate: 0.7990
Episode    890  AvgReward:   0.093513  Noise: 0.0253
Episode 891  Reward:   0.023699  Wealth:    113752.77  Turnover: 1.0640  Gross: 1.3816  Gate: 0.7633
Episode 892  Reward:   0.186282  Wealth:    141281.72  Turnover: 0.6951  Gross: 1.3998  Gate: 0.7996
Episode 893  Reward:  -0.058396  Wealth:    105685.86  Turnover: 0.5341  Gross: 1.3947  Gate: 0.7894
Episode 894  Reward:   0.098554  Wealth:    125207.05  Turnover: 0.6875  Gross: 1.4052  Gate: 0.8105
Episode 895  Reward:   0.251222  Wealth:    157218.92  Turnover: 0.6227  Gross: 1.3988  Gate: 0.7975
Episode 896  Reward:   0.249264  Wealth:    154774.42  Turnover: 0.5474  Gross: 1.4006  Gate: 0.8012
Episode 897  Reward:   0.071577  Wealth:    118650.74  Turnover: 0.5305  Gross: 1.3972  Gate: 0.7945
Episode 898  Reward:   0.084456  Wealth:    123615.87  Turnover: 0.5041  Gross: 1.3946  Gate: 0.7892
Episode 899  Reward:   0.286287  Wealth:    162695.55  Turnover: 0.6581  Gross: 1.3943  Gate: 0.7887
Episode 900  Reward:   0.134137  Wealth:    128840.76  Turnover: 0.3791  Gross: 1.3878  Gate: 0.7756
Episode    900  AvgReward:   0.132708  Noise: 0.0248
Episode 901  Reward:   0.253635  Wealth:    152754.56  Turnover: 0.6711  Gross: 1.3921  Gate: 0.7841
Episode 902  Reward:   0.247332  Wealth:    151960.93  Turnover: 0.5823  Gross: 1.3985  Gate: 0.7969
Episode 903  Reward:  -0.077790  Wealth:    101487.85  Turnover: 0.7176  Gross: 1.3997  Gate: 0.7994
Episode 904  Reward:   0.132910  Wealth:    131008.88  Turnover: 0.6171  Gross: 1.3939  Gate: 0.7878
Episode 905  Reward:  -0.002453  Wealth:    111880.59  Turnover: 0.5689  Gross: 1.3956  Gate: 0.7913
Episode 906  Reward:  -0.091301  Wealth:    100244.92  Turnover: 0.7180  Gross: 1.3974  Gate: 0.7948
Episode 907  Reward:   0.232554  Wealth:    147905.72  Turnover: 0.6528  Gross: 1.3966  Gate: 0.7932
Episode 908  Reward:  -0.107853  Wealth:    100035.44  Turnover: 0.5853  Gross: 1.3943  Gate: 0.7886
Episode 909  Reward:   0.144987  Wealth:    133309.66  Turnover: 0.5644  Gross: 1.3976  Gate: 0.7951
Episode 910  Reward:   0.265039  Wealth:    156918.71  Turnover: 0.6176  Gross: 1.4012  Gate: 0.8024
Episode    910  AvgReward:   0.099706  Noise: 0.0243
Episode 911  Reward:   0.043880  Wealth:    116987.05  Turnover: 0.7101  Gross: 1.3974  Gate: 0.7947
Episode 912  Reward:   0.129007  Wealth:    132006.24  Turnover: 0.5546  Gross: 1.3964  Gate: 0.7927
Episode 913  Reward:   0.122132  Wealth:    129517.78  Turnover: 0.5170  Gross: 1.3957  Gate: 0.7914
Episode 914  Reward:  -0.074884  Wealth:    102097.07  Turnover: 0.3696  Gross: 1.3958  Gate: 0.7916
Episode 915  Reward:   0.247320  Wealth:    148879.73  Turnover: 0.7334  Gross: 1.3859  Gate: 0.7718
Episode 916  Reward:   0.291112  Wealth:    168341.71  Turnover: 0.4981  Gross: 1.3961  Gate: 0.7922
Episode 917  Reward:  -0.246319  Wealth:     87713.76  Turnover: 0.4037  Gross: 1.3944  Gate: 0.7888
Episode 918  Reward:  -0.006147  Wealth:    110493.39  Turnover: 0.5175  Gross: 1.3938  Gate: 0.7876
Episode 919  Reward:   0.286990  Wealth:    165525.76  Turnover: 0.5699  Gross: 1.3839  Gate: 0.7678
Episode 920  Reward:   0.067136  Wealth:    120770.96  Turnover: 0.5272  Gross: 1.4000  Gate: 0.8000
Episode    920  AvgReward:   0.086023  Noise: 0.0238
Episode 921  Reward:   0.231487  Wealth:    153000.42  Turnover: 0.5423  Gross: 1.3878  Gate: 0.7756
Episode 922  Reward:  -0.391147  Wealth:     77522.13  Turnover: 0.5569  Gross: 1.3945  Gate: 0.7890
Episode 923  Reward:   0.225063  Wealth:    144477.86  Turnover: 0.2973  Gross: 1.4018  Gate: 0.8035
Episode 924  Reward:  -0.329761  Wealth:     81373.64  Turnover: 0.4858  Gross: 1.3939  Gate: 0.7877
Episode 925  Reward:   0.275425  Wealth:    160091.41  Turnover: 0.4068  Gross: 1.3921  Gate: 0.7843
Episode 926  Reward:  -0.019158  Wealth:    109313.77  Turnover: 0.4724  Gross: 1.3954  Gate: 0.7909
Episode 927  Reward:  -0.122756  Wealth:     96188.46  Turnover: 0.6002  Gross: 1.4000  Gate: 0.8000
Episode 928  Reward:   0.047560  Wealth:    118104.75  Turnover: 0.5016  Gross: 1.3982  Gate: 0.7964
Episode 929  Reward:   0.247060  Wealth:    154381.24  Turnover: 0.5335  Gross: 1.3961  Gate: 0.7923
Episode 930  Reward:   0.059116  Wealth:    117952.53  Turnover: 0.4766  Gross: 1.3929  Gate: 0.7859
Episode    930  AvgReward:   0.022289  Noise: 0.0234
Episode 931  Reward:   0.223251  Wealth:    147443.88  Turnover: 0.6226  Gross: 1.4051  Gate: 0.8103
Episode 932  Reward:   0.166517  Wealth:    138113.56  Turnover: 0.8421  Gross: 1.3970  Gate: 0.7941
Episode 933  Reward:   0.021186  Wealth:    114280.28  Turnover: 0.7712  Gross: 1.3954  Gate: 0.7908
Episode 934  Reward:   0.055833  Wealth:    118744.78  Turnover: 0.7254  Gross: 1.3945  Gate: 0.7890
Episode 935  Reward:   0.069579  Wealth:    121780.24  Turnover: 0.5603  Gross: 1.4039  Gate: 0.8079
Episode 936  Reward:   0.009741  Wealth:    113034.03  Turnover: 0.5311  Gross: 1.3989  Gate: 0.7978
Episode 937  Reward:  -0.072885  Wealth:    101698.92  Turnover: 0.5363  Gross: 1.4058  Gate: 0.8117
Episode 938  Reward:  -0.362649  Wealth:     79819.63  Turnover: 0.3448  Gross: 1.3907  Gate: 0.7813
Episode 939  Reward:   0.210923  Wealth:    143746.52  Turnover: 0.4673  Gross: 1.4001  Gate: 0.8002
Episode 940  Reward:   0.074271  Wealth:    119898.54  Turnover: 0.3766  Gross: 1.4046  Gate: 0.8092
Episode    940  AvgReward:   0.039577  Noise: 0.0229
Episode 941  Reward:   0.278079  Wealth:    159835.67  Turnover: 0.5821  Gross: 1.4046  Gate: 0.8091
Episode 942  Reward:   0.248474  Wealth:    150719.98  Turnover: 0.3435  Gross: 1.4011  Gate: 0.8022
Episode 943  Reward:  -0.165534  Wealth:     95209.62  Turnover: 0.4187  Gross: 1.4024  Gate: 0.8047
Episode 944  Reward:   0.345518  Wealth:    183392.71  Turnover: 0.6439  Gross: 1.3895  Gate: 0.7789
Episode 945  Reward:  -0.023888  Wealth:    108144.78  Turnover: 0.3295  Gross: 1.3927  Gate: 0.7854
Episode 946  Reward:  -0.234679  Wealth:     88550.11  Turnover: 0.5388  Gross: 1.3979  Gate: 0.7957
Episode 947  Reward:   0.148655  Wealth:    133611.17  Turnover: 0.6325  Gross: 1.3912  Gate: 0.7824
Episode 948  Reward:   0.178743  Wealth:    139560.50  Turnover: 0.5558  Gross: 1.3973  Gate: 0.7946
Episode 949  Reward:   0.199820  Wealth:    137441.98  Turnover: 0.5403  Gross: 1.3865  Gate: 0.7729
Episode 950  Reward:   0.147004  Wealth:    131146.50  Turnover: 0.3727  Gross: 1.3973  Gate: 0.7946
Episode    950  AvgReward:   0.112219  Noise: 0.0224
Episode 951  Reward:   0.164249  Wealth:    133906.51  Turnover: 0.8316  Gross: 1.3985  Gate: 0.7970
Episode 952  Reward:   0.157464  Wealth:    134603.64  Turnover: 0.5629  Gross: 1.3908  Gate: 0.7816
Episode 953  Reward:   0.181416  Wealth:    137257.89  Turnover: 0.4829  Gross: 1.3953  Gate: 0.7906
Episode 954  Reward:   0.153695  Wealth:    132123.91  Turnover: 0.4678  Gross: 1.3919  Gate: 0.7839
Episode 955  Reward:  -0.005133  Wealth:    110526.00  Turnover: 0.4937  Gross: 1.4105  Gate: 0.8210
Episode 956  Reward:   0.093399  Wealth:    125048.19  Turnover: 0.5544  Gross: 1.4019  Gate: 0.8037
Episode 957  Reward:   0.138608  Wealth:    132842.33  Turnover: 0.6328  Gross: 1.4001  Gate: 0.8003
Episode 958  Reward:  -0.080668  Wealth:    102779.54  Turnover: 0.5243  Gross: 1.3938  Gate: 0.7876
Episode 959  Reward:  -0.116995  Wealth:     98596.30  Turnover: 0.5486  Gross: 1.3949  Gate: 0.7897
Episode 960  Reward:   0.012824  Wealth:    114641.20  Turnover: 0.7092  Gross: 1.3981  Gate: 0.7962
Episode    960  AvgReward:   0.069886  Noise: 0.0220
Episode 961  Reward:   0.153392  Wealth:    134550.37  Turnover: 0.8264  Gross: 1.3806  Gate: 0.7611
Episode 962  Reward:   0.039068  Wealth:    118848.43  Turnover: 0.4348  Gross: 1.3971  Gate: 0.7941
Episode 963  Reward:  -0.002976  Wealth:    111552.37  Turnover: 0.4325  Gross: 1.3987  Gate: 0.7973
Episode 964  Reward:   0.070519  Wealth:    121566.28  Turnover: 0.5848  Gross: 1.3981  Gate: 0.7962
Episode 965  Reward:   0.154041  Wealth:    135062.65  Turnover: 0.6369  Gross: 1.4001  Gate: 0.8001
Episode 966  Reward:   0.187215  Wealth:    143341.84  Turnover: 0.6253  Gross: 1.3951  Gate: 0.7901
Episode 967  Reward:   0.016158  Wealth:    112180.86  Turnover: 0.8516  Gross: 1.3818  Gate: 0.7637
Episode 968  Reward:   0.142354  Wealth:    130557.83  Turnover: 0.5213  Gross: 1.4045  Gate: 0.8089
Episode 969  Reward:  -0.165402  Wealth:     93829.64  Turnover: 0.5103  Gross: 1.3967  Gate: 0.7933
Episode 970  Reward:   0.106443  Wealth:    126324.76  Turnover: 0.6081  Gross: 1.3935  Gate: 0.7869
Episode    970  AvgReward:   0.070081  Noise: 0.0216
Episode 971  Reward:   0.247186  Wealth:    150503.45  Turnover: 0.7624  Gross: 1.3976  Gate: 0.7953
Episode 972  Reward:   0.249045  Wealth:    155540.87  Turnover: 0.4222  Gross: 1.4062  Gate: 0.8125
Episode 973  Reward:   0.188523  Wealth:    144263.58  Turnover: 0.4457  Gross: 1.4036  Gate: 0.8073
Episode 974  Reward:  -0.007457  Wealth:    110389.68  Turnover: 0.4247  Gross: 1.3833  Gate: 0.7667
Episode 975  Reward:  -0.016460  Wealth:    109502.62  Turnover: 0.6209  Gross: 1.3946  Gate: 0.7892
Episode 976  Reward:   0.457311  Wealth:    226313.27  Turnover: 0.8155  Gross: 1.3999  Gate: 0.7999
Episode 977  Reward:   0.095206  Wealth:    126038.18  Turnover: 0.7380  Gross: 1.3897  Gate: 0.7795
Episode 978  Reward:   0.431195  Wealth:    206238.79  Turnover: 0.8712  Gross: 1.4066  Gate: 0.8132
Episode 979  Reward:   0.001683  Wealth:    111457.03  Turnover: 0.4580  Gross: 1.4050  Gate: 0.8100
Episode 980  Reward:   0.252401  Wealth:    154016.40  Turnover: 0.6742  Gross: 1.3880  Gate: 0.7760
Episode    980  AvgReward:   0.189863  Noise: 0.0211
Episode 981  Reward:  -0.037014  Wealth:    105018.97  Turnover: 0.5064  Gross: 1.3933  Gate: 0.7865
Episode 982  Reward:   0.190111  Wealth:    142405.48  Turnover: 0.7619  Gross: 1.3957  Gate: 0.7915
Episode 983  Reward:   0.174938  Wealth:    138719.28  Turnover: 0.5811  Gross: 1.3990  Gate: 0.7979
Episode 984  Reward:   0.109585  Wealth:    123120.10  Turnover: 0.5394  Gross: 1.3999  Gate: 0.7997
Episode 985  Reward:   0.209980  Wealth:    145533.13  Turnover: 0.3964  Gross: 1.4068  Gate: 0.8137
Episode 986  Reward:  -0.244491  Wealth:     85890.20  Turnover: 0.3480  Gross: 1.3934  Gate: 0.7868
Episode 987  Reward:   0.006729  Wealth:    108240.32  Turnover: 0.3399  Gross: 1.3942  Gate: 0.7884
Episode 988  Reward:  -0.141131  Wealth:     95556.04  Turnover: 0.6628  Gross: 1.3937  Gate: 0.7873
Episode 989  Reward:   0.082356  Wealth:    121986.95  Turnover: 0.7638  Gross: 1.3981  Gate: 0.7961
Episode 990  Reward:   0.081190  Wealth:    121237.95  Turnover: 0.3579  Gross: 1.3914  Gate: 0.7827
Episode    990  AvgReward:   0.043225  Noise: 0.0207
Episode 991  Reward:  -0.004510  Wealth:    109800.96  Turnover: 0.6001  Gross: 1.3955  Gate: 0.7911
Episode 992  Reward:   0.112003  Wealth:    127791.82  Turnover: 0.5693  Gross: 1.3997  Gate: 0.7993
Episode 993  Reward:   0.113449  Wealth:    124946.42  Turnover: 0.5170  Gross: 1.3911  Gate: 0.7823
Episode 994  Reward:   0.325578  Wealth:    173549.32  Turnover: 0.6773  Gross: 1.4035  Gate: 0.8070
Episode 995  Reward:   0.246315  Wealth:    150200.69  Turnover: 0.6585  Gross: 1.4006  Gate: 0.8011
Episode 996  Reward:   0.158980  Wealth:    135284.98  Turnover: 0.9704  Gross: 1.3926  Gate: 0.7852
Episode 997  Reward:   0.254850  Wealth:    152160.63  Turnover: 0.6297  Gross: 1.4012  Gate: 0.8024
Episode 998  Reward:   0.158224  Wealth:    132502.60  Turnover: 0.5321  Gross: 1.3998  Gate: 0.7995
Episode 999  Reward:   0.040445  Wealth:    115878.88  Turnover: 0.5020  Gross: 1.3975  Gate: 0.7950
Episode 1000  Reward:  -0.153884  Wealth:     94672.76  Turnover: 0.7078  Gross: 1.4034  Gate: 0.8068
Episode   1000  AvgReward:   0.125145  Noise: 0.0203
TRAIN STAGE COMPLETE
PRE-TRAINING BEHAVIOUR GATE PASSED on deterministic held-in episodes: mean_leverage_gate=0.7934, fraction_at_gross_cap=0.0000, gate_gross_mae=0.0000, mean_turnover=0.5841, max_position_limit_violation=0.0000, mean_normalized_direction_entropy=0.8692, q05_normalized_direction_entropy=0.7843, mean_effective_positions=4.1952
Pre-training complete. Agent saved.

============================================================
Stage 2: Fine-tuning on Real Data

============================================================
============================================================
STAGE 2: FINE-TUNING
============================================================
============================================================
TRAIN STAGE STARTED: stage=finetune_selection, episodes=37, batch_size=64, updates_per_step=1
============================================================
Episode 1  Reward:   0.072759  Wealth:    118710.94  Turnover: 0.6025  Gross: 1.3954  Gate: 0.7909
Episode 2  Reward:   0.317300  Wealth:    174270.56  Turnover: 0.8760  Gross: 1.3930  Gate: 0.7859
Episode 3  Reward:   0.204677  Wealth:    142576.11  Turnover: 0.6355  Gross: 1.4001  Gate: 0.8002
Episode 4  Reward:   0.141276  Wealth:    126173.01  Turnover: 0.3275  Gross: 1.3888  Gate: 0.7776
Episode 5  Reward:   0.290145  Wealth:    161898.42  Turnover: 0.6522  Gross: 1.3987  Gate: 0.7975
Episode 6  Reward:   0.097068  Wealth:    121547.58  Turnover: 0.5973  Gross: 1.3891  Gate: 0.7783
Episode 7  Reward:   0.188605  Wealth:    140107.90  Turnover: 0.6660  Gross: 1.3895  Gate: 0.7790
Episode 8  Reward:   0.286016  Wealth:    167085.51  Turnover: 0.7655  Gross: 1.3895  Gate: 0.7790
Episode 9  Reward:   0.127315  Wealth:    131439.18  Turnover: 0.4757  Gross: 1.3989  Gate: 0.7979
Episode 10  Reward:   0.217685  Wealth:    150354.76  Turnover: 0.5941  Gross: 1.4003  Gate: 0.8007
Episode 11  Reward:   0.140131  Wealth:    134543.63  Turnover: 0.7415  Gross: 1.3999  Gate: 0.7998
Episode 12  Reward:   0.314880  Wealth:    176567.23  Turnover: 0.6190  Gross: 1.4058  Gate: 0.8116
Episode 13  Reward:   0.311173  Wealth:    175561.18  Turnover: 0.7114  Gross: 1.4022  Gate: 0.8044
Episode 14  Reward:   0.015924  Wealth:    114603.45  Turnover: 0.3973  Gross: 1.4120  Gate: 0.8239
Episode 15  Reward:   0.331304  Wealth:    179480.62  Turnover: 0.5209  Gross: 1.4096  Gate: 0.8193
Episode 16  Reward:   0.129689  Wealth:    131373.24  Turnover: 0.7550  Gross: 1.4029  Gate: 0.8059
Episode 17  Reward:   0.133827  Wealth:    131296.18  Turnover: 0.6809  Gross: 1.4029  Gate: 0.8059
Episode 18  Reward:   0.273883  Wealth:    159282.50  Turnover: 0.4709  Gross: 1.4081  Gate: 0.8162
Episode 19  Reward:   0.218113  Wealth:    146958.94  Turnover: 0.7090  Gross: 1.4069  Gate: 0.8137
Episode 20  Reward:   0.124391  Wealth:    127334.62  Turnover: 0.6860  Gross: 1.3969  Gate: 0.7937
Episode 21  Reward:   0.291628  Wealth:    165189.82  Turnover: 0.6945  Gross: 1.4024  Gate: 0.8048
Episode 22  Reward:   0.246699  Wealth:    153025.75  Turnover: 0.7343  Gross: 1.4078  Gate: 0.8156
Episode 23  Reward:   0.277774  Wealth:    159190.39  Turnover: 0.7123  Gross: 1.4056  Gate: 0.8111
Episode 24  Reward:   0.296056  Wealth:    164584.78  Turnover: 0.4407  Gross: 1.4061  Gate: 0.8122
Episode 25  Reward:   0.202523  Wealth:    141551.74  Turnover: 0.6531  Gross: 1.3984  Gate: 0.7967
Episode 26  Reward:  -0.016526  Wealth:    107084.94  Turnover: 0.3145  Gross: 1.4017  Gate: 0.8034
Episode 27  Reward:   0.174023  Wealth:    136472.02  Turnover: 0.6569  Gross: 1.3977  Gate: 0.7954
Episode 28  Reward:   0.235656  Wealth:    148187.14  Turnover: 0.4462  Gross: 1.4070  Gate: 0.8139
Episode 29  Reward:   0.144104  Wealth:    129374.06  Turnover: 0.5936  Gross: 1.3963  Gate: 0.7927
Episode 30  Reward:   0.243922  Wealth:    150386.55  Turnover: 0.7105  Gross: 1.3985  Gate: 0.7969
Episode 31  Reward:   0.239773  Wealth:    150238.87  Turnover: 0.6488  Gross: 1.4025  Gate: 0.8050
Episode 32  Reward:   0.259978  Wealth:    154392.12  Turnover: 0.4898  Gross: 1.4077  Gate: 0.8154
Episode 33  Reward:   0.163097  Wealth:    132480.85  Turnover: 0.3557  Gross: 1.4061  Gate: 0.8123
Episode 34  Reward:   0.318939  Wealth:    169399.95  Turnover: 0.5588  Gross: 1.4035  Gate: 0.8070
Episode 35  Reward:   0.146560  Wealth:    128338.10  Turnover: 0.3738  Gross: 1.3884  Gate: 0.7768
Episode 36  Reward:   0.178703  Wealth:    134849.77  Turnover: 0.4923  Gross: 1.3947  Gate: 0.7894
Episode 37  Reward:   0.273927  Wealth:    155991.12  Turnover: 0.3796  Gross: 1.4072  Gate: 0.8144
Episode     37  AvgReward:   0.205757  Noise: 0.0417
TRAIN STAGE COMPLETE
VALIDATION pass=1 reward=0.261748 wealth=152464.29 turnover=0.4478 gross=1.4080
============================================================
TRAIN STAGE STARTED: stage=finetune_refit_all, episodes=61, batch_size=64, updates_per_step=1
============================================================
Episode 1  Reward:   0.233671  Wealth:    150763.39  Turnover: 0.7729  Gross: 1.3956  Gate: 0.7912
Episode 2  Reward:   0.123000  Wealth:    124239.88  Turnover: 0.3870  Gross: 1.3944  Gate: 0.7888
Episode 3  Reward:   0.134918  Wealth:    125207.82  Turnover: 0.3172  Gross: 1.3917  Gate: 0.7834
Episode 4  Reward:   0.323444  Wealth:    175558.97  Turnover: 0.8587  Gross: 1.3952  Gate: 0.7903
Episode 5  Reward:   0.022521  Wealth:    111023.05  Turnover: 0.4173  Gross: 1.4055  Gate: 0.8110
Episode 6  Reward:   0.203238  Wealth:    142170.99  Turnover: 0.6334  Gross: 1.3906  Gate: 0.7811
Episode 7  Reward:   0.133587  Wealth:    127910.20  Turnover: 0.5211  Gross: 1.3865  Gate: 0.7730
Episode 8  Reward:  -0.059790  Wealth:    104620.99  Turnover: 0.4308  Gross: 1.4085  Gate: 0.8169
Episode 9  Reward:   0.052594  Wealth:    119485.79  Turnover: 0.6189  Gross: 1.3851  Gate: 0.7702
Episode 10  Reward:   0.120255  Wealth:    129461.43  Turnover: 0.5446  Gross: 1.3890  Gate: 0.7779
Episode 11  Reward:  -0.080349  Wealth:    103424.78  Turnover: 0.3958  Gross: 1.4067  Gate: 0.8134
Episode 12  Reward:   0.257731  Wealth:    159309.40  Turnover: 0.4220  Gross: 1.4061  Gate: 0.8123
Episode 13  Reward:   0.088551  Wealth:    121176.15  Turnover: 0.4631  Gross: 1.3935  Gate: 0.7870
Episode 14  Reward:   0.175918  Wealth:    141788.00  Turnover: 0.4288  Gross: 1.4061  Gate: 0.8121
Episode 15  Reward:   0.185623  Wealth:    143399.16  Turnover: 0.5286  Gross: 1.4026  Gate: 0.8052
Episode 16  Reward:   0.147480  Wealth:    133211.91  Turnover: 0.6582  Gross: 1.4012  Gate: 0.8024
Episode 17  Reward:  -0.105049  Wealth:    100771.27  Turnover: 0.4892  Gross: 1.4026  Gate: 0.8053
Episode 18  Reward:   0.011286  Wealth:    114238.35  Turnover: 0.4812  Gross: 1.4078  Gate: 0.8157
Episode 19  Reward:   0.153036  Wealth:    134291.48  Turnover: 0.6778  Gross: 1.4041  Gate: 0.8083
Episode 20  Reward:  -0.075637  Wealth:    103894.30  Turnover: 0.3876  Gross: 1.4063  Gate: 0.8126
Episode 21  Reward:   0.280417  Wealth:    165311.72  Turnover: 0.6468  Gross: 1.3978  Gate: 0.7956
Episode 22  Reward:   0.145182  Wealth:    132722.43  Turnover: 0.5287  Gross: 1.4015  Gate: 0.8030
Episode 23  Reward:   0.107382  Wealth:    122585.41  Turnover: 0.3786  Gross: 1.3972  Gate: 0.7945
Episode 24  Reward:   0.012847  Wealth:    111237.77  Turnover: 0.4263  Gross: 1.4065  Gate: 0.8130
Episode 25  Reward:   0.206239  Wealth:    142807.21  Turnover: 0.6436  Gross: 1.3960  Gate: 0.7921
Episode 26  Reward:  -0.022151  Wealth:    108013.68  Turnover: 0.3855  Gross: 1.4056  Gate: 0.8111
Episode 27  Reward:   0.073278  Wealth:    121687.98  Turnover: 0.3731  Gross: 1.4076  Gate: 0.8152
Episode 28  Reward:   0.178945  Wealth:    137377.56  Turnover: 0.5364  Gross: 1.4031  Gate: 0.8063
Episode 29  Reward:   0.151657  Wealth:    130196.75  Turnover: 0.4624  Gross: 1.4011  Gate: 0.8023
Episode 30  Reward:   0.301658  Wealth:    168428.47  Turnover: 0.6734  Gross: 1.3966  Gate: 0.7932
Episode 31  Reward:   0.323498  Wealth:    175313.03  Turnover: 0.7116  Gross: 1.3928  Gate: 0.7856
Episode 32  Reward:   0.309356  Wealth:    173125.43  Turnover: 0.6924  Gross: 1.4012  Gate: 0.8024
Episode 33  Reward:   0.147210  Wealth:    127687.60  Turnover: 0.3736  Gross: 1.3942  Gate: 0.7884
Episode 34  Reward:  -0.024167  Wealth:    107181.45  Turnover: 0.3670  Gross: 1.4079  Gate: 0.8159
Episode 35  Reward:   0.158343  Wealth:    131588.37  Turnover: 0.3698  Gross: 1.4045  Gate: 0.8091
Episode 36  Reward:   0.338180  Wealth:    175375.72  Turnover: 0.7705  Gross: 1.3944  Gate: 0.7888
Episode 37  Reward:   0.182885  Wealth:    138773.70  Turnover: 0.5527  Gross: 1.4042  Gate: 0.8084
Episode 38  Reward:   0.307488  Wealth:    168219.35  Turnover: 0.7958  Gross: 1.4017  Gate: 0.8033
Episode 39  Reward:   0.097609  Wealth:    120249.07  Turnover: 0.3635  Gross: 1.4060  Gate: 0.8120
Episode 40  Reward:   0.333930  Wealth:    176245.14  Turnover: 0.6582  Gross: 1.4007  Gate: 0.8014
Episode 41  Reward:   0.314967  Wealth:    171041.13  Turnover: 0.7976  Gross: 1.4005  Gate: 0.8010
Episode 42  Reward:   0.344462  Wealth:    179642.02  Turnover: 0.7947  Gross: 1.4012  Gate: 0.8025
Episode 43  Reward:   0.159504  Wealth:    130634.60  Turnover: 0.3607  Gross: 1.4063  Gate: 0.8127
Episode 44  Reward:   0.317778  Wealth:    171139.62  Turnover: 0.7439  Gross: 1.4034  Gate: 0.8069
Episode 45  Reward:   0.021313  Wealth:    111313.20  Turnover: 0.4181  Gross: 1.4051  Gate: 0.8102
Episode 46  Reward:   0.019229  Wealth:    112016.94  Turnover: 0.5913  Gross: 1.4057  Gate: 0.8114
Episode 47  Reward:   0.088201  Wealth:    119466.66  Turnover: 0.3785  Gross: 1.4034  Gate: 0.8069
Episode 48  Reward:   0.255329  Wealth:    151223.19  Turnover: 0.6980  Gross: 1.3998  Gate: 0.7996
Episode 49  Reward:   0.230413  Wealth:    148532.09  Turnover: 0.7086  Gross: 1.4025  Gate: 0.8050
Episode 50  Reward:   0.037174  Wealth:    112118.43  Turnover: 0.3698  Gross: 1.4031  Gate: 0.8061
Episode 51  Reward:   0.309839  Wealth:    162795.19  Turnover: 0.4542  Gross: 1.4029  Gate: 0.8058
Episode 52  Reward:   0.324710  Wealth:    171741.15  Turnover: 0.8427  Gross: 1.4023  Gate: 0.8047
Episode 53  Reward:  -0.015867  Wealth:    107247.73  Turnover: 0.4648  Gross: 1.4056  Gate: 0.8111
Episode 54  Reward:   0.334077  Wealth:    171519.42  Turnover: 0.7770  Gross: 1.4037  Gate: 0.8073
Episode 55  Reward:   0.304297  Wealth:    164581.90  Turnover: 0.8617  Gross: 1.4014  Gate: 0.8028
Episode 56  Reward:   0.342309  Wealth:    175857.92  Turnover: 0.7500  Gross: 1.4035  Gate: 0.8071
Episode 57  Reward:   0.096157  Wealth:    122169.73  Turnover: 0.5312  Gross: 1.4042  Gate: 0.8084
Episode 58  Reward:   0.154920  Wealth:    129750.76  Turnover: 0.4678  Gross: 1.4015  Gate: 0.8031
Episode 59  Reward:   0.051814  Wealth:    114709.08  Turnover: 0.4271  Gross: 1.4045  Gate: 0.8089
Episode 60  Reward:   0.014648  Wealth:    111016.13  Turnover: 0.5522  Gross: 1.4053  Gate: 0.8107
Episode 61  Reward:   0.239902  Wealth:    149947.05  Turnover: 0.7382  Gross: 1.4034  Gate: 0.8069
Episode     61  AvgReward:   0.157393  Noise: 0.0370
TRAIN STAGE COMPLETE
Fine-tuning complete. Selected 1 pass(es); final agent saved.

============================================================
TRAINING COMPLETE

============================================================
Error in py_run_string_impl(code, local, convert) : 
  ModuleNotFoundError: No module named 'pandas'
Run `reticulate::py_last_error()` for details.
Calls: py_run_string -> py_run_string_impl
Execution halted

[5/5] Training seed 20260849
Loading configuration from: config/config.yaml 
Run mode: full | seed: 20260849 | CVaR simulations/step: 512 | vine simulation cores: 44
Loading synthetic return bundle: data/synthetic_returns.RData
Loaded 1000 pre-training and 61 fine-tuning episodes.
Fine-tuning selection: 37 fit episodes, 23 purged overlapping episodes, 1 validation episode; final refit uses all 61.
Run seed: 20260849
Run mode: full
PyTorch: 2.10.0+cu128
Device: cuda
Action schema: interior_rank_partition_leverage_gate_v5; projection temperature=1.5
GPU: NVIDIA A100-SXM4-80GB
PYTHON: Framework ready.
Action schema: interior_rank_partition_leverage_gate_v5 | gross=1.500 | net=1.000 | max_long=0.600 | max_short=0.200
Risk/training: entropy_coef=0.005 | leverage_target=0.800 | leverage_penalty=0.25 | direction_bound=5.000 | AMP=False

============================================================
Stage 1: Pre-training on Synthetic Data

============================================================
============================================================
STAGE 1: PRE-TRAINING
============================================================
============================================================
TRAIN STAGE STARTED: stage=pretrain, episodes=1000, batch_size=128, updates_per_step=1
============================================================
Episode 1  Reward:   0.075643  Wealth:    121510.67  Turnover: 1.1463  Gross: 1.2786  Gate: 0.5572
Episode 2  Reward:   0.022033  Wealth:    113701.59  Turnover: 1.1563  Gross: 1.2525  Gate: 0.5050
Episode 3  Reward:   0.183884  Wealth:    138886.17  Turnover: 1.1467  Gross: 1.2957  Gate: 0.5914
Episode 4  Reward:  -0.619747  Wealth:     65626.28  Turnover: 1.1606  Gross: 1.2378  Gate: 0.4756
Episode 5  Reward:  -0.424882  Wealth:     75513.92  Turnover: 1.0402  Gross: 1.2615  Gate: 0.5231
Episode 6  Reward:  -0.116818  Wealth:     98266.91  Turnover: 1.0613  Gross: 1.2418  Gate: 0.4837
Episode 7  Reward:   0.217759  Wealth:    144620.52  Turnover: 1.1607  Gross: 1.2570  Gate: 0.5139
Episode 8  Reward:  -0.106840  Wealth:     99062.57  Turnover: 1.0977  Gross: 1.2218  Gate: 0.4436
Episode 9  Reward:   0.076300  Wealth:    120890.08  Turnover: 1.0878  Gross: 1.2209  Gate: 0.4418
Episode 10  Reward:   0.113248  Wealth:    128605.21  Turnover: 1.0646  Gross: 1.2578  Gate: 0.5156
Episode     10  AvgReward:  -0.057942  Noise: 0.1473
Episode 11  Reward:   0.282959  Wealth:    163662.27  Turnover: 1.0923  Gross: 1.2846  Gate: 0.5692
Episode 12  Reward:   0.014229  Wealth:    113067.00  Turnover: 1.1968  Gross: 1.2706  Gate: 0.5412
Episode 13  Reward:  -0.373548  Wealth:     78486.61  Turnover: 1.0735  Gross: 1.2300  Gate: 0.4599
Episode 14  Reward:   0.005276  Wealth:    111550.29  Turnover: 1.1553  Gross: 1.2546  Gate: 0.5093
Episode 15  Reward:  -0.021535  Wealth:    108142.96  Turnover: 1.0207  Gross: 1.2720  Gate: 0.5439
Episode 16  Reward:   0.073025  Wealth:    121295.56  Turnover: 1.0204  Gross: 1.2061  Gate: 0.4122
Episode 17  Reward:   0.078865  Wealth:    121333.30  Turnover: 1.1688  Gross: 1.2754  Gate: 0.5507
Episode 18  Reward:  -0.218702  Wealth:     89886.73  Turnover: 1.1157  Gross: 1.3118  Gate: 0.6237
Episode 19  Reward:   0.065801  Wealth:    119809.77  Turnover: 1.1876  Gross: 1.2465  Gate: 0.4931
Episode 20  Reward:  -0.283809  Wealth:     84623.98  Turnover: 1.1174  Gross: 1.2371  Gate: 0.4742
Episode     20  AvgReward:  -0.037744  Noise: 0.1444
Episode 21  Reward:  -0.167100  Wealth:     93962.55  Turnover: 1.1266  Gross: 1.2374  Gate: 0.4749
Episode 22  Reward:  -0.344095  Wealth:     80510.98  Turnover: 1.2011  Gross: 1.2676  Gate: 0.5351
Episode 23  Reward:   0.171939  Wealth:    137304.73  Turnover: 1.1188  Gross: 1.2589  Gate: 0.5178
Episode 24  Reward:   0.103037  Wealth:    125069.83  Turnover: 1.0983  Gross: 1.2336  Gate: 0.4671
Episode 25  Reward:   0.214632  Wealth:    145131.05  Turnover: 1.1644  Gross: 1.2401  Gate: 0.4802
Episode 26  Reward:  -0.153308  Wealth:     94471.46  Turnover: 1.1356  Gross: 1.2611  Gate: 0.5223
Episode 27  Reward:   0.146477  Wealth:    132960.68  Turnover: 1.2132  Gross: 1.2458  Gate: 0.4915
Episode 28  Reward:  -0.154569  Wealth:     95339.69  Turnover: 1.0272  Gross: 1.2910  Gate: 0.5820
Episode 29  Reward:  -0.070309  Wealth:    103045.14  Turnover: 1.1549  Gross: 1.2616  Gate: 0.5232
Episode 30  Reward:  -0.027060  Wealth:    109284.86  Turnover: 1.0127  Gross: 1.2422  Gate: 0.4844
Episode     30  AvgReward:  -0.028036  Noise: 0.1415
Episode 31  Reward:   0.205261  Wealth:    142923.78  Turnover: 1.1625  Gross: 1.2324  Gate: 0.4647
Episode 32  Reward:  -0.010815  Wealth:    109279.33  Turnover: 1.1071  Gross: 1.2412  Gate: 0.4824
Episode 33  Reward:   0.027334  Wealth:    115405.51  Turnover: 0.9853  Gross: 1.2630  Gate: 0.5259
Episode 34  Reward:  -0.061765  Wealth:    103988.38  Turnover: 1.1188  Gross: 1.2424  Gate: 0.4847
Episode 35  Reward:  -0.035685  Wealth:    106841.10  Turnover: 1.0742  Gross: 1.2818  Gate: 0.5635
Episode 36  Reward:  -0.155323  Wealth:     95096.50  Turnover: 1.1466  Gross: 1.2501  Gate: 0.5002
Episode 37  Reward:  -0.187384  Wealth:     92670.83  Turnover: 1.0119  Gross: 1.3044  Gate: 0.6088
Episode 38  Reward:  -0.093657  Wealth:    101309.03  Turnover: 1.0661  Gross: 1.2537  Gate: 0.5075
Episode 39  Reward:  -0.227496  Wealth:     88648.25  Turnover: 1.0769  Gross: 1.2586  Gate: 0.5173
Episode 40  Reward:   0.047611  Wealth:    116663.72  Turnover: 1.0139  Gross: 1.2344  Gate: 0.4687
Episode     40  AvgReward:  -0.049192  Noise: 0.1387
Episode 41  Reward:   0.088264  Wealth:    122819.17  Turnover: 1.0906  Gross: 1.2575  Gate: 0.5149
Episode 42  Reward:   0.133577  Wealth:    128167.33  Turnover: 0.8776  Gross: 1.2004  Gate: 0.4008
Episode 43  Reward:   0.052426  Wealth:    114497.69  Turnover: 0.2839  Gross: 1.0687  Gate: 0.1374
Episode 44  Reward:   0.053990  Wealth:    114556.36  Turnover: 0.3411  Gross: 1.0655  Gate: 0.1310
Episode 45  Reward:  -0.005694  Wealth:    107135.78  Turnover: 0.3609  Gross: 1.0663  Gate: 0.1326
Episode 46  Reward:  -0.046734  Wealth:    102760.22  Turnover: 0.3218  Gross: 1.0659  Gate: 0.1319
Episode 47  Reward:  -0.098400  Wealth:     97182.73  Turnover: 0.3387  Gross: 1.0690  Gate: 0.1381
Episode 48  Reward:   0.034901  Wealth:    111867.48  Turnover: 0.3075  Gross: 1.0737  Gate: 0.1474
Episode 49  Reward:   0.277280  Wealth:    153542.08  Turnover: 0.3232  Gross: 1.0747  Gate: 0.1493
Episode 50  Reward:   0.183452  Wealth:    133765.44  Turnover: 0.3296  Gross: 1.0758  Gate: 0.1516
Episode     50  AvgReward:   0.067306  Noise: 0.1360
Episode 51  Reward:   0.144221  Wealth:    127253.62  Turnover: 0.3470  Gross: 1.0758  Gate: 0.1516
Episode 52  Reward:   0.062157  Wealth:    115116.87  Turnover: 0.3750  Gross: 1.0782  Gate: 0.1564
Episode 53  Reward:  -0.158512  Wealth:     91961.70  Turnover: 0.3180  Gross: 1.0810  Gate: 0.1620
Episode 54  Reward:  -0.239625  Wealth:     85357.53  Turnover: 0.3221  Gross: 1.0796  Gate: 0.1591
Episode 55  Reward:   0.152827  Wealth:    128201.05  Turnover: 0.2921  Gross: 1.0876  Gate: 0.1753
Episode 56  Reward:   0.074384  Wealth:    116642.41  Turnover: 0.3095  Gross: 1.0872  Gate: 0.1744
Episode 57  Reward:  -0.042592  Wealth:    102464.26  Turnover: 0.3119  Gross: 1.0893  Gate: 0.1787
Episode 58  Reward:   0.253482  Wealth:    147094.07  Turnover: 0.3273  Gross: 1.0942  Gate: 0.1885
Episode 59  Reward:   0.031881  Wealth:    110797.32  Turnover: 0.2811  Gross: 1.0938  Gate: 0.1875
Episode 60  Reward:   0.069193  Wealth:    115821.50  Turnover: 0.2825  Gross: 1.0995  Gate: 0.1990
Episode     60  AvgReward:   0.034741  Noise: 0.1333
Episode 61  Reward:   0.069617  Wealth:    115629.33  Turnover: 0.2428  Gross: 1.0939  Gate: 0.1878
Episode 62  Reward:   0.109016  Wealth:    121257.54  Turnover: 0.2298  Gross: 1.0986  Gate: 0.1971
Episode 63  Reward:   0.004592  Wealth:    107556.58  Turnover: 0.2712  Gross: 1.1048  Gate: 0.2097
Episode 64  Reward:   0.100472  Wealth:    119794.83  Turnover: 0.2218  Gross: 1.1062  Gate: 0.2124
Episode 65  Reward:   0.095837  Wealth:    118999.71  Turnover: 0.3001  Gross: 1.1099  Gate: 0.2198
Episode 66  Reward:   0.233053  Wealth:    142494.25  Turnover: 0.2694  Gross: 1.1098  Gate: 0.2197
Episode 67  Reward:  -0.176897  Wealth:     89839.53  Turnover: 0.2683  Gross: 1.1203  Gate: 0.2406
Episode 68  Reward:   0.223620  Wealth:    140133.98  Turnover: 0.2951  Gross: 1.1210  Gate: 0.2420
Episode 69  Reward:   0.150214  Wealth:    126727.04  Turnover: 0.2156  Gross: 1.1220  Gate: 0.2440
Episode 70  Reward:  -0.058326  Wealth:    100394.26  Turnover: 0.2414  Gross: 1.1260  Gate: 0.2519
Episode     70  AvgReward:   0.075120  Noise: 0.1306
Episode 71  Reward:   0.064022  Wealth:    114728.20  Turnover: 0.2318  Gross: 1.1316  Gate: 0.2633
Episode 72  Reward:   0.076463  Wealth:    116101.34  Turnover: 0.3128  Gross: 1.1354  Gate: 0.2708
Episode 73  Reward:   0.222257  Wealth:    139882.97  Turnover: 0.2361  Gross: 1.1392  Gate: 0.2784
Episode 74  Reward:   0.103928  Wealth:    120148.78  Turnover: 0.2482  Gross: 1.1421  Gate: 0.2843
Episode 75  Reward:   0.063893  Wealth:    114464.10  Turnover: 0.1781  Gross: 1.1401  Gate: 0.2803
Episode 76  Reward:   0.014427  Wealth:    108154.16  Turnover: 0.2418  Gross: 1.1565  Gate: 0.3131
Episode 77  Reward:   0.004748  Wealth:    107273.02  Turnover: 0.2489  Gross: 1.1596  Gate: 0.3191
Episode 78  Reward:   0.089126  Wealth:    117932.50  Turnover: 0.2389  Gross: 1.1568  Gate: 0.3137
Episode 79  Reward:   0.136850  Wealth:    125040.47  Turnover: 0.2144  Gross: 1.1704  Gate: 0.3408
Episode 80  Reward:  -0.082218  Wealth:     98078.56  Turnover: 0.2144  Gross: 1.1734  Gate: 0.3468
Episode     80  AvgReward:   0.069350  Noise: 0.1281
Episode 81  Reward:   0.120002  Wealth:    122219.97  Turnover: 0.2687  Gross: 1.1770  Gate: 0.3540
Episode 82  Reward:   0.118783  Wealth:    121965.36  Turnover: 0.2159  Gross: 1.1811  Gate: 0.3621
Episode 83  Reward:   0.104523  Wealth:    120032.91  Turnover: 0.2386  Gross: 1.1913  Gate: 0.3827
Episode 84  Reward:   0.201129  Wealth:    136100.87  Turnover: 0.2226  Gross: 1.1824  Gate: 0.3649
Episode 85  Reward:   0.148879  Wealth:    126956.40  Turnover: 0.2034  Gross: 1.1945  Gate: 0.3889
Episode 86  Reward:   0.066300  Wealth:    114753.93  Turnover: 0.2420  Gross: 1.1993  Gate: 0.3986
Episode 87  Reward:   0.202282  Wealth:    136035.25  Turnover: 0.1799  Gross: 1.2146  Gate: 0.4292
Episode 88  Reward:   0.063480  Wealth:    114493.18  Turnover: 0.2518  Gross: 1.2241  Gate: 0.4482
Episode 89  Reward:   0.130346  Wealth:    123876.87  Turnover: 0.2787  Gross: 1.2354  Gate: 0.4709
Episode 90  Reward:   0.035683  Wealth:    111094.58  Turnover: 0.2389  Gross: 1.2178  Gate: 0.4355
Episode     90  AvgReward:   0.119141  Noise: 0.1255
Episode 91  Reward:   0.042829  Wealth:    111968.26  Turnover: 0.2886  Gross: 1.2418  Gate: 0.4836
Episode 92  Reward:   0.102037  Wealth:    119784.13  Turnover: 0.2766  Gross: 1.2527  Gate: 0.5053
Episode 93  Reward:   0.132584  Wealth:    124223.24  Turnover: 0.2436  Gross: 1.2650  Gate: 0.5299
Episode 94  Reward:   0.034590  Wealth:    110840.41  Turnover: 0.2405  Gross: 1.2650  Gate: 0.5300
Episode 95  Reward:   0.270658  Wealth:    150269.40  Turnover: 0.1895  Gross: 1.2639  Gate: 0.5278
Episode 96  Reward:   0.140538  Wealth:    126029.93  Turnover: 0.2557  Gross: 1.2823  Gate: 0.5645
Episode 97  Reward:   0.093389  Wealth:    118659.99  Turnover: 0.2470  Gross: 1.2965  Gate: 0.5929
Episode 98  Reward:   0.142829  Wealth:    126789.85  Turnover: 0.2276  Gross: 1.2588  Gate: 0.5176
Episode 99  Reward:   0.189911  Wealth:    134458.99  Turnover: 0.2187  Gross: 1.3201  Gate: 0.6402
Episode 100  Reward:   0.282780  Wealth:    153547.85  Turnover: 0.2832  Gross: 1.2908  Gate: 0.5816
Episode    100  AvgReward:   0.143214  Noise: 0.1230
Episode 101  Reward:  -0.008002  Wealth:    106037.84  Turnover: 0.2909  Gross: 1.3299  Gate: 0.6598
Episode 102  Reward:   0.063021  Wealth:    114640.85  Turnover: 0.1925  Gross: 1.3531  Gate: 0.7062
Episode 103  Reward:   0.090379  Wealth:    118708.62  Turnover: 0.1759  Gross: 1.3483  Gate: 0.6965
Episode 104  Reward:   0.104637  Wealth:    121319.14  Turnover: 0.2395  Gross: 1.3265  Gate: 0.6531
Episode 105  Reward:   0.255219  Wealth:    147927.20  Turnover: 0.2574  Gross: 1.3551  Gate: 0.7103
Episode 106  Reward:   0.171912  Wealth:    131080.16  Turnover: 0.2946  Gross: 1.3806  Gate: 0.7612
Episode 107  Reward:   0.188334  Wealth:    135020.65  Turnover: 0.2602  Gross: 1.3702  Gate: 0.7403
Episode 108  Reward:  -0.070261  Wealth:     99347.43  Turnover: 0.2159  Gross: 1.3909  Gate: 0.7818
Episode 109  Reward:   0.048407  Wealth:    112978.57  Turnover: 0.3323  Gross: 1.3422  Gate: 0.6843
Episode 110  Reward:   0.027730  Wealth:    110550.39  Turnover: 0.2923  Gross: 1.3964  Gate: 0.7928
Episode    110  AvgReward:   0.087138  Noise: 0.1206
Episode 111  Reward:   0.169142  Wealth:    130524.19  Turnover: 0.2898  Gross: 1.3865  Gate: 0.7730
Episode 112  Reward:   0.166708  Wealth:    131804.67  Turnover: 0.3347  Gross: 1.3815  Gate: 0.7630
Episode 113  Reward:  -0.129225  Wealth:     95284.08  Turnover: 0.3456  Gross: 1.3237  Gate: 0.6474
Episode 114  Reward:   0.155191  Wealth:    129670.23  Turnover: 0.3799  Gross: 1.3670  Gate: 0.7340
Episode 115  Reward:   0.227449  Wealth:    142317.25  Turnover: 0.3165  Gross: 1.4109  Gate: 0.8219
Episode 116  Reward:   0.206060  Wealth:    140347.73  Turnover: 0.3106  Gross: 1.3490  Gate: 0.6979
Episode 117  Reward:   0.120514  Wealth:    124992.00  Turnover: 0.1731  Gross: 1.3600  Gate: 0.7200
Episode 118  Reward:   0.196297  Wealth:    136932.49  Turnover: 0.2745  Gross: 1.4080  Gate: 0.8161
Episode 119  Reward:   0.083180  Wealth:    119365.99  Turnover: 0.3212  Gross: 1.3801  Gate: 0.7601
Episode 120  Reward:   0.186741  Wealth:    135937.13  Turnover: 0.3754  Gross: 1.3641  Gate: 0.7283
Episode    120  AvgReward:   0.138206  Noise: 0.1182
Episode 121  Reward:   0.176340  Wealth:    131081.51  Turnover: 0.1988  Gross: 1.3506  Gate: 0.7013
Episode 122  Reward:   0.159859  Wealth:    130317.51  Turnover: 0.2841  Gross: 1.3860  Gate: 0.7720
Episode 123  Reward:   0.130852  Wealth:    125094.11  Turnover: 0.2000  Gross: 1.4090  Gate: 0.8179
Episode 124  Reward:   0.254005  Wealth:    148856.96  Turnover: 0.3541  Gross: 1.3817  Gate: 0.7634
Episode 125  Reward:   0.047742  Wealth:    113658.86  Turnover: 0.2706  Gross: 1.4050  Gate: 0.8099
Episode 126  Reward:   0.145094  Wealth:    128553.12  Turnover: 0.3717  Gross: 1.3794  Gate: 0.7587
Episode 127  Reward:   0.123317  Wealth:    124789.48  Turnover: 0.3468  Gross: 1.3721  Gate: 0.7442
Episode 128  Reward:   0.111402  Wealth:    122086.11  Turnover: 0.3082  Gross: 1.3743  Gate: 0.7486
Episode 129  Reward:   0.187483  Wealth:    136702.42  Turnover: 0.3837  Gross: 1.3536  Gate: 0.7072
Episode 130  Reward:   0.242574  Wealth:    144172.01  Turnover: 0.2799  Gross: 1.3908  Gate: 0.7816
Episode    130  AvgReward:   0.157867  Noise: 0.1159
Episode 131  Reward:   0.105552  Wealth:    121825.58  Turnover: 0.2132  Gross: 1.4064  Gate: 0.8128
Episode 132  Reward:   0.089514  Wealth:    122885.76  Turnover: 0.3224  Gross: 1.2803  Gate: 0.5607
Episode 133  Reward:   0.115498  Wealth:    126335.71  Turnover: 0.2524  Gross: 1.3536  Gate: 0.7071
Episode 134  Reward:  -0.396413  Wealth:     75614.03  Turnover: 0.2969  Gross: 1.3721  Gate: 0.7441
Episode 135  Reward:   0.199857  Wealth:    136323.56  Turnover: 0.2887  Gross: 1.3920  Gate: 0.7840
Episode 136  Reward:   0.104751  Wealth:    121641.21  Turnover: 0.2088  Gross: 1.4135  Gate: 0.8270
Episode 137  Reward:   0.058796  Wealth:    116600.75  Turnover: 0.3159  Gross: 1.3664  Gate: 0.7328
Episode 138  Reward:   0.107593  Wealth:    123569.49  Turnover: 0.3101  Gross: 1.3626  Gate: 0.7253
Episode 139  Reward:   0.160955  Wealth:    132101.48  Turnover: 0.4281  Gross: 1.3931  Gate: 0.7863
Episode 140  Reward:   0.260692  Wealth:    148048.19  Turnover: 0.3144  Gross: 1.3515  Gate: 0.7030
Episode    140  AvgReward:   0.080679  Noise: 0.1136
Episode 141  Reward:   0.114423  Wealth:    127836.99  Turnover: 0.2414  Gross: 1.2857  Gate: 0.5713
Episode 142  Reward:   0.004176  Wealth:    110145.91  Turnover: 0.2146  Gross: 1.3184  Gate: 0.6369
Episode 143  Reward:   0.060826  Wealth:    114449.70  Turnover: 0.3550  Gross: 1.3492  Gate: 0.6984
Episode 144  Reward:   0.174777  Wealth:    133497.60  Turnover: 0.4268  Gross: 1.3191  Gate: 0.6382
Episode 145  Reward:   0.185822  Wealth:    134433.09  Turnover: 0.3203  Gross: 1.3478  Gate: 0.6956
Episode 146  Reward:   0.190079  Wealth:    136474.49  Turnover: 0.3193  Gross: 1.3786  Gate: 0.7571
Episode 147  Reward:   0.026549  Wealth:    109840.20  Turnover: 0.2603  Gross: 1.4089  Gate: 0.8178
Episode 148  Reward:   0.059854  Wealth:    117537.11  Turnover: 0.4740  Gross: 1.3569  Gate: 0.7138
Episode 149  Reward:   0.098172  Wealth:    119219.80  Turnover: 0.2709  Gross: 1.3368  Gate: 0.6736
Episode 150  Reward:   0.068985  Wealth:    117658.92  Turnover: 0.3167  Gross: 1.3681  Gate: 0.7362
Episode    150  AvgReward:   0.098366  Noise: 0.1113
Episode 151  Reward:   0.139616  Wealth:    131060.92  Turnover: 0.3313  Gross: 1.3047  Gate: 0.6094
Episode 152  Reward:  -0.005365  Wealth:    107098.41  Turnover: 0.3499  Gross: 1.3873  Gate: 0.7746
Episode 153  Reward:   0.042953  Wealth:    111611.36  Turnover: 0.2534  Gross: 1.3771  Gate: 0.7541
Episode 154  Reward:   0.198522  Wealth:    139990.90  Turnover: 0.4272  Gross: 1.3088  Gate: 0.6176
Episode 155  Reward:   0.134384  Wealth:    124736.36  Turnover: 0.3255  Gross: 1.3742  Gate: 0.7484
Episode 156  Reward:  -0.025382  Wealth:    103927.10  Turnover: 0.2965  Gross: 1.3949  Gate: 0.7899
Episode 157  Reward:  -0.188574  Wealth:     89693.65  Turnover: 0.3684  Gross: 1.4016  Gate: 0.8031
Episode 158  Reward:   0.053179  Wealth:    115195.47  Turnover: 0.3476  Gross: 1.3824  Gate: 0.7648
Episode 159  Reward:  -0.084668  Wealth:    100797.74  Turnover: 0.4033  Gross: 1.3787  Gate: 0.7574
Episode 160  Reward:   0.193815  Wealth:    136254.48  Turnover: 0.3647  Gross: 1.3453  Gate: 0.6906
Episode    160  AvgReward:   0.045848  Noise: 0.1091
Episode 161  Reward:   0.294716  Wealth:    157780.78  Turnover: 0.4680  Gross: 1.3074  Gate: 0.6148
Episode 162  Reward:   0.075109  Wealth:    117151.39  Turnover: 0.4721  Gross: 1.3885  Gate: 0.7770
Episode 163  Reward:   0.087483  Wealth:    117398.46  Turnover: 0.2440  Gross: 1.3867  Gate: 0.7735
Episode 164  Reward:   0.185378  Wealth:    135879.33  Turnover: 0.4775  Gross: 1.3098  Gate: 0.6197
Episode 165  Reward:   0.162498  Wealth:    128991.86  Turnover: 0.2648  Gross: 1.3909  Gate: 0.7818
Episode 166  Reward:   0.078317  Wealth:    118749.04  Turnover: 0.4663  Gross: 1.2958  Gate: 0.5917
Episode 167  Reward:   0.120827  Wealth:    123152.65  Turnover: 0.3661  Gross: 1.3500  Gate: 0.7001
Episode 168  Reward:   0.028915  Wealth:    112196.79  Turnover: 0.4990  Gross: 1.3538  Gate: 0.7077
Episode 169  Reward:   0.094337  Wealth:    120704.40  Turnover: 0.3067  Gross: 1.3698  Gate: 0.7396
Episode 170  Reward:  -0.076456  Wealth:    101666.29  Turnover: 0.4663  Gross: 1.3684  Gate: 0.7368
Episode    170  AvgReward:   0.105112  Noise: 0.1069
Episode 171  Reward:   0.055237  Wealth:    116853.98  Turnover: 0.3521  Gross: 1.2946  Gate: 0.5892
Episode 172  Reward:   0.101441  Wealth:    119333.20  Turnover: 0.2698  Gross: 1.3823  Gate: 0.7646
Episode 173  Reward:   0.221558  Wealth:    144304.74  Turnover: 0.3804  Gross: 1.3174  Gate: 0.6348
Episode 174  Reward:   0.245514  Wealth:    144339.88  Turnover: 0.3037  Gross: 1.3327  Gate: 0.6653
Episode 175  Reward:  -0.034258  Wealth:    106595.37  Turnover: 0.3377  Gross: 1.3115  Gate: 0.6230
Episode 176  Reward:  -0.127814  Wealth:     96775.48  Turnover: 0.3749  Gross: 1.3434  Gate: 0.6868
Episode 177  Reward:   0.098557  Wealth:    121063.51  Turnover: 0.5018  Gross: 1.3920  Gate: 0.7840
Episode 178  Reward:   0.268607  Wealth:    150091.19  Turnover: 0.2578  Gross: 1.3325  Gate: 0.6650
Episode 179  Reward:   0.124673  Wealth:    124105.17  Turnover: 0.5140  Gross: 1.3420  Gate: 0.6840
Episode 180  Reward:   0.206211  Wealth:    137683.94  Turnover: 0.3374  Gross: 1.3462  Gate: 0.6925
Episode    180  AvgReward:   0.115972  Noise: 0.1048
Episode 181  Reward:   0.155276  Wealth:    127479.35  Turnover: 0.3085  Gross: 1.3420  Gate: 0.6839
Episode 182  Reward:   0.031036  Wealth:    112128.53  Turnover: 0.4936  Gross: 1.3579  Gate: 0.7157
Episode 183  Reward:  -0.222810  Wealth:     87389.14  Turnover: 0.5118  Gross: 1.3424  Gate: 0.6849
Episode 184  Reward:   0.074746  Wealth:    117052.01  Turnover: 0.4275  Gross: 1.3756  Gate: 0.7513
Episode 185  Reward:   0.097411  Wealth:    119174.79  Turnover: 0.4596  Gross: 1.3978  Gate: 0.7956
Episode 186  Reward:   0.031737  Wealth:    110981.81  Turnover: 0.3862  Gross: 1.3797  Gate: 0.7594
Episode 187  Reward:  -0.017586  Wealth:    105895.47  Turnover: 0.4638  Gross: 1.3894  Gate: 0.7787
Episode 188  Reward:   0.109932  Wealth:    120686.68  Turnover: 0.4290  Gross: 1.3612  Gate: 0.7223
Episode 189  Reward:   0.240582  Wealth:    147789.19  Turnover: 0.6608  Gross: 1.3508  Gate: 0.7015
Episode 190  Reward:   0.077966  Wealth:    121131.02  Turnover: 0.4194  Gross: 1.3798  Gate: 0.7596
Episode    190  AvgReward:   0.057829  Noise: 0.1027
Episode 191  Reward:  -0.008233  Wealth:    106669.33  Turnover: 0.5620  Gross: 1.3767  Gate: 0.7535
Episode 192  Reward:   0.204560  Wealth:    137277.32  Turnover: 0.3478  Gross: 1.3835  Gate: 0.7671
Episode 193  Reward:   0.120149  Wealth:    123314.39  Turnover: 0.5004  Gross: 1.3289  Gate: 0.6579
Episode 194  Reward:   0.052691  Wealth:    114461.25  Turnover: 0.5095  Gross: 1.3876  Gate: 0.7752
Episode 195  Reward:  -0.015679  Wealth:    104294.41  Turnover: 0.4200  Gross: 1.3894  Gate: 0.7788
Episode 196  Reward:   0.136939  Wealth:    129240.08  Turnover: 0.5745  Gross: 1.3816  Gate: 0.7631
Episode 197  Reward:   0.083560  Wealth:    117160.24  Turnover: 0.5257  Gross: 1.3843  Gate: 0.7685
Episode 198  Reward:   0.320422  Wealth:    163868.38  Turnover: 0.5123  Gross: 1.3720  Gate: 0.7440
Episode 199  Reward:   0.034234  Wealth:    112691.68  Turnover: 0.4453  Gross: 1.3761  Gate: 0.7522
Episode 200  Reward:   0.196681  Wealth:    138479.62  Turnover: 0.5180  Gross: 1.3811  Gate: 0.7621
Episode    200  AvgReward:   0.112532  Noise: 0.1007
Episode 201  Reward:   0.216026  Wealth:    138261.13  Turnover: 0.3354  Gross: 1.3710  Gate: 0.7420
Episode 202  Reward:   0.059209  Wealth:    114284.18  Turnover: 0.4884  Gross: 1.3650  Gate: 0.7300
Episode 203  Reward:  -0.056039  Wealth:    104374.10  Turnover: 0.4958  Gross: 1.3512  Gate: 0.7025
Episode 204  Reward:  -0.125911  Wealth:     98292.63  Turnover: 0.4829  Gross: 1.3597  Gate: 0.7195
Episode 205  Reward:   0.013700  Wealth:    108753.06  Turnover: 0.4443  Gross: 1.3781  Gate: 0.7561
Episode 206  Reward:   0.221789  Wealth:    140076.52  Turnover: 0.5116  Gross: 1.3575  Gate: 0.7149
Episode 207  Reward:   0.262614  Wealth:    151003.04  Turnover: 0.5327  Gross: 1.3641  Gate: 0.7281
Episode 208  Reward:  -0.047023  Wealth:    102455.85  Turnover: 0.5436  Gross: 1.3667  Gate: 0.7335
Episode 209  Reward:   0.133047  Wealth:    124074.16  Turnover: 0.4780  Gross: 1.3942  Gate: 0.7884
Episode 210  Reward:   0.073009  Wealth:    116865.74  Turnover: 0.4875  Gross: 1.3512  Gate: 0.7024
Episode    210  AvgReward:   0.075042  Noise: 0.0987
Episode 211  Reward:   0.157950  Wealth:    127666.55  Turnover: 0.4425  Gross: 1.4025  Gate: 0.8050
Episode 212  Reward:   0.064597  Wealth:    116364.89  Turnover: 0.6627  Gross: 1.3891  Gate: 0.7781
Episode 213  Reward:   0.091398  Wealth:    119279.40  Turnover: 0.2843  Gross: 1.3880  Gate: 0.7760
Episode 214  Reward:   0.180658  Wealth:    141541.62  Turnover: 0.5161  Gross: 1.3863  Gate: 0.7727
Episode 215  Reward:   0.140553  Wealth:    130119.20  Turnover: 0.5911  Gross: 1.3705  Gate: 0.7410
Episode 216  Reward:   0.208741  Wealth:    147955.44  Turnover: 0.5093  Gross: 1.3770  Gate: 0.7541
Episode 217  Reward:   0.123104  Wealth:    125828.66  Turnover: 0.5840  Gross: 1.3929  Gate: 0.7858
Episode 218  Reward:   0.124604  Wealth:    125823.83  Turnover: 0.6194  Gross: 1.4061  Gate: 0.8122
Episode 219  Reward:   0.016967  Wealth:    108579.85  Turnover: 0.4417  Gross: 1.4012  Gate: 0.8025
Episode 220  Reward:   0.135279  Wealth:    124875.04  Turnover: 0.4192  Gross: 1.4003  Gate: 0.8006
Episode    220  AvgReward:   0.124385  Noise: 0.0968
Episode 221  Reward:   0.106567  Wealth:    120012.73  Turnover: 0.4026  Gross: 1.4063  Gate: 0.8125
Episode 222  Reward:  -0.092880  Wealth:     97922.89  Turnover: 0.5104  Gross: 1.3775  Gate: 0.7551
Episode 223  Reward:   0.140892  Wealth:    126009.06  Turnover: 0.3773  Gross: 1.3992  Gate: 0.7983
Episode 224  Reward:   0.086963  Wealth:    122363.53  Turnover: 0.4928  Gross: 1.3779  Gate: 0.7558
Episode 225  Reward:   0.015572  Wealth:    108608.22  Turnover: 0.5077  Gross: 1.3857  Gate: 0.7715
Episode 226  Reward:   0.115158  Wealth:    126998.83  Turnover: 0.7932  Gross: 1.3870  Gate: 0.7739
Episode 227  Reward:   0.009323  Wealth:    109224.38  Turnover: 0.5404  Gross: 1.3765  Gate: 0.7530
Episode 228  Reward:  -0.074860  Wealth:     98698.59  Turnover: 0.6094  Gross: 1.3506  Gate: 0.7011
Episode 229  Reward:  -0.041304  Wealth:    102416.50  Turnover: 0.6318  Gross: 1.3782  Gate: 0.7564
Episode 230  Reward:   0.116176  Wealth:    123252.31  Turnover: 0.5122  Gross: 1.3723  Gate: 0.7446
Episode    230  AvgReward:   0.038161  Noise: 0.0948
Episode 231  Reward:   0.064638  Wealth:    119037.85  Turnover: 0.6270  Gross: 1.3798  Gate: 0.7595
Episode 232  Reward:  -0.000365  Wealth:    108241.76  Turnover: 0.4553  Gross: 1.3971  Gate: 0.7941
Episode 233  Reward:   0.036324  Wealth:    110734.59  Turnover: 0.3174  Gross: 1.4001  Gate: 0.8002
Episode 234  Reward:   0.103923  Wealth:    119062.54  Turnover: 0.1833  Gross: 1.3934  Gate: 0.7868
Episode 235  Reward:   0.187837  Wealth:    133101.68  Turnover: 0.5145  Gross: 1.4021  Gate: 0.8043
Episode 236  Reward:   0.156328  Wealth:    131465.39  Turnover: 0.7446  Gross: 1.3628  Gate: 0.7257
Episode 237  Reward:  -0.093711  Wealth:     97632.39  Turnover: 0.5438  Gross: 1.3821  Gate: 0.7641
Episode 238  Reward:   0.150819  Wealth:    126952.90  Turnover: 0.3104  Gross: 1.4053  Gate: 0.8107
Episode 239  Reward:   0.071983  Wealth:    118875.56  Turnover: 0.5261  Gross: 1.4103  Gate: 0.8207
Episode 240  Reward:   0.014425  Wealth:    110427.33  Turnover: 0.5445  Gross: 1.3798  Gate: 0.7596
Episode    240  AvgReward:   0.069220  Noise: 0.0930
Episode 241  Reward:   0.140405  Wealth:    130030.36  Turnover: 0.6745  Gross: 1.3429  Gate: 0.6858
Episode 242  Reward:   0.082648  Wealth:    117524.71  Turnover: 0.7617  Gross: 1.3947  Gate: 0.7894
Episode 243  Reward:   0.324543  Wealth:    165719.83  Turnover: 0.5883  Gross: 1.3673  Gate: 0.7346
Episode 244  Reward:   0.032614  Wealth:    114060.66  Turnover: 0.6417  Gross: 1.3787  Gate: 0.7574
Episode 245  Reward:   0.117017  Wealth:    121220.38  Turnover: 0.3026  Gross: 1.3983  Gate: 0.7966
Episode 246  Reward:   0.271455  Wealth:    149887.78  Turnover: 0.5278  Gross: 1.4024  Gate: 0.8048
Episode 247  Reward:  -0.061573  Wealth:    103491.09  Turnover: 0.7120  Gross: 1.3238  Gate: 0.6475
Episode 248  Reward:   0.199728  Wealth:    140055.36  Turnover: 0.7860  Gross: 1.3941  Gate: 0.7883
Episode 249  Reward:   0.155572  Wealth:    127464.58  Turnover: 0.4171  Gross: 1.3977  Gate: 0.7955
Episode 250  Reward:   0.009951  Wealth:    107920.27  Turnover: 0.4772  Gross: 1.3963  Gate: 0.7925
Episode    250  AvgReward:   0.127236  Noise: 0.0911
Episode 251  Reward:   0.185774  Wealth:    133156.14  Turnover: 0.3894  Gross: 1.4033  Gate: 0.8066
Episode 252  Reward:   0.216950  Wealth:    141373.48  Turnover: 0.3635  Gross: 1.3931  Gate: 0.7862
Episode 253  Reward:   0.146731  Wealth:    128817.28  Turnover: 0.6094  Gross: 1.3901  Gate: 0.7803
Episode 254  Reward:   0.135374  Wealth:    124848.43  Turnover: 0.3424  Gross: 1.4099  Gate: 0.8198
Episode 255  Reward:  -0.094943  Wealth:     97826.39  Turnover: 0.4258  Gross: 1.3991  Gate: 0.7981
Episode 256  Reward:  -0.023711  Wealth:    104189.32  Turnover: 0.6455  Gross: 1.4027  Gate: 0.8053
Episode 257  Reward:   0.145188  Wealth:    133120.37  Turnover: 0.6527  Gross: 1.3914  Gate: 0.7828
Episode 258  Reward:   0.088900  Wealth:    122438.01  Turnover: 0.6846  Gross: 1.3848  Gate: 0.7696
Episode 259  Reward:   0.146958  Wealth:    127261.90  Turnover: 0.4821  Gross: 1.3859  Gate: 0.7719
Episode 260  Reward:   0.143725  Wealth:    132689.25  Turnover: 0.6713  Gross: 1.3754  Gate: 0.7508
Episode    260  AvgReward:   0.109095  Noise: 0.0893
Episode 261  Reward:  -0.085288  Wealth:     99194.07  Turnover: 0.4499  Gross: 1.3586  Gate: 0.7172
Episode 262  Reward:   0.023223  Wealth:    109488.14  Turnover: 0.5380  Gross: 1.3999  Gate: 0.7999
Episode 263  Reward:  -0.150809  Wealth:     95527.95  Turnover: 0.4382  Gross: 1.3932  Gate: 0.7864
Episode 264  Reward:  -0.080627  Wealth:    101211.75  Turnover: 0.6722  Gross: 1.3483  Gate: 0.6966
Episode 265  Reward:  -0.045253  Wealth:    102022.61  Turnover: 0.5262  Gross: 1.3765  Gate: 0.7530
Episode 266  Reward:   0.051756  Wealth:    114133.81  Turnover: 0.6020  Gross: 1.3865  Gate: 0.7730
Episode 267  Reward:   0.078137  Wealth:    117703.97  Turnover: 0.4103  Gross: 1.3908  Gate: 0.7816
Episode 268  Reward:   0.015568  Wealth:    109948.51  Turnover: 0.7753  Gross: 1.3947  Gate: 0.7895
Episode 269  Reward:   0.029688  Wealth:    116696.05  Turnover: 0.5872  Gross: 1.3798  Gate: 0.7597
Episode 270  Reward:   0.134794  Wealth:    128462.42  Turnover: 0.3159  Gross: 1.4000  Gate: 0.7999
Episode    270  AvgReward:  -0.002881  Noise: 0.0875
Episode 271  Reward:   0.212945  Wealth:    142063.48  Turnover: 0.5552  Gross: 1.3932  Gate: 0.7865
Episode 272  Reward:  -0.067084  Wealth:    100252.27  Turnover: 0.6317  Gross: 1.3768  Gate: 0.7536
Episode 273  Reward:   0.153424  Wealth:    129285.82  Turnover: 0.6232  Gross: 1.3762  Gate: 0.7524
Episode 274  Reward:   0.183711  Wealth:    135451.54  Turnover: 0.7471  Gross: 1.3863  Gate: 0.7727
Episode 275  Reward:   0.119623  Wealth:    124537.12  Turnover: 0.5097  Gross: 1.3958  Gate: 0.7916
Episode 276  Reward:   0.029946  Wealth:    111489.91  Turnover: 0.5972  Gross: 1.3638  Gate: 0.7276
Episode 277  Reward:   0.291564  Wealth:    160814.71  Turnover: 0.7178  Gross: 1.3874  Gate: 0.7749
Episode 278  Reward:   0.169345  Wealth:    137390.86  Turnover: 0.7119  Gross: 1.3792  Gate: 0.7585
Episode 279  Reward:  -0.045776  Wealth:    105469.60  Turnover: 0.6713  Gross: 1.3590  Gate: 0.7179
Episode 280  Reward:   0.074021  Wealth:    122279.32  Turnover: 0.4941  Gross: 1.3886  Gate: 0.7773
Episode    280  AvgReward:   0.112172  Noise: 0.0858
Episode 281  Reward:   0.119001  Wealth:    124970.94  Turnover: 0.7022  Gross: 1.3666  Gate: 0.7332
Episode 282  Reward:   0.036956  Wealth:    112066.60  Turnover: 0.6115  Gross: 1.3657  Gate: 0.7315
Episode 283  Reward:   0.112406  Wealth:    120974.08  Turnover: 0.5074  Gross: 1.3884  Gate: 0.7768
Episode 284  Reward:   0.083316  Wealth:    118485.24  Turnover: 0.4203  Gross: 1.3944  Gate: 0.7889
Episode 285  Reward:   0.005483  Wealth:    108354.21  Turnover: 0.6615  Gross: 1.3853  Gate: 0.7706
Episode 286  Reward:   0.176390  Wealth:    138576.11  Turnover: 0.5478  Gross: 1.4023  Gate: 0.8045
Episode 287  Reward:   0.164515  Wealth:    130435.77  Turnover: 0.4728  Gross: 1.3944  Gate: 0.7889
Episode 288  Reward:   0.273688  Wealth:    159323.94  Turnover: 0.9392  Gross: 1.3924  Gate: 0.7848
Episode 289  Reward:   0.342228  Wealth:    181132.21  Turnover: 0.6368  Gross: 1.3598  Gate: 0.7197
Episode 290  Reward:  -0.071096  Wealth:    101698.01  Turnover: 0.6956  Gross: 1.3726  Gate: 0.7452
Episode    290  AvgReward:   0.124289  Noise: 0.0841
Episode 291  Reward:   0.091736  Wealth:    123023.64  Turnover: 0.6078  Gross: 1.3926  Gate: 0.7851
Episode 292  Reward:   0.052908  Wealth:    112810.03  Turnover: 0.2714  Gross: 1.3970  Gate: 0.7940
Episode 293  Reward:   0.060252  Wealth:    115005.56  Turnover: 0.3852  Gross: 1.3968  Gate: 0.7936
Episode 294  Reward:   0.125556  Wealth:    123797.56  Turnover: 0.6167  Gross: 1.3757  Gate: 0.7514
Episode 295  Reward:   0.260553  Wealth:    149319.34  Turnover: 0.4624  Gross: 1.3899  Gate: 0.7797
Episode 296  Reward:  -0.039057  Wealth:    107860.64  Turnover: 0.3342  Gross: 1.3897  Gate: 0.7794
Episode 297  Reward:  -0.002259  Wealth:    112315.51  Turnover: 0.6513  Gross: 1.3716  Gate: 0.7432
Episode 298  Reward:   0.232416  Wealth:    147171.68  Turnover: 0.6481  Gross: 1.3934  Gate: 0.7867
Episode 299  Reward:   0.130793  Wealth:    127100.30  Turnover: 0.4996  Gross: 1.4066  Gate: 0.8131
Episode 300  Reward:   0.027517  Wealth:    110057.24  Turnover: 0.6650  Gross: 1.3780  Gate: 0.7560
Episode    300  AvgReward:   0.094042  Noise: 0.0824
Episode 301  Reward:  -0.006615  Wealth:    105570.41  Turnover: 0.4502  Gross: 1.3977  Gate: 0.7953
Episode 302  Reward:   0.302283  Wealth:    162608.86  Turnover: 0.5909  Gross: 1.3848  Gate: 0.7697
Episode 303  Reward:   0.125274  Wealth:    126872.68  Turnover: 0.7798  Gross: 1.3988  Gate: 0.7976
Episode 304  Reward:   0.109707  Wealth:    121889.34  Turnover: 0.6565  Gross: 1.3941  Gate: 0.7882
Episode 305  Reward:   0.144934  Wealth:    130151.64  Turnover: 0.5065  Gross: 1.3897  Gate: 0.7794
Episode 306  Reward:  -0.041295  Wealth:    102756.06  Turnover: 0.4452  Gross: 1.4058  Gate: 0.8116
Episode 307  Reward:   0.072659  Wealth:    116038.57  Turnover: 0.3531  Gross: 1.3916  Gate: 0.7832
Episode 308  Reward:  -0.013119  Wealth:    105308.18  Turnover: 0.4180  Gross: 1.3891  Gate: 0.7782
Episode 309  Reward:   0.246431  Wealth:    153248.21  Turnover: 0.5963  Gross: 1.4066  Gate: 0.8133
Episode 310  Reward:   0.047029  Wealth:    113228.96  Turnover: 0.5556  Gross: 1.3896  Gate: 0.7792
Episode    310  AvgReward:   0.098729  Noise: 0.0808
Episode 311  Reward:   0.191304  Wealth:    137985.56  Turnover: 0.8276  Gross: 1.3946  Gate: 0.7891
Episode 312  Reward:   0.061566  Wealth:    115207.47  Turnover: 0.6776  Gross: 1.3985  Gate: 0.7970
Episode 313  Reward:   0.118678  Wealth:    123142.72  Turnover: 0.6825  Gross: 1.4079  Gate: 0.8157
Episode 314  Reward:   0.099075  Wealth:    121572.33  Turnover: 0.3353  Gross: 1.3931  Gate: 0.7862
Episode 315  Reward:   0.118020  Wealth:    122552.11  Turnover: 0.5089  Gross: 1.3834  Gate: 0.7667
Episode 316  Reward:   0.004275  Wealth:    110759.78  Turnover: 0.5915  Gross: 1.4048  Gate: 0.8095
Episode 317  Reward:   0.163424  Wealth:    131287.08  Turnover: 0.6763  Gross: 1.4005  Gate: 0.8011
Episode 318  Reward:   0.117194  Wealth:    124192.20  Turnover: 0.8966  Gross: 1.3854  Gate: 0.7708
Episode 319  Reward:   0.095337  Wealth:    118669.00  Turnover: 0.5637  Gross: 1.3978  Gate: 0.7955
Episode 320  Reward:   0.052250  Wealth:    118900.49  Turnover: 0.6296  Gross: 1.3752  Gate: 0.7504
Episode    320  AvgReward:   0.102112  Noise: 0.0792
Episode 321  Reward:   0.301377  Wealth:    162794.53  Turnover: 0.5517  Gross: 1.3852  Gate: 0.7705
Episode 322  Reward:  -0.023100  Wealth:    103801.29  Turnover: 0.3639  Gross: 1.3948  Gate: 0.7895
Episode 323  Reward:  -0.035115  Wealth:    103410.38  Turnover: 0.3979  Gross: 1.4000  Gate: 0.8000
Episode 324  Reward:   0.309932  Wealth:    165497.91  Turnover: 0.5755  Gross: 1.3774  Gate: 0.7548
Episode 325  Reward:   0.220438  Wealth:    144437.57  Turnover: 0.5852  Gross: 1.3982  Gate: 0.7964
Episode 326  Reward:   0.070242  Wealth:    116712.38  Turnover: 0.5641  Gross: 1.3970  Gate: 0.7941
Episode 327  Reward:   0.097132  Wealth:    127603.61  Turnover: 0.4859  Gross: 1.3905  Gate: 0.7811
Episode 328  Reward:   0.164846  Wealth:    130348.05  Turnover: 0.6930  Gross: 1.4034  Gate: 0.8067
Episode 329  Reward:  -0.055481  Wealth:    104849.51  Turnover: 0.7979  Gross: 1.3907  Gate: 0.7813
Episode 330  Reward:   0.263418  Wealth:    150054.46  Turnover: 0.6499  Gross: 1.3910  Gate: 0.7820
Episode    330  AvgReward:   0.131369  Noise: 0.0776
Episode 331  Reward:   0.078109  Wealth:    116283.50  Turnover: 0.3565  Gross: 1.4074  Gate: 0.8149
Episode 332  Reward:   0.092285  Wealth:    119841.09  Turnover: 0.6633  Gross: 1.3812  Gate: 0.7624
Episode 333  Reward:   0.106175  Wealth:    120582.90  Turnover: 0.5681  Gross: 1.3962  Gate: 0.7923
Episode 334  Reward:   0.099705  Wealth:    122497.95  Turnover: 0.8409  Gross: 1.4023  Gate: 0.8045
Episode 335  Reward:  -0.037914  Wealth:    103875.81  Turnover: 0.6520  Gross: 1.4141  Gate: 0.8282
Episode 336  Reward:   0.097708  Wealth:    118543.26  Turnover: 0.2962  Gross: 1.3615  Gate: 0.7230
Episode 337  Reward:   0.056002  Wealth:    113528.48  Turnover: 0.5386  Gross: 1.3992  Gate: 0.7984
Episode 338  Reward:   0.228906  Wealth:    142875.04  Turnover: 0.3646  Gross: 1.3868  Gate: 0.7736
Episode 339  Reward:   0.410868  Wealth:    193200.90  Turnover: 0.4396  Gross: 1.3959  Gate: 0.7919
Episode 340  Reward:   0.033563  Wealth:    113262.63  Turnover: 0.5995  Gross: 1.4100  Gate: 0.8200
Episode    340  AvgReward:   0.116541  Noise: 0.0761
Episode 341  Reward:   0.327196  Wealth:    164998.62  Turnover: 0.4673  Gross: 1.3938  Gate: 0.7876
Episode 342  Reward:   0.119704  Wealth:    121965.98  Turnover: 0.2841  Gross: 1.3899  Gate: 0.7798
Episode 343  Reward:   0.158151  Wealth:    129825.57  Turnover: 0.5569  Gross: 1.3995  Gate: 0.7989
Episode 344  Reward:  -0.230746  Wealth:     88710.27  Turnover: 0.6436  Gross: 1.3878  Gate: 0.7757
Episode 345  Reward:   0.080289  Wealth:    117439.90  Turnover: 0.5299  Gross: 1.3902  Gate: 0.7803
Episode 346  Reward:  -0.141778  Wealth:     97251.51  Turnover: 0.7076  Gross: 1.3710  Gate: 0.7420
Episode 347  Reward:   0.099900  Wealth:    121200.22  Turnover: 0.6230  Gross: 1.3875  Gate: 0.7751
Episode 348  Reward:  -0.122083  Wealth:     96909.05  Turnover: 0.6104  Gross: 1.3864  Gate: 0.7729
Episode 349  Reward:   0.344420  Wealth:    172831.16  Turnover: 0.4058  Gross: 1.3778  Gate: 0.7556
Episode 350  Reward:   0.070960  Wealth:    117134.81  Turnover: 0.6285  Gross: 1.3952  Gate: 0.7903
Episode    350  AvgReward:   0.070601  Noise: 0.0746
Episode 351  Reward:  -0.016593  Wealth:    107528.49  Turnover: 0.5767  Gross: 1.3784  Gate: 0.7567
Episode 352  Reward:  -0.064567  Wealth:    101767.08  Turnover: 0.4986  Gross: 1.3953  Gate: 0.7905
Episode 353  Reward:   0.199566  Wealth:    135565.04  Turnover: 0.5576  Gross: 1.3951  Gate: 0.7902
Episode 354  Reward:  -0.686906  Wealth:     63556.02  Turnover: 0.5274  Gross: 1.3833  Gate: 0.7666
Episode 355  Reward:   0.281570  Wealth:    156527.11  Turnover: 0.5349  Gross: 1.3943  Gate: 0.7885
Episode 356  Reward:   0.256338  Wealth:    147354.71  Turnover: 0.5856  Gross: 1.3888  Gate: 0.7775
Episode 357  Reward:  -0.309023  Wealth:     81079.15  Turnover: 0.6520  Gross: 1.4025  Gate: 0.8050
Episode 358  Reward:  -0.157935  Wealth:     95148.76  Turnover: 0.5571  Gross: 1.3922  Gate: 0.7844
Episode 359  Reward:  -0.052595  Wealth:    103922.27  Turnover: 0.6044  Gross: 1.3934  Gate: 0.7868
Episode 360  Reward:   0.214845  Wealth:    143011.04  Turnover: 0.6506  Gross: 1.3988  Gate: 0.7976
Episode    360  AvgReward:  -0.033530  Noise: 0.0731
Episode 361  Reward:   0.216851  Wealth:    139413.06  Turnover: 0.4713  Gross: 1.3844  Gate: 0.7687
Episode 362  Reward:   0.183200  Wealth:    134067.86  Turnover: 0.5349  Gross: 1.3842  Gate: 0.7683
Episode 363  Reward:   0.108645  Wealth:    124591.57  Turnover: 0.8881  Gross: 1.3843  Gate: 0.7686
Episode 364  Reward:  -0.142940  Wealth:     95725.10  Turnover: 0.5155  Gross: 1.3973  Gate: 0.7946
Episode 365  Reward:   0.125899  Wealth:    125002.13  Turnover: 0.6255  Gross: 1.3883  Gate: 0.7766
Episode 366  Reward:   0.086481  Wealth:    119223.15  Turnover: 0.5551  Gross: 1.3915  Gate: 0.7830
Episode 367  Reward:   0.156567  Wealth:    127684.69  Turnover: 0.3677  Gross: 1.3970  Gate: 0.7940
Episode 368  Reward:  -0.027038  Wealth:    108408.03  Turnover: 0.5465  Gross: 1.3830  Gate: 0.7660
Episode 369  Reward:   0.262948  Wealth:    155295.90  Turnover: 0.6855  Gross: 1.3746  Gate: 0.7491
Episode 370  Reward:   0.076545  Wealth:    120256.79  Turnover: 0.4450  Gross: 1.3911  Gate: 0.7822
Episode    370  AvgReward:   0.104716  Noise: 0.0717
Episode 371  Reward:   0.212721  Wealth:    146505.63  Turnover: 0.6982  Gross: 1.3899  Gate: 0.7797
Episode 372  Reward:   0.210101  Wealth:    140953.79  Turnover: 0.5293  Gross: 1.3686  Gate: 0.7373
Episode 373  Reward:   0.123175  Wealth:    122884.29  Turnover: 0.4092  Gross: 1.4025  Gate: 0.8050
Episode 374  Reward:  -0.031994  Wealth:    107349.81  Turnover: 0.7000  Gross: 1.4029  Gate: 0.8057
Episode 375  Reward:   0.245904  Wealth:    144104.68  Turnover: 0.4179  Gross: 1.3827  Gate: 0.7655
Episode 376  Reward:  -0.050650  Wealth:    103729.43  Turnover: 0.4290  Gross: 1.3930  Gate: 0.7860
Episode 377  Reward:   0.012568  Wealth:    110676.61  Turnover: 0.5415  Gross: 1.3992  Gate: 0.7984
Episode 378  Reward:   0.241405  Wealth:    148752.74  Turnover: 0.6252  Gross: 1.3895  Gate: 0.7790
Episode 379  Reward:   0.216694  Wealth:    147102.24  Turnover: 0.8902  Gross: 1.3876  Gate: 0.7751
Episode 380  Reward:   0.052492  Wealth:    114898.88  Turnover: 0.7754  Gross: 1.3989  Gate: 0.7978
Episode    380  AvgReward:   0.123241  Noise: 0.0702
Episode 381  Reward:  -0.016981  Wealth:    105275.91  Turnover: 0.5083  Gross: 1.4096  Gate: 0.8192
Episode 382  Reward:  -0.217423  Wealth:     88425.38  Turnover: 0.6859  Gross: 1.3886  Gate: 0.7772
Episode 383  Reward:  -0.082813  Wealth:     99537.44  Turnover: 0.8327  Gross: 1.3898  Gate: 0.7796
Episode 384  Reward:   0.036279  Wealth:    110636.06  Turnover: 0.4407  Gross: 1.3909  Gate: 0.7817
Episode 385  Reward:   0.110176  Wealth:    122154.77  Turnover: 0.6870  Gross: 1.3961  Gate: 0.7921
Episode 386  Reward:   0.052100  Wealth:    112714.97  Turnover: 0.5523  Gross: 1.3857  Gate: 0.7714
Episode 387  Reward:   0.109732  Wealth:    122619.10  Turnover: 0.6925  Gross: 1.3950  Gate: 0.7901
Episode 388  Reward:   0.024167  Wealth:    110845.40  Turnover: 0.8101  Gross: 1.3931  Gate: 0.7863
Episode 389  Reward:   0.036453  Wealth:    115040.03  Turnover: 0.5782  Gross: 1.3924  Gate: 0.7847
Episode 390  Reward:   0.293290  Wealth:    159658.79  Turnover: 0.8195  Gross: 1.3687  Gate: 0.7374
Episode    390  AvgReward:   0.034498  Noise: 0.0688
Episode 391  Reward:   0.039308  Wealth:    114209.39  Turnover: 0.5601  Gross: 1.4008  Gate: 0.8015
Episode 392  Reward:   0.231744  Wealth:    142887.43  Turnover: 0.5861  Gross: 1.4010  Gate: 0.8020
Episode 393  Reward:   0.177635  Wealth:    134098.33  Turnover: 0.7418  Gross: 1.3948  Gate: 0.7897
Episode 394  Reward:  -0.444209  Wealth:     72744.76  Turnover: 0.6376  Gross: 1.3867  Gate: 0.7735
Episode 395  Reward:   0.059165  Wealth:    114343.86  Turnover: 0.4987  Gross: 1.4014  Gate: 0.8028
Episode 396  Reward:  -0.056289  Wealth:    103963.84  Turnover: 0.6511  Gross: 1.3973  Gate: 0.7947
Episode 397  Reward:   0.191036  Wealth:    135612.73  Turnover: 0.7418  Gross: 1.3901  Gate: 0.7803
Episode 398  Reward:   0.175641  Wealth:    139896.25  Turnover: 0.7238  Gross: 1.3917  Gate: 0.7834
Episode 399  Reward:   0.097771  Wealth:    119127.08  Turnover: 0.4705  Gross: 1.4023  Gate: 0.8047
Episode 400  Reward:   0.074066  Wealth:    115850.68  Turnover: 0.4230  Gross: 1.3935  Gate: 0.7870
Episode    400  AvgReward:   0.054587  Noise: 0.0675
Episode 401  Reward:   0.053117  Wealth:    113271.14  Turnover: 0.3568  Gross: 1.3889  Gate: 0.7778
Episode 402  Reward:  -0.039979  Wealth:    103096.55  Turnover: 0.5509  Gross: 1.3909  Gate: 0.7819
Episode 403  Reward:   0.280155  Wealth:    161442.14  Turnover: 0.6721  Gross: 1.3815  Gate: 0.7631
Episode 404  Reward:  -0.433134  Wealth:     75789.85  Turnover: 0.4165  Gross: 1.3837  Gate: 0.7673
Episode 405  Reward:  -0.152402  Wealth:     94670.43  Turnover: 0.5967  Gross: 1.3948  Gate: 0.7896
Episode 406  Reward:   0.122293  Wealth:    124971.13  Turnover: 0.4400  Gross: 1.3934  Gate: 0.7868
Episode 407  Reward:   0.122535  Wealth:    123420.41  Turnover: 0.5243  Gross: 1.3889  Gate: 0.7779
Episode 408  Reward:   0.086951  Wealth:    117253.88  Turnover: 0.4461  Gross: 1.3922  Gate: 0.7844
Episode 409  Reward:   0.064052  Wealth:    114861.10  Turnover: 0.8034  Gross: 1.3980  Gate: 0.7960
Episode 410  Reward:   0.185385  Wealth:    136160.65  Turnover: 0.5790  Gross: 1.3767  Gate: 0.7533
Episode    410  AvgReward:   0.028897  Noise: 0.0661
Episode 411  Reward:   0.186284  Wealth:    135532.84  Turnover: 0.4800  Gross: 1.3909  Gate: 0.7817
Episode 412  Reward:   0.191954  Wealth:    133781.95  Turnover: 0.6504  Gross: 1.3986  Gate: 0.7972
Episode 413  Reward:  -0.028335  Wealth:    104613.21  Turnover: 0.5915  Gross: 1.3818  Gate: 0.7637
Episode 414  Reward:   0.255766  Wealth:    147158.43  Turnover: 0.5846  Gross: 1.3926  Gate: 0.7852
Episode 415  Reward:   0.160979  Wealth:    128513.97  Turnover: 0.5893  Gross: 1.3885  Gate: 0.7771
Episode 416  Reward:   0.200525  Wealth:    138690.33  Turnover: 0.7748  Gross: 1.3817  Gate: 0.7635
Episode 417  Reward:   0.168197  Wealth:    135786.95  Turnover: 0.4707  Gross: 1.3973  Gate: 0.7947
Episode 418  Reward:  -0.036018  Wealth:    103021.99  Turnover: 0.5914  Gross: 1.3921  Gate: 0.7843
Episode 419  Reward:   0.273176  Wealth:    152527.29  Turnover: 0.3474  Gross: 1.3996  Gate: 0.7993
Episode 420  Reward:   0.208648  Wealth:    138490.49  Turnover: 0.5938  Gross: 1.4003  Gate: 0.8006
Episode    420  AvgReward:   0.158117  Noise: 0.0648
Episode 421  Reward:  -0.097970  Wealth:     96344.72  Turnover: 0.3941  Gross: 1.3942  Gate: 0.7885
Episode 422  Reward:   0.121256  Wealth:    122572.95  Turnover: 0.2156  Gross: 1.3943  Gate: 0.7887
Episode 423  Reward:  -0.034945  Wealth:    103079.90  Turnover: 0.4925  Gross: 1.4098  Gate: 0.8196
Episode 424  Reward:   0.242015  Wealth:    145520.27  Turnover: 0.4052  Gross: 1.3702  Gate: 0.7403
Episode 425  Reward:   0.185958  Wealth:    133917.89  Turnover: 0.5124  Gross: 1.3909  Gate: 0.7817
Episode 426  Reward:   0.131521  Wealth:    123444.96  Turnover: 0.2632  Gross: 1.3690  Gate: 0.7380
Episode 427  Reward:   0.046714  Wealth:    112609.69  Turnover: 0.4731  Gross: 1.3982  Gate: 0.7964
Episode 428  Reward:   0.192297  Wealth:    134529.74  Turnover: 0.5142  Gross: 1.4047  Gate: 0.8094
Episode 429  Reward:   0.105225  Wealth:    126528.58  Turnover: 0.3913  Gross: 1.4037  Gate: 0.8075
Episode 430  Reward:   0.028387  Wealth:    114424.55  Turnover: 0.8384  Gross: 1.3755  Gate: 0.7511
Episode    430  AvgReward:   0.092046  Noise: 0.0635
Episode 431  Reward:   0.004958  Wealth:    107077.18  Turnover: 0.4807  Gross: 1.4008  Gate: 0.8016
Episode 432  Reward:  -0.173112  Wealth:     90455.79  Turnover: 0.6079  Gross: 1.4034  Gate: 0.8069
Episode 433  Reward:  -0.122630  Wealth:     99393.38  Turnover: 0.8240  Gross: 1.3788  Gate: 0.7577
Episode 434  Reward:   0.227969  Wealth:    145188.01  Turnover: 0.6511  Gross: 1.3881  Gate: 0.7761
Episode 435  Reward:   0.108170  Wealth:    121217.33  Turnover: 0.5987  Gross: 1.3971  Gate: 0.7942
Episode 436  Reward:   0.121210  Wealth:    122747.88  Turnover: 0.6936  Gross: 1.3951  Gate: 0.7902
Episode 437  Reward:   0.197877  Wealth:    135931.39  Turnover: 0.5208  Gross: 1.3944  Gate: 0.7888
Episode 438  Reward:  -0.041918  Wealth:    103771.43  Turnover: 0.6574  Gross: 1.3947  Gate: 0.7895
Episode 439  Reward:   0.092898  Wealth:    120570.22  Turnover: 0.7131  Gross: 1.3947  Gate: 0.7893
Episode 440  Reward:  -0.005104  Wealth:    106923.26  Turnover: 0.5132  Gross: 1.3956  Gate: 0.7913
Episode    440  AvgReward:   0.041032  Noise: 0.0623
Episode 441  Reward:   0.272702  Wealth:    151399.52  Turnover: 0.6545  Gross: 1.3851  Gate: 0.7702
Episode 442  Reward:   0.058084  Wealth:    118830.28  Turnover: 0.5680  Gross: 1.3821  Gate: 0.7642
Episode 443  Reward:   0.212105  Wealth:    139976.98  Turnover: 0.5551  Gross: 1.4040  Gate: 0.8081
Episode 444  Reward:   0.143764  Wealth:    130430.81  Turnover: 0.7958  Gross: 1.3960  Gate: 0.7921
Episode 445  Reward:   0.077371  Wealth:    116699.24  Turnover: 0.4037  Gross: 1.3880  Gate: 0.7760
Episode 446  Reward:   0.095355  Wealth:    119283.91  Turnover: 0.4370  Gross: 1.4002  Gate: 0.8004
Episode 447  Reward:   0.200280  Wealth:    142886.92  Turnover: 0.6955  Gross: 1.3730  Gate: 0.7460
Episode 448  Reward:   0.068498  Wealth:    122669.75  Turnover: 0.3189  Gross: 1.3915  Gate: 0.7830
Episode 449  Reward:   0.043521  Wealth:    111983.61  Turnover: 0.4960  Gross: 1.4035  Gate: 0.8071
Episode 450  Reward:   0.040242  Wealth:    116043.60  Turnover: 0.6129  Gross: 1.3839  Gate: 0.7677
Episode    450  AvgReward:   0.121192  Noise: 0.0611
Episode 451  Reward:   0.028686  Wealth:    110392.09  Turnover: 0.5505  Gross: 1.4047  Gate: 0.8095
Episode 452  Reward:  -0.060088  Wealth:    100992.38  Turnover: 0.2955  Gross: 1.3984  Gate: 0.7969
Episode 453  Reward:  -0.071400  Wealth:    100857.99  Turnover: 0.7541  Gross: 1.3929  Gate: 0.7857
Episode 454  Reward:  -0.019006  Wealth:    108835.29  Turnover: 0.5990  Gross: 1.3868  Gate: 0.7737
Episode 455  Reward:   0.069866  Wealth:    116345.51  Turnover: 0.5427  Gross: 1.3835  Gate: 0.7671
Episode 456  Reward:   0.143006  Wealth:    125672.18  Turnover: 0.3752  Gross: 1.3773  Gate: 0.7545
Episode 457  Reward:   0.268410  Wealth:    151877.25  Turnover: 0.5488  Gross: 1.3911  Gate: 0.7822
Episode 458  Reward:   0.270398  Wealth:    153311.22  Turnover: 0.5502  Gross: 1.3834  Gate: 0.7668
Episode 459  Reward:   0.110176  Wealth:    122298.44  Turnover: 0.6152  Gross: 1.3775  Gate: 0.7549
Episode 460  Reward:   0.136273  Wealth:    125429.23  Turnover: 0.7340  Gross: 1.3877  Gate: 0.7753
Episode    460  AvgReward:   0.087632  Noise: 0.0598
Episode 461  Reward:   0.143086  Wealth:    126459.98  Turnover: 0.6611  Gross: 1.4035  Gate: 0.8069
Episode 462  Reward:   0.343549  Wealth:    167292.45  Turnover: 0.3828  Gross: 1.3832  Gate: 0.7664
Episode 463  Reward:   0.079336  Wealth:    119387.32  Turnover: 0.5639  Gross: 1.4019  Gate: 0.8039
Episode 464  Reward:   0.112943  Wealth:    124981.53  Turnover: 0.5177  Gross: 1.3911  Gate: 0.7823
Episode 465  Reward:  -0.100979  Wealth:     98678.76  Turnover: 0.7626  Gross: 1.3949  Gate: 0.7897
Episode 466  Reward:   0.025218  Wealth:    109790.13  Turnover: 0.4641  Gross: 1.3992  Gate: 0.7984
Episode 467  Reward:   0.039766  Wealth:    112503.08  Turnover: 0.5287  Gross: 1.3938  Gate: 0.7875
Episode 468  Reward:   0.136267  Wealth:    123843.75  Turnover: 0.2627  Gross: 1.3873  Gate: 0.7746
Episode 469  Reward:   0.057279  Wealth:    115858.34  Turnover: 0.7095  Gross: 1.3901  Gate: 0.7803
Episode 470  Reward:   0.087155  Wealth:    118337.76  Turnover: 0.6463  Gross: 1.4073  Gate: 0.8146
Episode    470  AvgReward:   0.092362  Noise: 0.0587
Episode 471  Reward:  -0.050577  Wealth:    102448.67  Turnover: 0.6875  Gross: 1.3926  Gate: 0.7851
Episode 472  Reward:   0.340144  Wealth:    171691.30  Turnover: 0.5848  Gross: 1.3940  Gate: 0.7879
Episode 473  Reward:   0.176688  Wealth:    131674.35  Turnover: 0.5421  Gross: 1.3977  Gate: 0.7954
Episode 474  Reward:   0.257855  Wealth:    150510.15  Turnover: 0.7768  Gross: 1.3965  Gate: 0.7929
Episode 475  Reward:   0.121970  Wealth:    122970.62  Turnover: 0.5808  Gross: 1.3873  Gate: 0.7746
Episode 476  Reward:   0.035205  Wealth:    111233.95  Turnover: 0.4847  Gross: 1.3877  Gate: 0.7754
Episode 477  Reward:   0.039249  Wealth:    116622.19  Turnover: 0.5808  Gross: 1.3996  Gate: 0.7992
Episode 478  Reward:   0.112397  Wealth:    124600.44  Turnover: 0.7440  Gross: 1.3975  Gate: 0.7950
Episode 479  Reward:  -0.142508  Wealth:     92881.56  Turnover: 0.6380  Gross: 1.3938  Gate: 0.7876
Episode 480  Reward:   0.232995  Wealth:    144277.71  Turnover: 0.5901  Gross: 1.3995  Gate: 0.7990
Episode    480  AvgReward:   0.112342  Noise: 0.0575
Episode 481  Reward:   0.023348  Wealth:    109048.98  Turnover: 0.3513  Gross: 1.4026  Gate: 0.8051
Episode 482  Reward:   0.164578  Wealth:    131870.81  Turnover: 0.8556  Gross: 1.3994  Gate: 0.7988
Episode 483  Reward:   0.094612  Wealth:    119896.95  Turnover: 0.7016  Gross: 1.3954  Gate: 0.7909
Episode 484  Reward:   0.053332  Wealth:    119448.40  Turnover: 0.6093  Gross: 1.3750  Gate: 0.7501
Episode 485  Reward:  -0.003943  Wealth:    105865.66  Turnover: 0.3289  Gross: 1.3898  Gate: 0.7796
Episode 486  Reward:   0.152946  Wealth:    133883.56  Turnover: 0.4279  Gross: 1.3837  Gate: 0.7674
Episode 487  Reward:  -0.350065  Wealth:     80588.03  Turnover: 0.3723  Gross: 1.4011  Gate: 0.8022
Episode 488  Reward:   0.104978  Wealth:    119786.31  Turnover: 0.3315  Gross: 1.3893  Gate: 0.7785
Episode 489  Reward:   0.198287  Wealth:    137530.37  Turnover: 0.5766  Gross: 1.3952  Gate: 0.7905
Episode 490  Reward:   0.203204  Wealth:    141757.42  Turnover: 0.7235  Gross: 1.3969  Gate: 0.7938
Episode    490  AvgReward:   0.064128  Noise: 0.0564
Episode 491  Reward:   0.224736  Wealth:    142509.53  Turnover: 0.4539  Gross: 1.3942  Gate: 0.7885
Episode 492  Reward:   0.209906  Wealth:    137228.87  Turnover: 0.4237  Gross: 1.3959  Gate: 0.7918
Episode 493  Reward:   0.046691  Wealth:    119648.92  Turnover: 0.4922  Gross: 1.3951  Gate: 0.7903
Episode 494  Reward:   0.007797  Wealth:    108194.72  Turnover: 0.6051  Gross: 1.4046  Gate: 0.8093
Episode 495  Reward:  -0.056553  Wealth:    103412.88  Turnover: 0.8328  Gross: 1.3944  Gate: 0.7888
Episode 496  Reward:   0.255706  Wealth:    149071.05  Turnover: 0.7082  Gross: 1.3944  Gate: 0.7888
Episode 497  Reward:   0.047732  Wealth:    114204.49  Turnover: 0.8588  Gross: 1.3945  Gate: 0.7890
Episode 498  Reward:   0.022182  Wealth:    109128.46  Turnover: 0.5666  Gross: 1.3962  Gate: 0.7924
Episode 499  Reward:   0.346219  Wealth:    170382.27  Turnover: 0.4062  Gross: 1.3974  Gate: 0.7948
Episode 500  Reward:   0.003117  Wealth:    108960.49  Turnover: 0.7244  Gross: 1.4000  Gate: 0.8000
Episode    500  AvgReward:   0.110753  Noise: 0.0552
Episode 501  Reward:   0.111458  Wealth:    121144.27  Turnover: 0.3238  Gross: 1.3966  Gate: 0.7932
Episode 502  Reward:   0.161406  Wealth:    131490.49  Turnover: 0.5341  Gross: 1.3876  Gate: 0.7751
Episode 503  Reward:  -0.183796  Wealth:     93387.70  Turnover: 0.4501  Gross: 1.3976  Gate: 0.7953
Episode 504  Reward:   0.026107  Wealth:    112833.94  Turnover: 0.7376  Gross: 1.3832  Gate: 0.7664
Episode 505  Reward:   0.100285  Wealth:    128504.46  Turnover: 0.5496  Gross: 1.3806  Gate: 0.7612
Episode 506  Reward:   0.295515  Wealth:    161824.15  Turnover: 0.5935  Gross: 1.3828  Gate: 0.7655
Episode 507  Reward:   0.116224  Wealth:    126578.03  Turnover: 1.0204  Gross: 1.3885  Gate: 0.7770
Episode 508  Reward:   0.137670  Wealth:    124330.39  Turnover: 0.4692  Gross: 1.3938  Gate: 0.7877
Episode 509  Reward:   0.090919  Wealth:    118185.57  Turnover: 0.4696  Gross: 1.3984  Gate: 0.7967
Episode 510  Reward:   0.047460  Wealth:    113106.85  Turnover: 0.5685  Gross: 1.3950  Gate: 0.7901
Episode    510  AvgReward:   0.090325  Noise: 0.0541
Episode 511  Reward:  -0.102934  Wealth:     98091.87  Turnover: 0.9069  Gross: 1.3956  Gate: 0.7912
Episode 512  Reward:  -0.055506  Wealth:    104533.27  Turnover: 0.4973  Gross: 1.3960  Gate: 0.7919
Episode 513  Reward:  -0.032612  Wealth:    106284.70  Turnover: 0.7940  Gross: 1.3944  Gate: 0.7889
Episode 514  Reward:  -0.044496  Wealth:    102381.10  Turnover: 0.4686  Gross: 1.3982  Gate: 0.7964
Episode 515  Reward:   0.068106  Wealth:    119101.86  Turnover: 0.7824  Gross: 1.3972  Gate: 0.7943
Episode 516  Reward:   0.006546  Wealth:    111525.43  Turnover: 0.5083  Gross: 1.3816  Gate: 0.7631
Episode 517  Reward:  -0.070901  Wealth:    100815.93  Turnover: 0.5593  Gross: 1.3854  Gate: 0.7708
Episode 518  Reward:   0.185913  Wealth:    135259.66  Turnover: 0.3441  Gross: 1.3998  Gate: 0.7996
Episode 519  Reward:   0.136656  Wealth:    126039.09  Turnover: 0.6703  Gross: 1.3941  Gate: 0.7883
Episode 520  Reward:  -0.051330  Wealth:    101528.68  Turnover: 0.3565  Gross: 1.4028  Gate: 0.8056
Episode    520  AvgReward:   0.003944  Noise: 0.0531
Episode 521  Reward:   0.125453  Wealth:    124011.80  Turnover: 0.5274  Gross: 1.4027  Gate: 0.8054
Episode 522  Reward:   0.172736  Wealth:    134507.16  Turnover: 0.7868  Gross: 1.3907  Gate: 0.7814
Episode 523  Reward:   0.270334  Wealth:    153249.38  Turnover: 0.8397  Gross: 1.3968  Gate: 0.7936
Episode 524  Reward:   0.020656  Wealth:    109840.66  Turnover: 0.5790  Gross: 1.3923  Gate: 0.7846
Episode 525  Reward:   0.180656  Wealth:    133496.88  Turnover: 0.5439  Gross: 1.3987  Gate: 0.7975
Episode 526  Reward:   0.107198  Wealth:    122296.97  Turnover: 0.6921  Gross: 1.3869  Gate: 0.7737
Episode 527  Reward:   0.178713  Wealth:    131518.52  Turnover: 0.2144  Gross: 1.3915  Gate: 0.7830
Episode 528  Reward:  -0.111712  Wealth:     96475.31  Turnover: 0.5630  Gross: 1.3881  Gate: 0.7761
Episode 529  Reward:  -0.179807  Wealth:     89471.64  Turnover: 0.3904  Gross: 1.3913  Gate: 0.7825
Episode 530  Reward:  -0.018209  Wealth:    106574.16  Turnover: 0.8188  Gross: 1.4003  Gate: 0.8007
Episode    530  AvgReward:   0.074602  Noise: 0.0520
Episode 531  Reward:  -0.025761  Wealth:    108309.68  Turnover: 0.5140  Gross: 1.3923  Gate: 0.7846
Episode 532  Reward:   0.188043  Wealth:    134627.05  Turnover: 0.5411  Gross: 1.4009  Gate: 0.8017
Episode 533  Reward:   0.143162  Wealth:    129013.14  Turnover: 0.5076  Gross: 1.4015  Gate: 0.8030
Episode 534  Reward:   0.132757  Wealth:    123967.22  Turnover: 0.2851  Gross: 1.3961  Gate: 0.7922
Episode 535  Reward:   0.171328  Wealth:    133054.45  Turnover: 0.5892  Gross: 1.4036  Gate: 0.8073
Episode 536  Reward:   0.021640  Wealth:    109372.37  Turnover: 0.5698  Gross: 1.3927  Gate: 0.7853
Episode 537  Reward:   0.176671  Wealth:    139443.52  Turnover: 0.3460  Gross: 1.3900  Gate: 0.7799
Episode 538  Reward:   0.214175  Wealth:    145705.28  Turnover: 0.5286  Gross: 1.3727  Gate: 0.7455
Episode 539  Reward:  -0.241586  Wealth:     85973.74  Turnover: 0.6701  Gross: 1.3639  Gate: 0.7278
Episode 540  Reward:   0.036008  Wealth:    111075.57  Turnover: 0.4343  Gross: 1.3869  Gate: 0.7737
Episode    540  AvgReward:   0.081644  Noise: 0.0510
Episode 541  Reward:   0.085066  Wealth:    120812.51  Turnover: 0.6919  Gross: 1.4014  Gate: 0.8027
Episode 542  Reward:   0.253456  Wealth:    147264.30  Turnover: 0.4000  Gross: 1.3921  Gate: 0.7842
Episode 543  Reward:  -0.061564  Wealth:    100554.26  Turnover: 0.4712  Gross: 1.3975  Gate: 0.7951
Episode 544  Reward:   0.252188  Wealth:    150924.84  Turnover: 0.6113  Gross: 1.4076  Gate: 0.8152
Episode 545  Reward:   0.179642  Wealth:    133162.37  Turnover: 0.4763  Gross: 1.4002  Gate: 0.8004
Episode 546  Reward:   0.070393  Wealth:    117211.53  Turnover: 0.5434  Gross: 1.3953  Gate: 0.7907
Episode 547  Reward:   0.136856  Wealth:    125778.45  Turnover: 0.4496  Gross: 1.4043  Gate: 0.8087
Episode 548  Reward:   0.084314  Wealth:    117763.97  Turnover: 0.5319  Gross: 1.3990  Gate: 0.7980
Episode 549  Reward:   0.096318  Wealth:    119430.06  Turnover: 0.4672  Gross: 1.3869  Gate: 0.7738
Episode 550  Reward:   0.050174  Wealth:    113192.08  Turnover: 0.4866  Gross: 1.3978  Gate: 0.7955
Episode    550  AvgReward:   0.114684  Noise: 0.0500
Episode 551  Reward:   0.269172  Wealth:    149624.07  Turnover: 0.4863  Gross: 1.3957  Gate: 0.7914
Episode 552  Reward:   0.184086  Wealth:    134486.75  Turnover: 0.7522  Gross: 1.3920  Gate: 0.7841
Episode 553  Reward:  -0.010216  Wealth:    105669.97  Turnover: 0.4405  Gross: 1.3978  Gate: 0.7957
Episode 554  Reward:  -0.015008  Wealth:    105141.33  Turnover: 0.3122  Gross: 1.3938  Gate: 0.7875
Episode 555  Reward:   0.113548  Wealth:    130254.96  Turnover: 0.3529  Gross: 1.4015  Gate: 0.8030
Episode 556  Reward:   0.263156  Wealth:    150069.04  Turnover: 0.5742  Gross: 1.3936  Gate: 0.7872
Episode 557  Reward:   0.144514  Wealth:    129322.26  Turnover: 1.0268  Gross: 1.3882  Gate: 0.7763
Episode 558  Reward:  -0.282622  Wealth:     85212.81  Turnover: 0.3935  Gross: 1.3688  Gate: 0.7376
Episode 559  Reward:  -0.052407  Wealth:    102750.36  Turnover: 0.3697  Gross: 1.4015  Gate: 0.8030
Episode 560  Reward:   0.331068  Wealth:    172885.17  Turnover: 0.6474  Gross: 1.3872  Gate: 0.7745
Episode    560  AvgReward:   0.094529  Noise: 0.0490
Episode 561  Reward:   0.159342  Wealth:    133901.68  Turnover: 0.7140  Gross: 1.3679  Gate: 0.7357
Episode 562  Reward:   0.011820  Wealth:    108378.09  Turnover: 0.5403  Gross: 1.4000  Gate: 0.8000
Episode 563  Reward:   0.074664  Wealth:    115860.95  Turnover: 0.4340  Gross: 1.4027  Gate: 0.8055
Episode 564  Reward:   0.200717  Wealth:    136760.14  Turnover: 0.4640  Gross: 1.3993  Gate: 0.7986
Episode 565  Reward:   0.061838  Wealth:    114941.85  Turnover: 0.4234  Gross: 1.3875  Gate: 0.7750
Episode 566  Reward:   0.284017  Wealth:    154874.24  Turnover: 0.4623  Gross: 1.4046  Gate: 0.8093
Episode 567  Reward:  -0.004329  Wealth:    106531.05  Turnover: 0.4846  Gross: 1.4042  Gate: 0.8083
Episode 568  Reward:  -0.015385  Wealth:    104781.48  Turnover: 0.4458  Gross: 1.4041  Gate: 0.8082
Episode 569  Reward:  -0.061139  Wealth:    105343.27  Turnover: 0.6560  Gross: 1.3826  Gate: 0.7651
Episode 570  Reward:   0.191202  Wealth:    134121.87  Turnover: 0.4146  Gross: 1.4026  Gate: 0.8051
Episode    570  AvgReward:   0.090275  Noise: 0.0480
Episode 571  Reward:   0.236252  Wealth:    144074.70  Turnover: 0.4713  Gross: 1.3842  Gate: 0.7684
Episode 572  Reward:   0.025710  Wealth:    111188.57  Turnover: 0.6679  Gross: 1.3871  Gate: 0.7742
Episode 573  Reward:   0.097119  Wealth:    120501.91  Turnover: 0.3871  Gross: 1.3848  Gate: 0.7696
Episode 574  Reward:  -0.143920  Wealth:     93772.01  Turnover: 0.5667  Gross: 1.3937  Gate: 0.7874
Episode 575  Reward:  -0.073994  Wealth:     99788.54  Turnover: 0.5061  Gross: 1.3877  Gate: 0.7753
Episode 576  Reward:   0.052809  Wealth:    114750.08  Turnover: 0.2599  Gross: 1.3870  Gate: 0.7739
Episode 577  Reward:  -0.108610  Wealth:     97840.49  Turnover: 0.7856  Gross: 1.4030  Gate: 0.8060
Episode 578  Reward:   0.204061  Wealth:    136668.17  Turnover: 0.3331  Gross: 1.3968  Gate: 0.7936
Episode 579  Reward:  -0.026185  Wealth:    105211.01  Turnover: 0.6417  Gross: 1.4028  Gate: 0.8057
Episode 580  Reward:   0.013056  Wealth:    109142.34  Turnover: 0.3334  Gross: 1.3888  Gate: 0.7777
Episode    580  AvgReward:   0.027630  Noise: 0.0471
Episode 581  Reward:   0.075038  Wealth:    115969.91  Turnover: 0.5140  Gross: 1.3848  Gate: 0.7695
Episode 582  Reward:  -0.038999  Wealth:    104035.65  Turnover: 0.6591  Gross: 1.3932  Gate: 0.7863
Episode 583  Reward:   0.067326  Wealth:    115504.48  Turnover: 0.5151  Gross: 1.4011  Gate: 0.8023
Episode 584  Reward:   0.003758  Wealth:    107418.62  Turnover: 0.4272  Gross: 1.3955  Gate: 0.7910
Episode 585  Reward:   0.074333  Wealth:    116005.57  Turnover: 0.4691  Gross: 1.3949  Gate: 0.7898
Episode 586  Reward:  -0.018190  Wealth:    104391.93  Turnover: 0.4097  Gross: 1.4059  Gate: 0.8118
Episode 587  Reward:   0.145209  Wealth:    127314.82  Turnover: 0.5411  Gross: 1.3927  Gate: 0.7855
Episode 588  Reward:   0.038932  Wealth:    112592.56  Turnover: 0.4602  Gross: 1.3849  Gate: 0.7698
Episode 589  Reward:   0.031082  Wealth:    110562.37  Turnover: 0.3315  Gross: 1.3988  Gate: 0.7977
Episode 590  Reward:   0.037578  Wealth:    113098.64  Turnover: 0.5160  Gross: 1.3949  Gate: 0.7899
Episode    590  AvgReward:   0.041607  Noise: 0.0461
Episode 591  Reward:   0.228783  Wealth:    145407.92  Turnover: 0.4159  Gross: 1.3901  Gate: 0.7803
Episode 592  Reward:  -0.008507  Wealth:    105745.78  Turnover: 0.4247  Gross: 1.3983  Gate: 0.7966
Episode 593  Reward:   0.141053  Wealth:    127172.79  Turnover: 0.5003  Gross: 1.3989  Gate: 0.7977
Episode 594  Reward:   0.325341  Wealth:    171352.54  Turnover: 0.6772  Gross: 1.3760  Gate: 0.7519
Episode 595  Reward:   0.287039  Wealth:    154362.81  Turnover: 0.4711  Gross: 1.3873  Gate: 0.7747
Episode 596  Reward:   0.192381  Wealth:    133404.12  Turnover: 0.2762  Gross: 1.3944  Gate: 0.7888
Episode 597  Reward:   0.098179  Wealth:    120480.02  Turnover: 0.6137  Gross: 1.3794  Gate: 0.7589
Episode 598  Reward:   0.286523  Wealth:    156674.16  Turnover: 0.6190  Gross: 1.4005  Gate: 0.8009
Episode 599  Reward:   0.136073  Wealth:    126053.66  Turnover: 0.6078  Gross: 1.3949  Gate: 0.7897
Episode 600  Reward:  -0.035036  Wealth:    104660.28  Turnover: 0.4557  Gross: 1.4005  Gate: 0.8011
Episode    600  AvgReward:   0.165183  Noise: 0.0452
Episode 601  Reward:   0.135471  Wealth:    126471.85  Turnover: 0.7463  Gross: 1.3988  Gate: 0.7976
Episode 602  Reward:   0.051180  Wealth:    113330.00  Turnover: 0.4771  Gross: 1.3980  Gate: 0.7960
Episode 603  Reward:  -0.014168  Wealth:    106911.04  Turnover: 0.4731  Gross: 1.3931  Gate: 0.7862
Episode 604  Reward:   0.197325  Wealth:    137408.86  Turnover: 0.3650  Gross: 1.4013  Gate: 0.8025
Episode 605  Reward:   0.039052  Wealth:    119497.00  Turnover: 0.3506  Gross: 1.3830  Gate: 0.7660
Episode 606  Reward:  -0.175303  Wealth:     90123.06  Turnover: 0.3747  Gross: 1.3918  Gate: 0.7837
Episode 607  Reward:  -0.042849  Wealth:    102563.08  Turnover: 0.6719  Gross: 1.3957  Gate: 0.7913
Episode 608  Reward:   0.173984  Wealth:    139848.71  Turnover: 0.3325  Gross: 1.3750  Gate: 0.7499
Episode 609  Reward:  -0.141176  Wealth:     97417.74  Turnover: 0.1864  Gross: 1.4063  Gate: 0.8126
Episode 610  Reward:   0.009523  Wealth:    115045.11  Turnover: 0.5904  Gross: 1.3859  Gate: 0.7718
Episode    610  AvgReward:   0.023304  Noise: 0.0443
Episode 611  Reward:   0.124148  Wealth:    125276.03  Turnover: 0.6099  Gross: 1.3915  Gate: 0.7831
Episode 612  Reward:   0.110404  Wealth:    121992.82  Turnover: 0.6319  Gross: 1.3970  Gate: 0.7940
Episode 613  Reward:   0.179182  Wealth:    140001.31  Turnover: 0.7309  Gross: 1.3850  Gate: 0.7701
Episode 614  Reward:   0.248307  Wealth:    146797.32  Turnover: 0.5720  Gross: 1.3952  Gate: 0.7904
Episode 615  Reward:   0.406462  Wealth:    195208.17  Turnover: 0.5800  Gross: 1.3956  Gate: 0.7912
Episode 616  Reward:  -0.260529  Wealth:     84875.47  Turnover: 0.6048  Gross: 1.3898  Gate: 0.7797
Episode 617  Reward:  -0.056869  Wealth:    100905.06  Turnover: 0.4972  Gross: 1.3956  Gate: 0.7912
Episode 618  Reward:   0.169173  Wealth:    130315.32  Turnover: 0.4422  Gross: 1.4009  Gate: 0.8018
Episode 619  Reward:   0.012741  Wealth:    109329.90  Turnover: 0.5377  Gross: 1.4019  Gate: 0.8038
Episode 620  Reward:   0.125084  Wealth:    124913.67  Turnover: 0.6030  Gross: 1.3857  Gate: 0.7713
Episode    620  AvgReward:   0.105811  Noise: 0.0434
Episode 621  Reward:   0.154999  Wealth:    127424.71  Turnover: 0.4369  Gross: 1.3958  Gate: 0.7916
Episode 622  Reward:   0.179059  Wealth:    134374.94  Turnover: 0.5612  Gross: 1.3956  Gate: 0.7912
Episode 623  Reward:   0.227457  Wealth:    141538.19  Turnover: 0.4304  Gross: 1.3899  Gate: 0.7798
Episode 624  Reward:   0.319203  Wealth:    161229.19  Turnover: 0.4229  Gross: 1.3890  Gate: 0.7780
Episode 625  Reward:  -0.207512  Wealth:     88948.87  Turnover: 0.7058  Gross: 1.3921  Gate: 0.7843
Episode 626  Reward:   0.369348  Wealth:    178973.92  Turnover: 0.4051  Gross: 1.3960  Gate: 0.7919
Episode 627  Reward:   0.085968  Wealth:    120811.00  Turnover: 0.5831  Gross: 1.3917  Gate: 0.7835
Episode 628  Reward:   0.199086  Wealth:    138977.44  Turnover: 0.5282  Gross: 1.4016  Gate: 0.8032
Episode 629  Reward:   0.022088  Wealth:    109020.37  Turnover: 0.3844  Gross: 1.3982  Gate: 0.7964
Episode 630  Reward:   0.057336  Wealth:    116032.73  Turnover: 0.3834  Gross: 1.3888  Gate: 0.7775
Episode    630  AvgReward:   0.140703  Noise: 0.0426
Episode 631  Reward:  -0.121959  Wealth:    100264.08  Turnover: 0.4036  Gross: 1.3838  Gate: 0.7676
Episode 632  Reward:   0.165256  Wealth:    133452.55  Turnover: 0.4187  Gross: 1.3944  Gate: 0.7889
Episode 633  Reward:  -0.180859  Wealth:     89336.64  Turnover: 0.4194  Gross: 1.4006  Gate: 0.8013
Episode 634  Reward:   0.171458  Wealth:    132803.79  Turnover: 0.6321  Gross: 1.3933  Gate: 0.7866
Episode 635  Reward:  -0.235140  Wealth:     88848.08  Turnover: 0.5758  Gross: 1.3877  Gate: 0.7754
Episode 636  Reward:   0.158137  Wealth:    128563.80  Turnover: 0.3100  Gross: 1.3894  Gate: 0.7789
Episode 637  Reward:   0.046923  Wealth:    116731.95  Turnover: 0.5066  Gross: 1.3724  Gate: 0.7447
Episode 638  Reward:   0.145855  Wealth:    127572.43  Turnover: 0.4905  Gross: 1.3993  Gate: 0.7987
Episode 639  Reward:   0.075591  Wealth:    116631.48  Turnover: 0.4184  Gross: 1.4013  Gate: 0.8027
Episode 640  Reward:  -0.087427  Wealth:    100422.10  Turnover: 0.4434  Gross: 1.3838  Gate: 0.7676
Episode    640  AvgReward:   0.013783  Noise: 0.0417
Episode 641  Reward:   0.119848  Wealth:    123008.53  Turnover: 0.5207  Gross: 1.3965  Gate: 0.7930
Episode 642  Reward:   0.203267  Wealth:    139433.68  Turnover: 0.4062  Gross: 1.3902  Gate: 0.7805
Episode 643  Reward:  -0.087883  Wealth:     98162.20  Turnover: 0.6306  Gross: 1.4032  Gate: 0.8065
Episode 644  Reward:   0.157769  Wealth:    130154.71  Turnover: 0.5534  Gross: 1.4003  Gate: 0.8005
Episode 645  Reward:   0.222790  Wealth:    143225.12  Turnover: 0.4703  Gross: 1.4045  Gate: 0.8090
Episode 646  Reward:   0.124448  Wealth:    124157.24  Turnover: 0.5592  Gross: 1.3951  Gate: 0.7902
Episode 647  Reward:   0.064746  Wealth:    114391.07  Turnover: 0.3854  Gross: 1.3942  Gate: 0.7884
Episode 648  Reward:   0.013584  Wealth:    111656.46  Turnover: 0.3237  Gross: 1.4019  Gate: 0.8039
Episode 649  Reward:   0.184958  Wealth:    137755.43  Turnover: 0.7236  Gross: 1.3896  Gate: 0.7793
Episode 650  Reward:  -0.007357  Wealth:    112295.68  Turnover: 0.6468  Gross: 1.3835  Gate: 0.7670
Episode    650  AvgReward:   0.099617  Noise: 0.0409
Episode 651  Reward:   0.093089  Wealth:    121218.55  Turnover: 0.5779  Gross: 1.3945  Gate: 0.7889
Episode 652  Reward:   0.167398  Wealth:    130486.74  Turnover: 0.5133  Gross: 1.4046  Gate: 0.8092
Episode 653  Reward:   0.086288  Wealth:    122259.83  Turnover: 0.4590  Gross: 1.3841  Gate: 0.7682
Episode 654  Reward:   0.235779  Wealth:    147008.59  Turnover: 0.6041  Gross: 1.3876  Gate: 0.7752
Episode 655  Reward:  -0.022111  Wealth:    106815.04  Turnover: 0.8683  Gross: 1.3905  Gate: 0.7810
Episode 656  Reward:   0.207056  Wealth:    137132.44  Turnover: 0.6272  Gross: 1.4044  Gate: 0.8089
Episode 657  Reward:   0.141968  Wealth:    132852.24  Turnover: 0.1733  Gross: 1.4003  Gate: 0.8006
Episode 658  Reward:  -0.127313  Wealth:     94310.45  Turnover: 0.5467  Gross: 1.3916  Gate: 0.7832
Episode 659  Reward:   0.131391  Wealth:    125768.89  Turnover: 0.6498  Gross: 1.3914  Gate: 0.7828
Episode 660  Reward:  -0.162515  Wealth:     91739.83  Turnover: 0.3626  Gross: 1.3955  Gate: 0.7909
Episode    660  AvgReward:   0.075103  Noise: 0.0401
Episode 661  Reward:   0.314049  Wealth:    169570.27  Turnover: 0.7861  Gross: 1.3780  Gate: 0.7561
Episode 662  Reward:   0.266542  Wealth:    152729.62  Turnover: 0.4653  Gross: 1.4050  Gate: 0.8100
Episode 663  Reward:   0.004458  Wealth:    107955.20  Turnover: 0.4921  Gross: 1.3989  Gate: 0.7977
Episode 664  Reward:   0.160412  Wealth:    129075.81  Turnover: 0.4663  Gross: 1.3986  Gate: 0.7972
Episode 665  Reward:   0.063830  Wealth:    116361.67  Turnover: 0.5109  Gross: 1.3927  Gate: 0.7853
Episode 666  Reward:   0.126286  Wealth:    124960.08  Turnover: 0.4610  Gross: 1.4031  Gate: 0.8063
Episode 667  Reward:   0.197190  Wealth:    140316.76  Turnover: 0.5468  Gross: 1.3777  Gate: 0.7553
Episode 668  Reward:  -0.031818  Wealth:    103286.86  Turnover: 0.5371  Gross: 1.3997  Gate: 0.7994
Episode 669  Reward:   0.073332  Wealth:    116304.05  Turnover: 0.5415  Gross: 1.3983  Gate: 0.7966
Episode 670  Reward:   0.287885  Wealth:    154424.69  Turnover: 0.3990  Gross: 1.3973  Gate: 0.7947
Episode    670  AvgReward:   0.146216  Noise: 0.0393
Episode 671  Reward:   0.051352  Wealth:    112862.00  Turnover: 0.3294  Gross: 1.4031  Gate: 0.8062
Episode 672  Reward:   0.143895  Wealth:    127807.42  Turnover: 0.7468  Gross: 1.3906  Gate: 0.7812
Episode 673  Reward:   0.158306  Wealth:    128825.76  Turnover: 0.4454  Gross: 1.3992  Gate: 0.7985
Episode 674  Reward:   0.293446  Wealth:    163314.59  Turnover: 0.5790  Gross: 1.3853  Gate: 0.7706
Episode 675  Reward:   0.094986  Wealth:    119052.55  Turnover: 0.3096  Gross: 1.3956  Gate: 0.7912
Episode 676  Reward:  -0.041610  Wealth:    102385.12  Turnover: 0.4332  Gross: 1.4016  Gate: 0.8032
Episode 677  Reward:   0.088601  Wealth:    118691.35  Turnover: 0.5131  Gross: 1.3855  Gate: 0.7709
Episode 678  Reward:   0.062494  Wealth:    115089.24  Turnover: 0.5960  Gross: 1.3949  Gate: 0.7899
Episode 679  Reward:  -0.052694  Wealth:    101599.70  Turnover: 0.6260  Gross: 1.3875  Gate: 0.7749
Episode 680  Reward:   0.237009  Wealth:    145847.93  Turnover: 0.4819  Gross: 1.4044  Gate: 0.8088
Episode    680  AvgReward:   0.103579  Noise: 0.0385
Episode 681  Reward:   0.319405  Wealth:    174296.22  Turnover: 0.5838  Gross: 1.3905  Gate: 0.7809
Episode 682  Reward:   0.194239  Wealth:    137778.84  Turnover: 0.4773  Gross: 1.3924  Gate: 0.7848
Episode 683  Reward:   0.301075  Wealth:    157959.30  Turnover: 0.5258  Gross: 1.3842  Gate: 0.7685
Episode 684  Reward:   0.149531  Wealth:    127360.29  Turnover: 0.3464  Gross: 1.3941  Gate: 0.7882
Episode 685  Reward:   0.063075  Wealth:    115849.92  Turnover: 0.4035  Gross: 1.3971  Gate: 0.7942
Episode 686  Reward:  -0.098913  Wealth:     97173.82  Turnover: 0.4529  Gross: 1.3966  Gate: 0.7932
Episode 687  Reward:   0.074640  Wealth:    117065.44  Turnover: 0.4533  Gross: 1.3871  Gate: 0.7741
Episode 688  Reward:  -0.063837  Wealth:    100370.71  Turnover: 0.5573  Gross: 1.3990  Gate: 0.7980
Episode 689  Reward:   0.158983  Wealth:    128405.06  Turnover: 0.4970  Gross: 1.4014  Gate: 0.8027
Episode 690  Reward:   0.071430  Wealth:    115540.63  Turnover: 0.3815  Gross: 1.4068  Gate: 0.8136
Episode    690  AvgReward:   0.116963  Noise: 0.0378
Episode 691  Reward:  -0.091453  Wealth:    102878.25  Turnover: 0.1964  Gross: 1.3949  Gate: 0.7897
Episode 692  Reward:   0.164117  Wealth:    131898.67  Turnover: 0.4968  Gross: 1.3925  Gate: 0.7850
Episode 693  Reward:  -0.075342  Wealth:    102572.57  Turnover: 0.7996  Gross: 1.3935  Gate: 0.7870
Episode 694  Reward:   0.368871  Wealth:    184055.97  Turnover: 0.5052  Gross: 1.3944  Gate: 0.7888
Episode 695  Reward:  -0.000307  Wealth:    106748.86  Turnover: 0.2914  Gross: 1.4023  Gate: 0.8047
Episode 696  Reward:   0.179640  Wealth:    135623.08  Turnover: 0.5517  Gross: 1.3893  Gate: 0.7787
Episode 697  Reward:  -0.113100  Wealth:     96457.11  Turnover: 0.5238  Gross: 1.3913  Gate: 0.7827
Episode 698  Reward:  -0.066134  Wealth:     99781.78  Turnover: 0.4527  Gross: 1.3973  Gate: 0.7945
Episode 699  Reward:   0.071188  Wealth:    117823.54  Turnover: 0.3977  Gross: 1.4016  Gate: 0.8031
Episode 700  Reward:   0.040653  Wealth:    115578.12  Turnover: 0.3096  Gross: 1.3979  Gate: 0.7958
Episode    700  AvgReward:   0.047813  Noise: 0.0370
Episode 701  Reward:   0.178735  Wealth:    132927.43  Turnover: 0.6781  Gross: 1.3931  Gate: 0.7861
Episode 702  Reward:   0.075121  Wealth:    116633.35  Turnover: 0.3536  Gross: 1.3951  Gate: 0.7902
Episode 703  Reward:   0.082691  Wealth:    119690.33  Turnover: 0.6995  Gross: 1.3943  Gate: 0.7886
Episode 704  Reward:   0.224028  Wealth:    141492.92  Turnover: 0.6101  Gross: 1.3964  Gate: 0.7927
Episode 705  Reward:   0.125351  Wealth:    124633.33  Turnover: 0.5315  Gross: 1.3959  Gate: 0.7918
Episode 706  Reward:   0.058850  Wealth:    115374.26  Turnover: 0.5466  Gross: 1.3884  Gate: 0.7769
Episode 707  Reward:   0.205488  Wealth:    136140.79  Turnover: 0.4174  Gross: 1.3927  Gate: 0.7854
Episode 708  Reward:   0.074919  Wealth:    119874.16  Turnover: 0.6471  Gross: 1.4021  Gate: 0.8042
Episode 709  Reward:   0.001482  Wealth:    107402.28  Turnover: 0.4465  Gross: 1.3992  Gate: 0.7983
Episode 710  Reward:   0.017757  Wealth:    108908.26  Turnover: 0.4909  Gross: 1.3880  Gate: 0.7761
Episode    710  AvgReward:   0.104442  Noise: 0.0363
Episode 711  Reward:   0.005606  Wealth:    110274.02  Turnover: 0.6921  Gross: 1.3895  Gate: 0.7790
Episode 712  Reward:  -0.082227  Wealth:     97988.82  Turnover: 0.5256  Gross: 1.3971  Gate: 0.7941
Episode 713  Reward:   0.012414  Wealth:    108327.78  Turnover: 0.4577  Gross: 1.3835  Gate: 0.7670
Episode 714  Reward:  -0.028871  Wealth:    105283.72  Turnover: 0.4335  Gross: 1.3954  Gate: 0.7908
Episode 715  Reward:  -0.264889  Wealth:     84033.25  Turnover: 0.7528  Gross: 1.3971  Gate: 0.7942
Episode 716  Reward:   0.118660  Wealth:    123226.93  Turnover: 0.4457  Gross: 1.3818  Gate: 0.7636
Episode 717  Reward:   0.246751  Wealth:    153751.39  Turnover: 0.5512  Gross: 1.3888  Gate: 0.7777
Episode 718  Reward:  -0.077110  Wealth:     99248.00  Turnover: 0.5725  Gross: 1.3938  Gate: 0.7877
Episode 719  Reward:   0.006768  Wealth:    108641.91  Turnover: 0.5259  Gross: 1.3919  Gate: 0.7837
Episode 720  Reward:   0.031479  Wealth:    112864.92  Turnover: 0.2782  Gross: 1.3943  Gate: 0.7885
Episode    720  AvgReward:  -0.003142  Noise: 0.0356
Episode 721  Reward:   0.170864  Wealth:    132794.13  Turnover: 0.3135  Gross: 1.3884  Gate: 0.7769
Episode 722  Reward:   0.060685  Wealth:    114585.48  Turnover: 0.6856  Gross: 1.3987  Gate: 0.7973
Episode 723  Reward:   0.136431  Wealth:    128354.13  Turnover: 0.6974  Gross: 1.3987  Gate: 0.7974
Episode 724  Reward:   0.031920  Wealth:    110522.79  Turnover: 0.5900  Gross: 1.3939  Gate: 0.7878
Episode 725  Reward:   0.115053  Wealth:    122710.79  Turnover: 0.7338  Gross: 1.3928  Gate: 0.7856
Episode 726  Reward:  -0.165457  Wealth:     93649.23  Turnover: 0.3891  Gross: 1.3981  Gate: 0.7962
Episode 727  Reward:   0.067183  Wealth:    114803.21  Turnover: 0.4832  Gross: 1.4035  Gate: 0.8069
Episode 728  Reward:   0.145273  Wealth:    126513.79  Turnover: 0.4803  Gross: 1.3946  Gate: 0.7892
Episode 729  Reward:  -0.012634  Wealth:    107823.12  Turnover: 0.4901  Gross: 1.3996  Gate: 0.7991
Episode 730  Reward:  -0.083434  Wealth:    103289.00  Turnover: 0.4742  Gross: 1.3970  Gate: 0.7941
Episode    730  AvgReward:   0.046588  Noise: 0.0349
Episode 731  Reward:   0.097075  Wealth:    122059.12  Turnover: 0.4943  Gross: 1.4036  Gate: 0.8072
Episode 732  Reward:   0.072707  Wealth:    124275.15  Turnover: 0.3640  Gross: 1.3937  Gate: 0.7875
Episode 733  Reward:   0.038846  Wealth:    114552.95  Turnover: 0.5465  Gross: 1.4109  Gate: 0.8218
Episode 734  Reward:   0.149804  Wealth:    129584.42  Turnover: 0.7893  Gross: 1.3974  Gate: 0.7948
Episode 735  Reward:   0.267368  Wealth:    153301.11  Turnover: 0.6853  Gross: 1.3858  Gate: 0.7716
Episode 736  Reward:  -0.187306  Wealth:     89309.50  Turnover: 0.6040  Gross: 1.3989  Gate: 0.7978
Episode 737  Reward:   0.083733  Wealth:    117820.94  Turnover: 0.5980  Gross: 1.3966  Gate: 0.7931
Episode 738  Reward:   0.046639  Wealth:    115084.36  Turnover: 0.6902  Gross: 1.3939  Gate: 0.7877
Episode 739  Reward:  -0.136998  Wealth:     98012.99  Turnover: 0.6297  Gross: 1.3893  Gate: 0.7786
Episode 740  Reward:   0.094452  Wealth:    119780.53  Turnover: 0.6426  Gross: 1.3991  Gate: 0.7981
Episode    740  AvgReward:   0.052632  Noise: 0.0342
Episode 741  Reward:   0.204220  Wealth:    137156.06  Turnover: 0.4830  Gross: 1.3903  Gate: 0.7806
Episode 742  Reward:  -0.119331  Wealth:     95649.54  Turnover: 0.7342  Gross: 1.4011  Gate: 0.8023
Episode 743  Reward:   0.017658  Wealth:    114636.20  Turnover: 0.7236  Gross: 1.3795  Gate: 0.7591
Episode 744  Reward:   0.118267  Wealth:    124530.59  Turnover: 0.5222  Gross: 1.3939  Gate: 0.7878
Episode 745  Reward:   0.151602  Wealth:    129201.64  Turnover: 0.5193  Gross: 1.4045  Gate: 0.8091
Episode 746  Reward:  -0.080577  Wealth:    100008.51  Turnover: 0.8381  Gross: 1.3935  Gate: 0.7869
Episode 747  Reward:   0.113109  Wealth:    122964.72  Turnover: 0.5582  Gross: 1.4004  Gate: 0.8009
Episode 748  Reward:   0.103323  Wealth:    122692.46  Turnover: 0.4802  Gross: 1.3937  Gate: 0.7875
Episode 749  Reward:   0.022551  Wealth:    111233.84  Turnover: 0.4860  Gross: 1.3879  Gate: 0.7758
Episode 750  Reward:  -0.053772  Wealth:    101839.08  Turnover: 0.8077  Gross: 1.3797  Gate: 0.7593
Episode    750  AvgReward:   0.047705  Noise: 0.0335
Episode 751  Reward:   0.224301  Wealth:    147242.98  Turnover: 0.7273  Gross: 1.3876  Gate: 0.7752
Episode 752  Reward:  -0.193599  Wealth:     93208.84  Turnover: 0.3896  Gross: 1.3950  Gate: 0.7901
Episode 753  Reward:  -0.093452  Wealth:     98772.32  Turnover: 0.5686  Gross: 1.3989  Gate: 0.7977
Episode 754  Reward:   0.087462  Wealth:    120456.52  Turnover: 0.6995  Gross: 1.3970  Gate: 0.7939
Episode 755  Reward:   0.051032  Wealth:    112905.81  Turnover: 0.3949  Gross: 1.3929  Gate: 0.7859
Episode 756  Reward:   0.190013  Wealth:    134809.55  Turnover: 0.4859  Gross: 1.3948  Gate: 0.7897
Episode 757  Reward:   0.022961  Wealth:    113023.60  Turnover: 0.4679  Gross: 1.3943  Gate: 0.7885
Episode 758  Reward:   0.081788  Wealth:    118677.81  Turnover: 0.6770  Gross: 1.3939  Gate: 0.7878
Episode 759  Reward:  -0.161674  Wealth:     94989.29  Turnover: 0.4858  Gross: 1.3973  Gate: 0.7947
Episode 760  Reward:   0.036950  Wealth:    114370.08  Turnover: 0.6643  Gross: 1.4014  Gate: 0.8027
Episode    760  AvgReward:   0.024578  Noise: 0.0328
Episode 761  Reward:   0.233166  Wealth:    143067.62  Turnover: 0.5860  Gross: 1.3769  Gate: 0.7538
Episode 762  Reward:   0.164069  Wealth:    131897.71  Turnover: 0.3302  Gross: 1.3901  Gate: 0.7802
Episode 763  Reward:  -0.003498  Wealth:    107959.05  Turnover: 0.6601  Gross: 1.4035  Gate: 0.8071
Episode 764  Reward:   0.036899  Wealth:    113009.73  Turnover: 0.7729  Gross: 1.4044  Gate: 0.8089
Episode 765  Reward:   0.116509  Wealth:    125740.70  Turnover: 0.4650  Gross: 1.4054  Gate: 0.8108
Episode 766  Reward:   0.146393  Wealth:    131045.03  Turnover: 0.6926  Gross: 1.3844  Gate: 0.7688
Episode 767  Reward:   0.179883  Wealth:    136296.79  Turnover: 0.8599  Gross: 1.3897  Gate: 0.7794
Episode 768  Reward:  -0.216118  Wealth:     90876.18  Turnover: 0.3584  Gross: 1.3936  Gate: 0.7872
Episode 769  Reward:   0.218849  Wealth:    142203.00  Turnover: 0.6277  Gross: 1.3930  Gate: 0.7860
Episode 770  Reward:   0.045137  Wealth:    112736.80  Turnover: 0.5838  Gross: 1.3989  Gate: 0.7977
Episode    770  AvgReward:   0.092129  Noise: 0.0322
Episode 771  Reward:  -0.029557  Wealth:    105911.21  Turnover: 0.5227  Gross: 1.3976  Gate: 0.7951
Episode 772  Reward:  -0.164775  Wealth:     92705.89  Turnover: 0.5268  Gross: 1.3872  Gate: 0.7744
Episode 773  Reward:   0.307720  Wealth:    161159.04  Turnover: 0.5236  Gross: 1.4017  Gate: 0.8035
Episode 774  Reward:   0.128028  Wealth:    125729.14  Turnover: 0.5283  Gross: 1.3935  Gate: 0.7871
Episode 775  Reward:   0.078363  Wealth:    116220.59  Turnover: 0.4583  Gross: 1.3976  Gate: 0.7952
Episode 776  Reward:   0.044175  Wealth:    111705.24  Turnover: 0.3743  Gross: 1.3898  Gate: 0.7796
Episode 777  Reward:   0.058929  Wealth:    113881.83  Turnover: 0.5396  Gross: 1.4053  Gate: 0.8106
Episode 778  Reward:   0.091134  Wealth:    118335.02  Turnover: 0.3792  Gross: 1.3972  Gate: 0.7943
Episode 779  Reward:   0.307177  Wealth:    159835.04  Turnover: 0.6326  Gross: 1.4007  Gate: 0.8013
Episode 780  Reward:   0.143913  Wealth:    126729.48  Turnover: 0.5015  Gross: 1.4071  Gate: 0.8142
Episode    780  AvgReward:   0.096511  Noise: 0.0315
Episode 781  Reward:   0.200967  Wealth:    137514.34  Turnover: 0.4238  Gross: 1.4008  Gate: 0.8016
Episode 782  Reward:   0.041968  Wealth:    114529.39  Turnover: 0.7221  Gross: 1.3907  Gate: 0.7814
Episode 783  Reward:   0.069049  Wealth:    116792.86  Turnover: 0.5370  Gross: 1.3963  Gate: 0.7927
Episode 784  Reward:   0.267712  Wealth:    156407.34  Turnover: 0.7723  Gross: 1.3972  Gate: 0.7944
Episode 785  Reward:   0.266597  Wealth:    151251.05  Turnover: 0.4844  Gross: 1.4030  Gate: 0.8060
Episode 786  Reward:   0.082373  Wealth:    117805.51  Turnover: 0.4123  Gross: 1.3993  Gate: 0.7985
Episode 787  Reward:   0.008441  Wealth:    108426.47  Turnover: 0.3718  Gross: 1.4036  Gate: 0.8073
Episode 788  Reward:   0.191806  Wealth:    144590.22  Turnover: 0.1968  Gross: 1.3994  Gate: 0.7987
Episode 789  Reward:   0.129288  Wealth:    125680.29  Turnover: 0.6177  Gross: 1.3994  Gate: 0.7989
Episode 790  Reward:   0.014607  Wealth:    109058.02  Turnover: 0.5567  Gross: 1.3881  Gate: 0.7762
Episode    790  AvgReward:   0.127281  Noise: 0.0309
Episode 791  Reward:   0.136035  Wealth:    127032.75  Turnover: 0.5108  Gross: 1.3905  Gate: 0.7810
Episode 792  Reward:   0.136457  Wealth:    125784.71  Turnover: 0.4933  Gross: 1.3958  Gate: 0.7915
Episode 793  Reward:   0.054690  Wealth:    120399.30  Turnover: 0.2209  Gross: 1.4010  Gate: 0.8019
Episode 794  Reward:   0.137611  Wealth:    125354.93  Turnover: 0.5434  Gross: 1.4049  Gate: 0.8099
Episode 795  Reward:  -0.056355  Wealth:    102438.79  Turnover: 0.5557  Gross: 1.3938  Gate: 0.7877
Episode 796  Reward:   0.058586  Wealth:    114686.51  Turnover: 0.4319  Gross: 1.3941  Gate: 0.7882
Episode 797  Reward:  -0.076677  Wealth:     98920.63  Turnover: 0.3592  Gross: 1.3933  Gate: 0.7866
Episode 798  Reward:   0.276409  Wealth:    157818.48  Turnover: 0.9649  Gross: 1.3911  Gate: 0.7822
Episode 799  Reward:   0.207238  Wealth:    139228.22  Turnover: 0.4493  Gross: 1.4007  Gate: 0.8013
Episode 800  Reward:   0.265064  Wealth:    149773.64  Turnover: 0.4101  Gross: 1.3971  Gate: 0.7943
Episode    800  AvgReward:   0.113906  Noise: 0.0303
Episode 801  Reward:   0.255958  Wealth:    154293.44  Turnover: 0.5784  Gross: 1.3946  Gate: 0.7893
Episode 802  Reward:   0.153121  Wealth:    128397.90  Turnover: 0.5365  Gross: 1.3939  Gate: 0.7878
Episode 803  Reward:  -0.073223  Wealth:    100670.72  Turnover: 0.6728  Gross: 1.3978  Gate: 0.7956
Episode 804  Reward:   0.109768  Wealth:    124635.14  Turnover: 0.5636  Gross: 1.3937  Gate: 0.7873
Episode 805  Reward:   0.036398  Wealth:    111689.55  Turnover: 0.4939  Gross: 1.3995  Gate: 0.7990
Episode 806  Reward:   0.000168  Wealth:    111719.29  Turnover: 0.5405  Gross: 1.4044  Gate: 0.8089
Episode 807  Reward:   0.250362  Wealth:    149954.21  Turnover: 0.7254  Gross: 1.3946  Gate: 0.7892
Episode 808  Reward:   0.235020  Wealth:    150323.70  Turnover: 0.9637  Gross: 1.3805  Gate: 0.7609
Episode 809  Reward:   0.238520  Wealth:    143896.48  Turnover: 0.5939  Gross: 1.3940  Gate: 0.7880
Episode 810  Reward:  -0.382950  Wealth:     79334.67  Turnover: 0.2802  Gross: 1.3890  Gate: 0.7779
Episode    810  AvgReward:   0.082314  Noise: 0.0297
Episode 811  Reward:   0.224200  Wealth:    146336.18  Turnover: 0.4474  Gross: 1.3913  Gate: 0.7826
Episode 812  Reward:   0.213292  Wealth:    139201.45  Turnover: 0.6285  Gross: 1.3965  Gate: 0.7931
Episode 813  Reward:   0.027840  Wealth:    110475.28  Turnover: 0.2934  Gross: 1.3981  Gate: 0.7962
Episode 814  Reward:   0.175799  Wealth:    140144.65  Turnover: 0.4072  Gross: 1.3991  Gate: 0.7981
Episode 815  Reward:   0.301341  Wealth:    158909.16  Turnover: 0.4532  Gross: 1.3997  Gate: 0.7993
Episode 816  Reward:   0.171605  Wealth:    131863.13  Turnover: 0.3753  Gross: 1.3972  Gate: 0.7944
Episode 817  Reward:   0.163151  Wealth:    130507.63  Turnover: 0.5791  Gross: 1.3939  Gate: 0.7877
Episode 818  Reward:   0.124699  Wealth:    126088.04  Turnover: 0.7348  Gross: 1.3962  Gate: 0.7925
Episode 819  Reward:   0.203786  Wealth:    139397.76  Turnover: 0.5321  Gross: 1.3961  Gate: 0.7922
Episode 820  Reward:   0.064884  Wealth:    115792.08  Turnover: 0.4823  Gross: 1.3974  Gate: 0.7948
Episode    820  AvgReward:   0.167060  Noise: 0.0291
Episode 821  Reward:   0.087989  Wealth:    125925.31  Turnover: 0.7639  Gross: 1.3970  Gate: 0.7940
Episode 822  Reward:   0.118078  Wealth:    123708.90  Turnover: 0.5766  Gross: 1.3942  Gate: 0.7883
Episode 823  Reward:   0.308728  Wealth:    161060.57  Turnover: 0.7150  Gross: 1.4005  Gate: 0.8009
Episode 824  Reward:   0.192223  Wealth:    134495.58  Turnover: 0.3686  Gross: 1.3915  Gate: 0.7829
Episode 825  Reward:   0.293021  Wealth:    157856.63  Turnover: 0.5553  Gross: 1.3944  Gate: 0.7887
Episode 826  Reward:   0.135239  Wealth:    127602.30  Turnover: 0.5912  Gross: 1.4103  Gate: 0.8207
Episode 827  Reward:   0.237982  Wealth:    150797.58  Turnover: 0.6942  Gross: 1.3835  Gate: 0.7669
Episode 828  Reward:   0.058761  Wealth:    115097.75  Turnover: 0.4777  Gross: 1.3898  Gate: 0.7796
Episode 829  Reward:   0.151735  Wealth:    132430.42  Turnover: 0.4140  Gross: 1.3991  Gate: 0.7983
Episode 830  Reward:   0.221731  Wealth:    141164.20  Turnover: 0.5178  Gross: 1.3946  Gate: 0.7892
Episode    830  AvgReward:   0.180549  Noise: 0.0285
Episode 831  Reward:   0.181696  Wealth:    133272.94  Turnover: 0.5776  Gross: 1.3998  Gate: 0.7997
Episode 832  Reward:   0.409452  Wealth:    198050.35  Turnover: 0.8145  Gross: 1.3924  Gate: 0.7847
Episode 833  Reward:   0.114395  Wealth:    122060.92  Turnover: 0.4523  Gross: 1.3851  Gate: 0.7701
Episode 834  Reward:   0.087443  Wealth:    117965.22  Turnover: 0.5115  Gross: 1.3965  Gate: 0.7929
Episode 835  Reward:   0.235366  Wealth:    142910.30  Turnover: 0.5235  Gross: 1.3962  Gate: 0.7924
Episode 836  Reward:   0.187293  Wealth:    136688.10  Turnover: 0.6301  Gross: 1.3922  Gate: 0.7844
Episode 837  Reward:  -0.065501  Wealth:    101302.70  Turnover: 0.4892  Gross: 1.3998  Gate: 0.7995
Episode 838  Reward:   0.218149  Wealth:    143889.12  Turnover: 0.8800  Gross: 1.3938  Gate: 0.7876
Episode 839  Reward:  -0.037267  Wealth:    102990.77  Turnover: 0.5078  Gross: 1.3965  Gate: 0.7930
Episode 840  Reward:   0.252518  Wealth:    147780.12  Turnover: 0.3930  Gross: 1.3935  Gate: 0.7869
Episode    840  AvgReward:   0.158354  Noise: 0.0280
Episode 841  Reward:   0.041704  Wealth:    113758.11  Turnover: 0.4864  Gross: 1.3963  Gate: 0.7927
Episode 842  Reward:   0.144230  Wealth:    128594.68  Turnover: 0.5541  Gross: 1.4032  Gate: 0.8064
Episode 843  Reward:  -0.106746  Wealth:     97200.54  Turnover: 0.5081  Gross: 1.3993  Gate: 0.7987
Episode 844  Reward:   0.222748  Wealth:    146169.96  Turnover: 0.5013  Gross: 1.3911  Gate: 0.7823
Episode 845  Reward:   0.023445  Wealth:    111303.08  Turnover: 0.5663  Gross: 1.3967  Gate: 0.7935
Episode 846  Reward:   0.190680  Wealth:    134797.56  Turnover: 0.5936  Gross: 1.3963  Gate: 0.7925
Episode 847  Reward:   0.125856  Wealth:    124253.06  Turnover: 0.7068  Gross: 1.3998  Gate: 0.7996
Episode 848  Reward:   0.012684  Wealth:    110189.15  Turnover: 0.6398  Gross: 1.3989  Gate: 0.7978
Episode 849  Reward:   0.246173  Wealth:    145379.26  Turnover: 0.3447  Gross: 1.3963  Gate: 0.7926
Episode 850  Reward:   0.061411  Wealth:    121283.50  Turnover: 0.3767  Gross: 1.3937  Gate: 0.7874
Episode    850  AvgReward:   0.096219  Noise: 0.0274
Episode 851  Reward:   0.014182  Wealth:    110125.27  Turnover: 0.2934  Gross: 1.4000  Gate: 0.8000
Episode 852  Reward:   0.309933  Wealth:    162417.09  Turnover: 0.7498  Gross: 1.3967  Gate: 0.7934
Episode 853  Reward:   0.293459  Wealth:    158680.92  Turnover: 0.4777  Gross: 1.3963  Gate: 0.7926
Episode 854  Reward:   0.160621  Wealth:    133105.07  Turnover: 0.5332  Gross: 1.3931  Gate: 0.7861
Episode 855  Reward:   0.263499  Wealth:    150661.05  Turnover: 0.7480  Gross: 1.3968  Gate: 0.7936
Episode 856  Reward:   0.193313  Wealth:    134701.98  Turnover: 0.3636  Gross: 1.4001  Gate: 0.8001
Episode 857  Reward:   0.192935  Wealth:    134004.09  Turnover: 0.3868  Gross: 1.4021  Gate: 0.8041
Episode 858  Reward:   0.045551  Wealth:    111963.06  Turnover: 0.4617  Gross: 1.4066  Gate: 0.8132
Episode 859  Reward:   0.325636  Wealth:    165442.66  Turnover: 0.5123  Gross: 1.3936  Gate: 0.7871
Episode 860  Reward:   0.223153  Wealth:    141378.66  Turnover: 0.5205  Gross: 1.4019  Gate: 0.8037
Episode    860  AvgReward:   0.202228  Noise: 0.0269
Episode 861  Reward:   0.185898  Wealth:    136245.10  Turnover: 0.5742  Gross: 1.3995  Gate: 0.7990
Episode 862  Reward:   0.060706  Wealth:    115552.51  Turnover: 0.6478  Gross: 1.3872  Gate: 0.7743
Episode 863  Reward:  -0.159384  Wealth:     92278.06  Turnover: 0.6314  Gross: 1.4071  Gate: 0.8142
Episode 864  Reward:   0.215925  Wealth:    141201.14  Turnover: 0.5814  Gross: 1.3989  Gate: 0.7978
Episode 865  Reward:  -0.242147  Wealth:     86146.17  Turnover: 0.5589  Gross: 1.4012  Gate: 0.8024
Episode 866  Reward:   0.077764  Wealth:    118738.18  Turnover: 0.5957  Gross: 1.4059  Gate: 0.8118
Episode 867  Reward:  -0.043145  Wealth:    106907.07  Turnover: 0.8464  Gross: 1.3927  Gate: 0.7853
Episode 868  Reward:   0.230826  Wealth:    141728.57  Turnover: 0.5201  Gross: 1.4007  Gate: 0.8015
Episode 869  Reward:   0.016783  Wealth:    109532.81  Turnover: 0.3993  Gross: 1.3842  Gate: 0.7683
Episode 870  Reward:   0.206798  Wealth:    136921.00  Turnover: 0.2764  Gross: 1.3875  Gate: 0.7750
Episode    870  AvgReward:   0.055003  Noise: 0.0263
Episode 871  Reward:   0.130751  Wealth:    125053.59  Turnover: 0.5577  Gross: 1.3972  Gate: 0.7944
Episode 872  Reward:   0.176582  Wealth:    133408.31  Turnover: 0.5510  Gross: 1.3916  Gate: 0.7833
Episode 873  Reward:   0.090142  Wealth:    118029.58  Turnover: 0.4633  Gross: 1.4043  Gate: 0.8086
Episode 874  Reward:   0.079810  Wealth:    121905.61  Turnover: 0.6794  Gross: 1.3787  Gate: 0.7574
Episode 875  Reward:   0.172227  Wealth:    132901.18  Turnover: 0.6915  Gross: 1.3976  Gate: 0.7952
Episode 876  Reward:  -0.175081  Wealth:     90627.78  Turnover: 0.3338  Gross: 1.3941  Gate: 0.7882
Episode 877  Reward:   0.110896  Wealth:    121497.84  Turnover: 0.4179  Gross: 1.4034  Gate: 0.8069
Episode 878  Reward:  -0.025343  Wealth:    106678.83  Turnover: 0.9000  Gross: 1.3908  Gate: 0.7815
Episode 879  Reward:   0.223907  Wealth:    141500.54  Turnover: 0.3939  Gross: 1.4011  Gate: 0.8021
Episode 880  Reward:  -0.058909  Wealth:    101584.34  Turnover: 0.5181  Gross: 1.3967  Gate: 0.7935
Episode    880  AvgReward:   0.072498  Noise: 0.0258
Episode 881  Reward:   0.198478  Wealth:    135062.13  Turnover: 0.3454  Gross: 1.3850  Gate: 0.7700
Episode 882  Reward:   0.130511  Wealth:    124714.76  Turnover: 0.5912  Gross: 1.3999  Gate: 0.7998
Episode 883  Reward:   0.059050  Wealth:    115759.43  Turnover: 0.5478  Gross: 1.3876  Gate: 0.7752
Episode 884  Reward:  -0.145657  Wealth:     93706.86  Turnover: 0.5646  Gross: 1.3786  Gate: 0.7572
Episode 885  Reward:   0.244895  Wealth:    145951.99  Turnover: 0.5862  Gross: 1.4059  Gate: 0.8119
Episode 886  Reward:   0.003491  Wealth:    108236.21  Turnover: 0.4639  Gross: 1.3927  Gate: 0.7853
Episode 887  Reward:   0.244436  Wealth:    149707.75  Turnover: 0.7516  Gross: 1.4004  Gate: 0.8008
Episode 888  Reward:   0.211008  Wealth:    139925.59  Turnover: 0.4312  Gross: 1.3959  Gate: 0.7918
Episode 889  Reward:   0.204002  Wealth:    140462.42  Turnover: 0.5757  Gross: 1.3967  Gate: 0.7935
Episode 890  Reward:  -0.008950  Wealth:    107308.40  Turnover: 0.4681  Gross: 1.3956  Gate: 0.7913
Episode    890  AvgReward:   0.114126  Noise: 0.0253
Episode 891  Reward:   0.150602  Wealth:    131339.66  Turnover: 1.0177  Gross: 1.3795  Gate: 0.7591
Episode 892  Reward:   0.162090  Wealth:    130686.53  Turnover: 0.4722  Gross: 1.3980  Gate: 0.7961
Episode 893  Reward:   0.107553  Wealth:    123954.19  Turnover: 0.6033  Gross: 1.4019  Gate: 0.8038
Episode 894  Reward:  -0.070974  Wealth:     99680.04  Turnover: 0.5031  Gross: 1.4012  Gate: 0.8024
Episode 895  Reward:   0.135790  Wealth:    126469.31  Turnover: 0.5360  Gross: 1.3982  Gate: 0.7965
Episode 896  Reward:   0.185380  Wealth:    133302.96  Turnover: 0.6266  Gross: 1.3999  Gate: 0.7998
Episode 897  Reward:   0.062676  Wealth:    114929.12  Turnover: 0.5575  Gross: 1.3950  Gate: 0.7901
Episode 898  Reward:   0.076429  Wealth:    122751.39  Turnover: 0.6403  Gross: 1.3796  Gate: 0.7592
Episode 899  Reward:   0.230198  Wealth:    144858.21  Turnover: 0.6451  Gross: 1.3986  Gate: 0.7973
Episode 900  Reward:   0.198220  Wealth:    137412.33  Turnover: 0.3369  Gross: 1.3893  Gate: 0.7786
Episode    900  AvgReward:   0.123796  Noise: 0.0248
Episode 901  Reward:   0.153896  Wealth:    132414.97  Turnover: 0.7995  Gross: 1.3898  Gate: 0.7796
Episode 902  Reward:   0.139209  Wealth:    126778.07  Turnover: 0.5006  Gross: 1.3958  Gate: 0.7917
Episode 903  Reward:   0.044161  Wealth:    115099.84  Turnover: 0.6261  Gross: 1.3974  Gate: 0.7947
Episode 904  Reward:   0.058348  Wealth:    116120.44  Turnover: 0.7602  Gross: 1.3868  Gate: 0.7736
Episode 905  Reward:   0.109011  Wealth:    124712.62  Turnover: 0.6205  Gross: 1.3985  Gate: 0.7970
Episode 906  Reward:   0.155496  Wealth:    129881.51  Turnover: 0.6004  Gross: 1.3913  Gate: 0.7827
Episode 907  Reward:  -0.026883  Wealth:    103920.21  Turnover: 0.5221  Gross: 1.4002  Gate: 0.8004
Episode 908  Reward:   0.112408  Wealth:    124354.23  Turnover: 0.7478  Gross: 1.3935  Gate: 0.7870
Episode 909  Reward:   0.220169  Wealth:    141219.70  Turnover: 0.7768  Gross: 1.4029  Gate: 0.8058
Episode 910  Reward:   0.162669  Wealth:    134653.18  Turnover: 0.3972  Gross: 1.4021  Gate: 0.8041
Episode    910  AvgReward:   0.112848  Noise: 0.0243
Episode 911  Reward:   0.120353  Wealth:    124033.71  Turnover: 0.5891  Gross: 1.3926  Gate: 0.7852
Episode 912  Reward:   0.251034  Wealth:    148533.53  Turnover: 0.5041  Gross: 1.4000  Gate: 0.7999
Episode 913  Reward:  -0.003104  Wealth:    107815.66  Turnover: 0.5598  Gross: 1.3974  Gate: 0.7947
Episode 914  Reward:   0.110412  Wealth:    120831.61  Turnover: 0.3938  Gross: 1.4027  Gate: 0.8054
Episode 915  Reward:   0.158904  Wealth:    134869.24  Turnover: 0.9335  Gross: 1.3842  Gate: 0.7684
Episode 916  Reward:   0.215616  Wealth:    139462.18  Turnover: 0.5329  Gross: 1.4046  Gate: 0.8093
Episode 917  Reward:  -0.135968  Wealth:     93979.29  Turnover: 0.3316  Gross: 1.4007  Gate: 0.8014
Episode 918  Reward:   0.071928  Wealth:    117497.63  Turnover: 0.5472  Gross: 1.3943  Gate: 0.7887
Episode 919  Reward:   0.293307  Wealth:    160222.64  Turnover: 0.4995  Gross: 1.3808  Gate: 0.7615
Episode 920  Reward:   0.179570  Wealth:    133297.96  Turnover: 0.5494  Gross: 1.4048  Gate: 0.8095
Episode    920  AvgReward:   0.126205  Noise: 0.0238
Episode 921  Reward:   0.118768  Wealth:    128076.79  Turnover: 0.4246  Gross: 1.3845  Gate: 0.7691
Episode 922  Reward:  -0.110254  Wealth:     97032.09  Turnover: 0.3383  Gross: 1.4000  Gate: 0.8000
Episode 923  Reward:   0.231195  Wealth:    146853.63  Turnover: 0.2910  Gross: 1.3846  Gate: 0.7692
Episode 924  Reward:  -0.293243  Wealth:     82609.59  Turnover: 0.4907  Gross: 1.4054  Gate: 0.8107
Episode 925  Reward:   0.294684  Wealth:    162062.56  Turnover: 0.5171  Gross: 1.3902  Gate: 0.7804
Episode 926  Reward:  -0.039299  Wealth:    105462.97  Turnover: 0.5559  Gross: 1.4020  Gate: 0.8040
Episode 927  Reward:   0.077253  Wealth:    116441.01  Turnover: 0.5496  Gross: 1.3979  Gate: 0.7957
Episode 928  Reward:   0.113364  Wealth:    122862.15  Turnover: 0.4836  Gross: 1.3996  Gate: 0.7992
Episode 929  Reward:   0.267970  Wealth:    151091.27  Turnover: 0.4959  Gross: 1.3914  Gate: 0.7828
Episode 930  Reward:   0.105372  Wealth:    121471.14  Turnover: 0.5724  Gross: 1.3985  Gate: 0.7971
Episode    930  AvgReward:   0.076581  Noise: 0.0234
Episode 931  Reward:   0.151279  Wealth:    127538.58  Turnover: 0.6162  Gross: 1.4055  Gate: 0.8110
Episode 932  Reward:   0.137758  Wealth:    125741.84  Turnover: 0.7316  Gross: 1.3938  Gate: 0.7877
Episode 933  Reward:  -0.162450  Wealth:     95337.89  Turnover: 0.6151  Gross: 1.4000  Gate: 0.7999
Episode 934  Reward:   0.259191  Wealth:    150753.29  Turnover: 0.7356  Gross: 1.3929  Gate: 0.7858
Episode 935  Reward:   0.206268  Wealth:    140967.65  Turnover: 0.6164  Gross: 1.4067  Gate: 0.8135
Episode 936  Reward:   0.087251  Wealth:    118888.13  Turnover: 0.6360  Gross: 1.4011  Gate: 0.8023
Episode 937  Reward:   0.040882  Wealth:    114315.86  Turnover: 0.4706  Gross: 1.3884  Gate: 0.7769
Episode 938  Reward:  -0.117147  Wealth:     95813.81  Turnover: 0.3777  Gross: 1.4004  Gate: 0.8008
Episode 939  Reward:   0.120722  Wealth:    123203.03  Turnover: 0.3908  Gross: 1.4016  Gate: 0.8031
Episode 940  Reward:   0.207265  Wealth:    138528.62  Turnover: 0.4499  Gross: 1.4045  Gate: 0.8091
Episode    940  AvgReward:   0.093102  Noise: 0.0229
Episode 941  Reward:   0.298938  Wealth:    157184.28  Turnover: 0.5440  Gross: 1.4043  Gate: 0.8085
Episode 942  Reward:   0.213854  Wealth:    141159.99  Turnover: 0.5574  Gross: 1.3925  Gate: 0.7850
Episode 943  Reward:   0.121119  Wealth:    125363.54  Turnover: 0.6057  Gross: 1.3945  Gate: 0.7890
Episode 944  Reward:   0.309770  Wealth:    168615.91  Turnover: 0.7551  Gross: 1.3852  Gate: 0.7703
Episode 945  Reward:   0.121886  Wealth:    123383.52  Turnover: 0.4824  Gross: 1.3981  Gate: 0.7961
Episode 946  Reward:  -0.037213  Wealth:    104497.02  Turnover: 0.6904  Gross: 1.3943  Gate: 0.7886
Episode 947  Reward:   0.050717  Wealth:    114781.87  Turnover: 0.6896  Gross: 1.3925  Gate: 0.7851
Episode 948  Reward:   0.120526  Wealth:    123727.13  Turnover: 0.4660  Gross: 1.3995  Gate: 0.7990
Episode 949  Reward:   0.120413  Wealth:    124395.56  Turnover: 0.6973  Gross: 1.3947  Gate: 0.7895
Episode 950  Reward:   0.254144  Wealth:    145552.13  Turnover: 0.3450  Gross: 1.3957  Gate: 0.7914
Episode    950  AvgReward:   0.157415  Noise: 0.0224
Episode 951  Reward:  -0.000092  Wealth:    107272.17  Turnover: 0.6761  Gross: 1.4053  Gate: 0.8107
Episode 952  Reward:   0.086557  Wealth:    118782.61  Turnover: 0.6176  Gross: 1.3999  Gate: 0.7997
Episode 953  Reward:   0.246438  Wealth:    144400.86  Turnover: 0.4534  Gross: 1.3947  Gate: 0.7893
Episode 954  Reward:   0.206357  Wealth:    139137.82  Turnover: 0.4693  Gross: 1.3894  Gate: 0.7787
Episode 955  Reward:   0.088641  Wealth:    120074.95  Turnover: 0.5668  Gross: 1.4081  Gate: 0.8163
Episode 956  Reward:   0.170075  Wealth:    131978.49  Turnover: 0.6995  Gross: 1.3985  Gate: 0.7969
Episode 957  Reward:   0.121573  Wealth:    123817.55  Turnover: 0.6829  Gross: 1.4031  Gate: 0.8062
Episode 958  Reward:   0.106773  Wealth:    123049.17  Turnover: 0.5449  Gross: 1.3935  Gate: 0.7870
Episode 959  Reward:  -0.104801  Wealth:     96394.02  Turnover: 0.5874  Gross: 1.3866  Gate: 0.7731
Episode 960  Reward:   0.268616  Wealth:    152758.69  Turnover: 0.6489  Gross: 1.4015  Gate: 0.8030
Episode    960  AvgReward:   0.119014  Noise: 0.0220
Episode 961  Reward:  -0.044931  Wealth:    106249.03  Turnover: 0.6638  Gross: 1.3880  Gate: 0.7760
Episode 962  Reward:   0.003494  Wealth:    107695.65  Turnover: 0.3223  Gross: 1.4063  Gate: 0.8126
Episode 963  Reward:  -0.221150  Wealth:     90660.35  Turnover: 0.3561  Gross: 1.3721  Gate: 0.7442
Episode 964  Reward:   0.144837  Wealth:    132612.73  Turnover: 0.8332  Gross: 1.3942  Gate: 0.7884
Episode 965  Reward:   0.040141  Wealth:    115550.53  Turnover: 0.7302  Gross: 1.4033  Gate: 0.8066
Episode 966  Reward:   0.165276  Wealth:    131746.93  Turnover: 0.7302  Gross: 1.3862  Gate: 0.7725
Episode 967  Reward:   0.240968  Wealth:    147786.03  Turnover: 0.8611  Gross: 1.3878  Gate: 0.7756
Episode 968  Reward:   0.112129  Wealth:    122654.43  Turnover: 0.5300  Gross: 1.3971  Gate: 0.7942
Episode 969  Reward:  -0.086557  Wealth:     99134.97  Turnover: 0.4930  Gross: 1.4058  Gate: 0.8116
Episode 970  Reward:   0.093470  Wealth:    119282.65  Turnover: 0.6228  Gross: 1.3994  Gate: 0.7988
Episode    970  AvgReward:   0.044768  Noise: 0.0216
Episode 971  Reward:   0.267125  Wealth:    150964.86  Turnover: 0.4887  Gross: 1.4046  Gate: 0.8093
Episode 972  Reward:   0.196054  Wealth:    135786.14  Turnover: 0.3543  Gross: 1.3983  Gate: 0.7965
Episode 973  Reward:   0.231407  Wealth:    143750.72  Turnover: 0.5651  Gross: 1.3798  Gate: 0.7597
Episode 974  Reward:   0.087956  Wealth:    117588.31  Turnover: 0.3434  Gross: 1.3923  Gate: 0.7847
Episode 975  Reward:   0.232118  Wealth:    146816.77  Turnover: 0.5527  Gross: 1.3898  Gate: 0.7796
Episode 976  Reward:   0.383965  Wealth:    193274.38  Turnover: 0.7830  Gross: 1.3863  Gate: 0.7726
Episode 977  Reward:   0.123600  Wealth:    125102.78  Turnover: 0.5638  Gross: 1.3907  Gate: 0.7814
Episode 978  Reward:   0.229776  Wealth:    141401.02  Turnover: 0.5365  Gross: 1.3978  Gate: 0.7957
Episode 979  Reward:  -0.001616  Wealth:    108398.59  Turnover: 0.7202  Gross: 1.4078  Gate: 0.8155
Episode 980  Reward:   0.224775  Wealth:    150541.42  Turnover: 0.5406  Gross: 1.3897  Gate: 0.7793
Episode    980  AvgReward:   0.197516  Noise: 0.0211
Episode 981  Reward:  -0.291393  Wealth:     82168.95  Turnover: 0.5023  Gross: 1.4023  Gate: 0.8047
Episode 982  Reward:   0.319553  Wealth:    167202.67  Turnover: 0.5403  Gross: 1.3935  Gate: 0.7870
Episode 983  Reward:   0.135419  Wealth:    125910.27  Turnover: 0.4712  Gross: 1.3913  Gate: 0.7825
Episode 984  Reward:   0.218702  Wealth:    145209.81  Turnover: 0.5286  Gross: 1.4003  Gate: 0.8005
Episode 985  Reward:   0.065997  Wealth:    116649.98  Turnover: 0.3454  Gross: 1.3921  Gate: 0.7843
Episode 986  Reward:  -0.021871  Wealth:    104898.89  Turnover: 0.5485  Gross: 1.4018  Gate: 0.8036
Episode 987  Reward:   0.115976  Wealth:    122804.05  Turnover: 0.4682  Gross: 1.3992  Gate: 0.7983
Episode 988  Reward:  -0.036911  Wealth:    104209.80  Turnover: 0.6420  Gross: 1.3990  Gate: 0.7981
Episode 989  Reward:   0.081610  Wealth:    119764.31  Turnover: 1.0227  Gross: 1.3984  Gate: 0.7967
Episode 990  Reward:   0.099687  Wealth:    120970.27  Turnover: 0.3915  Gross: 1.3977  Gate: 0.7953
Episode    990  AvgReward:   0.068677  Noise: 0.0207
Episode 991  Reward:   0.054429  Wealth:    115140.52  Turnover: 0.6804  Gross: 1.3959  Gate: 0.7917
Episode 992  Reward:   0.171302  Wealth:    131747.52  Turnover: 0.5246  Gross: 1.4021  Gate: 0.8041
Episode 993  Reward:   0.104590  Wealth:    123066.16  Turnover: 0.5743  Gross: 1.3965  Gate: 0.7930
Episode 994  Reward:   0.252392  Wealth:    159312.26  Turnover: 0.6081  Gross: 1.3894  Gate: 0.7788
Episode 995  Reward:   0.145863  Wealth:    132558.63  Turnover: 0.9436  Gross: 1.3947  Gate: 0.7894
Episode 996  Reward:   0.189479  Wealth:    137735.04  Turnover: 0.8429  Gross: 1.3942  Gate: 0.7883
Episode 997  Reward:   0.132174  Wealth:    124175.92  Turnover: 0.5286  Gross: 1.3966  Gate: 0.7932
Episode 998  Reward:   0.004354  Wealth:    107193.15  Turnover: 0.4017  Gross: 1.4025  Gate: 0.8049
Episode 999  Reward:  -0.018970  Wealth:    105658.96  Turnover: 0.3759  Gross: 1.3931  Gate: 0.7863
Episode 1000  Reward:  -0.081343  Wealth:     99576.14  Turnover: 0.5788  Gross: 1.3995  Gate: 0.7991
Episode   1000  AvgReward:   0.095427  Noise: 0.0203
TRAIN STAGE COMPLETE
PRE-TRAINING BEHAVIOUR GATE PASSED on deterministic held-in episodes: mean_leverage_gate=0.7932, fraction_at_gross_cap=0.0000, gate_gross_mae=0.0000, mean_turnover=0.5843, max_position_limit_violation=0.0000, mean_normalized_direction_entropy=0.8798, q05_normalized_direction_entropy=0.8101, mean_effective_positions=4.2928
Pre-training complete. Agent saved.

============================================================
Stage 2: Fine-tuning on Real Data

============================================================
============================================================
STAGE 2: FINE-TUNING
============================================================
============================================================
TRAIN STAGE STARTED: stage=finetune_selection, episodes=37, batch_size=64, updates_per_step=1
============================================================
Episode 1  Reward:   0.187289  Wealth:    136128.93  Turnover: 0.5660  Gross: 1.3921  Gate: 0.7843
Episode 2  Reward:  -0.050961  Wealth:    102307.71  Turnover: 0.5022  Gross: 1.3939  Gate: 0.7878
Episode 3  Reward:   0.297169  Wealth:    157828.64  Turnover: 0.7294  Gross: 1.3991  Gate: 0.7982
Episode 4  Reward:   0.130884  Wealth:    124010.77  Turnover: 0.4828  Gross: 1.3992  Gate: 0.7984
Episode 5  Reward:   0.219281  Wealth:    142148.88  Turnover: 0.6522  Gross: 1.3905  Gate: 0.7809
Episode 6  Reward:   0.241447  Wealth:    146724.07  Turnover: 0.7288  Gross: 1.3874  Gate: 0.7748
Episode 7  Reward:   0.164802  Wealth:    129015.59  Turnover: 0.4505  Gross: 1.4019  Gate: 0.8038
Episode 8  Reward:   0.234809  Wealth:    146433.92  Turnover: 0.7703  Gross: 1.3986  Gate: 0.7971
Episode 9  Reward:   0.090486  Wealth:    120062.73  Turnover: 0.6453  Gross: 1.3927  Gate: 0.7854
Episode 10  Reward:   0.229928  Wealth:    146259.46  Turnover: 0.7369  Gross: 1.3938  Gate: 0.7876
Episode 11  Reward:   0.171351  Wealth:    132796.70  Turnover: 0.6970  Gross: 1.3928  Gate: 0.7857
Episode 12  Reward:   0.173209  Wealth:    134134.18  Turnover: 0.7842  Gross: 1.3943  Gate: 0.7887
Episode 13  Reward:   0.202603  Wealth:    143145.95  Turnover: 0.7416  Gross: 1.3951  Gate: 0.7901
Episode 14  Reward:   0.169883  Wealth:    133587.28  Turnover: 0.8094  Gross: 1.3879  Gate: 0.7757
Episode 15  Reward:   0.150667  Wealth:    130855.05  Turnover: 0.7867  Gross: 1.3949  Gate: 0.7897
Episode 16  Reward:   0.147289  Wealth:    131507.38  Turnover: 0.8004  Gross: 1.3865  Gate: 0.7729
Episode 17  Reward:   0.283588  Wealth:    159481.30  Turnover: 0.8406  Gross: 1.3934  Gate: 0.7867
Episode 18  Reward:   0.052310  Wealth:    116171.83  Turnover: 0.7429  Gross: 1.3717  Gate: 0.7433
Episode 19  Reward:   0.186038  Wealth:    137449.24  Turnover: 0.8801  Gross: 1.3834  Gate: 0.7669
Episode 20  Reward:   0.235851  Wealth:    144060.76  Turnover: 0.6196  Gross: 1.4017  Gate: 0.8033
Episode 21  Reward:   0.087043  Wealth:    121673.52  Turnover: 0.8249  Gross: 1.3763  Gate: 0.7525
Episode 22  Reward:   0.179013  Wealth:    131843.65  Turnover: 0.4818  Gross: 1.4007  Gate: 0.8015
Episode 23  Reward:   0.114438  Wealth:    121749.74  Turnover: 0.3226  Gross: 1.4006  Gate: 0.8012
Episode 24  Reward:   0.235366  Wealth:    144648.09  Turnover: 0.6800  Gross: 1.4033  Gate: 0.8067
Episode 25  Reward:   0.302767  Wealth:    163867.01  Turnover: 0.8019  Gross: 1.3957  Gate: 0.7914
Episode 26  Reward:   0.060088  Wealth:    119287.65  Turnover: 0.8792  Gross: 1.3767  Gate: 0.7533
Episode 27  Reward:   0.143168  Wealth:    126595.84  Turnover: 0.3609  Gross: 1.4020  Gate: 0.8040
Episode 28  Reward:   0.137007  Wealth:    126660.27  Turnover: 0.4469  Gross: 1.4056  Gate: 0.8112
Episode 29  Reward:   0.248274  Wealth:    153913.90  Turnover: 0.7612  Gross: 1.3917  Gate: 0.7834
Episode 30  Reward:   0.307174  Wealth:    170221.83  Turnover: 0.9765  Gross: 1.4064  Gate: 0.8128
Episode 31  Reward:   0.243066  Wealth:    154967.52  Turnover: 0.8375  Gross: 1.4038  Gate: 0.8076
Episode 32  Reward:   0.331573  Wealth:    176688.69  Turnover: 0.8411  Gross: 1.4052  Gate: 0.8104
Episode 33  Reward:   0.278149  Wealth:    161666.53  Turnover: 0.8001  Gross: 1.4035  Gate: 0.8071
Episode 34  Reward:   0.185238  Wealth:    135688.02  Turnover: 0.5875  Gross: 1.4091  Gate: 0.8181
Episode 35  Reward:   0.275003  Wealth:    153671.43  Turnover: 0.5089  Gross: 1.4083  Gate: 0.8165
Episode 36  Reward:   0.165902  Wealth:    130108.70  Turnover: 0.2935  Gross: 1.4002  Gate: 0.8004
Episode 37  Reward:   0.027681  Wealth:    113919.77  Turnover: 0.6412  Gross: 1.3864  Gate: 0.7728
Episode     37  AvgReward:   0.184834  Noise: 0.0417
TRAIN STAGE COMPLETE
VALIDATION pass=1 reward=-0.036117 wealth=107177.59 turnover=0.7458 gross=1.3699
============================================================
TRAIN STAGE STARTED: stage=finetune_refit_all, episodes=61, batch_size=64, updates_per_step=1
============================================================
Episode 1  Reward:  -0.034045  Wealth:    106919.22  Turnover: 0.4283  Gross: 1.4116  Gate: 0.8231
Episode 2  Reward:   0.158088  Wealth:    127825.07  Turnover: 0.4292  Gross: 1.3904  Gate: 0.7809
Episode 3  Reward:  -0.053881  Wealth:    104377.71  Turnover: 0.4374  Gross: 1.4124  Gate: 0.8248
Episode 4  Reward:   0.181719  Wealth:    132479.69  Turnover: 0.5278  Gross: 1.4004  Gate: 0.8008
Episode 5  Reward:  -0.020609  Wealth:    104823.01  Turnover: 0.5395  Gross: 1.3711  Gate: 0.7423
Episode 6  Reward:   0.237781  Wealth:    145471.28  Turnover: 0.7766  Gross: 1.3875  Gate: 0.7750
Episode 7  Reward:   0.119836  Wealth:    121248.18  Turnover: 0.3877  Gross: 1.4015  Gate: 0.8031
Episode 8  Reward:  -0.013958  Wealth:    106549.79  Turnover: 0.6412  Gross: 1.3841  Gate: 0.7683
Episode 9  Reward:   0.180718  Wealth:    133081.03  Turnover: 0.5567  Gross: 1.4033  Gate: 0.8066
Episode 10  Reward:   0.164557  Wealth:    130673.86  Turnover: 0.6780  Gross: 1.3892  Gate: 0.7784
Episode 11  Reward:   0.140197  Wealth:    127152.54  Turnover: 0.6661  Gross: 1.3881  Gate: 0.7762
Episode 12  Reward:   0.157077  Wealth:    131514.81  Turnover: 0.7043  Gross: 1.3930  Gate: 0.7860
Episode 13  Reward:   0.085064  Wealth:    119524.90  Turnover: 0.4295  Gross: 1.4079  Gate: 0.8158
Episode 14  Reward:   0.095441  Wealth:    120599.12  Turnover: 0.6583  Gross: 1.3924  Gate: 0.7848
Episode 15  Reward:   0.060623  Wealth:    115649.32  Turnover: 0.5244  Gross: 1.3974  Gate: 0.7947
Episode 16  Reward:   0.199164  Wealth:    140088.12  Turnover: 0.7029  Gross: 1.4047  Gate: 0.8094
Episode 17  Reward:   0.193789  Wealth:    135432.80  Turnover: 0.4613  Gross: 1.4047  Gate: 0.8095
Episode 18  Reward:   0.173818  Wealth:    136443.49  Turnover: 0.7152  Gross: 1.3996  Gate: 0.7992
Episode 19  Reward:   0.100405  Wealth:    120657.39  Turnover: 0.6225  Gross: 1.3847  Gate: 0.7694
Episode 20  Reward:   0.102613  Wealth:    119913.56  Turnover: 0.5768  Gross: 1.3962  Gate: 0.7924
Episode 21  Reward:   0.212708  Wealth:    143424.98  Turnover: 0.7515  Gross: 1.3985  Gate: 0.7970
Episode 22  Reward:   0.111157  Wealth:    123418.21  Turnover: 0.6320  Gross: 1.3777  Gate: 0.7553
Episode 23  Reward:   0.199933  Wealth:    136248.80  Turnover: 0.5111  Gross: 1.4050  Gate: 0.8100
Episode 24  Reward:  -0.010080  Wealth:    106426.88  Turnover: 0.6242  Gross: 1.3914  Gate: 0.7828
Episode 25  Reward:   0.104355  Wealth:    121084.21  Turnover: 0.4301  Gross: 1.4046  Gate: 0.8091
Episode 26  Reward:   0.256770  Wealth:    156221.60  Turnover: 0.5793  Gross: 1.3924  Gate: 0.7848
Episode 27  Reward:  -0.137606  Wealth:     95360.23  Turnover: 0.6381  Gross: 1.3907  Gate: 0.7815
Episode 28  Reward:   0.329773  Wealth:    174644.21  Turnover: 0.7046  Gross: 1.4033  Gate: 0.8067
Episode 29  Reward:   0.215696  Wealth:    142196.20  Turnover: 0.6680  Gross: 1.4004  Gate: 0.8007
Episode 30  Reward:   0.253759  Wealth:    156534.19  Turnover: 0.7266  Gross: 1.3986  Gate: 0.7973
Episode 31  Reward:   0.229740  Wealth:    150844.93  Turnover: 0.7107  Gross: 1.4003  Gate: 0.8006
Episode 32  Reward:   0.123965  Wealth:    128018.54  Turnover: 0.4383  Gross: 1.3900  Gate: 0.7801
Episode 33  Reward:   0.106069  Wealth:    126775.55  Turnover: 0.5511  Gross: 1.3942  Gate: 0.7884
Episode 34  Reward:   0.081069  Wealth:    121139.76  Turnover: 0.4621  Gross: 1.3936  Gate: 0.7872
Episode 35  Reward:   0.134617  Wealth:    128354.69  Turnover: 0.7150  Gross: 1.4011  Gate: 0.8021
Episode 36  Reward:   0.206367  Wealth:    145953.30  Turnover: 0.7378  Gross: 1.4000  Gate: 0.8001
Episode 37  Reward:  -0.100259  Wealth:     99278.31  Turnover: 0.5894  Gross: 1.3990  Gate: 0.7980
Episode 38  Reward:  -0.080312  Wealth:    100255.54  Turnover: 0.6475  Gross: 1.4025  Gate: 0.8049
Episode 39  Reward:   0.111644  Wealth:    127386.08  Turnover: 0.4673  Gross: 1.3985  Gate: 0.7971
Episode 40  Reward:   0.007233  Wealth:    109997.26  Turnover: 0.5226  Gross: 1.4007  Gate: 0.8013
Episode 41  Reward:   0.029457  Wealth:    113381.29  Turnover: 0.4596  Gross: 1.3993  Gate: 0.7987
Episode 42  Reward:   0.017888  Wealth:    110190.75  Turnover: 0.5857  Gross: 1.4025  Gate: 0.8051
Episode 43  Reward:  -0.009382  Wealth:    107481.59  Turnover: 0.5823  Gross: 1.4015  Gate: 0.8029
Episode 44  Reward:   0.304880  Wealth:    167447.27  Turnover: 0.6260  Gross: 1.3956  Gate: 0.7911
Episode 45  Reward:   0.237648  Wealth:    145863.99  Turnover: 0.6860  Gross: 1.3963  Gate: 0.7925
Episode 46  Reward:   0.105569  Wealth:    121048.24  Turnover: 0.3073  Gross: 1.3892  Gate: 0.7784
Episode 47  Reward:   0.058350  Wealth:    114973.94  Turnover: 0.5087  Gross: 1.3993  Gate: 0.7986
Episode 48  Reward:   0.250934  Wealth:    152494.39  Turnover: 0.5967  Gross: 1.3967  Gate: 0.7934
Episode 49  Reward:   0.063329  Wealth:    114789.85  Turnover: 0.5740  Gross: 1.4011  Gate: 0.8021
Episode 50  Reward:   0.129246  Wealth:    123761.12  Turnover: 0.5913  Gross: 1.4039  Gate: 0.8078
Episode 51  Reward:   0.072818  Wealth:    116865.31  Turnover: 0.4821  Gross: 1.4007  Gate: 0.8014
Episode 52  Reward:   0.309082  Wealth:    166230.84  Turnover: 0.8655  Gross: 1.3966  Gate: 0.7932
Episode 53  Reward:   0.137368  Wealth:    125875.53  Turnover: 0.4595  Gross: 1.4001  Gate: 0.8003
Episode 54  Reward:   0.278874  Wealth:    158894.19  Turnover: 0.9411  Gross: 1.3945  Gate: 0.7890
Episode 55  Reward:   0.100693  Wealth:    119929.51  Turnover: 0.5341  Gross: 1.4034  Gate: 0.8067
Episode 56  Reward:   0.298862  Wealth:    163887.21  Turnover: 0.6734  Gross: 1.3965  Gate: 0.7930
Episode 57  Reward:   0.184484  Wealth:    134813.50  Turnover: 0.4649  Gross: 1.4000  Gate: 0.8000
Episode 58  Reward:   0.195876  Wealth:    135232.79  Turnover: 0.4824  Gross: 1.3933  Gate: 0.7866
Episode 59  Reward:   0.168047  Wealth:    130356.36  Turnover: 0.4453  Gross: 1.3954  Gate: 0.7908
Episode 60  Reward:   0.075150  Wealth:    116216.23  Turnover: 0.5685  Gross: 1.4002  Gate: 0.8005
Episode 61  Reward:   0.231876  Wealth:    144759.91  Turnover: 0.5628  Gross: 1.3986  Gate: 0.7973
Episode     61  AvgReward:   0.128296  Noise: 0.0370
TRAIN STAGE COMPLETE
Fine-tuning complete. Selected 1 pass(es); final agent saved.

============================================================
TRAINING COMPLETE

============================================================
Error in py_run_string_impl(code, local, convert) : 
  ModuleNotFoundError: No module named 'pandas'
Run `reticulate::py_last_error()` for details.
Calls: py_run_string -> py_run_string_impl
Execution halted

No-holdout gate passed for 0/5 seeds.
Error: Worker shard failed closed: 0/5 assigned seeds passed training, sanity, and behavior gates.
Execution halted
